﻿title,link,content,date
"[쌍용차, 2개월 연속 8천대 판매…4월 전년比 85.8% ↑]",https://n.news.naver.com/mnews/article/003/0011162579?sid=101,"[





[서울=뉴시스] 정윤아 기자 = 쌍용자동차는 지난 4월 8140대의 완성차를 판매했다고 3일 밝혔다. 전년 동기 대비 85.8% 증가한 수치다. 쌍용차는 지난달 내수시장에 4839대, 수출은 3301대를 판매했다. 반도체 등 부품 수급 제약에도 불구하고 전반적인 판매회복세 영향으로 생산차질이 발생했던 전년 동월 대비 80% 이상 큰 폭으로 증가했다. 지난 3월에 이어 2개월 연속 8000대 판매를 넘어섰다.내수판매는 전년 동월 대비 62.7% 증가한 뉴 렉스턴 스포츠&amp;칸에 힘입어 전년 동월 대비 45.8% 성장했다. 누계로도 전년 대비 20% 이상 상승세다.  회복세를 보이는 수출 역시 뉴 렉스턴 스포츠&amp;칸 등 상품성 개선 모델의 호조세로 지난달에 이어 2개월 연속 3000대 이상 판매됐다. 전년 동월 대비 3배 이상 증가했다.쌍용차 관계자는 ""반도체 등 부품 수급 제약에도 불구하고 공급지연을 최소화하면서 내수와 수출 모두 전년 동월 대비 증가했다""며 ""특히 수출이 빠르게 회복세를 보이고 있는 만큼 반도체 등 공급에 만전을 기해 적체물량 해소에 전력을 다하겠다""고 말했다．

]","[2022.05.03. 오후 3:50, 2022.05.03. 오후 4:03]"
[바람 잘 날 없는 쌍용차[할 말 있습니다](9)],https://n.news.naver.com/mnews/article/033/0000044021?sid=101,"[

			[주간경향] 쌍용자동차 매각이 쳇바퀴를 돌고 있다. 자신만만하던 에디슨 모터스는 인수 자금도 마련하지 못하고 꼬리를 내렸다. 에디슨 모터스는 국내 전기버스 생산업체로서 명성을 쌓아왔다. 매출 규모는 쌍용차와 비교할 때 매우 작아 인수 후보자로 선정되고 나서부터 “새우가 고래를 삼키려 한다”는 평가를 받아왔다. 쌍용차는 한때 친환경차의 대명사였던 클린 디젤차와 세계적으로 수요가 증가하고 있는 스포츠유틸리티차량(SUV) 및 고급차의 명가로 이름을 날렸다. 외환위기로 인해 외국 자본에 매각되면서 핵심역량을 상실해왔다.



연합뉴스일반적으로 완성차업체가 매물로 나오면 동종 산업이나 이종 산업 내 기업들과 재무적 투자자가 인수자로 나선다. 자동차산업은 자금력과 역량이 우월한 기업들이 부실 업체를 인수해왔다. 쌍용차는 1차 매각부터 단추를 잘못 끼웠다. 우리에게는 생소한 중국 상하이 자동차에 쌍용차를 매각했기 때문이다. 경쟁력이 상대적으로 낮은 상하이차가 쌍용차를 인수하자 일각에서는 상하이차가 염불에는 관심이 없고 잿밥만 챙길 거라고 우려했다. 상하이차가 쌍용차의 정상화보다는 기술만 빼가고 헌신짝처럼 버릴 거라는 평가였다. 물론 인수자 처지에서는 터무니없는 주장이라고 볼 수 있다. 인수기업이 피인수 기업의 기술 등 지식재산권을 확보하는 게 당연하다고 생각하기 때문이다. 예상대로 금융위기가 발생하자 주판알을 튕기던 상하이차는 야반도주했다.첫 단추부터 잘못 끼웠다쌍용차는 절체절명의 위기 속에 두 번째 인수합병(M&amp;A) 시장의 매물로 나왔다. 이번에는 일반인들에게 더 생소한 인도 마힌드라가 쌍용차를 인수했다. 오래가지는 못했다. 자동차산업의 성장세가 꺾이고 코로나19가 발생하자 마힌드라는 쌍용차를 버렸다. 결국 쌍용차는 낙동강 오리알 신세가 됐고 3차 매각의 길로 접어들었다. 이번 매각 과정에서 쓸 만한 외국계 자본이나 기업은 찾아보기 어렵고 중소 자동차 기업이나 자동차 부품 기업을 보유한 기업과 재무적 투자자들이 인수 경쟁에 나섰다.국내 자본이 쌍용차 인수전에 뛰어든 건 바람직하다. 외국 자본이 또다시 쌍용차를 인수하면 또 다른 위험에 노출될 수도 있어서다. 쌍용차의 조기 매각이 필요한 이유는 시간을 끌수록 부실화가 심화될 수 있기 때문이다. 현장에서의 불안감도 고조돼 품질 경쟁력 저하와 예기치 못했던 사태가 발생할 수 있다. 이러한 상황에서 에디슨 모터스가 인수과정에서 제시한 내용을 살펴보면 쌍용차의 정상화와 미래차로의 전환을 통한 지속가능성과는 거리가 멀었다. 도전적인 목표의 제시는 필요하지만, 실현가능성이 떨어지는 전략은 무의미하다. 또한 에디슨 모터스의 쌍용차 인수 시도가 투기를 조장했다는 점은 비난받아 마땅한 대목이다. 물론 조사가 이뤄져야 확실한 내용을 파악할 수 있겠지만 쌍용차가 주식시장의 꽃놀이 패로 등장한 건 사실이다. 따라서 쌍용차의 운명을 결정할 수 있는 인수 대상자 선정과정에서 ‘아니면 말고’ 식의 제안서를 제출한 기업은 철저히 배제해야 한다.이번엔 부활할 수 있을까?이미 쌍용차는 사형선고를 받은 것이나 다름없다. 청산 가치가 존속 가치보다 크다는 평가가 나왔기 때문이다. 그렇다고 쌍용차를 청산하기는 어렵다. 도미노 효과가 나타나 국내 자동차산업의 독점구조가 심화될 수 있어서다. 또 대량 실업이 발생하고 지역경제가 나락으로 떨어질 수 있기 때문이다. 완성차 공장 폐쇄가 지역 경제에 미치는 영향은 한국지엠 군산공장의 폐쇄 사례에서 잘 나타난 바 있다.산업은행은 쌍용차의 매각 기준을 여러차례 밝힌 바 있다. 기업 매각은 인수자가 기존 사업과의 보완성을 고려해 상승효과를 추구하거나 새로운 사업으로의 전환과 다각화를 목표로 추진할 때 성과를 창출할 수 있다. 르노가 닛산을, 푸조시트로엥이 피아트크라이슬러를, 지리가 볼보를, 마힌드라가 레인지 로버와 재규어를 인수해 성과를 거두고 있다. 따라서 기본적으로 자금력이 풍부하며 비전과 전략이 투명하고 확실한 기업에 쌍용차를 매각해야 한다. 대마불사라는 얕은 생각에서 쌍용차 인수를 통해 부실화를 해결하거나 정부의 지원을 끌어내려는 기업도 배제해야 한다. 완성차업체 대다수가 이미 양적 성장은 지양하고 질적 성장에 나서고 있다.주지하다시피 자동차산업은 지금 승패의 갈림길이 아니라 생사의 갈림길에 서 있다. 의욕만 가지고 쌍용차를 인수하기는 어렵다. 에디슨에 이어 특장차업체를 보유하고 있는 기업과 다수의 인수를 통해 부실기업 정상화의 노하우를 보유하고 있다고 주장하는 기업이 이번 쌍용차 인수전에 참여했다. 쌍용차는 상용차를 생산해본 경험이 없다. 완성차업체는 여타 제조 기업과 결도 다르다. 지난 두차례 매각 당시와는 자동차산업 환경이 너무 많이 변한 점도 고려해야 한다. 전동화와 디지털화가 본격화했고 커넥티드 카(IT 기술과 자동차를 연결해 양방향 소통이 가능한 차량)와 SDV(Software Defined Vehicle·소프트웨어로 가치가 정의되는 자동차) 시대를 열기 위한 준비가 한창이다. 기술력과 전문인력이 무엇보다 필요하다. 지난 20여년간 쌍용차가 표류하는 과정에서 기술력을 상실하고 혁신역량이 약화됐으며, 전문인력도 많이 이탈했다. 판매와 생산 물량 확대만으로는 쌍용차의 장기 성장을 담보하기는 어렵다. 완성차업체 인수와 관련한 미래 비전과 전략을 평가할 때는 새로운 잣대가 필요하다. 현재 쌍용차 인수전에 뛰어든 업체들이 인수에 필요한 자금을 확보했더라도 패러다임 전환에 직면해 있는 자동차 사업을 운영할 수 있을지는 미지수다.쌍용차 매각 기일이 6개월 남았다. 짧은 시간이지만 쌍용차의 회생 가능성에 대한 새 분석이 필요하다. 그간 정부는 자동차산업에서 문제가 발생하면 기술, 산업, 법률, 재무회계, 정책 전문가들로 TF를 구성해 해결해왔다. 또 평택시는 부인했지만, 쌍용차를 다른 지역으로 이전하고 기존 부지를 재개발하는 계획에 대한 명확한 입장표명이 필요하다. 아직도 쌍용차 정상화보다는 부동산 개발을 통한 수익 창출을 노리고 무리하게 인수 의지를 보이는 기업도 있기 때문이다. 완성차공장 부지에 대한 환경영향평가가 이뤄지면 많은 문제가 드러날 수 있음을 간과해서는 안 된다. 이는 해외 사례에서도 나타난 바 있다. ‘삼세번에 득한다’는 옛말대로 쌍용차는 세 번째인 이번 매각을 성공적으로 추진해 국내 자동차산업의 지속가능 성장 기반을 강화하는 데 기여해야 한다. 쌍용차 매각과 관련해 다양한 훈수는 좋지만 무심코 던진 돌에 개구리가 맞아 죽을 수도 있다. 조심스러운 언사가 필요한 때다. 해는 저물고 갈 길이 먼 쌍용차에 하나의 등불이 되지는 못할망정 단순 무지한 의견은 쌍용차뿐 아니라 자동차산업 전체에 실이 될 수 있다. 쌍용차의 부활을 다시 한 번 기대한다.

]",[2022.05.04. 오전 9:39]
"[쌍용차, 가정의 달 맞아 경품 행사 진행]",https://n.news.naver.com/mnews/article/092/0002255717?sid=103,"[

추첨 통해 바디프렌드 안마의자, 백화점 상품권 등 제공쌍용자동차는 가정의 달을 맞아 경품 행사와 코로나19로 중단했던 쌍용패밀리데이를 진행한다고 3일 밝혔다.경품 행사는 전국 쌍용차 전시장 내방객을 대상으로 실시한다. 응모권을 작성하면 추첨을 통해 ▲바디프렌드안마의자(1명) ▲제스파바디볼트마사지건(2명) ▲신세계백화점상품권(5만원, 10명) ▲스타벅스커피교환권(100명) 등을 제공한다. 당첨자 발표일은 다음달 15일이다.



쌍용차 렉스턴 스포츠정부의 코로나19 완화 조치로 재개되는 쌍용패밀리데이는 5일 충북 제천에 위치한 쌍용어드벤처오토캠핑빌리지에서 열린다. 어린이날에 열리는 만큼 온 가족이 참여할 수 있는 다양한 참여형 프로그램을 진행한다.경품 행사와 쌍용패밀리데이에 대한 보다 자세한 정보는 가까운 쌍용차 전시장이나 홈페이지를 통해 확인할 수 있다.

]",[2022.05.03. 오후 12:11]
"[쌍용차, 5월 '땡큐 프로그램'으로 차종별 구매 혜택 제공]",https://n.news.naver.com/mnews/article/009/0004957996?sid=103,"[





쌍용차, 5월 `땡큐 프로그램`으로 차종별 구매 혜택 제공 [사진제공=쌍용차] 쌍용자동차가 가정의 달 5월을 맞아 개별소비세 지원, 36개월 무이자할부 등 차종별 구매혜택을 제공한다고 2일 밝혔다.쌍용차는 이달 교육계 종사자, 국가 유공자, 경찰, 군인, 공무원, 의료계 종사자와 그의 직계가족을 대상으로 ‘땡큐(Thank U) 프로그램’을 진행한다. 티볼리&amp;에어, 코란도, 스포츠&amp;칸, 올 뉴 렉스턴 등을 구입하면 추가 할인 혜택을 제공한다.코란도 및 티볼리, 티볼리 에어는 개별소비세 지원(50만원) 또는 최첨단 안전주행 보조시스템(ADAS) 딥 컨트롤 패키지 중 선택할 수 있다. 선수금 없는 스페셜 할부(4.9%/~72개월)로 구매 시 개별소비세 80만원을 지원받는다.선수금에 따라 최대 36개월 무이자 할부는 물론 선수금 30% 납입 시 0.9%(36개월)의 제로(Zero) 할부, 선수금 없이 2.9%(60개월), 선수금 10% 납입 시 2.9%(60개월) 장기저리 할부 등 다양할 할부 프로그램도 마련됐다.뉴 렉스턴 스포츠&amp;칸도 36개월 무이자 할부를 신규 운영하고 선수금 없이 4.9% 72개월+50만원을 지원한다. 월 할부 부담을 대폭 줄여주는 초장기 할부(4.9% 84개월/6.5% 120개월)를 새롭게 운영하며, 선수금 10% 3.5%(60개월) 및 선수금 없는 3.9%(60개월)의 장기 저리할부도 운영한다.이 밖에도 액티언 스포츠 및 코란도 스포츠 등 스포츠 브랜드 보유 고객이 뉴 렉스턴 스포츠&amp;칸을 구입하면 20만원을 추가 지원하며, 소상공인 및 자영업자는 10년간 자동차세(28만5000원) 등을 제공한다.쌍용차는 15년 경과 차량 보유고객 또는 조기 폐차 대상 차량을 보유할 경우 올 뉴 렉스턴은 90만원을 지원하며 7년 이상 노후차량 보유 고객이 올 뉴 렉스턴 구매 시 30만원을, 코란도 및 티볼리&amp;에어, 스포츠&amp;칸은 20만원 지원해주는 노후차 교체지원 프로그램도 지속 운영한다.

]",[2022.05.02. 오전 11:11]
[판 커진 쌍용차 인수전 승자는?… 인수가 띄우기 히든카드는 SUV 'J100'],https://n.news.naver.com/mnews/article/417/0000809005?sid=103,"[





4파전으로 좁혀진 쌍용차 인수전의 승자가 누가될지 주목된다. 사진은 쌍용차 평택공장의 코란도·티볼리 차체 조립라인 모습. /사진=쌍용차 다시 시작된 쌍용자동차 인수전의 판이 또 커졌다. 당초 쌍방울그룹과 KG그룹이 나서 양자대결 구도로 진행되는가 싶더니 빌리온프라이벳에쿼티(PE)에 이어 지난해 쌍용차 인수전에 나섰다가 실패한 이엘비앤티가 다시 인수전에 뛰어들었다. 4파전으로 치열해진 쌍용차 인수전의 남은 흥행 카드는 쌍용차 스스로 경쟁력 있는 신차를 선보여 몸값을 띄우는 데 있다. 그 중심에는 하반기 출시될 중형 SUV J100이 있다.━4파전으로 확대된 쌍용차 인수전━2일 업계에 따르면 이엘비앤티는 최근 쌍용차 매각주관사인 EY한영회계법인에 인수의향서를 제출했다.이엘비앤티는 지난해 파빌리온PE와 컨소시엄을 꾸려 쌍용차 인수전에 참여했지만 에디슨모터스 컨소시엄에 밀리며 뜻을 이루지 못했다.이엘비엔티의 재도전으로 일찍이 쌍용차 인수 의사를 밝힌 KG그룹과 쌍방울 그리고 국내 사모펀드 파빌리온PE 등 4파전으로 진행된다.법원은 쌍용차의 '인가 전 M&amp;A 재추진 신청 등'을 지난달 14일 허가했다. 이로써 쌍용차 재매각은 '스토킹호스' 방식으로 진행된다.스토킹호스는 공개 입찰을 전제로 조건부 인수 계약을 맺는 계약 방식이다. 이 방식에선 인수의향자를 확보한 상태에서 더 나은 조건을 제시한 응찰자가 있으면 기존 계약 해지가 가능하다.스토킹호스 방식에서는 최대한 많은 자금력을 확보한 회사가 유리하다는 시각이다. 쌍용차 상거래 채권단이 5480억원에 달하는 회생채권에 대해 40~50% 수준의 변제율을 요구하고 있는 상황을 감안하면 인수자금으로는 5000억원대 이상이 필요할 전망이다.인수자금 외에 산업은행 채권 등 우선 변제 의무가 있는 3000억원과 신차 개발 비용 등을 고려하면 쌍용차 인수에는 1조원이 훌쩍 넘는 자금력이 필요해 보인다. 인수후보군 4곳은 모두 컨소시엄을 구성해 쌍용차 인수전에 뛰어든 만큼 자금 동원은 자신하는 분위기다. 인수의향서를 제출한 4곳은 5월4일까지 쌍용차를 대상으로 예비실사를 진행한 뒤 최종 입찰 여부를 결정한다. 쌍용차는 5월 중순 조건부 인수제안서를 접수한 뒤 심사를 거쳐 조건부 인수 예정자를 선정할 예정이며 매각 공고는 5월 하순 이뤄질 것으로 전망된다.



다시 판이 커진 쌍용차 인수전에서 히든카드는 J100의 성공적 출시가 될 전망이다. 사진은 지난 4월 열린 쌍용차 대리점협의회의 J100 결의대회 모습. /사진=쌍용차 ━SUV J100에 달린 쌍용차 몸값━다시 매각 작업에 속도가 붙으면서 남은 건 쌍용차가 과연 얼마의 몸값을 가진 업체인지에 대한 평가가 될 것으로 보인다. 그동안 업계 안팎에서는 쌍용차의 몸값을 1조원대로 추산했지만 기업가치가 많이 떨어진 만큼 너무 과하다는 지적도 나온다. 결국 쌍용차는 떨어진 기업가치를 끌어올리기 위해 신차 생산에 매진해야 할 것으로 보인다. 그 중심에는 하반기 선보일 중형 SUV J100(프로젝트명)이 자리한다. 실사단도 쌍용차 곳곳을 살피며 J100에 대한 정보를 파악해 최종 입찰에 반영할 것으로 관측된다. J100의 가치를 어느 정도로 보는지가 입찰가격 산정에 큰 영향을 끼칠 것으로 보인다.쌍용차는 J100이 침체에 빠진 쌍용차의 구원투수가 돼 기업가치를 끌어올릴 것으로 자신한다.쌍용차 관계자는 ""하반기에 출시될 중형 SUV J100를 비롯해 올 초 시장의 반응이 좋았던 첫 전기차 코란도 이모션까지 쌍끌이로 시장 공략에 나설 계획""이라고 말했다. 이어 ""여러 항목에 대한 막바지 테스트를 진행 중인데 일반 고객들에게도 충분히 통할 수 있겠다는 것이 내부 의견""이라고 강조했다.

]","[2022.05.02. 오전 6:20, 2022.05.02. 오전 6:22]"
"[쌍용차 인수전, '상장폐지 여부' 변수로 작용하나]",https://n.news.naver.com/mnews/article/003/0011157977?sid=101,"[

기사내용 요약""상장폐지, 시한부 생명을 더 악화시키는 요소가 될 것""



[서울=뉴시스] 정윤아 기자 = 쌍용자동차 인수전에 상장폐지 여부가 변수로 작용할지가 주목된다. 쌍용차 상장폐지 여부는 5월 중순께 결정될 것으로 보인다. 2일 업계에 따르면 쌍용차는 지난 2020년 사업연도 재무제표에 대해 '감사인의 감사의견 거절'을 받으면서 상장폐지 사유가 발생했다. 하지만 2021년 4월25일부터 올해 4월14일까지 개선기간을 부여받았다. 그러나 개선기간 내에 투자자 유치와 함께 재무구조 개선 등을 통한 상장폐지 해당 사유를 해소하지 못해 2021년 사업연도 역시 감사의견 거절을 받았다. 이어 존속능력 불확실성을 이유로 2021년 사업연도 역시 감사의견 거절을 받았다. 쌍용차 노조는 지난달 21일 서울 여의도 한국거래소 앞에서 기자회견을 연 뒤 상장폐지 사유 해소를 위한 개선기간 연장을 촉구하고 나섰다.노조는 ""쌍용차의 상장폐지가 결정되면 재매각 진행에 막대한 지장을 초래할 것""이라며 ""이는 쌍용차 5만 소액주주, 협력업체 포함 20만 노동자들의 생존과 직결된다""고 호소했다. 그러면서 ""상장폐지가 결정되고 매각이 무산된다면 최악의 경우 청산절차를 밟을 수 있다""고 주장했다.물론 쌍용차가 상장폐지 되더라도 매각 절차가 중단되진 않는다. 하지만 상장폐지가 된다면 쌍용차를 인수하려는 기업들의 고민도 깊어질 수 밖에 없다.당장 인수전에 참여한 기업들도 재정이 넉넉하지 않기 때문에 인수 뒤 비상장사로 자금 조달과 지분 유동성 측면에서 타격을 받을 수 있기 때문이다. 김필수 대림대 자동차학과 교수는 이날 뉴시스와 통화에서 ""쌍용차 상장폐지는 6개월 밖에 남지 않은 시한부 생명을 더 악화시키는 요소가 될 것""이라며 ""상장폐지라는건 주식거래도 그렇고 이미 법정관리 상황에서 위기가 더 몰입된다는 측면에서 아주 안 좋은 사안""이라고 설명했다. 현재 쌍용차 상거래 채권단이 5480억원에 달하는 회생채권에 대해 40∼50% 수준의 변제율을 요구하고 있는 점을 감안할 때 인수자금은 5000억원대 이상이 필요하다는 게 업계의 관측이다.여기에 산업은행 채권 등 우선 변제 의무가 있는 3000억원과 신차 개발 비용 등을 고려하면 쌍용차 인수에는 1조원이 넘는 자금이 필요할 것이라는 전망이 나온다. 이런 상황에서 상장폐지라는 악재를 맞게 된다면 인수전에 뛰어든 기업들에 쌍용차의 가치를 떨어뜨릴 수 있다. 한편 한국거래소는 이달 17일까지 유가증권시장 상장공시위원회를 열고 두 사안을 모두 심의해 상장폐지 여부를 결정할 예정이다. 심의 요청서를 접수한 날부터 15일 이내까지 유가증권시장 상장공시위원회를 개최해 상장 유지나 1년 이내의 개선기간 부여 여부를 결정해야하기 때문이다. 업계에선 거래소가 쌍용차에 개선기간을 부여할 것이란 전망이 나온다.쌍용차의 회생계획안 인가 시한은 오는 10월15일로 지금부터 약 6개월이 남은 상황이다. 또 매각자로 여러 회사가 나서면서 개선 기간을 부여해야한다는 의견이 많은 것으로 전해졌다．

]","[2022.05.02. 오전 10:34, 2022.05.02. 오후 12:17]"
[반도체난에 완성차업계 4월 판매 4.9%↓…르노·쌍용차는 선전],https://n.news.naver.com/mnews/article/001/0013155580?sid=101,"[

현대차·기아 판매감소로 실적 주춤…르노코리아차, 수출 364%↑쌍용차, 뉴 렉스턴 스포츠&amp;칸 활약에 호실적(서울=연합뉴스) 김보경 권희원 기자 = 차량용 반도체 수급난에 따른 생산 차질이 지속되면서 국내 완성차업계가 지난달 마이너스 판매 성적표를 받아들었다.



자동차·반도체(CG)[연합뉴스TV 제공]3일 국내 완성차 5개사가 발표한 올해 4월 실적을 취합한 결과 국내외를 합한 글로벌 판매는 62만7천491대로 지난해 같은 기간(66만99대)보다 4.9% 감소했다.    르노코리아차와 쌍용차가 작년 같은 기간보다 선전했지만, 국내 완성차업체 판매량의 대부분을 차지하는 현대차와 기아가 주춤하면서 전체 판매량이 줄었다.    지난해부터 이어진 반도체 수급난이 해소되지 않은데다 러시아의 우크라이나 침공 사태 등의 여파로 국내 1∼2위 업체인 현대차와 기아의 생산 차질이 빚어진 것이 주된 원인으로 보인다.    국내 판매량은 11만9천628대로 작년 같은 기간(13만5천601대)보다 11.8% 줄었다. 내수 실적에서는 쌍용차가 유일하게 플러스 성적표를 받았다.    해외 판매(반조립 제품 포함)는 지난해 동월(52만4천498대)보다 3.2% 감소한 50만7천863대로 집계됐다. 르노코리아차는 선적 지연 물량까지 더해지면서 지난달에 363.9%라는 폭발적 수출 증가율을 보였다. 쌍용차도 210.5%나 늘었다.



현대차 로고 [연합뉴스 자료사진]업체별 실적을 살펴보면 현대차는 지난달 국내 5만9천415대, 해외 24만9천373대 등 총 30만8천788대를 판매했다.     이는 작년 같은 기간보다 11.6% 줄어든 수치로 국내는 15.4%, 해외는 10.6% 각각 감소했다.    포터가 8천423대로 현대차 중 가장 많은 국내 판매량을 기록한 가운데 아반떼(6천382대), 그랜저(5천192대), 팰리세이드(4천461대). 투싼(4천175대) 등이 뒤를 이었다.    고급 브랜드 제네시스의 경우 G80 4천23대, GV80 1천753대, GV70 2천100대, GV60 796대 등 총 1만1천290대가 팔렸다.



현대차·기아 [연합뉴스TV 제공]기아는 지난달 작년 같은 달 대비 5.8% 감소한 23만8천538대를 판매했다. 국내에서는 2.0% 줄어든 5만95대, 해외에서는 6.8% 감소한 18만8천443대가 팔렸다.    다만 기아는 12개월 만에 월간 내수 판매량 5만대를 돌파했다.     기아가 국내시장에서 월간 5만대 이상을 판매한 것은 2010년 이후 14차례뿐이다.     차종별 실적을 보면 봉고Ⅲ가 6천402대로 기아의 모든 모델을 통틀어 국내에서 가장 많이 팔렸다. '레저용 차량(RV)의 명가'답게 쏘렌토(5천551대), 카니발(5천121대), 스포티지(4천556대)가 그 뒤를 이었다.



르노코리아자동차 로고[르노코리아자동차 제공]르노코리아자동차는 XM3의 선전에 힘입어 지난달에 작년 동월보다 117.4% 증가한 2만318대를 국내외에서 팔았다.    내수 판매는 차량용 반도체 등 부품 공급 지연으로 57.4% 감소한 2천328대를 기록했다.    하지만 유럽 등에서 XM3(수출명 르노 뉴 아르카나) 인기가 지속되면서 수출은 363.9% 늘어난 1만7천990대의 실적을 올렸다.    르노코리아자동차는 부품 수급 차질에 따른 생산 지연으로 전 모델에 걸쳐 공급이 충분치 않아 내수 판매가 감소했지만, 수출은 전달의 선적 지연 물량까지 더해지며 크게 늘었다고 설명했다.    특히 XM3는 1만6천267대로 월간 최대 수출 물량을 기록했는데 하이브리드 엔진 모델이 전체 수출량의 73%를 차지했다.



쉐보레 트레일블레이저, 미 에드먼즈 선정 소형SUV 1위[한국GM 제공. 재판매 및 DB 금지]한국GM은 지난달에 작년 동기 대비 7.8% 감소한 1만9천785대를 판매했다.    내수와 수출 판매량은 각각 2천951대, 1만6천834대였다. 내수는 지난해 같은 기간 대비 46.1% 감소했지만, 수출은 5.3% 증가했다.    수출은 반조립 제품을 더할 경우 4만8천756대로 늘어나면서 증가율이 26.9%로 올라간다.    쉐보레 트레일블레이저가 형제 차종인 뷰익 앙코르 GX와 함께 총 8천3대(완성차 기준)가 수출되며 실적을 견인했다고 한국GM은 전했다.    스파크와 말리부 수출도 작년 동월 대비 각각 56.9%, 224.4% 증가하며 상승세를 이어갔다.



뉴 렉스턴 스포츠&amp;칸[쌍용차 제공. 재판매 및 DB 금지]에디슨모터스로의 인수가 무산된 뒤 새 주인을 찾고 있고 쌍용차도 호실적을 냈다.    쌍용차는 작년 동월 대비 85.8% 늘어난 8천140대를 판매했다.     4월 내수 판매는 4천839대로 작년 같은 달에 비해 45.8% 늘었고, 수출은 3천301대로 작년보다 210.5% 증가했다.    쌍용차는 반도체 등 부품 수급 차질에도 판매 회복세에 힘입어 내수와 수출이 모두 늘면서 2개월 연속 8천대가 넘는 판매 실적을 올렸다고 설명했다.    '효자' 차종은 뉴 렉스턴 스포츠&amp;칸으로 내수 판매량이 작년보다 62.7% 늘었고, 수출은 지난달에 이어 2개월 연속 3천대 이상을 기록했다.    다만 쌍용차는 생산 일정과 사양 조정 등을 통해 공급 지연 최소화에 힘쓰고 있음에도 부품 수급 차질이 지속되면서 1만대 이상의 출고 적체 현상이 지속되고 있다고 밝혔다.    vivid@yna.co.kr

]",[2022.05.03. 오후 5:12]
[(영상)완성차업계 4월 판매 4.9% 감소...르노·쌍용차는 선전],https://n.news.naver.com/mnews/article/018/0005207550?sid=103,"[

차량용 반도체 수급난에 따른 생산 차질이 이어지면서 지난달 국내 완성차 판매가 감소했습니다.국내 완성차 5개사가 발표한 올해 4월 실적을 취합한 결과, 국내외를 합한 글로벌 판매는 62만7천여 대로 지난해 같은 기간보다 4.9% 줄었습니다.국내 판매량은 11만 9천여 대로 작년 같은 기간보다 11.8% 줄었고 해외 판매는 지난해 같은 달보다 3.2% 감소한 50만 7천여 대로 집계됐습니다.르노코리아와 쌍용차(003620)가 작년 같은 기간보다 선전했지만, 국내 완성차업체 판매량의 대부분을 차지하는 현대차(005380)와 기아(000270)가 주춤하면서 전체 판매량이 준 것으로 분석됐습니다.





]",[2022.05.04. 오전 10:54]
"[""수출로 먹고 산다""...르쌍쉐, 내수 부진 만회]",https://n.news.naver.com/mnews/article/243/0000026046?sid=101,"[

지난달 수출 총 3만8125대... 전년 대비 82.5%↑   



르노코리아자동차가 생산해 수출하는 XM3. [르노코리아자동차]    한국지엠(GM)·르노코리아자동차·쌍용자동차 등 중견 완성차 3사의 수출 실적이 80% 이상 늘었다. 반면, 내수 실적은 30% 가까이 감소한 것으로 나타났다.    3일 업계에 따르면 한국GM·르노코리아·쌍용차의 지난달 수출 실적은 총 3만8125대로 집계됐다. 이는 전년 동월 2만896대와 비교해 82.5% 늘어난 것이다.    중견 3사 중 가장 많은 수출 실적을 기록한 곳은 르노코리아로, 지난달 총 1만7990대를 수출했다. 르노코리아의 핵심 모델인 XM3가 1만6267대 수출되며 실적 개선을 이끌었다.    지난달 한국GM은 전년 동월 대비 5.3% 증가한 1만6834대를 수출해 르노코리아의 뒤를 이었다. 쉐보레 트레일블레이저와 형제 차종인 뷰익 앙코르 GX가 총 8003대 수출되면서 실적 전반을 견인했다.    같은 기간 쌍용차는 전년 동월 대비 72.4% 증가한 3301대를 수출했다. 렉스턴 스포츠가 1192대 수출되며 실적 개선을 뒷받침했다.    내수 시장에서는 고전했다. 중견 3사의 지난달 내수 실적은 전년 동월 대비 29% 감소한 1만118대로 집계됐다. 회생절차를 밟고 있는 쌍용차의 실적이 가장 좋았다. 쌍용차의 지난달 내수 시장 판매 실적은 4839대로, 전년 동월 대비 45.8% 늘었다. 렉스턴 스포츠가 전년 동월 대비 62.7% 증가한 2310대 팔리며, 실적 개선을 이끌었다.    쌍용차 관계자는 ""반도체 등 부품 수급 제약에도 불구하고 공급 지연을 최소화하면서 내수와 수출 모두 전년 동월 대비 증가했다""며 ""특히 수출이 빠르게 회복세를 보이고 있는 만큼 반도체 등 공급에 만전을 기해 적체 물량 해소에 전력을 다할 것""이라고 말했다.    한국GM은 지난달 내수 시장에서 전년 동월 대비 46.1% 감소한 2951대를 판매하며 쌍용차의 뒤를 이었다. 쉐보레 스파크와 트레일블레이저가 각각 1363대, 1109대씩 팔리며 힘을 보탰다.    한국GM 영업·서비스·마케팅 부문 카를로스 미네르트 부사장은 ""업계 전반에 걸쳐 장기화되고 있는 차량용 반도체 칩 수급 이슈와 이로 인한 생산 차질로 어려움이 있는 가운데 쉐보레 브랜드와 제품을 신뢰하는 국내 고객들에게 진심으로 감사하다""며 ""앞으로도 더 다양한 차종을 경험할 수 있는 기회와 혜택을 제공할 것""이라고 말했다.    르노코리아의 지난달 내수 실적은 2328대에 머물렀다. 이는 전년 동월 대비 57.4% 감소한 수치다. 회사의 수출 실적을 견인하고 있는 주력 모델인 XM3는 전년 동월 대비 23.5% 감소한 1104대가 팔렸다.  

]",[2022.05.03. 오후 7:01]
"[쌍방울그룹 ""골프장 사업 관련 근거없는 의혹 강력대응…쌍용차 인수 전력투구""]",https://n.news.naver.com/mnews/article/031/0000670354?sid=101,"[

이날(4일) 쌍용차 예비실사 마감쌍방울그룹이 쌍용차 인수 이슈로 오른 주가 차익을 골프장 건립에 사용하는 것 아니냐는 의혹에 대해 ""터무니없는 의혹""이라고 반박했다. 허위 사실에 대해서는 법적대응하고, 쌍용차 인수전에는 전력을 다하겠다는 방침을 밝혔다.



 쌍방울그룹 본사 사옥 외관 [사진=쌍방울]4일 쌍방울그룹 관계자는 ""인수전 참여를 밝혔던 초기부터 한결같이 목표는 최종 인수라고 밝혀왔다""며 ""그동안에도 그랬고 앞으로도 많은 난관이 있겠지만 우리는 묵묵히 목표를 향해 나아갈 것""이라고 말했다.그는 ""최근 쌍용차 인수와 관련해 근거없는 다양한 루머들이 생성되고 그로 인해 회사에 많은 피해가 발생하고 있다""며 ""근거없는 의혹제기를 더 이상 묵과하지 않을 것""이라고 전했다.앞서 일각에서는 쌍방울그룹이 포천 일대에서 준비하고 있는 골프장 사업과 관련해 사업비 출처를 놓고 의혹을 제기했다.회사 관계자는 ""(골프장 사업을 위해) 토지를 매입한 사실은 맞지만 알려진 바와 규모도 다르고 허가 문제도 숙제로 남아 있다""며 ""일부 언론이 자금과 관련해 터무니없는 의혹을 만들고 있다. 근거없는 허위 사실에 대해서는 강력하게 법적대응할 것""이라고 밝혔다.한편 쌍용차 인수전과 관련해 인수의향서를 제출한 기업들은 이날까지 쌍용차를 대상으로 예비실사를 진행한 뒤 최종 입찰 여부를 결정할 방침이다. 이달 중순경 조건부 인수제안서를 접수하면 심사를 거쳐 조건부 인수 예정자가 선정되며, 매각 공고는 이달 하순 이뤄질 것으로 전망된다.

]",[2022.05.04. 오전 8:42]
"[이동걸 ""쌍용차 경쟁력 취약…자금지원만으로 회생 어려워""]",https://n.news.naver.com/mnews/article/119/0002600247?sid=101,"[





이동걸 KDB산업은행 회장이 2일 오후 온라인 방식으로 열린 기자간담회에서 발언하고 있다.ⓒKDB산업은행[데일리안 = 부광우 기자] 이동걸 KDB산업은행 회장은 2일 쌍용자동차의 인수합병 무산과 관련해 ""쌍용차는 본질적 경쟁력이 매우 취약하다""며 회생이 어려울 수 있다고 전망했다.이 회장은 이날 오후 온라인 방식으로 열린 기자간담회에서 ""쌍용차 매각은 회생법원이 관리하므로 산은이 결정할 수 있는 사안이 아니다""라면서도 이같이 말했다.산은이 매각을 진행해 온 쌍용차는 최근 관련 계약이 무산되며 논란이 일었다. 쌍용차는 2020년 매물로 나온 뒤 에디슨모터스가 우선협상대상자로 선정됐지만, 결국 잔금을 치르지 못해 계약이 불발됐다. 쌍용차는 다시 새 주인을 찾고 있다.이를 두고 정치권을 중심으로 산은 무용론까지 일고 있는 실정이다. 윤창현 국민의힘 의원은 지난달 20일 서울 영등포구 국회 의원회관에서 주최한 '정책금융의 문제점과 혁신과제-산은의 역할재편을 중심으로' 토론회에서, 산은이 주도했던 쌍용차 등 기업 매각 실패에 대해 ""자금투입 회수율이 20~30%에 불과해 산은이 되려 정부 지원 부담만 늘리는 것 아니냐는 세간의 평가까지 등장하고 있다""고 비판했다.이 회장은 ""쌍용차는 지속가능한 사업성 증명되지 않으면 자금 지원만으로는 회생이 어렵다""고 진단했다.이어 ""잠재적 인수자들이 산은에 대한 대규모 자금 지원을 기대하는 것 같아 우려스럽다""고 덧붙였다.이날 간담회는 이 회장이 자리에서 물러나기 전 마지막 입장과 소회를 전하는 자리로 마련됐다. 이 회장은 지난달 말 금융위원회에 회장직에서 물러나겠다는 의사를 전달한 상태다. 임기가 내년 9월까지 남았지만, 대통령직인수위원회가 새 정부 출범을 앞두고 공공기관장 인선을 검토하면서 용퇴를 결정한 것으로 풀이된다.
		
]",[2022.05.02. 오후 4:43]
