﻿title,link,content,date
"[현대차, 이더리움 기반 '별똥별 NFT' 1만개 판매]",https://n.news.naver.com/mnews/article/030/0003014563?sid=103,"[

			현대차가 메타모빌리티 비전을 담은 이더리움 기반 별똥별 대체불가토큰(NFT) 1만개를 판매한다고 3일 밝혔다. 화이트리스트 대상 판매는 9일, 일반 고객 대상 판매는 10일이다. 현대차 NFT 공식 웹사이트에서 구매할 수 있다.



현대차가 메타모빌리티 비전을 담은 이더리움 기반 별똥별 대체불가토큰(NFT) 1만개를 판매한다.별똥별 NFT 판매는 지난달 18일 공개한 '현대×메타콩즈' 영상 스토리 후속 프로젝트다. 별똥별 NFT는 앞으로 메타모빌리티 NFT로 변환해 현대 NFT 세계관 '메타모빌리티 유니버스'에 포함된다.현대차는 NFT에 리빌(추후 공개) 방식을 적용했다. 1만개 별똥별 NFT는 이달 말 전자 지갑에서 메타모빌리티 NFT로 변환된다. 구매자들은 속성이 조금씩 다른 이미지 NFT를 갖는다.현대차는 이번 판매를 시작으로 메타모빌리티 유니버스 세계관 속에서 커뮤니티 기반 NFT 프로젝트 진행을 본격화할 계획이라고 설명했다.현대차 관계자는 “메타모빌리티 유니버스는 '시공간을 넘나드는 혁신적 이동 경험이 가능한 세상'을 표현한다”며 “별똥별 NFT를 시작으로 고객에게 다양한 브랜드 경험을 제공하도록 노력하겠다”고 말했다.

]","[2022.05.03. 오전 10:33, 2022.05.03. 오후 3:40]"
"[현대차, 피치스와 어린이날 행사 '칠드런스 데이' 개최]",https://n.news.naver.com/mnews/article/001/0013153712?sid=101,"[

			(서울=연합뉴스) 김보경 기자 = 현대차가 라이프스타일·패션브랜드 피치스와 손잡고 N 브랜드를 체험할 수 있는 어린이날 행사를 연다.    현대차는 오는 5∼8일 서울 성수동에 있는 복합문화공간 '피치스 도원'에서 N 브랜드 차량을 주제로 하는 어린이날 행사 '칠드런스 데이'(ChildreN's Day)'를 개최한다고 3일 밝혔다.    행사는 아반떼 N을 하나의 캔버스로 해 물총으로 그림을 그리는 '아반떼 N 아트 페인팅', N 브랜드 체험할 수 있는 어린이 범퍼카 프로그램 '에어트랙 범퍼카' 등으로 구성됐다.    아울러 현대차는 N 브랜드의 모터스포츠 우승 차량을 전시하고, 피치스 도원에 있는 도넛 브랜드 노티드가 내놓은 N 브랜드 컬래버레이션 도넛과 음료를 판매한다.    현대차 관계자는 ""앞으로도 더 많은 고객이 일상에서 N 브랜드의 고성능을 즐길 수 있도록 다양한 이벤트를 실시하겠다""고 말했다.



현대차, 피치스와 어린이날 행사 '칠드런스 데이' 개최[현대차 제공. 재판매 및 DB 금지]    vivid@yna.co.kr

]","[2022.05.03. 오전 10:32, 2022.05.03. 오전 10:37]"
"[현대차, 4월 30.9만대 판매…전년比 11.6% 감소]",https://n.news.naver.com/mnews/article/003/0011159540?sid=101,"[





[서울=뉴시스] 박정규 기자 = 현대자동차가 전월에 이어 지난달에도 판매 감소세를 이어갔다.현대차는 지난달 국내에서 5만9415대, 해외에서 24만9373대 등 세계시장에서 총 30만8788대를 판매했다고 2일 밝혔다.이는 지난해 같은 기간과 비교할 때 국내 판매는 15.4%, 해외 판매는 10.6%씩 감소한 수치다.국내시장에서 세단은 그랜저가 5192대, 쏘나타 4165대, 아반떼 6382대 등 총 1만5761대가 팔렸다.레저용 차량(RV)은 팰리세이드 4461대, 싼타페 1997대, 투싼 4175대, 아이오닉5 2963대, 캐스퍼 3420대 등 총 1만9873대를 판매했다.포터는 8423대, 스타리아는 2387대를 판매했으며 중대형 버스와 트럭 판매량은 1681대를 기록했다.프리미엄 브랜드 제네시스는 G80 4023대, GV80 1753대, GV70 2100대, GV60 796대 등 총 1만1290대가 팔렸다.현대차 관계자는 ""반도체 부품 수급 부족으로 인한 생산 차질 및 오미크론 확산 등 경영 불확실성이 지속되는 상황에도 차량 생산 일정 조정 등을 통해 공급 지연 영향을 최소화할 것""이라며 ""경쟁력 있는 신차를 지속 출시하고 내실 있는 판매 전략을 펼쳐 시장 점유율 확대 및 수익성 강화를 추진하겠다""고 밝혔다．

]","[2022.05.02. 오후 3:36, 2022.05.02. 오후 5:32]"
"['NFT 진출' 현대차, 메타모빌리티 비전 담은 별똥별 NFT 판매]",https://n.news.naver.com/mnews/article/215/0001029333?sid=101,"[





지난달 NFT(대체불가능토큰) 시장에 진출한 현대자동차가 본격 NFT 판매에 나선다.현대차는 3일 메타모빌리티 비전을 담은 별똥별 NFT(대체불가능토큰) 판매를 시작했다고 밝혔다.메타모빌리티는 현대차의 NFT 세계관으로 별똥별 NFT는 지난 2일 개설된 현대차 NFT 공식 웹사이트를 통해 구매할 수 있다.현대차는 오는 9~10일 이더리움 기반 공식 NFT 1만 개를 판매할 예정으로 화이트리스트 고객(VIP 고객의 일종)은 9일, 일반 고객은 10일 구매가 가능하다.이번 별똥별 형태의 NFT 판매는 지난달 18일 공개된 '현대X메타콩즈' 영상 스토리와 이어지는 것으로, 별똥별 NFT는 추후 메타모빌리티 NFT로 변환돼 '메타모빌리티 유니버스'를 누비게 된다.현대차에 따르면, 메타모빌리티 NFT는 NFT 마켓에서 고객의 재미를 위해 주로 쓰이는 리빌(추후공개) 방식을 적용했다.1만 개의 동일한 별똥별 NFT는 5월말 메타모빌리티 NFT로 지갑에서 변환되며, 구매자들은 속성이 조금씩 다른 이미지 NFT를 가지게 된다.5월 말까지 이미지는 비공개로 유지될 예정이다.한편, 지난달 20일 처음으로 판매된 '현대X메타콩즈 콜라보레이션 NFT'는 뜨거운 관심속에 매진됐다.

]","[2022.05.03. 오전 10:32, 2022.05.03. 오전 10:33]"
[1분기 세계 수소차 판매 4000대 하회…현대차 1위 수성],https://n.news.naver.com/mnews/article/018/0005206852?sid=101,"[

세계 수소차 시장 전년비 2.7%↓토요타 '미라이' 판매 감소 폭 확대[이데일리 경계영 기자] 지난 1분기 세계 수소연료전지차 시장이 뒷걸음질쳤다. 차량용 반도체 수급난, 우크라이나 사태 등이 겹치며 현대자동차 ‘넥쏘’와 토요타 ‘미라이’ 모두 판매가 부진했다. 3일 SNE리서치에 따르면 세계 각국에 1분기 등록된 수소연료전지차 판매대수는 3939대로 집계됐다. 지난해 1분기 4050대에서 2.7% 줄며 4000대를 밑돌았다. 현대차(005380)는 수소차 판매량이 1710대로 전년 동기 대비 5.4% 줄었지만 1위를 지켰다. 토요타 역시 수소차 판매량이 같은 기간 31.8% 감소한 1337대에 그쳤다. SNE리서치는 현대차와 토요타의 수소차 판매가 부진한 배경으로 차량용 반도체 수급난과 원자재 가격 상승, 우크라이나 사태 등 위협 요인이 복합적으로 작용했기 때문이라고 분석했다. 토요타가 일본에서의 공급망 이슈와 자연재해 등 대외 악재가 더해지며 물량 공급에 더욱 타격 받았다고도 덧붙였다. 혼다는 수소차 판매량이 154대로 전년 동기 대비 65.6% 증가했다. 혼다의 시장 내 점유율은 지난해 1분기 2.3%에서 올해 1분기 3.9%로 1%포인트 넘게 올랐다. SNE리서치는 올해 들어 수소차 시장이 각종 글로벌 이슈에 직면하면서 주춤했다면서 여러 불확실성이 이어지는 상황에서 현대차가 독주할 수 있을지 지켜볼 필요가 있다고 판단했다. 



단위=대, 자료=SNE리서치

]",[2022.05.03. 오후 2:05]
"[현대차, 3년 만에 관중 앞에서 ‘고성능 N’ 레이싱 펼친다]",https://n.news.naver.com/mnews/article/032/0003144527?sid=101,"[

			[경향신문] 



지난해 ‘현대 N 페스티벌’에 출전한 고성능 브랜드 N 차량들이 서킷을 질주하고 있다. 현대차 제공현대차가 국내 최대 규모의 원메이크(단일 차종) 경주 대회인 ‘현대 N 페스티벌’을 개최한다고 3일 밝혔다. 현대 N 페스티벌은 현대차의 고성능 브랜드 N 차량으로 레이싱을 펼치는 대회다. 올해 행사는 오는 6~8일 강원 인제스피디움에서 진행되는 1라운드를 시작으로 막을 올린다. 이후 10월까지 총 7라운드의 레이스에 150여대의 차량이 출전한다. 일반인들이 모터스포츠를 직접 관람하고 부대행사를 즐길 수 있는 현대 N 페스티벌은 2019년 시작했다. 코로나19 사태로 2020년과 지난해엔 무관중으로 치러졌다. 최근 방역 지침이 대폭 완화되면서 3년 만에 다시 관중이 입장할 수 있게 됐다. 올해 행사에는 아반떼 N 차량으로 참가할 수 있는 최상위 프로급 ‘아반떼 N컵’이 새롭게 추가됐다. 아반떼 N컵에는 서한GP, 아트라스BX, 쏠라이트 인디고 등 국내 인기 모터스포츠 레이싱팀들이 출전한다. 아반떼 N컵을 비롯해 ‘벨로스터 N컵’(아마추어급), ‘아반떼 N 라인컵’(입문자급) 등 다양한 형태의 레이싱이 펼쳐진다. 



올해 ‘현대 N 페스티벌’에 신설된 ‘아반떼 N컵’에 참가할 아반떼 N 레이싱카. 현대차 제공



인제스피디움을 방문하는 모터스포츠 팬들을 위해 조성한 ‘현대 N 라운지’. 현대차 제공



인제스피디움에 마련된 ‘현대 N 라운지’에서는 N 브랜드를 체험하고 e스포츠도 즐길 수 있게 해놨다.  현대차 제공현대차는 TV와 유튜브, 페이스북, 네이버TV 등으로 레이싱을 중계해 현장에 가지 못하는 팬들도 대회를 즐길 수 있도록 할 방침이다. 현장에서는 방문객들이 e스포츠도 즐길 수 있는 휴식 공간인 ‘현대 N 라운지’도 운영한다. 현대차는 앞으로 다양한 체험 프로그램을 라운지에서 선보인다는 계획이다. 현대차는 2003년 ‘현대 클릭 스피드 페스티벌’을 시작으로 ‘코리아 스피드 페스티벌’ ‘현대 N 페스티벌’ 등 국내 모터스포츠 대회를 20년간 열어왔다. 틸 바텐베르크 현대차 N브랜드 매니지먼트 모터스포츠 사업부장은 “3년 만에 관중과 함께할 수 있는 올해 행사를 통해 더 많은 고객들에게 모터스포츠의 재미와 감동을 생생하게 전달하겠다”고 말했다.
		
]","[2022.05.03. 오후 1:30, 2022.05.03. 오후 2:16]"
"[호세 무뇨스 사장, 내년 3월 현대차 이사회 합류]",https://n.news.naver.com/mnews/article/020/0003426349?sid=102,"[

모셔널 이사회 맴버도 겸직



9일 현지시간 미디어 인터뷰를 가진 호세 무뇨스 현대차 미국법인(HMA) 사장현대자동차 글로벌 최고운영책임자(COO) 겸 북미권역 본부장인 호세 무뇨스 사장이 내년 현대차 이사회에 합류한다.  현대차 미국법인은 2일(현지 시간) 무뇨스 사장이 현대차 이사회 맴버로 내정됐으며, 내년 3월 주주총회 승인을 거쳐 정식 합류한다고 발표했다. 현대차 측은 “무뇨스 사장은 유럽, 인도 등 전략 지역의 성과를 이끌어내고, 해외 판매를 극대화하는 역할을 하게 될 것”이라고 전했다. 아울러 현대자동차그룹과 미국 자율주행 업체 앱티브의 합작 법인인 모셔널의 이사회 맴버도 겸직하게 된다. 모셔널 이사회에는 10일부터 합류한다.  현재 현대차 이사회에는 정의선 현대자동차그룹 회장을 포함해 장재훈 현대차 사장, 박정국 현대차 연구개발본부장(사장) 등 사내이사 5인과 사외이사 6인으로 구성돼 있다.   무뇨스 사장의 이사회 참여는 북미시장 성과를 높이 평가한 경영진의 결정으로 풀이된다. 현대차는 지난해 북미 시장에서 일본 혼다를 제치고 점유율 5위를 차지했다. 현대차는 올해 1분기(1~3월)에도 소매 시장에서 15만9676대의 신차를 팔아 역대 최다 기록을 세우기도 했다. 장 사장은 “무뇨스 사장은 검증된 리더다. 그의 역할이 확장됨으로서 회사의 경쟁력이 더욱 향상될 것”이라고 밝혔다.

]","[2022.05.03. 오후 10:38, 2022.05.03. 오후 10:44]"
"[현대차, 아마추어 레이싱팀 'TEAM HMC' 6년 연속 후원]",https://n.news.naver.com/mnews/article/001/0013150401?sid=101,"[





현대차, 아마추어 레이싱팀 'TEAM HMC' 6년 연속 후원[현대차 제공. 재판매 및 DB 금지](서울=연합뉴스) 박성민 기자 = 현대차는 6년 연속으로 아마추어 동호회 레이싱팀인 'TEAM HMC(Hyundai Motor Club)'를 6년 연속으로 후원한다고 2일 밝혔다.    현대차는 서울시 강남구 오토웨이타워에서 유원하 부사장, 김주현 TEAM HMC 단장 등이 참석한 가운데 후원 협약식을 열었다.    TEAM HMC는 현대차 브랜드를 좋아하는 고객들의 동호회 '현대모터클럽' 회원으로 구성된 레이싱팀이다. 방송인 양상국씨와 가수 정동하씨 등 5명의 드라이버로 구성됐다.    TEAM HMC는 단일 차종으로 경주하는 국내 최대 규모 원-메이크 모터스포츠 대회인 '2022 현대 N 페스티벌'에 출전한다.    현대차는 TEAM HMC에 전문 드라이빙 수트, 차량 관리를 위한 전속 미케닉 팀, 경기 출전에 따른 소정의 경비 등을 지원한다.    현대 N 페스티벌은 오는 6일부터 10월 30일까지 인제스피디움과 영암 국제자동차경주장에서 7라운드에 걸쳐 진행된다.     현대차 관계자는 ""많은 분이 레이싱을 보는 것뿐 아니라 직접 경험할 수 있도록 모터스포츠 진입 장벽을 낮추는 것이 목표""라며 ""모터스포츠의 매력을 쉽게 즐길 수 있도록 지속해서 후원할 예정""이라고 말했다.    min22@yna.co.kr

]",[2022.05.02. 오전 8:46]
[1분기 세계 수소차 판매 4000대 하회…현대차 1위 수성],https://n.news.naver.com/mnews/article/018/0005206852?sid=101,"[

세계 수소차 시장 전년비 2.7%↓토요타 '미라이' 판매 감소 폭 확대[이데일리 경계영 기자] 지난 1분기 세계 수소연료전지차 시장이 뒷걸음질쳤다. 차량용 반도체 수급난, 우크라이나 사태 등이 겹치며 현대자동차 ‘넥쏘’와 토요타 ‘미라이’ 모두 판매가 부진했다. 3일 SNE리서치에 따르면 세계 각국에 1분기 등록된 수소연료전지차 판매대수는 3939대로 집계됐다. 지난해 1분기 4050대에서 2.7% 줄며 4000대를 밑돌았다. 현대차(005380)는 수소차 판매량이 1710대로 전년 동기 대비 5.4% 줄었지만 1위를 지켰다. 토요타 역시 수소차 판매량이 같은 기간 31.8% 감소한 1337대에 그쳤다. SNE리서치는 현대차와 토요타의 수소차 판매가 부진한 배경으로 차량용 반도체 수급난과 원자재 가격 상승, 우크라이나 사태 등 위협 요인이 복합적으로 작용했기 때문이라고 분석했다. 토요타가 일본에서의 공급망 이슈와 자연재해 등 대외 악재가 더해지며 물량 공급에 더욱 타격 받았다고도 덧붙였다. 혼다는 수소차 판매량이 154대로 전년 동기 대비 65.6% 증가했다. 혼다의 시장 내 점유율은 지난해 1분기 2.3%에서 올해 1분기 3.9%로 1%포인트 넘게 올랐다. SNE리서치는 올해 들어 수소차 시장이 각종 글로벌 이슈에 직면하면서 주춤했다면서 여러 불확실성이 이어지는 상황에서 현대차가 독주할 수 있을지 지켜볼 필요가 있다고 판단했다. 



단위=대, 자료=SNE리서치

]",[2022.05.03. 오후 2:05]
"[현대차, 6년 연속 아마추어 레이싱팀 'TEAM HMC' 후원]",https://n.news.naver.com/mnews/article/092/0002255505?sid=103,"[

드라이빙 수트·전속 미케닉 팀·경기 출전비 등 지원



유원하 현대차 국내사업본부장(왼쪽)과 김주현 TEAM HMC 단장이 포즈를 취하고 있다.현대자동차가 6년 연속 아마추어 레이싱팀 'TEAM HMC'를 후원하고 국내 모터스포츠 육성과 저변 확대에 힘쓴다.현대차는 서울시 강남구 소재 오토웨이타워에서 유원하 현대차 국내사업본부장, 김주형 TEAM HMC 단장 등이 참석한 가운데 '현대차-TEAM HMC 후원 협약식'을 진행했다고 2일 밝혔다.올해로 창단 6주년을 맞이한 TEAM HMC는 현대차를 좋아하는 소비자가 자발적으로 만든 동호회 '현대모터클럽' 회원들로 구성된 아마추어 레이싱팀이다.현대차는 TEAM HMC에 ▲전문 드라이빙 수트 ▲차량 관리를 위한 전속 미케닉 팀 ▲경기 출전에 따른 소정의 경비 등을 지원한다.TEAM HMC는 현대차 후원을 통해 국내 최대 원 메이크 모터스포츠 대회인 '2022 현대 N 페스티벌'에 출전, 드라이빙 실력을 뽐낼 예정이다.2022 현대 N 페스티벌은 이달 6일부터 10월 30일까지 인제스피디움과 영암국제자동차경주장에서 총 7라운드로 개최된다. 정부의 완화된 거리두기 방침에 따라 유관중 경기로 진행될 계획이다.현대차 관계자는 ""많은 분이 레이싱을 직접 경험할 수 있도록 꾸준히 모터스포츠 진입 장벽을 낮추는 것이 현대차의 목표""라고 전했다.한편, 현대차는 세계 최정상급 모터스포츠 대회 WRC 통산 20승과 함께 ▲WTCR 6차전 우승 ▲전기자동차 레이스 PURE ETCR 우승 ▲뉘르 24시 내구 레이스 완주 ▲현대 N e-페스티벌 글로벌 리그 개최 등을 통해 모터스포츠 저변을 넓혀가고 있다.

]",[2022.05.02. 오전 9:02]
"[현대차, 4월 판매 11.6%↓…반도체 공급난에 발목]",https://n.news.naver.com/mnews/article/056/0011260106?sid=101,"[

[KBS 울산]지난달 현대차의 판매실적이 차량용 반도체 공급난 등의 영향으로 1년전에 비해 10% 이상 줄었습니다.현대차는 지난달 국내시장 5만 9천여 대, 해외시장 24만 9천여 대 등 30만 8천여 대를 판매해 지난해 4월에 비해 11.6% 줄었다고 밝혔습니다.현대차는 지난해부터 계속 이어지고 있는 차량용 반도체 품귀 현상에 따른 생산 차질을 판매량 감소의 주요 배경으로 설명했습니다. 

]","[2022.05.04. 오전 7:44, 2022.05.04. 오전 7:53]"
"[호세 무뇨스 현대차 사장, 북미 넘어 글로벌로 역할 확대…이사회 합류]",https://n.news.naver.com/mnews/article/421/0006068008?sid=103,"[

자율주행 합작법인 '모셔널' 이사회 합류…글로벌 인재 관리 역할도



9일 현지시간 미디어 인터뷰를 가진 호세 무뇨스 현대차 미국법인(HMA) 사장© 뉴스1(서울=뉴스1) 이균진 기자 = 호세 무뇨스 현대자동차 북미 총괄 사장이 현대차 이사회에 합류한다. 글로벌 최고운영책임자(COO)로서 북미를 넘어 유럽, 인도, 중동, 아프리카 등 글로벌 주요 전략 지역을 이끌게 된다. 3일 업계에 따르면 호세 무뇨스 사장은 내년 3월 주주총회에서 의결을 거쳐 이사회에 합류할 예정이다. 북미 총괄 사장직은 유지하면서 오는 10일부터 자율주행 합작법인 '모셔널' 이사회에도 참여하게 된다.호세 무뇨스 사장은 글로벌 인재 영입 및 관리를 주도하면서 신기술 기반 비즈니스를 이끈다. 글로벌 시장에서의 성과를 가속화할 계획이다.스페인 태생인 호세 무뇨스 사장은 마드리드 폴리테크닉 대학에서 핵공학 박사학위 취득 후 마드리드 IE 경영대학에서 MBA 학위를 받았다. 1989년 푸조·시트로엥 스페인 딜러로 자동차 판매 부문에 몸을 담은 후 옛 대우차 이베리아법인 딜러 네트워크 팀장을 거쳐 1999년 토요타 유럽법인 판매, 마케팅 담당을 역임했다.그는 2004년 닛산에 합류해 유럽법인 판매 및 마케팅 담당, 멕시코 법인장, 북미 법인장, 중국 법인장, 전사성과총괄(CPO) 등 요직을 거친 판매 전문가다. 현대차에는 지난 2019년 COO 및 현대차 미국판매법인장과 북미권역본부장으로 합류했다. 호세 무뇨스 사장은 현대차 합류 이후 북미시장에서 현대차, 제네시스의 수익성, 시장점유율, 경쟁력을 강화하는데 기여했다는 평가를 받는다. 장재훈 현대차 사장은 ""호세 무뇨스 사장은 검증된 리더""라며 ""그의 역할이 현대차의 글로벌 우수성을 향상시킬 것으로 기대한다""고 말했다.
		
]","[2022.05.03. 오전 8:45, 2022.05.03. 오전 8:46]"
"[슬쩍 가격 올린 GV70, 옵션 넣고 가격 올린 K8… 현대차도 테슬라처럼?]",https://n.news.naver.com/mnews/article/023/0003689132?sid=101,"[





제네시스 GV70 /현대자동차										현대자동차 제네시스의 SUV ‘GV70′ 2022년형 모델이 지난달 출시됐습니다. 연식 변경 모델이 나오면 자동차 기업들은 소비자의 이목을 끌고 판매량을 늘리기 위해 대대적으로 홍보합니다. 그런데 현대차는 이번에 언론 보도자료조차 내지 않고 조용히 시장에 내놨습니다.GV70 2022년 모델에는 헤드레스트(머리받침대)에 인조가죽이 씌워지고, HUD(헤드업디스플레이)와 계기판 그래픽, 스티어링휠 버튼이 개선되는 등 일부 옵션(선택사양)이 기본 포함됐습니다. 이 때문에 가격이 뛰었습니다. 2022년 모델 가격은 4904만(2.5 가솔린 터보)~5846만원으로, 기존 모델 가격(4791만~5724만원)보다 113만~122만원이 오른 것입니다.



The 2023 K8. /기아										기아의 세단 K8도 연식변경 모델을 출시하면서 가격을 올렸습니다. 2일 기아는 최하위 트림(세부 모델)을 제외한 모든 트림에 전동식 파워 트렁크(버튼 조작으로 트렁크를 여닫는 기능), 뒷좌석 소음 차단 유리 등을 포함했습니다. 대신 가격도 63만원 이상(노블레스 트림 기준) 올라 3318만원~4565만원이 됐습니다.인터넷 커뮤니티에선 “현대차도 테슬라처럼 몰래 가격 올리기를 따라하느냐”는 얘기들이 나옵니다. 테슬라는 별도의 공지도 없이 지난 1년 사이 모델3는 4차례(퍼포먼스 기준), 모델 Y는 7차례나 가격을 올렸습니다. 현대차도 새 모델에 추가 옵션을 넣은 다음 가격을 슬쩍 올린 게 아니냐는 것입니다. 일부 소비자들 사이에선 ‘추가된 옵션들이 인상된 가격만큼 값어치를 하느냐’는 지적도 나옵니다.자동차 업계는 최근 원자재, 부품 가격 인상과 공급난으로 생산에 어려움을 겪고 있습니다. 강판, 반도체 등 여러 부품 가격이 죄다 오르니 자동차 가격도 오를 수밖에 없다고 합니다. 하지만 현대차그룹은 역대 최대 매출과 영업이익을 올리고 있습니다. 생산비용 증가분보다 차량 가격을 더 올려 큰 이익을 내고 있다는 비판이 나오는 이유입니다. 무엇보다 지금의 부품 공급난이 끝나면 기업들이 차량 가격을 다시 인하할지 의문입니다. 가격 인상이 불가피하다면 인상 이유와 소비자에게 주어지는 혜택을 투명하게 공개해야 할 것입니다.

]","[2022.05.03. 오전 11:26, 2022.05.03. 오후 7:41]"
"[현대차, 아마추어 레이싱팀 'TEAM HMC' 6년 연속 후원]",https://n.news.naver.com/mnews/article/001/0013150401?sid=101,"[





현대차, 아마추어 레이싱팀 'TEAM HMC' 6년 연속 후원[현대차 제공. 재판매 및 DB 금지](서울=연합뉴스) 박성민 기자 = 현대차는 6년 연속으로 아마추어 동호회 레이싱팀인 'TEAM HMC(Hyundai Motor Club)'를 6년 연속으로 후원한다고 2일 밝혔다.    현대차는 서울시 강남구 오토웨이타워에서 유원하 부사장, 김주현 TEAM HMC 단장 등이 참석한 가운데 후원 협약식을 열었다.    TEAM HMC는 현대차 브랜드를 좋아하는 고객들의 동호회 '현대모터클럽' 회원으로 구성된 레이싱팀이다. 방송인 양상국씨와 가수 정동하씨 등 5명의 드라이버로 구성됐다.    TEAM HMC는 단일 차종으로 경주하는 국내 최대 규모 원-메이크 모터스포츠 대회인 '2022 현대 N 페스티벌'에 출전한다.    현대차는 TEAM HMC에 전문 드라이빙 수트, 차량 관리를 위한 전속 미케닉 팀, 경기 출전에 따른 소정의 경비 등을 지원한다.    현대 N 페스티벌은 오는 6일부터 10월 30일까지 인제스피디움과 영암 국제자동차경주장에서 7라운드에 걸쳐 진행된다.     현대차 관계자는 ""많은 분이 레이싱을 보는 것뿐 아니라 직접 경험할 수 있도록 모터스포츠 진입 장벽을 낮추는 것이 목표""라며 ""모터스포츠의 매력을 쉽게 즐길 수 있도록 지속해서 후원할 예정""이라고 말했다.    min22@yna.co.kr

]",[2022.05.02. 오전 8:46]
"[현대차 봉사단, 어버이날 맞아 '새싹인삼' 화분 550개 전달]",https://n.news.naver.com/mnews/article/001/0013154754?sid=101,"[





새싹인삼 화분 든 현대차 평일봉사단[현대차 제공. 재판매 및 DB 금지](울산=연합뉴스) 김근주 기자 = 현대자동차 평일봉사단은 3일 울산시자원봉사센터에 새싹인삼 화분 550개를 전달했다.    이 화분은 평일봉사단과 지역아동센터 아동이 직접 재배했다.    어버이날을 맞아 손편지와 함께 노인 가구와 결연 노인시설, 아동들 부모에게 배달된다.    현대차 관계자는 ""봉사자들과 아이들이 정성 들여 키운 새싹인삼으로 지역 어르신들과 각 가정 부모님들에게 건강한 웃음을 드릴 수 있으면 좋겠다""고 말했다.    현대차 평일봉사단은 2013년부터 도배기술, 풍선아트, 손발 마사지 등 9개 분야에서 지역 사회를 위한 다양한 재능기부 봉사활동을 펼쳐왔다.    canto@yna.co.kr

]",[2022.05.03. 오후 2:23]
"[베바스토, 현대차·기아에 전기차 배터리팩 공급한다]",https://n.news.naver.com/mnews/article/030/0003014711?sid=105,"[

			독일 자동차부품업체 베바스토가 충남 당진에 전기차용 배터리팩 생산공장을 완공했다.베바스토코리아는 3일 전기차 배터리 팩 생산 공장 준공식을 가졌다. 이날 준공식에는 최태봉 베바스토코리아 대표를 포함해 백익진 현대차그룹 상무, 소명수 충남도청 투자입지과 과장, 정본환 당진시청 경제환경국 국장 등이 참석했다.



충청남도 베바스토코리아 당진 전기차 배터리팩 생산공장 전경.베바스토코리아 당진 공장은 지난 2020년 수주한 현대차와 기아 전기차용 배터리 시스템 공급을 위해 신설됐다. 독일의 쉬어링 지역에 위치한 베바스토의 첫 번째 배터리 공장을 벤치마킹한 당진 공장은 연면적 약 2만2000㎡에 길이 90m, 너비 30m의 배터리 시스템 생산 라인을 갖추고 있다.현재 연간 11만개 배터리를 생산할 수 있으며 베바스토코리아는 2025년까지 연간 16만개로 늘릴 계획이다. 당진 공장에서 생산된 배터리 팩은 현대차그룹에 납품된다.현재 약 140명인 직원수도 2025년까지 240명으로 증가할 것으로 예상돼 당진 지역에 일자리 창출에도 기여할 전망이다. 베바스토코리아 당진 공장은 내부의 첨단 기술과 더불어 최첨단 태양광 발전 시스템을 지붕에 설치해 전기를 공급하는 등 지속가능성에 기반한 운영을 강화할 계획이다.최태봉 베바스토코리아 대표는 “수년동안 우리는 한국 자동차 루프시스템 시장의 선두주자였다. 이제는 베바스토의 배터리가 장착된 전기차가 한국에 출시될 예정이다”고 밝혔다.

]","[2022.05.03. 오후 3:04, 2022.05.03. 오후 3:11]"
"[호세 무뇨스 현대차 미주사장, 유럽·인도까지 총괄]",https://n.news.naver.com/mnews/article/023/0003689261?sid=101,"[

현대차 이사회 멤버로 합류							현대자동차 호세 무뇨스 COO(최고운영책임자)이자 미주대권역담당(사장)이 유럽·인도 등 주요 해외 시장을 총괄하게 됐다. 현대차 미국 법인은 “호세 무뇨스 사장이 유럽·인도·중동과 아프리카 지역 관리·운영도 담당하게 됐다”며 “내년 3월 주주총회를 통해 현대차 이사회 멤버로도 합류한다”고 2일(현지 시각) 밝혔다. 또, 무뇨스 사장은 미국 자율주행기술 업체 앱티브와 합작한 기업 ‘모셔널’의 이사로도 10일 합류한다. 북미와 중남미에 한정됐던 무뇨스 사장의 역할이 해외 주요 시장 총괄로 대폭 확대되는 것이다.



										무뇨스 사장이 현대차에 합류한 2019년 현대차의 미국 판매량은 71만대였다. 작년 현대차 미국 판매량은 79만대로 11% 성장했고, 현대차·기아의 미국 시장 점유율도 7위(2019년)에서 혼다와 닛산을 제치고 5위(9.9%)로 두 계단 뛰어올랐다. 장재훈 사장은 이번 인사에 대해 “호세는 확실히 검증된 리더”라며 “그의 역할 확장이 회사의 글로벌 경쟁력을 크게 향상시킬 것”이라고 말했다.스페인 출신인 무뇨스 사장은 PSA(푸조시트로앵)과 도요타 유럽 등을 거쳐 닛산에서 15년을 근무했다. 닛산 중국·북미 판매를 총괄하면서 기록적인 판매량을 달성했고, 업계에선 카리스마 넘치는 영업 전문가로 통한다. 자동차 업계 관계자는 “무뇨스 사장은 제네시스와 SUV 등 고가 차량의 북미 판매 확대에 기여했다”면서 “해외 핵심 지역을 총괄할 정도로 최고경영진의 신임이 두터운 것으로 안다”고 말했다.

]",[2022.05.04. 오전 3:02]
