,title,url
0,"[서상범 기자의 아!車!]비운(非運)의 대명사, 현대차 마르샤",http://biz.heraldcorp.com/view.php?ud=20151031000055
1,[석동빈기자의 카 라이프]17인치 휠 끼운 마르샤 …,http://www.donga.com/fbin/output?n=200709140007
2,"현대自, 신형차 마르샤 발표회",https://news.naver.com/main/read.naver?mode=LSD&mid=sec&sid1=101&oid=001&aid=0003984386
3,"現代車, 중대형 승용차 마르샤 시판",https://news.naver.com/main/read.naver?mode=LSD&mid=sec&sid1=101&oid=001&aid=0003909876
4,現自 뉴마르샤 21일부터 시판,https://news.naver.com/main/read.naver?mode=LSD&mid=sec&sid1=101&oid=001&aid=0004275460
5,"현대自, 「마르샤 2.5 V6 골드」 시판",https://news.naver.com/main/read.naver?mode=LSD&mid=sec&sid1=101&oid=001&aid=0004045908
6,"현대自, ‘마르샤 2.0 VL’ 시판",https://news.naver.com/main/read.naver?mode=LSD&mid=sec&sid1=101&oid=001&aid=0003946931
7,"현대自, 마르샤 판매 호조",https://news.naver.com/main/read.naver?mode=LSD&mid=sec&sid1=101&oid=001&aid=0003979761
8,마르샤 평행이론? 포지셔닝 실패 반복한 현대차,http://www.sisajournal-e.com/biz/article/177256
9,"가격 낮춘 현대차 '아슬란', 실패작 '마르샤' 전철 밟나",http://www.it.co.kr/news/article.html?no=2800815
10,2015 울마크 프라이즈 여성복 부문 '마르샤 팻모스' 우승,http://okfashion.co.kr/detail.php?number=35948&thread=81r22r01
11,"현대차 '아슬란', 마르샤 콤플렉스 극복할까",http://www.etoday.co.kr/news/section/newsview.php?idxno=972965
12,"`마르샤 아픈 기억` 현대차, AG로 또 한번 도전…성공할까?",http://news.mk.co.kr/news_forward.php?domain=news&no=798391&year=2014
13,"마르샤 팻모스, 2015년 울마크 프라이즈 여성복 부문 최종 우승",http://www.moneyweek.co.kr/news/mwView.php?type=1&no=2015032511108019913&outlink=1
14,[카 라이프]‘마르샤’와 사랑에 빠져 첫 차 ‘스쿠프’를 버리다,http://www.donga.com/fbin/output?n=200708310011
15,[글로벌 톡톡] 인테리어 기업 메이휴의 마르샤 메이휴 사장,http://news.hankyung.com/article/2018042023681
16,"루첸리, 히아시스 귀걸이 마르샤 반지 호평",http://www.mt.co.kr/view/mtview.php?type=1&no=2013060418071003739&outlink=1
17,기술주 따라 급락하는 비트코인...어디까지 떨어지나,http://www.opinionnews.co.kr/news/articleView.html?idxno=65653
18,"유준상 ""절벽으로 구른 교통사고에도 애마 마르샤 생각뿐"" (라디오스타)",http://tvdaily.co.kr/read.php3?aid=1421850564839099019
19,"‘런닝맨’ 바비킴, 나르샤에 “마르샤”라 불러 폭소",http://star.mbn.co.kr/view.php?no=1430387&year=2014
20,미주지역 독립운동 희귀 사진 대거 공개,http://www.cctimes.kr/news/articleView.html?idxno=657044
21,"""내사랑, 김태형♥"" 방탄소년단 뷔, 해외 셀럽들의 이어지는 '최애' 고백",http://star.mt.co.kr/stview.php?no=2020072207223843386
22,알바그다디 제거 작전명으로 쓰인 ‘케일라 뮬러’는 실존인물,http://www.segye.com/content/html/2019/10/28/20191028505776.html?OutUrl=naver
23,"[트리 오브 세이비어] 델무어 격전지 파티 난이도 추가, 온누리에 씨앗 심기 이벤트 진행",http://www.inven.co.kr/webzine/news/?news=269853&site=tos
24,"알칸타라 소파 브랜드 토레(TORRE), 롯데백화점 단독 특가전 진행",https://www.dailysecu.com/news/articleView.html?idxno=134844
25,"토레(TORRE), 3월 1일 롯데백화점 강남점, 영등포점 동시 오픈",https://www.dailysecu.com/news/articleView.html?idxno=134536
26,[시시콜콜 What] 겉과 속 다 바꾼 ‘그랜저’…33년 역사 돌아보니,http://www.hankookilbo.com/news/npath/201911200967071928?did=NA
27,꽃이라 쓰고… 위안이라 읽는다,http://www.segye.com/content/html/2018/07/03/20180703005508.html?OutUrl=naver
28,평창서 승용차·트럭 충돌...4명 사상,http://www.newsis.com/view/?id=NISX20171017_0000120179&cID=10805&pID=10800
29,모바일 MMORPG ‘이터널 라이트’ 7번째 직업 ‘어쌔신’ 업데이트 예고,http://www.thisisgame.com/webzine/game/nboard/225/?n=93513&utm_source=naver&utm_medium=outlink&utm_campaign=thisisgame&utm_content=93513&nogate
30,헤이긴 백악관 부비서실장 후임 내부인사 2명 '유력',http://news1.kr/articles/?3358624
31,[오종훈의 자동차 현대사] 그랜저ㆍ쏘나타 장점 섞었지만…수입차 밀물에 사라져,http://www.hankookilbo.com/v/9b20ec7b85b5450594ebfd614a197e4a
32,"가수 테일러 스위프트 美대선 앞두고 ""할 말은 하겠다""",http://news.mt.co.kr/mtview.php?no=2019030714464586766
33,[포스트]알아두면 재미있는 '그랜저 히스토리',http://www.bizwatch.co.kr/pages/view.php?uid=27204
34,회장님들의 ‘애마’ 체어맨도 역사 속으로,http://www.sisapress.com/article/172856
35,"[6G 그랜저]②""그랜저로 대답했습니다""",http://www.bizwatch.co.kr/pages/view.php?uid=27072
36,[금주의 힐링뉴스] 어느 노부부들의 따뜻한 이야기,http://www.betanews.net:8080/article/760843.html
37,"[영상pick] ""나는 항상 당신이 그리워요""…결혼 80주년 맞은 105살 할아버지의 고백",http://news.sbs.co.kr/news/endPage.do?news_id=N1004452447&plink=ORI&cooper=NAVER
38,[뉴요커의 아트레터]고객이 있는 곳으로···찾아가는 갤러리,https://www.sedaily.com/NewsView/22U7TRZQCD
39,평창서 트럭·승용차 충돌 1명 사망,http://www.kado.net/?mod=news&act=articleView&idxno=877989
40,"""포르셰보다 안 팔려""...현대차, '아슬란' 속앓이",http://biz.chosun.com/site/data/html_dir/2016/07/01/2016070100710.html
41,"'인도네시아도 태태랜드' 방탄소년단 뷔, '토코페디아' 무대서 과즙미 터지는 상큼+러블리 매력 발산하는 최고 인기남",http://www.topstarnews.net/news/articleView.html?idxno=14653267
42,[부자와 미술관] 동부엔 MoMA 서부엔 MOCA,http://shindonga.donga.com/3/all/13/526366/1
43,"중형도 준대형도 아닌 SM6, 애매해서 더 잘 나가?",http://www.nocutnews.co.kr/news/4550333
44,"SM6, 낀 차 신세? 존재감 확보?··· 어떤 길을 갈 것인가",http://news.khan.co.kr/kh_news/khan_art_view.html?artid=201602141526271&code=920508
45,"토레(TORRE), 11월 19일 롯데백화점 울산점 신규 오픈",https://www.dailysecu.com/news/articleView.html?idxno=131569
46,"미국, 백신 수천만 접종분 ‘쓰레기통’에…“멕시코와 백신 나누자”",https://news.kbs.co.kr/news/view.do?ncd=5324755&ref=A
47,"미국, 백신 수천만 접종분 ‘쓰레기통’에…“멕시코와 백신 나누자”",https://news.kbs.co.kr/news/view.do?ncd=5324634&ref=A
48,"[트리 오브 세이비어] 음양조화는 0티어, 퇴마부는 3티어? 8랭크 3서클 스킬 정보와 티어표",http://www.inven.co.kr/webzine/news/?news=204028&site=tos
49,'아슬란' 출시후 8개월…성적표는?,http://www.asiatoday.co.kr/view.php?key=20150703010002096
50,"베라크루즈, 현대차 단종의 역사 한 페이지를 장식",http://www.businesspost.co.kr/news/articleView.html?idxno=13590
51,"[소비이슈] 롯데백화점 대전점, 프리미엄 소파 브랜드 '토레(TORRE)' 신규 입점",http://www.sisunnews.co.kr/news/articleView.html?idxno=150588
52,자부심과 비아냥 교차하는 '인터넷 슈퍼카'의 계보,http://it.donga.com/20273/
53,2년간 주인 기다리는 '충견'…'주인은 살아계신다',http://www.segye.com/content/html/2014/11/27/20141127000810.html?OutUrl=naver
54,"토레(TORRE), 롯데백화점 잠실점에 신규 매장 11월 오픈",http://www.woodkorea.co.kr/news/articleView.html?idxno=55372
55,단종 위기…'아슬란' 출시 2주년 성적표는?,http://www.asiatoday.co.kr/view.php?key=20161028010017580
56,페북 이어 틱톡·유튜브 등도 청소년 유해 논란,https://www.etoday.co.kr/news/view/2072815
57,"[다함께차차차] 현대차 '아슬란', 최대의 적은 수입차가 아닌 바로 '현대차'",http://livingnjoy.hankooki.com/lpage/life/201409/l20140912132904131450.htm
58,오른팔 없는 3살 어린이 골프 도전 화제…단 한차례도 헛스윙 없어,http://www.sportsworldi.com/content/html/2014/08/31/20140831002420.html?OutUrl=naver
59,하반기 출격 예정 ‘AG’…현대차 ‘차급 파괴 잔혹사’ 끊을까,http://www.newsway.co.kr/view.php?tp=1&ud=2014070317404751152
60,“20년만 늦게 나왔다면…” 시대의 운을 잘못 타고난 국산 명차들,http://www.newsway.co.kr/view.php?tp=1&ud=2014040216204704088
61,"미 국토안보부 장관, 코로나19 돌파 감염",https://www.etoday.co.kr/news/view/2070795
62,"토레, 롯데백화점 광복점에 신규 매장 오픈",http://www.businesskorea.co.kr/news/articleView.html?idxno=78728
63,'중형차 대전' 개막 임박…11년만의 5파전 예고,http://app.yonhapnews.co.kr/YNA/Basic/SNS/r.aspx?c=AKR20160203159300003&did=1195m
64,"안슈츠 컴퍼니, AEG의 소유권 보유하기로",https://news.naver.com/main/read.naver?mode=LSD&mid=sec&sid1=004&oid=003&aid=0005032578
65,결국 사라지는 아슬란… 실패로 돌아간 '틈새 공략',http://www.sisaweek.com/news/articleView.html?idxno=99893
66,[팀장칼럼]현대차의 'Iconic Car'를 기다리며,http://biz.chosun.com/site/data/html_dir/2015/12/03/2015120302173.html
67,"독립기념관, 2차 기증자료 특별전",http://www.bzeronews.com/news/articleView.html?idxno=490049
68,[오종훈의 자동차 현대사] 정주영이 김정일에 선물했던 ‘다이너스티’,http://www.hankookilbo.com/v/112fd571fa5e4285a0bf0629c94a9242
69,평창군 평창읍 후평리 다수삼거리 입구에 승용차와 화물차 충돌…4명 사상,http://www.kwnews.co.kr/view.asp?aid=217101600166&s=501
70,"현대차 新세단 `살룬`, 포지션 ""애매합니다!""",http://news.mk.co.kr/news_forward.php?domain=news&no=43186&year=2012
71,"방탄소년단 뷔가 읽은 그 책, 인도네시아 출간..韓·日베스트 셀러에 이어 '막강 글로벌 영향력'",http://star.mt.co.kr/stview.php?no=2021092907163523905
72,[욕하면서 보는 이우석부장의 아재개그]카카카~도시인의 삶,http://www.sportsseoul.com/news/read/530118
73,"[장성 '옐로우시티', 미래를 디자인하다 <19>] 희망 키우는 청년농부들",http://www.mdilbo.com/detail/OHgHbZ/654307
74,현대차 수입차 대항마 '아슬란' 출격…아픈 과거 털어낼까?,http://sbscnbc.sbs.co.kr/read.jsp?pmArticleId=10000697700
75,[명작으로 여는 리더의 톡 톡 톡(talk)]요리와 와인은 부부같은 관계 - 와인 ② - 마리아주(marriage: 결혼),http://www.kbizweek.com/cp/view.asp?vol_no=681&art_no=41&sec_cd=1660
76,英 흑백쌍둥이 자매 “우리 이만큼 컸어요”,http://nownews.seoul.co.kr/news/newsView.php?id=20070705601001
77,온라인 車보험시장에 佛바람 불까,http://news.mk.co.kr/news_forward.php?no=262405&year=2007
78,"교보악사車보험, `오두환號` 체제 유지",http://www.edaily.co.kr/news/newspath.asp?newsid=01128326583129248
79,"교보자보, '교보악사자보'로 재탄생",https://news.naver.com/main/read.naver?mode=LSD&mid=sec&sid1=101&oid=011&aid=0000182138
80,"토레(TORRE), 롯데백화점 구리점에 6일 신규 매장 오픈",https://www.asiatoday.co.kr/view.php?key=20210903001307023
81,순천·강진서 교통사고 2명 사망,https://news.naver.com/main/read.naver?mode=LSD&mid=sec&sid1=102&oid=001&aid=0006683322
82,[종합]순천서 승용차 충돌 3명 사상,http://www.newsis.com/ar_detail/view.html?ar_id=NISX20140104_0012637661&cID=10809&pID=10800
83,"매코널, 바이든 탄핵 시도 없을 것",http://www.fnnews.com/news/202109021427428347
84,블론디 1월 27일자,http://www.hankookilbo.com/v/8e0489ff6017428f9ba57bfb56d21c7a
85,"토레(TORRE), 롯데아울렛 광교점에 ‘5번째 직영점 오픈’",https://www.asiatoday.co.kr/view.php?key=20210830001025551
86,다이아몬드 대명사 루첸리 MBC 드라마서 인기,http://news.kukinews.com/article/view.asp?page=1&gCode=cul&arcid=0007240111&cp=nv
87,루첸리 다이아몬드 귀고리ㆍ반지 연속극 통해 호평,http://biz.heraldcorp.com/view.php?ud=20130601000076
88,[김양혁의 명차 히스토리] 그랜저,http://www.ekn.kr/news/article.html?no=253687
89,울산 시내서 승용차 충돌로 6명 부상,https://news.naver.com/main/read.naver?mode=LSD&mid=sec&sid1=102&oid=001&aid=0006087687
90,<回轉木馬> 자동차시장의 오리와 백조,https://news.naver.com/main/read.naver?mode=LSD&mid=sec&sid1=101&oid=001&aid=0004246636
91,<자동차 화제> 新車들의 성적표,https://news.naver.com/main/read.naver?mode=LSD&mid=sec&sid1=101&oid=001&aid=0004010340
92,[사진뉴스]서해안고속도로 몽탄2터널 다중 추돌사고,http://www.ksilbo.co.kr/news/articleView.html?idxno=558617
93,귀성길 정체 속 서해안고속도로 잇단 충·추돌…6명 부상,http://app.yonhapnews.co.kr/YNA/Basic/SNS/r.aspx?c=AKR20160915032700054&did=1195m
94,"그랜저 30년, 그 격전의 기록",http://www.thescoop.co.kr/news/articleView.html?idxno=20612
95,"‘백만분의 일’ 확률 ‘흑백쌍둥이’, 초등학교 입학",http://www.tvreport.co.kr/cindex.php?c=news&m=viewv4&artclid=64347
96,"""한미, 안보·공급망 모든 분야서 협력할 유일 파트너""",http://www.edaily.co.kr/news/newspath.asp?newsid=04014726629117144
97,"'절반의 성공' 아슬란, 판매량 증대보다 정체성 확립 필요",http://www.asiatoday.co.kr/view.php?key=20151029010016689
98,"한·미 당국자, ""핵심 기술 분야 양국 협력이 공급망 문제 해결에 중요""",https://www.khan.co.kr/world/world-general/article/202107221231001
99,"현대차, ‘車는 단종 됐어도 고객은 영원하다’",http://www.newsway.co.kr/view.php?tp=1&ud=2015091619550510600
100,순천·강진서 교통사고 2명 사망,https://news.naver.com/main/read.naver?mode=LSD&mid=sec&sid1=102&oid=001&aid=0006683322
101,[종합]순천서 승용차 충돌 3명 사상,http://www.newsis.com/ar_detail/view.html?ar_id=NISX20140104_0012637661&cID=10809&pID=10800
102,"매코널, 바이든 탄핵 시도 없을 것",http://www.fnnews.com/news/202109021427428347
103,블론디 1월 27일자,http://www.hankookilbo.com/v/8e0489ff6017428f9ba57bfb56d21c7a
104,"토레(TORRE), 롯데아울렛 광교점에 ‘5번째 직영점 오픈’",https://www.asiatoday.co.kr/view.php?key=20210830001025551
105,다이아몬드 대명사 루첸리 MBC 드라마서 인기,http://news.kukinews.com/article/view.asp?page=1&gCode=cul&arcid=0007240111&cp=nv
106,루첸리 다이아몬드 귀고리ㆍ반지 연속극 통해 호평,http://biz.heraldcorp.com/view.php?ud=20130601000076
107,[김양혁의 명차 히스토리] 그랜저,http://www.ekn.kr/news/article.html?no=253687
108,울산 시내서 승용차 충돌로 6명 부상,https://news.naver.com/main/read.naver?mode=LSD&mid=sec&sid1=102&oid=001&aid=0006087687
109,<回轉木馬> 자동차시장의 오리와 백조,https://news.naver.com/main/read.naver?mode=LSD&mid=sec&sid1=101&oid=001&aid=0004246636
110,울산 시내서 승용차 충돌로 6명 부상,https://news.naver.com/main/read.naver?mode=LSD&mid=sec&sid1=102&oid=001&aid=0006087687
111,<回轉木馬> 자동차시장의 오리와 백조,https://news.naver.com/main/read.naver?mode=LSD&mid=sec&sid1=101&oid=001&aid=0004246636
112,<자동차 화제> 新車들의 성적표,https://news.naver.com/main/read.naver?mode=LSD&mid=sec&sid1=101&oid=001&aid=0004010340
113,[사진뉴스]서해안고속도로 몽탄2터널 다중 추돌사고,http://www.ksilbo.co.kr/news/articleView.html?idxno=558617
114,귀성길 정체 속 서해안고속도로 잇단 충·추돌…6명 부상,http://app.yonhapnews.co.kr/YNA/Basic/SNS/r.aspx?c=AKR20160915032700054&did=1195m
115,"그랜저 30년, 그 격전의 기록",http://www.thescoop.co.kr/news/articleView.html?idxno=20612
116,"‘백만분의 일’ 확률 ‘흑백쌍둥이’, 초등학교 입학",http://www.tvreport.co.kr/cindex.php?c=news&m=viewv4&artclid=64347
117,"‘중형차 5파전’, 중형세단 부활 신호탄?",http://www.ekn.kr/news/article.html?no=199253
118,"""한미, 안보·공급망 모든 분야서 협력할 유일 파트너""",http://www.edaily.co.kr/news/newspath.asp?newsid=04014726629117144
119,"'절반의 성공' 아슬란, 판매량 증대보다 정체성 확립 필요",http://www.asiatoday.co.kr/view.php?key=20151029010016689
120,국산 중형車 시장 '5파전' 돌입 예고,http://www.ksilbo.co.kr/news/articleView.html?idxno=534134
121,"""한미, 안보·공급망 모든 분야서 협력할 유일 파트너""",http://www.edaily.co.kr/news/newspath.asp?newsid=04014726629117144
122,"'절반의 성공' 아슬란, 판매량 증대보다 정체성 확립 필요",http://www.asiatoday.co.kr/view.php?key=20151029010016689
123,"한·미 당국자, ""핵심 기술 분야 양국 협력이 공급망 문제 해결에 중요""",https://www.khan.co.kr/world/world-general/article/202107221231001
124,"현대차, ‘車는 단종 됐어도 고객은 영원하다’",http://www.newsway.co.kr/view.php?tp=1&ud=2015091619550510600
125,내달 車보험료 모델별 차등화,http://www.busanilbo.com/news2000/html/2007/0306/020020070306.1014112859.html
126,분쟁지역 아이들에게 '평화'를 들려주세요,http://www.kookje.co.kr/news2011/asp/newsbody.asp?code=0500&key=20150620.22014190949
127,"아슬란, 그랜저보다 싸게 할인해도 안팔려",http://www.edaily.co.kr/news/newspath.asp?newsid=01161126609366952
128,[그때 그 차들②]코란도·무쏘 지금도 10만대 이상 '씽씽',http://www.edaily.co.kr/news/newspath.asp?newsid=01154566609334808
129,블론디(4월4일자),http://www.hankookilbo.com/v/cf318418e4e24c24bc0c69fdc7028fb4
130,내달 車보험료 모델별 차등화,http://www.busanilbo.com/news2000/html/2007/0306/020020070306.1014112859.html
131,분쟁지역 아이들에게 '평화'를 들려주세요,http://www.kookje.co.kr/news2011/asp/newsbody.asp?code=0500&key=20150620.22014190949
132,"아슬란, 그랜저보다 싸게 할인해도 안팔려",http://www.edaily.co.kr/news/newspath.asp?newsid=01161126609366952
133,[그때 그 차들②]코란도·무쏘 지금도 10만대 이상 '씽씽',http://www.edaily.co.kr/news/newspath.asp?newsid=01154566609334808
134,블론디(4월4일자),http://www.hankookilbo.com/v/cf318418e4e24c24bc0c69fdc7028fb4
135,광양서 승용차 충돌…6명 경상,http://www.newsis.com/ar_detail/view.html?ar_id=NISX20150222_0013491485&cID=10809&pID=10800
136,[당신이 모르는 엑스포 스토리 ①] 루이뷔통·에르메스·미니스커트까지…미래 씨앗 틔우는 엑스포,http://www.busan.com/view/busan/view.php?code=2021070213592447535
137,이미 죽은 주인을 병원에서 기다리는 개(사진),http://www.huffingtonpost.kr/2014/11/27/story_n_6229884.html
138,"현대, 全車種 생산체제 갖춰",https://news.naver.com/main/read.naver?mode=LSD&mid=sec&sid1=101&oid=001&aid=0003977646
139,오른팔 없는 세 살 어린이 골퍼 '불가능은 없다',http://golfhankook.hankooki.com/01_news/NewsView.php?category=2&gsno=10179757
140,오른팔 없는 세 살 어린이 골퍼 '불가능은 없다',http://golfhankook.hankooki.com/01_news/NewsView.php?category=2&gsno=10179757
141,"오른팔 없는 3세 어린이, 골프 도전 화제",http://www.hankookilbo.com/v/2f538bf8da0c41259aa6022272d3005e
142,"프리미엄 가구 브랜드 ‘토레’, 롯데 메종 동부산점 25일 입점",https://www.etoday.co.kr/news/view/2037634
143,현대차 신형세단 'AG' 차명은 어떤게 좋을까?,http://www.asiatoday.co.kr/view.php?key=20140602010001169
144,"[기자파일]현대차 AG 차명, '다이너스티'는 어떨까",http://autotimes.hankyung.com/apps/news.sub_view?popup=0&nid=01&c1=01&c2=01&c3=00&nkey=201406011555161
145,순천·강진서 교통사고 2명 사망,http://www.ytn.co.kr/_ln/0115_201401041737394965
146,"르노삼성차, F1경주차에 로고 싣는다",http://autotimes.hankyung.com/apps/news.sub_view?popup=0&nid=02&c1=02&c2=02&c3=00&nkey=201202091056081
147,‘스타워즈’ 루카스 감독 대리모 통해 셋째딸 얻었다,http://news.kukinews.com/article/view.asp?page=1&gCode=kmi&arcid=0007460376&cp=nv
148,[나에게도 천사의 날개가 있었다] (10) 선박보험,http://www.fnnews.com/view?ra=Sent0401m_01A&corp=fnnews&arcid=201306030100007800000326&cDateYear=2013&cDateMonth=06&cDateDay=02&
149,승용차끼리 추돌 6명 부상,http://www.iusm.co.kr/news/articleView.html?idxno=277722
150,"‘스타워즈’ 감독 조지 루카스, 25세 연하와 약혼",http://news.donga.com/3/all/20130104/52058150/1
151,"""포카리 온다!"" 응답하라 1997 `티뷰론`..요즘은 얼마?",http://www.edaily.co.kr/news/newspath.asp?newsid=01180806599660448
152,호남고속도로 4중 추돌… 2명 숨지고 10여명 중경상,http://news.kukinews.com/article/view.asp?page=1&gCode=kmi&arcid=0006224991&cp=nv
153,[종합]호남고속道 4중 추돌 2명 사망,https://news.naver.com/main/read.naver?mode=LSD&mid=sec&sid1=102&oid=003&aid=0004594968
154,대담한 보험사기 커플 덜미,http://www.knn.co.kr/news/todaynews_read.asp?ctime=20120217154608&stime=20120217165154&etime=20120217153633&userid=kgh&newsgubun=accidents
155,"[시승기] ""디젤 같은 가솔린""…현대자동차 'i40 살룬'",http://www.imaeil.com/sub_news/sub_news_view.php?news_id=8804&yy=2012
156,[르포]유럽 젊은이 분노의 현장을 가다,http://biz.chosun.com/site/data/html_dir/2011/11/07/2011110700894.html
157,"[시승기] 현대차 i40, 높은 완성도로 중무장…지향점은?",http://biz.chosun.com/site/data/html_dir/2011/09/02/2011090201679.html
158,"양승석 현대차 사장 ""i40는 유럽 겨냥한 '꿈의 차'""",http://www.ajnews.co.kr/common/redirect.jsp?newsId=20110901000441
159,"현대차, i40 앞세워 유럽 공략..""내년 5% 점유율 달성""",http://www.edaily.co.kr/news/newspath.asp?newsid=02207446596375856
160,한국 공군의 뿌리 '윌로우스 비행학교' 사진 첫 공개,http://yna.kr/AKR20210513043700063?did=1195m
161,대한민국 공군 뿌리 '한인 비행가양성소' 사진자료 첫 공개,https://www.news1.kr/articles/?4304212
162,'성탄 한파' 속 전국 곳곳서 화재..동사자도 발생,https://news.naver.com/main/read.naver?mode=LSD&mid=sec&sid1=102&oid=001&aid=0004837522
163,경남 고성서 교통사고..몽골인 2명 사상,https://news.naver.com/main/read.naver?mode=LSD&mid=sec&sid1=102&oid=001&aid=0004837194
164,"美 연구진, 코로나19 생사 좌우 단백질 식별에 성공",http://www.fnnews.com/news/202105061455577492
165,"선교한국 2010, 외국인 참가자들의 도전… “믿음의 열정·헌신 배워 고국에 전파할 것”",http://news.kukinews.com/article/view.asp?page=1&gCode=kmi&arcid=0003984214&cp=nv
166,[플라워 스타일링]청량함을 더하는 유리 화기 연출법,http://lady.khan.co.kr/khlady.html?mode=view&code=8&artid=201006041713471&pt=nv
167,[플라워 스타일링]감사의 마음을 담은 5월의 꽃바구니,http://lady.khan.co.kr/khlady.html?mode=view&code=8&artid=201005061623341&pt=nv
168,광양서 승용차 충돌…3명 사상,https://news.naver.com/main/read.naver?mode=LSD&mid=sec&sid1=102&oid=003&aid=0003153094
169,<표> 국산차 모델별 등급,https://news.naver.com/main/read.naver?mode=LSD&mid=sec&sid1=101&oid=001&aid=0003150178
170,"美 연구진, 코로나19 생사 좌우 단백질 식별에 성공",http://www.fnnews.com/news/202105061455577492
171,"선교한국 2010, 외국인 참가자들의 도전… “믿음의 열정·헌신 배워 고국에 전파할 것”",http://news.kukinews.com/article/view.asp?page=1&gCode=kmi&arcid=0003984214&cp=nv
172,[플라워 스타일링]청량함을 더하는 유리 화기 연출법,http://lady.khan.co.kr/khlady.html?mode=view&code=8&artid=201006041713471&pt=nv
173,[플라워 스타일링]감사의 마음을 담은 5월의 꽃바구니,http://lady.khan.co.kr/khlady.html?mode=view&code=8&artid=201005061623341&pt=nv
174,광양서 승용차 충돌…3명 사상,https://news.naver.com/main/read.naver?mode=LSD&mid=sec&sid1=102&oid=003&aid=0003153094
175,<표> 국산차 모델별 등급,https://news.naver.com/main/read.naver?mode=LSD&mid=sec&sid1=101&oid=001&aid=0003150178
176,우수 강사 확보가 성공의 열쇠…원어민 강사 파격 대우,http://www.imaeil.com/sub_news/sub_news_view.php?news_id=46522&yy=2009
177,"SM7, 싼타페보다 보험료 33%나 더 내야",http://www.khan.co.kr/kh_news/art_view.html?artid=200903101532372&code=920508
178,광주.전남 휴일 교통사고 잇따라..13명 부상,https://news.naver.com/main/read.naver?mode=LSD&mid=sec&sid1=102&oid=001&aid=0002081641
179,[석동빈 기자의 카 라이프]안전장치 패키지 판매 유감,http://www.donga.com/fbin/output?n=200802190021
180,[석동빈 기자의 카 라이프]안전장치 패키지 판매 유감,http://www.donga.com/fbin/output?n=200802190021
181,"토레(TORRE), 롯데백화점 인천터미널점 매장 신규 오픈",http://www.businesskorea.co.kr/news/articleView.html?idxno=64937
182,[사건.사고] 만취 운전 충돌사고 부부 숨져,http://www.busanilbo.com/news2000/html/2007/0321/0D0020070321.1012112146.html
183,새벽 대구서 잇딴 교통사고... 11명 사상,https://news.naver.com/main/read.naver?mode=LSD&mid=sec&sid1=102&oid=003&aid=0000350773
184,밤 사이 잇단 교통사고…3명 사망,http://www.cbs.co.kr/Nocut/Show.asp?IDX=466176
185,대구서 만취운전 추돌사고로 일가족 참변,http://news.sbs.co.kr/section_news/news_read.jsp?news_id=N1000234076
186,광양서 4중 추돌...5명 부상,https://news.naver.com/main/read.naver?mode=LSD&mid=sec&sid1=115&oid=057&aid=0000050679
187,"홍준표 ""오세훈, 당 어려울때 선탠하고 있었지?""",http://www.cbs.co.kr/Nocut/Show.asp?IDX=206592
188,"""車 보험료 1만원 더 내면 외제차 접촉사고 공포 끝""",https://news.naver.com/main/read.naver?mode=LSD&mid=sec&sid1=101&oid=011&aid=0000043010
189,"이승엽 아버지, 아들때문에 유명세",https://sports.news.naver.com/news.nhn?oid=003&aid=0000034222
190,"이승엽 아버지, 아들때문에 유명세",https://sports.news.naver.com/news.nhn?oid=003&aid=0000034222
191,[부산/경남]예산부족 울산시 관용차 교체 ‘눈총’,https://news.naver.com/main/read.naver?mode=LSD&mid=sec&sid1=102&oid=020&aid=0000161222
192,"토레, 3월 말 ‘롯데백화점 미아점’ 신규 매장 오픈",https://www.etoday.co.kr/news/view/2008066
193,[기획연재|평화실화 자료공개<10>] 이집트 대통령 인사 담긴 감사패‧인도 범종교단체 감사장,http://www.newscj.com/news/articleView.html?idxno=841387
194,"경찰관 운전차량 중앙선 추월, 2명 사망",https://news.naver.com/main/read.naver?mode=LSD&mid=sec&sid1=102&oid=001&aid=0004403388
195,승용차 전주받아 3명 死傷,https://news.naver.com/main/read.naver?mode=LSD&mid=sec&sid1=102&oid=001&aid=0004190203
196,"<자동차 화제> 車업체들, 공장별 역할조정 작업 한창",https://news.naver.com/main/read.naver?mode=LSD&mid=sec&sid1=101&oid=001&aid=0004114977
197,계열사 직원 친인척에 車 파격적 할인,https://news.naver.com/main/read.naver?mode=LSD&mid=sec&sid1=101&oid=001&aid=0003956808
198,"화물차와 승용차 2대 충돌,3명 死傷",https://news.naver.com/main/read.naver?mode=LSD&mid=sec&sid1=102&oid=001&aid=0004003842
199,"現代自, 대형승용차 2백10만원까지 할인",https://news.naver.com/main/read.naver?mode=LSD&mid=sec&sid1=101&oid=001&aid=0003946216
200,"現代, 起亞自 자동변속기 가격 인상",https://news.naver.com/main/read.naver?mode=LSD&mid=sec&sid1=101&oid=001&aid=0003949208
201,"생산차질 불구, 現代自 내수시장 독주 계속",https://news.naver.com/main/read.naver?mode=LSD&mid=sec&sid1=101&oid=001&aid=0003993496
202,"자동차 내수는 침체, 수출은 폭증",https://news.naver.com/main/read.naver?mode=LSD&mid=sec&sid1=101&oid=001&aid=0004012933
203,올해 자동차 시장 `大戰' 예상,https://news.naver.com/main/read.naver?mode=LSD&mid=sec&sid1=101&oid=001&aid=0003912798
204,현대.기아 새모델 가격 높게 책정할 예정,https://news.naver.com/main/read.naver?mode=LSD&mid=sec&sid1=101&oid=001&aid=0003919573
205,"방탄소년단 뷔, 인도네시아 반둥 공대 '응원 요정' 등장..인도네시아는 '뷔 홀릭ing♥'",http://star.mt.co.kr/stview.php?no=2021031608370619212
206,"미, '기후협약' 복귀…바이든 행정부의 환경 정책은?｜아침& 세계",http://news.jtbc.joins.com/article/article.aspx?news_id=NB11989124
207,"바이든, 퍼지 오하이오주 하원의원을 주택장관에 임명",http://www.newsis.com/view/?id=NISX20201209_0001263083&cID=10101&pID=10100
208,"파리떼·쓰레기 속 아이들 가둔 美 엄마… 체포 후 ""애완용 거미와 고양이 걱정돼""",http://news.mt.co.kr/mtview.php?no=2020120313011047261
209,"먹을 것도 없이 유아 둘 방치한 매정한 엄마, 경찰관에게 한 말이 너무 소름 돋는다",https://www.wikitree.co.kr/articles/597073
210,쓰레기 집에 어린 아들 방치한 20대… 체포되자 “고양이 걱정돼”,http://moneys.mt.co.kr/news/mwView.php?no=2020120314208071820
211,"먹을 것도 없이 유아 둘 방치한 매정한 엄마, 경찰관에게 한 말이 너무 소름 돋는다",https://www.wikitree.co.kr/articles/597073
212,"자녀 학대, 세계 곳곳서 잇따라",http://www.busan.com/view/busan/view.php?code=2020120212581069351
213,"[동승기] 가슴 찡한 시간 여행, 현대차 1세대 그랜저",http://www.rpm9.com/news/article.html?id=20201113090001
214,코로나19 불황에도 건제한 세단의 핵심주역 '그랜저',http://www.mediapen.com/news/view/547191
215,방탄소년단 뷔 인도네시아 TV뉴스 집중 보도 '눈길',http://star.mt.co.kr/stview.php?no=2020073109333315187
216,英 보리스 총리 “코로나19 극복 도움 준 교회에 감사”,https://www.christiantoday.co.kr/news/332782
217,[트리 오브 세이비어] 카발 너프와 팔라딘 상향! 신규 챌린지 모드와 레전드 마녀 던전 추가,http://www.inven.co.kr/webzine/news/?news=240347&site=tos
218,"미국 워싱턴 대주교, 인종주의 강력 비판",http://www.catholicnews.co.kr/news/articleView.html?idxno=22729
219,원주서 어린이집 통학차량 추돌사고,http://www.kwnews.co.kr/view.asp?aid=220041600153&s=501
220,코로나19 불황에도 건제한 세단의 핵심주역 '그랜저',http://www.mediapen.com/news/view/547191
221,방탄소년단 뷔 인도네시아 TV뉴스 집중 보도 '눈길',http://star.mt.co.kr/stview.php?no=2020073109333315187
222,英 보리스 총리 “코로나19 극복 도움 준 교회에 감사”,https://www.christiantoday.co.kr/news/332782
223,[트리 오브 세이비어] 카발 너프와 팔라딘 상향! 신규 챌린지 모드와 레전드 마녀 던전 추가,http://www.inven.co.kr/webzine/news/?news=240347&site=tos
224,"미국 워싱턴 대주교, 인종주의 강력 비판",http://www.catholicnews.co.kr/news/articleView.html?idxno=22729
225,원주서 어린이집 통학차량 추돌사고,http://www.kwnews.co.kr/view.asp?aid=220041600153&s=501
226,[코로나19] 트럼프 참석한 콘퍼런스서 확진자 발생...미국 정치권 '비상',http://www.newspim.com/news/view/20200308000207
227,[김준형의 오토 인사이드] 2019 히트작 더 뉴 그랜저…현대차의 말 못 할 고민,http://www.etoday.co.kr/news/section/newsview.php?idxno=1839514
228,"‘USA’ 경제 회복, 사회는 쇠퇴…‘모순의 시대’ 관통하다",https://www.seoul.co.kr/news/newsView.php?id=20191230009024&wlog_tag3=naver
229,"에버시네마 청소년 영상체험학습전, 유튜브 방송인 '기몌' 김혜진 출연",http://www.sisunnews.co.kr/news/articleView.html?idxno=114660
230,"에버시네마, 청소년 영상 체험학습 감동 속에 연일 매진",http://www.seoulwire.com/news/articleView.html?idxno=236367
231,[탐방] 대학로 SH아트홀 '대한민국청소년영상체험학습전'을 다녀오다,http://www.newsfreezone.co.kr/news/articleView.html?idxno=202555
232,"에버시네마, 청소년 영상체험 학습 감동 속에 연일 매진",http://www.getnews.co.kr/view.php?ud=2019101411040155596cf2d78c68_16
233,"에버시네마, 청소년 영상 체험학습 연일 매진 행렬",http://www.mhns.co.kr/news/articleView.html?idxno=302266
234,"에버시네마, 청소년 영상 체험학습에 청소년들 환호성",http://www.asiatime.co.kr/news/articleView.html?idxno=270016
235,"에버시네마, 청소년 영상 체험학습에 초중고생들 연일 매진",http://www.sisa-news.com/news/article.html?no=120590
236,"에버시네마, 청소년 영상체험학습전에 초중고생들 몰린다.",http://www.seoulwire.com/news/articleView.html?idxno=210179
237,"에버시네마, 청소년 영상체험학습전에 영화인총연합회 강사 지원",http://sports.khan.co.kr/news/sk_index.html?art_id=201908301432003&sec_id=540401&pt=nv
238,"에버시네마, 청소년 영상체험학습전에 (사)영화인총연합회 강사 지원",http://www.sisa-news.com/news/article.html?no=120375
239,"'테라클래식', 티끌모아 대박 능력치! 코스튬 모을수록 전투력 상승",http://www.gamechosun.co.kr/webzine/article/view.php?no=158282
240,"에버시네마 청소년 영상체험 현장학습전, 김보성, 김추리, 박두원 선생님으로 참여",http://www.asiatime.co.kr/news/articleView.html?idxno=266206
241,"[현미경] 美총기협회, 年 5000억원 굴리며 의원들 6개 등급 관리",http://news.chosun.com/site/data/html_dir/2019/08/09/2019080900288.html?utm_source=naver&utm_medium=original&utm_campaign=news
242,"[여기는 튀니지] 튀니지, 어느 별에서 온 나라니?",http://www.opinionnews.co.kr/news/articleView.html?idxno=20184
243,[오늘의 세계] 아이 볼 때 한 눈 팔면 안 되는 이유,http://www.obsnews.co.kr/news/articleView.html?idxno=1165021
244,[클릭@지구촌] 철봉에 거꾸로 매달려 큐브 맞추기 신기록,http://news.kbs.co.kr/news/view.do?ncd=4229397&ref=A
245,아빠車의 진화 `코티나→스텔라→쏘나타`,http://premium.mk.co.kr/view.php?no=25608
246,"채널 OCN 영화 '23 아이덴티티' 재방영, 한 개의 몸과 다중 인격의 치밀한 범죄 계획",http://www.mhns.co.kr/news/articleView.html?idxno=210269
247,"35년 국민차, 오빠차로 돌아왔다… 8세대 쏘나타 밀레니얼 세대를 겨냥하다",http://news.mk.co.kr/newsRead.php?year=2019&no=265501
248,"인기 상승하는 오마르 의원, 민주당 내 반트럼프 상징으로",http://yna.kr/AKR20190416139700009?did=1195m
249,현대차 1세대 ‘소나타’에서 8세대 ‘쏘나타’까지…35년 변천사,http://www.hankookilbo.com/news/npath/201904051574036866?did=NA
250,[최기성의 허브車]쏘나타 35년 역사 ‘모토로라→블랙베리→아이폰’,https://www.mk.co.kr/news/column/view/2019/03/184316/
251,"가이아, 모바일 MMORPG ‘이터널라이트’ 신규 콘텐츠 ‘동료 시스템’ 업데이트",http://www.thisisgame.com/webzine/game/nboard/225/?n=92309&utm_source=naver&utm_medium=outlink&utm_campaign=thisisgame&utm_content=92309&nogate
252,"더 가볍게, 더 강하게…국민차 쏘나타 '8번의 진화'",http://www.edaily.co.kr/news/newspath.asp?newsid=01243126622423648
253,'소나타~8세대 쏘나타'… 현대차 간판모델 '쏘나타' 30년 변천사,http://biz.newdaily.co.kr/site/data/html/2019/03/13/2019031300021.html
254,"토레카사, 신세계백화점 하남점 매장 확장",http://www.leaders.kr/news/articleView.html?idxno=86611
255,"[1월 10일] 검은사막 모바일, 신규 지역 '발렌시아' 추가 등 게임 업계 핫 클립",http://www.gameple.co.kr/news/articleView.html?idxno=146307
256,"‘이터널 라이트’, 신규 던전 ‘여명 대성당’ 추가 및 ‘데스나이트’ 업데이트 예고",http://www.thisisgame.com/webzine/game/nboard/225/?n=90272&utm_source=naver&utm_medium=outlink&utm_campaign=thisisgame&utm_content=90272&nogate
257,"[오늘의 게임소식] 1/10 '마블 퓨처파이트', '판타스틱 4' 업데이트 실시 등",http://game.donga.com/90978/
258,116대 의회 위원회 구성 주목…롬니·그레이엄·크루즈 상원 외교위 합류,https://www.voakorea.com/a/4736136.html
259,가구를 통한 예술의 대중화를 꿈꾸는 '알칸타라 토레',http://www.siminilbo.co.kr/news/articleView.html?idxno=596125
260,"토레카사, 신세계백화점 하남점 매장 확장",http://www.leaders.kr/news/articleView.html?idxno=86611
261,"[1월 10일] 검은사막 모바일, 신규 지역 '발렌시아' 추가 등 게임 업계 핫 클립",http://www.gameple.co.kr/news/articleView.html?idxno=146307
262,"‘이터널 라이트’, 신규 던전 ‘여명 대성당’ 추가 및 ‘데스나이트’ 업데이트 예고",http://www.thisisgame.com/webzine/game/nboard/225/?n=90272&utm_source=naver&utm_medium=outlink&utm_campaign=thisisgame&utm_content=90272&nogate
263,"[오늘의 게임소식] 1/10 '마블 퓨처파이트', '판타스틱 4' 업데이트 실시 등",http://game.donga.com/90978/
264,116대 의회 위원회 구성 주목…롬니·그레이엄·크루즈 상원 외교위 합류,https://www.voakorea.com/a/4736136.html
265,가구를 통한 예술의 대중화를 꿈꾸는 '알칸타라 토레',http://www.siminilbo.co.kr/news/articleView.html?idxno=596125
266,"'23 아이덴티티' 제임스 맥어보이, 훈훈한 비하인드 스토리는? '관심'",http://www.straightnews.co.kr/news/articleView.html?idxno=40302
267,"아버지 손잡고 미 국경 넘던 과테말라 8살, 성탄절에 숨져",http://www.hani.co.kr/arti/international/international_general/875837.html
268,[책꽂이-둘의 힘] 창조성은 하나 아닌 둘일 때 폭발한다,http://www.sedaily.com/NewsView/1S7AUDR1IL
269,[시승기]캠리 새 대안 '토요타 신병기' 올 뉴 아발론 하이브리드,http://www.mediapen.com/news/view/394890
270,"가이아모바일 '이터널라이트', 신규 던전 '여명 대성당' 추가",http://www.newstomato.com/ReadNews.aspx?no=869102
271,가구를 통한 예술의 대중화를 꿈꾸는 '알칸타라 토레',http://www.siminilbo.co.kr/news/articleView.html?idxno=596125
272,"'23 아이덴티티' 제임스 맥어보이, 훈훈한 비하인드 스토리는? '관심'",http://www.straightnews.co.kr/news/articleView.html?idxno=40302
273,"아버지 손잡고 미 국경 넘던 과테말라 8살, 성탄절에 숨져",http://www.hani.co.kr/arti/international/international_general/875837.html
274,[책꽂이-둘의 힘] 창조성은 하나 아닌 둘일 때 폭발한다,http://www.sedaily.com/NewsView/1S7AUDR1IL
275,[시승기]캠리 새 대안 '토요타 신병기' 올 뉴 아발론 하이브리드,http://www.mediapen.com/news/view/394890
276,"[美중간선거 D-5] ""'최대격전지' 플로리다, 민주당 상원·주지사 우세""",http://www.newspim.com/news/view/20181101000539
277,10일도 채 남지 않은 미국 중간선거의 10가지 관전포인트,https://www.huffingtonpost.kr/entry/story_kr_5bd43fbae4b0d38b5883c67b?utm_id=naver
278,"국립보건연구원, '2018년 국제 여성건강연구 심포지엄' 개최",http://www.fnnews.com/news/201809120916170705
279,"KBL, 외국인 전문가 초빙해 세일즈&마케팅 강의 진행",http://www.rookie.co.kr/news/articleView.html?idxno=21951
280,[취재파일] MB 재판 ⑩ - '이팔성 비망록'에 꼼꼼히 써놓은 뇌물,https://news.sbs.co.kr/news/endPage.do?news_id=N1004900550&plink=ORI&cooper=NAVER
281,'이팔성 비망록 국과수 감정' MB 반격…진짜 속내는?,http://www.newsis.com/view/?id=NISX20180811_0000388332&cID=10201&pID=10200
282,떠오르는 브라질 풍력 발전 시장…내년 발전량 수력 이어 2위,http://www.ekn.kr/news/article.html?no=378599
283,요구르트 먹으면 뇌졸중 막는다 (연구),http://www.kormedi.com/news/article/1228222_2892.html
284,‘중도보수’ 케네디 미국 대법관 다음 달 퇴임…연방대법원 보수성향 더욱 짙어질 듯,http://www.etoday.co.kr/news/section/newsview.php?idxno=1635908
285,"[월드컵:D조] '메시 PK실축' 아르헨티나, 아이슬란드와 1대1 무승부",http://www.xportsnews.com/?ac=article_view&entry_id=986933
286,[월드컵:D조] 아르헨티나-아이슬란드 치열한 공방전 속 1:1 무승부(전반 종료),http://www.xportsnews.com/?ac=article_view&entry_id=986927
287,"위메프, 본격적 캠핑 시즌 맞아 ‘캠핑중독’ 기획전 연다",http://www.etnews.com/20180428000013
288,"투기장 승자 예측에서 타르스키 놀이터까지! 테라, 만우절 특별 이벤트 진행",http://www.inven.co.kr/webzine/news/?news=196722&site=tera
289," [전대길의 CEO 칼럼] ""국산 자동차 이름""  ",http://www.outsourcing.co.kr/news/articleView.html?idxno=81666
290,"투기장 승자 예측에서 타르스키 놀이터까지! 테라, 만우절 특별 이벤트 진행",http://www.inven.co.kr/webzine/news/?news=196722&site=tera
291," [전대길의 CEO 칼럼] ""국산 자동차 이름""  ",http://www.outsourcing.co.kr/news/articleView.html?idxno=81666
292,"홍상수·김민희, AFA 수상 불발..윤아 넥스트제너레이션상",http://www.newsen.com/news_view.php?uid=201803180815286710
293,"아시안필름어워즈 오늘(17일) 개최, 홍상수 김민희는?",http://www.newsen.com/news_view.php?uid=201803161351511910
294,"'그 후' 홍상수·김민희, 亞필름어워즈 후보…김윤석 男주연상 후보",http://biz.heraldcorp.com/view.php?ud=201802091803535920259_1
295,"[SC초점]홍상수X김민희, 亞필름어워즈 후보 노미…나란히 수상할까",http://sports.chosun.com/news/ntype.htm?id=201801130100096620006773&servicedate=20180112
296,2017년 논란 속으로··· IT 분야를 달군 스캔들 8선,http://www.ciokorea.com/news/36924
297,"[어게인TV]'둥지탈출2' 기대명의 등장, 평균 15세의 본격적인 폴란드 여행 시작",http://biz.heraldcorp.com/view.php?ud=201712122117566722441_1
298,"'둥지탈출2' 박해미 아들 황성재, 삼각관계 형성하며 폴란드 인기남 등극 (종합)",http://biz.heraldcorp.com/view.php?ud=201712122059596691503_1
299,"'압도적 기량' 고다이라, 평창 올림픽 500m+1000m 동반 석권하나",http://www.sportsseoul.com/news/read/572065
300,"'압도적 기량' 고다이라, 평창 올림픽 500m+1000m 동반 석권하나",http://www.sportsseoul.com/news/read/572065
301,평창서 승용차-트럭 충돌…1명 사망·3명 중상,http://www.iusm.co.kr/news/articleView.html?idxno=769813
302,[포토뉴스]평창서 승용차-트럭 충돌 1명 숨져,http://www.kwnews.co.kr/view.asp?aid=217101700087&s=501
303,평창서 승용차-트럭 충돌…1명 사망·3명 중상,http://app.yonhapnews.co.kr/YNA/Basic/SNS/r.aspx?c=PYH20171017138300062&did=1196m
304,30일 호수공원에서 B-BOY배틀 합동공연,http://www.daejonilbo.com/news/newsitem.asp?pk_no=1276228
305,만취 50대男 승합차 들이받아…큰 인명피해 없어,http://www.inews365.com/news/article.html?no=504673
306,분화갑상선암 렌비마 급여 가시화…지형 변화 예고,http://www.medicaltimes.com/News/1112956
307,"23 아이덴티티(Split, 2016) - 당신의 마음은 몇개인가요? ",http://www.psychiatricnews.net/news/articleView.html?idxno=3223
308,인도(印度)하면 카레? 초콜렛 시장 고속성장,http://www.yakup.com/news/index.html?mode=view&cat=15&nid=205928
309,재혼전 마음정리② 상처와 아픔의 좌절로부터 벗어나자,http://uberin.mk.co.kr/read.php?&year=2017&no=246456
310,분화갑상선암 렌비마 급여 가시화…지형 변화 예고,http://www.medicaltimes.com/News/1112956
311,"23 아이덴티티(Split, 2016) - 당신의 마음은 몇개인가요? ",http://www.psychiatricnews.net/news/articleView.html?idxno=3223
312,인도(印度)하면 카레? 초콜렛 시장 고속성장,http://www.yakup.com/news/index.html?mode=view&cat=15&nid=205928
313,재혼전 마음정리② 상처와 아픔의 좌절로부터 벗어나자,http://uberin.mk.co.kr/read.php?&year=2017&no=246456
314,"17년 전 경찰이 말하는 김신혜 사건, 그날의 진실",http://www.ohmynews.com/NWS_Web/View/at_pg.aspx?CNTN_CD=A0002309351
315,금한령 속 '중류(中流)'의 역습…中 '문화 무역' 급성장,http://app.yonhapnews.co.kr/YNA/Basic/SNS/r.aspx?c=AKR20170321138500003&did=1195m
316,시리아내전 6년의 비극…12살 소년 “전쟁 말고 아는게 없어요”,http://www.hani.co.kr/arti/international/arabafrica/786359.html
317,'23아이덴티티' 다중인격 제임스 맥어보이의 반전,http://biz.heraldcorp.com/view.php?ud=201703070753047168493_1
318,다중인격의 뇌를 파헤치다…'23 아이덴티티',http://www.brainmedia.co.kr/brainWorldMedia/ContentView.aspx?contIdx=19347
319,<그래도 희망이다>여섯살 외팔이 소년 위하여… PGA스타들 ‘감동의 이벤트’,http://www.munhwa.com/news/view.html?no=2017022301032939174001
320,"'23아이덴티티' 제임스 맥어보이, 납치소녀 보호자 자청한 사연",http://www.tvreport.co.kr/?c=news&m=newsview&idx=970802
321,다중인격의 뇌를 파헤치다…'23 아이덴티티',http://www.brainmedia.co.kr/brainWorldMedia/ContentView.aspx?contIdx=19347
322,<그래도 희망이다>여섯살 외팔이 소년 위하여… PGA스타들 ‘감동의 이벤트’,http://www.munhwa.com/news/view.html?no=2017022301032939174001
323,"스타트+빙질+고다이라…이상화, '평창 리허설'서 얻은 소득은?",http://www.sportsseoul.com/news/read/482349
324,‘부상 투혼’ 이상화 그래도 은메달…일본 고다이라 ‘신 괴물’,http://www.viva100.com/main/view.php?key=20170210010003551
325,"이상화 500m 출격, 평창올림픽 레이스는 시작됐다",http://www.viva100.com/main/view.php?key=20170210010003376
326,"이상화, '일본 2인자' 쓰지 마키와 질주…11조 아웃코스 배정",http://www.sportsseoul.com/news/read/481732
327,[평창 G-1년]中·日 협공 뚫어라…이상화가 '빙속 여신'으로 가는 길은?,http://www.sportsseoul.com/news/read/481304
328,"[브랜드히스토리]""쏘나타여 영원하라""…""한국 자동차 산업 산 증인""",http://www.g-enews.com/ko-kr/news/article/news_all/201701131703353203876_1/article.html
329,"[포스트]'지각변동' 2016년 車시장, 베스트셀링카는?",http://www.bizwatch.co.kr/pages/view.php?uid=28350
330,"미래부·한국정보화진흥원, 조지아에 정보접근센터 열어",http://www.betanews.net:8080/article/658541.html
331,"미래부-정보화진흥원, 조지아에 정보접근센터 열어",http://www.ajunews.com/view/20161214150514055
332,"이상화 500m '9년만의 충격', 월드컵랭킹 중요하진 않다지만",http://www.sportsq.co.kr/news/articleView.html?idxno=215438
333,"이상화 동메달, 위징-고다이라와 한중일 '빙속 삼국지' 점입가경",http://www.sportsq.co.kr/news/articleView.html?idxno=214430
334,"""은행의 미래, 원칙과 정도에 달렸다""",http://www.naeil.com/news_view/?id_art=218812
335,"'무르익는 평창의 꿈' 김보름, 메스스타트 금빛 질주…이상화도 은메달 추가",http://www.sportsworldi.com/content/html/2016/11/21/20161121000540.html?OutUrl=naver
336,"-빙속월드컵- 장거리 간판 김보름, 월드컵 매스스타트 우승(종합)",http://app.yonhapnews.co.kr/YNA/Basic/SNS/r.aspx?c=AKR20161120037551007&did=1195m
337,"[빙상] 이상화, 월드컵 2차 대회 500m서 은메달 획득",http://news1.kr/articles/?2835724
338,뒷방 늙은이 된 한·일 플래그십 두 차종,http://www.sisapress.com/articleb/160207
339,"리모델링 할까, 아니면 팔고 이사를 갈까",http://www.koreatimes.com/article/1015929
340,"[빙속] 김보름, 매스스타트 金…이상화, 500m 銀(종합)",http://news1.kr/articles/?2835896
341,"[빙상] 이상화, 월드컵 2차 대회 500m서 은메달 획득",http://news1.kr/articles/?2835724
342,뒷방 늙은이 된 한·일 플래그십 두 차종,http://www.sisapress.com/articleb/160207
343,"리모델링 할까, 아니면 팔고 이사를 갈까",http://www.koreatimes.com/article/1015929
344,"'단종설' 현대차 아슬란, 연식변경 조기 출시 승부수",http://www.asiatoday.co.kr/view.php?key=20160920010010129
345,"모녀 극단선택, 성당서 흉기살인, 남부 물난리…연휴 사건 사고",http://app.yonhapnews.co.kr/YNA/Basic/SNS/r.aspx?c=AKR20160918045600055&did=1195m
346,모녀 음독부터 칼부림까지…추석 연휴 사건·사고 잇따라,http://mbn.mk.co.kr/pages/news/newsView.php?category=mbn00009&news_seq_no=3009291
347,서해안고속도로 몽탄2터널 다중 추돌사고 현장,http://www.iusm.co.kr/news/articleView.html?idxno=684631
348,귀성길 교통사고 잇따라...39명 경상,http://www.sedaily.com/NewsView/1L1FFK5WB7
349,"""한가위만 같아라"" 했거늘… 폭행·방화·익사 '우울한 추석'",http://www.segye.com/content/html/2016/09/15/20160915001029.html?OutUrl=naver
350,뒷방 늙은이 된 한·일 플래그십 두 차종,http://www.sisapress.com/articleb/160207
351,"리모델링 할까, 아니면 팔고 이사를 갈까",http://www.koreatimes.com/article/1015929
352,"'단종설' 현대차 아슬란, 연식변경 조기 출시 승부수",http://www.asiatoday.co.kr/view.php?key=20160920010010129
353,"모녀 극단선택, 성당서 흉기살인, 남부 물난리…연휴 사건 사고",http://app.yonhapnews.co.kr/YNA/Basic/SNS/r.aspx?c=AKR20160918045600055&did=1195m
354,모녀 음독부터 칼부림까지…추석 연휴 사건·사고 잇따라,http://mbn.mk.co.kr/pages/news/newsView.php?category=mbn00009&news_seq_no=3009291
355,서해안고속도로 몽탄2터널 다중 추돌사고 현장,http://www.iusm.co.kr/news/articleView.html?idxno=684631
356,귀성길 교통사고 잇따라...39명 경상,http://www.sedaily.com/NewsView/1L1FFK5WB7
357,"""한가위만 같아라"" 했거늘… 폭행·방화·익사 '우울한 추석'",http://www.segye.com/content/html/2016/09/15/20160915001029.html?OutUrl=naver
358,"귀성길 정체 심해, 서해안고속도로 7중 추돌사고…6명 부상",http://mbn.mk.co.kr/pages/news/newsView.php?category=mbn00009&news_seq_no=3008053
359,서해안고속도로 몽탄2터널 다중 추돌사고 현장,http://app.yonhapnews.co.kr/YNA/Basic/SNS/r.aspx?c=PYH20160915048800054&did=1196m
360,서해안고속도로 몽탄2터널 다중 추돌사고 현장,http://app.yonhapnews.co.kr/YNA/Basic/SNS/r.aspx?c=PYH20160915048800054&did=1196m
361,귀성길 정체 속 서해안고속도로 7중 추돌사고 등 잇단 충·추돌사고…6명 부상,http://www.seoul.co.kr/news/newsView.php?id=20160915500029&wlog_tag3=naver
362,"캐나다 원주민 아이 강제입양, 아직도 정부는 사과를 안 했다",http://weekly.khan.co.kr/khnm.html?mode=view&code=117&artid=201608301120251&pt=nv
363,[2016 리우올림픽] 부산 스포원 사이클 이혜진 여자 경륜 8위… 메달 실패,http://news20.busan.com/controller/newsController.jsp?newsId=20160815000036
364,‘만선의 추억’ 어린 곳 … 새로운 시장 개척 기회 노릴 때,http://sunday.joins.com/archives/128473
365,"""내 몸이 내게 맞지 않는 거 같아""",http://www.koreadaily.com/news/read.asp?art_id=4279384
366,"""성소수자 자녀들은 절대 죄인이 아닙니다""",http://www.koreadaily.com/news/read.asp?art_id=4274345
367,"메가박스, FC 바르셀로나 영화 ‘바르샤 드림스’ 단독 개봉",http://www.newsway.co.kr/view.php?tp=1&ud=2016042613444470570
368,방글라 동성애 운동가 2명 피살…이슬람주의자 소행 추정,http://news1.kr/articles/?2645029
369,[기자파일]현대기아차 역공한 르노삼성,http://autotimes.hankyung.com/apps/news.sub_view?popup=0&nid=01&c1=01&c2=01&c3=00&nkey=201604141554231
370,"메가박스, FC 바르셀로나 영화 ‘바르샤 드림스’ 단독 개봉",http://www.newsway.co.kr/view.php?tp=1&ud=2016042613444470570
371,방글라 동성애 운동가 2명 피살…이슬람주의자 소행 추정,http://news1.kr/articles/?2645029
372,[기자파일]현대기아차 역공한 르노삼성,http://autotimes.hankyung.com/apps/news.sub_view?popup=0&nid=01&c1=01&c2=01&c3=00&nkey=201604141554231
373,"젠쿱·벨로스터·아슬란, 차라리 단종?…'애물단지' 전락",http://www.it.co.kr/news/article.html?no=2817985
374,‘현대차 놀이터’에 SM6 도전장,http://h21.hani.co.kr/arti/culture/culture_general/41359.html
375,"<김필수 칼럼>르노삼성차, SM6의 유전자를 이어라!",http://www.m-economynews.com/news/article.html?no=15485
376,"[전문가기고] ""르노삼성, SM6 DNA를 이어라""",http://www.seoulfn.com/news/articleView.html?idxno=247166
377,"[모터키즈 김 기자] 현대차 아슬란…""끝날 때까지 끝난 게 아니다""",http://www.etoday.co.kr/news/section/newsview.php?idxno=1279611
378,송소희·변요한 콜라보?… ‘2015 SBS 연기대상’ 역대급 무대예고,http://www.newsway.co.kr/view.php?tp=1&ud=2015123016380004361
379,[팀장칼럼] '에쿠스 유감',http://biz.chosun.com/site/data/html_dir/2015/12/23/2015122302899.html
380,현대차의 제네시스 승부수...성공 열쇠는 '렉서스와 차별화',http://www.newspim.com/common/redirect.jsp?newsId=20151105000495
381,"쏘나타 30년 변찬사…쏘나타, 서른 잔치는 이제 시작이다",http://news.mk.co.kr/newsRead.php?no=1029634&year=2015
382,"[디패Go] ""눈빛이 다르샤""…유아인, '육룡'의 얼굴들",http://www.dispatch.co.kr/385289
383,"[현대車 드라이빙 클래스①] ""한번 맺은 인연은 영원""...'고객 섬김' 실감",http://biz.newdaily.co.kr/news/article.html?no=10085650
384,갈 길 잃은 쏘나타 갈 곳 없는 아슬란,http://www.zdnet.co.kr/ArticleView.asp?artice_id=20150903104705
385,"‘포니 1호차’탄생 비화, 말 안 통하는 디자이너와…",http://www.dt.co.kr/contents.html?article_no=2015090302101276788001
386,무려 20년 만에 '자유'의 몸이 되었다(동영상),http://www.huffingtonpost.kr/2015/08/29/story_n_8057856.html
387,반전 기회 모색하는 중·대형 세단…K5(기아차) 호조에 임팔라(한국GM) 바람몰이 기대,http://news.mk.co.kr/news_forward.php?domain=news&no=767186&year=2015
388,"현대차 아슬란 판매량 갈수록 줄어, 조기단종 검토하나",http://www.businesspost.co.kr/news/articleView.html?idxno=15639
389,울고 웃은 쏘나타의 '30년',http://www.segye.com/content/html/2015/07/13/20150713003530.html?OutUrl=naver
390,"[VPR] 현대, 쏘나타 ‘7번의 진화, 7가지 얼굴로 탄생’",http://www.fnnews.com/news/201507091531011986
391,"[김정훈의 카톡까톡] 현대차의 '신차 전략', 기획부터 바꿔라",http://www.hankyung.com/news/app/newsview.php?aid=201507091807g
392,"이 車 가는 길, '역사' 됐다",http://www.thescoop.co.kr/news/articleView.html?idxno=16678
393,"스텔라에서 LF까지, 쏘나타 핵심 키워드는 ‘7’",http://news.mk.co.kr/news_forward.php?domain=news&no=621524&year=2015
394,"""뭘 해도 안 팔려~"" 국산차 걱정거리 5인방",http://www.econovill.com/news/articleView.html?idxno=249642
395,"현대차 한숨, 쏘나타 빼고 모든 차 판매량 뒷걸음질",http://www.businesspost.co.kr/news/articleView.html?idxno=13202
396,'존속살해 누명' 김신혜... 진실의 법정에 다시 설까,http://www.ohmynews.com/NWS_Web/View/at_pg.aspx?CNTN_CD=A0002107341
397,제주서 승용차 전신주 들이받아 1명 사망,http://app.yonhapnews.co.kr/YNA/Basic/SNS/r.aspx?c=AKR20150506209500056&did=1195m
398,여성이 남성보다 오감이 더 뛰어난 이유,http://www.kormedi.com/news/article/1214456_2892.html
399,"시각도, 촉각도, 후각도... 모두 여성이 더 민감",http://www.kormedi.com/news/article/1214357_2892.html
400,"제주, 승용차 전신주 들이받아 60대 여성 숨져",http://www.kookje.co.kr/news2011/asp/newsbody.asp?code=0300&key=20150506.99002210731
401,여성이 남성보다 오감이 더 뛰어난 이유,http://www.kormedi.com/news/article/1214456_2892.html
402,"시각도, 촉각도, 후각도... 모두 여성이 더 민감",http://www.kormedi.com/news/article/1214357_2892.html
403,메리노울 우아하게 해석 ‘호평’,http://www.ktnews.com/htm/news_content.asp?countnum=87535
404,2월 23일 오늘의 안전 상황,http://fpn119.co.kr/sub_read.html?uid=30933§ion=sc72
405,[전국종합]울산서 베트남인들끼리 난투극…연휴 마지막날 사건·사고 잇따라,http://www.newsis.com/ar_detail/view.html?ar_id=NISX20150222_0013491533&cID=10202&pID=10200
406,"홍용표 통일장관 내정자, 지난해 12억 재산 신고",http://news1.kr/articles/?2101088
407,성숙한 보도윤리?…호주인질극 생존자 인터뷰 '매수 논란',http://www.mt.co.kr/view/mtview.php?type=1&no=2015012215293136915&outlink=1
408,"‘라디오스타’ 이건명, 유준상 ‘사고’ 났을 때 주연배우 기회 잡을 뻔",http://reviewstar.wowtv.co.kr/Article/ArticleView.php?WEB_GSNO=10233851
409,제 발로 상담실을 찾는 아이들,https://www.sisain.co.kr/news/articleView.html?idxno=22058
410,"‘라디오스타’ 이건명, 유준상 ‘사고’ 났을 때 주연배우 기회 잡을 뻔",http://reviewstar.wowtv.co.kr/Article/ArticleView.php?WEB_GSNO=10233851
411,"시드니 카페 인질들, 거액받고 잇단 독점인터뷰… “비극적 사건 상업화” 논란",http://news.kmib.co.kr/article/view.asp?arcid=0009065870&code=61131111&cp=nv
412,제 발로 상담실을 찾는 아이들,https://www.sisain.co.kr/news/articleView.html?idxno=22058
413,"하마스, 팔 고아들의 ‘평화여행’ 제동",http://www.munhwa.com/news/view.html?no=2014122901071309043002
414,IS 표방한 ‘외로운 늑대’의 인질극,https://www.sisain.co.kr/news/articleView.html?idxno=22061
415,[30대 그룹은 지금] 현대자동차,https://news.naver.com/main/read.naver?mode=LSD&mid=sec&sid1=101&oid=011&aid=0002617665
416,페북으로 신고한 시드니 인질 “죽여버리겠다고 위협했어요”,http://biz.heraldcorp.com/view.php?ud=20141216000597
417,[데스크시승기-上] 새내기 전무님이 기다리는 `아슬란`,http://www.edaily.co.kr/news/newspath.asp?newsid=01141446606318192
418,현대차 '아슬란' 판매 본격화…제네시스는?,http://www.inews24.com/php/news_view.php?g_serial=867225&g_menu=022200&rrf=nv
419,"김충호, 현대차 아슬란 초반 판매 순조로워",http://www.businesspost.co.kr/news/articleView.html?idxno=7009
420,현대차 '아슬란' 판매 본격화…제네시스는?,http://www.inews24.com/php/news_view.php?g_serial=867225&g_menu=022200&rrf=nv
421,"김충호, 현대차 아슬란 초반 판매 순조로워",http://www.businesspost.co.kr/news/articleView.html?idxno=7009
422,"코지마 안마의자 리퍼제품, 성능 신제품과 같은데 가격은 30~50% 저렴",http://news.kmib.co.kr/article/view.asp?arcid=0008899725&code=61141111&cp=nv
423,영국 런던서 '퍼거슨 동조시위'…5천여명 항의집회,http://app.yonhapnews.co.kr/YNA/Basic/SNS/r.aspx?c=AKR20141127031800009&did=1195m
424,오바마는 왜 퍼거슨 시위대 편을 들지 않는 걸까?,http://www.huffingtonpost.kr/2014/11/26/story_n_6223758.html
425,무력한 흑인대통령…분노의 아메리카,http://biz.heraldcorp.com/view.php?ud=20141126000446
426,현대차의 새로운 대형세단 아슬란 성공할 수 있을까?,http://sbscnbc.sbs.co.kr/read.jsp?pmArticleId=10000703566
427,"사진에 담긴 소행성 베스타 ""SF영화 뺨치네""",http://www.zdnet.co.kr/ArticleView.asp?artice_id=20141119104738
428,'런닝맨' 예능돌 이특-규현 배경으로 전락시킨 가요계 '3김' 대박웃음 선사,http://tvdaily.co.kr/read.php3?aid=1416177000800207019
429,"'런닝맨' 바비킴, 기막힌 몸개그에 나르샤 ""귀여워"" 폭소연발",http://tvdaily.co.kr/read.php3?aid=1416132700800187019
430,현대차의 새로운 대형세단 아슬란 성공할 수 있을까?,http://sbscnbc.sbs.co.kr/read.jsp?pmArticleId=10000703566
431,"사진에 담긴 소행성 베스타 ""SF영화 뺨치네""",http://www.zdnet.co.kr/ArticleView.asp?artice_id=20141119104738
432,'런닝맨' 예능돌 이특-규현 배경으로 전락시킨 가요계 '3김' 대박웃음 선사,http://tvdaily.co.kr/read.php3?aid=1416177000800207019
433,"'런닝맨' 바비킴, 기막힌 몸개그에 나르샤 ""귀여워"" 폭소연발",http://tvdaily.co.kr/read.php3?aid=1416132700800187019
434,"아슬란, 렉서스·아우디 게 섰거라",http://news.kmib.co.kr/article/view.asp?arcid=0922842424&code=11151400&cp=nv
435,"[최기성의 허브車]돌아온 국민차 ‘쏘나타’, 서른 잔치는 끝이 아닌 시작",http://news.mk.co.kr/newsRead.php?year=2014&no=1398229
436,"`그랜저와 제네시스 사이` 아슬란, 틈새 전략 통할까",http://news.mk.co.kr/news_forward.php?domain=news&no=1370290&year=2014
437,"최승연씨, 취업포트폴리오 경진대회 은상",http://www.hidomin.com/news/articleView.html?idxno=250414
438,"비만 환자, 칼로리 섭취 줄이면 수면 장애 개선",http://www.hidoc.co.kr/Hidoc/News01.aspx?Mode=View&ModuleID=407&srno=27824
439,'천재시인' 백석이 번역한 '동화시집' 발굴,https://news.naver.com/main/read.naver?mode=LSD&mid=sec&oid=001&aid=0007106141
440,'천재시인' 백석이 번역한 '동화시집' 발굴,https://news.naver.com/main/read.naver?mode=LSD&mid=sec&oid=001&aid=0007106141
441,오른팔 없는 세 살배기 '꿈을 향한 스윙',https://sports.news.naver.com/news.nhn?oid=011&aid=0002566518
442,"미국 시카고 총격사건 기승…""아무도 관심조차 없다""",http://www.kookje.co.kr/news2011/asp/newsbody.asp?code=0400&key=20140827.99002105224
443,현대車하반기 비밀병기 이름은 ‘아슬란’,http://news.donga.com/3/all/20140824/65974060/1
444,"로빈 윌리엄스 사망, 아내와 함께한 모습 보니..‘죽음에 초점을 맞추는 대신..’",http://en.seoul.co.kr/news/newsView.php?id=20140813500040
445,"로빈 윌리엄스 아내 수전 슈나이더 ""남편이자 좋은 친구 잃었다""",http://starin.edaily.co.kr/news/newspath.asp?newsid=01200486606186664
446,"로빈 윌리엄스 사망 아내 ""그가 웃음과 즐거움 준 것 기억해주길"" 전해",https://ent.sbs.co.kr/news/article.do?article_id=E10005635683&plink=ORI&cooper=NAVER
447,"로빈 윌리엄스 11일 사망..보안관 ""명백한 자살"" 언급(종합)",http://starin.edaily.co.kr/news/newspath.asp?newsid=01151286606186664
448,로빈 윌리엄스 어떤 배우? 11일 사망으로 영화사에 남은 기억들,http://starin.edaily.co.kr/news/newspath.asp?newsid=01157846606186664
449,눈여겨 볼만한 하반기 신차는?,http://www.it.co.kr/news/mediaitNewsView.php?nSeq=2691110
450,"로빈 윌리엄스 11일 사망..보안관 ""명백한 자살"" 언급(종합)",http://starin.edaily.co.kr/news/newspath.asp?newsid=01151286606186664
451,"로빈 윌리엄스 사망에 아내 ""가족 대표해서 사생활 지켜줄 것"" 요청해",https://ent.sbs.co.kr/news/article.do?article_id=E10005635673&plink=ORI&cooper=NAVER
452,로빈 윌리엄스 어떤 배우? 11일 사망으로 영화사에 남은 기억들,http://starin.edaily.co.kr/news/newspath.asp?newsid=01157846606186664
453,눈여겨 볼만한 하반기 신차는?,http://www.it.co.kr/news/mediaitNewsView.php?nSeq=2691110
454,추억의 '각그랜저' 부품 만드는 현대파텍스 서산공장,http://news.einfomax.co.kr/news/articleView.html?idxno=114349
455,당신은 부정적? 제대로 살려면 이렇게 바꿔라,http://www.kormedi.com/news/article/1211444_2892.html
456,동반자살 시도 노부부 차량 금호강 추락,http://www.yeongnam.com/mnews/newsview.do?mode=newsView&newskey=20140609.010060719100001
457,"현대차, ""플랫폼 적극 활용은 글로벌 흐름""",http://autotimes.hankyung.com/apps/news.sub_view?popup=0&nid=01&c1=01&c2=01&c3=00&nkey=201406042118401
458,"[6·4지방선거]장만채 전남교육감, 그는 누구인가",http://www.newsis.com/ar_detail/view.html?ar_id=NISX20140605_0012963366&cID=10312&pID=10300
459,'재선 성공' 전남교육감 장만채는 누구,https://news.naver.com/main/read.naver?mode=LSD&mid=sec&sid1=100&oid=001&aid=0006944434
460,"[6·4지방선거]장만채 전남교육감, 그는 누구인가",http://www.newsis.com/ar_detail/view.html?ar_id=NISX20140605_0012963366&cID=10312&pID=10300
461,'재선 성공' 전남교육감 장만채는 누구,https://news.naver.com/main/read.naver?mode=LSD&mid=sec&sid1=100&oid=001&aid=0006944434
462,"美대법원 ""IQ로만 사형집행 여부 결정해선 안돼""",http://imnews.imbc.com/replay/2014/nwtoday/article/3473458_13495.html
463,[르포]‘세월호’ 참사에 로즈데이 특수도 ‘침울’,http://www.ebn.co.kr/news/view/681802
464,"현대차 중대형차 개발 가속, AG 부산모터쇼서 공개",http://www.asiatoday.co.kr/view.php?key=20140401010000670
465,"현대차, 신형제네시스 나온지 얼마됐다고…깜짝신차를",http://news.mk.co.kr/news_forward.php?domain=news&no=505282&year=2014
466,"'중형 세단의 역사' 쏘나타, 7세대로 거듭나다",http://www.rpm9.com/news/articleView.html?idxno=19392
467,LP가스 폭발… 개 피하다 추돌 [주말 사건·사고],http://www.ccdailynews.com/sub_read.html?uid=386984§ion=sc3
468,서산서 승용차-화물차 충돌…3명 경상,http://www.newsis.com/ar_detail/view.html?ar_id=NISX20140208_0012707853&cID=10807&pID=10800
469,"30년 역사의 쏘나타, 날 때부터 ‘국민차’",http://www.newspim.com/common/redirect.jsp?newsId=20140203000148
470,"美자선가 백혈병 어린이 ""소년 배트맨"" 꿈 위해 10만여 달러 제공…아이 활약에 관객들도 참가",http://www.newsis.com/ar_detail/view.html?ar_id=NISX20140120_0012668451&cID=10104&pID=10100
471,"영국, '경찰 총격 적법' 판결 놓고 논란 확산",http://www.ytn.co.kr/_ln/0104_201401100329336271
472,분신 40대 중태·교통사고 잇따라,http://www.ytn.co.kr/_ln/0115_201401041818560091
473,[르포] 슈퍼태풍 하이옌 후폭풍…“제발 우리 얘기 외부에 알려주세요”,http://news.kukinews.com/article/view.asp?page=1&gCode=kmi&arcid=0007745162&cp=nv
474,"서동철 감독 “KB, 세트오펜스보단 얼리오펜스”",http://www.mydaily.co.kr/new_yk/html/read.php?newsid=201311112156322256&ext=na
475,최고 초콜렛 마니아 국가? 프랑스 아니라 독일,http://www.yakup.com/news/index.html?mode=view&cat=15&nid=168935
476,"한국GP 앞둔 드라이버들 ""영암은 기술 필요한 서킷""",http://xportsnews.hankyung.com/?ac=article_view&entry_id=374489
477,[줌人◎Zoom In] 女수영 평영 기둥 백수연,http://www.segye.com/content/html/2013/10/04/20131004004565.html?OutUrl=naver
478,"'스타워즈' 조지 루카스 감독, 70세에 득녀",http://www.mt.co.kr/view/mtview.php?type=1&no=2013081314321393064&outlink=1
479,"'스타워즈' 만든 조지 루커스, 칠순에 딸 얻어",https://news.naver.com/main/read.naver?mode=LSD&mid=sec&sid1=103&oid=001&aid=0006425055
480,"조지루카스, 두 번째 결혼서 대리모 통해 득녀",http://www.tvreport.co.kr/?c=news&m=newsview&idx=381504
481,"'스타워즈' 만든 조지 루커스, 칠순에 딸 얻어",https://news.naver.com/main/read.naver?mode=LSD&mid=sec&sid1=103&oid=001&aid=0006425055
482,-세계수영- 백수연 女평영 200ｍ 10위…양지원 14위,https://sports.news.naver.com/news.nhn?oid=001&aid=0006407405
483,"'스타워즈' 감독 루카스, 25세 연하 연인과 결혼",https://news.naver.com/main/read.naver?mode=LSD&mid=sec&sid1=106&oid=001&aid=0006334709
484,[기자 블로그] 김광수 기자의 ‘아! 차!’(18),https://news.naver.com/main/read.naver?mode=LSD&mid=sec&sid1=110&oid=011&aid=0002352586
485,"[공직자 재산등록]백운찬 관세청장, 과천아파트 가격 하락으로 재산 줄어",https://news.naver.com/main/read.naver?mode=LSD&mid=sec&sid1=102&oid=003&aid=0005057078
486,인천서 교통사고 잇따라…2명 사망,https://news.naver.com/main/read.naver?mode=LSD&mid=sec&sid1=102&oid=001&aid=0006142878
487,"오스카 시상식, 정열의 레드 드레스 열풍",http://news1.kr/articles/1029912
488,울산 시내서 승용차끼리 충돌,https://news.naver.com/main/read.naver?mode=LSD&mid=sec&sid1=102&oid=001&aid=0006087688
489,성차별 폐지 관련해 소감 밝히는 미 여군,https://news.naver.com/main/read.naver?mode=LSD&mid=sec&sid1=104&oid=003&aid=0004946264
490,"[공직자 재산등록]백운찬 관세청장, 과천아파트 가격 하락으로 재산 줄어",https://news.naver.com/main/read.naver?mode=LSD&mid=sec&sid1=102&oid=003&aid=0005057078
491,인천서 교통사고 잇따라…2명 사망,https://news.naver.com/main/read.naver?mode=LSD&mid=sec&sid1=102&oid=001&aid=0006142878
492,"오스카 시상식, 정열의 레드 드레스 열풍",http://news1.kr/articles/1029912
493,울산 시내서 승용차끼리 충돌,https://news.naver.com/main/read.naver?mode=LSD&mid=sec&sid1=102&oid=001&aid=0006087688
494,성차별 폐지 관련해 소감 밝히는 미 여군,https://news.naver.com/main/read.naver?mode=LSD&mid=sec&sid1=104&oid=003&aid=0004946264
495,척헤이글이 비판받는 이유? 반유태인 발언과 이라크전 비판,http://www.asiae.co.kr/news/view.htm?idxno=2013010715240139279
496,"‘스타워즈’ 조지 루커스, 25세 연하와 약혼",http://www.munhwa.com/news/view.html?no=2013010701072930159002
497,"조지 루카스, 드림웍스 애니메이션 회장과 결혼",http://www.asiae.co.kr/news/view.htm?idxno=2013010415393968121
498,코네티컷 초교 총기난사 용의자 애덤 란자는 누구?,http://news1.kr/articles/935928
499,일본 총선 앞두고 우경화 우려하는 목소리 커져,http://news.mtn.co.kr/newscenter/news_viewer.mtn?gidx=2012120416212664940
