,title,url
0,"47년된 현대차 코티나, 중고차 매물로 등장..과연 판매 가격은?",http://www.dailycar.co.kr/content/news.html?type=view&autoId=33061
1,1972년식 현대 코티나 중고 매물로 등장...2000만원,http://www.fntimes.com/html/view.php?ud=2019042315010611777de3572ddd_18
2,"코티나, 브리사 등 국내 승용차의 원조 '여전히 짱짱하네'",http://www.asiae.co.kr/news/view.htm?idxno=2011072315543954466
3,코티나ㆍ브리사를아시나요?,http://www.heraldbiz.com/SITE/data/html_dir/2007/05/26/200705260030.asp
4,코티나·포니 등 전국 10여만 대…사람으로 치면 80세 이상 최고령,http://www.imaeil.com/sub_news/sub_news_view.php?news_id=24288&yy=2011
5,1968년 생산된 '코티나' 1호차,https://news.naver.com/main/read.naver?mode=LSD&mid=sec&sid1=101&oid=003&aid=0002079338
6,[위크엔드] 시발 · 코티나 · 뉴크라운 · 칼리스타…그리운 친구처럼 내 가슴속에…,http://view.heraldcorp.com/view.php?ud=20130510000334
7,[임기상 칼럼] 50년 된 현대차 뉴 코티나..무병장수 비결은?,http://www.dailycar.co.kr/content/news.html?type=view&autoId=33431
8,아빠車의 진화 `코티나→스텔라→쏘나타`,http://premium.mk.co.kr/view.php?no=25608
9,"`오빠車` 쏘나타의 원조는 `사장車 코티나, 아빠車 스텔라`",http://news.mk.co.kr/newsRead.php?year=2019&no=313651
10,[브랜드 히스토리] 1972년식 현대차 뉴 코티나..당시 가격은?,http://www.dailycar.co.kr/content/news.html?type=view&autoId=33430
11,31년 만에 '대한민국 국민' 자격 얻은 박헌영의 아들,https://www.pressian.com/pages/articles/2022042117520311823?utm_source=naver&utm_medium=search
12,[fn스트리트] 아이오닉5,http://www.fnnews.com/news/202204171901008992
13,“40년된 현대차 ‘뉴 코티나’..고속도로 질주”,http://osen.mt.co.kr/news/view.html?gid=G1104290066
14,"코티나, 업계 최소형 쿼드 10G EDC 기기를 공개",https://news.naver.com/main/read.naver?mode=LSD&mid=sec&sid1=105&oid=003&aid=0003313960
15,"코티나, 음성·스위칭 추가로 PON 통합 한 단계 격상시켜",https://news.naver.com/main/read.naver?mode=LSD&mid=sec&sid1=105&oid=003&aid=0003259631
16,"코티나, 저지연 EDC로 데이터센터에 박차가해",https://news.naver.com/main/read.naver?mode=LSD&mid=sec&sid1=105&oid=003&aid=0003139239
17,"코티나의 통합 접속 플랫폼, 새로운 장치로 DSL과 이더넷 집합 재정의해",https://news.naver.com/main/read.naver?mode=LSD&mid=sec&sid1=105&oid=003&aid=0002856602
18,"코티나, 메트로 및 코어 업계를 위한 차세대 광전송 플랫폼 공개",https://news.naver.com/main/read.naver?mode=LSD&mid=sec&sid1=105&oid=003&aid=0002710128
19,"코티나, 1에서 10기가비트로 접속망 시장의 변혁을 몰고 올 통합접속 플랫폼 발표",https://news.naver.com/main/read.naver?mode=LSD&mid=sec&sid1=105&oid=003&aid=0002710121
20,"코티나와 라링크, 차세대 멀티미디어 애플리케이션 가능케 해",https://news.naver.com/main/read.naver?mode=LSD&mid=sec&oid=003&aid=0002307813
21,"코티나 시스템즈, 스톰 반도체 인수로 홈네트워크 분야 인프라 리더십 확대",https://news.naver.com/main/read.naver?mode=LSD&mid=sec&oid=003&aid=0002145514
22,'올드카의 추억' 코티나-포니-브리사 등 아직도 씽씽,http://sports.chosun.com/news/ntype.htm?ut=1&name=/news/life/200805/20080507/85g31003.htm
23,"'코티나부터 에쿠스까지'.. 현대차, 누적판매 5천만대 돌파",http://www.edaily.co.kr/news/newspath.asp?newsid=01095526602805312
24,1967년 현대 코티나와 2017년 현대 제네시스 G90,http://www.koreadaily.com/news/read.asp?art_id=4901158
25,반세기 성장통 치른 현대차..독자 개발부터 세계 5위 퍼스트 무버 여정보니...,http://www.dailycar.co.kr/content/news.html?type=view&autoId=42309
26,역대 원숭이띠 車 살펴보니...국내 도로 맞춤형 '코티나' 미니밴 대표 '로디우스',http://www.ekn.kr/news/article.html?no=192685
27,코티나 버틀러 英문화원 문학국장 “한국이라는 나라 이미지 문학 통해 명확하게 전달”,http://news.kukinews.com/article/view.asp?page=1&gCode=kmi&arcid=0008248661&cp=nv
28,현대차 울산공장 첫 제작 '코티나',https://news.naver.com/main/read.naver?mode=LSD&mid=sec&sid1=101&oid=003&aid=0005204073
29,"코티나·포니·에쿠스, 박물관 속으로",http://www.hani.co.kr/arti/society/area/591790.html
30,"[스브스夜] '꼬꼬무2' 이현이, ""어떻게 동반자살이냐, 살인이지"" 격분…카빈 강도 사건의 숨겨진 이야기",https://ent.sbs.co.kr/news/article.do?article_id=E10010232971&plink=ORI&cooper=NAVER
31,"“지문 채취 열심히 해보슈” 2인조 카빈 강도, 대놓고 경찰 조롱(꼬꼬무2)[결정적장면]",https://www.newsen.com/news_view.php?uid=202107152114124710
32,"'꼬꼬무 2' 이종대X문도석, 아현동 '이정수 납치 살인사건' 범인…1년 후 죽미고개 택시 갈취 도주 (2)",http://www.topstarnews.net/news/articleView.html?idxno=14614823
33,"구로동 총기난사 사건, 이정수 사건과도 관련된 범인들…이종대-문도석 얼굴 공개",http://www.topstarnews.net/news/articleView.html?idxno=14613712
34,"<아산 20주기, 꿈과 도전의 현장을 찾다>3代째 이어진 도전·혁신… 세계 TOP 5 ‘자동차 생산대국’ 세우다",http://www.munhwa.com/news/view.html?no=2021031901072639176001
35,[현대차그룹①] 정몽구 회장의 ‘뚝심’..잦은 고장에 싸구려 차로 비웃음 샀던 현대차가...,http://www.dailycar.co.kr/content/news.html?type=view&autoId=38161
36,"<아산 20주기, 꿈과 도전의 현장을 찾다>국산車 1호 ‘포니’ 탄생 공장서… 첫 전용 전기차 ‘아이오닉 5’ 생산",http://www.munhwa.com/news/view.html?no=2021031501032603353001
37,"생전 처음 본 차가 주차장에 있어요, 그런데 현대차가 만든 거라고 합니다",https://www.wikitree.co.kr/articles/582448
38,[채명석의 산업시각] 정상영 명예회장과 '현대',http://www.seoulwire.com/news/articleView.html?idxno=435517
39,현대 포니의 기억,https://www.motortrendkorea.com/sub/view.html?no=5324&cate1Name=COLUMN
40,[현대차그룹 20년] '포니 신화'부터 MK의 '품질경영'까지,http://www.kpinews.co.kr/news/articleView.html?idxno=126879
41,나 때는 말이야,https://www.motortrendkorea.com/sub/view.html?no=4787&cate1Name=ISSUE
42,[생활 속 우리기업](22) '포니'에서 '넥쏘'까지...현대車,http://sports.hankooki.com/lpage/economy/202007/sp20200724080007136990.htm?s_ref=nv
43,손욱의 對話(11) 이충구 전 현대자동차 사장·한국자동차공학한림원 회장,http://jmagazine.joins.com/forbes/view/330163
44,"굿바이 베이징, 韓 빙상에서만 메달 아쉬움[SS집중분석]",http://www.sportsseoul.com/news/read/1099508?ref=naver
45,"자유로운 영혼의 경제학 여정(旅程)<6> 현대자동차 취업, 그리고 야간 아르바이트​",http://www.ifs.or.kr/bbs/board.php?bo_table=YTT_board&wr_id=808
46,[이한구의 한국재벌사·72]현대-4 현대자동차의 탄생,http://www.kyeongin.com/main/view.php?key=20180827010008257
47,"‘포니→아반떼→쏘나타’…현대차, 판매대수 8000만대 돌파",http://news.mk.co.kr/newsRead.php?year=2019&no=824349
48,[울산 산업화의 주역]① 자율 주행·친환경차로 승부,https://news.kbs.co.kr/news/view.do?ncd=5385479&ref=A
49,[울산 산업화의 주역]① 자율주행·친환경車로 승부,https://news.kbs.co.kr/news/view.do?ncd=5385413&ref=A
50,[데스크 칼럼] 흔들리는 '포니정'의 후예,http://news.einfomax.co.kr/news/articleView.html?idxno=4195249
51,가장 똑똑한 '구글홈'…똑똑해지는 '홈팟',http://view.asiae.co.kr/news/view.htm?idxno=2018122408250106380
52,"피살 여성 수첩에 이름이... 위기 몰린 대통령 후보 [김종성의 '히, 스토리']",http://www.ohmynews.com/NWS_Web/View/at_pg.aspx?CNTN_CD=A0002803965&CMPT_CD=P0010&utm_source=naver&utm_medium=newsearch&utm_campaign=naver_news
53,"[광복절 기술독립]추격자서 선도자로…국산 기술, 미래차 시장 이끈다",http://news.heraldcorp.com/view.php?ud=20190814000205
54,"[손재철의 車 이야기]택시는 누가, 왜 만들었나…승용차 마켓 키워준 ‘매개체’",http://sports.khan.co.kr/news/sk_index.html?art_id=201804071753003&sec_id=563002&pt=nv
55,'나쁜 놈'을 쫓아내는 것만으로는 성희롱을 없앨 수 없다. 가장 중요한 건 이것이다,https://www.huffingtonpost.kr/entry/s_kr_5b2b4c76e4b00295f15918c5?utm_id=naver
56,[여행을 위한 영화] ‘우리 방금 결혼했어요’ 사랑하는 사람과 함께 가고 싶은 도시 베네치아,http://news.tongplus.com/site/data/html_dir/2018/05/11/2018051101699.html
57,"제네시스 GV70, 모터트렌드 선정 '올해의 SUV'",https://view.asiae.co.kr/article/2021122313135690599
58,[현대車 50년 발자취]백년업체 앞지른 초고속…'현대속도' 신화 이루다,http://www.asiae.co.kr/news/view.htm?idxno=2017121810025968821
59,"[기타뉴스]자동차, 시대의 풍경이 되다",http://h2.khan.co.kr/201604291048011
60,[연재]한국 LPG자동차의 역사②-LPG택시의 등장,http://autotimes.hankyung.com/apps/news.sub_view?popup=0&nid=01&c1=01&c2=01&c3=00&nkey=201601130909361
61,제네시스 GV70 전기차 나온다…19일 중국서 첫선,http://www.newspim.com/news/view/20211116000875
62,"[아산 탄생 100주년]'100% 국산車, 100% 불가능을 넘어 달렸다""",http://view.asiae.co.kr/news/view.htm?idxno=2015111914522498596
63,[반구대 칼럼] 딱정벌레車,http://www.iusm.co.kr/news/articleView.html?idxno=738897
64,[자원순환의날 기획②] 내차 오래타는 법,http://www.greenpostkorea.co.kr/news/article.html?no=51920
65,“카빈 강도·기생관광·암매장…‘70년대 범죄사회사’ 그렸다”,http://www.hani.co.kr/arti/culture/entertainment/853264.html
66,49년전 오늘...자동차 '국산화의 문'을 열다,http://www.mt.co.kr/view/mtview.php?type=1&no=2016122810313858104&outlink=1
67,"정주영 도전경영(4) 현대차, 잿더미에서 희망을 보라! [뉴데일리경제 박정규 대표 칼럼]",http://biz.newdaily.co.kr/news/article.html?no=10059208
68,"제네시스 GV70 ""자동차의 본토 미국서 상품성과 주행성능 인정""",https://sports.hankooki.com/lpage/economy/202110/sp20211025164501136990.htm?s_ref=nv
69,현대차 美·日기술 제휴로 시작해 세계 최초 수소차 양산 대국 등극,http://www.asiatoday.co.kr/view.php?key=20140708010004854
70,"[역사를 바꾼 자동차 M&A 명장면] 포드와 결별한 정주영, 독자 모델 ‘올인’",http://magazine.hankyung.com/business/apps/news?popup=0&nid=01&c1=1002&nkey=2014061900967000311&mode=sub_view
71,"제네시스 디자인, 한국 이어 전세계 홀렸다",http://www.sisajournal-e.com/news/articleView.html?idxno=239347
72,"제네시스 GV70, 모터트렌드 '올해의 SUV' 선정",http://www.wsobi.com/news/articleView.html?idxno=142648
73,"제네시스 GV70, 모터트렌드 '올해의 SUV' 선정",http://www.segyebiz.com/newsView/20211021501480?OutUrl=naver
74,美호재 줄잇는 제네시스 ..'GV70' 바이든車 제치고 '올해의 SUV',http://news.mt.co.kr/mtview.php?no=2021102009315777813
75,"제네시스 GV70, 美 모터트렌드 '올해의 SUV' 선정",https://www.asiatoday.co.kr/view.php?key=20211020010011146
76,"[기획]현대차를 만든 그 차, 쏘나타 역사①-스텔라(Y-1)의 등장",http://autotimes.hankyung.com/apps/news.sub_view?popup=0&nid=01&c1=01&c2=01&c3=00&nkey=201403251900481
77,[데일리 PICK (10월20일)] LG엔솔·제네시스·대한항공·KT·효성첨단소재 外,http://www.upinews.kr/newsView/upi202110200048
78,"IMG 리클라이너 '노르웨지아', 신규라인업 '리갈' 출시",http://mbn.mk.co.kr/pages/news/newsView.php?category=mbn00003&news_seq_no=2931237
79,"영국 출판사 편집장들 왔다, 그들의 한국 소설가 평가는?",http://www.newsis.com/ar_detail/view.html?ar_id=NISX20131128_0012549574&cID=10703&pID=10700
80,[이슈분석]포드·미쓰비시 기술 배우던 현대차…50년 후 세계 5대 車업체로 성장,http://www.etnews.com/20171228000183
81,[연재]한국 LPG자동차의 역사④-올림픽이 만든 중형 LPG,http://autotimes.hankyung.com/apps/news.sub_view?popup=0&nid=01&c1=01&c2=01&c3=00&nkey=201601281339421
82,[한상준의 시대공감(時代共感)] 택시에 대해 얼마나 아시나요?,http://www.nextdaily.co.kr/news/article.html?id=20171205800011
83,"476만km 달린 세계 최장수 자동차, 비결은?",http://www.ohmynews.com/NWS_Web/View/at_pg.aspx?CNTN_CD=A0002135103
84,"[더벨]세종공업, 현대차와 '40년 동거' 종지부?",http://www.thebell.co.kr/front/free/contents/news/article_view.asp?key=201709220100038180002294
85,국산차로 보는 자동차 디자인 변천사①,http://www.inews24.com/php/news_view.php?g_serial=592930&g_menu=022200&rrf=nv
86,[이수진의 자동차 풍향계] 차는 바뀌어도 이름은 그대로… 車名에 부는 '온고지신' 바람,http://www.hankyung.com/news/app/newsview.php?aid=2009082541591
87,[씨줄날줄] 포니 사랑/육철수 논설위원,http://www.seoul.co.kr/news/newsView.php?id=20080218031001
88,"""폼생폼사, 모델위주 '자돈차' 문화 바꿔야""",http://www.cbs.co.kr/Nocut/Show.asp?IDX=746551
89,"(현대차 40년)①압축성장 40년, 새도약의 출발점",http://www.edaily.co.kr/news/newspath.asp?newsid=01718726583359832
90,'무한도전' 정주영…쌀가게서 현대그룹까지 신화 이끈 성공 DNA,http://www.mediapen.com/news/view/249787
91,"인텔, 구조조정 가속",http://www.dt.co.kr/contents.html?article_no=2006091302011257730003
92,<추억의 승용차들을 찾아보세요>,https://news.naver.com/main/read.naver?mode=LSD&mid=sec&sid1=101&oid=001&aid=0001335565
93,"<실록, 수출 40년>공장 착공 6개월만에 ‘첫 차’ 감격",https://news.naver.com/main/read.naver?mode=LSD&mid=sec&sid1=101&oid=021&aid=0000127650
94,"모건스탠리,""한국 등 신흥증시 빠져나올 때 아니다""",https://news.naver.com/main/read.naver?mode=LSD&mid=sec&sid1=101&oid=015&aid=0000839364
95,[新온고지신] 현대차 前임원이 말하는 ‘포니 신화’,https://news.naver.com/main/read.naver?mode=LSD&mid=sec&sid1=101&oid=014&aid=0000076600
96,현대차 45년 역사가 곧 울산의 역사죠,http://news.mk.co.kr/news_forward.php?domain=news&no=60973&year=2012
97,"마이크로소프트, 채팅앱 개발회사 인수해 인공지능 강화",http://www.businesspost.co.kr/news/articleView.html?idxno=29436
98,[현대차가 두렵다] 포드 부품 조립해서 팔다 글로벌 5위로 ‘우뚝’,http://news.mk.co.kr/news_forward.php?no=453611&year=2011
99,인공지능 비서,http://www.kbmaeil.com/news/articleView.html?idxno=378380
100,"제네시스 GV70, 美 모터트렌드 '올해의 SUV' 선정",https://daily.hankooki.com/lpage/industry/202110/dh20211020145017147980.htm?s_ref=nv
101,"제네시스 GV70, 美모터트랜드 선정 '올해의 SUV'",https://view.asiae.co.kr/article/2021102009455675899
102,[데일리 PICK (10월20일)] LG엔솔·제네시스·대한항공·KT·효성첨단소재 外,http://www.upinews.kr/newsView/upi202110200048
103,"IMG 리클라이너 '노르웨지아', 신규라인업 '리갈' 출시",http://mbn.mk.co.kr/pages/news/newsView.php?category=mbn00003&news_seq_no=2931237
104,"영국 출판사 편집장들 왔다, 그들의 한국 소설가 평가는?",http://www.newsis.com/ar_detail/view.html?ar_id=NISX20131128_0012549574&cID=10703&pID=10700
105,"울산박물관, 개관 2주년 맞아 산업사관 새단장",http://news1.kr/articles/1173197
106,[이슈분석]포드·미쓰비시 기술 배우던 현대차…50년 후 세계 5대 車업체로 성장,http://www.etnews.com/20171228000183
107,[연재]한국 LPG자동차의 역사④-올림픽이 만든 중형 LPG,http://autotimes.hankyung.com/apps/news.sub_view?popup=0&nid=01&c1=01&c2=01&c3=00&nkey=201601281339421
108,[한상준의 시대공감(時代共感)] 택시에 대해 얼마나 아시나요?,http://www.nextdaily.co.kr/news/article.html?id=20171205800011
109,"476만km 달린 세계 최장수 자동차, 비결은?",http://www.ohmynews.com/NWS_Web/View/at_pg.aspx?CNTN_CD=A0002135103
110,"제네시스 GV70, 모터트렌드 '올해의 SUV' 선정",http://www.newspim.com/news/view/20211020001228
111,"제네시스 GV70, 美 최고의 SUV 등극…""파격, 신선, 독자적""",https://www.asiatime.co.kr/article/20211020500062
112,[데일리 PICK (10월20일)] LG엔솔·제네시스·대한항공·KT·효성첨단소재 外,http://www.upinews.kr/newsView/upi202110200048
113,"IMG 리클라이너 '노르웨지아', 신규라인업 '리갈' 출시",http://mbn.mk.co.kr/pages/news/newsView.php?category=mbn00003&news_seq_no=2931237
114,"영국 출판사 편집장들 왔다, 그들의 한국 소설가 평가는?",http://www.newsis.com/ar_detail/view.html?ar_id=NISX20131128_0012549574&cID=10703&pID=10700
115,"울산박물관, 개관 2주년 맞아 산업사관 새단장",http://news1.kr/articles/1173197
116,[이슈분석]포드·미쓰비시 기술 배우던 현대차…50년 후 세계 5대 車업체로 성장,http://www.etnews.com/20171228000183
117,[연재]한국 LPG자동차의 역사④-올림픽이 만든 중형 LPG,http://autotimes.hankyung.com/apps/news.sub_view?popup=0&nid=01&c1=01&c2=01&c3=00&nkey=201601281339421
118,[한상준의 시대공감(時代共感)] 택시에 대해 얼마나 아시나요?,http://www.nextdaily.co.kr/news/article.html?id=20171205800011
119,"476만km 달린 세계 최장수 자동차, 비결은?",http://www.ohmynews.com/NWS_Web/View/at_pg.aspx?CNTN_CD=A0002135103
120,"제네시스 GV70, 美모터트렌드 '올해의 SUV' 선정",http://www.edaily.co.kr/news/newspath.asp?newsid=03801526629214888
121,[데일리 PICK (10월20일)] LG엔솔·제네시스·대한항공·KT·효성첨단소재 外,http://www.upinews.kr/newsView/upi202110200048
122,"IMG 리클라이너 '노르웨지아', 신규라인업 '리갈' 출시",http://mbn.mk.co.kr/pages/news/newsView.php?category=mbn00003&news_seq_no=2931237
123,"영국 출판사 편집장들 왔다, 그들의 한국 소설가 평가는?",http://www.newsis.com/ar_detail/view.html?ar_id=NISX20131128_0012549574&cID=10703&pID=10700
124,"울산박물관, 개관 2주년 맞아 산업사관 새단장",http://news1.kr/articles/1173197
125,[이슈분석]포드·미쓰비시 기술 배우던 현대차…50년 후 세계 5대 車업체로 성장,http://www.etnews.com/20171228000183
126,[연재]한국 LPG자동차의 역사④-올림픽이 만든 중형 LPG,http://autotimes.hankyung.com/apps/news.sub_view?popup=0&nid=01&c1=01&c2=01&c3=00&nkey=201601281339421
127,[한상준의 시대공감(時代共感)] 택시에 대해 얼마나 아시나요?,http://www.nextdaily.co.kr/news/article.html?id=20171205800011
128,"476만km 달린 세계 최장수 자동차, 비결은?",http://www.ohmynews.com/NWS_Web/View/at_pg.aspx?CNTN_CD=A0002135103
129,"[더벨]세종공업, 현대차와 '40년 동거' 종지부?",http://www.thebell.co.kr/front/free/contents/news/article_view.asp?key=201709220100038180002294
130,"영국 출판사 편집장들 왔다, 그들의 한국 소설가 평가는?",http://www.newsis.com/ar_detail/view.html?ar_id=NISX20131128_0012549574&cID=10703&pID=10700
131,"울산박물관, 개관 2주년 맞아 산업사관 새단장",http://news1.kr/articles/1173197
132,[이슈분석]포드·미쓰비시 기술 배우던 현대차…50년 후 세계 5대 車업체로 성장,http://www.etnews.com/20171228000183
133,[연재]한국 LPG자동차의 역사④-올림픽이 만든 중형 LPG,http://autotimes.hankyung.com/apps/news.sub_view?popup=0&nid=01&c1=01&c2=01&c3=00&nkey=201601281339421
134,[한상준의 시대공감(時代共感)] 택시에 대해 얼마나 아시나요?,http://www.nextdaily.co.kr/news/article.html?id=20171205800011
135,"476만km 달린 세계 최장수 자동차, 비결은?",http://www.ohmynews.com/NWS_Web/View/at_pg.aspx?CNTN_CD=A0002135103
136,"[더벨]세종공업, 현대차와 '40년 동거' 종지부?",http://www.thebell.co.kr/front/free/contents/news/article_view.asp?key=201709220100038180002294
137,국산차로 보는 자동차 디자인 변천사①,http://www.inews24.com/php/news_view.php?g_serial=592930&g_menu=022200&rrf=nv
138,[이수진의 자동차 풍향계] 차는 바뀌어도 이름은 그대로… 車名에 부는 '온고지신' 바람,http://www.hankyung.com/news/app/newsview.php?aid=2009082541591
139,[씨줄날줄] 포니 사랑/육철수 논설위원,http://www.seoul.co.kr/news/newsView.php?id=20080218031001
140,"""폼생폼사, 모델위주 '자돈차' 문화 바꿔야""",http://www.cbs.co.kr/Nocut/Show.asp?IDX=746551
141,"(현대차 40년)①압축성장 40년, 새도약의 출발점",http://www.edaily.co.kr/news/newspath.asp?newsid=01718726583359832
142,'무한도전' 정주영…쌀가게서 현대그룹까지 신화 이끈 성공 DNA,http://www.mediapen.com/news/view/249787
143,"인텔, 구조조정 가속",http://www.dt.co.kr/contents.html?article_no=2006091302011257730003
144,<추억의 승용차들을 찾아보세요>,https://news.naver.com/main/read.naver?mode=LSD&mid=sec&sid1=101&oid=001&aid=0001335565
145,"<실록, 수출 40년>공장 착공 6개월만에 ‘첫 차’ 감격",https://news.naver.com/main/read.naver?mode=LSD&mid=sec&sid1=101&oid=021&aid=0000127650
146,"모건스탠리,""한국 등 신흥증시 빠져나올 때 아니다""",https://news.naver.com/main/read.naver?mode=LSD&mid=sec&sid1=101&oid=015&aid=0000839364
147,[新온고지신] 현대차 前임원이 말하는 ‘포니 신화’,https://news.naver.com/main/read.naver?mode=LSD&mid=sec&sid1=101&oid=014&aid=0000076600
148,개장 2주년 울산박물관 산업사관 새단장,http://www.iusm.co.kr/news/articleView.html?idxno=294908
149,현대차 45년 역사가 곧 울산의 역사죠,http://news.mk.co.kr/news_forward.php?domain=news&no=60973&year=2012
150,개관 2주년 울산박물관 새단장,https://news.naver.com/main/read.naver?mode=LSD&mid=sec&sid1=102&oid=003&aid=0005203282
151,현대차 45년 역사가 곧 울산의 역사죠,http://news.mk.co.kr/news_forward.php?domain=news&no=60973&year=2012
152,"마이크로소프트, 채팅앱 개발회사 인수해 인공지능 강화",http://www.businesspost.co.kr/news/articleView.html?idxno=29436
153,[현대차가 두렵다] 포드 부품 조립해서 팔다 글로벌 5위로 ‘우뚝’,http://news.mk.co.kr/news_forward.php?no=453611&year=2011
154,인공지능 비서,http://www.kbmaeil.com/news/articleView.html?idxno=378380
155,낡고 오래된 물건에 스며든 ‘세월의 향기’,http://www.segye.com/content/html/2016/02/18/20160218003513.html?OutUrl=naver
156,[연재]한국 LPG자동차의 역사③-LPG 택시의 확산,http://autotimes.hankyung.com/apps/news.sub_view?popup=0&nid=01&c1=01&c2=01&c3=00&nkey=201601221943341
157,"21년된 車, 연비 15㎞/ℓ 비결은?",http://www.moneytoday.co.kr/view/mtview.php?type=1&no=2009082609584439916&outlink=1
158,[커버스토리] 글로벌 질주 이제부터가 진짜..현대자동차그룹의 비전,http://www.jobnjoy.com/portal/jobnews/plan_explan_view.jsp?nidx=125075&depth1=1&depth2=1&depth3=1
159,<초고령 국산 승용차 수천대 '노익장' 과시>,https://news.naver.com/main/read.naver?mode=LSD&mid=sec&sid1=103&oid=001&aid=0002073703
160,"2인조 카빈 강도, 경찰 사칭→가짜 관용차로 활개 “짜장면 60원 당시 현상금 22만원”(꼬꼬무2)[결정적장면]",https://www.newsen.com/news_view.php?uid=202107152114044710
161,"윈도우10 업그레이드로 뭐가 달라지나? 얼굴·홍채 인식 가능해져 ""대박이야""",https://news.naver.com/main/read.naver?mode=LSD&mid=sec&sid1=105&oid=011&aid=0002718999
162,"<車업체 ""과거는 묻지마세요"">",https://news.naver.com/main/read.naver?mode=LSD&mid=sec&sid1=101&oid=001&aid=0001462586
163,"정성호 ""'동반자살' 단어 없어져야""…카빈 강도사건의 충격 결말 (꼬꼬무2)[종합]",https://www.xportsnews.com/?ac=article_view&entry_id=1449753
164,"윈도우10 으로 업그레이드 하려면? ""제어판 설정하고 여유 공간 마련해야"" 자세히 알아보니…",https://news.naver.com/main/read.naver?mode=LSD&mid=sec&sid1=105&oid=011&aid=0002718619
165,"윈도우10 무료 업그레이드 가능, '이것만은 알아 두자'",http://biz.heraldcorp.com/view.php?ud=201507291506036521575_8
166,"MS, 윈도10 공식 출시…""1년내 10억개 기기 보급 목표""",http://www.newstomato.com/ReadNews.aspx?no=573479
167,"[종합] '꼬꼬무 2' 정성호, 카빈강도 자식까지 살해 ""말도 안 되는 XX네"" 이현이 ""독립투사인 줄"" '오열'",http://www.topstarnews.net/news/articleView.html?idxno=14614825
168,포니·브리사 등 ‘추억의 승용차’ 아직도 달린다,http://www.khan.co.kr/kh_news/art_view.html?artid=200606221821301&code=920100
169,"""세계투자자..신흥증시·일본에 대한 열기 달아 올라""-모건스탠리",https://news.naver.com/main/read.naver?mode=LSD&mid=sec&sid1=101&oid=015&aid=0000867864
170,"""세계투자자..신흥증시·일본에 대한 열기 달아 올라""-모건스탠리",https://news.naver.com/main/read.naver?mode=LSD&mid=sec&sid1=101&oid=015&aid=0000867864
171,신흥증시 수익상회 더..한국-브라질-러시아 매력적,https://news.naver.com/main/read.naver?mode=LSD&mid=sec&sid1=101&oid=015&aid=0000815216
172,"모건,한국-브라질-러시아 선호..약세시 매수",https://news.naver.com/main/read.naver?mode=LSD&mid=sec&sid1=101&oid=015&aid=0000794169
173,헤지펀드 달러 매도..원자재 잔뜩 사들인 듯,https://news.naver.com/main/read.naver?mode=LSD&mid=sec&sid1=101&oid=015&aid=0000786077
174,"[新온고지신] 현대, ‘現代號’의 출항",https://news.naver.com/main/read.naver?mode=LSD&mid=sec&sid1=101&oid=014&aid=0000076599
175,자동차社 첫생산 승용차 아직도 거리 누벼,https://news.naver.com/main/read.naver?mode=LSD&mid=sec&sid1=101&oid=001&aid=0004163802
176,COVER STORY - 정몽구의 집념 품질경영으로 ‘퍼스트 무버’,http://magazine.joins.com/forbes/article_view.asp?aid=299823
177,"""한국문학, 英 진출 다리 역할 하겠다"" 콤마 프레스 등 편집장단 방한",http://www.hankyung.com/news/app/newsview.php?aid=2013112815731
178,"이 날이 엊그제 같은데…현대·기아차, 누적생산 8000만대 돌파",http://www.hankyung.com/news/app/newsview.php?aid=2013111110101
179,"울산박물관, 현대차 생산 시대별 자동차 모형 설치",https://news.naver.com/main/read.naver?mode=LSD&mid=sec&sid1=102&oid=001&aid=0006312369
180,시발에서 로드스터까지 … 국산차 이런차들도 있었네.,http://view.heraldcorp.com/view.php?ud=20130508000032
181,차 없는 세종로 시민 '북적'…'농부의시장'도 덩달아 '대박',http://www.asiae.co.kr/news/view.htm?idxno=2012092319291528084
182,[커버스토리-한국車 생산 50년] 1962년 조립생산 → 1976년 ‘포니’ 독자생산 기적,http://www.seoul.co.kr/news/newsView.php?id=20120825004007
183,[이한구의 한국 재벌사]현대그룹 편 3화,http://weekly2.cnbnews.com/category/read.html?bcode=8818
184,[신박한 車담] 외고집으로 이뤄낸 국산車의 꿈…현대자동차(1),http://www.enewstoday.co.kr/news/articleView.html?idxno=1481064
185,“1979년 뺑소니 사고 목격자를 찾습니다?”,http://news.kukinews.com/article/view.asp?page=1&gCode=soc&arcid=0006011786&cp=nv
186,내수 車시장 위축 가속화,http://www.inews24.com/php/news_view.php?g_serial=644883&g_menu=022200&rrf=nv
187,[울산 공업화 50년] 포니부터 그린카까지…현대차 달린 길이 '車도시 울산'의 역사,http://www.hankyung.com/news/app/newsview.php?aid=2012013117821
188,"현대차 첫 중형차 '스텔라' 외국차 조립시대 ""끝""",http://www.etoday.co.kr/news/section/newsview.php?TM=news&SM=0405&idxno=506712
189,"포니鄭, 포니鄭 재단, 그리고 현대산업개발",http://biz.chosun.com/site/data/html_dir/2011/11/11/2011111101715.html
190,"""우리식대로 한다"" 뿔난 '왕회장'…국산차 첫 모델 '포니' 탄생",http://www.etoday.co.kr/news/section/newsview.php?TM=news&SM=0405&idxno=493002
191,[Interview] 박병재 전 부회장이 밝힌 현대차 ‘쾌속 질주’ 비화,https://news.naver.com/main/read.naver?mode=LSD&mid=sec&sid1=101&oid=262&aid=0000004758
192,[Focus] 미국 자동차 투박함 버리고 유럽감성 입고 달린다,http://news.mk.co.kr/news_forward.php?no=622411&year=2011
193,"[사진으로 보는 자동차 역사⑧] 에쿠스, 엑셀 한 푼다",http://www.asiae.co.kr/news/view.htm?idxno=2010082112172067284
194,10G-EPON 표준 국제 인증 획득,https://news.naver.com/main/read.naver?mode=LSD&mid=sec&sid1=105&oid=003&aid=0002860619
195,'현대그룹 세계화의 주역' 음용기 전 사장 별세,http://www.seoulwire.com/news/articleView.html?idxno=441684
196,['질주 본능' 현대차의 뉴 테크놀로지]따라잡기 ‘옛말’…차세대 기술 ‘번쩍’ - 눈부신 기술 발전,http://www.kbizweek.com/cp/view.asp?vol_no=664&art_no=3&sec_cd=1001
197,"울산, 세계 4대 자동차 클러스터 도약 '박차'",https://news.naver.com/main/read.naver?mode=LSD&mid=sec&sid1=102&oid=003&aid=0002079731
198,초고령 국산차 아직도 달린다,http://www.heraldbiz.com/SITE/data/html_dir/2008/05/06/200805060065.asp
199,"현대·기아차 위기인가, 기회인가",http://news.mk.co.kr/news_forward.php?no=35284&year=2008
200,"현대·기아차 위기인가, 기회인가",http://news.mk.co.kr/news_forward.php?no=35284&year=2008
201,현대 차생산 40년 ‘글로벌 빅4’ 시동,http://www.khan.co.kr/kh_news/art_view.html?artid=200712281827491&code=920508
202,[한국의 대표기업] (2) 현대자동차,http://www.seoul.co.kr/news/newsView.php?id=20071026022005
203,[책갈피 속의 오늘]1976년 포니 첫 수출,http://www.donga.com/fbin/output?n=200707260040
204,[기획]美금리 인상기조 마무리’ 日ㆍ유럽등 강세場‘파란불’,https://news.naver.com/main/read.naver?mode=LSD&mid=sec&sid1=101&oid=016&aid=0000194835
205,내년 세계 증시 9% 상승..신흥증시 비중확대,https://news.naver.com/main/read.naver?mode=LSD&mid=sec&sid1=101&oid=015&aid=0000856580
206,"모건스탠리,일본 증시..독일보다 더 유망",https://news.naver.com/main/read.naver?mode=LSD&mid=sec&sid1=101&oid=015&aid=0000836127
207,"모건,""채권보다 현금이 낫고, 현금보다 주식이 유망""",https://news.naver.com/main/read.naver?mode=LSD&mid=sec&sid1=101&oid=015&aid=0000825814
208,`초고령` 자동차가 늘고 있다,https://news.naver.com/main/read.naver?mode=LSD&mid=sec&sid1=103&oid=021&aid=0000101123
209,"모건스탠리""글로벌 자산배분..주식:채권=7:3""",https://news.naver.com/main/read.naver?mode=LSD&mid=sec&sid1=101&oid=015&aid=0000674962
210,"모건스탠리,""글로벌 자산배분..주식:채권=7:3""",https://news.naver.com/main/read.naver?mode=LSD&mid=sec&sid1=101&oid=015&aid=0000660611
211,[정주영회장 타계] 그의 발자취,https://news.naver.com/main/read.naver?mode=LSD&mid=sec&sid1=101&oid=009&aid=0000102170
212,"[정주영 타계 20년]한국경제 버팀목, 기둥이 된 '아산'",http://www.mediapen.com/news/view/610514
213,"[故 정주영 20주기] 아산이 손수 일군 기업, 한국의 기둥이 되다",https://www.etoday.co.kr/news/view/2003820
214,국산차 모델 크게 다양해져,https://news.naver.com/main/read.naver?mode=LSD&mid=sec&sid1=101&oid=001&aid=0003500296
215,영면에 든 현대家 1세대…2·3세 경영 가속화,http://news.mt.co.kr/mtview.php?no=2021013115500245951
216,"K리그, 스페인 라리가와 손 잡는다...상호 발전 MOU 체결",http://starin.edaily.co.kr/news/newspath.asp?newsid=01289046625997208
217,[현대차그룹②] 현대차가 독자 모델 개발한다고(?)..‘계란으로 바위치기’ 도전한 정주영!,http://www.dailycar.co.kr/content/news.html?type=view&autoId=38249
218,"‘O 10’ 번호판 하나에 2억 원, 그 사연은?",http://www.thedrive.co.kr/news/newsview.php?ncode=1065590883454881
219,김준식 대동공업 회장,http://jmagazine.joins.com/forbes/view/331741
220,김준식 대동공업 회장,http://jmagazine.joins.com/forbes/view/331741
221,완성차 브랜드 5위 첫 입성 현대차…미래車로 새로운 50년 준비,https://www.news1.kr/articles/?4092910
222,정몽구 회장 20년이 남긴 성과…부품도 없던 나라에서 車강국 키워,https://www.news1.kr/articles/?4086064
223,"[브랜드 히스토리] 영국에서 태어나.. GM, 그리고 스텔란티스의 품에 안긴 ‘복스홀’",https://hankookilbo.com/News/Read/A2020100811120002468?did=NA
224,[배병휴 칼럼] 1980년대 한국인과 외제 국산,http://www.economytalk.kr/news/articleView.html?idxno=208080
225,[과학과 삼귀다] 훨훨 나는 테슬라를 바라보는 현대자동차의 비밀병기는?,https://www.techm.kr/news/articleView.html?idxno=73748
226,"[車블랙박스]포니, 뉴트로 열풍타고 전기차로 내년 출시",http://www.newsis.com/view/?id=NISX20200622_0001068692&cID=13001&pID=13000
227,나만의 클래식카,https://www.motortrendkorea.com/sub/view.html?no=4738&cate1Name=COLUMN
228,이런저런 요즘 자동차들,https://www.motortrendkorea.com/sub/view.html?no=4672&cate1Name=COLUMN
229,“시민 구하자” 금남로 달려간 택시운전사…이젠 5·18 왜곡 현장 달려갑니다,http://www.hani.co.kr/arti/area/honam/936933.html
230,은마 아파트 84배 올랐는데 쌀값은 3배…커피는 21배↑,http://news.kmib.co.kr/article/view.asp?arcid=0014418985&code=61141111&cp=nv
231,"[한국의 대표기업] <2> 현대차 ""'싼 車' 만들던 회사가 '수소차'로 세계선도""",http://daily.hankooki.com/lpage/column/202003/dh20200323084006145650.htm
232,"[이해덕의 南道春風] 19(하, 연재를 마치며)- 남도의 미항(美港), 강진 마량항(馬良 港)을 갔더니",http://www.bizwnews.com/news/articleView.html?idxno=11352
233,로얄살루트 21년 스노우 폴로 에디션 새로나왔어요,http://moneys.mt.co.kr/news/mwView.php?no=2020011013528049560
234,로얄살루트 21년 스노우 폴로 에디션 출시,https://www.hankyung.com/society/article/202001093838h
235,[최기성의 허브車]도대체 왜? 車를 살 때면 ‘흑백논리’에 빠질까,https://www.mk.co.kr/opinion/columnists/view/2019/12/1099062/
236,"[리뷰] 도심 속 작은 라이프를 위한 변화, 아우디 A1 시티카버",http://www.hankookilbo.com/news/npath/201912211171020489?did=NA
237,"[김화진 칼럼] 현대차 리더십, 키워드는 스마트",http://news1.kr/articles/?3793629
238,"[CEO NOW] 정몽규 & 정의선, 모빌리티 사업에서 시너지 낼까?",https://www.ajunews.com/view/20191115152923027
239,현대家의 DNA에 새겨진 모빌리티 영혼이 깨어난다,http://www.econovill.com/news/articleView.html?idxno=377291
240,‘로얄살루트 21년 스노우 폴로 에디션’ 출시,http://www.lawissue.co.kr/view.php?ud=202001090843251163204ead0791_12
241,[최기성의 허브車]도대체 왜? 車를 살 때면 ‘흑백논리’에 빠질까,https://www.mk.co.kr/opinion/columnists/view/2019/12/1099062/
242,"[리뷰] 도심 속 작은 라이프를 위한 변화, 아우디 A1 시티카버",http://www.hankookilbo.com/news/npath/201912211171020489?did=NA
243,"[김화진 칼럼] 현대차 리더십, 키워드는 스마트",http://news1.kr/articles/?3793629
244,"[CEO NOW] 정몽규 & 정의선, 모빌리티 사업에서 시너지 낼까?",https://www.ajunews.com/view/20191115152923027
245,현대家의 DNA에 새겨진 모빌리티 영혼이 깨어난다,http://www.econovill.com/news/articleView.html?idxno=377291
246,"<1등 기업으로 가는 길 ‘원칙’>‘실패는 없다’ 긍정의 힘… 미래로, 더 나은 세계로 달린다",http://www.munhwa.com/news/view.html?no=2019103001034339176001
247,'67년생 현대차' 창사 52년만에 8천만대 판매 ,http://www.gpkorea.com/news/articleView.html?idxno=57414
248,"현대차, 창사 52년만에 글로벌 판매 8000만대 돌파",http://www.electimes.com/article.php?aid=1571016819187713094
249,"포니에서 시작한 현대차, 52년만에 8천만대 판매 돌파",http://www.sporbiz.co.kr/news/articleView.html?idxno=382419
250,"현대차, 52년 만에 8000만대 판매 돌파",https://www.seoul.co.kr/news/newsView.php?id=20191014021016&wlog_tag3=naver
251,"포니에서 시작한 현대차, 52년만에 8천만대 판매 돌파",http://www.sporbiz.co.kr/news/articleView.html?idxno=382419
252,"현대차, 창사 52년 만에 8천만대 판매 돌파",https://news.imaeil.com/Economy/2019101317221904198
253,"현대차, 52년 만에 글로벌 판매 8000만대 달성",http://www.etnews.com/20191013000068
254,[fn스트리트] 포니의 부활,http://www.fnnews.com/news/201909111547005613
255,[광복 74년…기술독립 이룬 한국의 두 기업]이제는 선도자…미래車 이끄는 현대차,http://news.heraldcorp.com/view.php?ud=20190814000407
256,"‘창문’을 깨고 ‘구름’ 위로 치솟은 나델라…MS, 왕관을 되찾다",http://news.heraldcorp.com/view.php?ud=20190726000265
257,‘메이드 인 차이나’ 시대 저무나,http://magazine.hankyung.com/money/apps/news?popup=0&nid=02&c1=2002&nkey=2019072400171041432&mode=sub_view
258,"미국식 더치페이는 '벤모'로 통한다, 4000만명이 사용하는 송금앱",https://view.asiae.co.kr/article/2019072316072500269
259,MS·구글·아마존도 ‘엑소더스 차이나’,http://www.munhwa.com/news/view.html?no=2019070401070903012001
260,"현대차, 포니 이후 52년만에 8000만대 판매 기록 넘어섰다",http://www.viva100.com/main/view.php?key=20191013010003669
261,"현대차, 52년 만에 글로벌 판매 8000만대 달성",http://www.etnews.com/20191013000068
262,"현대차, 창사 52년만에 차량 판대 8천만대 넘어",https://cnbc.sbs.co.kr/article_hub/10000958234?division=NAVER
263,[fn스트리트] 포니의 부활,http://www.fnnews.com/news/201909111547005613
264,[광복 74년…기술독립 이룬 한국의 두 기업]이제는 선도자…미래車 이끄는 현대차,http://news.heraldcorp.com/view.php?ud=20190814000407
265,"‘창문’을 깨고 ‘구름’ 위로 치솟은 나델라…MS, 왕관을 되찾다",http://news.heraldcorp.com/view.php?ud=20190726000265
266,‘메이드 인 차이나’ 시대 저무나,http://magazine.hankyung.com/money/apps/news?popup=0&nid=02&c1=2002&nkey=2019072400171041432&mode=sub_view
267,"미국식 더치페이는 '벤모'로 통한다, 4000만명이 사용하는 송금앱",https://view.asiae.co.kr/article/2019072316072500269
268,MS·구글·아마존도 ‘엑소더스 차이나’,http://www.munhwa.com/news/view.html?no=2019070401070903012001
269,국내 PC 10대중 6대 ‘윈도우10’…‘굿바이’ 윈도우7,http://www.bloter.net/archives/344779
270,"현대차, 8천만대 판매 돌파",http://yna.kr/PYH20191013029500013?did=1196m
271,"현대차, 52년 만에 '8000만대' 판매 달성…1위는 아반떼",http://www.etnews.com/20191013000018
272,[fn스트리트] 포니의 부활,http://www.fnnews.com/news/201909111547005613
273,[광복 74년…기술독립 이룬 한국의 두 기업]이제는 선도자…미래車 이끄는 현대차,http://news.heraldcorp.com/view.php?ud=20190814000407
274,"‘창문’을 깨고 ‘구름’ 위로 치솟은 나델라…MS, 왕관을 되찾다",http://news.heraldcorp.com/view.php?ud=20190726000265
275,‘메이드 인 차이나’ 시대 저무나,http://magazine.hankyung.com/money/apps/news?popup=0&nid=02&c1=2002&nkey=2019072400171041432&mode=sub_view
276,"미국식 더치페이는 '벤모'로 통한다, 4000만명이 사용하는 송금앱",https://view.asiae.co.kr/article/2019072316072500269
277,MS·구글·아마존도 ‘엑소더스 차이나’,http://www.munhwa.com/news/view.html?no=2019070401070903012001
278,국내 PC 10대중 6대 ‘윈도우10’…‘굿바이’ 윈도우7,http://www.bloter.net/archives/344779
279,세계 최고의 경찰차 vs 최악의 경찰차는?,http://www.thedrive.co.kr/news/newsview.php?ncode=1065605226699494
280,"현대차, 창사 52년만에 8천만대 판매 달성",http://www.ujeil.com/news/articleView.html?idxno=241382
281,[fn스트리트] 포니의 부활,http://www.fnnews.com/news/201909111547005613
282,[광복 74년…기술독립 이룬 한국의 두 기업]이제는 선도자…미래車 이끄는 현대차,http://news.heraldcorp.com/view.php?ud=20190814000407
283,"‘창문’을 깨고 ‘구름’ 위로 치솟은 나델라…MS, 왕관을 되찾다",http://news.heraldcorp.com/view.php?ud=20190726000265
284,‘메이드 인 차이나’ 시대 저무나,http://magazine.hankyung.com/money/apps/news?popup=0&nid=02&c1=2002&nkey=2019072400171041432&mode=sub_view
285,"미국식 더치페이는 '벤모'로 통한다, 4000만명이 사용하는 송금앱",https://view.asiae.co.kr/article/2019072316072500269
286,MS·구글·아마존도 ‘엑소더스 차이나’,http://www.munhwa.com/news/view.html?no=2019070401070903012001
287,국내 PC 10대중 6대 ‘윈도우10’…‘굿바이’ 윈도우7,http://www.bloter.net/archives/344779
288,세계 최고의 경찰차 vs 최악의 경찰차는?,http://www.thedrive.co.kr/news/newsview.php?ncode=1065605226699494
289,[환경초대석] 자동차 10년타기 시민연합 임기상 대표,http://www.ikld.kr/news/articleView.html?idxno=205559
290,국내 PC 10대중 6대 ‘윈도우10’…‘굿바이’ 윈도우7,http://www.bloter.net/archives/344779
291,세계 최고의 경찰차 vs 최악의 경찰차는?,http://www.thedrive.co.kr/news/newsview.php?ncode=1065605226699494
292,[환경초대석] 자동차 10년타기 시민연합 임기상 대표,http://www.ikld.kr/news/articleView.html?idxno=205559
293,[이색 동호회·취미 : 포니타는 사람들] 도로위 추억의 질주…고물? 보물이죠!,http://sports.chosun.com/news/ntype.htm?id=201905290100212320014466&servicedate=20190528
294,"[오늘과 내일/하임숙]시스템반도체, 임계점 넘어서는 도전 되라",http://news.donga.com/3/all/20190506/95391582/1
295,"“마누라와 자식 빼고 다 바꾸자” 시스템반도체, 임계점 넘어서는 도전 돼라",http://news.donga.com/3/all/20190505/95390131/1
296,[목멱칼럼]‘SKY 캐슬’로 불신 받는 학종,http://www.edaily.co.kr/news/newspath.asp?newsid=01170966622423648
297,"신형 쏘나타, 택시로 안 만드는 이유...제네시스 판매 전략?",http://biz.chosun.com/site/data/html_dir/2019/03/11/2019031101998.html
298,"[더벨]세종공업, 차남 지분 매각..'후계자 정리' 마무리 단계",http://www.thebell.co.kr/front/free/contents/news/article_view.asp?key=201901090100015210000912
299,[썰물밀물] 중고차 100만대 수출 위한 '인천의 힘',http://www.incheonilbo.com/news/articleView.html?idxno=922827
300,인공지능(Artificial Intelligence=AI) 시대를 맞이하며,http://www.withinnews.co.kr/news/view.html?section=1&category=167&item=&no=17562
301,"대구, 새벗도서관 2019년 더불어 사는 삶 별샘의 현재사 연대표",http://www.newsfreezone.co.kr/news/articleView.html?idxno=94185
302,광주의 자동차산업,http://www.kjdaily.com/read.php3?aid=1546335252456995028
303,[이한구의 한국재벌사·89]현대-21 현대기아차,http://www.kyeongin.com/main/view.php?key=20181231010010096
304,[김성곤의 시시콜콜] 기로에 선 현대차동차 51년,http://www.seoul.co.kr/news/newsView.php?id=20181228500077&wlog_tag3=naver
305,'포니 정' 정세영 현대차 초대 사장이 회사 떠나는 날 눈물 펑펑 흘린 이유,https://www.insight.co.kr/news/195983
306,43년 전 오늘은 지금의 현대차를 있게 한 귀요미 '포니'가 첫 생산된 날입니다,https://www.insight.co.kr/news/194879
307,"왕희송, 세계하계청소년올림픽대회 평영200m 3위 입상",http://www.wikitree.co.kr/main/news_view.php?id=375376
308,"동광양중 왕희송, 세계하계청소년올림픽 평영 200m 동",http://www.jndn.com/article.php?aid=1539512924269844010
309,기업에 좋은 것은 대한민국에도 좋다,http://www.domin.co.kr/news/articleView.html?idxno=1213783
310,기업에 좋은 것은 대한민국에도 좋다,http://www.domin.co.kr/news/articleView.html?idxno=1213783
311,15년 넘은 '장수차' 288만대…포니·티코도 여전히 현역,http://www.dailian.co.kr/news/view/734908/?sc=naver
312,'AI 비서' 아마존 '알렉사'-MS '코타나' 합쳐진다,http://www.edaily.co.kr/news/newspath.asp?newsid=04926566619307976
313,"바이두, 음성인식 AI '두어OS' 설치대수 1억대 돌파",http://www.irobotnews.com/news/articleView.html?idxno=14710
314,"페르노리카코리아, '로얄살루트 21년 스노우 폴로 에디션' 출시",http://www.metroseoul.co.kr/news/newsview?newscd=2020010900039
315,"연속2- 68년 울산, 산업수도가 되다",http://www.usmbc.co.kr/01/03_1.html?load=news_view&idx=184655&md=&srhctgr1=&srhctgr2=&srhctgr3=&srhstr=&optr=&sd=&ed=&page=1
316,[50주년 현대차]세계 5위권 글로벌 차 메이커 자리 잡았지만…지배구조 개편·친환경車 개발 난제도 산적,http://news.mk.co.kr/newsRead.php?year=2018&no=60819
317,"서울, 어디까지 가봤니? - 삼성동",http://www.hemophilia.co.kr/news/articleView.html?idxno=3717
318,"도로 위 자동차, 둘 중 한대는 현대차",http://news.hankyung.com/article/2018012115261
319,"삼성전자, MS 출신 AI전문가 래리 헥 영입",http://app.yonhapnews.co.kr/YNA/Basic/SNS/r.aspx?c=AKR20180119159900003&did=1195m
320,"삼성전자, MS출신 머신러닝 전문가 래리 헥 영입",http://www.betanews.net:8080/article/798655.html
321,레저用 ‘픽업’ 열풍… 픽업 해볼까?,http://www.munhwa.com/news/view.html?no=2018011601031939274001
322,"현대·기아차, 올해 신차 12종 출시…판매목표 755만 대",http://www.kookje.co.kr/news2011/asp/newsbody.asp?code=0200&key=20180103.22016000486
323,"반세기 달린 현대차그룹, 무술년 '새로운 50년' 도약점",http://news1.kr/articles/?3194835
324,조용한 창립 50주년 맞은 현대자동차,http://news.mt.co.kr/mtview.php?no=2017122910204922095
325,[1967년 오늘] 현대자동차 설립,http://www.yeongnam.com/mnews/newsview.do?mode=newsView&newskey=20171229.010060727150001
326,[이슈분석]첫 국산차 '포니'부터 세계 공략할 고급 브랜드 '제네시스'까지,http://www.etnews.com/20171228000169
327,현대차 50돌…'포니 신화'에서 '수소차 리더'까지,http://app.yonhapnews.co.kr/YNA/Basic/SNS/r.aspx?c=AKR20171228090900003&did=1195m
328,[50돌 기로에 선 현대차] 31년간 파업 없던 해는 단 4년...노조 모순 못깨면 미래없다,http://www.sedaily.com/NewsView/1OP15BF7K3
329,[필동정담] 자동차 報國,http://news.mk.co.kr/newsRead.php?year=2017&no=859318
330,[이슈분석]첫 국산차 '포니'부터 세계 공략할 고급 브랜드 '제네시스'까지,http://www.etnews.com/20171228000169
331,현대차 50돌…'포니 신화'에서 '수소차 리더'까지,http://app.yonhapnews.co.kr/YNA/Basic/SNS/r.aspx?c=AKR20171228090900003&did=1195m
332,[50돌 기로에 선 현대차] 31년간 파업 없던 해는 단 4년...노조 모순 못깨면 미래없다,http://www.sedaily.com/NewsView/1OP15BF7K3
333,[필동정담] 자동차 報國,http://news.mk.co.kr/newsRead.php?year=2017&no=859318
334,[50돌 맞은 위기의 현대차]기념사도 기념식도 없는 우울한 생일···과거 성공방정식 잊어야,http://www.sedaily.com/NewsView/1OP0PY6E0T
335,[50돌 맞은 위기의 현대차]車부품도 없는 나라에서 완성차 신화···눈부시게 달려온 50년,http://www.sedaily.com/NewsView/1OP0PS0LHV
336,[나는 역사다] 한 시대를 누빈 한국 자동차 산업의 ‘종마’,http://www.hani.co.kr/arti/society/society_general/821553.html
337,"‘박경리문학상’, 영국작가 바이어트에게 13일 전달",http://www.munhwa.com/news/view.html?no=20171108MW140759395197
338,"한 시간에 쌀 한 가마니… 경성 1%의 특권, 택시",http://www.seoul.co.kr/news/newsView.php?id=20171021015006&wlog_tag3=naver
339,"""AI생태계 지배해야 진정한 승자""… 아마존, 미니 전시장에도 위풍당당",http://news.hankyung.com/article/2017090387731
340,"""AI생태계 지배해야 진정한 승자""… 아마존, 미니 전시장에도 위풍당당",http://news.hankyung.com/article/2017090387731
341,[손재철의 車 이야기] 나는 ‘택시운전사’ 속 브리사…1974년에 태어났죠,http://sports.khan.co.kr/news/sk_index.html?art_id=201708231615003&sec_id=563002&pt=nv
342,[리뷰] 채변봉투…고전읽기대회…쥐를 잡자…경부고속도로 개통 퀴즈… 정부광고로 보는 그때 그시절,http://www.readersnews.com/news/articleView.html?idxno=74384
343,[정수남의 영차영차]송강호 ‘택시운전사’…기아차 ‘브리사’ 종횡무진,http://www.cstimes.com/?mod=news&act=articleView&idxno=252592
344,"[울산 1공장 20년만에 언론 첫 공개] ""포니서 코나까지...현대차 역사가 시작된 곳이죠""",http://www.sedaily.com/NewsView/1OICVU2305
345,‘홍보 전문가’ 김병희 교수가 바라 본 해방 이후의 한국의 모습,http://www.newdaily.co.kr/news/article.html?no=349032
346,"근속18년 장인들 ""품질에는 타협 없어""",http://news.mk.co.kr/newsRead.php?&year=2017&no=243302
347,트럼프 모자 쓴 12세 소년 스쿨버스서 폭행 논란,http://nownews.seoul.co.kr/news/newsView.php?id=20170210601020&wlog_tag3=naver
348,"한국MS, AI 가미된 '다이나믹스 365' 내놨다",http://www.mt.co.kr/view/mtview.php?type=1&no=2017011711573018847&outlink=1
349,"`도전의 역사` 현대차, 올해 비밀병기는 `소형SUV`",http://news.mk.co.kr/newsRead.php?no=1168&year=2017
350,[현대차 50주년①] ‘제네시스·N브랜드·아이오닉’로 위상 강화,http://www.fntimes.com/paper/view.aspx?num=169599
351,[오늘의 역사]12월29일:‘왕회장’ 정주영의 야심작... 1967년 현대자동차 ‘시동’,http://www.joongdo.co.kr/jsp/article/article_view.jsp?pq=201612283229
352,[최민관의 모터로그] 국산차의 모태는 수입차?,http://www.hankookilbo.com/v/75842ed07a1f44709085f14063bf4053
353,"""탱크? 주문이 오면 만들지…감이 아니라 경험""",http://news.sbs.co.kr/news/endPage.do?news_id=N1003920983&plink=ORI&cooper=NAVER
354,개그맨 박명수가 세운상가를 찾은 이유는?,http://www.gukjenews.com/news/articleView.html?idxno=605013
355,"""AI가 의사 대체해도 간호·복지사는 부족할 것""",http://www.koreadaily.com/news/read.asp?art_id=4810812
356,"[르포] 지스타 2016, ‘리니지2 레볼루션’ ‘VR콘텐츠’ 등 볼거리 풍성",http://www.asiatoday.co.kr/view.php?key=20161117010012069
357,지스타 17일 개막…'관심집중' 게임은?,http://www.asiatoday.co.kr/view.php?key=20161111010007717
358,[기획] 단종 26년 승용차 포니 지금도 6512대가 달린다,http://news.kmib.co.kr/article/view.asp?arcid=0923632607&code=11151400&cp=nv
359,"정치인의 회고록, 곧이곧대로 믿을 수 없다",http://www.ohmynews.com/NWS_Web/View/at_pg.aspx?CNTN_CD=A0002253711
360,"[르포] 지스타 2016, ‘리니지2 레볼루션’ ‘VR콘텐츠’ 등 볼거리 풍성",http://www.asiatoday.co.kr/view.php?key=20161117010012069
361,지스타 17일 개막…'관심집중' 게임은?,http://www.asiatoday.co.kr/view.php?key=20161111010007717
362,[기획] 단종 26년 승용차 포니 지금도 6512대가 달린다,http://news.kmib.co.kr/article/view.asp?arcid=0923632607&code=11151400&cp=nv
363,"정치인의 회고록, 곧이곧대로 믿을 수 없다",http://www.ohmynews.com/NWS_Web/View/at_pg.aspx?CNTN_CD=A0002253711
364,현장 누비며 ‘희로애락’ 담은 순찰차의 진화,http://news.ichannela.com/society/3/03/20160917/80315527/2
365,<규모 5.8 지진> 현대차 울산공장 생산라인 재가동(종합),http://app.yonhapnews.co.kr/YNA/Basic/SNS/r.aspx?c=AKR20160913040951057&did=1195m
366,[15세 소년의 上京이야기] 에스씨엘 이상춘 회장,http://www.econotalking.kr/news/articleView.html?idxno=133314
367,[Cover Story] 파워트레인·친환경기술 독자 개발…수직계열화로 품질 안정적,http://www.hankyung.com/news/app/newsview.php?aid=2016082597311
368,"자동차 도시 광주, 볼거리를 더하다(3) 울산의 자동차박물관",http://www.siminsori.com/news/articleView.html?idxno=82971
369,(내손안의 가상비서①)'음성명령'으로 물건 사고 음악도 듣고,http://www.newstomato.com/ReadNews.aspx?no=670947
370,[Cover Story] 파워트레인·친환경기술 독자 개발…수직계열화로 품질 안정적,http://www.hankyung.com/news/app/newsview.php?aid=2016082597311
371,"자동차 도시 광주, 볼거리를 더하다(3) 울산의 자동차박물관",http://www.siminsori.com/news/articleView.html?idxno=82971
372,(내손안의 가상비서①)'음성명령'으로 물건 사고 음악도 듣고,http://www.newstomato.com/ReadNews.aspx?no=670947
373,현대차 '글로벌 브랜드'로 '가치'를 증명하다,http://www.cstimes.com/news/articleView.html?idxno=216916
374,[생글기자 코너] 인공지능이 인간의 일자리를 대체한다!…생글기자들의 생각은?,http://www.hankyung.com/news/app/newsview.php?aid=2016061709241
375,11년 전 오늘…'대한민국 자동차의 산증인' 눈감다,http://www.mt.co.kr/view/mtview.php?type=1&no=2016052015300079928&outlink=1
376,러시아 공동묘지서 이권 놓고 수백명 난투극…최소 3명 사망,http://www.newsis.com/ar_detail/view.html?ar_id=NISX20160515_0014084625&cID=10101&pID=10100
377,울산 북구쇠부리축제 13일 북구청 광장서 개막,http://news1.kr/articles/?2659903
378,[주말에 가 볼 만한 곳-지역축제③] 필스너스프링페스트 외,http://www.readersnews.com/news/articleView.html?idxno=60821
379,[현대차 'P'를 지배하라]오래전 시작된 프리미엄 브랜드 전쟁...럭셔리 제네시스·자수성가 현대차 '스토리' 입혀라,http://www.asiatoday.co.kr/view.php?key=20160509010003709
380,13일부터 '울산 쇠부리 축제'...고대원형로 복원실험도,http://news.heraldcorp.com/village/view.php?ud=201605121103485728623_12
381,[주말에 가 볼 만한 곳-지역축제③] 필스너스프링페스트 외,http://www.readersnews.com/news/articleView.html?idxno=60821
382,[현대차 'P'를 지배하라]오래전 시작된 프리미엄 브랜드 전쟁...럭셔리 제네시스·자수성가 현대차 '스토리' 입혀라,http://www.asiatoday.co.kr/view.php?key=20160509010003709
383,"[프레시안 books] 생존 '시발', 수출 '포니', 욕망 '쏘나타'",http://www.pressian.com/news/article.html?no=136183&ref=nav_search
384,"윈도10 탑재 3억대 넘어, MS 대규모 업데이트 준비",http://www.businesspost.co.kr/news/articleView.html?idxno=27351
385,"현대·기아차 판매, 54년 만에 1억 대 돌파",http://sunday.joins.com/archives/126169
386,"'포니'로 출발, 54년간 쾌속질주…무르익는 '3代의 꿈'",http://news.kbiz.or.kr/news/articleView.html?idxno=41037
387,지구 11바퀴 반… 현대·기아차 누적 판매 1억대 돌파,http://www.segye.com/content/html/2016/04/11/20160411003311.html?OutUrl=naver
388,"현대기아차, 54년 만에 글로벌 1억 대 판매 돌파...""아반떼 줄세우면 지구 11.4바퀴""",http://news.mtn.co.kr/newscenter/news_viewer.mtn?gidx=2016041117292156263
389,[현대기아차 1억대 돌파] 삼륜차부터 제네시스까지.. 代 이은 '뚝심경영'(종합),http://view.asiae.co.kr/news/view.htm?idxno=2016040411454827579
390,[현대기아차 1억대 돌파] 삼륜차부터 제네시스까지.. 代 이은 '뚝심경영'(종합),http://view.asiae.co.kr/news/view.htm?idxno=2016040411454827579
391,광주가 꿈꾸는 '자동차 100만대 생산기지',http://www.jnilbo.com/read.php3?aid=1458745200492843063
392,15년 전 오늘…'한국경제의 신화' 한 줌 흙으로 돌아가다,http://www.mt.co.kr/view/mtview.php?type=1&no=2016032016201914824&outlink=1
393,46년 전 오늘… '한 여인의 피살' 정계 뒤흔들다,http://www.mt.co.kr/view/mtview.php?type=1&no=2016031709224462386&outlink=1
394,[오늘의 역사]3월17일:1970년 '그 여인' 정인숙,http://www.joongdo.co.kr/jsp/article/article_view.jsp?pq=201603160296
395,환갑넘은 AI의 역습…우리는 행복해질까?,http://www.nocutnews.co.kr/news/4559010
396,[THE CAR] 핑크 캐딜락·황색 롤스로이스…컬러혁명 시작은 1950년대였다,http://news.mk.co.kr/newsRead.php?no=157498&year=2016
397,[볼만한 TV프로] 19일 TV프로 해설,http://www.yeongnam.com/mnews/newsview.do?mode=newsView&newskey=20160219.010190815420001
398,[채널] 1972년식 승용차 몰고 44년 된 밥솥 쓰고,http://www.imaeil.com/sub_news/sub_news_view.php?news_id=8908&yy=2016
399,[100人100言]정세영 “내 차는 멈추지 않을 것이다”,http://www.ajunews.com/view/20160119143352904
400,[100人100言]정세영 “내 차는 멈추지 않을 것이다”,http://www.ajunews.com/view/20160119143352904
401,"기계학습, 새로운 산업혁명 촉발 기대",http://www.newsis.com/ar_detail/view.html?ar_id=NISX20160115_0013839715&cID=10401&pID=10400
402,"[응답하라 '오늘'] 48년 전 오늘, 대한민국 자동차의 전설이 시작됐다",http://ilyo.co.kr/?ac=article_view&entry_id=157739
403,[라이벌]MK - 豊田… 미래車서 붙는다,http://view.asiae.co.kr/news/view.htm?idxno=2015122111005690157
404,[모터키즈 김 기자] 페라리가 될 뻔했던 현대차 '포니',http://www.etoday.co.kr/news/section/newsview.php?idxno=1250587
405,"[special report] 빛고을 광주, ‘자동차산업밸리’에 사활 걸다",http://jmagazine.joins.com/monthly/view/309058
406,"[정주영 탄생 100주년] “이봐, 해 봤어?” 아산, 무한도전 DNA를 남겼다",http://www.seoul.co.kr/news/newsView.php?id=20151124021006
407,[아산 탄생 100주년]엑셀로 문 연지 29년만에 1000만대 판매,http://view.asiae.co.kr/news/view.htm?idxno=2015111915450520933
408,'탄생 100년' 정주영 전 현대그룹 명예회장 연보,http://app.yonhapnews.co.kr/YNA/Basic/SNS/r.aspx?c=AKR20151120153100003&did=1195m
409,"[권순활의 시장과 자유]정주영의 포니, 정몽구의 제네시스",http://news.donga.com/3/all/20151111/74708198/1
410,"""자동차는 바퀴 달린 국기(國旗)""…독자개발로 '제조업 강국'씨앗 뿌려",http://www.hankyung.com/news/app/newsview.php?aid=2015103062121
411,"포드차 조립하던 현대차, 美 진출 29년..1000만대 돌파",http://www.fnnews.com/news/201510290954318000
412,[특별기획] 100대 ‘경제문화재’ 탐구와 혁신적 경제 마인드,http://jmagazine.joins.com/monthly/view/308614
413,"""해보기나 했어?"" 아산의 유산은 불가능에 도전한 기업가 정신",http://www.hankyung.com/news/app/newsview.php?aid=2015101685791
414,"[아산 정주영 탄생 100년] ""자동차는 바퀴 달린 국기(國旗)""…독자개발로 '제조업 강국' 씨앗 뿌려",http://www.hankyung.com/news/app/newsview.php?aid=2015101411321
415,[아산 정주영 탄생 100년] 신념과 경험에서 얻은 자신감으로 '홀로서기',http://www.hankyung.com/news/app/newsview.php?aid=2015101411361
416,"[아산 정주영 탄생 100년] ""해보기나 했어?""…아산의 유산은 불가능에 도전한 기업가 정신",http://www.hankyung.com/news/app/newsview.php?aid=2015101230191
417,"구글, 음성 검색 더 똑똑해진다",http://view.asiae.co.kr/news/view.htm?idxno=2015092509472094668
418,"‘포니 1호차’탄생 비화, 말 안 통하는 디자이너와…",http://www.dt.co.kr/contents.html?article_no=2015090302101276788001
419,"정구용 회장 ""나의 성취는 광복 70년 산업화 성공의 역사""",http://news.mk.co.kr/news_forward.php?domain=news&no=777025&year=2015
420,"현대차, 위기 딛고 미래 車시장 휘어 잡나",http://www.cstimes.com/news/articleView.html?idxno=183271
421,"현대차, 포니로 시동…전세계 9천만대 누벼",http://news.mk.co.kr/news_forward.php?domain=news&no=768695&year=2015
422,[광복-70대상품]전쟁 폐허 속…속이 꽉 찬 '우장춘 배추' 배고픔을 달래다,http://www.edaily.co.kr/news/newspath.asp?newsid=01203766609466008
423,`메이드 인 코리아` 자동차·유조선·TV… 세계를 점령하다,http://www.dt.co.kr/contents.html?article_no=2015080602101076788002
424,"[한국 기업 수출증대 전략] 현대기아차, 수출·현지화 '투 트랙'으로 지속 성장 이끈다",http://www.ajunews.com/view/20150625134022708
425,"[리뷰] ‘극비수사’ 곽경택 감독님, 2편으로 ‘극비순사’ 기대해도 좋을까요?",http://www.ajunews.com/view/20150609145209301
426,정몽구 현대차 회장 “세계경제 위축되지 말고 목표 향해 나가자“,http://www.newsway.co.kr/view.php?tp=1&ud=2015060322234251995
427,"레노버, 테크 월드서 신제품·기술 공개",http://www.etnews.com/20150528000185
428,[도시의 기억 울산의 오래된 미래 (20)]현대車 울산공장 문 연지 8년만에 국산차 포니 첫 생산,http://www.ksilbo.co.kr/news/articleView.html?idxno=501993
429,"'포니 정' 고 정세영 현대산업개발 명예회장 10주기…""내 차는 멈추지 않을 것이다"" 추모 조형물 제막",http://www.hankyung.com/news/app/newsview.php?aid=2015052094311
430,"'포니 정' 고 정세영 현대산업개발 명예회장 10주기…""내 차는 멈추지 않을 것이다"" 추모 조형물 제막",http://www.hankyung.com/news/app/newsview.php?aid=2015052094311
431,"""포니 개발 반대자는 구경이나 해""",http://news.mk.co.kr/news_forward.php?domain=news&no=484567&year=2015
432,車고유모델 개발·현지화전략… “미래 선제적 대응 경영” 평가,http://www.munhwa.com/news/view.html?no=2015052001032003008002
433,"[사설]현대차-울산시, '자동차 도시'라는 공감대 형성 필요",http://www.ksilbo.co.kr/news/articleView.html?idxno=500422
434,현기차 글로벌 성공가도 비결 ‘MK 리더십’,http://www.breaknews.com/sub_read.html?uid=363870§ion=sc3
435,김정호의역사문화산책 22. 광주의 자동차,http://www.honam.co.kr/read.php3?aid=1429110000464830169
436,[그때 그 차들②]코란도·무쏘 지금도 10만대 이상 '씽씽',http://www.edaily.co.kr/news/newspath.asp?newsid=01154566609334808
437,"[도약! 한국기업]현대기아차, 창의적 인재가 지상 최고의 車 만든다",http://news.donga.com/3/all/20150331/70442998/1
438,[아산 탄생 100년] 시장? 없으면 만들면 된다,https://news.naver.com/main/read.naver?mode=LSD&mid=sec&sid1=101&oid=011&aid=0002636426
439,2년여 만에 돌아온 '윈도 10' 새 기능은?,http://www.inews24.com/php/news_view.php?g_serial=878527&g_menu=020200&rrf=nv
440,"현대·기아차, 글로벌 누적생산 9000만대 돌파",http://news1.kr/articles/?2041739
441,창사 50여년 만에 현대·기아차 9000만대 팔았다,http://www.khan.co.kr/kh_news/art_view.html?artid=201501112103395&code=920508
442,[경향NIE-초등학생용] 우리나라 자동차 2000만대 시대,https://news.naver.com/main/read.naver?mode=LSD&mid=sec&sid1=102&oid=032&aid=0002558743
443,자동차 2천만 대 시대가 열렸다②,http://www.yonhapmidas.com/special_plan/special/2014-12/141207184534_700165
444,"국민 2.8명당 자동차 1대꼴… 등록대수, 이달 말 2000만대 넘어선다",http://www.khan.co.kr/kh_news/art_view.html?artid=201410222147385&code=920508
445,"[최기성의 허브車]자동차, ‘色’에 눈뜨다",http://news.mk.co.kr/newsRead.php?year=2014&no=1324375
446,［기획연재-시발(始發)에서 전기차까지..대한민국 자동차 역사］①최초 국산차 시발(始發),http://www.breaknews.com/sub_read.html?uid=333407§ion=sc3
447,MS 부산데이터센터 건립 사실상 확정,http://news20.busan.com/controller/newsController.jsp?newsId=20140926000172
448,나델라 MS CEO “ 창조경제 협력 여지 많다” 정책적 배려 요청,https://news.naver.com/main/read.naver?mode=LSD&mid=sec&sid1=101&oid=011&aid=0002575595
449,"나델라 MS CEO, ""개발자에 더 많은 기회 줄 것""",http://www.newspim.com/common/redirect.jsp?newsId=20140924000183
450,"현대·기아차, 글로벌 누적판매 9천만대 돌파",http://www.nocutnews.co.kr/news/4352154
451,[경향NIE-초등학생용] 우리나라 자동차 2000만대 시대,https://news.naver.com/main/read.naver?mode=LSD&mid=sec&sid1=102&oid=032&aid=0002558743
452,자동차 2천만 대 시대가 열렸다②,http://www.yonhapmidas.com/special_plan/special/2014-12/141207184534_700165
453,"국민 2.8명당 자동차 1대꼴… 등록대수, 이달 말 2000만대 넘어선다",http://www.khan.co.kr/kh_news/art_view.html?artid=201410222147385&code=920508
454,"[최기성의 허브車]자동차, ‘色’에 눈뜨다",http://news.mk.co.kr/newsRead.php?year=2014&no=1324375
455,［기획연재-시발(始發)에서 전기차까지..대한민국 자동차 역사］①최초 국산차 시발(始發),http://www.breaknews.com/sub_read.html?uid=333407§ion=sc3
456,MS 부산데이터센터 건립 사실상 확정,http://news20.busan.com/controller/newsController.jsp?newsId=20140926000172
457,나델라 MS CEO “ 창조경제 협력 여지 많다” 정책적 배려 요청,https://news.naver.com/main/read.naver?mode=LSD&mid=sec&sid1=101&oid=011&aid=0002575595
458,"나델라 MS CEO, ""개발자에 더 많은 기회 줄 것""",http://www.newspim.com/common/redirect.jsp?newsId=20140924000183
459,"나델라, 한국에서 MS 미래 찾는다",http://biz.heraldcorp.com/view.php?ud=20140924000465
460,"현대·기아車, 글로벌 누적판매 9천만대 돌파",http://www.ksilbo.co.kr/news/articleView.html?idxno=484664
461,[경향NIE-초등학생용] 우리나라 자동차 2000만대 시대,https://news.naver.com/main/read.naver?mode=LSD&mid=sec&sid1=102&oid=032&aid=0002558743
462,자동차 2천만 대 시대가 열렸다②,http://www.yonhapmidas.com/special_plan/special/2014-12/141207184534_700165
463,"국민 2.8명당 자동차 1대꼴… 등록대수, 이달 말 2000만대 넘어선다",http://www.khan.co.kr/kh_news/art_view.html?artid=201410222147385&code=920508
464,"[최기성의 허브車]자동차, ‘色’에 눈뜨다",http://news.mk.co.kr/newsRead.php?year=2014&no=1324375
465,［기획연재-시발(始發)에서 전기차까지..대한민국 자동차 역사］①최초 국산차 시발(始發),http://www.breaknews.com/sub_read.html?uid=333407§ion=sc3
466,MS 부산데이터센터 건립 사실상 확정,http://news20.busan.com/controller/newsController.jsp?newsId=20140926000172
467,나델라 MS CEO “ 창조경제 협력 여지 많다” 정책적 배려 요청,https://news.naver.com/main/read.naver?mode=LSD&mid=sec&sid1=101&oid=011&aid=0002575595
468,"나델라 MS CEO, ""개발자에 더 많은 기회 줄 것""",http://www.newspim.com/common/redirect.jsp?newsId=20140924000183
469,"나델라, 한국에서 MS 미래 찾는다",http://biz.heraldcorp.com/view.php?ud=20140924000465
470,"나델라, 한국에서 MS 미래 찾는다",http://biz.heraldcorp.com/view.php?ud=20140924000465
471,"미국에 첫발, 천국과 지옥을 맛보다",http://www.egreennews.com/news/articleView.html?idxno=116255
472,“韓최초 국산차 역사 왜곡 안돼” 美 한인 여성 현대차에 시정 요구,http://www.newsis.com/ar_detail/view.html?ar_id=NISX20140911_0013161816&cID=10104&pID=10100
473,첫 국산자동차 '포니 Ⅱ' 캐나다에 상륙하다,http://www.egreennews.com/news/articleView.html?idxno=114783
474,"""중화학 국가로 간다""…박정희 대통령 결단, 國力 증폭시켰다",http://view.asiae.co.kr/news/view.htm?idxno=2014082813392448550
475,[현대차 왜 강한가]2년내 누적 생산 1억대 돌파...짧지만 강한 현대차 왕국,http://www.asiatoday.co.kr/view.php?key=20140821010011145
476,"[역사를 바꾼 자동차 M&A 명장면] 현대차, 갈라파고스섬인가 백조의 발인가",http://magazine.hankyung.com/business/apps/news?popup=0&nid=01&c1=1002&nkey=2014073100973000021&mode=sub_view
477,수잔 숄티 후보 지지 한인모임,http://www.koreadaily.com/news/read.asp?art_id=2713742
478,[역사를 바꾼 자동차 M&A 명장면] 미중 빅 2 시장 뚫은 정몽구의 승부수,http://magazine.hankyung.com/business/apps/news?popup=0&nid=01&c1=1002&nkey=2014072300972000011&mode=sub_view
479,[역사를 바꾼 자동차 M&A 명장면] 세계 자동차 성장사 새로 쓴 현대차,http://magazine.hankyung.com/business/apps/news?popup=0&nid=01&c1=1002&nkey=2014071700971000051&mode=sub_view
480,[역사를 바꾼 자동차 M&A 명장면] 세계 자동차 성장사 새로 쓴 현대차,http://magazine.hankyung.com/business/apps/news?popup=0&nid=01&c1=1002&nkey=2014071700971000051&mode=sub_view
481,[해외 전시회 프리뷰] 2014 GDS +tag it!,http://www.weeklytrade.co.kr/sub_read.html?uid=40039§ion=sc7§ion2=
482,"현대·기아차 누적생산, 2016년 1억대 넘는다",http://news1.kr/articles/1693042
483,독일 슈즈&Acc 전시 ‘GDS’ 주목,http://www.fashionbiz.co.kr/TN/?cate=2&recom=2&idx=140173
484,[별미산책] 두부의 세계화,http://www.newscj.com/news/articleView.html?idxno=236715
485,[한마당-김나래] 한국 문학의 힘,http://news.kukinews.com/article/view.asp?page=1&gCode=kmi&arcid=0008252480&cp=nv
486,[글로벌 금융 리포트] 고성장 모멘텀株 '아찔한 추락'…또다른 '닷컴버블' 전주곡인가,http://www.hankyung.com/news/app/newsview.php?aid=2014041352251
487,한국만의 콘텐츠로 영어권에 ‘출판 한류’ 각인,http://www.segye.com/content/html/2014/04/11/20140411003705.html?OutUrl=naver
488,서막 연 ‘문학 한류’ 유럽서 가능성 열다,http://biz.heraldcorp.com/view.php?ud=20140410000205
489,[문화好통]출판불황 맞서는 영국서점의 생존법,http://news.donga.com/3/all/20140411/62445566/1
490,"런던도서전, 출판 문화 세계화 통한 한류 다지기 보여주다",http://biz.heraldcorp.com/view.php?ud=20140410000015
491,유럽에 '문학韓流' 불붙다,http://www.hankyung.com/news/app/newsview.php?aid=2014040801281
492,출판계 소식-영국에서 '문학 한류' 바람,http://www.tbs.seoul.kr/news/bunya.do?method=daum_html2&typ_800=5&seq_800=10017635
493,"한국 문학과 출판, 런던도서전 속으로…이모저모",http://www.newsis.com/ar_detail/view.html?ar_id=NISX20140408_0012840049&cID=10105&pID=10100
494,한국동화가 英베스트셀러…`한국 주빈국` 런던 도서전 개막,http://news.mk.co.kr/news_forward.php?domain=news&no=548918&year=2014
495,런던 516㎡에 펼친 한국 문학의 매력,http://www.hani.co.kr/arti/culture/culture_general/631691.html
496,"[대기업 총수가 사랑한 인재]정몽구 회장, 울산공장에서 자동차 그룹 꿈 완성하다",http://www.asiatoday.co.kr/view.php?key=20140320010011276
497,"""지금까지 없던 IT제품 우리손으로…"" 달려라, 한국기업",http://www.dt.co.kr/contents.html?article_no=2014030402011232742003
498,"황석영 황선미 윤태호 등 10인, 2014 런던도서전 한국 참여작가로 선정돼",http://www.sportsworldi.com/Articles/EntCulture/Article.asp?aid=20140127021388&subctg1=41&subctg2=00&OutUrl=naver
499,"현대차, 인터넷 견학 웹사이트 구축",http://news.kukinews.com/article/view.asp?page=1&gCode=kmi&arcid=0007908544&cp=nv
