,title,url
0,'가장 빠른 제주 뱃길' 진도항에 산타모니카호 취항,http://www.netongs.com/news/articleView.html?idxno=308121
1,거대원시인 산타모 쓰고 조용한 연말연시 보내기 홍보 캠페인 전개,http://www.job-post.co.kr/news/articleView.html?idxno=44283
2,산타모 쓰고 버무린 ‘사랑의 김장김치’,http://www.kjdaily.com/article.php?aid=1638094566561448004
3,"신소율, 산타모 쓰고 새침 미소...'깜찍보스'",http://www.newsculture.press/view.htm?idxno=2020122813453192618
4,"이동국, 아들 시안이와 행복한 일상 “#산타모니까” [똑똑SNS]",http://mksports.co.kr/view/2019/1089661/
5,비예나 `나 산타모 잘 어울려?` [MK포토],http://mksports.co.kr/view/2019/1073121/
6,전북 완주서 레미콘 차량 - 산타모 승용차 충돌,http://www.gukjenews.com/news/articleView.html?idxno=259966
7,제주 화북서 산타모-엑센트 부딪혀 4명 부상,http://www.jejusori.net/?mod=news&act=articleView&idxno=161605
8,산타모 쓴 대형상어,https://news.naver.com/main/read.naver?mode=LSD&mid=sec&sid1=102&oid=003&aid=0004241221
9,"12월 첫날 눈, '야구여신' 공서영 산타모 쓰고 깜찍 ""눈도 안녕?""",http://www.sportsseoul.com/?c=v&m=n&i=146483
10,"김신욱, `산타모가 잘 어울리나` [mk포토]",http://sports.mk.co.kr/view.php?no=1336547&year=2013
11,"산타모 쓴 GS칼텍스, `수줍어 미소만발` [mk포토]",http://sports.mk.co.kr/view.php?no=797454&year=2011
12,"한선수-정지석, 산타모 쓰고 승리다짐 하이파이브 [MK포토]",http://mksports.co.kr/view/2019/1073122/
13,'산타모이기 기네스 신기록' 달성,https://news.naver.com/main/read.naver?mode=LSD&mid=sec&sid1=104&oid=003&aid=0002441785
14,"매입세액 공제-""갤로퍼는 'NO' 산타모는 'YES'""",http://www.joseilbo.com/news/news_read.php?uid=72871&class=7
15,산타모 쓰고 인사말하는 김성태 원내대표,http://www.newsis.com/view/?id=NISI20171219_0013656759
16,"현대오일뱅크 1%나눔재단, 일일 산타모임",http://www.newsis.com/view/?id=NISX20171218_0000179455&cID=13001&pID=13000
17,산타모 쓰고 박근혜 대통령 퇴진 촉구,http://www.newsis.com/pict_detail/view.html?pict_id=NISI20161217_0012505922
18,"황치열, 산타모티카 해변 포착 ""LA 콘서트 마치고 휴식""",http://tvdaily.co.kr/read.php3?aid=14712518401147583017
19,"[포토] 빅스 켄, '산타모 어때요~'",http://sports.chosun.com/news/ntype.htm?id=201512260100275580018368&servicedate=20151225
20,"[포토엔]빅스 혁, 산타모 쓰고 크리스마스 기분~(뮤직뱅크 출근길)",http://www.newsen.com/news_view.php?uid=201512251102052810
21,"빅스 엔, `산타모와 장갑으로 멋내고` [MBN포토]",http://star.mbn.co.kr/view.php?no=1212454&year=2015&refer=portal
22,<포토>산타모 쓰고 캐럴 부르는 여야의원들,http://www.dailian.co.kr/news/view/546035/?sc=naver
23,[포토엔]클라라 ‘산타모자써도 예쁘네’,http://www.newsen.com/news_view.php?uid=201412161241572710
24,[포토] 산타모 쓰고 기념촬영하는 아너 소사이어티 회원들,http://www.ajunews.com/view/20141111124807642
25,푸른색 산타모 쓰고 응원하세요,http://www.newsis.com/pict_detail/view.html?pict_id=NISI20131225_0009170351
26,산타모 쓰는 '해머링맨',http://news1.kr/photos/303339
27,효니 뭐하고 사나 했더니…산타모티카 해변의 여신으로,http://www.ajnews.co.kr/common/redirect.jsp?newsId=20111213000251
28,"[★포토]제시카고메즈, '산타모 잘 어울리네~'",http://star.moneytoday.co.kr/view/stview.php?no=2011121211443280043&type=1&outlink=1
29,‘LPBA챔프’ 스롱 피아비-강지은 4강서 격돌,http://mksports.co.kr/view/2021/1205855/
30,"'女 프로당구 천적 관계?' 피아비, 김가영에 3전 전승",https://www.nocutnews.co.kr/news/5679200
31,김해서 역주행하던 차량 충돌…2명 사망·1명 부상,http://news1.kr/articles/?2898248
32,"현대차 합작사 모셔널, 우버와 손잡고 내년 美서 자율주행배송",http://www.newsis.com/view/?id=NISX20211217_0001691632&cID=13001&pID=13000
33,"방탄소년단, 美 ‘피플스 초이스 어워즈’ 3관왕…‘올해의 그룹’ 포함 최다관왕",https://sports.hankooki.com/lpage/entv/202112/sp20211209111014136690.htm?s_ref=nv
34,연휴기간 대형 교통사고 줄이어… 4명 사망·1명 중상,http://www.gimhaenews.co.kr/news/articleView.html?idxno=17594
35,"역주행 2명 사망, 설연휴 사건사고 얼룩",http://news.knn.co.kr/news/todaynews_read.asp?etime=2017013100023&userid=yhkim&newsgubun=accidents
36,설 연휴 경남도내 곳곳 사건·사고 ‘얼룩’,http://www.knnews.co.kr/news/articleView.php?idxno=1204468
37,"역주행 2명 사망, 설연휴 사건사고 얼룩",http://news.knn.co.kr/news/todaynews_read.asp?etime=2017013000019&userid=uk&newsgubun=accidents
38,설 연휴 경남 김해에서 ‘역주행’ 등 황당사고로 4명 사망,http://news.donga.com/3/all/20170130/82635006/1
39,"패리스 힐튼, 동갑내기 사업가와 결혼···“마침내 왕자와 키스”",https://www.sedaily.com/NewsView/22U020OUSN
40,MS 오피스 365 너마저... CIO가 '가격 인상'에 대응하는 법,https://www.ciokorea.com/news/208717
41,노원구 덕릉고개서 3중 충돌…3명 중상,https://news.naver.com/main/read.naver?mode=LSD&mid=sec&sid1=102&oid=422&aid=0000067105
42,쌍용차 인수 중소업체 2파전…‘자금 조달력’서 운명 갈린다,http://www.newsway.co.kr/news/view?tp=1&ud=2021091611143474162
43,예산서 승용차-승합차 추돌해 6명 사상,http://www.moneytoday.co.kr/view/mtview.php?type=1&no=2012031013160599323&outlink=1
44,"경북 잇단 교통사고…5명 사망, 3명 중경상",https://news.naver.com/main/read.naver?mode=LSD&mid=sec&sid1=102&oid=003&aid=0004107384
45,"가족의 추억 어린 車, 예술이 되다…‘브릴리언트 메모리즈’ 展",http://news.kmib.co.kr/article/view.asp?arcid=0923485897&code=13160000&cp=nv
46,"크로노스, 눈사람 잡으면 캐쉬아이템 제공",http://www.thisisgame.com/board/view.php?id=324117&category=101
47,기름값,http://www.pressian.com/article/article.asp?article_num=40091016161440
48,광양서 차량 충돌사고…5명 사상,http://www.newsis.com/ar_detail/view.html?ar_id=NISX20160117_0013842419&cID=10201&pID=10200
49,"[멀티줌Q] 류현진, 산타 어린이 등장에 핀 '결혼할 미소'",http://www.sportsq.co.kr/news/articleView.html?idxno=105939
50,['사고 다발' 전북혁신도시 교차로 가보니] 직진·우회전 '차선 헷갈려',http://www.jjan.kr/news/articleView.html?idxno=549232
51,"총기난사 50대, 피해자 가족과 재산 갈등 빚은듯",http://www.munhwa.com/news/view.html?no=20150225MW171704133030
52,세종시 편의점 총격사건 3명 사망…용의자는 자살(재종합2),http://biz.chosun.com/site/data/html_dir/2015/02/25/2015022502810.html
53,[사건사고] 세종시 편의점서 괴한 총에 3명 숨져(종합2보),http://www.jbnews.com/news/articleView.html?idxno=641230
54,차량 8대 연쇄추돌…일가족 7명 숨져,https://news.naver.com/main/read.naver?mode=LSD&mid=sec&sid1=102&oid=020&aid=0000028509
55,[뉴스포커스] 암울했던 한해 버팀목 된 종교계 '나눔의 손길',http://www.newscj.com/news/articleView.html?idxno=271304
56,고속도서 2중충돌 일가족 4명 참변,https://news.naver.com/main/read.naver?mode=LSD&mid=sec&sid1=102&oid=001&aid=0004114032
57,고가도로서 불법 유턴하다 마주오는 차량 충돌,http://www.kyeongin.com/news/articleView.html?idxno=812294
58,고가도로서 불법유턴하다 마주오는 차 충돌…3명 사상,https://news.naver.com/main/read.naver?mode=LSD&mid=sec&sid1=102&oid=001&aid=0006769040
59,진도대교서 교통사고…4명 부상,https://news.naver.com/main/read.naver?mode=LSD&mid=sec&sid1=102&oid=003&aid=0005260424
60,"원타임 대니, 아들 얼굴 공개 ""첫번째 크리스마스""",http://tvdaily.co.kr/read.php3?aid=1356658034441448017
61,'가랑비 내렸는데…' 전남지역 빗길사고 잇달아(종합),https://news.naver.com/main/read.naver?mode=LSD&mid=sec&sid1=102&oid=001&aid=0005914521
62,중앙선 넘어 주행하다 차량충돌…70대女 숨져,http://news.sbs.co.kr/section_news/news_read.jsp?news_id=N1001466356
63,무안서 차량 3대 충돌...5명 사상,http://news1.kr/articles/879822
64,남가좌동 차량 추락 사고...가양대교 트럭 전복사고,http://www.newshankuk.com/news/content.asp?fs=1&ss=3&news_idx=201209052125211998
65,"국민차 쏘나타, 급발진 추정 유튜브 영상 화제",http://news1.kr/articles/662148
66,크리스마스 분위기 물씬! KGC인삼공사의 색다른 마케팅,https://sports.news.naver.com/news.nhn?oid=065&aid=0000051907
67,"[人+間(인+간)] 김효성 · 윤정 부녀, 네팔에 학교를 세우다",http://news20.busan.com/news/newsController.jsp?subSectionId=1010090000&newsId=20110317000202
68,"2NE1 산다라박-CL, 그들이 열광하는 스타일은 ‘빈티지’",http://bntnews.hankyung.com/apps/news?popup=0&nid=02&c1=02&c2=02&c3=00&nkey=201011101655393&mode=sub_view
69,2009 크리스마스는 '크로노스'와 함께,http://www.betanews.net/article/481801
70,"군주온라인, ‘크리스마스 축복’ 스탯 5배 증가",http://www.thisisgame.com/board/view.php?id=323281&category=101
71,경부고속도로서 '4중 추돌' 일어나…9명 부상,http://news.sbs.co.kr/section_news/news_read.jsp?news_id=N1000523220
72,"군주온라인, '크리스마스 선물' 이벤트 실시",http://www.betanews.net/article/439436
73,"거제, 주차중인 차량 3대에서 화재",https://news.naver.com/main/read.naver?mode=LSD&mid=sec&sid1=102&oid=003&aid=0002032607
74,무주서 마주오던 차량 충돌 4명 사상,https://news.naver.com/main/read.naver?mode=LSD&mid=sec&sid1=102&oid=003&aid=0000580813
75,방화로 차량 3대 불에 타… 1600만원 재산피해,http://www.cbs.co.kr/Nocut/Show.asp?IDX=430716
76,"'군주온라인', 크리스마스 즐길 수 있는 연말 이벤트 실시",http://www.gamedonga.co.kr/gamenews/gamenewsview.asp?sendgamenews=20622
77,충북도내 추석연휴 사건사고 잇따라,https://news.naver.com/main/read.naver?mode=LSD&mid=sec&sid1=102&oid=003&aid=0000198514
78,"시내버스 중앙선 침범, 승용차 운전자 사망",https://news.naver.com/main/read.naver?mode=LSD&mid=sec&sid1=102&oid=003&aid=0000197970
79,차량 정체 이어져…밤 늦게나 풀릴 듯,http://www.moneytoday.co.kr/view/mtview.php?type=1&no=2006100717145542746&outlink=1
80,"승용차 충돌, 8명 사상",https://news.naver.com/main/read.naver?mode=LSD&mid=sec&sid1=102&oid=003&aid=0000137972
81,"""이 형, 운동에 美쳤어"" 김종국vs김동현's 5년만 리벤지 in LA 버스킹 '꾹사부' 우드 [어저께TV]",http://www.osen.co.kr/article/G1111562223
82,7~10인승 자동차세 내년 최고 5배 인상,https://news.naver.com/main/read.naver?mode=LSD&mid=sec&sid1=101&oid=028&aid=0000080153
83,어린이집 승합차 추돌 14명 사상(종합),https://news.naver.com/main/read.naver?mode=LSD&mid=sec&sid1=102&oid=001&aid=0000689216
84,레저용승용차 정면충돌시험 기아 카니발Ⅱ 우수,https://news.naver.com/main/read.naver?mode=LSD&mid=sec&sid1=101&oid=009&aid=0000175956
85,대구서 또 급발진 추정 사고,https://news.naver.com/main/read.naver?mode=LSD&mid=sec&sid1=102&oid=001&aid=0004534973
86,승합차.승용차 3중충돌 7명 사상,https://news.naver.com/main/read.naver?mode=LSD&mid=sec&sid1=102&oid=001&aid=0004517300
87,"LPG 승합차,대기오염 가중불구 세금 적어",https://news.naver.com/main/read.naver?mode=LSD&mid=sec&sid1=102&oid=001&aid=0004365284
88,"<체육단신>현대, 김경욱에 1억원 수여",https://news.naver.com/main/read.naver?mode=LSD&mid=sec&oid=001&aid=0004059998
89,현대차 22년 만에 새 MPV '스타리아' 티저 공개… 카니발에 도전장,https://hankookilbo.com/News/Read/A2021031109500005663?did=NA
90,"'최현상♥' 이현승, 子 서안 군 '박력 뽀뽀'에 행복 ""이제 낮잠 좀 자 줘""",http://star.mt.co.kr/stview.php?no=2020122514552744460
91,"윌리엄·벤틀리, 선물 받고 신난 두 쪼꼬미 산타 ""메리 크리스마스""",http://star.mt.co.kr/stview.php?no=2020122510434473246
92,"이랜드월드‧LF 등 패션업계, 휴가철 맞아 호캉스‧홈캉스족 겨냥한 '콜라보 상품' 봇물",http://www.newswatch.kr/news/articleView.html?idxno=50400
93,"[오늘의 유통이슈] 스파오, SK매직, 현대백화점, 한샘, 롯데호텔",http://www.babytimes.co.kr/news/articleView.html?idxno=38156
94,"스파오, 올 여름엔 대세그룹 '싹쓰리'와 핫하게~",http://www.fashionbiz.co.kr/TN/?cate=2&recom=2&idx=179414
95,"[Daily New패션·뷰티] 이랜드월드, LF, 형지I&C 外",http://biz.newdaily.co.kr/site/data/html/2020/07/23/2020072300049.html
96,"[시경Today-유통] 스파오, MBC 놀면뭐하니 '싹쓰리' 콜라보 外",http://www.meconomynews.com/news/articleView.html?idxno=43773
97,[오늘의 장바구니] 롯데마트·신세계백화점·스파오 외,http://www.newsprime.co.kr/news/article.html?no=512059
98,"발로 뛰는 정의선 현대차 부회장, 주가는 뒷걸음질...반등 언제쯤?",https://www.fetv.co.kr/news/article.html?no=59687
99,"[세계NOW] ""美 시위로 한인상점 피해, 주방위군 투입? 현 상황은""",https://www.ytn.co.kr/_ln/0104_202006040958072300
100,"군주온라인, ‘크리스마스 축복’ 스탯 5배 증가",http://www.thisisgame.com/board/view.php?id=323281&category=101
101,경부고속도로서 '4중 추돌' 일어나…9명 부상,http://news.sbs.co.kr/section_news/news_read.jsp?news_id=N1000523220
102,"군주온라인, '크리스마스 선물' 이벤트 실시",http://www.betanews.net/article/439436
103,"거제, 주차중인 차량 3대에서 화재",https://news.naver.com/main/read.naver?mode=LSD&mid=sec&sid1=102&oid=003&aid=0002032607
104,무주서 마주오던 차량 충돌 4명 사상,https://news.naver.com/main/read.naver?mode=LSD&mid=sec&sid1=102&oid=003&aid=0000580813
105,방화로 차량 3대 불에 타… 1600만원 재산피해,http://www.cbs.co.kr/Nocut/Show.asp?IDX=430716
106,"'군주온라인', 크리스마스 즐길 수 있는 연말 이벤트 실시",http://www.gamedonga.co.kr/gamenews/gamenewsview.asp?sendgamenews=20622
107,충북도내 추석연휴 사건사고 잇따라,https://news.naver.com/main/read.naver?mode=LSD&mid=sec&sid1=102&oid=003&aid=0000198514
108,"시내버스 중앙선 침범, 승용차 운전자 사망",https://news.naver.com/main/read.naver?mode=LSD&mid=sec&sid1=102&oid=003&aid=0000197970
109,차량 정체 이어져…밤 늦게나 풀릴 듯,http://www.moneytoday.co.kr/view/mtview.php?type=1&no=2006100717145542746&outlink=1
110,"시내버스 중앙선 침범, 승용차 운전자 사망",https://news.naver.com/main/read.naver?mode=LSD&mid=sec&sid1=102&oid=003&aid=0000197970
111,차량 정체 이어져…밤 늦게나 풀릴 듯,http://www.moneytoday.co.kr/view/mtview.php?type=1&no=2006100717145542746&outlink=1
112,"승용차 충돌, 8명 사상",https://news.naver.com/main/read.naver?mode=LSD&mid=sec&sid1=102&oid=003&aid=0000137972
113,"""이 형, 운동에 美쳤어"" 김종국vs김동현's 5년만 리벤지 in LA 버스킹 '꾹사부' 우드 [어저께TV]",http://www.osen.co.kr/article/G1111562223
114,7~10인승 자동차세 내년 최고 5배 인상,https://news.naver.com/main/read.naver?mode=LSD&mid=sec&sid1=101&oid=028&aid=0000080153
115,어린이집 승합차 추돌 14명 사상(종합),https://news.naver.com/main/read.naver?mode=LSD&mid=sec&sid1=102&oid=001&aid=0000689216
116,레저용승용차 정면충돌시험 기아 카니발Ⅱ 우수,https://news.naver.com/main/read.naver?mode=LSD&mid=sec&sid1=101&oid=009&aid=0000175956
117,대구서 또 급발진 추정 사고,https://news.naver.com/main/read.naver?mode=LSD&mid=sec&sid1=102&oid=001&aid=0004534973
118,승합차.승용차 3중충돌 7명 사상,https://news.naver.com/main/read.naver?mode=LSD&mid=sec&sid1=102&oid=001&aid=0004517300
119,"LPG 승합차,대기오염 가중불구 세금 적어",https://news.naver.com/main/read.naver?mode=LSD&mid=sec&sid1=102&oid=001&aid=0004365284
120,"LPG 승합차,대기오염 가중불구 세금 적어",https://news.naver.com/main/read.naver?mode=LSD&mid=sec&sid1=102&oid=001&aid=0004365284
121,"<체육단신>현대, 김경욱에 1억원 수여",https://news.naver.com/main/read.naver?mode=LSD&mid=sec&oid=001&aid=0004059998
122,현대차 22년 만에 새 MPV '스타리아' 티저 공개… 카니발에 도전장,https://hankookilbo.com/News/Read/A2021031109500005663?did=NA
123,"'최현상♥' 이현승, 子 서안 군 '박력 뽀뽀'에 행복 ""이제 낮잠 좀 자 줘""",http://star.mt.co.kr/stview.php?no=2020122514552744460
124,"윌리엄·벤틀리, 선물 받고 신난 두 쪼꼬미 산타 ""메리 크리스마스""",http://star.mt.co.kr/stview.php?no=2020122510434473246
125,"이랜드월드‧LF 등 패션업계, 휴가철 맞아 호캉스‧홈캉스족 겨냥한 '콜라보 상품' 봇물",http://www.newswatch.kr/news/articleView.html?idxno=50400
126,"[오늘의 유통이슈] 스파오, SK매직, 현대백화점, 한샘, 롯데호텔",http://www.babytimes.co.kr/news/articleView.html?idxno=38156
127,"스파오, 올 여름엔 대세그룹 '싹쓰리'와 핫하게~",http://www.fashionbiz.co.kr/TN/?cate=2&recom=2&idx=179414
128,"[Daily New패션·뷰티] 이랜드월드, LF, 형지I&C 外",http://biz.newdaily.co.kr/site/data/html/2020/07/23/2020072300049.html
129,"[시경Today-유통] 스파오, MBC 놀면뭐하니 '싹쓰리' 콜라보 外",http://www.meconomynews.com/news/articleView.html?idxno=43773
130,"[Daily New패션·뷰티] 이랜드월드, LF, 형지I&C 外",http://biz.newdaily.co.kr/site/data/html/2020/07/23/2020072300049.html
131,"[시경Today-유통] 스파오, MBC 놀면뭐하니 '싹쓰리' 콜라보 外",http://www.meconomynews.com/news/articleView.html?idxno=43773
132,[오늘의 장바구니] 롯데마트·신세계백화점·스파오 외,http://www.newsprime.co.kr/news/article.html?no=512059
133,"발로 뛰는 정의선 현대차 부회장, 주가는 뒷걸음질...반등 언제쯤?",https://www.fetv.co.kr/news/article.html?no=59687
134,"[세계NOW] ""美 시위로 한인상점 피해, 주방위군 투입? 현 상황은""",https://www.ytn.co.kr/_ln/0104_202006040958072300
135,FDA 미승인 코로나19 검사 키트 판매 여성 체포,https://www.radiokorea.com/news/article.php?uid=342131
136,"누적 판매량 4,000만 장, 역대 최다 GOTY 수상 게임",https://news.appstory.co.kr/plan13117
137,"[스타포커스] '미스터트롯' 임영웅, 고막을 구원할 히어로…우승후보의 위력 보여주다 ",http://www.topstarnews.net/news/articleView.html?idxno=738158
138,"제니퍼 로페즈, 온통 다이아! 실버 터틀넥에 반지는 59억원?!",http://www.fashionn.com/board/read_new.php?table=1023&number=31996
139,"실시간 아카데미 소식 궁금하다면, 이동진 안현모 진행 TV 조선 생중계",http://www.movist.com/movist3d/view.asp?type=13&id=atc000000002654
140,대세그룹 '싹쓰리' 티셔츠 나온다… 어디서 사지?,http://moneys.mt.co.kr/news/mwView.php?no=2020072309238032256
141,"발로 뛰는 정의선 현대차 부회장, 주가는 뒷걸음질...반등 언제쯤?",https://www.fetv.co.kr/news/article.html?no=59687
142,"[세계NOW] ""美 시위로 한인상점 피해, 주방위군 투입? 현 상황은""",https://www.ytn.co.kr/_ln/0104_202006040958072300
143,FDA 미승인 코로나19 검사 키트 판매 여성 체포,https://www.radiokorea.com/news/article.php?uid=342131
144,"누적 판매량 4,000만 장, 역대 최다 GOTY 수상 게임",https://news.appstory.co.kr/plan13117
145,"[스타포커스] '미스터트롯' 임영웅, 고막을 구원할 히어로…우승후보의 위력 보여주다 ",http://www.topstarnews.net/news/articleView.html?idxno=738158
146,"제니퍼 로페즈, 온통 다이아! 실버 터틀넥에 반지는 59억원?!",http://www.fashionn.com/board/read_new.php?table=1023&number=31996
147,"실시간 아카데미 소식 궁금하다면, 이동진 안현모 진행 TV 조선 생중계",http://www.movist.com/movist3d/view.asp?type=13&id=atc000000002654
148,"“뉴욕서 본 쥐, 행운의 상징”…기생충, 오스카 하루 앞두고 FISA 수상",http://www.donga.com/news/article/all/20200209/99602687/2
149,"'패션 파괴자' 빌리 포터, 역대급 점프슈트 드레스룩!",http://www.fashionn.com/board/read_new.php?table=1023&number=31673
150,"이랜드 스파오, 대세그룹 '싹쓰리'와 협업…예능x패션 콜라보",http://www.upinews.kr/newsView/upi202007230007
151,"발로 뛰는 정의선 현대차 부회장, 주가는 뒷걸음질...반등 언제쯤?",https://www.fetv.co.kr/news/article.html?no=59687
152,"[세계NOW] ""美 시위로 한인상점 피해, 주방위군 투입? 현 상황은""",https://www.ytn.co.kr/_ln/0104_202006040958072300
153,FDA 미승인 코로나19 검사 키트 판매 여성 체포,https://www.radiokorea.com/news/article.php?uid=342131
154,"누적 판매량 4,000만 장, 역대 최다 GOTY 수상 게임",https://news.appstory.co.kr/plan13117
155,"[스타포커스] '미스터트롯' 임영웅, 고막을 구원할 히어로…우승후보의 위력 보여주다 ",http://www.topstarnews.net/news/articleView.html?idxno=738158
156,"제니퍼 로페즈, 온통 다이아! 실버 터틀넥에 반지는 59억원?!",http://www.fashionn.com/board/read_new.php?table=1023&number=31996
157,"실시간 아카데미 소식 궁금하다면, 이동진 안현모 진행 TV 조선 생중계",http://www.movist.com/movist3d/view.asp?type=13&id=atc000000002654
158,"“뉴욕서 본 쥐, 행운의 상징”…기생충, 오스카 하루 앞두고 FISA 수상",http://www.donga.com/news/article/all/20200209/99602687/2
159,"'패션 파괴자' 빌리 포터, 역대급 점프슈트 드레스룩!",http://www.fashionn.com/board/read_new.php?table=1023&number=31673
160,"'놀면뭐하니?' 싹쓰리(SSAK3), 스파오 콜라보 상품 출시…디테일甲",http://www.slist.kr/news/articleView.html?idxno=172379
161,"발로 뛰는 정의선 현대차 부회장, 주가는 뒷걸음질...반등 언제쯤?",https://www.fetv.co.kr/news/article.html?no=59687
162,"[세계NOW] ""美 시위로 한인상점 피해, 주방위군 투입? 현 상황은""",https://www.ytn.co.kr/_ln/0104_202006040958072300
163,FDA 미승인 코로나19 검사 키트 판매 여성 체포,https://www.radiokorea.com/news/article.php?uid=342131
164,"누적 판매량 4,000만 장, 역대 최다 GOTY 수상 게임",https://news.appstory.co.kr/plan13117
165,"[스타포커스] '미스터트롯' 임영웅, 고막을 구원할 히어로…우승후보의 위력 보여주다 ",http://www.topstarnews.net/news/articleView.html?idxno=738158
166,"제니퍼 로페즈, 온통 다이아! 실버 터틀넥에 반지는 59억원?!",http://www.fashionn.com/board/read_new.php?table=1023&number=31996
167,"실시간 아카데미 소식 궁금하다면, 이동진 안현모 진행 TV 조선 생중계",http://www.movist.com/movist3d/view.asp?type=13&id=atc000000002654
168,"“뉴욕서 본 쥐, 행운의 상징”…기생충, 오스카 하루 앞두고 FISA 수상",http://www.donga.com/news/article/all/20200209/99602687/2
169,"'패션 파괴자' 빌리 포터, 역대급 점프슈트 드레스룩!",http://www.fashionn.com/board/read_new.php?table=1023&number=31673
170,"제니퍼 로페즈, 온통 다이아! 실버 터틀넥에 반지는 59억원?!",http://www.fashionn.com/board/read_new.php?table=1023&number=31996
171,"실시간 아카데미 소식 궁금하다면, 이동진 안현모 진행 TV 조선 생중계",http://www.movist.com/movist3d/view.asp?type=13&id=atc000000002654
172,"“뉴욕서 본 쥐, 행운의 상징”…기생충, 오스카 하루 앞두고 FISA 수상",http://www.donga.com/news/article/all/20200209/99602687/2
173,"'패션 파괴자' 빌리 포터, 역대급 점프슈트 드레스룩!",http://www.fashionn.com/board/read_new.php?table=1023&number=31673
174,공개된 사진 속에는 이동국과 아들 시안 군의 모습이 담겨…? `이동국`,http://www.insightkorea.co.kr//news/articleView.html?idxno=74682
175,"""이동국"" 시안이는 아빠 목마를 탄 채 포즈를 취해",http://www.ksilbo.co.kr/news/articleView.html?idxno=747515
176,"축구선수 이동국, 아들 시안이와 산타모니카에서 포착 ""15년 만에""",http://www.incheonilbo.com/news/articleView.html?idxno=1015681
177,"이동국, 아들 시안이 목말 태우고 관광객 포스..""15년만 산타모니카""",http://biz.heraldcorp.com/view.php?ud=201912262152092040241_1
178,"장흥군 지역사회보장협, 크리스마스 선물꾸러미 나눔",http://www.wikitree.co.kr/main/news_view.php?id=491089
179,"영광 지역 아동들 위해 ""미리 메리 크리스마스""",https://jnilbo.com/?p=864437
180,부촌지역 고교생 SAT시험서 ‘유리’,http://www.koreatimes.com/article/1266306
181,강행옥 변호사의 호남정맥 종주기(24) '서밧재-개기재' 구간(2019. 5. 6),http://www.namdonews.com/news/articleView.html?idxno=535961
182,[우리말OX] 도시 가스? 도시 까스?… 된소리 발음은 어떻게 적을까,http://www.joongdo.co.kr/main/view.php?key=20190426010011536
183,"'영재 발굴단' 데니스홍, 로봇 거장 마지막 편…꼬마 과학자 이산-준수-희웅의 기발한 아이디어 발표",http://www.topstarnews.net/news/articleView.html?idxno=608701
184,"[이 전시] 데이비드 호크니 ""존재 자체가 하나의 장르""",http://www.fnnews.com/news/201903250915185804
185,부산서 RV 차량이 택시-상가 충돌…운전자 사망,https://www.nocutnews.co.kr/news/5123476
186,[기자수첩] LPG차의 편견 종결돼야,http://www.gasnews.com/news/articleView.html?idxno=86520
187,"현대글로비스, 구로구 아동센터 찾아 따뜻한 크리스마스 선물 전달",http://www.dailysportshankook.co.kr/news/articleView.html?idxno=200438
188,[진주] '크리스마스이브'에 울려 퍼지는 캐럴,http://www.newscj.com/news/articleView.html?idxno=585188
189,크리스마스 맞아 '산타모자' 쓰고 사랑스러움 뽐내는 솜뭉치 댕댕이들,https://www.insight.co.kr/news/200015
190,"현대글로비스, 지역아동센터 찾아 ‘크리스마스 선물’ 전달",http://www.g-enews.com/ko-kr/news/article/news_all/201812231007047646dd9e5ceb62_1/article.html
191,"엔토리, MMORPG ‘십이지천M’ 구글플레이 22일 출시",http://www.inven.co.kr/webzine/news/?news=212556
192,반짝반짝 빛나는 여우 장식품 마음에 들어 계속 '관심' 나타낸 진짜 여우,https://www.insight.co.kr/news/199323
193,"김포 사우동지역사회보장협, 성탄절 사랑나눔행사 가져",http://www.nspna.com/news/?mode=view&newsid=327255
194,꼬마 산타의 미소,http://www.incheonilbo.com/news/articleView.html?idxno=917641
195,'사랑의 연탄 함께 옮겨요',http://news1.kr/photos/view/?3429044
196,"[글로벌포토] 스탠리 추모 물결...""스파이더맨 아버지 안녕""",http://www.ajunews.com/view/20181113081256751
197,"[인디인벤] '몬헌: 월드'와 '갓오브워', 개발 노하우까지! IGC 2018 3일차 강연",http://www.inven.co.kr/webzine/news/?news=208637&site=indie
198,도시가 바뀌면 폭염도 피할 수 있다,http://www.dongascience.com/news/view/23286
199,구리시 한양대병원 골목길 전신주 쓰러져...차량 3대 덮쳐(2보),http://www.m-i.kr/news/articleView.html?idxno=439765
200,"현대글로비스, 지역아동센터 500명에게 크리스마스 선물 전달",http://biz.newdaily.co.kr/site/data/html/2018/12/23/2018122300038.html
201,"엔토리, MMORPG ‘십이지천M’ 구글플레이 22일 출시",http://www.inven.co.kr/webzine/news/?news=212556
202,반짝반짝 빛나는 여우 장식품 마음에 들어 계속 '관심' 나타낸 진짜 여우,https://www.insight.co.kr/news/199323
203,"김포 사우동지역사회보장협, 성탄절 사랑나눔행사 가져",http://www.nspna.com/news/?mode=view&newsid=327255
204,꼬마 산타의 미소,http://www.incheonilbo.com/news/articleView.html?idxno=917641
205,'사랑의 연탄 함께 옮겨요',http://news1.kr/photos/view/?3429044
206,"[글로벌포토] 스탠리 추모 물결...""스파이더맨 아버지 안녕""",http://www.ajunews.com/view/20181113081256751
207,"[인디인벤] '몬헌: 월드'와 '갓오브워', 개발 노하우까지! IGC 2018 3일차 강연",http://www.inven.co.kr/webzine/news/?news=208637&site=indie
208,도시가 바뀌면 폭염도 피할 수 있다,http://www.dongascience.com/news/view/23286
209,구리시 한양대병원 골목길 전신주 쓰러져...차량 3대 덮쳐(2보),http://www.m-i.kr/news/articleView.html?idxno=439765
210,반짝반짝 빛나는 여우 장식품 마음에 들어 계속 '관심' 나타낸 진짜 여우,https://www.insight.co.kr/news/199323
211,"김포 사우동지역사회보장협, 성탄절 사랑나눔행사 가져",http://www.nspna.com/news/?mode=view&newsid=327255
212,꼬마 산타의 미소,http://www.incheonilbo.com/news/articleView.html?idxno=917641
213,'사랑의 연탄 함께 옮겨요',http://news1.kr/photos/view/?3429044
214,"[글로벌포토] 스탠리 추모 물결...""스파이더맨 아버지 안녕""",http://www.ajunews.com/view/20181113081256751
215,"[인디인벤] '몬헌: 월드'와 '갓오브워', 개발 노하우까지! IGC 2018 3일차 강연",http://www.inven.co.kr/webzine/news/?news=208637&site=indie
216,도시가 바뀌면 폭염도 피할 수 있다,http://www.dongascience.com/news/view/23286
217,구리시 한양대병원 골목길 전신주 쓰러져...차량 3대 덮쳐(2보),http://www.m-i.kr/news/articleView.html?idxno=439765
218,[할리웃통신] 실베스터 스탤론 10대 여성 성폭행 혐의 피소,http://www.tvreport.co.kr/?c=news&m=newsview&idx=1062913
219,"'갓 오브 워', 분노의 대물림을 피하려는 크레토스는 성공할 수 있을까",http://gamefocus.co.kr/detail.php?number=80975
220,'사랑의 연탄 옮기는 아이들',http://news1.kr/photos/view/?3429037
221,"[글로벌포토] 스탠리 추모 물결...""스파이더맨 아버지 안녕""",http://www.ajunews.com/view/20181113081256751
222,"[인디인벤] '몬헌: 월드'와 '갓오브워', 개발 노하우까지! IGC 2018 3일차 강연",http://www.inven.co.kr/webzine/news/?news=208637&site=indie
223,도시가 바뀌면 폭염도 피할 수 있다,http://www.dongascience.com/news/view/23286
224,구리시 한양대병원 골목길 전신주 쓰러져...차량 3대 덮쳐(2보),http://www.m-i.kr/news/articleView.html?idxno=439765
225,[할리웃통신] 실베스터 스탤론 10대 여성 성폭행 혐의 피소,http://www.tvreport.co.kr/?c=news&m=newsview&idx=1062913
226,"'갓 오브 워', 분노의 대물림을 피하려는 크레토스는 성공할 수 있을까",http://gamefocus.co.kr/detail.php?number=80975
227,LA 비롯 전국 대도시서 대규모 총기 규제 강화 시위 벌어져,http://www.radiokorea.com/news/article.php?uid=285369
228,20대 음주운전에…시민 한 명 희생,http://www.sisafocus.co.kr/news/articleView.html?idxno=180307
229,‘워너원’ 강다니엘이 직접 불러주는 캐럴 ‘귀 호강’…“메리 크리스마스!”,http://www.etoday.co.kr/news/section/newsview.php?idxno=1577593
230,"'갓 오브 워', 분노의 대물림을 피하려는 크레토스는 성공할 수 있을까",http://gamefocus.co.kr/detail.php?number=80975
231,LA 비롯 전국 대도시서 대규모 총기 규제 강화 시위 벌어져,http://www.radiokorea.com/news/article.php?uid=285369
232,20대 음주운전에…시민 한 명 희생,http://www.sisafocus.co.kr/news/articleView.html?idxno=180307
233,‘워너원’ 강다니엘이 직접 불러주는 캐럴 ‘귀 호강’…“메리 크리스마스!”,http://www.etoday.co.kr/news/section/newsview.php?idxno=1577593
234,"현대오일뱅크 1% 나눔재단, 일일 산타 변신",http://www.todayenergy.kr/news/articleView.html?idxno=128958
235,"현대오일뱅크 임직원, 저소득 아동 위해 카드·선물 준비",http://www.joseilbo.com/news/news_read.php?uid=341919&class=17&grp=
236,포그바의 '깜놀' 농구실력... 2m13 엠비드를 뚫었다,http://sports.chosun.com/news/ntype.htm?id=201707190100162800011871&servicedate=20170718
237,"불어난 계곡물에 고립, 빗길 교통사고 잇따라",http://www.kado.net/?mod=news&act=articleView&idxno=862926
238,"[영상] '냉장고를 부탁해' 정용화, 레이먼킴 '시카고 피자'에 대흥분…폭풍 피자 먹방 '눈길'",http://www.newspim.com/news/view/20170407000260
239,LA 국제마라톤,http://www.newsis.com/view/?id=NISI20170320_0012807701
240,"현대오일뱅크 1% 나눔재단, 크리스마스 카드·선물 마련",http://www.ekn.kr/news/article.html?no=332163
241,포그바의 '깜놀' 농구실력... 2m13 엠비드를 뚫었다,http://sports.chosun.com/news/ntype.htm?id=201707190100162800011871&servicedate=20170718
242,"불어난 계곡물에 고립, 빗길 교통사고 잇따라",http://www.kado.net/?mod=news&act=articleView&idxno=862926
243,"[영상] '냉장고를 부탁해' 정용화, 레이먼킴 '시카고 피자'에 대흥분…폭풍 피자 먹방 '눈길'",http://www.newspim.com/news/view/20170407000260
244,LA 국제마라톤,http://www.newsis.com/view/?id=NISI20170320_0012807702
245,"[할리웃통신] 해리슨 포드, 정신 못 차렸나…또 경비행기 탔다",http://www.tvreport.co.kr/?c=news&m=newsview&idx=969038
246,[인도에서 온 런치박스] “메리 크리스마스” 성탄절 즐기는 힌두교의 나라,http://www.asiatoday.co.kr/view.php?key=20161225010016547
247,"[밀착취재] ""산타이모도 있다구요""… 광장 메운 '촛불산타'들",http://www.segye.com/content/html/2016/12/24/20161224000924.html?OutUrl=naver
248,집회 참가한 아기산타,http://app.yonhapnews.co.kr/YNA/Basic/SNS/r.aspx?c=PYH20161224306900013&did=1196m
249,"[송혜민 기자의 월드 why] 빨간마법, 산타도 홀렸나",http://www.seoul.co.kr/news/newsView.php?id=20161217020006&wlog_tag3=naver
250,LA 국제마라톤,http://www.newsis.com/view/?id=NISI20170320_0012807702
251,"[할리웃통신] 해리슨 포드, 정신 못 차렸나…또 경비행기 탔다",http://www.tvreport.co.kr/?c=news&m=newsview&idx=969038
252,[인도에서 온 런치박스] “메리 크리스마스” 성탄절 즐기는 힌두교의 나라,http://www.asiatoday.co.kr/view.php?key=20161225010016547
253,"[밀착취재] ""산타이모도 있다구요""… 광장 메운 '촛불산타'들",http://www.segye.com/content/html/2016/12/24/20161224000924.html?OutUrl=naver
254,집회 참가한 아기산타,http://app.yonhapnews.co.kr/YNA/Basic/SNS/r.aspx?c=PYH20161224306900013&did=1196m
255,"[송혜민 기자의 월드 why] 빨간마법, 산타도 홀렸나",http://www.seoul.co.kr/news/newsView.php?id=20161217020006&wlog_tag3=naver
256,젊어진 ‘씨’ 판매 신바람,http://www.ktnews.com/sub/view.php?cd_news=101304
257,[IR라운지]③세계 최대 부품사로의 성장위한 발판은 마련됐다,http://www.edaily.co.kr/news/newspath.asp?newsid=01177526612848672
258,LAPD 경찰관 4명 명예 훈장 수여받아,http://www.radiokorea.com/news/article.php?uid=221729
259,1월 18일 오늘의 안전 상황,http://fpn119.co.kr/sub_read.html?uid=49121§ion=sc72
260,집회 참가한 아기산타,http://app.yonhapnews.co.kr/YNA/Basic/SNS/r.aspx?c=PYH20161224307300013&did=1196m
261,"[송혜민 기자의 월드 why] 빨간마법, 산타도 홀렸나",http://www.seoul.co.kr/news/newsView.php?id=20161217020006&wlog_tag3=naver
262,젊어진 ‘씨’ 판매 신바람,http://www.ktnews.com/sub/view.php?cd_news=101304
263,[IR라운지]③세계 최대 부품사로의 성장위한 발판은 마련됐다,http://www.edaily.co.kr/news/newspath.asp?newsid=01177526612848672
264,LAPD 경찰관 4명 명예 훈장 수여받아,http://www.radiokorea.com/news/article.php?uid=221729
265,1월 18일 오늘의 안전 상황,http://fpn119.co.kr/sub_read.html?uid=49121§ion=sc72
266,대전서 주택·차량화재 이어져,http://www.ggilbo.com/news/articleView.html?idxno=261073
267,'메리크리스마스' 덕선이의 변신 '섹시산타 혜리로 돌아왔다',http://www.kookje.co.kr/news2011/asp/newsbody.asp?code=0500&key=20151224.99002113310
268,'싼타가 사라졌다'...X-마스 특수 '이젠 옛말',http://www.edaily.co.kr/news/newspath.asp?newsid=01325126609601800
269,"조계종, 올해도 조계사에 성탄 트리 불 밝혔네",http://www.newsis.com/ar_detail/view.html?ar_id=NISX20151216_0010482618&cID=10701&pID=10700
270,"조계종, 올해도 조계사에 성탄 트리 불 밝혔네",http://www.newsis.com/ar_detail/view.html?ar_id=NISX20151216_0010482618&cID=10701&pID=10700
271,"[포토Q] LA다저스 류현진, 산타와 함께 '미리 크리스마스!'",http://www.sportsq.co.kr/news/articleView.html?idxno=105742
272,조 바이든 부통령 방문으로 LA 곳곳 통제,http://www.radiokorea.com/news/article.php?uid=197996
273,"UCLA 메디컬센터, 전국 병원 3위 기록",http://www.radiokorea.com/news/article.php?uid=182819
274,완주서 레미콘-승용차 충돌,http://www.newsis.com/pict_detail/view.html?pict_id=NISI20150512_0010930668
275,'1년만 더 타자'..폐차하려다 맘바꾸는 사람들 늘었다,http://www.g-enews.com/ko-kr/news/article/news_all/201505071553566067102_1/article.html
276,음주운전 40대 트럭 추돌···10살 난 아들 사망,http://www.jeonmin.co.kr/news/articleView.html?idxno=129696
277,아들 태우고 음주운전한 아버지...결국 아들 사망,http://www.dailian.co.kr/news/view/498286/?sc=naver
278,"만취 음주운전 40대, 주차된 화물차 들이받아 옆자리 13살 아들 숨져",http://www.segye.com/content/html/2015/04/06/20150406000393.html?OutUrl=naver
279,만취한 40대 주차차량 추돌... 옆자리 아들 사망,http://www.econovill.com/news/articleView.html?idxno=240682
280,"완주서 레미콘-승용차 충돌…1명 사망, 2명 부상",http://app.yonhapnews.co.kr/YNA/Basic/SNS/r.aspx?c=AKR20150512105100055&did=1195m
281,'1년만 더 타자'..폐차하려다 맘바꾸는 사람들 늘었다,http://www.g-enews.com/ko-kr/news/article/news_all/201505071553566067102_1/article.html
282,음주운전 40대 트럭 추돌···10살 난 아들 사망,http://www.jeonmin.co.kr/news/articleView.html?idxno=129696
283,아들 태우고 음주운전한 아버지...결국 아들 사망,http://www.dailian.co.kr/news/view/498286/?sc=naver
284,"만취 음주운전 40대, 주차된 화물차 들이받아 옆자리 13살 아들 숨져",http://www.segye.com/content/html/2015/04/06/20150406000393.html?OutUrl=naver
285,만취한 40대 주차차량 추돌... 옆자리 아들 사망,http://www.econovill.com/news/articleView.html?idxno=240682
286,전북 익산서 40대 만취 음주운전...화물차 추돌 아들 숨져,http://www.gukjenews.com/news/articleView.html?idxno=235476
287,"해리슨 포드 추락 당시 교신내용, ""엔진 고장…긴급회항""",http://www.xportsnews.com/?ac=article_view&entry_id=559895
288,"세종시 편의점, “마지막으로 악수나 하세” … 자살까지 계획에 있었나?",http://biz.heraldcorp.com/view.php?ud=201502260800596959267_8
289,"세종시 편의점 총기난사, 갈등 원인은 '재산 분할'",http://view.asiae.co.kr/news/view.htm?idxno=2015022607055293880
290,"해리슨 포드 추락 당시 교신내용, ""엔진 고장…긴급회항""",http://www.xportsnews.com/?ac=article_view&entry_id=559895
291,"세종시 편의점, “마지막으로 악수나 하세” … 자살까지 계획에 있었나?",http://biz.heraldcorp.com/view.php?ud=201502260800596959267_8
292,"세종시 편의점 총기난사, 갈등 원인은 '재산 분할'",http://view.asiae.co.kr/news/view.htm?idxno=2015022607055293880
293,세종서 엽총난사 3명 살해… 용의자 자살,http://www.kado.net/news/articleView.html?idxno=721292
294,'세종 총격' 원인은 재산다툼…3명 살해후 자살(종합4보),http://app.yonhapnews.co.kr/YNA/Basic/SNS/r.aspx?c=AKR20150225046355063&did=1195m
295,전 동거녀 가족에 '엽총 살해',http://www.jbnews.com/news/articleView.html?idxno=641445
296,3명 살해 후 자살…'세종시 편의점 총기사건' 전말 알고보니,http://view.asiae.co.kr/news/view.htm?idxno=2015022523195729053
297,세종시 편의점서 총기 발사한 괴한 ‘자살’ 범행 저지른 이유는?,http://www.fnnews.com/news/201502251134127367
298,'세종 엽총난사' 재산다툼 범행…특정인 지목 살해,http://www.newsis.com/ar_detail/view.html?ar_id=NISX20150225_0013498112&cID=10201&pID=10200
299,"""세종시 총기 사고 피의자, 재산분할로 다퉈""",http://www.newscj.com/news/articleView.html?idxno=278520
300,"[일문일답]경찰 ""전 동거녀는 계모임 참석 화 면해""",http://www.newsis.com/ar_detail/view.html?ar_id=NISX20150225_0013498350&cID=10201&pID=10200
301,전 동거녀 가족에 '엽총 살해',http://www.jbnews.com/news/articleView.html?idxno=641445
302,3명 살해 후 자살…'세종시 편의점 총기사건' 전말 알고보니,http://view.asiae.co.kr/news/view.htm?idxno=2015022523195729053
303,세종시 편의점서 총기 발사한 괴한 ‘자살’ 범행 저지른 이유는?,http://www.fnnews.com/news/201502251134127367
304,'세종 엽총난사' 재산다툼 범행…특정인 지목 살해,http://www.newsis.com/ar_detail/view.html?ar_id=NISX20150225_0013498112&cID=10201&pID=10200
305,"""세종시 총기 사고 피의자, 재산분할로 다퉈""",http://www.newscj.com/news/articleView.html?idxno=278520
306,세종 편의점서 괴한 총기 발사…3명 사망,http://mbn.mk.co.kr/pages/news/newsView.php?news_seq_no=2226119
307,세종시 편의점 총기 사건 현장 공개.. '차량 버리고 총기 소지한 채 도주',http://www.tenasia.co.kr/archives/452115
308,"세종시 편의점 총기사건, 엽총난사 3명 살해..옛 동거녀와 금전갈등이 원인인듯",https://news.naver.com/main/read.naver?mode=LSD&mid=sec&sid1=102&oid=011&aid=0002644852
309,CA 자녀 백신 접종 거부하는 부모 수 갑자기 줄어,http://www.radiokorea.com/news/article.php?uid=164437
310,"세종시 편의점 총기 사건, 범인 자살…'경악'",http://mbn.mk.co.kr/pages/news/newsView.php?category=mbn00009&news_seq_no=2226373
311,전 동거녀 가족에 '엽총 살해',http://www.jbnews.com/news/articleView.html?idxno=641445
312,3명 살해 후 자살…'세종시 편의점 총기사건' 전말 알고보니,http://view.asiae.co.kr/news/view.htm?idxno=2015022523195729053
313,세종시 편의점서 총기 발사한 괴한 ‘자살’ 범행 저지른 이유는?,http://www.fnnews.com/news/201502251134127367
314,'세종 엽총난사' 재산다툼 범행…특정인 지목 살해,http://www.newsis.com/ar_detail/view.html?ar_id=NISX20150225_0013498112&cID=10201&pID=10200
315,"""세종시 총기 사고 피의자, 재산분할로 다퉈""",http://www.newscj.com/news/articleView.html?idxno=278520
316,세종 편의점서 괴한 총기 발사…3명 사망,http://mbn.mk.co.kr/pages/news/newsView.php?news_seq_no=2226119
317,세종시 편의점 총기 사건 현장 공개.. '차량 버리고 총기 소지한 채 도주',http://www.tenasia.co.kr/archives/452115
318,"세종시 편의점 총기사건, 엽총난사 3명 살해..옛 동거녀와 금전갈등이 원인인듯",https://news.naver.com/main/read.naver?mode=LSD&mid=sec&sid1=102&oid=011&aid=0002644852
319,CA 자녀 백신 접종 거부하는 부모 수 갑자기 줄어,http://www.radiokorea.com/news/article.php?uid=164437
320,'세종 엽총난사' 재산다툼 범행…특정인 지목 살해,http://www.newsis.com/ar_detail/view.html?ar_id=NISX20150225_0013498112&cID=10201&pID=10200
321,"""세종시 총기 사고 피의자, 재산분할로 다퉈""",http://www.newscj.com/news/articleView.html?idxno=278520
322,세종 편의점서 괴한 총기 발사…3명 사망,http://mbn.mk.co.kr/pages/news/newsView.php?news_seq_no=2226119
323,세종시 편의점 총기 사건 현장 공개.. '차량 버리고 총기 소지한 채 도주',http://www.tenasia.co.kr/archives/452115
324,"세종시 편의점 총기사건, 엽총난사 3명 살해..옛 동거녀와 금전갈등이 원인인듯",https://news.naver.com/main/read.naver?mode=LSD&mid=sec&sid1=102&oid=011&aid=0002644852
325,CA 자녀 백신 접종 거부하는 부모 수 갑자기 줄어,http://www.radiokorea.com/news/article.php?uid=164437
326,크리스마스 ‘록밴드’로 변신한 모비스,https://sports.news.naver.com/news.nhn?oid=065&aid=0000099938
327,"넥슨, 크리스마스 맞아 다양한 게임 내 이벤트 실시",http://www.kbench.com/?q=node/144486
328,"넥슨 17종 게임, 크리스마스 맞이 '풍성한 이벤트'",http://www.asiatoday.co.kr/view.php?key=20141223010013970
329,"양동근, 산타로 변신…X-마스 체육관엔 무슨 일이?",https://sports.news.naver.com/news.nhn?oid=065&aid=0000099717
330,"넥슨, 크리스마스 맞아 다양한 게임 내 이벤트 실시",http://www.kbench.com/?q=node/144486
331,"넥슨 17종 게임, 크리스마스 맞이 '풍성한 이벤트'",http://www.asiatoday.co.kr/view.php?key=20141223010013970
332,"양동근, 산타로 변신…X-마스 체육관엔 무슨 일이?",https://sports.news.naver.com/news.nhn?oid=065&aid=0000099717
333,산타 할아버지처럼 친절하게 시민을 모십니다,http://www.asiatoday.co.kr/view.php?key=20141222010013105
334,"""똑똑해서 문제""…길찾기 앱, LA 교통난 주범?",http://www.zdnet.co.kr/ArticleView.asp?artice_id=20141215171908
335,차와 충돌 오토바이운전자 사망,http://www.kbmaeil.com/news/articleView.html?idxno=335459
336,"'서프라이즈', 로버트 다우니 주니어 거짓 방송 논란 '시끌'",http://joynews.inews24.com/php/news_view.php?g_menu=700200&g_serial=844395&rrf=nv
337,급발진 추정 교통사고 2명 사망·2명 부상,http://www.idaegu.co.kr/news.php?code=so07&mode=view&num=134538
338,"‘6.25에…’ 한국전쟁 참전 유공자·유족, 급발진 추정 차량에 그만 …",http://www.hani.co.kr/arti/society/society_general/644031.html
339,[영화 속 경제]용의자 - 탈북자 정착 가로막는 ‘낙인효과’,http://weekly.khan.co.kr/khnm.html?mode=view&code=114&artid=201403242020251&pt=nv
340,산타 할아버지처럼 친절하게 시민을 모십니다,http://www.asiatoday.co.kr/view.php?key=20141222010013105
341,"""똑똑해서 문제""…길찾기 앱, LA 교통난 주범?",http://www.zdnet.co.kr/ArticleView.asp?artice_id=20141215171908
342,차와 충돌 오토바이운전자 사망,http://www.kbmaeil.com/news/articleView.html?idxno=335459
343,"'서프라이즈', 로버트 다우니 주니어 거짓 방송 논란 '시끌'",http://joynews.inews24.com/php/news_view.php?g_menu=700200&g_serial=844395&rrf=nv
344,급발진 추정 교통사고 2명 사망·2명 부상,http://www.idaegu.co.kr/news.php?code=so07&mode=view&num=134538
345,"‘6.25에…’ 한국전쟁 참전 유공자·유족, 급발진 추정 차량에 그만 …",http://www.hani.co.kr/arti/society/society_general/644031.html
346,[영화 속 경제]용의자 - 탈북자 정착 가로막는 ‘낙인효과’,http://weekly.khan.co.kr/khnm.html?mode=view&code=114&artid=201403242020251&pt=nv
347,‘갓오브워’ 소니 스튜디오 정리해고 왜?,http://www.zdnet.co.kr/ArticleView.asp?artice_id=20140227083601
348,고가도로 불법 유턴 차량 충돌 후 추락…3명 사상,http://www.newsis.com/ar_detail/view.html?ar_id=NISX20140221_0012739218&cID=10817&pID=10800
349,"[WKBL] [포토] 한국 농구꿈나무들, 한일 친선전서 또 완승",https://sports.news.naver.com/news.nhn?oid=065&aid=0000077756
350,‘감격시대’ 최일화 카리스마 어디로? 스태프도 쓰러뜨린 산타변신,http://www.newsen.com/news_view.php?uid=201312251034382510
351,대포폰 써 가며 뇌물받은 ‘무늬만 공무원’,http://www.khan.co.kr/kh_news/art_view.html?artid=201311111121081&code=940202
352,[영상] 응급차 사이렌 소리 시끄럽다고 길막… ‘미친 거 아냐?’,http://news.kukinews.com/article/view.asp?page=1&gCode=soc&arcid=0007416698&cp=nv
353,제주 번영로서 연달아 사고 관광객 등 8명 중경상,http://www.jejusori.net/news/articleView.html?idxno=131376
354,[기자수첩]업그레이드된 LPG차에 대한 기대,http://www.gasnews.com/news/articleView.html?idxno=61458
355,"'화성인 바이러스‘ 배칠수, 남다른 세차 사랑 “남의 차 세차 한 적 있다”",https://news.naver.com/main/read.naver?mode=LSD&mid=sec&sid1=106&oid=011&aid=0002349263
356,가재미,http://www.pressian.com/article/article.asp?article_num=10130506100303
357,PS 2013 라인업…“비타 가격 인하 안해”,http://www.zdnet.co.kr/ArticleView.asp?artice_id=20130228122301
358,"[mk포토] 4연승 선물한 SK, `우리가 산타 맞죠?`",http://sports.mk.co.kr/view.php?no=853848&year=2012
359,"봉준호 감독 <설국열차>, 2013년 여름 북미 개봉한다",http://www.ohmynews.com/NWS_Web/View/at_pg.aspx?CNTN_CD=A0001800543
360,"봉준호 감독 <설국열차>, 2013년 여름 북미 개봉한다",http://www.ohmynews.com/NWS_Web/View/at_pg.aspx?CNTN_CD=A0001800543
361,또 급발진 사고?‥승용차가 주차장 난간 뚫고 추락,http://www.nocutnews.co.kr/Show.asp?IDX=2247150
362,"남가좌동, 승용차 주차장 난간 뚫고 옆 건물 지붕 위 추락",http://news1.kr/articles/802560
363,[사진] 급류 휩쓸린 승용차 운전자 구조 현장,http://news1.kr/articles/744772
364,[스포츠]메이저리그에 남긴 ‘암 극복의 희망’,http://newsmaker.khan.co.kr/khnm.html?mode=view&code=118&artid=201206191631441&pt=nv
365,"카피알 ""100만원부터 3천만원까지""..가격별 인기 중고차 추천",http://www.newstomato.com/ReadNews.aspx?no=258084
366,yf소나타 급발진 행인 피하는 모습 '아찔' [영상],http://www.jejusori.net/news/articleView.html?idxno=115137
367,"대규모 시위 다운타운, LAX 도로 통제",http://www.radiokorea.com/news/article.php?uid=89788
368,美도 대학 등록금 투쟁 몸살,https://news.naver.com/main/read.naver?mode=LSD&mid=sec&sid1=104&oid=001&aid=0005598173
369,홍성·예산서 교통사고 잇따라…8명 사상,http://mbn.mk.co.kr/pages/news/newsView.php?category=mbn00009&news_seq_no=1165552
370,美대학생 등록금 '단식투쟁'까지 비화,http://www.asiae.co.kr/news/view.htm?idxno=2012043005460093239
371,홍성·예산서 교통사고 잇따라…8명 사상,http://mbn.mk.co.kr/pages/news/newsView.php?category=mbn00009&news_seq_no=1165552
372,애마,http://www.pressian.com/article/article.asp?article_num=10120224094149
373,차량 역주행으로 7중 충돌…1명 사망·2명 중상,http://mbn.mk.co.kr/pages/news/newsView.php?category=mbn00009&news_seq_no=1156249
374,"[코치, 그들을 말한다] NC 김광림 “35세 타격왕…비결은 두배의 땀·눈물”",http://sports.donga.com/3/all/20120203/43778010/3
375,현대오일뱅크에 열린 '산타우체국',http://www.metroseoul.co.kr/news/newsview?newscd=2017121800147
376,"[워터파크 완전정복] 캘리포니아비치, 비가와도 운영하나요?…(Q&A)",http://xportsnews.hankyung.com/?ac=article_view&entry_id=180448
377,[경제]단종 차량 AS 걱정마세요,http://newsmaker.khan.co.kr/khnm.html?mode=view&code=114&artid=201103231647361&pt=nv
378,추워도 스타일은 살아있다! 엣지녀 아웃터 스타일은?,http://okfashion.co.kr/index.cgi?action=detail&number=15239&thread=81r14
379,추워도 스타일은 살아있다…겨울 '엣지녀',http://www.moneytoday.co.kr/view/mtview.php?type=1&no=2011010716165466759&outlink=1
380,추워도 스타일은 살아있다…겨울 '엣지녀',http://www.moneytoday.co.kr/view/mtview.php?type=1&no=2011010716165466759&outlink=1
381,[위클리 패션] 겨울바람 꽁꽁 묶어버리는 강력 아이템,http://news.mk.co.kr/news_forward.php?no=708165&year=2010
382,"2NE1 산다라박-씨엘, 빈티지한 감성 화보 공개 '감각있어!'",http://tvdaily.co.kr/read.php3?aid=1289366251101900016
383,한계령서 차량 전소. 다행히 인명피해는 없어,https://news.naver.com/main/read.naver?mode=LSD&mid=sec&sid1=102&oid=003&aid=0003386090
384,PSP 액션의 완성! 갓오브워: 스파르타의 유령,http://www.thisisgame.com/board/view.php?id=417921&category=8033
385,05월 06일 미주 한인사회 소식,http://www.radiokorea.com/main/news/news_articles.asp?category=quick_news&seq=29264
386,(Jump 2020)현대차②`이제 도요타를 버린다`,http://www.edaily.co.kr/news/newspath.asp?newsid=01804006592908568
387,서대문구 홍제동 차량화재,https://news.naver.com/main/read.naver?mode=LSD&mid=sec&sid1=102&oid=003&aid=0003075594
388,노동자가 된 의사,http://www.pressian.com/article/article.asp?article_num=40100111114610
389,장미란 교통사고… 휴∼액땜했네,http://news.donga.com/3//20100111/25319718/1
390,서대문구 홍제동 차량화재,https://news.naver.com/main/read.naver?mode=LSD&mid=sec&sid1=102&oid=003&aid=0003075595
391,노동자가 된 의사,http://www.pressian.com/article/article.asp?article_num=40100111114610
392,장미란 교통사고… 휴∼액땜했네,http://news.donga.com/3//20100111/25319718/1
393,장미란 교통사고 입원…큰 부상 없지만 정밀검진,http://www.seoul.co.kr/news/newsView.php?id=20100111012018
394,장미란 승용차 추돌 사고,http://www.kado.net/news/articleView.html?idxno=447743
395,´하마터면´ 장미란 빙판길 추돌사고…큰 부상 없어,http://www.dailian.co.kr/news/news_view.htm?id=187198&sc=naver&kind=menu_code&keys=7
396,전국 잇단 사건.사고..장미란 추돌사고 당해(종합),https://news.naver.com/main/read.naver?mode=LSD&mid=sec&sid1=102&oid=001&aid=0003065628
397,"장미란, 승용차 추돌사고...큰 부상 없으나 입원",http://osen.co.kr/news/Sports_View.asp?gisano=G1001100050
398,장미란 차량 뒤에서 들이받혀...큰 부상 아니야,http://www.newshankuk.com/news/news_view.asp?articleno=m20100110120047w1401
399,"크로노스, 이벤트와 함께 하는 크리스마스",http://www.gamedonga.co.kr/gamenews/gamenewsview.asp?sendgamenews=37741
400,장미란 차량 뒤에서 들이받혀...큰 부상 아니야,http://www.newshankuk.com/news/news_view.asp?articleno=m20100110120047w1401
401,장미란 승용차 추돌 사고,http://www.segye.com/Articles/NEWS/SOCIETY/Article.asp?aid=20100110002130&subctg1=&subctg2=
402,"크로노스, 이벤트와 함께 하는 크리스마스",http://www.gamedonga.co.kr/gamenews/gamenewsview.asp?sendgamenews=37741
403,"라그나로크, 퀘스트 깨고 아이템과 달력 받자",http://www.thisisgame.com/board/view.php?id=323157&category=101
404,"군주 온라인, '크리스마스의 축복' 이벤트 실시",http://www.gamedonga.co.kr/gamenews/gamenewsview.asp?sendgamenews=37712
405,‘10월의 산타’,http://www.segye.com/Articles/NEWS/SOCIETY/Article.asp?aid=20091028004980&subctg1=&subctg2=
406,양구서 또 동반자살 기도...1명 숨져,http://www.ytn.co.kr/_ln/0103_200904231601349451
407,무단횡단 70대 차에 치여 숨져,https://news.naver.com/main/read.naver?mode=LSD&mid=sec&sid1=102&oid=003&aid=0002482825
408,강진서 트럭-승합차 충돌..2명 사망,https://news.naver.com/main/read.naver?mode=LSD&mid=sec&sid1=102&oid=001&aid=0002402348
409,[휘청대는 실물경제] “한푼이라도 더”… 가정·기업 新자린고비,http://www.seoul.co.kr/news/newsView.php?id=20081128006006
410,"군주 온라인, '크리스마스의 축복' 이벤트 실시",http://www.gamedonga.co.kr/gamenews/gamenewsview.asp?sendgamenews=37712
411,"라그나로크 온라인, 크리스마스 이벤트 실시",http://www.gamedonga.co.kr/gamenews/gamenewsview.asp?sendgamenews=37700
412,‘10월의 산타’,http://www.segye.com/Articles/NEWS/SOCIETY/Article.asp?aid=20091028004980&subctg1=&subctg2=
413,양구서 또 동반자살 기도...1명 숨져,http://www.ytn.co.kr/_ln/0103_200904231601349451
414,무단횡단 70대 차에 치여 숨져,https://news.naver.com/main/read.naver?mode=LSD&mid=sec&sid1=102&oid=003&aid=0002482825
415,강진서 트럭-승합차 충돌..2명 사망,https://news.naver.com/main/read.naver?mode=LSD&mid=sec&sid1=102&oid=001&aid=0002402348
416,[휘청대는 실물경제] “한푼이라도 더”… 가정·기업 新자린고비,http://www.seoul.co.kr/news/newsView.php?id=20081128006006
417,더위먹은 차량들…불볕더위로 화재 잇따라,https://news.naver.com/main/read.naver?mode=LSD&mid=sec&sid1=102&oid=003&aid=0002225486
418,하천 차량추락 인양...실종 운전자 수색 중,https://news.naver.com/main/read.naver?mode=LSD&mid=sec&sid1=102&oid=003&aid=0002199941
419,[부가세신고]매입세액 공제되는 비영업용 승용자동차는?,http://www.taxtimes.co.kr/hous01.htm?r_id=117229
420,[휘청대는 실물경제] “한푼이라도 더”… 가정·기업 新자린고비,http://www.seoul.co.kr/news/newsView.php?id=20081128006006
421,더위먹은 차량들…불볕더위로 화재 잇따라,https://news.naver.com/main/read.naver?mode=LSD&mid=sec&sid1=102&oid=003&aid=0002225486
422,하천 차량추락 인양...실종 운전자 수색 중,https://news.naver.com/main/read.naver?mode=LSD&mid=sec&sid1=102&oid=003&aid=0002199941
423,[부가세신고]매입세액 공제되는 비영업용 승용자동차는?,http://www.taxtimes.co.kr/hous01.htm?r_id=117229
424,`美쇠고기 고시저지' 거리시위..물대포 재등장(종합),https://news.naver.com/main/read.naver?mode=LSD&mid=sec&sid1=102&oid=001&aid=0002146273
425,음주사고 낸 외국인 교수 입건<춘천署>,https://news.naver.com/main/read.naver?mode=LSD&mid=sec&sid1=102&oid=001&aid=0002101255
426,[브리핑] 부산교통방송 봄 프로그램 개편 外,http://www.busanilbo.com/news2000/html/2008/0422/060020080422.1025094614.html
427,거제 오피스텔 주차장 불..차량 3대 불타,https://news.naver.com/main/read.naver?mode=LSD&mid=sec&sid1=102&oid=001&aid=0002028707
428,"큐플레이,겨울방학 맞아 다양한 이벤트 실시",http://www.betanews.net/article/402100
429,"울산사랑의 열매, 고속道요금소 모금운동",https://news.naver.com/main/read.naver?mode=LSD&mid=sec&sid1=102&oid=001&aid=0001860618
430,"큐플레이,겨울방학 맞아 다양한 이벤트 실시",http://www.betanews.net/article/402100
431,"울산사랑의 열매, 고속道요금소 모금운동",https://news.naver.com/main/read.naver?mode=LSD&mid=sec&sid1=102&oid=001&aid=0001860618
432,국산 승용차 단종의 역사,http://www.seoul.co.kr/news/newsView.php?id=20071119019001
433,가족범죄에 교통사고…씁쓸한 추석,http://www.kukinews.com/news/article/view.asp?page=1&gCode=soc&arcid=0920670609&cp=nv
434,아이폰에 열광하는 사람들 '아이포니악',http://www.hankyung.com/news/app/newsview.php?aid=2007063000547
435,"[Company & Tech] 애플 아이폰 ""윈도 뛰어넘는 마케팅""",http://www.hankyung.com/news/app/newsview.php?aid=2007062988091
436,승용차가 한천교서 추락…1명 다쳐,http://www.ytn.co.kr/_ln/0103_200703250806157127
437,"""진짜 산타 되실분""/광주",https://news.naver.com/main/read.naver?mode=LSD&mid=sec&sid1=115&oid=214&aid=0000026302
438,"길건 ""두 언니를 사업 번창하세요""",https://news.naver.com/main/read.naver?mode=LSD&mid=sec&sid1=106&oid=003&aid=0000243591
439,"""에질리, 많이 사랑해 주세요""",https://news.naver.com/main/read.naver?mode=LSD&mid=sec&sid1=106&oid=003&aid=0000243580
440,"길건 '전 언제나 블랙 의상을 좋아해요""",https://news.naver.com/main/read.naver?mode=LSD&mid=sec&sid1=106&oid=003&aid=0000243592
441,"""에질리, 많이 사랑해 주세요""",https://news.naver.com/main/read.naver?mode=LSD&mid=sec&sid1=106&oid=003&aid=0000243580
442,"김이지 ""호피무늬 블라우스 맘에 드세요""",https://news.naver.com/main/read.naver?mode=LSD&mid=sec&sid1=106&oid=003&aid=0000243588
443,"매튜스 주니어-피에르, LA발 5년 계약 대박",http://www.mydaily.co.kr/news/read.html?newsid=200611231703492210
444,터널서 차량고장 1시간 소동,http://www.ytn.co.kr/_ln/0103_200609301912311389
445,"트레일러·승용차, 8중 충·추돌",http://www.busanilbo.com/news2000/html/2006/0829/0E0020060829.1010113142.html
446,"<지방선거>고흥- ""누가 운동원 차량에 펑크를..""",https://news.naver.com/main/read.naver?mode=LSD&mid=sec&sid1=102&oid=001&aid=0001308447
447,'피싱온' 다양한 아이템 낚는 크리스마스 이벤트 진행,https://news.naver.com/main/read.naver?mode=LSD&mid=sec&sid1=105&oid=020&aid=0000329408
448,눈길 고속도 차량 추돌로 교통통제,https://news.naver.com/main/read.naver?mode=LSD&mid=sec&sid1=115&oid=052&aid=0000102752
449,"북제주군,2기분자동차세 11억원 부과고지",https://news.naver.com/main/read.naver?mode=LSD&mid=sec&sid1=102&oid=084&aid=0000037374
450,패션브랜드 '에질리' 런칭한 채리나-유리,https://news.naver.com/main/read.naver?mode=LSD&mid=sec&sid1=106&oid=003&aid=0000243582
451,"매튜스 주니어-피에르, LA발 5년 계약 대박",http://www.mydaily.co.kr/news/read.html?newsid=200611231703492210
452,터널서 차량고장 1시간 소동,http://www.ytn.co.kr/_ln/0103_200609301912311389
453,"트레일러·승용차, 8중 충·추돌",http://www.busanilbo.com/news2000/html/2006/0829/0E0020060829.1010113142.html
454,"<지방선거>고흥- ""누가 운동원 차량에 펑크를..""",https://news.naver.com/main/read.naver?mode=LSD&mid=sec&sid1=102&oid=001&aid=0001308447
455,'피싱온' 다양한 아이템 낚는 크리스마스 이벤트 진행,https://news.naver.com/main/read.naver?mode=LSD&mid=sec&sid1=105&oid=020&aid=0000329408
456,눈길 고속도 차량 추돌로 교통통제,https://news.naver.com/main/read.naver?mode=LSD&mid=sec&sid1=115&oid=052&aid=0000102752
457,"북제주군,2기분자동차세 11억원 부과고지",https://news.naver.com/main/read.naver?mode=LSD&mid=sec&sid1=102&oid=084&aid=0000037374
458,비좁은 농촌도로에서 교통사고 사망자 속출,https://news.naver.com/main/read.naver?mode=LSD&mid=sec&sid1=102&oid=143&aid=0000002584
459,"""국산 자동차 이름 속에 시대흐름이 있다""",http://www.cbs.co.kr/nocut/show.asp?idx=74828
460,비좁은 농촌도로에서 교통사고 사망자 속출,https://news.naver.com/main/read.naver?mode=LSD&mid=sec&sid1=102&oid=143&aid=0000002584
461,"""국산 자동차 이름 속에 시대흐름이 있다""",http://www.cbs.co.kr/nocut/show.asp?idx=74828
462,［도쿄에서］닛산·미쓰비시 명암의 교훈,http://www.khan.co.kr/kh_news/art_view.html?artid=200405091849501&code=990334
463,단속 경관 숨지게한 뺑소니 운전자 영장(종합),https://news.naver.com/main/read.naver?mode=LSD&mid=sec&sid1=102&oid=001&aid=0000942462
464,현대자동차 정몽구 회장은 왜 고발당했나,https://news.naver.com/main/read.naver?mode=LSD&mid=sec&sid1=101&oid=047&aid=0000058884
465,[이상언의 에로판타지]크리스마스의 '에로' 사항,https://news.naver.com/main/read.naver?mode=LSD&mid=sec&sid1=106&oid=111&aid=0000002938
466,7~10인승 자동차 세금 인상폭 매년 50%씩 경감키로 결정,https://news.naver.com/main/read.naver?mode=LSD&mid=sec&sid1=102&oid=082&aid=0000027733
467,[클릭 글로벌]白衣의 자살 특공대,https://news.naver.com/main/read.naver?mode=LSD&mid=sec&sid1=114&oid=033&aid=0000005325
468,[웰빙 포트폴리오] 현대모비스,https://news.naver.com/main/read.naver?mode=LSD&mid=sec&sid1=101&oid=011&aid=0000057106
469,'배기량 따른 자동차세는 잘못',https://news.naver.com/main/read.naver?mode=LSD&mid=sec&sid1=102&oid=082&aid=0000019951
470,'배기량 따른 자동차세는 잘못',https://news.naver.com/main/read.naver?mode=LSD&mid=sec&sid1=102&oid=082&aid=0000019951
471,7~10인승 자동차세 내년 최고 5배 인상,https://news.naver.com/main/read.naver?mode=LSD&mid=sec&sid1=102&oid=082&aid=0000016775
472,추석 연휴 앞두고 교통사고·화재 잇따라,https://news.naver.com/main/read.naver?mode=LSD&mid=sec&sid1=102&oid=084&aid=0000008156
473,"[정치]초선 의원 ""한달 쓰는 돈 500만원 뿐""",https://news.naver.com/main/read.naver?mode=LSD&mid=sec&sid1=114&oid=033&aid=0000004778
474,저수지에 승용차 추락 1명 사망,https://news.naver.com/main/read.naver?mode=LSD&mid=sec&sid1=102&oid=001&aid=0000749655
475,복제 키 이용 차량 등 훔친 40대 영장,https://news.naver.com/main/read.naver?mode=LSD&mid=sec&sid1=102&oid=003&aid=0000078041
476,[바캉스 두배 즐기기] 바캉스 용품 : 텐트ㆍ코펠도 웰빙바람 분다,https://news.naver.com/main/read.naver?mode=LSD&mid=sec&sid1=103&oid=015&aid=0000729208
477,<인터넷 유머>자동차들의 별명 등,https://news.naver.com/main/read.naver?mode=LSD&mid=sec&sid1=110&oid=021&aid=0000070637
478,승용차 하천에 빠져 1명 사망,https://news.naver.com/main/read.naver?mode=LSD&mid=sec&sid1=102&oid=001&aid=0000631202
479,승용차 강에 빠져 50대 운전자 사망,https://news.naver.com/main/read.naver?mode=LSD&mid=sec&sid1=102&oid=003&aid=0000053027
480,승용차 강에 빠져 50대 운전자 사망,https://news.naver.com/main/read.naver?mode=LSD&mid=sec&sid1=102&oid=003&aid=0000053027
481,"현대모비스 박정인 회장, 금탑산업훈장 수상",https://news.naver.com/main/read.naver?mode=LSD&mid=sec&sid1=101&oid=018&aid=0000139370
482,전주 모 사립여고 계장 실종 8일만에 변사체 발견,https://news.naver.com/main/read.naver?mode=LSD&mid=sec&sid1=102&oid=003&aid=0000031181
483,구부러진 총+뉴욕의 산타 무리,https://news.naver.com/main/read.naver?mode=LSD&mid=sec&sid1=115&oid=052&aid=0000021265
484,[2003 한국건축문화大賞] (입선) 일산 라페스타,https://news.naver.com/main/read.naver?mode=LSD&mid=sec&sid1=101&oid=011&aid=0000009334
485,[脫샐러리맨 창업기] 추재형씨 사업 노하우,https://news.naver.com/main/read.naver?mode=LSD&mid=sec&sid1=101&oid=015&aid=0000658124
486,[표] 재계 뉴리더...현대차,https://news.naver.com/main/read.naver?mode=LSD&mid=sec&sid1=101&oid=009&aid=0000200093
487,만취경찰 뺑소니 시민추격 붙잡아,https://news.naver.com/main/read.naver?mode=LSD&mid=sec&sid1=102&oid=005&aid=0000091001
488,[2001 증시를 빛낸 기업] 불황 이긴 알짜기업들 '스타株' 떴다,https://news.naver.com/main/read.naver?mode=LSD&mid=sec&sid1=101&oid=015&aid=0000454005
489,[2001 증시를 빛낸 기업] 기업 '성적표' 株價가 말한다,https://news.naver.com/main/read.naver?mode=LSD&mid=sec&sid1=101&oid=015&aid=0000454011
490,[2001 증시를 빛낸 기업] 불황 이긴 알짜기업들 '스타株' 떴다,https://news.naver.com/main/read.naver?mode=LSD&mid=sec&sid1=101&oid=015&aid=0000454005
491,[2001 증시를 빛낸 기업] 기업 '성적표' 株價가 말한다,https://news.naver.com/main/read.naver?mode=LSD&mid=sec&sid1=101&oid=015&aid=0000454011
492,"""돈되는 사업만 키워라...""주효..상반기 최대실적기업 경영비결을 보니",https://news.naver.com/main/read.naver?mode=LSD&mid=sec&sid1=101&oid=015&aid=0000407886
493,"[작지만 강한기업] 포트론, LED 국산화.수출 선두 명성",https://news.naver.com/main/read.naver?mode=LSD&mid=sec&sid1=101&oid=009&aid=0000135594
494,"건교부, 올해 소형.레저용 자동차 평가시험",https://news.naver.com/main/read.naver?mode=LSD&mid=sec&sid1=101&oid=001&aid=0000075663
495,경찰 실탄쏘며 추격하던 강도차량 놓쳐,https://news.naver.com/main/read.naver?mode=LSD&mid=sec&sid1=102&oid=005&aid=0000049201
496,자동차 업체별 할부판매 전략,https://news.naver.com/main/read.naver?mode=LSD&mid=sec&sid1=101&oid=009&aid=0000104317
497,[서울] 7∼10인승 승합차도 터널통행료,https://news.naver.com/main/read.naver?mode=LSD&mid=sec&sid1=102&oid=005&aid=0000048400
498,7∼10인승 남산 1.3터널 혼잡통행료 부과,https://news.naver.com/main/read.naver?mode=LSD&mid=sec&sid1=102&oid=001&aid=0000062020
499,"서울시, 4월부터 대형택시 운행 계획",https://news.naver.com/main/read.naver?mode=LSD&mid=sec&sid1=102&oid=015&aid=0000332185
