,title,url
0,재규어랜드로버·히타치. 배터리 재활용 기업 '어센드' 투자,https://www.theguru.co.kr/news/article.html?no=33998
1,"1년간 판매량이 겨우 3,500여 대. 재규어랜드로버 딜러들 적자 누적으로 파산 직전",http://www.autodaily.co.kr/news/articleView.html?idxno=433219
2,"재규어 랜드로버, I-PACE 배터리 재사용 ESS 개발",http://www.sportsseoul.com/news/read/1107190?ref=naver
3,"재규어랜드로버, I-PACE 배터리 재사용한 ESS 개발한다",https://www.dailian.co.kr/news/view/1095089/?sc=Naver
4,헝가리서 충전 중이던 재규어 EV I-PACE 화재사고. 완전진압까지 5시간 소요,http://www.autodaily.co.kr/news/articleView.html?idxno=430171
5,새로운 미래를 그리는 재규어 랜드로버…리이매진(Reimagine) 전략 순항,https://sports.donga.com/article/all/20220330/112602420/2
6,"이번엔 전기차 ‘신화창조’…재규어랜드로버, 숨겨뒀던 신차 쏟아낸다[왜몰랐을카]",http://news.mk.co.kr/newsRead.php?no=282082&year=2022
7,"마그나·재규어, 차세대 전기차 플랫폼 개발 협력",https://www.theguru.co.kr/news/article.html?no=32664
8,"재규어 랜드로버-구글과 파트너십, I-PACE로 대기 질 분석",http://www.sportsseoul.com/news/read/1045140?ref=naver
9,"재규어 랜드로버-구글, 순수 전기차 I-PACE 통해 대기 질 측정 분석",http://kr.aving.net/news/view.php?articleId=1605775&Branch_ID=kr&rssid=naver&mn_name=news
10,재규어 2021년형 'I-PACE' 디자인 특허 공개,https://www.theguru.co.kr/news/article.html?no=16950
11,재규어 첫 전기차 'I-Pace' SUV 저가형 버전 나온다.,http://www.autodaily.co.kr/news/articleView.html?idxno=421629
12,재규어 랜드로버 올 뉴 디펜더 110 등 tvN '하이클래스'에 차량 지원,http://www.sportsseoul.com/news/read/1069012?ref=naver
13,"재규어랜드로버, tvN 화제의 드라마 '하이클래스'에 차량 지원",http://www.gpkorea.com/news/articleView.html?idxno=78970
14,"재규어 I-PACE, 프리미엄 전기 SUV 시장 '기선제압!'",http://www.gpkorea.com/news/articleView.html?idxno=66599
15,재규어 I-PACE vs. 아우디 e-트론 vs. 벤츠 EQC..명품 전기차 ‘격돌’,http://m.dailycar.co.kr/content/news.html?type=view&autoId=37321
16,첨단 장치로 중무장한 재규어 'I-Pace' 부분 변경 모델 공개,http://www.cstimes.com/news/articleView.html?idxno=419519
17,"재규어, 2021년형 ‘I-PACE’ 특허 이미지 유출..달라진 점은?",http://www.dailycar.co.kr/content/news.html?type=view&autoId=38260
18,"[NNA] 재규어, EV I-PACE 印 예약판매 개시",http://www.ajunews.com/view/20201105132502016
19,"재규어 전기차 'I-PACE', LG화학 배터리 공급부족으로 일주일간 생산 중단",http://www.autodaily.co.kr/news/articleView.html?idxno=416417
20,‘올해의 친환경차’에 선정된..재규어 I-PACE는 어떤 차?,http://www.dailycar.co.kr/content/news.html?type=view&autoId=35617
21,"[시승기] 재규어 전기차 I-PACE ""포뮬러E 레이스가 이 느낌이구나""",http://www.gpkorea.com/news/articleView.html?idxno=60540
22,[아듀 2019년 수입차] 재규어 400마력 I-PACE···프리미엄 전기車 '새 지평',https://www.sedaily.com/NewsView/1VS7NMRQNP
23,[Car&Fun] 프리미엄 전기차 맨 앞에···'재규어 I-PACE',https://www.sedaily.com/NewsView/1VS32GLVB8
24,전기 SUV 재규어 I-PACE..서울서 택시로도 등장할까?,http://www.dailycar.co.kr/content/news.html?type=view&autoId=36331
25,"재규어 순수전기 SUV I-PACE, 독일 ‘골든 스티어링 휠’ 최고의 SUV 선정",http://www.edaily.co.kr/news/newspath.asp?newsid=03519446622714584
26,"재규어 I-PACE, 독일 골든 스티어링 휠 어워드서 ‘최고의 SUV’로 선정",http://www.rpm9.com/news/article.html?id=20191128090002
27,"재규어 I-PACE, 독일서 '최고의 SUV'로 선정",http://www.economytalk.kr/news/articleView.html?idxno=201464
28,"구글 손잡은 재규어랜드로버, 전기차에 '대기질 측정' 기술 탑재",http://www.mediapen.com/news/view/633018
29,"[증시이슈]LG화학, 연이은 전기차 화재에 5.66% 하락 마감",https://economist.co.kr/2021/11/03/stock/stockNormal/20211103165729802.html
30,"재규어랜드로버, 'I-PACE 전기차 교육' 통해 사회공헌",http://www.mediapen.com/news/view/456870
31,[TV 데일리카] 스포츠카 뺨치는..매력적인 전기 SUV 재규어 ‘I-PACE’,http://www.dailycar.co.kr/content/news.html?type=view&autoId=36298
32,[반격 액셀 밟는 수입차]재규어 'I-PACE' 스포츠카 DNA 담은 400마력 전기차,https://www.sedaily.com/NewsView/1VJ88ZZZ53
33,"재규어랜드로버코리아, '제주 국제전기자동차엑스포'서 'I-PACE' 선보여!",http://kr.aving.net/news/view.php?articleId=1536489&Branch_ID=kr&rssid=naver&mn_name=news
34,"재규어랜드로버코리아, 제주 국제전기자동차엑스포서 신형 이보크·I-PACE 출품",http://www.autodaily.co.kr/news/articleView.html?idxno=408882
35,고급화 전략 '재규어 I-PACE' 프리미엄 전기차 시장 선도,http://www.newsprime.co.kr/news/article.html?no=458922
36,"재규어, 전기차 I-PACE 보조금 지원..최대 1900만원",http://www.dailycar.co.kr/content/news.html?type=view&autoId=33131
37,"재규어 I-PACE, 회생제동장치 부적합 판정... 리콜 및 과징금",http://www.jejutwn.com/news/article.html?no=35543
38,"[자동차오늘] 재규어 I-PACE, 전기차 구매보조금 지원 차량 확정",http://www.sisaon.co.kr/news/articleView.html?idxno=92765
39,"‘전기차 혁신’ 재규어 I-PACE, 소비자 心 훔친다",http://www.ekn.kr/news/article.html?no=427682
40,"재규어 ""I-PACE, ‘월드카 어워드’ 첫 3관왕 수상""",http://sports.hankooki.com/lpage/economy/201904/sp20190419175839136990.htm
41,재규어 I-PACE ‘2019 월드카 어워드’서 세계 최초로 3관왕 달성,http://www.rpm9.com/news/article.html?id=20190418090015
42,[주목받는 수입차] 재규어 최초의 순수 전기차 SUV 'I-PACE',http://www.m-i.kr/news/articleView.html?idxno=511320
43,[대한민국 스마트 EV 대상] 르노ㆍ재규어ㆍ푸조 등…강렬한 인상 남긴 전기차,https://www.etoday.co.kr/news/view/2026256
44,"재규어랜드로버, 강력한 회복세 보여… ""올 뉴 디펜더, 실적 개선에 크게 기여""",http://digitalchosun.dizzo.com/site/data/html_dir/2021/05/25/2021052580170.html
45,‘재규어 I-PACE 순수 전기차 카셰어링’ 프로모션 진행,http://sports.hankooki.com/lpage/economy/201903/sp20190321142858136980.htm
46,英대사관 전기차 로드쇼···'재규어 I-PACE' 서울 모터쇼 선다,http://www.sisajournal-e.com/news/articleView.html?idxno=197111
47,"재규어, 'I-PACE 순수 전기차 카셰어링' 프로모션 진행",http://www.newsworks.co.kr/news/articleView.html?idxno=343182
48,"'재규어 I-PACE 순수전기차 카셰어링', 한화 거제 벨버디어에서 진행",http://www.seoulwire.com/news/articleView.html?idxno=85710
49,"재규어 전기차 I-PACE, 2019년 ‘유럽 올해의 차’ 선정",http://www.rpm9.com/news/article.html?id=20190307090001
50,"[제네바 모터쇼] 재규어 순수 전기차 I-PACE, ‘2019 유럽 올해의 차’",http://www.osen.co.kr/article/G1111093778
51,"벤츠 EQC. 재규어 I-PACE 이어 아우디 e-트론도 생산 중단, 이번에도 배터리 문제?",http://www.autodaily.co.kr/news/articleView.html?idxno=416771
52,[구상 칼럼] 재규어의 순수 전기차 I-Pace의 디자인 특징은?,http://www.dailycar.co.kr/content/news.html?type=view&autoId=32353
53,"[시승기] 재규어 I-PACE, ‘프리미엄 전기차’의 품격",http://www.ajunews.com/view/20190220114730703
54,"[신차드라이브]재규어 I-PACE, 전기차의 품격을 말하다",http://www.etnews.com/20190214000053
55,[시승기] 고성능 스포츠카급 전기차 '재규어 I-PACE',https://www.cnet.co.kr/view/?no=20190512113734
56,"[영상뉴스] 재규어 전기차 ‘I-PACE’, 안정감과 주행성능 다 갖춰",http://www.g-enews.com/ko-kr/news/article/news_all/20190206113442402e8b8a793f7_1/article.html
57,"[시승기]재규어 첫 전기차 야심작 I-PACE, 고성능 프리미엄 EV의 진수",http://www.ceoscoredaily.com/news/article.html?no=51681
58,JOY RIDE | 재규어 'I-PACE',http://www.sedaily.com/NewsView/1VE847FTQ7
59,"[리얼시승기] 재규어 전기차 ‘I-PACE’, 안정감과 주행성능 다 갖춰",http://www.g-enews.com/ko-kr/news/article/news_all/2019012112095547128156ad25b6_1/article.html
60,"[오마이뷰] 1억 넘는 재규어 전기차 I-PACE, 소비자들 지갑열까",http://www.ohmynews.com/NWS_Web/View/at_pg.aspx?CNTN_CD=A0002505343&CMPT_CD=P0010&utm_source=naver&utm_medium=newsearch&utm_campaign=naver_news
61,[시승기] 재규어 첫 순수 전기차 'I-PACE'… 질주본능 자극하는 고성능차,http://www.newscj.com/news/articleView.html?idxno=593752
62,[시승기] ‘테슬라 넘는 전기 스포츠카’ 재규어 I-PACE,http://www.newspim.com/news/view/20190116000820
63,[시승기] 재규어가 만든 I-PACE…고성능 전기차의 짜릿한 가속감,http://view.asiae.co.kr/news/view.htm?idxno=2019011823433749774
64,[시승기]'운전석서 미래를 맛보다' 재규어 I-PACE..무려 1억원,http://www.edaily.co.kr/news/newspath.asp?newsid=03122566622359032
65,"[시승기] 재규어 I-PACE, '주행묘미' 극대화한 고성능 전기차",http://biz.newdaily.co.kr/site/data/html/2019/01/16/2019011600117.html
66,"백정현 재규어코리아 대표, “I-PACE는 수퍼카 뺨치는 고성능 전기 SUV”",http://www.dailycar.co.kr/content/news.html?type=view&autoId=32001
67,[시승기] '전기차 맞아?' 밟는대로 나가는 '제로백 4.8초' 재규어 'I-PACE',http://www.sporbiz.co.kr/news/articleView.html?idxno=304302
68,"재규어, 전기 SUV I-PACE 출시...가격은 1억 1,040만 원부터",http://www.autodaily.co.kr/news/articleView.html?idxno=407058
69,"[시승기] '등산하는 스포츠카' 재규어 I-PACE, 인천대교에선 완전 자율 주행",http://www.osen.co.kr/article/G1111084646
70,"[재규어 전기차 ‘I-Pace’ 시승기] 최고출력 400마력, 제로백 4.8초…스포츠카 버금가는 날렵한 SUV",http://www.kookje.co.kr/news2011/asp/newsbody.asp?code=0200&key=20190710.22018004791
71,"[2019 신차]⑧ 재규어 I-PACE, 제로백 4.8초 스포츠카급 퍼포먼스",http://biz.chosun.com/site/data/html_dir/2019/01/08/2019010801730.html
72,"""타의 추종을 불허한다""…재규어, 고성능 순수 전기차 'I-PACE' 국내 출시",https://www.insight.co.kr/news/201294
73,"재규어 순수 전기차 'I-PACE', 내년 1월 국내 상륙",http://www.fnnews.com/news/201812281719544086
74,[자동차업계 일일동향] 기아차 K9 올해 사상 첫 내수 1만대 판매·재규어 전기차 I-PACE 1월 국내 출시 外 2개,http://www.nspna.com/news/?mode=view&newsid=328906
75,"재규어랜드로버코리아, 고성능 순수 전기차 'I-PACE' 내년 1월 출시...가격은 1억 원대",http://www.autodaily.co.kr/news/articleView.html?idxno=406830
76,"[원성열 기자의 CAR & TRACK] 가속력+안정성…재규어 I-PACE, ‘전기 SUV’의 통념을 깨다",http://sports.donga.com/3/all/20190127/93881809/3
77,"[수입차 돌풍]재규어 I-PACE, 최고출력 400마력 순수 전기차",http://view.asiae.co.kr/news/view.htm?idxno=2019032110134801281
78,"[자동차오늘] 재규어, 첫 SUV 전기차 'I-PACE' 출시…쌍용차, 윈터 드라이빙 스쿨 성료",http://www.sisaon.co.kr/news/articleView.html?idxno=81323
79,"재규어, 고성능 전기차 ‘I-PACE’ 1월 출시",http://sports.donga.com/3/all/20181231/93507614/3
80,재규어 I-PACE·쏘울 EV…신년에도 전기차 출시 '봇물',http://view.asiae.co.kr/news/view.htm?idxno=2018122819265983713
81,"[자동차오늘] 현대·기아차, 스마트자율주차 콘셉트 공개…재규어, SUV 전기차 I-PACE 내년 1월 출시",http://www.sisaon.co.kr/news/articleView.html?idxno=80831
82,1회 충전으로 378km 완주...재규어랜드로버 'I-PACE',http://www.newsis.com/view/?id=NISX20181030_0000458396&cID=13001&pID=13000
83,[타봤어요]'전기차+스포츠카' 두 마리 토끼잡은 재규어 I-PACE,http://www.edaily.co.kr/news/newspath.asp?newsid=01184086622361328
84,[시승기] 재규어 I-PACE 전기차로 ADAS 주행보조 써보니,http://www.zdnet.co.kr/ArticleView.asp?artice_id=20190118160852
85,"테슬라 ‘모델X’ 노린 재규어, ‘I-PACE’는 무슨 차 [이 車가 왔다]",http://sports.khan.co.kr/news/sk_index.html?art_id=201901161645003&sec_id=563002&pt=nv
86,"[수입차 가을 드라이빙]재규어 I-PACE, 400마력에 제로백 4.8초 '전기차의 진화'",http://www.sedaily.com/NewsView/1S4P5GWMLW
87,"재규어 'I-PACE', '고성능 전기차 리더 넘보지 마라'",http://www.autodaily.co.kr/news/articleView.html?idxno=405131
88,"[카닥터] 재규어 I-PACE, 성장세 화룡점정 찍을까",http://www.econovill.com/news/articleView.html?idxno=346093
89,"[미리보는 DIFA 2018] 재규어 랜드로버 공식딜러 인타이어모터스, 고성능 럭셔리 SUV 전기차 재규어 'I-PACE' 선보일 예정",http://kr.aving.net/news/view.php?articleId=1429049&Branch_ID=kr&rssid=naver&mn_name=news
90,재규어랜드로버 '디스커버리4' 'I-PACE' 등 4만338대 리콜,http://news.mtn.co.kr/newscenter/news_viewer.mtn?gidx=2019061918263398544
91,연초부터 후끈 달아오른 친환경차 경쟁 닛산(리프)·재규어(I-PACE)·기아(쏘울 EV)…뉴모델 전기차 선보여,http://news.mk.co.kr/v2/economy/view.php?year=2019&no=26432
92,"재규어랜드로버, SBS 드라마 '펜트하우스'에 차량 지원",http://www.gpkorea.com/news/articleView.html?idxno=72073
93,"[2018 부산모터쇼] '전동화' 재규어랜드로버코리아, I-PACE 레이스카로 '한걸음 더'",http://www.osen.co.kr/article/G1110919812
94,‘재규어 I-PACE’ 산넘고 물건너 서킷까지…’신종족’의 탄생,http://www.osen.co.kr/article/G1110918160
95,"[시승기] 제로백 4.8초 '재규어 I-PACE', 실화냐?",http://moneys.mt.co.kr/news/mwView.php?no=2019011608308053041
96,"[BIMOS 2018] 재규어랜드로버코리아, 'I-PACE e트로피 레이스카' 아시아 최초로 공개",http://kr.aving.net/news/view.php?articleId=1388688&Branch_ID=kr&rssid=naver&mn_name=news
97,"'Reimagine' 내세운 재규어 랜드로버, 미래차 시장 선점한다",http://news.mt.co.kr/mtview.php?no=2022040108191210020
98,재규어 고성능 전기차 `I-PACE` 한국서 아시아 첫 공개,http://www.gpkorea.com/news/articleView.html?idxno=40525
99,"[EV 트렌드 코리아 2018] 재규어 ‘I-PACE’-랜드로버 ‘레인지로버 PHEV’, 전기차도 이렇게 럭셔리",http://www.osen.co.kr/article/G1110877931
100,"재규어 I-PACE, 독일 골든 스티어링 휠 '최고 SUV' 수상",https://view.asiae.co.kr/article/2019112710003059558
101,"구글 손잡은 재규어랜드로버, 전기차에 '대기질 측정' 기술 탑재",http://www.mediapen.com/news/view/633018
102,"[증시이슈]LG화학, 연이은 전기차 화재에 5.66% 하락 마감",https://economist.co.kr/2021/11/03/stock/stockNormal/20211103165729802.html
103,"재규어랜드로버, 구글과 손잡고 대기오염 지도 만든다",http://www.edaily.co.kr/news/newspath.asp?newsid=01541606629054496
104,"재규어랜드로버, 'I-PACE 전기차 교육' 통해 사회공헌",http://www.mediapen.com/news/view/456870
105,[TV 데일리카] 스포츠카 뺨치는..매력적인 전기 SUV 재규어 ‘I-PACE’,http://www.dailycar.co.kr/content/news.html?type=view&autoId=36298
106,"재규어, 전기차 ‘I-페이스’ 배터리 활용한 ESS 개발… 탄소중립 구현 ‘한발짝’",https://www.donga.com/news/article/all/20220321/112455279/2
107,[반격 액셀 밟는 수입차]재규어 'I-PACE' 스포츠카 DNA 담은 400마력 전기차,https://www.sedaily.com/NewsView/1VJ88ZZZ53
108,"재규어랜드로버코리아, '제주 국제전기자동차엑스포'서 'I-PACE' 선보여!",http://kr.aving.net/news/view.php?articleId=1536489&Branch_ID=kr&rssid=naver&mn_name=news
109,"재규어랜드로버코리아, 제주 국제전기자동차엑스포서 신형 이보크·I-PACE 출품",http://www.autodaily.co.kr/news/articleView.html?idxno=408882
110,"재규어랜드로버코리아, 산학협력 학생 대상 '재규어 I-PACE 전기차 트레이닝' 실시",http://www.ceoscoredaily.com/news/article.html?no=59610
111,[TV 데일리카] 스포츠카 뺨치는..매력적인 전기 SUV 재규어 ‘I-PACE’,http://www.dailycar.co.kr/content/news.html?type=view&autoId=36298
112,"재규어, 전기차 ‘I-페이스’ 배터리 활용한 ESS 개발… 탄소중립 구현 ‘한발짝’",https://www.donga.com/news/article/all/20220321/112455279/2
113,[반격 액셀 밟는 수입차]재규어 'I-PACE' 스포츠카 DNA 담은 400마력 전기차,https://www.sedaily.com/NewsView/1VJ88ZZZ53
114,"재규어랜드로버코리아, '제주 국제전기자동차엑스포'서 'I-PACE' 선보여!",http://kr.aving.net/news/view.php?articleId=1536489&Branch_ID=kr&rssid=naver&mn_name=news
115,"재규어랜드로버코리아, 제주 국제전기자동차엑스포서 신형 이보크·I-PACE 출품",http://www.autodaily.co.kr/news/articleView.html?idxno=408882
116,고급화 전략 '재규어 I-PACE' 프리미엄 전기차 시장 선도,http://www.newsprime.co.kr/news/article.html?no=458922
117,"재규어, 전기차 I-PACE 보조금 지원..최대 1900만원",http://www.dailycar.co.kr/content/news.html?type=view&autoId=33131
118,"재규어 I-PACE, 회생제동장치 부적합 판정... 리콜 및 과징금",http://www.jejutwn.com/news/article.html?no=35543
119,"[자동차오늘] 재규어 I-PACE, 전기차 구매보조금 지원 차량 확정",http://www.sisaon.co.kr/news/articleView.html?idxno=92765
120,"재규어랜드로버코리아, 제주국제전기車 엑스포서 ‘올 뉴 레인지로버 이보크’, ‘I-PACE’ 공개",http://www.thedrive.co.kr/news/newsview.php?ncode=1065574089055584
121,고급화 전략 '재규어 I-PACE' 프리미엄 전기차 시장 선도,http://www.newsprime.co.kr/news/article.html?no=458922
122,"재규어, 전기차 I-PACE 보조금 지원..최대 1900만원",http://www.dailycar.co.kr/content/news.html?type=view&autoId=33131
123,"재규어 I-PACE, 회생제동장치 부적합 판정... 리콜 및 과징금",http://www.jejutwn.com/news/article.html?no=35543
124,"[자동차오늘] 재규어 I-PACE, 전기차 구매보조금 지원 차량 확정",http://www.sisaon.co.kr/news/articleView.html?idxno=92765
125,"‘전기차 혁신’ 재규어 I-PACE, 소비자 心 훔친다",http://www.ekn.kr/news/article.html?no=427682
126,"재규어 ""I-PACE, ‘월드카 어워드’ 첫 3관왕 수상""",http://sports.hankooki.com/lpage/economy/201904/sp20190419175839136990.htm
127,재규어 I-PACE ‘2019 월드카 어워드’서 세계 최초로 3관왕 달성,http://www.rpm9.com/news/article.html?id=20190418090015
128,"재규어랜드로버, ‘재규어 I-PACE 전기차 트레이닝’ 실시",http://www.newspim.com/news/view/20190823000597
129,[주목받는 수입차] 재규어 최초의 순수 전기차 SUV 'I-PACE',http://www.m-i.kr/news/articleView.html?idxno=511320
130,"재규어, I-PACE 전기차 보급 대상 '부합'…최대 1900만원 지원",http://www.economytalk.kr/news/articleView.html?idxno=184308
131,"‘전기차 혁신’ 재규어 I-PACE, 소비자 心 훔친다",http://www.ekn.kr/news/article.html?no=427682
132,"재규어 ""I-PACE, ‘월드카 어워드’ 첫 3관왕 수상""",http://sports.hankooki.com/lpage/economy/201904/sp20190419175839136990.htm
133,재규어 I-PACE ‘2019 월드카 어워드’서 세계 최초로 3관왕 달성,http://www.rpm9.com/news/article.html?id=20190418090015
134,"재규어랜드로버, ‘재규어 I-PACE 전기차 트레이닝’ 실시",http://www.newspim.com/news/view/20190823000597
135,[주목받는 수입차] 재규어 최초의 순수 전기차 SUV 'I-PACE',http://www.m-i.kr/news/articleView.html?idxno=511320
136,[대한민국 스마트 EV 대상] 르노ㆍ재규어ㆍ푸조 등…강렬한 인상 남긴 전기차,https://www.etoday.co.kr/news/view/2026256
137,"재규어랜드로버, 강력한 회복세 보여… ""올 뉴 디펜더, 실적 개선에 크게 기여""",http://digitalchosun.dizzo.com/site/data/html_dir/2021/05/25/2021052580170.html
138,‘재규어 I-PACE 순수 전기차 카셰어링’ 프로모션 진행,http://sports.hankooki.com/lpage/economy/201903/sp20190321142858136980.htm
139,英대사관 전기차 로드쇼···'재규어 I-PACE' 서울 모터쇼 선다,http://www.sisajournal-e.com/news/articleView.html?idxno=197111
140,"재규어 ""I-PACE, ‘월드카 어워드’ 첫 3관왕 수상""",http://sports.hankooki.com/lpage/economy/201904/sp20190419175839136990.htm
141,재규어 I-PACE ‘2019 월드카 어워드’서 세계 최초로 3관왕 달성,http://www.rpm9.com/news/article.html?id=20190418090015
142,"재규어랜드로버, ‘재규어 I-PACE 전기차 트레이닝’ 실시",http://www.newspim.com/news/view/20190823000597
143,[주목받는 수입차] 재규어 최초의 순수 전기차 SUV 'I-PACE',http://www.m-i.kr/news/articleView.html?idxno=511320
144,[대한민국 스마트 EV 대상] 르노ㆍ재규어ㆍ푸조 등…강렬한 인상 남긴 전기차,https://www.etoday.co.kr/news/view/2026256
145,"재규어코리아, 순수 전기차 'I-PACE' 보조금 최대 1900만원 지원 받아",http://biz.newdaily.co.kr/site/data/html/2019/04/26/2019042600096.html
146,"재규어랜드로버, 강력한 회복세 보여… ""올 뉴 디펜더, 실적 개선에 크게 기여""",http://digitalchosun.dizzo.com/site/data/html_dir/2021/05/25/2021052580170.html
147,‘재규어 I-PACE 순수 전기차 카셰어링’ 프로모션 진행,http://sports.hankooki.com/lpage/economy/201903/sp20190321142858136980.htm
148,英대사관 전기차 로드쇼···'재규어 I-PACE' 서울 모터쇼 선다,http://www.sisajournal-e.com/news/articleView.html?idxno=197111
149,"재규어랜드로버코리아, 제주 국제전기자동차엑스포서 ‘올 뉴 레인지로버 이보크’·‘I-PACE’ 눈길",http://www.enewstoday.co.kr/news/articleView.html?idxno=1300971
150,"재규어 I-PACE, 2019 세계 올해의 차 선정...디자인, 그린카 포함 3관왕",http://www.autodaily.co.kr/news/articleView.html?idxno=408552
151,"재규어랜드로버, ‘재규어 I-PACE 전기차 트레이닝’ 실시",http://www.newspim.com/news/view/20190823000597
152,[주목받는 수입차] 재규어 최초의 순수 전기차 SUV 'I-PACE',http://www.m-i.kr/news/articleView.html?idxno=511320
153,"재규어코리아, 순수 전기차 'I-PACE' 보조금 최대 1900만원 지원 받아",http://biz.newdaily.co.kr/site/data/html/2019/04/26/2019042600096.html
154,‘재규어 I-PACE 순수 전기차 카셰어링’ 프로모션 진행,http://sports.hankooki.com/lpage/economy/201903/sp20190321142858136980.htm
155,英대사관 전기차 로드쇼···'재규어 I-PACE' 서울 모터쇼 선다,http://www.sisajournal-e.com/news/articleView.html?idxno=197111
156,[대한민국 스마트 EV 대상] 르노ㆍ재규어ㆍ푸조 등…강렬한 인상 남긴 전기차,https://www.etoday.co.kr/news/view/2026256
157,"재규어랜드로버코리아, 제주 국제전기자동차엑스포서 ‘올 뉴 레인지로버 이보크’·‘I-PACE’ 눈길",http://www.enewstoday.co.kr/news/articleView.html?idxno=1300971
158,"재규어, 'I-PACE 순수 전기차 카셰어링' 프로모션 진행",http://www.newsworks.co.kr/news/articleView.html?idxno=343182
159,"'재규어 I-PACE 순수전기차 카셰어링', 한화 거제 벨버디어에서 진행",http://www.seoulwire.com/news/articleView.html?idxno=85710
160,英대사관 전기차 로드쇼···'재규어 I-PACE' 서울 모터쇼 선다,http://www.sisajournal-e.com/news/articleView.html?idxno=197111
161,[대한민국 스마트 EV 대상] 르노ㆍ재규어ㆍ푸조 등…강렬한 인상 남긴 전기차,https://www.etoday.co.kr/news/view/2026256
162,"재규어랜드로버코리아, 제주 국제전기자동차엑스포서 ‘올 뉴 레인지로버 이보크’·‘I-PACE’ 눈길",http://www.enewstoday.co.kr/news/articleView.html?idxno=1300971
163,"재규어, 'I-PACE 순수 전기차 카셰어링' 프로모션 진행",http://www.newsworks.co.kr/news/articleView.html?idxno=343182
164,"'재규어 I-PACE 순수전기차 카셰어링', 한화 거제 벨버디어에서 진행",http://www.seoulwire.com/news/articleView.html?idxno=85710
165,"재규어랜드로버코리아, ‘재규어 I-PACE 전기차 트레이닝’ 실시",http://www.nspna.com/news/?mode=view&newsid=378874
166,"재규어랜드로버, 강력한 회복세 보여… ""올 뉴 디펜더, 실적 개선에 크게 기여""",http://digitalchosun.dizzo.com/site/data/html_dir/2021/05/25/2021052580170.html
167,"재규어 전기차 I-PACE, 2019년 ‘유럽 올해의 차’ 선정",http://www.rpm9.com/news/article.html?id=20190307090001
168,"[제네바 모터쇼] 재규어 순수 전기차 I-PACE, ‘2019 유럽 올해의 차’",http://www.osen.co.kr/article/G1111093778
169,"벤츠 EQC. 재규어 I-PACE 이어 아우디 e-트론도 생산 중단, 이번에도 배터리 문제?",http://www.autodaily.co.kr/news/articleView.html?idxno=416771
170,"재규어랜드로버, 한화리조트와 I-PACE 프로모션 진행",http://www.rpm9.com/news/article.html?id=20190312090003
171,"재규어랜드로버코리아, ‘재규어 I-PACE 전기차 트레이닝’ 실시",http://www.nspna.com/news/?mode=view&newsid=378874
172,"재규어 전기차 I-PACE, 2019년 ‘유럽 올해의 차’ 선정",http://www.rpm9.com/news/article.html?id=20190307090001
173,"[제네바 모터쇼] 재규어 순수 전기차 I-PACE, ‘2019 유럽 올해의 차’",http://www.osen.co.kr/article/G1111093778
174,"벤츠 EQC. 재규어 I-PACE 이어 아우디 e-트론도 생산 중단, 이번에도 배터리 문제?",http://www.autodaily.co.kr/news/articleView.html?idxno=416771
175,[구상 칼럼] 재규어의 순수 전기차 I-Pace의 디자인 특징은?,http://www.dailycar.co.kr/content/news.html?type=view&autoId=32353
176,"[시승기] 재규어 I-PACE, ‘프리미엄 전기차’의 품격",http://www.ajunews.com/view/20190220114730703
177,"[신차드라이브]재규어 I-PACE, 전기차의 품격을 말하다",http://www.etnews.com/20190214000053
178,[시승기] 고성능 스포츠카급 전기차 '재규어 I-PACE',https://www.cnet.co.kr/view/?no=20190512113734
179,"[영상뉴스] 재규어 전기차 ‘I-PACE’, 안정감과 주행성능 다 갖춰",http://www.g-enews.com/ko-kr/news/article/news_all/20190206113442402e8b8a793f7_1/article.html
180,"재규어 전기차 I-PACE, 2019년 ‘유럽 올해의 차’ 선정",http://www.rpm9.com/news/article.html?id=20190307090001
181,"[제네바 모터쇼] 재규어 순수 전기차 I-PACE, ‘2019 유럽 올해의 차’",http://www.osen.co.kr/article/G1111093778
182,"벤츠 EQC. 재규어 I-PACE 이어 아우디 e-트론도 생산 중단, 이번에도 배터리 문제?",http://www.autodaily.co.kr/news/articleView.html?idxno=416771
183,[구상 칼럼] 재규어의 순수 전기차 I-Pace의 디자인 특징은?,http://www.dailycar.co.kr/content/news.html?type=view&autoId=32353
184,"[시승기] 재규어 I-PACE, ‘프리미엄 전기차’의 품격",http://www.ajunews.com/view/20190220114730703
185,"[신차드라이브]재규어 I-PACE, 전기차의 품격을 말하다",http://www.etnews.com/20190214000053
186,[시승기] 고성능 스포츠카급 전기차 '재규어 I-PACE',https://www.cnet.co.kr/view/?no=20190512113734
187,"[영상뉴스] 재규어 전기차 ‘I-PACE’, 안정감과 주행성능 다 갖춰",http://www.g-enews.com/ko-kr/news/article/news_all/20190206113442402e8b8a793f7_1/article.html
188,"[시승기]재규어 첫 전기차 야심작 I-PACE, 고성능 프리미엄 EV의 진수",http://www.ceoscoredaily.com/news/article.html?no=51681
189,JOY RIDE | 재규어 'I-PACE',http://www.sedaily.com/NewsView/1VE847FTQ7
190,"재규어 순수 전기차 I-PACE, '유럽 올해의 차' 선정",http://www.mediapen.com/news/view/418019
191,"벤츠 EQC. 재규어 I-PACE 이어 아우디 e-트론도 생산 중단, 이번에도 배터리 문제?",http://www.autodaily.co.kr/news/articleView.html?idxno=416771
192,[구상 칼럼] 재규어의 순수 전기차 I-Pace의 디자인 특징은?,http://www.dailycar.co.kr/content/news.html?type=view&autoId=32353
193,"[시승기] 재규어 I-PACE, ‘프리미엄 전기차’의 품격",http://www.ajunews.com/view/20190220114730703
194,"[신차드라이브]재규어 I-PACE, 전기차의 품격을 말하다",http://www.etnews.com/20190214000053
195,[시승기] 고성능 스포츠카급 전기차 '재규어 I-PACE',https://www.cnet.co.kr/view/?no=20190512113734
196,"[영상뉴스] 재규어 전기차 ‘I-PACE’, 안정감과 주행성능 다 갖춰",http://www.g-enews.com/ko-kr/news/article/news_all/20190206113442402e8b8a793f7_1/article.html
197,"[시승기]재규어 첫 전기차 야심작 I-PACE, 고성능 프리미엄 EV의 진수",http://www.ceoscoredaily.com/news/article.html?no=51681
198,JOY RIDE | 재규어 'I-PACE',http://www.sedaily.com/NewsView/1VE847FTQ7
199,"[리얼시승기] 재규어 전기차 ‘I-PACE’, 안정감과 주행성능 다 갖춰",http://www.g-enews.com/ko-kr/news/article/news_all/2019012112095547128156ad25b6_1/article.html
200,"재규어 I-PACE, 접전 끝에 2019 유럽 올해의 차 선정...기아 씨드는 3위",http://www.autodaily.co.kr/news/articleView.html?idxno=407831
201,"벤츠 EQC. 재규어 I-PACE 이어 아우디 e-트론도 생산 중단, 이번에도 배터리 문제?",http://www.autodaily.co.kr/news/articleView.html?idxno=416771
202,[구상 칼럼] 재규어의 순수 전기차 I-Pace의 디자인 특징은?,http://www.dailycar.co.kr/content/news.html?type=view&autoId=32353
203,"[시승기] 재규어 I-PACE, ‘프리미엄 전기차’의 품격",http://www.ajunews.com/view/20190220114730703
204,"[신차드라이브]재규어 I-PACE, 전기차의 품격을 말하다",http://www.etnews.com/20190214000053
205,[시승기] 고성능 스포츠카급 전기차 '재규어 I-PACE',https://www.cnet.co.kr/view/?no=20190512113734
206,"[영상뉴스] 재규어 전기차 ‘I-PACE’, 안정감과 주행성능 다 갖춰",http://www.g-enews.com/ko-kr/news/article/news_all/20190206113442402e8b8a793f7_1/article.html
207,"[시승기]재규어 첫 전기차 야심작 I-PACE, 고성능 프리미엄 EV의 진수",http://www.ceoscoredaily.com/news/article.html?no=51681
208,JOY RIDE | 재규어 'I-PACE',http://www.sedaily.com/NewsView/1VE847FTQ7
209,"[리얼시승기] 재규어 전기차 ‘I-PACE’, 안정감과 주행성능 다 갖춰",http://www.g-enews.com/ko-kr/news/article/news_all/2019012112095547128156ad25b6_1/article.html
210,"[시승기] 재규어 I-PACE 전기차, 1억원대 가치 충분하나",http://www.zdnet.co.kr/ArticleView.asp?artice_id=20190512082301
211,"[영상뉴스] 재규어 전기차 ‘I-PACE’, 안정감과 주행성능 다 갖춰",http://www.g-enews.com/ko-kr/news/article/news_all/20190206113442402e8b8a793f7_1/article.html
212,"[시승기]재규어 첫 전기차 야심작 I-PACE, 고성능 프리미엄 EV의 진수",http://www.ceoscoredaily.com/news/article.html?no=51681
213,JOY RIDE | 재규어 'I-PACE',http://www.sedaily.com/NewsView/1VE847FTQ7
214,"[리얼시승기] 재규어 전기차 ‘I-PACE’, 안정감과 주행성능 다 갖춰",http://www.g-enews.com/ko-kr/news/article/news_all/2019012112095547128156ad25b6_1/article.html
215,"[오마이뷰] 1억 넘는 재규어 전기차 I-PACE, 소비자들 지갑열까",http://www.ohmynews.com/NWS_Web/View/at_pg.aspx?CNTN_CD=A0002505343&CMPT_CD=P0010&utm_source=naver&utm_medium=newsearch&utm_campaign=naver_news
216,[시승기] 재규어 첫 순수 전기차 'I-PACE'… 질주본능 자극하는 고성능차,http://www.newscj.com/news/articleView.html?idxno=593752
217,[시승기] ‘테슬라 넘는 전기 스포츠카’ 재규어 I-PACE,http://www.newspim.com/news/view/20190116000820
218,[시승기] 재규어가 만든 I-PACE…고성능 전기차의 짜릿한 가속감,http://view.asiae.co.kr/news/view.htm?idxno=2019011823433749774
219,[시승기]'운전석서 미래를 맛보다' 재규어 I-PACE..무려 1억원,http://www.edaily.co.kr/news/newspath.asp?newsid=03122566622359032
220,[시승기]'운전석서 미래를 맛보다' 재규어 I-PACE..무려 1억원,http://www.edaily.co.kr/news/newspath.asp?newsid=03122566622359032
221,"[시승기] 재규어 I-PACE, '주행묘미' 극대화한 고성능 전기차",http://biz.newdaily.co.kr/site/data/html/2019/01/16/2019011600117.html
222,"백정현 재규어코리아 대표, “I-PACE는 수퍼카 뺨치는 고성능 전기 SUV”",http://www.dailycar.co.kr/content/news.html?type=view&autoId=32001
223,[시승기] '전기차 맞아?' 밟는대로 나가는 '제로백 4.8초' 재규어 'I-PACE',http://www.sporbiz.co.kr/news/articleView.html?idxno=304302
224,"재규어 전기차 'I-PACE', 2019 월드 카 어워드서 세계 최초로 3관왕 달성",http://digitalchosun.dizzo.com/site/data/html_dir/2019/04/18/2019041880201.html
225,"재규어, 전기 SUV I-PACE 출시...가격은 1억 1,040만 원부터",http://www.autodaily.co.kr/news/articleView.html?idxno=407058
226,"[시승기] '등산하는 스포츠카' 재규어 I-PACE, 인천대교에선 완전 자율 주행",http://www.osen.co.kr/article/G1111084646
227,"[재규어 전기차 ‘I-Pace’ 시승기] 최고출력 400마력, 제로백 4.8초…스포츠카 버금가는 날렵한 SUV",http://www.kookje.co.kr/news2011/asp/newsbody.asp?code=0200&key=20190710.22018004791
228,"[2019 신차]⑧ 재규어 I-PACE, 제로백 4.8초 스포츠카급 퍼포먼스",http://biz.chosun.com/site/data/html_dir/2019/01/08/2019010801730.html
229,"[포토] 재규어랜드로버, 거제 벨버디어와 ‘I-PACE 카셰어링’ 프로모션",http://www.kukinews.com/news/article.html?no=640525
230,"재규어, 첫 전기차 SUV 'I-PACE' 출시…1억1040만~1억2800만원",http://www.sporbiz.co.kr/news/articleView.html?idxno=304056
231,"[시승기] '등산하는 스포츠카' 재규어 I-PACE, 인천대교에선 완전 자율 주행",http://www.osen.co.kr/article/G1111084646
232,"[재규어 전기차 ‘I-Pace’ 시승기] 최고출력 400마력, 제로백 4.8초…스포츠카 버금가는 날렵한 SUV",http://www.kookje.co.kr/news2011/asp/newsbody.asp?code=0200&key=20190710.22018004791
233,"[2019 신차]⑧ 재규어 I-PACE, 제로백 4.8초 스포츠카급 퍼포먼스",http://biz.chosun.com/site/data/html_dir/2019/01/08/2019010801730.html
234,"재규어 I-PACE, '월드카 어워드'서 세계 첫 3관왕 수상",http://www.asiatoday.co.kr/view.php?key=20190418010012981
235,"[포토] 재규어랜드로버, 거제 벨버디어와 ‘I-PACE 카셰어링’ 프로모션",http://www.kukinews.com/news/article.html?no=640525
236,"""타의 추종을 불허한다""…재규어, 고성능 순수 전기차 'I-PACE' 국내 출시",https://www.insight.co.kr/news/201294
237,"재규어 순수 전기차 'I-PACE', 내년 1월 국내 상륙",http://www.fnnews.com/news/201812281719544086
238,[자동차업계 일일동향] 기아차 K9 올해 사상 첫 내수 1만대 판매·재규어 전기차 I-PACE 1월 국내 출시 外 2개,http://www.nspna.com/news/?mode=view&newsid=328906
239,"재규어랜드로버코리아, 고성능 순수 전기차 'I-PACE' 내년 1월 출시...가격은 1억 원대",http://www.autodaily.co.kr/news/articleView.html?idxno=406830
240,"재규어, 전기차 'I-PACE' 출시…1억1040만원부터",http://www.sportsseoul.com/news/read/720072
241,"[시승기] '등산하는 스포츠카' 재규어 I-PACE, 인천대교에선 완전 자율 주행",http://www.osen.co.kr/article/G1111084646
242,"[재규어 전기차 ‘I-Pace’ 시승기] 최고출력 400마력, 제로백 4.8초…스포츠카 버금가는 날렵한 SUV",http://www.kookje.co.kr/news2011/asp/newsbody.asp?code=0200&key=20190710.22018004791
243,"[2019 신차]⑧ 재규어 I-PACE, 제로백 4.8초 스포츠카급 퍼포먼스",http://biz.chosun.com/site/data/html_dir/2019/01/08/2019010801730.html
244,"재규어 I-PACE, '월드카 어워드'서 세계 첫 3관왕 수상",http://www.asiatoday.co.kr/view.php?key=20190418010012981
245,"[포토] 재규어랜드로버, 거제 벨버디어와 ‘I-PACE 카셰어링’ 프로모션",http://www.kukinews.com/news/article.html?no=640525
246,"""타의 추종을 불허한다""…재규어, 고성능 순수 전기차 'I-PACE' 국내 출시",https://www.insight.co.kr/news/201294
247,"재규어 순수 전기차 'I-PACE', 내년 1월 국내 상륙",http://www.fnnews.com/news/201812281719544086
248,[자동차업계 일일동향] 기아차 K9 올해 사상 첫 내수 1만대 판매·재규어 전기차 I-PACE 1월 국내 출시 外 2개,http://www.nspna.com/news/?mode=view&newsid=328906
249,"재규어랜드로버코리아, 고성능 순수 전기차 'I-PACE' 내년 1월 출시...가격은 1억 원대",http://www.autodaily.co.kr/news/articleView.html?idxno=406830
250,"재규어코리아, 첫 순수 전기 SUV 'I-PACE' 출시…제로백 4.8초",http://www.asiatoday.co.kr/view.php?key=20190114010007722
251,"[시승기] '등산하는 스포츠카' 재규어 I-PACE, 인천대교에선 완전 자율 주행",http://www.osen.co.kr/article/G1111084646
252,"[재규어 전기차 ‘I-Pace’ 시승기] 최고출력 400마력, 제로백 4.8초…스포츠카 버금가는 날렵한 SUV",http://www.kookje.co.kr/news2011/asp/newsbody.asp?code=0200&key=20190710.22018004791
253,"[2019 신차]⑧ 재규어 I-PACE, 제로백 4.8초 스포츠카급 퍼포먼스",http://biz.chosun.com/site/data/html_dir/2019/01/08/2019010801730.html
254,"재규어 I-PACE, '월드카 어워드'서 세계 첫 3관왕 수상",http://www.asiatoday.co.kr/view.php?key=20190418010012981
255,"[포토] 재규어랜드로버, 거제 벨버디어와 ‘I-PACE 카셰어링’ 프로모션",http://www.kukinews.com/news/article.html?no=640525
256,"""타의 추종을 불허한다""…재규어, 고성능 순수 전기차 'I-PACE' 국내 출시",https://www.insight.co.kr/news/201294
257,"재규어 순수 전기차 'I-PACE', 내년 1월 국내 상륙",http://www.fnnews.com/news/201812281719544086
258,[자동차업계 일일동향] 기아차 K9 올해 사상 첫 내수 1만대 판매·재규어 전기차 I-PACE 1월 국내 출시 外 2개,http://www.nspna.com/news/?mode=view&newsid=328906
259,"재규어랜드로버코리아, 고성능 순수 전기차 'I-PACE' 내년 1월 출시...가격은 1억 원대",http://www.autodaily.co.kr/news/articleView.html?idxno=406830
260,백정현 대표 “재규어 ‘I-PACE' 럭셔리카 프리미엄 다시 규정할 것”,http://www.ajunews.com/view/20190114151213219
261,"[시승기] '등산하는 스포츠카' 재규어 I-PACE, 인천대교에선 완전 자율 주행",http://www.osen.co.kr/article/G1111084646
262,"[2019 신차]⑧ 재규어 I-PACE, 제로백 4.8초 스포츠카급 퍼포먼스",http://biz.chosun.com/site/data/html_dir/2019/01/08/2019010801730.html
263,"[재규어 전기차 ‘I-Pace’ 시승기] 최고출력 400마력, 제로백 4.8초…스포츠카 버금가는 날렵한 SUV",http://www.kookje.co.kr/news2011/asp/newsbody.asp?code=0200&key=20190710.22018004791
264,"재규어 I-PACE, '월드카 어워드'서 세계 첫 3관왕 수상",http://www.asiatoday.co.kr/view.php?key=20190418010012981
265,"[포토] 재규어랜드로버, 거제 벨버디어와 ‘I-PACE 카셰어링’ 프로모션",http://www.kukinews.com/news/article.html?no=640525
266,"""타의 추종을 불허한다""…재규어, 고성능 순수 전기차 'I-PACE' 국내 출시",https://www.insight.co.kr/news/201294
267,"재규어 순수 전기차 'I-PACE', 내년 1월 국내 상륙",http://www.fnnews.com/news/201812281719544086
268,[자동차업계 일일동향] 기아차 K9 올해 사상 첫 내수 1만대 판매·재규어 전기차 I-PACE 1월 국내 출시 外 2개,http://www.nspna.com/news/?mode=view&newsid=328906
269,"재규어랜드로버코리아, 고성능 순수 전기차 'I-PACE' 내년 1월 출시...가격은 1억 원대",http://www.autodaily.co.kr/news/articleView.html?idxno=406830
270,"[포토] 재규어랜드로버, 거제 벨버디어와 ‘I-PACE 카셰어링’ 프로모션",http://www.kukinews.com/news/article.html?no=640525
271,"""타의 추종을 불허한다""…재규어, 고성능 순수 전기차 'I-PACE' 국내 출시",https://www.insight.co.kr/news/201294
272,"재규어 순수 전기차 'I-PACE', 내년 1월 국내 상륙",http://www.fnnews.com/news/201812281719544086
273,[자동차업계 일일동향] 기아차 K9 올해 사상 첫 내수 1만대 판매·재규어 전기차 I-PACE 1월 국내 출시 外 2개,http://www.nspna.com/news/?mode=view&newsid=328906
274,"재규어랜드로버코리아, 고성능 순수 전기차 'I-PACE' 내년 1월 출시...가격은 1억 원대",http://www.autodaily.co.kr/news/articleView.html?idxno=406830
275,"[원성열 기자의 CAR & TRACK] 가속력+안정성…재규어 I-PACE, ‘전기 SUV’의 통념을 깨다",http://sports.donga.com/3/all/20190127/93881809/3
276,"[수입차 돌풍]재규어 I-PACE, 최고출력 400마력 순수 전기차",http://view.asiae.co.kr/news/view.htm?idxno=2019032110134801281
277,"[자동차오늘] 재규어, 첫 SUV 전기차 'I-PACE' 출시…쌍용차, 윈터 드라이빙 스쿨 성료",http://www.sisaon.co.kr/news/articleView.html?idxno=81323
278,"재규어, 고성능 전기차 ‘I-PACE’ 1월 출시",http://sports.donga.com/3/all/20181231/93507614/3
279,재규어 I-PACE·쏘울 EV…신년에도 전기차 출시 '봇물',http://view.asiae.co.kr/news/view.htm?idxno=2018122819265983713
280,재규어 고성능 전기차 'I-PACE' 내년 1월 첫 출시,http://www.ebn.co.kr/news/view/966849
281,"[원성열 기자의 CAR & TRACK] 가속력+안정성…재규어 I-PACE, ‘전기 SUV’의 통념을 깨다",http://sports.donga.com/3/all/20190127/93881809/3
282,"[수입차 돌풍]재규어 I-PACE, 최고출력 400마력 순수 전기차",http://view.asiae.co.kr/news/view.htm?idxno=2019032110134801281
283,"[자동차오늘] 재규어, 첫 SUV 전기차 'I-PACE' 출시…쌍용차, 윈터 드라이빙 스쿨 성료",http://www.sisaon.co.kr/news/articleView.html?idxno=81323
284,"재규어, 고성능 전기차 ‘I-PACE’ 1월 출시",http://sports.donga.com/3/all/20181231/93507614/3
285,재규어 I-PACE·쏘울 EV…신년에도 전기차 출시 '봇물',http://view.asiae.co.kr/news/view.htm?idxno=2018122819265983713
286,"[자동차오늘] 현대·기아차, 스마트자율주차 콘셉트 공개…재규어, SUV 전기차 I-PACE 내년 1월 출시",http://www.sisaon.co.kr/news/articleView.html?idxno=80831
287,[TV 데일리카] 백정현 대표가 전하는..재규어 전기 SUV ‘I-PACE’,http://www.dailycar.co.kr/content/news.html?type=view&autoId=31994
288,1회 충전으로 378km 완주...재규어랜드로버 'I-PACE',http://www.newsis.com/view/?id=NISX20181030_0000458396&cID=13001&pID=13000
289,[시승기] 전기차의 편견을 깨다...강력한 주행 성능의 재규어 I-PACE,http://www.consumernews.co.kr/?mod=news&act=articleView&idxno=529754
290,"재규어, 전기차 'I-PACE' 출시 임박…1억 1040만원부터",http://www.ftoday.co.kr/news/articleView.html?idxno=105582
291,"[원성열 기자의 CAR & TRACK] 가속력+안정성…재규어 I-PACE, ‘전기 SUV’의 통념을 깨다",http://sports.donga.com/3/all/20190127/93881809/3
292,"[수입차 돌풍]재규어 I-PACE, 최고출력 400마력 순수 전기차",http://view.asiae.co.kr/news/view.htm?idxno=2019032110134801281
293,"[자동차오늘] 재규어, 첫 SUV 전기차 'I-PACE' 출시…쌍용차, 윈터 드라이빙 스쿨 성료",http://www.sisaon.co.kr/news/articleView.html?idxno=81323
294,"재규어, 고성능 전기차 ‘I-PACE’ 1월 출시",http://sports.donga.com/3/all/20181231/93507614/3
295,재규어 I-PACE·쏘울 EV…신년에도 전기차 출시 '봇물',http://view.asiae.co.kr/news/view.htm?idxno=2018122819265983713
296,"[자동차오늘] 현대·기아차, 스마트자율주차 콘셉트 공개…재규어, SUV 전기차 I-PACE 내년 1월 출시",http://www.sisaon.co.kr/news/articleView.html?idxno=80831
297,[TV 데일리카] 백정현 대표가 전하는..재규어 전기 SUV ‘I-PACE’,http://www.dailycar.co.kr/content/news.html?type=view&autoId=31994
298,1회 충전으로 378km 완주...재규어랜드로버 'I-PACE',http://www.newsis.com/view/?id=NISX20181030_0000458396&cID=13001&pID=13000
299,[시승기] 전기차의 편견을 깨다...강력한 주행 성능의 재규어 I-PACE,http://www.consumernews.co.kr/?mod=news&act=articleView&idxno=529754
300,"재규어, 1월 고성능 전기차 I-PACE 출시…1회 충전 333km 주행",http://www.nspna.com/news/?mode=view&newsid=328772
301,"[원성열 기자의 CAR & TRACK] 가속력+안정성…재규어 I-PACE, ‘전기 SUV’의 통념을 깨다",http://sports.donga.com/3/all/20190127/93881809/3
302,"[수입차 돌풍]재규어 I-PACE, 최고출력 400마력 순수 전기차",http://view.asiae.co.kr/news/view.htm?idxno=2019032110134801281
303,"[자동차오늘] 재규어, 첫 SUV 전기차 'I-PACE' 출시…쌍용차, 윈터 드라이빙 스쿨 성료",http://www.sisaon.co.kr/news/articleView.html?idxno=81323
304,"재규어, 고성능 전기차 ‘I-PACE’ 1월 출시",http://sports.donga.com/3/all/20181231/93507614/3
305,재규어 I-PACE·쏘울 EV…신년에도 전기차 출시 '봇물',http://view.asiae.co.kr/news/view.htm?idxno=2018122819265983713
306,"[자동차오늘] 현대·기아차, 스마트자율주차 콘셉트 공개…재규어, SUV 전기차 I-PACE 내년 1월 출시",http://www.sisaon.co.kr/news/articleView.html?idxno=80831
307,[TV 데일리카] 백정현 대표가 전하는..재규어 전기 SUV ‘I-PACE’,http://www.dailycar.co.kr/content/news.html?type=view&autoId=31994
308,1회 충전으로 378km 완주...재규어랜드로버 'I-PACE',http://www.newsis.com/view/?id=NISX20181030_0000458396&cID=13001&pID=13000
309,[시승기] 전기차의 편견을 깨다...강력한 주행 성능의 재규어 I-PACE,http://www.consumernews.co.kr/?mod=news&act=articleView&idxno=529754
310,"재규어, 고성능 전기차 ‘I-PACE’ 1월 출시",http://sports.donga.com/3/all/20181231/93507614/3
311,재규어 I-PACE·쏘울 EV…신년에도 전기차 출시 '봇물',http://view.asiae.co.kr/news/view.htm?idxno=2018122819265983713
312,"[자동차오늘] 현대·기아차, 스마트자율주차 콘셉트 공개…재규어, SUV 전기차 I-PACE 내년 1월 출시",http://www.sisaon.co.kr/news/articleView.html?idxno=80831
313,[TV 데일리카] 백정현 대표가 전하는..재규어 전기 SUV ‘I-PACE’,http://www.dailycar.co.kr/content/news.html?type=view&autoId=31994
314,1회 충전으로 378km 완주...재규어랜드로버 'I-PACE',http://www.newsis.com/view/?id=NISX20181030_0000458396&cID=13001&pID=13000
315,[시승기] 전기차의 편견을 깨다...강력한 주행 성능의 재규어 I-PACE,http://www.consumernews.co.kr/?mod=news&act=articleView&idxno=529754
316,[타봤어요]'전기차+스포츠카' 두 마리 토끼잡은 재규어 I-PACE,http://www.edaily.co.kr/news/newspath.asp?newsid=01184086622361328
317,[시승기] 재규어 I-PACE 전기차로 ADAS 주행보조 써보니,http://www.zdnet.co.kr/ArticleView.asp?artice_id=20190118160852
318,"테슬라 ‘모델X’ 노린 재규어, ‘I-PACE’는 무슨 차 [이 車가 왔다]",http://sports.khan.co.kr/news/sk_index.html?art_id=201901161645003&sec_id=563002&pt=nv
319,"[수입차 가을 드라이빙]재규어 I-PACE, 400마력에 제로백 4.8초 '전기차의 진화'",http://www.sedaily.com/NewsView/1S4P5GWMLW
320,"재규어 'I-PACE', '고성능 전기차 리더 넘보지 마라'",http://www.autodaily.co.kr/news/articleView.html?idxno=405131
321,"[카닥터] 재규어 I-PACE, 성장세 화룡점정 찍을까",http://www.econovill.com/news/articleView.html?idxno=346093
322,"[미리보는 DIFA 2018] 재규어 랜드로버 공식딜러 인타이어모터스, 고성능 럭셔리 SUV 전기차 재규어 'I-PACE' 선보일 예정",http://kr.aving.net/news/view.php?articleId=1429049&Branch_ID=kr&rssid=naver&mn_name=news
323,재규어랜드로버 '디스커버리4' 'I-PACE' 등 4만338대 리콜,http://news.mtn.co.kr/newscenter/news_viewer.mtn?gidx=2019061918263398544
324,연초부터 후끈 달아오른 친환경차 경쟁 닛산(리프)·재규어(I-PACE)·기아(쏘울 EV)…뉴모델 전기차 선보여,http://news.mk.co.kr/v2/economy/view.php?year=2019&no=26432
325,"재규어랜드로버, SBS 드라마 '펜트하우스'에 차량 지원",http://www.gpkorea.com/news/articleView.html?idxno=72073
326,"[2018 부산모터쇼] '전동화' 재규어랜드로버코리아, I-PACE 레이스카로 '한걸음 더'",http://www.osen.co.kr/article/G1110919812
327,‘재규어 I-PACE’ 산넘고 물건너 서킷까지…’신종족’의 탄생,http://www.osen.co.kr/article/G1110918160
328,"[시승기] 제로백 4.8초 '재규어 I-PACE', 실화냐?",http://moneys.mt.co.kr/news/mwView.php?no=2019011608308053041
329,"'재규어 I-PACE, 서울 모터쇼에서 만나요'",http://www.newsis.com/view/?id=NISI20190318_0015001068
330,"'재규어 I-PACE, 서울 모터쇼에서 만나요'",http://www.newsis.com/view/?id=NISI20190318_0015001068
331,[시승] 진짜 재규어가 탄생했다! 재규어 첫 전기차 I-PACE,http://www.autodaily.co.kr/news/articleView.html?idxno=407071
332,"[BIMOS 2018] 재규어랜드로버코리아, 'I-PACE e트로피 레이스카' 아시아 최초로 공개",http://kr.aving.net/news/view.php?articleId=1388688&Branch_ID=kr&rssid=naver&mn_name=news
333,"'Reimagine' 내세운 재규어 랜드로버, 미래차 시장 선점한다",http://news.mt.co.kr/mtview.php?no=2022040108191210020
334,재규어 고성능 전기차 `I-PACE` 한국서 아시아 첫 공개,http://www.gpkorea.com/news/articleView.html?idxno=40525
335,"[EV 트렌드 코리아 2018] 재규어 ‘I-PACE’-랜드로버 ‘레인지로버 PHEV’, 전기차도 이렇게 럭셔리",http://www.osen.co.kr/article/G1110877931
336,"재규어랜드로버, 9월 출시 전기차 'I-PACE' 공개... ""전기차 선도하는 브랜드될 것""",http://biz.newdaily.co.kr/news/article.html?no=10158123
337,"[EV 트렌드 코리아] 재규어 I-PACE 공개…""테슬라 견줄 고성능""",http://www.ebn.co.kr/news/view/937600
338,"재규어 I-PACE, 아시아 최초 공개…'스포츠카 급' 전기차",http://www.econovill.com/news/articleView.html?idxno=335674
339,재규어 전기차 I-PACE 시승하는 김은경 환경부 장관,http://www.sisafocus.co.kr/news/articleView.html?idxno=183903
340,"재규어랜드로버코리아, 순수 전기차 SUV 'I-PACE' 아시아 최초 공개",http://kr.aving.net/news/view.php?articleId=1385396&Branch_ID=kr&rssid=naver&mn_name=news
341,[현장영상] ‘아시아 최초 공개’ 재규어 I-PACE 전기차,http://www.zdnet.co.kr/ArticleView.asp?artice_id=20180412150844
342,"재규어 I-PACE, 아시아 최초 공개…'스포츠카 급' 전기차",http://www.econovill.com/news/articleView.html?idxno=335674
343,재규어 전기차 I-PACE 시승하는 김은경 환경부 장관,http://www.sisafocus.co.kr/news/articleView.html?idxno=183903
344,"'Reimagine' 내세운 재규어 랜드로버, 미래차 시장 선점한다",http://news.mt.co.kr/mtview.php?no=2022040108191210020
345,아우디 전기차 e-트론...경쟁상대로 모델3 아닌 I-PACE 타깃,http://www.edaily.co.kr/news/newspath.asp?newsid=02850326625831896
346,재규어 첫 순수 전기차 I-PACE 국내 출시,http://www.munhwa.com/news/view.html?no=20190114MW164113871895
347,"[2018 부산 모터쇼]재규어랜드로버코리아, ‘I-PACE e트로피’ 레이스카 무대 올려",http://sports.khan.co.kr/news/sk_index.html?art_id=201806071213003&sec_id=563002&pt=nv
348,"재규어 랜드로버, 제네바서 'I-PACE'·'레인지로버 SV 쿠페' 공개",http://www.seoulfn.com/news/articleView.html?idxno=300818
349,"재규어랜드로버, 제네바 모터쇼서 'I-PACE' 양산 모델 최초 공개",http://www.ebn.co.kr/news/view/932573
350,아우디 전기차 e-트론...경쟁상대로 모델3 아닌 I-PACE 타깃,http://www.edaily.co.kr/news/newspath.asp?newsid=02850326625831896
351,재규어 첫 순수 전기차 I-PACE 국내 출시,http://www.munhwa.com/news/view.html?no=20190114MW164113871895
352,"[2018 부산 모터쇼]재규어랜드로버코리아, ‘I-PACE e트로피’ 레이스카 무대 올려",http://sports.khan.co.kr/news/sk_index.html?art_id=201806071213003&sec_id=563002&pt=nv
353,"재규어 랜드로버, 제네바서 'I-PACE'·'레인지로버 SV 쿠페' 공개",http://www.seoulfn.com/news/articleView.html?idxno=300818
354,"재규어랜드로버, 제네바 모터쇼서 'I-PACE' 양산 모델 최초 공개",http://www.ebn.co.kr/news/view/932573
355,"재규어 전기차 I-PACE, 오는 4월 한국 상륙",http://www.rpm9.com/news/article.html?id=20180305090062
356,"재규어 전기차 'I-PACE 양산형', 최고출력 400마력-최대토크 71.0Kg.m",http://www.osen.co.kr/article/G1110848288
357,"재규어, 첫 고성능 전기차 I-PACE 양산형 모델 최초 공개",http://www.ebn.co.kr/news/view/932016
358,"[자동차 리콜] 재규어 I-PACE, 제동제어모듈 소프트웨어 업데이트",http://www.00news.co.kr/news/articleView.html?idxno=58324
359,"재규어 I-PACE, 영국서 대기질 측정·스트리트 뷰 매핑 임무 맡아",http://www.metroseoul.co.kr/article/20210531500246
360,"재규어 전기차 I-PACE, 오는 4월 한국 상륙",http://www.rpm9.com/news/article.html?id=20180305090062
361,"재규어 전기차 'I-PACE 양산형', 최고출력 400마력-최대토크 71.0Kg.m",http://www.osen.co.kr/article/G1110848288
362,"재규어, 첫 고성능 전기차 I-PACE 양산형 모델 최초 공개",http://www.ebn.co.kr/news/view/932016
363,"[자동차 리콜] 재규어 I-PACE, 제동제어모듈 소프트웨어 업데이트",http://www.00news.co.kr/news/articleView.html?idxno=58324
364,"재규어 고성능 전기차 I-PACE, '슈퍼카 뺨치네'…하반기 국내 출시",http://sports.chosun.com/news/ntype.htm?id=201802230100193650014702&servicedate=20180222
365,"재규어 I-PACE, 영국서 대기질 측정·스트리트 뷰 매핑 임무 맡아",http://www.metroseoul.co.kr/article/20210531500246
366,고성능 럭셔리 전기차…재규어 ‘I-PACE’ 공개,http://sports.donga.com/3/all/20180415/89622631/3
367,재규어 I-PACE ‘월드카 어워드’서 3관왕,http://www.edaily.co.kr/news/newspath.asp?newsid=03466966622457432
368,[전기차 '무한질주'] 재규어 'I-PACE' 亞 최초 공개,http://news20.busan.com/controller/newsController.jsp?newsId=20180412000350
369,재규어 전기차 'I-PACE' 내달 1일 공개…제로백이 4초대,http://www.econovill.com/news/articleView.html?idxno=331091
370,"재규어 고성능 전기차 I-PACE, '슈퍼카 뺨치네'…하반기 국내 출시",http://sports.chosun.com/news/ntype.htm?id=201802230100193650014702&servicedate=20180222
371,"재규어 랜드로버 코리아, '펜트하우스'에 차량 협찬",http://www.cbci.co.kr/news/articleView.html?idxno=412425
372,재규어 I-PACE ‘월드카 어워드’서 3관왕,http://www.edaily.co.kr/news/newspath.asp?newsid=03466966622457432
373,고성능 럭셔리 전기차…재규어 ‘I-PACE’ 공개,http://sports.donga.com/3/all/20180415/89622631/3
374,[전기차 '무한질주'] 재규어 'I-PACE' 亞 최초 공개,http://news20.busan.com/controller/newsController.jsp?newsId=20180412000350
375,"재규어 랜드로버 코리아, 드라마 '펜트하우스'에 주력 라인업 차량 지원한다!",http://kr.aving.net/news/view.php?articleId=1595767&Branch_ID=kr&rssid=naver&mn_name=news
376,재규어 전기차 'I-PACE' 내달 1일 공개…제로백이 4초대,http://www.econovill.com/news/articleView.html?idxno=331091
377,"재규어 전기차 I-PACE, 영하 40도 극한 테스트 통과",http://www.rpm9.com/news/article.html?id=20180131090022
378,"재규어랜드로버코리아, SBS 인기 드라마 '펜트하우스'에 차량 지원",http://www.autodaily.co.kr/news/articleView.html?idxno=426060
379,"재규어, 고성능 전기차 `I-PACE` 내달 23일 출시",http://news.mk.co.kr/newsRead.php?year=2018&no=809542
380,"재규어, 전기차 I-PACE, 극한 조건 성능 테스트 공개",http://www.newstomato.com/ReadNews.aspx?no=803731
381,"재규어랜드로버코리아, SBS 인기 드라마 '펜트하우스'에 차량 지원",http://www.autodaily.co.kr/news/articleView.html?idxno=426060
382,"재규어, 고성능 전기차 `I-PACE` 내달 23일 출시",http://news.mk.co.kr/newsRead.php?year=2018&no=809542
383,"재규어 첫 전기차 I-PACE, DC콤보 충전 채택",http://www.zdnet.co.kr/ArticleView.asp?artice_id=20180102172548
384,"[부산국제모터쇼] 재규어랜드로버, 'I-PACE'등 전기차 4종 전시",http://www.newspim.com/news/view/20180607000256
385,"재규어, 전기차 ‘I-PACE’ 아시아 첫 공개...""제로백 4.8초""",http://www.ajunews.com/view/20180412132857954
386,"재규어 I-PACE, 전기차의 한계를 넘다…내년 하반기 본격 출시",http://daily.hankooki.com/lpage/economy/201711/dh20171122110647138070.htm
387,`최초공개!` 재규어 I-PACE 양산모델-레인지로버SV 쿠페,http://www.gpkorea.com/bbs/board.php?bo_table=gp_motorsports&wr_id=19651
388,"(시승기)재규어 I-PACE, 정숙한 야생미를 가진 차",http://www.newstomato.com/ReadNews.aspx?no=870730
389,[포토엔H화보] 아시아 최초 공개 재규어 전기차 ‘I-PACE’ 눈길 사로잡는 스펙과 디자인,http://www.newsen.com/news_view.php?uid=201804121510207920
390,"재규어, 고성능 전기차 `I-PACE` 내달 23일 출시",http://news.mk.co.kr/newsRead.php?year=2018&no=809542
391,"재규어 랜드로버 코리아, 드라마 '펜트하우스'에 주력 라인업 차량 지원한다!",http://kr.aving.net/news/view.php?articleId=1595767&Branch_ID=kr&rssid=naver&mn_name=news
392,"재규어랜드로버코리아, SBS 인기 드라마 '펜트하우스'에 차량 지원",http://www.autodaily.co.kr/news/articleView.html?idxno=426060
393,"재규어 첫 전기차 I-PACE, DC콤보 충전 채택",http://www.zdnet.co.kr/ArticleView.asp?artice_id=20180102172548
394,"[부산국제모터쇼] 재규어랜드로버, 'I-PACE'등 전기차 4종 전시",http://www.newspim.com/news/view/20180607000256
395,"재규어, 전기차 ‘I-PACE’ 아시아 첫 공개...""제로백 4.8초""",http://www.ajunews.com/view/20180412132857954
396,"재규어, 고성능 전기차 'I-PACE' 혹한기 주행 테스트 통과",http://www.etnews.com/20180131000191
397,"재규어 I-PACE, 전기차의 한계를 넘다…내년 하반기 본격 출시",http://daily.hankooki.com/lpage/economy/201711/dh20171122110647138070.htm
398,`최초공개!` 재규어 I-PACE 양산모델-레인지로버SV 쿠페,http://www.gpkorea.com/bbs/board.php?bo_table=gp_motorsports&wr_id=19651
399,"(시승기)재규어 I-PACE, 정숙한 야생미를 가진 차",http://www.newstomato.com/ReadNews.aspx?no=870730
400,"재규어 랜드로버, SBS 인기 드라마 ‘펜트하우스’ 차량 지원",http://www.lawissue.co.kr/view.php?ud=20210308150455685067191f6c6e_12
401,"재규어 첫 전기차 I-PACE, DC콤보 충전 채택",http://www.zdnet.co.kr/ArticleView.asp?artice_id=20180102172548
402,"[부산국제모터쇼] 재규어랜드로버, 'I-PACE'등 전기차 4종 전시",http://www.newspim.com/news/view/20180607000256
403,"재규어, 전기차 ‘I-PACE’ 아시아 첫 공개...""제로백 4.8초""",http://www.ajunews.com/view/20180412132857954
404,"재규어, 고성능 전기차 'I-PACE' 혹한기 주행 테스트 통과",http://www.etnews.com/20180131000191
405,"재규어 I-PACE, 전기차의 한계를 넘다…내년 하반기 본격 출시",http://daily.hankooki.com/lpage/economy/201711/dh20171122110647138070.htm
406,`최초공개!` 재규어 I-PACE 양산모델-레인지로버SV 쿠페,http://www.gpkorea.com/bbs/board.php?bo_table=gp_motorsports&wr_id=19651
407,"(시승기)재규어 I-PACE, 정숙한 야생미를 가진 차",http://www.newstomato.com/ReadNews.aspx?no=870730
408,[포토엔H화보] 아시아 최초 공개 재규어 전기차 ‘I-PACE’ 눈길 사로잡는 스펙과 디자인,http://www.newsen.com/news_view.php?uid=201804121510207920
409,재규어 순수전기차 ‘I-PACE’ 내년 1월23일 국내 출시,http://www.segye.com/content/html/2018/12/28/20181228001789.html?OutUrl=naver
410,"재규어, 고성능 전기차 'I-PACE' 혹한기 주행 테스트 통과",http://www.etnews.com/20180131000191
411,"재규어 I-PACE, 전기차의 한계를 넘다…내년 하반기 본격 출시",http://daily.hankooki.com/lpage/economy/201711/dh20171122110647138070.htm
412,`최초공개!` 재규어 I-PACE 양산모델-레인지로버SV 쿠페,http://www.gpkorea.com/bbs/board.php?bo_table=gp_motorsports&wr_id=19651
413,"(시승기)재규어 I-PACE, 정숙한 야생미를 가진 차",http://www.newstomato.com/ReadNews.aspx?no=870730
414,[포토엔H화보] 아시아 최초 공개 재규어 전기차 ‘I-PACE’ 눈길 사로잡는 스펙과 디자인,http://www.newsen.com/news_view.php?uid=201804121510207920
415,"재규어, 1억대 ‘400마력’ 고성능 전기차 ‘I-PACE’ 선봬",http://www.edaily.co.kr/news/newspath.asp?newsid=03332486619175464
416,재규어 순수전기차 ‘I-PACE’ 내년 1월23일 국내 출시,http://www.segye.com/content/html/2018/12/28/20181228001789.html?OutUrl=naver
417,"[프랑크푸르트 모터쇼] 재규어 'I-PACE 레이스 카', 전기차 레이스 벌인다",http://www.osen.co.kr/article/G1110730414
418,"[2017 IAA] 재규어랜드로버, I-PACE 레이스 카·디스커버리 SVX 세계 첫 공개",http://news.mk.co.kr/newsRead.php?year=2017&no=613573
419,재규어 전기차 ‘I-PACE’ 성큼 온다…전기로만 400마력 내는 럭셔리 SUV,http://sports.khan.co.kr/news/sk_index.html?art_id=201709070854013&sec_id=563002&pt=nv
420,재규어 전기차 ‘I-PACE’ 성큼 온다…전기로만 400마력 내는 럭셔리 SUV,http://sports.khan.co.kr/news/sk_index.html?art_id=201709070854013&sec_id=563002&pt=nv
421,재규어 최초 SUV 전기차 ‘I-PACE’ 사전계약…“2018년 하반기 출시”,http://www.viva100.com/main/view.php?key=20170905010001341
422,"재규어 순수 전기차 ‘I-PACE’, 국내 4월 공개…가격은 1억 1000만원부터",http://www.g-enews.com/ko-kr/news/article/news_all/201803020941254954dc27ddea51_1/article.html
423,[포토] 한국 온 영국 전기차 재규어 I-PACE,http://www.ajunews.com/view/20190318132913128
424,[TV 데일리카] 재규어 전기 SUV ‘I-PACE’..디자인 살펴보니...,http://www.dailycar.co.kr/content/news.html?type=view&autoId=32013
425,"재규어 I-Pace, 테슬라 모델 X, BMW i3을 바라보는 시선",http://www.gqkorea.co.kr/?p=134033
426,프리미엄 콤팩트 SUV의 정석 재규어 ‘E-PACE(이 페이스)’,http://www.kukinews.com/news/article.html?no=728380
427,재규어 전기 SUV `I-PACE` 내년 출시 `테슬라 섯거라`,http://www.gpkorea.com/bbs/board.php?bo_table=gp_motorsports&wr_id=17966
428,[2018부산국제모터쇼] 영상-재규어 랜드로버 I-PACE eTROPHY 레이스 카,http://www.kookje.co.kr/news2011/asp/newsbody.asp?code=0500&key=20180614.99099006679
429,"재규어 코리아, 고성능 SUV 전기차 ‘I-PACE’ 사전계약",http://sports.donga.com/3/all/20170906/86196533/1
430,재규어 첫 전기차 'I-PACE' 사전계약 돌입,http://www.mediapen.com/news/view/297665
431,"재규어 순수 전기차 ‘I-PACE’, 국내 4월 공개…가격은 1억 1000만원부터",http://www.g-enews.com/ko-kr/news/article/news_all/201803020941254954dc27ddea51_1/article.html
432,[포토] 한국 온 영국 전기차 재규어 I-PACE,http://www.ajunews.com/view/20190318132913128
433,[TV 데일리카] 재규어 전기 SUV ‘I-PACE’..디자인 살펴보니...,http://www.dailycar.co.kr/content/news.html?type=view&autoId=32013
434,"재규어 I-Pace, 테슬라 모델 X, BMW i3을 바라보는 시선",http://www.gqkorea.co.kr/?p=134033
435,프리미엄 콤팩트 SUV의 정석 재규어 ‘E-PACE(이 페이스)’,http://www.kukinews.com/news/article.html?no=728380
436,재규어 전기 SUV `I-PACE` 내년 출시 `테슬라 섯거라`,http://www.gpkorea.com/bbs/board.php?bo_table=gp_motorsports&wr_id=17966
437,[2018부산국제모터쇼] 영상-재규어 랜드로버 I-PACE eTROPHY 레이스 카,http://www.kookje.co.kr/news2011/asp/newsbody.asp?code=0500&key=20180614.99099006679
438,"재규어 코리아, 고성능 SUV 전기차 ‘I-PACE’ 사전계약",http://sports.donga.com/3/all/20170906/86196533/1
439,"[진車승부] 전기차, 주행거리 400km시대…당신의 선택은? '현대차 코나EV VS 재규어 I-PACE'",http://www.sporbiz.co.kr/news/articleView.html?idxno=219547
440,"재규어, 1억원대 전기차 ‘I-PACE’ 국내 사전계약",http://www.zdnet.co.kr/ArticleView.asp?artice_id=20170905091839
441,"재규어 순수 전기차 ‘I-PACE’, 국내 4월 공개…가격은 1억 1000만원부터",http://www.g-enews.com/ko-kr/news/article/news_all/201803020941254954dc27ddea51_1/article.html
442,[포토] 한국 온 영국 전기차 재규어 I-PACE,http://www.ajunews.com/view/20190318132913128
443,[TV 데일리카] 재규어 전기 SUV ‘I-PACE’..디자인 살펴보니...,http://www.dailycar.co.kr/content/news.html?type=view&autoId=32013
444,"재규어 I-Pace, 테슬라 모델 X, BMW i3을 바라보는 시선",http://www.gqkorea.co.kr/?p=134033
445,프리미엄 콤팩트 SUV의 정석 재규어 ‘E-PACE(이 페이스)’,http://www.kukinews.com/news/article.html?no=728380
446,재규어 전기 SUV `I-PACE` 내년 출시 `테슬라 섯거라`,http://www.gpkorea.com/bbs/board.php?bo_table=gp_motorsports&wr_id=17966
447,[2018부산국제모터쇼] 영상-재규어 랜드로버 I-PACE eTROPHY 레이스 카,http://www.kookje.co.kr/news2011/asp/newsbody.asp?code=0500&key=20180614.99099006679
448,"재규어 코리아, 고성능 SUV 전기차 ‘I-PACE’ 사전계약",http://sports.donga.com/3/all/20170906/86196533/1
449,"[진車승부] 전기차, 주행거리 400km시대…당신의 선택은? '현대차 코나EV VS 재규어 I-PACE'",http://www.sporbiz.co.kr/news/articleView.html?idxno=219547
450,프리미엄 콤팩트 SUV의 정석 재규어 ‘E-PACE(이 페이스)’,http://www.kukinews.com/news/article.html?no=728380
451,재규어 전기 SUV `I-PACE` 내년 출시 `테슬라 섯거라`,http://www.gpkorea.com/bbs/board.php?bo_table=gp_motorsports&wr_id=17966
452,[2018부산국제모터쇼] 영상-재규어 랜드로버 I-PACE eTROPHY 레이스 카,http://www.kookje.co.kr/news2011/asp/newsbody.asp?code=0500&key=20180614.99099006679
453,"재규어 코리아, 고성능 SUV 전기차 ‘I-PACE’ 사전계약",http://sports.donga.com/3/all/20170906/86196533/1
454,재규어코리아 SUV 전기차 'I-PACE' 사전계약 돌입,http://www.sedaily.com/NewsView/1OKWRHCFB8
455,"[진車승부] 전기차, 주행거리 400km시대…당신의 선택은? '현대차 코나EV VS 재규어 I-PACE'",http://www.sporbiz.co.kr/news/articleView.html?idxno=219547
456,"[화보] 재규어, 400마력 고성능 전기차 SUV `I-PACE`",http://www.gpkorea.com/news/articleView.html?idxno=40554
457,"[EV트렌드코리아] 재규어, 고성능 전기차 ‘I-PACE’ 공개",http://www.moneyweek.co.kr/news/mwView.php?type=1&no=2018041317078037435&outlink=1
458,"재규어, 'PACE SUV' 전 라인업 전국 시승 행사 개최...보증 연장 프로모션 실시",http://www.autodaily.co.kr/news/articleView.html?idxno=410669
459,"재규어 랜드로버 코리아, SBS드라마 ‘펜트하우스’에 차량 지원",https://www.etoday.co.kr/news/view/2001827
460,"재규어, 첫 순수전기차 'I-PACE' 내년 국내 상륙…""테슬라 넘겠다""",http://news.mtn.co.kr/newscenter/news_viewer.mtn?gidx=2017071216242788444
461,[2018부산국제모터쇼] 영상-재규어 랜드로버 I-PACE eTROPHY 레이스 카,http://www.kookje.co.kr/news2011/asp/newsbody.asp?code=0500&key=20180614.99099006679
462,"재규어 코리아, 고성능 SUV 전기차 ‘I-PACE’ 사전계약",http://sports.donga.com/3/all/20170906/86196533/1
463,재규어코리아 SUV 전기차 'I-PACE' 사전계약 돌입,http://www.sedaily.com/NewsView/1OKWRHCFB8
464,"[진車승부] 전기차, 주행거리 400km시대…당신의 선택은? '현대차 코나EV VS 재규어 I-PACE'",http://www.sporbiz.co.kr/news/articleView.html?idxno=219547
465,"[화보] 재규어, 400마력 고성능 전기차 SUV `I-PACE`",http://www.gpkorea.com/news/articleView.html?idxno=40554
466,"[EV트렌드코리아] 재규어, 고성능 전기차 ‘I-PACE’ 공개",http://www.moneyweek.co.kr/news/mwView.php?type=1&no=2018041317078037435&outlink=1
467,"재규어, 'PACE SUV' 전 라인업 전국 시승 행사 개최...보증 연장 프로모션 실시",http://www.autodaily.co.kr/news/articleView.html?idxno=410669
468,"재규어 랜드로버 코리아, SBS드라마 ‘펜트하우스’에 차량 지원",https://www.etoday.co.kr/news/view/2001827
469,1회 충전으로 500㎞…재규어 전기차 `I-PACE 콘셉트`,http://www.etnews.com/20161201000050
470,"[오늘의 자동차] 재규어랜드로버, 'PACE' 로드쇼 한 달 간 개최",https://www.sedaily.com/NewsView/1VMYTNEW98
471,"재규어, 순수 전기차 'I-PACE 내년 선보인다",http://www.fnnews.com/news/201707120933189378
472,"재규어 랜드로버 코리아, SBS드라마 ‘펜트하우스’에 차량 지원",https://www.etoday.co.kr/news/view/2001827
473,"'1억대' 재규어 첫 전기차 I-PACE, 사전예약 시작",http://daily.hankooki.com/lpage/economy/201709/dh20170905164608138070.htm
474,1회 충전으로 500㎞…재규어 전기차 `I-PACE 콘셉트`,http://www.etnews.com/20161201000050
475,"재규어, SUV 전기차 'I-PACE 콘셉트' 공개…주행거리 500km 돌파",http://it.chosun.com/news/article.html?no=2826841
476,[영상]첫 번째 일렉트로닉 재규어 ‘I-PACE 콘셉트’,http://car.donga.com/3/all/20161118/81401947/1
477,[자동차 한입뉴스] #LA오토쇼 #현대차 #쏘울 터보 #재규어 I-PACE #기아 스마트 모빌리티,http://www.econovill.com/news/articleView.html?idxno=302771
478,"스포츠카야? SUV야?···재규어, 전기차 'I-PACE 콘셉트' 공개",http://news.khan.co.kr/kh_news/khan_art_view.html?artid=201611170943001&code=920508
479,"<PRNewswire> 재규어, I-PACE 콘셉트카로 짜릿한 체험 선보여",http://app.yonhapnews.co.kr/YNA/Basic/SNS/r.aspx?c=AKR20161115174600009&did=1195m
480,1회 충전으로 500㎞…재규어 전기차 `I-PACE 콘셉트`,http://www.etnews.com/20161201000050
481,"재규어, SUV 전기차 'I-PACE 콘셉트' 공개…주행거리 500km 돌파",http://it.chosun.com/news/article.html?no=2826841
482,[영상]첫 번째 일렉트로닉 재규어 ‘I-PACE 콘셉트’,http://car.donga.com/3/all/20161118/81401947/1
483,[자동차 한입뉴스] #LA오토쇼 #현대차 #쏘울 터보 #재규어 I-PACE #기아 스마트 모빌리티,http://www.econovill.com/news/articleView.html?idxno=302771
484,"스포츠카야? SUV야?···재규어, 전기차 'I-PACE 콘셉트' 공개",http://news.khan.co.kr/kh_news/khan_art_view.html?artid=201611170943001&code=920508
485,"<PRNewswire> 재규어, I-PACE 콘셉트카로 짜릿한 체험 선보여",http://app.yonhapnews.co.kr/YNA/Basic/SNS/r.aspx?c=AKR20161115174600009&did=1195m
486,"재규어 첫 전기차 'I-PACE', 2018 출시",http://app.yonhapnews.co.kr/YNA/Basic/SNS/r.aspx?c=PYH20170712130300003&did=1196m
487,[포토] 재규어 전기차 I-PACE 최초 공개,http://news.hankyung.com/article/2018041221977
488,"재규어, 전국 전시장서 'PACE 패밀리' 시승행사 진행",http://biz.newdaily.co.kr/site/data/html/2019/08/14/2019081400083.html
489,[포토] 재규어 SUV 전기차 `I-PACE` 사전계약,http://news.mk.co.kr/newsRead.php?year=2017&no=596783
490,"[LA 오토쇼] 재규어, 자사 최초 전기차 'I-PACE 콘셉트' 공개",http://www.rpm9.com/news/article.html?id=20161117090002
491,"<PRNewswire> 재규어, I-PACE 콘셉트카로 짜릿한 체험 선보여",http://app.yonhapnews.co.kr/YNA/Basic/SNS/r.aspx?c=AKR20161115174600009&did=1195m
492,"재규어 첫 전기차 'I-PACE', 2018 출시",http://app.yonhapnews.co.kr/YNA/Basic/SNS/r.aspx?c=PYH20170712130300003&did=1196m
493,[포토] 재규어 I-PACE 최초 공개,http://news.hankyung.com/article/2018041222027
494,"재규어, 전국 전시장서 'PACE 패밀리' 시승행사 진행",http://biz.newdaily.co.kr/site/data/html/2019/08/14/2019081400083.html
495,[포토] 재규어 SUV 전기차 `I-PACE` 사전계약,http://news.mk.co.kr/newsRead.php?year=2017&no=596783
496,[포토엔HD] 재규어 전기차 I-PACE ‘파워풀하게’,http://www.newsen.com/news_view.php?uid=201804121315507920
497,"[수입車단신]재규어, 전기차 'I-PACE' 3월 출시 앞두고 성능 테스트 공개 外",http://www.newsis.com/view/?id=NISX20180131_0000218244&cID=13001&pID=13000
498,"재규어, 최고 속도 410km/h 가상 순수 전기 레이싱카 '비전 그란 투리스모 SV' 공개",http://kr.aving.net/news/view.php?articleId=1588670&Branch_ID=kr&rssid=naver&mn_name=news
499,[포토]재규어 전기차 I-PACE 살펴보는 김은경 환경부 장관,http://www.edaily.co.kr/news/newspath.asp?newsid=03204566619175464
