,title,url
0,"[THE CAR] 야생성과 우아함의 공존… 재규어SUV, 美친 디자인 입었다",http://www.dt.co.kr/contents.html?article_no=2022042902109932064003&ref=naver
1,"1년간 판매량이 겨우 3,500여 대. 재규어랜드로버 딜러들 적자 누적으로 파산 직전",http://www.autodaily.co.kr/news/articleView.html?idxno=433219
2,아름다우면서도 강렬한 재규어 뉴 F-TYPE[SS시승기],http://www.sportsseoul.com/news/read/1074793?ref=naver
3,"""400만원짜리 명품 헬멧에 1억짜리 재규어 타고 다니는 '배달 알바'를 목격했습니다""",https://www.insight.co.kr/news/381558
4,가슴 뛰는 배기음! 재규어 뉴 F-TYPE의 넘치는 매력,http://www.sportsworldi.com/newsView/20210428515343
5,"재규어 랜드로버, 매끈하고 우아한 스포츠카 '더 뉴 F-TYPE' 출시",http://www.sportsseoul.com/news/read/1004233?ref=naver
6,'아름다운 고성능' 재규어 스포츠카 더 뉴 F-TYPE,http://www.osen.co.kr/article/G1111508901
7,"재규어 랜드로버 코리아, 부분 변경 모델 재규어 '뉴 F-TYPE' 출시… 달라진 점은",http://kr.aving.net/news/view.php?articleId=1589223&Branch_ID=kr&rssid=naver&mn_name=news
8,"재규어랜드로버, tvN 화제의 드라마 '하이클래스'에 차량 지원",http://www.gpkorea.com/news/articleView.html?idxno=78970
9,"[시승기] 재규어 F-타입 컨버터블 ""개그우먼도 인정한 재밌는 車""(2부)",http://www.pinpointnews.co.kr/view.php?ud=2021071717205934680d88486204_45
10,"[시승기] 재규어 F-타입 컨버터블 ""개그우먼도 반한 야생미""(1부)",http://www.pinpointnews.co.kr/view.php?ud=2021071411181266770d88486204_45
11,재규어 모터스포츠 기술이 집약된 고성능 스포츠카 ‘F-타입',https://biz.chosun.com/industry/car/2021/06/25/YHX7EFC57VBHTDQGHROQPSGAYE/?utm_source=naver&utm_medium=original&utm_campaign=biz
12,재규어 랜드로버 올 뉴 디펜더 110 등 tvN '하이클래스'에 차량 지원,http://www.sportsseoul.com/news/read/1069012?ref=naver
13,"재규어 랜드로버 코리아, ‘재규어 뉴 F-PACE’ 부분 변경 모델 출시",http://thepublic.kr/news/newsview.php?ncode=1065605258439778
14,"재규어 랜드로버, ‘재규어 뉴 F-PACE’ 부분 변경 모델 출시",http://www.electimes.com/article.php?aid=1623405279218647094
15,"재규어 랜드로버 코리아, '재규어 뉴 F-PACE' 부분 변경 모델 출시… 판매가 7350만 원부터",http://kr.aving.net/news/view.php?articleId=1606103&Branch_ID=kr&rssid=naver&mn_name=news
16,캐딜락·재규어·제네시스 등 3개 업체 509대 리콜,http://www.g-enews.com/ko-kr/news/article/news_all/2021090913025158817bdb7041ec_1/article.html
17,캐딜락·제네시스·재규어 등 5개 차종 509대 리콜...에어백 등 제작결함,http://www.interview365.com/news/articleView.html?idxno=99105
18,[시승기] 우아한 외모에 숨겨진 질주본능… 재규어 스포츠카 'F-타입',https://biz.chosun.com/site/data/html_dir/2021/03/26/2021032602392.html?utm_source=naver&utm_medium=original&utm_campaign=biz
19,"[자동차리콜] 재규어 F-Type, XF, 레인지로버 등 7차종",http://www.00news.co.kr/news/articleView.html?idxno=60328
20,'이안 칼럼' 마지막 손길..재규어 신형 F-TYPE 위장막 포착,http://www.edaily.co.kr/news/newspath.asp?newsid=03863846622554848
21,[시승기] '영화 속 악당의 고성능 SUV'…재규어 F-PACE SVR,https://www.asiatoday.co.kr/view.php?key=20201116010010241
22,"[카닥터] 재규어 F-TYPE, ‘시선빨’ 받는 스포츠카",http://www.econovill.com/news/articleView.html?idxno=361755
23,"KB캐피탈, 재규어 랜드로버 저금리 프로그램 시행",http://www.smedaily.co.kr/news/articleView.html?idxno=201787
24,"[글로벌-Biz 24] 재규어 신형 F-TYPE, 강력한 힘 구현…최고출력 575마력",http://www.g-enews.com/ko-kr/news/article/news_all/20191205015533354750cb531085_1/article.html
25,"KB캐피탈, 재규어 랜드로버와 저금리 할부 프로그램",https://www.fetv.co.kr/news/article.html?no=82272
26,'업 사이드 다운' 접지력 극강의 스포츠카 재규어 F TYPE SVR 쿠페,http://www.esquirekorea.co.kr/article/41909
27,"[진車승부] 무한 질주 인기 폭주, 스포츠카의 힘…포르쉐 718 카이맨 VS 재규어 뉴 F-TYPE",http://www.sporbiz.co.kr/news/articleView.html?idxno=175021
28,"재규어, ‘뉴 F-TYPE’ 출시…8000만원대 신모델 추가",http://www.ekn.kr/news/article.html?no=330460
29,재규어 ‘뉴 F-TYPE’ 8000만원대 신모델 나온다,http://sports.donga.com/3/all/20171211/87683200/3
30,"'모터스포츠 혈통' 재규어 F-TYPE ""가장 진보한 스포츠카""",http://www.newsprime.co.kr/news/article.html?no=407344
31,재규어 스포츠카 F-TYPE 영감 SUV 'E-PACE' 국내 첫선,http://www.ebn.co.kr/news/view/937975
32,"[서울모터쇼] 재규어랜드로버, ‘올뉴 디스커버리·레인지로버 벨라·F-TYPE ’ 신차의 향연",http://www.viva100.com/main/view.php?key=20170330010010490
33,"재규어, F-TYPE SVR 출시 기념 '2016 재규어 레이스 아카데미 라이브' 연다",http://www.rpm9.com/news/article.html?id=20161109090009
34,"KCC오토모빌, 박병호 선수에게 ‘재규어 F-TYPE’ 지원",http://www.mt.co.kr/view/mtview.php?type=1&no=2015122916174960849&outlink=1
35,[정찬수의 시승기 - 재규어 E-PACE] 귀여운 외모에 레이싱 DNA…단단한 주행감·코너링 안정성 돋보여,http://news.heraldcorp.com/view.php?ud=20210119000681
36,재규어의 스포츠카 F-TYPE의 DNA 물려받은 'E-PACE'의 스포티한 외관 [포토],http://news20.busan.com/controller/newsController.jsp?newsId=20180416000217
37,[주목! 이차] 재규어 F-TYPE R AWD 쿠페,https://news.naver.com/main/read.naver?mode=LSD&mid=sec&sid1=101&oid=011&aid=0002697548
38,"재규어 스포츠카, 신형 F-TYPE 10개 라인업 내놓았다",http://sports.hankooki.com/lpage/economy/201506/sp20150611174514136990.htm
39,"재규어코리아, 2016년형 ‘F-TYPE’ 풀라인업 출시…9천880만원부터",http://www.ebn.co.kr/news/view/766078
40,[CAR톡]국내에 단 7대만 판매하는 최강의 재규어 F-TYPE 프로젝트 7,http://www.sportsseoul.com/?c=v&m=n&i=193302
41,[SS포토]국내에 첫 선 보이는 재규어 F-TYPE 프로젝트 7과 레인지로버 SVR,http://www.sportsseoul.com/?c=v&m=n&i=193227
42,‘재규어 F-TYPE 프로젝트 7·레인지로버 스포츠 SVR’ 4월 서울서 공개,http://www.newsway.co.kr/view.php?tp=1&ud=2015032413452334117
43,"재규어 F-TYPE 쿠페, 2015 한국 올해의 차 디자인 상 수상",https://news.naver.com/main/read.naver?mode=LSD&mid=sec&sid1=101&oid=011&aid=0002634426
44,"'2015 한국에서 가장 아름다운 차', 재규어 F-TYPE 쿠페",http://biz.heraldcorp.com/view.php?ud=20150129000114
45,"재규어 랜드로버, 국내 7대 판매 'F-TYPE 프로젝트 7' 공개",http://www.osen.co.kr/article/G1110115290
46,"[사진]재규어 F-TYPE 프로젝트 7,'우아함이 철철'",http://www.osen.co.kr/article/G1110115327
47,가수 비와 크리스탈은 재규어 F-TYPE를 탄다,http://www.egreennews.com/news/articleView.html?idxno=115874
48,"국토부, 쌍용차 코란도ㆍ재규어 F-Type 등 6995대 리콜",http://www.newspim.com/news/view/20161130000325
49,"재규어, 리미티드 에디션 `F-TYPE 프로젝트 7` 국내 예약 판매 시작",http://www.edaily.co.kr/news/newspath.asp?newsid=01767926606159768
50,"재규어 코리아, F-TYPE 쿠페 출시 ‘역동적 성능-매혹적 디자인’",http://fashion.mk.co.kr/view.php?no=885161&year=2014
51,"""멋지다"" 재규어 F-type…스피드狂 스티브 매퀸의 숨결 오롯이",http://www.hankyung.com/news/app/newsview.php?aid=2014062575591
52,"재규어 코리아, F-TYPE 쿠페 출시",http://www.sportsworldi.com/content/html/2014/06/13/20140613001591.html?OutUrl=naver
53,"[부산국제모터쇼] 재규어, 100% 알루미늄 보디 적용한 'F-TYPE 쿠페' 공개",http://kr.aving.net/news/view.php?articleId=937182&Branch_ID=kr&rssid=naver&mn_name=news
54,"[2014 부산모터쇼]재규어랜드로버, ‘F-TYPE 쿠페·레인지로버 LWB’ 첫 공개",http://www.ebn.co.kr/news/view/684896
55,"[부산모터쇼] 재규어 랜드로버, F-TYPE 쿠페 공개",http://www.newspim.com/common/redirect.jsp?newsId=20140529000213
56,"2014 부산 국제 모터쇼, 사진만 봐도 심장이 뛰는 '재규어 F-Type'",http://mbn.mk.co.kr/pages/news/newsView.php?category=mbn00013&news_seq_no=1812472
57,"재규어 랜드로버, F-TYPE 쿠페 등 3개 모델 국내 첫 공개 예정",http://news.mk.co.kr/news_forward.php?domain=news&no=778197&year=2014
58,"[시승기] 재규어 ‘F-TYPE’, 액셀 밟자 ‘쿵쾅쾅’ 시속 100km까지 4.9초",http://www.fnnews.com/view?ra=Sent0601m_01A&corp=fnnews&arcid=201404250100278480014347&cDateYear=2014&cDateMonth=04&cDateDay=24&
59,[더 센 놈들이 온다] 재규어 F-TYPE 쿠페/5.0L V8 슈퍼차저 엔진 탑재 ‘다이내믹’,http://www.fnnews.com/view?ra=Sent0601m_01A&corp=fnnews&arcid=201403210100219310011540&cDateYear=2014&cDateMonth=03&cDateDay=20&
60,재규어 'F-TYPE쿠페' 예약판매… 9840만~1억7150만원,http://www.newscj.com/news/articleView.html?idxno=231572
61,"재규어랜드로버, 'F-TYPE 쿠페' 도쿄서 아시아 첫 선",http://www.osen.co.kr/article/G1109725927
62,"재규어 랜드로버, 도쿄모터쇼에 F-TYPE 쿠페 공개",http://www.newspim.com/common/redirect.jsp?newsId=20131115000344
63,"재규어, 2013 도쿄모터쇼서 아시아 최초 ‘F-TYPE 쿠페’ 공개",http://www.ebn.co.kr/news/n_view.html?id=643049
64,"재규어, '도쿄모터쇼'서 ‘F-TYPE 쿠페’ 공개",http://www.mt.co.kr/view/mtview.php?type=1&no=2013111511270043777&outlink=1
65,"재규어, 도쿄모터쇼서 F-TYPE 쿠페 공개",http://news1.kr/articles/1408783
66,재규어 스포츠카 ‘신형 F-TYPE’ 판매 시작,http://biz.heraldcorp.com/view.php?ud=20150610000244
67,"재규어 F-TYPE, ‘2013 우수디자인’ 국무총리상 수상",http://www.sportsworldi.com/Articles/LeisureLife/Article.asp?aid=20131008021371&OutUrl=naver
68,"재규어 F-TYPE, '2013 우수디자인(GD)' 국무총리상 수상",http://www.edaily.co.kr/news/newspath.asp?newsid=01603926602970952
69,"재규어 F-TYPE, ‘2013 우수디자인(GD)’ 국무총리상 수상",http://www.osen.co.kr/article/G1109699420
70,2인승 컨버터블 스포츠카 재규어 F-TYPE 상륙,http://www.tvreport.co.kr/?c=news&m=newsview&idx=378576
71,"재규어, 1억 넘는 컨버터블 스포츠카 F-TYPE 선보이다",http://sports.chosun.com/news/ntype.htm?id=201308050100035840002459&servicedate=20130805
72,"재규어, 2인승 컨버터블 'F-TYPE' 출시…1억 400만원부터",http://www.osen.co.kr/article/G1109655083
73,"재규어, F-TYPE 국내 공식 출시",http://news.mk.co.kr/news_forward.php?domain=news&no=675183&year=2013
74,재규어 2인승 오픈카 ‘F-TYPE’ 출시,http://www.newspim.com/common/redirect.jsp?newsId=20130805000244
75,"재규어, 40년 만에 부활한 컨버터블 스포츠카 ‘F-TYPE’ 출시",http://www.ebn.co.kr/news/n_view.html?id=620215
76,재규어 F-TYPE 고급스러운 실내,http://www.fnnews.com/view?ra=Sent0601m_01A&corp=fnnews&arcid=201308050100038420001875&cDateYear=2013&cDateMonth=08&cDateDay=05&
77,"재규어, 2인승 컨버터블 스포츠카 'F-TYPE' 국내 출시",http://www.betanews.net/article/581678
78,"1억원대 재규어 스포츠카 ‘F-TYPE’출시, 8~9월 물량 동나",http://www.segye.com/content/html/2013/08/05/20130805002470.html?OutUrl=naver
79,"재규어, 2인승 컨버터블 스포츠카 F-TYPE 국내 공식 출시",http://www.fnnews.com/view?ra=Sent0601m_01A&corp=fnnews&arcid=201308050100038360001869&cDateYear=2013&cDateMonth=08&cDateDay=05&
80,"올해의 자동차 디자인에 뽑힌 이 차, 재규어 F-TYPE의 강렬 자태",http://sports.chosun.com/news/ntype.htm?id=201304040100034550002366&servicedate=20130404
81,"[2013 서울모터쇼]최고의 디자인, 재규어 F-TYPE... “인테리어를 살펴보니”",http://economy.donga.com/dongAuto/3/0111/20130403/54172200/2
82,"재규어 F-TYPE, 한국 데뷔하자마자 ‘올해의 디자인’",http://www.osen.co.kr/article/G1109567319
83,"재규어 'F-TYPE', '2013 올해의 자동차 디자인' 선정",http://www.asiae.co.kr/news/view.htm?idxno=2013040206124790409
84,"재규어 F-TYPE, '2013 올해의 자동차 디자인' 선정",http://biz.chosun.com/site/data/html_dir/2013/04/02/2013040200641.html
85,"재규어 F-TYPE, 뉴욕모터쇼서 ‘올해의 자동차 디자인’ 선정",http://www.ebn.co.kr/news/n_view.html?id=598214
86,"재규어 F-TYPE, ‘2013 올해의 자동차디자인’ 선정",http://www.ajunews.com/common/redirect.jsp?newsId=20130402000032
87,재규어 F-TYPE…‘올해의 자동차 디자인’에 선정,http://www.khan.co.kr/kh_news/art_view.html?artid=201304021448381&code=920508
88,재규어의 아버지 이안 칼럼이 디자인한 스포츠카 'F-TYPE' 는 어떤 모델?,http://kr.aving.net/news/view.php?articleId=609198&Branch_ID=kr&rssid=naver&mn_name=news
89,"[서울모터쇼] 스포츠카로 귀환한 재규어, ‘F-TYPE’ 국내 첫 공개",http://www.ebn.co.kr/news/n_view.html?id=597655
90,신형 스포츠카 ‘재규어 F-TYPE’ 최초 공개,http://www.etnews.com/news/home_mobile/automobile/2608259_1485.html
91,[오토 브리핑]재규어 “‘F-TYPE’으로 영광 재현” 外,http://www.khan.co.kr/kh_news/art_view.html?artid=201204051959321&code=920508
92,"재규어, 새로운 스포츠카 ‘F-TYPE’ 양산 계획 발표",http://news.mk.co.kr/news_forward.php?domain=news&no=210570&year=2012
93,"재규어, 새로운 스포츠카 ‘F-TYPE’ 양산 계획",http://sports.khan.co.kr/news/sk_index.html?cat=view&art_id=201204051909513&sec_id=563002&pt=nv
94,"재규어, 스포츠카 ‘F-TYPE’ 양산 계획.. 2013년 본격 출시",http://www.asiae.co.kr/news/view.htm?idxno=2012040511525841122
95,"재규어, 신형 스포츠카 ‘F-TYPE’ 내년 출시",https://news.naver.com/main/read.naver?mode=LSD&mid=sec&sid1=101&oid=011&aid=0002230014
96,"재규어, 대표 모델 'F-TYPE 쿠페' 3종 출시",https://news.naver.com/main/read.naver?mode=LSD&mid=sec&sid1=101&oid=001&aid=0006958430
97,"“재규어보다 날렵하네” - 재규어, ‘F-TYPE 쿠페’ 3종 출시",http://www.dt.co.kr/contents.html?article_no=2014061302109919807026
98,"재규어, 스포츠카 'F-TYPE 쿠페' 3종 출시",http://biz.heraldcorp.com/view.php?ud=20140613000430
99,재규어 스포츠카 ‘F-TYPE 쿠페’ 국내 공식 론칭,http://www.khan.co.kr/kh_news/art_view.html?artid=201406131042561&code=920508
100,"재규어, ‘뉴 F-TYPE’ 출시…P300모델은 8000만원대",http://news.heraldcorp.com/view.php?ud=20171211000215
101,재규어 ‘뉴 F-TYPE’ 8000만원대 신모델 나온다,http://sports.donga.com/3/all/20171211/87683200/3
102,"'모터스포츠 혈통' 재규어 F-TYPE ""가장 진보한 스포츠카""",http://www.newsprime.co.kr/news/article.html?no=407344
103,재규어 스포츠카 F-TYPE 영감 SUV 'E-PACE' 국내 첫선,http://www.ebn.co.kr/news/view/937975
104,"[서울모터쇼] 재규어랜드로버, ‘올뉴 디스커버리·레인지로버 벨라·F-TYPE ’ 신차의 향연",http://www.viva100.com/main/view.php?key=20170330010010490
105,"재규어, F-TYPE SVR 출시 기념 '2016 재규어 레이스 아카데미 라이브' 연다",http://www.rpm9.com/news/article.html?id=20161109090009
106,"KCC오토모빌, 박병호 선수에게 ‘재규어 F-TYPE’ 지원",http://www.mt.co.kr/view/mtview.php?type=1&no=2015122916174960849&outlink=1
107,[정찬수의 시승기 - 재규어 E-PACE] 귀여운 외모에 레이싱 DNA…단단한 주행감·코너링 안정성 돋보여,http://news.heraldcorp.com/view.php?ud=20210119000681
108,재규어의 스포츠카 F-TYPE의 DNA 물려받은 'E-PACE'의 스포티한 외관 [포토],http://news20.busan.com/controller/newsController.jsp?newsId=20180416000217
109,[주목! 이차] 재규어 F-TYPE R AWD 쿠페,https://news.naver.com/main/read.naver?mode=LSD&mid=sec&sid1=101&oid=011&aid=0002697548
110,"재규어, 모터스포츠 혈통 스포츠카 '뉴 F-TYPE' 출시",http://www.etnews.com/20171211000210
111,재규어 ‘뉴 F-TYPE’ 8000만원대 신모델 나온다,http://sports.donga.com/3/all/20171211/87683200/3
112,"'모터스포츠 혈통' 재규어 F-TYPE ""가장 진보한 스포츠카""",http://www.newsprime.co.kr/news/article.html?no=407344
113,재규어 스포츠카 F-TYPE 영감 SUV 'E-PACE' 국내 첫선,http://www.ebn.co.kr/news/view/937975
114,"[서울모터쇼] 재규어랜드로버, ‘올뉴 디스커버리·레인지로버 벨라·F-TYPE ’ 신차의 향연",http://www.viva100.com/main/view.php?key=20170330010010490
115,"재규어, F-TYPE SVR 출시 기념 '2016 재규어 레이스 아카데미 라이브' 연다",http://www.rpm9.com/news/article.html?id=20161109090009
116,"KCC오토모빌, 박병호 선수에게 ‘재규어 F-TYPE’ 지원",http://www.mt.co.kr/view/mtview.php?type=1&no=2015122916174960849&outlink=1
117,[정찬수의 시승기 - 재규어 E-PACE] 귀여운 외모에 레이싱 DNA…단단한 주행감·코너링 안정성 돋보여,http://news.heraldcorp.com/view.php?ud=20210119000681
118,재규어의 스포츠카 F-TYPE의 DNA 물려받은 'E-PACE'의 스포티한 외관 [포토],http://news20.busan.com/controller/newsController.jsp?newsId=20180416000217
119,[주목! 이차] 재규어 F-TYPE R AWD 쿠페,https://news.naver.com/main/read.naver?mode=LSD&mid=sec&sid1=101&oid=011&aid=0002697548
120,재규어 스포츠카 F-TYPE 영감 SUV 'E-PACE' 국내 첫선,http://www.ebn.co.kr/news/view/937975
121,재규어 `뉴 F-TYPE` 국내 출시...8880만원부터,http://www.gpkorea.com/bbs/board.php?bo_table=gp_motorsports&wr_id=19109
122,"[서울모터쇼] 재규어랜드로버, ‘올뉴 디스커버리·레인지로버 벨라·F-TYPE ’ 신차의 향연",http://www.viva100.com/main/view.php?key=20170330010010490
123,"재규어, F-TYPE SVR 출시 기념 '2016 재규어 레이스 아카데미 라이브' 연다",http://www.rpm9.com/news/article.html?id=20161109090009
124,"KCC오토모빌, 박병호 선수에게 ‘재규어 F-TYPE’ 지원",http://www.mt.co.kr/view/mtview.php?type=1&no=2015122916174960849&outlink=1
125,[정찬수의 시승기 - 재규어 E-PACE] 귀여운 외모에 레이싱 DNA…단단한 주행감·코너링 안정성 돋보여,http://news.heraldcorp.com/view.php?ud=20210119000681
126,재규어의 스포츠카 F-TYPE의 DNA 물려받은 'E-PACE'의 스포티한 외관 [포토],http://news20.busan.com/controller/newsController.jsp?newsId=20180416000217
127,[주목! 이차] 재규어 F-TYPE R AWD 쿠페,https://news.naver.com/main/read.naver?mode=LSD&mid=sec&sid1=101&oid=011&aid=0002697548
128,"재규어 스포츠카, 신형 F-TYPE 10개 라인업 내놓았다",http://sports.hankooki.com/lpage/economy/201506/sp20150611174514136990.htm
129,"재규어코리아, 2016년형 ‘F-TYPE’ 풀라인업 출시…9천880만원부터",http://www.ebn.co.kr/news/view/766078
130,재규어 'F-TYPE SVR' 출시기념 아카데미 열어,http://www.newscj.com/news/articleView.html?idxno=385747
131,재규어 ‘뉴 F-TYPE’ 출시,http://www.naeil.com/news_view/?id_art=259564
132,"KCC오토모빌, 박병호 선수에게 ‘재규어 F-TYPE’ 지원",http://www.mt.co.kr/view/mtview.php?type=1&no=2015122916174960849&outlink=1
133,[정찬수의 시승기 - 재규어 E-PACE] 귀여운 외모에 레이싱 DNA…단단한 주행감·코너링 안정성 돋보여,http://news.heraldcorp.com/view.php?ud=20210119000681
134,재규어의 스포츠카 F-TYPE의 DNA 물려받은 'E-PACE'의 스포티한 외관 [포토],http://news20.busan.com/controller/newsController.jsp?newsId=20180416000217
135,[주목! 이차] 재규어 F-TYPE R AWD 쿠페,https://news.naver.com/main/read.naver?mode=LSD&mid=sec&sid1=101&oid=011&aid=0002697548
136,"재규어 스포츠카, 신형 F-TYPE 10개 라인업 내놓았다",http://sports.hankooki.com/lpage/economy/201506/sp20150611174514136990.htm
137,"재규어코리아, 2016년형 ‘F-TYPE’ 풀라인업 출시…9천880만원부터",http://www.ebn.co.kr/news/view/766078
138,[CAR톡]국내에 단 7대만 판매하는 최강의 재규어 F-TYPE 프로젝트 7,http://www.sportsseoul.com/?c=v&m=n&i=193302
139,[SS포토]국내에 첫 선 보이는 재규어 F-TYPE 프로젝트 7과 레인지로버 SVR,http://www.sportsseoul.com/?c=v&m=n&i=193227
140,"재규어 스포츠카, 신형 F-TYPE 풀 라인업 공개",http://news.mk.co.kr/news_forward.php?domain=news&no=555945&year=2015
141,[CAR톡]국내에 단 7대만 판매하는 최강의 재규어 F-TYPE 프로젝트 7,http://www.sportsseoul.com/?c=v&m=n&i=193302
142,[SS포토]국내에 첫 선 보이는 재규어 F-TYPE 프로젝트 7과 레인지로버 SVR,http://www.sportsseoul.com/?c=v&m=n&i=193227
143,‘재규어 F-TYPE 프로젝트 7·레인지로버 스포츠 SVR’ 4월 서울서 공개,http://www.newsway.co.kr/view.php?tp=1&ud=2015032413452334117
144,"재규어 F-TYPE 쿠페, 2015 한국 올해의 차 디자인 상 수상",https://news.naver.com/main/read.naver?mode=LSD&mid=sec&sid1=101&oid=011&aid=0002634426
145,"'2015 한국에서 가장 아름다운 차', 재규어 F-TYPE 쿠페",http://biz.heraldcorp.com/view.php?ud=20150129000114
146,"[수입車단신]재규어 코리아, '뉴 F-TYPE' 출시 外",http://www.newsis.com/view/?id=NISX20171211_0000172713&cID=13001&pID=13000
147,"재규어 랜드로버, 국내 7대 판매 'F-TYPE 프로젝트 7' 공개",http://www.osen.co.kr/article/G1110115290
148,"[사진]재규어 F-TYPE 프로젝트 7,'우아함이 철철'",http://www.osen.co.kr/article/G1110115327
149,가수 비와 크리스탈은 재규어 F-TYPE를 탄다,http://www.egreennews.com/news/articleView.html?idxno=115874
150,"재규어, 신형 스포츠카 'F-TYPE' 출시…수동쿠페 9880만원",http://www.mt.co.kr/view/mtview.php?type=1&no=2015061009341436310&outlink=1
151,[CAR톡]국내에 단 7대만 판매하는 최강의 재규어 F-TYPE 프로젝트 7,http://www.sportsseoul.com/?c=v&m=n&i=193302
152,[SS포토]국내에 첫 선 보이는 재규어 F-TYPE 프로젝트 7과 레인지로버 SVR,http://www.sportsseoul.com/?c=v&m=n&i=193227
153,‘재규어 F-TYPE 프로젝트 7·레인지로버 스포츠 SVR’ 4월 서울서 공개,http://www.newsway.co.kr/view.php?tp=1&ud=2015032413452334117
154,"재규어 F-TYPE 쿠페, 2015 한국 올해의 차 디자인 상 수상",https://news.naver.com/main/read.naver?mode=LSD&mid=sec&sid1=101&oid=011&aid=0002634426
155,"'2015 한국에서 가장 아름다운 차', 재규어 F-TYPE 쿠페",http://biz.heraldcorp.com/view.php?ud=20150129000114
156,"[수입車단신]재규어 코리아, '뉴 F-TYPE' 출시 外",http://www.newsis.com/view/?id=NISX20171211_0000172713&cID=13001&pID=13000
157,"재규어 랜드로버, 국내 7대 판매 'F-TYPE 프로젝트 7' 공개",http://www.osen.co.kr/article/G1110115290
158,"[사진]재규어 F-TYPE 프로젝트 7,'우아함이 철철'",http://www.osen.co.kr/article/G1110115327
159,가수 비와 크리스탈은 재규어 F-TYPE를 탄다,http://www.egreennews.com/news/articleView.html?idxno=115874
160,[CAR톡]국내에 단 7대만 판매하는 최강의 재규어 F-TYPE 프로젝트 7,http://www.sportsseoul.com/?c=v&m=n&i=193302
161,[SS포토]국내에 첫 선 보이는 재규어 F-TYPE 프로젝트 7과 레인지로버 SVR,http://www.sportsseoul.com/?c=v&m=n&i=193227
162,‘재규어 F-TYPE 프로젝트 7·레인지로버 스포츠 SVR’ 4월 서울서 공개,http://www.newsway.co.kr/view.php?tp=1&ud=2015032413452334117
163,"재규어 F-TYPE 쿠페, 2015 한국 올해의 차 디자인 상 수상",https://news.naver.com/main/read.naver?mode=LSD&mid=sec&sid1=101&oid=011&aid=0002634426
164,"'2015 한국에서 가장 아름다운 차', 재규어 F-TYPE 쿠페",http://biz.heraldcorp.com/view.php?ud=20150129000114
165,"재규어, 신형 스포츠카 F-TYPE 풀 라인업 공개",http://www.consumernews.co.kr/?mod=news&act=articleView&idxno=502968
166,"[수입車단신]재규어 코리아, '뉴 F-TYPE' 출시 外",http://www.newsis.com/view/?id=NISX20171211_0000172713&cID=13001&pID=13000
167,"재규어 랜드로버, 국내 7대 판매 'F-TYPE 프로젝트 7' 공개",http://www.osen.co.kr/article/G1110115290
168,"[사진]재규어 F-TYPE 프로젝트 7,'우아함이 철철'",http://www.osen.co.kr/article/G1110115327
169,가수 비와 크리스탈은 재규어 F-TYPE를 탄다,http://www.egreennews.com/news/articleView.html?idxno=115874
170,"재규어 F-TYPE 쿠페, '2015 한국 올해의 차' 디자인상 수상",http://www.ebn.co.kr/news/view/735636
171,"재규어, 신형 스포츠카 F-TYPE 풀 라인업 공개",http://www.consumernews.co.kr/?mod=news&act=articleView&idxno=502968
172,"[수입車단신]재규어 코리아, '뉴 F-TYPE' 출시 外",http://www.newsis.com/view/?id=NISX20171211_0000172713&cID=13001&pID=13000
173,"재규어 랜드로버, 국내 7대 판매 'F-TYPE 프로젝트 7' 공개",http://www.osen.co.kr/article/G1110115290
174,"[사진]재규어 F-TYPE 프로젝트 7,'우아함이 철철'",http://www.osen.co.kr/article/G1110115327
175,[NW포토]전설적인 레이싱카의 현대판 ‘재규어 F-TYPE 프로젝트 7’,http://www.newsway.co.kr/view.php?tp=1&ud=2015040116170035569
176,가수 비와 크리스탈은 재규어 F-TYPE를 탄다,http://www.egreennews.com/news/articleView.html?idxno=115874
177,[SS포토]국내에 단 7대 판매되는 재규어 F-TYPE 프로젝트 7 공개,http://www.sportsseoul.com/?c=v&m=n&i=193221
178,"국토부, 쌍용차 코란도ㆍ재규어 F-Type 등 6995대 리콜",http://www.newspim.com/news/view/20161130000325
179,"재규어, 리미티드 에디션 `F-TYPE 프로젝트 7` 국내 예약 판매 시작",http://www.edaily.co.kr/news/newspath.asp?newsid=01767926606159768
180,[NW포토]‘재규어 F-TYPE 프로젝트 7’ 전세계 250대 한정…국내에는 오직 7대,http://www.newsway.co.kr/view.php?tp=1&ud=2015040116202951928
181,가수 비와 크리스탈은 재규어 F-TYPE를 탄다,http://www.egreennews.com/news/articleView.html?idxno=115874
182,[SS포토]국내에 단 7대 판매되는 재규어 F-TYPE 프로젝트 7 공개,http://www.sportsseoul.com/?c=v&m=n&i=193221
183,"국토부, 쌍용차 코란도ㆍ재규어 F-Type 등 6995대 리콜",http://www.newspim.com/news/view/20161130000325
184,"재규어, 리미티드 에디션 `F-TYPE 프로젝트 7` 국내 예약 판매 시작",http://www.edaily.co.kr/news/newspath.asp?newsid=01767926606159768
185,"재규어 코리아, F-TYPE 쿠페 출시 ‘역동적 성능-매혹적 디자인’",http://fashion.mk.co.kr/view.php?no=885161&year=2014
186,재규어 F-TYPE 쿠페 '한국 올해의 차 디자인 상' 수상 이벤트,http://sports.hankooki.com/lpage/economy/201501/sp20150129160320136990.htm
187,"""멋지다"" 재규어 F-type…스피드狂 스티브 매퀸의 숨결 오롯이",http://www.hankyung.com/news/app/newsview.php?aid=2014062575591
188,"재규어 코리아, F-TYPE 쿠페 출시",http://www.sportsworldi.com/content/html/2014/06/13/20140613001591.html?OutUrl=naver
189,"[부산국제모터쇼] 재규어, 100% 알루미늄 보디 적용한 'F-TYPE 쿠페' 공개",http://kr.aving.net/news/view.php?articleId=937182&Branch_ID=kr&rssid=naver&mn_name=news
190,"리미티드 에디션 ‘재규어 F-TYPE 프로젝트 7’, 국내 예약 판매",http://www.osen.co.kr/article/G1109916734
191,"재규어 코리아, F-TYPE 쿠페 출시 ‘역동적 성능-매혹적 디자인’",http://fashion.mk.co.kr/view.php?no=885161&year=2014
192,재규어 F-TYPE 쿠페 '한국 올해의 차 디자인 상' 수상 이벤트,http://sports.hankooki.com/lpage/economy/201501/sp20150129160320136990.htm
193,"""멋지다"" 재규어 F-type…스피드狂 스티브 매퀸의 숨결 오롯이",http://www.hankyung.com/news/app/newsview.php?aid=2014062575591
194,"재규어 코리아, F-TYPE 쿠페 출시",http://www.sportsworldi.com/content/html/2014/06/13/20140613001591.html?OutUrl=naver
195,"[부산국제모터쇼] 재규어, 100% 알루미늄 보디 적용한 'F-TYPE 쿠페' 공개",http://kr.aving.net/news/view.php?articleId=937182&Branch_ID=kr&rssid=naver&mn_name=news
196,"[2014 부산모터쇼]재규어랜드로버, ‘F-TYPE 쿠페·레인지로버 LWB’ 첫 공개",http://www.ebn.co.kr/news/view/684896
197,"[부산모터쇼] 재규어 랜드로버, F-TYPE 쿠페 공개",http://www.newspim.com/common/redirect.jsp?newsId=20140529000213
198,"2014 부산 국제 모터쇼, 사진만 봐도 심장이 뛰는 '재규어 F-Type'",http://mbn.mk.co.kr/pages/news/newsView.php?category=mbn00013&news_seq_no=1812472
199,"재규어 랜드로버, F-TYPE 쿠페 등 3개 모델 국내 첫 공개 예정",http://news.mk.co.kr/news_forward.php?domain=news&no=778197&year=2014
200,재규어 F-TYPE 프로젝트 7 국내 예약,http://ilyo.co.kr/?ac=article_view&entry_id=86599
201,"재규어 코리아, F-TYPE 쿠페 출시 ‘역동적 성능-매혹적 디자인’",http://fashion.mk.co.kr/view.php?no=885161&year=2014
202,재규어 F-TYPE 쿠페 '한국 올해의 차 디자인 상' 수상 이벤트,http://sports.hankooki.com/lpage/economy/201501/sp20150129160320136990.htm
203,"""멋지다"" 재규어 F-type…스피드狂 스티브 매퀸의 숨결 오롯이",http://www.hankyung.com/news/app/newsview.php?aid=2014062575591
204,"재규어 코리아, F-TYPE 쿠페 출시",http://www.sportsworldi.com/content/html/2014/06/13/20140613001591.html?OutUrl=naver
205,"[부산국제모터쇼] 재규어, 100% 알루미늄 보디 적용한 'F-TYPE 쿠페' 공개",http://kr.aving.net/news/view.php?articleId=937182&Branch_ID=kr&rssid=naver&mn_name=news
206,"[2014 부산모터쇼]재규어랜드로버, ‘F-TYPE 쿠페·레인지로버 LWB’ 첫 공개",http://www.ebn.co.kr/news/view/684896
207,"[부산모터쇼] 재규어 랜드로버, F-TYPE 쿠페 공개",http://www.newspim.com/common/redirect.jsp?newsId=20140529000213
208,"2014 부산 국제 모터쇼, 사진만 봐도 심장이 뛰는 '재규어 F-Type'",http://mbn.mk.co.kr/pages/news/newsView.php?category=mbn00013&news_seq_no=1812472
209,"재규어 랜드로버, F-TYPE 쿠페 등 3개 모델 국내 첫 공개 예정",http://news.mk.co.kr/news_forward.php?domain=news&no=778197&year=2014
210,재규어 양산 모델 중 가장 강력한 2인승 컨버터블 'F-TYPE 프로젝트 7' 공개,http://kr.aving.net/news/view.php?articleId=982775&Branch_ID=kr&rssid=naver&mn_name=news
211,"재규어 코리아, F-TYPE 쿠페 출시",http://www.sportsworldi.com/content/html/2014/06/13/20140613001591.html?OutUrl=naver
212,"[부산국제모터쇼] 재규어, 100% 알루미늄 보디 적용한 'F-TYPE 쿠페' 공개",http://kr.aving.net/news/view.php?articleId=937182&Branch_ID=kr&rssid=naver&mn_name=news
213,"[2014 부산모터쇼]재규어랜드로버, ‘F-TYPE 쿠페·레인지로버 LWB’ 첫 공개",http://www.ebn.co.kr/news/view/684896
214,"[부산모터쇼] 재규어 랜드로버, F-TYPE 쿠페 공개",http://www.newspim.com/common/redirect.jsp?newsId=20140529000213
215,"2014 부산 국제 모터쇼, 사진만 봐도 심장이 뛰는 '재규어 F-Type'",http://mbn.mk.co.kr/pages/news/newsView.php?category=mbn00013&news_seq_no=1812472
216,"재규어 랜드로버, F-TYPE 쿠페 등 3개 모델 국내 첫 공개 예정",http://news.mk.co.kr/news_forward.php?domain=news&no=778197&year=2014
217,"[시승기] 재규어 ‘F-TYPE’, 액셀 밟자 ‘쿵쾅쾅’ 시속 100km까지 4.9초",http://www.fnnews.com/view?ra=Sent0601m_01A&corp=fnnews&arcid=201404250100278480014347&cDateYear=2014&cDateMonth=04&cDateDay=24&
218,[더 센 놈들이 온다] 재규어 F-TYPE 쿠페/5.0L V8 슈퍼차저 엔진 탑재 ‘다이내믹’,http://www.fnnews.com/view?ra=Sent0601m_01A&corp=fnnews&arcid=201403210100219310011540&cDateYear=2014&cDateMonth=03&cDateDay=20&
219,재규어 'F-TYPE쿠페' 예약판매… 9840만~1억7150만원,http://www.newscj.com/news/articleView.html?idxno=231572
220,"역동적인 성능, 매혹적인 디자인을 갖춘 재규어 F-TYPE 쿠페 공식 출시",http://www.tvreport.co.kr/?c=news&m=newsview&idx=515444
221,"[부산국제모터쇼] 재규어, 100% 알루미늄 보디 적용한 'F-TYPE 쿠페' 공개",http://kr.aving.net/news/view.php?articleId=937182&Branch_ID=kr&rssid=naver&mn_name=news
222,"[2014 부산모터쇼]재규어랜드로버, ‘F-TYPE 쿠페·레인지로버 LWB’ 첫 공개",http://www.ebn.co.kr/news/view/684896
223,"[부산모터쇼] 재규어 랜드로버, F-TYPE 쿠페 공개",http://www.newspim.com/common/redirect.jsp?newsId=20140529000213
224,"2014 부산 국제 모터쇼, 사진만 봐도 심장이 뛰는 '재규어 F-Type'",http://mbn.mk.co.kr/pages/news/newsView.php?category=mbn00013&news_seq_no=1812472
225,"재규어 랜드로버, F-TYPE 쿠페 등 3개 모델 국내 첫 공개 예정",http://news.mk.co.kr/news_forward.php?domain=news&no=778197&year=2014
226,"[시승기] 재규어 ‘F-TYPE’, 액셀 밟자 ‘쿵쾅쾅’ 시속 100km까지 4.9초",http://www.fnnews.com/view?ra=Sent0601m_01A&corp=fnnews&arcid=201404250100278480014347&cDateYear=2014&cDateMonth=04&cDateDay=24&
227,[더 센 놈들이 온다] 재규어 F-TYPE 쿠페/5.0L V8 슈퍼차저 엔진 탑재 ‘다이내믹’,http://www.fnnews.com/view?ra=Sent0601m_01A&corp=fnnews&arcid=201403210100219310011540&cDateYear=2014&cDateMonth=03&cDateDay=20&
228,재규어 'F-TYPE쿠페' 예약판매… 9840만~1억7150만원,http://www.newscj.com/news/articleView.html?idxno=231572
229,[포토]'재규어 F-TYPE 프로젝트 7' 출시,http://www.edaily.co.kr/news/newspath.asp?newsid=02873286609331856
230,재규어 ‘F-TYPE 쿠페’ 3종 시판,http://www.khan.co.kr/kh_news/art_view.html?artid=201406131139491&code=920508
231,"[부산국제모터쇼] 재규어, 100% 알루미늄 보디 적용한 'F-TYPE 쿠페' 공개",http://kr.aving.net/news/view.php?articleId=937182&Branch_ID=kr&rssid=naver&mn_name=news
232,"[2014 부산모터쇼]재규어랜드로버, ‘F-TYPE 쿠페·레인지로버 LWB’ 첫 공개",http://www.ebn.co.kr/news/view/684896
233,"[부산모터쇼] 재규어 랜드로버, F-TYPE 쿠페 공개",http://www.newspim.com/common/redirect.jsp?newsId=20140529000213
234,"2014 부산 국제 모터쇼, 사진만 봐도 심장이 뛰는 '재규어 F-Type'",http://mbn.mk.co.kr/pages/news/newsView.php?category=mbn00013&news_seq_no=1812472
235,"재규어 랜드로버, F-TYPE 쿠페 등 3개 모델 국내 첫 공개 예정",http://news.mk.co.kr/news_forward.php?domain=news&no=778197&year=2014
236,"[시승기] 재규어 ‘F-TYPE’, 액셀 밟자 ‘쿵쾅쾅’ 시속 100km까지 4.9초",http://www.fnnews.com/view?ra=Sent0601m_01A&corp=fnnews&arcid=201404250100278480014347&cDateYear=2014&cDateMonth=04&cDateDay=24&
237,[더 센 놈들이 온다] 재규어 F-TYPE 쿠페/5.0L V8 슈퍼차저 엔진 탑재 ‘다이내믹’,http://www.fnnews.com/view?ra=Sent0601m_01A&corp=fnnews&arcid=201403210100219310011540&cDateYear=2014&cDateMonth=03&cDateDay=20&
238,재규어 'F-TYPE쿠페' 예약판매… 9840만~1억7150만원,http://www.newscj.com/news/articleView.html?idxno=231572
239,[포토]'재규어 F-TYPE 프로젝트 7' 출시,http://www.edaily.co.kr/news/newspath.asp?newsid=02873286609331856
240,"[2014 부산모터쇼]재규어랜드로버, ‘F-TYPE 쿠페·레인지로버 LWB’ 첫 공개",http://www.ebn.co.kr/news/view/684896
241,"[부산모터쇼] 재규어 랜드로버, F-TYPE 쿠페 공개",http://www.newspim.com/common/redirect.jsp?newsId=20140529000213
242,"2014 부산 국제 모터쇼, 사진만 봐도 심장이 뛰는 '재규어 F-Type'",http://mbn.mk.co.kr/pages/news/newsView.php?category=mbn00013&news_seq_no=1812472
243,"재규어 랜드로버, F-TYPE 쿠페 등 3개 모델 국내 첫 공개 예정",http://news.mk.co.kr/news_forward.php?domain=news&no=778197&year=2014
244,"[시승기] 재규어 ‘F-TYPE’, 액셀 밟자 ‘쿵쾅쾅’ 시속 100km까지 4.9초",http://www.fnnews.com/view?ra=Sent0601m_01A&corp=fnnews&arcid=201404250100278480014347&cDateYear=2014&cDateMonth=04&cDateDay=24&
245,[더 센 놈들이 온다] 재규어 F-TYPE 쿠페/5.0L V8 슈퍼차저 엔진 탑재 ‘다이내믹’,http://www.fnnews.com/view?ra=Sent0601m_01A&corp=fnnews&arcid=201403210100219310011540&cDateYear=2014&cDateMonth=03&cDateDay=20&
246,재규어 'F-TYPE쿠페' 예약판매… 9840만~1억7150만원,http://www.newscj.com/news/articleView.html?idxno=231572
247,[포토]'재규어 F-TYPE 프로젝트 7' 출시,http://www.edaily.co.kr/news/newspath.asp?newsid=02873286609331856
248,"재규어랜드로버, 'F-TYPE 쿠페' 도쿄서 아시아 첫 선",http://www.osen.co.kr/article/G1109725927
249,재규어 스포츠카 ‘신형 F-TYPE’ 판매 시작,http://biz.heraldcorp.com/view.php?ud=20150610000244
250,[시승기]심장을 뛰게 하는 재규어 ‘F-TYPE’,http://www.fnnews.com/view?ra=Sent0601m_01A&corp=fnnews&arcid=201404240100276340014009&cDateYear=2014&cDateMonth=04&cDateDay=24&
251,[더 센 놈들이 온다] 재규어 F-TYPE 쿠페/5.0L V8 슈퍼차저 엔진 탑재 ‘다이내믹’,http://www.fnnews.com/view?ra=Sent0601m_01A&corp=fnnews&arcid=201403210100219310011540&cDateYear=2014&cDateMonth=03&cDateDay=20&
252,재규어 'F-TYPE쿠페' 예약판매… 9840만~1억7150만원,http://www.newscj.com/news/articleView.html?idxno=231572
253,[포토]'재규어 F-TYPE 프로젝트 7' 출시,http://www.edaily.co.kr/news/newspath.asp?newsid=02873286609331856
254,"재규어랜드로버, 'F-TYPE 쿠페' 도쿄서 아시아 첫 선",http://www.osen.co.kr/article/G1109725927
255,재규어 스포츠카 ‘신형 F-TYPE’ 판매 시작,http://biz.heraldcorp.com/view.php?ud=20150610000244
256,"재규어 F-TYPE, ‘2013 우수디자인’ 국무총리상 수상",http://www.sportsworldi.com/Articles/LeisureLife/Article.asp?aid=20131008021371&OutUrl=naver
257,"재규어, 2인승 컨버터블 스포츠카 F-TYPE 국내 공식 출시",http://www.sportsworldi.com/Articles/LeisureLife/Article.asp?aid=20130806020625&OutUrl=naver
258,이안 칼럼이 디자인한 재규어 스포츠카 'F-TYPE' 모습은?,http://kr.aving.net/news/view.php?articleId=719896&Branch_ID=kr&rssid=naver&mn_name=news
259,"재규어 ""F-TYPE 올해 100대 팔겠다""",http://www.newsis.com/ar_detail/view.html?ar_id=NISX20130805_0012269186&cID=10401&pID=10400
260,"재규어, F-TYPE 쿠페 사전 예약 개시",http://www.newspim.com/common/redirect.jsp?newsId=20140318000207
261,[포토]'재규어 F-TYPE 프로젝트 7' 출시,http://www.edaily.co.kr/news/newspath.asp?newsid=02873286609331856
262,"재규어랜드로버, 'F-TYPE 쿠페' 도쿄서 아시아 첫 선",http://www.osen.co.kr/article/G1109725927
263,재규어 스포츠카 ‘신형 F-TYPE’ 판매 시작,http://biz.heraldcorp.com/view.php?ud=20150610000244
264,"재규어 F-TYPE, ‘2013 우수디자인’ 국무총리상 수상",http://www.sportsworldi.com/Articles/LeisureLife/Article.asp?aid=20131008021371&OutUrl=naver
265,"재규어, 2인승 컨버터블 스포츠카 F-TYPE 국내 공식 출시",http://www.sportsworldi.com/Articles/LeisureLife/Article.asp?aid=20130806020625&OutUrl=naver
266,이안 칼럼이 디자인한 재규어 스포츠카 'F-TYPE' 모습은?,http://kr.aving.net/news/view.php?articleId=719896&Branch_ID=kr&rssid=naver&mn_name=news
267,"재규어 ""F-TYPE 올해 100대 팔겠다""",http://www.newsis.com/ar_detail/view.html?ar_id=NISX20130805_0012269186&cID=10401&pID=10400
268,"[포토]세상에서 가장 아름다운 스포츠카, 재규어 F-TYPE",http://www.newdaily.co.kr/news/article.html?no=165350
269,[SS포토]모델이 살짝 걸터앉은 재규어 F-TYPE 프로젝트 7의 가격이...,http://www.sportsseoul.com/?c=v&m=n&i=193222
270,"100% 알루미늄 차체, 재규어 F-TYPE 쿠페 출시…최고 1억7150만원",http://www.segye.com/content/html/2014/03/18/20140318001306.html?OutUrl=naver
271,[포토]'재규어 F-TYPE 프로젝트 7' 출시,http://www.edaily.co.kr/news/newspath.asp?newsid=02873286609331856
272,"재규어랜드로버, 'F-TYPE 쿠페' 도쿄서 아시아 첫 선",http://www.osen.co.kr/article/G1109725927
273,재규어 스포츠카 ‘신형 F-TYPE’ 판매 시작,http://biz.heraldcorp.com/view.php?ud=20150610000244
274,"재규어 F-TYPE, ‘2013 우수디자인’ 국무총리상 수상",http://www.sportsworldi.com/Articles/LeisureLife/Article.asp?aid=20131008021371&OutUrl=naver
275,"재규어, 2인승 컨버터블 스포츠카 F-TYPE 국내 공식 출시",http://www.sportsworldi.com/Articles/LeisureLife/Article.asp?aid=20130806020625&OutUrl=naver
276,이안 칼럼이 디자인한 재규어 스포츠카 'F-TYPE' 모습은?,http://kr.aving.net/news/view.php?articleId=719896&Branch_ID=kr&rssid=naver&mn_name=news
277,"재규어 ""F-TYPE 올해 100대 팔겠다""",http://www.newsis.com/ar_detail/view.html?ar_id=NISX20130805_0012269186&cID=10401&pID=10400
278,"[포토]세상에서 가장 아름다운 스포츠카, 재규어 F-TYPE",http://www.newdaily.co.kr/news/article.html?no=165350
279,[SS포토]모델이 살짝 걸터앉은 재규어 F-TYPE 프로젝트 7의 가격이...,http://www.sportsseoul.com/?c=v&m=n&i=193222
280,"재규어랜드로버, 'F-TYPE 쿠페' 도쿄서 아시아 첫 선",http://www.osen.co.kr/article/G1109725927
281,재규어 스포츠카 ‘신형 F-TYPE’ 판매 시작,http://biz.heraldcorp.com/view.php?ud=20150610000244
282,"재규어 F-TYPE, ‘2013 우수디자인’ 국무총리상 수상",http://www.sportsworldi.com/Articles/LeisureLife/Article.asp?aid=20131008021371&OutUrl=naver
283,"재규어, 2인승 컨버터블 스포츠카 F-TYPE 국내 공식 출시",http://www.sportsworldi.com/Articles/LeisureLife/Article.asp?aid=20130806020625&OutUrl=naver
284,이안 칼럼이 디자인한 재규어 스포츠카 'F-TYPE' 모습은?,http://kr.aving.net/news/view.php?articleId=719896&Branch_ID=kr&rssid=naver&mn_name=news
285,"재규어 ""F-TYPE 올해 100대 팔겠다""",http://www.newsis.com/ar_detail/view.html?ar_id=NISX20130805_0012269186&cID=10401&pID=10400
286,"[포토]세상에서 가장 아름다운 스포츠카, 재규어 F-TYPE",http://www.newdaily.co.kr/news/article.html?no=165350
287,[SS포토]모델이 살짝 걸터앉은 재규어 F-TYPE 프로젝트 7의 가격이...,http://www.sportsseoul.com/?c=v&m=n&i=193222
288,"재규어 스포츠카 F-TYPE, 8월 출시 ‘하반기 라인업 공개’",http://www.mydaily.co.kr/new_yk/html/read.php?newsid=201306270936204438&ext=na
289,"재규어 F-TYPE, 2015 한국 올해의차 디자인상 수상",http://www.newscj.com/news/articleView.html?idxno=275053
290,"재규어 F-TYPE, ‘2013 우수디자인(GD)’ 국무총리상 수상",http://www.osen.co.kr/article/G1109699420
291,"재규어, 2인승 컨버터블 스포츠카 F-TYPE 국내 공식 출시",http://www.sportsworldi.com/Articles/LeisureLife/Article.asp?aid=20130806020625&OutUrl=naver
292,이안 칼럼이 디자인한 재규어 스포츠카 'F-TYPE' 모습은?,http://kr.aving.net/news/view.php?articleId=719896&Branch_ID=kr&rssid=naver&mn_name=news
293,"재규어 ""F-TYPE 올해 100대 팔겠다""",http://www.newsis.com/ar_detail/view.html?ar_id=NISX20130805_0012269186&cID=10401&pID=10400
294,"[포토]세상에서 가장 아름다운 스포츠카, 재규어 F-TYPE",http://www.newdaily.co.kr/news/article.html?no=165350
295,[SS포토]모델이 살짝 걸터앉은 재규어 F-TYPE 프로젝트 7의 가격이...,http://www.sportsseoul.com/?c=v&m=n&i=193222
296,"재규어 스포츠카 F-TYPE, 8월 출시 ‘하반기 라인업 공개’",http://www.mydaily.co.kr/new_yk/html/read.php?newsid=201306270936204438&ext=na
297,"재규어 F-TYPE, 2015 한국 올해의차 디자인상 수상",http://www.newscj.com/news/articleView.html?idxno=275053
298,재규어 ‘F-TYPE 쿠페’ 사전 예약 판매 개시,http://sports.donga.com/3/all/20140318/61821071/3
299,"재규어 F-TYPE과 레인지로버 롱휠베이스, ‘내겐 너무 사랑스러운 그녀’에 협찬",http://www.osen.co.kr/article/G1109956198
300,"'재규어 F-TYPE', 2013 우수디자인 국무총리상 수상",http://www.newstomato.com/ReadNews.aspx?no=406752
301,"재규어, 2인승 컨버터블 스포츠카 F-TYPE 국내 공식 출시",http://www.sportsworldi.com/Articles/LeisureLife/Article.asp?aid=20130806020625&OutUrl=naver
302,이안 칼럼이 디자인한 재규어 스포츠카 'F-TYPE' 모습은?,http://kr.aving.net/news/view.php?articleId=719896&Branch_ID=kr&rssid=naver&mn_name=news
303,"재규어 ""F-TYPE 올해 100대 팔겠다""",http://www.newsis.com/ar_detail/view.html?ar_id=NISX20130805_0012269186&cID=10401&pID=10400
304,"[포토]세상에서 가장 아름다운 스포츠카, 재규어 F-TYPE",http://www.newdaily.co.kr/news/article.html?no=165350
305,[SS포토]모델이 살짝 걸터앉은 재규어 F-TYPE 프로젝트 7의 가격이...,http://www.sportsseoul.com/?c=v&m=n&i=193222
306,"재규어 스포츠카 F-TYPE, 8월 출시 ‘하반기 라인업 공개’",http://www.mydaily.co.kr/new_yk/html/read.php?newsid=201306270936204438&ext=na
307,"재규어 F-TYPE, 2015 한국 올해의차 디자인상 수상",http://www.newscj.com/news/articleView.html?idxno=275053
308,재규어 ‘F-TYPE 쿠페’ 사전 예약 판매 개시,http://sports.donga.com/3/all/20140318/61821071/3
309,"재규어 F-TYPE과 레인지로버 롱휠베이스, ‘내겐 너무 사랑스러운 그녀’에 협찬",http://www.osen.co.kr/article/G1109956198
310,"재규어, 스포츠카 F-TYPE 시판…최고 1억6000만",http://news1.kr/articles/1266704
311,"[포토]세상에서 가장 아름다운 스포츠카, 재규어 F-TYPE",http://www.newdaily.co.kr/news/article.html?no=165350
312,2인승 컨버터블 스포츠카 재규어 F-TYPE 상륙,http://www.tvreport.co.kr/?c=news&m=newsview&idx=378576
313,[SS포토]모델이 살짝 걸터앉은 재규어 F-TYPE 프로젝트 7의 가격이...,http://www.sportsseoul.com/?c=v&m=n&i=193222
314,"재규어 스포츠카 F-TYPE, 8월 출시 ‘하반기 라인업 공개’",http://www.mydaily.co.kr/new_yk/html/read.php?newsid=201306270936204438&ext=na
315,"재규어 F-TYPE, 2015 한국 올해의차 디자인상 수상",http://www.newscj.com/news/articleView.html?idxno=275053
316,재규어 ‘F-TYPE 쿠페’ 사전 예약 판매 개시,http://sports.donga.com/3/all/20140318/61821071/3
317,"재규어 F-TYPE과 레인지로버 롱휠베이스, ‘내겐 너무 사랑스러운 그녀’에 협찬",http://www.osen.co.kr/article/G1109956198
318,KCC오토모빌 | 박병호 선수에게 ‘재규어 F-TYPE’ 지원,http://news.mk.co.kr/newsRead.php?no=6038&year=2016
319,[車 데뷔하는 날]재규어 'F-TYPE'만을 위한 영화 'F-TYPE Desire',http://www.asiae.co.kr/news/view.htm?idxno=2013042610360846337
320,재규어 2인승 오픈카 ‘F-TYPE’ 출시,http://www.newspim.com/common/redirect.jsp?newsId=20130805000244
321,"재규어, 40년 만에 부활한 컨버터블 스포츠카 ‘F-TYPE’ 출시",http://www.ebn.co.kr/news/n_view.html?id=620215
322,[SS포토]모델이 살짝 걸터앉은 재규어 F-TYPE 프로젝트 7의 가격이...,http://www.sportsseoul.com/?c=v&m=n&i=193222
323,"재규어 스포츠카 F-TYPE, 8월 출시 ‘하반기 라인업 공개’",http://www.mydaily.co.kr/new_yk/html/read.php?newsid=201306270936204438&ext=na
324,"재규어 F-TYPE, 2015 한국 올해의차 디자인상 수상",http://www.newscj.com/news/articleView.html?idxno=275053
325,재규어 ‘F-TYPE 쿠페’ 사전 예약 판매 개시,http://sports.donga.com/3/all/20140318/61821071/3
326,"재규어 F-TYPE과 레인지로버 롱휠베이스, ‘내겐 너무 사랑스러운 그녀’에 협찬",http://www.osen.co.kr/article/G1109956198
327,KCC오토모빌 | 박병호 선수에게 ‘재규어 F-TYPE’ 지원,http://news.mk.co.kr/newsRead.php?no=6038&year=2016
328,[車 데뷔하는 날]재규어 'F-TYPE'만을 위한 영화 'F-TYPE Desire',http://www.asiae.co.kr/news/view.htm?idxno=2013042610360846337
329,"재규어와 리들리스콧 사단의 단편영화, F-TYPE Desire 풀버전 온라인 상영",http://www.segye.com/Articles/NEWS/ECONOMY/Article.asp?aid=20130426001487&subctg1=&subctg2=&OutUrl=naver
330,"재규어 F-TYPE, 국내 판매가격 1억400만~1억6000만원",http://www.fnnews.com/view?ra=Sent0601m_01A&corp=fnnews&arcid=201308050100036160001732&cDateYear=2013&cDateMonth=08&cDateDay=05&
331,베일 벗은 재규어 F-TYPE,http://www.ajunews.com/kor/view.jsp?newsId=20130805000508
332,[SS포토]모델이 살짝 걸터앉은 재규어 F-TYPE 프로젝트 7의 가격이...,http://www.sportsseoul.com/?c=v&m=n&i=193222
333,"재규어 스포츠카 F-TYPE, 8월 출시 ‘하반기 라인업 공개’",http://www.mydaily.co.kr/new_yk/html/read.php?newsid=201306270936204438&ext=na
334,"재규어 F-TYPE, 2015 한국 올해의차 디자인상 수상",http://www.newscj.com/news/articleView.html?idxno=275053
335,재규어 ‘F-TYPE 쿠페’ 사전 예약 판매 개시,http://sports.donga.com/3/all/20140318/61821071/3
336,"재규어 F-TYPE과 레인지로버 롱휠베이스, ‘내겐 너무 사랑스러운 그녀’에 협찬",http://www.osen.co.kr/article/G1109956198
337,KCC오토모빌 | 박병호 선수에게 ‘재규어 F-TYPE’ 지원,http://news.mk.co.kr/newsRead.php?no=6038&year=2016
338,[車 데뷔하는 날]재규어 'F-TYPE'만을 위한 영화 'F-TYPE Desire',http://www.asiae.co.kr/news/view.htm?idxno=2013042610360846337
339,"재규어와 리들리스콧 사단의 단편영화, F-TYPE Desire 풀버전 온라인 상영",http://www.segye.com/Articles/NEWS/ECONOMY/Article.asp?aid=20130426001487&subctg1=&subctg2=&OutUrl=naver
340,"재규어 F-TYPE, 2015 한국 올해의차 디자인상 수상",http://www.newscj.com/news/articleView.html?idxno=275053
341,재규어 ‘F-TYPE 쿠페’ 사전 예약 판매 개시,http://sports.donga.com/3/all/20140318/61821071/3
342,"재규어 F-TYPE과 레인지로버 롱휠베이스, ‘내겐 너무 사랑스러운 그녀’에 협찬",http://www.osen.co.kr/article/G1109956198
343,KCC오토모빌 | 박병호 선수에게 ‘재규어 F-TYPE’ 지원,http://news.mk.co.kr/newsRead.php?no=6038&year=2016
344,[車 데뷔하는 날]재규어 'F-TYPE'만을 위한 영화 'F-TYPE Desire',http://www.asiae.co.kr/news/view.htm?idxno=2013042610360846337
345,"재규어와 리들리스콧 사단의 단편영화, F-TYPE Desire 풀버전 온라인 상영",http://www.segye.com/Articles/NEWS/ECONOMY/Article.asp?aid=20130426001487&subctg1=&subctg2=&OutUrl=naver
346,"올해의 자동차 디자인에 뽑힌 이 차, 재규어 F-TYPE의 강렬 자태",http://sports.chosun.com/news/ntype.htm?id=201304040100034550002366&servicedate=20130404
347,"[2013 서울모터쇼]최고의 디자인, 재규어 F-TYPE... “인테리어를 살펴보니”",http://economy.donga.com/dongAuto/3/0111/20130403/54172200/2
348,"재규어 F-TYPE, 한국 데뷔하자마자 ‘올해의 디자인’",http://www.osen.co.kr/article/G1109567319
349,재규어의 아버지 이안 칼럼이 디자인한 스포츠카 'F-TYPE' 는 어떤 모델?,http://kr.aving.net/news/view.php?articleId=609198&Branch_ID=kr&rssid=naver&mn_name=news
350,"재규어, 신모델 담은 단편영화 'F-TYPE Desire' 공개",http://www.newstomato.com/ReadNews.aspx?no=358171
351,"올해의 자동차 디자인에 뽑힌 이 차, 재규어 F-TYPE의 강렬 자태",http://sports.chosun.com/news/ntype.htm?id=201304040100034550002366&servicedate=20130404
352,"[2013 서울모터쇼]최고의 디자인, 재규어 F-TYPE... “인테리어를 살펴보니”",http://economy.donga.com/dongAuto/3/0111/20130403/54172200/2
353,"재규어 F-TYPE, 한국 데뷔하자마자 ‘올해의 디자인’",http://www.osen.co.kr/article/G1109567319
354,재규어의 아버지 이안 칼럼이 디자인한 스포츠카 'F-TYPE' 는 어떤 모델?,http://kr.aving.net/news/view.php?articleId=609198&Branch_ID=kr&rssid=naver&mn_name=news
355,"[서울모터쇼] 스포츠카로 귀환한 재규어, ‘F-TYPE’ 국내 첫 공개",http://www.ebn.co.kr/news/n_view.html?id=597655
356,"재규어 F-TYPE 공개, 재규어 최고의 스포츠카 ‘E-TYPE 명성 그대로’[포토엔]",http://www.newsen.com/news_view.php?uid=201303111611132320
357,"[제네바 모터쇼] 재규어, FR방식의 2인승 컨버터블 스포츠카 ‘F-TYPE’공개",http://www.fnnews.com/view?ra=Sent0601m_01A&corp=fnnews&arcid=201303070100067830003479&cDateYear=2013&cDateMonth=03&cDateDay=07&
358,"재규어 신모델 'F-TYPE', 거장 리들리 스콧 영화로 첫선",http://www.osen.co.kr/article/G1109538687
359,"재규어 랜드로버 코리아, F-TYPE 쿠페 등 8종 부산모터쇼 공개",http://www.nspna.com/news/?mode=view&newsid=90470
360,"[서울모터쇼] 스포츠카로 귀환한 재규어, ‘F-TYPE’ 국내 첫 공개",http://www.ebn.co.kr/news/n_view.html?id=597655
361,"재규어 F-TYPE 공개, 재규어 최고의 스포츠카 ‘E-TYPE 명성 그대로’[포토엔]",http://www.newsen.com/news_view.php?uid=201303111611132320
362,"[제네바 모터쇼] 재규어, FR방식의 2인승 컨버터블 스포츠카 ‘F-TYPE’공개",http://www.fnnews.com/view?ra=Sent0601m_01A&corp=fnnews&arcid=201303070100067830003479&cDateYear=2013&cDateMonth=03&cDateDay=07&
363,"재규어 신모델 'F-TYPE', 거장 리들리 스콧 영화로 첫선",http://www.osen.co.kr/article/G1109538687
364,"재규어 랜드로버 코리아, F-TYPE 쿠페 등 8종 부산모터쇼 공개",http://www.nspna.com/news/?mode=view&newsid=90470
365,"재규어 랜드로버 F-TYPE, 재규어 역사상 가장 아름다운 스포츠카[포토엔]",http://www.newsen.com/news_view.php?uid=201209281519462310
366,"재규어코리아, 2인승 스포츠카 ‘F-TYPE’ 출시",http://www.etoday.co.kr/news/section/newsview.php?idxno=772317
367,재규어 스포츠카 ‘F-TYPE’ 최초 공개,http://news.mk.co.kr/news_forward.php?domain=news&no=397339&year=2012
368,[오토 브리핑]재규어 “‘F-TYPE’으로 영광 재현” 外,http://www.khan.co.kr/kh_news/art_view.html?artid=201204051959321&code=920508
369,"재규어, 대표 모델 'F-TYPE 쿠페' 3종 출시",https://news.naver.com/main/read.naver?mode=LSD&mid=sec&sid1=101&oid=001&aid=0006958430
370,"[제네바 모터쇼] 재규어, FR방식의 2인승 컨버터블 스포츠카 ‘F-TYPE’공개",http://www.fnnews.com/view?ra=Sent0601m_01A&corp=fnnews&arcid=201303070100067830003479&cDateYear=2013&cDateMonth=03&cDateDay=07&
371,"재규어 신모델 'F-TYPE', 거장 리들리 스콧 영화로 첫선",http://www.osen.co.kr/article/G1109538687
372,"재규어 랜드로버 코리아, F-TYPE 쿠페 등 8종 부산모터쇼 공개",http://www.nspna.com/news/?mode=view&newsid=90470
373,"재규어 랜드로버 F-TYPE, 재규어 역사상 가장 아름다운 스포츠카[포토엔]",http://www.newsen.com/news_view.php?uid=201209281519462310
374,"재규어코리아, 2인승 스포츠카 ‘F-TYPE’ 출시",http://www.etoday.co.kr/news/section/newsview.php?idxno=772317
375,재규어 스포츠카 ‘F-TYPE’ 최초 공개,http://news.mk.co.kr/news_forward.php?domain=news&no=397339&year=2012
376,[오토 브리핑]재규어 “‘F-TYPE’으로 영광 재현” 外,http://www.khan.co.kr/kh_news/art_view.html?artid=201204051959321&code=920508
377,"재규어, 대표 모델 'F-TYPE 쿠페' 3종 출시",https://news.naver.com/main/read.naver?mode=LSD&mid=sec&sid1=101&oid=001&aid=0006958430
378,"재규어 F-TYPE 쿠페, 도쿄모터쇼서 아시아 최초 공개",http://www.edaily.co.kr/news/newspath.asp?newsid=01869606603006048
379,[포토] 재규어 F-TYPE 프로젝트의 날렵한 뒤태,http://www.asiatoday.co.kr/view.php?key=20150401010000412
380,"[파리모터쇼]""역시 재규어""...더 날렵해진 스포츠카 'F-TYPE' 첫 공개",http://www.asiae.co.kr/news/view.htm?idxno=2012092810265960999
381,"재규어코리아, 2인승 스포츠카 ‘F-TYPE’ 출시",http://www.etoday.co.kr/news/section/newsview.php?idxno=772317
382,재규어 스포츠카 ‘F-TYPE’ 최초 공개,http://news.mk.co.kr/news_forward.php?domain=news&no=397339&year=2012
383,[오토 브리핑]재규어 “‘F-TYPE’으로 영광 재현” 外,http://www.khan.co.kr/kh_news/art_view.html?artid=201204051959321&code=920508
384,"재규어, 대표 모델 'F-TYPE 쿠페' 3종 출시",https://news.naver.com/main/read.naver?mode=LSD&mid=sec&sid1=101&oid=001&aid=0006958430
385,"재규어 F-TYPE 쿠페, 도쿄모터쇼서 아시아 최초 공개",http://www.edaily.co.kr/news/newspath.asp?newsid=01869606603006048
386,[포토] 재규어 F-TYPE 프로젝트의 날렵한 뒤태,http://www.asiatoday.co.kr/view.php?key=20150401010000412
387,<단신>재규어 ‘F―TYPE 쿠페’ 사전예약 등,http://www.munhwa.com/news/view.html?no=2014031901032124272004
388,"재규어 코리아, F-TYPE 쿠페 사전 예약 판매",http://www.nocutnews.co.kr/show.asp?idx=2816184
389,위기의 재규어..F-타입 미드십 엔진(MR) 승부 통할까?,http://www.edaily.co.kr/news/newspath.asp?newsid=01669526622648656
390,"재규어, 새로운 스포츠카 ‘F-TYPE’ 양산 계획 발표",http://news.mk.co.kr/news_forward.php?domain=news&no=210570&year=2012
391,"재규어, 대표 모델 'F-TYPE 쿠페' 3종 출시",https://news.naver.com/main/read.naver?mode=LSD&mid=sec&sid1=101&oid=001&aid=0006958430
392,"재규어 F-TYPE 쿠페, 도쿄모터쇼서 아시아 최초 공개",http://www.edaily.co.kr/news/newspath.asp?newsid=01869606603006048
393,[포토] 재규어 F-TYPE 프로젝트의 날렵한 뒤태,http://www.asiatoday.co.kr/view.php?key=20150401010000412
394,<단신>재규어 ‘F―TYPE 쿠페’ 사전예약 등,http://www.munhwa.com/news/view.html?no=2014031901032124272004
395,"재규어 코리아, F-TYPE 쿠페 사전 예약 판매",http://www.nocutnews.co.kr/show.asp?idx=2816184
396,위기의 재규어..F-타입 미드십 엔진(MR) 승부 통할까?,http://www.edaily.co.kr/news/newspath.asp?newsid=01669526622648656
397,"재규어, 2인승 컨버터블 스포츠카 F-TYPE 출시(종합)",https://news.naver.com/main/read.naver?mode=LSD&mid=sec&sid1=103&oid=001&aid=0006411586
398,[경향포토]재규어 신차 F-TYPE,http://www.khan.co.kr/kh_news/art_view.html?artid=201308051052401&code=920508
399,재규어 F-TYPE의 엔진룸,http://www.newsis.com/pict_detail/view.html?pict_id=NISI20130805_0008504412
400,[포토] '재규어 F-TYPE 프로젝트 7' 공개,http://www.asiatoday.co.kr/view.php?key=20150401010000400
401,<단신>재규어 ‘F―TYPE 쿠페’ 사전예약 등,http://www.munhwa.com/news/view.html?no=2014031901032124272004
402,"재규어 코리아, F-TYPE 쿠페 사전 예약 판매",http://www.nocutnews.co.kr/show.asp?idx=2816184
403,위기의 재규어..F-타입 미드십 엔진(MR) 승부 통할까?,http://www.edaily.co.kr/news/newspath.asp?newsid=01669526622648656
404,"재규어, 2인승 컨버터블 스포츠카 F-TYPE 출시(종합)",https://news.naver.com/main/read.naver?mode=LSD&mid=sec&sid1=103&oid=001&aid=0006411586
405,[경향포토]재규어 신차 F-TYPE,http://www.khan.co.kr/kh_news/art_view.html?artid=201308051052401&code=920508
406,재규어 F-TYPE의 엔진룸,http://www.newsis.com/pict_detail/view.html?pict_id=NISI20130805_0008504412
407,"재규어 랜드로버, F-TYPE 쿠페 등 전 차종 로드쇼 개최",http://www.nspna.com/news/?mode=view&newsid=99787
408,"굿우드에 깜짝 등장, 재규어 스포츠카 ‘F-TYPE’",http://news.donga.com/3/all/20120629/47394009/2
409,"재규어, 신개념 스포츠카 F-TYPE 양산 계획 발표",http://biz.heraldm.com/common/redirect.jsp?category_id=010107041300&news_id=20120405001137
410,[경향포토]재규어 F-TYPE 신차 선보여,http://www.khan.co.kr/kh_news/art_view.html?artid=201308051051221&code=920401
411,재규어 F-TYPE의 엔진룸,http://www.newsis.com/pict_detail/view.html?pict_id=NISI20130805_0008504412
412,"재규어 랜드로버, F-TYPE 쿠페 등 전 차종 로드쇼 개최",http://www.nspna.com/news/?mode=view&newsid=99787
413,"굿우드에 깜짝 등장, 재규어 스포츠카 ‘F-TYPE’",http://news.donga.com/3/all/20120629/47394009/2
414,"재규어, 신개념 스포츠카 F-TYPE 양산 계획 발표",http://biz.heraldm.com/common/redirect.jsp?category_id=010107041300&news_id=20120405001137
415,[포토]재규어 `F-TYPE` 반해버린 뒤태,http://www.edaily.co.kr/news/newspath.asp?newsid=01105366599697512
416,[포토엔]슈퍼차저 엔진 탑재한 재규어 스포츠카 F-TYPE,http://www.newsen.com/news_view.php?uid=201308051350469320
417,"재규어코리아, F-TYPE 쿠페 출시",http://www.cstimes.com/news/articleView.html?idxno=146634
418,재규어코리아 'F-TYPE 프로젝트 7' 7대 한정 판매,http://www.cstimes.com/news/articleView.html?idxno=151036
419,"[시승기] 재규어 F-타입 SVR, 당신이 직접 통제할 수 있는 '맹수'",http://www.enewstoday.co.kr/news/articleView.html?idxno=1340497
420,"재규어, 2인승 컨버터블 스포츠카 F-TYPE 국내 공식 출시",http://www.newsis.com/pict_detail/view.html?pict_id=NISI20130805_0008504415
421,"재규어 랜드로버, F-TYPE 쿠페 등 전 차종 로드쇼 개최",http://www.nspna.com/news/?mode=view&newsid=99787
422,"굿우드에 깜짝 등장, 재규어 스포츠카 ‘F-TYPE’",http://news.donga.com/3/all/20120629/47394009/2
423,"재규어, 신개념 스포츠카 F-TYPE 양산 계획 발표",http://biz.heraldm.com/common/redirect.jsp?category_id=010107041300&news_id=20120405001137
424,[포토]재규어 `F-TYPE` 반해버린 뒤태,http://www.edaily.co.kr/news/newspath.asp?newsid=01105366599697512
425,[포토엔]슈퍼차저 엔진 탑재한 재규어 스포츠카 F-TYPE,http://www.newsen.com/news_view.php?uid=201308051350469320
426,"재규어코리아, F-TYPE 쿠페 출시",http://www.cstimes.com/news/articleView.html?idxno=146634
427,재규어코리아 'F-TYPE 프로젝트 7' 7대 한정 판매,http://www.cstimes.com/news/articleView.html?idxno=151036
428,"[시승기] 재규어 F-타입 SVR, 당신이 직접 통제할 수 있는 '맹수'",http://www.enewstoday.co.kr/news/articleView.html?idxno=1340497
429,"재규어 랜드로버, 연말 맞이 전국 시승행사 진행",http://www.ekn.kr/web/view.php?key=20201106010001629
430,재규어 2인승 컨버터블 스포츠카 F-TYPE,http://www.ajunews.com/kor/view.jsp?newsId=20130805000522
431,"재규어 랜드로버, F-TYPE 쿠페 등 전 차종 로드쇼 개최",http://www.nspna.com/news/?mode=view&newsid=99787
432,"굿우드에 깜짝 등장, 재규어 스포츠카 ‘F-TYPE’",http://news.donga.com/3/all/20120629/47394009/2
433,"재규어, 신개념 스포츠카 F-TYPE 양산 계획 발표",http://biz.heraldm.com/common/redirect.jsp?category_id=010107041300&news_id=20120405001137
434,[포토]재규어 `F-TYPE` 반해버린 뒤태,http://www.edaily.co.kr/news/newspath.asp?newsid=01105366599697512
435,[포토엔]슈퍼차저 엔진 탑재한 재규어 스포츠카 F-TYPE,http://www.newsen.com/news_view.php?uid=201308051350469320
436,"재규어코리아, F-TYPE 쿠페 출시",http://www.cstimes.com/news/articleView.html?idxno=146634
437,재규어코리아 'F-TYPE 프로젝트 7' 7대 한정 판매,http://www.cstimes.com/news/articleView.html?idxno=151036
438,"[시승기] 재규어 F-타입 SVR, 당신이 직접 통제할 수 있는 '맹수'",http://www.enewstoday.co.kr/news/articleView.html?idxno=1340497
439,"재규어 랜드로버, 연말 맞이 전국 시승행사 진행",http://www.ekn.kr/web/view.php?key=20201106010001629
440,재규어 새로운 스포츠카 ‘F-TYPE’ 최초 공개,http://www.asiae.co.kr/news/view.htm?idxno=2012062910564552834
441,"재규어, 신개념 스포츠카 F-TYPE 양산 계획 발표",http://biz.heraldm.com/common/redirect.jsp?category_id=010107041300&news_id=20120405001137
442,[포토]재규어 `F-TYPE` 반해버린 뒤태,http://www.edaily.co.kr/news/newspath.asp?newsid=01105366599697512
443,[포토엔]슈퍼차저 엔진 탑재한 재규어 스포츠카 F-TYPE,http://www.newsen.com/news_view.php?uid=201308051350469320
444,"재규어코리아, F-TYPE 쿠페 출시",http://www.cstimes.com/news/articleView.html?idxno=146634
445,재규어코리아 'F-TYPE 프로젝트 7' 7대 한정 판매,http://www.cstimes.com/news/articleView.html?idxno=151036
446,"[시승기] 재규어 F-타입 SVR, 당신이 직접 통제할 수 있는 '맹수'",http://www.enewstoday.co.kr/news/articleView.html?idxno=1340497
447,"재규어 랜드로버, 연말 맞이 전국 시승행사 진행",http://www.ekn.kr/web/view.php?key=20201106010001629
448,"재규어, 스포츠카 'F-TYPE' 등 하반기 신차 3종 내놓는다",http://www.hankyung.com/news/app/newsview.php?aid=201306278074g
449,[사진]재규어 F-TYPE 프로젝트 7 실내 공간,http://www.mt.co.kr/view/mtview.php?type=1&no=2015040112061589497&outlink=1
450,[포토]재규어 `F-TYPE` 럭셔리한 기어변속기,http://www.edaily.co.kr/news/newspath.asp?newsid=01085686599697512
451,[포토엔]슈퍼차저 엔진 탑재한 재규어 스포츠카 F-TYPE,http://www.newsen.com/news_view.php?uid=201308051350469320
452,"재규어코리아, F-TYPE 쿠페 출시",http://www.cstimes.com/news/articleView.html?idxno=146634
453,재규어코리아 'F-TYPE 프로젝트 7' 7대 한정 판매,http://www.cstimes.com/news/articleView.html?idxno=151036
454,"[시승기] 재규어 F-타입 SVR, 당신이 직접 통제할 수 있는 '맹수'",http://www.enewstoday.co.kr/news/articleView.html?idxno=1340497
455,"재규어 랜드로버, 연말 맞이 전국 시승행사 진행",http://www.ekn.kr/web/view.php?key=20201106010001629
456,"재규어, 스포츠카 'F-TYPE' 등 하반기 신차 3종 내놓는다",http://www.hankyung.com/news/app/newsview.php?aid=201306278074g
457,[사진]재규어 F-TYPE 프로젝트 7 실내 공간,http://www.mt.co.kr/view/mtview.php?type=1&no=2015040112061589497&outlink=1
458,재규어 | F-TYPE,http://news.mk.co.kr/news_forward.php?domain=news&no=705496&year=2013
459,<포토> 재규어 F-TYPE 출시,http://biz.heraldcorp.com/view.php?ud=20130805000646
460,[포토엔]수퍼차저 엔진 탑재한 재규어 스포츠카 F-TYPE,http://www.newsen.com/news_view.php?uid=201308051355039320
461,"재규어코리아, F-TYPE 쿠페 출시",http://www.cstimes.com/news/articleView.html?idxno=146634
462,재규어코리아 'F-TYPE 프로젝트 7' 7대 한정 판매,http://www.cstimes.com/news/articleView.html?idxno=151036
463,"[시승기] 재규어 F-타입 SVR, 당신이 직접 통제할 수 있는 '맹수'",http://www.enewstoday.co.kr/news/articleView.html?idxno=1340497
464,"재규어 랜드로버, 연말 맞이 전국 시승행사 진행",http://www.ekn.kr/web/view.php?key=20201106010001629
465,"재규어, 스포츠카 'F-TYPE' 등 하반기 신차 3종 내놓는다",http://www.hankyung.com/news/app/newsview.php?aid=201306278074g
466,[사진]재규어 F-TYPE 프로젝트 7 실내 공간,http://www.mt.co.kr/view/mtview.php?type=1&no=2015040112061589497&outlink=1
467,재규어 | F-TYPE,http://news.mk.co.kr/news_forward.php?domain=news&no=705496&year=2013
468,<포토> 재규어 F-TYPE 출시,http://biz.heraldcorp.com/view.php?ud=20130805000646
469,"[사진]재규어 'F-TYPE' 출시, 잘 정돈된 운전석",http://www.mt.co.kr/view/mtview.php?type=1&no=2013080512334596019&outlink=1
470,<포토> 재규어 F-TYPE출시,http://biz.heraldcorp.com/view.php?ud=20130805000644
471,"[사진]재규어 'F-TYPE' 출시, 잘 정돈된 운전석",http://www.mt.co.kr/view/mtview.php?type=1&no=2013080512334596019&outlink=1
472,재규어 랜드로버 전부 타보자…22일까지 ‘어반 드라이브’,http://news.heraldcorp.com/view.php?ud=20201106000821
473,"재규어랜드로버 코리아, 연말 맞이 ‘어반 드라이브’ 및 프로모션 진행",https://www.pressian.com/pages/articles/2020110609423874962?utm_source=naver&utm_medium=search
474,"김진표, '재규어 F-TYPE R 쿠페 어떤가요?'",http://www.newsis.com/pict_detail/view.html?pict_id=NISI20140529_0009731915
475,"재규어 F-TYPE, 공격적인 디자인",http://www.kukinews.com/news/article.html?no=443613
476,"[파리모터쇼] 재규어, 신형 스포츠카 F-TYPE 공개",http://biz.chosun.com/site/data/html_dir/2012/09/27/2012092702147.html
477,"이안 칼럼, 재규어 F-TYPE 타고 서울모터쇼 등장?",http://news1.kr/articles/1059595
478,"[비즈톡톡] 재규어, 컨버터블 스포츠카 F-TYPE 출시 外",https://news.naver.com/main/read.naver?mode=LSD&mid=sec&sid1=101&oid=422&aid=0000021991
479,"재규어 가문의 당돌한 막내 'E페이스'…""F타입 오마주한 콤팩트 SUV""",http://www.gpkorea.com/news/articleView.html?idxno=54582
480,"재규어랜드로버 코리아, 전국 시승행사 '어반 드라이브' 실시",http://www.shinailbo.co.kr/news/articleView.html?idxno=1340162
481,"김진표, '재규어 F-TYPE R 쿠페 어떤가요?'",http://www.newsis.com/pict_detail/view.html?pict_id=NISI20140529_0009731915
482,"재규어 F-TYPE, 옆라인이 살아있는 쿠페",http://www.kukinews.com/news/article.html?no=443618
483,재규어 코리아 'F-TYPE' 국내 출시,http://news1.kr/photos/556046
484,"[파리모터쇼] 재규어, 신형 스포츠카 F-TYPE 공개",http://biz.chosun.com/site/data/html_dir/2012/09/27/2012092702147.html
485,"이안 칼럼, 재규어 F-TYPE 타고 서울모터쇼 등장?",http://news1.kr/articles/1059595
486,"[비즈톡톡] 재규어, 컨버터블 스포츠카 F-TYPE 출시 外",https://news.naver.com/main/read.naver?mode=LSD&mid=sec&sid1=101&oid=422&aid=0000021991
487,"재규어 가문의 당돌한 막내 'E페이스'…""F타입 오마주한 콤팩트 SUV""",http://www.gpkorea.com/news/articleView.html?idxno=54582
488,"재규어 랜드로버 ""프리미엄 멤버십 서비스 확대 개편""",http://sports.hankooki.com/lpage/economy/202008/sp20200824134355136990.htm?s_ref=nv
489,"[NW포토]‘2015 서울모터쇼’, ‘재규어 F-TYPE 프로젝트 7’소개하는 존 에드워드 총괄사장",http://www.newsway.co.kr/view.php?tp=1&ud=2015040214302167559
490,"재규어 F-TYPE, 옆라인이 살아있는 쿠페",http://www.kukinews.com/news/article.html?no=443618
491,재규어 코리아 'F-TYPE' 국내 출시,http://news1.kr/photos/556046
492,"[파리모터쇼] 재규어, 신형 스포츠카 F-TYPE 공개",http://biz.chosun.com/site/data/html_dir/2012/09/27/2012092702147.html
493,"이안 칼럼, 재규어 F-TYPE 타고 서울모터쇼 등장?",http://news1.kr/articles/1059595
494,"[비즈톡톡] 재규어, 컨버터블 스포츠카 F-TYPE 출시 外",https://news.naver.com/main/read.naver?mode=LSD&mid=sec&sid1=101&oid=422&aid=0000021991
495,"재규어 가문의 당돌한 막내 'E페이스'…""F타입 오마주한 콤팩트 SUV""",http://www.gpkorea.com/news/articleView.html?idxno=54582
496,"재규어 랜드로버 ""프리미엄 멤버십 서비스 확대 개편""",http://sports.hankooki.com/lpage/economy/202008/sp20200824134355136990.htm?s_ref=nv
497,"[NW포토]‘2015 서울모터쇼’, ‘재규어 F-TYPE 프로젝트 7’소개하는 존 에드워드 총괄사장",http://www.newsway.co.kr/view.php?tp=1&ud=2015040214302167559
498,서킷에서 빛나는 재규어 F-TYPE 프로젝트 7,http://www.nocutnews.co.kr/news/4391760
499,"재규어 랜드로버, SVO F-TYPE 프로젝트 7과 레인지로버 스포츠 SVR",http://www.nocutnews.co.kr/news/4391754
