,title,url
0,"1년간 판매량이 겨우 3,500여 대. 재규어랜드로버 딜러들 적자 누적으로 파산 직전",http://www.autodaily.co.kr/news/articleView.html?idxno=433219
1,"재규어, 전기차로 변신하는 플래그십 세단 ‘XJ’..출시 일정은?",http://www.dailycar.co.kr/content/news.html?type=view&autoId=36142
2,[영상으로 읽는 경제]'호텔 델루나' 구찬성의 미술품 재테크 비결,https://www.news1.kr/articles/?4673238
3,"재규어, 차세대 'XJ' 럭셔리 전기차로 선보인다",http://www.gpkorea.com/news/articleView.html?idxno=56303
4,"재규어, 럭셔리 세단 ‘XJ’ 생산 중단 계획..‘전기차’로 교체",http://www.dailycar.co.kr/content/news.html?type=view&autoId=33482
5,"재규어랜드로버, XJ 탄생 50주년 기념 'XJ50' 출시",http://www.newstomato.com/ReadNews.aspx?no=856701
6,"[가을 성수기 맞는 수입차]재규어 XJ 50, 英 왕실이 인정한 럭셔리 플래그십 세단",http://www.sedaily.com/NewsView/1S3DD6LJKW
7,"수입차 호황에도 부진한 재규어랜드로버, 전시장·AS센터 축소",https://biz.chosun.com/industry/car/2022/02/18/UTWDCROWUFFMJK5BBWGMQRZZ3A/?utm_source=naver&utm_medium=original&utm_campaign=biz
8,서비스 개선한다더니 센터 수 줄인 '재규어'···콜건 대표 약속은 왜 '공수표' 됐나,http://www.sisajournal-e.com/news/articleView.html?idxno=253412
9,[슈퍼리치]오트쿠튀르 시승기-英왕실 품격 높이는 ‘재규어 XJ',http://biz.heraldcorp.com/view.php?ud=20160706000188
10,재규어 럭셔리 세단 ‘뉴XJ’ 국내 출시,http://www.idaegu.co.kr/news.php?code=ec06&mode=view&num=187613
11,"재규어 XJ AWD, ‘설설(雪雪)’ 기는 차들 사이로 ‘쌩쌩’",http://news.mk.co.kr/news_forward.php?domain=news&no=1518347&year=2014
12,[서예진의 스타car톡] 장동민이 '돌멩이 테러'에도 포기 못한 '재규어 XJ',https://tenasia.hankyung.com/topic/article/2021041622594
13,[시승기] 가벼워진 럭셔리세단 '재규어XJ',http://news1.kr/articles/1328120
14,"[시승기] 다운사이징 바람 타고 탄생한 재규어 'XJ, XF' 무섭네!",http://kr.aving.net/news/view.php?articleId=578342&Branch_ID=kr&rssid=naver&mn_name=news
15,"[시승기] 재규어 'XJ·XF' 생애 처음 타봤는데 … 솜털이야, 짐승이야?",http://www.hankyung.com/news/app/newsview.php?aid=201303110938g
16,"재규어코리아, 'XJ 3.0 수퍼차저 AWD' 출시…1억 7110만 원",http://www.osen.co.kr/article/G1109530728
17,"케이카, ""너무 올랐나""…5월 중고차 전 차종 시세 하락 전망",http://www.newsis.com/view/?id=NISX20220503_0001857407&cID=13001&pID=13000
18,"[시승기] 플래그십 세단의 혁명, '재규어 XJ'를 만나다",http://kr.aving.net/news/view.php?articleId=169662&Branch_ID=kr&rssid=naver
19,<윤정식 기자의 시승기>재규어 방정식 ‘럭셔리+스포츠=올뉴XJ’,http://biz.heraldm.com/common/redirect.jsp?category_id=010501010400&news_id=20100913000915
20,[시승]다임러 6와 재규어 XJ 50주년-②주행,http://autotimes.hankyung.com/apps/news.sub_view?popup=0&nid=06&c1=06&c2=06&c3=00&nkey=202101072146411
21,"[시승기] 고요한 심장소리, '재규어 XJ 2.7D'",http://aving.net/atc/read.asp?c_num=76444&Branch_ID=kr
22,[시승]다임러 6와 재규어 XJ 50주년-①디자인,http://autotimes.hankyung.com/apps/news.sub_view?popup=0&nid=06&c1=06&c2=06&c3=00&nkey=202012271940271
23,재규어XJ 자동차 328대 리콜 실시,http://www.newspim.com/common/redirect.jsp?newsId=20101212000026
24,차 가격 뛰자 소비자 등 돌려…이달 중고차 전 차종 시세 '뚝',http://moneys.mt.co.kr/news/mwView.php?no=2022050317115225055
25,[시승기] '재규어 XJ 2.7D' 화보,http://aving.net/atc/read.asp?c_num=76650&Branch_ID=kr
26,"K Car, 5월 중고차 시세 전망 “전 차종 시세 뚝”",http://www.segyebiz.com/newsView/20220504502519?OutUrl=naver
27,'재규어 XJ' 전기차 스파이샷 유출…하반기 출시,https://www.theguru.co.kr/news/article.html?no=10743
28,모델S와 경쟁할 재규어 'XJ EV' 테스트카 포착...하반기 출시 예정,http://www.autodaily.co.kr/news/articleView.html?idxno=417323
29,"재규어, 플래그십 세단 ‘XJ’도 전기차로 변신..특징은?",http://www.dailycar.co.kr/content/news.html?type=view&autoId=35637
30,"[인터뷰] 재규어 디자이너 박지영 ""두 번째 전기차 'XJ'는 재규어의 과거와 현대가 융합돼 탄생할 것""",http://digitalchosun.dizzo.com/site/data/html_dir/2019/12/10/2019121080228.html
31,"재규어, 플래그십 세단 ‘XJ’도 전기차로 변신..예상도는?",http://www.dailycar.co.kr/content/news.html?type=view&autoId=34783
32,"재규어, EV로 변신할 신형 XJ 뒷태 공개...내년 하반기에 공개",http://www.autodaily.co.kr/news/articleView.html?idxno=411387
33,"랜드로버, SUV 전성시대에 판매량 '급감'…재규어는 '0'대 속출",https://www.asiatime.co.kr/article/20210903500143
34,’제네시스 G90 vs 재규어 XJ’ 상세 비교의 승자는?,http://www.thedrive.co.kr/news/newsview.php?ncode=1065595090997313
35,"재규어, 플래그십 세단 ‘XJ’ 전기차 양산 계획..출시 일정은?",http://www.dailycar.co.kr/content/news.html?type=view&autoId=33820
36,"재규어, 5월 실적 한 자릿수까지 추락… 세단 모델은 판매 '0대'",http://www.sisaweek.com/news/articleView.html?idxno=145267
37,EQ900·XJ·CT6·컨티넨탈…S클래스 독주 시장 견제 나선다,http://www.etnews.com/20160124000083
38,"英 재규어랜드로버, XJ 등 전기차 생산에 수억 파운드 투자",http://yna.kr/AKR20190705139400085?did=1195m
39,첫눈 오면 생각나는 재규어 XJ…英 왕실도 첫눈에 반할 ‘XJ50’,http://news.mk.co.kr/newsRead.php?year=2018&no=736264
40,"재규어 역사 담은 XJ 특별판, 뭐가 다를까",http://autotimes.hankyung.com/apps/news.sub_view?popup=0&nid=02&c1=02&c2=02&c3=00&nkey=201811191630541
41,"재규어랜드로버, XJ 탄생 50주년 기념 ‘XJ50’ 스페셜 에디션 출시",http://www.rpm9.com/news/article.html?id=20181113090010
42,20인치 휠 단 재규어 XJ 50주년 기념 에디션 출시..1억5천만원,http://www.edaily.co.kr/news/newspath.asp?newsid=04450966619405064
43,재규어 XJ 50주년 기념 스페셜 ‘XJ50’ 출시…1억5050만원,http://www.ebn.co.kr/news/view/961374
44,[클래식카 시승기]78년식 재규어 XJ 타보니 “나이는 나만 먹었네”,http://news.mk.co.kr/newsRead.php?year=2018&no=688731
45,반세기 달려온 재규어의 정수 XJ,http://news20.busan.com/controller/newsController.jsp?newsId=20181031000271
46,플래그십 세단 자존심 지키는 재규어 'XJ'…반세기 명성 잇는다,http://news.hankyung.com/article/201810307954g
47,"재규어 XJ, 반세기를 달려온 플래그십 럭셔리 세단",http://moneys.mt.co.kr/news/mwView.php?no=2018102615138085620
48,"재규어 XJ 연합군, `노르망디 상륙작전(?)` 감행…영국~프랑스 1000km 대장정",http://news.mk.co.kr/newsRead.php?year=2018&no=652133
49,"재규어, 파리모터쇼서 XJ ‘시리즈 1’과 스페셜 에디션 ‘XJ50’ 전시",http://www.rpm9.com/news/article.html?id=20181008090008
50,"재규어랜드로버코리아, 재규어 카 디자인 어워드 2018 접수 “100주년 XJ를 디지안하라”",http://sports.khan.co.kr/news/sk_index.html?art_id=201809170907003&sec_id=563002&pt=nv
51,'디스커버리4·레인지로버 스포츠·재규어 XJ' 또 리콜,http://www.smedaily.co.kr/news/articleView.html?idxno=84133
52,"재규어랜드로버, XJ 출시 50주년 기념 ‘재규어 카 디자인 어워드’ 시상",http://www.munhwa.com/news/view.html?no=20181207MW141907266298
53,리스렌트닷컴 재규어 xj 등 수입 외제차 오토리스 장기렌트카 최저가판매실시,http://www.gukjenews.com/news/articleView.html?idxno=872931
54,"[올 가을 수입차 테마는]재규어XJ, 영국식 감성 무장...세단시장서 독보적 영역 확보",http://www.sedaily.com/NewsView/1OL3NHV8YF
55,"혼다 어코드·재규어XJ·BMW R1200 등 8,900대 리콜",http://www.sedaily.com/NewsView/1OJP2UY5H9
56,"정부, 재규어 XF·XJ·레인지로버 등 5개 차종 1만6022대 리콜",http://www.fntimes.com/html/view.php?ud=2018100812361420461ab245d71a_18
57,"재규어코리아, KB렌터카와 뉴 XJ 장기렌터카 프로모션",http://www.ebn.co.kr/news/view/859615
58,"재규어 코리아, '뉴 XJ 장기렌터카 특별 프로모션' 실시",http://view.asiae.co.kr/news/view.htm?idxno=2016103110360883377
59,브리티시 럭셔리 스포츠 세단 '재규어 XJ',http://www.asiatoday.co.kr/view.php?key=20161002010000340
60,[수입 세단의 반격] 재규어 '뉴 XJ' 도로위의 비즈니스 클래스,http://www.sedaily.com/NewsView/1KWD1PO38K
61,혼다 어코드·재규어 XJ·BMW R1200 등 8902대 리콜,http://www.gpkorea.com/bbs/board.php?bo_table=gp_motorsports&wr_id=18176
62,"재규어 XJ, 장기렌터카 특별 프로모션 선봬",http://autotimes.hankyung.com/apps/news.sub_view?popup=0&nid=05&c1=05&c2=05&c3=00&nkey=201610310924441
63,"[디자인Car페] ""재규어 뉴XJ 디자인, 아시아 고객 의견 귀 기울였죠""",http://news.mk.co.kr/newsRead.php?no=123559&year=2016
64,"이안 칼럼 재규어 수석디자이너 ""뉴 XJ에 재규어의 역동성·고급감각 담았다""",http://www.hankyung.com/news/app/newsview.php?aid=2016012788711
65,[신차앤조이] 더 고급스러워진 재규어 플래그십 '뉴 XJ',http://www.ajunews.com/view/20160128034925430
66,"아라리오갤러리 소속작가 권오상, ‘재규어 XJ 레어 디자인 스튜디오’ 전시",http://www.sportsseoul.com/news/read/350861
67,"자동차, 디자인으로 승부한다… 재규어 '뉴XJ'·기아차 '올뉴K7'",http://www.newscj.com/news/articleView.html?idxno=330388
68,"[일문일답] ""뉴 XJ, 재규어 전통의 가치 담았다""",http://www.seoulfn.com/news/articleView.html?idxno=244161
69,[영상] 베일 벗은 재규어 '뉴 XJ'… 국내 공식 출시,http://www.newscj.com/news/articleView.html?idxno=330358
70,"재규어 뉴 XJ 출시, 이안 칼럼 ""헤리티지는 카피가 아니라 가치의 재해석""",http://www.osen.co.kr/article/G1110340239
71,재규어 뉴 XJ·체어맨W 카이저·제네시스 G80…대형 세단이 몰려온다,http://www.hankyung.com/news/app/newsview.php?aid=2016012534241
72,"재규어, 최고급 세단 XJ 10종 공식 출시",http://news.khan.co.kr/kh_news/khan_art_view.html?artid=201601252114205&code=920508
73,‘재규어 XJ 레어 디자인 스튜디오(XJ Rare Design Studio)’ 오픈,http://sports.hankooki.com/lpage/economy/201601/sp20160118144952136990.htm
74,재규어 XJ 레어 디자인 스튜디오 오픈..‘뉴 XJ’도 론칭,http://www.breaknews.com/sub_read.html?uid=423939§ion=sc3
75,"재규어 코리아, XJ 레어 디자인 스튜디오 공개",http://news.mk.co.kr/newsRead.php?no=36487&year=2016
76,"재규어, 1월 출시 '더 뉴 XJ' 응축 디자인 철학 소개 영상 공개",http://www.osen.co.kr/article/G1110322321
77,"재규어 디자인 수장 이안 칼럼 내달 방한, 더 뉴 XJ 소개",http://sports.hankooki.com/lpage/economy/201512/sp20151223172000136990.htm
78,재규어 디자인 수장 다음달 방한···“뉴 XJ 소개한다”,http://www.econovill.com/news/articleView.html?idxno=274417
79,"재규어 랜드로버 코리아, '펜트하우스'에 차량 협찬",http://www.cbci.co.kr/news/articleView.html?idxno=412425
80,"""예쁘고 똑똑하다"" 재규어, 'XE'의 형님 'XJ'는 어떤 차?",http://www.edaily.co.kr/news/newspath.asp?newsid=02341926609470600
81,"천일오토모빌, 오는 9월까지 재규어 XJ 프레스티지 서비스 쿠폰 발행",http://wowstar.wowtv.co.kr/news/view.asp?newsid=71884
82,"재규어 랜드로버 공식딜러 천일오토모빌, 재규어 XJ 프레스티지 서비스 쿠폰 프로모션 실시",http://www.enewstoday.co.kr/news/articleView.html?idxno=407679
83,"재규어, XJ 후속은 2019년에?",http://autotimes.hankyung.com/apps/news.sub_view?popup=0&nid=04&c1=04&c2=04&c3=00&nkey=201603210033511
84,"재규어 랜드로버 코리아, 드라마 '펜트하우스'에 주력 라인업 차량 지원한다!",http://kr.aving.net/news/view.php?articleId=1595767&Branch_ID=kr&rssid=naver&mn_name=news
85,"[시승기] 럭셔리카의 새로운 기준, 재규어 XJ",http://www.ajunews.com/view/20150717160312496
86,"재규어랜드로버코리아, SBS 인기 드라마 '펜트하우스'에 차량 지원",http://www.autodaily.co.kr/news/articleView.html?idxno=426060
87,[시승기]'도로 위의 요트' 재규어 XJ,http://www.edaily.co.kr/news/newspath.asp?newsid=01111926609338088
88,"[시승기] 재규어 XJ 3.0D LWB, 영국 신사의 멋스러운 품격",http://www.ebn.co.kr/news/view/743450
89,"[시승]지조 있는 영국 세단, 재규어 XJ 3.0ℓ 슈퍼차저 LWB",http://autotimes.hankyung.com/apps/news.sub_view?popup=0&nid=08&c1=08&c2=08&c3=00&nkey=201502172028341
90,도로 위 비즈니스 클래스… CEO의 명차 '재규어 플래그십 세단 뉴 XJ',http://www.kyeonggi.com/news/articleView.html?idxno=893113
91,"CEO를 위한 특별한 차, 재규어 XJ",http://www.rpm9.com/news/article.html?id=20141229090003
92,"재규어 KCC오토모빌, 류현진 선수에 XJ 지원",http://www.edaily.co.kr/news/newspath.asp?newsid=02624006606315568
93,눈 길에 더욱 강한 '재규어 플래그십 세단 XJ AWD',http://www.ajunews.com/view/20141126153850341
94,재규어 XJ AWD면…빙판길 걱정 끝∼,http://biz.heraldcorp.com/view.php?ud=20141117000879
95,"[시승]재규어 최고 플래그십, 뉴 XJ 5.0ℓ 슈퍼차저",http://autotimes.hankyung.com/apps/news.sub_view?popup=0&nid=08&c1=08&c2=08&c3=00&nkey=201407171159451
96,"[시승기] 재규어 뉴 XJ, 거침없는 엔진파워·우아한 핸들링",http://www.fnnews.com/view?ra=Sent0601m_01A&corp=fnnews&arcid=201407090100095970004643&cDateYear=2014&cDateMonth=07&cDateDay=08&
97,[신차 드라이브]재규어 XJ 3.0 디젤 LWB,http://www.etnews.com/20140417000062
98,"재규어 랜드로버, 디자인 통해 현대적 고급 제품의 미래 재구상",http://www.gukjenews.com/news/articleView.html?idxno=2163927
99,[재규어 뉴 XJ] `질주본능`에 안락함 더한 세단,http://news.mk.co.kr/news_forward.php?domain=news&no=376492&year=2014
100,혼다 어코드·재규어 XJ·BMW R1200 등 8900대 리콜,http://www.viva100.com/main/view.php?key=20170810010003644
101,"정부, 재규어 XF·XJ·레인지로버 등 5개 차종 1만6022대 리콜",http://www.fntimes.com/html/view.php?ud=2018100812361420461ab245d71a_18
102,"재규어코리아, KB렌터카와 뉴 XJ 장기렌터카 프로모션",http://www.ebn.co.kr/news/view/859615
103,"재규어 코리아, '뉴 XJ 장기렌터카 특별 프로모션' 실시",http://view.asiae.co.kr/news/view.htm?idxno=2016103110360883377
104,브리티시 럭셔리 스포츠 세단 '재규어 XJ',http://www.asiatoday.co.kr/view.php?key=20161002010000340
105,[수입 세단의 반격] 재규어 '뉴 XJ' 도로위의 비즈니스 클래스,http://www.sedaily.com/NewsView/1KWD1PO38K
106,혼다 어코드·재규어 XJ·BMW R1200 등 8902대 리콜,http://www.gpkorea.com/bbs/board.php?bo_table=gp_motorsports&wr_id=18176
107,"재규어 XJ, 장기렌터카 특별 프로모션 선봬",http://autotimes.hankyung.com/apps/news.sub_view?popup=0&nid=05&c1=05&c2=05&c3=00&nkey=201610310924441
108,"[디자인Car페] ""재규어 뉴XJ 디자인, 아시아 고객 의견 귀 기울였죠""",http://news.mk.co.kr/newsRead.php?no=123559&year=2016
109,"이안 칼럼 재규어 수석디자이너 ""뉴 XJ에 재규어의 역동성·고급감각 담았다""",http://www.hankyung.com/news/app/newsview.php?aid=2016012788711
110,"재규어코리아-KB렌터카, '뉴 XJ 장기렌터카' 운영한다",http://www.newscj.com/news/articleView.html?idxno=383686
111,브리티시 럭셔리 스포츠 세단 '재규어 XJ',http://www.asiatoday.co.kr/view.php?key=20161002010000340
112,"재규어 XF·XJ·레인지로버 등 5개 차종 16,022대 리콜 실시",http://mtnews.net/news/view.php?idx=4532
113,[수입 세단의 반격] 재규어 '뉴 XJ' 도로위의 비즈니스 클래스,http://www.sedaily.com/NewsView/1KWD1PO38K
114,혼다 어코드·재규어 XJ·BMW R1200 등 8902대 리콜,http://www.gpkorea.com/bbs/board.php?bo_table=gp_motorsports&wr_id=18176
115,혼다 어코드·재규어 XJ·BMW R1200 등 8천900대 리콜,http://news.kbs.co.kr/news/view.do?ncd=3530837&ref=A
116,"재규어 XJ, 장기렌터카 특별 프로모션 선봬",http://autotimes.hankyung.com/apps/news.sub_view?popup=0&nid=05&c1=05&c2=05&c3=00&nkey=201610310924441
117,"[디자인Car페] ""재규어 뉴XJ 디자인, 아시아 고객 의견 귀 기울였죠""",http://news.mk.co.kr/newsRead.php?no=123559&year=2016
118,"이안 칼럼 재규어 수석디자이너 ""뉴 XJ에 재규어의 역동성·고급감각 담았다""",http://www.hankyung.com/news/app/newsview.php?aid=2016012788711
119,[신차앤조이] 더 고급스러워진 재규어 플래그십 '뉴 XJ',http://www.ajunews.com/view/20160128034925430
120,"재규어 뉴 XJ, KB렌터카 프로모션 개시",http://www.sporbiz.co.kr/news/articleView.html?idxno=50759
121,브리티시 럭셔리 스포츠 세단 '재규어 XJ',http://www.asiatoday.co.kr/view.php?key=20161002010000340
122,"재규어 XF·XJ·레인지로버 등 5개 차종 16,022대 리콜 실시",http://mtnews.net/news/view.php?idx=4532
123,[수입 세단의 반격] 재규어 '뉴 XJ' 도로위의 비즈니스 클래스,http://www.sedaily.com/NewsView/1KWD1PO38K
124,혼다 어코드·재규어 XJ·BMW R1200 등 8902대 리콜,http://www.gpkorea.com/bbs/board.php?bo_table=gp_motorsports&wr_id=18176
125,혼다 어코드·재규어 XJ·BMW R1200 등 8천900대 리콜,http://news.kbs.co.kr/news/view.do?ncd=3530837&ref=A
126,"재규어 XJ, 장기렌터카 특별 프로모션 선봬",http://autotimes.hankyung.com/apps/news.sub_view?popup=0&nid=05&c1=05&c2=05&c3=00&nkey=201610310924441
127,"[디자인Car페] ""재규어 뉴XJ 디자인, 아시아 고객 의견 귀 기울였죠""",http://news.mk.co.kr/newsRead.php?no=123559&year=2016
128,"이안 칼럼 재규어 수석디자이너 ""뉴 XJ에 재규어의 역동성·고급감각 담았다""",http://www.hankyung.com/news/app/newsview.php?aid=2016012788711
129,[신차앤조이] 더 고급스러워진 재규어 플래그십 '뉴 XJ',http://www.ajunews.com/view/20160128034925430
130,"재규어 XJ, 장기렌터카 특별 프로모션 선봬",http://autotimes.hankyung.com/apps/news.sub_view?popup=0&nid=05&c1=05&c2=05&c3=00&nkey=201610310924441
131,"재규어 뉴 XJ, KB렌터카에서 월150만원대로 이용가능",http://www.gpkorea.com/bbs/board.php?bo_table=gp_motorsports&wr_id=16196
132,"[디자인Car페] ""재규어 뉴XJ 디자인, 아시아 고객 의견 귀 기울였죠""",http://news.mk.co.kr/newsRead.php?no=123559&year=2016
133,"이안 칼럼 재규어 수석디자이너 ""뉴 XJ에 재규어의 역동성·고급감각 담았다""",http://www.hankyung.com/news/app/newsview.php?aid=2016012788711
134,[신차앤조이] 더 고급스러워진 재규어 플래그십 '뉴 XJ',http://www.ajunews.com/view/20160128034925430
135,"아라리오갤러리 소속작가 권오상, ‘재규어 XJ 레어 디자인 스튜디오’ 전시",http://www.sportsseoul.com/news/read/350861
136,"자동차, 디자인으로 승부한다… 재규어 '뉴XJ'·기아차 '올뉴K7'",http://www.newscj.com/news/articleView.html?idxno=330388
137,"재규어의 독보적인 존재감, 뉴 XJ 출시",http://car.tvreport.co.kr/?c=news&m=newsview&idx=655422
138,"[일문일답] ""뉴 XJ, 재규어 전통의 가치 담았다""",http://www.seoulfn.com/news/articleView.html?idxno=244161
139,[영상] 베일 벗은 재규어 '뉴 XJ'… 국내 공식 출시,http://www.newscj.com/news/articleView.html?idxno=330358
140,"이안 칼럼 ""뉴 XJ 혁신적으로 재규어의 디자인을 바꾼 모델""",http://news.kukinews.com/article/view.asp?arcid=0010290290&code=41172011&cp=nv
141,"[일문일답] ""뉴 XJ, 재규어 전통의 가치 담았다""",http://www.seoulfn.com/news/articleView.html?idxno=244161
142,[영상] 베일 벗은 재규어 '뉴 XJ'… 국내 공식 출시,http://www.newscj.com/news/articleView.html?idxno=330358
143,"재규어 뉴 XJ 출시, 이안 칼럼 ""헤리티지는 카피가 아니라 가치의 재해석""",http://www.osen.co.kr/article/G1110340239
144,재규어 뉴 XJ·체어맨W 카이저·제네시스 G80…대형 세단이 몰려온다,http://www.hankyung.com/news/app/newsview.php?aid=2016012534241
145,"재규어, 최고급 세단 XJ 10종 공식 출시",http://news.khan.co.kr/kh_news/khan_art_view.html?artid=201601252114205&code=920508
146,‘재규어 XJ 레어 디자인 스튜디오(XJ Rare Design Studio)’ 오픈,http://sports.hankooki.com/lpage/economy/201601/sp20160118144952136990.htm
147,재규어 XJ 레어 디자인 스튜디오 오픈..‘뉴 XJ’도 론칭,http://www.breaknews.com/sub_read.html?uid=423939§ion=sc3
148,"재규어 코리아, XJ 레어 디자인 스튜디오 공개",http://news.mk.co.kr/newsRead.php?no=36487&year=2016
149,"재규어, XJ 레어 디자인 스튜디오 오픈...25일 DDP",http://www.ajunews.com/view/20160114165911468
150,"현대 재규어 디자인 창조 '이안 칼럼' 직접 '뉴 XJ' 소개… ""자동차 디자인 꿈꾸는 이 모여라""",http://www.newscj.com/news/articleView.html?idxno=330329
151,"재규어, '뉴 XJ'로 선전포고…韓 '플래그십 세단' 전쟁터",http://www.mt.co.kr/view/mtview.php?type=1&no=2016012512470133839&outlink=1
152,재규어 뉴 XJ·체어맨W 카이저·제네시스 G80…대형 세단이 몰려온다,http://www.hankyung.com/news/app/newsview.php?aid=2016012534241
153,"재규어, 최고급 세단 XJ 10종 공식 출시",http://news.khan.co.kr/kh_news/khan_art_view.html?artid=201601252114205&code=920508
154,‘재규어 XJ 레어 디자인 스튜디오(XJ Rare Design Studio)’ 오픈,http://sports.hankooki.com/lpage/economy/201601/sp20160118144952136990.htm
155,재규어 XJ 레어 디자인 스튜디오 오픈..‘뉴 XJ’도 론칭,http://www.breaknews.com/sub_read.html?uid=423939§ion=sc3
156,"재규어 코리아, XJ 레어 디자인 스튜디오 공개",http://news.mk.co.kr/newsRead.php?no=36487&year=2016
157,재규어 XJ 레어 디자인 스튜디오 25일 오픈,http://app.yonhapnews.co.kr/YNA/Basic/SNS/r.aspx?c=PYH20160114022400013&did=1196m
158,"재규어, 1월 출시 '더 뉴 XJ' 응축 디자인 철학 소개 영상 공개",http://www.osen.co.kr/article/G1110322321
159,"재규어 XJ레어 디자인 스튜디오 오픈기념, ‘이안 칼럼’ 초청 영상 공개",http://www.moneyweek.co.kr/news/mwView.php?type=1&no=2015122810568089817&outlink=1
160,"［르포］ 재규어, 헤리티지 재해석한 플래그십 세단 ‘뉴 XJ’ 출시",http://www.breaknews.com/sub_read.html?uid=425625§ion=sc3
161,재규어의 플래그십 세단 뉴 XJ는 어떤 차,http://news.khan.co.kr/kh_news/khan_art_view.html?artid=201601251147041&code=920508
162,"재규어, 럭셔리 세단 뉴XJ 출시",http://news.mk.co.kr/newsRead.php?no=69847&year=2016
163,"재규어, 최고급 세단 XJ 10종 공식 출시",http://news.khan.co.kr/kh_news/khan_art_view.html?artid=201601252114205&code=920508
164,‘재규어 XJ 레어 디자인 스튜디오(XJ Rare Design Studio)’ 오픈,http://sports.hankooki.com/lpage/economy/201601/sp20160118144952136990.htm
165,재규어 XJ 레어 디자인 스튜디오 오픈..‘뉴 XJ’도 론칭,http://www.breaknews.com/sub_read.html?uid=423939§ion=sc3
166,"재규어 코리아, XJ 레어 디자인 스튜디오 공개",http://news.mk.co.kr/newsRead.php?no=36487&year=2016
167,"재규어, 1월 출시 '더 뉴 XJ' 응축 디자인 철학 소개 영상 공개",http://www.osen.co.kr/article/G1110322321
168,"재규어 디자인 수장 이안 칼럼 내달 방한, 더 뉴 XJ 소개",http://sports.hankooki.com/lpage/economy/201512/sp20151223172000136990.htm
169,재규어 디자인 수장 다음달 방한···“뉴 XJ 소개한다”,http://www.econovill.com/news/articleView.html?idxno=274417
170,"재규어, 더 강력한 3.0 디젤 엔진 '뉴 XJ' 출시",http://www.sisapress.com/news/articleView.html?idxno=73710
171,"재규어, 럭셔리 세단 뉴XJ 출시",http://news.mk.co.kr/newsRead.php?no=69847&year=2016
172,재규어 플래그십 세단 '뉴 XJ' 출시…3.0 V6 터보디젤 추가,http://www.dailian.co.kr/news/view/552372/?sc=naver
173,"재규어, 최고급 세단 XJ 10종 공식 출시",http://news.khan.co.kr/kh_news/khan_art_view.html?artid=201601252114205&code=920508
174,‘재규어 XJ 레어 디자인 스튜디오(XJ Rare Design Studio)’ 오픈,http://sports.hankooki.com/lpage/economy/201601/sp20160118144952136990.htm
175,재규어 XJ 레어 디자인 스튜디오 오픈..‘뉴 XJ’도 론칭,http://www.breaknews.com/sub_read.html?uid=423939§ion=sc3
176,"재규어 코리아, XJ 레어 디자인 스튜디오 공개",http://news.mk.co.kr/newsRead.php?no=36487&year=2016
177,"재규어, 1월 출시 '더 뉴 XJ' 응축 디자인 철학 소개 영상 공개",http://www.osen.co.kr/article/G1110322321
178,"재규어 디자인 수장 이안 칼럼 내달 방한, 더 뉴 XJ 소개",http://sports.hankooki.com/lpage/economy/201512/sp20151223172000136990.htm
179,재규어 디자인 수장 다음달 방한···“뉴 XJ 소개한다”,http://www.econovill.com/news/articleView.html?idxno=274417
180,재규어 플래그십 세단 '뉴 XJ' 출시…3.0 V6 터보디젤 추가,http://www.dailian.co.kr/news/view/552372/?sc=naver
181,재규어 대표 럭셔리 세단 '뉴 XJ' 출시,http://app.yonhapnews.co.kr/YNA/Basic/SNS/r.aspx?c=AKR20160125078000003&did=1195m
182,[동영상 뉴스] 럭셔리 세단 재규어 `뉴 XJ` 나왔다,http://www.etnews.com/20160125000150
183,"재규어, 최고급 세단 XJ 10종 공식 출시",http://news.khan.co.kr/kh_news/khan_art_view.html?artid=201601252114205&code=920508
184,‘재규어 XJ 레어 디자인 스튜디오(XJ Rare Design Studio)’ 오픈,http://sports.hankooki.com/lpage/economy/201601/sp20160118144952136990.htm
185,재규어 XJ 레어 디자인 스튜디오 오픈..‘뉴 XJ’도 론칭,http://www.breaknews.com/sub_read.html?uid=423939§ion=sc3
186,"재규어 코리아, XJ 레어 디자인 스튜디오 공개",http://news.mk.co.kr/newsRead.php?no=36487&year=2016
187,"재규어, 1월 출시 '더 뉴 XJ' 응축 디자인 철학 소개 영상 공개",http://www.osen.co.kr/article/G1110322321
188,"재규어 디자인 수장 이안 칼럼 내달 방한, 더 뉴 XJ 소개",http://sports.hankooki.com/lpage/economy/201512/sp20151223172000136990.htm
189,재규어 디자인 수장 다음달 방한···“뉴 XJ 소개한다”,http://www.econovill.com/news/articleView.html?idxno=274417
190,재규어 최고급 세단 '뉴 XJ' 출시,http://biz.chosun.com/site/data/html_dir/2016/01/25/2016012502268.html
191,[동영상 뉴스] 럭셔리 세단 재규어 `뉴 XJ` 나왔다,http://www.etnews.com/20160125000150
192,"[MW사진] 재규어코리아, 뉴 XJ 출시 기념 기자간담회",http://www.moneyweek.co.kr/news/mwView.php?type=1&no=2016012512208059638&outlink=1
193,"재규어, 최고급 세단 XJ 10종 공식 출시",http://news.khan.co.kr/kh_news/khan_art_view.html?artid=201601252114205&code=920508
194,‘재규어 XJ 레어 디자인 스튜디오(XJ Rare Design Studio)’ 오픈,http://sports.hankooki.com/lpage/economy/201601/sp20160118144952136990.htm
195,재규어 XJ 레어 디자인 스튜디오 오픈..‘뉴 XJ’도 론칭,http://www.breaknews.com/sub_read.html?uid=423939§ion=sc3
196,"재규어 코리아, XJ 레어 디자인 스튜디오 공개",http://news.mk.co.kr/newsRead.php?no=36487&year=2016
197,"재규어, 1월 출시 '더 뉴 XJ' 응축 디자인 철학 소개 영상 공개",http://www.osen.co.kr/article/G1110322321
198,"재규어 디자인 수장 이안 칼럼 내달 방한, 더 뉴 XJ 소개",http://sports.hankooki.com/lpage/economy/201512/sp20151223172000136990.htm
199,재규어 디자인 수장 다음달 방한···“뉴 XJ 소개한다”,http://www.econovill.com/news/articleView.html?idxno=274417
200,"[MW사진] 재규어코리아, 새롭게 선보인 뉴 XJ",http://www.moneyweek.co.kr/news/mwView.php?type=1&no=2016012512218061013&outlink=1
201,"재규어, 새롭게 돌아온 최고급 세단 뉴XJ 출시",http://news.heraldcorp.com/view.php?ud=20160125000519
202,"재규어, 최고급 세단 XJ 10종 공식 출시",http://news.khan.co.kr/kh_news/khan_art_view.html?artid=201601252114205&code=920508
203,‘재규어 XJ 레어 디자인 스튜디오(XJ Rare Design Studio)’ 오픈,http://sports.hankooki.com/lpage/economy/201601/sp20160118144952136990.htm
204,재규어 XJ 레어 디자인 스튜디오 오픈..‘뉴 XJ’도 론칭,http://www.breaknews.com/sub_read.html?uid=423939§ion=sc3
205,"재규어 코리아, XJ 레어 디자인 스튜디오 공개",http://news.mk.co.kr/newsRead.php?no=36487&year=2016
206,"재규어, 1월 출시 '더 뉴 XJ' 응축 디자인 철학 소개 영상 공개",http://www.osen.co.kr/article/G1110322321
207,"재규어 디자인 수장 이안 칼럼 내달 방한, 더 뉴 XJ 소개",http://sports.hankooki.com/lpage/economy/201512/sp20151223172000136990.htm
208,재규어 디자인 수장 다음달 방한···“뉴 XJ 소개한다”,http://www.econovill.com/news/articleView.html?idxno=274417
209,"재규어 랜드로버 코리아, '펜트하우스'에 차량 협찬",http://www.cbci.co.kr/news/articleView.html?idxno=412425
210,"[사진] 이안 칼럼과 백정현 대표, 재규어 뉴 XJ와 나란히",http://www.osen.co.kr/article/G1110340323
211,"[뉴스핌 포토] 베일 벗은 재규어 뉴 XJ, ""눈에서 광채가..""",http://www.newspim.com/news/view/20160125000241
212,"재규어, 최고급 세단 XJ 10종 공식 출시",http://news.khan.co.kr/kh_news/khan_art_view.html?artid=201601252114205&code=920508
213,‘재규어 XJ 레어 디자인 스튜디오(XJ Rare Design Studio)’ 오픈,http://sports.hankooki.com/lpage/economy/201601/sp20160118144952136990.htm
214,재규어 XJ 레어 디자인 스튜디오 오픈..‘뉴 XJ’도 론칭,http://www.breaknews.com/sub_read.html?uid=423939§ion=sc3
215,"재규어 코리아, XJ 레어 디자인 스튜디오 공개",http://news.mk.co.kr/newsRead.php?no=36487&year=2016
216,"재규어, 1월 출시 '더 뉴 XJ' 응축 디자인 철학 소개 영상 공개",http://www.osen.co.kr/article/G1110322321
217,"재규어 디자인 수장 이안 칼럼 내달 방한, 더 뉴 XJ 소개",http://sports.hankooki.com/lpage/economy/201512/sp20151223172000136990.htm
218,재규어 디자인 수장 다음달 방한···“뉴 XJ 소개한다”,http://www.econovill.com/news/articleView.html?idxno=274417
219,"재규어 랜드로버 코리아, '펜트하우스'에 차량 협찬",http://www.cbci.co.kr/news/articleView.html?idxno=412425
220,"재규어, 최고급 세단 XJ 10종 공식 출시",http://news.khan.co.kr/kh_news/khan_art_view.html?artid=201601252114205&code=920508
221,‘재규어 XJ 레어 디자인 스튜디오(XJ Rare Design Studio)’ 오픈,http://sports.hankooki.com/lpage/economy/201601/sp20160118144952136990.htm
222,재규어 XJ 레어 디자인 스튜디오 오픈..‘뉴 XJ’도 론칭,http://www.breaknews.com/sub_read.html?uid=423939§ion=sc3
223,"재규어 코리아, XJ 레어 디자인 스튜디오 공개",http://news.mk.co.kr/newsRead.php?no=36487&year=2016
224,"재규어, 1월 출시 '더 뉴 XJ' 응축 디자인 철학 소개 영상 공개",http://www.osen.co.kr/article/G1110322321
225,"재규어 디자인 수장 이안 칼럼 내달 방한, 더 뉴 XJ 소개",http://sports.hankooki.com/lpage/economy/201512/sp20151223172000136990.htm
226,재규어 디자인 수장 다음달 방한···“뉴 XJ 소개한다”,http://www.econovill.com/news/articleView.html?idxno=274417
227,"재규어 랜드로버 코리아, '펜트하우스'에 차량 협찬",http://www.cbci.co.kr/news/articleView.html?idxno=412425
228,"""예쁘고 똑똑하다"" 재규어, 'XE'의 형님 'XJ'는 어떤 차?",http://www.edaily.co.kr/news/newspath.asp?newsid=02341926609470600
229,"천일오토모빌, 오는 9월까지 재규어 XJ 프레스티지 서비스 쿠폰 발행",http://wowstar.wowtv.co.kr/news/view.asp?newsid=71884
230,"[NW포토]재규어 코리아 백정현 대표, ‘뉴 XJ 첫 선 보였다’",http://www.newsway.co.kr/view.php?tp=1&ud=2016012512184670467
231,‘재규어 XJ 레어 디자인 스튜디오(XJ Rare Design Studio)’ 오픈,http://sports.hankooki.com/lpage/economy/201601/sp20160118144952136990.htm
232,재규어 XJ 레어 디자인 스튜디오 오픈..‘뉴 XJ’도 론칭,http://www.breaknews.com/sub_read.html?uid=423939§ion=sc3
233,"재규어 코리아, XJ 레어 디자인 스튜디오 공개",http://news.mk.co.kr/newsRead.php?no=36487&year=2016
234,"재규어, 1월 출시 '더 뉴 XJ' 응축 디자인 철학 소개 영상 공개",http://www.osen.co.kr/article/G1110322321
235,"재규어 디자인 수장 이안 칼럼 내달 방한, 더 뉴 XJ 소개",http://sports.hankooki.com/lpage/economy/201512/sp20151223172000136990.htm
236,재규어 디자인 수장 다음달 방한···“뉴 XJ 소개한다”,http://www.econovill.com/news/articleView.html?idxno=274417
237,"재규어 랜드로버 코리아, '펜트하우스'에 차량 협찬",http://www.cbci.co.kr/news/articleView.html?idxno=412425
238,"""예쁘고 똑똑하다"" 재규어, 'XE'의 형님 'XJ'는 어떤 차?",http://www.edaily.co.kr/news/newspath.asp?newsid=02341926609470600
239,"천일오토모빌, 오는 9월까지 재규어 XJ 프레스티지 서비스 쿠폰 발행",http://wowstar.wowtv.co.kr/news/view.asp?newsid=71884
240,재규어의 과거와 미래 한눈에 볼 수 있는 '재규어 XJ 레어 디자인 스튜디오' 오픈,http://kr.aving.net/news/view.php?articleId=1352081&Branch_ID=kr&rssid=naver&mn_name=news
241,"재규어, 1월 출시 '더 뉴 XJ' 응축 디자인 철학 소개 영상 공개",http://www.osen.co.kr/article/G1110322321
242,"재규어 디자인 수장 이안 칼럼 내달 방한, 더 뉴 XJ 소개",http://sports.hankooki.com/lpage/economy/201512/sp20151223172000136990.htm
243,재규어 디자인 수장 다음달 방한···“뉴 XJ 소개한다”,http://www.econovill.com/news/articleView.html?idxno=274417
244,"재규어 랜드로버 코리아, '펜트하우스'에 차량 협찬",http://www.cbci.co.kr/news/articleView.html?idxno=412425
245,"""예쁘고 똑똑하다"" 재규어, 'XE'의 형님 'XJ'는 어떤 차?",http://www.edaily.co.kr/news/newspath.asp?newsid=02341926609470600
246,"천일오토모빌, 오는 9월까지 재규어 XJ 프레스티지 서비스 쿠폰 발행",http://wowstar.wowtv.co.kr/news/view.asp?newsid=71884
247,"재규어 랜드로버 공식딜러 천일오토모빌, 재규어 XJ 프레스티지 서비스 쿠폰 프로모션 실시",http://www.enewstoday.co.kr/news/articleView.html?idxno=407679
248,"재규어, XJ 후속은 2019년에?",http://autotimes.hankyung.com/apps/news.sub_view?popup=0&nid=04&c1=04&c2=04&c3=00&nkey=201603210033511
249,"재규어 랜드로버 코리아, 드라마 '펜트하우스'에 주력 라인업 차량 지원한다!",http://kr.aving.net/news/view.php?articleId=1595767&Branch_ID=kr&rssid=naver&mn_name=news
250,재규어 '뉴 XJ'와 재규어 역사 디자인스튜디오서 한눈에,http://www.newstomato.com/ReadNews.aspx?no=615670
251,"재규어, 1월 출시 '더 뉴 XJ' 응축 디자인 철학 소개 영상 공개",http://www.osen.co.kr/article/G1110322321
252,"재규어 디자인 수장 이안 칼럼 내달 방한, 더 뉴 XJ 소개",http://sports.hankooki.com/lpage/economy/201512/sp20151223172000136990.htm
253,재규어 디자인 수장 다음달 방한···“뉴 XJ 소개한다”,http://www.econovill.com/news/articleView.html?idxno=274417
254,"재규어 랜드로버 코리아, '펜트하우스'에 차량 협찬",http://www.cbci.co.kr/news/articleView.html?idxno=412425
255,"""예쁘고 똑똑하다"" 재규어, 'XE'의 형님 'XJ'는 어떤 차?",http://www.edaily.co.kr/news/newspath.asp?newsid=02341926609470600
256,"천일오토모빌, 오는 9월까지 재규어 XJ 프레스티지 서비스 쿠폰 발행",http://wowstar.wowtv.co.kr/news/view.asp?newsid=71884
257,"재규어 랜드로버 공식딜러 천일오토모빌, 재규어 XJ 프레스티지 서비스 쿠폰 프로모션 실시",http://www.enewstoday.co.kr/news/articleView.html?idxno=407679
258,"재규어, XJ 후속은 2019년에?",http://autotimes.hankyung.com/apps/news.sub_view?popup=0&nid=04&c1=04&c2=04&c3=00&nkey=201603210033511
259,"재규어 랜드로버 코리아, 드라마 '펜트하우스'에 주력 라인업 차량 지원한다!",http://kr.aving.net/news/view.php?articleId=1595767&Branch_ID=kr&rssid=naver&mn_name=news
260,"이안 칼럼, 내달 방한 앞두고 ‘재규어 XJ 소개 영상’ 공개",http://www.edaily.co.kr/news/newspath.asp?newsid=01794166609603112
261,"재규어 디자인 수장 이안 칼럼 내달 방한, 더 뉴 XJ 소개",http://sports.hankooki.com/lpage/economy/201512/sp20151223172000136990.htm
262,재규어 디자인 수장 다음달 방한···“뉴 XJ 소개한다”,http://www.econovill.com/news/articleView.html?idxno=274417
263,"재규어 랜드로버 코리아, '펜트하우스'에 차량 협찬",http://www.cbci.co.kr/news/articleView.html?idxno=412425
264,"""예쁘고 똑똑하다"" 재규어, 'XE'의 형님 'XJ'는 어떤 차?",http://www.edaily.co.kr/news/newspath.asp?newsid=02341926609470600
265,"천일오토모빌, 오는 9월까지 재규어 XJ 프레스티지 서비스 쿠폰 발행",http://wowstar.wowtv.co.kr/news/view.asp?newsid=71884
266,"재규어 랜드로버 공식딜러 천일오토모빌, 재규어 XJ 프레스티지 서비스 쿠폰 프로모션 실시",http://www.enewstoday.co.kr/news/articleView.html?idxno=407679
267,"재규어, XJ 후속은 2019년에?",http://autotimes.hankyung.com/apps/news.sub_view?popup=0&nid=04&c1=04&c2=04&c3=00&nkey=201603210033511
268,"재규어 랜드로버 코리아, 드라마 '펜트하우스'에 주력 라인업 차량 지원한다!",http://kr.aving.net/news/view.php?articleId=1595767&Branch_ID=kr&rssid=naver&mn_name=news
269,혼다 어코드ㆍ재규어 XJㆍBMW R1200GS 등 8900여대 리콜,http://www.hankookilbo.com/v/c7ec0ba219244f1e983abc2ac0babffb
270,"재규어 디자인 수장 이안 칼럼, '더 뉴 XJ' 론칭 맞춰 한국 방문",http://kr.aving.net/news/view.php?articleId=1334951&Branch_ID=kr&rssid=naver&mn_name=news
271,"재규어 랜드로버 코리아, '펜트하우스'에 차량 협찬",http://www.cbci.co.kr/news/articleView.html?idxno=412425
272,"""예쁘고 똑똑하다"" 재규어, 'XE'의 형님 'XJ'는 어떤 차?",http://www.edaily.co.kr/news/newspath.asp?newsid=02341926609470600
273,"천일오토모빌, 오는 9월까지 재규어 XJ 프레스티지 서비스 쿠폰 발행",http://wowstar.wowtv.co.kr/news/view.asp?newsid=71884
274,"재규어 랜드로버 공식딜러 천일오토모빌, 재규어 XJ 프레스티지 서비스 쿠폰 프로모션 실시",http://www.enewstoday.co.kr/news/articleView.html?idxno=407679
275,"재규어, XJ 후속은 2019년에?",http://autotimes.hankyung.com/apps/news.sub_view?popup=0&nid=04&c1=04&c2=04&c3=00&nkey=201603210033511
276,"재규어 랜드로버 코리아, 드라마 '펜트하우스'에 주력 라인업 차량 지원한다!",http://kr.aving.net/news/view.php?articleId=1595767&Branch_ID=kr&rssid=naver&mn_name=news
277,혼다 어코드ㆍ재규어 XJㆍBMW R1200GS 등 8900여대 리콜,http://www.hankookilbo.com/v/c7ec0ba219244f1e983abc2ac0babffb
278,"[시승기] 럭셔리카의 새로운 기준, 재규어 XJ",http://www.ajunews.com/view/20150717160312496
279,"재규어랜드로버코리아, SBS 인기 드라마 '펜트하우스'에 차량 지원",http://www.autodaily.co.kr/news/articleView.html?idxno=426060
280,"재규어, 화제의XE의 형 XJ는 어떤 차?",http://www.ccdailynews.com/news/articleView.html?idxno=810669
281,"천일오토모빌, 오는 9월까지 재규어 XJ 프레스티지 서비스 쿠폰 발행",http://wowstar.wowtv.co.kr/news/view.asp?newsid=71884
282,"재규어 랜드로버 공식딜러 천일오토모빌, 재규어 XJ 프레스티지 서비스 쿠폰 프로모션 실시",http://www.enewstoday.co.kr/news/articleView.html?idxno=407679
283,"재규어, XJ 후속은 2019년에?",http://autotimes.hankyung.com/apps/news.sub_view?popup=0&nid=04&c1=04&c2=04&c3=00&nkey=201603210033511
284,"재규어 랜드로버 코리아, 드라마 '펜트하우스'에 주력 라인업 차량 지원한다!",http://kr.aving.net/news/view.php?articleId=1595767&Branch_ID=kr&rssid=naver&mn_name=news
285,혼다 어코드ㆍ재규어 XJㆍBMW R1200GS 등 8900여대 리콜,http://www.hankookilbo.com/v/c7ec0ba219244f1e983abc2ac0babffb
286,"[시승기] 럭셔리카의 새로운 기준, 재규어 XJ",http://www.ajunews.com/view/20150717160312496
287,"재규어랜드로버코리아, SBS 인기 드라마 '펜트하우스'에 차량 지원",http://www.autodaily.co.kr/news/articleView.html?idxno=426060
288,재규어 XF·XJ 등 ‘제작 결함’ 1만 6000대 리콜,http://www.ekn.kr/news/article.html?no=390145
289,재규어 '뉴 XJ' 출시…수석 디자이너 방한,http://www.mbn.co.kr/pages/vod/programContents.php?progCode=683&menuCode=4385&bcastSeqNo=1117242
290,"재규어 랜드로버 코리아, 드라마 '펜트하우스'에 주력 라인업 차량 지원한다!",http://kr.aving.net/news/view.php?articleId=1595767&Branch_ID=kr&rssid=naver&mn_name=news
291,혼다 어코드ㆍ재규어 XJㆍBMW R1200GS 등 8900여대 리콜,http://www.hankookilbo.com/v/c7ec0ba219244f1e983abc2ac0babffb
292,"[시승기] 럭셔리카의 새로운 기준, 재규어 XJ",http://www.ajunews.com/view/20150717160312496
293,"재규어랜드로버코리아, SBS 인기 드라마 '펜트하우스'에 차량 지원",http://www.autodaily.co.kr/news/articleView.html?idxno=426060
294,재규어 XF·XJ 등 ‘제작 결함’ 1만 6000대 리콜,http://www.ekn.kr/news/article.html?no=390145
295,재규어 '뉴 XJ' 출시…수석 디자이너 방한,http://www.mbn.co.kr/pages/vod/programContents.php?progCode=683&menuCode=4385&bcastSeqNo=1117242
296,"재규어 코리아, 뉴XJ 출시… 가격 1억950만~2억2670만원",http://news.kukinews.com/article/view.asp?arcid=0010289382&code=41172011&cp=nv
297,[시승기]'도로 위의 요트' 재규어 XJ,http://www.edaily.co.kr/news/newspath.asp?newsid=01111926609338088
298,"[시승기] 재규어 XJ 3.0D LWB, 영국 신사의 멋스러운 품격",http://www.ebn.co.kr/news/view/743450
299,"[시승]지조 있는 영국 세단, 재규어 XJ 3.0ℓ 슈퍼차저 LWB",http://autotimes.hankyung.com/apps/news.sub_view?popup=0&nid=08&c1=08&c2=08&c3=00&nkey=201502172028341
300,"재규어 랜드로버, SBS 인기 드라마 ‘펜트하우스’에 차량 지원",http://www.rpm9.com/news/article.html?id=20210308090041
301,재규어 XF·XJ 등 ‘제작 결함’ 1만 6000대 리콜,http://www.ekn.kr/news/article.html?no=390145
302,재규어 '뉴 XJ' 출시…수석 디자이너 방한,http://www.mbn.co.kr/pages/vod/programContents.php?progCode=683&menuCode=4385&bcastSeqNo=1117242
303,"재규어 코리아, 뉴XJ 출시… 가격 1억950만~2억2670만원",http://news.kukinews.com/article/view.asp?arcid=0010289382&code=41172011&cp=nv
304,[시승기]'도로 위의 요트' 재규어 XJ,http://www.edaily.co.kr/news/newspath.asp?newsid=01111926609338088
305,"[시승기] 재규어 XJ 3.0D LWB, 영국 신사의 멋스러운 품격",http://www.ebn.co.kr/news/view/743450
306,"[시승]지조 있는 영국 세단, 재규어 XJ 3.0ℓ 슈퍼차저 LWB",http://autotimes.hankyung.com/apps/news.sub_view?popup=0&nid=08&c1=08&c2=08&c3=00&nkey=201502172028341
307,재규어 세단 '더 뉴 XJ' 내년 1월 출시,http://app.yonhapnews.co.kr/YNA/Basic/SNS/r.aspx?c=AKR20151228046200003&did=1195m
308,도로 위 비즈니스 클래스… CEO의 명차 '재규어 플래그십 세단 뉴 XJ',http://www.kyeonggi.com/news/articleView.html?idxno=893113
309,"재규어 XJ, CEO를 위한 특별한 차",http://www.etnews.com/20141229000002
310,재규어 '뉴 XJ' 출시…수석 디자이너 방한,http://mbn.mk.co.kr/pages/news/newsView.php?category=mbn00003&news_seq_no=2758877
311,"재규어 코리아, 뉴XJ 출시… 가격 1억950만~2억2670만원",http://news.kukinews.com/article/view.asp?arcid=0010289382&code=41172011&cp=nv
312,[시승기]'도로 위의 요트' 재규어 XJ,http://www.edaily.co.kr/news/newspath.asp?newsid=01111926609338088
313,"[시승기] 재규어 XJ 3.0D LWB, 영국 신사의 멋스러운 품격",http://www.ebn.co.kr/news/view/743450
314,"[시승]지조 있는 영국 세단, 재규어 XJ 3.0ℓ 슈퍼차저 LWB",http://autotimes.hankyung.com/apps/news.sub_view?popup=0&nid=08&c1=08&c2=08&c3=00&nkey=201502172028341
315,재규어 세단 '더 뉴 XJ' 내년 1월 출시,http://app.yonhapnews.co.kr/YNA/Basic/SNS/r.aspx?c=AKR20151228046200003&did=1195m
316,도로 위 비즈니스 클래스… CEO의 명차 '재규어 플래그십 세단 뉴 XJ',http://www.kyeonggi.com/news/articleView.html?idxno=893113
317,"CEO를 위한 특별한 차, 재규어 XJ",http://www.rpm9.com/news/article.html?id=20141229090003
318,"재규어 KCC오토모빌, 류현진 선수에 XJ 지원",http://www.edaily.co.kr/news/newspath.asp?newsid=02624006606315568
319,눈 길에 더욱 강한 '재규어 플래그십 세단 XJ AWD',http://www.ajunews.com/view/20141126153850341
320,"재규어 KCC오토모빌, 류현진 선수에 XJ 지원",http://www.edaily.co.kr/news/newspath.asp?newsid=02624006606315568
321,눈 길에 더욱 강한 '재규어 플래그십 세단 XJ AWD',http://www.ajunews.com/view/20141126153850341
322,재규어 XJ AWD면…빙판길 걱정 끝∼,http://biz.heraldcorp.com/view.php?ud=20141117000879
323,"[시승]재규어 최고 플래그십, 뉴 XJ 5.0ℓ 슈퍼차저",http://autotimes.hankyung.com/apps/news.sub_view?popup=0&nid=08&c1=08&c2=08&c3=00&nkey=201407171159451
324,"[시승기] 재규어 뉴 XJ, 거침없는 엔진파워·우아한 핸들링",http://www.fnnews.com/view?ra=Sent0601m_01A&corp=fnnews&arcid=201407090100095970004643&cDateYear=2014&cDateMonth=07&cDateDay=08&
325,[신차 드라이브]재규어 XJ 3.0 디젤 LWB,http://www.etnews.com/20140417000062
326,"재규어 랜드로버, 디자인 통해 현대적 고급 제품의 미래 재구상",http://www.gukjenews.com/news/articleView.html?idxno=2163927
327,"재규어, 최고급 세단 '뉴 XJ' 출시",http://www.ytn.co.kr/_ln/0102_201601251321205864
328,[재규어 뉴 XJ] `질주본능`에 안락함 더한 세단,http://news.mk.co.kr/news_forward.php?domain=news&no=376492&year=2014
329,토요타 프리우스·재규어 XJ 등 6288대 리콜,http://www.gpkorea.com/bbs/board.php?bo_table=gp_motorsports&wr_id=15613
330,"재규어, 최고급 세단 '뉴 XJ' 출시",http://www.ytn.co.kr/_ln/0102_201601251321205864
331,[재규어 뉴 XJ] `질주본능`에 안락함 더한 세단,http://news.mk.co.kr/news_forward.php?domain=news&no=376492&year=2014
332,"재규어 랜드로버, 현대적 고급 제품 미래 재구상 '시동'",http://www.cbci.co.kr/news/articleView.html?idxno=411521
333,토요타 프리우스·재규어 XJ 등 6288대 리콜,http://www.gpkorea.com/bbs/board.php?bo_table=gp_motorsports&wr_id=15613
334,"[시승기] 기아 K9 , 미끄러지듯 부드러운 승차감 vs 재규어 뉴XJ, 매끈한 외모·전좌석 마사지",http://www.hankyung.com/news/app/newsview.php?aid=2014022581481
335,[수입차 봄을 달린다] 재규어랜드로버 '뉴 XJ',https://news.naver.com/main/read.naver?mode=LSD&mid=sec&sid1=101&oid=011&aid=0002472558
336,"재규어, 월 150만원 '뉴 XJ' 장기렌트 프로모션",http://www.seoulfn.com/news/articleView.html?idxno=264889
337,[JOY RIDE] ⑨ 재규어 XJ 2.0 롱휠베이스,https://news.naver.com/main/read.naver?mode=LSD&mid=sec&sid1=101&oid=011&aid=0002458371
338,"<신차앤조이> 재규어 '뉴 XJ', 고품격으로 다시 태어나다",http://www.ajunews.com/view/20140116132707591
339,"재규어 코리아, 고품격 편의 사양이 추가된 '뉴 XJ' 출시",http://www.tvreport.co.kr/?c=news&m=newsview&idx=450138
340,"재규어 코리아, 고품격 편의 사양이 추가된 '뉴 XJ' 출시",http://www.tvreport.co.kr/?c=news&m=newsview&idx=450138
341,"재규어 코리아, 플래그십 럭셔리 세단 뉴 XJ 출시",http://www.sportsworldi.com/Articles/LeisureLife/Article.asp?aid=20140114021824&OutUrl=naver
342,디스커버리ㆍ재규어 XJㆍ인피니티 Q50 등 수입차 24종 리콜,http://www.etoday.co.kr/news/section/newsview.php?idxno=1352359
343,[포토] 재규어 '뉴 XJ' 우아한 자태 자랑,http://www.ebn.co.kr/news/view/813401
344,"[시승기]재규어 XJ 2.0, 다운사이징 럭셔리 세단의 진수",http://www.ebn.co.kr/news/n_view.html?id=647742
345,랜드로버 디스커버리4ㆍ재규어 XJ 등 2만대 엔진 재리콜,https://view.asiae.co.kr/article/2019061923072767530
346,[포토] 드라이빙에 자신감을 담은 재규어 XJ L 포트폴리오 SV6 AWD,http://autoin.edaily.co.kr/news/newspath.asp?newsid=04362406615963360
347,"재규어 XJ, 역시 '범접할 수 없는 럭셔리의 극치'",http://sports.chosun.com/news/ntype.htm?id=201308210100183000013789&servicedate=20130821
348,"[시승기] 재규어 XJ 2.0, 다운사이징 모범생",http://www.hankyung.com/news/app/newsview.php?aid=201308122599g
349,"재규어공식딜러 KCC오토모빌, 류현진 선수에 ‘재규어 XJ 3.0 SC LWB’ 지원",http://www.it.co.kr/news/article.html?no=2791833
350,"재규어코리아, 플래그십 세단 ‘뉴 XJ’ 출시…1억990만~2억2천790만원",http://www.ebn.co.kr/news/n_view.html?id=655333
351,디스커버리ㆍ재규어 XJㆍ인피니티 Q50 등 수입차 24종 리콜,http://www.etoday.co.kr/news/section/newsview.php?idxno=1352359
352,[포토] 재규어 '뉴 XJ' 우아한 자태 자랑,http://www.ebn.co.kr/news/view/813401
353,"[시승기]재규어 XJ 2.0, 다운사이징 럭셔리 세단의 진수",http://www.ebn.co.kr/news/n_view.html?id=647742
354,랜드로버 디스커버리4ㆍ재규어 XJ 등 2만대 엔진 재리콜,https://view.asiae.co.kr/article/2019061923072767530
355,[포토] 드라이빙에 자신감을 담은 재규어 XJ L 포트폴리오 SV6 AWD,http://autoin.edaily.co.kr/news/newspath.asp?newsid=04362406615963360
356,"재규어 XJ, 역시 '범접할 수 없는 럭셔리의 극치'",http://sports.chosun.com/news/ntype.htm?id=201308210100183000013789&servicedate=20130821
357,"[시승기] 재규어 XJ 2.0, 다운사이징 모범생",http://www.hankyung.com/news/app/newsview.php?aid=201308122599g
358,"재규어공식딜러 KCC오토모빌, 류현진 선수에 ‘재규어 XJ 3.0 SC LWB’ 지원",http://www.it.co.kr/news/article.html?no=2791833
359,"재규어랜드로버, XJ 탄생 50주년 기념 'XJ50' 출시",http://www.fnnews.com/news/201811081605557736
360,"재규어 뉴 xj 국내 출시, 도로 위의 전용기 탄생",http://www.tvreport.co.kr/?c=news&m=newsview&idx=450061
361,디스커버리ㆍ재규어 XJㆍ인피니티 Q50 등 수입차 24종 리콜,http://www.etoday.co.kr/news/section/newsview.php?idxno=1352359
362,[포토] 재규어 '뉴 XJ' 우아한 자태 자랑,http://www.ebn.co.kr/news/view/813401
363,"[시승기]재규어 XJ 2.0, 다운사이징 럭셔리 세단의 진수",http://www.ebn.co.kr/news/n_view.html?id=647742
364,랜드로버 디스커버리4ㆍ재규어 XJ 등 2만대 엔진 재리콜,https://view.asiae.co.kr/article/2019061923072767530
365,[포토] 드라이빙에 자신감을 담은 재규어 XJ L 포트폴리오 SV6 AWD,http://autoin.edaily.co.kr/news/newspath.asp?newsid=04362406615963360
366,"재규어 XJ, 역시 '범접할 수 없는 럭셔리의 극치'",http://sports.chosun.com/news/ntype.htm?id=201308210100183000013789&servicedate=20130821
367,"[시승기] 재규어 XJ 2.0, 다운사이징 모범생",http://www.hankyung.com/news/app/newsview.php?aid=201308122599g
368,"재규어공식딜러 KCC오토모빌, 류현진 선수에 ‘재규어 XJ 3.0 SC LWB’ 지원",http://www.it.co.kr/news/article.html?no=2791833
369,"재규어랜드로버, XJ 탄생 50주년 기념 'XJ50' 출시",http://www.fnnews.com/news/201811081605557736
370,새로운 심장을 단 영국의 야수…2013년형 재규어 XJ & XF,http://news.mk.co.kr/news_forward.php?domain=news&no=343844&year=2013
371,"[시승기]재규어 XJ 2.0, 대형세단에 다운사이징 입힌 '럭셔리차'",http://www.edaily.co.kr/news/newspath.asp?newsid=01115206602781368
372,[세기의 車 디자이너] 11. 미국 포드·영국 재규어 빚은 이안칼럼 “XJ는 남다른 차“,http://www.khan.co.kr/kh_news/art_view.html?artid=201304291704372&code=920508
373,"<시승기> 재규어 XJ 3.0, ""나를 007로 만들어 주는 차""",http://www.ajunews.com/kor/view.jsp?newsId=20130425000212
374,[재규어 XJ 시승기] 근육질 몸매에 英 젠틀맨의 중후함까지,http://www.sportsworldi.com/Articles/LeisureLife/Article.asp?aid=20130423005725&OutUrl=naver
375,"국토부, 혼다 어코드·재규어 XJ 등 리콜",http://autotimes.hankyung.com/apps/news.sub_view?popup=0&nid=03&c1=03&c2=03&c3=00&nkey=201708101121271
376,"타볼까, 국내 1호차 판매된 재규어 최고가 차량 ‘XJ 얼티밋’",http://www.nspna.com/news/?mode=view&newsid=58721
377,"재규어 XJ 얼티밋, 모델 1호차 판매 완료",http://news.mk.co.kr/news_forward.php?domain=news&no=244372&year=2013
378,"[시승기] 재규어XJ, 중형 엔진인데 힘 넘쳐…재규어XF, 폭발적인 가속력",http://www.hankyung.com/news/app/newsview.php?aid=2013032501891
379,"재규어, 다운사이징 된 XJ와 XF 타보니… 성능 안 빠지네",http://biz.chosun.com/site/data/html_dir/2013/03/20/2013032000373.html
380,"'2억8천만원' 재규어 XJ 얼티밋, '서울모터쇼' 개막 첫날 팔았다",http://www.mydaily.co.kr/new_yk/html/read.php?newsid=201303311309344430&ext=na
381,"[시승기] 재규어XJ, 중형 엔진인데 힘 넘쳐…재규어XF, 폭발적인 가속력",http://www.hankyung.com/news/app/newsview.php?aid=2013032501891
382,"재규어, 다운사이징 된 XJ와 XF 타보니… 성능 안 빠지네",http://biz.chosun.com/site/data/html_dir/2013/03/20/2013032000373.html
383,[시승기]D버튼 누르니 車가 도로에 붙은 듯 질주…재규어 XJ 2.0,http://www.asiae.co.kr/news/view.htm?idxno=2013031910244713886
384,[시승기]재규어 XJ 2.0 몰아보니…‘야성미 감춘 세단’,http://www.khan.co.kr/kh_news/art_view.html?artid=201303131135441&code=920508
385,"[시승기] 재규어 XJ 3.0 “180도, 곡선주로 50km/h로 진입했더니”",http://economy.donga.com/dongAuto/3/0111/20130311/53605436/2
386,[시승기] 새 엔진 장착 재규어 'XF' 'XJ',http://news20.busan.com/controller/newsController.jsp?newsId=20130311000045
387,[시승기] 재규어 XJ 2.0…까다로운 그녀? 의외로 편안해,https://news.naver.com/main/read.naver?mode=LSD&mid=sec&sid1=103&oid=003&aid=0005019781
388,[시승기] 재규어 XJ·XF,https://news.naver.com/main/read.naver?mode=LSD&mid=sec&sid1=101&oid=011&aid=0002310993
389,[판 뒤흔들 카]재규어 2013년형 XJ 2.0,http://www.asiae.co.kr/news/view.htm?idxno=2013021407450085481
390,[시승기] 새 엔진 장착 재규어 'XF' 'XJ',http://news20.busan.com/controller/newsController.jsp?newsId=20130311000045
391,[시승기] 재규어 XJ 2.0…까다로운 그녀? 의외로 편안해,https://news.naver.com/main/read.naver?mode=LSD&mid=sec&sid1=103&oid=003&aid=0005019781
392,[시승기] 재규어 XJ·XF,https://news.naver.com/main/read.naver?mode=LSD&mid=sec&sid1=101&oid=011&aid=0002310993
393,[판 뒤흔들 카]재규어 2013년형 XJ 2.0,http://www.asiae.co.kr/news/view.htm?idxno=2013021407450085481
394,"<2013 신차대전> 재규어의 기함 XJ, 효율성을 더하다",http://www.ajunews.com/common/redirect.jsp?newsId=20130131000583
395,"재규어 코리아, XJ 3.0수퍼차저 AWD 출시",http://www.sportsworldi.com/Articles/LeisureLife/Article.asp?aid=20130122021977&OutUrl=naver
396,"재규어 코리아, XJ 3.0수퍼차저 AWD 출시",http://www.tvreport.co.kr/?c=news&m=newsview&idx=302871
397,"재규어車, 프리미엄 세단 3종 출시…'XJ 3.0 수퍼차저 SWB' 1억 3400만 원",http://www.osen.co.kr/article/G1109524025
398,재규어 ‘더 뉴 재규어 XJ’… 가벼운 알루미늄 차체 특유의 외관 계승,http://news.kukinews.com/article/view.asp?page=1&gCode=kmi&arcid=0006696910&cp=nv
399,[클래식카] 44. 영국의 대표 럭셔리 세단 ‘재규어 XJ’,http://www.khan.co.kr/kh_news/art_view.html?artid=201209242058562&code=920508
400,"재규어, 1.7억짜리 XJ 3.0슈퍼차저 AWD 출시",http://news1.kr/articles/978276
401,"재규어車, 프리미엄 세단 3종 출시…'XJ 3.0 수퍼차저 SWB' 1억 3400만 원",http://www.osen.co.kr/article/G1109524025
402,재규어 ‘더 뉴 재규어 XJ’… 가벼운 알루미늄 차체 특유의 외관 계승,http://news.kukinews.com/article/view.asp?page=1&gCode=kmi&arcid=0006696910&cp=nv
403,[클래식카] 44. 영국의 대표 럭셔리 세단 ‘재규어 XJ’,http://www.khan.co.kr/kh_news/art_view.html?artid=201209242058562&code=920508
404,"이안 칼럼 재규어 디자이너, 더 뉴 XJ 소개 위해 방한 예정",http://news.mk.co.kr/newsRead.php?no=1188942&year=2015
405,"재규어 코리아, 플래그십 럭셔리 세단 뉴 XJ 출시",http://www.nocutnews.co.kr/show.asp?idx=2746894
406,"타볼까, 도로 위의 전용기 재규어 ‘뉴 XJ’",http://www.nspna.com/news/?mode=view&newsid=78384
407,[시승기]우아함+폭발적 성능 '재규어 XJ 5.0',http://www.asiae.co.kr/news/view.htm?idxno=2012072022363893374
408,[고성능 수입차 4색 대결-재규어] 최고를 위한 최상의 플래그십 세단 'XJ ',http://news20.busan.com/news/newsController.jsp?newsId=20120425000010
409,[시승기] 재규어랜드로버 '뉴 XJ',http://www.imaeil.com/sub_news/sub_news_view.php?news_id=7602&yy=2014
410,"재규어 XJ와 XF, 3.0 수퍼차저 모델 선보여",http://biz.chosun.com/site/data/html_dir/2013/01/07/2013010701710.html
411,재규어 ‘더 뉴 재규어 XJ’… 가벼운 알루미늄 차체 특유의 외관 계승,http://news.kukinews.com/article/view.asp?page=1&gCode=kmi&arcid=0006696910&cp=nv
412,[클래식카] 44. 영국의 대표 럭셔리 세단 ‘재규어 XJ’,http://www.khan.co.kr/kh_news/art_view.html?artid=201209242058562&code=920508
413,"이안 칼럼 재규어 디자이너, 더 뉴 XJ 소개 위해 방한 예정",http://news.mk.co.kr/newsRead.php?no=1188942&year=2015
414,"재규어 코리아, 플래그십 럭셔리 세단 뉴 XJ 출시",http://www.nocutnews.co.kr/show.asp?idx=2746894
415,"타볼까, 도로 위의 전용기 재규어 ‘뉴 XJ’",http://www.nspna.com/news/?mode=view&newsid=78384
416,[시승기]우아함+폭발적 성능 '재규어 XJ 5.0',http://www.asiae.co.kr/news/view.htm?idxno=2012072022363893374
417,[고성능 수입차 4색 대결-재규어] 최고를 위한 최상의 플래그십 세단 'XJ ',http://news20.busan.com/news/newsController.jsp?newsId=20120425000010
418,[시승기] 재규어랜드로버 '뉴 XJ',http://www.imaeil.com/sub_news/sub_news_view.php?news_id=7602&yy=2014
419,[JAGUAR] 야수성 눈뜬 왕실의 Luxury Car…재규어 All New XJ,http://news.mk.co.kr/news_forward.php?domain=news&no=129769&year=2012
420,[클래식카] 44. 영국의 대표 럭셔리 세단 ‘재규어 XJ’,http://www.khan.co.kr/kh_news/art_view.html?artid=201209242058562&code=920508
421,"이안 칼럼 재규어 디자이너, 더 뉴 XJ 소개 위해 방한 예정",http://news.mk.co.kr/newsRead.php?no=1188942&year=2015
422,"재규어 코리아, 플래그십 럭셔리 세단 뉴 XJ 출시",http://www.nocutnews.co.kr/show.asp?idx=2746894
423,"타볼까, 도로 위의 전용기 재규어 ‘뉴 XJ’",http://www.nspna.com/news/?mode=view&newsid=78384
424,[시승기]우아함+폭발적 성능 '재규어 XJ 5.0',http://www.asiae.co.kr/news/view.htm?idxno=2012072022363893374
425,[고성능 수입차 4색 대결-재규어] 최고를 위한 최상의 플래그십 세단 'XJ ',http://news20.busan.com/news/newsController.jsp?newsId=20120425000010
426,[시승기] 재규어랜드로버 '뉴 XJ',http://www.imaeil.com/sub_news/sub_news_view.php?news_id=7602&yy=2014
427,[JAGUAR] 야수성 눈뜬 왕실의 Luxury Car…재규어 All New XJ,http://news.mk.co.kr/news_forward.php?domain=news&no=129769&year=2012
428,[고성능 세단이 몰려온다] 뉴 재규어 XJ,https://news.naver.com/main/read.naver?mode=LSD&mid=sec&sid1=101&oid=011&aid=0002219789
429,"'더 뉴 재규어 XJ', 100대 한정 특별 프로모션 실시",http://sportsworldi.segye.com/Articles/LeisureLife/Article.asp?aid=20120215004292
430,[JAGUAR] 야수성 눈뜬 왕실의 Luxury Car…재규어 All New XJ,http://news.mk.co.kr/news_forward.php?domain=news&no=129769&year=2012
431,[고성능 세단이 몰려온다] 뉴 재규어 XJ,https://news.naver.com/main/read.naver?mode=LSD&mid=sec&sid1=101&oid=011&aid=0002219789
432,"'더 뉴 재규어 XJ', 100대 한정 특별 프로모션 실시",http://sportsworldi.segye.com/Articles/LeisureLife/Article.asp?aid=20120215004292
433,"재규어, 대형 E-SUV J-Pace 개발 계획..테슬라 모델 X 맞불 예고",http://www.dailycar.co.kr/content/news.html?type=view&autoId=38456
434,[자동차 단신] 재규어 부분변경 모델 ‘뉴 XJ’ 출시,http://news.kmib.co.kr/article/view.asp?arcid=0923406534&code=14140000&cp=nv
435,"재규어코리아, 부분변경 거친 XJ 출시",http://autotimes.hankyung.com/apps/news.sub_view?popup=0&nid=03&c1=03&c2=03&c3=00&nkey=201601251031091
436,"[시승기] 재규어 XJ 3.0D 프리미엄 럭셔리 LWB “주차장 민폐, 도로위 경계”",http://car.donga.com/3/all/20131213/59533924/1
437,"재규어XJ, '오감 만족' 럭셔리 스포츠 세단",http://news.mtn.co.kr/newscenter/news_viewer.mtn?gidx=2013072619292974383
438,"‘스마일’ 스마트포투 vs ‘잰걸음’ 재규어XJ, “그때 그때 달라요!”",http://sports.khan.co.kr/news/sk_index.html?cat=view&art_id=201110311740313&sec_id=563002&pt=nv
439,재규어 2005년식 XJ..2000만원대에 살 수 있다?,http://www.edaily.co.kr/news/newspath.asp?newsid=02076246596415216
440,"[포토]재규어, 뉴 XJ 국내 출시 ‘대형세단의 독보적 존재감’",http://car.donga.com/3/all/20160125/76116214/2
441,"[시승기] 재규어 XJ 3.0D 프리미엄 럭셔리 LWB “주차장 민폐, 도로위 경계”",http://car.donga.com/3/all/20131213/59533924/1
442,"재규어XJ, '오감 만족' 럭셔리 스포츠 세단",http://news.mtn.co.kr/newscenter/news_viewer.mtn?gidx=2013072619292974383
443,"‘스마일’ 스마트포투 vs ‘잰걸음’ 재규어XJ, “그때 그때 달라요!”",http://sports.khan.co.kr/news/sk_index.html?cat=view&art_id=201110311740313&sec_id=563002&pt=nv
444,재규어 2005년식 XJ..2000만원대에 살 수 있다?,http://www.edaily.co.kr/news/newspath.asp?newsid=02076246596415216
445,"['가을'을 타다]재규어 올 뉴 XJ, 명품 위에 명품으로",http://www.asiae.co.kr/news/view.htm?idxno=2011091918050975475
446,"재규어 ""올 뉴 XJ'·'XF',42개월 무이자로 사세요""",http://news.etomato.com/pagelog/popup_log.asp?newsseq=185908
447,"""소녀시대 도쿄돔 라이브 듣는 듯 빵빵""…재규어 XJ 오디오는 쏘나타값",http://www.hankyung.com/news/app/newsview.php?aid=201109093281g
448,"영국왕실 자존심 '재규어XJ', 제동력·가속력 ""이름값 제대로""",https://cnbc.sbs.co.kr/article_hub/10000170260?division=NAVER
449,[달아오르는 수입차 시장] 재규어 XJ 5.0 수퍼스포트,https://news.naver.com/main/read.naver?mode=LSD&mid=sec&sid1=101&oid=011&aid=0002166423
450,역사 속 명차 계보 잇는..재규어 ‘올 뉴 XJ’,http://sports.chosun.com/news/ntype.htm?id=201107140100116480009528&servicedate=20110713
451,[달아오르는 수입차 시장] 재규어 XJ 5.0 수퍼스포트,https://news.naver.com/main/read.naver?mode=LSD&mid=sec&sid1=101&oid=011&aid=0002166423
452,[재규어 '올 뉴 XJ'] 세계 톱 디자이너 작품… 고급의 새 기준,http://news20.busan.com/news/newsController.jsp?subSectionId=1010020000&newsId=20110705000169
453,2억7000만원 재규어 'XJ 얼티밋' 현장에서 즉시 팔려,http://economy.donga.com/dongAuto/3/0111/20130401/54110313/2
454,"재규어 XJ 얼티밋, 서울모터쇼 개막 첫 날 판매",http://autotimes.hankyung.com/apps/news.sub_view?popup=0&nid=03&c1=03&c2=03&c3=00&nkey=201303311500491
455,[프랑크푸르트 모터쇼]재규어 플래그십 신형 XJ “럭셔리 그 자체”,http://car.donga.com/3/all/20130821/57147702/3
456,"<이충희 기자의 생생 시승기>최상의 가치를 원하는 이들에게 최고의 가치를 전달하는 재규어 플래그십, 올 뉴 XJ",http://biz.heraldm.com/common/redirect.jsp?category_id=010501020000&news_id=20110613000809
457,"'펜트하우스' 천서진이 타는 차는?…재규어 랜드로버, 드라마에 차량 협찬",http://www.edaily.co.kr/news/newspath.asp?newsid=01774486628981352
458,“재규어 올 뉴 XJ는 디자인 모방의 대상”,http://sports.chosun.com/news/ntype.htm?id=201105280100253050020677&servicedate=20110527
459,[포토뉴스]재규어 XJ 2.0 LWB 내부 살펴보니,http://www.khan.co.kr/kh_news/art_view.html?artid=201303111605511&code=920508
460,"'펜트하우스' 천서진이 타는 차는?…재규어 랜드로버, 드라마에 차량 협찬",http://www.edaily.co.kr/news/newspath.asp?newsid=01774486628981352
461,“재규어 올 뉴 XJ는 디자인 모방의 대상”,http://sports.chosun.com/news/ntype.htm?id=201105280100253050020677&servicedate=20110527
462,[포토뉴스]재규어 XJ 2.0 LWB 내부 살펴보니,http://www.khan.co.kr/kh_news/art_view.html?artid=201303111605511&code=920508
463,"재규어 플래그십 세단 '올 뉴 XJ', 신라호텔 전용 웨딩카로 변신",http://kr.aving.net/news/view.php?articleId=198481&Branch_ID=kr&rssid=naver&mn_name=news
464,<시승기>아름다운 재규어 ‘올 뉴 XJ’,http://news.donga.com/3/all/20110516/37271556/2
465,"재규어 올 뉴 XJ, '2011 올해의 차'로 선정",http://kr.aving.net/news/view.php?articleId=195362&Branch_ID=kr&rssid=naver&mn_name=news
466,"재규어 올 뉴 XJ, ‘2011 올해의 차’ 수상",http://news.mk.co.kr/news_forward.php?no=253808&year=2011
467,원주 동부 ‘재규어XJ 귀가 서비스’ 이벤트 실시,https://sports.news.naver.com/news.nhn?oid=065&aid=0000045892
468,"재규어코리아, XJ 3.0수퍼차저 AWD 출시",http://www.joseilbo.com/news/news_read.php?uid=168901&class=54
469,"재규어코리아, 2013년형 XJ·XF 출시",http://www.mt.co.kr/view/mtview.php?type=1&no=2013010714130288398&outlink=1
470,<시승기>아름다운 재규어 ‘올 뉴 XJ’,http://news.donga.com/3/all/20110516/37271556/2
471,"“XF 타는 천서진”…재규어랜드로버, SBS 드라마 ‘펜트하우스’ 협찬",http://www.dt.co.kr/contents.html?article_no=2021030802109932064003&ref=naver
472,"재규어 올 뉴 XJ, '2011 올해의 차'로 선정",http://kr.aving.net/news/view.php?articleId=195362&Branch_ID=kr&rssid=naver&mn_name=news
473,"재규어 올 뉴 XJ, ‘2011 올해의 차’ 수상",http://news.mk.co.kr/news_forward.php?no=253808&year=2011
474,원주 동부 ‘재규어XJ 귀가 서비스’ 이벤트 실시,https://sports.news.naver.com/news.nhn?oid=065&aid=0000045892
475,"재규어코리아, XJ 3.0수퍼차저 AWD 출시",http://www.joseilbo.com/news/news_read.php?uid=168901&class=54
476,"재규어코리아, 2013년형 XJ·XF 출시",http://www.mt.co.kr/view/mtview.php?type=1&no=2013010714130288398&outlink=1
477,"[시승기]세단을 가장한 스포츠카, 재규어 ‘올 뉴 XJ’",https://news.naver.com/main/read.naver?mode=LSD&mid=sec&sid1=101&oid=003&aid=0003655084
478,[CAR/석동빈 기자의 DRIVEN]재규어 올 뉴 XJ 5.0SC SWB,http://news.donga.com/3/all/20110119/34051778/1
479,"고급스러운 질주본능, 재규어 올 뉴XJ",http://www.segye.com/Articles/NEWS/ECONOMY/Article.asp?aid=20110110003433&subctg1=&subctg2=
480,"車전문기자 호평..재규어 올 뉴 XJ, '올해의 車'",http://sports.chosun.com/news/ntype.htm?id=201104210100214250015435&servicedate=20110421
481,원주 동부 ‘재규어XJ 귀가 서비스’ 이벤트 실시,https://sports.news.naver.com/news.nhn?oid=065&aid=0000045892
482,"재규어코리아, XJ 3.0수퍼차저 AWD 출시",http://www.joseilbo.com/news/news_read.php?uid=168901&class=54
483,"재규어코리아, 2013년형 XJ·XF 출시",http://www.mt.co.kr/view/mtview.php?type=1&no=2013010714130288398&outlink=1
484,"[시승기]세단을 가장한 스포츠카, 재규어 ‘올 뉴 XJ’",https://news.naver.com/main/read.naver?mode=LSD&mid=sec&sid1=101&oid=003&aid=0003655084
485,[CAR/석동빈 기자의 DRIVEN]재규어 올 뉴 XJ 5.0SC SWB,http://news.donga.com/3/all/20110119/34051778/1
486,"고급스러운 질주본능, 재규어 올 뉴XJ",http://www.segye.com/Articles/NEWS/ECONOMY/Article.asp?aid=20110110003433&subctg1=&subctg2=
487,외국 임원들의 럭셔리카 시승기-재규어XJ,http://view.koreaherald.com/kh/view.php?ud=20121203000867
488,"폴 스미스(Paul Smith), 재규어XJ와 함께 서울을 누비다",http://www.newspim.com/common/redirect.jsp?newsId=20101020000108
489,"패션 디자이너 폴 스미스, 재규어 올 뉴 XJ를 탄다",http://www.segye.com/Articles/NEWS/ECONOMY/Article.asp?aid=20101019004227&subctg1=&subctg2=
490,"재규어코리아, 2013년형 XJ·XF 출시",http://www.mt.co.kr/view/mtview.php?type=1&no=2013010714130288398&outlink=1
491,"[시승기]세단을 가장한 스포츠카, 재규어 ‘올 뉴 XJ’",https://news.naver.com/main/read.naver?mode=LSD&mid=sec&sid1=101&oid=003&aid=0003655084
492,[CAR/석동빈 기자의 DRIVEN]재규어 올 뉴 XJ 5.0SC SWB,http://news.donga.com/3/all/20110119/34051778/1
493,"고급스러운 질주본능, 재규어 올 뉴XJ",http://www.segye.com/Articles/NEWS/ECONOMY/Article.asp?aid=20110110003433&subctg1=&subctg2=
494,외국 임원들의 럭셔리카 시승기-재규어XJ,http://view.koreaherald.com/kh/view.php?ud=20121203000867
495,"폴 스미스(Paul Smith), 재규어XJ와 함께 서울을 누비다",http://www.newspim.com/common/redirect.jsp?newsId=20101020000108
496,"패션 디자이너 폴 스미스, 재규어 올 뉴 XJ를 탄다",http://www.segye.com/Articles/NEWS/ECONOMY/Article.asp?aid=20101019004227&subctg1=&subctg2=
497,재규어 플래그십 세단 ‘올 뉴 XJ’ 타보니,http://www.khan.co.kr/kh_news/art_view.html?artid=201010101846285&code=920508
498,"[시승기] 재규어XJ - 정글의 왕자, 달리는 요트로 돌아오다",http://www.etoday.co.kr/news/section/newsview.php?TM=news&SM=0405&idxno=364591
499,[재규어 올 뉴 XJ] 충격 흡수 탁월하고 변속 부드럽고 빨라,http://news.mk.co.kr/news_forward.php?no=534302&year=2010
