,title,url
0,"아우디, S 라인업은 '일상 속 스포츠카'",http://autotimes.hankyung.com/apps/news.sub_view?popup=0&nid=02&c1=02&c2=02&c3=00&nkey=202204261101091
1,"아우디 고성능 라인업 'S', 한국서 판매되는 차종별 특징 비교하니...",http://daily.hankooki.com/news/articleView.html?idxno=816995
2,[시승기]' 넓은 트렁크에 폭발적인 주행 성능'....아우디 A5 스포츠백 40TFSI,http://www.g-enews.com/ko-kr/news/article/news_all/202108301527034602938f3ba357_1/article.html
3,아우디 A5 e-트론 2도어 쿠페 미리 보기…너무 우아해!,http://www.thedrive.co.kr/news/newsview.php?ncode=1065597671123178
4,[고성능 수입新車]업그레이드로 돌아온 '더 뉴 아우디 A5',https://view.asiae.co.kr/article/2021032514285585949
5,"아우디 A5, C클래스 쿠페·4시리즈에 도전장..과연 소비자 선택은?",http://www.dailycar.co.kr/content/news.html?type=view&autoId=39073
6,"아우디, 'A5 스포트백 40 TFSI 콰트로' 등 경쟁력 있는 모델로 국내시장 공략",http://www.autodaily.co.kr/news/articleView.html?idxno=426243
7,[별별시승]‘펀 드라이빙’에 연비까지 챙긴 ‘더 뉴 아우디 A5’,https://www.sedaily.com/NewsView/22JZETI829
8,"[카 라이프] 더 뉴 아우디 A5, 더 세련됐다…3년만에 부분변경 `A5 2세대`",http://news.mk.co.kr/newsRead.php?no=697189&year=2020
9,[시승기] 정체구간서 주행 편의 돕는 ‘더 아우디 A5’,https://zdnet.co.kr/view/?no=20200629170923
10,제네시스 G80 저격수 될까? 아우디의 쿠페형 세단 '더 뉴 A5',http://www.sportsseoul.com/news/read/924408?ref=naver
11,"아우디, A4와 A5 부분변경 출시…새로워진 내외관 디자인",http://www.edaily.co.kr/news/newspath.asp?newsid=01210326625799096
12,"아우디, ‘더 뉴 아우디 A4’, ‘더 뉴 아우디 A5’ 출시",http://www.getnews.co.kr/view.php?ud=2020060414250062666a6b374224_16
13,"'아우디, 지금부터가 시작'. A6 이어 신형 A4. A5까지 동시 투입",http://www.autodaily.co.kr/news/articleView.html?idxno=419730
14,"아우디코리아, 내달 3일 'A4·A5' 출시…디지털 론칭 기대감",https://view.asiae.co.kr/article/2020052811525532663
15,"‘더 뉴 아우디 A4’, ‘더 뉴 아우디 A5’ 디지털 론칭 사전등록 이벤트",http://sports.hankooki.com/lpage/economy/202005/sp20200527173641136990.htm?s_ref=nv
16,"3일 더 뉴 아우디 A4·A5, 디지털 론칭…사전등록 혜택 '풍성'",http://www.newsis.com/view/?id=NISX20200525_0001035656&cID=13001&pID=13000
17,"아우디, '더 뉴 아우디 A4·A5'... 디지털 런칭 사전등록 이벤트 실시",http://www.paxetv.com/news/articleView.html?idxno=92827
18,아우디 호주서 '치명적 결함' 발견 … 1만8186대 리콜,http://www.safetimes.co.kr/news/articleView.html?idxno=109217
19,"만만치 않은 승부, 볼보 S60 vs. 아우디 A5 스포트백",https://www.motortrendkorea.com/sub/view.html?no=4392&cate1Name=WHICHCAR
20,[시승기] 격무에 지친 당신을 위한 차… 아우디 A5,http://moneys.mt.co.kr/news/mwView.php?no=2019121312058044627
21,"[시승기] 가볍게 즐기는 스포츠 감성, 아우디 A5 스포트백 45 TFSI 콰트로",http://www.hankookilbo.com/news/npath/201911251060798138?did=NA
22,"[시승기] 강철 심장 품은 멋쟁이, 아우디 A5 스포트백",http://www.ekn.kr/news/article.html?no=465442
23,"아우디파이낸셜, A5 스포트백 잔가 보장 금융 프로그램 런칭",http://www.getnews.co.kr/view.php?ud=2019111815090882336a6b374224_16
24,[구상 칼럼] 발터 드 실바가 설계한..아우디 A5의 디자인 포인트는?,http://www.dailycar.co.kr/content/news.html?type=view&autoId=35095
25,"[시승기]아우디 A5 스포트백, 시선 강탈 외모에 다이나믹 엔진까지",https://view.asiae.co.kr/article/2019102011120817742
26,"아우디, 날렵한 이미지와 첨단 기술을 더한 2020 A5 스포츠백 공개",http://www.hankookilbo.com/news/npath/201910180788023673?did=NA
27,[시승기] 다시 돌아온 아우디 선봉장..아우디 A5 스포트백,http://www.dailycar.co.kr/content/news.html?type=view&autoId=34804
28,"아우디 A5, 소프트백·쿠페·카브리올레 가격과 성능 눈길",http://www.kyeongin.com/main/view.php?key=20190929001102563
29,[포토] '진화한 디자인 아이콘' 아우디 A5 쿠페,http://www.ajunews.com/view/20191031171300627
30,"'비즈니스 정상화 박차' 아우디, 선봉장은 '더 뉴 A5'",http://www.newsprime.co.kr/news/article.html?no=473393
31,‘더 뉴 아우디 A5 45 TFSI 콰트로’ 출시···6237만~7268만원,http://www.newsway.co.kr/news/view?tp=1&ud=2019082810234231938
32,"아우디 코리아, '더 뉴 아우디 A5 45 TFSI 콰트로' 국내 출시···6237만원부터",http://www.seoulfn.com/news/articleView.html?idxno=353760
33,"6년만의 풀체인지 2세대 ‘더 뉴 아우디 A5’, S라인으로 살린 스포츠 감성 ",http://www.osen.co.kr/article/G1111212277
34,"돌아온 아우디, '2세대 A5' 국내 출시…6237만~",http://www.thedrive.co.kr/news/newsview.php?ncode=1065599793126423
35,[포토]아우디 'A5 스포트백 45 TFSI 콰트로' 출시,http://news.bizwatch.co.kr/article/industry/2019/08/26/0008/naver
36,"아우디 마니아들, '오래 기다렸다' Q7 올 도입분 마감 임박. A5 스포트백도 인기",http://www.autodaily.co.kr/news/articleView.html?idxno=410740
37,"아우디 코리아, 2019 '아우디 A5 스포트백 45 TFSI 콰트로 프리미엄' 사전계약 실시!",http://kr.aving.net/news/view.php?articleId=1537917&Branch_ID=kr&rssid=naver&mn_name=news
38,아우디 A5 스포트백 할인 최대 1037만원···A3 사전계약도 '임박',http://www.ebn.co.kr/news/view/994706
39,"아우디, 반년 만에 판매 재개…'Q7' 'A5' 9월 인도",http://www.dailian.co.kr/news/view/813271/?sc=naver
40,"'조기 소진 된다더니'...20% 할인에 들썩였던 아우디 인증중고차, 아직도 재고 남아",http://www.autodaily.co.kr/news/articleView.html?idxno=432888
41,"[이영훈의 뷰카인더]아우디 A5 출시, 감성-기능 최적의 조화",http://www.inews24.com/view/1204355
42,아우디 A5 스포트백 페이스 리프트 ‘스파이샷’ 포착..달라진 점은?,http://www.dailycar.co.kr/content/news.html?type=view&autoId=33743
43,"[머니S포토] 더 뉴아우디A5 45 TFSI콰트로, 최고출력 252마력",http://moneys.mt.co.kr/news/mwView.php?no=2019082613498062535
44,[머니S포토] 6년만에 돌아온 더 뉴아우디A5 45 TFSI콰트로,http://moneys.mt.co.kr/news/mwView.php?no=2019082613488092675
45,[원호연의 시승기 - 더 뉴 아우디 A5 40 TFSI 콰트로] 유려한 곡선의 세련미·편안한 승차감…넓은 해치도어로 실용성까지 ‘팔방미인’,http://news.heraldcorp.com/view.php?ud=20210615000408
46,[시승기] 잘 생겼는데 성능도 좋아…돌아온 ‘팔방미인’ 더 뉴 아우디 A5 스포트백,http://news.kmib.co.kr/article/view.asp?arcid=0016033561&code=61172011&cp=nv
47,잘 빠진데다 빼어난 성능… ‘더 뉴 아우디 A5’ 신차 팔방미인이네,http://news.kmib.co.kr/article/view.asp?arcid=0924200009&code=14140000&cp=nv
48,'보조히터·전조등' 결함…아우디 A5·르노삼성 QM3 리콜,http://www.kbench.com/?q=node/186176
49,"""신차고객도 몰린다"" 2천여대 인증중고차로 풀리는 '아우디 A6·A4' 계약 폭주",http://www.autodaily.co.kr/news/articleView.html?idxno=431056
50,"아우디 '신형 A5', 이렇게 나올까? 신형 A4 닮은 추정 렌더링 등록돼",http://www.kbench.com/?q=node/161532
51,"아우디 '신형 A5 스포트백' 스파이샷 포착, 다이어트가 대세인가?",http://www.kbench.com/?q=node/160791
52,[신차 브리핑!]‘더 뉴 아우디 A5 스포트백 40 TFSI 콰트로’,https://sports.hankooki.com/lpage/economy/202103/sp20210312175845136990.htm?s_ref=nv
53,"아우디코리아, '더 뉴 A5 스포트백 40 TFSI 콰트로' 출시. 가격은 5,712만원 부터",http://www.autodaily.co.kr/news/articleView.html?idxno=426161
54,안락함·스포티함 강조 ‘아우디A5스포트백40 TFSI콰트로’출시···5700만원~,http://www.newsway.co.kr/news/view?tp=1&ud=2021031109144671589
55,"아우디, 가격부담 줄인 'A5 스포트백' 40 TFSI 2종 출시",http://www.mediapen.com/news/view/608317
56,아우디 중형세단 '더 뉴 A5 스포트백 40 TFSI 콰트로' 출시,http://www.fnnews.com/news/202103111014496025
57,아우디 A5 스포트백 40 TFSI 콰트로 출시,http://news.mk.co.kr/newsRead.php?no=234460&year=2021
58,"아우디, ‘A5 스포트백 40 TFSI 콰트로’ 출시…5700만원부터",http://www.viva100.com/main/view.php?key=20210311010002992
59,"아우디, ‘A5 스포트백 40 TFSI 콰트로’ 출시… 5701만 원~",http://www.thedrive.co.kr/news/newsview.php?ncode=1065573858357745
60,"아우디, 디젤차 재고 2천대 인증중고차로 판매..‘평택 에디션’ 부활하나(?)",http://www.dailycar.co.kr/content/news.html?type=view&autoId=42196
61,"[NW시승기]아우디, 신개념 쿠페 ‘A5 스포티 백’",http://www.newsway.co.kr/view.php?tp=1&ud=2014011309122783240
62,"[시승기] 아우디A5 스포트백, 쿠페+세단 장점만 모았다",http://www.newspim.com/common/redirect.jsp?newsId=20130922000063
63,[시승기] 뉴 아우디 A5 스포트백-시트로앵 DS5…獨·佛의 '5' 같은 듯 다른 느낌,http://www.hankyung.com/news/app/newsview.php?aid=2013042248911
64,[판 뒤흔들 카]아우디 A5 스포트백 쿠페,http://www.asiae.co.kr/news/view.htm?idxno=2013021407343453611
65,<데스크 시승기> (1)아우디 A5 스포트백,http://www.ajunews.com/common/redirect.jsp?newsId=20130125000408
66,아우디 'A5 스포트백' 국내 출시 가격은?,http://news1.kr/articles/965194
67,"아우디, 팔방미인 5도어 쿠페 '뉴 A5 스포트백' 선보여!",http://kr.aving.net/news/view.php?articleId=469750&Branch_ID=kr&rssid=naver&mn_name=news
68,5도어 쿠페 ‘뉴 아우디 A5 스포트백’ 출시,http://www.newspim.com/common/redirect.jsp?newsId=20130110000225
69,"새로워진 디자인, 성능, 첨단 장치로 무장한 뉴 아우디 'A5' 모습은?",http://kr.aving.net/news/view.php?articleId=248265&Branch_ID=kr&rssid=naver&mn_name=news
70,[사진]스포츠쿠페 '뉴 아우디 A5' 출시,http://www.mt.co.kr/view/mtview.php?type=1&no=2012061111375538199&outlink=1
71,[사진]새로운 디자인으로 재탄생 '뉴 아우디 A5' 출시,http://www.mt.co.kr/view/mtview.php?type=1&no=2012061111360021260&outlink=1
72,[사진]뉴 아우디 A5 '세련된 운전석 편의장치',http://www.mt.co.kr/view/mtview.php?type=1&no=2012061112342547495&outlink=1
73,"뉴 아우디 A5, 세련된 실내공간",http://news1.kr/photos/162962
74,뉴 아우디 A5 출시,http://www.fnnews.com/view?ra=Sent0601m_01A&corp=fnnews&arcid=201206110100082010004810&cDateYear=2012&cDateMonth=06&cDateDay=11&
75,뉴 아우디 A5 출시,http://www.fnnews.com/view?ra=Sent0601m_01A&corp=fnnews&arcid=201206110100081990004808&cDateYear=2012&cDateMonth=06&cDateDay=11&
76,뉴 아우디 A5 쾌적한 실내공간,http://news1.kr/photos/162950
77,"[포토] 아우디 코리아, '뉴 아우디 A5' 출시",http://www.newspim.com/common/redirect.jsp?newsId=20120611000604
78,뉴 아우디 A5 출시,http://news1.kr/photos/162946
79,섹시한 스포츠쿠페 '뉴 아우디 A5' 한국 출시,http://www.ajnews.co.kr/common/redirect.jsp?newsId=20120611000289
80,스포츠쿠페 뉴 아우디 A5 출시,http://www.ajnews.co.kr/common/redirect.jsp?newsId=20120611000287
81,뉴 아우디 A5 스포티한 실내공간,http://news1.kr/photos/162948
82,"아우디 코리아, 뉴 아우디 A5 출시",http://news1.kr/photos/162944
83,"[포토] 더욱 새로워진 스포츠 쿠페, '뉴 아우디 A5'",http://www.newspim.com/common/redirect.jsp?newsId=20120611000603
84,"쿠페도 쿠페 나름, 아우디 뉴 A5는 다르다던데!",http://news.mk.co.kr/news_forward.php?domain=news&no=352077&year=2012
85,"새 디자인 ‘뉴 아우디 A5’, ‘뉴 아우디 A5 카브리올레’ 출시",http://view.heraldm.com/view.php?ud=20120611000482
86,아우디 `뉴 A5` 한층 다이내믹해진 車의 비밀,http://www.edaily.co.kr/news/newspath.asp?newsid=01420246599560736
87,"아우디코리아, 뉴 아우디 A5’, ‘뉴 아우디 A5 카브리올레’ 출시",http://www.fnnews.com/view?ra=Sent0601m_01A&corp=fnnews&arcid=201206110100079290004641&cDateYear=2012&cDateMonth=06&cDateDay=11&
88,"아우디코리아, 가격 낮춘 '뉴 아우디 A5' 출시",http://www.asiae.co.kr/news/view.htm?idxno=2012061109092163164
89,"아우디코리아, 새로워진 ‘뉴 A5’ 국내 출시",http://www.newspim.com/common/redirect.jsp?newsId=20120611000222
90,[포토]아우디 `뉴 A5` 심플한 실내 디자인,http://www.edaily.co.kr/news/newspath.asp?newsid=01722006599560736
91,[포토]아우디 `뉴 A5` 독보적인 디자인 예술이네!,http://www.edaily.co.kr/news/newspath.asp?newsid=01712166599560736
92,[포토]아우디 `뉴 A5` 강력한 눈동자,http://www.edaily.co.kr/news/newspath.asp?newsid=01708886599560736
93,도심속 질주본능 뉴아우디 A5,http://www.ajnews.co.kr/common/redirect.jsp?newsId=20120611000284
94,[포토]아우디 `뉴 A5` 제로백 6.9초!,http://www.edaily.co.kr/news/newspath.asp?newsid=01718726599560736
95,[포토]아우디 `뉴 A5` 감각적인 실내 인테리어,http://www.edaily.co.kr/news/newspath.asp?newsid=01725286599560736
96,[포토]아우디 `뉴 A5` 볼수록 빠져드는 디자인,http://www.edaily.co.kr/news/newspath.asp?newsid=01735126599560736
97,[포토]아우디 `뉴 A5 카브리올레` 오픈카의 위엄,http://www.edaily.co.kr/news/newspath.asp?newsid=01784326599560736
98,[포토]아우디 `뉴 A5 카브리올레` 세련된 실내 인테리어,http://www.edaily.co.kr/news/newspath.asp?newsid=01804006599560736
99,"[포토]아우디, 뉴 A5 출시",http://www.asiae.co.kr/news/view.htm?idxno=2012061117335255552
100,"아우디, 2019년식 A5 45 TFSI 콰트로 출시",http://jedam15.koreafree.co.kr/news/view.html?section=1&category=5&item=&no=56576
101,"돌아온 아우디, '2세대 A5' 국내 출시…6237만~",http://www.thedrive.co.kr/news/newsview.php?ncode=1065599793126423
102,[포토]아우디 'A5 스포트백 45 TFSI 콰트로' 출시,http://news.bizwatch.co.kr/article/industry/2019/08/26/0008/naver
103,"아우디 마니아들, '오래 기다렸다' Q7 올 도입분 마감 임박. A5 스포트백도 인기",http://www.autodaily.co.kr/news/articleView.html?idxno=410740
104,"아우디 코리아, 2019 '아우디 A5 스포트백 45 TFSI 콰트로 프리미엄' 사전계약 실시!",http://kr.aving.net/news/view.php?articleId=1537917&Branch_ID=kr&rssid=naver&mn_name=news
105,아우디 A5 스포트백 할인 최대 1037만원···A3 사전계약도 '임박',http://www.ebn.co.kr/news/view/994706
106,"아우디, 반년 만에 판매 재개…'Q7' 'A5' 9월 인도",http://www.dailian.co.kr/news/view/813271/?sc=naver
107,"'조기 소진 된다더니'...20% 할인에 들썩였던 아우디 인증중고차, 아직도 재고 남아",http://www.autodaily.co.kr/news/articleView.html?idxno=432888
108,"[NW포토]아우디 A5 45 TFSI 콰트로, 편리한 안전 사양 탑재",http://www.newsway.co.kr/news/view?tp=1&ud=2019082810282922365
109,아우디 ‘2세대로 풀체인지된 신형 A5’ 출시,http://sports.khan.co.kr/news/sk_index.html?art_id=201908271315003&sec_id=563002&pt=nv
110,"아우디, 'A5 45 TFSI 콰트로' 국내 출시",http://www.etnews.com/20190826000114
111,"아우디, '2세대 A5' 국내 출시…6237만~7268만원",http://news.mt.co.kr/mtview.php?no=2019082611104624916
112,[포토]아우디 'A5 스포트백 45 TFSI 콰트로' 출시,http://news.bizwatch.co.kr/article/industry/2019/08/26/0008/naver
113,"아우디 마니아들, '오래 기다렸다' Q7 올 도입분 마감 임박. A5 스포트백도 인기",http://www.autodaily.co.kr/news/articleView.html?idxno=410740
114,"아우디 코리아, 2019 '아우디 A5 스포트백 45 TFSI 콰트로 프리미엄' 사전계약 실시!",http://kr.aving.net/news/view.php?articleId=1537917&Branch_ID=kr&rssid=naver&mn_name=news
115,아우디 A5 스포트백 할인 최대 1037만원···A3 사전계약도 '임박',http://www.ebn.co.kr/news/view/994706
116,"아우디, 반년 만에 판매 재개…'Q7' 'A5' 9월 인도",http://www.dailian.co.kr/news/view/813271/?sc=naver
117,"'조기 소진 된다더니'...20% 할인에 들썩였던 아우디 인증중고차, 아직도 재고 남아",http://www.autodaily.co.kr/news/articleView.html?idxno=432888
118,"[NW포토]아우디 A5 45 TFSI 콰트로, 편리한 안전 사양 탑재",http://www.newsway.co.kr/news/view?tp=1&ud=2019082810282922365
119,아우디 ‘2세대로 풀체인지된 신형 A5’ 출시,http://sports.khan.co.kr/news/sk_index.html?art_id=201908271315003&sec_id=563002&pt=nv
120,"[포토] 아우디, 풀체인지 된 '더 뉴 아우디 A5 TFSI 콰트로' 출시",https://www.hankyung.com/economy/article/2019082676257
121,[포토]아우디 'A5 스포트백 45 TFSI 콰트로' 출시,http://news.bizwatch.co.kr/article/industry/2019/08/26/0008/naver
122,"아우디 마니아들, '오래 기다렸다' Q7 올 도입분 마감 임박. A5 스포트백도 인기",http://www.autodaily.co.kr/news/articleView.html?idxno=410740
123,"아우디 코리아, 2019 '아우디 A5 스포트백 45 TFSI 콰트로 프리미엄' 사전계약 실시!",http://kr.aving.net/news/view.php?articleId=1537917&Branch_ID=kr&rssid=naver&mn_name=news
124,아우디 A5 스포트백 할인 최대 1037만원···A3 사전계약도 '임박',http://www.ebn.co.kr/news/view/994706
125,"아우디, 반년 만에 판매 재개…'Q7' 'A5' 9월 인도",http://www.dailian.co.kr/news/view/813271/?sc=naver
126,"'조기 소진 된다더니'...20% 할인에 들썩였던 아우디 인증중고차, 아직도 재고 남아",http://www.autodaily.co.kr/news/articleView.html?idxno=432888
127,"[NW포토]아우디 A5 45 TFSI 콰트로, 편리한 안전 사양 탑재",http://www.newsway.co.kr/news/view?tp=1&ud=2019082810282922365
128,아우디 ‘2세대로 풀체인지된 신형 A5’ 출시,http://sports.khan.co.kr/news/sk_index.html?art_id=201908271315003&sec_id=563002&pt=nv
129,드디어···아우디 '2세대 A5' 시동,https://www.sedaily.com/NewsView/1VN4BOSFJB
130,"아우디 코리아, 2019년식 ‘아우디 A5 스포트백 45 TFSI 콰트로 프리미엄’ 사전계약",http://www.osen.co.kr/article/G1111192415
131,"'조기 소진 된다더니'...20% 할인에 들썩였던 아우디 인증중고차, 아직도 재고 남아",http://www.autodaily.co.kr/news/articleView.html?idxno=432888
132,"[NW포토]아우디 A5 45 TFSI 콰트로, 편리한 안전 사양 탑재",http://www.newsway.co.kr/news/view?tp=1&ud=2019082810282922365
133,아우디 ‘2세대로 풀체인지된 신형 A5’ 출시,http://sports.khan.co.kr/news/sk_index.html?art_id=201908271315003&sec_id=563002&pt=nv
134,드디어···아우디 '2세대 A5' 시동,https://www.sedaily.com/NewsView/1VN4BOSFJB
135,"[이영훈의 뷰카인더]아우디 A5 출시, 감성-기능 최적의 조화",http://www.inews24.com/view/1204355
136,더 뉴 아우디 A5,http://www.newsis.com/view/?id=NISI20190826_0015528247
137,"아우디파이낸셜, ‘아우디 A5 스포트백’ 금융 프로그램 런칭",http://www.lawissue.co.kr/view.php?ud=20191118140342720167191f6c6e_12
138,"아우디코리아, '아우디 A5 스포트백 45 TFSI 콰트로 프리미엄' 사전계약",http://www.econonews.co.kr/news/articleView.html?idxno=77992
139,아우디 A5 스포트백 페이스 리프트 ‘스파이샷’ 포착..달라진 점은?,http://www.dailycar.co.kr/content/news.html?type=view&autoId=33743
140,‘아우디A5스포트백45 TFSI콰트로’사전계약···6237만원,http://www.newsway.co.kr/news/view?tp=1&ud=2019072510190975424
141,"'조기 소진 된다더니'...20% 할인에 들썩였던 아우디 인증중고차, 아직도 재고 남아",http://www.autodaily.co.kr/news/articleView.html?idxno=432888
142,"[NW포토]아우디 A5 45 TFSI 콰트로, 편리한 안전 사양 탑재",http://www.newsway.co.kr/news/view?tp=1&ud=2019082810282922365
143,아우디 ‘2세대로 풀체인지된 신형 A5’ 출시,http://sports.khan.co.kr/news/sk_index.html?art_id=201908271315003&sec_id=563002&pt=nv
144,드디어···아우디 '2세대 A5' 시동,https://www.sedaily.com/NewsView/1VN4BOSFJB
145,"[이영훈의 뷰카인더]아우디 A5 출시, 감성-기능 최적의 조화",http://www.inews24.com/view/1204355
146,더 뉴 아우디 A5,http://www.newsis.com/view/?id=NISI20190826_0015528247
147,"아우디파이낸셜, ‘아우디 A5 스포트백’ 금융 프로그램 런칭",http://www.lawissue.co.kr/view.php?ud=20191118140342720167191f6c6e_12
148,"아우디코리아, '아우디 A5 스포트백 45 TFSI 콰트로 프리미엄' 사전계약",http://www.econonews.co.kr/news/articleView.html?idxno=77992
149,아우디 A5 스포트백 페이스 리프트 ‘스파이샷’ 포착..달라진 점은?,http://www.dailycar.co.kr/content/news.html?type=view&autoId=33743
150,"'조기 소진 된다더니'...20% 할인에 들썩였던 아우디 인증중고차, 아직도 재고 남아",http://www.autodaily.co.kr/news/articleView.html?idxno=432888
151,"[NW포토]아우디 A5 45 TFSI 콰트로, 편리한 안전 사양 탑재",http://www.newsway.co.kr/news/view?tp=1&ud=2019082810282922365
152,아우디 ‘2세대로 풀체인지된 신형 A5’ 출시,http://sports.khan.co.kr/news/sk_index.html?art_id=201908271315003&sec_id=563002&pt=nv
153,드디어···아우디 '2세대 A5' 시동,https://www.sedaily.com/NewsView/1VN4BOSFJB
154,"[이영훈의 뷰카인더]아우디 A5 출시, 감성-기능 최적의 조화",http://www.inews24.com/view/1204355
155,더 뉴 아우디 A5,http://www.newsis.com/view/?id=NISI20190826_0015528247
156,"아우디파이낸셜, ‘아우디 A5 스포트백’ 금융 프로그램 런칭",http://www.lawissue.co.kr/view.php?ud=20191118140342720167191f6c6e_12
157,"아우디 코리아, 2019년식 A5 스포트백 사전계약",http://www.munhwa.com/news/view.html?no=20190725MW155539610962
158,"아우디코리아, '아우디 A5 스포트백 45 TFSI 콰트로 프리미엄' 사전계약",http://www.econonews.co.kr/news/articleView.html?idxno=77992
159,아우디 A5 스포트백 페이스 리프트 ‘스파이샷’ 포착..달라진 점은?,http://www.dailycar.co.kr/content/news.html?type=view&autoId=33743
160,[포토]'어댑티브 크루즈 컨트롤' 기능 갖춘 '더 뉴 아우디 A5',http://www.edaily.co.kr/news/newspath.asp?newsid=02840486622591256
161,더 뉴 아우디 A5,http://www.newsis.com/view/?id=NISI20190826_0015528247
162,"아우디파이낸셜, ‘아우디 A5 스포트백’ 금융 프로그램 런칭",http://www.lawissue.co.kr/view.php?ud=20191118140342720167191f6c6e_12
163,"아우디 코리아, 2019년식 A5 스포트백 사전계약",http://www.munhwa.com/news/view.html?no=20190725MW155539610962
164,"아우디코리아, '아우디 A5 스포트백 45 TFSI 콰트로 프리미엄' 사전계약",http://www.econonews.co.kr/news/articleView.html?idxno=77992
165,"[NW포토]아우디 A5 45 TFSI 콰트로, 스포티한 디자인 ‘시선’",http://www.newsway.co.kr/news/view?tp=1&ud=2019082810310507495
166,아우디 A5 스포트백 페이스 리프트 ‘스파이샷’ 포착..달라진 점은?,http://www.dailycar.co.kr/content/news.html?type=view&autoId=33743
167,[원호연의 시승기 - 더 뉴 아우디 A5 40 TFSI 콰트로] 유려한 곡선의 세련미·편안한 승차감…넓은 해치도어로 실용성까지 ‘팔방미인’,http://news.heraldcorp.com/view.php?ud=20210615000408
168,[시승기] 잘 생겼는데 성능도 좋아…돌아온 ‘팔방미인’ 더 뉴 아우디 A5 스포트백,http://news.kmib.co.kr/article/view.asp?arcid=0016033561&code=61172011&cp=nv
169,'보조히터·전조등' 결함…아우디 A5·르노삼성 QM3 리콜,http://www.kbench.com/?q=node/186176
170,[사진]'아우디 A5' 완전 변경 모델 '더 뉴 아우디 A5 45 TFSI 콰트로',http://news.mt.co.kr/mtview.php?no=2019082612164241861
171,[포토]스포티함을 담은 '더 뉴 아우디 A5 스포트백 45 TFSI 콰트로' 한국 출시,http://www.edaily.co.kr/news/newspath.asp?newsid=02830646622591256
172,"아우디파이낸셜, ‘아우디 A5 스포트백’ 금융 프로그램 런칭",http://www.lawissue.co.kr/view.php?ud=20191118140342720167191f6c6e_12
173,"아우디 코리아, 2019년식 A5 스포트백 사전계약",http://www.munhwa.com/news/view.html?no=20190725MW155539610962
174,"아우디코리아, '아우디 A5 스포트백 45 TFSI 콰트로 프리미엄' 사전계약",http://www.econonews.co.kr/news/articleView.html?idxno=77992
175,"[NW포토]아우디 A5 45 TFSI 콰트로, 스포티한 디자인 ‘시선’",http://www.newsway.co.kr/news/view?tp=1&ud=2019082810310507495
176,아우디 A5 스포트백 페이스 리프트 ‘스파이샷’ 포착..달라진 점은?,http://www.dailycar.co.kr/content/news.html?type=view&autoId=33743
177,[원호연의 시승기 - 더 뉴 아우디 A5 40 TFSI 콰트로] 유려한 곡선의 세련미·편안한 승차감…넓은 해치도어로 실용성까지 ‘팔방미인’,http://news.heraldcorp.com/view.php?ud=20210615000408
178,[시승기] 잘 생겼는데 성능도 좋아…돌아온 ‘팔방미인’ 더 뉴 아우디 A5 스포트백,http://news.kmib.co.kr/article/view.asp?arcid=0016033561&code=61172011&cp=nv
179,'보조히터·전조등' 결함…아우디 A5·르노삼성 QM3 리콜,http://www.kbench.com/?q=node/186176
180,2세대 완전 변경 모델 더 뉴 아우디 A5,http://www.newsis.com/view/?id=NISI20190826_0015528244
181,[포토]스포티함을 담은 '더 뉴 아우디 A5 스포트백 45 TFSI 콰트로' 한국 출시,http://www.edaily.co.kr/news/newspath.asp?newsid=02830646622591256
182,"아우디파이낸셜, ‘아우디 A5 스포트백’ 금융 프로그램 런칭",http://www.lawissue.co.kr/view.php?ud=20191118140342720167191f6c6e_12
183,"아우디 코리아, 2019년식 A5 스포트백 사전계약",http://www.munhwa.com/news/view.html?no=20190725MW155539610962
184,"아우디코리아, '아우디 A5 스포트백 45 TFSI 콰트로 프리미엄' 사전계약",http://www.econonews.co.kr/news/articleView.html?idxno=77992
185,"[NW포토]아우디 A5 45 TFSI 콰트로, 스포티한 디자인 ‘시선’",http://www.newsway.co.kr/news/view?tp=1&ud=2019082810310507495
186,아우디 A5 스포트백 페이스 리프트 ‘스파이샷’ 포착..달라진 점은?,http://www.dailycar.co.kr/content/news.html?type=view&autoId=33743
187,[원호연의 시승기 - 더 뉴 아우디 A5 40 TFSI 콰트로] 유려한 곡선의 세련미·편안한 승차감…넓은 해치도어로 실용성까지 ‘팔방미인’,http://news.heraldcorp.com/view.php?ud=20210615000408
188,[시승기] 잘 생겼는데 성능도 좋아…돌아온 ‘팔방미인’ 더 뉴 아우디 A5 스포트백,http://news.kmib.co.kr/article/view.asp?arcid=0016033561&code=61172011&cp=nv
189,'보조히터·전조등' 결함…아우디 A5·르노삼성 QM3 리콜,http://www.kbench.com/?q=node/186176
190,새롭게 돌아온 '더 뉴 아우디 A5 45 TFSI 콰트로',http://news1.kr/photos/view/?3791988
191,아우디 A5 스포트백 페이스 리프트 ‘스파이샷’ 포착..달라진 점은?,http://www.dailycar.co.kr/content/news.html?type=view&autoId=33743
192,"[포토오늘] 아우디, 2세대 완전변경 '더 뉴 아우디 A5 45 TFSI 콰트로' 출시",http://www.sisaon.co.kr/news/articleView.html?idxno=99825
193,[원호연의 시승기 - 더 뉴 아우디 A5 40 TFSI 콰트로] 유려한 곡선의 세련미·편안한 승차감…넓은 해치도어로 실용성까지 ‘팔방미인’,http://news.heraldcorp.com/view.php?ud=20210615000408
194,[시승기] 잘 생겼는데 성능도 좋아…돌아온 ‘팔방미인’ 더 뉴 아우디 A5 스포트백,http://news.kmib.co.kr/article/view.asp?arcid=0016033561&code=61172011&cp=nv
195,'보조히터·전조등' 결함…아우디 A5·르노삼성 QM3 리콜,http://www.kbench.com/?q=node/186176
196,"""신차고객도 몰린다"" 2천여대 인증중고차로 풀리는 '아우디 A6·A4' 계약 폭주",http://www.autodaily.co.kr/news/articleView.html?idxno=431056
197,"아우디코리아, 인증센터 묶인 디젤차 20% 싸게 판다",http://www.g-enews.com/ko-kr/news/article/news_all/202112291623064146938f3ba357_1/article.html
198,"아우디 인증중고차 평택 물량 2천대, 벌써 80% 재고 소진. 인기 컬러는 이미 바닥",http://www.autodaily.co.kr/news/articleView.html?idxno=431230
199,"아우디, '신형 A5 쿠페' 선보인다, GIF 티저 이미지 6종 공개",http://www.kbench.com/?q=node/163555
200,더 뉴 아우디 A5 45 TFSI 콰트로 출시,http://news1.kr/photos/view/?3791976
201,아우디 A5 스포트백 페이스 리프트 ‘스파이샷’ 포착..달라진 점은?,http://www.dailycar.co.kr/content/news.html?type=view&autoId=33743
202,"[포토오늘] 아우디, 2세대 완전변경 '더 뉴 아우디 A5 45 TFSI 콰트로' 출시",http://www.sisaon.co.kr/news/articleView.html?idxno=99825
203,[원호연의 시승기 - 더 뉴 아우디 A5 40 TFSI 콰트로] 유려한 곡선의 세련미·편안한 승차감…넓은 해치도어로 실용성까지 ‘팔방미인’,http://news.heraldcorp.com/view.php?ud=20210615000408
204,[시승기] 잘 생겼는데 성능도 좋아…돌아온 ‘팔방미인’ 더 뉴 아우디 A5 스포트백,http://news.kmib.co.kr/article/view.asp?arcid=0016033561&code=61172011&cp=nv
205,'보조히터·전조등' 결함…아우디 A5·르노삼성 QM3 리콜,http://www.kbench.com/?q=node/186176
206,"""신차고객도 몰린다"" 2천여대 인증중고차로 풀리는 '아우디 A6·A4' 계약 폭주",http://www.autodaily.co.kr/news/articleView.html?idxno=431056
207,"아우디코리아, 인증센터 묶인 디젤차 20% 싸게 판다",http://www.g-enews.com/ko-kr/news/article/news_all/202112291623064146938f3ba357_1/article.html
208,"아우디 인증중고차 평택 물량 2천대, 벌써 80% 재고 소진. 인기 컬러는 이미 바닥",http://www.autodaily.co.kr/news/articleView.html?idxno=431230
209,"아우디, '신형 A5 쿠페' 선보인다, GIF 티저 이미지 6종 공개",http://www.kbench.com/?q=node/163555
210,"[포토오늘] 아우디, 2세대 완전변경 '더 뉴 아우디 A5 45 TFSI 콰트로' 출시",http://www.sisaon.co.kr/news/articleView.html?idxno=99825
211,[원호연의 시승기 - 더 뉴 아우디 A5 40 TFSI 콰트로] 유려한 곡선의 세련미·편안한 승차감…넓은 해치도어로 실용성까지 ‘팔방미인’,http://news.heraldcorp.com/view.php?ud=20210615000408
212,[시승기] 잘 생겼는데 성능도 좋아…돌아온 ‘팔방미인’ 더 뉴 아우디 A5 스포트백,http://news.kmib.co.kr/article/view.asp?arcid=0016033561&code=61172011&cp=nv
213,'보조히터·전조등' 결함…아우디 A5·르노삼성 QM3 리콜,http://www.kbench.com/?q=node/186176
214,"""신차고객도 몰린다"" 2천여대 인증중고차로 풀리는 '아우디 A6·A4' 계약 폭주",http://www.autodaily.co.kr/news/articleView.html?idxno=431056
215,"아우디코리아, 인증센터 묶인 디젤차 20% 싸게 판다",http://www.g-enews.com/ko-kr/news/article/news_all/202112291623064146938f3ba357_1/article.html
216,"아우디 인증중고차 평택 물량 2천대, 벌써 80% 재고 소진. 인기 컬러는 이미 바닥",http://www.autodaily.co.kr/news/articleView.html?idxno=431230
217,"아우디, '신형 A5 쿠페' 선보인다, GIF 티저 이미지 6종 공개",http://www.kbench.com/?q=node/163555
218,"[Bestselling Car] 아우디 더 뉴 A5 스포트백, 새 안전사양 태우고 '두자릿수 연비' 질주",https://www.sedaily.com/NewsView/22JTXYP7N4
219,"아우디, 안락함·스포티함 다 갖춘 'A5 스포트백 40 TFSI 콰트로' 출시",http://www.ajunews.com/view/20210311103451619
220,"""신차고객도 몰린다"" 2천여대 인증중고차로 풀리는 '아우디 A6·A4' 계약 폭주",http://www.autodaily.co.kr/news/articleView.html?idxno=431056
221,"아우디코리아, 인증센터 묶인 디젤차 20% 싸게 판다",http://www.g-enews.com/ko-kr/news/article/news_all/202112291623064146938f3ba357_1/article.html
222,"아우디 인증중고차 평택 물량 2천대, 벌써 80% 재고 소진. 인기 컬러는 이미 바닥",http://www.autodaily.co.kr/news/articleView.html?idxno=431230
223,'보조히터 과열 위험' 아우디 A5·A4·Q5 등 리콜,http://app.yonhapnews.co.kr/YNA/Basic/SNS/r.aspx?c=AKR20180307128000003&did=1195m
224,"아우디, '신형 A5 쿠페' 선보인다, GIF 티저 이미지 6종 공개",http://www.kbench.com/?q=node/163555
225,"[Bestselling Car] 아우디 더 뉴 A5 스포트백, 새 안전사양 태우고 '두자릿수 연비' 질주",https://www.sedaily.com/NewsView/22JTXYP7N4
226,"아우디, 안락함·스포티함 다 갖춘 'A5 스포트백 40 TFSI 콰트로' 출시",http://www.ajunews.com/view/20210311103451619
227,"[클릭!이 차]아우디 A5 스포트백 ""예쁘고 편안해""",http://www.etnews.com/20210325000132
228,"아우디 '신형 A5', 이렇게 나올까? 신형 A4 닮은 추정 렌더링 등록돼",http://www.kbench.com/?q=node/161532
229,"아우디 '신형 A5 스포트백' 스파이샷 포착, 다이어트가 대세인가?",http://www.kbench.com/?q=node/160791
230,'보조히터 과열 위험' 아우디 A5 등 21개 차종 리콜,http://www.tbs.seoul.kr/news/bunya.do?method=daum_html2&typ_800=1&seq_800=10268957
231,"아우디, 안락함·스포티함 다 갖춘 'A5 스포트백 40 TFSI 콰트로' 출시",http://www.ajunews.com/view/20210311103451619
232,"[클릭!이 차]아우디 A5 스포트백 ""예쁘고 편안해""",http://www.etnews.com/20210325000132
233,"아우디 '신형 A5', 이렇게 나올까? 신형 A4 닮은 추정 렌더링 등록돼",http://www.kbench.com/?q=node/161532
234,"아우디 '신형 A5 스포트백' 스파이샷 포착, 다이어트가 대세인가?",http://www.kbench.com/?q=node/160791
235,[신차 브리핑!]‘더 뉴 아우디 A5 스포트백 40 TFSI 콰트로’,https://sports.hankooki.com/lpage/economy/202103/sp20210312175845136990.htm?s_ref=nv
236,"아우디코리아, '더 뉴 A5 스포트백 40 TFSI 콰트로' 출시. 가격은 5,712만원 부터",http://www.autodaily.co.kr/news/articleView.html?idxno=426161
237,"아우디, ‘더 뉴 아우디 A5 스포트백 40 TFSI 콰트로’ 출시",https://magazine.hankyung.com/business/article/202103119343b
238,[시승기] 쿠페를 가슴에 담은 멋쟁이 가장의 차 아우디 A5 스포트백 콰트로,http://www.khan.co.kr/kh_news/art_view.html?artid=201503020128051&code=920508
239,"아우디, 디젤차 재고 2천대 인증중고차로 판매..‘평택 에디션’ 부활하나(?)",http://www.dailycar.co.kr/content/news.html?type=view&autoId=42196
240,"아우디 '더 뉴 아우디 A5 스포트백 40 TFSI 콰트로' 출시, 안락함+스포티함",http://www.sportsseoul.com/news/read/1021644?ref=naver
241,"아우디, ‘더 뉴 아우디 A5 스포트백 40 TFSI 콰트로’ 출시",https://magazine.hankyung.com/business/article/202103119343b
242,[시승기] 쿠페를 가슴에 담은 멋쟁이 가장의 차 아우디 A5 스포트백 콰트로,http://www.khan.co.kr/kh_news/art_view.html?artid=201503020128051&code=920508
243,"아우디, 디젤차 재고 2천대 인증중고차로 판매..‘평택 에디션’ 부활하나(?)",http://www.dailycar.co.kr/content/news.html?type=view&autoId=42196
244,"[NW시승기]아우디, 신개념 쿠페 ‘A5 스포티 백’",http://www.newsway.co.kr/view.php?tp=1&ud=2014011309122783240
245,"[시승기] 아우디A5 스포트백, 쿠페+세단 장점만 모았다",http://www.newspim.com/common/redirect.jsp?newsId=20130922000063
246,[시승기] 뉴 아우디 A5 스포트백-시트로앵 DS5…獨·佛의 '5' 같은 듯 다른 느낌,http://www.hankyung.com/news/app/newsview.php?aid=2013042248911
247,[판 뒤흔들 카]아우디 A5 스포트백 쿠페,http://www.asiae.co.kr/news/view.htm?idxno=2013021407343453611
248,<데스크 시승기> (1)아우디 A5 스포트백,http://www.ajunews.com/common/redirect.jsp?newsId=20130125000408
249,아우디 'A5 스포트백' 국내 출시 가격은?,http://news1.kr/articles/965194
250,안락함·스포티함 강조 ‘아우디A5스포트백40 TFSI콰트로’출시···5700만원~,http://www.newsway.co.kr/news/view?tp=1&ud=2021031109144671589
251,"아우디, ‘더 뉴 아우디 A5 스포트백 40 TFSI 콰트로’ 출시",https://magazine.hankyung.com/business/article/202103119343b
252,[시승기] 쿠페를 가슴에 담은 멋쟁이 가장의 차 아우디 A5 스포트백 콰트로,http://www.khan.co.kr/kh_news/art_view.html?artid=201503020128051&code=920508
253,"아우디, 디젤차 재고 2천대 인증중고차로 판매..‘평택 에디션’ 부활하나(?)",http://www.dailycar.co.kr/content/news.html?type=view&autoId=42196
254,"[NW시승기]아우디, 신개념 쿠페 ‘A5 스포티 백’",http://www.newsway.co.kr/view.php?tp=1&ud=2014011309122783240
255,"[시승기] 아우디A5 스포트백, 쿠페+세단 장점만 모았다",http://www.newspim.com/common/redirect.jsp?newsId=20130922000063
256,[시승기] 뉴 아우디 A5 스포트백-시트로앵 DS5…獨·佛의 '5' 같은 듯 다른 느낌,http://www.hankyung.com/news/app/newsview.php?aid=2013042248911
257,[판 뒤흔들 카]아우디 A5 스포트백 쿠페,http://www.asiae.co.kr/news/view.htm?idxno=2013021407343453611
258,<데스크 시승기> (1)아우디 A5 스포트백,http://www.ajunews.com/common/redirect.jsp?newsId=20130125000408
259,아우디 'A5 스포트백' 국내 출시 가격은?,http://news1.kr/articles/965194
260,"아우디, 4도어 쿠페 'A5스포트백 40 TFSI' 출시..5701만원",http://www.gpkorea.com/news/articleView.html?idxno=72207
261,"아우디, ‘더 뉴 아우디 A5 스포트백 40 TFSI 콰트로’ 출시",https://magazine.hankyung.com/business/article/202103119343b
262,[시승기] 쿠페를 가슴에 담은 멋쟁이 가장의 차 아우디 A5 스포트백 콰트로,http://www.khan.co.kr/kh_news/art_view.html?artid=201503020128051&code=920508
263,"아우디, 디젤차 재고 2천대 인증중고차로 판매..‘평택 에디션’ 부활하나(?)",http://www.dailycar.co.kr/content/news.html?type=view&autoId=42196
264,"[NW시승기]아우디, 신개념 쿠페 ‘A5 스포티 백’",http://www.newsway.co.kr/view.php?tp=1&ud=2014011309122783240
265,"[시승기] 아우디A5 스포트백, 쿠페+세단 장점만 모았다",http://www.newspim.com/common/redirect.jsp?newsId=20130922000063
266,[시승기] 뉴 아우디 A5 스포트백-시트로앵 DS5…獨·佛의 '5' 같은 듯 다른 느낌,http://www.hankyung.com/news/app/newsview.php?aid=2013042248911
267,[판 뒤흔들 카]아우디 A5 스포트백 쿠페,http://www.asiae.co.kr/news/view.htm?idxno=2013021407343453611
268,<데스크 시승기> (1)아우디 A5 스포트백,http://www.ajunews.com/common/redirect.jsp?newsId=20130125000408
269,아우디 'A5 스포트백' 국내 출시 가격은?,http://news1.kr/articles/965194
270,"아우디, 중형 세단 ‘더 뉴 A5 스포트백 40 TFSI 콰트로’ 공개...5700만원 부터",http://www.betanews.net:8080/article/1257515.html
271,"아우디, ‘더 뉴 아우디 A5 스포트백 40 TFSI 콰트로’ 출시",https://magazine.hankyung.com/business/article/202103119343b
272,[시승기] 쿠페를 가슴에 담은 멋쟁이 가장의 차 아우디 A5 스포트백 콰트로,http://www.khan.co.kr/kh_news/art_view.html?artid=201503020128051&code=920508
273,"아우디, 디젤차 재고 2천대 인증중고차로 판매..‘평택 에디션’ 부활하나(?)",http://www.dailycar.co.kr/content/news.html?type=view&autoId=42196
274,"[NW시승기]아우디, 신개념 쿠페 ‘A5 스포티 백’",http://www.newsway.co.kr/view.php?tp=1&ud=2014011309122783240
275,"[시승기] 아우디A5 스포트백, 쿠페+세단 장점만 모았다",http://www.newspim.com/common/redirect.jsp?newsId=20130922000063
276,[시승기] 뉴 아우디 A5 스포트백-시트로앵 DS5…獨·佛의 '5' 같은 듯 다른 느낌,http://www.hankyung.com/news/app/newsview.php?aid=2013042248911
277,[판 뒤흔들 카]아우디 A5 스포트백 쿠페,http://www.asiae.co.kr/news/view.htm?idxno=2013021407343453611
278,<데스크 시승기> (1)아우디 A5 스포트백,http://www.ajunews.com/common/redirect.jsp?newsId=20130125000408
279,아우디 'A5 스포트백' 국내 출시 가격은?,http://news1.kr/articles/965194
280,[시승기] 쿠페를 가슴에 담은 멋쟁이 가장의 차 아우디 A5 스포트백 콰트로,http://www.khan.co.kr/kh_news/art_view.html?artid=201503020128051&code=920508
281,"아우디, 디젤차 재고 2천대 인증중고차로 판매..‘평택 에디션’ 부활하나(?)",http://www.dailycar.co.kr/content/news.html?type=view&autoId=42196
282,"[NW시승기]아우디, 신개념 쿠페 ‘A5 스포티 백’",http://www.newsway.co.kr/view.php?tp=1&ud=2014011309122783240
283,"[시승기] 아우디A5 스포트백, 쿠페+세단 장점만 모았다",http://www.newspim.com/common/redirect.jsp?newsId=20130922000063
284,[시승기] 뉴 아우디 A5 스포트백-시트로앵 DS5…獨·佛의 '5' 같은 듯 다른 느낌,http://www.hankyung.com/news/app/newsview.php?aid=2013042248911
285,[판 뒤흔들 카]아우디 A5 스포트백 쿠페,http://www.asiae.co.kr/news/view.htm?idxno=2013021407343453611
286,<데스크 시승기> (1)아우디 A5 스포트백,http://www.ajunews.com/common/redirect.jsp?newsId=20130125000408
287,아우디 'A5 스포트백' 국내 출시 가격은?,http://news1.kr/articles/965194
288,"새로워진 디자인, 성능, 첨단 장치로 무장한 뉴 아우디 'A5' 모습은?",http://kr.aving.net/news/view.php?articleId=248265&Branch_ID=kr&rssid=naver&mn_name=news
289,"아우디코리아, ‘뉴 A5’, ‘뉴 A5 카브리올레’ 동시 출시",http://news.mk.co.kr/news_forward.php?domain=news&no=354794&year=2012
290,"새로워진 디자인, 성능, 첨단 장치로 무장한 뉴 아우디 'A5' 모습은?",http://kr.aving.net/news/view.php?articleId=248265&Branch_ID=kr&rssid=naver&mn_name=news
291,"아우디코리아, ‘뉴 A5’, ‘뉴 A5 카브리올레’ 동시 출시",http://news.mk.co.kr/news_forward.php?domain=news&no=354794&year=2012
292,[경향포토]스포츠 쿠페 뉴 아우디 A5,http://www.khan.co.kr/kh_news/art_view.html?artid=201206111239381&code=920508
293,`뉴 아우디 A5` 새롭게 바뀌었네,http://www.dt.co.kr/contents.html?article_no=2012061102019932718006
294,"쿠페도 쿠페 나름, 아우디 뉴 A5는 다르다던데!",http://news.mk.co.kr/news_forward.php?domain=news&no=352077&year=2012
295,[포토]아우디 `뉴 A5 카브리올레` 세련된 실내 인테리어,http://www.edaily.co.kr/news/newspath.asp?newsid=01804006599560736
296,"[포토]아우디, 뉴 A5 출시",http://www.asiae.co.kr/news/view.htm?idxno=2012061117335255552
297,"아우디코리아, 뉴 아우디A5-카브리올레 동시 출시",http://www.nocutnews.co.kr/Show.asp?IDX=2166181
298,"임슬옹 차 아우디 A5 갈아탔나, 임슬옹 소희 열애보다 외제차 더 주목",http://www.newsen.com/news_view.php?uid=201201251422551001
299,[시승기]틈새시장 노린 아우디 A5 스포트백,http://www.asiae.co.kr/news/view.htm?idxno=2013061609394823503
300,[경향포토]아우디A5 자동 변속기,http://www.khan.co.kr/kh_news/art_view.html?artid=201206111241161&code=920508
301,`뉴 아우디 A5` 새롭게 바뀌었네,http://www.dt.co.kr/contents.html?article_no=2012061102019932718006
302,"쿠페도 쿠페 나름, 아우디 뉴 A5는 다르다던데!",http://news.mk.co.kr/news_forward.php?domain=news&no=352077&year=2012
303,"임슬옹 차 아우디 A5 갈아탔나, 임슬옹 소희 열애보다 외제차 더 주목",http://www.newsen.com/news_view.php?uid=201201251422551001
304,[시승기]틈새시장 노린 아우디 A5 스포트백,http://www.asiae.co.kr/news/view.htm?idxno=2013061609394823503
305,아우디 A5 스포츠백 구매고객 대상 이벤트 개최,http://www2.enewstoday.co.kr/sub_read.html?uid=277166§ion=sc5
306,[사진]뉴 아우디 A5 스포트백 '고급스런 사이드미러',http://www.mt.co.kr/view/mtview.php?type=1&no=2013011012514321119&outlink=1
307,[사진]뉴 아우디 A5 스포트백 '편의성 높인 센터페시아',http://www.mt.co.kr/view/mtview.php?type=1&no=2013011012553144246&outlink=1
308,[사진]뉴 아우디 A5 스포트백 '고급스런 타이어휠',http://www.mt.co.kr/view/mtview.php?type=1&no=2013011012504316713&outlink=1
309,[사진]뉴 아우디 A5 스포트백 '강렬한 눈빛!',http://www.mt.co.kr/view/mtview.php?type=1&no=2013011012525029267&outlink=1
310,'뉴 아우디 A5' 출시,https://news.naver.com/main/read.naver?mode=LSD&mid=sec&sid1=101&oid=001&aid=0005644092
311,[사진]뉴 아우디 A5 카브리올레 '넓은 실내 공간',http://www.mt.co.kr/view/mtview.php?type=1&no=2012061111420277122&outlink=1
312,"쿠페도 쿠페 나름, 아우디 뉴 A5는 다르다던데!",http://news.mk.co.kr/news_forward.php?domain=news&no=352077&year=2012
313,"임슬옹 차 아우디 A5 갈아탔나, 임슬옹 소희 열애보다 외제차 더 주목",http://www.newsen.com/news_view.php?uid=201201251422551001
314,[시승기]틈새시장 노린 아우디 A5 스포트백,http://www.asiae.co.kr/news/view.htm?idxno=2013061609394823503
315,아우디 A5 스포츠백 구매고객 대상 이벤트 개최,http://www2.enewstoday.co.kr/sub_read.html?uid=277166§ion=sc5
316,[사진]뉴 아우디 A5 스포트백 '넓은 실내',http://www.mt.co.kr/view/mtview.php?type=1&no=2013011012493608710&outlink=1
317,[포토]아우디 `뉴 A5` 강력한 심장,http://www.edaily.co.kr/news/newspath.asp?newsid=02269766599560736
318,"<시승기>뉴 아우디 A5, '퍼포먼스·안락함' 동시 제공",https://news.naver.com/main/read.naver?mode=LSD&mid=sec&sid1=101&oid=003&aid=0003008946
319,[시승기] 욕심 나는 아우디 'A5',http://www.newspim.com/sub_view.php?cate1=6&cate2=1&news_id=294033
320,뉴 아우디 A5 출시,http://www.fnnews.com/view?ra=Sent0601m_01A&corp=fnnews&arcid=201206110100082010004810&cDateYear=2012&cDateMonth=06&cDateDay=11&
321,"쿠페도 쿠페 나름, 아우디 뉴 A5는 다르다던데!",http://news.mk.co.kr/news_forward.php?domain=news&no=352077&year=2012
322,깔끔한 외관 속 숨겨진 강력한 파워 뉴아우디 A5,http://www.ajnews.co.kr/common/redirect.jsp?newsId=20120611000285
323,"임슬옹 차 아우디 A5 갈아탔나, 임슬옹 소희 열애보다 외제차 더 주목",http://www.newsen.com/news_view.php?uid=201201251422551001
324,[시승기]틈새시장 노린 아우디 A5 스포트백,http://www.asiae.co.kr/news/view.htm?idxno=2013061609394823503
325,아우디 A5 스포츠백 구매고객 대상 이벤트 개최,http://www2.enewstoday.co.kr/sub_read.html?uid=277166§ion=sc5
326,[사진]뉴 아우디 A5 스포트백 '고급스런 사이드미러',http://www.mt.co.kr/view/mtview.php?type=1&no=2013011012514321119&outlink=1
327,"<시승기>뉴 아우디 A5, '퍼포먼스·안락함' 동시 제공",https://news.naver.com/main/read.naver?mode=LSD&mid=sec&sid1=101&oid=003&aid=0003008946
328,[시승기] 욕심 나는 아우디 'A5',http://www.newspim.com/sub_view.php?cate1=6&cate2=1&news_id=294033
329,"뉴 아우디 A5 스포츠백, 올해 최고 중형 모델로 뽑혀",https://news.naver.com/main/read.naver?mode=LSD&mid=sec&sid1=101&oid=003&aid=0002947010
330,[포토] 새로운 디자인으로 재탄생한 뉴 아우디 A5,http://www.newspim.com/common/redirect.jsp?newsId=20120611000609
331,"쿠페도 쿠페 나름, 아우디 뉴 A5는 다르다던데!",http://news.mk.co.kr/news_forward.php?domain=news&no=352077&year=2012
332,깔끔한 외관 속 숨겨진 강력한 파워 뉴아우디 A5,http://www.ajnews.co.kr/common/redirect.jsp?newsId=20120611000285
333,"임슬옹 차 아우디 A5 갈아탔나, 임슬옹 소희 열애보다 외제차 더 주목",http://www.newsen.com/news_view.php?uid=201201251422551001
334,[시승기]틈새시장 노린 아우디 A5 스포트백,http://www.asiae.co.kr/news/view.htm?idxno=2013061609394823503
335,아우디 A5 스포츠백 구매고객 대상 이벤트 개최,http://www2.enewstoday.co.kr/sub_read.html?uid=277166§ion=sc5
336,[사진]뉴 아우디 A5 스포트백 '고급스런 사이드미러',http://www.mt.co.kr/view/mtview.php?type=1&no=2013011012514321119&outlink=1
337,"<시승기>뉴 아우디 A5, '퍼포먼스·안락함' 동시 제공",https://news.naver.com/main/read.naver?mode=LSD&mid=sec&sid1=101&oid=003&aid=0003008946
338,[시승기] 욕심 나는 아우디 'A5',http://www.newspim.com/sub_view.php?cate1=6&cate2=1&news_id=294033
339,"뉴 아우디 A5 스포츠백, 올해 최고 중형 모델로 뽑혀",https://news.naver.com/main/read.naver?mode=LSD&mid=sec&sid1=101&oid=003&aid=0002947010
340,[사진]뉴 아우디 A5 '세련된 타이어 휠',http://www.mt.co.kr/view/mtview.php?type=1&no=2012061112285737736&outlink=1
341,"쿠페도 쿠페 나름, 아우디 뉴 A5는 다르다던데!",http://news.mk.co.kr/news_forward.php?domain=news&no=352077&year=2012
342,깔끔한 외관 속 숨겨진 강력한 파워 뉴아우디 A5,http://www.ajnews.co.kr/common/redirect.jsp?newsId=20120611000285
343,"임슬옹 차 아우디 A5 갈아탔나, 임슬옹 소희 열애보다 외제차 더 주목",http://www.newsen.com/news_view.php?uid=201201251422551001
344,[시승기]틈새시장 노린 아우디 A5 스포트백,http://www.asiae.co.kr/news/view.htm?idxno=2013061609394823503
345,아우디 A5 스포츠백 구매고객 대상 이벤트 개최,http://www2.enewstoday.co.kr/sub_read.html?uid=277166§ion=sc5
346,[사진]뉴 아우디 A5 스포트백 '강렬한 눈빛!',http://www.mt.co.kr/view/mtview.php?type=1&no=2013011012525029267&outlink=1
347,"<시승기>뉴 아우디 A5, '퍼포먼스·안락함' 동시 제공",https://news.naver.com/main/read.naver?mode=LSD&mid=sec&sid1=101&oid=003&aid=0003008946
348,[시승기] 욕심 나는 아우디 'A5',http://www.newspim.com/sub_view.php?cate1=6&cate2=1&news_id=294033
349,"뉴 아우디 A5 스포츠백, 올해 최고 중형 모델로 뽑혀",https://news.naver.com/main/read.naver?mode=LSD&mid=sec&sid1=101&oid=003&aid=0002947010
350,[사진]뉴 아우디 A5 '기어노브 옆 시동 버튼',http://www.mt.co.kr/view/mtview.php?type=1&no=2012061112321442756&outlink=1
351,"쿠페도 쿠페 나름, 아우디 뉴 A5는 다르다던데!",http://news.mk.co.kr/news_forward.php?domain=news&no=352077&year=2012
352,깔끔한 외관 속 숨겨진 강력한 파워 뉴아우디 A5,http://www.ajnews.co.kr/common/redirect.jsp?newsId=20120611000285
353,"임슬옹 차 아우디 A5 갈아탔나, 임슬옹 소희 열애보다 외제차 더 주목",http://www.newsen.com/news_view.php?uid=201201251422551001
354,[시승기]틈새시장 노린 아우디 A5 스포트백,http://www.asiae.co.kr/news/view.htm?idxno=2013061609394823503
355,아우디 A5 스포츠백 구매고객 대상 이벤트 개최,http://www2.enewstoday.co.kr/sub_read.html?uid=277166§ion=sc5
356,[사진]뉴 아우디 A5 스포트백 '첨단 편의장치들',http://www.mt.co.kr/view/mtview.php?type=1&no=2013011012482599462&outlink=1
357,"<시승기>뉴 아우디 A5, '퍼포먼스·안락함' 동시 제공",https://news.naver.com/main/read.naver?mode=LSD&mid=sec&sid1=101&oid=003&aid=0003008946
358,[시승기] 욕심 나는 아우디 'A5',http://www.newspim.com/sub_view.php?cate1=6&cate2=1&news_id=294033
359,"뉴 아우디 A5 스포츠백, 올해 최고 중형 모델로 뽑혀",https://news.naver.com/main/read.naver?mode=LSD&mid=sec&sid1=101&oid=003&aid=0002947010
360,"아우디코리아, 새로워진 ‘뉴 A5’ 국내 출시",http://www.newspim.com/common/redirect.jsp?newsId=20120611000222
361,깔끔한 외관 속 숨겨진 강력한 파워 뉴아우디 A5,http://www.ajnews.co.kr/common/redirect.jsp?newsId=20120611000285
362,아우디A5 늘씬한 옆라인,http://www.ajnews.co.kr/common/redirect.jsp?newsId=20120611000283
363,"임슬옹 차 아우디 A5 갈아탔나, 임슬옹 소희 열애보다 외제차 더 주목",http://www.newsen.com/news_view.php?uid=201201251422551001
364,[시승기]틈새시장 노린 아우디 A5 스포트백,http://www.asiae.co.kr/news/view.htm?idxno=2013061609394823503
365,아우디 A5 스포츠백 구매고객 대상 이벤트 개최,http://www2.enewstoday.co.kr/sub_read.html?uid=277166§ion=sc5
366,[사진]뉴 아우디 A5 스포트백 '첨단 편의장치들',http://www.mt.co.kr/view/mtview.php?type=1&no=2013011012482599462&outlink=1
367,"<시승기>뉴 아우디 A5, '퍼포먼스·안락함' 동시 제공",https://news.naver.com/main/read.naver?mode=LSD&mid=sec&sid1=101&oid=003&aid=0003008946
368,[시승기] 욕심 나는 아우디 'A5',http://www.newspim.com/sub_view.php?cate1=6&cate2=1&news_id=294033
369,"뉴 아우디 A5 스포츠백, 올해 최고 중형 모델로 뽑혀",https://news.naver.com/main/read.naver?mode=LSD&mid=sec&sid1=101&oid=003&aid=0002947010
370,[포토] 제로백 6.9초의 강력한 성능 자랑하는 '뉴 아우디 A5' 출시,http://www.hankyung.com/news/app/newsview.php?aid=2012061172767
371,깔끔한 외관 속 숨겨진 강력한 파워 뉴아우디 A5,http://www.ajnews.co.kr/common/redirect.jsp?newsId=20120611000285
372,도심속 질주본능 뉴아우디 A5,http://www.ajnews.co.kr/common/redirect.jsp?newsId=20120611000284
373,"임슬옹 차 아우디 A5 갈아탔나, 임슬옹 소희 열애보다 외제차 더 주목",http://www.newsen.com/news_view.php?uid=201201251422551001
374,[시승기]틈새시장 노린 아우디 A5 스포트백,http://www.asiae.co.kr/news/view.htm?idxno=2013061609394823503
375,아우디 A5 스포츠백 구매고객 대상 이벤트 개최,http://www2.enewstoday.co.kr/sub_read.html?uid=277166§ion=sc5
376,[사진]뉴 아우디 A5 스포트백 '강렬한 눈빛!',http://www.mt.co.kr/view/mtview.php?type=1&no=2013011012525029267&outlink=1
377,"<시승기>뉴 아우디 A5, '퍼포먼스·안락함' 동시 제공",https://news.naver.com/main/read.naver?mode=LSD&mid=sec&sid1=101&oid=003&aid=0003008946
378,[시승기] 욕심 나는 아우디 'A5',http://www.newspim.com/sub_view.php?cate1=6&cate2=1&news_id=294033
379,"뉴 아우디 A5 스포츠백, 올해 최고 중형 모델로 뽑혀",https://news.naver.com/main/read.naver?mode=LSD&mid=sec&sid1=101&oid=003&aid=0002947010
380,"[포토] 아우디, 2도어 스포츠 쿠페 '뉴 아우디 A5' 출시",http://www.hankyung.com/news/app/newsview.php?aid=2012061172907
381,깔끔한 외관 속 숨겨진 강력한 파워 뉴아우디 A5,http://www.ajnews.co.kr/common/redirect.jsp?newsId=20120611000285
382,아우디A5 늘씬한 옆라인,http://www.ajnews.co.kr/common/redirect.jsp?newsId=20120611000283
383,"임슬옹 차 아우디 A5 갈아탔나, 임슬옹 소희 열애보다 외제차 더 주목",http://www.newsen.com/news_view.php?uid=201201251422551001
384,[시승기]틈새시장 노린 아우디 A5 스포트백,http://www.asiae.co.kr/news/view.htm?idxno=2013061609394823503
385,아우디 A5 스포츠백 구매고객 대상 이벤트 개최,http://www2.enewstoday.co.kr/sub_read.html?uid=277166§ion=sc5
386,[사진]뉴 아우디 A5 스포트백 '첨단 편의장치들',http://www.mt.co.kr/view/mtview.php?type=1&no=2013011012482599462&outlink=1
387,"<시승기>뉴 아우디 A5, '퍼포먼스·안락함' 동시 제공",https://news.naver.com/main/read.naver?mode=LSD&mid=sec&sid1=101&oid=003&aid=0003008946
388,[시승기] 욕심 나는 아우디 'A5',http://www.newspim.com/sub_view.php?cate1=6&cate2=1&news_id=294033
389,"뉴 아우디 A5 스포츠백, 올해 최고 중형 모델로 뽑혀",https://news.naver.com/main/read.naver?mode=LSD&mid=sec&sid1=101&oid=003&aid=0002947010
390,도심속 질주본능 뉴아우디 A5,http://www.ajnews.co.kr/common/redirect.jsp?newsId=20120611000284
391,[포토]아우디 `뉴 A5` 제로백 6.9초!,http://www.edaily.co.kr/news/newspath.asp?newsid=01718726599560736
392,"임슬옹 차 아우디 A5 갈아탔나, 임슬옹 소희 열애보다 외제차 더 주목",http://www.newsen.com/news_view.php?uid=201201251422551001
393,[시승기]틈새시장 노린 아우디 A5 스포트백,http://www.asiae.co.kr/news/view.htm?idxno=2013061609394823503
394,아우디 A5 스포츠백 구매고객 대상 이벤트 개최,http://www2.enewstoday.co.kr/sub_read.html?uid=277166§ion=sc5
395,[사진]뉴 아우디 A5 스포트백 '넓은 실내',http://www.mt.co.kr/view/mtview.php?type=1&no=2013011012493608710&outlink=1
396,"<시승기>뉴 아우디 A5, '퍼포먼스·안락함' 동시 제공",https://news.naver.com/main/read.naver?mode=LSD&mid=sec&sid1=101&oid=003&aid=0003008946
397,[시승기] 욕심 나는 아우디 'A5',http://www.newspim.com/sub_view.php?cate1=6&cate2=1&news_id=294033
398,"뉴 아우디 A5 스포츠백, 올해 최고 중형 모델로 뽑혀",https://news.naver.com/main/read.naver?mode=LSD&mid=sec&sid1=101&oid=003&aid=0002947010
399,[포토] 오늘 출시한 ‘뉴 아우디 A5’ 실내는?,http://news.donga.com/3/all/20120611/46920147/2
400,아우디 A5 스포츠백 구매고객 대상 이벤트 개최,http://www2.enewstoday.co.kr/sub_read.html?uid=277166§ion=sc5
401,[사진]뉴 아우디 A5 스포트백 '첨단 편의장치들',http://www.mt.co.kr/view/mtview.php?type=1&no=2013011012482599462&outlink=1
402,아우디 `뉴 A5`·뉴 A5카브리올레 출시,http://sbscnbc.sbs.co.kr/read.jsp?pmArticleId=10000454873
403,"<시승기>뉴 아우디 A5, '퍼포먼스·안락함' 동시 제공",https://news.naver.com/main/read.naver?mode=LSD&mid=sec&sid1=101&oid=003&aid=0003008946
404,[시승기] 욕심 나는 아우디 'A5',http://www.newspim.com/sub_view.php?cate1=6&cate2=1&news_id=294033
405,"뉴 아우디 A5 스포츠백, 올해 최고 중형 모델로 뽑혀",https://news.naver.com/main/read.naver?mode=LSD&mid=sec&sid1=101&oid=003&aid=0002947010
406,[포토] ‘확실한 인상’ 아우디 A5 “뭐가 변했나?”,http://news.donga.com/3/all/20120611/46920050/2
407,[시승기] 아우디 A5‥근육질의 단거리 육상선수 튕겨 나가듯,http://www.hankyung.com/news/app/newsview.php?aid=2009082522041
408,아우디 `뉴 아우디 A5 스포츠백` 공개,http://news.mk.co.kr/news_forward.php?no=404141&year=2009
409,뉴 아우디 A5 스포츠백 공개,http://www.dt.co.kr/contents.html?article_no=2009072002011132718006
410,[사진]뉴 아우디 A5 스포트백 '넓은 실내',http://www.mt.co.kr/view/mtview.php?type=1&no=2013011012493608710&outlink=1
411,아우디 `뉴 A5`·뉴 A5카브리올레 출시,http://sbscnbc.sbs.co.kr/read.jsp?pmArticleId=10000454873
412,"<시승기>뉴 아우디 A5, '퍼포먼스·안락함' 동시 제공",https://news.naver.com/main/read.naver?mode=LSD&mid=sec&sid1=101&oid=003&aid=0003008946
413,[시승기] 욕심 나는 아우디 'A5',http://www.newspim.com/sub_view.php?cate1=6&cate2=1&news_id=294033
414,"뉴 아우디 A5 스포츠백, 올해 최고 중형 모델로 뽑혀",https://news.naver.com/main/read.naver?mode=LSD&mid=sec&sid1=101&oid=003&aid=0002947010
415,[포토] 강렬한 디자인으로 재탄생 ‘뉴 아우디 A5’,http://news.donga.com/3/all/20120611/46920104/2
416,[시승기] 아우디 A5‥근육질의 단거리 육상선수 튕겨 나가듯,http://www.hankyung.com/news/app/newsview.php?aid=2009082522041
417,아우디 `뉴 아우디 A5 스포츠백` 공개,http://news.mk.co.kr/news_forward.php?no=404141&year=2009
418,뉴 아우디 A5 스포츠백 공개,http://www.dt.co.kr/contents.html?article_no=2009072002011132718006
419,이것이 창립100주년에 태어난 ‘뉴 아우디 A5 스포츠백’,http://www.heraldbiz.com/SITE/data/html_dir/2009/07/19/200907190100.asp
420,"뉴 아우디 A5 스포츠백, 올해 최고 중형 모델로 뽑혀",https://news.naver.com/main/read.naver?mode=LSD&mid=sec&sid1=101&oid=003&aid=0002947010
421,[포토] 오늘 출시한 ‘뉴 아우디 A5’ 실내는?,http://news.donga.com/3/all/20120611/46920147/2
422,[시승기] 아우디 A5‥근육질의 단거리 육상선수 튕겨 나가듯,http://www.hankyung.com/news/app/newsview.php?aid=2009082522041
423,아우디 `뉴 아우디 A5 스포츠백` 공개,http://news.mk.co.kr/news_forward.php?no=404141&year=2009
424,뉴 아우디 A5 스포츠백 공개,http://www.dt.co.kr/contents.html?article_no=2009072002011132718006
425,이것이 창립100주년에 태어난 ‘뉴 아우디 A5 스포츠백’,http://www.heraldbiz.com/SITE/data/html_dir/2009/07/19/200907190100.asp
426,아우디 창립 100년..‘뉴 아우디 A5 스포츠백’ 공개,http://www.fnnews.com/view?ra=Sent0701m_01A&corp=fnnews&arcid=090717205118&cDateYear=2009&cDateMonth=07&cDateDay=18&
427,'뉴 아우디 A5 스포츠백' 세계 최초 공개,http://www.cbs.co.kr/Nocut/Show.asp?IDX=1206930
428,"뉴 아우디 A5 스포츠백, '골든 스티어링 휠' 수상!",http://bntnews.hankyung.com/apps/news?popup=0&nid=05&c1=05&c2=05&c3=00&nkey=200906221159593&mode=sub_view
429,다이내믹한 운전 가능한 아우디 A5,http://www.autotimes.co.kr/article_view.php?id=46303
430,뉴 아우디 A5 출시,https://news.naver.com/main/read.naver?mode=LSD&mid=sec&sid1=101&oid=003&aid=0004547048
431,[시승기] 아우디 A5‥근육질의 단거리 육상선수 튕겨 나가듯,http://www.hankyung.com/news/app/newsview.php?aid=2009082522041
432,아우디 `뉴 아우디 A5 스포츠백` 공개,http://news.mk.co.kr/news_forward.php?no=404141&year=2009
433,뉴 아우디 A5 스포츠백 공개,http://www.dt.co.kr/contents.html?article_no=2009072002011132718006
434,이것이 창립100주년에 태어난 ‘뉴 아우디 A5 스포츠백’,http://www.heraldbiz.com/SITE/data/html_dir/2009/07/19/200907190100.asp
435,아우디 창립 100년..‘뉴 아우디 A5 스포츠백’ 공개,http://www.fnnews.com/view?ra=Sent0701m_01A&corp=fnnews&arcid=090717205118&cDateYear=2009&cDateMonth=07&cDateDay=18&
436,'뉴 아우디 A5 스포츠백' 세계 최초 공개,http://www.cbs.co.kr/Nocut/Show.asp?IDX=1206930
437,"뉴 아우디 A5 스포츠백, '골든 스티어링 휠' 수상!",http://bntnews.hankyung.com/apps/news?popup=0&nid=05&c1=05&c2=05&c3=00&nkey=200906221159593&mode=sub_view
438,다이내믹한 운전 가능한 아우디 A5,http://www.autotimes.co.kr/article_view.php?id=46303
439,[카라이프 시승기- 뉴 아우디A5]211마력 '강한 파워' 주행안정감도 탁월,http://www.asiae.co.kr/uhtml/read.jsp?idxno=2009032411213866080
440,아우디 `뉴 아우디 A5 스포츠백` 공개,http://news.mk.co.kr/news_forward.php?no=404141&year=2009
441,뉴 아우디 A5 스포츠백 공개,http://www.dt.co.kr/contents.html?article_no=2009072002011132718006
442,이것이 창립100주년에 태어난 ‘뉴 아우디 A5 스포츠백’,http://www.heraldbiz.com/SITE/data/html_dir/2009/07/19/200907190100.asp
443,아우디 창립 100년..‘뉴 아우디 A5 스포츠백’ 공개,http://www.fnnews.com/view?ra=Sent0701m_01A&corp=fnnews&arcid=090717205118&cDateYear=2009&cDateMonth=07&cDateDay=18&
444,'뉴 아우디 A5 스포츠백' 세계 최초 공개,http://www.cbs.co.kr/Nocut/Show.asp?IDX=1206930
445,"뉴 아우디 A5 스포츠백, '골든 스티어링 휠' 수상!",http://bntnews.hankyung.com/apps/news?popup=0&nid=05&c1=05&c2=05&c3=00&nkey=200906221159593&mode=sub_view
446,다이내믹한 운전 가능한 아우디 A5,http://www.autotimes.co.kr/article_view.php?id=46303
447,[카라이프 시승기- 뉴 아우디A5]211마력 '강한 파워' 주행안정감도 탁월,http://www.asiae.co.kr/uhtml/read.jsp?idxno=2009032411213866080
448,[Car & Gift]시승기/아우디코리아 ‘A5 콰트로’ BMW ‘320,http://www.donga.com/fbin/output?n=200902120036
449,[자동차 단신] 투어링 쿠페 '뉴 아우디 A5' 출시 외,http://www.segye.com/Articles/NEWS/ECONOMY/Article.asp?aid=20090109002870&subctg1=&subctg2=
450,"[포토] 아우디, 100주년기념 '뉴 A5 스포츠백' 공개",http://www.e-today.co.kr/news/section/newsview.php?TM=news&SM=0903&idxno=242194
451,"뉴 아우디 A5 스포츠백, '골든 스티어링 휠' 수상!",http://bntnews.hankyung.com/apps/news?popup=0&nid=05&c1=05&c2=05&c3=00&nkey=200906221159593&mode=sub_view
452,다이내믹한 운전 가능한 아우디 A5,http://www.autotimes.co.kr/article_view.php?id=46303
453,[카라이프 시승기- 뉴 아우디A5]211마력 '강한 파워' 주행안정감도 탁월,http://www.asiae.co.kr/uhtml/read.jsp?idxno=2009032411213866080
454,[Car & Gift]시승기/아우디코리아 ‘A5 콰트로’ BMW ‘320,http://www.donga.com/fbin/output?n=200902120036
455,[자동차 단신] 투어링 쿠페 '뉴 아우디 A5' 출시 외,http://www.segye.com/Articles/NEWS/ECONOMY/Article.asp?aid=20090109002870&subctg1=&subctg2=
456,"아우디 코리아, `뉴 아우디 A5' 출시",https://news.naver.com/main/read.naver?mode=LSD&mid=sec&sid1=101&oid=001&aid=0002446093
457,아우디코리아 '뉴 아우디 A5' 발표,http://www.cbs.co.kr/Nocut/Show.asp?IDX=1032202
458,"아우디, ‘뉴 아우디 A5’ 8일 출시",http://www.ajnews.co.kr/uhtml/read.jsp?idxno=200901041348178960187
459,"아우디 A5, S5 카브리올레 공개",http://www.autotimes.co.kr/article_view.php?id=37578
460,아우디코리아 '뉴 아우디 A5' 발표,http://www.cbs.co.kr/Nocut/Show.asp?IDX=1032202
461,뉴 아우디 A5 출시..4가지 운전 모드 지원,http://www.fnnews.com/view?ra=Sent0601m_01A&corp=fnnews&arcid=00000921535667&cDateYear=2009&cDateMonth=01&cDateDay=08&
462,"아우디, ‘뉴 아우디 A5’ 8일 출시",http://www.ajnews.co.kr/uhtml/read.jsp?idxno=200901041348178960187
463,"아우디 A5, S5 카브리올레 공개",http://www.autotimes.co.kr/article_view.php?id=37578
464,[이주의 차] 아우디 '더 뉴 A5 스포트백 40 TFSI 콰트로' 출시…제로백 6.8초,http://isplus.live.joins.com/news/article/article.asp?total_id=24011659
465,"아우디, `A5 쿠페` 세계 최초 공개",http://www.edaily.co.kr/news/newspath.asp?newsid=01426806583061024
466,투우 경기장의 거친 황소가 떠오르는 ‘아우디 RS Q8’ [시승기],http://www.segye.com/content/html/2021/12/05/20211205507217.html?OutUrl=naver
467,"아우디코리아, A5 스포트백 40 TFSI 콰트로 출시",http://autotimes.hankyung.com/apps/news.sub_view?popup=0&nid=02&c1=02&c2=02&c3=00&nkey=202103110955191
468,[포토] 제로백 6.9초…아우디 A5 쿠페,http://news.mk.co.kr/news_forward.php?domain=news&no=353529&year=2012
469,뉴 아우디 A5 카브리올레 출시,http://www.segye.com/Articles/NEWS/ECONOMY/Article.asp?aid=20100531003130&subctg1=&subctg2=
470,"아우디, `A5 쿠페` 세계 최초 공개",http://www.edaily.co.kr/news/newspath.asp?newsid=01426806583061024
471,투우 경기장의 거친 황소가 떠오르는 ‘아우디 RS Q8’ [시승기],http://www.segye.com/content/html/2021/12/05/20211205507217.html?OutUrl=naver
472,"아우디코리아, A5 스포트백 40 TFSI 콰트로 출시",http://autotimes.hankyung.com/apps/news.sub_view?popup=0&nid=02&c1=02&c2=02&c3=00&nkey=202103110955191
473,[포토] 제로백 6.9초…아우디 A5 쿠페,http://news.mk.co.kr/news_forward.php?domain=news&no=353529&year=2012
474,뉴 아우디 A5 카브리올레 출시,http://www.segye.com/Articles/NEWS/ECONOMY/Article.asp?aid=20100531003130&subctg1=&subctg2=
475,[Car & Life]우아함·야성 공존하는 진정한 ‘쿠페’ - 아우디 All New A5,http://www.kbizweek.com/cp/view.asp?vol_no=698&art_no=33&sec_cd=1659
476,[시승기] 아우디 'A5'‥고속 안정감 탁월…터보엔진의 힘,http://www.hankyung.com/news/app/newsview.php?aid=2009031176341
477,"[포토]아우디 쿠페의 재탄생 'A5, A5 카브리올레'",http://autotimes.hankyung.com/apps/news.sub_view?popup=0&nid=03&c1=03&c2=03&c3=00&nkey=201206111748431
478,최고의 투어링 쿠페 뉴 아우디 A5,https://news.naver.com/main/read.naver?mode=LSD&mid=sec&sid1=101&oid=003&aid=0002468520
479,"업그레이드 다이내믹, 미리보는 아우디 A5",http://news.donga.com/3/all/20110718/38886428/2
480,뉴 아우디 A5 발표,https://news.naver.com/main/read.naver?mode=LSD&mid=sec&sid1=101&oid=003&aid=0002468515
481,"업그레이드 다이내믹, 미리보는 아우디 A5",http://news.donga.com/3/all/20110718/38886428/2
482,[브리핑] '뉴 아우디 A5' 신차 발표회 外,http://news20.busan.com/news/newsController.jsp?subSectionId=1010020000&newsId=20090109000255
483,아우디 '더 뉴 A5 스포트백 40 TFSI 콰트로' 출시,http://yna.kr/PYH20210311042100003?did=1196m
484,아우디A5스포츠백 시승행사,http://www.kyeongin.com/news/articleView.html?idxno=704845
485,"아우디, '뉴 아우디 A5 스포츠백' 최초 공개",http://www.ajnews.co.kr/uhtml/read.jsp?idxno=200907171053144360755
486,"[모델 히스토리] 아우디 프리미엄이 담긴 쿠페 라인업, 아우디 A5 모델 히스토리",https://hankookilbo.com/News/Read/A2020103111070000958?did=NA
487,"아우디 A5 DTM, '프랑크푸르트 모토쇼'서 공개!",http://kr.aving.net/news/view.php?articleId=209139&Branch_ID=kr&rssid=naver&mn_name=news
488,"아우디, 독일 디자인상 5관왕 'A1 A3 A5 등' 10개 부문 절반 휩쓸어",http://www.gpkorea.com/news/articleView.html?idxno=68356
489,스포티한 `뉴 아우디 A5`,http://www.dt.co.kr/contents.html?article_no=2009010902010822733001
490,[MD포토] 뉴 아우디 A5의 당당함,http://www.mydaily.co.kr/news/read.html?newsid=200901081228494432&ext=na
491,아우디 '더 뉴 A5 스포트백 40 TFSI 콰트로' 출시,http://yna.kr/PYH20210311042100003?did=1196m
492,아우디A5스포츠백 시승행사,http://www.kyeongin.com/news/articleView.html?idxno=704845
493,"아우디, '뉴 아우디 A5 스포츠백' 최초 공개",http://www.ajnews.co.kr/uhtml/read.jsp?idxno=200907171053144360755
494,"[모델 히스토리] 아우디 프리미엄이 담긴 쿠페 라인업, 아우디 A5 모델 히스토리",https://hankookilbo.com/News/Read/A2020103111070000958?did=NA
495,"아우디 A5 DTM, '프랑크푸르트 모토쇼'서 공개!",http://kr.aving.net/news/view.php?articleId=209139&Branch_ID=kr&rssid=naver&mn_name=news
496,"아우디, 독일 디자인상 5관왕 'A1 A3 A5 등' 10개 부문 절반 휩쓸어",http://www.gpkorea.com/news/articleView.html?idxno=68356
497,스포티한 `뉴 아우디 A5`,http://www.dt.co.kr/contents.html?article_no=2009010902010822733001
498,"[단독] ‘안전불감’ 아우디, 안전띠 경고음 또 말썽…A4·A5 출고 중단",http://www.sporbiz.co.kr/news/articleView.html?idxno=471280
499,'나혼자산다' 안소희 집+차는? 용산구 주상복합·아우디A5 '화제',http://www.joynews24.com/view/1341313
