,title,url
0,[타보니] '600마력의 부드러움' 아우디 RS Q8,https://www.dnews.co.kr/uhtml/view.jsp?idxno=202204082023543210564
1,투우 경기장의 거친 황소가 떠오르는 ‘아우디 RS Q8’ [시승기],http://www.segye.com/content/html/2021/12/05/20211205507217.html?OutUrl=naver
2,"[시승기]""보는 순간 고개 돌아간다""...미친 존재감 보인 '아우디 'RS Q8''",http://www.g-enews.com/ko-kr/news/article/news_all/2021110808523736527bdb7041ec_1/article.html
3,"[시승기]""내가 왕이 될 상인가""...아우디 끝판왕 'RS Q8' 타봤습니다",http://www.g-enews.com/ko-kr/news/article/news_all/202110221055302257bdb7041ec_1/article.html
4,"[자유로 연비] 600마력의 플래그십 크로스오버, 아우디 RS Q8의 자유로 연비는?",https://hankookilbo.com/News/Read/A2021092012450000498?did=NA
5,고성능 SUV '아우디 RS Q8' 출시…최고시속 305㎞,http://yna.kr/AKR20210611044400003?did=1195m
6,아우디 슈퍼 SUV '더뉴 RS Q8' 생각대로 달리는 마법양탄자,http://www.gpkorea.com/news/articleView.html?idxno=81447
7,"한국타이어, ‘아우디 RS Q8’에 신차용 타이어 공급",http://www.viva100.com/main/view.php?key=20210120010004475
8,[시승기] 0→100㎞/h 3.8초 ‘괴력’..대형 SUV 아우디 RS Q8,http://www.dailycar.co.kr/content/news.html?type=view&autoId=41649
9,"[시승기] 아우디 RS Q8 '반칙성 81kg.m 토크, SUV가 이래도 됩니까!'",http://www.gpkorea.com/news/articleView.html?idxno=77990
10,"아우디, tvN 토일드라마 '불가살'에 A7, Q8, e-트론 스포트백 등 지원",http://www.sportsseoul.com/news/read/1088375?ref=naver
11,"고성능 플래그십 SUV, '아우디 RS Q8' 공개",http://www.hankookilbo.com/news/npath/201912241101798152?did=NA
12,"람보르기 '우르스' 닮은꼴…아우디, 고성능 SUV 'RS Q8' 유럽서 출시",http://www.edaily.co.kr/news/newspath.asp?newsid=03253766622714912
13,[시승기] 퍼포먼스를 더해 완성된 아우디 플래그십 크로스오버…아우디 RS Q8,https://hankookilbo.com/News/Read/A2021082408440001256?did=NA
14,"아우디, 최강 투톱 'e-트론 스포트백, RS Q8' LA오토쇼 출격!",http://www.gpkorea.com/news/articleView.html?idxno=58782
15,"태생적인 한계를 뛰어넘다, 아우디 RS Q8",https://www.motortrendkorea.com/sub/view.html?no=5760&cate1Name=NEWCAR
16,"‘편리함에 퍼포먼스를 더하다’ 아우디, RS 라인업 첫 대형 SUV, ‘RS Q8’",https://www.sedaily.com/NewsView/22Q83WDAJB
17,"아우디 복병 'Q8', 억대 호가 대형 SUV가 '브랜드 판매 2위'",http://www.sisaweek.com/news/articleView.html?idxno=149585
18,"아우디코리아, tvN 토일드라마 '불가살'에 RS e-트론 GT 등 차량 5종 지원",http://www.autodaily.co.kr/news/articleView.html?idxno=431064
19,"[車A/S경쟁력] 아우디코리아 ""고객니즈 맞는 디지털화 서비스로 브랜드 가치 제공""",http://daily.hankooki.com/news/articleView.html?idxno=804537
20,[신차 브리핑!]궁극의 초고성능 SUV ‘더 뉴 아우디 RS Q8’,https://sports.hankooki.com/lpage/economy/202106/sp20210614160828136990.htm?s_ref=nv
21,"아우디, 더 뉴 아우디 RS Q8 출시…가격 1억7202만원",https://www.ebn.co.kr/news/view/1487392/?sc=Naver
22,"아우디, 최상위 고성능 SUV ‘더 뉴 RS Q8’ 출시",http://www.rpm9.com/news/article.html?id=20210612090002
23,[시승기] 전기차 미래에 대한 아우디의 해석 'RS 이트론 GT' 타보니...,http://www.newspim.com/news/view/20211111000991
24,"[포토]슈퍼 SUV 등장, 아우디 RS Q8",http://autotimes.hankyung.com/apps/news.sub_view?popup=0&nid=02&c1=02&c2=02&c3=00&nkey=202106021014441
25,"한국타이어, 아우디 RS Q8에 타이어 공급",http://www.rpm9.com/news/article.html?id=20210121090001
26,"한국타이어, 아우디 'RS Q8'에 OE공급",http://www.mediapen.com/news/view/594714
27,"[자동차오늘] 한국지엠, '트블 뮤즈 시즌2' 참여 고객 모집…한국타이어, 아우디 RS Q8에 신차용 타이어 공급",http://www.sisaon.co.kr/news/articleView.html?idxno=123133
28,"[튜닝카] 강렬한 퍼포먼스의 아우디 RS Q8, 무한 변신을 이루다",https://hankookilbo.com/News/Read/A2021010113080001128?did=NA
29,"[AI뉴스룸] 한국타이어, 600마력 아우디 'RS Q8'에 초고성능 타이어 공급",http://www.newsprime.co.kr/news/article.html?no=531625
30,아우디 “2022년은 프리미엄 모빌리티 입지 강화에 주력”,http://www.g-enews.com/ko-kr/news/article/news_all/202201241631229126a67d2c7d5a_1/article.html
31,"아우디, tvN 토·일 드라마 '불가살'에 대표 차량 5종 지원",http://www.rpm9.com/news/article.html?id=20211228090001
32,"""전기차에서 고성능 라인업까지""…아우디, 브랜드 '경험' 선사",https://www.nocutnews.co.kr/news/5674782
33,"'글로벌 장악' 한국타이어, 46개 브랜드와 포트폴리오 구축",http://www.newsprime.co.kr/news/article.html?no=565880
34,[체험기] 아우디 스포츠 DNA를 한자리에…R8부터 RS e-트론 GT까지,http://www.efnews.co.kr/news/articleView.html?idxno=90586
35,"[레알시승기]아우디, 초강력 R‧RS라인업 국내 상륙",https://www.nocutnews.co.kr/news/5573796
36,"아우디, 전기차‧고성능 라인업 확충…국내 프리미엄 브랜드 입지 강화",http://www.m-i.kr/news/articleView.html?idxno=883844
37,"전기차에서 고성능 라인업까지… 아우디, 다양한 신차 출시로 국내 프리미엄 모빌리티 브랜드 입지 강화",http://www.enewstoday.co.kr/news/articleView.html?idxno=1534017
38,"[시승기] 아우디, 전기차 시대에도 ‘고성능’은 여전…제로백 3초에 칼 제동",http://www.viva100.com/main/view.php?key=20211115010004331
39,"[시승기] 아우디, 다섯 가지 차들의 다섯 가지 색깔",http://www.pinpointnews.co.kr/view.php?ud=2021111412351729799cdfed7945_45
40,"[민기자의 '드라이빙'] ""괴물들이 몰려온다""… 아우디 RS 3총사",http://www.sisaweek.com/news/curationView.html?idxno=144560
41,서킷에서 만난 아우디의 고성능 모델과의 하루,https://hankookilbo.com/News/Read/A2021110704380005990?did=NA
42,"아우디, SUV·전기차 공략 나선다 [원성열 기자의 CAR & TRACK]",https://sports.donga.com/article/all/20211031/110003946/3
43,"마치 전기차 혁명, 아우디의 'e-볼루션' [2021 서울 모빌리티쇼]",http://www.osen.co.kr/article/G1111701783
44,"아우디, “관점에 따라 새로운 미래 만날 수 있다""…서울 모빌리티쇼서 비전 제시",http://www.dizzotv.com/site/data/html_dir/2021/11/25/2021112580092.html
45,"아우디 ""SUV 라인업 확장... 프리미엄 모빌리티 브랜드 입지 강화""",https://sports.hankooki.com/lpage/economy/202110/sp20211026162210136990.htm?s_ref=nv
46,"[TUNING] 만하트 튜닝, 900마력 아우디 RS Q8 공개",http://www.iminju.net/news/articleView.html?idxno=53717
47,"[글로벌-Biz 24] 아우디, RS Q8 내년 초 선봬",http://www.g-enews.com/ko-kr/news/article/news_all/20191204035437923250cb531085_1/article.html
48,"아우디, 고성능 SUV 'RS Q8' 공개",http://www.maeilnews.co.kr/news/article.html?no=6484
49,"아우디, 600마력 고성능 RS Q8 공개..X6 M, GLE 63 AMG 경쟁",http://www.dailycar.co.kr/content/news.html?type=view&autoId=35201
50,"아우디, LA 오토쇼서 e-트론 스포트백과 RS Q8 세계 최초 공개한다",http://www.edaily.co.kr/news/newspath.asp?newsid=03939286622687032
51,"아우디, SUV 라인업 확대…'프리미엄 모빌리티' 브랜드 입지 강화",http://sports.chosun.com/news/ntype.htm?id=202110290100205210013444&servicedate=20211028
52,"아우디, RS Q8 가장 빠른 SUV 등극(?)..뉘르서킷 랩타임 기록은...",http://www.dailycar.co.kr/content/news.html?type=view&autoId=35082
53,"""타도 벤츠 BMW""…'아우디 어벤져스' 한국 총출동, 독해진 매력 살펴보니",http://news.mk.co.kr/newsRead.php?no=922259&year=2021
54,"아우디, 600마력급 RS Q8 출시 계획..X5 M· AMG GLE63과 경쟁",http://www.dailycar.co.kr/content/news.html?type=view&autoId=34325
55,포르쉐·BMW·아우디의 이유 있는 '한국타이어' 러브콜,https://www.dailian.co.kr/news/view/1036132/?sc=Naver
56,"[집중분석] '고성능' 공격적 확장, 그 속에 '아우디 스포트 DNA'",http://www.newsprime.co.kr/news/article.html?no=551604
57,"[성공기업, 성공DNA] '기술을 통한 진보'…아우디, 고성능 전기차 시장 잡는다",https://www.asiatoday.co.kr/view.php?key=20210908010004759
58,프리미엄모빌리티시장 선점 나선 아우디...EV.고성능 라인업 강화,http://www.autodaily.co.kr/news/articleView.html?idxno=428754
59,"아우디코리아, 제프 매너링 사장 취임 후 2년간 실적 세 배로 성장",http://www.consumernews.co.kr/news/articleView.html?idxno=633152
60,"아우디, 전기차·고성능 라인업 확장… “프리미엄 입지 강화”",https://biz.chosun.com/industry/car/2021/07/22/KNRW462RH5CRZP4XQBE6V4XBIA/?utm_source=naver&utm_medium=original&utm_campaign=biz
61,"고성능 전기차 포기하지 않는 아우디, RS 배지 붙은 전기차 준비",http://www.dailycar.co.kr/content/news.html?type=view&autoId=38526
62,"한국타이어, SUV 타이어 성능 1위…고급차 탑재 이유있네",http://www.m-i.kr/news/articleView.html?idxno=879178
63,"레이싱카 DNA로 무장…아우디, 고성능·전기차 시장 풀액셀",http://www.edaily.co.kr/news/newspath.asp?newsid=01161126629112880
64,판매 저조에 '좌불안석'… 갈피 못잡는 아우디,http://www.iminju.net/news/articleView.html?idxno=74771
65,"한국타이어, 유럽 성능테스트 1위…“고성능 SUV 시장도 잡는다”",http://news.heraldcorp.com/view.php?ud=20211126000040
66,"[포커스!]아우디 ""전기차 및 고성능 라인업 확장 본격화""",https://sports.hankooki.com/lpage/economy/202106/sp20210624160237136990.htm?s_ref=nv
67,"약속지킨 아우디코리아, '고성능차' 출시 러시",http://www.mediapen.com/news/view/638969
68,"아우디, 국내 라인업 공격적 확장…전기차·고성능차 주도권 쟁탈 본격화",https://www.ebn.co.kr/news/view/1488420/?sc=Naver
69,"아우디 RS Q8 스파이샷 포착, 람보르기니 우루스와 동급",http://kr.people.com.cn/n3/2018/0511/c207467-9458976.html
70,레이싱카 DNA로 무장…아우디 국내 고성능차 시장 도전장 냈다,http://news.mk.co.kr/newsRead.php?no=580064&year=2021
71,"[시승기]아우디 R8, 서킷 휘어잡는 짜릿한 힘…610마력·제로백 3.1초",http://www.dizzotv.com/site/data/html_dir/2021/06/09/2021060980186.html
72,고속 급회전·급제동에도 안정감 “역시 아우디!”,http://www.busan.com/view/busan/view.php?code=2021060818031593793
73,"압트, 브랜드 출범 125주년을 기념한 ‘RSQ8-R’ 공개",https://hankookilbo.com/News/Read/A2020090508590003007?did=NA
74,중력 거스르는 듯… 아우디 질·주·본·능,http://www.segye.com/content/html/2021/06/06/20210606507456.html?OutUrl=naver
75,[써킷 시승기] 아우디 고성능 라인업 '찐' 고속질주,http://www.iminju.net/news/articleView.html?idxno=73002
76,"아우디, 미출시 야심작부터 전기차까지 다 준비했네",http://www.dt.co.kr/contents.html?article_no=2021060402109932031001&ref=naver
77,아우디 ‘Q8 스포트 콘셉트-RS 5 쿠페’ 공개,http://www.ekn.kr/news/article.html?no=272392
78,"[시승기] 아우디 R8 V10 퍼포먼스, 5.2리터 610마력 `마법의 회전질감`",http://www.gpkorea.com/news/articleView.html?idxno=76152
79,"[시승기]""짜릿함에서 안락함까지""…고성능·전기차 꾸러미 들고온 아우디",https://www.dailian.co.kr/news/view/996999/?sc=Naver
80,포르쉐·BMW·아우디 '러브콜'…한국타이어 기술 비결은,https://www.dailian.co.kr/news/view/1013445/?sc=Naver
81,"한국타이어, '아우디 스포츠 드라이빙 익스피리언스'에 타이어 공급",http://www.efnews.co.kr/news/articleView.html?idxno=90297
82,"한국타이어, 고성능 SUV 시장에서 '막강' 존재감 뽐내",http://www.bizwnews.com/news/articleView.html?idxno=28762
83,"한국타이어, '아우디 스포츠 드라이빙 익스피리언스'에 초고성능 타이어 공급",http://www.autodaily.co.kr/news/articleView.html?idxno=427611
84,세계 톱 SUV ‘한국타이어’만 찾는 이유있다,http://www.newsway.co.kr/news/view?tp=1&ud=2021102708280463590
85,"한국타이어, BMW 고성능 M 라인업에 신차용 타이어 공급",https://biz.chosun.com/industry/car/2021/10/21/VWELF4QETJFIJMROKCIITSME6M/?utm_source=naver&utm_medium=original&utm_campaign=biz
86,"내연기관차 고성능 모델 경쟁, 여전히 뜨겁다",http://www.munhwa.com/news/view.html?no=2021101801032503353001
87,[시승기] 입문용 슈퍼카(?) 이제는 안녕~ 아우디 ''R8 V10 퍼포먼스'' 서킷서 존재감 당당하게 보여줘!,http://kr.aving.net/news/view.php?articleId=1606661&Branch_ID=kr&rssid=naver&mn_name=news
88,"아우디, ‘드라이빙 익스피리언스’ 참가자 모집",http://www.rpm9.com/news/article.html?id=20210520090004
89,"아우디, '아우디 드라이빙 익스피리언스' 참가자 모집",http://www.seoulfn.com/news/articleView.html?idxno=420065
90,"아우디, '아우디 드라이빙 익스피리언스' 참가자 모집... 아우디 고성능 모델 드라이빙 퍼포먼스 체험 기회 제공",http://kr.aving.net/news/view.php?articleId=1605428&Branch_ID=kr&rssid=naver&mn_name=news
91,"'전기차시장 점령' 한국타이어, 이번에는 아우디 'e-트론 GT'",http://www.newsprime.co.kr/news/article.html?no=546698
92,뒷바퀴로 턴할까?,http://www.osen.co.kr/article/G1111632308
93,"박미선 ""2억 5천 스포츠카? 가격 나쁘지 않아…들고 튈 수도"" (나는 박미선) [종합]",https://www.xportsnews.com/?ac=article_view&entry_id=1467375
94,"아우디 A3 신차용 타이어 '한국→넥센' 바뀐 사연?…""저가 공급탓""",https://www.theguru.co.kr/news/article.html?no=18953
95,"""스포츠카부터 전기차·픽업트럭까지"" 한국타이어, 글로벌 OE 포트폴리오 구축",http://www.autodaily.co.kr/news/articleView.html?idxno=428705
96,"[Car Special] 올여름, 시선 사로잡는 New SUV 4",http://news.mk.co.kr/newsRead.php?no=657792&year=2021
97,테슬라·아우디·벤츠도 선택한 한국타이어…현대차·기아차는 '냉대',http://isplus.live.joins.com/news/article/article.asp?total_id=23976165
98,[시승기] 순식간에 시속 200km...아우디 전기차 이트론·R8·RS Q8 서킷 실력 '감탄',http://www.newspim.com/news/view/20210602001115
99,"한국타이어, SUV 시장에서도 막강 존재감 뽐내다",https://www.ceoscoredaily.com/page/view/2021072816572726921
100,"한국타이어, 아우디 초고성능 SUV 'RS Q8'에 신차용 타이어 공급",http://www.newsis.com/view/?id=NISX20210120_0001311395&cID=13001&pID=13000
101,"[자동차오늘] 한국지엠, '트블 뮤즈 시즌2' 참여 고객 모집…한국타이어, 아우디 RS Q8에 신차용 타이어 공급",http://www.sisaon.co.kr/news/articleView.html?idxno=123133
102,"한국타이어, 아우디 초고성능 SUV ‘RS Q8’에 신차용 타이어 공급",https://www.sedaily.com/NewsView/22HBUKX3WE
103,"한국타이어, 아우디 'RS Q8' 신차용 타이어 공급... 프리미엄 SUV 시장 선도",http://www.ceoscoredaily.com/news/article.html?no=77620
104,"[튜닝카] 강렬한 퍼포먼스의 아우디 RS Q8, 무한 변신을 이루다",https://hankookilbo.com/News/Read/A2021010113080001128?did=NA
105,"[AI뉴스룸] 한국타이어, 600마력 아우디 'RS Q8'에 초고성능 타이어 공급",http://www.newsprime.co.kr/news/article.html?no=531625
106,아우디 “2022년은 프리미엄 모빌리티 입지 강화에 주력”,http://www.g-enews.com/ko-kr/news/article/news_all/202201241631229126a67d2c7d5a_1/article.html
107,"아우디 코리아, tvN 토일드라마 '불가살'에 대표 주력 모델 5종 지원!",http://kr.aving.net/news/view.php?articleId=1667713&Branch_ID=kr&rssid=naver&mn_name=news
108,"아우디, tvN 토·일 드라마 '불가살'에 대표 차량 5종 지원",http://www.rpm9.com/news/article.html?id=20211228090001
109,"""전기차에서 고성능 라인업까지""…아우디, 브랜드 '경험' 선사",https://www.nocutnews.co.kr/news/5674782
110,"한국타이어, 아우디 ‘RS Q8’에 신차용 타이어 공급",https://www.dailian.co.kr/news/view/957209/?sc=Naver
111,"한국타이어, 아우디 RS Q8에 신차용 타이어 공급",http://autotimes.hankyung.com/apps/news.sub_view?popup=0&nid=03&c1=03&c2=03&c3=00&nkey=202101201013381
112,"[AI뉴스룸] 한국타이어, 600마력 아우디 'RS Q8'에 초고성능 타이어 공급",http://www.newsprime.co.kr/news/article.html?no=531625
113,아우디 “2022년은 프리미엄 모빌리티 입지 강화에 주력”,http://www.g-enews.com/ko-kr/news/article/news_all/202201241631229126a67d2c7d5a_1/article.html
114,"아우디 코리아, tvN 토일드라마 '불가살'에 대표 주력 모델 5종 지원!",http://kr.aving.net/news/view.php?articleId=1667713&Branch_ID=kr&rssid=naver&mn_name=news
115,"아우디, tvN 토·일 드라마 '불가살'에 대표 차량 5종 지원",http://www.rpm9.com/news/article.html?id=20211228090001
116,"""전기차에서 고성능 라인업까지""…아우디, 브랜드 '경험' 선사",https://www.nocutnews.co.kr/news/5674782
117,"'글로벌 장악' 한국타이어, 46개 브랜드와 포트폴리오 구축",http://www.newsprime.co.kr/news/article.html?no=565880
118,[체험기] 아우디 스포츠 DNA를 한자리에…R8부터 RS e-트론 GT까지,http://www.efnews.co.kr/news/articleView.html?idxno=90586
119,"[레알시승기]아우디, 초강력 R‧RS라인업 국내 상륙",https://www.nocutnews.co.kr/news/5573796
120,"한국타이어, 아우디 고성능 SUV ‘RS Q8’에 신차용 타이어 공급",https://sports.donga.com/article/all/20210120/105004014/1
121,"아우디 코리아, tvN 토일드라마 '불가살'에 대표 주력 모델 5종 지원!",http://kr.aving.net/news/view.php?articleId=1667713&Branch_ID=kr&rssid=naver&mn_name=news
122,"아우디, tvN 토·일 드라마 '불가살'에 대표 차량 5종 지원",http://www.rpm9.com/news/article.html?id=20211228090001
123,"""전기차에서 고성능 라인업까지""…아우디, 브랜드 '경험' 선사",https://www.nocutnews.co.kr/news/5674782
124,"'글로벌 장악' 한국타이어, 46개 브랜드와 포트폴리오 구축",http://www.newsprime.co.kr/news/article.html?no=565880
125,[체험기] 아우디 스포츠 DNA를 한자리에…R8부터 RS e-트론 GT까지,http://www.efnews.co.kr/news/articleView.html?idxno=90586
126,"[레알시승기]아우디, 초강력 R‧RS라인업 국내 상륙",https://www.nocutnews.co.kr/news/5573796
127,"아우디, 전기차‧고성능 라인업 확충…국내 프리미엄 브랜드 입지 강화",http://www.m-i.kr/news/articleView.html?idxno=883844
128,"전기차에서 고성능 라인업까지… 아우디, 다양한 신차 출시로 국내 프리미엄 모빌리티 브랜드 입지 강화",http://www.enewstoday.co.kr/news/articleView.html?idxno=1534017
129,"[시승기] 아우디, 전기차 시대에도 ‘고성능’은 여전…제로백 3초에 칼 제동",http://www.viva100.com/main/view.php?key=20211115010004331
130,"아우디, tvN드라마 불가살에 'A7·e-트론 스포트백' 등 5종 지원",https://www.cnet.co.kr/view/?no=20211227113751
131,"""전기차에서 고성능 라인업까지""…아우디, 브랜드 '경험' 선사",https://www.nocutnews.co.kr/news/5674782
132,"'글로벌 장악' 한국타이어, 46개 브랜드와 포트폴리오 구축",http://www.newsprime.co.kr/news/article.html?no=565880
133,[체험기] 아우디 스포츠 DNA를 한자리에…R8부터 RS e-트론 GT까지,http://www.efnews.co.kr/news/articleView.html?idxno=90586
134,"[레알시승기]아우디, 초강력 R‧RS라인업 국내 상륙",https://www.nocutnews.co.kr/news/5573796
135,"아우디, 전기차‧고성능 라인업 확충…국내 프리미엄 브랜드 입지 강화",http://www.m-i.kr/news/articleView.html?idxno=883844
136,"전기차에서 고성능 라인업까지… 아우디, 다양한 신차 출시로 국내 프리미엄 모빌리티 브랜드 입지 강화",http://www.enewstoday.co.kr/news/articleView.html?idxno=1534017
137,"[시승기] 아우디, 전기차 시대에도 ‘고성능’은 여전…제로백 3초에 칼 제동",http://www.viva100.com/main/view.php?key=20211115010004331
138,"[시승기] 아우디, 다섯 가지 차들의 다섯 가지 색깔",http://www.pinpointnews.co.kr/view.php?ud=2021111412351729799cdfed7945_45
139,"[민기자의 '드라이빙'] ""괴물들이 몰려온다""… 아우디 RS 3총사",http://www.sisaweek.com/news/curationView.html?idxno=144560
140,"'글로벌 장악' 한국타이어, 46개 브랜드와 포트폴리오 구축",http://www.newsprime.co.kr/news/article.html?no=565880
141,[체험기] 아우디 스포츠 DNA를 한자리에…R8부터 RS e-트론 GT까지,http://www.efnews.co.kr/news/articleView.html?idxno=90586
142,"“이진욱 A7 탄다”…아우디, tvN ‘불가살’에 차량 5종 지원",http://www.dt.co.kr/contents.html?article_no=2021122702109932064003&ref=naver
143,"아우디코리아, 2021년은 전기차·고성능으로 승부한 한 해",http://autotimes.hankyung.com/apps/news.sub_view?popup=0&nid=02&c1=02&c2=02&c3=00&nkey=202112160906501
144,"[레알시승기]아우디, 초강력 R‧RS라인업 국내 상륙",https://www.nocutnews.co.kr/news/5573796
145,"아우디, 전기차‧고성능 라인업 확충…국내 프리미엄 브랜드 입지 강화",http://www.m-i.kr/news/articleView.html?idxno=883844
146,"전기차에서 고성능 라인업까지… 아우디, 다양한 신차 출시로 국내 프리미엄 모빌리티 브랜드 입지 강화",http://www.enewstoday.co.kr/news/articleView.html?idxno=1534017
147,"[시승기] 아우디, 전기차 시대에도 ‘고성능’은 여전…제로백 3초에 칼 제동",http://www.viva100.com/main/view.php?key=20211115010004331
148,"[시승기] 아우디, 다섯 가지 차들의 다섯 가지 색깔",http://www.pinpointnews.co.kr/view.php?ud=2021111412351729799cdfed7945_45
149,"[민기자의 '드라이빙'] ""괴물들이 몰려온다""… 아우디 RS 3총사",http://www.sisaweek.com/news/curationView.html?idxno=144560
150,"[민기자의 '드라이빙'] ""괴물들이 몰려온다""… 아우디 RS 3총사",http://www.sisaweek.com/news/curationView.html?idxno=144560
151,"아우디, 올해 한국서 신차 19종 선보이며 판매량 2만대 돌파",https://www.donga.com/news/article/all/20211215/110806527/1
152,"아우디, 국내서 연 2만대 판매 돌파…전기차·세단·SUV 선보이며 라인 정비",https://www.donga.com/news/article/all/20211215/110801884/1
153,서킷에서 만난 아우디의 고성능 모델과의 하루,https://hankookilbo.com/News/Read/A2021110704380005990?did=NA
154,"아우디, SUV·전기차 공략 나선다 [원성열 기자의 CAR & TRACK]",https://sports.donga.com/article/all/20211031/110003946/3
155,"마치 전기차 혁명, 아우디의 'e-볼루션' [2021 서울 모빌리티쇼]",http://www.osen.co.kr/article/G1111701783
156,"아우디, “관점에 따라 새로운 미래 만날 수 있다""…서울 모빌리티쇼서 비전 제시",http://www.dizzotv.com/site/data/html_dir/2021/11/25/2021112580092.html
157,"아우디 ""SUV 라인업 확장... 프리미엄 모빌리티 브랜드 입지 강화""",https://sports.hankooki.com/lpage/economy/202110/sp20211026162210136990.htm?s_ref=nv
158,"[TUNING] 만하트 튜닝, 900마력 아우디 RS Q8 공개",http://www.iminju.net/news/articleView.html?idxno=53717
159,"[글로벌-Biz 24] 아우디, RS Q8 내년 초 선봬",http://www.g-enews.com/ko-kr/news/article/news_all/20191204035437923250cb531085_1/article.html
160,"아우디, 서울모빌리티쇼서 e-트론·SUV·고성능 등 다양한 라인업 전시",http://www.edaily.co.kr/news/newspath.asp?newsid=02486246629249328
161,"아우디 ""SUV 라인업 확장... 프리미엄 모빌리티 브랜드 입지 강화""",https://sports.hankooki.com/lpage/economy/202110/sp20211026162210136990.htm?s_ref=nv
162,"[TUNING] 만하트 튜닝, 900마력 아우디 RS Q8 공개",http://www.iminju.net/news/articleView.html?idxno=53717
163,"[글로벌-Biz 24] 아우디, RS Q8 내년 초 선봬",http://www.g-enews.com/ko-kr/news/article/news_all/20191204035437923250cb531085_1/article.html
164,"아우디, 고성능 SUV 'RS Q8' 공개",http://www.maeilnews.co.kr/news/article.html?no=6484
165,"아우디, 600마력 고성능 RS Q8 공개..X6 M, GLE 63 AMG 경쟁",http://www.dailycar.co.kr/content/news.html?type=view&autoId=35201
166,"아우디, LA 오토쇼서 e-트론 스포트백과 RS Q8 세계 최초 공개한다",http://www.edaily.co.kr/news/newspath.asp?newsid=03939286622687032
167,"아우디, e-트론 스포트백 티저 공개..LA 오토쇼서 RS Q8 등 신차 발표 계획",http://www.dailycar.co.kr/content/news.html?type=view&autoId=35146
168,"아우디, SUV 라인업 확대…'프리미엄 모빌리티' 브랜드 입지 강화",http://sports.chosun.com/news/ntype.htm?id=202110290100205210013444&servicedate=20211028
169,"아우디, RS Q8 가장 빠른 SUV 등극(?)..뉘르서킷 랩타임 기록은...",http://www.dailycar.co.kr/content/news.html?type=view&autoId=35082
170,"[글로벌-Biz 24] 아우디, RS Q8 내년 초 선봬",http://www.g-enews.com/ko-kr/news/article/news_all/20191204035437923250cb531085_1/article.html
171,"아우디, 고성능 SUV 'RS Q8' 공개",http://www.maeilnews.co.kr/news/article.html?no=6484
172,"아우디, 600마력 고성능 RS Q8 공개..X6 M, GLE 63 AMG 경쟁",http://www.dailycar.co.kr/content/news.html?type=view&autoId=35201
173,"아우디, LA 오토쇼서 e-트론 스포트백과 RS Q8 세계 최초 공개한다",http://www.edaily.co.kr/news/newspath.asp?newsid=03939286622687032
174,"아우디, e-트론 스포트백 티저 공개..LA 오토쇼서 RS Q8 등 신차 발표 계획",http://www.dailycar.co.kr/content/news.html?type=view&autoId=35146
175,"아우디, SUV 라인업 확대…'프리미엄 모빌리티' 브랜드 입지 강화",http://sports.chosun.com/news/ntype.htm?id=202110290100205210013444&servicedate=20211028
176,"아우디, RS Q8 가장 빠른 SUV 등극(?)..뉘르서킷 랩타임 기록은...",http://www.dailycar.co.kr/content/news.html?type=view&autoId=35082
177,"""타도 벤츠 BMW""…'아우디 어벤져스' 한국 총출동, 독해진 매력 살펴보니",http://news.mk.co.kr/newsRead.php?no=922259&year=2021
178,"아우디, 600마력급 RS Q8 출시 계획..X5 M· AMG GLE63과 경쟁",http://www.dailycar.co.kr/content/news.html?type=view&autoId=34325
179,포르쉐·BMW·아우디의 이유 있는 '한국타이어' 러브콜,https://www.dailian.co.kr/news/view/1036132/?sc=Naver
180,"아우디, LA 오토쇼서 'e-트론 스포트백'·'RS Q8' 세계 최초 공개",http://www.m-i.kr/news/articleView.html?idxno=655405
181,"아우디, RS Q8 가장 빠른 SUV 등극(?)..뉘르서킷 랩타임 기록은...",http://www.dailycar.co.kr/content/news.html?type=view&autoId=35082
182,"""타도 벤츠 BMW""…'아우디 어벤져스' 한국 총출동, 독해진 매력 살펴보니",http://news.mk.co.kr/newsRead.php?no=922259&year=2021
183,"아우디, 600마력급 RS Q8 출시 계획..X5 M· AMG GLE63과 경쟁",http://www.dailycar.co.kr/content/news.html?type=view&autoId=34325
184,포르쉐·BMW·아우디의 이유 있는 '한국타이어' 러브콜,https://www.dailian.co.kr/news/view/1036132/?sc=Naver
185,"[집중분석] '고성능' 공격적 확장, 그 속에 '아우디 스포트 DNA'",http://www.newsprime.co.kr/news/article.html?no=551604
186,고성능 판 키우는 아우디… 600마력 넘나드는 세단·SUV 속속 등판,https://www.donga.com/news/article/all/20210824/108733523/2
187,"[성공기업, 성공DNA] '기술을 통한 진보'…아우디, 고성능 전기차 시장 잡는다",https://www.asiatoday.co.kr/view.php?key=20210908010004759
188,프리미엄모빌리티시장 선점 나선 아우디...EV.고성능 라인업 강화,http://www.autodaily.co.kr/news/articleView.html?idxno=428754
189,"아우디코리아, 제프 매너링 사장 취임 후 2년간 실적 세 배로 성장",http://www.consumernews.co.kr/news/articleView.html?idxno=633152
190,"[성공기업, 성공DNA] '기술을 통한 진보'…아우디, 고성능 전기차 시장 잡는다",https://www.asiatoday.co.kr/view.php?key=20210908010004759
191,프리미엄모빌리티시장 선점 나선 아우디...EV.고성능 라인업 강화,http://www.autodaily.co.kr/news/articleView.html?idxno=428754
192,"아우디코리아, 제프 매너링 사장 취임 후 2년간 실적 세 배로 성장",http://www.consumernews.co.kr/news/articleView.html?idxno=633152
193,"아우디, 전기차·고성능 라인업 확장… “프리미엄 입지 강화”",https://biz.chosun.com/industry/car/2021/07/22/KNRW462RH5CRZP4XQBE6V4XBIA/?utm_source=naver&utm_medium=original&utm_campaign=biz
194,"고성능 전기차 포기하지 않는 아우디, RS 배지 붙은 전기차 준비",http://www.dailycar.co.kr/content/news.html?type=view&autoId=38526
195,"한국타이어, SUV 타이어 성능 1위…고급차 탑재 이유있네",http://www.m-i.kr/news/articleView.html?idxno=879178
196,"레이싱카 DNA로 무장…아우디, 고성능·전기차 시장 풀액셀",http://www.edaily.co.kr/news/newspath.asp?newsid=01161126629112880
197,판매 저조에 '좌불안석'… 갈피 못잡는 아우디,http://www.iminju.net/news/articleView.html?idxno=74771
198,"한국타이어, 유럽 성능테스트 1위…“고성능 SUV 시장도 잡는다”",http://news.heraldcorp.com/view.php?ud=20211126000040
199,"아우디, 고성능 플래그십 SUV RS Q8 국내 출시",http://www.metroseoul.co.kr/article/20210611500067
200,"아우디, 고성능 플래그십 SUV RS Q8 국내 출시",http://www.metroseoul.co.kr/article/20210611500067
201,"[포커스!]아우디 ""전기차 및 고성능 라인업 확장 본격화""",https://sports.hankooki.com/lpage/economy/202106/sp20210624160237136990.htm?s_ref=nv
202,"약속지킨 아우디코리아, '고성능차' 출시 러시",http://www.mediapen.com/news/view/638969
203,"아우디, 국내 라인업 공격적 확장…전기차·고성능차 주도권 쟁탈 본격화",https://www.ebn.co.kr/news/view/1488420/?sc=Naver
204,"아우디 RS Q8 스파이샷 포착, 람보르기니 우루스와 동급",http://kr.people.com.cn/n3/2018/0511/c207467-9458976.html
205,레이싱카 DNA로 무장…아우디 국내 고성능차 시장 도전장 냈다,http://news.mk.co.kr/newsRead.php?no=580064&year=2021
206,최고305㎞... KTX급 속도 자랑하는 1억 7천만원짜리 신형 아우디 SUV,https://www.insight.co.kr/news/343360
207,"[시승기]아우디 R8, 서킷 휘어잡는 짜릿한 힘…610마력·제로백 3.1초",http://www.dizzotv.com/site/data/html_dir/2021/06/09/2021060980186.html
208,고속 급회전·급제동에도 안정감 “역시 아우디!”,http://www.busan.com/view/busan/view.php?code=2021060818031593793
209,"압트, 브랜드 출범 125주년을 기념한 ‘RSQ8-R’ 공개",https://hankookilbo.com/News/Read/A2020090508590003007?did=NA
210,"압트, 브랜드 출범 125주년을 기념한 ‘RSQ8-R’ 공개",https://hankookilbo.com/News/Read/A2020090508590003007?did=NA
211,중력 거스르는 듯… 아우디 질·주·본·능,http://www.segye.com/content/html/2021/06/06/20210606507456.html?OutUrl=naver
212,[써킷 시승기] 아우디 고성능 라인업 '찐' 고속질주,http://www.iminju.net/news/articleView.html?idxno=73002
213,"아우디, 미출시 야심작부터 전기차까지 다 준비했네",http://www.dt.co.kr/contents.html?article_no=2021060402109932031001&ref=naver
214,아우디 ‘Q8 스포트 콘셉트-RS 5 쿠페’ 공개,http://www.ekn.kr/news/article.html?no=272392
215,"[시승기] 아우디 R8 V10 퍼포먼스, 5.2리터 610마력 `마법의 회전질감`",http://www.gpkorea.com/news/articleView.html?idxno=76152
216,"[시승기]""짜릿함에서 안락함까지""…고성능·전기차 꾸러미 들고온 아우디",https://www.dailian.co.kr/news/view/996999/?sc=Naver
217,포르쉐·BMW·아우디 '러브콜'…한국타이어 기술 비결은,https://www.dailian.co.kr/news/view/1013445/?sc=Naver
218,"한국타이어, '아우디 스포츠 드라이빙 익스피리언스'에 타이어 공급",http://www.efnews.co.kr/news/articleView.html?idxno=90297
219,"한국타이어, 고성능 SUV 시장에서 '막강' 존재감 뽐내",http://www.bizwnews.com/news/articleView.html?idxno=28762
220,'전기차부터 스포츠카까지'…아우디 고성능 모델이 한 곳에,https://www.news1.kr/articles/?4326568
221,포르쉐·BMW·아우디 '러브콜'…한국타이어 기술 비결은,https://www.dailian.co.kr/news/view/1013445/?sc=Naver
222,"아우디, 제네바서 `Q8 스포트 컨셉-RS 5 쿠페` 공개",http://www.gpkorea.com/bbs/board.php?bo_table=gp_motorsports&wr_id=17061
223,"한국타이어, '아우디 스포츠 드라이빙 익스피리언스'에 타이어 공급",http://www.efnews.co.kr/news/articleView.html?idxno=90297
224,"한국타이어, 고성능 SUV 시장에서 '막강' 존재감 뽐내",http://www.bizwnews.com/news/articleView.html?idxno=28762
225,"한국타이어, '아우디 스포츠 드라이빙 익스피리언스'에 초고성능 타이어 공급",http://www.autodaily.co.kr/news/articleView.html?idxno=427611
226,세계 톱 SUV ‘한국타이어’만 찾는 이유있다,http://www.newsway.co.kr/news/view?tp=1&ud=2021102708280463590
227,"한국타이어, BMW 고성능 M 라인업에 신차용 타이어 공급",https://biz.chosun.com/industry/car/2021/10/21/VWELF4QETJFIJMROKCIITSME6M/?utm_source=naver&utm_medium=original&utm_campaign=biz
228,"내연기관차 고성능 모델 경쟁, 여전히 뜨겁다",http://www.munhwa.com/news/view.html?no=2021101801032503353001
229,[시승기] 입문용 슈퍼카(?) 이제는 안녕~ 아우디 ''R8 V10 퍼포먼스'' 서킷서 존재감 당당하게 보여줘!,http://kr.aving.net/news/view.php?articleId=1606661&Branch_ID=kr&rssid=naver&mn_name=news
230,"한국타이어-아우디, 인제스피디움서 '스포츠 드라이빙'",http://www.mediapen.com/news/view/630459
231,세계 톱 SUV ‘한국타이어’만 찾는 이유있다,http://www.newsway.co.kr/news/view?tp=1&ud=2021102708280463590
232,"한국타이어, BMW 고성능 M 라인업에 신차용 타이어 공급",https://biz.chosun.com/industry/car/2021/10/21/VWELF4QETJFIJMROKCIITSME6M/?utm_source=naver&utm_medium=original&utm_campaign=biz
233,"내연기관차 고성능 모델 경쟁, 여전히 뜨겁다",http://www.munhwa.com/news/view.html?no=2021101801032503353001
234,[시승기] 입문용 슈퍼카(?) 이제는 안녕~ 아우디 ''R8 V10 퍼포먼스'' 서킷서 존재감 당당하게 보여줘!,http://kr.aving.net/news/view.php?articleId=1606661&Branch_ID=kr&rssid=naver&mn_name=news
235,아우디 Q8 스포트 컨셉과 RS 5 쿠페 공개,http://news.mk.co.kr/newsRead.php?&year=2017&no=155311
236,"아우디, ‘드라이빙 익스피리언스’ 참가자 모집",http://www.rpm9.com/news/article.html?id=20210520090004
237,"아우디, '아우디 드라이빙 익스피리언스' 참가자 모집",http://www.seoulfn.com/news/articleView.html?idxno=420065
238,"아우디, '아우디 드라이빙 익스피리언스' 참가자 모집... 아우디 고성능 모델 드라이빙 퍼포먼스 체험 기회 제공",http://kr.aving.net/news/view.php?articleId=1605428&Branch_ID=kr&rssid=naver&mn_name=news
239,"한국타이어, 아우디 'RS Q8' 신차용 타이어 공급…퍼포먼스·밸런스 향상",http://www.metroseoul.co.kr/article/20210120500246
240,아우디 '드라이빙 익스피리언스' 참가자 모집,http://www.newscj.com/news/articleView.html?idxno=861291
241,"아우디, '아우디 드라이빙 익스피리언스' 참가자 모집... 아우디 고성능 모델 드라이빙 퍼포먼스 체험 기회 제공",http://kr.aving.net/news/view.php?articleId=1605428&Branch_ID=kr&rssid=naver&mn_name=news
242,"한국타이어, 아우디 'RS Q8' 신차용 타이어 공급…퍼포먼스·밸런스 향상",http://www.metroseoul.co.kr/article/20210120500246
243,"한국타이어, 고성능 SUV 시장에서도 막강 존재감 뽐내다",http://isplus.live.joins.com/news/article/article.asp?total_id=24147423
244,"'전기차시장 점령' 한국타이어, 이번에는 아우디 'e-트론 GT'",http://www.newsprime.co.kr/news/article.html?no=546698
245,뒷바퀴로 턴할까?,http://www.osen.co.kr/article/G1111632308
246,이진욱 '아우디A7' 이준은?…드라마 '불가살' 아우디 차량 대거 등장,http://www.metroseoul.co.kr/article/20211228500003
247,"박미선 ""2억 5천 스포츠카? 가격 나쁘지 않아…들고 튈 수도"" (나는 박미선) [종합]",https://www.xportsnews.com/?ac=article_view&entry_id=1467375
248,"아우디 A3 신차용 타이어 '한국→넥센' 바뀐 사연?…""저가 공급탓""",https://www.theguru.co.kr/news/article.html?no=18953
249,"한국타이어, 독일 아우디에 신차용 타이어 공급 나서",http://www.kdpress.co.kr/news/articleView.html?idxno=100280
250,"아우디, 레이싱 트랙에서 진행하는 '드라이빙 익스피리언스' 참가자 모집",http://www.edaily.co.kr/news/newspath.asp?newsid=02174646629050232
251,"한국타이어, 아우디 'RS Q8' 신차용 타이어 공급…퍼포먼스·밸런스 향상",http://www.metroseoul.co.kr/article/20210120500246
252,"한국타이어, 고성능 SUV 시장에서도 막강 존재감 뽐내다",http://isplus.live.joins.com/news/article/article.asp?total_id=24147423
253,"'전기차시장 점령' 한국타이어, 이번에는 아우디 'e-트론 GT'",http://www.newsprime.co.kr/news/article.html?no=546698
254,뒷바퀴로 턴할까?,http://www.osen.co.kr/article/G1111632308
255,이진욱 '아우디A7' 이준은?…드라마 '불가살' 아우디 차량 대거 등장,http://www.metroseoul.co.kr/article/20211228500003
256,"박미선 ""2억 5천 스포츠카? 가격 나쁘지 않아…들고 튈 수도"" (나는 박미선) [종합]",https://www.xportsnews.com/?ac=article_view&entry_id=1467375
257,"아우디 A3 신차용 타이어 '한국→넥센' 바뀐 사연?…""저가 공급탓""",https://www.theguru.co.kr/news/article.html?no=18953
258,"한국타이어, 독일 아우디에 신차용 타이어 공급 나서",http://www.kdpress.co.kr/news/articleView.html?idxno=100280
259,"""스포츠카부터 전기차·픽업트럭까지"" 한국타이어, 글로벌 OE 포트폴리오 구축",http://www.autodaily.co.kr/news/articleView.html?idxno=428705
260,"한국타이어, 고성능 SUV 시장에서도 막강 존재감 뽐내다",http://isplus.live.joins.com/news/article/article.asp?total_id=24147423
261,"'전기차시장 점령' 한국타이어, 이번에는 아우디 'e-트론 GT'",http://www.newsprime.co.kr/news/article.html?no=546698
262,"아우디, '드라이빙 익스피리언스' 참가자 모집",http://www.fnnews.com/news/202105181631099708
263,뒷바퀴로 턴할까?,http://www.osen.co.kr/article/G1111632308
264,이진욱 '아우디A7' 이준은?…드라마 '불가살' 아우디 차량 대거 등장,http://www.metroseoul.co.kr/article/20211228500003
265,"박미선 ""2억 5천 스포츠카? 가격 나쁘지 않아…들고 튈 수도"" (나는 박미선) [종합]",https://www.xportsnews.com/?ac=article_view&entry_id=1467375
266,"아우디 A3 신차용 타이어 '한국→넥센' 바뀐 사연?…""저가 공급탓""",https://www.theguru.co.kr/news/article.html?no=18953
267,"한국타이어, 독일 아우디에 신차용 타이어 공급 나서",http://www.kdpress.co.kr/news/articleView.html?idxno=100280
268,"한국타이어앤테크놀로지, 아우디 고급 SUV에 신차용 타이어 공급",http://www.businesspost.co.kr/BP?command=article_view&num=213664
269,"""스포츠카부터 전기차·픽업트럭까지"" 한국타이어, 글로벌 OE 포트폴리오 구축",http://www.autodaily.co.kr/news/articleView.html?idxno=428705
270,"한국타이어, 아우디 SUV 최상위 모델에 신차용 타이어 공급",http://www.joseilbo.com/news/news_read.php?uid=415216&class=80&grp=
271,"한국타이어, 아우디 SUV 최상위 모델에 신차용 타이어 공급",http://www.ajunews.com/view/20210120093213847
272,"""스포츠카부터 전기차·픽업트럭까지"" 한국타이어, 글로벌 OE 포트폴리오 구축",http://www.autodaily.co.kr/news/articleView.html?idxno=428705
273,"[Car Special] 올여름, 시선 사로잡는 New SUV 4",http://news.mk.co.kr/newsRead.php?no=657792&year=2021
274,테슬라·아우디·벤츠도 선택한 한국타이어…현대차·기아차는 '냉대',http://isplus.live.joins.com/news/article/article.asp?total_id=23976165
275,[시승기] 순식간에 시속 200km...아우디 전기차 이트론·R8·RS Q8 서킷 실력 '감탄',http://www.newspim.com/news/view/20210602001115
276,"한국타이어, SUV 시장에서도 막강 존재감 뽐내다",https://www.ceoscoredaily.com/page/view/2021072816572726921
277,"세련, 강력, 든든, 짜릿… 뭘 원하든 ‘끝판왕’",https://www.seoul.co.kr/news/newsView.php?id=20210614019002&wlog_tag3=naver
278,"[비즈&] 하나금융, 카드 없이 원큐페이로 계좌 결제",http://www.yonhapnewstv.co.kr/MYH20210611018000038/?did=1825m
279,고성능 라인업 대거 출시… 전기차도 프리미엄은,http://www.busan.com/view/busan/view.php?code=2021062218084046722
280,"[비즈&] 하나금융, 카드 없이 원큐페이로 계좌 결제",http://www.yonhapnewstv.co.kr/MYH20210611018000038/?did=1825m
281,고성능 라인업 대거 출시… 전기차도 프리미엄은,http://www.busan.com/view/busan/view.php?code=2021062218084046722
282,아우디부터 테슬라까지…해외 완성차 공략 나선 타이어 3사,https://www.etoday.co.kr/news/view/1987086
283,"[시승기] 아우디 '독3사' 복귀 마지막 퍼즐, 고성능 RS가 맞춰진다…익스피리언스 데이 개최",http://www.metroseoul.co.kr/article/20210602500276
284,"[시승기] ""가속력이 비행기 수준""···제로백 3.3초 아우디 'RS e-트론 GT'",http://www.sisajournal-e.com/news/articleView.html?idxno=242302
285,"한국타이어, 아우디 고성능 'RS' 공급…기술력 입증",https://www.paxnetnews.com/articles/79774
286,"""닥치는대로"" 아우디, 하반기 고성능·전기차 집중",https://www.ebn.co.kr/news/view/1440476/?sc=Naver
287,"아우디, LA오토쇼에 'e-트론 스포트백'·RS Q8 첫 공개",http://www.metroseoul.co.kr/news/newsview?newscd=2019111500043
288,'독일 3사'가 선택한 국산타이어… 한국선 외면?,http://www.m-i.kr/news/articleView.html?idxno=791555
289,"[LA 오토쇼]아우디 ""월드 프리미어 모델 2종 공개""",http://sports.hankooki.com/lpage/economy/201911/sp20191119181905136990.htm
290,"아우디, 2019 LA 오토쇼서 월드 프리미어 모델 2종 공개",http://www.rpm9.com/news/article.html?id=20191117090006
291,"""마이크로미러 100만개 탑재"" 아우디, 전기 SUV 쿠페와 최상위 SUV 예고",http://www.digitaltoday.co.kr/news/articleView.html?idxno=217566
292,"아우디, LA 오토쇼서 '전기차·고성능 SUV' 신차 공개",http://news.bizwatch.co.kr/article/industry/2019/11/15/0012/naver
293,"아우디, 점점 커져가는 휠 크기..23인치는 최대 크기(?)",http://www.dailycar.co.kr/content/news.html?type=view&autoId=35345
294,"아우디, tvN 토일드라마 ‘불가살’에 차량 5종 지원",https://www.dnews.co.kr/uhtml/view.jsp?idxno=202112271005530480806
295,900마력으로 다시 태어난 아우디 RSQ8 자동차,http://www.esquirekorea.co.kr/article/46429
296,"한국타이어, 아우디 RS라인업에 신차용 타이어 공급…""글로벌 기술력 입증""",https://news.mtn.co.kr/newscenter/news_viewer.mtn?gidx=2021072815482514375
297,"[신차드라이브]아우디, 서킷 찢은 'R8' 'RS e-트론 GT'",http://www.etnews.com/20210617000086
298,‘1억 이상’ 수입차 판매 사상 최대… 아우디 가장 많이 늘어,https://biz.chosun.com/industry/car/2021/12/24/U2NTO2AFZFGOFMJR37A7X7Z7WQ/?utm_source=naver&utm_medium=original&utm_campaign=biz
299,"아우디, 전기차부터 고성능 라인업까지…11월 누적 수입차 판매 3위",https://www.viva100.com/main/view.php?key=20211214010004010
300,아우디 LA 오토쇼 참가…'전기차·고성능 SUV' 신차 공개,http://www.mediapen.com/news/view/476849
301,"아우디, 점점 커져가는 휠 크기..23인치는 최대 크기(?)",http://www.dailycar.co.kr/content/news.html?type=view&autoId=35345
302,"아우디, tvN 토일드라마 ‘불가살’에 차량 5종 지원",https://www.dnews.co.kr/uhtml/view.jsp?idxno=202112271005530480806
303,900마력으로 다시 태어난 아우디 RSQ8 자동차,http://www.esquirekorea.co.kr/article/46429
304,"한국타이어, 아우디 RS라인업에 신차용 타이어 공급…""글로벌 기술력 입증""",https://news.mtn.co.kr/newscenter/news_viewer.mtn?gidx=2021072815482514375
305,"[신차드라이브]아우디, 서킷 찢은 'R8' 'RS e-트론 GT'",http://www.etnews.com/20210617000086
306,‘1억 이상’ 수입차 판매 사상 최대… 아우디 가장 많이 늘어,https://biz.chosun.com/industry/car/2021/12/24/U2NTO2AFZFGOFMJR37A7X7Z7WQ/?utm_source=naver&utm_medium=original&utm_campaign=biz
307,"아우디, 전기차부터 고성능 라인업까지…11월 누적 수입차 판매 3위",https://www.viva100.com/main/view.php?key=20211214010004010
308,"[르포] ""타보면 달라요"" 아우디 익스피리언스 미디어 로드쇼를 가다",http://moneys.mt.co.kr/news/mwView.php?no=2021112307178017331
309,"'2021서울모빌리티쇼' 기아, 아우디, 제네시스 3개 브랜드 22종 차량 시승행사 개최",http://www.onews.tv/news/articleView.html?idxno=100743
310,"아우디 'e-트론 스포트백' 공개, 전동화 전략 박차",http://www.newsprime.co.kr/news/article.html?no=483422
311,화제의 드라마 '불가살'…아우디 인기신차 총출동,http://www.mediapen.com/news/view/688980
312,900마력으로 다시 태어난 아우디 RSQ8 자동차,http://www.esquirekorea.co.kr/article/46429
313,"한국타이어, 아우디 RS라인업에 신차용 타이어 공급…""글로벌 기술력 입증""",https://news.mtn.co.kr/newscenter/news_viewer.mtn?gidx=2021072815482514375
314,"[신차드라이브]아우디, 서킷 찢은 'R8' 'RS e-트론 GT'",http://www.etnews.com/20210617000086
315,‘1억 이상’ 수입차 판매 사상 최대… 아우디 가장 많이 늘어,https://biz.chosun.com/industry/car/2021/12/24/U2NTO2AFZFGOFMJR37A7X7Z7WQ/?utm_source=naver&utm_medium=original&utm_campaign=biz
316,"아우디, 전기차부터 고성능 라인업까지…11월 누적 수입차 판매 3위",https://www.viva100.com/main/view.php?key=20211214010004010
317,"[르포] ""타보면 달라요"" 아우디 익스피리언스 미디어 로드쇼를 가다",http://moneys.mt.co.kr/news/mwView.php?no=2021112307178017331
318,"'2021서울모빌리티쇼' 기아, 아우디, 제네시스 3개 브랜드 22종 차량 시승행사 개최",http://www.onews.tv/news/articleView.html?idxno=100743
319,"아우디, 고성능 ‘RS’ㆍ전동화 ‘e-트론’ 투트랙으로 질주",https://www.dnews.co.kr/uhtml/view.jsp?idxno=202106131110437010965
320,"아우디, 전기차부터 고성능 라인업까지…11월 누적 수입차 판매 3위",https://www.viva100.com/main/view.php?key=20211214010004010
321,"[르포] ""타보면 달라요"" 아우디 익스피리언스 미디어 로드쇼를 가다",http://moneys.mt.co.kr/news/mwView.php?no=2021112307178017331
322,"아우디코리아, tvN '불가살'에 제품 지원",http://autotimes.hankyung.com/apps/news.sub_view?popup=0&nid=03&c1=03&c2=03&c3=00&nkey=202112270955111
323,"'2021서울모빌리티쇼' 기아, 아우디, 제네시스 3개 브랜드 22종 차량 시승행사 개최",http://www.onews.tv/news/articleView.html?idxno=100743
324,"아우디, 고성능 ‘RS’ㆍ전동화 ‘e-트론’ 투트랙으로 질주",https://www.dnews.co.kr/uhtml/view.jsp?idxno=202106131110437010965
325,볼보 '질' 對 아우디 '양'…올해 승자는?,http://www.ezyeconomy.com/news/articleView.html?idxno=115392
326,"아우디, tvN 토·일 드라마 '불가살' 차량 5종 지원",http://www.shinailbo.co.kr/news/articleView.html?idxno=1498738
327,"[자동차오늘] 아우디, tvN 토일드라마 '불가살'에 차량 지원…엔카닷컴, 내 차 팔기 견적 30건으로 확대",http://www.sisaon.co.kr/news/articleView.html?idxno=134811
328,"기아, 아우디, 제네시스 등 2021서울모빌리티쇼 모빌리티 시승행사 개최",http://www.sportsseoul.com/news/read/1080970?ref=naver
329,"[체험] 아우디, 고성능 전쟁 선포…내연기관 R8 vs 전기차 RS e-트론 최강자는?",https://www.ebn.co.kr/news/view/1486533/?sc=Naver
330,드라마 '불가살' 속 600살 이진욱이 타는 차…아우디 A7,http://news.mk.co.kr/newsRead.php?no=1208393&year=2021
331,"기아, 아우디, 제네시스 등 2021서울모빌리티쇼 모빌리티 시승행사 개최",http://www.sportsseoul.com/news/read/1080970?ref=naver
332,"2021서울모빌리티쇼, 5일까지 '기아 · 아우디 · 제네시스' 시승행사",http://www.siminsori.com/news/articleView.html?idxno=228497
333,"[체험] 아우디, 고성능 전쟁 선포…내연기관 R8 vs 전기차 RS e-트론 최강자는?",https://www.ebn.co.kr/news/view/1486533/?sc=Naver
334,쾌감·아쉬움 교차하는 아우디 ‘e트론 스포트백 50 콰트로’,https://www.khan.co.kr/economy/industry-trade/article/202112011603001
335,"한국타이어, 아우디 RS라인업에 타이어 공급…""초고성능 타이어 기술력 입증""",https://biz.sbs.co.kr/article_hub/20000021484?division=NAVER
336,[뉴클시승기]초고성능 전기차로 미래 향한 여정 밝힌 아우디,https://www.newsclaim.co.kr/news/articleView.html?idxno=3001444
337,3.3초 제로백의 그 짜릿함… 아우디 ‘이트론 GT’ [시승기],http://www.sportsworldi.com/newsView/20211126503240
338,아우디 제프 매너링 사장 “살아있는 진보 느끼게 될 것”,http://www.rpm9.com/news/article.html?id=20211126090002
339,전동화 속도 내는 아우디·벤츠·BMW... 서울모빌리티쇼서 격돌,https://www.ceoscoredaily.com/page/view/2021112513370235539
340,"한국타이어, 아우디 RS라인업에 타이어 공급…""초고성능 타이어 기술력 입증""",https://biz.sbs.co.kr/article_hub/20000021484?division=NAVER
341,"[게시판] 아우디, tvN 드라마 불가살에 차량 5대 지원",http://yna.kr/AKR20211227056100003?did=1195m
342,[뉴클시승기]초고성능 전기차로 미래 향한 여정 밝힌 아우디,https://www.newsclaim.co.kr/news/articleView.html?idxno=3001444
343,3.3초 제로백의 그 짜릿함… 아우디 ‘이트론 GT’ [시승기],http://www.sportsworldi.com/newsView/20211126503240
344,기아 아우디 제네시스...전동화 모델 한 자리에서 체험해 볼까? [2021 서울모빌리티쇼],http://www.osen.co.kr/article/G1111704778
345,아우디 제프 매너링 사장 “살아있는 진보 느끼게 될 것”,http://www.rpm9.com/news/article.html?id=20211126090002
346,전동화 속도 내는 아우디·벤츠·BMW... 서울모빌리티쇼서 격돌,https://www.ceoscoredaily.com/page/view/2021112513370235539
347,[시승기] 심장이 ‘찌릿찌릿’... 아우디 고성능 대표 ‘R8 V10 퍼포먼스’·‘RS e트론 GT’,http://www.ajunews.com/view/20210603201532165
348,[시승기] '아우디 익스피리언스 미디어 로드쇼' 가보니,http://www.iminju.net/news/articleView.html?idxno=76023
349,"한국타이어, 아우디 자존심 ‘RS 라인업’ 매료시켰다",http://www.rpm9.com/news/article.html?id=20210527090001
350,"[서울모빌리티쇼]아우디, A6 e-트론 컨셉트 등 4종 국내 최초 공개",http://www.newsis.com/view/?id=NISX20211125_0001664779&cID=13001&pID=13000
351,[시승기] 심장이 ‘찌릿찌릿’... 아우디 고성능 대표 ‘R8 V10 퍼포먼스’·‘RS e트론 GT’,http://www.ajunews.com/view/20210603201532165
352,[시승기] '아우디 익스피리언스 미디어 로드쇼' 가보니,http://www.iminju.net/news/articleView.html?idxno=76023
353,"한국타이어, 아우디 자존심 ‘RS 라인업’ 매료시켰다",http://www.rpm9.com/news/article.html?id=20210527090001
354,"아우디, SUV 라인업 강화…고성능부터 전기차까지 몰려온다",https://www.hankyung.com/economy/article/2021102629861
355,"[부산모터쇼]아우디, 레벨3 자율주행차 '아우디 A8' 등 총 11개 모델 선보여",http://www.mediapen.com/news/view/360469
356,"[2018부산모터쇼] 아우디코리아, 레벨3 자율주행車 'A8' 국내 최초 공개",http://www.asiatoday.co.kr/view.php?key=20180607010002863
357,"레이싱카 안 부러운 고성능차… 강렬한 주행경험 주목, 독일 고급차 독무대에 현대차 N 시리즈로 도전장",http://news.mk.co.kr/newsRead.php?no=576505&year=2020
358,[문기자의 카리뷰] '패밀리카로 제격'…아우디 Q5,https://zdnet.co.kr/view/?no=20211116134617
359,"아우디, 고성능 라인업 'RS' 국내 투입… 벤츠·BMW와 정면승부",https://biz.chosun.com/site/data/html_dir/2021/03/22/2021032202077.html?utm_source=naver&utm_medium=original&utm_campaign=biz
360,"[2018부산모터쇼] 아우디코리아, 레벨3 자율주행車 'A8' 국내 최초 공개",http://www.asiatoday.co.kr/view.php?key=20180607010002863
361,"레이싱카 안 부러운 고성능차… 강렬한 주행경험 주목, 독일 고급차 독무대에 현대차 N 시리즈로 도전장",http://news.mk.co.kr/newsRead.php?no=576505&year=2020
362,[문기자의 카리뷰] '패밀리카로 제격'…아우디 Q5,https://zdnet.co.kr/view/?no=20211116134617
363,"아우디, 고성능 라인업 'RS' 국내 투입… 벤츠·BMW와 정면승부",https://biz.chosun.com/site/data/html_dir/2021/03/22/2021032202077.html?utm_source=naver&utm_medium=original&utm_campaign=biz
364,"아우디, SUV 라인업 확장해 국내 프리미엄 모빌리티 브랜드 입지 강화",http://digitalchosun.dizzo.com/site/data/html_dir/2021/09/28/2021092880097.html
365,뒷바퀴 움직이는 후륜 조향 기술… 차량 대형화 맞춰 속속 도입,http://www.segye.com/content/html/2021/12/27/20211227512926.html?OutUrl=naver
366,"아우디, SUV 라인업 강화로 3위 지키기 나선다",http://www.sisajournal-e.com/news/articleView.html?idxno=240464
367,"[시승]마지막 내연기관에 대한 찬양, 아우디 R8 V10 퍼포먼스",http://autotimes.hankyung.com/apps/news.sub_view?popup=0&nid=02&c1=02&c2=02&c3=00&nkey=202110261532111
368,"LA오토쇼 22일 개막…제네시스, GV80 최초 공개하나",https://asiatime.co.kr/news/newsview.php?ncode=1065595006955071
369,"[비즈+] 현대차, ‘펫 라이프 위드 베뉴 이벤트’ 실시 外",https://www.paxnetnews.com/articles/53931
370,"아우디, SUV 라인업 확장해 국내 프리미엄 모빌리티 브랜드 입지 강화",http://digitalchosun.dizzo.com/site/data/html_dir/2021/09/28/2021092880097.html
371,뒷바퀴 움직이는 후륜 조향 기술… 차량 대형화 맞춰 속속 도입,http://www.segye.com/content/html/2021/12/27/20211227512926.html?OutUrl=naver
372,"아우디, SUV 라인업 강화로 3위 지키기 나선다",http://www.sisajournal-e.com/news/articleView.html?idxno=240464
373,"[시승]마지막 내연기관에 대한 찬양, 아우디 R8 V10 퍼포먼스",http://autotimes.hankyung.com/apps/news.sub_view?popup=0&nid=02&c1=02&c2=02&c3=00&nkey=202110261532111
374,"[2018 부산모터쇼] 아우디, 2018 부산모터쇼서 새롭게 진화된 4세대 A8 공개!",http://www.autodaily.co.kr/news/articleView.html?idxno=402193
375,"LA오토쇼 22일 개막…제네시스, GV80 최초 공개하나",https://asiatime.co.kr/news/newsview.php?ncode=1065595006955071
376,"[비즈+] 현대차, ‘펫 라이프 위드 베뉴 이벤트’ 실시 外",https://www.paxnetnews.com/articles/53931
377,"레알 후원사 아우디 선수들에 고급차량 지급…마르셀로 Q8 콰트로 2억1,700만 원 최고액",http://www.g-enews.com/ko-kr/news/article/news_all/2021022309222744009ecba8d8b8_1/article.html
378,"아우디, SUV 라인업 확장…국내 프리미엄 모빌리티 브랜드 입지 강화",http://news.heraldcorp.com/view.php?ud=20210924000575
379,"완성차업계, 친환경보다 '성능' 초점...'고성능 전기차' 개발로 주도권 경쟁",http://www.ekn.kr/news/article.html?no=464688
380,"아우디, SUV 라인업 확장…국내 프리미엄 모빌리티 브랜드 입지 강화",http://news.heraldcorp.com/view.php?ud=20210924000575
381,"완성차업계, 친환경보다 '성능' 초점...'고성능 전기차' 개발로 주도권 경쟁",http://www.ekn.kr/news/article.html?no=464688
382,[모터쇼]2019 LA오토쇼 핵심은 '고성능 SUV',http://autotimes.hankyung.com/apps/news.sub_view?popup=0&nid=07&c1=07&c2=07&c3=00&nkey=201911211807311
383,[서울모빌리티쇼]전기차 미래 선보였다···총 18종 차량 공개,http://www.newsway.co.kr/news/view?tp=1&ud=2021112514023959798
384,"한국타이어, 유럽 성능테스트 1위 ‘기염’",http://news.heraldcorp.com/view.php?ud=20211126000381
385,"'라인업 부자' 아우디, Q5 파생 모델만 3종…SUV 총력",http://autotimes.hankyung.com/apps/news.sub_view?popup=0&nid=02&c1=02&c2=02&c3=00&nkey=202109280841011
386,"R8도 좋고, RS e-트론 GT면 더 좋고",https://www.motortrendkorea.com/sub/view.html?no=5647&cate1Name=NEWCAR
387,[HS포토] 2021 서울모빌리티쇼 개최,http://www.sporbiz.co.kr/news/articleView.html?idxno=603233
388,[2021 서울모빌리티쇼] 12월 1일부터 관람객이 전기차 직접 운전하는 시승행사 열어,http://www.g-enews.com/ko-kr/news/article/news_all/202112011336261173938f3ba357_1/article.html
389,"2021서울모빌리티쇼, 모빌리티 시승 행사 개최... 3개 브랜드 22개 차종 만나본다!",http://kr.aving.net/news/view.php?articleId=1659364&Branch_ID=kr&rssid=naver&mn_name=news
390,"2021서울모빌리티쇼, 모빌리티 시승 행사 개최... 3개 브랜드 22개 차종 만나본다!",http://kr.aving.net/news/view.php?articleId=1659364&Branch_ID=kr&rssid=naver&mn_name=news
391,"벤츠·BMW·아우디에 탑재… 한국타이어, ""최고수준 기술력 입증""",http://biz.newdaily.co.kr/site/data/html/2021/08/10/2021081000018.html
392,글로벌 기술력 통했다… 포르쉐·벤츠 굴리는 ‘K타이어’ [K브랜드 리포트],http://www.segye.com/content/html/2021/10/12/20211012513427.html?OutUrl=naver
393,"아우디, 전기차ㆍ고성능 라인업 확장으로 국내 프리미엄 모빌리티 브랜드 입지 강화",https://www.dnews.co.kr/uhtml/view.jsp?idxno=202106241258420620545
394,"아우디, 전기차·고성능 라인업 확장…韓 프리미엄 모빌리티 브랜드로",http://www.dizzotv.com/site/data/html_dir/2021/06/23/2021062380140.html
395,"아우디, 401마력의 컴팩트 모델, ‘ RS3·RS3 세단’ 공개",https://hankookilbo.com/News/Read/A2021073007300000614?did=NA
396,"한국타이어 ‘벤투스 S1 에보3’, 여름용 타이어 성능 테스트 1위",https://www.sedaily.com/NewsView/22RHITQM4Y
397,"한국타이어, 유럽 테스트 1위… 명차들이 선택한 ‘벤투스 S1 에보3’",http://www.segyebiz.com/newsView/20210917501648?OutUrl=naver
398,[르포] 아우디 DNA서 뿜어내는 213㎞/h '폭풍질주'… 명차의 향연,http://www.bizwnews.com/news/articleView.html?idxno=25242
399,[시승기] 람보르기니를 닮은 아우디 고성능 라인업...포효하듯 치고 나가는 다이내믹 드라이빙 일품,http://www.consumernews.co.kr/news/articleView.html?idxno=628032
400,"""서울모빌리티쇼에서 명품차 직접 운전해봐요""",http://www.enewstoday.co.kr/news/articleView.html?idxno=1530524
401,"벤츠·BMW·아우디에 탑재… 한국타이어, ""최고수준 기술력 입증""",http://biz.newdaily.co.kr/site/data/html/2021/08/10/2021081000018.html
402,글로벌 기술력 통했다… 포르쉐·벤츠 굴리는 ‘K타이어’ [K브랜드 리포트],http://www.segye.com/content/html/2021/10/12/20211012513427.html?OutUrl=naver
403,"아우디, 전기차ㆍ고성능 라인업 확장으로 국내 프리미엄 모빌리티 브랜드 입지 강화",https://www.dnews.co.kr/uhtml/view.jsp?idxno=202106241258420620545
404,"아우디, 전기차·고성능 라인업 확장…韓 프리미엄 모빌리티 브랜드로",http://www.dizzotv.com/site/data/html_dir/2021/06/23/2021062380140.html
405,"아우디, 401마력의 컴팩트 모델, ‘ RS3·RS3 세단’ 공개",https://hankookilbo.com/News/Read/A2021073007300000614?did=NA
406,"한국타이어 ‘벤투스 S1 에보3’, 여름용 타이어 성능 테스트 1위",https://www.sedaily.com/NewsView/22RHITQM4Y
407,"한국타이어, 유럽 테스트 1위… 명차들이 선택한 ‘벤투스 S1 에보3’",http://www.segyebiz.com/newsView/20210917501648?OutUrl=naver
408,[르포] 아우디 DNA서 뿜어내는 213㎞/h '폭풍질주'… 명차의 향연,http://www.bizwnews.com/news/articleView.html?idxno=25242
409,[시승기] 람보르기니를 닮은 아우디 고성능 라인업...포효하듯 치고 나가는 다이내믹 드라이빙 일품,http://www.consumernews.co.kr/news/articleView.html?idxno=628032
410,"한국타이어 '벤투스 S1 에보3', 유럽 타이어 테스트도 1등 차지",http://www.ccnnews.co.kr/news/articleView.html?idxno=231829
411,[시승기] 람보르기니를 닮은 아우디 고성능 라인업...포효하듯 치고 나가는 다이내믹 드라이빙 일품,http://www.consumernews.co.kr/news/articleView.html?idxno=628032
412,"한국타이어, 아우디 RS 최상위 제품에 OE타이어 공급",http://it.chosun.com/site/data/html_dir/2020/11/04/2020110401608.html
413,"[재도약 시동 아우디폭스바겐] 아우디, 고성능ㆍ전동화 투트랙 질주",https://www.dnews.co.kr/uhtml/view.jsp?idxno=202106131348118090989
414,"[시승기] 아우디, 내연기관·전기차 모두 탁월한 고성능 라인업",http://www.inews24.com/view/1373246
415,[인터뷰] 세바스찬 그램스 ‘아우디 스포트’ 사장 “한국에 고성능車 다시 투입해 정면승부”,https://biz.chosun.com/industry/car/2021/07/15/CLHIXWIG5NHBHIWTCMXIFZXW5Y/?utm_source=naver&utm_medium=original&utm_campaign=biz
416,"[제네바 모터쇼] 아우디, 'Q8 스포트 컨셉'-더 뉴 아우디 RS 5 쿠페' 등 6종의 신차 공개",http://www.osen.co.kr/article/G1110598582
417,"아우디, '2017 제네바 모터쇼' Q8 스포트 컨셉'- '더 뉴 RS 5 쿠페' 공개",http://www.osen.co.kr/article/G1110597886
418,최상위 타이어 간 대결에서 우승은?,http://www.thedrive.co.kr/news/newsview.php?ncode=1065572413661193
419,아우디 고성능카 'R8 V10 퍼포먼스' 두렵GO 설레GO!,http://www.gpkorea.com/news/articleView.html?idxno=74909
420,[인터뷰] 세바스찬 그램스 ‘아우디 스포트’ 사장 “한국에 고성능車 다시 투입해 정면승부”,https://biz.chosun.com/industry/car/2021/07/15/CLHIXWIG5NHBHIWTCMXIFZXW5Y/?utm_source=naver&utm_medium=original&utm_campaign=biz
421,"[제네바 모터쇼] 아우디, 'Q8 스포트 컨셉'-더 뉴 아우디 RS 5 쿠페' 등 6종의 신차 공개",http://www.osen.co.kr/article/G1110598582
422,"아우디, '2017 제네바 모터쇼' Q8 스포트 컨셉'- '더 뉴 RS 5 쿠페' 공개",http://www.osen.co.kr/article/G1110597886
423,"한국타이어 '벤투스 S1 에보3', 영국 타이어 테스트 1위",http://www.newspim.com/news/view/20210916001076
424,최상위 타이어 간 대결에서 우승은?,http://www.thedrive.co.kr/news/newsview.php?ncode=1065572413661193
425,아우디 고성능카 'R8 V10 퍼포먼스' 두렵GO 설레GO!,http://www.gpkorea.com/news/articleView.html?idxno=74909
426,[더벨]'포르쉐부터 테슬라까지' 한국타이어의 돋보이는 포트폴리오,http://www.thebell.co.kr/front/free/contents/news/article_view.asp?key=202108251622374640102463
427,"한국타이어, 초고성능 아우디 RS에 '신차용 타이어' 공급",http://www.cstimes.com/news/articleView.html?idxno=437491
428,"한국타이어, 아우디 RS 최상위 모델에 신차용 타이어 공급",https://www.ebn.co.kr/news/view/1457658/?sc=Naver
429,'현재와 미래가 공존'... 전기차·고성능 다 들고온 아우디,http://www.ceoscoredaily.com/news/article.html?no=83066
430,"한국타이어, '600마력 초고성능 아우디 RS' 신차용 타이어 공급",http://www.ccnnews.co.kr/news/articleView.html?idxno=197926
431,"한국타이어 '벤투스 S1 에보3', 유럽 타이어 테스트서 1위 차지",http://www.autodaily.co.kr/news/articleView.html?idxno=429533
432,"아우디, 제네바 모터쇼서 'Q8 스포트 컨셉' '더 뉴 RS 5 쿠페' 공개",http://www.asiatoday.co.kr/view.php?key=20170307010003719
433,'현재와 미래가 공존'... 전기차·고성능 다 들고온 아우디,http://www.ceoscoredaily.com/news/article.html?no=83066
434,국내 첫 벤츠 AMG 브랜드센터까지…치열해지는 韓고성능차 시장,http://newsclaim.co.kr/View.aspx?No=1999260
435,'빅3'로 부활한 아우디…고성능·전기차로 프리미엄 이미지 되찾는다,https://www.asiatoday.co.kr/view.php?key=20210630010018898
436,아우디 명품 신차 쏟아진다‥超고성능 SUV 등 이달 국내 출시 잇따라,http://newsclaim.co.kr/View.aspx?No=1666661
437,대체 불가한 도로 위의 레이싱카 아우디 R8 V10,http://news.mk.co.kr/newsRead.php?no=656675&year=2021
438,"한국타이어, 아우디 ‘e-트론 GT’에 신차용 타이어 공급",http://www.rpm9.com/news/article.html?id=20210616090027
439,팝콘 배기음 '펑펑' 국민차 아반떼…고성능 N으로 돌아왔다,https://www.hankyung.com/economy/article/2021072706101
440,"유럽이 인정한 한국타이어, '벤투스 S1 에보3' 英 타이어 테스트서 1등",https://www.asiatoday.co.kr/view.php?key=20210916010009602
441,"아우디, 제네바 모터쇼서 'Q8 스포트 컨셉' '더 뉴 RS 5 쿠페' 공개",http://www.asiatoday.co.kr/view.php?key=20170307010003719
442,'현재와 미래가 공존'... 전기차·고성능 다 들고온 아우디,http://www.ceoscoredaily.com/news/article.html?no=83066
443,국내 첫 벤츠 AMG 브랜드센터까지…치열해지는 韓고성능차 시장,http://newsclaim.co.kr/View.aspx?No=1999260
444,'빅3'로 부활한 아우디…고성능·전기차로 프리미엄 이미지 되찾는다,https://www.asiatoday.co.kr/view.php?key=20210630010018898
445,아우디 명품 신차 쏟아진다‥超고성능 SUV 등 이달 국내 출시 잇따라,http://newsclaim.co.kr/View.aspx?No=1666661
446,대체 불가한 도로 위의 레이싱카 아우디 R8 V10,http://news.mk.co.kr/newsRead.php?no=656675&year=2021
447,"한국타이어, 아우디 ‘e-트론 GT’에 신차용 타이어 공급",http://www.rpm9.com/news/article.html?id=20210616090027
448,"한국타이어, 아우디 RS 최상위 모델에 신차용 타이어 공급",http://www.edaily.co.kr/news/newspath.asp?newsid=01607206625962440
449,팝콘 배기음 '펑펑' 국민차 아반떼…고성능 N으로 돌아왔다,https://www.hankyung.com/economy/article/2021072706101
450,"한국타이어 ""전기차 시장도 점령할 것""…아우디 전기 스포츠카에 타이어 공급",http://www.cctvnews.co.kr/news/articleView.html?idxno=227520
451,"한국타이어, 아우디 RS 최상위 모델에 신차용 타이어 공급",http://www.edaily.co.kr/news/newspath.asp?newsid=01607206625962440
452,팝콘 배기음 '펑펑' 국민차 아반떼…고성능 N으로 돌아왔다,https://www.hankyung.com/economy/article/2021072706101
453,"""전기차 시장 공략"" 한국타이어, 아우디 'e-트론 GT' 신차용 타이어 공급",http://www.autodaily.co.kr/news/articleView.html?idxno=428062
454,"한국타이어, 아우디 ‘e-트론 GT’에 신차용 타이어 공급",https://biz.chosun.com/industry/car/2021/06/15/YZG5VIDRCBF5JHIGATFMOPMHGM/?utm_source=naver&utm_medium=original&utm_campaign=biz
455,"[성공기업, 성공DNA] '아우디·포르쉐가 믿고 쓴다'… 한국타이어, 글로벌 공략 '착착'",https://www.asiatoday.co.kr/view.php?key=20210602010001456
456,"한국타이어, SUV 타이어 성능 1위 이유 있다",http://autotimes.hankyung.com/apps/news.sub_view?popup=0&nid=03&c1=03&c2=03&c3=00&nkey=202110271346091
457,"한국타이어, 아우디 체험 행사 고성능 제품 공급",http://amenews.kr/news/view.php?idx=45200
458,"한국타이어, '아우디 스포츠 드라이빙 익스피리언스'에 고성능 드라이빙 체험 선사",http://www.cctvnews.co.kr/news/articleView.html?idxno=226294
459,"한국타이어, '아우디' 고성능 차량 체험에 초고성능 타이어 '공급'",http://www.economytalk.kr/news/articleView.html?idxno=213264
460,"한국타이어, 아우디 RS 모델에 신차용 타이어 공급",http://www.fnnews.com/news/202011040849524493
461,팝콘 배기음 '펑펑' 국민차 아반떼…고성능 N으로 돌아왔다,https://www.hankyung.com/economy/article/2021072706101
462,"""전기차 시장 공략"" 한국타이어, 아우디 'e-트론 GT' 신차용 타이어 공급",http://www.autodaily.co.kr/news/articleView.html?idxno=428062
463,"한국타이어, 아우디 ‘e-트론 GT’에 신차용 타이어 공급",https://biz.chosun.com/industry/car/2021/06/15/YZG5VIDRCBF5JHIGATFMOPMHGM/?utm_source=naver&utm_medium=original&utm_campaign=biz
464,"[성공기업, 성공DNA] '아우디·포르쉐가 믿고 쓴다'… 한국타이어, 글로벌 공략 '착착'",https://www.asiatoday.co.kr/view.php?key=20210602010001456
465,"한국타이어, SUV 타이어 성능 1위 이유 있다",http://autotimes.hankyung.com/apps/news.sub_view?popup=0&nid=03&c1=03&c2=03&c3=00&nkey=202110271346091
466,"한국타이어, 아우디 체험 행사 고성능 제품 공급",http://amenews.kr/news/view.php?idx=45200
467,"한국타이어, '아우디 스포츠 드라이빙 익스피리언스'에 고성능 드라이빙 체험 선사",http://www.cctvnews.co.kr/news/articleView.html?idxno=226294
468,"한국타이어, '아우디' 고성능 차량 체험에 초고성능 타이어 '공급'",http://www.economytalk.kr/news/articleView.html?idxno=213264
469,"한국타이어, 아우디 ‘익스피리언스’ 퍼포먼스 지원사격..고성능 타이어 공급",http://kpenews.com/View.aspx?No=1641077
470,"전기차 시장 점령 나선 한국타이어, 아우디 ‘e-트론 GT’에 신차용 타이어 공급",https://www.thepublic.kr/news/newsview.php?ncode=1065578678343982
471,"한국타이어, 아우디 ‘e-트론 GT’에 신차용 타이어 공급",https://biz.chosun.com/industry/car/2021/06/15/YZG5VIDRCBF5JHIGATFMOPMHGM/?utm_source=naver&utm_medium=original&utm_campaign=biz
472,"[성공기업, 성공DNA] '아우디·포르쉐가 믿고 쓴다'… 한국타이어, 글로벌 공략 '착착'",https://www.asiatoday.co.kr/view.php?key=20210602010001456
473,"한국타이어, 아우디 초고성능 ‘RS 라인’ 신차용 타이어 공급",http://www.dt.co.kr/contents.html?article_no=2020110402109932064002&ref=naver
474,"한국타이어, SUV 타이어 성능 1위 이유 있다",http://autotimes.hankyung.com/apps/news.sub_view?popup=0&nid=03&c1=03&c2=03&c3=00&nkey=202110271346091
475,"한국타이어, 아우디 체험 행사 고성능 제품 공급",http://amenews.kr/news/view.php?idx=45200
476,"한국타이어, '아우디 스포츠 드라이빙 익스피리언스'에 고성능 드라이빙 체험 선사",http://www.cctvnews.co.kr/news/articleView.html?idxno=226294
477,"한국타이어, '아우디' 고성능 차량 체험에 초고성능 타이어 '공급'",http://www.economytalk.kr/news/articleView.html?idxno=213264
478,"한국타이어, 아우디 ‘익스피리언스’ 퍼포먼스 지원사격..고성능 타이어 공급",http://kpenews.com/View.aspx?No=1641077
479,"한국타이어, 스포츠카부터 전기차·픽업트럭까지…모든 차종별 타이어 공급",https://www.hankyung.com/economy/article/202107010137i
480,"한국타이어, 아우디 전기스포츠카 'e-트론 GT'에 타이어 공급",http://www.newsis.com/view/?id=NISX20210615_0001476497&cID=13001&pID=13000
481,"한국타이어, 아우디 'e-트론 GT'에 신차용 타이어 공급",http://www.consumernews.co.kr/news/articleView.html?idxno=628757
482,"[성공기업, 성공DNA] '아우디·포르쉐가 믿고 쓴다'… 한국타이어, 글로벌 공략 '착착'",https://www.asiatoday.co.kr/view.php?key=20210602010001456
483,"한국타이어, 아우디 초고성능 ‘RS 라인’ 신차용 타이어 공급",http://www.dt.co.kr/contents.html?article_no=2020110402109932064002&ref=naver
484,"한국타이어, SUV 타이어 성능 1위 이유 있다",http://autotimes.hankyung.com/apps/news.sub_view?popup=0&nid=03&c1=03&c2=03&c3=00&nkey=202110271346091
485,"한국타이어, 아우디 체험 행사 고성능 제품 공급",http://amenews.kr/news/view.php?idx=45200
486,"한국타이어, '아우디 스포츠 드라이빙 익스피리언스'에 고성능 드라이빙 체험 선사",http://www.cctvnews.co.kr/news/articleView.html?idxno=226294
487,"한국타이어, '아우디' 고성능 차량 체험에 초고성능 타이어 '공급'",http://www.economytalk.kr/news/articleView.html?idxno=213264
488,"한국타이어, 아우디 ‘익스피리언스’ 퍼포먼스 지원사격..고성능 타이어 공급",http://kpenews.com/View.aspx?No=1641077
489,"한국타이어, 스포츠카부터 전기차·픽업트럭까지…모든 차종별 타이어 공급",https://www.hankyung.com/economy/article/202107010137i
490,"한국타이어, 아우디 최초 전기 스포츠카 ‘e-트론 GT’ 신차용 타이어 공급",http://www.viva100.com/main/view.php?key=20210615010003433
491,"한국타이어, 아우디 'e-트론 GT'에 신차용 타이어 공급",http://www.seoulfn.com/news/articleView.html?idxno=422606
492,"[성공기업, 성공DNA] '아우디·포르쉐가 믿고 쓴다'… 한국타이어, 글로벌 공략 '착착'",https://www.asiatoday.co.kr/view.php?key=20210602010001456
493,"한국타이어, 아우디 초고성능 ‘RS 라인’ 신차용 타이어 공급",http://www.dt.co.kr/contents.html?article_no=2020110402109932064002&ref=naver
494,"한국타이어, SUV 타이어 성능 1위 이유 있다",http://autotimes.hankyung.com/apps/news.sub_view?popup=0&nid=03&c1=03&c2=03&c3=00&nkey=202110271346091
495,"한국타이어, 아우디 체험 행사 고성능 제품 공급",http://amenews.kr/news/view.php?idx=45200
496,"한국타이어, '아우디 스포츠 드라이빙 익스피리언스'에 고성능 드라이빙 체험 선사",http://www.cctvnews.co.kr/news/articleView.html?idxno=226294
497,"한국타이어, '아우디' 고성능 차량 체험에 초고성능 타이어 '공급'",http://www.economytalk.kr/news/articleView.html?idxno=213264
498,"한국타이어, 아우디 ‘익스피리언스’ 퍼포먼스 지원사격..고성능 타이어 공급",http://kpenews.com/View.aspx?No=1641077
499,"한국타이어, 스포츠카부터 전기차·픽업트럭까지…모든 차종별 타이어 공급",https://www.hankyung.com/economy/article/202107010137i
