,title,url
0,"엔카닷컴, 5월 수입차 시세 하락…아우디 A4 최소 5% 떨어져",https://www.ebn.co.kr/news/view/1529632/?sc=Naver
1,"아우디, S 라인업은 '일상 속 스포츠카'",http://autotimes.hankyung.com/apps/news.sub_view?popup=0&nid=02&c1=02&c2=02&c3=00&nkey=202204261101091
2,"아우디 고성능 라인업 'S', 한국서 판매되는 차종별 특징 비교하니...",http://daily.hankooki.com/news/articleView.html?idxno=816995
3,"엔카닷컴 ""5월 봄철 성수기 막바지, 수입차 시세 약세""",http://www.sportsseoul.com/news/read/1122043?ref=naver
4,반도체 대란에 치솟던 중고차 값…고유가에 한풀 꺾여,http://www.inews24.com/view/1478439
5,"아우디, 마지막 내연기관 Q5 출시 계획..어떤 점 달라지나?",http://www.dailycar.co.kr/content/news.html?type=view&autoId=43833
6,"[시승기] 아우디 A4, 극강 가성비로 ‘명품 독일차’ 감성을",https://www.ekn.kr/web/view.php?key=20210626010004848
7,아우디 A4 등 3549대 리콜…에어백 관련 소프트웨어 결함,http://www.consumuch.com/news/articleView.html?idxno=54272
8,"[자유로 연비] 아우디의 프리미엄 세단, 아우디 A4 40 TFSI의 자유로 연비는?",https://hankookilbo.com/News/Read/A2021060707440004016?did=NA
9,르노삼성XM3·아우디A4 등 4개사 5만여대 '제작결함' 리콜,https://www.hankyung.com/economy/article/202203043553g
10,르노삼성XM3·아우디A4 등 4개사 5만여대 '제작결함' 리콜,https://www.hankyung.com/economy/article/202203043553g
11,"[민기자의 '드라이빙'] '볼매' 아우디 A4 40 TFSI, 프리미엄과 가성비를 하나로",http://www.sisaweek.com/news/curationView.html?idxno=144141
12,1000만원 할인까지… 아우디 A4의 몸부림,http://www.dt.co.kr/contents.html?article_no=2021050302101632064001&ref=naver
13,"[시승기]아우디 A4 40 TFSI 솔직한 평가(3시리즈, C클래스와 직접 비교했어요)",http://www.mediapen.com/news/view/618118
14,[시승기] 보다 경쾌하게 달리는 프리미엄 세단…아우디 A4 40 TFSI 프리미엄,https://hankookilbo.com/News/Read/A2021040823050005755?did=NA
15,"[MY엔트리카] 아우디 'A4', 우수한 가성비와 강렬한 디자인으로 주목",https://daily.hankooki.com/lpage/column/202103/dh20210330073012148550.htm?s_ref=nv
16,"엔카닷컴 ""A4·카이엔 등 수입차 시세급락…구매 적기""",http://www.newstomato.com/ReadNews.aspx?no=1085168&inflow=N
17,"엔카닷컴, “아우디 A4, A6 등 국산·수입차 시세↓”",http://www.thedrive.co.kr/news/newsview.php?ncode=1065594075376396
18,"""신차고객도 몰린다"" 2천여대 인증중고차로 풀리는 '아우디 A6·A4' 계약 폭주",http://www.autodaily.co.kr/news/articleView.html?idxno=431056
19,"""주행거리 100km도 안되네!"" A6·A4 등 신차급 아우디 인증중고차 대거 쏟아진다",http://www.autodaily.co.kr/news/articleView.html?idxno=431033
20,"아우디, 마지막 내연기관 A4 출시 계획..순수 전기 A4 e-트론 예고",http://www.dailycar.co.kr/content/news.html?type=view&autoId=42034
21,폭스바겐 티록·아우디 A4 등 7410대 '배출가스 자기진단장치' 결함,http://www.consumuch.com/news/articleView.html?idxno=53754
22,"엔카닷컴 “4월, 중고차 성수기 돌입…쏘나타·A4 시세 상승세”",http://news.mk.co.kr/newsRead.php?no=308348&year=2022
23,"전자식 안티에이징, 아우디 A4",https://www.motortrendkorea.com/sub/view.html?no=4976&cate1Name=NEWCAR
24,아우디 호주서 '치명적 결함' 발견 … 1만8186대 리콜,http://www.safetimes.co.kr/news/articleView.html?idxno=109217
25,[시승기] '연비 17.1㎞/ℓ' 더 뉴 아우디 A4 40 TFSI 타보니,https://zdnet.co.kr/view/?no=20200712111934
26,"KAJA, 7월의 차에 '더 뉴 아우디 A4'",http://www.mediapen.com/news/view/538588
27,"아우디, ‘더 뉴 아우디 A4’, ‘더 뉴 아우디 A5’ 출시",https://sports.donga.com/article/all/20200607/101399491/1
28,"[Car&Fun] ""더 날렵해져 돌아왔네"" 아우디 5세대 'A4' 출시",https://www.sedaily.com/NewsView/1Z3XNPR6DN
29,"더 뉴 아우디 A4, A5 국내 본격 출시",http://www.iminju.net/news/articleView.html?idxno=54191
30,"아우디, 프리미엄 세단 ‘A4·A5’ 부분변경 모델 출시…가격 4752만원~",http://www.newsway.co.kr/news/view?tp=1&ud=2020060408235202978
31,새 디자인 적용 '더 뉴 아우디 A4·A5' 국내 동시 출격,https://www.ebn.co.kr/news/view/1436739?sc=Naver
32,"""중고 수입차는 5월이 적기"" BMW 3시리즈 뺀 모든 중고차값 떨어져",http://moneys.mt.co.kr/news/mwView.php?no=2022050616243031865
33,"아우디코리아, ‘더 뉴 A4·A5’ 온라인 출시 사전등록 모집",https://bizn.donga.com/car/3/all/20200525/101201250/1
34,"아우디 A4, 1000만원이나 할인해 현대 '그랜저 가격' 수준인 3천만원대에 살 수 있다",https://www.insight.co.kr/news/273584
35,"아우디 A6 40 TDI qu.등, 후방 액슬 고정너트 '제작결함'…안전위험 '리콜'",https://idsn.co.kr/news/view/1065622991584348
36,"'조기 소진 된다더니'...20% 할인에 들썩였던 아우디 인증중고차, 아직도 재고 남아",http://www.autodaily.co.kr/news/articleView.html?idxno=432888
37,"아우디, 'A4·A6 TDI' 6개월째 출고 중단…재개 언제?",https://www.ebn.co.kr/news/view/1502003/?sc=Naver
38,"[이주의 수입차] 아우디, 준중형 세단 '아우디 A4 40 TFSI'",http://www.m-i.kr/news/articleView.html?idxno=657605
39,[신차 브리핑!] 프리미엄 준중형 세단 ‘아우디 A4 40 TFSI’ 출시,http://sports.hankooki.com/lpage/economy/201911/sp20191121081506136990.htm
40,아우디 A4 가솔린 신모델 출시...기본형 4천705만8천원 外 [모터그램],http://www.sisunnews.co.kr/news/articleView.html?idxno=116554
41,"아우디 코리아, 프리미엄 준중형 세단 '아우디 A4 40 TFSI' 출시",http://www.paxetv.com/news/articleView.html?idxno=81896
42,"[자동차오늘] 르노삼성, 지역경제 활성화 캠페인 감사 이벤트…아우디 코리아, '아우디 A4 40 TFSI' 출시",http://www.sisaon.co.kr/news/articleView.html?idxno=104664
43,G80·K7 등 국산 중고 세단 시세 하락…아우디 A4·벤츠 C클래스는 상승,https://www.jejutwn.com/news/article.html?no=101736
44,아우디 A4 재고떨이 출시 임박···프로모션 얼마나?,http://www.ebn.co.kr/news/view/1008896/?sc=naver
45,G80·K7 등 국산 중고 세단 시세 하락… 아우디 A4·벤츠 C클래스는 상승,http://moneys.mt.co.kr/news/mwView.php?no=2021100513088031468
46,"아우디 구매, 지금이 적기?…A4·A6 20% 폭탄 할인",https://www.ebn.co.kr/news/view/1496146/?sc=Naver
47,"속타는 아우디 A7·A6 차주…""통신모듈 오류, 리콜해도 재발""",https://www.ebn.co.kr/news/view/1518622/?sc=Naver
48,"아우디, 넉넉한 공간과 활동 범위를 넓힌 ‘2020 아우디 A4 올로드 콰트로’ 공개",http://www.hankookilbo.com/news/npath/201908130831092425?did=NA
49,"마일드 하이브리드 얹은 아우디 A4 부분변경,하반기 나온다",http://www.edaily.co.kr/news/newspath.asp?newsid=03424326622491544
50,"아우디, ′2020년형 A4 페이스리프트′..전 라인업 ′마일드 하이브리드 시스템′ 채택",http://www.dailycar.co.kr/content/news.html?type=view&autoId=33310
51,"SK엔카닷컴 ""생애 첫 수입차 아우디 A4""",http://www.newstomato.com/ReadNews.aspx?no=880835
52,"아우디코리아, 인증센터 묶인 디젤차 20% 싸게 판다",http://www.g-enews.com/ko-kr/news/article/news_all/202112291623064146938f3ba357_1/article.html
53,"아우디, 더 커진 ‘A4 아반트‘ 주행 테스트 포착..출시 일정은?",http://www.dailycar.co.kr/content/news.html?type=view&autoId=31695
54,"아우디 A4, 삼성 차량용 프로세서 엑시노스 오토 장착",http://www.joseilbo.com/news/news_read.php?uid=377622&class=78&grp=
55,"아우디 인증중고차 평택 물량 2천대, 벌써 80% 재고 소진. 인기 컬러는 이미 바닥",http://www.autodaily.co.kr/news/articleView.html?idxno=431230
56,"[시승기] 아우디 준중형 디젤 'A4 TDI', ""18년 기다릴 만""",http://www.newspim.com/news/view/20180808000182
57,"[단독] 아우디 딜러 고진모터스 직원, '부당 위약금' 소비자에게 전가 논란",http://www.wolyo.co.kr/news/articleView.html?idxno=200035
58,"아우디코리아, ‘아우디A4TDI’ 출격...비즈니스 정상화 총력",http://www.viva100.com/main/view.php?key=20180724010008804
59,"[잘 나가는 수입차]아우디 A4 TDI, 최첨단 안전장치에 6개 트림으로 선택 폭 확대",http://www.sedaily.com/NewsView/1S21LUSZ6J
60,"아우디 코리아, 2018년형 ‘아우디 A4 TDI’ 출시",http://sports.donga.com/3/all/20180702/90866351/3
61,"아우디 코리아, 프리미엄 준중형 세단 2018년식 '아우디 A4 TDI' 출시",http://www.sedaily.com/NewsView/1S1XFH41WO
62,2018년식 ‘아우디 A4 TDI’ 출시…4770만~5690만원,http://www.ekn.kr/news/article.html?no=371524
63,아우디 '2018년식 A4' 7월 출시..30TDI 디젤만,http://www.gpkorea.com/news/articleView.html?idxno=42140
64,"아우디, 2019 A4 페이스리프트 공개..스포티한 외관 ‘눈길’",http://dailycar.co.kr/content/news.html?type=view&autoId=30465
65,아우디 '2018년식 A4' 7월 출격…디젤 모델만 판매,http://www.enewstoday.co.kr/news/articleView.html?idxno=1204806
66,"[단독] 아우디, A6 등 무주행 신차 2천여대 인증중고차로 풀렸다. 20% 낮은 가격에 판매",http://www.autodaily.co.kr/news/articleView.html?idxno=430972
67,"아우디, 디젤차 재고 2천대 인증중고차로 판매..‘평택 에디션’ 부활하나(?)",http://www.dailycar.co.kr/content/news.html?type=view&autoId=42196
68,"아우디 '더 뉴 S4 TFSI' 출시…""A4 고성능 준중형 세단으로 탈바꿈""",http://www.enewstoday.co.kr/news/articleView.html?idxno=1488045
69,"아우디 A4·Q3, 포드 익스플로러 등 25개 차종 1만3천 대 리콜",http://news.sbs.co.kr/news/endPage.do?news_id=N1004539734&plink=ORI&cooper=NAVER
70,[Biz 브리프] '아우디 A4 등 일부 리콜' 외,http://www.koreadaily.com/news/read.asp?art_id=5721876
71,"국토부 ""아우디 A4 2.0 TFSI 콰트로·벤츠 S63 AMG 4M 쿠페 등 2127대 리콜""",http://www.enewstoday.co.kr/news/articleView.html?idxno=658020
72,[THE CAR] 아우디 `A4 45 TFSI` 타보니…6.3초만에 시속 100㎞ `파워`,http://news.mk.co.kr/newsRead.php?no=722452&year=2016
73,"아우디·폭스바겐·포드, 11개 차종 총 7424대 리콜 실시",http://www.seoulwire.com/news/articleView.html?idxno=457396
74,기본기 탄탄한 아우디 A4… “독일 감성 담은 엔트리차” [시승기],http://www.segye.com/content/html/2021/05/16/20210516502340.html?OutUrl=naver
75,"아우디 A4, 대체할 ‘A4 BEV’ 비공식 렌더링",http://www.thedrive.co.kr/news/newsview.php?ncode=1065603105824181
76,"8년 만에 선보인 뉴 아우디 A4, “A6 부럽지 않네”",http://www.newspim.com/news/view/20160913000311
77,"아우디, 중고차 시장에서도 '찬밥 신세'",http://www.sisajournal-e.com/news/articleView.html?idxno=241472
78,"[시승기] 아우디 신형 A4 45 TFSI 콰트로, 알아두면 좋은 운전 팁?",http://www.kbench.com/?q=node/166931
79,"출력을 끌어 올린 아우디 A4, 252마력의 TFSI 엔진의 효율성은 어떨까?",http://autoin.edaily.co.kr/news/newspath.asp?newsid=01125046612750928
80,"아우디, 252마력 `뉴 A4` 군살빼고 파워업!",http://www.gpkorea.com/bbs/board.php?bo_table=gp_motorsports&wr_id=15750
81,아우디 A4 45 TFSI 시승기 - 한파 속에 홀로 살아 남았지만 팔방미인으로 돌아온 no.3,http://autoin.edaily.co.kr/news/newspath.asp?newsid=01938486612746336
82,8년만에 돌아온 '뉴 아우디 A4',http://view.asiae.co.kr/news/view.htm?idxno=2016072715010156184
83,아우디 | 안정적인 주행감이 매력적인 ‘뉴 아우디 A4’,http://news.mk.co.kr/newsRead.php?no=531750&year=2016
84,ASF 기반 설계 ‘뉴 아우디 A4’ 주행 안전성 탁월,http://news.kmib.co.kr/article/view.asp?arcid=0923590342&code=14140000&cp=nv
85,"100kg 감량한 뉴아우디 A4, '경제성·성능 두마리 토끼 잡다'",http://www.kukinews.com/news/article.html?no=384152
86,[시승기] 8년만에 풀체인지 ‘뉴 아우디 A4’ ··· 디자인·주행성능 ‘몰라보게 달라졌네’,http://www.sedaily.com/NewsView/1KXRKGSKSK
87,"센틀리에, 뉴 아우디 A4 익스피리언스 데이 참가 고객 대상으로 맞춤 향수 클래스 진행",http://news.kmib.co.kr/article/view.asp?arcid=0010736281&code=61171811&cp=nv
88,"뉴 아우디 A4, 준 준형 세단 ‘절대지존’…252마력 100km/h 5.8초",http://www.nspna.com/news/?mode=view&newsid=176895
89,[하반기 수입 신차 질주] 아우디 '뉴 A4'…안전등급 별 5개 만점,http://view.asiae.co.kr/news/view.htm?idxno=2016062311122571508
90,[팔방미인 수입차] 아우디 뉴 A4···덩치 키우고 100kg 감량 '명차의 품격·실용성 두토끼',http://www.sedaily.com/NewsView/1KXLM6XMUR
91,"아우디 신형 A4, 美 IIHS 스몰 오버랩서 '우수' 판정, 최악에서 벗어나",http://www.kbench.com/?q=node/163742
92,"""더 커지고 가벼워진"" 아우디 A4...8년만에 풀체인지",http://biz.chosun.com/site/data/html_dir/2016/05/31/2016053101126.html
93,"아우디 A4, 8년 만에 '풀체인지'…덩치는 쑥, 무게는 쏙",http://www.hankyung.com/news/app/newsview.php?aid=2016053015481
94,"커진 차체로 넓어진 준중형 세단, '뉴 아우디 A4'",http://www.newsis.com/ar_detail/view.html?ar_id=NISX20160527_0014112394&cID=10401&pID=10400
95,아우디 역대 최다 판매 이끈 A4·Q7 매력은?,http://www.dailian.co.kr/news/view/574281/?sc=naver
96,[영상] 첨단 기술이 잔뜩! 풀 체인지 뉴 아우디 A4,http://www.nocutnews.co.kr/news/4596399
97,"[수입 세단의 반격] 뉴 아우디 A4, 덩치 키우고 체중 줄여...스포티한 주행성능",http://www.sedaily.com/NewsView/1KWD1IQV5G
98,[주간한국] 8년 만에 풀체인지 모델 출시된 ‘뉴 아우디 A4’,http://daily.hankooki.com/lpage/economy/201605/dh20160516070012138140.htm
99,"""사고 시 안정성 높였다..."" 신형 아우디 A4, 세가지 모델로 출시",http://www.whitepaper.co.kr/news/articleView.html?idxno=67382
100,[신차 브리핑!] 프리미엄 준중형 세단 ‘아우디 A4 40 TFSI’ 출시,http://sports.hankooki.com/lpage/economy/201911/sp20191121081506136990.htm
101,아우디 A4 가솔린 신모델 출시...기본형 4천705만8천원 外 [모터그램],http://www.sisunnews.co.kr/news/articleView.html?idxno=116554
102,"아우디 코리아, 프리미엄 준중형 세단 '아우디 A4 40 TFSI' 출시",http://www.paxetv.com/news/articleView.html?idxno=81896
103,"[자동차오늘] 르노삼성, 지역경제 활성화 캠페인 감사 이벤트…아우디 코리아, '아우디 A4 40 TFSI' 출시",http://www.sisaon.co.kr/news/articleView.html?idxno=104664
104,5월 하이브리드 중고차 가격 소폭 상승…수입차는 구매 적기,http://it.chosun.com/site/data/html_dir/2022/05/06/2022050600600.html
105,G80·K7 등 국산 중고 세단 시세 하락…아우디 A4·벤츠 C클래스는 상승,https://www.jejutwn.com/news/article.html?no=101736
106,아우디 A4 재고떨이 출시 임박···프로모션 얼마나?,http://www.ebn.co.kr/news/view/1008896/?sc=naver
107,G80·K7 등 국산 중고 세단 시세 하락… 아우디 A4·벤츠 C클래스는 상승,http://moneys.mt.co.kr/news/mwView.php?no=2021100513088031468
108,"아우디 구매, 지금이 적기?…A4·A6 20% 폭탄 할인",https://www.ebn.co.kr/news/view/1496146/?sc=Naver
109,"속타는 아우디 A7·A6 차주…""통신모듈 오류, 리콜해도 재발""",https://www.ebn.co.kr/news/view/1518622/?sc=Naver
110,"아우디 코리아, 프리미엄 준중형 세단 ‘A4 40 TFSI’ 출시",http://www.rpm9.com/news/article.html?id=20191120090008
111,"[자동차오늘] 르노삼성, 지역경제 활성화 캠페인 감사 이벤트…아우디 코리아, '아우디 A4 40 TFSI' 출시",http://www.sisaon.co.kr/news/articleView.html?idxno=104664
112,5월 하이브리드 중고차 가격 소폭 상승…수입차는 구매 적기,http://it.chosun.com/site/data/html_dir/2022/05/06/2022050600600.html
113,G80·K7 등 국산 중고 세단 시세 하락…아우디 A4·벤츠 C클래스는 상승,https://www.jejutwn.com/news/article.html?no=101736
114,아우디 A4 재고떨이 출시 임박···프로모션 얼마나?,http://www.ebn.co.kr/news/view/1008896/?sc=naver
115,G80·K7 등 국산 중고 세단 시세 하락… 아우디 A4·벤츠 C클래스는 상승,http://moneys.mt.co.kr/news/mwView.php?no=2021100513088031468
116,아우디 A4 가솔린 TFSI 2모델 출시…4705만∼5000만원,http://news.khan.co.kr/kh_news/khan_art_view.html?artid=201911201410001&code=920508
117,"아우디 구매, 지금이 적기?…A4·A6 20% 폭탄 할인",https://www.ebn.co.kr/news/view/1496146/?sc=Naver
118,[포토] '편의사양 UP' 준중형 세단 '아우디 A4 40 TFSI',http://www.ajunews.com/view/20191121080244414
119,"속타는 아우디 A7·A6 차주…""통신모듈 오류, 리콜해도 재발""",https://www.ebn.co.kr/news/view/1518622/?sc=Naver
120,"아우디, 준중형 세단 ‘A4 40 TFSI’ 출시",http://www.kukinews.com/news/article.html?no=720738
121,5월 하이브리드 중고차 가격 소폭 상승…수입차는 구매 적기,http://it.chosun.com/site/data/html_dir/2022/05/06/2022050600600.html
122,G80·K7 등 국산 중고 세단 시세 하락…아우디 A4·벤츠 C클래스는 상승,https://www.jejutwn.com/news/article.html?no=101736
123,아우디 A4 재고떨이 출시 임박···프로모션 얼마나?,http://www.ebn.co.kr/news/view/1008896/?sc=naver
124,G80·K7 등 국산 중고 세단 시세 하락… 아우디 A4·벤츠 C클래스는 상승,http://moneys.mt.co.kr/news/mwView.php?no=2021100513088031468
125,아우디 A4 가솔린 TFSI 2모델 출시…4705만∼5000만원,http://news.khan.co.kr/kh_news/khan_art_view.html?artid=201911201410001&code=920508
126,"아우디 구매, 지금이 적기?…A4·A6 20% 폭탄 할인",https://www.ebn.co.kr/news/view/1496146/?sc=Naver
127,[포토] '편의사양 UP' 준중형 세단 '아우디 A4 40 TFSI',http://www.ajunews.com/view/20191121080244414
128,"속타는 아우디 A7·A6 차주…""통신모듈 오류, 리콜해도 재발""",https://www.ebn.co.kr/news/view/1518622/?sc=Naver
129,"아우디, 넉넉한 공간과 활동 범위를 넓힌 ‘2020 아우디 A4 올로드 콰트로’ 공개",http://www.hankookilbo.com/news/npath/201908130831092425?did=NA
130,"'A4'도 가세…아우디 세단 라인업 확대, 판매량 치솟나",http://news.tf.co.kr/read/economy/1768888.htm
131,5월 하이브리드 중고차 가격 소폭 상승…수입차는 구매 적기,http://it.chosun.com/site/data/html_dir/2022/05/06/2022050600600.html
132,G80·K7 등 국산 중고 세단 시세 하락…아우디 A4·벤츠 C클래스는 상승,https://www.jejutwn.com/news/article.html?no=101736
133,아우디 A4 재고떨이 출시 임박···프로모션 얼마나?,http://www.ebn.co.kr/news/view/1008896/?sc=naver
134,G80·K7 등 국산 중고 세단 시세 하락… 아우디 A4·벤츠 C클래스는 상승,http://moneys.mt.co.kr/news/mwView.php?no=2021100513088031468
135,아우디 A4 가솔린 TFSI 2모델 출시…4705만∼5000만원,http://news.khan.co.kr/kh_news/khan_art_view.html?artid=201911201410001&code=920508
136,"아우디 구매, 지금이 적기?…A4·A6 20% 폭탄 할인",https://www.ebn.co.kr/news/view/1496146/?sc=Naver
137,[포토] '편의사양 UP' 준중형 세단 '아우디 A4 40 TFSI',http://www.ajunews.com/view/20191121080244414
138,"속타는 아우디 A7·A6 차주…""통신모듈 오류, 리콜해도 재발""",https://www.ebn.co.kr/news/view/1518622/?sc=Naver
139,"아우디, 넉넉한 공간과 활동 범위를 넓힌 ‘2020 아우디 A4 올로드 콰트로’ 공개",http://www.hankookilbo.com/news/npath/201908130831092425?did=NA
140,"아우디, 9세대 A4 페이스리프트 출시…2.0 터보 4705만 원부터",http://www.etoday.co.kr/news/section/newsview.php?idxno=1824425
141,5월 하이브리드 중고차 가격 소폭 상승…수입차는 구매 적기,http://it.chosun.com/site/data/html_dir/2022/05/06/2022050600600.html
142,G80·K7 등 국산 중고 세단 시세 하락…아우디 A4·벤츠 C클래스는 상승,https://www.jejutwn.com/news/article.html?no=101736
143,아우디 A4 재고떨이 출시 임박···프로모션 얼마나?,http://www.ebn.co.kr/news/view/1008896/?sc=naver
144,G80·K7 등 국산 중고 세단 시세 하락… 아우디 A4·벤츠 C클래스는 상승,http://moneys.mt.co.kr/news/mwView.php?no=2021100513088031468
145,아우디 A4 가솔린 TFSI 2모델 출시…4705만∼5000만원,http://news.khan.co.kr/kh_news/khan_art_view.html?artid=201911201410001&code=920508
146,"아우디 구매, 지금이 적기?…A4·A6 20% 폭탄 할인",https://www.ebn.co.kr/news/view/1496146/?sc=Naver
147,[포토] '편의사양 UP' 준중형 세단 '아우디 A4 40 TFSI',http://www.ajunews.com/view/20191121080244414
148,"속타는 아우디 A7·A6 차주…""통신모듈 오류, 리콜해도 재발""",https://www.ebn.co.kr/news/view/1518622/?sc=Naver
149,"아우디, 넉넉한 공간과 활동 범위를 넓힌 ‘2020 아우디 A4 올로드 콰트로’ 공개",http://www.hankookilbo.com/news/npath/201908130831092425?did=NA
150,"[fn오토] 아우디, 준중형 세단 'A4 40 TFSI' 출시..4705만원부터",http://www.fnnews.com/news/201911201613347964
151,5월 하이브리드 중고차 가격 소폭 상승…수입차는 구매 적기,http://it.chosun.com/site/data/html_dir/2022/05/06/2022050600600.html
152,G80·K7 등 국산 중고 세단 시세 하락…아우디 A4·벤츠 C클래스는 상승,https://www.jejutwn.com/news/article.html?no=101736
153,아우디 A4 재고떨이 출시 임박···프로모션 얼마나?,http://www.ebn.co.kr/news/view/1008896/?sc=naver
154,G80·K7 등 국산 중고 세단 시세 하락… 아우디 A4·벤츠 C클래스는 상승,http://moneys.mt.co.kr/news/mwView.php?no=2021100513088031468
155,아우디 A4 가솔린 TFSI 2모델 출시…4705만∼5000만원,http://news.khan.co.kr/kh_news/khan_art_view.html?artid=201911201410001&code=920508
156,"아우디 구매, 지금이 적기?…A4·A6 20% 폭탄 할인",https://www.ebn.co.kr/news/view/1496146/?sc=Naver
157,[포토] '편의사양 UP' 준중형 세단 '아우디 A4 40 TFSI',http://www.ajunews.com/view/20191121080244414
158,"속타는 아우디 A7·A6 차주…""통신모듈 오류, 리콜해도 재발""",https://www.ebn.co.kr/news/view/1518622/?sc=Naver
159,"아우디, 넉넉한 공간과 활동 범위를 넓힌 ‘2020 아우디 A4 올로드 콰트로’ 공개",http://www.hankookilbo.com/news/npath/201908130831092425?did=NA
160,"아우디, 넉넉한 공간과 활동 범위를 넓힌 ‘2020 아우디 A4 올로드 콰트로’ 공개",http://www.hankookilbo.com/news/npath/201908130831092425?did=NA
161,아우디 A4 가솔린 신모델 출시,http://yna.kr/PYH20191120091500003?did=1196m
162,"마일드 하이브리드 얹은 아우디 A4 부분변경,하반기 나온다",http://www.edaily.co.kr/news/newspath.asp?newsid=03424326622491544
163,"아우디, ′2020년형 A4 페이스리프트′..전 라인업 ′마일드 하이브리드 시스템′ 채택",http://www.dailycar.co.kr/content/news.html?type=view&autoId=33310
164,"SK엔카닷컴 ""생애 첫 수입차 아우디 A4""",http://www.newstomato.com/ReadNews.aspx?no=880835
165,"아우디코리아, 인증센터 묶인 디젤차 20% 싸게 판다",http://www.g-enews.com/ko-kr/news/article/news_all/202112291623064146938f3ba357_1/article.html
166,"아우디, 더 커진 ‘A4 아반트‘ 주행 테스트 포착..출시 일정은?",http://www.dailycar.co.kr/content/news.html?type=view&autoId=31695
167,"아우디 A4, 삼성 차량용 프로세서 엑시노스 오토 장착",http://www.joseilbo.com/news/news_read.php?uid=377622&class=78&grp=
168,"아우디 인증중고차 평택 물량 2천대, 벌써 80% 재고 소진. 인기 컬러는 이미 바닥",http://www.autodaily.co.kr/news/articleView.html?idxno=431230
169,"[시승기] 아우디 준중형 디젤 'A4 TDI', ""18년 기다릴 만""",http://www.newspim.com/news/view/20180808000182
170,"아우디 인증중고차 평택 물량 2천대, 벌써 80% 재고 소진. 인기 컬러는 이미 바닥",http://www.autodaily.co.kr/news/articleView.html?idxno=431230
171,"[중고차동향] SK엔카닷컴, 3월 시세 공개…아우디 A4 2천만원 초반",http://www.nspna.com/news/?mode=view&newsid=343863
172,"[시승기] 아우디 준중형 디젤 'A4 TDI', ""18년 기다릴 만""",http://www.newspim.com/news/view/20180808000182
173,"[단독] 아우디 딜러 고진모터스 직원, '부당 위약금' 소비자에게 전가 논란",http://www.wolyo.co.kr/news/articleView.html?idxno=200035
174,"아우디코리아, ‘아우디A4TDI’ 출격...비즈니스 정상화 총력",http://www.viva100.com/main/view.php?key=20180724010008804
175,"[잘 나가는 수입차]아우디 A4 TDI, 최첨단 안전장치에 6개 트림으로 선택 폭 확대",http://www.sedaily.com/NewsView/1S21LUSZ6J
176,"아우디 코리아, 2018년형 ‘아우디 A4 TDI’ 출시",http://sports.donga.com/3/all/20180702/90866351/3
177,"아우디 코리아, 프리미엄 준중형 세단 2018년식 '아우디 A4 TDI' 출시",http://www.sedaily.com/NewsView/1S1XFH41WO
178,2018년식 ‘아우디 A4 TDI’ 출시…4770만~5690만원,http://www.ekn.kr/news/article.html?no=371524
179,아우디 '2018년식 A4' 7월 출시..30TDI 디젤만,http://www.gpkorea.com/news/articleView.html?idxno=42140
180,"아우디 코리아, 프리미엄 준중형 세단 2018년식 '아우디 A4 TDI' 출시",http://www.sedaily.com/NewsView/1S1XFH41WO
181,2018년식 ‘아우디 A4 TDI’ 출시…4770만~5690만원,http://www.ekn.kr/news/article.html?no=371524
182,아우디 '2018년식 A4' 7월 출시..30TDI 디젤만,http://www.gpkorea.com/news/articleView.html?idxno=42140
183,"아우디, 2019 A4 페이스리프트 공개..스포티한 외관 ‘눈길’",http://dailycar.co.kr/content/news.html?type=view&autoId=30465
184,아우디 '2018년식 A4' 7월 출격…디젤 모델만 판매,http://www.enewstoday.co.kr/news/articleView.html?idxno=1204806
185,"[단독] 아우디, A6 등 무주행 신차 2천여대 인증중고차로 풀렸다. 20% 낮은 가격에 판매",http://www.autodaily.co.kr/news/articleView.html?idxno=430972
186,생애 첫 수입차로 아우디 A4...2천만원대 초반에 구입 가능,http://www.autodaily.co.kr/news/articleView.html?idxno=407875
187,"아우디, 디젤차 재고 2천대 인증중고차로 판매..‘평택 에디션’ 부활하나(?)",http://www.dailycar.co.kr/content/news.html?type=view&autoId=42196
188,"아우디 '더 뉴 S4 TFSI' 출시…""A4 고성능 준중형 세단으로 탈바꿈""",http://www.enewstoday.co.kr/news/articleView.html?idxno=1488045
189,"""중고차도 힘 못쓰네"" 국산차 수입차 동반 가격 안정세",http://www.gpkorea.com/news/articleView.html?idxno=85582
190,"아우디 코리아, 2018년식 A4 TDI '프리미엄 준중형 세단 귀환'",http://www.newsprime.co.kr/news/article.html?no=421321
191,2018년식 ‘아우디 A4 TDI’ 출시…4770만~5690만원,http://www.ekn.kr/news/article.html?no=371524
192,아우디 '2018년식 A4' 7월 출시..30TDI 디젤만,http://www.gpkorea.com/news/articleView.html?idxno=42140
193,"아우디, 2019 A4 페이스리프트 공개..스포티한 외관 ‘눈길’",http://dailycar.co.kr/content/news.html?type=view&autoId=30465
194,아우디 '2018년식 A4' 7월 출격…디젤 모델만 판매,http://www.enewstoday.co.kr/news/articleView.html?idxno=1204806
195,"[단독] 아우디, A6 등 무주행 신차 2천여대 인증중고차로 풀렸다. 20% 낮은 가격에 판매",http://www.autodaily.co.kr/news/articleView.html?idxno=430972
196,생애 첫 수입차로 아우디 A4...2천만원대 초반에 구입 가능,http://www.autodaily.co.kr/news/articleView.html?idxno=407875
197,"아우디, 디젤차 재고 2천대 인증중고차로 판매..‘평택 에디션’ 부활하나(?)",http://www.dailycar.co.kr/content/news.html?type=view&autoId=42196
198,"아우디 '더 뉴 S4 TFSI' 출시…""A4 고성능 준중형 세단으로 탈바꿈""",http://www.enewstoday.co.kr/news/articleView.html?idxno=1488045
199,"""중고차도 힘 못쓰네"" 국산차 수입차 동반 가격 안정세",http://www.gpkorea.com/news/articleView.html?idxno=85582
200,"아우디, 2018년식 A4 TDI 출시… 고급 준중형 수입차 시장 경쟁 본격화",http://bizn.donga.com/car/3/0111/20180702/90854840/1
201,2018년식 ‘아우디 A4 TDI’ 출시…4770만~5690만원,http://www.ekn.kr/news/article.html?no=371524
202,아우디 '2018년식 A4' 7월 출시..30TDI 디젤만,http://www.gpkorea.com/news/articleView.html?idxno=42140
203,"아우디, 2019 A4 페이스리프트 공개..스포티한 외관 ‘눈길’",http://dailycar.co.kr/content/news.html?type=view&autoId=30465
204,아우디 '2018년식 A4' 7월 출격…디젤 모델만 판매,http://www.enewstoday.co.kr/news/articleView.html?idxno=1204806
205,"[단독] 아우디, A6 등 무주행 신차 2천여대 인증중고차로 풀렸다. 20% 낮은 가격에 판매",http://www.autodaily.co.kr/news/articleView.html?idxno=430972
206,생애 첫 수입차로 아우디 A4...2천만원대 초반에 구입 가능,http://www.autodaily.co.kr/news/articleView.html?idxno=407875
207,"아우디, 디젤차 재고 2천대 인증중고차로 판매..‘평택 에디션’ 부활하나(?)",http://www.dailycar.co.kr/content/news.html?type=view&autoId=42196
208,"아우디 '더 뉴 S4 TFSI' 출시…""A4 고성능 준중형 세단으로 탈바꿈""",http://www.enewstoday.co.kr/news/articleView.html?idxno=1488045
209,"""중고차도 힘 못쓰네"" 국산차 수입차 동반 가격 안정세",http://www.gpkorea.com/news/articleView.html?idxno=85582
210,"아우디, '2018 아우디 A4 TDI' 출시",http://www.inews24.com/php/news_view.php?g_serial=1105694&g_menu=022200&rrf=nv
211,2018년식 ‘아우디 A4 TDI’ 출시…4770만~5690만원,http://www.ekn.kr/news/article.html?no=371524
212,아우디 '2018년식 A4' 7월 출시..30TDI 디젤만,http://www.gpkorea.com/news/articleView.html?idxno=42140
213,"아우디, 2019 A4 페이스리프트 공개..스포티한 외관 ‘눈길’",http://dailycar.co.kr/content/news.html?type=view&autoId=30465
214,아우디 '2018년식 A4' 7월 출격…디젤 모델만 판매,http://www.enewstoday.co.kr/news/articleView.html?idxno=1204806
215,"[단독] 아우디, A6 등 무주행 신차 2천여대 인증중고차로 풀렸다. 20% 낮은 가격에 판매",http://www.autodaily.co.kr/news/articleView.html?idxno=430972
216,생애 첫 수입차로 아우디 A4...2천만원대 초반에 구입 가능,http://www.autodaily.co.kr/news/articleView.html?idxno=407875
217,"아우디, 디젤차 재고 2천대 인증중고차로 판매..‘평택 에디션’ 부활하나(?)",http://www.dailycar.co.kr/content/news.html?type=view&autoId=42196
218,"아우디 '더 뉴 S4 TFSI' 출시…""A4 고성능 준중형 세단으로 탈바꿈""",http://www.enewstoday.co.kr/news/articleView.html?idxno=1488045
219,"""중고차도 힘 못쓰네"" 국산차 수입차 동반 가격 안정세",http://www.gpkorea.com/news/articleView.html?idxno=85582
220,"아우디, '2018년형 준중형 A4' 15개월만에 판매",http://www.newspim.com/news/view/20180702000262
221,2018년식 ‘아우디 A4 TDI’ 출시…4770만~5690만원,http://www.ekn.kr/news/article.html?no=371524
222,아우디 '2018년식 A4' 7월 출시..30TDI 디젤만,http://www.gpkorea.com/news/articleView.html?idxno=42140
223,"아우디, 2019 A4 페이스리프트 공개..스포티한 외관 ‘눈길’",http://dailycar.co.kr/content/news.html?type=view&autoId=30465
224,아우디 '2018년식 A4' 7월 출격…디젤 모델만 판매,http://www.enewstoday.co.kr/news/articleView.html?idxno=1204806
225,"[단독] 아우디, A6 등 무주행 신차 2천여대 인증중고차로 풀렸다. 20% 낮은 가격에 판매",http://www.autodaily.co.kr/news/articleView.html?idxno=430972
226,생애 첫 수입차로 아우디 A4...2천만원대 초반에 구입 가능,http://www.autodaily.co.kr/news/articleView.html?idxno=407875
227,"아우디, 디젤차 재고 2천대 인증중고차로 판매..‘평택 에디션’ 부활하나(?)",http://www.dailycar.co.kr/content/news.html?type=view&autoId=42196
228,"아우디 '더 뉴 S4 TFSI' 출시…""A4 고성능 준중형 세단으로 탈바꿈""",http://www.enewstoday.co.kr/news/articleView.html?idxno=1488045
229,"""중고차도 힘 못쓰네"" 국산차 수입차 동반 가격 안정세",http://www.gpkorea.com/news/articleView.html?idxno=85582
230,"2018년식 아우디, A4 TDI",http://news.heraldcorp.com/view.php?ud=20180702000408
231,"아우디, 신형 ‘A4 TDI’ 출시…2년 만에 판매재개",http://www.tfnews.co.kr/news/article.html?no=49473
232,아우디 '2018년식 A4' 7월 출시..30TDI 디젤만,http://www.gpkorea.com/news/articleView.html?idxno=42140
233,"아우디, 2019 A4 페이스리프트 공개..스포티한 외관 ‘눈길’",http://dailycar.co.kr/content/news.html?type=view&autoId=30465
234,아우디 '2018년식 A4' 7월 출격…디젤 모델만 판매,http://www.enewstoday.co.kr/news/articleView.html?idxno=1204806
235,"[단독] 아우디, A6 등 무주행 신차 2천여대 인증중고차로 풀렸다. 20% 낮은 가격에 판매",http://www.autodaily.co.kr/news/articleView.html?idxno=430972
236,생애 첫 수입차로 아우디 A4...2천만원대 초반에 구입 가능,http://www.autodaily.co.kr/news/articleView.html?idxno=407875
237,"아우디, 디젤차 재고 2천대 인증중고차로 판매..‘평택 에디션’ 부활하나(?)",http://www.dailycar.co.kr/content/news.html?type=view&autoId=42196
238,"아우디 '더 뉴 S4 TFSI' 출시…""A4 고성능 준중형 세단으로 탈바꿈""",http://www.enewstoday.co.kr/news/articleView.html?idxno=1488045
239,"""중고차도 힘 못쓰네"" 국산차 수입차 동반 가격 안정세",http://www.gpkorea.com/news/articleView.html?idxno=85582
240,"아우디, 디젤차 재고 2천대 인증중고차로 판매..‘평택 에디션’ 부활하나(?)",http://www.dailycar.co.kr/content/news.html?type=view&autoId=42196
241,"아우디 '더 뉴 S4 TFSI' 출시…""A4 고성능 준중형 세단으로 탈바꿈""",http://www.enewstoday.co.kr/news/articleView.html?idxno=1488045
242,"""중고차도 힘 못쓰네"" 국산차 수입차 동반 가격 안정세",http://www.gpkorea.com/news/articleView.html?idxno=85582
243,"아우디 A4·Q3, 포드 익스플로러 등 25개 차종 1만3천 대 리콜",http://news.sbs.co.kr/news/endPage.do?news_id=N1004539734&plink=ORI&cooper=NAVER
244,[기업 포커스] 준중형 세단 A4… 아우디 출시,http://news.hankyung.com/article/2018070284201
245,[Biz 브리프] '아우디 A4 등 일부 리콜' 외,http://www.koreadaily.com/news/read.asp?art_id=5721876
246,"국토부 ""아우디 A4 2.0 TFSI 콰트로·벤츠 S63 AMG 4M 쿠페 등 2127대 리콜""",http://www.enewstoday.co.kr/news/articleView.html?idxno=658020
247,[THE CAR] 아우디 `A4 45 TFSI` 타보니…6.3초만에 시속 100㎞ `파워`,http://news.mk.co.kr/newsRead.php?no=722452&year=2016
248,"아우디·폭스바겐·포드, 11개 차종 총 7424대 리콜 실시",http://www.seoulwire.com/news/articleView.html?idxno=457396
249,기본기 탄탄한 아우디 A4… “독일 감성 담은 엔트리차” [시승기],http://www.segye.com/content/html/2021/05/16/20210516502340.html?OutUrl=naver
250,기본기 탄탄한 아우디 A4… “독일 감성 담은 엔트리차” [시승기],http://www.segye.com/content/html/2021/05/16/20210516502340.html?OutUrl=naver
251,"아우디 A4, 대체할 ‘A4 BEV’ 비공식 렌더링",http://www.thedrive.co.kr/news/newsview.php?ncode=1065603105824181
252,"8년 만에 선보인 뉴 아우디 A4, “A6 부럽지 않네”",http://www.newspim.com/news/view/20160913000311
253,"아우디, 중고차 시장에서도 '찬밥 신세'",http://www.sisajournal-e.com/news/articleView.html?idxno=241472
254,"[시승기] 아우디 신형 A4 45 TFSI 콰트로, 알아두면 좋은 운전 팁?",http://www.kbench.com/?q=node/166931
255,"출력을 끌어 올린 아우디 A4, 252마력의 TFSI 엔진의 효율성은 어떨까?",http://autoin.edaily.co.kr/news/newspath.asp?newsid=01125046612750928
256,"아우디, 252마력 `뉴 A4` 군살빼고 파워업!",http://www.gpkorea.com/bbs/board.php?bo_table=gp_motorsports&wr_id=15750
257,아우디 A4 45 TFSI 시승기 - 한파 속에 홀로 살아 남았지만 팔방미인으로 돌아온 no.3,http://autoin.edaily.co.kr/news/newspath.asp?newsid=01938486612746336
258,8년만에 돌아온 '뉴 아우디 A4',http://view.asiae.co.kr/news/view.htm?idxno=2016072715010156184
259,아우디 | 안정적인 주행감이 매력적인 ‘뉴 아우디 A4’,http://news.mk.co.kr/newsRead.php?no=531750&year=2016
260,ASF 기반 설계 ‘뉴 아우디 A4’ 주행 안전성 탁월,http://news.kmib.co.kr/article/view.asp?arcid=0923590342&code=14140000&cp=nv
261,"100kg 감량한 뉴아우디 A4, '경제성·성능 두마리 토끼 잡다'",http://www.kukinews.com/news/article.html?no=384152
262,[시승기] 8년만에 풀체인지 ‘뉴 아우디 A4’ ··· 디자인·주행성능 ‘몰라보게 달라졌네’,http://www.sedaily.com/NewsView/1KXRKGSKSK
263,"센틀리에, 뉴 아우디 A4 익스피리언스 데이 참가 고객 대상으로 맞춤 향수 클래스 진행",http://news.kmib.co.kr/article/view.asp?arcid=0010736281&code=61171811&cp=nv
264,"뉴 아우디 A4, 준 준형 세단 ‘절대지존’…252마력 100km/h 5.8초",http://www.nspna.com/news/?mode=view&newsid=176895
265,[하반기 수입 신차 질주] 아우디 '뉴 A4'…안전등급 별 5개 만점,http://view.asiae.co.kr/news/view.htm?idxno=2016062311122571508
266,[팔방미인 수입차] 아우디 뉴 A4···덩치 키우고 100kg 감량 '명차의 품격·실용성 두토끼',http://www.sedaily.com/NewsView/1KXLM6XMUR
267,"아우디 신형 A4, 美 IIHS 스몰 오버랩서 '우수' 판정, 최악에서 벗어나",http://www.kbench.com/?q=node/163742
268,"""더 커지고 가벼워진"" 아우디 A4...8년만에 풀체인지",http://biz.chosun.com/site/data/html_dir/2016/05/31/2016053101126.html
269,"아우디 A4, 8년 만에 '풀체인지'…덩치는 쑥, 무게는 쏙",http://www.hankyung.com/news/app/newsview.php?aid=2016053015481
270,"아우디 A4, 8년 만에 '풀체인지'…덩치는 쑥, 무게는 쏙",http://www.hankyung.com/news/app/newsview.php?aid=2016053015481
271,"커진 차체로 넓어진 준중형 세단, '뉴 아우디 A4'",http://www.newsis.com/ar_detail/view.html?ar_id=NISX20160527_0014112394&cID=10401&pID=10400
272,아우디 역대 최다 판매 이끈 A4·Q7 매력은?,http://www.dailian.co.kr/news/view/574281/?sc=naver
273,[영상] 첨단 기술이 잔뜩! 풀 체인지 뉴 아우디 A4,http://www.nocutnews.co.kr/news/4596399
274,"[수입 세단의 반격] 뉴 아우디 A4, 덩치 키우고 체중 줄여...스포티한 주행성능",http://www.sedaily.com/NewsView/1KWD1IQV5G
275,[주간한국] 8년 만에 풀체인지 모델 출시된 ‘뉴 아우디 A4’,http://daily.hankooki.com/lpage/economy/201605/dh20160516070012138140.htm
276,"""사고 시 안정성 높였다..."" 신형 아우디 A4, 세가지 모델로 출시",http://www.whitepaper.co.kr/news/articleView.html?idxno=67382
277,"[포커스!]8년 만에 풀체인지 '뉴 아우디 A4', 준중형 세단 판도 바꿀까?",http://sports.hankooki.com/lpage/economy/201605/sp20160513133803136980.htm
278,“가솔린인데 할인도 없으면 뉴 아우디 A4 안사”,http://www.sisapress.com/news/articleView.html?idxno=78292
279,"세드릭 주흐넬 아우디 코리아 대표 ""뉴 A4는 가장 완벽한 중형 세단""",http://www.ajunews.com/view/20160512112621005
280,"[포커스!]8년 만에 풀체인지 '뉴 아우디 A4', 준중형 세단 판도 바꿀까?",http://sports.hankooki.com/lpage/economy/201605/sp20160513133803136980.htm
281,“가솔린인데 할인도 없으면 뉴 아우디 A4 안사”,http://www.sisapress.com/news/articleView.html?idxno=78292
282,"세드릭 주흐넬 아우디 코리아 대표 ""뉴 A4는 가장 완벽한 중형 세단""",http://www.ajunews.com/view/20160512112621005
283,"아우디 코리아, 동급 최강 준중형 세단 ‘뉴 아우디 A4’ 출시",http://www.g-enews.com/ko-kr/news/article/news_all/201605112032389398565_1/article.html
284,"9번째 진화, 역사는 계속된다 '뉴 아우디 A4'",http://it.donga.com/24233/
285,"신형 아우디 A4, 소비자가 주목할 내용은 무엇? 콕 찝어서 말한다",http://www.kbench.com/?q=node/162637
286,"아우디 코리아, 풀 체인지 ‘뉴 아우디 A4’ 출시",http://www.nspna.com/news/?mode=view&newsid=171558
287,"아우디 코리아 ""뉴 A4 가솔린, 올해 2천대 판매할 것""",http://www.zdnet.co.kr/ArticleView.asp?artice_id=20160510144020
288,"아우디, 8년 만에 풀체인지 ‘A4’ 출시",http://www.idaegu.co.kr/news.php?code=ec06&mode=view&num=196953
289,아우디코리아 내달초 준중형 세단 뉴 아우디 A4 출시,http://app.yonhapnews.co.kr/YNA/Basic/SNS/r.aspx?c=AKR20160428056200003&did=1195m
290,"아우디 코리아, 풀 체인지 ‘뉴 아우디 A4’ 출시",http://www.nspna.com/news/?mode=view&newsid=171558
291,"뉴 아우디 A4 출시, “새로운 변신 꾀했다”",http://www.rpm9.com/news/article.html?id=20160510090038
292,"아우디 코리아 ""뉴 A4 가솔린, 올해 2천대 판매할 것""",http://www.zdnet.co.kr/ArticleView.asp?artice_id=20160510144020
293,"아우디, 8년 만에 풀체인지 ‘A4’ 출시",http://www.idaegu.co.kr/news.php?code=ec06&mode=view&num=196953
294,9세대 아우디 ‘A4’ 출시…커졌지만 가벼워졌네,http://news.khan.co.kr/kh_news/khan_art_view.html?artid=201605101407001&code=920508
295,아우디코리아 내달초 준중형 세단 뉴 아우디 A4 출시,http://app.yonhapnews.co.kr/YNA/Basic/SNS/r.aspx?c=AKR20160428056200003&did=1195m
296,[집중분석] 5세대 아우디 A4 '기술 통한 진보' 입증,http://www.newsprime.co.kr/news/article.html?no=335126
297,"8년만의 풀 체인지…뉴 아우디 A4, 5월 한국 상륙",http://news.heraldcorp.com/view.php?ud=20160422000863
298,"아우디코리아, '뉴 A4' 앞세워 국내 시장 공략",http://view.asiae.co.kr/news/view.htm?idxno=2016041214580384753
299,"美 아우디, '신형 A4 울트라' 올 가을부터 판매 시작, 연료 효율성 두드러져",http://www.kbench.com/?q=node/166726
300,"뉴 아우디 A4 출시, 준준형 왕좌 노린다",http://it.chosun.com/news/article.html?no=2819200
301,"9세대 뉴 아우디A4, 넘치는 파워의 준중형 세단 변신",http://www.joseilbo.com/news/news_read.php?uid=293778&class=80&grp=
302,"아우디, 8년 만에 풀체인지 ‘A4’ 출시",http://www.idaegu.co.kr/news.php?code=ec06&mode=view&num=196953
303,[경향포토]뉴 아우디 A4 출시,http://news.khan.co.kr/kh_news/khan_art_view.html?artid=201605101131011&code=920401
304,9세대 아우디 ‘A4’ 출시…커졌지만 가벼워졌네,http://news.khan.co.kr/kh_news/khan_art_view.html?artid=201605101407001&code=920508
305,아우디코리아 내달초 준중형 세단 뉴 아우디 A4 출시,http://app.yonhapnews.co.kr/YNA/Basic/SNS/r.aspx?c=AKR20160428056200003&did=1195m
306,[집중분석] 5세대 아우디 A4 '기술 통한 진보' 입증,http://www.newsprime.co.kr/news/article.html?no=335126
307,"8년만의 풀 체인지…뉴 아우디 A4, 5월 한국 상륙",http://news.heraldcorp.com/view.php?ud=20160422000863
308,"아우디코리아, '뉴 A4' 앞세워 국내 시장 공략",http://view.asiae.co.kr/news/view.htm?idxno=2016041214580384753
309,"美 아우디, '신형 A4 울트라' 올 가을부터 판매 시작, 연료 효율성 두드러져",http://www.kbench.com/?q=node/166726
310,“8년 만에 풀체인지”… 무게 100kg 줄인 ‘뉴 아우디 A4’ 출시,http://www.g-enews.com/ko-kr/news/article/news_all/201605101429106873832_1/article.html
311,"아우디, 8년 만에 풀체인지 ‘A4’ 출시",http://www.idaegu.co.kr/news.php?code=ec06&mode=view&num=196953
312,[경향포토]뉴 아우디 A4 출시,http://news.khan.co.kr/kh_news/khan_art_view.html?artid=201605101131011&code=920401
313,9세대 아우디 ‘A4’ 출시…커졌지만 가벼워졌네,http://news.khan.co.kr/kh_news/khan_art_view.html?artid=201605101407001&code=920508
314,"아우디코리아, 준중형 세단 ‘뉴 아우디 A4’ 출시 “4950만원 부터”",http://www.seoul.co.kr/news/newsView.php?id=20160510500113
315,아우디코리아 내달초 준중형 세단 뉴 아우디 A4 출시,http://app.yonhapnews.co.kr/YNA/Basic/SNS/r.aspx?c=AKR20160428056200003&did=1195m
316,[집중분석] 5세대 아우디 A4 '기술 통한 진보' 입증,http://www.newsprime.co.kr/news/article.html?no=335126
317,"8년만의 풀 체인지…뉴 아우디 A4, 5월 한국 상륙",http://news.heraldcorp.com/view.php?ud=20160422000863
318,"아우디코리아, '뉴 A4' 앞세워 국내 시장 공략",http://view.asiae.co.kr/news/view.htm?idxno=2016041214580384753
319,"美 아우디, '신형 A4 울트라' 올 가을부터 판매 시작, 연료 효율성 두드러져",http://www.kbench.com/?q=node/166726
320,뉴 아우디 A4 국내 출시...디젤 모델은 하반기에,http://www.wowtv.co.kr/newscenter/news/view.asp?bcode=T30001000&artid=A201605100272
321,9세대 아우디 ‘A4’ 출시…커졌지만 가벼워졌네,http://news.khan.co.kr/kh_news/khan_art_view.html?artid=201605101407001&code=920508
322,"아우디코리아, 준중형 세단 ‘뉴 아우디 A4’ 출시 “4950만원 부터”",http://www.seoul.co.kr/news/newsView.php?id=20160510500113
323,[NW포토]8년 만에 새 얼굴로 나타난 ‘뉴 아우디 A4’,http://www.newsway.co.kr/view.php?tp=1&ud=2016051011093734711
324,아우디코리아 내달초 준중형 세단 뉴 아우디 A4 출시,http://app.yonhapnews.co.kr/YNA/Basic/SNS/r.aspx?c=AKR20160428056200003&did=1195m
325,[집중분석] 5세대 아우디 A4 '기술 통한 진보' 입증,http://www.newsprime.co.kr/news/article.html?no=335126
326,"8년만의 풀 체인지…뉴 아우디 A4, 5월 한국 상륙",http://news.heraldcorp.com/view.php?ud=20160422000863
327,"아우디코리아, '뉴 A4' 앞세워 국내 시장 공략",http://view.asiae.co.kr/news/view.htm?idxno=2016041214580384753
328,"美 아우디, '신형 A4 울트라' 올 가을부터 판매 시작, 연료 효율성 두드러져",http://www.kbench.com/?q=node/166726
329,"독일계 브랜드 잡은 한국타이어, 포르쉐 마칸 이어 ‘아우디 뉴 A4’에 공급…파트너십 강화",http://sports.khan.co.kr/news/sk_index.html?cat=view&art_id=201602241708123&sec_id=563002&pt=nv
330,"아우디코리아, 준중형 세단 ‘뉴 아우디 A4’ 출시 “4950만원 부터”",http://www.seoul.co.kr/news/newsView.php?id=20160510500113
331,"아우디, 신형 A4 출시…8년 만에 '풀체인지'",http://www.newsis.com/ar_detail/view.html?ar_id=NISX20160510_0014074228&cID=10401&pID=10400
332,'동급최강' 뉴 아우디 A4 출시… 가격 4950~5990만원,http://www.moneyweek.co.kr/news/mwView.php?type=1&no=2016051011478056030&outlink=1
333,[NW포토]풀체인지 ‘뉴 아우디 A4’…고급스러워진 실내,http://www.newsway.co.kr/view.php?tp=1&ud=2016051011145485218
334,아우디코리아 내달초 준중형 세단 뉴 아우디 A4 출시,http://app.yonhapnews.co.kr/YNA/Basic/SNS/r.aspx?c=AKR20160428056200003&did=1195m
335,[집중분석] 5세대 아우디 A4 '기술 통한 진보' 입증,http://www.newsprime.co.kr/news/article.html?no=335126
336,"8년만의 풀 체인지…뉴 아우디 A4, 5월 한국 상륙",http://news.heraldcorp.com/view.php?ud=20160422000863
337,"아우디코리아, '뉴 A4' 앞세워 국내 시장 공략",http://view.asiae.co.kr/news/view.htm?idxno=2016041214580384753
338,"美 아우디, '신형 A4 울트라' 올 가을부터 판매 시작, 연료 효율성 두드러져",http://www.kbench.com/?q=node/166726
339,"독일계 브랜드 잡은 한국타이어, 포르쉐 마칸 이어 ‘아우디 뉴 A4’에 공급…파트너십 강화",http://sports.khan.co.kr/news/sk_index.html?cat=view&art_id=201602241708123&sec_id=563002&pt=nv
340,"달라진 아우디 ‘효자’ A4, 견인차 맡는다",http://sports.khan.co.kr/news/sk_index.html?cat=view&art_id=201605101643013&sec_id=563002&pt=nv
341,아우디코리아 ‘뉴 아우디 A4’ 출시,http://www.ekn.kr/news/article.html?no=216840
342,[NW포토]풀체인지 ‘뉴 아우디 A4’…고급스러워진 실내,http://www.newsway.co.kr/view.php?tp=1&ud=2016051011145485218
343,"[NW포토]아우디코리아, 뉴 아우디 A4 출시",http://www.newsway.co.kr/view.php?tp=1&ud=2016051011102968918
344,아우디코리아 내달초 준중형 세단 뉴 아우디 A4 출시,http://app.yonhapnews.co.kr/YNA/Basic/SNS/r.aspx?c=AKR20160428056200003&did=1195m
345,[집중분석] 5세대 아우디 A4 '기술 통한 진보' 입증,http://www.newsprime.co.kr/news/article.html?no=335126
346,"8년만의 풀 체인지…뉴 아우디 A4, 5월 한국 상륙",http://news.heraldcorp.com/view.php?ud=20160422000863
347,"아우디코리아, '뉴 A4' 앞세워 국내 시장 공략",http://view.asiae.co.kr/news/view.htm?idxno=2016041214580384753
348,"美 아우디, '신형 A4 울트라' 올 가을부터 판매 시작, 연료 효율성 두드러져",http://www.kbench.com/?q=node/166726
349,"독일계 브랜드 잡은 한국타이어, 포르쉐 마칸 이어 ‘아우디 뉴 A4’에 공급…파트너십 강화",http://sports.khan.co.kr/news/sk_index.html?cat=view&art_id=201602241708123&sec_id=563002&pt=nv
350,"[MW사진] 풀체인지 뉴 아우디 A4, '절제된 세련미 속 다이내믹을 찾다'",http://www.moneyweek.co.kr/news/mwView.php?type=1&no=2016051011508038563&outlink=1
351,[NW포토]풀체인지 ‘뉴 아우디 A4’…고급스러워진 실내,http://www.newsway.co.kr/view.php?tp=1&ud=2016051011145485218
352,8년만의 풀체인지…준중형 세단 '뉴 아우디 A4' 출시,http://app.yonhapnews.co.kr/YNA/Basic/SNS/r.aspx?c=AKR20160510062300003&did=1195m
353,"[NW포토]아우디코리아, 뉴 아우디 A4 출시",http://www.newsway.co.kr/view.php?tp=1&ud=2016051011102968918
354,아우디코리아 내달초 준중형 세단 뉴 아우디 A4 출시,http://app.yonhapnews.co.kr/YNA/Basic/SNS/r.aspx?c=AKR20160428056200003&did=1195m
355,[집중분석] 5세대 아우디 A4 '기술 통한 진보' 입증,http://www.newsprime.co.kr/news/article.html?no=335126
356,"8년만의 풀 체인지…뉴 아우디 A4, 5월 한국 상륙",http://news.heraldcorp.com/view.php?ud=20160422000863
357,"아우디코리아, '뉴 A4' 앞세워 국내 시장 공략",http://view.asiae.co.kr/news/view.htm?idxno=2016041214580384753
358,"美 아우디, '신형 A4 울트라' 올 가을부터 판매 시작, 연료 효율성 두드러져",http://www.kbench.com/?q=node/166726
359,"독일계 브랜드 잡은 한국타이어, 포르쉐 마칸 이어 ‘아우디 뉴 A4’에 공급…파트너십 강화",http://sports.khan.co.kr/news/sk_index.html?cat=view&art_id=201602241708123&sec_id=563002&pt=nv
360,'뉴 아우디 A4' 보행자 안전 확보 DNA 싹 바꿨다,http://www.cstimes.com/news/articleView.html?idxno=213250
361,"[NW포토]아우디코리아, 뉴 아우디 A4 출시",http://www.newsway.co.kr/view.php?tp=1&ud=2016051011102968918
362,[동영상 뉴스]강력하고 섹시해진 `뉴 아우디 A4`,http://www.etnews.com/20160510000154
363,아우디코리아 내달초 준중형 세단 뉴 아우디 A4 출시,http://app.yonhapnews.co.kr/YNA/Basic/SNS/r.aspx?c=AKR20160428056200003&did=1195m
364,[집중분석] 5세대 아우디 A4 '기술 통한 진보' 입증,http://www.newsprime.co.kr/news/article.html?no=335126
365,"8년만의 풀 체인지…뉴 아우디 A4, 5월 한국 상륙",http://news.heraldcorp.com/view.php?ud=20160422000863
366,"아우디코리아, '뉴 A4' 앞세워 국내 시장 공략",http://view.asiae.co.kr/news/view.htm?idxno=2016041214580384753
367,"美 아우디, '신형 A4 울트라' 올 가을부터 판매 시작, 연료 효율성 두드러져",http://www.kbench.com/?q=node/166726
368,"독일계 브랜드 잡은 한국타이어, 포르쉐 마칸 이어 ‘아우디 뉴 A4’에 공급…파트너십 강화",http://sports.khan.co.kr/news/sk_index.html?cat=view&art_id=201602241708123&sec_id=563002&pt=nv
369,'뉴 아우디 A4'도 한국타이어와 함께 달린다! 아우디와 파트너십 확대,http://www.siminilbo.co.kr/news/articleView.html?idxno=442060
370,"美 아우디, '신형 A4 울트라' 올 가을부터 판매 시작, 연료 효율성 두드러져",http://www.kbench.com/?q=node/166726
371,"독일계 브랜드 잡은 한국타이어, 포르쉐 마칸 이어 ‘아우디 뉴 A4’에 공급…파트너십 강화",http://sports.khan.co.kr/news/sk_index.html?cat=view&art_id=201602241708123&sec_id=563002&pt=nv
372,'뉴 아우디 A4'도 한국타이어와 함께 달린다! 아우디와 파트너십 확대,http://www.siminilbo.co.kr/news/articleView.html?idxno=442060
373,"한국타이어, ‘뉴 아우디 A4’ ‘A4 아반트(Avant)’‘S4’에 신차용 타이어 공급",http://www.osen.co.kr/article/G1110354387
374,"한국타이어, ‘뉴 아우디 A4, A4 아반트, S4’에 타이어 공급",http://www.ajunews.com/view/20160216103814547
375,"[기업브리핑] 쌍용차, 지난해 4분기 흑자전환 · 한국타이어 '뉴 아우디 A4'에 공급 · 포스코 권오준, 아르헨티나 대통령과 협의",http://www.consumernews.co.kr/?mod=news&act=articleView&idxno=509407
376,"마치 전기차 혁명, 아우디의 'e-볼루션' [2021 서울 모빌리티쇼]",http://www.osen.co.kr/article/G1111701783
377,"아우디, “관점에 따라 새로운 미래 만날 수 있다""…서울 모빌리티쇼서 비전 제시",http://www.dizzotv.com/site/data/html_dir/2021/11/25/2021112580092.html
378,[뉴스핌 포토] 동급 최강 준중형 세단 '뉴 아우디 A4',http://www.newspim.com/news/view/20160510000172
379,[포토] '8년 만 풀체인지' 운전자 만족도 높인 '뉴 아우디 A4',http://www.ebn.co.kr/news/view/829809
380,"아우디 ‘뉴 A4’, 한국타이어 벤투스 S1 에보2 장착",http://car.donga.com/3/all/20160216/76478750/2
381,"[기업브리핑] 쌍용차, 지난해 4분기 흑자전환 · 한국타이어 '뉴 아우디 A4'에 공급 · 포스코 권오준, 아르헨티나 대통령과 협의",http://www.consumernews.co.kr/?mod=news&act=articleView&idxno=509407
382,"마치 전기차 혁명, 아우디의 'e-볼루션' [2021 서울 모빌리티쇼]",http://www.osen.co.kr/article/G1111701783
383,"아우디, “관점에 따라 새로운 미래 만날 수 있다""…서울 모빌리티쇼서 비전 제시",http://www.dizzotv.com/site/data/html_dir/2021/11/25/2021112580092.html
384,[뉴스핌 포토] 동급 최강 준중형 세단 '뉴 아우디 A4',http://www.newspim.com/news/view/20160510000172
385,[포토] '8년 만 풀체인지' 운전자 만족도 높인 '뉴 아우디 A4',http://www.ebn.co.kr/news/view/829809
386,[사진]뉴 아우디 A4 '깔끔한 엔진룸',http://www.mt.co.kr/view/mtview.php?type=1&no=2016051010171368174&outlink=1
387,"아우디, A4 신형에 배기량 1.4리터 터보 엔진 추가",http://viva100.com/main/view.php?key=20150712010002349
388,[디트로이트모터쇼]아우디 '더 뉴 A4 올로드 콰트로',http://view.asiae.co.kr/news/view.htm?idxno=2016011210432112800
389,"아우디, 신형 A4에 적용될 2.0 TFSI 엔진, 출력은 낮추고 연비는 올리고",http://www.kbench.com/?q=node/150130
390,"한국타이어, '뉴아우디 A4'에 신차용 타이어 공급",http://www.mt.co.kr/view/mtview.php?type=1&no=2016021614144266444&outlink=1
391,"마치 전기차 혁명, 아우디의 'e-볼루션' [2021 서울 모빌리티쇼]",http://www.osen.co.kr/article/G1111701783
392,"아우디, “관점에 따라 새로운 미래 만날 수 있다""…서울 모빌리티쇼서 비전 제시",http://www.dizzotv.com/site/data/html_dir/2021/11/25/2021112580092.html
393,[뉴스핌 포토] 동급 최강 준중형 세단 '뉴 아우디 A4',http://www.newspim.com/news/view/20160510000172
394,[포토] '8년 만 풀체인지' 운전자 만족도 높인 '뉴 아우디 A4',http://www.ebn.co.kr/news/view/829809
395,[사진]뉴 아우디 A4 '깔끔한 엔진룸',http://www.mt.co.kr/view/mtview.php?type=1&no=2016051010171368174&outlink=1
396,"아우디, A4 신형에 배기량 1.4리터 터보 엔진 추가",http://viva100.com/main/view.php?key=20150712010002349
397,[디트로이트모터쇼]아우디 '더 뉴 A4 올로드 콰트로',http://view.asiae.co.kr/news/view.htm?idxno=2016011210432112800
398,"아우디, 신형 A4에 적용될 2.0 TFSI 엔진, 출력은 낮추고 연비는 올리고",http://www.kbench.com/?q=node/150130
399,5세대 아우디 A4 전면부·실내 사진 유출,http://www.zdnet.co.kr/ArticleView.asp?artice_id=20150331084403
400,"한국타이어, '뉴 아우디 A4'에 타이어 공급",http://www.hankyung.com/news/app/newsview.php?aid=2016021627736
401,"마치 전기차 혁명, 아우디의 'e-볼루션' [2021 서울 모빌리티쇼]",http://www.osen.co.kr/article/G1111701783
402,"아우디, “관점에 따라 새로운 미래 만날 수 있다""…서울 모빌리티쇼서 비전 제시",http://www.dizzotv.com/site/data/html_dir/2021/11/25/2021112580092.html
403,[뉴스핌 포토] 동급 최강 준중형 세단 '뉴 아우디 A4',http://www.newspim.com/news/view/20160510000172
404,[포토] '8년 만 풀체인지' 운전자 만족도 높인 '뉴 아우디 A4',http://www.ebn.co.kr/news/view/829809
405,[사진]뉴 아우디 A4 '깔끔한 엔진룸',http://www.mt.co.kr/view/mtview.php?type=1&no=2016051010171368174&outlink=1
406,"아우디, A4 신형에 배기량 1.4리터 터보 엔진 추가",http://viva100.com/main/view.php?key=20150712010002349
407,[디트로이트모터쇼]아우디 '더 뉴 A4 올로드 콰트로',http://view.asiae.co.kr/news/view.htm?idxno=2016011210432112800
408,"아우디, 신형 A4에 적용될 2.0 TFSI 엔진, 출력은 낮추고 연비는 올리고",http://www.kbench.com/?q=node/150130
409,5세대 아우디 A4 전면부·실내 사진 유출,http://www.zdnet.co.kr/ArticleView.asp?artice_id=20150331084403
410,"아우디, A6 e-트론 컨셉트 앞세워 서울 모빌리티쇼 출격!",http://www.thedrive.co.kr/news/newsview.php?ncode=1065596391190519
411,[뉴스핌 포토] 동급 최강 준중형 세단 '뉴 아우디 A4',http://www.newspim.com/news/view/20160510000172
412,[포토] '8년 만 풀체인지' 운전자 만족도 높인 '뉴 아우디 A4',http://www.ebn.co.kr/news/view/829809
413,[사진]뉴 아우디 A4 '깔끔한 엔진룸',http://www.mt.co.kr/view/mtview.php?type=1&no=2016051010171368174&outlink=1
414,"아우디, A4 신형에 배기량 1.4리터 터보 엔진 추가",http://viva100.com/main/view.php?key=20150712010002349
415,‘뉴 아우디 A4’에 한국타이어 장착,http://news.kukinews.com/article/view.asp?arcid=0010358574&code=41141411&cp=nv
416,[디트로이트모터쇼]아우디 '더 뉴 A4 올로드 콰트로',http://view.asiae.co.kr/news/view.htm?idxno=2016011210432112800
417,"아우디, 신형 A4에 적용될 2.0 TFSI 엔진, 출력은 낮추고 연비는 올리고",http://www.kbench.com/?q=node/150130
418,5세대 아우디 A4 전면부·실내 사진 유출,http://www.zdnet.co.kr/ArticleView.asp?artice_id=20150331084403
419,‘100kg 감량’ 새로운 아우디 A4 세계 최초공개,http://car.donga.com/3/all/20150311/70069253/2
420,다이내믹준중형 세단 '뉴 아우디 A4',http://news1.kr/photos/view/?1919728
421,[사진]뉴 아우디 A4 '깔끔한 엔진룸',http://www.mt.co.kr/view/mtview.php?type=1&no=2016051010171368174&outlink=1
422,"아우디, A4 신형에 배기량 1.4리터 터보 엔진 추가",http://viva100.com/main/view.php?key=20150712010002349
423,‘뉴 아우디 A4’에 한국타이어 장착,http://news.kukinews.com/article/view.asp?arcid=0010358574&code=41141411&cp=nv
424,[디트로이트모터쇼]아우디 '더 뉴 A4 올로드 콰트로',http://view.asiae.co.kr/news/view.htm?idxno=2016011210432112800
425,"아우디, 신형 A4에 적용될 2.0 TFSI 엔진, 출력은 낮추고 연비는 올리고",http://www.kbench.com/?q=node/150130
426,5세대 아우디 A4 전면부·실내 사진 유출,http://www.zdnet.co.kr/ArticleView.asp?artice_id=20150331084403
427,‘100kg 감량’ 새로운 아우디 A4 세계 최초공개,http://car.donga.com/3/all/20150311/70069253/2
428,[2015 IAA]아우디 뉴 A4 공개 ‘120kg 감량으로 효율성 개선’,http://car.donga.com/3/all/20150918/73706830/2
429,"아우디, 2013~2015년식 A4·S4 9천대 에어백 결함 가능성에 리콜",http://www.womennews.co.kr/news/view.asp?num=77917
430,[사진]뉴 아우디 A4 '웅장한 타이어휠',http://www.mt.co.kr/view/mtview.php?type=1&no=2016051010121470942&outlink=1
431,[뉴스핌 포토] '100kg 경량화'에 성공한 신형 아우디 A4,http://www.newspim.com/news/view/20160510000183
432,"아우디, A4 신형에 배기량 1.4리터 터보 엔진 추가",http://viva100.com/main/view.php?key=20150712010002349
433,‘뉴 아우디 A4’에 한국타이어 장착,http://news.kukinews.com/article/view.asp?arcid=0010358574&code=41141411&cp=nv
434,[디트로이트모터쇼]아우디 '더 뉴 A4 올로드 콰트로',http://view.asiae.co.kr/news/view.htm?idxno=2016011210432112800
435,"아우디, 신형 A4에 적용될 2.0 TFSI 엔진, 출력은 낮추고 연비는 올리고",http://www.kbench.com/?q=node/150130
436,5세대 아우디 A4 전면부·실내 사진 유출,http://www.zdnet.co.kr/ArticleView.asp?artice_id=20150331084403
437,‘100kg 감량’ 새로운 아우디 A4 세계 최초공개,http://car.donga.com/3/all/20150311/70069253/2
438,[2015 IAA]아우디 뉴 A4 공개 ‘120kg 감량으로 효율성 개선’,http://car.donga.com/3/all/20150918/73706830/2
439,"아우디, 2013~2015년식 A4·S4 9천대 에어백 결함 가능성에 리콜",http://www.womennews.co.kr/news/view.asp?num=77917
440,5세대 아우디 A4 전면부·실내 사진 유출,http://www.zdnet.co.kr/ArticleView.asp?artice_id=20150331084403
441,‘100kg 감량’ 새로운 아우디 A4 세계 최초공개,http://car.donga.com/3/all/20150311/70069253/2
442,[AJU포토] 8년 만에 새 옷 입은 '아우디 뉴 A4',http://www.ajunews.com/view/20160510141142366
443,아우디코리아 '뉴 아우디 A4' 출시…'8년만에 풀체인지',http://mbnmoney.mbn.co.kr/news/view?news_no=MM1002416588
444,[2015 IAA]아우디 뉴 A4 공개 ‘120kg 감량으로 효율성 개선’,http://car.donga.com/3/all/20150918/73706830/2
445,"아우디, 2013~2015년식 A4·S4 9천대 에어백 결함 가능성에 리콜",http://www.womennews.co.kr/news/view.asp?num=77917
446,아우디 A4 탄생 20주년...5세대 모델은 2015년 데뷔,http://www.it.co.kr/news/mediaitNewsView.php?nSeq=2773968
447,차세대 아우디 A4는 어떤 모습?,http://www.asiatoday.co.kr/view.php?key=20141021010012434
448,"[뉴 레알시승기]아우디 A4 TFSI ""가솔린 차의 장점을 느껴보라!""",http://www.nocutnews.co.kr/news/4098098
449,11월 중고차 시세 소폭 하락… A4∙카이엔 가격↓,https://www.donga.com/news/article/all/20211105/110100151/2
450,11월 중고차 시세 소폭 하락… A4∙카이엔 가격↓,https://www.donga.com/news/article/all/20211105/110100151/2
451,‘100kg 감량’ 새로운 아우디 A4 세계 최초공개,http://car.donga.com/3/all/20150311/70069253/1
452,"“100kg 감량” 새로운 아우디 A4, 내년 출시",http://car.donga.com/3/all/20140507/63302591/2
453,"[시승기] 아우디 A4, '힘과 정숙성' 모두 잡은 세단",http://www.newspim.com/common/redirect.jsp?newsId=20140423000235
454,[시승기] 아우디 A4 TFSI…독일 가솔린차의 재조명,http://www.dailian.co.kr/news/view/433576/?sc=naver
455,아우디 주력 ‘A4’도 화재 위험,http://www.etoday.co.kr/news/section/newsview.php?idxno=852522
456,[360영상] 뉴 아우디 A4 확! 바뀐 내부 모습은?,http://www.nocutnews.co.kr/news/4594541
457,[사진]준중형 세단 '뉴 아우디 A4' 출시,http://www.mt.co.kr/view/mtview.php?type=1&no=2016051010065612279&outlink=1
458,뉴 아우디 A4 출시,http://www.sedaily.com/NewsView/1KW9CUPU9D
459,"[포토] 아우디 코리아, 8년 만의 풀체인지 '뉴 아우디 A4'출시",http://www.etoday.co.kr/news/section/newsview.php?idxno=1327325
460,뉴 아우디 A4 출시,http://www.sedaily.com/NewsView/1KW9CUPU9D
461,"[포토] 아우디 코리아, 8년 만의 풀체인지 '뉴 아우디 A4'출시",http://www.etoday.co.kr/news/section/newsview.php?idxno=1327325
462,자유분방한 '간지남' BMW 320d vs 단정한 '젠틀맨' 아우디 A4 2.0 TDI 승자는?,http://www.it.co.kr/news/mediaitNewsView.php?nSeq=2420111
463,"엔카닷컴 ""11월 중고차 비수기···A4·카이엔 등 수입차 구매 적기""",http://www.seoulfn.com/news/articleView.html?idxno=436782
464,[자동차광장] 아우디 'A4 2.0 TDI 콰트로' 출시,http://www.ccdailynews.com/sub_read.html?uid=305536§ion=sc2
465,연비좋은 아우디 A4 2.0 TDI 콰트로 출시,https://news.naver.com/main/read.naver?mode=LSD&mid=sec&sid1=101&oid=001&aid=0005953599
466,[시승기] 아우디 A4와 S4,http://news20.busan.com/controller/newsController.jsp?newsId=20121105000048
467,아우디 A4·S4 에어백 결함? 무려 9000여대나...,http://www.etnews.com/20141121000128
468,"[아우디] 수입차 준중형의 강자, 뉴 A4",http://view.heraldm.com/view.php?ud=20120723000705
469,"아우디코리아 ""7월 뉴 A4·S4 사면 최대 100만원 유류비 지원""",http://www.edaily.co.kr/news/newspath.asp?newsid=01692486599592880
470,[자동차광장] 아우디 'A4 2.0 TDI 콰트로' 출시,http://www.ccdailynews.com/sub_read.html?uid=305536§ion=sc2
471,연비좋은 아우디 A4 2.0 TDI 콰트로 출시,https://news.naver.com/main/read.naver?mode=LSD&mid=sec&sid1=101&oid=001&aid=0005953599
472,[시승기] 아우디 A4와 S4,http://news20.busan.com/controller/newsController.jsp?newsId=20121105000048
473,아우디 A4·S4 에어백 결함? 무려 9000여대나...,http://www.etnews.com/20141121000128
474,"[아우디] 수입차 준중형의 강자, 뉴 A4",http://view.heraldm.com/view.php?ud=20120723000705
475,"아우디코리아 ""7월 뉴 A4·S4 사면 최대 100만원 유류비 지원""",http://www.edaily.co.kr/news/newspath.asp?newsid=01692486599592880
476,"독해진 아우디 A4의 복수혈전, 170만원 ↓ 품질 ↑",http://news.mk.co.kr/news_forward.php?domain=news&no=396518&year=2012
477,"아우디코리아, 업그레이드 된 ‘뉴 아우디 A4 / S4’ 출시",http://news.mk.co.kr/news_forward.php?domain=news&no=393759&year=2012
478,"아우디 A4의 반격, 수입차도 치열한 허리싸움",http://view.heraldm.com/view.php?ud=20120628000341
479,[시승기] 아우디A4 타고 남산3호 터널 달려보니,http://biz.chosun.com/site/data/html_dir/2012/04/01/2012040100566.html
480,아우디 야심작 A4 보자 BMW·벤츠 `그만',http://news.mk.co.kr/news_forward.php?domain=news&no=396239&year=2012
481,"아우디코리아, 업그레이드 된 ‘뉴 아우디 A4 / S4’ 출시",http://news.mk.co.kr/news_forward.php?domain=news&no=393759&year=2012
482,"아우디 A4의 반격, 수입차도 치열한 허리싸움",http://view.heraldm.com/view.php?ud=20120628000341
483,[시승기] 아우디A4 타고 남산3호 터널 달려보니,http://biz.chosun.com/site/data/html_dir/2012/04/01/2012040100566.html
484,"[시승기] 작지만 클래식 윤곽이 매력적인 아우디 A4, 주행 성능·승차감 '만족'",http://www.consumernews.co.kr/news/articleView.html?idxno=618880
485,"아우디, A4 초기 구매부담↓… BMW 경계?",http://www.ajnews.co.kr/common/redirect.jsp?newsId=20120214000743
486,"아우디 A4·A5·A1, 獨 전문지 '2012 베스트 카' 선정",http://www.asiae.co.kr/news/view.htm?idxno=2012013109074145401
487,'19살 아이유의 차'는 아우디 A4?…네티즌 들썩,http://mbn.mk.co.kr/pages/news/newsView.php?category=mbn00013&news_seq_no=1121063
488,"엔카닷컴 ""9월 K3 천만원·A4 3천만원대 구매 가능""",https://www.ebn.co.kr/news/view/1449874/?sc=Naver
489,‘뉴 아우디 A4’ 출시,http://news.donga.com/3/all/20160510/78027065/1
490,"아우디코리아, ‘뉴 A4’, ‘뉴 S4’ 출시",https://news.naver.com/main/read.naver?mode=LSD&mid=sec&sid1=103&oid=011&aid=0002249581
491,"아우디 A4의 반격, 수입차도 치열한 허리싸움",http://view.heraldm.com/view.php?ud=20120628000341
492,[시승기] 아우디A4 타고 남산3호 터널 달려보니,http://biz.chosun.com/site/data/html_dir/2012/04/01/2012040100566.html
493,"[시승기] 작지만 클래식 윤곽이 매력적인 아우디 A4, 주행 성능·승차감 '만족'",http://www.consumernews.co.kr/news/articleView.html?idxno=618880
494,"아우디, A4 초기 구매부담↓… BMW 경계?",http://www.ajnews.co.kr/common/redirect.jsp?newsId=20120214000743
495,"아우디 A4·A5·A1, 獨 전문지 '2012 베스트 카' 선정",http://www.asiae.co.kr/news/view.htm?idxno=2012013109074145401
496,'19살 아이유의 차'는 아우디 A4?…네티즌 들썩,http://mbn.mk.co.kr/pages/news/newsView.php?category=mbn00013&news_seq_no=1121063
497,"엔카닷컴 ""9월 K3 천만원·A4 3천만원대 구매 가능""",https://www.ebn.co.kr/news/view/1449874/?sc=Naver
498,‘뉴 아우디 A4’ 출시,http://news.donga.com/3/all/20160510/78027065/1
499,준중형 세단 '뉴아우디 A4' 출시,http://app.yonhapnews.co.kr/YNA/Basic/SNS/r.aspx?c=PYH20160510014100013&did=1196m
