,title,url
0,아우디 RS5 스포트백 시승기 [원성열 기자의 CAR & TRACK],https://sports.donga.com/article/all/20220509/113286229/4
1,"[민기자의 '드라이빙'] 아우디 RS5 스포트백, 고성능·실용성 갖췄지만…",http://www.sisaweek.com/news/articleView.html?idxno=153254
2,"아우디, RS5 스포트백 출시…0-100km '3.9초'",http://www.mediapen.com/news/view/645612
3,초고성능 중형세단 '더 뉴 아우디 RS5 스포트백' 출시,https://view.asiae.co.kr/article/2021071309410708630
4,"[시승기] 아우디 ‘RS5’, 질주본능 깨우는 슈퍼카",http://www.newspim.com/common/redirect.jsp?newsId=20130618000143
5,"[신차 소식] BMW '5세대 eDrive'‧'7월 한정모델', 아우디 'RS5 스포트백'",http://www.bizwnews.com/news/articleView.html?idxno=26035
6,"아우디코리아, 2021년은 전기차·고성능으로 승부한 한 해",http://autotimes.hankyung.com/apps/news.sub_view?popup=0&nid=02&c1=02&c2=02&c3=00&nkey=202112160906501
7,"아우디, 상품성 개선한 2020 RS5 쿠페, RS5 스포트백 공개",http://www.hankookilbo.com/news/npath/202003161076094766?did=NA
8,"[글로벌-Biz 24] 아우디, 신형 RS5 선봬",http://www.g-enews.com/ko-kr/news/article/news_all/20191215042930310550cb531085_1/article.html
9,"아우디, ‘RS5’ 페이스리프트 공개..달라진 점은?",http://www.dailycar.co.kr/content/news.html?type=view&autoId=35357
10,[시승기]럭셔리 스포츠카 'RS5' vs 와인딩 머신'토요타86',http://news1.kr/articles/1246100
11,[시승기] 운전이 즐거운 럭셔리 슈퍼 스포츠카 RS5,http://www.tvreport.co.kr/?c=news&m=newsview&idx=349541
12,"아우디, 신차공세로 점유율 높인다… 하반기 들어서만 6종 추가 투입",http://www.sisaweek.com/news/articleView.html?idxno=146981
13,"BMW, M4 컴페티션 공개..AMG C63·아우디 RS5와 경쟁!",http://www.dailycar.co.kr/content/news.html?type=view&autoId=37686
14,"한국타이어, 아우디 고성능 모델 '뉴 RS5 쿠페'에 신차용 타이어 공급",http://www.gukjenews.com/news/articleView.html?idxno=779774
15,‘아우디 뉴 RS5 쿠페’도 ‘벤투스 S1 에보2’ 신고 나온다,http://www.lawissue.co.kr/news/articleView.html?idxno=20170907175922309467191f6c6e_12
16,"[제네바모터쇼] 아우디, 2017 시즌을 위한 RS5 DTM 공개",http://autoin.edaily.co.kr/news/newspath.asp?newsid=01764646615861680
17,"[제네바모터쇼 2017]아우디, ‘신형 RS5 쿠페’ 첫 선",http://bizn.donga.com/car/3/all/20170308/83222936/2
18,"[오토파이낸스] 한국타이어, BMW 레이스카 아우디 RS5 쿠페에 신차 타이어 공급",http://biz.chosun.com/site/data/html_dir/2017/09/27/2017092702979.html
19,"[시승기] 최후의 자연흡기 8기통, 운전의 재미가 넘치는 '남자의 차' 아우디 RS5",http://www.khan.co.kr/kh_news/art_view.html?artid=201504050230511&code=920508
20,[라이벌 명차] BMW M4 쿠페 vs 아우디 RS5 쿠페,http://www.it.co.kr/news/article.html?no=2792763
21,[카 좋다] 아우디 RS5 vs 포르쉐 911 타르가 4S 비교 시승,http://autotimes.hankyung.com/apps/news.sub_view?popup=0&nid=03&c1=03&c2=03&c3=00&nkey=201411271713541
22,"뉴 아우디 RS5 4.2 FSI 콰트로, 스포츠카 심장 장착…세단형 슈퍼카",http://magazine.hankyung.com/business/apps/news?popup=0&nid=01&c1=1003&nkey=2013022800900000321&mode=sub_view
23,"스포츠카 부럽지 않은 가속력 '아우디, 뉴 RS5'",http://biz.chosun.com/site/data/html_dir/2013/02/14/2013021402479.html
24,"[시승기]아우디 RS5, 고성능 세단 '빅3'로 도약",http://www.mt.co.kr/view/mtview.php?type=1&no=2012122709035471816&outlink=1
25,"아우디 RS5 vs BMW M3, 비교해보니",http://autotimes.hankyung.com/apps/news.sub_view?popup=0&nid=03&c1=03&c2=03&c3=00&nkey=201208221645061
26,‘최고속도 시속 280km의 괴력’…아우디 뉴 RS5 출시,http://www.newspim.com/common/redirect.jsp?newsId=20120822000718
27,"아우디, 450마력 스포츠 쿠페 'RS5' 출시…1억950만",https://news.naver.com/main/read.naver?mode=LSD&mid=sec&sid1=101&oid=003&aid=0004672587
28,"엄친아車 `뉴 아우디 RS5`, 못하는 게 뭘까?",http://news.mk.co.kr/news_forward.php?domain=news&no=529568&year=2012
29,"2014 아우디 RS5 DTM, 제네바서 위용 공개",http://www.gpkorea.com/bbs/board.php?bo_table=today_photo&wr_id=1507
30,"아우디 RS5, 독일 DTM 러시아전 우승",http://www.gpkorea.com/bbs/board.php?bo_table=today_photo&wr_id=1761
31,"아우디 RS5, 2017 DTM 호켄하임 개막우승",http://www.gpkorea.com/bbs/board.php?bo_table=today_photo&wr_id=1946
32,아우디 `RS5 쿠페 스포츠 에디션` 75대 한정판매,http://www.gpkorea.com/bbs/board.php?bo_table=today_photo&wr_id=1661
33,슈퍼카 심장 이식한 아우디 ‘RS5’ 공개,http://nownews.seoul.co.kr/news/newsView.php?id=20100224601018
34,[사진]'뉴 아우디 RS5'의 싱글프레임 그릴!,http://www.mt.co.kr/view/mtview.php?type=1&no=2012082212225431057&outlink=1
35,'1500대 한정판매'…아우디 신차 'RS5' 명품대열 합류하나,https://cnbc.sbs.co.kr/article_hub/10000473711?division=NAVER
36,"브리지스톤, '포텐자 S001' 아우디 'RS5' 장착",http://www.moneytoday.co.kr/view/mtview.php?type=1&no=2010051009452479792&outlink=1
37,초고성능 스포츠 '쿠페 뉴 아우디 RS5',http://www.nocutnews.co.kr/Show.asp?IDX=2239638
38,스포츠 쿠페 ‘뉴 아우디 RS5’ 몸매 공개,http://news.donga.com/3/all/20120822/48812863/1
39,테슬라·아우디·벤츠도 선택한 한국타이어…현대차·기아차는 '냉대',http://isplus.live.joins.com/news/article/article.asp?total_id=23976165
40,"한국타이어, 아우디 초고성능 SUV ‘RS Q8’에 신차용 타이어 공급",https://www.sedaily.com/NewsView/22HBUKX3WE
41,[2013 디트로이트 모터쇼 현장] 아우디의 RS5 Cabriolet 등장,http://photonewslive.aving.net/?p=38685
42,"[모터쇼]멋진 여행의 동반자, 아우디 RS5 쿠페",http://autotimes.hankyung.com/apps/news.sub_view?popup=0&nid=07&c1=07&c2=07&c3=00&nkey=201703071546581
43,아우디 RS5 카브리오 스파이샷 포착,http://news.mk.co.kr/news_forward.php?no=660341&year=2011
44,"한국타이어, 아우디 RS Q8에 신차용 타이어 공급",http://autotimes.hankyung.com/apps/news.sub_view?popup=0&nid=03&c1=03&c2=03&c3=00&nkey=202101201013381
45,아우디·포르쉐 '후차축' 또 결함 … 1년만에 '재리콜' 당했다,http://www.safetimes.co.kr/news/articleView.html?idxno=107221
46,"압트, 530마력을 내는 RS5-R 공개",http://www.hankookilbo.com/v/242703BD57CE48A3162FFF11DD689BFC
47,아우디 A4 등 3549대 리콜…에어백 관련 소프트웨어 결함,http://www.consumuch.com/news/articleView.html?idxno=54272
48,산길에서도 놀 수 있는 자동차 - 재규어 F-타입 vs 7세대 골프 vs 아우디 RS5 vs 마세라티 기블리,http://www.gqkorea.co.kr/content/view_02.asp?menu_id=04040100&c_idx=012305010000019&_C_=18
49,"아우디와 한국타이어 찰떡 궁합, 세단. SUV. 스포츠카. 고성능 모델까지 싹쓸이",http://www.autodaily.co.kr/news/articleView.html?idxno=411503
50,아우디 고성능 SUV 'SQ8 TDI' 한국타이어 신고 달린다,http://www.edaily.co.kr/news/newspath.asp?newsid=01295606622724096
51,"한국타이어, 독일 고성능 SUV '뉴 아우디 SQ8 TDI'에 신차용 타이어 공급",http://www.updownnews.co.kr/news/articleView.html?idxno=212235
52,[뉴스워커_한국타이어] 독일 플래그십 SUV '더 뉴 아우디 Q8'에 신차용 타이어 공급,http://www.newsworker.co.kr/news/articleView.html?idxno=42123
53,"한국타이어앤테크놀로지, ‘더 뉴 아우디 Q8’ 신차용 타이어 공급",http://www.dailian.co.kr/news/view/826894/?sc=naver
54,"[시승기] 아우디, 다섯 가지 차들의 다섯 가지 색깔",http://www.pinpointnews.co.kr/view.php?ud=2021111412351729799cdfed7945_45
55,벤츠·BMW·아우디에 공급하는 한국타이어..프리미엄 시장에 도전장,http://www.dailycar.co.kr/content/news.html?type=view&autoId=31323
56,고성능車엔 한국타이어가 `전속`…벤츠·BMW·아우디 `OET` 사로잡아,http://news.mk.co.kr/newsRead.php?year=2018&no=724220
57,"한국타이어, 아우디'뉴 RS4 아반트'에 신차용 타이어 공급",http://www.chungnamilbo.com/news/articleView.html?idxno=434502
58,한국타이어 고성능 슈퍼 왜건 아우디 '뉴 RS4 아반트'에 신차용 타이어 공급,http://www.wsobi.com/news/articleView.html?idxno=56578
59,"아우디, 보수적인 수치로 소비자 신뢰도 높인다",http://autoin.edaily.co.kr/news/newspath.asp?newsid=01410406615999112
60,"[시승기]아우디 RS e-tron GT, 전기차 속 고성능 내연기관 유전자",https://www.thepublic.kr/news/newsview.php?ncode=1065584966751757
61,[시승기] '아우디 익스피리언스 미디어 로드쇼' 가보니,http://www.iminju.net/news/articleView.html?idxno=76023
62,수입 고성능차 대세에 아우디도 합류,http://autotimes.hankyung.com/apps/news.sub_view?popup=0&nid=02&c1=02&c2=02&c3=00&nkey=202111091614491
63,"'글로벌 장악' 한국타이어, 46개 브랜드와 포트폴리오 구축",http://www.newsprime.co.kr/news/article.html?no=565880
64,"한국타이어, 아우디 고성능 'RS' 공급…기술력 입증",https://www.paxnetnews.com/articles/79774
65,"[시승]마지막 내연기관에 대한 찬양, 아우디 R8 V10 퍼포먼스",http://autotimes.hankyung.com/apps/news.sub_view?popup=0&nid=02&c1=02&c2=02&c3=00&nkey=202110261532111
66,"[제네바 모터쇼] 아우디, 'Q8 스포트 컨셉'-더 뉴 아우디 RS 5 쿠페' 등 6종의 신차 공개",http://www.osen.co.kr/article/G1110598582
67,특별한 녀석들- 브랜드별 고성능 디비젼 아우디 RS편,http://www.edaily.co.kr/news/newspath.asp?newsid=01945046606254888
68,녹슨 혼다·중고 아우디 새차로 '둔갑'…외제차 '배짱장사',http://news1.kr/articles/1391430
69,손흥민은 ‘베라크루즈’·기성용은 ‘아우디 A8’…브라질 월드컵 태극 전사들이 후원받은 차량보니,http://sports.khan.co.kr/news/sk_index.html?cat=view&art_id=201406261124503&sec_id=563002&pt=nv
70,[단독] ‘아우디AS 악명 높다더니…’ 1억 넘는 스포츠카 샀다가 말 바꾸기에 ‘분통’,http://news.kukinews.com/article/view.asp?page=1&gCode=soc&arcid=0007715405&cp=nv
71,악명 높은 A/S 아우디코리아 “소송하든지 말든지…”,http://car.donga.com/3/all/20131101/58612577/2
72,'쉬는 줄 알았지?' 그 동안 열일하던 아우디의 신차는?,http://autoin.edaily.co.kr/news/newspath.asp?newsid=01357926615999768
73,"[뉴시스아이즈]특집 '자연을 품다, 인간을 담다…2013 서울모터쇼'-아우디, 슈퍼카 'R8 V10' 국내 최초 공개",https://news.naver.com/main/read.naver?mode=LSD&mid=sec&sid1=004&oid=003&aid=0005062444
74,"[2013 서울모터쇼]아우디, 슈퍼카 'R8 V10' 등 22개 모델 대공세",https://news.naver.com/main/read.naver?mode=LSD&mid=sec&sid1=101&oid=003&aid=0005054434
75,[제네바모터쇼] 아우디 전기차 A1 e트론 첫 공개,http://www.ajnews.co.kr/uhtml/read.jsp?idxno=201003031106124600692
76,"손흥민 차vs기성용 차vs정성룡 차, 아우디부터 마세라티까지 '가격 어마어마'",http://tvdaily.co.kr/read.php3?aid=1406683348739305016
77,아우디 콰트로 타고 오프로드 달려볼까? '드라이빙 익스피리언스',http://www.osen.co.kr/article/G1109658066
78,"아우디, 4월 중 '신형 V8 TDI 디젤 엔진' 발표 계획, 신형 A8에 투입 예정",http://www.kbench.com/?q=node/160333
79,2012년 1만5천대 판매 목표 세운 아우디 코리아의 비밀 병기는?,http://sports.chosun.com/news/ntype.htm?id=201112140100092520007780&servicedate=20111213
80,"브리지스톤 타이어, '포텐자' 아우디 A1에 장착",http://kr.aving.net/news/view.php?articleId=193599&Branch_ID=kr&rssid=naver&mn_name=news
81,"아우디 서초전시장, 카페형 고객전용 라운지 운영",http://www.moneyweek.co.kr/news/mwView.php?type=1&no=2014092523158049956&outlink=1
82,`아우디-벤츠-BMW` DTM 불꽃대결 막올린다,http://www.gpkorea.com/bbs/board.php?bo_table=overseas&wr_id=2377
83,"아우디, 신차 없이도 폭풍 성장",http://news.mk.co.kr/news_forward.php?domain=news&no=578826&year=2014
84,“깨어있는 기업이라고?” 끝까지 간다더니 ‘먹튀’… 아우디 환불 요구男 태도돌변 논란,http://news.kukinews.com/article/view.asp?page=1&gCode=soc&arcid=0007819711&cp=nv
85,'서비스 불량' 아우디에 소비자 '뿔'났다…집단 소송도 불사,http://www.hankyung.com/news/app/newsview.php?aid=201310182173g
86,"아우디 체험 기회 늘릴 것, '소통 강화'",http://www.etnews.com/news/home_mobile/automobile/2836705_1485.html
87,"아우디, 서울모터쇼서 R8 V10 국내 최초 공개",http://news1.kr/articles/1059550
88,"아우디, 올해 벤츠·폭스바겐 잡고 2위 '도약'",http://www.newstomato.com/ReadNews.aspx?no=345641
89,스마트시계만 ‘톡톡’ 아우디가 ‘부릉부릉’,http://www.seoul.co.kr/news/newsView.php?id=20150303022015
90,"브리지스톤 고성능 타이어, 아우디 A1에 장착",http://www.asiae.co.kr/news/view.htm?idxno=2011041205592820058
91,"아우디, 'e-트론ㆍA8 하이브리드' 최초 공개",http://kr.aving.net/news/view.php?articleId=148824&Branch_ID=kr
92,"아우디, DTM 영국대회 폴투윈!",http://sports.chosun.com/news/ntype.htm?id=201305210100166070013660&servicedate=20130521
93,"한국타이어, 아우디 RS라인업에 신차용 타이어 공급…""글로벌 기술력 입증""",https://news.mtn.co.kr/newscenter/news_viewer.mtn?gidx=2021072815482514375
94,"[2021 서울모빌리티쇼(2)] 내연기관車 ‘뒷방 노인’ 취급은 이르다… ""아직 충분히 매력적""",https://www.news2day.co.kr/article/20211130500191
95,"한국타이어, 아우디 RS라인업에 타이어 공급…""초고성능 타이어 기술력 입증""",https://biz.sbs.co.kr/article_hub/20000021484?division=NAVER
96,"한국타이어, 프리미엄 브랜드 신차 공급 확대…비결은?",http://www.rpm9.com/news/article.html?id=20190412090009
97,"한국타이어, 아우디 ‘e-트론 GT’에 신차용 타이어 공급",http://www.rpm9.com/news/article.html?id=20210616090027
98,"한국타이어, 고성능 모델 OE 공급 확대… 글로벌 톱타이어 기술력 ∙ 품질 경쟁력 입증",http://www.businesskorea.co.kr/news/articleView.html?idxno=30062
99,"""전기차 시장 공략"" 한국타이어, 아우디 'e-트론 GT' 신차용 타이어 공급",http://www.autodaily.co.kr/news/articleView.html?idxno=428062
100,"[사진]아우디 코리아, '뉴 RS5' 출시!",http://www.mt.co.kr/view/mtview.php?type=1&no=2012082212173500483&outlink=1
101,'1500대 한정판매'…아우디 신차 'RS5' 명품대열 합류하나,https://cnbc.sbs.co.kr/article_hub/10000473711?division=NAVER
102,"브리지스톤, '포텐자 S001' 아우디 'RS5' 장착",http://www.moneytoday.co.kr/view/mtview.php?type=1&no=2010051009452479792&outlink=1
103,초고성능 스포츠 '쿠페 뉴 아우디 RS5',http://www.nocutnews.co.kr/Show.asp?IDX=2239638
104,스포츠 쿠페 ‘뉴 아우디 RS5’ 몸매 공개,http://news.donga.com/3/all/20120822/48812863/1
105,테슬라·아우디·벤츠도 선택한 한국타이어…현대차·기아차는 '냉대',http://isplus.live.joins.com/news/article/article.asp?total_id=23976165
106,"한국타이어, 아우디 초고성능 SUV ‘RS Q8’에 신차용 타이어 공급",https://www.sedaily.com/NewsView/22HBUKX3WE
107,[2013 디트로이트 모터쇼 현장] 아우디의 RS5 Cabriolet 등장,http://photonewslive.aving.net/?p=38685
108,"[모터쇼]멋진 여행의 동반자, 아우디 RS5 쿠페",http://autotimes.hankyung.com/apps/news.sub_view?popup=0&nid=07&c1=07&c2=07&c3=00&nkey=201703071546581
109,아우디 RS5 카브리오 스파이샷 포착,http://news.mk.co.kr/news_forward.php?no=660341&year=2011
110,초고성능 스포츠 '쿠페 뉴 아우디 RS5',http://www.nocutnews.co.kr/Show.asp?IDX=2239638
111,스포츠 쿠페 ‘뉴 아우디 RS5’ 몸매 공개,http://news.donga.com/3/all/20120822/48812863/1
112,테슬라·아우디·벤츠도 선택한 한국타이어…현대차·기아차는 '냉대',http://isplus.live.joins.com/news/article/article.asp?total_id=23976165
113,"한국타이어, 아우디 초고성능 SUV ‘RS Q8’에 신차용 타이어 공급",https://www.sedaily.com/NewsView/22HBUKX3WE
114,[2013 디트로이트 모터쇼 현장] 아우디의 RS5 Cabriolet 등장,http://photonewslive.aving.net/?p=38685
115,"[모터쇼]멋진 여행의 동반자, 아우디 RS5 쿠페",http://autotimes.hankyung.com/apps/news.sub_view?popup=0&nid=07&c1=07&c2=07&c3=00&nkey=201703071546581
116,아우디 RS5 카브리오 스파이샷 포착,http://news.mk.co.kr/news_forward.php?no=660341&year=2011
117,"한국타이어, 아우디 RS Q8에 신차용 타이어 공급",http://autotimes.hankyung.com/apps/news.sub_view?popup=0&nid=03&c1=03&c2=03&c3=00&nkey=202101201013381
118,아우디·포르쉐 '후차축' 또 결함 … 1년만에 '재리콜' 당했다,http://www.safetimes.co.kr/news/articleView.html?idxno=107221
119,"압트, 530마력을 내는 RS5-R 공개",http://www.hankookilbo.com/v/242703BD57CE48A3162FFF11DD689BFC
120,아우디·포르쉐 '후차축' 또 결함 … 1년만에 '재리콜' 당했다,http://www.safetimes.co.kr/news/articleView.html?idxno=107221
121,"압트, 530마력을 내는 RS5-R 공개",http://www.hankookilbo.com/v/242703BD57CE48A3162FFF11DD689BFC
122,아우디 A4 등 3549대 리콜…에어백 관련 소프트웨어 결함,http://www.consumuch.com/news/articleView.html?idxno=54272
123,"아우디, 최고급 스포츠카 ‘뉴아우디 RS5출시",http://www.fnnews.com/view?ra=Sent0601m_01A&corp=fnnews&arcid=201208220100177400010508&cDateYear=2012&cDateMonth=08&cDateDay=22&
124,"아우디, 초고성능 중형 세단 'RS5 스포트백' 출시…1억2102만원",http://www.inews24.com/view/1384754
125,"아우디, 제로백 3.9초 'RS5 스포트백' 출시...1억2102만원",http://www.newspim.com/news/view/20210713000890
126,산길에서도 놀 수 있는 자동차 - 재규어 F-타입 vs 7세대 골프 vs 아우디 RS5 vs 마세라티 기블리,http://www.gqkorea.co.kr/content/view_02.asp?menu_id=04040100&c_idx=012305010000019&_C_=18
127,"아우디와 한국타이어 찰떡 궁합, 세단. SUV. 스포츠카. 고성능 모델까지 싹쓸이",http://www.autodaily.co.kr/news/articleView.html?idxno=411503
128,아우디 고성능 SUV 'SQ8 TDI' 한국타이어 신고 달린다,http://www.edaily.co.kr/news/newspath.asp?newsid=01295606622724096
129,"한국타이어, 독일 고성능 SUV '뉴 아우디 SQ8 TDI'에 신차용 타이어 공급",http://www.updownnews.co.kr/news/articleView.html?idxno=212235
130,"한국타이어, 고성능 SUV ‘뉴 아우디 SQ8 TDI’에 신차용 타이어 공급",http://www.thebigdata.co.kr/view.php?ud=201912110918306837d0a8833aad_23
131,[뉴스워커_한국타이어] 독일 플래그십 SUV '더 뉴 아우디 Q8'에 신차용 타이어 공급,http://www.newsworker.co.kr/news/articleView.html?idxno=42123
132,"한국타이어앤테크놀로지, ‘더 뉴 아우디 Q8’ 신차용 타이어 공급",http://www.dailian.co.kr/news/view/826894/?sc=naver
133,"한국타이어, 독일 플래그십 SUV' 더 뉴 아우디 Q8'에 신차용 타이어 공급",http://www.ccnnews.co.kr/news/articleView.html?idxno=157559
134,"[시승기] 아우디, 다섯 가지 차들의 다섯 가지 색깔",http://www.pinpointnews.co.kr/view.php?ud=2021111412351729799cdfed7945_45
135,벤츠·BMW·아우디에 공급하는 한국타이어..프리미엄 시장에 도전장,http://www.dailycar.co.kr/content/news.html?type=view&autoId=31323
136,고성능車엔 한국타이어가 `전속`…벤츠·BMW·아우디 `OET` 사로잡아,http://news.mk.co.kr/newsRead.php?year=2018&no=724220
137,"한국타이어, 아우디 고성능 모델에 신차용 타이어 공급",http://www.asiae.co.kr/news/view.htm?idxno=2017090709544478263
138,"한국타이어, 아우디'뉴 RS4 아반트'에 신차용 타이어 공급",http://www.chungnamilbo.com/news/articleView.html?idxno=434502
139,한국타이어 고성능 슈퍼 왜건 아우디 '뉴 RS4 아반트'에 신차용 타이어 공급,http://www.wsobi.com/news/articleView.html?idxno=56578
140,"한국타이어 벤투스S1에보3,‘아우디SQ8 TDI’ 사로잡다",http://www.newsway.co.kr/news/view?tp=1&ud=2019121113591770024
141,[뉴스워커_한국타이어] 독일 플래그십 SUV '더 뉴 아우디 Q8'에 신차용 타이어 공급,http://www.newsworker.co.kr/news/articleView.html?idxno=42123
142,"한국타이어앤테크놀로지, ‘더 뉴 아우디 Q8’ 신차용 타이어 공급",http://www.dailian.co.kr/news/view/826894/?sc=naver
143,"한국타이어, 독일 플래그십 SUV' 더 뉴 아우디 Q8'에 신차용 타이어 공급",http://www.ccnnews.co.kr/news/articleView.html?idxno=157559
144,"[시승기] 아우디, 다섯 가지 차들의 다섯 가지 색깔",http://www.pinpointnews.co.kr/view.php?ud=2021111412351729799cdfed7945_45
145,벤츠·BMW·아우디에 공급하는 한국타이어..프리미엄 시장에 도전장,http://www.dailycar.co.kr/content/news.html?type=view&autoId=31323
146,고성능車엔 한국타이어가 `전속`…벤츠·BMW·아우디 `OET` 사로잡아,http://news.mk.co.kr/newsRead.php?year=2018&no=724220
147,"한국타이어, 아우디 고성능 모델에 신차용 타이어 공급",http://www.asiae.co.kr/news/view.htm?idxno=2017090709544478263
148,"한국타이어, 아우디'뉴 RS4 아반트'에 신차용 타이어 공급",http://www.chungnamilbo.com/news/articleView.html?idxno=434502
149,한국타이어 고성능 슈퍼 왜건 아우디 '뉴 RS4 아반트'에 신차용 타이어 공급,http://www.wsobi.com/news/articleView.html?idxno=56578
150,"한국타이어, SUV '뉴 아우디 SQ8 TDI'에 타이어 공급",http://www.newsis.com/view/?id=NISX20191211_0000856805&cID=13001&pID=13000
151,[뉴스워커_한국타이어] 독일 플래그십 SUV '더 뉴 아우디 Q8'에 신차용 타이어 공급,http://www.newsworker.co.kr/news/articleView.html?idxno=42123
152,"한국타이어앤테크놀로지, ‘더 뉴 아우디 Q8’ 신차용 타이어 공급",http://www.dailian.co.kr/news/view/826894/?sc=naver
153,"한국타이어, 독일 플래그십 SUV' 더 뉴 아우디 Q8'에 신차용 타이어 공급",http://www.ccnnews.co.kr/news/articleView.html?idxno=157559
154,"[시승기] 아우디, 다섯 가지 차들의 다섯 가지 색깔",http://www.pinpointnews.co.kr/view.php?ud=2021111412351729799cdfed7945_45
155,벤츠·BMW·아우디에 공급하는 한국타이어..프리미엄 시장에 도전장,http://www.dailycar.co.kr/content/news.html?type=view&autoId=31323
156,고성능車엔 한국타이어가 `전속`…벤츠·BMW·아우디 `OET` 사로잡아,http://news.mk.co.kr/newsRead.php?year=2018&no=724220
157,"한국타이어, 아우디 고성능 모델에 신차용 타이어 공급",http://www.asiae.co.kr/news/view.htm?idxno=2017090709544478263
158,"한국타이어, 아우디'뉴 RS4 아반트'에 신차용 타이어 공급",http://www.chungnamilbo.com/news/articleView.html?idxno=434502
159,한국타이어 고성능 슈퍼 왜건 아우디 '뉴 RS4 아반트'에 신차용 타이어 공급,http://www.wsobi.com/news/articleView.html?idxno=56578
160,[뉴스워커_한국타이어] 독일 플래그십 SUV '더 뉴 아우디 Q8'에 신차용 타이어 공급,http://www.newsworker.co.kr/news/articleView.html?idxno=42123
161,"한국타이어앤테크놀로지, ‘더 뉴 아우디 Q8’ 신차용 타이어 공급",http://www.dailian.co.kr/news/view/826894/?sc=naver
162,"한국타이어, 독일 플래그십 SUV' 더 뉴 아우디 Q8'에 신차용 타이어 공급",http://www.ccnnews.co.kr/news/articleView.html?idxno=157559
163,"[시승기] 아우디, 다섯 가지 차들의 다섯 가지 색깔",http://www.pinpointnews.co.kr/view.php?ud=2021111412351729799cdfed7945_45
164,벤츠·BMW·아우디에 공급하는 한국타이어..프리미엄 시장에 도전장,http://www.dailycar.co.kr/content/news.html?type=view&autoId=31323
165,고성능車엔 한국타이어가 `전속`…벤츠·BMW·아우디 `OET` 사로잡아,http://news.mk.co.kr/newsRead.php?year=2018&no=724220
166,"한국타이어, 아우디 고성능 모델에 신차용 타이어 공급",http://www.asiae.co.kr/news/view.htm?idxno=2017090709544478263
167,"한국타이어, 아우디'뉴 RS4 아반트'에 신차용 타이어 공급",http://www.chungnamilbo.com/news/articleView.html?idxno=434502
168,한국타이어 고성능 슈퍼 왜건 아우디 '뉴 RS4 아반트'에 신차용 타이어 공급,http://www.wsobi.com/news/articleView.html?idxno=56578
169,"아우디, 보수적인 수치로 소비자 신뢰도 높인다",http://autoin.edaily.co.kr/news/newspath.asp?newsid=01410406615999112
170,한국타이어 ‘더 뉴 아우디 Q8’에 신차용 타이어 공급,http://news1.kr/articles/?3722065
171,"한국타이어, 독일 플래그십 SUV '더 뉴 아우디 Q8'에 신차용 타이어 공급",http://www.chungnamilbo.com/news/articleView.html?idxno=513179
172,"[시승기] 아우디, 다섯 가지 차들의 다섯 가지 색깔",http://www.pinpointnews.co.kr/view.php?ud=2021111412351729799cdfed7945_45
173,벤츠·BMW·아우디에 공급하는 한국타이어..프리미엄 시장에 도전장,http://www.dailycar.co.kr/content/news.html?type=view&autoId=31323
174,고성능車엔 한국타이어가 `전속`…벤츠·BMW·아우디 `OET` 사로잡아,http://news.mk.co.kr/newsRead.php?year=2018&no=724220
175,"한국타이어, 아우디 고성능 모델에 신차용 타이어 공급",http://www.asiae.co.kr/news/view.htm?idxno=2017090709544478263
176,"한국타이어, 아우디'뉴 RS4 아반트'에 신차용 타이어 공급",http://www.chungnamilbo.com/news/articleView.html?idxno=434502
177,한국타이어 고성능 슈퍼 왜건 아우디 '뉴 RS4 아반트'에 신차용 타이어 공급,http://www.wsobi.com/news/articleView.html?idxno=56578
178,"아우디, 보수적인 수치로 소비자 신뢰도 높인다",http://autoin.edaily.co.kr/news/newspath.asp?newsid=01410406615999112
179,"[시승기]아우디 RS e-tron GT, 전기차 속 고성능 내연기관 유전자",https://www.thepublic.kr/news/newsview.php?ncode=1065584966751757
180,"한국타이어, 독일 플래그십 SUV ‘더 뉴 아우디 Q8’에 신차용 타이어 공급",http://www.thedrive.co.kr/news/newsview.php?ncode=1065574633872245
181,"한국타이어, ‘더 뉴 아우디 Q8’에 신차용 타이어 공급",http://daily.hankooki.com/lpage/industry/201909/dh20190918101814147980.htm
182,"[시승기] 아우디, 다섯 가지 차들의 다섯 가지 색깔",http://www.pinpointnews.co.kr/view.php?ud=2021111412351729799cdfed7945_45
183,벤츠·BMW·아우디에 공급하는 한국타이어..프리미엄 시장에 도전장,http://www.dailycar.co.kr/content/news.html?type=view&autoId=31323
184,고성능車엔 한국타이어가 `전속`…벤츠·BMW·아우디 `OET` 사로잡아,http://news.mk.co.kr/newsRead.php?year=2018&no=724220
185,"한국타이어, 아우디 고성능 모델에 신차용 타이어 공급",http://www.asiae.co.kr/news/view.htm?idxno=2017090709544478263
186,"한국타이어, 아우디'뉴 RS4 아반트'에 신차용 타이어 공급",http://www.chungnamilbo.com/news/articleView.html?idxno=434502
187,한국타이어 고성능 슈퍼 왜건 아우디 '뉴 RS4 아반트'에 신차용 타이어 공급,http://www.wsobi.com/news/articleView.html?idxno=56578
188,"아우디, 보수적인 수치로 소비자 신뢰도 높인다",http://autoin.edaily.co.kr/news/newspath.asp?newsid=01410406615999112
189,"[시승기]아우디 RS e-tron GT, 전기차 속 고성능 내연기관 유전자",https://www.thepublic.kr/news/newsview.php?ncode=1065584966751757
190,"한국타이어, 아우디 고성능 모델에 신차용 타이어 공급",http://www.asiae.co.kr/news/view.htm?idxno=2017090709544478263
191,"한국타이어, 아우디'뉴 RS4 아반트'에 신차용 타이어 공급",http://www.chungnamilbo.com/news/articleView.html?idxno=434502
192,한국타이어 고성능 슈퍼 왜건 아우디 '뉴 RS4 아반트'에 신차용 타이어 공급,http://www.wsobi.com/news/articleView.html?idxno=56578
193,"아우디, 보수적인 수치로 소비자 신뢰도 높인다",http://autoin.edaily.co.kr/news/newspath.asp?newsid=01410406615999112
194,"[시승기]아우디 RS e-tron GT, 전기차 속 고성능 내연기관 유전자",https://www.thepublic.kr/news/newsview.php?ncode=1065584966751757
195,[시승기] '아우디 익스피리언스 미디어 로드쇼' 가보니,http://www.iminju.net/news/articleView.html?idxno=76023
196,수입 고성능차 대세에 아우디도 합류,http://autotimes.hankyung.com/apps/news.sub_view?popup=0&nid=02&c1=02&c2=02&c3=00&nkey=202111091614491
197,"'글로벌 장악' 한국타이어, 46개 브랜드와 포트폴리오 구축",http://www.newsprime.co.kr/news/article.html?no=565880
198,"한국타이어, 아우디에 초고성능 타이어 공급",http://www.inews24.com/php/news_view.php?g_serial=1047161&g_menu=022200&rrf=nv
199,"한국타이어, 아우디 고성능 'RS' 공급…기술력 입증",https://www.paxnetnews.com/articles/79774
200,[시승기] '아우디 익스피리언스 미디어 로드쇼' 가보니,http://www.iminju.net/news/articleView.html?idxno=76023
201,"한국타이어, 아우디 ‘뉴 RS4 아반트’에 신차용 타이어 공급",http://www.getnews.co.kr/view.php?ud=2018020910264599714b51928797_16
202,수입 고성능차 대세에 아우디도 합류,http://autotimes.hankyung.com/apps/news.sub_view?popup=0&nid=02&c1=02&c2=02&c3=00&nkey=202111091614491
203,"'글로벌 장악' 한국타이어, 46개 브랜드와 포트폴리오 구축",http://www.newsprime.co.kr/news/article.html?no=565880
204,"한국타이어, 아우디에 초고성능 타이어 공급",http://www.inews24.com/php/news_view.php?g_serial=1047161&g_menu=022200&rrf=nv
205,"한국타이어, 아우디 고성능 'RS' 공급…기술력 입증",https://www.paxnetnews.com/articles/79774
206,"[시승]마지막 내연기관에 대한 찬양, 아우디 R8 V10 퍼포먼스",http://autotimes.hankyung.com/apps/news.sub_view?popup=0&nid=02&c1=02&c2=02&c3=00&nkey=202110261532111
207,"[제네바 모터쇼] 아우디, 'Q8 스포트 컨셉'-더 뉴 아우디 RS 5 쿠페' 등 6종의 신차 공개",http://www.osen.co.kr/article/G1110598582
208,"아우디, '2017 제네바 모터쇼'에서 6종의 신차 공개",http://car.tvreport.co.kr/?c=news&m=newsview&idx=656432
209,특별한 녀석들- 브랜드별 고성능 디비젼 아우디 RS편,http://www.edaily.co.kr/news/newspath.asp?newsid=01945046606254888
210,"[시승]마지막 내연기관에 대한 찬양, 아우디 R8 V10 퍼포먼스",http://autotimes.hankyung.com/apps/news.sub_view?popup=0&nid=02&c1=02&c2=02&c3=00&nkey=202110261532111
211,"[제네바 모터쇼] 아우디, 'Q8 스포트 컨셉'-더 뉴 아우디 RS 5 쿠페' 등 6종의 신차 공개",http://www.osen.co.kr/article/G1110598582
212,"아우디, '2017 제네바 모터쇼'에서 6종의 신차 공개",http://car.tvreport.co.kr/?c=news&m=newsview&idx=656432
213,특별한 녀석들- 브랜드별 고성능 디비젼 아우디 RS편,http://www.edaily.co.kr/news/newspath.asp?newsid=01945046606254888
214,"아우디 뉴 RS4 아반트에 한타, 신차용 타이어 공급",http://www.ggilbo.com/news/articleView.html?idxno=443674
215,"한국타이어, 아우디 '뉴 RS4 아반트'에 신차용 타이어 공급",http://www.m-i.kr/news/articleView.html?idxno=386104
216,녹슨 혼다·중고 아우디 새차로 '둔갑'…외제차 '배짱장사',http://news1.kr/articles/1391430
217,"한국타이어, 아우디 'RS Q8' 신차용 타이어 공급…퍼포먼스·밸런스 향상",http://www.metroseoul.co.kr/article/20210120500246
218,손흥민은 ‘베라크루즈’·기성용은 ‘아우디 A8’…브라질 월드컵 태극 전사들이 후원받은 차량보니,http://sports.khan.co.kr/news/sk_index.html?cat=view&art_id=201406261124503&sec_id=563002&pt=nv
219,[단독] ‘아우디AS 악명 높다더니…’ 1억 넘는 스포츠카 샀다가 말 바꾸기에 ‘분통’,http://news.kukinews.com/article/view.asp?page=1&gCode=soc&arcid=0007715405&cp=nv
220,"한국타이어, 아우디 RS4 아반트에 신차용 타이어 공급",http://autotimes.hankyung.com/apps/news.sub_view?popup=0&nid=03&c1=03&c2=03&c3=00&nkey=201802091019581
221,녹슨 혼다·중고 아우디 새차로 '둔갑'…외제차 '배짱장사',http://news1.kr/articles/1391430
222,"한국타이어, 아우디 'RS Q8' 신차용 타이어 공급…퍼포먼스·밸런스 향상",http://www.metroseoul.co.kr/article/20210120500246
223,손흥민은 ‘베라크루즈’·기성용은 ‘아우디 A8’…브라질 월드컵 태극 전사들이 후원받은 차량보니,http://sports.khan.co.kr/news/sk_index.html?cat=view&art_id=201406261124503&sec_id=563002&pt=nv
224,[단독] ‘아우디AS 악명 높다더니…’ 1억 넘는 스포츠카 샀다가 말 바꾸기에 ‘분통’,http://news.kukinews.com/article/view.asp?page=1&gCode=soc&arcid=0007715405&cp=nv
225,악명 높은 A/S 아우디코리아 “소송하든지 말든지…”,http://car.donga.com/3/all/20131101/58612577/2
226,'쉬는 줄 알았지?' 그 동안 열일하던 아우디의 신차는?,http://autoin.edaily.co.kr/news/newspath.asp?newsid=01357926615999768
227,"[뉴시스아이즈]특집 '자연을 품다, 인간을 담다…2013 서울모터쇼'-아우디, 슈퍼카 'R8 V10' 국내 최초 공개",https://news.naver.com/main/read.naver?mode=LSD&mid=sec&sid1=004&oid=003&aid=0005062444
228,[제네바모터쇼] 아우디 전기차 A1 e트론 첫 공개,http://www.ajnews.co.kr/uhtml/read.jsp?idxno=201003031106124600692
229,"[2013 서울모터쇼]아우디, 슈퍼카 'R8 V10' 등 22개 모델 대공세",https://news.naver.com/main/read.naver?mode=LSD&mid=sec&sid1=101&oid=003&aid=0005054434
230,"한국타이어, 아우디 'RS Q8' 신차용 타이어 공급…퍼포먼스·밸런스 향상",http://www.metroseoul.co.kr/article/20210120500246
231,"한국타이어, 아우디 ‘뉴 RS4 아반트’에 신차용 타이어 공급",http://daily.hankooki.com/lpage/economy/201802/dh20180209144257138080.htm
232,손흥민은 ‘베라크루즈’·기성용은 ‘아우디 A8’…브라질 월드컵 태극 전사들이 후원받은 차량보니,http://sports.khan.co.kr/news/sk_index.html?cat=view&art_id=201406261124503&sec_id=563002&pt=nv
233,[단독] ‘아우디AS 악명 높다더니…’ 1억 넘는 스포츠카 샀다가 말 바꾸기에 ‘분통’,http://news.kukinews.com/article/view.asp?page=1&gCode=soc&arcid=0007715405&cp=nv
234,악명 높은 A/S 아우디코리아 “소송하든지 말든지…”,http://car.donga.com/3/all/20131101/58612577/2
235,'쉬는 줄 알았지?' 그 동안 열일하던 아우디의 신차는?,http://autoin.edaily.co.kr/news/newspath.asp?newsid=01357926615999768
236,"[뉴시스아이즈]특집 '자연을 품다, 인간을 담다…2013 서울모터쇼'-아우디, 슈퍼카 'R8 V10' 국내 최초 공개",https://news.naver.com/main/read.naver?mode=LSD&mid=sec&sid1=004&oid=003&aid=0005062444
237,[제네바모터쇼] 아우디 전기차 A1 e트론 첫 공개,http://www.ajnews.co.kr/uhtml/read.jsp?idxno=201003031106124600692
238,"[2013 서울모터쇼]아우디, 슈퍼카 'R8 V10' 등 22개 모델 대공세",https://news.naver.com/main/read.naver?mode=LSD&mid=sec&sid1=101&oid=003&aid=0005054434
239,"아우디, '2017 제네바 모터쇼'서 브랜드 미래와 비전 보여줄 6개 차종 공개",http://kr.aving.net/news/view.php?articleId=1376233&Branch_ID=kr&rssid=naver&mn_name=news
240,"아우디, '2017 제네바 모터쇼'서 브랜드 미래와 비전 보여줄 6개 차종 공개",http://kr.aving.net/news/view.php?articleId=1376233&Branch_ID=kr&rssid=naver&mn_name=news
241,"손흥민 차vs기성용 차vs정성룡 차, 아우디부터 마세라티까지 '가격 어마어마'",http://tvdaily.co.kr/read.php3?aid=1406683348739305016
242,"브리지스톤 초고성능 타이어, 아우디 RS 5 쿠페에 장착",http://news.mk.co.kr/news_forward.php?no=238241&year=2010
243,아우디 콰트로 타고 오프로드 달려볼까? '드라이빙 익스피리언스',http://www.osen.co.kr/article/G1109658066
244,"아우디, 4월 중 '신형 V8 TDI 디젤 엔진' 발표 계획, 신형 A8에 투입 예정",http://www.kbench.com/?q=node/160333
245,2012년 1만5천대 판매 목표 세운 아우디 코리아의 비밀 병기는?,http://sports.chosun.com/news/ntype.htm?id=201112140100092520007780&servicedate=20111213
246,"브리지스톤 타이어, '포텐자' 아우디 A1에 장착",http://kr.aving.net/news/view.php?articleId=193599&Branch_ID=kr&rssid=naver&mn_name=news
247,"아우디 서초전시장, 카페형 고객전용 라운지 운영",http://www.moneyweek.co.kr/news/mwView.php?type=1&no=2014092523158049956&outlink=1
248,`아우디-벤츠-BMW` DTM 불꽃대결 막올린다,http://www.gpkorea.com/bbs/board.php?bo_table=overseas&wr_id=2377
249,"아우디, 신차 없이도 폭풍 성장",http://news.mk.co.kr/news_forward.php?domain=news&no=578826&year=2014
250,아우디 ‘콰트로 드라이빙 익스피리언스’ 개최,http://www.sportsworldi.com/Articles/LeisureLife/Article.asp?aid=20130809021700&OutUrl=naver
251,"아우디, 4월 중 '신형 V8 TDI 디젤 엔진' 발표 계획, 신형 A8에 투입 예정",http://www.kbench.com/?q=node/160333
252,2012년 1만5천대 판매 목표 세운 아우디 코리아의 비밀 병기는?,http://sports.chosun.com/news/ntype.htm?id=201112140100092520007780&servicedate=20111213
253,"브리지스톤 타이어, '포텐자' 아우디 A1에 장착",http://kr.aving.net/news/view.php?articleId=193599&Branch_ID=kr&rssid=naver&mn_name=news
254,"브리지스톤, 아우디에 '포텐자 S001' 장착",http://www.autotimes.co.kr/article_view.php?id=77088
255,"아우디 서초전시장, 카페형 고객전용 라운지 운영",http://www.moneyweek.co.kr/news/mwView.php?type=1&no=2014092523158049956&outlink=1
256,`아우디-벤츠-BMW` DTM 불꽃대결 막올린다,http://www.gpkorea.com/bbs/board.php?bo_table=overseas&wr_id=2377
257,"아우디, 신차 없이도 폭풍 성장",http://news.mk.co.kr/news_forward.php?domain=news&no=578826&year=2014
258,“깨어있는 기업이라고?” 끝까지 간다더니 ‘먹튀’… 아우디 환불 요구男 태도돌변 논란,http://news.kukinews.com/article/view.asp?page=1&gCode=soc&arcid=0007819711&cp=nv
259,'서비스 불량' 아우디에 소비자 '뿔'났다…집단 소송도 불사,http://www.hankyung.com/news/app/newsview.php?aid=201310182173g
260,"브리지스톤, 아우디 A1에 표준타이어로 장착",http://www.segye.com/Articles/NEWS/ECONOMY/Article.asp?aid=20110411001488&subctg1=&subctg2=
261,"브리지스톤, 아우디에 '포텐자 S001' 장착",http://www.autotimes.co.kr/article_view.php?id=77088
262,"아우디 서초전시장, 카페형 고객전용 라운지 운영",http://www.moneyweek.co.kr/news/mwView.php?type=1&no=2014092523158049956&outlink=1
263,`아우디-벤츠-BMW` DTM 불꽃대결 막올린다,http://www.gpkorea.com/bbs/board.php?bo_table=overseas&wr_id=2377
264,"아우디, 신차 없이도 폭풍 성장",http://news.mk.co.kr/news_forward.php?domain=news&no=578826&year=2014
265,“깨어있는 기업이라고?” 끝까지 간다더니 ‘먹튀’… 아우디 환불 요구男 태도돌변 논란,http://news.kukinews.com/article/view.asp?page=1&gCode=soc&arcid=0007819711&cp=nv
266,'서비스 불량' 아우디에 소비자 '뿔'났다…집단 소송도 불사,http://www.hankyung.com/news/app/newsview.php?aid=201310182173g
267,"아우디 체험 기회 늘릴 것, '소통 강화'",http://www.etnews.com/news/home_mobile/automobile/2836705_1485.html
268,"아우디, 서울모터쇼서 R8 V10 국내 최초 공개",http://news1.kr/articles/1059550
269,"아우디, 올해 벤츠·폭스바겐 잡고 2위 '도약'",http://www.newstomato.com/ReadNews.aspx?no=345641
270,"아우디, 서울모터쇼서 R8 V10 국내 최초 공개",http://news1.kr/articles/1059550
271,"아우디, 올해 벤츠·폭스바겐 잡고 2위 '도약'",http://www.newstomato.com/ReadNews.aspx?no=345641
272,"아우디코리아, 고성능 스포츠 쿠페 '뉴 RS 5' 출시.. 1억950만원",http://www.edaily.co.kr/news/newspath.asp?newsid=01476006599629944
273,제로백 4.5초.. 뉴 아우디 RS 5 출시,http://www.asiae.co.kr/news/view.htm?idxno=2012082209035872254
274,스마트시계만 ‘톡톡’ 아우디가 ‘부릉부릉’,http://www.seoul.co.kr/news/newsView.php?id=20150303022015
275,"아우디, ""내년 고성능 신차 쏟아낼 것""",http://autotimes.hankyung.com/apps/news.sub_view?popup=0&nid=03&c1=03&c2=03&c3=00&nkey=201112130735581
276,"브리지스톤 고성능 타이어, 아우디 A1에 장착",http://www.asiae.co.kr/news/view.htm?idxno=2011041205592820058
277,"브리지스톤, 아우디 A1에 표준 타이어로 장착",http://www.ajnews.co.kr/common/redirect.jsp?newsId=20110411000121
278,"아우디, 'e-트론ㆍA8 하이브리드' 최초 공개",http://kr.aving.net/news/view.php?articleId=148824&Branch_ID=kr
279,"[제네바모터쇼]아우디, 전기차·하이브리드차 최초 공개",https://news.naver.com/main/read.naver?mode=LSD&mid=sec&sid1=101&oid=003&aid=0003116871
280,"브리지스톤, 아우디 A1에 포텐자 S001 OE 공급",http://www.newspim.com/common/redirect.jsp?newsId=20110411000173
281,"아우디, 'e-트론ㆍA8 하이브리드' 최초 공개",http://kr.aving.net/news/view.php?articleId=148824&Branch_ID=kr
282,"[제네바모터쇼]아우디, 전기차·하이브리드차 최초 공개",https://news.naver.com/main/read.naver?mode=LSD&mid=sec&sid1=101&oid=003&aid=0003116871
283,"아우디, DTM 영국대회 폴투윈!",http://sports.chosun.com/news/ntype.htm?id=201305210100166070013660&servicedate=20130521
284,"한국타이어, 아우디 RS라인업에 신차용 타이어 공급…""글로벌 기술력 입증""",https://news.mtn.co.kr/newscenter/news_viewer.mtn?gidx=2021072815482514375
285,[신차] 아우디 '더 뉴 아우디 RS 5 스포트백',http://www.seoulfn.com/news/articleView.html?idxno=425411
286,"아우디, 450마력 중형 세단 '더 뉴 RS 5 스포트백' 출시",http://news.mk.co.kr/newsRead.php?no=673616&year=2021
287,"[2021 서울모빌리티쇼(2)] 내연기관車 ‘뒷방 노인’ 취급은 이르다… ""아직 충분히 매력적""",https://www.news2day.co.kr/article/20211130500191
288,"한국타이어, 아우디 RS라인업에 타이어 공급…""초고성능 타이어 기술력 입증""",https://biz.sbs.co.kr/article_hub/20000021484?division=NAVER
289,"한국타이어, 프리미엄 브랜드 신차 공급 확대…비결은?",http://www.rpm9.com/news/article.html?id=20190412090009
290,"[2021 서울모빌리티쇼(2)] 내연기관車 ‘뒷방 노인’ 취급은 이르다… ""아직 충분히 매력적""",https://www.news2day.co.kr/article/20211130500191
291,"한국타이어, 아우디 RS라인업에 타이어 공급…""초고성능 타이어 기술력 입증""",https://biz.sbs.co.kr/article_hub/20000021484?division=NAVER
292,"한국타이어, 프리미엄 브랜드 신차 공급 확대…비결은?",http://www.rpm9.com/news/article.html?id=20190412090009
293,"한국타이어, 아우디 ‘e-트론 GT’에 신차용 타이어 공급",http://www.rpm9.com/news/article.html?id=20210616090027
294,"한국타이어, 고성능 모델 OE 공급 확대… 글로벌 톱타이어 기술력 ∙ 품질 경쟁력 입증",http://www.businesskorea.co.kr/news/articleView.html?idxno=30062
295,"""전기차 시장 공략"" 한국타이어, 아우디 'e-트론 GT' 신차용 타이어 공급",http://www.autodaily.co.kr/news/articleView.html?idxno=428062
296,"한국타이어, 아우디 ‘e-트론 GT’에 신차용 타이어 공급",https://biz.chosun.com/industry/car/2021/06/15/YZG5VIDRCBF5JHIGATFMOPMHGM/?utm_source=naver&utm_medium=original&utm_campaign=biz
297,"[성공기업, 성공DNA] '아우디·포르쉐가 믿고 쓴다'… 한국타이어, 글로벌 공략 '착착'",https://www.asiatoday.co.kr/view.php?key=20210602010001456
298,[카 라이프] 포르쉐·아우디 슈퍼카엔 한국타이어 있다,http://news.mk.co.kr/newsRead.php?no=554398&year=2021
299,"한국타이어, 아우디 자존심 ‘RS 라인업’ 매료시켰다",http://www.rpm9.com/news/article.html?id=20210527090001
300,아우디 전기스포츠카 'e-트론 GT' 한국타이어 끼고 달린다,http://www.edaily.co.kr/news/newspath.asp?newsid=01512086629082048
301,"한국타이어, 아우디 ‘e-트론 GT’에 신차용 타이어 공급",https://biz.chosun.com/industry/car/2021/06/15/YZG5VIDRCBF5JHIGATFMOPMHGM/?utm_source=naver&utm_medium=original&utm_campaign=biz
302,"[성공기업, 성공DNA] '아우디·포르쉐가 믿고 쓴다'… 한국타이어, 글로벌 공략 '착착'",https://www.asiatoday.co.kr/view.php?key=20210602010001456
303,[카 라이프] 포르쉐·아우디 슈퍼카엔 한국타이어 있다,http://news.mk.co.kr/newsRead.php?no=554398&year=2021
304,"한국타이어, 아우디 자존심 ‘RS 라인업’ 매료시켰다",http://www.rpm9.com/news/article.html?id=20210527090001
305,"`R&D 역량 강화` 한국타이어, 해외 프리미엄 OE 사업 확대",http://www.gpkorea.com/news/articleView.html?idxno=45570
306,"한국타이어, '아우디 스포츠 드라이빙 익스피리언스'에 고성능 드라이빙 체험 선사",http://www.cctvnews.co.kr/news/articleView.html?idxno=226294
307,"한국타이어, '아우디' 고성능 차량 체험에 초고성능 타이어 '공급'",http://www.economytalk.kr/news/articleView.html?idxno=213264
308,"한국타이어, 아우디 ‘익스피리언스’ 퍼포먼스 지원사격..고성능 타이어 공급",http://kpenews.com/View.aspx?No=1641077
309,"아우디, 고성능 라인업 'RS' 국내 투입… 벤츠·BMW와 정면승부",https://biz.chosun.com/site/data/html_dir/2021/03/22/2021032202077.html?utm_source=naver&utm_medium=original&utm_campaign=biz
310,"한국타이어, 아우디 'e-트론 GT'에 신차용 타이어 공급",http://www.paxetv.com/news/articleView.html?idxno=119653
311,"한국타이어, 아우디 전기스포츠카 'e-트론 GT'에 타이어 공급",http://www.newsis.com/view/?id=NISX20210615_0001476497&cID=13001&pID=13000
312,"[성공기업, 성공DNA] '아우디·포르쉐가 믿고 쓴다'… 한국타이어, 글로벌 공략 '착착'",https://www.asiatoday.co.kr/view.php?key=20210602010001456
313,[카 라이프] 포르쉐·아우디 슈퍼카엔 한국타이어 있다,http://news.mk.co.kr/newsRead.php?no=554398&year=2021
314,"한국타이어, 아우디 자존심 ‘RS 라인업’ 매료시켰다",http://www.rpm9.com/news/article.html?id=20210527090001
315,"`R&D 역량 강화` 한국타이어, 해외 프리미엄 OE 사업 확대",http://www.gpkorea.com/news/articleView.html?idxno=45570
316,"한국타이어, '아우디 스포츠 드라이빙 익스피리언스'에 고성능 드라이빙 체험 선사",http://www.cctvnews.co.kr/news/articleView.html?idxno=226294
317,"한국타이어, '아우디' 고성능 차량 체험에 초고성능 타이어 '공급'",http://www.economytalk.kr/news/articleView.html?idxno=213264
318,"한국타이어, 아우디 ‘익스피리언스’ 퍼포먼스 지원사격..고성능 타이어 공급",http://kpenews.com/View.aspx?No=1641077
319,"아우디, 고성능 라인업 'RS' 국내 투입… 벤츠·BMW와 정면승부",https://biz.chosun.com/site/data/html_dir/2021/03/22/2021032202077.html?utm_source=naver&utm_medium=original&utm_campaign=biz
320,"한국타이어, 아우디 전기 스포츠카 ‘e-트론 GT’에 신차용 타이어 공급",https://www.dnews.co.kr/uhtml/view.jsp?idxno=202106151730099230760
321,"한국타이어, 아우디 e-트론 GT '럭셔리 전기차에도 한타가 딱!'",http://www.gpkorea.com/news/articleView.html?idxno=75073
322,"[성공기업, 성공DNA] '아우디·포르쉐가 믿고 쓴다'… 한국타이어, 글로벌 공략 '착착'",https://www.asiatoday.co.kr/view.php?key=20210602010001456
323,[카 라이프] 포르쉐·아우디 슈퍼카엔 한국타이어 있다,http://news.mk.co.kr/newsRead.php?no=554398&year=2021
324,"한국타이어, 아우디 자존심 ‘RS 라인업’ 매료시켰다",http://www.rpm9.com/news/article.html?id=20210527090001
325,"`R&D 역량 강화` 한국타이어, 해외 프리미엄 OE 사업 확대",http://www.gpkorea.com/news/articleView.html?idxno=45570
326,"한국타이어, '아우디 스포츠 드라이빙 익스피리언스'에 고성능 드라이빙 체험 선사",http://www.cctvnews.co.kr/news/articleView.html?idxno=226294
327,"한국타이어, '아우디' 고성능 차량 체험에 초고성능 타이어 '공급'",http://www.economytalk.kr/news/articleView.html?idxno=213264
328,"한국타이어, 아우디 ‘익스피리언스’ 퍼포먼스 지원사격..고성능 타이어 공급",http://kpenews.com/View.aspx?No=1641077
329,"아우디, 고성능 라인업 'RS' 국내 투입… 벤츠·BMW와 정면승부",https://biz.chosun.com/site/data/html_dir/2021/03/22/2021032202077.html?utm_source=naver&utm_medium=original&utm_campaign=biz
330,"한국타이어, 아우디 전기차 'e-트론 GT'에 타이어 공급",http://www.fnnews.com/news/202106150848267750
331,"[성공기업, 성공DNA] '아우디·포르쉐가 믿고 쓴다'… 한국타이어, 글로벌 공략 '착착'",https://www.asiatoday.co.kr/view.php?key=20210602010001456
332,[카 라이프] 포르쉐·아우디 슈퍼카엔 한국타이어 있다,http://news.mk.co.kr/newsRead.php?no=554398&year=2021
333,"한국타이어, 아우디 자존심 ‘RS 라인업’ 매료시켰다",http://www.rpm9.com/news/article.html?id=20210527090001
334,"`R&D 역량 강화` 한국타이어, 해외 프리미엄 OE 사업 확대",http://www.gpkorea.com/news/articleView.html?idxno=45570
335,"한국타이어, '아우디 스포츠 드라이빙 익스피리언스'에 고성능 드라이빙 체험 선사",http://www.cctvnews.co.kr/news/articleView.html?idxno=226294
336,"한국타이어, '아우디' 고성능 차량 체험에 초고성능 타이어 '공급'",http://www.economytalk.kr/news/articleView.html?idxno=213264
337,"한국타이어, 아우디 ‘익스피리언스’ 퍼포먼스 지원사격..고성능 타이어 공급",http://kpenews.com/View.aspx?No=1641077
338,"한국타이어, 아우디 e-트론 GT 신차용타이어 공급",https://view.asiae.co.kr/article/2021061509134665960
339,"아우디, 고성능 라인업 'RS' 국내 투입… 벤츠·BMW와 정면승부",https://biz.chosun.com/site/data/html_dir/2021/03/22/2021032202077.html?utm_source=naver&utm_medium=original&utm_campaign=biz
340,"한국타이어, 아우디 ‘익스피리언스’ 퍼포먼스 지원사격..고성능 타이어 공급",http://kpenews.com/View.aspx?No=1641077
341,"한국타이어, 아우디 e-트론 GT 신차용타이어 공급",https://view.asiae.co.kr/article/2021061509134665960
342,"한국타이어, 아우디 'e-트론 GT' 신차 타이어 공급",https://www.ebn.co.kr/news/view/1487668/?sc=Naver
343,"아우디, 고성능 라인업 'RS' 국내 투입… 벤츠·BMW와 정면승부",https://biz.chosun.com/site/data/html_dir/2021/03/22/2021032202077.html?utm_source=naver&utm_medium=original&utm_campaign=biz
344,아우디 DTM 출격할 2013 'RS5' 공개,http://sports.chosun.com/news/ntype.htm?id=201303070100047390003786&servicedate=20130307
345,"한국타이어, 글로벌 공급 확대에 해외법인 매출 늘어",http://www.ceoscoredaily.com/news/article.html?no=41008
346,[제네바모터쇼 2017]유럽을 뜨겁게 달군 스포츠카 10종,http://bizn.donga.com/car/3/all/20170313/83307631/3
347,"'R&D 역량 강화' 한국타이어, 미래 드라이빙 선도",http://www.newsprime.co.kr/news/article.html?no=412950
348,[Who Is ?] 조현범 한국앤컴퍼니 대표이사 사장,https://www.businesspost.co.kr/BP?command=article_view&num=249311
349,"한국타이어, ‘뉴 RS4 아반트’에 타이어 공급",http://www.lawissue.co.kr/view.php?ud=20180209134213683267191f6c6e_12
350,"한국타이어, 아우디와 파트너십...초고성능 타이어 공급",http://www.newspim.com/news/view/20210524000313
351,"한국타이어, 아우디 e-트론 GT 신차용타이어 공급",https://view.asiae.co.kr/article/2021061509134665960
352,"한국타이어, 아우디 'e-트론 GT' 신차 타이어 공급",https://www.ebn.co.kr/news/view/1487668/?sc=Naver
353,"아우디, 고성능 라인업 'RS' 국내 투입… 벤츠·BMW와 정면승부",https://biz.chosun.com/site/data/html_dir/2021/03/22/2021032202077.html?utm_source=naver&utm_medium=original&utm_campaign=biz
354,아우디 DTM 출격할 2013 'RS5' 공개,http://sports.chosun.com/news/ntype.htm?id=201303070100047390003786&servicedate=20130307
355,"한국타이어, 글로벌 공급 확대에 해외법인 매출 늘어",http://www.ceoscoredaily.com/news/article.html?no=41008
356,[제네바모터쇼 2017]유럽을 뜨겁게 달군 스포츠카 10종,http://bizn.donga.com/car/3/all/20170313/83307631/3
357,"'R&D 역량 강화' 한국타이어, 미래 드라이빙 선도",http://www.newsprime.co.kr/news/article.html?no=412950
358,[Who Is ?] 조현범 한국앤컴퍼니 대표이사 사장,https://www.businesspost.co.kr/BP?command=article_view&num=249311
359,"한국타이어, ‘뉴 RS4 아반트’에 타이어 공급",http://www.lawissue.co.kr/view.php?ud=20180209134213683267191f6c6e_12
360,"한국타이어, 아우디 e-트론 GT 신차용타이어 공급",https://view.asiae.co.kr/article/2021061509134665960
361,"한국타이어, 아우디코리아에 초고성능 타이어 공급",http://www.fnnews.com/news/202105240847214382
362,"한국타이어, 아우디 'e-트론 GT' 신차 타이어 공급",https://www.ebn.co.kr/news/view/1487668/?sc=Naver
363,"아우디, 고성능 라인업 'RS' 국내 투입… 벤츠·BMW와 정면승부",https://biz.chosun.com/site/data/html_dir/2021/03/22/2021032202077.html?utm_source=naver&utm_medium=original&utm_campaign=biz
364,아우디 DTM 출격할 2013 'RS5' 공개,http://sports.chosun.com/news/ntype.htm?id=201303070100047390003786&servicedate=20130307
365,"한국타이어, 글로벌 공급 확대에 해외법인 매출 늘어",http://www.ceoscoredaily.com/news/article.html?no=41008
366,[제네바모터쇼 2017]유럽을 뜨겁게 달군 스포츠카 10종,http://bizn.donga.com/car/3/all/20170313/83307631/3
367,"'R&D 역량 강화' 한국타이어, 미래 드라이빙 선도",http://www.newsprime.co.kr/news/article.html?no=412950
368,[Who Is ?] 조현범 한국앤컴퍼니 대표이사 사장,https://www.businesspost.co.kr/BP?command=article_view&num=249311
369,"한국타이어, ‘뉴 RS4 아반트’에 타이어 공급",http://www.lawissue.co.kr/view.php?ud=20180209134213683267191f6c6e_12
370,"한국타이어, 아우디 e-트론 GT 신차용타이어 공급",https://www.sedaily.com/NewsView/22NNA4M8TT
371,"한국타이어, 아우디 'e-트론 GT' 신차 타이어 공급",https://www.ebn.co.kr/news/view/1487668/?sc=Naver
372,"아우디, 고성능 라인업 'RS' 국내 투입… 벤츠·BMW와 정면승부",https://biz.chosun.com/site/data/html_dir/2021/03/22/2021032202077.html?utm_source=naver&utm_medium=original&utm_campaign=biz
373,"한국타이어, 글로벌 공급 확대에 해외법인 매출 늘어",http://www.ceoscoredaily.com/news/article.html?no=41008
374,[제네바모터쇼 2017]유럽을 뜨겁게 달군 스포츠카 10종,http://bizn.donga.com/car/3/all/20170313/83307631/3
375,아우디 DTM 출격할 2013 'RS5' 공개,http://sports.chosun.com/news/ntype.htm?id=201303070100047390003786&servicedate=20130307
376,"'R&D 역량 강화' 한국타이어, 미래 드라이빙 선도",http://www.newsprime.co.kr/news/article.html?no=412950
377,[Who Is ?] 조현범 한국앤컴퍼니 대표이사 사장,https://www.businesspost.co.kr/BP?command=article_view&num=249311
378,"한국타이어, ‘뉴 RS4 아반트’에 타이어 공급",http://www.lawissue.co.kr/view.php?ud=20180209134213683267191f6c6e_12
379,"한국타이어, 獨 오펠에 신차용 타이어 2종 공급",http://www.sedaily.com/NewsView/1OL0FR25F9
380,"한국타이어, 獨 오펠에 신차용 타이어 2종 공급",http://www.sedaily.com/NewsView/1OL0FR25F9
381,"한국타이어, 아우디·벤츠·BMW 등 독일 3대 프리미엄 브랜드에 신차용 타이어 공급…세계적 기술력과 품질 입증",http://sports.chosun.com/news/ntype.htm?id=202103300100219340014167&servicedate=20210329
382,[NW시승기]모터스포츠의 열정이 만들어낸 ‘명작’,http://www.newsway.co.kr/view.php?tp=1&ud=2014071610422299644
383,쉿! 루돌프한텐 비밀이에요…산타가 탐내는 '빨간차 베스트5',http://www.hankyung.com/news/app/newsview.php?aid=2013122041011
384,[CAR] 터보 차량 vs 자연흡기 차량 치열한 경쟁…연비만 놓고 보면 터보가 우세,http://news.mk.co.kr/news_forward.php?domain=news&no=222669&year=2015
385,"손흥민-베라크루즈, 기성용-A8, 이청용-쏘렌토R… 국가대표 자동차 눈길",http://www.moneyweek.co.kr/news/mwView.php?type=1&no=2014062614178035125&outlink=1
386,"[모델 히스토리] 아우디 프리미엄이 담긴 쿠페 라인업, 아우디 A5 모델 히스토리",https://hankookilbo.com/News/Read/A2020103111070000958?did=NA
387,[Real Test Drive Season2] 쉽고 편하고 빠르다…운전할 맛 나는 최고의 애마,http://sports.donga.com/3/all/20130318/53797165/3
388,"아우디 A3 신차용 타이어 '한국→넥센' 바뀐 사연?…""저가 공급탓""",https://www.theguru.co.kr/news/article.html?no=18953
389,"아우디폭스바겐 내년 신차 더 공격적, 아우디는 고급 폭스바겐 대중화",http://www.businesspost.co.kr/BP?command=article_view&num=203537
390,"손흥민-베라크루즈, 기성용-A8, 이청용-쏘렌토R… 국가대표 자동차 눈길",http://www.moneyweek.co.kr/news/mwView.php?type=1&no=2014062614178035125&outlink=1
391,"[모델 히스토리] 아우디 프리미엄이 담긴 쿠페 라인업, 아우디 A5 모델 히스토리",https://hankookilbo.com/News/Read/A2020103111070000958?did=NA
392,[Real Test Drive Season2] 쉽고 편하고 빠르다…운전할 맛 나는 최고의 애마,http://sports.donga.com/3/all/20130318/53797165/3
393,"아우디 A3 신차용 타이어 '한국→넥센' 바뀐 사연?…""저가 공급탓""",https://www.theguru.co.kr/news/article.html?no=18953
394,"아우디, 450마력 스포츠 쿠페 'RS5' 출시",https://news.naver.com/main/read.naver?mode=LSD&mid=sec&sid1=101&oid=003&aid=0004672666
395,"아우디폭스바겐 내년 신차 더 공격적, 아우디는 고급 폭스바겐 대중화",http://www.businesspost.co.kr/BP?command=article_view&num=203537
396,"""운전자 탓"" vs ""차량 이상"" 억대 수입차 논쟁",https://news.naver.com/main/read.naver?mode=LSD&mid=sec&sid1=103&oid=001&aid=0006589160
397,"대구FC, 신입 3인방과 어울리는 자동차는?",https://sports.news.naver.com/news.nhn?oid=248&aid=0000000090
398,"2013 디트로이트 모터쇼, 어떤 신차 등장하나",http://autotimes.hankyung.com/apps/news.sub_view?popup=0&nid=04&c1=04&c2=04&c3=00&nkey=201301111956151
399,과시욕까지 삼킨 스포츠카의 질주,http://www.sisapress.com/news/articleView.html?idxno=58732
400,"2013 디트로이트 모터쇼, 어떤 신차 등장하나",http://autotimes.hankyung.com/apps/news.sub_view?popup=0&nid=04&c1=04&c2=04&c3=00&nkey=201301111956151
401,과시욕까지 삼킨 스포츠카의 질주,http://www.sisapress.com/news/articleView.html?idxno=58732
402,9월 신차 봇물…국내외 브랜드 '비주얼 대결' 눈길,http://www.seoulfn.com/news/articleView.html?idxno=142049
403,[CAR] 문턱 낮춘 럭셔리카 | 가격 인하·소형 모델…‘넘사벽(넘을 수 없는 4차원의 벽)’ 아니에요,http://news.mk.co.kr/news_forward.php?domain=news&no=82580&year=2015
404,"한국타이어, 아우디 RS Q8에 타이어 공급",http://www.rpm9.com/news/article.html?id=20210121090001
405,"한국타이어, 아우디 'RS Q8'에 OE공급",http://www.mediapen.com/news/view/594714
406,"한국타이어, 아우디 ‘RS Q8’에 신차용 타이어 공급",http://www.segyebiz.com/newsView/20210120504810?OutUrl=naver
407,태극전사들 어떤차 탈까?,http://www.econovill.com/archives/211490
408,제 궤도 오른 아우디···올해는 고수익 모델 집중한다,http://www.sisajournal-e.com/news/articleView.html?idxno=228171
409,올댓카 - 월드컵 우승후보팀 선수들 차고는…,http://ilyo.co.kr/?ac=article_view&entry_id=83341
410,"한국타이어, 아우디 ‘RS Q8’ 신차용 타이어 공급",http://amenews.kr/news/view.php?idx=44207
411,"한국타이어, 아우디 ‘RS Q8’에 신차용 타이어 공급",http://www.segyebiz.com/newsView/20210120504810?OutUrl=naver
412,태극전사들 어떤차 탈까?,http://www.econovill.com/archives/211490
413,제 궤도 오른 아우디···올해는 고수익 모델 집중한다,http://www.sisajournal-e.com/news/articleView.html?idxno=228171
414,올댓카 - 월드컵 우승후보팀 선수들 차고는…,http://ilyo.co.kr/?ac=article_view&entry_id=83341
415,[리빙 앤 조이] 경기회복 바람 타고 '뉴 페이스' 줄줄이 뜬다,https://news.naver.com/main/read.naver?mode=LSD&mid=sec&sid1=101&oid=011&aid=0002051651
416,고성능의 강자를 가려보자,http://www.hankyung.com/news/app/newsview.php?aid=2013082680671
417,공격 vs 사수 … ‘럭셔리 대형세단’ 뜨거운 전쟁,http://www.segye.com/Articles/Car/Business/Article.asp?aid=20120813022712&subctg1=&subctg2=
418,비수기 8월에도 잇단 신차 출시,http://www.asiae.co.kr/news/view.htm?idxno=2012080306002544969
419,제네바 모터쇼 코앞…치열한 모터쇼 된다,http://www.khan.co.kr/kh_news/art_view.html?artid=201002260052062&code=920508
420,"한국타이어, 아우디 고성능 SUV ‘RS Q8’ 공급한다",http://www.newsway.co.kr/news/view?tp=1&ud=2021012009050528232
421,"한국타이어, 아우디 'Q시리즈' 최강 모델 'RS Q8'에 신차용 타이어 공급",http://www.autodaily.co.kr/news/articleView.html?idxno=425182
422,태극전사들 어떤차 탈까?,http://www.econovill.com/archives/211490
423,제 궤도 오른 아우디···올해는 고수익 모델 집중한다,http://www.sisajournal-e.com/news/articleView.html?idxno=228171
424,올댓카 - 월드컵 우승후보팀 선수들 차고는…,http://ilyo.co.kr/?ac=article_view&entry_id=83341
425,[리빙 앤 조이] 경기회복 바람 타고 '뉴 페이스' 줄줄이 뜬다,https://news.naver.com/main/read.naver?mode=LSD&mid=sec&sid1=101&oid=011&aid=0002051651
426,고성능의 강자를 가려보자,http://www.hankyung.com/news/app/newsview.php?aid=2013082680671
427,공격 vs 사수 … ‘럭셔리 대형세단’ 뜨거운 전쟁,http://www.segye.com/Articles/Car/Business/Article.asp?aid=20120813022712&subctg1=&subctg2=
428,비수기 8월에도 잇단 신차 출시,http://www.asiae.co.kr/news/view.htm?idxno=2012080306002544969
429,제네바 모터쇼 코앞…치열한 모터쇼 된다,http://www.khan.co.kr/kh_news/art_view.html?artid=201002260052062&code=920508
430,"한국타이어, 아우디 초고성능 SUV 'RS Q8'에 신차용 타이어 공급",https://www.news1.kr/articles/?4186354
431,태극전사들 어떤차 탈까?,http://www.econovill.com/archives/211490
432,제 궤도 오른 아우디···올해는 고수익 모델 집중한다,http://www.sisajournal-e.com/news/articleView.html?idxno=228171
433,올댓카 - 월드컵 우승후보팀 선수들 차고는…,http://ilyo.co.kr/?ac=article_view&entry_id=83341
434,[리빙 앤 조이] 경기회복 바람 타고 '뉴 페이스' 줄줄이 뜬다,https://news.naver.com/main/read.naver?mode=LSD&mid=sec&sid1=101&oid=011&aid=0002051651
435,"한국타이어, 고성능 SUV 아우디 ‘RS Q8’신차용 타이어 공급",https://daily.hankooki.com/lpage/industry/202101/dh20210120095029147980.htm?s_ref=nv
436,고성능의 강자를 가려보자,http://www.hankyung.com/news/app/newsview.php?aid=2013082680671
437,공격 vs 사수 … ‘럭셔리 대형세단’ 뜨거운 전쟁,http://www.segye.com/Articles/Car/Business/Article.asp?aid=20120813022712&subctg1=&subctg2=
438,비수기 8월에도 잇단 신차 출시,http://www.asiae.co.kr/news/view.htm?idxno=2012080306002544969
439,제네바 모터쇼 코앞…치열한 모터쇼 된다,http://www.khan.co.kr/kh_news/art_view.html?artid=201002260052062&code=920508
440,"한국타이어, 고성능 SUV 아우디 ‘RS Q8’신차용 타이어 공급",https://daily.hankooki.com/lpage/industry/202101/dh20210120095029147980.htm?s_ref=nv
441,"한국타이어, 아우디 'RS Q8'에 신차용 타이어 공급",http://www.seoulfn.com/news/articleView.html?idxno=408187
442,고성능의 강자를 가려보자,http://www.hankyung.com/news/app/newsview.php?aid=2013082680671
443,공격 vs 사수 … ‘럭셔리 대형세단’ 뜨거운 전쟁,http://www.segye.com/Articles/Car/Business/Article.asp?aid=20120813022712&subctg1=&subctg2=
444,비수기 8월에도 잇단 신차 출시,http://www.asiae.co.kr/news/view.htm?idxno=2012080306002544969
445,제네바 모터쇼 코앞…치열한 모터쇼 된다,http://www.khan.co.kr/kh_news/art_view.html?artid=201002260052062&code=920508
446,"한국타이어, 초고성능 아우디 RS에 '신차용 타이어' 공급",http://www.cstimes.com/news/articleView.html?idxno=437491
447,"한국타이어, 아우디 RS 최상위 모델에 신차용 타이어 공급",http://www.edaily.co.kr/news/newspath.asp?newsid=01607206625962440
448,"한국타이어, 프리미엄 OE 공급 확대로 코로나19 위기 타개",http://www.ceoscoredaily.com/news/article.html?no=74175
449,"한국타이어, 프리미엄 OE 공급 확대로 코로나19 위기 '타개'",http://www.wikileaks-kr.org/news/articleView.html?idxno=95253
450,공격 vs 사수 … ‘럭셔리 대형세단’ 뜨거운 전쟁,http://www.segye.com/Articles/Car/Business/Article.asp?aid=20120813022712&subctg1=&subctg2=
451,비수기 8월에도 잇단 신차 출시,http://www.asiae.co.kr/news/view.htm?idxno=2012080306002544969
452,제네바 모터쇼 코앞…치열한 모터쇼 된다,http://www.khan.co.kr/kh_news/art_view.html?artid=201002260052062&code=920508
453,"한국타이어, 초고성능 아우디 RS에 '신차용 타이어' 공급",http://www.cstimes.com/news/articleView.html?idxno=437491
454,"한국타이어, 아우디 RS 최상위 모델에 신차용 타이어 공급",http://www.edaily.co.kr/news/newspath.asp?newsid=01607206625962440
455,"한국타이어, 프리미엄 OE 공급 확대로 코로나19 위기 타개",http://www.ceoscoredaily.com/news/article.html?no=74175
456,"한국타이어, 프리미엄 OE 공급 확대로 코로나19 위기 '타개'",http://www.wikileaks-kr.org/news/articleView.html?idxno=95253
457,아우디 2도어 쿠페 '뉴 RS5' 출시…'1억950만원',http://www.mt.co.kr/view/mtview.php?type=1&no=2012082209402704041&outlink=1
458,"한국타이어, 프리미엄 OE 공급 확대로 위기 극복한다",https://www.dailian.co.kr/news/view/919683/?sc=Naver
459,"한국타이어, 코로나 극복할 '글로벌 신차용 타이어 전략' 통했다!",http://www.gpkorea.com/news/articleView.html?idxno=66863
460,"한국타이어, 600마력 아우디 RS에 신차용 타이어 공급",http://www.dizzotv.com/site/data/html_dir/2020/11/04/2020110480229.html
461,"한국타이어, 프리미엄 OE 공급 확대로 코로나19 위기 타개",http://www.ceoscoredaily.com/news/article.html?no=74175
462,"한국타이어, 아우디 초고성능 모델에 신차용 타이어 공급",http://www.newsis.com/view/?id=NISX20201104_0001221582&cID=13001&pID=13000
463,"한국타이어, 프리미엄 OE 공급 확대로 코로나19 위기 '타개'",http://www.wikileaks-kr.org/news/articleView.html?idxno=95253
464,아우디 2도어 쿠페 '뉴 RS5' 출시…'1억950만원',http://www.mt.co.kr/view/mtview.php?type=1&no=2012082209402704041&outlink=1
465,"한국타이어, 프리미엄 OE 공급 확대로 위기 극복한다",https://www.dailian.co.kr/news/view/919683/?sc=Naver
466,"한국타이어, 코로나 극복할 '글로벌 신차용 타이어 전략' 통했다!",http://www.gpkorea.com/news/articleView.html?idxno=66863
467,"국내 타이어 3사, 현대·기아차 외면에 해외서 '돌파구'",http://www.kpinews.co.kr/news/articleView.html?idxno=124022
468,"한국타이어, 프리미엄 OE공급 확대…코로나19 위기 타개",http://www.mediapen.com/news/view/549987
469,"한국타이어 신차용 타이어 공급 주력 ""코로나19 위기 넘는다""",https://www.news1.kr/articles/?4031690
470,"한국타이어, 600마력 초고성능 ‘아우디 RS 최상위’ 모델에 타이어 공급",http://www.pinpointnews.co.kr/view.php?ud=2020110411210637632365609d9b_45
471,"한국타이어, 프리미엄 OE 공급 확대로 코로나19 위기 타개",http://www.ceoscoredaily.com/news/article.html?no=74175
472,"한국타이어, 아우디 초고성능 모델에 신차용 타이어 공급",http://www.newsis.com/view/?id=NISX20201104_0001221582&cID=13001&pID=13000
473,"한국타이어, 프리미엄 OE 공급 확대로 코로나19 위기 '타개'",http://www.wikileaks-kr.org/news/articleView.html?idxno=95253
474,"한국타이어, 프리미엄 OE 공급 확대로 위기 극복한다",https://www.dailian.co.kr/news/view/919683/?sc=Naver
475,아우디 2도어 쿠페 '뉴 RS5' 출시…'1억950만원',http://www.mt.co.kr/view/mtview.php?type=1&no=2012082209402704041&outlink=1
476,"한국타이어, 코로나 극복할 '글로벌 신차용 타이어 전략' 통했다!",http://www.gpkorea.com/news/articleView.html?idxno=66863
477,"국내 타이어 3사, 현대·기아차 외면에 해외서 '돌파구'",http://www.kpinews.co.kr/news/articleView.html?idxno=124022
478,"한국타이어, 프리미엄 OE공급 확대…코로나19 위기 타개",http://www.mediapen.com/news/view/549987
479,"한국타이어 신차용 타이어 공급 주력 ""코로나19 위기 넘는다""",https://www.news1.kr/articles/?4031690
480,"한국타이어, 아우디 RS 최상위 모델에 신차용 타이어 공급",http://www.m-i.kr/news/articleView.html?idxno=761347
481,"한국타이어, 프리미엄 OE 공급 확대로 코로나19 위기 타개",http://www.ceoscoredaily.com/news/article.html?no=74175
482,"한국타이어, 아우디 초고성능 모델에 신차용 타이어 공급",http://www.newsis.com/view/?id=NISX20201104_0001221582&cID=13001&pID=13000
483,"한국타이어, 프리미엄 OE 공급 확대로 코로나19 위기 '타개'",http://www.wikileaks-kr.org/news/articleView.html?idxno=95253
484,아우디 2도어 쿠페 '뉴 RS5' 출시…'1억950만원',http://www.mt.co.kr/view/mtview.php?type=1&no=2012082209402704041&outlink=1
485,"한국타이어, 프리미엄 OE 공급 확대로 위기 극복한다",https://www.dailian.co.kr/news/view/919683/?sc=Naver
486,"한국타이어, 코로나 극복할 '글로벌 신차용 타이어 전략' 통했다!",http://www.gpkorea.com/news/articleView.html?idxno=66863
487,"국내 타이어 3사, 현대·기아차 외면에 해외서 '돌파구'",http://www.kpinews.co.kr/news/articleView.html?idxno=124022
488,"한국타이어, 프리미엄 OE공급 확대…코로나19 위기 타개",http://www.mediapen.com/news/view/549987
489,"한국타이어 신차용 타이어 공급 주력 ""코로나19 위기 넘는다""",https://www.news1.kr/articles/?4031690
490,"한국타이어, 프리미엄 OE 공급 확대로 코로나19 위기 '타개'",http://www.wikileaks-kr.org/news/articleView.html?idxno=95253
491,아우디 2도어 쿠페 '뉴 RS5' 출시…'1억950만원',http://www.mt.co.kr/view/mtview.php?type=1&no=2012082209402704041&outlink=1
492,"한국타이어, 프리미엄 OE 공급 확대로 위기 극복한다",https://www.dailian.co.kr/news/view/919683/?sc=Naver
493,"한국타이어, 코로나 극복할 '글로벌 신차용 타이어 전략' 통했다!",http://www.gpkorea.com/news/articleView.html?idxno=66863
494,"국내 타이어 3사, 현대·기아차 외면에 해외서 '돌파구'",http://www.kpinews.co.kr/news/articleView.html?idxno=124022
495,"한국타이어, 프리미엄 OE공급 확대…코로나19 위기 타개",http://www.mediapen.com/news/view/549987
496,"한국타이어 신차용 타이어 공급 주력 ""코로나19 위기 넘는다""",https://www.news1.kr/articles/?4031690
497,"""연구개발 올인""…한국타이어, 세계 최고 수준 신차용 타이어 기술 '확보'",https://news.mtn.co.kr/newscenter/news_viewer.mtn?gidx=2020072209002450027
498,"한국타이어, R&D 혁신으로 세계 신차 타이어 시장 제패",http://www.newsis.com/view/?id=NISX20200713_0001093216&cID=13001&pID=13000
499,"한국타이어, 글로벌 최상위 기술력·브랜드 입증…아우디 자존심 RS 라인업 '매료'",http://www.metroseoul.co.kr/article/20210628500282
