,title,url
0,NC 아우디 공식딜러 유카로오토모빌과 2년 연속 스폰서십,http://www.sportsseoul.com/news/read/1122227?ref=naver
1,[크크맨의 카 라이프] 아우디의 공격적인 행보! e-트론 S & e-트론 S 스포트백,http://www.sisacast.kr/news/articleView.html?idxno=34823
2,"아우디, ‘아우디 e-트론' 'S·S스포트백’ 출시…28일부터 판매",https://www.news1.kr/articles/?4659259
3,"‘영앤리치’ 크리스탈, 1억6000만 원짜리 아우디 타고∼",http://www.segye.com/content/html/2022/05/03/20220503516538.html?OutUrl=naver
4,"아우디, ‘아우디 e-트론 S’와 ‘아우디 e-트론 S 스포트백’ 출시",https://weekly.cnbnews.com/news/article.html?no=143251
5,"아우디, 업계 최초 '전기모터 3개' 탑재…고성능 전기차 선봬",http://www.mediapen.com/news/view/719879
6,‘아우디 e-트론 S’ & ‘아우디 e-트론 S 스포트백’… 28일 판매 시작,http://www.segyebiz.com/newsView/20220427501567?OutUrl=naver
7,"'K-e모빌리티' 우수성 세계가 속속 인정...현대자동차 아이오닉 5·기아 EV6, 독일 전기차 평가서 테슬라 모델Y 제쳤다",http://www.smartcitytoday.co.kr/news/articleView.html?idxno=23107
8,"현대 아이오닉 5, 獨 비교평가서 아우디 Q4 e-tron. 폴스타 2보다 우수",http://www.autodaily.co.kr/news/articleView.html?idxno=432500
9,"아이오닉5, 독일 전기차 평가서 1위… e-tron·폴스타2 제쳤다",http://www.meconomynews.com/news/articleView.html?idxno=64692
10,"아우디, Q6 e-트론 하반기 공개..전기차 마칸 미리보기",http://m.dailycar.co.kr/content/news.html?type=view&autoId=43742
11,"[시승기]아우디 RS e-tron GT, 전기차 속 고성능 내연기관 유전자",https://www.thepublic.kr/news/newsview.php?ncode=1065584966751757
12,"아우디, 매력적인 디자인과 성능의 A6 아반트 e-트론 컨셉 공개",https://hankookilbo.com/News/Read/A2022040919000004581?did=NA
13,[머니S포토] 크리스탈·최시원 '아우디 RS e-tron GT와 함께',http://moneys.mt.co.kr/news/mwView.php?no=2021112513268045465
14,[머니S포토] 아우디 'Q4 e-tron' 소개하는 제프 매너링 사장,http://moneys.mt.co.kr/news/mwView.php?no=2021112513068028314
15,"현대차 아이오닉 5, 독일 전기車 비교 평가서 아우디 제치고 1위",http://kbench.com/?q=node/231224
16,"아우디, 중국시장 전용 Q5 E-tron 공개..7인승 전기 MPV",http://www.dailycar.co.kr/content/news.html?type=view&autoId=40564
17,"아우디 전기차 e-tron, 브레이크 제작결함 리콜",http://www.koreastocknews.com/news/articleView.html?idxno=66377
18,"""e트론·폴스타2 제쳤다""…아이오닉5, 獨 매체 EV평가 1위",http://www.wowtv.co.kr/NewsCenter/News/Read?articleId=A202203280039&t=NN
19,현대 아이오닉 5 · 아우디 e-tron...소비자가 뽑은 최고의 친환경차,http://www.greenpostkorea.co.kr/news/articleView.html?idxno=127659
20,"아이오닉5·EV6, ‘월드카어워즈 올해의 차’ 최종 후보 올랐다..과연 주인공은?",http://www.dailycar.co.kr/content/news.html?type=view&autoId=43414
21,"마치 전기차 혁명, 아우디의 'e-볼루션' [2021 서울 모빌리티쇼]",http://www.osen.co.kr/article/G1111701783
22,"아우디, 서울모빌리티쇼서 e-트론·SUV·고성능 등 다양한 라인업 전시",http://www.edaily.co.kr/news/newspath.asp?newsid=02486246629249328
23,"아우디, 준중형급 전기차 'Q4 e-트론' 서울모빌리티쇼 첫선...내년 본격 판매",http://www.newspim.com/news/view/20211112000468
24,"""타이어가 똑같네""…포르쉐 아우디 테슬라 폭스바겐, 모두 전기차엔 '한국'",http://news.mk.co.kr/newsRead.php?no=1214622&year=2021
25,"아이오닉 5, 독일서 아우디 e-트론‧포르쉐 911 제치고 '올해의 차' 선정",https://www.dailian.co.kr/news/view/1056919/?sc=Naver
26,아우디 '이트론(e-tron) 55' 충전주행거리 오류...306km아닌 '244km' [모터그램],http://www.sisunnews.co.kr/news/articleView.html?idxno=137825
27,"테슬라의 굴욕…獨 전문지 ""기아 EV6, 다른 시대의 車""",http://news.mt.co.kr/mtview.php?no=2022042409471331992
28,"아우디, '켄블락 에디션' EV 프로토타입 'S1 후니트론' 첫 공개",http://www.gpkorea.com/news/articleView.html?idxno=81422
29,"아이오닉5·EV6, 월드카어워즈 ‘올해의 차’ 수상하나..과연 결과는?",http://www.dailycar.co.kr/content/news.html?type=view&autoId=42923
30,"[자동차 연구소] 2억짜리 스포츠 전기차, 아우디 RS e-tron GT",https://www.econovill.com/news/articleView.html?idxno=533502
31,"아우디, 전기차 ‘e-트론 스포트백 55 콰트로’ 출시",http://www.segyebiz.com/newsView/20210905506277?OutUrl=naver
32,"아우디코리아, 순수 전기 쿠페형 SUV 'e-트론 스포트백 55 콰트로' 출시",http://www.autodaily.co.kr/news/articleView.html?idxno=429291
33,"아우디, '2021 서울 모빌리티쇼'서 코리안 프리미어 4종 공개... '바라보는 시각에 따라 미래는 달라진다' 주제!",http://kr.aving.net/news/view.php?articleId=1657111&Branch_ID=kr&rssid=naver&mn_name=news
34,"현대차 아이오닉5, 아우디·포르쉐 제치고 '獨 올해의 차' 선정",http://www.pinpointnews.co.kr/view.php?ud=2021112609225966889cdfed7945_45
35,3.3초 제로백의 그 짜릿함… 아우디 ‘이트론 GT’ [시승기],http://www.sportsworldi.com/newsView/20211126503240
36,"벤츠·BMW·아우디, 韓 시장 두고 속도내는 전기차 출시 경쟁",https://news.mtn.co.kr/news-detail/?v=2021111215031449260
37,"[시승기] 아우디, 전기차 시대에도 ‘고성능’은 여전…제로백 3초에 칼 제동",http://www.viva100.com/main/view.php?key=20211115010004331
38,수입 전기차 돌풍 시작됐나...'아우디 E-tron-푸조e-208' 벌써 완판,http://www.autodaily.co.kr/news/articleView.html?idxno=421930
39,[구상 칼럼] 디지털 감성 더해진..아우디 전기차 ‘e-트론(tron)’,http://m.dailycar.co.kr/content/news.html?type=view&autoId=37219
40,[시승기] 초고성능 진화 '아우디 전기차 이트론'…'제로백' 3.3초,http://www.inews24.com/view/1421864
41,아우디 e-tron,http://www.fortunekorea.co.kr/news/articleView.html?idxno=12700
42,레고부터 닌텐도까지…어른·어린이 모두 즐거운 어린이날,http://news.mk.co.kr/newsRead.php?no=377370&year=2022
43,세상 모든 장난감이 모였다… 어린이-어른이 위한 특별 이벤트,https://www.donga.com/news/article/all/20220502/113185710/1
44,잇썹이 한국1호 '아이언맨 전기차' 받으러오자 바짝 긴장한 자동차 딜러 (영상),https://www.insight.co.kr/news/373809
45,'100주년 어린이날' 대형마트 대규모 할인전 진행,https://www.kgnews.co.kr/news/article.html?no=699956
46,판 커지는 프리미엄 전기차 시장…폴스타도 한국시장 출사표,https://www.news1.kr/articles/?4530169
47,"아우디의 기술을 담은 전기차, 이-트론(e-tron) 55 콰트로",https://it.donga.com/30711/
48,"아우디 e-tron 생산 중단,LG화학 배터리셀 공급 위기",http://www.edaily.co.kr/news/newspath.asp?newsid=03266886625699384
49,"‘아우디 e-트론 50 콰트로’ ‘스포트백’ 출시, 풍성해 지는 전기차 라인업",http://www.osen.co.kr/article/G1111581559
50,"아우디, 순수 전기차 아우디 e-트론 시리즈 2종 출시",http://kbench.com/?q=node/221327
51,"아우디, 순수 전기차 e-트론 GT와 RS e-트론 GT 국내 프리뷰 공개",http://kbench.com/?q=node/221443
52,"아우디, 콤팩트 순수 전기 SUV '아우디 Q4 e-트론' & '아우디 Q4 스포트백 e-트론' 온라인 월드프리미어 공개",http://kr.aving.net/news/view.php?articleId=1604706&Branch_ID=kr&rssid=naver&mn_name=news
53,최대 520km 주행하는 아우디 Q4 e-트론 데뷔. 韓은 빠르면 내년 상륙,http://www.autodaily.co.kr/news/articleView.html?idxno=426938
54,"아우디 2030 전동화 전략 발표 ""내연기관차 2033년 단종""",http://www.digitaltoday.co.kr/news/articleView.html?idxno=415001
55,아우디가 공개한 전기차 ‘e-트론’ 세단..디자인 포인트는?,http://www.dailycar.co.kr/content/news.html?type=view&autoId=39399
56,'주행거리 500km 달성했을까?' 아우디 소형 전기SUV Q4 e-트론 14일 데뷔,http://www.autodaily.co.kr/news/articleView.html?idxno=426743
57,아우디 최초 컴팩트 순수 전기 SUV '아우디 Q4 e-트론',http://www.sportsseoul.com/news/read/1034146?ref=naver
58,"아우디, 전기 SUV 'Q4 e-트론' 및 'Q4 스포트백 e-트론' 공개",https://hankookilbo.com/News/Read/A2021041618300004680?did=NA
59,[Tech] 아우디에서 만든 전동 스쿠터 'E-Tron Scooter',http://www.inven.co.kr/webzine/news/?news=224941
60,"유통가, 상반기 최대 쇼핑축제 활짝",http://www.ezyeconomy.com/news/articleView.html?idxno=117750
61,"아우디, 전기차 청사진 밝혀…""e-Fuel 검토 안 해""",https://www.theguru.co.kr/news/article.html?no=33069
62,"[영상뉴스] 아우디, 고출력 초강력 콘셉트 전기자동차 ‘아우디 Q4 e-tron’ 공개",http://www.g-enews.com/ko-kr/news/article/news_all/201903120811137628e8b8a793f7_1/article.html
63,"[글로벌-Biz 24] 아우디, 고출력 초강력 콘셉트 전기자동차 ‘아우디 Q4 e-tron’ 공개",http://www.g-enews.com/ko-kr/news/article/news_all/2019031022075317349ecba8d8b8_1/article.html
64,아우디 RS e트론 GT를 관통하는 키워드 5개,http://www.esquirekorea.co.kr/article/64872
65,[오늘의 장바구니] 신세계그룹·롯데아울렛·티몬·예스24 외,http://www.newsprime.co.kr/news/article.html?no=566424
66,[2021 올해의 차] 전기 SUV 부문..아우디 e-트론 55 콰트로,http://www.dailycar.co.kr/content/news.html?type=view&autoId=38932
67,[구상 칼럼] 전기차 e-tron으로 보는..아우디 미래 디자인의 특징은?,http://www.dailycar.co.kr/content/news.html?type=view&autoId=31322
68,"아우디, 소프트웨어 문제로 e-tron 출고일정 최소 4주 이상 연기",http://www.autodaily.co.kr/news/articleView.html?idxno=405666
69,아우디 E-tron출시…이재용·구광모 전장사업 도약하나,http://www.m-i.kr/news/articleView.html?idxno=458011
70,"전격 Z작전의 '키트', 아우디 'e-tron'으로 현실화되나?",http://www.autodaily.co.kr/news/articleView.html?idxno=405286
71,"車 연결성 경쟁 본격화...아우디 신형 EV e-tron에 아마존 알렉사. 르노닛산그룹, 구글 안드로이드 탑재",http://www.autodaily.co.kr/news/articleView.html?idxno=405210
72,"아우디, 첫 전기차 e-tron 양산형 모델 공개...가격은 1억원",http://www.autodaily.co.kr/news/articleView.html?idxno=405159
73,"벤츠. 아우디. BMW, 전기 SUV 개발 경쟁... EQC 맞서 e-tron. iNEXT 발표",http://www.autodaily.co.kr/news/articleView.html?idxno=404904
74,"독일, 자동차 업계 소재 혁신은 벌써 이만큼",http://dream.kotra.or.kr/kotranews/cms/news/actionKotraBoardDetail.do?SITE_NO=3&MENU_ID=180&CONTENTS_NO=1&bbsGbn=243&bbsSn=243&pNttSn=194093
75,"아우디, 순수 전기 그란투리스모 '아우디 e-트론 GT' 온라인 월드프리미어 공개",http://www.autodaily.co.kr/news/articleView.html?idxno=425614
76,"아우디, ‘e-트론 GT’ 티저 공개..과연 특징은?",http://www.dailycar.co.kr/content/news.html?type=view&autoId=38661
77,"[라이브Car머스]아우디 장인 손길깃든 명품 전기차, '진보'를 말하다",http://newsclaim.co.kr/View.aspx?No=1637961
78,[시승기] 순식간에 시속 200km...아우디 전기차 이트론·R8·RS Q8 서킷 실력 '감탄',http://www.newspim.com/news/view/20210602001115
79,"아우디, 공격적 신차 출시로 판매 정상화...'A6, Q8, e-트론 두각'",http://www.autodaily.co.kr/news/articleView.html?idxno=423858
80,"삼성디스플레이, 아우디 e-tron에 7인치 OLED 공급...응답속도·화질 강점",http://view.asiae.co.kr/news/view.htm?idxno=2018100310004269257
81,"순수 전기차 ‘아우디 e-트론 55 콰트로’, 국내 프리미엄 전기차 시장서 돌풍",http://sports.hankooki.com/lpage/economy/202008/sp20200827142727136990.htm?s_ref=nv
82,"아우디, 전기차 '2021 e-트론' 가격 1천만 원 낮춰...""국내는 미정""",http://www.autodaily.co.kr/news/articleView.html?idxno=421261
83,"아우디 'e-트론 55 콰트로', 국내 프리미엄 전기차 시장 돌풍",http://www.m-i.kr/news/articleView.html?idxno=748051
84,"[2017 디트로이트 프리뷰] 아우디, 디트로이트에서 Q8 E-Tron 공개 가능성 높아",http://autoin.edaily.co.kr/news/newspath.asp?newsid=01226726615793456
85,"디지털다임, ‘2021 대한민국 디지털애드어워즈’ 2개 분야 수상",http://www.smartfn.co.kr/view.php?ud=20210730102517391247648fe0a_46
86,눈길 끄는 아우디 'e-tron',http://yna.kr/PYH20190109110700013?did=1196m
87,[시승기] ‘PHEV 시장 도전’ 아우디 A3 e-tron,http://www.zdnet.co.kr/ArticleView.asp?artice_id=20160316114702
88,"아우디 코리아, 뉴 아우디 A3 스포트백 e-tron 출시",http://www.enewstoday.co.kr/news/articleView.html?idxno=487144
89,아우디 첫 전기차 ‘e-트론 55콰트로’ 출시.. 겨우 307km 주행가능,http://www.edaily.co.kr/news/newspath.asp?newsid=03758886625831896
90,[비즈 포커스] ‘아우디 e-트론’ 스포츠카급 출력·전자식 콰트로…매력 만점,https://sports.donga.com/article/all/20200916/102969768/3
91,아우디 순수 전기차 'e-트론'의 이유있는 흥행,https://www.dailian.co.kr/news/view/920265/?sc=Naver
92,"아우디, 브랜드 최초 순수 전기차 ‘아우디 e-트론 55 콰트로’ 출시",http://www.getnews.co.kr/view.php?ud=2020070115223231896a6b374224_16
93,"아우디 e-트론 55 콰트로, '새로운 전기 모빌리티 시대'의 서두",http://www.osen.co.kr/article/G1111407918
94,"아우디, 11월 데뷔 앞둔 E-트론 GT..타이칸 저격수 탄생(?)",http://www.dailycar.co.kr/content/news.html?type=view&autoId=36744
95,"아우디 'A3 e-tron', 올 겨울 EU 출시…가격은?",http://www.mt.co.kr/view/mtview.php?type=1&no=2014080114410541888&outlink=1
96,전기 모빌리티 서두를 여는 아우디 e-트론 55 콰트로,http://it.chosun.com/site/data/html_dir/2020/07/28/2020072800600.html
97,"아우디 전기차 e-트론, 상반기 87% 폭증. 테슬라 모델 X. 벤츠 EQC 압도",http://www.autodaily.co.kr/news/articleView.html?idxno=420823
98,독일 포르쉐아우디폭스바겐 전기차 매료시킨 '한국타이어',http://www.mediapen.com/news/view/712384
99,"[2015 서울모터쇼] 프레스데이, 아우디 R8 Spyder·RS7·A3 e-tron",http://sports.khan.co.kr/news/sk_index.html?cat=view&art_id=201504021119403&sec_id=563002&pt=nv
100,"아우디, '아우디 e-트론 스포트백 55 콰트로' 출시",http://kr.aving.net/news/view.php?articleId=1631315&Branch_ID=kr&rssid=naver&mn_name=news
101,"아우디, '2021 서울 모빌리티쇼'서 코리안 프리미어 4종 공개... '바라보는 시각에 따라 미래는 달라진다' 주제!",http://kr.aving.net/news/view.php?articleId=1657111&Branch_ID=kr&rssid=naver&mn_name=news
102,"현대차 아이오닉5, 아우디·포르쉐 제치고 '獨 올해의 차' 선정",http://www.pinpointnews.co.kr/view.php?ud=2021112609225966889cdfed7945_45
103,아우디의 새로운 전기차량들,http://www.newspim.com/news/view/20211125000772
104,3.3초 제로백의 그 짜릿함… 아우디 ‘이트론 GT’ [시승기],http://www.sportsworldi.com/newsView/20211126503240
105,"벤츠·BMW·아우디, 韓 시장 두고 속도내는 전기차 출시 경쟁",https://news.mtn.co.kr/news-detail/?v=2021111215031449260
106,"""테슬라 비켜"" 아이오닉 5·EV6, 獨 EV 평가서 모델Y에 압승",http://news.tf.co.kr/read/economy/1933721.htm
107,"[시승기] 아우디, 전기차 시대에도 ‘고성능’은 여전…제로백 3초에 칼 제동",http://www.viva100.com/main/view.php?key=20211115010004331
108,수입 전기차 돌풍 시작됐나...'아우디 E-tron-푸조e-208' 벌써 완판,http://www.autodaily.co.kr/news/articleView.html?idxno=421930
109,[구상 칼럼] 디지털 감성 더해진..아우디 전기차 ‘e-트론(tron)’,http://m.dailycar.co.kr/content/news.html?type=view&autoId=37219
110,"순수 전기차 '아우디 e-트론 스포트백 55 콰트로', 강력한 퍼포먼스",http://www.sportsseoul.com/news/read/1061157?ref=naver
111,"""테슬라 비켜"" 아이오닉 5·EV6, 獨 EV 평가서 모델Y에 압승",http://news.tf.co.kr/read/economy/1933721.htm
112,"[시승기] 아우디, 전기차 시대에도 ‘고성능’은 여전…제로백 3초에 칼 제동",http://www.viva100.com/main/view.php?key=20211115010004331
113,"포르쉐·아우디 제치고… 현대 아이오닉 5, 獨서 ‘올해의 차’",http://www.munhwa.com/news/view.html?no=2021112601072503011001
114,수입 전기차 돌풍 시작됐나...'아우디 E-tron-푸조e-208' 벌써 완판,http://www.autodaily.co.kr/news/articleView.html?idxno=421930
115,[구상 칼럼] 디지털 감성 더해진..아우디 전기차 ‘e-트론(tron)’,http://m.dailycar.co.kr/content/news.html?type=view&autoId=37219
116,[시승기] 초고성능 진화 '아우디 전기차 이트론'…'제로백' 3.3초,http://www.inews24.com/view/1421864
117,아우디 e-tron,http://www.fortunekorea.co.kr/news/articleView.html?idxno=12700
118,"아이오닉5·EV6, 독일 유력 車전문지 평가서 테슬라 모델Y 제쳐",https://www.yna.co.kr/view/AKR20220424012500003?input=1195m
119,레고부터 닌텐도까지…어른·어린이 모두 즐거운 어린이날,http://news.mk.co.kr/newsRead.php?no=377370&year=2022
120,"현대차 아이오닉5, 포르쉐·아우디·BMW 꺽고 獨 '올해의 차' 선정",http://www.seoulfn.com/news/articleView.html?idxno=439075
121,레고부터 닌텐도까지…어른·어린이 모두 즐거운 어린이날,http://news.mk.co.kr/newsRead.php?no=377370&year=2022
122,세상 모든 장난감이 모였다… 어린이-어른이 위한 특별 이벤트,https://www.donga.com/news/article/all/20220502/113185710/1
123,잇썹이 한국1호 '아이언맨 전기차' 받으러오자 바짝 긴장한 자동차 딜러 (영상),https://www.insight.co.kr/news/373809
124,'100주년 어린이날' 대형마트 대규모 할인전 진행,https://www.kgnews.co.kr/news/article.html?no=699956
125,판 커지는 프리미엄 전기차 시장…폴스타도 한국시장 출사표,https://www.news1.kr/articles/?4530169
126,"아우디의 기술을 담은 전기차, 이-트론(e-tron) 55 콰트로",https://it.donga.com/30711/
127,"아이오닉 5·EV6, 獨전문지 전기차 평가서 모델Y 제쳤다",http://www.edaily.co.kr/news/newspath.asp?newsid=01151286632299400
128,"아우디 e-tron 생산 중단,LG화학 배터리셀 공급 위기",http://www.edaily.co.kr/news/newspath.asp?newsid=03266886625699384
129,"‘아우디 e-트론 50 콰트로’ ‘스포트백’ 출시, 풍성해 지는 전기차 라인업",http://www.osen.co.kr/article/G1111581559
130,"아이오닉 5·EV6, 獨전문지 전기차 평가서 모델Y 제쳤다",http://www.edaily.co.kr/news/newspath.asp?newsid=01151286632299400
131,"아우디 e-tron 생산 중단,LG화학 배터리셀 공급 위기",http://www.edaily.co.kr/news/newspath.asp?newsid=03266886625699384
132,"‘아우디 e-트론 50 콰트로’ ‘스포트백’ 출시, 풍성해 지는 전기차 라인업",http://www.osen.co.kr/article/G1111581559
133,"아우디, 순수 전기차 아우디 e-트론 시리즈 2종 출시",http://kbench.com/?q=node/221327
134,"아우디, 순수 전기차 e-트론 GT와 RS e-트론 GT 국내 프리뷰 공개",http://kbench.com/?q=node/221443
135,"아우디, 콤팩트 순수 전기 SUV '아우디 Q4 e-트론' & '아우디 Q4 스포트백 e-트론' 온라인 월드프리미어 공개",http://kr.aving.net/news/view.php?articleId=1604706&Branch_ID=kr&rssid=naver&mn_name=news
136,최대 520km 주행하는 아우디 Q4 e-트론 데뷔. 韓은 빠르면 내년 상륙,http://www.autodaily.co.kr/news/articleView.html?idxno=426938
137,"아우디 2030 전동화 전략 발표 ""내연기관차 2033년 단종""",http://www.digitaltoday.co.kr/news/articleView.html?idxno=415001
138,아우디가 공개한 전기차 ‘e-트론’ 세단..디자인 포인트는?,http://www.dailycar.co.kr/content/news.html?type=view&autoId=39399
139,'주행거리 500km 달성했을까?' 아우디 소형 전기SUV Q4 e-트론 14일 데뷔,http://www.autodaily.co.kr/news/articleView.html?idxno=426743
140,"아우디, 첫 전기 SUV 'Q4 e-트론', 'Q4 스포트백 e-트론' 공개",http://www.paxetv.com/news/articleView.html?idxno=115208
141,최대 520km 주행하는 아우디 Q4 e-트론 데뷔. 韓은 빠르면 내년 상륙,http://www.autodaily.co.kr/news/articleView.html?idxno=426938
142,"아우디 2030 전동화 전략 발표 ""내연기관차 2033년 단종""",http://www.digitaltoday.co.kr/news/articleView.html?idxno=415001
143,아우디가 공개한 전기차 ‘e-트론’ 세단..디자인 포인트는?,http://www.dailycar.co.kr/content/news.html?type=view&autoId=39399
144,"아이오닉 5·EV6, 테슬라 제쳤다",http://www.enewstoday.co.kr/news/articleView.html?idxno=1565343
145,"아우디, 국내 전기차 시장 공략 속도…‘e-트론 50’ 2종 출시",https://www.ebn.co.kr/news/view/1483968/?sc=Naver
146,'주행거리 500km 달성했을까?' 아우디 소형 전기SUV Q4 e-트론 14일 데뷔,http://www.autodaily.co.kr/news/articleView.html?idxno=426743
147,아우디 최초 컴팩트 순수 전기 SUV '아우디 Q4 e-트론',http://www.sportsseoul.com/news/read/1034146?ref=naver
148,"아우디, 전기 SUV 'Q4 e-트론' 및 'Q4 스포트백 e-트론' 공개",https://hankookilbo.com/News/Read/A2021041618300004680?did=NA
149,[Tech] 아우디에서 만든 전동 스쿠터 'E-Tron Scooter',http://www.inven.co.kr/webzine/news/?news=224941
150,[신차] 아우디 순수 전기차 e-트론 50 콰트로·스포트백 50 콰트로,http://www.seoulfn.com/news/articleView.html?idxno=419807
151,'주행거리 500km 달성했을까?' 아우디 소형 전기SUV Q4 e-트론 14일 데뷔,http://www.autodaily.co.kr/news/articleView.html?idxno=426743
152,아우디 최초 컴팩트 순수 전기 SUV '아우디 Q4 e-트론',http://www.sportsseoul.com/news/read/1034146?ref=naver
153,"아우디, 전기 SUV 'Q4 e-트론' 및 'Q4 스포트백 e-트론' 공개",https://hankookilbo.com/News/Read/A2021041618300004680?did=NA
154,"아우디, 최초의 컴팩트 순수 전기 SUV '아우디 Q4 e-트론'·'아우디 Q4 스포트백 e-트론' 공개",http://sports.chosun.com/news/ntype.htm?id=202104170100136890008767&servicedate=20210416
155,[Tech] 아우디에서 만든 전동 스쿠터 'E-Tron Scooter',http://www.inven.co.kr/webzine/news/?news=224941
156,"유통가, 상반기 최대 쇼핑축제 활짝",http://www.ezyeconomy.com/news/articleView.html?idxno=117750
157,"아이오닉5·EV6, 獨 유력지 '전기차 비교'서 테슬라 모델Y 제쳐",https://biz.newdaily.co.kr/site/data/html/2022/04/24/2022042400006.html
158,"아우디, 전기차 청사진 밝혀…""e-Fuel 검토 안 해""",https://www.theguru.co.kr/news/article.html?no=33069
159,"[영상뉴스] 아우디, 고출력 초강력 콘셉트 전기자동차 ‘아우디 Q4 e-tron’ 공개",http://www.g-enews.com/ko-kr/news/article/news_all/201903120811137628e8b8a793f7_1/article.html
160,아우디 첫 순수 전기 SUV 'Q4 e-트론' 세계 최초 공개,https://www.asiatoday.co.kr/view.php?key=20210416010009860
161,[Tech] 아우디에서 만든 전동 스쿠터 'E-Tron Scooter',http://www.inven.co.kr/webzine/news/?news=224941
162,"유통가, 상반기 최대 쇼핑축제 활짝",http://www.ezyeconomy.com/news/articleView.html?idxno=117750
163,"아이오닉5·EV6, 獨 유력지 '전기차 비교'서 테슬라 모델Y 제쳐",https://biz.newdaily.co.kr/site/data/html/2022/04/24/2022042400006.html
164,"아우디, 전기차 청사진 밝혀…""e-Fuel 검토 안 해""",https://www.theguru.co.kr/news/article.html?no=33069
165,"[영상뉴스] 아우디, 고출력 초강력 콘셉트 전기자동차 ‘아우디 Q4 e-tron’ 공개",http://www.g-enews.com/ko-kr/news/article/news_all/201903120811137628e8b8a793f7_1/article.html
166,"[글로벌-Biz 24] 아우디, 고출력 초강력 콘셉트 전기자동차 ‘아우디 Q4 e-tron’ 공개",http://www.g-enews.com/ko-kr/news/article/news_all/2019031022075317349ecba8d8b8_1/article.html
167,아우디 RS e트론 GT를 관통하는 키워드 5개,http://www.esquirekorea.co.kr/article/64872
168,"롯데마트 토이저러스, 어린이날 100주년을 맞아 할인 행사 진행",http://www.lawissue.co.kr/view.php?ud=202204280824341461204ead0791_12
169,[오늘의 장바구니] 신세계그룹·롯데아울렛·티몬·예스24 외,http://www.newsprime.co.kr/news/article.html?no=566424
170,아우디 RS e트론 GT를 관통하는 키워드 5개,http://www.esquirekorea.co.kr/article/64872
171,"롯데마트 토이저러스, 어린이날 100주년을 맞아 할인 행사 진행",http://www.lawissue.co.kr/view.php?ud=202204280824341461204ead0791_12
172,[오늘의 장바구니] 신세계그룹·롯데아울렛·티몬·예스24 외,http://www.newsprime.co.kr/news/article.html?no=566424
173,'아이오닉 5·EV6' 독일 비교평가서 나란히 1·2위 차지,http://www.newsprime.co.kr/news/article.html?no=565946
174,[2021 올해의 차] 전기 SUV 부문..아우디 e-트론 55 콰트로,http://www.dailycar.co.kr/content/news.html?type=view&autoId=38932
175,[구상 칼럼] 전기차 e-tron으로 보는..아우디 미래 디자인의 특징은?,http://www.dailycar.co.kr/content/news.html?type=view&autoId=31322
176,"아우디, 소프트웨어 문제로 e-tron 출고일정 최소 4주 이상 연기",http://www.autodaily.co.kr/news/articleView.html?idxno=405666
177,아우디 E-tron출시…이재용·구광모 전장사업 도약하나,http://www.m-i.kr/news/articleView.html?idxno=458011
178,"전격 Z작전의 '키트', 아우디 'e-tron'으로 현실화되나?",http://www.autodaily.co.kr/news/articleView.html?idxno=405286
179,"車 연결성 경쟁 본격화...아우디 신형 EV e-tron에 아마존 알렉사. 르노닛산그룹, 구글 안드로이드 탑재",http://www.autodaily.co.kr/news/articleView.html?idxno=405210
180,"車 연결성 경쟁 본격화...아우디 신형 EV e-tron에 아마존 알렉사. 르노닛산그룹, 구글 안드로이드 탑재",http://www.autodaily.co.kr/news/articleView.html?idxno=405210
181,"아우디, 첫 전기차 e-tron 양산형 모델 공개...가격은 1억원",http://www.autodaily.co.kr/news/articleView.html?idxno=405159
182,"현대차 아이오닉5·기아 EV6, 獨 유력지 평가서 ‘모델Y’ 제치고 1·2위",https://www.asiatoday.co.kr/view.php?key=20220424010013755
183,"벤츠. 아우디. BMW, 전기 SUV 개발 경쟁... EQC 맞서 e-tron. iNEXT 발표",http://www.autodaily.co.kr/news/articleView.html?idxno=404904
184,"독일, 자동차 업계 소재 혁신은 벌써 이만큼",http://dream.kotra.or.kr/kotranews/cms/news/actionKotraBoardDetail.do?SITE_NO=3&MENU_ID=180&CONTENTS_NO=1&bbsGbn=243&bbsSn=243&pNttSn=194093
185,"아우디, 순수 전기 그란투리스모 '아우디 e-트론 GT' 온라인 월드프리미어 공개",http://www.autodaily.co.kr/news/articleView.html?idxno=425614
186,"'레고부터 닌텐도까지'…롯데마트 토이저러스, 어린이날 할인 행사",http://www.econovill.com/news/articleView.html?idxno=573743
187,"아우디, ‘e-트론 GT’ 티저 공개..과연 특징은?",http://www.dailycar.co.kr/content/news.html?type=view&autoId=38661
188,"[라이브Car머스]아우디 장인 손길깃든 명품 전기차, '진보'를 말하다",http://newsclaim.co.kr/View.aspx?No=1637961
189,[시승기] 순식간에 시속 200km...아우디 전기차 이트론·R8·RS Q8 서킷 실력 '감탄',http://www.newspim.com/news/view/20210602001115
190,"아우디, 순수 전기 그란투리스모 ‘아우디 e-트론 GT’ 최초 공개",https://daily.hankooki.com/lpage/industry/202102/dh20210210093241147980.htm?s_ref=nv
191,"'레고부터 닌텐도까지'…롯데마트 토이저러스, 어린이날 할인 행사",http://www.econovill.com/news/articleView.html?idxno=573743
192,"아이오닉 5·EV6, 독일 유력 車 전문지서 테슬라 '모델 Y' 제쳤다",http://www.newsway.co.kr/news/view?tp=1&ud=2022042409231867383
193,"아우디, ‘e-트론 GT’ 티저 공개..과연 특징은?",http://www.dailycar.co.kr/content/news.html?type=view&autoId=38661
194,"[라이브Car머스]아우디 장인 손길깃든 명품 전기차, '진보'를 말하다",http://newsclaim.co.kr/View.aspx?No=1637961
195,[시승기] 순식간에 시속 200km...아우디 전기차 이트론·R8·RS Q8 서킷 실력 '감탄',http://www.newspim.com/news/view/20210602001115
196,"아우디, 공격적 신차 출시로 판매 정상화...'A6, Q8, e-트론 두각'",http://www.autodaily.co.kr/news/articleView.html?idxno=423858
197,"삼성디스플레이, 아우디 e-tron에 7인치 OLED 공급...응답속도·화질 강점",http://view.asiae.co.kr/news/view.htm?idxno=2018100310004269257
198,"순수 전기차 ‘아우디 e-트론 55 콰트로’, 국내 프리미엄 전기차 시장서 돌풍",http://sports.hankooki.com/lpage/economy/202008/sp20200827142727136990.htm?s_ref=nv
199,"아우디, 전기차 '2021 e-트론' 가격 1천만 원 낮춰...""국내는 미정""",http://www.autodaily.co.kr/news/articleView.html?idxno=421261
200,"삼성디스플레이, 아우디 e-tron에 7인치 OLED 공급...응답속도·화질 강점",http://view.asiae.co.kr/news/view.htm?idxno=2018100310004269257
201,"현대차 '아이오닉 5'·기아 'EV6', 독일 車 전문지 전기차 비교평가  1·2위",http://www.getnews.co.kr/news/articleView.html?idxno=581599
202,"롯데마트, 어린이날 100주년 맞이 레고·닌텐도 판매...""어린이부터 키덜트까지 모여라""",http://www.psnews.co.kr/news/articleView.html?idxno=2007814
203,"순수 전기차 ‘아우디 e-트론 55 콰트로’, 국내 프리미엄 전기차 시장서 돌풍",http://sports.hankooki.com/lpage/economy/202008/sp20200827142727136990.htm?s_ref=nv
204,"아우디, 전기차 '2021 e-트론' 가격 1천만 원 낮춰...""국내는 미정""",http://www.autodaily.co.kr/news/articleView.html?idxno=421261
205,"아우디 'e-트론 55 콰트로', 국내 프리미엄 전기차 시장 돌풍",http://www.m-i.kr/news/articleView.html?idxno=748051
206,"[2017 디트로이트 프리뷰] 아우디, 디트로이트에서 Q8 E-Tron 공개 가능성 높아",http://autoin.edaily.co.kr/news/newspath.asp?newsid=01226726615793456
207,"디지털다임, ‘2021 대한민국 디지털애드어워즈’ 2개 분야 수상",http://www.smartfn.co.kr/view.php?ud=20210730102517391247648fe0a_46
208,눈길 끄는 아우디 'e-tron',http://yna.kr/PYH20190109110700013?did=1196m
209,[시승기] ‘PHEV 시장 도전’ 아우디 A3 e-tron,http://www.zdnet.co.kr/ArticleView.asp?artice_id=20160316114702
210,눈길 끄는 아우디 'e-tron',http://yna.kr/PYH20190109110700013?did=1196m
211,[시승기] ‘PHEV 시장 도전’ 아우디 A3 e-tron,http://www.zdnet.co.kr/ArticleView.asp?artice_id=20160316114702
212,"아우디 코리아, 뉴 아우디 A3 스포트백 e-tron 출시",http://www.enewstoday.co.kr/news/articleView.html?idxno=487144
213,"현대차 '아이오닉 5'·기아 'EV6', 獨 유력 車전문지 전기차 비교평가서 1·2위 독식... 모델Y 제쳤다",http://kr.aving.net/news/view.php?articleId=1703293&Branch_ID=kr&rssid=naver&mn_name=news
214,아우디 첫 전기차 ‘e-트론 55콰트로’ 출시.. 겨우 307km 주행가능,http://www.edaily.co.kr/news/newspath.asp?newsid=03758886625831896
215,[비즈 포커스] ‘아우디 e-트론’ 스포츠카급 출력·전자식 콰트로…매력 만점,https://sports.donga.com/article/all/20200916/102969768/3
216,아우디 순수 전기차 'e-트론'의 이유있는 흥행,https://www.dailian.co.kr/news/view/920265/?sc=Naver
217,"아우디, 브랜드 최초 순수 전기차 ‘아우디 e-트론 55 콰트로’ 출시",http://www.getnews.co.kr/view.php?ud=2020070115223231896a6b374224_16
218,"아우디 e-트론 55 콰트로, '새로운 전기 모빌리티 시대'의 서두",http://www.osen.co.kr/article/G1111407918
219,"아우디, 11월 데뷔 앞둔 E-트론 GT..타이칸 저격수 탄생(?)",http://www.dailycar.co.kr/content/news.html?type=view&autoId=36744
220,"아우디 플러그인 하이브리드, A3 스포트백 e-tron 출시",http://car.tvreport.co.kr/?c=news&m=newsview&idx=655484
221,"현대차 '아이오닉 5'·기아 'EV6', 獨 유력 車전문지 전기차 비교평가서 1·2위 독식... 모델Y 제쳤다",http://kr.aving.net/news/view.php?articleId=1703293&Branch_ID=kr&rssid=naver&mn_name=news
222,아우디 첫 전기차 ‘e-트론 55콰트로’ 출시.. 겨우 307km 주행가능,http://www.edaily.co.kr/news/newspath.asp?newsid=03758886625831896
223,[비즈 포커스] ‘아우디 e-트론’ 스포츠카급 출력·전자식 콰트로…매력 만점,https://sports.donga.com/article/all/20200916/102969768/3
224,아우디 순수 전기차 'e-트론'의 이유있는 흥행,https://www.dailian.co.kr/news/view/920265/?sc=Naver
225,"아우디, 브랜드 최초 순수 전기차 ‘아우디 e-트론 55 콰트로’ 출시",http://www.getnews.co.kr/view.php?ud=2020070115223231896a6b374224_16
226,"아우디 e-트론 55 콰트로, '새로운 전기 모빌리티 시대'의 서두",http://www.osen.co.kr/article/G1111407918
227,"아우디, 11월 데뷔 앞둔 E-트론 GT..타이칸 저격수 탄생(?)",http://www.dailycar.co.kr/content/news.html?type=view&autoId=36744
228,"아우디 'A3 e-tron', 올 겨울 EU 출시…가격은?",http://www.mt.co.kr/view/mtview.php?type=1&no=2014080114410541888&outlink=1
229,전기 모빌리티 서두를 여는 아우디 e-트론 55 콰트로,http://it.chosun.com/site/data/html_dir/2020/07/28/2020072800600.html
230,"아우디, 1회 충전 시 최대 307km 주행 가능한 전기차 '아우디 e-트론 55 콰트로' 출시",http://kr.aving.net/news/view.php?articleId=1585576&Branch_ID=kr&rssid=naver&mn_name=news
231,"아우디 e-트론 55 콰트로, '새로운 전기 모빌리티 시대'의 서두",http://www.osen.co.kr/article/G1111407918
232,"아우디, 11월 데뷔 앞둔 E-트론 GT..타이칸 저격수 탄생(?)",http://www.dailycar.co.kr/content/news.html?type=view&autoId=36744
233,"아우디 'A3 e-tron', 올 겨울 EU 출시…가격은?",http://www.mt.co.kr/view/mtview.php?type=1&no=2014080114410541888&outlink=1
234,전기 모빌리티 서두를 여는 아우디 e-트론 55 콰트로,http://it.chosun.com/site/data/html_dir/2020/07/28/2020072800600.html
235,"현대차 '아이오닉 5'·기아 'EV6', 독일 車 전문지 전기차 비교평가서 1·2위 독식",http://www.paxetv.com/news/articleView.html?idxno=143083
236,"아우디 전기차 e-트론, 상반기 87% 폭증. 테슬라 모델 X. 벤츠 EQC 압도",http://www.autodaily.co.kr/news/articleView.html?idxno=420823
237,독일 포르쉐아우디폭스바겐 전기차 매료시킨 '한국타이어',http://www.mediapen.com/news/view/712384
238,"[2015 서울모터쇼] 프레스데이, 아우디 R8 Spyder·RS7·A3 e-tron",http://sports.khan.co.kr/news/sk_index.html?cat=view&art_id=201504021119403&sec_id=563002&pt=nv
239,현대차 아이오닉5·기아 EV6 vs. 모델Y..독일 자동차 전문지 평가 결과는?,http://www.dailycar.co.kr/content/news.html?type=view&autoId=43937
240,"아우디 전기차 e-트론, 상반기 87% 폭증. 테슬라 모델 X. 벤츠 EQC 압도",http://www.autodaily.co.kr/news/articleView.html?idxno=420823
241,독일 포르쉐아우디폭스바겐 전기차 매료시킨 '한국타이어',http://www.mediapen.com/news/view/712384
242,"[2015 서울모터쇼] 프레스데이, 아우디 R8 Spyder·RS7·A3 e-tron",http://sports.khan.co.kr/news/sk_index.html?cat=view&art_id=201504021119403&sec_id=563002&pt=nv
243,현대차 아이오닉5·기아 EV6 vs. 모델Y..독일 자동차 전문지 평가 결과는?,http://www.dailycar.co.kr/content/news.html?type=view&autoId=43937
244,"아우디 'e-트론 55 콰트로', 국내 출시 직후 전기차 판매 3위 '기염'",http://www.sportsseoul.com/news/read/951225?ref=naver
245,"첫째 주 일요일인 오늘(1일) 홈플러스, 이마트, 롯데마트, 코스트코 영업하나?",http://www.thekpm.com/news/articleView.html?idxno=117833
246,"현대차 아이오닉 5-기아 EV6, '아우토 모토 운트 슈포트' SUV 전기차 비교평가서 종합 1·2위 선정",http://www.ftoday.co.kr/news/articleView.html?idxno=234779
247,"아우디, 브랜드 최초 순수 전기차 '아우디 e-트론 55 콰트로' 출시…가격은 1억1700만원",http://sports.chosun.com/news/ntype.htm?id=202007020100012170000415&servicedate=20200701
248,[집중분석] 아우디 DNA 100% 'e-트론' 전기 모빌리티 시대의 서두,http://www.newsprime.co.kr/news/article.html?no=512497
249,"2021년을 기다린 신차, 아우디부터 캐딜락까지",https://www.motortrendkorea.com/sub/view.html?no=5304&cate1Name=NEWCAR
250,현대차 전용 전기차 ‘아이오닉5’ 독일서 아우디·폴스타 넘어섰다,http://news.heraldcorp.com/view.php?ud=20220328000556
251,"아우디, Q7 보다 커진 Q6 공개..3열 7인승 SUV",http://www.dailycar.co.kr/content/news.html?type=view&autoId=43442
252,[사진] 아우디 'e-tron' 생산라인서 일하는 근로자들,http://www.newspim.com/news/view/20190213000432
253,"아우디, 첫 순수 전기차 '아우디 e-트론 55 콰트로' 출시",http://www.newscj.com/news/articleView.html?idxno=753813
254,[프랑크푸르트모터쇼]아우디 'e-tron quattro',http://view.asiae.co.kr/news/view.htm?idxno=2015091711493258007
255,"벤츠 EQC. 재규어 I-PACE 이어 아우디 e-트론도 생산 중단, 이번에도 배터리 문제?",http://www.autodaily.co.kr/news/articleView.html?idxno=416771
256,[시승기] 베일벗은 A3 이트론(e-tron)…아우디의 전기차 기술을 엿보다,http://biz.chosun.com/site/data/html_dir/2014/07/07/2014070703398.html
257,"수입차업계,연말 신차대전 본격 점화… 벤츠·BMW·아우디·폭스바겐 등 총출동",https://www.ekn.kr/web/view.php?key=20201116010003676
258,"아우디, 다양한 차량 라인업 갖추고 한국 시장 공략 강화",http://www.nspna.com/news/?mode=view&newsid=457440
259,"[대형마트 휴무일] 홈플러스‧이마트‧롯데마트, 5월1일 정상영업",https://www.news2day.co.kr/article/20220429500141
260,"벤츠 EQC. 재규어 I-PACE 이어 아우디 e-트론도 생산 중단, 이번에도 배터리 문제?",http://www.autodaily.co.kr/news/articleView.html?idxno=416771
261,[시승기] 베일벗은 A3 이트론(e-tron)…아우디의 전기차 기술을 엿보다,http://biz.chosun.com/site/data/html_dir/2014/07/07/2014070703398.html
262,"수입차업계,연말 신차대전 본격 점화… 벤츠·BMW·아우디·폭스바겐 등 총출동",https://www.ekn.kr/web/view.php?key=20201116010003676
263,"아우디, 다양한 차량 라인업 갖추고 한국 시장 공략 강화",http://www.nspna.com/news/?mode=view&newsid=457440
264,"[대형마트 휴무일] 홈플러스‧이마트‧롯데마트, 5월1일 정상영업",https://www.news2day.co.kr/article/20220429500141
265,고성능 100% 순수 전기 스포츠카 ‘아우디 e-트론(Audi e-tron)’ 공개,http://www.betanews.net/article/471095
266,아우디 전기차 ‘조용한 돌풍’…첫 달 판매대수 400대 육박,http://news.heraldcorp.com/view.php?ud=20200826000480
267,"아이오닉 5-EV6, 독일 자동차 전문지 비교평가서 종합 1·2위",https://wemakenews.co.kr/news/view.php?no=14728
268,"[사진]2015 상하이 모터쇼,'아우디 Q7 e-tron의 날렵한 라인'",http://www.osen.co.kr/article/G1110131660
269,"[사진]2015 서울 모터쇼 아우디 A3 e-tron,'강렬한 레드 컬러'",http://www.osen.co.kr/article/G1110117794
270,"[사진]2015 서울 모터쇼 아우디 A3 e-tron,'강렬한 레드 컬러'",http://www.osen.co.kr/article/G1110117794
271,[2015 서울모터쇼] 시선 붙드는 '아우디 A3 e-tron',http://www.hankyung.com/news/app/newsview.php?aid=201504027276g
272,[MD포토] 아우디 A3 e-tron '강렬한 레드',http://www.mydaily.co.kr/new_yk/html/read.php?newsid=201504021655304438&ext=na
273,"아우디, A9 프로젝트 가동..A8 뛰어넘는 플래그십 EV 예고",http://m.dailycar.co.kr/content/news.html?type=view&autoId=37030
274,"도로서 멈춰선 아우디 차주 “4개월째 수리 못 받아, 본사는 무대응”",http://www.segye.com/content/html/2022/02/16/20220216511989.html?OutUrl=naver
275,[코멘트] 2차전지 반등의 조건 - 메리츠證,http://www.fntimes.com/html/view.php?ud=202103311532551470d94729ce13_18
276,[사진]아우디 '더 뉴 A3 e-tron',http://www.mt.co.kr/view/mtview.php?type=1&no=2014052916050038670&outlink=1
277,"현대차 '아이오닉 5'•기아 'EV6', 독일 유력 車 전문지 전기차 비교평가서 테슬라 모델Y 제쳤다",http://www.worktoday.co.kr/news/articleView.html?idxno=24491
278,"아우디, 켄 블락과 함께 할 ‘S1 e-트론 콰트로 후니트론’ 컨셉 공개",https://hankookilbo.com/News/Read/A2021123119360005668?did=NA
279,(獨 모터쇼)고성능 전기 스포츠카 `아우디 e-tron`,http://www.edaily.co.kr/news/newspath.asp?newsid=02177926589820776
280,"아우디 e-트론 GT 콰트로와 RS e-트론 GT 출시, 감성적인 순수 전기 4도어 쿠페",http://www.sportsseoul.com/news/read/1084132?ref=naver
281,"아우디 CEO가 테슬라 칭찬한 이유..""최소 2년 앞서 있다""",http://www.edaily.co.kr/news/newspath.asp?newsid=01387446625864040
282,"아우디, '아우디 e-트론 GT 콰트로'와 '아우디 RS e-트론 GT' 출시",http://kr.aving.net/news/view.php?articleId=1663366&Branch_ID=kr&rssid=naver&mn_name=news
283,[포토] 아우디 전기 스포츠카 'e-tron',http://www.segye.com/Articles/NEWS/ECONOMY/Article.asp?aid=20110402000942&subctg1=&subctg2=
284,"아우디 e-tron,'수많은 모델들과 함께'",http://osen.mt.co.kr/news/view.html?gid=G1103310282
285,"[포토]2011 서울모터쇼 개막, 아우디 전기 스포츠카 e-tron 공개",http://www.etoday.co.kr/news/section/newsview.php?TM=news&SM=0399&idxno=422797
286,‘500마력에 육박’ 아우디 E-트론 S 개발 중?,http://www.thedrive.co.kr/news/newsview.php?ncode=1065606641421349
287,"아우디 전기차 'E-트론', 노르웨이서 테슬라 제치고 판매 1위 등극",http://www.gpkorea.com/news/articleView.html?idxno=58277
288,"[클릭 e종목]높아지는 2차전지 성장성…LG·삼성·SK ""비중확대""",https://view.asiae.co.kr/article/2021020208012049942
289,"아이오닉5, 월드카어워즈 3관왕 석권..세계 ‘최고의 차’ 입증!",http://www.dailycar.co.kr/content/news.html?type=view&autoId=43784
290,"[타볼까]아우디, 16일 판매시작 e-트론 GT 콰트로·RS e-트론 GT",http://www.nspna.com/news/?mode=view&newsid=543541
291,[포토] 아우디 전기 스포츠카 'e-tron',http://www.segye.com/Articles/NEWS/ECONOMY/Article.asp?aid=20110402000942&subctg1=&subctg2=
292,"아우디 e-tron,'수많은 모델들과 함께'",http://osen.mt.co.kr/news/view.html?gid=G1103310282
293,"[포토]2011 서울모터쇼 개막, 아우디 전기 스포츠카 e-tron 공개",http://www.etoday.co.kr/news/section/newsview.php?TM=news&SM=0399&idxno=422797
294,‘500마력에 육박’ 아우디 E-트론 S 개발 중?,http://www.thedrive.co.kr/news/newsview.php?ncode=1065606641421349
295,"아우디 전기차 'E-트론', 노르웨이서 테슬라 제치고 판매 1위 등극",http://www.gpkorea.com/news/articleView.html?idxno=58277
296,"[클릭 e종목]높아지는 2차전지 성장성…LG·삼성·SK ""비중확대""",https://view.asiae.co.kr/article/2021020208012049942
297,"아이오닉5, 월드카어워즈 3관왕 석권..세계 ‘최고의 차’ 입증!",http://www.dailycar.co.kr/content/news.html?type=view&autoId=43784
298,[‘카’이벌] 한국서 벤츠에 도전장 내민 아우디,http://moneys.mt.co.kr/news/mwView.php?no=2020061819538095113
299,"[시승기] ""강력하고 짜릿했다""… 아우디 'e-트론 GT' 'RS e-트론 GT'",http://www.newscj.com/news/articleView.html?idxno=925598
300,[SR자동차] 아우디 'e-트론 GT 콰트로·RS e-트론 GT' 출시,http://www.srtimes.kr/news/articleView.html?idxno=104479
301,[‘카’이벌] 한국서 벤츠에 도전장 내민 아우디,http://moneys.mt.co.kr/news/mwView.php?no=2020061819538095113
302,"[시승기] ""강력하고 짜릿했다""… 아우디 'e-트론 GT' 'RS e-트론 GT'",http://www.newscj.com/news/articleView.html?idxno=925598
303,"GS샵, 26일 아우디 특별전 방송",http://www.megaeconomy.co.kr/news/articleView.html?idxno=94720
304,"<시승기> 아우디 이트론, 이 정도일 줄이야",http://www.sportsworldi.com/content/html/2020/07/22/20200722522813.html
305,"‘아우디 첫 프리미엄 전기차, 이 정도면 성공적?’ 이-트론 55 콰트로 살펴보니",https://it.donga.com/30786/
306,"아우디, 'e-트론' 시작으로 '전기 이동성' 미래 비전 제시",http://news.mt.co.kr/mtview.php?no=2019052812054443281
307,아우디 Q4 e-트론 가격은 6천만원대…무상보증은 5년,http://it.chosun.com/site/data/html_dir/2021/11/25/2021112501734.html
308,[포토]아우디 'Q7 e-tron',http://www.edaily.co.kr/news/newspath.asp?newsid=01886006612620056
309,'아우디 e-트론' 전기모터 2대 장착 스포츠카급 출력,http://biz.chosun.com/site/data/html_dir/2019/03/27/2019032701803.html?utm_source=naver&utm_medium=original&utm_campaign=biz
310,"GS샵, 아우디(AUDI) 특별전 방송",http://www.lawissue.co.kr/view.php?ud=202007231816469840204ead0791_12
311,"<시승기> 아우디 이트론, 이 정도일 줄이야",http://www.sportsworldi.com/content/html/2020/07/22/20200722522813.html
312,"‘아우디 첫 프리미엄 전기차, 이 정도면 성공적?’ 이-트론 55 콰트로 살펴보니",https://it.donga.com/30786/
313,"아우디, 'e-트론' 시작으로 '전기 이동성' 미래 비전 제시",http://news.mt.co.kr/mtview.php?no=2019052812054443281
314,아우디 Q4 e-트론 가격은 6천만원대…무상보증은 5년,http://it.chosun.com/site/data/html_dir/2021/11/25/2021112501734.html
315,[포토]아우디 'Q7 e-tron',http://www.edaily.co.kr/news/newspath.asp?newsid=01886006612620056
316,'아우디 e-트론' 전기모터 2대 장착 스포츠카급 출력,http://biz.chosun.com/site/data/html_dir/2019/03/27/2019032701803.html?utm_source=naver&utm_medium=original&utm_campaign=biz
317,"[포토]최시원, 뉴 아우디 A3 e-tron을 공개합니다",http://stoo.asiae.co.kr/news/naver_view.htm?idxno=2014052914341607973
318,아우디 'e-트론'..400km 주행거리에 AI 디지털 비전 제시,http://www.edaily.co.kr/news/newspath.asp?newsid=03453846619376200
319,"테슬라 모델 Y, '차체 도장에 사람 머리카락이? 기아 니로EV도 불만 많아",http://www.autodaily.co.kr/news/articleView.html?idxno=423899
320,'아우디 e-트론' 전기모터 2대 장착 스포츠카급 출력,http://biz.chosun.com/site/data/html_dir/2019/03/27/2019032701803.html?utm_source=naver&utm_medium=original&utm_campaign=biz
321,"[포토]최시원, 뉴 아우디 A3 e-tron을 공개합니다",http://stoo.asiae.co.kr/news/naver_view.htm?idxno=2014052914341607973
322,아우디 'e-트론'..400km 주행거리에 AI 디지털 비전 제시,http://www.edaily.co.kr/news/newspath.asp?newsid=03453846619376200
323,"테슬라 모델 Y, '차체 도장에 사람 머리카락이? 기아 니로EV도 불만 많아",http://www.autodaily.co.kr/news/articleView.html?idxno=423899
324,"삼성디스플레이, 아우디 첫 양산 전기차 e-트론에 OLED 공급",http://www.businesskorea.co.kr/news/articleView.html?idxno=25430
325,아우디 최초 양산형 순수 전기차 ‘e-트론’ 베일 벗다,http://sports.hankooki.com/lpage/economy/201809/sp20180920172834136980.htm
326,"아우디, 브랜드 최초 양산형 순수 전기차 ‘아우디 e-트론’ 공개",http://www.sedaily.com/NewsView/1S4P3FDK3O
327,"[T포토] 지진희, '아우디 전기 스포츠카 e-tron과 함께'",http://www.tvreport.co.kr/?c=news&m=newsview&idx=105416
328,"아우디, 첫 순수 전기차 'e-트론' 공개…""韓 내년 출시 예정""",http://www.newsis.com/view/?id=NISX20180918_0000421468&cID=13001&pID=13000
329,[시승기] 합리적인 고성능 혼합차. 플러그 인 하이브리드(PHV) A3 e-tron 타보니,http://car.tvreport.co.kr/?c=news&m=newsview&idx=654293
330,"아우디 브랜드 첫 양산형 전기차 ‘아우디 e-트론’, 주행거리 400km",http://www.osen.co.kr/article/G1110992178
331,"[T포토] 지진희, '아우디 전기 스포츠카 e-tron과 함께'",http://www.tvreport.co.kr/?c=news&m=newsview&idx=105416
332,"아우디, 첫 순수 전기차 'e-트론' 공개…""韓 내년 출시 예정""",http://www.newsis.com/view/?id=NISX20180918_0000421468&cID=13001&pID=13000
333,[시승기] 합리적인 고성능 혼합차. 플러그 인 하이브리드(PHV) A3 e-tron 타보니,http://car.tvreport.co.kr/?c=news&m=newsview&idx=654293
334,"[박상욱의 기후 1.5] 2021년, 전기차 원년 될까",http://news.jtbc.joins.com/article/article.aspx?news_id=NB11974382
335,[서울모빌리티쇼] RS E-트론 GT 소개하는 아우디 홍보대사 최시원,http://www.wolyo.co.kr/news/articleView.html?idxno=126255
336,"아우디, 전기차 ‘e-트론’ 9월 공개 계획..주행거리는 400km",http://www.dailycar.co.kr/content/news.html?type=view&autoId=30715
337,"아우디 전기차 'e-트론 스포트백 55콰트로', 브레이크 압력장치 '제작결함' 리콜",http://www.koreastocknews.com/news/articleView.html?idxno=67806
338,[포토] 서울모빌리티쇼서 공개된 아우디 A6 e-트론 콘셉트카,https://biz.newdaily.co.kr/site/data/html/2021/11/25/2021112500233.html
339,아우디 신형 전기 4도어 쿠페 2개 모델 한국 시장 상륙,http://www.efnews.co.kr/news/articleView.html?idxno=93323
340,아우디 최초 양산형 순수 전기차 ‘e-트론’ 공개,http://www.edaily.co.kr/news/newspath.asp?newsid=02204166619341760
341,"[T포토] 지진희, '아우디 전기 스포츠카 e-tron과 함께'",http://www.tvreport.co.kr/?c=news&m=newsview&idx=105416
342,"아우디, 첫 순수 전기차 'e-트론' 공개…""韓 내년 출시 예정""",http://www.newsis.com/view/?id=NISX20180918_0000421468&cID=13001&pID=13000
343,[시승기] 합리적인 고성능 혼합차. 플러그 인 하이브리드(PHV) A3 e-tron 타보니,http://car.tvreport.co.kr/?c=news&m=newsview&idx=654293
344,"[박상욱의 기후 1.5] 2021년, 전기차 원년 될까",http://news.jtbc.joins.com/article/article.aspx?news_id=NB11974382
345,[서울모빌리티쇼] RS E-트론 GT 소개하는 아우디 홍보대사 최시원,http://www.wolyo.co.kr/news/articleView.html?idxno=126255
346,"아우디, 전기차 ‘e-트론’ 9월 공개 계획..주행거리는 400km",http://www.dailycar.co.kr/content/news.html?type=view&autoId=30715
347,"아우디 전기차 'e-트론 스포트백 55콰트로', 브레이크 압력장치 '제작결함' 리콜",http://www.koreastocknews.com/news/articleView.html?idxno=67806
348,[포토] 서울모빌리티쇼서 공개된 아우디 A6 e-트론 콘셉트카,https://biz.newdaily.co.kr/site/data/html/2021/11/25/2021112500233.html
349,아우디 신형 전기 4도어 쿠페 2개 모델 한국 시장 상륙,http://www.efnews.co.kr/news/articleView.html?idxno=93323
350,"아우디, 전기차 ‘e-트론’ 9월 공개 계획..주행거리는 400km",http://www.dailycar.co.kr/content/news.html?type=view&autoId=30715
351,"아우디 전기차 'e-트론 스포트백 55콰트로', 브레이크 압력장치 '제작결함' 리콜",http://www.koreastocknews.com/news/articleView.html?idxno=67806
352,[포토] 서울모빌리티쇼서 공개된 아우디 A6 e-트론 콘셉트카,https://biz.newdaily.co.kr/site/data/html/2021/11/25/2021112500233.html
353,아우디 신형 전기 4도어 쿠페 2개 모델 한국 시장 상륙,http://www.efnews.co.kr/news/articleView.html?idxno=93323
354,아우디·폴스타·벤츠…1회 충전 500km 이상 '전기차 줄출격',http://www.newspim.com/news/view/20220105000857
355,내년부터 달라지는 자동차 제도 - EV6 독일에서 호평 - 벤츠·아우디 등 과징금 [모터그램],http://www.sisunnews.co.kr/news/articleView.html?idxno=155124
356,"포르쉐·아우디, 한국타이어 '전기차 타이어'에 반했다",https://www.dailian.co.kr/news/view/1065851/?sc=Naver
357,"EV 배터리에 호되게 당한 아우디, 수소연료전지차 개발 속도낸다",http://www.autodaily.co.kr/news/articleView.html?idxno=408810
358,"현대차 아이오닉 5, 독일서 전기차 비교평가 1위",http://www.nspna.com/news/?mode=view&newsid=561765
359,"현대차 ‘아이오닉 5’, 독일 ‘아우토빌트’ 전기차 비교평가서 1위",https://sports.donga.com/article/all/20220328/112562620/2
360,"현대차 '아이오닉 5', 獨 '아우토빌트'誌 전기차 비교평가서 1위",http://kr.aving.net/news/view.php?articleId=1694809&Branch_ID=kr&rssid=naver&mn_name=news
361,"아우디, 최저가 전기차 Q4 E-Tron 미국 출시",http://news.einfomax.co.kr/news/articleView.html?idxno=4142620
362,"아우디폭스바겐 ""韓 출시 첫 전기차는 e-트론""",http://www.zdnet.co.kr/ArticleView.asp?artice_id=20180406130343
363,"현대차 아이오닉5, 獨 전기차 비교평가 1위",http://www.ksilbo.co.kr/news/articleView.html?idxno=930667
364,"벤츠·아우디 등 9개사 과징금 139억 부과, 이유는?",http://www.thedrive.co.kr/news/newsview.php?ncode=1065594768978151
365,"현대차그룹, 아이오닉 5·EV6 세계 전기차 시장 '퍼스트 무버' 자리매김",http://www.metroseoul.co.kr/article/20220424500107
366,"아우디 코리아, ‘뉴 아우디 A3 스포트백 e-트론‘ 출시",http://www.newsway.co.kr/view.php?tp=1&ud=2016021809091741692
367,[영화車]아이언맨 토니 스타크의 애마 '아우디 R8',http://www.edaily.co.kr/news/newspath.asp?newsid=03896646622388224
368,[포토엔]고성능 전기 스포츠카 아우디 e-트론(e-Tron),http://www.newsen.com/news_view.php?uid=201104011532082006
369,‘신차 쏟아진다’ 아우디·포르쉐·마세라티의 화려한 출사표,https://www.asiatoday.co.kr/view.php?key=20211125010015607
370,"현대차그룹, 아이오닉 5·EV6 세계 전기차 시장 '퍼스트 무버' 자리매김",http://www.metroseoul.co.kr/article/20220424500107
371,"아우디 코리아, ‘뉴 아우디 A3 스포트백 e-트론‘ 출시",http://www.newsway.co.kr/view.php?tp=1&ud=2016021809091741692
372,[영화車]아이언맨 토니 스타크의 애마 '아우디 R8',http://www.edaily.co.kr/news/newspath.asp?newsid=03896646622388224
373,'안전기준 부적합' 벤츠·아우디 등 9개사에 과징금 139억원,http://yna.kr/AKR20211230054200003?did=1195m
374,[포토엔]고성능 전기 스포츠카 아우디 e-트론(e-Tron),http://www.newsen.com/news_view.php?uid=201104011532082006
375,‘신차 쏟아진다’ 아우디·포르쉐·마세라티의 화려한 출사표,https://www.asiatoday.co.kr/view.php?key=20211125010015607
376,아우디 전기차 '이트론(e-tron) 55' 충전 주행거리 오류,http://www.gnetimes.co.kr/news/articleView.html?idxno=61853
377,"[사진]2015 상하이 모터쇼,'소유욕 자극하는 Q7 e-tron'",http://www.osen.co.kr/article/G1110131658
378,아우디 'CES 2019'서 디즈니와 제휴 '차량탑재 VR서비스' 플랫폼 공개,http://www.g-enews.com/ko-kr/news/article/news_all/2019010811581115669ecba8d8b8_1/article.html
379,[시승기] 아우디의 미래와 아이콘 그리고 현재의 실용주의와 함께한 시간,https://hankookilbo.com/News/Read/A2021120122140000676?did=NA
380,"아우디, A3 스포트백 e-트론 출시 ‘한번 주유로 600km, 5550만 원’",http://car.donga.com/3/all/20160218/76514798/2
381,‘신차 쏟아진다’ 아우디·포르쉐·마세라티의 화려한 출사표,https://www.asiatoday.co.kr/view.php?key=20211125010015607
382,아우디 전기차 '이트론(e-tron) 55' 충전 주행거리 오류,http://www.gnetimes.co.kr/news/articleView.html?idxno=61853
383,"[사진]2015 상하이 모터쇼,'소유욕 자극하는 Q7 e-tron'",http://www.osen.co.kr/article/G1110131658
384,벤츠·혼다‧포드‧아우디 등 9개사 '안전기준 부적합'…과징금 139억원,http://www.ntoday.co.kr/news/articleView.html?idxno=82183
385,아우디 'CES 2019'서 디즈니와 제휴 '차량탑재 VR서비스' 플랫폼 공개,http://www.g-enews.com/ko-kr/news/article/news_all/2019010811581115669ecba8d8b8_1/article.html
386,[시승기] 아우디의 미래와 아이콘 그리고 현재의 실용주의와 함께한 시간,https://hankookilbo.com/News/Read/A2021120122140000676?did=NA
387,"[동영상 시승기] 컴팩트 친환경 차량, 아우디 A3 스포트백 e-트론",http://car.tvreport.co.kr/?c=news&m=newsview&idx=655700
388,"아우디, 모로코 사막서 'RS Q E-트론' 테스트...2022 다카르 랠리 출전",http://www.gpkorea.com/news/articleView.html?idxno=78170
389,"아우디, 스케이트보드처럼 타는 전동스쿠터 제작",http://www.zdnet.co.kr/ArticleView.asp?artice_id=20190806094348
390,"아우디, 모로코 사막서 'RS Q E-트론' 테스트...2022 다카르 랠리 출전",http://www.gpkorea.com/news/articleView.html?idxno=78170
391,"아우디, 스케이트보드처럼 타는 전동스쿠터 제작",http://www.zdnet.co.kr/ArticleView.asp?artice_id=20190806094348
392,"[포커스]아우디 A3 스포트백 e-트론, ‘게임 체인저’ 될까",http://sports.hankooki.com/lpage/economy/201408/sp20140820113825136990.htm
393,"[단독] 아우디폭스바겐 왜 이러나, '카드뮴 초과검출' 환경부 적발",http://www.nocutnews.co.kr/news/5109081
394,"아우디, 플러그인 하이브리드 'A3 스포트백 e-트론' 출시",http://www.it.co.kr/news/article.html?no=2815793
395,"아우디, 순수 전기차 ‘e-트론 스포트백 55 콰트로’ 출시",http://www.rpm9.com/news/article.html?id=20210903090003
396,"[글로벌-Biz 24] 아우디전기차 배터리, 지게차에 재활용",http://www.g-enews.com/ko-kr/news/article/news_all/201903291439099232c5557f8da8_1/article.html
397,"아우디 신형 전기차 런칭 무대, 시그넷이브이 초급속 충전기 등장",http://www.industrynews.co.kr/news/articleView.html?idxno=26967
398,<PRNewswire>음향 혁신: 아우디의 e-사운드,https://news.naver.com/main/read.naver?mode=LSD&mid=sec&sid1=104&oid=001&aid=0005575829
399,"아우디, 프리미엄 소형 해치백 'A3 e-트론' 공개",http://www.mt.co.kr/view/mtview.php?type=1&no=2014042115095593004&outlink=1
400,<PRNewswire>음향 혁신: 아우디의 e-사운드,https://news.naver.com/main/read.naver?mode=LSD&mid=sec&sid1=104&oid=001&aid=0005575829
401,"아우디, 프리미엄 소형 해치백 'A3 e-트론' 공개",http://www.mt.co.kr/view/mtview.php?type=1&no=2014042115095593004&outlink=1
402,"시그넷이브 ""자사 초급속 충전기, 아우디 전기차와 무대 함께 올라""",http://www.asiatime.co.kr/news/articleView.html?idxno=202769
403,"아우디 코리아, 플러그인 하이브리드 모델…뉴 아우디 A3 스포트백 e-tron 출시",http://www.metroseoul.co.kr/news/newsview?newscd=2016021800022
404,"삼성디스플레이, 아우디 전기차에 7인치 OLED 공급",http://www.newspim.com/news/view/20181003000025
405,아우디 최초 플러그인하이브리드 ‘A3 스포트백 e트론’…연비·기능성 모두 잡아,http://sports.khan.co.kr/news/sk_index.html?cat=view&art_id=201406062336533&sec_id=563002&pt=nv
406,아우디 첫 플러그인하이브리드 ‘A3 e-트론’ 인기비결,http://sports.khan.co.kr/news/sk_index.html?cat=view&art_id=201406021042453&sec_id=563002&pt=nv
407,"아우디 “차세대 하이브리드 시장, 못줘” ‘A3 e트론’ 벡스코에 올린다",http://sports.khan.co.kr/news/sk_index.html?cat=view&art_id=201405261526403&sec_id=563002&pt=nv
408,"한국타이어, 글로벌 시장에서 '질주'…포르쉐·아우디·폭스바겐 전기차 타이어 공급",http://mbnmoney.mbn.co.kr/news/view?news_no=MM1004490741
409,아우디 플러그인 하이브리드카 'A3 스포트백 e-트론' 국내 첫선,http://www.mt.co.kr/view/mtview.php?type=1&no=2014052915353248916&outlink=1
410,아우디 이-트론과 함께 등장한 충전기 뭐지?,http://moneys.mt.co.kr/news/mwView.php?no=2018100111188088915
411,"한국타이어, 글로벌 시장에서 '질주'…포르쉐·아우디·폭스바겐 전기차 타이어 공급",http://mbnmoney.mbn.co.kr/news/view?news_no=MM1004490741
412,아우디 플러그인 하이브리드카 'A3 스포트백 e-트론' 국내 첫선,http://www.mt.co.kr/view/mtview.php?type=1&no=2014052915353248916&outlink=1
413,주목받는 프리미엄 전기 SUV 3종...테슬라vs재규어vs아우디,http://www.zdnet.co.kr/ArticleView.asp?artice_id=20190111150513
414,"[현장] ""초고성능에 전기 입혔다""…아우디 인기라인 직접 타보니",http://www.enewstoday.co.kr/news/articleView.html?idxno=1526306
415,"아우디, 'e-트론 스포트백 55 콰트로' 6일부터 판매",http://www.ajunews.com/view/20210902140558861
416,"‘아우디 e-트론 스포트백 55 콰트로’ 가세, 전기차 라인업 날로 풍성",http://www.osen.co.kr/article/G1111646827
417,"아우디, 바르사 선수단에 차 선물… 메시는 SQ7 선택",http://www.sportalkorea.com/news/view.php?gisa_uniq=2019032813324712§ion_code=20&cp=se&gomb=1
418,"아우디코리아 사장 ""전기차 경험하는 가장 좋은 방법은 아우디 운전하는 것""",http://www.newspim.com/news/view/20211111001027
419,[시승기] 친환경·스포티 잡은 아우디 A3 e-트론 '야누스적 매력',http://www.newsprime.co.kr/news/article.html?no=306109
420,"아우디, 'e-트론 스포트백 55 콰트로' 출시...6일부터 판매 시작",http://www.consumernews.co.kr/news/articleView.html?idxno=634756
421,"아우디코리아 사장 ""전기차 경험하는 가장 좋은 방법은 아우디 운전하는 것""",http://www.newspim.com/news/view/20211111001027
422,[시승기] 친환경·스포티 잡은 아우디 A3 e-트론 '야누스적 매력',http://www.newsprime.co.kr/news/article.html?no=306109
423,"아우디 A3 스포트백 e트론 `똑똑한 녀석, 힐링하이브리드`",http://www.gpkorea.com/bbs/board.php?bo_table=gp_motorsports&wr_id=12285
424,아우디 A3 40% 파격 할인?...할인폭 미정,http://www.zdnet.co.kr/ArticleView.asp?artice_id=20180725141049
425,전기차에 담은 내연기관 '기술력'…아우디 'RS 이트론 GT',https://www.nocutnews.co.kr/news/5658918
426,내년 설은 전기차 타고 고향갈까…올해 전기차 '봇물',http://www.newspim.com/news/view/20220128001397
427,"아우디, 순수 전기 스포츠카 e트론 선보여",http://news.mk.co.kr/news_forward.php?no=196488&year=2011
428,"삼성디스플레이 OLED, 아우디 타고 달린다",http://www.dailian.co.kr/news/view/742721/?sc=naver
429,"크리스티아누 호날두, 1억 9000만원 아우디 RS7 스포트백 애마로 지정!",http://www.g-enews.com/ko-kr/news/article/news_all/201711240955515803dc27ddea51_1/article.html
430,"아우디, 순수 전기 스포츠카 e트론 선보여",http://news.mk.co.kr/news_forward.php?no=196488&year=2011
431,"삼성디스플레이 OLED, 아우디 타고 달린다",http://www.dailian.co.kr/news/view/742721/?sc=naver
432,"크리스티아누 호날두, 1억 9000만원 아우디 RS7 스포트백 애마로 지정!",http://www.g-enews.com/ko-kr/news/article/news_all/201711240955515803dc27ddea51_1/article.html
433,"벤츠·BMW·아우디, 내년 수입 전기차 시장 '군불'",http://www.newspim.com/news/view/20211115000922
434,"[2011 서울모터쇼] 지진희도 깜짝 등장, 아우디 E-torn",http://www.fnnews.com/view?ra=Sent0601m_01A&corp=fnnews&arcid=110331174905&cDateYear=2011&cDateMonth=03&cDateDay=31&
435,아우디 폭스바겐이 점찍은 모빌리티 아이디어 5,http://www.venturesquare.net/774234
436,"아우디, 컴팩트 전기 SUV 'Q4 이트론' 공개",http://www.inews24.com/view/1421890
437,[시승기] 전기차 미래에 대한 아우디의 해석 'RS 이트론 GT' 타보니...,http://www.newspim.com/news/view/20211111000991
438,[짱기자 리뷰] 테슬라 긴장케할 SUV 전기차…아우디 이트론 스포츠백,http://app.yonhapnews.co.kr/YNA/Basic/SNS/r.aspx?c=AKR20170426122100704&did=1195m
439,비싸고 주행거리 짧은 아우디 e-트론..후속 Q6 e-트론으로 변신하나(?),http://www.dailycar.co.kr/content/news.html?type=view&autoId=40506
440,비싸고 주행거리 짧은 아우디 e-트론..후속 Q6 e-트론으로 변신하나(?),http://www.dailycar.co.kr/content/news.html?type=view&autoId=40506
441,고요한 서울 밤을 미끄러지듯 달리는 전기차 넷,http://www.esquirekorea.co.kr/article/62600
442,[아시아에이TV] 어린이날 100주년 맞이 할인행사 '풍성',http://www.asiaa.co.kr/news/articleView.html?idxno=85472
443,"[서울모터쇼] 아우디, 고성능 전기 스포츠카 e-트론 공개",http://news.mk.co.kr/news_forward.php?no=203611&year=2011
444,"아우디, '서울모터쇼'서 'e-트론 콘셉트카' 등 다양한 신차 선보여",http://kr.aving.net/news/view.php?articleId=191591&Branch_ID=kr&rssid=naver&mn_name=news
445,[2011 서울모터쇼] 아우디/‘e―트론’ 아시아 최초 공개,http://www.fnnews.com/view?ra=Sent0601m_01A&corp=fnnews&arcid=0922264571&cDateYear=2011&cDateMonth=03&cDateDay=28&
446,"아우디, 전기로 힘을 달리는 ‘Q e-트론 다카르 랠리’ 공개",https://hankookilbo.com/News/Read/A2021080707440001963?did=NA
447,아우디 첫 전기차에 삼성 OLED 탑재,http://news.mtn.co.kr/newscenter/news_viewer.mtn?gidx=2018100408304390012
448,"아우디, 2022년 ‘A6 e-트론’ 양산 모델 선보일까?",https://hankookilbo.com/News/Read/A2021081607590001933?did=NA
449,"아우디, 디트로이트 모터쇼에 뉴 A8·e-트론 출품",http://www.newsen.com/news_view.php?uid=201001122333492004
450,"아우디, 서울모터쇼서 괴물 전기차 'e-트론'공개",http://www.edaily.co.kr/news/newspath.asp?newsid=02112326596188240
451,"아우디, 2022년 ‘A6 e-트론’ 양산 모델 선보일까?",https://hankookilbo.com/News/Read/A2021081607590001933?did=NA
452,"아우디, 디트로이트 모터쇼에 뉴 A8·e-트론 출품",http://www.newsen.com/news_view.php?uid=201001122333492004
453,"뉴아우디 'A8', 전기스포츠카 'e-트론' 공개",http://kr.aving.net/news/view.php?articleId=144258&Branch_ID=kr
454,"아우디, 플레이스테이션 홈에 'e-트론' 체험공간 마련",https://news.naver.com/main/read.naver?mode=LSD&mid=sec&sid1=101&oid=003&aid=0002886193
455,"아우디, 獨모터쇼서 전기 스포츠카 'e-트론' 공개",https://news.naver.com/main/read.naver?mode=LSD&mid=sec&sid1=101&oid=003&aid=0002864722
456,"아우디, e-트론 스포트백 55콰트로 출시",http://www.kpinews.co.kr/news/articleView.html?idxno=156671
457,"2017 아우디 A3, 변신을 통해 새로운 도약을 준비하다",http://autoin.edaily.co.kr/news/newspath.asp?newsid=02991366612682048
458,"<디트로이트 모터쇼>아우디, '뉴 A8·e-트론' 공개",https://news.naver.com/main/read.naver?mode=LSD&mid=sec&sid1=101&oid=003&aid=0003041359
459,"""아우디 e-트론을 소개합니다""",https://news.naver.com/main/read.naver?mode=LSD&mid=sec&sid1=101&oid=003&aid=0002865284
460,"아우디, 서울모터쇼서 'e-트론' 콘셉트카 공개",https://news.naver.com/main/read.naver?mode=LSD&mid=sec&sid1=101&oid=001&aid=0004982578
461,"아우디, 전기차 'e-트론' 드라이빙 체험",http://www.cbs.co.kr/nocut/Show.asp?IDX=1273640
462,"""아우디 e-트론을 소개합니다""",https://news.naver.com/main/read.naver?mode=LSD&mid=sec&sid1=101&oid=003&aid=0002865284
463,"아우디코리아, 플러그인 하이브리드 '뉴 A3' 출시...최대 600km 주행",http://www.ebn.co.kr/news/view/817272
464,"아우디코리아, 뉴 아우디 A3 스포트백 PHEV 국내 출시...한 번 주유로 600km 주행",http://news.mtn.co.kr/newscenter/news_viewer.mtn?gidx=2016021814185768297
465,"포드, 머스탱 기반 전기 SUV 출시계획..EQC·e-트론 과 경쟁 예고",http://www.dailycar.co.kr/content/news.html?type=view&autoId=34054
466,"아우디 최초 PHEV 차량, 내년 상반기 국내 출시",http://www.zdnet.co.kr/ArticleView.asp?artice_id=20151224104039
467,"전기차 보조금 제도 변경 예고에…완성차, '가격 눈치전'",http://www.newspim.com/news/view/20211214000726
468,[주목!e해외주식]반등하는 테슬라…2분기 실적 ‘분수령’,http://www.edaily.co.kr/news/newspath.asp?newsid=01446486622524344
469,"LG화학, '배터리 전쟁' 전선 확대…'e-트론' 이어 'I-페이스' 생산 차질",http://www.ekn.kr/news/article.html?no=430422
470,[주목!e해외주식]반등하는 테슬라…2분기 실적 ‘분수령’,http://www.edaily.co.kr/news/newspath.asp?newsid=01446486622524344
471,"LG화학, '배터리 전쟁' 전선 확대…'e-트론' 이어 'I-페이스' 생산 차질",http://www.ekn.kr/news/article.html?no=430422
472,"아우디, 2020년 다채로운 전기차 라인업 선보일 예정",http://autoin.edaily.co.kr/news/newspath.asp?newsid=01413686616160160
473,"'수입차 주도' 독일4사, 내년 준중형급 SUV 전기차 경쟁도 '후끈'",http://www.newspim.com/news/view/20211126000695
474,"[레알시승기]전기차 중 최고의 승차감, 아우디 e-트론 스포트백 50콰트로",https://www.nocutnews.co.kr/news/5585998
475,"제네시스 vs 독일차, 전기차도 고성능&럭셔리 '맞불'",http://www.newspim.com/news/view/20211125000919
476,"아우디, 첫 플러그인 하이브리드 ‘A3 스포트백 이-트론’ 출시 임박",http://www.fnnews.com/view?ra=Sent0601m_01A&corp=fnnews&arcid=201407040100044580002303&cDateYear=2014&cDateMonth=07&cDateDay=03&
477,"한국타이어, 아우디 ‘e-트론 GT’에 신차용 타이어 공급",http://www.rpm9.com/news/article.html?id=20210616090027
478,"한국타이어, 아우디 최초 순수 전기 스포츠카 'e-트론 GT'에 신차용 타이어 공급",http://www.ccnnews.co.kr/news/articleView.html?idxno=222316
479,"한국타이어, 아우디 'e-트론 GT'에 신차용 타이어 공급",http://www.getnews.co.kr/news/articleView.html?idxno=535291
480,"한국타이어, 아우디 'e-트론 GT' 타이어 공급",http://www.consumuch.com/news/articleView.html?idxno=52709
481,"한국타이어, 아우디 'e-트론 GT'에 신차용 타이어 공급",http://www.getnews.co.kr/news/articleView.html?idxno=535291
482,"아우디, 벨기에 브뤼셀 공장서 전기차 생산 올인",http://www.zdnet.co.kr/ArticleView.asp?artice_id=20160122083919
483,"[Story포토] 아우디, 전기화 여정의 시작을 알리는 'e-트론 GT'-'RS e-트론 GT'",https://www.econovill.com/news/articleView.html?idxno=532818
484,BMW·벤츠·아우디·폭스바겐…프랑크푸르트모터쇼서 화려한 변신 '주목',http://www.mediapen.com/news/articleView.html?idxno=94223
485,"[2015 프랑크푸르트 모터쇼] 아우디, '뉴 S8+·A4' 등 신차·콘셉트카 공개",http://www.osen.co.kr/article/G1110246999
486,[별별시승] 현실이 된 미래···아우디 전기차 서두 연 e-트론,https://www.sedaily.com/NewsView/22P0F1AZ69
487,"아우디, ‘죽음의 레이스’ 다카르 랠리 전기차로 도전..테스트 무사 통과!",http://www.dailycar.co.kr/content/news.html?type=view&autoId=40671
488,[포토] 아우디 e-트론 `휠도 보통이 아니죠?!`,http://news.mk.co.kr/news_forward.php?no=203051&year=2011
489,"아우디 코리아, 2015년 실적 및 2016년 계획 발표",http://car.tvreport.co.kr/?c=news&m=newsview&idx=655329
490,"한국타이어, 아우디 전기 스포츠카 'e-트론 GT'에 신차용 타이어 공급",https://www.etoday.co.kr/news/view/2035605
491,"아우디, 벨기에 브뤼셀 공장서 전기차 생산 올인",http://www.zdnet.co.kr/ArticleView.asp?artice_id=20160122083919
492,"[Story포토] 아우디, 전기화 여정의 시작을 알리는 'e-트론 GT'-'RS e-트론 GT'",https://www.econovill.com/news/articleView.html?idxno=532818
493,BMW·벤츠·아우디·폭스바겐…프랑크푸르트모터쇼서 화려한 변신 '주목',http://www.mediapen.com/news/articleView.html?idxno=94223
494,"[2015 프랑크푸르트 모터쇼] 아우디, '뉴 S8+·A4' 등 신차·콘셉트카 공개",http://www.osen.co.kr/article/G1110246999
495,[별별시승] 현실이 된 미래···아우디 전기차 서두 연 e-트론,https://www.sedaily.com/NewsView/22P0F1AZ69
496,"아우디, ‘죽음의 레이스’ 다카르 랠리 전기차로 도전..테스트 무사 통과!",http://www.dailycar.co.kr/content/news.html?type=view&autoId=40671
497,[포토] 아우디 e-트론 `휠도 보통이 아니죠?!`,http://news.mk.co.kr/news_forward.php?no=203051&year=2011
498,"아우디 코리아, 2015년 실적 및 2016년 계획 발표",http://car.tvreport.co.kr/?c=news&m=newsview&idx=655329
499,"아우디 코리아, 2015년 실적과 2016년 계획 발표",http://www.enewstoday.co.kr/news/articleView.html?idxno=459854
