,title,url
0,"푸조 307, 607 리콜",http://www.autotimes.co.kr/article_view.php?id=31887
1,"푸조 307, 607 승용차 리콜실시",http://aving.net/atc/read.asp?c_num=79611&Branch_ID=kr
2,"[클래식카] 세련된 스타일과 오픈-에어링의 즐거움, ‘푸조 307 CC’",http://www.hankookilbo.com/news/npath/201905100779763143?did=NA
3,[웰빙바람 거세다－푸조 307SW] 유리로 덮은 천장 차안에서 별을,https://news.naver.com/main/read.naver?mode=LSD&mid=sec&sid1=101&oid=014&aid=0000116523
4,i30 경쟁모델 푸조 `307해치백` 24만대 리콜,http://www.edaily.co.kr/news/newspath.asp?newsid=01538326583230272
5,[The test]푸조 디젤 뉴 307HDi 타 보니,http://www.donga.com/fbin/output?n=200703150028
6,"푸조,유럽 베스트 셀링 해치백 NEW 307 HDi 출시한다",http://www.cbs.co.kr/Nocut/Show.asp?IDX=415108
7,"푸조, 브라질서 307모델 1만4천대 리콜",https://news.naver.com/main/read.naver?mode=LSD&mid=sec&sid1=101&oid=001&aid=0003101380
8,[CAR]푸조 New 307 HDi,http://newsmaker.khan.co.kr/khnm.html?mode=view&code=114&artid=13667&pt=nv
9,[시승기] 제주도에서 더욱 돋보이는 프렌치 왜건의 가치…푸조 508 SW,https://hankookilbo.com/News/Read/A2022020421110001516?did=NA
10,"[자동차]어코드·푸조307·볼보C30 '제네시스, 한판 붙자!’ - 국산차와 경쟁하는 수입차?",http://www.prosumero.com/cp/view.asp?vol_no=22&art_no=31&sec_cd=1002
11,"2007서울모터쇼 첫 수입차 경품, 푸조 NEW 307 HDi 주인공 탄생!",https://news.naver.com/main/read.naver?mode=LSD&mid=sec&sid1=103&oid=003&aid=0000375788
12,"푸조, 307 SW 2.0 가솔린 모델 판매",https://news.naver.com/main/read.naver?mode=LSD&mid=sec&sid1=101&oid=003&aid=0000434232
13,"푸조의 뉴 307 SW, 넉넉한 실내·순간 가속력 탁월",http://www.khan.co.kr/kh_news/art_view.html?artid=200612101707421&code=920401
14,[시승기] 푸조 뉴 307HDi‥순간 가속력·연비 등 탁월,http://www.hankyung.com/news/app/newsview.php?aid=2007032516481
15,308 SW·508 SW...푸조가 '왜건'을 고집하는 이유,http://www.ebn.co.kr/news/view/994592
16,"푸조 ""`307 SW` 사시면 1년치 주유비 드려요""",http://www.edaily.co.kr/news/newspath.asp?newsid=02240246586536840
17,'최강 왜건은 나!' 볼보 V60 CC vs 푸조 508 SW,http://www.gpkorea.com/news/articleView.html?idxno=54676
18,GS홈쇼핑 푸조 307 판매,http://news.mk.co.kr/news_forward.php?no=243560&year=2008
19,제주 푸조·시트로엥 자동차박물관 대표 클래식카③,http://news.donga.com/3/all/20181215/93319924/2
20,"[시승기] 프랑스 감성의 냉철한 진화, ‘뉴 푸조 308’",http://www.it.co.kr/news/article.html?no=2793876
21,"푸조 308, 반세기의 역사를 가진 푸조의 대표 모델",http://www.it.co.kr/news/mediaitNewsView.php?nSeq=2673317
22,"푸조, 5년 이상된 차량들에 대체 부품 공급…가격이 순정 부품 대비 20~30% 낮아져",http://news.khan.co.kr/kh_news/khan_art_view.html?artid=201604111009011&code=920508
23,[제네바모터쇼]푸조 308 ‘2014 유럽 올해의 차’ 수상,http://car.donga.com/3/all/20140304/61417078/1
24,잘 빠진 New 푸조 508 한 대 '다른 세단 안 부럽다',http://mbn.mk.co.kr/pages/news/newsView.php?category=mbn00009&news_seq_no=2083782
25,푸조 자동차(디젤 승용차) 리콜 실시,http://korea.kr/newsWeb/pages/brief/partNews2/view.do?dataId=155724579&call_from=extlink&call_from=extlink
26,"푸조, 대체 부품 서비스 ‘유로레파(Eurorepar) 패키지’ 출시",http://sports.hankooki.com/lpage/economy/201604/sp20160412230340136980.htm
27,[기업브리핑]푸조자동차,http://www.heraldbiz.com/SITE/data/html_dir/2007/01/23/200701230088.asp
28,폭스바겐·푸조 베스트셀링카 10위내 진입… CEO에 듣는 성공요인,http://www.busanilbo.com/news2000/html/2008/0114/020020080114.1022110457.html
29,"푸조, 부산 전시장 개관..지역밀착 경영 강화",http://www.moneytoday.co.kr/view/mtview.php?type=1&no=2005051710403825348&outlink=1
30,'디젤 엔진'의 영원한 리더 '푸조(PEUGEOT)',http://www.etoday.kr/news/section/newsview.php?TM=news&SM=0499&idxno=247010
31,편의점 업체 ‘GS25’에서 ‘푸조’ 판매,http://www.donga.com/fbin/output?n=200907200357
32,BMW-푸조 제휴 검토설,http://www.autotimes.co.kr/article_view.php?id=41783
33,BMW-푸조 제휴 검토설<佛언론>(종합),https://news.naver.com/main/read.naver?mode=LSD&mid=sec&sid1=101&oid=001&aid=0002481782
34,푸조 디젤승용차 7개 차종 2962대 리콜,http://www.moneytoday.co.kr/view/mtview.php?type=1&no=2011022714437081654&outlink=1
35,"푸조, 디젤 하이브리드 ""베일 벗었다""",http://www.moneytoday.co.kr/view/mtview.php?type=1&no=2006020512411889519&outlink=1
36,"""현대차, i30의 타깃은 골프와 307""(상보)",http://www.moneytoday.co.kr/view/mtview.php?type=1&no=2007071213132021697&outlink=1
37,"SK네트웍스, 부산 수영구에 푸조 전시장",https://news.naver.com/main/read.naver?mode=LSD&mid=sec&sid1=105&oid=029&aid=0000103534
38,GS25 ‘푸조’ 2種 할인 판매,http://www.fnnews.com/view?ra=Sent0701m_01A&corp=fnnews&arcid=090720222451&cDateYear=2009&cDateMonth=07&cDateDay=21&
39,"GS25, 3천만원짜리 수입차 '푸조' 판다",http://www.ajnews.co.kr/uhtml/read.jsp?idxno=200907200942396380105
40,"푸조, 올 유럽자동차 시장 부진 전망",https://news.naver.com/main/read.naver?mode=LSD&mid=sec&sid1=101&oid=001&aid=0000318601
41,푸조 부산점 개장,https://news.naver.com/main/read.naver?mode=LSD&mid=sec&sid1=101&oid=001&aid=0001006040
42,'씨드' 유럽서 돌풍..폭스바겐·푸조 안부럽다,http://www.asiae.co.kr/uhtml/read.jsp?idxno=330353§ion=S1N5§ion2=S2N107
43,"현대차 i30 ""폭스바겐·푸조 잡는다""",http://www.edaily.co.kr/news/newspath.asp?newsid=01964726583190584
44,프랑스 랠리의 푸조 랠리카,https://news.naver.com/main/read.naver?mode=LSD&mid=sec&sid1=104&oid=091&aid=0000228395
45,[화요 명차]전문가들이 뽑은 ‘푸조 3008’… 올해의 차 영광 재현,https://www.donga.com/news/article/all/20210525/107111281/2
46,"[임의택의 車車車]푸조 308, 폭스바겐 골프 넘어설 수 있을까?",http://www.metroseoul.co.kr/news/newsview?newscd=2014083100003
47,디자인·실용성 겸비한 해치백 인기 몰이,https://news.naver.com/main/read.naver?mode=LSD&mid=sec&oid=003&aid=0002061130
48,"현대차, i30 골프와 비교시승..가격대비 성능 우월",http://www.fnnews.com/view?ra=Sent0601m_01A&corp=fnnews&arcid=00000921261591&cDateYear=2008&cDateMonth=03&cDateDay=19&
49,현대차 '유럽형 해치백' 도전장,http://www.busanilbo.com/news2000/html/2007/0716/020020070716.1018110146.html
50,매혹적 뒤태...해치백 한번 타볼까,http://www.moneytoday.co.kr/view/mtview.php?type=1&no=2007101817260512465&outlink=1
51,[중고차 사고 팔기] 인터넷 중고차사이트 '카즈' 조사,https://news.naver.com/main/read.naver?mode=LSD&mid=sec&sid1=101&oid=011&aid=0002097335
52,<내년 출시될 수입차..'친환경' 추세 이어갈듯>,https://news.naver.com/main/read.naver?mode=LSD&mid=sec&sid1=103&oid=001&aid=0001495965
53,레저용차(RV) 출시 봇물…‘가을 대격전’,http://www.hani.co.kr/arti/economy/car/165601.html
54,"도요타, 남미·중동·아프리카서 추가 리콜",https://news.naver.com/main/read.naver?mode=LSD&mid=sec&sid1=101&oid=011&aid=0002047368
55,"현대차, ‘i30(아이써티)’ 2.0 출시",http://www.dailian.co.kr/news/n_view.html?id=94170&sc=naver&kind=menu_code&keys=4
56,"현대차, i30(아이써티) 2.0 출시",https://news.naver.com/main/read.naver?mode=LSD&mid=sec&sid1=101&oid=003&aid=0000683409
57,뒷문 열면 자연이 들어온다 ‘해치백 해뜰가’,http://www.khan.co.kr/kh_news/art_view.html?artid=200707151704311&code=920100
58,‘선루프’인기질주···하늘을 차안에,http://news.sportskhan.net/?cat=view&art_id=200703122132053&sec_id=562401&pt=nv
59,"해치백 車의 도발, '2030'세대 중심 판매 급증… 새 시장 형성",http://www.segye.com/Articles/NEWS/ECONOMY/Article.asp?aid=20081031002750&subctg1=&subctg2=
60,"현대차 i30, 폭스바겐과 '정면대결' 선언",http://mbn.mk.co.kr/news/newsRead.php?vodCode=235249&category=mbn00003
61,"[CAR]현대車 i30, 유럽시장 공략 선봉장",http://newsmaker.khan.co.kr/khnm.html?mode=view&code=114&artid=14968&pt=nv
62,"""i30으로 수입차와 정면승부 하겠다"" ‥ 현대차 신차발표",http://www.hankyung.com/news/app/newsview.php?aid=2007071295881
63,소음 줄고 연비 향상… 디젤차 뭘 사지?,http://www.busanilbo.com/news2000/html/2007/0522/020020070522.1034083040.html
64,현대·기아차 ‘C세그먼트’로 유럽 뚫어라,http://www.hani.co.kr/arti/economy/car/206162.html
65,"[CAR]수입차, ‘내 생애 첫차’ 시장 넘본다",http://newsmaker.khan.co.kr/khnm.html?mode=view&code=114&artid=14032&pt=nv
66,프리미엄 디젤 수입차 몰려온다,http://www.khan.co.kr/kh_news/art_view.html?artid=200701211647221&code=920100
67,"자신감 있는 비교시승 ""현대차 i30 vs 폭스바겐 골프""",http://aving.net/atc/read.asp?c_num=77553&Branch_ID=kr
68,“수입차와 한판 승부”,http://www.munhwa.com/news/view.html?no=2007121301031624302002
69,3000만원대 해치백 차량이 몰려온다,http://www.hankyung.com/news/app/newsview.php?aid=2007012355101
70,‘2등은 싫다 007작전’…수입차들 “디젤·친환경…한국 공략”,http://www.khan.co.kr/kh_news/art_view.html?artid=200701071719281&code=920501
71,[하반기 수입차]③ 벤츠 EQC·아우디 e-트론·푸조 e-208…전기차 쏟아진다,http://www.newspim.com/news/view/20200803000675
72,푸조 '유럽 베스트 셀링카 NEW 307 HDi' 출시,http://www.wownet.co.kr/news/wownews/view.asp?bcode=N07010000&artid=A200701220231
73,"3분기 국내 출시될 푸조 208, ‘2020 유럽 올해의 차’ 선정",http://www.edaily.co.kr/news/newspath.asp?newsid=03217686625702336
74,‘뉴 푸조 208’ 유럽 올해의 차 선정,http://www.segye.com/content/html/2020/03/08/20200308508952.html?OutUrl=naver
75,"푸조, 3월 특별 프로모션 실시",https://www.fetv.co.kr/news/article.html?no=49201
76,"올해 3분기 출시 앞둔 '뉴 푸조 208', 2020 유럽 올해의 차 선정",http://kr.aving.net/news/view.php?articleId=1551547&Branch_ID=kr&rssid=naver&mn_name=news
77,‘2020 유럽 올해의 차’ 영예는 뉴 푸조 208..국내 출시 일정은?,http://www.dailycar.co.kr/content/news.html?type=view&autoId=35996
78,뺑소니 운전자 피해 남성 죽이려고 또 한 번 뺑소니 시도,http://stv.seoul.co.kr/news/newsView.php?id=20160805500050
79,'연비왕' 이미지가 지겹다고?,http://www.outdoornews.co.kr/news/articleView.html?idxno=19697
80,"높은 연비, 패밀리카, 4륜 구동? 내게 맞는 중고차는 무엇?",http://www.kbench.com/?q=node/147153
81,"차이름, 알고 보면 성격 보인다",http://www.autotimes.co.kr/article_view.php?id=116363
82,편의점에 별의별 상품 다 있네,http://www.dt.co.kr/contents.html?article_no=2010090602011332748008
83,"해치백, 그 섹시한 차 엉덩이에 '시선집중'",http://www.asiae.co.kr/news/view.htm?idxno=2010082408473554050
84,디젤차는 가장 현실적인 '친환경차',http://www.etoday.kr/news/section/newsview.php?TM=news&SM=0405&idxno=277855
85,[자동차]수입차 시장에 부는 소형차 바람,http://www.prosumero.com/cp/view.asp?vol_no=30&art_no=31&sec_cd=1013
86,대낮에 자동차 27대 강도…아르헨 경찰 난감,http://nownews.seoul.co.kr/news/newsView.php?id=20081022601002
87,"못생긴 디젤 왜건, 기적은 계속될까",http://www.hani.co.kr/arti/specialsection/esc_section/292801.html
88,"[車비교시승]""i30, 외제차 두렵지 않다""",http://www.newspim.com/sub_view.php?cate1=6&cate2=1&news_id=134760
89,자동차업계 ‘맞짱’ 2題,http://www.heraldbiz.com/SITE/data/html_dir/2008/03/11/200803110072.asp
90,"현대차, ""고객 시승도 이제 해외에서""",http://www.e-today.co.kr/200707/news/newsview.php?TM=news&SM=0101&idxno=161417
91,"현대차 ""i30, 폭스바겐 골프 따라잡는다""",http://www.edaily.co.kr/news/newspath.asp?newsid=02076246586344960
92,[질주하는 수입차 시장]다양화 시대 개막 ㆍㆍㆍ중저가 시장 '쑥쑥',http://www.kbizweek.com/cp/view.asp?vol_no=627&art_no=21&sec_cd=1701
93,수입차 5000만원 미만 58종 성능대 가격 따져보니,http://www.seoul.co.kr/news/newsView.php?id=20071015020001
94,"국산차, 우리의 질주를 막을 수 없다!",http://www.hankyung.com/news/app/newsview.php?aid=2007091981061
95,"[시승기]현대차 i30 ""레츠 고, 유럽!""",http://www.moneytoday.co.kr/view/mtview.php?type=1&no=2007082302254692985&outlink=1
96,현대車 i30 출시…‘해치백 돌풍’ 불까,http://www.seoul.co.kr/news/newsView.php?id=20070716019005
97,현대차 유럽 전략차종 'i30' 떳다,http://www.hankyung.com/news/app/newsview.php?aid=2007071308647
98,"현대차, 유럽형 모델 'i30' 시판(종합)",https://news.naver.com/main/read.naver?mode=LSD&mid=sec&sid1=101&oid=001&aid=0001693861
99,작지만 강하다… 수입 소형차 '카레이스',http://www.busanilbo.com/news2000/html/2007/0522/020020070522.1038091033.html
100,매혹적 뒤태...해치백 한번 타볼까,http://www.moneytoday.co.kr/view/mtview.php?type=1&no=2007101817260512465&outlink=1
101,[중고차 사고 팔기] 인터넷 중고차사이트 '카즈' 조사,https://news.naver.com/main/read.naver?mode=LSD&mid=sec&sid1=101&oid=011&aid=0002097335
102,<내년 출시될 수입차..'친환경' 추세 이어갈듯>,https://news.naver.com/main/read.naver?mode=LSD&mid=sec&sid1=103&oid=001&aid=0001495965
103,레저용차(RV) 출시 봇물…‘가을 대격전’,http://www.hani.co.kr/arti/economy/car/165601.html
104,"도요타, 남미·중동·아프리카서 추가 리콜",https://news.naver.com/main/read.naver?mode=LSD&mid=sec&sid1=101&oid=011&aid=0002047368
105,"현대차, ‘i30(아이써티)’ 2.0 출시",http://www.dailian.co.kr/news/n_view.html?id=94170&sc=naver&kind=menu_code&keys=4
106,"현대차, i30(아이써티) 2.0 출시",https://news.naver.com/main/read.naver?mode=LSD&mid=sec&sid1=101&oid=003&aid=0000683409
107,뒷문 열면 자연이 들어온다 ‘해치백 해뜰가’,http://www.khan.co.kr/kh_news/art_view.html?artid=200707151704311&code=920100
108,"현대차 ""폭스바겐 골프 잡는다""",https://news.naver.com/main/read.naver?mode=LSD&mid=sec&sid1=101&oid=011&aid=0000190650
109,‘선루프’인기질주···하늘을 차안에,http://news.sportskhan.net/?cat=view&art_id=200703122132053&sec_id=562401&pt=nv
110,뒷문 열면 자연이 들어온다 ‘해치백 해뜰가’,http://www.khan.co.kr/kh_news/art_view.html?artid=200707151704311&code=920100
111,"현대차 ""폭스바겐 골프 잡는다""",https://news.naver.com/main/read.naver?mode=LSD&mid=sec&sid1=101&oid=011&aid=0000190650
112,‘선루프’인기질주···하늘을 차안에,http://news.sportskhan.net/?cat=view&art_id=200703122132053&sec_id=562401&pt=nv
113,"해치백 車의 도발, '2030'세대 중심 판매 급증… 새 시장 형성",http://www.segye.com/Articles/NEWS/ECONOMY/Article.asp?aid=20081031002750&subctg1=&subctg2=
114,"현대차 i30, 폭스바겐과 '정면대결' 선언",http://mbn.mk.co.kr/news/newsRead.php?vodCode=235249&category=mbn00003
115,"[CAR]현대車 i30, 유럽시장 공략 선봉장",http://newsmaker.khan.co.kr/khnm.html?mode=view&code=114&artid=14968&pt=nv
116,"""i30으로 수입차와 정면승부 하겠다"" ‥ 현대차 신차발표",http://www.hankyung.com/news/app/newsview.php?aid=2007071295881
117,소음 줄고 연비 향상… 디젤차 뭘 사지?,http://www.busanilbo.com/news2000/html/2007/0522/020020070522.1034083040.html
118,현대·기아차 ‘C세그먼트’로 유럽 뚫어라,http://www.hani.co.kr/arti/economy/car/206162.html
119,"[CAR]수입차, ‘내 생애 첫차’ 시장 넘본다",http://newsmaker.khan.co.kr/khnm.html?mode=view&code=114&artid=14032&pt=nv
120,프리미엄 디젤 수입차 몰려온다,http://www.khan.co.kr/kh_news/art_view.html?artid=200701211647221&code=920100
121,"자신감 있는 비교시승 ""현대차 i30 vs 폭스바겐 골프""",http://aving.net/atc/read.asp?c_num=77553&Branch_ID=kr
122,“수입차와 한판 승부”,http://www.munhwa.com/news/view.html?no=2007121301031624302002
123,"현대차, 유럽형 해치백 모델 'i30' 출시",http://www.edaily.co.kr/news/newspath.asp?newsid=01951606583193864
124,3000만원대 해치백 차량이 몰려온다,http://www.hankyung.com/news/app/newsview.php?aid=2007012355101
125,‘2등은 싫다 007작전’…수입차들 “디젤·친환경…한국 공략”,http://www.khan.co.kr/kh_news/art_view.html?artid=200701071719281&code=920501
126,"[리포트]수입차, 친환경 차량 출시 붐",https://news.naver.com/main/read.naver?mode=LSD&mid=sec&sid1=101&oid=004&aid=0000078867
127,[하반기 수입차]③ 벤츠 EQC·아우디 e-트론·푸조 e-208…전기차 쏟아진다,http://www.newspim.com/news/view/20200803000675
128,푸조 '유럽 베스트 셀링카 NEW 307 HDi' 출시,http://www.wownet.co.kr/news/wownews/view.asp?bcode=N07010000&artid=A200701220231
129,"3분기 국내 출시될 푸조 208, ‘2020 유럽 올해의 차’ 선정",http://www.edaily.co.kr/news/newspath.asp?newsid=03217686625702336
130,‘뉴 푸조 208’ 유럽 올해의 차 선정,http://www.segye.com/content/html/2020/03/08/20200308508952.html?OutUrl=naver
131,"푸조, 3월 특별 프로모션 실시",https://www.fetv.co.kr/news/article.html?no=49201
132,"올해 3분기 출시 앞둔 '뉴 푸조 208', 2020 유럽 올해의 차 선정",http://kr.aving.net/news/view.php?articleId=1551547&Branch_ID=kr&rssid=naver&mn_name=news
133,‘2020 유럽 올해의 차’ 영예는 뉴 푸조 208..국내 출시 일정은?,http://www.dailycar.co.kr/content/news.html?type=view&autoId=35996
134,뺑소니 운전자 피해 남성 죽이려고 또 한 번 뺑소니 시도,http://stv.seoul.co.kr/news/newsView.php?id=20160805500050
135,'연비왕' 이미지가 지겹다고?,http://www.outdoornews.co.kr/news/articleView.html?idxno=19697
136,"한불모터스, '유로레파' 서비스…최대 27% 할인",http://view.asiae.co.kr/news/view.htm?idxno=2016041110140428582
137,"높은 연비, 패밀리카, 4륜 구동? 내게 맞는 중고차는 무엇?",http://www.kbench.com/?q=node/147153
138,"차이름, 알고 보면 성격 보인다",http://www.autotimes.co.kr/article_view.php?id=116363
139,편의점에 별의별 상품 다 있네,http://www.dt.co.kr/contents.html?article_no=2010090602011332748008
140,"""5008 SUV 최대 884만원 할인"" 푸조, 3월 특별 프로모션",https://view.asiae.co.kr/article/2020030510280588081
141,"올해 3분기 출시 앞둔 '뉴 푸조 208', 2020 유럽 올해의 차 선정",http://kr.aving.net/news/view.php?articleId=1551547&Branch_ID=kr&rssid=naver&mn_name=news
142,‘2020 유럽 올해의 차’ 영예는 뉴 푸조 208..국내 출시 일정은?,http://www.dailycar.co.kr/content/news.html?type=view&autoId=35996
143,뺑소니 운전자 피해 남성 죽이려고 또 한 번 뺑소니 시도,http://stv.seoul.co.kr/news/newsView.php?id=20160805500050
144,'연비왕' 이미지가 지겹다고?,http://www.outdoornews.co.kr/news/articleView.html?idxno=19697
145,"한불모터스, '유로레파' 서비스…최대 27% 할인",http://view.asiae.co.kr/news/view.htm?idxno=2016041110140428582
146,"높은 연비, 패밀리카, 4륜 구동? 내게 맞는 중고차는 무엇?",http://www.kbench.com/?q=node/147153
147,"차이름, 알고 보면 성격 보인다",http://www.autotimes.co.kr/article_view.php?id=116363
148,편의점에 별의별 상품 다 있네,http://www.dt.co.kr/contents.html?article_no=2010090602011332748008
149,"해치백, 그 섹시한 차 엉덩이에 '시선집중'",http://www.asiae.co.kr/news/view.htm?idxno=2010082408473554050
150,‘2020 유럽 올해의 차’ 영예는 뉴 푸조 208..국내 출시 일정은?,http://www.dailycar.co.kr/content/news.html?type=view&autoId=35996
151,뺑소니 운전자 피해 남성 죽이려고 또 한 번 뺑소니 시도,http://stv.seoul.co.kr/news/newsView.php?id=20160805500050
152,'연비왕' 이미지가 지겹다고?,http://www.outdoornews.co.kr/news/articleView.html?idxno=19697
153,"한불모터스, '유로레파' 서비스…최대 27% 할인",http://view.asiae.co.kr/news/view.htm?idxno=2016041110140428582
154,"높은 연비, 패밀리카, 4륜 구동? 내게 맞는 중고차는 무엇?",http://www.kbench.com/?q=node/147153
155,"차이름, 알고 보면 성격 보인다",http://www.autotimes.co.kr/article_view.php?id=116363
156,편의점에 별의별 상품 다 있네,http://www.dt.co.kr/contents.html?article_no=2010090602011332748008
157,"해치백, 그 섹시한 차 엉덩이에 '시선집중'",http://www.asiae.co.kr/news/view.htm?idxno=2010082408473554050
158,디젤차는 가장 현실적인 '친환경차',http://www.etoday.kr/news/section/newsview.php?TM=news&SM=0405&idxno=277855
159,"편의점에서 '수입차'까지 판다…GS25, 판매상품 확대",http://www.hankyung.com/news/app/newsview.php?aid=200907207729g
160,"푸조 소형 해치백 208, ‘2020 유럽 올해의 차’ 수상",http://www.hankookilbo.com/news/npath/202003031358770577?did=NA
161,뺑소니 운전자 피해 남성 죽이려고 또 한 번 뺑소니 시도,http://stv.seoul.co.kr/news/newsView.php?id=20160805500050
162,'연비왕' 이미지가 지겹다고?,http://www.outdoornews.co.kr/news/articleView.html?idxno=19697
163,"한불모터스, '유로레파' 서비스…최대 27% 할인",http://view.asiae.co.kr/news/view.htm?idxno=2016041110140428582
164,"높은 연비, 패밀리카, 4륜 구동? 내게 맞는 중고차는 무엇?",http://www.kbench.com/?q=node/147153
165,"차이름, 알고 보면 성격 보인다",http://www.autotimes.co.kr/article_view.php?id=116363
166,편의점에 별의별 상품 다 있네,http://www.dt.co.kr/contents.html?article_no=2010090602011332748008
167,"해치백, 그 섹시한 차 엉덩이에 '시선집중'",http://www.asiae.co.kr/news/view.htm?idxno=2010082408473554050
168,디젤차는 가장 현실적인 '친환경차',http://www.etoday.kr/news/section/newsview.php?TM=news&SM=0405&idxno=277855
169,"편의점에서 '수입차'까지 판다…GS25, 판매상품 확대",http://www.hankyung.com/news/app/newsview.php?aid=200907207729g
170,"한불모터스, 유로레파 패키지 출시…순정부품 比 20~30% 낮은 가격 제공",http://www.nspna.com/news/?mode=view&newsid=168073
171,"차이름, 알고 보면 성격 보인다",http://www.autotimes.co.kr/article_view.php?id=116363
172,편의점에 별의별 상품 다 있네,http://www.dt.co.kr/contents.html?article_no=2010090602011332748008
173,"해치백, 그 섹시한 차 엉덩이에 '시선집중'",http://www.asiae.co.kr/news/view.htm?idxno=2010082408473554050
174,디젤차는 가장 현실적인 '친환경차',http://www.etoday.kr/news/section/newsview.php?TM=news&SM=0405&idxno=277855
175,"편의점에서 '수입차'까지 판다…GS25, 판매상품 확대",http://www.hankyung.com/news/app/newsview.php?aid=200907207729g
176,[자동차]수입차 시장에 부는 소형차 바람,http://www.prosumero.com/cp/view.asp?vol_no=30&art_no=31&sec_cd=1013
177,대낮에 자동차 27대 강도…아르헨 경찰 난감,http://nownews.seoul.co.kr/news/newsView.php?id=20081022601002
178,"못생긴 디젤 왜건, 기적은 계속될까",http://www.hani.co.kr/arti/specialsection/esc_section/292801.html
179,"[車비교시승]""i30, 외제차 두렵지 않다""",http://www.newspim.com/sub_view.php?cate1=6&cate2=1&news_id=134760
180,"못생긴 디젤 왜건, 기적은 계속될까",http://www.hani.co.kr/arti/specialsection/esc_section/292801.html
181,"[車비교시승]""i30, 외제차 두렵지 않다""",http://www.newspim.com/sub_view.php?cate1=6&cate2=1&news_id=134760
182,자동차업계 ‘맞짱’ 2題,http://www.heraldbiz.com/SITE/data/html_dir/2008/03/11/200803110072.asp
183,"현대차, ""고객 시승도 이제 해외에서""",http://www.e-today.co.kr/200707/news/newsview.php?TM=news&SM=0101&idxno=161417
184,"현대차 ""i30, 폭스바겐 골프 따라잡는다""",http://www.edaily.co.kr/news/newspath.asp?newsid=02076246586344960
185,[질주하는 수입차 시장]다양화 시대 개막 ㆍㆍㆍ중저가 시장 '쑥쑥',http://www.kbizweek.com/cp/view.asp?vol_no=627&art_no=21&sec_cd=1701
186,"현대차, 수입 해치백 견제 i30 2.0모델 시판",http://www.heraldbiz.com/SITE/data/html_dir/2007/12/13/200712130012.asp
187,"2.0 해치백 `i30` 출시 현대차 ""이젠 골프 못지않다""",http://news.mk.co.kr/news_forward.php?no=679656&year=2007
188,수입차 5000만원 미만 58종 성능대 가격 따져보니,http://www.seoul.co.kr/news/newsView.php?id=20071015020001
189,"국산차, 우리의 질주를 막을 수 없다!",http://www.hankyung.com/news/app/newsview.php?aid=2007091981061
190,"2.0 해치백 `i30` 출시 현대차 ""이젠 골프 못지않다""",http://news.mk.co.kr/news_forward.php?no=679656&year=2007
191,수입차 5000만원 미만 58종 성능대 가격 따져보니,http://www.seoul.co.kr/news/newsView.php?id=20071015020001
192,"국산차, 우리의 질주를 막을 수 없다!",http://www.hankyung.com/news/app/newsview.php?aid=2007091981061
193,"[시승기]현대차 i30 ""레츠 고, 유럽!""",http://www.moneytoday.co.kr/view/mtview.php?type=1&no=2007082302254692985&outlink=1
194,현대車 i30 출시…‘해치백 돌풍’ 불까,http://www.seoul.co.kr/news/newsView.php?id=20070716019005
195,현대차 유럽 전략차종 'i30' 떳다,http://www.hankyung.com/news/app/newsview.php?aid=2007071308647
196,"현대차, 유럽형 모델 'i30' 시판(종합)",https://news.naver.com/main/read.naver?mode=LSD&mid=sec&sid1=101&oid=001&aid=0001693861
197,"현대차, 전략차종 'i30' 유럽으로 달린다",http://www.hankyung.com/news/app/newsview.php?aid=2007071291887
198,작지만 강하다… 수입 소형차 '카레이스',http://www.busanilbo.com/news2000/html/2007/0522/020020070522.1038091033.html
199,"브라질, 올해 안에 佛에 플렉스 차량 모터 수출",https://news.naver.com/main/read.naver?mode=LSD&mid=sec&oid=001&aid=0001538341
200,현대차 유럽 전략차종 'i30' 떳다,http://www.hankyung.com/news/app/newsview.php?aid=2007071308647
201,"현대차, 유럽형 모델 'i30' 시판(종합)",https://news.naver.com/main/read.naver?mode=LSD&mid=sec&sid1=101&oid=001&aid=0001693861
202,"현대차, 전략차종 'i30' 유럽으로 달린다",http://www.hankyung.com/news/app/newsview.php?aid=2007071291887
203,작지만 강하다… 수입 소형차 '카레이스',http://www.busanilbo.com/news2000/html/2007/0522/020020070522.1038091033.html
204,"브라질, 올해 안에 佛에 플렉스 차량 모터 수출",https://news.naver.com/main/read.naver?mode=LSD&mid=sec&oid=001&aid=0001538341
205,'수입 디젤차의 역습'..베스트셀링카는?,http://www.edaily.co.kr/news/newspath.asp?newsid=01659686582998704
206,[자동차ㆍ타이어] 소형ㆍ디젤엔진형 新車 줄줄이,http://news.mk.co.kr/newsRead.php?no=1831&year=2007
207,[자동차 단신] 기아차 설맞이 시승행사 外,http://www.khan.co.kr/kh_news/art_view.html?artid=200701281708131&code=920401
208,[자동차 파일]PMP 내비게이션 ‘아이나비스타’ 출시 外,http://www.donga.com/fbin/output?n=200701250032
209,국산-수입 중형차 경쟁 예고,https://news.naver.com/main/read.naver?mode=LSD&mid=sec&sid1=103&oid=021&aid=0000173252
210,"브라질, 올해 안에 佛에 플렉스 차량 모터 수출",https://news.naver.com/main/read.naver?mode=LSD&mid=sec&oid=001&aid=0001538341
211,'수입 디젤차의 역습'..베스트셀링카는?,http://www.edaily.co.kr/news/newspath.asp?newsid=01659686582998704
212,[자동차ㆍ타이어] 소형ㆍ디젤엔진형 新車 줄줄이,http://news.mk.co.kr/newsRead.php?no=1831&year=2007
213,[자동차 단신] 기아차 설맞이 시승행사 外,http://www.khan.co.kr/kh_news/art_view.html?artid=200701281708131&code=920401
214,[자동차 파일]PMP 내비게이션 ‘아이나비스타’ 출시 外,http://www.donga.com/fbin/output?n=200701250032
215,국산-수입 중형차 경쟁 예고,https://news.naver.com/main/read.naver?mode=LSD&mid=sec&sid1=103&oid=021&aid=0000173252
216,[차ㆍ차ㆍ차] 기름값 만만찮은데…디젤승용차로 바꿔볼까,http://news.mk.co.kr/newsRead.php?no=411161&year=2006
217,"[시승기]기아차 씨드, 유럽 시장이 보인다",http://www.moneytoday.co.kr/view/mtview.php?type=1&no=2006092810035197417&outlink=1
218,[TRAVEL FEATURE]세계일주 성공 비법④유럽 대륙,https://news.naver.com/main/read.naver?mode=LSD&mid=sec&sid1=104&oid=001&aid=0001298649
219,[서울모터쇼]100% 즐기기..관람포인트,http://www.moneytoday.co.kr/view/mtview.php?type=1&no=2005042809001323020&outlink=1
220,[서울모터쇼]100% 즐기기..관람포인트,http://www.moneytoday.co.kr/view/mtview.php?type=1&no=2005042809001323020&outlink=1
221,"한불모터스, 프랑스 여행권 증정 프로모션",https://news.naver.com/main/read.naver?mode=LSD&mid=sec&sid1=101&oid=001&aid=0000966790
222,"[News Digest]한경TV, 직업방송 운영사업자로 - 7월 20~24일",http://www.kbizweek.com/cp/view.asp?vol_no=713&art_no=8&sec_cd=1658
223,"오픈마켓 11번가, 하이브리드카 중개판매 도전",http://www.hankyung.com/news/app/newsview.php?aid=200907240779g
224,"편의점, 수입 자동차도 판다",https://news.naver.com/main/read.naver?mode=LSD&mid=sec&sid1=101&oid=001&aid=0002772427
225,편의점에선 이제 □□□도 살 수 있다,http://www.moneytoday.co.kr/view/mtview.php?type=1&no=2009072009005485469&outlink=1
226,3천만원대 수입차 시장 ‘뜨겁다’,https://news.naver.com/main/read.naver?mode=LSD&mid=sec&sid1=101&oid=028&aid=0000059538
227,프랑스 ‘르노 신화’ 정부가 1등 공신,https://news.naver.com/main/read.naver?mode=LSD&mid=sec&sid1=101&oid=028&aid=0000039377
228,수입차 모터쇼 앞으로 50일,https://news.naver.com/main/read.naver?mode=LSD&mid=sec&sid1=101&oid=047&aid=0000026765
229,상반기 베스트셀링 수입차는?,http://www.autotimes.co.kr/article_view.php?id=33743
230,편의점서 수입차도 판다?,http://www.asiae.co.kr/uhtml/read.jsp?idxno=2009072009302259145
231,"GS25, 수입 자동차 판매",http://mbn.mk.co.kr/news/newsRead.php?vodCode=443398&category=mbn00003
232,3천만원대 수입차 시장 ‘뜨겁다’,https://news.naver.com/main/read.naver?mode=LSD&mid=sec&sid1=101&oid=028&aid=0000059538
233,프랑스 ‘르노 신화’ 정부가 1등 공신,https://news.naver.com/main/read.naver?mode=LSD&mid=sec&sid1=101&oid=028&aid=0000039377
234,수입차 모터쇼 앞으로 50일,https://news.naver.com/main/read.naver?mode=LSD&mid=sec&sid1=101&oid=047&aid=0000026765
235,상반기 베스트셀링 수입차는?,http://www.autotimes.co.kr/article_view.php?id=33743
236,[M자동차] 부산국제모터쇼 내달 벡스코서 열려,http://www.dt.co.kr/contents.html?article_no=2008042102011132691007
237,현대차 “유명 외산차 다 나와!”,http://www.heraldbiz.com/SITE/data/html_dir/2008/03/11/200803110206.asp
238,"정몽구회장 ""씨드 앞세워 유럽 생산 첫해부터 흑자낼것""",http://news.mk.co.kr/news_forward.php?no=211617&year=2007
239,수입차 “한국차 틈새 노리자” 차종 다양화 판매 급증,http://www.donga.com/fbin/output?n=200612280042
240,수입차 “한국차 틈새 노리자” 차종 다양화 판매 급증,http://www.donga.com/fbin/output?n=200612280042
241,[자동차 단신] 국산차도 1억원 시대 外,https://news.naver.com/main/read.naver?mode=LSD&mid=sec&sid1=103&oid=005&aid=0000234532
242,기름값 무섭게 오르는데…디젤 승용車 ‘두근두근’,https://news.naver.com/main/read.naver?mode=LSD&mid=sec&sid1=103&oid=020&aid=0000326417
243,[카라이프]지루한 명절 정체길..'감성사양' 종결자 떴다,http://www.asiae.co.kr/news/view.htm?idxno=2011013114502843118
244,[‘2003 프랑크푸르트 모터쇼’ 9일 개막] ‘국산 드림카’ 유럽시장 달군다,https://news.naver.com/main/read.naver?mode=LSD&mid=sec&sid1=111&oid=014&aid=0000084989
245,[자동차]3000만원대 중저가 수입차 밀물,https://news.naver.com/main/read.naver?mode=LSD&mid=sec&sid1=101&oid=020&aid=0000147699
246,"[시승기] 달리기가 매력적인 유러피언 해치백, 푸조 308 GT",http://www.hankookilbo.com/news/npath/201811201036764799?did=NA
247,이래도 안 사? 차값 파격할인 경쟁,http://www.khan.co.kr/kh_news/art_view.html?artid=200910111807311&code=920508
248,잘빠지고 편리한 ‘해치백’ 잘나가네,http://www.khan.co.kr/kh_news/art_view.html?artid=200910111809001&code=920508
249,"푸조, 208·2008에 EAT6 6단 자동변속기 적용 계획..“굿바이 MCP”",http://www.dailycar.co.kr/content/news.html?type=view&autoId=31493
250,"편의점, 자동차·스쿠터·TV도 판다",https://news.naver.com/main/read.naver?mode=LSD&mid=sec&sid1=101&oid=003&aid=0002783029
251,편의점에서 고가 수입자동차 판다,http://www.heraldbiz.com/SITE/data/html_dir/2009/07/20/200907200440.asp
252,난 수입차 사러 TV로 들어간다,http://news.mk.co.kr/news_forward.php?no=330591&year=2008
253,"현대 i30, 유럽 명차와 `정면승부`",http://www.wownet.co.kr/news/vodnews/view2.asp?vodnum=11001
254,"현대차, 글로벌 시승 마케팅 실시",http://www.autotimes.co.kr/article_view.php?id=31871
255,[비즈 파일] 대한주택공사，미분양주택 2차 매입신청 外,http://www.kukinews.com/news/article/view.asp?page=1&gCode=kmi&arcid=0920856586&cp=nv
256,"""i30 2.0은 수입차 대항마""… 현대차 새 모델 시판",http://www.hankyung.com/news/app/newsview.php?aid=2007121258521
257,"""주차 그동안 힘드셨죠 이젠 눈 감고 하십시요”",http://www.segye.com/Service5/ShellView.asp?TreeID=1052&PCode=0007&DataID=200710241551000003
258,잘 나간다는 수입차 체급별 연비 따져보니,http://www.seoul.co.kr/news/newsView.php?id=20071022020001
259,"현대차, 유럽형 해치백 'i30' 발표",http://www.ytn.co.kr/_ln/0102_200707121657023340
260,"현대차, 유럽형 해치백 'i30' 발표",http://www.ytn.co.kr/_ln/0102_200707121657023340
261,<브라질 플렉스車 기술 해외진출 활발>,https://news.naver.com/main/read.naver?mode=LSD&mid=sec&sid1=101&oid=001&aid=0001674541
262,신상품,http://www.prosumero.com/cp/view.asp?vol_no=1&art_no=39&sec_cd=0003
263,5도어 ‘해치백’ 승용차 히트 예감,http://www.fnnews.com/view?ra=Sent0601m_01A&corp=fnnews&arcid=0920990025&cDateYear=2007&cDateMonth=05&cDateDay=02&
264,무료입장권에 명차 시승까지…,http://www.heraldbiz.com/SITE/data/html_dir/2007/03/24/200703240046.asp
265,“기아차 씨드 굿ㆍ엘레강스” 초반 돌풍,http://www.heraldbiz.com/SITE/data/html_dir/2007/03/13/200703130040.asp
266,"세단…왜건…해치백…‘한국’을 누벼라, 디젤승용차",http://www.hani.co.kr/arti/economy/car/195599.html
267,"세단, 디젤엔진을 許하다",http://www.donga.com/fbin/output?n=200702220054
268,"<SUV, 名品으로 달린다·끝>‘일체형 보디’로 안전도 프리미엄급",https://news.naver.com/main/read.naver?mode=LSD&mid=sec&sid1=103&oid=021&aid=0000175977
269,"수입차, 월별 판매량 사상최대...렉서스 1위(상보)",http://www.moneytoday.co.kr/view/mtview.php?type=1&no=2006120510402043490&outlink=1
270,"수입차, 월별 판매량 사상최대...렉서스 1위(상보)",http://www.moneytoday.co.kr/view/mtview.php?type=1&no=2006120510402043490&outlink=1
271,"BMW 3시리즈, 렉서스 IS250, 폭스바겐 골프가 엔트리 수입차로 가장 타고 싶어.",https://news.naver.com/main/read.naver?mode=LSD&mid=sec&sid1=102&oid=003&aid=0000161276
272,"현대차, 중국2공장 착공...'야심찬 승부수'",http://www.moneytoday.co.kr/view/mtview.php?type=1&no=2006041714113838536&outlink=1
273,“아무리 자리가 없어도 이런 데 차를 세워?” 카트로 둘러싸인 자동차,https://nownews.seoul.co.kr/news/newsView.php?id=20190912601002&wlog_tag3=naver
274,"""불꽃 튀는 질주""",https://news.naver.com/main/read.naver?mode=LSD&mid=sec&sid1=104&oid=091&aid=0000232429
275,"[자동차]수입차 20년, 너무 먼 당신서…중산층 곁으로",https://news.naver.com/main/read.naver?mode=LSD&mid=sec&sid1=103&oid=020&aid=0000305310
276,[세계인-우리는 이렇게 산다] 유럽인들 “작은것이 아름답다”,https://news.naver.com/main/read.naver?mode=LSD&mid=sec&sid1=102&oid=081&aid=0000000466
277,'크로스오버' 납신다 .. 해치백 등 기능성 강조…틈새시장 공략,https://news.naver.com/main/read.naver?mode=LSD&mid=sec&sid1=101&oid=015&aid=0000701845
278,"獨, 유로권 국가중 승용차 판매가 최고",https://news.naver.com/main/read.naver?mode=LSD&mid=sec&sid1=104&oid=001&aid=0000210136
279,"[제네바 모터쇼] 럭셔리...퓨전...복고...관객들 ""와""",https://news.naver.com/main/read.naver?mode=LSD&mid=sec&sid1=110&oid=015&aid=0000359489
280,"지프, 1만대 클럽 눈앞에.. 4월 수입차 브랜드 5위",http://www.seoulwire.com/news/articleView.html?idxno=125015
281,수입차 4월 1만8219대 등록… 전년比 29.7%↓,http://www.newscj.com/news/articleView.html?idxno=629534
282,‘진격의 볼보’ 수입 승용차 판매 4위로 ‘점프’,http://www.rpm9.com/news/article.html?id=20190507090009
283,"[비즈+]삼성전자서비스, ‘에어컨 사전점검’ 서비스 기간 연장 外",http://paxnetnews.com/allView?vNewsSetId=6073&articleId=2019050714081302240&objId=A2019050714081302240&portalCode=naver
284,지난달 수입차 1만8219대 신규등록…전년比 29.7%↓,http://news.heraldcorp.com/view.php?ud=20190507000251
285,4월 신규등록 수입차 1만8천219대…전년비 29.7%↓,http://news.einfomax.co.kr/news/articleView.html?idxno=4028747
286,"벤츠, 7개월 연속 NO.1...4월 한달 6543대 판매",http://www.seoulwire.com/news/articleView.html?idxno=124019
287,"'독주' 벤츠코리아, 4월 수입차 점유율 36%… BMW와 두 배 차이",http://biz.newdaily.co.kr/site/data/html/2019/05/07/2019050700061.html
288,"WLTP서 벗어난 벤츠. BMW, 다시 시동건다.",http://www.autodaily.co.kr/news/articleView.html?idxno=408761
289,[국산차 수난시대] 규제 풀면 뭐하나…노조 눈치에 홈쇼핑도 등돌려,http://news.hankyung.com/article/201812073863g
290,'메르세데스-벤츠 E 300' 수입차 판매 1위 굳건,http://www.newsprime.co.kr/news/article.html?no=458675
291,"[비즈+]삼성전자서비스, ‘에어컨 사전점검’ 서비스 기간 연장 外",http://paxnetnews.com/allView?vNewsSetId=6073&articleId=2019050714081302240&objId=A2019050714081302240&portalCode=naver
292,지난달 수입차 1만8219대 신규등록…전년比 29.7%↓,http://news.heraldcorp.com/view.php?ud=20190507000251
293,4월 신규등록 수입차 1만8천219대…전년비 29.7%↓,http://news.einfomax.co.kr/news/articleView.html?idxno=4028747
294,"벤츠, 7개월 연속 NO.1...4월 한달 6543대 판매",http://www.seoulwire.com/news/articleView.html?idxno=124019
295,"'독주' 벤츠코리아, 4월 수입차 점유율 36%… BMW와 두 배 차이",http://biz.newdaily.co.kr/site/data/html/2019/05/07/2019050700061.html
296,"WLTP서 벗어난 벤츠. BMW, 다시 시동건다.",http://www.autodaily.co.kr/news/articleView.html?idxno=408761
297,[국산차 수난시대] 규제 풀면 뭐하나…노조 눈치에 홈쇼핑도 등돌려,http://news.hankyung.com/article/201812073863g
298,"한불모터스, 대체 부품 패키지 '유로레파' 출시",http://autotimes.hankyung.com/apps/news.sub_view?popup=0&nid=05&c1=05&c2=05&c3=00&nkey=201604111017471
299,[신차 시승기]유럽이 인정한 SUV ‘뉴 푸조 3008’,http://bizn.donga.com/car/3/all/20170725/85508646/2
300,물량 부족한 수입차…4월 판매 전년比 '29.7%' 감소,http://www.etnews.com/20190507000205
301,수입차 성장세 ‘주춤’···지난달 등록 전년 比 30%↓,http://www.ekn.kr/news/article.html?no=430526
302,"벤츠, 7개월 연속 NO.1...4월 한달 6543대 판매",http://www.seoulwire.com/news/articleView.html?idxno=124019
303,"'독주' 벤츠코리아, 4월 수입차 점유율 36%… BMW와 두 배 차이",http://biz.newdaily.co.kr/site/data/html/2019/05/07/2019050700061.html
304,"WLTP서 벗어난 벤츠. BMW, 다시 시동건다.",http://www.autodaily.co.kr/news/articleView.html?idxno=408761
305,[국산차 수난시대] 규제 풀면 뭐하나…노조 눈치에 홈쇼핑도 등돌려,http://news.hankyung.com/article/201812073863g
306,"한불모터스, 대체 부품 패키지 '유로레파' 출시",http://autotimes.hankyung.com/apps/news.sub_view?popup=0&nid=05&c1=05&c2=05&c3=00&nkey=201604111017471
307,[신차 시승기]유럽이 인정한 SUV ‘뉴 푸조 3008’,http://bizn.donga.com/car/3/all/20170725/85508646/2
308,하반기 푸조 ‘확’ 달라진다,http://www.cstimes.com/?mod=news&act=articleView&idxno=251304
309,"[시승기] 연비·소음 개선하고, 편의사양 줄어들고…말리부 디젤",http://www.segye.com/content/html/2014/03/19/20140319006335.html?OutUrl=naver
310,[신차 시승기]유럽이 인정한 SUV ‘뉴 푸조 3008’,http://bizn.donga.com/car/3/0111/20170725/85508646/1
311,하반기 푸조 ‘확’ 달라진다,http://www.cstimes.com/?mod=news&act=articleView&idxno=251304
312,"[시승기] 연비·소음 개선하고, 편의사양 줄어들고…말리부 디젤",http://www.segye.com/content/html/2014/03/19/20140319006335.html?OutUrl=naver
313,맞수 없는 중고차..`특별한 포지션`이 살렸다?,http://www.edaily.co.kr/news/newspath.asp?newsid=01380886602844016
314,해치백 괴물 ‘i30’대체 넌 누구냐?,http://biz.heraldcorp.com/view.php?ud=20130616000049
315,[카라이프/시승기]포드 올뉴포커스,http://www.asiae.co.kr/news/view.htm?idxno=2011111510095183198
316,[시승기] 미국車의 매혹적인 변신..포드 ′올 뉴 포커스′,http://sports.chosun.com/news/ntype.htm?id=201109080100054710004415&servicedate=20110907
317,[시승기]미국車의 매혹적인 변신..포드 ′올 뉴 포커스′,http://osen.mt.co.kr/news/view.html?gid=G1109060277
318,"포드 올뉴 포커스, 아반떼 두 대 값어치 할까?",http://news.mk.co.kr/news_forward.php?no=580630&year=2011
319,차종별 색다른 매력으로 그녀 유혹하기,http://sports.chosun.com/news/ntype.htm?id=201109060100038480003050&servicedate=20110905
320,"포드 올뉴 포커스, 아반떼 두 대 값어치 할까?",http://news.mk.co.kr/news_forward.php?no=580630&year=2011
321,차종별 색다른 매력으로 그녀 유혹하기,http://sports.chosun.com/news/ntype.htm?id=201109060100038480003050&servicedate=20110905
322,"카즈, 12월 7일까지 '신차급 중형차 기획전'",http://sports.chosun.com/news/ntype.htm?id=201011190100206870012112&servicedate=20101119
323,"눈가에 짙은 화장한 i30, 여성의 맘 사로잡을까",http://www.hani.co.kr/arti/economy/car/446726.html
324,자동차 판매 시장 해치백 인기 상승,http://sports.chosun.com/news/ntype.htm?ut=1&name=/news/life/201010/20101006/aaf76115.htm
325,'뒷태가 예쁜 차' 해치백이 뜬다,http://sports.chosun.com/news/ntype.htm?ut=1&name=/news/life/201010/20101001/aaa76101.htm
326,유럽형 ‘포르테 해치백’..준중형 시장 넘본다,http://osen.mt.co.kr/news/view.html?gid=G1008260142
327,"혼다, 브라질서 18만 7000대 리콜",http://www.newscj.com/news/articleView.html?idxno=33715
328,[서울모터쇼] 오늘의 경품! 현대차 'i30',http://www.asiae.co.kr/uhtml/read.jsp?idxno=2009040721542027327
329,"GS ""1억원 경품 대박 잡으세요""",http://www.moneytoday.co.kr/view/mtview.php?type=1&no=2009040709031037076&outlink=1
330,"車세금지원 ""수입차사 '환영'속 안절부절""",http://www.moneytoday.co.kr/view/mtview.php?type=1&no=2009032715103996675&outlink=1
331,중고차시장서 수입 디젤차 인기 높아,http://www.autotimes.co.kr/article_view.php?id=45588
332,[2009 소비트렌드] 소비 양극화 심화…홈쇼핑ㆍ가전 소비트렌드 바뀐다,http://www.hankyung.com/news/app/newsview.php?aid=2009010295091
333,"[2009 트렌드 / 국산차] 현대, 해치백스타일 i30 `쌩쌩`",http://news.mk.co.kr/news_forward.php?no=6662&year=2009
334,동유럽 車시장도 급브레이크,http://www.donga.com/fbin/output?n=200811150129
335,"“아반떼보다 크게, 고급스럽게”",http://www.sisapress.com/news/articleView.html?idxno=47597
336,시동걸린 수입소형차 전쟁,http://news.mk.co.kr/news_forward.php?no=618888&year=2008
337,휴가철 렌터카로 기분 내볼까,https://news.naver.com/main/read.naver?mode=LSD&mid=sec&sid1=103&oid=011&aid=0001962542
338,“수입차 홈쇼핑 판매? 말도 안되는 전략”,http://www.khan.co.kr/kh_news/art_view.html?artid=200806032122502&code=920508
339,"현대 해치백 i30, “중국서 대량 생산한다?”",http://www.nspna.com/news/index.html?mode=view&cate1_id=6&cate2_id=45&number=9322
340,자동차 리콜 해마다 `내리막 길`,http://www.etnews.co.kr/news/detail.html?id=200805200178
341,[43회 발명의 날] 아이디어가 세상 바꾼다,http://www.busanilbo.com/news2000/html/2008/0520/020020080520.1016102801.html
342,"[단독]1Q 제작결함 리콜차량, 작년 규모 '훌쩍'..SM5 LPLi 5만9천대",https://news.naver.com/main/read.naver?mode=LSD&mid=sec&sid1=103&oid=003&aid=0002097718
343,"수입차업계, 일본차 공습 '비상'",http://www.autotimes.co.kr/article_view.php?id=32679
344,경유가 인상에도 불구 SUV인기,http://www.etnews.co.kr/news/detail.html?id=200804070163
345,[Used Car] `3월의 RV` 혼다…국산차 `매물 1위` SM5,http://news.mk.co.kr/news_forward.php?no=199817&year=2008
346,"현대차, 해외 시승행사 잇단 개최",http://www.asiae.co.kr/uhtml/read.jsp?idxno=302738§ion=S1N5§ion2=S2N107
347,"현대차, 싼타페 투싼의 고향 방문",http://www.newspim.com/sub_view.php?cate1=6&cate2=5&news_id=136607
348,[SW뉴스①]유목생활체험 라프투어… 북유럽 끝에서 자유는 시작된다,http://www.segye.com/Articles/NEWS/CULTURE/Article.asp?aid=20080319003261&subctg1=&subctg2=
349,"<""고객들을 해외로""..현대차, 해외 체험 마케팅 활발>",https://news.naver.com/main/read.naver?mode=LSD&mid=sec&sid1=101&oid=001&aid=0001966650
350,현대車 “고객을 해외로”…체험 마케팅 활발,http://www.kukinews.com/news/article/view.asp?page=1&gCode=eco&arcid=0920817045&cp=nv
351,밸런타인데이 깜짝 선물 해볼까?,http://news.mk.co.kr/news_forward.php?no=78179&year=2008
352,"車시장의 돌풍, 엉덩이 예쁜 ‘30 자매’",http://news.mk.co.kr/news_forward.php?no=712105&year=2007
353,제네시스 “수입차 다 덤벼”,http://www.munhwa.com/news/view.html?no=2007122801031724302001
354,‘실속’ 국산車 VS ‘명성’ 수입車…으랏車車 ‘한판 승부’,http://www.donga.com/fbin/output?n=200712270086
355,[비즈카페] “수입차가 국산보다 좋다”는 옛말,http://www.kukinews.com/news/article/view.asp?page=1&gCode=kmi&arcid=0920756639&cp=nv
356,연말 연초 신차가 쏟아진다,https://news.naver.com/main/read.naver?mode=LSD&mid=sec&sid1=101&oid=086&aid=0000077160
357,"현대차, 'i30(아이써티)' 2.0 출시",http://www.mydaily.co.kr/news/read.html?newsid=200712130845354438&ext=na
358,"현대차, 'i30' 2.0 출시",http://www.newspim.com/sub_view.php?cate1=6&cate2=1&news_id=111202
359,국내외 5개 자동차 브랜드에서 고른 女心 사로잡는 자동차,http://lady.khan.co.kr/khlady.html?mode=view&code=10&artid=10269&pt=nv
360,현대차 i30 2.0 모델 판매,http://www.fnnews.com/view?ra=Sent0701m_01A&corp=fnnews&arcid=071212185743&cDateYear=2007&cDateMonth=12&cDateDay=12&
361,"현대차, 'i30' 2.0 출시",http://www.newspim.com/sub_view.php?cate1=6&cate2=1&news_id=111202
362,국내외 5개 자동차 브랜드에서 고른 女心 사로잡는 자동차,http://lady.khan.co.kr/khlady.html?mode=view&code=10&artid=10269&pt=nv
363,2008년 이 차를 주목하라! 수입차-국산차 ‘뜨거운 신차경쟁’,http://newsmaker.khan.co.kr/khnm.html?mode=view&code=114&artid=16016&pt=nv
364,현대차 “저가모델 개발 총력”,http://www.fnnews.com/view?ra=Sent0701m_01A&corp=fnnews&arcid=071025051042&cDateYear=2007&cDateMonth=10&cDateDay=25&
365,[동영상] 제 40회 동경모터쇼에 참가한 현대자동차,http://sports.chosun.com/news/ntype.htm?ut=1&name=/news/life/200710/20071025/7ay71004.htm
366,현대차 “저가모델 개발 총력”,http://www.fnnews.com/view?ra=Sent0601m_01A&corp=fnnews&arcid=0921132685&cDateYear=2007&cDateMonth=10&cDateDay=24&
367,[글로벌 영토 넓혀라] 현대자동차,https://news.naver.com/main/read.naver?mode=LSD&mid=sec&sid1=101&oid=011&aid=0000202659
368,‘해치백’ 잘 나간다…국산·수입 다양한 모델 쏟아져,http://sports.khan.co.kr/news/sk_index.html?cat=view&art_id=200710142121383&sec_id=562401&pt=nv
369,‘친환경차가 달려온다’ 눈길끄는 미래형 수입차,http://www.khan.co.kr/kh_news/art_view.html?artid=200710071720051&code=920508
370,현대차 “저가모델 개발 총력”,http://www.fnnews.com/view?ra=Sent0701m_01A&corp=fnnews&arcid=071025051042&cDateYear=2007&cDateMonth=10&cDateDay=25&
371,[동영상] 제 40회 동경모터쇼에 참가한 현대자동차,http://sports.chosun.com/news/ntype.htm?ut=1&name=/news/life/200710/20071025/7ay71004.htm
372,현대차 “저가모델 개발 총력”,http://www.fnnews.com/view?ra=Sent0601m_01A&corp=fnnews&arcid=0921132685&cDateYear=2007&cDateMonth=10&cDateDay=24&
373,[글로벌 영토 넓혀라] 현대자동차,https://news.naver.com/main/read.naver?mode=LSD&mid=sec&sid1=101&oid=011&aid=0000202659
374,‘해치백’ 잘 나간다…국산·수입 다양한 모델 쏟아져,http://sports.khan.co.kr/news/sk_index.html?cat=view&art_id=200710142121383&sec_id=562401&pt=nv
375,‘친환경차가 달려온다’ 눈길끄는 미래형 수입차,http://www.khan.co.kr/kh_news/art_view.html?artid=200710071720051&code=920508
376,"미국에선 ‘SUV’ 끌고, 유럽선 ‘해치백’ 밀고",http://www.munhwa.com/news/view.html?no=2007100401031524160002
377,현대車 i30 해치백 국내인기 자리잡나,http://www.edaily.co.kr/news/newspath.asp?newsid=01643286583288984
378,[이제는메이드바이시대]유럽 맞춤형 현대車에 폭스바겐도 긴장,http://www.segye.com/Service5/ShellView.asp?TreeID=1052&PCode=0007&DataID=200709162140000404
379,[현대ㆍ기아차 '글로벌 빅5' 도전] 기아車 '글로벌 기어'로 바꾸고 쌩쌩,http://www.hankyung.com/news/app/newsview.php?aid=2007090543421
380,‘해치백’ 잘 나간다…국산·수입 다양한 모델 쏟아져,http://sports.khan.co.kr/news/sk_index.html?cat=view&art_id=200710142121383&sec_id=562401&pt=nv
381,‘친환경차가 달려온다’ 눈길끄는 미래형 수입차,http://www.khan.co.kr/kh_news/art_view.html?artid=200710071720051&code=920508
382,"미국에선 ‘SUV’ 끌고, 유럽선 ‘해치백’ 밀고",http://www.munhwa.com/news/view.html?no=2007100401031524160002
383,현대車 i30 해치백 국내인기 자리잡나,http://www.edaily.co.kr/news/newspath.asp?newsid=01643286583288984
384,[이제는메이드바이시대]유럽 맞춤형 현대車에 폭스바겐도 긴장,http://www.segye.com/Service5/ShellView.asp?TreeID=1052&PCode=0007&DataID=200709162140000404
385,[현대ㆍ기아차 '글로벌 빅5' 도전] 기아車 '글로벌 기어'로 바꾸고 쌩쌩,http://www.hankyung.com/news/app/newsview.php?aid=2007090543421
386,"기아차, 유럽형 차종 `씨드` 내년 생산 20만대로 상향",http://www.dt.co.kr/contents.html?article_no=2007090402011032691003
387,"기아차, 씨드 생산·판매 20만대로 늘린다",http://www.edaily.co.kr/news/newspath.asp?newsid=01699046583256512
388,‘씨드’ 생산 2배 늘린다,http://www.fnnews.com/view?ra=Sent0701m_01A&corp=fnnews&arcid=070830062235&cDateYear=2007&cDateMonth=08&cDateDay=30&
389,"기아차 씨드, 유럽서 최고안전성",http://www.segye.com/Service5/ShellView.asp?TreeID=3118&PCode=0070&DataID=200708290951001201
390,"기아차 씨드, 유럽서 최고안전성",http://www.segye.com/Service5/ShellView.asp?TreeID=3118&PCode=0070&DataID=200708290951001201
391,"해치백과 왜건, 드디어 “으랏車車!”",https://news.naver.com/main/read.naver?mode=LSD&mid=sec&sid1=103&oid=037&aid=0000003274
392,"[Car & Travel]날렵한 美人… 이국적 디자인, 젊음을 사로잡다",http://www.donga.com/fbin/output?n=200708220163
393,[시승기] 현대자동차 'i30',http://www.busanilbo.com/news2000/html/2007/0813/020020070813.1018105237.html
394,"현대차, i30 고객 20명 초청 아우토반 시승",http://www.wownet.co.kr/news/wownews/view.asp?bcode=N07010000&artid=A200708050004
395,[업계 드라이버]i30 타고 아우토반 가자 外,http://sports.khan.co.kr/news/sk_index.html?cat=view&art_id=200708052118243&sec_id=562401&pt=nv
396,"현대, ''i30'' 구매고객 선발 獨 아우토반 시승",http://www.segye.com/Service5/ShellView.asp?TreeID=3118&PCode=0070&DataID=200708051104000361
397,8월 6일 간추린 뉴스,http://www.hani.co.kr/arti/economy/economy_general/227054.html
398,[오토특집]새차 타고 떠나는 바캉스… 막힌 길도 폼나게,http://www.heraldbiz.com/SITE/data/html_dir/2007/07/26/200707260041.asp
399,[신차] 날렵한 해치백스타일에 홀린다,http://news.mk.co.kr/news_forward.php?no=385260&year=2007
400,"[Car & Travel]날렵한 美人… 이국적 디자인, 젊음을 사로잡다",http://www.donga.com/fbin/output?n=200708220163
401,[시승기] 현대자동차 'i30',http://www.busanilbo.com/news2000/html/2007/0813/020020070813.1018105237.html
402,"현대차, i30 고객 20명 초청 아우토반 시승",http://www.wownet.co.kr/news/wownews/view.asp?bcode=N07010000&artid=A200708050004
403,[업계 드라이버]i30 타고 아우토반 가자 外,http://sports.khan.co.kr/news/sk_index.html?cat=view&art_id=200708052118243&sec_id=562401&pt=nv
404,"현대, ''i30'' 구매고객 선발 獨 아우토반 시승",http://www.segye.com/Service5/ShellView.asp?TreeID=3118&PCode=0070&DataID=200708051104000361
405,8월 6일 간추린 뉴스,http://www.hani.co.kr/arti/economy/economy_general/227054.html
406,[오토특집]새차 타고 떠나는 바캉스… 막힌 길도 폼나게,http://www.heraldbiz.com/SITE/data/html_dir/2007/07/26/200707260041.asp
407,[신차] 날렵한 해치백스타일에 홀린다,http://news.mk.co.kr/news_forward.php?no=385260&year=2007
408,올 하반기 신차 전쟁 3색 관전 포인트,http://www.donga.com/fbin/output?n=200707200045
409,"현대차, 유럽형 신차 ‘i30’ 시판",http://www.kbizweek.com/cp/view.asp?vol_no=607&art_no=43&sec_cd=1658
410,현대차 유럽 모델 ‘i30’독일서 20명 시승행사,http://www.fnnews.com/view?ra=Sent0601m_01A&corp=fnnews&arcid=0921066918&cDateYear=2007&cDateMonth=08&cDateDay=05&
411,[오토특집]새차 타고 떠나는 바캉스… 막힌 길도 폼나게,http://www.heraldbiz.com/SITE/data/html_dir/2007/07/26/200707260041.asp
412,[신차] 날렵한 해치백스타일에 홀린다,http://news.mk.co.kr/news_forward.php?no=385260&year=2007
413,올 하반기 신차 전쟁 3색 관전 포인트,http://www.donga.com/fbin/output?n=200707200045
414,"현대차, 유럽형 신차 ‘i30’ 시판",http://www.kbizweek.com/cp/view.asp?vol_no=607&art_no=43&sec_cd=1658
415,"해치백, 국내 자동차 시장에 도전…성공할까?",http://www.heraldbiz.com/SITE/data/html_dir/2007/07/18/200707180046.asp
416,[기업 여름 마케팅] “멋진휴가 새차 타고 달려보세요”,http://www.fnnews.com/view?ra=Sent0601m_01A&corp=fnnews&arcid=0921051638&cDateYear=2007&cDateMonth=07&cDateDay=17&
417,(한·EU FTA)이모저모..해치백 `천국` 유럽,http://www.edaily.co.kr/news/newspath.asp?newsid=02227126583195176
418,현대·기아차 실용주의 유럽인 입맛 맞출까,http://www.kukinews.com/news/article/view.asp?page=1&gCode=eco&arcid=0920599331&cp=nv
419,"현대, 유럽형 i30 출시...해치백 모델 관심집중",http://sports.chosun.com/news/ntype.htm?ut=1&name=/news/life/200707/20070717/77q80001.htm
420,(한·EU FTA)이모저모..해치백 `천국` 유럽,http://www.edaily.co.kr/news/newspath.asp?newsid=02227126583195176
421,현대·기아차 실용주의 유럽인 입맛 맞출까,http://www.kukinews.com/news/article/view.asp?page=1&gCode=eco&arcid=0920599331&cp=nv
422,"현대, 유럽형 i30 출시...해치백 모델 관심집중",http://sports.chosun.com/news/ntype.htm?ut=1&name=/news/life/200707/20070717/77q80001.htm
423,현대차 ‘i30’ 첫 선 유럽시장 공략 GO,http://sports.khan.co.kr/news/sk_index.html?cat=view&art_id=200707152055193&sec_id=562401&pt=nv
424,유럽차 잡는 현대車 i30 시판,http://news.mk.co.kr/news_forward.php?no=368841&year=2007
425,현대차의 해치백 실험 'i30',http://www.ytn.co.kr/_ln/0102_200707130245154187
426,현대차의 해치백 실험 'i30',http://www.ytn.co.kr/_ln/0102_200707121839124758
427,현대차 준중형 ‘i30’,http://www.hani.co.kr/arti/economy/car/222130.html
428,현대차 유럽형 ' i30' 출시,http://www.hankyung.com/news/app/newsview.php?aid=2007071298211
429,"현대차, 신개념 유럽 전략차종 'i30' 출시",http://www.moneytoday.co.kr/view/mtview.php?type=1&no=2007071209300760214&outlink=1
430,현대차의 해치백 실험 'i30',http://www.ytn.co.kr/_ln/0102_200707130847277723
431,현대차의 해치백 실험 'i30',http://www.ytn.co.kr/_ln/0102_200707121839124758
432,현대차 준중형 ‘i30’,http://www.hani.co.kr/arti/economy/car/222130.html
433,현대차 유럽형 ' i30' 출시,http://www.hankyung.com/news/app/newsview.php?aid=2007071298211
434,"현대차, 신개념 유럽 전략차종 'i30' 출시",http://www.moneytoday.co.kr/view/mtview.php?type=1&no=2007071209300760214&outlink=1
435,"현대차, 유럽형 신차 i30 출시",http://www.wownet.co.kr/news/vodnews/view2.asp?vodnum=7089
436,"[동영상] ""i30 모는 여성에게 어울리는 패션 스타일""",http://sports.chosun.com/news/ntype.htm?ut=1&name=/news/life/200707/20070713/77m76113.htm
437,"[동영상] '골프' 잡을 현대차 i30, 홀인원 날릴까?",http://sports.chosun.com/news/ntype.htm?ut=1&name=/news/life/200707/20070713/77m76112.htm
438,"현대차, 유럽형 모델 'i30' 시판",https://news.naver.com/main/read.naver?mode=LSD&mid=sec&sid1=101&oid=001&aid=0001693623
439,"현대자동차, 신개념 유럽 전략차종 'i30' 출시",https://news.naver.com/main/read.naver?mode=LSD&mid=sec&sid1=101&oid=003&aid=0000487526
440,'유럽을 노린다' 현대차 i30 출시,http://www.cbs.co.kr/Nocut/Show.asp?IDX=563529
441,"현대차, 유럽형 모델 'i30' 시판",https://news.naver.com/main/read.naver?mode=LSD&mid=sec&sid1=101&oid=001&aid=0001693623
442,"현대자동차, 신개념 유럽 전략차종 'i30' 출시",https://news.naver.com/main/read.naver?mode=LSD&mid=sec&sid1=101&oid=003&aid=0000487526
443,임수정 'i30과 함께',http://www.cbs.co.kr/Nocut/Show.asp?IDX=563508
444,세단에 스포츠카까지 못보던 자동차가 ‘우르르’,http://www.hani.co.kr/arti/economy/car/221968.html
445,"국산차 vs 수입차, '해치백' 전면전 예고",http://www.edaily.co.kr/news/newspath.asp?newsid=01443206583193208
446,"현대차 i30, 12일 국내 출시..해외호평",http://www.moneytoday.co.kr/view/mtview.php?type=1&no=2007070211392947893&outlink=1
447,1분에 1대 뚝딱 … 유럽 명품 車로 신나는 질주,https://news.naver.com/main/read.naver?mode=LSD&mid=sec&sid1=101&oid=037&aid=0000002742
448,엉덩이가 예쁜차 고객 사랑도 듬뿍,http://www.heraldbiz.com/SITE/data/html_dir/2007/05/12/200705120025.asp
449,[Biz]‘꿈’에 그리던 상품이 먹힌다,http://news.mk.co.kr/news_forward.php?no=212246&year=2007
450,'이것이 i30',http://www.cbs.co.kr/Nocut/Show.asp?IDX=563511
451,현대차 폴크스바겐 ‘골프’ 대항마 출시,http://www.heraldbiz.com/SITE/data/html_dir/2007/07/12/200707120170.asp
452,현대차 i30 유럽형 모델 출시,http://www.khan.co.kr/kh_news/art_view.html?artid=200707121828511&code=920100
453,세단에 스포츠카까지 못보던 자동차가 ‘우르르’,http://www.hani.co.kr/arti/economy/car/221968.html
454,"국산차 vs 수입차, '해치백' 전면전 예고",http://www.edaily.co.kr/news/newspath.asp?newsid=01443206583193208
455,"현대차 i30, 12일 국내 출시..해외호평",http://www.moneytoday.co.kr/view/mtview.php?type=1&no=2007070211392947893&outlink=1
456,1분에 1대 뚝딱 … 유럽 명품 車로 신나는 질주,https://news.naver.com/main/read.naver?mode=LSD&mid=sec&sid1=101&oid=037&aid=0000002742
457,엉덩이가 예쁜차 고객 사랑도 듬뿍,http://www.heraldbiz.com/SITE/data/html_dir/2007/05/12/200705120025.asp
458,[Biz]‘꿈’에 그리던 상품이 먹힌다,http://news.mk.co.kr/news_forward.php?no=212246&year=2007
459,현대·기아차 유럽시대 본격 개막,https://news.naver.com/main/read.naver?mode=LSD&mid=sec&sid1=101&oid=086&aid=0000060363
460,현대차 i30 유럽형 모델 출시,http://www.khan.co.kr/kh_news/art_view.html?artid=200707121828511&code=920100
461,세단에 스포츠카까지 못보던 자동차가 ‘우르르’,http://www.hani.co.kr/arti/economy/car/221968.html
462,"국산차 vs 수입차, '해치백' 전면전 예고",http://www.edaily.co.kr/news/newspath.asp?newsid=01443206583193208
463,"현대차 i30, 12일 국내 출시..해외호평",http://www.moneytoday.co.kr/view/mtview.php?type=1&no=2007070211392947893&outlink=1
464,1분에 1대 뚝딱 … 유럽 명품 車로 신나는 질주,https://news.naver.com/main/read.naver?mode=LSD&mid=sec&sid1=101&oid=037&aid=0000002742
465,엉덩이가 예쁜차 고객 사랑도 듬뿍,http://www.heraldbiz.com/SITE/data/html_dir/2007/05/12/200705120025.asp
466,[Biz]‘꿈’에 그리던 상품이 먹힌다,http://news.mk.co.kr/news_forward.php?no=212246&year=2007
467,현대·기아차 유럽시대 본격 개막,https://news.naver.com/main/read.naver?mode=LSD&mid=sec&sid1=101&oid=086&aid=0000060363
468,현대·기아차 ‘메이드 인 유럽’시대로,http://www.hani.co.kr/arti/economy/economy_general/205076.html
469,글로벌 생산체제 구축..유럽 공략 전략은?,http://www.moneytoday.co.kr/view/mtview.php?type=1&no=2007042413555940186&outlink=1
470,현대·기아차 유럽시대 본격 개막,https://news.naver.com/main/read.naver?mode=LSD&mid=sec&sid1=101&oid=086&aid=0000060363
471,현대·기아차 ‘메이드 인 유럽’시대로,http://www.hani.co.kr/arti/economy/economy_general/205076.html
472,글로벌 생산체제 구축..유럽 공략 전략은?,http://www.moneytoday.co.kr/view/mtview.php?type=1&no=2007042413555940186&outlink=1
473,[서울 모터쇼] 최첨단 기술 한눈에 `쏙`,http://news.mk.co.kr/news_forward.php?no=208105&year=2007
474,국내ㆍ해외 신차 경품 100만분의 1 주인공 되세요,http://www.heraldbiz.com/SITE/data/html_dir/2007/04/07/200704070022.asp
475,<서울모터쇼> 전시 첫날 4만8천여명 관람,https://news.naver.com/main/read.naver?mode=LSD&mid=sec&sid1=103&oid=001&aid=0001598818
476,"서울모터쇼, 김원환씨 아반떼 행운..4.8만명 관람",http://www.moneytoday.co.kr/view/mtview.php?type=1&no=2007040618410813036&outlink=1
477,[서울모터쇼]모터쇼도 보고 자동차도 받고,http://www.moneytoday.co.kr/view/mtview.php?type=1&no=2007040508345356260&outlink=1
478,2007 서울모터쇼 100배 즐기는 법,http://www.dt.co.kr/contents.html?article_no=2007040202011432614003
479,디자인·움직임 단단하고 안정…실용적 유럽 감각 물씬,http://www.hani.co.kr/arti/economy/car/198937.html
480,<서울모터쇼> 전시 첫날 4만8천여명 관람,https://news.naver.com/main/read.naver?mode=LSD&mid=sec&sid1=103&oid=001&aid=0001598818
481,"서울모터쇼, 김원환씨 아반떼 행운..4.8만명 관람",http://www.moneytoday.co.kr/view/mtview.php?type=1&no=2007040618410813036&outlink=1
482,[서울모터쇼]모터쇼도 보고 자동차도 받고,http://www.moneytoday.co.kr/view/mtview.php?type=1&no=2007040508345356260&outlink=1
483,2007 서울모터쇼 100배 즐기는 법,http://www.dt.co.kr/contents.html?article_no=2007040202011432614003
484,디자인·움직임 단단하고 안정…실용적 유럽 감각 물씬,http://www.hani.co.kr/arti/economy/car/198937.html
485,기아자동차 씨드에 독일 언론이 보내는 찬사,https://news.naver.com/main/read.naver?mode=LSD&mid=sec&sid1=104&oid=003&aid=0000353214
486,"[르포]기아차, 로켓처럼 달린다",http://www.moneytoday.co.kr/view/mtview.php?type=1&no=2007031911503699844&outlink=1
487,깜찍한 ‘뒷모양’ 눈길 확~,http://www.seoul.co.kr/news/newsView.php?id=20070312017002
488,"푸조 뉴 3008, ‘2017 유럽 올해의 차’에 뽑혔다",http://www.rpm9.com/news/article.html?id=20170307090012
489,"현대·기아차, 유럽 질주 채비",https://news.naver.com/main/read.naver?mode=LSD&mid=sec&sid1=101&oid=021&aid=0000183409
490,"3월 국내 출시 '뉴 푸조 3008', 제네바모터쇼 '올해의 차' 수상",http://www.newscj.com/news/articleView.html?idxno=410325
491,"현대·기아차, 유럽 질주 채비",https://news.naver.com/main/read.naver?mode=LSD&mid=sec&sid1=101&oid=021&aid=0000183409
492,[The test]기아 해치백 ‘씨드’ 타 보니,http://www.donga.com/fbin/output?n=200702220052
493,<해치백 모델은 싫어..최소판매차 상위 포진>,https://news.naver.com/main/read.naver?mode=LSD&mid=sec&sid1=103&oid=001&aid=0001540957
494,[Car & Travel]디자인 좋으니 해치백-왜건 뜬다,http://www.donga.com/fbin/output?n=200702050063
495,짐차 이미지는 가라…‘우아한 해치백’이 열린다,http://www.hani.co.kr/arti/economy/car/188499.html
496,수입차는 값 내리고 국산차는 오르고...,http://www.moneytoday.co.kr/view/mtview.php?type=1&no=2007010114011601552&outlink=1
497,"신차들의 유혹, 2007년 무한질주",http://www.hani.co.kr/arti/economy/car/180238.html
498,[Car&Travel]2007년 신차 전쟁 막 오른다,http://www.donga.com/fbin/output?n=200612180105
499,[ECO테크노가 미래 승부수] 자동차，대기오염 ‘0’에 도전,http://www.fnnews.com/view?ra=Sent0601m_01A&corp=fnnews&arcid=0920858162&cDateYear=2006&cDateMonth=11&cDateDay=07&
