,title,url
0,찬밥 신세된 디젤...푸조·폭스바겐 고집 꺾었다,https://economist.co.kr/2022/04/21/industry/normal/20220421180002871.html
1,"[시승]살림살이 돕는 SUV, 푸조 3008 가솔린",http://autotimes.hankyung.com/apps/news.sub_view?popup=0&nid=02&c1=02&c2=02&c3=00&nkey=202204261645531
2,신차 쏟아내는 푸조... 여심 잡은 308 온다,https://economist.co.kr/2022/04/19/industry/normal/20220419190011686.html
3,[TV 데일리카] 디젤 빼고 가솔린 엔진 투입한 푸조..3008 SUV 타보니,http://m.dailycar.co.kr/content/news.html?type=view&autoId=44067
4,"'하와이 가볼까'…아시아나, 25개월만에 운항 재개",http://news.bizwatch.co.kr/article/industry/2022/04/08/0005
5,"‘프랑스’ 조용함을 기다렸다, 푸조 가솔린 올린 3008·5008 무슨 차",http://sports.khan.co.kr/news/sk_index.html?art_id=202204061237003&sec_id=563002&pt=nv
6,"푸조, 퓨어테크 가솔린 터보 엔진 국내 첫 도입… 3008·5008 SUV 공식 출시",http://www.sportsworldi.com/newsView/20220405500661
7,"푸조, 3008·5008 SUV 가솔린 모델 공식 출시",http://www.etnews.com/20220404000125
8,"르노코리아, 야간·주말 정비 가능한 '케어 서비스 캠페인' 시행…푸조, 3008·5008 SUV 가솔린 출시 [자동차오늘]",http://www.sisaon.co.kr/news/articleView.html?idxno=137664
9,가솔린 터보 엔진 달고 온 푸조 SUV… 조용하고 유지비 저렴,http://news.kmib.co.kr/article/view.asp?arcid=0924239755&code=14140000&cp=nv
10,"푸조, 가솔린 3008·5008 출시…4350만원부터",https://zdnet.co.kr/view/?no=20220404093317
11,[신차열전] 르노 QM6 및 푸조 3008ㆍ5008 SUV…프렌치 감성 물씬,https://www.dnews.co.kr/uhtml/view.jsp?idxno=202203202325529120243
12,[시승기] 새로운 스타일로 다채로운 매력을 제시하는 프렌치 SUV…푸조 5008 GT,https://hankookilbo.com/News/Read/A2021080808320001488?did=NA
13,"푸조, '3008·5008 SUV 가솔린 엔진' 사전계약 실시 ""4350만원부터""",http://www.thedrive.co.kr/news/newsview.php?ncode=1065573715750090
14,[크크맨의 카 라이프] 가솔린 품은 푸조 3008 & 5008,http://www.sisacast.kr/news/articleView.html?idxno=34626
15,"푸조, SUV ‘3008·5008′ 가솔린 모델 사전 계약",https://biz.chosun.com/industry/car/2022/03/17/IBXM74RUA5FDHGK546DH63R7WY/?utm_source=naver&utm_medium=original&utm_campaign=biz
16,[영상]수입 롱보디 중형 SUV는 이 차가 답! 푸조 5008 시승기,http://autotimes.hankyung.com/apps/news.sub_view?popup=0&nid=12&c1=12&c2=12&c3=00&nkey=202108041557311
17,"한불모터스, 푸조 5008 시승 캠페인 진행",http://autotimes.hankyung.com/apps/news.sub_view?popup=0&nid=03&c1=03&c2=03&c3=00&nkey=202103151145411
18,'디자인.효율.가격' 3박자 갖춘 SUV 푸조 5008[SS시승기],http://www.sportsseoul.com/news/read/1086969?ref=naver
19,"[자유로 연비] 새롭게 돌아온 프렌치 SUV, ‘푸조 5008 GT’의 자유로 연비는?",https://hankookilbo.com/News/Read/A2021101712340002616?did=NA
20,[브랜드 이야기] 대통령이 선택한 프랑스 명차 ‘푸조 5008’,http://www.ajunews.com/view/20211010055253182
21,"푸조, 새차 부품 없어 6개월째 수리 대기 중...수개월 기다려 받은 부품도 불량",http://www.consumernews.co.kr/news/articleView.html?idxno=645817
22,"[시승]모두의 SUV, 푸조 5008",http://autotimes.hankyung.com/apps/news.sub_view?popup=0&nid=02&c1=02&c2=02&c3=00&nkey=202107291639261
23,"[수입차 특집] 푸조 5008 ""SUV 라인업 완성하는 마지막 퍼즐""",http://www.m-i.kr/news/articleView.html?idxno=623795
24,[시승기] 푸조 5008 SUV 타고 떠나는 국토남단의 보물찾기 여행,http://www.newsworks.co.kr/news/articleView.html?idxno=336627
25,"""푸조 브랜드 고급화의 시작"" 상품성·존재감 UP! 뉴 푸조 3008·5008 SUV",http://www.autodaily.co.kr/news/articleView.html?idxno=428285
26,"[카닥터] 푸조 5008 GT, 흠 없는 프랑스 감성",http://www.econovill.com/news/articleView.html?idxno=355301
27,수입차 1분기 판매량 감소했지만 BMW·푸조는 선방...신차·전기차 효과 톡톡,http://www.consumernews.co.kr/news/articleView.html?idxno=647051
28,[이주의 차] 더 뉴 K9과 뉴 푸조 5008,http://isplus.live.joins.com/news/article/article.asp?total_id=24073259
29,"푸조, 부분 변경한 ‘뉴 5008 SUV’ 출시",http://www.rpm9.com/news/article.html?id=20210602090003
30,"푸조, 연비 6.4% 높인 7인승 SUV '푸조5008' 부분 변경모델 출시",http://www.autodaily.co.kr/news/articleView.html?idxno=427783
31,"New 푸조 5008 SUV, 영국 왓카 선정 ‘2018 올해의 대형 SUV’",http://www.osen.co.kr/article/G1110822752
32,'New 푸조 5008' 올해의 차 선정…4000만원대 7인승 SUV,http://www.asiatoday.co.kr/view.php?key=20180126010014895
33,"[연비 시승기] 푸조 5008, 자유로를 달리다",http://autoin.edaily.co.kr/news/newspath.asp?newsid=03630966616161144
34,"푸조, 첨단 편의사양 적용한 7인승 SUV '뉴 푸조 5008 GT' 출시",http://kr.aving.net/news/view.php?articleId=1382225&Branch_ID=kr&rssid=naver&mn_name=news
35,"푸조, 더 강력한 7인승 SUV '뉴 푸조 5008 GT' 출시",http://www.asiae.co.kr/news/view.htm?idxno=2017112810081836865
36,[리뷰] 4천만원대 푸조 5008...여행가방 4개 거뜬,http://www.zdnet.co.kr/ArticleView.asp?artice_id=20171121105900
37,"4000만원대 대형 SUV 출시, 푸조 5008",http://www.sporbiz.co.kr/news/articleView.html?idxno=166676
38,ADAS 기본 푸조 5008 출시 “사전계약 200대”,http://www.zdnet.co.kr/ArticleView.asp?artice_id=20171121091534
39,"[포토] 푸조, 'New 푸조 5008 SUV' 국내 출시",http://news.hankyung.com/article/2017112124587
40,"푸조, ‘New 푸조 5008 SUV’ 사전계약 시작",http://www.kukinews.com/news/article.html?no=501110
41,"푸조 5008, 국내 연비 ‘역전’… “1.6보다 연비 좋은 2.0”",http://bizn.donga.com/car/3/0111/20170921/86449023/1
42,[이번주 신상품] LG전자 ‘씽큐 허브'·장난꾸러기 만능놀이 스마트북·드론 실드·푸조 5008 인기,http://it.chosun.com/news/article.html?no=2843158
43,[포토]푸조 5008 실내… 스타일·실용성 ‘다잡았다’,http://bizn.donga.com/car/3/0111/20171122/87406953/1
44,포르쉐보다 안 팔린 푸조·시트로엥·DS,http://isplus.live.joins.com/news/article/article.asp?total_id=24225746
45,[포토]푸조 5008 외관… ‘4000만원대’ 수입 SUV의 자태,http://bizn.donga.com/car/3/0111/20171122/87406489/1
46,[자동차특집] ⑫ 푸조 2008·3008·5008 'SUV 3총사'로 보릿고개 넘는다,http://www.g-enews.com/ko-kr/news/article/news_all/20210427093749881783a046ffa0_1/article.html
47,"푸조, 7인승 '5008 빅 앤 모어' 시승 캠페인 진행",http://www.cbci.co.kr/news/articleView.html?idxno=412676
48,"""이런 혜택은 처음이야""… 푸조, 3008·5008 트리플 프로모션 진행",http://moneys.mt.co.kr/news/mwView.php?no=2021030419428078986
49,"푸조, 3월 '트리플 프로모션' 진행…3008·5008 SUV 최대 320만원 할인",https://www.asiatoday.co.kr/view.php?key=20210304010002729
50,"푸조, 엠블럼 바꿔달고 2022년 반등할 수 있을까",http://www.sisaweek.com/news/articleView.html?idxno=150733
51,"2008, 3008, 5008 SUV 푸조, SUV 풀라인업 썸머 드라이브 캠페인",http://sports.khan.co.kr/news/sk_index.html?art_id=202107141445023&sec_id=563002&pt=nv
52,한 때 효자 '디젤차의 눈물'…1년 새 판매량 38% '뚝뚝',https://www.asiatime.co.kr/article/20220405500168
53,"아파텔의 완성작 다인로얄팰리스 명지, 3월 24일 그랜드 오픈…푸조 5008은 누구에게 갈 것인가",http://www.leaders.kr/news/articleView.html?idxno=62827
54,"[시승기] '유니크한 디자인에 클린디젤까지'…푸조 5008 SUV, 청정제주에 딱 좋아!",https://www.asiatoday.co.kr/view.php?key=20201121010013801
55,"푸조 3008∙5008 SUV, 통큰 코로나19 프로모션...210대 한정 7개월 할부금 면제",http://www.osen.co.kr/article/G1111465769
56,"푸조, 3008∙5008 SUV 210대 한정, 7개월 할부금 전액 면제",http://www.newsis.com/view/?id=NISX20201103_0001220815&cID=13001&pID=13000
57,"푸조, SUV 5008 페이스리프트 공개..과연 달라진 점은?",http://www.dailycar.co.kr/content/news.html?type=view&autoId=37524
58,"[한주의 자동차 소식] 현대차그룹-정몽구 재단, '임팩트 스타트업' 선발 外",http://www.sporbiz.co.kr/news/articleView.html?idxno=613189
59,[차박시승기] 7인승 SUV는 네가 최고 ‘푸조 5008’,http://www.thedrive.co.kr/news/newsview.php?ncode=1065594772535923
60,고유가 행진에도 가솔린 SUV가 대세,http://autotimes.hankyung.com/apps/news.sub_view?popup=0&nid=02&c1=02&c2=02&c3=00&nkey=202203211650321
61,고유가 시대..과연 기름값 걱정 덜고 출고도 빨리 되는 차는?,http://m.dailycar.co.kr/content/news.html?type=view&autoId=43456
62,"푸조, 내한 예술가들에 푸조 508 및 5008 의전 차량 지원",http://www.segyebiz.com/newsView/20200128503447?OutUrl=naver
63,"푸조, 세계적인 아티스트에 푸조 508·5008 의전 차량 지원",http://www.mhj21.com/126896
64,"푸조, 세계적인 아티스트에 508 · 5008 의전 차량 지원",http://www.rpm9.com/news/article.html?id=20200120090001
65,"한불모터스, 푸조 3008·5008 SUV 등 프로모션 시행",http://autotimes.hankyung.com/apps/news.sub_view?popup=0&nid=05&c1=05&c2=05&c3=00&nkey=202001131050061
66,"[시승기] 다시 봐도 매력적인 유러피언 7인승 SUV, 푸조 5008 GT",http://www.hankookilbo.com/news/npath/201909130888717770?did=NA
67,"핫한 차박엔 ""에스컬레이드-5008SUV-EQA-XM3...각양각색""",http://www.gpkorea.com/news/articleView.html?idxno=74980
68,"푸조 '썸머 드라이브 캠페인', SUV 신차 3종 대상",http://www.sportsseoul.com/news/read/1052701?ref=naver
69,푸조 ‘푸조500·5008 SUV 액세서리 프로모션’ 실시,http://www.mhj21.com/121287
70,"[리얼 시승기] 디젤 車의 강자 푸조, 5008 GT ‘팔방미인’",http://www.g-enews.com/ko-kr/news/article/news_all/20190426015514250850cb531085_1/article.html
71,‘폭스바겐 티구안’ ‘지프 체로키’ ‘푸조 5008’ 포함 1만2천여 대 리콜,http://www.businesspost.co.kr/BP?command=article_view&num=153409
72,"[시승기] 푸조 SUV 5008, 제주 자연과 어울리는 ‘경쾌한 패밀리카’",http://www.viva100.com/main/view.php?key=20190225010006950
73,"[시승기] 푸조, 한국 시장 접수 예고한 ‘5008’ 그리고 ‘508’",http://www.enewstoday.co.kr/news/articleView.html?idxno=1271898
74,"[시승기] 푸조 5008, 프랑스의 감성을 품다",http://www.tfnews.co.kr/news/article.html?no=61497
75,[YG의 카톡(Car Talk)] '뉴 푸조 5008' 패밀리 SUV 제격…평평한 2열 시트 매력적,http://www.metroseoul.co.kr/article/20210809500254
76,"[시승기] 라스카도르, 푸조 5008 GT에서 유러피안 감성을 찾다",http://www.hankookilbo.com/news/npath/201901070436795761?did=NA
77,[시승기]이건희가 사랑한 오디오 ‘포칼’ 품다..푸조 5008 GT,http://www.edaily.co.kr/news/newspath.asp?newsid=01620326619444096
78,"푸조, WLTP 통과한 3008·5008 등 2019년형 전 모델 판매 돌입",http://www.autodaily.co.kr/news/articleView.html?idxno=406733
79,"[시승기] 달리는 즐거움이 있는 7인승 SUV, 푸조 5008 GT",http://www.hankookilbo.com/news/npath/201812200783331098?did=NA
80,[시승기] 완전히 새롭게 나타난 푸조 5008 SUV,http://www.inews24.com/view/1157995
81,"[시승기] 제주도 가족 여행을 위한 최고의 선택, 푸조 5008 GT",http://www.hankookilbo.com/news/npath/201812110749350515?did=NA
82,[포토 리뷰] 푸조 5008 GT와 함께 제주도와 '제주 푸조·시트로엥 박물관'을 찾다,http://www.hankookilbo.com/news/npath/201812081098313057?did=NA
83,"[비교] 다채로운 매력으로 소비자들의 시선을 끄는 5,000만원대 수입 SUV들은?",https://hankookilbo.com/News/Read/A2021123119290002823?did=NA
84,[시승기] 프랑스 특유의 감성(感性)이 어우러진 SUV.. 푸조 5008,http://www.dailycar.co.kr/content/news.html?type=view&autoId=31663
85,"[시승기] 푸조 5008 GT, 편리함과 실속을 꽉 채운 유럽형 감성의 패밀리 카",http://www.consumernews.co.kr/?mod=news&act=articleView&idxno=528947
86,"[강변오토시승기] 정비자격있는 남자, 강상구 변호사의 푸조 5008 GT 시승기",http://www.hankookilbo.com/news/npath/201812021054045273?did=NA
87,"[시승기] 쭌스의 푸조 5008 GT, ""매력적이지만 존재감은 더 필요해""",http://www.hankookilbo.com/news/npath/201811300935337648?did=NA
88,"[시승기] 즐거움을 찾는 기혼자를 위한 SUV, 푸조 5008 GT",http://www.hankookilbo.com/news/npath/201811130636083498?did=NA
89,"[시승기] 공간의 여유를 더한 푸조의 SUV, 푸조 5008 GT라인",http://www.hankookilbo.com/news/npath/201811070672388786?did=NA
90,푸조 SUV 형제 3008과 5008 올해 물량 조기 완판...그 비결은?,http://www.autodaily.co.kr/news/articleView.html?idxno=405805
91,"[AUTO] 푸조 5008 GT | 세상 어느 차도 닮지 않은, 개성으로 가득",http://economychosun.com/client/news/view.php?boardName=C26&t_num=13605766
92,"푸조, 서울모터쇼에서 3008 SUV·5008 SUV 등 브랜드 핵심 모델 전시",http://sports.chosun.com/news/ntype.htm?id=201903270100203680014588&servicedate=20190326
93,[시승기] 신사복 정장이 어울리는 패밀리 SUV..푸조 5008 GT,http://www.dailycar.co.kr/content/news.html?type=view&autoId=30831
94,푸조 “2008·3008·5008 SUV 48개월 무이자 할부 제공”,http://www.rpm9.com/news/article.html?id=20180810090029
95,[시승기]브랜드 인식 변화의 선봉장…푸조 5008 GT,http://www.asiatoday.co.kr/view.php?key=20180806010002685
96,[정수남 기자의 기승기]여름 휴가에 ‘딱’…푸조 5008 GT라인,http://www.betanews.net:8080/article/882594.html
97,"[시승] 데뷔 1년차 푸조 5008, 올해 도입물량이 조기 완판된 이유는?",http://www.autodaily.co.kr/news/articleView.html?idxno=406828
98,"푸조, 드라마 ‘단짠 오피스’에 3008·5008 SUV 지원",http://www.edaily.co.kr/news/newspath.asp?newsid=03266886619344712
99,"[시승기] 푸조 5008 SUV, 매력만점 ‘팔방미인’",http://www.ekn.kr/news/article.html?no=429587
100,'디자인.효율.가격' 3박자 갖춘 SUV 푸조 5008[SS시승기],http://www.sportsseoul.com/news/read/1086969?ref=naver
101,"[자유로 연비] 새롭게 돌아온 프렌치 SUV, ‘푸조 5008 GT’의 자유로 연비는?",https://hankookilbo.com/News/Read/A2021101712340002616?did=NA
102,[브랜드 이야기] 대통령이 선택한 프랑스 명차 ‘푸조 5008’,http://www.ajunews.com/view/20211010055253182
103,"푸조, 3008·3008 SUV 가솔린 모델 출시",https://view.asiae.co.kr/article/2022040409490000646
104,"푸조, SUV 내연기관 차종 사전 계약 돌입",http://autotimes.hankyung.com/apps/news.sub_view?popup=0&nid=02&c1=02&c2=02&c3=00&nkey=202203171056171
105,"푸조, 새차 부품 없어 6개월째 수리 대기 중...수개월 기다려 받은 부품도 불량",http://www.consumernews.co.kr/news/articleView.html?idxno=645817
106,"[시승]모두의 SUV, 푸조 5008",http://autotimes.hankyung.com/apps/news.sub_view?popup=0&nid=02&c1=02&c2=02&c3=00&nkey=202107291639261
107,"[수입차 특집] 푸조 5008 ""SUV 라인업 완성하는 마지막 퍼즐""",http://www.m-i.kr/news/articleView.html?idxno=623795
108,[시승기] 푸조 5008 SUV 타고 떠나는 국토남단의 보물찾기 여행,http://www.newsworks.co.kr/news/articleView.html?idxno=336627
109,"""푸조 브랜드 고급화의 시작"" 상품성·존재감 UP! 뉴 푸조 3008·5008 SUV",http://www.autodaily.co.kr/news/articleView.html?idxno=428285
110,"[카닥터] 푸조 5008 GT, 흠 없는 프랑스 감성",http://www.econovill.com/news/articleView.html?idxno=355301
111,수입차 1분기 판매량 감소했지만 BMW·푸조는 선방...신차·전기차 효과 톡톡,http://www.consumernews.co.kr/news/articleView.html?idxno=647051
112,[이주의 차] 더 뉴 K9과 뉴 푸조 5008,http://isplus.live.joins.com/news/article/article.asp?total_id=24073259
113,"푸조, 부분 변경한 ‘뉴 5008 SUV’ 출시",http://www.rpm9.com/news/article.html?id=20210602090003
114,"푸조, 연비 6.4% 높인 7인승 SUV '푸조5008' 부분 변경모델 출시",http://www.autodaily.co.kr/news/articleView.html?idxno=427783
115,"New 푸조 5008 SUV, 영국 왓카 선정 ‘2018 올해의 대형 SUV’",http://www.osen.co.kr/article/G1110822752
116,'New 푸조 5008' 올해의 차 선정…4000만원대 7인승 SUV,http://www.asiatoday.co.kr/view.php?key=20180126010014895
117,"[연비 시승기] 푸조 5008, 자유로를 달리다",http://autoin.edaily.co.kr/news/newspath.asp?newsid=03630966616161144
118,"푸조, 첨단 편의사양 적용한 7인승 SUV '뉴 푸조 5008 GT' 출시",http://kr.aving.net/news/view.php?articleId=1382225&Branch_ID=kr&rssid=naver&mn_name=news
119,"푸조, 더 강력한 7인승 SUV '뉴 푸조 5008 GT' 출시",http://www.asiae.co.kr/news/view.htm?idxno=2017112810081836865
120,프랑스 대통령의 차 '뉴 푸조 5008 SUV' 출시,http://www.fnnews.com/news/202106011028261667
121,"New 푸조 5008 SUV, 영국 왓카 선정 ‘2018 올해의 대형 SUV’",http://www.osen.co.kr/article/G1110822752
122,'New 푸조 5008' 올해의 차 선정…4000만원대 7인승 SUV,http://www.asiatoday.co.kr/view.php?key=20180126010014895
123,"[연비 시승기] 푸조 5008, 자유로를 달리다",http://autoin.edaily.co.kr/news/newspath.asp?newsid=03630966616161144
124,"푸조, 첨단 편의사양 적용한 7인승 SUV '뉴 푸조 5008 GT' 출시",http://kr.aving.net/news/view.php?articleId=1382225&Branch_ID=kr&rssid=naver&mn_name=news
125,"푸조, 더 강력한 7인승 SUV '뉴 푸조 5008 GT' 출시",http://www.asiae.co.kr/news/view.htm?idxno=2017112810081836865
126,[리뷰] 4천만원대 푸조 5008...여행가방 4개 거뜬,http://www.zdnet.co.kr/ArticleView.asp?artice_id=20171121105900
127,"4000만원대 대형 SUV 출시, 푸조 5008",http://www.sporbiz.co.kr/news/articleView.html?idxno=166676
128,ADAS 기본 푸조 5008 출시 “사전계약 200대”,http://www.zdnet.co.kr/ArticleView.asp?artice_id=20171121091534
129,"[포토] 푸조, 'New 푸조 5008 SUV' 국내 출시",http://news.hankyung.com/article/2017112124587
130,"푸조, 7인승 플래그십 모델 '뉴 푸조 5008 SUV' 출시",https://www.dailian.co.kr/news/view/996746/?sc=Naver
131,"New 푸조 5008 SUV, 영국 왓카 선정 ‘2018 올해의 대형 SUV’",http://www.osen.co.kr/article/G1110822752
132,'New 푸조 5008' 올해의 차 선정…4000만원대 7인승 SUV,http://www.asiatoday.co.kr/view.php?key=20180126010014895
133,"[연비 시승기] 푸조 5008, 자유로를 달리다",http://autoin.edaily.co.kr/news/newspath.asp?newsid=03630966616161144
134,"푸조, 첨단 편의사양 적용한 7인승 SUV '뉴 푸조 5008 GT' 출시",http://kr.aving.net/news/view.php?articleId=1382225&Branch_ID=kr&rssid=naver&mn_name=news
135,"푸조, 더 강력한 7인승 SUV '뉴 푸조 5008 GT' 출시",http://www.asiae.co.kr/news/view.htm?idxno=2017112810081836865
136,[리뷰] 4천만원대 푸조 5008...여행가방 4개 거뜬,http://www.zdnet.co.kr/ArticleView.asp?artice_id=20171121105900
137,"4000만원대 대형 SUV 출시, 푸조 5008",http://www.sporbiz.co.kr/news/articleView.html?idxno=166676
138,ADAS 기본 푸조 5008 출시 “사전계약 200대”,http://www.zdnet.co.kr/ArticleView.asp?artice_id=20171121091534
139,"[포토] 푸조, 'New 푸조 5008 SUV' 국내 출시",http://news.hankyung.com/article/2017112124587
140,"푸조, 7인승 플래그십 올-라운더 SUV ‘뉴 푸조 5008 SUV’ 출시",http://news.mk.co.kr/v2/economy/view.php?year=2021&no=527421
141,"New 푸조 5008 SUV, 영국 왓카 선정 ‘2018 올해의 대형 SUV’",http://www.osen.co.kr/article/G1110822752
142,'New 푸조 5008' 올해의 차 선정…4000만원대 7인승 SUV,http://www.asiatoday.co.kr/view.php?key=20180126010014895
143,"[연비 시승기] 푸조 5008, 자유로를 달리다",http://autoin.edaily.co.kr/news/newspath.asp?newsid=03630966616161144
144,"푸조, 첨단 편의사양 적용한 7인승 SUV '뉴 푸조 5008 GT' 출시",http://kr.aving.net/news/view.php?articleId=1382225&Branch_ID=kr&rssid=naver&mn_name=news
145,"푸조, 더 강력한 7인승 SUV '뉴 푸조 5008 GT' 출시",http://www.asiae.co.kr/news/view.htm?idxno=2017112810081836865
146,[리뷰] 4천만원대 푸조 5008...여행가방 4개 거뜬,http://www.zdnet.co.kr/ArticleView.asp?artice_id=20171121105900
147,"4000만원대 대형 SUV 출시, 푸조 5008",http://www.sporbiz.co.kr/news/articleView.html?idxno=166676
148,ADAS 기본 푸조 5008 출시 “사전계약 200대”,http://www.zdnet.co.kr/ArticleView.asp?artice_id=20171121091534
149,"[포토] 푸조, 'New 푸조 5008 SUV' 국내 출시",http://news.hankyung.com/article/2017112124587
150,[리뷰] 4천만원대 푸조 5008...여행가방 4개 거뜬,http://www.zdnet.co.kr/ArticleView.asp?artice_id=20171121105900
151,"4000만원대 대형 SUV 출시, 푸조 5008",http://www.sporbiz.co.kr/news/articleView.html?idxno=166676
152,ADAS 기본 푸조 5008 출시 “사전계약 200대”,http://www.zdnet.co.kr/ArticleView.asp?artice_id=20171121091534
153,"[포토] 푸조, 'New 푸조 5008 SUV' 국내 출시",http://news.hankyung.com/article/2017112124587
154,"푸조, ‘New 푸조 5008 SUV’ 사전계약 시작",http://www.kukinews.com/news/article.html?no=501110
155,"푸조 5008, 영국 왓카 선정 '올해의 대형 SUV'",http://autotimes.hankyung.com/apps/news.sub_view?popup=0&nid=03&c1=03&c2=03&c3=00&nkey=201801260938451
156,"푸조 5008, 국내 연비 ‘역전’… “1.6보다 연비 좋은 2.0”",http://bizn.donga.com/car/3/0111/20170921/86449023/1
157,'New 푸조 5008 SUV ' 英 왓카 올해의 대형 SUV 선정,http://www.joongdo.co.kr/main/view.php?key=20180127010011296
158,[이번주 신상품] LG전자 ‘씽큐 허브'·장난꾸러기 만능놀이 스마트북·드론 실드·푸조 5008 인기,http://it.chosun.com/news/article.html?no=2843158
159,"푸조, 7인승 SUV 뉴 푸조 5008 출시",http://yna.kr/PYH20210601093100003?did=1196m
160,"[포토] 푸조, 'New 푸조 5008 SUV' 출시",http://news.hankyung.com/article/2017112124107
161,"[NW포토]푸조, 4000만원대 수입 SUV ‘푸조 5008 SUV’",http://www.newsway.co.kr/view.php?tp=1&ud=2017112112075230059
162,"푸조, ‘New 푸조 5008 SUV’ 사전계약 시작",http://www.kukinews.com/news/article.html?no=501110
163,"푸조 5008, 영국 왓카 선정 '올해의 대형 SUV'",http://autotimes.hankyung.com/apps/news.sub_view?popup=0&nid=03&c1=03&c2=03&c3=00&nkey=201801260938451
164,"푸조 5008, 국내 연비 ‘역전’… “1.6보다 연비 좋은 2.0”",http://bizn.donga.com/car/3/0111/20170921/86449023/1
165,'New 푸조 5008 SUV ' 英 왓카 올해의 대형 SUV 선정,http://www.joongdo.co.kr/main/view.php?key=20180127010011296
166,[이번주 신상품] LG전자 ‘씽큐 허브'·장난꾸러기 만능놀이 스마트북·드론 실드·푸조 5008 인기,http://it.chosun.com/news/article.html?no=2843158
167,"푸조, 7인승 SUV 뉴 푸조 5008 출시",http://yna.kr/PYH20210601093100003?did=1196m
168,[포토]푸조 5008 실내… 스타일·실용성 ‘다잡았다’,http://bizn.donga.com/car/3/all/20171122/87406953/2
169,포르쉐보다 안 팔린 푸조·시트로엥·DS,http://isplus.live.joins.com/news/article/article.asp?total_id=24225746
170,"푸조 5008, 영국 왓카 선정 '올해의 대형 SUV'",http://autotimes.hankyung.com/apps/news.sub_view?popup=0&nid=03&c1=03&c2=03&c3=00&nkey=201801260938451
171,"푸조 5008, 국내 연비 ‘역전’… “1.6보다 연비 좋은 2.0”",http://bizn.donga.com/car/3/0111/20170921/86449023/1
172,'New 푸조 5008 SUV ' 英 왓카 올해의 대형 SUV 선정,http://www.joongdo.co.kr/main/view.php?key=20180127010011296
173,[이번주 신상품] LG전자 ‘씽큐 허브'·장난꾸러기 만능놀이 스마트북·드론 실드·푸조 5008 인기,http://it.chosun.com/news/article.html?no=2843158
174,"[포토]한불모터스, 'New 푸조 5008 SUV' 출시",http://www.edaily.co.kr/news/newspath.asp?newsid=01899126616128016
175,"푸조, 7인승 SUV 뉴 푸조 5008 출시",http://yna.kr/PYH20210601093100003?did=1196m
176,[포토]푸조 5008 실내… 스타일·실용성 ‘다잡았다’,http://bizn.donga.com/car/3/all/20171122/87406953/2
177,포르쉐보다 안 팔린 푸조·시트로엥·DS,http://isplus.live.joins.com/news/article/article.asp?total_id=24225746
178,[포토]푸조 5008 외관… ‘4000만원대’ 수입 SUV의 자태,http://bizn.donga.com/car/3/all/20171122/87406489/2
179,"푸조, 10년 만에 가솔린 모델 선보여…3008·5008 SUV 가솔린 사전 계약 진행",http://www.metroseoul.co.kr/article/20220317500267
180,[포토]'New 푸조 5008 SUV' 뒤라인,http://www.edaily.co.kr/news/newspath.asp?newsid=01925366616128016
181,"푸조, 7인승 SUV 뉴 푸조 5008 출시",http://yna.kr/PYH20210601093100003?did=1196m
182,[포토]푸조 5008 실내… 스타일·실용성 ‘다잡았다’,http://bizn.donga.com/car/3/0111/20171122/87406953/1
183,포르쉐보다 안 팔린 푸조·시트로엥·DS,http://isplus.live.joins.com/news/article/article.asp?total_id=24225746
184,[포토]푸조 5008 외관… ‘4000만원대’ 수입 SUV의 자태,http://bizn.donga.com/car/3/0111/20171122/87406489/1
185,"푸조, 10년 만에 가솔린 모델 선보여…3008·5008 SUV 가솔린 사전 계약 진행",http://www.metroseoul.co.kr/article/20220317500267
186,[자동차특집] ⑫ 푸조 2008·3008·5008 'SUV 3총사'로 보릿고개 넘는다,http://www.g-enews.com/ko-kr/news/article/news_all/20210427093749881783a046ffa0_1/article.html
187,"푸조, 7인승 '5008 빅 앤 모어' 시승 캠페인 진행",http://www.cbci.co.kr/news/articleView.html?idxno=412676
188,"푸조, 7인승 SUV의 다양한 매력 경험할 수 있는 5008 빅 앤 모어 시승 캠페인 진행",http://kbench.com/?q=node/219283
189,"""이런 혜택은 처음이야""… 푸조, 3008·5008 트리플 프로모션 진행",http://moneys.mt.co.kr/news/mwView.php?no=2021030419428078986
190,[포토]푸조 5008 실내… 스타일·실용성 ‘다잡았다’,http://bizn.donga.com/car/3/all/20171122/87406953/2
191,포르쉐보다 안 팔린 푸조·시트로엥·DS,http://isplus.live.joins.com/news/article/article.asp?total_id=24225746
192,[포토]푸조 5008 외관… ‘4000만원대’ 수입 SUV의 자태,http://bizn.donga.com/car/3/all/20171122/87406489/2
193,"푸조, 10년 만에 가솔린 모델 선보여…3008·5008 SUV 가솔린 사전 계약 진행",http://www.metroseoul.co.kr/article/20220317500267
194,[자동차특집] ⑫ 푸조 2008·3008·5008 'SUV 3총사'로 보릿고개 넘는다,http://www.g-enews.com/ko-kr/news/article/news_all/20210427093749881783a046ffa0_1/article.html
195,"푸조, 7인승 '5008 빅 앤 모어' 시승 캠페인 진행",http://www.cbci.co.kr/news/articleView.html?idxno=412676
196,"푸조, 7인승 SUV의 다양한 매력 경험할 수 있는 5008 빅 앤 모어 시승 캠페인 진행",http://kbench.com/?q=node/219283
197,"""이런 혜택은 처음이야""… 푸조, 3008·5008 트리플 프로모션 진행",http://moneys.mt.co.kr/news/mwView.php?no=2021030419428078986
198,"푸조, 3월 '트리플 프로모션' 진행…3008·5008 SUV 최대 320만원 할인",https://www.asiatoday.co.kr/view.php?key=20210304010002729
199,"푸조, 엠블럼 바꿔달고 2022년 반등할 수 있을까",http://www.sisaweek.com/news/articleView.html?idxno=150733
200,"푸조, 7인승 SUV '5008 빅 앤 모어' 시승 캠페인 진행",http://www.gpkorea.com/news/articleView.html?idxno=72318
201,"""이런 혜택은 처음이야""… 푸조, 3008·5008 트리플 프로모션 진행",http://moneys.mt.co.kr/news/mwView.php?no=2021030419428078986
202,"푸조, 3월 '트리플 프로모션' 진행…3008·5008 SUV 최대 320만원 할인",https://www.asiatoday.co.kr/view.php?key=20210304010002729
203,"푸조, 엠블럼 바꿔달고 2022년 반등할 수 있을까",http://www.sisaweek.com/news/articleView.html?idxno=150733
204,"푸조, '4월 출시' 3008·5008 SUV 가솔린엔진 모델 사전계약",http://www.newsis.com/view/?id=NISX20220317_0001797366&cID=13001&pID=13000
205,"2008, 3008, 5008 SUV 푸조, SUV 풀라인업 썸머 드라이브 캠페인",http://sports.khan.co.kr/news/sk_index.html?art_id=202107141445023&sec_id=563002&pt=nv
206,한 때 효자 '디젤차의 눈물'…1년 새 판매량 38% '뚝뚝',https://www.asiatime.co.kr/article/20220405500168
207,"아파텔의 완성작 다인로얄팰리스 명지, 3월 24일 그랜드 오픈…푸조 5008은 누구에게 갈 것인가",http://www.leaders.kr/news/articleView.html?idxno=62827
208,"[시승기] '유니크한 디자인에 클린디젤까지'…푸조 5008 SUV, 청정제주에 딱 좋아!",https://www.asiatoday.co.kr/view.php?key=20201121010013801
209,"푸조 3008∙5008 SUV, 통큰 코로나19 프로모션...210대 한정 7개월 할부금 면제",http://www.osen.co.kr/article/G1111465769
210,"푸조, 3월 '트리플 프로모션' 진행…3008·5008 SUV 최대 320만원 할인",https://www.asiatoday.co.kr/view.php?key=20210304010002729
211,"푸조, 엠블럼 바꿔달고 2022년 반등할 수 있을까",http://www.sisaweek.com/news/articleView.html?idxno=150733
212,"푸조, '4월 출시' 3008·5008 SUV 가솔린엔진 모델 사전계약",http://www.newsis.com/view/?id=NISX20220317_0001797366&cID=13001&pID=13000
213,"2008, 3008, 5008 SUV 푸조, SUV 풀라인업 썸머 드라이브 캠페인",http://sports.khan.co.kr/news/sk_index.html?art_id=202107141445023&sec_id=563002&pt=nv
214,한 때 효자 '디젤차의 눈물'…1년 새 판매량 38% '뚝뚝',https://www.asiatime.co.kr/article/20220405500168
215,"아파텔의 완성작 다인로얄팰리스 명지, 3월 24일 그랜드 오픈…푸조 5008은 누구에게 갈 것인가",http://www.leaders.kr/news/articleView.html?idxno=62827
216,"[시승기] '유니크한 디자인에 클린디젤까지'…푸조 5008 SUV, 청정제주에 딱 좋아!",https://www.asiatoday.co.kr/view.php?key=20201121010013801
217,"푸조 3008∙5008 SUV, 통큰 코로나19 프로모션...210대 한정 7개월 할부금 면제",http://www.osen.co.kr/article/G1111465769
218,"푸조, 3008∙5008 SUV 210대 한정, 7개월 할부금 전액 면제",http://www.newsis.com/view/?id=NISX20201103_0001220815&cID=13001&pID=13000
219,"푸조, SUV 5008 페이스리프트 공개..과연 달라진 점은?",http://www.dailycar.co.kr/content/news.html?type=view&autoId=37524
220,한 때 효자 '디젤차의 눈물'…1년 새 판매량 38% '뚝뚝',https://www.asiatime.co.kr/article/20220405500168
221,"아파텔의 완성작 다인로얄팰리스 명지, 3월 24일 그랜드 오픈…푸조 5008은 누구에게 갈 것인가",http://www.leaders.kr/news/articleView.html?idxno=62827
222,"[시승기] '유니크한 디자인에 클린디젤까지'…푸조 5008 SUV, 청정제주에 딱 좋아!",https://www.asiatoday.co.kr/view.php?key=20201121010013801
223,"푸조 3008∙5008 SUV, 통큰 코로나19 프로모션...210대 한정 7개월 할부금 면제",http://www.osen.co.kr/article/G1111465769
224,"푸조, 3008∙5008 SUV 210대 한정, 7개월 할부금 전액 면제",http://www.newsis.com/view/?id=NISX20201103_0001220815&cID=13001&pID=13000
225,"푸조, SUV 5008 페이스리프트 공개..과연 달라진 점은?",http://www.dailycar.co.kr/content/news.html?type=view&autoId=37524
226,"[한주의 자동차 소식] 현대차그룹-정몽구 재단, '임팩트 스타트업' 선발 外",http://www.sporbiz.co.kr/news/articleView.html?idxno=613189
227,[차박시승기] 7인승 SUV는 네가 최고 ‘푸조 5008’,http://www.thedrive.co.kr/news/newsview.php?ncode=1065594772535923
228,고유가 행진에도 가솔린 SUV가 대세,http://autotimes.hankyung.com/apps/news.sub_view?popup=0&nid=02&c1=02&c2=02&c3=00&nkey=202203211650321
229,고유가 시대..과연 기름값 걱정 덜고 출고도 빨리 되는 차는?,http://m.dailycar.co.kr/content/news.html?type=view&autoId=43456
230,"푸조, `2021년형 3008·5008` 할부금 7개월분 전액 면제",http://news.mk.co.kr/newsRead.php?no=1127456&year=2020
231,"푸조, SUV 5008 페이스리프트 공개..과연 달라진 점은?",http://www.dailycar.co.kr/content/news.html?type=view&autoId=37524
232,"[한주의 자동차 소식] 현대차그룹-정몽구 재단, '임팩트 스타트업' 선발 外",http://www.sporbiz.co.kr/news/articleView.html?idxno=613189
233,[차박시승기] 7인승 SUV는 네가 최고 ‘푸조 5008’,http://www.thedrive.co.kr/news/newsview.php?ncode=1065594772535923
234,고유가 행진에도 가솔린 SUV가 대세,http://autotimes.hankyung.com/apps/news.sub_view?popup=0&nid=02&c1=02&c2=02&c3=00&nkey=202203211650321
235,고유가 시대..과연 기름값 걱정 덜고 출고도 빨리 되는 차는?,http://m.dailycar.co.kr/content/news.html?type=view&autoId=43456
236,"푸조, 내한 예술가들에 푸조 508 및 5008 의전 차량 지원",http://www.segyebiz.com/newsView/20200128503447?OutUrl=naver
237,"푸조, 세계적인 아티스트에 푸조 508·5008 의전 차량 지원",http://www.mhj21.com/126896
238,"푸조, 세계적인 아티스트에 508 · 5008 의전 차량 지원",http://www.rpm9.com/news/article.html?id=20200120090001
239,"한불모터스, 푸조 3008·5008 SUV 등 프로모션 시행",http://autotimes.hankyung.com/apps/news.sub_view?popup=0&nid=05&c1=05&c2=05&c3=00&nkey=202001131050061
240,"푸조, SUV 5008 페이스리프트 공개..과연 달라진 점은?",http://www.dailycar.co.kr/content/news.html?type=view&autoId=37524
241,"푸조, 3008·5008 SUV '7개월 할부금 면제' 파격 프로모션",http://www.etnews.com/20201103000132
242,"[한주의 자동차 소식] 현대차그룹-정몽구 재단, '임팩트 스타트업' 선발 外",http://www.sporbiz.co.kr/news/articleView.html?idxno=613189
243,[차박시승기] 7인승 SUV는 네가 최고 ‘푸조 5008’,http://www.thedrive.co.kr/news/newsview.php?ncode=1065594772535923
244,고유가 행진에도 가솔린 SUV가 대세,http://autotimes.hankyung.com/apps/news.sub_view?popup=0&nid=02&c1=02&c2=02&c3=00&nkey=202203211650321
245,고유가 시대..과연 기름값 걱정 덜고 출고도 빨리 되는 차는?,http://m.dailycar.co.kr/content/news.html?type=view&autoId=43456
246,"푸조, 내한 예술가들에 푸조 508 및 5008 의전 차량 지원",http://www.segyebiz.com/newsView/20200128503447?OutUrl=naver
247,"푸조, 세계적인 아티스트에 푸조 508·5008 의전 차량 지원",http://www.mhj21.com/126896
248,"푸조, 세계적인 아티스트에 508 · 5008 의전 차량 지원",http://www.rpm9.com/news/article.html?id=20200120090001
249,"한불모터스, 푸조 3008·5008 SUV 등 프로모션 시행",http://autotimes.hankyung.com/apps/news.sub_view?popup=0&nid=05&c1=05&c2=05&c3=00&nkey=202001131050061
250,"푸조, 세계적 아티스트에 508·5008 의전 차량 지원",http://www.newscj.com/news/articleView.html?idxno=700422
251,"푸조, 세계적인 아티스트에 508 · 5008 의전 차량 지원",http://www.rpm9.com/news/article.html?id=20200120090001
252,"한불모터스, 푸조 3008·5008 SUV 등 프로모션 시행",http://autotimes.hankyung.com/apps/news.sub_view?popup=0&nid=05&c1=05&c2=05&c3=00&nkey=202001131050061
253,"[시승기] 다시 봐도 매력적인 유러피언 7인승 SUV, 푸조 5008 GT",http://www.hankookilbo.com/news/npath/201909130888717770?did=NA
254,"푸조, SUV 전 라인업 대상 '썸머 드라이브 캠페인' 실시",http://www.autodaily.co.kr/news/articleView.html?idxno=428554
255,"핫한 차박엔 ""에스컬레이드-5008SUV-EQA-XM3...각양각색""",http://www.gpkorea.com/news/articleView.html?idxno=74980
256,"푸조 '썸머 드라이브 캠페인', SUV 신차 3종 대상",http://www.sportsseoul.com/news/read/1052701?ref=naver
257,푸조 ‘푸조500·5008 SUV 액세서리 프로모션’ 실시,http://www.mhj21.com/121287
258,"[리얼 시승기] 디젤 車의 강자 푸조, 5008 GT ‘팔방미인’",http://www.g-enews.com/ko-kr/news/article/news_all/20190426015514250850cb531085_1/article.html
259,‘폭스바겐 티구안’ ‘지프 체로키’ ‘푸조 5008’ 포함 1만2천여 대 리콜,http://www.businesspost.co.kr/BP?command=article_view&num=153409
260,"핫한 차박엔 ""에스컬레이드-5008SUV-EQA-XM3...각양각색""",http://www.gpkorea.com/news/articleView.html?idxno=74980
261,"푸조 '썸머 드라이브 캠페인', SUV 신차 3종 대상",http://www.sportsseoul.com/news/read/1052701?ref=naver
262,"푸조, SUV 라인업 대상 썸머 드라이브 캠페인 진행",http://kbench.com/?q=node/223307
263,푸조 ‘푸조500·5008 SUV 액세서리 프로모션’ 실시,http://www.mhj21.com/121287
264,"[리얼 시승기] 디젤 車의 강자 푸조, 5008 GT ‘팔방미인’",http://www.g-enews.com/ko-kr/news/article/news_all/20190426015514250850cb531085_1/article.html
265,"푸조, '3008, 5008' 등 인기모델 한정 프로모션",http://www.mediapen.com/news/view/492209
266,‘폭스바겐 티구안’ ‘지프 체로키’ ‘푸조 5008’ 포함 1만2천여 대 리콜,http://www.businesspost.co.kr/BP?command=article_view&num=153409
267,"[시승기] 푸조 SUV 5008, 제주 자연과 어울리는 ‘경쾌한 패밀리카’",http://www.viva100.com/main/view.php?key=20190225010006950
268,"[시승기] 푸조, 한국 시장 접수 예고한 ‘5008’ 그리고 ‘508’",http://www.enewstoday.co.kr/news/articleView.html?idxno=1271898
269,"[시승기] 푸조 5008, 프랑스의 감성을 품다",http://www.tfnews.co.kr/news/article.html?no=61497
270,‘폭스바겐 티구안’ ‘지프 체로키’ ‘푸조 5008’ 포함 1만2천여 대 리콜,http://www.businesspost.co.kr/BP?command=article_view&num=153409
271,"푸조, 508·5008 SUV 악세서리 할인 프로모션 실시",http://www.viva100.com/main/view.php?key=20190514010004126
272,"[시승기] 푸조 SUV 5008, 제주 자연과 어울리는 ‘경쾌한 패밀리카’",http://www.viva100.com/main/view.php?key=20190225010006950
273,"[시승기] 푸조, 한국 시장 접수 예고한 ‘5008’ 그리고 ‘508’",http://www.enewstoday.co.kr/news/articleView.html?idxno=1271898
274,"[시승기] 푸조 5008, 프랑스의 감성을 품다",http://www.tfnews.co.kr/news/article.html?no=61497
275,푸조 SUV를 원한다면 지금! ‘썸머 드라이브 캠페인’ 진행,http://www.thedrive.co.kr/news/newsview.php?ncode=1065575632099202
276,[YG의 카톡(Car Talk)] '뉴 푸조 5008' 패밀리 SUV 제격…평평한 2열 시트 매력적,http://www.metroseoul.co.kr/article/20210809500254
277,"[시승기] 라스카도르, 푸조 5008 GT에서 유러피안 감성을 찾다",http://www.hankookilbo.com/news/npath/201901070436795761?did=NA
278,[시승기]이건희가 사랑한 오디오 ‘포칼’ 품다..푸조 5008 GT,http://www.edaily.co.kr/news/newspath.asp?newsid=01620326619444096
279,"푸조, WLTP 통과한 3008·5008 등 2019년형 전 모델 판매 돌입",http://www.autodaily.co.kr/news/articleView.html?idxno=406733
280,"푸조, SUV 라인업 대상 '썸머 드라이브 캠페인' 진행",http://www.enewstoday.co.kr/news/articleView.html?idxno=1495979
281,[YG의 카톡(Car Talk)] '뉴 푸조 5008' 패밀리 SUV 제격…평평한 2열 시트 매력적,http://www.metroseoul.co.kr/article/20210809500254
282,"[시승기] 라스카도르, 푸조 5008 GT에서 유러피안 감성을 찾다",http://www.hankookilbo.com/news/npath/201901070436795761?did=NA
283,[시승기]이건희가 사랑한 오디오 ‘포칼’ 품다..푸조 5008 GT,http://www.edaily.co.kr/news/newspath.asp?newsid=01620326619444096
284,"푸조, WLTP 통과한 3008·5008 등 2019년형 전 모델 판매 돌입",http://www.autodaily.co.kr/news/articleView.html?idxno=406733
285,"[시승기] 달리는 즐거움이 있는 7인승 SUV, 푸조 5008 GT",http://www.hankookilbo.com/news/npath/201812200783331098?did=NA
286,[시승기] 완전히 새롭게 나타난 푸조 5008 SUV,http://www.inews24.com/view/1157995
287,"[시승기] 제주도 가족 여행을 위한 최고의 선택, 푸조 5008 GT",http://www.hankookilbo.com/news/npath/201812110749350515?did=NA
288,[포토 리뷰] 푸조 5008 GT와 함께 제주도와 '제주 푸조·시트로엥 박물관'을 찾다,http://www.hankookilbo.com/news/npath/201812081098313057?did=NA
289,"[비교] 다채로운 매력으로 소비자들의 시선을 끄는 5,000만원대 수입 SUV들은?",https://hankookilbo.com/News/Read/A2021123119290002823?did=NA
290,[시승기] 프랑스 특유의 감성(感性)이 어우러진 SUV.. 푸조 5008,http://www.dailycar.co.kr/content/news.html?type=view&autoId=31663
291,"[시승기] 푸조 5008 GT, 편리함과 실속을 꽉 채운 유럽형 감성의 패밀리 카",http://www.consumernews.co.kr/?mod=news&act=articleView&idxno=528947
292,"[강변오토시승기] 정비자격있는 남자, 강상구 변호사의 푸조 5008 GT 시승기",http://www.hankookilbo.com/news/npath/201812021054045273?did=NA
293,"[시승기] 쭌스의 푸조 5008 GT, ""매력적이지만 존재감은 더 필요해""",http://www.hankookilbo.com/news/npath/201811300935337648?did=NA
294,"[시승기] 즐거움을 찾는 기혼자를 위한 SUV, 푸조 5008 GT",http://www.hankookilbo.com/news/npath/201811130636083498?did=NA
295,"[시승기] 공간의 여유를 더한 푸조의 SUV, 푸조 5008 GT라인",http://www.hankookilbo.com/news/npath/201811070672388786?did=NA
296,"푸조, '푸조 508∙5008 SUV 액세서리 프로모션' 실시",http://www.asiatime.co.kr/news/articleView.html?idxno=245548
297,푸조 SUV 형제 3008과 5008 올해 물량 조기 완판...그 비결은?,http://www.autodaily.co.kr/news/articleView.html?idxno=405805
298,"[AUTO] 푸조 5008 GT | 세상 어느 차도 닮지 않은, 개성으로 가득",http://economychosun.com/client/news/view.php?boardName=C26&t_num=13605766
299,"푸조, 서울모터쇼에서 3008 SUV·5008 SUV 등 브랜드 핵심 모델 전시",http://sports.chosun.com/news/ntype.htm?id=201903270100203680014588&servicedate=20190326
300,"푸조, 뉴 508·5008 구매시 액세서리 20% 할인..스타일링 ‘업’",http://www.dailycar.co.kr/content/news.html?type=view&autoId=33298
301,푸조 SUV 형제 3008과 5008 올해 물량 조기 완판...그 비결은?,http://www.autodaily.co.kr/news/articleView.html?idxno=405805
302,"[AUTO] 푸조 5008 GT | 세상 어느 차도 닮지 않은, 개성으로 가득",http://economychosun.com/client/news/view.php?boardName=C26&t_num=13605766
303,"푸조, 서울모터쇼에서 3008 SUV·5008 SUV 등 브랜드 핵심 모델 전시",http://sports.chosun.com/news/ntype.htm?id=201903270100203680014588&servicedate=20190326
304,[시승기] 신사복 정장이 어울리는 패밀리 SUV..푸조 5008 GT,http://www.dailycar.co.kr/content/news.html?type=view&autoId=30831
305,푸조 “2008·3008·5008 SUV 48개월 무이자 할부 제공”,http://www.rpm9.com/news/article.html?id=20180810090029
306,[시승기]브랜드 인식 변화의 선봉장…푸조 5008 GT,http://www.asiatoday.co.kr/view.php?key=20180806010002685
307,[정수남 기자의 기승기]여름 휴가에 ‘딱’…푸조 5008 GT라인,http://www.betanews.net:8080/article/882594.html
308,"[시승] 데뷔 1년차 푸조 5008, 올해 도입물량이 조기 완판된 이유는?",http://www.autodaily.co.kr/news/articleView.html?idxno=406828
309,"푸조, 드라마 ‘단짠 오피스’에 3008·5008 SUV 지원",http://www.edaily.co.kr/news/newspath.asp?newsid=03266886619344712
310,"푸조, 서울모터쇼에서 3008 SUV·5008 SUV 등 브랜드 핵심 모델 전시",http://sports.chosun.com/news/ntype.htm?id=201903270100203680014588&servicedate=20190326
311,[시승기] 신사복 정장이 어울리는 패밀리 SUV..푸조 5008 GT,http://www.dailycar.co.kr/content/news.html?type=view&autoId=30831
312,푸조 “2008·3008·5008 SUV 48개월 무이자 할부 제공”,http://www.rpm9.com/news/article.html?id=20180810090029
313,[시승기]브랜드 인식 변화의 선봉장…푸조 5008 GT,http://www.asiatoday.co.kr/view.php?key=20180806010002685
314,[정수남 기자의 기승기]여름 휴가에 ‘딱’…푸조 5008 GT라인,http://www.betanews.net:8080/article/882594.html
315,"[시승] 데뷔 1년차 푸조 5008, 올해 도입물량이 조기 완판된 이유는?",http://www.autodaily.co.kr/news/articleView.html?idxno=406828
316,"푸조, 드라마 ‘단짠 오피스’에 3008·5008 SUV 지원",http://www.edaily.co.kr/news/newspath.asp?newsid=03266886619344712
317,"푸조, SUV 라인업 대상 '썸머 드라이브 캠페인' 진행",http://www.wolyo.co.kr/news/articleView.html?idxno=120024
318,"[시승기] 푸조 5008 SUV, 매력만점 ‘팔방미인’",http://www.ekn.kr/news/article.html?no=429587
319,"한불모터스, MBC 드라마 ‘부잣집 아들’에 푸조 5008 SUV 등 대표 모델 지원",http://www.ekn.kr/news/article.html?no=351544
320,"[시승기] 푸조 5008 SUV, 매력만점 ‘팔방미인’",http://www.ekn.kr/news/article.html?no=429587
321,"한불모터스, MBC 드라마 ‘부잣집 아들’에 푸조 5008 SUV 등 대표 모델 지원",http://www.ekn.kr/news/article.html?no=351544
322,[포토 리뷰] 감각적인 디테일이 돋보이는 푸조 5008 GT라인,http://www.hankookilbo.com/v/878A06DCAD1CEBB9258A3804710361FE
323,"푸조, 가솔린 모델로 활로 모색···실적 반등 열쇠될까",http://www.sisajournal-e.com/news/articleView.html?idxno=265446
324,사진으로 살펴보는 뉴 푸조 '5008 SUV GT라인',http://www.hankookilbo.com/v/A9B2CD2FA099A26680354270EBEC0FCF
325,[시승기] 아스팔트를 떠나도 즐거운 뉴 푸조 5008 SUV GT라인,http://www.hankookilbo.com/v/bc2d8f77771ab42fedce25fd79aa1a1f
326,`뉴 푸조 5008` 살짝 아쉬운 주행성능 상쇄하는 매력덩어리,http://premium.mk.co.kr/view.php?no=21493
327,"[자유로 연비] 푸조의 7인승 SUV, 5008 GT라인 자유로 연비는?",http://www.hankookilbo.com/v/a6160e0ede1e82d79e3b26397179c9b5
328,푸조 3008·5008 전국 롯데마트서 전시·시승 이벤트,http://www.ebn.co.kr/news/view/985204
329,[7인승 SUV ③푸조5008 GT] 빛 발한 ‘다카르랠리 노하우’,http://www.moneyweek.co.kr/news/mwView.php?type=1&no=2018011814228010186&outlink=1
330,"뉴 푸조 5008 SUV, 英 왓카 '올해의 자동차' 선정",http://www.enewstoday.co.kr/news/articleView.html?idxno=1150517
331,"뉴 푸조 5008 SUV, 영국서 '2018 올해의 대형 SUV' 선정",http://kr.aving.net/news/view.php?articleId=1383563&Branch_ID=kr&rssid=naver&mn_name=news
332,푸조의 환골탈태 프로젝트 '5008 SUV',http://www.gqkorea.co.kr/?p=102883&_C_=18
333,티구안‧파나메라‧짚체로키‧푸조5008 등 수입차 16종 1만2천대 리콜,http://www.dizzotv.com/site/data/html_dir/2019/12/02/2019120280011.html
334,"[푸조 뉴 5008 SUV]4,000만원대 초반 '착한 가격' 7인승 SUV",http://www.sedaily.com/NewsView/1RUGP9MK73
335,[시승기] 뉴 푸조 5008 SUV GT라인 - 합리적이고 감각적인 7인승 SUV,http://autoin.edaily.co.kr/news/newspath.asp?newsid=01659686619076080
336,"[자유로 연비] 푸조 5008 GT라인, 자유로를 달리다",http://autoin.edaily.co.kr/news/newspath.asp?newsid=01305446619074768
337,"[시승기] 뉴 푸조 5008 SUV, 여성운전자도 만족할 7인승 車",http://www.inews24.com/php/news_view.php?g_serial=1068705&g_menu=022200&rrf=nv
338,[시승기] 뉴 푸조 5008 SUV - 공간의 여유와 커다란 만족감,http://autoin.edaily.co.kr/news/newspath.asp?newsid=01282486616162128
339,"[시승기] 뉴 푸조 5008, 7인승 다운사이징의 승리",http://www.gpkorea.com/bbs/board.php?bo_table=gp_motorsports&wr_id=19136
340,[시승기] 뉴 푸조 5008 SUV GT라인 - 합리적이고 감각적인 7인승 SUV,http://autoin.edaily.co.kr/news/newspath.asp?newsid=01659686619076080
341,"[자유로 연비] 푸조 5008 GT라인, 자유로를 달리다",http://autoin.edaily.co.kr/news/newspath.asp?newsid=01305446619074768
342,"[시승기] 뉴 푸조 5008 SUV, 여성운전자도 만족할 7인승 車",http://www.inews24.com/php/news_view.php?g_serial=1068705&g_menu=022200&rrf=nv
343,[시승기] 뉴 푸조 5008 SUV - 공간의 여유와 커다란 만족감,http://autoin.edaily.co.kr/news/newspath.asp?newsid=01282486616162128
344,"[시승기] 뉴 푸조 5008, 7인승 다운사이징의 승리",http://www.gpkorea.com/bbs/board.php?bo_table=gp_motorsports&wr_id=19136
345,[시승기] 푸조 5008 타고 1박2일 군산 찾기,http://www.hankookilbo.com/v/e6fed594546c48cbbb619973bad0b502
346,[시승기]푸조 SUV ‘5008’…‘널찍한 공간이 최대 매력’,http://www.hankookilbo.com/v/c4ca43f945b2404482c401f8543a8ce0
347,7인승 프리미엄 SUV '뉴 푸조 5008' 선확보 200대 완판,http://www.mt.co.kr/view/mtview.php?type=1&no=2017120312374770618&outlink=1
348,"푸조 5008 SUV, 보험 등급 평가 5등급…보험료 20% 인하",http://www.rpm9.com/news/article.html?id=20171130090039
349,"푸조 5008 시승신청 500명 몰려…한불모터스, SUV 브랜드 움직임",http://news.hankyung.com/article/201711290717g
350,"뉴푸조 5008 SUV·뉴 푸조 3008 GT, 보험등급 조정…보험료 10~20% 인하",http://sports.chosun.com/news/ntype.htm?id=201712010100002910020125&servicedate=20171130
351,"푸조 5008 시승신청 500명 몰려…한불모터스, SUV 브랜드 움직임",http://news.hankyung.com/article/201711290717g
352,"푸조, 프리미엄 7인승 SUV 'New 푸조 5008 GT' 출시",http://www.betanews.net:8080/article/772645.html
353,[어제의 IT키워드] 푸조 5008·노트북 SSD·테슬라 로드스터·삼성-LG 세탁기,http://it.chosun.com/news/article.html?no=2843045
354,"[신차분석] 미친가격 푸조 5008, 어떤 상품성 담겼길래?",http://it.chosun.com/news/article.html?no=2843001
355,푸조 5008 SUV 매력탐구 - 기자들이 칭찬한 5008 어떤 매력이 있나?,http://autoin.edaily.co.kr/news/newspath.asp?newsid=01538326616128344
356,‘New 푸조 5008’ 출시…7인승 수입 SUV가 4000만원대라고?,http://sports.donga.com/3/all/20171121/87391259/3
357,뉴 푸조 5008 출격…4000만원대 7인승 수입차는 처음이지?,http://www.segye.com/content/html/2017/11/21/20171121001066.html?OutUrl=naver
358,"푸조, 7인승 SUV 패밀리카 ‘New 푸조 5008’ 출시",http://www.kukinews.com/news/article.html?no=502881
359,"푸조, 7인승 '뉴푸조 5008 SUV' 출시…4290만원부터",http://www.newstomato.com/ReadNews.aspx?no=789650
360,"푸조, 프리미엄 7인승 SUV 'New 푸조 5008 GT' 출시",http://www.betanews.net:8080/article/772645.html
361,[어제의 IT키워드] 푸조 5008·노트북 SSD·테슬라 로드스터·삼성-LG 세탁기,http://it.chosun.com/news/article.html?no=2843045
362,"[신차분석] 미친가격 푸조 5008, 어떤 상품성 담겼길래?",http://it.chosun.com/news/article.html?no=2843001
363,푸조 5008 SUV 매력탐구 - 기자들이 칭찬한 5008 어떤 매력이 있나?,http://autoin.edaily.co.kr/news/newspath.asp?newsid=01538326616128344
364,‘New 푸조 5008’ 출시…7인승 수입 SUV가 4000만원대라고?,http://sports.donga.com/3/all/20171121/87391259/3
365,뉴 푸조 5008 출격…4000만원대 7인승 수입차는 처음이지?,http://www.segye.com/content/html/2017/11/21/20171121001066.html?OutUrl=naver
366,"푸조, 7인승 SUV 패밀리카 ‘New 푸조 5008’ 출시",http://www.kukinews.com/news/article.html?no=502881
367,"푸조, 7인승 '뉴푸조 5008 SUV' 출시…4290만원부터",http://www.newstomato.com/ReadNews.aspx?no=789650
368,"푸조, 4000만원대 7인승 SUV '5008' 출시…SUV 풀라인업 구축",http://www.etnews.com/20171121000244
369,"푸조, 7인승 SUV '뉴 5008' 출시",http://www.sedaily.com/NewsView/1ONNZE74FI
370,"푸조, 7인승 SUV '더 뉴 5008 GT' 출시… 5390만원",http://www.asiatoday.co.kr/view.php?key=20171128010015237
371,[어제의 IT키워드] 푸조 5008·노트북 SSD·테슬라 로드스터·삼성-LG 세탁기,http://it.chosun.com/news/article.html?no=2843045
372,"[신차분석] 미친가격 푸조 5008, 어떤 상품성 담겼길래?",http://it.chosun.com/news/article.html?no=2843001
373,푸조 5008 SUV 매력탐구 - 기자들이 칭찬한 5008 어떤 매력이 있나?,http://autoin.edaily.co.kr/news/newspath.asp?newsid=01538326616128344
374,‘New 푸조 5008’ 출시…7인승 수입 SUV가 4000만원대라고?,http://sports.donga.com/3/all/20171121/87391259/3
375,뉴 푸조 5008 출격…4000만원대 7인승 수입차는 처음이지?,http://www.segye.com/content/html/2017/11/21/20171121001066.html?OutUrl=naver
376,"푸조, 7인승 SUV 패밀리카 ‘New 푸조 5008’ 출시",http://www.kukinews.com/news/article.html?no=502881
377,"푸조, 7인승 '뉴푸조 5008 SUV' 출시…4290만원부터",http://www.newstomato.com/ReadNews.aspx?no=789650
378,"푸조, 4000만원대 7인승 SUV '5008' 출시…SUV 풀라인업 구축",http://www.etnews.com/20171121000244
379,"푸조, 7인승 SUV '뉴 5008' 출시",http://www.sedaily.com/NewsView/1ONNZE74FI
380,[어제의 IT키워드] 푸조 5008·노트북 SSD·테슬라 로드스터·삼성-LG 세탁기,http://it.chosun.com/news/article.html?no=2843045
381,"[신차분석] 미친가격 푸조 5008, 어떤 상품성 담겼길래?",http://it.chosun.com/news/article.html?no=2843001
382,푸조 5008 SUV 매력탐구 - 기자들이 칭찬한 5008 어떤 매력이 있나?,http://autoin.edaily.co.kr/news/newspath.asp?newsid=01538326616128344
383,‘New 푸조 5008’ 출시…7인승 수입 SUV가 4000만원대라고?,http://sports.donga.com/3/all/20171121/87391259/3
384,뉴 푸조 5008 출격…4000만원대 7인승 수입차는 처음이지?,http://www.segye.com/content/html/2017/11/21/20171121001066.html?OutUrl=naver
385,"푸조, 7인승 SUV 패밀리카 ‘New 푸조 5008’ 출시",http://www.kukinews.com/news/article.html?no=502881
386,"푸조, 7인승 '뉴푸조 5008 SUV' 출시…4290만원부터",http://www.newstomato.com/ReadNews.aspx?no=789650
387,"푸조, 4000만원대 7인승 SUV '5008' 출시…SUV 풀라인업 구축",http://www.etnews.com/20171121000244
388,"푸조, 7인승 SUV '뉴 5008' 출시",http://www.sedaily.com/NewsView/1ONNZE74FI
389,[Story 포토]'NEW 푸조 5008'7인승 SUV가 4천만원대 실화냐?,http://www.econovill.com/news/articleView.html?idxno=326931
390,"한불모터스, ‘푸조 뉴 5008 SUV’ 첫 선…年 2000대 판매 목표",http://www.rpm9.com/news/article.html?id=20171121090015
391,"푸조, 4000만원대 7인승 SUV '5008' 출시…SUV 풀라인업 구축",http://www.etnews.com/20171121000244
392,푸조 7인승 프리미엄 SUV '뉴 푸조 5008' 출시… 가격은 4290만원부터,http://www.kyeongin.com/main/view.php?key=20171121010006782
393,"푸조, 7인승 SUV '뉴 5008' 출시",http://www.sedaily.com/NewsView/1ONNZE74FI
394,[Story 포토]'NEW 푸조 5008'7인승 SUV가 4천만원대 실화냐?,http://www.econovill.com/news/articleView.html?idxno=326931
395,푸조 7인승 SUV ‘5008’ 출시···ℓ당 12.7㎞ 연비 최강,http://news.khan.co.kr/kh_news/khan_art_view.html?artid=201711211034021&code=920508
396,수입SUV 신차 대전…BMW 뉴 X3부터 푸조 5008 SUV까지,http://www.asiae.co.kr/news/view.htm?idxno=2017111909563812319
397,"[차vs차] 푸조 5008, 포드 익스플로러 1위 자리 위협할까",http://www.kukinews.com/news/article.html?no=501476
398,'뉴 푸조 5008 SUV' 사전계약 실시,http://www.sedaily.com/NewsView/1ONLOTLSWZ
399,"푸조, 프리미엄 7인승 SUV ‘뉴 5008 SUV’ 사전계약 '스타트'",http://www.rpm9.com/news/article.html?id=20171115090034
400,푸조 야심작 '뉴 푸조 5008' 매력은 가격경쟁력,http://www.newsprime.co.kr/news/article.html?no=395834
401,"푸조 7인승 SUV '뉴 5008' 출시…""동급 최대 실내공간""",http://app.yonhapnews.co.kr/YNA/Basic/SNS/r.aspx?c=AKR20171121110600003&did=1195m
402,"푸조, 4000만원대 7인승 수입 SUV ‘뉴 푸조 5008’ 출시",http://www.viva100.com/main/view.php?key=20171121010007780
403,[Story 포토]'NEW 푸조 5008'7인승 SUV가 4천만원대 실화냐?,http://www.econovill.com/news/articleView.html?idxno=326931
404,"푸조, 프리미엄 7인승 SUV ‘뉴 5008’ 출시…4290만원부터",http://www.edaily.co.kr/news/newspath.asp?newsid=02246806616128016
405,푸조 7인승 SUV ‘5008’ 출시···ℓ당 12.7㎞ 연비 최강,http://news.khan.co.kr/kh_news/khan_art_view.html?artid=201711211034021&code=920508
406,수입SUV 신차 대전…BMW 뉴 X3부터 푸조 5008 SUV까지,http://www.asiae.co.kr/news/view.htm?idxno=2017111909563812319
407,"[차vs차] 푸조 5008, 포드 익스플로러 1위 자리 위협할까",http://www.kukinews.com/news/article.html?no=501476
408,'뉴 푸조 5008 SUV' 사전계약 실시,http://www.sedaily.com/NewsView/1ONLOTLSWZ
409,"푸조, 프리미엄 7인승 SUV ‘뉴 5008 SUV’ 사전계약 '스타트'",http://www.rpm9.com/news/article.html?id=20171115090034
410,"푸조, 프리미엄 7인승 SUV ‘뉴 5008’ 출시…4290만원부터",http://www.edaily.co.kr/news/newspath.asp?newsid=02246806616128016
411,[오토포토] 푸조의 다재다능 SUV '5008'의 매력 속으로,http://www.hankookilbo.com/v/58d78c94b10c4b5fa83d9ac00d41b436
412,"푸조, 4000만원대 7인승 SUV '뉴 푸조 5008 출시",http://www.asiae.co.kr/news/view.htm?idxno=2017112109295097744
413,'뉴 푸조 5008 SUV' 국내 공식 론칭…4290만원부터,http://www.m-i.kr/news/articleView.html?idxno=361739
414,푸조 7인승 SUV ‘5008’ 출시···ℓ당 12.7㎞ 연비 최강,http://news.khan.co.kr/kh_news/khan_art_view.html?artid=201711211034021&code=920508
415,수입SUV 신차 대전…BMW 뉴 X3부터 푸조 5008 SUV까지,http://www.asiae.co.kr/news/view.htm?idxno=2017111909563812319
416,"[차vs차] 푸조 5008, 포드 익스플로러 1위 자리 위협할까",http://www.kukinews.com/news/article.html?no=501476
417,'뉴 푸조 5008 SUV' 사전계약 실시,http://www.sedaily.com/NewsView/1ONLOTLSWZ
418,"푸조, 프리미엄 7인승 SUV ‘뉴 5008 SUV’ 사전계약 '스타트'",http://www.rpm9.com/news/article.html?id=20171115090034
419,"한불모터스, MBC '부잣집 아들'에 푸조 5008 등 지원",http://www.mediapen.com/news/view/342585
420,"푸조 5008, 韓 프리미엄 SUV 역사 다시쓰나",http://www.ftoday.co.kr/news/articleView.html?idxno=82311
421,"푸조, 4천만 원대 7인승 SUV '뉴 푸조 5008' 출시",http://kr.aving.net/news/view.php?articleId=1382030&Branch_ID=kr&rssid=naver&mn_name=news
422,푸조 7인승 SUV ‘5008’ 출시···ℓ당 12.7㎞ 연비 최강,http://news.khan.co.kr/kh_news/khan_art_view.html?artid=201711211034021&code=920508
423,[NW포토]‘뉴 푸조 5008 SUV’ 출시…4290만원부터,http://www.newsway.co.kr/view.php?tp=1&ud=2017112111575731706
424,수입SUV 신차 대전…BMW 뉴 X3부터 푸조 5008 SUV까지,http://www.asiae.co.kr/news/view.htm?idxno=2017111909563812319
425,"[차vs차] 푸조 5008, 포드 익스플로러 1위 자리 위협할까",http://www.kukinews.com/news/article.html?no=501476
426,'뉴 푸조 5008 SUV' 사전계약 실시,http://www.sedaily.com/NewsView/1ONLOTLSWZ
427,"푸조, 프리미엄 7인승 SUV ‘뉴 5008 SUV’ 사전계약 '스타트'",http://www.rpm9.com/news/article.html?id=20171115090034
428,"한불모터스, MBC '부잣집 아들'에 푸조 5008 등 지원",http://www.mediapen.com/news/view/342585
429,"뉴 푸조 5008 SUV, 영국 왓카 선정 ‘2018 올해의 대형 SUV’ 수상",http://www.ajunews.com/view/20180126112311114
430,수입SUV 신차 대전…BMW 뉴 X3부터 푸조 5008 SUV까지,http://www.asiae.co.kr/news/view.htm?idxno=2017111909563812319
431,"[차vs차] 푸조 5008, 포드 익스플로러 1위 자리 위협할까",http://www.kukinews.com/news/article.html?no=501476
432,'뉴 푸조 5008 SUV' 사전계약 실시,http://www.sedaily.com/NewsView/1ONLOTLSWZ
433,"푸조, 프리미엄 7인승 SUV ‘뉴 5008 SUV’ 사전계약 '스타트'",http://www.rpm9.com/news/article.html?id=20171115090034
434,"한불모터스, MBC '부잣집 아들'에 푸조 5008 등 지원",http://www.mediapen.com/news/view/342585
435,"뉴 푸조 5008 SUV, 영국 왓카 선정 ‘2018 올해의 대형 SUV’ 수상",http://www.ajunews.com/view/20180126112311114
436,"푸조, 한국에 12년만에 휘발유차 출시…1.2 터보엔진",https://www.econovill.com/news/articleView.html?idxno=571006
437,"푸조, 7인승 플래그십 SUV '뉴 푸조 5008 SUV' 출시",http://www.metroseoul.co.kr/article/20210601500417
438,"푸조, 5008 보험 5등급 평가…보험료 10~20%↓",http://www.sporbiz.co.kr/news/articleView.html?idxno=170138
439,"한불모터스, 푸조 5008에 고성능 버전 'GT' 추가",http://autotimes.hankyung.com/apps/news.sub_view?popup=0&nid=02&c1=02&c2=02&c3=00&nkey=201711280940361
440,"푸조, 7인승 SUV ‘New 푸조 5008 SUV’ 사전계약 실시",http://car.tvreport.co.kr/?c=news&m=newsview&idx=656975
441,"한불모터스, MBC '부잣집 아들'에 푸조 5008 등 지원",http://www.mediapen.com/news/view/342585
442,"뉴 푸조 5008 SUV, 영국 왓카 선정 ‘2018 올해의 대형 SUV’ 수상",http://www.ajunews.com/view/20180126112311114
443,"푸조, 한국에 12년만에 휘발유차 출시…1.2 터보엔진",https://www.econovill.com/news/articleView.html?idxno=571006
444,"푸조, 7인승 플래그십 SUV '뉴 푸조 5008 SUV' 출시",http://www.metroseoul.co.kr/article/20210601500417
445,"푸조, 5008 보험 5등급 평가…보험료 10~20%↓",http://www.sporbiz.co.kr/news/articleView.html?idxno=170138
446,"한불모터스, 푸조 5008에 고성능 버전 'GT' 추가",http://autotimes.hankyung.com/apps/news.sub_view?popup=0&nid=02&c1=02&c2=02&c3=00&nkey=201711280940361
447,한불모터스 ‘뉴 푸조 5008’ 출시...사양.마력.트림.가격 보니,http://www.kookje.co.kr/news2011/asp/newsbody.asp?code=0500&key=20171122.99099010018
448,"한불모터스, 7인승 SUV ‘뉴 푸조 5008’ 판매 돌입",http://www.nspna.com/news/?mode=view&newsid=251808
449,"[사진] 푸조 ‘New 5008 SUV’ 출시, 4290만원-복합연비 12.7 km/ℓ",http://www.osen.co.kr/article/G1110780472
450,"한불모터스, 푸조 '5008 SUV' 사전계약 돌입",http://autotimes.hankyung.com/apps/news.sub_view?popup=0&nid=02&c1=02&c2=02&c3=00&nkey=201711151031391
451,"한불모터스, MBC '부잣집 아들'에 푸조 5008 등 지원",http://www.mediapen.com/news/view/342585
452,"뉴 푸조 5008 SUV, 영국 왓카 선정 ‘2018 올해의 대형 SUV’ 수상",http://www.ajunews.com/view/20180126112311114
453,"푸조, 한국에 12년만에 휘발유차 출시…1.2 터보엔진",https://www.econovill.com/news/articleView.html?idxno=571006
454,"푸조, 7인승 플래그십 SUV '뉴 푸조 5008 SUV' 출시",http://www.metroseoul.co.kr/article/20210601500417
455,"푸조, 5008 보험 5등급 평가…보험료 10~20%↓",http://www.sporbiz.co.kr/news/articleView.html?idxno=170138
456,"한불모터스, 푸조 5008에 고성능 버전 'GT' 추가",http://autotimes.hankyung.com/apps/news.sub_view?popup=0&nid=02&c1=02&c2=02&c3=00&nkey=201711280940361
457,한불모터스 ‘뉴 푸조 5008’ 출시...사양.마력.트림.가격 보니,http://www.kookje.co.kr/news2011/asp/newsbody.asp?code=0500&key=20171122.99099010018
458,"한불모터스, 7인승 SUV ‘뉴 푸조 5008’ 판매 돌입",http://www.nspna.com/news/?mode=view&newsid=251808
459,"[사진] 푸조 ‘New 5008 SUV’ 출시, 4290만원-복합연비 12.7 km/ℓ",http://www.osen.co.kr/article/G1110780472
460,"푸조, 한국에 12년만에 휘발유차 출시…1.2 터보엔진",https://www.econovill.com/news/articleView.html?idxno=571006
461,"뉴 푸조 5008 SUV, 영국 왓카 선정 ‘2018 올해의 대형 SUV’ 수상",http://www.ekn.kr/news/article.html?no=339894
462,"푸조, 7인승 플래그십 SUV '뉴 푸조 5008 SUV' 출시",http://www.metroseoul.co.kr/article/20210601500417
463,"푸조, 5008 보험 5등급 평가…보험료 10~20%↓",http://www.sporbiz.co.kr/news/articleView.html?idxno=170138
464,"한불모터스, 푸조 5008에 고성능 버전 'GT' 추가",http://autotimes.hankyung.com/apps/news.sub_view?popup=0&nid=02&c1=02&c2=02&c3=00&nkey=201711280940361
465,한불모터스 ‘뉴 푸조 5008’ 출시...사양.마력.트림.가격 보니,http://www.kookje.co.kr/news2011/asp/newsbody.asp?code=0500&key=20171122.99099010018
466,"한불모터스, 7인승 SUV ‘뉴 푸조 5008’ 판매 돌입",http://www.nspna.com/news/?mode=view&newsid=251808
467,"[사진] 푸조 ‘New 5008 SUV’ 출시, 4290만원-복합연비 12.7 km/ℓ",http://www.osen.co.kr/article/G1110780472
468,"푸조, 국내 첫선 7인승 SUV ‘New 푸조 5008 SUV’ 사전계약 실시",http://www.sportsworldi.com/content/html/2017/11/15/20171115001783.html?OutUrl=naver
469,"푸조, 'SUV 라인업 액세서리 프로모션' 실시. 30% 할인 혜택 제공",http://www.autodaily.co.kr/news/articleView.html?idxno=426849
470,"[포토]푸조, 7인승 SUV 뉴 5008 출시..4290만원부터",http://www.edaily.co.kr/news/newspath.asp?newsid=01915526616128016
471,"[사진] 푸조 ‘New 5008 SUV’ 출시, 4290만원-복합연비 12.7 km/ℓ",http://www.osen.co.kr/article/G1110780472
472,"푸조, 국내 첫선 7인승 SUV ‘New 푸조 5008 SUV’ 사전계약 실시",http://www.sportsworldi.com/content/html/2017/11/15/20171115001783.html?OutUrl=naver
473,"푸조, 'SUV 라인업 액세서리 프로모션' 실시. 30% 할인 혜택 제공",http://www.autodaily.co.kr/news/articleView.html?idxno=426849
474,"푸조 5008 SUV, 영국 왓카 선정 ‘2018 올해의 대형 SUV’ 수상",http://www.rpm9.com/news/article.html?id=20180126090016
475,"[2017 서울모터쇼] 푸조 뉴 5008, 아시아 최초로 한국서 공개된다",http://www.rpm9.com/news/article.html?id=20170322090013
476,"푸조, 스타필드 하남 팝업스토어 오픈… 플래그십 SUV 5008 출시 예고",http://bizn.donga.com/car/3/all/20170818/85880519/2
477,한불모터스 동근태 상무 “푸조 5008에 큰 기대 걸고 있다”,http://www.rpm9.com/news/article.html?id=20170215090005
478,"[진車승부] '가성비 갑' 수입 SUV 격돌 예감, 푸조 5008 VS 폭스바겐 티구안 올스페이스",http://www.sporbiz.co.kr/news/articleView.html?idxno=170371
479,[수입차 단신] 푸조·벤츠 딜러 한성차,https://www.asiatime.co.kr/article/20210316500003
480,"푸조, 국내 첫선 7인승 SUV ‘New 푸조 5008 SUV’ 사전계약 실시",http://www.sportsworldi.com/content/html/2017/11/15/20171115001783.html?OutUrl=naver
481,"푸조, 'SUV 라인업 액세서리 프로모션' 실시. 30% 할인 혜택 제공",http://www.autodaily.co.kr/news/articleView.html?idxno=426849
482,"푸조 5008 SUV, 영국 왓카 선정 ‘2018 올해의 대형 SUV’ 수상",http://www.rpm9.com/news/article.html?id=20180126090016
483,"[2017 서울모터쇼] 푸조 뉴 5008, 아시아 최초로 한국서 공개된다",http://www.rpm9.com/news/article.html?id=20170322090013
484,"푸조, 스타필드 하남 팝업스토어 오픈… 플래그십 SUV 5008 출시 예고",http://bizn.donga.com/car/3/all/20170818/85880519/2
485,한불모터스 동근태 상무 “푸조 5008에 큰 기대 걸고 있다”,http://www.rpm9.com/news/article.html?id=20170215090005
486,"[진車승부] '가성비 갑' 수입 SUV 격돌 예감, 푸조 5008 VS 폭스바겐 티구안 올스페이스",http://www.sporbiz.co.kr/news/articleView.html?idxno=170371
487,[수입차 단신] 푸조·벤츠 딜러 한성차,https://www.asiatime.co.kr/article/20210316500003
488,"푸조, 가솔린 SUV 출시 ""배기량 낮춘대신 고효율 터보차저 장착""",https://www.joongang.co.kr/article/25060684
489,"[파리모터쇼-푸조] 3008, 5008, 3008DKR 등",http://www.sporbiz.co.kr/news/articleView.html?idxno=47054
490,[수입차 단신] 푸조·벤츠 딜러 한성차,https://www.asiatime.co.kr/article/20210316500003
491,"푸조, 가솔린 SUV 출시 ""배기량 낮춘대신 고효율 터보차저 장착""",https://www.joongang.co.kr/article/25060684
492,"[파리모터쇼-푸조] 3008, 5008, 3008DKR 등",http://www.sporbiz.co.kr/news/articleView.html?idxno=47054
493,"푸조, '2016 파리모터쇼'에서 월드 프리미어 3종 공개...3008, 5008 최초 공개",http://www.fnnews.com/news/201609291029337631
494,푸조 5008 - 푸조 SUV의 폭발적인 성장을 이어갈 차세대 중형 SUV,http://autoin.edaily.co.kr/news/newspath.asp?newsid=02036886612778480
495,"뉴 푸조 5008, 보험료 약 20% 인하",http://www.fnnews.com/news/201711300953226341
496,"푸조, 서울모터쇼서 ‘신형 3008·5008’ 첫 선",http://bizn.donga.com/car/3/all/20170322/83442528/2
497,"푸조, 3월 역대 최대 '트리플 프로모션' 실시. 초기 구매·유지 비용 대폭 낮춰",http://www.autodaily.co.kr/news/articleView.html?idxno=426012
498,[포토] 공격적인 가격 정책을 앞세운 뉴 푸조 5008 SUV,http://autoin.edaily.co.kr/news/newspath.asp?newsid=01525206616128344
499,"푸조, 'New 푸조 5008 SUV' 국내 출시",http://www.newsis.com/view/?id=NISI20171121_0013580713
