,title,url
0,"한불모터스, 푸조 508 라인업 전국 시승행사 마련",http://autotimes.hankyung.com/apps/news.sub_view?popup=0&nid=03&c1=03&c2=03&c3=00&nkey=202111151025161
1,"푸조, 508 부분변경 계획..어떤 점 달라지나?",http://www.dailycar.co.kr/content/news.html?type=view&autoId=43004
2,[시승기] 제주도에서 더욱 돋보이는 프렌치 왜건의 가치…푸조 508 SW,https://hankookilbo.com/News/Read/A2022020421110001516?did=NA
3,"푸조, 플러그인 하이브리드 ‘푸조 508 PSE’ 유럽 판매 시작",https://hankookilbo.com/News/Read/A2021012909120005685?did=NA
4,[화요 명차]‘사자후’ 푸조 508 SW… 프랑스식 왜건 제안,https://www.donga.com/news/article/all/20210112/104880999/2
5,[시승기] 제주 속 프렌치 왜건 ‘푸조 508 SW’…그리고 성수기에 돋보이는 ‘푸조시트로엥렌터카’,https://hankookilbo.com/News/Read/A2020112621360001227?did=NA
6,"<시승기>푸조 508 2.0 알뤼르, 3000만원대로 느낄 수 있는 플래그십의 가치",http://www.segyebiz.com/newsView/20201104510902?OutUrl=naver
7,"""가을 만끽하세요"" 푸조 508 전국 시승행사...11월 21일까지",http://www.gpkorea.com/news/articleView.html?idxno=68472
8,"푸조 연말 연시 캠페인, 508 라인업 '윈터 드라이브 캠페인' 전국 시승",http://www.sportsseoul.com/news/read/1077720?ref=naver
9,디젤차 '508' 할인 판매 나선 푸조···요소수난 속 경쟁력 있을까,http://www.sisajournal-e.com/news/articleView.html?idxno=243169
10,우아한 ‘푸조 508라인업’...시승행사에 할인·경품 혜택도 푸짐,http://news.heraldcorp.com/view.php?ud=20211116000540
11,"푸조, 고성능 플러그인 하이브리드 '508 PSE' 공개",http://www.newsis.com/view/?id=NISX20200925_0001180048&cID=13001&pID=13000
12,고성능 플러그인 하이브리드 '푸조 508 PSE' 공개,http://www.newsprime.co.kr/news/article.html?no=519279
13,"[영상]저평가 우량주, 푸조 508 GT라인",http://autotimes.hankyung.com/apps/news.sub_view?popup=0&nid=12&c1=12&c2=12&c3=00&nkey=202101271820071
14,"푸조, 여름맞이 전국 고객 시승행사 '푸조 508 썸머 드라이브 캠페인' 진행",http://www.autodaily.co.kr/news/articleView.html?idxno=420669
15,"[시승기] 푸조 508 GT '가문의 맏형, 책임감은 대단했다'",http://www.gpkorea.com/news/articleView.html?idxno=63983
16,"푸조 508, '디자인'으로 승부…3040 사로잡았다",http://www.mediapen.com/news/view/515378
17,"푸조508 고객, 차량 구매기준 1순위 ‘디자인’",http://www.econovill.com/news/articleView.html?idxno=391759
18,푸조 508 ‘디자인’에 반하다…구매고객 64% 선택,http://www.edaily.co.kr/news/newspath.asp?newsid=02099206625731856
19,"푸조, 업계 최초 푸조 508 구매 고객에 5년 주유비 지원",http://www.ftoday.co.kr/news/articleView.html?idxno=114814
20,탁월한 '연비' 푸조 508…5년 주유비지원 '파격' 구매혜택,http://www.mediapen.com/news/view/502350
21,"푸조 508, 출시 1주년 '프렌치 드라이빙 데이' 실시",http://www.newsworks.co.kr/news/articleView.html?idxno=432011
22,"푸조 508, 월 25만원대 구매 가능…""타보고 결정하세요""",http://www.enewstoday.co.kr/news/articleView.html?idxno=1367032
23,[시승기] 두 아이 아빠가 '푸조 508'에 반한 이유,http://moneys.mt.co.kr/news/mwView.php?no=2020020809548044516
24,"[시승기] 푸조 508 GT, 스포츠카처럼 역동적이면서 세단의 정숙함까지",http://www.consumernews.co.kr/?mod=news&act=articleView&idxno=535919
25,(시승기)강렬한 디자인과 가속성능 돋보인 푸조 ‘508 GT’,http://www.newstomato.com/ReadNews.aspx?no=933926
26,[동영상 시승기] 제주여행을 더욱 빛나게 해준 '푸조 508 GT',http://www.gpkorea.com/news/articleView.html?idxno=57708
27,"푸조 508, 펀드라이빙에 할인은 덤 '파격공세'",http://www.gpkorea.com/news/articleView.html?idxno=57783
28,"[시승여행] 푸조 508과 함께 만난 여유의 공간, '영종도 씨사이드 파크'",http://www.hankookilbo.com/news/npath/201910131685386082?did=NA
29,[자동차여행] 푸조 508의 연비를 체크하며 찾은 '무화과 축제',http://www.hankookilbo.com/news/npath/201910080742019469?did=NA
30,‘뉴 푸조 508 SW’ 스타일·공간 활용도 뛰어나,http://news.joins.com/article/olink/23214772
31,"푸조, 강남 센트럴시티서 '뉴 푸조 508·508SW 팝업스토어' 운영",http://www.fnnews.com/news/201909201630215193
32,"한불모터스, 푸조 508 및 508 SW 팝업스토어 운영",http://autotimes.hankyung.com/apps/news.sub_view?popup=0&nid=03&c1=03&c2=03&c3=00&nkey=201909191252021
33,[시승기] 자동차 블로거 '미뉘'의 푸조 508 SW 시승기,http://www.hankookilbo.com/news/npath/201909140947362139?did=NA
34,"[리뷰] 세련된 감성에 넉넉한 공간을 담은 프렌치 왜건, 푸조 508 SW",http://www.hankookilbo.com/news/npath/201909100910036394?did=NA
35,[시승기] 자동차 블로거 ‘쭌스’의 푸조 508 SW 시승기,http://www.hankookilbo.com/news/npath/201909060722364164?did=NA
36,유럽서 인기몰이 중인 푸조의 신형왜건 '508 SW'가 세단보다 나은 세가지 포인트는?,http://www.autodaily.co.kr/news/articleView.html?idxno=411204
37,"[시승기]즐거움과 실용성은 기본, 시선까지 사로잡다…푸조 508 GT",http://news.heraldcorp.com/view.php?ud=20191014000932
38,"[비교 시승기] 완성도 높은 세단과 왜건의 경계, 푸조 508 세단 & 푸조 508 SW",http://www.hankookilbo.com/news/npath/201909010884075174?did=NA
39,[연비체크] 서울에서 음성까지 달린 푸조 508 2.0 블루HDi 알뤼르의 실제 연비는?,http://www.hankookilbo.com/news/npath/201908271626066823?did=NA
40,"[시승기] 부담을 줄여낸 프렌치 세단, 푸조 508 2.0 블루HDi 알뤼르",http://www.hankookilbo.com/news/npath/201908220952742464?did=NA
41,"[시승기] 왜건에 대한 인식을 바꾸는 존재, 푸조 508 SW",http://www.hankookilbo.com/news/npath/201908152149387629?did=NA
42,"[신차털기] 푸조508, 세단의 탈을 쓴 스포츠카",https://www.hankyung.com/economy/article/201908078475g
43,"[리뷰] 스타일에 적재 공간의 여유를 더한 존재, 푸조 508 SW",http://www.hankookilbo.com/news/npath/201908100666016140?did=NA
44,스포티한 디자인에 실용성까지…'다재다능 왜건' 뉴 푸조 508 SW,https://www.hankyung.com/economy/article/2019073092851
45,"[이주의 수입차] 푸조, 왜건 '뉴 푸조 508 SW'",http://www.m-i.kr/news/articleView.html?idxno=625054
46,스타일리쉬 왜건 '뉴 푸조 508 SW' 국내 출시···5131만원,http://www.ebn.co.kr/news/view/994415
47,"[시승기] 감성을 채우는 프리미엄 프렌치, ‘푸조 508 2.0 블루HDi GT라인’",http://www.hankookilbo.com/news/npath/201904250955396683?did=NA
48,"[자유로 연비] 세단 시장의 와일드 카드, 푸조 508 GT라인의 자유로 연비는?",http://www.hankookilbo.com/news/npath/201904120725391598?did=NA
49,"[Car & Fun]푸조 508 GT, 굽이친 도로서 느낀 '펀 드라이빙'의 진수",https://www.sedaily.com/NewsView/1VGSYPYD9A
50,"평균 연비 28.5km/L, 효율성의 마법을 부리는 '푸조 508 1.5 블루HDi'",http://www.hankookilbo.com/news/npath/201903301031034292?did=NA
51,[자유로 연비] 새로운 시대를 여는 푸조 508 1.5 블루HDI의 자유로 연비는?,http://www.hankookilbo.com/news/npath/201903240802339858?did=NA
52,"푸조, 유럽 시장에서 508 SW 본격 판매 시작...4,300만원부터",http://www.hankookilbo.com/news/npath/201903120950759906?did=NA
53,확 바뀐 'New 푸조 508' 등장…경쟁자는?,http://www.ebn.co.kr/news/view/969849
54,전통 세단 이미지 벗은 ‘New 푸조 508’ 국내 출시,http://www.mhj21.com/118931
55,'푸조 508' 8년만에 풀 체인지…3990만원부터,http://www.mediapen.com/news/view/409149
56,플래그십 세단 'New 푸조 508' 사전계약 돌입...3990만원부터,http://www.ebn.co.kr/news/view/967536
57,"푸조, 'NEW 푸조 508' 사전계약 돌입",http://www.newstomato.com/ReadNews.aspx?no=867631
58,공식 런칭 앞두고 ‘New 푸조 508 라 프리미어’ 40대 한정 판매,http://www.osen.co.kr/article/G1111055930
59,한불모터스 ‘New 푸조508 라프리미어’ 한정 판매 시작,http://www.mhj21.com/118462
60,"푸조, 엠블럼 바꿔달고 2022년 반등할 수 있을까",http://www.sisaweek.com/news/articleView.html?idxno=150733
61,[2018 파리모터쇼]푸조 ‘뉴 푸조 508 SW’ 최초 공개,http://www.edaily.co.kr/news/newspath.asp?newsid=01403846619370296
62,"[2018 파리모터쇼] 푸조, 1,780L의 여유를 더한 508 SW 공개",http://www.hankookilbo.com/news/npath/201810030602382811?did=NA
63,[포토] New 푸조 508 국내 공식 출시,http://www.dt.co.kr/contents.html?article_no=2019012102109965035001&ref=naver
64,[MJ포토] 8년만의 풀체인지 ‘New 푸조 508’,http://www.mhj21.com/118930
65,[MJ포토] 고급 소재와 세심한 마감처리가 돋보이는 ‘New 푸조 508’,http://www.mhj21.com/118933
66,"푸조, 주력 모델 'New 푸조 508' 가격 인하로 경쟁력 강화",http://stoo.asiae.co.kr/news/naver_view.htm?idxno=2017032010312879996
67,NEW 푸조 508 ‘파리 오케스트라’ 의전 차량 지원,http://www.viva100.com/main/view.php?key=20161116010004862
68,"푸조, 밤베르크 교향악단에 New 푸조 508 의전 차량 제공",http://www.ebn.co.kr/news/view/857979
69,푸조 508 1.6 Blue HDi 롱 텀 시승기 (10) - 3개월의 기억들,http://www.edaily.co.kr/news/newspath.asp?newsid=02889686612716488
70,푸조 508 GT Line 시승기 - 508 위에 작은 변화가 만든 스포티한 감각의 토핑을 얹다,http://autoin.edaily.co.kr/news/newspath.asp?newsid=01692486612710256
71,NEW 푸조 508과 함께 선 모델[포토],http://www.vop.co.kr/A00001393521.html
72,푸조 508RXH & 볼보 V60 크로스컨트리 D4 AWD - 실용적 크로스오버에 대한 또 다른 유럽의 답안지,http://autoin.edaily.co.kr/news/newspath.asp?newsid=02604326612681720
73,"푸조 508 1.6 Blue HDi 롱 텀 시승기 (8) - 반납을 앞둔 마지막 연비 체크, 그리고 최종 연비",http://www.edaily.co.kr/news/newspath.asp?newsid=01669526612680736
74,"한불모터스, '푸조508' 등 구매고객대상 주유비 3년지원 프로모션 실시",http://www.greenpostkorea.co.kr/news/article.html?no=61847
75,푸조 508 롱 텀 테스트 (4) - 푸조 508의 배려를 찾아보다,http://www.edaily.co.kr/news/newspath.asp?newsid=02630566612652856
76,푸조 508 롱 텀 테스트 (2) - 길들이기와 첫 번째 연비 체크 그리고 1000km 주행,http://www.edaily.co.kr/news/newspath.asp?newsid=02620726612652856
77,[시승기] 푸조 508 RXH | 프랑스 감성과 실용성 조화로운 결합,http://news.mk.co.kr/newsRead.php?no=369715&year=2016
78,푸조 508 악티브 어반 국내 출시...가격.연비.사양 보니,http://www.kookje.co.kr/news2011/asp/newsbody.asp?code=0700&key=20160505.99002004942
79,"'3000만원대' 푸조 508 악티브 어반, 소비자 공략 통할까",http://www.newsprime.co.kr/news/article.html?no=336123
80,"푸조, 세계적인 지휘자 포펜에 푸조 508 GT 의전 차량 제공",http://view.asiae.co.kr/news/view.htm?idxno=2016042909081538719
81,"[시승]헬스보이가 주목한 효율, 푸조 508 1.6ℓ 럭스",http://autotimes.hankyung.com/apps/news.sub_view?popup=0&nid=08&c1=08&c2=08&c3=00&nkey=201603071628231
82,전기로만 최대 42km 주행... 푸보 PHEV '508 PSE' 공개,http://www.sportsseoul.com/news/read/963305?ref=naver
83,"한불모터스, 3월 봄바람 '푸조 508' 전 라인업 '무이자할부'",http://www.ebn.co.kr/news/view/819421
84,"한불모터스, 유로6 모델 ‘뉴 푸조 508 SW’ 출시",http://www.nspna.com/news/?mode=view&newsid=159839
85,세단과 SUV 장점 녹여낸 '뉴 푸조 508 RXH' 출시,http://www.sportsworldi.com/content/html/2016/01/21/20160121003080.html?OutUrl=naver
86,"[취재] 유로6 '푸조 508 RXH' 국내 출시, 볼보 V60 크로스컨트리의 대항마",http://www.kbench.com/?q=node/159256
87,"푸조, 도심과 아웃도어를 넘나드는 ‘뉴 508 RXH 출시’",http://www.rpm9.com/news/article.html?id=20160121090078
88,[직접 타봤어요]‘푸조 508 GT 라인’,http://news.donga.com/3/all/20160705/79018023/1
89,"[자동차] 푸조, ‘New 푸조 508’ 유로 6 모델 출시",http://sports.chosun.com/news/ntype.htm?id=201511300000000000022968&servicedate=20151130
90,"푸조, ‘New 푸조 508’ 유로 6 모델 출시",http://www.mydaily.co.kr/new_yk/html/read.php?newsid=201511231159124435&ext=na
91,"한불모터스, 독일 방송교향악단 내한공연에 '푸조 508' 지원",http://www.hankyung.com/news/app/newsview.php?aid=201511203799g
92,"푸조·캐딜락, 4분기 자존심 회복에 '총력'",http://www.ezyeconomy.com/news/articleView.html?idxno=114357
93,"푸조 ""천재 피아니스트, New 푸조 508을 타다""",http://view.asiae.co.kr/news/view.htm?idxno=2015060509591410991
94,"한불모터스, 이반 피셔 의전차량으로 ‘New 푸조 508’ 제공",http://www.newsway.co.kr/view.php?tp=1&ud=2015042010371007685
95,푸조 508 돌풍에…“세단시장이 뜨겁다”,http://news.heraldcorp.com/view.php?ud=20151127000403
96,"New 푸조 508, BBC 필하모닉 의전 차량으로 제공",http://www.g-enews.com/ko-kr/news/article/news_all/201510211128413881620_1/article.html
97,"[신차 브리핑!]New 푸조 508, New 푸조508 SW 아시아 첫 출시",http://sports.hankooki.com/lpage/economy/201411/sp20141118160012136990.htm
98,"푸조, 고품격 프리미엄 세단 New 푸조 508 국내 출시",http://www.mydaily.co.kr/new_yk/html/read.php?newsid=201411170858164439&ext=na
99,"푸조, New 푸조 508·508 SW 국내 공식 출시…3990만원부터",http://www.dailian.co.kr/news/view/469928/?sc=naver
100,[시승기] 자동차 블로거 '미뉘'의 푸조 508 SW 시승기,http://www.hankookilbo.com/news/npath/201909140947362139?did=NA
101,"[리뷰] 세련된 감성에 넉넉한 공간을 담은 프렌치 왜건, 푸조 508 SW",http://www.hankookilbo.com/news/npath/201909100910036394?did=NA
102,[시승기] 자동차 블로거 ‘쭌스’의 푸조 508 SW 시승기,http://www.hankookilbo.com/news/npath/201909060722364164?did=NA
103,유럽서 인기몰이 중인 푸조의 신형왜건 '508 SW'가 세단보다 나은 세가지 포인트는?,http://www.autodaily.co.kr/news/articleView.html?idxno=411204
104,"[시승기]즐거움과 실용성은 기본, 시선까지 사로잡다…푸조 508 GT",http://news.heraldcorp.com/view.php?ud=20191014000932
105,"[비교 시승기] 완성도 높은 세단과 왜건의 경계, 푸조 508 세단 & 푸조 508 SW",http://www.hankookilbo.com/news/npath/201909010884075174?did=NA
106,[연비체크] 서울에서 음성까지 달린 푸조 508 2.0 블루HDi 알뤼르의 실제 연비는?,http://www.hankookilbo.com/news/npath/201908271626066823?did=NA
107,"[시승기] 부담을 줄여낸 프렌치 세단, 푸조 508 2.0 블루HDi 알뤼르",http://www.hankookilbo.com/news/npath/201908220952742464?did=NA
108,"[시승기] 왜건에 대한 인식을 바꾸는 존재, 푸조 508 SW",http://www.hankookilbo.com/news/npath/201908152149387629?did=NA
109,"[신차털기] 푸조508, 세단의 탈을 쓴 스포츠카",https://www.hankyung.com/economy/article/201908078475g
110,"[리뷰] 스타일에 적재 공간의 여유를 더한 존재, 푸조 508 SW",http://www.hankookilbo.com/news/npath/201908100666016140?did=NA
111,스포티한 디자인에 실용성까지…'다재다능 왜건' 뉴 푸조 508 SW,https://www.hankyung.com/economy/article/2019073092851
112,"[이주의 수입차] 푸조, 왜건 '뉴 푸조 508 SW'",http://www.m-i.kr/news/articleView.html?idxno=625054
113,스타일리쉬 왜건 '뉴 푸조 508 SW' 국내 출시···5131만원,http://www.ebn.co.kr/news/view/994415
114,"[시승기] 감성을 채우는 프리미엄 프렌치, ‘푸조 508 2.0 블루HDi GT라인’",http://www.hankookilbo.com/news/npath/201904250955396683?did=NA
115,"[자유로 연비] 세단 시장의 와일드 카드, 푸조 508 GT라인의 자유로 연비는?",http://www.hankookilbo.com/news/npath/201904120725391598?did=NA
116,"[Car & Fun]푸조 508 GT, 굽이친 도로서 느낀 '펀 드라이빙'의 진수",https://www.sedaily.com/NewsView/1VGSYPYD9A
117,"평균 연비 28.5km/L, 효율성의 마법을 부리는 '푸조 508 1.5 블루HDi'",http://www.hankookilbo.com/news/npath/201903301031034292?did=NA
118,[자유로 연비] 새로운 시대를 여는 푸조 508 1.5 블루HDI의 자유로 연비는?,http://www.hankookilbo.com/news/npath/201903240802339858?did=NA
119,"푸조, 유럽 시장에서 508 SW 본격 판매 시작...4,300만원부터",http://www.hankookilbo.com/news/npath/201903120950759906?did=NA
120,"잘 빠진 왜건 ‘뉴 푸조 508 SW’, GT 라인 단일 트림 5,131만 원",http://www.osen.co.kr/article/G1111191871
121,"[시승기] 감성을 채우는 프리미엄 프렌치, ‘푸조 508 2.0 블루HDi GT라인’",http://www.hankookilbo.com/news/npath/201904250955396683?did=NA
122,"[자유로 연비] 세단 시장의 와일드 카드, 푸조 508 GT라인의 자유로 연비는?",http://www.hankookilbo.com/news/npath/201904120725391598?did=NA
123,"[Car & Fun]푸조 508 GT, 굽이친 도로서 느낀 '펀 드라이빙'의 진수",https://www.sedaily.com/NewsView/1VGSYPYD9A
124,"평균 연비 28.5km/L, 효율성의 마법을 부리는 '푸조 508 1.5 블루HDi'",http://www.hankookilbo.com/news/npath/201903301031034292?did=NA
125,[자유로 연비] 새로운 시대를 여는 푸조 508 1.5 블루HDI의 자유로 연비는?,http://www.hankookilbo.com/news/npath/201903240802339858?did=NA
126,"푸조, 유럽 시장에서 508 SW 본격 판매 시작...4,300만원부터",http://www.hankookilbo.com/news/npath/201903120950759906?did=NA
127,확 바뀐 'New 푸조 508' 등장…경쟁자는?,http://www.ebn.co.kr/news/view/969849
128,전통 세단 이미지 벗은 ‘New 푸조 508’ 국내 출시,http://www.mhj21.com/118931
129,'푸조 508' 8년만에 풀 체인지…3990만원부터,http://www.mediapen.com/news/view/409149
130,"푸조, 왜건 '뉴 푸조 508 SW' 출시…판매가 5131만 원",http://www.etoday.co.kr/news/section/newsview.php?idxno=1780464
131,"[시승기] 감성을 채우는 프리미엄 프렌치, ‘푸조 508 2.0 블루HDi GT라인’",http://www.hankookilbo.com/news/npath/201904250955396683?did=NA
132,"[자유로 연비] 세단 시장의 와일드 카드, 푸조 508 GT라인의 자유로 연비는?",http://www.hankookilbo.com/news/npath/201904120725391598?did=NA
133,"[Car & Fun]푸조 508 GT, 굽이친 도로서 느낀 '펀 드라이빙'의 진수",https://www.sedaily.com/NewsView/1VGSYPYD9A
134,"평균 연비 28.5km/L, 효율성의 마법을 부리는 '푸조 508 1.5 블루HDi'",http://www.hankookilbo.com/news/npath/201903301031034292?did=NA
135,[자유로 연비] 새로운 시대를 여는 푸조 508 1.5 블루HDI의 자유로 연비는?,http://www.hankookilbo.com/news/npath/201903240802339858?did=NA
136,"푸조, 유럽 시장에서 508 SW 본격 판매 시작...4,300만원부터",http://www.hankookilbo.com/news/npath/201903120950759906?did=NA
137,확 바뀐 'New 푸조 508' 등장…경쟁자는?,http://www.ebn.co.kr/news/view/969849
138,전통 세단 이미지 벗은 ‘New 푸조 508’ 국내 출시,http://www.mhj21.com/118931
139,'푸조 508' 8년만에 풀 체인지…3990만원부터,http://www.mediapen.com/news/view/409149
140,"[Car & Fun]푸조 508 GT, 굽이친 도로서 느낀 '펀 드라이빙'의 진수",https://www.sedaily.com/NewsView/1VGSYPYD9A
141,"평균 연비 28.5km/L, 효율성의 마법을 부리는 '푸조 508 1.5 블루HDi'",http://www.hankookilbo.com/news/npath/201903301031034292?did=NA
142,[자유로 연비] 새로운 시대를 여는 푸조 508 1.5 블루HDI의 자유로 연비는?,http://www.hankookilbo.com/news/npath/201903240802339858?did=NA
143,"푸조, 유럽 시장에서 508 SW 본격 판매 시작...4,300만원부터",http://www.hankookilbo.com/news/npath/201903120950759906?did=NA
144,확 바뀐 'New 푸조 508' 등장…경쟁자는?,http://www.ebn.co.kr/news/view/969849
145,전통 세단 이미지 벗은 ‘New 푸조 508’ 국내 출시,http://www.mhj21.com/118931
146,'푸조 508' 8년만에 풀 체인지…3990만원부터,http://www.mediapen.com/news/view/409149
147,플래그십 세단 'New 푸조 508' 사전계약 돌입...3990만원부터,http://www.ebn.co.kr/news/view/967536
148,"푸조, 'NEW 푸조 508' 사전계약 돌입",http://www.newstomato.com/ReadNews.aspx?no=867631
149,공식 런칭 앞두고 ‘New 푸조 508 라 프리미어’ 40대 한정 판매,http://www.osen.co.kr/article/G1111055930
150,'푸조 508' 8년만에 풀 체인지…3990만원부터,http://www.mediapen.com/news/view/409149
151,'New 푸조 508' 국내 출시… 8년 만에 완전변경,http://www.newscj.com/news/articleView.html?idxno=593929
152,플래그십 세단 'New 푸조 508' 사전계약 돌입...3990만원부터,http://www.ebn.co.kr/news/view/967536
153,"푸조, 'NEW 푸조 508' 사전계약 돌입",http://www.newstomato.com/ReadNews.aspx?no=867631
154,공식 런칭 앞두고 ‘New 푸조 508 라 프리미어’ 40대 한정 판매,http://www.osen.co.kr/article/G1111055930
155,한불모터스 ‘New 푸조508 라프리미어’ 한정 판매 시작,http://www.mhj21.com/118462
156,"푸조, 엠블럼 바꿔달고 2022년 반등할 수 있을까",http://www.sisaweek.com/news/articleView.html?idxno=150733
157,[2018 파리모터쇼]푸조 ‘뉴 푸조 508 SW’ 최초 공개,http://www.edaily.co.kr/news/newspath.asp?newsid=01403846619370296
158,"[2018 파리모터쇼] 푸조, 1,780L의 여유를 더한 508 SW 공개",http://www.hankookilbo.com/news/npath/201810030602382811?did=NA
159,"[포토] 8년 만의 변신, New 푸조 508 출시",http://www.dt.co.kr/contents.html?article_no=2019012102109965035003&ref=naver
160,8년만에 새모델 'New 푸조 508' 사전계약…3990만원부터,http://news1.kr/articles/?3516061
161,공식 런칭 앞두고 ‘New 푸조 508 라 프리미어’ 40대 한정 판매,http://www.osen.co.kr/article/G1111055930
162,한불모터스 ‘New 푸조508 라프리미어’ 한정 판매 시작,http://www.mhj21.com/118462
163,[ER포토]붉은 사자의 유혹 'NEW 푸조 508',http://www.econovill.com/news/articleView.html?idxno=355066
164,"푸조, 엠블럼 바꿔달고 2022년 반등할 수 있을까",http://www.sisaweek.com/news/articleView.html?idxno=150733
165,[2018 파리모터쇼]푸조 ‘뉴 푸조 508 SW’ 최초 공개,http://www.edaily.co.kr/news/newspath.asp?newsid=01403846619370296
166,"[2018 파리모터쇼] 푸조, 1,780L의 여유를 더한 508 SW 공개",http://www.hankookilbo.com/news/npath/201810030602382811?did=NA
167,[포토] New 푸조 508 국내 공식 출시,http://www.dt.co.kr/contents.html?article_no=2019012102109965035001&ref=naver
168,[MJ포토] 8년만의 풀체인지 ‘New 푸조 508’,http://www.mhj21.com/118930
169,[MJ포토] 고급 소재와 세심한 마감처리가 돋보이는 ‘New 푸조 508’,http://www.mhj21.com/118933
170,"푸조, ‘New 푸조 508 라 프리미어’ 40대 한정 판매 개시",http://kbench.com/?q=node/194731
171,[ER포토]붉은 사자의 유혹 'NEW 푸조 508',http://www.econovill.com/news/articleView.html?idxno=355066
172,"푸조, 엠블럼 바꿔달고 2022년 반등할 수 있을까",http://www.sisaweek.com/news/articleView.html?idxno=150733
173,[2018 파리모터쇼]푸조 ‘뉴 푸조 508 SW’ 최초 공개,http://www.edaily.co.kr/news/newspath.asp?newsid=01403846619370296
174,"[2018 파리모터쇼] 푸조, 1,780L의 여유를 더한 508 SW 공개",http://www.hankookilbo.com/news/npath/201810030602382811?did=NA
175,[포토] New 푸조 508 국내 공식 출시,http://www.dt.co.kr/contents.html?article_no=2019012102109965035001&ref=naver
176,[MJ포토] 8년만의 풀체인지 ‘New 푸조 508’,http://www.mhj21.com/118930
177,[MJ포토] 고급 소재와 세심한 마감처리가 돋보이는 ‘New 푸조 508’,http://www.mhj21.com/118933
178,"푸조, 주력 모델 'New 푸조 508' 가격 인하로 경쟁력 강화",http://stoo.asiae.co.kr/news/naver_view.htm?idxno=2017032010312879996
179,NEW 푸조 508 ‘파리 오케스트라’ 의전 차량 지원,http://www.viva100.com/main/view.php?key=20161116010004862
180,[포토] New 푸조 508 공식 출시,http://www.dt.co.kr/contents.html?article_no=2019012102109965035002&ref=naver
181,[MJ포토] 8년만의 풀체인지 ‘New 푸조 508’,http://www.mhj21.com/118930
182,[포토뉴스] 5도어 패스트백으로 변신한 ‘New 푸조 508’,http://www.tfnews.co.kr/news/article.html?no=60070
183,[MJ포토] 고급 소재와 세심한 마감처리가 돋보이는 ‘New 푸조 508’,http://www.mhj21.com/118933
184,"푸조, 주력 모델 'New 푸조 508' 가격 인하로 경쟁력 강화",http://stoo.asiae.co.kr/news/naver_view.htm?idxno=2017032010312879996
185,NEW 푸조 508 ‘파리 오케스트라’ 의전 차량 지원,http://www.viva100.com/main/view.php?key=20161116010004862
186,"푸조, 밤베르크 교향악단에 New 푸조 508 의전 차량 제공",http://www.ebn.co.kr/news/view/857979
187,푸조 508 1.6 Blue HDi 롱 텀 시승기 (10) - 3개월의 기억들,http://www.edaily.co.kr/news/newspath.asp?newsid=02889686612716488
188,푸조 508 GT Line 시승기 - 508 위에 작은 변화가 만든 스포티한 감각의 토핑을 얹다,http://autoin.edaily.co.kr/news/newspath.asp?newsid=01692486612710256
189,NEW 푸조 508과 함께 선 모델[포토],http://www.vop.co.kr/A00001393521.html
190,NEW 푸조 508 ‘파리 오케스트라’ 의전 차량 지원,http://www.viva100.com/main/view.php?key=20161116010004862
191,"푸조, 밤베르크 교향악단에 New 푸조 508 의전 차량 제공",http://www.ebn.co.kr/news/view/857979
192,푸조 508 1.6 Blue HDi 롱 텀 시승기 (10) - 3개월의 기억들,http://www.edaily.co.kr/news/newspath.asp?newsid=02889686612716488
193,푸조 508 GT Line 시승기 - 508 위에 작은 변화가 만든 스포티한 감각의 토핑을 얹다,http://autoin.edaily.co.kr/news/newspath.asp?newsid=01692486612710256
194,NEW 푸조 508과 함께 선 모델[포토],http://www.vop.co.kr/A00001393521.html
195,푸조 508RXH & 볼보 V60 크로스컨트리 D4 AWD - 실용적 크로스오버에 대한 또 다른 유럽의 답안지,http://autoin.edaily.co.kr/news/newspath.asp?newsid=02604326612681720
196,"푸조 508 1.6 Blue HDi 롱 텀 시승기 (8) - 반납을 앞둔 마지막 연비 체크, 그리고 최종 연비",http://www.edaily.co.kr/news/newspath.asp?newsid=01669526612680736
197,"한불모터스, '푸조508' 등 구매고객대상 주유비 3년지원 프로모션 실시",http://www.greenpostkorea.co.kr/news/article.html?no=61847
198,푸조 508 롱 텀 테스트 (4) - 푸조 508의 배려를 찾아보다,http://www.edaily.co.kr/news/newspath.asp?newsid=02630566612652856
199,푸조 508 롱 텀 테스트 (2) - 길들이기와 첫 번째 연비 체크 그리고 1000km 주행,http://www.edaily.co.kr/news/newspath.asp?newsid=02620726612652856
200,푸조 508 롱 텀 테스트 (5) - 30대 게임개발자가 느낀 푸조 508,http://www.edaily.co.kr/news/newspath.asp?newsid=02633846612652856
201,푸조 508 롱 텀 테스트 (2) - 길들이기와 첫 번째 연비 체크 그리고 1000km 주행,http://www.edaily.co.kr/news/newspath.asp?newsid=02620726612652856
202,[시승기] 푸조 508 RXH | 프랑스 감성과 실용성 조화로운 결합,http://news.mk.co.kr/newsRead.php?no=369715&year=2016
203,푸조 508 악티브 어반 국내 출시...가격.연비.사양 보니,http://www.kookje.co.kr/news2011/asp/newsbody.asp?code=0700&key=20160505.99002004942
204,"'3000만원대' 푸조 508 악티브 어반, 소비자 공략 통할까",http://www.newsprime.co.kr/news/article.html?no=336123
205,"푸조, 세계적인 지휘자 포펜에 푸조 508 GT 의전 차량 제공",http://view.asiae.co.kr/news/view.htm?idxno=2016042909081538719
206,"한불모터스, 獨 ‘밤베르크 교향악단’에 ‘New 푸조 508’ 지원",http://www.nspna.com/news/?mode=view&newsid=191849
207,"한불모터스, ‘푸조 508’ 최대 400만 원 인하",http://bizn.donga.com/car/3/0111/20170320/83413565/1
208,"[시승]헬스보이가 주목한 효율, 푸조 508 1.6ℓ 럭스",http://autotimes.hankyung.com/apps/news.sub_view?popup=0&nid=08&c1=08&c2=08&c3=00&nkey=201603071628231
209,전기로만 최대 42km 주행... 푸보 PHEV '508 PSE' 공개,http://www.sportsseoul.com/news/read/963305?ref=naver
210,푸조 508 악티브 어반 출시,http://www.fnnews.com/news/201605041637377092
211,"푸조, 세계적인 지휘자 포펜에 푸조 508 GT 의전 차량 제공",http://view.asiae.co.kr/news/view.htm?idxno=2016042909081538719
212,"한불모터스, 獨 ‘밤베르크 교향악단’에 ‘New 푸조 508’ 지원",http://www.nspna.com/news/?mode=view&newsid=191849
213,"한불모터스, ‘푸조 508’ 최대 400만 원 인하",http://bizn.donga.com/car/3/0111/20170320/83413565/1
214,"[시승]헬스보이가 주목한 효율, 푸조 508 1.6ℓ 럭스",http://autotimes.hankyung.com/apps/news.sub_view?popup=0&nid=08&c1=08&c2=08&c3=00&nkey=201603071628231
215,전기로만 최대 42km 주행... 푸보 PHEV '508 PSE' 공개,http://www.sportsseoul.com/news/read/963305?ref=naver
216,"한불모터스, 3월 봄바람 '푸조 508' 전 라인업 '무이자할부'",http://www.ebn.co.kr/news/view/819421
217,"한불모터스, 유로6 모델 ‘뉴 푸조 508 SW’ 출시",http://www.nspna.com/news/?mode=view&newsid=159839
218,세단과 SUV 장점 녹여낸 '뉴 푸조 508 RXH' 출시,http://www.sportsworldi.com/content/html/2016/01/21/20160121003080.html?OutUrl=naver
219,"[취재] 유로6 '푸조 508 RXH' 국내 출시, 볼보 V60 크로스컨트리의 대항마",http://www.kbench.com/?q=node/159256
220,푸조 508 전 라인업 3월엔 무이자 할부로 구매,http://www.edaily.co.kr/news/newspath.asp?newsid=02830646612579712
221,"한불모터스, 유로6 모델 ‘뉴 푸조 508 SW’ 출시",http://www.nspna.com/news/?mode=view&newsid=159839
222,세단과 SUV 장점 녹여낸 '뉴 푸조 508 RXH' 출시,http://www.sportsworldi.com/content/html/2016/01/21/20160121003080.html?OutUrl=naver
223,"[취재] 유로6 '푸조 508 RXH' 국내 출시, 볼보 V60 크로스컨트리의 대항마",http://www.kbench.com/?q=node/159256
224,"푸조, 도심과 아웃도어를 넘나드는 ‘뉴 508 RXH 출시’",http://www.rpm9.com/news/article.html?id=20160121090078
225,"한불모터스, 푸조 508 최대 400만원 인하",http://autotimes.hankyung.com/apps/news.sub_view?popup=0&nid=02&c1=02&c2=02&c3=00&nkey=201703201052591
226,[직접 타봤어요]‘푸조 508 GT 라인’,http://news.donga.com/3/all/20160705/79018023/1
227,"[자동차] 푸조, ‘New 푸조 508’ 유로 6 모델 출시",http://sports.chosun.com/news/ntype.htm?id=201511300000000000022968&servicedate=20151130
228,"푸조, ‘New 푸조 508’ 유로 6 모델 출시",http://www.mydaily.co.kr/new_yk/html/read.php?newsid=201511231159124435&ext=na
229,"한불모터스, 독일 방송교향악단 내한공연에 '푸조 508' 지원",http://www.hankyung.com/news/app/newsview.php?aid=201511203799g
230,"푸조, 올 로드 그랜드 투어러 '뉴 푸조 508 RXH' 출시",http://view.asiae.co.kr/news/view.htm?idxno=2016012108460811797
231,뉴 푸조 508 RXH 출시,http://news20.busan.com/controller/newsController.jsp?newsId=20160121000333
232,"한불모터스, 푸조 508 최대 400만원 인하",http://autotimes.hankyung.com/apps/news.sub_view?popup=0&nid=02&c1=02&c2=02&c3=00&nkey=201703201052591
233,[직접 타봤어요]‘푸조 508 GT 라인’,http://news.donga.com/3/all/20160705/79018023/1
234,"[자동차] 푸조, ‘New 푸조 508’ 유로 6 모델 출시",http://sports.chosun.com/news/ntype.htm?id=201511300000000000022968&servicedate=20151130
235,"푸조, ‘New 푸조 508’ 유로 6 모델 출시",http://www.mydaily.co.kr/new_yk/html/read.php?newsid=201511231159124435&ext=na
236,"한불모터스, 독일 방송교향악단 내한공연에 '푸조 508' 지원",http://www.hankyung.com/news/app/newsview.php?aid=201511203799g
237,"푸조, 대규모 시승행사와 할인혜택 마련",http://www.rpm9.com/news/article.html?id=20211116090002
238,"푸조·캐딜락, 4분기 자존심 회복에 '총력'",http://www.ezyeconomy.com/news/articleView.html?idxno=114357
239,"푸조, ‘윈터 드라이브 캠페인’ 전국 시승행사 진행",http://www.edaily.co.kr/news/newspath.asp?newsid=02410806629246048
240,"푸조, ‘New 푸조 508’ 유로 6 모델 출시",http://www.g-enews.com/ko-kr/news/article/news_all/201511231501554839849_1/article.html
241,"한불모터스, 독일 방송교향악단 내한공연에 '푸조 508' 지원",http://www.hankyung.com/news/app/newsview.php?aid=201511203799g
242,"푸조, 대규모 시승행사와 할인혜택 마련",http://www.rpm9.com/news/article.html?id=20211116090002
243,"푸조·캐딜락, 4분기 자존심 회복에 '총력'",http://www.ezyeconomy.com/news/articleView.html?idxno=114357
244,"푸조, ‘윈터 드라이브 캠페인’ 전국 시승행사 진행",http://www.edaily.co.kr/news/newspath.asp?newsid=02410806629246048
245,"푸조 ""천재 피아니스트, New 푸조 508을 타다""",http://view.asiae.co.kr/news/view.htm?idxno=2015060509591410991
246,"한불모터스, 이반 피셔 의전차량으로 ‘New 푸조 508’ 제공",http://www.newsway.co.kr/view.php?tp=1&ud=2015042010371007685
247,푸조 508 돌풍에…“세단시장이 뜨겁다”,http://news.heraldcorp.com/view.php?ud=20151127000403
248,"New 푸조 508, BBC 필하모닉 의전 차량으로 제공",http://www.g-enews.com/ko-kr/news/article/news_all/201510211128413881620_1/article.html
249,"[신차 브리핑!]New 푸조 508, New 푸조508 SW 아시아 첫 출시",http://sports.hankooki.com/lpage/economy/201411/sp20141118160012136990.htm
250,"푸조·캐딜락, 4분기 자존심 회복에 '총력'",http://www.ezyeconomy.com/news/articleView.html?idxno=114357
251,"푸조, ‘윈터 드라이브 캠페인’ 전국 시승행사 진행",http://www.edaily.co.kr/news/newspath.asp?newsid=02410806629246048
252,"푸조 ""천재 피아니스트, New 푸조 508을 타다""",http://view.asiae.co.kr/news/view.htm?idxno=2015060509591410991
253,"한불모터스, 이반 피셔 의전차량으로 ‘New 푸조 508’ 제공",http://www.newsway.co.kr/view.php?tp=1&ud=2015042010371007685
254,푸조 508 돌풍에…“세단시장이 뜨겁다”,http://news.heraldcorp.com/view.php?ud=20151127000403
255,"한불모터스, New 푸조 508 '유로 6모델' 출시",http://www.seoulfn.com/news/articleView.html?idxno=239124
256,"New 푸조 508, BBC 필하모닉 의전 차량으로 제공",http://www.g-enews.com/ko-kr/news/article/news_all/201510211128413881620_1/article.html
257,"[신차 브리핑!]New 푸조 508, New 푸조508 SW 아시아 첫 출시",http://sports.hankooki.com/lpage/economy/201411/sp20141118160012136990.htm
258,"푸조, 고품격 프리미엄 세단 New 푸조 508 국내 출시",http://www.mydaily.co.kr/new_yk/html/read.php?newsid=201411170858164439&ext=na
259,"푸조, New 푸조 508·508 SW 국내 공식 출시…3990만원부터",http://www.dailian.co.kr/news/view/469928/?sc=naver
260,"푸조, 고품격 프리미엄 세단 New 푸조 508 국내 출시",http://www.mydaily.co.kr/new_yk/html/read.php?newsid=201411170858164439&ext=na
261,"푸조, New 푸조 508·508 SW 국내 공식 출시…3990만원부터",http://www.dailian.co.kr/news/view/469928/?sc=naver
262,"푸조, 뉴 푸조 508·508 SW 국내 출시…5개 트림, 3990~4690만원",http://www.nspna.com/news/?mode=view&newsid=105105
263,"[포토] 뉴푸조508, 508SW 국내출시, 3,990만원부터",http://www.newdaily.co.kr/news/article.html?no=224001
264,‘푸조 508 LUX Pack’ 국내 50대 한정 출시,http://sports.donga.com/3/all/20140826/66028193/3
265,"푸조 508 1.6 e-Hdi Lux Pack, 국내 50대 한정 출시",http://www.osen.co.kr/article/G1109938929
266,"한물모터스, 푸조508 사면 '골프회원권·주유비' 쏜다",http://biz.newdaily.co.kr/news/article.html?no=10078422
267,"한불모터스 ""8월 푸조 508 악티브 사면 3년치 주유비 419만원 지원""",http://www.edaily.co.kr/news/newspath.asp?newsid=01148006606184368
268,"푸조 508 악티브, 국내 최초로 `3년 주유비 지원` 프로모션 진행",http://www.edaily.co.kr/news/newspath.asp?newsid=02355046606184040
269,푸조 내한공연 기돈크레머에 의전차량 푸조 508 제공,http://www.fnnews.com/view?ra=Sent0601m_01A&corp=fnnews&arcid=201404210100239810012049&cDateYear=2014&cDateMonth=04&cDateDay=21&
270,[포토엔]New 푸조 508 ‘아시아 최초로 출시’,http://www.newsen.com/news_view.php?uid=201411170951533720
271,"푸조, 뉴 푸조 508·508 SW 국내 출시…5개 트림, 3990~4690만원",http://www.nspna.com/news/?mode=view&newsid=105105
272,"[포토] New 푸조 508 국내출시, 연비가 무려 18.4km/l",http://www.newdaily.co.kr/news/article.html?no=224000
273,‘푸조 508 LUX Pack’ 국내 50대 한정 출시,http://sports.donga.com/3/all/20140826/66028193/3
274,"푸조 508 1.6 e-Hdi Lux Pack, 국내 50대 한정 출시",http://www.osen.co.kr/article/G1109938929
275,"한물모터스, 푸조508 사면 '골프회원권·주유비' 쏜다",http://biz.newdaily.co.kr/news/article.html?no=10078422
276,"한불모터스 ""8월 푸조 508 악티브 사면 3년치 주유비 419만원 지원""",http://www.edaily.co.kr/news/newspath.asp?newsid=01148006606184368
277,"푸조 508 악티브, 국내 최초로 `3년 주유비 지원` 프로모션 진행",http://www.edaily.co.kr/news/newspath.asp?newsid=02355046606184040
278,푸조 내한공연 기돈크레머에 의전차량 푸조 508 제공,http://www.fnnews.com/view?ra=Sent0601m_01A&corp=fnnews&arcid=201404210100239810012049&cDateYear=2014&cDateMonth=04&cDateDay=21&
279,"푸조, 'New 푸조 508' 유로 6 모델 출시",http://www.iusm.co.kr/news/articleView.html?idxno=628795
280,[포토엔]New 푸조 508 ‘정교한 엔진룸 선보이며’,http://www.newsen.com/news_view.php?uid=201411171024083720
281,"푸조, 뉴 푸조 508·508 SW 국내 출시…5개 트림, 3990~4690만원",http://www.nspna.com/news/?mode=view&newsid=105105
282,"[포토] 뉴푸조508, 508SW 국내출시, 3,990만원부터",http://www.newdaily.co.kr/news/article.html?no=224001
283,‘푸조 508 LUX Pack’ 국내 50대 한정 출시,http://sports.donga.com/3/all/20140826/66028193/3
284,"푸조 508 1.6 e-Hdi Lux Pack, 국내 50대 한정 출시",http://www.osen.co.kr/article/G1109938929
285,"한물모터스, 푸조508 사면 '골프회원권·주유비' 쏜다",http://biz.newdaily.co.kr/news/article.html?no=10078422
286,"한불모터스 ""8월 푸조 508 악티브 사면 3년치 주유비 419만원 지원""",http://www.edaily.co.kr/news/newspath.asp?newsid=01148006606184368
287,"푸조 508 악티브, 국내 최초로 `3년 주유비 지원` 프로모션 진행",http://www.edaily.co.kr/news/newspath.asp?newsid=02355046606184040
288,푸조 내한공연 기돈크레머에 의전차량 푸조 508 제공,http://www.fnnews.com/view?ra=Sent0601m_01A&corp=fnnews&arcid=201404210100239810012049&cDateYear=2014&cDateMonth=04&cDateDay=21&
289,"푸조, 'New 푸조 508' 유로 6 모델 출시",http://www.iusm.co.kr/news/articleView.html?idxno=628795
290,‘푸조 508 LUX Pack’ 국내 50대 한정 출시,http://sports.donga.com/3/all/20140826/66028193/3
291,"푸조 508 1.6 e-Hdi Lux Pack, 국내 50대 한정 출시",http://www.osen.co.kr/article/G1109938929
292,"한물모터스, 푸조508 사면 '골프회원권·주유비' 쏜다",http://biz.newdaily.co.kr/news/article.html?no=10078422
293,"한불모터스 ""8월 푸조 508 악티브 사면 3년치 주유비 419만원 지원""",http://www.edaily.co.kr/news/newspath.asp?newsid=01148006606184368
294,"푸조 508 악티브, 국내 최초로 `3년 주유비 지원` 프로모션 진행",http://www.edaily.co.kr/news/newspath.asp?newsid=02355046606184040
295,푸조 내한공연 기돈크레머에 의전차량 푸조 508 제공,http://www.fnnews.com/view?ra=Sent0601m_01A&corp=fnnews&arcid=201404210100239810012049&cDateYear=2014&cDateMonth=04&cDateDay=21&
296,"푸조, 'New 푸조 508' 유로 6 모델 출시",http://www.iusm.co.kr/news/articleView.html?idxno=628795
297,"푸조 508, 마르틴 슈타트펠트 의전 차량 제공",http://www.ajunews.com/view/20131101100149637
298,"[포토] 주행 성능과 효율성, 다루는 맛이 즐거운 푸조 508 GT 라인의 EAT 6 자동 변속기",http://autoin.edaily.co.kr/news/newspath.asp?newsid=01551446612710584
299,"한불모터스, 런던 심포니 오케스트라에 푸조 508 지원",http://autotimes.hankyung.com/apps/news.sub_view?popup=0&nid=03&c1=03&c2=03&c3=00&nkey=201702171130291
300,"한불모터스, ‘푸조 508 악티브’ 구매시 3년간 주유비 419만원 지원",http://www.nspna.com/news/?mode=view&newsid=96668
301,푸조 내한공연 기돈크레머에 의전차량 푸조 508 제공,http://www.fnnews.com/view?ra=Sent0601m_01A&corp=fnnews&arcid=201404210100239810012049&cDateYear=2014&cDateMonth=04&cDateDay=21&
302,"푸조, 'New 푸조 508' 유로 6 모델 출시",http://www.iusm.co.kr/news/articleView.html?idxno=628795
303,"푸조 508, 마르틴 슈타트펠트 의전 차량 제공",http://www.ajunews.com/view/20131101100149637
304,"[포토] 주행 성능과 효율성, 다루는 맛이 즐거운 푸조 508 GT 라인의 EAT 6 자동 변속기",http://autoin.edaily.co.kr/news/newspath.asp?newsid=01551446612710584
305,"한불모터스, 런던 심포니 오케스트라에 푸조 508 지원",http://autotimes.hankyung.com/apps/news.sub_view?popup=0&nid=03&c1=03&c2=03&c3=00&nkey=201702171130291
306,"푸조, 독일 오케스트라에 푸조 508 의전차 지원",http://autotimes.hankyung.com/apps/news.sub_view?popup=0&nid=03&c1=03&c2=03&c3=00&nkey=201702101037261
307,"‘푸조508’, 최대 370만원 ‘가격 인하’",http://www.mydaily.co.kr/new_yk/html/read.php?newsid=201303191025344438&ext=na
308,푸조 508 악티브 어반 트림 출시,http://sports.donga.com/3/all/20160505/77955905/3
309,"""푸조 508 사면 2년치 주유권 준다""",http://www.inews24.com/php/news_view.php?g_serial=720228&g_menu=022200&rrf=nv
310,"""푸조 508 사면 2년치 주유권 준다""",http://www.inews24.com/php/news_view.php?g_serial=720228&g_menu=022200&rrf=nv
311,"푸조 508 악티브 구매 고객, 2년치 주유권 지급",http://www.greenpostkorea.co.kr/news/articleView.html?idxno=23398
312,"한불모터스, 러시아 피아니스트에 ‘푸조 508’ 지원",http://www.ebn.co.kr/news/view/681206
313,"[시승]볼때마다 새로워, 푸조 508 GT라인",http://autotimes.hankyung.com/apps/news.sub_view?popup=0&nid=06&c1=06&c2=06&c3=00&nkey=202101251721001
314,바이올리니스트 ‘기돈 크레머’ 의전차량으로 ‘푸조 508’,http://www.fnnews.com/view?ra=Sent0601m_01A&corp=fnnews&arcid=201404220100239950012352&cDateYear=2014&cDateMonth=04&cDateDay=21&
315,[시승기] 푸조 508 알뤼르 타보니…520d 부럽지 않네,http://biz.chosun.com/site/data/html_dir/2012/09/09/2012090900662.html
316,"한불모터스, '파보 예르보' 의전차로 푸조 508 제공",http://autotimes.hankyung.com/apps/news.sub_view?popup=0&nid=03&c1=03&c2=03&c3=00&nkey=201412020935561
317,"한불모터스, 피아니스트 마르틴 슈타트펠트에 ‘푸조 508’ 지원",http://www.ebn.co.kr/news/n_view.html?id=639918
318,[시승기] 푸조 508 알뤼르 2.0 HDi，넓은 실내·파워가 장점,http://www.fnnews.com/view?ra=Sent0601m_01A&corp=fnnews&arcid=201203290100247600014536&cDateYear=2012&cDateMonth=04&cDateDay=01&
319,[비즈앤라이프] 우아한 푸조 508 VS 다이내믹 볼보 V60 CC,http://news.wowtv.co.kr/NewsCenter/News/Read?articleId=A202101180092&t=NNv
320,[시승기] 푸조 508 알뤼르 2.0 HDi，넓은 실내·파워가 장점,http://www.fnnews.com/view?ra=Sent0601m_01A&corp=fnnews&arcid=201203290100247600014536&cDateYear=2012&cDateMonth=04&cDateDay=01&
321,[비즈앤라이프] 우아한 푸조 508 VS 다이내믹 볼보 V60 CC,http://news.wowtv.co.kr/NewsCenter/News/Read?articleId=A202101180092&t=NNv
322,"[시승기] 트레 트레 봉( trs trs bon), 푸조 508 악티브",http://www.cbs.co.kr/nocut/Show.asp?IDX=1919313
323,"푸조, 프랑크푸르트서 디젤 하이브리드 '508 RXH' 첫 선",http://www.hankyung.com/news/app/newsview.php?aid=201109089676g
324,"푸조 508 e-HDi, 친환경 차량으로 호평 이어져",http://www.betanews.net/article/547755
325,'푸조 508' 가격인하…최대 370만원↓,http://www.inews24.com/php/news_view.php?g_serial=731581&g_menu=022200&rrf=nv
326,"[포토] 푸조 508, ""과거의 푸조는 잊어라""",http://www.segye.com/Articles/NEWS/ECONOMY/Article.asp?aid=20110525003599&subctg1=&subctg2=
327,[포토]亞 지역 최초 출시 '푸조 508 SW',http://www.inews24.com/php/news_view.php?g_serial=576504&g_menu=022200&rrf=nv
328,'푸조 508' 부분변경·왜건형 모델 국내 출시,http://www.greenpostkorea.co.kr/news/articleView.html?idxno=41842
329,한불모터스 푸조 508 악티브 구매고객에게 2년치 주유권 지급,http://www.dt.co.kr/contents.html?article_no=2013012702019932718005
330,[포토]亞 지역 최초 출시 '푸조 508 SW',http://www.inews24.com/php/news_view.php?g_serial=576504&g_menu=022200&rrf=nv
331,'푸조 508' 부분변경·왜건형 모델 국내 출시,http://www.greenpostkorea.co.kr/news/articleView.html?idxno=41842
332,한불모터스 푸조 508 악티브 구매고객에게 2년치 주유권 지급,http://www.dt.co.kr/contents.html?article_no=2013012702019932718005
333,"푸조, 피아니스트 김선욱에 'New 푸조 508' 의전 제공",http://www.g-enews.com/ko-kr/news/article/news_all/201508271537231340312_1/article.html
334,[포토] 부드러움과 뛰어난 사용성이 돋보이는 푸조 508 GT 라인의 센터페시아,http://autoin.edaily.co.kr/news/newspath.asp?newsid=01508806612710584
335,[fn단신] 푸조 508 무이자 할부 판매,http://www.fnnews.com/view?ra=Sent0601m_01A&corp=fnnews&arcid=201210040100021320001323&cDateYear=2012&cDateMonth=10&cDateDay=04&
336,푸조 508 롱텀 시승기(7) - 레이싱모델 정주희와 함께 한 푸조 508 시승기,http://autoin.edaily.co.kr/news/newspath.asp?newsid=01485846612681392
337,"푸조 508, 무이자 할부 프로모션",http://www.fnnews.com/view?ra=Sent0601m_01A&corp=fnnews&arcid=201208270100212840012698&cDateYear=2012&cDateMonth=08&cDateDay=27&
338,"푸조, ‘미하엘 잔데를링’에 푸조 508 지원",http://car.donga.com/3/all/20150626/72127201/1
339,"푸조 508, 포르투갈 ‘올해의 차’ 선정",http://www.ajnews.co.kr/common/redirect.jsp?newsId=20120323000417
340,"푸조 508, 포르투갈 ‘올해의 차’ 선정",http://www.ajnews.co.kr/common/redirect.jsp?newsId=20120323000417
341,푸조 508 무상보증 연장···'4년 10만km',http://www.hankyung.com/news/app/newsview.php?aid=201109221394g
342,푸조 플래그십 모델 New 푸조 508 출시,http://news1.kr/photos/view/?1105652
343,"푸조, 360마력 508 PSE 가격 공개..“고성능 이미지 다진다!”",http://www.dailycar.co.kr/content/news.html?type=view&autoId=38416
344,"[시승기] 뉴 푸조 508 SW '주행은 세단 이상, 용도는 SUV 뺨치네'",http://www.gpkorea.com/news/articleView.html?idxno=71078
345,한불모터스 “月 30만원대에 푸조 508 타세요”,http://www.ajunews.com/common/redirect.jsp?newsId=20120904000562
346,푸조 508 파격 프로모션…골프장 2년 회원권에 1년치 주유비 지원,http://www.etnews.com/20150629000162
347,"푸조 508, 영국서 ‘가장 친환경적인 차량’ 선정",http://www.newspim.com/common/redirect.jsp?newsId=20110824000185
348,"한불모터스, 내한 피아니스트 슈타트펠트에 '푸조 508' 후원",http://www.edaily.co.kr/news/newspath.asp?newsid=02555126603001456
349,‘푸조 508 Active’ 구매 고객에게 2년치 주유권 쏜다,http://sports.donga.com/3/all/20130128/52652556/3
350,"한불모터스, 내한 피아니스트 슈타트펠트에 '푸조 508' 후원",http://www.edaily.co.kr/news/newspath.asp?newsid=02555126603001456
351,‘푸조 508 Active’ 구매 고객에게 2년치 주유권 쏜다,http://sports.donga.com/3/all/20130128/52652556/3
352,[포토] 단아한 이미지를 선사하는 푸조 508 GT 라인,http://autoin.edaily.co.kr/news/newspath.asp?newsid=01535046612710584
353,[포토] 넓은 공간을 활용할 수 있는 푸조 508 GT 라인,http://autoin.edaily.co.kr/news/newspath.asp?newsid=01541606612710584
354,"한불모터스, 510만원 가격 낮춘 푸조 508 출시",http://autotimes.hankyung.com/apps/news.sub_view?popup=0&nid=02&c1=02&c2=02&c3=00&nkey=201605041035121
355,[시승기] 푸조 508,http://news20.busan.com/news/newsController.jsp?newsId=20120514000049
356,"푸조 508·3008, 무상 보증 6년·16만km로 연장",http://www.nocutnews.co.kr/Show.asp?IDX=2076840
357,"푸조 508 e-HDi, 영국서 친환경차 선정",http://www.autotimes.co.kr/article_view.php?id=127434
358,국산차 가격에 수입 세단을? 푸조 네이버 스마트스토어 입점 508 특판가 판매,http://www.busan.com/view/busan/view.php?code=2020111218143914561
359,"푸조, 가을 맞이 '푸조 508 어텀 드라이브' 전국 시승행사 진행",http://www.wolyo.co.kr/news/articleView.html?idxno=111516
360,"푸조, 車 브랜드 최초 네이버 스마트스토어 입점…`508` 20% 할인",http://news.mk.co.kr/newsRead.php?no=1166942&year=2020
361,"푸조, 가을 맞이 '푸조 508 어텀 드라이브' 전국 시승행사 진행",http://www.wolyo.co.kr/news/articleView.html?idxno=111516
362,푸조 508 전국 시승행사 개최…이번달 21일까지,http://www.mediapen.com/news/view/571072
363,"""누가 차를 매장에서 사니"" 푸조 508, 네이버 온라인 판매시대",http://www.gpkorea.com/news/articleView.html?idxno=69034
364,"푸조, 가을 맞이 전국 시승 행사 '508 어텀 드라이브' 개최",http://www.autodaily.co.kr/news/articleView.html?idxno=423319
365,"한불모터스, '율리아 피셔'에 푸조 508 의전차 지원",http://autotimes.hankyung.com/apps/news.sub_view?popup=0&nid=03&c1=03&c2=03&c3=00&nkey=201610200938331
366,3천만원대 플래그십 세단 ‘2020 푸조 508 알뤼르’ 몰아봤습니다 [손재철의 시승기],http://sports.khan.co.kr/news/sk_index.html?art_id=202010281630003&sec_id=563002&pt=nv
367,[포토] 붉은 스티치를 더해 스포티한 감각을 살린 푸조 508 GT 라인,http://autoin.edaily.co.kr/news/newspath.asp?newsid=01505526612710584
368,[포토] 간결한 구성과 우수한 시인성이 돋보이는 푸조 508 GT 라인의 계기판,http://autoin.edaily.co.kr/news/newspath.asp?newsid=01515366612710584
369,"푸조, 네이버 쇼핑몰서도 판매… '508 알뤼르' 1000만원 할인",http://www.segye.com/content/html/2020/11/13/20201113508709.html?OutUrl=naver
370,"푸조, 가을맞이 전국 시승행사 `508 어텀 드라이브` 진행",http://news.mk.co.kr/newsRead.php?no=1109839&year=2020
371,"한불모터스, '율리아 피셔'에 푸조 508 의전차 지원",http://autotimes.hankyung.com/apps/news.sub_view?popup=0&nid=03&c1=03&c2=03&c3=00&nkey=201610200938331
372,3천만원대 플래그십 세단 ‘2020 푸조 508 알뤼르’ 몰아봤습니다 [손재철의 시승기],http://sports.khan.co.kr/news/sk_index.html?art_id=202010281630003&sec_id=563002&pt=nv
373,"푸조, 車브랜드 최초 네이버 스마트스토어 입점. '508 2.0 알뤼르' 약 1천만원 할인",http://www.autodaily.co.kr/news/articleView.html?idxno=423701
374,[포토] 붉은 스티치를 더해 스포티한 감각을 살린 푸조 508 GT 라인,http://autoin.edaily.co.kr/news/newspath.asp?newsid=01505526612710584
375,[포토] 간결한 구성과 우수한 시인성이 돋보이는 푸조 508 GT 라인의 계기판,http://autoin.edaily.co.kr/news/newspath.asp?newsid=01515366612710584
376,"[Bestselling Car]온라인 판매 확대하는 푸조···508 알뤼르 트림 3,488만원",https://www.sedaily.com/NewsView/1ZAGWEKYDO
377,"푸조, 네이버 쇼핑몰서도 판매… '508 알뤼르' 1000만원 할인",http://www.segye.com/content/html/2020/11/13/20201113508709.html?OutUrl=naver
378,"푸조, 고성능 플러그인 하이브리드 ‘푸조 508 PSE’ 세계 최초 공개",https://sports.donga.com/article/all/20200927/103159019/1
379,360마력 PHEV ‘푸조 508 PSE’ 공개…출시는 언제?,http://news.heraldcorp.com/view.php?ud=20200925000794
380,"푸조, 네이버 스마트스토어서 '508 2.0 알뤼르' 최대 1000만원 할인",http://www.newscj.com/news/articleView.html?idxno=798803
381,[포토] 붉은 스티치를 더해 스포티한 감각을 살린 푸조 508 GT 라인,http://autoin.edaily.co.kr/news/newspath.asp?newsid=01505526612710584
382,[포토] 간결한 구성과 우수한 시인성이 돋보이는 푸조 508 GT 라인의 계기판,http://autoin.edaily.co.kr/news/newspath.asp?newsid=01515366612710584
383,"푸조, 가을맞이 '508' 전국 시승행사 개최",http://www.inews24.com/view/1311829
384,"[Bestselling Car]온라인 판매 확대하는 푸조···508 알뤼르 트림 3,488만원",https://www.sedaily.com/NewsView/1ZAGWEKYDO
385,"푸조, 네이버 쇼핑몰서도 판매… '508 알뤼르' 1000만원 할인",http://www.segye.com/content/html/2020/11/13/20201113508709.html?OutUrl=naver
386,"푸조, 고성능 플러그인 하이브리드 ‘푸조 508 PSE’ 세계 최초 공개",https://sports.donga.com/article/all/20200927/103159019/1
387,360마력 PHEV ‘푸조 508 PSE’ 공개…출시는 언제?,http://news.heraldcorp.com/view.php?ud=20200925000794
388,"푸조, 고성능 PHEV '508 PSE' 세계 최초 공개. 韓 투입 미정. 가솔린부터 출시",http://www.autodaily.co.kr/news/articleView.html?idxno=422528
389,중형 왜건 시장 볼보의 이유있는 '질주',http://www.sisajournal-e.com/news/articleView.html?idxno=254322
390,"푸조, ‘508 2.0 알뤼르’ 네이버 단독 특가 판매…1000만원 할인",https://www.dnews.co.kr/uhtml/view.jsp?idxno=202011131741339400189
391,"푸조, 고성능 플러그인 하이브리드 ‘푸조 508 PSE’ 세계 최초 공개",https://sports.donga.com/article/all/20200927/103159019/1
392,360마력 PHEV ‘푸조 508 PSE’ 공개…출시는 언제?,http://news.heraldcorp.com/view.php?ud=20200925000794
393,"푸조, 고성능 PHEV '508 PSE' 세계 최초 공개. 韓 투입 미정. 가솔린부터 출시",http://www.autodaily.co.kr/news/articleView.html?idxno=422528
394,중형 왜건 시장 볼보의 이유있는 '질주',http://www.sisajournal-e.com/news/articleView.html?idxno=254322
395,"푸조, 가을 맞이 '푸조 508 어텀 드라이브' 전국 시승행사 진행",http://www.enewstoday.co.kr/news/articleView.html?idxno=1423951
396,[시승기-푸조 508GT Line] 더욱 날렵해진 외관…급가속·급출발에도 연비왕 면모까지,http://www.kookje.co.kr/news2011/asp/newsbody.asp?code=0200&key=20200219.22016006315
397,푸조의 스포츠 세단 진입은 성공할까? 400마력 508 PSE 도전장!,http://www.dailycar.co.kr/content/news.html?type=view&autoId=37347
398,"[카 라이프] 푸조 508 SW, 팔방미인 변신한 푸조의 간판 …`차박`까지 넉넉",http://news.mk.co.kr/newsRead.php?no=846185&year=2020
399,"푸조 ‘508 2.0 알뤼르 트림’, 네이버 스마트스토어서 1천만원 할인",http://sports.khan.co.kr/news/sk_index.html?art_id=202011161422003&sec_id=563002&pt=nv
400,"푸조, 360마력 사륜구동 PHEV `508 PSE` 최초 공개",http://news.mk.co.kr/newsRead.php?no=992372&year=2020
401,중형 왜건 시장 볼보의 이유있는 '질주',http://www.sisajournal-e.com/news/articleView.html?idxno=254322
402,"푸조, 가을 맞이 '푸조 508 어텀 드라이브' 전국 시승행사 진행",http://www.enewstoday.co.kr/news/articleView.html?idxno=1423951
403,[시승기-푸조 508GT Line] 더욱 날렵해진 외관…급가속·급출발에도 연비왕 면모까지,http://www.kookje.co.kr/news2011/asp/newsbody.asp?code=0200&key=20200219.22016006315
404,푸조의 스포츠 세단 진입은 성공할까? 400마력 508 PSE 도전장!,http://www.dailycar.co.kr/content/news.html?type=view&autoId=37347
405,"[카 라이프] 푸조 508 SW, 팔방미인 변신한 푸조의 간판 …`차박`까지 넉넉",http://news.mk.co.kr/newsRead.php?no=846185&year=2020
406,"푸조 ‘508 2.0 알뤼르 트림’, 네이버 스마트스토어서 1천만원 할인",http://sports.khan.co.kr/news/sk_index.html?art_id=202011161422003&sec_id=563002&pt=nv
407,"한불모터스, 네이버 스마트스토어 입점…""푸조 508, 1000만원 단독 할인""",http://www.etnews.com/20201115000049
408,508 타고 여름 휴가…푸조 '썸머 드라이브 캠페인',https://view.asiae.co.kr/article/2020070910273034789
409,"푸조, ‘2020 캠핑 & 피크닉 페어’에 ‘3008 SUV’와 ‘508 SW’ 전시",http://www.rpm9.com/news/article.html?id=20200705090001
410,푸조의 스포츠 세단 진입은 성공할까? 400마력 508 PSE 도전장!,http://www.dailycar.co.kr/content/news.html?type=view&autoId=37347
411,"[카 라이프] 푸조 508 SW, 팔방미인 변신한 푸조의 간판 …`차박`까지 넉넉",http://news.mk.co.kr/newsRead.php?no=846185&year=2020
412,"푸조 ‘508 2.0 알뤼르 트림’, 네이버 스마트스토어서 1천만원 할인",http://sports.khan.co.kr/news/sk_index.html?art_id=202011161422003&sec_id=563002&pt=nv
413,"한불모터스, 네이버 스마트스토어 입점…""푸조 508, 1000만원 단독 할인""",http://www.etnews.com/20201115000049
414,508 타고 여름 휴가…푸조 '썸머 드라이브 캠페인',https://view.asiae.co.kr/article/2020070910273034789
415,"푸조, ‘2020 캠핑 & 피크닉 페어’에 ‘3008 SUV’와 ‘508 SW’ 전시",http://www.rpm9.com/news/article.html?id=20200705090001
416,"푸조, 캠핑 페어에 ‘푸조 3008 SUV’와 ‘508 SW’ 전시",http://www.thedrive.co.kr/news/newsview.php?ncode=1065601562629397
417,몬데오·푸조508·벤츠 A220·스팅어 등 4725대 리콜 조치,https://zdnet.co.kr/view/?no=20200730081507
418,"푸조, 508라인업 대상 '윈터 드라이브 캠페인' 전국 시승행사 진행",http://www.metroseoul.co.kr/article/20211115500215
419,"푸조, 창립 210주년 행사서 고성능 PHEV모델 '푸조 508PSE' 공개",http://www.metroseoul.co.kr/article/20200925500198
420,"푸조, 캠핑 페어에 ‘푸조 3008 SUV’와 ‘508 SW’ 전시",http://www.thedrive.co.kr/news/newsview.php?ncode=1065601562629397
421,몬데오·푸조508·벤츠 A220·스팅어 등 4725대 리콜 조치,https://zdnet.co.kr/view/?no=20200730081507
422,"푸조, 508라인업 대상 '윈터 드라이브 캠페인' 전국 시승행사 진행",http://www.metroseoul.co.kr/article/20211115500215
423,"푸조, 창립 210주년 행사서 고성능 PHEV모델 '푸조 508PSE' 공개",http://www.metroseoul.co.kr/article/20200925500198
424,"[시승기] 말도 안 되지만 놀라운 주행감, 푸조 508 GT",http://www.iminju.net/news/articleView.html?idxno=53380
425,[시승기] 개그우먼 장슬기도 반한 '푸조 e-2008 GT'(2부),http://www.pinpointnews.co.kr/view.php?ud=2021082210090957170d88486204_45
426,"푸조, 봄맞이 '리푸레쉬 캠페인' 실시...508·3008 SUV 등 3박 4일 시승권 제공",http://www.autodaily.co.kr/news/articleView.html?idxno=419050
427,"'프랑스 사자' 푸조의 포효, '3008-508-2008' 인기가속의 비결은?",http://www.gpkorea.com/news/articleView.html?idxno=63274
428,"[시승기] 푸조 e-2008 GT ""개그우먼 장슬기가 찌릿한 이유""(1부)",http://www.pinpointnews.co.kr/view.php?ud=2021081813072925400d88486204_45
429,"푸조 508, 결정적 구매 이유는 ‘디자인’",http://www.thedrive.co.kr/news/newsview.php?ncode=1065574143515698
430,"푸조, 봄맞이 '리푸레쉬 캠페인' 실시...508·3008 SUV 등 3박 4일 시승권 제공",http://www.autodaily.co.kr/news/articleView.html?idxno=419050
431,"'프랑스 사자' 푸조의 포효, '3008-508-2008' 인기가속의 비결은?",http://www.gpkorea.com/news/articleView.html?idxno=63274
432,"[시승기] 푸조 e-2008 GT ""개그우먼 장슬기가 찌릿한 이유""(1부)",http://www.pinpointnews.co.kr/view.php?ud=2021081813072925400d88486204_45
433,"푸조 508, 결정적 구매 이유는 ‘디자인’",http://www.thedrive.co.kr/news/newsview.php?ncode=1065574143515698
434,"포드Mondeo 핸들작동 불량, 푸조508 시동꺼짐, 벤츠A220 전기부품 합선 우려 등 결함",http://www.startuptoday.co.kr/news/articleView.html?idxno=49224
435,"푸조, 고성능 버전 508 PSE 출시 계획..400마력 파워",http://www.dailycar.co.kr/content/news.html?type=view&autoId=36162
436,"""5년간 770만원 지원하는데..."" 푸조, 508 살리기 '집중'",http://www.ebn.co.kr/news/view/1023896/?sc=naver
437,"푸조, 508 구매 고객에게 ‘주유비 5년 지원’",http://www.mhj21.com/127823
438,"푸조, 508 출시 1주년 맞아 시승행사 실시",http://www.edaily.co.kr/news/newspath.asp?newsid=02971686625669864
439,"푸조, 508 출시 1주년 이벤트 연다",https://www.motortrendkorea.com/sub/view.html?no=4522&cate1Name=NEWS
440,"포드Mondeo 핸들작동 불량, 푸조508 시동꺼짐, 벤츠A220 전기부품 합선 우려 등 결함",http://www.startuptoday.co.kr/news/articleView.html?idxno=49224
441,"푸조, 고성능 버전 508 PSE 출시 계획..400마력 파워",http://www.dailycar.co.kr/content/news.html?type=view&autoId=36162
442,"""5년간 770만원 지원하는데..."" 푸조, 508 살리기 '집중'",http://www.ebn.co.kr/news/view/1023896/?sc=naver
443,"푸조, 508 구매 고객에게 ‘주유비 5년 지원’",http://www.mhj21.com/127823
444,"푸조, 508 출시 1주년 맞아 시승행사 실시",http://www.edaily.co.kr/news/newspath.asp?newsid=02971686625669864
445,"푸조, 508 출시 1주년 이벤트 연다",https://www.motortrendkorea.com/sub/view.html?no=4522&cate1Name=NEWS
446,"푸조, 508 출시 1주년 기념 ‘프렌치 드라이빙 데이’ 실시",http://www.mhj21.com/127456
447,"[제네바모터쇼] 푸조 508의 '그랜저 버전', DS 9 세단",http://www.digitaltoday.co.kr/news/articleView.html?idxno=223868
448,"푸조, 508 구매땐 5년간 주유비 지원..FCA, 주행 6만km 넘으면 부품 할인",https://www.sedaily.com/NewsView/1YZ193BXPC
449,"푸조 508, 구매 고객 64% 결정적 요소는 '디자인'",http://digitalchosun.dizzo.com/site/data/html_dir/2020/04/01/2020040180331.html
450,푸조 플래그십 ‘508’ 사면 5년 주유비 무상 지원,http://bizn.donga.com/car/3/0111/20200221/99807371/1
451,"푸조, 508 출시 1주년 맞아 시승행사 실시",http://www.edaily.co.kr/news/newspath.asp?newsid=02971686625669864
452,"푸조, 508 출시 1주년 이벤트 연다",https://www.motortrendkorea.com/sub/view.html?no=4522&cate1Name=NEWS
453,"푸조, 508 출시 1주년 기념 ‘프렌치 드라이빙 데이’ 실시",http://www.mhj21.com/127456
454,"[제네바모터쇼] 푸조 508의 '그랜저 버전', DS 9 세단",http://www.digitaltoday.co.kr/news/articleView.html?idxno=223868
455,"푸조, 508 구매땐 5년간 주유비 지원..FCA, 주행 6만km 넘으면 부품 할인",https://www.sedaily.com/NewsView/1YZ193BXPC
456,"푸조 508, 구매 고객 64% 결정적 요소는 '디자인'",http://digitalchosun.dizzo.com/site/data/html_dir/2020/04/01/2020040180331.html
457,"[시승기] 매력적인 프렌치 올라운더, 푸조 508 SW",http://www.hankookilbo.com/news/npath/202001020244047428?did=NA
458,"푸조, '2021 롤랑 가로스' 테니스 대회에 전동화 모델 후원... 친환경적 대회 운영 지원",http://kr.aving.net/news/view.php?articleId=1605907&Branch_ID=kr&rssid=naver&mn_name=news
459,"푸조, 내한 예술가들에 푸조 508 및 5008 의전 차량 지원",http://www.segyebiz.com/newsView/20200128503447?OutUrl=naver
460,"푸조, 508 출시 1주년 기념 `프렌치 드라이빙 데이` 연다",http://www.edaily.co.kr/news/newspath.asp?newsid=02315686625669208
461,"[제네바모터쇼] 푸조 508의 '그랜저 버전', DS 9 세단",http://www.digitaltoday.co.kr/news/articleView.html?idxno=223868
462,"푸조, 508 구매땐 5년간 주유비 지원..FCA, 주행 6만km 넘으면 부품 할인",https://www.sedaily.com/NewsView/1YZ193BXPC
463,"푸조 508, 구매 고객 64% 결정적 요소는 '디자인'",http://digitalchosun.dizzo.com/site/data/html_dir/2020/04/01/2020040180331.html
464,"[시승기] 매력적인 프렌치 올라운더, 푸조 508 SW",http://www.hankookilbo.com/news/npath/202001020244047428?did=NA
465,"푸조, '2021 롤랑 가로스' 테니스 대회에 전동화 모델 후원... 친환경적 대회 운영 지원",http://kr.aving.net/news/view.php?articleId=1605907&Branch_ID=kr&rssid=naver&mn_name=news
466,"푸조, 내한 예술가들에 푸조 508 및 5008 의전 차량 지원",http://www.segyebiz.com/newsView/20200128503447?OutUrl=naver
467,"푸조, 세계적인 아티스트에 푸조 508·5008 의전 차량 지원",http://www.mhj21.com/126896
468,[리뷰] 적재 공간의 매력으로 경쟁력을 높인 프렌치 아이콘…푸조 308 SW,https://hankookilbo.com/News/Read/A2021071408100002937?did=NA
469,"[시승기] 달라진 얼굴, 여전히 매력적인 드라이빙…푸조 3008 GT",https://hankookilbo.com/News/Read/A2021071408010005475?did=NA
470,푸조 508 출시 1주년 기념 전국 시승 행사,http://www.ebn.co.kr/news/view/1021279/?sc=naver
471,"[제네바모터쇼] 푸조 508의 '그랜저 버전', DS 9 세단",http://www.digitaltoday.co.kr/news/articleView.html?idxno=223868
472,"푸조, 508 구매땐 5년간 주유비 지원..FCA, 주행 6만km 넘으면 부품 할인",https://www.sedaily.com/NewsView/1YZ193BXPC
473,"푸조 508, 구매 고객 64% 결정적 요소는 '디자인'",http://digitalchosun.dizzo.com/site/data/html_dir/2020/04/01/2020040180331.html
474,"[시승기] 매력적인 프렌치 올라운더, 푸조 508 SW",http://www.hankookilbo.com/news/npath/202001020244047428?did=NA
475,"푸조, '2021 롤랑 가로스' 테니스 대회에 전동화 모델 후원... 친환경적 대회 운영 지원",http://kr.aving.net/news/view.php?articleId=1605907&Branch_ID=kr&rssid=naver&mn_name=news
476,"푸조, 내한 예술가들에 푸조 508 및 5008 의전 차량 지원",http://www.segyebiz.com/newsView/20200128503447?OutUrl=naver
477,"푸조, 세계적인 아티스트에 푸조 508·5008 의전 차량 지원",http://www.mhj21.com/126896
478,[리뷰] 적재 공간의 매력으로 경쟁력을 높인 프렌치 아이콘…푸조 308 SW,https://hankookilbo.com/News/Read/A2021071408100002937?did=NA
479,"[시승기] 달라진 얼굴, 여전히 매력적인 드라이빙…푸조 3008 GT",https://hankookilbo.com/News/Read/A2021071408010005475?did=NA
480,"푸조, 508 출시 1주년 기념 '프렌치 드라이빙 데이' 개최",http://www.seoulfn.com/news/articleView.html?idxno=371452
481,"[시승기] 매력적인 프렌치 올라운더, 푸조 508 SW",http://www.hankookilbo.com/news/npath/202001020244047428?did=NA
482,"푸조, '2021 롤랑 가로스' 테니스 대회에 전동화 모델 후원... 친환경적 대회 운영 지원",http://kr.aving.net/news/view.php?articleId=1605907&Branch_ID=kr&rssid=naver&mn_name=news
483,"푸조, 내한 예술가들에 푸조 508 및 5008 의전 차량 지원",http://www.segyebiz.com/newsView/20200128503447?OutUrl=naver
484,"푸조, 세계적인 아티스트에 푸조 508·5008 의전 차량 지원",http://www.mhj21.com/126896
485,[리뷰] 적재 공간의 매력으로 경쟁력을 높인 프렌치 아이콘…푸조 308 SW,https://hankookilbo.com/News/Read/A2021071408100002937?did=NA
486,"[시승기] 달라진 얼굴, 여전히 매력적인 드라이빙…푸조 3008 GT",https://hankookilbo.com/News/Read/A2021071408010005475?did=NA
487,"(뉴스리듬)'세련된 프랑스 감성' 푸조 508, 아쉬운건 마케팅",http://www.newstomato.com/ReadNews.aspx?no=934793
488,2022 FIA WEC 르망 하이퍼카 클래스 출전 '뉴 푸조 9X8' 공개,http://www.sportsseoul.com/news/read/1051918?ref=naver
489,"푸조, ‘뉴 푸조 9X8’ 공개...2022 FIA WEC 출전",http://www.electimes.com/article.php?aid=1625817597220069094
490,"푸조, ‘2021 롤랑 가로스 프랑스 오픈’에 전동화 라인업 후원",https://www.dnews.co.kr/uhtml/view.jsp?idxno=202106031536168320640
491,"(뉴스리듬)'세련된 프랑스 감성' 푸조 508, 아쉬운건 마케팅",http://www.newstomato.com/ReadNews.aspx?no=934793
492,"한불모터스, 푸조 508 출시 1주년 기념 시승행사 마련",http://autotimes.hankyung.com/apps/news.sub_view?popup=0&nid=03&c1=03&c2=03&c3=00&nkey=202002101038401
493,2022 FIA WEC 르망 하이퍼카 클래스 출전 '뉴 푸조 9X8' 공개,http://www.sportsseoul.com/news/read/1051918?ref=naver
494,"푸조, ‘뉴 푸조 9X8’ 공개...2022 FIA WEC 출전",http://www.electimes.com/article.php?aid=1625817597220069094
495,"""날렵한 경주차의 탄생""…푸조, '9X8' 하이퍼카 세계 첫 공개",http://www.newsis.com/view/?id=NISX20210707_0001504050&cID=13001&pID=13000
496,[시승기] 블로거 ‘셔터의달인’이 만난 '푸조 508' 2.0 블루HDi,http://www.hankookilbo.com/news/npath/201911020925787287?did=NA
497,"푸조, 2022 FIA WEC 르망 하이퍼카 클래스 출전할 ''뉴 푸조 9X8'' 세계 첫 공개",http://kr.aving.net/news/view.php?articleId=1613533&Branch_ID=kr&rssid=naver&mn_name=news
498,"‘뉴 푸조 508’, 독일차 빰치게 주행성능 강력",http://www.sportsworldi.com/content/html/2019/10/30/20191030512102.html
499,"푸조, 업계 최초 푸조 508 구매 고객에 5년 주유비 지원",http://www.seoulwire.com/news/articleView.html?idxno=272058
