,title,url
0,세계 여성기자들 왜 '푸조 208·2008 SUV' 선택했나,http://www.gpkorea.com/news/articleView.html?idxno=71950
1,[시승기] 푸조 전기차 e-208 '앙증맞은 랠리카' 소음진동 몰라요~,http://www.gpkorea.com/news/articleView.html?idxno=76470
2,"[제네바모터쇼] 국내 출시 앞둔 푸조 208 전기차, '올해의 차' 영예",http://www.digitaltoday.co.kr/news/articleView.html?idxno=224558
3,[정찬수의 시승기 - 푸조‘e-208] 젊은 감각의 세련미·완성도… 기대 이상의 승차감 ‘굿’,http://news.heraldcorp.com/view.php?ud=20210608000576
4,"푸조, 엔트리 SUV '1008' 렌더링 등장...""국민 SUV 노린다""",http://www.gpkorea.com/news/articleView.html?idxno=83306
5,여성 기자들도 반한 지프·푸조...WWCOTY 6개 부문 중 2개 賞 석권,http://www.pinpointnews.co.kr/view.php?ud=2022021709414577519cdfed7945_45
6,[시승기] 푸조 첫 전기차 'e-208 GT라인' 사자심장 품고 포효,http://www.g-enews.com/ko-kr/news/article/news_all/2021012515275343950d88486204_1/article.html
7,[리얼시승기] 푸조가 한국에 선보인 첫 전기차 'e208 GT라인',http://www.g-enews.com/ko-kr/news/article/news_all/2021011017423488640d88486204_1/article.html
8,"[리뷰] 전기의 힘으로 달리는 아기 사자, 푸조 e-208",https://hankookilbo.com/News/Read/A2020110710520002084?did=NA
9,"[시승기] 전기의 힘으로 달리는 푸조의 컴팩트 해치백, ‘푸조 e-208 GT Line’",https://hankookilbo.com/News/Read/A2020092313250002884?did=NA
10,[맞수열전②]경이로운 연비의 해치백...푸조 208 vs. 시트로엥 DS3,http://news1.kr/articles/?2841376
11,[수입 소형 해치백 비교] '시트로앵 DS3' VS '2017 푸조208',http://www.breaknews.com/sub_read.html?uid=463893§ion=sc3
12,"푸조, 콤트 해치백 'New 푸조 208'...1리터로16.7 km/l",http://www.osen.co.kr/article/G1110495026
13,"푸조, New 푸조 208 출시",http://www.kukinews.com/news/article.html?no=394361
14,"푸조, 콤팩트 해치백 ‘New 푸조 208’ 출시",http://www.newsway.co.kr/view.php?tp=1&ud=2016090914300388639
15,"한불모터스, 푸조 208 부분 변경 모델 출시 준비 중, 올해 말 판매 예정",http://www.kbench.com/?q=node/166123
16,[훈 기자의 시승車] 제리와 같은 푸조 208 GT Line,http://www.kukinews.com/news/article.html?no=424228
17,"[신차드라이브] 푸조 e-208, 높은 연료효율에 발진 가속력까지",http://www.etnews.com/20201015000115
18,[사진] 2019 제네바모터쇼서 공개된 '푸조 208 GT',http://www.newspim.com/news/view/20190306000746
19,"[시승기]프랑스 라이온킹, 작고 귀여운 외모…아반떼AD 잡을 무서운 연비왕 '푸조208'",http://www.mediapen.com/news/view/134900
20,푸조 208 국내 연비왕,http://www.kookje.co.kr/news2011/asp/newsbody.asp?code=0200&key=20150710.22018184528
21,국내에 시판되는 차량 중 연비王…'푸조 208',http://app.yonhapnews.co.kr/YNA/Basic/SNS/r.aspx?c=AKR20150703156100003&did=1195m
22,푸조 208 1.4 구매 고객에 1년 주유비 지원,http://sports.hankooki.com/lpage/economy/201506/sp20150605120622136990.htm
23,"푸조, 푸조 208 구매 고객 대상 6월 특별 프로모션 실시",http://www.kbench.com/?q=node/151313
24,"유럽서 테슬라 제친 푸조 e-208, 국내에서도 통할까",http://autotimes.hankyung.com/apps/news.sub_view?popup=0&nid=09&c1=09&c2=09&c3=00&nkey=202007211629531
25,"[카좋다 42회] 경차와 소형차 사이, 피아트 500 vs 푸조 208 비교시승 ""귀여워도 너~무 귀여워요“",http://www.ytnradio.kr/program/?f=2&id=34446&s_mcd=0321&s_hcd=01
26,"국내 판매 연비 좋은차 순위는?...푸조 208, 프리우스, DS3, BMW320d, 미니 쿠퍼 D 등 순",http://www.kookje.co.kr/news2011/asp/newsbody.asp?code=0200&key=20150707.99002003108
27,‘푸조 208’ 연비왕 뽑는다…전국 17개 전시장서 ‘에코 연비 마라톤’,http://sports.khan.co.kr/news/sk_index.html?cat=view&art_id=201404072119226&sec_id=563002&pt=nv
28,"푸조 208 에코, 옵션 덜어내고 QM3 가격에 출시",http://www.dailian.co.kr/news/view/428863/?sc=naver
29,"[시승기] 푸조 208, ""연비대장 납시오""",http://www.weeklytoday.com/news/articleView.html?idxno=12912
30,아마추어 퍼팅 달인 우승상금으로 '푸조 208' 해치백,http://www.sportsworldi.com/Articles/LeisureLife/Article.asp?aid=20131022023829&OutUrl=naver
31,"푸조 208, 스타일과 실용성 다 잡았다",http://sports.chosun.com/news/ntype.htm?id=201305280100229680018706&servicedate=20130528
32,[포토] 푸조 208 GT Line의 효율성을 강조하는 MCP 변속기,http://autoin.edaily.co.kr/news/newspath.asp?newsid=01676086615795424
33,"[신차 드라이브] 쫀득한 핸들링, 푸조 208",http://www.etnews.com/news/home_mobile/automobile/2760132_1485.html
34,[시승기] 까칠한 매력의 푸조 208 “작다고 무시했다간…”,http://www.ebn.co.kr/news/n_view.html?id=599983
35,프랑스에서 온 팔방미인 ‘푸조 208’ [MD시승기],http://www.mydaily.co.kr/new_yk/html/read.php?newsid=201303071632414437&ext=na
36,"ℓ당 21.1㎞ 달리는 푸조 208 ""직접 몰아보세요""",http://www.dailian.co.kr/news/news_view.htm?id=326591&sc=naver
37,"푸조 208 ""올해부터는 내가 ‘연비왕'""",http://www.edaily.co.kr/news/newspath.asp?newsid=01925366602676080
38,"푸조 208, 스페인 2013 최고의 차에 선정",http://www.joseilbo.com/news/news_read.php?uid=166729&class=54
39,[시승기] 푸조 208，전·후면 짧아졌지만 실내 넉넉,http://www.fnnews.com/view?ra=Sent0601m_01A&corp=fnnews&arcid=201212240100223330012623&cDateYear=2012&cDateMonth=12&cDateDay=24&
40,[시승기]한 눈에 사로잡는 '프렌치 시크' 푸조208,http://www.asiae.co.kr/news/view.htm?idxno=2012122221575407478
41,"해치백 푸조208, 유럽 올해의 차 최종 후보 올라",http://www.joseilbo.com/news/news_read.php?uid=165256&class=54
42,"푸조 208, 아일랜드서 ‘2012 올해의 차’ 선정",http://www.ebn.co.kr/news/n_view.html?id=581479
43,쏘나타 값이면… 2000만원대 ‘푸조 208’ 출시,http://news.donga.com/3/all/20121114/50847685/2
44,'2000만원대 깜찍이 해치백'…푸조 208 국내 출시,http://www.dailian.co.kr/news/news_view.htm?id=314700&sc=naver
45,연비왕은 ‘푸조 208’ 1ℓ 주유하고 21.1㎞ 달려요,http://www.seoul.co.kr/news/newsView.php?id=20131105024004
46,아트광주13 특별전에 ‘특별한 푸조 208’이 공개된다,http://biz.heraldcorp.com/view.php?ud=20130905000274
47,"한불모터스, 14일 해치백 푸조 208 국내 첫선",http://www.joseilbo.com/news/news_read.php?uid=160204&class=54
48,"""프렌치 감성 통했다"" 푸조 'e-208·e-2008 SUV', 여성 고객에 어필",http://www.autodaily.co.kr/news/articleView.html?idxno=430161
49,신연비 최고의 자리를 기록한 푸조 208 1.4 e-HDi,http://www.tvreport.co.kr/?c=news&m=newsview&idx=299590
50,[이코노 브리핑] 소형 해치백 ‘푸조 208’ 국내 첫선 외,http://www.segye.com/Articles/NEWS/ECONOMY/Article.asp?aid=20121114024565&subctg1=&subctg2=&OutUrl=naver
51,푸조 208 에코 모델 출시,http://www.nocutnews.co.kr/show.asp?idx=2824029
52,"2000만원 대에 구입 가능한 수입 전기차, 푸조 e-208",http://www.digitaltoday.co.kr/news/articleView.html?idxno=242023
53,"푸조, 전기차 뉴 e-208 · e-2008 SUV 사전 계약 돌입",http://www.rpm9.com/news/article.html?id=20200702090001
54,"푸조, 순수전기차 '뉴 e-208', 'e-2008 SUV' 사전 계약 실시",http://www.fortunekorea.co.kr/news/articleView.html?idxno=12583
55,"프랑스의 감성과 기술, '푸조 208' 국내 출시",https://news.naver.com/main/read.naver?mode=LSD&mid=sec&sid1=101&oid=003&aid=0004826361
56,[포토] 시트 벨트까지 붉은 색을 더한 푸조 208 GT Line,http://autoin.edaily.co.kr/news/newspath.asp?newsid=01643286615795424
57,[포토] 실용성이 좋은 푸조 208 GT Line의 트렁크 공간,http://autoin.edaily.co.kr/news/newspath.asp?newsid=01653126615795424
58,[포토] 스포티한 감각을 살려주는 푸조 208 GT Line의 메탈 페달,http://autoin.edaily.co.kr/news/newspath.asp?newsid=01636726615795424
59,[포토] 감각적인 디자인이 돋보이는 푸조 208 GT Line의 실내 공간,http://autoin.edaily.co.kr/news/newspath.asp?newsid=01640006615795424
60,[포토] 다소 좁게 느껴지는 푸조 208 GT Line의 실내 공간,http://autoin.edaily.co.kr/news/newspath.asp?newsid=01646566615795424
61,[포토] 소형 해치백에 스타일을 더하는 푸조 208 GT Line의 알로이휠,http://autoin.edaily.co.kr/news/newspath.asp?newsid=01685926615795424
62,[포토] 소비자들을 위해 적용된 푸조 208 GT Line의 국내 내비게이션 시스템,http://autoin.edaily.co.kr/news/newspath.asp?newsid=01662966615795424
63,[포토] 경쾌한 드라이빙을 위해 적용된 푸조 208 GT Line의 패들 쉬프트,http://autoin.edaily.co.kr/news/newspath.asp?newsid=01669526615795424
64,[포토] 붉은색 하이라이트를 더한 푸조 208 GT Line의 프론트 그릴,http://autoin.edaily.co.kr/news/newspath.asp?newsid=01702326615795424
65,[포토] 푸조 208 GT Line 도어 트림에 적용된 붉은 색 하이라이트 라인,http://autoin.edaily.co.kr/news/newspath.asp?newsid=01672806615795424
66,[포토] 터치 인터페이스를 적용한 푸조 208 GT Line의 디스플레이,http://autoin.edaily.co.kr/news/newspath.asp?newsid=01656406615795424
67,"한불모터스, 상품성 높인 푸조 208 출시",http://autotimes.hankyung.com/apps/news.sub_view?popup=0&nid=02&c1=02&c2=02&c3=00&nkey=201609091046471
68,"우수AMS, 핵심부품 '디프 커버' 푸조 208 장착 위해 프랑스로 수출 개시",http://www.segye.com/content/html/2021/01/11/20210111503623.html?OutUrl=naver
69,[시승기] 개그우먼 장슬기도 반한 '푸조 e-2008 GT'(2부),http://www.pinpointnews.co.kr/view.php?ud=2021082210090957170d88486204_45
70,"[시승기] 푸조 e-2008 GT ""개그우먼 장슬기가 찌릿한 이유""(1부)",http://www.pinpointnews.co.kr/view.php?ud=2021081813072925400d88486204_45
71,"[사실은?] 8년된 푸조 208, 왜 갑자기 리콜했을까",http://moneys.mt.co.kr/news/mwView.php?no=2020082017428060316
72,친환경차 대세인데...폭스바겐·푸조·시트로엥은 디젤차 비중 70% 이상,http://www.consumernews.co.kr/news/articleView.html?idxno=632419
73,"뉴 푸조 208, 2008 SUV '2020 레드닷 디자인 어워드' 수상 쾌거",https://www.youthdaily.co.kr/news/article.html?no=33816
74,푸조가 생각하는 고성능의 미래는? 전기구동 뉴 208 GTi 출시계획,http://www.dailycar.co.kr/content/news.html?type=view&autoId=36229
75,"3분기 국내 출시될 푸조 208, ‘2020 유럽 올해의 차’ 선정",http://www.edaily.co.kr/news/newspath.asp?newsid=03217686625702336
76,‘뉴 푸조 208’ 유럽 올해의 차 선정,http://www.segye.com/content/html/2020/03/08/20200308508952.html?OutUrl=naver
77,"올해 3분기 출시 앞둔 '뉴 푸조 208', 2020 유럽 올해의 차 선정",http://kr.aving.net/news/view.php?articleId=1551547&Branch_ID=kr&rssid=naver&mn_name=news
78,"푸조 3008 인기 비결, 화려해진 얼굴윤곽 '푸야호~'",http://www.gpkorea.com/news/articleView.html?idxno=74575
79,"PSA, 신형 208 GTi는 EV로도 개발한다",http://www.hankookilbo.com/v/BA51AB2A28BAA816F72A184D1BA84E41
80,"[리뷰] 매력적인 디자인, 발전된 기능을 담아낸 '올 뉴 푸조 208'",http://www.hankookilbo.com/news/npath/201910260511347596?did=NA
81,"푸조, 소형 해치백 ‘208’ 전기차 버전..유럽서 대박난 이유는?",http://www.dailycar.co.kr/content/news.html?type=view&autoId=34788
82,"푸조, 신형 208 유럽시장서 출시..가격은 2040만원",http://www.dailycar.co.kr/content/news.html?type=view&autoId=33638
83,"[시승기] 푸조 e-208, 날카롭지만 아직은 '아기사자’",http://moneys.mt.co.kr/news/mwView.php?no=2021021414458037104
84,"푸조 소형 해치백 208, 소형 왜건으로 출시될까?",http://www.gpkorea.com/news/articleView.html?idxno=48866
85,"푸조, 주행거리 340km 뉴 208 전기차 공개",http://www.edaily.co.kr/news/newspath.asp?newsid=03939286622395112
86,"푸조, 7년 만에 풀체인지 된 '뉴 208'…제네바모터쇼서 데뷔",http://www.edaily.co.kr/news/newspath.asp?newsid=01531766622394456
87,‘첨단기술 집약’ 푸조…뉴 푸조 208 공개,http://www.mhj21.com/119695
88,"푸조 '308' 전기차로 변신...""폭스바겐 ID.3 한판 붙자""",http://www.gpkorea.com/news/articleView.html?idxno=72833
89,"['카'이벌] ""첫 차로 어때요?"" 폭스바겐 티록 vs 푸조 2008",http://moneys.mt.co.kr/news/mwView.php?no=2021021012558098849
90,"차 안에 홀로그램 들어와, 푸조 208 탑재 준비",http://autotimes.hankyung.com/apps/news.sub_view?popup=0&nid=02&c1=02&c2=02&c3=00&nkey=201901172155211
91,제네바모터쇼서 ‘뉴 푸조 208’ 올라…‘e-208’은 무슨 차,http://sports.khan.co.kr/news/sk_index.html?art_id=201902271223003&sec_id=563002&pt=nv
92,디젤 급감 서러운 한불모터스..푸조 208 2008 전기차 출시,http://www.edaily.co.kr/news/newspath.asp?newsid=02427206625667896
93,"푸조 10년 만의 로고 교체, 브랜드 고급화로 도약 기대",http://www.sportsseoul.com/news/read/1018148?ref=naver
94,"푸조, 새 엠블럼 공개… 60년대 엠블럼 오버랩, 새로운 도약 예고",http://www.sisaweek.com/news/articleView.html?idxno=142097
95,"푸조, 신형 ‘208’ 내년 공개 계획..하이브리드 추가 ‘주목’",http://www.dailycar.co.kr/content/news.html?type=view&autoId=30557
96,"한불모터스, 볼빅 직장인 골프대회 후원..첫 홀인원하면 ‘푸조208’ 증정",http://www.edaily.co.kr/news/newspath.asp?newsid=02256646619246640
97,작지만 알찬 자동차 ‘푸조 208’,http://www.gqkorea.co.kr/?p=138488
98,"푸조 208, 골프 고객에게 매력 발산",http://www.betanews.net:8080/article/846941.html
99,"푸조, 208·2008에 EAT6 6단 자동변속기 적용 계획..“굿바이 MCP”",http://www.dailycar.co.kr/content/news.html?type=view&autoId=31493
100,"푸조 208, 스페인 '2013 최고의 차' 선정",http://www.inews24.com/php/news_view.php?g_serial=715387&g_menu=022100&rrf=nv
101,"푸조 208, 아일랜드 ‘2012 올해의 차’ 소형차 부문 선정",https://news.naver.com/main/read.naver?mode=LSD&mid=sec&sid1=101&oid=011&aid=0002288051
102,[이코노 브리핑] 소형 해치백 ‘푸조 208’ 국내 첫선 외,http://www.segye.com/Articles/NEWS/ECONOMY/Article.asp?aid=20121114024565&subctg1=&subctg2=&OutUrl=naver
103,푸조 208 에코 모델 출시,http://www.nocutnews.co.kr/show.asp?idx=2824029
104,푸조 208 1년 타도 97만3천원이면 끝,http://www.idaegu.com?c=5&uid=320374
105,국내 판매차 연비왕은 ‘푸조 208’… 21.1㎞/ℓ,http://www.etoday.co.kr/news/section/newsview.php?idxno=1157496
106,"푸조 208 1.4ℓ, 효율 1등 달성",http://autotimes.hankyung.com/apps/news.sub_view?popup=0&nid=03&c1=03&c2=03&c3=00&nkey=201301091446171
107,"2000만원 대에 구입 가능한 수입 전기차, 푸조 e-208",http://www.digitaltoday.co.kr/news/articleView.html?idxno=242023
108,"푸조, 전기차 뉴 e-208 · e-2008 SUV 사전 계약 돌입",http://www.rpm9.com/news/article.html?id=20200702090001
109,"푸조208, '2013 유럽 올해의 차' 최종 후보 선정",https://news.naver.com/main/read.naver?mode=LSD&mid=sec&sid1=101&oid=003&aid=0004891423
110,"푸조208, '2013 유럽 올해의 차' 최종 후보 선정",https://news.naver.com/main/read.naver?mode=LSD&mid=sec&sid1=101&oid=003&aid=0004891423
111,"푸조, 순수전기차 '뉴 e-208', 'e-2008 SUV' 사전 계약 실시",http://www.fortunekorea.co.kr/news/articleView.html?idxno=12583
112,"프랑스의 감성과 기술, '푸조 208' 국내 출시",https://news.naver.com/main/read.naver?mode=LSD&mid=sec&sid1=101&oid=003&aid=0004826361
113,[포토] 시트 벨트까지 붉은 색을 더한 푸조 208 GT Line,http://autoin.edaily.co.kr/news/newspath.asp?newsid=01643286615795424
114,[포토] 실용성이 좋은 푸조 208 GT Line의 트렁크 공간,http://autoin.edaily.co.kr/news/newspath.asp?newsid=01653126615795424
115,[포토] 스포티한 감각을 살려주는 푸조 208 GT Line의 메탈 페달,http://autoin.edaily.co.kr/news/newspath.asp?newsid=01636726615795424
116,[포토] 감각적인 디자인이 돋보이는 푸조 208 GT Line의 실내 공간,http://autoin.edaily.co.kr/news/newspath.asp?newsid=01640006615795424
117,[포토] 다소 좁게 느껴지는 푸조 208 GT Line의 실내 공간,http://autoin.edaily.co.kr/news/newspath.asp?newsid=01646566615795424
118,[포토] 소형 해치백에 스타일을 더하는 푸조 208 GT Line의 알로이휠,http://autoin.edaily.co.kr/news/newspath.asp?newsid=01685926615795424
119,[포토] 소비자들을 위해 적용된 푸조 208 GT Line의 국내 내비게이션 시스템,http://autoin.edaily.co.kr/news/newspath.asp?newsid=01662966615795424
120,"푸조, '뉴 e-208'·'뉴 e-2008 SUV' 전기차 2종 사전 계약 실시",http://www.m-i.kr/news/articleView.html?idxno=725417
121,"프랑스의 감성과 기술, '푸조 208' 국내 출시",https://news.naver.com/main/read.naver?mode=LSD&mid=sec&sid1=101&oid=003&aid=0004826361
122,[포토] 시트 벨트까지 붉은 색을 더한 푸조 208 GT Line,http://autoin.edaily.co.kr/news/newspath.asp?newsid=01643286615795424
123,[포토] 다소 좁게 느껴지는 푸조 208 GT Line의 실내 공간,http://autoin.edaily.co.kr/news/newspath.asp?newsid=01646566615795424
124,[포토] 감각적인 디자인이 돋보이는 푸조 208 GT Line의 실내 공간,http://autoin.edaily.co.kr/news/newspath.asp?newsid=01640006615795424
125,[포토] 실용성이 좋은 푸조 208 GT Line의 트렁크 공간,http://autoin.edaily.co.kr/news/newspath.asp?newsid=01653126615795424
126,[포토] 푸조 208 GT Line 도어 트림에 적용된 붉은 색 하이라이트 라인,http://autoin.edaily.co.kr/news/newspath.asp?newsid=01672806615795424
127,[포토] 소비자들을 위해 적용된 푸조 208 GT Line의 국내 내비게이션 시스템,http://autoin.edaily.co.kr/news/newspath.asp?newsid=01662966615795424
128,[포토] 붉은색 하이라이트를 더한 푸조 208 GT Line의 프론트 그릴,http://autoin.edaily.co.kr/news/newspath.asp?newsid=01702326615795424
129,[포토] 경쾌한 드라이빙을 위해 적용된 푸조 208 GT Line의 패들 쉬프트,http://autoin.edaily.co.kr/news/newspath.asp?newsid=01669526615795424
130,[포토] 스포티한 감각을 살려주는 푸조 208 GT Line의 메탈 페달,http://autoin.edaily.co.kr/news/newspath.asp?newsid=01636726615795424
131,[포토] 감각적인 디자인이 돋보이는 푸조 208 GT Line의 실내 공간,http://autoin.edaily.co.kr/news/newspath.asp?newsid=01640006615795424
132,[포토] 다소 좁게 느껴지는 푸조 208 GT Line의 실내 공간,http://autoin.edaily.co.kr/news/newspath.asp?newsid=01646566615795424
133,[포토] 소형 해치백에 스타일을 더하는 푸조 208 GT Line의 알로이휠,http://autoin.edaily.co.kr/news/newspath.asp?newsid=01685926615795424
134,[포토] 소비자들을 위해 적용된 푸조 208 GT Line의 국내 내비게이션 시스템,http://autoin.edaily.co.kr/news/newspath.asp?newsid=01662966615795424
135,[포토] 경쾌한 드라이빙을 위해 적용된 푸조 208 GT Line의 패들 쉬프트,http://autoin.edaily.co.kr/news/newspath.asp?newsid=01669526615795424
136,[포토] 붉은색 하이라이트를 더한 푸조 208 GT Line의 프론트 그릴,http://autoin.edaily.co.kr/news/newspath.asp?newsid=01702326615795424
137,[포토] 터치 인터페이스를 적용한 푸조 208 GT Line의 디스플레이,http://autoin.edaily.co.kr/news/newspath.asp?newsid=01656406615795424
138,[포토] 푸조 208 GT Line 도어 트림에 적용된 붉은 색 하이라이트 라인,http://autoin.edaily.co.kr/news/newspath.asp?newsid=01672806615795424
139,[포토] 뛰어난 효율성을 자랑하는 푸조 208 GT Line의 블루 HDi 엔진,http://autoin.edaily.co.kr/news/newspath.asp?newsid=01633446615795424
140,[포토] 경쾌한 드라이빙을 위해 적용된 푸조 208 GT Line의 패들 쉬프트,http://autoin.edaily.co.kr/news/newspath.asp?newsid=01669526615795424
141,"한불모터스, 상품성 높인 푸조 208 출시",http://autotimes.hankyung.com/apps/news.sub_view?popup=0&nid=02&c1=02&c2=02&c3=00&nkey=201609091046471
142,"우수AMS, 핵심부품 '디프 커버' 푸조 208 장착 위해 프랑스로 수출 개시",http://www.segye.com/content/html/2021/01/11/20210111503623.html?OutUrl=naver
143,[시승기] 개그우먼 장슬기도 반한 '푸조 e-2008 GT'(2부),http://www.pinpointnews.co.kr/view.php?ud=2021082210090957170d88486204_45
144,"[시승기] 푸조 e-2008 GT ""개그우먼 장슬기가 찌릿한 이유""(1부)",http://www.pinpointnews.co.kr/view.php?ud=2021081813072925400d88486204_45
145,"[사실은?] 8년된 푸조 208, 왜 갑자기 리콜했을까",http://moneys.mt.co.kr/news/mwView.php?no=2020082017428060316
146,친환경차 대세인데...폭스바겐·푸조·시트로엥은 디젤차 비중 70% 이상,http://www.consumernews.co.kr/news/articleView.html?idxno=632419
147,"뉴 푸조 208, 2008 SUV '2020 레드닷 디자인 어워드' 수상 쾌거",https://www.youthdaily.co.kr/news/article.html?no=33816
148,푸조가 생각하는 고성능의 미래는? 전기구동 뉴 208 GTi 출시계획,http://www.dailycar.co.kr/content/news.html?type=view&autoId=36229
149,"3분기 국내 출시될 푸조 208, ‘2020 유럽 올해의 차’ 선정",http://www.edaily.co.kr/news/newspath.asp?newsid=03217686625702336
150,"뉴 푸조 208·2008 SUV, '레드닷 디자인 어워드' 제품 디자인 수상",http://www.m-i.kr/news/articleView.html?idxno=698363
151,푸조가 생각하는 고성능의 미래는? 전기구동 뉴 208 GTi 출시계획,http://www.dailycar.co.kr/content/news.html?type=view&autoId=36229
152,"3분기 국내 출시될 푸조 208, ‘2020 유럽 올해의 차’ 선정",http://www.edaily.co.kr/news/newspath.asp?newsid=03217686625702336
153,‘뉴 푸조 208’ 유럽 올해의 차 선정,http://www.segye.com/content/html/2020/03/08/20200308508952.html?OutUrl=naver
154,"올해 3분기 출시 앞둔 '뉴 푸조 208', 2020 유럽 올해의 차 선정",http://kr.aving.net/news/view.php?articleId=1551547&Branch_ID=kr&rssid=naver&mn_name=news
155,‘2020 유럽 올해의 차’ 영예는 뉴 푸조 208..국내 출시 일정은?,http://www.dailycar.co.kr/content/news.html?type=view&autoId=35996
156,"푸조, 208·2008 순수전기차 모델 국내 출시…사전계약 시작",http://www.inews24.com/view/1278067
157,"푸조 3008 인기 비결, 화려해진 얼굴윤곽 '푸야호~'",http://www.gpkorea.com/news/articleView.html?idxno=74575
158,"PSA, 신형 208 GTi는 EV로도 개발한다",http://www.hankookilbo.com/v/BA51AB2A28BAA816F72A184D1BA84E41
159,"[리뷰] 매력적인 디자인, 발전된 기능을 담아낸 '올 뉴 푸조 208'",http://www.hankookilbo.com/news/npath/201910260511347596?did=NA
160,"푸조 뉴 208·뉴 2008 SUV, '2020 레드닷 디자인 어워드' 제품 디자인상 수상",http://digitalchosun.dizzo.com/site/data/html_dir/2020/04/03/2020040380255.html
161,"올해 3분기 출시 앞둔 '뉴 푸조 208', 2020 유럽 올해의 차 선정",http://kr.aving.net/news/view.php?articleId=1551547&Branch_ID=kr&rssid=naver&mn_name=news
162,‘2020 유럽 올해의 차’ 영예는 뉴 푸조 208..국내 출시 일정은?,http://www.dailycar.co.kr/content/news.html?type=view&autoId=35996
163,"푸조, 208·2008 순수전기차 모델 국내 출시…사전계약 시작",http://www.inews24.com/view/1278067
164,"푸조 3008 인기 비결, 화려해진 얼굴윤곽 '푸야호~'",http://www.gpkorea.com/news/articleView.html?idxno=74575
165,"PSA, 신형 208 GTi는 EV로도 개발한다",http://www.hankookilbo.com/v/BA51AB2A28BAA816F72A184D1BA84E41
166,"[리뷰] 매력적인 디자인, 발전된 기능을 담아낸 '올 뉴 푸조 208'",http://www.hankookilbo.com/news/npath/201910260511347596?did=NA
167,"푸조, 소형 해치백 ‘208’ 전기차 버전..유럽서 대박난 이유는?",http://www.dailycar.co.kr/content/news.html?type=view&autoId=34788
168,"푸조, 신형 208 유럽시장서 출시..가격은 2040만원",http://www.dailycar.co.kr/content/news.html?type=view&autoId=33638
169,"[시승기] 푸조 e-208, 날카롭지만 아직은 '아기사자’",http://moneys.mt.co.kr/news/mwView.php?no=2021021414458037104
170,푸조 쌍두마차 '뉴푸조208' '뉴푸조2008' 레드닷 디자인 어워드 동시 수상,http://www.enewstoday.co.kr/news/articleView.html?idxno=1378932
171,"올해 3분기 출시 앞둔 '뉴 푸조 208', 2020 유럽 올해의 차 선정",http://kr.aving.net/news/view.php?articleId=1551547&Branch_ID=kr&rssid=naver&mn_name=news
172,‘2020 유럽 올해의 차’ 영예는 뉴 푸조 208..국내 출시 일정은?,http://www.dailycar.co.kr/content/news.html?type=view&autoId=35996
173,"푸조, 208·2008 순수전기차 모델 국내 출시…사전계약 시작",http://www.inews24.com/view/1278067
174,"푸조 3008 인기 비결, 화려해진 얼굴윤곽 '푸야호~'",http://www.gpkorea.com/news/articleView.html?idxno=74575
175,"PSA, 신형 208 GTi는 EV로도 개발한다",http://www.hankookilbo.com/v/BA51AB2A28BAA816F72A184D1BA84E41
176,"[리뷰] 매력적인 디자인, 발전된 기능을 담아낸 '올 뉴 푸조 208'",http://www.hankookilbo.com/news/npath/201910260511347596?did=NA
177,"푸조, 소형 해치백 ‘208’ 전기차 버전..유럽서 대박난 이유는?",http://www.dailycar.co.kr/content/news.html?type=view&autoId=34788
178,"푸조, 신형 208 유럽시장서 출시..가격은 2040만원",http://www.dailycar.co.kr/content/news.html?type=view&autoId=33638
179,"[시승기] 푸조 e-208, 날카롭지만 아직은 '아기사자’",http://moneys.mt.co.kr/news/mwView.php?no=2021021414458037104
180,"뉴 푸조 208, `유럽 올해의 차` 선정…국내는 3분기 출시",http://news.mk.co.kr/newsRead.php?no=222476&year=2020
181,"푸조, 208·2008 순수전기차 모델 국내 출시…사전계약 시작",http://www.inews24.com/view/1278067
182,"푸조 3008 인기 비결, 화려해진 얼굴윤곽 '푸야호~'",http://www.gpkorea.com/news/articleView.html?idxno=74575
183,"PSA, 신형 208 GTi는 EV로도 개발한다",http://www.hankookilbo.com/v/BA51AB2A28BAA816F72A184D1BA84E41
184,"푸조 '뉴 208·뉴2008', 레드닷 디자인 어워드서 디자인상 수상",http://biz.newdaily.co.kr/site/data/html/2020/04/03/2020040300056.html
185,"[리뷰] 매력적인 디자인, 발전된 기능을 담아낸 '올 뉴 푸조 208'",http://www.hankookilbo.com/news/npath/201910260511347596?did=NA
186,"푸조, 소형 해치백 ‘208’ 전기차 버전..유럽서 대박난 이유는?",http://www.dailycar.co.kr/content/news.html?type=view&autoId=34788
187,"푸조, 신형 208 유럽시장서 출시..가격은 2040만원",http://www.dailycar.co.kr/content/news.html?type=view&autoId=33638
188,"[시승기] 푸조 e-208, 날카롭지만 아직은 '아기사자’",http://moneys.mt.co.kr/news/mwView.php?no=2021021414458037104
189,"푸조 소형 해치백 208, 소형 왜건으로 출시될까?",http://www.gpkorea.com/news/articleView.html?idxno=48866
190,"상반기 韓 상륙 예정 푸조 신형 208, '2020 유럽 올해의 차' 등극",http://www.autodaily.co.kr/news/articleView.html?idxno=417041
191,"푸조, 208·2008 순수전기차 모델 국내 출시…사전계약 시작",http://www.inews24.com/view/1278067
192,"푸조 3008 인기 비결, 화려해진 얼굴윤곽 '푸야호~'",http://www.gpkorea.com/news/articleView.html?idxno=74575
193,"PSA, 신형 208 GTi는 EV로도 개발한다",http://www.hankookilbo.com/v/BA51AB2A28BAA816F72A184D1BA84E41
194,"푸조 '뉴 208·뉴2008', 레드닷 디자인 어워드서 디자인상 수상",http://biz.newdaily.co.kr/site/data/html/2020/04/03/2020040300056.html
195,"[리뷰] 매력적인 디자인, 발전된 기능을 담아낸 '올 뉴 푸조 208'",http://www.hankookilbo.com/news/npath/201910260511347596?did=NA
196,"푸조, 소형 해치백 ‘208’ 전기차 버전..유럽서 대박난 이유는?",http://www.dailycar.co.kr/content/news.html?type=view&autoId=34788
197,"푸조, 신형 208 유럽시장서 출시..가격은 2040만원",http://www.dailycar.co.kr/content/news.html?type=view&autoId=33638
198,"[시승기] 푸조 e-208, 날카롭지만 아직은 '아기사자’",http://moneys.mt.co.kr/news/mwView.php?no=2021021414458037104
199,"푸조 소형 해치백 208, 소형 왜건으로 출시될까?",http://www.gpkorea.com/news/articleView.html?idxno=48866
200,"뉴 푸조 208, '2020 유럽 올해의 차' 선정",https://asiatime.co.kr/news/newsview.php?ncode=1065585226274367
201,"푸조, 208·2008 순수전기차 모델 국내 출시…사전계약 시작",http://www.inews24.com/view/1278067
202,"푸조 3008 인기 비결, 화려해진 얼굴윤곽 '푸야호~'",http://www.gpkorea.com/news/articleView.html?idxno=74575
203,"PSA, 신형 208 GTi는 EV로도 개발한다",http://www.hankookilbo.com/v/BA51AB2A28BAA816F72A184D1BA84E41
204,"푸조 '뉴 208·뉴2008', 레드닷 디자인 어워드서 디자인상 수상",http://biz.newdaily.co.kr/site/data/html/2020/04/03/2020040300056.html
205,"[리뷰] 매력적인 디자인, 발전된 기능을 담아낸 '올 뉴 푸조 208'",http://www.hankookilbo.com/news/npath/201910260511347596?did=NA
206,"푸조, 소형 해치백 ‘208’ 전기차 버전..유럽서 대박난 이유는?",http://www.dailycar.co.kr/content/news.html?type=view&autoId=34788
207,"푸조, 신형 208 유럽시장서 출시..가격은 2040만원",http://www.dailycar.co.kr/content/news.html?type=view&autoId=33638
208,"[시승기] 푸조 e-208, 날카롭지만 아직은 '아기사자’",http://moneys.mt.co.kr/news/mwView.php?no=2021021414458037104
209,"푸조 소형 해치백 208, 소형 왜건으로 출시될까?",http://www.gpkorea.com/news/articleView.html?idxno=48866
210,"[시승기] 푸조 e-208, 날카롭지만 아직은 '아기사자’",http://moneys.mt.co.kr/news/mwView.php?no=2021021414458037104
211,"푸조 소형 해치백 208, 소형 왜건으로 출시될까?",http://www.gpkorea.com/news/articleView.html?idxno=48866
212,"푸조, 주행거리 340km 뉴 208 전기차 공개",http://www.edaily.co.kr/news/newspath.asp?newsid=03939286622395112
213,"푸조, 7년 만에 풀체인지 된 '뉴 208'…제네바모터쇼서 데뷔",http://www.edaily.co.kr/news/newspath.asp?newsid=01531766622394456
214,‘첨단기술 집약’ 푸조…뉴 푸조 208 공개,http://www.mhj21.com/119695
215,"푸조 '308' 전기차로 변신...""폭스바겐 ID.3 한판 붙자""",http://www.gpkorea.com/news/articleView.html?idxno=72833
216,"['카'이벌] ""첫 차로 어때요?"" 폭스바겐 티록 vs 푸조 2008",http://moneys.mt.co.kr/news/mwView.php?no=2021021012558098849
217,"차 안에 홀로그램 들어와, 푸조 208 탑재 준비",http://autotimes.hankyung.com/apps/news.sub_view?popup=0&nid=02&c1=02&c2=02&c3=00&nkey=201901172155211
218,제네바모터쇼서 ‘뉴 푸조 208’ 올라…‘e-208’은 무슨 차,http://sports.khan.co.kr/news/sk_index.html?art_id=201902271223003&sec_id=563002&pt=nv
219,디젤 급감 서러운 한불모터스..푸조 208 2008 전기차 출시,http://www.edaily.co.kr/news/newspath.asp?newsid=02427206625667896
220,"푸조, 첨단 파워트레인과 새로운 디자인 더한 '뉴 푸조 208' 공개",http://www.hankookilbo.com/news/npath/201902252072778021?did=NA
221,"푸조 '308' 전기차로 변신...""폭스바겐 ID.3 한판 붙자""",http://www.gpkorea.com/news/articleView.html?idxno=72833
222,"['카'이벌] ""첫 차로 어때요?"" 폭스바겐 티록 vs 푸조 2008",http://moneys.mt.co.kr/news/mwView.php?no=2021021012558098849
223,"차 안에 홀로그램 들어와, 푸조 208 탑재 준비",http://autotimes.hankyung.com/apps/news.sub_view?popup=0&nid=02&c1=02&c2=02&c3=00&nkey=201901172155211
224,"푸조, 제네바 모터쇼서 '뉴 푸조 208' 등 전동화 모델 선봬",http://www.newscj.com/news/articleView.html?idxno=606737
225,제네바모터쇼서 ‘뉴 푸조 208’ 올라…‘e-208’은 무슨 차,http://sports.khan.co.kr/news/sk_index.html?art_id=201902271223003&sec_id=563002&pt=nv
226,디젤 급감 서러운 한불모터스..푸조 208 2008 전기차 출시,http://www.edaily.co.kr/news/newspath.asp?newsid=02427206625667896
227,"푸조 10년 만의 로고 교체, 브랜드 고급화로 도약 기대",http://www.sportsseoul.com/news/read/1018148?ref=naver
228,"푸조, 새 엠블럼 공개… 60년대 엠블럼 오버랩, 새로운 도약 예고",http://www.sisaweek.com/news/articleView.html?idxno=142097
229,"푸조, 신형 ‘208’ 내년 공개 계획..하이브리드 추가 ‘주목’",http://www.dailycar.co.kr/content/news.html?type=view&autoId=30557
230,"푸조, 7년 만에 완전변경 '뉴 푸조 208' 공개",http://www.m-i.kr/news/articleView.html?idxno=499104
231,"푸조 '308' 전기차로 변신...""폭스바겐 ID.3 한판 붙자""",http://www.gpkorea.com/news/articleView.html?idxno=72833
232,"['카'이벌] ""첫 차로 어때요?"" 폭스바겐 티록 vs 푸조 2008",http://moneys.mt.co.kr/news/mwView.php?no=2021021012558098849
233,"차 안에 홀로그램 들어와, 푸조 208 탑재 준비",http://autotimes.hankyung.com/apps/news.sub_view?popup=0&nid=02&c1=02&c2=02&c3=00&nkey=201901172155211
234,"푸조, 제네바 모터쇼서 '뉴 푸조 208' 등 전동화 모델 선봬",http://www.newscj.com/news/articleView.html?idxno=606737
235,제네바모터쇼서 ‘뉴 푸조 208’ 올라…‘e-208’은 무슨 차,http://sports.khan.co.kr/news/sk_index.html?art_id=201902271223003&sec_id=563002&pt=nv
236,디젤 급감 서러운 한불모터스..푸조 208 2008 전기차 출시,http://www.edaily.co.kr/news/newspath.asp?newsid=02427206625667896
237,"푸조 10년 만의 로고 교체, 브랜드 고급화로 도약 기대",http://www.sportsseoul.com/news/read/1018148?ref=naver
238,"푸조, 새 엠블럼 공개… 60년대 엠블럼 오버랩, 새로운 도약 예고",http://www.sisaweek.com/news/articleView.html?idxno=142097
239,"푸조, 신형 ‘208’ 내년 공개 계획..하이브리드 추가 ‘주목’",http://www.dailycar.co.kr/content/news.html?type=view&autoId=30557
240,"푸조, 전동화 비전 제시한다…혁신 기술 적용된 '뉴 푸조 208' 공개",https://www.insight.co.kr/news/213010
241,"푸조 '308' 전기차로 변신...""폭스바겐 ID.3 한판 붙자""",http://www.gpkorea.com/news/articleView.html?idxno=72833
242,"['카'이벌] ""첫 차로 어때요?"" 폭스바겐 티록 vs 푸조 2008",http://moneys.mt.co.kr/news/mwView.php?no=2021021012558098849
243,"차 안에 홀로그램 들어와, 푸조 208 탑재 준비",http://autotimes.hankyung.com/apps/news.sub_view?popup=0&nid=02&c1=02&c2=02&c3=00&nkey=201901172155211
244,"푸조, 제네바 모터쇼서 '뉴 푸조 208' 등 전동화 모델 선봬",http://www.newscj.com/news/articleView.html?idxno=606737
245,제네바모터쇼서 ‘뉴 푸조 208’ 올라…‘e-208’은 무슨 차,http://sports.khan.co.kr/news/sk_index.html?art_id=201902271223003&sec_id=563002&pt=nv
246,디젤 급감 서러운 한불모터스..푸조 208 2008 전기차 출시,http://www.edaily.co.kr/news/newspath.asp?newsid=02427206625667896
247,"푸조 10년 만의 로고 교체, 브랜드 고급화로 도약 기대",http://www.sportsseoul.com/news/read/1018148?ref=naver
248,"푸조, 새 엠블럼 공개… 60년대 엠블럼 오버랩, 새로운 도약 예고",http://www.sisaweek.com/news/articleView.html?idxno=142097
249,"푸조, 신형 ‘208’ 내년 공개 계획..하이브리드 추가 ‘주목’",http://www.dailycar.co.kr/content/news.html?type=view&autoId=30557
250,제네바모터쇼서 ‘뉴 푸조 208’ 올라…‘e-208’은 무슨 차,http://sports.khan.co.kr/news/sk_index.html?art_id=201902271223003&sec_id=563002&pt=nv
251,디젤 급감 서러운 한불모터스..푸조 208 2008 전기차 출시,http://www.edaily.co.kr/news/newspath.asp?newsid=02427206625667896
252,"푸조 10년 만의 로고 교체, 브랜드 고급화로 도약 기대",http://www.sportsseoul.com/news/read/1018148?ref=naver
253,"푸조, 새 엠블럼 공개… 60년대 엠블럼 오버랩, 새로운 도약 예고",http://www.sisaweek.com/news/articleView.html?idxno=142097
254,"푸조, 신형 208로 전동화 비전 제시",http://autotimes.hankyung.com/apps/news.sub_view?popup=0&nid=02&c1=02&c2=02&c3=00&nkey=201902251339101
255,"푸조, 신형 ‘208’ 내년 공개 계획..하이브리드 추가 ‘주목’",http://www.dailycar.co.kr/content/news.html?type=view&autoId=30557
256,"한불모터스, 볼빅 직장인 골프대회 후원..첫 홀인원하면 ‘푸조208’ 증정",http://www.edaily.co.kr/news/newspath.asp?newsid=02256646619246640
257,"푸조, 제네바 모터쇼서 '뉴 푸조 208' 등 전동화 모델 공개",http://www.dailian.co.kr/news/view/776057/?sc=naver
258,작지만 알찬 자동차 ‘푸조 208’,http://www.gqkorea.co.kr/?p=138488
259,"푸조 208, 골프 고객에게 매력 발산",http://www.betanews.net:8080/article/846941.html
260,"푸조, 신형 ‘208’ 내년 공개 계획..하이브리드 추가 ‘주목’",http://www.dailycar.co.kr/content/news.html?type=view&autoId=30557
261,"한불모터스, 볼빅 직장인 골프대회 후원..첫 홀인원하면 ‘푸조208’ 증정",http://www.edaily.co.kr/news/newspath.asp?newsid=02256646619246640
262,"푸조, 제네바 모터쇼서 '뉴 푸조 208' 등 전동화 모델 공개",http://www.dailian.co.kr/news/view/776057/?sc=naver
263,작지만 알찬 자동차 ‘푸조 208’,http://www.gqkorea.co.kr/?p=138488
264,"푸조 208, 골프 고객에게 매력 발산",http://www.betanews.net:8080/article/846941.html
265,"푸조, 208·2008에 EAT6 6단 자동변속기 적용 계획..“굿바이 MCP”",http://www.dailycar.co.kr/content/news.html?type=view&autoId=31493
266,"푸조, 신형 ‘3세대 308’ 스파이샷 포착..특징은?",http://www.dailycar.co.kr/content/news.html?type=view&autoId=38475
267,"르노 클리오, ""현대차 엑센트보다 푸조 208과 경쟁""",http://autotimes.hankyung.com/apps/news.sub_view?popup=0&nid=02&c1=02&c2=02&c3=00&nkey=201805011125421
268,[구상 칼럼] 역동적·디지털 디자인 부각된..푸조 전기차..‘e-208’,http://www.dailycar.co.kr/content/news.html?type=view&autoId=37724
269,[시승기] 스포티함을 입다 '푸조 208 GT Line',http://www.inews24.com/php/news_view.php?g_serial=1002929&g_menu=022200&rrf=nv
270,"르노 클리오, ""현대차 엑센트보다 푸조 208과 경쟁""",http://autotimes.hankyung.com/apps/news.sub_view?popup=0&nid=02&c1=02&c2=02&c3=00&nkey=201805011125421
271,[구상 칼럼] 역동적·디지털 디자인 부각된..푸조 전기차..‘e-208’,http://www.dailycar.co.kr/content/news.html?type=view&autoId=37724
272,[시승기] 스포티함을 입다 '푸조 208 GT Line',http://www.inews24.com/php/news_view.php?g_serial=1002929&g_menu=022200&rrf=nv
273,동글동글 여심저격 연비왕… 경차 ‘뉴 푸조 208’ 매력있네,http://www.dt.co.kr/contents.html?article_no=2016122902101132808002
274,푸조 208 GT Line 시승기 - 여전히 매력적인 콤팩트 해치백 그리고 MCP,http://autoin.edaily.co.kr/news/newspath.asp?newsid=01735126612880488
275,"[히스토리] 프렌치 컴팩트 SUV의 아이콘, 푸조 2008",https://hankookilbo.com/News/Read/A2020091410020001474?did=NA
276,"[시승기] 갖출 것 다 갖춘 2000만원대 전기차, 푸조 e-208",https://biz.chosun.com/site/data/html_dir/2020/10/25/2020102501063.html?utm_source=naver&utm_medium=original&utm_campaign=biz
277,"우수AMS, 푸조자동차에 주력 핵심부품 '디프커버' 수출 개시",http://www.economytalk.kr/news/articleView.html?idxno=210372
278,"한불모터스, '푸조 2018 코리아 롱기스트 챔피언십' 개최... 우승자 푸조 208 시상",http://kr.aving.net/news/view.php?articleId=1385819&Branch_ID=kr&rssid=naver&mn_name=news
279,골프 사라진 해치백시장...신형 i30·푸조208 새 왕위쟁탈전,http://news1.kr/articles/?2773642
280,"푸조, 콤팩트 해치백 ‘뉴 푸조 208’ 신규 디자인으로 출시",http://car.donga.com/3/all/20160912/80257109/2
281,"새로운 해치백, 뉴 푸조 208 출시",http://www.sporbiz.co.kr/news/articleView.html?idxno=44761
282,'해치백 카리스마' 디테일까지 살린 푸조 '208',http://www.newsprime.co.kr/news/article.html?no=347956
283,"푸조 e-208, 영국 전문매체가 선정한 '최고 소형 전기차'",http://www.mediapen.com/news/view/567007
284,"푸조 e-208, 영국 ‘왓 카’ ‘올해의 소형 전기차’에 뽑혀",http://www.rpm9.com/news/article.html?id=20201018090005
285,잘 나가는 ‘뉴 푸조 e-208’…英 ‘올해의 소형 전기차’,http://news.heraldcorp.com/view.php?ud=20201016000795
286,"뉴 푸조 e-208, 영국 자동차 전문 매체 '왓 카' 선정. '올해의 소형 전기차' 등극",http://www.autodaily.co.kr/news/articleView.html?idxno=422966
287,최고연비 자동차는…푸조 208ㆍ토요타 프리우스ㆍ시트로엥 DS3,http://www.metroseoul.co.kr/news/newsview?newscd=2015070600025
288,[맞수열전②]신형 해치백 i30 출격…푸조 208·볼보 V40와 삼각경쟁,http://news1.kr/articles/?2775240
289,"푸조, 콤팩트 해치백 ‘뉴 푸조 208’ 국내 공식 출시",http://www.idaegu.co.kr/news.php?code=ec06&mode=view&num=207281
290,"푸조, 콤팩트 해치백 '뉴 푸조 208' 출시",http://www.fnnews.com/news/201609091033448638
291,"푸조 e-208, 영국 전문매체가 선정한 '최고 소형 전기차'",http://www.mediapen.com/news/view/567007
292,"푸조 e-208, 영국 ‘왓 카’ ‘올해의 소형 전기차’에 뽑혀",http://www.rpm9.com/news/article.html?id=20201018090005
293,잘 나가는 ‘뉴 푸조 e-208’…英 ‘올해의 소형 전기차’,http://news.heraldcorp.com/view.php?ud=20201016000795
294,"뉴 푸조 e-208, 영국 자동차 전문 매체 '왓 카' 선정. '올해의 소형 전기차' 등극",http://www.autodaily.co.kr/news/articleView.html?idxno=422966
295,최고연비 자동차는…푸조 208ㆍ토요타 프리우스ㆍ시트로엥 DS3,http://www.metroseoul.co.kr/news/newsview?newscd=2015070600025
296,[맞수열전②]신형 해치백 i30 출격…푸조 208·볼보 V40와 삼각경쟁,http://news1.kr/articles/?2775240
297,"푸조, 콤팩트 해치백 ‘뉴 푸조 208’ 국내 공식 출시",http://www.idaegu.co.kr/news.php?code=ec06&mode=view&num=207281
298,"푸조, 컴팩트 프리미엄 해치백 New 푸조208 출시",http://www.newsis.com/pict_detail/view.html?pict_id=NISI20160910_0012164481
299,"밀레, 佛 자동차 브랜드 푸조와 함께 골프라인 ‘208 재킷’ 출시",http://sports.khan.co.kr/news/sk_index.html?cat=view&art_id=201509290948143&sec_id=561901&pt=nv
300,"뉴 푸조 e-208, 영국 ‘왓 카’ 선정 ‘올해의 소형 전기차’",https://www.asiatoday.co.kr/view.php?key=20201016010008576
301,최고연비 자동차는…푸조 208ㆍ토요타 프리우스ㆍ시트로엥 DS3,http://www.metroseoul.co.kr/news/newsview?newscd=2015070600025
302,[맞수열전②]신형 해치백 i30 출격…푸조 208·볼보 V40와 삼각경쟁,http://news1.kr/articles/?2775240
303,"푸조, 콤팩트 해치백 ‘뉴 푸조 208’ 국내 공식 출시",http://www.idaegu.co.kr/news.php?code=ec06&mode=view&num=207281
304,"푸조, 컴팩트 프리미엄 해치백 New 푸조208 출시",http://www.newsis.com/pict_detail/view.html?pict_id=NISI20160910_0012164481
305,"푸조, 컴팩트 프리미엄 해치백 '뉴 푸조 208' 출시",http://www.newsis.com/ar_detail/view.html?ar_id=NISX20160909_0014379252&cID=10401&pID=10400
306,"밀레, 佛 자동차 브랜드 푸조와 함께 골프라인 ‘208 재킷’ 출시",http://sports.khan.co.kr/news/sk_index.html?cat=view&art_id=201509290948143&sec_id=561901&pt=nv
307,독일산 골프에 대항하는 프랑스 출신 푸조 308..3세대 완전변경 예고!,http://www.dailycar.co.kr/content/news.html?type=view&autoId=37583
308,"푸조, 베스트셀링 모델 '208' 무이자 할부·주유비 지원 판촉",http://www.osen.co.kr/article/G1110169363
309,"푸조, 2008·208 대상 초저금리 '안심할부금융' 출시",http://view.asiae.co.kr/news/view.htm?idxno=2015050608334678995
310,"푸조, 콤팩트 해치백 ‘뉴 푸조 208’ 국내 공식 출시",http://www.idaegu.co.kr/news.php?code=ec06&mode=view&num=207281
311,"푸조, 컴팩트 프리미엄 해치백 New 푸조208 출시",http://www.newsis.com/pict_detail/view.html?pict_id=NISI20160910_0012164481
312,"푸조, 컴팩트 프리미엄 해치백 '뉴 푸조 208' 출시",http://www.newsis.com/ar_detail/view.html?ar_id=NISX20160909_0014379252&cID=10401&pID=10400
313,"밀레, 佛 자동차 브랜드 푸조와 함께 골프라인 ‘208 재킷’ 출시",http://sports.khan.co.kr/news/sk_index.html?cat=view&art_id=201509290948143&sec_id=561901&pt=nv
314,독일산 골프에 대항하는 프랑스 출신 푸조 308..3세대 완전변경 예고!,http://www.dailycar.co.kr/content/news.html?type=view&autoId=37583
315,"푸조, 베스트셀링 모델 '208' 무이자 할부·주유비 지원 판촉",http://www.osen.co.kr/article/G1110169363
316,"푸조, 2008·208 대상 초저금리 '안심할부금융' 출시",http://view.asiae.co.kr/news/view.htm?idxno=2015050608334678995
317,"[서울모터쇼] 푸조, 레이싱카 `208 T16 파익스 피크` 첫 공개",http://www.gpkorea.com/bbs/board.php?bo_table=gp_motorsports&wr_id=12048
318,"푸조, New 푸조 508 RXH·208 T16 파익스 피크 서울모터쇼 전시",http://www.nspna.com/news/?mode=view&newsid=119286
319,"한불모터스, 푸조 e-208 전문지 선정 '올해의 소형 전기차'",http://autotimes.hankyung.com/apps/news.sub_view?popup=0&nid=03&c1=03&c2=03&c3=00&nkey=202001170912541
320,"한불, ‘푸조208’ 구매 고객에 1년 주유비 지원…‘무이자 할부’도",http://www.newsway.co.kr/view.php?tp=1&ud=2015060415252341387
321,"푸조, 2008·208 대상 초저금리 '안심할부금융' 출시",http://view.asiae.co.kr/news/view.htm?idxno=2015050608334678995
322,"[서울모터쇼] 푸조, 레이싱카 `208 T16 파익스 피크` 첫 공개",http://www.gpkorea.com/bbs/board.php?bo_table=gp_motorsports&wr_id=12048
323,"푸조, New 푸조 508 RXH·208 T16 파익스 피크 서울모터쇼 전시",http://www.nspna.com/news/?mode=view&newsid=119286
324,"한불모터스, 푸조 e-208 전문지 선정 '올해의 소형 전기차'",http://autotimes.hankyung.com/apps/news.sub_view?popup=0&nid=03&c1=03&c2=03&c3=00&nkey=202001170912541
325,"푸조 208 부분변경, 첨단 기능 대폭 보강",http://autotimes.hankyung.com/apps/news.sub_view?popup=0&nid=04&c1=04&c2=04&c3=00&nkey=201502191935331
326,"푸조 'e-208', 英 권위지 선정 '올해의 소형 전기차'",https://www.etoday.co.kr/news/view/1951261
327,"「밀레」 골프, 푸조와 '208재킷' 출시",http://www.fashionbiz.co.kr/TN/?cate=2&recom=2&idx=150341
328,"밀레, 푸조와 협업한 ‘208 재킷’ 출시",http://www.newsen.com/news_view.php?uid=201509300909048420
329,"밀레, 푸조와 콜라보 208 재킷 출시",http://www.sportsworldi.com/content/html/2015/09/30/20150930004327.html?OutUrl=naver
330,"푸조 2008·208, 파격적 금리 적용한 ‘안심할부금융’ 출시",http://car.donga.com/3/all/20150506/71085113/1
331,"[서울모터쇼] 푸조, 레이싱카 `208 T16 파익스 피크` 첫 공개",http://www.gpkorea.com/bbs/board.php?bo_table=gp_motorsports&wr_id=12048
332,"푸조, New 푸조 508 RXH·208 T16 파익스 피크 서울모터쇼 전시",http://www.nspna.com/news/?mode=view&newsid=119286
333,"한불모터스, 푸조 e-208 전문지 선정 '올해의 소형 전기차'",http://autotimes.hankyung.com/apps/news.sub_view?popup=0&nid=03&c1=03&c2=03&c3=00&nkey=202001170912541
334,"푸조 208 부분변경, 첨단 기능 대폭 보강",http://autotimes.hankyung.com/apps/news.sub_view?popup=0&nid=04&c1=04&c2=04&c3=00&nkey=201502191935331
335,"푸조 'e-208', 英 권위지 선정 '올해의 소형 전기차'",https://www.etoday.co.kr/news/view/1951261
336,"「밀레」 골프, 푸조와 '208재킷' 출시",http://www.fashionbiz.co.kr/TN/?cate=2&recom=2&idx=150341
337,"밀레, 푸조와 협업한 ‘208 재킷’ 출시",http://www.newsen.com/news_view.php?uid=201509300909048420
338,"밀레, 푸조와 콜라보 208 재킷 출시",http://www.sportsworldi.com/content/html/2015/09/30/20150930004327.html?OutUrl=naver
339,"밀레, 푸조 해치백 감성 골프 라인 '208 재킷' 출시",http://www.osen.co.kr/article/G1110256723
340,"푸조 2008·208, 2.65% 금리 할부 프로모션",http://www.newspim.com/common/redirect.jsp?newsId=20150506000207
341,"[서울모터쇼] 푸조, 레이싱카 `208 T16 파익스 피크` 첫 공개",http://www.gpkorea.com/bbs/board.php?bo_table=gp_motorsports&wr_id=12048
342,"푸조, New 푸조 508 RXH·208 T16 파익스 피크 서울모터쇼 전시",http://www.nspna.com/news/?mode=view&newsid=119286
343,"한불모터스, 푸조 e-208 전문지 선정 '올해의 소형 전기차'",http://autotimes.hankyung.com/apps/news.sub_view?popup=0&nid=03&c1=03&c2=03&c3=00&nkey=202001170912541
344,"푸조 208 부분변경, 첨단 기능 대폭 보강",http://autotimes.hankyung.com/apps/news.sub_view?popup=0&nid=04&c1=04&c2=04&c3=00&nkey=201502191935331
345,"푸조 'e-208', 英 권위지 선정 '올해의 소형 전기차'",https://www.etoday.co.kr/news/view/1951261
346,"「밀레」 골프, 푸조와 '208재킷' 출시",http://www.fashionbiz.co.kr/TN/?cate=2&recom=2&idx=150341
347,"밀레, 푸조와 협업한 ‘208 재킷’ 출시",http://www.newsen.com/news_view.php?uid=201509300909048420
348,"밀레, 푸조와 콜라보 208 재킷 출시",http://www.sportsworldi.com/content/html/2015/09/30/20150930004327.html?OutUrl=naver
349,"밀레, 푸조 해치백 감성 골프 라인 '208 재킷' 출시",http://www.osen.co.kr/article/G1110256723
350,"[2015 서울모터쇼]푸조, 레이싱카 208 T16 파익스 피크 亞 첫선",http://www.edaily.co.kr/news/newspath.asp?newsid=02542006609306928
351,"한불모터스, 푸조 e-208 전문지 선정 '올해의 소형 전기차'",http://autotimes.hankyung.com/apps/news.sub_view?popup=0&nid=03&c1=03&c2=03&c3=00&nkey=202001170912541
352,"푸조 208 부분변경, 첨단 기능 대폭 보강",http://autotimes.hankyung.com/apps/news.sub_view?popup=0&nid=04&c1=04&c2=04&c3=00&nkey=201502191935331
353,"푸조 'e-208', 英 권위지 선정 '올해의 소형 전기차'",https://www.etoday.co.kr/news/view/1951261
354,"「밀레」 골프, 푸조와 '208재킷' 출시",http://www.fashionbiz.co.kr/TN/?cate=2&recom=2&idx=150341
355,"밀레, 푸조와 협업한 ‘208 재킷’ 출시",http://www.newsen.com/news_view.php?uid=201509300909048420
356,"밀레, 푸조와 콜라보 208 재킷 출시",http://www.sportsworldi.com/content/html/2015/09/30/20150930004327.html?OutUrl=naver
357,"밀레, 푸조 해치백 감성 골프 라인 '208 재킷' 출시",http://www.osen.co.kr/article/G1110256723
358,"테슬라 '모델3', 3월 유럽 판매 1위 등극...골프 제친 '모델Y'",http://www.gpkorea.com/news/articleView.html?idxno=85392
359,"푸조, 콘셉트카 쿼츠·208 하이브리드 에어 2L 파리 모터쇼 공개",http://www.nspna.com/news/?mode=view&newsid=100694
360,"「밀레」 골프, 푸조와 '208재킷' 출시",http://www.fashionbiz.co.kr/TN/?cate=2&recom=2&idx=150341
361,"밀레, 푸조와 협업한 ‘208 재킷’ 출시",http://www.newsen.com/news_view.php?uid=201509300909048420
362,"밀레, 푸조와 콜라보 208 재킷 출시",http://www.sportsworldi.com/content/html/2015/09/30/20150930004327.html?OutUrl=naver
363,"밀레, 푸조 해치백 감성 골프 라인 '208 재킷' 출시",http://www.osen.co.kr/article/G1110256723
364,"테슬라 '모델3', 3월 유럽 판매 1위 등극...골프 제친 '모델Y'",http://www.gpkorea.com/news/articleView.html?idxno=85392
365,"푸조, 콘셉트카 쿼츠·208 하이브리드 에어 2L 파리 모터쇼 공개",http://www.nspna.com/news/?mode=view&newsid=100694
366,"푸조 2008·208, 2.65% 저금리 '안심할부금융' 출시",http://www.it.co.kr/news/article.html?no=2800060
367,[라이벌 명차] 폭스바겐 폴로 vs 푸조 208,http://www.it.co.kr/news/mediaitNewsView.php?nSeq=2675221
368,"'208마력·제로백 6.5초' 푸조, 208 GTi 30주년 한정판 공개",http://www.edaily.co.kr/news/newspath.asp?newsid=02200886606126968
369,"푸조, 208마력의 '208 GTi 30주년 특별 버전' 출시",http://www.it.co.kr/news/mediaitNewsView.php?nSeq=2671387
370,"푸조 2008·208, 2.65% 저금리 '안심할부금융' 출시",http://www.it.co.kr/news/article.html?no=2800060
371,[라이벌 명차] 폭스바겐 폴로 vs 푸조 208,http://www.it.co.kr/news/mediaitNewsView.php?nSeq=2675221
372,"'208마력·제로백 6.5초' 푸조, 208 GTi 30주년 한정판 공개",http://www.edaily.co.kr/news/newspath.asp?newsid=02200886606126968
373,"푸조, 208마력의 '208 GTi 30주년 특별 버전' 출시",http://www.it.co.kr/news/mediaitNewsView.php?nSeq=2671387
374,푸조 ‘뉴 푸조 208’ 출시…복합연비 1L당 16.7km,http://sports.donga.com/3/all/20160911/80253271/3
375,"푸조, '208 에코 연비 마라톤' 개최",http://www.sportsworldi.com/Articles/LeisureLife/Article.asp?aid=20140405021057&OutUrl=naver
376,푸조 프리미엄 해치백 208로 연비왕 도전,http://www.newscj.com/news/articleView.html?idxno=234334
377,"푸조, 연비 21.1㎞/ℓ '208 에코(eco)' 출시… 2390만원",http://www.newscj.com/news/articleView.html?idxno=232473
378,"푸조, 고성능 PHEV '508 PSE' 세계 최초 공개. 韓 투입 미정. 가솔린부터 출시",http://www.autodaily.co.kr/news/articleView.html?idxno=422528
379,"푸조 '208 T16 파익스 피크', 탑기어 선정 '올해의 레이싱카'",http://www.osen.co.kr/article/G1109747856
380,"푸조, 오는 5일부터 ‘208 에코 연비 마라톤’ 개최",http://www.newsway.co.kr/view.php?tp=1&ud=2014040411281110060
381,"푸조, 연비 21.1㎞/ℓ '208 에코(eco)' 출시… 2390만원",http://www.newscj.com/news/articleView.html?idxno=232473
382,"푸조, 고성능 PHEV '508 PSE' 세계 최초 공개. 韓 투입 미정. 가솔린부터 출시",http://www.autodaily.co.kr/news/articleView.html?idxno=422528
383,"푸조 '208 T16 파익스 피크', 탑기어 선정 '올해의 레이싱카'",http://www.osen.co.kr/article/G1109747856
384,"푸조 208 T16 파익스 피크, 올해의 레이싱카 2관왕",http://www.sportsworldi.com/Articles/LeisureLife/Article.asp?aid=20131219023679&OutUrl=naver
385,"푸조-시트로엥, ""퍼팅 달인에게 208 전달했죠""",http://www.etnews.com/news/home_mobile/automobile/2850597_1485.html
386,"푸조, 우승상품 '208' 아마추어 퍼팅 달인 대회 성료",http://www.osen.co.kr/article/G1109709862
387,"푸조, '아트광주13'서 '208 아트카' 선보여",http://kr.aving.net/news/view.php?articleId=721139&Branch_ID=kr&rssid=naver&mn_name=news
388,"스텔란티스, ‘세계 여성 올해의 차’ 2개 부문 수상… 지프 랭글러 4xe·푸조 308 선정",https://www.donga.com/news/article/all/20220218/111877284/2
389,퍼팅만 잘하면 푸조 208 오너 된다,http://www.sportsworldi.com/Articles/LeisureLife/Article.asp?aid=20130529002671&OutUrl=naver
390,1리터로 21km를 간다고? ‘푸조 208’ 연비 마라톤 대회 연다,http://www.khan.co.kr/kh_news/art_view.html?artid=201404041416381&code=920508
391,"푸조, 연비 21.1㎞/ℓ '208 에코(eco)' 출시… 2390만원",http://www.newscj.com/news/articleView.html?idxno=232473
392,"푸조, 고성능 PHEV '508 PSE' 세계 최초 공개. 韓 투입 미정. 가솔린부터 출시",http://www.autodaily.co.kr/news/articleView.html?idxno=422528
393,"푸조 '208 T16 파익스 피크', 탑기어 선정 '올해의 레이싱카'",http://www.osen.co.kr/article/G1109747856
394,"푸조 208 T16 파익스 피크, 올해의 레이싱카 2관왕",http://www.sportsworldi.com/Articles/LeisureLife/Article.asp?aid=20131219023679&OutUrl=naver
395,"푸조-시트로엥, ""퍼팅 달인에게 208 전달했죠""",http://www.etnews.com/news/home_mobile/automobile/2850597_1485.html
396,"푸조, 우승상품 '208' 아마추어 퍼팅 달인 대회 성료",http://www.osen.co.kr/article/G1109709862
397,"푸조, '아트광주13'서 '208 아트카' 선보여",http://kr.aving.net/news/view.php?articleId=721139&Branch_ID=kr&rssid=naver&mn_name=news
398,"스텔란티스, ‘세계 여성 올해의 차’ 2개 부문 수상… 지프 랭글러 4xe·푸조 308 선정",https://www.donga.com/news/article/all/20220218/111877284/2
399,퍼팅만 잘하면 푸조 208 오너 된다,http://www.sportsworldi.com/Articles/LeisureLife/Article.asp?aid=20130529002671&OutUrl=naver
400,"푸조 ""208 연비경연 시승하세요""",http://view.asiae.co.kr/news/view.htm?idxno=2014040413154458048
401,"푸조, 연비 21.1㎞/ℓ '208 에코(eco)' 출시… 2390만원",http://www.newscj.com/news/articleView.html?idxno=232473
402,"푸조, 고성능 PHEV '508 PSE' 세계 최초 공개. 韓 투입 미정. 가솔린부터 출시",http://www.autodaily.co.kr/news/articleView.html?idxno=422528
403,"푸조 '208 T16 파익스 피크', 탑기어 선정 '올해의 레이싱카'",http://www.osen.co.kr/article/G1109747856
404,"푸조 208 T16 파익스 피크, 올해의 레이싱카 2관왕",http://www.sportsworldi.com/Articles/LeisureLife/Article.asp?aid=20131219023679&OutUrl=naver
405,"푸조-시트로엥, ""퍼팅 달인에게 208 전달했죠""",http://www.etnews.com/news/home_mobile/automobile/2850597_1485.html
406,"푸조, 우승상품 '208' 아마추어 퍼팅 달인 대회 성료",http://www.osen.co.kr/article/G1109709862
407,"푸조, '아트광주13'서 '208 아트카' 선보여",http://kr.aving.net/news/view.php?articleId=721139&Branch_ID=kr&rssid=naver&mn_name=news
408,"스텔란티스, ‘세계 여성 올해의 차’ 2개 부문 수상… 지프 랭글러 4xe·푸조 308 선정",https://www.donga.com/news/article/all/20220218/111877284/2
409,퍼팅만 잘하면 푸조 208 오너 된다,http://www.sportsworldi.com/Articles/LeisureLife/Article.asp?aid=20130529002671&OutUrl=naver
410,QM3에서 넘어가야 하나? 파격적인 가격 내세운 푸조 '208 에코',http://www.kbench.com/life/?no=131879&sc=1
411,"푸조, 고성능 PHEV '508 PSE' 세계 최초 공개. 韓 투입 미정. 가솔린부터 출시",http://www.autodaily.co.kr/news/articleView.html?idxno=422528
412,"푸조 '208 T16 파익스 피크', 탑기어 선정 '올해의 레이싱카'",http://www.osen.co.kr/article/G1109747856
413,"푸조 208 T16 파익스 피크, 올해의 레이싱카 2관왕",http://www.sportsworldi.com/Articles/LeisureLife/Article.asp?aid=20131219023679&OutUrl=naver
414,"푸조-시트로엥, ""퍼팅 달인에게 208 전달했죠""",http://www.etnews.com/news/home_mobile/automobile/2850597_1485.html
415,"푸조, 우승상품 '208' 아마추어 퍼팅 달인 대회 성료",http://www.osen.co.kr/article/G1109709862
416,"푸조, '아트광주13'서 '208 아트카' 선보여",http://kr.aving.net/news/view.php?articleId=721139&Branch_ID=kr&rssid=naver&mn_name=news
417,"스텔란티스, ‘세계 여성 올해의 차’ 2개 부문 수상… 지프 랭글러 4xe·푸조 308 선정",https://www.donga.com/news/article/all/20220218/111877284/2
418,퍼팅만 잘하면 푸조 208 오너 된다,http://www.sportsworldi.com/Articles/LeisureLife/Article.asp?aid=20130529002671&OutUrl=naver
419,스텔란티스 지프·푸조 '여성 車기자가 뽑은 올해의 차' 2개 부문 거머줘,https://www.news2day.co.kr/article/20220217500247
420,푸조 프리미엄 해치백 208 에코 모델 출시... 국내 수입 디젤 중 최저가,http://www.fnnews.com/view?ra=Sent0601m_01A&corp=fnnews&arcid=201403240100258800013168&cDateYear=2014&cDateMonth=03&cDateDay=24&
421,"푸조, 고성능 PHEV '508 PSE' 세계 최초 공개. 韓 투입 미정. 가솔린부터 출시",http://www.autodaily.co.kr/news/articleView.html?idxno=422528
422,"푸조 '208 T16 파익스 피크', 탑기어 선정 '올해의 레이싱카'",http://www.osen.co.kr/article/G1109747856
423,"푸조 208 T16 파익스 피크, 올해의 레이싱카 2관왕",http://www.sportsworldi.com/Articles/LeisureLife/Article.asp?aid=20131219023679&OutUrl=naver
424,"푸조-시트로엥, ""퍼팅 달인에게 208 전달했죠""",http://www.etnews.com/news/home_mobile/automobile/2850597_1485.html
425,"푸조, 우승상품 '208' 아마추어 퍼팅 달인 대회 성료",http://www.osen.co.kr/article/G1109709862
426,"푸조, '아트광주13'서 '208 아트카' 선보여",http://kr.aving.net/news/view.php?articleId=721139&Branch_ID=kr&rssid=naver&mn_name=news
427,"스텔란티스, ‘세계 여성 올해의 차’ 2개 부문 수상… 지프 랭글러 4xe·푸조 308 선정",https://www.donga.com/news/article/all/20220218/111877284/2
428,퍼팅만 잘하면 푸조 208 오너 된다,http://www.sportsworldi.com/Articles/LeisureLife/Article.asp?aid=20130529002671&OutUrl=naver
429,스텔란티스 지프·푸조 '여성 車기자가 뽑은 올해의 차' 2개 부문 거머줘,https://www.news2day.co.kr/article/20220217500247
430,"푸조 208 T16, 올해의 레이싱카·랠리카 선정…막강 성능 과시",http://car.donga.com/3/all/20131219/59667269/1
431,"푸조-시트로엥, ""퍼팅 달인에게 208 전달했죠""",http://www.etnews.com/news/home_mobile/automobile/2850597_1485.html
432,"푸조, 우승상품 '208' 아마추어 퍼팅 달인 대회 성료",http://www.osen.co.kr/article/G1109709862
433,"푸조, '아트광주13'서 '208 아트카' 선보여",http://kr.aving.net/news/view.php?articleId=721139&Branch_ID=kr&rssid=naver&mn_name=news
434,"스텔란티스, ‘세계 여성 올해의 차’ 2개 부문 수상… 지프 랭글러 4xe·푸조 308 선정",https://www.donga.com/news/article/all/20220218/111877284/2
435,퍼팅만 잘하면 푸조 208 오너 된다,http://www.sportsworldi.com/Articles/LeisureLife/Article.asp?aid=20130529002671&OutUrl=naver
436,스텔란티스 지프·푸조 '여성 車기자가 뽑은 올해의 차' 2개 부문 거머줘,https://www.news2day.co.kr/article/20220217500247
437,[포토] 208 GT Line의 스포티한 감각을 강조한 붉은색 푸조 레터링,http://autoin.edaily.co.kr/news/newspath.asp?newsid=01695766615795424
438,"<시승기> 푸조208 ""'폴로' 한 번 붙어보자!""",http://www.ajunews.com/kor/view.jsp?newsId=20130523000303
439,"푸조 뉴 208, 디자인은 세련됐지만 성능은 아쉬워",http://biz.chosun.com/site/data/html_dir/2013/04/26/2013042600554.html
440,"푸조, '아트광주13'서 '208 아트카' 선보여",http://kr.aving.net/news/view.php?articleId=721139&Branch_ID=kr&rssid=naver&mn_name=news
441,"스텔란티스, ‘세계 여성 올해의 차’ 2개 부문 수상… 지프 랭글러 4xe·푸조 308 선정",https://www.donga.com/news/article/all/20220218/111877284/2
442,퍼팅만 잘하면 푸조 208 오너 된다,http://www.sportsworldi.com/Articles/LeisureLife/Article.asp?aid=20130529002671&OutUrl=naver
443,스텔란티스 지프·푸조 '여성 車기자가 뽑은 올해의 차' 2개 부문 거머줘,https://www.news2day.co.kr/article/20220217500247
444,[포토] 208 GT Line의 스포티한 감각을 강조한 붉은색 푸조 레터링,http://autoin.edaily.co.kr/news/newspath.asp?newsid=01695766615795424
445,"<시승기> 푸조208 ""'폴로' 한 번 붙어보자!""",http://www.ajunews.com/kor/view.jsp?newsId=20130523000303
446,"푸조 뉴 208, 디자인은 세련됐지만 성능은 아쉬워",http://biz.chosun.com/site/data/html_dir/2013/04/26/2013042600554.html
447,"밀레, 푸조 협업 골프 라인 ‘208 재킷’ 출시",http://www.moneyweek.co.kr/news/mwView.php?type=1&no=2015093010358094648&outlink=1
448,"[시승기] 크기 줄었는데, 실내 공간 넓어졌네… 푸조 해치백 208",http://www.imaeil.com/sub_news/sub_news_view.php?news_id=20158&yy=2013
449,"밀레, 푸조와 손잡다…골프 라인 '208 재킷' 출시",http://www.ajunews.com/view/20150929115833572
450,"예술혼 입은 푸조, ‘208 아트카’ 첫선",http://www.ajunews.com/kor/view.jsp?newsId=20130905000226
451,퍼팅만 잘하면 푸조 208 오너 된다,http://www.sportsworldi.com/Articles/LeisureLife/Article.asp?aid=20130529002671&OutUrl=naver
452,스텔란티스 지프·푸조 '여성 車기자가 뽑은 올해의 차' 2개 부문 거머줘,https://www.news2day.co.kr/article/20220217500247
453,[포토] 208 GT Line의 스포티한 감각을 강조한 붉은색 푸조 레터링,http://autoin.edaily.co.kr/news/newspath.asp?newsid=01695766615795424
454,"<시승기> 푸조208 ""'폴로' 한 번 붙어보자!""",http://www.ajunews.com/kor/view.jsp?newsId=20130523000303
455,"푸조 뉴 208, 디자인은 세련됐지만 성능은 아쉬워",http://biz.chosun.com/site/data/html_dir/2013/04/26/2013042600554.html
456,"밀레, 푸조 협업 골프 라인 ‘208 재킷’ 출시",http://www.moneyweek.co.kr/news/mwView.php?type=1&no=2015093010358094648&outlink=1
457,"[시승기] 크기 줄었는데, 실내 공간 넓어졌네… 푸조 해치백 208",http://www.imaeil.com/sub_news/sub_news_view.php?news_id=20158&yy=2013
458,"밀레, 푸조와 손잡다…골프 라인 '208 재킷' 출시",http://www.ajunews.com/view/20150929115833572
459,"[시승기] 푸조'208', 작은 체구에서 나오는 놀랄만한 코너링",http://www.hankyung.com/news/app/newsview.php?aid=2013042248871
460,"스텔란티스 지프-푸조, '세계 여성이 뽑은 올해의 차' 2개 부문 수상",http://www.sportsseoul.com/news/read/1098845?ref=naver
461,"푸조 뉴 208, 디자인은 세련됐지만 성능은 아쉬워",http://biz.chosun.com/site/data/html_dir/2013/04/26/2013042600554.html
462,"밀레, 푸조 협업 골프 라인 ‘208 재킷’ 출시",http://www.moneyweek.co.kr/news/mwView.php?type=1&no=2015093010358094648&outlink=1
463,"[시승기] 크기 줄었는데, 실내 공간 넓어졌네… 푸조 해치백 208",http://www.imaeil.com/sub_news/sub_news_view.php?news_id=20158&yy=2013
464,"밀레, 푸조와 손잡다…골프 라인 '208 재킷' 출시",http://www.ajunews.com/view/20150929115833572
465,"[시승기] 푸조'208', 작은 체구에서 나오는 놀랄만한 코너링",http://www.hankyung.com/news/app/newsview.php?aid=2013042248871
466,"푸조 208, 다운사이징 '성공사례'",http://news.mtn.co.kr/newscenter/news_viewer.mtn?gidx=2013040520150874014
467,[서울모터쇼] 푸조 208·3008 등 아시아 프리미어,http://biz.chosun.com/site/data/html_dir/2013/03/26/2013032600267.html
468,[시승기]푸조 208,https://news.naver.com/main/read.naver?mode=LSD&mid=sec&sid1=101&oid=011&aid=0002306993
469,‘귀요미’ 소형차 쏟아지네…미니 아성에 피아트(친퀘첸토)·푸조(208)·GM(트랙스) ‘도전’,http://news.mk.co.kr/news_forward.php?domain=news&no=131084&year=2013
470,"밀레, 푸조와 손잡다…골프 라인 '208 재킷' 출시",http://www.ajunews.com/view/20150929115833572
471,"[시승기] 푸조'208', 작은 체구에서 나오는 놀랄만한 코너링",http://www.hankyung.com/news/app/newsview.php?aid=2013042248871
472,"푸조 208, 다운사이징 '성공사례'",http://news.mtn.co.kr/newscenter/news_viewer.mtn?gidx=2013040520150874014
473,[서울모터쇼] 푸조 208·3008 등 아시아 프리미어,http://biz.chosun.com/site/data/html_dir/2013/03/26/2013032600267.html
474,[시승기]푸조 208,https://news.naver.com/main/read.naver?mode=LSD&mid=sec&sid1=101&oid=011&aid=0002306993
475,‘귀요미’ 소형차 쏟아지네…미니 아성에 피아트(친퀘첸토)·푸조(208)·GM(트랙스) ‘도전’,http://news.mk.co.kr/news_forward.php?domain=news&no=131084&year=2013
476,"푸조, 프리미엄 해치백 208 전국 시승 이벤트 실시",http://news1.kr/articles/1010024
477,연비 30위내 국산차 5개 뿐…푸조208 연비왕,http://app.yonhapnews.co.kr/YNA/Basic/SNS/r.aspx?c=MYH20150706002900038&did=1825m
478,"푸조 208, 브라질 생산 개시",http://autotimes.hankyung.com/apps/news.sub_view?popup=0&nid=04&c1=04&c2=04&c3=00&nkey=201301311747141
479,"[시승기] 푸조 '208', 연비왕을 낚아챈 '아기 사자'",http://www.osen.co.kr/article/G1109529149
480,"푸조, 프리미엄 해치백 208 전국 시승 이벤트 실시",http://www2.enewstoday.co.kr/sub_read.html?uid=279930§ion=sc5
481,연비 30위내 국산차 5개 뿐…푸조208 연비왕,http://app.yonhapnews.co.kr/YNA/Basic/SNS/r.aspx?c=MYH20150706002900038&did=1825m
482,"푸조 208, 브라질 생산 개시",http://autotimes.hankyung.com/apps/news.sub_view?popup=0&nid=04&c1=04&c2=04&c3=00&nkey=201301311747141
483,"[시승기] 푸조 '208', 연비왕을 낚아챈 '아기 사자'",http://www.osen.co.kr/article/G1109529149
484,연비王 '푸조 208에코' 출시…240만원 인하,http://biz.newdaily.co.kr/news/article.html?no=10033240
485,"푸조 208, 토요타 프리우스보다 연비 높아",https://news.naver.com/main/read.naver?mode=LSD&mid=sec&sid1=101&oid=011&aid=0002294481
486,"­푸조 208, 스페인 '2013 최고의 차' 선정",http://www.sportsworldi.com/Articles/LeisureLife/Article.asp?aid=20130103024259&OutUrl=naver
487,"푸조 '208', '2013 유럽 올해의 차' 최종후보 올랐다",http://news1.kr/articles/941930
488,"[시승]소형 해치백의 고급화, 푸조 208",http://autotimes.hankyung.com/apps/news.sub_view?popup=0&nid=08&c1=08&c2=08&c3=00&nkey=201212141628391
489,[CAR] ‘푸조 208’ 운전자의 편안함 먼저 생각했죠,http://news.donga.com/3/all/20121121/51002341/1
490,"푸조 208, 토요타 프리우스보다 연비 높아",https://news.naver.com/main/read.naver?mode=LSD&mid=sec&sid1=101&oid=011&aid=0002294481
491,"­푸조 208, 스페인 '2013 최고의 차' 선정",http://www.sportsworldi.com/Articles/LeisureLife/Article.asp?aid=20130103024259&OutUrl=naver
492,"푸조 '208', '2013 유럽 올해의 차' 최종후보 올랐다",http://news1.kr/articles/941930
493,"[시승]소형 해치백의 고급화, 푸조 208",http://autotimes.hankyung.com/apps/news.sub_view?popup=0&nid=08&c1=08&c2=08&c3=00&nkey=201212141628391
494,[CAR] ‘푸조 208’ 운전자의 편안함 먼저 생각했죠,http://news.donga.com/3/all/20121121/51002341/1
495,수입차 연비 비교했더니...푸조 208 '연비 킹',http://sports.chosun.com/news/ntype.htm?id=201402140100131850008851&servicedate=20140213
496,"푸조 208, 소형 해치백 주도 '자신'",http://autotimes.hankyung.com/apps/news.sub_view?popup=0&nid=03&c1=03&c2=03&c3=00&nkey=201211151408091
497,"2900만원대 푸조 208, 국내 판매 시작",http://www.khan.co.kr/kh_news/art_view.html?artid=201211151620481&code=920508
498,"푸조, 컴팩트 프리미엄 해치백 208 국내 시장 출시",http://www.sportsworldi.com/Articles/LeisureLife/Article.asp?aid=20121114023651&OutUrl=naver
499,"""MINI·골프 덤벼!"" 푸조, 고연비 해치백 208 출시",http://www.ajunews.com/common/redirect.jsp?newsId=20121114000330
