,title,url
0,"쌍용차 인수후보 4곳, 최종 인수전 참여할 듯…최종 변수는",http://news.mt.co.kr/mtview.php?no=2022050513463898802
1,"쌍용차, 2개월 연속 8000대 판매 돌파",http://www.fntimes.com/html/view.php?ud=2022050316393045417de3572ddd_18
2,"쌍용차, 가정의달 맞아 군경·직계가족 등에 할인",http://www.newsis.com/view/?id=NISX20220502_0001856047&cID=13001&pID=13000
3,쌍용차도 테슬라처럼?...자율주행 기술 확보 나섰다,https://economist.co.kr/2022/05/02/industry/normal/20220502170005932.html
4,"배터리 공급 끊긴 쌍용 첫 전기차 '코란도 이모션', 이달부터 생산 중단",http://www.autodaily.co.kr/news/articleView.html?idxno=433587
5,판 커진 쌍용차 인수전 승자는?… 인수가 띄우기 히든카드는 SUV 'J100',http://moneys.mt.co.kr/news/mwView.php?no=2022042917161075389
6,상폐 압박 쌍용차 4월 실적 '파란',http://www.smedaily.co.kr/news/articleView.html?idxno=229974
7,[시경25시] 청산? 부활?... 벼랑끝에 선 '24년 비운'의 쌍용차,http://www.meconomynews.com/news/articleView.html?idxno=66150
8,가정의 달 특수 노리는 국산차 5월 판매조건,http://autotimes.hankyung.com/apps/news.sub_view?popup=0&nid=03&c1=03&c2=03&c3=00&nkey=202205021647131
9,"[르포] 침묵에 휩싸인 쌍용차 평택공장…노조 ""매각에는 노사 따로 없다""",https://www.yna.co.kr/view/AKR20220414163000003?did=1195m
10,"쌍용차 노조 ""파업만 하던 예전 모습은 없을 것…J100 6월 양산 목표""",http://news.mt.co.kr/mtview.php?no=2022042110362825268
11,"적자 지속 한국GM·르노코리아·쌍용차, 친환경차·SUV로 반등 모색",http://news.einfomax.co.kr/news/articleView.html?idxno=4211603
12,[궁금해궁금해] 상식적으로 이해 안 되는 쌍용차 인수전 열기...염불보다 잿밥?,https://biz.sbs.co.kr/article_hub/20000060321?division=NAVER
13,"쌍용차, 가정의 달 5월 다양한 차종별 구매혜택 제공",http://www.segyebiz.com/newsView/20220504502552?OutUrl=naver
14,"내수 실적 나홀로 웃은 쌍용차, 픽업+J100 재매각 이끈다",http://www.newspim.com/news/view/20220504000820
15,"쌍용차, 홀로 판매 상승세…""재매각만 잘 되면 되는데""",http://www.sporbiz.co.kr/news/articleView.html?idxno=618003
16,볼수록 탐스런 쌍용차?…1조원 필요한데도 인수 경쟁 붙는 이유는?,https://www.mk.co.kr/economy/view/2022/337730
17,"쌍용차, 인수전·상폐 여부 속 'J100' 등장에 관련주 '촉각'",https://www.nbntv.co.kr/news/articleView.html?idxno=969980
18,"""이렇게 나오면 '쌍용차' 산다""…무쏘 후속, '3000만원대' 판매 유력[왜몰랐을카]",http://news.mk.co.kr/newsRead.php?no=375898&year=2022
19,"“쌍용차는 도약의 발판만 마련되면 다시 할 수 있습니다""",http://moneys.mt.co.kr/news/mwView.php?no=2022042216348072569
20,쌍용차 ‘주인 찾아 삼만리’… 이번엔 새 주인 만날까,http://www.skyedaily.com/news/news_view.html?ID=155614
21,[르포] 쌍용차의 뒤늦은 반성… “강성노조 이미지 벗고 싶다”,https://biz.chosun.com/industry/car/2022/04/15/YGBJY53WCFBTDMATORODYKKCFI/?utm_source=naver&utm_medium=original&utm_campaign=biz
22,다시 기로에 선 쌍용차와 尹의 생각,http://www.thescoop.co.kr/news/articleView.html?idxno=54149
23,한덕수발 쌍용차 재매각 훈풍?…기대작 'J100'이 관건,https://www.ebn.co.kr/news/view/1528960/?sc=Naver
24,3월 르노코리아 수출 ‘훨훨’ 한국GM 내수 ‘울상’ 쌍용차 국내외 ‘맑음’,https://www.businesspost.co.kr/BP?command=article_view&num=279800
25,"""한 대라도 더""…'임금삭감' 감수하고 팔 걷은 쌍용차 직원들 [현장+]",https://www.hankyung.com/economy/article/202204147442g
26,"재매각 추진 쌍용차 ""인수 기업, 자금이나 기술 둘 중 하나는 있어야""",https://www.hankyung.com/economy/article/202204146406i
27,"“이번엔 진짜”…쌍용차 인수 ‘4파전’, 자금력·진정성 갖춘 곳 있을까",https://www.seoul.co.kr/news/newsView.php?id=20220421500126&wlog_tag3=naver
28,[뉴스외전 포커스] 치열한 '쌍용차 인수전'‥그 진짜 이유는?,https://imnews.imbc.com/replay/2022/nw1400/article/6361867_35722.html
29,"[기자수첩]쌍용차 매각, 정부의 관심·역할 절실",http://moneys.mt.co.kr/news/mwView.php?no=2022040722108062809
30,"'오뚝이' 쌍용차, 이번에도 다시 일어설까? [옛날신문 보기]",http://www.sisaon.co.kr/news/articleView.html?idxno=137984
31,"쌍용차 J100, 하반기 SUV 대전 주도한다",https://www.asiatime.co.kr/article/20220428500451
32,"“벌써 2000억원 돌파”…쌍용차, 6년 만에 최대 수출 실적 노린다",http://www.dt.co.kr/contents.html?article_no=2022042802109932064007&ref=naver
33,쌍용차 재매각 시동…이번엔 진짜일까,http://news.bizwatch.co.kr/article/industry/2022/04/14/0020
34,쌍용차 재매각 시동…'쩐주' 쥔 쪽이 승기,https://www.dailian.co.kr/news/view/1102287/?sc=Naver
35,[달아오르는 쌍용차 인수전] 회생채권 등 상환만 8000억… 결국 자금력,http://www.dt.co.kr/contents.html?article_no=2022041202100332064002&ref=naver
36,"쌍용차 인수, KG·쌍방울·파빌리온 '3파전'…19일부터 예비실사",http://daily.hankooki.com/news/articleView.html?idxno=813907
37,"쌍용차, ‘봄맞이 차량 무상점검’ 서비스…23일까지 진행",https://www.inthenews.co.kr/news/article.html?no=45348
38,쌍용차 인수전 진검승부 시작...KG그룹 vs 쌍방울그룹,https://www.ytn.co.kr/_ln/0102_202204100509144501
39,"쌍용차-대리점협의회 ‘J100’ 성공 결의대회, “쌍용차 회생 발판”",https://www.businesspost.co.kr/BP?command=article_view&num=278205
40,"""매일 잔업에 특근""…'재매각 기대' 쌍용차, 재기 의지 활활 [현장+]",https://www.hankyung.com/economy/article/202204129586g
41,"""쌍용차, '티볼리급' 신차 나와야 산다""",http://www.newstomato.com/ReadNews.aspx?no=1116452&inflow=N
42,"쌍용차, ‘봄맞이 고객감사 차량 무상점검 서비스’",http://www.segyebiz.com/newsView/20220412500801?OutUrl=naver
43,“쌍용차 투자 재개땐 시간당 60대 생산”,http://news.heraldcorp.com/view.php?ud=20220415000413
44,"""스스로 급여삭감·무급휴직""…M&A만 기다리는 쌍용차 직원들",http://news.mt.co.kr/mtview.php?no=2022041416214253708
45,쌍용차 인수 '3파전'...예비실사 개시,https://www.youthdaily.co.kr/news/article.html?no=98061
46,"아무도 안 산다던 쌍용차, 재매각서 관심 받는 이유는?",http://www.sisajournal-e.com/news/articleView.html?idxno=266963
47,[르포]뒤숭숭한 쌍용차…그래도 공장은 돈다,https://view.asiae.co.kr/article/2022041508354865437
48,"KG or 쌍방울, 쌍용차 인수로 시너지 창출 가능할까",http://www.sporbiz.co.kr/news/articleView.html?idxno=615921
49,"쌍용차 구원투수 J100, 6월 양산 ‘이상 무!’..흥행 자신하는 이유는?",http://www.dailycar.co.kr/content/news.html?type=view&autoId=43903
50,"쌍용차, 올 6월 'J100' 전진 배치…개발팀도 '배수진' 쳤다",https://www.asiatime.co.kr/article/20220420500272
51,"[르포]M&A 염원 가득한 쌍용차 평택공장...""일하고 싶습니다""",http://www.m-i.kr/news/articleView.html?idxno=912466
52,"쌍용 코란도 이모션, 첫 달 출고 겨우 78대. 배터리 없어 생산 못해",http://www.autodaily.co.kr/news/articleView.html?idxno=432652
53,"'인수 무산' 쌍용차, 신차 J100·전기차 코란도 이모션으로 재도약 노린다",http://www.pinpointnews.co.kr/news/articleView.html?idxno=106131
54,코란도 이모션에 달린 쌍용차 새주인 찾기,http://www.sisajournal-e.com/news/articleView.html?idxno=263925
55,"쌍용차, 4월 코란도·티볼리 봄나들이 유류비 최대 80만원 지원",http://news.mk.co.kr/newsRead.php?no=293853&year=2022
56,쌍용차 인수 무산 가능성↑ ...강영권의 코란도 이모션 '주행거리 개선' 약속은?,http://www.pinpointnews.co.kr/news/articleView.html?idxno=104985
57,"""현금 지원·무이자 할부""…5월에 車싸게 사는 방법",http://www.edaily.co.kr/news/newspath.asp?newsid=02719126632325640
58,악재 쌓이는 쌍용차···채권단 반대에 코란도 이모션 생산 문제 겹쳐,http://www.sisajournal-e.com/news/articleView.html?idxno=261085
59,"쌍용차, 코란도 이모션 빼면 1달 이내 출고...현대차·기아는 '기본 2달'",http://www.pinpointnews.co.kr/news/articleView.html?idxno=104464
60,"쌍용차, 코란도 이모션·렉스턴 스포츠칸 전기차로 승부수 띄우나!",http://www.dailycar.co.kr/content/news.html?type=view&autoId=43361
61,"쌍용차, 첫 전기차 '코란도 이모션' 유럽 조기 완판 예상",https://www.theguru.co.kr/news/article.html?no=32357
62,"""염불보단 잿밥"" 쌍용차 노리는 이상한 출사표",http://www.thescoop.co.kr/news/articleView.html?idxno=54026
63,'인수 무산' 가능성 거론되는 쌍용차의 유일한 희망 '코란도 이모션',http://www.pinpointnews.co.kr/news/articleView.html?idxno=101049
64,"[특징주] 에디슨EV, 쌍용차 코란도 신버전 일조했다..주가는?",https://www.nbntv.co.kr/news/articleView.html?idxno=960449
65,“배터리가 부족해”… 쌍용차 ‘코란도 이모션’ 계약중단에 흥행 제동,http://moneys.mt.co.kr/news/mwView.php?no=2022022416508029839
66,(영상)코란도 이모션 인기…쌍용차 전동화 견인은 '글쎄',http://www.newstomato.com/ReadNews.aspx?no=1107780&inflow=N
67,"쌍용차, 코란도 이모션 계약중단…""배터리 없어 못 만들어""",https://www.dailian.co.kr/news/view/1084450/?sc=Naver
68,쌍용차 첫 전기차 ‘코란도 이모션’ 상쾌한 출발,http://www.fntimes.com/html/view.php?ud=202202112318265671dd55077bc2_18
69,(영상)쌍용 '코란도 이모션'은 왜 전기차 보조금 100% 못 받나,http://www.edaily.co.kr/news/newspath.asp?newsid=03978646632232816
70,"쌍용차 코란도 이모션, '갓성비'로 전기차 성공할까",https://www.dailian.co.kr/news/view/1079762/?sc=Naver
71,쌍용 첫 전기차 '코란도 이모션' – 현대 '캐스퍼 밴' – 볼보 C40리차지 OTA SW 업데이트 [모터그램],http://www.sisunnews.co.kr/news/articleView.html?idxno=157289
72,“초도물량 3500대 완판”…쌍용차 첫 전기 SUV '코란도 이모션' 출시,http://news.mk.co.kr/newsRead.php?no=96637&year=2022
73,"""2천만 원대 전기차 SUV""…쌍용차, 코란도 이모션 출시",http://www.wowtv.co.kr/NewsCenter/News/Read?articleId=A202202030100&t=NN
74,"[자동차오늘] 쌍용차, 첫 전기SUV '코란도 이모션' 출시…캐딜락, 2월 특별 프로모션 진행",http://www.sisaon.co.kr/news/articleView.html?idxno=135941
75,"쌍용차, 2천만원대 '가성비' 전기SUV '코란도 이모션' 론칭",http://www.efnews.co.kr/news/articleView.html?idxno=94119
76,"쌍용차, 코란도 이모션 프로모션…선수금 없이 72개월 할부",https://www.ebn.co.kr/news/view/1518434/?sc=Naver
77,[조재환 칼럼] ADAS 실행시 운전중 키스해도 될까..쌍용차 코란도 이모션 광고 화제!,http://www.dailycar.co.kr/content/news.html?type=view&autoId=42847
78,"쌍용차, ‘코란도 이모션’ 흥행 돌풍…전기 SUV 판도 바꾼다",https://sports.donga.com/article/all/20220206/111604284/1
79,"쌍용차, 전기SUV ‘코란도 이모션’ 사전계약...3880만원부터",http://www.electimes.com/article.php?aid=1642075292227839094
80,"쌍용차 첫 전기차 코란도 이모션 흥행 조짐, 전동화 전환 마중물될까",https://www.businesspost.co.kr/BP?command=article_view&num=268186
81,"쌍용차, 첫 번째 준중형 전기 SUV '코란도 이모션' 사전계약",http://www.bizwnews.com/news/articleView.html?idxno=31560
82,"쌍용차, 가격 경쟁력 앞세운 '코란도 이모션'으로 활로 모색",http://www.sisajournal-e.com/news/articleView.html?idxno=249598
83,"쌍용차, 전기차 구원투수 '코란도 이모션' 사전계약 실시",http://www.opinionnews.co.kr/news/articleView.html?idxno=60135
84,쌍용차 첫 전기차 '코란도 이모션' 2000만 원대 가성비 승부수,http://www.lcnews.co.kr/news/articleView.html?idxno=29041
85,"[2022 신차] 르노 XM3·쌍용 코란도, 하이브리드·전기차로 나온다",https://biz.chosun.com/industry/car/2022/01/06/UKZZMG5RUFBGTNQ5RU73OT26KU/?utm_source=naver&utm_medium=original&utm_campaign=biz
86,'반도체 부족' 車판매량 두달째 감소…4월 57.5만대 전년比 9.78%↓(종합),https://www.news1.kr/articles/?4669486
87,"""나오면 대박"" 호평에 진짜 '개발'…'부활' 쌍용차 정통 코란도, 출시 일정은[세상만車]",https://premium.mk.co.kr/view.php?no=31277
88,[기차수첩] 쌍용차를 잃고 싶지 않다면,http://www.sporbiz.co.kr/news/articleView.html?idxno=615435
89,"쌍용차, 1월 코란도∙티볼리 일시불 구매자 ADAS 무상 장착",http://www.shinailbo.co.kr/news/articleView.html?idxno=1501535
90,쌍용자동차가 첫 순수 전기차로 내놓은 '코란도 이모션' 디자인 공개됐다 (사진),https://www.wikitree.co.kr/articles/716521
91,"쌍용차 코란도.티볼리.티볼리 에어, 새해 맞이 다양한 구매혜택 제공",http://www.sportsseoul.com/news/read/1088566?ref=naver
92,쌍용에서 야심차게 내놓은 순수전기차 '코란도 이모션' 실사,https://www.insight.co.kr/news/373009
93,쌍용차 첫 전기차 ‘코란도 이모션’ 이달 사전계약… 구원투수 될까,https://biz.chosun.com/industry/car/2021/12/13/26R2YJ547NAXNKI7JL6RTXM3YE/?utm_source=naver&utm_medium=original&utm_campaign=biz
94,"""中 전기차 보다 코란도 이모션 추천""…프랑스 유력 매체 호평",https://www.theguru.co.kr/news/article.html?no=32600
95,"쌍용 첫 전기차 '코란도 이모션' 호주 출시 전망…""내년 초 차량 평가""",http://www.straightnews.co.kr/news/articleView.html?idxno=121346
96,"쌍용차, 전기차 '코란도 이모션' 유럽 가격 책정 매듭…출시 '초읽기'",https://www.theguru.co.kr/news/article.html?no=28769
97,[TV 데일리카] 쌍용차 코란도 이모션..2000만원대 가격 가능할까?,http://www.dailycar.co.kr/content/news.html?type=view&autoId=42472
98,"쌍용차, 내달 '코란도 이모션' 사전계약…""전동화 속도 낸다""",http://www.newstomato.com/ReadNews.aspx?no=1090699&inflow=N
99,"쌍용차, '코란도 전기차' 내달 '사전계약'…MZ부터 아재까지 '전세대' 공략",https://www.asiatime.co.kr/article/20211128500070
100,"(현장+)""쌍용차 평택공장에서 일 좀 더하고 싶어요""",http://www.newstomato.com/ReadNews.aspx?no=1117391&inflow=N
101,"KG or 쌍방울, 쌍용차 인수로 시너지 창출 가능할까",http://www.sporbiz.co.kr/news/articleView.html?idxno=615921
102,"쌍용차 구원투수 J100, 6월 양산 ‘이상 무!’..흥행 자신하는 이유는?",http://www.dailycar.co.kr/content/news.html?type=view&autoId=43903
103,"쌍용차, 올 6월 'J100' 전진 배치…개발팀도 '배수진' 쳤다",https://www.asiatime.co.kr/article/20220420500272
104,"[르포]M&A 염원 가득한 쌍용차 평택공장...""일하고 싶습니다""",http://www.m-i.kr/news/articleView.html?idxno=912466
105,"쌍용 코란도 이모션, 첫 달 출고 겨우 78대. 배터리 없어 생산 못해",http://www.autodaily.co.kr/news/articleView.html?idxno=432652
106,"'1대라도 더 팔자'…르쌍쉐, 인기 차종도 초저리 장기할부 판매",https://www.asiatime.co.kr/article/20220502500097
107,[르포] 쌍용차 “신차 J100 70% 단계...인수기업 자금·기술력 하나는 갖춰야” [비즈360],http://news.heraldcorp.com/view.php?ud=20220415000256
108,"'인수 무산' 쌍용차, 신차 J100·전기차 코란도 이모션으로 재도약 노린다",http://www.pinpointnews.co.kr/news/articleView.html?idxno=106131
109,코란도 이모션에 달린 쌍용차 새주인 찾기,http://www.sisajournal-e.com/news/articleView.html?idxno=263925
110,코란도 이모션에 달린 쌍용차 새주인 찾기,http://www.sisajournal-e.com/news/articleView.html?idxno=263925
111,"쌍용차, 4월 코란도·티볼리 봄나들이 유류비 최대 80만원 지원",http://news.mk.co.kr/newsRead.php?no=293853&year=2022
112,쌍용차 인수 무산 가능성↑ ...강영권의 코란도 이모션 '주행거리 개선' 약속은?,http://www.pinpointnews.co.kr/news/articleView.html?idxno=104985
113,"""현금 지원·무이자 할부""…5월에 車싸게 사는 방법",http://www.edaily.co.kr/news/newspath.asp?newsid=02719126632325640
114,악재 쌓이는 쌍용차···채권단 반대에 코란도 이모션 생산 문제 겹쳐,http://www.sisajournal-e.com/news/articleView.html?idxno=261085
115,"쌍용차, 코란도 이모션 빼면 1달 이내 출고...현대차·기아는 '기본 2달'",http://www.pinpointnews.co.kr/news/articleView.html?idxno=104464
116,"쌍용차, 코란도 이모션·렉스턴 스포츠칸 전기차로 승부수 띄우나!",http://www.dailycar.co.kr/content/news.html?type=view&autoId=43361
117,"쌍용차, 첫 전기차 '코란도 이모션' 유럽 조기 완판 예상",https://www.theguru.co.kr/news/article.html?no=32357
118,"""염불보단 잿밥"" 쌍용차 노리는 이상한 출사표",http://www.thescoop.co.kr/news/articleView.html?idxno=54026
119,'인수 무산' 가능성 거론되는 쌍용차의 유일한 희망 '코란도 이모션',http://www.pinpointnews.co.kr/news/articleView.html?idxno=101049
120,'인수 무산' 가능성 거론되는 쌍용차의 유일한 희망 '코란도 이모션',http://www.pinpointnews.co.kr/news/articleView.html?idxno=101049
121,"[특징주] 에디슨EV, 쌍용차 코란도 신버전 일조했다..주가는?",https://www.nbntv.co.kr/news/articleView.html?idxno=960449
122,“배터리가 부족해”… 쌍용차 ‘코란도 이모션’ 계약중단에 흥행 제동,http://moneys.mt.co.kr/news/mwView.php?no=2022022416508029839
123,(영상)코란도 이모션 인기…쌍용차 전동화 견인은 '글쎄',http://www.newstomato.com/ReadNews.aspx?no=1107780&inflow=N
124,"쌍용차, 코란도 이모션 계약중단…""배터리 없어 못 만들어""",https://www.dailian.co.kr/news/view/1084450/?sc=Naver
125,쌍용차 첫 전기차 ‘코란도 이모션’ 상쾌한 출발,http://www.fntimes.com/html/view.php?ud=202202112318265671dd55077bc2_18
126,(영상)쌍용 '코란도 이모션'은 왜 전기차 보조금 100% 못 받나,http://www.edaily.co.kr/news/newspath.asp?newsid=03978646632232816
127,"쌍용차 코란도 이모션, '갓성비'로 전기차 성공할까",https://www.dailian.co.kr/news/view/1079762/?sc=Naver
128,쌍용 첫 전기차 '코란도 이모션' – 현대 '캐스퍼 밴' – 볼보 C40리차지 OTA SW 업데이트 [모터그램],http://www.sisunnews.co.kr/news/articleView.html?idxno=157289
129,“초도물량 3500대 완판”…쌍용차 첫 전기 SUV '코란도 이모션' 출시,http://news.mk.co.kr/newsRead.php?no=96637&year=2022
130,"쌍용차, 첫 전기 SUV '코란도 이모션' 출시",http://www.sporbiz.co.kr/news/articleView.html?idxno=609237
131,“초도물량 3500대 완판”…쌍용차 첫 전기 SUV '코란도 이모션' 출시,http://news.mk.co.kr/newsRead.php?no=96637&year=2022
132,"""2천만 원대 전기차 SUV""…쌍용차, 코란도 이모션 출시",http://www.wowtv.co.kr/NewsCenter/News/Read?articleId=A202202030100&t=NN
133,"[자동차오늘] 쌍용차, 첫 전기SUV '코란도 이모션' 출시…캐딜락, 2월 특별 프로모션 진행",http://www.sisaon.co.kr/news/articleView.html?idxno=135941
134,"쌍용차, 2천만원대 '가성비' 전기SUV '코란도 이모션' 론칭",http://www.efnews.co.kr/news/articleView.html?idxno=94119
135,"쌍용차, 코란도 이모션 프로모션…선수금 없이 72개월 할부",https://www.ebn.co.kr/news/view/1518434/?sc=Naver
136,[조재환 칼럼] ADAS 실행시 운전중 키스해도 될까..쌍용차 코란도 이모션 광고 화제!,http://www.dailycar.co.kr/content/news.html?type=view&autoId=42847
137,"쌍용차, ‘코란도 이모션’ 흥행 돌풍…전기 SUV 판도 바꾼다",https://sports.donga.com/article/all/20220206/111604284/1
138,"쌍용차, 전기SUV ‘코란도 이모션’ 사전계약...3880만원부터",http://www.electimes.com/article.php?aid=1642075292227839094
139,"쌍용차 첫 전기차 코란도 이모션 흥행 조짐, 전동화 전환 마중물될까",https://www.businesspost.co.kr/BP?command=article_view&num=268186
140,"쌍용차, 코란도 이모션 출시...보조금 적용 시 2000만원대부터",http://www.newspim.com/news/view/20220203000350
141,"쌍용차, 첫 전기 SUV '코란도 이모션' 출시…""2000만원대 구매가능""",http://www.newsis.com/view/?id=NISX20220203_0001744747&cID=13001&pID=13000
142,"""2000만원대 전기 SUV""…쌍용차, 코란도 이모션 출시",http://www.edaily.co.kr/news/newspath.asp?newsid=01876166632226912
143,"쌍용차, 코란도 이모션 프로모션…선수금 없이 72개월 할부",https://www.ebn.co.kr/news/view/1518434/?sc=Naver
144,[조재환 칼럼] ADAS 실행시 운전중 키스해도 될까..쌍용차 코란도 이모션 광고 화제!,http://www.dailycar.co.kr/content/news.html?type=view&autoId=42847
145,"쌍용차, ‘코란도 이모션’ 흥행 돌풍…전기 SUV 판도 바꾼다",https://sports.donga.com/article/all/20220206/111604284/1
146,"쌍용차, 전기SUV ‘코란도 이모션’ 사전계약...3880만원부터",http://www.electimes.com/article.php?aid=1642075292227839094
147,"쌍용차 첫 전기차 코란도 이모션 흥행 조짐, 전동화 전환 마중물될까",https://www.businesspost.co.kr/BP?command=article_view&num=268186
148,"쌍용차, 첫 번째 준중형 전기 SUV '코란도 이모션' 사전계약",http://www.bizwnews.com/news/articleView.html?idxno=31560
149,"쌍용차, 가격 경쟁력 앞세운 '코란도 이모션'으로 활로 모색",http://www.sisajournal-e.com/news/articleView.html?idxno=249598
150,"쌍용차, 2천만원대 SUV 전기차 '코란도 이모션' 출시",http://www.gvalley.co.kr/news/articleView.html?idxno=600987
151,쌍용차 첫 전기차 '코란도 이모션' 2천만원대에 산다,http://www.econovill.com/news/articleView.html?idxno=564043
152,"쌍용차, 전기 SUV 코란도 이모션 출시…""초도물량 3500대 돌파""",https://www.news1.kr/articles/?4572686
153,"쌍용차, 코란도 이모션 프로모션…선수금 없이 72개월 할부",https://www.ebn.co.kr/news/view/1518434/?sc=Naver
154,[조재환 칼럼] ADAS 실행시 운전중 키스해도 될까..쌍용차 코란도 이모션 광고 화제!,http://www.dailycar.co.kr/content/news.html?type=view&autoId=42847
155,"쌍용차, ‘코란도 이모션’ 흥행 돌풍…전기 SUV 판도 바꾼다",https://sports.donga.com/article/all/20220206/111604284/1
156,"쌍용차, 전기SUV ‘코란도 이모션’ 사전계약...3880만원부터",http://www.electimes.com/article.php?aid=1642075292227839094
157,"쌍용차 첫 전기차 코란도 이모션 흥행 조짐, 전동화 전환 마중물될까",https://www.businesspost.co.kr/BP?command=article_view&num=268186
158,"쌍용차, 첫 번째 준중형 전기 SUV '코란도 이모션' 사전계약",http://www.bizwnews.com/news/articleView.html?idxno=31560
159,"쌍용차, 가격 경쟁력 앞세운 '코란도 이모션'으로 활로 모색",http://www.sisajournal-e.com/news/articleView.html?idxno=249598
160,"쌍용차 전기 SUV ‘코란도 이모션’, 오프로드도 된다...4일 출시",http://www.osen.co.kr/article/G1111755609
161,"쌍용차, 첫 전기SUV '코란도 이모션' 출시…실구매 2000만 원대",http://www.economytalk.kr/news/articleView.html?idxno=219296
162,"쌍용차, 전기 SUV 코란도 이모션 출시…""초도물량 3500대 돌파""",https://www.news1.kr/articles/?4572686
163,"쌍용차, 코란도 이모션 프로모션…선수금 없이 72개월 할부",https://www.ebn.co.kr/news/view/1518434/?sc=Naver
164,[조재환 칼럼] ADAS 실행시 운전중 키스해도 될까..쌍용차 코란도 이모션 광고 화제!,http://www.dailycar.co.kr/content/news.html?type=view&autoId=42847
165,"쌍용차, ‘코란도 이모션’ 흥행 돌풍…전기 SUV 판도 바꾼다",https://sports.donga.com/article/all/20220206/111604284/1
166,"쌍용차, 전기SUV ‘코란도 이모션’ 사전계약...3880만원부터",http://www.electimes.com/article.php?aid=1642075292227839094
167,"쌍용차 첫 전기차 코란도 이모션 흥행 조짐, 전동화 전환 마중물될까",https://www.businesspost.co.kr/BP?command=article_view&num=268186
168,"쌍용차, 첫 번째 준중형 전기 SUV '코란도 이모션' 사전계약",http://www.bizwnews.com/news/articleView.html?idxno=31560
169,"쌍용차, 가격 경쟁력 앞세운 '코란도 이모션'으로 활로 모색",http://www.sisajournal-e.com/news/articleView.html?idxno=249598
170,"쌍용차, 첫 전기차 코란도 이모션 출격…""2천만원 후반 구매 가능""",http://www.fnnews.com/news/202202030906416709
171,"쌍용차, 사전계약 3500대 돌파 첫 전기차 '코란도 이모션' 출시",http://www.smartfn.co.kr/view.php?ud=202202030945447019ab334feeb3_46
172,쌍용차 첫 전기차 ‘코란도 이모션’ 돌풍 일으킬까,https://www.seoul.co.kr/news/newsView.php?id=20220204023014&wlog_tag3=naver
173,"쌍용차, 코란도 이모션 프로모션…선수금 없이 72개월 할부",https://www.ebn.co.kr/news/view/1518434/?sc=Naver
174,[조재환 칼럼] ADAS 실행시 운전중 키스해도 될까..쌍용차 코란도 이모션 광고 화제!,http://www.dailycar.co.kr/content/news.html?type=view&autoId=42847
175,"쌍용차, ‘코란도 이모션’ 흥행 돌풍…전기 SUV 판도 바꾼다",https://sports.donga.com/article/all/20220206/111604284/1
176,"쌍용차, 전기SUV ‘코란도 이모션’ 사전계약...3880만원부터",http://www.electimes.com/article.php?aid=1642075292227839094
177,"쌍용차 첫 전기차 코란도 이모션 흥행 조짐, 전동화 전환 마중물될까",https://www.businesspost.co.kr/BP?command=article_view&num=268186
178,"쌍용차, 첫 번째 준중형 전기 SUV '코란도 이모션' 사전계약",http://www.bizwnews.com/news/articleView.html?idxno=31560
179,"쌍용차, 가격 경쟁력 앞세운 '코란도 이모션'으로 활로 모색",http://www.sisajournal-e.com/news/articleView.html?idxno=249598
180,"쌍용차, 첫 전기차 ‘코란도 이모션’ 출시… 1회 충전 최대 307km 주행",https://www.donga.com/news/article/all/20220203/111558356/2
181,"쌍용차, ‘코란도 이모션’ 사전계약 3500대…LG전자ㆍ엔솔과 추가물량 협의",https://www.dnews.co.kr/uhtml/view.jsp?idxno=202202031143039580573
182,"쌍용차, 코란도 이모션 프로모션…선수금 없이 72개월 할부",https://www.ebn.co.kr/news/view/1518434/?sc=Naver
183,"쌍용차, 2천만원대 '반 값 전기차' 코란도 이모션 출시",https://www.ebn.co.kr/news/view/1518309/?sc=Naver
184,[조재환 칼럼] ADAS 실행시 운전중 키스해도 될까..쌍용차 코란도 이모션 광고 화제!,http://www.dailycar.co.kr/content/news.html?type=view&autoId=42847
185,"쌍용차, ‘코란도 이모션’ 흥행 돌풍…전기 SUV 판도 바꾼다",https://sports.donga.com/article/all/20220206/111604284/1
186,"쌍용차, 전기SUV ‘코란도 이모션’ 사전계약...3880만원부터",http://www.electimes.com/article.php?aid=1642075292227839094
187,"쌍용차 첫 전기차 코란도 이모션 흥행 조짐, 전동화 전환 마중물될까",https://www.businesspost.co.kr/BP?command=article_view&num=268186
188,"쌍용차, 첫 번째 준중형 전기 SUV '코란도 이모션' 사전계약",http://www.bizwnews.com/news/articleView.html?idxno=31560
189,"쌍용차, 가격 경쟁력 앞세운 '코란도 이모션'으로 활로 모색",http://www.sisajournal-e.com/news/articleView.html?idxno=249598
190,쌍용차 첫 전기차 '코란도 이모션' 승부수는 가성비·내구성,http://www.lcnews.co.kr/news/articleView.html?idxno=29790
191,"쌍용차, 첫 전기 SUV '코란도 이모션' 출시···사전계약 3500대 완판",https://www.ajunews.com/view/20220203095810128
192,"쌍용차, 코란도 이모션 프로모션…선수금 없이 72개월 할부",https://www.ebn.co.kr/news/view/1518434/?sc=Naver
193,"쌍용차, 2천만원대 '반 값 전기차' 코란도 이모션 출시",https://www.ebn.co.kr/news/view/1518309/?sc=Naver
194,[조재환 칼럼] ADAS 실행시 운전중 키스해도 될까..쌍용차 코란도 이모션 광고 화제!,http://www.dailycar.co.kr/content/news.html?type=view&autoId=42847
195,"쌍용차, ‘코란도 이모션’ 흥행 돌풍…전기 SUV 판도 바꾼다",https://sports.donga.com/article/all/20220206/111604284/1
196,"쌍용차, 전기SUV ‘코란도 이모션’ 사전계약...3880만원부터",http://www.electimes.com/article.php?aid=1642075292227839094
197,"쌍용차 첫 전기차 코란도 이모션 흥행 조짐, 전동화 전환 마중물될까",https://www.businesspost.co.kr/BP?command=article_view&num=268186
198,"쌍용차, 첫 번째 준중형 전기 SUV '코란도 이모션' 사전계약",http://www.bizwnews.com/news/articleView.html?idxno=31560
199,"쌍용차, 가격 경쟁력 앞세운 '코란도 이모션'으로 활로 모색",http://www.sisajournal-e.com/news/articleView.html?idxno=249598
200,"쌍용차, 첫 전기차 코란도 이모션…국내 유일 오프로드 성능 갖춘 전기SUV",http://theviewers.co.kr/View.aspx?No=2198553
201,"쌍용차 첫 전기차 ‘코란도 이모션’ 출시···""2000만원대 구매 가능""",https://www.ekn.kr/web/view.php?key=20220203010000226
202,"쌍용차, 코란도 이모션 프로모션…선수금 없이 72개월 할부",https://www.ebn.co.kr/news/view/1518434/?sc=Naver
203,"쌍용차, 2천만원대 '반 값 전기차' 코란도 이모션 출시",https://www.ebn.co.kr/news/view/1518309/?sc=Naver
204,[조재환 칼럼] ADAS 실행시 운전중 키스해도 될까..쌍용차 코란도 이모션 광고 화제!,http://www.dailycar.co.kr/content/news.html?type=view&autoId=42847
205,"쌍용차, ‘코란도 이모션’ 흥행 돌풍…전기 SUV 판도 바꾼다",https://sports.donga.com/article/all/20220206/111604284/1
206,"쌍용차, 전기SUV ‘코란도 이모션’ 사전계약...3880만원부터",http://www.electimes.com/article.php?aid=1642075292227839094
207,"쌍용차 첫 전기차 코란도 이모션 흥행 조짐, 전동화 전환 마중물될까",https://www.businesspost.co.kr/BP?command=article_view&num=268186
208,"쌍용차, 첫 번째 준중형 전기 SUV '코란도 이모션' 사전계약",http://www.bizwnews.com/news/articleView.html?idxno=31560
209,"쌍용차, 가격 경쟁력 앞세운 '코란도 이모션'으로 활로 모색",http://www.sisajournal-e.com/news/articleView.html?idxno=249598
210,"쌍용차, 첫 전기 SUV '코란도 이모션' 출시",http://www.finomy.com/news/articleView.html?idxno=106462
211,쌍용차 첫 전기차 '코란도 이모션' 2천만원대 구매 가능,http://www.newsway.co.kr/news/view?tp=1&ud=2022020318063137235
212,[조재환 칼럼] ADAS 실행시 운전중 키스해도 될까..쌍용차 코란도 이모션 광고 화제!,http://www.dailycar.co.kr/content/news.html?type=view&autoId=42847
213,"쌍용차, ‘코란도 이모션’ 흥행 돌풍…전기 SUV 판도 바꾼다",https://sports.donga.com/article/all/20220206/111604284/1
214,쌍용차 전기SUV ‘코란도 이모션’,https://www.news1.kr/photos/view/?5197266
215,"쌍용차, 전기SUV ‘코란도 이모션’ 사전계약...3880만원부터",http://www.electimes.com/article.php?aid=1642075292227839094
216,"쌍용차 첫 전기차 코란도 이모션 흥행 조짐, 전동화 전환 마중물될까",https://www.businesspost.co.kr/BP?command=article_view&num=268186
217,"쌍용차, 첫 번째 준중형 전기 SUV '코란도 이모션' 사전계약",http://www.bizwnews.com/news/articleView.html?idxno=31560
218,"쌍용차, 가격 경쟁력 앞세운 '코란도 이모션'으로 활로 모색",http://www.sisajournal-e.com/news/articleView.html?idxno=249598
219,"쌍용차, 전기차 구원투수 '코란도 이모션' 사전계약 실시",http://www.opinionnews.co.kr/news/articleView.html?idxno=60135
220,"쌍용차 첫 전기차 코란도 이모션 흥행 조짐, 전동화 전환 마중물될까",https://www.businesspost.co.kr/BP?command=article_view&num=268186
221,"쌍용차, 첫 번째 준중형 전기 SUV '코란도 이모션' 사전계약",http://www.bizwnews.com/news/articleView.html?idxno=31560
222,"쌍용차, 가격 경쟁력 앞세운 '코란도 이모션'으로 활로 모색",http://www.sisajournal-e.com/news/articleView.html?idxno=249598
223,"쌍용차, 전기차 구원투수 '코란도 이모션' 사전계약 실시",http://www.opinionnews.co.kr/news/articleView.html?idxno=60135
224,쌍용차 첫 전기차 '코란도 이모션' 2000만 원대 가성비 승부수,http://www.lcnews.co.kr/news/articleView.html?idxno=29041
225,"[2022 신차] 르노 XM3·쌍용 코란도, 하이브리드·전기차로 나온다",https://biz.chosun.com/industry/car/2022/01/06/UKZZMG5RUFBGTNQ5RU73OT26KU/?utm_source=naver&utm_medium=original&utm_campaign=biz
226,'반도체 부족' 車판매량 두달째 감소…4월 57.5만대 전년比 9.78%↓(종합),https://www.news1.kr/articles/?4669486
227,"""나오면 대박"" 호평에 진짜 '개발'…'부활' 쌍용차 정통 코란도, 출시 일정은[세상만車]",https://premium.mk.co.kr/view.php?no=31277
228,[기차수첩] 쌍용차를 잃고 싶지 않다면,http://www.sporbiz.co.kr/news/articleView.html?idxno=615435
229,"쌍용차, 1월 코란도∙티볼리 일시불 구매자 ADAS 무상 장착",http://www.shinailbo.co.kr/news/articleView.html?idxno=1501535
230,쌍용차 전기 SUV 코란도 이모션..실제 구매 가격 2000만원대 가능할까?,http://www.dailycar.co.kr/content/news.html?type=view&autoId=42453
231,"쌍용차, 브랜드 최초 준중형 전기SUV ‘코란도 이모션’ 사전계약",https://daily.hankooki.com/lpage/industry/202201/dh20220110133741147980.htm?s_ref=nv
232,"인수 본계약 쌍용차, 첫 전기차 코란도 이모션 출격… 재기 성공할까",https://www.asiatoday.co.kr/view.php?key=20220110010005157
233,3000만원짜리 쌍용 전기차 '코란도 이모션'..11일부터 사전계약 실시,http://kpenews.com/View.aspx?No=2176035
234,"[2022 신차] 르노 XM3·쌍용 코란도, 하이브리드·전기차로 나온다",https://biz.chosun.com/industry/car/2022/01/06/UKZZMG5RUFBGTNQ5RU73OT26KU/?utm_source=naver&utm_medium=original&utm_campaign=biz
235,'반도체 부족' 車판매량 두달째 감소…4월 57.5만대 전년比 9.78%↓(종합),https://www.news1.kr/articles/?4669486
236,"""나오면 대박"" 호평에 진짜 '개발'…'부활' 쌍용차 정통 코란도, 출시 일정은[세상만車]",https://premium.mk.co.kr/view.php?no=31277
237,[기차수첩] 쌍용차를 잃고 싶지 않다면,http://www.sporbiz.co.kr/news/articleView.html?idxno=615435
238,"쌍용차, 1월 코란도∙티볼리 일시불 구매자 ADAS 무상 장착",http://www.shinailbo.co.kr/news/articleView.html?idxno=1501535
239,쌍용자동차가 첫 순수 전기차로 내놓은 '코란도 이모션' 디자인 공개됐다 (사진),https://www.wikitree.co.kr/articles/716521
240,"쌍용차, 국내 최초 준중형 전기SUV ‘코란도 이모션’ 사전계약 실시",http://www.segyebiz.com/newsView/20220110515885?OutUrl=naver
241,"쌍용차, 국내 최초 준중형 전기SUV '코란도 이모션' 사전계약",http://www.safetimes.co.kr/news/articleView.html?idxno=105763
242,"쌍용차, 준중형 전기SUV '코란도 이모션' 사전계약···보조금 지원시 2000만원대",http://www.seoulfn.com/news/articleView.html?idxno=443601
243,3000만원짜리 쌍용 전기차 '코란도 이모션'..11일부터 사전계약 실시,http://kpenews.com/View.aspx?No=2176035
244,"[2022 신차] 르노 XM3·쌍용 코란도, 하이브리드·전기차로 나온다",https://biz.chosun.com/industry/car/2022/01/06/UKZZMG5RUFBGTNQ5RU73OT26KU/?utm_source=naver&utm_medium=original&utm_campaign=biz
245,'반도체 부족' 車판매량 두달째 감소…4월 57.5만대 전년比 9.78%↓(종합),https://www.news1.kr/articles/?4669486
246,"""나오면 대박"" 호평에 진짜 '개발'…'부활' 쌍용차 정통 코란도, 출시 일정은[세상만車]",https://premium.mk.co.kr/view.php?no=31277
247,[기차수첩] 쌍용차를 잃고 싶지 않다면,http://www.sporbiz.co.kr/news/articleView.html?idxno=615435
248,"쌍용차, 1월 코란도∙티볼리 일시불 구매자 ADAS 무상 장착",http://www.shinailbo.co.kr/news/articleView.html?idxno=1501535
249,쌍용자동차가 첫 순수 전기차로 내놓은 '코란도 이모션' 디자인 공개됐다 (사진),https://www.wikitree.co.kr/articles/716521
250,"쌍용차, 첫 전기차 '코란도 이모션' 사전계약 실시…높은 가성비 이목",https://www.ajunews.com/view/20220110112634925
251,"쌍용차, 브랜드 첫 전기차 '코란도 이모션' 사전계약 시작",http://www.fnnews.com/news/202201100916440507
252,"쌍용차, 준중형 전기SUV '코란도 이모션' 사전계약···보조금 지원시 2000만원대",http://www.seoulfn.com/news/articleView.html?idxno=443601
253,3000만원짜리 쌍용 전기차 '코란도 이모션'..11일부터 사전계약 실시,http://kpenews.com/View.aspx?No=2176035
254,"[2022 신차] 르노 XM3·쌍용 코란도, 하이브리드·전기차로 나온다",https://biz.chosun.com/industry/car/2022/01/06/UKZZMG5RUFBGTNQ5RU73OT26KU/?utm_source=naver&utm_medium=original&utm_campaign=biz
255,'반도체 부족' 車판매량 두달째 감소…4월 57.5만대 전년比 9.78%↓(종합),https://www.news1.kr/articles/?4669486
256,"""나오면 대박"" 호평에 진짜 '개발'…'부활' 쌍용차 정통 코란도, 출시 일정은[세상만車]",https://premium.mk.co.kr/view.php?no=31277
257,[기차수첩] 쌍용차를 잃고 싶지 않다면,http://www.sporbiz.co.kr/news/articleView.html?idxno=615435
258,"쌍용차, 1월 코란도∙티볼리 일시불 구매자 ADAS 무상 장착",http://www.shinailbo.co.kr/news/articleView.html?idxno=1501535
259,쌍용자동차가 첫 순수 전기차로 내놓은 '코란도 이모션' 디자인 공개됐다 (사진),https://www.wikitree.co.kr/articles/716521
260,"쌍용차, 준중형 전기 SUV '코란도 이모션' 사전계약",http://www.newscape.co.kr/news/articleView.html?idxno=77946
261,"쌍용차, ‘코란도 이모션’ 사전계약…보조금 받으면 2000만원대 가능할까",https://www.dnews.co.kr/uhtml/view.jsp?idxno=202201101039181610004
262,3000만원짜리 쌍용 전기차 '코란도 이모션'..11일부터 사전계약 실시,http://kpenews.com/View.aspx?No=2176035
263,"[2022 신차] 르노 XM3·쌍용 코란도, 하이브리드·전기차로 나온다",https://biz.chosun.com/industry/car/2022/01/06/UKZZMG5RUFBGTNQ5RU73OT26KU/?utm_source=naver&utm_medium=original&utm_campaign=biz
264,'반도체 부족' 車판매량 두달째 감소…4월 57.5만대 전년比 9.78%↓(종합),https://www.news1.kr/articles/?4669486
265,"쌍용차, 전기 SUV '코란도 이모션' 사전 계약",http://www.segye.com/content/html/2022/01/10/20220110504151.html?OutUrl=naver
266,"""나오면 대박"" 호평에 진짜 '개발'…'부활' 쌍용차 정통 코란도, 출시 일정은[세상만車]",https://premium.mk.co.kr/view.php?no=31277
267,[기차수첩] 쌍용차를 잃고 싶지 않다면,http://www.sporbiz.co.kr/news/articleView.html?idxno=615435
268,"쌍용차, 1월 코란도∙티볼리 일시불 구매자 ADAS 무상 장착",http://www.shinailbo.co.kr/news/articleView.html?idxno=1501535
269,쌍용자동차가 첫 순수 전기차로 내놓은 '코란도 이모션' 디자인 공개됐다 (사진),https://www.wikitree.co.kr/articles/716521
270,"쌍용차, 2천만원대 전기차 '코란도 이모션' 사전계약 실시",http://www.inews24.com/view/1441239
271,쌍용차 첫 전기차 '코란도 e-모션' 3월 출시…11일부터 사전계약,https://view.asiae.co.kr/article/2022011009301824447
272,"[2022 신차] 르노 XM3·쌍용 코란도, 하이브리드·전기차로 나온다",https://biz.chosun.com/industry/car/2022/01/06/UKZZMG5RUFBGTNQ5RU73OT26KU/?utm_source=naver&utm_medium=original&utm_campaign=biz
273,'반도체 부족' 車판매량 두달째 감소…4월 57.5만대 전년比 9.78%↓(종합),https://www.news1.kr/articles/?4669486
274,"쌍용차, 전기 SUV '코란도 이모션' 사전 계약",http://www.segye.com/content/html/2022/01/10/20220110504151.html?OutUrl=naver
275,"""나오면 대박"" 호평에 진짜 '개발'…'부활' 쌍용차 정통 코란도, 출시 일정은[세상만車]",https://premium.mk.co.kr/view.php?no=31277
276,[기차수첩] 쌍용차를 잃고 싶지 않다면,http://www.sporbiz.co.kr/news/articleView.html?idxno=615435
277,"쌍용차, 1월 코란도∙티볼리 일시불 구매자 ADAS 무상 장착",http://www.shinailbo.co.kr/news/articleView.html?idxno=1501535
278,사전계약 시작한 쌍용차 '코란도 이모션',http://yna.kr/PYH20220111167800013?did=1196m
279,쌍용자동차가 첫 순수 전기차로 내놓은 '코란도 이모션' 디자인 공개됐다 (사진),https://www.wikitree.co.kr/articles/716521
280,'반도체 부족' 車판매량 두달째 감소…4월 57.5만대 전년比 9.78%↓(종합),https://www.news1.kr/articles/?4669486
281,"쌍용차, 첫 전기차 '코란도 이모션' 내일부터 사전계약",http://yna.kr/AKR20220110034800003?did=1195m
282,"쌍용차, '코란도 이모션' 사전계약 진행",http://autotimes.hankyung.com/apps/news.sub_view?popup=0&nid=02&c1=02&c2=02&c3=00&nkey=202201100947571
283,"쌍용차, 전기 SUV '코란도 이모션' 사전 계약",http://www.segye.com/content/html/2022/01/10/20220110504151.html?OutUrl=naver
284,"""나오면 대박"" 호평에 진짜 '개발'…'부활' 쌍용차 정통 코란도, 출시 일정은[세상만車]",https://premium.mk.co.kr/view.php?no=31277
285,[기차수첩] 쌍용차를 잃고 싶지 않다면,http://www.sporbiz.co.kr/news/articleView.html?idxno=615435
286,"쌍용차, 1월 코란도∙티볼리 일시불 구매자 ADAS 무상 장착",http://www.shinailbo.co.kr/news/articleView.html?idxno=1501535
287,사전계약 시작한 쌍용차 '코란도 이모션',http://yna.kr/PYH20220111167800013?did=1196m
288,쌍용자동차가 첫 순수 전기차로 내놓은 '코란도 이모션' 디자인 공개됐다 (사진),https://www.wikitree.co.kr/articles/716521
289,"쌍용차 코란도.티볼리.티볼리 에어, 새해 맞이 다양한 구매혜택 제공",http://www.sportsseoul.com/news/read/1088566?ref=naver
290,"""2000만원대 전기 SUV""…쌍용차, 코란도 이모션 사전계약 실시",http://news.mt.co.kr/mtview.php?no=2022011009142412333
291,"쌍용차, 1월 코란도∙티볼리 일시불 구매자 ADAS 무상 장착",http://www.shinailbo.co.kr/news/articleView.html?idxno=1501535
292,사전계약 시작한 쌍용차 '코란도 이모션',http://yna.kr/PYH20220111167800013?did=1196m
293,쌍용자동차가 첫 순수 전기차로 내놓은 '코란도 이모션' 디자인 공개됐다 (사진),https://www.wikitree.co.kr/articles/716521
294,"쌍용차, ‘코란도 이모션’ 출시 전 사전계약 실시",http://www.thebigdata.co.kr/view.php?ud=2022011010033813119071791b3a_23
295,"쌍용차 코란도.티볼리.티볼리 에어, 새해 맞이 다양한 구매혜택 제공",http://www.sportsseoul.com/news/read/1088566?ref=naver
296,쌍용에서 야심차게 내놓은 순수전기차 '코란도 이모션' 실사,https://www.insight.co.kr/news/373009
297,쌍용차 첫 전기차 ‘코란도 이모션’ 이달 사전계약… 구원투수 될까,https://biz.chosun.com/industry/car/2021/12/13/26R2YJ547NAXNKI7JL6RTXM3YE/?utm_source=naver&utm_medium=original&utm_campaign=biz
298,"""中 전기차 보다 코란도 이모션 추천""…프랑스 유력 매체 호평",https://www.theguru.co.kr/news/article.html?no=32600
299,"쌍용 첫 전기차 '코란도 이모션' 호주 출시 전망…""내년 초 차량 평가""",http://www.straightnews.co.kr/news/articleView.html?idxno=121346
300,쌍용차 첫 전기차 ‘코란도 이모션’ 이달 사전계약… 구원투수 될까,https://biz.chosun.com/industry/car/2021/12/13/26R2YJ547NAXNKI7JL6RTXM3YE/?utm_source=naver&utm_medium=original&utm_campaign=biz
301,"""中 전기차 보다 코란도 이모션 추천""…프랑스 유력 매체 호평",https://www.theguru.co.kr/news/article.html?no=32600
302,"쌍용 첫 전기차 '코란도 이모션' 호주 출시 전망…""내년 초 차량 평가""",http://www.straightnews.co.kr/news/articleView.html?idxno=121346
303,"쌍용차, 전기차 '코란도 이모션' 유럽 가격 책정 매듭…출시 '초읽기'",https://www.theguru.co.kr/news/article.html?no=28769
304,[TV 데일리카] 쌍용차 코란도 이모션..2000만원대 가격 가능할까?,http://www.dailycar.co.kr/content/news.html?type=view&autoId=42472
305,[포토] 쌍용車 '코란도 이모션' 사전 계약 나서,http://news.mk.co.kr/newsRead.php?no=28243&year=2022
306,3500대 계약된 전기차 ‘코란도 이모션’..고객 인도 못하는 속사정은?,http://www.dailycar.co.kr/content/news.html?type=view&autoId=43365
307,"쌍용차, 내달 '코란도 이모션' 사전계약…""전동화 속도 낸다""",http://www.newstomato.com/ReadNews.aspx?no=1090699&inflow=N
308,"강영권이 언급한 '코란도 이모션', 유럽에서도 잘 나간다...조기 완판 예상",http://www.pinpointnews.co.kr/news/articleView.html?idxno=101589
309,"쌍용차, '코란도 전기차' 내달 '사전계약'…MZ부터 아재까지 '전세대' 공략",https://www.asiatime.co.kr/article/20211128500070
310,"쌍용차, '코란도 전기차' 내달 '사전계약'…MZ부터 아재까지 '전세대' 공략",https://www.asiatime.co.kr/article/20211128500070
311,"쌍용차 신차 효과 나타나, 재매각 추진에 J100 향한 기대감 커져",https://www.businesspost.co.kr/BP?command=article_view&num=276517
312,"[단독] 코란도 이모션, 배터리 업그레이드로 400km 주행(?)..에디슨 “연내 출시!”",http://m.dailycar.co.kr/content/news.html?type=view&autoId=43266
313,"[SR자동차] 쌍용차, 코란도·티볼리 등 12월 '최대 80만원' 구매혜택 ",http://www.srtimes.kr/news/articleView.html?idxno=103740
314,"""나오면 무조건 대박""…'18년 만에 부활' 정통 코란도, '지프·포드 킬러' 예감[세상만車]",https://premium.mk.co.kr/view.php?no=31596
315,"쌍용차, 4월 차종별 구매 해택 제공…유류비 최대 80만 원 지원",https://www.nocutnews.co.kr/news/5732946
316,[발칙한경제]'묘한' 쌍용차 M&A...윤석열 정부 과제로,https://news.mtn.co.kr/news-detail/2022040410242447632
317,"중형 SUV ‘J100’ 스파이샷 포착..쌍용차, 7월 출시한다!",http://www.dailycar.co.kr/content/news.html?type=view&autoId=43695
318,"쌍용차, 6번째 주인은 누구…68년 기구한 역사",http://www.opinionnews.co.kr/news/articleView.html?idxno=64719
319,"쌍용차, 3월 내수·수출 포함 총 8596대 판매…전년보다 20.2%↑",http://daily.hankooki.com/news/articleView.html?idxno=807616
320,"중형 SUV ‘J100’ 스파이샷 포착..쌍용차, 7월 출시한다!",http://www.dailycar.co.kr/content/news.html?type=view&autoId=43695
321,"쌍용차, 6번째 주인은 누구…68년 기구한 역사",http://www.opinionnews.co.kr/news/articleView.html?idxno=64719
322,"쌍용차, 4월 차종별 구매 혜택 공개",http://www.seoulwire.com/news/articleView.html?idxno=466256
323,"쌍용차, 3월 내수·수출 포함 총 8596대 판매…전년보다 20.2%↑",http://daily.hankooki.com/news/articleView.html?idxno=807616
324,“에디슨모터스는 안돼” 인수 반발기류 확산 속 배터리 부족까지… 쌍용차 겹악재,http://moneys.mt.co.kr/news/mwView.php?no=2022032416438027780
325,"쌍용차, 채권자와 에디슨 관계도 복잡한데..업비트 '논쟁' 부각",https://www.nbntv.co.kr/news/articleView.html?idxno=962655
326,"쌍용차, M&A 난항‧신차생산 지연 '이중고'에 정상화 급브레이크",http://www.cstimes.com/news/articleView.html?idxno=492742
327,"쌍용차, 무쏘·체어맨·렉스턴 영광 재현 언제쯤?… 다시 새 주인 찾기 돌입",http://moneys.mt.co.kr/news/mwView.php?no=2022032908278054522
328,강영권이 언급한 코란도 이모션 인기 폭발...급기야 계약중단 사태까지,http://www.pinpointnews.co.kr/view.php?ud=2022021809573490135d46bea725_45
329,"쌍용차, 에디슨모터스 이슈도 힘든데..이번엔 ""생산 문제 발생""",https://www.nbntv.co.kr/news/articleView.html?idxno=961730
330,"쌍용차, 에디슨모터스 이슈도 힘든데..이번엔 ""생산 문제 발생""",https://www.nbntv.co.kr/news/articleView.html?idxno=961730
331,"쌍용차, 11월 코란도·티볼리 일시불 구매 시 '주행안전 패키지' 무상 장착",http://news.mk.co.kr/newsRead.php?no=1032065&year=2021
332,"쌍용자동차, 올해 3월 자동차 판매 전년대비 20% 증가",https://www.news2day.co.kr/article/20220401500351
333,"쌍용차 노조 ""21일 상장폐지 개선기간 연장 요청 기자회견 개최""",http://www.thebigdata.co.kr/view.php?ud=20220418141515970d0a8833aad_23
334,"4월 국산차 판매, 이변 없이 침체",http://autotimes.hankyung.com/apps/news.sub_view?popup=0&nid=03&c1=03&c2=03&c3=00&nkey=202205031608151
335,"쌍용차, '7년 보증+가격경쟁력' 내세워 유럽 전기차 '노크'",https://www.theguru.co.kr/news/article.html?no=32523
336,"인수 무산 쌍용차, 청산 가능성도",http://www.busan.com/view/busan/view.php?code=2022032918250530206
337,"매각 앞둔 쌍용차, 유럽시장 공략 나선다...신형 렉스턴 스페인 출시",http://www.pinpointnews.co.kr/news/articleView.html?idxno=103582
338,"[fn사설] 쌍용차 매각 불발, 안타까운 5개월 허송세월",http://www.fnnews.com/news/202203281821110127
339,"""매각 무산되나""…쌍용차, 에디슨모터스 컨소시엄과 투자계약 해제",http://www.efnews.co.kr/news/articleView.html?idxno=95069
340,"쌍용차, 코란도·티볼리 고객에 'ADAS'옵션 무상 제공",https://www.ebn.co.kr/news/view/1506231/?sc=Naver
341,"매각 앞둔 쌍용차, 유럽시장 공략 나선다...신형 렉스턴 스페인 출시",http://www.pinpointnews.co.kr/news/articleView.html?idxno=103582
342,"[fn사설] 쌍용차 매각 불발, 안타까운 5개월 허송세월",http://www.fnnews.com/news/202203281821110127
343,"""매각 무산되나""…쌍용차, 에디슨모터스 컨소시엄과 투자계약 해제",http://www.efnews.co.kr/news/articleView.html?idxno=95069
344,보조금 받으면 '코란도 이모션 2000만원대에 살 수 있다,http://moneys.mt.co.kr/news/mwView.php?no=2022020317138058723
345,[데일리픽] 메타·구글 핵심 사업 '휘청'…코란도 전기차 나왔다,http://www.digitaltoday.co.kr/news/articleView.html?idxno=433358
346,"코란도 이모션 3,500여대 계약. 초도물량 초과로 LG엔솔에 배터리 공급 확대 요청",http://www.autodaily.co.kr/news/articleView.html?idxno=431616
347,"'2000만원대 전기차' 코란도 이모션 ""누구나 쉽게 e-Life""",http://www.newsprime.co.kr/news/article.html?no=560566
348,"쌍용차, 티볼리 업비트·코란도2022 출시",http://www.edaily.co.kr/news/newspath.asp?newsid=01610486629209968
349,"""기가 막힌 타이밍"" 위기 맞은 쌍용차 구한 모델 살펴보니",http://www.g-enews.com/ko-kr/news/article/news_all/2022030613581050487bdb7041ec_1/article.html
350,"쌍용차, 티볼리 업비트·코란도2022 출시",http://www.edaily.co.kr/news/newspath.asp?newsid=01610486629209968
351,"""기가 막힌 타이밍"" 위기 맞은 쌍용차 구한 모델 살펴보니",http://www.g-enews.com/ko-kr/news/article/news_all/2022030613581050487bdb7041ec_1/article.html
352,쌍용차 “코란도·티볼리 사면 안전주행 시스템 무상 장착”,http://www.dt.co.kr/contents.html?article_no=2021110102109932064006&ref=naver
353,"무쏘·코란도의 부활? 쌍용차, SUV로 반등 나선다",http://www.kukinews.com/newsView/kuk202109290248
354,"문 대통령, G80 전기차 보다 '쌍용차-수소차' 택했더라면",http://www.gpkorea.com/news/articleView.html?idxno=84051
355,부품 없어 수리도 힘든 쌍용차…尹 정부서 정상화될 수 있을까,http://news.mt.co.kr/mtview.php?no=2022031312263173161
356,"쌍용차 ""SUV 명가에서 전기차 명가로 재탄생 원년""",https://www.ekn.kr/web/view.php?key=20220302010000284
357,"쌍용차, 코란도·티볼리&에어 구매시 80만원 지원..구매 혜택 강화",http://www.dailycar.co.kr/content/news.html?type=view&autoId=41099
358,코란도이모션 주행거리 450km까지 늘릴 수 있다?,http://sports.khan.co.kr/news/sk_index.html?art_id=202201251005003&sec_id=563002&pt=nv
359,"쌍용자동차, 첫 전기차 코란도 이모션 수출 선적",http://www.segyebiz.com/newsView/20210917501875?OutUrl=naver
360,코란도이모션 주행거리 450km까지 늘릴 수 있다?,http://sports.khan.co.kr/news/sk_index.html?art_id=202201251005003&sec_id=563002&pt=nv
361,"쌍용자동차, 첫 전기차 코란도 이모션 수출 선적",http://www.segyebiz.com/newsView/20210917501875?OutUrl=naver
362,"[특징주] 에디슨EV, 쌍용차 인수 차질 완화시킬까..주가는?",https://www.nbntv.co.kr/news/articleView.html?idxno=960287
363,"쌍용차, 첫 전기차 '코란도 이모션' 수출 선적",http://www.newsprime.co.kr/news/article.html?no=552874
364,"쌍용차, 첫 전기차 '코란도 이모션' 200대 유럽 수출…11월부터 현지 판매",https://www.etoday.co.kr/news/view/2062888
365,"쌍용차, 티볼리 ‘업비트’·2022 코란도 출시..특징은?",http://www.dailycar.co.kr/content/news.html?type=view&autoId=41125
366,"'쌍용의 영광' 간직한 무쏘·코란도, 전기차로 되돌아올까",https://www.sedaily.com/NewsView/22RJUJNVXU
367,"쉐보레·쌍용, 3천만원대 출시…국민EV 전략 통할까",https://www.ebn.co.kr/news/view/1520406/?sc=Naver
368,"[특징주] 에디슨EV, 쌍용차 최초 전기차 준비 소식에 주가 관심↑",https://www.nbntv.co.kr/news/articleView.html?idxno=959220
369,"한국GM·쌍용차, '저가' 전기차로 승부수···실적부진 해결사 될까",http://www.sisajournal-e.com/news/articleView.html?idxno=255140
370,"쌍용차, 첫 전기차 '코란도 이모션' 유럽 수출길 올라",http://www.wsobi.com/news/articleView.html?idxno=137920
371,"쌍용차, 첫 전기차 '코란도 이모션' 수출 선적",http://www.newsprime.co.kr/news/article.html?no=552874
372,"쌍용차, 첫 전기차 '코란도 이모션' 200대 유럽 수출…11월부터 현지 판매",https://www.etoday.co.kr/news/view/2062888
373,"쌍용차, 티볼리 ‘업비트’·2022 코란도 출시..특징은?",http://www.dailycar.co.kr/content/news.html?type=view&autoId=41125
374,"'쌍용의 영광' 간직한 무쏘·코란도, 전기차로 되돌아올까",https://www.sedaily.com/NewsView/22RJUJNVXU
375,"쉐보레·쌍용, 3천만원대 출시…국민EV 전략 통할까",https://www.ebn.co.kr/news/view/1520406/?sc=Naver
376,"[특징주] 에디슨EV, 쌍용차 최초 전기차 준비 소식에 주가 관심↑",https://www.nbntv.co.kr/news/articleView.html?idxno=959220
377,"한국GM·쌍용차, '저가' 전기차로 승부수···실적부진 해결사 될까",http://www.sisajournal-e.com/news/articleView.html?idxno=255140
378,"[단독] 배터리 없는 쌍용차, 추가확보 난항…전기차 3500대 어쩌나",http://it.chosun.com/site/data/html_dir/2022/02/17/2022021702061.html
379,가솔린차 가격대 준중형 전기 SUV '코란도 이모션' 3월 출시,http://www.autodaily.co.kr/news/articleView.html?idxno=431262
380,"쌍용자동차, 첫 전기차 '코란도 이모션' 첫 수출길 올라",http://www.mhj21.com/145810
381,"쌍용차, 첫 전기차 '코란도 이모션' 200대 유럽 수출…11월부터 현지 판매",https://www.etoday.co.kr/news/view/2062888
382,"쌍용차, 티볼리 ‘업비트’·2022 코란도 출시..특징은?",http://www.dailycar.co.kr/content/news.html?type=view&autoId=41125
383,"'쌍용의 영광' 간직한 무쏘·코란도, 전기차로 되돌아올까",https://www.sedaily.com/NewsView/22RJUJNVXU
384,"쉐보레·쌍용, 3천만원대 출시…국민EV 전략 통할까",https://www.ebn.co.kr/news/view/1520406/?sc=Naver
385,"[특징주] 에디슨EV, 쌍용차 최초 전기차 준비 소식에 주가 관심↑",https://www.nbntv.co.kr/news/articleView.html?idxno=959220
386,"한국GM·쌍용차, '저가' 전기차로 승부수···실적부진 해결사 될까",http://www.sisajournal-e.com/news/articleView.html?idxno=255140
387,"[단독] 배터리 없는 쌍용차, 추가확보 난항…전기차 3500대 어쩌나",http://it.chosun.com/site/data/html_dir/2022/02/17/2022021702061.html
388,가솔린차 가격대 준중형 전기 SUV '코란도 이모션' 3월 출시,http://www.autodaily.co.kr/news/articleView.html?idxno=431262
389,"쌍용차-에디슨모터스, 갈등 봉합? 미래 기술 연마해야[손재철 인사이트]",http://sports.khan.co.kr/news/sk_index.html?art_id=202202150914003&sec_id=563002&pt=nv
390,쌍용자동차 ‘코란도 이모션’ 유럽 진출…국내 첫 준중형 SUV로 주목,https://www.inthenews.co.kr/news/article.html?no=40285
391,"쌍용차, 첫 전기차 '코란도 이모션' 200대 유럽 수출…11월부터 현지 판매",https://www.etoday.co.kr/news/view/2062888
392,"쌍용차, 티볼리 ‘업비트’·2022 코란도 출시..특징은?",http://www.dailycar.co.kr/content/news.html?type=view&autoId=41125
393,"'쌍용의 영광' 간직한 무쏘·코란도, 전기차로 되돌아올까",https://www.sedaily.com/NewsView/22RJUJNVXU
394,"쉐보레·쌍용, 3천만원대 출시…국민EV 전략 통할까",https://www.ebn.co.kr/news/view/1520406/?sc=Naver
395,"[특징주] 에디슨EV, 쌍용차 최초 전기차 준비 소식에 주가 관심↑",https://www.nbntv.co.kr/news/articleView.html?idxno=959220
396,"한국GM·쌍용차, '저가' 전기차로 승부수···실적부진 해결사 될까",http://www.sisajournal-e.com/news/articleView.html?idxno=255140
397,"[단독] 배터리 없는 쌍용차, 추가확보 난항…전기차 3500대 어쩌나",http://it.chosun.com/site/data/html_dir/2022/02/17/2022021702061.html
398,가솔린차 가격대 준중형 전기 SUV '코란도 이모션' 3월 출시,http://www.autodaily.co.kr/news/articleView.html?idxno=431262
399,"쌍용차-에디슨모터스, 갈등 봉합? 미래 기술 연마해야[손재철 인사이트]",http://sports.khan.co.kr/news/sk_index.html?art_id=202202150914003&sec_id=563002&pt=nv
400,"쌍용차, 첫 전기차 '코란도 이모션' 유럽수출 선적",https://www.paxnetnews.com/articles/78665
401,"쌍용차, 첫 전기차 '코란도 이모션' 수출 배 띄웠다",http://www.newscape.co.kr/news/articleView.html?idxno=72668
402,"쌍용차, 티볼리 ‘업비트’·2022 코란도 출시..특징은?",http://www.dailycar.co.kr/content/news.html?type=view&autoId=41125
403,"'쌍용의 영광' 간직한 무쏘·코란도, 전기차로 되돌아올까",https://www.sedaily.com/NewsView/22RJUJNVXU
404,"쉐보레·쌍용, 3천만원대 출시…국민EV 전략 통할까",https://www.ebn.co.kr/news/view/1520406/?sc=Naver
405,"[특징주] 에디슨EV, 쌍용차 최초 전기차 준비 소식에 주가 관심↑",https://www.nbntv.co.kr/news/articleView.html?idxno=959220
406,"한국GM·쌍용차, '저가' 전기차로 승부수···실적부진 해결사 될까",http://www.sisajournal-e.com/news/articleView.html?idxno=255140
407,"[단독] 배터리 없는 쌍용차, 추가확보 난항…전기차 3500대 어쩌나",http://it.chosun.com/site/data/html_dir/2022/02/17/2022021702061.html
408,가솔린차 가격대 준중형 전기 SUV '코란도 이모션' 3월 출시,http://www.autodaily.co.kr/news/articleView.html?idxno=431262
409,"쌍용차-에디슨모터스, 갈등 봉합? 미래 기술 연마해야[손재철 인사이트]",http://sports.khan.co.kr/news/sk_index.html?art_id=202202150914003&sec_id=563002&pt=nv
410,"쌍용차, 첫 전기차 '코란도 이모션' 유럽시장 개척…""11월 獨·英 판매""",http://www.gpkorea.com/news/articleView.html?idxno=77994
411,"쌍용차, 첫 전기차 '코란도 이모션' 수출 배 띄웠다",http://www.newscape.co.kr/news/articleView.html?idxno=72668
412,"쌍용차, 티볼리 ‘업비트’·2022 코란도 출시..특징은?",http://www.dailycar.co.kr/content/news.html?type=view&autoId=41125
413,"'쌍용의 영광' 간직한 무쏘·코란도, 전기차로 되돌아올까",https://www.sedaily.com/NewsView/22RJUJNVXU
414,"쉐보레·쌍용, 3천만원대 출시…국민EV 전략 통할까",https://www.ebn.co.kr/news/view/1520406/?sc=Naver
415,"[특징주] 에디슨EV, 쌍용차 최초 전기차 준비 소식에 주가 관심↑",https://www.nbntv.co.kr/news/articleView.html?idxno=959220
416,"한국GM·쌍용차, '저가' 전기차로 승부수···실적부진 해결사 될까",http://www.sisajournal-e.com/news/articleView.html?idxno=255140
417,"[단독] 배터리 없는 쌍용차, 추가확보 난항…전기차 3500대 어쩌나",http://it.chosun.com/site/data/html_dir/2022/02/17/2022021702061.html
418,가솔린차 가격대 준중형 전기 SUV '코란도 이모션' 3월 출시,http://www.autodaily.co.kr/news/articleView.html?idxno=431262
419,"쌍용차-에디슨모터스, 갈등 봉합? 미래 기술 연마해야[손재철 인사이트]",http://sports.khan.co.kr/news/sk_index.html?art_id=202202150914003&sec_id=563002&pt=nv
420,"쌍용차, 첫 전기차 '코란도 이모션' 유럽 수출 시작…11월부터 판매",http://news.mt.co.kr/mtview.php?no=2021091610070615449
421,"쌍용차, 첫 전기차 '코란도 이모션' 수출 배 띄웠다",http://www.newscape.co.kr/news/articleView.html?idxno=72668
422,"쌍용차, 티볼리 ‘업비트’·2022 코란도 출시..특징은?",http://www.dailycar.co.kr/content/news.html?type=view&autoId=41125
423,"'쌍용의 영광' 간직한 무쏘·코란도, 전기차로 되돌아올까",https://www.sedaily.com/NewsView/22RJUJNVXU
424,"쉐보레·쌍용, 3천만원대 출시…국민EV 전략 통할까",https://www.ebn.co.kr/news/view/1520406/?sc=Naver
425,"[특징주] 에디슨EV, 쌍용차 최초 전기차 준비 소식에 주가 관심↑",https://www.nbntv.co.kr/news/articleView.html?idxno=959220
426,"한국GM·쌍용차, '저가' 전기차로 승부수···실적부진 해결사 될까",http://www.sisajournal-e.com/news/articleView.html?idxno=255140
427,"[단독] 배터리 없는 쌍용차, 추가확보 난항…전기차 3500대 어쩌나",http://it.chosun.com/site/data/html_dir/2022/02/17/2022021702061.html
428,가솔린차 가격대 준중형 전기 SUV '코란도 이모션' 3월 출시,http://www.autodaily.co.kr/news/articleView.html?idxno=431262
429,"쌍용차-에디슨모터스, 갈등 봉합? 미래 기술 연마해야[손재철 인사이트]",http://sports.khan.co.kr/news/sk_index.html?art_id=202202150914003&sec_id=563002&pt=nv
430,"쌍용차, 첫 전기차 '코란도 이모션' 수출 배 띄웠다",http://www.newscape.co.kr/news/articleView.html?idxno=72668
431,"쌍용차, 전기차 '코란도 이모션' 첫 수출물량 200여대 선적",http://yna.kr/AKR20210916067700003?did=1195m
432,"쌍용차, 티볼리 ‘업비트’·2022 코란도 출시..특징은?",http://www.dailycar.co.kr/content/news.html?type=view&autoId=41125
433,"'쌍용의 영광' 간직한 무쏘·코란도, 전기차로 되돌아올까",https://www.sedaily.com/NewsView/22RJUJNVXU
434,"쉐보레·쌍용, 3천만원대 출시…국민EV 전략 통할까",https://www.ebn.co.kr/news/view/1520406/?sc=Naver
435,"[특징주] 에디슨EV, 쌍용차 최초 전기차 준비 소식에 주가 관심↑",https://www.nbntv.co.kr/news/articleView.html?idxno=959220
436,"한국GM·쌍용차, '저가' 전기차로 승부수···실적부진 해결사 될까",http://www.sisajournal-e.com/news/articleView.html?idxno=255140
437,"[단독] 배터리 없는 쌍용차, 추가확보 난항…전기차 3500대 어쩌나",http://it.chosun.com/site/data/html_dir/2022/02/17/2022021702061.html
438,가솔린차 가격대 준중형 전기 SUV '코란도 이모션' 3월 출시,http://www.autodaily.co.kr/news/articleView.html?idxno=431262
439,"쌍용차-에디슨모터스, 갈등 봉합? 미래 기술 연마해야[손재철 인사이트]",http://sports.khan.co.kr/news/sk_index.html?art_id=202202150914003&sec_id=563002&pt=nv
440,코란도 첫 EV '코란도 이모션' 11일부터 사전계약,http://www.enewstoday.co.kr/news/articleView.html?idxno=1540207
441,"쌍용차-에디슨모터스, 갈등 봉합? 미래 기술 연마해야[손재철 인사이트]",http://sports.khan.co.kr/news/sk_index.html?art_id=202202150914003&sec_id=563002&pt=nv
442,"쌍용차, ‘코란도 이모션’ 전기차 국고보조금은 760만원..출시 임박(?)",http://www.dailycar.co.kr/content/news.html?type=view&autoId=40748
443,"전기차(EV)로 재탄생한 ‘코란도’…11일부터 사전계약, 2천 만원대 실속 '가성비'",https://www.ddaily.co.kr/news/article.html?no=229051
444,"[기업] 쌍용차, 전기차 '코란도 이모션' 첫 수출물량 200여 대 선적",https://www.ytn.co.kr/_ln/0102_202109161631392158
445,쌍용차 회생안 제출 D-7...자금 부족과 잡음에 채권단 고심,https://www.news2day.co.kr/article/20220222500241
446,"매각 9부 능선 넘은 쌍용차, '신차 흥행' 채권단 설득 카드 될까",http://www.edaily.co.kr/news/newspath.asp?newsid=03863846632229208
447,"쌍용차, 부활하는 '무쏘'에 명운 건다…'J100', 양산 초읽기",https://www.asiatime.co.kr/article/20220208500287
448,"쌍용차, 하드코어 SUV로 승부수…‘역주행’ 차세대 코란도·무쏘",http://news.mk.co.kr/v2/economy/view.php?year=2021&no=804102
449,"(영상)쌍용차, 모처럼 신차 흥행…정상화 잡음은 여전",http://www.newstomato.com/ReadNews.aspx?no=1104355&inflow=N
450,"(영상)쌍용차, 모처럼 신차 흥행…정상화 잡음은 여전",http://www.newstomato.com/ReadNews.aspx?no=1104355&inflow=N
451,"쌍용자동차, 2월 최대 190만원 할인혜택",https://www.fetv.co.kr/news/article.html?no=107789
452,"쌍용차 올해 신차 출발 좋아, 회생계획안 채권단 동의 이끌 카드 되나",https://www.businesspost.co.kr/BP?command=article_view&num=271078
453,"쌍용자동차, 코란도 이모션 수출선적",http://www.newsis.com/view/?id=NISI20210916_0017955248
454,"쌍용차 2월 한 달 대규모 프로모션 진행, 한국GM은 할부 중심 혜택",https://www.businesspost.co.kr/BP?command=article_view&num=270602
455,"현대차·쌍용차, SUV 대결…경차 對 소형 EV",http://www.ezyeconomy.com/news/articleView.html?idxno=116156
456,보조금 적용 땐 2000만원대…쌍용 전기차 SUV 출격,http://news.mk.co.kr/newsRead.php?no=97112&year=2022
457,"르쌍쉐의 2022 대표, '타호-코란도이모션-XM3하이브리드' 출격!",http://www.gpkorea.com/news/articleView.html?idxno=81363
458,"쌍용차 코란도 이모션, 보조금 768만원…전비 5.0㎞/㎾h",https://www.econovill.com/news/articleView.html?idxno=544543
459,"국내 출시 미정 쌍용차 코란도 e-모션, 구매보조금 768만원 받는다",http://www.autodaily.co.kr/news/articleView.html?idxno=428944
460,"현대차·쌍용차, SUV 대결…경차 對 소형 EV",http://www.ezyeconomy.com/news/articleView.html?idxno=116156
461,보조금 적용 땐 2000만원대…쌍용 전기차 SUV 출격,http://news.mk.co.kr/newsRead.php?no=97112&year=2022
462,"르쌍쉐의 2022 대표, '타호-코란도이모션-XM3하이브리드' 출격!",http://www.gpkorea.com/news/articleView.html?idxno=81363
463,"쌍용차 코란도 이모션, 보조금 768만원…전비 5.0㎞/㎾h",https://www.econovill.com/news/articleView.html?idxno=544543
464,"국내 출시 미정 쌍용차 코란도 e-모션, 구매보조금 768만원 받는다",http://www.autodaily.co.kr/news/articleView.html?idxno=428944
465,쌍용차-에디슨모터스 갈등 일단락…협력 강화하기로,http://www.sporbiz.co.kr/news/articleView.html?idxno=610071
466,"쌍용차 코란도 이모션 ""골든타임 놓쳐선 안 돼""",http://autotimes.hankyung.com/apps/news.sub_view?popup=0&nid=02&c1=02&c2=02&c3=00&nkey=202108121726331
467,쌍용차가 출시할 전기차 코란도 이모션..벌써 국가보조금 768만원 책정(?),http://www.dailycar.co.kr/content/news.html?type=view&autoId=40490
468,첫 전기차SUV 인기몰이에도 쌍용차 못 웃는 이유(영상),http://www.edaily.co.kr/news/newspath.asp?newsid=03289846632227240
469,"에디슨EV, 외인·기관 사자에도 주가 하락…쌍용차 인수 전망은?",http://www.pinpointnews.co.kr/view.php?ud=202202101728382604a029d22e5e_45
470,"에디슨EV, 외인·기관 사자에도 주가 하락…쌍용차 인수 전망은?",http://www.pinpointnews.co.kr/view.php?ud=202202101728382604a029d22e5e_45
471,"‘가정의 달’ 국내 완성차 5사, 저금리·무이자 등 할인 혜택",http://theviewers.co.kr/View.aspx?No=2300916
472,"쌍용차 무쏘 후속모델, ‘토레스’로 나올듯… 상표 등록 출원",https://biz.chosun.com/industry/car/2022/01/26/X4LKADKFAVHYPN2L5A25XYQPKQ/?utm_source=naver&utm_medium=original&utm_campaign=biz
473,"2022년 국산 신차, 그랜저부터 코란도 전기차까지 그야말로 ‘풍성’",http://www.dailycar.co.kr/content/news.html?type=view&autoId=42130
474,"""진작 이렇게 나오지""…차세대 쌍용 코란도, '원조'와 비교해보니 [왜몰랐을카]",http://news.mk.co.kr/newsRead.php?no=719493&year=2021
475,"비로소 ‘코란도 부활’…쌍용차, 차세대 SUV ‘KR10’ 디자인 보니",http://sports.khan.co.kr/news/sk_index.html?art_id=202107261437003&sec_id=563002&pt=nv
476,"코란도 e-모션 전기차, 3000만원대 가격 승부 예상..계약시기는?",http://www.dailycar.co.kr/content/news.html?type=view&autoId=42040
477,"쌍용차, 티볼리·코란도 1200대 한정···""최대 200만원 할인""",http://www.seoulfn.com/news/articleView.html?idxno=427536
478,"쌍용차, 티볼리·코란도 150만원 할인..72개월 할부 실시!",http://www.dailycar.co.kr/content/news.html?type=view&autoId=40770
479,쌍용차 지난해 매출 2조 4293억원···영업손실 2962억원,https://www.ekn.kr/web/view.php?key=20220125010004117
480,쌍용차 지난해 매출 2조 4293억원···영업손실 2962억원,https://www.ekn.kr/web/view.php?key=20220125010004117
481,"쌍용차, 코란도 닮은 '정통 오프로더' KR10 디자인 공개",http://www.etnews.com/20210726000061
482,"쌍용자동차, 2021년 매출 2조4293억원...영업 손실 2962억원",https://www.hellot.net/news/article.html?no=65395
483,3월 전기차 대전 예고..제네시스·쌍용·볼보·폴스타 등 주목!,http://www.dailycar.co.kr/content/news.html?type=view&autoId=43031
484,쌍용차 티볼리·코란도 1200대 한정 200만원 할인..휴가비도 쏜다,http://news.mt.co.kr/mtview.php?no=2021080209281112521
485,전기차 코란도 e-모션 유럽 가격 공개..출시 초읽기,http://www.dailycar.co.kr/content/news.html?type=view&autoId=41957
486,"'17년만에 부활' 무쏘, 전기차도 나온다…'테슬라 킬러' 꿈꾸는 쌍용차, U100 개발중 [왜몰랐을카]",http://news.mk.co.kr/newsRead.php?no=43430&year=2022
487,"판매 4·5위 부진 쌍용·GM, 전기차·대형SUV 반격 준비",http://www.fntimes.com/html/view.php?ud=2022011318085377547de3572ddd_18
488,"쌍용차, 4월 총 8140대 판매…2달 연속 8000대 넘게 팔려",http://www.g-enews.com/ko-kr/news/article/news_all/2022050316585794897bdb7041ec_1/article.html
489,"[SR자동차] 쌍용차, 지난해 2,962억원 영업손실…적자폭 전년比 30% 개선",http://www.srtimes.kr/news/articleView.html?idxno=107253
490,"쌍용車, 지난해 매출 2조4293억원·영업손실 2962억원",https://www.news2day.co.kr/article/20220125500264
491,쌍용차 “티볼리·코란도 1200대만 최대 200만원 깎아드려요”,http://moneys.mt.co.kr/news/mwView.php?no=2021080213088013723
492,"[SR자동차] 쌍용차, 지난해 2,962억원 영업손실…적자폭 전년比 30% 개선",http://www.srtimes.kr/news/articleView.html?idxno=107253
493,"쌍용차, 중형SUV 'J100' 신차명 공개 임박?…'토레스' 상표 출원",http://www.sisaon.co.kr/news/articleView.html?idxno=135550
494,"코란도 DNA 되살린다…쌍용차, 차세대 SUV 'KR10' 디자인 공개",http://news.tf.co.kr/read/economy/1877534.htm
495,쌍용차-에디슨 본계약 체결 늦어진 이유… '내부 인테리어와 그릴',http://www.mediapen.com/news/view/693076
496,"'9부 능선' 넘은 쌍용차, 전기 SUV로 부활 시동",http://www.cstimes.com/news/articleView.html?idxno=485801
497,[기자의 눈] 갈등 깊어진 쌍용차-에디슨…뭘 믿고 이러나,https://www.news1.kr/articles/?4564102
498,"쌍용차, 올해 회사 정상화 '청신호'",http://www.ezyeconomy.com/news/articleView.html?idxno=115707
499,[조재환 칼럼] 쌍용차가 지금 당장 ‘자율주행 패키지’ 명칭 빼야 하는 이유,http://m.dailycar.co.kr/content/news.html?type=view&autoId=42480
