,title,url
0,"롤스로이스, 레이스·던 주문 마감..전기차 전환 속도 내나",http://www.dailycar.co.kr/content/news.html?type=view&autoId=43564
1,핑크색 너무 좋아해 3억 6천 들여 롤스로이스 '핑크 에디션' 뽑은 '영앤리치' 카일리제너,https://www.insight.co.kr/news/383362
2,‘유령처럼 스르륵’ 전기 롤스로이스 스펙터 테스트카 포착,https://www.motortrendkorea.com/sub/view.html?no=6315&cate1Name=NEWCAR
3,‘6.6리터 V12’ 롤스로이스 랜드스피드 레이스&던 공개,http://www.thedrive.co.kr/news/newsview.php?ncode=1065601408575239
4,"'백수'테베스의 스웩넘치는 근황, 롤스로이스 주유하는 모습 '포착'",http://sports.chosun.com/news/ntype.htm?id=202111110100094230006267&servicedate=20211111
5,롤스로이스 ‘뉴 블랙 배지 고스트’ 출시,http://www.busan.com/view/busan/view.php?code=2021111019285548426
6,롤스로이스 '고스트'에 퍼포먼스 더하다…블랙배지 도입,http://www.econovill.com/news/articleView.html?idxno=555020
7,"롤스로이스, 1900년 창립자 찰스 롤스가 예언한 최초의 전기차 ‘스펙터’ 공개",https://weekly.cnbnews.com/news/article.html?no=140410
8,롤스로이스도 2030년부터 전기차만 생산... '스펙터' 공개,https://www.sedaily.com/NewsView/22RNZFITQK
9,"[수입차 이모저모] 롤스로이스모터카, 메르세데스-벤츠 등 소식",http://www.slist.kr/news/articleView.html?idxno=289679
10,"롤스로이스, 순수 전기차 ‘스펙터’ 공개",https://www.dnews.co.kr/uhtml/view.jsp?idxno=202109291746025310760
11,`610마력의 괴물`..롤스로이스 쿠페 `레이스` 티저 공개,http://www.edaily.co.kr/news/newspath.asp?newsid=01125046602681984
12,자숙 중인 BJ 케이 '롤스로이스' 중고차 매물로 나왔다,http://news.mt.co.kr/mtview.php?no=2021090215100073146
13,"항공엔진 제작사 롤스로이스 ""2030년까지 모든 신제품 탄소중립""",http://yna.kr/AKR20210824087700003?did=1195m
14,"롤스로이스, 맞춤제작 ‘레이스’ 공개..지구에서 영감(?)",http://www.dailycar.co.kr/content/news.html?type=view&autoId=37934
15,‘우주서 본 중동’ 롤스로이스 아부다비 레이스 공개,http://www.thedrive.co.kr/news/newsview.php?ncode=1065600238718504
16,"롤스로이스, 레이스·던 전기차로 대체 계획..출시 일정은?",http://www.dailycar.co.kr/content/news.html?type=view&autoId=37757
17,롤스로이스 레이스 슈팅브레이크 실제 모습,http://www.thedrive.co.kr/news/newsview.php?ncode=1065596467155697
18,"슈퍼카 메르세데스 AMG GT 63 S, 롤스로이스 레이스를 타고 달린 하루",http://www.esquirekorea.co.kr/article/48464
19,"롤스로이스, ‘레이스 크립토스 컬렉션’ 출시 기념 온라인 암호 게임 이벤트",http://weekly.cnbnews.com/news/article.html?no=135059
20,롤스로이스 레이스 슈팅브레이크는 이런 모습?,http://www.thedrive.co.kr/news/newsview.php?ncode=1065582475614985
21,[신박한 車담] 차는 달리는데 들리는 건 시곗바늘 소리 뿐…'유령'같은 명차 롤스로이스(2),http://www.enewstoday.co.kr/news/articleView.html?idxno=1479322
22,"롤스로이스, 50대 한정판 '레이스 크립토스 컬렉션' 공개",http://www.gukjenews.com/news/articleView.html?idxno=2034485
23,"롤스로이스모터카, 전 세계 50대 한정 '레이스 크립토스 컬렉션' 공개",http://www.paxetv.com/news/articleView.html?idxno=95839
24,"롤스로이스, 레이스 크립토스 컬렉션 출시 기념 암호 해독 온라인 게임 공개",https://www.ebn.co.kr/news/view/1444069/?sc=Naver
25,"롤스로이스, 레이스 크립토스 에디션 출시..암호화된 메시지 ‘주목’",http://www.dailycar.co.kr/content/news.html?type=view&autoId=37011
26,"롤스로이스, '레이스 크립토스 컬렉션' 암호 해독 온라인 게임 공개",http://www.seoulfn.com/news/articleView.html?idxno=389996
27,전세계 50대 한정…롤스로이스 ‘레이스 크립토스 컬렉션’ 살펴보니,http://news.heraldcorp.com/view.php?ud=20200710000729
28,"롤스로이스, ‘레이스’ 기반 원 오프 쿠페 제작",http://www.thedrive.co.kr/news/newsview.php?ncode=1065576976034054
29,돈있는 갑부들도 없어서 못 산다는 '초희귀' 롤스로이스 한정판 8대,https://www.insight.co.kr/news/339131
30,롤스로이스 수리비로 수백만원 깨졌는데 먹방 한번에 통장잔고 복구 시킨 케이,https://www.insight.co.kr/news/343268
31,"오토플러스, '세계 명차 특집' 리본쇼 진행...롤스로이스∙포르쉐∙벤틀리 소개",http://www.pressm.kr/news/articleView.html?idxno=43894
32,"오토플러스, '세계 명차 특집' 리본쇼에서 '롤스로이스∙포르쉐∙벤틀리' 소개",http://www.cstimes.com/news/articleView.html?idxno=461933
33,"황홀한 쿠페, 롤스로이스 레이스 & BMW 840i 그란쿠페",https://www.motortrendkorea.com/sub/view.html?no=4600&cate1Name=WHICHCAR
34,전 세계에 단 한 대뿐인 저스틴 비버의 4억짜리 '롤스로이스'가 공개됐다 (영상),https://www.insight.co.kr/news/324718
35,"롤스로이스 ""첫 전기차 스펙터 테스트 25% 완료""",http://www.beyondpost.co.kr/view.php?ud=202203311000016568752c8ab62_30
36,"[시승기] 검은색으로 피어난 열정, ‘롤스로이스 레이스 블랙배지’",http://www.hankookilbo.com/news/npath/201911050786069969?did=NA
37,가장 아름다운 롤스로이스 비스포크 12종,http://autotimes.hankyung.com/apps/news.sub_view?popup=0&nid=03&c1=03&c2=03&c3=00&nkey=202101192055521
38,"롤스로이스, 고객 취향 저격 비스포크 컬렉티브 모델은",https://www.dnews.co.kr/uhtml/view.jsp?idxno=202101191526173050646
39,5억짜리 롤스로이스 뒤로 바짝 붙어 가다 사고 내 수리비 '3억' 물게 생긴 초보 운전자,https://www.insight.co.kr/news/326044
40,"스포펙, 레이스 블랙 배지를 기반으로 ‘스포펙 오버도즈’ 공개",https://hankookilbo.com/News/Read/A2021052107340004388?did=NA
41,"롤스로이스, 레이스 이글 VIII 컬렉션 공개",http://www.kookje.co.kr/news2011/asp/newsbody.asp?code=0200&key=20190528.99099012628
42,"'100년 전 밤하늘을 담았다' 롤스로이스, 50대 한정 '레이스 이글 VIII' 컬렉션 공개",http://www.autodaily.co.kr/news/articleView.html?idxno=409103
43,"롤스로이스, 한정판 ′레이스 이글 VIII’ 공개 계획..특징은?",http://www.dailycar.co.kr/content/news.html?type=view&autoId=33410
44,"롤스로이스, “전기차 가격 상승 없다”..2030년 내연기관 판매 중단!",http://www.dailycar.co.kr/content/news.html?type=view&autoId=43359
45,"롤스로이스, 새로운 색상 입힌 블랙 배지 ‘네온 나이트’ 공개..특징은?",http://www.dailycar.co.kr/content/news.html?type=view&autoId=38164
46,"""6년 뒤에 타~"" 12살 아들 생일 선물로 6억짜리 롤스로이스 선물한 엄마",https://www.insight.co.kr/news/317424
47,"롤스로이스, 청담동 카페에 쿠페 모델 '레이스' 전시...도심 속 휴식과 힐링 선사",http://www.autodaily.co.kr/news/articleView.html?idxno=405556
48,"롤스로이스, 청담동 카페에 쿠페 ‘레이스’ 전시",http://www.rpm9.com/news/article.html?id=20181018090017
49,"롤스로이스, 이달 말까지 청담동 카페에 쿠페 '레이스' 전시한다",https://www.insight.co.kr/news/184899
50,"[글로벌] 롤스로이스 등 클래식카 EV로 개조…""내년까지 예약 끝""",http://www.itdaily.kr/news/articleView.html?idxno=206656
51,"롤스로이스모터카, 레이스 루미너리 컬렉션 공개",http://www.gukjenews.com/news/articleView.html?idxno=903356
52,[클릭! 이 차]“세계 단 55대”...롤스로이스 레이스 루미너리 컬렉션,http://www.etnews.com/20180405000092
53,"롤스로이스, 한정판 '레이스 루미너리 컬렉션' 공개",http://www.getnews.co.kr/news/articleView.html?idxno=60057
54,롤스로이스가 직접 선정했다...13개의 비스포크,http://www.fnnews.com/news/202201281919474767
55,"롤스로이스, 비스포크 모델 13종 선정",http://www.pinpointnews.co.kr/view.php?ud=2022013123502692595d46bea725_45
56,"[시승기] 도끼가 왜 롤스로이스를 타는지 알겠네, 레이스 블랙 배지",http://www.hankookilbo.com/v/ae1da3e1a48448ff91cc3d95d49b4977
57,롤스로이스모터카가 뽑은 2021년 대표 비스포크 모델은?,http://www.rpm9.com/news/article.html?id=20220125090023
58,"롤스로이스모터카, 2021년 대표 비스포크 모델 13종 발표",http://www.autodaily.co.kr/news/articleView.html?idxno=431505
59,롤스로이스 레이스 부산 에디션 리뷰 - 호화스러운 롤스로이스의 그란투리스모,http://autoin.edaily.co.kr/news/newspath.asp?newsid=01554726615930560
60,"롤스로이스, 英 뮤지션과 '레이스 비스포크 에디션' 제작",http://www.zdnet.co.kr/ArticleView.asp?artice_id=20170403111318
61,"롤스로이스, 전기차 시대 '후드 오너먼트' 공개...'스펙터 EV' 첫 적용",http://www.gpkorea.com/news/articleView.html?idxno=82646
62,카일리 제너의 핑크 롤스로이스,http://www.vogue.co.kr/2020/07/20/%ec%b9%b4%ec%9d%bc%eb%a6%ac-%ec%a0%9c%eb%84%88%ec%9d%98-%ed%95%91%ed%81%ac-%eb%a1%a4%ec%8a%a4%eb%a1%9c%ec%9d%b4%ec%8a%a4/?utm_source=naver&utm_medium=partnership
63,'자동차의 유령' 롤스로이스…고스트·팬텀·레이스,http://www.asiatoday.co.kr/view.php?key=20161008010003846
64,"롤스로이스모터카, 2021년 대표 비스포크 모델 13종 공개!",http://kr.aving.net/news/view.php?articleId=1676500&Branch_ID=kr&rssid=naver&mn_name=news
65,"롤스로이스 ""또 다른 자아"" 고스트·레이스 `블랙 배지` 발표",http://www.gpkorea.com/bbs/board.php?bo_table=gp_motorsports&wr_id=14553
66,"롤스로이스, 고스트와 레이스 블랙 배지 공개",http://news.mk.co.kr/newsRead.php?no=166963&year=2016
67,롤스로이스 '후드 오너먼트' 공개,http://www.esquirekorea.co.kr/article/63674
68,"""단 한사람을 위해 만들었다""…롤스로이스, 노티카 레이스 공개",http://www.edaily.co.kr/news/newspath.asp?newsid=01187366612618088
69,"롤스로이스 레이스, `유유히 흘러가듯` 624마력의 힘…코너서도 매끈",http://news.mk.co.kr/news_forward.php?domain=news&no=949493&year=2015
70,"롤스로이스, '레이스 포르투 세르보' 공개, 석유 부자도 살 수 없는 한정판",http://www.kbench.com/?q=node/154761
71,[주목! 이차] 롤스로이스 고스트2·레이스,https://news.naver.com/main/read.naver?mode=LSD&mid=sec&sid1=101&oid=011&aid=0002745999
72,롤스로이스 사고 카지노 가고…美 PPP 대출 악용 사례 백태,https://www.chosun.com/international/us/2020/09/10/ZVFGJXC6YFF7JBPKDBWYLUYXJM/?utm_source=naver&utm_medium=original&utm_campaign=news
73,"롤스로이스 '레이스(Wraith)', 20살 청춘의 '꿈'을 자극하다",http://www.osen.co.kr/article/G1110024187
74,"[시승기]롤스로이스 레이스, 품격 높은 최상위 쿠페란 이런 것",http://www.ebn.co.kr/news/view/722528
75,[유레카]도시를 항해하는 유령선 ‘롤스로이스 레이스’,http://news.mk.co.kr/news_forward.php?domain=news&no=1425821&year=2014
76,롤스로이스 첫 전기 럭셔리카 스펙터 모습,http://www.thedrive.co.kr/news/newsview.php?ncode=1065580327345506
77,[포토] 독특한 문양이 돋보이는 롤스로이스 레이스 부산 에디션,http://autoin.edaily.co.kr/news/newspath.asp?newsid=01571126615930560
78,"롤스로이스, 2016년 젊은층 위한 '레이스 드롭헤드 쿠페' 출시",http://www.mt.co.kr/view/mtview.php?type=1&no=2014080809210997052&outlink=1
79,"롤스로이스 세단 고스트2·레이스, 유령처럼… 액셀 밟아도 실내엔 시계소리만",http://news.kmib.co.kr/article/view.asp?arcid=0923268931&code=14140000&cp=nv
80,"[BRAND NEW CAR] 롤스로이스 레이스, 아름다운 쿠페 라인의 그란투리스모",http://magazine.hankyung.com/money/apps/news?popup=0&nid=02&c1=2005&nkey=2013121800103073602&mode=sub_view
81,팬텀·고스트 이은 럭셔리 쿠페 `롤스로이스 레이스`,http://news.mk.co.kr/news_forward.php?domain=news&no=1260032&year=2013
82,롤스로이스 컨버터블 ‘레이스 드롭헤드 쿠페’ 출시,http://car.donga.com/3/all/20131104/58674496/2
83,롤스로이스 | 레이스 출시,http://news.mk.co.kr/news_forward.php?domain=news&no=1080947&year=2013
84,"롤스로이스, 역동적 모델인 '레이스' 국내 첫선",http://www.econovill.com/archives/131403
85,"[레알시승기]롤스로이스, 레이스(Wraith,유령)를 아시나요?",http://www.nocutnews.co.kr/Show.asp?IDX=2662681
86,3억9천만원 롤스로이스 ‘레이스’의 유혹,http://sports.khan.co.kr/news/sk_index.html?cat=view&art_id=201310312122596&sec_id=563002&pt=nv
87,"가장 강력한 롤스로이스, ‘레이스’ 국내 상륙",http://www.etnews.com/news/home_mobile/automobile/2854664_1485.html
88,"롤스로이스, 고성능 쿠페 '레이스' 출시.. 3억9000만원부터",http://www.edaily.co.kr/news/newspath.asp?newsid=02725686602977840
89,"슈퍼 럭셔리카 롤스로이스, '레이스' 공식 출시…3억 9000만원 부터",http://www.osen.co.kr/article/G1109714592
90,기본 몸값만 4억에 육박하는 롤스로이스 '레이스'는 어떤 모습?,http://kr.aving.net/news/view.php?articleId=726056&Branch_ID=kr&rssid=naver&mn_name=news
91,"4억원대 레이스 출시한 롤스로이스, 경쟁상대는?",http://biz.heraldcorp.com/view.php?ud=20131029000924
92,"롤스로이스 레이스, 국내 출시‥'마법의 양탄자'를 탄 느낌",http://www.wowtv.co.kr/newscenter/news/view.asp?bcode=T30001000&artid=A201310290324
93,[시승기] 강력해져 돌아온 롤스로이스의 세번째 유령 '레이스',http://biz.chosun.com/site/data/html_dir/2013/09/25/2013092501087.html
94,"롤스로이스, 굿우드서 신형 ‘레이스’ 선보여",http://news.mk.co.kr/news_forward.php?domain=news&no=595128&year=2013
95,굿우드 페스티벌 오브 스피드에서 롤스로이스 신형 ‘레이스’ 선보여,http://www.tvreport.co.kr/?c=news&m=newsview&idx=370797
96,"롤스로이스, 우승 100주년 기념 레이스 반환점 돌아",http://www.newspim.com/common/redirect.jsp?newsId=20130626000733
97,"롤스로이스 “레이스 컨버터블 3년 뒤 출시, SUV는 안 만들어…”",http://economy.donga.com/dongAuto/3/0111/20130430/54800593/2
98,2인승이지만 가장 강력한 롤스로이스 '레이스' 공개,http://www.wowtv.co.kr/newscenter/news/view.asp?bcode=T30001000&artid=A201303060261
99,"세계 3대 명차 '롤스로이스', 최고출력 624마력 '레이스' 공개",http://www.osen.co.kr/article/G1109552368
100,"롤스로이스, 한정판 '레이스 이글 VIII 컬렉션' 공개",http://www.ekn.kr/news/article.html?no=434232
101,"롤스로이스, 한정판 ′레이스 이글 VIII’ 공개 계획..특징은?",http://www.dailycar.co.kr/content/news.html?type=view&autoId=33410
102,"롤스로이스, “전기차 가격 상승 없다”..2030년 내연기관 판매 중단!",http://www.dailycar.co.kr/content/news.html?type=view&autoId=43359
103,"롤스로이스, 새로운 색상 입힌 블랙 배지 ‘네온 나이트’ 공개..특징은?",http://www.dailycar.co.kr/content/news.html?type=view&autoId=38164
104,"""6년 뒤에 타~"" 12살 아들 생일 선물로 6억짜리 롤스로이스 선물한 엄마",https://www.insight.co.kr/news/317424
105,"롤스로이스, 청담동 카페에 쿠페 모델 '레이스' 전시...도심 속 휴식과 힐링 선사",http://www.autodaily.co.kr/news/articleView.html?idxno=405556
106,"롤스로이스, 청담동 카페에 쿠페 ‘레이스’ 전시",http://www.rpm9.com/news/article.html?id=20181018090017
107,"롤스로이스, 이달 말까지 청담동 카페에 쿠페 '레이스' 전시한다",https://www.insight.co.kr/news/184899
108,"[글로벌] 롤스로이스 등 클래식카 EV로 개조…""내년까지 예약 끝""",http://www.itdaily.kr/news/articleView.html?idxno=206656
109,"롤스로이스모터카, 레이스 루미너리 컬렉션 공개",http://www.gukjenews.com/news/articleView.html?idxno=903356
110,"롤스로이스, 새로운 색상 입힌 블랙 배지 ‘네온 나이트’ 공개..특징은?",http://www.dailycar.co.kr/content/news.html?type=view&autoId=38164
111,"""6년 뒤에 타~"" 12살 아들 생일 선물로 6억짜리 롤스로이스 선물한 엄마",https://www.insight.co.kr/news/317424
112,"롤스로이스, 청담동 카페에 쿠페 모델 '레이스' 전시...도심 속 휴식과 힐링 선사",http://www.autodaily.co.kr/news/articleView.html?idxno=405556
113,"롤스로이스, 청담동 카페에 쿠페 ‘레이스’ 전시",http://www.rpm9.com/news/article.html?id=20181018090017
114,"롤스로이스, 이달 말까지 청담동 카페에 쿠페 '레이스' 전시한다",https://www.insight.co.kr/news/184899
115,"[글로벌] 롤스로이스 등 클래식카 EV로 개조…""내년까지 예약 끝""",http://www.itdaily.kr/news/articleView.html?idxno=206656
116,"롤스로이스모터카, 레이스 루미너리 컬렉션 공개",http://www.gukjenews.com/news/articleView.html?idxno=903356
117,[클릭! 이 차]“세계 단 55대”...롤스로이스 레이스 루미너리 컬렉션,http://www.etnews.com/20180405000092
118,"롤스로이스, 한정판 '레이스 루미너리 컬렉션' 공개",http://www.getnews.co.kr/news/articleView.html?idxno=60057
119,"초호화車 대명사 롤스로이스, 암호풀이 온라인 게임 출시",http://www.digitaltoday.co.kr/news/articleView.html?idxno=242419
120,"롤스로이스, 청담동 카페에 ‘레이스’ 전시",http://www.ekn.kr/news/article.html?no=391755
121,"[글로벌] 롤스로이스 등 클래식카 EV로 개조…""내년까지 예약 끝""",http://www.itdaily.kr/news/articleView.html?idxno=206656
122,"롤스로이스모터카, 레이스 루미너리 컬렉션 공개",http://www.gukjenews.com/news/articleView.html?idxno=903356
123,[클릭! 이 차]“세계 단 55대”...롤스로이스 레이스 루미너리 컬렉션,http://www.etnews.com/20180405000092
124,"롤스로이스, 한정판 '레이스 루미너리 컬렉션' 공개",http://www.getnews.co.kr/news/articleView.html?idxno=60057
125,"초호화車 대명사 롤스로이스, 암호풀이 온라인 게임 출시",http://www.digitaltoday.co.kr/news/articleView.html?idxno=242419
126,"롤스로이스, 암호해독 온라인 게임 만들었다",http://www.inews24.com/view/1284508
127,글로벌 50대 한정판 '롤스로이스' 국내 1대 판매예정,http://www.mediapen.com/news/view/539709
128,롤스로이스가 직접 선정했다...13개의 비스포크,http://www.fnnews.com/news/202201281919474767
129,"롤스로이스, 비스포크 모델 13종 선정",http://www.pinpointnews.co.kr/view.php?ud=2022013123502692595d46bea725_45
130,[클릭! 이 차]“세계 단 55대”...롤스로이스 레이스 루미너리 컬렉션,http://www.etnews.com/20180405000092
131,"롤스로이스, 한정판 '레이스 루미너리 컬렉션' 공개",http://www.getnews.co.kr/news/articleView.html?idxno=60057
132,"초호화車 대명사 롤스로이스, 암호풀이 온라인 게임 출시",http://www.digitaltoday.co.kr/news/articleView.html?idxno=242419
133,"롤스로이스, 암호해독 온라인 게임 만들었다",http://www.inews24.com/view/1284508
134,글로벌 50대 한정판 '롤스로이스' 국내 1대 판매예정,http://www.mediapen.com/news/view/539709
135,롤스로이스가 직접 선정했다...13개의 비스포크,http://www.fnnews.com/news/202201281919474767
136,"롤스로이스, 비스포크 모델 13종 선정",http://www.pinpointnews.co.kr/view.php?ud=2022013123502692595d46bea725_45
137,"[시승기] 도끼가 왜 롤스로이스를 타는지 알겠네, 레이스 블랙 배지",http://www.hankookilbo.com/v/ae1da3e1a48448ff91cc3d95d49b4977
138,롤스로이스모터카가 뽑은 2021년 대표 비스포크 모델은?,http://www.rpm9.com/news/article.html?id=20220125090023
139,"롤스로이스모터카, 2021년 대표 비스포크 모델 13종 발표",http://www.autodaily.co.kr/news/articleView.html?idxno=431505
140,"초호화車 대명사 롤스로이스, 암호풀이 온라인 게임 출시",http://www.digitaltoday.co.kr/news/articleView.html?idxno=242419
141,"롤스로이스, 암호해독 온라인 게임 만들었다",http://www.inews24.com/view/1284508
142,"롤스로이스, 레이스 루미너리 컬렉션 공개…55대 한정판",http://www.sporbiz.co.kr/news/articleView.html?idxno=215980
143,글로벌 50대 한정판 '롤스로이스' 국내 1대 판매예정,http://www.mediapen.com/news/view/539709
144,롤스로이스가 직접 선정했다...13개의 비스포크,http://www.fnnews.com/news/202201281919474767
145,"롤스로이스, 비스포크 모델 13종 선정",http://www.pinpointnews.co.kr/view.php?ud=2022013123502692595d46bea725_45
146,"[시승기] 도끼가 왜 롤스로이스를 타는지 알겠네, 레이스 블랙 배지",http://www.hankookilbo.com/v/ae1da3e1a48448ff91cc3d95d49b4977
147,롤스로이스모터카가 뽑은 2021년 대표 비스포크 모델은?,http://www.rpm9.com/news/article.html?id=20220125090023
148,"롤스로이스모터카, 2021년 대표 비스포크 모델 13종 발표",http://www.autodaily.co.kr/news/articleView.html?idxno=431505
149,롤스로이스 레이스 부산 에디션 리뷰 - 호화스러운 롤스로이스의 그란투리스모,http://autoin.edaily.co.kr/news/newspath.asp?newsid=01554726615930560
150,[PHOTO NEWS] 전 세계 55대뿐인 롤스로이스 '레이스 루미너리 컬렉션',http://www.techholic.co.kr/news/articleView.html?idxno=175138
151,"롤스로이스, 비스포크 모델 13종 선정",http://www.pinpointnews.co.kr/view.php?ud=2022013123502692595d46bea725_45
152,"[시승기] 도끼가 왜 롤스로이스를 타는지 알겠네, 레이스 블랙 배지",http://www.hankookilbo.com/v/ae1da3e1a48448ff91cc3d95d49b4977
153,롤스로이스모터카가 뽑은 2021년 대표 비스포크 모델은?,http://www.rpm9.com/news/article.html?id=20220125090023
154,"롤스로이스모터카, 2021년 대표 비스포크 모델 13종 발표",http://www.autodaily.co.kr/news/articleView.html?idxno=431505
155,롤스로이스 레이스 부산 에디션 리뷰 - 호화스러운 롤스로이스의 그란투리스모,http://autoin.edaily.co.kr/news/newspath.asp?newsid=01554726615930560
156,"""가장 아름다운 모델은?""…롤스로이스, 비스포크 13종 선정",http://www.newsis.com/view/?id=NISX20220125_0001737320&cID=13001&pID=13000
157,"롤스로이스, 英 뮤지션과 '레이스 비스포크 에디션' 제작",http://www.zdnet.co.kr/ArticleView.asp?artice_id=20170403111318
158,"롤스로이스, 전기차 시대 '후드 오너먼트' 공개...'스펙터 EV' 첫 적용",http://www.gpkorea.com/news/articleView.html?idxno=82646
159,카일리 제너의 핑크 롤스로이스,http://www.vogue.co.kr/2020/07/20/%ec%b9%b4%ec%9d%bc%eb%a6%ac-%ec%a0%9c%eb%84%88%ec%9d%98-%ed%95%91%ed%81%ac-%eb%a1%a4%ec%8a%a4%eb%a1%9c%ec%9d%b4%ec%8a%a4/?utm_source=naver&utm_medium=partnership
160,"""전세계 단 55대"" 롤스로이스, 레이스 루미너리 컬렉션 공개",http://news.mt.co.kr/mtview.php?no=2018040416281515549
161,롤스로이스 레이스 부산 에디션 리뷰 - 호화스러운 롤스로이스의 그란투리스모,http://autoin.edaily.co.kr/news/newspath.asp?newsid=01554726615930560
162,"""가장 아름다운 모델은?""…롤스로이스, 비스포크 13종 선정",http://www.newsis.com/view/?id=NISX20220125_0001737320&cID=13001&pID=13000
163,"롤스로이스, 英 뮤지션과 '레이스 비스포크 에디션' 제작",http://www.zdnet.co.kr/ArticleView.asp?artice_id=20170403111318
164,"롤스로이스, 전기차 시대 '후드 오너먼트' 공개...'스펙터 EV' 첫 적용",http://www.gpkorea.com/news/articleView.html?idxno=82646
165,카일리 제너의 핑크 롤스로이스,http://www.vogue.co.kr/2020/07/20/%ec%b9%b4%ec%9d%bc%eb%a6%ac-%ec%a0%9c%eb%84%88%ec%9d%98-%ed%95%91%ed%81%ac-%eb%a1%a4%ec%8a%a4%eb%a1%9c%ec%9d%b4%ec%8a%a4/?utm_source=naver&utm_medium=partnership
166,'자동차의 유령' 롤스로이스…고스트·팬텀·레이스,http://www.asiatoday.co.kr/view.php?key=20161008010003846
167,"롤스로이스모터카, 2021년 대표 비스포크 모델 13종 공개!",http://kr.aving.net/news/view.php?articleId=1676500&Branch_ID=kr&rssid=naver&mn_name=news
168,"롤스로이스, 2021년 빛낸 비스포크 라인업 13종은?",http://autotimes.hankyung.com/apps/news.sub_view?popup=0&nid=02&c1=02&c2=02&c3=00&nkey=202201250943221
169,"롤스로이스 ""또 다른 자아"" 고스트·레이스 `블랙 배지` 발표",http://www.gpkorea.com/bbs/board.php?bo_table=gp_motorsports&wr_id=14553
170,역대 최다 판매량 기록한 롤스로이스…대표 모델 13종 발표,https://www.asiatoday.co.kr/view.php?key=20220125010014109
171,"롤스로이스, 2021년 빛낸 비스포크 라인업 13종은?",http://autotimes.hankyung.com/apps/news.sub_view?popup=0&nid=02&c1=02&c2=02&c3=00&nkey=202201250943221
172,"[포토]롤스로이스 '레이스 루미너리 컬렉션', 우주를 담은 듯한 실내",http://www.edaily.co.kr/news/newspath.asp?newsid=03791686619172840
173,"롤스로이스 ""또 다른 자아"" 고스트·레이스 `블랙 배지` 발표",http://www.gpkorea.com/bbs/board.php?bo_table=gp_motorsports&wr_id=14553
174,"롤스로이스, 고스트와 레이스 블랙 배지 공개",http://news.mk.co.kr/newsRead.php?no=166963&year=2016
175,롤스로이스 '후드 오너먼트' 공개,http://www.esquirekorea.co.kr/article/63674
176,"롤스로이스모터카, 9대의 특별한 레이스 에디션 공개",http://news.mk.co.kr/newsRead.php?&year=2017&no=224547
177,"""단 한사람을 위해 만들었다""…롤스로이스, 노티카 레이스 공개",http://www.edaily.co.kr/news/newspath.asp?newsid=01187366612618088
178,"롤스로이스 레이스, `유유히 흘러가듯` 624마력의 힘…코너서도 매끈",http://news.mk.co.kr/news_forward.php?domain=news&no=949493&year=2015
179,"롤스로이스, '레이스 포르투 세르보' 공개, 석유 부자도 살 수 없는 한정판",http://www.kbench.com/?q=node/154761
180,"롤스로이스모터카, 9대의 특별한 레이스 에디션 공개",http://news.mk.co.kr/newsRead.php?&year=2017&no=224547
181,"""단 한사람을 위해 만들었다""…롤스로이스, 노티카 레이스 공개",http://www.edaily.co.kr/news/newspath.asp?newsid=01187366612618088
182,"롤스로이스 레이스, `유유히 흘러가듯` 624마력의 힘…코너서도 매끈",http://news.mk.co.kr/news_forward.php?domain=news&no=949493&year=2015
183,"롤스로이스, 고스트·레이스 '블랙 배지' 선봬…고품격 디자인 완성",http://sports.chosun.com/news/ntype.htm?id=201603040100032530001887&servicedate=20160303
184,"롤스로이스, '레이스 포르투 세르보' 공개, 석유 부자도 살 수 없는 한정판",http://www.kbench.com/?q=node/154761
185,[주목! 이차] 롤스로이스 고스트2·레이스,https://news.naver.com/main/read.naver?mode=LSD&mid=sec&sid1=101&oid=011&aid=0002745999
186,롤스로이스 사고 카지노 가고…美 PPP 대출 악용 사례 백태,https://www.chosun.com/international/us/2020/09/10/ZVFGJXC6YFF7JBPKDBWYLUYXJM/?utm_source=naver&utm_medium=original&utm_campaign=news
187,"롤스로이스 '레이스(Wraith)', 20살 청춘의 '꿈'을 자극하다",http://www.osen.co.kr/article/G1110024187
188,"[시승기]롤스로이스 레이스, 품격 높은 최상위 쿠페란 이런 것",http://www.ebn.co.kr/news/view/722528
189,[유레카]도시를 항해하는 유령선 ‘롤스로이스 레이스’,http://news.mk.co.kr/news_forward.php?domain=news&no=1425821&year=2014
190,"롤스로이스 '레이스(Wraith)', 20살 청춘의 '꿈'을 자극하다",http://www.osen.co.kr/article/G1110024187
191,"[시승기]롤스로이스 레이스, 품격 높은 최상위 쿠페란 이런 것",http://www.ebn.co.kr/news/view/722528
192,[유레카]도시를 항해하는 유령선 ‘롤스로이스 레이스’,http://news.mk.co.kr/news_forward.php?domain=news&no=1425821&year=2014
193,롤스로이스 첫 전기 럭셔리카 스펙터 모습,http://www.thedrive.co.kr/news/newsview.php?ncode=1065580327345506
194,[포토] 독특한 문양이 돋보이는 롤스로이스 레이스 부산 에디션,http://autoin.edaily.co.kr/news/newspath.asp?newsid=01571126615930560
195,"롤스로이스, 2016년 젊은층 위한 '레이스 드롭헤드 쿠페' 출시",http://www.mt.co.kr/view/mtview.php?type=1&no=2014080809210997052&outlink=1
196,"롤스로이스 세단 고스트2·레이스, 유령처럼… 액셀 밟아도 실내엔 시계소리만",http://news.kmib.co.kr/article/view.asp?arcid=0923268931&code=14140000&cp=nv
197,"[BRAND NEW CAR] 롤스로이스 레이스, 아름다운 쿠페 라인의 그란투리스모",http://magazine.hankyung.com/money/apps/news?popup=0&nid=02&c1=2005&nkey=2013121800103073602&mode=sub_view
198,팬텀·고스트 이은 럭셔리 쿠페 `롤스로이스 레이스`,http://news.mk.co.kr/news_forward.php?domain=news&no=1260032&year=2013
199,"롤스로이스, 고스트·레이스 블랙 배지 공개",http://biz.newdaily.co.kr/news/article.html?no=10098907
200,"롤스로이스, 고스트·레이스 블랙 배지 공개",http://biz.newdaily.co.kr/news/article.html?no=10098907
201,롤스로이스 컨버터블 ‘레이스 드롭헤드 쿠페’ 출시,http://car.donga.com/3/all/20131104/58674496/2
202,롤스로이스 | 레이스 출시,http://news.mk.co.kr/news_forward.php?domain=news&no=1080947&year=2013
203,"롤스로이스, 역동적 모델인 '레이스' 국내 첫선",http://www.econovill.com/archives/131403
204,"[레알시승기]롤스로이스, 레이스(Wraith,유령)를 아시나요?",http://www.nocutnews.co.kr/Show.asp?IDX=2662681
205,3억9천만원 롤스로이스 ‘레이스’의 유혹,http://sports.khan.co.kr/news/sk_index.html?cat=view&art_id=201310312122596&sec_id=563002&pt=nv
206,"가장 강력한 롤스로이스, ‘레이스’ 국내 상륙",http://www.etnews.com/news/home_mobile/automobile/2854664_1485.html
207,"롤스로이스, 고성능 쿠페 '레이스' 출시.. 3억9000만원부터",http://www.edaily.co.kr/news/newspath.asp?newsid=02725686602977840
208,"슈퍼 럭셔리카 롤스로이스, '레이스' 공식 출시…3억 9000만원 부터",http://www.osen.co.kr/article/G1109714592
209,기본 몸값만 4억에 육박하는 롤스로이스 '레이스'는 어떤 모습?,http://kr.aving.net/news/view.php?articleId=726056&Branch_ID=kr&rssid=naver&mn_name=news
210,"롤스로이스 '레이스' 출시, '젊은층' 공략 가동",http://www.mt.co.kr/view/mtview.php?type=1&no=2013102914044719281&outlink=1
211,"슈퍼 럭셔리카 롤스로이스, '레이스' 공식 출시…3억 9000만원 부터",http://www.osen.co.kr/article/G1109714592
212,기본 몸값만 4억에 육박하는 롤스로이스 '레이스'는 어떤 모습?,http://kr.aving.net/news/view.php?articleId=726056&Branch_ID=kr&rssid=naver&mn_name=news
213,"4억원대 레이스 출시한 롤스로이스, 경쟁상대는?",http://biz.heraldcorp.com/view.php?ud=20131029000924
214,"롤스로이스 레이스, 국내 출시‥'마법의 양탄자'를 탄 느낌",http://www.wowtv.co.kr/newscenter/news/view.asp?bcode=T30001000&artid=A201310290324
215,[시승기] 강력해져 돌아온 롤스로이스의 세번째 유령 '레이스',http://biz.chosun.com/site/data/html_dir/2013/09/25/2013092501087.html
216,"롤스로이스, 굿우드서 신형 ‘레이스’ 선보여",http://news.mk.co.kr/news_forward.php?domain=news&no=595128&year=2013
217,굿우드 페스티벌 오브 스피드에서 롤스로이스 신형 ‘레이스’ 선보여,http://www.tvreport.co.kr/?c=news&m=newsview&idx=370797
218,"롤스로이스, 우승 100주년 기념 레이스 반환점 돌아",http://www.newspim.com/common/redirect.jsp?newsId=20130626000733
219,"롤스로이스 “레이스 컨버터블 3년 뒤 출시, SUV는 안 만들어…”",http://economy.donga.com/dongAuto/3/0111/20130430/54800593/2
220,롤스로이스 쿠페 `레이스` 국내 상륙,http://news.mk.co.kr/news_forward.php?domain=news&no=1053170&year=2013
221,"4억원대 레이스 출시한 롤스로이스, 경쟁상대는?",http://biz.heraldcorp.com/view.php?ud=20131029000924
222,"롤스로이스, 쿠페형 ‘레이스(Wraith)’ 국내 출시…3억9,000만원부터",https://news.naver.com/main/read.naver?mode=LSD&mid=sec&sid1=101&oid=011&aid=0002415057
223,"롤스로이스, '레이스' 국내 출시…최저 3억9천만원",http://www.seoulfn.com/news/articleView.html?idxno=177915
224,"롤스로이스 레이스, 국내 출시‥'마법의 양탄자'를 탄 느낌",http://www.wowtv.co.kr/newscenter/news/view.asp?bcode=T30001000&artid=A201310290324
225,[시승기] 강력해져 돌아온 롤스로이스의 세번째 유령 '레이스',http://biz.chosun.com/site/data/html_dir/2013/09/25/2013092501087.html
226,"롤스로이스, 굿우드서 신형 ‘레이스’ 선보여",http://news.mk.co.kr/news_forward.php?domain=news&no=595128&year=2013
227,굿우드 페스티벌 오브 스피드에서 롤스로이스 신형 ‘레이스’ 선보여,http://www.tvreport.co.kr/?c=news&m=newsview&idx=370797
228,"롤스로이스, 우승 100주년 기념 레이스 반환점 돌아",http://www.newspim.com/common/redirect.jsp?newsId=20130626000733
229,"롤스로이스 “레이스 컨버터블 3년 뒤 출시, SUV는 안 만들어…”",http://economy.donga.com/dongAuto/3/0111/20130430/54800593/2
230,"[사진]롤스로이스 레이스,'돋보이는 라인'",http://www.osen.co.kr/article/G1109714491
231,[암흑가의 신사] 롤스로이스 [레이스] 상륙,http://biz.newdaily.co.kr/news/article.html?no=10025759
232,"롤스로이스, 세번째 모델 ‘레이스’ 국내 출시",http://www.munhwa.com/news/view.html?no=20131029MW15445987266
233,[시승기] 강력해져 돌아온 롤스로이스의 세번째 유령 '레이스',http://biz.chosun.com/site/data/html_dir/2013/09/25/2013092501087.html
234,"롤스로이스, 굿우드서 신형 ‘레이스’ 선보여",http://news.mk.co.kr/news_forward.php?domain=news&no=595128&year=2013
235,굿우드 페스티벌 오브 스피드에서 롤스로이스 신형 ‘레이스’ 선보여,http://www.tvreport.co.kr/?c=news&m=newsview&idx=370797
236,"롤스로이스, 우승 100주년 기념 레이스 반환점 돌아",http://www.newspim.com/common/redirect.jsp?newsId=20130626000733
237,"롤스로이스 “레이스 컨버터블 3년 뒤 출시, SUV는 안 만들어…”",http://economy.donga.com/dongAuto/3/0111/20130430/54800593/2
238,"롤스로이스, '레이스 드롭헤드 쿠페' 2016년 출시 확정",http://www.kbench.com/?q=node/137447
239,2인승이지만 가장 강력한 롤스로이스 '레이스' 공개,http://www.wowtv.co.kr/newscenter/news/view.asp?bcode=T30001000&artid=A201303060261
240,[사진]역사상 가장 강력한 롤스로이스 레이스 엔진룸,http://www.osen.co.kr/article/G1109714487
241,[암흑가의 신사] 롤스로이스 [레이스] 상륙,http://biz.newdaily.co.kr/news/article.html?no=10025759
242,"롤스로이스, 세번째 모델 ‘레이스’ 국내 출시",http://www.munhwa.com/news/view.html?no=20131029MW15445987266
243,[시승기] 강력해져 돌아온 롤스로이스의 세번째 유령 '레이스',http://biz.chosun.com/site/data/html_dir/2013/09/25/2013092501087.html
244,"롤스로이스, 굿우드서 신형 ‘레이스’ 선보여",http://news.mk.co.kr/news_forward.php?domain=news&no=595128&year=2013
245,굿우드 페스티벌 오브 스피드에서 롤스로이스 신형 ‘레이스’ 선보여,http://www.tvreport.co.kr/?c=news&m=newsview&idx=370797
246,"롤스로이스, 우승 100주년 기념 레이스 반환점 돌아",http://www.newspim.com/common/redirect.jsp?newsId=20130626000733
247,"롤스로이스 “레이스 컨버터블 3년 뒤 출시, SUV는 안 만들어…”",http://economy.donga.com/dongAuto/3/0111/20130430/54800593/2
248,"롤스로이스, '레이스 드롭헤드 쿠페' 2016년 출시 확정",http://www.kbench.com/?q=node/137447
249,2인승이지만 가장 강력한 롤스로이스 '레이스' 공개,http://www.wowtv.co.kr/newscenter/news/view.asp?bcode=T30001000&artid=A201303060261
250,"롤스로이스 레이스, 국내 출시 '젊은층 공략' 럭셔리 쿠페 진수",http://sports.chosun.com/news/ntype.htm?id=201310290100321720022719&servicedate=20131029
251,"[포토] 역동적인 쿠페, 롤스로이스 레이스 출시",http://www.ajunews.com/view/20131029011634657
252,[시승기] 강력해져 돌아온 롤스로이스의 세번째 유령 '레이스',http://biz.chosun.com/site/data/html_dir/2013/09/25/2013092501087.html
253,"롤스로이스, 굿우드서 신형 ‘레이스’ 선보여",http://news.mk.co.kr/news_forward.php?domain=news&no=595128&year=2013
254,굿우드 페스티벌 오브 스피드에서 롤스로이스 신형 ‘레이스’ 선보여,http://www.tvreport.co.kr/?c=news&m=newsview&idx=370797
255,"롤스로이스, 우승 100주년 기념 레이스 반환점 돌아",http://www.newspim.com/common/redirect.jsp?newsId=20130626000733
256,"롤스로이스 “레이스 컨버터블 3년 뒤 출시, SUV는 안 만들어…”",http://economy.donga.com/dongAuto/3/0111/20130430/54800593/2
257,"롤스로이스, '레이스 드롭헤드 쿠페' 2016년 출시 확정",http://www.kbench.com/?q=node/137447
258,2인승이지만 가장 강력한 롤스로이스 '레이스' 공개,http://www.wowtv.co.kr/newscenter/news/view.asp?bcode=T30001000&artid=A201303060261
259,"세계 3대 명차 '롤스로이스', 최고출력 624마력 '레이스' 공개",http://www.osen.co.kr/article/G1109552368
260,"[포토]롤스로이스 팬텀, 고스트에 이어 레이스 국내 출시",http://www.newdaily.co.kr/news/article.html?no=176126
261,"[포토] 역동적인 쿠페, 롤스로이스 레이스 출시",http://www.ajunews.com/view/20131029011634657
262,[시승기] 강력해져 돌아온 롤스로이스의 세번째 유령 '레이스',http://biz.chosun.com/site/data/html_dir/2013/09/25/2013092501087.html
263,"롤스로이스, 굿우드서 신형 ‘레이스’ 선보여",http://news.mk.co.kr/news_forward.php?domain=news&no=595128&year=2013
264,굿우드 페스티벌 오브 스피드에서 롤스로이스 신형 ‘레이스’ 선보여,http://www.tvreport.co.kr/?c=news&m=newsview&idx=370797
265,"롤스로이스, 우승 100주년 기념 레이스 반환점 돌아",http://www.newspim.com/common/redirect.jsp?newsId=20130626000733
266,"롤스로이스 “레이스 컨버터블 3년 뒤 출시, SUV는 안 만들어…”",http://economy.donga.com/dongAuto/3/0111/20130430/54800593/2
267,"롤스로이스, '레이스 드롭헤드 쿠페' 2016년 출시 확정",http://www.kbench.com/?q=node/137447
268,2인승이지만 가장 강력한 롤스로이스 '레이스' 공개,http://www.wowtv.co.kr/newscenter/news/view.asp?bcode=T30001000&artid=A201303060261
269,"세계 3대 명차 '롤스로이스', 최고출력 624마력 '레이스' 공개",http://www.osen.co.kr/article/G1109552368
270,롤스로이스 레이스 출시 '명차의 품격',http://www.newscj.com/news/articleView.html?idxno=211463
271,[시승기] 강력해져 돌아온 롤스로이스의 세번째 유령 '레이스',http://biz.chosun.com/site/data/html_dir/2013/09/25/2013092501087.html
272,"롤스로이스, 굿우드서 신형 ‘레이스’ 선보여",http://news.mk.co.kr/news_forward.php?domain=news&no=595128&year=2013
273,굿우드 페스티벌 오브 스피드에서 롤스로이스 신형 ‘레이스’ 선보여,http://www.tvreport.co.kr/?c=news&m=newsview&idx=370797
274,"롤스로이스, 우승 100주년 기념 레이스 반환점 돌아",http://www.newspim.com/common/redirect.jsp?newsId=20130626000733
275,"롤스로이스 “레이스 컨버터블 3년 뒤 출시, SUV는 안 만들어…”",http://economy.donga.com/dongAuto/3/0111/20130430/54800593/2
276,"롤스로이스, '레이스 드롭헤드 쿠페' 2016년 출시 확정",http://www.kbench.com/?q=node/137447
277,2인승이지만 가장 강력한 롤스로이스 '레이스' 공개,http://www.wowtv.co.kr/newscenter/news/view.asp?bcode=T30001000&artid=A201303060261
278,"세계 3대 명차 '롤스로이스', 최고출력 624마력 '레이스' 공개",http://www.osen.co.kr/article/G1109552368
279,"롤스로이스, 624마력 초호화 쿠페 ‘레이스’ 공개!",http://economy.donga.com/dongAuto/3/0111/20130305/53479630/2
280,[포토]신사의 힘을 보여줄 롤스로이스의 강력한 신차 `레이스`,http://www.edaily.co.kr/news/newspath.asp?newsid=02479686602875176
281,"롤스로이스, 우승 100주년 기념 레이스 반환점 돌아",http://www.newspim.com/common/redirect.jsp?newsId=20130626000733
282,"롤스로이스 “레이스 컨버터블 3년 뒤 출시, SUV는 안 만들어…”",http://economy.donga.com/dongAuto/3/0111/20130430/54800593/2
283,"롤스로이스, '레이스 드롭헤드 쿠페' 2016년 출시 확정",http://www.kbench.com/?q=node/137447
284,2인승이지만 가장 강력한 롤스로이스 '레이스' 공개,http://www.wowtv.co.kr/newscenter/news/view.asp?bcode=T30001000&artid=A201303060261
285,"세계 3대 명차 '롤스로이스', 최고출력 624마력 '레이스' 공개",http://www.osen.co.kr/article/G1109552368
286,"롤스로이스, 624마력 초호화 쿠페 ‘레이스’ 공개!",http://economy.donga.com/dongAuto/3/0111/20130305/53479630/2
287,'집값' 벤틀리·롤스로이스 작년 더 팔렸다,http://moneys.mt.co.kr/news/mwView.php?no=2022011118068035374
288,"롤스로이스, 역대 최고 실적 달성,,,한국도 225대",http://autotimes.hankyung.com/apps/news.sub_view?popup=0&nid=03&c1=03&c2=03&c3=00&nkey=202201101751311
289,"롤스로이스모터카, 2021년 글로벌 판매량 역대 최고 실적 달성",http://www.segyebiz.com/newsView/20220110515747?OutUrl=naver
290,롤스로이스의 GT카 ‘레이스(Wraith)’의 위엄!,http://www.newdaily.co.kr/news/article.html?no=145506
291,"롤스로이스, 624마력 초호화 쿠페 ‘레이스’ 공개!",http://economy.donga.com/dongAuto/3/0111/20130305/53479630/2
292,'집값' 벤틀리·롤스로이스 작년 더 팔렸다,http://moneys.mt.co.kr/news/mwView.php?no=2022011118068035374
293,"롤스로이스, 역대 최고 실적 달성,,,한국도 225대",http://autotimes.hankyung.com/apps/news.sub_view?popup=0&nid=03&c1=03&c2=03&c3=00&nkey=202201101751311
294,"롤스로이스모터카, 2021년 글로벌 판매량 역대 최고 실적 달성",http://www.segyebiz.com/newsView/20220110515747?OutUrl=naver
295,"[디자인 품평]롤스로이스 레이스, 귀족 스포츠카의 미덕은 ‘상식 파괴’",http://news.mk.co.kr/news_forward.php?domain=news&no=1425844&year=2014
296,"롤스로이스, 신형 레이스 선봬",http://autotimes.hankyung.com/apps/news.sub_view?popup=0&nid=04&c1=04&c2=04&c3=00&nkey=201307161500031
297,"롤스로이스모터카, 116년 역사상 최대 판매량 경신",http://www.electimes.com/article.php?aid=1578392678192544094
298,"롤스로이스, 럭셔리 쿠페 '레이스' 공개",http://news1.kr/articles/1037575
299,"롤스로이스 드래그 레이스, 팬텀 vs 고스트",https://news.naver.com/main/read.naver?mode=LSD&mid=sec&sid1=101&oid=003&aid=0004484368
300,"롤스로이스, 작년 5586대 판매 '역대 최고' 실적",http://www.g-enews.com/ko-kr/news/article/news_all/2022011016444075677bdb7041ec_1/article.html
301,"[디자인 품평]롤스로이스 레이스, 귀족 스포츠카의 미덕은 ‘상식 파괴’",http://news.mk.co.kr/news_forward.php?domain=news&no=1425844&year=2014
302,"롤스로이스, 신형 레이스 선봬",http://autotimes.hankyung.com/apps/news.sub_view?popup=0&nid=04&c1=04&c2=04&c3=00&nkey=201307161500031
303,"롤스로이스모터카, 116년 역사상 최대 판매량 경신",http://www.electimes.com/article.php?aid=1578392678192544094
304,"롤스로이스, 럭셔리 쿠페 '레이스' 공개",http://news1.kr/articles/1037575
305,"롤스로이스 드래그 레이스, 팬텀 vs 고스트",https://news.naver.com/main/read.naver?mode=LSD&mid=sec&sid1=101&oid=003&aid=0004484368
306,"롤스로이스, 알파인 트라이얼 우승 기념 이색 레이스",http://www.sportsworldi.com/Articles/LeisureLife/Article.asp?aid=20130529002848&OutUrl=naver
307,"[CAR]‘레이스’ 선전… 롤스로이스, 2014년 판매 50% 늘어",http://news.donga.com/3/all/20150122/69218148/1
308,[제네바모터쇼]역사상 가장 다이내믹한 롤스로이스 '레이스' 첫 선,http://www.etoday.co.kr/news/section/newsview.php?idxno=700131
309,[포토] 롤스로이스 ‘레이스’의 6.6리터 12기통 엔진,http://www.fnnews.com/view?ra=Sent0601m_01A&corp=fnnews&arcid=201310290100305110016294&cDateYear=2013&cDateMonth=10&cDateDay=29&
310,"롤스로이스모터카, 116년 역사상 최대 판매량 경신",http://www.electimes.com/article.php?aid=1578392678192544094
311,"롤스로이스, 럭셔리 쿠페 '레이스' 공개",http://news1.kr/articles/1037575
312,"롤스로이스 드래그 레이스, 팬텀 vs 고스트",https://news.naver.com/main/read.naver?mode=LSD&mid=sec&sid1=101&oid=003&aid=0004484368
313,"롤스로이스, 알파인 트라이얼 우승 기념 이색 레이스",http://www.sportsworldi.com/Articles/LeisureLife/Article.asp?aid=20130529002848&OutUrl=naver
314,"[CAR]‘레이스’ 선전… 롤스로이스, 2014년 판매 50% 늘어",http://news.donga.com/3/all/20150122/69218148/1
315,[제네바모터쇼]역사상 가장 다이내믹한 롤스로이스 '레이스' 첫 선,http://www.etoday.co.kr/news/section/newsview.php?idxno=700131
316,[포토] 롤스로이스 ‘레이스’의 6.6리터 12기통 엔진,http://www.fnnews.com/view?ra=Sent0601m_01A&corp=fnnews&arcid=201310290100305110016294&cDateYear=2013&cDateMonth=10&cDateDay=29&
317,롤스로이스 '레이스 부산 에디션'의 위엄,http://www.kukinews.com/news/article.html?no=453702
318,[포토] 차에서 우산이 나오네? 롤스로이스 레이스,http://www.segye.com/content/html/2013/10/29/20131029004698.html?OutUrl=naver
319,롤스로이스 레이스 국내 출시,http://www.newscj.com/news/articleView.html?idxno=211462
320,롤스로이스 '레이스 부산 에디션'의 위엄,http://www.kukinews.com/news/article.html?no=453702
321,[포토] 차에서 우산이 나오네? 롤스로이스 레이스,http://www.segye.com/content/html/2013/10/29/20131029004698.html?OutUrl=naver
322,롤스로이스 레이스 국내 출시,http://www.newscj.com/news/articleView.html?idxno=211462
323,[포토] 롤스로이스 레이스를 손질한 810마력의 조지,http://autoin.edaily.co.kr/news/newspath.asp?newsid=04168886615993864
324,"[모터쇼]롤스로이스, 신기술 적용한 '레이스' 선봬",http://autotimes.hankyung.com/apps/news.sub_view?popup=0&nid=04&c1=04&c2=04&c3=00&nkey=201303061842511
325,"‘초호화 럭셔리카’ 롤스로이스, 전기차 ‘스펙터’ 공개..과연 출시 일정은?",http://www.dailycar.co.kr/content/news.html?type=view&autoId=42249
326,[포토] 롤스로이스 레이스와 벨벳 드레스의 모델,http://www.segye.com/content/html/2013/10/29/20131029004476.html?OutUrl=naver
327,[포토] 독특한 패스트백 디자인 뽐내는 롤스로이스 ‘레이스’,http://www.fnnews.com/view?ra=Sent0601m_01A&corp=fnnews&arcid=201310290100305140016296&cDateYear=2013&cDateMonth=10&cDateDay=29&
328,[사진]롤스로이스 레이스 출시 '고급스런 스티어링 휠',http://www.mt.co.kr/view/mtview.php?type=1&no=2013102911335109596&outlink=1
329,[포토] 3억9천만원 롤스로이스 레이스의 운전석,http://www.segye.com/content/html/2013/10/29/20131029004510.html?OutUrl=naver
330,"‘초호화 럭셔리카’ 롤스로이스, 전기차 ‘스펙터’ 공개..과연 출시 일정은?",http://www.dailycar.co.kr/content/news.html?type=view&autoId=42249
331,[포토] 롤스로이스 레이스와 벨벳 드레스의 모델,http://www.segye.com/content/html/2013/10/29/20131029004476.html?OutUrl=naver
332,[포토] 독특한 패스트백 디자인 뽐내는 롤스로이스 ‘레이스’,http://www.fnnews.com/view?ra=Sent0601m_01A&corp=fnnews&arcid=201310290100305140016296&cDateYear=2013&cDateMonth=10&cDateDay=29&
333,[사진]롤스로이스 레이스 출시 '고급스런 스티어링 휠',http://www.mt.co.kr/view/mtview.php?type=1&no=2013102911335109596&outlink=1
334,[포토] 3억9천만원 롤스로이스 레이스의 운전석,http://www.segye.com/content/html/2013/10/29/20131029004510.html?OutUrl=naver
335,롤스로이스에 직접 그림을 그렸더니 이렇게 됐다,http://www.thedrive.co.kr/news/newsview.php?ncode=1065579303695040
336,[포토] 투톤 차체의 외장이 돋보이는 롤스로이스 레이스 부산 에디션,http://autoin.edaily.co.kr/news/newspath.asp?newsid=01607206615930560
337,[포토] 시원스러운 컬러 매치의 롤스로이스 레이스 부산 에디션,http://autoin.edaily.co.kr/news/newspath.asp?newsid=01558006615930560
338,[포토]英 굿우드에서 공개된 롤스로이스 신형 '레이스',http://www.inews24.com/php/news_view.php?g_serial=759333&g_menu=022200&rrf=nv
339,'5억 3900만 원 고성능 SUV' 롤스로이스 ‘블랙 배지 컬리넌’ 부산 론칭,http://www.busan.com/view/busan/view.php?code=2019121018394120675
340,[사진]롤스로이스 레이스 출시 '강력한 12기통 엔진',http://www.mt.co.kr/view/mtview.php?type=1&no=2013102911275056611&outlink=1
341,[포토] 3억9천만원 롤스로이스 레이스의 운전석,http://www.segye.com/content/html/2013/10/29/20131029004510.html?OutUrl=naver
342,롤스로이스에 직접 그림을 그렸더니 이렇게 됐다,http://www.thedrive.co.kr/news/newsview.php?ncode=1065579303695040
343,[포토] 투톤 차체의 외장이 돋보이는 롤스로이스 레이스 부산 에디션,http://autoin.edaily.co.kr/news/newspath.asp?newsid=01607206615930560
344,[포토] 시원스러운 컬러 매치의 롤스로이스 레이스 부산 에디션,http://autoin.edaily.co.kr/news/newspath.asp?newsid=01558006615930560
345,[포토]英 굿우드에서 공개된 롤스로이스 신형 '레이스',http://www.inews24.com/php/news_view.php?g_serial=759333&g_menu=022200&rrf=nv
346,'5억 3900만 원 고성능 SUV' 롤스로이스 ‘블랙 배지 컬리넌’ 부산 론칭,http://www.busan.com/view/busan/view.php?code=2019121018394120675
347,"롤스로이스, 100년 전 레이스 우승 재현 행사",http://www.mt.co.kr/view/mtview.php?type=1&no=2013052911322468914&outlink=1
348,초럭셔리 끝판왕…롤스로이스 '블랙 배지 컬리넌' 상륙,https://www.hankyung.com/economy/article/201912067425g
349,"오토플러스, '세계 명차 특집' 리본쇼 진행",http://www.dailysmart.co.kr/news/articleView.html?idxno=45024
350,[포토] 독특한 디자인이 돋보이는 롤스로이스 레이스 부산 에디션의 휠,http://autoin.edaily.co.kr/news/newspath.asp?newsid=01574406615930560
351,[포토] 시원스러운 컬러 매치의 롤스로이스 레이스 부산 에디션,http://autoin.edaily.co.kr/news/newspath.asp?newsid=01558006615930560
352,[포토]英 굿우드에서 공개된 롤스로이스 신형 '레이스',http://www.inews24.com/php/news_view.php?g_serial=759333&g_menu=022200&rrf=nv
353,'5억 3900만 원 고성능 SUV' 롤스로이스 ‘블랙 배지 컬리넌’ 부산 론칭,http://www.busan.com/view/busan/view.php?code=2019121018394120675
354,"롤스로이스, 100년 전 레이스 우승 재현 행사",http://www.mt.co.kr/view/mtview.php?type=1&no=2013052911322468914&outlink=1
355,초럭셔리 끝판왕…롤스로이스 '블랙 배지 컬리넌' 상륙,https://www.hankyung.com/economy/article/201912067425g
356,"오토플러스, '세계 명차 특집' 리본쇼 진행",http://www.dailysmart.co.kr/news/articleView.html?idxno=45024
357,[포토] 강력 포스 “롤스로이스 레이스” 출시,http://car.donga.com/3/all/20131029/58538629/2
358,[포토] 롤스로이스 레이스 “확 열리는 느낌”,http://car.donga.com/3/all/20131029/58538757/1
359,[포토] 쿠페의 진면목을 보여주는 롤스로이스 ‘레이스’,http://www.fnnews.com/view?ra=Sent0601m_01A&corp=fnnews&arcid=201310290100305320016308&cDateYear=2013&cDateMonth=10&cDateDay=29&
360,[포토] 롤스로이스 레이스 ‘완벽 뒤태 선사’,http://car.donga.com/3/all/20131029/58538478/2
361,[포토] 롤스로이스 레이스 “확 열리는 느낌”,http://car.donga.com/3/all/20131029/58538757/1
362,[포토] 쿠페의 진면목을 보여주는 롤스로이스 ‘레이스’,http://www.fnnews.com/view?ra=Sent0601m_01A&corp=fnnews&arcid=201310290100305320016308&cDateYear=2013&cDateMonth=10&cDateDay=29&
363,롤스로이스 ‘레이스’ 출시,http://www.fnnews.com/view?ra=Sent0601m_01A&corp=fnnews&arcid=201310290100305150016297&cDateYear=2013&cDateMonth=10&cDateDay=29&
364,[사진]롤스로이스 세번째 모델 '레이스' 국내 출시,http://www.mt.co.kr/view/mtview.php?type=1&no=2013102910331215093&outlink=1
365,"롤스로이스, 더 럭셔리해진 SUV…컬리넌 블랙 배지 발표",http://www.edaily.co.kr/news/newspath.asp?newsid=03509606622685064
366,"롤스로이스모터카, 컬리넌 블랙 배지 발표",http://www.gukjenews.com/news/articleView.html?idxno=1196785
367,"롤스로이스, 고성능 SUV '컬리넌 블랙 배지' 추가...韓은 연내 첫 선",http://www.autodaily.co.kr/news/articleView.html?idxno=413123
368,"롤스로이스 ‘블랙 배지 컬리넌’, 국내 최초로 부산서 런칭 행사",http://www.kookje.co.kr/news2011/asp/newsbody.asp?code=0200&key=20191211.22018005029
369,"[모델 히스토리] 8세대 걸쳐 이어진 럭셔리 카의 정수, 롤스로이스 팬텀 히스토리",https://hankookilbo.com/News/Read/A2021121718350001258?did=NA
370,[사진]롤스로이스 '레이스' 국내 출시,http://www.mt.co.kr/view/mtview.php?type=1&no=2013102910340323130&outlink=1
371,"롤스로이스, 더 럭셔리해진 SUV…컬리넌 블랙 배지 발표",http://www.edaily.co.kr/news/newspath.asp?newsid=03509606622685064
372,롤스로이스 '레이스' 출시,https://news.naver.com/main/read.naver?mode=LSD&mid=sec&sid1=101&oid=001&aid=0006565272
373,"롤스로이스모터카, 컬리넌 블랙 배지 발표",http://www.gukjenews.com/news/articleView.html?idxno=1196785
374,"롤스로이스, 고성능 SUV '컬리넌 블랙 배지' 추가...韓은 연내 첫 선",http://www.autodaily.co.kr/news/articleView.html?idxno=413123
375,"롤스로이스 ‘블랙 배지 컬리넌’, 국내 최초로 부산서 런칭 행사",http://www.kookje.co.kr/news2011/asp/newsbody.asp?code=0200&key=20191211.22018005029
376,"[모델 히스토리] 8세대 걸쳐 이어진 럭셔리 카의 정수, 롤스로이스 팬텀 히스토리",https://hankookilbo.com/News/Read/A2021121718350001258?did=NA
377,"[사진] CJ대한통운 슈퍼레이스 6R, 압도적 롤스로이스와 톱 모델",http://www.osen.co.kr/article/G1110481674
378,"[차차 알게될거야] JYJ 멤버, 김재중의 롤스로이스 레이스",http://www.ajunews.com/view/20160713162540818
379,"대당 평균 5억 원 롤스로이스, 5개월 만에 70여대...대체 누가?",http://www.autodaily.co.kr/news/articleView.html?idxno=409298
380,"롤스로이스 다이내믹한 모델, 레이스 출시",http://www.newsis.com/pict_detail/view.html?pict_id=NISI20131029_0008888792
381,"롤스로이스모터카, 컬리넌 블랙 배지 발표",http://www.gukjenews.com/news/articleView.html?idxno=1196785
382,"롤스로이스, 고성능 SUV '컬리넌 블랙 배지' 추가...韓은 연내 첫 선",http://www.autodaily.co.kr/news/articleView.html?idxno=413123
383,"롤스로이스 ‘블랙 배지 컬리넌’, 국내 최초로 부산서 런칭 행사",http://www.kookje.co.kr/news2011/asp/newsbody.asp?code=0200&key=20191211.22018005029
384,"[모델 히스토리] 8세대 걸쳐 이어진 럭셔리 카의 정수, 롤스로이스 팬텀 히스토리",https://hankookilbo.com/News/Read/A2021121718350001258?did=NA
385,"[사진] CJ대한통운 슈퍼레이스 6R, 압도적 롤스로이스와 톱 모델",http://www.osen.co.kr/article/G1110481674
386,"[차차 알게될거야] JYJ 멤버, 김재중의 롤스로이스 레이스",http://www.ajunews.com/view/20160713162540818
387,"대당 평균 5억 원 롤스로이스, 5개월 만에 70여대...대체 누가?",http://www.autodaily.co.kr/news/articleView.html?idxno=409298
388,"롤스로이스, 럭셔리 쿠페 '레이스' 한국 출시",http://autotimes.hankyung.com/apps/news.sub_view?popup=0&nid=03&c1=03&c2=03&c3=00&nkey=201310291223511
389,[포토] 롤스로이스 `레이스 블랙배지`.. 제네바모터쇼,http://www.edaily.co.kr/news/newspath.asp?newsid=02040166612579712
390,고성능 '블랙 배지' 마지막 퍼즐 '롤스로이스 컬리넌',http://www.newsprime.co.kr/news/article.html?no=482564
391,"롤스로이스 ‘블랙 배지 컬리넌’, 국내 최초로 부산서 런칭 행사",http://www.kookje.co.kr/news2011/asp/newsbody.asp?code=0200&key=20191211.22018005029
392,"[모델 히스토리] 8세대 걸쳐 이어진 럭셔리 카의 정수, 롤스로이스 팬텀 히스토리",https://hankookilbo.com/News/Read/A2021121718350001258?did=NA
393,"[사진] CJ대한통운 슈퍼레이스 6R, 압도적 롤스로이스와 톱 모델",http://www.osen.co.kr/article/G1110481674
394,"[차차 알게될거야] JYJ 멤버, 김재중의 롤스로이스 레이스",http://www.ajunews.com/view/20160713162540818
395,"대당 평균 5억 원 롤스로이스, 5개월 만에 70여대...대체 누가?",http://www.autodaily.co.kr/news/articleView.html?idxno=409298
396,"롤스로이스, 럭셔리 쿠페 '레이스' 한국 출시",http://autotimes.hankyung.com/apps/news.sub_view?popup=0&nid=03&c1=03&c2=03&c3=00&nkey=201310291223511
397,[포토] 롤스로이스 `레이스 블랙배지`.. 제네바모터쇼,http://www.edaily.co.kr/news/newspath.asp?newsid=02040166612579712
398,[포토] `롤스로이스 레이스` 국내 공식 출시,http://news.mk.co.kr/news_forward.php?domain=news&no=1054605&year=2013
399,[2013제네바모터쇼]고스트보다 빠른 롤스로이스 '레이스',http://www.mt.co.kr/view/mtview.php?type=1&no=2013030619190850121&outlink=1
400,"[모델 히스토리] 8세대 걸쳐 이어진 럭셔리 카의 정수, 롤스로이스 팬텀 히스토리",https://hankookilbo.com/News/Read/A2021121718350001258?did=NA
401,"[사진] CJ대한통운 슈퍼레이스 6R, 압도적 롤스로이스와 톱 모델",http://www.osen.co.kr/article/G1110481674
402,"[차차 알게될거야] JYJ 멤버, 김재중의 롤스로이스 레이스",http://www.ajunews.com/view/20160713162540818
403,"대당 평균 5억 원 롤스로이스, 5개월 만에 70여대...대체 누가?",http://www.autodaily.co.kr/news/articleView.html?idxno=409298
404,"롤스로이스, 럭셔리 쿠페 '레이스' 한국 출시",http://autotimes.hankyung.com/apps/news.sub_view?popup=0&nid=03&c1=03&c2=03&c3=00&nkey=201310291223511
405,[포토] 롤스로이스 `레이스 블랙배지`.. 제네바모터쇼,http://www.edaily.co.kr/news/newspath.asp?newsid=02040166612579712
406,[포토] `롤스로이스 레이스` 국내 공식 출시,http://news.mk.co.kr/news_forward.php?domain=news&no=1054605&year=2013
407,[2013제네바모터쇼]고스트보다 빠른 롤스로이스 '레이스',http://www.mt.co.kr/view/mtview.php?type=1&no=2013030619190850121&outlink=1
408,<포토뉴스> 대당 최소 3억9000만원…롤스로이스 ‘레이스’,http://biz.heraldcorp.com/view.php?ud=20131029000428
409,[사진]롤스로이스 레이스 국내 출시,http://www.mt.co.kr/view/mtview.php?type=1&no=2013102911235806908&outlink=1
410,[2013제네바모터쇼]고스트보다 빠른 롤스로이스 '레이스',http://www.mt.co.kr/view/mtview.php?type=1&no=2013030619190850121&outlink=1
411,<포토뉴스> 대당 최소 3억9000만원…롤스로이스 ‘레이스’,http://biz.heraldcorp.com/view.php?ud=20131029000428
412,[사진]롤스로이스 레이스 국내 출시,http://www.mt.co.kr/view/mtview.php?type=1&no=2013102911235806908&outlink=1
413,"롤스로이스, 검게 물들인 ‘컬리넌 블랙 배지' 공개",http://autotimes.hankyung.com/apps/news.sub_view?popup=0&nid=02&c1=02&c2=02&c3=00&nkey=201911080937051
414,"롤스로이스, 한국 젊은 부자 눈높이 맞추며 공략 적극적",http://www.businesspost.co.kr/BP?command=article_view&num=115475
415,"롤스로이스, 2019 제네바모터쇼서 전 세계 25대 한정판 '비스포크 팬텀' 공개!",http://kr.aving.net/news/view.php?articleId=1498828&Branch_ID=kr&rssid=naver&mn_name=news
416,"롤스로이스, 국내 진출 첫 세 자릿수 판매 돌파...'고스트' 판매성장 견인",http://www.autodaily.co.kr/news/articleView.html?idxno=406478
417,[포토] 비교불가한 롤스로이스 ‘레이스’의 완벽한 실내 공간,http://www.fnnews.com/view?ra=Sent0601m_01A&corp=fnnews&arcid=201310290100305370016312&cDateYear=2013&cDateMonth=10&cDateDay=29&
418,롤스로이스 '레이스' 출시,https://news.naver.com/main/read.naver?mode=LSD&mid=sec&sid1=101&oid=001&aid=0006565275
419,"'탑기코', 초호화 롤스로이스 레이스..차값만 15억",http://star.moneytoday.co.kr/view/stview.php?no=2012050611244699981&type=1&outlink=1
420,롤스로이스 레이스 국내 출시,http://news1.kr/photos/643917
421,"롤스로이스, 검게 물들인 ‘컬리넌 블랙 배지' 공개",http://autotimes.hankyung.com/apps/news.sub_view?popup=0&nid=02&c1=02&c2=02&c3=00&nkey=201911080937051
422,"롤스로이스, 한국 젊은 부자 눈높이 맞추며 공략 적극적",http://www.businesspost.co.kr/BP?command=article_view&num=115475
423,"롤스로이스, 2019 제네바모터쇼서 전 세계 25대 한정판 '비스포크 팬텀' 공개!",http://kr.aving.net/news/view.php?articleId=1498828&Branch_ID=kr&rssid=naver&mn_name=news
424,"롤스로이스, 국내 진출 첫 세 자릿수 판매 돌파...'고스트' 판매성장 견인",http://www.autodaily.co.kr/news/articleView.html?idxno=406478
425,[포토] 비교불가한 롤스로이스 ‘레이스’의 완벽한 실내 공간,http://www.fnnews.com/view?ra=Sent0601m_01A&corp=fnnews&arcid=201310290100305370016312&cDateYear=2013&cDateMonth=10&cDateDay=29&
426,롤스로이스 '레이스' 출시,https://news.naver.com/main/read.naver?mode=LSD&mid=sec&sid1=101&oid=001&aid=0006565275
427,"'탑기코', 초호화 롤스로이스 레이스..차값만 15억",http://star.moneytoday.co.kr/view/stview.php?no=2012050611244699981&type=1&outlink=1
428,청담동 카페에 롤스로이스 쿠페 전시한 이유는,http://moneys.mt.co.kr/news/mwView.php?no=2018101616188096318
429,10년 내 모든 롤스로이스 전기차로 변신,http://news.mk.co.kr/newsRead.php?year=2019&no=104800
430,롤스로이스 '레이스' 출시,https://news.naver.com/main/read.naver?mode=LSD&mid=sec&sid1=101&oid=001&aid=0006565274
431,"'탑기코', 초호화 롤스로이스 레이스..차값만 15억",http://star.moneytoday.co.kr/view/stview.php?no=2012050611244699981&type=1&outlink=1
432,청담동 카페에 롤스로이스 쿠페 전시한 이유는,http://moneys.mt.co.kr/news/mwView.php?no=2018101616188096318
433,"롤스로이스, 올해 108대 판매 '신기록'…4억↑ 슈퍼카 누가 샀을까?",http://news.hankyung.com/article/2018120744617
434,10년 내 모든 롤스로이스 전기차로 변신,http://news.mk.co.kr/newsRead.php?year=2019&no=104800
435,"롤스로이스 모터카, 서울에 ‘롤스로이스 부티크’ 개설",http://www.electimes.com/article.php?aid=1550639084174006094
436,"안마의자 브랜드 '바디프랜드', '롤스로이스'와 공동 마케팅 나서",http://www.weeklytoday.com/news/articleView.html?idxno=68836
437,[포토] 롤스로이스 ‘레이스’의 다양한 첨단 기술,http://www.fnnews.com/view?ra=Sent0601m_01A&corp=fnnews&arcid=201310290100305180016300&cDateYear=2013&cDateMonth=10&cDateDay=29&
438,롤스로이스 블랙배지 라인업 첫 한정판 '아다마스 컬렉션',http://www.moneyweek.co.kr/news/mwView.php?type=1&no=2018042714328070746&outlink=1
439,"롤스로이스, 한정판 모델 ‘아다마스 컬렉션’ 공개",http://www.lawissue.co.kr/view.php?ud=20180429163357498767191f6c6e_12
440,[포토] 롤스로이스 ‘레이스’의 다양한 첨단 기술,http://www.fnnews.com/view?ra=Sent0601m_01A&corp=fnnews&arcid=201310290100305180016300&cDateYear=2013&cDateMonth=10&cDateDay=29&
441,롤스로이스 블랙배지 라인업 첫 한정판 '아다마스 컬렉션',http://www.moneyweek.co.kr/news/mwView.php?type=1&no=2018042714328070746&outlink=1
442,"롤스로이스, 한정판 모델 ‘아다마스 컬렉션’ 공개",http://www.lawissue.co.kr/view.php?ud=20180429163357498767191f6c6e_12
443,"롤스로이스, 한정판 모델 '아다마스 콜렉션' 공개",http://www.enewstoday.co.kr/news/articleView.html?idxno=1184454
444,"롤스로이스모터카, 블랙 배지 한정판 모델 '아다마스 컬렉션' 공개",http://www.seoulfn.com/news/articleView.html?idxno=304784
445,[신車 이야기]롤스로이스는 대체 왜 비싼걸까…이유는 ‘기술’과 ‘예술’,http://sports.khan.co.kr/news/sk_index.html?art_id=201804121525023&sec_id=563002&pt=nv
446,[이 車 영상]롤스로이스는 대체 왜 비싼걸까…이유는 '아트' 그리고 '감성',http://sports.khan.co.kr/news/sk_index.html?art_id=201804091652003&sec_id=563002&pt=nv
447,"롤스로이스, 아·태 지역 최초로 '뉴 블랙 배지 고스트' 국내 출시",http://digitalchosun.dizzo.com/site/data/html_dir/2021/11/11/2021111180059.html
448,"롤스로이스모터카, 아태 지역 최초 한국에 '뉴 블랙 배지 고스트' 출시",http://kr.aving.net/news/view.php?articleId=1653025&Branch_ID=kr&rssid=naver&mn_name=news
449,롤스로이스 뉴 블랙 배지 고스트 국내 출시...아태 지역 최초,http://www.kpinews.co.kr/news/articleView.html?idxno=162169
450,"롤스로이스모터카, 블랙 배지 라인업 한정판 모델 '아다마스 컬렉션' 공개",http://kr.aving.net/news/view.php?articleId=1385777&Branch_ID=kr&rssid=naver&mn_name=news
451,[신車 이야기]롤스로이스는 대체 왜 비싼걸까…이유는 ‘기술’과 ‘예술’,http://sports.khan.co.kr/news/sk_index.html?art_id=201804121525023&sec_id=563002&pt=nv
452,[이 車 영상]롤스로이스는 대체 왜 비싼걸까…이유는 '아트' 그리고 '감성',http://sports.khan.co.kr/news/sk_index.html?art_id=201804091652003&sec_id=563002&pt=nv
453,"롤스로이스, 아·태 지역 최초로 '뉴 블랙 배지 고스트' 국내 출시",http://digitalchosun.dizzo.com/site/data/html_dir/2021/11/11/2021111180059.html
454,"롤스로이스모터카, 아태 지역 최초 한국에 '뉴 블랙 배지 고스트' 출시",http://kr.aving.net/news/view.php?articleId=1653025&Branch_ID=kr&rssid=naver&mn_name=news
455,롤스로이스 뉴 블랙 배지 고스트 국내 출시...아태 지역 최초,http://www.kpinews.co.kr/news/articleView.html?idxno=162169
456,"[수입차 이모저모] 포르쉐 AG, 롤스로이스모터카, BMW, 메르세데스-벤츠 등 소식",http://www.slist.kr/news/articleView.html?idxno=304811
457,"롤스로이스, 람보르기니, 포르세, 벤츠까지…드림카들만 모아놓은 자하의 후덜덜한 자동차 컬렉션 [해외축구 돋보기]",http://sports.khan.co.kr/news/sk_index.html?art_id=201811071745003&sec_id=520401&pt=nv
458,"바디프랜드, ‘롤스로이스’와 공동 마케팅",http://www.g-enews.com/ko-kr/news/article/news_all/201810291350008467c176748603_1/article.html
459,"바디프랜드-롤스로이스, 럭셔리 공동마케팅 눈길",http://news.mk.co.kr/newsRead.php?year=2018&no=661370
460,"롤스로이스모터카, 아태 지역 최초로 ‘뉴 블랙 배지 고스트’ 선보여",http://www.rpm9.com/news/article.html?id=20211110090011
461,롤스로이스 뉴 블랙 배지 고스트 국내 출시...아태 지역 최초,http://www.kpinews.co.kr/news/articleView.html?idxno=162169
462,"[수입차 이모저모] 포르쉐 AG, 롤스로이스모터카, BMW, 메르세데스-벤츠 등 소식",http://www.slist.kr/news/articleView.html?idxno=304811
463,"롤스로이스, 람보르기니, 포르세, 벤츠까지…드림카들만 모아놓은 자하의 후덜덜한 자동차 컬렉션 [해외축구 돋보기]",http://sports.khan.co.kr/news/sk_index.html?art_id=201811071745003&sec_id=520401&pt=nv
464,"바디프랜드, ‘롤스로이스’와 공동 마케팅",http://www.g-enews.com/ko-kr/news/article/news_all/201810291350008467c176748603_1/article.html
465,"바디프랜드-롤스로이스, 럭셔리 공동마케팅 눈길",http://news.mk.co.kr/newsRead.php?year=2018&no=661370
466,[TV 데일리카] 블랙과 네온 더해진..‘5억5천’ 롤스로이스 고스트 실물 보니...,http://www.dailycar.co.kr/content/news.html?type=view&autoId=41600
467,롤스로이스 블랙배지 최초 한정판 모델 '아다마스 컬렉션' 발표,http://www.g-enews.com/ko-kr/news/article/news_all/201804271546307299993986ad55_1/article.html
468,[최기성의 허브車]롤스로이스의 진화 ‘꽃할배→꽃아재→꽃청춘’,http://news.mk.co.kr/newsRead.php?year=2017&no=721198
469,`회장님 차` 롤스로이스는 왜 `유령`에 집착할까,http://premium.mk.co.kr/view.php?no=20377
470,"롤스로이스, 블랙 배지 고스트 선봬",http://autotimes.hankyung.com/apps/news.sub_view?popup=0&nid=02&c1=02&c2=02&c3=00&nkey=202111101439021
471,롤스로이스 뉴 블랙 배지 고스트 국내 출시...아태 지역 최초,http://www.kpinews.co.kr/news/articleView.html?idxno=162169
472,"[수입차 이모저모] 포르쉐 AG, 롤스로이스모터카, BMW, 메르세데스-벤츠 등 소식",http://www.slist.kr/news/articleView.html?idxno=304811
473,"롤스로이스, 람보르기니, 포르세, 벤츠까지…드림카들만 모아놓은 자하의 후덜덜한 자동차 컬렉션 [해외축구 돋보기]",http://sports.khan.co.kr/news/sk_index.html?art_id=201811071745003&sec_id=520401&pt=nv
474,"바디프랜드, ‘롤스로이스’와 공동 마케팅",http://www.g-enews.com/ko-kr/news/article/news_all/201810291350008467c176748603_1/article.html
475,"바디프랜드-롤스로이스, 럭셔리 공동마케팅 눈길",http://news.mk.co.kr/newsRead.php?year=2018&no=661370
476,[TV 데일리카] 블랙과 네온 더해진..‘5억5천’ 롤스로이스 고스트 실물 보니...,http://www.dailycar.co.kr/content/news.html?type=view&autoId=41600
477,롤스로이스 블랙배지 최초 한정판 모델 '아다마스 컬렉션' 발표,http://www.g-enews.com/ko-kr/news/article/news_all/201804271546307299993986ad55_1/article.html
478,[최기성의 허브車]롤스로이스의 진화 ‘꽃할배→꽃아재→꽃청춘’,http://news.mk.co.kr/newsRead.php?year=2017&no=721198
479,`회장님 차` 롤스로이스는 왜 `유령`에 집착할까,http://premium.mk.co.kr/view.php?no=20377
480,"바디프랜드-롤스로이스, 럭셔리 공동마케팅 눈길",http://news.mk.co.kr/newsRead.php?year=2018&no=661370
481,[TV 데일리카] 블랙과 네온 더해진..‘5억5천’ 롤스로이스 고스트 실물 보니...,http://www.dailycar.co.kr/content/news.html?type=view&autoId=41600
482,롤스로이스 블랙배지 최초 한정판 모델 '아다마스 컬렉션' 발표,http://www.g-enews.com/ko-kr/news/article/news_all/201804271546307299993986ad55_1/article.html
483,[최기성의 허브車]롤스로이스의 진화 ‘꽃할배→꽃아재→꽃청춘’,http://news.mk.co.kr/newsRead.php?year=2017&no=721198
484,`회장님 차` 롤스로이스는 왜 `유령`에 집착할까,http://premium.mk.co.kr/view.php?no=20377
485,"'최소 4억' 롤스로이스, 韓시장서 62% 고공성장",http://news.mt.co.kr/mtview.php?no=2018010713041189590
486,탄생 스토리·애니메이션 통해 미리 보는 롤스로이스의 새로운 블랙 배지 모델,http://www.thedrive.co.kr/news/newsview.php?ncode=1065592149475763
487,"롤스로이스, 블랙 배지 모델 스토리 공개",http://www.rpm9.com/news/article.html?id=20211024090006
488,"[동영상뉴스] 롤스로이스, 한국 전용 한정판 모델 처음 선보여",http://www.businesspost.co.kr/news/articleView.html?idxno=49148
489,"롤스로이스, 한국 맞춤형 모델 ‘비스포크 컬렉션 포 코리아’ 공개",http://www.rpm9.com/news/article.html?id=20170515090008
490,"바디프랜드, ‘롤스로이스’와 마케팅 손잡는다",http://www.econovill.com/news/articleView.html?idxno=348877
491,[TV 데일리카] 블랙과 네온 더해진..‘5억5천’ 롤스로이스 고스트 실물 보니...,http://www.dailycar.co.kr/content/news.html?type=view&autoId=41600
492,롤스로이스 블랙배지 최초 한정판 모델 '아다마스 컬렉션' 발표,http://www.g-enews.com/ko-kr/news/article/news_all/201804271546307299993986ad55_1/article.html
493,[최기성의 허브車]롤스로이스의 진화 ‘꽃할배→꽃아재→꽃청춘’,http://news.mk.co.kr/newsRead.php?year=2017&no=721198
494,`회장님 차` 롤스로이스는 왜 `유령`에 집착할까,http://premium.mk.co.kr/view.php?no=20377
495,"'최소 4억' 롤스로이스, 韓시장서 62% 고공성장",http://news.mt.co.kr/mtview.php?no=2018010713041189590
496,탄생 스토리·애니메이션 통해 미리 보는 롤스로이스의 새로운 블랙 배지 모델,http://www.thedrive.co.kr/news/newsview.php?ncode=1065592149475763
497,"롤스로이스, 블랙 배지 모델 스토리 공개",http://www.rpm9.com/news/article.html?id=20211024090006
498,"[동영상뉴스] 롤스로이스, 한국 전용 한정판 모델 처음 선보여",http://www.businesspost.co.kr/news/articleView.html?idxno=49148
499,"롤스로이스, 한국 맞춤형 모델 ‘비스포크 컬렉션 포 코리아’ 공개",http://www.rpm9.com/news/article.html?id=20170515090008
