,title,url
0,부품사 사이버 공격당한 도요타…알고 보니 관련사실 함구?,https://www.nbntv.co.kr/news/articleView.html?idxno=957943
1,[타봤어요]하이브리드 편견 깬 도요타 ‘아발론’,http://www.edaily.co.kr/news/newspath.asp?newsid=01390726619408344
2,"한국도요타, 한국 전통공예 더한 '아발론' 전시",http://www.hankyung.com/news/app/newsview.php?aid=201312197724g
3,"도요타 아발론, 전통공예 장인과 만나다",http://www.sportsworldi.com/Articles/LeisureLife/Article.asp?aid=20131126024875&OutUrl=naver
4,도요타 아발론 美서 ‘최고잔존가치’ 2관왕,http://www.segye.com/content/html/2013/11/25/20131125002271.html?OutUrl=naver
5,<시승기> 도요타가 꿈꾸는 왕의 낙원 '아발론',https://news.naver.com/main/read.naver?mode=LSD&mid=sec&sid1=101&oid=001&aid=0006576064
6,"[시승기] 도요타 '럭셔리' 세단 '아발론' 타보니, 실내가…",http://biz.chosun.com/site/data/html_dir/2013/10/02/2013100203228.html
7,"[시승기] 도요타 아발론, 그랜저 잡을 준비 됐나?",http://www.segye.com/content/html/2013/10/01/20131001005051.html?OutUrl=naver
8,"한국도요타, 대형세단 '아발론' 국내 첫선.. 4940만원",http://www.edaily.co.kr/news/newspath.asp?newsid=02076246602968656
9,"한국도요타, 아발론과 함께 ‘한국 무형문화재’ 알린다",http://www.ajunews.com/kor/view.jsp?newsId=20130924000122
10,"한국도요타, 美 인기 대형세단 ‘아발론’ 10월 국내 출시",http://www.edaily.co.kr/news/newspath.asp?newsid=01659686602911912
11,"내년 국내 출시, K7과 경쟁할 도요타 아발론 미리 살펴보니",http://www.segye.com/Articles/Car/NewCar/Article.asp?aid=20121101020471&subctg1=&subctg2=&OutUrl=naver
12,"리콜 사태 도요타, 신형 아발론 공개",http://www.asiae.co.kr/news/view.htm?idxno=2010021113574102474
13,"5천만원대 도요타 아발론, 국내 첫 판매",http://www.edaily.co.kr/news/newspath.asp?newsid=01702326589620040
14,"CJ홈쇼핑, 도요타 아발론 35대 한정 판매",http://www.ajnews.co.kr/uhtml/read.jsp?idxno=200903041014239090578
15,"[시승기] 도요타 아발론, 고급스러운 실내디자인…가속감 경쾌",http://www.hankyung.com/news/app/newsview.php?aid=2014011594881
16,"SK네트웍스, 도요타 아발론 직수입 판매",https://news.naver.com/main/read.naver?mode=LSD&mid=sec&sid1=101&oid=001&aid=0002226589
17,[신차 시승기]도요타 최상급 모델 ‘아발론 하이브리드’,https://www.donga.com/news/article/all/20200831/102727760/2
18,"싸이프레스코리아, 도요타 아발론 신차에 터치스크린 솔루션 공급",http://www.dt.co.kr/contents.html?article_no=2013031102019932758003
19,"한국토요타, '2016 뉴 아발론' 출시",http://www.ajunews.com/view/20160401100418595
20,"[시승기] ""정숙성·연비 다 잡았다""…도요타 '올 뉴 아발론 하이브리드' 타보니",http://www.asiatoday.co.kr/view.php?key=20190513010007323
21,"도요타 '아발론', 낙원의 편안함·품격·연비 다 잡았다",http://www.sporbiz.co.kr/news/articleView.html?idxno=323045
22,"[시승기] 도요타, 아발론으로 ‘하이브리드 강자’ 정점 찍는다",http://www.viva100.com/main/view.php?key=20181125010009459
23,"[연말 신차 대전]도요타 올 뉴 아발론 하이브리드, 정숙성·연비 다 잡은 하이브리드 세단",http://www.sedaily.com/NewsView/1S79GWBHXH
24,[시승기] 아발론 하이브리드 “도요타 야심을 엿보다”,http://www.tfnews.co.kr/news/article.html?no=56006
25,"도요타 코리아, 올 뉴 아발론 하이브리드 런칭 기념 ‘세계일주’ 이벤트 실시",http://www.ajunews.com/view/20181113084813809
26,[화제의 IT키워드] 스마트폰 배터리·도요타 아발론·IBM 통큰 베팅·네이버 구글 뉴스,http://it.chosun.com/site/data/html_dir/2018/11/12/2018111203709.html
27,"[시승기] 도요타 아발론, 잘 만든 하이브리드 세단의 매력",http://it.chosun.com/site/data/html_dir/2018/11/12/2018111200722.html
28,"도요타, '올 뉴 아발론 하이브리드' 출시...가격 4660만원",http://www.newsis.com/view/?id=NISX20181106_0000464824&cID=13001&pID=13000
29,"한달 10대 팔리던 도요타 아발론, ""1000대 팔겠다""?",http://www.ohmynews.com/NWS_Web/View/at_pg.aspx?CNTN_CD=A0002485417&CMPT_CD=P0010&utm_source=naver&utm_medium=newsearch&utm_campaign=naver_news
30,"도요타, ‘신형 아발론 하이브리드’ 사전계약… 내달 6일 국내 출시",http://news.donga.com/3/all/20181001/92218116/2
31,"도요타, ‘올 뉴 아발론 하이브리드’ 사전계약 돌입",http://www.edaily.co.kr/news/newspath.asp?newsid=02033606619368656
32,"SK네트웍스, 5000만원대 ‘아발론’ 홈쇼핑 판매",http://www.etnews.co.kr/news/detail.html?id=200903040137
33,도요타 신형 ‘ES·아발론’ 하반기 하이브리드 공략 뒷심,http://www.viva100.com/main/view.php?key=20180919010007237
34,"[부산모터쇼] 도요타, 플래그십 세단 ‘아발론 하이브리드’ 공개",http://www.viva100.com/main/view.php?key=20180607010001784
35,"도요타, ‘아발론 하이브리드’ 출시… 연비·주행·안전 3박자 갖춰",http://news.donga.com/3/all/20181106/92745185/2
36,유가 상승에 웃는 한국도요타…아발론 하이브리드 추가,http://news.hankyung.com/article/201805295086g
37,"도요타 '아발론', 6년 만에 얼굴 바꿔 돌아왔다",http://www.edaily.co.kr/news/newspath.asp?newsid=01899126619079032
38,"도요타, 2018 북미오토쇼서 풀체인지 '아발론' 선봬",http://www.edaily.co.kr/news/newspath.asp?newsid=01085686619077064
39,"6년 만에 풀체인지…도요타, 5세대 '아발론' 공개",http://www.edaily.co.kr/news/newspath.asp?newsid=03207846616157536
40,체납자 압류차 인터넷공매 아발론ㆍ아우디 등 250대,http://www.heraldbiz.com/SITE/data/html_dir/2009/10/15/200910150474.asp
41,"[기업 포커스] 한국도요타, 신형 아발론 출시",http://news.hankyung.com/article/2018110670951
42,"도요타, 아발론에 8단 자동변속기 적용",http://www.viva100.com/main/view.php?key=20160402010000235
43,"도요타, 스포티 살린 '2016 뉴 아발론 리미티드' 출시",http://www.viva100.com/main/view.php?key=20160401010000130
44,한국도요타 '아발론' 애물단지“한달 10대도 버겁다”,http://www.sisapress.com/news/articleView.html?idxno=74881
45,[자동차 리콜 2제] 다카타 에어백·도요타 캠리·아발론 리콜,http://www.koreadaily.com/news/read.asp?art_id=4184429
46,"도요타, 아발론 11만9000대 리콜…에어백 오작동`",http://news.mk.co.kr/news_forward.php?domain=news&no=483745&year=2014
47,"도요타 대형세단 아발론, 자존심 꺾였네",http://view.asiae.co.kr/news/view.htm?idxno=2014021314043268755
48,"도요타, 2월 아발론 구매 고객에 '10년 20만km' 무상점검 혜택",http://www.ajunews.com/view/20140205092810319
49,‘한달에 9대라니…’ 도요타 아발론의 굴욕,http://biz.heraldcorp.com/view.php?ud=20131224000972
50,[시승기] 40대 강남 아줌마들 마음 훔친 도요타 아발론···정숙성·편안함은 렉서스급,http://www.hankyung.com/news/app/newsview.php?aid=201312132485g
51,"도요타, 아발론과 무형문화재 접목 “화각공예 특별 전시”",http://car.donga.com/3/all/20131112/58834155/1
52,[자동차 특집] 도요타 플래그십 아발론,http://www.segye.com/content/html/2013/10/28/20131028004990.html?OutUrl=naver
53,"도요타 아발론, 한국전통 무형문화재 알리기 캠페인",http://news.kukinews.com/article/view.asp?page=1&gCode=kmi&arcid=0007693308&cp=nv
54,"<시승기> 도요타 아발론…""진동·소음, 렉서스 상위 모델 수준""",http://www.ajunews.com/kor/view.jsp?newsId=20131024000501
55,"날렵해진 외관, 더 넓어진 실내공간…도요타 ‘더 올 뉴 아발론’ 타보니",http://biz.heraldcorp.com/view.php?ud=20131021000523
56,"한국도요타, 대형세단 '아발론' 1호차 전달식",http://www.edaily.co.kr/news/newspath.asp?newsid=01574406602973248
57,'가장 콧대높은 도요타' 아발론이 왔다,http://view.asiae.co.kr/news/view.htm?idxno=2013100812593640170
58,[오토 브리핑]도요타 아발론 출시 ‘이벤트’ 外,http://www.khan.co.kr/kh_news/art_view.html?artid=201310071630521&code=920508
59,"한국도요타, 아발론 10월 헤리티지 ‘무형문화재 금박’ 선정",http://www.ajunews.com/kor/view.jsp?newsId=20131007000108
60,"[시승기]도요타 '아발론', 편안한 패밀리카로 안성맞춤",http://www.edaily.co.kr/news/newspath.asp?newsid=01088966602970624
61,[시승기]도요타 세단의 정점 아발론 타보니,http://view.asiae.co.kr/news/view.htm?idxno=2013100611162189100
62,[현장에서] 도요타 '아발론' 4940만원의 비밀,http://www.hankyung.com/news/app/newsview.php?aid=201310027996g
63,"[시승기]도요타 아발론 타보니…""캠리는 잊어라, 탁월한 정숙성 한 수 위""",http://www.hankyung.com/news/app/newsview.php?aid=201310027237g
64,"[시승기]도요타 아발론 “그랜저, 제네시스와 맞붙는다면...”",http://car.donga.com/3/all/20131001/57951891/1
65,"도요타 '아발론' 국내 상륙.. ""현대차 제네시스 한판 붙자""",http://www.edaily.co.kr/news/newspath.asp?newsid=03102886602968656
66,"도요타 아발론 ""제네시스 한판 붙자""",http://news.mk.co.kr/news_forward.php?domain=news&no=475085&year=2013
67,"판매 부진?…한국도요타, 신차 ‘RAV4·아발론·뉴 IS’ 출격",http://www.ajunews.com/kor/view.jsp?newsId=20130430000529
68,"[포토] 그랜저 잡을 도요타 아발론, 어떻게 생겼기에",http://www.segye.com/Articles/Car/MotorShow/Article.asp?aid=20130402002659&subctg1=&subctg2=&OutUrl=naver
69,도요타 ‘캠리·아발론’으로 현대차 금맥 노린다,http://www.segye.com/Articles/Car/Business/Article.asp?aid=20130401004727&subctg1=&subctg2=&OutUrl=naver
70,"<2013 서울모터쇼> 도요타, ‘FJ크루저·아발론·RAV4’ 출격!",http://www.ajunews.com/common/redirect.jsp?newsId=20130328000535
71,"[서울모터쇼] 도요타, RAV4·아발론 국내 첫선",http://biz.chosun.com/site/data/html_dir/2013/03/25/2013032500593.html
72,[수입세단 전성시대！] 도요타 더 올-뉴 아발론,http://www.fnnews.com/view?ra=Sent0601m_01A&corp=fnnews&arcid=201310250100258580013981&cDateYear=2013&cDateMonth=10&cDateDay=24&
73,"도요타, 4세대 아발론 출시 “경쟁모델은 제네시스?”",http://car.donga.com/3/all/20131001/57937981/1
74,"도요타, 美시장 '아발론 하이브리드' 내놓는다",http://www.hankyung.com/news/app/newsview.php?aid=201206269942g
75,"K7, 美 컨슈머리포트 평가서 도요타 '아발론' 눌렀다",http://biz.chosun.com/site/data/html_dir/2013/08/21/2013082101604.html
76,"도요타, 신차로 美시장 대공세…아발론 후속 투입",http://www.hankyung.com/news/app/newsview.php?aid=201203281117g
77,"물 만난 도요타, 벤자와 아발론으로 한국 공략?",http://news.mk.co.kr/news_forward.php?domain=news&no=798052&year=2011
78,"아발론은 도요타, 그럼 기블리는…수입차 가을 전쟁",http://biz.chosun.com/site/data/html_dir/2013/09/24/2013092402985.html
79,日도요타 자존심 아발론 미국서 또 리콜,http://www.edaily.co.kr/news/newspath.asp?newsid=01571126609266912
80,도요타 美서 아발론등 리콜,https://news.naver.com/main/read.naver?mode=LSD&mid=sec&sid1=101&oid=011&aid=0002085080
81,"도요타 아발론, 스마트폰 무선 충전 기능 장착",http://www.ciokorea.com/news/15121
82,[시승기]도요타 대형세단 ‘아발론’ 타보니… 조용하게 빠르다,http://news.donga.com/3/all/20140211/60733261/1
83,도요타 아발론 타보니… 디자인은 '업' 성능은 '다운',http://biz.chosun.com/site/data/html_dir/2013/10/25/2013102500400.html
84,"美서 돌풍 도요타 아발론, 한국엔 10월 출시",http://biz.heraldcorp.com/view.php?ud=20130828000126
85,"한국도요타, 아발론과 함께하는 '11월 해리티지' 화각장 선정",http://www.edaily.co.kr/news/newspath.asp?newsid=02033606602977512
86,"도요타, 풀체인지된 4세대 `2013 아발론` 공개",http://www.edaily.co.kr/news/newspath.asp?newsid=01079126599597472
87,"도요타 '아발론', 버터 바른 스시? 겉은 튼실한 미국차…타보면 조용하네",http://www.hankyung.com/news/app/newsview.php?aid=2013100444841
88,‘도요타 밀리언셀러’ 아발론 “현대 제네시스에 도전장”,http://news.donga.com/3/all/20131001/57955356/1
89,도요타자동차 아발론 에어백 오작동으로 리콜,http://www.koreadaily.com/news/read.asp?art_id=2437694
90,도요타 아발론 11만9000대 리콜,http://www.koreadaily.com/news/read.asp?art_id=2432569
91,도요타 ‘더 올 뉴 아발론 리미티드’ 국내 출시,http://www.fnnews.com/view?ra=Sent0601m_01A&corp=fnnews&arcid=201310020100019350000653&cDateYear=2013&cDateMonth=10&cDateDay=01&
92,"도요타, 아발론 40만대 리콜. 中서 렉서스 천대 (종합)",http://www.newspim.com/sub_view.php?cate1=4&cate2=4&news_id=386580
93,[도요타 올뉴 아발론] 부드러운 핸들링…장시간 운전도 편안,http://news.mk.co.kr/news_forward.php?domain=news&no=1017111&year=2013
94,"한국도요타, 고급세단 ‘아발론’ 출시",https://news.naver.com/main/read.naver?mode=LSD&mid=sec&sid1=101&oid=086&aid=0002170924
95,"도요타, 캠리·아발론 등 “에어백 오작동, 88만대 리콜”",http://car.donga.com/3/all/20131018/58310025/1
96,도요타 152만대 리콜…캠리 등 연료펌프 결함,http://www.koreadaily.com/news/read.asp?art_id=8787611
97,[포토] 5세대 아발론 소개하는 타케무라 노부유키 도요타코리아 사장,http://biz.newdaily.co.kr/site/data/html/2018/06/07/2018060700047.html
98,도요타 아발론 1월 구매고객 AS 확대,http://view.asiae.co.kr/news/view.htm?idxno=2014010309255589730
99,도요타 아발론 등 3종 직수입 판매,http://www.donga.com/fbin/output?n=200808190153
100,"폭망했던 도요타 아발론,하이브리드로 변신..4660만원",http://www.edaily.co.kr/news/newspath.asp?newsid=03526006619403096
101,[자동차 리콜 2제] 다카타 에어백·도요타 캠리·아발론 리콜,http://www.koreadaily.com/news/read.asp?art_id=4184429
102,"한국도요타, 대형세단 ‘2016 뉴 아발론 리미티드’ 출시",http://www.seoul.co.kr/news/newsView.php?id=20160401500082
103,"도요타, 아발론 11만9000대 리콜…에어백 오작동`",http://news.mk.co.kr/news_forward.php?domain=news&no=483745&year=2014
104,"도요타 대형세단 아발론, 자존심 꺾였네",http://view.asiae.co.kr/news/view.htm?idxno=2014021314043268755
105,"도요타, 2월 아발론 구매 고객에 '10년 20만km' 무상점검 혜택",http://www.ajunews.com/view/20140205092810319
106,‘한달에 9대라니…’ 도요타 아발론의 굴욕,http://biz.heraldcorp.com/view.php?ud=20131224000972
107,[시승기] 40대 강남 아줌마들 마음 훔친 도요타 아발론···정숙성·편안함은 렉서스급,http://www.hankyung.com/news/app/newsview.php?aid=201312132485g
108,"도요타, 아발론과 무형문화재 접목 “화각공예 특별 전시”",http://car.donga.com/3/all/20131112/58834155/1
109,[자동차 특집] 도요타 플래그십 아발론,http://www.segye.com/content/html/2013/10/28/20131028004990.html?OutUrl=naver
110,"도요타, 아발론과 무형문화재 접목 “화각공예 특별 전시”",http://car.donga.com/3/all/20131112/58834155/2
111,[자동차 특집] 도요타 플래그십 아발론,http://www.segye.com/content/html/2013/10/28/20131028004990.html?OutUrl=naver
112,"도요타 아발론, 한국전통 무형문화재 알리기 캠페인",http://news.kukinews.com/article/view.asp?page=1&gCode=kmi&arcid=0007693308&cp=nv
113,"<시승기> 도요타 아발론…""진동·소음, 렉서스 상위 모델 수준""",http://www.ajunews.com/kor/view.jsp?newsId=20131024000501
114,"날렵해진 외관, 더 넓어진 실내공간…도요타 ‘더 올 뉴 아발론’ 타보니",http://biz.heraldcorp.com/view.php?ud=20131021000523
115,"한국도요타, 대형세단 '아발론' 1호차 전달식",http://www.edaily.co.kr/news/newspath.asp?newsid=01574406602973248
116,'가장 콧대높은 도요타' 아발론이 왔다,http://view.asiae.co.kr/news/view.htm?idxno=2013100812593640170
117,[오토 브리핑]도요타 아발론 출시 ‘이벤트’ 外,http://www.khan.co.kr/kh_news/art_view.html?artid=201310071630521&code=920508
118,"한국도요타, 아발론 10월 헤리티지 ‘무형문화재 금박’ 선정",http://www.ajunews.com/kor/view.jsp?newsId=20131007000108
119,"[시승기]도요타 '아발론', 편안한 패밀리카로 안성맞춤",http://www.edaily.co.kr/news/newspath.asp?newsid=01088966602970624
120,"한국도요타, 아발론 10월 헤리티지 ‘무형문화재 금박’ 선정",http://www.ajunews.com/kor/view.jsp?newsId=20131007000108
121,"한국도요타, 아발론 출시기념 서비스 캠페인",http://www.edaily.co.kr/news/newspath.asp?newsid=01971286602970624
122,"[시승기]도요타 '아발론', 편안한 패밀리카로 안성맞춤",http://www.edaily.co.kr/news/newspath.asp?newsid=01088966602970624
123,[시승기]도요타 세단의 정점 아발론 타보니,http://view.asiae.co.kr/news/view.htm?idxno=2013100611162189100
124,[현장에서] 도요타 '아발론' 4940만원의 비밀,http://www.hankyung.com/news/app/newsview.php?aid=201310027996g
125,"[시승기]도요타 아발론 타보니…""캠리는 잊어라, 탁월한 정숙성 한 수 위""",http://www.hankyung.com/news/app/newsview.php?aid=201310027237g
126,"[시승기]도요타 아발론 “그랜저, 제네시스와 맞붙는다면...”",http://car.donga.com/3/all/20131001/57951891/1
127,"도요타 '아발론' 국내 상륙.. ""현대차 제네시스 한판 붙자""",http://www.edaily.co.kr/news/newspath.asp?newsid=03102886602968656
128,"'파격가' 도요타, 올뉴 아발론 리미티드 출시",http://www.etnews.com/news/home_mobile/automobile/2838740_1485.html
129,"한국도요타, 중형 세단 ‘아발론’ 마케팅 본격화…내달 1일 출시",http://sports.khan.co.kr/news/sk_index.html?cat=view&art_id=201309241224253&sec_id=563002&pt=nv
130,"캠리vs쏘나타 이어 아발론vs제네시스, 도요타ㆍ현대차 2라운드 개막",http://biz.heraldcorp.com/view.php?ud=20131001000141
131,"'파격가' 도요타, 올뉴 아발론 리미티드 출시",http://www.etnews.com/news/home_mobile/automobile/2838740_1485.html
132,"한국도요타, 중형 세단 ‘아발론’ 마케팅 본격화…내달 1일 출시",http://sports.khan.co.kr/news/sk_index.html?cat=view&art_id=201309241224253&sec_id=563002&pt=nv
133,"한국도요타, ""아발론 美서 그랜저 압도···10월 첫선""",http://www.hankyung.com/news/app/newsview.php?aid=201308284885g
134,"도요타 아발론 ""제네시스 한판 붙자""",http://news.mk.co.kr/news_forward.php?domain=news&no=475085&year=2013
135,"판매 부진?…한국도요타, 신차 ‘RAV4·아발론·뉴 IS’ 출격",http://www.ajunews.com/kor/view.jsp?newsId=20130430000529
136,도요타 대형 세단 아발론 신형 출시,http://www.segye.com/content/html/2016/04/01/20160401002558.html?OutUrl=naver
137,"[포토] 그랜저 잡을 도요타 아발론, 어떻게 생겼기에",http://www.segye.com/Articles/Car/MotorShow/Article.asp?aid=20130402002659&subctg1=&subctg2=&OutUrl=naver
138,도요타 ‘캠리·아발론’으로 현대차 금맥 노린다,http://www.segye.com/Articles/Car/Business/Article.asp?aid=20130401004727&subctg1=&subctg2=&OutUrl=naver
139,"<2013 서울모터쇼> 도요타, ‘FJ크루저·아발론·RAV4’ 출격!",http://www.ajunews.com/common/redirect.jsp?newsId=20130328000535
140,"한국도요타, ""아발론 美서 그랜저 압도···10월 첫선""",http://www.hankyung.com/news/app/newsview.php?aid=201308284885g
141,"도요타 아발론 ""제네시스 한판 붙자""",http://news.mk.co.kr/news_forward.php?domain=news&no=475085&year=2013
142,"판매 부진?…한국도요타, 신차 ‘RAV4·아발론·뉴 IS’ 출격",http://www.ajunews.com/kor/view.jsp?newsId=20130430000529
143,도요타 대형 세단 아발론 신형 출시,http://www.segye.com/content/html/2016/04/01/20160401002558.html?OutUrl=naver
144,"[포토] 그랜저 잡을 도요타 아발론, 어떻게 생겼기에",http://www.segye.com/Articles/Car/MotorShow/Article.asp?aid=20130402002659&subctg1=&subctg2=&OutUrl=naver
145,도요타 ‘캠리·아발론’으로 현대차 금맥 노린다,http://www.segye.com/Articles/Car/Business/Article.asp?aid=20130401004727&subctg1=&subctg2=&OutUrl=naver
146,"<2013 서울모터쇼> 도요타, ‘FJ크루저·아발론·RAV4’ 출격!",http://www.ajunews.com/common/redirect.jsp?newsId=20130328000535
147,"[서울모터쇼] 도요타, RAV4·아발론 국내 첫선",http://biz.chosun.com/site/data/html_dir/2013/03/25/2013032500593.html
148,도요타 아발론 ‘2013 공예트랜드페어’ 참가,http://car.donga.com/3/all/20131219/59657129/1
149,"도요타 아발론, 美서 중고차 잔존가치 톱클래스",http://www.hankyung.com/news/app/newsview.php?aid=201311259976g
150,"[서울모터쇼] 도요타, RAV4·아발론 국내 첫선",http://biz.chosun.com/site/data/html_dir/2013/03/25/2013032500593.html
151,도요타 아발론 ‘2013 공예트랜드페어’ 참가,http://car.donga.com/3/all/20131219/59657129/1
152,"도요타 아발론, 美서 중고차 잔존가치 톱클래스",http://www.hankyung.com/news/app/newsview.php?aid=201311259976g
153,[수입세단 전성시대！] 도요타 더 올-뉴 아발론,http://www.fnnews.com/view?ra=Sent0601m_01A&corp=fnnews&arcid=201310250100258580013981&cDateYear=2013&cDateMonth=10&cDateDay=24&
154,도요타 아발론 1호차 출고…첫 구매자에게 금박함 전달돼,http://news.mk.co.kr/news_forward.php?domain=news&no=984072&year=2013
155,"도요타, 4세대 아발론 출시 “경쟁모델은 제네시스?”",http://car.donga.com/3/all/20131001/57937981/1
156,"도요타 `아발론`, 제네시스와 정면 대결…프리미엄 세단 경쟁 누가 이길까",http://news.mk.co.kr/news_forward.php?domain=news&no=920436&year=2013
157,"도요타, 美시장 '아발론 하이브리드' 내놓는다",http://www.hankyung.com/news/app/newsview.php?aid=201206269942g
158,"K7, 美 컨슈머리포트 평가서 도요타 '아발론' 눌렀다",http://biz.chosun.com/site/data/html_dir/2013/08/21/2013082101604.html
159,"도요타, 신차로 美시장 대공세…아발론 후속 투입",http://www.hankyung.com/news/app/newsview.php?aid=201203281117g
160,"도요타, 신차로 美시장 대공세…아발론 후속 투입",http://www.hankyung.com/news/app/newsview.php?aid=201203281117g
161,"물 만난 도요타, 벤자와 아발론으로 한국 공략?",http://news.mk.co.kr/news_forward.php?domain=news&no=798052&year=2011
162,"아발론은 도요타, 그럼 기블리는…수입차 가을 전쟁",http://biz.chosun.com/site/data/html_dir/2013/09/24/2013092402985.html
163,日도요타 자존심 아발론 미국서 또 리콜,http://www.edaily.co.kr/news/newspath.asp?newsid=01571126609266912
164,도요타 美서 아발론등 리콜,https://news.naver.com/main/read.naver?mode=LSD&mid=sec&sid1=101&oid=011&aid=0002085080
165,"도요타 아발론, 스마트폰 무선 충전 기능 장착",http://www.ciokorea.com/news/15121
166,[시승기]도요타 대형세단 ‘아발론’ 타보니… 조용하게 빠르다,http://news.donga.com/3/all/20140211/60733261/1
167,도요타 아발론 타보니… 디자인은 '업' 성능은 '다운',http://biz.chosun.com/site/data/html_dir/2013/10/25/2013102500400.html
168,"출시 앞둔 도요타 아발론, 韓 전통 무형문화재 알리기 나서",http://view.asiae.co.kr/news/view.htm?idxno=2013092409091564679
169,도요타 2016 뉴 아발론 리미티드 출시,http://app.yonhapnews.co.kr/YNA/Basic/SNS/r.aspx?c=AKR20160401041800003&did=1195m
170,"[포토] 도요타, 새로워진 ‘아발론’ 출시",http://www.etoday.co.kr/news/section/newsview.php?idxno=1311595
171,"SK네트웍스, 도요타 아발론 35대 홈쇼핑 판매",http://enewstoday.co.kr/sub_read.html?uid=217234§ion=sc5
172,"美서 돌풍 도요타 아발론, 한국엔 10월 출시",http://biz.heraldcorp.com/view.php?ud=20130828000126
173,"도요타, 세단 아발론 11.9만대 리콜 ""에어백 제어장치 문제""",http://www.ajunews.com/view/20140328104008128
174,"도요타, 아발론 등 48만대 추가 리콜",http://news.mk.co.kr/news_forward.php?no=404091&year=2010
175,"한국도요타, 아발론과 무형문화재 이색 전시",http://www.ajunews.com/view/20131112092829745
176,"한국도요타, 아발론과 함께하는 '11월 해리티지' 화각장 선정",http://www.edaily.co.kr/news/newspath.asp?newsid=02033606602977512
177,"도요타, 풀체인지된 4세대 `2013 아발론` 공개",http://www.edaily.co.kr/news/newspath.asp?newsid=01079126599597472
178,"도요타 '아발론', 버터 바른 스시? 겉은 튼실한 미국차…타보면 조용하네",http://www.hankyung.com/news/app/newsview.php?aid=2013100444841
179,‘도요타 밀리언셀러’ 아발론 “현대 제네시스에 도전장”,http://news.donga.com/3/all/20131001/57955356/1
180,도요타자동차 아발론 등 48만대 리콜,http://www.fnnews.com/view?ra=Sent1101m_01A&corp=fnnews&arcid=100730113122&cDateYear=2010&cDateMonth=07&cDateDay=30&
181,"도요타, 풀체인지된 4세대 `2013 아발론` 공개",http://www.edaily.co.kr/news/newspath.asp?newsid=01079126599597472
182,"도요타 '아발론', 버터 바른 스시? 겉은 튼실한 미국차…타보면 조용하네",http://www.hankyung.com/news/app/newsview.php?aid=2013100444841
183,‘도요타 밀리언셀러’ 아발론 “현대 제네시스에 도전장”,http://news.donga.com/3/all/20131001/57955356/1
184,"SK네트웍스, 도요타 `아발론(Avalon)` 홈쇼핑 판매",http://news.mk.co.kr/news_forward.php?no=136720&year=2009
185,"CJ홈쇼핑, 도요타 아발론 판매 방송",http://www.ebn.co.kr/news/n_view.html?id=371915
186,도요타자동차 아발론 에어백 오작동으로 리콜,http://www.koreadaily.com/news/read.asp?art_id=2437694
187,도요타 아발론 11만9000대 리콜,http://www.koreadaily.com/news/read.asp?art_id=2432569
188,"한국도요타, 아발론과 무형문화재 접목한 이색전시",http://www.edaily.co.kr/news/newspath.asp?newsid=01567846603005064
189,도요타 ‘더 올 뉴 아발론 리미티드’ 국내 출시,http://www.fnnews.com/view?ra=Sent0601m_01A&corp=fnnews&arcid=201310020100019350000653&cDateYear=2013&cDateMonth=10&cDateDay=01&
190,도요타자동차 아발론 에어백 오작동으로 리콜,http://www.koreadaily.com/news/read.asp?art_id=2437694
191,도요타 아발론 11만9000대 리콜,http://www.koreadaily.com/news/read.asp?art_id=2432569
192,"한국도요타, 아발론과 무형문화재 접목한 이색전시",http://www.edaily.co.kr/news/newspath.asp?newsid=01567846603005064
193,"도요타 `아발론`…""디자인, 확 달라졌네!""",http://news.mk.co.kr/news_forward.php?domain=news&no=456497&year=2012
194,CJ홈쇼핑 도요타 아발론 판매,https://news.naver.com/main/read.naver?mode=LSD&mid=sec&sid1=101&oid=011&aid=0001995430
195,도요타 ‘더 올 뉴 아발론 리미티드’ 국내 출시,http://www.fnnews.com/view?ra=Sent0601m_01A&corp=fnnews&arcid=201310020100019350000653&cDateYear=2013&cDateMonth=10&cDateDay=01&
196,"도요타, 아발론 세단 등 48만대 리콜",http://news.etomato.com/news/etomato_news_read.asp?no=105153
197,"도요타, 아발론 40만대 리콜. 中서 렉서스 천대 (종합)",http://www.newspim.com/sub_view.php?cate1=4&cate2=4&news_id=386580
198,[도요타 올뉴 아발론] 부드러운 핸들링…장시간 운전도 편안,http://news.mk.co.kr/news_forward.php?domain=news&no=1017111&year=2013
199,"한국도요타, 고급세단 ‘아발론’ 출시",https://news.naver.com/main/read.naver?mode=LSD&mid=sec&sid1=101&oid=086&aid=0002170924
200,[도요타 올뉴 아발론] 부드러운 핸들링…장시간 운전도 편안,http://news.mk.co.kr/news_forward.php?domain=news&no=1017111&year=2013
201,"한국도요타, 고급세단 ‘아발론’ 출시",https://news.naver.com/main/read.naver?mode=LSD&mid=sec&sid1=101&oid=086&aid=0002170924
202,도요타 아발론 홈쇼핑서 판다,http://www.asiae.co.kr/uhtml/read.jsp?idxno=2009030410062149630
203,"CJ홈쇼핑, '도요타 아발론' 판매방송 진행",http://www.e-today.co.kr/news/section/newsview.php?TM=news&SM=0601&idxno=212610
204,"도요타, '에어백 오작동' 아발론 11만9천대 리콜",https://news.naver.com/main/read.naver?mode=LSD&mid=sec&sid1=104&oid=001&aid=0006831377
205,"도요타, 캠리·아발론 등 “에어백 오작동, 88만대 리콜”",http://car.donga.com/3/all/20131018/58310025/1
206,에어백 결함으로 도요타 아발론 리콜,http://www.koreadaily.com/news/read.asp?art_id=2432583
207,[포토] 5세대 아발론 소개하는 타케무라 노부유키 도요타코리아 사장,http://biz.newdaily.co.kr/site/data/html/2018/06/07/2018060700047.html
208,도요타 152만대 리콜…캠리 등 연료펌프 결함,http://www.koreadaily.com/news/read.asp?art_id=8787611
209,도요타 아발론 1월 구매고객 AS 확대,http://view.asiae.co.kr/news/view.htm?idxno=2014010309255589730
210,도요타 152만대 리콜…캠리 등 연료펌프 결함,http://www.koreadaily.com/news/read.asp?art_id=8787611
211,[포토] 5세대 아발론 소개하는 타케무라 노부유키 도요타코리아 사장,http://biz.newdaily.co.kr/site/data/html/2018/06/07/2018060700047.html
212,도요타 아발론 1월 구매고객 AS 확대,http://view.asiae.co.kr/news/view.htm?idxno=2014010309255589730
213,"한국도요타, 뉴 아발론 출시",http://www.hankyung.com/news/app/newsview.php?aid=2016040103191
214,도요타 아발론 등 3종 직수입 판매,http://www.donga.com/fbin/output?n=200808190153
215,도요타 아발론(Avalon),https://news.naver.com/main/read.naver?mode=LSD&mid=sec&sid1=101&oid=003&aid=0002241380
216,k7 풀체인지 가격? 기아 올 뉴 K7으로 도요타 아발론 잡는다…사전계약은?,http://tvdaily.co.kr/read.php3?aid=14525520921052953016
217,도요타 에어백 결함…아발론 11만여대 리콜,http://www.koreadaily.com/news/read.asp?art_id=2432703
218,도요타 리콜 행진 지속...아발론등 48만대 리콜,http://www.etoday.co.kr/news/section/newsview.php?TM=news&SM=3001&idxno=341593
219,도요타 또 리콜 '아발론 40만대',http://www.asiae.co.kr/news/view.htm?idxno=2010072918243478881
220,"현대 아제라, 美서 도요타 아발론과 경쟁",http://www.edaily.co.kr/news/newsread.asp?newsid=01964726576768672&curType=read
221,"더 커진 기아 K8, 준대형차 시장 ‘조용한 반란’",https://news.joins.com/article/olink/23687894
222,토요타·혼다 연비 다 제꼈다…준대형 왕좌 노린 K8 승부수,https://news.joins.com/article/olink/23687595
223,"SK네트웍스, 도요타 `아발론' 할인 판매",https://news.naver.com/main/read.naver?mode=LSD&mid=sec&sid1=101&oid=001&aid=0002534168
224,도요타 아발론 세단 40만대 리콜,http://www.etoday.co.kr/news/section/newsview.php?TM=news&SM=3001&idxno=341450
225,한국도요타 아발론 1호차 전달식,http://sbscnbc.sbs.co.kr/read.jsp?pmArticleId=10000600310
226,도요타 아발론·르노삼성 QM3..'국적이 궁금해',http://sbscnbc.sbs.co.kr/read.jsp?pmArticleId=10000603421
227,날렵하면서도 우아한 풀 사이즈 세단 '올 뉴 아발론 하이브리드' 전시,http://biz.chosun.com/site/data/html_dir/2019/03/27/2019032701871.html?utm_source=naver&utm_medium=original&utm_campaign=biz
228,"[포토]'도요타 아발론, 곧 만날 수 있어요~'",http://www.edaily.co.kr/news/newspath.asp?newsid=03073366602747912
229,부드러운 곡선의 도요타 아발론,http://www.nocutnews.co.kr/Show.asp?IDX=2447165
230,"<포토뉴스> 도요타 아발론, ‘어때요?’",http://view.heraldcorp.com/view.php?ud=20130328000647
231,부드러운 곡선의 도요타 아발론,http://www.nocutnews.co.kr/Show.asp?IDX=2447165
232,'첨단장치'로 무장한 올 뉴 아발론…품격이 느껴진다,http://news.hankyung.com/article/2019022666491
233,"CJ홈쇼핑, 도요타 아발론 판매",http://www.fnnews.com/view?ra=Sent1001m_01A&corp=fnnews&arcid=00000921586151&cDateYear=2009&cDateMonth=03&cDateDay=04&
234,그랜저는 ‘편의장치’…아발론은 ‘승차감’,http://news.khan.co.kr/kh_news/khan_art_view.html?artid=201812092109015&code=920508
235,"SK네트웍스, 도요타 아발론 수입",http://news.mk.co.kr/news_forward.php?no=509560&year=2008
236,[화제의 IT키워드] 알뜰폰 곡소리·아발론 하이브리드·롯데카드 매각,http://it.chosun.com/site/data/html_dir/2018/11/07/2018110704496.html
237,[잘팔릴까] 아발론 하이브리드 '캠리 부족하다면 600만원 더 지불해',http://it.chosun.com/site/data/html_dir/2018/11/07/2018110700534.html
238,"토요타코리아, 올 뉴 아발론 하이브리드 국내 출시...4660만원",http://biz.chosun.com/site/data/html_dir/2018/11/06/2018110602313.html
239,"[현장] 5세대 아발론 HEV, “큰 존재감 모색”",http://www.betanews.net:8080/article/930880.html
240,<자동차소식> 도요타 '아발론' 중고차 잔존가치 2관왕,https://news.naver.com/main/read.naver?mode=LSD&mid=sec&sid1=101&oid=001&aid=0006614849
241,토요타 올뉴 아발론 하이브리드 출시 기념 특별展,http://www.dt.co.kr/contents.html?article_no=2018111602151332052002&ref=naver
242,토요타 '올 뉴 아발론 하이브리드' 국내 상륙...4660만원,http://www.wikitree.co.kr/main/news_view.php?id=380250
243,올 뉴 아발론 하이브리드를 만나다,http://app.yonhapnews.co.kr/YNA/Basic/SNS/r.aspx?c=PYH20181106046600013&did=1196m
244,"[글로벌-Biz 24] 도요타•혼다, 에어백 결함으로 600만대 리콜",http://www.g-enews.com/ko-kr/news/article/news_all/202001221423409192f806fa96c5_1/article.html
245,"토요타, ‘올 뉴 아발론 하이브리드’ 출시",http://news.donga.com/3/all/20181106/92760093/1
246,"도요타, 미국서 연료펌프 결함에 110만대 리콜",http://www.econonews.co.kr/news/articleView.html?idxno=111048
247,"[글로벌-Biz 24] 도요타, '연료펌프 결함' 미국서 총 180만대 리콜",http://www.g-enews.com/ko-kr/news/article/news_all/202003050846283746336258971_1/article.html
248,도요타·렉서스 70만대 리콜…연료펌프 결함,http://www.koreadaily.com/news/read.asp?art_id=7941484
249,도요타 연료펌프 결함에 미국서 렉서스 등 약 70만대 리콜,http://yna.kr/AKR20200114130600009?did=1195m
250,올 뉴 아발론 하이브리드를 소개합니다,http://app.yonhapnews.co.kr/YNA/Basic/SNS/r.aspx?c=PYH20181106039900013&did=1196m
251,"도요타, 미국서 연료펌프 결함에 110만대 리콜",http://www.econonews.co.kr/news/articleView.html?idxno=111048
252,"[글로벌-Biz 24] 도요타, '연료펌프 결함' 미국서 총 180만대 리콜",http://www.g-enews.com/ko-kr/news/article/news_all/202003050846283746336258971_1/article.html
253,도요타·렉서스 70만대 리콜…연료펌프 결함,http://www.koreadaily.com/news/read.asp?art_id=7941484
254,도요타 연료펌프 결함에 미국서 렉서스 등 약 70만대 리콜,http://yna.kr/AKR20200114130600009?did=1195m
255,[YG의 카톡(Car Talk)] 도요타 아발론 하이브리드 '준대형 세단 뛰어난 연비',http://www.metroseoul.co.kr/news/newsview?newscd=2018111200126
256,중국 친환경차 시장서 日도요타가 2위…한국차는 존재감 미미,http://yna.kr/AKR20191008156100003?did=1195m
257,"도요타, 코엑스·롯데월드타워서 ‘2018 스마트 스페이스’ 전시",http://www.edaily.co.kr/news/newspath.asp?newsid=02630566619406048
258,"도요타, 세계 각지 도요타를 찾아라…`세계 일주` 항공권 쏜다",http://www.dt.co.kr/contents.html?article_no=2018111302109932052002&ref=naver
259,"도요타의 히든카드, 과연 대형 세단 시장 통할까",http://www.ohmynews.com/NWS_Web/View/at_pg.aspx?CNTN_CD=A0002486331&CMPT_CD=P0010&utm_source=naver&utm_medium=newsearch&utm_campaign=naver_news
260,[YG의 카톡(Car Talk)] 도요타 아발론 하이브리드 '준대형 세단 뛰어난 연비',http://www.metroseoul.co.kr/news/newsview?newscd=2018111200126
261,도요타 '올 뉴 아발론 하이브리드' 국내 출시…그랜저·K7 경쟁 예고,http://www.metroseoul.co.kr/news/newsview?newscd=2018110600182
262,중국 친환경차 시장서 日도요타가 2위…한국차는 존재감 미미,http://yna.kr/AKR20191008156100003?did=1195m
263,"도요타, 코엑스·롯데월드타워서 ‘2018 스마트 스페이스’ 전시",http://www.edaily.co.kr/news/newspath.asp?newsid=02630566619406048
264,"도요타, 세계 각지 도요타를 찾아라…`세계 일주` 항공권 쏜다",http://www.dt.co.kr/contents.html?article_no=2018111302109932052002&ref=naver
265,"도요타의 히든카드, 과연 대형 세단 시장 통할까",http://www.ohmynews.com/NWS_Web/View/at_pg.aspx?CNTN_CD=A0002486331&CMPT_CD=P0010&utm_source=naver&utm_medium=newsearch&utm_campaign=naver_news
266,한국토요타 대형세단 ‘뉴 아발론 리미티드’ 출시,http://www.sedaily.com/NewsView/1KUVBHDS64
267,"한국토요타, 아발론 구매 고객 최대 100만원 주유권 지원",http://www.fnnews.com/view?ra=Sent0601m_01A&corp=fnnews&arcid=201402050100041900002064&cDateYear=2014&cDateMonth=02&cDateDay=05&
268,"한국토요타, 아발론 1호차 고객 전달식 개최",http://www.fnnews.com/view?ra=Sent0601m_01A&corp=fnnews&arcid=201310150100147540007732&cDateYear=2013&cDateMonth=10&cDateDay=15&
269,"""아발론을 막아라""…현대차, 신차교환 맞불작전",http://www.hankyung.com/news/app/newsview.php?aid=2013100159761
270,"한국토요타, 아발론 1호차 고객 전달식 개최",http://www.fnnews.com/view?ra=Sent0601m_01A&corp=fnnews&arcid=201310150100147540007732&cDateYear=2013&cDateMonth=10&cDateDay=15&
271,"""아발론을 막아라""…현대차, 신차교환 맞불작전",http://www.hankyung.com/news/app/newsview.php?aid=2013100159761
272,"아발론, 월 30대 목표 “그랜저·토러스 등과 경쟁할 것”",http://car.donga.com/3/all/20131001/57947914/1
273,E클래스·콘티넨탈·아발론 美 충돌테스트 최우수 평가… 국산차도 선전,http://bizn.donga.com/car/3/0111/20170707/85251227/1
274,"[글로벌-Biz 24] 현대기아차, 미국서 도요타 잡는다",http://www.g-enews.com/ko-kr/news/article/news_all/20190517100736868950cb531085_1/article.html
275,"[기자수첩] 도요타, 한국에서도 내연기관 단독차 퇴출을 선언해라",http://it.chosun.com/site/data/html_dir/2018/06/14/2018061401749.html
276,"한국토요타, 한국 전통미 접목한 아발론 전시",http://www.segye.com/content/html/2013/12/19/20131219002184.html?OutUrl=naver
277,"한국토요타, 아발론 출시 맞춰 한국 전통공예 캠페인",https://news.naver.com/main/read.naver?mode=LSD&mid=sec&sid1=101&oid=001&aid=0006496223
278,도요타 친환경 차량 체험 카니발,http://www.koreatimes.com/article/1239232
279,[포토]`2013 아발론` 깔끔한 리어램프,http://www.edaily.co.kr/news/newspath.asp?newsid=01095526599597472
280,"한국토요타, 공예트랜드페어서 아발론 전시",http://www.fnnews.com/view?ra=Sent0601m_01A&corp=fnnews&arcid=201312200100217210011621&cDateYear=2013&cDateMonth=12&cDateDay=19&
281,"한국토요타, 아발론 출시 맞춰 한국 전통공예 캠페인",https://news.naver.com/main/read.naver?mode=LSD&mid=sec&sid1=101&oid=001&aid=0006496223
282,도요타 친환경 차량 체험 카니발,http://www.koreatimes.com/article/1239232
283,[포토]`2013 아발론` 깔끔한 리어램프,http://www.edaily.co.kr/news/newspath.asp?newsid=01095526599597472
284,SK네트웍 ‘아발론’ 홈쇼핑 판매,https://news.naver.com/main/read.naver?mode=LSD&mid=sec&sid1=101&oid=086&aid=0001966376
285,일본 신차 `아발론`…오 놀라워라,http://www.dt.co.kr/contents.html?article_no=2013020602019932718002
286,"한국토요타, 아발론 1호차 전달식",http://www.etnews.com/news/home_mobile/automobile/2845642_1485.html
287,[수입차 연말 마케팅 열전] 한국토요타 '아발론' 프레스티지 마케팅,https://news.naver.com/main/read.naver?mode=LSD&mid=sec&sid1=101&oid=011&aid=0002429786
288,"한국토요타, 대형세단 ‘아발론’ 국내 출시",http://www.hani.co.kr/arti/economy/car/605400.html
289,'허머 H3...아발론' SK병행수입 강화한다,http://www.asiae.co.kr/uhtml/read.jsp?idxno=382636§ion=S1N5§ion2=S2N366
290,[포토] 더 고급스러워진 `2013 아발론`,http://www.edaily.co.kr/news/newspath.asp?newsid=01092246599597472
291,SK네트웍 ‘아발론’ 홈쇼핑 판매,https://news.naver.com/main/read.naver?mode=LSD&mid=sec&sid1=101&oid=086&aid=0001966376
292,일본 신차 `아발론`…오 놀라워라,http://www.dt.co.kr/contents.html?article_no=2013020602019932718002
293,"한국토요타, 아발론 1호차 전달식",http://www.etnews.com/news/home_mobile/automobile/2845642_1485.html
294,"한국토요타, 韓 전통미를 접목한 ‘특별한 아발론’ 전시",http://www.fnnews.com/view?ra=Sent0601m_01A&corp=fnnews&arcid=201312190100214280011191&cDateYear=2013&cDateMonth=12&cDateDay=19&
295,[수입차 연말 마케팅 열전] 한국토요타 '아발론' 프레스티지 마케팅,https://news.naver.com/main/read.naver?mode=LSD&mid=sec&sid1=101&oid=011&aid=0002429786
296,"한국토요타, 대형세단 ‘아발론’ 국내 출시",http://www.hani.co.kr/arti/economy/car/605400.html
297,'허머 H3...아발론' SK병행수입 강화한다,http://www.asiae.co.kr/uhtml/read.jsp?idxno=382636§ion=S1N5§ion2=S2N366
298,"도요타, 에어백 문제로 픽업트럭, SUV 등 16만8천대 리콜",http://app.yonhapnews.co.kr/YNA/Basic/SNS/r.aspx?c=AKR20181012179600098&did=1195m
299,도요타 또 에어백 리콜…픽업·SUV 등 16만대,http://www.koreadaily.com/news/read.asp?art_id=6637574
300,도요타 또 에어백 리콜…픽업·SUV 등 16만대,http://www.koreadaily.com/news/read.asp?art_id=6637574
301,"도요타 급발진 사고(2008년 퀸즈 우드사이드) 피해 한인 ""차량 엔진 결함"" 주장",http://www.koreadaily.com/news/read.asp?art_id=4819162
302,"한국토요타, 아발론 무상점검 ‘10년·20만km’로 확대",http://www.etoday.co.kr/news/section/newsview.php?idxno=863759
303,"도요타, 에어백 문제로 픽업트럭, SUV 등 16만8천대 리콜",http://news.kbs.co.kr/news/view.do?ncd=4050490&ref=A
304,확 바뀐 K7 “렉서스·아발론 한판 붙자”,http://news.khan.co.kr/kh_news/khan_art_view.html?artid=201601262036445&code=920508
305,엔低 탄 도요타 '어닝 서프라이즈',http://www.sedaily.com/NewsView/1RVLM25QDR
306,"""현대차 아제라 美서 日아발론과 경쟁""<블룸버그>",https://news.naver.com/main/read.naver?mode=LSD&mid=sec&sid1=101&oid=001&aid=0001156584
307,텔루라이드·투싼 '베스트 패밀리 SUV',https://news.koreadaily.com/2022/03/15/economy/economygeneral/20220315202042774.html
308,"도요타, 특별 프로모션 “간판급 모델부터 가격인하”",http://car.donga.com/3/all/20140103/59943175/1
309,"도요타, 간판급 모델 판매량 감소 ""대책은...?""",http://car.donga.com/3/all/20131224/59759305/2
310,"도요타, 특별 프로모션 “간판급 모델부터 가격인하”",http://car.donga.com/3/all/20140103/59943175/1
311,"도요타, 간판급 모델 판매량 감소 ""대책은...?""",http://car.donga.com/3/all/20131224/59759305/2
312,도요타의 '별난' 한국마케팅…고객에 전통공예품 제공,http://www.hankyung.com/news/app/newsview.php?aid=2013092450501
313,“현대차 아발론 의식했나?” 제네시스 대폭 할인,http://car.donga.com/3/all/20131001/57951631/1
314,"한국 전통 공예와 車의 만남…도요타, 2013 공예트랜드 페어 참가",http://biz.heraldcorp.com/view.php?ud=20131219000164
315,[서울 모터쇼] 도요타는 하이브리드카의 역사,http://www.hankyung.com/news/app/newsview.php?aid=2017033000451
316,"기아 K7, 컨슈머리포트 평가서 도요타 제쳐",http://news.mk.co.kr/news_forward.php?domain=news&no=744769&year=2013
317,"한국도요타, 연말 이색전시로 韓 무형문화재 알린다",http://www.hankyung.com/news/app/newsview.php?aid=201312131699g
318,"도요타 韓 무형문화재 캠페인, 12월 ‘칠장’ 선정",http://biz.heraldcorp.com/view.php?ud=20131127000559
319,"한국도요타, 12월 한국 문화유산 '옻칠장' 정수화 장인 선정",http://www.edaily.co.kr/news/newspath.asp?newsid=02378006603009984
320,"한국도요타, 12월 한국 문화유산 '옻칠장' 정수화 장인 선정",http://www.edaily.co.kr/news/newspath.asp?newsid=02378006603009984
321,"한국도요타, 첫번째 헤리티지에 금박장 김덕환 옹 선정",http://news.mk.co.kr/news_forward.php?domain=news&no=948301&year=2013
322,[서울모터쇼 영상] 한국도요타 컴팩트 SUV '라브4'..국내 첫 공개,http://sbscnbc.sbs.co.kr/read.jsp?pmArticleId=10000549806
323,[2013 서울모터쇼]한국도요타 국내 최초 라브4 공개,http://economy.donga.com/dongAuto/3/0111/20130328/54036046/2
324,도요타 상대 급발진 피해보상 소송,http://www.koreatimes.com/article/1027091
325,폴크스바겐·도요타…국산차까지 위협하나,http://www.ajunews.com/common/redirect.jsp?newsId=20130128000435
326,"한국도요타, ""해피뉴이어 프로모션…1월에 프리우스 사면 평생 무상점검""",http://www.ajunews.com/view/20150108090245638
327,"도요타, 해외 車개발 완전 현지화…분권체제 구축",http://www.etoday.co.kr/news/section/newsview.php?TM=news&SM=3104&idxno=567999
328,"도요타?렉서스, 3년 연속 미국 '최고 잔존가치 브랜드'",http://www.ajunews.com/view/20131119140415430
329,기아차 준대형 세단 '올 뉴 K7' 출시…렉서스 ES350·도요타 아발론 넘어서나,http://www.metroseoul.co.kr/news/newsview?newscd=2016012600094
330,"도요타, ‘2015 해피 뉴 이어 프로모션’ 실시",http://car.donga.com/3/all/20150108/68977687/1
331,"도요타, 금박장 김덕환 옹 ‘10월의 헤리티지’ 선정",http://biz.heraldcorp.com/view.php?ud=20131007000170
332,"도요타, 해외 車개발 완전 현지화…분권체제 구축",http://www.etoday.co.kr/news/section/newsview.php?TM=news&SM=3104&idxno=567999
333,"도요타?렉서스, 3년 연속 미국 '최고 잔존가치 브랜드'",http://www.ajunews.com/view/20131119140415430
334,기아차 준대형 세단 '올 뉴 K7' 출시…렉서스 ES350·도요타 아발론 넘어서나,http://www.metroseoul.co.kr/news/newsview?newscd=2016012600094
335,'렉서스?도요타' 美서 가장 신뢰할 수 있는 자동차 브랜드 선정,http://www.ajunews.com/view/20131030093502790
336,"한국도요타, 도요타 진출 4주년 기념 기념품 증정 행사",http://www.edaily.co.kr/news/newspath.asp?newsid=02125446602974232
337,"한국도요타 ""올해 1만8천대 판매목표.. 엔저 가격인하 검토 안해""(상보)",http://www.edaily.co.kr/news/newspath.asp?newsid=02463286602707896
338,日도요타 차량 수입 국내 현지법인 설립,https://news.naver.com/main/read.naver?mode=LSD&mid=sec&sid1=101&oid=001&aid=0004369515
339,"렉서스·도요타, 美 컨슈머리포트 브랜드 순위 1위와 2위 차지",http://www.edaily.co.kr/news/newspath.asp?newsid=02305846609535544
340,"렉서스·도요타, 美 컨슈머리포트 브랜드 순위 1위와 2위 차지",http://www.edaily.co.kr/news/newspath.asp?newsid=02305846609535544
341,도요타 車 전시장에 등장한 화각공예,http://view.asiae.co.kr/news/view.htm?idxno=2013111211354147295
342,도요타등 40여대 인터넷 공매,https://news.naver.com/main/read.naver?mode=LSD&mid=sec&sid1=102&oid=011&aid=0002014044
343,고가 고수하는 도요타,https://news.naver.com/main/read.naver?mode=LSD&mid=sec&sid1=101&oid=011&aid=0002679595
344,"日도요타, 충돌방지 기능 옵션 제공",http://view.asiae.co.kr/news/view.htm?idxno=2015033114500869128
345,현대차-기아 올해도 상복… 美 ‘최고의 고객가치상’ 석권,https://www.donga.com/news/article/all/20220123/111397561/1
346,"도요타, 렉서스 등 153만대 리콜",https://news.naver.com/main/read.naver?mode=LSD&mid=sec&sid1=101&oid=011&aid=0002104007
347,센서 결함 에어백 오작동…도요타 등 212만 대 리콜,http://www.koreadaily.com/news/read.asp?art_id=3147324
348,"현대차·기아, 美 ‘2022 최고의 고객가치상’ 최다 수상 영예",https://www.donga.com/news/article/all/20220123/111391268/1
349,도요타·혼다·크라이슬러 美서 에어백 결함 210만대 리콜,http://biz.chosun.com/site/data/html_dir/2015/02/01/2015020101465.html
350,"""도요타, 테스트↑.아웃소싱↓""<WSJ>",https://news.naver.com/main/read.naver?mode=LSD&mid=sec&sid1=101&oid=001&aid=0003366654
351,"도요타자동차, 미국 IIHS서 ""2015 가장 안전한 차"" 최다 모델 수상",http://www.ajunews.com/view/20141230091403651
352,도요타 오일호스 결함 160만대 정식 리콜 절차 없이 몰래 수리,http://news.donga.com/3/all/20100303/26562720/1
353,"현대차그룹, 美서 주요 모델 ‘최고가치’ 인정… 어워드 총 11개 부문 6개 차종 수상",https://www.donga.com/news/article/all/20220123/111390119/2
354,도요타 캠리 '독한 변신'…한국시장서 설욕 나섰다,http://www.hankyung.com/news/app/newsview.php?aid=2014112439371
355,"도요타차, 주차중 식당 유리창으로 돌진 外",http://imnews.imbc.com/replay/2010/nw1200/article/2558242_13074.html
356,"도요타 국내서도 리콜… 2,000여대 무상수리",https://news.naver.com/main/read.naver?mode=LSD&mid=sec&sid1=101&oid=011&aid=0002047376
357,도요타 美·加 줄소송 ‘어쩌나’,http://www.segye.com/Articles/NEWS/ECONOMY/Article.asp?aid=20100202004295&subctg1=&subctg2=
358,도요타 중형세단의 컴백… 조용하면서 강한 놈이 왔다,http://www.dt.co.kr/contents.html?article_no=2014112102101132808001
359,"日 도요타자동차, 국내 영업 개시",https://news.naver.com/main/read.naver?mode=LSD&mid=sec&sid1=101&oid=001&aid=0004115726
360,"日 도요타자동차, 국내 영업 개시",https://news.naver.com/main/read.naver?mode=LSD&mid=sec&sid1=101&oid=001&aid=0004115726
361,“도요타 신차 '벤자(Venza)' 선보인다”,http://www.khan.co.kr/kh_news/art_view.html?artid=200801111807482&code=920508
362,"[2013서울모터쇼] 기아차 ""신형 쏘울 8월 국내서 출시"" 도요타 ""한국서 가장 사랑받는 車로""",http://www.fnnews.com/view?ra=Sent0601m_01A&corp=fnnews&arcid=201303280100270910015195&cDateYear=2013&cDateMonth=03&cDateDay=28&
363,"혼다, 도요타 리콜차량 또 다시 리콜.. 에어백 결함 다시 수리해야",http://www.g-enews.com/news/articleView.html?idxno=135242
364,도요타의 '베팅'…2천만원 중반대 '캠리' 나온다,http://www.hankyung.com/news/app/newsview.php?aid=2014040186931
365,도요타의 추락…나홀로 판매량 줄며 하락세,http://www.etnews.com/20140306000088
366,"도요타, 미국공장서 만든 자동차 수출 확대…미국의 FTA 역이용",http://biz.chosun.com/site/data/html_dir/2014/02/07/2014020702296.html
367,"도요타·렉서스, 개소세 인하분 적용 '가격 공개'",http://car.donga.com/3/all/20140102/59927750/1
368,"도요타, 하이브리드차로 美 컨슈머리포트 ‘가장 가치있는 신차’ 석권",http://biz.heraldcorp.com/view.php?ud=20131223000504
369,더욱 날렵해진 2014년 형 도요타 ‘해리어’ 공개,http://car.donga.com/3/all/20130726/56682345/3
370,더욱 날렵해진 2014년 형 도요타 ‘해리어’ 공개,http://car.donga.com/3/all/20130726/56682345/3
371,[한국차 경쟁력 진단 ③] 엔저 업고 도요타 가격 낮추는데 현대차는?,http://www.hankyung.com/news/app/newsview.php?aid=201305228719g
372,"일본 도요타, 폭스바겐·GM제치고 사상 최초 '1000만대 판매' 넘는다",http://www.ajunews.com/kor/view.jsp?newsId=20130521000003
373,한국 도요타 사장: '조화'가 최우선,http://view.koreaherald.com/kh/view.php?ud=20130401000950
374,도요타 “신차 계속 투입해 올해 1만8000대 팔겠다”,http://economy.donga.com/dongAuto/3/0111/20130206/52855197/2
375,도요타 뉴 캠리 국내판매 1주년 … 깜짝 카드로 '6기통 캠리' 선보여,http://www.hankyung.com/news/app/newsview.php?aid=201301183420g
376,"도요타, 미국서 이름 날렸네…왜?",http://www.dt.co.kr/contents.html?article_no=2012120302019932718004
377,"[현대차-도요타, 美서 잔존가치 자존심 대결]",https://news.naver.com/main/read.naver?mode=LSD&mid=sec&sid1=101&oid=013&aid=0002077120
378,"도요타, 올해 美판매 30% ↑···4년만에 최대",http://www.hankyung.com/news/app/newsview.php?aid=201211013632g
379,"도요타·혼다·크라이슬러, 에어백 불량 212만대 리콜",http://www.edaily.co.kr/news/newspath.asp?newsid=01226726609266256
380,"""도요타 올 국내시장서 1만8000대 팔 것""",http://biz.chosun.com/site/data/html_dir/2013/02/06/2013020600478.html
381,도요타 뉴 캠리 국내판매 1주년 … 깜짝 카드로 '6기통 캠리' 선보여,http://www.hankyung.com/news/app/newsview.php?aid=201301183420g
382,"도요타, 미국서 이름 날렸네…왜?",http://www.dt.co.kr/contents.html?article_no=2012120302019932718004
383,"[현대차-도요타, 美서 잔존가치 자존심 대결]",https://news.naver.com/main/read.naver?mode=LSD&mid=sec&sid1=101&oid=013&aid=0002077120
384,"도요타, 올해 美판매 30% ↑···4년만에 최대",http://www.hankyung.com/news/app/newsview.php?aid=201211013632g
385,"도요타·혼다·크라이슬러, 에어백 불량 212만대 리콜",http://www.edaily.co.kr/news/newspath.asp?newsid=01226726609266256
386,"도요타 캠리/시에나, 美 소비자 선정 “최고의 가족 여행차”",http://news.mk.co.kr/news_forward.php?no=438203&year=2011
387,"도요타, 렉서스 등 고급차 153만 대 리콜",http://www.ytn.co.kr/_ln/0104_201010220149511718
388,"""도요타, 급발진 관련 연구결과 묵살""<AP>",https://news.naver.com/main/read.naver?mode=LSD&mid=sec&sid1=101&oid=001&aid=0003375335
389,"도요타, ""품질 명성 되찾자""…신차 개발과정 개혁 박차",http://www.ajnews.co.kr/uhtml/read.jsp?idxno=201007061117301170537
390,"도요타 캠리/시에나, 美 소비자 선정 “최고의 가족 여행차”",http://news.mk.co.kr/news_forward.php?no=438203&year=2011
391,"도요타, 렉서스 등 고급차 153만 대 리콜",http://www.ytn.co.kr/_ln/0104_201010220149511718
392,"""도요타, 급발진 관련 연구결과 묵살""<AP>",https://news.naver.com/main/read.naver?mode=LSD&mid=sec&sid1=101&oid=001&aid=0003375335
393,"도요타, ""품질 명성 되찾자""…신차 개발과정 개혁 박차",http://www.ajnews.co.kr/uhtml/read.jsp?idxno=201007061117301170537
394,"도요타 ""ABC 보도 철회·사과하라""",http://www.seoulfn.com/news/articleView.html?idxno=80068
395,"도요타 다른 차종도 급가속 발생, 조사중",http://www.radiokorea.com/main/news/news_articles.asp?category=quick_news&seq=28607
396,"ABC, 도요타 보도 조작했나",http://www.heraldbiz.com/SITE/data/html_dir/2010/03/08/201003080330.asp
397,"도요타, 美청문회 '급발진 보고서' 정면 반박",http://www.newspim.com/sub_view.php?cate1=4&cate2=1&news_id=325652
398,"도요타, 리콜 사태 진화 본격 행보 나서",http://www.asiae.co.kr/news/view.htm?idxno=2010021608550240921
399,도요타의 교훈 남의 일 아니다,http://www.kyeongin.com/news/articleView.html?idxno=500467
400,ABC방송 車테스트 조작 의혹…도요타 진실공방 2라운드 돌입,http://www.heraldbiz.com/SITE/data/html_dir/2010/03/08/201003080413.asp
401,"도요타, 美청문회 '급발진 보고서' 정면 반박",http://www.newspim.com/sub_view.php?cate1=4&cate2=1&news_id=325652
402,"도요타, 리콜 사태 진화 본격 행보 나서",http://www.asiae.co.kr/news/view.htm?idxno=2010021608550240921
403,도요타의 교훈 남의 일 아니다,http://www.kyeongin.com/news/articleView.html?idxno=500467
404,도요타 리콜 “사죄합니다”,http://news.donga.com/3/all/20100203/25903295/1
405,난타 당하는 도요타…미·캐나다 소비자 집단소송,http://www.khan.co.kr/kh_news/art_view.html?artid=201002021818405&code=970203
406,"제동걸린 도요타, 대량리콜 이어 잇단 소송에 몸살",http://www.heraldbiz.com/SITE/data/html_dir/2010/02/02/201002020278.asp
407,"한국도요타, 개별소비세 인하 반영 가격 조정",http://www.edaily.co.kr/news/newspath.asp?newsid=02397686605953784
408,"도요타, 8개 모델 생산 중단…""결함 해결 못해""",http://news.sbs.co.kr/section_news/news_read.jsp?news_id=N1000703116
409,도요타 프리우스 '가장 가치있는 신차',http://www.hankyung.com/news/app/newsview.php?aid=2013122538951
410,도요타 프리우스 '가장 가치있는 신차',http://www.hankyung.com/news/app/newsview.php?aid=2013122538951
411,SUV만 있다고? 올해 가장 편한 세단 TOP 10,http://www.thedrive.co.kr/news/newsview.php?ncode=1065586184115392
412,위기의 도요타 `허리띠 졸라맨다`,http://www.edaily.co.kr/news/newspath.asp?newsid=01453046586636552
413,키리스 카 이대로 괜찮나? 老부부 또 사망,http://www.thedrive.co.kr/news/newsview.php?ncode=1065602471325657
414,도요타·닛산 대대적 리콜,http://www.asiae.co.kr/uhtml/read.jsp?idxno=185749§ion=S1N6§ion2=S2N346
415,"""현대車 중고차값 도요타 첫 추월""",http://www.edaily.co.kr/news/newspath.asp?newsid=01567846583257824
416,"현대차, 美서 도요타 제압",https://news.naver.com/main/read.naver?mode=LSD&mid=sec&sid1=101&oid=011&aid=0000185439
417,“도요타 자동차 추돌에 약해”,http://www.seoul.co.kr/news/newsView.php?id=20061123017012
418,"도요타, 100만 대 '몰래' 수리",http://mbn.mk.co.kr/news/newsRead.php?vodCode=489915&category=mbn00008
419,도요타 하이브리드 일부 모델 집단소송…프리우스·캠리·아발론 등,http://www.koreadaily.com/news/read.asp?art_id=7984551
420,"도요타, 100만 대 '몰래' 수리",http://mbn.mk.co.kr/news/newsRead.php?vodCode=489915&category=mbn00008
421,도요타 하이브리드 일부 모델 집단소송…프리우스·캠리·아발론 등,http://www.koreadaily.com/news/read.asp?art_id=7984551
422,"""베라크루즈 중고 가격 도요타 하이랜더 추월""",https://news.naver.com/main/read.naver?mode=LSD&mid=sec&sid1=103&oid=011&aid=0000198229
423,"""도요타 렉서스, 최우수 자동차""<J.D.파워 조사>",https://news.naver.com/main/read.naver?mode=LSD&mid=sec&sid1=104&oid=001&aid=0000073536
424,<擴大鏡> 도요타 韓國시장에 군침,https://news.naver.com/main/read.naver?mode=LSD&mid=sec&sid1=101&oid=001&aid=0004196304
425,"日 도요타차, 9월 美판매 10.3% 증가",https://news.naver.com/main/read.naver?mode=LSD&mid=sec&sid1=101&oid=013&aid=0000102633
426,"`델.도요타.브룩스브라더스', 현명한 美소비자의 선택[CNN머니]",https://news.naver.com/main/read.naver?mode=LSD&mid=sec&sid1=101&oid=013&aid=0000095996
427,"도요타차, 6월 美 자동차판매 10% 증가한 19만4천875대",https://news.naver.com/main/read.naver?mode=LSD&mid=sec&sid1=101&oid=013&aid=0000090849
428,"혼다·도요타, 최대 700만원 할인",http://news.mk.co.kr/news_forward.php?domain=news&no=8754&year=2014
429,"도요타, 자동차 5만5천여 대 리콜",http://mbn.mk.co.kr/news/newsRead.php?vodCode=263386&category=mbn00008
430,"그랜저, 美서 닛산·도요타 제치고 중고차 가치 1위",http://news.mk.co.kr/news_forward.php?domain=news&no=164625&year=2012
431,[시승기] 프리미엄세단의 중후함…젊은 감각 4050세대 설레겠네,http://news.mk.co.kr/newsRead.php?year=2018&no=768679
432,연말 세단시장 ‘후끈’ 달굴 플래그십이 몰려온다,http://www.edaily.co.kr/news/newspath.asp?newsid=01246406619406048
433,[오토라이프]브리핑,http://www.hankookilbo.com/news/npath/201811061360085958?did=NA
434,수입차 ‘하반기 야심작’ 판매 반등 노린다,http://www.viva100.com/main/view.php?key=20181104010001121
435,"[AUTO]불편하거나 아쉬운 편의장치 | 좁은 트렁크, 터치 안되는 모니터…나만 불편한가",http://economychosun.com/client/news/view.php?boardName=C26&t_num=13606158
436,"디젤차 외면, 일본차 하이브리드로 반사이익 기대",http://www.viva100.com/main/view.php?key=20181001010000273
437,‘프리미엄 수입 세단’ 출시 봇물…“막판 경쟁 뜨겁다”,http://www.viva100.com/main/view.php?key=20181205010001595
438,"한국토요타, 2018 스마트 스페이스 특별 전시 진행",http://bizn.donga.com/car/3/0111/20181115/92882512/1
439,[2018 부산모터쇼] 일본車의 '역습'…신차로 한국 시장 공략 '가속 페달',http://news.hankyung.com/article/201806076949g
440,"토요타, 당신이 원하던 하이브리드카…친환경 풀라인업",http://news.mk.co.kr/newsRead.php?year=2018&no=352356
441,미래차의 향연…부산으로 오이소,http://news.mk.co.kr/newsRead.php?year=2018&no=352350
442,도요타 대표 대형 세단 ‘올 뉴 아발론 하이브리드’ 국내 상륙,http://news.heraldcorp.com/view.php?ud=20181106000184
443,SUV에 밀린 준대형세단…하이브리드차는 열풍,http://www.edaily.co.kr/news/newspath.asp?newsid=03352166619438192
444,"‘크기’ 커진 車 전쟁…연말, 플래그십 세단 ‘속속’",http://news.heraldcorp.com/view.php?ud=20181128000419
445,"[집중분석] 수입차 하반기, 3위 경쟁 불꽃 튄다",http://www.viva100.com/main/view.php?key=20180710010003558
446,[비바100] 당신이 놓치면 아까울 ‘부산모터쇼’… “축제 열기 주말까지 ‘뿜뿜’”,http://www.viva100.com/main/view.php?key=20180612010003294
447,[주간 IT 뉴스] 곡소리 나는 알뜰폰…'줄도산' 위기감,http://it.chosun.com/site/data/html_dir/2018/11/09/2018110902863.html
448,독일차 주춤한 사이… 일본차 10년만에 전성기 재현 '시동',http://news.hankyung.com/article/2018090724601
449,"한일 세단, 미국시장 격전 예고",http://news.hankyung.com/article/2017121115561
450,독일차 주춤한 사이… 일본차 10년만에 전성기 재현 '시동',http://news.hankyung.com/article/2018090724601
451,"한일 세단, 미국시장 격전 예고",http://news.hankyung.com/article/2017121115561
452,프리미엄·친환경차의 향연…부산국제모터쇼 오늘 개막,http://www.nocutnews.co.kr/news/4980803
453,[2018 부산모터쇼] 미리보는 부산모터쇼...'친환경차+SUV' 향연,http://www.econovill.com/news/articleView.html?idxno=339243
454,2018 DETROIT AUTO SHOW,http://news.mk.co.kr/newsRead.php?year=2018&no=69373
455,새해에도 신차 경쟁 '후끈'…디트로이트 모터쇼 개막,http://app.yonhapnews.co.kr/YNA/Basic/SNS/r.aspx?c=AKR20180112170700003&did=1195m
456,새해 주목받는 신차는…미리 보는 '디트로이트 모터쇼',http://app.yonhapnews.co.kr/YNA/Basic/SNS/r.aspx?c=AKR20180107026600003&did=1195m
457,"현대차, 부산모터쇼서 SUV야심작 첫 공개",http://news.mk.co.kr/newsRead.php?year=2018&no=349413
458,[부산모터쇼] 수입 신차 해운대로...벤츠 'EQ'·BMW 'X2' 등 주목,http://www.viva100.com/main/view.php?key=20180531010010956
459,[Car] SUV·픽업트럭 `힘자랑` vs 프리미엄 세단 `세련미`,http://news.mk.co.kr/newsRead.php?year=2018&no=46857
460,'신형 그랜저' 준대형 시장 흔든다,http://www.bizwatch.co.kr/pages/view.php?uid=27694
461,뒷방 늙은이 된 한·일 플래그십 두 차종,http://www.sisapress.com/articleb/160207
462,"디트로이트 모터쇼, 화두는 ‘세단’",http://news.heraldcorp.com/view.php?ud=20180108000454
463,국내 첫 하이브리드 미니밴 나온다…도요타 '신형 시에나' 내달 출격,https://www.hankyung.com/economy/article/2021033065831
464,반도체 품귀 여파…도요타·혼다 북미공장 감산,http://www.edaily.co.kr/news/newspath.asp?newsid=03988486628984632
465,[이슈+] 수입차 4분기 관전포인트…일본차 '플래그십 경쟁',http://www.hankyung.com/news/app/newsview.php?aid=201510209583g
466,‘디젤차’에 눌렸던 ‘가솔린 준대형차’ 뜬다,http://www.ajunews.com/view/20151008104901139
467,[시승기] 하이브리드 세단의 고급진 승차감...2022년형 도요타 뉴 캠리 XSE,http://www.consumernews.co.kr/news/articleView.html?idxno=629543
468,기아차 신형 K7 '돌풍'…2주만에 7천500대 팔려(종합),http://news.einfomax.co.kr/news/articleView.html?idxno=205949
469,"도요타·혼다, 부품부족과 악천후 등 공급망 혼란 영향 북미 생산 줄여",http://www.g-enews.com/ko-kr/news/article/news_all/202103180955079225b5d048c6f3_1/article.html
470,도요타·혼다 북미 공장 감산…칩에 화학제품도 공급 차질,http://yna.kr/AKR20210318061300009?did=1195m
471,"[콕 포인트] 크라이슬러 300C, 伊감성 입은 美거구의 변신",http://news.mk.co.kr/newsRead.php?no=282441&year=2016
472,"[콕 포인트] 닛산 맥시마, 日 장인의 걸작…야성과 기품이 함께 숨쉰다",http://news.mk.co.kr/newsRead.php?no=245085&year=2016
473,[ER궁금증] 기아차 신형 K7의 모든 것,http://www.econovill.com/news/articleView.html?idxno=278959
474,"도요타, 전기차 아닌 하이브리드에 힘 더 준다...美 버팔로 공장에 2억 1000만 달러 투자",http://www.bloter.net/archives/531867
475,[시승기] 뛰어난 정숙·안정성… 귀빈용 세단으로 적합,http://magazine.hankyung.com/business/apps/news?popup=0&nid=01&c1=1003&nkey=2014011600946000301&mode=sub_view
476,"수입차, '가격' 낮추고 '서비스' 높여라!",http://www.newstomato.com/ReadNews.aspx?no=432071
477,"[인터뷰]이재만 화각장 ""자동차 인테리어에 화각공예 접목하고 싶어""",http://www.hankyung.com/news/app/newsview.php?aid=201311293429g
478,<시승기 - 신동윤> 민첩한 핸들링 · 원활한 코너링…엔진음도 정숙…여심이 흔들,http://biz.heraldcorp.com/view.php?ud=20131022000330
479,"아름다운 프리미엄 신차 대거 등장, 가을을 수놓다",http://www.ajunews.com/kor/view.jsp?newsId=20131017000419
480,<시승기 - 신동윤> 민첩한 핸들링 · 원활한 코너링…엔진음도 정숙…여심이 흔들,http://biz.heraldcorp.com/view.php?ud=20131022000330
481,"아름다운 프리미엄 신차 대거 등장, 가을을 수놓다",http://www.ajunews.com/kor/view.jsp?newsId=20131017000419
482,‘센 놈’들이 돌아왔다,http://www.fnnews.com/view?ra=Sent0601m_01A&corp=fnnews&arcid=201309270100257370014316&cDateYear=2013&cDateMonth=09&cDateDay=26&
483,더 강하고 안전하게…프리미엄 세단 '신차 전쟁',http://www.hankyung.com/news/app/newsview.php?aid=2013092314531
484,국산·수입차 명운 건 가을 대전 '전운'···승자는?,http://www.hankyung.com/news/app/newsview.php?aid=201309171798g
485,"도요타, 한국 전통미 접목한 ‘아발론’ 전시",http://car.donga.com/3/all/20131219/59662558/1
486,"[더벨]김창식 기아차 부사장 ""올 뉴 K7 5만대 판매 목표""",http://www.thebell.co.kr/front/free/contents/news/article_view.asp?key=201601260100048440002950
487,"“신차, 직접 타보세요”…車업계, 가을맞이 시승행사 ‘풍성’",http://www.ajunews.com/kor/view.jsp?newsId=20131007000515
488,"BMW 5시리즈 vs 현대 제네시스, 가을 ‘프리미엄 신차’ 대전",http://www.ajunews.com/kor/view.jsp?newsId=20130910000493
489,“달리는 자동차에 문화를 입혀라”,http://www.fnnews.com/view?ra=Sent0601m_01A&corp=fnnews&arcid=201311190100195420010181&cDateYear=2013&cDateMonth=11&cDateDay=18&
490,“중고차 구입 이 모델은 피하세요”,http://www.koreadaily.com/news/read.asp?art_id=9133047
491,수입차 본격 신차 경쟁 돌입...럭셔리 신차 몰려온다,http://biz.heraldcorp.com/view.php?ud=20130924000091
492,<미리 보는 2013 서울모터쇼> 대한민국 최대 자동차축제 '팡파르',http://www.ajunews.com/common/redirect.jsp?newsId=20130321000341
493,미국 IIHS 충돌평가 최고 안전한 차 등 현대차 겹경사 ,https://www.ilyosisa.co.kr/news/article.html?no=233468
494,[그 남자의 CAR]현대차가 일본차 뛰어넘으려면,http://news.donga.com/3/all/20130227/53336755/1
495,"日 혼다 북미공장, 공급난에 가동 중단…도요타도 ‘셧다운’",https://biz.sbs.co.kr/article_hub/20000007822?division=NAVER
496,한국차 4종 '최고의 가성비 차' 선정,http://www.koreadaily.com/news/read.asp?art_id=9083513
497,럭셔리카 싸움터된 한국,http://news.mk.co.kr/news_forward.php?domain=news&no=922510&year=2013
498,"[수입차 특집] 보다 강하게, 보다 편리하게… 세단의 공습",http://www.seoul.co.kr/news/newsView.php?id=20131001019003
499,<자동차소식> 현대차 '그랜저 고갱 아트카' 경품 이벤트,https://news.naver.com/main/read.naver?mode=LSD&mid=sec&sid1=101&oid=001&aid=0006451727
