,title,url
0,[성공예감] 강화된 긴축…증시의 봄은 언제쯤 오나? - 정광우 유튜브 《86번가》 대표,https://news.kbs.co.kr/news/view.do?ncd=5448395&ref=A
1,도요타 GR86-RAV4 하이브리드… 내달 국내 출시 앞두고 사전 계약,https://www.donga.com/news/article/all/20220316/112367369/1
2,"도요타, 신형 라브4 하이브리드·GR86 사전계약 실시",https://www.hankyung.com/economy/article/202203155282g
3,국내 유일 후륜·수동 스포츠카 '도요타 GR86' 5월 출시…사전계약 접수,https://view.asiae.co.kr/article/2022031512372834327
4,[ST포토] 태백 서킷 질주하는 도요타86,http://stoo.com/article.php?aid=74578868929
5,"[게시판] 넥센타이어, 일본 Toyota 86/BRZ Race 첫 포디움 입상",http://yna.kr/AKR20211102073100051?did=1195m
6,"한국토요타, GR 레이싱 클래스 개최",https://view.asiae.co.kr/article/2022042509303910126
7,"도요타 86, ‘860 스페셜 에디션’ 공개… 美서 한정 판매",http://bizn.donga.com/car/3/0111/20170314/83323206/1
8,"[포토]도요타 '뉴 86', 날렵한 리어램프",http://www.edaily.co.kr/news/newspath.asp?newsid=01594086612588240
9,'전설의 FR' 도요타 86 원메이크 레이스 한국서 열린다,http://www.khan.co.kr/kh_news/art_view.html?artid=201412231103551&code=920508
10,"한국도요타-핸즈코퍼레이션, 도요타 86 원 메이크 레이스 파트너십 체결",http://www.ajunews.com/view/20141223091846506
11,"도요타 86·쉐보레 아베오, ‘핸즈모터스포츠페스티벌’서 원메이크전 첫 선",http://www.ajunews.com/view/20150329130633905
12,[신차와 역사]‘이니셜D의 주인공’ 도요타 86,http://www.khan.co.kr/kh_news/art_view.html?artid=201403061821492&code=920508
13,[도쿄오토살롱] 서킷으로 달려가도 문제없다 ‘도요타 86’,http://www.segye.com/content/html/2014/01/15/20140115002080.html?OutUrl=naver
14,[시승기]닛산370Z vs 도요타86.. 대중스포츠카 승자는,http://www.edaily.co.kr/news/newspath.asp?newsid=01085686602813512
15,[제네바 모터쇼] 고급스러움과 스포티함을 겸비한 ‘도요타 FT-86 오픈 콘셉트’,http://www.fnnews.com/view?ra=Sent0601m_01A&corp=fnnews&arcid=201303070100057250002909&cDateYear=2013&cDateMonth=03&cDateDay=07&
16,도요타86 오픈카 공개,http://sports.chosun.com/news/ntype.htm?id=201303070100039200003168&servicedate=20130306
17,강렬한 스타일 ‘도요타 86 오픈카’ 첫선,http://www.ajunews.com/common/redirect.jsp?newsId=20130305000127
18,"[카&라이프] 도요타 86, 차원이 다른 초저중심…핸들링 ‘예술’",http://magazine.hankyung.com/business/apps/news?popup=0&nid=01&c1=1003&nkey=2012112200886000391&mode=sub_view
19,"한국도요타자동차, '도요타 86 트랙 데이' 개최",http://biz.chosun.com/site/data/html_dir/2012/11/21/2012112101010.html
20,"도요타 86 만든 주역, 다타 데쓰야 수석엔지니어",http://news.mk.co.kr/news_forward.php?domain=news&no=724329&year=2012
21,"인기만화 `이니셜D`의 그 스포츠카, 도요타86",http://news.mk.co.kr/news_forward.php?domain=news&no=724326&year=2012
22,"'도요타 86', 자동차의 본고장 독일에서 진화를 시작하다",http://biz.chosun.com/site/data/html_dir/2012/10/24/2012102402245.html
23,<김대연 기자의 시승기>도요타 86 ‘4000만원대 질주馬’ 본능,http://view.heraldcorp.com/view.php?ud=20121015000561
24,"타면 탈수록 끌리는 '도요타, 86'",http://biz.chosun.com/site/data/html_dir/2012/10/05/2012100500933.html
25,[시승기] 도요타 86，밟는 순간 깨어나는 질주본능,http://www.fnnews.com/view?ra=Sent0601m_01A&corp=fnnews&arcid=201209280100245690014929&cDateYear=2012&cDateMonth=10&cDateDay=03&
26,"[시승기] 도요타86, 레이싱 DNA가 후륜스포츠카로 고스란히",http://sports.chosun.com/news/ntype.htm?id=201208230100189160016319&servicedate=20120823
27,"도요타86, 슈퍼레이스 2천cc 터보 클래스 전격투입",http://sports.chosun.com/news/ntype.htm?id=201207140100100890008173&servicedate=20120713
28,"한국토요타, 서울오토살롱서 ‘도요타 86’ 전시",http://www.asiae.co.kr/news/view.htm?idxno=2012070909091118695
29,튜닝위해 태어난車 ‘도요타86’ 12일 코엑스에 전시,http://www.segye.com/Articles/Car/MotorShow/Article.asp?aid=20120709021576&subctg1=&subctg2=
30,[인터뷰]“도요타86과 제네시스쿠페는 전혀 다른 차” 이 차를 만든 이유는,http://www.segye.com/Articles/Car/Interview/Article.asp?aid=20120620022510&subctg1=&subctg2=
31,"도요타 86, 세대를 아우르는 '대중 스포츠카' 도전",http://www.hankyung.com/news/app/newsview.php?aid=201206180761g
32,"""86은 도요타 스포츠카 부활의 계기""",http://www.asiae.co.kr/news/view.htm?idxno=2012061700050184337
33,[포토]도요타 86 출시기념 `AREA 86` 이색행사,http://www.edaily.co.kr/news/newspath.asp?newsid=02443606599534496
34,"도요타 86·렉서스 LFA, 獨뉘르부르크링 레이싱 우승",http://news1.kr/articles/686221
35,아! 이車였어? 日젊은이들 로망 ‘도요타 86’ 국내 포착,http://news.donga.com/3/all/20120524/46482096/2
36,`도요타 86` 초경량 후륜 구동 스포츠카 최초 공개,http://www.edaily.co.kr/news/newspath.asp?newsid=01125046599530232
37,베일 속 스포츠카 '도요타 86' 기능이..,http://www.wowtv.co.kr/newscenter/news/view.asp?bcode=T30001000&artid=A201205110194
38,도요타 경량 후륜구동 스포츠카 ‘86’ 부산모터쇼서 공개,http://www.segye.com/Articles/Car/NewCar/Article.asp?aid=20120510022568&subctg1=&subctg2=
39,"한국도요타, 86·벤자 출시 공식선언…""올해 국내서 2만대 팔것""",http://biz.chosun.com/site/data/html_dir/2012/02/21/2012022102000.html
40,도요타 '86 ' 스바루 'BRZ'…日 부활의 상징 될까,http://www.hankyung.com/news/app/newsview.php?aid=2012022060501
41,도요타 '86' 6월 한국 상륙,http://www.hankyung.com/news/app/newsview.php?aid=2012021952271
42,도요타 스포츠카 ‘86(하치로쿠)’ 국내 출시된다면…,http://news.donga.com/3/all/20120203/43766876/2
43,"도요타, 스포츠카 '86' 日가격공개 2920만원 시작…""韓가격은""",http://biz.chosun.com/site/data/html_dir/2012/01/31/2012013102210.html
44,"[단독] 한국도요타, 만화 '이니셜D'의 스포츠카 '86' 출시 결정",http://biz.chosun.com/site/data/html_dir/2012/01/19/2012011900917.html
45,[포토] 도요타가 30년만에 내놓은 스포츠카 야심작 `86`,http://www.edaily.co.kr/news/newspath.asp?newsid=01794166596450312
46,"한국도요타 ""7일까지 86·벤자 700만원 할인""",http://www.edaily.co.kr/news/newspath.asp?newsid=01646566602772184
47,[포토]존토카의 튜닝車 `도요타 86`은 어떤 모습?,http://www.edaily.co.kr/news/newspath.asp?newsid=01085686599723424
48,"'춤꾼' 최여진, 스포츠카 '도요타 86' 탄다",http://www.hankyung.com/news/app/newsview.php?aid=201208060075g
49,도요타 86 '수동기어' 스릴 두배,http://www.hankyung.com/news/app/newsview.php?aid=2012082764551
50,[부산모터쇼]도요타 만화속 그 차 86 만나요,http://biz.chosun.com/site/data/html_dir/2012/05/24/2012052401172.html
51,오토브리핑...‘도요타 86’ 특별전시 등,http://view.heraldm.com/view.php?ud=20120709000859
52,"‘북악스카이웨이에서 다운힐을’, 도요타 86의 유혹",http://view.heraldm.com/view.php?ud=20120625000690
53,"[시승기]도요타 86, 단순함 속에 숨겨진 `운전의 즐거움`",http://www.edaily.co.kr/news/newspath.asp?newsid=01079126599564672
54,환상의 드리프트… 미끄러지며 코너링… 日 프로 레이서 다니구치 ‘도요타 스포츠카 86’ 동승기,http://news.donga.com/3/all/20120618/47113538/1
55,도요타 GT 86 공개,http://news.mk.co.kr/news_forward.php?domain=news&no=768222&year=2011
56,[현장] 日 불매 돌파구 도요타 'GR 수프라'…17년 만에 부활,http://www.inews24.com/view/1237386
57,도요타 신차 ‘86’ 불티…월 7000대 판매,http://biz.heraldm.com/common/redirect.jsp?category_id=010107041300&news_id=20120307000373
58,"도로주행도 일품, 아우토반서 만난 '도요타 86'",http://www.etnews.com/news/home_mobile/automobile/2662790_1485.html
59,[車 전시장] 로디우스 유로/도요타‘86’/에스테이트 V60 2.0 디젤/올 뉴 인피니티 JX,http://www.imaeil.com/sub_news/sub_news_view.php?news_id=40922&yy=2012
60,[시승기]'대중적인 스포츠카가 떴다' 도요타 '86',http://www.asiae.co.kr/news/view.htm?idxno=2012061714294488821
61,[부산모터쇼]도요타 86 가격 최고 4690만원,http://www.asiae.co.kr/news/view.htm?idxno=2012052409404315456
62,“날렵하네” 도요타 스포츠카 ‘FT-86’ 사진 유출,http://sports.chosun.com/news/ntype.htm?id=201111020100006120000246&servicedate=20111101
63,“날렵하네” 도요타 스포츠카 ‘FT-86’ 사진 유출,http://osen.mt.co.kr/article/G1109313668
64,"도요타 FT-86 사진유출…""공격적인 소형 스포츠카""",http://www.edaily.co.kr/news/newspath.asp?newsid=02256646596417512
65,도요타 FT-86 스파이영상…스포티함 물씬,http://www.segye.com/Articles/NEWS/ECONOMY/Article.asp?aid=20110603001134&subctg1=&subctg2=
66,"도요타 FT-86, 獨서 스파이샷 포착",http://news.mk.co.kr/news_forward.php?no=312153&year=2011
67,[2012베이징모터쇼]도요타의 새로운 실험.. '토요타 86',http://www.asiae.co.kr/news/view.htm?idxno=2012042314090203502
68,뉴욕 오토쇼서 선보일 도요타 FT-86 티저 영상 공개,http://news.mk.co.kr/news_forward.php?no=237312&year=2011
69,"도요타, 렉서스 LFAㆍ도요타 86으로 24시간 내구 레이스 도전",http://view.heraldcorp.com/view.php?ud=20130503000181
70,"도요타, '댄싱위더스타 시즌2'에 뉴 캠리·도요타 86 협찬",http://www.asiae.co.kr/news/view.htm?idxno=2012062710144295073
71,[CAR/시승기]도요타 ‘86(하치로쿠)’,http://news.donga.com/3/all/20120118/43402498/1
72,"도요타, 서울모터쇼 기간 중 벤자·도요타 86 등 최대 700만원 할인",http://www.asiae.co.kr/news/view.htm?idxno=2013040208584233027
73,도요타 86과 함께한 레이싱모델 육지혜,http://www.segye.com/Articles/Car/TotalNews/Article.asp?aid=20120620022560&subctg1=&subctg2=
74,도요타 GT 86 컨버터블 양산 확정,http://news.mk.co.kr/news_forward.php?domain=news&no=138114&year=2012
75,"日도요타, 내년 86종 스포츠카 출시",http://www.asiae.co.kr/news/view.htm?idxno=2011112710453252378
76,"도요타, 사이언 브랜드로 FR-86 공개",http://news.mk.co.kr/news_forward.php?no=256230&year=2011
77,"도요타 FT-86 쿠페, 사이언 FT-S라 부르게 된다",http://news.mk.co.kr/news_forward.php?no=92129&year=2011
78,도요타 FT-86 이미지 인터넷 유출,http://news.mk.co.kr/news_forward.php?domain=news&no=704680&year=2011
79,"달리는 재미, 도요타 86",http://www.nocutnews.co.kr/news/4392594
80,"'도요타 86'시승기, 군더더기 없는 실내…180㎞ 달려도 흔들림 없어",http://www.hankyung.com/news/app/newsview.php?aid=2012062561251
81,"日 도요타自, 상반기 순익 86％ 증가",https://news.naver.com/main/read.naver?mode=LSD&mid=sec&sid1=101&oid=001&aid=0000296162
82,"질주 DNA, 도요타 86",https://news.naver.com/main/read.naver?mode=LSD&mid=sec&sid1=101&oid=003&aid=0005056281
83,국산 ‘아반떼 쿠페’·‘렉스턴W’… 수입차 ‘도요타86’ 눈길,http://www.segye.com/Articles/Car/MotorShow/Article.asp?aid=20120524022873&subctg1=&subctg2=
84,【포토】도요타 '86' 스포츠 쿠페 공개,http://www.etoday.co.kr/news/section/newsview.php?TM=news&SM=3099&idxno=510332
85,도요타 FT-86 가주 레이싱 프로토타입 스파이샷 포착,http://news.mk.co.kr/news_forward.php?no=666070&year=2011
86,"[2019 서울모터쇼] 도요타, 5세대 ‘신형 라브4’ 공개…오는 5월 사전계약",http://news.donga.com/3/all/20190329/94796712/2
87,"투빅, 뮤비에 국내 1대 ‘이니셜D’ 도요타86 등장",http://www.nocutnews.co.kr/show.asp?idx=2749589
88,드림카 '수프라'가 돌아온다…도요타 단종 16년만에 재생산,http://www.koreadaily.com/news/read.asp?art_id=6925624
89,현대자동차에 이어 스바루·도요타 차량 40만대 리콜…원인은?,http://www.kookje.co.kr/news2011/asp/newsbody.asp?code=0200&key=20181102.99099000576
90,수바루·도요타 대거 리콜…포레스터 SUV 등 41만대,http://www.koreadaily.com/news/read.asp?art_id=6700732
91,"삼성, 도요타 눌렀지만…세계 100대 브랜드 한일전 '3 vs 7' [정영효의 일본산업 분석]",https://www.hankyung.com/economy/article/202110212221i
92,"알루미늄 테이프로 차를 튜닝한다고?…도요타, 한국서도 특허 출원",http://it.chosun.com/news/article.html?no=2825422
93,삼성전자 브랜드가치 88조 '톱5'현대차 18조 35위·기아는 86위,http://www.smedaily.co.kr/news/articleView.html?idxno=216291
94,"도요타 모터스포츠 참여 활발…""젊은층 공략·車성능향상""",http://app.yonhapnews.co.kr/YNA/Basic/SNS/r.aspx?c=AKR20160612025500003&did=1195m
95,[서울 모터쇼] 도요타는 하이브리드카의 역사,http://www.hankyung.com/news/app/newsview.php?aid=2017033000451
96,[포토엔]매끈하게 잘빠진 도요타 FT-86 스포츠 컨셉카,http://www.newsen.com/news_view.php?uid=201104011537122006
97,"""젊은층, 자동차 안 산다""…도요타의 고민",http://app.yonhapnews.co.kr/YNA/Basic/SNS/r.aspx?c=AKR20150702087100003&did=1195m
98,"[서울모터쇼] 도요타, RAV4·아발론 국내 첫선",http://biz.chosun.com/site/data/html_dir/2013/03/25/2013032500593.html
99,[도쿄오토살롱 2017] M78 X 86 울트라맨을 위한 컨셉카 발표,http://autoin.edaily.co.kr/news/newspath.asp?newsid=01571126612883768
100,"도로주행도 일품, 아우토반서 만난 '도요타 86'",http://www.etnews.com/news/home_mobile/automobile/2662790_1485.html
101,[車 전시장] 로디우스 유로/도요타‘86’/에스테이트 V60 2.0 디젤/올 뉴 인피니티 JX,http://www.imaeil.com/sub_news/sub_news_view.php?news_id=40922&yy=2012
102,[시승기]'대중적인 스포츠카가 떴다' 도요타 '86',http://www.asiae.co.kr/news/view.htm?idxno=2012061714294488821
103,[부산모터쇼]도요타 86 가격 최고 4690만원,http://www.asiae.co.kr/news/view.htm?idxno=2012052409404315456
104,"[포토]`도요타 86` 한층 업그레이된 외관 ""갖고싶어!""",http://www.edaily.co.kr/news/newspath.asp?newsid=01095526599723424
105,“날렵하네” 도요타 스포츠카 ‘FT-86’ 사진 유출,http://sports.chosun.com/news/ntype.htm?id=201111020100006120000246&servicedate=20111101
106,“날렵하네” 도요타 스포츠카 ‘FT-86’ 사진 유출,http://osen.mt.co.kr/article/G1109313668
107,"도요타 FT-86 사진유출…""공격적인 소형 스포츠카""",http://www.edaily.co.kr/news/newspath.asp?newsid=02256646596417512
108,[포토]'도요타86트랙데이' 성황리에 개최,http://www.edaily.co.kr/news/newspath.asp?newsid=01636726599728016
109,도요타 FT-86 스파이영상…스포티함 물씬,http://www.segye.com/Articles/NEWS/ECONOMY/Article.asp?aid=20110603001134&subctg1=&subctg2=
110,도요타 FT-86 스파이영상…스포티함 물씬,http://www.segye.com/Articles/NEWS/ECONOMY/Article.asp?aid=20110603001134&subctg1=&subctg2=
111,"도요타 FT-86, 獨서 스파이샷 포착",http://news.mk.co.kr/news_forward.php?no=312153&year=2011
112,[2012베이징모터쇼]도요타의 새로운 실험.. '토요타 86',http://www.asiae.co.kr/news/view.htm?idxno=2012042314090203502
113,뉴욕 오토쇼서 선보일 도요타 FT-86 티저 영상 공개,http://news.mk.co.kr/news_forward.php?no=237312&year=2011
114,"도요타, 렉서스 LFAㆍ도요타 86으로 24시간 내구 레이스 도전",http://view.heraldcorp.com/view.php?ud=20130503000181
115,"한국도요타, 벤자·도요타86 700만원 지원",http://www.newstomato.com/ReadNews.aspx?no=349781
116,"도요타, '댄싱위더스타 시즌2'에 뉴 캠리·도요타 86 협찬",http://www.asiae.co.kr/news/view.htm?idxno=2012062710144295073
117,[CAR/시승기]도요타 ‘86(하치로쿠)’,http://news.donga.com/3/all/20120118/43402498/1
118,"도요타, 서울모터쇼 기간 중 벤자·도요타 86 등 최대 700만원 할인",http://www.asiae.co.kr/news/view.htm?idxno=2013040208584233027
119,도요타 86과 함께한 레이싱모델 육지혜,http://www.segye.com/Articles/Car/TotalNews/Article.asp?aid=20120620022560&subctg1=&subctg2=
120,'도요타 86' 부산 국제 모터쇼 온다,http://www.fnnews.com/view?ra=Sent0601m_01A&corp=fnnews&arcid=201205100100099930005708&cDateYear=2012&cDateMonth=05&cDateDay=10&
121,도요타 GT 86 컨버터블 양산 확정,http://news.mk.co.kr/news_forward.php?domain=news&no=138114&year=2012
122,"日도요타, 내년 86종 스포츠카 출시",http://www.asiae.co.kr/news/view.htm?idxno=2011112710453252378
123,"도요타, 사이언 브랜드로 FR-86 공개",http://news.mk.co.kr/news_forward.php?no=256230&year=2011
124,"도요타 FT-86 쿠페, 사이언 FT-S라 부르게 된다",http://news.mk.co.kr/news_forward.php?no=92129&year=2011
125,도요타 FT-86 이미지 인터넷 유출,http://news.mk.co.kr/news_forward.php?domain=news&no=704680&year=2011
126,"달리는 재미, 도요타 86",http://www.nocutnews.co.kr/news/4392594
127,"'도요타 86'시승기, 군더더기 없는 실내…180㎞ 달려도 흔들림 없어",http://www.hankyung.com/news/app/newsview.php?aid=2012062561251
128,"日 도요타自, 상반기 순익 86％ 증가",https://news.naver.com/main/read.naver?mode=LSD&mid=sec&sid1=101&oid=001&aid=0000296162
129,"질주 DNA, 도요타 86",https://news.naver.com/main/read.naver?mode=LSD&mid=sec&sid1=101&oid=003&aid=0005056281
130,국산 ‘아반떼 쿠페’·‘렉스턴W’… 수입차 ‘도요타86’ 눈길,http://www.segye.com/Articles/Car/MotorShow/Article.asp?aid=20120524022873&subctg1=&subctg2=
131,[포토] 첫 선보인 도요타 86의 뒷모습은?,http://photos.mk.co.kr/view.php?no=318119&year=2012
132,【포토】도요타 '86' 스포츠 쿠페 공개,http://www.etoday.co.kr/news/section/newsview.php?TM=news&SM=3099&idxno=510332
133,도요타 FT-86 가주 레이싱 프로토타입 스파이샷 포착,http://news.mk.co.kr/news_forward.php?no=666070&year=2011
134,"[2019 서울모터쇼] 도요타, 5세대 ‘신형 라브4’ 공개…오는 5월 사전계약",http://news.donga.com/3/all/20190329/94796712/2
135,"투빅, 뮤비에 국내 1대 ‘이니셜D’ 도요타86 등장",http://www.nocutnews.co.kr/show.asp?idx=2749589
136,드림카 '수프라'가 돌아온다…도요타 단종 16년만에 재생산,http://www.koreadaily.com/news/read.asp?art_id=6925624
137,도요타 86과 함께 선 레이싱모델,http://www.nocutnews.co.kr/news/4392632
138,현대자동차에 이어 스바루·도요타 차량 40만대 리콜…원인은?,http://www.kookje.co.kr/news2011/asp/newsbody.asp?code=0200&key=20181102.99099000576
139,수바루·도요타 대거 리콜…포레스터 SUV 등 41만대,http://www.koreadaily.com/news/read.asp?art_id=6700732
140,현대자동차에 이어 스바루·도요타 차량 40만대 리콜…원인은?,http://www.kookje.co.kr/news2011/asp/newsbody.asp?code=0200&key=20181102.99099000576
141,수바루·도요타 대거 리콜…포레스터 SUV 등 41만대,http://www.koreadaily.com/news/read.asp?art_id=6700732
142,"삼성, 도요타 눌렀지만…세계 100대 브랜드 한일전 '3 vs 7' [정영효의 일본산업 분석]",https://www.hankyung.com/economy/article/202110212221i
143,"알루미늄 테이프로 차를 튜닝한다고?…도요타, 한국서도 특허 출원",http://it.chosun.com/news/article.html?no=2825422
144,삼성전자 브랜드가치 88조 '톱5'현대차 18조 35위·기아는 86위,http://www.smedaily.co.kr/news/articleView.html?idxno=216291
145,"도요타 모터스포츠 참여 활발…""젊은층 공략·車성능향상""",http://app.yonhapnews.co.kr/YNA/Basic/SNS/r.aspx?c=AKR20160612025500003&did=1195m
146,[서울 모터쇼] 도요타는 하이브리드카의 역사,http://www.hankyung.com/news/app/newsview.php?aid=2017033000451
147,[포토엔]매끈하게 잘빠진 도요타 FT-86 스포츠 컨셉카,http://www.newsen.com/news_view.php?uid=201104011537122006
148,"""젊은층, 자동차 안 산다""…도요타의 고민",http://app.yonhapnews.co.kr/YNA/Basic/SNS/r.aspx?c=AKR20150702087100003&did=1195m
149,"[서울모터쇼] 도요타, RAV4·아발론 국내 첫선",http://biz.chosun.com/site/data/html_dir/2013/03/25/2013032500593.html
150,"일본 스바루·도요타, 엔진부품 결함으로 40만대 리콜",http://www.tbs.seoul.kr/news/bunya.do?method=daum_html2&typ_800=4&seq_800=10308981
151,"삼성, 도요타 눌렀지만…세계 100대 브랜드 한일전 '3 vs 7' [정영효의 일본산업 분석]",https://www.hankyung.com/economy/article/202110212221i
152,"알루미늄 테이프로 차를 튜닝한다고?…도요타, 한국서도 특허 출원",http://it.chosun.com/news/article.html?no=2825422
153,삼성전자 브랜드가치 88조 '톱5'현대차 18조 35위·기아는 86위,http://www.smedaily.co.kr/news/articleView.html?idxno=216291
154,"도요타 모터스포츠 참여 활발…""젊은층 공략·車성능향상""",http://app.yonhapnews.co.kr/YNA/Basic/SNS/r.aspx?c=AKR20160612025500003&did=1195m
155,[서울 모터쇼] 도요타는 하이브리드카의 역사,http://www.hankyung.com/news/app/newsview.php?aid=2017033000451
156,[포토엔]매끈하게 잘빠진 도요타 FT-86 스포츠 컨셉카,http://www.newsen.com/news_view.php?uid=201104011537122006
157,"""젊은층, 자동차 안 산다""…도요타의 고민",http://app.yonhapnews.co.kr/YNA/Basic/SNS/r.aspx?c=AKR20150702087100003&did=1195m
158,"[서울모터쇼] 도요타, RAV4·아발론 국내 첫선",http://biz.chosun.com/site/data/html_dir/2013/03/25/2013032500593.html
159,[도쿄오토살롱 2017] M78 X 86 울트라맨을 위한 컨셉카 발표,http://autoin.edaily.co.kr/news/newspath.asp?newsid=01571126612883768
160,[도쿄오토살롱 2017] M78 X 86 울트라맨을 위한 컨셉카 발표,http://autoin.edaily.co.kr/news/newspath.asp?newsid=01571126612883768
161,도요타 하이브리드 SUV '2016 올 뉴 RAV4' 출시(종합),http://app.yonhapnews.co.kr/YNA/Basic/SNS/r.aspx?c=AKR20160308033151003&did=1195m
162,언론에 첫 공개된 독일 TMG 도요타공장,http://news.mk.co.kr/news_forward.php?domain=news&no=665274&year=2012
163,친환경 수입차 판매 1만대 돌파… 도요타·렉서스 '무서운 독주',https://news.naver.com/main/read.naver?mode=LSD&mid=sec&sid1=101&oid=011&aid=0002792089
164,"도요타 ""한국시장 공략 탄력 붙었다"" ···올해 신차 10종 내고 'Fun to Drive' 내세워",http://www.hankyung.com/news/app/newsview.php?aid=201206105783g
165,`죽지 않아` 도요타 렉서스 독일레이스 우승,http://sports.chosun.com/news/ntype.htm?id=201206050100025620001677&servicedate=20120604
166,[CAR] 도요타의 대반격…미국산 뉴캠리 가격 내려 승부수,http://news.mk.co.kr/news_forward.php?domain=news&no=337721&year=2012
167,지엠·도요타가 ‘스포츠카’ 내놓는 까닭은?,http://biz.heraldm.com/common/redirect.jsp?category_id=010107041300&news_id=20120319000276
168,"도요타, 12년 만에 소형스포츠카 출시",http://www.hankyung.com/news/app/newsview.php?aid=2011112807781
169,"도요타, ‘지옥의 24시간 뉘르부르크링 레이스’ 도전장",http://www.newstomato.com/ReadNews.aspx?no=434290
170,"만화 ‘이니셜D ’의 그 차, 도요타 전시장에 등장한다",http://www.segye.com/Articles/Car/Business/Article.asp?aid=20120531023457&subctg1=&subctg2=
171,"도요타 판매 증가세 뚜렷, 수입차 4위 탈환",http://www.segye.com/Articles/Car/Business/Article.asp?aid=20120405021800&subctg1=&subctg2=
172,"도요타, 제네바 모터쇼서 차세대 '풀 하이브리드' 모델 공개",http://www.asiae.co.kr/news/view.htm?idxno=2012030611074275565
173,"한국도요타, 6월 '캠리' 최대 400만원 할인행사",http://www.edaily.co.kr/news/newspath.asp?newsid=01164406602838440
174,"도요타 5월 사상최대 실적, 특별 프로모션 6월까지 한달 연장",http://www.asiae.co.kr/news/view.htm?idxno=2013060309205686130
175,"[2015 서울모터쇼] 도요타 ‘프리우스V’ 공개, 하이브리드 라인업 강화 나서",http://www.ajunews.com/view/20150403092211792
176,"도요타, 프리우스V·수소차 FCV 등 스마트 솔루션 10종 공개",http://www.dt.co.kr/contents.html?article_no=2015040202109932808006
177,"도요타, 이니셜 D 후속 ‘차세대 스포츠카’ 공개",http://nownews.seoul.co.kr/news/newsView.php?id=20091007601007
178,BMW-도요타 합작 스포츠카…11월 도쿄모터쇼서 전격공개,http://car.donga.com/3/all/20130523/55352675/3
179,"도요타 직원들, ‘지옥의 24시간 내구 레이스’에 도전장",http://car.donga.com/3/all/20130503/54874792/2
180,BMW-도요타 합작 스포츠카…11월 도쿄모터쇼서 전격공개,http://car.donga.com/3/all/20130523/55352675/3
181,"도요타 직원들, ‘지옥의 24시간 내구 레이스’에 도전장",http://car.donga.com/3/all/20130503/54874792/2
182,"렉서스 ES-도요타 시에나, 美서 최고의 내구품질모델 선정",http://sports.hankooki.com/lpage/economy/201502/sp20150227171711136990.htm
183,"도요타, 서울모터쇼서 신차 ‘700만원’ 깜작 할인",http://www.ajunews.com/common/redirect.jsp?newsId=20130402000104
184,도요타 미국서 안전성 인정받아,http://www.thescoop.co.kr/news/articleView.html?idxno=14470
185,"도요타자동차, 미국 IIHS서 ""2015 가장 안전한 차"" 최다 모델 수상",http://www.ajunews.com/view/20141230091403651
186,12년간 중단된 도요타 스포츠카 계보 이어,http://news.mk.co.kr/news_forward.php?domain=news&no=724327&year=2012
187,"도요타, 제네바 모터쇼 'Auris 하이브리드' 첫 공개",http://www.zdnet.co.kr/ArticleView.asp?artice_id=20100224095748
188,"[2012 베이징 모터쇼]도요타, ""쏘나타 하이리드 뜯어보니""",http://biz.chosun.com/site/data/html_dir/2012/04/23/2012042301750.html
189,"도요타·BMW·닛산, 가격 고개 숙였다",http://www.asiae.co.kr/news/view.htm?idxno=2012022911082095845
190,"도요타자동차, 미국 IIHS서 ""2015 가장 안전한 차"" 최다 모델 수상",http://www.ajunews.com/view/20141230091403651
191,12년간 중단된 도요타 스포츠카 계보 이어,http://news.mk.co.kr/news_forward.php?domain=news&no=724327&year=2012
192,"도요타, 제네바 모터쇼 'Auris 하이브리드' 첫 공개",http://www.zdnet.co.kr/ArticleView.asp?artice_id=20100224095748
193,"[2012 베이징 모터쇼]도요타, ""쏘나타 하이리드 뜯어보니""",http://biz.chosun.com/site/data/html_dir/2012/04/23/2012042301750.html
194,"도요타·BMW·닛산, 가격 고개 숙였다",http://www.asiae.co.kr/news/view.htm?idxno=2012022911082095845
195,"도요타 신차로 공략 나서, 쏘나타 겨냥한 ‘프리우스’ 3130만원에",http://www.segye.com/Articles/Car/Business/Article.asp?aid=20120221004151&subctg1=&subctg2=
196,한국도요타 “올해 2만대 이상 판다” 승부수,http://www.ajnews.co.kr/common/redirect.jsp?newsId=20120221000398
197,"[현대차, 80년대중반 도요타車 상황과 '판박이']",https://news.naver.com/main/read.naver?mode=LSD&mid=sec&sid1=101&oid=013&aid=0000129006
198,"[서울모터쇼 2015] 도요타, 실내공간 넓어진 하이브리드 '프리우스V' 선보여",http://biz.chosun.com/site/data/html_dir/2015/04/02/2015040201894.html
199,"도요타, 30년만에 소형 스포츠카 내놨다",http://www.hankyung.com/news/app/newsview.php?aid=201111289765g
200,"도요타 신차로 공략 나서, 쏘나타 겨냥한 ‘프리우스’ 3130만원에",http://www.segye.com/Articles/Car/Business/Article.asp?aid=20120221004151&subctg1=&subctg2=
201,한국도요타 “올해 2만대 이상 판다” 승부수,http://www.ajnews.co.kr/common/redirect.jsp?newsId=20120221000398
202,"[현대차, 80년대중반 도요타車 상황과 '판박이']",https://news.naver.com/main/read.naver?mode=LSD&mid=sec&sid1=101&oid=013&aid=0000129006
203,"[서울모터쇼 2015] 도요타, 실내공간 넓어진 하이브리드 '프리우스V' 선보여",http://biz.chosun.com/site/data/html_dir/2015/04/02/2015040201894.html
204,"도요타, 30년만에 소형 스포츠카 내놨다",http://www.hankyung.com/news/app/newsview.php?aid=201111289765g
205,"도요타, 美서 가격대비 최고가치 車 선정",http://www.newsway.co.kr/view.php?tp=1&ud=2014021706525118363
206,"도요타, 캠리 등 5개 모델 '美 가격대비 최고가치 차' 선정",http://view.asiae.co.kr/news/view.htm?idxno=2014021608574521943
207,<2011 서울모터쇼> 구혜선 “도요타 코롤라를 소개합니다”,http://www.ajnews.co.kr/common/redirect.jsp?newsId=20110406000549
208,"[도쿄모터쇼]도요타, 2인승 경형 스포츠카 ‘S-FR’에 아저씨들도 열광",http://car.donga.com/3/all/20151030/74498777/1
209,도요타-제이씨현시스템 ‘맞춤형 내비’ 출시,http://www.fnnews.com/view?ra=Sent0601m_01A&corp=fnnews&arcid=201307250304413210441321&cDateYear=2013&cDateMonth=07&cDateDay=25&
210,"[도쿄모터쇼]도요타, 2인승 경형 스포츠카 ‘S-FR’에 아저씨들도 열광",http://car.donga.com/3/all/20151030/74498777/2
211,도요타-제이씨현시스템 ‘맞춤형 내비’ 출시,http://www.fnnews.com/view?ra=Sent0601m_01A&corp=fnnews&arcid=201307250304413210441321&cDateYear=2013&cDateMonth=07&cDateDay=25&
212,"한국토요타, ‘도요타 맞춤형 내비게이션’ 출시",http://www.asiae.co.kr/news/view.htm?idxno=2013072409290993084
213,"한국도요타, 경북 안동에 19번째 도요타전시장 오픈",http://www.edaily.co.kr/news/newspath.asp?newsid=01784326602873864
214,"한국토요타, 도요타 전주 전시장 오픈",http://www.asiae.co.kr/news/view.htm?idxno=2013062610250329824
215,"한국토요타-핸즈 코퍼레이션, '토요타 86 원 메이크 레이스' 파트너쉽 체결",http://www.fnnews.com/news/201412230901182124
216,"<현대ㆍ기아차-도요타, 할인 마케팅으로 가격경쟁 돌입>",http://news.einfomax.co.kr/news/articleView.html?idxno=68622
217,"'엔저 수혜' 도요타, 6월에도 대대적 할인 공세",https://news.naver.com/main/read.naver?mode=LSD&mid=sec&sid1=101&oid=001&aid=0006293328
218,"한국도요타, 6월 도요타 전 라인업 프로모션",http://www.etnews.com/news/home_mobile/automobile/2776936_1485.html
219,도쿄모터쇼의 꽃 '도요타' 출품 차량 공개,http://www.asiae.co.kr/news/view.htm?idxno=2009101609454349076
220,"<현대ㆍ기아차-도요타, 할인 마케팅으로 가격경쟁 돌입>",http://news.einfomax.co.kr/news/articleView.html?idxno=68622
221,"'엔저 수혜' 도요타, 6월에도 대대적 할인 공세",https://news.naver.com/main/read.naver?mode=LSD&mid=sec&sid1=101&oid=001&aid=0006293328
222,"한국도요타, 6월 도요타 전 라인업 프로모션",http://www.etnews.com/news/home_mobile/automobile/2776936_1485.html
223,도쿄모터쇼의 꽃 '도요타' 출품 차량 공개,http://www.asiae.co.kr/news/view.htm?idxno=2009101609454349076
224,"한국도요타 사장 ""한국에 없는 신모델로 경쟁할 것""",http://www.hankyung.com/news/app/newsview.php?aid=201305231631g
225,"한국도요타, 인천에 도요타 브랜드 전시장 오픈",http://www.edaily.co.kr/news/newspath.asp?newsid=01249686602807936
226,도요타 인천에 17번째 전시장,http://www.fnnews.com/view?ra=Sent0601m_01A&corp=fnnews&arcid=201305110100110310006022&cDateYear=2013&cDateMonth=05&cDateDay=10&
227,"""도요타 통 큰 할인"" 5월 캠리 하이브리드 등 300만원 할인",http://www.asiae.co.kr/news/view.htm?idxno=2013050609314373616
228,"도요타, 대전에 판매점 오픈...중부권 공략 강화",http://www.etnews.com/news/home_mobile/automobile/2732864_1485.html
229,"도요타 프리우스, 美서 10년 연속 '최고의 친환경차' 선정",http://www.edaily.co.kr/news/newspath.asp?newsid=01843366602715112
230,"도요타 프리우스, 美서 10년 연속 '최고의 친환경차' 선정",http://www.edaily.co.kr/news/newspath.asp?newsid=01843366602715112
231,"[자동차 소식마당] 도요타, 韓·獨·日 전국 비교 시승 실시",http://www.hankyung.com/news/app/newsview.php?aid=2013022521831
232,도요타 “그랜저·골프보다 우리 車가… 직접 타봐!”,http://economy.donga.com/dongAuto/3/0111/20130222/53218474/2
233,"연비 망신 현대, 도요타 전철 밟나?",http://www.yonhapmidas.com/issue/hotnews/2012-12/121205182023_649134
234,"<게시판> 도요타, 독일 24시간 내구 레이스 출전",https://news.naver.com/main/read.naver?mode=LSD&mid=sec&sid1=101&oid=001&aid=0006695523
235,"""기아차 K5 좋아한다"" 도요타 벤자 디자인한 한국디자이너",http://www.asiae.co.kr/news/view.htm?idxno=2012110316065103377
236,"도요타 디자이너 ""도요타, 현대·기아차 벤치마킹해""",http://biz.chosun.com/site/data/html_dir/2012/11/01/2012110101620.html
237,"한국토요타, 광주에 도요타 브랜드 론칭",http://www.asiae.co.kr/news/view.htm?idxno=2012092009114297820
238,효성 '도요타 광주' 오픈,http://www.hankyung.com/news/app/newsview.php?aid=2012092046761
239,"MK, 위기돌파 공격경영 재가동… 도요타 아키오 사장과 정면승부",http://www.munhwa.com/news/view.html?no=2012082101031724193002
240,"""기아차 K5 좋아한다"" 도요타 벤자 디자인한 한국디자이너",http://www.asiae.co.kr/news/view.htm?idxno=2012110316065103377
241,"도요타 디자이너 ""도요타, 현대·기아차 벤치마킹해""",http://biz.chosun.com/site/data/html_dir/2012/11/01/2012110101620.html
242,"한국토요타, 광주에 도요타 브랜드 론칭",http://www.asiae.co.kr/news/view.htm?idxno=2012092009114297820
243,효성 '도요타 광주' 오픈,http://www.hankyung.com/news/app/newsview.php?aid=2012092046761
244,"MK, 위기돌파 공격경영 재가동… 도요타 아키오 사장과 정면승부",http://www.munhwa.com/news/view.html?no=2012082101031724193002
245,‘도요타 대구’ 전시장 오픈,http://www.yeongnam.com/mnews/newsview.do?mode=newsView&newskey=20120801.010130733120001
246,"도요타 아키오 ""中 하이브리드 시장 선도 자신있다""",http://www.asiae.co.kr/news/view.htm?idxno=2012042313243821076
247,"도요타, 제네바 모터쇼서 차세대 '풀 하이브리드' 공개",http://www.asiae.co.kr/news/view.htm?idxno=2012022809255585144
248,도요타 1월 생산·판매 모두 증가..'하이브리드·신차 효과',http://news.etomato.com/pagelog/popup_log.asp?newsseq=228792
249,"도요타, 신차 파격 할인 앞세워 한국 공략",http://www.khan.co.kr/kh_news/art_view.html?artid=201202212134425&code=920508
250,"""올 도요타·렉서스 브랜드 2만대 판매""",http://www.fnnews.com/view?ra=Sent0601m_01A&corp=fnnews&arcid=201202220100186720009691&cDateYear=2012&cDateMonth=02&cDateDay=21&
251,"`하이브리드의 사무라이` 도요타, 칼 제대로 뽑다",http://news.mk.co.kr/news_forward.php?domain=news&no=116893&year=2012
252,"한국도요타 ""올해 2만700대 판매 목표""",http://news.etomato.com/pagelog/popup_log.asp?newsseq=227292
253,"도요타 프리우스, 10년 연속 '최고의 친환경차' 선정",http://www.segye.com/Articles/NEWS/ECONOMY/Article.asp?aid=20130228021292&subctg1=&subctg2=&OutUrl=naver
254,‘86’ 부활시킨 토요타 “정숙한 차만 만든 것 반성”,http://www.hani.co.kr/arti/economy/economy_general/538203.html
255,"[시승기] '이니셜D'의 그 차, AE86 후속작 '86' 타보니",http://biz.chosun.com/site/data/html_dir/2012/06/18/2012061800270.html
256,"토요타 86·수퍼카 LFA, 獨 레이스서 클래스 우승",http://www.asiae.co.kr/news/view.htm?idxno=2012053013011977372
257,"만화에서 유래한 스포츠카 '86', 英 '올해의 차'에 선정",http://biz.chosun.com/site/data/html_dir/2012/05/21/2012052101662.html
258,"일본 만화속 고성능차, 韓서 '격돌'…""370Z·86·란에보""",http://biz.chosun.com/site/data/html_dir/2012/05/18/2012051800065.html
259,"[포토]만화에 등장한 ‘AE-86’, 신형 86과 나란히 전시",http://www.segye.com/Articles/Car/MotorShow/Article.asp?aid=20120508021441&subctg1=&subctg2=
260,"만화에서 유래한 스포츠카 '86', 英 '올해의 차'에 선정",http://biz.chosun.com/site/data/html_dir/2012/05/21/2012052101662.html
261,"일본 만화속 고성능차, 韓서 '격돌'…""370Z·86·란에보""",http://biz.chosun.com/site/data/html_dir/2012/05/18/2012051800065.html
262,"[포토]만화에 등장한 ‘AE-86’, 신형 86과 나란히 전시",http://www.segye.com/Articles/Car/MotorShow/Article.asp?aid=20120508021441&subctg1=&subctg2=
263,美가격대비가치 평가에서 도요타 '5관왕',https://news.naver.com/main/read.naver?mode=LSD&mid=sec&sid1=103&oid=001&aid=0006757375
264,첫눈에 반한 신형 스포츠카 `86` 드디어…,http://www.dt.co.kr/contents.html?article_no=2012020502019932718005
265,"도요타, 덴소와 ‘자동차×앱’ 제휴 플랫폼 공동 개발",http://www.asiae.co.kr/news/view.htm?idxno=2012091110085362438
266,"도요타, 후쿠오카에 엔진공장 신설",https://news.naver.com/main/read.naver?mode=LSD&mid=sec&sid1=101&oid=018&aid=0000215594
267,"도요타, 댄싱 위드 더 스타 공식 후원",http://view.heraldm.com/view.php?ud=20120627001029
268,"[포토]‘핸즈 2015’ 86전 챔피언 김병찬 ""저 우승했어요""",http://www.edaily.co.kr/news/newspath.asp?newsid=01990966609600488
269,[포토] 미소가 아름다운 도요타 모델,http://www.edaily.co.kr/news/newspath.asp?newsid=01128326602874520
270,[도쿄증시-초반] 도요타 주도로 상승..↑0.7%,https://news.naver.com/main/read.naver?mode=LSD&mid=sec&sid1=101&oid=013&aid=0000132937
271,"도요타 ‘대구’ 입성, 지방 고객 접점 확대",http://view.heraldm.com/view.php?ud=20120711000272
272,"'토요타 86', 英 '올해의 차' 선정",http://www.asiae.co.kr/news/view.htm?idxno=2012051817454215520
273,"‘이니셜 D’ 스포츠카 ‘토요타86’, 부산 모터쇼서 첫 공개",http://biz.heraldm.com/common/redirect.jsp?category_id=010107041300&news_id=20120510000649
274,"토요타코리아, 스포츠카 토요타86 공개",http://news1.kr/photos/150422
275,"한국토요타, 고객 대상 'GR 레이싱 클래스' 개최",https://www.ajunews.com/view/20220425101109494
276,코로나19가 바꾼 인기 직장…조미료 회사가 소니·도요타 꺾고 1위,https://magazine.hankyung.com/business/article/202104137420b
277,"""도요타·소니보다 낫다""…日 최고 인기 직장은 어디? [정영효의 인사이드 재팬]",https://www.hankyung.com/international/article/202104186982i
278,"도요타, 코로나19에서의 약진 이유",http://news.kotra.or.kr/user/extra/kotranews/bbs/linkView/jsp/Page.do?dataIdx=187658
279,"한국토요타, 10년 만에 스포츠카 출시… RAV4 하이브리드도 공개",https://www.donga.com/news/article/all/20220315/112341494/2
280,[경제 in] '기회의 땅'인 줄 알았는데…中진출 대기업들의 고충,http://www.wikileaks-kr.org/news/articleView.html?idxno=125316
281,"[단독] 인도네시아, 차량 연료펌프 리콜 현대 팰리세이드까지 '쓰나미'",http://www.g-enews.com/ko-kr/news/article/news_all/202112311031378362bb03d9507_1/article.html
282,‘올해의 차’ 상 휩쓴 전기차 스타트업 리비안·루시드,https://biz.chosun.com/industry/car/2021/12/14/OYTYBNUTEFGADLDFD3HDAR5MGU/?utm_source=naver&utm_medium=original&utm_campaign=biz
283,"“포르쉐·맥라렌 어깨 나란히”…현대차 i20 N, 英탑기어 스피드위크 `챔피언`",http://www.dt.co.kr/contents.html?article_no=2021111202109932064001&ref=naver
284,"현대기아차, 안방 점유율 86% ‘최상’…美·中 판매량 ‘최악’",http://www.viva100.com/main/view.php?key=20201210010002633
285,"'폭풍질주' 테슬라 시총, 도요타·GM·폭스바겐 합친것 제쳐",http://news.mt.co.kr/mtview.php?no=2020112510115839475
286,스바루 연료 펌프 불량 16만5000여대 리콜,http://www.koreadaily.com/news/read.asp?art_id=9604413
287,"'발신제한' 김창주 감독, 액셀러레이터를 전속력으로 밟는 느낌으로",http://www.cine21.com/news/view/?mag_id=98054&utm_source=naver&utm_medium=news
288,車값 자고나면 올리더니… 테슬라 순이익 658% 증가,https://www.chosun.com/economy/auto/2022/04/22/32BOPLTMVBFOLCLVNRS754ZEFE/?utm_source=naver&utm_medium=referral&utm_campaign=naver-news
289,'추락천사' 구제한다더니…애플·도요타 채권 사들인 연준,http://www.edaily.co.kr/news/newspath.asp?newsid=04090166625806968
290,제네시스 G70 쿠페 나올까? 해외 디자이너 렌더링,http://www.thedrive.co.kr/news/newsview.php?ncode=1065571991377903
291,日 스포츠카 속속 출시…자동차 외면하는 젊은층 공략한다,http://app.yonhapnews.co.kr/YNA/Basic/SNS/r.aspx?c=AKR20160727081100009&did=1195m
292,[올댓카] 알고 보면 재미있는 엔진 속사정,http://ilyo.co.kr/?ac=article_view&entry_id=206442
293,"(종합) '2020 태백시장배 넥센스피드레이싱', 철저한 방역 조치로 더블라운드(3&4) 성료",http://www.bizwnews.com/news/articleView.html?idxno=21484
294,"""넥센스피드레이싱 3전 주인공 탄생""…KSR-GT 결승 라온레이싱 '김성훈 우승', 장우혁·송형진 2·3위",http://www.bizwnews.com/news/articleView.html?idxno=21458
295,"도요타, 도쿄모터쇼서 꿈의 스포츠카 ‘86(하치로쿠)’ 선보여.",http://www.fnnews.com/view?ra=Sent0601m_01A&corp=fnnews&arcid=111128135816&cDateYear=2011&cDateMonth=11&cDateDay=28&
296,"한국토요타, '핸즈 모터스포츠 페스티벌' 후원 계약",http://view.asiae.co.kr/news/view.htm?idxno=2014122309005020393
297,日 도요타 스포츠카 13년 만에 부활…'86' 전격 출시,http://www.hankyung.com/news/app/newsview.php?aid=201204069948g
298,"[Close Up]“잊지마, 네가 이길 상대는 너라는 걸” 日만화 ‘이니셜D’ 완결",http://news.donga.com/3/all/20130806/56859663/1
299,"도요타, 후륜구동 스포츠카 86 일본서 출시",http://www.fnnews.com/view?ra=Sent0601m_01A&corp=fnnews&arcid=201202030100032430001227&cDateYear=2012&cDateMonth=02&cDateDay=03&
300,"2020 넥센스피드레이싱 KSR-GT 3라운드 결승, 라온레이싱 김성훈 우승",http://kr.aving.net/news/view.php?articleId=1587229&Branch_ID=kr&rssid=naver&mn_name=news
301,"도요타, 도쿄모터쇼서 꿈의 스포츠카 ‘86(하치로쿠)’ 선보여.",http://www.fnnews.com/view?ra=Sent0601m_01A&corp=fnnews&arcid=111128135816&cDateYear=2011&cDateMonth=11&cDateDay=28&
302,"한국토요타, '핸즈 모터스포츠 페스티벌' 후원 계약",http://view.asiae.co.kr/news/view.htm?idxno=2014122309005020393
303,日 도요타 스포츠카 13년 만에 부활…'86' 전격 출시,http://www.hankyung.com/news/app/newsview.php?aid=201204069948g
304,"[Close Up]“잊지마, 네가 이길 상대는 너라는 걸” 日만화 ‘이니셜D’ 완결",http://news.donga.com/3/all/20130806/56859663/1
305,"도요타, 후륜구동 스포츠카 86 일본서 출시",http://www.fnnews.com/view?ra=Sent0601m_01A&corp=fnnews&arcid=201202030100032430001227&cDateYear=2012&cDateMonth=02&cDateDay=03&
306,"토요타, 일본 불매 여파 극복 대안? 사고 나면 신차로 교환",http://www.globaledunews.co.kr/view.php?ud=20200805133946935288c3409001_29
307,"아키오 토요타 사장, 직접 '지옥의 코스' 달리는 이유",http://www.mt.co.kr/view/mtview.php?type=1&no=2013050314201077649&outlink=1
308,사진으로 보는 ‘제네바 모터쇼’ 생생 현장,http://www.fnnews.com/view?ra=Sent0601m_01A&corp=fnnews&arcid=201303060100055310002768&cDateYear=2013&cDateMonth=03&cDateDay=07&
309,<김대연 기자의 시승기> 착한 몸값 강력한 폭발력…밟는대로 나가는 ‘질주마’,http://view.heraldcorp.com/view.php?ud=20121015000752
310,자동차 본고장 독일서 한일전…현대기아차 `2% 아쉬운 승리`,http://news.mk.co.kr/news_forward.php?domain=news&no=652648&year=2012
311,[시승기] 이니셜D의 그 차 도심에서 타보니,http://biz.chosun.com/site/data/html_dir/2012/09/23/2012092300691.html
312,국내 스포츠카 대중화 바람 분다,http://www.fnnews.com/view?ra=Sent0601m_01A&corp=fnnews&arcid=201208060100048760002708&cDateYear=2012&cDateMonth=08&cDateDay=06&
313,"""댄싱스타2 우승 '최여진' 받은 스포츠카가""",http://www.asiae.co.kr/news/view.htm?idxno=2012080609195673550
314,운전 재밌는 차… 한국서 놀라운 일 터졌다,https://news.naver.com/main/read.naver?mode=LSD&mid=sec&sid1=103&oid=011&aid=0002249962
315,"""기대 안했던 '스포츠카' 설마 이럴 줄은…""",http://www.asiae.co.kr/news/view.htm?idxno=2012062711175084290
316,‘마의 10%’ 벽 돌파 눈앞 … 수입차가 달려온다,http://www.khan.co.kr/kh_news/art_view.html?artid=201206252003005&code=920508
317,스포츠카 대중 속으로 ‘성큼’,http://www.segye.com/Articles/Car/NewCar/Article.asp?aid=20120625022295&subctg1=&subctg2=
318,"스포츠카의 새교과서 ""정말 딱 좋아""",http://www.etnews.com/news/home_mobile/automobile/2603859_1485.html
319,"""비쌀 줄 알았던 '스포츠카' 진짜 이 가격?""",http://www.asiae.co.kr/news/view.htm?idxno=2012061910264103472
320,"한국토요타 ""만화속 전설의 드리프트 머신이 현실로""",http://www.etoday.co.kr/news/section/newsview.php?TM=news&SM=2302&idxno=591202
321,6월 출시되는 신차 살펴보니…짜릿한 매력에 ‘두근두근’,http://mbn.mk.co.kr/pages/news/newsView.php?news_seq_no=1198403
322,"[부산모터쇼]여기자가 본 최고 레이싱 모델은 … ""이 차가 가장 돋보여야 하는데···""",http://www.hankyung.com/news/app/newsview.php?aid=201205245364g
323,차원이 다른 강력한 '스포츠카' 뜬다,https://news.naver.com/main/read.naver?mode=LSD&mid=sec&sid1=101&oid=011&aid=0002238112
324,올 여름 '스포츠카' or '오픈카' 타볼까,http://www.hankyung.com/news/app/newsview.php?aid=201204292883g
325,한대만 팔아도 남는다'…수입車 업계 '수퍼카 대전',http://biz.chosun.com/site/data/html_dir/2012/03/19/2012031901387.html
326,'제로백 6초' 2천만원대 스포츠카 한국에 온다면..,http://www.ajnews.co.kr/common/redirect.jsp?newsId=20120206000302
327,젊은이들을 위해 부활한 토요타와 스바루의 후륜구동 스포츠카,http://www.etnews.com/201112010126
328,기아차 씨드 5도어 공개..미리보는 제네바 모터쇼,http://www.fnnews.com/view?ra=Sent0601m_01A&corp=fnnews&arcid=201303010100008660000076&cDateYear=2013&cDateMonth=03&cDateDay=01&
329,국내 출시 스포츠카 '대해부'…“젠쿱에서 람보르기니까지,http://biz.chosun.com/site/data/html_dir/2012/09/28/2012092800788.html
330,[브랜드이야기] 4륜구동의 안전한 차 ‘스바루’ ②,http://www.fnnews.com/view?ra=Sent0601m_01A&corp=fnnews&arcid=110511192615&cDateYear=2011&cDateMonth=05&cDateDay=11&
331,"[부산모터쇼] 800만원 내린 벤츠, 600만원 내린 폭스바겐…수입차 ""국산차 덤벼!""",http://www.hankyung.com/news/app/newsview.php?aid=201205244850g
332,[카라이프]고객에게 말 걸기...수입차 시승 '봇물',http://www.asiae.co.kr/news/view.htm?idxno=2012052209160690008
333,부산 해운대 바닷가 `신차들의 향연 열린다`,http://www.edaily.co.kr/news/newspath.asp?newsid=01088966599530232
334,車업계는 지금 '속도전쟁',http://www.asiae.co.kr/news/view.htm?idxno=2012050109574135158
335,대중車 브랜드가 만든 ‘스포츠카’ 출시 봇물...왜?,http://biz.heraldm.com/common/redirect.jsp?category_id=010107041300&news_id=20120319000201
336,‘이전에 없었던’ 전기차의 축제,http://www.heraldbiz.com/SITE/data/html_dir/2009/10/13/200910130270.asp
337,"""동네잔치 '도쿄모터쇼', 그래도 볼 건 보자!""",http://www.asiae.co.kr/news/view.htm?idxno=2009101007300280069
338,"도요타 핸들링 머신, 후륜 스포츠카 ‘86’ 공개",http://sports.chosun.com/news/ntype.htm?id=201111290100195240016970&servicedate=20111128
339,(현대차 레벨업)⑤주가도 비상한다,https://news.naver.com/main/read.naver?mode=LSD&mid=sec&sid1=101&oid=018&aid=0000301932
340,"도요타 핸들링 머신, 후륜 스포츠카 ‘86’ 공개",http://osen.mt.co.kr/article/G1109324930
341,(현대차 레벨업)⑤주가도 비상한다,https://news.naver.com/main/read.naver?mode=LSD&mid=sec&sid1=101&oid=018&aid=0000301932
342,"도요타, 소형 후륜구동 스포츠가 ‘86’ 日 출시",http://biz.heraldm.com/common/redirect.jsp?category_id=010107041300&news_id=20120203000732
343,일본 할퀸 ‘하이선’… 86명 사상·4명 실종,http://www.segye.com/content/html/2020/09/07/20200907520382.html?OutUrl=naver
344,기아 스팅어 단종을 외신이 반대하는 5가지 이유,http://www.thedrive.co.kr/news/newsview.php?ncode=1065596734286793
345,車마다 주유구 방향이 다른 이유는?,http://www.thedrive.co.kr/news/newsview.php?ncode=1065575692481619
346,"[2019 서울모터쇼]한국토요타, ‘신형 RAV4’ 국내 최초 공개",http://news.donga.com/3/all/20190326/94734194/2
347,영화 '뺑반' 규모감 있고 드라마틱한 카 액션 '시선압도',http://www.joygm.com/news/articleView.html?idxno=63718
348,[글로벌-Biz 24] 호주에서 일본식 자동차 번호판이 인기라고?,http://www.g-enews.com/ko-kr/news/article/news_all/201908191608419337c5557f8da8_1/article.html
349,"[인터뷰] 화제의 레이싱 천재 소녀, 여덟살 '마쨩'을 만나다",http://www.inven.co.kr/webzine/news/?news=218626
350,[글로벌-Biz 24] 호주에서 일본식 자동차 번호판이 인기라고?,http://www.g-enews.com/ko-kr/news/article/news_all/201908191608419337c5557f8da8_1/article.html
351,"[인터뷰] 화제의 레이싱 천재 소녀, 여덟살 '마쨩'을 만나다",http://www.inven.co.kr/webzine/news/?news=218626
352,"현대차 벨로스터N, 20~30대 젊은층에서 가장 인기 높아",http://daily.hankooki.com/lpage/industry/201902/dh20190217161629147980.htm
353,"[글로벌-Biz 24] 현대 제네시스·기아·현대, 품질조사서 1~3위 '쾌거'",http://www.g-enews.com/ko-kr/news/article/news_all/201906200709064034b5d048c6f3_1/article.html
354,"김재우, 엑스타 슈퍼챌린지 3R 슈퍼300 클래스 우승",http://app.yonhapnews.co.kr/YNA/Basic/SNS/r.aspx?c=AKR20180708054700007&did=1195m
355,"[big story] 성공한 리더의 옷장, 전략이 보인다",http://magazine.hankyung.com/money/apps/news?popup=0&nid=02&c1=2001&nkey=2018110500162099812&mode=sub_view
356,[주간 리뷰] 임금상승 10년래 최대,http://www.koreadaily.com/news/read.asp?art_id=6703813
357,[씬과함께] 9. 뺑반,http://www.incheonilbo.com/news/articleView.html?idxno=945168
358,"현대차 넥쏘 글로벌 판매, 도요타 미라이 첫 추월",https://view.asiae.co.kr/article/2019090211055184567
359,"""풀 스피드로 무더위 날린다""...7월 모터스포츠 이벤트 풍성",http://www.dailysportshankook.co.kr/news/articleView.html?idxno=193859
360,㈜ ASA 2018 오토위크 참가 레이싱모델 서진아 김하음 모델로 참여,http://www.hg-times.com/news/articleView.html?idxno=193146
361,"수입차 오너, 벤츠·BMW 대신 ‘벨로스터 N’ 사는 이유는?",http://news.mk.co.kr/newsRead.php?year=2019&no=96168
362,"[개봉예정영화] 30일 동시 개봉, 경찰 내 특수조직 뺑소니 전담반 '뺑반'·시리즈의 피날레 '드래곤 길들이기 3'",http://www.starseoultv.com/news/articleView.html?idxno=517940
363,"스톨츠, 호주 대형 車 부품 유통사와 총판 계약 체결",http://autotimes.hankyung.com/apps/news.sub_view?popup=0&nid=05&c1=05&c2=05&c3=00&nkey=201806181308091
364,"[글로벌-Biz 24] 도요타, 스포츠카 강화…수프라 선봬",http://www.g-enews.com/ko-kr/news/article/news_all/20190521023331623550cb531085_1/article.html
365,日 상장사 사내유보금 2천600조원…6개월새 80조원↑,http://app.yonhapnews.co.kr/YNA/Basic/SNS/r.aspx?c=AKR20171127102200009&did=1195m
366,[비즈 프리즘] ‘누적 11만3242명’…한국 모터스포츠 대중성 확인,http://sports.donga.com/3/all/20181114/92876019/3
367,까칠한 미국기자들의 '벨로스터 N' 평가는 어땠을까,http://www.gpkorea.com/news/articleView.html?idxno=45335
368,컨슈머리포트 만족도 조사 기아차 니로 1위...현대차는 신뢰점수 하락,http://www.kookje.co.kr/news2011/asp/newsbody.asp?code=0200&key=20171021.99099006441
369,니로 美소비자들이 뽑은 가장 신뢰할 만한 車에 선정,http://news.heraldcorp.com/view.php?ud=20171020000023
370,"벨로스터 N, 국산 고성능 '펀 카' 돌풍 일으켜",http://www.newsworks.co.kr/news/articleView.html?idxno=336801
371,"[개봉예정영화] 30일 동시 개봉, 경찰 내 특수조직 뺑소니 전담반 '뺑반'·시리즈의 피날레 '드래곤 길들이기 3'",http://www.starseoultv.com/news/articleView.html?idxno=517940
372,"스톨츠, 호주 대형 車 부품 유통사와 총판 계약 체결",http://autotimes.hankyung.com/apps/news.sub_view?popup=0&nid=05&c1=05&c2=05&c3=00&nkey=201806181308091
373,"[글로벌-Biz 24] 도요타, 스포츠카 강화…수프라 선봬",http://www.g-enews.com/ko-kr/news/article/news_all/20190521023331623550cb531085_1/article.html
374,日 상장사 사내유보금 2천600조원…6개월새 80조원↑,http://app.yonhapnews.co.kr/YNA/Basic/SNS/r.aspx?c=AKR20171127102200009&did=1195m
375,[비즈 프리즘] ‘누적 11만3242명’…한국 모터스포츠 대중성 확인,http://sports.donga.com/3/all/20181114/92876019/3
376,까칠한 미국기자들의 '벨로스터 N' 평가는 어땠을까,http://www.gpkorea.com/news/articleView.html?idxno=45335
377,컨슈머리포트 만족도 조사 기아차 니로 1위...현대차는 신뢰점수 하락,http://www.kookje.co.kr/news2011/asp/newsbody.asp?code=0200&key=20171021.99099006441
378,니로 美소비자들이 뽑은 가장 신뢰할 만한 車에 선정,http://news.heraldcorp.com/view.php?ud=20171020000023
379,"기아차 니로, 美컨슈머리포트 車 소비자 신뢰도 1위 올라",http://app.yonhapnews.co.kr/YNA/Basic/SNS/r.aspx?c=AKR20171020084500009&did=1195m
380,[비즈 프리즘] ‘누적 11만3242명’…한국 모터스포츠 대중성 확인,http://sports.donga.com/3/all/20181114/92876019/3
381,까칠한 미국기자들의 '벨로스터 N' 평가는 어땠을까,http://www.gpkorea.com/news/articleView.html?idxno=45335
382,컨슈머리포트 만족도 조사 기아차 니로 1위...현대차는 신뢰점수 하락,http://www.kookje.co.kr/news2011/asp/newsbody.asp?code=0200&key=20171021.99099006441
383,니로 美소비자들이 뽑은 가장 신뢰할 만한 車에 선정,http://news.heraldcorp.com/view.php?ud=20171020000023
384,"기아차 니로, 美컨슈머리포트 車 소비자 신뢰도 1위 올라",http://app.yonhapnews.co.kr/YNA/Basic/SNS/r.aspx?c=AKR20171020084500009&did=1195m
385,닛산 이어 스바루까지 품질조작 '들통',http://www.sedaily.com/NewsView/1OMGTUPB40
386,"車휠 생산업체 ASA, 중국 공략",http://news.mk.co.kr/newsRead.php?year=2018&no=164275
387,"ASA, 알루미늄휠 KC 안전 인증 최초 획득",http://www.newsprime.co.kr/news/article.html?no=409168
388,자동차 판매업소들 ‘대대적 막판세일’봇물,http://www.koreatimes.com/article/1079360
389,"신일본제철, 도요타와 강판價 인상합의…韓철강 협상에 영향 끼치나",http://www.inews24.com/view/1211333
390,"광주 소재 ㈜ASA, 전국 최초 ‘알루미늄휠’ KC 안전 인증 획득",http://www.seoul.co.kr/news/newsView.php?id=20180309500056&wlog_tag3=naver
391,자동차 판매업소들 ‘대대적 막판세일’봇물,http://www.koreatimes.com/article/1079360
392,"""믿고 타는 니로""…미국인이 뽑은 1위",http://news.hankyung.com/article/2017102061871
393,"신일본제철, 도요타와 강판價 인상합의…韓철강 협상에 영향 끼치나",http://www.inews24.com/view/1211333
394,사이언 브랜드 지난 25일로 공식 종식,http://www.koreadaily.com/news/read.asp?art_id=4719887
395,[올댓카] '박서엔진의 유혹' 원투 펀치 매력에 빠져 볼까,http://ilyo.co.kr/?ac=article_view&entry_id=211899
396,토요타와 BMW의 컬래버레이션..자동차 기업들 기술 협력으로 고성능 스포츠카 개발,http://pub.chosun.com/client/news/viw.asp?cate=C03&mcate=M1005&nNewsNumb=20161122184&nidx=22185
397,"현대·기아차, 美고객 신뢰도 올 들어 소폭 상승",http://www.edaily.co.kr/news/newspath.asp?newsid=03030726612816528
398,국내 車경주대회 ‘핸즈 2015’ 3차전 성황리 마쳐,http://www.edaily.co.kr/news/newspath.asp?newsid=01843366609406968
399,개성만점 디자인에 짜릿한 속도감… 고성능 수입 스포츠카 쾌속질주,https://news.naver.com/main/read.naver?mode=LSD&mid=sec&sid1=101&oid=011&aid=0002690722
400,車경주대회 ‘핸즈 2015’ 최종전 성황리 마쳐,http://www.edaily.co.kr/news/newspath.asp?newsid=01479286609564408
401,"[오토 오피니언] 프리미엄차와 대중차, 브랜드 이미지 신경전",http://www.hankyung.com/news/app/newsview.php?aid=2016083015181
402,쏟아지는 2017년형 모델…소비자는 즐겁다,http://www.koreadaily.com/news/read.asp?art_id=4550996
403,"日 상장사 사내유보금 2600조원 육박, 사상 최대",http://www.etnews.com/20171127000353
404,"""한·중 모터스포츠 '팬심' 잡아라""",http://www.hankyung.com/news/app/newsview.php?aid=2016040627931
405,'핸즈' 아마추어 車경주대회 첫 경기 성황리 마쳐,http://www.edaily.co.kr/news/newspath.asp?newsid=04188566609308896
406,"[슈퍼리치]도쿄모터쇼, 미래형 럭셔리카 총집결",http://biz.heraldcorp.com/view.php?ud=20151102000006
407,'핸즈' 아마추어 車경주대회 28일 인제서 개막전,http://www.edaily.co.kr/news/newspath.asp?newsid=01886006609299384
408,[車엿보기]'스바루부터 포르쉐까지..' 박서 엔진의 추억,http://www.edaily.co.kr/news/newspath.asp?newsid=01105366605991504
409,"자동차의 방향을 결정하는 스티어링 휠의 모든 것 | 요즘 차들의 스티어링 휠 지름이 줄어들고, 밑면이 납작하게 잘린 이유는?",http://monthly.chosun.com/client/news/viw.asp?ctcd=B&nNewsNumb=201709100049
410,일본프로농구 NBL 개막전 현장을 가다!,https://sports.news.naver.com/news.nhn?oid=065&aid=0000071977
411,"핸즈 모터페스티벌, 포드 포커스 원메이크 신설한다",http://www.ajunews.com/view/20151218140907247
412,현대차 'PYL 라인업' 혁신 스타트,http://www.sedaily.com/NewsView/1OIF7ESLR9
413,일본차 할인 공격에 현대차 맞불,http://www.fnnews.com/view?ra=Sent0601m_01A&corp=fnnews&arcid=201306100100076270004258&cDateYear=2013&cDateMonth=06&cDateDay=09&
414,"한국토요타, 스포츠카의 미래 FT-1",http://news.mk.co.kr/news_forward.php?domain=news&no=306358&year=2015
415,국내 車경주대회 ‘핸즈 2015’ 5차전 성황리 마쳐,http://www.edaily.co.kr/news/newspath.asp?newsid=03211126609532592
416,"콜라보레이션, 패션계에 부는 시너지 효과",http://bntnews.hankyung.com/apps/news?popup=0&nid=02&c1=02&c2=02&c3=00&nkey=201304261013283&mode=sub_view
417,아마추어 車경주대회 '핸즈 2015' 3차전 27~28일 인제 개최,http://www.edaily.co.kr/news/newspath.asp?newsid=02341926609404016
418,"한국토요타, 서울모터쇼 기간 계약 시 할인",https://news.naver.com/main/read.naver?mode=LSD&mid=sec&sid1=101&oid=011&aid=0002317905
419,"전자화폐 '이더리움' 가격 급상승, 왜 그런가 했더니",http://www.ohmynews.com/NWS_Web/View/at_pg.aspx?CNTN_CD=A0002332925
420,<2013 제네바 모터쇼>글로벌 車 업체들 유럽 한복판에 모였다,http://www.ajunews.com/common/redirect.jsp?newsId=20130305000181
421,"[김세형 칼럼] 가상화폐, 대박의 꿈 확률은",http://premium.mk.co.kr/view.php?no=18967
422,"신형 캠리 하이브리드, 미국서 ‘가장 가치있는 신차’ 종합 1위",http://sports.hankooki.com/lpage/economy/201412/sp20141223153821136990.htm
423,"벤자 디자이너 이정우, ""기아 'K5' 디자인에 반했다""",http://www.hankyung.com/news/app/newsview.php?aid=201211026830g
424,‘핸즈 모터스포츠 페스티벌 2015’ 시즌 결산 시상식 열어,http://www.edaily.co.kr/news/newspath.asp?newsid=04260726609599504
425,"유럽산 수입차와 겨루는 일본차, 도쿄모터쇼 볼거리는?",http://www.segye.com/content/html/2013/11/21/20131121002926.html?OutUrl=naver
426,"한국토요타, 대구전시장 공식오픈…1호차 전달식도 개최",http://www.etoday.co.kr/news/section/newsview.php?TM=news&SM=2302&idxno=615170
427,수동변속기 '화려한 귀환'…기름값·급발진 걱정 덜고 운전하는 '손맛'까지,http://www.hankyung.com/news/app/newsview.php?aid=2012070549181
428,2012부산국제모터쇼 이 차를 주목하라,http://www.ilyosisa.co.kr/news/article.html?no=18988
429,"하반기 국내 車시장 달굴 신차, 부산모터쇼 데뷔",http://www.edaily.co.kr/news/newspath.asp?newsid=02561686599532200
430,수동변속기 '화려한 귀환'…기름값·급발진 걱정 덜고 운전하는 '손맛'까지,http://www.hankyung.com/news/app/newsview.php?aid=2012070549181
431,2012부산국제모터쇼 이 차를 주목하라,http://www.ilyosisa.co.kr/news/article.html?no=18988
432,"하반기 국내 車시장 달굴 신차, 부산모터쇼 데뷔",http://www.edaily.co.kr/news/newspath.asp?newsid=02561686599532200
433,車경주대회 ‘핸즈 2015’ 5차전 10~11일 개최.. 연정훈 참전,http://www.edaily.co.kr/news/newspath.asp?newsid=01600646609529640
434,"""잘 나가는 'BMW' 차 가격이 왜 갑자기…""",http://www.asiae.co.kr/news/view.htm?idxno=2012030108095094998
435,올드카를 타는 젊은 남자들,http://www.gqkorea.co.kr/?p=76645&_C_=18
436,"이종 기업간 상생전략, 큰 효과",http://www.ajnews.co.kr/common/redirect.jsp?newsId=20120730000436
437,車경주대회 ‘핸즈 2016’ 영암서 개막전 성황리 열려,http://www.edaily.co.kr/news/newspath.asp?newsid=04145926612617760
438,"현대차, 벨로스터 ‘요괴’에서 ‘도깨비’로 환골탈태?",http://www.hankookilbo.com/v/7f147b6239dd414a8f1e6cc01a107e08
439,"서울모터쇼서 첫 선 콘셉트카 미리보니···""바람 가를듯""",http://www.hankyung.com/news/app/newsview.php?aid=201103291843g
440,[단신] 슈퍼GT 2013시즌 최종 일정 확정,http://sports.chosun.com/news/ntype.htm?id=201211150100095220007654&servicedate=20121114
441,디트로이트모터쇼 스타는 고성능車,http://news.mk.co.kr/news_forward.php?domain=news&no=71009&year=2014
442,'핸즈' 아마추어 車경주대회 2전 성황리 마쳐,http://www.edaily.co.kr/news/newspath.asp?newsid=01758086609370888
443,400m까지 5초? 로켓 레이싱카,http://techholic.co.kr/archives/47725
444,아반떼 `2도어 쿠페`로 변신?…앗싸,http://www.dt.co.kr/contents.html?article_no=2012052502011132718003
445,BUSINESS - 일본차의 엇갈린 운명,http://magazine.joins.com/forbes/article_view.asp?aid=298951
446,"[서울모터쇼]모터쇼, 꼭 봐야할 차들-①컨셉카의 향연",http://www.newdaily.co.kr/news/article.html?no=74623
447,현대·기아차 신뢰도 역대 최고,http://www.koreadaily.com/news/read.asp?art_id=4711834
448,'도·닛·혼' 일본차 3총사 '실적개선'..재도약 발판 마련,http://sbscnbc.sbs.co.kr/read.jsp?pmArticleId=10000576852
449,상반기 수입차 성적 ”누가 잘했나?”,http://www.newstomato.com/ReadNews.aspx?no=379533
450,車경주대회 ‘핸즈 2015’ 최종전 6~8일 영암 개최,http://www.edaily.co.kr/news/newspath.asp?newsid=03555526609562112
451,"“신차, 구형보다 싸게 팝니다”..수입車 ‘착한 가격’ 파상공세",http://www.fnnews.com/view?ra=Sent0601m_01A&corp=fnnews&arcid=201306140100126570007282&cDateYear=2013&cDateMonth=06&cDateDay=13&
452,日수입차 바겐세일 대공세.. 현대·기아차 방어전략은?,http://www.edaily.co.kr/news/newspath.asp?newsid=01574406602840080
453,[2013 도쿄모터쇼 사진] ③ 일본에서 열린 스포츠카 열전,http://biz.chosun.com/site/data/html_dir/2013/11/21/2013112100435.html
454,'엔저 효과' 日 회계연도 기업 순익 75% 급증 기대,http://www.asiae.co.kr/news/view.htm?idxno=2013042409492042265
455,‘최고’의 차가 되려면 ‘레이싱’서 앞서 달려라,http://www.khan.co.kr/kh_news/art_view.html?artid=201404202119575&code=920508
456,81년생 나연준 “노론 적통 86세대가 나라 말아먹으려 해” 54년생 주대환 “민족주의는 지성 죽이는 독약”,http://shindonga.donga.com/3/all/13/1824124/1
457,"[인터뷰] 렉서스 대구 딜러, BMW 제치고 TK지역 수입차 1위 달성한 비결 알고보니…",http://www.hankyung.com/news/app/newsview.php?aid=201303040313g
458,美 선정 10년 연속 ‘최고의 친환경차’는?,http://view.heraldcorp.com/view.php?ud=20130228000691
459,국내 車경주대회 '핸즈 2015' 4차전 성황리 마쳐,http://www.edaily.co.kr/news/newspath.asp?newsid=03348886609496184
460,"나카바야시 한국토요타 사장, 왜 우세요",http://www.asiae.co.kr/news/view.htm?idxno=2013012211080135483
461,국내 車경주대회 '핸즈 2015' 4차전 29~30일 영암 개최,http://www.edaily.co.kr/news/newspath.asp?newsid=03440726609466992
462,非유럽산차도 '가격파괴' 합류,http://www.asiae.co.kr/news/view.htm?idxno=2013070409351498334
463,<김대연 기자의 시승기> 시야는 SUV · 승차감은 세단…급가속때 6㎞ 연비는 ‘흠’,http://view.heraldcorp.com/view.php?ud=20121119000767
464,CARS - 실루엣의 강자 10선,http://magazine.joinsmsn.com/forbes/article_view.asp?aid=297711
465,"현대 ‘엑셀’, 미국인의 삶 변화시킨 車 5위",http://www.heraldbiz.com/SITE/data/html_dir/2007/06/27/200706270147.asp
466,TOYOTA 신개념 모델 국내 출시...SUV? 세단?,http://www.wowtv.co.kr/newscenter/news/view.asp?bcode=T30001000&artid=A201211010079
467,"제네바서 도요바루 컨셉, 트레지아 컴팩트 왜건 선보여",http://news.mk.co.kr/news_forward.php?no=35282&year=2011
468,'핸즈 모터스포츠 페스티벌 2015' 성황리 마무리,http://sbscnbc.sbs.co.kr/read.jsp?pmArticleId=10000742883
469,[기자블로그] 김광수 기자의 ‘아! 차!’(6),https://news.naver.com/main/read.naver?mode=LSD&mid=sec&sid1=110&oid=011&aid=0002317676
470,[기자블로그] 김광수 기자의 ‘아! 차!’(6),https://news.naver.com/main/read.naver?mode=LSD&mid=sec&sid1=110&oid=011&aid=0002317676
471,"한국토요타, 대구에 매장 개장",http://www.fnnews.com/view?ra=Sent0601m_01A&corp=fnnews&arcid=201207310100272440016923&cDateYear=2012&cDateMonth=07&cDateDay=31&
472,"[CAR]10만 관중 열광… 박력 넘치는 스피드 축제, 車레저 업그레이드",http://news.donga.com/3/all/20150521/71389275/1
473,"렉서스, 미국인이 가장 만족하는 車",http://www.asiae.co.kr/uhtml/read.jsp?idxno=384095§ion=S1N6§ion2=S2N343
474,"수입차, 볼륨모델·틈새모델 '트윈엔진' 작전",http://www.asiae.co.kr/news/view.htm?idxno=2012112810292712293
475,더 싸고 강한 차들이 몰려온다,http://www.yonhapmidas.com/lifeeconomy/car/2013-08/130806211054_863513
476,"수입차, 가격인하 도미노 '속내'는?",http://news.etomato.com/pagelog/popup_log.asp?newsseq=230023
477,"한국토요타 ""유럽차 몰고온다""",http://www.asiae.co.kr/news/view.htm?idxno=2012022210391648856
478,"한국토요타 ""올해 판매 목표 2만700대""",https://news.naver.com/main/read.naver?mode=LSD&mid=sec&sid1=101&oid=001&aid=0005522833
479,브랜드와 브랜드가 만나면? 콜라보레이션 아이템의 시너지효과!,http://www.wowtv.co.kr/newscenter/news/view.asp?bcode=T30001000&artid=A201304250256
480,캠핑하며 즐기는 ‘복합 모터&레저 스포츠 이벤트’,http://uberin.mk.co.kr/read.php?no=309485&year=2016
481,"2014년 형 렉서스 IS, “차라리 혁명이다”",http://news.donga.com/3/all/20120709/47640257/2
482,"현대차, 앨라배마공장 기대감 `봇물`",https://news.naver.com/main/read.naver?mode=LSD&mid=sec&sid1=101&oid=018&aid=0000279146
483,[Car]당신을 설레게 할 화려한 新車,http://news.mk.co.kr/news_forward.php?domain=news&no=416654&year=2012
484,"2016 엑스타 슈퍼챌린지 개막…""내 차 타고 레이싱대회 나간다""",http://www.hankyung.com/news/app/newsview.php?aid=2016040102611
485,컨슈머리포트 “전기차도 프리우스 만큼 효율적이지 않아”,http://economy.donga.com/dongAuto/3/0111/20130228/53364007/2
486,자동차 경주와 레저의 첫 만남…영암이 들썩인다,https://news.naver.com/main/read.naver?mode=LSD&mid=sec&sid1=102&oid=011&aid=0002812324
487,‘F1대회’ 치렀던 영암서 국내 최대 ‘모터&레저스포츠’ 열린다,http://news.donga.com/3/all/20160329/77265341/1
488,"한국토요타 현대 그랜저, 독일 디젤 차량과 비교시승 행사 진행",http://www.dt.co.kr/contents.html?article_no=2013022202019932718002
489,日자동차업계 '향수'(鄕愁)마케팅 시동,http://www.asiae.co.kr/news/view.htm?idxno=2012050108210119842
490,지상 최대 복합 모터&레저스포츠 열린다,http://www.honam.co.kr/read.php3?aid=1458658800489754001
491,"아반떼 쿠페, 기아 트렉스터 한달 뒤 공개!",http://news.mk.co.kr/news_forward.php?domain=news&no=236987&year=2012
492,(북경모터쇼)도요타의 콘셉트카 `FT-86`,http://www.edaily.co.kr/news/newspath.asp?newsid=01180806592939400
493,스바루 BRZ 컨버터블 모델 렌더링,http://news.mk.co.kr/news_forward.php?domain=news&no=786975&year=2011
494,"車경주대회 ‘핸즈 2016’, GT1600클래스 참가선수 모집",http://www.edaily.co.kr/news/newspath.asp?newsid=01968006612522968
495,[CAR]10주년 맞은 ‘2012 서울오토살롱’,http://news.donga.com/3/all/20120718/47851362/1
496,"해외서 '완판車'로 이름날린 스바루 BRZ, 국내는?",http://www.hankyung.com/news/app/newsview.php?aid=201208019558g
497,수입차 시장 '틈새모델' 인기몰이,https://news.naver.com/main/read.naver?mode=LSD&mid=sec&sid1=101&oid=011&aid=0002786161
498,스포츠카 신차 '봇물'…시장개척 본격화,http://mbn.mk.co.kr/pages/news/newsView.php?news_seq_no=1205729
499,[아시아블로그]수입차 구매 쏠림현상..이름값보다 품질 따져라,http://www.asiae.co.kr/news/view.htm?idxno=2012061509420787563
