,title,url
0,도요타·렉서스 46만대 리콜…안전 주행 소프트웨어 불량,https://news.koreadaily.com/2022/04/14/economy/economygeneral/20220414221658699.html
1,한국 판매 1위 도요타·렉서스 미국서 '안전결함' 46만대 리콜,http://www.safetimes.co.kr/news/articleView.html?idxno=110061
2,[김태환의 카닥터] '도요타 벤자',http://www.econovill.com/archives/161791
3,[시승기]도요타의 또 다른 DNA '벤자',http://www.asiae.co.kr/news/view.htm?idxno=2013010512581174385
4,SUV같은 세단 도요타 ‘벤자’ 국내 출시 가격은?,http://www.fnnews.com/view?ra=Sent0601m_01A&corp=fnnews&arcid=201211010100008260000203&cDateYear=2012&cDateMonth=11&cDateDay=01&
5,"한국도요타, SUV·세단의 완벽조화 ‘벤자’ 출시",http://www.newstomato.com/ReadNews.aspx?no=302355
6,도요타 '벤자' 알고보니···디자이너는 한국인,http://www.hankyung.com/news/app/newsview.php?aid=201210307448g
7,"도요타, 미국산 '벤자' 러시아·중국에 수출…""신흥시장 더 팔겠다""",http://www.hankyung.com/news/app/newsview.php?aid=201302278683g
8,"[포토]한국도요타, '벤자' 스타일러에 배우 이기우 선정",http://www.edaily.co.kr/news/newspath.asp?newsid=01662966599761800
9,"[CAR/시승기]도요타 벤자… 아빠품 같은 편안함, 예술이네",http://news.donga.com/3/all/20121212/51529305/1
10,"한국도요타, 첫번째 '벤자 스타일러' UFC파이터 선정",http://www.edaily.co.kr/news/newspath.asp?newsid=01485846599757864
11,[CAR]“25년간 키워 온 꿈의 결실 ‘도요타 벤자’로 보여주겠다”,http://news.donga.com/3/all/20121121/51002357/1
12,"도요타, 미국産 '벤자' 연간 600대 한국 수출",http://www.hankyung.com/news/app/newsview.php?aid=201211150572g
13,도요타의 한국인 디자이너 이정우…`벤자`로 주목,http://news.mk.co.kr/news_forward.php?domain=news&no=724332&year=2012
14,"부드러움·정숙성, 세단 같은 SUV… 도요타 ‘벤자’ 시승기",http://www.khan.co.kr/kh_news/art_view.html?artid=201211042104395&code=920508
15,"[시승기] 도요타'벤자', 세단이야 SUV야?",http://biz.chosun.com/site/data/html_dir/2012/11/04/2012110400682.html
16,"[포토]도요타 '벤자', 세련된 컬러 감각",http://www.edaily.co.kr/news/newspath.asp?newsid=01085686599626336
17,"한국도요타, 86·벤자 출시 공식선언…""올해 국내서 2만대 팔것""",http://biz.chosun.com/site/data/html_dir/2012/02/21/2012022102000.html
18,"도요타 벤자, 미국인 취향에 맞춘 일본CUV, 한국인의 평가는?",http://magazine.hankyung.com/money/apps/news?popup=0&nid=02&c1=2005&nkey=2013012300092070452&mode=sub_view
19,"[시승기]특이한 너, 세단이냐 SUV냐…도요타 ‘벤자 3.5리미티드’",http://economy.donga.com/dongAuto/3/0111/20130125/52581043/2
20,"도요타 '벤자', 편한 승차감에 넓은 공간…세단+SUV의 완벽 조화",http://www.hankyung.com/news/app/newsview.php?aid=2012110285301
21,"도요타 '벤자' 출시, 세단이야 SUV야?",http://www.nocutnews.co.kr/Show.asp?IDX=2303134
22,"""기아차 K5 좋아한다"" 도요타 벤자 디자인한 한국디자이너",http://www.asiae.co.kr/news/view.htm?idxno=2012110316065103377
23,"""도요타, 벤자 차량 미국서 늑장 리콜""",https://news.naver.com/main/read.naver?mode=LSD&mid=sec&sid1=101&oid=001&aid=0003228815
24,"한국도요타, 금난새 페스티벌 후원.. CUV '벤자' 전시",http://www.edaily.co.kr/news/newspath.asp?newsid=02807686602683296
25,"[자동차 소식마당] 한국도요타, UFC 김동현 벤자 스타일러로",http://www.hankyung.com/news/app/newsview.php?aid=2012121753061
26,"[시승기] 도요타'벤자', 고급스런 실내디자인…핸들링·주행성능 만족",http://www.hankyung.com/news/app/newsview.php?aid=2012112680161
27,한국도요타 '벤자' 온라인 이벤트 실시,http://sbscnbc.sbs.co.kr/read.jsp?pmArticleId=10000499147
28,도요타 북미용 크로스오버 ‘벤자’ 내달 1일 국내 출시,http://view.heraldcorp.com/view.php?ud=20121014000119
29,"""이게 바로 스타일"" 도요타 벤자의 '향기' 마케팅",http://www.asiae.co.kr/news/view.htm?idxno=2012102410255596506
30,도요타 벤자 타보니,http://www.segye.com/Articles/Car/Interview/Article.asp?aid=20130128024197&subctg1=&subctg2=&OutUrl=naver
31,"[펀앤펀] SUV보다 편하고 세단보다 여유 있다, 도요타 벤자 출시",http://www.etnews.com/news/home_mobile/automobile/2669981_1485.html
32,"도요타자동차 벤자 리미티드, 북미 전용 모델…한국선 어떨지",http://magazine.hankyung.com/business/apps/news?popup=0&nid=01&c1=1003&nkey=2013041100906000271&mode=sub_view
33,“도요타 신차 '벤자(Venza)' 선보인다”,http://www.khan.co.kr/kh_news/art_view.html?artid=200801111807482&code=920508
34,"도요타 캠리·벤자 등, 에어컨서 물떨어져 오작동…리콜",http://www.segye.com/content/html/2013/10/18/20131018003967.html?OutUrl=naver
35,"한국도요타, 벤자·도요타86 700만원 지원",http://www.newstomato.com/ReadNews.aspx?no=349781
36,"도요타, 서울모터쇼 기간 중 벤자·도요타 86 등 최대 700만원 할인",http://www.asiae.co.kr/news/view.htm?idxno=2013040208584233027
37,세단 같은 SUV?…도요타 야심작 '벤자' 어떻게 생겼나,http://sbscnbc.sbs.co.kr/read.jsp?pmArticleId=10000501248
38,도요타 '벤자' 내달 1일 출시..14일부터 사전예약,http://sbscnbc.sbs.co.kr/read.jsp?pmArticleId=10000494980
39,"[10년 전 오늘] 도요타, 북미 지역서 또 다시 차량 대규모 리콜",http://www.sisunnews.co.kr/news/articleView.html?idxno=159187
40,"도요타, 러시아서 용접 불량·에어백 문제로 수천대 리콜",http://www.g-enews.com/ko-kr/news/article/news_all/2021122207325414802bb03d9507_1/article.html
41,"<김대연 기자의 시승기>‘세단+SUV’ 결합체 벤자, 상상이 가네",http://view.heraldcorp.com/view.php?ud=20121119000691
42,"[스타CAR토] 모델 유승옥, 토요타 '벤자' 딛고 날개짓",http://mbn.mk.co.kr/pages/news/newsView.php?category=mbn00012&news_seq_no=2283386
43,"벤자 디자이너 이정우, ""기아 'K5' 디자인에 반했다""",http://www.hankyung.com/news/app/newsview.php?aid=201211026830g
44,"도요타 車디자이너 이정우 ""한국 디자인 경쟁력 높다""",http://www.edaily.co.kr/news/newspath.asp?newsid=02437046599721456
45,"도요타 5월 사상최대 실적, 특별 프로모션 6월까지 한달 연장",http://www.asiae.co.kr/news/view.htm?idxno=2013060309205686130
46,"[서울모터쇼] 도요타, RAV4·아발론 국내 첫선",http://biz.chosun.com/site/data/html_dir/2013/03/25/2013032500593.html
47,[부산모터쇼]도요타 만화속 그 차 86 만나요,http://biz.chosun.com/site/data/html_dir/2012/05/24/2012052401172.html
48,'도요타의 대반격' 한국 차시장 '요동'...신차 3∼4종 투입,http://www.newdaily.co.kr/news/article.html?no=83198
49,[부산모터쇼]도요타 86 가격 최고 4690만원,http://www.asiae.co.kr/news/view.htm?idxno=2012052409404315456
50,도요타의 특명..SUV시장 잡아라!,http://www.newstomato.com/ReadNews.aspx?no=432520
51,"한국도요타, 6월 '캠리' 최대 400만원 할인행사",http://www.edaily.co.kr/news/newspath.asp?newsid=01164406602838440
52,6월 어떤차가 쌀까…도요타·구형 K5 싸져,http://biz.chosun.com/site/data/html_dir/2013/06/03/2013060302124.html
53,[CAR] 도요타의 대반격…미국산 뉴캠리 가격 내려 승부수,http://news.mk.co.kr/news_forward.php?domain=news&no=337721&year=2012
54,[산업디자인전성시대]벤츠·BMW·포르셰·도요타 공통점은? 한국인 디자이너 맹활약,http://www.edaily.co.kr/news/newspath.asp?newsid=01174246609535544
55,"도요타, SUV시장 공략 속도…4륜 시에나 출시, FJ 크루저 한정판매",http://www.asiatoday.co.kr/news/view.asp?seq=919608
56,"관세 낮아지는데…도요타 ""유럽생산 소형차 들여올까""",http://www.hankyung.com/news/app/newsview.php?aid=2013122266471
57,"한국도요타, 안동전시장 개장…영남 판매망 강화",http://www.ajunews.com/kor/view.jsp?newsId=20130712000289
58,"한국도요타, 전주전시장 개장…호남 판매망 강화",http://www.ajunews.com/kor/view.jsp?newsId=20130626000205
59,"한국도요타, 6월 도요타 전 라인업 프로모션",http://www.etnews.com/news/home_mobile/automobile/2776936_1485.html
60,"한국도요타 사장 ""한국에 없는 신모델로 경쟁할 것""",http://www.hankyung.com/news/app/newsview.php?aid=201305231631g
61,도요타 인천에 17번째 전시장,http://www.fnnews.com/view?ra=Sent0601m_01A&corp=fnnews&arcid=201305110100110310006022&cDateYear=2013&cDateMonth=05&cDateDay=10&
62,"도요타, 대전에 판매점 오픈...중부권 공략 강화",http://www.etnews.com/news/home_mobile/automobile/2732864_1485.html
63,"[자동차 소식마당] 도요타, 韓·獨·日 전국 비교 시승 실시",http://www.hankyung.com/news/app/newsview.php?aid=2013022521831
64,도요타 “그랜저·골프 맞대결 한판 붙자”,http://www.khan.co.kr/kh_news/art_view.html?artid=201302221733291&code=920508
65,"도요타·BMW·닛산, 가격 고개 숙였다",http://www.asiae.co.kr/news/view.htm?idxno=2012022911082095845
66,도요타 한국시장 맞춤 서비스…현대차 안방서 정면대결,http://news.mk.co.kr/news_forward.php?no=691834&year=2011
67,"도요타, 1~6월 글로벌 판매 546만대…사상 최고 경신",http://news.einfomax.co.kr/news/articleView.html?idxno=4160055
68,"미국 간 신형 싼타페, 도요타 만나더니…",http://news.mk.co.kr/news_forward.php?domain=news&no=588033&year=2012
69,[최원석의 디코드+] 미국의 소형 SUV 최신 충돌 테스트... 투싼·스포티지 결과는?,https://www.chosun.com/economy/int_economy/2021/11/24/NB2B3OPBWFF55FNAONHQDZ6DQU/?utm_source=naver&utm_medium=referral&utm_campaign=naver-news
70,"도요타, 뉴 캠리 다음 주자 ‘벤자’는 어떤 차?",http://news.donga.com/3/all/20111208/42463601/2
71,"도요타, 美서 `캠리`·`벤자` 등 68만대 리콜조치",http://www.edaily.co.kr/news/newspath.asp?newsid=01213606599461352
72,“한국인 섬세한 감각 해외서도 통하더라”,http://www.segye.com/Articles/NEWS/ECONOMY/Article.asp?aid=20121111021916&subctg1=&subctg2=&OutUrl=naver
73,3000만원대 수입 신차 릴레이 공세,http://news.donga.com/3/all/20121015/50131937/1
74,현대기아차 원高에도 가격인상,http://news.mk.co.kr/news_forward.php?domain=news&no=143912&year=2013
75,'내 딸 서영이' 뜨니 잘 나가는 자동차는…,http://www.hankyung.com/news/app/newsview.php?aid=201302183496g
76,신차 풍년…연말 이례적 출시 경쟁,http://www.yeongnam.com/mnews/newsview.do?mode=newsView&newskey=20121107.010150734420001
77,"하반기 수입차 시장, 강력한 新車 쏟아진다",http://www.edaily.co.kr/news/newspath.asp?newsid=01184086599623712
78,"하반기 국내 車시장 달굴 신차, 부산모터쇼 데뷔",http://www.edaily.co.kr/news/newspath.asp?newsid=02561686599532200
79,도요타 현대·기아 벤츠 BMW 등 8개 차종 71만4720대 리콜,http://news.mk.co.kr/newsRead.php?no=509487&year=2021
80,[車전시장] '뉴 SM5 플래티넘'/'벤지'/'뉴 320d 투어링'/ '레거시',http://www.imaeil.com/sub_news/sub_news_view.php?news_id=59712&yy=2012
81,"싼타페·GV80·쏘렌토·K5, 美오토트레이더 선정 ‘최고의 신차’",https://www.sedaily.com/NewsView/22IJ23090I
82,<연합뉴스 이시각 헤드라인> - 08:00,https://news.naver.com/main/read.naver?mode=LSD&mid=sec&sid1=102&oid=001&aid=0003228866
83,일본차 할인 공격에 현대차 맞불,http://www.fnnews.com/view?ra=Sent0601m_01A&corp=fnnews&arcid=201306100100076270004258&cDateYear=2013&cDateMonth=06&cDateDay=09&
84,'2013 서울모터쇼' 스타모델 방문.. '관람객은 즐겁다',http://www.edaily.co.kr/news/newspath.asp?newsid=02122166602771856
85,"미국산 일본차의 질주, 국산차까지 위협",http://www.ajunews.com/common/redirect.jsp?newsId=20121104000233
86,2012부산국제모터쇼 이 차를 주목하라,http://www.ilyosisa.co.kr/news/article.html?no=18988
87,여름 휴가철 앞두고 ‘SUV 대전’ 불 붙었다,http://www.segye.com/Articles/Car/NewCar/Article.asp?aid=20120528021111&subctg1=&subctg2=
88,hankooki258500,https://news.naver.com/main/read.naver?mode=LSD&mid=sec&sid1=101&oid=011&aid=0002223602
89,한국토요타자동차 도어즈 아트 페어 후원,http://www.fnnews.com/view?ra=Sent0601m_01A&corp=fnnews&arcid=201211090100082020004519&cDateYear=2012&cDateMonth=11&cDateDay=09&
90,도요타 1분기 순익 전년비 74%↓…코로나 충격파,https://www.etoday.co.kr/news/view/1926787
91,"현대·기아·제네시스 4개 차종,‘최고의 신차’",http://www.koreatimes.com/article/1350099
92,한국차 4종 '2021 최고의 신차' 선정,http://www.koreadaily.com/news/read.asp?art_id=9086676
93,"한국토요타, 신형 LS·벤자 출시기념 ··· 부품·공임비 최대 30% 할인",http://www.asiae.co.kr/news/view.htm?idxno=2012111410043202424
94,시온마켓 자동차 경품,http://www.koreadaily.com/news/read.asp?art_id=2792427
95,[CAR]하반기 수입차 풍년 주머니 걱정되겠네,http://news.mk.co.kr/news_forward.php?domain=news&no=497550&year=2012
96,‘준중형 세단’ 신차 경쟁… 내수부진 활로 찾는다,http://www.segye.com/Articles/Car/Business/Article.asp?aid=20120806022259&subctg1=&subctg2=
97,"국내 車업체들, ""부산모터쇼 마케팅 실속 있게""",http://www.hankyung.com/news/app/newsview.php?aid=201205228902g
98,"조인성이 타는 그 차, 어디서 봤더라?",http://www.fnnews.com/view?ra=Sent0601m_01A&corp=fnnews&arcid=201302270100247150014063&cDateYear=2013&cDateMonth=02&cDateDay=28&
99,`신차 20종` 나온다… 혜택도 `파격적`,http://www.dt.co.kr/contents.html?article_no=2012110202011132718001
100,"한국토요타, 도요타안동 전시장 오픈",http://www.asiae.co.kr/news/view.htm?idxno=2013071210530825224
101,"한국도요타, 전주전시장 개장…호남 판매망 강화",http://www.ajunews.com/kor/view.jsp?newsId=20130626000205
102,"한국도요타, 6월 도요타 전 라인업 프로모션",http://www.etnews.com/news/home_mobile/automobile/2776936_1485.html
103,"한국도요타 사장 ""한국에 없는 신모델로 경쟁할 것""",http://www.hankyung.com/news/app/newsview.php?aid=201305231631g
104,도요타 인천에 17번째 전시장,http://www.fnnews.com/view?ra=Sent0601m_01A&corp=fnnews&arcid=201305110100110310006022&cDateYear=2013&cDateMonth=05&cDateDay=10&
105,"도요타, 대전에 판매점 오픈...중부권 공략 강화",http://www.etnews.com/news/home_mobile/automobile/2732864_1485.html
106,"[자동차 소식마당] 도요타, 韓·獨·日 전국 비교 시승 실시",http://www.hankyung.com/news/app/newsview.php?aid=2013022521831
107,도요타 “그랜저·골프 맞대결 한판 붙자”,http://www.khan.co.kr/kh_news/art_view.html?artid=201302221733291&code=920508
108,"도요타·BMW·닛산, 가격 고개 숙였다",http://www.asiae.co.kr/news/view.htm?idxno=2012022911082095845
109,"도요타 사장 ""올해 2만대..프리우스 월250대 판매목표""",http://www.edaily.co.kr/news/newspath.asp?newsid=02102486599432816
110,"도요타 사장 ""올해 2만대..프리우스 월250대 판매목표""",http://www.edaily.co.kr/news/newspath.asp?newsid=02102486599432816
111,도요타 한국시장 맞춤 서비스…현대차 안방서 정면대결,http://news.mk.co.kr/news_forward.php?no=691834&year=2011
112,`잘 빠진` 신형 도요타…한국 전격 출시,http://www.dt.co.kr/contents.html?article_no=2012101402019932718002
113,"도요타, 1~6월 글로벌 판매 546만대…사상 최고 경신",http://news.einfomax.co.kr/news/articleView.html?idxno=4160055
114,"미국 간 신형 싼타페, 도요타 만나더니…",http://news.mk.co.kr/news_forward.php?domain=news&no=588033&year=2012
115,[최원석의 디코드+] 미국의 소형 SUV 최신 충돌 테스트... 투싼·스포티지 결과는?,https://www.chosun.com/economy/int_economy/2021/11/24/NB2B3OPBWFF55FNAONHQDZ6DQU/?utm_source=naver&utm_medium=referral&utm_campaign=naver-news
116,"도요타, 뉴 캠리 다음 주자 ‘벤자’는 어떤 차?",http://news.donga.com/3/all/20111208/42463601/2
117,"도요타, 美서 `캠리`·`벤자` 등 68만대 리콜조치",http://www.edaily.co.kr/news/newspath.asp?newsid=01213606599461352
118,"도요타 ""에어백 오작동 우려..캠리·벤자 88만대 리콜""",http://www.newstomato.com/ReadNews.aspx?no=410351
119,"한국도요타 ""7일까지 86·벤자 700만원 할인""",http://www.edaily.co.kr/news/newspath.asp?newsid=01646566602772184
120,<김대연 기자의 시승기> 시야는 SUV · 승차감은 세단…급가속때 6㎞ 연비는 ‘흠’,http://view.heraldcorp.com/view.php?ud=20121119000767
121,“한국인 섬세한 감각 해외서도 통하더라”,http://www.segye.com/Articles/NEWS/ECONOMY/Article.asp?aid=20121111021916&subctg1=&subctg2=&OutUrl=naver
122,TOYOTA 신개념 모델 국내 출시...SUV? 세단?,http://www.wowtv.co.kr/newscenter/news/view.asp?bcode=T30001000&artid=A201211010079
123,3000만원대 수입 신차 릴레이 공세,http://news.donga.com/3/all/20121015/50131937/1
124,현대기아차 원高에도 가격인상,http://news.mk.co.kr/news_forward.php?domain=news&no=143912&year=2013
125,'내 딸 서영이' 뜨니 잘 나가는 자동차는…,http://www.hankyung.com/news/app/newsview.php?aid=201302183496g
126,신차 풍년…연말 이례적 출시 경쟁,http://www.yeongnam.com/mnews/newsview.do?mode=newsView&newskey=20121107.010150734420001
127,"하반기 수입차 시장, 강력한 新車 쏟아진다",http://www.edaily.co.kr/news/newspath.asp?newsid=01184086599623712
128,"하반기 국내 車시장 달굴 신차, 부산모터쇼 데뷔",http://www.edaily.co.kr/news/newspath.asp?newsid=02561686599532200
129,도요타 현대·기아 벤츠 BMW 등 8개 차종 71만4720대 리콜,http://news.mk.co.kr/newsRead.php?no=509487&year=2021
130,[車전시장] '뉴 SM5 플래티넘'/'벤지'/'뉴 320d 투어링'/ '레거시',http://www.imaeil.com/sub_news/sub_news_view.php?news_id=59712&yy=2012
131,"싼타페·GV80·쏘렌토·K5, 美오토트레이더 선정 ‘최고의 신차’",https://www.sedaily.com/NewsView/22IJ23090I
132,<연합뉴스 이시각 헤드라인> - 08:00,https://news.naver.com/main/read.naver?mode=LSD&mid=sec&sid1=102&oid=001&aid=0003228866
133,일본차 할인 공격에 현대차 맞불,http://www.fnnews.com/view?ra=Sent0601m_01A&corp=fnnews&arcid=201306100100076270004258&cDateYear=2013&cDateMonth=06&cDateDay=09&
134,"한국토요타, 서울모터쇼 기간 계약 시 할인",https://news.naver.com/main/read.naver?mode=LSD&mid=sec&sid1=101&oid=011&aid=0002317905
135,'2013 서울모터쇼' 스타모델 방문.. '관람객은 즐겁다',http://www.edaily.co.kr/news/newspath.asp?newsid=02122166602771856
136,"미국산 일본차의 질주, 국산차까지 위협",http://www.ajunews.com/common/redirect.jsp?newsId=20121104000233
137,2012부산국제모터쇼 이 차를 주목하라,http://www.ilyosisa.co.kr/news/article.html?no=18988
138,여름 휴가철 앞두고 ‘SUV 대전’ 불 붙었다,http://www.segye.com/Articles/Car/NewCar/Article.asp?aid=20120528021111&subctg1=&subctg2=
139,hankooki258500,https://news.naver.com/main/read.naver?mode=LSD&mid=sec&sid1=101&oid=011&aid=0002223602
140,한국토요타자동차 도어즈 아트 페어 후원,http://www.fnnews.com/view?ra=Sent0601m_01A&corp=fnnews&arcid=201211090100082020004519&cDateYear=2012&cDateMonth=11&cDateDay=09&
141,도요타 1분기 순익 전년비 74%↓…코로나 충격파,https://www.etoday.co.kr/news/view/1926787
142,"토요타 벤자, 한국인의 감성을 담아 완성되다",http://biz.chosun.com/site/data/html_dir/2012/10/30/2012103001037.html
143,"현대·기아·제네시스 4개 차종,‘최고의 신차’",http://www.koreatimes.com/article/1350099
144,"싼타페·GV80·쏘렌토·K5, 美 전문사이트 선정 '최고의 신차’",https://www.fetv.co.kr/news/article.html?no=76388
145,한국차 4종 '2021 최고의 신차' 선정,http://www.koreadaily.com/news/read.asp?art_id=9086676
146,"한국토요타, 신형 LS·벤자 출시기념 ··· 부품·공임비 최대 30% 할인",http://www.asiae.co.kr/news/view.htm?idxno=2012111410043202424
147,시온마켓 자동차 경품,http://www.koreadaily.com/news/read.asp?art_id=2792427
148,[CAR]하반기 수입차 풍년 주머니 걱정되겠네,http://news.mk.co.kr/news_forward.php?domain=news&no=497550&year=2012
149,‘준중형 세단’ 신차 경쟁… 내수부진 활로 찾는다,http://www.segye.com/Articles/Car/Business/Article.asp?aid=20120806022259&subctg1=&subctg2=
150,싼타페·GV80 등 美오토트레이더 선정 올해 '최고의 신차',https://view.asiae.co.kr/article/2021021410025671278
151,한국차 4종 '2021 최고의 신차' 선정,http://www.koreadaily.com/news/read.asp?art_id=9086676
152,"한국토요타, 신형 LS·벤자 출시기념 ··· 부품·공임비 최대 30% 할인",http://www.asiae.co.kr/news/view.htm?idxno=2012111410043202424
153,시온마켓 자동차 경품,http://www.koreadaily.com/news/read.asp?art_id=2792427
154,[CAR]하반기 수입차 풍년 주머니 걱정되겠네,http://news.mk.co.kr/news_forward.php?domain=news&no=497550&year=2012
155,‘준중형 세단’ 신차 경쟁… 내수부진 활로 찾는다,http://www.segye.com/Articles/Car/Business/Article.asp?aid=20120806022259&subctg1=&subctg2=
156,"국내 車업체들, ""부산모터쇼 마케팅 실속 있게""",http://www.hankyung.com/news/app/newsview.php?aid=201205228902g
157,"조인성이 타는 그 차, 어디서 봤더라?",http://www.fnnews.com/view?ra=Sent0601m_01A&corp=fnnews&arcid=201302270100247150014063&cDateYear=2013&cDateMonth=02&cDateDay=28&
158,`신차 20종` 나온다… 혜택도 `파격적`,http://www.dt.co.kr/contents.html?article_no=2012110202011132718001
159,"BMW 뉴X1 ""알뜰 연비 눈에띄네""",http://www.hankyung.com/news/app/newsview.php?aid=2012112903241
160,"BMW 뉴X1 ""알뜰 연비 눈에띄네""",http://www.hankyung.com/news/app/newsview.php?aid=2012112903241
161,인생은 아웃도어!…SUV·미니밴 타고 떠나자,http://www.hankyung.com/news/app/newsview.php?aid=2012112680051
162,톡톡 튀는 개성 만점 ‘애마’를 잡아라,http://www.segye.com/Articles/NEWS/ECONOMY/Article.asp?aid=20121022023860&subctg1=&subctg2=&OutUrl=naver
163,‘대박 노려라’ 수입차 하반기 신차 봇물,http://www.fnnews.com/view?ra=Sent0601m_01A&corp=fnnews&arcid=201206220100194200011825&cDateYear=2012&cDateMonth=07&cDateDay=01&
164,美자동차시장 新풍속도 '대형차(Big Car)시대 돌아왔다',http://www.edaily.co.kr/news/newspath.asp?newsid=02145126606282440
165,"“신차, 구형보다 싸게 팝니다”..수입車 ‘착한 가격’ 파상공세",http://www.fnnews.com/view?ra=Sent0601m_01A&corp=fnnews&arcid=201306140100126570007282&cDateYear=2013&cDateMonth=06&cDateDay=13&
166,"일본 수입車, 엔저에도 한국선 가격 '요지부동'",http://www.edaily.co.kr/news/newspath.asp?newsid=01617046602804984
167,"한국토요타, '2013 서울모터쇼 기념' 특별 프로모션 실시",http://biz.chosun.com/site/data/html_dir/2013/04/02/2013040200682.html
168,"나카바야시 한국토요타 사장, 왜 우세요",http://www.asiae.co.kr/news/view.htm?idxno=2013012211080135483
169,‘캠리·재규어·볼보’1만3000대서 결함 발견 리콜,http://www.segye.com/content/html/2013/12/23/20131223000732.html?OutUrl=naver
170,캠리·재규어 등 12개 수입 차종 1만3189대 리콜,http://www.joseilbo.com/news/news_read.php?uid=205578&class=17
171,"""잘 나가는 'BMW' 차 가격이 왜 갑자기…""",http://www.asiae.co.kr/news/view.htm?idxno=2012030108095094998
172,[연비 만족스러운 차 베스트 10 ]320d(BMW)·티구안(폭스바겐)…연비는 기본 성능도 ‘갑’,http://news.mk.co.kr/news_forward.php?domain=news&no=504761&year=2013
173,뉴캠리 앞세워 ‘부활찬가’ 구슬땀,http://biz.heraldm.com/common/redirect.jsp?category_id=010107041300&news_id=20111208000100
174,"서울모터쇼, 하정우부터 김태희까지… 별들의 방문으로 열기 후끈",http://biz.chosun.com/site/data/html_dir/2013/04/05/2013040500861.html
175,"현대·기아차 ""품질로 승부수""…美서 제값받기 본격화",https://cnbc.sbs.co.kr/article_hub/10000539408?division=NAVER
176,세계가 반한 한국인 車 디자이너들,http://news.mk.co.kr/news_forward.php?domain=news&no=712747&year=2012
177,"부산모터쇼, 車 170여대 전시 '역대 최대'…""대세는 친환경""",http://biz.chosun.com/site/data/html_dir/2012/04/18/2012041801999.html
178,"현대·기아차그룹, 미국서 고공행진",http://er.asiae.co.kr/erview.htm?idxno=2010022000375793267
179,"내년 수입차, 국내자동차 산업수요 감소 불구 6.5%↑",http://www.nspna.com/news/?mode=view&newsid=40722
180,"현대·기아차그룹, 미국서 고공행진",http://er.asiae.co.kr/erview.htm?idxno=2010022000375793267
181,"내년 수입차, 국내자동차 산업수요 감소 불구 6.5%↑",http://www.nspna.com/news/?mode=view&newsid=40722
182,[기자수첩] 반가운 현대차 i40…“이제는 왜건이다”,http://www.fnnews.com/view?ra=Sent0601m_01A&corp=fnnews&arcid=11090411043283&cDateYear=2011&cDateMonth=09&cDateDay=04&
183,"쏘렌토 '돌풍'…기아車, 美 공장서 '축포'",http://www.seoulfn.com/news/articleView.html?idxno=77065
184,"제네시스·아반떼·스포티지, 美동급 최강차 인증",https://news.naver.com/main/read.naver?mode=LSD&mid=sec&sid1=101&oid=003&aid=0002751388
185,"자동차 땡처리…제네시스 구형 320만원, 피아트 프리몬트 500만원 파격 할인",http://biz.chosun.com/site/data/html_dir/2014/02/05/2014020502935.html
186,미시령터널 6중추돌… 5명 사상,http://www.kado.net/news/articleView.html?idxno=746003
187,경제 불황에 또 사상 최대? 수입차 '정면 돌파',http://view.asiae.co.kr/news/view.htm?idxno=2013080610123778559
188,노래방 도우미 주도권 싸고 총격,http://www.koreadaily.com/news/read.asp?art_id=3526451
189,[2013 서울모터쇼]10대 레이싱모델-①무결점 신인 유승옥,http://economy.donga.com/dongAuto/3/0111/20130402/54142349/5
190,"아반떼 쿠페, 기아 트렉스터 한달 뒤 공개!",http://news.mk.co.kr/news_forward.php?domain=news&no=236987&year=2012
191,‘디젤차 전쟁터’ 하반기 車시장 핏빛 전운 감돌아,http://car.donga.com/3/all/20140724/65413823/1
192,마켓들 고객몰이 반짝 마케팅,http://www.koreadaily.com/news/read.asp?art_id=2639743
193,기아차 가뭄 속 단비 '신형 카니발'…20일만에 1만2천대 계약,http://www.edaily.co.kr/news/newspath.asp?newsid=02876566606124672
194,"美기아차, 쏘렌토 돌풍에 고무",https://news.naver.com/main/read.naver?mode=LSD&mid=sec&sid1=101&oid=001&aid=0003107516
195,[Focus] “위기는 또다른 기회”…‘Made in Korea’ 잘 나간다,http://www.hankyung.com/news/app/newsview.php?aid=2009021151981
196,싼타페·쏘렌토’ 美서 잘 팔리는 SUV 6종에 포함,http://car.donga.com/3/all/20130709/56365024/2
197,‘가족과 함께 떠나는 힐링캠프’..효성 고객참여 블로그 이벤트,http://www.fnnews.com/view?ra=Sent0601m_01A&corp=fnnews&arcid=201305150100146100008066&cDateYear=2013&cDateMonth=05&cDateDay=14&
198,"현대·기아차, 디트로이트 모터쇼 ‘HL10’ 선정",http://www.nownewsnet.com/news/newsView.php?id=20080122601001
199,"""한국車 품질·디자인, 10년간 비약적 발전""",http://www.asiae.co.kr/news/view.htm?idxno=2013032915421802951
200,"""한국車 품질·디자인, 10년간 비약적 발전""",http://www.asiae.co.kr/news/view.htm?idxno=2013032915421802951
201,현대·기아차 vs 외제차 한국시장 놓고 대격돌,https://news.naver.com/main/read.naver?mode=LSD&mid=sec&sid1=101&oid=422&aid=0000004842
202,"혼다 크로스투어, 세단도 SUV도 아니고…장점 모았다지만 '못 생겼어'",http://www.hankyung.com/news/app/newsview.php?aid=2013011164461
203,한국인이 디자인한 첫 BMW 나온다,http://news.mk.co.kr/news_forward.php?domain=news&no=817296&year=2012
204,[기자수첩]마케팅 비용 '펑펑'..겉치레만 신경쓰는 수입차업계,http://www.edaily.co.kr/news/newspath.asp?newsid=02292726599697840
205,10월15일 경제 쪽지 뉴스,http://www.hani.co.kr/arti/economy/economy_general/555742.html
206,"배드민턴 스타 이용대, 신형 싼타페 탄다",http://www.osen.co.kr/article/G1109480129
207,"'신형 싼타페', 美서 잔존가치 평가 동급 1위",http://www.e2news.com/news/articleView.html?idxno=65178
208,[오토 브리핑]현대차 신형 싼타페 美 잔존가치 평가 1위 外,http://www.khan.co.kr/kh_news/art_view.html?artid=201209131754161&code=920508
209,국내외 20여개 신차 출격 ‘시동’,http://www.fnnews.com/view?ra=Sent0601m_01A&corp=fnnews&arcid=201208220100180220010633&cDateYear=2012&cDateMonth=08&cDateDay=22&
210,"배드민턴 스타 이용대 선수, 신형 싼타페 구입",http://news.mk.co.kr/news_forward.php?domain=news&no=657950&year=2012
211,"'신형 싼타페', 美서 잔존가치 평가 동급 1위",http://www.e2news.com/news/articleView.html?idxno=65178
212,[오토 브리핑]현대차 신형 싼타페 美 잔존가치 평가 1위 外,http://www.khan.co.kr/kh_news/art_view.html?artid=201209131754161&code=920508
213,국내외 20여개 신차 출격 ‘시동’,http://www.fnnews.com/view?ra=Sent0601m_01A&corp=fnnews&arcid=201208220100180220010633&cDateYear=2012&cDateMonth=08&cDateDay=22&
214,'BMW 신차' 몰려오는데 한국은 'K3' 하나?,http://www.asiae.co.kr/news/view.htm?idxno=2012071908523013746
215,콘셉트카 비켜라 SUV 납신다,https://news.naver.com/main/read.naver?mode=LSD&mid=sec&sid1=101&oid=011&aid=0002241691
216,"23일 개막 부산모터쇼, 어떤 차를 봐야할까",http://www.segye.com/Articles/Car/MotorShow/Article.asp?aid=20120523023400&subctg1=&subctg2=
217,"美TIME지 “가장 흥분되는 차 쏘울, 제네시스 쿠페”",http://www.khan.co.kr/kh_news/art_view.html?artid=200909101743362&code=920508
218,"쏘울·제네시스쿠페, '가장 멋진 신차'로 선정…타임지",http://www.hankyung.com/news/app/newsview.php?aid=200908187846g
219,렉서스도 못이룬 '북미 올해의 車' 제네시스가 해냈다,http://www.hankyung.com/news/app/newsview.php?aid=2009011213921
220,"현대차 신형 싼타페, 美서 잔존가치 동급 1위",http://news.mk.co.kr/news_forward.php?domain=news&no=588164&year=2012
221,국내외 20여개 신차 출격 ‘시동’,http://www.fnnews.com/view?ra=Sent0601m_01A&corp=fnnews&arcid=201208220100180220010633&cDateYear=2012&cDateMonth=08&cDateDay=22&
222,'BMW 신차' 몰려오는데 한국은 'K3' 하나?,http://www.asiae.co.kr/news/view.htm?idxno=2012071908523013746
223,콘셉트카 비켜라 SUV 납신다,https://news.naver.com/main/read.naver?mode=LSD&mid=sec&sid1=101&oid=011&aid=0002241691
224,"23일 개막 부산모터쇼, 어떤 차를 봐야할까",http://www.segye.com/Articles/Car/MotorShow/Article.asp?aid=20120523023400&subctg1=&subctg2=
225,"美TIME지 “가장 흥분되는 차 쏘울, 제네시스 쿠페”",http://www.khan.co.kr/kh_news/art_view.html?artid=200909101743362&code=920508
226,"쏘울·제네시스쿠페, '가장 멋진 신차'로 선정…타임지",http://www.hankyung.com/news/app/newsview.php?aid=200908187846g
227,렉서스도 못이룬 '북미 올해의 車' 제네시스가 해냈다,http://www.hankyung.com/news/app/newsview.php?aid=2009011213921
228,도요타 북미서 73만대 또 리콜,http://news.mk.co.kr/news_forward.php?domain=news&no=152923&year=2012
229,"물 만난 도요타, 벤자와 아발론으로 한국 공략?",http://news.mk.co.kr/news_forward.php?domain=news&no=798052&year=2011
230,국내외 20여개 신차 출격 ‘시동’,http://www.fnnews.com/view?ra=Sent0601m_01A&corp=fnnews&arcid=201208220100180220010633&cDateYear=2012&cDateMonth=08&cDateDay=22&
231,'BMW 신차' 몰려오는데 한국은 'K3' 하나?,http://www.asiae.co.kr/news/view.htm?idxno=2012071908523013746
232,콘셉트카 비켜라 SUV 납신다,https://news.naver.com/main/read.naver?mode=LSD&mid=sec&sid1=101&oid=011&aid=0002241691
233,"23일 개막 부산모터쇼, 어떤 차를 봐야할까",http://www.segye.com/Articles/Car/MotorShow/Article.asp?aid=20120523023400&subctg1=&subctg2=
234,"美TIME지 “가장 흥분되는 차 쏘울, 제네시스 쿠페”",http://www.khan.co.kr/kh_news/art_view.html?artid=200909101743362&code=920508
235,"쏘울·제네시스쿠페, '가장 멋진 신차'로 선정…타임지",http://www.hankyung.com/news/app/newsview.php?aid=200908187846g
236,렉서스도 못이룬 '북미 올해의 車' 제네시스가 해냈다,http://www.hankyung.com/news/app/newsview.php?aid=2009011213921
237,도요타 북미서 73만대 또 리콜,http://news.mk.co.kr/news_forward.php?domain=news&no=152923&year=2012
238,"물 만난 도요타, 벤자와 아발론으로 한국 공략?",http://news.mk.co.kr/news_forward.php?domain=news&no=798052&year=2011
239,도요타 '대반격'..한국에 신차 3∼4종 투입,https://news.naver.com/main/read.naver?mode=LSD&mid=sec&sid1=101&oid=001&aid=0005124614
240,도요타 북미서 73만대 또 리콜,http://news.mk.co.kr/news_forward.php?domain=news&no=152923&year=2012
241,"물 만난 도요타, 벤자와 아발론으로 한국 공략?",http://news.mk.co.kr/news_forward.php?domain=news&no=798052&year=2011
242,도요타 '대반격'..한국에 신차 3∼4종 투입,https://news.naver.com/main/read.naver?mode=LSD&mid=sec&sid1=101&oid=001&aid=0005124614
243,[오토 트렌드] 품질·소비자 만족도 '최고'…미국서 상복 터진 도요타·렉서스,http://www.hankyung.com/news/app/newsview.php?aid=2017042549001
244,"도요타, 미국·캐나다서 미니밴 '시에나' 87만대 리콜",http://www.segye.com/Articles/NEWS/INTERNATIONAL/Article.asp?aid=20100418001164&subctg1=&subctg2=
245,도요타 캠리 포함 1만3000대 리콜 “우리집 車는 괜찮은가”,http://car.donga.com/3/all/20131223/59724023/1
246,도요타 캠리 등 12개 차종 1만3천대 리콜,https://news.naver.com/main/read.naver?mode=LSD&mid=sec&sid1=103&oid=001&aid=0006663696
247,차값 최대 700만원 할인…엔저 업고 가격 공세 강화하는 도요타,http://news.mk.co.kr/news_forward.php?domain=news&no=430694&year=2013
248,"엔低 날개단 도요타, 사상 최대 실적",http://www.asiae.co.kr/news/view.htm?idxno=2013053011223527617
249,"‘신차 출시’한 한국도요타, 대대적 서비스 돌입",http://www.newstomato.com/ReadNews.aspx?no=306398
250,차값 최대 700만원 할인…엔저 업고 가격 공세 강화하는 도요타,http://news.mk.co.kr/news_forward.php?domain=news&no=430694&year=2013
251,"엔低 날개단 도요타, 사상 최대 실적",http://www.asiae.co.kr/news/view.htm?idxno=2013053011223527617
252,"‘신차 출시’한 한국도요타, 대대적 서비스 돌입",http://www.newstomato.com/ReadNews.aspx?no=306398
253,도요타 캠리 등 12개 차종 1만3천대 리콜 조치,http://www.fnnews.com/view?ra=Sent0601m_01A&corp=fnnews&arcid=201312230100241440012726&cDateYear=2013&cDateMonth=12&cDateDay=23&
254,"도요타, 북미에서 72.9만대 대규모 리콜",http://www.asiae.co.kr/news/view.htm?idxno=2012030809391980514
255,"도요타 신차로 공략 나서, 쏘나타 겨냥한 ‘프리우스’ 3130만원에",http://www.segye.com/Articles/Car/Business/Article.asp?aid=20120221004151&subctg1=&subctg2=
256,도요타 美 공장 가보니… 日 공장 통째로 옮긴 듯 문제 즉시 생산라인 ‘뚝’,http://news.donga.com/3/all/20111212/42559902/1
257,도요타 “미국산 ‘뉴 캠리’ 6000대 내년 한국 수출”,http://news.donga.com/3/all/20111206/42416960/1
258,"도요타, 북미 생산라인 100% 정상화",http://www.hankyung.com/news/app/newsview.php?aid=201109165796g
259,"도요타, 미니벤 시에나 등 신차로 명예회복 나선다",http://biz.heraldm.com/common/redirect.jsp?category_id=010107041300&news_id=20110622000197
260,"도요타, 미국서 캠리 등 68만1000대 리콜",http://biz.chosun.com/site/data/html_dir/2012/03/08/2012030800529.html
261,"도요타 신차로 공략 나서, 쏘나타 겨냥한 ‘프리우스’ 3130만원에",http://www.segye.com/Articles/Car/Business/Article.asp?aid=20120221004151&subctg1=&subctg2=
262,도요타 美 공장 가보니… 日 공장 통째로 옮긴 듯 문제 즉시 생산라인 ‘뚝’,http://news.donga.com/3/all/20111212/42559902/1
263,도요타 “미국산 ‘뉴 캠리’ 6000대 내년 한국 수출”,http://news.donga.com/3/all/20111206/42416960/1
264,"도요타, 북미 생산라인 100% 정상화",http://www.hankyung.com/news/app/newsview.php?aid=201109165796g
265,"도요타, 미니벤 시에나 등 신차로 명예회복 나선다",http://biz.heraldm.com/common/redirect.jsp?category_id=010107041300&news_id=20110622000197
266,"도요타 한국상륙작전, 한국에 美산 신차 3∼4종 투입",http://biz.heraldm.com/common/redirect.jsp?category_id=010107041300&news_id=20110622000016
267,"도요타, 中·유럽서도 리콜",https://news.naver.com/main/read.naver?mode=LSD&mid=sec&sid1=101&oid=011&aid=0002046681
268,도요타 캠리 및 재규어 등 12개 차종 리콜,http://www.wowtv.co.kr/newscenter/news/view.asp?bcode=T30001000&artid=A201312230051
269,"""미국산 도요타, 한·미 FTA 원산지 위반 아니다""",http://www.khan.co.kr/kh_news/art_view.html?artid=201404212013081&code=920100
270,도요타 미니벤 ‘시에나’ 로 명예회복,http://biz.heraldm.com/common/redirect.jsp?category_id=010107041300&news_id=20110622000309
271,"도요타, 북미서 판매한 차량 73만대 리콜",http://www.ajnews.co.kr/common/redirect.jsp?newsId=20120308000164
272,"도요타, 中·유럽서도 리콜",https://news.naver.com/main/read.naver?mode=LSD&mid=sec&sid1=101&oid=011&aid=0002046681
273,도요타 캠리 및 재규어 등 12개 차종 리콜,http://www.wowtv.co.kr/newscenter/news/view.asp?bcode=T30001000&artid=A201312230051
274,"""미국산 도요타, 한·미 FTA 원산지 위반 아니다""",http://www.khan.co.kr/kh_news/art_view.html?artid=201404212013081&code=920100
275,"도요타, 미국공장서 만든 자동차 수출 확대…미국의 FTA 역이용",http://biz.chosun.com/site/data/html_dir/2014/02/07/2014020702296.html
276,"도요타, 하이브리드 글로벌 판매 600만대 돌파를 기념 프로모션 실시",http://biz.heraldcorp.com/view.php?ud=20140205000208
277,도요타·렉서스 1월 구입시 주유권 혜택 '풍성',https://news.naver.com/main/read.naver?mode=LSD&mid=sec&sid1=101&oid=001&aid=0006682594
278,도요타 렉서스 20만~130만원 싸졌다,http://www.hankyung.com/news/app/newsview.php?aid=201401024421g
279,"도요타, 한국 등 해외서 약 89만대 리콜..캠리 등 3종 에어백 오작동 우려",http://www.edaily.co.kr/news/newspath.asp?newsid=02187766602974232
280,"도요타, 하이브리드 글로벌600만대 기념 2월 프로모션",http://www.edaily.co.kr/news/newspath.asp?newsid=02089366605987568
281,도요타·렉서스 1월 구입시 주유권 혜택 '풍성',https://news.naver.com/main/read.naver?mode=LSD&mid=sec&sid1=101&oid=001&aid=0006682594
282,도요타 렉서스 20만~130만원 싸졌다,http://www.hankyung.com/news/app/newsview.php?aid=201401024421g
283,"도요타, 한국 등 해외서 약 89만대 리콜..캠리 등 3종 에어백 오작동 우려",http://www.edaily.co.kr/news/newspath.asp?newsid=02187766602974232
284,'가장 콧대높은 도요타' 아발론이 왔다,http://view.asiae.co.kr/news/view.htm?idxno=2013100812593640170
285,"[시승기] 도요타 '럭셔리' 세단 '아발론' 타보니, 실내가…",http://biz.chosun.com/site/data/html_dir/2013/10/02/2013100203228.html
286,"한국도요타, 경북 안동에 19번째 도요타전시장 오픈",http://www.edaily.co.kr/news/newspath.asp?newsid=01784326602873864
287,"한국도요타, 전주전시장 오픈..호남권 공략",http://www.betanews.net/article/579985
288,"한국도요타, 전주전시장 오픈.. 호남권 판매·서비스 강화",http://www.edaily.co.kr/news/newspath.asp?newsid=01945046602845656
289,한국도요타 6월 한달간 캠리 최대 440만원 할인,http://sbscnbc.sbs.co.kr/read.jsp?pmArticleId=10000568938
290,"한국도요타, 경북 안동에 19번째 도요타전시장 오픈",http://www.edaily.co.kr/news/newspath.asp?newsid=01784326602873864
291,"한국도요타, 전주전시장 오픈..호남권 공략",http://www.betanews.net/article/579985
292,"한국도요타, 전주전시장 오픈.. 호남권 판매·서비스 강화",http://www.edaily.co.kr/news/newspath.asp?newsid=01945046602845656
293,한국도요타 6월 한달간 캠리 최대 440만원 할인,http://sbscnbc.sbs.co.kr/read.jsp?pmArticleId=10000568938
294,"도요타, 6월 특별 프로모션 “진격의 보조금”",http://car.donga.com/3/all/20130603/55596327/2
295,"도요타 엔지니어 ""신형 라브4는 바르셀로나 '메시' 같은 차""",http://www.hankyung.com/news/app/newsview.php?aid=201305136950g
296,"도요타, 인천 전시장 오픈",http://www.asiae.co.kr/news/view.htm?idxno=2013051013142952038
297,"""전복 시 차체중량의 5배 버텨""…도요타 뉴RAV4 '가장 안전한 차' 선정",http://www.ajunews.com/kor/view.jsp?newsId=20130509000195
298,'엔低 쇼크'…도요타·혼다 美 판매 6% 늘 때 현대차 2% 줄었다,http://www.hankyung.com/news/app/newsview.php?aid=2013050261511
299,"도요타 ""저가 마케팅보다 고객신뢰""",http://news.mk.co.kr/news_forward.php?domain=news&no=292090&year=2013
300,'엔低 쇼크'…도요타·혼다 美 판매 6% 늘 때 현대차 2% 줄었다,http://www.hankyung.com/news/app/newsview.php?aid=2013050261511
301,"도요타 ""저가 마케팅보다 고객신뢰""",http://news.mk.co.kr/news_forward.php?domain=news&no=292090&year=2013
302,"[서울모터쇼] 김태희, 도요타 부스 '깜짝' 방문에 인산인해",http://www.hankyung.com/news/app/newsview.php?aid=201304074949g
303,"도요타, 서울모터쇼서 신차 ‘700만원’ 깜작 할인",http://www.ajunews.com/common/redirect.jsp?newsId=20130402000104
304,도요타·재규어·볼보 12개 차종 리콜,http://www.hani.co.kr/arti/economy/car/616699.html
305,도요타 매장 대전에도 생겼다,http://www.fnnews.com/view?ra=Sent0601m_01A&corp=fnnews&arcid=201303110100089900004758&cDateYear=2013&cDateMonth=03&cDateDay=11&
306,"도요타, 대전 진출… ""충청도 고객 잡으러 갑니다""",http://www.ajunews.com/common/redirect.jsp?newsId=20130311000129
307,"도요타의 '도발'…""그랜저·골프 나와봐""",http://www.ajunews.com/common/redirect.jsp?newsId=20130222000087
308,"한국도요타, 캠리·프리우스 36개월 무이자할부 혜택",http://www.edaily.co.kr/news/newspath.asp?newsid=01580966602710192
309,"나카바야시 한국도요타 사장 ""도요타, 엔低따른 값 인하 아직은…""",http://www.hankyung.com/news/app/newsview.php?aid=2013020657081
310,"도요타, “국산차, 독일 디젤 다 덤벼!”",https://news.naver.com/main/read.naver?mode=LSD&mid=sec&sid1=101&oid=011&aid=0002306964
311,"한국도요타, 캠리·프리우스 36개월 무이자할부 혜택",http://www.edaily.co.kr/news/newspath.asp?newsid=01580966602710192
312,"나카바야시 한국도요타 사장 ""도요타, 엔低따른 값 인하 아직은…""",http://www.hankyung.com/news/app/newsview.php?aid=2013020657081
313,김태희·비 열애설로 웃는 업체는 … 도요타 즐거운 '비명',http://www.hankyung.com/news/app/newsview.php?aid=201301034444g
314,"도요타, 파격적 할인혜택…내수 1위 현대차에 도전장",http://www.asiae.co.kr/news/view.htm?idxno=2013010310454244953
315,"한국도요타, 고객 대상 인기 차종 투표 진행",http://www.edaily.co.kr/news/newspath.asp?newsid=01826966599763112
316,도요타 고객들이 뽑은 올해의 도요타車 ‘캠리’ 1위,http://view.heraldcorp.com/view.php?ud=20121228000358
317,도요타 경비절감위해 美서 2000명 조기퇴직,http://news.mk.co.kr/news_forward.php?domain=news&no=799184&year=2012
318,도요타 캠리 등 12개 차종 만3천대 리콜,http://www.tbs.seoul.kr/news/bunya.do?method=daum_html2&typ_800=1&seq_800=561264
319,"한국토요타, 광주에 도요타 브랜드 론칭",http://www.asiae.co.kr/news/view.htm?idxno=2012092009114297820
320,"한국도요타, 고객 대상 인기 차종 투표 진행",http://www.edaily.co.kr/news/newspath.asp?newsid=01826966599763112
321,도요타 고객들이 뽑은 올해의 도요타車 ‘캠리’ 1위,http://view.heraldcorp.com/view.php?ud=20121228000358
322,도요타 경비절감위해 美서 2000명 조기퇴직,http://news.mk.co.kr/news_forward.php?domain=news&no=799184&year=2012
323,도요타 캠리 등 12개 차종 만3천대 리콜,http://www.tbs.seoul.kr/news/bunya.do?method=daum_html2&typ_800=1&seq_800=561264
324,"한국토요타, 광주에 도요타 브랜드 론칭",http://www.asiae.co.kr/news/view.htm?idxno=2012092009114297820
325,효성 '도요타 광주' 오픈,http://www.hankyung.com/news/app/newsview.php?aid=2012092046761
326,"도요타, '에어백 오작동 우려' 한국 등서 88만 대 리콜",http://news.sbs.co.kr/section_news/news_read.jsp?news_id=N1002035286
327,"도요타 ""한국시장 공략 탄력 붙었다"" ···올해 신차 10종 내고 'Fun to Drive' 내세워",http://www.hankyung.com/news/app/newsview.php?aid=201206105783g
328,'유럽차 틈바구니'..도요타의 생존법,http://www.asiae.co.kr/news/view.htm?idxno=2012060516345520416
329,“독일차 독주 저지” 호언···도요타의 자신감 혹은 객기?,http://er.asiae.co.kr/erview.htm?idxno=2012031610194041077
330,"도요타, '에어백 오작동 우려' 88만대 리콜",http://www.ekn.kr/news/articleView.html?idxno=91080
331,"도요타 ""한국시장 공략 탄력 붙었다"" ···올해 신차 10종 내고 'Fun to Drive' 내세워",http://www.hankyung.com/news/app/newsview.php?aid=201206105783g
332,'유럽차 틈바구니'..도요타의 생존법,http://www.asiae.co.kr/news/view.htm?idxno=2012060516345520416
333,“독일차 독주 저지” 호언···도요타의 자신감 혹은 객기?,http://er.asiae.co.kr/erview.htm?idxno=2012031610194041077
334,"도요타 자동차, 북미서 또 대규모 리콜 발표",http://news.kbs.co.kr/world/2012/03/09/2447558.html
335,"도요타, 美서 또 리콜..68만대",http://www.newstomato.com/ReadNews.aspx?no=231943
336,"도요타, 신차 파격 할인 앞세워 한국 공략",http://www.khan.co.kr/kh_news/art_view.html?artid=201202212134425&code=920508
337,"""올 도요타·렉서스 브랜드 2만대 판매""",http://www.fnnews.com/view?ra=Sent0601m_01A&corp=fnnews&arcid=201202220100186720009691&cDateYear=2012&cDateMonth=02&cDateDay=21&
338,"`하이브리드의 사무라이` 도요타, 칼 제대로 뽑다",http://news.mk.co.kr/news_forward.php?domain=news&no=116893&year=2012
339,한국도요타 “올해 2만대 이상 판다” 승부수,http://www.ajnews.co.kr/common/redirect.jsp?newsId=20120221000398
340,"도요타, 美서 또 리콜..68만대",http://www.newstomato.com/ReadNews.aspx?no=231943
341,"도요타, 신차 파격 할인 앞세워 한국 공략",http://www.khan.co.kr/kh_news/art_view.html?artid=201202212134425&code=920508
342,"""올 도요타·렉서스 브랜드 2만대 판매""",http://www.fnnews.com/view?ra=Sent0601m_01A&corp=fnnews&arcid=201202220100186720009691&cDateYear=2012&cDateMonth=02&cDateDay=21&
343,"`하이브리드의 사무라이` 도요타, 칼 제대로 뽑다",http://news.mk.co.kr/news_forward.php?domain=news&no=116893&year=2012
344,한국도요타 “올해 2만대 이상 판다” 승부수,http://www.ajnews.co.kr/common/redirect.jsp?newsId=20120221000398
345,전열 가다듬는 도요타,http://www.asiae.co.kr/news/view.htm?idxno=2012020209184566290
346,"도요타, 스포츠카 '86' 日가격공개 2920만원 시작…""韓가격은""",http://biz.chosun.com/site/data/html_dir/2012/01/31/2012013102210.html
347,오카네 도요타 수석엔지니어 “신형 캠리의 경쟁 상대는 경차… 연비 L당 26.5km는 세계최고”,http://news.donga.com/3/all/20120124/43524550/1
348,"[단독] 한국도요타, 만화 '이니셜D'의 스포츠카 '86' 출시 결정",http://biz.chosun.com/site/data/html_dir/2012/01/19/2012011900917.html
349,[르포│도요타 미국 켄터키 공장] “리콜 파문은 오히려 품질개선 기회”,https://news.naver.com/main/read.naver?mode=LSD&mid=sec&sid1=101&oid=086&aid=0002084568
350,"[단독] 한국도요타, 만화 '이니셜D'의 스포츠카 '86' 출시 결정",http://biz.chosun.com/site/data/html_dir/2012/01/19/2012011900917.html
351,[르포│도요타 미국 켄터키 공장] “리콜 파문은 오히려 품질개선 기회”,https://news.naver.com/main/read.naver?mode=LSD&mid=sec&sid1=101&oid=086&aid=0002084568
352,[현장르포] 美도요타 켄터키 공장,http://www.fnnews.com/view?ra=Sent0601m_01A&corp=fnnews&arcid=0922486329&cDateYear=2011&cDateMonth=12&cDateDay=07&
353,"도요타 ‘뉴 RAV 4’, 美 IIHS ‘최고 안전 차량’ 선정",http://view.heraldcorp.com/view.php?ud=20130509000276
354,"도요타 신형 라브4, 미국서 '최고 안전 차량' 뽑혔다",http://www.hankyung.com/news/app/newsview.php?aid=201305094089g
355,"도요타, 북미 생산 100% 정상화",http://www.ajnews.co.kr/common/redirect.jsp?newsId=20110916000095
356,"도요타, 캠리 후속 딜러에 공개…현대 쏘나타 ‘정조준’",http://www.fnnews.com/view?ra=Sent0601m_01A&corp=fnnews&arcid=11071209034212&cDateYear=2011&cDateMonth=07&cDateDay=12&
357,도요타 임원 잇단 방한..'내수 확대 특명',http://www.asiae.co.kr/news/view.htm?idxno=2011071110203826394
358,"신차 무장 도요타, 한국시장 대반격",http://www.etoday.co.kr/news/section/newsview.php?TM=news&SM=0405&idxno=450926
359,도요타의 한국 공략법은 `신차 투입`,http://news.mk.co.kr/news_forward.php?no=396472&year=2011
360,"신차 무장 도요타, 한국시장 대반격",http://www.etoday.co.kr/news/section/newsview.php?TM=news&SM=0405&idxno=450926
361,도요타의 한국 공략법은 `신차 투입`,http://news.mk.co.kr/news_forward.php?no=396472&year=2011
362,도요타·미쓰비시 자동차 내주 출격,http://news.mk.co.kr/news_forward.php?domain=news&no=155669&year=2012
363,"美, 도요타에 ‘리콜문서’ 제출 명령",http://news.donga.com/3/all/20100217/26248553/1
364,"美정부, 도요타에 리콜 관련 문서제출 명령(종합)",https://news.naver.com/main/read.naver?mode=LSD&mid=sec&sid1=101&oid=001&aid=0003125618
365,"도요타, 미국내 공장 2곳 잠정 조업중단",http://www.fnnews.com/view?ra=Sent1101m_01A&corp=fnnews&arcid=100217021635&cDateYear=2010&cDateMonth=02&cDateDay=17&
366,"리콜 도요타, 한국에서도 달렸다",https://news.naver.com/main/read.naver?mode=LSD&mid=sec&sid1=101&oid=086&aid=0001995830
367,미국·캐나다서 들어온 도요타 차 우선 리콜,http://korea.kr/newsWeb/pages/brief/categoryNews2/view.do?newsDataId=148688008&category_id=subject§ion_id=EDS0102002&call_from=extlink
368,도요타 美켄터키 공장 생산라인 멈추고 직원들은 휴가,http://news.mk.co.kr/news_forward.php?no=58078&year=2010
369,도요타車 리콜 1000만대… “현대차에 기회”,http://news.donga.com/3/all/20100130/25802814/1
370,"美, 도요타에 리콜 관련 '해명서' 제출 요구",http://www.cbs.co.kr/nocut/Show.asp?IDX=1395075
371,"도요타, 미국내 공장 2곳 잠정 조업중단",http://www.fnnews.com/view?ra=Sent1101m_01A&corp=fnnews&arcid=100217021635&cDateYear=2010&cDateMonth=02&cDateDay=17&
372,"리콜 도요타, 한국에서도 달렸다",https://news.naver.com/main/read.naver?mode=LSD&mid=sec&sid1=101&oid=086&aid=0001995830
373,미국·캐나다서 들어온 도요타 차 우선 리콜,http://korea.kr/newsWeb/pages/brief/categoryNews2/view.do?newsDataId=148688008&category_id=subject§ion_id=EDS0102002&call_from=extlink
374,도요타 美켄터키 공장 생산라인 멈추고 직원들은 휴가,http://news.mk.co.kr/news_forward.php?no=58078&year=2010
375,도요타車 리콜 1000만대… “현대차에 기회”,http://news.donga.com/3/all/20100130/25802814/1
376,"도요타, 북미서만 리콜 800만대",https://news.naver.com/main/read.naver?mode=LSD&mid=sec&sid1=101&oid=001&aid=0003096704
377,충격의 도요타… 피아트는 2월달 2주 동안 조업 중단,http://news.kukinews.com/article/view.asp?page=1&gCode=kmi&arcid=0003350043&cp=nv
378,"국토부 ""한국에 수입된 도요타 결함여부 조사중""",http://www.moneytoday.co.kr/view/mtview.php?type=1&no=2010012815503554808&outlink=1
379,"도요타, 110만대 추가 리콜",https://news.naver.com/main/read.naver?mode=LSD&mid=sec&sid1=101&oid=001&aid=0003094973
380,도요타 美켄터키 공장 생산라인 멈추고 직원들은 휴가,http://news.mk.co.kr/news_forward.php?no=58078&year=2010
381,도요타車 리콜 1000만대… “현대차에 기회”,http://news.donga.com/3/all/20100130/25802814/1
382,'도요타의 추락'...리콜 차량 7백만대 육박,http://www.cbs.co.kr/nocut/Show.asp?IDX=1379162
383,충격의 도요타… 피아트는 2월달 2주 동안 조업 중단,http://news.kukinews.com/article/view.asp?page=1&gCode=kmi&arcid=0003350043&cp=nv
384,"국토부 ""한국에 수입된 도요타 결함여부 조사중""",http://www.moneytoday.co.kr/view/mtview.php?type=1&no=2010012815503554808&outlink=1
385,"도요타, 110만대 추가 리콜",https://news.naver.com/main/read.naver?mode=LSD&mid=sec&sid1=101&oid=001&aid=0003094973
386,현대차 세계 점유 5% 돌파… 도요타 연일 리콜 확산 수모,http://news.kukinews.com/article/view.asp?page=1&gCode=kmi&arcid=0003350046&cp=nv
387,도요타 또 대량리콜…캠리 등 88만5000대,http://news.mk.co.kr/news_forward.php?domain=news&no=1002228&year=2013
388,"한·일, SUV 가격인하 경쟁… 도요타 파격 세일에 기아차도",http://www.khan.co.kr/kh_news/art_view.html?artid=201306032154185&code=920508
389,"도요타 신형 RAV4, 美 '최고 안전 차량' 선정",http://www.asiae.co.kr/news/view.htm?idxno=2013050909215458886
390,"도요타, 美서 110만대 추가 리콜",http://www.ajnews.co.kr/uhtml/read.jsp?idxno=201001281553349690968
391,현대차 세계 점유 5% 돌파… 도요타 연일 리콜 확산 수모,http://news.kukinews.com/article/view.asp?page=1&gCode=kmi&arcid=0003350046&cp=nv
392,도요타 또 대량리콜…캠리 등 88만5000대,http://news.mk.co.kr/news_forward.php?domain=news&no=1002228&year=2013
393,"한·일, SUV 가격인하 경쟁… 도요타 파격 세일에 기아차도",http://www.khan.co.kr/kh_news/art_view.html?artid=201306032154185&code=920508
394,"도요타 신형 RAV4, 美 '최고 안전 차량' 선정",http://www.asiae.co.kr/news/view.htm?idxno=2013050909215458886
395,"도요타, 2012년형 뉴캠리 특별 프로모션 실시",http://www.ajunews.com/common/redirect.jsp?newsId=20130213000150
396,"국토부, 북미 직수입 도요타 444대 우선 리콜",https://news.naver.com/main/read.naver?mode=LSD&mid=sec&sid1=101&oid=003&aid=0003073888
397,욕심 날만 하네~ 이것이 도요타 스타일!,http://www.etnews.com/news/home_mobile/automobile/2670121_1485.html
398,"도요타, 7인승 `미니밴` 국내출시 검토",http://www.dt.co.kr/contents.html?article_no=2011062302011132781002
399,"도요타, 한국시장 신차종 대거 출시",http://mbn.mk.co.kr/pages/news/newsView.php?category=mbn00003&news_seq_no=1074970
400,"한·일, SUV 가격인하 경쟁… 도요타 파격 세일에 기아차도",http://www.khan.co.kr/kh_news/art_view.html?artid=201306032154185&code=920508
401,"도요타 신형 RAV4, 美 '최고 안전 차량' 선정",http://www.asiae.co.kr/news/view.htm?idxno=2013050909215458886
402,"도요타, 2012년형 뉴캠리 특별 프로모션 실시",http://www.ajunews.com/common/redirect.jsp?newsId=20130213000150
403,"국토부, 북미 직수입 도요타 444대 우선 리콜",https://news.naver.com/main/read.naver?mode=LSD&mid=sec&sid1=101&oid=003&aid=0003073888
404,욕심 날만 하네~ 이것이 도요타 스타일!,http://www.etnews.com/news/home_mobile/automobile/2670121_1485.html
405,"도요타, 7인승 `미니밴` 국내출시 검토",http://www.dt.co.kr/contents.html?article_no=2011062302011132781002
406,"도요타, 한국시장 신차종 대거 출시",http://mbn.mk.co.kr/pages/news/newsView.php?category=mbn00003&news_seq_no=1074970
407,"""도요타, 미국서 '늑장' 차량 리콜""",http://mbn.mk.co.kr/news/newsRead.php?vodCode=499490&category=mbn00008
408,"[월드 뉴스라인] 도요타, 中·유럽으로 리콜확대",http://www.seoul.co.kr/news/newsView.php?id=20100129016017
409,"혼다·도요타, 최대 700만원 할인",http://news.mk.co.kr/news_forward.php?domain=news&no=8754&year=2014
410,"혼다·도요타, 최대 700만원 할인",http://news.mk.co.kr/news_forward.php?domain=news&no=8754&year=2014
411,"도요타, 자동차 110만대 추가 리콜",http://mbn.mk.co.kr/news/newsRead.php?vodCode=483706&category=mbn00006
412,"도요타, '에어백 오작동 우려' 한국 등서 88만대 리콜",http://mbn.mk.co.kr/pages/news/newsView.php?category=mbn00003&news_seq_no=1513267
413,"도요타, 2012년형 모델 할인 판매 실시",http://view.heraldcorp.com/view.php?ud=20130213000187
414,"한국토요타, 렉서스ㆍ도요타 서비스 캠페인 실시",http://view.heraldcorp.com/view.php?ud=20121114000301
415,"한국도요타, 부산모터쇼에서 10개 차종 선보여",http://www.ekn.kr/news/articleView.html?idxno=77192
416,도요타 캠리 등,http://www.fnnews.com/view?ra=Sent0601m_01A&corp=fnnews&arcid=201312240100252190013255&cDateYear=2013&cDateMonth=12&cDateDay=23&
417,도요타 리콜 일지,http://er.asiae.co.kr/erview.htm?idxno=2010021615412107057
418,"재기 노리는 도요타…프리우스, 660만원 몸값 낮춰 '출격'",https://cnbc.sbs.co.kr/article_hub/10000392714?division=NAVER
419,"도요타,리콜대상모델 일부 추가",http://www.wownet.co.kr/news/wownews/view_nhn.asp?bcode=N07010000&artid=A201001280151
420,"재기 노리는 도요타…프리우스, 660만원 몸값 낮춰 '출격'",http://sbscnbc.sbs.co.kr/read.jsp?pmArticleId=10000392714
421,"도요타,리콜대상모델 일부 추가",http://www.wownet.co.kr/news/wownews/view_nhn.asp?bcode=N07010000&artid=A201001280151
422,"[新車, 名車 시승기] 특이한 너, 세단이냐 SUV냐",http://www.donga.com/docs/magazine/viewer.php?mgz_part=weekly&n=201301280500012
423,"“미국산 일본차, Made in USA가 뜬다!”",http://sports.chosun.com/news/ntype.htm?id=201112130100084780007261&servicedate=20111212
424,[이사람] “섬세·민첩한 한국인 디자이너 경쟁력 높다”,http://www.hani.co.kr/arti/economy/car/558604.html
425,“미국만이 살길” 미국으로 몰려드는 완성차,http://biz.heraldcorp.com/view.php?ud=20150312000201
426,[CAR]기대 컸는데 잘 안 팔리는 차종 | 차 괜찮은데 소문이 안 나서…,http://news.mk.co.kr/news_forward.php?domain=news&no=429808&year=2013
427,[글로벌 헤드라인] 2월 27일,http://biz.chosun.com/site/data/html_dir/2013/02/27/2013022700758.html
428,"""김태희 광고한 '외제차' 불티나게 팔리더니""",http://www.asiae.co.kr/news/view.htm?idxno=2012122809514977866
429,일본車 국내시장 물량공세…1위 독주 독일車 추월할까,http://www.segye.com/Articles/Car/Business/Article.asp?aid=20121017024327&subctg1=&subctg2=&OutUrl=naver
430,한·미 FTA 미국산(産) 일본·유럽차 몰려온다…부품 50% 이상 미국산만 관세 혜택,http://news.mk.co.kr/news_forward.php?domain=news&no=757123&year=2011
431,"확 끌리는 이차…승용차야, SUV야",http://www.dt.co.kr/contents.html?article_no=2012113002011232718004
432,"도요타, '안정성 제어 시스템' 문제로 美서 46만 대 리콜",http://www.g-enews.com/ko-kr/news/article/news_all/20220415091533789493bf579e81_1/article.html
433,"국토부, 현대차 제네시스 G80과 기아 K7 포함 71만 대 리콜",https://www.businesspost.co.kr/BP?command=article_view&num=233402
434,“화재 발생 가능성”…현대·기아·벤츠 등 8개사 71만대 리콜,https://www.donga.com/news/article/all/20210527/107140833/2
435,[CAR]8%→4%→0%… 한미FTA 발효시 미국차 관세 혜택,http://news.donga.com/3/all/20111214/42600629/1
436,美 자동차 시장 급변… 너도나도 ‘SUV’ 바람,http://view.asiae.co.kr/news/view.htm?idxno=2015050608252005211
437,3천만원대 독일 수입차 한국 상륙…`와우!`,http://news.mk.co.kr/news_forward.php?domain=news&no=462346&year=2012
438,[경제]한·미 FTA 원산지 검증 ‘미국 입맛대로’,http://weekly.khan.co.kr/khnm.html?mode=view&code=114&artid=201404281806081&pt=nv
439,"한국토요타, 아발론 구매 고객 최대 100만원 주유권 지원",http://www.fnnews.com/view?ra=Sent0601m_01A&corp=fnnews&arcid=201402050100041900002064&cDateYear=2014&cDateMonth=02&cDateDay=05&
440,"수입차, '가격' 낮추고 '서비스' 높여라!",http://www.newstomato.com/ReadNews.aspx?no=432071
441,"美토요타 강수 ""가격인상으로 제값 받기"" 나선다",http://www.etoday.co.kr/news/section/newsview.php?TM=news&SM=0405&idxno=360689
442,"한국토요타, 경북 안동에 19번째 전시장",http://www.fnnews.com/view?ra=Sent0601m_01A&corp=fnnews&arcid=201307130409385840938584&cDateYear=2013&cDateMonth=07&cDateDay=13&
443,"한국토요타, 경북 안동에 19번째 전시장",http://www.fnnews.com/view?ra=Sent0601m_01A&corp=fnnews&arcid=201307130100136280007837&cDateYear=2013&cDateMonth=07&cDateDay=12&
444,[현장에서] 요즘 캠리가 없어서 못 판다면서요?,http://www.hankyung.com/news/app/newsview.php?aid=201306142465g
445,日수입차 바겐세일 대공세.. 현대·기아차 방어전략은?,http://www.edaily.co.kr/news/newspath.asp?newsid=01574406602840080
446,"일본차 업체, 엔저 훈풍 타고 국내 생산 늘리나",http://www.hankyung.com/news/app/newsview.php?aid=201304129967g
447,"한국토요타, 서울모터쇼 맞이 특별 할인 판매 돌입",http://view.heraldcorp.com/view.php?ud=20130402000172
448,"다양해진 수입차, 고객 마음 흔든다",http://www.edaily.co.kr/news/newspath.asp?newsid=02017206602747584
449,"토요타 캠리, 재규어 XF 등 12개 수입차 '1만3000대' 리콜",http://www.ajunews.com/view/20131223100826363
450,토요타 캠리 등 12개 차종 1만3000대 리콜,http://www.etoday.co.kr/news/section/newsview.php?idxno=841654
451,글로벌 車에 ‘한국인의 감성’ 입힌 디자이너들,http://www.khan.co.kr/kh_news/art_view.html?artid=201311222232411&code=920508
452,"한국토요타 사장 ""엔저 따른 인하계획 아직 없다""",http://www.asiae.co.kr/news/view.htm?idxno=2013020614362640740
453,"엔저 시대, 한일 자동차 전쟁의 승자는?",http://www.nocutnews.co.kr/Show.asp?IDX=2373201
454,자동차업계 올해의 사자성어,http://www.hankyung.com/news/app/newsview.php?aid=2013010483391
455,"한국토요타, 1월 2012년형 캠리 36개월 무이자 할부",http://www.asiae.co.kr/news/view.htm?idxno=2013010309150200629
456,새해를 맞아 어떤 차 싸게 살까?,http://biz.chosun.com/site/data/html_dir/2013/01/03/2013010301459.html
457,'메이드 인 USA' 한국 車시장 점령 ··· 미국산 수입차 이렇게 많아?,http://www.hankyung.com/news/app/newsview.php?aid=201211233589g
458,아車! 이미지까지 저렴해졌네,http://view.asiae.co.kr/news/view.htm?idxno=2014011011120010843
459,"굳어지는 양자구도, 현대차 VS 수입차",http://www.nocutnews.co.kr/Show.asp?IDX=2301082
460,"굳어지는 양자구도, 현대차 VS 수입차",http://www.nocutnews.co.kr/Show.asp?IDX=2301082
461,"""강남스타일 덕에 '강남쏘나타'도 잘 나갑니다""",http://www.hankyung.com/news/app/newsview.php?aid=2012102695581
462,車가 FTA 수혜산업이라고? 가격경쟁력 높아진 수입차만 환호,http://biz.chosun.com/site/data/html_dir/2012/10/24/2012102400461.html
463,10시 생활경제뉴스,http://www.tbs.seoul.kr/news/bunya.do?method=daum_html2&typ_800=1&seq_800=561290
464,수입차 ‘중형’ 전성시대,http://view.heraldcorp.com/view.php?ud=20121016000735
465,美시장 질주하는 일본車 삼총사,http://news.mk.co.kr/news_forward.php?domain=news&no=495706&year=2012
466,"한국토요타 ""아발론 월 30~40대 팔 것""",http://view.asiae.co.kr/news/view.htm?idxno=2013100115161095405
467,"미쓰비시 가세한 日 수입차, 시장점유율 얼마나 오를까?",http://www.hankyung.com/news/app/newsview.php?aid=201203182889g
468,"""수입차 빅3 진입 선언...연간 2만700대 판매""",http://www.ohmynews.com/NWS_Web/view/at_pg.aspx?CNTN_CD=A0001700385
469,"한국토요타 ""유럽차 몰고온다""",http://www.asiae.co.kr/news/view.htm?idxno=2012022210391648856
470,"한국토요타 ""올해 판매 목표 2만700대""",https://news.naver.com/main/read.naver?mode=LSD&mid=sec&sid1=101&oid=001&aid=0005522833
471,"""일본車 작년 바닥쳐…신차 대거 선보여 벤츠·BMW 잡겠다""",http://www.hankyung.com/news/app/newsview.php?aid=2012022060221
472,수입차 가격인하 공습···자동차 新트렌드 '몸값 낮춰라',http://www.hankyung.com/news/app/newsview.php?aid=201306059154g
473,"리콜 극복… ""최고 품질로 재도약""",https://news.naver.com/main/read.naver?mode=LSD&mid=sec&sid1=101&oid=011&aid=0002201906
474,"토요타, 엔저 틈타 할인마케팅 공세",https://news.naver.com/main/read.naver?mode=LSD&mid=sec&sid1=101&oid=001&aid=0006246302
475,미국산 캠리 vs 쏘나타 한판 붙는다,https://news.naver.com/main/read.naver?mode=LSD&mid=sec&sid1=101&oid=011&aid=0002198284
476,"[Cover Story] 서울모터쇼, 스타가 있어 더 뜨겁다",http://news.mk.co.kr/news_forward.php?domain=news&no=269400&year=2013
477,연말에 한 대 뽑을까…이 많은 신차 한번에 쏟아진다,http://www.hankyung.com/news/app/newsview.php?aid=2012103122361
478,왜 미국차는 한국서 맥을 못출까?,http://view.heraldcorp.com/view.php?ud=20130322000541
479,‘열매’는 일본車가 따먹었다,http://view.heraldcorp.com/view.php?ud=20130318000049
480,‘열매’는 일본車가 따먹었다,http://view.heraldcorp.com/view.php?ud=20130318000049
481,[CAR]독일차 독주? 美·日이 달린다,http://news.donga.com/3/all/20110824/39763906/1
482,"한국토요타 현대 그랜저, 독일 디젤 차량과 비교시승 행사 진행",http://www.dt.co.kr/contents.html?article_no=2013022202019932718002
483,수입車가 몰려온다!..하반기 '신차' 파상공세 예상,http://news.etomato.com/pagelog/popup_log.asp?newsseq=177035
484,간단한 회의도 가능한 넓은실내…전용차선 대신 승차감으로 승부,http://view.heraldcorp.com/view.php?ud=20130121000679
485,하반기 日 수입차 역습 시작된다,http://www.ajnews.co.kr/common/redirect.jsp?newsId=20110622000306
486,이 시각 경제 TOP 뉴스,https://news.naver.com/main/read.naver?mode=LSD&mid=sec&sid1=101&oid=001&aid=0005124891
487,'엔화 약세' 일본차 웃을까? ··· 내년 한국 시장 대공세 예고,http://www.hankyung.com/news/app/newsview.php?aid=201212204412g
488,수입차시장 ‘중형차’ 전성시대 왔다,http://view.heraldcorp.com/view.php?ud=20121016000700
489,"美, 브레이크 안전조치 강화",http://www.segye.com/Articles/NEWS/INTERNATIONAL/Article.asp?aid=20100303004192&subctg1=&subctg2=
490,"美, 브레이크 안전조치 강화",http://www.segye.com/Articles/NEWS/INTERNATIONAL/Article.asp?aid=20100303004192&subctg1=&subctg2=
491,"한국토요타 ""올 2만대 이상 팔 것""",https://news.naver.com/main/read.naver?mode=LSD&mid=sec&sid1=101&oid=011&aid=0002219490
492,"나카바야시 대표 ""올해 판매대수 1만3000대 목표""",http://www.asiae.co.kr/news/view.htm?idxno=2012022114032976319
493,"국토부, `캠리`등 444대 우선 리콜(상보)",http://www.edaily.co.kr/news/newspath.asp?newsid=02542006592866912
494,토요타 파문 확산.. 리콜 차량 110만 대 추가돼,http://www.radiokorea.com/main/news/news_articles.asp?category=quick_news&seq=28109
495,"토요타, 국내 신차 3~4종 투입",http://www.newscj.com/news/articleView.html?idxno=85204
496,[CAR]2011 It Car!… 매력넘치는 ‘루키’에 대한민국이 꽂혔다,http://news.donga.com/3/all/20111214/42600370/1
497,`생사기로 섰던 건 옛말`..글로벌 車업계 활력찾다,http://www.edaily.co.kr/news/newspath.asp?newsid=02289446589821104
498,신차 불만 '급증'..경쟁가열 속 품질관리는 뒷전?,http://news.etomato.com/pagelog/popup_log.asp?newsseq=167820
499,자동차 축제 ‘디트로이트 모터쇼’ 개막,https://news.naver.com/main/read.naver?mode=LSD&mid=sec&sid1=101&oid=086&aid=0000078865
