,title,url
0,"도요타 전기차, 일본선 ‘구독’ 방식으로 판매... 월 사용료 내고 추후 반납",https://hankookilbo.com/News/Read/A2022041310520004010?did=NA
1,도요타 친환경차 글로벌 판매량 2000만대 넘었다,http://www.beyondpost.co.kr/view.php?ud=2022033110253196228752c8ab62_30
2,[시승기]막 밟아도 리터당 연비 21km!...하이브리드 제왕 도요타 '프리우스' 만나봤습니다,http://www.g-enews.com/ko-kr/news/article/news_all/2021100816162066137bdb7041ec_1/article.html
3,자율주행 공들이는 네이버가 도요타 프리우스 고집하는 이유는?,https://biz.chosun.com/it-science/ict/2021/07/21/QJ3ZYIXSIFBPJOPZYSGTXBQVEM/?utm_source=naver&utm_medium=original&utm_campaign=biz
4,"도요타, 2025년 하이브리드 차량에 전고체 배터리 첫 탑재",http://www.g-enews.com/ko-kr/news/article/news_all/202201191313141870e8b8a793f7_1/article.html
5,전재산 1000억 넘는데 3천만원짜리 프리우스 타는 '영앤리치' 엠마왓슨,https://www.insight.co.kr/news/372536
6,하이브리드 '대명사' 도요타 프리우스…운전하는 재미까지 더했다,https://www.hankyung.com/economy/article/2021033065821
7,"“차는 속썩이지 않아서”…일본차 '역주행' , 테슬라 '역효과' 때문? [세상만車]",https://premium.mk.co.kr/view.php?no=31717
8,日서 구형 도요타車 도난 잇따라…찻값보다 비싼 부품 노려,http://www.newsis.com/view/?id=NISX20211013_0001611574&cID=10101&pID=10100
9,"미국기업, 도요타·혼다·GM 특허침해 이유 소공제기 """,http://www.opinionnews.co.kr/news/articleView.html?idxno=58742
10,"도요타, 반도체 부족에도 쾌속 질주…영업益 48% 급증",http://www.g-enews.com/ko-kr/news/article/news_all/202111070819376381e8b8a793f7_1/article.html
11,"[글로벌-Biz 24] 도요타, 독일에서 전기차 프리우스 판매 중단",http://www.g-enews.com/ko-kr/news/article/news_all/202008161530508878b8488d322b_1/article.html
12,일본 수입 전기차 판매량 3배로 급증…틈새시장 벗어날까,http://yna.kr/AKR20220207133000009?did=1195m
13,도요타 하이브리드 선구자 ‘프리우스’…22.4㎞/ℓ 복합연비… 따라올 자 없다,https://www.seoul.co.kr/news/newsView.php?id=20200817018009&wlog_tag3=naver
14,‘퍼스트카’ 도요타 프리우스 프라임의 도발-전기차는 세컨드카?,http://news.mk.co.kr/newsRead.php?no=130608&year=2021
15,"NYT ""도요타, 미 의회에 전기차 조속 전환 견제 로비""",http://news.einfomax.co.kr/news/articleView.html?idxno=4159392
16,"도요타, 친환경차 프리우스 2종 국내 출시…취득세 감면",https://www.hankyung.com/economy/article/202003100133g
17,"도요타 셧다운 패닉, 렉서스 물량확보 비상",http://www.dt.co.kr/contents.html?article_no=2021082602101632064001&ref=naver
18,도요타 하이브리드 일부 모델 집단소송…프리우스·캠리·아발론 등,http://www.koreadaily.com/news/read.asp?art_id=7984551
19,쏘나타 하이브리드 중고차값 가장 많이 올라,https://news.koreadaily.com/2022/04/27/economy/car/20220427201141822.html
20,"일본의 반성 ""현대차, 언제 이렇게 컸나""…뒤늦게 전기차 본격 시동",http://news.mk.co.kr/newsRead.php?no=379521&year=2022
21,"美언론, ""도요타, 전기차 조기 전환 늦추기 위해 미 의회 상대 로비""",http://www.thedailypost.kr/news/articleView.html?idxno=83080
22,도요타 프리우스 C 크로스오버 등 2개 모델 출시,http://news.khan.co.kr/kh_news/khan_art_view.html?artid=202003101020011&code=920508
23,도요타 프리우스·코롤라 일부 리콜,http://www.koreadaily.com/news/read.asp?art_id=7853495
24,"도요타코리아, 하이브리드 차량 ‘뉴 프리우스’ 출시",http://www.tfnews.co.kr/news/article.html?no=67982
25,"혼다, 엔진과 결별 … 도요타, 수소엔진 고집",http://www.naeil.com/news_view/?id_art=390619
26,"[글로벌-Biz 24] 도요타, 프리우스 인버트 결함관련 2건의 집단소송 직면",http://www.g-enews.com/ko-kr/news/article/news_all/201905160906126686b5d048c6f3_1/article.html
27,[글로벌-Biz 24]일본내 최고 연비 세단은 도요타 프리우스,http://www.g-enews.com/ko-kr/news/article/news_all/20190501091411277b5d048c6f3_1/article.html
28,"도요타코리아, 뉴 프리우스 출시… 리터당 22.4km ‘연비왕’",http://www.betanews.net:8080/article/1016506.html
29,"[글로벌-Biz 24] 도요타, 프리우스 등 2만2000대 리콜…브레이크 결함, 제동 거리 증가",http://www.g-enews.com/ko-kr/news/article/news_all/201907250752246525d6eb469fd3_1/article.html
30,돈자랑 바쁜 머스크…테슬라부터 제대로 만들어야겠네,http://news.mk.co.kr/newsRead.php?no=1084331&year=2021
31,금속성형 기술로 반도체·전기차 산업 심장된 미쓰이하이텍[이슬기의 주식오마카세],https://www.hankyung.com/finance/article/202111161129i
32,하이브리드 리더 도요타 프리우스…4세대로 거듭 진화,http://www.newsis.com/view/?id=NISX20181123_0000482509&cID=13001&pID=13000
33,[글로벌-Biz 24] 도요타 프리우스 리콜 사태 법정분쟁 비화,http://www.g-enews.com/ko-kr/news/article/news_all/201904250903423975f806fa96c5_1/article.html
34,"[수입차 가을 대전] 도요타 프리우스, 더 높아진 연비...가속·승차감까지 탁월하네",http://www.sedaily.com/NewsView/1S5Y5UBN69
35,"일본 도요타(Toyota) 프리우스 자동차 243만대 리콜, 하이브리드 시스템 중대 결함",http://www.g-enews.com/ko-kr/news/article/news_all/2018100615415772084a01bf698f_1/article.html
36,"도요타, 美·中·日서 판매 프리우스 또 결함",http://www.sedaily.com/NewsView/1S5T446K0V
37,"도요타, 프리우스ㆍ오리스 243만대 리콜",http://www.hankookilbo.com/news/npath/201810051759033874?did=NA
38,도요타 프리우스·C-HR 하이브리드 100만대 리콜…“화재 위험”,http://www.seoul.co.kr/news/newsView.php?id=20180905500126&wlog_tag3=naver
39,"도요타, 프리우스 프라임과 제주서 ‘힐링’하세요",http://www.dt.co.kr/contents.html?article_no=2018111402109932052010&ref=naver
40,글로벌 수소차 시장에 ‘도요타 공습’… 현대차 2위로 밀려나,https://biz.chosun.com/industry/car/2021/05/04/I6I7OLMCORHKZOK54QP6SNE36U/?utm_source=naver&utm_medium=original&utm_campaign=biz
41,도요타 프리우스 리콜…화재 위험 일부 모델,http://www.koreadaily.com/news/read.asp?art_id=6535460
42,"도요타, ‘프리우스C’ 누적 계약 350대 돌파… 연간 목표 40% 달성",http://bizn.donga.com/car/3/all/20180416/89634146/2
43,"도요타 프리우스 C, 한달 만에 계약 350대 돌파",http://www.edaily.co.kr/news/newspath.asp?newsid=01912246619176776
44,"도요타, 플러그인 하이브리드 적용 '프리우스 프라임' 선보여",http://app.yonhapnews.co.kr/YNA/Basic/SNS/r.aspx?c=AKR20180411042500848&did=1195m
45,"전기차 미국시장 판매 순위, 뉴욕증시 랭킹 … ① 테슬라 Model 3 ② 도요타 프리우스 ③ GM 볼트 ④ 피아트 500e ⑤ 닛산 Leaf ⑥폭스바겐 e-골프",http://www.g-enews.com/ko-kr/news/article/news_all/2018040414421121824a01bf698f_1/article.html
46,"도요타 프리우스, '日 연비 좋은 승용차' 3년 연속 1위",http://www.g-enews.com/ko-kr/news/article/news_all/201803261145071610e8b8a793f7_1/article.html
47,[도요타] 하이브리드카 도전 20년…프리우스 神話는 ‘…ing`,http://news.mk.co.kr/newsRead.php?year=2018&no=191117
48,"도요타, 프리우스 프라임 고객 대상 '스마트 에코 트립' 진행",http://www.viva100.com/main/view.php?key=20180604010000839
49,[신차 SWOT] 도요타 프리우스 C '연비는 좋은데...',http://it.chosun.com/news/article.html?no=2848196
50,도요타 소형 하이브리드카 '프리우스C' 출격…진짜 경쟁자는?,http://news.hankyung.com/article/201803146170g
51,2천만원대 도요타 소형 하이브리드차 '프리우스C' 출시,http://app.yonhapnews.co.kr/YNA/Basic/SNS/r.aspx?c=AKR20180314088900003&did=1195m
52,"도요타 프리우스 C, 현대차 아이오닉 잡겠다?",http://www.ohmynews.com/NWS_Web/View/at_pg.aspx?CNTN_CD=A0002413941&CMPT_CD=P0010&utm_source=naver&utm_medium=newsearch&utm_campaign=naver_news
53,"도요타, 소형 하이브리드 '프리우스C' 14일 한국 출시",http://app.yonhapnews.co.kr/YNA/Basic/SNS/r.aspx?c=AKR20180312048500003&did=1195m
54,"도요타, 프리우스 HV 특허 무료 개방...구글 ‘안드로이드’ 효과 노린다",http://www.etoday.co.kr/news/section/newsview.php?idxno=1741309
55,[어제의 IT키워드] ZTE 폴더 스마트폰·이통3사 만난 유 장관·도요타 프리우스C·3월 프라모델,http://it.chosun.com/news/article.html?no=2847482
56,2천만원대 '도요타 프리우스 C' 3월 14일 국내 출시...이력 살펴보니,http://it.chosun.com/news/article.html?no=2847414
57,"도요타 프리우스, 리콜이후에도 결함 안고 씽씽... 운전자 불필요한 위험에 노출상태로 주행",http://www.g-enews.com/ko-kr/news/article/news_all/201802261240287783d6eb469fd3_1/article.html
58,2000만원대 프리우스 나온다…한국도요타 신임사장 '소형 하이브리드 전략' 통할까,http://news.hankyung.com/article/201801242892g
59,"도요타 프리우스, 작년 34% 올 16%",http://news.heraldcorp.com/view.php?ud=20171222000352
60,"""중고 프리우스 불량"" 남가주 도요타 딜러 1억 달러 소송 제기",http://www.koreadaily.com/news/read.asp?art_id=6101935
61,"""프리우스에 안주하지 않겠다"" 아키오 도요타 사장의 도전",http://premium.mk.co.kr/view.php?no=20902
62,ES300h·프리우스로 만나본 도요타 최신 하이브리드 기술,http://bizn.donga.com/car/3/all/20170804/85680335/2
63,"도요타 프리우스, 리프·테슬라 제치고 글로벌 전기차 1위",http://www.edaily.co.kr/news/newspath.asp?newsid=03263606616000096
64,"도요타, 프리우스 PHVSUV C-HR 등 4만2665대 리콜…해외판매 14만대도 대상",http://www.g-enews.com/ko-kr/news/article/news_all/201711161041212866e8b8a793f7_1/article.html
65,[타봤습니다] 연비 끝판왕의 또 다른 진화…도요타 '프리우스 프라임',http://www.hankyung.com/news/app/newsview.php?aid=201705243746g
66,[기지개 켜는 수입차] 도요타 '프리우스 프라임',http://www.sedaily.com/NewsView/1OFYJLREQS
67,[시승기] 도요타 '프리우스 프라임'…전기+하이브리드로 리터당 65km 달려,http://it.chosun.com/news/article.html?no=2833558
68,[시승기] '넘사벽' 연비… 도요타 '프리우스 프라임' 타보니,http://www.asiatoday.co.kr/view.php?key=20170413010008591
69,도요타 프리우스 프라임 출시… PHEV모델… 듀얼모터 시스템,http://news.donga.com/3/all/20170411/83811893/1
70,도요타 국내 첫 PHEV 모델 출시…'프리우스 프라임'(종합2보),http://app.yonhapnews.co.kr/YNA/Basic/SNS/r.aspx?c=AKR20170411054852003&did=1195m
71,도요타 프리우스 프라임 출시… 최고 연비 21.4km/ℓ 달성,http://bizn.donga.com/car/3/all/20170411/83795944/2
72,[2017 서울모터쇼]도요타 프리우스 프라임… ‘원조’ 친환경차의 변신,http://bizn.donga.com/car/3/all/20170329/83593494/3
73,"[글로벌-Biz 24] 도요타 프리우스, 일본에서 잇단 폭주사고",http://www.g-enews.com/ko-kr/news/article/news_all/201906090907536693f806fa96c5_1/article.html
74,똑똑한 500가지 호기심 과학 - 탈 것의 발명 ⑥,http://www.kidshankook.kr/news/articleView.html?idxno=3238
75,"도요타 프리우스, 작년 12월 中 판매 '단 1대' 굴욕",http://news1.kr/articles/?2913793
76,"일본에서 제일 잘 팔리는 신차는 … 혼다 N-BOX, 도요타 프리우스 꺾고 1위",http://news.hankyung.com/article/201707072434g
77,"한국도요타, 프리우스 고객 대상 '라라랜드' 관람 이벤트",http://www.mt.co.kr/view/mtview.php?type=1&no=2016122615064068075&outlink=1
78,[2016 베스트셀링 수입차] 도요타 '4세대 프리우스',http://www.sedaily.com/NewsView/1L5611I9RB
79,"아이오닉 하이브리드, 도요타 프리우스 연비 제치고 美 '1위' 달성",http://www.ajunews.com/view/20161206155045569
80,"[일문일답]도요타, 첫번째 PHEV '프리우스 프라임' 장점은…충전 인프라는?",http://www.g-enews.com/ko-kr/news/article/news_all/201704111802011109a74922b82d_1/article.html
81,"도요타 ""신형 프리우스 PHV, 판매목표 5배 넘게 팔려""",http://www.fnnews.com/news/201703221602209083
82,도요타 프리우스·C-HR 100만대 리콜,http://www.koreatimes.com/article/1201582
83,저유가 직격타..미국서 죽쓰는 도요타 프리우스,http://www.edaily.co.kr/news/newspath.asp?newsid=03499766612777824
84,"도요타, 소형 하이브리드카 ‘프리우스 C’ 예약 판매",http://news.khan.co.kr/kh_news/khan_art_view.html?artid=201802261249001&code=920508
85,"도요타, 야심작 '프리우스 플러그인' 발매 연말께로 돌연 연기",http://app.yonhapnews.co.kr/YNA/Basic/SNS/r.aspx?c=AKR20160804052200009&did=1195m
86,"[카닥터] 프리우스, 도요타 기술력의 상징",http://www.econovill.com/news/articleView.html?idxno=294831
87,"'에어백 사고' 일으키는 도요타 프리우스, 랜드로버 디스커버리4 리콜",http://biz.chosun.com/site/data/html_dir/2016/07/25/2016072502436.html
88,도요타 프리우스 8년간 4번의 변신.. 오로지 운전자에만 집중,http://www.fnnews.com/news/201606201822202340
89,"도요타, 2세대 플러그인 하이브리드카 '프리우스 프라임' 공개…전기로만 60km 주행",http://biz.chosun.com/site/data/html_dir/2016/06/16/2016061602196.html
90,[팔방미인 수입차] 도요타 4세대 프리우스···연비 22.6㎞에 강력한 주행성능,http://www.sedaily.com/NewsView/1KXLN2K2QT
91,현대차 아이오닉 VS. 도요타 프리우스 '무게 논쟁',http://www.fnnews.com/news/201606141821440339
92,"[시승기] 日本 나고야서 만난 도요타 '4세대 프리우스'··· 고연비는 기본, 주행 재미도 만끽",http://www.sedaily.com/NewsView/1KXKPC26FI
93,"현대차 아오닉, 독일서 도요타 프리우스에 '판정승'",http://www.viva100.com/main/view.php?key=20161110010003044
94,"현대차 아이오닉, 독일 자동차 권위지서 도요타 프리우스에 '승전보'",http://www.cstimes.com/news/articleView.html?idxno=230453
95,"도요타 4세대 프리우스, 美 컨슈머 리포트 역대 최고 연비 기록",http://www.g-enews.com/ko-kr/news/article/news_all/201605311131542016480_1/article.html
96,"도요타, '프리우스' 반전 돌풍…현대 '아이오닉' 맹 추격",http://www.viva100.com/main/view.php?key=20160508010002054
97,[시승기+] 도요타 기술력의 결정체 '신형 프리우스'…소비자들이 주목해야 하는 이유,http://www.hankyung.com/news/app/newsview.php?aid=201605059897g
98,"도요타 프리우스, 최다 하이브리드차 행진으로 기네스 세계 기록",http://www.g-enews.com/ko-kr/news/article/news_all/201604281014479735156_1/article.html
99,도요타 프리우스 등 하이브리드 대규모 리콜,http://www.koreadaily.com/news/read.asp?art_id=6624193
100,"한국도요타, 소형 하이브리드 ‘프리우스 C’ 사전계약 실시..3월 출시",http://www.edaily.co.kr/news/newspath.asp?newsid=02010646619114456
101,도요타 프리우스 등 리콜,http://www.koreadaily.com/news/read.asp?art_id=6616698
102,2000만원대 프리우스 나온다…한국도요타 신임사장 '소형 하이브리드 전략' 통할까,http://news.hankyung.com/article/201801242892g
103,"도요타 프리우스, 작년 34% 올 16%",http://news.heraldcorp.com/view.php?ud=20171222000352
104,"""중고 프리우스 불량"" 남가주 도요타 딜러 1억 달러 소송 제기",http://www.koreadaily.com/news/read.asp?art_id=6101935
105,도요타. '스마트 스페이스' 프리우스 C 특별전,http://www.fnnews.com/news/201803121057171315
106,"도요타코리아, ‘프리우스 프라임’ 오너 초청 행사 진행",http://bizn.donga.com/car/3/0111/20180604/90401268/1
107,도요타 프리우스·C-HR 하이브리드 100만대 리콜,http://www.radiokorea.com/news/article.php?uid=296287
108,"""프리우스에 안주하지 않겠다"" 아키오 도요타 사장의 도전",http://premium.mk.co.kr/view.php?no=20902
109,ES300h·프리우스로 만나본 도요타 최신 하이브리드 기술,http://bizn.donga.com/car/3/all/20170804/85680335/2
110,"도요타, 프리우스 등 3차종 243만대 리콜…""주행불능"" 우려",http://news.mk.co.kr/newsRead.php?year=2018&no=623086
111,"도요타 프리우스, 작년 34% 올 16%",http://news.heraldcorp.com/view.php?ud=20171222000352
112,"""중고 프리우스 불량"" 남가주 도요타 딜러 1억 달러 소송 제기",http://www.koreadaily.com/news/read.asp?art_id=6101935
113,도요타. '스마트 스페이스' 프리우스 C 특별전,http://www.fnnews.com/news/201803121057171315
114,"도요타, '프리우스C' 사전계약 실시",http://www.fnnews.com/news/201802261019183883
115,"도요타코리아, ‘프리우스 프라임’ 오너 초청 행사 진행",http://bizn.donga.com/car/3/0111/20180604/90401268/1
116,도요타 프리우스·C-HR 하이브리드 100만대 리콜,http://www.radiokorea.com/news/article.php?uid=296287
117,"""프리우스에 안주하지 않겠다"" 아키오 도요타 사장의 도전",http://premium.mk.co.kr/view.php?no=20902
118,ES300h·프리우스로 만나본 도요타 최신 하이브리드 기술,http://bizn.donga.com/car/3/all/20170804/85680335/2
119,"도요타 프리우스, 리프·테슬라 제치고 글로벌 전기차 1위",http://www.edaily.co.kr/news/newspath.asp?newsid=03263606616000096
120,"""프리우스에 안주하지 않겠다"" 아키오 도요타 사장의 도전",http://premium.mk.co.kr/view.php?no=20902
121,ES300h·프리우스로 만나본 도요타 최신 하이브리드 기술,http://bizn.donga.com/car/3/all/20170804/85680335/2
122,"도요타 프리우스, 리프·테슬라 제치고 글로벌 전기차 1위",http://www.edaily.co.kr/news/newspath.asp?newsid=03263606616000096
123,"[HK영상] 도요타, 소형 하이브리드카 '프리우스C' 출시",http://news.hankyung.com/article/2018031482927
124,"도요타, 2천만원대 소형 하이브리드 '프리우스 C' 출시",http://www.insight.co.kr/news/144903
125,"도요타, 하이브리드 '프리우스 C' 국내 출시",http://www.fnnews.com/news/201803141137331872
126,"도요타, 프리우스 PHVSUV C-HR 등 4만2665대 리콜…해외판매 14만대도 대상",http://www.g-enews.com/ko-kr/news/article/news_all/201711161041212866e8b8a793f7_1/article.html
127,"도요타, '프리우스C' 한 달 만에 연간 목표치 40% 달성",http://www.fnnews.com/news/201804161030259879
128,[타봤습니다] 연비 끝판왕의 또 다른 진화…도요타 '프리우스 프라임',http://www.hankyung.com/news/app/newsview.php?aid=201705243746g
129,[기지개 켜는 수입차] 도요타 '프리우스 프라임',http://www.sedaily.com/NewsView/1OFYJLREQS
130,[기지개 켜는 수입차] 도요타 '프리우스 프라임',http://www.sedaily.com/NewsView/1OFYJLREQS
131,[시승기] 도요타 '프리우스 프라임'…전기+하이브리드로 리터당 65km 달려,http://it.chosun.com/news/article.html?no=2833558
132,[시승기] '넘사벽' 연비… 도요타 '프리우스 프라임' 타보니,http://www.asiatoday.co.kr/view.php?key=20170413010008591
133,도요타 프리우스 프라임 출시… PHEV모델… 듀얼모터 시스템,http://news.donga.com/3/all/20170411/83811893/1
134,도요타 국내 첫 PHEV 모델 출시…'프리우스 프라임'(종합2보),http://app.yonhapnews.co.kr/YNA/Basic/SNS/r.aspx?c=AKR20170411054852003&did=1195m
135,도요타 프리우스 프라임 출시… 최고 연비 21.4km/ℓ 달성,http://bizn.donga.com/car/3/all/20170411/83795944/2
136,[2017 서울모터쇼]도요타 프리우스 프라임… ‘원조’ 친환경차의 변신,http://bizn.donga.com/car/3/all/20170329/83593494/3
137,"[글로벌-Biz 24] 도요타 프리우스, 일본에서 잇단 폭주사고",http://www.g-enews.com/ko-kr/news/article/news_all/201906090907536693f806fa96c5_1/article.html
138,"도요타 코리아, 프리우스 C 판매 시작",http://news1.kr/photos/view/?3010146
139,똑똑한 500가지 호기심 과학 - 탈 것의 발명 ⑥,http://www.kidshankook.kr/news/articleView.html?idxno=3238
140,도요타 '프리우스 프라임' 국내 출시… PHEV 한·일戰 열린다,http://www.ajunews.com/view/20170411125532120
141,[2017 서울모터쇼]도요타 프리우스 프라임… ‘원조’ 친환경차의 변신,http://bizn.donga.com/car/3/all/20170329/83593494/3
142,"[글로벌-Biz 24] 도요타 프리우스, 일본에서 잇단 폭주사고",http://www.g-enews.com/ko-kr/news/article/news_all/201906090907536693f806fa96c5_1/article.html
143,"도요타 코리아, 프리우스 C 판매 시작",http://news1.kr/photos/view/?3010146
144,똑똑한 500가지 호기심 과학 - 탈 것의 발명 ⑥,http://www.kidshankook.kr/news/articleView.html?idxno=3238
145,"도요타 프리우스, 작년 12월 中 판매 '단 1대' 굴욕",http://news1.kr/articles/?2913793
146,"일본에서 제일 잘 팔리는 신차는 … 혼다 N-BOX, 도요타 프리우스 꺾고 1위",http://news.hankyung.com/article/201707072434g
147,"한국도요타, 프리우스 고객 대상 '라라랜드' 관람 이벤트",http://www.mt.co.kr/view/mtview.php?type=1&no=2016122615064068075&outlink=1
148,도요타 소형 하이브리드 '프리우스 C' 사전계약,http://app.yonhapnews.co.kr/YNA/Basic/SNS/r.aspx?c=PYH20180226049200003&did=1196m
149,[2016 베스트셀링 수입차] 도요타 '4세대 프리우스',http://www.sedaily.com/NewsView/1L5611I9RB
150,"도요타, 프리우스 프라임 한국 출시",http://www.naeil.com/news_view/?id_art=233824
151,[2017 서울모터쇼]도요타 프리우스 프라임… ‘원조’ 친환경차의 변신,http://bizn.donga.com/car/3/all/20170329/83593494/3
152,"[글로벌-Biz 24] 도요타 프리우스, 일본에서 잇단 폭주사고",http://www.g-enews.com/ko-kr/news/article/news_all/201906090907536693f806fa96c5_1/article.html
153,"도요타 코리아, 프리우스 C 판매 시작",http://news1.kr/photos/view/?3010146
154,똑똑한 500가지 호기심 과학 - 탈 것의 발명 ⑥,http://www.kidshankook.kr/news/articleView.html?idxno=3238
155,"도요타 프리우스, 작년 12월 中 판매 '단 1대' 굴욕",http://news1.kr/articles/?2913793
156,"일본에서 제일 잘 팔리는 신차는 … 혼다 N-BOX, 도요타 프리우스 꺾고 1위",http://news.hankyung.com/article/201707072434g
157,"한국도요타, 프리우스 고객 대상 '라라랜드' 관람 이벤트",http://www.mt.co.kr/view/mtview.php?type=1&no=2016122615064068075&outlink=1
158,도요타 소형 하이브리드 '프리우스 C' 사전계약,http://app.yonhapnews.co.kr/YNA/Basic/SNS/r.aspx?c=PYH20180226049200003&did=1196m
159,[2016 베스트셀링 수입차] 도요타 '4세대 프리우스',http://www.sedaily.com/NewsView/1L5611I9RB
160,"도요타 코리아, 프리우스 C 판매 시작",http://news1.kr/photos/view/?3010146
161,똑똑한 500가지 호기심 과학 - 탈 것의 발명 ⑥,http://www.kidshankook.kr/news/articleView.html?idxno=3238
162,"도요타 프리우스, 작년 12월 中 판매 '단 1대' 굴욕",http://news1.kr/articles/?2913793
163,"일본에서 제일 잘 팔리는 신차는 … 혼다 N-BOX, 도요타 프리우스 꺾고 1위",http://news.hankyung.com/article/201707072434g
164,"한국도요타, 프리우스 고객 대상 '라라랜드' 관람 이벤트",http://www.mt.co.kr/view/mtview.php?type=1&no=2016122615064068075&outlink=1
165,도요타 소형 하이브리드 '프리우스 C' 사전계약,http://app.yonhapnews.co.kr/YNA/Basic/SNS/r.aspx?c=PYH20180226049200003&did=1196m
166,[2016 베스트셀링 수입차] 도요타 '4세대 프리우스',http://www.sedaily.com/NewsView/1L5611I9RB
167,"아이오닉 하이브리드, 도요타 프리우스 연비 제치고 美 '1위' 달성",http://www.ajunews.com/view/20161206155045569
168,"[일문일답]도요타, 첫번째 PHEV '프리우스 프라임' 장점은…충전 인프라는?",http://www.g-enews.com/ko-kr/news/article/news_all/201704111802011109a74922b82d_1/article.html
169,"도요타 ""신형 프리우스 PHV, 판매목표 5배 넘게 팔려""",http://www.fnnews.com/news/201703221602209083
170,"아이오닉 하이브리드, 도요타 프리우스 뛰어 넘었다",http://www.sedaily.com/NewsView/1L5537PKWU
171,"[일문일답]도요타, 첫번째 PHEV '프리우스 프라임' 장점은…충전 인프라는?",http://www.g-enews.com/ko-kr/news/article/news_all/201704111802011109a74922b82d_1/article.html
172,"도요타 ""신형 프리우스 PHV, 판매목표 5배 넘게 팔려""",http://www.fnnews.com/news/201703221602209083
173,도요타 프리우스·C-HR 100만대 리콜,http://www.koreatimes.com/article/1201582
174,저유가 직격타..미국서 죽쓰는 도요타 프리우스,http://www.edaily.co.kr/news/newspath.asp?newsid=03499766612777824
175,"도요타, 소형 하이브리드카 ‘프리우스 C’ 예약 판매",http://news.khan.co.kr/kh_news/khan_art_view.html?artid=201802261249001&code=920508
176,"도요타, 야심작 '프리우스 플러그인' 발매 연말께로 돌연 연기",http://app.yonhapnews.co.kr/YNA/Basic/SNS/r.aspx?c=AKR20160804052200009&did=1195m
177,"[카닥터] 프리우스, 도요타 기술력의 상징",http://www.econovill.com/news/articleView.html?idxno=294831
178,"'에어백 사고' 일으키는 도요타 프리우스, 랜드로버 디스커버리4 리콜",http://biz.chosun.com/site/data/html_dir/2016/07/25/2016072502436.html
179,도요타 프리우스 8년간 4번의 변신.. 오로지 운전자에만 집중,http://www.fnnews.com/news/201606201822202340
180,"'에어백 사고' 일으키는 도요타 프리우스, 랜드로버 디스커버리4 리콜",http://biz.chosun.com/site/data/html_dir/2016/07/25/2016072502436.html
181,"현대차 아이오닉, ‘연비왕’... 도요타 프리우스 눌렀다",http://www.koreaittimes.com/story/63168/%ED%98%84%EB%8C%80%EC%B0%A8-%EC%95%84%EC%9D%B4%EC%98%A4%EB%8B%89-%E2%80%98%EC%97%B0%EB%B9%84%EC%99%95%E2%80%99-%EB%8F%84%EC%9A%94%ED%83%80-%ED%94%84%EB%A6%AC%EC%9A%B0%EC%8A%A4-%EB%88%8C%EB%A0%80%EB%8B%A4
182,도요타 프리우스 8년간 4번의 변신.. 오로지 운전자에만 집중,http://www.fnnews.com/news/201606201822202340
183,"도요타, 프리우스 고객 ‘라라랜드’ 관람 초청",http://www.edaily.co.kr/news/newspath.asp?newsid=01580966612882456
184,"도요타, 2세대 플러그인 하이브리드카 '프리우스 프라임' 공개…전기로만 60km 주행",http://biz.chosun.com/site/data/html_dir/2016/06/16/2016061602196.html
185,[팔방미인 수입차] 도요타 4세대 프리우스···연비 22.6㎞에 강력한 주행성능,http://www.sedaily.com/NewsView/1KXLN2K2QT
186,현대차 아이오닉 VS. 도요타 프리우스 '무게 논쟁',http://www.fnnews.com/news/201606141821440339
187,"[시승기] 日本 나고야서 만난 도요타 '4세대 프리우스'··· 고연비는 기본, 주행 재미도 만끽",http://www.sedaily.com/NewsView/1KXKPC26FI
188,"현대차 아오닉, 독일서 도요타 프리우스에 '판정승'",http://www.viva100.com/main/view.php?key=20161110010003044
189,"현대차 아이오닉, 독일 자동차 권위지서 도요타 프리우스에 '승전보'",http://www.cstimes.com/news/articleView.html?idxno=230453
190,"현대차 아이오닉, 독일 자동차 권위지서 도요타 프리우스에 '승전보'",http://www.cstimes.com/news/articleView.html?idxno=230453
191,[타 봤어요] 충전 걱정없는 연비 끝판왕 도요타 ‘프리우스 프라임’,http://www.edaily.co.kr/news/newspath.asp?newsid=01925366615929904
192,"도요타 4세대 프리우스, 美 컨슈머 리포트 역대 최고 연비 기록",http://www.g-enews.com/ko-kr/news/article/news_all/201605311131542016480_1/article.html
193,"도요타, '프리우스' 반전 돌풍…현대 '아이오닉' 맹 추격",http://www.viva100.com/main/view.php?key=20160508010002054
194,[시승기+] 도요타 기술력의 결정체 '신형 프리우스'…소비자들이 주목해야 하는 이유,http://www.hankyung.com/news/app/newsview.php?aid=201605059897g
195,"도요타 프리우스, 최다 하이브리드차 행진으로 기네스 세계 기록",http://www.g-enews.com/ko-kr/news/article/news_all/201604281014479735156_1/article.html
196,도요타 프리우스 등 하이브리드 대규모 리콜,http://www.koreadaily.com/news/read.asp?art_id=6624193
197,"도요타 4세대 프리우스, 유럽서 최고 안전도 2관왕 등극",http://www.ajunews.com/view/20160424101711837
198,"도요타 4세대 프리우스, ‘친환경차 보조금’ 혜택 받는다",http://www.ajunews.com/view/20160406152812705
199,"`연비왕` 도요타 4세대 프리우스, 친환경車 편견 깨는 `파워모드`로 씽씽~ 디젤 안부럽네",http://news.mk.co.kr/newsRead.php?no=245090&year=2016
200,도요타 프리우스 등 하이브리드 대규모 리콜,http://www.koreadaily.com/news/read.asp?art_id=6624193
201,"도요타 4세대 프리우스, 유럽서 최고 안전도 2관왕 등극",http://www.ajunews.com/view/20160424101711837
202,"도요타 4세대 프리우스, ‘친환경차 보조금’ 혜택 받는다",http://www.ajunews.com/view/20160406152812705
203,"`연비왕` 도요타 4세대 프리우스, 친환경車 편견 깨는 `파워모드`로 씽씽~ 디젤 안부럽네",http://news.mk.co.kr/newsRead.php?no=245090&year=2016
204,[타 봤어요]`도심연비 깡패` 더 날렵해진 4세대 도요타 프리우스,http://www.edaily.co.kr/news/newspath.asp?newsid=01269366612588896
205,"[시승기] 4세대 도요타 프리우스, 시속 70㎞까지 전기 모터로 '위잉~'…주행 성능 군더더기 없는 '모범생'",http://www.hankyung.com/news/app/newsview.php?aid=2016033012921
206,"도요타, 신형 '프리우스' VR 마케팅 화제…목표 판매 초과 달성",http://www.viva100.com/main/view.php?key=20160330010009339
207,"[영상/시승기] 도요타 신형 프리우스, 현대차 아이오닉보다 나은 점은?",http://www.ajunews.com/view/20160328094554342
208,도요타 프리우스 시승해보니…'외관 디자인'부터 눈길,http://www.ggilbo.com/news/articleView.html?idxno=274109
209,도요타 신형 ‘프리우스’ 출격…현대기아차 본격 '진검승부',http://www.viva100.com/main/view.php?key=20160322010007167
210,"[영상/시승기] 도요타 신형 프리우스, 현대차 아이오닉보다 나은 점은?",http://www.ajunews.com/view/20160328094554342
211,도요타 프리우스 시승해보니…'외관 디자인'부터 눈길,http://www.ggilbo.com/news/articleView.html?idxno=274109
212,도요타 신형 ‘프리우스’ 출격…현대기아차 본격 '진검승부',http://www.viva100.com/main/view.php?key=20160322010007167
213,[프리우스 해부] 도요타 대표선수···아이오닉과 ‘진검승부’,http://www.econovill.com/news/articleView.html?idxno=284858
214,"한국도요타, “올해 국내 판매량 절반 하이브리드로 채우겠다”… ‘4세대 프리우스’ 출시",http://www.seoul.co.kr/news/newsView.php?id=20160322500156
215,"도요타 프리우스 4세대 신모델 상륙 ""올해 2천대 판매""",http://www.nocutnews.co.kr/news/4566356
216,도요타 프리우스 상륙.. 현대차 아이오닉과 경쟁,http://www.fnnews.com/news/201603221810251346
217,"도요타, 4세대 프리우스 출시…아이오닉과 '진검승부'",http://daily.hankooki.com/lpage/economy/201603/dh20160322105017138140.htm
218,"日도요타, 프리우스 34만대 리콜… 주차브레이크 문제",http://www.edaily.co.kr/news/newspath.asp?newsid=02010646612812592
219,"도요타, 신형 프리우스 PHV 일본서 한달만에 1만2500대 돌파",http://www.asiatoday.co.kr/view.php?key=20170322010014136
220,"도요타, 신형 프리우스 출격…현대차 아이오닉과 자존심 싸움 시작됐다",http://www.hankyung.com/news/app/newsview.php?aid=201603226075g
221,"도요타, 4세대 프리우스 국내 출시..3260만원부터",http://www.fnnews.com/news/201603220855485112
222,"도요타, 4세대 프리우스 출시…아이오닉과 '진검승부'",http://daily.hankooki.com/lpage/economy/201603/dh20160322105017138140.htm
223,"日도요타, 프리우스 34만대 리콜… 주차브레이크 문제",http://www.edaily.co.kr/news/newspath.asp?newsid=02010646612812592
224,"도요타, 신형 프리우스 PHV 일본서 한달만에 1만2500대 돌파",http://www.asiatoday.co.kr/view.php?key=20170322010014136
225,"현대차 아이오닉, 도요타 프리우스 국내 상륙 두렵지 않은 이유?",http://daily.hankooki.com/lpage/economy/201603/dh20160315110250138140.htm
226,"렉서스, 프리우스 등 도요타 13차종 리콜 ""에어백 불량""",http://www.radiokorea.com/news/article.php?uid=281561
227,"브리지스톤 타이어, 2016년형 도요타 프리우스와 함께 달린다",http://www.sisaweek.com/news/articleView.html?idxno=64205
228,"12가지 컬러, 도요타 프리우스 C 출시",http://app.yonhapnews.co.kr/YNA/Basic/SNS/r.aspx?c=PYH20180314071400013&did=1196m
229,현대 아이오닉 대 도요타 프리우스…누가 셀까?,http://www.koreadaily.com/news/read.asp?art_id=3976709
230,"현대차 아이오닉, 도요타 프리우스 국내 상륙 두렵지 않은 이유?",http://daily.hankooki.com/lpage/economy/201603/dh20160315110250138140.htm
231,"렉서스, 프리우스 등 도요타 13차종 리콜 ""에어백 불량""",http://www.radiokorea.com/news/article.php?uid=281561
232,"브리지스톤 타이어, 2016년형 도요타 프리우스와 함께 달린다",http://www.sisaweek.com/news/articleView.html?idxno=64205
233,"12가지 컬러, 도요타 프리우스 C 출시",http://app.yonhapnews.co.kr/YNA/Basic/SNS/r.aspx?c=PYH20180314071400013&did=1196m
234,현대 아이오닉 대 도요타 프리우스…누가 셀까?,http://www.koreadaily.com/news/read.asp?art_id=3976709
235,"‘흥행돌풍’ 현대차 아이오닉, 도요타 프리우스 ‘정면승부’",http://www.econovill.com/news/articleView.html?idxno=278293
236,"현대차 아이오닉, 도요타 4세대 프리우스 잡는다…3월 본격 맞대결",http://www.g-enews.com/ko-kr/news/article/news_all/201601201011392649609_1/article.html
237,"韓 제네시스 EQ900 , 日 도요타 프리우스 '폭풍질주'",http://www.asiatoday.co.kr/view.php?key=20160119010011770
238,"현대차 아이오닉 라이벌 ‘도요타 프리우스’, 일본서 벌써 10만대 ‘수주’",http://www.ajunews.com/view/20160119093745327
239,"도요타 프리우스 일본서 씽씽, 현대 아이오닉 주춤",http://www.asiatoday.co.kr/view.php?key=20160114010008736
240,"도요타 코리아, 프리우스 C 출시",http://app.yonhapnews.co.kr/YNA/Basic/SNS/r.aspx?c=PYH20180314069700013&did=1196m
241,현대 아이오닉 대 도요타 프리우스…누가 셀까?,http://www.koreadaily.com/news/read.asp?art_id=3976709
242,"‘흥행돌풍’ 현대차 아이오닉, 도요타 프리우스 ‘정면승부’",http://www.econovill.com/news/articleView.html?idxno=278293
243,"현대차 아이오닉, 도요타 4세대 프리우스 잡는다…3월 본격 맞대결",http://www.g-enews.com/ko-kr/news/article/news_all/201601201011392649609_1/article.html
244,"韓 제네시스 EQ900 , 日 도요타 프리우스 '폭풍질주'",http://www.asiatoday.co.kr/view.php?key=20160119010011770
245,"현대차 아이오닉 라이벌 ‘도요타 프리우스’, 일본서 벌써 10만대 ‘수주’",http://www.ajunews.com/view/20160119093745327
246,"도요타 프리우스 일본서 씽씽, 현대 아이오닉 주춤",http://www.asiatoday.co.kr/view.php?key=20160114010008736
247,"아이오닉(현대차) ""프리우스(도요타) 잡겠다""",http://www.naeil.com/news_view/?id_art=181230
248,"현대차 아이오닉, 도요타 프리우스 연비·가격 잡았다",http://www.choicenews.co.kr/news/articleView.html?idxno=24795
249,"""도요타 프리우스 잡으러 왔다""…현대차 국산 최초 친환경차 '아이오닉' 출시",http://www.g-enews.com/ko-kr/news/article/news_all/201601141219571304182_1/article.html
250,"韓 제네시스 EQ900 , 日 도요타 프리우스 '폭풍질주'",http://www.asiatoday.co.kr/view.php?key=20160119010011770
251,"현대차 아이오닉 라이벌 ‘도요타 프리우스’, 일본서 벌써 10만대 ‘수주’",http://www.ajunews.com/view/20160119093745327
252,"도요타 프리우스 일본서 씽씽, 현대 아이오닉 주춤",http://www.asiatoday.co.kr/view.php?key=20160114010008736
253,"아이오닉(현대차) ""프리우스(도요타) 잡겠다""",http://www.naeil.com/news_view/?id_art=181230
254,"현대차 아이오닉, 도요타 프리우스 연비·가격 잡았다",http://www.choicenews.co.kr/news/articleView.html?idxno=24795
255,"""도요타 프리우스 잡으러 왔다""…현대차 국산 최초 친환경차 '아이오닉' 출시",http://www.g-enews.com/ko-kr/news/article/news_all/201601141219571304182_1/article.html
256,[기업 포커스] 도요타 '프리우스C' 사전 판매 돌입,http://news.hankyung.com/article/2018022618961
257,"[2016 수입차 이들을 주목하라 (Ⅱ)] 도요타·렉서스, 최고연비 신형 '프리우스'·고급 SUV 'RX' 투톱으로",https://news.naver.com/main/read.naver?mode=LSD&mid=sec&sid1=103&oid=011&aid=0002788404
258,"도요타, “프리우스와 아이오닉 비교 무의미”",http://www.sisapress.com/news/articleView.html?idxno=73112
259,현대차 아이오닉 첫 공개 ‘도요타 프리우스 잡아라’(상보),http://www.edaily.co.kr/news/newspath.asp?newsid=02906086612515424
260,현대차 아이오닉 첫 공개 ‘도요타 프리우스 잡아라’(상보),http://www.edaily.co.kr/news/newspath.asp?newsid=02906086612515424
261,[타보니] 도요타 ‘4세대 프리우스’… 거친 주행이후 곧바로 ‘공인연비’ 돌파,http://www.etoday.co.kr/news/section/newsview.php?idxno=1345460
262,"도요타, 프리우스 고객에 ‘라라랜드’ 관람 초청",http://news.heraldcorp.com/view.php?ud=20161226000382
263,도요타 프리우스 미니밴 '프리우스V'…차세대 버전 스파이샷,http://it.chosun.com/news/article.html?no=2841501
264,"일본 도요타, 4세대 프리우스 출시…40km 넘는 연비 앞세워 시장 공략",http://www.etoday.co.kr/news/section/newsview.php?idxno=1249861
265,"도요타, 프리우스 구입고객에 48개월 무이자 할부 제공",http://www.edaily.co.kr/news/newspath.asp?newsid=04513286609565064
266,"도요타, 4세대 프리우스 도쿄모터쇼 공개…한국 내년 출시",http://www.edaily.co.kr/news/newspath.asp?newsid=02765046609537512
267,"도요타 4세대 프리우스, 유럽서도 안전 최고등급",http://www.edaily.co.kr/news/newspath.asp?newsid=01361206612619400
268,"아이오닉 하이브리드, 美 EPA 연비조사에서 도요타 프리우스 제치고 1위",http://biz.chosun.com/site/data/html_dir/2016/12/06/2016120601036.html
269,"도요타, ‘프리우스’ 중국 생산 중단…일본으로 유턴",http://www.etoday.co.kr/news/section/newsview.php?idxno=1206220
270,"아이오닉 하이브리드, 美 EPA 연비조사에서 도요타 프리우스 제치고 1위",http://biz.chosun.com/site/data/html_dir/2016/12/06/2016120601036.html
271,"도요타, ‘프리우스’ 중국 생산 중단…일본으로 유턴",http://www.etoday.co.kr/news/section/newsview.php?idxno=1206220
272,"도요타 4세대 프리우스, 친환경보조금 대상 지정",http://www.edaily.co.kr/news/newspath.asp?newsid=02433766612613496
273,"도요타 4세대 프리우스, 美서 '최고 안전 차량' 선정",http://www.edaily.co.kr/news/newspath.asp?newsid=02000806612612840
274,친환경 생태계 여는 도요타 '포스트 프리우스'는?,http://www.etnews.com/20150902000400
275,도요타. 신형 프리우스 공개. 저중심 설계로 연비와 주행성능 개선,http://www.dt.co.kr/contents.html?article_no=2015091102109960718007
276,"일본 도요타, 신형 ‘프리우스’ 공개",http://www.etoday.co.kr/news/section/newsview.php?idxno=1196503
277,"일본 도요타, 신형 '프리우스PHV' 공개…세계 최초 충전시스템 도입",http://www.g-enews.com/ko-kr/news/article/news_all/201603240824500750365_1/article.html
278,도요타 4세대 프리우스 출격… “올해 하이브리드 판매 비중 50%로 확대”,http://www.etoday.co.kr/news/section/newsview.php?idxno=1306475
279,도요타 신형프리우스 출시…현대 아이오닉과 연비경쟁,http://news.mk.co.kr/newsRead.php?no=214768&year=2016
280,"일본 도요타, 신형 '프리우스PHV' 공개…세계 최초 충전시스템 도입",http://www.g-enews.com/ko-kr/news/article/news_all/201603240824500750365_1/article.html
281,도요타 4세대 프리우스 출격… “올해 하이브리드 판매 비중 50%로 확대”,http://www.etoday.co.kr/news/section/newsview.php?idxno=1306475
282,도요타 신형프리우스 출시…현대 아이오닉과 연비경쟁,http://news.mk.co.kr/newsRead.php?no=214768&year=2016
283,도요타 프리우스 4번째 풀 체인지 모델 출시… 판매가 3260만~3890만원,http://www.g-enews.com/ko-kr/news/article/news_all/201603220853287246705_1/article.html
284,도요타 프리우스·현대자동차 아이오닉 다음주 맞대결,http://www.tbs.seoul.kr/news/bunya.do?method=daum_html2&typ_800=3&seq_800=10141255
285,정숙한 승차감 선호한다면 '도요타 프리우스 V',http://www.ohmynews.com/NWS_Web/View/at_pg.aspx?CNTN_CD=A0002137935
286,"도요타, 신형 프리우스 내달 첫 공개",http://www.g-enews.com/ko-kr/news/article/news_all/201508200852158550583_1/article.html
287,[전기車 배터리] 현대차 아이오닉 VS 도요타 프리우스,http://view.asiae.co.kr/news/view.htm?idxno=2016022211110571720
288,"브리지스톤, 2016년형 도요타 프리우스에 신차용 타이어 공급",http://www.ebn.co.kr/news/view/817695
289,"[Car & Joy] 도요타 프리우스 프라임, 치고 나가는 맛 '시원'…잘 달리는 연비왕",http://news.hankyung.com/article/2017081195241
290,"브리지스톤, 도요타 프리우스에 신차용 타이어 공급",http://view.asiae.co.kr/news/view.htm?idxno=2016022209194958592
291,"[Car & Joy] 도요타 프리우스 프라임, 치고 나가는 맛 '시원'…잘 달리는 연비왕",http://news.hankyung.com/article/2017081195241
292,현대차 '아이오닉' 판매 부진…도요타 '프리우스 킬러' 무색,http://www.viva100.com/main/view.php?key=20161009010002107
293,도요타의 전고체배터리 개발이 무서운 진짜 이유 [최원석의 디코드],https://www.chosun.com/economy/int_economy/2020/12/17/6K6LARRKTVDDDNLHH3V5C7PLUU/?utm_source=naver&utm_medium=referral&utm_campaign=naver-news
294,‘프리우스 프라임’ 30대 한정 판매… 친환경·연비 최적화,https://www.donga.com/news/article/all/20200909/102854526/2
295,카셰어링 쏘카 “도요타 프리우스 무상 체험하세요”,http://www.edaily.co.kr/news/newspath.asp?newsid=02115606609430912
296,"도요타, 쏘카와 시승 이벤트…프리우스 7월 구매고객 2년 내 타이어 파손 시 교체",http://www.ajunews.com/view/20150703155558222
297,연비 22.4/ℓ 친환경 ‘아이오닉’ 출시…현대차 “도요타 프리우스 잡겠다”,http://www.hani.co.kr/arti/economy/car/725235.html
298,"'프리우스V' 얹은 도요타, 가속질주",http://www.naeil.com/news_view/?id_art=151100
299,[수입차의 질주]HEV시장의 스타…도요타 프리우스V,http://www.newsis.com/ar_detail/view.html?ar_id=NISX20150517_0013667809&cID=10414&pID=10400
300,연비 22.4/ℓ 친환경 ‘아이오닉’ 출시…현대차 “도요타 프리우스 잡겠다”,http://www.hani.co.kr/arti/economy/car/725235.html
301,"'프리우스V' 얹은 도요타, 가속질주",http://www.naeil.com/news_view/?id_art=151100
302,[수입차의 질주]HEV시장의 스타…도요타 프리우스V,http://www.newsis.com/ar_detail/view.html?ar_id=NISX20150517_0013667809&cID=10414&pID=10400
303,"[시승기] 도요타 프리우스 V, 레저생활에도 ‘안성맞춤’",http://www.ajunews.com/view/20150501122326420
304,"[시승기+] 5인 가족형 도요타 '프리우스V'…""실내 널찍하고 주행 연비 20㎞/ℓ 넘어""",http://www.hankyung.com/news/app/newsview.php?aid=201504243453g
305,"[2015 서울모터쇼] 도요타 ‘프리우스V’ 공개, 하이브리드 라인업 강화 나서",http://www.ajunews.com/view/20150403092211792
306,[2015서울모터쇼]도요타 프리우스V 출시.. 3880만원,http://www.edaily.co.kr/news/newspath.asp?newsid=02538726609332184
307,"도요타, 프리우스V·수소차 FCV 등 스마트 솔루션 10종 공개",http://www.dt.co.kr/contents.html?article_no=2015040202109932808006
308,"한국도요타자동차, 2015 프리우스V 출시",http://www.ekn.kr/news/article.html?no=128684
309,"도요타 프리우스, 12년 연속 ‘최고의 친환경차’",http://car.donga.com/3/all/20150304/69935058/1
310,"도요타 프리우스, 12년 연속 ‘최고의 친환경차’",http://car.donga.com/3/all/20150304/69935058/2
311,"도요타, 프리우스 사면 300만원 상당 주유권 제공",http://www.viva100.com/main/view.php?key=20151005010000760
312,"한국도요타 ""1월 프리우스 사면 무이자 할부에 무상점검기간 연장""",http://www.edaily.co.kr/news/newspath.asp?newsid=01141446609236080
313,"한국도요타, ""해피뉴이어 프로모션…1월에 프리우스 사면 평생 무상점검""",http://www.ajunews.com/view/20150108090245638
314,“아우디 A6·도요타 프리우스 연비 과장”,http://www.khan.co.kr/kh_news/art_view.html?artid=201501052112295&code=920508
315,"도요타의 간판 프리우스, 차세대 모델사진 유출",http://biz.heraldcorp.com/view.php?ud=20150831000214
316,"도요타, 차세대 ‘프리우스’ 출시 앞두고 일본 공장 인력 대거 확충",http://www.etoday.co.kr/news/section/newsview.php?idxno=1185145
317,"도요타 프리우스, 美컨슈머리포트 역대 최고 연비 기록",http://app.yonhapnews.co.kr/YNA/Basic/SNS/r.aspx?c=AKR20160531040900003&did=1195m
318,‘연비 40㎞/ℓ’ 도요타 4세대 프리우스 앞세워 친환경 광폭 행보,http://biz.heraldcorp.com/view.php?ud=20151016000668
319,"[포토] 한국도요타, '소형 하이브리드 프리우스 C 공개'",http://news.hankyung.com/article/2018031458207
320,"""아우디 A6·도요타 프리우스 연비 과장""",http://www.dynews.co.kr/news/articleView.html?idxno=240756
321,"도요타의 간판 프리우스, 차세대 모델사진 유출",http://biz.heraldcorp.com/view.php?ud=20150831000214
322,"도요타, 차세대 ‘프리우스’ 출시 앞두고 일본 공장 인력 대거 확충",http://www.etoday.co.kr/news/section/newsview.php?idxno=1185145
323,"도요타 프리우스, 美컨슈머리포트 역대 최고 연비 기록",http://app.yonhapnews.co.kr/YNA/Basic/SNS/r.aspx?c=AKR20160531040900003&did=1195m
324,‘연비 40㎞/ℓ’ 도요타 4세대 프리우스 앞세워 친환경 광폭 행보,http://biz.heraldcorp.com/view.php?ud=20151016000668
325,"[포토] 한국도요타, '소형 하이브리드 프리우스 C 공개'",http://news.hankyung.com/article/2018031458207
326,"현대차 아이오닉, 도요타 프리우스 누르고 미국서 '연비 1위'",http://news.sbs.co.kr/news/endPage.do?news_id=N1003923741&plink=ORI&cooper=NAVER
327,"""도요타 프리우스 택시 이달중 거리로""",http://biz.chosun.com/site/data/html_dir/2014/12/03/2014120302206.html
328,10월 도요타 프리우스 구입하면 4년 무이자 할부,http://www.edaily.co.kr/news/newspath.asp?newsid=02046726609529968
329,"도요타, 연비 40km/ℓ 신형 ‘프리우스’ 공개",http://car.donga.com/3/all/20150910/73545937/2
330,10월 도요타 프리우스 구입하면 4년 무이자 할부,http://www.edaily.co.kr/news/newspath.asp?newsid=02046726609529968
331,"도요타, 연비 40km/ℓ 신형 ‘프리우스’ 공개",http://car.donga.com/3/all/20150910/73545937/2
332,"도요타, 4세대 프리우스 이미지 유출 “이런 모습은…”",http://car.donga.com/3/all/20150708/72359975/1
333,"[내 인생의 자동차]도요타 프리우스 택시 모는 임병호씨 ""마지막 차…꿈을 이뤘죠""",http://www.hankyung.com/news/app/newsview.php?aid=201704188704g
334,플러그인으로 돌아온 도요타 프리우스,http://news.mk.co.kr/newsRead.php?&year=2017&no=245858
335,"[오늘의 자동차]도요타 프리우스.렉서스 뉴 RX450h, ‘일반 하이브리드 자동차’ 지정",http://www.sedaily.com/NewsView/1KUXL9GVTZ
336,"도요타 4세대 프리우스, 美 안전테스트 ‘최고안전차량’ 선정… 전영역 ‘만점’",http://www.etoday.co.kr/news/section/newsview.php?idxno=1312469
337,"도요타 프리우스, 가상현실로 즐겨보세요",http://news.mk.co.kr/newsRead.php?no=236290&year=2016
338,도요타는 왜 프리우스 택시를 출시했을까,http://www.businesspost.co.kr/news/articleView.html?idxno=4003
339,4세대 도요타 프리우스 데뷔…값은 3260만～3890만원,http://www.ajunews.com/view/20160322084003069
340,"도요타 프리우스, 가상현실로 즐겨보세요",http://news.mk.co.kr/newsRead.php?no=236290&year=2016
341,도요타는 왜 프리우스 택시를 출시했을까,http://www.businesspost.co.kr/news/articleView.html?idxno=4003
342,4세대 도요타 프리우스 데뷔…값은 3260만～3890만원,http://www.ajunews.com/view/20160322084003069
343,한국 택시시장 공략 나선 도요타…프리우스 택시 출시,http://sbscnbc.sbs.co.kr/read.jsp?pmArticleId=10000680286
344,"현대차 신형 쏘나타 vs 도요타 프리우스, 택시 시장서 한 판 승부",http://www.ajunews.com/view/20140820114504486
345,"한국도요타, 우리나라에 '프리우스 택시' 선보인다",http://www.ajunews.com/view/20140820085747177
346,도요타 프리우스 2016-17년 모델 리콜,http://www.koreadaily.com/news/read.asp?art_id=4673339
347,"[카 라이프] 프리우스, 이번엔 4륜 구동…연비에 놀라지 마시라",http://news.mk.co.kr/newsRead.php?no=481283&year=2020
348,"리터당 247km간다는 도요타 프리우스 PHV, 국내 출시는 왜 안되나",http://biz.chosun.com/site/data/html_dir/2014/07/28/2014072802704.html
349,[생생 카뉴스] 도요타 4세대 프리우스 日서 月10만대 판매,http://news.mk.co.kr/newsRead.php?no=66782&year=2016
350,"도요타, 한국에 '프리우스' 택시모델 판매…2600만원",http://view.asiae.co.kr/news/view.htm?idxno=2014082009381906315
351,도요타 프리우스 2016-17년 모델 리콜,http://www.koreadaily.com/news/read.asp?art_id=4673339
352,"[카 라이프] 프리우스, 이번엔 4륜 구동…연비에 놀라지 마시라",http://news.mk.co.kr/newsRead.php?no=481283&year=2020
353,"리터당 247km간다는 도요타 프리우스 PHV, 국내 출시는 왜 안되나",http://biz.chosun.com/site/data/html_dir/2014/07/28/2014072802704.html
354,[생생 카뉴스] 도요타 4세대 프리우스 日서 月10만대 판매,http://news.mk.co.kr/newsRead.php?no=66782&year=2016
355,도요타 '스마트 오토캠핑' 실시… 프리우스·RAV4 하이브리드 고객 대상,http://www.ajunews.com/view/20160707102958949
356,"도요타 프리우스 PHV, 녹색 지옥에서 247km/L 연비 달성",http://car.donga.com/3/all/20140718/65267528/1
357,"도요타 신형 프리우스, 사륜구동·리튬이온배터리 추가",http://car.donga.com/3/all/20140715/65193604/2
358,"[자동차 동호회 진화 ⑪] 도요타 프리우스 오너스클럽, ""연비왕 되려면 리터 당 30㎞ 이상 달려야죠""",http://www.hankyung.com/news/app/newsview.php?aid=201407077324g
359,"도요타, 프리우스 3세대 등 7종 155만대 리콜 신고",http://biz.chosun.com/site/data/html_dir/2016/06/30/2016063002518.html
360,"도요타 프리우스 PHV, 녹색 지옥에서 247km/L 연비 달성",http://car.donga.com/3/all/20140718/65267528/1
361,"도요타 신형 프리우스, 사륜구동·리튬이온배터리 추가",http://car.donga.com/3/all/20140715/65193604/2
362,"[자동차 동호회 진화 ⑪] 도요타 프리우스 오너스클럽, ""연비왕 되려면 리터 당 30㎞ 이상 달려야죠""",http://www.hankyung.com/news/app/newsview.php?aid=201407077324g
363,"도요타, 프리우스 3세대 등 7종 155만대 리콜 신고",http://biz.chosun.com/site/data/html_dir/2016/06/30/2016063002518.html
364,"브리지스톤, 도요타 프리우스에 신차용 타이어 공급",http://www.viva100.com/main/view.php?key=20160222010005679
365,도요타 차세대 프리우스 출시 2015년 말로 연기,http://www.dt.co.kr/contents.html?article_no=2014070102019960718009
366,"[서울모터쇼 2015] 도요타, 실내공간 넓어진 하이브리드 '프리우스V' 선보여",http://biz.chosun.com/site/data/html_dir/2015/04/02/2015040201894.html
367,"""현대차 아이오닉, 도요타 프리우스보다 성능 우수""",http://www.wowtv.co.kr/news/vodnews/view2.asp?bcode=T07010000&vodnum=266080
368,[르포]베일 벗은 도요타 하이브리드 배터리공장…프리우스 파워 '척척',http://www.hankyung.com/news/app/newsview.php?aid=201606101431g
369,"벤츠 E300, 도요타 프리우스 등 29개 차종·4770대 리콜 실시",http://biz.chosun.com/site/data/html_dir/2016/11/08/2016110803103.html
370,도요타 차세대 프리우스 출시 2015년 말로 연기,http://www.dt.co.kr/contents.html?article_no=2014070102019960718009
371,"[서울모터쇼 2015] 도요타, 실내공간 넓어진 하이브리드 '프리우스V' 선보여",http://biz.chosun.com/site/data/html_dir/2015/04/02/2015040201894.html
372,"""현대차 아이오닉, 도요타 프리우스보다 성능 우수""",http://www.wowtv.co.kr/news/vodnews/view2.asp?bcode=T07010000&vodnum=266080
373,[르포]베일 벗은 도요타 하이브리드 배터리공장…프리우스 파워 '척척',http://www.hankyung.com/news/app/newsview.php?aid=201606101431g
374,"벤츠 E300, 도요타 프리우스 등 29개 차종·4770대 리콜 실시",http://biz.chosun.com/site/data/html_dir/2016/11/08/2016110803103.html
375,"한국도요타, 프리우스 대한민국 일주 프로젝트",http://www.edaily.co.kr/news/newspath.asp?newsid=02263206606091872
376,최강 하이브리드 ‘용호상박’… 현대차 ‘아이오닉’·도요타 ‘프리우스’,http://news.kmib.co.kr/article/view.asp?arcid=0923406200&code=14140000&cp=nv
377,"도요타 프리우스, 12년 연속 '최고의 친환경차' 선정",http://sbscnbc.sbs.co.kr/read.jsp?pmArticleId=10000723623
378,"도요타, 연내 ℓ당 40㎞이상 달리는 신형 프리우스 선보인다",http://www.hankyung.com/news/app/newsview.php?aid=201502211323i
379,"[시승기] 도요타 프리우스V, ""실연비는 좋지만, 한번 주유로 서울~부산 왕복은 실패""",http://biz.chosun.com/site/data/html_dir/2016/01/15/2016011503553.html
380,"도요타 프리우스, 12년 연속 '최고의 친환경차' 선정",http://sbscnbc.sbs.co.kr/read.jsp?pmArticleId=10000723623
381,"도요타, 연내 ℓ당 40㎞이상 달리는 신형 프리우스 선보인다",http://www.hankyung.com/news/app/newsview.php?aid=201502211323i
382,"[시승기] 도요타 프리우스V, ""실연비는 좋지만, 한번 주유로 서울~부산 왕복은 실패""",http://biz.chosun.com/site/data/html_dir/2016/01/15/2016011503553.html
383,"도요타, 일본서 프리우스 등 55만대 리콜..“화재 가능성”",http://www.edaily.co.kr/news/newspath.asp?newsid=03316086619337168
384,"2000만원대 현대 친환경차 ‘아이오닉’, 도요타 ‘프리우스’ 잡을까?",http://view.asiae.co.kr/news/view.htm?idxno=2016011417584072028
385,"현대차, 신형 하이브리드 스웨덴서 시험중?…도요타 '프리우스 대항마될까",http://biz.chosun.com/site/data/html_dir/2015/02/11/2015021102370.html
386,"도요타, 프리우스 등 하이브리드 고객 '알뜰 구매 찬스'",http://www.mediapen.com/news/articleView.html?idxno=60916
387,"""아우디 A6·도요타 프리우스 연비 과장""",http://www.hankyung.com/news/app/newsview.php?aid=2015010570491
388,"도요타 프리우스, 11년 연속 美 컨슈머리포트 최고의 친환경차 선정",http://www.ajunews.com/view/20140226122104734
389,"도요타 프리우스, ‘녹색 지역’ 美 캘리포니아서 2년 연속 ‘No.1’",http://biz.heraldcorp.com/view.php?ud=20140218000739
390,"도요타 프리우스, 미국 할리우드서 가장 많이 팔렸다",http://www.ajunews.com/view/20140218090706605
391,도요타 프리우스. 美 캘리포니아서 2년째 베스트셀링카,http://www.edaily.co.kr/news/newspath.asp?newsid=01161126605990848
392,도요타 프리우스 190만대 리콜,http://www.koreadaily.com/news/read.asp?art_id=2328388
393,"도요타, 프리우스 하이브리드 190만대 리콜… 또 왜?",http://www.ajunews.com/view/20140213094529270
394,"日 도요타, 전세계 프리우스 190만대 리콜",http://www.edaily.co.kr/news/newspath.asp?newsid=03391526605989864
395,日 도요타 캠리·프리우스 디자인 완전히 새롭게 바꾼다,http://view.asiae.co.kr/news/view.htm?idxno=2014020310504235397
396,작년 가장 인기 끈 중고차 모델은…혼다 CR-V·도요타 프리우스,http://www.koreadaily.com/news/read.asp?art_id=3181673
397,도요타 신형 프리우스 美가격 공개···최고 3500만 원까지,http://car.donga.com/3/all/20151119/74878297/1
398,"이게 왠일? 2014년형 도요타 프리우스, 안전등급 별 4개로 떨어져",http://www.kbench.com/life/?no=129077&sc=1
399,[썸inSNS]도요타 프리우스 4세대 시승기,http://www.sedaily.com/NewsView/1KXOCWTPQZ
400,작년 가장 인기 끈 중고차 모델은…혼다 CR-V·도요타 프리우스,http://www.koreadaily.com/news/read.asp?art_id=3181673
401,도요타 신형 프리우스 美가격 공개···최고 3500만 원까지,http://car.donga.com/3/all/20151119/74878297/2
402,"이게 왠일? 2014년형 도요타 프리우스, 안전등급 별 4개로 떨어져",http://www.kbench.com/life/?no=129077&sc=1
403,[썸inSNS]도요타 프리우스 4세대 시승기,http://www.sedaily.com/NewsView/1KXOCWTPQZ
404,"도요타, 1월 프리우스 구매 고객에 10년·20만㎞ 무상점검",http://www.dt.co.kr/contents.html?article_no=2015010802109932808005
405,"현대기아차, 도요타 프리우스와 정면대결",http://www.newsway.co.kr/view.php?tp=1&ud=2015101908584073969
406,"도요타, 프리우스 연비 과장…""1월 말 2차 재검 남아있다""",http://www.dt.co.kr/contents.html?article_no=2015010502109932808009
407,한국도요타 '프리우스 택시' 12월초부터 도심 달린다,http://sbscnbc.sbs.co.kr/read.jsp?pmArticleId=10000693786
408,"도요타, 10월 '프리우스·라브4' 300만원 주유권 쏜다",http://www.hankyung.com/news/app/newsview.php?aid=201510059983g
409,[수입차 전성시대]도요타 프리우스,http://view.asiae.co.kr/news/view.htm?idxno=2014092410144535715
410,[수입차 전성시대]도요타 프리우스,http://view.asiae.co.kr/news/view.htm?idxno=2014092410144535715
411,[신차와 역사]‘또 하나의 도요타’ 프리우스,http://www.khan.co.kr/kh_news/art_view.html?artid=201310061645442&code=920508
412,"친환경 하이브리드의 메카, 도요타 프리우스 공장 가보니",http://biz.heraldcorp.com/view.php?ud=20130930000699
413,"도요타, 프리우스 뛰어넘는 수소車 개발 올인",http://news.mk.co.kr/news_forward.php?domain=news&no=899850&year=2013
414,도요타 프리우스 4814대 리콜,http://www.naeil.com/news_view/?id_art=204627
415,도요타 프리우스 수출 ‘적신호’…6일간 생산 중단,http://www.ekn.kr/news/article.html?no=198368
416,"[글로벌-Biz 24] 도요타, 초고속 완충 '전고체 전지' 주목…출시 땐 테슬라 리튬이온 게임체인저",http://www.g-enews.com/ko-kr/news/article/news_all/2020122513402056896336258971_1/article.html
417,"현대차 아이오닉 하이브리드, 도요타 프리우스 제쳐",http://www.enewstoday.co.kr/news/articleView.html?idxno=638221
418,"도요타, 프리우스 등 48만여 대 리콜",http://www.koreadaily.com/news/read.asp?art_id=4391055
419,"도요타 렉서스, 프리우스 등 7개 차종 155만대 리콜",http://www.segye.com/content/html/2016/06/30/20160630001147.html?OutUrl=naver
420,"도요타, 프리우스 등 48만여 대 리콜",http://www.koreadaily.com/news/read.asp?art_id=4392112
421,"도요타 렉서스, 프리우스 등 7개 차종 155만대 리콜",http://www.segye.com/content/html/2016/06/30/20160630001147.html?OutUrl=naver
422,"도요타자동차, 프리우스 누적 판매 300만대 돌파",http://www.edaily.co.kr/news/newspath.asp?newsid=01138166602871568
423,"도요타 하이브리드카 프리우스, 300만대 팔렸다!",http://www.ajunews.com/kor/view.jsp?newsId=20130704000196
424,도요타 프리우스 하이브리드 리콜…제동장치 결함,http://car.donga.com/3/all/20130626/56132347/2
425,도요타 프리우스 신형 모델 포착…실내는 세련됐네,http://www.segye.com/Articles/Car/NewCar/Article.asp?aid=20130526001276&subctg1=&subctg2=&OutUrl=naver
426,"도요타, 프리우스 타고 친환경 국내 일주",https://news.naver.com/main/read.naver?mode=LSD&mid=sec&sid1=101&oid=001&aid=0006922034
427,[포토]도요타 4세대 프리우스 국내 출시..가격 3260만원,http://www.edaily.co.kr/news/newspath.asp?newsid=03640806612585944
428,"한국도요타, 하이브리드 '프리우스 택시' 출시.. 2600만원",http://www.edaily.co.kr/news/newspath.asp?newsid=02912646606189288
429,"""도요타 프리우스PHV, 독일 서킷서 247km/ℓ연비""",http://www.ccdailynews.com/news/articleView.html?idxno=698926
430,"""도요타 프리우스PHV, 독일 서킷서 247km/ℓ연비""",http://www.ccdailynews.com/news/articleView.html?idxno=698926
431,"[시승기] 도요타 프리우스 타 보니, 연비 놀라워~",http://www.hankyung.com/news/app/newsview.php?aid=201303068759g
432,"브리지스톤, 도요타 프리우스에 신차용타이어 공급",http://www.seoulfn.com/news/articleView.html?idxno=246229
433,"도요타 프리우스, 美서 10년 연속 '최고의 친환경차' 선정",http://www.edaily.co.kr/news/newspath.asp?newsid=01843366602715112
434,"현대 아이오닉, 노르웨이서 도요타 프리우스 누르고 친환경차 판매 2위",http://www.cstimes.com/news/articleView.html?idxno=233760
435,"도요타 프리우스, 美서 11년 연속 최고 친환경차 선정",http://www.edaily.co.kr/news/newspath.asp?newsid=02214006605994456
436,"[부산모터쇼] 도요타, 올해 ‘프리우스 V’출시…스마트 라인업 강화",http://www.segye.com/content/html/2014/05/29/20140529000831.html?OutUrl=naver
437,"도요타, 전국 전시장서 프리우스 시승 행사 실시",http://news.kmib.co.kr/article/view.asp?arcid=0010551242&code=61141411&cp=nv
438,"[수입 자동차 특집] 도요타 프리우스 V, 180㎝ 넘는 장신도 여유롭게 승차",http://www.seoul.co.kr/news/newsView.php?id=20150429020028
439,[도요타 ‘프리우스 V’] 하이브리드車의 대표… “덩치 커졌네”,http://news.kmib.co.kr/article/view.asp?arcid=0923055059&code=14140000&cp=nv
440,도요타 전국 전시장서 4세대 프리우스 시승 이벤트,http://app.yonhapnews.co.kr/YNA/Basic/SNS/r.aspx?c=AKR20160421038200003&did=1195m
441,"[수입 자동차 특집] 도요타 프리우스 V, 180㎝ 넘는 장신도 여유롭게 승차",http://www.seoul.co.kr/news/newsView.php?id=20150429020028
442,[도요타 ‘프리우스 V’] 하이브리드車의 대표… “덩치 커졌네”,http://news.kmib.co.kr/article/view.asp?arcid=0923055059&code=14140000&cp=nv
443,도요타 프리우스V 연비테스트 해보니,http://news.mk.co.kr/news_forward.php?domain=news&no=402707&year=2015
444,현대차 아이오닉 美서 연비 1위...도요타 프리우스 제쳐,http://www.wowtv.co.kr/newscenter/news/view.asp?bcode=T30001000&artid=A201612060113
445,도요타 프리우스 리콜…車 전자장비 과잉 역풍부나,http://news.mk.co.kr/news_forward.php?domain=news&no=235773&year=2014
446,"도요타 프리우스, 소프트웨어 결함으로 190만대 리콜",https://news.naver.com/main/read.naver?mode=LSD&mid=sec&sid1=101&oid=011&aid=0002465851
447,핸들결함 프리우스등 도요타 277만대 리콜,http://www.fnnews.com/view?ra=Sent0601m_01A&corp=fnnews&arcid=201211140100133250007540&cDateYear=2012&cDateMonth=11&cDateDay=14&
448,"[2015 서울모터쇼] 도요타 프리우스 V, 렉서스 RC 350 F Sport",http://www.segye.com/content/html/2015/03/30/20150330001865.html?OutUrl=naver
449,[오늘의 브릿지경제 1면] 도요타 신형 프리우스 출시…하이브리드 한·일대전 뜨거워진다,http://www.viva100.com/main/view.php?key=20160322001802555
450,도요타 '4세대 프리우스',http://www.hankyung.com/news/app/newsview.php?aid=2016032279291
451,"도요타 프리우스, 친환경차 절대강자 입증",http://www.fnnews.com/news/201503040850264803
452,"국토부 ""아우디A6·도요타 프리우스 연비과장""",http://sbscnbc.sbs.co.kr/read.jsp?pmArticleId=10000712045
453,"[글로벌-Biz 24]도요타, 프리우스·C-HR 하이브리드 100만대 리콜…화재 위험",http://www.g-enews.com/ko-kr/news/article/news_all/2018090608573813164f58a467e8_1/article.html
454,도요타 캠리·프리우스 등 1만2천여대 리콜,https://news.naver.com/main/read.naver?mode=LSD&mid=sec&sid1=103&oid=001&aid=0006774839
455,"도요타, ‘3세대 프리우스' 190만대 리콜 부스트 컨버터 SW서 오류 발견",http://www.itworld.co.kr/news/86001
456,"도요타, 프리우스 190만대 리콜..""SW결함 때문""",http://www.newstomato.com/ReadNews.aspx?no=442852
457,"도요타, 리터당 40km 프리우스 가을 발매",http://news.mk.co.kr/news_forward.php?domain=news&no=64355&year=2015
458,車와 주택이 전기를 주고 받아…日 도요타市 프리우스로 시범사업,http://www.segye.com/Articles/Car/Business/Article.asp?aid=20120608021796&subctg1=&subctg2=
459,도요타 신형 프리우스 英가격 4057만부터 시작,http://car.donga.com/3/all/20151109/74678651/2
460,"도요타 프리우스, 세계적으로 190만 대 리콜",http://car.donga.com/3/all/20140213/60816053/2
461,"도요타, 프리우스 190만대 리콜..""SW결함 때문""",http://www.newstomato.com/ReadNews.aspx?no=442852
462,"도요타, 리터당 40km 프리우스 가을 발매",http://news.mk.co.kr/news_forward.php?domain=news&no=64355&year=2015
463,車와 주택이 전기를 주고 받아…日 도요타市 프리우스로 시범사업,http://www.segye.com/Articles/Car/Business/Article.asp?aid=20120608021796&subctg1=&subctg2=
464,도요타 신형 프리우스 英가격 4057만부터 시작,http://car.donga.com/3/all/20151109/74678651/2
465,"도요타 프리우스, 美컨슈머리포트 선정 '가장 가치있는 차'",http://www.edaily.co.kr/news/newspath.asp?newsid=01741686603041472
466,“휘발유 9만원이면 한 달” 도요타 프리우스… 가속성능은?,http://news.donga.com/3/all/20120511/46173060/2
467,"도요타, ""프리우스, 美서 올해 22만대 판매 초과할 것""",http://www.asiae.co.kr/news/view.htm?idxno=2012050911050944168
468,"도요타 프리우스 전기차, 美서 볼트·리프 제쳤다",http://www.hankyung.com/news/app/newsview.php?aid=201205030823g
469,"`고유가 덕`..도요타 `프리우스`, 美매출 신기록",http://www.edaily.co.kr/news/newspath.asp?newsid=01193926599492512
470,도요타 신형 프리우스 英가격 4057만부터 시작,http://car.donga.com/3/all/20151109/74678651/1
471,"도요타 프리우스, 美컨슈머리포트 선정 '가장 가치있는 차'",http://www.edaily.co.kr/news/newspath.asp?newsid=01741686603041472
472,“휘발유 9만원이면 한 달” 도요타 프리우스… 가속성능은?,http://news.donga.com/3/all/20120511/46173060/2
473,"도요타, ""프리우스, 美서 올해 22만대 판매 초과할 것""",http://www.asiae.co.kr/news/view.htm?idxno=2012050911050944168
474,"도요타 프리우스 전기차, 美서 볼트·리프 제쳤다",http://www.hankyung.com/news/app/newsview.php?aid=201205030823g
475,"`고유가 덕`..도요타 `프리우스`, 美매출 신기록",http://www.edaily.co.kr/news/newspath.asp?newsid=01193926599492512
476,[차 연비경쟁] 연비 1ℓ로 가장 멀리 가는 차는…도요타 프리우스·BMW 320d 으뜸,http://news.mk.co.kr/news_forward.php?domain=news&no=188163&year=2012
477,"도요타, '프리우스 스피드 매치' 이벤트 실시",http://www.moneytoday.co.kr/view/mtview.php?type=1&no=2012032216408259674&outlink=1
478,도요타 ‘프리우스’ 글로벌 누적 판매 300만대 돌파,http://biz.heraldcorp.com/view.php?ud=20130704000368
479,한국도요타 신형 프리우스 ‘하이브리드 시장’ 공략 시동,http://www.khan.co.kr/kh_news/art_view.html?artid=201202231756351&code=920508
480,"도요타, '프리우스 스피드 매치' 이벤트 실시",http://www.moneytoday.co.kr/view/mtview.php?type=1&no=2012032216408259674&outlink=1
481,도요타 ‘프리우스’ 글로벌 누적 판매 300만대 돌파,http://biz.heraldcorp.com/view.php?ud=20130704000368
482,한국도요타 신형 프리우스 ‘하이브리드 시장’ 공략 시동,http://www.khan.co.kr/kh_news/art_view.html?artid=201202231756351&code=920508
483,"‘뉴 프리우스 3종’ 빼든 도요타, “올해가 하이브리드카의 원년”",http://biz.heraldm.com/common/redirect.jsp?category_id=010107041300&news_id=20120220000928
484,도요타 `가격 확 낮춘` 신형 프리우스 출시..3130만원부터,http://www.edaily.co.kr/news/newspath.asp?newsid=01938486599432816
485,"한국도요타, 신형 프리우스 3차종 출시…""최대 660만원 인하""",http://biz.chosun.com/site/data/html_dir/2012/02/21/2012022101475.html
486,"도요타와 현대 가격 역전, ""프리우스, 쏘나타보다 싸네""",http://www.hankyung.com/news/app/newsview.php?aid=201202144882g
487,"도요타, 프리우스 신규 라인업 3종 21일 출시",http://news.etomato.com/pagelog/popup_log.asp?newsseq=224372
488,"도요타, 프리우스 신규 라인업 3종류 출시",http://www.edaily.co.kr/news/newspath.asp?newsid=01312006599429864
489,"도요타, 프리우스C 국내 판매되면 쏘나타·K5 치명상",http://news.mk.co.kr/news_forward.php?domain=news&no=79884&year=2012
490,"도요타, 가격 낮춘 신형 프리우스 출시",http://www.hankyung.com/news/app/newsview.php?aid=2012022103811
491,"도요타와 현대 가격 역전, ""프리우스, 쏘나타보다 싸네""",http://www.hankyung.com/news/app/newsview.php?aid=201202144882g
492,"도요타, 프리우스 신규 라인업 3종 21일 출시",http://news.etomato.com/pagelog/popup_log.asp?newsseq=224372
493,"도요타, 프리우스 신규 라인업 3종류 출시",http://www.edaily.co.kr/news/newspath.asp?newsid=01312006599429864
494,"도요타, 프리우스C 국내 판매되면 쏘나타·K5 치명상",http://news.mk.co.kr/news_forward.php?domain=news&no=79884&year=2012
495,하이브리드차의 개척자인 도요타의 프리우스,http://www.koreadaily.com/news/read.asp?art_id=4253688
496,[김정훈의 그린카이야기] (13) 도요타 '프리우스C',http://www.hankyung.com/news/app/newsview.php?aid=2012012592231
497,도요타의 힘…‘프리우스V’ 돌풍,http://www.etoday.co.kr/news/section/newsview.php?TM=news&SM=3104&idxno=534094
498,"도요타, 프리우스와 코롤라 구매 부담 줄인다",http://news.etomato.com/pagelog/popup_log.asp?newsseq=213455
499,[시승기] 안전과 넓은 공간이 장점 도요타 프리우스 V 타보니,http://www.seoul.co.kr/news/newsView.php?id=20160426500048
