,title,url
0,새 판 짜는 혼다코리아... 전동화 속도낼까,https://economist.co.kr/2022/04/12/industry/normal/20220412190002399.html
1,"""혼다, 차라리 팔지를 말지"" 판매 3.5만대, 리콜 7.6만대",http://moneys.mt.co.kr/news/mwView.php?no=2022040721508097319
2,"혼다 'ODYSSEY 등', 파워윈도우 마스터스위치 '제작결함'…탑승자 상해위험 '리콜'",https://www.safetynews.co.kr/news/articleView.html?idxno=211708
3,"혼다코리아, LG트윈스 오지환 ‘오딧세이 앰배서더’ 선정",https://bizn.donga.com/car/3/all/20220405/112702978/1
4,"[시승기] 여전히 매력적인 견실함, 그리고 여유를 품은 대형 SUV – 혼다 파일럿",https://hankookilbo.com/News/Read/A2022042620490001589?did=NA
5,"[주차장] 4월 2주, 수입차 서비스 강화…폴스타 외 9가지 자동차",http://www.shinailbo.co.kr/news/articleView.html?idxno=1537275
6,"혼다코리아, '슈퍼맨 아빠' LG트윈스 오지환에 '오딧세이' 지원",http://www.sportsseoul.com/news/read/1112347?ref=naver
7,혼다 효자 MPV 오딧세이 앰배서더에 ‘슈퍼맨 아빠’ LG트윈스 오지환 선정,http://sports.khan.co.kr/news/sk_index.html?art_id=202204061031003&sec_id=563002&pt=nv
8,"[타보니]혼다 뉴 오딧세이, 연비·성능 ‘굿’ 패밀리카",http://www.nspna.com/news/?mode=view&newsid=562383
9,"편의·효율성 높인 미니밴, 혼다 '뉴 오딧세이'[SS시승기]",http://www.sportsseoul.com/news/read/1101576?ref=naver
10,[시승기] 가족과 여행이 즐거워진다···혼다 미니밴 ‘오딧세이’,https://www.ekn.kr/web/view.php?key=20220219010003015
11,"오딧세이 오너 심지호, 혼다코리아 하이브리드 홍보대사 됐다",http://www.osen.co.kr/article/G1111769569
12,"[시승기] 멋 챙기는 다정한 아빠의 선택, 혼다 오딧세이",http://www.iminju.net/news/articleView.html?idxno=70935
13,5800만원 '혼다 오딧세이' 차박에 딱…가성비는 아쉽네[차알못시승기],http://news.mt.co.kr/mtview.php?no=2021031120081687200
14,"무겐, 혼다 오딧세이를 위한 튜닝 패키지 마련",https://hankookilbo.com/News/Read/A2021020611030000483?did=NA
15,"[자유로 연비] V6 심장을 품은 미니밴, 혼다 뉴 오딧세이의 자유로 연비는?",https://hankookilbo.com/News/Read/A2021111607550000367?did=NA
16,"[시승기] 혼다 오딧세이 ""카니발 대항마? 충분히 가능성 있다!""",http://www.pinpointnews.co.kr/view.php?ud=2021110312504571455d46bea725_45
17,[시승기] 운전도 즐거운 패밀리카..혼다 오딧세이,http://www.dailycar.co.kr/content/news.html?type=view&autoId=41372
18,‘계기판 속도 미표시’ 혼다 오딧세이 등 8만여대 ‘무더기’ 리콜,http://news.kmib.co.kr/article/view.asp?arcid=0014968808&code=61141611&cp=nv
19,[비교 시승기] 사뭇 다른 미니밴의 변화…토요타 시에나 하이브리드 & 혼다 오딧세이,https://hankookilbo.com/News/Read/A2021092808070002315?did=NA
20,[TV 데일리카] 달리는 맛이 있는 패밀리카..혼다 오딧세이,http://www.dailycar.co.kr/content/news.html?type=view&autoId=41410
21,[SUV 살까? 미니밴 살까?-下] 승차감‧연비 토요타 '시에나'… 거주성 혼다 '오딧세이',http://www.bizwnews.com/news/articleView.html?idxno=27648
22,"혼다 '오딧세이 F/L', 내달 뉴욕모터쇼서 공개...韓은 연말 출시",http://www.autodaily.co.kr/news/articleView.html?idxno=417274
23,"혼다, 3열 배선결함 화재 우려로 美서 오딧세이 24만대 리콜...韓은 확인 중",http://www.autodaily.co.kr/news/articleView.html?idxno=416488
24,[시승기] V6 엔진과 ‘혼다’의 가치를 전하는 MPV…혼다 뉴 오딧세이,https://hankookilbo.com/News/Read/A2021090108470000380?did=NA
25,"""토요타 딱 기다려""... 혼다, 오딧세이 다시 뜬다",https://www.ceoscoredaily.com/page/view/2021072711502963127
26,"혼다코리아, 파워풀 하이브리드 앰배서더로 배우 심지호 선정",https://www.dnews.co.kr/uhtml/view.jsp?idxno=202202221448428120341
27,혼다 오딧세이 '안전기준 부적합' 27억5800만원 과징금 맞아,http://www.newsworks.co.kr/news/articleView.html?idxno=562537
28,"수입 미니밴 평정한 혼다 '오딧세이', 매력은?",http://news.mt.co.kr/mtview.php?no=2019031116204562648
29,"혼다 미니밴 ‘오딧세이’, 인기 비결은?",http://www.rpm9.com/news/article.html?id=20190225090003
30,"혼다코리아, '오딧세이' 수입 미니밴 판매 1위 기념 이벤트",http://www.dailysmart.co.kr/news/articleView.html?idxno=5906
31,"혼다, 미니밴 오딧세이 일본서 단종 계획..북미·한국시장은?",http://www.dailycar.co.kr/content/news.html?type=view&autoId=39903
32,혼다 미니밴 오딧세이 당분간 구매 못 한다,http://www.ceoscoredaily.com/news/article.html?no=83007
33,[NW시승기] 똑똑해진 ‘혼다 오딧세이’ 프리미엄 미니밴 최고봉,http://www.newsway.co.kr/view.php?tp=1&ud=2018041011173365506
34,"혼다, 15개월 동안 '좌석 고정 결함'으로 미니밴 '오딧세이' 170만대 리콜",http://www.g-enews.com/ko-kr/news/article/news_all/201803231559449645e8b8a793f7_1/article.html
35,"혼다, 오딧세이 앞세워 수입 미니밴 시장 지각변동 이끈다",http://www.etoday.co.kr/news/section/newsview.php?idxno=1598710
36,[시승기] 다재다능한 패밀리카 혼다 오딧세이… 미니밴의 진수,http://biz.newdaily.co.kr/news/article.html?no=10153967
37,"[시승기] 미니밴 강자 ‘혼다 뉴 오딧세이’, 편의·안전성 따진다면 ‘강추’",https://www.asiatoday.co.kr/view.php?key=20210509010003907
38,"[타보니]혼다 뉴 오딧세이, 장거리 여행·차박에 최적화된 패밀리카",http://www.nspna.com/news/?mode=view&newsid=502230
39,"[안민구의 온로드] 차박 너끈한 패밀리카, 혼다 '뉴 오딧세이'",http://isplus.live.joins.com/news/article/article.asp?total_id=24078873
40,"[시승기]혼다 오딧세이, 대세 '미니밴' 시장 새로운 대안",http://www.mediapen.com/news/view/620965
41,"[시승기] 혼다 뉴 오딧세이, '멋과 즐거움' 한 번에 잡은 패밀리카",http://www.seoulfn.com/news/articleView.html?idxno=416785
42,"수입 미니밴 왕좌 지켜라... 혼다, 신형 오딧세이 출시 한달만에 할인",http://www.ceoscoredaily.com/news/article.html?no=80771
43,[시승기] 캠핑과 장거리 여행서 진가 발휘하는 '혼다 뉴 오딧세이',http://www.bizwnews.com/news/articleView.html?idxno=23874
44,"[리얼시승기] 혼다 뉴 오딧세이 ""개그맨 김진곤과 레이싱모델 주현하가 직접 타봤습니다""",http://www.g-enews.com/ko-kr/news/article/news_all/2021052113192537870d88486204_1/article.html
45,[영상] 미니밴 시장 도약 꾀하는 아빠車 '혼다 뉴 오딧세이',http://www.sisajournal-e.com/news/articleView.html?idxno=230781
46,[시승기] 가족의 안전·편리성 갖춘 '럭셔리 패밀리밴' 혼다 뉴 오딧세이,http://www.dailysmart.co.kr/news/articleView.html?idxno=43505
47,"[이지경제 타다] ﻿혼다 신형 오딧세이, 가성비 최고… '기아 카니발 잡는다'",http://www.ezyeconomy.com/news/articleView.html?idxno=110294
48,'카니발 라이벌' 노린다…차박도 가능한 혼다 뉴 오딧세이 [신차털기],https://www.hankyung.com/economy/article/202103169593g
49,"[시승기] ""레고처럼 시트 탈부착""... 카니발과 다른 혼다 오딧세이",http://www.ceoscoredaily.com/news/article.html?no=80244
50,‘고단수 패밀리 슈퍼카’ 혼다 오딧세이-미니밴 가족이 더 좋아해,http://news.mk.co.kr/v2/economy/view.php?year=2021&no=272012
51,[타봤어요]정의선이 특명내리게 한 車…'뻔하지 않은 미니밴' 오딧세이,http://www.edaily.co.kr/news/newspath.asp?newsid=01548166629215872
52,[시승기] 혼다 2021년형 뉴 오딧세이 '차박에 능한 스포츠 미니밴',http://www.gpkorea.com/news/articleView.html?idxno=72422
53,[스마트시승기] 가족을 위한 패밀리카 ‘혼다 뉴 오딧세이’,http://www.smartfn.co.kr/view.php?ud=2021031913444287697c01d83724_46
54,"[시승기] 혼다 뉴 오딧세이, 카니발에 도전장…공간 활용성 '으뜸'",http://www.g-enews.com/ko-kr/news/article/news_all/20210316082606281983a046ffa0_1/article.html
55,[시승기] 달리고 싶은 아빠들의 선택..혼다 오딧세이,http://www.dailycar.co.kr/content/news.html?type=view&autoId=39082
56,"[시승기] 섬세한 연출로 완성도를 높인 스테디셀링 MPV, 혼다 뉴 오딧세이 시승기",https://hankookilbo.com/News/Read/A2021031518060004365?did=NA
57,[시승기] 아빠 입가에 번지는 미소…세심함이 빚어낸 '혼다 뉴 오딧세이',http://www.sisaon.co.kr/news/articleView.html?idxno=125106
58,[트렌드] 안전·실용성 모두 잡은 패밀리카 '혼다 오딧세이' 시승기,http://www.viva100.com/main/view.php?key=20160414010003604
59,[시승기] 가족을 위해 진화 거듭한 '혼다 뉴 오딧세이',http://www.m-i.kr/news/articleView.html?idxno=806681
60,"[타봤어요] 가족에 최적화된 미니밴, 혼다 '2021년형 뉴 오딧세이'",http://www.edaily.co.kr/news/newspath.asp?newsid=01079126628983320
61,[시승기] 혼다 '뉴 오딧세이' 패밀리카 정석…공간·안정성 만족,http://www.shinailbo.co.kr/news/articleView.html?idxno=1387218
62,[시승기] '혼다의 노림수 성공할까' 2021년형 뉴 오딧세이,http://www.bizhankook.com/article/21547
63,"[솔Car말] 혼다 오딧세이, 일상을 지배하다",http://www.enewstoday.co.kr/news/articleView.html?idxno=1459943
64,[시승] '모두가 만족해야 진정한 패밀리카' 더 단단해진 혼다 신형 오딧세이,http://www.autodaily.co.kr/news/articleView.html?idxno=426216
65,[시승기] '미니밴→슈퍼밴' 진화…혼다 '뉴 오딧세이' 타보니,https://www.asiatoday.co.kr/view.php?key=20210401010000873
66,"기아 새 카니발 확 바꿔 미국 출격, 송호성 혼다 오딧세이 잡고 싶다",https://www.businesspost.co.kr/BP?command=article_view&num=227292
67,"[시승기] 혼다 오딧세이, 패밀리카 클래스 '살아있네'",https://www.econovill.com/news/articleView.html?idxno=522637
68,"혼다, 편의장비 강화한 ‘2021년형 뉴 오딧세이’ 출시",http://www.rpm9.com/news/article.html?id=20210301090004
69,가족을 위한 최고의 선택 ‘혼다 2021 뉴 오딧세이’ 국내 출시,http://www.smartfn.co.kr/view.php?ud=2021022612221045397c01d83724_46
70,"이지홍 혼다코리아 대표, 물량 공세…신형 오딧세이 조기 투입",http://www.ezyeconomy.com/news/articleView.html?idxno=109806
71,"혼다코리아, '2021년형 뉴 오딧세이' 출시",http://www.dailysmart.co.kr/news/articleView.html?idxno=40734
72,[시승기] 가족을 끄는 초강력 미니밴 '혼다 오딧세이',http://www.newspim.com/common/redirect.jsp?newsId=20150108000559
73,혼다 오딧세이 스몰 오버랩 테스트 최고점 받고도 도로교통법에 묶여 버스전용차선 못타는 사연,http://www.khan.co.kr/kh_news/art_view.html?artid=201411251917321&code=920508
74,"[리얼시승기] 혼다 뉴 오딧세이 ""카니발 잡으러 왔다""",http://www.g-enews.com/ko-kr/news/article/news_all/2021031412192882700d88486204_1/article.html
75,"혼다 오딧세이, 美컨슈머리포트 성능평가 미니밴 부문 1위",http://www.edaily.co.kr/news/newspath.asp?newsid=01138166606119096
76,"美컨슈머리포트, 혼다 ‘오딧세이’ 최고연비 차 선정",http://www.nspna.com/news/?mode=view&newsid=90961
77,[시승기]가족여행을 부르는 車…혼다 '올뉴 오딧세이',http://news1.kr/articles/1678745
78,미국서 인기 최고 '혼다 SUV'…국내선 왜 안팔리나 봤더니 [신차털기],https://www.hankyung.com/economy/article/202112317230g
79,"컨슈머리포트, 적재공간·연비 훌륭한 미니밴에 ‘혼다 오딧세이’ 선정",http://www.nspna.com/news/?mode=view&newsid=87375
80,"혼다 '어코드'·'오딧세이', 美 최고 패밀리카 선정",http://news1.kr/articles/1609836
81,제값 못하는 혼다 ‘4세대 오딧세이’,http://sports.khan.co.kr/news/sk_index.html?cat=view&art_id=201402210001013&sec_id=563002&pt=nv
82,판매량 늘어난 혼다···토요타와 경쟁 구도 형성하나,http://www.sisajournal-e.com/news/articleView.html?idxno=246227
83,"[이지경제의 한 컷] 혼다코리아, 방역수칙 준수…신형 오딧세이 '흥행몰이'",http://www.ezyeconomy.com/news/articleView.html?idxno=109982
84,[시승기]혼다 미니밴 '오딧세이',http://www.asiae.co.kr/news/view.htm?idxno=2013011510315754077
85,"[시승기] 혼다 오딧세이, 의전차에서 짐차로 1초만에 변신",http://biz.chosun.com/site/data/html_dir/2013/01/07/2013010701915.html
86,"[시승기]최악의 도로상황, 혼다 '오딧세이' 타보니",http://www.asiae.co.kr/news/view.htm?idxno=2012123023431614686
87,"혼다코리아, '오딧세이·파일럿' 출시.. 4790만~4890만원",http://www.edaily.co.kr/news/newspath.asp?newsid=01889286599730968
88,혼다 미니밴 '오딧세이' 30일 국내 시판,http://news1.kr/articles/915728
89,[시승기]부드럽고 힘좋은 미니밴 '혼다 오딧세이'…집안 같은 넉넉한 공간,http://www.dizzotv.com/site/data/html_dir/2021/03/15/2021031580218.html
90,"미국, 혼다 '오딧세이' 에어백 결함 조사",https://news.naver.com/main/read.naver?mode=LSD&mid=sec&sid1=103&oid=001&aid=0006307340
91,[시승기]달리는 가족공간 안락함이 살아 있네…혼다 ‘오딧세이’,http://economy.donga.com/dongAuto/3/0111/20130201/52747549/2
92,"美 '특허 사냥꾼', 도요타·혼다 제소",https://www.hankyung.com/international/article/2021120978381
93,"특허 지뢰밭 커넥티드카...GM. 토요타. 혼다, 美서 특허 침해로 소송 당해",http://www.autodaily.co.kr/news/articleView.html?idxno=430823
94,"[ER영상] 북미시장 1위 실용성 제왕, 혼다 오딧세이 시승기 [자동차연구소]",https://www.econovill.com/news/articleView.html?idxno=523085
95,"혼다, 손 닿지 않고 제스쳐만으로도 문이 열리는 오딧세이..‘주목’",http://www.dailycar.co.kr/content/news.html?type=view&autoId=37737
96,"혼다코리아, 창립 20주년 기념 11월 특별 프로모션 실시",http://www.viva100.com/main/view.php?key=20211101010000110
97,"철수예정 닛산보다 더 적게 팔린 혼다코리아, 어코드·오딧세이 이어 신형 CR-V까지 폭풍할인",http://www.autodaily.co.kr/news/articleView.html?idxno=421290
98,엔진오일 평생 제공한다는 혼다..어코드·오딧세이 500만원 할인!,http://www.dailycar.co.kr/content/news.html?type=view&autoId=37241
99,대세로 떠오른 하이브리드…미니밴 판도 바꿨다,https://www.ceoscoredaily.com/page/view/2022012515313723382
100,[스마트시승기] 가족을 위한 패밀리카 ‘혼다 뉴 오딧세이’,http://www.smartfn.co.kr/view.php?ud=2021031913444287697c01d83724_46
101,"[시승기] 혼다 뉴 오딧세이, 카니발에 도전장…공간 활용성 '으뜸'",http://www.g-enews.com/ko-kr/news/article/news_all/20210316082606281983a046ffa0_1/article.html
102,[시승기] 달리고 싶은 아빠들의 선택..혼다 오딧세이,http://www.dailycar.co.kr/content/news.html?type=view&autoId=39082
103,"[시승기] 섬세한 연출로 완성도를 높인 스테디셀링 MPV, 혼다 뉴 오딧세이 시승기",https://hankookilbo.com/News/Read/A2021031518060004365?did=NA
104,[시승기] 아빠 입가에 번지는 미소…세심함이 빚어낸 '혼다 뉴 오딧세이',http://www.sisaon.co.kr/news/articleView.html?idxno=125106
105,[트렌드] 안전·실용성 모두 잡은 패밀리카 '혼다 오딧세이' 시승기,http://www.viva100.com/main/view.php?key=20160414010003604
106,[시승기] 가족을 위해 진화 거듭한 '혼다 뉴 오딧세이',http://www.m-i.kr/news/articleView.html?idxno=806681
107,"[타봤어요] 가족에 최적화된 미니밴, 혼다 '2021년형 뉴 오딧세이'",http://www.edaily.co.kr/news/newspath.asp?newsid=01079126628983320
108,[시승기] 혼다 '뉴 오딧세이' 패밀리카 정석…공간·안정성 만족,http://www.shinailbo.co.kr/news/articleView.html?idxno=1387218
109,[시승기] '혼다의 노림수 성공할까' 2021년형 뉴 오딧세이,http://www.bizhankook.com/article/21547
110,[시승기] 가족을 위해 진화 거듭한 '혼다 뉴 오딧세이',http://www.m-i.kr/news/articleView.html?idxno=806681
111,"[타봤어요] 가족에 최적화된 미니밴, 혼다 '2021년형 뉴 오딧세이'",http://www.edaily.co.kr/news/newspath.asp?newsid=01079126628983320
112,[시승기] 혼다 '뉴 오딧세이' 패밀리카 정석…공간·안정성 만족,http://www.shinailbo.co.kr/news/articleView.html?idxno=1387218
113,[시승기] '혼다의 노림수 성공할까' 2021년형 뉴 오딧세이,http://www.bizhankook.com/article/21547
114,"[솔Car말] 혼다 오딧세이, 일상을 지배하다",http://www.enewstoday.co.kr/news/articleView.html?idxno=1459943
115,[시승] '모두가 만족해야 진정한 패밀리카' 더 단단해진 혼다 신형 오딧세이,http://www.autodaily.co.kr/news/articleView.html?idxno=426216
116,[시승기] '미니밴→슈퍼밴' 진화…혼다 '뉴 오딧세이' 타보니,https://www.asiatoday.co.kr/view.php?key=20210401010000873
117,"기아 새 카니발 확 바꿔 미국 출격, 송호성 혼다 오딧세이 잡고 싶다",https://www.businesspost.co.kr/BP?command=article_view&num=227292
118,"[시승기] 혼다 오딧세이, 패밀리카 클래스 '살아있네'",https://www.econovill.com/news/articleView.html?idxno=522637
119,"혼다, 편의장비 강화한 ‘2021년형 뉴 오딧세이’ 출시",http://www.rpm9.com/news/article.html?id=20210301090004
120,[시승] '모두가 만족해야 진정한 패밀리카' 더 단단해진 혼다 신형 오딧세이,http://www.autodaily.co.kr/news/articleView.html?idxno=426216
121,[시승기] '미니밴→슈퍼밴' 진화…혼다 '뉴 오딧세이' 타보니,https://www.asiatoday.co.kr/view.php?key=20210401010000873
122,"기아 새 카니발 확 바꿔 미국 출격, 송호성 혼다 오딧세이 잡고 싶다",https://www.businesspost.co.kr/BP?command=article_view&num=227292
123,"[시승기] 혼다 오딧세이, 패밀리카 클래스 '살아있네'",https://www.econovill.com/news/articleView.html?idxno=522637
124,"혼다코리아, 패밀리 미니밴 ‘2021년형 뉴 오딧세이’ 국내 출시",http://www.nspna.com/news/?mode=view&newsid=488797
125,"혼다, 편의장비 강화한 ‘2021년형 뉴 오딧세이’ 출시",http://www.rpm9.com/news/article.html?id=20210301090004
126,가족을 위한 최고의 선택 ‘혼다 2021 뉴 오딧세이’ 국내 출시,http://www.smartfn.co.kr/view.php?ud=2021022612221045397c01d83724_46
127,"이지홍 혼다코리아 대표, 물량 공세…신형 오딧세이 조기 투입",http://www.ezyeconomy.com/news/articleView.html?idxno=109806
128,"혼다코리아, '2021년형 뉴 오딧세이' 출시",http://www.dailysmart.co.kr/news/articleView.html?idxno=40734
129,[시승기] 가족을 끄는 초강력 미니밴 '혼다 오딧세이',http://www.newspim.com/common/redirect.jsp?newsId=20150108000559
130,"혼다, 패밀리 미니밴 '2021년형 뉴 오딧세이' 출시",http://www.shinailbo.co.kr/news/articleView.html?idxno=1381841
131,"혼다코리아, '2021년형 뉴 오딧세이' 출시",http://www.dailysmart.co.kr/news/articleView.html?idxno=40734
132,[시승기] 가족을 끄는 초강력 미니밴 '혼다 오딧세이',http://www.newspim.com/common/redirect.jsp?newsId=20150108000559
133,혼다 오딧세이 스몰 오버랩 테스트 최고점 받고도 도로교통법에 묶여 버스전용차선 못타는 사연,http://www.khan.co.kr/kh_news/art_view.html?artid=201411251917321&code=920508
134,"[리얼시승기] 혼다 뉴 오딧세이 ""카니발 잡으러 왔다""",http://www.g-enews.com/ko-kr/news/article/news_all/2021031412192882700d88486204_1/article.html
135,"혼다 오딧세이, 美컨슈머리포트 성능평가 미니밴 부문 1위",http://www.edaily.co.kr/news/newspath.asp?newsid=01138166606119096
136,"美컨슈머리포트, 혼다 ‘오딧세이’ 최고연비 차 선정",http://www.nspna.com/news/?mode=view&newsid=90961
137,[시승기]가족여행을 부르는 車…혼다 '올뉴 오딧세이',http://news1.kr/articles/1678745
138,미국서 인기 최고 '혼다 SUV'…국내선 왜 안팔리나 봤더니 [신차털기],https://www.hankyung.com/economy/article/202112317230g
139,"컨슈머리포트, 적재공간·연비 훌륭한 미니밴에 ‘혼다 오딧세이’ 선정",http://www.nspna.com/news/?mode=view&newsid=87375
140,"혼다, '2021년형 뉴 오딧세이' 국내 출시...5790만 원",http://www.consumernews.co.kr/news/articleView.html?idxno=621208
141,[시승기] 가족을 끄는 초강력 미니밴 '혼다 오딧세이',http://www.newspim.com/common/redirect.jsp?newsId=20150108000559
142,혼다 오딧세이 스몰 오버랩 테스트 최고점 받고도 도로교통법에 묶여 버스전용차선 못타는 사연,http://www.khan.co.kr/kh_news/art_view.html?artid=201411251917321&code=920508
143,혼다 '2021년형 뉴 오딧세이' 국내 출시…5790만원부터,http://www.newsis.com/view/?id=NISX20210225_0001352057&cID=13001&pID=13000
144,"[리얼시승기] 혼다 뉴 오딧세이 ""카니발 잡으러 왔다""",http://www.g-enews.com/ko-kr/news/article/news_all/2021031412192882700d88486204_1/article.html
145,"혼다 오딧세이, 美컨슈머리포트 성능평가 미니밴 부문 1위",http://www.edaily.co.kr/news/newspath.asp?newsid=01138166606119096
146,"美컨슈머리포트, 혼다 ‘오딧세이’ 최고연비 차 선정",http://www.nspna.com/news/?mode=view&newsid=90961
147,[시승기]가족여행을 부르는 車…혼다 '올뉴 오딧세이',http://news1.kr/articles/1678745
148,미국서 인기 최고 '혼다 SUV'…국내선 왜 안팔리나 봤더니 [신차털기],https://www.hankyung.com/economy/article/202112317230g
149,"컨슈머리포트, 적재공간·연비 훌륭한 미니밴에 ‘혼다 오딧세이’ 선정",http://www.nspna.com/news/?mode=view&newsid=87375
150,"혼다, 패밀리 미니밴 '2021년형 뉴 오딧세이' 5790만원 출시",http://news.mk.co.kr/newsRead.php?no=185063&year=2021
151,[시승기] 가족을 끄는 초강력 미니밴 '혼다 오딧세이',http://www.newspim.com/common/redirect.jsp?newsId=20150108000559
152,혼다 오딧세이 스몰 오버랩 테스트 최고점 받고도 도로교통법에 묶여 버스전용차선 못타는 사연,http://www.khan.co.kr/kh_news/art_view.html?artid=201411251917321&code=920508
153,혼다 '2021년형 뉴 오딧세이' 국내 출시…5790만원부터,http://www.newsis.com/view/?id=NISX20210225_0001352057&cID=13001&pID=13000
154,"[리얼시승기] 혼다 뉴 오딧세이 ""카니발 잡으러 왔다""",http://www.g-enews.com/ko-kr/news/article/news_all/2021031412192882700d88486204_1/article.html
155,"혼다 오딧세이, 美컨슈머리포트 성능평가 미니밴 부문 1위",http://www.edaily.co.kr/news/newspath.asp?newsid=01138166606119096
156,"美컨슈머리포트, 혼다 ‘오딧세이’ 최고연비 차 선정",http://www.nspna.com/news/?mode=view&newsid=90961
157,[시승기]가족여행을 부르는 車…혼다 '올뉴 오딧세이',http://news1.kr/articles/1678745
158,미국서 인기 최고 '혼다 SUV'…국내선 왜 안팔리나 봤더니 [신차털기],https://www.hankyung.com/economy/article/202112317230g
159,"컨슈머리포트, 적재공간·연비 훌륭한 미니밴에 ‘혼다 오딧세이’ 선정",http://www.nspna.com/news/?mode=view&newsid=87375
160,"혼다코리아, ‘2021년형 뉴 오딧세이’ 출시",https://www.donga.com/news/article/all/20210225/105607277/2
161,[시승기] 가족을 끄는 초강력 미니밴 '혼다 오딧세이',http://www.newspim.com/common/redirect.jsp?newsId=20150108000559
162,혼다 오딧세이 스몰 오버랩 테스트 최고점 받고도 도로교통법에 묶여 버스전용차선 못타는 사연,http://www.khan.co.kr/kh_news/art_view.html?artid=201411251917321&code=920508
163,혼다 '2021년형 뉴 오딧세이' 국내 출시…5790만원부터,http://www.newsis.com/view/?id=NISX20210225_0001352057&cID=13001&pID=13000
164,"[리얼시승기] 혼다 뉴 오딧세이 ""카니발 잡으러 왔다""",http://www.g-enews.com/ko-kr/news/article/news_all/2021031412192882700d88486204_1/article.html
165,"혼다 오딧세이, 美컨슈머리포트 성능평가 미니밴 부문 1위",http://www.edaily.co.kr/news/newspath.asp?newsid=01138166606119096
166,"美컨슈머리포트, 혼다 ‘오딧세이’ 최고연비 차 선정",http://www.nspna.com/news/?mode=view&newsid=90961
167,[시승기]가족여행을 부르는 車…혼다 '올뉴 오딧세이',http://news1.kr/articles/1678745
168,미국서 인기 최고 '혼다 SUV'…국내선 왜 안팔리나 봤더니 [신차털기],https://www.hankyung.com/economy/article/202112317230g
169,"컨슈머리포트, 적재공간·연비 훌륭한 미니밴에 ‘혼다 오딧세이’ 선정",http://www.nspna.com/news/?mode=view&newsid=87375
170,"혼다 오딧세이, 美컨슈머리포트 성능평가 미니밴 부문 1위",http://www.edaily.co.kr/news/newspath.asp?newsid=01138166606119096
171,"美컨슈머리포트, 혼다 ‘오딧세이’ 최고연비 차 선정",http://www.nspna.com/news/?mode=view&newsid=90961
172,[시승기]가족여행을 부르는 車…혼다 '올뉴 오딧세이',http://news1.kr/articles/1678745
173,미국서 인기 최고 '혼다 SUV'…국내선 왜 안팔리나 봤더니 [신차털기],https://www.hankyung.com/economy/article/202112317230g
174,"혼다코리아, ‘2021년형 뉴 오딧세이’ 국내 출시",http://www.busan.com/view/busan/view.php?code=2021022512501266504
175,"컨슈머리포트, 적재공간·연비 훌륭한 미니밴에 ‘혼다 오딧세이’ 선정",http://www.nspna.com/news/?mode=view&newsid=87375
176,"혼다 '어코드'·'오딧세이', 美 최고 패밀리카 선정",http://news1.kr/articles/1609836
177,제값 못하는 혼다 ‘4세대 오딧세이’,http://sports.khan.co.kr/news/sk_index.html?cat=view&art_id=201402210001013&sec_id=563002&pt=nv
178,"혼다, ‘오딧세이’ 변함없는 최고 수준 안전성 입증",http://news.mk.co.kr/news_forward.php?domain=news&no=1462988&year=2014
179,판매량 늘어난 혼다···토요타와 경쟁 구도 형성하나,http://www.sisajournal-e.com/news/articleView.html?idxno=246227
180,美 컨슈머리포트 '혼다 오딧세이' 적재공간· 연비 최고 평가,http://www.consumernews.co.kr/news/view.html?gid=main&bid=news&pid=421232
181,"혼다 '어코드'·'오딧세이', 美 최고 패밀리카 선정",http://news1.kr/articles/1609836
182,제값 못하는 혼다 ‘4세대 오딧세이’,http://sports.khan.co.kr/news/sk_index.html?cat=view&art_id=201402210001013&sec_id=563002&pt=nv
183,"혼다, ‘오딧세이’ 변함없는 최고 수준 안전성 입증",http://news.mk.co.kr/news_forward.php?domain=news&no=1462988&year=2014
184,판매량 늘어난 혼다···토요타와 경쟁 구도 형성하나,http://www.sisajournal-e.com/news/articleView.html?idxno=246227
185,"[이지경제의 한 컷] 혼다코리아, 방역수칙 준수…신형 오딧세이 '흥행몰이'",http://www.ezyeconomy.com/news/articleView.html?idxno=109982
186,[시승기]혼다 미니밴 '오딧세이',http://www.asiae.co.kr/news/view.htm?idxno=2013011510315754077
187,"[시승기] 혼다 오딧세이, 의전차에서 짐차로 1초만에 변신",http://biz.chosun.com/site/data/html_dir/2013/01/07/2013010701915.html
188,"[시승기]최악의 도로상황, 혼다 '오딧세이' 타보니",http://www.asiae.co.kr/news/view.htm?idxno=2012123023431614686
189,"혼다코리아, '오딧세이·파일럿' 출시.. 4790만~4890만원",http://www.edaily.co.kr/news/newspath.asp?newsid=01889286599730968
190,혼다 미니밴 '오딧세이' 30일 국내 시판,http://news1.kr/articles/915728
191,[시승기]부드럽고 힘좋은 미니밴 '혼다 오딧세이'…집안 같은 넉넉한 공간,http://www.dizzotv.com/site/data/html_dir/2021/03/15/2021031580218.html
192,"혼다 '오딧세이', 美서 2년 연속 충돌테스트 안전성 '최고'",http://www.osen.co.kr/article/G1110016942
193,"미국, 혼다 '오딧세이' 에어백 결함 조사",https://news.naver.com/main/read.naver?mode=LSD&mid=sec&sid1=103&oid=001&aid=0006307340
194,[시승기]달리는 가족공간 안락함이 살아 있네…혼다 ‘오딧세이’,http://economy.donga.com/dongAuto/3/0111/20130201/52747549/2
195,"美 '특허 사냥꾼', 도요타·혼다 제소",https://www.hankyung.com/international/article/2021120978381
196,"특허 지뢰밭 커넥티드카...GM. 토요타. 혼다, 美서 특허 침해로 소송 당해",http://www.autodaily.co.kr/news/articleView.html?idxno=430823
197,"[ER영상] 북미시장 1위 실용성 제왕, 혼다 오딧세이 시승기 [자동차연구소]",https://www.econovill.com/news/articleView.html?idxno=523085
198,"혼다, 손 닿지 않고 제스쳐만으로도 문이 열리는 오딧세이..‘주목’",http://www.dailycar.co.kr/content/news.html?type=view&autoId=37737
199,"혼다코리아, 창립 20주년 기념 11월 특별 프로모션 실시",http://www.viva100.com/main/view.php?key=20211101010000110
200,"철수예정 닛산보다 더 적게 팔린 혼다코리아, 어코드·오딧세이 이어 신형 CR-V까지 폭풍할인",http://www.autodaily.co.kr/news/articleView.html?idxno=421290
201,엔진오일 평생 제공한다는 혼다..어코드·오딧세이 500만원 할인!,http://www.dailycar.co.kr/content/news.html?type=view&autoId=37241
202,대세로 떠오른 하이브리드…미니밴 판도 바꿨다,https://www.ceoscoredaily.com/page/view/2022012515313723382
203,"""포기란 없다""…혼다코리아, 하이브리드·미니밴 호조에 하반기 '청신호'",http://www.sisaon.co.kr/news/articleView.html?idxno=131310
204,벤츠 E220d·기아 K5·혼다 오딧세이 등 8만3555대 리콜,http://www.newspim.com/news/view/20200901001089
205,[시승기] '패밀리카 정석' 뉴 오딧세이,https://www.dnews.co.kr/uhtml/view.jsp?idxno=202105281805368400878
206,카니발 라이벌 '혼다 신형 오딧세이'가 도입한 핸즈프리 도어는?,http://www.autodaily.co.kr/news/articleView.html?idxno=422023
207,[하이빔]일본차 넘으려는 한국차,http://autotimes.hankyung.com/apps/news.sub_view?popup=0&nid=01&c1=01&c2=01&c3=00&nkey=202201251723161
208,"혼다코리아, 2020년형 어코드·오딧세이 출시",http://www.munhwa.com/news/view.html?no=20200320MW081426126018
209,"혼다, 2020년형 어코드‧오딧세이 출시",http://www.newsworks.co.kr/news/articleView.html?idxno=441779
210,"혼다, 2020년형 어코드‧오딧세이 출시",http://www.newsworks.co.kr/news/articleView.html?idxno=441779
211,"[자동차오늘] DS 오토모빌, 브랜드 홍보대사에 배우 조여정 위촉…혼다코리아, 2020년형 어코드·오딧세이 출시",http://www.sisaon.co.kr/news/articleView.html?idxno=110588
212,[시승기] 움직이는 또 하나의 집...8인승 '오딧세이',http://www.newspim.com/news/view/20180105000177
213,"혼다·BMW 등 11개사, '안전기준 부적합' 총 62억원 과징금",http://www.sisaweek.com/news/articleView.html?idxno=146009
214,카니발·스타렉스·마스터·시에나·오딧세이..과연 잔존가치 1위 MPV는?,http://www.dailycar.co.kr/content/news.html?type=view&autoId=39725
215,"연비·승차감 말고도 남달랐다…카니발 대항마, 스타리아 LPG [주말車담]",https://www.joongang.co.kr/article/25067715
216,가솔린의 혼다 어코드. CR-V 70%가 하이브리드로 전환된 이유?,http://www.autodaily.co.kr/news/articleView.html?idxno=428770
217,"'다둥이 아빠들의 드림카' 신형 오딧세이, 美 가격 공개",http://www.hankookilbo.com/v/e7747aaefe514afe81b845302914b4c9
218,폭스바겐 골프·혼다 오딧세이 등 4만여대 리콜,http://news.mt.co.kr/mtview.php?no=2020032617182871058
219,日시에나·오딧세이 '도전장'…확바뀐 '카니발' 미니밴 부활 이끈다,http://news.mk.co.kr/newsRead.php?no=445708&year=2021
220,"혼다코리아, 어코드 오딧세이 포함 차량 3종의 연식변경모델 내놔",http://www.businesspost.co.kr/BP?command=article_view&num=169375
221,"[자동차오늘] DS 오토모빌, 브랜드 홍보대사에 배우 조여정 위촉…혼다코리아, 2020년형 어코드·오딧세이 출시",http://www.sisaon.co.kr/news/articleView.html?idxno=110588
222,[시승기] 움직이는 또 하나의 집...8인승 '오딧세이',http://www.newspim.com/news/view/20180105000177
223,"혼다·BMW 등 11개사, '안전기준 부적합' 총 62억원 과징금",http://www.sisaweek.com/news/articleView.html?idxno=146009
224,카니발·스타렉스·마스터·시에나·오딧세이..과연 잔존가치 1위 MPV는?,http://www.dailycar.co.kr/content/news.html?type=view&autoId=39725
225,"연비·승차감 말고도 남달랐다…카니발 대항마, 스타리아 LPG [주말車담]",https://www.joongang.co.kr/article/25067715
226,가솔린의 혼다 어코드. CR-V 70%가 하이브리드로 전환된 이유?,http://www.autodaily.co.kr/news/articleView.html?idxno=428770
227,"'다둥이 아빠들의 드림카' 신형 오딧세이, 美 가격 공개",http://www.hankookilbo.com/v/e7747aaefe514afe81b845302914b4c9
228,폭스바겐 골프·혼다 오딧세이 등 4만여대 리콜,http://news.mt.co.kr/mtview.php?no=2020032617182871058
229,日시에나·오딧세이 '도전장'…확바뀐 '카니발' 미니밴 부활 이끈다,http://news.mk.co.kr/newsRead.php?no=445708&year=2021
230,가솔린의 혼다 어코드. CR-V 70%가 하이브리드로 전환된 이유?,http://www.autodaily.co.kr/news/articleView.html?idxno=428770
231,"'다둥이 아빠들의 드림카' 신형 오딧세이, 美 가격 공개",http://www.hankookilbo.com/v/e7747aaefe514afe81b845302914b4c9
232,폭스바겐 골프·혼다 오딧세이 등 4만여대 리콜,http://news.mt.co.kr/mtview.php?no=2020032617182871058
233,"혼다코리아, 어코드·오딧세이 2020년형 출시",http://autotimes.hankyung.com/apps/news.sub_view?popup=0&nid=02&c1=02&c2=02&c3=00&nkey=202003190956551
234,"잔존가치 1위 스타리아 오딧세이 제치고 ""역시 기아 카니발"" ",http://www.gpkorea.com/news/articleView.html?idxno=74551
235,日시에나·오딧세이 '도전장'…확바뀐 '카니발' 미니밴 부활 이끈다,http://news.mk.co.kr/newsRead.php?no=445708&year=2021
236,[신차 시승기]SUV 영역 넘나드는 ‘오딧세이’… 5미터 거구 상품성↑,https://www.donga.com/news/article/all/20210322/106022409/2
237,[비교 체험기] 미니밴 '한일전'... 카니발 아성에 오딧세이 도전장,http://www.segyebiz.com/newsView/20210331513452?OutUrl=naver
238,[시승기] 5000만원대 패밀리카 ‘뉴 오딧세이’ 타보니…공간활용성 돋보이네,https://daily.hankooki.com/lpage/industry/202103/dh20210317164558147980.htm?s_ref=nv
239,[포토] 안전·편의성 높인 '2021년형 뉴 오딧세이',http://www.dailysmart.co.kr/news/articleView.html?idxno=41423
240,상반기 미니밴 한일전 한판승부…'뉴 카니발 vs 뉴 시에나·오딧세이',https://daily.hankooki.com/lpage/industry/202103/dh20210310164206147980.htm?s_ref=nv
241,"韓 출격한 일본 미니밴 '시에나·오딧세이', 카니발 독주체제 흔들까",http://www.autodaily.co.kr/news/articleView.html?idxno=426057
242,"수소전기차는 시기상조?…日 혼다, 수소차 생산 중단",https://zdnet.co.kr/view/?no=20210618153716
243,[기획/日 불매운동 2년] ① 토요타·혼다 '일본차'의 반격이 시작됐다,https://www.ekn.kr/web/view.php?key=20210622010004156
244,"혼다, 수입 미니밴 1위 자리 내주나",http://www.ceoscoredaily.com/news/article.html?no=82377
245,"실적 회복세 속 '신차효과' 노리는 日수입차···'웃는' 토요타, '우는' 혼다",http://www.sisajournal-e.com/news/articleView.html?idxno=232405
246,"[집중분석] ""이래서 패밀리카의 정석"" 특별한 공간 '혼다 오딧세이'",http://www.newsprime.co.kr/news/article.html?no=450835
247,"[뉴스앤굿즈] 아빠의 로망을 부르는 패밀리카, 혼다 오딧세이 인기비결은?",http://www.consumernews.co.kr/?mod=news&act=articleView&idxno=530361
248,"`수입 미니밴 제왕` 혼다 오딧세이, 가족용 `슈퍼밴`으로 진화",http://news.mk.co.kr/newsRead.php?year=2019&no=94307
249,"혼다, 오딧세이 주유비·초처리 할부 등 고객감사 이벤트 진행",http://www.lawissue.co.kr/view.php?ud=20190203111844773867191f6c6e_12
250,"혼다, 오딧세이 주유비·초처리 할부 등 고객감사 이벤트 진행",http://www.lawissue.co.kr/view.php?ud=20190203111844773867191f6c6e_12
251,"혼다코리아, 오딧세이 수입 미니밴 판매 1위 기념고객감사 이벤트 진행",https://www.insight.co.kr/news/208727
252,"혼다코리아, 오딧세이 2018 수입 미니밴 판매 1위 기념 이벤트 진행",http://www.autodaily.co.kr/news/articleView.html?idxno=407420
253,‘슈퍼밴’ 혼다 오딧세이-폼 나는 가족여행의 동반자,http://news.mk.co.kr/newsRead.php?year=2019&no=103291
254,혼다 수소차 클래리티 단종 수순…현대차·토요타 양강구도 강화,http://www.iusm.co.kr/news/articleView.html?idxno=914209
255,"""가족들의 환호성"" 카니발-시에나-오딧세이 '미니밴 한일전'",http://www.gpkorea.com/news/articleView.html?idxno=71967
256,혼다코리아 “오딧세이 최대 72개월 할부”,http://www.rpm9.com/news/article.html?id=20181204090006
257,"혼다코리아, 연말 맞이 '2019 오딧세이' 특별 프로모션 이벤트 실시",http://www.autodaily.co.kr/news/articleView.html?idxno=406403
258,"싼타크루즈·카니발·아이오닉5 하반기 출격...현대차·기아, 혼다 제치고 미국 시장 '탑5' 오를까",http://www.consumernews.co.kr/news/articleView.html?idxno=626700
259,혼다 발 뺀 수소 승용차 시장…현대차·도요타 양강구도 됐다,http://yna.kr/AKR20210617173100003?did=1195m
260,혼다 빠진 수소車 시장···현대차 vs 토요타 ‘양강구도’,https://www.ekn.kr/web/view.php?key=20210620010003659
261,혼다코리아 “오딧세이 최대 72개월 할부”,http://www.rpm9.com/news/article.html?id=20181204090006
262,"혼다코리아, 연말 맞이 '2019 오딧세이' 특별 프로모션 이벤트 실시",http://www.autodaily.co.kr/news/articleView.html?idxno=406403
263,"싼타크루즈·카니발·아이오닉5 하반기 출격...현대차·기아, 혼다 제치고 미국 시장 '탑5' 오를까",http://www.consumernews.co.kr/news/articleView.html?idxno=626700
264,혼다 발 뺀 수소 승용차 시장…현대차·도요타 양강구도 됐다,http://yna.kr/AKR20210617173100003?did=1195m
265,"혼다코리아, '서울·경기 남부' AS 인프라 확대예정",http://www.mediapen.com/news/view/636763
266,[리뷰] 새로운 시대를 맞이한 글로벌 컴팩트 세단…혼다 올 뉴 시빅,https://hankookilbo.com/News/Read/A2021061407540005098?did=NA
267,"혼다코리아, 오딧세이 수입 미니밴 판매 1위 기념 고객감사 이벤트",http://www.getnews.co.kr/view.php?ud=2019020208541861457f7a2feaf6_16
268,"혼다마저 상승전환 이뤘다…판매회복 볕 든 일본차, 하반기 반등 '신호탄'",http://www.sisaon.co.kr/news/articleView.html?idxno=128121
269,[시승기]추석 패밀리카 맞수 '토요타 시에나'vs'혼다 오딧세이',http://news.mt.co.kr/mtview.php?no=2018092117260876558
270,"혼다코리아, 2019 오딧세이 특별 프로모션",http://www.osen.co.kr/article/G1111042850
271,"싼타크루즈·카니발·아이오닉5 하반기 출격...현대차·기아, 혼다 제치고 미국 시장 '탑5' 오를까",http://www.consumernews.co.kr/news/articleView.html?idxno=626700
272,혼다 발 뺀 수소 승용차 시장…현대차·도요타 양강구도 됐다,http://yna.kr/AKR20210617173100003?did=1195m
273,"혼다코리아, '서울·경기 남부' AS 인프라 확대예정",http://www.mediapen.com/news/view/636763
274,[리뷰] 새로운 시대를 맞이한 글로벌 컴팩트 세단…혼다 올 뉴 시빅,https://hankookilbo.com/News/Read/A2021061407540005098?did=NA
275,"혼다코리아, 오딧세이 수입 미니밴 판매 1위 기념 고객감사 이벤트",http://www.getnews.co.kr/view.php?ud=2019020208541861457f7a2feaf6_16
276,"혼다마저 상승전환 이뤘다…판매회복 볕 든 일본차, 하반기 반등 '신호탄'",http://www.sisaon.co.kr/news/articleView.html?idxno=128121
277,[시승기]추석 패밀리카 맞수 '토요타 시에나'vs'혼다 오딧세이',http://news.mt.co.kr/mtview.php?no=2018092117260876558
278,"혼다코리아, ""오딧세이 구매시 240만원 지원""",http://autotimes.hankyung.com/apps/news.sub_view?popup=0&nid=03&c1=03&c2=03&c3=00&nkey=201902011522421
279,카니발이 평정한 국내 미니밴 시장…토요타ㆍ혼다 '도전장',https://www.dnews.co.kr/uhtml/view.jsp?idxno=202104131104044420636
280,"혼다, 수소차 단종 수순…현대차·도요타 경쟁 심화 예고",http://news.heraldcorp.com/view.php?ud=20210618000033
281,"혼다코리아, '서울·경기 남부' AS 인프라 확대예정",http://www.mediapen.com/news/view/636763
282,[리뷰] 새로운 시대를 맞이한 글로벌 컴팩트 세단…혼다 올 뉴 시빅,https://hankookilbo.com/News/Read/A2021061407540005098?did=NA
283,"혼다코리아, 오딧세이 수입 미니밴 판매 1위 기념 고객감사 이벤트",http://www.getnews.co.kr/view.php?ud=2019020208541861457f7a2feaf6_16
284,"혼다마저 상승전환 이뤘다…판매회복 볕 든 일본차, 하반기 반등 '신호탄'",http://www.sisaon.co.kr/news/articleView.html?idxno=128121
285,"혼다코리아, ""오딧세이, 72개월 할부 구입 가능""",http://autotimes.hankyung.com/apps/news.sub_view?popup=0&nid=03&c1=03&c2=03&c3=00&nkey=201812031127381
286,[시승기]추석 패밀리카 맞수 '토요타 시에나'vs'혼다 오딧세이',http://news.mt.co.kr/mtview.php?no=2018092117260876558
287,"혼다코리아, ""오딧세이 구매시 240만원 지원""",http://autotimes.hankyung.com/apps/news.sub_view?popup=0&nid=03&c1=03&c2=03&c3=00&nkey=201902011522421
288,카니발이 평정한 국내 미니밴 시장…토요타ㆍ혼다 '도전장',https://www.dnews.co.kr/uhtml/view.jsp?idxno=202104131104044420636
289,"미니쿠퍼S와 혼다 오딧세이, 서로 다른 이유로 리콜 조치",http://www.news2day.co.kr/104770
290,"미니쿠퍼S와 혼다 오딧세이, 서로 다른 이유로 리콜 조치",http://www.news2day.co.kr/104770
291,잘 나가는 카니발… 10개월만에 작년 판매량 넘어 역대 기록 눈앞,https://biz.chosun.com/industry/car/2021/11/12/FDLLD3NRCRF37J5OZNOIBIHIFE/?utm_source=naver&utm_medium=original&utm_campaign=biz
292,‘혼다 오딧세이’ 인기비결…적재공간 넓고 뒷좌석 자녀 안전강화,http://www.munhwa.com/news/view.html?no=2019022601071930115001
293,포르쉐 '파나메라'·혼다 '오딧세이' 다음달 리콜,http://www.newstomato.com/ReadNews.aspx?no=897122
294,포르쉐 파나메라ㆍ혼다 오딧세이 등 수입차 4000여대 리콜,https://view.asiae.co.kr/news/view.htm?idxno=2019052218530689165
295,"혼다코리아, 전국 순회 시승행사 개최",http://www.mediapen.com/news/view/629627
296,"[글로벌-Biz 24]""운전 중 문이 활짝"" 혼다 미니 밴 오딧세이 10만7774대 리콜...한국은?",http://www.g-enews.com/ko-kr/news/article/news_all/201811281116511916dd9e5ceb62_1/article.html
297,신차 쏟아내는 토요타·혼다…’노 재팬(No Japan)’ 극복에 사활,http://www.dt.co.kr/contents.html?article_no=2021031202109932031001&ref=naver
298,"미국 16세 소년, '혼다 오딧세이' 뒷좌석에 끼어 질식사…사망 전 ""죽을 것 같다"" 신고",http://www.g-enews.com/ko-kr/news/article/news_all/201804131400073964e8b8a793f7_1/article.html
299,"혼다, 미니밴 오딧세이 슬라이딩 도어 결함으로 美서 10만8천대 리콜",http://www.autodaily.co.kr/news/articleView.html?idxno=406257
300,“신차 효과 통했나”…‘노노 재팬’ 딛고 부활 기지개 켜는 토요타·혼다,http://www.dt.co.kr/contents.html?article_no=2021041602109932031001&ref=naver
301,"혼다코리아, '오딧세이 수입 미니밴 1위' 기념 이벤트",http://www.fnnews.com/news/201902011702310809
302,[시승기]'아빠'와 '남자'의 로망을 함께 아우른 5세대 혼다 오딧세이,http://www.consumernews.co.kr/?mod=news&act=articleView&idxno=524584
303,"[시승기] 혼다 올 뉴 오딧세이, 와이프가 더 환장하는 차",http://www.ajunews.com/view/20180321094444110
304,"허우적대는 토요타·혼다, 신차 출시로 반등 가능할까",http://www.sisaweek.com/news/articleView.html?idxno=142277
305,도요타 '뉴 시에나' 출격…혼다 오딧세이와 한판 승부,http://news.hankyung.com/article/201803192096g
306,프리미엄 미니밴 경쟁 '본격화'... 혼다 오딧세이 vs 토요타 시에나,http://biz.newdaily.co.kr/news/article.html?no=10155914
307,"[시승기] 패밀리카의 교과서, 혼다 오딧세이",http://www.moneyweek.co.kr/news/mwView.php?type=1&no=2018022213218027878&outlink=1
308,[시승기] 하나부터 열까지 가족만을 위한 혼다 '오딧세이',http://www.newsprime.co.kr/news/article.html?no=407357
309,[카닥터] 패밀리 미니밴의 정석… 혼다 ‘오딧세이’,http://www.econovill.com/news/articleView.html?idxno=331556
310,혼다보다 한달 늦은 토요타...가격 격차 줄이기 고심,http://www.ceoscoredaily.com/news/article.html?no=79166
311,"[시승기]패밀리카의 완성형, 혼다 '오딧세이'",http://news.mt.co.kr/mtview.php?no=2018012417164049128
312,"[훈 기자의 시승車] '긴장해라 카니발'… 모든 것이 완벽한 혼다, 올 뉴 오딧세이",http://www.kukinews.com/news/article.html?no=520364
313,"혼다 올 뉴 오딧세이, 美서‘최고의 잔존가치 차량’ 선정",http://www.newsway.co.kr/view.php?tp=1&ud=2018011715242205368
314,[로드임프레션] ‘달리는 키즈 카페’ 혼다 ‘올 뉴 오딧세이’ 타보니,http://www.etoday.co.kr/news/section/newsview.php?idxno=1584654
315,[주목이차!]혼다 올 뉴 오딧세이-스피커·카메라로 앞뒤 소통...미니밴 불편 한방에 해소,http://www.sedaily.com/NewsView/1RUC4WSI5F
316,"[시승]가족 모두를 만족시킬 차, 혼다 오딧세이",http://autotimes.hankyung.com/apps/news.sub_view?popup=0&nid=06&c1=06&c2=06&c3=00&nkey=201801031904441
317,[타봤어요]예비맘 사로잡은 패밀리카 혼다 올 뉴 오딧세이,http://www.edaily.co.kr/news/newspath.asp?newsid=01252966619074440
318,[연비 시승기] 비속에서 확인한 혼다 올 뉴 오딧세이 연비체크,http://autoin.edaily.co.kr/news/newspath.asp?newsid=01505526616163440
319,[시승기] 혼다 올 뉴 오딧세이 - 드라이빙 이상의 매력을 담은 미니밴,http://autoin.edaily.co.kr/news/newspath.asp?newsid=01167686616162456
320,[타봤어요]예비맘 사로잡은 패밀리카 혼다 올 뉴 오딧세이,http://www.edaily.co.kr/news/newspath.asp?newsid=01252966619074440
321,[연비 시승기] 비속에서 확인한 혼다 올 뉴 오딧세이 연비체크,http://autoin.edaily.co.kr/news/newspath.asp?newsid=01505526616163440
322,[시승기] 혼다 올 뉴 오딧세이 - 드라이빙 이상의 매력을 담은 미니밴,http://autoin.edaily.co.kr/news/newspath.asp?newsid=01167686616162456
323,"[시승기] 혼다 올 뉴 오딧세이, 다둥이 가족 첫차로 ""슈퍼 그뤠잇""",http://www.seoulfn.com/news/articleView.html?idxno=295387
324,"[시승기]온 가족을 생각하는 세심한 패밀리카, 혼다 ‘올 뉴 오딧세이’",http://news.heraldcorp.com/view.php?ud=20171218000783
325,"다다익선, 혼다 오딧세이",http://www.gqkorea.co.kr/?p=101907&_C_=18
326,"혼다, 신형 오딧세이서도 녹 나와…""부위 확인해야""",http://www.sporbiz.co.kr/news/articleView.html?idxno=176918
327,"""페라리보다 좋네"", 혼다 오딧세이 `가족용 고단수 슈퍼카`로 진화",http://news.mk.co.kr/newsRead.php?year=2017&no=833714
328,미니밴 시장 성장… 카니발 질주에 토요타·혼다 도전장,http://www.m-i.kr/news/articleView.html?idxno=805605
329,[클릭! 이 차]가족을 위한 선택 '혼다 오딧세이',http://www.etnews.com/20171214000060
330,[클릭! 이 차]가족을 위한 선택 '혼다 오딧세이',http://www.etnews.com/20171214000060
331,"기아차 신형 카니발, '오딧세이-시에나' 글로벌서 붙어보자!",http://www.gpkorea.com/news/articleView.html?idxno=67731
332,"[시승기] 혼다 오딧세이 ""다둥이 엄마, 이제 편해질거예요""",http://www.ebn.co.kr/news/view/919446
333,"[타봤습니다] 고급장치로 아빠들 유혹하는 미니밴, 혼다 신형 오딧세이",http://news.hankyung.com/article/201711258533g
334,"日 혼다, 좌석 결함으로 오딧세이 80만대 리콜",http://biz.chosun.com/site/data/html_dir/2017/11/20/2017112002232.html
335,혼다 '오딧세이 미니밴' 90만대 리콜,http://www.edaily.co.kr/news/newspath.asp?newsid=01823686616127360
336,추락하는 일본차… 렉서스·토요타·혼다 신차 러시 통할까,http://www.m-i.kr/news/articleView.html?idxno=812503
337,"혼다 오딧세이, '뒷좌석 모니터로 보는 기능' 상 받았다",http://www.moneyweek.co.kr/news/mwView.php?type=1&no=2017110316418010682&outlink=1
338,"혼다 ‘올뉴 오딧세이 캐빈와치’, 美 ‘베스트 왓스 뉴 어워드’ 수상",http://www.viva100.com/main/view.php?key=20171101010000212
339,"1,000만원 올리고도 자신만만한 혼다 오딧세이, 왜?",http://autotimes.hankyung.com/apps/news.sub_view?popup=0&nid=03&c1=03&c2=03&c3=00&nkey=201710231526181
340,부식 논란에 혼쭐난 혼다코리아…'미국산' 신형 오딧세이 괜찮나?,http://news.hankyung.com/article/201710250819g
341,[들썩이는 미니밴 시장] 기아 '카니발' vs 혼다 '오딧세이',http://www.asiatime.co.kr/news/articleView.html?idxno=157388
342,"기아차 카니발 독주, 혼다 오딧세이가 견제할까",http://autotimes.hankyung.com/apps/news.sub_view?popup=0&nid=02&c1=02&c2=02&c3=00&nkey=201710231700311
343,"혼다코리아, 패밀리카 ‘올 뉴 오딧세이’ 출시",http://www.kukinews.com/news/article.html?no=494173
344,"혼다코리아, 미니밴 ‘올 뉴 오딧세이’ 출시...캐빈토크는?",http://www.osen.co.kr/article/G1110758408
345,내가 선택한 라이프 파트너…혼다 올 뉴 오딧세이 [조영곤 칼럼],http://www.mediafine.co.kr/news/articleView.html?idxno=5155
346,"오딧세이 등 혼다 5개 차량, 美 켈리블루북 ‘최고의 잔존가치’",http://www.osen.co.kr/article/G1110815745
347,포드 머스탱·아우디 티구안·혼다 오딧세이 등 24개 차종 리콜,http://www.enewstoday.co.kr/news/articleView.html?idxno=1220004
348,혼다 뉴 오딧세이 리뷰 - 시장에서 사랑 받는 미니밴의 조건,http://autoin.edaily.co.kr/news/newspath.asp?newsid=01321846616061104
349,"‘녹슨 차’ 혼다, 오딧세이 조기 출시로 분위기 전환",http://www.newspim.com/news/view/20170912000072
350,"혼다, 5세대 완전변경 `올 뉴 오딧세이` 출시…5790만 원",http://news.mk.co.kr/newsRead.php?year=2017&no=699125
351,내가 선택한 라이프 파트너…혼다 올 뉴 오딧세이 [조영곤 칼럼],http://www.mediafine.co.kr/news/articleView.html?idxno=5155
352,"오딧세이 등 혼다 5개 차량, 美 켈리블루북 ‘최고의 잔존가치’",http://www.osen.co.kr/article/G1110815745
353,포드 머스탱·아우디 티구안·혼다 오딧세이 등 24개 차종 리콜,http://www.enewstoday.co.kr/news/articleView.html?idxno=1220004
354,혼다 뉴 오딧세이 리뷰 - 시장에서 사랑 받는 미니밴의 조건,http://autoin.edaily.co.kr/news/newspath.asp?newsid=01321846616061104
355,"‘녹슨 차’ 혼다, 오딧세이 조기 출시로 분위기 전환",http://www.newspim.com/news/view/20170912000072
356,"[시승기] 배려가 한가득 ‘혼다 올 뉴 오딧세이’, 숫제 ‘움직이는 키즈카페’",http://www.osen.co.kr/article/G1110794890
357,혼다코리아 오딧세이 출시 연기…CR-V 품질 문제 부담됐나?,http://it.chosun.com/news/article.html?no=2839194
358,혼다 선공에 다급해진 토요타... 일찌감치 시에나 사전계약 돌입,http://www.ceoscoredaily.com/news/article.html?no=78418
359,"혼다 올 뉴 오딧세이 캐빈와치, 벌써 상 받는 소리",http://www.osen.co.kr/article/G1110765946
360,"혼다코리아, 신형 오딧세이 출시…5790만원",http://news.hankyung.com/article/201710231788g
361,내가 선택한 라이프 파트너…혼다 올 뉴 오딧세이 [조영곤 칼럼],http://www.mediafine.co.kr/news/articleView.html?idxno=5155
362,"오딧세이 등 혼다 5개 차량, 美 켈리블루북 ‘최고의 잔존가치’",http://www.osen.co.kr/article/G1110815745
363,포드 머스탱·아우디 티구안·혼다 오딧세이 등 24개 차종 리콜,http://www.enewstoday.co.kr/news/articleView.html?idxno=1220004
364,혼다 뉴 오딧세이 리뷰 - 시장에서 사랑 받는 미니밴의 조건,http://autoin.edaily.co.kr/news/newspath.asp?newsid=01321846616061104
365,"‘녹슨 차’ 혼다, 오딧세이 조기 출시로 분위기 전환",http://www.newspim.com/news/view/20170912000072
366,"[시승기] 배려가 한가득 ‘혼다 올 뉴 오딧세이’, 숫제 ‘움직이는 키즈카페’",http://www.osen.co.kr/article/G1110794890
367,혼다코리아 오딧세이 출시 연기…CR-V 품질 문제 부담됐나?,http://it.chosun.com/news/article.html?no=2839194
368,혼다 선공에 다급해진 토요타... 일찌감치 시에나 사전계약 돌입,http://www.ceoscoredaily.com/news/article.html?no=78418
369,"혼다 올 뉴 오딧세이 캐빈와치, 벌써 상 받는 소리",http://www.osen.co.kr/article/G1110765946
370,"혼다, 오딧세이 등 5개 차종 미국서 '최고 잔존가치 차량' 선정",http://www.ceoscoredaily.com/news/article.html?no=36661
371,"[시승기] 배려가 한가득 ‘혼다 올 뉴 오딧세이’, 숫제 ‘움직이는 키즈카페’",http://www.osen.co.kr/article/G1110794890
372,혼다코리아 오딧세이 출시 연기…CR-V 품질 문제 부담됐나?,http://it.chosun.com/news/article.html?no=2839194
373,혼다 선공에 다급해진 토요타... 일찌감치 시에나 사전계약 돌입,http://www.ceoscoredaily.com/news/article.html?no=78418
374,"혼다 올 뉴 오딧세이 캐빈와치, 벌써 상 받는 소리",http://www.osen.co.kr/article/G1110765946
375,"2018 혼다 신형 오딧세이, 본격 판매를 시작",http://autoin.edaily.co.kr/news/newspath.asp?newsid=01682646615997144
376,"[임의택의 車車車] 멋진 아빠가 되는 방법, 혼다 오딧세이",http://www.rpm9.com/news/article.html?id=20180226090051
377,"혼다, 좌석 결함으로 미니밴 오딧세이 90만대 리콜",http://www.newspim.com/news/view/20171120000141
378,"혼다, '좌석 고정 결함' 오딧세이 90만대 리콜",http://app.yonhapnews.co.kr/YNA/Basic/SNS/r.aspx?c=AKR20171119066500072&did=1195m
379,"""토요타보다 빠르게""... 혼다,미니밴 시장 노린다",http://www.ceoscoredaily.com/news/article.html?no=78113
380,"""토요타보다 빠르게""... 혼다,미니밴 시장 노린다",http://www.ceoscoredaily.com/news/article.html?no=78113
381,"혼다, 5세대 '올 뉴 오딧세이' 국내 출시",http://www.fnnews.com/news/201710231649136796
382,"혼다, 오딧세이 등 5개 차 美 켈리블루북 '최고의 잔존가치 차량' 선정",http://www.asiatoday.co.kr/view.php?key=20180117010009335
383,"""혼다 오딧세이 잡겠다"" 6년만에 확바뀐 카니발",http://news.mk.co.kr/newsRead.php?no=846853&year=2020
384,"[자유로 연비] 혼다 올 뉴 오딧세이, 자유로에서 연비체크",http://autoin.edaily.co.kr/news/newspath.asp?newsid=01115206616161800
385,자동차 중대결함에도 과징금 50억원 상한선… 기준 상향 가능할까,http://www.sisaweek.com/news/articleView.html?idxno=147498
386,"혼다 `올 뉴 오딧세이` 캐빈와치, 美서 `2017 베스트 왓스 뉴 어워드` 수상  ",http://news.mk.co.kr/newsRead.php?year=2017&no=723013
387,"미국 혼다, 미니밴 오딧세이 좌석 벨트 결함 리콜",http://www.g-enews.com/ko-kr/news/article/news_all/201707101303286637dc27ddea51_1/article.html
388,"혼다 '2018 오딧세이', 하이브리드 갖춘다...RV 시장 긴장",http://www.osen.co.kr/article/G1110566164
389,"[2017 디트로이트 프리뷰] 혼다, 아이들의 그림과 함께 오딧세이 스케치 공개",http://autoin.edaily.co.kr/news/newspath.asp?newsid=01407126612884096
390,"혼다 `올 뉴 오딧세이` 캐빈와치, 美서 `2017 베스트 왓스 뉴 어워드` 수상  ",http://news.mk.co.kr/newsRead.php?year=2017&no=723013
391,"혼다코리아, 8인승 미니밴 '올 뉴 오딧세이' 출시",http://www.sedaily.com/NewsView/1OMEZJ39LA
392,"미국 혼다, 미니밴 오딧세이 좌석 벨트 결함 리콜",http://www.g-enews.com/ko-kr/news/article/news_all/201707101303286637dc27ddea51_1/article.html
393,"혼다 오딧세이·어코드, 美서 ‘최고 잔존가치 차량’ 선정",http://www.ekn.kr/news/article.html?no=337965
394,"혼다 '2018 오딧세이', 하이브리드 갖춘다...RV 시장 긴장",http://www.osen.co.kr/article/G1110566164
395,"[2017 디트로이트 프리뷰] 혼다, 아이들의 그림과 함께 오딧세이 스케치 공개",http://autoin.edaily.co.kr/news/newspath.asp?newsid=01407126612884096
396,"혼다 오딧세이, 미국서 64만대 ‘리콜’",http://www.ekn.kr/news/article.html?no=258874
397,"카니발이 석권한 미니밴 시장, 도요타·혼다·시트로앵 도전장",https://www.chosun.com/economy/auto/2021/03/03/WTQDTJXK7VDZNJ4N3QKV4VM6WY/?utm_source=naver&utm_medium=referral&utm_campaign=naver-news
398,"[영상] ""기아 카니발, 도요타·혼다 경쟁 통해 진보""",https://news.joins.com/article/olink/23657361
399,기아 ‘카니발’에 토요타ㆍ혼다 도전장…미니밴 한일전,https://www.dnews.co.kr/uhtml/view.jsp?idxno=202103071113294310020
400,"[영상] ""기아 카니발, 도요타·혼다 경쟁 통해 진보""",https://news.joins.com/article/olink/23657361
401,기아 ‘카니발’에 토요타ㆍ혼다 도전장…미니밴 한일전,https://www.dnews.co.kr/uhtml/view.jsp?idxno=202103071113294310020
402,"혼다 ""오딧세이 등 美 켈리블루북 ‘최고의 잔존가치 차량’ 선정""",http://sports.hankooki.com/lpage/economy/201801/sp20180122080120136980.htm
403,"혼다, 오딧세이 美 켈리블루북 ‘최고 잔존가치 차량’으로 올라",http://sports.khan.co.kr/news/sk_index.html?art_id=201801171559023&sec_id=563002&pt=nv
404,"[오늘Who] 기아차 카니발 첨단으로 무장, 송호성 오딧세이 잡기 도전",http://www.businesspost.co.kr/BP?command=article_view&num=192311
405,미니 쿠퍼 S·혼다 오딧세이 등 23개 차종 2806대 리콜,http://www.consumernews.co.kr/?mod=news&act=articleView&idxno=525863
406,"혼다코리아, 올뉴 오딧세이 출시",http://autotimes.hankyung.com/apps/news.sub_view?popup=0&nid=02&c1=02&c2=02&c3=00&nkey=201710231119161
407,"[혼다 올 뉴 오딧세이 시승기] 변속 충격 없고, 요철 구간서도 편안한 '패밀리카의 전형'",http://news20.busan.com/controller/newsController.jsp?newsId=20180131000241
408,가족 여행 가고 싶어지는 車는…혼다 `오딧세이`,http://www.etnews.com/20160623000146
409,"[콕 포인트] 혼다 오딧세이, 가족위한 `슈퍼카`…명절 고향길·주말캠핑 절대 강자",http://news.mk.co.kr/newsRead.php?no=806982&year=2016
410,"혼다 오딧세이, 좌석 잠금장치 결함 대규모 리콜",http://www.koreatimes.com/article/1032626
411,"혼다, 미국서 오딧세이 미니밴 65만대 리콜",http://www.newspim.com/news/view/20161230000088
412,"혼다, 오딧세이 90만대 리콜...""좌석 고정 결함""",http://www.etnews.com/20171120000080
413,"혼다, 패밀리카 올 뉴 파일럿·오딧세이 시승 이벤트",http://sports.chosun.com/news/ntype.htm?id=201605110100067770004695&servicedate=20160510
414,BMW 미니쿠퍼S·혼다 오딧세이 2800여대 리콜,http://www.newsworks.co.kr/news/articleView.html?idxno=190263
415,"[YG의 카톡(Car Talk)] '패밀리카의 진화' 혼다, '뉴 오딧세이'…3열 카니발 넘어서는 공간성",http://www.metroseoul.co.kr/article/20210314500094
416,"혼다 ‘HR-V, CR-V, 파일럿, 오딧세이’, 美 ‘2016 가족을 위한 최고의 차’ 선정",http://sports.hankooki.com/lpage/economy/201604/sp20160412225619136980.htm
417,혼다 ‘파일럿·오딧세이’ 美서 ‘가족을 위한 최고의 차’로 꼽혀,http://sports.khan.co.kr/news/sk_index.html?cat=view&art_id=201604111303003&sec_id=563002&pt=nv
418,혼다 미니밴 '올 뉴 오딧세이' 출시,http://www.iusm.co.kr/news/articleView.html?idxno=770865
419,혼다 미니밴 '올 뉴 오딧세이' 출시,http://app.yonhapnews.co.kr/YNA/Basic/SNS/r.aspx?c=PYH20171023465600003&did=1196m
420,혼다 ‘파일럿·오딧세이’ 美서 ‘가족을 위한 최고의 차’로 꼽혀,http://sports.khan.co.kr/news/sk_index.html?cat=view&art_id=201604111303003&sec_id=563002&pt=nv
421,혼다 미니밴 '올 뉴 오딧세이' 출시,http://www.iusm.co.kr/news/articleView.html?idxno=770865
422,혼다 미니밴 '올 뉴 오딧세이' 출시,http://app.yonhapnews.co.kr/YNA/Basic/SNS/r.aspx?c=PYH20171023465600003&did=1196m
423,"혼다 오딧세이, RV시장서 뜨거운 인기",http://www.ajunews.com/view/20160310080645302
424,"[시승기] 가족을 위한 차, 혼다 오딧세이",http://www.econovill.com/news/articleView.html?idxno=276045
425,"혼다 오딧세이, 美서 64만대 리콜...국내선?",http://autotimes.hankyung.com/apps/news.sub_view?popup=0&nid=03&c1=03&c2=03&c3=00&nkey=201701020853091
426,"[카&톡톡] ‘아웃도어 콤비’ 혼다 오딧세이-파일럿, “휴가철 트렁크 스트레스는 사절”",http://www.osen.co.kr/article/G1110211161
427,폭스바겐 CC·티구안·혼다 오딧세이 등 3만7901대 제작결함..리콜 실시,http://www.edaily.co.kr/news/newspath.asp?newsid=01292326619305680
428,"체면구긴 혼다 '오딧세이'…북미1위 車, 한국에서 '찬밥'",http://news1.kr/articles/?2328830
429,"[시승기]다둥이가 좋아할 미니밴, 혼다 올 뉴 오딧세이",http://www.nspna.com/news/?mode=view&newsid=129153
430,"[시승기]다둥이가 좋아할 미니밴, 혼다 올 뉴 오딧세이",http://www.nspna.com/news/?mode=view&newsid=129153
431,"[서울모터쇼]혼다, 오딧세이·파일럿 ‘테일 게이트 파티’ 관심집중",http://www.nspna.com/news/?mode=view&newsid=121274
432,"혼다 오딧세이, 美서 ‘미니밴’ 최강자 확인",http://www.newsway.co.kr/view.php?tp=1&ud=2015030310261308494
433,"혼다, 패밀리 미니밴 '뉴 오딧세이' 출시…공간활용성 끝판왕",http://www.metroseoul.co.kr/article/20210225500348
434,"""시에나·오딧세이 한판 붙자""…진화한 카니발의 도전장[궁금타]",http://www.wowtv.co.kr/NewsCenter/News/Read?articleId=A202008280391&t=NN
435,혼다 오딧세이·파일럿 100만원 할인,http://www.mt.co.kr/view/mtview.php?type=1&no=2014120109462658467&outlink=1
436,"혼다 오딧세이, 미 IIHS 충돌테스트서 최고 수준 안전성 입증",http://www.dailian.co.kr/news/view/471944/?sc=naver
437,"국토부, BMW X3·MINI 쿠퍼 S·혼다 오딧세이 총 2806대 리콜",http://www.enewstoday.co.kr/news/articleView.html?idxno=1194948
438,"혼다 어코드, 오딧세이 등 차량 리콜조치",http://www.cpbc.co.kr/CMS/news/view_body.php?cid=670173&path=201702
439,"[시승기] 혼다 오딧세이, 미국 아빠들이 선택한 '레알 미니밴'",http://www.it.co.kr/news/article.html?no=2801628
440,"""시에나·오딧세이 한판 붙자""…진화한 카니발의 도전장[궁금타]",http://www.wowtv.co.kr/NewsCenter/News/Read?articleId=A202008280391&t=NN
441,혼다 오딧세이·파일럿 100만원 할인,http://www.mt.co.kr/view/mtview.php?type=1&no=2014120109462658467&outlink=1
442,"혼다 오딧세이, 미 IIHS 충돌테스트서 최고 수준 안전성 입증",http://www.dailian.co.kr/news/view/471944/?sc=naver
443,"국토부, BMW X3·MINI 쿠퍼 S·혼다 오딧세이 총 2806대 리콜",http://www.enewstoday.co.kr/news/articleView.html?idxno=1194948
444,"혼다 어코드, 오딧세이 등 차량 리콜조치",http://www.cpbc.co.kr/CMS/news/view_body.php?cid=670173&path=201702
445,"[시승기] 혼다 오딧세이, 미국 아빠들이 선택한 '레알 미니밴'",http://www.it.co.kr/news/article.html?no=2801628
446,"혼다 어코드-오딧세이, '시니어 운전자 위한 최고의 차’ 선정",http://sports.hankooki.com/lpage/economy/201408/sp20140820132435136990.htm
447,"혼다 어코드·오딧세이, '시니어 운전자 위한 최고의 차' 선정",http://www.asiatoday.co.kr/view.php?key=20140819010009088
448,"혼다 오딧세이, 美서 휴가철 ‘장거리여행 차’ 선정",http://www.ebn.co.kr/news/view/692991
449,"'미니밴 최강자' 신형 카니발, 출시 1년만에 국내 판매 10만대",http://yna.kr/AKR20210905026400003?did=1195m
450,"국토부, BMW X3·MINI 쿠퍼 S·혼다 오딧세이 총 2806대 리콜",http://www.enewstoday.co.kr/news/articleView.html?idxno=1194948
451,"혼다 어코드, 오딧세이 등 차량 리콜조치",http://www.cpbc.co.kr/CMS/news/view_body.php?cid=670173&path=201702
452,"[시승기] 혼다 오딧세이, 미국 아빠들이 선택한 '레알 미니밴'",http://www.it.co.kr/news/article.html?no=2801628
453,"혼다 어코드-오딧세이, '시니어 운전자 위한 최고의 차’ 선정",http://sports.hankooki.com/lpage/economy/201408/sp20140820132435136990.htm
454,"혼다 어코드·오딧세이, '시니어 운전자 위한 최고의 차' 선정",http://www.asiatoday.co.kr/view.php?key=20140819010009088
455,"혼다 오딧세이, 美서 휴가철 ‘장거리여행 차’ 선정",http://www.ebn.co.kr/news/view/692991
456,"'미니밴 최강자' 신형 카니발, 출시 1년만에 국내 판매 10만대",http://yna.kr/AKR20210905026400003?did=1195m
457,"혼다 오딧세이·CR-V, 美 소비자 평가 연이어 '대박'",http://view.asiae.co.kr/news/view.htm?idxno=2014060713082935919
458,"혼다, 연이은 해외 우수평가 “오딧세이, 아빠들의 드림카”",http://car.donga.com/3/all/20140605/64028964/1
459,"[시승기] ""강력하고 부드럽다""... 하이브리드 장인 혼다의 'CR-V'",http://www.ceoscoredaily.com/news/article.html?no=78493
460,"혼다 '어코드·오딧세이', 시니어 운전자 위한 최고의 차 선정",http://www.osen.co.kr/article/G1109933163
461,"혼다 오딧세이, 美서 휴가철 ‘장거리여행 차’ 선정",http://www.ebn.co.kr/news/view/692991
462,"'미니밴 최강자' 신형 카니발, 출시 1년만에 국내 판매 10만대",http://yna.kr/AKR20210905026400003?did=1195m
463,"혼다 오딧세이·CR-V, 美 소비자 평가 연이어 '대박'",http://view.asiae.co.kr/news/view.htm?idxno=2014060713082935919
464,"혼다, 연이은 해외 우수평가 “오딧세이, 아빠들의 드림카”",http://car.donga.com/3/all/20140605/64028964/1
465,"[시승기] ""강력하고 부드럽다""... 하이브리드 장인 혼다의 'CR-V'",http://www.ceoscoredaily.com/news/article.html?no=78493
466,"혼다, ‘레전드‧오딧세이‧파일럿’ 여름 프로모션",http://www.moneyweek.co.kr/news/mwView.php?type=1&no=2015060113288043898&outlink=1
467,"혼다 오딧세이, ‘적재공간 가장 훌륭한 미니밴’ 선정",http://www.sportsworldi.com/Articles/LeisureLife/Article.asp?aid=20140506020924&OutUrl=naver
468,"""적수가 없다""… 기아 카니발, 미니밴 시장 독주 비결은?",https://www.asiatoday.co.kr/view.php?key=20210826010014992
469,"美컨슈머리포트, 혼다 오딧세이 호평.. 적재공간·연비 'GOOD'",http://www.kbench.com/life/?no=133154&sc=1
470,"그랜저 만큼 팔린 차...""가성비·공간활용 갑""",http://www.wowtv.co.kr/NewsCenter/News/Read?articleId=A202109060032&t=NN
471,"혼다 오딧세이·CR-V, 美 소비자 평가 연이어 '대박'",http://view.asiae.co.kr/news/view.htm?idxno=2014060713082935919
472,"혼다, 연이은 해외 우수평가 “오딧세이, 아빠들의 드림카”",http://car.donga.com/3/all/20140605/64028964/1
473,"[시승기] ""강력하고 부드럽다""... 하이브리드 장인 혼다의 'CR-V'",http://www.ceoscoredaily.com/news/article.html?no=78493
474,"혼다, ‘레전드‧오딧세이‧파일럿’ 여름 프로모션",http://www.moneyweek.co.kr/news/mwView.php?type=1&no=2015060113288043898&outlink=1
475,"혼다 오딧세이, ‘적재공간 가장 훌륭한 미니밴’ 선정",http://www.sportsworldi.com/Articles/LeisureLife/Article.asp?aid=20140506020924&OutUrl=naver
476,"""적수가 없다""… 기아 카니발, 미니밴 시장 독주 비결은?",https://www.asiatoday.co.kr/view.php?key=20210826010014992
477,"美컨슈머리포트, 혼다 오딧세이 호평.. 적재공간·연비 'GOOD'",http://www.kbench.com/life/?no=133154&sc=1
478,"“혼다 오딧세이, 미니밴 중 적재공간·연비 최고” 美 컨슈머리포트 선정",http://sports.donga.com/3/all/20140421/62943315/3
479,"혼다 오딧세이, 컨슈머리포트 '적재공간·연비 최고 미니밴' 선정",http://www.dailian.co.kr/news/view/433956/?sc=naver
480,"혼다코리아, 6월 레전드·오딧세이 최고 100만원 할인",http://www.etnews.com/20150601000186
481,"혼다 오딧세이, ‘적재공간 가장 훌륭한 미니밴’ 선정",http://www.sportsworldi.com/Articles/LeisureLife/Article.asp?aid=20140506020924&OutUrl=naver
482,"""적수가 없다""… 기아 카니발, 미니밴 시장 독주 비결은?",https://www.asiatoday.co.kr/view.php?key=20210826010014992
483,"美컨슈머리포트, 혼다 오딧세이 호평.. 적재공간·연비 'GOOD'",http://www.kbench.com/life/?no=133154&sc=1
484,"“혼다 오딧세이, 미니밴 중 적재공간·연비 최고” 美 컨슈머리포트 선정",http://sports.donga.com/3/all/20140421/62943315/3
485,"혼다 오딧세이, 컨슈머리포트 '적재공간·연비 최고 미니밴' 선정",http://www.dailian.co.kr/news/view/433956/?sc=naver
486,"혼다 어코드, 오딧세이 ‘가족 여행 위한 최적의 차’ 선정",http://biz.heraldcorp.com/view.php?ud=20140417001205
487,"혼다 오딧세이·어코드, '2014 최고 가치 패밀리카' 선정",http://www.rpm9.com/news/articleView.html?idxno=19446
488,"혼다 오딧세이, 어코드 '최고 가치 패밀리카' 선정",http://www.asiatoday.co.kr/view.php?key=20140331010016964
489,[김태환의 카닥터] 혼다 ‘올 뉴 오딧세이’,http://www.econovill.com/archives/166612
490,"혼다 오딧세이, 美 컨슈머리포트서 '연비 좋은 미니밴' 선정",http://kr.aving.net/news/view.php?articleId=868006&Branch_ID=kr&rssid=naver&mn_name=news
491,"혼다 어코드, 오딧세이 ‘가족 여행 위한 최적의 차’ 선정",http://biz.heraldcorp.com/view.php?ud=20140417001205
492,"혼다 오딧세이·어코드, '2014 최고 가치 패밀리카' 선정",http://www.rpm9.com/news/articleView.html?idxno=19446
493,"혼다 오딧세이, 어코드 '최고 가치 패밀리카' 선정",http://www.asiatoday.co.kr/view.php?key=20140331010016964
494,[김태환의 카닥터] 혼다 ‘올 뉴 오딧세이’,http://www.econovill.com/archives/166612
495,"혼다, 美서 `오딧세이` 88만대 리콜..연료펌프 결함",http://www.gpkorea.com/bbs/board.php?bo_table=gp_motorsports&wr_id=9448
496,혼다 `오딧세이` 88만여대 리콜..연료펌프커버 결함,http://www.edaily.co.kr/news/newspath.asp?newsid=01646566606023976
497,"[시승기] 미니밴 혼다 오딧세이, 카니발과 비교하는 이유",http://www.segye.com/content/html/2014/03/10/20140310003875.html?OutUrl=naver
498,"혼다, 오딧세이 등 5개 차량 ‘최고의 잔존가치 차량’",http://news.heraldcorp.com/view.php?ud=20180117000301
499,"[서울모터쇼]혼다코리아, ‘파일럿·오딧세이’ 테일게이트 파티 주목",http://www.newsway.co.kr/view.php?tp=1&ud=2015040917532273173
