,title,url
0,"[레알시승기]""안전에 성능까지 만족스럽다""…볼보차, S90 B6",https://www.nocutnews.co.kr/news/5752314
1,볼보 ‘조용한 질주’… 4월 수입차 판매 3위,http://www.fnnews.com/news/202205081800572468
2,"[시승기] 볼보차 S90 B6, 안전·성능·디자인 ""더할 나위 없었다""",https://www.ajunews.com/view/20220504101148406
3,"""전기모드로 출퇴근 가능""…볼보, 신형 XC90·S90·XC60 PHEV 출시",http://www.newsis.com/view/?id=NISX20220413_0001832285&cID=13001&pID=13000
4,"볼보, 전기차 징검다리 'PHEV' 롱레인지 출격…""100% 전동화 가속""",http://www.etnews.com/20220429000205
5,"[영상]볼보 S90 B5 시승기 - 크기와 감성, 가격으로 끝!",http://autotimes.hankyung.com/apps/news.sub_view?popup=0&nid=12&c1=12&c2=12&c3=00&nkey=202204261621021
6,볼보 하이브리드 신차 '국내최장' 전기 주행거리 달성,http://www.econovill.com/news/articleView.html?idxno=574461
7,"[영상]오분타임즈 길고 아름다워, 볼보 S90",http://autotimes.hankyung.com/apps/news.sub_view?popup=0&nid=12&c1=12&c2=12&c3=00&nkey=202204201617131
8,"볼보, 美 충돌 테스트서 2년째 최고안전등급 최다 수상",http://news.mk.co.kr/newsRead.php?no=323180&year=2022
9,"볼보車, 외부충전 친환경차 판매 비중 15% 넘어…'전기차 로드맵 탄력'",http://www.sisaon.co.kr/news/articleView.html?idxno=138518
10,"전기모드 주행거리 대폭 늘렸다…볼보 신형 ‘XC90, S90, XC60 리차지 PHEV’ 출시",https://sports.donga.com/article/all/20220417/112927415/2
11,[시승기] 견실함으로 이목을 끄는 프리미엄 세단 – 볼보 S60 B5 인스크립션,https://hankookilbo.com/News/Read/A2022050116360005239?did=NA
12,"볼보자동차코리아, 친환경차 라인업 강화… XC90-S90-XC60 ‘Recharge PHEV’ 출시",http://www.sportsworldi.com/newsView/20220414500874
13,"볼보의 반란, 테슬라 넘고 독일차 정조준",https://www.dnews.co.kr/uhtml/view.jsp?idxno=202204271143222560834
14,"[SUV시장 진격]BMW, 뉴X7 vs 볼보 XC90…웅장함 vs 전기",http://www.newsis.com/view/?id=NISX20220415_0001835742&cID=13001&pID=13000
15,"25톤 트럭과 '꽝', 가족 살린 '안전대박' 볼보…운명은 못 피해 [왜몰랐을카]",http://news.mk.co.kr/newsRead.php?no=327274&year=2022
16,"[타보니]볼보 S90 B5, 전기차 부럽지 않는 가성비 좋은 럭셔리 세단",http://www.nspna.com/news/?mode=view&newsid=563358
17,[강병철의 CAR&] 중국산 車 공습…전기차 기술력 앞세워 진군,https://www.joongang.co.kr/article/25062855
18,[강병철의 CAR&] 사전예약도 완판…중국산 자동차 한국 공습 시작됐다,https://www.joongang.co.kr/article/25062976
19,'독일차 대안'…볼보 플래그십 세단 'S90',https://zdnet.co.kr/view/?no=20220307173649
20,"""신차 못지않네!"" 볼보 인증 중고차, '신뢰·품질·가심비'로 고객 몰린다",http://www.autodaily.co.kr/news/articleView.html?idxno=432999
21,"[biz car] BMW, 볼보자동차, 폭스바겐, 쌍용차",http://www.bizwnews.com/news/articleView.html?idxno=34795
22,"볼보, 수성이냐·폭스바겐, 탈환이냐…수입차 4위 싸움 '후끈'",http://www.ezyeconomy.com/news/articleView.html?idxno=117457
23,"볼보차, 2년 연속 '탑 세이프티 픽 플러스' 등급 최다 수상",http://www.sportsseoul.com/news/read/1114248?ref=naver
24,"[자유로 연비] 브랜드의 방향성을 품은 세단, 볼보 S90 B6 인스크립션의 자유로 연비는?",https://hankookilbo.com/News/Read/A2021110106200005142?did=NA
25,전기차 기다리다 지쳤다…수입 플러그인하이브리드 '주목',http://www.newstomato.com/ReadNews.aspx?no=1116997&inflow=N
26,"[타보니]볼보 S90 B6 AWD, 반응 속도 빠른 ‘럭셔리 세단’",http://www.nspna.com/news/?mode=view&newsid=530767
27,"[자유로 연비] 합리적 플래그십 세단, 볼보 S90 B5의 자유로 연비는?",https://hankookilbo.com/News/Read/A2022033020430002498?did=NA
28,[타보니] '팔방미인' 볼보 S90,https://www.dnews.co.kr/uhtml/view.jsp?idxno=202204012016075840863
29,[영상]BMW M760Li 시승기 - 어쩌면 마지막이 될 V12,http://autotimes.hankyung.com/apps/news.sub_view?popup=0&nid=12&c1=12&c2=12&c3=00&nkey=202205060833261
30,[SS시승기]가성비 좋은 플래그십 세단 '볼보 S90',http://www.sportsseoul.com/news/read/1057923?ref=naver
31,"[시승기] 볼보차, ‘S90’ 대형 럭셔리 세단 신흥강자",https://www.dnews.co.kr/uhtml/view.jsp?idxno=202108051232250050839
32,[시승기] 합리적 가치로 소비자들의 이목을 끄는 플래그십 세단 – 볼보 S90 B5 인스크립션,https://hankookilbo.com/News/Read/A2022031119100001701?did=NA
33,반도체 공급난 속 벤츠·BMW 독주…4월 점유율 62.7%,https://www.dailian.co.kr/news/view/1110520/?sc=Naver
34,"[시승기] 볼보 S90 B5, 합리적 가격의 톱티어 안전·주행성능… ‘E-세그먼트’ 강자",https://www.asiatoday.co.kr/view.php?key=20210625010015807
35,[시승기] 볼보 S90 B6 디자인·안전·프리미엄·환경 4박자 갖춰,http://www.g-enews.com/ko-kr/news/article/news_all/2021062113261978537bdb7041ec_1/article.html
36,"(영상)볼보, 친환경 전략으로 올해도 '독일 4강' 깬다",http://www.newstomato.com/ReadNews.aspx?no=1117558&inflow=N
37,"볼보 S90, 이만한 가성비 준대형 세단 없다[차알못시승기]",http://news.mt.co.kr/mtview.php?no=2022021813341129556
38,"""볼보가 옳았다"" 손흥민차 'S90'에 고성능 하이브리드 'B6' 더하니 판매 훈풍",http://moneys.mt.co.kr/news/mwView.php?no=2021060311278030785
39,"[자유로 연비] 전동화의 흐름을 드러내는 세단, 볼보 S90 B6 AWD 인스크립션의 자유로 연비는?",https://hankookilbo.com/News/Read/A2022020408330001405?did=NA
40,"""한국인 운전 스트레스 덜어줬다""…'티맵 장착' 볼보 S90 [신차털기]",https://www.hankyung.com/economy/article/202201280888g
41,[신차드라이브]볼보 진짜 매력은 달리기 성능…300마력 갖춘 'S90 B6',http://www.etnews.com/20210415000093
42,"[시승기] 볼보 S90 ""말하면 척척~ 진짜 알아서 다해주는 특급비서""",http://www.gpkorea.com/news/articleView.html?idxno=81689
43,"[시승기] 새로운 변화로 더욱 진해진 ‘플래그십 세단’의 가치, 볼보 S90 B6 AWD 인스크립션",https://hankookilbo.com/News/Read/A2022010522010004244?did=NA
44,[스마트 시승기] 손흥민 車 ‘볼보 S90 인스크립션’,http://www.smartfn.co.kr/view.php?ud=2021012908334774517c01d83724_46
45,"국산차 전기차 뜨고, 수입차 하이브리드 민다",http://www.fntimes.com/html/view.php?ud=202205091519288547de3572ddd_18
46,"대형세단 새 기준 제시한 볼보 S90… ""한국어 잘 알아들어야 프리미엄이죠""",http://moneys.mt.co.kr/news/mwView.php?no=2021122322118042046
47,"""중국산이면 어때""…볼보 'S90' 인기 폴스타로 이어간다",http://www.newstomato.com/ReadNews.aspx?no=1095379&inflow=N
48,"바로오토, 설 맞아 신차급 수입차 단독 '볼보 S90' 특가 프로모션 진행",https://www.itbiznews.com/news/articleView.html?idxno=29618
49,"[22년식 최초리뷰]볼보 S90, ""음성인식 정말 편하고 뛰어나""",http://www.mediapen.com/news/view/683599
50,'볼보 S90' 승차감 이 정도였어?…타이어 펑크 나도 몰랐다 [신차털기],https://www.hankyung.com/economy/article/202010088162g
51,"[타보니]볼보 V90cc B5 AWD, 가혹조건서 성능 돋보이는 크로스컨트리·가성비는 ‘덤’",http://www.nspna.com/news/?mode=view&newsid=566138
52,"[시승기] ""없어서 못 판다""···볼보 'S90', 명성 그대로",http://www.sisajournal-e.com/news/articleView.html?idxno=223689
53,"[솔Car말] 볼보 신형 S90 ""사장님 모시러 왔어요""…뒷좌석 대변신",http://www.enewstoday.co.kr/news/articleView.html?idxno=1414181
54,"[시승기] 뒷좌석 공간의 끝판왕을 보여주마, 볼보 S90 B5",http://www.bizhankook.com/article/20614
55,"[시승기] '프리미엄' 겨냥 세단 볼보 S90, 브랜드 플래그십 되나?",http://www.iminju.net/news/articleView.html?idxno=57265
56,[시승] '독3사 보고있나?' E세그먼트 수입세단 최고 상품성. 볼보 '신형 S90 B5 INS',http://www.autodaily.co.kr/news/articleView.html?idxno=422046
57,"[리뷰] 체격부터 전동화, 가격까지…볼보 신형 S90을 완성하는 ‘다섯 가지’ 더하기 포인트",https://hankookilbo.com/News/Read/A2020090410320002847?did=NA
58,[신차 소식] 신형 볼보 S90‧지프 글래디에이터 국내 출시,http://www.newsian.co.kr/news/articleView.html?idxno=43079
59,"[시승기] 기술을 더하고 여유를 강조한 스웨디시 럭셔리, 볼보 S90 B6 AWD 인스크립션",https://hankookilbo.com/News/Read/A2021110603490003333?did=NA
60,"수입차 업계, 신차 출시 봇물…볼보 'S90'·재규어 '디펜더' 등",http://www.ajunews.com/view/20200901134232037
61,"볼보코리아, 월드클래스로 거듭난 ‘S90’ 국내 출시… “스웨디시 플래그십의 정수”",https://www.donga.com/news/article/all/20200901/102739399/2
62,"볼보 기함 S90·V90, ‘ TMAP 네비’ 달고 달린다.",https://www.sedaily.com/NewsView/22U1FUK3YA
63,"‘안전’ 이미지 볼보, S90 내세워 수입차 빅4 노린다",http://www.newstomato.com/ReadNews.aspx?no=991017
64,"'E클래스·5시리즈 넘을까?' 볼보 신형 S90, 누적계약 2천대 돌파. 돌풍 예고",http://www.autodaily.co.kr/news/articleView.html?idxno=421422
65,"""E-클래스·5시리즈 쫓는다"" 볼보 신형 S90, 사전계약 보름 만에 1천대 ""훌쩍""",http://www.autodaily.co.kr/news/articleView.html?idxno=421291
66,‘월드클래스’로 거듭난 손흥민車 ‘볼보 S90’… “S클래스까지 넘본다”,https://www.donga.com/news/article/all/20200731/102250768/2
67,[클릭!이 차]손흥민이 선택한 '볼보 S90' 사전계약 1000대 돌파,http://www.etnews.com/20200730000193
68,"볼보, '갓성비' S90 타고 점유율 확대 가속 페달",http://www.newstomato.com/ReadNews.aspx?no=986515
69,E-클래스·5 시리즈에 ‘신형 볼보 S90’까지…기대감 커지는 2020 하반기 프리미엄 세단 시장,https://hankookilbo.com/News/Read/A2020072411390001570?did=NA
70,"볼보, 수입 고급세단 시장에 신형 S90 투입..E클래스·5시리즈와 ‘격돌’",http://www.dailycar.co.kr/content/news.html?type=view&autoId=37112
71,'갓성비 플래그십' 볼보 S90 출격 준비…독일 3사 고급세단 '초비상',http://www.gpkorea.com/news/articleView.html?idxno=65915
72,볼보 신형 S90 공개…합리적인 가격 6030만원부터,http://www.mediapen.com/news/view/540792
73,'동급 최대' 신형 볼보 S90 사전계약…6030만원부터,http://www.digitaltoday.co.kr/news/articleView.html?idxno=240993
74,"새로워진 볼보 럭셔리 세단 S90, 사전계약 시작…6030만 원부터",https://www.etoday.co.kr/news/view/1917036
75,"볼보차, 통합형 SKT 인포테인먼트 서비스 탑재한 'S90‧V90CC' 출시",http://www.bizwnews.com/news/articleView.html?idxno=28387
76,"볼보차, T맵 탑재 S90·V90 판매 개시…디지털 인포 라인업 확대",http://www.edaily.co.kr/news/newspath.asp?newsid=03604726629212592
77,[리얼시승기] 볼보 S90 T5 INS '북유럽 감성의 스웨덴 젠틀맨',http://www.g-enews.com/ko-kr/news/article/news_all/2020051210154294930d88486204_1/article.html
78,"[영상]걱정 NO, 푸조 3008 1.2 가솔린 시승기 - 휘발유 먹으면서 달리는 담백한 프랑스식 SUV",http://autotimes.hankyung.com/apps/news.sub_view?popup=0&nid=12&c1=12&c2=12&c3=00&nkey=202205021647251
79,"수입차 3위 쟁탈전 열기, 아우디·폭스바겐·볼보 3파전",http://www.sisaweek.com/news/articleView.html?idxno=152695
80,"""비켜 제네시스 G80"" 볼보 S90 신흥강자로 뜬다",http://www.gpkorea.com/news/articleView.html?idxno=63528
81,"볼보, 신형 S90-V90 CC모델 출시… SKT 인포테인먼트 서비스 탑재",https://www.donga.com/news/article/all/20211013/109695311/1
82,"[시승기] 볼보 플래그십 S90 B5, 럭셔리와 가성비 '이게 정답이지'",http://www.gpkorea.com/news/articleView.html?idxno=78108
83,"볼보 'S90' 리콜…""방향지시등 오작동""",http://www.newstomato.com/ReadNews.aspx?no=1074372&inflow=N
84,"스웨덴 볼보, '왜 프리미엄 브랜드인가?' 억대 차종만 사용하는 B&W 오디오 기본 장착",http://www.autodaily.co.kr/news/articleView.html?idxno=432328
85,"[민기자의 '드라이빙'] 볼보 S60, 디자인·MHEV 다 좋은데… 편의성 개선 필요",http://www.sisaweek.com/news/curationView.html?idxno=152828
86,"[주차장] 4월 3주, 국내외 브랜드 신차 출시…현대차 외 5가지 자동차",http://www.shinailbo.co.kr/news/articleView.html?idxno=1540126
87,"[시승기] 볼보 S90, 안락함에 친환경성·구동력까지 '착한 세단'",https://www.econovill.com/news/articleView.html?idxno=542610
88,[타봤어요]수입차 프리미엄에 크기·가성비까지 '볼보 S90',http://www.edaily.co.kr/news/newspath.asp?newsid=01085686629117472
89,"볼보 플래그십 세단 S90, '가속질주'…E 세그 게임체인저 등장",https://www.ebn.co.kr/news/view/1492628/?sc=Naver
90,"[시승기] 고품격 내부, 안온한 승차감에 두번 놀라는 '볼보 S90'",http://www.ebn.co.kr/news/view/989596
91,"볼보 S90, 올 상반기 누적 판매량 1537대…""새로운 게임 체인저""",http://www.kukinews.com/newsView/kuk202107140177
92,"[Bestselling Car] 볼보 S90·XC60, 상반기 7,629대 판매 견인...'게임체인저' 입증",https://www.sedaily.com/NewsView/22OWBNGKHA
93,"[시승기] 여전히 매력적인 스칸디나비안 럭셔리, ‘볼보 S90 T5 인스크립션’",http://www.hankookilbo.com/news/npath/201903120997018135?did=NA
94,"""다 계획이 있었구나""…'손흥민 발탁' 볼보 S90, 반칙까지 저지르다니[왜몰랐을카]",http://news.mk.co.kr/newsRead.php?no=633175&year=2021
95,[자유로 연비] 가솔린 심장을 품은 볼보 S90 T5의 자유로 연비는?,http://www.hankookilbo.com/news/npath/201901261112387174?did=NA
96,"볼보, PHEV 배터리 용량 키운다..전기모드시 61㎞ 주행!",http://www.dailycar.co.kr/content/news.html?type=view&autoId=43388
97,"[시승기] 친환경에 고성능 더하면 '볼보, S90·XC90 B6'",http://digitalchosun.dizzo.com/site/data/html_dir/2021/06/15/2021061580188.html
98,'안전 대명사' 볼보 S90 B6...이젠 성능·가격까지 챙겼다,http://news.mk.co.kr/v2/economy/view.php?year=2021&no=661915
99,"[시승기] 이상적인 팔방미인, 볼보 S90 D5 AWD 인스크립션",http://www.hankookilbo.com/v/0C0D186FE8F6420E4C2BE06C0B11DDB1
100,반도체 공급난 속 벤츠·BMW 독주…4월 점유율 62.7%,https://www.dailian.co.kr/news/view/1110520/?sc=Naver
101,"[시승기] 볼보 S90 B5, 합리적 가격의 톱티어 안전·주행성능… ‘E-세그먼트’ 강자",https://www.asiatoday.co.kr/view.php?key=20210625010015807
102,[시승기] 볼보 S90 B6 디자인·안전·프리미엄·환경 4박자 갖춰,http://www.g-enews.com/ko-kr/news/article/news_all/2021062113261978537bdb7041ec_1/article.html
103,"(영상)볼보, 친환경 전략으로 올해도 '독일 4강' 깬다",http://www.newstomato.com/ReadNews.aspx?no=1117558&inflow=N
104,"볼보자동차, 美 충돌 안전테스트 2년 연속 '최고등급 TSP+' 최다 수상",http://www.sisaweek.com/news/articleView.html?idxno=152505
105,"볼보 S90, 이만한 가성비 준대형 세단 없다[차알못시승기]",http://news.mt.co.kr/mtview.php?no=2022021813341129556
106,"""볼보가 옳았다"" 손흥민차 'S90'에 고성능 하이브리드 'B6' 더하니 판매 훈풍",http://moneys.mt.co.kr/news/mwView.php?no=2021060311278030785
107,"[자유로 연비] 전동화의 흐름을 드러내는 세단, 볼보 S90 B6 AWD 인스크립션의 자유로 연비는?",https://hankookilbo.com/News/Read/A2022020408330001405?did=NA
108,"""한국인 운전 스트레스 덜어줬다""…'티맵 장착' 볼보 S90 [신차털기]",https://www.hankyung.com/economy/article/202201280888g
109,[신차드라이브]볼보 진짜 매력은 달리기 성능…300마력 갖춘 'S90 B6',http://www.etnews.com/20210415000093
110,친환경 이미지 구축한 '볼보차'···실속까지 챙긴다,http://www.sisajournal-e.com/news/articleView.html?idxno=266923
111,"[시승기] 볼보 S90 ""말하면 척척~ 진짜 알아서 다해주는 특급비서""",http://www.gpkorea.com/news/articleView.html?idxno=81689
112,"[시승기] 새로운 변화로 더욱 진해진 ‘플래그십 세단’의 가치, 볼보 S90 B6 AWD 인스크립션",https://hankookilbo.com/News/Read/A2022010522010004244?did=NA
113,[스마트 시승기] 손흥민 車 ‘볼보 S90 인스크립션’,http://www.smartfn.co.kr/view.php?ud=2021012908334774517c01d83724_46
114,"국산차 전기차 뜨고, 수입차 하이브리드 민다",http://www.fntimes.com/html/view.php?ud=202205091519288547de3572ddd_18
115,"대형세단 새 기준 제시한 볼보 S90… ""한국어 잘 알아들어야 프리미엄이죠""",http://moneys.mt.co.kr/news/mwView.php?no=2021122322118042046
116,"""중국산이면 어때""…볼보 'S90' 인기 폴스타로 이어간다",http://www.newstomato.com/ReadNews.aspx?no=1095379&inflow=N
117,"바로오토, 설 맞아 신차급 수입차 단독 '볼보 S90' 특가 프로모션 진행",https://www.itbiznews.com/news/articleView.html?idxno=29618
118,"볼보 대표모델 3종, 미국 충돌테스트 최고점…'안전성 입증'",http://www.mediapen.com/news/view/715835
119,"볼보, 2년 연속 美 IIHS 충돌 테스트서 '최고 안전 등급' 최다 수상",http://digitalchosun.dizzo.com/site/data/html_dir/2022/04/11/2022041180058.html
120,"[22년식 최초리뷰]볼보 S90, ""음성인식 정말 편하고 뛰어나""",http://www.mediapen.com/news/view/683599
121,'볼보 S90' 승차감 이 정도였어?…타이어 펑크 나도 몰랐다 [신차털기],https://www.hankyung.com/economy/article/202010088162g
122,"[타보니]볼보 V90cc B5 AWD, 가혹조건서 성능 돋보이는 크로스컨트리·가성비는 ‘덤’",http://www.nspna.com/news/?mode=view&newsid=566138
123,"[시승기] ""없어서 못 판다""···볼보 'S90', 명성 그대로",http://www.sisajournal-e.com/news/articleView.html?idxno=223689
124,"[솔Car말] 볼보 신형 S90 ""사장님 모시러 왔어요""…뒷좌석 대변신",http://www.enewstoday.co.kr/news/articleView.html?idxno=1414181
125,"[시승기] 뒷좌석 공간의 끝판왕을 보여주마, 볼보 S90 B5",http://www.bizhankook.com/article/20614
126,"[시승기] '프리미엄' 겨냥 세단 볼보 S90, 브랜드 플래그십 되나?",http://www.iminju.net/news/articleView.html?idxno=57265
127,[시승] '독3사 보고있나?' E세그먼트 수입세단 최고 상품성. 볼보 '신형 S90 B5 INS',http://www.autodaily.co.kr/news/articleView.html?idxno=422046
128,"[리뷰] 체격부터 전동화, 가격까지…볼보 신형 S90을 완성하는 ‘다섯 가지’ 더하기 포인트",https://hankookilbo.com/News/Read/A2020090410320002847?did=NA
129,[신차 소식] 신형 볼보 S90‧지프 글래디에이터 국내 출시,http://www.newsian.co.kr/news/articleView.html?idxno=43079
130,"[시승기] 기술을 더하고 여유를 강조한 스웨디시 럭셔리, 볼보 S90 B6 AWD 인스크립션",https://hankookilbo.com/News/Read/A2021110603490003333?did=NA
131,"수입차 업계, 신차 출시 봇물…볼보 'S90'·재규어 '디펜더' 등",http://www.ajunews.com/view/20200901134232037
132,"볼보코리아, 월드클래스로 거듭난 ‘S90’ 국내 출시… “스웨디시 플래그십의 정수”",https://www.donga.com/news/article/all/20200901/102739399/2
133,"볼보 기함 S90·V90, ‘ TMAP 네비’ 달고 달린다.",https://www.sedaily.com/NewsView/22U1FUK3YA
134,"‘안전’ 이미지 볼보, S90 내세워 수입차 빅4 노린다",http://www.newstomato.com/ReadNews.aspx?no=991017
135,"'E클래스·5시리즈 넘을까?' 볼보 신형 S90, 누적계약 2천대 돌파. 돌풍 예고",http://www.autodaily.co.kr/news/articleView.html?idxno=421422
136,"""E-클래스·5시리즈 쫓는다"" 볼보 신형 S90, 사전계약 보름 만에 1천대 ""훌쩍""",http://www.autodaily.co.kr/news/articleView.html?idxno=421291
137,‘월드클래스’로 거듭난 손흥민車 ‘볼보 S90’… “S클래스까지 넘본다”,https://www.donga.com/news/article/all/20200731/102250768/2
138,[클릭!이 차]손흥민이 선택한 '볼보 S90' 사전계약 1000대 돌파,http://www.etnews.com/20200730000193
139,"볼보, '갓성비' S90 타고 점유율 확대 가속 페달",http://www.newstomato.com/ReadNews.aspx?no=986515
140,[클릭!이 차]손흥민이 선택한 '볼보 S90' 사전계약 1000대 돌파,http://www.etnews.com/20200730000193
141,"볼보, '갓성비' S90 타고 점유율 확대 가속 페달",http://www.newstomato.com/ReadNews.aspx?no=986515
142,E-클래스·5 시리즈에 ‘신형 볼보 S90’까지…기대감 커지는 2020 하반기 프리미엄 세단 시장,https://hankookilbo.com/News/Read/A2020072411390001570?did=NA
143,"볼보, 수입 고급세단 시장에 신형 S90 투입..E클래스·5시리즈와 ‘격돌’",http://www.dailycar.co.kr/content/news.html?type=view&autoId=37112
144,'갓성비 플래그십' 볼보 S90 출격 준비…독일 3사 고급세단 '초비상',http://www.gpkorea.com/news/articleView.html?idxno=65915
145,볼보 신형 S90 공개…합리적인 가격 6030만원부터,http://www.mediapen.com/news/view/540792
146,'동급 최대' 신형 볼보 S90 사전계약…6030만원부터,http://www.digitaltoday.co.kr/news/articleView.html?idxno=240993
147,"새로워진 볼보 럭셔리 세단 S90, 사전계약 시작…6030만 원부터",https://www.etoday.co.kr/news/view/1917036
148,"볼보차, 통합형 SKT 인포테인먼트 서비스 탑재한 'S90‧V90CC' 출시",http://www.bizwnews.com/news/articleView.html?idxno=28387
149,"볼보차, T맵 탑재 S90·V90 판매 개시…디지털 인포 라인업 확대",http://www.edaily.co.kr/news/newspath.asp?newsid=03604726629212592
150,"볼보코리아, 국내 첫 통합형 SKT 인포테인먼트 탑재한 S90. V90CC 출시",http://www.autodaily.co.kr/news/articleView.html?idxno=429874
151,[리얼시승기] 볼보 S90 T5 INS '북유럽 감성의 스웨덴 젠틀맨',http://www.g-enews.com/ko-kr/news/article/news_all/2020051210154294930d88486204_1/article.html
152,"[영상]걱정 NO, 푸조 3008 1.2 가솔린 시승기 - 휘발유 먹으면서 달리는 담백한 프랑스식 SUV",http://autotimes.hankyung.com/apps/news.sub_view?popup=0&nid=12&c1=12&c2=12&c3=00&nkey=202205021647251
153,"수입차 3위 쟁탈전 열기, 아우디·폭스바겐·볼보 3파전",http://www.sisaweek.com/news/articleView.html?idxno=152695
154,"""비켜 제네시스 G80"" 볼보 S90 신흥강자로 뜬다",http://www.gpkorea.com/news/articleView.html?idxno=63528
155,"볼보, 신형 S90-V90 CC모델 출시… SKT 인포테인먼트 서비스 탑재",https://www.donga.com/news/article/all/20211013/109695311/1
156,"볼보자동차, IIHS 주관 충돌 안전테스트서 2년 연속 'TSP+' 등급 최다 수상",http://www.updownnews.co.kr/news/articleView.html?idxno=301018
157,"[시승기] 볼보 플래그십 S90 B5, 럭셔리와 가성비 '이게 정답이지'",http://www.gpkorea.com/news/articleView.html?idxno=78108
158,"볼보 'S90' 리콜…""방향지시등 오작동""",http://www.newstomato.com/ReadNews.aspx?no=1074372&inflow=N
159,"스웨덴 볼보, '왜 프리미엄 브랜드인가?' 억대 차종만 사용하는 B&W 오디오 기본 장착",http://www.autodaily.co.kr/news/articleView.html?idxno=432328
160,"볼보 S90·V90, 길안내·음성인식 서비스 진화",http://www.econovill.com/news/articleView.html?idxno=551782
161,[리얼시승기] 볼보 S90 T5 INS '북유럽 감성의 스웨덴 젠틀맨',http://www.g-enews.com/ko-kr/news/article/news_all/2020051210154294930d88486204_1/article.html
162,"[영상]걱정 NO, 푸조 3008 1.2 가솔린 시승기 - 휘발유 먹으면서 달리는 담백한 프랑스식 SUV",http://autotimes.hankyung.com/apps/news.sub_view?popup=0&nid=12&c1=12&c2=12&c3=00&nkey=202205021647251
163,"수입차 3위 쟁탈전 열기, 아우디·폭스바겐·볼보 3파전",http://www.sisaweek.com/news/articleView.html?idxno=152695
164,"""비켜 제네시스 G80"" 볼보 S90 신흥강자로 뜬다",http://www.gpkorea.com/news/articleView.html?idxno=63528
165,"볼보, 신형 S90-V90 CC모델 출시… SKT 인포테인먼트 서비스 탑재",https://www.donga.com/news/article/all/20211013/109695311/1
166,"볼보자동차, IIHS 주관 충돌 안전테스트서 2년 연속 'TSP+' 등급 최다 수상",http://www.updownnews.co.kr/news/articleView.html?idxno=301018
167,"[시승기] 볼보 플래그십 S90 B5, 럭셔리와 가성비 '이게 정답이지'",http://www.gpkorea.com/news/articleView.html?idxno=78108
168,"볼보 'S90' 리콜…""방향지시등 오작동""",http://www.newstomato.com/ReadNews.aspx?no=1074372&inflow=N
169,"스웨덴 볼보, '왜 프리미엄 브랜드인가?' 억대 차종만 사용하는 B&W 오디오 기본 장착",http://www.autodaily.co.kr/news/articleView.html?idxno=432328
170,"볼보 디지털 전환 겨냥 S90, V90CC 출시, 국내 최초 통합형 SKT 인포테인먼트 서비스 탑재",http://www.sportsseoul.com/news/read/1068143?ref=naver
171,"[시승기] 볼보 플래그십 S90 B5, 럭셔리와 가성비 '이게 정답이지'",http://www.gpkorea.com/news/articleView.html?idxno=78108
172,"SKT와 손잡은 볼보, S90·V90CC 출시… 가격 6150만~7970만원",http://moneys.mt.co.kr/news/mwView.php?no=2021101311098086362
173,"볼보 'S90' 리콜…""방향지시등 오작동""",http://www.newstomato.com/ReadNews.aspx?no=1074372&inflow=N
174,"스웨덴 볼보, '왜 프리미엄 브랜드인가?' 억대 차종만 사용하는 B&W 오디오 기본 장착",http://www.autodaily.co.kr/news/articleView.html?idxno=432328
175,"[민기자의 '드라이빙'] 볼보 S60, 디자인·MHEV 다 좋은데… 편의성 개선 필요",http://www.sisaweek.com/news/curationView.html?idxno=152828
176,"[주차장] 4월 3주, 국내외 브랜드 신차 출시…현대차 외 5가지 자동차",http://www.shinailbo.co.kr/news/articleView.html?idxno=1540126
177,"[시승기] 볼보 S90, 안락함에 친환경성·구동력까지 '착한 세단'",https://www.econovill.com/news/articleView.html?idxno=542610
178,[타봤어요]수입차 프리미엄에 크기·가성비까지 '볼보 S90',http://www.edaily.co.kr/news/newspath.asp?newsid=01085686629117472
179,"볼보 플래그십 세단 S90, '가속질주'…E 세그 게임체인저 등장",https://www.ebn.co.kr/news/view/1492628/?sc=Naver
180,또 제작결함 리콜… 이번에는 ‘볼보 S90·토요타 GR수프라 등 302대,http://moneys.mt.co.kr/news/mwView.php?no=2021091608028055984
181,"[주차장] 4월 3주, 국내외 브랜드 신차 출시…현대차 외 5가지 자동차",http://www.shinailbo.co.kr/news/articleView.html?idxno=1540126
182,"[시승기] 볼보 S90, 안락함에 친환경성·구동력까지 '착한 세단'",https://www.econovill.com/news/articleView.html?idxno=542610
183,[타봤어요]수입차 프리미엄에 크기·가성비까지 '볼보 S90',http://www.edaily.co.kr/news/newspath.asp?newsid=01085686629117472
184,"볼보 플래그십 세단 S90, '가속질주'…E 세그 게임체인저 등장",https://www.ebn.co.kr/news/view/1492628/?sc=Naver
185,"[시승기] 고품격 내부, 안온한 승차감에 두번 놀라는 '볼보 S90'",http://www.ebn.co.kr/news/view/989596
186,"볼보 S90, 올 상반기 누적 판매량 1537대…""새로운 게임 체인저""",http://www.kukinews.com/newsView/kuk202107140177
187,"[Bestselling Car] 볼보 S90·XC60, 상반기 7,629대 판매 견인...'게임체인저' 입증",https://www.sedaily.com/NewsView/22OWBNGKHA
188,"[시승기] 여전히 매력적인 스칸디나비안 럭셔리, ‘볼보 S90 T5 인스크립션’",http://www.hankookilbo.com/news/npath/201903120997018135?did=NA
189,"""다 계획이 있었구나""…'손흥민 발탁' 볼보 S90, 반칙까지 저지르다니[왜몰랐을카]",http://news.mk.co.kr/newsRead.php?no=633175&year=2021
190,"[Bestselling Car] 볼보 S90·XC60, 상반기 7,629대 판매 견인...'게임체인저' 입증",https://www.sedaily.com/NewsView/22OWBNGKHA
191,볼보 'S90' 방향지시등 불량…5개사 8개 차종 302대 리콜,http://www.shinailbo.co.kr/news/articleView.html?idxno=1461988
192,"[시승기] 여전히 매력적인 스칸디나비안 럭셔리, ‘볼보 S90 T5 인스크립션’",http://www.hankookilbo.com/news/npath/201903120997018135?did=NA
193,"""다 계획이 있었구나""…'손흥민 발탁' 볼보 S90, 반칙까지 저지르다니[왜몰랐을카]",http://news.mk.co.kr/newsRead.php?no=633175&year=2021
194,[자유로 연비] 가솔린 심장을 품은 볼보 S90 T5의 자유로 연비는?,http://www.hankookilbo.com/news/npath/201901261112387174?did=NA
195,"볼보, PHEV 배터리 용량 키운다..전기모드시 61㎞ 주행!",http://www.dailycar.co.kr/content/news.html?type=view&autoId=43388
196,"[시승기] 친환경에 고성능 더하면 '볼보, S90·XC90 B6'",http://digitalchosun.dizzo.com/site/data/html_dir/2021/06/15/2021061580188.html
197,'안전 대명사' 볼보 S90 B6...이젠 성능·가격까지 챙겼다,http://news.mk.co.kr/v2/economy/view.php?year=2021&no=661915
198,"[시승기] 이상적인 팔방미인, 볼보 S90 D5 AWD 인스크립션",http://www.hankookilbo.com/v/0C0D186FE8F6420E4C2BE06C0B11DDB1
199,"볼보, tvN 인기드라마 '마인'에 S90 등 플래그십 차량 지원",http://www.gpkorea.com/news/articleView.html?idxno=74708
200,"볼보, PHEV 배터리 용량 키운다..전기모드시 61㎞ 주행!",http://www.dailycar.co.kr/content/news.html?type=view&autoId=43388
201,"[시승기] 친환경에 고성능 더하면 '볼보, S90·XC90 B6'",http://digitalchosun.dizzo.com/site/data/html_dir/2021/06/15/2021061580188.html
202,'안전 대명사' 볼보 S90 B6...이젠 성능·가격까지 챙겼다,http://news.mk.co.kr/v2/economy/view.php?year=2021&no=661915
203,"[시승기] 이상적인 팔방미인, 볼보 S90 D5 AWD 인스크립션",http://www.hankookilbo.com/v/0C0D186FE8F6420E4C2BE06C0B11DDB1
204,"볼보, tvN 인기드라마 '마인'에 S90 등 플래그십 차량 지원",http://www.gpkorea.com/news/articleView.html?idxno=74708
205,"손흥민에서 김서형까지, 카리스마 입은 볼보차 플래그십 세단 S90",http://www.osen.co.kr/article/G1111591151
206,"[시승기] ‘손흥민차’ S90, 볼보 플래그십의 품격",https://www.ekn.kr/web/view.php?key=20210529010005471
207,친환경 파워트레인 장착한 손흥민 세단 볼보 S90,https://www.hankyung.com/economy/article/202105277522a
208,"볼보자동차 S90 2021년 누적 판매량 1,000대 돌파",http://news.khan.co.kr/kh_news/khan_art_view.html?artid=202106071955018&code=920401
209,"[신차드라이브]볼보 S90, '반자율주행'으로 서울 도심 달려보니",http://www.etnews.com/20180111000076
210,친환경 파워트레인 장착한 손흥민 세단 볼보 S90,https://www.hankyung.com/economy/article/202105277522a
211,"볼보자동차 S90 2021년 누적 판매량 1,000대 돌파",http://news.khan.co.kr/kh_news/khan_art_view.html?artid=202106071955018&code=920401
212,"[신차드라이브]볼보 S90, '반자율주행'으로 서울 도심 달려보니",http://www.etnews.com/20180111000076
213,"[시승기] ""스포츠 세단 뭐 별거 있나""…볼보 S90, 플래그십 세단의 역동적 변신",http://www.sisaon.co.kr/news/articleView.html?idxno=126939
214,[강병철의 셀럽앤카]㉚ 가상인간도 ‘가족’ 앞세운 안전·환경의 대명사,https://www.joongang.co.kr/article/25068935
215,볼보 S90 D4 시승기 - 수입 디젤 세단 시장의 기조를 바꿀 존재,http://autoin.edaily.co.kr/news/newspath.asp?newsid=01390726615964672
216,"[시승기] 하이브리드 심장 단 볼보 S90, 주행+안정+친환경 제대로 레벨업",http://www.consumernews.co.kr/news/articleView.html?idxno=624434
217,[신차 타볼카] 안전에 주행성능까지… 친환경 심장 탑재한 볼보 'XC90·S90',http://www.newscj.com/news/articleView.html?idxno=849071
218,[시승기] 볼보 S90 B6...외모는 신사·달릴 땐 마초,http://www.ajunews.com/view/20210408142744418
219,[시승기] 친환경 시대에 걸맞은 플래그십 세단..볼보차 S90 B6 AWD 인스크립션,http://www.dailycar.co.kr/content/news.html?type=view&autoId=39325
220,[시승기] 친환경 시대에 걸맞은 플래그십 세단..볼보차 S90 B6 AWD 인스크립션,http://www.dailycar.co.kr/content/news.html?type=view&autoId=39325
221,"[시승기] 디테일이 예술… 볼보 XC90 · S90, 고성능 마일드 하이브리드의 탄생",http://www.segyebiz.com/newsView/20210407513881?OutUrl=naver
222,"""E클래스·5시리즈 한판 붙자!""…볼보 'S90 T5' [조영곤 칼럼]",http://www.mediafine.co.kr/news/articleView.html?idxno=4545
223,[生生시승기] '새 심장' 달고 강력해진 볼보의 S90·XC90,http://www.sporbiz.co.kr/news/articleView.html?idxno=518605
224,[시승기] B6 심장 들어간 볼보차 XC90·S90 타보니,https://zdnet.co.kr/view/?no=20210404090724
225,"볼보자동차, 엔트리 플래그십 S90 D4 출시… '첨단품목에 눈길'",http://www.moneyweek.co.kr/news/mwView.php?type=1&no=2017012510068015389&outlink=1
226,"볼보 S90 T5 시승기 - 볼보의 새로운 기함, 성장을 확신하다",http://autoin.edaily.co.kr/news/newspath.asp?newsid=02676486615799688
227,[시승기] 볼보의 B6 파워트레인을 맛보다 – XC90 B6 그리고 S90 B6 시승기,https://hankookilbo.com/News/Read/A2021040211000001393?did=NA
228,[시승기] 하이브리드차가 이렇게 잘 나가?…볼보 XC90 & S90,http://www.newspim.com/news/view/20210401001227
229,[시승기] 새로운 심장 단 볼보 S90·XC90 B6,http://www.iminju.net/news/articleView.html?idxno=71356
230,[시승기] 하이브리드차가 이렇게 잘 나가?…볼보 XC90 & S90,http://www.newspim.com/news/view/20210401001227
231,[시승기] 새로운 심장 단 볼보 S90·XC90 B6,http://www.iminju.net/news/articleView.html?idxno=71356
232,"[4월 3주 자동차 소식] 쌍용자동차, 재매각 본격 추진",http://www.ezyeconomy.com/news/articleView.html?idxno=117521
233,[훈 기자의 시승車] 스웨덴 남자처럼 잘 생기고 배려심 많은 '볼보 S90',http://www.kukinews.com/news/article.html?no=398125
234,"[시승기] ""E-클래스 비켜!"" '볼보 S90', 독일차 독주 막을 수 있을까?",http://www.ebn.co.kr/news/view/853519
235,'독일차 능가하는 볼보 S60'…크기·조형·성능 등 경쟁력 높아,https://zdnet.co.kr/view/?no=20220210160029
236,'주행성능에 친환경까지'…B6 파워트레인 탑재한 볼보 XC90-S90,https://www.news1.kr/articles/?4262332
237,한국 공습 시작한 중국차… 中서 고전하는 현대차·기아,https://news.kmib.co.kr/article/view.asp?arcid=0924243655&code=11151400&cp=nv
238,[시승기] 사장님 꼬리표는 이젠 그만..젊어진 플래그십 세단 볼보 S90 T8,http://www.dailycar.co.kr/content/news.html?type=view&autoId=39116
239,더 똑똑해진 S90·V90 CC…車 안에서 집 에어컨도 조절,https://www.hankyung.com/economy/article/2021102629961
240,"볼보코리아, 지난해 매출액 7497억…전년비 20.3%↑",http://www.thevaluenews.co.kr/news/view.php?idx=168427
241,"한국 공습 나선 중국차, 중국서 고전하는 현대차",https://news.kmib.co.kr/article/view.asp?arcid=0017036717&code=61172011&cp=nv
242,볼보 XC40. 링크앤코01과 中 루차오공장서 생산되는 폴스타2 품질 수준은?,http://www.autodaily.co.kr/news/articleView.html?idxno=431568
243,"[시승기] '스웨덴 감성' 볼보 S90, 준수한 달리기 실력에 환상적인 오디오까지",http://www.newspim.com/news/view/20210210000877
244,"‘파일럿 어시스트 II’ 탑재한 S90, 편안함의 끝판왕",https://sports.donga.com/article/all/20211017/109750088/3
245,"[시승] ""볼보와 지향점이 다르다"" 무한함의 시작, 스웨덴 프리미엄 EV '폴스타2'",http://www.autodaily.co.kr/news/articleView.html?idxno=431472
246,수입차 판매 4위 볼보자동차코리아 비결은?,http://www.newsbrite.net/news/articleView.html?idxno=163949
247,"'이윤모 매직' 볼보, 지난해 반도체 대란 뚫고 목표 달성",https://www.ceoscoredaily.com/page/view/2022010514193800224
248,'퍽소리' 논란 이제 그만…B6 엔진으로 돌아오는 볼보 S90,http://www.ceoscoredaily.com/news/article.html?no=77899
249,"볼보, XC60·S90·V90에 ‘구글’ 기반 인포테인먼트 시스템 적용..특징은?",http://www.dailycar.co.kr/content/news.html?type=view&autoId=39029
250,‘메이드 인 차이나’ 볼보·BMW “잘 팔리네”… 폴스타도 출격,https://biz.chosun.com/industry/car/2021/12/16/TXHFWBPBUVGE7FZLYWBKX4E32A/?utm_source=naver&utm_medium=original&utm_campaign=biz
251,"오토플러스, 수입 고급 세단 '볼보 S90∙벤츠 E클래스' 눈길",http://www.cbci.co.kr/news/articleView.html?idxno=412367
252,"오토플러스, '새봄맞이 힐링 특집' 자동차 라이브 방송 실시…수입 고급 세단 '볼보 S90∙벤츠 E클래스' 출품",http://www.dailysmart.co.kr/news/articleView.html?idxno=41211
253,"볼보자동차, 미국 IIHS '톱 세이프티 픽 플러스' 신기록 달성…S90 등 5개 모델 추가 선정돼",http://sports.chosun.com/news/ntype.htm?id=202104080100056980003481&servicedate=20210407
254,"티맵모빌리티, 볼보 모든 차량에 'TMAP 인포' 탑재",http://www.newspim.com/news/view/20220113000214
255,볼보 ‘XC90·S90·V90·XC60’···친환경파워트레인확대‘260만~440만원’ 가격 인하,http://www.newsway.co.kr/news/view?tp=1&ud=2021021621291697255
256,[driving] #안전의 대명사 #대기 6개월 볼보의 럭셔리 세단 S90,https://woman.donga.com/3/all/12/2333827/1
257,가족을 위한 크고 안전한 세단…볼보 S90 B5 인스크립션 [시승기],http://www.segye.com/content/html/2020/12/24/20201224507193.html?OutUrl=naver
258,[영상뉴스]‘손흥민의 차’ 볼보 S90…“심플함으로 벤츠 넘는다”,http://www.newstomato.com/ReadNews.aspx?no=1014542
259,"[시승기] 볼보 S90 B5 인스크립션 ""공간·안전·고급 갖춘 '가성비' 수입차""",http://www.efnews.co.kr/news/articleView.html?idxno=87554
260,[driving] #안전의 대명사 #대기 6개월 볼보의 럭셔리 세단 S90,https://woman.donga.com/3/all/12/2333827/1
261,가족을 위한 크고 안전한 세단…볼보 S90 B5 인스크립션 [시승기],http://www.segye.com/content/html/2020/12/24/20201224507193.html?OutUrl=naver
262,[영상뉴스]‘손흥민의 차’ 볼보 S90…“심플함으로 벤츠 넘는다”,http://www.newstomato.com/ReadNews.aspx?no=1014542
263,"오토플러스, '새봄맞이 힐링 특집' 진행…볼보 S90·벤츠 E클래스 출품",http://www.sporbiz.co.kr/news/articleView.html?idxno=514606
264,"[시승기] 볼보 S90 B5 인스크립션 ""공간·안전·고급 갖춘 '가성비' 수입차""",http://www.efnews.co.kr/news/articleView.html?idxno=87554
265,"[원성열 기자의 CAR & TRACK] 볼보 S90 B5, 군살 쏙 뺀 6000만원대 럭셔리 세단!",https://sports.donga.com/article/all/20201115/103970270/3
266,"[시승기] '속이 꽉 찬' 볼보 S90 B5… ""클래스 압도한다""",http://moneys.mt.co.kr/news/mwView.php?no=2020111522028099482
267,수입차 시장 흔드는 볼보 신형 S90···벤츠·BMW ‘초긴장’,http://www.ekn.kr/web/view.php?key=20201109010002076
268,[시승기] '가성비·공간성·디자인 다 담았다'…볼보 S90 B5 인스크립션,https://www.asiatoday.co.kr/view.php?key=20201107010004536
269,"볼보 S90, 벤츠 E클래스 저격수로 ‘급부상’",http://www.rpm9.com/news/article.html?id=20201104090001
270,"볼보 S90, 벤츠 E클래스 저격수로 ‘급부상’",http://www.rpm9.com/news/article.html?id=20201104090001
271,출시 이후 탑승자 사망 사고 '제로'…볼보 XC90의 질주,https://www.hankyung.com/economy/article/2021112372081
272,"[시승기] 플래그십 세단의 완전한 완성, ‘볼보 S90 B5 인스크립션’",https://hankookilbo.com/News/Read/A2020102909550005005?did=NA
273,중국산 찜찜한데 대기만 6개월…'볼보 S90' 흥행의 역설,http://news.mt.co.kr/mtview.php?no=2020102109382247857
274,[Bestselling Car] 볼보 플래그십 세단 'S90',https://www.sedaily.com/NewsView/1Z97TTLX98
275,[시승기] 볼보 S90 B5 인스크립션 | ‘중국 차’ 편견 깨뜨린 프리미엄 세단의 저격수,http://economychosun.com/client/news/view.php?boardName=C05&t_num=13609707
276,"[시승기] 볼보 신형 S90 '군살은 쏙~, 차체와 세련미는 쑥!'",http://www.gpkorea.com/news/articleView.html?idxno=68792
277,"폭스바겐 제친 볼보, 벤츠-BMW-아우디 나와",http://www.newsian.co.kr/news/articleView.html?idxno=52586
278,"[시승기] 기본기 돋보이는 플래그십 세단, 볼보 신형 S90",http://www.ekn.kr/news/article.html?no=528857
279,[구상 칼럼] 요란하지 않고 절제된 디자인 감각..볼보 S90,http://m.dailycar.co.kr/content/news.html?type=view&autoId=37812
280,"[시승기] 더 여유로운 공간에 섬세한 디테일 더한 '볼보, 신형 S90'",http://digitalchosun.dizzo.com/site/data/html_dir/2020/10/07/2020100780303.html
281,"[시승기] 볼보 신형 S90, 첨단 안전 기술 꽉 채운 CEO세단...실내는 고급스러움의 끝판왕",http://www.consumernews.co.kr/news/articleView.html?idxno=613220
282,"[生生시승기] 볼보 ‘S90’, 착한 가격·프리미엄 겸비…“사장님, 여기 보세요”",http://www.sporbiz.co.kr/news/articleView.html?idxno=470951
283,[시승기] 몸집 키우고 가성비 높인 볼보 S90...‘게임체인저’ 기대,http://inthenews.co.kr/article-71532/
284,"볼보차 신형 S90, 프리미엄 시장 '뉴 리더' 선언",http://it.chosun.com/site/data/html_dir/2020/09/28/2020092803399.html
285,"[‘카’이벌] ‘가성비’ 플래그십, 볼보 S90 vs 기아 K9",http://moneys.mt.co.kr/news/mwView.php?no=2020091811038068456
286,"‘창조적 파괴자’ 볼보 S90 - “리셋, 게임 룰은 내가 정한다”",http://news.mk.co.kr/newsRead.php?no=991902&year=2020
287,"[카슐랭] ""이건 반칙이지""…`손흥민 발탁` , 볼보 S90의 `야심만만` 속내는",http://news.mk.co.kr/newsRead.php?no=973187&year=2020
288,(시승기)합리적인 사장님을 위한 볼보 'S90',http://www.newstomato.com/ReadNews.aspx?no=996980
289,"[시승기] ""도로 위, 지구 다 지킨다"" 볼보 S90, 역시 안전 끝판왕",http://www.newsprime.co.kr/news/article.html?no=518303
290,"[시승기] ""도로 위, 지구 다 지킨다"" 볼보 S90, 역시 안전 끝판왕",http://www.newsprime.co.kr/news/article.html?no=518303
291,"[시승]리무진의 생활화, 볼보차 S90",http://autotimes.hankyung.com/apps/news.sub_view?popup=0&nid=06&c1=06&c2=06&c3=00&nkey=202009161639071
292,"[시승기] 볼보 신형 S90 ""예전도 지금도 한결같이 예뻤다""",http://www.g-enews.com/ko-kr/news/article/news_all/2020091510585637530d88486204_1/article.html
293,"[시승기] 볼보 더뉴 S90 '더 커지고 더 안전해진' 세단···""친환경도 잡았네""",http://www.seoulfn.com/news/articleView.html?idxno=395209
294,"[시승기] ‘손흥민의 차’ 볼보 신형 S90, 안전·정숙성 합격점!",http://www.viva100.com/main/view.php?key=20200914010002894
295,"[시승기] 볼보 신형 S90, 가족이 타면 '패밀리카'…뒷자리 앉으면 '회장님차'",https://www.asiatime.co.kr/news/newsview.php?ncode=1065578579420496
296,[신차 타볼카] 더 커지고 안전해진 볼보 '신형 S90'… E클래스·A6·G80 정조준,http://www.newscj.com/news/articleView.html?idxno=778665
297,"[시승기] 새로운 리더를 위한 차, 볼보 S90 B5 인스크립션",http://it.chosun.com/site/data/html_dir/2020/09/12/2020091200073.html
298,"[Car&Fun]더 넓게 더 편하게···볼보 신형 S90, 네 바퀴 달린 '모던 하우스'",https://www.sedaily.com/NewsView/1Z7U7ATKJV
299,"볼보 신형 S90, 대형세단에 '하이브리드 시대' 활짝 연다",http://www.gpkorea.com/news/articleView.html?idxno=67226
300,"[시승기] 새로운 리더를 위한 차, 볼보 S90 B5 인스크립션",http://it.chosun.com/site/data/html_dir/2020/09/12/2020091200073.html
301,"[Car&Fun]더 넓게 더 편하게···볼보 신형 S90, 네 바퀴 달린 '모던 하우스'",https://www.sedaily.com/NewsView/1Z7U7ATKJV
302,"볼보 신형 S90, 대형세단에 '하이브리드 시대' 활짝 연다",http://www.gpkorea.com/news/articleView.html?idxno=67226
303,"[시승기]'대세' 볼보, 패밀리 세단 S90 커졌다",https://www.nocutnews.co.kr/news/5411142
304,[시승기] 리더를 위한 새로운 대안… 볼보 플래그십 세단 S90,http://www.ceoscoredaily.com/news/article.html?no=73132
305,"[민기자의 '드라이빙'] ""E세그먼트 수입차, 다 덤벼""… 볼보 S90, 이유 있는 자신감",http://www.sisaweek.com/news/curationView.html?idxno=137488
306,"'손흥민차' 볼보 S90, 국내 고급차 시장 '돌풍' …'중국산' 우려 씻었나",http://www.koreastocknews.com/news/articleView.html?idxno=57070
307,"[리얼시승기] 볼보차 신형 S90 탔더니 ""신난 두 남녀""",http://www.g-enews.com/ko-kr/news/article/news_all/2020091112414071260d88486204_1/article.html
308,"`손흥민車` 볼보 S90, 올해 물량 `완판`…당장 계약해도 내년 3월 이후",http://news.mk.co.kr/newsRead.php?no=939663&year=2020
309,[시승기] 수입차 시장서 파란 몰고 온..볼보 플래그십 세단 신형 S90,http://www.dailycar.co.kr/content/news.html?type=view&autoId=37578
310,"[리얼시승기] 볼보차 신형 S90 탔더니 ""신난 두 남녀""",http://www.g-enews.com/ko-kr/news/article/news_all/2020091112414071260d88486204_1/article.html
311,"`손흥민車` 볼보 S90, 올해 물량 `완판`…당장 계약해도 내년 3월 이후",http://news.mk.co.kr/newsRead.php?no=939663&year=2020
312,[시승기] 수입차 시장서 파란 몰고 온..볼보 플래그십 세단 신형 S90,http://www.dailycar.co.kr/content/news.html?type=view&autoId=37578
313,[시승기] 한결 여유로워진 '손흥민의 차' 볼보 신형 S90,http://yna.kr/AKR20200910169800003?did=1195m
314,"[시승기] 볼보 S90 더 커지고 단단해져, 친환경 세단으로 거듭 태어나",http://www.businesspost.co.kr/BP?command=article_view&num=195498
315,'신형 S90' 사전계약 3200대… 볼보 年 1만2000대 판매 '가뿐',http://biz.newdaily.co.kr/site/data/html/2020/09/10/2020091000063.html
316,[시승기] 플래그십 세단의 가치를 높이는 변화 ‘볼보 뉴 S90 B5 인스크립션’,https://hankookilbo.com/News/Read/A2020090914430001985?did=NA
317,[현장에서] 볼보 “독일차 3사 고객 쇼핑목록에 S90 담겠다”,http://www.econovill.com/news/articleView.html?idxno=411233
318,"더욱더 완벽한 공간을 연출하다, 볼보 S90",https://www.motortrendkorea.com/sub/view.html?no=4983&cate1Name=NEWCAR
319,"벤츠 GLB-볼보 S90, 신선한 경쟁구도…인기 요인은?",http://www.mediapen.com/news/view/555511
320,"볼보 ""신형 S90으로 프리미엄 세단 승자 되겠다""",http://www.newstomato.com/ReadNews.aspx?no=995381
321,[시승기] 플래그십 세단의 가치를 높이는 변화 ‘볼보 뉴 S90 B5 인스크립션’,https://hankookilbo.com/News/Read/A2020090914430001985?did=NA
322,[현장에서] 볼보 “독일차 3사 고객 쇼핑목록에 S90 담겠다”,http://www.econovill.com/news/articleView.html?idxno=411233
323,"더욱더 완벽한 공간을 연출하다, 볼보 S90",https://www.motortrendkorea.com/sub/view.html?no=4983&cate1Name=NEWCAR
324,"벤츠 GLB-볼보 S90, 신선한 경쟁구도…인기 요인은?",http://www.mediapen.com/news/view/555511
325,[360도카메라]넓은 실내공간과 디자인 갖춘 볼보 신형S90 속살 훔쳐보기,http://www.econovill.com/news/articleView.html?idxno=410843
326,"'일상의 리무진` 볼보 신형 S90 `체급을 넘나드는 가성비'…""정말 6천만원대?!""",http://www.gpkorea.com/news/articleView.html?idxno=67076
327,"볼보 S90, ‘완판’ 대열 합류… ‘안전한 차’ 돌풍에 나오는 신차마다 품절",https://www.donga.com/news/article/all/20200901/102750309/3
328,볼보 신형 S90 출시···착한 가격에 옵션도 '빵빵',http://www.seoulfn.com/news/articleView.html?idxno=394026
329,"'손흥민과 스웨디시럭셔리의 조화' 볼보코리아, 플래그십 '신형 S90' 출시. 100만원 인상",http://www.autodaily.co.kr/news/articleView.html?idxno=421803
330,"더욱더 완벽한 공간을 연출하다, 볼보 S90",https://www.motortrendkorea.com/sub/view.html?no=4983&cate1Name=NEWCAR
331,"벤츠 GLB-볼보 S90, 신선한 경쟁구도…인기 요인은?",http://www.mediapen.com/news/view/555511
332,[360도카메라]넓은 실내공간과 디자인 갖춘 볼보 신형S90 속살 훔쳐보기,http://www.econovill.com/news/articleView.html?idxno=410843
333,"'일상의 리무진` 볼보 신형 S90 `체급을 넘나드는 가성비'…""정말 6천만원대?!""",http://www.gpkorea.com/news/articleView.html?idxno=67076
334,"볼보 S90, ‘완판’ 대열 합류… ‘안전한 차’ 돌풍에 나오는 신차마다 품절",https://www.donga.com/news/article/all/20200901/102750309/3
335,볼보 신형 S90 출시···착한 가격에 옵션도 '빵빵',http://www.seoulfn.com/news/articleView.html?idxno=394026
336,"'손흥민과 스웨디시럭셔리의 조화' 볼보코리아, 플래그십 '신형 S90' 출시. 100만원 인상",http://www.autodaily.co.kr/news/articleView.html?idxno=421803
337,"[자동차오늘] 볼보차, '신형 S90' 공식 출시…재규어랜드로버, '올 뉴 디펜더' 출시",http://www.sisaon.co.kr/news/articleView.html?idxno=117483
338,베일 벗은 볼보 신형 S90···또 '하세월' 대기에 고객 한숨,https://www.ebn.co.kr/news/view/1448934/?sc=Naver
339,"볼보 S90, 입소문에 2500대 예약···""수입차 빅4 간다""",http://www.sisajournal-e.com/news/articleView.html?idxno=222976
340,"'손흥민과 스웨디시럭셔리의 조화' 볼보코리아, 플래그십 '신형 S90' 출시. 100만원 인상",http://www.autodaily.co.kr/news/articleView.html?idxno=421803
341,"[자동차오늘] 볼보차, '신형 S90' 공식 출시…재규어랜드로버, '올 뉴 디펜더' 출시",http://www.sisaon.co.kr/news/articleView.html?idxno=117483
342,베일 벗은 볼보 신형 S90···또 '하세월' 대기에 고객 한숨,https://www.ebn.co.kr/news/view/1448934/?sc=Naver
343,"볼보 S90, 입소문에 2500대 예약···""수입차 빅4 간다""",http://www.sisajournal-e.com/news/articleView.html?idxno=222976
344,"[시승기] ""이 정도면 반칙이지""…볼보 신형 S90, 탁월한 거주성에 최고급 옵션 '향연'",http://www.sisaon.co.kr/news/articleView.html?idxno=118134
345,손흥민이 선택한 볼보 'S90'… 월드클래스 '안전'에 반했다,https://www.asiatoday.co.kr/view.php?key=20200828010015541
346,"[시승기] 가성비 좋은 사장님 차, 볼보 S90",https://biz.chosun.com/site/data/html_dir/2020/09/15/2020091503144.html?utm_source=naver&utm_medium=original&utm_campaign=biz
347,"손흥민이 '픽'한 볼보 S90, 세단시장 '게임체인저' 등장",http://www.edaily.co.kr/news/newspath.asp?newsid=01377606625871912
348,"볼보 신형 S90, 동급 수입차 최대 실내 공간 제공…볼보의 자랑 인텔리세이프 기술은 기본 적용",http://sports.chosun.com/news/ntype.htm?id=202008270100231710015553&servicedate=20200826
349,"손흥민의 차 볼보 S90 ""수입 세단 게임체인저 되겠다""",https://www.hankyung.com/economy/article/2020082519481
350,볼보 '안전' 노하우 집약체…플래그십 신형 S90 국내 출시,https://www.etoday.co.kr/news/view/1935549
351,"[자동차오늘] 볼보차, '신형 S90' 공식 출시…재규어랜드로버, '올 뉴 디펜더' 출시",http://www.sisaon.co.kr/news/articleView.html?idxno=117483
352,베일 벗은 볼보 신형 S90···또 '하세월' 대기에 고객 한숨,https://www.ebn.co.kr/news/view/1448934/?sc=Naver
353,"볼보 S90, 입소문에 2500대 예약···""수입차 빅4 간다""",http://www.sisajournal-e.com/news/articleView.html?idxno=222976
354,"[시승기] ""이 정도면 반칙이지""…볼보 신형 S90, 탁월한 거주성에 최고급 옵션 '향연'",http://www.sisaon.co.kr/news/articleView.html?idxno=118134
355,손흥민이 선택한 볼보 'S90'… 월드클래스 '안전'에 반했다,https://www.asiatoday.co.kr/view.php?key=20200828010015541
356,"[시승기] 가성비 좋은 사장님 차, 볼보 S90",https://biz.chosun.com/site/data/html_dir/2020/09/15/2020091503144.html?utm_source=naver&utm_medium=original&utm_campaign=biz
357,"손흥민이 '픽'한 볼보 S90, 세단시장 '게임체인저' 등장",http://www.edaily.co.kr/news/newspath.asp?newsid=01377606625871912
358,"볼보 신형 S90, 동급 수입차 최대 실내 공간 제공…볼보의 자랑 인텔리세이프 기술은 기본 적용",http://sports.chosun.com/news/ntype.htm?id=202008270100231710015553&servicedate=20200826
359,"손흥민의 차 볼보 S90 ""수입 세단 게임체인저 되겠다""",https://www.hankyung.com/economy/article/2020082519481
360,‘손흥민 차’ 볼보 신형 S90 출시… “사전 계약 2500대 돌풍”,http://moneys.mt.co.kr/news/mwView.php?no=2020090113228075274
361,'손흥민車' 볼보 신형 S90 국내 공식 출시…6030만~8540만원,https://www.news1.kr/articles/?4043902
362,"볼보 S90, 입소문에 2500대 예약···""수입차 빅4 간다""",http://www.sisajournal-e.com/news/articleView.html?idxno=222976
363,"[시승기] ""이 정도면 반칙이지""…볼보 신형 S90, 탁월한 거주성에 최고급 옵션 '향연'",http://www.sisaon.co.kr/news/articleView.html?idxno=118134
364,손흥민이 선택한 볼보 'S90'… 월드클래스 '안전'에 반했다,https://www.asiatoday.co.kr/view.php?key=20200828010015541
365,"[시승기] 가성비 좋은 사장님 차, 볼보 S90",https://biz.chosun.com/site/data/html_dir/2020/09/15/2020091503144.html?utm_source=naver&utm_medium=original&utm_campaign=biz
366,"손흥민이 '픽'한 볼보 S90, 세단시장 '게임체인저' 등장",http://www.edaily.co.kr/news/newspath.asp?newsid=01377606625871912
367,"볼보 신형 S90, 동급 수입차 최대 실내 공간 제공…볼보의 자랑 인텔리세이프 기술은 기본 적용",http://sports.chosun.com/news/ntype.htm?id=202008270100231710015553&servicedate=20200826
368,"손흥민의 차 볼보 S90 ""수입 세단 게임체인저 되겠다""",https://www.hankyung.com/economy/article/2020082519481
369,"[시승기] 볼보 신형 'S90', 여유로운 공간·주행 돋보여",http://www.shinailbo.co.kr/news/articleView.html?idxno=1320173
370,손흥민 모델 기용한 볼보 'S90' 출격…사전계약 2500대 ‘흥행 예고’,http://www.viva100.com/main/view.php?key=20200901010000113
371,"볼보, 신형 S90 국내 공식 출시…6030만원부터",https://biz.chosun.com/site/data/html_dir/2020/09/01/2020090100761.html?utm_source=naver&utm_medium=original&utm_campaign=biz
372,"볼보 S90, 입소문에 2500대 예약···""수입차 빅4 간다""",http://www.sisajournal-e.com/news/articleView.html?idxno=222976
373,"[시승기] ""이 정도면 반칙이지""…볼보 신형 S90, 탁월한 거주성에 최고급 옵션 '향연'",http://www.sisaon.co.kr/news/articleView.html?idxno=118134
374,손흥민이 선택한 볼보 'S90'… 월드클래스 '안전'에 반했다,https://www.asiatoday.co.kr/view.php?key=20200828010015541
375,"[시승기] 가성비 좋은 사장님 차, 볼보 S90",https://biz.chosun.com/site/data/html_dir/2020/09/15/2020091503144.html?utm_source=naver&utm_medium=original&utm_campaign=biz
376,"손흥민이 '픽'한 볼보 S90, 세단시장 '게임체인저' 등장",http://www.edaily.co.kr/news/newspath.asp?newsid=01377606625871912
377,"볼보 신형 S90, 동급 수입차 최대 실내 공간 제공…볼보의 자랑 인텔리세이프 기술은 기본 적용",http://sports.chosun.com/news/ntype.htm?id=202008270100231710015553&servicedate=20200826
378,"손흥민의 차 볼보 S90 ""수입 세단 게임체인저 되겠다""",https://www.hankyung.com/economy/article/2020082519481
379,"[시승기] 볼보 신형 'S90', 여유로운 공간·주행 돋보여",http://www.shinailbo.co.kr/news/articleView.html?idxno=1320173
380,"볼보, 4년만에 신형 S90 국내 출시… 사전계약 돌풍",http://www.kyeonggi.com/news/articleView.html?idxno=2314755
381,"[시승기] ""이 정도면 반칙이지""…볼보 신형 S90, 탁월한 거주성에 최고급 옵션 '향연'",http://www.sisaon.co.kr/news/articleView.html?idxno=118134
382,손흥민이 선택한 볼보 'S90'… 월드클래스 '안전'에 반했다,https://www.asiatoday.co.kr/view.php?key=20200828010015541
383,"[시승기] 가성비 좋은 사장님 차, 볼보 S90",https://biz.chosun.com/site/data/html_dir/2020/09/15/2020091503144.html?utm_source=naver&utm_medium=original&utm_campaign=biz
384,"손흥민이 '픽'한 볼보 S90, 세단시장 '게임체인저' 등장",http://www.edaily.co.kr/news/newspath.asp?newsid=01377606625871912
385,"볼보 신형 S90, 동급 수입차 최대 실내 공간 제공…볼보의 자랑 인텔리세이프 기술은 기본 적용",http://sports.chosun.com/news/ntype.htm?id=202008270100231710015553&servicedate=20200826
386,"손흥민의 차 볼보 S90 ""수입 세단 게임체인저 되겠다""",https://www.hankyung.com/economy/article/2020082519481
387,"[시승기] 볼보 신형 'S90', 여유로운 공간·주행 돋보여",http://www.shinailbo.co.kr/news/articleView.html?idxno=1320173
388,"[시승기] 볼보 S90 T8, 고급스러움이 점잖게 묻어나는 럭셔리 'CEO 세단'",http://www.consumernews.co.kr/news/articleView.html?idxno=610836
389,[시승기] 달리기·럭셔리 “다 담았다”…손흥민 닮은 볼보 S90,http://www.dt.co.kr/contents.html?article_no=2020092002109932064002&ref=naver
390,[시승기]볼보 S90 ‘묵직하면서도 빠르다’,http://www.econovill.com/news/articleView.html?idxno=411393
391,[시승기] 최상의 프리미엄 세단 '볼보 S90 T8 EXC',http://www.cstimes.com/news/articleView.html?idxno=427348
392,[시승기] ‘출시 임박’ 볼보 신형 S90에 눈길 가는 이유,http://www.ekn.kr/news/article.html?no=518601
393,볼보 플래그십 세단 S90 출시 임박에 뜨거운 관심… 물량부족 걱정까지,http://www.sisaweek.com/news/articleView.html?idxno=136885
394,볼보 S90…E클래스·5시리즈 '조준사격' 가성비로 승부,http://www.mediapen.com/news/view/557379
395,볼보 세단 최상위 모델 ‘신형 S90’…완전히 새로운 수준의 럭셔리 경험,https://www.seoul.co.kr/news/newsView.php?id=20200817018008&wlog_tag3=naver
396,'7세대' 벤츠 S클래스 – 해운대 폭주 차량 검거 – 볼보 S90 부분변경 [모터그램],http://www.sisunnews.co.kr/news/articleView.html?idxno=130045
397,프리미엄 세단 시장 잡아라…볼보 S90 ‘출사표’,https://news.mtn.co.kr/newscenter/news_viewer.mtn?gidx=2020091010311165741
398,"볼보차코리아, S90 '롱 휠베이스'에 올인한 이유는?",http://autotimes.hankyung.com/apps/news.sub_view?popup=0&nid=02&c1=02&c2=02&c3=00&nkey=202009011534041
399,"볼보자동차 공식딜러 ‘코오롱오토모티브’, KOLON AUTOMOTIVE DAY 이벤트 성료",http://sports.khan.co.kr/news/sk_index.html?art_id=202111301157003&sec_id=563002&pt=nv
400,볼보 S90 페이스리프트 출시…사전계약 2500대,https://www.nocutnews.co.kr/news/5404789
401,"볼보자동차코리아, 친환경 엔진 넣은 신형 S90 출시",http://www.iminju.net/news/articleView.html?idxno=56914
402,손흥민 모델 볼보 신형세단 S90 국내 출시,http://www.kado.net/news/articleView.html?idxno=1037915
403,"[데스크칼럼] 인기몰이 볼보, S90 '중국산 꼬리표' 극복할까?",http://www.ftoday.co.kr/news/articleView.html?idxno=204905
404,"[Car&Fun] 볼보 'S90' ""벤츠 E클래스 아성 넘는다""",https://www.sedaily.com/NewsView/1Z6IFV4LGU
405,"볼보 4년만에 완전변경 S90, E세그먼트 세단 '신흥강자'",https://view.asiae.co.kr/article/2020080711153306619
406,‘안전의 대명사’ 볼보…신형 S90 사전계약 1000대 판매,http://www.skyedaily.com/news/news_view.html?ID=109693
407,"볼보 ‘S90’ 타보니… 부드러운 가속 페달, 밟을수록 안정감 더해",http://www.munhwa.com/news/view.html?no=2020092101032603353001
408,"볼보자동차, 신형 S90 사전계약 1,000대 돌파",http://www.fortunekorea.co.kr/news/articleView.html?idxno=12708
409,[정찬수의 시승기 - 볼보 ‘S90 B5 인스크립션’] 더 광활해진 실내공간…독보적인 가성비,http://news.heraldcorp.com/view.php?ud=20201006000447
410,‘안전의 대명사’ 볼보…신형 S90 사전계약 1000대 판매,http://www.skyedaily.com/news/news_view.html?ID=109693
411,"볼보 ‘S90’ 타보니… 부드러운 가속 페달, 밟을수록 안정감 더해",http://www.munhwa.com/news/view.html?no=2020092101032603353001
412,"볼보자동차, 신형 S90 사전계약 1,000대 돌파",http://www.fortunekorea.co.kr/news/articleView.html?idxno=12708
413,[정찬수의 시승기 - 볼보 ‘S90 B5 인스크립션’] 더 광활해진 실내공간…독보적인 가성비,http://news.heraldcorp.com/view.php?ud=20201006000447
414,"‘캡틴’ 손흥민을 닮고 싶은 ‘플래그십’, 볼보차 신형 S90",http://www.osen.co.kr/article/G1111407889
415,"이쯤되면 박지윤-최동석,모델로..볼보 신형S90 사전계약 1천대 돌파 신기록",https://www.sisa-news.com/news/article.html?no=130957
416,"볼보자동차 공식딜러 코오롱오토모티브, 'KOLON AUTOMOTIVE DAY' 행사 막내려",http://www.sisamagazine.co.kr/news/articleView.html?idxno=415373
417,"9월에 신형 S90 띄우는 볼보 ""E클래스·5시리즈 잡겠다""",https://www.hankyung.com/economy/article/2020072991961
418,"[테슬라 섯거라, 전기차 달린다④] 볼보 신형 S90 하이브리드",http://www.seoulwire.com/news/articleView.html?idxno=426337
419,국내 첫 통합형 인포테인먼트 탑재한 볼보車 잇단 출시,https://www.newsclaim.co.kr/news/articleView.html?idxno=3000396
420,"볼보차 신형 S90, 사전계약 1,000대 돌파",http://www.osen.co.kr/article/G1111407363
421,"볼보자동차 공식딜러 코오롱오토모티브, 'KOLON AUTOMOTIVE DAY' 행사 막내려",http://www.sisamagazine.co.kr/news/articleView.html?idxno=415373
422,"9월에 신형 S90 띄우는 볼보 ""E클래스·5시리즈 잡겠다""",https://www.hankyung.com/economy/article/2020072991961
423,"[테슬라 섯거라, 전기차 달린다④] 볼보 신형 S90 하이브리드",http://www.seoulwire.com/news/articleView.html?idxno=426337
424,국내 첫 통합형 인포테인먼트 탑재한 볼보車 잇단 출시,https://www.newsclaim.co.kr/news/articleView.html?idxno=3000396
425,"볼보 세단 라인업 S60·S90, 볼보자동차코리아 2분기 판매 성장 주역",http://news.mt.co.kr/mtview.php?no=2020072413510839713
426,‘손흥민과 함께 뛴다’ 볼보 S90 출격에 E·5·A 긴장,http://www.thedrive.co.kr/news/newsview.php?ncode=1065601583983179
427,"손흥민 선수가 선택한 '볼보, 신형 S90' 출격 준비… 독일 3사 '긴장'",http://digitalchosun.dizzo.com/site/data/html_dir/2020/07/23/2020072380228.html
428,S90 상반기 실적 최다 기록… 플래그십 세단다운 면모 과시,http://www.enewstoday.co.kr/news/articleView.html?idxno=1497894
429,"볼보, 4년 만에 더 넓어진 럭셔리 세단 S90 출시",http://www.munhwa.com/news/view.html?no=20200901MW101249514297
430,"볼보자동차, 신형 S90 사전계약 1000대 돌파",http://www.nspna.com/news/?mode=view&newsid=444521
431,"볼보자동차 공식딜러 코오롱오토모티브, 'KOLON AUTOMOTIVE DAY' 행사 막내려",http://www.sisamagazine.co.kr/news/articleView.html?idxno=415373
432,"9월에 신형 S90 띄우는 볼보 ""E클래스·5시리즈 잡겠다""",https://www.hankyung.com/economy/article/2020072991961
433,"[테슬라 섯거라, 전기차 달린다④] 볼보 신형 S90 하이브리드",http://www.seoulwire.com/news/articleView.html?idxno=426337
434,국내 첫 통합형 인포테인먼트 탑재한 볼보車 잇단 출시,https://www.newsclaim.co.kr/news/articleView.html?idxno=3000396
435,"볼보 세단 라인업 S60·S90, 볼보자동차코리아 2분기 판매 성장 주역",http://news.mt.co.kr/mtview.php?no=2020072413510839713
436,‘손흥민과 함께 뛴다’ 볼보 S90 출격에 E·5·A 긴장,http://www.thedrive.co.kr/news/newsview.php?ncode=1065601583983179
437,"손흥민 선수가 선택한 '볼보, 신형 S90' 출격 준비… 독일 3사 '긴장'",http://digitalchosun.dizzo.com/site/data/html_dir/2020/07/23/2020072380228.html
438,S90 상반기 실적 최다 기록… 플래그십 세단다운 면모 과시,http://www.enewstoday.co.kr/news/articleView.html?idxno=1497894
439,"볼보, 4년 만에 더 넓어진 럭셔리 세단 S90 출시",http://www.munhwa.com/news/view.html?no=20200901MW101249514297
440,"볼보자동차, 신형 S90 사전계약 1000대 돌파",http://www.newsis.com/view/?id=NISX20200730_0001112832&cID=13001&pID=13000
441,"볼보자동차 공식딜러 코오롱오토모티브, 'KOLON AUTOMOTIVE DAY' 행사 막내려",http://www.sisamagazine.co.kr/news/articleView.html?idxno=415373
442,"9월에 신형 S90 띄우는 볼보 ""E클래스·5시리즈 잡겠다""",https://www.hankyung.com/economy/article/2020072991961
443,"[테슬라 섯거라, 전기차 달린다④] 볼보 신형 S90 하이브리드",http://www.seoulwire.com/news/articleView.html?idxno=426337
444,국내 첫 통합형 인포테인먼트 탑재한 볼보車 잇단 출시,https://www.newsclaim.co.kr/news/articleView.html?idxno=3000396
445,"볼보 세단 라인업 S60·S90, 볼보자동차코리아 2분기 판매 성장 주역",http://news.mt.co.kr/mtview.php?no=2020072413510839713
446,‘손흥민과 함께 뛴다’ 볼보 S90 출격에 E·5·A 긴장,http://www.thedrive.co.kr/news/newsview.php?ncode=1065601583983179
447,"손흥민 선수가 선택한 '볼보, 신형 S90' 출격 준비… 독일 3사 '긴장'",http://digitalchosun.dizzo.com/site/data/html_dir/2020/07/23/2020072380228.html
448,S90 상반기 실적 최다 기록… 플래그십 세단다운 면모 과시,http://www.enewstoday.co.kr/news/articleView.html?idxno=1497894
449,"볼보, 4년 만에 더 넓어진 럭셔리 세단 S90 출시",http://www.munhwa.com/news/view.html?no=20200901MW101249514297
450,국내 첫 통합형 인포테인먼트 탑재한 볼보車 잇단 출시,https://www.newsclaim.co.kr/news/articleView.html?idxno=3000396
451,"볼보 세단 라인업 S60·S90, 볼보자동차코리아 2분기 판매 성장 주역",http://news.mt.co.kr/mtview.php?no=2020072413510839713
452,‘손흥민과 함께 뛴다’ 볼보 S90 출격에 E·5·A 긴장,http://www.thedrive.co.kr/news/newsview.php?ncode=1065601583983179
453,"손흥민 선수가 선택한 '볼보, 신형 S90' 출격 준비… 독일 3사 '긴장'",http://digitalchosun.dizzo.com/site/data/html_dir/2020/07/23/2020072380228.html
454,S90 상반기 실적 최다 기록… 플래그십 세단다운 면모 과시,http://www.enewstoday.co.kr/news/articleView.html?idxno=1497894
455,"볼보, 4년 만에 더 넓어진 럭셔리 세단 S90 출시",http://www.munhwa.com/news/view.html?no=20200901MW101249514297
456,[HS포토] 볼보 플래그십 세단 신형 S90 국내 공식 출시(영상),http://www.sporbiz.co.kr/news/articleView.html?idxno=466748
457,"볼보, 신형 S90국내 사양 최초 공개…13일부터 사전계약 실시",http://www.cstimes.com/news/articleView.html?idxno=422124
458,"볼보자동차코리아, 신형 S90국내 사양 최초 공개.. 사전계약 실시",http://www.wikileaks-kr.org/news/articleView.html?idxno=90807
459,"[자동차오늘] 기아차, 4세대 카니발 내장 공개…볼보자동차코리아, 신형 S90 사전계약 실시",http://www.sisaon.co.kr/news/articleView.html?idxno=115456
460,"볼보, 플래그십 세단 '신형 S90' 9월 투입…獨 3강 아성 넘본다",http://www.etnews.com/20200714000151
461,"볼보자동차코리아, 신형 S90국내 사양 최초 공개.. 사전계약 실시",http://www.wikileaks-kr.org/news/articleView.html?idxno=90807
462,"[자동차오늘] 기아차, 4세대 카니발 내장 공개…볼보자동차코리아, 신형 S90 사전계약 실시",http://www.sisaon.co.kr/news/articleView.html?idxno=115456
463,"‘손흥민 車’ 볼보 S90, 국내 공식 출시",http://news.kmib.co.kr/article/view.asp?arcid=0014966439&code=61172011&cp=nv
464,"[포토]'사전계약만 2500대' 볼보, 신형 S90 출시",http://news.bizwatch.co.kr/article/industry/2020/09/01/0007/naver
465,"볼보코리아, 신형 S90 사전계약 16일만에 1000대 돌파",https://www.news1.kr/articles/?4011286
466,"볼보, 신형 S90 캠페인 모델에 '축구선수 손흥민' 선정",http://www.cstimes.com/news/articleView.html?idxno=421580
467,"[자동차오늘] 현대차, 이달 출시 '올 뉴 아반떼 N라인' 렌더링 공개…볼보자동차, 브랜드·S90 홍보대사에 손흥민 선정",http://www.sisaon.co.kr/news/articleView.html?idxno=115270
468,"볼보자동차코리아, 신형 S90 캠페인 모델에 축구선수 손흥민 선정",http://www.efnews.co.kr/news/articleView.html?idxno=85583
469,"""벤츠 대신 볼보 탄다""… S90 홍보하는 손흥민",http://moneys.mt.co.kr/news/mwView.php?no=2020070816508078528
470,"볼보, 신형 S90 사전계약 실시..친환경 전동화로 무장(武裝)",http://www.dailycar.co.kr/content/news.html?type=view&autoId=37046
471,"[자동차오늘] 기아차, 4세대 카니발 내장 공개…볼보자동차코리아, 신형 S90 사전계약 실시",http://www.sisaon.co.kr/news/articleView.html?idxno=115456
472,"‘손흥민 車’ 볼보 S90, 국내 공식 출시",http://news.kmib.co.kr/article/view.asp?arcid=0014966439&code=61172011&cp=nv
473,"[포토]'사전계약만 2500대' 볼보, 신형 S90 출시",http://news.bizwatch.co.kr/article/industry/2020/09/01/0007/naver
474,"볼보코리아, 신형 S90 사전계약 16일만에 1000대 돌파",https://www.news1.kr/articles/?4011286
475,"볼보, 신형 S90 캠페인 모델에 '축구선수 손흥민' 선정",http://www.cstimes.com/news/articleView.html?idxno=421580
476,"[자동차오늘] 현대차, 이달 출시 '올 뉴 아반떼 N라인' 렌더링 공개…볼보자동차, 브랜드·S90 홍보대사에 손흥민 선정",http://www.sisaon.co.kr/news/articleView.html?idxno=115270
477,"볼보자동차코리아, 신형 S90 캠페인 모델에 축구선수 손흥민 선정",http://www.efnews.co.kr/news/articleView.html?idxno=85583
478,"""벤츠 대신 볼보 탄다""… S90 홍보하는 손흥민",http://moneys.mt.co.kr/news/mwView.php?no=2020070816508078528
479,안전 대명사 볼보 'S90' 흥행 예감..사전판매 1000대 넘은 비결,http://news.mt.co.kr/mtview.php?no=2020080416330510536
480,볼보 신형 S90 제원 공개...“수입 대형세단이 6000만원”,http://inthenews.co.kr/article-58304/
481,"‘손흥민 車’ 볼보 S90, 국내 공식 출시",http://news.kmib.co.kr/article/view.asp?arcid=0014966439&code=61172011&cp=nv
482,"[포토]'사전계약만 2500대' 볼보, 신형 S90 출시",http://news.bizwatch.co.kr/article/industry/2020/09/01/0007/naver
483,"볼보코리아, 신형 S90 사전계약 16일만에 1000대 돌파",https://www.news1.kr/articles/?4011286
484,"볼보, 신형 S90 캠페인 모델에 '축구선수 손흥민' 선정",http://www.cstimes.com/news/articleView.html?idxno=421580
485,"[자동차오늘] 현대차, 이달 출시 '올 뉴 아반떼 N라인' 렌더링 공개…볼보자동차, 브랜드·S90 홍보대사에 손흥민 선정",http://www.sisaon.co.kr/news/articleView.html?idxno=115270
486,"볼보자동차코리아, 신형 S90 캠페인 모델에 축구선수 손흥민 선정",http://www.efnews.co.kr/news/articleView.html?idxno=85583
487,"""벤츠 대신 볼보 탄다""… S90 홍보하는 손흥민",http://moneys.mt.co.kr/news/mwView.php?no=2020070816508078528
488,안전 대명사 볼보 'S90' 흥행 예감..사전판매 1000대 넘은 비결,http://news.mt.co.kr/mtview.php?no=2020080416330510536
489,"[시승기] 스웨디시 프리미엄 세단 '볼보, S90 T5'",http://www.cstimes.com/news/articleView.html?idxno=420818
490,"볼보, 신형 S90 캠페인 모델에 '축구선수 손흥민' 선정",http://www.cstimes.com/news/articleView.html?idxno=421580
491,"[자동차오늘] 현대차, 이달 출시 '올 뉴 아반떼 N라인' 렌더링 공개…볼보자동차, 브랜드·S90 홍보대사에 손흥민 선정",http://www.sisaon.co.kr/news/articleView.html?idxno=115270
492,"볼보자동차코리아, 신형 S90 캠페인 모델에 축구선수 손흥민 선정",http://www.efnews.co.kr/news/articleView.html?idxno=85583
493,"""벤츠 대신 볼보 탄다""… S90 홍보하는 손흥민",http://moneys.mt.co.kr/news/mwView.php?no=2020070816508078528
494,안전 대명사 볼보 'S90' 흥행 예감..사전판매 1000대 넘은 비결,http://news.mt.co.kr/mtview.php?no=2020080416330510536
495,"[시승기] 스웨디시 프리미엄 세단 '볼보, S90 T5'",http://www.cstimes.com/news/articleView.html?idxno=420818
496,"넓어진 실내 공간 볼보S90 주목도 껑충... 3개트림 가격은 6030만원, 6690만원, 8540만원",http://www.g-enews.com/ko-kr/news/article/news_all/2020092008495175334e4869c120_1/article.html
497,볼보 신형 S90 사전계약 1천대,http://www.consumuch.com/news/articleView.html?idxno=50001
498,8부 능선 넘었다…목표 달성 노리는 볼보자동차,https://www.ceoscoredaily.com/page/view/2021111610454294725
499,"볼보코리아, 드라마 '사이코지만 괜찮아'에 XC90·S90 협찬",http://www.newspim.com/news/view/20200724000456
