,title,url
0,"폭스바겐 ‘아테온’, 5월에 사면 혜택 더 풍성",http://www.fnnews.com/news/202205081800502713
1,"폭스바겐코리아, '마이 패밀리 마이 폭스바겐' 캠페인",https://www.news1.kr/articles/?4667206
2,"전기차 한 대 없는 폭스바겐, 포르쉐에도 밀렸다",http://www.enewstoday.co.kr/news/articleView.html?idxno=1568255
3,찬밥 신세된 디젤...푸조·폭스바겐 고집 꺾었다,https://economist.co.kr/2022/04/21/industry/normal/20220421180002871.html
4,"폭스바겐코리아, 5월 '마이 패밀리 마이 폭스바겐 캠페인' 실시",http://www.sportsseoul.com/news/read/1120389?ref=naver
5,폭스바겐 '수입차 대중화' 가시밭서 날개 편다,http://www.econovill.com/news/articleView.html?idxno=574403
6,"[車뷰] ‘5월 가정의 달’ 폭스바겐·혼다, 할인·증정…넥센타이어, 80주년 기념 선물",http://theviewers.co.kr/View.aspx?No=2300936
7,한국소비자 ‘봉’ 취급하는 폭스바겐…아직도 끝나지 않은 디젤게이트,http://moneys.mt.co.kr/news/mwView.php?no=2022041421058084884
8,"폭스바겐, '봄맞이 리프레쉬' 프로모션 진행",http://www.mediapen.com/news/view/715834
9,"폭스바겐 '티구안', EGR 쿨러 등 '제작결함'…안전위협 리콜",https://idsn.co.kr/news/view/1065606293078776
10,[원호연의 시승기 - 폭스바겐 더 뉴 티구안] 돋보이는 내부공간·실용성…편의·안전 더하고 가격 낮추고,http://news.heraldcorp.com/view.php?ud=20211207000456
11,[원호연의 시승기] 오래된 친구가 돌아왔다…폭스바겐 더 뉴 티구안,http://news.heraldcorp.com/view.php?ud=20211206000765
12,[시승기] 부담을 덜어낸 스테디셀링 SUV의 귀환…폭스바겐 티구안 4모션 시승기,https://hankookilbo.com/News/Read/A2021081607500001509?did=NA
13,폭스바겐 골프·티구안에 국산 타이어 깔렸다,http://news.mk.co.kr/newsRead.php?no=253063&year=2022
14,"'벤츠·BMW 떨고 있니'...폭스바겐, 신형 티구안 선보여",http://www.g-enews.com/ko-kr/news/article/news_all/2021071509223499827bdb7041ec_1/article.html
15,"쏘렌토, 자동차 본고장서 티구안 넘다",http://news.heraldcorp.com/view.php?ud=20211214000349
16,"기아 쏘렌토, 獨 대표 SUV ‘티구안 올스페이스’ 넘어서다",http://news.heraldcorp.com/view.php?ud=20211213000448
17,"폭스바겐, 티구안 올스페이스 국내 출시 속도…내달 사전예약 돌입",https://www.ceoscoredaily.com/page/view/2022021014540274550
18,110mm 긴 폭스바겐 7인승 '티구안 올스페이스' 신형 모델 12일 전격 공개,http://www.autodaily.co.kr/news/articleView.html?idxno=427359
19,단돈 3천만 원대에 살 수 있어 '생애 첫 차'로 딱이라 소문 난 독일 SUV '티구안',https://www.insight.co.kr/news/358398
20,"폭스바겐 제타·티구안 ""충돌안전성 기준 미달 낙제점"" 국토부, 적합조사 예정",http://www.bizwnews.com/news/articleView.html?idxno=30801
21,폭스바겐 티구안 등 2개 차종 2355대 EGR 리콜,https://www.ebn.co.kr/news/view/1515926/?sc=Naver
22,폭스바겐 제타·티구안 안전도 ‘낙제점’…결함조사 예고,https://news.kbs.co.kr/news/view.do?ncd=5354078&ref=A
23,"폭스바겐, 티구안 1만대 돌파…수입차 시장 판도 흔드나",http://www.wolyo.co.kr/news/articleView.html?idxno=112617
24,"폭스바겐 티구안·제타, 자동차안전도평가 기준 미달",https://news.kbs.co.kr/news/view.do?ncd=5353436&ref=A
25,"폭스바겐 '티구안', 10월 수입 베스트셀링카 1위 등극",http://digitalchosun.dizzo.com/site/data/html_dir/2020/11/04/2020110480180.html
26,중고차 성수기 돌입…4월 쏘나타·티볼리·SM6·티구안 시세 상승,https://www.viva100.com/main/view.php?key=20220406010001472
27,"폭스바겐 티구안, 소비자 선정 '올해의 차' 수입 SUV 부문 1위",http://www.cstimes.com/news/articleView.html?idxno=433653
28,가성비 끝판왕! 폭스바겐 더 뉴 티구안[SS시승기],http://www.sportsseoul.com/news/read/1078564?ref=naver
29,"쏘렌토, SUV명가 독일서 폭스바겐 티구안 제쳤다",http://news.mk.co.kr/newsRead.php?no=1121678&year=2021
30,"폭스바겐, 티구안 이어 제타도 혜택 줄였다",https://www.ceoscoredaily.com/page/view/2021110300351352616
31,"[시승기] 한층 더 발전된 스테디셀링 모델의 가치, 폭스바겐 더 뉴 티구안 2.0 TDI 프레스티지",https://hankookilbo.com/News/Read/A2021102909110002803?did=NA
32,"폭스바겐, ‘화재 우려’ PHEV 10만대 리콜…“배터리 문제 아냐”",http://www.edaily.co.kr/news/newspath.asp?newsid=03545686632292840
33,"폭스바겐코리아 '티구안 프로모션 축소'에 소비자 황당…""계약 취소할 것""",http://www.wolyo.co.kr/news/articleView.html?idxno=124345
34,"[자유로 연비] 7인승의 여유, ‘폭스바겐 티구안 올스페이스’의 자유로 연비는?",https://hankookilbo.com/News/Read/A2020070614520001878?did=NA
35,폭스바겐 '티구안' 국내 누적 판매 5만대 돌파... 수입 SUV 유일,http://www.meconomynews.com/news/articleView.html?idxno=43048
36,폭스바겐 티구안 '케어프리서비스'로 유지비용 저렴하게,http://www.fnnews.com/news/202006121947292103
37,"폭스바겐, 티구안 잘나가는 비결…""부담 낮춘 가격·유지보수비""",http://www.edaily.co.kr/news/newspath.asp?newsid=03020886625801064
38,"폭스바겐, 화재 우려로 10만대 리콜…탑재 삼성 배터리와는 무관",http://www.epnc.co.kr/news/articleView.html?idxno=221646
39,[김대호 박사의 오늘 기업·사람] 폭스바겐·구글·KT·현대중공업,https://biz.sbs.co.kr/article_hub/20000057100?division=NAVER
40,"수입차 MZ세대 구매비중 일제 하락...미니·폭스바겐 1, 2위 질주에 지프 급상승",http://www.consumernews.co.kr/news/articleView.html?idxno=646561
41,"폭스바겐, 제타 이어 티구안 흥행가도… 품질보증·가성비 통했다",http://www.sisaweek.com/news/articleView.html?idxno=147758
42,"폭스바겐 티구안, 2개월 연속 수입차 판매 1위… “아직 끝나지 않았다”",http://www.donga.com/news/article/all/20200507/100949821/2
43,[자유로 연비] 디테일의 개선을 통해 상품성을 더한 ‘폭스바겐 더 뉴 티구안’의 효율성은?,https://hankookilbo.com/News/Read/A2021100720240002732?did=NA
44,"골프·티구안 생산 폭스바겐 獨 공장, 63년 만에 최저치 생산량 기록",http://www.autodaily.co.kr/news/articleView.html?idxno=430002
45,"[시승기]'괜히 1등 아니야'...폭스바겐 티구안, 수입차 대중화 이끌어",http://www.g-enews.com/ko-kr/news/article/news_all/2021092709390469747bdb7041ec_1/article.html
46,"폭스바겐그룹, 골프 등 PHEV 10만여대 화재 위험성 이유로 전 세계서 리콜",http://www.autodaily.co.kr/news/articleView.html?idxno=432595
47,유럽 최애 SUV 폭스바겐 티구안...'35초 마다 한 대씩 생산',http://www.digitaltoday.co.kr/news/articleView.html?idxno=231079
48,폭스바겐 SUV 티구안 3박 4일 시승 진행,http://www.edaily.co.kr/news/newspath.asp?newsid=03243926625738088
49,화제의 드라마 킬힐…폭스바겐 라인업 '총출동',http://www.mediapen.com/news/view/710852
50,"'수입 SUV 1위 뺏을 만하네!""...가격 최대 240만원 낮춘 3천만원대 폭스바겐 티구안",http://news.mk.co.kr/newsRead.php?no=916138&year=2021
51,"할인의 힘, 폭스바겐 티구안…3월 수입 베스트셀링카 등극",http://www.edaily.co.kr/news/newspath.asp?newsid=01416966625733824
52,"폭스바겐의 신형 티구안, 3월 수입차 판매량 1위 기록 '인기'",http://www.sportsseoul.com/news/read/901703?ref=naver
53,[시승기] 선택할 수 있는 ‘신뢰도 높은 SUV’ 폭스바겐 티구안,http://www.hankookilbo.com/news/npath/202003310947084877?did=NA
54,"출시 준비 들어간 티구안 F/L모델, 첨단 운전지원시스템 장착",http://www.autodaily.co.kr/news/articleView.html?idxno=427455
55,[시승기] 최저 3000만원대 SUV 폭스바겐 ‘티구안’,https://biz.chosun.com/industry/car/2021/09/21/XPF6Z42M55H3PDQ7KPE5YRNN7M/?utm_source=naver&utm_medium=original&utm_campaign=biz
56,폭스바겐 사륜구동 '티구안' 출시,http://www.fnnews.com/news/202003201657462719
57,"수입차 3위 쟁탈전 열기, 아우디·폭스바겐·볼보 3파전",http://www.sisaweek.com/news/articleView.html?idxno=152695
58,중형SUV 지존은 누구? 3년간 팽팽한 접전 펼치는 벤츠 GLC vs. 폭스바겐 티구안,http://www.consumernews.co.kr/news/articleView.html?idxno=605132
59,[신차드라이브] 500만 베스트셀러 '폭스바겐 티구안'의 이유있는 변신,http://www.etnews.com/20200312000126
60,"수입 SUV 1위 꿰찬 '뉴 티구안', 폭스바겐 1만대 클럽 안착",https://www.news1.kr/articles/?4435840
61,"[시승기] 아쉬움과 매력이 반반 '폭스바겐 신형 티구안'…""존재감은 확실""",http://www.bizwnews.com/news/articleView.html?idxno=27560
62,"[문기자의 카리뷰] ""적수가 없다""…폭스바겐 신형 티구안",https://zdnet.co.kr/view/?no=20210918202853
63,"볼보에 밀린 폭스바겐, 가솔린·전동화 라인업 늘려 빅4 탈환 노린다",http://www.consumernews.co.kr/news/articleView.html?idxno=644685
64,"폭스바겐, 인증 문제로 멈췄던 신형 티구안 출고 8일부터 재개",http://www.autodaily.co.kr/news/articleView.html?idxno=429307
65,"[Hot!신차] <23> 폭스바겐 뉴 티구안, 3000만원대로 한국소비자 유혹",https://daily.hankooki.com/lpage/column/202109/dh20210906152204145650.htm?s_ref=nv
66,문세윤 '폭스바겐 티구안' 타고 본격 차박예능 시작,http://www.mediapen.com/news/view/493295
67,새 티구안과 폭스바겐의 대중화 전략,https://www.motortrendkorea.com/sub/view.html?no=5830&cate1Name=COLUMN
68,‘가격 파괴’ 폭스바겐 티구안…‘가성비 끝판왕’으로 진화,http://news.mk.co.kr/v2/economy/view.php?year=2021&no=847657
69,"폭스바겐, 티구안 출고지연... ""일주일 내 정상화될 것""",https://www.ceoscoredaily.com/page/view/2021090115040216148
70,"폭스바겐, 티구안·골프 '투 트랙'…볼보 누르고 수입차 4위 굳힐까",https://www.asiatoday.co.kr/view.php?key=20210831010017601
71,국산차 싫고 수입차는 비싸다?…'극강의 가성비' 폭스바겐 티구안[차알못시승기],http://news.mt.co.kr/mtview.php?no=2021082015224821564
72,"[시승기] ""만능 육각형 선수 등장이요""…폭스바겐 티구안, 심플함 속 알찬 매력",http://www.sisaon.co.kr/news/articleView.html?idxno=131559
73,"[시승기] 폭스바겐 신형 티구안, 장점 셋! 단점 둘!",https://www.asiatime.co.kr/article/20210825500309
74,"폭스바겐 '신형 티구안', 수입차 ADAS 시스템 표준 기준 높인다… 첨단 운전자 보조 시스템 전 트림 기본 탑재",http://digitalchosun.dizzo.com/site/data/html_dir/2021/08/25/2021082580087.html
75,"4배 잘팔린 티구안, 수입 SUV 왕좌 `우뚝`",http://www.dt.co.kr/contents.html?article_no=2021040202101332031001&ref=naver
76,"폭스바겐 ‘티구안’, 11월 수입차 베스트셀링 1위",http://www.newstomato.com/ReadNews.aspx?no=937968
77,[시승기] '명불허전' 고연비 폭스바겐 SUV '더 뉴 티구안'...가성비 좋은 패밀리카로 딱,http://www.consumernews.co.kr/news/articleView.html?idxno=633857
78,"7인승 독일차가 4300만원…티구안 올스페이스, '티 나는' 매력 분석",http://news.mk.co.kr/newsRead.php?no=310549&year=2021
79,‘폭스바겐 티구안’ ‘지프 체로키’ ‘푸조 5008’ 포함 1만2천여 대 리콜,http://www.businesspost.co.kr/BP?command=article_view&num=153409
80,"[시승]이러니 다들 반하지, 폭스바겐 티구안",http://autotimes.hankyung.com/apps/news.sub_view?popup=0&nid=02&c1=02&c2=02&c3=00&nkey=202108231417151
81,"[시승기] 난타 강사, 이지선의 폭스바겐 티구안 시승기",http://www.hankookilbo.com/news/npath/201911181711034540?did=NA
82,"[시승기] 캠핑 마니아의 눈으로 바라본 폭스바겐의 스테디셀러, 티구안 시승기",http://www.hankookilbo.com/news/npath/201911140611347631?did=NA
83,"하반기 출시 폭스바겐 'ID.4', 가격도 안 나왔는데 벌써 2천대 넘게 계약",http://www.autodaily.co.kr/news/articleView.html?idxno=432877
84,"[자유로 연비] TDI 엔진과 4MOTION의 만남, '폭스바겐 티구안'의 자유로 연비는?",http://www.hankookilbo.com/news/npath/201910310813079117?did=NA
85,"폭스바겐, 11번가 사전계약 ‘티구안’ 물량 인도 개시",http://www.newstomato.com/ReadNews.aspx?no=929319
86,"[시승기] 폭스바겐 티구안, 부드러운 주행감에 연비까지 '착하네'",https://www.econovill.com/news/articleView.html?idxno=545981
87,[시승기] '가성비'로 돌아온 기본기의 대명사 폭스바겐 '더 뉴 티구안',https://view.asiae.co.kr/article/2021081514111409541
88,"(시승기)폭스바겐 티구안, 탄탄한 기본기 갖춘 SUV",http://www.newstomato.com/ReadNews.aspx?no=1066897&inflow=N
89,"[시승기] 가성비 끝판왕, 폭스바겐 더 뉴 티구안",https://www.ceoscoredaily.com/page/view/2021081312481656071
90,완전체 된 폭스바겐 티구안... 판매 탄력 붙는다,https://www.ceoscoredaily.com/page/view/2021081110072166442
91,폭스바겐 “신형 티구안으로 한국 점유율 확대”,https://www.donga.com/news/article/all/20210811/108512665/1
92,"[시승기] 티구안 ""기본기 의심하지마 이거 폭스바겐꺼야""",https://www.ebn.co.kr/news/view/1495990/?sc=Naver
93,[시승기] “수입차 대중화 선도”… 폭스바겐 ‘티구안’ 자리잡았다,http://biz.newdaily.co.kr/site/data/html/2021/08/17/2021081700046.html
94,[시승기] “다 좋다! 그러나 꼭 반친화 디젤 SUV 필요했나”..폭스바겐 신형 티구안,http://www.dailycar.co.kr/content/news.html?type=view&autoId=40510
95,"[시승기] 폭스바겐, 신형 ‘티구안’ 수입 SUV 재평정나선다",https://www.dnews.co.kr/uhtml/view.jsp?idxno=202108141523183920117
96,"월간십일절 티구안 도대체 뭐지 폭스바겐 피크닉세트 '그냥 공짜로 준다고'…퀴즈는 참 쉽지요 ""폭스바겐 티구안은 몇 년도 모델"" 과연 정답은",http://www.econonews.co.kr/news/articleView.html?idxno=85938
97,"폭스바겐코리아, 2020년형 티구안 가격 공개 및 11번가 통한 특별 사전예약 개시",https://www.insight.co.kr/news/244578
98,"‘인기 폭발’ 폭스바겐 티구안, 벤츠 E클래스 ‘위협’",http://www.rpm9.com/news/article.html?id=20210903090010
99,폭스바겐 신형 티구안 광고 공개 및 이벤트 실시,http://www.sportsseoul.com/news/read/1056001?ref=naver
100,"폭스바겐 ""베스트셀러 SUV '티구안' 3박 4일 시승하세요""",http://www.fnnews.com/news/202004201419195557
101,화제의 드라마 킬힐…폭스바겐 라인업 '총출동',http://www.mediapen.com/news/view/710852
102,"'수입 SUV 1위 뺏을 만하네!""...가격 최대 240만원 낮춘 3천만원대 폭스바겐 티구안",http://news.mk.co.kr/newsRead.php?no=916138&year=2021
103,"할인의 힘, 폭스바겐 티구안…3월 수입 베스트셀링카 등극",http://www.edaily.co.kr/news/newspath.asp?newsid=01416966625733824
104,"폭스바겐의 신형 티구안, 3월 수입차 판매량 1위 기록 '인기'",http://www.sportsseoul.com/news/read/901703?ref=naver
105,[시승기] 선택할 수 있는 ‘신뢰도 높은 SUV’ 폭스바겐 티구안,http://www.hankookilbo.com/news/npath/202003310947084877?did=NA
106,"출시 준비 들어간 티구안 F/L모델, 첨단 운전지원시스템 장착",http://www.autodaily.co.kr/news/articleView.html?idxno=427455
107,[시승기] 최저 3000만원대 SUV 폭스바겐 ‘티구안’,https://biz.chosun.com/industry/car/2021/09/21/XPF6Z42M55H3PDQ7KPE5YRNN7M/?utm_source=naver&utm_medium=original&utm_campaign=biz
108,폭스바겐 사륜구동 '티구안' 출시,http://www.fnnews.com/news/202003201657462719
109,"수입차 3위 쟁탈전 열기, 아우디·폭스바겐·볼보 3파전",http://www.sisaweek.com/news/articleView.html?idxno=152695
110,"폭스바겐 티구안, 3월 수입차 베스트셀링카 등극",http://www.ebn.co.kr/news/view/1422803/?sc=naver
111,[시승기] 선택할 수 있는 ‘신뢰도 높은 SUV’ 폭스바겐 티구안,http://www.hankookilbo.com/news/npath/202003310947084877?did=NA
112,"폭스바겐코리아·11번가, ‘티구안’ 장기 시승 프로그램 진행",http://www.nspna.com/news/?mode=view&newsid=424295
113,"출시 준비 들어간 티구안 F/L모델, 첨단 운전지원시스템 장착",http://www.autodaily.co.kr/news/articleView.html?idxno=427455
114,[시승기] 최저 3000만원대 SUV 폭스바겐 ‘티구안’,https://biz.chosun.com/industry/car/2021/09/21/XPF6Z42M55H3PDQ7KPE5YRNN7M/?utm_source=naver&utm_medium=original&utm_campaign=biz
115,폭스바겐 사륜구동 '티구안' 출시,http://www.fnnews.com/news/202003201657462719
116,"수입차 3위 쟁탈전 열기, 아우디·폭스바겐·볼보 3파전",http://www.sisaweek.com/news/articleView.html?idxno=152695
117,중형SUV 지존은 누구? 3년간 팽팽한 접전 펼치는 벤츠 GLC vs. 폭스바겐 티구안,http://www.consumernews.co.kr/news/articleView.html?idxno=605132
118,[신차드라이브] 500만 베스트셀러 '폭스바겐 티구안'의 이유있는 변신,http://www.etnews.com/20200312000126
119,"폭스바겐 티구안, 2달연속 수입차 월간 베스트셀링카 유지",http://www.gpkorea.com/news/articleView.html?idxno=63922
120,"폭스바겐 티구안, '3월 베스트셀링카 1위'로 수입 SUV 최강자 자리 굳건히 지켜",https://www.insight.co.kr/news/277172
121,"폭스바겐 티구안, 2달연속 수입차 월간 베스트셀링카 유지",http://www.gpkorea.com/news/articleView.html?idxno=63922
122,"수입 SUV 1위 꿰찬 '뉴 티구안', 폭스바겐 1만대 클럽 안착",https://www.news1.kr/articles/?4435840
123,"[시승기] 아쉬움과 매력이 반반 '폭스바겐 신형 티구안'…""존재감은 확실""",http://www.bizwnews.com/news/articleView.html?idxno=27560
124,"[문기자의 카리뷰] ""적수가 없다""…폭스바겐 신형 티구안",https://zdnet.co.kr/view/?no=20210918202853
125,"볼보에 밀린 폭스바겐, 가솔린·전동화 라인업 늘려 빅4 탈환 노린다",http://www.consumernews.co.kr/news/articleView.html?idxno=644685
126,"폭스바겐, 인증 문제로 멈췄던 신형 티구안 출고 8일부터 재개",http://www.autodaily.co.kr/news/articleView.html?idxno=429307
127,"[Hot!신차] <23> 폭스바겐 뉴 티구안, 3000만원대로 한국소비자 유혹",https://daily.hankooki.com/lpage/column/202109/dh20210906152204145650.htm?s_ref=nv
128,문세윤 '폭스바겐 티구안' 타고 본격 차박예능 시작,http://www.mediapen.com/news/view/493295
129,새 티구안과 폭스바겐의 대중화 전략,https://www.motortrendkorea.com/sub/view.html?no=5830&cate1Name=COLUMN
130,새 티구안과 폭스바겐의 대중화 전략,https://www.motortrendkorea.com/sub/view.html?no=5830&cate1Name=COLUMN
131,‘가격 파괴’ 폭스바겐 티구안…‘가성비 끝판왕’으로 진화,http://news.mk.co.kr/v2/economy/view.php?year=2021&no=847657
132,"폭스바겐, 티구안 출고지연... ""일주일 내 정상화될 것""",https://www.ceoscoredaily.com/page/view/2021090115040216148
133,"폭스바겐, 티구안·골프 '투 트랙'…볼보 누르고 수입차 4위 굳힐까",https://www.asiatoday.co.kr/view.php?key=20210831010017601
134,국산차 싫고 수입차는 비싸다?…'극강의 가성비' 폭스바겐 티구안[차알못시승기],http://news.mt.co.kr/mtview.php?no=2021082015224821564
135,"[시승기] ""만능 육각형 선수 등장이요""…폭스바겐 티구안, 심플함 속 알찬 매력",http://www.sisaon.co.kr/news/articleView.html?idxno=131559
136,"[시승기] 폭스바겐 신형 티구안, 장점 셋! 단점 둘!",https://www.asiatime.co.kr/article/20210825500309
137,"폭스바겐 '신형 티구안', 수입차 ADAS 시스템 표준 기준 높인다… 첨단 운전자 보조 시스템 전 트림 기본 탑재",http://digitalchosun.dizzo.com/site/data/html_dir/2021/08/25/2021082580087.html
138,"4배 잘팔린 티구안, 수입 SUV 왕좌 `우뚝`",http://www.dt.co.kr/contents.html?article_no=2021040202101332031001&ref=naver
139,"폭스바겐 ‘티구안’, 11월 수입차 베스트셀링 1위",http://www.newstomato.com/ReadNews.aspx?no=937968
140,[시승기] '명불허전' 고연비 폭스바겐 SUV '더 뉴 티구안'...가성비 좋은 패밀리카로 딱,http://www.consumernews.co.kr/news/articleView.html?idxno=633857
141,"7인승 독일차가 4300만원…티구안 올스페이스, '티 나는' 매력 분석",http://news.mk.co.kr/newsRead.php?no=310549&year=2021
142,‘폭스바겐 티구안’ ‘지프 체로키’ ‘푸조 5008’ 포함 1만2천여 대 리콜,http://www.businesspost.co.kr/BP?command=article_view&num=153409
143,"[시승]이러니 다들 반하지, 폭스바겐 티구안",http://autotimes.hankyung.com/apps/news.sub_view?popup=0&nid=02&c1=02&c2=02&c3=00&nkey=202108231417151
144,"[시승기] 난타 강사, 이지선의 폭스바겐 티구안 시승기",http://www.hankookilbo.com/news/npath/201911181711034540?did=NA
145,"[시승기] 캠핑 마니아의 눈으로 바라본 폭스바겐의 스테디셀러, 티구안 시승기",http://www.hankookilbo.com/news/npath/201911140611347631?did=NA
146,"하반기 출시 폭스바겐 'ID.4', 가격도 안 나왔는데 벌써 2천대 넘게 계약",http://www.autodaily.co.kr/news/articleView.html?idxno=432877
147,"[자유로 연비] TDI 엔진과 4MOTION의 만남, '폭스바겐 티구안'의 자유로 연비는?",http://www.hankookilbo.com/news/npath/201910310813079117?did=NA
148,"폭스바겐, 11번가 사전계약 ‘티구안’ 물량 인도 개시",http://www.newstomato.com/ReadNews.aspx?no=929319
149,"[시승기] 폭스바겐 티구안, 부드러운 주행감에 연비까지 '착하네'",https://www.econovill.com/news/articleView.html?idxno=545981
150,"[시승기] 폭스바겐 티구안, 부드러운 주행감에 연비까지 '착하네'",https://www.econovill.com/news/articleView.html?idxno=545981
151,[시승기] '가성비'로 돌아온 기본기의 대명사 폭스바겐 '더 뉴 티구안',https://view.asiae.co.kr/article/2021081514111409541
152,"(시승기)폭스바겐 티구안, 탄탄한 기본기 갖춘 SUV",http://www.newstomato.com/ReadNews.aspx?no=1066897&inflow=N
153,"[시승기] 가성비 끝판왕, 폭스바겐 더 뉴 티구안",https://www.ceoscoredaily.com/page/view/2021081312481656071
154,완전체 된 폭스바겐 티구안... 판매 탄력 붙는다,https://www.ceoscoredaily.com/page/view/2021081110072166442
155,폭스바겐 “신형 티구안으로 한국 점유율 확대”,https://www.donga.com/news/article/all/20210811/108512665/1
156,"[시승기] 티구안 ""기본기 의심하지마 이거 폭스바겐꺼야""",https://www.ebn.co.kr/news/view/1495990/?sc=Naver
157,[시승기] “수입차 대중화 선도”… 폭스바겐 ‘티구안’ 자리잡았다,http://biz.newdaily.co.kr/site/data/html/2021/08/17/2021081700046.html
158,[시승기] “다 좋다! 그러나 꼭 반친화 디젤 SUV 필요했나”..폭스바겐 신형 티구안,http://www.dailycar.co.kr/content/news.html?type=view&autoId=40510
159,"[시승기] 폭스바겐, 신형 ‘티구안’ 수입 SUV 재평정나선다",https://www.dnews.co.kr/uhtml/view.jsp?idxno=202108141523183920117
160,"[Story포토] 3천만원대 폭스바겐, '신형 티구안' 이 가격 실화냐?",https://www.econovill.com/news/articleView.html?idxno=544347
161,"[시승기] 폭스바겐, 신형 ‘티구안’ 수입 SUV 재평정나선다",https://www.dnews.co.kr/uhtml/view.jsp?idxno=202108141523183920117
162,"월간십일절 티구안 도대체 뭐지 폭스바겐 피크닉세트 '그냥 공짜로 준다고'…퀴즈는 참 쉽지요 ""폭스바겐 티구안은 몇 년도 모델"" 과연 정답은",http://www.econonews.co.kr/news/articleView.html?idxno=85938
163,"폭스바겐코리아, 2020년형 티구안 가격 공개 및 11번가 통한 특별 사전예약 개시",https://www.insight.co.kr/news/244578
164,"‘인기 폭발’ 폭스바겐 티구안, 벤츠 E클래스 ‘위협’",http://www.rpm9.com/news/article.html?id=20210903090010
165,폭스바겐 신형 티구안 광고 공개 및 이벤트 실시,http://www.sportsseoul.com/news/read/1056001?ref=naver
166,3000만원대 수입차 티구안... 폭스바겐코리아 성장세 이끌까,https://www.ceoscoredaily.com/page/view/2021080213012957610
167,月판매 1위만 20번..폭스바겐 '티구안' 새 모델 가격 240만원↓,http://news.mt.co.kr/mtview.php?no=2021080210144898886
168,"[영상] 폭스바겐 신형 티구안, 직접 몰아봤습니다",https://zdnet.co.kr/view/?no=20210924164347
169,"""친환경 디젤의 힘!"" 폭스바겐 티구안-티록 등 가격인하 병행전략 펼친다",http://www.gpkorea.com/news/articleView.html?idxno=76373
170,月판매 1위만 20번..폭스바겐 '티구안' 새 모델 가격 240만원↓,http://news.mt.co.kr/mtview.php?no=2021080210144898886
171,"[영상] 폭스바겐 신형 티구안, 직접 몰아봤습니다",https://zdnet.co.kr/view/?no=20210924164347
172,"""친환경 디젤의 힘!"" 폭스바겐 티구안-티록 등 가격인하 병행전략 펼친다",http://www.gpkorea.com/news/articleView.html?idxno=76373
173,티구안 2355대 냉각수 누수 현상에 리콜,http://www.busan.com/view/busan/view.php?code=2022011310095441638
174,"[Car&Fun] 폭스바겐코리아, 신형 티구안 7월 말 고객 인도 개시",https://www.sedaily.com/NewsView/22P1SZGNV4
175,"“모두를 위한 프리미엄 이끈다”… 폭스바겐코리아, 새로워진 ‘티구안’ 이달 말 출고",https://www.donga.com/news/article/all/20210723/108114301/2
176,"폭스바겐코리아, 3A 전략 첫 번째 주차 ''신형 티구안'' 7월 말부터 고객 인도 시작… 프로모션 적용 시 3천만 원대!",http://kr.aving.net/news/view.php?articleId=1618514&Branch_ID=kr&rssid=naver&mn_name=news
177,"[자동차오늘] 정몽구 현대차그룹 명예회장, '자동차 명예의 전당' 헌액…폭스바겐, 신형 티구안 고객 인도 개시",http://www.sisaon.co.kr/news/articleView.html?idxno=129769
178,중고차 가격 자동차365에서 – 폭스바겐 '티구안' 3천만원대 – 쌍용차 인수후보자 HAAH [모터그램],http://www.sisunnews.co.kr/news/articleView.html?idxno=144044
179,한국 소비자가 디젤차 좋아해서 ‘티구안 PHEV’ 출시하지 않겠다는 폭스바겐!,http://www.dailycar.co.kr/content/news.html?type=view&autoId=40298
180,"폭스바겐코리아, 신형 ‘티구안’ 광고 공개",https://www.dnews.co.kr/uhtml/view.jsp?idxno=202108021647035420933
181,"[영상] 폭스바겐 신형 티구안, 직접 몰아봤습니다",https://zdnet.co.kr/view/?no=20210924164347
182,"""친환경 디젤의 힘!"" 폭스바겐 티구안-티록 등 가격인하 병행전략 펼친다",http://www.gpkorea.com/news/articleView.html?idxno=76373
183,티구안 2355대 냉각수 누수 현상에 리콜,http://www.busan.com/view/busan/view.php?code=2022011310095441638
184,"[Car&Fun] 폭스바겐코리아, 신형 티구안 7월 말 고객 인도 개시",https://www.sedaily.com/NewsView/22P1SZGNV4
185,"“모두를 위한 프리미엄 이끈다”… 폭스바겐코리아, 새로워진 ‘티구안’ 이달 말 출고",https://www.donga.com/news/article/all/20210723/108114301/2
186,"폭스바겐코리아, 3A 전략 첫 번째 주차 ''신형 티구안'' 7월 말부터 고객 인도 시작… 프로모션 적용 시 3천만 원대!",http://kr.aving.net/news/view.php?articleId=1618514&Branch_ID=kr&rssid=naver&mn_name=news
187,"[자동차오늘] 정몽구 현대차그룹 명예회장, '자동차 명예의 전당' 헌액…폭스바겐, 신형 티구안 고객 인도 개시",http://www.sisaon.co.kr/news/articleView.html?idxno=129769
188,중고차 가격 자동차365에서 – 폭스바겐 '티구안' 3천만원대 – 쌍용차 인수후보자 HAAH [모터그램],http://www.sisunnews.co.kr/news/articleView.html?idxno=144044
189,한국 소비자가 디젤차 좋아해서 ‘티구안 PHEV’ 출시하지 않겠다는 폭스바겐!,http://www.dailycar.co.kr/content/news.html?type=view&autoId=40298
190,"""본질로 앞서가다""…폭스바겐코리아, '신형 티구안' 새 광고 공개",http://www.etnews.com/20210802000100
191,"[영상] 폭스바겐 신형 티구안, 직접 몰아봤습니다",https://zdnet.co.kr/view/?no=20210924164347
192,"""친환경 디젤의 힘!"" 폭스바겐 티구안-티록 등 가격인하 병행전략 펼친다",http://www.gpkorea.com/news/articleView.html?idxno=76373
193,티구안 2355대 냉각수 누수 현상에 리콜,http://www.busan.com/view/busan/view.php?code=2022011310095441638
194,"[Car&Fun] 폭스바겐코리아, 신형 티구안 7월 말 고객 인도 개시",https://www.sedaily.com/NewsView/22P1SZGNV4
195,"“모두를 위한 프리미엄 이끈다”… 폭스바겐코리아, 새로워진 ‘티구안’ 이달 말 출고",https://www.donga.com/news/article/all/20210723/108114301/2
196,"폭스바겐코리아, 3A 전략 첫 번째 주차 ''신형 티구안'' 7월 말부터 고객 인도 시작… 프로모션 적용 시 3천만 원대!",http://kr.aving.net/news/view.php?articleId=1618514&Branch_ID=kr&rssid=naver&mn_name=news
197,"[자동차오늘] 정몽구 현대차그룹 명예회장, '자동차 명예의 전당' 헌액…폭스바겐, 신형 티구안 고객 인도 개시",http://www.sisaon.co.kr/news/articleView.html?idxno=129769
198,중고차 가격 자동차365에서 – 폭스바겐 '티구안' 3천만원대 – 쌍용차 인수후보자 HAAH [모터그램],http://www.sisunnews.co.kr/news/articleView.html?idxno=144044
199,한국 소비자가 디젤차 좋아해서 ‘티구안 PHEV’ 출시하지 않겠다는 폭스바겐!,http://www.dailycar.co.kr/content/news.html?type=view&autoId=40298
200,"폭스바겐코리아, ‘신형 티구안’으로 수입 SUV 1위 지킨다",http://www.rpm9.com/news/article.html?id=20210723090025
201,"[자동차오늘] 정몽구 현대차그룹 명예회장, '자동차 명예의 전당' 헌액…폭스바겐, 신형 티구안 고객 인도 개시",http://www.sisaon.co.kr/news/articleView.html?idxno=129769
202,"폭스바겐코리아, 신형 티구안 7월 말 고객 인도 개시",http://news.heraldcorp.com/view.php?ud=20210723000145
203,중고차 가격 자동차365에서 – 폭스바겐 '티구안' 3천만원대 – 쌍용차 인수후보자 HAAH [모터그램],http://www.sisunnews.co.kr/news/articleView.html?idxno=144044
204,한국 소비자가 디젤차 좋아해서 ‘티구안 PHEV’ 출시하지 않겠다는 폭스바겐!,http://www.dailycar.co.kr/content/news.html?type=view&autoId=40298
205,"폭스바겐 티구안, '라스트 디젤' 탑재…정말 좋아졌을까요?",http://www.mediapen.com/news/view/656902
206,"'신형 티구안'은 SCR 촉매 변환기가 2개...폭스바겐코리아, 수입차 대중화 가속화",http://www.osen.co.kr/article/G1111623022
207,"""모두를 위한 프리미엄"" 폭스바겐 첫 주자 '신형 티구안'",http://www.newsprime.co.kr/news/article.html?no=549307
208,반친화 디젤차에 올인한 폭스바겐..티구안 PHEV 투입할까(?),http://www.dailycar.co.kr/content/news.html?type=view&autoId=40288
209,"""1위 자리 비워둬""…'4000만원대' 폭스바겐 신형 티구안, 똑소리 나는 변신",http://news.mk.co.kr/newsRead.php?no=697670&year=2021
210,"'3000만원대' 폭스바겐 신형 티구안, 7월 말 고객 인도",http://www.etnews.com/20210723000053
211,"폭스바겐, 신형 티구안 7월 말 인도 시작… “상품성 자신있다”",http://moneys.mt.co.kr/news/mwView.php?no=2021072314148092830
212,중고차 가격 자동차365에서 – 폭스바겐 '티구안' 3천만원대 – 쌍용차 인수후보자 HAAH [모터그램],http://www.sisunnews.co.kr/news/articleView.html?idxno=144044
213,한국 소비자가 디젤차 좋아해서 ‘티구안 PHEV’ 출시하지 않겠다는 폭스바겐!,http://www.dailycar.co.kr/content/news.html?type=view&autoId=40298
214,"폭스바겐 티구안, '라스트 디젤' 탑재…정말 좋아졌을까요?",http://www.mediapen.com/news/view/656902
215,"'신형 티구안'은 SCR 촉매 변환기가 2개...폭스바겐코리아, 수입차 대중화 가속화",http://www.osen.co.kr/article/G1111623022
216,"""모두를 위한 프리미엄"" 폭스바겐 첫 주자 '신형 티구안'",http://www.newsprime.co.kr/news/article.html?no=549307
217,반친화 디젤차에 올인한 폭스바겐..티구안 PHEV 투입할까(?),http://www.dailycar.co.kr/content/news.html?type=view&autoId=40288
218,"""1위 자리 비워둬""…'4000만원대' 폭스바겐 신형 티구안, 똑소리 나는 변신",http://news.mk.co.kr/newsRead.php?no=697670&year=2021
219,"폭스바겐, 신형 티구안 7월말 인도…3802만원부터",https://www.dnews.co.kr/uhtml/view.jsp?idxno=202107231111222130529
220,한국 소비자가 디젤차 좋아해서 ‘티구안 PHEV’ 출시하지 않겠다는 폭스바겐!,http://www.dailycar.co.kr/content/news.html?type=view&autoId=40298
221,"폭스바겐 티구안, '라스트 디젤' 탑재…정말 좋아졌을까요?",http://www.mediapen.com/news/view/656902
222,"'신형 티구안'은 SCR 촉매 변환기가 2개...폭스바겐코리아, 수입차 대중화 가속화",http://www.osen.co.kr/article/G1111623022
223,"""모두를 위한 프리미엄"" 폭스바겐 첫 주자 '신형 티구안'",http://www.newsprime.co.kr/news/article.html?no=549307
224,반친화 디젤차에 올인한 폭스바겐..티구안 PHEV 투입할까(?),http://www.dailycar.co.kr/content/news.html?type=view&autoId=40288
225,"""1위 자리 비워둬""…'4000만원대' 폭스바겐 신형 티구안, 똑소리 나는 변신",http://news.mk.co.kr/newsRead.php?no=697670&year=2021
226,"폭스바겐, 신형 티구안 7월말 인도…3802만원부터",https://www.dnews.co.kr/uhtml/view.jsp?idxno=202107231111222130529
227,폭스바겐 신형 ‘티구안’ 내주 국내 시장 출격...SUV 강화 전략 ‘박차’,http://www.ajunews.com/view/20210715102245144
228,"폭스바겐, 신형 티구안 이달말 인도 시작 ‘3802만원부터’",http://sports.khan.co.kr/news/sk_index.html?art_id=202107231239003&sec_id=564001&pt=nv
229,"""기다리다 지칠 뻔""…'신차' 폭스바겐 티구안, 마침내 22일 출시 '확정'",http://news.mk.co.kr/newsRead.php?no=675014&year=2021
230,"폭스바겐, 신형 티구안 출시…'NOx 80%저감' 차세대 엔진 탑재",https://www.news1.kr/articles/?4380034
231,"폭스바겐코리아, 수입차 시장의 대중화 이끈다…‘티구안’ 3000만원대 출시",https://www.dnews.co.kr/uhtml/view.jsp?idxno=202107221456013000324
232,반친화 디젤차에 올인한 폭스바겐..티구안 PHEV 투입할까(?),http://www.dailycar.co.kr/content/news.html?type=view&autoId=40288
233,"""1위 자리 비워둬""…'4000만원대' 폭스바겐 신형 티구안, 똑소리 나는 변신",http://news.mk.co.kr/newsRead.php?no=697670&year=2021
234,"폭스바겐, 신형 티구안 7월말 인도…3802만원부터",https://www.dnews.co.kr/uhtml/view.jsp?idxno=202107231111222130529
235,폭스바겐 신형 ‘티구안’ 내주 국내 시장 출격...SUV 강화 전략 ‘박차’,http://www.ajunews.com/view/20210715102245144
236,"폭스바겐, 신형 티구안 이달말 인도 시작 ‘3802만원부터’",http://sports.khan.co.kr/news/sk_index.html?art_id=202107231239003&sec_id=564001&pt=nv
237,"""기다리다 지칠 뻔""…'신차' 폭스바겐 티구안, 마침내 22일 출시 '확정'",http://news.mk.co.kr/newsRead.php?no=675014&year=2021
238,"수입 SUV '왕의 귀환'…폭스바겐 '신형 티구안', 이달 22일 국내 출시",http://www.etnews.com/20210712000132
239,"점유율 부진 폭스바겐, 한국서 車가격 더 내린다…신형 티구안 3802만원부터",http://www.newsworks.co.kr/news/articleView.html?idxno=561460
240,"폭스바겐, 신형 티구안 출시…친환경 디젤 엔진 탑재",https://zdnet.co.kr/view/?no=20210722104001
241,"폭스바겐, 신형 티구안 3800만원대 선봬… “부담 낮춘다”",http://www.segyebiz.com/newsView/20210722517538?OutUrl=naver
242,반친화 디젤차에 올인한 폭스바겐..티구안 PHEV 투입할까(?),http://www.dailycar.co.kr/content/news.html?type=view&autoId=40288
243,"""1위 자리 비워둬""…'4000만원대' 폭스바겐 신형 티구안, 똑소리 나는 변신",http://news.mk.co.kr/newsRead.php?no=697670&year=2021
244,"폭스바겐, 신형 티구안 7월말 인도…3802만원부터",https://www.dnews.co.kr/uhtml/view.jsp?idxno=202107231111222130529
245,폭스바겐 신형 ‘티구안’ 내주 국내 시장 출격...SUV 강화 전략 ‘박차’,http://www.ajunews.com/view/20210715102245144
246,"폭스바겐, 신형 티구안 이달말 인도 시작 ‘3802만원부터’",http://sports.khan.co.kr/news/sk_index.html?art_id=202107231239003&sec_id=564001&pt=nv
247,"""기다리다 지칠 뻔""…'신차' 폭스바겐 티구안, 마침내 22일 출시 '확정'",http://news.mk.co.kr/newsRead.php?no=675014&year=2021
248,"수입 SUV '왕의 귀환'…폭스바겐 '신형 티구안', 이달 22일 국내 출시",http://www.etnews.com/20210712000132
249,"점유율 부진 폭스바겐, 한국서 車가격 더 내린다…신형 티구안 3802만원부터",http://www.newsworks.co.kr/news/articleView.html?idxno=561460
250,"폭스바겐, 수입차 대중화 속도…""신형 티구안 3000만원대부터""",http://www.fnnews.com/news/202107221142103451
251,반친화 디젤차에 올인한 폭스바겐..티구안 PHEV 투입할까(?),http://www.dailycar.co.kr/content/news.html?type=view&autoId=40288
252,"""1위 자리 비워둬""…'4000만원대' 폭스바겐 신형 티구안, 똑소리 나는 변신",http://news.mk.co.kr/newsRead.php?no=697670&year=2021
253,"폭스바겐, 신형 티구안 7월말 인도…3802만원부터",https://www.dnews.co.kr/uhtml/view.jsp?idxno=202107231111222130529
254,폭스바겐 신형 ‘티구안’ 내주 국내 시장 출격...SUV 강화 전략 ‘박차’,http://www.ajunews.com/view/20210715102245144
255,"폭스바겐, 신형 티구안 이달말 인도 시작 ‘3802만원부터’",http://sports.khan.co.kr/news/sk_index.html?art_id=202107231239003&sec_id=564001&pt=nv
256,"""기다리다 지칠 뻔""…'신차' 폭스바겐 티구안, 마침내 22일 출시 '확정'",http://news.mk.co.kr/newsRead.php?no=675014&year=2021
257,"수입 SUV '왕의 귀환'…폭스바겐 '신형 티구안', 이달 22일 국내 출시",http://www.etnews.com/20210712000132
258,"이래도 안 탈래?…폭스바겐, '신형 티구안' 몸값 확 낮췄다",https://www.hankyung.com/economy/article/202107220513i
259,"점유율 부진 폭스바겐, 한국서 車가격 더 내린다…신형 티구안 3802만원부터",http://www.newsworks.co.kr/news/articleView.html?idxno=561460
260,폭스바겐 '신형 티구안' 공개…시장 안착 자신,http://www.shinailbo.co.kr/news/articleView.html?idxno=1439368
261,반친화 디젤차에 올인한 폭스바겐..티구안 PHEV 투입할까(?),http://www.dailycar.co.kr/content/news.html?type=view&autoId=40288
262,"""1위 자리 비워둬""…'4000만원대' 폭스바겐 신형 티구안, 똑소리 나는 변신",http://news.mk.co.kr/newsRead.php?no=697670&year=2021
263,"폭스바겐, 신형 티구안 7월말 인도…3802만원부터",https://www.dnews.co.kr/uhtml/view.jsp?idxno=202107231111222130529
264,폭스바겐 신형 ‘티구안’ 내주 국내 시장 출격...SUV 강화 전략 ‘박차’,http://www.ajunews.com/view/20210715102245144
265,"폭스바겐, 신형 티구안 이달말 인도 시작 ‘3802만원부터’",http://sports.khan.co.kr/news/sk_index.html?art_id=202107231239003&sec_id=564001&pt=nv
266,"""기다리다 지칠 뻔""…'신차' 폭스바겐 티구안, 마침내 22일 출시 '확정'",http://news.mk.co.kr/newsRead.php?no=675014&year=2021
267,"수입 SUV '왕의 귀환'…폭스바겐 '신형 티구안', 이달 22일 국내 출시",http://www.etnews.com/20210712000132
268,"이래도 안 탈래?…폭스바겐, '신형 티구안' 몸값 확 낮췄다",https://www.hankyung.com/economy/article/202107220513i
269,"점유율 부진 폭스바겐, 한국서 車가격 더 내린다…신형 티구안 3802만원부터",http://www.newsworks.co.kr/news/articleView.html?idxno=561460
270,폭스바겐 신형 티구안 3천800만원대부터...이달 말 인도 시작,https://www.yeongnam.com/web/view.php?key=20210723010002942
271,수입 SUV '왕의 귀환' D-7…폭스바겐 신형 티구안 변화 포인트는?,https://www.asiatoday.co.kr/view.php?key=20210715010009361
272,"""기다리다 지칠 뻔""…'신차' 폭스바겐 티구안, 마침내 22일 출시 '확정'",http://news.mk.co.kr/newsRead.php?no=675014&year=2021
273,"수입 SUV '왕의 귀환'…폭스바겐 '신형 티구안', 이달 22일 국내 출시",http://www.etnews.com/20210712000132
274,"이래도 안 탈래?…폭스바겐, '신형 티구안' 몸값 확 낮췄다",https://www.hankyung.com/economy/article/202107220513i
275,"점유율 부진 폭스바겐, 한국서 車가격 더 내린다…신형 티구안 3802만원부터",http://www.newsworks.co.kr/news/articleView.html?idxno=561460
276,티구안·포르쉐 파나메라 등 인기 수입차 4000여대 제작 결함 '리콜',https://www.ajunews.com/view/20220113075310963
277,폭스바겐 하반기 신차 키워드 '티구안·골프'…'年 2만대 벽' 넘을까,https://www.asiatoday.co.kr/view.php?key=20210706010003404
278,"""연비 더 좋아진다""…폭스바겐 티구안에 쏟아지는 관심",https://www.ceoscoredaily.com/page/view/2021070511491467620
279,"폭스바겐, 신형 티구안 이달말 인도 시작",http://yna.kr/PYH20210723056300003?did=1196m
280,"이래도 안 탈래?…폭스바겐, '신형 티구안' 몸값 확 낮췄다",https://www.hankyung.com/economy/article/202107220513i
281,"점유율 부진 폭스바겐, 한국서 車가격 더 내린다…신형 티구안 3802만원부터",http://www.newsworks.co.kr/news/articleView.html?idxno=561460
282,티구안·포르쉐 파나메라 등 인기 수입차 4000여대 제작 결함 '리콜',https://www.ajunews.com/view/20220113075310963
283,폭스바겐 하반기 신차 키워드 '티구안·골프'…'年 2만대 벽' 넘을까,https://www.asiatoday.co.kr/view.php?key=20210706010003404
284,"""연비 더 좋아진다""…폭스바겐 티구안에 쏟아지는 관심",https://www.ceoscoredaily.com/page/view/2021070511491467620
285,"폭스바겐, 신형 티구안 이달말 인도 시작",http://yna.kr/PYH20210723056300003?did=1196m
286,'폭스바겐 에이스들이 돌아온다.' 22일 신형 티구안 투입. 골프도 출격 준비,http://www.autodaily.co.kr/news/articleView.html?idxno=428370
287,"폭스바겐, 티구안FL 출시…가격 3800만원부터",https://www.ebn.co.kr/news/view/1492976/?sc=Naver
288,"폭스바겐코리아, 신형 티구안 7월 말 고객 인도 개시",https://sports.donga.com/article/all/20210725/108138759/2
289,올해 안전도평가 최우수차는 아이오닉5·스포티지…제타·티구안 가장 저조,https://www.ajunews.com/view/20211221091622762
290,'폭스바겐 에이스들이 돌아온다.' 22일 신형 티구안 투입. 골프도 출격 준비,http://www.autodaily.co.kr/news/articleView.html?idxno=428370
291,"폭스바겐, 티구안FL 출시…가격 3800만원부터",https://www.ebn.co.kr/news/view/1492976/?sc=Naver
292,"폭스바겐코리아, 신형 티구안 7월 말 고객 인도 개시",https://sports.donga.com/article/all/20210725/108138759/2
293,올해 안전도평가 최우수차는 아이오닉5·스포티지…제타·티구안 가장 저조,https://www.ajunews.com/view/20211221091622762
294,[영상]3천만원대에 수입 SUV를?! 폭스바겐 티구안 페이스리프트 시승기,http://autotimes.hankyung.com/apps/news.sub_view?popup=0&nid=12&c1=12&c2=12&c3=00&nkey=202108181656131
295,폭스바겐 '티구안'이 돌아온다,https://www.ceoscoredaily.com/page/view/2021061413331210861
296,"폭스바겐코리아, 신형 ‘티구안’ 출시 100일만에 누적 판매 6천대 돌파",http://www.electimes.com/article.php?aid=1536284694164430094
297,"폭스바겐, 연초부터 라인업 재정비...반등 노린다",https://www.ceoscoredaily.com/page/view/2022011311335340742
298,[시승기] 폭스바겐의 본질로 돌아간 '티구안',http://www.hankookilbo.com/v/B1A310B71D8918EFD76AB9A3E9D10A3E
299,"티구안 리콜, 폭스바겐 티구안-투란 70만대 리콜...BMW 리콜 차량 화재",http://www.namdonews.com/news/articleView.html?idxno=486926
300,"세 번째로 1만대 클럽 가입한 '티구안', 소비자들이 가장 선호하는 수입 SUV",http://www.autodaily.co.kr/news/articleView.html?idxno=423851
301,"[영상]옵션 늘고 가격 내려간 폭스바겐 신형 티구안-3,800만원에 구입가능! 메트릭스 LED, 헤드업디스플레이까지!!",http://autotimes.hankyung.com/apps/news.sub_view?popup=0&nid=12&c1=12&c2=12&c3=00&nkey=202107221716141
302,"[포토]모두의 SUV, 폭스바겐 신형 티구안",http://autotimes.hankyung.com/apps/news.sub_view?popup=0&nid=02&c1=02&c2=02&c3=00&nkey=202107221454101
303,"[글로벌-Biz 24]美 당국, 폭스바겐 티구안 안전벨트 결함 해명 '거부'",http://www.g-enews.com/ko-kr/news/article/news_all/201807131028277751fd4d2b07dc_1/article.html
304,"[콤팩트 SUV 시승기⑤] 폭스바겐, ‘티구안’ 가뿐하게 힘 좀 쓰는 녀석",http://www.electimes.com/article.php?aid=1536121452164262110
305,"폭스바겐 티구안, BMW 520d 제치고 5월 수입차 베스트셀링 모델",http://www.businesspost.co.kr/BP?command=article_view&num=87895
306,[화제의 IT키워드] 통제불능 LCD 가격·폭스바겐 티구안·샤오미 미패드4·갤럭시노트9 조기출시,http://it.chosun.com/site/data/html_dir/2018/06/26/2018062602899.html
307,폭스바겐 신형 '티구안' 역대 최대 월 판매기록 경신,http://www.kyeongin.com/main/view.php?key=20180608010002728
308,"폭스바겐코리아, 수입 SUV 최강자 신형 '티구안' 1호차 고객 탄생",http://it.chosun.com/news/article.html?no=2851783
309,"폭스바겐 부분 변경 티구안 올스페이스 공개, 첨단 장비로 업그레이드",http://www.sportsseoul.com/news/read/1042743?ref=naver
310,"폭스바겐, 부분 변경 티구안 올스페이스 공개... 새로운 첨단 장비로 업그레이드해",http://kr.aving.net/news/view.php?articleId=1605375&Branch_ID=kr&rssid=naver&mn_name=news
311,"폭스바겐, 티구안 올스페이스 재고 바닥 보인다",http://www.ceoscoredaily.com/news/article.html?no=82057
312,"[류청희의 까탈리스트] 돌아온 폭스바겐 골프, 예전 인기 다시 누릴까?",https://hankookilbo.com/News/Read/A2022011609210004923?did=NA
313,"폭스바겐, ‘티구안 올스페이스 페이스리프트’ 공개..특징은?",http://www.dailycar.co.kr/content/news.html?type=view&autoId=39607
314,티구안-파나메라-i4-GLE 등 12개 차종 4247대 리콜,http://www.gpkorea.com/news/articleView.html?idxno=81841
315,[카드] 폭스바겐 티구안 올스페이스 부분변경 '한층 더 진보',http://www.newsprime.co.kr/news/article.html?no=544293
316,"한국타이어, 폭스바겐 대표 고성능 차량 3종 '골프 GTI·골프 R·티구안 R' 신차용 타이어 공급",http://www.metroseoul.co.kr/article/20220320500127
317,"""재고 아직 남았어요""... 폭스바겐, 신형 티구안 상반기 출시 가능할까",http://www.ceoscoredaily.com/news/article.html?no=81732
318,폭스바겐·포르쉐·비엠더블유·벤츠 리콜...이미 수리 했다면? [모터그램],http://www.sisunnews.co.kr/news/articleView.html?idxno=156018
319,골프·티구안 강점만 골라 담은 폭스바겐 ‘티록’ [손재철의 이 차],http://sports.khan.co.kr/news/sk_index.html?art_id=202104281628013&sec_id=563002&pt=nv
320,"폭스바겐, 부분변경 티구안 올스페이스 선봬",http://it.chosun.com/site/data/html_dir/2021/05/17/2021051701071.html
321,"폭스바겐, 티구안 올스페이스 재고 바닥 보인다",http://www.ceoscoredaily.com/news/article.html?no=82057
322,"[류청희의 까탈리스트] 돌아온 폭스바겐 골프, 예전 인기 다시 누릴까?",https://hankookilbo.com/News/Read/A2022011609210004923?did=NA
323,"폭스바겐, ‘티구안 올스페이스 페이스리프트’ 공개..특징은?",http://www.dailycar.co.kr/content/news.html?type=view&autoId=39607
324,티구안-파나메라-i4-GLE 등 12개 차종 4247대 리콜,http://www.gpkorea.com/news/articleView.html?idxno=81841
325,[카드] 폭스바겐 티구안 올스페이스 부분변경 '한층 더 진보',http://www.newsprime.co.kr/news/article.html?no=544293
326,"한국타이어, 폭스바겐 대표 고성능 차량 3종 '골프 GTI·골프 R·티구안 R' 신차용 타이어 공급",http://www.metroseoul.co.kr/article/20220320500127
327,"""재고 아직 남았어요""... 폭스바겐, 신형 티구안 상반기 출시 가능할까",http://www.ceoscoredaily.com/news/article.html?no=81732
328,폭스바겐·포르쉐·비엠더블유·벤츠 리콜...이미 수리 했다면? [모터그램],http://www.sisunnews.co.kr/news/articleView.html?idxno=156018
329,골프·티구안 강점만 골라 담은 폭스바겐 ‘티록’ [손재철의 이 차],http://sports.khan.co.kr/news/sk_index.html?art_id=202104281628013&sec_id=563002&pt=nv
330,"폭스바겐, ‘티구안 올스페이스 페이스리프트’ 공개..특징은?",http://www.dailycar.co.kr/content/news.html?type=view&autoId=39607
331,티구안-파나메라-i4-GLE 등 12개 차종 4247대 리콜,http://www.gpkorea.com/news/articleView.html?idxno=81841
332,[카드] 폭스바겐 티구안 올스페이스 부분변경 '한층 더 진보',http://www.newsprime.co.kr/news/article.html?no=544293
333,"폭스바겐, 티구안 올스페이스 F/L 공개",http://autotimes.hankyung.com/apps/news.sub_view?popup=0&nid=02&c1=02&c2=02&c3=00&nkey=202105171055101
334,"한국타이어, 폭스바겐 대표 고성능 차량 3종 '골프 GTI·골프 R·티구안 R' 신차용 타이어 공급",http://www.metroseoul.co.kr/article/20220320500127
335,"""재고 아직 남았어요""... 폭스바겐, 신형 티구안 상반기 출시 가능할까",http://www.ceoscoredaily.com/news/article.html?no=81732
336,폭스바겐·포르쉐·비엠더블유·벤츠 리콜...이미 수리 했다면? [모터그램],http://www.sisunnews.co.kr/news/articleView.html?idxno=156018
337,골프·티구안 강점만 골라 담은 폭스바겐 ‘티록’ [손재철의 이 차],http://sports.khan.co.kr/news/sk_index.html?art_id=202104281628013&sec_id=563002&pt=nv
338,"폭스바겐 티구안, 리콜 이행률 34%",http://www.viva100.com/main/view.php?key=20170512010003696
339,"폭스바겐 티구안, 6일부터 리콜..“다른 차량도 협의 중”",http://www.mdtoday.co.kr/mdtoday/index.html?no=278724
340,"폭스바겐, 부분 변경 '티구안' 공개…편의·안전사양 강화",https://www.news1.kr/articles/?4308813
341,골프·티구안 강점만 골라 담은 폭스바겐 ‘티록’ [손재철의 이 차],http://sports.khan.co.kr/news/sk_index.html?art_id=202104281628013&sec_id=563002&pt=nv
342,"폭스바겐 티구안, 리콜 이행률 34%",http://www.viva100.com/main/view.php?key=20170512010003696
343,"폭스바겐 티구안, 6일부터 리콜..“다른 차량도 협의 중”",http://www.mdtoday.co.kr/mdtoday/index.html?no=278724
344,"폭스바겐. 토요타 중국 톈진공장, 코로나19 확산으로 폐쇄",http://www.autodaily.co.kr/news/articleView.html?idxno=431352
345,'아이오닉5·스포티지' 자동차안전평가 1위…폭스바겐 '미흡',https://view.asiae.co.kr/article/2021122111412063616
346,"폭스바겐, 신형 티구안 다음주 출시",http://yna.kr/PYH20210715014600003?did=1196m
347,"폭스바겐, 배기가스 조작 '티구안' 첫 리콜…내달 6일 순차 진행",http://www.g-enews.com/ko-kr/news/article/news_all/201701121059115084572_1/article.html
348,폭스바겐‧포르쉐 등 4개사 4247대 제작결함 리콜,http://www.kukinews.com/newsView/kuk202201130046
349,"[2017 디트로이트 프리뷰] 폭스바겐, 7인승 티구안 선보인다",http://autoin.edaily.co.kr/news/newspath.asp?newsid=03119286612883768
350,폭스바겐‧포르쉐 등 4개사 4247대 제작결함 리콜,http://www.kukinews.com/newsView/kuk202201130046
351,"[2017 디트로이트 프리뷰] 폭스바겐, 7인승 티구안 선보인다",http://autoin.edaily.co.kr/news/newspath.asp?newsid=03119286612883768
352,1만 클럽 재진입 노리는 폭스바겐...티구안·골프 출시 속도,http://www.ceoscoredaily.com/news/article.html?no=80320
353,"[지난주 산업계 주요이슈] ""제작결함"" 아우디폭스바겐·벤츠 등 4개사 4247대 리콜…""한국에 백기투항"" 애플, 앱스토어 외부결제 '허용' 外",http://www.youthdaily.co.kr/news/article.html?no=90595
354,"[금일 산업계 주요기사] ""먹튀 논란 돌파구 확보"" 카카오, 전 계열사 대상 임원 주식 매도 규정안 마련...""제작결함 발견"" 아우디폭스바겐·벤츠 등 4개사 4247대 리콜 外",http://www.youthdaily.co.kr/news/article.html?no=90506
355,"폭스바겐, 골프·파사트·티구안 후속 모델 개발 계획..내연기관 유지하나(?)",http://www.dailycar.co.kr/content/news.html?type=view&autoId=39148
356,냉각수·경고등 결함…폭스바겐·포르쉐 등 12종 리콜,http://www.yonhapnewstv.co.kr/MYH20220113012900038/?did=1825m
357,폭스바겐 티구안 vs 볼보 XC40 비교 – 합리적인 매력과 프리미엄의 가치를 고민한다면?,https://hankookilbo.com/News/Read/A2021031708010002027?did=NA
358,"폭스바겐 제타, 안전도 최악…국토부 결함조사 예고",http://www.koreastocknews.com/news/articleView.html?idxno=69013
359,이례적인 안전도 평가…폭스바겐 제타 ‘과징금’ 위기,https://news.kbs.co.kr/news/view.do?ncd=5353864&ref=A
360,폭스바겐 티구안 vs 볼보 XC40 비교 – 합리적인 매력과 프리미엄의 가치를 고민한다면?,https://hankookilbo.com/News/Read/A2021031708010002027?did=NA
361,"폭스바겐 제타, 안전도 최악…국토부 결함조사 예고",http://www.koreastocknews.com/news/articleView.html?idxno=69013
362,이례적인 안전도 평가…폭스바겐 제타 ‘과징금’ 위기,https://news.kbs.co.kr/news/view.do?ncd=5353864&ref=A
363,티구안 인기 넘어설까? 연말 출시될 폭스바겐 새로운 SUV 쿠페 '타이고' 공개,http://www.autodaily.co.kr/news/articleView.html?idxno=426987
364,테슬라·폭스바겐 제쳤다…올해 가장 안전한車 뽑힌 국산차,https://www.joongang.co.kr/article/25034107
365,"폭스바겐 티구안, 수입차 단일 차종 연 1만대 판매 신화 쓸까?",http://news.kukinews.com/article/view.asp?arcid=0010426271&code=41141411&cp=nv
366,"[2015수입차결산]가장 많이 팔린 차, 폭스바겐 '티구안'",http://view.asiae.co.kr/news/view.htm?idxno=2016010710435798504
367,올해 최다 판매 수입차 폭스바겐 '티구안',http://www.kookje.co.kr/news2011/asp/newsbody.asp?code=0200&key=20151225.22013191128
368,"올해 최다 판매 수입차?··누적 3만대 돌파,폭스바겐 '티구안'",http://www.wowtv.co.kr/newscenter/news/view.asp?bcode=T30001000&artid=A201512240180
369,"국토부, 폭스바겐 '티구안' 12월 중순까지 연비 상관성 조사",http://news1.kr/articles/?2498836
370,"국토부, 폭스바겐 '티구안' 12월 중순까지 연비 상관성 조사",http://news1.kr/articles/?2498836
371,"환경부, ‘폭스바겐 티구안’에 판매정지명령",http://biz.heraldcorp.com/view.php?ud=201511262312018359939_8
372,"폭스바겐·포르쉐·벤츠·BMW 등 4247대, 제작결함으로 리콜",http://www.electimes.com/article.php?aid=1642035150227784094
373,폭스바겐·포르쉐 등 수입차 4개사 4천247대 리콜,http://mbnmoney.mbn.co.kr/news/view?news_no=MM1004530846
374,"투싼 PHEV, 독일서 티구안·3008 꺾고 'PHEV SUV 비교평가' 1위",http://news.mk.co.kr/newsRead.php?no=1015480&year=2021
375,"기아차 '스포티지', 폭스바겐 '티구안' 넘어섰다",http://www.viva100.com/main/view.php?key=20150923010005813
376,"아이오닉5·스포티지, 안전도평가 최우수차…폭스바겐 제타 '꼴등'",http://news.einfomax.co.kr/news/articleView.html?idxno=4189905
377,[원성열 기자의 CAR & TRACK] 유지보수 비용 1년 30만원…티구안은 달라!,https://sports.donga.com/article/all/20200614/101504015/3
378,"'국산차 값' 독일차, 또 354만원 내렸더니…'역대급 가성비' 폭스바겐 티록, 대박 조짐[왜몰랐을카]",http://news.mk.co.kr/newsRead.php?no=1141387&year=2021
379,"폭스바겐, 신형 티구안 PHEV 공개…국내 출시 '불투명'",https://www.theguru.co.kr/news/article.html?no=19246
380,"'국산차 값' 독일차, 또 354만원 내렸더니…'역대급 가성비' 폭스바겐 티록, 대박 조짐[왜몰랐을카]",http://news.mk.co.kr/newsRead.php?no=1141387&year=2021
381,"폭스바겐, 신형 티구안 PHEV 공개…국내 출시 '불투명'",https://www.theguru.co.kr/news/article.html?no=19246
382,[시승기]팔방미인 폭스바겐 '티구안'…단점 없는 소형 SUV 강자,http://news.mtn.co.kr/newscenter/news_viewer.mtn?gidx=2015082915144491251
383,폭스바겐 '티구안' 올해도 승승장구…벤츠 3위로 밀려,http://www.smedaily.co.kr/news/articleView.html?idxno=56924
384,"폭스바겐코리아, '2015 티구안 액세서리 썸머 캠페인' 진행",http://www.viva100.com/main/view.php?key=20150623010004895
385,"""신차도 안 팔리는데""... 티구안 없는 폭스바겐 고꾸라지나",http://www.ceoscoredaily.com/news/article.html?no=79060
386,"폭스바겐 티구안, '디젤파문'에도 올해 수입차 판매 1위",http://www.viva100.com/main/view.php?key=20151224010005755
387,"국토부, 12월 중순까지 '폭스바겐 티구안' 연비 상관성 조사",http://www.fnnews.com/news/201511261022229462
388,"폭스바겐코리아 주력 SUV '티구안', 출시 이후 '3월' 역대 최대 판매 기록 세워",http://kr.aving.net/news/view.php?articleId=1246019&Branch_ID=kr&rssid=naver&mn_name=news
389,"폭스바겐, 부분 변경 티구안 올스페이스 공개",http://yna.kr/PYH20210517044400013?did=1196m
390,"폭스바겐코리아 주력 SUV '티구안', 출시 이후 '3월' 역대 최대 판매 기록 세워",http://kr.aving.net/news/view.php?articleId=1246019&Branch_ID=kr&rssid=naver&mn_name=news
391,"폭스바겐, 부분 변경 티구안 올스페이스 공개",http://yna.kr/PYH20210517044400013?did=1196m
392,"폭스바겐, ‘티구안’에 가솔린 엔진 라인업 강화..국내 투입할까?",http://www.dailycar.co.kr/content/news.html?type=view&autoId=38878
393,폭스바겐 티구안 '이유 있는 1등',http://www.bizwatch.co.kr/pages/view.php?uid=12235
394,"닛산 캐시카이 vs 폭스바겐 티구안, 가격·성능·연비 비교해보니…'누가 승자?'",http://daily.hankooki.com/lpage/entv/201411/dh20141111162935139020.htm
395,"티구안 무이자 금융 프로모션, 폭스바겐, 파사트·CC도 함께",http://www.osen.co.kr/article/G1110002061
396,"폭스바겐 '티구안', 美 IIHS 충돌시험했더니 '안전성 미흡'",http://news1.kr/articles/?1894867
397,8월 국내 최대 판매 수입차 '폭스바겐 티구안' 그 이유가…,http://www.mt.co.kr/view/mtview.php?type=1&no=2014091014250976826&outlink=1
398,"폭스바겐 티구안, 70만 대 판매로 수입차 시장 1위 '가격도 연비도 착해'",http://biz.heraldcorp.com/view.php?ud=201409011543030714180_1
399,"[김태환의 카닥터]""욕망의 교집합"" 폭스바겐 티구안 2.OTDI",http://www.econovill.com/news/articleView.html?idxno=229991
400,8월 국내 최대 판매 수입차 '폭스바겐 티구안' 그 이유가…,http://www.mt.co.kr/view/mtview.php?type=1&no=2014091014250976826&outlink=1
401,"폭스바겐 티구안, 70만 대 판매로 수입차 시장 1위 '가격도 연비도 착해'",http://biz.heraldcorp.com/view.php?ud=201409011543030714180_1
402,"[김태환의 카닥터]""욕망의 교집합"" 폭스바겐 티구안 2.OTDI",http://www.econovill.com/news/articleView.html?idxno=229991
403,"국토부, 배출가스 조작 '폭스바겐 티구안' 연비조사 나선다",http://www.mt.co.kr/view/mtview.php?type=1&no=2015112610194896800&outlink=1
404,"[시승기] 쏘렌토 고민하던 아빠, '티구안'에 혹한 이유",http://moneys.mt.co.kr/news/mwView.php?no=2020042616508079159
405,"닛산 캐시카이, 폭스바겐 티구안에 정면 도전?",http://www.sportsworldi.com/content/html/2014/11/11/20141111003452.html?OutUrl=naver
406,"티구안 흥행질주… ""국산차 보다 더 팔렸다""",http://moneys.mt.co.kr/news/mwView.php?no=2020040311328057000
407,"올해 최다 판매 수입차, 폭스바겐 '티구안'",http://www.ytn.co.kr/_ln/0102_201512241136399478
408,"거리에서 발견된 폭스바겐 티록(T-Roc), 구석구석 살펴보니...""티구안보다 작지만 당당해""",http://www.autodaily.co.kr/news/articleView.html?idxno=425548
409,"투싼, 獨 전문지 PHEV 비교 평가서 티구안·Q3 제치고 '1위'",http://www.etnews.com/20211027000099
410,"투싼, 獨 전문지 PHEV 비교 평가서 티구안·Q3 제치고 '1위'",http://www.etnews.com/20211027000099
411,잘 나가던 폭스바겐 '티구안' 리콜…연료필터 결함,http://www.hankyung.com/news/app/newsview.php?aid=201205317976g
412,"한국타이어, 폭스바겐 '골프 GTI·골프 R·티구안 R' OET 싹쓸이",https://www.dailian.co.kr/news/view/1094827/?sc=Naver
413,"폭스바겐 티구안, 3000만원대 ‘가격 뚝’",http://www.ajnews.co.kr/common/redirect.jsp?newsId=20120311000008
414,내가 폭스바겐 ‘티구안’을 타고 싶은 10가지 이유,http://www.asiatoday.co.kr/view.php?key=20141028001344525
415,"폭스바겐, 부분 변경 티구안 올스페이스 공개",http://yna.kr/PYH20210517044200013?did=1196m
416,개성 넘치는 디자인… 티구안 동생급 폭스바겐 ‘티록’,http://www.fnnews.com/news/202102211710415965
417,"한국타이어, 폭스바겐 ‘골프 GTI·골프 R·티구안 R’에 신차용 타이어 공급",http://moneys.mt.co.kr/news/mwView.php?no=2022032110278053329
418,티구안으로 성장한 폭스바겐…티록으로 한발 더 앞으로,http://www.ceoscoredaily.com/news/article.html?no=77145
419,"폭스바겐, 7단변속기로 연비 높인 '티구안' 출시",http://www.moneytoday.co.kr/view/mtview.php?type=1&no=2010100711172384887&outlink=1
420,[시승기] 여름에 강한 도심형 SUV '폭스바겐 티구안',http://www.newspim.com/sub_view.php?cate1=6&cate2=1&news_id=373058
421,"아이오닉5-스포티지, 국토부 '올해 안전평가 최우수'...폭스바겐 저조",http://www.gpkorea.com/news/articleView.html?idxno=81212
422,"'가격반란' 성공, 3000만원대 독일 SUV…'1위 눈앞' 티구안, 수입차 찢었다 [왜몰랐을카]",http://news.mk.co.kr/newsRead.php?no=884065&year=2021
423,"신형 티구안, 출시 한 달 만에 수입SUV 시장 판매 1위",https://biz.chosun.com/industry/car/2021/09/17/JH7HNIT5IJAUNHXJIW43LGLJRM/?utm_source=naver&utm_medium=original&utm_campaign=biz
424,[비교 시승] 새로운 스타일 더한 티구안과 3008…디젤 SUV을 이끄는 선봉장,https://hankookilbo.com/News/Read/A2021091110250004434?did=NA
425,폭스바겐 콤팩트 SUV ′티구안′ 떴다,http://www.nspna.com/news/index.html?mode=view&cate1_id=6&cate2_id=45&number=9745
426,폭스바겐 티구안은 잉꼬부부를 좋아해,http://www.khan.co.kr/kh_news/art_view.html?artid=200806271155222&code=920508
427,"션-정혜영 부부, 폭스바겐 티구안 홍보 나선다",https://news.naver.com/main/read.naver?mode=LSD&mid=sec&sid1=101&oid=003&aid=0002160684
428,"올해 최다 판매 수입차, 폭스바겐 '티구안'",http://www.ytn.co.kr/_ln/0102_201512241426470799
429,"[시승기] 여전한 매력, 스테디셀링 SUV…폭스바겐 티구안 4Motion",https://hankookilbo.com/News/Read/A2020122407410002819?did=NA
430,"[시승기] 여전한 매력, 스테디셀링 SUV…폭스바겐 티구안 4Motion",https://hankookilbo.com/News/Read/A2020122407410002819?did=NA
431,"폭스바겐 '티구안', 美 '최고 안전차' 선정",http://www.e-today.co.kr/news/section/newsview.php?TM=news&SM=0499&idxno=240698
432,"폭스바겐 “티구안, 5개월 동안 공짜로 타세요”",http://www.ajnews.co.kr/uhtml/read.jsp?idxno=200903041321161570662
433,"1월의 폭스바겐, 티구안 만큼 다재자능한 '티록'이 온다",http://www.osen.co.kr/article/G1111489295
434,"""티구안이 효자""… 폭스바겐코리아 11월 연간 최다판매",http://www.segye.com/content/html/2020/12/10/20201210514185.html?OutUrl=naver
435,"폭스바겐, 11월 연간 최다판매 달성…'티구안의 힘'",http://www.mediapen.com/news/view/582282
436,"티구안·아테온 판매 ‘막판 굳히기’…폭스바겐, 파격가 프로모션",http://news.heraldcorp.com/view.php?ud=20201208000411
437,혼다 '어코드' 폭스바겐 '티구안' 등 리콜...어떤 제작결함? [모터그램],http://www.sisunnews.co.kr/news/articleView.html?idxno=136097
438,'부활' 폭스바겐…티구안·아테온이 '효자',http://isplus.live.joins.com/news/article/article.asp?total_id=23933069
439,국산차급 가성비 수입SUV 티구안… 인기비결 3가지는?,http://moneys.mt.co.kr/news/mwView.php?no=2021082718368040145
440,'부활' 폭스바겐…티구안·아테온이 '효자',http://isplus.live.joins.com/news/article/article.asp?total_id=23933069
441,국산차급 가성비 수입SUV 티구안… 인기비결 3가지는?,http://moneys.mt.co.kr/news/mwView.php?no=2021082718368040145
442,"폭스바겐 티구안, 5개월간 무료로 탄다?",http://www.segye.com/Articles/Punch/Article.asp?aid=20090304001072&cid=
443,폭스바겐 '티구안' 런칭 1주일 만에 200대 돌파,http://www.e-today.co.kr/200707/news/newsview.php?TM=news&SM=0101&idxno=174006
444,차량 스스로 핸들 꺾어 주차 돕는 폭스바겐 티구안,https://news.naver.com/main/read.naver?mode=LSD&mid=sec&sid1=101&oid=003&aid=0002169940
445,폭스바겐 티구안의 넓은 적재공간,https://news.naver.com/main/read.naver?mode=LSD&mid=sec&sid1=101&oid=003&aid=0002169941
446,[오토위클리] 똑똑한 SUV '폭스바겐 티구안',http://www.wownet.co.kr/news/wownews/view.asp?bcode=N07010000&artid=A200901300097
447,"수입차, 지난달 전년 동월대비 12.3% 증가…1위는 '티구안'",http://www.newsworks.co.kr/news/articleView.html?idxno=445683
448,"똑똑한 콤팩트 SUV, 폭스바겐 티구안 출시",https://news.naver.com/main/read.naver?mode=LSD&mid=sec&sid1=101&oid=003&aid=0002169811
449,션&정혜영이 함께한 폭스바겐 티구안 출시행사,https://news.naver.com/main/read.naver?mode=LSD&mid=sec&sid1=101&oid=003&aid=0002169812
450,다정한 모습의 폭스바겐 티구안 홍보대사 션&정혜영,https://news.naver.com/main/read.naver?mode=LSD&mid=sec&sid1=101&oid=003&aid=0002169807
451,"현대차 투싼PHEV, 獨서 ‘폭스바겐·푸조’ 앞지르고 종합 1위 선정",http://www.newsway.co.kr/news/view?tp=1&ud=2021102709031541728
452,‘성현아 누나 믿고 그냥 사’ 폭스바겐 신형 티구안,https://www.motortrendkorea.com/sub/view.html?no=5778&cate1Name=TV
453,"""티구안 효과""…폭스바겐, 5000만원 이하 수입차 누적 판매 1위",https://www.hankyung.com/economy/article/202012104495g
454,"폭스바겐 '아테온·티구안'…""수입차 거품제로 대표주자""",http://www.gpkorea.com/news/articleView.html?idxno=69103
455,"[레알시승기]""가격은 낮춰도 품질은 UP""…개성 뽐낸 티구안",https://www.nocutnews.co.kr/news/5611583
456,"폭스바겐코리아, 11번가 협업 ‘티록·제타’ 단독 프로모션 운영… 선착순 100대 한정 혜택",https://www.donga.com/news/article/all/20211105/110100091/2
457,"폭스바겐 티구안, 2020년 누적 판매 1만대 돌파",http://www.cstimes.com/news/articleView.html?idxno=439405
458,[기자수첩] 중국서 전기차 팔면서 한국서만 디젤차 올인하는 폭스바겐,http://it.chosun.com/site/data/html_dir/2021/11/04/2021110401522.html
459,혼다 어코드·폭스바겐 티구안 등 1만4217대 제작결함 리콜,http://www.newspim.com/news/view/20210115000017
460,"폭스바겐 티구안, 2020년 누적 판매 1만대 돌파",http://www.cstimes.com/news/articleView.html?idxno=439405
461,[기자수첩] 중국서 전기차 팔면서 한국서만 디젤차 올인하는 폭스바겐,http://it.chosun.com/site/data/html_dir/2021/11/04/2021110401522.html
462,혼다 어코드·폭스바겐 티구안 등 1만4217대 제작결함 리콜,http://www.newspim.com/news/view/20210115000017
463,"폭스바겐 티구안, 2020년 누적판매 1만대 돌파",http://www.newsprime.co.kr/news/article.html?no=524626
464,"[민기자의 '드라이빙'] 수입 준중형 SUV 최강자 '더 뉴 티구안', 가성비 외칠만하다",http://www.sisaweek.com/news/curationView.html?idxno=146574
465,"[원성열 기자의 CAR & TRACK] 폭스바겐 티구안, 연비·안전 탁월…워킹맘 데일리카로 딱이네",https://sports.donga.com/article/all/20201108/103858079/3
466,"[生生시승기] 폭스바겐 티구안, 이유 있는 수입SUV 1등",http://www.sporbiz.co.kr/news/articleView.html?idxno=502357
467,폭스바겐 '티구안' 일주일만에 200대 매진,http://www.moneytoday.co.kr/view/mtview.php?type=1&no=2008070911090750845&outlink=1
468,"폭스바겐 티구안, 10월 수입차판매 1위…꾸준한 선호도",http://www.mediapen.com/news/view/572572
469,"獨홀린 투싼, 티구안 누르고 1위…현대차, 유럽서 역대급 판매량 도전",https://www.asiatime.co.kr/article/20211027500101
470,"폭스바겐 티구안, 수입 SUV 최초 연간 판매 1만대 돌파",http://www.edaily.co.kr/news/newspath.asp?newsid=02456726625967032
471,"[민기자의 '드라이빙'] 수입 준중형 SUV 최강자 '더 뉴 티구안', 가성비 외칠만하다",http://www.sisaweek.com/news/curationView.html?idxno=146574
472,"[원성열 기자의 CAR & TRACK] 폭스바겐 티구안, 연비·안전 탁월…워킹맘 데일리카로 딱이네",https://sports.donga.com/article/all/20201108/103858079/3
473,"[生生시승기] 폭스바겐 티구안, 이유 있는 수입SUV 1등",http://www.sporbiz.co.kr/news/articleView.html?idxno=502357
474,폭스바겐 '티구안' 일주일만에 200대 매진,http://www.moneytoday.co.kr/view/mtview.php?type=1&no=2008070911090750845&outlink=1
475,"폭스바겐 티구안, 10월 수입차판매 1위…꾸준한 선호도",http://www.mediapen.com/news/view/572572
476,"獨홀린 투싼, 티구안 누르고 1위…현대차, 유럽서 역대급 판매량 도전",https://www.asiatime.co.kr/article/20211027500101
477,폭스바겐 티구안 10월 베스트셀링카 등극‥가성비 전략 `톡톡`,http://www.edaily.co.kr/news/newspath.asp?newsid=03913046625962440
478,"폭스바겐, 티록 부분변경 공개..고성능·카브리올레까지 입맛대로 선택",http://www.dailycar.co.kr/content/news.html?type=view&autoId=41672
479,"[시승기] ""내 차 같은 편암함"" 부분변경해도 역시 티구안…성능↑·가격↓",https://www.news1.kr/articles/?4403210
480,"폭스바겐 티구안, 2020년 누적 판매 1만대 돌파",http://www.thedrive.co.kr/news/newsview.php?ncode=1065598366176955
481,"[민기자의 '드라이빙'] 수입 준중형 SUV 최강자 '더 뉴 티구안', 가성비 외칠만하다",http://www.sisaweek.com/news/curationView.html?idxno=146574
482,"[원성열 기자의 CAR & TRACK] 폭스바겐 티구안, 연비·안전 탁월…워킹맘 데일리카로 딱이네",https://sports.donga.com/article/all/20201108/103858079/3
483,"[生生시승기] 폭스바겐 티구안, 이유 있는 수입SUV 1등",http://www.sporbiz.co.kr/news/articleView.html?idxno=502357
484,폭스바겐 '티구안' 일주일만에 200대 매진,http://www.moneytoday.co.kr/view/mtview.php?type=1&no=2008070911090750845&outlink=1
485,"폭스바겐 티구안, 10월 수입차판매 1위…꾸준한 선호도",http://www.mediapen.com/news/view/572572
486,"獨홀린 투싼, 티구안 누르고 1위…현대차, 유럽서 역대급 판매량 도전",https://www.asiatime.co.kr/article/20211027500101
487,폭스바겐 티구안 10월 베스트셀링카 등극‥가성비 전략 `톡톡`,http://www.edaily.co.kr/news/newspath.asp?newsid=03913046625962440
488,"폭스바겐, 티록 부분변경 공개..고성능·카브리올레까지 입맛대로 선택",http://www.dailycar.co.kr/content/news.html?type=view&autoId=41672
489,"[시승기] ""내 차 같은 편암함"" 부분변경해도 역시 티구안…성능↑·가격↓",https://www.news1.kr/articles/?4403210
490,"폭스바겐 티구안, 수입 SUV 최초 올해 누적 판매 1만대 돌파",http://www.dt.co.kr/contents.html?article_no=2020111802109932064007&ref=naver
491,"[민기자의 '드라이빙'] 수입 준중형 SUV 최강자 '더 뉴 티구안', 가성비 외칠만하다",http://www.sisaweek.com/news/curationView.html?idxno=146574
492,"[원성열 기자의 CAR & TRACK] 폭스바겐 티구안, 연비·안전 탁월…워킹맘 데일리카로 딱이네",https://sports.donga.com/article/all/20201108/103858079/3
493,"[生生시승기] 폭스바겐 티구안, 이유 있는 수입SUV 1등",http://www.sporbiz.co.kr/news/articleView.html?idxno=502357
494,폭스바겐 '티구안' 일주일만에 200대 매진,http://www.moneytoday.co.kr/view/mtview.php?type=1&no=2008070911090750845&outlink=1
495,"폭스바겐 티구안, 10월 수입차판매 1위…꾸준한 선호도",http://www.mediapen.com/news/view/572572
496,"獨홀린 투싼, 티구안 누르고 1위…현대차, 유럽서 역대급 판매량 도전",https://www.asiatime.co.kr/article/20211027500101
497,폭스바겐 티구안 10월 베스트셀링카 등극‥가성비 전략 `톡톡`,http://www.edaily.co.kr/news/newspath.asp?newsid=03913046625962440
498,"폭스바겐, 티록 부분변경 공개..고성능·카브리올레까지 입맛대로 선택",http://www.dailycar.co.kr/content/news.html?type=view&autoId=41672
499,"[시승기] ""내 차 같은 편암함"" 부분변경해도 역시 티구안…성능↑·가격↓",https://www.news1.kr/articles/?4403210
