,title,url
0,"폭스바겐 매니아 클럽(VMC폭매클), 아테온 등 프로모션 정보 제공 실시",http://www.ujeil.com/news/articleView.html?idxno=303389
1,"폭스바겐 ‘아테온’, 5월에 사면 혜택 더 풍성",http://www.fnnews.com/news/202205081800502713
2,[시승기] 수입 중형세단 시장서 틈새 전략 내놓은..폭스바겐 파사트 GT,http://www.dailycar.co.kr/content/news.html?type=view&autoId=44164
3,"폭스바겐코리아, '마이 패밀리 마이 폭스바겐' 캠페인",https://www.news1.kr/articles/?4667206
4,"[시승기] 뼈 속 까지 독일차, '연비 굿' 폭스바겐 '파사트 GT'",https://www.asiatime.co.kr/article/20220502500001
5,"폭스바겐코리아, 5월 '마이 패밀리 마이 폭스바겐 캠페인' 실시",http://www.sportsseoul.com/news/read/1120389?ref=naver
6,옵션·가격·효율 고루 갖췄다…폭스바겐 '파사트GT' 타보니 [신차털기],https://www.hankyung.com/economy/article/202204159081g
7,"폭스바겐, 美에 年60만대 전기차공장 짓는다",http://www.etnews.com/20220502000215
8,"[車뷰] ‘5월 가정의 달’ 폭스바겐·혼다, 할인·증정…넥센타이어, 80주년 기념 선물",http://theviewers.co.kr/View.aspx?No=2300936
9,[시승기] 나무랄데 없는 폭스바겐 파사트 GT..유일한 흠이라면...,http://www.dailycar.co.kr/content/news.html?type=view&autoId=43819
10,[신차열전] 아우디 ‘Q4 e-트론’ㆍ폭스바겐 ‘신형 골프’ 등 기대감,https://www.dnews.co.kr/uhtml/view.jsp?idxno=202204021501238430892
11,한국소비자 ‘봉’ 취급하는 폭스바겐…아직도 끝나지 않은 디젤게이트,http://moneys.mt.co.kr/news/mwView.php?no=2022041421058084884
12,"폭스바겐, 9세대 파사트 왜건으로만 출시 계획..세단은 전기차로 전환(?)",http://www.dailycar.co.kr/content/news.html?type=view&autoId=43806
13,"폭스바겐, 전동화 플랫폼 업데이트..소형 전기차 700㎞ 주행(?)",http://www.dailycar.co.kr/content/news.html?type=view&autoId=43989
14,"[시승기] 알짜배기 대중 세단, 폭스바겐 '파사트 GT'",http://www.iminju.net/news/articleView.html?idxno=77165
15,[타보니] '균형잡힌 팔방미인' 2022년형 폭스바겐 파사트 GT,http://it.chosun.com/site/data/html_dir/2022/04/01/2022040101968.html
16,"선과 면, 공간으로 완성한 만인의 세단, 폭스바겐 파사트 GT",https://www.motortrendkorea.com/sub/view.html?no=6551&cate1Name=NEWCAR
17,"폭스바겐, 기본기에 첨단기술 더한 '2022년형 파사트GT'로 세단 시장 공략",http://www.consumernews.co.kr/news/articleView.html?idxno=645069
18,세단시장 공략하는 폭스바겐… 신형 아테온·파사트GT 출시,http://news.kmib.co.kr/article/view.asp?arcid=0924235406&code=14140000&cp=nv
19,"'옵션 빵빵. 곧바로 출고 가능'. 폭스바겐 파사트 GT, 마이너스 옵션이 웬말?",http://www.autodaily.co.kr/news/articleView.html?idxno=431961
20,"[시승기]폭스바겐 2022년형 파사트 GT, 비지니스 세단의 정석",http://www.m-i.kr/news/articleView.html?idxno=899961
21,"풀옵션급 3천만원대 스마트세단, 폭스바겐 ‘2022년형 파사트 GT’",http://it.chosun.com/site/data/html_dir/2022/02/16/2022021601556.html
22,첨단 주행 시스템에 합리적 가격…'두 토끼' 잡은 폭스바겐 파사트 GT,https://www.hankyung.com/economy/article/2022022294081
23,"폭스바겐, '2022년형 파사트 GT 2.0 TDI 프레스티지 4모션' 출시",http://www.bizwnews.com/news/articleView.html?idxno=32618
24,"'영 포티' 아테온·'비즈니스 맨' 파사트GT…폭스바겐, 국내 세단시장 공략",https://www.news1.kr/articles/?4580686
25,"폭스바겐, '2022년형 파사트 GT' 최상위 트림 4000만원대 출시",http://news.mk.co.kr/newsRead.php?no=117915&year=2022
26,"폭스바겐, 중형세단 파사트에 4WD 적용..실제 구매가 4천만원대(?)",http://www.dailycar.co.kr/content/news.html?type=view&autoId=42914
27,"폭스바겐, ""파사트 GT는 독일판 가성비 끝판왕""",http://autotimes.hankyung.com/apps/news.sub_view?popup=0&nid=02&c1=02&c2=02&c3=00&nkey=202201270727331
28,3000만원대 가성비 독일 정통 세단 '폭스바겐 파사트 GT',http://www.etnews.com/20220214000184
29,"폭스바겐, '한국 패치' 승부수…4000만원대 '파사트GT' 나온다",https://www.hankyung.com/economy/article/202201252795g
30,"폭스바겐, 북미시장서 ‘파사트’ 단종..후속작은 전기차(?)",http://www.dailycar.co.kr/content/news.html?type=view&autoId=42747
31,"폭스바겐, 상품성 강화한 ‘2022년형 파사트 GT’ 출시",http://www.rpm9.com/news/article.html?id=20220116090002
32,"폭스바겐 韓 공략 ‘가속페달’…골프,아테온.파사트 등 연초부터 신차 '파상공세'",https://www.ekn.kr/web/view.php?key=20220116010002388
33,"이주의 신차, 제네시스 G90 – 폭스바겐 파사트GT – 쉐보레 타호 [모터그램]",http://www.sisunnews.co.kr/news/articleView.html?idxno=156016
34,"폭스바겐 '2022년형 파사트 GT', 기술 혁신에 상품성도 강화",http://www.sportsseoul.com/news/read/1091200?ref=naver
35,"폭스바겐, 상품성 강화한 ‘2022년형 파사트 GT’ 출시",http://www.electimes.com/article.php?aid=1642085077227855094
36,[시승기] “평범한 일상을 특별하게”... 폭스바겐 중형세단 ‘파사트GT',http://www.ceoscoredaily.com/news/article.html?no=79580
37,폭스바겐 2022년형 파사트 GT 출시…연식변경인데 엔진도 바꿨다,https://www.dailian.co.kr/news/view/1072662/?sc=Naver
38,"폭스바겐, 유럽서 파사트 세단형 생산 중단...전기차 ‘에어로B’ 출격하나",http://www.pinpointnews.co.kr/view.php?ud=2022011010375127819cdfed7945_45
39,"[자동차오늘] 한국지엠, 쉐보레 '타호' 사전계약 실시…폭스바겐, '2022년형 파사트 GT' 출시",http://www.sisaon.co.kr/news/articleView.html?idxno=135400
40,"[시승기] 폭스바겐 '파사트 GT', 실용성·가성비 두 마리 토끼 잡았다",https://www.ebn.co.kr/news/view/1468195/?sc=Naver
41,"폭스바겐, 스마트 세단 '파사트 GT' 출시…4490만원부터",https://www.news1.kr/articles/?4149585
42,"“아직 한 대 남았다” 폭스바겐코리아, 이달 새로운 ‘파사트GT’ 출시… 지능형 첨단기능 강화",https://www.donga.com/news/article/all/20201204/104287471/2
43,"폭스바겐, 화재 우려로 10만대 리콜…""배터리 문제 아니다""",https://www.hankyung.com/economy/article/202204041922i
44,"폭스바겐, '화재 위험' PHEV 10만대 리콜…삼성SDI 영향은",http://www.newspim.com/news/view/20220401000926
45,"폭스바겐, 화재 우려로 10만대 리콜…탑재 삼성 배터리와는 무관",http://www.epnc.co.kr/news/articleView.html?idxno=221646
46,[김대호 박사의 오늘 기업·사람] 폭스바겐·구글·KT·현대중공업,https://biz.sbs.co.kr/article_hub/20000057100?division=NAVER
47,"4000만 원대 독일 국민세단, “벤츠, 계급장 떼고 붙자”…2022년형 파사트 GT",https://www.mk.co.kr/economy/view/2022/100040
48,"볼보, 수성이냐·폭스바겐, 탈환이냐…수입차 4위 싸움 '후끈'",http://www.ezyeconomy.com/news/articleView.html?idxno=117457
49,"가성비 ‘갑’ 스마트 비지니스 세단, 2022년형 파사트 GT",https://www.sedaily.com/NewsView/2625H7WZHX
50,"[시승기] 폭스바겐 플래그십 세단 ‘아테온’ | 폭스바겐 역사상 가장 아름다운 세단, 탄탄한 주행 성능까지 갖춰",http://economychosun.com/client/news/view.php?boardName=C05&t_num=13612444
51,"""디젤이지만 묘하게 끌리네""…'그랜저값' 독일 국민세단, '한국 맞춤형' 2022년형 파사트 GT",http://news.mk.co.kr/newsRead.php?no=45270&year=2022
52,"폭스바겐, 파사트 대체할 EV ‘에어로-B’ 최초 포착",http://www.thedrive.co.kr/news/newsview.php?ncode=1065582599951026
53,"넥센타이어, 폭스바겐 '파사트'에 신차용 타이어 공급",http://www.dizzotv.com/site/data/html_dir/2020/03/09/2020030980220.html
54,[시승기] 최신사양 단 폭스바겐 아테온… 디젤은 아쉬워,https://biz.chosun.com/policy/policy_sub/2022/03/12/AZSEV4F4WNELXOP35KXNVX6VLQ/?utm_source=naver&utm_medium=original&utm_campaign=biz
55,"폭스바겐, 파사트 미국시장서 단종 계획..그럼 한국시장은?",http://www.dailycar.co.kr/content/news.html?type=view&autoId=40339
56,폭스바겐 풀옵션급 세단이 3000만원대,http://www.dt.co.kr/contents.html?article_no=2022030602109932064003&ref=naver
57,"폭스바겐, 美 시장 대표 세단 ‘파사트’ 생산 중단 선언",https://biz.chosun.com/international/international_economy/2021/07/20/RXDKFN3FLFBZ3MT7YM5BBVTR4A/?utm_source=naver&utm_medium=original&utm_campaign=biz
58,"폭스바겐 ‘파사트’, 전세계 중형차 최초 누적 3천만대 돌파",http://www.newstomato.com/ReadNews.aspx?no=887816
59,"[시승기] 파사트GT, '타는 차에서 즐기는 차' 매료···진화된 담금질 '눈길'",http://www.seoulfn.com/news/articleView.html?idxno=407408
60,"(시승기)독일감성의 중형 세단, 폭스바겐 '파사트 TSI'",http://www.newstomato.com/ReadNews.aspx?no=867958
61,"[시승기]폭스바겐 '신형 파사트 GT', 성능·디자인·가격 빠지는게 없네! 스마트 비즈니스 세단의 대표주자",http://sports.chosun.com/news/ntype.htm?id=202106090100065490003970&servicedate=20210608
62,"아우디폭스바겐, A3 이어 '파사트' 할인…""3000만원대 초반 유력""",http://www.newsworks.co.kr/news/articleView.html?idxno=204725
63,스마트한 폭스바겐 비즈니스 세단 신형 파사트 GT,http://www.esquirekorea.co.kr/article/55448
64,"20km/L에도 ""낮게 나왔다""…'연비 깡패' 폭스바겐 파사트GT [신차털기]",https://www.hankyung.com/economy/article/202105215876g
65,첨단 기술 품은 '가성비 세단' 폭스바겐 파사트 GT,http://isplus.live.joins.com/news/article/article.asp?total_id=24063006
66,"폭스바겐, 중국형 파사트 페이스리프트 공개..디자인 특징은?",http://www.dailycar.co.kr/content/news.html?type=view&autoId=39655
67,"[시승기] 입꼬리 올라간다는 소문의 가성비, 폭스바겐 파사트",http://www.iminju.net/news/articleView.html?idxno=72563
68,"최고 안전사양 갖춘 폭스바겐 ‘파사트 GT’, 4천만원대 합리적 가격 눈길",https://daily.hankooki.com/lpage/industry/202105/dh20210512160304147980.htm?s_ref=nv
69,[레알시승기]수입차 중 '가성비 끝판왕'…폭스바겐 파사트 GT,https://www.nocutnews.co.kr/news/5545333
70,폭스바겐 파사트가 제기한 '넥스트 세단'의 조건은 '스마트 비즈니스',http://www.osen.co.kr/article/G1111568250
71,"폭스바겐, 신형 파사트 출시 계획..전동화 라인업 강화!",http://www.dailycar.co.kr/content/news.html?type=view&autoId=39230
72,"폭스바겐, 골프·파사트·티구안 후속 모델 개발 계획..내연기관 유지하나(?)",http://www.dailycar.co.kr/content/news.html?type=view&autoId=39148
73,[사진] 2019 제네바모터쇼서 공개된 '폭스바겐 파사트',http://www.newspim.com/news/view/20190306000792
74,폭스바겐 티록·아우디 A4 등 7410대 '배출가스 자기진단장치' 결함,http://www.consumuch.com/news/articleView.html?idxno=53754
75,폭스바겐 '파사트GT' 파격의 숫자 '18%' 내놨다...3600만원대,http://www.gpkorea.com/news/articleView.html?idxno=72200
76,"폭스바겐, 파사트GT 할인 대폭 확대. 신형 티록도 5% 할인",http://www.autodaily.co.kr/news/articleView.html?idxno=426137
77,"[시승기] 자동차 마니아, 조의렴이 바라본 매력적인 세단 ‘폭스바겐 파사트 GT 4모션’",https://hankookilbo.com/News/Read/A2021030911220002730?did=NA
78,"폭스바겐코리아, 파사트. 티록 등 2021년형 전 차종 고객 시승 이벤트 실시",http://www.autodaily.co.kr/news/articleView.html?idxno=426032
79,"[자유로 연비] 합리적인 패밀리 세단, 폭스바겐 파사트 GT의 자유로 연비는?",https://hankookilbo.com/News/Read/A2021030208100003460?did=NA
80,영문모를 대박차는 ‘폭스바겐 파사트’...아쉬운 차론 ‘볼보 V60’,http://biz.heraldcorp.com/view.php?ud=20150825000665
81,"""아 옛날이여!"" 폭스바겐 파사트, 할인해도 안팔린다",http://www.bloter.net/archives/533175
82,[시승기] 탄탄한 기본기와 경험으로 피어난 폭스바겐 '파사트 GT 프레스티지',https://hankookilbo.com/News/Read/A2021022519280000457?did=NA
83,"폭스바겐, 4월 한달 간 ‘파사트’ 고품질 순정부품 20% 할인",http://www.ajunews.com/view/20150331170003105
84,갈수록 높아지는 폭스바겐 할인율. 파사트GT 14%. 아테온은 무려 22%,http://www.autodaily.co.kr/news/articleView.html?idxno=427300
85,"2015 제네바 모터쇼 개막, 유럽 올해의 차는? '폭스바겐 파사트'",https://news.naver.com/main/read.naver?mode=LSD&mid=sec&sid1=103&oid=011&aid=0002647325
86,이지적인 남자의 표현 ‘폭스바겐 파사트’,http://www.newsway.co.kr/view.php?tp=1&ud=2015010714295879700
87,"폭스바겐, 日서 아테온·파사트 4387대 리콜 실시..그 원인은?",http://www.dailycar.co.kr/content/news.html?type=view&autoId=38872
88,"""월 10만원대에 폭스바겐 탄다""… 티록·파사트 할부 프로모션",http://moneys.mt.co.kr/news/mwView.php?no=2021021717478094780
89,"폭스바겐파이낸셜서비스코리아, '티록·파사트GT' 월 10만원대 특별 프로모션 실시",http://www.autodaily.co.kr/news/articleView.html?idxno=425715
90,"[시승기] 폭스바겐 파사트 GT ""명문家에 걸맞은 신사의 품격""",http://www.g-enews.com/ko-kr/news/article/news_all/2021021601252429530d88486204_1/article.html
91,"폭스바겐 '파사트', 국내 완성차업체 공공의 적···왜?",http://www.hankyung.com/news/app/newsview.php?aid=201403068989g
92,신차 효과 없는 폭스바겐 파사트...결국 할인 늘린다,http://www.ceoscoredaily.com/news/article.html?no=78295
93,폭스바겐 '파사트' 인천공항 전시·체험 이벤트,http://news1.kr/articles/1325057
94,"돌아온 젠틀맨 세단, 폭스바겐 신형 파사트 GT-갓성비 비즈니스 세단",http://news.mk.co.kr/newsRead.php?no=102283&year=2021
95,기본에 충실한 '디젤 세단' 파사트…국산차 조준하는 폭스바겐,https://www.nocutnews.co.kr/news/5491651
96,"폭스바겐 신형 '파사트' 공개, 합리적 가격 얼마?",http://www.moneyweek.co.kr/news/mwView.php?type=1&no=2014070516018040174&outlink=1
97,"폭스바겐 파사트, 연비 33.1km로 세계기록 달성",http://www.it.co.kr/news/mediaitNewsView.php?nSeq=2396040
98,"폭스바겐 '파사트' 리터당 33.1km, 기네스 오른다",http://www.newstomato.com/ReadNews.aspx?no=376409
99,"폭스바겐, ‘파사트’를 36개월 무이자 할부 구매",http://www.fnnews.com/view?ra=Sent0601m_01A&corp=fnnews&arcid=201304170100193080010648&cDateYear=2013&cDateMonth=04&cDateDay=17&
100,"폭스바겐코리아, 신형 ‘파사트 GT’ 출시…4321만6000원부터",https://daily.hankooki.com/lpage/industry/202201/dh20220112170539147980.htm?s_ref=nv
101,"폭스바겐, 유럽서 파사트 세단형 생산 중단...전기차 ‘에어로B’ 출격하나",http://www.pinpointnews.co.kr/view.php?ud=2022011010375127819cdfed7945_45
102,"폭스바겐, 차세대 엔진 품은 2022년형 파사트GT 출시…4312만원부터",http://kbench.com/?q=node/229054
103,‘IQ.드라이브’로 매력 더했다.…폭스바겐 ‘2022년형 파사트 GT’ 출시,https://sports.donga.com/article/all/20220116/111265363/1
104,"[자동차오늘] 한국지엠, 쉐보레 '타호' 사전계약 실시…폭스바겐, '2022년형 파사트 GT' 출시",http://www.sisaon.co.kr/news/articleView.html?idxno=135400
105,"[시승기] 폭스바겐 '파사트 GT', 실용성·가성비 두 마리 토끼 잡았다",https://www.ebn.co.kr/news/view/1468195/?sc=Naver
106,"[포토] 폭스바겐, 2022년형 파사트 GT 최상위 트림 출시",http://news.mk.co.kr/newsRead.php?no=120704&year=2022
107,"폭스바겐, 스마트 세단 '파사트 GT' 출시…4490만원부터",https://www.news1.kr/articles/?4149585
108,"“아직 한 대 남았다” 폭스바겐코리아, 이달 새로운 ‘파사트GT’ 출시… 지능형 첨단기능 강화",https://www.donga.com/news/article/all/20201204/104287471/2
109,"폭스바겐, 화재 우려로 10만대 리콜…""배터리 문제 아니다""",https://www.hankyung.com/economy/article/202204041922i
110,"폭스바겐, 유럽서 파사트 세단형 생산 중단...전기차 ‘에어로B’ 출격하나",http://www.pinpointnews.co.kr/view.php?ud=2022011010375127819cdfed7945_45
111,"폭스바겐, 차세대 엔진 품은 2022년형 파사트GT 출시…4312만원부터",http://kbench.com/?q=node/229054
112,"폭스바겐 ""2022년형 파사트 GT 출시, 4300만원대부터""",https://view.asiae.co.kr/article/2022011215132435272
113,‘IQ.드라이브’로 매력 더했다.…폭스바겐 ‘2022년형 파사트 GT’ 출시,https://sports.donga.com/article/all/20220116/111265363/1
114,"[자동차오늘] 한국지엠, 쉐보레 '타호' 사전계약 실시…폭스바겐, '2022년형 파사트 GT' 출시",http://www.sisaon.co.kr/news/articleView.html?idxno=135400
115,"[시승기] 폭스바겐 '파사트 GT', 실용성·가성비 두 마리 토끼 잡았다",https://www.ebn.co.kr/news/view/1468195/?sc=Naver
116,"[포토] 폭스바겐, 2022년형 파사트 GT 최상위 트림 출시",http://news.mk.co.kr/newsRead.php?no=120704&year=2022
117,"폭스바겐, 스마트 세단 '파사트 GT' 출시…4490만원부터",https://www.news1.kr/articles/?4149585
118,"“아직 한 대 남았다” 폭스바겐코리아, 이달 새로운 ‘파사트GT’ 출시… 지능형 첨단기능 강화",https://www.donga.com/news/article/all/20201204/104287471/2
119,"폭스바겐, 화재 우려로 10만대 리콜…""배터리 문제 아니다""",https://www.hankyung.com/economy/article/202204041922i
120,"폭스바겐 ‘2022년형 파사트 GT’, 차세대 EA288 evo 엔진으로 출시",http://www.osen.co.kr/article/G1111740603
121,‘IQ.드라이브’로 매력 더했다.…폭스바겐 ‘2022년형 파사트 GT’ 출시,https://sports.donga.com/article/all/20220116/111265363/1
122,"[자동차오늘] 한국지엠, 쉐보레 '타호' 사전계약 실시…폭스바겐, '2022년형 파사트 GT' 출시",http://www.sisaon.co.kr/news/articleView.html?idxno=135400
123,"[시승기] 폭스바겐 '파사트 GT', 실용성·가성비 두 마리 토끼 잡았다",https://www.ebn.co.kr/news/view/1468195/?sc=Naver
124,"[포토] 폭스바겐, 2022년형 파사트 GT 최상위 트림 출시",http://news.mk.co.kr/newsRead.php?no=120704&year=2022
125,"폭스바겐, 스마트 세단 '파사트 GT' 출시…4490만원부터",https://www.news1.kr/articles/?4149585
126,"“아직 한 대 남았다” 폭스바겐코리아, 이달 새로운 ‘파사트GT’ 출시… 지능형 첨단기능 강화",https://www.donga.com/news/article/all/20201204/104287471/2
127,"폭스바겐, 화재 우려로 10만대 리콜…""배터리 문제 아니다""",https://www.hankyung.com/economy/article/202204041922i
128,"폭스바겐, '화재 위험' PHEV 10만대 리콜…삼성SDI 영향은",http://www.newspim.com/news/view/20220401000926
129,"폭스바겐, 화재 우려로 10만대 리콜…탑재 삼성 배터리와는 무관",http://www.epnc.co.kr/news/articleView.html?idxno=221646
130,"[시승기] 폭스바겐 '파사트 GT', 실용성·가성비 두 마리 토끼 잡았다",https://www.ebn.co.kr/news/view/1468195/?sc=Naver
131,"[포토] 폭스바겐, 2022년형 파사트 GT 최상위 트림 출시",http://news.mk.co.kr/newsRead.php?no=120704&year=2022
132,"폭스바겐, '2022년형 파사트 GT' 출시…가격 4100만원대부터",http://www.etnews.com/20220112000203
133,"폭스바겐, 스마트 세단 '파사트 GT' 출시…4490만원부터",https://www.news1.kr/articles/?4149585
134,"“아직 한 대 남았다” 폭스바겐코리아, 이달 새로운 ‘파사트GT’ 출시… 지능형 첨단기능 강화",https://www.donga.com/news/article/all/20201204/104287471/2
135,"폭스바겐, 화재 우려로 10만대 리콜…""배터리 문제 아니다""",https://www.hankyung.com/economy/article/202204041922i
136,"폭스바겐, '화재 위험' PHEV 10만대 리콜…삼성SDI 영향은",http://www.newspim.com/news/view/20220401000926
137,"폭스바겐, 화재 우려로 10만대 리콜…탑재 삼성 배터리와는 무관",http://www.epnc.co.kr/news/articleView.html?idxno=221646
138,[김대호 박사의 오늘 기업·사람] 폭스바겐·구글·KT·현대중공업,https://biz.sbs.co.kr/article_hub/20000057100?division=NAVER
139,"""독일차 중에선 비교불가""…'4000만원대' 중형세단 파사트 GT, 더 강해진 4모션도 나왔다",http://news.mk.co.kr/newsRead.php?no=118359&year=2022
140,"폭스바겐, 화재 우려로 10만대 리콜…탑재 삼성 배터리와는 무관",http://www.epnc.co.kr/news/articleView.html?idxno=221646
141,[김대호 박사의 오늘 기업·사람] 폭스바겐·구글·KT·현대중공업,https://biz.sbs.co.kr/article_hub/20000057100?division=NAVER
142,"폭스바겐, PHEV 대규모 리콜…""배터리 문제 아냐""",http://www.inews24.com/view/1467059
143,"""독일차 중에선 비교불가""…'4000만원대' 중형세단 파사트 GT, 더 강해진 4모션도 나왔다",http://news.mk.co.kr/newsRead.php?no=118359&year=2022
144,"폭스바겐그룹, 골프 등 PHEV 10만여대 화재 위험성 이유로 전 세계서 리콜",http://www.autodaily.co.kr/news/articleView.html?idxno=432595
145,"4000만 원대 독일 국민세단, “벤츠, 계급장 떼고 붙자”…2022년형 파사트 GT",https://www.mk.co.kr/economy/view/2022/100040
146,"파사트 GT에 사륜구동도 가세, 3가지 모델로 선택지 확장",http://www.osen.co.kr/article/G1111761022
147,"볼보, 수성이냐·폭스바겐, 탈환이냐…수입차 4위 싸움 '후끈'",http://www.ezyeconomy.com/news/articleView.html?idxno=117457
148,"가성비 ‘갑’ 스마트 비지니스 세단, 2022년형 파사트 GT",https://www.sedaily.com/NewsView/2625H7WZHX
149,"[시승기] 폭스바겐 플래그십 세단 ‘아테온’ | 폭스바겐 역사상 가장 아름다운 세단, 탄탄한 주행 성능까지 갖춰",http://economychosun.com/client/news/view.php?boardName=C05&t_num=13612444
150,"""독일차 중에선 비교불가""…'4000만원대' 중형세단 파사트 GT, 더 강해진 4모션도 나왔다",http://news.mk.co.kr/newsRead.php?no=118359&year=2022
151,"폭스바겐그룹, 골프 등 PHEV 10만여대 화재 위험성 이유로 전 세계서 리콜",http://www.autodaily.co.kr/news/articleView.html?idxno=432595
152,"4000만 원대 독일 국민세단, “벤츠, 계급장 떼고 붙자”…2022년형 파사트 GT",https://www.mk.co.kr/economy/view/2022/100040
153,"파사트 GT에 사륜구동도 가세, 3가지 모델로 선택지 확장",http://www.osen.co.kr/article/G1111761022
154,"볼보, 수성이냐·폭스바겐, 탈환이냐…수입차 4위 싸움 '후끈'",http://www.ezyeconomy.com/news/articleView.html?idxno=117457
155,"가성비 ‘갑’ 스마트 비지니스 세단, 2022년형 파사트 GT",https://www.sedaily.com/NewsView/2625H7WZHX
156,"[시승기] 폭스바겐 플래그십 세단 ‘아테온’ | 폭스바겐 역사상 가장 아름다운 세단, 탄탄한 주행 성능까지 갖춰",http://economychosun.com/client/news/view.php?boardName=C05&t_num=13612444
157,"""디젤이지만 묘하게 끌리네""…'그랜저값' 독일 국민세단, '한국 맞춤형' 2022년형 파사트 GT",http://news.mk.co.kr/newsRead.php?no=45270&year=2022
158,[시승기] 자동차 마니아 양우람이 경험한 파사트 GT 4모션의 다재다능,https://hankookilbo.com/News/Read/A2021031308150001418?did=NA
159,"폭스바겐, 파사트 대체할 EV ‘에어로-B’ 최초 포착",http://www.thedrive.co.kr/news/newsview.php?ncode=1065582599951026
160,[시승기] 자동차 마니아 양우람이 경험한 파사트 GT 4모션의 다재다능,https://hankookilbo.com/News/Read/A2021031308150001418?did=NA
161,"폭스바겐, 파사트 대체할 EV ‘에어로-B’ 최초 포착",http://www.thedrive.co.kr/news/newsview.php?ncode=1065582599951026
162,"넥센타이어, 폭스바겐 '파사트'에 신차용 타이어 공급",http://www.dizzotv.com/site/data/html_dir/2020/03/09/2020030980220.html
163,[시승기] 최신사양 단 폭스바겐 아테온… 디젤은 아쉬워,https://biz.chosun.com/policy/policy_sub/2022/03/12/AZSEV4F4WNELXOP35KXNVX6VLQ/?utm_source=naver&utm_medium=original&utm_campaign=biz
164,"폭스바겐, 파사트 미국시장서 단종 계획..그럼 한국시장은?",http://www.dailycar.co.kr/content/news.html?type=view&autoId=40339
165,폭스바겐 풀옵션급 세단이 3000만원대,http://www.dt.co.kr/contents.html?article_no=2022030602109932064003&ref=naver
166,"폭스바겐, 美 시장 대표 세단 ‘파사트’ 생산 중단 선언",https://biz.chosun.com/international/international_economy/2021/07/20/RXDKFN3FLFBZ3MT7YM5BBVTR4A/?utm_source=naver&utm_medium=original&utm_campaign=biz
167,"폭스바겐 ‘파사트’, 전세계 중형차 최초 누적 3천만대 돌파",http://www.newstomato.com/ReadNews.aspx?no=887816
168,"[시승기] 파사트GT, '타는 차에서 즐기는 차' 매료···진화된 담금질 '눈길'",http://www.seoulfn.com/news/articleView.html?idxno=407408
169,"(시승기)독일감성의 중형 세단, 폭스바겐 '파사트 TSI'",http://www.newstomato.com/ReadNews.aspx?no=867958
170,"폭스바겐 ‘파사트’, 전세계 중형차 최초 누적 3천만대 돌파",http://www.newstomato.com/ReadNews.aspx?no=887816
171,"[시승기] 파사트GT, '타는 차에서 즐기는 차' 매료···진화된 담금질 '눈길'",http://www.seoulfn.com/news/articleView.html?idxno=407408
172,"(시승기)독일감성의 중형 세단, 폭스바겐 '파사트 TSI'",http://www.newstomato.com/ReadNews.aspx?no=867958
173,"[시승기]폭스바겐 '신형 파사트 GT', 성능·디자인·가격 빠지는게 없네! 스마트 비즈니스 세단의 대표주자",http://sports.chosun.com/news/ntype.htm?id=202106090100065490003970&servicedate=20210608
174,"아우디폭스바겐, A3 이어 '파사트' 할인…""3000만원대 초반 유력""",http://www.newsworks.co.kr/news/articleView.html?idxno=204725
175,스마트한 폭스바겐 비즈니스 세단 신형 파사트 GT,http://www.esquirekorea.co.kr/article/55448
176,"20km/L에도 ""낮게 나왔다""…'연비 깡패' 폭스바겐 파사트GT [신차털기]",https://www.hankyung.com/economy/article/202105215876g
177,첨단 기술 품은 '가성비 세단' 폭스바겐 파사트 GT,http://isplus.live.joins.com/news/article/article.asp?total_id=24063006
178,"폭스바겐, 중국형 파사트 페이스리프트 공개..디자인 특징은?",http://www.dailycar.co.kr/content/news.html?type=view&autoId=39655
179,"[시승기] 입꼬리 올라간다는 소문의 가성비, 폭스바겐 파사트",http://www.iminju.net/news/articleView.html?idxno=72563
180,"폭스바겐, 중국형 파사트 페이스리프트 공개..디자인 특징은?",http://www.dailycar.co.kr/content/news.html?type=view&autoId=39655
181,"[시승기] 입꼬리 올라간다는 소문의 가성비, 폭스바겐 파사트",http://www.iminju.net/news/articleView.html?idxno=72563
182,"최고 안전사양 갖춘 폭스바겐 ‘파사트 GT’, 4천만원대 합리적 가격 눈길",https://daily.hankooki.com/lpage/industry/202105/dh20210512160304147980.htm?s_ref=nv
183,[레알시승기]수입차 중 '가성비 끝판왕'…폭스바겐 파사트 GT,https://www.nocutnews.co.kr/news/5545333
184,폭스바겐 파사트가 제기한 '넥스트 세단'의 조건은 '스마트 비즈니스',http://www.osen.co.kr/article/G1111568250
185,"폭스바겐, 신형 파사트 출시 계획..전동화 라인업 강화!",http://www.dailycar.co.kr/content/news.html?type=view&autoId=39230
186,"폭스바겐, 골프·파사트·티구안 후속 모델 개발 계획..내연기관 유지하나(?)",http://www.dailycar.co.kr/content/news.html?type=view&autoId=39148
187,[사진] 2019 제네바모터쇼서 공개된 '폭스바겐 파사트',http://www.newspim.com/news/view/20190306000792
188,폭스바겐 티록·아우디 A4 등 7410대 '배출가스 자기진단장치' 결함,http://www.consumuch.com/news/articleView.html?idxno=53754
189,폭스바겐 '파사트GT' 파격의 숫자 '18%' 내놨다...3600만원대,http://www.gpkorea.com/news/articleView.html?idxno=72200
190,폭스바겐 티록·아우디 A4 등 7410대 '배출가스 자기진단장치' 결함,http://www.consumuch.com/news/articleView.html?idxno=53754
191,폭스바겐 '파사트GT' 파격의 숫자 '18%' 내놨다...3600만원대,http://www.gpkorea.com/news/articleView.html?idxno=72200
192,"폭스바겐, 파사트GT 할인 대폭 확대. 신형 티록도 5% 할인",http://www.autodaily.co.kr/news/articleView.html?idxno=426137
193,"[시승기] 자동차 마니아, 조의렴이 바라본 매력적인 세단 ‘폭스바겐 파사트 GT 4모션’",https://hankookilbo.com/News/Read/A2021030911220002730?did=NA
194,"폭스바겐코리아, 파사트. 티록 등 2021년형 전 차종 고객 시승 이벤트 실시",http://www.autodaily.co.kr/news/articleView.html?idxno=426032
195,"[자유로 연비] 합리적인 패밀리 세단, 폭스바겐 파사트 GT의 자유로 연비는?",https://hankookilbo.com/News/Read/A2021030208100003460?did=NA
196,영문모를 대박차는 ‘폭스바겐 파사트’...아쉬운 차론 ‘볼보 V60’,http://biz.heraldcorp.com/view.php?ud=20150825000665
197,"""아 옛날이여!"" 폭스바겐 파사트, 할인해도 안팔린다",http://www.bloter.net/archives/533175
198,[시승기] 탄탄한 기본기와 경험으로 피어난 폭스바겐 '파사트 GT 프레스티지',https://hankookilbo.com/News/Read/A2021022519280000457?did=NA
199,"폭스바겐, 4월 한달 간 ‘파사트’ 고품질 순정부품 20% 할인",http://www.ajunews.com/view/20150331170003105
200,"폭스바겐, 4월 한달 간 ‘파사트’ 고품질 순정부품 20% 할인",http://www.ajunews.com/view/20150331170003105
201,갈수록 높아지는 폭스바겐 할인율. 파사트GT 14%. 아테온은 무려 22%,http://www.autodaily.co.kr/news/articleView.html?idxno=427300
202,"2015 제네바 모터쇼 개막, 유럽 올해의 차는? '폭스바겐 파사트'",https://news.naver.com/main/read.naver?mode=LSD&mid=sec&sid1=103&oid=011&aid=0002647325
203,이지적인 남자의 표현 ‘폭스바겐 파사트’,http://www.newsway.co.kr/view.php?tp=1&ud=2015010714295879700
204,"폭스바겐, 日서 아테온·파사트 4387대 리콜 실시..그 원인은?",http://www.dailycar.co.kr/content/news.html?type=view&autoId=38872
205,"폭스바겐, 파사트GT 등 5개 라인업 시승 이벤트 진행",http://moneys.mt.co.kr/news/mwView.php?no=2021030514368028669
206,"""월 10만원대에 폭스바겐 탄다""… 티록·파사트 할부 프로모션",http://moneys.mt.co.kr/news/mwView.php?no=2021021717478094780
207,"폭스바겐파이낸셜서비스코리아, '티록·파사트GT' 월 10만원대 특별 프로모션 실시",http://www.autodaily.co.kr/news/articleView.html?idxno=425715
208,"[시승기] 폭스바겐 파사트 GT ""명문家에 걸맞은 신사의 품격""",http://www.g-enews.com/ko-kr/news/article/news_all/2021021601252429530d88486204_1/article.html
209,"폭스바겐 '파사트', 국내 완성차업체 공공의 적···왜?",http://www.hankyung.com/news/app/newsview.php?aid=201403068989g
210,"폭스바겐파이낸셜, 티록·파사트GT 월 10만원대 할부 프로모션",https://www.asiatoday.co.kr/view.php?key=20210217010010134
211,"[시승기] 폭스바겐 파사트 GT ""명문家에 걸맞은 신사의 품격""",http://www.g-enews.com/ko-kr/news/article/news_all/2021021601252429530d88486204_1/article.html
212,"폭스바겐 '파사트', 국내 완성차업체 공공의 적···왜?",http://www.hankyung.com/news/app/newsview.php?aid=201403068989g
213,신차 효과 없는 폭스바겐 파사트...결국 할인 늘린다,http://www.ceoscoredaily.com/news/article.html?no=78295
214,폭스바겐 '파사트' 인천공항 전시·체험 이벤트,http://news1.kr/articles/1325057
215,"폭스바겐, 파사트 GT TDI 프레스티지 4모션 인도 시작…스마트 기능 추가",http://www.metroseoul.co.kr/article/20220209500303
216,"돌아온 젠틀맨 세단, 폭스바겐 신형 파사트 GT-갓성비 비즈니스 세단",http://news.mk.co.kr/newsRead.php?no=102283&year=2021
217,기본에 충실한 '디젤 세단' 파사트…국산차 조준하는 폭스바겐,https://www.nocutnews.co.kr/news/5491651
218,"폭스바겐 신형 '파사트' 공개, 합리적 가격 얼마?",http://www.moneyweek.co.kr/news/mwView.php?type=1&no=2014070516018040174&outlink=1
219,"폭스바겐 파사트, 연비 33.1km로 세계기록 달성",http://www.it.co.kr/news/mediaitNewsView.php?nSeq=2396040
220,신차 효과 없는 폭스바겐 파사트...결국 할인 늘린다,http://www.ceoscoredaily.com/news/article.html?no=78295
221,폭스바겐 '파사트' 인천공항 전시·체험 이벤트,http://news1.kr/articles/1325057
222,"폭스바겐, 파사트 GT TDI 프레스티지 4모션 인도 시작…스마트 기능 추가",http://www.metroseoul.co.kr/article/20220209500303
223,"돌아온 젠틀맨 세단, 폭스바겐 신형 파사트 GT-갓성비 비즈니스 세단",http://news.mk.co.kr/newsRead.php?no=102283&year=2021
224,기본에 충실한 '디젤 세단' 파사트…국산차 조준하는 폭스바겐,https://www.nocutnews.co.kr/news/5491651
225,"폭스바겐 신형 '파사트' 공개, 합리적 가격 얼마?",http://www.moneyweek.co.kr/news/mwView.php?type=1&no=2014070516018040174&outlink=1
226,"폭스바겐 파사트, 연비 33.1km로 세계기록 달성",http://www.it.co.kr/news/mediaitNewsView.php?nSeq=2396040
227,"폭스바겐 '파사트' 리터당 33.1km, 기네스 오른다",http://www.newstomato.com/ReadNews.aspx?no=376409
228,"폭스바겐, ‘파사트’를 36개월 무이자 할부 구매",http://www.fnnews.com/view?ra=Sent0601m_01A&corp=fnnews&arcid=201304170100193080010648&cDateYear=2013&cDateMonth=04&cDateDay=17&
229,[시승기] 인터렉티브한 모습으로 변신한..폭스바겐 신형 파사트 GT,http://www.dailycar.co.kr/content/news.html?type=view&autoId=38708
230,[시승기] 인터렉티브한 모습으로 변신한..폭스바겐 신형 파사트 GT,http://www.dailycar.co.kr/content/news.html?type=view&autoId=38708
231,"[시승]이유있는 스테디셀러, 폭스바겐 파사트 GT",http://autotimes.hankyung.com/apps/news.sub_view?popup=0&nid=06&c1=06&c2=06&c3=00&nkey=202101261620381
232,"'3천만원대 독일 쏘나타' 폭스바겐 파사트, '3천만대' 팔릴만했네",http://news.mk.co.kr/newsRead.php?no=75103&year=2021
233,그랜저 잡겠다는 폭스바겐 ‘파사트’ 감춰진 장단점…,http://news.donga.com/3/all/20120808/48469109/2
234,"폭스바겐파이낸셜, 신형 ‘티록-파사트GT’ 특별 프로모션 실시",http://www.lawissue.co.kr/view.php?ud=20210217150727384667191f6c6e_12
235,"[시승기] 폭스바겐 파사트GT ""이렇게 부드러운 남자였나""",http://www.gpkorea.com/news/articleView.html?idxno=70659
236,"[리얼시승기] 폭스바겐 파사트 GT ""정통 유럽파의 뛰어난 국내 적응력""",http://www.g-enews.com/ko-kr/news/article/news_all/2021021412505367930d88486204_1/article.html
237,"[시승기] 세련되고 스포티한 '폭스바겐, 파사트 GT'… 첨단 기능으로 진화",http://digitalchosun.dizzo.com/site/data/html_dir/2021/01/12/2021011280210.html
238,[김준형의 오토 인사이드] 더 명민해진 폭스바겐 파사트GT 타보니,https://www.etoday.co.kr/news/view/1982960
239,"[타볼레오]폭스바겐 파사트 GT, 똑똑한 안전 운전부터 가성비까지",https://view.asiae.co.kr/article/2021011111384558951
240,"[타볼레오]폭스바겐 파사트 GT, 똑똑한 안전 운전부터 가성비까지",https://view.asiae.co.kr/article/2021011111384558951
241,"[生生시승기] 폭스바겐 파사트 GT, '진정한 엄친아'…고급성·합리성 겸비",http://www.sporbiz.co.kr/news/articleView.html?idxno=506798
242,초보운전도 눈길 완전 정복…폭스바겐 '파사트 GT' 타보니 [신차털기],https://www.hankyung.com/economy/article/202101080505g
243,"폭스바겐, 신형 파사트 GT '실용성의 최고봉으로 불리는 이유'",http://www.gpkorea.com/news/articleView.html?idxno=70488
244,[시승기] 보편타당함에 대한 폭스바겐의 대답…2021 폭스바겐 파사트 GT 프레스티지,https://hankookilbo.com/News/Read/A2021010808200005627?did=NA
245,"[시승기] 폭스바겐 신형 파사트 GT, 고급스러운데 가격까지 합리적…3000만대나 팔린 이유 다 있죠",http://news.mk.co.kr/newsRead.php?no=22374&year=2021
246,[시승] '디자인·상품성 업그레이드' 가성비까지 좋은 비즈니스 세단. 폭스바겐 '파사트 GT',http://www.autodaily.co.kr/news/articleView.html?idxno=424906
247,[시승기] ‘기본기 교과서’ 폭스바겐 파사트 GT에 ‘첨단’ 입히니… 돌풍 불까,https://www.asiatoday.co.kr/view.php?key=20210106010002889
248,[조재환의 카테크] 폭스바겐 파사트 GT 탑재 ‘트래블 어시스트’ 써보니,https://zdnet.co.kr/view/?no=20210106115032
249,파사트GT 왜 스마트 비즈니스 세단인가?[SS시승기],http://www.sportsseoul.com/news/read/1063100?ref=naver
250,[조재환의 카테크] 폭스바겐 파사트 GT 탑재 ‘트래블 어시스트’ 써보니,https://zdnet.co.kr/view/?no=20210106115032
251,"폭스바겐, 新 파사트 GT로 새해 첫 출격..1월부터 본격 인도 실시",http://www.dailycar.co.kr/content/news.html?type=view&autoId=38513
252,파사트GT 왜 스마트 비즈니스 세단인가?[SS시승기],http://www.sportsseoul.com/news/read/1063100?ref=naver
253,"폭스바겐, 700㎞ 가는 전기차 공개 계획..파사트 전기차 나온다!",http://www.dailycar.co.kr/content/news.html?type=view&autoId=43593
254,"수입차 대중화 선언 폭스바겐, IQ 높아진 신형 파사트 GT로 공격 행보 잇는다",http://www.autodaily.co.kr/news/articleView.html?idxno=424619
255,아우디폭스바겐 'A6 - 파사트GT' 형제의 반란 시작됐다,http://www.gpkorea.com/news/articleView.html?idxno=69921
256,"[클릭!이 차]폭스바겐 파사트 GT, 3000만원대에 '부분 자율주행'까지",http://www.etnews.com/20201217000150
257,"폭스바겐, '티록·파사트' 월 10만원대 할부 프로모션",http://mbnmoney.mbn.co.kr/news/view?news_no=MM1004269325
258,"폭스바겐, 뉴 스마트 비즈니스 세단 ‘파사트 GT’ 홍보대사에 조진웅 발탁",http://www.betanews.net:8080/article/1245806.html
259,"폭스바겐코리아, ‘신형 파사트 GT’ 출시",http://www.rpm9.com/news/article.html?id=20201215090001
260,"폭스바겐, 신형 파사트 GT 홍보대사에 배우 조진웅 발탁",http://www.newsis.com/view/?id=NISX20201215_0001271107&cID=13001&pID=13000
261,"폭스바겐코리아, ‘신형 파사트 GT’ 출시",http://www.rpm9.com/news/article.html?id=20201215090001
262,"폭스바겐코리아, 4천만 원대로 판매 시작하는 '신형 파사트 GT' 사전계약 실시",http://kr.aving.net/news/view.php?articleId=1588600&Branch_ID=kr&rssid=naver&mn_name=news
263,폭스바겐 ‘파사트 GT’ 내일 국내 데뷔… “진일보한 비즈니스 세단”,http://www.munhwa.com/news/view.html?no=2020121401072039176001
264,"""왜 이제야 왔니""…폭스바겐 신형 `파사트 GT`, 국내 출시 임박",http://news.mk.co.kr/newsRead.php?no=1260736&year=2020
265,[김준형의 오토 인사이드] '리-부트' 폭스바겐…중형세단 파사트 GT 부활,https://www.etoday.co.kr/news/view/1970649
266,"폭스바겐, 신형 파사트 GT 출시…시장 점유율 확대 나서",http://www.busan.com/view/busan/view.php?code=2020120312485163137
267,미국형 파사트 단종된다..전동화 집중하는 폭스바겐,http://www.dailycar.co.kr/content/news.html?type=view&autoId=38247
268,[車업계 새 전략 ‘프리미엄’] 폭스바겐 ‘파사트’…주행성능 탁월 실내공간 넉넉,http://www.etoday.co.kr/news/section/newsview.php?idxno=823152
269,폭스바겐 대표 비즈니스 세단 '신형 파사트 GT' 국내 출시 초읽기,http://digitalchosun.dizzo.com/site/data/html_dir/2020/11/30/2020113080097.html
270,"폭스바겐코리아, '신형 파사트' 홍보대사로 배우 조진웅 선정",http://kr.aving.net/news/view.php?articleId=1588623&Branch_ID=kr&rssid=naver&mn_name=news
271,"폭스바겐코리아, 4천만 원대로 판매 시작하는 '신형 파사트 GT' 사전계약 실시",http://kr.aving.net/news/view.php?articleId=1588600&Branch_ID=kr&rssid=naver&mn_name=news
272,폭스바겐 ‘파사트 GT’ 내일 국내 데뷔… “진일보한 비즈니스 세단”,http://www.munhwa.com/news/view.html?no=2020121401072039176001
273,"""왜 이제야 왔니""…폭스바겐 신형 `파사트 GT`, 국내 출시 임박",http://news.mk.co.kr/newsRead.php?no=1260736&year=2020
274,[김준형의 오토 인사이드] '리-부트' 폭스바겐…중형세단 파사트 GT 부활,https://www.etoday.co.kr/news/view/1970649
275,"폭스바겐, 신형 파사트 GT 출시…시장 점유율 확대 나서",http://www.busan.com/view/busan/view.php?code=2020120312485163137
276,미국형 파사트 단종된다..전동화 집중하는 폭스바겐,http://www.dailycar.co.kr/content/news.html?type=view&autoId=38247
277,[車업계 새 전략 ‘프리미엄’] 폭스바겐 ‘파사트’…주행성능 탁월 실내공간 넉넉,http://www.etoday.co.kr/news/section/newsview.php?idxno=823152
278,폭스바겐 대표 비즈니스 세단 '신형 파사트 GT' 국내 출시 초읽기,http://digitalchosun.dizzo.com/site/data/html_dir/2020/11/30/2020113080097.html
279,"폭스바겐코리아, '파사트GT 부분변경' 내달 출시. 고객 인도 내년 1월",http://www.autodaily.co.kr/news/articleView.html?idxno=423960
280,"폭스바겐코리아, '신형 파사트 GT' 홍보대사에 배우 조진웅 발탁",http://sports.chosun.com/news/ntype.htm?id=202012160100120600007243&servicedate=20201215
281,"폭스바겐코리아, 4천만 원대로 판매 시작하는 '신형 파사트 GT' 사전계약 실시",http://kr.aving.net/news/view.php?articleId=1588600&Branch_ID=kr&rssid=naver&mn_name=news
282,폭스바겐 ‘파사트 GT’ 내일 국내 데뷔… “진일보한 비즈니스 세단”,http://www.munhwa.com/news/view.html?no=2020121401072039176001
283,"""왜 이제야 왔니""…폭스바겐 신형 `파사트 GT`, 국내 출시 임박",http://news.mk.co.kr/newsRead.php?no=1260736&year=2020
284,[김준형의 오토 인사이드] '리-부트' 폭스바겐…중형세단 파사트 GT 부활,https://www.etoday.co.kr/news/view/1970649
285,"폭스바겐, 신형 파사트 GT 출시…시장 점유율 확대 나서",http://www.busan.com/view/busan/view.php?code=2020120312485163137
286,미국형 파사트 단종된다..전동화 집중하는 폭스바겐,http://www.dailycar.co.kr/content/news.html?type=view&autoId=38247
287,[車업계 새 전략 ‘프리미엄’] 폭스바겐 ‘파사트’…주행성능 탁월 실내공간 넉넉,http://www.etoday.co.kr/news/section/newsview.php?idxno=823152
288,폭스바겐 대표 비즈니스 세단 '신형 파사트 GT' 국내 출시 초읽기,http://digitalchosun.dizzo.com/site/data/html_dir/2020/11/30/2020113080097.html
289,"폭스바겐코리아, '파사트GT 부분변경' 내달 출시. 고객 인도 내년 1월",http://www.autodaily.co.kr/news/articleView.html?idxno=423960
290,"폭스바겐, '신형 파사트 GT' 홍보대사에 배우 조진웅 발탁",http://news.mt.co.kr/mtview.php?no=2020121516131943967
291,"폭스바겐코리아, 4천만 원대로 판매 시작하는 '신형 파사트 GT' 사전계약 실시",http://kr.aving.net/news/view.php?articleId=1588600&Branch_ID=kr&rssid=naver&mn_name=news
292,폭스바겐 ‘파사트 GT’ 내일 국내 데뷔… “진일보한 비즈니스 세단”,http://www.munhwa.com/news/view.html?no=2020121401072039176001
293,"""왜 이제야 왔니""…폭스바겐 신형 `파사트 GT`, 국내 출시 임박",http://news.mk.co.kr/newsRead.php?no=1260736&year=2020
294,[김준형의 오토 인사이드] '리-부트' 폭스바겐…중형세단 파사트 GT 부활,https://www.etoday.co.kr/news/view/1970649
295,"폭스바겐, 신형 파사트 GT 출시…시장 점유율 확대 나서",http://www.busan.com/view/busan/view.php?code=2020120312485163137
296,미국형 파사트 단종된다..전동화 집중하는 폭스바겐,http://www.dailycar.co.kr/content/news.html?type=view&autoId=38247
297,[車업계 새 전략 ‘프리미엄’] 폭스바겐 ‘파사트’…주행성능 탁월 실내공간 넉넉,http://www.etoday.co.kr/news/section/newsview.php?idxno=823152
298,폭스바겐 대표 비즈니스 세단 '신형 파사트 GT' 국내 출시 초읽기,http://digitalchosun.dizzo.com/site/data/html_dir/2020/11/30/2020113080097.html
299,"폭스바겐코리아, '파사트GT 부분변경' 내달 출시. 고객 인도 내년 1월",http://www.autodaily.co.kr/news/articleView.html?idxno=423960
300,폭스바겐코리아 ‘신형 파사트 GT’ 출시…4490만원부터,https://www.dailian.co.kr/news/view/946154/?sc=Naver
301,"폭스바겐코리아, 신형 파사트 GT 출시…""수입차 대중화""",http://www.fnnews.com/news/202012141354101055
302,"""왜 이제야 왔니""…폭스바겐 신형 `파사트 GT`, 국내 출시 임박",http://news.mk.co.kr/newsRead.php?no=1260736&year=2020
303,[김준형의 오토 인사이드] '리-부트' 폭스바겐…중형세단 파사트 GT 부활,https://www.etoday.co.kr/news/view/1970649
304,"폭스바겐, 신형 파사트 GT 출시…시장 점유율 확대 나서",http://www.busan.com/view/busan/view.php?code=2020120312485163137
305,미국형 파사트 단종된다..전동화 집중하는 폭스바겐,http://www.dailycar.co.kr/content/news.html?type=view&autoId=38247
306,[車업계 새 전략 ‘프리미엄’] 폭스바겐 ‘파사트’…주행성능 탁월 실내공간 넉넉,http://www.etoday.co.kr/news/section/newsview.php?idxno=823152
307,폭스바겐 대표 비즈니스 세단 '신형 파사트 GT' 국내 출시 초읽기,http://digitalchosun.dizzo.com/site/data/html_dir/2020/11/30/2020113080097.html
308,"폭스바겐코리아, '파사트GT 부분변경' 내달 출시. 고객 인도 내년 1월",http://www.autodaily.co.kr/news/articleView.html?idxno=423960
309,"폭스바겐, 미국시장서 파사트 판매 중단 계획..그 이유는?",http://m.dailycar.co.kr/content/news.html?type=view&autoId=38146
310,"폭스바겐, 비즈니스 세단 '신형 파사트 GT' 출시…잠정가격 4490만 원부터",https://www.etoday.co.kr/news/view/1973539
311,"""왜 이제야 왔니""…폭스바겐 신형 `파사트 GT`, 국내 출시 임박",http://news.mk.co.kr/newsRead.php?no=1260736&year=2020
312,[김준형의 오토 인사이드] '리-부트' 폭스바겐…중형세단 파사트 GT 부활,https://www.etoday.co.kr/news/view/1970649
313,"폭스바겐, 신형 파사트 GT 출시…시장 점유율 확대 나서",http://www.busan.com/view/busan/view.php?code=2020120312485163137
314,미국형 파사트 단종된다..전동화 집중하는 폭스바겐,http://www.dailycar.co.kr/content/news.html?type=view&autoId=38247
315,[車업계 새 전략 ‘프리미엄’] 폭스바겐 ‘파사트’…주행성능 탁월 실내공간 넉넉,http://www.etoday.co.kr/news/section/newsview.php?idxno=823152
316,폭스바겐 대표 비즈니스 세단 '신형 파사트 GT' 국내 출시 초읽기,http://digitalchosun.dizzo.com/site/data/html_dir/2020/11/30/2020113080097.html
317,"폭스바겐코리아, '파사트GT 부분변경' 내달 출시. 고객 인도 내년 1월",http://www.autodaily.co.kr/news/articleView.html?idxno=423960
318,"폭스바겐, 미국시장서 파사트 판매 중단 계획..그 이유는?",http://m.dailycar.co.kr/content/news.html?type=view&autoId=38146
319,"[시승기]폭스바겐 파사트GT…뛰어난 실연비, 가성비는 글쎄",http://www.mediapen.com/news/view/591556
320,"폭스바겐, 3천만원대 파사트 GT 출시..5년 15만km 보증!",http://www.dailycar.co.kr/content/news.html?type=view&autoId=38342
321,"""왜 이제야 왔니""…폭스바겐 신형 `파사트 GT`, 국내 출시 임박",http://news.mk.co.kr/newsRead.php?no=1260736&year=2020
322,[김준형의 오토 인사이드] '리-부트' 폭스바겐…중형세단 파사트 GT 부활,https://www.etoday.co.kr/news/view/1970649
323,"폭스바겐, 신형 파사트 GT 출시…시장 점유율 확대 나서",http://www.busan.com/view/busan/view.php?code=2020120312485163137
324,미국형 파사트 단종된다..전동화 집중하는 폭스바겐,http://www.dailycar.co.kr/content/news.html?type=view&autoId=38247
325,[車업계 새 전략 ‘프리미엄’] 폭스바겐 ‘파사트’…주행성능 탁월 실내공간 넉넉,http://www.etoday.co.kr/news/section/newsview.php?idxno=823152
326,폭스바겐 대표 비즈니스 세단 '신형 파사트 GT' 국내 출시 초읽기,http://digitalchosun.dizzo.com/site/data/html_dir/2020/11/30/2020113080097.html
327,"폭스바겐코리아, '파사트GT 부분변경' 내달 출시. 고객 인도 내년 1월",http://www.autodaily.co.kr/news/articleView.html?idxno=423960
328,"폭스바겐, 미국시장서 파사트 판매 중단 계획..그 이유는?",http://m.dailycar.co.kr/content/news.html?type=view&autoId=38146
329,"[시승기]폭스바겐 파사트GT…뛰어난 실연비, 가성비는 글쎄",http://www.mediapen.com/news/view/591556
330,"폭스바겐, 신형 파사트GT부터 새 한국형 내비 장착",http://news.mt.co.kr/mtview.php?no=2020121413244455665
331,"""왜 이제야 왔니""…폭스바겐 신형 `파사트 GT`, 국내 출시 임박",http://news.mk.co.kr/newsRead.php?no=1260736&year=2020
332,[김준형의 오토 인사이드] '리-부트' 폭스바겐…중형세단 파사트 GT 부활,https://www.etoday.co.kr/news/view/1970649
333,"폭스바겐, 신형 파사트 GT 출시…시장 점유율 확대 나서",http://www.busan.com/view/busan/view.php?code=2020120312485163137
334,미국형 파사트 단종된다..전동화 집중하는 폭스바겐,http://www.dailycar.co.kr/content/news.html?type=view&autoId=38247
335,[車업계 새 전략 ‘프리미엄’] 폭스바겐 ‘파사트’…주행성능 탁월 실내공간 넉넉,http://www.etoday.co.kr/news/section/newsview.php?idxno=823152
336,폭스바겐 대표 비즈니스 세단 '신형 파사트 GT' 국내 출시 초읽기,http://digitalchosun.dizzo.com/site/data/html_dir/2020/11/30/2020113080097.html
337,"폭스바겐코리아, '파사트GT 부분변경' 내달 출시. 고객 인도 내년 1월",http://www.autodaily.co.kr/news/articleView.html?idxno=423960
338,"폭스바겐, 미국시장서 파사트 판매 중단 계획..그 이유는?",http://m.dailycar.co.kr/content/news.html?type=view&autoId=38146
339,"[시승기]폭스바겐 파사트GT…뛰어난 실연비, 가성비는 글쎄",http://www.mediapen.com/news/view/591556
340,"폭스바겐, 12월 신형 ‘파사트 GT’ 출시…""비즈니스 세단의 교과서""",http://daily.hankooki.com/lpage/industry/202011/dh20201130175813147980.htm?s_ref=nv
341,[배틀카] '비즈니스 세단의 새로운 대안' 폭스바겐코리아 신형 파사트 GT 출시,https://ilyo.co.kr/?ac=article_view&entry_id=387327
342,"폭스바겐코리아, '파사트GT 부분변경' 내달 출시. 고객 인도 내년 1월",http://www.autodaily.co.kr/news/articleView.html?idxno=423960
343,"폭스바겐, 미국시장서 파사트 판매 중단 계획..그 이유는?",http://m.dailycar.co.kr/content/news.html?type=view&autoId=38146
344,"[시승기]폭스바겐 파사트GT…뛰어난 실연비, 가성비는 글쎄",http://www.mediapen.com/news/view/591556
345,폭스바겐코리아 신형 ‘파사트 GT’ 이번 달 출시,http://www.busan.com/view/busan/view.php?code=2020120219000391391
346,폭스바겐 ‘파사트 GT’ 타 보니… ‘IQ 드라이브’ 시스템 갖춘 똑똑한 중형 세단,http://www.busan.com/view/busan/view.php?code=2021011217390601222
347,폭스바겐 신형 파사트 GT 홍보대사에 배우 조진웅,http://yna.kr/AKR20201215089700003?did=1195m
348,"폭스바겐, 2022년형 파사트 GT 출시…10마력 강해졌다",http://www.metroseoul.co.kr/article/20220112500336
349,"폭스바겐, 티록·파사트 할부상품 출시…3년 차값 65% 유예",http://www.fntimes.com/html/view.php?ud=202102171137454717de3572ddd_18
350,"[시승기]폭스바겐 파사트GT…뛰어난 실연비, 가성비는 글쎄",http://www.mediapen.com/news/view/591556
351,폭스바겐코리아 신형 ‘파사트 GT’ 이번 달 출시,http://www.busan.com/view/busan/view.php?code=2020120219000391391
352,"폭스바겐, 내달 신형 파사트GT 출시",http://www.thedrive.co.kr/news/newsview.php?ncode=1065600070579301
353,폭스바겐 ‘파사트 GT’ 타 보니… ‘IQ 드라이브’ 시스템 갖춘 똑똑한 중형 세단,http://www.busan.com/view/busan/view.php?code=2021011217390601222
354,폭스바겐 신형 파사트 GT 홍보대사에 배우 조진웅,http://yna.kr/AKR20201215089700003?did=1195m
355,"폭스바겐, 2022년형 파사트 GT 출시…10마력 강해졌다",http://www.metroseoul.co.kr/article/20220112500336
356,"폭스바겐, 티록·파사트 할부상품 출시…3년 차값 65% 유예",http://www.fntimes.com/html/view.php?ud=202102171137454717de3572ddd_18
357,모범생의 조건… 폭스바겐 ‘파사트 GT’ [시승기],http://www.segye.com/content/html/2021/01/06/20210106503468.html?OutUrl=naver
358,폭스바겐 '신형 파사트 GT' 사전계약… 4490만~5390만원,http://biz.newdaily.co.kr/site/data/html/2020/12/14/2020121400121.html
359,"폭스바겐. 아우디, 반도체 칩 부족으로 티구안. 파사트. A4 등 생산 차질",http://www.autodaily.co.kr/news/articleView.html?idxno=425097
360,"맵퍼스, 폭스바겐 파사트 GT 등에 맵 데이터 공급",https://www.asiatoday.co.kr/view.php?key=20210105010002320
361,"폭스바겐, 내달 신형 파사트GT 출시",http://yna.kr/PYH20201130005700003?did=1196m
362,"""나오면 무조건 대박""…'가격반란' 폭스바겐 4개차종, 신형 골프도 출시 임박[왜몰랐을카]",http://news.mk.co.kr/newsRead.php?no=936136&year=2021
363,"[주차장] 2월 3주, 브랜드 성과 과시…현대차 외 5가지 자동차",http://www.shinailbo.co.kr/news/articleView.html?idxno=1515721
364,"[자동차오늘] DS, E-텐스 퍼포먼스 콘셉트카 공개…기아, 영국서 첫 월간 판매 1위 올라",http://www.sisaon.co.kr/news/articleView.html?idxno=136162
365,"폭스바겐, 9세대 신형 파사트 개발 계획..전기차로 변모할까?",http://www.dailycar.co.kr/content/news.html?type=view&autoId=37429
366,"[한주의 자동차 소식] 현대차그룹, 미국 자동차 전문지 시상식 대거 수상 外",http://www.sporbiz.co.kr/news/articleView.html?idxno=610083
367,"[신차] 폭스바겐, 사륜구동 '2022년형 파사트 GT 2.0 최상위 트림'",http://www.seoulfn.com/news/articleView.html?idxno=446126
368,폭스바겐 '신형 파사트 GT' 홍보대사에 배우 조진웅,http://yna.kr/PYH20201215078300013?did=1196m
369,폭스바겐 '신형 파사트 GT' 출시,http://yna.kr/PYH20201214086500013?did=1196m
370,"폭스바겐코리아, 2022년형 '파사트 GT' 최상위 트림 출시",https://www.ajunews.com/view/20220209151707971
371,폭스바겐 '신형 파사트 GT' 홍보대사에 배우 조진웅,http://yna.kr/PYH20201215078300013?did=1196m
372,폭스바겐 '신형 파사트 GT' 출시,http://yna.kr/PYH20201214086500013?did=1196m
373,날렵·세련 디자인에 첨단 기능까지 두루 갖춰… ‘연비 깡패’ 신형 파사트 GT [시승기],http://www.segye.com/content/html/2021/07/03/20210703503076.html?OutUrl=naver
374,폭스바겐 파사트 대체모델 'ID. 스페이스 비전' 양산 돌입,https://www.kgnews.co.kr/news/article.html?no=613606
375,"해치백 '인싸'가 뜬다…폭스바겐, '골프TDI' 연내 출시",https://www.ebn.co.kr/news/view/1502443/?sc=Naver
376,"폭스바겐 'ID.4', 내년 초 한국 상륙…""현대차·테슬라 긴장해""",http://www.newstomato.com/ReadNews.aspx?no=1080667&inflow=N
377,4000만원대 가성비 끝판왕... 성능은 프리미엄급이네,http://www.fnnews.com/news/202202061754592175
378,"""테슬라, 그동안 애썼다""…'한국은 처음' 폭스바겐 SUV 전기차 ID.4, 보조금 100% 유력",http://news.mk.co.kr/newsRead.php?no=980685&year=2021
379,"폭스바겐, 연말부터 美 공장서 파사트 대신 전기차 ID.4 생산",http://www.autodaily.co.kr/news/articleView.html?idxno=431582
380,"폭스바겐 'ID.4', 내년 초 한국 상륙…""현대차·테슬라 긴장해""",http://www.newstomato.com/ReadNews.aspx?no=1080667&inflow=N
381,4000만원대 가성비 끝판왕... 성능은 프리미엄급이네,http://www.fnnews.com/news/202202061754592175
382,"""테슬라, 그동안 애썼다""…'한국은 처음' 폭스바겐 SUV 전기차 ID.4, 보조금 100% 유력",http://news.mk.co.kr/newsRead.php?no=980685&year=2021
383,"폭스바겐코리아, 사륜구동 비즈니스 세단 ‘파사트GT 4모션’ 출시… 오는 11일 출고 개시",https://www.donga.com/news/article/all/20220209/111686064/2
384,"폭스바겐, 연말부터 美 공장서 파사트 대신 전기차 ID.4 생산",http://www.autodaily.co.kr/news/articleView.html?idxno=431582
385,"폭스바겐, 9세대로 변신하는 파사트..PHEV 국내 투입할까?",http://www.dailycar.co.kr/content/news.html?type=view&autoId=36561
386,"아우디 A3 이어 '파사트'도 파격할인...""국산차와 가격경쟁""",http://www.whitepaper.co.kr/news/articleView.html?idxno=105303
387,"폭스바겐, 성능강화 '2022 파사트 GT' 출시...4100만원대부터",http://www.gpkorea.com/news/articleView.html?idxno=81824
388,中서 충돌 안전성 문제로 구설수 오른 폭스바겐..그 배경은?,http://www.dailycar.co.kr/content/news.html?type=view&autoId=40496
389,"포르쉐, 역대 최대 판매…1위 차종은?",http://news.bizwatch.co.kr/article/industry/2022/01/14/0007
390,"포르쉐, 역대 최대 판매…1위 차종은?",http://news.bizwatch.co.kr/article/industry/2022/01/14/0007
391,"넥센타이어, 폭스바겐 파사트에 신차용 타이어 공급",http://www.ebn.co.kr/news/view/1025415/?sc=naver
392,"폭스바겐코리아, '2022년형 파사트GT' 출시…""엔진·상품성 강화""",http://www.paxetv.com/news/articleView.html?idxno=135872
393,"티구안마저, '가격파괴' 4개차종…'디젤 옹고집' 폭스바겐, 속내 들여다보니",https://premium.mk.co.kr/view.php?no=30556
394,"폭스바겐코리아, '2022년형 파사트 GT' 출시…신형 엔진 연료 효율성 개선",http://www.economytalk.kr/news/articleView.html?idxno=218834
395,"폭스바겐 파사트, 美서 순수 전기차로 변신..친환경 라인업 강화",http://www.dailycar.co.kr/content/news.html?type=view&autoId=35810
396,"폭스바겐, 차세대 파사트 전기차 가능성↑...ID 브랜드 예상",http://www.gpkorea.com/news/articleView.html?idxno=61590
397,커넥티드카에 빠진 수입차… 'K-인포테인먼트' 뜬다,http://www.seoulwire.com/news/articleView.html?idxno=459551
398,팰리세이드·아이오닉 5와 경쟁?..전기차·가솔린 승부수 띄우는 폭스바겐,http://www.dailycar.co.kr/content/news.html?type=view&autoId=40405
399,"넥센타이어, 폭스바겐 '파사트'에 타이어 공급",http://www.gndomin.com/news/articleView.html?idxno=235293
400,"넥센타이어, 폭스바겐 파사트에 신차용 타이어 공급",http://news.wowtv.co.kr/NewsCenter/News/Read?articleId=A202003090152&t=NN
401,커넥티드카에 빠진 수입차… 'K-인포테인먼트' 뜬다,http://www.seoulwire.com/news/articleView.html?idxno=459551
402,"폭스바겐코리아, ‘2022년형 파사트GT’ 출시… 엔진·상품성 강화",https://www.donga.com/news/article/all/20220112/111218181/2
403,팰리세이드·아이오닉 5와 경쟁?..전기차·가솔린 승부수 띄우는 폭스바겐,http://www.dailycar.co.kr/content/news.html?type=view&autoId=40405
404,"넥센타이어, 폭스바겐 '파사트'에 타이어 공급",http://www.gndomin.com/news/articleView.html?idxno=235293
405,"[비교] 여전히 매력을 제시하는 수입 세단, 4천만원대 수입 세단은 무엇이 있을까?",https://hankookilbo.com/News/Read/A2021122208410002391?did=NA
406,"폭스바겐, 쏘나타보다 저렴한 파사트 공개..한국시장 투입하나?",http://www.dailycar.co.kr/content/news.html?type=view&autoId=35122
407,"폭스바겐코리아, 롯데리조트부여와 '온앤오프' 패키지 출시",http://www.mediapen.com/news/view/643523
408,디젤차 고집한 폭스바겐…수입차 6위로 추락,http://isplus.live.joins.com/news/article/article.asp?total_id=24223053
409,"""기다리다 지칠 뻔""…'신차' 폭스바겐 티구안, 마침내 22일 출시 '확정'",http://news.mk.co.kr/newsRead.php?no=675014&year=2021
410,"넥센타이어, 폭스바겐 ‘파사트’에 신차용 타이어 공급",http://moneys.mt.co.kr/news/mwView.php?no=2020031007468089593
411,"넥센타이어, 폭스바겐 베스트셀링 차종 ‘파사트’에 신차용 타이어 공급",http://www.ajunews.com/view/20200309104058960
412,"[비교] 여전히 매력을 제시하는 수입 세단, 4천만원대 수입 세단은 무엇이 있을까?",https://hankookilbo.com/News/Read/A2021122208410002391?did=NA
413,"폭스바겐코리아, 상품성 높인 '22년형 파사트 GT' 출시",http://autotimes.hankyung.com/apps/news.sub_view?popup=0&nid=02&c1=02&c2=02&c3=00&nkey=202201121204151
414,"폭스바겐코리아, 롯데리조트부여와 '온앤오프' 패키지 출시",http://www.mediapen.com/news/view/643523
415,"폭스바겐, 쏘나타보다 저렴한 파사트 공개..한국시장 투입하나?",http://www.dailycar.co.kr/content/news.html?type=view&autoId=35122
416,디젤차 고집한 폭스바겐…수입차 6위로 추락,http://isplus.live.joins.com/news/article/article.asp?total_id=24223053
417,"""기다리다 지칠 뻔""…'신차' 폭스바겐 티구안, 마침내 22일 출시 '확정'",http://news.mk.co.kr/newsRead.php?no=675014&year=2021
418,작년 파사트 TSI 재현될까? 폭스바겐 '2020년형 티구안' 11번가 사전예약 D-1,http://www.osen.co.kr/article/G1111224400
419,파사트 韓소유자 51명 美서 집단소송…징벌적 손배 '최대 8조',http://news1.kr/articles/?2456693
420,"넥센타이어, 폭스바겐 베스트셀링 ‘파사트’에 신차용 타이어 공급",https://www.sedaily.com/NewsView/1Z04QMCKMP
421,"[비교] 여전히 매력을 제시하는 수입 세단, 4천만원대 수입 세단은 무엇이 있을까?",https://hankookilbo.com/News/Read/A2021122208410002391?did=NA
422,"폭스바겐코리아, 상품성 높인 '22년형 파사트 GT' 출시",http://autotimes.hankyung.com/apps/news.sub_view?popup=0&nid=02&c1=02&c2=02&c3=00&nkey=202201121204151
423,"폭스바겐코리아, 롯데리조트부여와 '온앤오프' 패키지 출시",http://www.mediapen.com/news/view/643523
424,"폭스바겐, 쏘나타보다 저렴한 파사트 공개..한국시장 투입하나?",http://www.dailycar.co.kr/content/news.html?type=view&autoId=35122
425,디젤차 고집한 폭스바겐…수입차 6위로 추락,http://isplus.live.joins.com/news/article/article.asp?total_id=24223053
426,"""기다리다 지칠 뻔""…'신차' 폭스바겐 티구안, 마침내 22일 출시 '확정'",http://news.mk.co.kr/newsRead.php?no=675014&year=2021
427,작년 파사트 TSI 재현될까? 폭스바겐 '2020년형 티구안' 11번가 사전예약 D-1,http://www.osen.co.kr/article/G1111224400
428,파사트 韓소유자 51명 美서 집단소송…징벌적 손배 '최대 8조',http://news1.kr/articles/?2456693
429,[車업계 속마음이 궁금해] 영문모를 대박차는 ‘파사트’...아쉬운 차론 ‘볼보 V60’,http://biz.heraldcorp.com/view.php?ud=20150824001046
430,"넥센타이어, 폭스바겐 '파사트'에 신차용 타이어 공급",http://www.m-i.kr/news/articleView.html?idxno=689484
431,"폭스바겐코리아, 롯데리조트부여와 '온앤오프' 패키지 출시",http://www.mediapen.com/news/view/643523
432,"폭스바겐, 쏘나타보다 저렴한 파사트 공개..한국시장 투입하나?",http://www.dailycar.co.kr/content/news.html?type=view&autoId=35122
433,디젤차 고집한 폭스바겐…수입차 6위로 추락,http://isplus.live.joins.com/news/article/article.asp?total_id=24223053
434,"""기다리다 지칠 뻔""…'신차' 폭스바겐 티구안, 마침내 22일 출시 '확정'",http://news.mk.co.kr/newsRead.php?no=675014&year=2021
435,"폭스바겐코리아, '2022년형 파사트 GT' 출시…4천312만원부터",http://news.einfomax.co.kr/news/articleView.html?idxno=4193365
436,작년 파사트 TSI 재현될까? 폭스바겐 '2020년형 티구안' 11번가 사전예약 D-1,http://www.osen.co.kr/article/G1111224400
437,파사트 韓소유자 51명 美서 집단소송…징벌적 손배 '최대 8조',http://news1.kr/articles/?2456693
438,[車업계 속마음이 궁금해] 영문모를 대박차는 ‘파사트’...아쉬운 차론 ‘볼보 V60’,http://biz.heraldcorp.com/view.php?ud=20150824001046
439,"폭스바겐, 세단 시장에도 공세..파사트GT·신형 제타 ‘포문’",http://www.dailycar.co.kr/content/news.html?type=view&autoId=34426
440,"넥센타이어, 폭스바겐 '파사트'에 신차용 타이어 공급",http://www.gpkorea.com/news/articleView.html?idxno=62381
441,작년 파사트 TSI 재현될까? 폭스바겐 '2020년형 티구안' 11번가 사전예약 D-1,http://www.osen.co.kr/article/G1111224400
442,파사트 韓소유자 51명 美서 집단소송…징벌적 손배 '최대 8조',http://news1.kr/articles/?2456693
443,[車업계 속마음이 궁금해] 영문모를 대박차는 ‘파사트’...아쉬운 차론 ‘볼보 V60’,http://biz.heraldcorp.com/view.php?ud=20150824001046
444,"폭스바겐, 힐링 여행 위한 '카텔 패키지' 출시",http://www.pinpointnews.co.kr/view.php?ud=2021070615265946669cdfed7945_45
445,"폭스바겐, 세단 시장에도 공세..파사트GT·신형 제타 ‘포문’",http://www.dailycar.co.kr/content/news.html?type=view&autoId=34426
446,전설의 자동차 디자이너 피터 슈라이어의 거의 모든 것,http://www.ohmynews.com/NWS_Web/View/at_pg.aspx?CNTN_CD=A0002795835&CMPT_CD=P0010&utm_source=naver&utm_medium=newsearch&utm_campaign=naver_news
447,파리 모터쇼 앞두고 모습 드러낸 '파사트 GTE',http://www.asiatoday.co.kr/view.php?key=20140929010015545
448,현대차·한국지엠 연달아 '타도 파사트'...국산차 반격 시작되나,http://www.consumernews.co.kr/news/view.html?gid=main&bid=news&pid=416747
449,"폭스바겐, 세단의 편안함과 SUV의 실용성을 더한...파사트 올트랙",http://www.dailycar.co.kr/content/news.html?type=view&autoId=33625
450,"폭스바겐, 부여 롯데리조트와 '카텔' 패키지 출시",http://www.enewstoday.co.kr/news/articleView.html?idxno=1493894
451,전설의 자동차 디자이너 피터 슈라이어의 거의 모든 것,http://www.ohmynews.com/NWS_Web/View/at_pg.aspx?CNTN_CD=A0002795835&CMPT_CD=P0010&utm_source=naver&utm_medium=newsearch&utm_campaign=naver_news
452,파리 모터쇼 앞두고 모습 드러낸 '파사트 GTE',http://www.asiatoday.co.kr/view.php?key=20140929010015545
453,현대차·한국지엠 연달아 '타도 파사트'...국산차 반격 시작되나,http://www.consumernews.co.kr/news/view.html?gid=main&bid=news&pid=416747
454,"폭스바겐, 세단의 편안함과 SUV의 실용성을 더한...파사트 올트랙",http://www.dailycar.co.kr/content/news.html?type=view&autoId=33625
455,"넥센타이어, 폭스바겐 '파사트'에 신차용 타이어 공급",https://www.dailian.co.kr/news/view/874322?sc=Naver
456,폭스바겐의 베스트셀링 SUV 신형 '티구안' 다음주 국내 상륙,http://kbench.com/?q=node/223355
457,"""아이오닉5 긴장해""…'보조금 무장' 수입 전기차 속속 출격",http://www.newstomato.com/ReadNews.aspx?no=1117852&inflow=N
458,"[글로벌-Biz 24] 獨 폭스바겐, 세계 1위 굳히기 나서…신형 파사트 출시",http://www.g-enews.com/ko-kr/news/article/news_all/20190612041728206550cb531085_1/article.html
459,[시승기] 그랜저 가격에 살 수 있는 독일 세단 ‘파사트 GT’,http://www.thedrive.co.kr/news/newsview.php?ncode=1065596186120730
460,[시승기] 그랜저 가격에 살 수 있는 독일 세단 ‘파사트 GT’,http://www.thedrive.co.kr/news/newsview.php?ncode=1065596186120730
461,"폭스바겐 파사트, 누적 생산량 3000만대 돌파",http://www.rpm9.com/news/article.html?id=20190410090017
462,"폭스바겐 파사트, 전세계 중형차 최초 누적 생산량 3000만대 돌파",http://www.kookje.co.kr/news2011/asp/newsbody.asp?code=0200&key=20190409.99099003926
463,[별별시승] '민첩한 패밀리 카'···가성비 넘치는 파사트 GT,https://www.sedaily.com/NewsView/22HAGVGFTZ
464,"[시승기] 폭스바겐 파사트 GT, 패밀리 세단의 모범생",http://www.dailysmart.co.kr/news/articleView.html?idxno=7417
465,"[제네바 모터쇼] 폭스바겐 '투아렉' '파사트' '티록R' '전기차', 모두가 월드 프리미어",http://www.osen.co.kr/article/G1111093856
466,(시승기)중형 세단의 '맛' 제대로 살린 신형 파사트GT,http://www.newstomato.com/ReadNews.aspx?no=1016741
467,"“차세대 엔진으로 성능·환경 UP” 폭스바겐코리아, ‘2022년형 파사트 GT’ 출시",http://www.dt.co.kr/contents.html?article_no=2022011202109932064006&ref=naver
468,"폭스바겐, 유럽형 파사트 부분변경 공개",http://autotimes.hankyung.com/apps/news.sub_view?popup=0&nid=02&c1=02&c2=02&c3=00&nkey=201902061126061
469,"[글로벌-Biz 24] 폭스바겐, 헤드라이트 결함 파사트 세단과 아틀라스 SUV 66만대 리콜",http://www.g-enews.com/ko-kr/news/article/news_all/201907041033293904cef45333db_1/article.html
470,"폭스바겐 파사트, 누적 생산량 '3천만 대' 돌파…'46년 장수모델'",http://www.ajunews.com/view/20190409101409537
471,[별별시승] '민첩한 패밀리 카'···가성비 넘치는 파사트 GT,https://www.sedaily.com/NewsView/22HAGVGFTZ
472,"[시승기] 폭스바겐 파사트 GT, 패밀리 세단의 모범생",http://www.dailysmart.co.kr/news/articleView.html?idxno=7417
473,"[제네바 모터쇼] 폭스바겐 '투아렉' '파사트' '티록R' '전기차', 모두가 월드 프리미어",http://www.osen.co.kr/article/G1111093856
474,(시승기)중형 세단의 '맛' 제대로 살린 신형 파사트GT,http://www.newstomato.com/ReadNews.aspx?no=1016741
475,"“차세대 엔진으로 성능·환경 UP” 폭스바겐코리아, ‘2022년형 파사트 GT’ 출시",http://www.dt.co.kr/contents.html?article_no=2022011202109932064006&ref=naver
476,"폭스바겐, 유럽형 파사트 부분변경 공개",http://autotimes.hankyung.com/apps/news.sub_view?popup=0&nid=02&c1=02&c2=02&c3=00&nkey=201902061126061
477,"[글로벌-Biz 24] 폭스바겐, 헤드라이트 결함 파사트 세단과 아틀라스 SUV 66만대 리콜",http://www.g-enews.com/ko-kr/news/article/news_all/201907041033293904cef45333db_1/article.html
478,"'뉴 젠틀' 위한 '신형 파사트 GT', 가장 스마트한 파사트 2021년 흥행 예약",http://www.sportsseoul.com/news/read/997580?ref=naver
479,[시승기] 폭스바겐 아테온 '골프+CC+파사트' 장점만 뽑았다,http://www.gpkorea.com/news/articleView.html?idxno=47653
480,"폭스바겐 파사트, 누적 생산 '3000만대' 돌파",http://www.etnews.com/20190409000116
481,[별별시승] '민첩한 패밀리 카'···가성비 넘치는 파사트 GT,https://www.sedaily.com/NewsView/22HAGVGFTZ
482,"[시승기] 폭스바겐 파사트 GT, 패밀리 세단의 모범생",http://www.dailysmart.co.kr/news/articleView.html?idxno=7417
483,"[제네바 모터쇼] 폭스바겐 '투아렉' '파사트' '티록R' '전기차', 모두가 월드 프리미어",http://www.osen.co.kr/article/G1111093856
484,(시승기)중형 세단의 '맛' 제대로 살린 신형 파사트GT,http://www.newstomato.com/ReadNews.aspx?no=1016741
485,"“차세대 엔진으로 성능·환경 UP” 폭스바겐코리아, ‘2022년형 파사트 GT’ 출시",http://www.dt.co.kr/contents.html?article_no=2022011202109932064006&ref=naver
486,"폭스바겐, 유럽형 파사트 부분변경 공개",http://autotimes.hankyung.com/apps/news.sub_view?popup=0&nid=02&c1=02&c2=02&c3=00&nkey=201902061126061
487,"[글로벌-Biz 24] 폭스바겐, 헤드라이트 결함 파사트 세단과 아틀라스 SUV 66만대 리콜",http://www.g-enews.com/ko-kr/news/article/news_all/201907041033293904cef45333db_1/article.html
488,"'뉴 젠틀' 위한 '신형 파사트 GT', 가장 스마트한 파사트 2021년 흥행 예약",http://www.sportsseoul.com/news/read/997580?ref=naver
489,[시승기] 폭스바겐 아테온 '골프+CC+파사트' 장점만 뽑았다,http://www.gpkorea.com/news/articleView.html?idxno=47653
490,"폭스바겐, 파사트 누적 생산 3000만대 돌파..중형차 최초",http://www.dailycar.co.kr/content/news.html?type=view&autoId=32859
491,"“차세대 엔진으로 성능·환경 UP” 폭스바겐코리아, ‘2022년형 파사트 GT’ 출시",http://www.dt.co.kr/contents.html?article_no=2022011202109932064006&ref=naver
492,"폭스바겐, 유럽형 파사트 부분변경 공개",http://autotimes.hankyung.com/apps/news.sub_view?popup=0&nid=02&c1=02&c2=02&c3=00&nkey=201902061126061
493,"[글로벌-Biz 24] 폭스바겐, 헤드라이트 결함 파사트 세단과 아틀라스 SUV 66만대 리콜",http://www.g-enews.com/ko-kr/news/article/news_all/201907041033293904cef45333db_1/article.html
494,"'뉴 젠틀' 위한 '신형 파사트 GT', 가장 스마트한 파사트 2021년 흥행 예약",http://www.sportsseoul.com/news/read/997580?ref=naver
495,[시승기] 폭스바겐 아테온 '골프+CC+파사트' 장점만 뽑았다,http://www.gpkorea.com/news/articleView.html?idxno=47653
496,"폭스바겐, 디자인·성능 업그레이드 한 '북미형 파사트' 공개",http://www.edaily.co.kr/news/newspath.asp?newsid=01157846622359688
497,"폭스바겐, 북미형 파사트에 MQB 배제..“8년 째 같은 플랫폼”",http://www.dailycar.co.kr/content/news.html?type=view&autoId=32033
498,넥센타이어 '폭스바겐 파사트'에 신차용 타이어 공급,http://www.enewstoday.co.kr/news/articleView.html?idxno=1373286
499,"폭스바겐 신형 파사트GT, 부분변경 하반기 글로벌 출시",http://www.gpkorea.com/news/articleView.html?idxno=48059
