,title,url
0,"수입차 3위 쟁탈전 열기, 아우디·폭스바겐·볼보 3파전",http://www.sisaweek.com/news/articleView.html?idxno=152695
1,"폭스바겐 신형 아테온 국내상륙 ""200마력으로 UP! 연비 15.5㎞/ℓ""",http://www.gpkorea.com/news/articleView.html?idxno=81882
2,[주간 차차차] 폭스바겐의 미학적 고찰 '아테온',http://www.seoulwire.com/news/articleView.html?idxno=459261
3,"“벤츠가 만들면 전설이 된다”...‘퓨전쿠페’ 벤츠 CLS, 아름다운 파괴자",https://www.mk.co.kr/economy/view/2022/399055
4,"""벤츠, 1대값에 3대 타는 기분""…'탈맛'나는 욕망의 화신, AMG CLS [카슐랭]",http://news.mk.co.kr/newsRead.php?no=371671&year=2022
5,[시승기] 매력적인 효율성 위에 그려진 스포티한 드라이빙 – 폭스바겐 더 뉴 아테온,https://hankookilbo.com/News/Read/A2022040611390005367?did=NA
6,"[시승기] 폭스바겐 아테온 ""완전한 프리미엄이라 불러도 될까요?""",http://www.gpkorea.com/news/articleView.html?idxno=83684
7,"폭스바겐 아테온, 돌아온 '가장 아름다운 세단'",https://view.asiae.co.kr/article/2022031811393881411
8,"카카오 VX, 폭스바겐코리아 신형 ‘아테온’ 시승 이벤트 열어",https://www.viva100.com/main/view.php?key=20220315010003755
9,[시승기] 폭스바겐 아테온 '골프+CC+파사트' 장점만 뽑았다,http://www.gpkorea.com/news/articleView.html?idxno=47653
10,"카카오골프예약, 폭스바겐코리아와 특별 시승 이벤트 진행",http://www.fnnews.com/news/202203172119141955
11,폭스바겐 CCㆍ파사트ㆍ혼다 벤리 등 3만7000여대 리콜,http://news.heraldcorp.com/view.php?ud=20180809000043
12,폭스바겐 CC·머스탱·캐딜락 등 다카타 ‘죽음의 에어백’ 결함으로 리콜,http://www.news2day.co.kr/108691
13,폭스바겐 티구안·CC 8천여대 ‘에어백 결함’ 리콜,http://www.hani.co.kr/arti/economy/car/919221.html
14,"국토부, BMW 128i·벤츠 CLA·폭스바겐 CC·아우디 A6 등 4만7936대 리콜",http://www.enewstoday.co.kr/news/articleView.html?idxno=1173147
15,"헤이딜러, 수입중고차 경매 인기 1위 '폭스바겐 뉴CC'",http://www.m-i.kr/news/articleView.html?idxno=312879
16,"돌아서는 폭스바겐, 추가 리콜 연이어 통과…제타·파사트·CC·시로코 ‘예열’",http://sports.khan.co.kr/news/sk_index.html?art_id=201709271826003&sec_id=563002&pt=nv
17,"폭스바겐 리콜, '티구안' 다음 차례는 'CC'",http://www.viva100.com/main/view.php?key=20170119010006488
18,"폭스바겐 '신형 CC', 혹시 이렇게 나올까? 콘셉트카 닮은 렌더링 등장",http://www.kbench.com/?q=node/166941
19,"폭스바겐 '신형 CC' 추정 스파이샷 포착, 신차 개발은 계속된다",http://www.kbench.com/?q=node/166603
20,"폭스바겐, 제타·CC로 수입세단시장 선택 폭 넓혔다",http://www.mt.co.kr/view/mtview.php?type=1&no=2016063010594893631&outlink=1
21,"""투아렉·CC도 없다""…폭스바겐 딜러사 '존폐위기'",http://www.seoulfn.com/news/articleView.html?idxno=262962
22,[시승기] 주행능력 '굿' 폭스바겐 CC…승하차시 머리 '쿵' 옥의 티,http://www.ebn.co.kr/news/view/822939
23,"아우디폭스바겐코리아, 파사트·CC·A4 등 9개 모델 8만2291대 리콜",http://biz.newdaily.co.kr/news/article.html?no=10142059
24,"폭스바겐 파이낸셜, ‘골프·제타·CC·티구안’ 무이자 할인 프로모션",http://www.newsway.co.kr/view.php?tp=1&ud=2016020313130313230
25,"환경부, 폭스바겐 A4, CC 등 9개 차종 8만2290대 리콜 승인",http://www.gukjenews.com/news/articleView.html?idxno=773563
26,"폭스바겐 A4, CC… 추가 리콜 승인",http://www.nbntv.co.kr/news/view.php?idx=70157
27,"[폭스바겐 1월 프로모션] 1월 개소세 인하 연장, 티구안·CC·골프 등 무이자 혜택 추가",http://www.starseoultv.com/news/articleView.html?idxno=376614
28,폭스바겐 3천CC 디젤차…배출가스 조작 장치 [지구촌 이슈],http://www.ktv.go.kr/ktv_contents.jsp?cid=513815
29,"[시승기]연비 걱정없는 스포티 쿠페, 폭스바겐CC 2.0 TDI 블루모션",http://www.nspna.com/news/?mode=view&newsid=141158
30,"폭스바겐, 무이자할부 융단폭격 `골프 제타 CC 티구안`",http://www.gpkorea.com/bbs/board.php?bo_table=gp_motorsports&wr_id=14346
31,"폭스바겐코리아, 제타 및 CC 부품 20% 할인",http://view.asiae.co.kr/news/view.htm?idxno=2015060810014666028
32,"美캘리포니아주, 폭스바겐 3천cc 차량 리콜안 거부",http://news.kbs.co.kr/news/view.do?ncd=3312195&ref=A
33,"[시승기] 폭스바겐 CC, 호불호 명확한 '4도어 쿠페'",http://www.it.co.kr/news/article.html?no=2801247
34,"[콕 포인트] 4도어 쿠페 `폭스바겐 CC`…`세단이냐, 쿠페냐` 그것이 문제일 때",http://news.mk.co.kr/news_forward.php?domain=news&no=472672&year=2015
35,"국토부, 폭스바겐 파사트·CC·제타 등 리콜 조치",http://news.mtn.co.kr/newscenter/news_viewer.mtn?gidx=2015111109512780872
36,`폭스바겐 또 터졌다` 3천cc도 조작..국내선 에어백 결함,http://www.gpkorea.com/bbs/board.php?bo_table=gp_motorsports&wr_id=13620
37,[시승기] 폭스바겐은 '골프'만 만들지 않는다. 세단처럼 편안한 4도어 쿠페 'CC',http://www.khan.co.kr/kh_news/art_view.html?artid=201504241058141&code=920508
38,[시승기] '폭스바겐 드라이빙 익스피리언스 데이 인 부산' 가보니,http://www.iminju.net/news/articleView.html?idxno=76749
39,"[시승기] 폭스바겐 CC, 안정감 '일품' 세단·쿠페 동시 품었다",http://www.cstimes.com/news/articleView.html?idxno=172483
40,"폭스바겐코리아, ‘티구안·제타·CC’ 프로모션 확 땡기네",http://www.newsway.co.kr/view.php?tp=1&ud=2015040807314588099
41,"폭스바겐, '티구안·골프·CC·제타' 무이자 및 초저금리 프로모션",http://www.osen.co.kr/article/G1110120832
42,폭스바겐 CC 2.0 TDI `세단과 쿠페 장점만 모았다`,http://www.gpkorea.com/bbs/board.php?bo_table=test_drive&wr_id=338
43,"티구안 무이자 금융 프로모션, 폭스바겐, 파사트·CC도 함께",http://www.osen.co.kr/article/G1110002061
44,"폭스바겐, 티구안 CC 등 무이자 혜택",http://www.newscj.com/news/articleView.html?idxno=263582
45,[전훈식·노병우의 카수다] '한 지붕 두 가족' 아우디 A4 vs 폭스바겐 CC,http://www.newsprime.co.kr/news/article.html?no=291487
46,[시승기]늘씬하고 힘 좋은 폭스바겐CC…딱딱한 시트 '옥의 티',http://www.ceoscoredaily.com/news/article.html?no=12726
47,"폭스바겐 4형제 프로모션 실시한다…""더 비틀, 파사트, CC, 티구안""",http://view.asiae.co.kr/news/view.htm?idxno=2014090510153793297
48,"[시승기]폭스바겐 CC, ‘세련된 디자인에 연비성…기대되는 쿠페형 세단’",http://www.etoday.co.kr/news/section/newsview.php?idxno=977965
49,"(시승기)속도감에 가슴이 뻥!..아우토반의 향기, 폭스바겐 CC",http://www.newstomato.com/ReadNews.aspx?no=488908
50,"폭스바겐CC ""새차 샀는데 알고보니 사고차?""",http://news1.kr/articles/?1794421
51,"폭스바겐 CC 소음 부담스럽지만, 시원한 가속력에 가슴이 확~",http://www.hankyung.com/news/app/newsview.php?aid=2014071138921
52,"[시승기] 폭스바겐 CC 4모션, ""날렵한 디자인에 빼어난 연비""",http://www.asiatoday.co.kr/view.php?key=20140609010004447
53,"[시승기]폭스바겐 CC, 4도어 쿠페 대중화 선두주자...'시트 착석감' 단점",http://news.mtn.co.kr/newscenter/news_viewer.mtn?gidx=2014060712452787304
54,"폭스바겐, 'CC·제타·파사트' 36개월 무이자 할부 프로모션",http://www.osen.co.kr/article/G1109822475
55,"[시승기] 폭스바겐 뉴CC 4모션, 세단인 듯 세단 아닌 세단 같은 쿠페",http://www.ekn.kr/news/article.html?no=111618
56,"폭스바겐, 전국 36개 매장서 '파사트·제타·CC' 세단 시승행사",http://www.osen.co.kr/article/G1110237861
57,"[시승기] CC, 쿠페와 세단, 폭스바겐의 도전",http://www.econovill.com/news/articleView.html?idxno=257426
58,"진흙탕에 빠진 폭스바겐 CC, '볼보 S60R'이 구했다",http://www.kbench.com/?q=node/139196
59,폭스바겐 CC 변속기결함…반복 증상에도 모르쇠,https://news.naver.com/main/read.naver?mode=LSD&mid=sec&sid1=101&oid=422&aid=0000024449
60,"폭스바겐코리아, CC 2.0 TDI 블루모션 R-Line 출시",http://www.ebn.co.kr/news/n_view.html?id=604460
61,"너, 팔방미인이구나?… 폭스바겐 신형CC 시승기",http://sports.khan.co.kr/news/sk_index.html?cat=view&art_id=201304142026126&sec_id=563002&pt=nv
62,"폭스바겐, CC 경쟁자로 벤츠 C클래스 지목",http://autotimes.hankyung.com/apps/news.sub_view?popup=0&nid=03&c1=03&c2=03&c3=00&nkey=201303250837401
63,폭스바겐 CC “1리터로 15km 넘게 달려야지!”,http://www.newdaily.co.kr/news/article.html?no=147785
64,"폭스바겐, 신형 CC 시판..가격은 그대로, 성능은 '업'",http://www.newstomato.com/ReadNews.aspx?no=345411
65,<시승기> 4륜으로 더 강력해진 ‘폭스바겐 신형 CC’ 타보니…,http://www.ajunews.com/common/redirect.jsp?newsId=20130104000151
66,"폭스바겐 CC, 보행자 안전성 꼴찌 왜?",http://autotimes.hankyung.com/apps/news.sub_view?popup=0&nid=03&c1=03&c2=03&c3=00&nkey=201212071037061
67,"타이어에 못이 박혀도 터지지 않는 '폭스바겐, 뉴 CC'",http://biz.chosun.com/site/data/html_dir/2012/09/27/2012092701986.html
68,"질주본능 충족…경쾌한 몸놀림, 폭스바겐 CC",http://news.donga.com/3/all/20120821/48775238/2
69,폭스바겐 CC 타보니… 밟으면 밟는 대로 즉각 반응,http://www.munhwa.com/news/view.html?no=2012080801031824182002
70,"'꽝' 충돌실험, 말리부 '최고' 폭스바겐CC '최하위'",http://www.dailian.co.kr/news/news_view.htm?id=298660&sc=naver&kind=menu_code&keys=2
71,[시승기] 폭스바겐 신형 CC 2.0 TDI 블루모션 4모션,https://news.naver.com/main/read.naver?mode=LSD&mid=sec&sid1=101&oid=011&aid=0002251743
72,"폭스바겐 CC, 착한 가격?…""기능 몇 개 안보이네""",http://www.hankyung.com/news/app/newsview.php?aid=2012070676251
73,[시승기]폭스바겐 '신형 CC' 타보니…연비·주행성능 '깜짝',http://www.inews24.com/php/news_view.php?g_serial=669123&g_menu=022200&rrf=nv
74,“떼빙 네가 알렸지?” 폭스바겐CC ‘죄인 만들기’ 충격,http://news.donga.com/3/all/20120704/47524888/2
75,"실용성 겸비한 4도어 쿠페의 질주, 폭스바겐 뉴 CC 2.0 TDI 4모션",http://magazine.hankyung.com/business/apps/news?popup=0&nid=01&c1=1003&nkey=2012062900865000401&mode=sub_view
76,[시승기] 알찬 녀석 폭스바겐 신형 CC,http://news1.kr/articles/721510
77,[시승기]중후해진 스포츠 세단 '폭스바겐 신형 CC',http://www.asiae.co.kr/news/view.htm?idxno=2012061600431738267
78,"폭스바겐, 뉴 CC 출시기념 사진공모전",http://www.ajnews.co.kr/common/redirect.jsp?newsId=20120601000461
79,"폭스바겐코리아, 신형 CC 출시 기념 사진 공모전 개최",http://news.mk.co.kr/news_forward.php?domain=news&no=330716&year=2012
80,"폭스바겐, 신형쿠페CC 출시 기념 사진 공모전 개최",http://sports.chosun.com/news/ntype.htm?id=201205300100242730018440&servicedate=20120530
81,"폭스바겐, 신형 CC 2.0 TDI 블루모션 4모션 출시",http://www.inews24.com/php/news_view.php?g_serial=657246&g_menu=022200&rrf=nv
82,"폭스바겐코리아, 신형 CC 2.0 TDI 블루모션 4MOTION 출시",http://news.mk.co.kr/news_forward.php?domain=news&no=287752&year=2012
83,"폭스바겐코리아, ‘신형 CC’ 출시 기념 특별 금융 프로모션",http://news.mk.co.kr/news_forward.php?domain=news&no=249503&year=2012
84,"폭스바겐, 신개념 4도어 쿠페 '신형 CC' 출시",http://sports.chosun.com/news/ntype.htm?id=201204240100174740015543&servicedate=20120423
85,"폭스바겐코리아, 신개념 4도어 쿠페 ‘신형 CC’ 출시",http://news.mk.co.kr/news_forward.php?domain=news&no=244962&year=2012
86,"[포토] 폭스바겐 '신형 CC', 다양한 첨단 사양 대거 적용",http://www.hankyung.com/news/app/newsview.php?aid=2012042288777
87,폭스바겐코리아 '신형 CC' 22일 국내 출시,http://www.inews24.com/php/news_view.php?g_serial=651633&g_menu=022200&rrf=nv
88,폭스바겐 뉴CC 사전계약… 23일 출시,http://www.ajnews.co.kr/common/redirect.jsp?newsId=20120416000056
89,"폭스바겐코리아, 신형 CC 사전계약 실시",http://news.mk.co.kr/news_forward.php?domain=news&no=227409&year=2012
90,[시승기]연비·성능·가격…팔방미인 ‘폭스바겐 CC 블루모션’,http://www.khan.co.kr/kh_news/art_view.html?artid=201204051044511&code=920508
91,[시승기] 폭스바겐 CC,http://news20.busan.com/news/newsController.jsp?newsId=20120305000034
92,"‘폭스바겐 CC’, 새 차 샀는데 알고 보니 사고 차량…PDI에선 무슨 일이?",http://www.osen.co.kr/article/G1109898139
93,"[시승기] 타면 탈수록 매력적인 자동차, 폭스바겐 'CC' 블루모션",http://kr.aving.net/news/view.php?articleId=237777&Branch_ID=kr&rssid=naver&mn_name=news
94,폭스바겐 CC도 R라인 들어왔다!,http://www.newdaily.co.kr/news/article.html?no=154678
95,"폭스바겐코리아, CC 2.0 TDI 블루모션 R-Line출시",http://www.betanews.net/article/578174
96,"[잇카] 새로운 쿠페의 정의, 폭스바겐 'CC'",http://www.it.co.kr/news/article.html?no=2801129
97,"폭스바겐, CC 등 특별 프로모션 실시",http://sports.chosun.com/news/ntype.htm?id=201110110100080830007055&servicedate=20111011
98,"폭스바겐, CC 구매고객 24개월 무이자 할부",http://www.etoday.co.kr/news/section/newsview.php?TM=news&SM=0405&idxno=488364
99,"폭스바겐, ""유럽산 골프·CC모델 7종 가격인하""",http://www.newspim.com/common/redirect.jsp?newsId=20110901000333
100,"[시승기]폭스바겐 CC, 4도어 쿠페 대중화 선두주자...'시트 착석감' 단점",http://news.mtn.co.kr/newscenter/news_viewer.mtn?gidx=2014060712452787304
101,폭스바겐 파사트·CC·제타 등 또 무더기 리콜,http://www.newspim.com/common/redirect.jsp?newsId=20151111000112
102,"폭스바겐, 'CC·제타·파사트' 36개월 무이자 할부 프로모션",http://www.osen.co.kr/article/G1109822475
103,"[시승기] 폭스바겐 뉴CC 4모션, 세단인 듯 세단 아닌 세단 같은 쿠페",http://www.ekn.kr/news/article.html?no=111618
104,"폭스바겐, 전국 36개 매장서 '파사트·제타·CC' 세단 시승행사",http://www.osen.co.kr/article/G1110237861
105,"[시승기] CC, 쿠페와 세단, 폭스바겐의 도전",http://www.econovill.com/news/articleView.html?idxno=257426
106,"폭스바겐코리아, 제타·CC 리프레시 캠페인 실시",http://www.nspna.com/news/?mode=view&newsid=128412
107,"진흙탕에 빠진 폭스바겐 CC, '볼보 S60R'이 구했다",http://www.kbench.com/?q=node/139196
108,폭스바겐 CC 변속기결함…반복 증상에도 모르쇠,https://news.naver.com/main/read.naver?mode=LSD&mid=sec&sid1=101&oid=422&aid=0000024449
109,"폭스바겐코리아, CC 2.0 TDI 블루모션 R-Line 출시",http://www.ebn.co.kr/news/n_view.html?id=604460
110,"폭스바겐코리아, 제타·CC 리프레시 캠페인",http://www.cstimes.com/news/articleView.html?idxno=179219
111,"진흙탕에 빠진 폭스바겐 CC, '볼보 S60R'이 구했다",http://www.kbench.com/?q=node/139196
112,폭스바겐 CC 변속기결함…반복 증상에도 모르쇠,https://news.naver.com/main/read.naver?mode=LSD&mid=sec&sid1=101&oid=422&aid=0000024449
113,폭스바겐 파사트·제타·CC 36개월 무이자 할부 판매,http://www.dailian.co.kr/news/view/431034/?sc=naver
114,"폭스바겐코리아, CC 2.0 TDI 블루모션 R-Line 출시",http://www.ebn.co.kr/news/n_view.html?id=604460
115,"너, 팔방미인이구나?… 폭스바겐 신형CC 시승기",http://sports.khan.co.kr/news/sk_index.html?cat=view&art_id=201304142026126&sec_id=563002&pt=nv
116,"폭스바겐, CC 경쟁자로 벤츠 C클래스 지목",http://autotimes.hankyung.com/apps/news.sub_view?popup=0&nid=03&c1=03&c2=03&c3=00&nkey=201303250837401
117,폭스바겐 CC “1리터로 15km 넘게 달려야지!”,http://www.newdaily.co.kr/news/article.html?no=147785
118,"폭스바겐CC, 더 강력해진 심장으로 돌아오다",http://www.osen.co.kr/article/G1109560008
119,<시승기> 4륜으로 더 강력해진 ‘폭스바겐 신형 CC’ 타보니…,http://www.ajunews.com/common/redirect.jsp?newsId=20130104000151
120,"폭스바겐, CC 경쟁자로 벤츠 C클래스 지목",http://autotimes.hankyung.com/apps/news.sub_view?popup=0&nid=03&c1=03&c2=03&c3=00&nkey=201303250837401
121,폭스바겐 CC “1리터로 15km 넘게 달려야지!”,http://www.newdaily.co.kr/news/article.html?no=147785
122,"폭스바겐CC, 더 강력해진 심장으로 돌아오다",http://www.osen.co.kr/article/G1109560008
123,<시승기> 4륜으로 더 강력해진 ‘폭스바겐 신형 CC’ 타보니…,http://www.ajunews.com/common/redirect.jsp?newsId=20130104000151
124,"폭스바겐 CC, 보행자 안전성 꼴찌 왜?",http://autotimes.hankyung.com/apps/news.sub_view?popup=0&nid=03&c1=03&c2=03&c3=00&nkey=201212071037061
125,"타이어에 못이 박혀도 터지지 않는 '폭스바겐, 뉴 CC'",http://biz.chosun.com/site/data/html_dir/2012/09/27/2012092701986.html
126,"질주본능 충족…경쾌한 몸놀림, 폭스바겐 CC",http://news.donga.com/3/all/20120821/48775238/2
127,폭스바겐 CC 타보니… 밟으면 밟는 대로 즉각 반응,http://www.munhwa.com/news/view.html?no=2012080801031824182002
128,"'꽝' 충돌실험, 말리부 '최고' 폭스바겐CC '최하위'",http://www.dailian.co.kr/news/news_view.htm?id=298660&sc=naver&kind=menu_code&keys=2
129,[시승기] 폭스바겐 신형 CC 2.0 TDI 블루모션 4모션,https://news.naver.com/main/read.naver?mode=LSD&mid=sec&sid1=101&oid=011&aid=0002251743
130,폭스바겐 CC 타보니… 밟으면 밟는 대로 즉각 반응,http://www.munhwa.com/news/view.html?no=2012080801031824182002
131,"'꽝' 충돌실험, 말리부 '최고' 폭스바겐CC '최하위'",http://www.dailian.co.kr/news/news_view.htm?id=298660&sc=naver&kind=menu_code&keys=2
132,[시승기] 폭스바겐 신형 CC 2.0 TDI 블루모션 4모션,https://news.naver.com/main/read.naver?mode=LSD&mid=sec&sid1=101&oid=011&aid=0002251743
133,"폭스바겐 CC, 착한 가격?…""기능 몇 개 안보이네""",http://www.hankyung.com/news/app/newsview.php?aid=2012070676251
134,[시승기]폭스바겐 '신형 CC' 타보니…연비·주행성능 '깜짝',http://www.inews24.com/php/news_view.php?g_serial=669123&g_menu=022200&rrf=nv
135,“떼빙 네가 알렸지?” 폭스바겐CC ‘죄인 만들기’ 충격,http://news.donga.com/3/all/20120704/47524888/2
136,"실용성 겸비한 4도어 쿠페의 질주, 폭스바겐 뉴 CC 2.0 TDI 4모션",http://magazine.hankyung.com/business/apps/news?popup=0&nid=01&c1=1003&nkey=2012062900865000401&mode=sub_view
137,[시승기] 알찬 녀석 폭스바겐 신형 CC,http://news1.kr/articles/721510
138,[시승기]중후해진 스포츠 세단 '폭스바겐 신형 CC',http://www.asiae.co.kr/news/view.htm?idxno=2012061600431738267
139,"폭스바겐, 뉴 CC 출시기념 사진공모전",http://www.ajnews.co.kr/common/redirect.jsp?newsId=20120601000461
140,[시승기]중후해진 스포츠 세단 '폭스바겐 신형 CC',http://www.asiae.co.kr/news/view.htm?idxno=2012061600431738267
141,"폭스바겐, 뉴 CC 출시기념 사진공모전",http://www.ajnews.co.kr/common/redirect.jsp?newsId=20120601000461
142,"폭스바겐코리아, 신형 CC 출시 기념 사진 공모전 개최",http://news.mk.co.kr/news_forward.php?domain=news&no=330716&year=2012
143,"폭스바겐, 신형쿠페CC 출시 기념 사진 공모전 개최",http://sports.chosun.com/news/ntype.htm?id=201205300100242730018440&servicedate=20120530
144,"[오늘의 자동차] 폭스바겐, 제타·CC 부품 할인서비스",https://news.naver.com/main/read.naver?mode=LSD&mid=sec&sid1=101&oid=011&aid=0002694404
145,"폭스바겐, 신형 CC 2.0 TDI 블루모션 4모션 출시",http://www.inews24.com/php/news_view.php?g_serial=657246&g_menu=022200&rrf=nv
146,"폭스바겐코리아, 신형 CC 2.0 TDI 블루모션 4MOTION 출시",http://news.mk.co.kr/news_forward.php?domain=news&no=287752&year=2012
147,"폭스바겐코리아, ‘신형 CC’ 출시 기념 특별 금융 프로모션",http://news.mk.co.kr/news_forward.php?domain=news&no=249503&year=2012
148,"폭스바겐, 신개념 4도어 쿠페 '신형 CC' 출시",http://sports.chosun.com/news/ntype.htm?id=201204240100174740015543&servicedate=20120423
149,"폭스바겐코리아, 신개념 4도어 쿠페 ‘신형 CC’ 출시",http://news.mk.co.kr/news_forward.php?domain=news&no=244962&year=2012
150,"폭스바겐, 신형 CC 2.0 TDI 블루모션 4모션 출시",http://www.inews24.com/php/news_view.php?g_serial=657246&g_menu=022200&rrf=nv
151,"폭스바겐코리아, 신형 CC 2.0 TDI 블루모션 4MOTION 출시",http://news.mk.co.kr/news_forward.php?domain=news&no=287752&year=2012
152,"폭스바겐코리아, ‘신형 CC’ 출시 기념 특별 금융 프로모션",http://news.mk.co.kr/news_forward.php?domain=news&no=249503&year=2012
153,"폭스바겐, 신개념 4도어 쿠페 '신형 CC' 출시",http://sports.chosun.com/news/ntype.htm?id=201204240100174740015543&servicedate=20120423
154,"폭스바겐코리아, 신개념 4도어 쿠페 ‘신형 CC’ 출시",http://news.mk.co.kr/news_forward.php?domain=news&no=244962&year=2012
155,"[포토] 폭스바겐 '신형 CC', 다양한 첨단 사양 대거 적용",http://www.hankyung.com/news/app/newsview.php?aid=2012042288777
156,폭스바겐코리아 '신형 CC' 22일 국내 출시,http://www.inews24.com/php/news_view.php?g_serial=651633&g_menu=022200&rrf=nv
157,폭스바겐 뉴CC 사전계약… 23일 출시,http://www.ajnews.co.kr/common/redirect.jsp?newsId=20120416000056
158,"폭스바겐코리아, 신형 CC 사전계약 실시",http://news.mk.co.kr/news_forward.php?domain=news&no=227409&year=2012
159,[시승기]연비·성능·가격…팔방미인 ‘폭스바겐 CC 블루모션’,http://www.khan.co.kr/kh_news/art_view.html?artid=201204051044511&code=920508
160,"폭스바겐 ""월 30만원 납부로 신형CC 오너 되세요""",http://www.edaily.co.kr/news/newspath.asp?newsid=02335366599499400
161,"폭스바겐, 신개념 4도어 쿠페 '신형 CC' 출시",http://sports.chosun.com/news/ntype.htm?id=201204240100174740015543&servicedate=20120423
162,"폭스바겐코리아, 신개념 4도어 쿠페 ‘신형 CC’ 출시",http://news.mk.co.kr/news_forward.php?domain=news&no=244962&year=2012
163,"[포토] 폭스바겐 '신형 CC', 다양한 첨단 사양 대거 적용",http://www.hankyung.com/news/app/newsview.php?aid=2012042288777
164,폭스바겐코리아 '신형 CC' 22일 국내 출시,http://www.inews24.com/php/news_view.php?g_serial=651633&g_menu=022200&rrf=nv
165,폭스바겐 뉴CC 사전계약… 23일 출시,http://www.ajnews.co.kr/common/redirect.jsp?newsId=20120416000056
166,"폭스바겐코리아, 신형 CC 사전계약 실시",http://news.mk.co.kr/news_forward.php?domain=news&no=227409&year=2012
167,[시승기]연비·성능·가격…팔방미인 ‘폭스바겐 CC 블루모션’,http://www.khan.co.kr/kh_news/art_view.html?artid=201204051044511&code=920508
168,[시승기] 폭스바겐 CC,http://news20.busan.com/news/newsController.jsp?newsId=20120305000034
169,"‘폭스바겐 CC’, 새 차 샀는데 알고 보니 사고 차량…PDI에선 무슨 일이?",http://www.osen.co.kr/article/G1109898139
170,"[포토] 폭스바겐 '신형 CC', 럭셔리 세단 수준의 주행환경 제공",http://www.hankyung.com/news/app/newsview.php?aid=2012042288717
171,"폭스바겐코리아, 4도어 쿠페 '신형 CC' 본격 출시",http://www.newstomato.com/ReadNews.aspx?no=243661
172,폭스바겐코리아 '신형 CC' 22일 국내 출시,http://www.inews24.com/php/news_view.php?g_serial=651633&g_menu=022200&rrf=nv
173,폭스바겐 뉴CC 사전계약… 23일 출시,http://www.ajnews.co.kr/common/redirect.jsp?newsId=20120416000056
174,"폭스바겐코리아, 신형 CC 사전계약 실시",http://news.mk.co.kr/news_forward.php?domain=news&no=227409&year=2012
175,[시승기]연비·성능·가격…팔방미인 ‘폭스바겐 CC 블루모션’,http://www.khan.co.kr/kh_news/art_view.html?artid=201204051044511&code=920508
176,[시승기] 폭스바겐 CC,http://news20.busan.com/news/newsController.jsp?newsId=20120305000034
177,"‘폭스바겐 CC’, 새 차 샀는데 알고 보니 사고 차량…PDI에선 무슨 일이?",http://www.osen.co.kr/article/G1109898139
178,"[시승기] 타면 탈수록 매력적인 자동차, 폭스바겐 'CC' 블루모션",http://kr.aving.net/news/view.php?articleId=237777&Branch_ID=kr&rssid=naver&mn_name=news
179,폭스바겐 CC도 R라인 들어왔다!,http://www.newdaily.co.kr/news/article.html?no=154678
180,신개념 4도어 폭스바겐 CC 사전계약 실시,http://www.inews24.com/php/news_view.php?g_serial=650015&g_menu=022200&rrf=nv
181,[시승기]연비·성능·가격…팔방미인 ‘폭스바겐 CC 블루모션’,http://www.khan.co.kr/kh_news/art_view.html?artid=201204051044511&code=920508
182,[시승기] 폭스바겐 CC,http://news20.busan.com/news/newsController.jsp?newsId=20120305000034
183,"‘폭스바겐 CC’, 새 차 샀는데 알고 보니 사고 차량…PDI에선 무슨 일이?",http://www.osen.co.kr/article/G1109898139
184,"[시승기] 타면 탈수록 매력적인 자동차, 폭스바겐 'CC' 블루모션",http://kr.aving.net/news/view.php?articleId=237777&Branch_ID=kr&rssid=naver&mn_name=news
185,폭스바겐 CC도 R라인 들어왔다!,http://www.newdaily.co.kr/news/article.html?no=154678
186,"폭스바겐코리아, CC 2.0 TDI 블루모션 R-Line출시",http://www.betanews.net/article/578174
187,"폭스바겐코리아, CC 2.0 TDI 블루모션 R-Line 출시",http://news.mk.co.kr/news_forward.php?domain=news&no=360149&year=2013
188,"[잇카] 새로운 쿠페의 정의, 폭스바겐 'CC'",http://www.it.co.kr/news/article.html?no=2801129
189,"폭스바겐, CC 등 특별 프로모션 실시",http://sports.chosun.com/news/ntype.htm?id=201110110100080830007055&servicedate=20111011
190,폭스바겐 'CC 2.0 TDI 블루모션 R-Line' 출시,http://www.wowtv.co.kr/newscenter/news/view.asp?bcode=T30001000&artid=A201305100121
191,"폭스바겐코리아, CC 2.0 TDI 블루모션 R-Line 출시",http://news.mk.co.kr/news_forward.php?domain=news&no=360149&year=2013
192,"[잇카] 새로운 쿠페의 정의, 폭스바겐 'CC'",http://www.it.co.kr/news/article.html?no=2801129
193,"폭스바겐, CC 등 특별 프로모션 실시",http://sports.chosun.com/news/ntype.htm?id=201110110100080830007055&servicedate=20111011
194,"폭스바겐, CC 구매고객 24개월 무이자 할부",http://www.etoday.co.kr/news/section/newsview.php?TM=news&SM=0405&idxno=488364
195,"폭스바겐, 상품성 강화한 신형 CC 출시 ··· ""가격은 그대로""",http://www.asiae.co.kr/news/view.htm?idxno=2013032013502199466
196,"폭스바겐, ""유럽산 골프·CC모델 7종 가격인하""",http://www.newspim.com/common/redirect.jsp?newsId=20110901000333
197,폭스바겐 3천cc도 배출가스 조작?…포르쉐도 의혹 제기,http://sports.chosun.com/news/ntype.htm?id=201511040100031700001771&servicedate=20151103
198,"폭스바겐, 페이톤·CC에 6월 특별 금융프로모션",http://www.moneytoday.co.kr/view/mtview.php?type=1&no=2011060111461535433&outlink=1
199,"[영상] 폭스바겐, 친환경 골프 대박에 이어 친환경 'CC 2.0 TDI' 모델까지 선보여",http://kr.aving.net/news/view.php?articleId=189502&Branch_ID=kr&rssid=naver&mn_name=news
200,"폭스바겐, 최신형 CC 출시 성능·연비↑ 가격은…",http://www.etoday.co.kr/news/section/newsview.php?idxno=706142
201,"폭스바겐, ""유럽산 골프·CC모델 7종 가격인하""",http://www.newspim.com/common/redirect.jsp?newsId=20110901000333
202,폭스바겐 3천cc도 배출가스 조작?…포르쉐도 의혹 제기,http://sports.chosun.com/news/ntype.htm?id=201511040100031700001771&servicedate=20151103
203,"폭스바겐, 페이톤·CC에 6월 특별 금융프로모션",http://www.moneytoday.co.kr/view/mtview.php?type=1&no=2011060111461535433&outlink=1
204,"[영상] 폭스바겐, 친환경 골프 대박에 이어 친환경 'CC 2.0 TDI' 모델까지 선보여",http://kr.aving.net/news/view.php?articleId=189502&Branch_ID=kr&rssid=naver&mn_name=news
205,"폭스바겐, CC 2.0 TDI 블루모션 출시",http://www.segye.com/Articles/NEWS/ECONOMY/Article.asp?aid=20110308001323&subctg1=&subctg2=
206,"[동영상] 다이내믹과 친환경, 폭스바겐 CC 2.0 TDI 블루모션 출시",http://www.segye.com/Articles/NEWS/ECONOMY/Article.asp?aid=20110308005111&subctg1=&subctg2=
207,"[포토] 폭스바겐코리아, 'CC 2.0 TDI 블루모션' 출시!",http://www.hankyung.com/news/app/newsview.php?aid=2011030832957
208,"폭스바겐 CC, 티구안 연료필터 때문에 ‘리콜’",http://www.newdaily.co.kr/news/article.html?no=114423
209,폭스바겐 신형 CC 출시기념 사진 공모전 개최,http://news.mtn.co.kr/newscenter/news_viewer.mtn?gidx=2012053016344956022
210,"폭스바겐, 블루모션 적용된 CC 모델 출시",http://news.mk.co.kr/news_forward.php?no=146090&year=2011
211,"[포토] 폭스바겐코리아, 'CC 2.0 TDI 블루모션' 출시!",http://www.hankyung.com/news/app/newsview.php?aid=2011030832957
212,"폭스바겐 CC, 티구안 연료필터 때문에 ‘리콜’",http://www.newdaily.co.kr/news/article.html?no=114423
213,폭스바겐 신형 CC 출시기념 사진 공모전 개최,http://news.mtn.co.kr/newscenter/news_viewer.mtn?gidx=2012053016344956022
214,[시승기] 폭스바겐 신형 CC,http://news20.busan.com/news/newsController.jsp?newsId=20120813000066
215,"폭스바겐, 4륜구동 CC 2.0 TDI 블루모션 출시···5090만원",http://news1.kr/articles/665209
216,"폭스바겐 CC 2.0 TDI, 매력적인 5도어로 재탄생",http://kr.aving.net/news/view.php?articleId=169627&Branch_ID=kr&rssid=naver
217,"폭스바겐, 2011년식 CC 2.0 TDI 5인승 모델 출시",http://www.segye.com/Articles/NEWS/ECONOMY/Article.asp?aid=20100927001925&subctg1=&subctg2=
218,[포토]`폭스바겐 CC` 다양한 각도에서 바라본 모습,http://www.edaily.co.kr/news/newspath.asp?newsid=01403846599496448
219,"폭스바겐CC 동호회, '떼빙' 위험천만 인증샷에 ‘눈총’",http://www.ajnews.co.kr/common/redirect.jsp?newsId=20120702000259
220,폭스바겐 CC 블루모션 출시..연비 ℓ당 17.1㎞,http://www.ajnews.co.kr/common/redirect.jsp?newsId=20110308000154
221,"폭스바겐 CC, 티구안 연료필터 때문에 ‘리콜’",http://www.newdaily.co.kr/news/article.html?no=114423
222,폭스바겐 신형 CC 출시기념 사진 공모전 개최,http://news.mtn.co.kr/newscenter/news_viewer.mtn?gidx=2012053016344956022
223,[시승기] 폭스바겐 신형 CC,http://news20.busan.com/news/newsController.jsp?newsId=20120813000066
224,"폭스바겐, 4륜구동 CC 2.0 TDI 블루모션 출시···5090만원",http://news1.kr/articles/665209
225,"폭스바겐 CC 2.0 TDI, 매력적인 5도어로 재탄생",http://kr.aving.net/news/view.php?articleId=169627&Branch_ID=kr&rssid=naver
226,"폭스바겐, 2011년식 CC 2.0 TDI 5인승 모델 출시",http://www.segye.com/Articles/NEWS/ECONOMY/Article.asp?aid=20100927001925&subctg1=&subctg2=
227,[포토]`폭스바겐 CC` 다양한 각도에서 바라본 모습,http://www.edaily.co.kr/news/newspath.asp?newsid=01403846599496448
228,"폭스바겐CC 동호회, '떼빙' 위험천만 인증샷에 ‘눈총’",http://www.ajnews.co.kr/common/redirect.jsp?newsId=20120702000259
229,"폭스바겐 '신형CC' 출시, 똑똑해진 4도어 쿠페",http://www.hankyung.com/news/app/newsview.php?aid=201204228591g
230,"폭스바겐, `CC 2.0 TDI` 5인승 모델 출시",http://www.edaily.co.kr/news/newspath.asp?newsid=01902406593104384
231,[포토]`폭스바겐 CC` 다양한 각도에서 바라본 모습,http://www.edaily.co.kr/news/newspath.asp?newsid=01403846599496448
232,"폭스바겐CC 동호회, '떼빙' 위험천만 인증샷에 ‘눈총’",http://www.ajnews.co.kr/common/redirect.jsp?newsId=20120702000259
233,"폭스바겐, '신형 CC 출시 기념' 사진 공모전 개최",https://news.naver.com/main/read.naver?mode=LSD&mid=sec&sid1=101&oid=003&aid=0004527745
234,"폭스바겐, 신형 CC에 4모션 추가",http://autotimes.hankyung.com/apps/news.sub_view?popup=0&nid=03&c1=03&c2=03&c3=00&nkey=201205111559071
235,"폭스바겐 '신형CC' 출시, 똑똑해진 4도어 쿠페",http://www.hankyung.com/news/app/newsview.php?aid=201204228591g
236,폭스바겐 4도어 쿠페 신형 CC 사전계약 실시,http://sports.khan.co.kr/news/sk_index.html?cat=view&art_id=201204131444203&sec_id=563002&pt=nv
237,폭스바겐CC에 'R라인'을 더했다.,http://www.econovill.com/archives/90298
238,"폭스바겐, CC 5인승 나온다",http://www.autotimes.co.kr/article_view.php?id=68831
239,"[시승기] 세단에 내려앉은 쿠페 DNA, 폭스바겐 CC 2.0 TDI",http://www.etoday.kr/news/section/newsview.php?TM=news&SM=0405&idxno=284628
240,"폭스바겐, 신형 CC에 4모션 추가",http://autotimes.hankyung.com/apps/news.sub_view?popup=0&nid=03&c1=03&c2=03&c3=00&nkey=201205111559071
241,"폭스바겐 '신형CC' 출시, 똑똑해진 4도어 쿠페",http://www.hankyung.com/news/app/newsview.php?aid=201204228591g
242,폭스바겐 4도어 쿠페 신형 CC 사전계약 실시,http://sports.khan.co.kr/news/sk_index.html?cat=view&art_id=201204131444203&sec_id=563002&pt=nv
243,폭스바겐CC에 'R라인'을 더했다.,http://www.econovill.com/archives/90298
244,"폭스바겐, CC 5인승 나온다",http://www.autotimes.co.kr/article_view.php?id=68831
245,"[시승기] 세단에 내려앉은 쿠페 DNA, 폭스바겐 CC 2.0 TDI",http://www.etoday.kr/news/section/newsview.php?TM=news&SM=0405&idxno=284628
246,연비조작 의혹 '폭스바겐 3천cc·포르쉐' 국내 검증한다,http://news.sbs.co.kr/news/endPage.do?news_id=N1003248301&plink=ORI&cooper=NAVER
247,"폭스바겐, CC 파격 프로모션 실시",http://www.ajnews.co.kr/common/redirect.jsp?newsId=20111010000448
248,"폭스바겐코리아, 신형 CC 출시",http://biz.chosun.com/site/data/html_dir/2013/03/20/2013032001304.html
249,베일벗는 ‘신형 폭스바겐 CC’..내년 상반기 출시,http://sports.chosun.com/news/ntype.htm?id=201111090100051020004375&servicedate=20111108
250,폭스바겐CC에 'R라인'을 더했다.,http://www.econovill.com/archives/90298
251,"폭스바겐, CC 5인승 나온다",http://www.autotimes.co.kr/article_view.php?id=68831
252,"[시승기] 세단에 내려앉은 쿠페 DNA, 폭스바겐 CC 2.0 TDI",http://www.etoday.kr/news/section/newsview.php?TM=news&SM=0405&idxno=284628
253,연비조작 의혹 '폭스바겐 3천cc·포르쉐' 국내 검증한다,http://news.sbs.co.kr/news/endPage.do?news_id=N1003248301&plink=ORI&cooper=NAVER
254,"폭스바겐, CC 파격 프로모션 실시",http://www.ajnews.co.kr/common/redirect.jsp?newsId=20111010000448
255,"폭스바겐코리아, 신형 CC 출시",http://biz.chosun.com/site/data/html_dir/2013/03/20/2013032001304.html
256,베일벗는 ‘신형 폭스바겐 CC’..내년 상반기 출시,http://sports.chosun.com/news/ntype.htm?id=201111090100051020004375&servicedate=20111108
257,베일벗는 ‘신형 폭스바겐 CC’..내년 상반기 출시,http://osen.mt.co.kr/article/G1109317000
258,"폭스바겐 CC, 레드닷 디자인 어워드 대상 수상",http://www.newspim.com/sub_view.php?cate1=6&cate2=1&news_id=244742
259,"폭스바겐코리아, 조원희 선수에게 쿠페CC 제공",http://www.khan.co.kr/kh_news/art_view.html?artid=200907011814552&code=920508
260,"폭스바겐 CC, 레드닷 디자인 어워드 대상 수상",http://www.newspim.com/sub_view.php?cate1=6&cate2=1&news_id=244742
261,"폭스바겐코리아, 조원희 선수에게 쿠페CC 제공",http://www.khan.co.kr/kh_news/art_view.html?artid=200907011814552&code=920508
262,"프리미어 리거 조원희, 폭스바겐 CC 탄다",http://fashion.hankyung.com/apps/news?popup=0&nid=05&c1=05&c2=05&c3=00&nkey=200906292304173&mode=sub_view
263,"폭스바겐 CC, 美 충돌 테스트서 최고 안전 등급 받아",http://www.khan.co.kr/kh_news/art_view.html?artid=200906241944332&code=920508
264,"폭스바겐 CC, 탑승자 보호성능 ‘굿’",http://news.mk.co.kr/news_forward.php?no=349731&year=2009
265,"폭스바겐 CC, 충돌테스트서 최고 안전 등급 획득",http://www.newspim.com/sub_view.php?cate1=6&cate2=1&news_id=241660
266,[시승기]폭스바겐의 '럭셔리' 스포츠 쿠페 'CC',http://www.e-today.co.kr/news/section/newsview.php?TM=news&SM=0499&idxno=234511
267,폭스바겐 2012년형 골프·CC모델 최고 80만원 인하,http://www.edaily.co.kr/news/newspath.asp?newsid=01886006596375856
268,[신차분석] 폭스바겐 `CC`,http://www.dt.co.kr/contents.html?article_no=2009042002011132743001
269,"길에서 폭스바겐 CC 보면 ""도망쳐!""",http://www.dailian.co.kr/news/news_view.htm?id=317774&sc=naver
270,[신차분석] 폭스바겐 `CC`,http://www.dt.co.kr/contents.html?article_no=2009042002011132743001
271,"길에서 폭스바겐 CC 보면 ""도망쳐!""",http://www.dailian.co.kr/news/news_view.htm?id=317774&sc=naver
272,"폭스바겐 CC, 쿠페의 유선형 디자인 매력",http://news.mk.co.kr/news_forward.php?no=180750&year=2009
273,"폭스바겐 ""CC도 타고 음식도 맛 보고""",http://www.e-today.co.kr/news/section/newsview.php?TM=news&SM=0499&idxno=215190
274,폭스바겐CC '스피드·안락함 겸비 다이내믹 쿠페',http://www.asiae.co.kr/uhtml/read.jsp?idxno=2009031709271156811
275,"폭스바겐 CC, 6주만에 200대 돌파 ""불황에도 끄덕없다""",http://www.e-today.co.kr/news/section/newsview.php?TM=news&SM=0499&idxno=214904
276,[카라이프-시승기]'이것이 4도어 쿠페!' 폭스바겐 CC,http://www.asiae.co.kr/uhtml/read.jsp?idxno=2009031611241925359
277,[시승기]날렵한 쿠페의 매력 ‘폭스바겐 CC’,http://www.khan.co.kr/kh_news/art_view.html?artid=200903061729092&code=920508
278,"폭스바겐 CC V6, 폭발적 가속력 쿠페…어라! 4인승이네",http://news.mk.co.kr/news_forward.php?no=97753&year=2009
279,[Well]'쿠페'의 고정관점을 버려라 '폭스바겐 CC',http://magazine.e-today.co.kr/view.php?cd=0805&page=1&idxno=209010
280,"폭스바겐 CC, 출시 6주 만에 200대 계약 돌파",http://www.asiae.co.kr/uhtml/read.jsp?idxno=2009031612425112140
281,[카라이프-시승기]'이것이 4도어 쿠페!' 폭스바겐 CC,http://www.asiae.co.kr/uhtml/read.jsp?idxno=2009031611241925359
282,[시승기]날렵한 쿠페의 매력 ‘폭스바겐 CC’,http://www.khan.co.kr/kh_news/art_view.html?artid=200903061729092&code=920508
283,"폭스바겐 CC V6, 폭발적 가속력 쿠페…어라! 4인승이네",http://news.mk.co.kr/news_forward.php?no=97753&year=2009
284,[Well]'쿠페'의 고정관점을 버려라 '폭스바겐 CC',http://magazine.e-today.co.kr/view.php?cd=0805&page=1&idxno=209010
285,"폭스바겐 'CC', 세단과 스포츠카의 매력을 동시에 즐긴다",http://aving.net/atc/read.asp?c_num=114404&Branch_ID=kr
286,"폭스바겐, 리터당 16.2㎞연비 쿠페 ‘The CC’ 출시",http://www.heraldbiz.com/SITE/data/html_dir/2009/02/03/200902030645.asp
287,"""폭스바겐 'CC' 올해 800~1000대 팔겠다""",http://www.moneytoday.co.kr/view/mtview.php?type=1&no=2009020313362269701&outlink=1
288,"폭스바겐, 신개념 4도어 쿠페 '폭스바겐 CC' 출시",https://news.naver.com/main/read.naver?mode=LSD&mid=sec&sid1=101&oid=003&aid=0002507158
289,"[동영상]폭스바겐 CC, '귀신같은 자동 주차 시스템'",http://www.segye.com/Articles/NEWS/ECONOMY/Article.asp?aid=20110308005045&subctg1=&subctg2=
290,"폭스바겐, 4도어 쿠페 CC 출시",http://www.autotimes.co.kr/article_view.php?id=41720
291,"""폭스바겐 'CC' 올해 800~1000대 팔겠다""",http://www.moneytoday.co.kr/view/mtview.php?type=1&no=2009020313362269701&outlink=1
292,"폭스바겐, 신개념 4도어 쿠페 '폭스바겐 CC' 출시",https://news.naver.com/main/read.naver?mode=LSD&mid=sec&sid1=101&oid=003&aid=0002507158
293,"[동영상]폭스바겐 CC, '귀신같은 자동 주차 시스템'",http://www.segye.com/Articles/NEWS/ECONOMY/Article.asp?aid=20110308005045&subctg1=&subctg2=
294,폭스바겐 신차 'CC'엔 어떤 신기술 있나,http://www.ajnews.co.kr/uhtml/read.jsp?idxno=200901212358566320088
295,폭스바겐 신차 'CC' 각종 첨단장치로 무장,http://www.moneytoday.co.kr/view/mtview.php?type=1&no=2009012111124343537&outlink=1
296,"폭스바겐, 신차 CC 통해 '모빌리티 타이어' 공개",http://aving.net/atc/read.asp?c_num=112308&Branch_ID=kr
297,페이스리프트 앞둔 폭스바겐 CC 스파이샷 포착,http://news.mk.co.kr/news_forward.php?no=384056&year=2011
298,"폭스바겐, 새해 파사트 CC로 뜬다",http://www.segye.com/Articles/Punch/Quick/Article.asp?aid=20090107000858&subctg1=00&subctg2=00
299,월 26만원이면 폭스바겐 CC가 내 것!,http://www.autotimes.co.kr/article_view.php?id=120339
300,"폭스바겐, 파사트CC 등 앞세워 올해 5,000대 판매",http://www.autotimes.co.kr/article_view.php?id=40001
301,월 26만원이면 폭스바겐 CC가 내 것!,http://www.autotimes.co.kr/article_view.php?id=120339
302,주행성능 탁월…폭스바겐 `CC 2.0 TDI 블루모션`,http://www.dt.co.kr/contents.html?article_no=2011050602011132718002
303,"폭스바겐, ‘연비 17㎞/ℓ’ CC 2.0 블루모션 출시",http://news.mk.co.kr/news_forward.php?no=198307&year=2011
304,폭스바겐CC “쿠페를 파괴하다. 창조적으로”,http://news.mk.co.kr/news_forward.php?domain=news&no=727005&year=2015
305,"[타볼까]폭스바겐, CC 2.0 TDI 블루모션…영화서 본 직각주차 가능",http://www.nspna.com/news/index.html?mode=view&cate1_id=14&cate2_id=122&number=29021
306,폭스바겐 'CC 2.0 TDI 블루모션' 국내 출시,http://www.etoday.co.kr/news/section/newsview.php?TM=news&SM=0405&idxno=413623
307,"6천3백여대 판매 폭스바겐 신형CC.. ""쿠페 대중화 선봉""",http://news.mtn.co.kr/newscenter/news_viewer.mtn?gidx=2012072916521874100
308,"폭스바겐, 쿠페+세단 장점 결합한 `CC TDI` 출시",http://www.dt.co.kr/contents.html?article_no=2010092702019932718003
309,[시승기]5인승으로 업그레이드된 폭스바겐 'CC',http://www.moneytoday.co.kr/view/mtview.php?type=1&no=2011010513393858007&outlink=1
310,"더 똑똑해진 폭스바겐 CC 2.0 TDI 출시..""주차 종결자""",http://news.etomato.com/pagelog/popup_log.asp?newsseq=143989
311,폭스바겐 'CC 2.0 TDI 블루모션' 국내 출시,http://www.etoday.co.kr/news/section/newsview.php?TM=news&SM=0405&idxno=413623
312,"6천3백여대 판매 폭스바겐 신형CC.. ""쿠페 대중화 선봉""",http://news.mtn.co.kr/newscenter/news_viewer.mtn?gidx=2012072916521874100
313,"폭스바겐, 쿠페+세단 장점 결합한 `CC TDI` 출시",http://www.dt.co.kr/contents.html?article_no=2010092702019932718003
314,[시승기]5인승으로 업그레이드된 폭스바겐 'CC',http://www.moneytoday.co.kr/view/mtview.php?type=1&no=2011010513393858007&outlink=1
315,"폭스바겐코리아, 'CC 2.0 TDI 블루모션 R-Line' 출시",http://www.mt.co.kr/view/mtview.php?type=1&no=2013050914423698032&outlink=1
316,[신차분석] 폭스바겐 `2011년형 CC TDI`,http://www.dt.co.kr/contents.html?article_no=2010123102011132718002
317,폭스바겐 `신형 CC` 이벤트 볼만하네,http://www.dt.co.kr/contents.html?article_no=2012053102012069718001
318,"폭스바겐코리아, 엔진 성능 높인 신형CC 출시",http://www.etnews.com/news/home_mobile/automobile/2737761_1485.html
319,"폭스바겐, 4도어 쿠페 '신형CC'",http://www.hankyung.com/news/app/newsview.php?aid=2012042290961
320,[신차분석] 폭스바겐 `2011년형 CC TDI`,http://www.dt.co.kr/contents.html?article_no=2010123102011132718002
321,폭스바겐 `신형 CC` 이벤트 볼만하네,http://www.dt.co.kr/contents.html?article_no=2012053102012069718001
322,"폭스바겐코리아, 엔진 성능 높인 신형CC 출시",http://www.etnews.com/news/home_mobile/automobile/2737761_1485.html
323,"폭스바겐, 4도어 쿠페 '신형CC'",http://www.hankyung.com/news/app/newsview.php?aid=2012042290961
324,"폭스바겐, 2011년식 CC 2.0 TDI 5인승 모델 출시",http://www.newshankuk.com/news/news_view.asp?articleno=k2010092810195646197
325,"폭스바겐 CC ""5인승 쿠페로 거듭났다""",http://www.etoday.co.kr/news/section/newsview.php?TM=news&SM=0405&idxno=361274
326,수묵화에 담긴 폭스바겐CC‥‘한 폭의 동양화네!’,https://news.naver.com/main/read.naver?mode=LSD&mid=sec&sid1=101&oid=003&aid=0003244967
327,"[시승기]""눈길주행도 거침없다"" 폭스바겐 뉴CC 4모션",http://www.asiae.co.kr/news/view.htm?idxno=2013021615555878992
328,"폭스바겐 아테온, '수입차 1위' 결국 해냈다",http://www.gpkorea.com/news/articleView.html?idxno=61544
329,‘폭스바겐 CC’ 타보니… 쿠페 유려함 + 세단 안락성… 노면별 주행모드 선택,http://www.munhwa.com/news/view.html?no=20100707010317243150010
330,"폭스바겐, 2011년식 CC 2.0 TDI 5인승 모델 출시",http://www.fnnews.com/view?ra=Sent0601m_01A&corp=fnnews&arcid=100927113326&cDateYear=2010&cDateMonth=09&cDateDay=27&
331,수묵화에 담긴 폭스바겐CC‥‘한 폭의 동양화네!’,https://news.naver.com/main/read.naver?mode=LSD&mid=sec&sid1=101&oid=003&aid=0003244967
332,"[시승기]""눈길주행도 거침없다"" 폭스바겐 뉴CC 4모션",http://www.asiae.co.kr/news/view.htm?idxno=2013021615555878992
333,"폭스바겐 아테온, '수입차 1위' 결국 해냈다",http://www.gpkorea.com/news/articleView.html?idxno=61544
334,‘폭스바겐 CC’ 타보니… 쿠페 유려함 + 세단 안락성… 노면별 주행모드 선택,http://www.munhwa.com/news/view.html?no=20100707010317243150010
335,"폭스바겐, 'CC' 등 4개 모델 美서 추천모델 선정",http://www.moneytoday.co.kr/view/mtview.php?type=1&no=2010021811033729025&outlink=1
336,"폭스바겐코리아, CC 및 티구안 일부 모델 대상 자발적 리콜 실시",http://news.mk.co.kr/news_forward.php?domain=news&no=333481&year=2012
337,"폭스바겐 티구안·CC, 연료 누유로 리콜 실시",http://www.mydaily.co.kr/news/read.html?newsid=201205311406584432&ext=na
338,"폭스바겐, 신형 CC 2.0 TDI 블루모션 4MOTION 출시",http://biz.heraldm.com/common/redirect.jsp?category_id=010107041300&news_id=20120511001224
339,폭스바겐 티구안 에어백 결함 8400여대 리콜,http://www.newsworks.co.kr/news/articleView.html?idxno=415277
340,"폭스바겐, 티구안·CC 1천대 리콜",http://www.hani.co.kr/arti/economy/economy_general/535615.html
341,"폭스바겐, 신형 CC 2.0 TDI 블루모션 4MOTION 출시",http://biz.heraldm.com/common/redirect.jsp?category_id=010107041300&news_id=20120511001224
342,폭스바겐 티구안 에어백 결함 8400여대 리콜,http://www.newsworks.co.kr/news/articleView.html?idxno=415277
343,[시승기] 폭스바겐 신형 CC에 아내와 아이 4명을 태웠다! 어땠을까?,http://sports.khan.co.kr/news/sk_index.html?cat=view&art_id=201210261935253&sec_id=563002&pt=nv
344,"폭스바겐CC, 6주동안 200대 계약",http://news.mk.co.kr/news_forward.php?no=164015&year=2009
345,[Car & Life]세단과 쿠페 버무린 퓨전 스타일 - 시승기-폭스바겐 CC 3.6 4모션,http://www.kbizweek.com/cp/view.asp?vol_no=709&art_no=28&sec_cd=1659
346,'디자인' 하면 폭스바겐 CC…4도어 쿠페,https://news.naver.com/main/read.naver?mode=LSD&mid=sec&sid1=101&oid=003&aid=0002756818
347,"폭스바겐 CC, 레드닷 디자인 대상 수상",http://www.e-today.co.kr/news/section/newsview.php?TM=news&SM=0499&idxno=238991
348,"美IIHS, 폭스바겐CC·쏘나타 ‘안전’…BMW·렉서스·인피니티는 ‘탈락’",http://www.fnnews.com/view?ra=Sent0601m_01A&corp=fnnews&arcid=11061815092844&cDateYear=2011&cDateMonth=06&cDateDay=18&
349,"美IIHS, 폭스바겐CC·쏘나타 '안전'…BMW·렉서스·인피니티 '탈락'",http://www.segye.com/Articles/NEWS/ECONOMY/Article.asp?aid=20110617002433&subctg1=&subctg2=
350,"폭스바겐, 신형 CC 2.0 TDI 블루모션 4MOTION 출시",http://biz.heraldm.com/common/redirect.jsp?category_id=010107041300&news_id=20120511001224
351,폭스바겐 티구안 에어백 결함 8400여대 리콜,http://www.newsworks.co.kr/news/articleView.html?idxno=415277
352,[시승기] 폭스바겐 신형 CC에 아내와 아이 4명을 태웠다! 어땠을까?,http://sports.khan.co.kr/news/sk_index.html?cat=view&art_id=201210261935253&sec_id=563002&pt=nv
353,"폭스바겐CC, 6주동안 200대 계약",http://news.mk.co.kr/news_forward.php?no=164015&year=2009
354,[Car & Life]세단과 쿠페 버무린 퓨전 스타일 - 시승기-폭스바겐 CC 3.6 4모션,http://www.kbizweek.com/cp/view.asp?vol_no=709&art_no=28&sec_cd=1659
355,'디자인' 하면 폭스바겐 CC…4도어 쿠페,https://news.naver.com/main/read.naver?mode=LSD&mid=sec&sid1=101&oid=003&aid=0002756818
356,"폭스바겐 CC, 레드닷 디자인 대상 수상",http://www.e-today.co.kr/news/section/newsview.php?TM=news&SM=0499&idxno=238991
357,"美IIHS, 폭스바겐CC·쏘나타 ‘안전’…BMW·렉서스·인피니티는 ‘탈락’",http://www.fnnews.com/view?ra=Sent0601m_01A&corp=fnnews&arcid=11061815092844&cDateYear=2011&cDateMonth=06&cDateDay=18&
358,"美IIHS, 폭스바겐CC·쏘나타 '안전'…BMW·렉서스·인피니티 '탈락'",http://www.segye.com/Articles/NEWS/ECONOMY/Article.asp?aid=20110617002433&subctg1=&subctg2=
359,"프리미어리거 조원희, 폭스바겐 'CC' 탄다",http://www.e-today.co.kr/news/section/newsview.php?TM=news&SM=0499&idxno=237947
360,"""프리미어리거 조원희가 폭스바겐 CC를?""",http://www.asiae.co.kr/uhtml/read.jsp?idxno=2009062911055368524
361,"폭스바겐 CC, 충돌 테스트서 최고 안전 등급 획득",http://www.mydaily.co.kr/news/read.html?newsid=200906241158434431&ext=na
362,폭스바겐 CC '가장 안전한 차',https://news.naver.com/main/read.naver?mode=LSD&mid=sec&sid1=101&oid=003&aid=0002741204
363,"폭스바겐 CC, 출시 6주 만에 200대 돌파",http://www.ebn.co.kr/news/n_view.html?id=373721
364,‘폭스바겐 쿠페 CC’ 도로상태 맞춰 조정 기능,http://www.kukinews.com/life/article/view.asp?page=1&gCode=all&arcid=0921201462&cp=nv
365,"폭스바겐 세단+쿠페=CC, 5040만원에 출시",http://news.mk.co.kr/news_forward.php?no=66599&year=2009
366,쿠페 폭스바겐CC 출시기념 이벤트,http://sportsworldi.segye.com/Articles/LeisureLife/Article.asp?aid=20090203004669&subctg1=35&subctg2=00
367,폭스바겐 CC 마이크로사이트 오픈 기념 퀴즈 이벤트,http://www.betanews.net/article/444130
368,폭스바겐‘CC 2.0 TDI 블루모션’ 출시 등,http://www.munhwa.com/news/view.html?no=20110309010317240250030
369,"폭스바겐, 신형 CC 출시 기념 특별 조건 내놔",http://autotimes.hankyung.com/apps/news.sub_view?popup=0&nid=03&c1=03&c2=03&c3=00&nkey=201204241311471
370,“쿠페야? 세단이야?” 폭스바겐 CC 출시,http://www.khan.co.kr/kh_news/art_view.html?artid=200902031439101&code=920508
371,폭스바겐 CC 마이크로사이트 오픈 기념 퀴즈 이벤트,http://www.betanews.net/article/444130
372,폭스바겐‘CC 2.0 TDI 블루모션’ 출시 등,http://www.munhwa.com/news/view.html?no=20110309010317240250030
373,"폭스바겐, 신형 CC 출시 기념 특별 조건 내놔",http://autotimes.hankyung.com/apps/news.sub_view?popup=0&nid=03&c1=03&c2=03&c3=00&nkey=201204241311471
374,'4도어 쿠페 강자가 왔다'..폭스바겐 신형 CC 출시,http://www.asiae.co.kr/news/view.htm?idxno=2012042122445811590
375,"눈썹 다시 그린 폭스바겐 '뉴CC'.. ""가격 최대 620만원↓""",http://www.ajnews.co.kr/common/redirect.jsp?newsId=20120422000145
376,"폭스바겐, 2월 파사트CC 출시로 고객층 넓힌다",http://www.asiae.co.kr/uhtml/read.jsp?idxno=2009010711060911406
377,‘4도어 쿠페’ 폭스바겐 신형 CC를 먼저 만날 기회,http://wstarnews.hankyung.com/apps/news?popup=0&nid=03&c1=03&c2=03&c3=00&nkey=201204131154451&mode=sub_view
378,폭스바겐 4륜구동 CC 타고 눈길 달려봤더니 …,http://www.hankyung.com/news/app/newsview.php?aid=201412185234g
379,"폭스바겐코리아, 신형 CC 디젤 출시",http://www.hankyung.com/news/app/newsview.php?aid=201303207524g
380,"눈썹 다시 그린 폭스바겐 '뉴CC'.. ""가격 최대 620만원↓""",http://www.ajnews.co.kr/common/redirect.jsp?newsId=20120422000145
381,"폭스바겐, 2월 파사트CC 출시로 고객층 넓힌다",http://www.asiae.co.kr/uhtml/read.jsp?idxno=2009010711060911406
382,‘4도어 쿠페’ 폭스바겐 신형 CC를 먼저 만날 기회,http://wstarnews.hankyung.com/apps/news?popup=0&nid=03&c1=03&c2=03&c3=00&nkey=201204131154451&mode=sub_view
383,폭스바겐 4륜구동 CC 타고 눈길 달려봤더니 …,http://www.hankyung.com/news/app/newsview.php?aid=201412185234g
384,"폭스바겐코리아, 신형 CC 디젤 출시",http://www.hankyung.com/news/app/newsview.php?aid=201303207524g
385,"폭스바겐, 2011년식 CC 2.0 TDI 출시",http://www.newspim.com/sub_view.php?cate1=6&cate2=1&news_id=408687
386,"폭스바겐, '파사트 CC 전세계 최초로 공개'",http://www.mydaily.co.kr/news/read.html?newsid=200801151016264433&ext=na
387,"폭스바겐, CC 2.0 TDI 블루모션 '24개월 무이자'",https://news.naver.com/main/read.naver?mode=LSD&mid=sec&sid1=101&oid=003&aid=0004125424
388,"폭스바겐코리아, '4모션 윈터 어드벤처'…페이톤 투아렉 CC 티구안 체험",http://www.osen.co.kr/article/G1109751372
389,"폭스바겐, 골프·CC 최대 80만원 인하",https://news.naver.com/main/read.naver?mode=LSD&mid=sec&sid1=101&oid=003&aid=0004055650
390,"폭스바겐, `파사트CC` 모터쇼서 공개",http://www.dt.co.kr/contents.html?article_no=2008011502011132691001
391,"폭스바겐, CC 2.0 TDI 블루모션 '24개월 무이자'",https://news.naver.com/main/read.naver?mode=LSD&mid=sec&sid1=101&oid=003&aid=0004125424
392,"폭스바겐코리아, '4모션 윈터 어드벤처'…페이톤 투아렉 CC 티구안 체험",http://www.osen.co.kr/article/G1109751372
393,"폭스바겐, 골프·CC 최대 80만원 인하",https://news.naver.com/main/read.naver?mode=LSD&mid=sec&sid1=101&oid=003&aid=0004055650
394,"폭스바겐코리아, 페이톤 및 CC 3년 후 잔존가치 50% 보장",http://biz.heraldm.com/common/redirect.jsp?category_id=010107041300&news_id=20110601000617
395,폭스바겐 CC 및 티구안 일부 모델 대상 자발적 리콜 실시,http://sports.khan.co.kr/news/sk_index.html?cat=view&art_id=201205311413333&sec_id=563002&pt=nv
396,[포토]폭스바겐 `신형CC TDI 블루모션` 뒷좌석은 이렇게..,http://www.edaily.co.kr/news/newspath.asp?newsid=02181206599527936
397,"폭스바겐, 4도어 쿠페 '신형 CC' 출시",http://autotimes.hankyung.com/apps/news.sub_view?popup=0&nid=03&c1=03&c2=03&c3=00&nkey=201204210339001
398,'이게 그림?' 수묵화로 그린 폭스바겐 'CC' 화제,http://www.hankyung.com/news/app/newsview.php?aid=201005184015g
399,"[시승기]폭스바겐 CC 블루모션, 차가 이렇게 똑똑해도 돼?",http://www.autotimes.co.kr/article_view.php?id=111511
400,"폭스바겐, CC 및 티구안 일부 모델 리콜",https://news.naver.com/main/read.naver?mode=LSD&mid=sec&sid1=101&oid=011&aid=0002242846
401,[포토]폭스바겐 `신형CC TDI 블루모션` 뒷좌석은 이렇게..,http://www.edaily.co.kr/news/newspath.asp?newsid=02181206599527936
402,"폭스바겐, 4도어 쿠페 '신형 CC' 출시",http://autotimes.hankyung.com/apps/news.sub_view?popup=0&nid=03&c1=03&c2=03&c3=00&nkey=201204210339001
403,'이게 그림?' 수묵화로 그린 폭스바겐 'CC' 화제,http://www.hankyung.com/news/app/newsview.php?aid=201005184015g
404,"[시승기]폭스바겐 CC 블루모션, 차가 이렇게 똑똑해도 돼?",http://www.autotimes.co.kr/article_view.php?id=111511
405,폭스바겐 신형 'CC' 사전계약,http://www.fnnews.com/view?ra=Sent0601m_01A&corp=fnnews&arcid=201204130100117100006965&cDateYear=2012&cDateMonth=04&cDateDay=13&
406,“주차도 알아서 척척”..폭스바겐 CC 2.0 TDI 출시,http://osen.mt.co.kr/news/view.html?gid=G1103100236
407,[포토엔]폭스바겐 CC 2.0 TDI ‘첨단기술과 친환경의 만남’,http://www.newsen.com/news_view.php?uid=201103081326512006
408,신차 보행자보호 여전히 '미흡'…폭스바겐CC 최저,http://www.greenpostkorea.co.kr/news/articleView.html?idxno=17238
409,폭스바겐 CC ‘레드닷 어워드’ 수상,http://www.khan.co.kr/kh_news/art_view.html?artid=200907021956532&code=920508
410,"""폭스바겐CC를 수묵화로?""",http://www.asiae.co.kr/news/view.htm?idxno=2010051810151455269
411,"[시승기]폭스바겐 CC 블루모션, 차가 이렇게 똑똑해도 돼?",http://www.autotimes.co.kr/article_view.php?id=111511
412,폭스바겐 신형 'CC' 사전계약,http://www.fnnews.com/view?ra=Sent0601m_01A&corp=fnnews&arcid=201204130100117100006965&cDateYear=2012&cDateMonth=04&cDateDay=13&
413,“주차도 알아서 척척”..폭스바겐 CC 2.0 TDI 출시,http://osen.mt.co.kr/news/view.html?gid=G1103100236
414,[포토엔]폭스바겐 CC 2.0 TDI ‘첨단기술과 친환경의 만남’,http://www.newsen.com/news_view.php?uid=201103081326512006
415,신차 보행자보호 여전히 '미흡'…폭스바겐CC 최저,http://www.greenpostkorea.co.kr/news/articleView.html?idxno=17238
416,폭스바겐 CC ‘레드닷 어워드’ 수상,http://www.khan.co.kr/kh_news/art_view.html?artid=200907021956532&code=920508
417,임인년(壬寅年) 신차 공세 나서는 폭스바겐코리아… 1월 초 새로워진 ‘아테온’ 선봉,https://www.donga.com/news/article/all/20211220/110874057/2
418,"[영상]폭스바겐CC, 쿠페 영역 파괴하다",http://news.mk.co.kr/news_forward.php?no=74872&year=2009
419,[사진]폭스바겐 CC '날렵함 강조한 라인',http://www.moneytoday.co.kr/view/mtview.php?type=1&no=2009020313165265637&outlink=1
420,신차 보행자보호 여전히 '미흡'…폭스바겐CC 최저,http://www.greenpostkorea.co.kr/news/articleView.html?idxno=17238
421,폭스바겐 CC ‘레드닷 어워드’ 수상,http://www.khan.co.kr/kh_news/art_view.html?artid=200907021956532&code=920508
422,임인년(壬寅年) 신차 공세 나서는 폭스바겐코리아… 1월 초 새로워진 ‘아테온’ 선봉,https://www.donga.com/news/article/all/20211220/110874057/2
423,"[영상]폭스바겐CC, 쿠페 영역 파괴하다",http://news.mk.co.kr/news_forward.php?no=74872&year=2009
424,[사진]폭스바겐 CC '날렵함 강조한 라인',http://www.moneytoday.co.kr/view/mtview.php?type=1&no=2009020313165265637&outlink=1
425,디자인이 매력적인 폭스바겐 CC,https://news.naver.com/main/read.naver?mode=LSD&mid=sec&sid1=101&oid=003&aid=0002506635
426,"폭스바겐 CC, 길 따라 ‘세단⇆스포츠카’",http://news.mk.co.kr/news_forward.php?no=66639&year=2009
427,폭스바겐 2011년형 `CC 2.0 TDI` 나와,http://news.mk.co.kr/news_forward.php?no=534306&year=2010
428,"폭스바겐, 2011년식 CC 2.0 TDI 5인승 모델 출시",http://osen.mt.co.kr/news/view.html?gid=G1009270243
429,"폭스바겐, 4도어 쿠페 '신형 CC' 사전계약 실시",https://news.naver.com/main/read.naver?mode=LSD&mid=sec&sid1=101&oid=003&aid=0004445278
430,폭스바겐 CC 출시,https://news.naver.com/main/read.naver?mode=LSD&mid=sec&sid1=101&oid=003&aid=0002506634
431,"폭스바겐 CC, 길 따라 ‘세단⇆스포츠카’",http://news.mk.co.kr/news_forward.php?no=66639&year=2009
432,폭스바겐 2011년형 `CC 2.0 TDI` 나와,http://news.mk.co.kr/news_forward.php?no=534306&year=2010
433,"폭스바겐, 2011년식 CC 2.0 TDI 5인승 모델 출시",http://osen.mt.co.kr/news/view.html?gid=G1009270243
434,"폭스바겐, 4도어 쿠페 '신형 CC' 사전계약 실시",https://news.naver.com/main/read.naver?mode=LSD&mid=sec&sid1=101&oid=003&aid=0004445278
435,"[시승기]'잘생긴' 폭스바겐CC, 세단 성능 구현한 쿠페",http://www.asiae.co.kr/news/view.htm?idxno=2010072316295097643
436,[시승기]폭스바겐 가솔린도 전문…'CC' TSI,http://www.moneytoday.co.kr/view/mtview.php?type=1&no=2010061619065025842&outlink=1
437,"폭스바겐 CC, 출시 6주만에 200대 계약 돌파",https://news.naver.com/main/read.naver?mode=LSD&mid=sec&sid1=101&oid=003&aid=0002576502
438,"폭스바겐코리아, 제타·CC 부품 할인 이벤트 진행",http://autotimes.hankyung.com/apps/news.sub_view?popup=0&nid=03&c1=03&c2=03&c3=00&nkey=201506081009501
439,"[차도남 시승기] 폭스바겐 CC, 매력적인 4도어 쿠페",http://www.fnnews.com/view?ra=Sent0601m_01A&corp=fnnews&arcid=11100213323647&cDateYear=2011&cDateMonth=10&cDateDay=02&
440,"[차도남 시승기] 폭스바겐 CC, 매력적인 4도어 쿠페",http://www.fnnews.com/view?ra=Sent0601m_01A&corp=fnnews&arcid=11100213323647&cDateYear=2011&cDateMonth=10&cDateDay=02&
441,"[사진]폭스바겐 CC 2.0 TDI 블루모션, 스타일에 혁신을 더하다!",http://www.moneytoday.co.kr/view/mtview.php?type=1&no=2011030811402464600&outlink=1
442,"폭스바겐, CC 2.0 TDI 블루모션 출시…연비는?",http://news.donga.com/3/all/20110308/35394071/3
443,폭스바겐 'CC 2.0 TDI R-라인' 출시,http://www.cstimes.com/news/articleView.html?idxno=101734
444,"폭스바겐, 'CC 2.0 TDI 블루모션 R라인' 출시…5060만",https://news.naver.com/main/read.naver?mode=LSD&mid=sec&sid1=101&oid=003&aid=0005138208
445,"폭스바겐코리아, 축구선수 조원희에 CC 의전차량 제공",http://news.mk.co.kr/news_forward.php?no=356832&year=2009
446,"폭스바겐 CC, 출시 6주만에 200대 계약",http://www.autotimes.co.kr/article_view.php?id=45211
447,[신차나들이] 폭스바겐 'CC 3.6 4모션',https://news.naver.com/main/read.naver?mode=LSD&mid=sec&sid1=101&oid=011&aid=0001995258
448,"폭스바겐코리아, 신형 CC 디젤 출시",http://autotimes.hankyung.com/apps/news.sub_view?popup=0&nid=03&c1=03&c2=03&c3=00&nkey=201303201102001
449,[시승기] 폭스바겐 'CC 3.64모션'‥넘치는 힘ㆍ완벽한 코너링 '강자의 여유',http://www.hankyung.com/news/app/newsview.php?aid=2009022501521
450,폭스바겐 CC 2.0 TDI 블루모션 출시,https://news.naver.com/main/read.naver?mode=LSD&mid=sec&sid1=101&oid=001&aid=0004947819
451,폭스바겐 'CC 2.0 TDI R-라인' 출시,http://www.cstimes.com/news/articleView.html?idxno=101734
452,"폭스바겐, 'CC 2.0 TDI 블루모션 R라인' 출시…5060만",https://news.naver.com/main/read.naver?mode=LSD&mid=sec&sid1=101&oid=003&aid=0005138208
453,"폭스바겐코리아, 축구선수 조원희에 CC 의전차량 제공",http://news.mk.co.kr/news_forward.php?no=356832&year=2009
454,"폭스바겐 CC, 출시 6주만에 200대 계약",http://www.autotimes.co.kr/article_view.php?id=45211
455,[신차나들이] 폭스바겐 'CC 3.6 4모션',https://news.naver.com/main/read.naver?mode=LSD&mid=sec&sid1=101&oid=011&aid=0001995258
456,"폭스바겐코리아, 신형 CC 디젤 출시",http://autotimes.hankyung.com/apps/news.sub_view?popup=0&nid=03&c1=03&c2=03&c3=00&nkey=201303201102001
457,[시승기] 폭스바겐 'CC 3.64모션'‥넘치는 힘ㆍ완벽한 코너링 '강자의 여유',http://www.hankyung.com/news/app/newsview.php?aid=2009022501521
458,2011년형 폭스바겐 CC 뭐가 달라졌나 보니···,http://www.hankyung.com/news/app/newsview.php?aid=201009273670g
459,폭스바겐 4도어 쿠페 `CC`,http://www.dt.co.kr/contents.html?article_no=2009020402011032718003
460,"폭스바겐, CC 2.0 TDI 블루모션 R-라인 출시",http://www.moneyweek.co.kr/news/mwView.php?type=1&no=2013050917308060154&outlink=1
461,"폭스바겐코리아, 축구선수 조원희에 CC 의전차량 제공",http://news.mk.co.kr/news_forward.php?no=356832&year=2009
462,"폭스바겐 CC, 출시 6주만에 200대 계약",http://www.autotimes.co.kr/article_view.php?id=45211
463,[신차나들이] 폭스바겐 'CC 3.6 4모션',https://news.naver.com/main/read.naver?mode=LSD&mid=sec&sid1=101&oid=011&aid=0001995258
464,"폭스바겐코리아, 신형 CC 디젤 출시",http://autotimes.hankyung.com/apps/news.sub_view?popup=0&nid=03&c1=03&c2=03&c3=00&nkey=201303201102001
465,[시승기] 폭스바겐 'CC 3.64모션'‥넘치는 힘ㆍ완벽한 코너링 '강자의 여유',http://www.hankyung.com/news/app/newsview.php?aid=2009022501521
466,2011년형 폭스바겐 CC 뭐가 달라졌나 보니···,http://www.hankyung.com/news/app/newsview.php?aid=201009273670g
467,폭스바겐 4도어 쿠페 `CC`,http://www.dt.co.kr/contents.html?article_no=2009020402011032718003
468,[2월 新車] 친절한 폭스바겐 ‘CC씨’,http://news.mk.co.kr/news_forward.php?no=67952&year=2009
469,"폭스바겐, 4도어 쿠페 `CC` 출시",http://www.wownet.co.kr/news/vodnews/view2.asp?vodnum=18557
470,[2월 新車] 친절한 폭스바겐 ‘CC씨’,http://news.mk.co.kr/news_forward.php?no=67952&year=2009
471,"폭스바겐, 4도어 쿠페 `CC` 출시",http://www.wownet.co.kr/news/vodnews/view2.asp?vodnum=18557
472,"폭스바겐코리아, 세련된 바디라인의 '파사트 CC' 오늘 출시",http://aving.net/atc/read.asp?c_num=114235&Branch_ID=kr
473,"폭스바겐‘CC’, 온라인으로 먼저 즐기세요",http://news.mk.co.kr/news_forward.php?no=64079&year=2009
474,세단과 쿠페가 만났을때… 폭스바겐 신차 CC 출시,http://sportsworldi.segye.com/Articles/LeisureLife/Article.asp?aid=20090127002518&subctg1=35&subctg2=00
475,[포토] 폭스바겐 'CC 블루모션' 시선 사로잡는 매끈한 디자인,http://www.segye.com/Articles/NEWS/ECONOMY/Article.asp?aid=20110308005046&subctg1=&subctg2=
476,"폭스바겐, CC를 통해 차세대 섀시 컨트롤 시스템 DCC 선보여",http://www.betanews.net/article/442623
477,"[시승기] 폭스바겐 CC 2.0 TDI, 뒷자리 3명 앉아도 OK '쿠페를 닮은 세단'",http://www.hankyung.com/news/app/newsview.php?aid=2011021599001
478,폭스바겐 CC 및 티구안 연료필터 결함으로 리콜,http://www.dailian.co.kr/news/news_view.htm?id=290085&sc=naver&kind=menu_code&keys=2
479,"폭스바겐, 신형 CC 4륜구동 출시…5090만원",http://www.newspim.com/common/redirect.jsp?newsId=20120511000439
480,"폭스바겐, CC를 통해 차세대 섀시 컨트롤 시스템 DCC 선보여",http://www.betanews.net/article/442623
481,"[시승기] 폭스바겐 CC 2.0 TDI, 뒷자리 3명 앉아도 OK '쿠페를 닮은 세단'",http://www.hankyung.com/news/app/newsview.php?aid=2011021599001
482,폭스바겐 CC 및 티구안 연료필터 결함으로 리콜,http://www.dailian.co.kr/news/news_view.htm?id=290085&sc=naver&kind=menu_code&keys=2
483,"폭스바겐, 신형 CC 4륜구동 출시…5090만원",http://www.newspim.com/common/redirect.jsp?newsId=20120511000439
484,"폭스바겐코리아, CC 2.0 TDI 블루모션 R-라인 출시",https://news.naver.com/main/read.naver?mode=LSD&mid=sec&sid1=101&oid=011&aid=0002329453
485,"[디트로이트 모터쇼 2008]폭스바겐, 파사트 CC 세계 최초 공개",http://aving.net/atc/read.asp?c_num=70306&Branch_ID=kr
486,"폭스바겐코리아, 신형 CC 디젤모델 판매 개시",http://sports.khan.co.kr/news/sk_index.html?cat=view&art_id=201303242116506&sec_id=563002&pt=nv
487,"폭스바겐코리아, 업그레이드 CC 출시",http://news.mk.co.kr/news_forward.php?domain=news&no=210549&year=2013
488,"폭스바겐·포르쉐, 22만7천대 리콜 계획..에어백·안전벨트 결함",http://www.dailycar.co.kr/content/news.html?type=view&autoId=34622
489,"폭스바겐 CC, 세계 디자인 어워드 휩쓰네",http://news.mk.co.kr/news_forward.php?no=365017&year=2009
490,"폭스바겐 CC, 세계 디자인 어워드 휩쓰네",http://news.mk.co.kr/news_forward.php?no=365017&year=2009
491,"폭스바겐코리아, CC 2.0ℓ TDI 블루모션 R-라인 출시",http://autotimes.hankyung.com/apps/news.sub_view?popup=0&nid=03&c1=03&c2=03&c3=00&nkey=201305091433471
492,[시승기]“안 타봤으면 말을 하지 마!”…폭스바겐 CC 4모션,http://www.newspim.com/common/redirect.jsp?newsId=20130114000407
493,"폭스바겐, '신형 CC' 4륜구동 내놔···5090만원",http://www.hankyung.com/news/app/newsview.php?aid=201205118146g
494,"[리얼시승기] 폭스바겐, 아테온 ‘날개 편다’…가성비 ‘갑’ 중형 세단",http://www.g-enews.com/ko-kr/news/article/news_all/2019112203450048450cb531085_1/article.html
495,'폭스바겐 CC' 출시 현장에서 만난 션-정혜영 부부,http://aving.net/atc/read.asp?c_num=114410&Branch_ID=kr
496,폭스바겐 4도어 쿠페 'CC'출시,http://www.hankyung.com/news/app/newsview.php?aid=2009020326011
497,4도어 쿠페 스타일 폭스바겐 신형 ‘CC’,http://news.donga.com/3/all/20120422/45716510/1
498,"폭스바겐 파사트CC, 타이어 펑크나도 달려",http://www.e-today.co.kr/200707/news/newsview.php?TM=news&SM=0499&idxno=204082
499,"[사진]폭스바겐 신형CC, '신개념 5인승 4도어 쿠페'",http://www.moneytoday.co.kr/view/mtview.php?type=1&no=2012042211311859023&outlink=1
