,title,url
0,"폭스바겐 경영진, 요즘 美 나들이 잦은 이유는[넥스트.찐]",https://view.asiae.co.kr/article/2022042611295572924
1,한국소비자 ‘봉’ 취급하는 폭스바겐…아직도 끝나지 않은 디젤게이트,http://moneys.mt.co.kr/news/mwView.php?no=2022041421058084884
2,"中 장성기차, 폭스바겐 비틀 디자인 베껴 특허 출원..과연 결과는?",http://www.dailycar.co.kr/content/news.html?type=view&autoId=40071
3,캐나다에서 목격된 아주 이상한 폭스바겐 비틀,http://www.thedrive.co.kr/news/newsview.php?ncode=1065591482937736
4,레트로 버스로 부활한 폭스바겐 비틀,http://www.thedrive.co.kr/news/newsview.php?ncode=1065599524413500
5,"플레이모빌, 폭스바겐 T1 캠핑버스·비틀 한정판 선봬",http://it.chosun.com/site/data/html_dir/2022/01/19/2022011901371.html
6,"폭스바겐 비틀 2102대, 다카타社 '공포의 에어백' 리콜",http://www.consumuch.com/news/articleView.html?idxno=53855
7,[김대호 박사의 오늘 기업·사람] 테슬라·기아·현대차·폭스바겐·HDC현산,https://biz.sbs.co.kr/article_hub/20000052493?division=NAVER
8,[클래식카리뷰] 1938년형 폭스바겐 비틀,http://www.hankookilbo.com/v/8C31553BC881B9712D35C40E6647DD2A
9,"폭스바겐 딱정벌레 비틀, 전기차로 부활?",http://autotimes.hankyung.com/apps/news.sub_view?popup=0&nid=02&c1=02&c2=02&c3=00&nkey=202202171706531
10,‘다시 부활했으면 하는 전설의 명차’ 1위는 현대 갤로퍼·폭스바겐 비틀,https://www.ebn.co.kr/news/view/1482452/?sc=Naver
11,소비자가 재출시 원하는 차는…현대차 ‘갤로퍼’ㆍ폭스바겐 ‘비틀’,https://www.dnews.co.kr/uhtml/view.jsp?idxno=202105041021418390534
12,"폭스바겐 CEO, '비틀' 전기차 출시 가능성 있다",http://www.gpkorea.com/news/articleView.html?idxno=82955
13,65년 묵은 ‘폭스바겐 비틀’ 경매…가격은 얼마?,http://nownews.seoul.co.kr/news/newsView.php?id=20161229601005&wlog_tag3=naver
14,"현대차 '갤로퍼'ㆍ폭스바겐 '비틀', 부활 원하는 명차 1위",http://www.bizwnews.com/news/articleView.html?idxno=24514
15,‘시속 328km' 가장 빠른 폭스바겐 비틀 등장,http://www.zdnet.co.kr/ArticleView.asp?artice_id=20160920120210
16,[시승기] 폭스바겐 '더 비틀'…도로 위 '시선강탈',http://www.cstimes.com/news/articleView.html?idxno=211223
17,"폭스바겐, 올 3월 전기 마이크로버스 출시 예고",http://www.digitaltoday.co.kr/news/articleView.html?idxno=431014
18,"폭스바겐 비틀 닮은 '알페라 튤퍼', 복서 엔진으로 500 마력 넘는 슈퍼 비틀",http://www.kbench.com/?q=node/149936
19,멕시코서 ‘폭스바겐 비틀의 날’ 수백대 퍼레이드,http://nownews.seoul.co.kr/news/newsView.php?id=20140624601002
20,"폭스바겐, 수입차 판매 1위 등극 ‘더 비틀’ 프로모션 진행",http://sports.khan.co.kr/news/sk_index.html?cat=view&art_id=201312081930053&sec_id=563002&pt=nv
21,“한번 타봤으면!”…오크로 만든 폭스바겐 비틀 화제,http://nownews.seoul.co.kr/news/newsView.php?id=20131122601016
22,"귀여운 디자인의 폭스바겐 더 비틀, 성능은 과연?",http://biz.chosun.com/site/data/html_dir/2013/03/15/2013031500550.html
23,폭스바겐코리아 '더 비틀 펀 스테이션' 마련,http://www.inews24.com/php/news_view.php?g_serial=697939&g_menu=022200&rrf=nv
24,"폭스바겐, 딱정벌레차 3세대 '더 비틀' 출시.. 3630만원",http://www.edaily.co.kr/news/newspath.asp?newsid=01380886599690624
25,폭스바겐코리아 '더 비틀' 깜짝 공개,http://www.inews24.com/php/news_view.php?g_serial=663720&g_menu=022200&rrf=nv
26,"폭스바겐, 오는 15일 '더 비틀' 출시",http://www.asiae.co.kr/news/view.htm?idxno=2012060811483951929
27,도난 40년만에 발견된 폭스바겐 비틀,http://www.khan.co.kr/kh_news/art_view.html?artid=201402232022231&code=970100
28,"1000대 ‘폭스바겐 비틀’, ‘폭스바겐 비틀의 날’ 행사 참가",http://kr.people.com.cn/n/2015/0127/c208059-8841344.html
29,나무로 만든 클래식 폭스바겐 비틀 등장,http://news.mk.co.kr/news_forward.php?domain=news&no=339946&year=2011
30,폭스바겐 비틀 EV 나온다면 이런 모습? 렌더링 미리 보기,http://www.thedrive.co.kr/news/newsview.php?ncode=1065591239588002
31,‘무려 1350마력’ 제트엔진 탑재한 폭스바겐 비틀,http://www.thedrive.co.kr/news/newsview.php?ncode=1065591738412417
32,[포토] 화려한 컬러의 폭스바겐 비틀,http://www.edaily.co.kr/news/newspath.asp?newsid=01476006602874192
33,‘딱정벌레’ 폭스바겐 비틀..전기차로 생산되나?,http://www.dailycar.co.kr/content/news.html?type=view&autoId=37117
34,'비틀'·'뉴 M5' 등 영화 속 등장하는 자동차,http://www.newstomato.com/ReadNews.aspx?no=869383
35,[그 영화 이 자동차]범블비는 원래 비틀이었다,http://www.edaily.co.kr/news/newspath.asp?newsid=01449766622354768
36,"불법 주차된 폭스바겐 비틀, 완벽하게 다시 주차된 사연은?",http://apnews.kr/View.aspx?No=665679
37,"비틀즈 애비로드 앨범 속 비틀의 진화… 폭스바겐, 리파크드 에디션 공개",http://biz.newdaily.co.kr/site/data/html/2019/09/25/2019092500115.html
38,"전기차로 재탄생한 폭스바겐 미니밴 ‘ID.버즈’ …""전통 외관은 그대로 되살려""",https://www.ddaily.co.kr/news/article.html?no=232926
39,"폭스바겐 비틀, 순수전기차 'e-비틀'로 재탄생",http://www.econovill.com/news/articleView.html?idxno=371579
40,"이시언 차 친구 원석과 커플카, ‘폭스바겐 뉴비틀’ 가격이?",http://www.kookje.co.kr/news2011/asp/newsbody.asp?code=0500&key=20191123.99099010138
41,"폭스바겐, 파킹기능 결함으로 비틀. 골프. 제타 등 67만9,000대 리콜",http://www.autodaily.co.kr/news/articleView.html?idxno=410906
42,"""굿바이 딱정벌레"" 폭스바겐 비틀 81년 만에 역사속으로",http://www.gpkorea.com/news/articleView.html?idxno=54212
43,폭스바겐 딱정벌레차 ‘비틀’ 생산 중단,http://www.skyedaily.com/news/news_view.html?ID=86799
44,[화제의 키워드] LTE보다 못한 5G 혜택·굿바이! 폭스바겐 비틀·화웨이 영국 등에 업고 날개짓,http://it.chosun.com/site/data/html_dir/2019/07/10/2019071002740.html
45,"굿바이 딱정벌레!...폭스바겐 비틀, 81년만에 역사 속으로",http://www.etoday.co.kr/news/section/newsview.php?idxno=1775266
46,[Car]쁘띠 포르쉐 ‘더 비틀’ …남자의 자격을 묻다,http://news.mk.co.kr/news_forward.php?domain=news&no=729892&year=2012
47,"자동차의 아이콘 ‘비틀’, ‘더 비틀’로 화려한 귀환",http://news.mk.co.kr/news_forward.php?domain=news&no=645453&year=2012
48,"[PRNewswire] 폭스바겐, 동사의 상징과도 같은 비틀의 고별 투어 시작",http://app.yonhapnews.co.kr/YNA/Basic/SNS/r.aspx?c=AKR20181107053600009&did=1195m
49,‘범블비’ 폭스바겐 비틀 구현하고자 자동차 8대 직접 제작,http://www.newsen.com/news_view.php?uid=201812121003391910
50,"사라진 ‘귀요미차’… 폭스바겐 비틀, 피아트 어디 갔나",http://moneys.mt.co.kr/news/mwView.php?no=2018100217358020345
51,"'히틀러의 역작' 폭스바겐 비틀, 80년만에 역사 속으로",http://www.econovill.com/news/articleView.html?idxno=346261
52,"'추억의 명차' 미니·비틀, 전기차로 환생…'국산차 전설'도 부활했다[왜몰랐을카]",http://news.mk.co.kr/newsRead.php?no=1106421&year=2021
53,"폭스바겐, 제네바서 선보일 전기차 티저 공개..비틀의 귀환(?)",http://www.dailycar.co.kr/content/news.html?type=view&autoId=32201
54,폭스바겐 `최후의 비틀` 파이널 에디션 공개,http://www.gpkorea.com/news/articleView.html?idxno=43975
55,"폭스바겐 비틀, 순수 전기차로 출시될까..4도어 채택도 ‘주목’",http://www.dailycar.co.kr/content/news.html?type=view&autoId=30595
56,"히틀러 지시로 만든 딱정벌레차 폭스바겐 비틀 ""굿바이""",http://www.straightnews.co.kr/news/articleView.html?idxno=35335
57,"단종 예고한 폭스바겐 비틀, 전기차로도 안만든다",http://autotimes.hankyung.com/apps/news.sub_view?popup=0&nid=03&c1=03&c2=03&c3=00&nkey=201803081810231
58,"폭스바겐 비틀, 한국 도로 다시 달린다",http://www.cstimes.com/?mod=news&act=articleView&idxno=254730
59,[포토리뷰] 1938년형 폭스바겐 비틀,http://www.hankookilbo.com/v/aa6635ebb2ea3cb25b0dce3d52203121
60,폭스바겐 비틀 단종 `디젤게이트는 기회?`,http://www.gpkorea.com/bbs/board.php?bo_table=gp_motorsports&wr_id=17525
61,"'폭스바겐 비틀'에서 자는 하룻밤... ""세계에서 가장 작은 호텔""",http://www.fnnews.com/news/201712251639455944
62,"[최기성의 허브車]비틀·미니·E타입·포니 클래식카, ‘사이보그’로 환생 ​",https://www.mk.co.kr/opinion/columnists/view/2020/08/839942/
63,6인의 자동차광이 뽑은 드라이브 하기 좋은 차와 코스,https://www.gqkorea.co.kr/2022/04/26/6%ec%9d%b8%ec%9d%98-%ec%9e%90%eb%8f%99%ec%b0%a8%ea%b4%91%ec%9d%b4-%eb%bd%91%ec%9d%80-%eb%93%9c%eb%9d%bc%ec%9d%b4%eb%b8%8c-%ed%95%98%ea%b8%b0-%ec%a2%8b%ec%9d%80-%ec%b0%a8%ec%99%80-%ec%bd%94%ec%8a%a4/?utm_source=naver&utm_medium=partnership
64,허머 보다 큰 딱정벌레車 '슈퍼 비틀' 화제,http://www.thedrive.co.kr/news/newsview.php?ncode=1065597865443897
65,"폭스바겐의 추억 ""비틀로 세상 바꾼 적도 있는데…""",http://www.edaily.co.kr/news/newspath.asp?newsid=01312006612517392
66,"'""더이상 귀여움은 NO!"" 폭스바겐, LA오토쇼서 '비틀 듄' 공개",http://www.edaily.co.kr/news/newspath.asp?newsid=02027046609567688
67,[NW시승기]귀엽다고 무시하면 안 될 ‘폭스바겐 더 비틀’,http://www.newsway.co.kr/view.php?tp=1&ud=2015091408224316657
68,"폭스바겐 전주 전시장, 전북 청년 미술작가 작품 전시",http://www.mediapen.com/news/view/590837
69,'클럽 콘셉트' 폭스바겐 비틀 120대 한정 판매.. 3300만원,http://www.edaily.co.kr/news/newspath.asp?newsid=03116006609373840
70,"[LA모터쇼]폭스바겐, 골프 GTE와 비틀 스페셜 선보여",http://autotimes.hankyung.com/apps/news.sub_view?popup=0&nid=04&c1=04&c2=04&c3=00&nkey=201511210858151
71,"'범블비', 정체 숨기려 폭스바겐 비틀로 변신…'깜찍 그 자체'",http://sports.hankooki.com/lpage/entv/201811/sp20181127153952136680.htm
72,"우루과이 대통령 34년 된 차, 폭스바겐비틀 안 파는 이유가 '감동'",http://www.sportsseoul.com/?c=v&m=n&i=135444
73,"550마력 폭스바겐 비틀 LSR, 시속 328km로 신기록 수립",http://www.moneyweek.co.kr/news/mwView.php?type=1&no=2016092118468040499&outlink=1
74,"폭스바겐코리아, 더 비틀 특별 프로모션 실시",http://news.mk.co.kr/news_forward.php?domain=news&no=1255371&year=2013
75,"[세계의 명차 브랜드 ③ 폭스바겐 비틀 ]시대를 뛰어넘은 클래식, 獨 대표 자동차로 명성",http://weekly2.cnbnews.com/category/read.html?bcode=21511
76,감정가 2배에 팔린 '폭스바겐 비틀'…여전히 뜨거운 차량경매,http://www.mt.co.kr/view/mtview.php?type=1&no=2016081813534880299&outlink=1
77,"폭스바겐 1962년식 '클래식 비틀', 최고의 퀄리티로 화려하게 부활",http://www.edaily.co.kr/news/newspath.asp?newsid=02899526602872552
78,"‘붕붕카’ 폭스바겐 비틀, 500만 원 ↓",http://www.newdaily.co.kr/news/article.html?no=158308
79,폭스바겐 골프·티구안에 국산 타이어 깔렸다,http://news.mk.co.kr/newsRead.php?no=253063&year=2022
80,"553 마력의 폭스바겐 비틀, 제로백 2초에 불과한 슈퍼 랠리카",http://www.kbench.com/?q=node/149850
81,[클래식카] 40. 전쟁광의 피조물에서 독일의 자존심이 되다 ‘폭스바겐 비틀’,http://www.khan.co.kr/kh_news/art_view.html?artid=201208051741452&code=920508
82,새 폭스바겐 비틀에 美 컨슈머리포트 “29 중 26등” 혹평,http://weekly2.cnbnews.com/category/read.html?bcode=8595
83,"폭스바겐코리아, 더비틀 깜짝 프리뷰",http://news.mk.co.kr/news_forward.php?domain=news&no=350485&year=2012
84,"'폭스바겐 비틀' 국내서 1,200 여대 리콜, 충격에 약한 리어 액슬이 문제",http://www.kbench.com/?q=node/148776
85,"폭스바겐, 신형 '비틀' 美 판매 시동… 가격은?",http://www.segye.com/Articles/NEWS/ECONOMY/Article.asp?aid=20110609001422&subctg1=&subctg2=
86,"오프라 윈프리, 방청객 전원에 폭스바겐 비틀 무료로 제공 약속",http://www.fnnews.com/view?ra=Sent1101m_01A&corp=fnnews&arcid=00000922152471&cDateYear=2010&cDateMonth=11&cDateDay=23&
87,[주간 베스트포토] 폭스바겐 '비틀' 픽업트럭 보셨나요?,http://www.moneytoday.co.kr/view/mtview.php?type=1&no=2010012318460253549&outlink=1
88,[사진]폭스바겐 '비틀' 픽업트럭의 뒷모습,http://www.moneytoday.co.kr/view/mtview.php?type=1&no=2010012010172265299&outlink=1
89,폭스바겐 비틀이 독일산? NO 멕시코산!,http://www.mt.co.kr/view/mtview.php?type=1&no=2014031916420950792&outlink=1
90,[카드뉴스] 내 마음대로 뽑아본 여성들에게 인기가 많은 자동차 TOP7,http://www.sisunnews.co.kr/news/articleView.html?idxno=144518
91,[사진]내년 초 한국에도 수입될 3세대 폭스바겐 비틀,http://www.moneytoday.co.kr/view/mtview.php?type=1&no=2011041916431128575&outlink=1
92,"딱정벌레의 진화, 3세대 폭스바겐 비틀 공개",http://news.mk.co.kr/news_forward.php?no=248065&year=2011
93,"폭스바겐 ‘골프 제타 비틀’, 검사 및 주행 과정서 편법 조작 있었나",http://news.kukinews.com/article/view.asp?arcid=0009883433&code=41172011&cp=nv
94,[포토] `2013 펜더 에디션` 폭스바겐 비틀의 명성 잇나?,http://www.edaily.co.kr/news/newspath.asp?newsid=01085686599729328
95,[포토]`베스트셀링 카` 폭스바겐 비틀,http://www.edaily.co.kr/news/newspath.asp?newsid=01731846599426912
96,"'딱정벌레 차' 비틀, 전기차로 부활하나…폭스바겐 'e-비틀' 상표등록",https://www.theguru.co.kr/news/article.html?no=12533
97,폭스바겐 프리오더 2012 비틀 블랙 터보 에디션,http://news.mk.co.kr/news_forward.php?no=381856&year=2011
98,폭스바겐 비틀의 고성능버전 ‘비틀R’ 등장할 것,http://www.fnnews.com/view?ra=Sent0601m_01A&corp=fnnews&arcid=00000922338883&cDateYear=2011&cDateMonth=06&cDateDay=16&
99,"폭스바겐 비틀, 8월 리스 프로그램 실시",http://www.moneytoday.co.kr/view/mtview.php?type=1&no=2007080109584850412&outlink=1
100,"폭스바겐코리아, 12월에 ‘비틀’ 사면 특별 할인 혜택",http://www.fnnews.com/view?ra=Sent0601m_01A&corp=fnnews&arcid=201312080100085430004318&cDateYear=2013&cDateMonth=12&cDateDay=08&
101,"[세계의 명차 브랜드 ③ 폭스바겐 비틀 ]시대를 뛰어넘은 클래식, 獨 대표 자동차로 명성",http://weekly2.cnbnews.com/category/read.html?bcode=21511
102,감정가 2배에 팔린 '폭스바겐 비틀'…여전히 뜨거운 차량경매,http://www.mt.co.kr/view/mtview.php?type=1&no=2016081813534880299&outlink=1
103,"폭스바겐 1962년식 '클래식 비틀', 최고의 퀄리티로 화려하게 부활",http://www.edaily.co.kr/news/newspath.asp?newsid=02899526602872552
104,"‘붕붕카’ 폭스바겐 비틀, 500만 원 ↓",http://www.newdaily.co.kr/news/article.html?no=158308
105,폭스바겐 골프·티구안에 국산 타이어 깔렸다,http://news.mk.co.kr/newsRead.php?no=253063&year=2022
106,"553 마력의 폭스바겐 비틀, 제로백 2초에 불과한 슈퍼 랠리카",http://www.kbench.com/?q=node/149850
107,[클래식카] 40. 전쟁광의 피조물에서 독일의 자존심이 되다 ‘폭스바겐 비틀’,http://www.khan.co.kr/kh_news/art_view.html?artid=201208051741452&code=920508
108,새 폭스바겐 비틀에 美 컨슈머리포트 “29 중 26등” 혹평,http://weekly2.cnbnews.com/category/read.html?bcode=8595
109,"폭스바겐코리아, 더비틀 깜짝 프리뷰",http://news.mk.co.kr/news_forward.php?domain=news&no=350485&year=2012
110,"폭스바겐 대표 고성능車, 한국타이어 벤투스 장착",https://view.asiae.co.kr/article/2022032009450458757
111,"553 마력의 폭스바겐 비틀, 제로백 2초에 불과한 슈퍼 랠리카",http://www.kbench.com/?q=node/149850
112,[클래식카] 40. 전쟁광의 피조물에서 독일의 자존심이 되다 ‘폭스바겐 비틀’,http://www.khan.co.kr/kh_news/art_view.html?artid=201208051741452&code=920508
113,새 폭스바겐 비틀에 美 컨슈머리포트 “29 중 26등” 혹평,http://weekly2.cnbnews.com/category/read.html?bcode=8595
114,"폭스바겐코리아, 더비틀 깜짝 프리뷰",http://news.mk.co.kr/news_forward.php?domain=news&no=350485&year=2012
115,"폭스바겐, 프리뷰 이벤트 열고 더 15일 비틀 공개",http://sports.chosun.com/news/ntype.htm?id=201206080100057460004095&servicedate=20120608
116,"'폭스바겐 비틀' 국내서 1,200 여대 리콜, 충격에 약한 리어 액슬이 문제",http://www.kbench.com/?q=node/148776
117,"폭스바겐, 신형 '비틀' 美 판매 시동… 가격은?",http://www.segye.com/Articles/NEWS/ECONOMY/Article.asp?aid=20110609001422&subctg1=&subctg2=
118,"오프라 윈프리, 방청객 전원에 폭스바겐 비틀 무료로 제공 약속",http://www.fnnews.com/view?ra=Sent1101m_01A&corp=fnnews&arcid=00000922152471&cDateYear=2010&cDateMonth=11&cDateDay=23&
119,[주간 베스트포토] 폭스바겐 '비틀' 픽업트럭 보셨나요?,http://www.moneytoday.co.kr/view/mtview.php?type=1&no=2010012318460253549&outlink=1
120,"한국타이어, 폭스바겐 고성능 차량 3종 신차용 타이어 공급",https://www.ajunews.com/view/20220320124038520
121,"553 마력의 폭스바겐 비틀, 제로백 2초에 불과한 슈퍼 랠리카",http://www.kbench.com/?q=node/149850
122,[클래식카] 40. 전쟁광의 피조물에서 독일의 자존심이 되다 ‘폭스바겐 비틀’,http://www.khan.co.kr/kh_news/art_view.html?artid=201208051741452&code=920508
123,새 폭스바겐 비틀에 美 컨슈머리포트 “29 중 26등” 혹평,http://weekly2.cnbnews.com/category/read.html?bcode=8595
124,"폭스바겐코리아, 더비틀 깜짝 프리뷰",http://news.mk.co.kr/news_forward.php?domain=news&no=350485&year=2012
125,"폭스바겐, 프리뷰 이벤트 열고 더 15일 비틀 공개",http://sports.chosun.com/news/ntype.htm?id=201206080100057460004095&servicedate=20120608
126,"'폭스바겐 비틀' 국내서 1,200 여대 리콜, 충격에 약한 리어 액슬이 문제",http://www.kbench.com/?q=node/148776
127,"폭스바겐, 신형 '비틀' 美 판매 시동… 가격은?",http://www.segye.com/Articles/NEWS/ECONOMY/Article.asp?aid=20110609001422&subctg1=&subctg2=
128,"오프라 윈프리, 방청객 전원에 폭스바겐 비틀 무료로 제공 약속",http://www.fnnews.com/view?ra=Sent1101m_01A&corp=fnnews&arcid=00000922152471&cDateYear=2010&cDateMonth=11&cDateDay=23&
129,[주간 베스트포토] 폭스바겐 '비틀' 픽업트럭 보셨나요?,http://www.moneytoday.co.kr/view/mtview.php?type=1&no=2010012318460253549&outlink=1
130,"한국타이어, 폭스바겐 골프·티구안 등 총 3종에 신차용 타이어 공급",http://www.dt.co.kr/contents.html?article_no=2022032002109932031003&ref=naver
131,"'폭스바겐 비틀' 국내서 1,200 여대 리콜, 충격에 약한 리어 액슬이 문제",http://www.kbench.com/?q=node/148776
132,"폭스바겐, 신형 '비틀' 美 판매 시동… 가격은?",http://www.segye.com/Articles/NEWS/ECONOMY/Article.asp?aid=20110609001422&subctg1=&subctg2=
133,"오프라 윈프리, 방청객 전원에 폭스바겐 비틀 무료로 제공 약속",http://www.fnnews.com/view?ra=Sent1101m_01A&corp=fnnews&arcid=00000922152471&cDateYear=2010&cDateMonth=11&cDateDay=23&
134,[주간 베스트포토] 폭스바겐 '비틀' 픽업트럭 보셨나요?,http://www.moneytoday.co.kr/view/mtview.php?type=1&no=2010012318460253549&outlink=1
135,[사진]폭스바겐 '비틀' 픽업트럭의 뒷모습,http://www.moneytoday.co.kr/view/mtview.php?type=1&no=2010012010172265299&outlink=1
136,폭스바겐 비틀이 독일산? NO 멕시코산!,http://www.mt.co.kr/view/mtview.php?type=1&no=2014031916420950792&outlink=1
137,"폭스바겐, ‘ID.버즈’ 3분기 유럽 출시..마이크로버스 전기차로 ‘부활’",http://www.dailycar.co.kr/content/news.html?type=view&autoId=43325
138,[카드뉴스] 내 마음대로 뽑아본 여성들에게 인기가 많은 자동차 TOP7,http://www.sisunnews.co.kr/news/articleView.html?idxno=144518
139,폭스바겐 비틀 시속 328km…역사상 가장 빠른 '딱정벌레',http://sports.chosun.com/news/ntype.htm?id=201609210100141950010257&servicedate=20160920
140,[사진]폭스바겐 '비틀'을 트럭으로 개조?,http://www.moneytoday.co.kr/view/mtview.php?type=1&no=2010012010143342583&outlink=1
141,"한국타이어, 폭스바겐 고성능차 3종에 신차용 타이어 공급",http://www.segye.com/content/html/2022/03/20/20220320503501.html?OutUrl=naver
142,폭스바겐 비틀이 독일산? NO 멕시코산!,http://www.mt.co.kr/view/mtview.php?type=1&no=2014031916420950792&outlink=1
143,"폭스바겐, ‘ID.버즈’ 3분기 유럽 출시..마이크로버스 전기차로 ‘부활’",http://www.dailycar.co.kr/content/news.html?type=view&autoId=43325
144,[카드뉴스] 내 마음대로 뽑아본 여성들에게 인기가 많은 자동차 TOP7,http://www.sisunnews.co.kr/news/articleView.html?idxno=144518
145,폭스바겐 비틀 시속 328km…역사상 가장 빠른 '딱정벌레',http://sports.chosun.com/news/ntype.htm?id=201609210100141950010257&servicedate=20160920
146,[사진]내년 초 한국에도 수입될 3세대 폭스바겐 비틀,http://www.moneytoday.co.kr/view/mtview.php?type=1&no=2011041916431128575&outlink=1
147,"딱정벌레의 진화, 3세대 폭스바겐 비틀 공개",http://news.mk.co.kr/news_forward.php?no=248065&year=2011
148,"폭스바겐 ‘골프 제타 비틀’, 검사 및 주행 과정서 편법 조작 있었나",http://news.kukinews.com/article/view.asp?arcid=0009883433&code=41172011&cp=nv
149,[포토] `2013 펜더 에디션` 폭스바겐 비틀의 명성 잇나?,http://www.edaily.co.kr/news/newspath.asp?newsid=01085686599729328
150,[카드뉴스] 내 마음대로 뽑아본 여성들에게 인기가 많은 자동차 TOP7,http://www.sisunnews.co.kr/news/articleView.html?idxno=144518
151,폭스바겐 비틀 시속 328km…역사상 가장 빠른 '딱정벌레',http://sports.chosun.com/news/ntype.htm?id=201609210100141950010257&servicedate=20160920
152,[사진]내년 초 한국에도 수입될 3세대 폭스바겐 비틀,http://www.moneytoday.co.kr/view/mtview.php?type=1&no=2011041916431128575&outlink=1
153,"딱정벌레의 진화, 3세대 폭스바겐 비틀 공개",http://news.mk.co.kr/news_forward.php?no=248065&year=2011
154,"폭스바겐 ‘골프 제타 비틀’, 검사 및 주행 과정서 편법 조작 있었나",http://news.kukinews.com/article/view.asp?arcid=0009883433&code=41172011&cp=nv
155,[포토] `2013 펜더 에디션` 폭스바겐 비틀의 명성 잇나?,http://www.edaily.co.kr/news/newspath.asp?newsid=01085686599729328
156,[포토]`베스트셀링 카` 폭스바겐 비틀,http://www.edaily.co.kr/news/newspath.asp?newsid=01731846599426912
157,"'딱정벌레 차' 비틀, 전기차로 부활하나…폭스바겐 'e-비틀' 상표등록",https://www.theguru.co.kr/news/article.html?no=12533
158,폭스바겐 프리오더 2012 비틀 블랙 터보 에디션,http://news.mk.co.kr/news_forward.php?no=381856&year=2011
159,폭스바겐 비틀의 고성능버전 ‘비틀R’ 등장할 것,http://www.fnnews.com/view?ra=Sent0601m_01A&corp=fnnews&arcid=00000922338883&cDateYear=2011&cDateMonth=06&cDateDay=16&
160,"폭스바겐 비틀, 8월 리스 프로그램 실시",http://www.moneytoday.co.kr/view/mtview.php?type=1&no=2007080109584850412&outlink=1
161,[포토]'딱정벌레의 변신은 무죄' 폭스바겐 비틀 한정판 출시,http://www.greenpostkorea.co.kr/news/article.html?no=48766
162,[포토] [2017 디트로이트] 강렬함이 돋보이는 폭스바겐 비틀 GRC 레이스카,http://autoin.edaily.co.kr/news/newspath.asp?newsid=04893766615796736
163,"전설의 명차, 역주행하길 바라",https://www.motortrendkorea.com/sub/view.html?no=5615&cate1Name=ISSUE
164,폭스바겐 29일까지 더 비틀 아이코닉 애비뉴 진행,http://www.fnnews.com/view?ra=Sent0601m_01A&corp=fnnews&arcid=201312190100213970011173&cDateYear=2013&cDateMonth=12&cDateDay=19&
165,"폭스바겐, 포르쉐 IPO 추진…주가 급등",http://yna.kr/AKR20220223071000009?did=1195m
166,"폭스바겐코리아, 더 비틀 펀 스테이션 오픈",http://sports.chosun.com/news/ntype.htm?id=201210190100126610011235&servicedate=20121019
167,"폭스바겐, 디젤얹은 3세대 더 비틀, 국내출시",http://sports.chosun.com/news/ntype.htm?id=201210070100034260003267&servicedate=20121007
168,"`추억의 명차` 미니·비틀·포니, `뉴트로 전기차`로 환생",http://premium.mk.co.kr/view.php?no=26685
169,"폭스바겐코리아, 더 비틀 라인업 강화…가격도 낮춰",http://www.joseilbo.com/news/news_read.php?uid=185359&class=54
170,"폭스바겐코리아, 더 비틀 펀 스테이션 오픈",http://sports.chosun.com/news/ntype.htm?id=201210190100126610011235&servicedate=20121019
171,"폭스바겐, 디젤얹은 3세대 더 비틀, 국내출시",http://sports.chosun.com/news/ntype.htm?id=201210070100034260003267&servicedate=20121007
172,"`추억의 명차` 미니·비틀·포니, `뉴트로 전기차`로 환생",http://premium.mk.co.kr/view.php?no=26685
173,"폭스바겐코리아, 더 비틀 라인업 강화…가격도 낮춰",http://www.joseilbo.com/news/news_read.php?uid=185359&class=54
174,한 눈에 보는 폭스바겐 비틀 히스토리 영상 공개,http://news.mk.co.kr/news_forward.php?no=248267&year=2011
175,폭스바겐 비틀 2.0 TDI PREMIUM 흑요석 Obsidian,http://www.gqkorea.co.kr/?p=65692&_C_=18
176,"폭스바겐, 더 비틀 출시기념 홍대서 이벤트",http://www.joseilbo.com/news/news_read.php?uid=157292&class=54
177,바다 속 상어와 만나는 로맨틱한 폭스바겐 비틀,http://news.mk.co.kr/news_forward.php?domain=news&no=636022&year=2013
178,"폭스바겐, 포르쉐 IPO 관련 최대주주와 사전 협의",http://www.wowtv.co.kr/NewsCenter/News/Read?articleId=A202202220327&t=NN
179,헐리웃 배우가 타던 폭스바겐 비틀 3억원에 판매,http://news.mk.co.kr/news_forward.php?no=306244&year=2011
180,헐리웃 배우가 타던 폭스바겐 비틀 3억원에 판매,http://news.mk.co.kr/news_forward.php?no=306244&year=2011
181,"[EBS 비즈니스리뷰] 정우성 대표의 ""135년 자동차 역사! 벤츠·폭스바겐 '비틀'의 탄생, 사라진 전기차EV1, 현대차 포니 등""",http://www.lecturernews.com/news/articleView.html?idxno=43994
182,"[사진]도쿄모터쇼 2013,'폭스바겐 비틀 레이서'",http://www.osen.co.kr/article/G1109730244
183,"폭스바겐 비틀, 변태(變態)하면 기아?",http://news.mk.co.kr/news_forward.php?domain=news&no=574645&year=2013
184,현대차 '포니' 부활하라…운전자 20% 희망,http://www.ezyeconomy.com/news/articleView.html?idxno=110954
185,다시 보고싶은 명차 1위 '현대차 갤로퍼',http://autotimes.hankyung.com/apps/news.sub_view?popup=0&nid=02&c1=02&c2=02&c3=00&nkey=202105041012091
186,"폭스바겐, 1938년 출시됐던 ‘비틀’..81년 역사 속으로...",http://www.dailycar.co.kr/content/news.html?type=view&autoId=35552
187,'범블비' 원작 감성 극대화한 8대 비틀 제작…크리스마스 개봉,http://www.starseoultv.com/news/articleView.html?idxno=514346
188,전기차로 부활하는 폭스바겐 ‘불리’..ID.버즈 출시 카운트 다운 시작,http://www.dailycar.co.kr/content/news.html?type=view&autoId=42741
189,"폭스바겐 마이크로버스, 전기차로 부활..3월 출시 예고",http://m.dailycar.co.kr/content/news.html?type=view&autoId=42450
190,"폭스바겐 마이크로버스, 전기차로 부활..3월 출시 예고",http://m.dailycar.co.kr/content/news.html?type=view&autoId=42450
191,[구상 칼럼] 엔진이 트렁크에 탑재됐던 ‘비틀’..‘스페어 엔진’ 이라고?,http://www.dailycar.co.kr/content/news.html?type=view&autoId=31173
192,"딱정벌레 비틀, 단종 앞두고 마지막 에디션 공개",http://autotimes.hankyung.com/apps/news.sub_view?popup=0&nid=02&c1=02&c2=02&c3=00&nkey=201809141039501
193,"범 내려온다, 범차 내려왔다",https://www.motortrendkorea.com/sub/view.html?no=6451&cate1Name=ISSUE
194,"[강병철의 셀럽앤카]㉔ ‘킬힐’ 김하늘, 실리 택한 순간 등장 車…무시무시한 연비",https://www.joongang.co.kr/article/25060955
195,'범블비' 유니크한 1967년 비틀 스타일로 변한 범블비,http://stoo.asiae.co.kr/news/naver_view.htm?idxno=2018121211173556886
196,"[IAA2019] '딱정벌레는 배터리를 싣고' 폭스바겐 올드 비틀, 전기차로 새 생명",http://www.digitaltoday.co.kr/news/articleView.html?idxno=214974
197,"[류청희의 까탈리스트] 돌아온 폭스바겐 골프, 예전 인기 다시 누릴까?",https://hankookilbo.com/News/Read/A2022011609210004923?did=NA
198,전기차로 다시 탄생하는 딱정벌레 폭스바겐 ‘비틀’..특징은?,http://www.dailycar.co.kr/content/news.html?type=view&autoId=34512
199,전설의 자동차 디자이너 피터 슈라이어의 거의 모든 것,http://www.ohmynews.com/NWS_Web/View/at_pg.aspx?CNTN_CD=A0002795835&CMPT_CD=P0010&utm_source=naver&utm_medium=newsearch&utm_campaign=naver_news
200,전설의 자동차 디자이너 피터 슈라이어의 거의 모든 것,http://www.ohmynews.com/NWS_Web/View/at_pg.aspx?CNTN_CD=A0002795835&CMPT_CD=P0010&utm_source=naver&utm_medium=newsearch&utm_campaign=naver_news
201,[김화진의 글로벌 오토게임]폭스바겐과 비틀,http://www.thebell.co.kr/front/free/contents/news/article_view.asp?key=201907180100034630002162
202,"[글로벌-Biz 24] 폭스바겐, 비틀 단종…새 SUV 타렉으로 성장 지속",http://www.g-enews.com/ko-kr/news/article/news_all/2019071404392045650cb531085_1/article.html
203,"'안녕, 딱정벌레'..폭스바겐 '비틀' 단종",http://www.ajunews.com/view/20190711141040671
204,역사 속으로 사라지는 폭스바겐 '비틀' 10일 마지막 출고,http://www.fnnews.com/news/201907101555458205
205,픽업트럭으로 제작된 폭스바겐 딱정벌레車 ‘뉴비틀’,http://www.thedrive.co.kr/news/newsview.php?ncode=1065574885349368
206,영원한 '감성 아이코닉' 폭스바겐 '비틀'..전 세계는 왜 이 차를 선택했나,http://www.gpkorea.com/news/articleView.html?idxno=46859
207,폭스바겐 '비틀'은 '악마' 히틀러의 명령으로 탄생한 자동차다,https://www.insight.co.kr/news/200018
208,"[기업분석] 독일 폭스바겐(Volkswagen) 아우토 5000 광주형 일자리 원조, …현대자동차 기아차의 모델",http://www.g-enews.com/ko-kr/news/article/news_all/2019013113421746034a01bf698f_1/article.html
209,"[글로벌-Biz 24] 폭스바겐, ""비틀 아듀""…2019년 마지막 날 헌정 동영상",http://www.g-enews.com/ko-kr/news/article/news_all/202001020816343320f806fa96c5_1/article.html
210,"[기업분석] 독일 폭스바겐(Volkswagen) 아우토 5000 광주형 일자리 원조, …현대자동차 기아차의 모델",http://www.g-enews.com/ko-kr/news/article/news_all/2019013113421746034a01bf698f_1/article.html
211,"[글로벌-Biz 24] 폭스바겐, ""비틀 아듀""…2019년 마지막 날 헌정 동영상",http://www.g-enews.com/ko-kr/news/article/news_all/202001020816343320f806fa96c5_1/article.html
212,"아이큐박스, 플레이모빌 폭스바겐 국내 공식 출시",http://www.busan.com/view/busan/view.php?code=2021041614422080879
213,"80살 된 폭스바겐 '비틀', 역사 속으로…내년 7월 생산중단",http://news.mt.co.kr/mtview.php?no=2018091409421793195
214,"폭스바겐, 프랑크푸르트 모터쇼서 새 브랜드 디자인·로고 공개",https://view.asiae.co.kr/article/2019082711234343452
215,한 시대 풍미한 폭스바겐 '비틀' 작별 인사,http://www.obsnews.co.kr/news/articleView.html?idxno=1167510
216,"비틀 접은 폭스바겐, 포드와 손잡고 전기차 매진",http://www.newspim.com/news/view/20190712000030
217,"폭스바겐, 비틀 하이브리드 버전 준비하나..가능성 ‘주목’",http://www.dailycar.co.kr/content/news.html?type=view&autoId=30732
218,"폭스바겐, 클래식 비틀을 전기차로 바꾸다",http://www.hankookilbo.com/news/npath/201910120860038803?did=NA
219,"폭스바겐, 마지막 비틀 LA에서 선봬",http://autotimes.hankyung.com/apps/news.sub_view?popup=0&nid=07&c1=07&c2=07&c3=00&nkey=201811081354491
220,"비틀 접은 폭스바겐, 포드와 손잡고 전기차 매진",http://www.newspim.com/news/view/20190712000030
221,"폭스바겐, 비틀 하이브리드 버전 준비하나..가능성 ‘주목’",http://www.dailycar.co.kr/content/news.html?type=view&autoId=30732
222,"폭스바겐, 클래식 비틀을 전기차로 바꾸다",http://www.hankookilbo.com/news/npath/201910120860038803?did=NA
223,"폭스바겐, 마지막 비틀 LA에서 선봬",http://autotimes.hankyung.com/apps/news.sub_view?popup=0&nid=07&c1=07&c2=07&c3=00&nkey=201811081354491
224,앙증맞은 전기차 'BMW & 폭스바겐' 기대만발!,http://www.gpkorea.com/news/articleView.html?idxno=42500
225,"'헐크'와 '뉴비틀'의 만남..""시승해 보세요""",http://www.greenpostkorea.co.kr/news/article.html?no=50403
226,[월드 인 프레임]나무로 만든 폭스바겐 비틀,http://www.obsnews.co.kr/news/articleView.html?idxno=800475
227,"100편의 영화, 100대의 자동차 Part 2",https://www.motortrendkorea.com/sub/view.html?no=5140&cate1Name=LIFESTYLE
228,"이시언 차공개, 상도동 물방개=중고 폭스바겐 뉴비틀 컨버터블",http://www.busan.com/view/busan/view.php?code=2019083108013151309
229,Citylife 제824호 (22.04.12) BOOK,http://news.mk.co.kr/newsRead.php?no=316281&year=2022
230,VW 비틀과 포르쉐 박스터의 결합 = 벅스터 탄생,http://news.mk.co.kr/news_forward.php?no=217214&year=2011
231,"女心 잡던 비틀, ‘더’ 붙이더니 男心 흔드네",http://news.mk.co.kr/news_forward.php?domain=news&no=645488&year=2012
232,"‘배출 가스 조작’ 폭스바겐, 원숭이 대상 동물 실험까지",http://news.khan.co.kr/kh_news/khan_art_view.html?artid=201801281646001&code=970201
233,[사진]깜찍한 '비틀'의 픽업트럭버전,http://www.moneytoday.co.kr/view/mtview.php?type=1&no=2010012010090685518&outlink=1
234,"폭스바겐, 글로벌 누적 생산량 1억5천만대 돌파",http://kr.aving.net/news/view.php?articleId=1380047&Branch_ID=kr&rssid=naver&mn_name=news
235,폭스바겐 \비틀\ 곧 단종된다,http://www.koreatimes.com/article/1054955
236,[여기는 남미] 나무로 만든 폭스바겐 타고 자동차 여행하는 부녀,http://nownews.seoul.co.kr/news/newsView.php?id=20190305601001&wlog_tag3=naver
237,"폭스바겐코리아, 할로윈 축제에 소비자 초청한다",http://autotimes.hankyung.com/apps/news.sub_view?popup=0&nid=03&c1=03&c2=03&c3=00&nkey=201810171607321
238,[타보니] 테슬라 물먹인 폭스바겐 전기차 'ID.4'와 'ID.3',http://it.chosun.com/site/data/html_dir/2021/06/04/2021060402291.html
239,"돈되는 `올드카` 포니와 비틀, 1000만~2000만원대 나와",http://news.mk.co.kr/news_forward.php?no=415112&year=2011
240,폭스바겐 누적생산 1억5천만대 돌파…골프 최다 생산,http://sports.chosun.com/news/ntype.htm?id=201708300100259730019217&servicedate=20170829
241,폭스바겐 \비틀\ 곧 단종된다,http://www.koreatimes.com/article/1054955
242,[여기는 남미] 나무로 만든 폭스바겐 타고 자동차 여행하는 부녀,http://nownews.seoul.co.kr/news/newsView.php?id=20190305601001&wlog_tag3=naver
243,"폭스바겐코리아, 할로윈 축제에 소비자 초청한다",http://autotimes.hankyung.com/apps/news.sub_view?popup=0&nid=03&c1=03&c2=03&c3=00&nkey=201810171607321
244,"폭스바겐, 원숭이 10마리 동원해 배출가스 ‘생체실험’",http://news.khan.co.kr/kh_news/khan_art_view.html?artid=201801282204005&code=970205
245,[타보니] 테슬라 물먹인 폭스바겐 전기차 'ID.4'와 'ID.3',http://it.chosun.com/site/data/html_dir/2021/06/04/2021060402291.html
246,"돈되는 `올드카` 포니와 비틀, 1000만~2000만원대 나와",http://news.mk.co.kr/news_forward.php?no=415112&year=2011
247,"순종 요구하는 자율주행에 맞서…나는 운전한다, 고로 자유롭다 [Books]",http://news.mk.co.kr/newsRead.php?no=273654&year=2022
248,[클래식카리뷰] 1974 폭스바겐 카이만 포뮬러 슈퍼 V,http://www.hankookilbo.com/v/DCFB4614B4A6321AA7BFB55FB4EDCD09
249,다임러·BMW·폭스바겐에 ‘쓴소리’ 직언한 獨 경제부 장관..왜?,http://www.dailycar.co.kr/content/news.html?type=view&autoId=31535
250,다임러·BMW·폭스바겐에 ‘쓴소리’ 직언한 獨 경제부 장관..왜?,http://www.dailycar.co.kr/content/news.html?type=view&autoId=31535
251,"[시승기]연비 좋고 예쁜, 유로6 모델 폭스바겐 더 비틀",http://www.nspna.com/news/?mode=view&newsid=152201
252,삼성-애플 소송서 폭스바겐 거론된 까닭은,http://www.zdnet.co.kr/ArticleView.asp?artice_id=20161012170706
253,"사랑을 부르는 3월의 車는? 비틀, 미니, 큐브",http://news.mk.co.kr/news_forward.php?domain=news&no=162655&year=2012
254,"[2015 LA오토쇼] 폭스바겐, 콘셉트카 골프·비틀 등 공개",http://www.ajunews.com/view/20151120180439658
255,무스탕·비틀… 세계를 바꾼 車,http://www.hankyung.com/news/app/newsview.php?aid=2009062835431
256,폭스바겐 딱정벌레 비틀 '단종',http://www.gukjenews.com/news/articleView.html?idxno=1145337
257,"폭스바겐코리아, 골프·파사트·더비틀 최장 60개월 무이자",http://www.dailian.co.kr/news/view/520046/?sc=naver
258,"[시승기] 폭스바겐 더 비틀, 클래식과 트렌디를 동시에 잡은 ‘붕붕이’",http://www.ebn.co.kr/news/view/778931
259,[King Car Queen Car] 뉴 아우디 Q3 vs 폭스바겐 더 비틀 클럽 리미티드 에디션,http://magazine.hankyung.com/money/apps/news?popup=0&nid=02&c1=2005&nkey=2015072200122081282&mode=sub_view
260,"[포토]폭스바겐 '비틀 듄', 지붕을 활짝 열고~",http://www.edaily.co.kr/news/newspath.asp?newsid=02007366609567688
261,무스탕·비틀… 세계를 바꾼 車,http://www.hankyung.com/news/app/newsview.php?aid=2009062835431
262,폭스바겐 딱정벌레 비틀 '단종',http://www.gukjenews.com/news/articleView.html?idxno=1145337
263,"폭스바겐코리아, 골프·파사트·더비틀 최장 60개월 무이자",http://www.dailian.co.kr/news/view/520046/?sc=naver
264,"[시승기] 폭스바겐 더 비틀, 클래식과 트렌디를 동시에 잡은 ‘붕붕이’",http://www.ebn.co.kr/news/view/778931
265,[King Car Queen Car] 뉴 아우디 Q3 vs 폭스바겐 더 비틀 클럽 리미티드 에디션,http://magazine.hankyung.com/money/apps/news?popup=0&nid=02&c1=2005&nkey=2015072200122081282&mode=sub_view
266,"사진으로 보는 클래식카, 1974년 폭스바겐 카이만 포뮬러 슈퍼 V",http://www.hankookilbo.com/v/E3DBAFEB47F9F9018CBD356D85B17E25
267,히어로 만난 뉴비틀·폴로 '필 더 스마일 위드 폭스바겐',http://www.sportsworldi.com/content/html/2015/07/24/20150724003423.html?OutUrl=naver
268,[포토]430여 고객 초청 폭스바겐 더 비틀 클럽 파티,http://www.edaily.co.kr/news/newspath.asp?newsid=02095926609435504
269,"폭스바겐 '비틀 LSR', 최고속도 328.195 km/h 기록",http://www.newstomato.com/ReadNews.aspx?no=690876
270,[포토]430여 고객 초청 폭스바겐 더 비틀 클럽 파티,http://www.edaily.co.kr/news/newspath.asp?newsid=02095926609435504
271,"폭스바겐 '비틀 LSR', 최고속도 328.195 km/h 기록",http://www.newstomato.com/ReadNews.aspx?no=690876
272,"폭스바겐코리아 ‘더 비틀 클럽, 블랙 프라이데이’ 성료",http://www.ekn.kr/news/article.html?no=146859
273,"[글로벌-Biz 24]폭스바겐 상징 '비틀', 내년 7월 생산 중단…80년 만에 역사속으로",http://www.g-enews.com/ko-kr/news/article/news_all/201809140901238074fd4d2b07dc_1/article.html
274,"폭스바겐, ‘더 비틀 클럽 리미티드 에디션’ 출시…국내 120대 한정",http://www.newsway.co.kr/view.php?tp=1&ud=2015052911254471484
275,[시승기]폭스바겐 '비틀'…귀엽기만 한게 아니다,http://news1.kr/articles/?2245476
276,우루과이 대통령 34년 된 차 비틀 100만불에도 안파는 이유는 '헉',http://www.ittoday.co.kr/news/articleView.html?idxno=54267
277,"ABT 튜닝 파티, 2012 VW 비틀 ""스피들""로 개시",http://news.mk.co.kr/news_forward.php?no=441480&year=2011
278,[광고 속 자동차] 폭스바겐은 왜 ‘질투’ 했을까?,http://www.ajunews.com/view/20150820154437237
279,"한국타이어, 폭스바겐 대표 고성능 차량 3종 '골프 GTI·골프 R·티구안 R' 신차용 타이어 공급",http://www.metroseoul.co.kr/article/20220320500127
280,"ABT 튜닝 파티, 2012 VW 비틀 ""스피들""로 개시",http://news.mk.co.kr/news_forward.php?no=441480&year=2011
281,[광고 속 자동차] 폭스바겐은 왜 ‘질투’ 했을까?,http://www.ajunews.com/view/20150820154437237
282,"한국타이어, 폭스바겐 대표 고성능 차량 3종 '골프 GTI·골프 R·티구안 R' 신차용 타이어 공급",http://www.metroseoul.co.kr/article/20220320500127
283,폭스바겐 전기차 ID3 공개...비틀·골프 잇는 차세대 주력,http://www.fntimes.com/html/view.php?ud=2019091013025128527de3572ddd_18
284,폭스바겐 “원숭이 가스 실험 사실…용서 구한다”,http://www.seoul.co.kr/news/newsView.php?id=20180129012015&wlog_tag3=naver
285,"폭스바겐, 제타·비틀 44만2000대 리콜..""한국은 확인 중""",http://www.asiatoday.co.kr/view.php?key=20141120010013070
286,"3천만원 초반, 폭스바겐 더 비틀 클럽 리미티드 에디션 출시",http://news.mk.co.kr/news_forward.php?domain=news&no=515536&year=2015
287,"폭스바겐의 '비틀', 오프로드 달리는 버전도 나온다?",http://www.kbench.com/?q=node/135981
288,"""뉴 디자인"" 폭스바겐 '비틀 듄' 콘셉트카, 2016년 양산",http://www.mt.co.kr/view/mtview.php?type=1&no=2014070316513585046&outlink=1
289,자동차 탄생 135년 ‘혁신의 순간’ 네 번 있었다,https://www.seoul.co.kr/news/newsView.php?id=20200713024009&wlog_tag3=naver
290,"폭스바겐, '더 비틀 익스클루시브' 리미티드 에디션 출시",http://www.newspim.com/common/redirect.jsp?newsId=20140430000228
291,"135년의 자동차 역사, 4가지 혁신의 순간들",http://yna.kr/AKR20200712014600005?did=1195m
292,"폭스바겐·아우디, 중고차 인기도 '폭락'..'소송'까지 당해",http://www.greenpostkorea.co.kr/news/article.html?no=52675
293,"폭스바겐 파문, 중고차 시장에도 불똥",http://www.viva100.com/main/view.php?key=20150930010007018
294,'디젤 왕' 폭스바겐의 몰락..현대·기아차에 기회?,http://www.bizwatch.co.kr/pages/view.php?uid=17919
295,"폭스바겐코리아, '비틀'만의 문화 직접 체험하세요!",http://www.ajunews.com/view/20131219142714276
296,"폭스바겐의 소형차 '비틀', 출력 개선한 신형 엔진 올린다",http://www.kbench.com/?q=node/141562
297,"폭스바겐, 선납금·계약 기간 설정 '더 비틀' 금융 프로모션",http://www.osen.co.kr/article/G1109741266
298,"폭스바겐 '딱정벌레' 81년 만에 단종...""고마워 비틀""",https://www.sedaily.com/NewsView/1VLNJKHGHV
299,"[조호연 칼럼]나는 폭스바겐이 싫다, 정부는 더 싫다",http://news.khan.co.kr/kh_news/khan_art_view.html?artid=201606202052005&code=990100
300,"폭스바겐, 수입차 판매 1위 기념 '더 비틀' 특별 프로모션",http://www.ajunews.com/view/20131209091225673
301,"폭스바겐 '딱정벌레' 81년 만에 단종...""고마워 비틀""",https://www.sedaily.com/NewsView/1VLNJKHGHV
302,"[조호연 칼럼]나는 폭스바겐이 싫다, 정부는 더 싫다",http://news.khan.co.kr/kh_news/khan_art_view.html?artid=201606202052005&code=990100
303,폭스바겐 파격 할인 계속...뉴비틀.더 뉴 폴로.골프.더 뉴 제타 등 대상,http://www.kookje.co.kr/news2011/asp/newsbody.asp?code=0200&key=20160129.99002010739
304,"[카드뉴스] 폭스바겐, 최대 10% 할인+60개월 무이자…뉴비틀 3300만원 구입가능",http://www.etoday.co.kr/news/section/newsview.php?idxno=1278316
305,"폭스바겐, 544마력 고성능 '비틀'공개..""특별제작 경주용 車""",http://www.mt.co.kr/view/mtview.php?type=1&no=2014062310304771019&outlink=1
306,[시승기] 폭스바겐 '비틀'…2% 아쉬운 남성미,http://news1.kr/articles/1180699
307,폭스바겐 더 비틀 출시 ‘500만원 더 싸졌다’ 경차 라인업강화,http://www.newsen.com/news_view.php?uid=201306121138364710
308,"""한땀한땀"" 나무조각 5만개로 만든 폭스바겐 '비틀'",http://www.mt.co.kr/view/mtview.php?type=1&no=2014051914382472252&outlink=1
309,"""아이폰 탑재한 아이비틀, 폭스바겐의 진화""",http://www.edaily.co.kr/news/newspath.asp?newsid=01226726602781040
310,"""아이폰 탑재한 아이비틀, 폭스바겐의 진화""",http://www.edaily.co.kr/news/newspath.asp?newsid=01226726602781040
311,"폭스바겐 더 비틀 익스클루시브 100대 한정판 4,010만 원 출시",http://news.mtn.co.kr/newscenter/news_viewer.mtn?gidx=2014043018273561563
312,"폭스바겐코리아, '더 컬러런코리아'서 '더 비틀' 홍보 이벤트",http://view.asiae.co.kr/news/view.htm?idxno=2014081416241066851
313,"""기다리다 지칠 뻔""…'신차' 폭스바겐 티구안, 마침내 22일 출시 '확정'",http://news.mk.co.kr/newsRead.php?no=675014&year=2021
314,"[시승]비틀의 새시대, 폭스바겐 더 비틀",http://autotimes.hankyung.com/apps/news.sub_view?popup=0&nid=08&c1=08&c2=08&c3=00&nkey=201301141738191
315,"폭스바겐, ‘더 비틀’ 출시기념 인디밴드 릴레이 콘서트 개최",http://www.mydaily.co.kr/news/read.html?newsid=201210220953334434&ext=na
316,폭스바겐 더 비틀과 함께 홍대를 즐겨라!,http://www.ajunews.com/common/redirect.jsp?newsId=20121019000265
317,폭스바겐 더 비틀 출시 ‘작다는 편견은 버려라’ 확장된 실내공간,http://www.newsen.com/news_view.php?uid=201210081413148320
318,폭스바겐 '더 비틀' 넘버2 노린다,http://www.inews24.com/php/news_view.php?g_serial=694162&g_menu=022200&rrf=nv
319,역동성 강조한 ‘폭스바겐 더 비틀’ 한국 상륙,http://www.ajunews.com/common/redirect.jsp?newsId=20121007000160
320,폭스바겐 더 비틀 출시 ‘저렴한 가격에 고효율 연비까지’,http://www.newsen.com/news_view.php?uid=201210081357178320
321,폭스바겐 '더 비틀' 넘버2 노린다,http://www.inews24.com/php/news_view.php?g_serial=694162&g_menu=022200&rrf=nv
322,역동성 강조한 ‘폭스바겐 더 비틀’ 한국 상륙,http://www.ajunews.com/common/redirect.jsp?newsId=20121007000160
323,스포츠쿠페 `폭스바겐 더 비틀` 누가 딱정벌레래?,http://www.gpkorea.com/bbs/board.php?bo_table=gp_motorsports&wr_id=11716
324,[김준형의 오토 인사이드] 세상에 단 1대…‘원-오프’ 모델의 세계,http://www.etoday.co.kr/news/section/newsview.php?idxno=1885437
325,폭스바겐 `더 비틀` 4분기 국내 출시.. 3000만원 중후반대,http://www.edaily.co.kr/news/newspath.asp?newsid=01997526599564016
326,"폭스바겐 더 비틀, 4분기 국내 출시!",https://news.naver.com/main/read.naver?mode=LSD&mid=sec&sid1=101&oid=011&aid=0002244643
327,"폭스바겐, 수입차 판매 1위 기념 ‘더 비틀 특별 프로모션’ 실시",http://www.fnnews.com/view?ra=Sent0601m_01A&corp=fnnews&arcid=201312080100085340004316&cDateYear=2013&cDateMonth=12&cDateDay=08&
328,"폭스바겐, 비틀 LSR로 최고 328㎞/h 달성",http://autotimes.hankyung.com/apps/news.sub_view?popup=0&nid=02&c1=02&c2=02&c3=00&nkey=201609201319031
329,[포춘US]현 시대의 가장 위대한 디자인들,http://www.fortunekorea.co.kr/news/articleView.html?idxno=12355
330,[김준형의 오토 인사이드] 세상에 단 1대…‘원-오프’ 모델의 세계,http://www.etoday.co.kr/news/section/newsview.php?idxno=1885437
331,폭스바겐 `더 비틀` 4분기 국내 출시.. 3000만원 중후반대,http://www.edaily.co.kr/news/newspath.asp?newsid=01997526599564016
332,"폭스바겐 더 비틀, 4분기 국내 출시!",https://news.naver.com/main/read.naver?mode=LSD&mid=sec&sid1=101&oid=011&aid=0002244643
333,"폭스바겐, 수입차 판매 1위 기념 ‘더 비틀 특별 프로모션’ 실시",http://www.fnnews.com/view?ra=Sent0601m_01A&corp=fnnews&arcid=201312080100085340004316&cDateYear=2013&cDateMonth=12&cDateDay=08&
334,"폭스바겐, 비틀 LSR로 최고 328㎞/h 달성",http://autotimes.hankyung.com/apps/news.sub_view?popup=0&nid=02&c1=02&c2=02&c3=00&nkey=201609201319031
335,[포춘US]현 시대의 가장 위대한 디자인들,http://www.fortunekorea.co.kr/news/articleView.html?idxno=12355
336,[Driving] 폭스바겐 더 비틀,http://news.mk.co.kr/news_forward.php?domain=news&no=70159&year=2013
337,"폭스바겐, 미국서 2016년 2.0디젤 신차 출시 보류",http://www.newspim.com/common/redirect.jsp?newsId=20151008000188
338,"AJ렌터카, 9~10월 제주 폭스바겐 전차종 최대 80% 할인",http://www.edaily.co.kr/news/newspath.asp?newsid=01823686609496512
339,[시승기] 폭스바겐 '더 비틀',http://www.imaeil.com/sub_news/sub_news_view.php?news_id=56533&yy=2012
340,"[신차앤조이] 국내에 딱 100대, 폭스바겐 '더 비틀 익스클루시브'",http://www.ajunews.com/view/20140501122901415
341,"""100분만 모십니다"" 폭스바겐 더 비틀 익스클루시브 출시",http://www.rpm9.com/news/articleView.html?idxno=19668
342,출시도 전에… 폭스바겐 더 비틀 프리뷰,http://news.donga.com/3/all/20120621/47182852/2
343,"[사진]폭스바겐 '비틀', 2012년엔 전기차로?",http://www.moneytoday.co.kr/view/mtview.php?type=1&no=2010051818231526912&outlink=1
344,"이시언 차, 폭스바겐? 뉴비틀? 누리꾼들 ""단종된 차인 것 같음""",http://www.idaegu.com/newsView/idg201908300006
345,"폭스바겐, 비틀과 함께하는 문화행사",http://www.hankyung.com/news/app/newsview.php?aid=2013122539361
346,[신차분석] 폭스바겐 `뉴 비틀 까브리올레`,http://www.dt.co.kr/contents.html?article_no=2009081702011132718004
347,"폭스바겐 딜러 아우토플라츠, 가정의 달 기념 이벤트",http://www.newspim.com/common/redirect.jsp?newsId=20140502000196
348,클래식 비틀로 열린 랠리,https://news.naver.com/main/read.naver?mode=LSD&mid=sec&sid1=104&oid=091&aid=0000151873
349,여자친구 선물 1위 외제차 ‘폭스바겐 뉴비틀’,https://news.naver.com/main/read.naver?mode=LSD&mid=sec&sid1=103&oid=003&aid=0002067495
350,"폭스바겐 딜러 아우토플라츠, 가정의 달 기념 이벤트",http://www.newspim.com/common/redirect.jsp?newsId=20140502000196
351,클래식 비틀로 열린 랠리,https://news.naver.com/main/read.naver?mode=LSD&mid=sec&sid1=104&oid=091&aid=0000151873
352,여자친구 선물 1위 외제차 ‘폭스바겐 뉴비틀’,https://news.naver.com/main/read.naver?mode=LSD&mid=sec&sid1=103&oid=003&aid=0002067495
353,현대차 브레이크-폭스바겐 썬루프 `나란히 리콜`,http://www.gpkorea.com/bbs/board.php?bo_table=gp_motorsports&wr_id=11268
354,[MD포토] 폭스바겐 뉴 비틀 아트와 모델의 만남?,http://www.mydaily.co.kr/news/read.html?newsid=200803191443264438&ext=na
355,"'딱정벌레차' 비틀 역사 속으로…폭스바겐 ""내년 7월 생산 중단""",https://news.sbs.co.kr/news/endPage.do?news_id=N1004934340&plink=ORI&cooper=NAVER
356,폭스바겐 '비틀 한정판' 단 120대 출시…3330만원,http://www.asiatoday.co.kr/view.php?key=20150529010016667
357,"알뜰쇼핑하고 벤츠, 더 비틀, BMW 오너 되자~",http://www.moneyweek.co.kr/news/mwView.php?type=1&no=2013041022348029319&outlink=1
358,폭스바겐 ‘더 비틀 펀 스테이션’ 개장,http://www.fnnews.com/view?ra=Sent0601m_01A&corp=fnnews&arcid=201210210100176490010761&cDateYear=2012&cDateMonth=10&cDateDay=21&
359,"톡톡 튀는 홍수아, 폭스바겐 '뉴비틀' 홍보대사",https://news.naver.com/main/read.naver?mode=LSD&mid=sec&sid1=106&oid=117&aid=0000028507
360,[신박한 車담] 전범 기업에서 유럽 최대 자동차 회사로 부활…폭스바겐,http://www.enewstoday.co.kr/news/articleView.html?idxno=1461979
361,"폭스바겐그룹, 라인업 40개 이상 줄인다",http://autotimes.hankyung.com/apps/news.sub_view?popup=0&nid=03&c1=03&c2=03&c3=00&nkey=201606200636391
362,[쿠키 포토] ‘귀요미’ 비틀 VS ‘귀요미’ 모델,http://news.kukinews.com/article/view.asp?page=1&gCode=ent&arcid=1337872045&cp=nv
363,폭스바겐 이후 첫 '불법조작' 판단…파문 확산되나?,http://www.mt.co.kr/view/mtview.php?type=1&no=2016051615582781849&outlink=1
364,"뼈아픈 '닛산', 가슴 쓸어내린 '폭스바겐', 반사익 'BMW'",http://www.mt.co.kr/view/mtview.php?type=1&no=2016051615040860035&outlink=1
365,"550마력 성능으로 무장한 폭스바겐 '비틀 LSR', 시속 328km로 신기록 수립",http://kr.aving.net/news/view.php?articleId=1371834&Branch_ID=kr&rssid=naver&mn_name=news
366,포르쉐의 전신은 폭스바겐 '비틀'이었다,http://www.moneytoday.co.kr/view/mtview.php?type=1&no=2009050716131591619&outlink=1
367,폭스바겐 뉴비틀 25% 싼값에도 경매 무산,http://www.moneytoday.co.kr/view/mtview.php?type=1&no=2007112709340211708&outlink=1
368,"[포토]11번가 '우리아이 키즈 모터쇼', '폭스바겐 붕붕카 선물주세요'",http://www.etoday.co.kr/news/section/newsview.php?idxno=997267
369,"[상하이모터쇼] 폭스바겐 신형 비틀…""딱정벌레가 어떻게 변하니""",http://www.segye.com/Articles/NEWS/ECONOMY/Article.asp?aid=20110420001321&subctg1=&subctg2=
370,"[상하이모터쇼] 폭스바겐 신형 비틀…""딱정벌레가 어떻게 변하니""",http://www.segye.com/Articles/NEWS/ECONOMY/Article.asp?aid=20110420001321&subctg1=&subctg2=
371,"폭스바겐, 비틀 듄 컨셉트카 양산 확정",http://autotimes.hankyung.com/apps/news.sub_view?popup=0&nid=04&c1=04&c2=04&c3=00&nkey=201407032354161
372,뉴비틀이 좋아…폭스바겐 뉴비틀 리무진 등장,http://www.newspim.com/common/redirect.jsp?newsId=20101227000118
373,"현영, 폭스바겐 뉴비틀 홍보대사",http://star.moneytoday.co.kr/view/stview.php?no=2005101814161997174&type=1&outlink=1
374,"[기업분석] 독일 포르쉐 (Porsche) 경유자동차 생산 중단, 스포츠카 디젤 시대 종말… 폭스바겐 딱정벌레 비틀의 원조",http://www.g-enews.com/ko-kr/news/article/news_all/2018092409575864194a01bf698f_1/article.html
375,"[시승기] 폭스바겐 뉴비틀 카브리올레‥왜 이車 샀니? ""귀엽잖아""…女心을 유혹한다",http://www.hankyung.com/news/app/newsview.php?aid=2010081768151
376,"락음악과 자동차의 만남..폭스바겐, `2013 비틀 펜더 에디션`",http://www.edaily.co.kr/news/newspath.asp?newsid=01079126599729328
377,"폭스바겐 아우토플라츠 ""5월 전시장 방문 고객에 어린이용 티셔츠""",http://www.edaily.co.kr/news/newspath.asp?newsid=01446486606085312
378,자동차 역사상 가장 많이 팔린 TOP 10,http://www.thedrive.co.kr/news/newsview.php?ncode=1065603004486301
379,공포·분노에 휩싸인 폭스바겐의 고향 볼프스부르크,http://news.sbs.co.kr/news/endPage.do?news_id=N1003212376&plink=ORI&cooper=NAVER
380,공포·분노에 휩싸인 폭스바겐의 고향 볼프스부르크,http://news.sbs.co.kr/news/endPage.do?news_id=N1003212376&plink=ORI&cooper=NAVER
381,차를 닮아 아름다운 것들,https://www.motortrendkorea.com/sub/view.html?no=4604&cate1Name=LIFESTYLE
382,폭스바겐 ‘조작 파문’ 확산···다우존스 지속가능경영지수 퇴출,http://news.khan.co.kr/kh_news/khan_art_view.html?artid=201509301059141&code=920100
383,"""폭스바겐 클린디젤은 거짓""..소비자 뿔났다",http://www.newspim.com/common/redirect.jsp?newsId=20150925000177
384,[폭스바겐 파문] 폭스바겐 디젤차 ‘저공해차’ 국내 인증 통과 못해,http://www.etoday.co.kr/news/section/newsview.php?idxno=1205889
385,폭스바겐 아우디 뻥배기 꼼수부리다 역풍…국내에도 번지나?,http://www.sisafocus.co.kr/news/articleView.html?idxno=132896
386,폭스바겐만 배출가스 눈속임?…파문 확대되나,http://www.mt.co.kr/view/mtview.php?type=1&no=2015092310203312114&outlink=1
387,폭스바겐 배출가스 저감장치 조작…연비 때문?,http://news1.kr/articles/?2435060
388,환경부 “폭스바겐 4종 별도 정밀 검사”,http://news.kbs.co.kr/news/view.do?ncd=3152108&ref=A
389,"폭스바겐, 6월 티록 최대 22% · 제타 최대 11% 할인",http://www.rpm9.com/news/article.html?id=20210606090003
390,폭스바겐만 배출가스 눈속임?…파문 확대되나,http://www.mt.co.kr/view/mtview.php?type=1&no=2015092310203312114&outlink=1
391,폭스바겐 배출가스 저감장치 조작…연비 때문?,http://news1.kr/articles/?2435060
392,환경부 “폭스바겐 4종 별도 정밀 검사”,http://news.kbs.co.kr/news/view.do?ncd=3152108&ref=A
393,"폭스바겐, 6월 티록 최대 22% · 제타 최대 11% 할인",http://www.rpm9.com/news/article.html?id=20210606090003
394,"폭스바겐, 비틀 디자인 컨테스트",http://www.moneytoday.co.kr/view/mtview.php?type=1&no=2008050812120677034&outlink=1
395,'100대 한정판' 폭스바겐 더 비틀 얼마길래?,http://www.hankyung.com/news/app/newsview.php?aid=201404303575g
396,“월16만원 내고 폭스바겐 뉴비틀 탄다!”,http://www.nspna.com/news/index.html?mode=view&cate1_id=6&cate2_id=33&number=8506
397,"폭스바겐 아우토슈타트, 신차 빼곡 `쌍둥이 카타워` 장관",http://news.mk.co.kr/news_forward.php?no=671716&year=2011
398,"폭스바겐코리아, 6월 한정 ‘슈퍼 세이브’ 실시",http://www.nspna.com/news/?mode=view&newsid=505351
399,"폭스바겐 더 비틀, 오리지널의 귀환",http://www.nocutnews.co.kr/Show.asp?IDX=2279688
400,"폭스바겐코리아, 6월 한정 '슈퍼 세이브' 실시...최대 22% 할인",http://www.electimes.com/article.php?aid=1622528713218115094
401,"폭스바겐, 비틀 익스클루시브 100대 한정판매",http://www.dt.co.kr/contents.html?article_no=2014043002019932781006
402,"폭스바겐 더 비틀, 오리지널의 귀환",http://www.nocutnews.co.kr/Show.asp?IDX=2279688
403,"폭스바겐 뉴비틀, 뉴비틀카브리올레 2종 출시",https://news.naver.com/main/read.naver?mode=LSD&mid=sec&sid1=103&oid=112&aid=0000033268
404,전설의 자동차 딱정벌레 비틀(Beetle) 생산 중단…독일 폭스바겐 전기차· 자율차 올인,http://www.g-enews.com/ko-kr/news/article/news_all/2018091408121973244a01bf698f_1/article.html
405,[폭스바겐 사태 일파만파] '골프' 등 폭스바겐 디젤차 '저공해차' 국내 인증 탈락,https://news.naver.com/main/read.naver?mode=LSD&mid=sec&sid1=103&oid=011&aid=0002743705
406,[전훈식·노병우의 카수다] '한 지붕 두 가족' 아우디 A4 vs 폭스바겐 CC,http://www.newsprime.co.kr/news/article.html?no=291487
407,폭스바겐 뉴비틀과 ‘미니’를 한꺼번에 맛보세요,http://news.mk.co.kr/news_forward.php?no=654481&year=2008
408,"폭스바겐 뉴 비틀, 여친 선물 1위 뽑혀",http://www.autotimes.co.kr/article_view.php?id=32391
409,"[모빌리티핫이슈] CES 달군 전기차...에디슨모터스, 쌍용차 인수",http://www.digitaltoday.co.kr/news/articleView.html?idxno=431361
410,"폭스바겐, 비틀 최상위 모델 100대 한정 판매",http://www.newsis.com/ar_detail/view.html?ar_id=NISX20140430_0012888107&cID=10402&pID=10400
411,"폭스바겐 더 비틀, 오리지널의 귀환",http://www.nocutnews.co.kr/Show.asp?IDX=2279688
412,"폭스바겐 뉴비틀, 뉴비틀카브리올레 2종 출시",https://news.naver.com/main/read.naver?mode=LSD&mid=sec&sid1=103&oid=112&aid=0000033268
413,전설의 자동차 딱정벌레 비틀(Beetle) 생산 중단…독일 폭스바겐 전기차· 자율차 올인,http://www.g-enews.com/ko-kr/news/article/news_all/2018091408121973244a01bf698f_1/article.html
414,[폭스바겐 사태 일파만파] '골프' 등 폭스바겐 디젤차 '저공해차' 국내 인증 탈락,https://news.naver.com/main/read.naver?mode=LSD&mid=sec&sid1=103&oid=011&aid=0002743705
415,[전훈식·노병우의 카수다] '한 지붕 두 가족' 아우디 A4 vs 폭스바겐 CC,http://www.newsprime.co.kr/news/article.html?no=291487
416,폭스바겐 뉴비틀과 ‘미니’를 한꺼번에 맛보세요,http://news.mk.co.kr/news_forward.php?no=654481&year=2008
417,"폭스바겐 뉴 비틀, 여친 선물 1위 뽑혀",http://www.autotimes.co.kr/article_view.php?id=32391
418,"[모빌리티핫이슈] CES 달군 전기차...에디슨모터스, 쌍용차 인수",http://www.digitaltoday.co.kr/news/articleView.html?idxno=431361
419,[2014 부산모터쇼] 변함없는 디자인 정체성 폭스바겐…미래 키워드는 '감성',http://www.seoulfn.com/news/articleView.html?idxno=195973
420,[2014 부산모터쇼] 변함없는 디자인 정체성 폭스바겐…미래 키워드는 '감성',http://www.seoulfn.com/news/articleView.html?idxno=195973
421,"[르포] 아우토슈타트, 건물 곳곳 폭스바겐 예술·철학이 가득",http://www.etoday.co.kr/news/section/newsview.php?idxno=888427
422,"[사진]폭스바겐 뉴 비틀, 한층 스포티해진 옆 라인",http://www.mt.co.kr/view/mtview.php?type=1&no=2012100711592613422&outlink=1
423,"홍수아, '폭스바겐 뉴비틀' 홍보대사 위촉",https://news.naver.com/main/read.naver?mode=LSD&mid=sec&sid1=106&oid=076&aid=0000015878
424,"폭스바겐, 클래식 비틀의 감성이 느껴지는 '업! 스페셜 에디션' 공개",http://autoin.edaily.co.kr/news/newspath.asp?newsid=02601046615996160
425,"폭스바겐, 비틀·제타 등 37만7천대 '리콜'",http://www.moneytoday.co.kr/view/mtview.php?type=1&no=2010121523575315010&outlink=1
426,"[오늘의 자동차] 폭스바겐, 골프·파사트·더 비틀 최장 60개월 무이자 할부 판매",https://news.naver.com/main/read.naver?mode=LSD&mid=sec&sid1=101&oid=011&aid=0002722198
427,"폭스바겐, 스테디셀링 제품 ‘소세지’ 생산 중단 결정",https://hankookilbo.com/News/Read/A2021081807230000463?did=NA
428,"폭스바겐 뉴 비틀, 특별 금융리스 실시",http://www.autotimes.co.kr/article_view.php?id=31933
429,폭스바겐코리아 ‘더 비틀 클럽’서 불금!,http://www.ekn.kr/news/article.html?no=143815
430,전기로 가는 포니·비틀 미래 모빌리티로 ‘부활’,http://www.munhwa.com/news/view.html?no=2019091001032739176002
431,"폭스바겐, 시속 328km '역사상 가장 빠른 비틀 등장'",http://xtorque.xportsnews.com/?ac=article_view&entry_id=768667
432,"[상하이 모터쇼]폭스바겐 뉴 비틀 ""첨단 딱정벌레네""",http://www.etoday.co.kr/news/section/newsview.php?TM=news&SM=0405&idxno=429250
433,"""최악의 중고차는 마즈다 CX-7 ·BMW 미니쿠퍼 ·폭스바겐 뉴비틀""",http://www.edaily.co.kr/news/newspath.asp?newsid=02446886605960016
434,폭스바겐 '더 비틀 클럽 리미티드 에디션' 120대 한정 출시,http://www.sporbiz.co.kr/news/articleView.html?idxno=3890
435,폭스바겐 '더 비틀 클럽 리미티드' 한정판 출시… 가격 얼마?,http://www.newscj.com/news/articleView.html?idxno=292335
436,전기차로 재탄생 했으면…현대차 포니 1위,http://www.g-enews.com/ko-kr/news/article/news_all/20191001183838512750cb531085_1/article.html
437,전기차로 다시 출시됐으면 하는 추억 속 자동차…1위는 현대 '포니',http://www.asiatoday.co.kr/view.php?key=20191001010000128
438,[사진]세계적 트렌드를 이끈 '25車'- 폭스바겐 '비틀',http://www.moneytoday.co.kr/view/mtview.php?type=1&no=2009052422423680665&outlink=1
439,동아百 '폭스바겐 뉴비틀 경품 대축제 행사',http://www.imaeil.com/sub_news/sub_news_view.php?news_id=12466&yy=2009
440,전기차로 재탄생 했으면…현대차 포니 1위,http://www.g-enews.com/ko-kr/news/article/news_all/20191001183838512750cb531085_1/article.html
441,전기차로 다시 출시됐으면 하는 추억 속 자동차…1위는 현대 '포니',http://www.asiatoday.co.kr/view.php?key=20191001010000128
442,[사진]세계적 트렌드를 이끈 '25車'- 폭스바겐 '비틀',http://www.moneytoday.co.kr/view/mtview.php?type=1&no=2009052422423680665&outlink=1
443,동아百 '폭스바겐 뉴비틀 경품 대축제 행사',http://www.imaeil.com/sub_news/sub_news_view.php?news_id=12466&yy=2009
444,"폭스바겐, 부산국제모터쇼 수입차 최다 10개 모델 공개",http://sports.chosun.com/news/ntype.htm?id=201205220100183070013634&servicedate=20120522
445,전기차로 부활해주길! 클래식카 BEST 10,http://www.elle.co.kr/article/42861
446,"폭스바겐, 더 비틀 클럽파티 성료",http://www.zdnet.co.kr/ArticleView.asp?artice_id=20150713111032
447,"11번가, 폭스바겐 전동차 완구 최초 판매",http://www.fnnews.com/news/201410131326267938
448,"[포토]11번가, 3만원대 폭스바겐 붕붕카부터 벤츠, 벤틀리 전동차까지!",http://www.edaily.co.kr/news/newspath.asp?newsid=01535046606252264
449,폭스바겐 `더 비틀 클럽` 더위 날린다,http://www.gpkorea.com/bbs/board.php?bo_table=gp_motorsports&wr_id=12708
450,[사진]세계적 트렌드를 이끈 '25車'- 폭스바겐 '비틀',http://www.moneytoday.co.kr/view/mtview.php?type=1&no=2009052422423680665&outlink=1
451,동아百 '폭스바겐 뉴비틀 경품 대축제 행사',http://www.imaeil.com/sub_news/sub_news_view.php?news_id=12466&yy=2009
452,"폭스바겐, 부산국제모터쇼 수입차 최다 10개 모델 공개",http://sports.chosun.com/news/ntype.htm?id=201205220100183070013634&servicedate=20120522
453,전기차로 부활해주길! 클래식카 BEST 10,http://www.elle.co.kr/article/42861
454,"폭스바겐, 더 비틀 클럽파티 성료",http://www.zdnet.co.kr/ArticleView.asp?artice_id=20150713111032
455,"11번가, 폭스바겐 전동차 완구 최초 판매",http://www.fnnews.com/news/201410131326267938
456,"[포토]11번가, 3만원대 폭스바겐 붕붕카부터 벤츠, 벤틀리 전동차까지!",http://www.edaily.co.kr/news/newspath.asp?newsid=01535046606252264
457,폭스바겐 `더 비틀 클럽` 더위 날린다,http://www.gpkorea.com/bbs/board.php?bo_table=gp_motorsports&wr_id=12708
458,“유럽 1위는 다르구나!” 폭스바겐 '잔치' 공개,http://www.newdaily.co.kr/news/article.html?no=95942
459,폭스바겐 '더 비틀 클럽' 한정판 120대 판매,http://sports.chosun.com/news/ntype.htm?id=201506010100001300025311&servicedate=20150531
460,"폭스바겐, 더 비틀 클럽 리미티드 에디션 출시",http://www.enewstoday.co.kr/news/articleView.html?idxno=392175
461,전기차로 부활한 역사 속 그 차들,https://www.motortrendkorea.com/sub/view.html?no=4602&cate1Name=WHICHCAR
462,"폭스바겐 뉴비틀, 로켓 엔진달고 달린다?",http://www.wowtv.co.kr/newscenter/news/view.asp?bcode=T30001000&artid=A201205150096
463,"폭스바겐, 더 비틀 익스클루시브 한정판 100대 출시",http://www.asiatoday.co.kr/view.php?key=20140430010017986
464,"'2년만 기다려라' 현대 포니, EV로 출시됐으면 하는 클래식카 1위",http://www.autodaily.co.kr/news/articleView.html?idxno=411870
465,굿바이 ‘비틀’… 81년만에 역사속으로,http://www.donga.com/news/article/all/20190711/96419947/1
466,1938년부터 세계 누빈 '딱정벌레차' 비틀…역사 속으로,http://news.jtbc.joins.com/article/article.aspx?news_id=NB11847431
467,폭스바겐 뉴 비틀 4% 할부 적용,https://news.naver.com/main/read.naver?mode=LSD&mid=sec&sid1=101&oid=009&aid=0000232414
468,"폭스바겐 '더 비틀', 예전보다 '비틀'대는 인기에 디자인 좀 '비틀'더니…주행·성능·터프함이 '꿈틀'",http://www.hankyung.com/news/app/newsview.php?aid=2013122037541
469,폭스바겐 '더 비틀'만의 컬처코드는?,http://kr.aving.net/news/view.php?articleId=747438&Branch_ID=kr&rssid=naver&mn_name=news
470,"폭스바겐코리아, '더 비틀 익스클루시브' 국내 100대 한정 판매",http://www.ajunews.com/view/20140430100546486
471,"'2년만 기다려라' 현대 포니, EV로 출시됐으면 하는 클래식카 1위",http://www.autodaily.co.kr/news/articleView.html?idxno=411870
472,굿바이 ‘비틀’… 81년만에 역사속으로,http://www.donga.com/news/article/all/20190711/96419947/1
473,1938년부터 세계 누빈 '딱정벌레차' 비틀…역사 속으로,http://news.jtbc.joins.com/article/article.aspx?news_id=NB11847431
474,폭스바겐 뉴 비틀 4% 할부 적용,https://news.naver.com/main/read.naver?mode=LSD&mid=sec&sid1=101&oid=009&aid=0000232414
475,"폭스바겐 '더 비틀', 예전보다 '비틀'대는 인기에 디자인 좀 '비틀'더니…주행·성능·터프함이 '꿈틀'",http://www.hankyung.com/news/app/newsview.php?aid=2013122037541
476,폭스바겐 '더 비틀'만의 컬처코드는?,http://kr.aving.net/news/view.php?articleId=747438&Branch_ID=kr&rssid=naver&mn_name=news
477,"폭스바겐코리아, '더 비틀' 특별 프로모션",http://www.mt.co.kr/view/mtview.php?type=1&no=2013120814361902820&outlink=1
478,먹고 먹히는 포르셰·폭스바겐의 질긴 인연,http://www.edaily.co.kr/news/newspath.asp?newsid=01968006589659072
479,[시승 화보] 스포츠쿠페 '폭스바겐 더 비틀' 누가 딱정벌레래?,http://www.gpkorea.com/bbs/board.php?bo_table=gpkorea_photo&wr_id=440
480,"폭스바겐코리아, 비틀 문화 체험할 수 있는 이벤트 개최",http://news.mk.co.kr/news_forward.php?domain=news&no=1311157&year=2013
481,"폭스바겐코리아, '더 비틀' 특별 프로모션",http://www.mt.co.kr/view/mtview.php?type=1&no=2013120814361902820&outlink=1
482,먹고 먹히는 포르셰·폭스바겐의 질긴 인연,http://www.edaily.co.kr/news/newspath.asp?newsid=01968006589659072
483,[시승 화보] 스포츠쿠페 '폭스바겐 더 비틀' 누가 딱정벌레래?,http://www.gpkorea.com/bbs/board.php?bo_table=gpkorea_photo&wr_id=440
484,"폭스바겐 '더 비틀', 옵션 조정해 가격 대폭 내렸다…3250만원",http://www.osen.co.kr/article/G1109616647
485,'딱정벌레 차' 생산중단…역사 속으로,http://www.obsnews.co.kr/news/articleView.html?idxno=1167303
486,"폭스바겐,더 비틀 익스클루시브 리미티드 에디션 출시",http://www.tvreport.co.kr/?c=news&m=newsview&idx=495505
487,"포르쉐가 나치당원일 때 만든 스포츠카, 경매서 유찰",https://view.asiae.co.kr/article/2019082010084296537
488,[이주의 중고차]폭스바겐 더비틀 2750만원,http://www.goodmorningcc.com/news/articleView.html?idxno=19322
489,폭스바겐 '더 비틀' 홍대 클럽거리로 진출,http://www.nocutnews.co.kr/Show.asp?IDX=2290969
490,"폭스바겐,더 비틀 익스클루시브 리미티드 에디션 출시",http://www.tvreport.co.kr/?c=news&m=newsview&idx=495505
491,"포르쉐가 나치당원일 때 만든 스포츠카, 경매서 유찰",https://view.asiae.co.kr/article/2019082010084296537
492,[이주의 중고차]폭스바겐 더비틀 2750만원,http://www.goodmorningcc.com/news/articleView.html?idxno=19322
493,폭스바겐 '더 비틀' 홍대 클럽거리로 진출,http://www.nocutnews.co.kr/Show.asp?IDX=2290969
494,폭스바겐 ‘더 비틀’의 인기상승에는 어떤 이유가?,http://www.asiatoday.co.kr/news/view.asp?seq=912128
495,딱정벌레가 달라졌다? 확 달라진 폭스바겐 '더비틀' 출시,http://www.etnews.com/news/home_mobile/automobile/2658398_1485.html
496,"""오리지널의 귀환"".. 폭스바겐 '더 비틀' 국내 출시",http://www2.enewstoday.co.kr/sub_read.html?uid=269970§ion=sc5
497,폭스바겐 '더 비틀' 출시.. 8일부터 판매 시작,http://www.asiae.co.kr/news/view.htm?idxno=2012100715302700158
498,"[시승기]폭스바겐 3세대 비틀 ""도드라진 남성미…안도 밖도 단단해졌다",http://www.etoday.co.kr/news/section/newsview.php?TM=news&SM=2302&idxno=609072
499,"폭스바겐코리아, 신형 비틀 서울서도 공개",http://autotimes.hankyung.com/apps/news.sub_view?popup=0&nid=03&c1=03&c2=03&c3=00&nkey=201206081324441
