,title,url
0,"폭스바겐 매니아 클럽(VMC폭매클), 아테온 등 프로모션 정보 제공 실시",http://www.ujeil.com/news/articleView.html?idxno=303389
1,폭스바겐 '수입차 대중화' 가시밭서 날개 편다,http://www.econovill.com/news/articleView.html?idxno=574403
2,한국소비자 ‘봉’ 취급하는 폭스바겐…아직도 끝나지 않은 디젤게이트,http://moneys.mt.co.kr/news/mwView.php?no=2022041421058084884
3,"넥센타이어, 폭스바겐 '제타'에 신차용 타이어 공급",http://autotimes.hankyung.com/apps/news.sub_view?popup=0&nid=03&c1=03&c2=03&c3=00&nkey=202201240948251
4,"수입차 대중화 선두주자, 폭스바겐 제타[SS시승기]",http://www.sportsseoul.com/news/read/1090114?ref=naver
5,폭스바겐 제타·티구안 안전도 ‘낙제점’…결함조사 예고,https://news.kbs.co.kr/news/view.do?ncd=5354078&ref=A
6,"폭스바겐 제타·티구안 ""충돌안전성 기준 미달 낙제점"" 국토부, 적합조사 예정",http://www.bizwnews.com/news/articleView.html?idxno=30801
7,이례적인 안전도 평가…폭스바겐 제타 ‘과징금’ 위기,https://news.kbs.co.kr/news/view.do?ncd=5353864&ref=A
8,[시승기] 문화 활동가 서영광의 ‘부담을 낮춘 수입차’…폭스바겐 제타 시승기,https://hankookilbo.com/News/Read/A2021102807550002950?did=NA
9,[시승기] 대중화에 힘을 더하는 보편타당한 컴팩트 세단…폭스바겐 제타 프레스티지,https://hankookilbo.com/News/Read/A2021102410310005212?did=NA
10,"폭스바겐, 중국형 제타 ‘라만도’ 공개..쿠페형 콤팩트 세단",http://m.dailycar.co.kr/content/news.html?type=view&autoId=42639
11,"2천만원대 수입 세단 돌아온다…폭스바겐, 2021년형 제타 사전계약",http://news.mk.co.kr/newsRead.php?no=49334&year=2021
12,"폭스바겐 제타·티구안 ""충돌안전성 기준 미달 낙제점"" 국토부, 적합조사 예정",http://www.bizwnews.com/news/articleView.html?idxno=30801
13,"카셰어링 쏘카, 신형 '폭스바겐 제타' 도입…""수입차 라인업 확대""",http://www.efnews.co.kr/news/articleView.html?idxno=88172
14,"(영상)볼보, 친환경 전략으로 올해도 '독일 4강' 깬다",http://www.newstomato.com/ReadNews.aspx?no=1117558&inflow=N
15,"[시승기] 폭스바겐 신형 ‘제타’ | 2000만원대 가성비 자랑하는 독일 세단, 폭스바겐 신형 제타",http://economychosun.com/client/news/view.php?boardName=C05&t_num=13611877
16,"폭스바겐, 제타 2714만원 파격가로 승부본다!…""아반떼 긴장해""",http://www.gpkorea.com/news/articleView.html?idxno=68075
17,"[시승기] 2000만원대 가성비 수입세단, 폭스바겐 신형 제타",https://biz.chosun.com/industry/car/2021/11/20/W77PRL47NNHLXNMR67KFAZE4ZA/?utm_source=naver&utm_medium=original&utm_campaign=biz
18,"폭스바겐코리아 신형 티록-제타, 11번가 십일절 특별 프로모션",http://www.sportsseoul.com/news/read/1074283?ref=naver
19,"폭스바겐, 신형 티록·제타 11번가 십일절 특별 프로모션",http://www.fnnews.com/news/202111052005404007
20,"[자동차오늘] 포드코리아, 11월 겨울철 무상점검 진행…폭스바겐, 11번가서 '티록·제타' 특별 프로모션",http://www.sisaon.co.kr/news/articleView.html?idxno=133221
21,"폭스바겐X 11번가,신형 티록·제타11번가 십일절 특별 프로모션 실시",https://www.cnet.co.kr/view/?no=20211105143149
22,"[시승기] 폭스바겐 제타, 시승 후 구매하게 된 '이유'(2부)",http://www.pinpointnews.co.kr/view.php?ud=2021103020190941240d88486204_45
23,"[자유로연비] 폭스바겐의 의지가 담긴 컴팩트 세단, 폭스바겐 제타의 자유로 연비는?",https://hankookilbo.com/News/Read/A2021103009200001735?did=NA
24,"""2000만원대 가성비갑 컴팩트 세단"" 폭스바겐 제타",http://www.edaily.co.kr/news/newspath.asp?newsid=02915926629217184
25,"[시승기] 폭스바겐 제타, 수입차 전성시대 이끌 '가성비 甲'(1부)",http://www.pinpointnews.co.kr/view.php?ud=2021102615542941039cdfed7945_45
26,작심하고 만든 '가성비車'…2000만원대 폭스바겐 제타 [신차털기],https://www.hankyung.com/economy/article/202110225986g
27,"폭스바겐 제타, 수입 세단 시장 휩쓴 비결은?",http://www.rpm9.com/news/article.html?id=20211020090001
28,"‘2,000만 원대’ 폭스바겐 제타, 수입차 가성비 트렌드 이끈다",https://www.sedaily.com/NewsView/22SSWOZEYF
29,[시승기] '수입차 알뜰 패키지' 폭스바겐 제타…착한가격에 멋·편의사양 모두 담았다,http://www.sisaon.co.kr/news/articleView.html?idxno=132573
30,"폭스바겐, 티구안 이어 제타도 혜택 줄였다",https://www.ceoscoredaily.com/page/view/2021110300351352616
31,(시승기)2천만원대 '독일 세단' 즐긴다…폭스바겐 '신형 제타',http://www.newstomato.com/ReadNews.aspx?no=1080311&inflow=N
32,"수입차 MZ세대 구매비중 일제 하락...미니·폭스바겐 1, 2위 질주에 지프 급상승",http://www.consumernews.co.kr/news/articleView.html?idxno=646561
33,2000만원 대 수입 컴팩트 세단 '폭스바겐 제타' 흥행가도,http://www.enewstoday.co.kr/news/articleView.html?idxno=1517331
34,"2000만원대 수입세단에 통풍 시트가? 폭스바겐 제타 ""대중화, 내가 선봉""",http://www.osen.co.kr/article/G1111667915
35,"폭스바겐, 제타 이어 티구안 흥행가도… 품질보증·가성비 통했다",http://www.sisaweek.com/news/articleView.html?idxno=147758
36,폭스바겐 '가성비 세단' 제타 인기몰이,http://www.fnnews.com/news/202109281826316512
37,수입 컴팩트 세단 최강…폭스바겐 '제타'의 팔색조 매력,https://www.ebn.co.kr/news/view/1503523/?sc=Naver
38,"수입차 3위 쟁탈전 열기, 아우디·폭스바겐·볼보 3파전",http://www.sisaweek.com/news/articleView.html?idxno=152695
39,2000만원대 ‘신형 제타’...폭스바겐 스테디셀러 ‘우뚝’,http://news.heraldcorp.com/view.php?ud=20210917000400
40,[시승기] 개성 넘치는 폭스바겐의 컴팩트 디젤 SUV – 폭스바겐 티록,https://hankookilbo.com/News/Read/A2022030807110002594?did=NA
41,"폭스바겐, 제타 부분변경..국내 출시는 언제?",http://www.dailycar.co.kr/content/news.html?type=view&autoId=40705
42,폭스바겐 골프·티구안에 국산 타이어 깔렸다,http://news.mk.co.kr/newsRead.php?no=253063&year=2022
43,폭스바겐 제타 출고정지... 영업현장 혼란,https://www.ceoscoredaily.com/page/view/2021082314591644851
44,"폭스바겐, 올해부턴 가솔린·전기차 늘린다...'수입차 4위' 다시 가져올까",http://www.pinpointnews.co.kr/view.php?ud=2022022413182242779cdfed7945_45
45,[시승기] 작은 차체에 담긴 폭스바겐의 ‘수입차 대중화’의 의지…폭스바겐 제타 1.4 TSI,https://hankookilbo.com/News/Read/A2021080610460000678?did=NA
46,3000만 원대 수입차 엔트리모델 판매 희비...폭스바겐·MINI 웃고 푸조 울고,http://www.consumernews.co.kr/news/articleView.html?idxno=643196
47,"폭스바겐, 올해 ‘신차·할인’ 전략으로 판매확대 모색",https://biz.newdaily.co.kr/site/data/html/2022/02/23/2022022300063.html
48,‘왕좌 탈환’ 나선 신형 티구안…제타·티록 이어 폭스바겐 흥행 잇는다,http://www.dt.co.kr/contents.html?article_no=2021072302109932064001&ref=naver
49,폭스바겐도 디젤 모델 고전… 가솔린 모델 '제타'가 효자,http://www.sisaweek.com/news/articleView.html?idxno=144930
50,"2000만원대 폭스바겐 제타&티록, 가성비로 수입차 시장 인기 순항",http://www.sportsseoul.com/news/read/1047769?ref=naver
51,"[재도약 시동 아우디폭스바겐] 폭스바겐, 2000만원대 제타ㆍ티록으로 시장공략 가속",https://www.dnews.co.kr/uhtml/view.jsp?idxno=202106131345451890987
52,"폭스바겐, 수입차 대중화 이끈다…2000만원대 ‘제타’ㆍ‘티록’으로 기지개",https://www.dnews.co.kr/uhtml/view.jsp?idxno=202106131012129700954
53,"""티록·제타·파사트 타고 여행가자""…폭스바겐, 카텔 패키지 출시",https://www.news1.kr/articles/?4361987
54,"폭스바겐, 티구안 올스페이스 국내 출시 속도…내달 사전예약 돌입",https://www.ceoscoredaily.com/page/view/2022021014540274550
55,"“수입차 대중화 굳히기”… 폭스바겐코리아, 2000만원대 ‘티록·제타’ 한정 물량 할인",https://www.donga.com/news/article/all/20210603/107258700/2
56,"폭스바겐 '티록·제타'가 2천만원대…""역대급 가성비車 나왔다""",https://www.news1.kr/articles/?4326626
57,"폭스바겐 티록. 제타, 5년 보증연장에 18% 파격할인까지 역대급 혜택",http://www.autodaily.co.kr/news/articleView.html?idxno=427790
58,2000만원대면 폭스바겐 제타,http://www.dt.co.kr/contents.html?article_no=2021060302109932064003&ref=naver
59,"폭스바겐코리아 ""쏘카에 신형 제타 추가 공급계약 체결""",https://sports.hankooki.com/lpage/economy/202105/sp20210518171824136990.htm?s_ref=nv
60,"폭스바겐-쏘카, 카셰어링에 신형 제타 추가 공급계약 체결",http://www.efnews.co.kr/news/articleView.html?idxno=90062
61,"폭스바겐코리아, 쏘카에 신형 제타 추가 공급",https://www.dnews.co.kr/uhtml/view.jsp?idxno=202105141816404940392
62,"폭스바겐코리아, 쏘카에 신형 제타 추가 공급…프레스티지 50대 추가",http://www.economytalk.kr/news/articleView.html?idxno=213065
63,아반떼보다 싼 제타…2000만~3000만원대 수입차 경쟁 '후끈',http://www.newspim.com/news/view/20201016000953
64,아반떼 사느니 제타 산다? 2000만원대 수입차 성공할까,http://www.fnnews.com/news/202010160705250188
65,"폭스바겐, 성공신화 이어가는 신형 '제타' 공개",http://www.hankookilbo.com/v/ca21cf959783cf506220a2d2e54458e9
66,"폭스바겐, 연초부터 라인업 재정비...반등 노린다",https://www.ceoscoredaily.com/page/view/2022011311335340742
67,"넥센타이어, 폭스바겐 제타에 신차용 타이어 공급",http://biz.newdaily.co.kr/site/data/html/2018/12/03/2018120300047.html
68,"폭스바겐 제타, 켈리블루북 2017 가장 멋진 차 '톱10'",http://www.fnnews.com/news/201705301615218059
69,"[비교 시승기] 컴팩트 디젤 SUV의 쌍두마차, ‘폭스바겐 티록’ vs ‘푸조 2008 GT 라인’",https://hankookilbo.com/News/Read/A2022010318250001123?did=NA
70,한국 이어 독일땅에서도…폭스바겐 제타 역사 뒤안길로,http://www.edaily.co.kr/news/newspath.asp?newsid=01249686615932200
71,(영상)“아반떼 살 돈으로 수입차를?”…폭스바겐 ‘제타’,http://www.newstomato.com/ReadNews.aspx?no=1033665
72,"[조재환의 카테크] ADAS 강화된 2천만원대 세단, 폭스바겐 제타",https://zdnet.co.kr/view/?no=20210317113743
73,"아이오닉5-스포티지, 국토부 '올해 안전평가 최우수'...폭스바겐 저조",http://www.gpkorea.com/news/articleView.html?idxno=81212
74,"""또다시 354만원 내렸다""…'국산차값' 독일차, 폭스바겐 상습적 '가격파괴' 속내 들여다보니",http://news.mk.co.kr/newsRead.php?no=1127112&year=2021
75,[NW시승기]폭스바겐 숨은 보물 ‘제타’...역동적인 성능·정숙성까지 합격,http://www.newsway.co.kr/view.php?tp=1&ud=2015091408242026363
76,"폭스바겐, '제타·아틀라스' 美서 최저 유지관리 비용 모델 1위",http://www.edaily.co.kr/news/newspath.asp?newsid=02505926628982664
77,"폭스바겐 제타, 35년 역사 '이렇게 변했다'",http://autotimes.hankyung.com/apps/news.sub_view?popup=0&nid=03&c1=03&c2=03&c3=00&nkey=201412171111061
78,[신차와 역사]폭스바겐의 숨은 강자 ‘제타’,http://www.khan.co.kr/kh_news/art_view.html?artid=201412171022512&code=920508
79,"폭스바겐코리아, 신형 제타 출시…2.0 TDI 블루모션 심장 올려",http://sports.khan.co.kr/news/sk_index.html?cat=view&art_id=201412011154373&sec_id=563002&pt=nv
80,"""신차 효과""…2월 수입차 인기 모델 벤츠 E250 이어 폭스바겐 제타 등극",http://www.enewstoday.co.kr/news/articleView.html?idxno=1457406
81,"폭스바겐, 제타 1.6 TDI 블루모션 2000만원대로 인하",http://www.osen.co.kr/article/G1109867543
82,그걸 왜 빼? 폭스바겐 제타,https://www.motortrendkorea.com/sub/view.html?no=5351&cate1Name=NEWCAR
83,"폭스바겐, '유지비 적게드는 차' 상위권 차지…제타 1등",http://www.mediapen.com/news/view/609437
84,"더 커지고 강력해진 폭스바겐 ‘제타’, 가격은?",http://www.dt.co.kr/contents.html?article_no=2014120102109932808005
85,제타 이어 티록도 '가성비' 만족..폭스바겐 현대차와 '국민차' 대결,http://kpenews.com/View.aspx?No=1431003
86,요즘 생애 첫 차는 아반떼 대신 제타,http://autotimes.hankyung.com/apps/news.sub_view?popup=0&nid=02&c1=02&c2=02&c3=00&nkey=202109270751531
87,"폭스바겐, 신형 제타 韓 흥행에 올인…작년 성장세 '또' 일군다",http://www.ezyeconomy.com/news/articleView.html?idxno=109117
88,"폭스바겐 `제타 HV` 시속 298km, 가장 빠른 하이브리드카",http://www.edaily.co.kr/news/newspath.asp?newsid=01079126599630272
89,"폭스바겐, 쏘카와 신형 ‘제타’ 카셰어링 활성화 위한 업무 협약 체결",http://www.rpm9.com/news/article.html?id=20210122090002
90,"'제타, 공유차량으로 타보세요'…폭스바겐, 쏘카와 업무협약",http://www.newsis.com/view/?id=NISX20210120_0001311534&cID=13001&pID=13000
91,'고객 접점 확대' 폭스바겐 코리아 '신형 제타' 카셰어링,http://www.newsprime.co.kr/news/article.html?no=531202
92,"폭스바겐 제타 2021, '2월 초'부터 고객 인도 예상",http://www.mediapen.com/news/view/594230
93,어린왕자 ‘폭스바겐 제타’ 인기,http://mbn.mk.co.kr/pages/news/newsView.php?category=mbn00003&news_seq_no=2103732
94,"[포토]스트레스없는 주행, 폭스바겐 '제타'",http://www.asiatoday.co.kr/view.php?key=20141201010000346
95,"폭스바겐 2021년형 제타 공식 사전계약, 수입차 대중화 전력 강화",http://www.sportsseoul.com/news/read/1003345?ref=naver
96,"폭스바겐, 상품성 강화한 2021년형 제타 공식 사전계약 실시",http://www.efnews.co.kr/news/articleView.html?idxno=88454
97,"폭스바겐, 2021년형 제타 사전계약…2400만원대부터 구매가능",http://www.newsis.com/view/?id=NISX20210115_0001307084&cID=13001&pID=13000
98,"[자동차오늘] '자동차' 뗀 기아, 미래 모빌리티 확장 나서…폭스바겐, 2021년형 제타 사전계약",http://www.sisaon.co.kr/news/articleView.html?idxno=122936
99,"폭스바겐, '제타' 5월에만 504대 판매하며, 월간 최대 실적 기록",http://kr.aving.net/news/view.php?articleId=201058&Branch_ID=kr&rssid=naver&mn_name=news
100,폭스바겐 '가성비 세단' 제타 인기몰이,http://www.fnnews.com/news/202109281826316512
101,수입 컴팩트 세단 최강…폭스바겐 '제타'의 팔색조 매력,https://www.ebn.co.kr/news/view/1503523/?sc=Naver
102,"수입차 3위 쟁탈전 열기, 아우디·폭스바겐·볼보 3파전",http://www.sisaweek.com/news/articleView.html?idxno=152695
103,"""아반떼 풀옵션 가격""...2000만원대에 살 수 있어 사회초년생 첫 차로 딱인 폭스바겐 '제타'",https://www.insight.co.kr/news/363893
104,2000만원대 ‘신형 제타’...폭스바겐 스테디셀러 ‘우뚝’,http://news.heraldcorp.com/view.php?ud=20210917000400
105,"폭스바겐 티록·제타, 11번가 특별 프로모션",http://www.enewstoday.co.kr/news/articleView.html?idxno=1524323
106,[시승기] 개성 넘치는 폭스바겐의 컴팩트 디젤 SUV – 폭스바겐 티록,https://hankookilbo.com/News/Read/A2022030807110002594?did=NA
107,"폭스바겐, 제타 부분변경..국내 출시는 언제?",http://www.dailycar.co.kr/content/news.html?type=view&autoId=40705
108,폭스바겐 골프·티구안에 국산 타이어 깔렸다,http://news.mk.co.kr/newsRead.php?no=253063&year=2022
109,폭스바겐 제타 출고정지... 영업현장 혼란,https://www.ceoscoredaily.com/page/view/2021082314591644851
110,"한국타이어, 폭스바겐 대표 고성능車 3종에 신차용 타이어 공급",http://www.edaily.co.kr/news/newspath.asp?newsid=01899126632265288
111,폭스바겐 제타 출고정지... 영업현장 혼란,https://www.ceoscoredaily.com/page/view/2021082314591644851
112,"폭스바겐, 올해부턴 가솔린·전기차 늘린다...'수입차 4위' 다시 가져올까",http://www.pinpointnews.co.kr/view.php?ud=2022022413182242779cdfed7945_45
113,[시승기] 작은 차체에 담긴 폭스바겐의 ‘수입차 대중화’의 의지…폭스바겐 제타 1.4 TSI,https://hankookilbo.com/News/Read/A2021080610460000678?did=NA
114,3000만 원대 수입차 엔트리모델 판매 희비...폭스바겐·MINI 웃고 푸조 울고,http://www.consumernews.co.kr/news/articleView.html?idxno=643196
115,"폭스바겐, 올해 ‘신차·할인’ 전략으로 판매확대 모색",https://biz.newdaily.co.kr/site/data/html/2022/02/23/2022022300063.html
116,‘왕좌 탈환’ 나선 신형 티구안…제타·티록 이어 폭스바겐 흥행 잇는다,http://www.dt.co.kr/contents.html?article_no=2021072302109932064001&ref=naver
117,이례적인 안전도 평가…폭스바겐 제타 ‘과징금’ 위기,https://news.kbs.co.kr/news/view.do?ncd=5353861&ref=A
118,올해 안전도평가 최우수차는 아이오닉5·스포티지…제타·티구안 가장 저조,https://www.ajunews.com/view/20211221091622762
119,쏘카 “아반떼 가격으로 ‘제타’ 빌리세요”,http://moneys.mt.co.kr/news/mwView.php?no=2020122809048091254
120,"한국타이어, 폭스바겐 고성능 차량 3종에 '벤투스' 장착",http://www.gpkorea.com/news/articleView.html?idxno=83947
121,폭스바겐 제타 출고정지... 영업현장 혼란,https://www.ceoscoredaily.com/page/view/2021082314591644851
122,"폭스바겐, 올해부턴 가솔린·전기차 늘린다...'수입차 4위' 다시 가져올까",http://www.pinpointnews.co.kr/view.php?ud=2022022413182242779cdfed7945_45
123,[시승기] 작은 차체에 담긴 폭스바겐의 ‘수입차 대중화’의 의지…폭스바겐 제타 1.4 TSI,https://hankookilbo.com/News/Read/A2021080610460000678?did=NA
124,3000만 원대 수입차 엔트리모델 판매 희비...폭스바겐·MINI 웃고 푸조 울고,http://www.consumernews.co.kr/news/articleView.html?idxno=643196
125,"폭스바겐, 올해 ‘신차·할인’ 전략으로 판매확대 모색",https://biz.newdaily.co.kr/site/data/html/2022/02/23/2022022300063.html
126,‘왕좌 탈환’ 나선 신형 티구안…제타·티록 이어 폭스바겐 흥행 잇는다,http://www.dt.co.kr/contents.html?article_no=2021072302109932064001&ref=naver
127,이례적인 안전도 평가…폭스바겐 제타 ‘과징금’ 위기,https://news.kbs.co.kr/news/view.do?ncd=5353861&ref=A
128,올해 안전도평가 최우수차는 아이오닉5·스포티지…제타·티구안 가장 저조,https://www.ajunews.com/view/20211221091622762
129,쏘카 “아반떼 가격으로 ‘제타’ 빌리세요”,http://moneys.mt.co.kr/news/mwView.php?no=2020122809048091254
130,"한국타이어, 폭스바겐 차량 3종에 타이어 공급",http://www.businesskorea.co.kr/news/articleView.html?idxno=89319
131,[시승기] 작은 차체에 담긴 폭스바겐의 ‘수입차 대중화’의 의지…폭스바겐 제타 1.4 TSI,https://hankookilbo.com/News/Read/A2021080610460000678?did=NA
132,3000만 원대 수입차 엔트리모델 판매 희비...폭스바겐·MINI 웃고 푸조 울고,http://www.consumernews.co.kr/news/articleView.html?idxno=643196
133,"폭스바겐, 올해 ‘신차·할인’ 전략으로 판매확대 모색",https://biz.newdaily.co.kr/site/data/html/2022/02/23/2022022300063.html
134,‘왕좌 탈환’ 나선 신형 티구안…제타·티록 이어 폭스바겐 흥행 잇는다,http://www.dt.co.kr/contents.html?article_no=2021072302109932064001&ref=naver
135,이례적인 안전도 평가…폭스바겐 제타 ‘과징금’ 위기,https://news.kbs.co.kr/news/view.do?ncd=5353861&ref=A
136,올해 안전도평가 최우수차는 아이오닉5·스포티지…제타·티구안 가장 저조,https://www.ajunews.com/view/20211221091622762
137,쏘카 “아반떼 가격으로 ‘제타’ 빌리세요”,http://moneys.mt.co.kr/news/mwView.php?no=2020122809048091254
138,"넥센타이어, 폭스바겐에 신차용 타이어 공급",http://www.dt.co.kr/contents.html?article_no=2022012402109932031006&ref=naver
139,폭스바겐도 디젤 모델 고전… 가솔린 모델 '제타'가 효자,http://www.sisaweek.com/news/articleView.html?idxno=144930
140,쏘카 “아반떼 가격으로 ‘제타’ 빌리세요”,http://moneys.mt.co.kr/news/mwView.php?no=2020122809048091254
141,"넥센타이어, 폭스바겐에 신차용 타이어 공급",http://www.dt.co.kr/contents.html?article_no=2022012402109932031006&ref=naver
142,폭스바겐도 디젤 모델 고전… 가솔린 모델 '제타'가 효자,http://www.sisaweek.com/news/articleView.html?idxno=144930
143,"2000만원대 폭스바겐 제타&티록, 가성비로 수입차 시장 인기 순항",http://www.sportsseoul.com/news/read/1047769?ref=naver
144,"[재도약 시동 아우디폭스바겐] 폭스바겐, 2000만원대 제타ㆍ티록으로 시장공략 가속",https://www.dnews.co.kr/uhtml/view.jsp?idxno=202106131345451890987
145,"폭스바겐, 수입차 대중화 이끈다…2000만원대 ‘제타’ㆍ‘티록’으로 기지개",https://www.dnews.co.kr/uhtml/view.jsp?idxno=202106131012129700954
146,"""티록·제타·파사트 타고 여행가자""…폭스바겐, 카텔 패키지 출시",https://www.news1.kr/articles/?4361987
147,"폭스바겐, 티구안 올스페이스 국내 출시 속도…내달 사전예약 돌입",https://www.ceoscoredaily.com/page/view/2022021014540274550
148,"“수입차 대중화 굳히기”… 폭스바겐코리아, 2000만원대 ‘티록·제타’ 한정 물량 할인",https://www.donga.com/news/article/all/20210603/107258700/2
149,"폭스바겐 '티록·제타'가 2천만원대…""역대급 가성비車 나왔다""",https://www.news1.kr/articles/?4326626
150,"폭스바겐 '티록·제타'가 2천만원대…""역대급 가성비車 나왔다""",https://www.news1.kr/articles/?4326626
151,"폭스바겐 티록. 제타, 5년 보증연장에 18% 파격할인까지 역대급 혜택",http://www.autodaily.co.kr/news/articleView.html?idxno=427790
152,2000만원대면 폭스바겐 제타,http://www.dt.co.kr/contents.html?article_no=2021060302109932064003&ref=naver
153,"아이오닉5·스포티지 ""가장 안전""...제타·티구안 ""가장 위험""",http://www.4th.kr/news/articleView.html?idxno=2010716
154,"폭스바겐코리아 ""쏘카에 신형 제타 추가 공급계약 체결""",https://sports.hankooki.com/lpage/economy/202105/sp20210518171824136990.htm?s_ref=nv
155,"폭스바겐-쏘카, 카셰어링에 신형 제타 추가 공급계약 체결",http://www.efnews.co.kr/news/articleView.html?idxno=90062
156,"폭스바겐코리아, 쏘카에 신형 제타 추가 공급",https://www.dnews.co.kr/uhtml/view.jsp?idxno=202105141816404940392
157,"폭스바겐코리아, 쏘카에 신형 제타 추가 공급…프레스티지 50대 추가",http://www.economytalk.kr/news/articleView.html?idxno=213065
158,아반떼보다 싼 제타…2000만~3000만원대 수입차 경쟁 '후끈',http://www.newspim.com/news/view/20201016000953
159,아반떼 사느니 제타 산다? 2000만원대 수입차 성공할까,http://www.fnnews.com/news/202010160705250188
160,"폭스바겐코리아, 쏘카에 신형 제타 추가 공급…프레스티지 50대 추가",http://www.economytalk.kr/news/articleView.html?idxno=213065
161,아반떼보다 싼 제타…2000만~3000만원대 수입차 경쟁 '후끈',http://www.newspim.com/news/view/20201016000953
162,아반떼 사느니 제타 산다? 2000만원대 수입차 성공할까,http://www.fnnews.com/news/202010160705250188
163,"폭스바겐, 성공신화 이어가는 신형 '제타' 공개",http://www.hankookilbo.com/v/ca21cf959783cf506220a2d2e54458e9
164,"폭스바겐, 연초부터 라인업 재정비...반등 노린다",https://www.ceoscoredaily.com/page/view/2022011311335340742
165,"넥센타이어, 폭스바겐 제타에 신차용 타이어 공급",http://biz.newdaily.co.kr/site/data/html/2018/12/03/2018120300047.html
166,테슬라·폭스바겐 제쳤다…올해 가장 안전한車 뽑힌 국산차,https://www.joongang.co.kr/article/25034107
167,"폭스바겐 제타, 켈리블루북 2017 가장 멋진 차 '톱10'",http://www.fnnews.com/news/201705301615218059
168,"[비교 시승기] 컴팩트 디젤 SUV의 쌍두마차, ‘폭스바겐 티록’ vs ‘푸조 2008 GT 라인’",https://hankookilbo.com/News/Read/A2022010318250001123?did=NA
169,한국 이어 독일땅에서도…폭스바겐 제타 역사 뒤안길로,http://www.edaily.co.kr/news/newspath.asp?newsid=01249686615932200
170,"폭스바겐, ""제타 경험해보세요""…쏘카에 추가 공급",http://www.ajunews.com/view/20210514162939614
171,아반떼보다 싼 제타…2000만~3000만원대 수입차 경쟁 '후끈',http://www.newspim.com/news/view/20201016000953
172,아반떼 사느니 제타 산다? 2000만원대 수입차 성공할까,http://www.fnnews.com/news/202010160705250188
173,"폭스바겐, 성공신화 이어가는 신형 '제타' 공개",http://www.hankookilbo.com/v/ca21cf959783cf506220a2d2e54458e9
174,"폭스바겐, 연초부터 라인업 재정비...반등 노린다",https://www.ceoscoredaily.com/page/view/2022011311335340742
175,"넥센타이어, 폭스바겐 제타에 신차용 타이어 공급",http://biz.newdaily.co.kr/site/data/html/2018/12/03/2018120300047.html
176,테슬라·폭스바겐 제쳤다…올해 가장 안전한車 뽑힌 국산차,https://www.joongang.co.kr/article/25034107
177,"폭스바겐 제타, 켈리블루북 2017 가장 멋진 차 '톱10'",http://www.fnnews.com/news/201705301615218059
178,"[비교 시승기] 컴팩트 디젤 SUV의 쌍두마차, ‘폭스바겐 티록’ vs ‘푸조 2008 GT 라인’",https://hankookilbo.com/News/Read/A2022010318250001123?did=NA
179,한국 이어 독일땅에서도…폭스바겐 제타 역사 뒤안길로,http://www.edaily.co.kr/news/newspath.asp?newsid=01249686615932200
180,"넥센타이어, 폭스바겐 제타에 신차용 타이어 공급",http://biz.newdaily.co.kr/site/data/html/2018/12/03/2018120300047.html
181,테슬라·폭스바겐 제쳤다…올해 가장 안전한車 뽑힌 국산차,https://www.joongang.co.kr/article/25034107
182,"폭스바겐 제타, 켈리블루북 2017 가장 멋진 차 '톱10'",http://www.fnnews.com/news/201705301615218059
183,"[비교 시승기] 컴팩트 디젤 SUV의 쌍두마차, ‘폭스바겐 티록’ vs ‘푸조 2008 GT 라인’",https://hankookilbo.com/News/Read/A2022010318250001123?did=NA
184,한국 이어 독일땅에서도…폭스바겐 제타 역사 뒤안길로,http://www.edaily.co.kr/news/newspath.asp?newsid=01249686615932200
185,(영상)“아반떼 살 돈으로 수입차를?”…폭스바겐 ‘제타’,http://www.newstomato.com/ReadNews.aspx?no=1033665
186,"[조재환의 카테크] ADAS 강화된 2천만원대 세단, 폭스바겐 제타",https://zdnet.co.kr/view/?no=20210317113743
187,"아이오닉5-스포티지, 국토부 '올해 안전평가 최우수'...폭스바겐 저조",http://www.gpkorea.com/news/articleView.html?idxno=81212
188,"""또다시 354만원 내렸다""…'국산차값' 독일차, 폭스바겐 상습적 '가격파괴' 속내 들여다보니",http://news.mk.co.kr/newsRead.php?no=1127112&year=2021
189,[NW시승기]폭스바겐 숨은 보물 ‘제타’...역동적인 성능·정숙성까지 합격,http://www.newsway.co.kr/view.php?tp=1&ud=2015091408242026363
190,"""또다시 354만원 내렸다""…'국산차값' 독일차, 폭스바겐 상습적 '가격파괴' 속내 들여다보니",http://news.mk.co.kr/newsRead.php?no=1127112&year=2021
191,[NW시승기]폭스바겐 숨은 보물 ‘제타’...역동적인 성능·정숙성까지 합격,http://www.newsway.co.kr/view.php?tp=1&ud=2015091408242026363
192,"폭스바겐, '제타·아틀라스' 美서 최저 유지관리 비용 모델 1위",http://www.edaily.co.kr/news/newspath.asp?newsid=02505926628982664
193,"폭스바겐 제타, 35년 역사 '이렇게 변했다'",http://autotimes.hankyung.com/apps/news.sub_view?popup=0&nid=03&c1=03&c2=03&c3=00&nkey=201412171111061
194,[신차와 역사]폭스바겐의 숨은 강자 ‘제타’,http://www.khan.co.kr/kh_news/art_view.html?artid=201412171022512&code=920508
195,"폭스바겐코리아, 신형 제타 출시…2.0 TDI 블루모션 심장 올려",http://sports.khan.co.kr/news/sk_index.html?cat=view&art_id=201412011154373&sec_id=563002&pt=nv
196,"""신차 효과""…2월 수입차 인기 모델 벤츠 E250 이어 폭스바겐 제타 등극",http://www.enewstoday.co.kr/news/articleView.html?idxno=1457406
197,"폭스바겐, 제타 1.6 TDI 블루모션 2000만원대로 인하",http://www.osen.co.kr/article/G1109867543
198,그걸 왜 빼? 폭스바겐 제타,https://www.motortrendkorea.com/sub/view.html?no=5351&cate1Name=NEWCAR
199,"폭스바겐, '유지비 적게드는 차' 상위권 차지…제타 1등",http://www.mediapen.com/news/view/609437
200,"폭스바겐, 제타 1.6 TDI 블루모션 가격 200만원 인하",http://www.newspim.com/common/redirect.jsp?newsId=20140603000440
201,그걸 왜 빼? 폭스바겐 제타,https://www.motortrendkorea.com/sub/view.html?no=5351&cate1Name=NEWCAR
202,"폭스바겐, '유지비 적게드는 차' 상위권 차지…제타 1등",http://www.mediapen.com/news/view/609437
203,"더 커지고 강력해진 폭스바겐 ‘제타’, 가격은?",http://www.dt.co.kr/contents.html?article_no=2014120102109932808005
204,"폭스바겐 '제타·아틀라스', 미국서 유지비용 낮은모델 1위 선정",http://www.gpkorea.com/news/articleView.html?idxno=72228
205,제타 이어 티록도 '가성비' 만족..폭스바겐 현대차와 '국민차' 대결,http://kpenews.com/View.aspx?No=1431003
206,요즘 생애 첫 차는 아반떼 대신 제타,http://autotimes.hankyung.com/apps/news.sub_view?popup=0&nid=02&c1=02&c2=02&c3=00&nkey=202109270751531
207,"폭스바겐, 신형 제타 韓 흥행에 올인…작년 성장세 '또' 일군다",http://www.ezyeconomy.com/news/articleView.html?idxno=109117
208,"폭스바겐 `제타 HV` 시속 298km, 가장 빠른 하이브리드카",http://www.edaily.co.kr/news/newspath.asp?newsid=01079126599630272
209,"폭스바겐, 쏘카와 신형 ‘제타’ 카셰어링 활성화 위한 업무 협약 체결",http://www.rpm9.com/news/article.html?id=20210122090002
210,"[사진]폭스바겐 제타 신형 출격,'드라이빙 욕구 충만'",http://www.osen.co.kr/article/G1110021219
211,"폭스바겐 '제타·아틀라스', 미국서 유지비용 낮은모델 1위 선정",http://www.gpkorea.com/news/articleView.html?idxno=72228
212,제타 이어 티록도 '가성비' 만족..폭스바겐 현대차와 '국민차' 대결,http://kpenews.com/View.aspx?No=1431003
213,요즘 생애 첫 차는 아반떼 대신 제타,http://autotimes.hankyung.com/apps/news.sub_view?popup=0&nid=02&c1=02&c2=02&c3=00&nkey=202109270751531
214,"폭스바겐, 신형 제타 韓 흥행에 올인…작년 성장세 '또' 일군다",http://www.ezyeconomy.com/news/articleView.html?idxno=109117
215,"폭스바겐 `제타 HV` 시속 298km, 가장 빠른 하이브리드카",http://www.edaily.co.kr/news/newspath.asp?newsid=01079126599630272
216,"폭스바겐, 쏘카와 신형 ‘제타’ 카셰어링 활성화 위한 업무 협약 체결",http://www.rpm9.com/news/article.html?id=20210122090002
217,"'제타, 공유차량으로 타보세요'…폭스바겐, 쏘카와 업무협약",http://www.newsis.com/view/?id=NISX20210120_0001311534&cID=13001&pID=13000
218,'고객 접점 확대' 폭스바겐 코리아 '신형 제타' 카셰어링,http://www.newsprime.co.kr/news/article.html?no=531202
219,"폭스바겐 제타 2021, '2월 초'부터 고객 인도 예상",http://www.mediapen.com/news/view/594230
220,"[사진]폭스바겐 제타 신형 출시,'뽐내는 디자인'",http://www.osen.co.kr/article/G1110021263
221,"폭스바겐 '제타·아틀라스', 미국서 유지비용 낮은모델 1위 선정",http://www.gpkorea.com/news/articleView.html?idxno=72228
222,제타 이어 티록도 '가성비' 만족..폭스바겐 현대차와 '국민차' 대결,http://kpenews.com/View.aspx?No=1431003
223,요즘 생애 첫 차는 아반떼 대신 제타,http://autotimes.hankyung.com/apps/news.sub_view?popup=0&nid=02&c1=02&c2=02&c3=00&nkey=202109270751531
224,"폭스바겐, 신형 제타 韓 흥행에 올인…작년 성장세 '또' 일군다",http://www.ezyeconomy.com/news/articleView.html?idxno=109117
225,"폭스바겐 `제타 HV` 시속 298km, 가장 빠른 하이브리드카",http://www.edaily.co.kr/news/newspath.asp?newsid=01079126599630272
226,"폭스바겐, 쏘카와 신형 ‘제타’ 카셰어링 활성화 위한 업무 협약 체결",http://www.rpm9.com/news/article.html?id=20210122090002
227,"'제타, 공유차량으로 타보세요'…폭스바겐, 쏘카와 업무협약",http://www.newsis.com/view/?id=NISX20210120_0001311534&cID=13001&pID=13000
228,'고객 접점 확대' 폭스바겐 코리아 '신형 제타' 카셰어링,http://www.newsprime.co.kr/news/article.html?no=531202
229,"폭스바겐 제타 2021, '2월 초'부터 고객 인도 예상",http://www.mediapen.com/news/view/594230
230,제타 이어 티록도 '가성비' 만족..폭스바겐 현대차와 '국민차' 대결,http://kpenews.com/View.aspx?No=1431003
231,요즘 생애 첫 차는 아반떼 대신 제타,http://autotimes.hankyung.com/apps/news.sub_view?popup=0&nid=02&c1=02&c2=02&c3=00&nkey=202109270751531
232,"폭스바겐, 신형 제타 韓 흥행에 올인…작년 성장세 '또' 일군다",http://www.ezyeconomy.com/news/articleView.html?idxno=109117
233,"폭스바겐 `제타 HV` 시속 298km, 가장 빠른 하이브리드카",http://www.edaily.co.kr/news/newspath.asp?newsid=01079126599630272
234,"폭스바겐, 쏘카와 신형 ‘제타’ 카셰어링 활성화 위한 업무 협약 체결",http://www.rpm9.com/news/article.html?id=20210122090002
235,"'제타, 공유차량으로 타보세요'…폭스바겐, 쏘카와 업무협약",http://www.newsis.com/view/?id=NISX20210120_0001311534&cID=13001&pID=13000
236,'고객 접점 확대' 폭스바겐 코리아 '신형 제타' 카셰어링,http://www.newsprime.co.kr/news/article.html?no=531202
237,"폭스바겐 제타 2021, '2월 초'부터 고객 인도 예상",http://www.mediapen.com/news/view/594230
238,어린왕자 ‘폭스바겐 제타’ 인기,http://mbn.mk.co.kr/pages/news/newsView.php?category=mbn00003&news_seq_no=2103732
239,"[사진]폭스바겐 신형 제타 출시,'아름다운 라인'",http://www.osen.co.kr/article/G1110021222
240,"폭스바겐코리아-쏘카, '신형 제타' 카셰어링 활성화 업무 협약 체결",http://www.autodaily.co.kr/news/articleView.html?idxno=425187
241,"폭스바겐 제타 2021, '2월 초'부터 고객 인도 예상",http://www.mediapen.com/news/view/594230
242,어린왕자 ‘폭스바겐 제타’ 인기,http://mbn.mk.co.kr/pages/news/newsView.php?category=mbn00003&news_seq_no=2103732
243,"[사진]폭스바겐 신형 제타 출시,'아름다운 라인'",http://www.osen.co.kr/article/G1110021222
244,"[포토]첫 눈 오는 날, 폭스바겐 '제타' 출시",http://www.asiatoday.co.kr/view.php?key=20141201010000335
245,"폭스바겐 2021년형 제타 공식 사전계약, 수입차 대중화 전력 강화",http://www.sportsseoul.com/news/read/1003345?ref=naver
246,"폭스바겐, 상품성 강화한 2021년형 제타 공식 사전계약 실시",http://www.efnews.co.kr/news/articleView.html?idxno=88454
247,"폭스바겐, 2021년형 제타 사전계약…2400만원대부터 구매가능",http://www.newsis.com/view/?id=NISX20210115_0001307084&cID=13001&pID=13000
248,"폭스바겐 2021년형 제타 사전계약, 고객인도는 2월",http://www.newsprime.co.kr/news/article.html?no=530812
249,"[자동차오늘] '자동차' 뗀 기아, 미래 모빌리티 확장 나서…폭스바겐, 2021년형 제타 사전계약",http://www.sisaon.co.kr/news/articleView.html?idxno=122936
250,"폭스바겐코리아, 쏘카와 신형 ‘제타’로 카셰어링 활성화 나선다",https://www.dnews.co.kr/uhtml/view.jsp?idxno=202101201554473500972
251,"폭스바겐 제타 2021, '2월 초'부터 고객 인도 예상",http://www.mediapen.com/news/view/594230
252,어린왕자 ‘폭스바겐 제타’ 인기,http://mbn.mk.co.kr/pages/news/newsView.php?category=mbn00003&news_seq_no=2103732
253,"[사진]폭스바겐 신형 제타 출시,'아름다운 라인'",http://www.osen.co.kr/article/G1110021222
254,[포토]혁신적인 연비와 넉넉한 주행성능 폭스바겐 '제타',http://www.asiatoday.co.kr/view.php?key=20141201010000357
255,"폭스바겐 2021년형 제타 공식 사전계약, 수입차 대중화 전력 강화",http://www.sportsseoul.com/news/read/1003345?ref=naver
256,"폭스바겐, 상품성 강화한 2021년형 제타 공식 사전계약 실시",http://www.efnews.co.kr/news/articleView.html?idxno=88454
257,"폭스바겐, 2021년형 제타 사전계약…2400만원대부터 구매가능",http://www.newsis.com/view/?id=NISX20210115_0001307084&cID=13001&pID=13000
258,"폭스바겐 2021년형 제타 사전계약, 고객인도는 2월",http://www.newsprime.co.kr/news/article.html?no=530812
259,"[자동차오늘] '자동차' 뗀 기아, 미래 모빌리티 확장 나서…폭스바겐, 2021년형 제타 사전계약",http://www.sisaon.co.kr/news/articleView.html?idxno=122936
260,"폭스바겐코리아, ""쏘카로 신형 제타 타보세요""",http://autotimes.hankyung.com/apps/news.sub_view?popup=0&nid=05&c1=05&c2=05&c3=00&nkey=202101201020371
261,"폭스바겐 제타 2021, '2월 초'부터 고객 인도 예상",http://www.mediapen.com/news/view/594230
262,어린왕자 ‘폭스바겐 제타’ 인기,http://mbn.mk.co.kr/pages/news/newsView.php?category=mbn00003&news_seq_no=2103732
263,"[사진]폭스바겐 신형 제타 출시,'아름다운 라인'",http://www.osen.co.kr/article/G1110021222
264,"[포토]첫 눈 오는 날, 폭스바겐 '제타' 출시",http://www.asiatoday.co.kr/view.php?key=20141201010000335
265,"폭스바겐 2021년형 제타 공식 사전계약, 수입차 대중화 전력 강화",http://www.sportsseoul.com/news/read/1003345?ref=naver
266,"폭스바겐, 상품성 강화한 2021년형 제타 공식 사전계약 실시",http://www.efnews.co.kr/news/articleView.html?idxno=88454
267,"폭스바겐, 2021년형 제타 사전계약…2400만원대부터 구매가능",http://www.newsis.com/view/?id=NISX20210115_0001307084&cID=13001&pID=13000
268,"폭스바겐 2021년형 제타 사전계약, 고객인도는 2월",http://www.newsprime.co.kr/news/article.html?no=530812
269,"[자동차오늘] '자동차' 뗀 기아, 미래 모빌리티 확장 나서…폭스바겐, 2021년형 제타 사전계약",http://www.sisaon.co.kr/news/articleView.html?idxno=122936
270,"[사진]폭스바겐 신형 제타 출시,'아름다운 라인'",http://www.osen.co.kr/article/G1110021222
271,[포토]혁신적인 연비와 넉넉한 주행성능 폭스바겐 '제타',http://www.asiatoday.co.kr/view.php?key=20141201010000357
272,"폭스바겐 2021년형 제타 공식 사전계약, 수입차 대중화 전력 강화",http://www.sportsseoul.com/news/read/1003345?ref=naver
273,"폭스바겐, 상품성 강화한 2021년형 제타 공식 사전계약 실시",http://www.efnews.co.kr/news/articleView.html?idxno=88454
274,"폭스바겐, 2021년형 제타 사전계약…2400만원대부터 구매가능",http://www.newsis.com/view/?id=NISX20210115_0001307084&cID=13001&pID=13000
275,"폭스바겐 2021년형 제타 사전계약, 고객인도는 2월",http://www.newsprime.co.kr/news/article.html?no=530812
276,"[자동차오늘] '자동차' 뗀 기아, 미래 모빌리티 확장 나서…폭스바겐, 2021년형 제타 사전계약",http://www.sisaon.co.kr/news/articleView.html?idxno=122936
277,"폭스바겐, '제타' 5월에만 504대 판매하며, 월간 최대 실적 기록",http://kr.aving.net/news/view.php?articleId=201058&Branch_ID=kr&rssid=naver&mn_name=news
278,"[시승기] 달려도 달려도 연비는 20㎞/ℓ 넘어서, 폭스바겐 제타",http://www.fnnews.com/view?ra=Sent0601m_01A&corp=fnnews&arcid=110526164811&cDateYear=2011&cDateMonth=05&cDateDay=26&
279,"22.2km/L의 연비, 폭스바겐 ‘제타’출시",http://www.fnnews.com/view?ra=Sent0601m_01A&corp=fnnews&arcid=00000922298007&cDateYear=2011&cDateMonth=05&cDateDay=02&
280,"폭스바겐, 2021년형 제타 사전계약…2400만원대부터 구매가능",http://www.newsis.com/view/?id=NISX20210115_0001307084&cID=13001&pID=13000
281,"폭스바겐 2021년형 제타 사전계약, 고객인도는 2월",http://www.newsprime.co.kr/news/article.html?no=530812
282,"[자동차오늘] '자동차' 뗀 기아, 미래 모빌리티 확장 나서…폭스바겐, 2021년형 제타 사전계약",http://www.sisaon.co.kr/news/articleView.html?idxno=122936
283,"폭스바겐, '제타' 5월에만 504대 판매하며, 월간 최대 실적 기록",http://kr.aving.net/news/view.php?articleId=201058&Branch_ID=kr&rssid=naver&mn_name=news
284,"[시승기] 달려도 달려도 연비는 20㎞/ℓ 넘어서, 폭스바겐 제타",http://www.fnnews.com/view?ra=Sent0601m_01A&corp=fnnews&arcid=110526164811&cDateYear=2011&cDateMonth=05&cDateDay=26&
285,"22.2km/L의 연비, 폭스바겐 ‘제타’출시",http://www.fnnews.com/view?ra=Sent0601m_01A&corp=fnnews&arcid=00000922298007&cDateYear=2011&cDateMonth=05&cDateDay=02&
286,"폭스바겐 제타, 32년간 판매고 920만대 ‘베스트셀링카’",http://www.fnnews.com/view?ra=Sent0601m_01A&corp=fnnews&arcid=00000922298646&cDateYear=2011&cDateMonth=05&cDateDay=02&
287,"폭스바겐, 쏘카와 카셰어링 실험…""전시장서 제타 빌린다""",http://www.etnews.com/20210120000084
288,"[시승기]폭스바겐 제타, 수입차 최고가성비…하루에 완판된이유?",http://www.mediapen.com/news/view/593621
289,"폭스바겐코리아, 11번가에서 2022년형 티록 출시 기념 십일절 페스티벌 단독 혜택",http://www.autodaily.co.kr/news/articleView.html?idxno=430263
290,더 강해진 폭스바겐 제타...ADAS 추가하고 인포테인먼트 강화,https://zdnet.co.kr/view/?no=20210115183939
291,"[자동차오늘] '자동차' 뗀 기아, 미래 모빌리티 확장 나서…폭스바겐, 2021년형 제타 사전계약",http://www.sisaon.co.kr/news/articleView.html?idxno=122936
292,"폭스바겐, '제타' 5월에만 504대 판매하며, 월간 최대 실적 기록",http://kr.aving.net/news/view.php?articleId=201058&Branch_ID=kr&rssid=naver&mn_name=news
293,"[시승기] 달려도 달려도 연비는 20㎞/ℓ 넘어서, 폭스바겐 제타",http://www.fnnews.com/view?ra=Sent0601m_01A&corp=fnnews&arcid=110526164811&cDateYear=2011&cDateMonth=05&cDateDay=26&
294,"22.2km/L의 연비, 폭스바겐 ‘제타’출시",http://www.fnnews.com/view?ra=Sent0601m_01A&corp=fnnews&arcid=00000922298007&cDateYear=2011&cDateMonth=05&cDateDay=02&
295,"폭스바겐 제타, 32년간 판매고 920만대 ‘베스트셀링카’",http://www.fnnews.com/view?ra=Sent0601m_01A&corp=fnnews&arcid=00000922298646&cDateYear=2011&cDateMonth=05&cDateDay=02&
296,"폭스바겐, 쏘카와 카셰어링 실험…""전시장서 제타 빌린다""",http://www.etnews.com/20210120000084
297,"[시승기]폭스바겐 제타, 수입차 최고가성비…하루에 완판된이유?",http://www.mediapen.com/news/view/593621
298,"폭스바겐코리아, 11번가에서 2022년형 티록 출시 기념 십일절 페스티벌 단독 혜택",http://www.autodaily.co.kr/news/articleView.html?idxno=430263
299,폭스바겐 ‘2021 제타’ 사전계약… 2450만원부터,https://www.seoul.co.kr/news/newsView.php?id=20210115500209&wlog_tag3=naver
300,"폭스바겐, 2021년형 제타 사전계약 실시…2,451만 원~",http://www.thedrive.co.kr/news/newsview.php?ncode=1065597162496594
301,"[자동차오늘] '자동차' 뗀 기아, 미래 모빌리티 확장 나서…폭스바겐, 2021년형 제타 사전계약",http://www.sisaon.co.kr/news/articleView.html?idxno=122936
302,"폭스바겐, '제타' 5월에만 504대 판매하며, 월간 최대 실적 기록",http://kr.aving.net/news/view.php?articleId=201058&Branch_ID=kr&rssid=naver&mn_name=news
303,"[시승기] 달려도 달려도 연비는 20㎞/ℓ 넘어서, 폭스바겐 제타",http://www.fnnews.com/view?ra=Sent0601m_01A&corp=fnnews&arcid=110526164811&cDateYear=2011&cDateMonth=05&cDateDay=26&
304,"22.2km/L의 연비, 폭스바겐 ‘제타’출시",http://www.fnnews.com/view?ra=Sent0601m_01A&corp=fnnews&arcid=00000922298007&cDateYear=2011&cDateMonth=05&cDateDay=02&
305,"폭스바겐 제타, 32년간 판매고 920만대 ‘베스트셀링카’",http://www.fnnews.com/view?ra=Sent0601m_01A&corp=fnnews&arcid=00000922298646&cDateYear=2011&cDateMonth=05&cDateDay=02&
306,"폭스바겐, 쏘카와 카셰어링 실험…""전시장서 제타 빌린다""",http://www.etnews.com/20210120000084
307,"[시승기]폭스바겐 제타, 수입차 최고가성비…하루에 완판된이유?",http://www.mediapen.com/news/view/593621
308,"폭스바겐코리아, 11번가에서 2022년형 티록 출시 기념 십일절 페스티벌 단독 혜택",http://www.autodaily.co.kr/news/articleView.html?idxno=430263
309,폭스바겐 ‘2021 제타’ 사전계약… 2450만원부터,https://www.seoul.co.kr/news/newsView.php?id=20210115500209&wlog_tag3=naver
310,"폭스바겐, 2021년형 제타 공식 사전계약 실시",http://www.wolyo.co.kr/news/articleView.html?idxno=114574
311,"[자동차오늘] '자동차' 뗀 기아, 미래 모빌리티 확장 나서…폭스바겐, 2021년형 제타 사전계약",http://www.sisaon.co.kr/news/articleView.html?idxno=122936
312,"폭스바겐, '제타' 5월에만 504대 판매하며, 월간 최대 실적 기록",http://kr.aving.net/news/view.php?articleId=201058&Branch_ID=kr&rssid=naver&mn_name=news
313,"[시승기] 달려도 달려도 연비는 20㎞/ℓ 넘어서, 폭스바겐 제타",http://www.fnnews.com/view?ra=Sent0601m_01A&corp=fnnews&arcid=110526164811&cDateYear=2011&cDateMonth=05&cDateDay=26&
314,"22.2km/L의 연비, 폭스바겐 ‘제타’출시",http://www.fnnews.com/view?ra=Sent0601m_01A&corp=fnnews&arcid=00000922298007&cDateYear=2011&cDateMonth=05&cDateDay=02&
315,"폭스바겐 제타, 32년간 판매고 920만대 ‘베스트셀링카’",http://www.fnnews.com/view?ra=Sent0601m_01A&corp=fnnews&arcid=00000922298646&cDateYear=2011&cDateMonth=05&cDateDay=02&
316,"폭스바겐, 쏘카와 카셰어링 실험…""전시장서 제타 빌린다""",http://www.etnews.com/20210120000084
317,"[시승기]폭스바겐 제타, 수입차 최고가성비…하루에 완판된이유?",http://www.mediapen.com/news/view/593621
318,"폭스바겐코리아, 11번가에서 2022년형 티록 출시 기념 십일절 페스티벌 단독 혜택",http://www.autodaily.co.kr/news/articleView.html?idxno=430263
319,폭스바겐 ‘2021 제타’ 사전계약… 2450만원부터,https://www.seoul.co.kr/news/newsView.php?id=20210115500209&wlog_tag3=naver
320,"폭스바겐코리아, 11번가에서 2022년형 티록 출시 기념 십일절 페스티벌 단독 혜택",http://www.autodaily.co.kr/news/articleView.html?idxno=430263
321,"""2000만원대 폭스바겐 세단""…제타 '사전계약' 시작",https://www.hankyung.com/economy/article/202101156233g
322,폭스바겐 ‘2021 제타’ 사전계약… 2450만원부터,https://www.seoul.co.kr/news/newsView.php?id=20210115500209&wlog_tag3=naver
323,완판된 폭스바겐 '제타'…카셰어링 시장에서도 통할까?,https://www.asiatime.co.kr/news/newsview.php?ncode=1065539604868840
324,"쏘카, 폭스바겐 신형 '제타' 도입…""아반떼 가격으로 경험 가능""",http://www.enewstoday.co.kr/news/articleView.html?idxno=1439569
325,경차는 한국지엠 '스파크' SUV는 쌍용차 '티볼리' 전기차는 르노삼성 '조에'...차종별 생애 첫 차 원픽은?,http://www.consumernews.co.kr/news/articleView.html?idxno=645008
326,"폭스바겐 제타와 아틀라스, 가장 유지관리비 낮은 모델 1위 선정",http://www.sportsseoul.com/news/read/1022323?ref=naver
327,"폭스바겐 '제타', 미국서 유지관리 비용 가장 낮은 모델 1위 선정",http://digitalchosun.dizzo.com/site/data/html_dir/2021/03/12/2021031280200.html
328,"폭스바겐, 반친화 디젤차 판매 비중 67%..업계 최고수준 ‘왜?’",http://www.dailycar.co.kr/content/news.html?type=view&autoId=41514
329,"폭스바겐 제타, 美서 슬그머니 가격 인상",http://www.fnnews.com/view?ra=Sent0601m_01A&corp=fnnews&arcid=00000922308236&cDateYear=2011&cDateMonth=05&cDateDay=13&
330,이제 쏘카에서 폭스바겐 신형 제타 탈 수 있다,http://www.segyebiz.com/newsView/20201228502254?OutUrl=naver
331,경차는 한국지엠 '스파크' SUV는 쌍용차 '티볼리' 전기차는 르노삼성 '조에'...차종별 생애 첫 차 원픽은?,http://www.consumernews.co.kr/news/articleView.html?idxno=645008
332,"폭스바겐 제타와 아틀라스, 가장 유지관리비 낮은 모델 1위 선정",http://www.sportsseoul.com/news/read/1022323?ref=naver
333,"폭스바겐 '제타', 미국서 유지관리 비용 가장 낮은 모델 1위 선정",http://digitalchosun.dizzo.com/site/data/html_dir/2021/03/12/2021031280200.html
334,'2400만원대' 폭스바겐 제타 사전계약 시작,http://www.fnnews.com/news/202101161637476137
335,폭스바겐 2021년형 제타 사전계약 실시…2400만원부터,https://biz.sbs.co.kr/article_hub/20000000563?division=NAVER
336,"폭스바겐, 반친화 디젤차 판매 비중 67%..업계 최고수준 ‘왜?’",http://www.dailycar.co.kr/content/news.html?type=view&autoId=41514
337,"폭스바겐 제타, 美서 슬그머니 가격 인상",http://www.fnnews.com/view?ra=Sent0601m_01A&corp=fnnews&arcid=00000922308236&cDateYear=2011&cDateMonth=05&cDateDay=13&
338,"폭스바겐코리아, 팔 차가 없다. 티록 F/L. 신형 골프 줄줄이 내년으로 출시 연기",http://www.autodaily.co.kr/news/articleView.html?idxno=430063
339,"폭스바겐, 7세대 신형 제타 고객 인도 개시",http://www.rpm9.com/news/article.html?id=20201126090001
340,"폭스바겐 '제타', 미국서 유지관리 비용 가장 낮은 모델 1위 선정",http://digitalchosun.dizzo.com/site/data/html_dir/2021/03/12/2021031280200.html
341,'2400만원대' 폭스바겐 제타 사전계약 시작,http://www.fnnews.com/news/202101161637476137
342,폭스바겐 2021년형 제타 사전계약 실시…2400만원부터,https://biz.sbs.co.kr/article_hub/20000000563?division=NAVER
343,"폭스바겐, 반친화 디젤차 판매 비중 67%..업계 최고수준 ‘왜?’",http://www.dailycar.co.kr/content/news.html?type=view&autoId=41514
344,"폭스바겐 제타, 美서 슬그머니 가격 인상",http://www.fnnews.com/view?ra=Sent0601m_01A&corp=fnnews&arcid=00000922308236&cDateYear=2011&cDateMonth=05&cDateDay=13&
345,"폭스바겐코리아, 팔 차가 없다. 티록 F/L. 신형 골프 줄줄이 내년으로 출시 연기",http://www.autodaily.co.kr/news/articleView.html?idxno=430063
346,"폭스바겐, 7세대 신형 제타 고객 인도 개시",http://www.rpm9.com/news/article.html?id=20201126090001
347,"폭스바겐 7세대 신형 제타 에디션 2650대, 고객 인도 개시",http://www.cstimes.com/news/articleView.html?idxno=440220
348,"넓어진 폭스바겐 신형 제타, 연비까지 갖췄네",http://www.fnnews.com/view?ra=Sent0601m_01A&corp=fnnews&arcid=00000922298671&cDateYear=2011&cDateMonth=05&cDateDay=02&
349,[오늘의 유통 PICK] 11번가‧티몬‧쿠팡‧폭스바겐코리아,http://www.lcnews.co.kr/news/articleView.html?idxno=26652
350,"폭스바겐, 반친화 디젤차 판매 비중 67%..업계 최고수준 ‘왜?’",http://www.dailycar.co.kr/content/news.html?type=view&autoId=41514
351,"폭스바겐 제타, 美서 슬그머니 가격 인상",http://www.fnnews.com/view?ra=Sent0601m_01A&corp=fnnews&arcid=00000922308236&cDateYear=2011&cDateMonth=05&cDateDay=13&
352,"폭스바겐코리아, 팔 차가 없다. 티록 F/L. 신형 골프 줄줄이 내년으로 출시 연기",http://www.autodaily.co.kr/news/articleView.html?idxno=430063
353,"폭스바겐 제타·아틀라스, 미국서 '유지비 가장 낮은 모델 1위' 선정",http://www.newspim.com/news/view/20210312000806
354,"폭스바겐, 7세대 신형 제타 고객 인도 개시",http://www.rpm9.com/news/article.html?id=20201126090001
355,폭스바겐 '2021년형 제타' 사전계약 시작… 반자율주행 기능 강화,http://biz.newdaily.co.kr/site/data/html/2021/01/15/2021011500122.html
356,"폭스바겐 7세대 신형 제타 에디션 2650대, 고객 인도 개시",http://www.cstimes.com/news/articleView.html?idxno=440220
357,"넓어진 폭스바겐 신형 제타, 연비까지 갖췄네",http://www.fnnews.com/view?ra=Sent0601m_01A&corp=fnnews&arcid=00000922298671&cDateYear=2011&cDateMonth=05&cDateDay=02&
358,[오늘의 유통 PICK] 11번가‧티몬‧쿠팡‧폭스바겐코리아,http://www.lcnews.co.kr/news/articleView.html?idxno=26652
359,"폭스바겐코리아, 겨울맞이 '차량 무상점검' 진행",http://www.mediapen.com/news/view/680186
360,"폭스바겐 7세대 신형 제타 에디션 2650대, 고객 인도 개시",http://www.cstimes.com/news/articleView.html?idxno=440220
361,"넓어진 폭스바겐 신형 제타, 연비까지 갖췄네",http://www.fnnews.com/view?ra=Sent0601m_01A&corp=fnnews&arcid=00000922298671&cDateYear=2011&cDateMonth=05&cDateDay=02&
362,[오늘의 유통 PICK] 11번가‧티몬‧쿠팡‧폭스바겐코리아,http://www.lcnews.co.kr/news/articleView.html?idxno=26652
363,"폭스바겐코리아, 겨울맞이 '차량 무상점검' 진행",http://www.mediapen.com/news/view/680186
364,"폭스바겐, 제타·투아렉 완판…'수입차 대중화' 질주",http://www.newstomato.com/ReadNews.aspx?no=1006878
365,"폭스바겐, '2000만원대' 제타 이어 내달 파사트GT 출시",https://www.hankyung.com/economy/article/2020113041217
366,"반도체로 중단된 신차 러시... 폭스바겐, 내년부터 다시 뛴다",https://www.ceoscoredaily.com/page/view/2021111713070454576
367,티구안·제타 돌풍에…폭스바겐 부활,http://news.mk.co.kr/newsRead.php?no=1205320&year=2020
368,"폭스바겐-쏘카, 제타 카셰어링 활성화 업무협약",http://yna.kr/PYH20210120033900013?did=1196m
369,"폭스바겐, 제타를 '아반떼' 가격에 내놓은 ‘진짜’ 이유는?",https://www.sedaily.com/NewsView/1Z9BIJU4YU
370,"폭스바겐, 7세대 신형 제타 고객 인도 개시…2650대 사전계약 완료",http://www.dizzotv.com/site/data/html_dir/2020/11/25/2020112580197.html
371,"넓어진 폭스바겐 신형 제타, 연비까지 갖췄네",http://www.fnnews.com/view?ra=Sent0601m_01A&corp=fnnews&arcid=00000922298671&cDateYear=2011&cDateMonth=05&cDateDay=02&
372,[오늘의 유통 PICK] 11번가‧티몬‧쿠팡‧폭스바겐코리아,http://www.lcnews.co.kr/news/articleView.html?idxno=26652
373,"폭스바겐코리아, 겨울맞이 '차량 무상점검' 진행",http://www.mediapen.com/news/view/680186
374,"폭스바겐, 제타·투아렉 완판…'수입차 대중화' 질주",http://www.newstomato.com/ReadNews.aspx?no=1006878
375,"폭스바겐, '2000만원대' 제타 이어 내달 파사트GT 출시",https://www.hankyung.com/economy/article/2020113041217
376,"반도체로 중단된 신차 러시... 폭스바겐, 내년부터 다시 뛴다",https://www.ceoscoredaily.com/page/view/2021111713070454576
377,티구안·제타 돌풍에…폭스바겐 부활,http://news.mk.co.kr/newsRead.php?no=1205320&year=2020
378,"폭스바겐-쏘카, 제타 카셰어링 활성화 업무협약",http://yna.kr/PYH20210120033900013?did=1196m
379,"폭스바겐, 제타를 '아반떼' 가격에 내놓은 ‘진짜’ 이유는?",https://www.sedaily.com/NewsView/1Z9BIJU4YU
380,"“수입차 대중화 박차”… 폭스바겐코리아, 2000만원대 ‘신형 제타’ 출고 개시",https://www.donga.com/news/article/all/20201125/104149268/2
381,"넓어진 폭스바겐 신형 제타, 연비까지 갖췄네",http://www.fnnews.com/view?ra=Sent0601m_01A&corp=fnnews&arcid=00000922298671&cDateYear=2011&cDateMonth=05&cDateDay=02&
382,[오늘의 유통 PICK] 11번가‧티몬‧쿠팡‧폭스바겐코리아,http://www.lcnews.co.kr/news/articleView.html?idxno=26652
383,"폭스바겐코리아, 겨울맞이 '차량 무상점검' 진행",http://www.mediapen.com/news/view/680186
384,"폭스바겐, 제타·투아렉 완판…'수입차 대중화' 질주",http://www.newstomato.com/ReadNews.aspx?no=1006878
385,"폭스바겐, '2000만원대' 제타 이어 내달 파사트GT 출시",https://www.hankyung.com/economy/article/2020113041217
386,"반도체로 중단된 신차 러시... 폭스바겐, 내년부터 다시 뛴다",https://www.ceoscoredaily.com/page/view/2021111713070454576
387,티구안·제타 돌풍에…폭스바겐 부활,http://news.mk.co.kr/newsRead.php?no=1205320&year=2020
388,"폭스바겐-쏘카, 제타 카셰어링 활성화 업무협약",http://yna.kr/PYH20210120033900013?did=1196m
389,"폭스바겐, 제타를 '아반떼' 가격에 내놓은 ‘진짜’ 이유는?",https://www.sedaily.com/NewsView/1Z9BIJU4YU
390,"폭스바겐코리아, '7세대 신형 제타' 2650대 사전계약 완판…친환경 엔진 탑재",http://www.koreastocknews.com/news/articleView.html?idxno=59206
391,"넓어진 폭스바겐 신형 제타, 연비까지 갖췄네",http://www.fnnews.com/view?ra=Sent0601m_01A&corp=fnnews&arcid=00000922298671&cDateYear=2011&cDateMonth=05&cDateDay=02&
392,[오늘의 유통 PICK] 11번가‧티몬‧쿠팡‧폭스바겐코리아,http://www.lcnews.co.kr/news/articleView.html?idxno=26652
393,"폭스바겐코리아, 겨울맞이 '차량 무상점검' 진행",http://www.mediapen.com/news/view/680186
394,"폭스바겐, 제타·투아렉 완판…'수입차 대중화' 질주",http://www.newstomato.com/ReadNews.aspx?no=1006878
395,"폭스바겐, '2000만원대' 제타 이어 내달 파사트GT 출시",https://www.hankyung.com/economy/article/2020113041217
396,"반도체로 중단된 신차 러시... 폭스바겐, 내년부터 다시 뛴다",https://www.ceoscoredaily.com/page/view/2021111713070454576
397,티구안·제타 돌풍에…폭스바겐 부활,http://news.mk.co.kr/newsRead.php?no=1205320&year=2020
398,"폭스바겐-쏘카, 제타 카셰어링 활성화 업무협약",http://yna.kr/PYH20210120033900013?did=1196m
399,"폭스바겐, 제타를 '아반떼' 가격에 내놓은 ‘진짜’ 이유는?",https://www.sedaily.com/NewsView/1Z9BIJU4YU
400,"폭스바겐코리아, 신형 제타 국내 고객 인도 개시",https://www.dailian.co.kr/news/view/940012/?sc=Naver
401,"반도체로 중단된 신차 러시... 폭스바겐, 내년부터 다시 뛴다",https://www.ceoscoredaily.com/page/view/2021111713070454576
402,티구안·제타 돌풍에…폭스바겐 부활,http://news.mk.co.kr/newsRead.php?no=1205320&year=2020
403,"폭스바겐-쏘카, 제타 카셰어링 활성화 업무협약",http://yna.kr/PYH20210120033900013?did=1196m
404,"폭스바겐, 제타를 '아반떼' 가격에 내놓은 ‘진짜’ 이유는?",https://www.sedaily.com/NewsView/1Z9BIJU4YU
405,폭스바겐 '제타' 21만대 리콜…연료 누출 결함,https://www.theguru.co.kr/news/article.html?no=15611
406,"'2400만원대 수입 세단'…폭스바겐, 2021년형 제타 사전계약 실시",http://www.etnews.com/20210115000118
407,'2000만원대 수입차' 폭스바겐 제타 흥행 질주,https://view.asiae.co.kr/article/2020102410482867660
408,준중형 세단 시장 '후끈'…아반떼 부활 이어 폭스바겐 제타 출격,http://www.todaykorea.co.kr/news/articleView.html?idxno=278335
409,[모델 히스토리] 동구권의 대중차에서 ‘유럽의 매력적인 존재’로… 스코다 옥타비아 히스토리,https://hankookilbo.com/News/Read/A2022021522300003709?did=NA
410,준중형 세단 시장 '후끈'…아반떼 부활 이어 폭스바겐 제타 출격,http://www.todaykorea.co.kr/news/articleView.html?idxno=278335
411,[모델 히스토리] 동구권의 대중차에서 ‘유럽의 매력적인 존재’로… 스코다 옥타비아 히스토리,https://hankookilbo.com/News/Read/A2022021522300003709?did=NA
412,폭스바겐 제타 '완판' 임박…초도물량 2600대,https://www.nocutnews.co.kr/news/5431462
413,"폭스바겐코리아, 7세대 신형 ‘제타’ 론칭 에디션 2650대 고객 인도 개시",https://www.dnews.co.kr/uhtml/view.jsp?idxno=202011251516076500677
414,"2000만원대 폭스바겐 뉴 제타, 발표하자마자 국산차 고객들도 관심↑",http://daily.hankooki.com/lpage/industry/202010/dh20201019093423147980.htm?s_ref=nv
415,"뛰어난 주행 폭스바겐 제타에 시선 쏠리네... 프리미엄 모델 2714만원, 프레스티지 모델은?",http://www.pinpointnews.co.kr/view.php?ud=202010170431531195861beb2d9d_45
416,폭스바겐 `제타` 2300만원부터…대중화 선언 `가격 공세`,http://www.kbsm.net/default/index_view_page.php?idx=290243&part_idx=320
417,"작심한 폭스바겐… 2,000만원대 제타 통해 수입차업계 최상위권 노린다",http://www.sisaweek.com/news/articleView.html?idxno=138355
418,"독일차 3사, 신차 세단 경쟁 후끈…폭스바겐 ‘제타’도 가세",https://www.dnews.co.kr/uhtml/view.jsp?idxno=202010151240598530024
419,"폭스바겐코리아, ""2,300만 원대 제타 곧 시판, 내년 7개 핵심 모델 라인업 확대""",http://www.osen.co.kr/article/G1111453019
420,"2천만원대 가격 낮춘 폭스바겐 '신형 제타', 국산차 아닌 CO2와 경쟁이 목적",http://www.autodaily.co.kr/news/articleView.html?idxno=422965
421,"독일차 3사, 신차 세단 경쟁 후끈…폭스바겐 ‘제타’도 가세",https://www.dnews.co.kr/uhtml/view.jsp?idxno=202010151240598530024
422,"폭스바겐코리아, ""2,300만 원대 제타 곧 시판, 내년 7개 핵심 모델 라인업 확대""",http://www.osen.co.kr/article/G1111453019
423,"폭스바겐 제타, 화재 발생 가능성으로 22만여대 리콜..‘주목’",http://www.dailycar.co.kr/content/news.html?type=view&autoId=37959
424,"""나오면 무조건 대박""…'가격반란' 폭스바겐 4개차종, 신형 골프도 출시 임박[왜몰랐을카]",http://news.mk.co.kr/newsRead.php?no=936136&year=2021
425,"폭스바겐, 제타가 돌아온다... 세단 라인업 강화",http://www.ceoscoredaily.com/news/article.html?no=73761
426,[車·車·車] 폭스바겐 7세대 신형 제타,https://www.seoul.co.kr/news/newsView.php?id=20201019019003&wlog_tag3=naver
427,"'디젤게이트' 위기 넘은 폭스바겐, 2천만원대 세단 '제타'로 승부수…연말 국내 수입차 시장 벤츠·BMW와 3파전 예고",http://mbnmoney.mbn.co.kr/news/view?news_no=MM1004143298
428,해외선 친환경 전기차 외치는 폭스바겐..한국시장에선 반친화 디젤차 판매 ‘올인!’,http://www.dailycar.co.kr/content/news.html?type=view&autoId=41455
429,"폭스바겐코리아, 2021년형 제타 공식 사전계약 실시",http://yna.kr/PYH20210115090300013?did=1196m
430,"폭스바겐, 신형 골프.제타.파사트GT 등 경쟁력있는 신차 출시에 속도 낸다",http://www.autodaily.co.kr/news/articleView.html?idxno=422924
431,"폭스바겐코리아, ""2,300만 원대 제타 곧 시판, 내년 7개 핵심 모델 라인업 확대""",http://www.osen.co.kr/article/G1111453019
432,"폭스바겐 제타, 화재 발생 가능성으로 22만여대 리콜..‘주목’",http://www.dailycar.co.kr/content/news.html?type=view&autoId=37959
433,"""나오면 무조건 대박""…'가격반란' 폭스바겐 4개차종, 신형 골프도 출시 임박[왜몰랐을카]",http://news.mk.co.kr/newsRead.php?no=936136&year=2021
434,"폭스바겐, 제타가 돌아온다... 세단 라인업 강화",http://www.ceoscoredaily.com/news/article.html?no=73761
435,가격 대폭 내려 '아반떼·K3' 위협하는 2000만원대 폭스바겐 신형 '제타',https://www.insight.co.kr/news/308120
436,[車·車·車] 폭스바겐 7세대 신형 제타,https://www.seoul.co.kr/news/newsView.php?id=20201019019003&wlog_tag3=naver
437,"'디젤게이트' 위기 넘은 폭스바겐, 2천만원대 세단 '제타'로 승부수…연말 국내 수입차 시장 벤츠·BMW와 3파전 예고",http://mbnmoney.mbn.co.kr/news/view?news_no=MM1004143298
438,해외선 친환경 전기차 외치는 폭스바겐..한국시장에선 반친화 디젤차 판매 ‘올인!’,http://www.dailycar.co.kr/content/news.html?type=view&autoId=41455
439,"폭스바겐코리아, 2021년형 제타 공식 사전계약 실시",http://yna.kr/PYH20210115090300013?did=1196m
440,"'제타 2330만원 파격' 폭스바겐, 2022년까지 총 7종 투입",https://www.ebn.co.kr/news/view/1454711/?sc=Naver
441,"폭스바겐코리아, ""2,300만 원대 제타 곧 시판, 내년 7개 핵심 모델 라인업 확대""",http://www.osen.co.kr/article/G1111453019
442,"폭스바겐 제타, 화재 발생 가능성으로 22만여대 리콜..‘주목’",http://www.dailycar.co.kr/content/news.html?type=view&autoId=37959
443,"""나오면 무조건 대박""…'가격반란' 폭스바겐 4개차종, 신형 골프도 출시 임박[왜몰랐을카]",http://news.mk.co.kr/newsRead.php?no=936136&year=2021
444,"폭스바겐, 제타가 돌아온다... 세단 라인업 강화",http://www.ceoscoredaily.com/news/article.html?no=73761
445,가격 대폭 내려 '아반떼·K3' 위협하는 2000만원대 폭스바겐 신형 '제타',https://www.insight.co.kr/news/308120
446,[車·車·車] 폭스바겐 7세대 신형 제타,https://www.seoul.co.kr/news/newsView.php?id=20201019019003&wlog_tag3=naver
447,"'디젤게이트' 위기 넘은 폭스바겐, 2천만원대 세단 '제타'로 승부수…연말 국내 수입차 시장 벤츠·BMW와 3파전 예고",http://mbnmoney.mbn.co.kr/news/view?news_no=MM1004143298
448,해외선 친환경 전기차 외치는 폭스바겐..한국시장에선 반친화 디젤차 판매 ‘올인!’,http://www.dailycar.co.kr/content/news.html?type=view&autoId=41455
449,"폭스바겐코리아, 2021년형 제타 공식 사전계약 실시",http://yna.kr/PYH20210115090300013?did=1196m
450,"폭스바겐 제타, 아반떼 가격에… 슈테판 사장 ""수입차 대중화 선도""",http://biz.newdaily.co.kr/site/data/html/2020/10/15/2020101500155.html
451,"폭스바겐 제타, 화재 발생 가능성으로 22만여대 리콜..‘주목’",http://www.dailycar.co.kr/content/news.html?type=view&autoId=37959
452,"""나오면 무조건 대박""…'가격반란' 폭스바겐 4개차종, 신형 골프도 출시 임박[왜몰랐을카]",http://news.mk.co.kr/newsRead.php?no=936136&year=2021
453,"폭스바겐, 제타가 돌아온다... 세단 라인업 강화",http://www.ceoscoredaily.com/news/article.html?no=73761
454,가격 대폭 내려 '아반떼·K3' 위협하는 2000만원대 폭스바겐 신형 '제타',https://www.insight.co.kr/news/308120
455,"폭스바겐, 더 저렴해진 ‘7세대 제타’ 공개",http://www.thedrive.co.kr/news/newsview.php?ncode=1065588655073881
456,[車·車·車] 폭스바겐 7세대 신형 제타,https://www.seoul.co.kr/news/newsView.php?id=20201019019003&wlog_tag3=naver
457,"'디젤게이트' 위기 넘은 폭스바겐, 2천만원대 세단 '제타'로 승부수…연말 국내 수입차 시장 벤츠·BMW와 3파전 예고",http://mbnmoney.mbn.co.kr/news/view?news_no=MM1004143298
458,해외선 친환경 전기차 외치는 폭스바겐..한국시장에선 반친화 디젤차 판매 ‘올인!’,http://www.dailycar.co.kr/content/news.html?type=view&autoId=41455
459,"폭스바겐코리아, 2021년형 제타 공식 사전계약 실시",http://yna.kr/PYH20210115090300013?did=1196m
460,"“2000만원대 수입 세단”…폭스바겐코리아, 신형 제타 출시",http://www.dt.co.kr/contents.html?article_no=2020101502109932064005&ref=naver
461,"폭스바겐 제타, 화재 발생 가능성으로 22만여대 리콜..‘주목’",http://www.dailycar.co.kr/content/news.html?type=view&autoId=37959
462,"""나오면 무조건 대박""…'가격반란' 폭스바겐 4개차종, 신형 골프도 출시 임박[왜몰랐을카]",http://news.mk.co.kr/newsRead.php?no=936136&year=2021
463,"폭스바겐, 제타가 돌아온다... 세단 라인업 강화",http://www.ceoscoredaily.com/news/article.html?no=73761
464,가격 대폭 내려 '아반떼·K3' 위협하는 2000만원대 폭스바겐 신형 '제타',https://www.insight.co.kr/news/308120
465,"폭스바겐, 더 저렴해진 ‘7세대 제타’ 공개",http://www.thedrive.co.kr/news/newsview.php?ncode=1065588655073881
466,[車·車·車] 폭스바겐 7세대 신형 제타,https://www.seoul.co.kr/news/newsView.php?id=20201019019003&wlog_tag3=naver
467,"'디젤게이트' 위기 넘은 폭스바겐, 2천만원대 세단 '제타'로 승부수…연말 국내 수입차 시장 벤츠·BMW와 3파전 예고",http://mbnmoney.mbn.co.kr/news/view?news_no=MM1004143298
468,해외선 친환경 전기차 외치는 폭스바겐..한국시장에선 반친화 디젤차 판매 ‘올인!’,http://www.dailycar.co.kr/content/news.html?type=view&autoId=41455
469,"폭스바겐코리아, 2021년형 제타 공식 사전계약 실시",http://yna.kr/PYH20210115090300013?did=1196m
470,"폭스바겐, 제타가 돌아온다... 세단 라인업 강화",http://www.ceoscoredaily.com/news/article.html?no=73761
471,가격 대폭 내려 '아반떼·K3' 위협하는 2000만원대 폭스바겐 신형 '제타',https://www.insight.co.kr/news/308120
472,"폭스바겐, 더 저렴해진 ‘7세대 제타’ 공개",http://www.thedrive.co.kr/news/newsview.php?ncode=1065588655073881
473,[車·車·車] 폭스바겐 7세대 신형 제타,https://www.seoul.co.kr/news/newsView.php?id=20201019019003&wlog_tag3=naver
474,"'디젤게이트' 위기 넘은 폭스바겐, 2천만원대 세단 '제타'로 승부수…연말 국내 수입차 시장 벤츠·BMW와 3파전 예고",http://mbnmoney.mbn.co.kr/news/view?news_no=MM1004143298
475,"슈테판 크랍 폭스바겐 사장 ""2000만원대 제타, 수입차 대중화""",http://www.fnnews.com/news/202010151157392576
476,해외선 친환경 전기차 외치는 폭스바겐..한국시장에선 반친화 디젤차 판매 ‘올인!’,http://www.dailycar.co.kr/content/news.html?type=view&autoId=41455
477,"폭스바겐코리아, 2021년형 제타 공식 사전계약 실시",http://yna.kr/PYH20210115090300013?did=1196m
478,[포토] 폭스바겐 신형 제타 쏘카 카셰어링 투입,http://news.mk.co.kr/newsRead.php?no=65555&year=2021
479,"폭스바겐, 완판 프로젝트는 계속된다 '제타-티구안-올스페이스'",http://www.gpkorea.com/news/articleView.html?idxno=68380
480,[포토] 폭스바겐 신형 제타 쏘카 카셰어링 투입,http://news.mk.co.kr/newsRead.php?no=65555&year=2021
481,"폭스바겐, 완판 프로젝트는 계속된다 '제타-티구안-올스페이스'",http://www.gpkorea.com/news/articleView.html?idxno=68380
482,"[하이빔]폭스바겐 제타, 강남 아반떼 꿈꾸나",http://autotimes.hankyung.com/apps/news.sub_view?popup=0&nid=01&c1=01&c2=01&c3=00&nkey=202010222002311
483,"폭스바겐, 내년 신형 '골프 제타 티록' 등 7개 모델 쏟아낸다...""수입차 강자 재도약""",http://www.gpkorea.com/news/articleView.html?idxno=68073
484,아반떼-BMW3-제타 등 49만대 리콜 실시,https://www.paxnetnews.com/articles/57017
485,"""테슬라, 그동안 애썼다""…'한국은 처음' 폭스바겐 SUV 전기차 ID.4, 보조금 100% 유력",http://news.mk.co.kr/newsRead.php?no=980685&year=2021
486,"타이어업계, 교체점검도 인력채용도 찾아가는 서비스",http://www.ezyeconomy.com/news/articleView.html?idxno=115977
487,"폭스바겐, 7세대 신형 제타 인도 개시",http://yna.kr/PYH20201125036000013?did=1196m
488,[포토]수입차 대중화 이끌 폭스바겐 제타,http://autotimes.hankyung.com/apps/news.sub_view?popup=0&nid=02&c1=02&c2=02&c3=00&nkey=202010152310201
489,"폭스바겐, 하반기 골프·아테온으로 `톱3` 바짝 추격",http://www.dt.co.kr/contents.html?article_no=2021092902101632031001&ref=naver
490,"폭스바겐, 2천만원대 신형 제타 출시",http://yna.kr/PYH20201015176200003?did=1196m
491,"폭스바겐, 하반기 골프·아테온으로 `톱3` 바짝 추격",http://www.dt.co.kr/contents.html?article_no=2021092902101632031001&ref=naver
492,"폭스바겐, 수입차 톱3 도전…'티록·제타' 하반기 출격",http://www.etnews.com/20200519000313
493,폭스바겐 신형 제타 하반기 국내 출시 초읽기...티록도 준비 중,http://www.autodaily.co.kr/news/articleView.html?idxno=419144
494,"""결국 일냈다""…'3000만원대' 다재다능 수입차, 벤츠 BMW 폭스바겐 잡고 '픽업신화'",http://news.mk.co.kr/newsRead.php?no=948517&year=2021
495,"""널린 게 벤츠·BMW·포르쉐""라더니…'1억' 넘어야 수입차 대접받겠네 [세상만車]",https://premium.mk.co.kr/view.php?no=31425
496,폭스바겐 3000만원대 SUV ‘티구안’…“기본과 안정에 충실하게”,https://www.donga.com/news/article/all/20210915/109271187/1
497,[시승기] 효율성과 경쾌함으로 이목을 끄는 컴팩트 SUV…폭스바겐 티록,https://hankookilbo.com/News/Read/A2021072607170005061?did=NA
498,디젤로 추락한 폭스바겐…'가격파괴' 디젤로 재기 노려,http://isplus.live.joins.com/news/article/article.asp?total_id=24113608
499,"티구안마저, '가격파괴' 4개차종…'디젤 옹고집' 폭스바겐, 속내 들여다보니",https://premium.mk.co.kr/view.php?no=30556
