,title,url
0,"[리뷰] 더욱 알차게 돌아온 폭스바겐의 컴팩트 해치백, 2022년형 폴로",https://hankookilbo.com/News/Read/A2021101508190000582?did=NA
1,"폭스바겐, 더욱 알찬 구성을 품은 ‘2022 폴로’ 공개",https://hankookilbo.com/News/Read/A2021092808120000963?did=NA
2,"현대차 i20 N, ‘폴로 GTI’ 비교 평가서 3연승…독일 3대 자동차 전문지 평가서 전승",http://thepublic.kr/news/newsview.php?ncode=1065599937498041
3,獨 '현대차 i20 N vs 폭스바겐 폴로 GTI' 비교 평가…“현대차 압승”,http://news.mk.co.kr/newsRead.php?no=294229&year=2022
4,"라코스테, 테크니컬 소재의 새로운 폴로 셔츠 ‘무브먼트 폴로’ 출시",https://www.sporbiz.co.kr/article/20210811570103
5,"네파, ‘썸머폴로 아미고 폴로티셔츠 시리즈’ 출시",http://okfashion.co.kr/detail.php?number=56497&thread=81r06r01
6,"네파, 쿨한 여름 스타일링 위한 '썸머폴로 아미고 폴로티셔츠 시리즈' 출시",http://www.sisamagazine.co.kr/news/articleView.html?idxno=360911
7,"폭스바겐, 폴로 GTI 스케치 공개..날카롭고 역동적인 감각",http://www.dailycar.co.kr/content/news.html?type=view&autoId=39603
8,"폭스바겐, 상품성 다듬은 2021년형 ‘폴로’ 공개..특징은?",http://www.dailycar.co.kr/content/news.html?type=view&autoId=39439
9,남아공서 최악 난폭운전 차는 폭스바겐 폴로…치사율 16.7%,http://yna.kr/AKR20220128198800099?did=1195m
10,"[포토] 폴로 에디션 소개하는 유태오 ""그래 이 향이야""",http://www.newdaily.co.kr/site/data/html/2021/06/09/2021060900096.html
11,"라코스테, 必 환경 시대 '루프 폴로' 선봬",http://www.ktnews.com/news/articleView.html?idxno=118975
12,"라코스테, 폐의류 리사이클 한 폴로 셔츠 '루프 폴로' 출시",https://www.insight.co.kr/news/333319
13,부분변경 폭스바겐 폴로..골프 유전자 이어 받아 아우디 A1 대체!,http://www.dailycar.co.kr/content/news.html?type=view&autoId=38645
14,"폭스바겐, 폴로 스파이샷 포착..과연 달라진 점은?",http://www.dailycar.co.kr/content/news.html?type=view&autoId=38562
15,"포토-네파, 냉감 폴로티셔츠 썸머폴로 시리즈",http://okfashion.co.kr/detail.php?number=54553&thread=81r06r01
16,네파-불쾌지수를 낮춰줄 새 유형의 냉감 폴로티셔츠 선보여 [스마트 라이프],http://news.khan.co.kr/kh_news/khan_art_view.html?artid=202005221008005&code=920401
17,"'슬기로운 여름 생활'…네파, 불쾌지수 낮출 '썸머폴로'출시",https://www.news1.kr/articles/?3938573
18,"[오늘의 유통 단신] 네파, 썸머폴로 시리즈 출시 外",http://www.inews24.com/view/1265875
19,"네파, 슬기로운 여름 생활 위한 썸머폴로 시리즈 출시",http://www.tourtimes.net/195652
20,"폭스바겐, 고성능 R라인업 확장에도 '폴로 R'은 단종",http://autotimes.hankyung.com/apps/news.sub_view?popup=0&nid=03&c1=03&c2=03&c3=00&nkey=202003221343221
21,"폭스바겐, 폴로 GTI 유럽 판매 돌입..골프만큼 커진 핫해치!",http://www.dailycar.co.kr/content/news.html?type=view&autoId=40842
22,"폴크스바겐, '폴로' 리콜…뒷좌석 안전벨트 결함",http://app.yonhapnews.co.kr/YNA/Basic/SNS/r.aspx?c=AKR20180512001300082&did=1195m
23,"라코스테, '파리 폴로' 출시기념 크리에이티브 디렉터 3인과 캠페인 전개",http://www.moneyweek.co.kr/news/mwView.php?type=1&no=2018041111508031288&outlink=1
24,"폭스바겐 폴로 GTI, 스포티한 얼굴 공개",http://www.thedrive.co.kr/news/newsview.php?ncode=1065594145045414
25,폭스바겐 뉴 폴로 - 새로운 시대를 위한 새로운 폴로,http://autoin.edaily.co.kr/news/newspath.asp?newsid=01390726616061432
26,"금호타이어, 폭스바겐 신형 폴로에 친환경타이어 공급",http://www.mediapen.com/news/view/300038
27,폭스바겐 폴로 GTI 리뷰 - 200마력을 내는 폴로 GTI의 등장,http://autoin.edaily.co.kr/news/newspath.asp?newsid=01623606615992224
28,"폭스바겐, 200마력의 2018 폭스바겐 폴로 GTI 공개",http://autoin.edaily.co.kr/news/newspath.asp?newsid=01410406615964672
29,"폭스바겐, 몸집 확늘린 6세대 `폴로` 공개",http://www.gpkorea.com/bbs/board.php?bo_table=gp_motorsports&wr_id=17822
30,[류청희의 車문화 여행⑤] 애증과 함께 아우토반을 달린 '폭스바겐 폴로',http://xtorque.xportsnews.com/?ac=article_view&entry_id=777843
31,[포토] 깔끔한 디자인이 돋보이는 폭스바겐 6세대 폴로 GTI,http://autoin.edaily.co.kr/news/newspath.asp?newsid=01295606615965000
32,"폭스바겐 '신형 폴로' 스파이샷 포착, 골프 수준의 변화 기대해도 될까?",http://www.kbench.com/?q=node/166363
33,의자와 차 - 폭스바겐 폴로,http://www.gqkorea.co.kr/?p=56445&_C_=18
34,"[시승]당돌한 막내, 폭스바겐 폴로 프리미엄 R-라인",http://autotimes.hankyung.com/apps/news.sub_view?popup=0&nid=08&c1=08&c2=08&c3=00&nkey=201603281510511
35,"[수입차, 봄의 질주] 폭스바겐, 폴로 프리미엄-신형 파사트 쌍끌이 전략",http://news.heraldcorp.com/view.php?ud=20160328000826
36,"폭스바겐 '폴로 프리미엄', 외관은 컴팩트 성능은 임팩트",http://view.asiae.co.kr/news/view.htm?idxno=2016032313212354810
37,"[2016년 신차] 폭스바겐, 작지만 강력한 콤팩트 해치백 ‘폴로 프리미엄’",http://www.etoday.co.kr/news/section/newsview.php?idxno=1302349
38,"[트렌드] 폭스바겐, 작지만 강한 '폴로 프리미엄' 출시",http://www.viva100.com/main/view.php?key=20160225010007147
39,[포토]폭스바겐코리아 폴로 프리미엄의 클리마트로닉 자동에어컨,http://www.edaily.co.kr/news/newspath.asp?newsid=01413686612555440
40,"폭스바겐코리아, 폴로 프리미엄 출시",http://news.kukinews.com/article/view.asp?arcid=0010392709&code=41141411&cp=nv
41,"폭스바겐코리아, 폴로 프리미엄 출시!",http://www.kbench.com/?q=node/160351
42,"[뒷북시승기] 폭스바겐 폴로 1.4 TDI R-라인, 연비 없인 못 사는 소형차",http://www.kbench.com/?q=node/158605
43,폴크스바겐 신형 ‘폴로’ 렌더링 “스포츠 쿠페 GTE 닮았나?”,http://car.donga.com/3/all/20151214/75356481/1
44,"람보르기니, 2022 레트로모빌 파리 쿤타치 LP500-미우라 P400 SV 전시",http://www.sportsseoul.com/news/read/1109327?ref=naver
45,"폭스바겐, 폴로 40주년 모델 공개, 한정판으로 1천 대만 판다",http://www.kbench.com/?q=node/153851
46,[시승기] 물음표에서 시작해 느낌표로 끝나는 폭스바겐 폴로,http://www.ajunews.com/view/20150730134706035
47,"[주차장] 4월 1주, 국산 전기차 해외 경쟁력 입증…현대차 외 6가지 자동차",http://www.shinailbo.co.kr/news/articleView.html?idxno=1534360
48,[시승기+] 그여자 그남자 '폴로' 타본 반응은…,http://www.hankyung.com/news/app/newsview.php?aid=201506262782g
49,"[2015 상반기 히트상품] 폭스바겐코리아 ‘신형 폴로’, 잘생긴 외모에 착한 연비… 국내 해치백 붐 이끌어",http://www.etoday.co.kr/news/section/newsview.php?idxno=1148116
50,[폭스바겐 '폴로' 시승기] 덩치 작지만 고속 주행서 흐트러짐 없이 가속,http://news20.busan.com/controller/newsController.jsp?newsId=20150608000032
51,"폭스바겐, 역동적 ‘신형 폴로’ 주목",http://www.munhwa.com/news/view.html?no=2015060301032221159001
52,"폭스바겐 '신형 폴로', 2030 여성 운전자에 인기",http://www.hankyung.com/news/app/newsview.php?aid=201506011258g
53,[시승기] '형만한 아우 있다' 폭스바겐 소형 해치백 '폴로',http://www.khan.co.kr/kh_news/art_view.html?artid=201506010030081&code=920508
54,"지난해 완판 '폴로', '골프' 뛰어넘을까",http://www.naeil.com/news_view/?id_art=152109
55,"폭스바겐 신형 폴로, 골프 못지않은 인기",http://www.fnnews.com/news/201505271814066370
56,"폭스바겐, 폴로 앞세워 ‘2030 수입차 시장’ 이끈다",http://www.asiatoday.co.kr/view.php?key=20150525010013818
57,소형 수입차 고민하고 있다면... 주저없이 '폴로',http://www.ohmynews.com/NWS_Web/View/at_pg.aspx?CNTN_CD=A0002111215
58,"폭스바겐, '2015 올리브 푸드 페스티벌'서 '폴로'로 다양한 이벤트",http://www.osen.co.kr/article/G1110157606
59,먹으면서 빼는 신개념 다이어트? 폴로다이어트,http://www.edaily.co.kr/news/newspath.asp?newsid=01872886609371216
60,"여름을 위한 간편한 다이어트, 폴로다이어트 주목",http://www.etoday.co.kr/news/section/newsview.php?idxno=1128225
61,폭스바겐 폴로의 도시,http://www.gqkorea.co.kr/content/view_02.asp?menu_id=04050100&c_idx=012305020000101&_C_=18
62,"2600만원짜리 폭스바겐 폴로, 수입 소형차 새역사 쓰다",http://www.mt.co.kr/view/mtview.php?type=1&no=2015051912061588791&outlink=1
63,레이싱 해치백 폴로R vs 레이싱 트럭의 랠리 대결? 사실은...,http://www.kbench.com/?q=node/166787
64,[자동차 특집] '폭스바겐 코리아' '작지만 알찬 차' 신형 폴로… 2천만 원대 소형 수입차 시장 왕좌 노린다,http://news20.busan.com/controller/newsController.jsp?newsId=20150513000017
65,[시승기] 폭스바겐 The New 폴로,http://www.imaeil.com/sub_news/sub_news_view.php?news_id=26300&yy=2015
66,"<시승기>도심을 이리저리 누비는 날쌘돌이, 폭스바겐 폴로",http://biz.heraldcorp.com/view.php?ud=20150511000953
67,‘형만한 아우가 돌아왔다’… 폭스바겐 신형 폴로,http://view.asiae.co.kr/news/view.htm?idxno=2015050114430116616
68,"라코스테, 한국 론칭 30주년 기념 ‘폴로 보야지 인 서울’ 이벤트 진행",http://www.g-enews.com/ko-kr/news/article/news_all/201504271255294038427_1/article.html
69,"폭스바겐, 테이스티 로드 위드 더 뉴 폴로 캠페인 전개",http://news.mk.co.kr/news_forward.php?domain=news&no=392343&year=2015
70,"폴크스바겐, 신형 폴로 내놓고 국내 해치백시장 공략",http://www.businesspost.co.kr/news/articleView.html?idxno=11864
71,"폭스바겐, 2천만원대 폴로로 '2030' 공략",http://www.edaily.co.kr/news/newspath.asp?newsid=01121766609338088
72,"폭스바겐 '신형 폴로', 강력한 1.4 TDI 엔진… 첨단 안전기술 적용",https://news.naver.com/main/read.naver?mode=LSD&mid=sec&sid1=101&oid=011&aid=0002669794
73,"[2015 서울모터쇼] 폭스바겐코리아, 상품성 대폭 강화한 '신형 폴로' 출시",http://kr.aving.net/news/view.php?articleId=1246134&Branch_ID=kr&rssid=naver&mn_name=news
74,[2015 서울모터쇼] 폭스바겐 '폴폴 뛰는' 더뉴 폴로 출시,http://www.osen.co.kr/article/G1110117349
75,[서울모터쇼 2015] 비싸고 안팔린다는 편견을 깼다...폴크스바겐 ‘폴로’,http://biz.chosun.com/site/data/html_dir/2015/04/03/2015040301776.html
76,"폭스바겐코리아, 신형 폴로 출시",http://www.kbench.com/?q=node/148459
77,"람보르기니, 2022 레트로모빌 파리에 쿤타치 LP500·미우라 P400 SV 전시",http://www.rpm9.com/news/article.html?id=20220327090004
78,폭스바겐 서울모터쇼서 '동급 최고 사양 안전장비' 신형 폴로 공개,http://sports.chosun.com/news/ntype.htm?id=201503230100273340017957&servicedate=20150322
79,"폭스바겐 신형 폴로, 동급 최고수준 안전장비 장착",http://www.edaily.co.kr/news/newspath.asp?newsid=01594086609305616
80,"[서울 모터쇼] 신형 폴로, 안전장비 및 편의사양 대거 탑재한다",http://www.osen.co.kr/article/G1110104885
81,"폭스바겐코리아, ""국내시장 복병은 폴로""",http://autotimes.hankyung.com/apps/news.sub_view?popup=0&nid=03&c1=03&c2=03&c3=00&nkey=201503190947591
82,"폭스바겐 신형 ‘폴로’, 서울 모터쇼서 국내 출시한다",http://sports.khan.co.kr/news/sk_index.html?cat=view&art_id=201503181731303&sec_id=561901&pt=nv
83,"폭스바겐이 국내 출시할 신형 폴로 1.4 TDI 블루모션, 연비는 '17.4 km/l'",http://www.kbench.com/?q=node/147755
84,"폴크스바겐의 막내 신형 폴로, 서울 모터쇼 출격",http://biz.heraldcorp.com/view.php?ud=20150317000160
85,[스포츠서울 Car&라이프] 단신=폭스바겐 폴로 신형 발매외,http://www.sportsseoul.com/?c=v&m=n&i=186631
86,"폭스바겐 폴로, 서울모터쇼 출격…효율은 17.4㎞/ℓ",http://autotimes.hankyung.com/apps/news.sub_view?popup=0&nid=03&c1=03&c2=03&c3=00&nkey=201503161004201
87,"폭스바겐, 2015년형 `폴로 R WRC` 랠리카 공개",http://www.gpkorea.com/bbs/board.php?bo_table=today_photo&wr_id=1671
88,"폭스바겐, 영국서 '폴로 1.0 TSI 블루모션' 출시, 연비는 '24.4 km/l'",http://www.kbench.com/?q=node/144503
89,"폭스바겐코리아, 폴로 신형으로 소형차시장 장악한다",http://autotimes.hankyung.com/apps/news.sub_view?popup=0&nid=03&c1=03&c2=03&c3=00&nkey=201411101711451
90,"폭스바겐코리아, '폴로R라인' 핸들오작동 결함 알고도 판매",http://news1.kr/articles/?1893501
91,차고 넘치는 폭스바겐 폴로,http://www.gqkorea.co.kr/?p=46422&_C_=18
92,[라이벌 명차] 폭스바겐 폴로 vs 푸조 208,http://www.it.co.kr/news/mediaitNewsView.php?nSeq=2675221
93,"람보르기니, 2022 레트로모빌 파리서 '쿤타치 LP500'·'미우라 P400 SV' 전시",http://kr.aving.net/news/view.php?articleId=1693913&Branch_ID=kr&rssid=naver&mn_name=news
94,[포토] 붉은색 스티치가 더해진 폭스바겐 폴로 GTI의 스티어링휠,http://autoin.edaily.co.kr/news/newspath.asp?newsid=01302166615965000
95,폭스바겐 2014 WRC 개막전 우승차 '폴로 R WRC 랠리카',http://www.mt.co.kr/view/mtview.php?type=1&no=2014052916060727327&outlink=1
96,"폴크스바겐 폴로, 값싸고 연비 좋은 수입 車…토러스 2.0 sel '추격'",http://tvdaily.co.kr/read.php3?aid=1400114606697809016
97,"[모터쇼]폭스바겐, 소형 CUV 크로스폴로 공개",http://autotimes.hankyung.com/apps/news.sub_view?popup=0&nid=04&c1=04&c2=04&c3=00&nkey=201403141730451
98,"폴크스바겐, 연비 24.2km/l 신형 폴로 TSI 블루모션 공개",http://car.donga.com/3/all/20140226/61214286/3
99,WRC 2014시즌 개막전 폴로 R WRC <몬테 카를로 랠리> 우승,http://www.tvreport.co.kr/?c=news&m=newsview&idx=452947
100,"현대차 'i20N', 獨 3대 車전문지 비교평가 호평",http://www.edaily.co.kr/news/newspath.asp?newsid=02161526632291856
101,의자와 차 - 폭스바겐 폴로,http://www.gqkorea.co.kr/?p=56445&_C_=18
102,"[시승]당돌한 막내, 폭스바겐 폴로 프리미엄 R-라인",http://autotimes.hankyung.com/apps/news.sub_view?popup=0&nid=08&c1=08&c2=08&c3=00&nkey=201603281510511
103,"[수입차, 봄의 질주] 폭스바겐, 폴로 프리미엄-신형 파사트 쌍끌이 전략",http://news.heraldcorp.com/view.php?ud=20160328000826
104,"폭스바겐 '폴로 프리미엄', 외관은 컴팩트 성능은 임팩트",http://view.asiae.co.kr/news/view.htm?idxno=2016032313212354810
105,"[2016년 신차] 폭스바겐, 작지만 강력한 콤팩트 해치백 ‘폴로 프리미엄’",http://www.etoday.co.kr/news/section/newsview.php?idxno=1302349
106,"[트렌드] 폭스바겐, 작지만 강한 '폴로 프리미엄' 출시",http://www.viva100.com/main/view.php?key=20160225010007147
107,[포토]폭스바겐코리아 폴로 프리미엄의 클리마트로닉 자동에어컨,http://www.edaily.co.kr/news/newspath.asp?newsid=01413686612555440
108,"폭스바겐코리아, 폴로 프리미엄 출시",http://news.kukinews.com/article/view.asp?arcid=0010392709&code=41141411&cp=nv
109,"폭스바겐코리아, 폴로 프리미엄 출시!",http://www.kbench.com/?q=node/160351
110,"[시승]당돌한 막내, 폭스바겐 폴로 프리미엄 R-라인",http://autotimes.hankyung.com/apps/news.sub_view?popup=0&nid=08&c1=08&c2=08&c3=00&nkey=201603281510511
111,"[수입차, 봄의 질주] 폭스바겐, 폴로 프리미엄-신형 파사트 쌍끌이 전략",http://news.heraldcorp.com/view.php?ud=20160328000826
112,"폭스바겐 '폴로 프리미엄', 외관은 컴팩트 성능은 임팩트",http://view.asiae.co.kr/news/view.htm?idxno=2016032313212354810
113,"[2016년 신차] 폭스바겐, 작지만 강력한 콤팩트 해치백 ‘폴로 프리미엄’",http://www.etoday.co.kr/news/section/newsview.php?idxno=1302349
114,"[트렌드] 폭스바겐, 작지만 강한 '폴로 프리미엄' 출시",http://www.viva100.com/main/view.php?key=20160225010007147
115,[포토]폭스바겐코리아 폴로 프리미엄의 클리마트로닉 자동에어컨,http://www.edaily.co.kr/news/newspath.asp?newsid=01413686612555440
116,"폭스바겐코리아, 폴로 프리미엄 출시",http://news.kukinews.com/article/view.asp?arcid=0010392709&code=41141411&cp=nv
117,"폭스바겐코리아, 폴로 프리미엄 출시!",http://www.kbench.com/?q=node/160351
118,"[뒷북시승기] 폭스바겐 폴로 1.4 TDI R-라인, 연비 없인 못 사는 소형차",http://www.kbench.com/?q=node/158605
119,폴크스바겐 신형 ‘폴로’ 렌더링 “스포츠 쿠페 GTE 닮았나?”,http://car.donga.com/3/all/20151214/75356481/1
120,[포토]폭스바겐코리아 폴로 프리미엄의 'Syenite' 10-스포크 16인치 알로이 휠,http://www.edaily.co.kr/news/newspath.asp?newsid=01416966612555440
121,"폭스바겐코리아, 폴로 프리미엄 출시",http://news.kukinews.com/article/view.asp?arcid=0010392709&code=41141411&cp=nv
122,"폭스바겐코리아, 폴로 프리미엄 출시!",http://www.kbench.com/?q=node/160351
123,"[뒷북시승기] 폭스바겐 폴로 1.4 TDI R-라인, 연비 없인 못 사는 소형차",http://www.kbench.com/?q=node/158605
124,폴크스바겐 신형 ‘폴로’ 렌더링 “스포츠 쿠페 GTE 닮았나?”,http://car.donga.com/3/all/20151214/75356481/2
125,"람보르기니, 2022 레트로모빌 파리 쿤타치 LP500-미우라 P400 SV 전시",http://www.sportsseoul.com/news/read/1109327?ref=naver
126,"폭스바겐, 폴로 40주년 모델 공개, 한정판으로 1천 대만 판다",http://www.kbench.com/?q=node/153851
127,[시승기] 물음표에서 시작해 느낌표로 끝나는 폭스바겐 폴로,http://www.ajunews.com/view/20150730134706035
128,"[주차장] 4월 1주, 국산 전기차 해외 경쟁력 입증…현대차 외 6가지 자동차",http://www.shinailbo.co.kr/news/articleView.html?idxno=1534360
129,[시승기+] 그여자 그남자 '폴로' 타본 반응은…,http://www.hankyung.com/news/app/newsview.php?aid=201506262782g
130,"폭스바겐, 폴로 프리미엄 출시…LED 헤드램프 적용",http://www.seoulfn.com/news/articleView.html?idxno=246572
131,"[뒷북시승기] 폭스바겐 폴로 1.4 TDI R-라인, 연비 없인 못 사는 소형차",http://www.kbench.com/?q=node/158605
132,폴크스바겐 신형 ‘폴로’ 렌더링 “스포츠 쿠페 GTE 닮았나?”,http://car.donga.com/3/all/20151214/75356481/1
133,"람보르기니, 2022 레트로모빌 파리 쿤타치 LP500-미우라 P400 SV 전시",http://www.sportsseoul.com/news/read/1109327?ref=naver
134,"폭스바겐, 폴로 40주년 모델 공개, 한정판으로 1천 대만 판다",http://www.kbench.com/?q=node/153851
135,[시승기] 물음표에서 시작해 느낌표로 끝나는 폭스바겐 폴로,http://www.ajunews.com/view/20150730134706035
136,"[주차장] 4월 1주, 국산 전기차 해외 경쟁력 입증…현대차 외 6가지 자동차",http://www.shinailbo.co.kr/news/articleView.html?idxno=1534360
137,[시승기+] 그여자 그남자 '폴로' 타본 반응은…,http://www.hankyung.com/news/app/newsview.php?aid=201506262782g
138,"[2015 상반기 히트상품] 폭스바겐코리아 ‘신형 폴로’, 잘생긴 외모에 착한 연비… 국내 해치백 붐 이끌어",http://www.etoday.co.kr/news/section/newsview.php?idxno=1148116
139,[폭스바겐 '폴로' 시승기] 덩치 작지만 고속 주행서 흐트러짐 없이 가속,http://news20.busan.com/controller/newsController.jsp?newsId=20150608000032
140,"폭스바겐, 폴로 프리미엄 국내 출시…표준연비 17.4km/ℓ·판매가격 2870만원",http://www.nspna.com/news/?mode=view&newsid=161324
141,"[뒷북시승기] 폭스바겐 폴로 1.4 TDI R-라인, 연비 없인 못 사는 소형차",http://www.kbench.com/?q=node/158605
142,폴크스바겐 신형 ‘폴로’ 렌더링 “스포츠 쿠페 GTE 닮았나?”,http://car.donga.com/3/all/20151214/75356481/1
143,"람보르기니, 2022 레트로모빌 파리 쿤타치 LP500-미우라 P400 SV 전시",http://www.sportsseoul.com/news/read/1109327?ref=naver
144,"폭스바겐, 폴로 40주년 모델 공개, 한정판으로 1천 대만 판다",http://www.kbench.com/?q=node/153851
145,[시승기] 물음표에서 시작해 느낌표로 끝나는 폭스바겐 폴로,http://www.ajunews.com/view/20150730134706035
146,"[주차장] 4월 1주, 국산 전기차 해외 경쟁력 입증…현대차 외 6가지 자동차",http://www.shinailbo.co.kr/news/articleView.html?idxno=1534360
147,[시승기+] 그여자 그남자 '폴로' 타본 반응은…,http://www.hankyung.com/news/app/newsview.php?aid=201506262782g
148,"[2015 상반기 히트상품] 폭스바겐코리아 ‘신형 폴로’, 잘생긴 외모에 착한 연비… 국내 해치백 붐 이끌어",http://www.etoday.co.kr/news/section/newsview.php?idxno=1148116
149,[폭스바겐 '폴로' 시승기] 덩치 작지만 고속 주행서 흐트러짐 없이 가속,http://news20.busan.com/controller/newsController.jsp?newsId=20150608000032
150,"[주차장] 4월 1주, 국산 전기차 해외 경쟁력 입증…현대차 외 6가지 자동차",http://www.shinailbo.co.kr/news/articleView.html?idxno=1534360
151,[시승기+] 그여자 그남자 '폴로' 타본 반응은…,http://www.hankyung.com/news/app/newsview.php?aid=201506262782g
152,"[2015 상반기 히트상품] 폭스바겐코리아 ‘신형 폴로’, 잘생긴 외모에 착한 연비… 국내 해치백 붐 이끌어",http://www.etoday.co.kr/news/section/newsview.php?idxno=1148116
153,[폭스바겐 '폴로' 시승기] 덩치 작지만 고속 주행서 흐트러짐 없이 가속,http://news20.busan.com/controller/newsController.jsp?newsId=20150608000032
154,"폭스바겐, 역동적 ‘신형 폴로’ 주목",http://www.munhwa.com/news/view.html?no=2015060301032221159001
155,"폭스바겐 '신형 폴로', 2030 여성 운전자에 인기",http://www.hankyung.com/news/app/newsview.php?aid=201506011258g
156,[시승기] '형만한 아우 있다' 폭스바겐 소형 해치백 '폴로',http://www.khan.co.kr/kh_news/art_view.html?artid=201506010030081&code=920508
157,"지난해 완판 '폴로', '골프' 뛰어넘을까",http://www.naeil.com/news_view/?id_art=152109
158,"폭스바겐 신형 폴로, 골프 못지않은 인기",http://www.fnnews.com/news/201505271814066370
159,"폭스바겐, 폴로 앞세워 ‘2030 수입차 시장’ 이끈다",http://www.asiatoday.co.kr/view.php?key=20150525010013818
160,"폭스바겐, 폴로 앞세워 ‘2030 수입차 시장’ 이끈다",http://www.asiatoday.co.kr/view.php?key=20150525010013818
161,소형 수입차 고민하고 있다면... 주저없이 '폴로',http://www.ohmynews.com/NWS_Web/View/at_pg.aspx?CNTN_CD=A0002111215
162,"폭스바겐, '2015 올리브 푸드 페스티벌'서 '폴로'로 다양한 이벤트",http://www.osen.co.kr/article/G1110157606
163,먹으면서 빼는 신개념 다이어트? 폴로다이어트,http://www.edaily.co.kr/news/newspath.asp?newsid=01872886609371216
164,"여름을 위한 간편한 다이어트, 폴로다이어트 주목",http://www.etoday.co.kr/news/section/newsview.php?idxno=1128225
165,폭스바겐 폴로의 도시,http://www.gqkorea.co.kr/content/view_02.asp?menu_id=04050100&c_idx=012305020000101&_C_=18
166,"2600만원짜리 폭스바겐 폴로, 수입 소형차 새역사 쓰다",http://www.mt.co.kr/view/mtview.php?type=1&no=2015051912061588791&outlink=1
167,레이싱 해치백 폴로R vs 레이싱 트럭의 랠리 대결? 사실은...,http://www.kbench.com/?q=node/166787
168,[자동차 특집] '폭스바겐 코리아' '작지만 알찬 차' 신형 폴로… 2천만 원대 소형 수입차 시장 왕좌 노린다,http://news20.busan.com/controller/newsController.jsp?newsId=20150513000017
169,[시승기] 폭스바겐 The New 폴로,http://www.imaeil.com/sub_news/sub_news_view.php?news_id=26300&yy=2015
170,먹으면서 빼는 신개념 다이어트? 폴로다이어트,http://www.edaily.co.kr/news/newspath.asp?newsid=01872886609371216
171,"여름을 위한 간편한 다이어트, 폴로다이어트 주목",http://www.etoday.co.kr/news/section/newsview.php?idxno=1128225
172,폭스바겐 폴로의 도시,http://www.gqkorea.co.kr/content/view_02.asp?menu_id=04050100&c_idx=012305020000101&_C_=18
173,"2600만원짜리 폭스바겐 폴로, 수입 소형차 새역사 쓰다",http://www.mt.co.kr/view/mtview.php?type=1&no=2015051912061588791&outlink=1
174,레이싱 해치백 폴로R vs 레이싱 트럭의 랠리 대결? 사실은...,http://www.kbench.com/?q=node/166787
175,[자동차 특집] '폭스바겐 코리아' '작지만 알찬 차' 신형 폴로… 2천만 원대 소형 수입차 시장 왕좌 노린다,http://news20.busan.com/controller/newsController.jsp?newsId=20150513000017
176,[시승기] 폭스바겐 The New 폴로,http://www.imaeil.com/sub_news/sub_news_view.php?news_id=26300&yy=2015
177,"<시승기>도심을 이리저리 누비는 날쌘돌이, 폭스바겐 폴로",http://biz.heraldcorp.com/view.php?ud=20150511000953
178,‘형만한 아우가 돌아왔다’… 폭스바겐 신형 폴로,http://view.asiae.co.kr/news/view.htm?idxno=2015050114430116616
179,"라코스테, 한국 론칭 30주년 기념 ‘폴로 보야지 인 서울’ 이벤트 진행",http://www.g-enews.com/ko-kr/news/article/news_all/201504271255294038427_1/article.html
180,"폭스바겐, 테이스티 로드 위드 더 뉴 폴로 캠페인 전개",http://news.mk.co.kr/news_forward.php?domain=news&no=392343&year=2015
181,"폴크스바겐, 신형 폴로 내놓고 국내 해치백시장 공략",http://www.businesspost.co.kr/news/articleView.html?idxno=11864
182,"폭스바겐, 2천만원대 폴로로 '2030' 공략",http://www.edaily.co.kr/news/newspath.asp?newsid=01121766609338088
183,"폭스바겐 '신형 폴로', 강력한 1.4 TDI 엔진… 첨단 안전기술 적용",https://news.naver.com/main/read.naver?mode=LSD&mid=sec&sid1=101&oid=011&aid=0002669794
184,"[2015 서울모터쇼] 폭스바겐코리아, 상품성 대폭 강화한 '신형 폴로' 출시",http://kr.aving.net/news/view.php?articleId=1246134&Branch_ID=kr&rssid=naver&mn_name=news
185,[2015 서울모터쇼] 폭스바겐 '폴폴 뛰는' 더뉴 폴로 출시,http://www.osen.co.kr/article/G1110117349
186,[서울모터쇼 2015] 비싸고 안팔린다는 편견을 깼다...폴크스바겐 ‘폴로’,http://biz.chosun.com/site/data/html_dir/2015/04/03/2015040301776.html
187,"폭스바겐코리아, 신형 폴로 출시",http://www.kbench.com/?q=node/148459
188,"람보르기니, 2022 레트로모빌 파리에 쿤타치 LP500·미우라 P400 SV 전시",http://www.rpm9.com/news/article.html?id=20220327090004
189,폭스바겐 서울모터쇼서 '동급 최고 사양 안전장비' 신형 폴로 공개,http://sports.chosun.com/news/ntype.htm?id=201503230100273340017957&servicedate=20150322
190,폴크스바겐 ‘폴로’와 함께 맛집 찾아볼까?,http://car.donga.com/3/all/20150424/70893494/2
191,“형만한 아우 있다” 폴크스바겐 신형 폴로 ‘수입 엔트리카’ 제격,http://biz.heraldcorp.com/view.php?ud=20150424000121
192,"폭스바겐, 2천만원대 폴로로 '2030' 공략",http://www.edaily.co.kr/news/newspath.asp?newsid=01121766609338088
193,"폭스바겐 '신형 폴로', 강력한 1.4 TDI 엔진… 첨단 안전기술 적용",https://news.naver.com/main/read.naver?mode=LSD&mid=sec&sid1=101&oid=011&aid=0002669794
194,"[2015 서울모터쇼] 폭스바겐코리아, 상품성 대폭 강화한 '신형 폴로' 출시",http://kr.aving.net/news/view.php?articleId=1246134&Branch_ID=kr&rssid=naver&mn_name=news
195,[2015 서울모터쇼] 폭스바겐 '폴폴 뛰는' 더뉴 폴로 출시,http://www.osen.co.kr/article/G1110117349
196,[서울모터쇼 2015] 비싸고 안팔린다는 편견을 깼다...폴크스바겐 ‘폴로’,http://biz.chosun.com/site/data/html_dir/2015/04/03/2015040301776.html
197,"폭스바겐코리아, 신형 폴로 출시",http://www.kbench.com/?q=node/148459
198,"람보르기니, 2022 레트로모빌 파리에 쿤타치 LP500·미우라 P400 SV 전시",http://www.rpm9.com/news/article.html?id=20220327090004
199,폭스바겐 서울모터쇼서 '동급 최고 사양 안전장비' 신형 폴로 공개,http://sports.chosun.com/news/ntype.htm?id=201503230100273340017957&servicedate=20150322
200,"폭스바겐 '신형 폴로', 강력한 1.4 TDI 엔진… 첨단 안전기술 적용",https://news.naver.com/main/read.naver?mode=LSD&mid=sec&sid1=101&oid=011&aid=0002669794
201,"[2015 서울모터쇼] 폭스바겐코리아, 상품성 대폭 강화한 '신형 폴로' 출시",http://kr.aving.net/news/view.php?articleId=1246134&Branch_ID=kr&rssid=naver&mn_name=news
202,[2015 서울모터쇼] 폭스바겐 '폴폴 뛰는' 더뉴 폴로 출시,http://www.osen.co.kr/article/G1110117349
203,[서울모터쇼 2015] 비싸고 안팔린다는 편견을 깼다...폴크스바겐 ‘폴로’,http://biz.chosun.com/site/data/html_dir/2015/04/03/2015040301776.html
204,"폭스바겐코리아, 신형 폴로 출시",http://www.kbench.com/?q=node/148459
205,"람보르기니, 2022 레트로모빌 파리에 쿤타치 LP500·미우라 P400 SV 전시",http://www.rpm9.com/news/article.html?id=20220327090004
206,폭스바겐 서울모터쇼서 '동급 최고 사양 안전장비' 신형 폴로 공개,http://sports.chosun.com/news/ntype.htm?id=201503230100273340017957&servicedate=20150322
207,"폭스바겐 신형 폴로, 동급 최고수준 안전장비 장착",http://www.edaily.co.kr/news/newspath.asp?newsid=01594086609305616
208,"[서울 모터쇼] 신형 폴로, 안전장비 및 편의사양 대거 탑재한다",http://www.osen.co.kr/article/G1110104885
209,"폭스바겐코리아, ""국내시장 복병은 폴로""",http://autotimes.hankyung.com/apps/news.sub_view?popup=0&nid=03&c1=03&c2=03&c3=00&nkey=201503190947591
210,"'2000만원대 해치백' 폭스바겐 폴로, 40년 간 1600만대 판매",http://www.hankyung.com/news/app/newsview.php?aid=201504167862i
211,"[2015 서울모터쇼] 폭스바겐코리아, 상품성 대폭 강화한 '신형 폴로' 출시",http://kr.aving.net/news/view.php?articleId=1246134&Branch_ID=kr&rssid=naver&mn_name=news
212,[2015 서울모터쇼] 폭스바겐 '폴폴 뛰는' 더뉴 폴로 출시,http://www.osen.co.kr/article/G1110117349
213,[서울모터쇼 2015] 비싸고 안팔린다는 편견을 깼다...폴크스바겐 ‘폴로’,http://biz.chosun.com/site/data/html_dir/2015/04/03/2015040301776.html
214,"폭스바겐코리아, 신형 폴로 출시",http://www.kbench.com/?q=node/148459
215,"람보르기니, 2022 레트로모빌 파리에 쿤타치 LP500·미우라 P400 SV 전시",http://www.rpm9.com/news/article.html?id=20220327090004
216,폭스바겐 서울모터쇼서 '동급 최고 사양 안전장비' 신형 폴로 공개,http://sports.chosun.com/news/ntype.htm?id=201503230100273340017957&servicedate=20150322
217,"폭스바겐 신형 폴로, 동급 최고수준 안전장비 장착",http://www.edaily.co.kr/news/newspath.asp?newsid=01594086609305616
218,"[서울 모터쇼] 신형 폴로, 안전장비 및 편의사양 대거 탑재한다",http://www.osen.co.kr/article/G1110104885
219,"폭스바겐코리아, ""국내시장 복병은 폴로""",http://autotimes.hankyung.com/apps/news.sub_view?popup=0&nid=03&c1=03&c2=03&c3=00&nkey=201503190947591
220,"폭스바겐, 컴팩트 해치백 '폴로' 출시 40주년",http://www.ebn.co.kr/news/view/753264
221,"[2015 서울모터쇼] 폭스바겐코리아, 상품성 대폭 강화한 '신형 폴로' 출시",http://kr.aving.net/news/view.php?articleId=1246134&Branch_ID=kr&rssid=naver&mn_name=news
222,[2015 서울모터쇼] 폭스바겐 '폴폴 뛰는' 더뉴 폴로 출시,http://www.osen.co.kr/article/G1110117349
223,[서울모터쇼 2015] 비싸고 안팔린다는 편견을 깼다...폴크스바겐 ‘폴로’,http://biz.chosun.com/site/data/html_dir/2015/04/03/2015040301776.html
224,"폭스바겐코리아, 신형 폴로 출시",http://www.kbench.com/?q=node/148459
225,"람보르기니, 2022 레트로모빌 파리에 쿤타치 LP500·미우라 P400 SV 전시",http://www.rpm9.com/news/article.html?id=20220327090004
226,폭스바겐 서울모터쇼서 '동급 최고 사양 안전장비' 신형 폴로 공개,http://sports.chosun.com/news/ntype.htm?id=201503230100273340017957&servicedate=20150322
227,"폭스바겐 신형 폴로, 동급 최고수준 안전장비 장착",http://www.edaily.co.kr/news/newspath.asp?newsid=01594086609305616
228,"[서울 모터쇼] 신형 폴로, 안전장비 및 편의사양 대거 탑재한다",http://www.osen.co.kr/article/G1110104885
229,"폭스바겐코리아, ""국내시장 복병은 폴로""",http://autotimes.hankyung.com/apps/news.sub_view?popup=0&nid=03&c1=03&c2=03&c3=00&nkey=201503190947591
230,"폭스바겐코리아, 신형 폴로 출시",http://www.kbench.com/?q=node/148459
231,"람보르기니, 2022 레트로모빌 파리에 쿤타치 LP500·미우라 P400 SV 전시",http://www.rpm9.com/news/article.html?id=20220327090004
232,폭스바겐 서울모터쇼서 '동급 최고 사양 안전장비' 신형 폴로 공개,http://sports.chosun.com/news/ntype.htm?id=201503230100273340017957&servicedate=20150322
233,"폭스바겐 신형 폴로, 동급 최고수준 안전장비 장착",http://www.edaily.co.kr/news/newspath.asp?newsid=01594086609305616
234,"[서울 모터쇼] 신형 폴로, 안전장비 및 편의사양 대거 탑재한다",http://www.osen.co.kr/article/G1110104885
235,"폭스바겐코리아, ""국내시장 복병은 폴로""",http://autotimes.hankyung.com/apps/news.sub_view?popup=0&nid=03&c1=03&c2=03&c3=00&nkey=201503190947591
236,"폭스바겐 신형 ‘폴로’, 서울 모터쇼서 국내 출시한다",http://sports.khan.co.kr/news/sk_index.html?cat=view&art_id=201503181731303&sec_id=561901&pt=nv
237,"폭스바겐이 국내 출시할 신형 폴로 1.4 TDI 블루모션, 연비는 '17.4 km/l'",http://www.kbench.com/?q=node/147755
238,"폴크스바겐의 막내 신형 폴로, 서울 모터쇼 출격",http://biz.heraldcorp.com/view.php?ud=20150317000160
239,[스포츠서울 Car&라이프] 단신=폭스바겐 폴로 신형 발매외,http://www.sportsseoul.com/?c=v&m=n&i=186631
240,"폭스바겐코리아 ""신형 폴로, 안전장비·편의사양 대거 탑재""",http://www.dailian.co.kr/news/view/495089/?sc=naver
241,"폭스바겐코리아, ""국내시장 복병은 폴로""",http://autotimes.hankyung.com/apps/news.sub_view?popup=0&nid=03&c1=03&c2=03&c3=00&nkey=201503190947591
242,"폭스바겐 신형 ‘폴로’, 서울 모터쇼서 국내 출시한다",http://sports.khan.co.kr/news/sk_index.html?cat=view&art_id=201503181731303&sec_id=561901&pt=nv
243,"폭스바겐이 국내 출시할 신형 폴로 1.4 TDI 블루모션, 연비는 '17.4 km/l'",http://www.kbench.com/?q=node/147755
244,"폴크스바겐의 막내 신형 폴로, 서울 모터쇼 출격",http://biz.heraldcorp.com/view.php?ud=20150317000160
245,[스포츠서울 Car&라이프] 단신=폭스바겐 폴로 신형 발매외,http://www.sportsseoul.com/?c=v&m=n&i=186631
246,"폭스바겐 폴로, 서울모터쇼 출격…효율은 17.4㎞/ℓ",http://autotimes.hankyung.com/apps/news.sub_view?popup=0&nid=03&c1=03&c2=03&c3=00&nkey=201503161004201
247,"폭스바겐, 2015년형 `폴로 R WRC` 랠리카 공개",http://www.gpkorea.com/bbs/board.php?bo_table=today_photo&wr_id=1671
248,"폭스바겐, 영국서 '폴로 1.0 TSI 블루모션' 출시, 연비는 '24.4 km/l'",http://www.kbench.com/?q=node/144503
249,"폭스바겐코리아, 폴로 신형으로 소형차시장 장악한다",http://autotimes.hankyung.com/apps/news.sub_view?popup=0&nid=03&c1=03&c2=03&c3=00&nkey=201411101711451
250,"폭스바겐 신형 폴로, ‘편의·안전품목’ 대폭 개선",http://view.asiae.co.kr/news/view.htm?idxno=2015032014345833891
251,"폭스바겐코리아, ""국내시장 복병은 폴로""",http://autotimes.hankyung.com/apps/news.sub_view?popup=0&nid=03&c1=03&c2=03&c3=00&nkey=201503190947591
252,"폭스바겐 신형 ‘폴로’, 서울 모터쇼서 국내 출시한다",http://sports.khan.co.kr/news/sk_index.html?cat=view&art_id=201503181731303&sec_id=561901&pt=nv
253,"폭스바겐이 국내 출시할 신형 폴로 1.4 TDI 블루모션, 연비는 '17.4 km/l'",http://www.kbench.com/?q=node/147755
254,"폴크스바겐의 막내 신형 폴로, 서울 모터쇼 출격",http://biz.heraldcorp.com/view.php?ud=20150317000160
255,[스포츠서울 Car&라이프] 단신=폭스바겐 폴로 신형 발매외,http://www.sportsseoul.com/?c=v&m=n&i=186631
256,"폭스바겐 폴로, 서울모터쇼 출격…효율은 17.4㎞/ℓ",http://autotimes.hankyung.com/apps/news.sub_view?popup=0&nid=03&c1=03&c2=03&c3=00&nkey=201503161004201
257,"폭스바겐, 2015년형 `폴로 R WRC` 랠리카 공개",http://www.gpkorea.com/bbs/board.php?bo_table=today_photo&wr_id=1671
258,"폭스바겐, 영국서 '폴로 1.0 TSI 블루모션' 출시, 연비는 '24.4 km/l'",http://www.kbench.com/?q=node/144503
259,"폭스바겐코리아, 폴로 신형으로 소형차시장 장악한다",http://autotimes.hankyung.com/apps/news.sub_view?popup=0&nid=03&c1=03&c2=03&c3=00&nkey=201411101711451
260,"폭스바겐 신형 ‘폴로’, 서울 모터쇼서 국내 출시한다",http://sports.khan.co.kr/news/sk_index.html?cat=view&art_id=201503181731303&sec_id=561901&pt=nv
261,"폭스바겐이 국내 출시할 신형 폴로 1.4 TDI 블루모션, 연비는 '17.4 km/l'",http://www.kbench.com/?q=node/147755
262,"폴크스바겐의 막내 신형 폴로, 서울 모터쇼 출격",http://biz.heraldcorp.com/view.php?ud=20150317000160
263,[스포츠서울 Car&라이프] 단신=폭스바겐 폴로 신형 발매외,http://www.sportsseoul.com/?c=v&m=n&i=186631
264,"폭스바겐 폴로, 서울모터쇼 출격…효율은 17.4㎞/ℓ",http://autotimes.hankyung.com/apps/news.sub_view?popup=0&nid=03&c1=03&c2=03&c3=00&nkey=201503161004201
265,"폭스바겐, 2015년형 `폴로 R WRC` 랠리카 공개",http://www.gpkorea.com/bbs/board.php?bo_table=today_photo&wr_id=1671
266,"폭스바겐, 영국서 '폴로 1.0 TSI 블루모션' 출시, 연비는 '24.4 km/l'",http://www.kbench.com/?q=node/144503
267,"폭스바겐코리아, 폴로 신형으로 소형차시장 장악한다",http://autotimes.hankyung.com/apps/news.sub_view?popup=0&nid=03&c1=03&c2=03&c3=00&nkey=201411101711451
268,"폭스바겐코리아, '폴로R라인' 핸들오작동 결함 알고도 판매",http://news1.kr/articles/?1893501
269,차고 넘치는 폭스바겐 폴로,http://www.gqkorea.co.kr/?p=46422&_C_=18
270,폭스바겐 신형 폴로 다운사이징으로 국내 출시,http://sports.chosun.com/news/ntype.htm?id=201503170100195970012812&servicedate=20150316
271,"폭스바겐 폴로, 서울모터쇼 출격…효율은 17.4㎞/ℓ",http://autotimes.hankyung.com/apps/news.sub_view?popup=0&nid=03&c1=03&c2=03&c3=00&nkey=201503161004201
272,"폭스바겐, 2015년형 `폴로 R WRC` 랠리카 공개",http://www.gpkorea.com/bbs/board.php?bo_table=today_photo&wr_id=1671
273,"폭스바겐, 영국서 '폴로 1.0 TSI 블루모션' 출시, 연비는 '24.4 km/l'",http://www.kbench.com/?q=node/144503
274,"폭스바겐코리아, 폴로 신형으로 소형차시장 장악한다",http://autotimes.hankyung.com/apps/news.sub_view?popup=0&nid=03&c1=03&c2=03&c3=00&nkey=201411101711451
275,"폭스바겐코리아, '폴로R라인' 핸들오작동 결함 알고도 판매",http://news1.kr/articles/?1893501
276,차고 넘치는 폭스바겐 폴로,http://www.gqkorea.co.kr/?p=46422&_C_=18
277,"폭스바겐코리아, 폴로 프리미엄 출시",http://www.iusm.co.kr/news/articleView.html?idxno=646082
278,"폭스바겐코리아, 폴로 프리미엄 출시...2,870만원",http://www.osen.co.kr/article/G1110361048
279,[라이벌 명차] 폭스바겐 폴로 vs 푸조 208,http://www.it.co.kr/news/mediaitNewsView.php?nSeq=2675221
280,"폭스바겐, 부분변경 신형 '폴로' '2015 서울모터쇼'서 공식 출시",http://www.osen.co.kr/article/G1110101101
281,"폭스바겐 폴로, 서울모터쇼 출격…효율은 17.4㎞/ℓ",http://autotimes.hankyung.com/apps/news.sub_view?popup=0&nid=03&c1=03&c2=03&c3=00&nkey=201503161004201
282,"폭스바겐, 2015년형 `폴로 R WRC` 랠리카 공개",http://www.gpkorea.com/bbs/board.php?bo_table=today_photo&wr_id=1671
283,"폭스바겐, 영국서 '폴로 1.0 TSI 블루모션' 출시, 연비는 '24.4 km/l'",http://www.kbench.com/?q=node/144503
284,"폭스바겐코리아, 폴로 신형으로 소형차시장 장악한다",http://autotimes.hankyung.com/apps/news.sub_view?popup=0&nid=03&c1=03&c2=03&c3=00&nkey=201411101711451
285,"폭스바겐코리아, '폴로R라인' 핸들오작동 결함 알고도 판매",http://news1.kr/articles/?1893501
286,차고 넘치는 폭스바겐 폴로,http://www.gqkorea.co.kr/?p=46422&_C_=18
287,"폭스바겐코리아, 폴로 프리미엄 출시",http://www.iusm.co.kr/news/articleView.html?idxno=646082
288,"폭스바겐코리아, 폴로 프리미엄 출시...2,870만원",http://www.osen.co.kr/article/G1110361048
289,[라이벌 명차] 폭스바겐 폴로 vs 푸조 208,http://www.it.co.kr/news/mediaitNewsView.php?nSeq=2675221
290,"폭스바겐, '서울모터쇼'에서 신형 '폴로' 공개한다",http://www.sportsseoul.com/?c=v&m=n&i=186386
291,"폭스바겐 폴로, 서울모터쇼 출격…효율은 17.4㎞/ℓ",http://autotimes.hankyung.com/apps/news.sub_view?popup=0&nid=03&c1=03&c2=03&c3=00&nkey=201503161004201
292,"폭스바겐, 2015년형 `폴로 R WRC` 랠리카 공개",http://www.gpkorea.com/bbs/board.php?bo_table=today_photo&wr_id=1671
293,"폭스바겐, 영국서 '폴로 1.0 TSI 블루모션' 출시, 연비는 '24.4 km/l'",http://www.kbench.com/?q=node/144503
294,"폭스바겐코리아, 폴로 신형으로 소형차시장 장악한다",http://autotimes.hankyung.com/apps/news.sub_view?popup=0&nid=03&c1=03&c2=03&c3=00&nkey=201411101711451
295,"폭스바겐코리아, '폴로R라인' 핸들오작동 결함 알고도 판매",http://news1.kr/articles/?1893501
296,차고 넘치는 폭스바겐 폴로,http://www.gqkorea.co.kr/?p=46422&_C_=18
297,"폭스바겐코리아, 폴로 프리미엄 출시",http://www.iusm.co.kr/news/articleView.html?idxno=646082
298,"폭스바겐코리아, 폴로 프리미엄 출시...2,870만원",http://www.osen.co.kr/article/G1110361048
299,[라이벌 명차] 폭스바겐 폴로 vs 푸조 208,http://www.it.co.kr/news/mediaitNewsView.php?nSeq=2675221
300,"폭스바겐코리아, '신형 폴로' 서울모터쇼에 맞춰 국내 출시",http://www.it.co.kr/news/article.html?no=2797321
301,"폭스바겐 폴로, 서울모터쇼 출격…효율은 17.4㎞/ℓ",http://autotimes.hankyung.com/apps/news.sub_view?popup=0&nid=03&c1=03&c2=03&c3=00&nkey=201503161004201
302,"폭스바겐, 2015년형 `폴로 R WRC` 랠리카 공개",http://www.gpkorea.com/bbs/board.php?bo_table=today_photo&wr_id=1671
303,"폭스바겐, 영국서 '폴로 1.0 TSI 블루모션' 출시, 연비는 '24.4 km/l'",http://www.kbench.com/?q=node/144503
304,"폭스바겐코리아, 폴로 신형으로 소형차시장 장악한다",http://autotimes.hankyung.com/apps/news.sub_view?popup=0&nid=03&c1=03&c2=03&c3=00&nkey=201411101711451
305,"폭스바겐코리아, '폴로R라인' 핸들오작동 결함 알고도 판매",http://news1.kr/articles/?1893501
306,차고 넘치는 폭스바겐 폴로,http://www.gqkorea.co.kr/?p=46422&_C_=18
307,"폭스바겐코리아, 폴로 프리미엄 출시",http://www.iusm.co.kr/news/articleView.html?idxno=646082
308,"폭스바겐코리아, 폴로 프리미엄 출시...2,870만원",http://www.osen.co.kr/article/G1110361048
309,[라이벌 명차] 폭스바겐 폴로 vs 푸조 208,http://www.it.co.kr/news/mediaitNewsView.php?nSeq=2675221
310,차고 넘치는 폭스바겐 폴로,http://www.gqkorea.co.kr/?p=46422&_C_=18
311,"폭스바겐코리아, 폴로 프리미엄 출시",http://www.iusm.co.kr/news/articleView.html?idxno=646082
312,"폭스바겐코리아, 폴로 프리미엄 출시...2,870만원",http://www.osen.co.kr/article/G1110361048
313,[라이벌 명차] 폭스바겐 폴로 vs 푸조 208,http://www.it.co.kr/news/mediaitNewsView.php?nSeq=2675221
314,"람보르기니, 2022 레트로모빌 파리서 '쿤타치 LP500'·'미우라 P400 SV' 전시",http://kr.aving.net/news/view.php?articleId=1693913&Branch_ID=kr&rssid=naver&mn_name=news
315,[포토] 7단 DSG를 적용하는 폭스바겐 6세대 폴로 GTI,http://autoin.edaily.co.kr/news/newspath.asp?newsid=01318566615965000
316,[포토] 붉은색 스티치가 더해진 폭스바겐 폴로 GTI의 스티어링휠,http://autoin.edaily.co.kr/news/newspath.asp?newsid=01302166615965000
317,폭스바겐 2014 WRC 개막전 우승차 '폴로 R WRC 랠리카',http://www.mt.co.kr/view/mtview.php?type=1&no=2014052916060727327&outlink=1
318,"폴크스바겐 폴로, 값싸고 연비 좋은 수입 車…토러스 2.0 sel '추격'",http://tvdaily.co.kr/read.php3?aid=1400114606697809016
319,"[모터쇼]폭스바겐, 소형 CUV 크로스폴로 공개",http://autotimes.hankyung.com/apps/news.sub_view?popup=0&nid=04&c1=04&c2=04&c3=00&nkey=201403141730451
320,"[포토]폭스바겐코리아, 폴로 프리미엄 출시",http://www.edaily.co.kr/news/newspath.asp?newsid=02456726612554128
321,[라이벌 명차] 폭스바겐 폴로 vs 푸조 208,http://www.it.co.kr/news/mediaitNewsView.php?nSeq=2675221
322,"람보르기니, 2022 레트로모빌 파리서 '쿤타치 LP500'·'미우라 P400 SV' 전시",http://kr.aving.net/news/view.php?articleId=1693913&Branch_ID=kr&rssid=naver&mn_name=news
323,[포토] 붉은색 스티치가 더해진 폭스바겐 폴로 GTI의 스티어링휠,http://autoin.edaily.co.kr/news/newspath.asp?newsid=01302166615965000
324,[포토] 7단 DSG를 적용하는 폭스바겐 6세대 폴로 GTI,http://autoin.edaily.co.kr/news/newspath.asp?newsid=01318566615965000
325,폭스바겐 2014 WRC 개막전 우승차 '폴로 R WRC 랠리카',http://www.mt.co.kr/view/mtview.php?type=1&no=2014052916060727327&outlink=1
326,"폴크스바겐 폴로, 값싸고 연비 좋은 수입 車…토러스 2.0 sel '추격'",http://tvdaily.co.kr/read.php3?aid=1400114606697809016
327,"[모터쇼]폭스바겐, 소형 CUV 크로스폴로 공개",http://autotimes.hankyung.com/apps/news.sub_view?popup=0&nid=04&c1=04&c2=04&c3=00&nkey=201403141730451
328,"폴크스바겐, 연비 24.2km/l 신형 폴로 TSI 블루모션 공개",http://car.donga.com/3/all/20140226/61214286/3
329,WRC 2014시즌 개막전 폴로 R WRC <몬테 카를로 랠리> 우승,http://www.tvreport.co.kr/?c=news&m=newsview&idx=452947
330,"폴크스바겐, 연비 24.2km/l 신형 폴로 TSI 블루모션 공개",http://car.donga.com/3/all/20140226/61214286/3
331,WRC 2014시즌 개막전 폴로 R WRC <몬테 카를로 랠리> 우승,http://www.tvreport.co.kr/?c=news&m=newsview&idx=452947
332,"<시승기> 폭스바겐 폴로 ""작지만 야무진 소형 해치백의 정석""",http://www.ajunews.com/view/20140116125727200
333,"소형차 ‘폴로’, 랠리카로 튜닝하면…모터쇼 등장해",http://www.segye.com/content/html/2013/11/26/20131126004449.html?OutUrl=naver
334,"[시승기] 폭스바겐 '폴로', 달리기에 능한 '골프' 미니미",http://www.osen.co.kr/article/G1109723740
335,2013년 국내 자동차 시장에 선보인 신차들…폴로·A클래스·주크…소형차가 트렌드 주도,http://www.hankyung.com/news/app/newsview.php?aid=2013102341701
336,"[카&라이프] 폭스바겐 폴로 1.6 TDI R-라인, ‘깡통차 ’아쉬움‘ 파워 ’로 눌렀다",http://magazine.hankyung.com/business/apps/news?popup=0&nid=01&c1=1003&nkey=2013091700928000241&mode=sub_view
337,"[시승기]폭스바겐 폴로, 작은 고추가 맵다",http://www.ebn.co.kr/news/n_view.html?id=630281
338,[시승기]기본기만큼은 ‘골프’ 못지않은 '폴로',http://www.mt.co.kr/view/mtview.php?type=1&no=2013091716550798498&outlink=1
339,"[레알시승기]폭스바겐 폴로, ""기본기에 충실한 차""",http://www.nocutnews.co.kr/Show.asp?IDX=2614669
340,"[시승기]폭스바겐 폴로, 작은 고추가 맵다",http://www.ebn.co.kr/news/n_view.html?id=630281
341,[시승기]기본기만큼은 ‘골프’ 못지않은 '폴로',http://www.mt.co.kr/view/mtview.php?type=1&no=2013091716550798498&outlink=1
342,"[레알시승기]폭스바겐 폴로, ""기본기에 충실한 차""",http://www.nocutnews.co.kr/Show.asp?IDX=2614669
343,"[시승기]""작다고 얕보지 마"".. 폭스바겐 '폴로'",http://www.edaily.co.kr/news/newspath.asp?newsid=01226726602937824
344,[시승기] 폴크스바겐 폴로 “한여름 밤 정적을 깨우다”,http://car.donga.com/3/all/20130823/57190525/2
345,"폭스바겐 폴로, 그 컸던 존재감 어디로?",http://autotimes.hankyung.com/apps/news.sub_view?popup=0&nid=03&c1=03&c2=03&c3=00&nkey=201308131701191
346,"폭스바겐 폴로, ‘올해의 에너지 위너상’ 수상",http://www.mydaily.co.kr/new_yk/html/read.php?newsid=201307301750334436&ext=na
347,[신차와 역사⑥]‘골프’ DNA 계승한 소형해치백 동생 아이콘 ‘폴로’,http://www.khan.co.kr/kh_news/art_view.html?artid=201306271437302&code=920508
348,“자동차는 남자의 로망 나만의 맞춤형 폴로”,http://www.hani.co.kr/arti/economy/car/593109.html
349,[시승기]2000만원대 수입차 맞짱…폴로(폭스바겐)돌풍에 미니(BMW) 값 내리고 맞불,http://news.mk.co.kr/news_forward.php?domain=news&no=495158&year=2013
350,"국내 수입 소형차 판매량 보니...피아트&시트로엥 울고, MINI&폴로 웃고!",http://kr.aving.net/news/view.php?articleId=718715&Branch_ID=kr&rssid=naver&mn_name=news
351,"""옵션 장난질 차보다 폴로가 백배 낫다""",http://www.moneyweek.co.kr/news/mwView.php?type=1&no=2013061317508090949&outlink=1
352,"폴짝 뛰는 '폴로', 미끄러진 '미니'",http://www.asiae.co.kr/news/view.htm?idxno=2013061109402164288
353,[Real Test Drive Season2] 재밌고 빠르고 튼튼하고…작지만 강한 차 ‘폴로’,http://sports.donga.com/3/all/20130610/55764379/3
354,"폭스바겐 폴로, 中 서킷에선 ‘괴물’",http://news.mk.co.kr/news_forward.php?domain=news&no=449187&year=2013
355,"폭스바겐 폴로, 출시 한 달 만에 베스트셀링 10위권 안착",http://www.osen.co.kr/article/G1109613298
356,잘나가는 ‘폴로’…최강자 ‘미니’도 긴장,http://www.hani.co.kr/arti/economy/car/590812.html
357,"폭스바겐 폴로, 한달새 300대 판매",https://news.naver.com/main/read.naver?mode=LSD&mid=sec&sid1=101&oid=001&aid=0006273998
358,"폴크스바겐 폴로, 전문기자들이 선정한 ‘4월 이달의 차’ 영예",http://car.donga.com/3/all/20130521/55300461/2
359,"폭스바겐 폴로, 부산서 유독 잘 나가네",http://news20.busan.com/controller/newsController.jsp?newsId=20130520000051
360,잘나가는 ‘폴로’…최강자 ‘미니’도 긴장,http://www.hani.co.kr/arti/economy/car/590812.html
361,"폭스바겐 폴로, 한달새 300대 판매",https://news.naver.com/main/read.naver?mode=LSD&mid=sec&sid1=101&oid=001&aid=0006273998
362,"폴크스바겐 폴로, 전문기자들이 선정한 ‘4월 이달의 차’ 영예",http://car.donga.com/3/all/20130521/55300461/2
363,"폭스바겐 폴로, 부산서 유독 잘 나가네",http://news20.busan.com/controller/newsController.jsp?newsId=20130520000051
364,"폭스바겐, 폴로 런칭 기념 '제이슨 므라즈 내한 공연' 후원",http://www.asiae.co.kr/news/view.htm?idxno=2013051413441232956
365,[시승기] 폭스바겐 폴로 1.6 TDI R라인,http://www.imaeil.com/sub_news/sub_news_view.php?news_id=24045&yy=2013
366,"폭스바겐코리아, 폴로 파이낸싱 프로그램 실시",http://www.newspim.com/common/redirect.jsp?newsId=20130513000301
367,"아이머큐리, 폭스바겐 '폴로' 순정형 내비게이션 선보여",http://kr.aving.net/news/view.php?articleId=688297&Branch_ID=kr&rssid=naver&mn_name=news
368,"작은 거인 ‘폴로’, 대물 콤플렉스에 유쾌한 한 방!",http://news.mk.co.kr/news_forward.php?domain=news&no=366004&year=2013
369,"AJUTV 폭스바겐 ‘폴로’, 이제 소형차 시대!",http://www.ajunews.com/kor/view.jsp?newsId=20130510000585
370,"폭스바겐코리아, ‘폴로’ 전용 금융 프로그램 출시",http://www.mydaily.co.kr/new_yk/html/read.php?newsid=201305131147274432&ext=na
371,"아이머큐리, 폭스바겐 '폴로' 순정형 내비게이션 선보여",http://kr.aving.net/news/view.php?articleId=688297&Branch_ID=kr&rssid=naver&mn_name=news
372,"작은 거인 ‘폴로’, 대물 콤플렉스에 유쾌한 한 방!",http://news.mk.co.kr/news_forward.php?domain=news&no=366004&year=2013
373,"AJUTV 폭스바겐 ‘폴로’, 이제 소형차 시대!",http://www.ajunews.com/kor/view.jsp?newsId=20130510000585
374,"폭스바겐, '폴로'로 '골프' 인기 날릴까",http://www.moneyweek.co.kr/news/mwView.php?type=1&no=2013043017048066672&outlink=1
375,[Driving] 폭스바겐 폴로 1.6 TDI R라인,http://news.mk.co.kr/news_forward.php?domain=news&no=351022&year=2013
376,"2000만원대의 한계와 강점, 폴크스바겐의 막내 폴로 타보니",http://view.heraldcorp.com/view.php?ud=20130506000702
377,폭스바겐 폴로 사면 독일제 만년필 준다,http://www.newdaily.co.kr/news/article.html?no=153439
378,"영화관에서 폭스바겐 폴로를 … ""전시장 밖으로 외출한 자동차""",http://www.hankyung.com/news/app/newsview.php?aid=201305011617g
379,"[시승기] 폭스바겐 폴로, 덩치는 작은데 힘이 장사네",http://www.ebn.co.kr/news/n_view.html?id=602946
380,"2000만원대의 한계와 강점, 폴크스바겐의 막내 폴로 타보니",http://view.heraldcorp.com/view.php?ud=20130506000702
381,폭스바겐 폴로 사면 독일제 만년필 준다,http://www.newdaily.co.kr/news/article.html?no=153439
382,"영화관에서 폭스바겐 폴로를 … ""전시장 밖으로 외출한 자동차""",http://www.hankyung.com/news/app/newsview.php?aid=201305011617g
383,"[시승기] 폭스바겐 폴로, 덩치는 작은데 힘이 장사네",http://www.ebn.co.kr/news/n_view.html?id=602946
384,폴로 사면 라미 사파리 만년필 증정,http://www2.enewstoday.co.kr/sub_read.html?uid=286935§ion=sc97
385,"[시승기] 골프 동생 폴로, 형만한 아우 될까?",http://www.segye.com/Articles/Car/Interview/Article.asp?aid=20130430003392&subctg1=&subctg2=&OutUrl=naver
386,2000만원대 수입차 시장…'폴로' 질주할까,http://www.segye.com/Articles/NEWS/ECONOMY/Article.asp?aid=20130429004228&subctg1=&subctg2=&OutUrl=naver
387,[뉴시스아이즈]2030세대가 기다리던 폭스바겐 '폴로' 시승기,https://news.naver.com/main/read.naver?mode=LSD&mid=sec&sid1=004&oid=003&aid=0005117298
388,[시승기-폭스바겐 폴로] '속 꽉 찬' 2천만원대 소형차,http://www.seoulfn.com/news/articleView.html?idxno=161989
389,"[시승]당차고 야무진 차, 폭스바겐 폴로",http://autotimes.hankyung.com/apps/news.sub_view?popup=0&nid=08&c1=08&c2=08&c3=00&nkey=201304251053151
390,"폭스바겐코리아, 폴로 감성 마케팅 전개",http://news.mk.co.kr/news_forward.php?domain=news&no=327905&year=2013
391,[시승기] 폴로 1.6 TDI R-라인,https://news.naver.com/main/read.naver?mode=LSD&mid=sec&sid1=101&oid=011&aid=0002325624
392,"2000만원대 수입차 시장, '폴로'가 살릴까?",http://www.asiae.co.kr/news/view.htm?idxno=2013042809463185056
393,"‘연비 18.3km/l’, 폭스바겐 폴로 코엑스 전시",http://www.newdaily.co.kr/news/article.html?no=152782
394,"[시승기] 폭스바겐 폴로, ‘작은 체구, 큰 그림자’",http://www.etnews.com/news/home_mobile/automobile/2756555_1485.html
395,폴로빌리티? 폴로코스터? 감성마케팅 눈길,http://www.etnews.com/news/home_mobile/automobile/2757056_1485.html
396,2000만 원대 최고 수입차 뭐지… 폭스바겐 '폴로' 관심 집중,http://www.hankyung.com/news/app/newsview.php?aid=201304269863g
397,"'차원 다른' 폭스바겐 폴로 상륙, 누가 피볼까?",http://www.dailian.co.kr/news/news_view.htm?id=336525&sc=naver
398,"1600CC 폴로, 수입 소형차 시장에 파문 일으키나",http://www.fnnews.com/view?ra=Sent0601m_01A&corp=fnnews&arcid=201304250100276740015627&cDateYear=2013&cDateMonth=04&cDateDay=25&
399,[모터포커스]사라진 폴로를 찾아라?,http://www.etnews.com/news/home_mobile/automobile/2756072_1485.html
400,"폭스바겐코리아, 폴로 감성 마케팅에 주력한다",http://autotimes.hankyung.com/apps/news.sub_view?popup=0&nid=03&c1=03&c2=03&c3=00&nkey=201304261339371
401,"'차원 다른' 폭스바겐 폴로 상륙, 누가 피볼까?",http://www.dailian.co.kr/news/news_view.htm?id=336525&sc=naver
402,"1600CC 폴로, 수입 소형차 시장에 파문 일으키나",http://www.fnnews.com/view?ra=Sent0601m_01A&corp=fnnews&arcid=201304250100276740015627&cDateYear=2013&cDateMonth=04&cDateDay=25&
403,[모터포커스]사라진 폴로를 찾아라?,http://www.etnews.com/news/home_mobile/automobile/2756072_1485.html
404,"[시승기] 골프 동생 '폴로' 타봤더니···""작지만 당당하네""",http://www.hankyung.com/news/app/newsview.php?aid=201304255403g
405,"폭스바겐 코리아 박동훈 대표 ""경쟁 수입 콤팩트 세단이 못한 일 폴로(POLO)가 해낸다!""",http://kr.aving.net/news/view.php?articleId=654163&Branch_ID=kr&rssid=naver&mn_name=news
406,[시승기]2030세대 기다리던 폭스바겐 '폴로' 직접 타보니…,https://news.naver.com/main/read.naver?mode=LSD&mid=sec&sid1=101&oid=003&aid=0005108162
407,"자신감 얻은 폭스바겐, 폴로 내놓고 “다 덤벼!”",http://www.newdaily.co.kr/news/article.html?no=152299
408,"폭스바겐 폴로, 1.6R라인… 2000만원대로 출시",http://www.econovill.com/archives/85669
409,박동훈 폴크스바겐 대표 “폴로 1대에 100만원도 안 남길 것”,http://biz.chosun.com/site/data/html_dir/2013/04/24/2013042400448.html
410,박동훈 폴크스바겐 대표 “폴로 1대에 100만원도 안 남길 것”,http://biz.chosun.com/site/data/html_dir/2013/04/24/2013042400448.html
411,폭스바겐은 왜 '폴로' 값 2490만원으로 정했을까?,http://www.mt.co.kr/view/mtview.php?type=1&no=2013042410375741654&outlink=1
412,"폭스바겐코리아, 폴로 1.6 TDI R-Line 국내 출시",http://www.betanews.net/article/577422
413,폭스바겐 ‘폴로’ 출시..소형차시장까지 넘본다!,http://www.newstomato.com/ReadNews.aspx?no=356899
414,"폭스바겐코리아, 콤팩트 해치백 '폴로' 출시.. 2490만원",http://www.edaily.co.kr/news/newspath.asp?newsid=02145126602779072
415,"VW '폴로', ""디젤·해치백 처럼 수입 소형차시장 포문 열 것""",http://www.osen.co.kr/article/G1109581372
416,"박동훈 폴크스바겐 사장 ""폴로 2000대 목표""",https://news.naver.com/main/read.naver?mode=LSD&mid=sec&sid1=101&oid=003&aid=0005106559
417,국내 소형차 시장에 귀요미 ‘폴로’ 상륙…자세히보니,http://www.khan.co.kr/kh_news/art_view.html?artid=201304231917561&code=920508
418,"VW '폴로' 출시, 2000만 원~3000만 원대 수입 소형차 본격 시동",http://www.osen.co.kr/article/G1109581302
419,2000만원대 폭스바겐 '폴로' 나왔다,http://news1.kr/articles/1103405
420,"폭스바겐코리아, 폴로 1.6 TDI R-Line 국내 출시",http://www.betanews.net/article/577422
421,폭스바겐 ‘폴로’ 출시..소형차시장까지 넘본다!,http://www.newstomato.com/ReadNews.aspx?no=356899
422,"폭스바겐코리아, 콤팩트 해치백 '폴로' 출시.. 2490만원",http://www.edaily.co.kr/news/newspath.asp?newsid=02145126602779072
423,"VW '폴로', ""디젤·해치백 처럼 수입 소형차시장 포문 열 것""",http://www.osen.co.kr/article/G1109581372
424,"박동훈 폴크스바겐 사장 ""폴로 2000대 목표""",https://news.naver.com/main/read.naver?mode=LSD&mid=sec&sid1=101&oid=003&aid=0005106559
425,국내 소형차 시장에 귀요미 ‘폴로’ 상륙…자세히보니,http://www.khan.co.kr/kh_news/art_view.html?artid=201304231917561&code=920508
426,"VW '폴로' 출시, 2000만 원~3000만 원대 수입 소형차 본격 시동",http://www.osen.co.kr/article/G1109581302
427,2000만원대 폭스바겐 '폴로' 나왔다,http://news1.kr/articles/1103405
428,판매부진 2천만원대 수입차…'폴로' 출시로 반전?,http://www.mt.co.kr/view/mtview.php?type=1&no=2013042314322366686&outlink=1
429,"폴크스바겐, 2500만원짜리 소형 해치백 폴로 출시",http://biz.chosun.com/site/data/html_dir/2013/04/23/2013042301103.html
430,"폭스바겐, 폴로1.6 TDI R 라인 출시.. 가격은 2490만원",http://www.kbench.com/life/?no=117858&sc=1
431,"박동훈 폴크스바겐 사장 ""폴로 2000대 목표""",https://news.naver.com/main/read.naver?mode=LSD&mid=sec&sid1=101&oid=003&aid=0005106559
432,국내 소형차 시장에 귀요미 ‘폴로’ 상륙…자세히보니,http://www.khan.co.kr/kh_news/art_view.html?artid=201304231917561&code=920508
433,"VW '폴로' 출시, 2000만 원~3000만 원대 수입 소형차 본격 시동",http://www.osen.co.kr/article/G1109581302
434,2000만원대 폭스바겐 '폴로' 나왔다,http://news1.kr/articles/1103405
435,2490만원짜리 폭스바겐 국내 상륙…‘폴로’ 출시,http://www.moneyweek.co.kr/news/mwView.php?type=1&no=2013042312428099588&outlink=1
436,"폭스바겐코리아, 폴로 1.6 TDI R-라인 출시",https://news.naver.com/main/read.naver?mode=LSD&mid=sec&sid1=103&oid=011&aid=0002324133
437,판매부진 2천만원대 수입차…'폴로' 출시로 반전?,http://www.mt.co.kr/view/mtview.php?type=1&no=2013042314322366686&outlink=1
438,"폴크스바겐, 2500만원짜리 소형 해치백 폴로 출시",http://biz.chosun.com/site/data/html_dir/2013/04/23/2013042301103.html
439,"2490만원 독일車, 폴크스바겐 '폴로' 출시",http://www.segye.com/Articles/Car/NewCar/Article.asp?aid=20130423001623&subctg1=&subctg2=&OutUrl=naver
440,2000만원대 폭스바겐 '폴로' 나왔다,http://news1.kr/articles/1103405
441,2490만원짜리 폭스바겐 국내 상륙…‘폴로’ 출시,http://www.moneyweek.co.kr/news/mwView.php?type=1&no=2013042312428099588&outlink=1
442,"폭스바겐코리아, 폴로 1.6 TDI R-라인 출시",https://news.naver.com/main/read.naver?mode=LSD&mid=sec&sid1=103&oid=011&aid=0002324133
443,판매부진 2천만원대 수입차…'폴로' 출시로 반전?,http://www.mt.co.kr/view/mtview.php?type=1&no=2013042314322366686&outlink=1
444,"폴크스바겐, 2500만원짜리 소형 해치백 폴로 출시",http://biz.chosun.com/site/data/html_dir/2013/04/23/2013042301103.html
445,"2490만원 독일車, 폴크스바겐 '폴로' 출시",http://www.segye.com/Articles/Car/NewCar/Article.asp?aid=20130423001623&subctg1=&subctg2=&OutUrl=naver
446,2000만원대 독일車 폴로 출시…국산차 파장은,http://www.newspim.com/common/redirect.jsp?newsId=20130423000291
447,수입 소형차 열기 '후끈' … 25일 폴로 국내 시판,http://www.hankyung.com/news/app/newsview.php?aid=201304226136g
448,[Brand Story] 1.6ℓ직분사 터보 `폴로`의 힘,http://news.mk.co.kr/news_forward.php?domain=news&no=310723&year=2013
449,"2000만원대 중반 독일차, 폴로가 온다",http://www.mt.co.kr/view/mtview.php?type=1&no=2013041810010381874&outlink=1
450,폭스바겐 폴로 `이색 이벤트`로 출시 초읽기,http://sports.chosun.com/news/ntype.htm?id=201304200100159420012286&servicedate=20130419
451,[e-Car] 폭스바겐 폴로 출시 임박…업계 새 판도 짤까,http://www.ebn.co.kr/news/n_view.html?id=600550
452,"`국내 출시 임박` 폴로, WRC 3연승 쾌거!",http://sports.chosun.com/news/ntype.htm?id=201304180100139320010844&servicedate=20130417
453,"폭스바겐 폴로, WRC 3연승 달성",http://news.mk.co.kr/news_forward.php?domain=news&no=290880&year=2013
454,"폭스바겐 폴로, 2,490만원에 판매",http://autotimes.hankyung.com/apps/news.sub_view?popup=0&nid=03&c1=03&c2=03&c3=00&nkey=201304141531021
455,2000만 원대 폴크스바겐 폴로 “기대되는 이유는”,http://economy.donga.com/dongAuto/3/0111/20130411/54368783/2
456,AJUTV 아시아 최초 공개 폭스바겐 '폴로 1.6',http://www.ajunews.com/kor/view.jsp?newsId=20130404000520
457,"콤팩트 해치백 끝판왕, 폭스바겐 '폴로(Polo)' 직접 보니?",http://kr.aving.net/news/view.php?articleId=615042&Branch_ID=kr&rssid=naver&mn_name=news
458,폭스바겐 신형 '폴로' 이달 말 출시,http://news20.busan.com/controller/newsController.jsp?newsId=20130401000049
459,"폭스바겐 폴로, 출시 앞두고 공개 “2500만원에 나올까?”",http://www.mydaily.co.kr/new_yk/html/read.php?newsid=201303281416574435&ext=na
460,"`국내 출시 임박` 폴로, WRC 3연승 쾌거!",http://sports.chosun.com/news/ntype.htm?id=201304180100139320010844&servicedate=20130417
461,"폭스바겐 폴로, WRC 3연승 달성",http://news.mk.co.kr/news_forward.php?domain=news&no=290880&year=2013
462,"폭스바겐 폴로, 2,490만원에 판매",http://autotimes.hankyung.com/apps/news.sub_view?popup=0&nid=03&c1=03&c2=03&c3=00&nkey=201304141531021
463,2000만 원대 폴크스바겐 폴로 “기대되는 이유는”,http://economy.donga.com/dongAuto/3/0111/20130411/54368783/2
464,AJUTV 아시아 최초 공개 폭스바겐 '폴로 1.6',http://www.ajunews.com/kor/view.jsp?newsId=20130404000520
465,"콤팩트 해치백 끝판왕, 폭스바겐 '폴로(Polo)' 직접 보니?",http://kr.aving.net/news/view.php?articleId=615042&Branch_ID=kr&rssid=naver&mn_name=news
466,폭스바겐 신형 '폴로' 이달 말 출시,http://news20.busan.com/controller/newsController.jsp?newsId=20130401000049
467,"폭스바겐 폴로, 출시 앞두고 공개 “2500만원에 나올까?”",http://www.mydaily.co.kr/new_yk/html/read.php?newsid=201303281416574435&ext=na
468,폭스바겐 폴로 4월 출시.. 가격은 2000만원대,http://view.heraldcorp.com/view.php?ud=20130320000160
469,폭스바겐 폴로 서울모터쇼 국내 첫공개 ‘수입 소형차시장 대격변’,http://www.newsen.com/news_view.php?uid=201303191830514710
470,"폭스바겐 폴로, 2,490만원에 판매",http://autotimes.hankyung.com/apps/news.sub_view?popup=0&nid=03&c1=03&c2=03&c3=00&nkey=201304141531021
471,2000만 원대 폴크스바겐 폴로 “기대되는 이유는”,http://economy.donga.com/dongAuto/3/0111/20130411/54368783/2
472,AJUTV 아시아 최초 공개 폭스바겐 '폴로 1.6',http://www.ajunews.com/kor/view.jsp?newsId=20130404000520
473,"콤팩트 해치백 끝판왕, 폭스바겐 '폴로(Polo)' 직접 보니?",http://kr.aving.net/news/view.php?articleId=615042&Branch_ID=kr&rssid=naver&mn_name=news
474,폭스바겐 신형 '폴로' 이달 말 출시,http://news20.busan.com/controller/newsController.jsp?newsId=20130401000049
475,"폭스바겐 폴로, 출시 앞두고 공개 “2500만원에 나올까?”",http://www.mydaily.co.kr/new_yk/html/read.php?newsid=201303281416574435&ext=na
476,폭스바겐 폴로 4월 출시.. 가격은 2000만원대,http://view.heraldcorp.com/view.php?ud=20130320000160
477,폭스바겐 폴로 서울모터쇼 국내 첫공개 ‘수입 소형차시장 대격변’,http://www.newsen.com/news_view.php?uid=201303191830514710
478,"2000만원 중반, 폴크스바겐 폴로, 4월 출시",http://www.segye.com/Articles/Car/NewCar/Article.asp?aid=20130319002101&subctg1=&subctg2=&OutUrl=naver
479,"폭스바겐, 폴로 1.6 TDI R라인 등 20종 전시",http://www.asiae.co.kr/news/view.htm?idxno=2013031811193298519
480,폭스바겐 폴로 상반기 출시전 한국온다 ‘소형차 맞아? 막강성능’[포토엔],http://www.newsen.com/news_view.php?uid=201303191846464720
481,"2000만원 중반, 폴크스바겐 폴로, 4월 출시",http://www.segye.com/Articles/Car/NewCar/Article.asp?aid=20130319002101&subctg1=&subctg2=&OutUrl=naver
482,"폭스바겐, 폴로 1.6 TDI R라인 등 20종 전시",http://www.asiae.co.kr/news/view.htm?idxno=2013031811193298519
483,폭스바겐 '폴로' 서울모터쇼서 첫 공개,http://www.mt.co.kr/view/mtview.php?type=1&no=2013031411023052718&outlink=1
484,[수입차 봄의 질주] 폭스바겐 폴로,https://news.naver.com/main/read.naver?mode=LSD&mid=sec&sid1=101&oid=011&aid=0002305439
485,"폭스바겐 폴로 R WRC, 스웨덴 랠리 종합 우승",http://www2.enewstoday.co.kr/sub_read.html?uid=279849§ion=sc5
486,[판 뒤흔들 카]주요 타깃 2535...폭스바겐 폴로,http://www.asiae.co.kr/news/view.htm?idxno=2013021408054472563
487,폭스바겐 폴로 R WRC FIA 월드 랠리 챔피언십 2013 스웨덴 랠리 종합 우승,http://www.tvreport.co.kr/?c=news&m=newsview&idx=310298
488,"<2013 신차대전> 독일 소형차의 진수, 폴크스바겐 폴로",http://www.ajunews.com/common/redirect.jsp?newsId=20130131000582
489,"폭스바겐 폴로, 골프 빈자리 채울까?",http://autotimes.hankyung.com/apps/news.sub_view?popup=0&nid=03&c1=03&c2=03&c3=00&nkey=201301280020581
490,폭스바겐 폴로 R WRC FIA 월드 랠리 챔피언십 2013 스웨덴 랠리 종합 우승,http://www.tvreport.co.kr/?c=news&m=newsview&idx=310298
491,"<2013 신차대전> 독일 소형차의 진수, 폴크스바겐 폴로",http://www.ajunews.com/common/redirect.jsp?newsId=20130131000582
492,"폭스바겐 폴로, 골프 빈자리 채울까?",http://autotimes.hankyung.com/apps/news.sub_view?popup=0&nid=03&c1=03&c2=03&c3=00&nkey=201301280020581
493,"폭스바겐 폴로 R WRC, 몬테카를로 랠리에서 준우승",http://www.econovill.com/archives/64127
494,"[2013 신차④]폭스바겐, ""폴로로 소형 해치백 시장 주도""",http://autotimes.hankyung.com/apps/news.sub_view?popup=0&nid=03&c1=03&c2=03&c3=00&nkey=201301221519241
495,"폴로R, WRC 데뷔전 준우승, 카레이싱팬들 '역시 폭스바겐!'",http://sports.chosun.com/news/ntype.htm?id=201301220100133980011187&servicedate=20130122
496,친퀘첸토·폴로 등 2000만원대 수입차가 몰려온다,http://news1.kr/articles/970577
497,"[2015 서울모터쇼] 폭스바겐, 2000만원대 ‘신형 폴로’ 출시… 티구안 돌풍 이어갈까",http://www.etoday.co.kr/news/section/newsview.php?idxno=1102006
498,"골프 동생 ‘폴로’, 독(獨)한 바람 몰고올까?",http://news.mk.co.kr/news_forward.php?domain=news&no=843309&year=2012
499,"폭스바겐, 소형차 '폴로' 부탁해! … ""수입차 2위 도전""",http://www.hankyung.com/news/app/newsview.php?aid=201212189338g
