,title,url
0,"크라이슬러 PT크루저, 역사속으로",https://news.naver.com/main/read.naver?mode=LSD&mid=sec&sid1=101&oid=001&aid=0003377319
1,"크라이슬러, CJ오쇼핑서 PT크루저 판매",http://www.ajnews.co.kr/uhtml/read.jsp?idxno=200909091230112260988
2,"크라이슬러 PT 크루저, 벤츠 CLS 트렁크에 골프백 4개 안들어가",http://www.fnnews.com/view?ra=Sent0601m_01A&corp=fnnews&arcid=111110141129&cDateYear=2011&cDateMonth=11&cDateDay=10&
3,"크라이슬러 PT크루저, 100만 대 생산 돌파",http://www.moneytoday.co.kr/view/mtview.php?type=1&no=2006031411332190203&outlink=1
4,"크라이슬러, PT크루저 타러가자",http://www.moneytoday.co.kr/view/mtview.php?type=1&no=2007070511060813954&outlink=1
5,[명차 나들이] 크라이슬러 'PT크루저 카브리오',https://news.naver.com/main/read.naver?mode=LSD&mid=sec&sid1=103&oid=011&aid=0000174810
6,"크라이슬러, 4인승PT 크루저 카브리오시판",https://news.naver.com/main/read.naver?mode=LSD&mid=sec&sid1=101&oid=008&aid=0000497826
7,크라이슬러 'PT크루저' 공식 출시,https://news.naver.com/main/read.naver?mode=LSD&mid=sec&sid1=101&oid=009&aid=0000034779
8,［시승기］다임러크라이슬러 PT크루저,https://news.naver.com/main/read.naver?mode=LSD&mid=sec&sid1=101&oid=032&aid=0000020678
9,"크라이슬러, PT크루저와 그랜드 보이저 등록취득세 지원",https://news.naver.com/main/read.naver?mode=LSD&mid=sec&sid1=103&oid=112&aid=0000012351
10,"[기업] 크라이슬러, 'PT 크루저' 경품행사",https://news.naver.com/main/read.naver?mode=LSD&mid=sec&sid1=101&oid=008&aid=0000266207
11,독일 오토쇼에 선보인 크라이슬러 PT 크루저 컨버터블,https://news.naver.com/main/read.naver?mode=LSD&mid=sec&sid1=104&oid=001&aid=0000624779
12,"다임러크라이슬러코리아, PT크루저 구입고객 경품행사",https://news.naver.com/main/read.naver?mode=LSD&mid=sec&sid1=101&oid=015&aid=0000505615
13,'PT 크루저' 인기폭발 .. 예약 밀려...생산 늘려,https://news.naver.com/main/read.naver?mode=LSD&mid=sec&sid1=110&oid=015&aid=0000253582
14,[시승기] 다임러 ‘PT 크루저’,https://news.naver.com/main/read.naver?mode=LSD&mid=sec&sid1=101&oid=014&aid=0000075017
15,PT크루저·새턴·험머 `역사 속으로`,http://www.edaily.co.kr/news/newspath.asp?newsid=02187766589592160
16,"PT크루저, 품절車라 더 매력있네",http://news.mk.co.kr/news_forward.php?no=711467&year=2011
17,경품추첨으로 PT크루저 증정,https://news.naver.com/main/read.naver?mode=LSD&mid=sec&sid1=101&oid=001&aid=0000381967
18,미국은 왜 'PT크루저'에 열광할까,http://www.hankyung.com/news/app/newsview.php?aid=2007011987661
19,"다임크라이슬러, 3월 주요 차종 무이자할부 시행",http://www.edaily.co.kr/news/newspath.asp?newsid=01679366579779384
20,"크라이슬러, 대대적인 판촉 공세",https://news.naver.com/main/read.naver?mode=LSD&mid=sec&sid1=101&oid=112&aid=0000010228
21,[자동차·정유업계 5월 大축제]다임러크라이슬러，24개월 무이자 할부 프로그램,https://news.naver.com/main/read.naver?mode=LSD&mid=sec&sid1=101&oid=014&aid=0000174000
22,"크라이슬러, 미국인이 가장 사랑하는 차",https://news.naver.com/main/read.naver?mode=LSD&mid=sec&sid1=104&oid=009&aid=0000132693
23,"크라이슬러, 10월 금융서비스 강화",http://www.ajnews.co.kr/uhtml/read.jsp?idxno=200910051224137160389
24,"다임러크라이슬러, 6월 구매고객 각종 지원",http://www.moneytoday.co.kr/view/mtview.php?type=1&no=2005060210563791405&outlink=1
25,"다임러크라이슬러 ""웰빙프로그램 받아보세요""",http://www.moneytoday.co.kr/view/mtview.php?type=1&no=2005090610422903179&outlink=1
26,"다임러크라이슬러코리아, 할부금융 본격 실시",https://news.naver.com/main/read.naver?mode=LSD&mid=sec&sid1=101&oid=001&aid=0000329343
27,"다임러크라이슬러, 10월 파격 프로모션",http://www.moneytoday.co.kr/view/mtview.php?type=1&no=2005100310095531439&outlink=1
28,"크라이슬러, 43.8만대 리콜",https://news.naver.com/main/read.naver?mode=LSD&mid=sec&sid1=101&oid=008&aid=0000416033
29,"다임러크라이슬러, 11월프로모션&무상점검",http://www.moneytoday.co.kr/view/mtview.php?type=1&no=2005110209205058873&outlink=1
30,[타고파]9.4㎞/ℓ 연비 크라이슬러 세브링 컨버터블,http://www.nspna.com/news/index.html?mode=view&cate1_id=6&cate2_id=45&number=11486
31,"크라이슬러, 1.1만명 감원-4개 모델 생산 중단",http://www.edaily.co.kr/news/newspath.asp?newsid=01095526583321784
32,"크라이슬러, 전 브랜드 프로모션 실시",http://www.edaily.co.kr/news/newspath.asp?newsid=02135286583288656
33,차값 할인 경쟁 '드라이브'…다임러크라이슬러 이어 포드ㆍBMW도 가세,http://www.hankyung.com/news/app/newsview.php?aid=2007062686601
34,"크라이슬러, MBC드라마 차량 협찬",http://www.moneytoday.co.kr/view/mtview.php?type=1&no=2006032009280399404&outlink=1
35,다임러크라이슬러 스키장 이벤트,https://news.naver.com/main/read.naver?mode=LSD&mid=sec&sid1=103&oid=112&aid=0000025230
36,[산업 다이제스트]다임러크라이슬러 할부·보상판매 행사,https://news.naver.com/main/read.naver?mode=LSD&mid=sec&sid1=101&oid=014&aid=0000172870
37,EXR， 다임러크라이슬러사와 공동 프로모션,https://news.naver.com/main/read.naver?mode=LSD&mid=sec&sid1=101&oid=014&aid=0000170488
38,"[기업] 다임러크라이슬러, 추석맞이 특별할인",https://news.naver.com/main/read.naver?mode=LSD&mid=sec&sid1=101&oid=008&aid=0000317060
39,"크라이슬러, 온라인 중고차 경매 개시",https://news.naver.com/main/read.naver?mode=LSD&mid=sec&sid1=101&oid=009&aid=0000178752
40,"[6월 판매조건] 크라이슬러, 300C 초기 부담 더 낮춰",http://www.ajnews.co.kr/uhtml/read.jsp?idxno=201006031418028500032
41,"크라이슬러 ""월 13만9000원으로 300C 3.5 오너 돼세요""",https://news.naver.com/main/read.naver?mode=LSD&mid=sec&sid1=101&oid=003&aid=0003268213
42,[자동차특집]크라이슬러 36개월 유예리스 선뵈,http://www.etoday.co.kr/news/section/newsview.php?TM=news&SM=0405&idxno=317177
43,"크라이슬러 ""5월 300C 사면 1년치 주유비 제공""",http://www.etoday.co.kr/news/section/newsview.php?TM=news&SM=0405&idxno=312679
44,"크라이슬러, 닛산-르노에 '지프' 매각 추진",http://www.autotimes.co.kr/article_view.php?id=40528
45,"크라이슬러, 퍼시피카-닷지듀랑고 '파격할인'",http://www.moneytoday.co.kr/view/mtview.php?type=1&no=2008060913245667163&outlink=1
46,"크라이슬러, 짚, 닷지 5월 프로모션",http://www.khan.co.kr/kh_news/art_view.html?artid=200805071035172&code=920508
47,"크라이슬러, 신차 구매·리스 고객 기름값 부담덜기 판촉",https://news.naver.com/main/read.naver?mode=LSD&mid=sec&sid1=101&oid=003&aid=0002079858
48,"크라이슬러, 최장 36개월 무이자 할부프로그램",http://www.moneytoday.co.kr/view/mtview.php?type=1&no=2008040313331031001&outlink=1
49,"크라이슬러 ""2월에 풍성한 혜택 받아가세요""",http://www.edaily.co.kr/news/newspath.asp?newsid=01479286586307240
50,"크라이슬러, '무이자 할부는 계속된다'",http://www.e-today.co.kr/200707/news/newsview.php?TM=news&SM=0101&idxno=148007
51,크라이슬러 무이자 할부 등 프로모션 진행,http://www.fnnews.com/view?ra=Sent0601m_01A&corp=fnnews&arcid=00000921139805&cDateYear=2007&cDateMonth=11&cDateDay=01&
52,"크라이슬러, 서버러스 피인수 후 첫 구조조정",http://www.edaily.co.kr/news/newspath.asp?newsid=02492806583294232
53,"[car & trend] 크라이슬러, 달릴때 흔들림ㆍ소음 거의 못느껴",https://news.naver.com/main/read.naver?mode=LSD&mid=sec&sid1=103&oid=009&aid=0000419858
54,"[서울모터쇼]다임러크라이슬러, 360도 회전하는 허리케인",http://www.moneytoday.co.kr/view/mtview.php?type=1&no=2007040615064724384&outlink=1
55,크라이슬러 온라인 게임으로 만난다,https://news.naver.com/main/read.naver?mode=LSD&mid=sec&sid1=101&oid=003&aid=0000256301
56,"크라이슬러, ‘GM, 포드와 비교하지마’",https://news.naver.com/main/read.naver?mode=LSD&mid=sec&sid1=103&oid=112&aid=0000023479
57,"크라이슬러, 3000만원대 컨버터블 2009년형 출시",http://www.dt.co.kr/contents.html?article_no=2008110402011232718001
58,"다임러크라이슬러, LG백화점과 공동마케팅",https://news.naver.com/main/read.naver?mode=LSD&mid=sec&sid1=101&oid=001&aid=0000434978
59,"다임러크라이슬러, LG이숍과 바캉스 이벤트",https://news.naver.com/main/read.naver?mode=LSD&mid=sec&sid1=101&oid=018&aid=0000049947
60,"[기업] 다임러크라이슬러 ""독일 기업소개전 참가""",https://news.naver.com/main/read.naver?mode=LSD&mid=sec&sid1=101&oid=008&aid=0000288682
61,"[기업] 다임러크라이슬러""모터쇼서 51대 판매""",https://news.naver.com/main/read.naver?mode=LSD&mid=sec&sid1=101&oid=008&aid=0000280884
62,"크라이슬러, 40% 비용 절감 계획",https://news.naver.com/main/read.naver?mode=LSD&mid=sec&sid1=101&oid=009&aid=0000126467
63,다임러크라이슬러，“차량 파손시 새차로 교환”,https://news.naver.com/main/read.naver?mode=LSD&mid=sec&oid=014&aid=0000113888
64,"다임러크라이슬러, 36개월 무이자 할부",https://news.naver.com/main/read.naver?mode=LSD&mid=sec&sid1=101&oid=018&aid=0000080290
65,"다임러크라이슬러, 금호렌터카 회원 40% 할인",https://news.naver.com/main/read.naver?mode=LSD&mid=sec&sid1=101&oid=018&aid=0000062299
66,"크라이슬러코리아, 36개월 무이자할부 연장",https://news.naver.com/main/read.naver?mode=LSD&mid=sec&sid1=101&oid=018&aid=0000043695
67,고객들 직접 찾아가는 크라이슬러,https://news.naver.com/main/read.naver?mode=LSD&mid=sec&sid1=101&oid=001&aid=0002065492
68,"다임러크라이슬러, 무이자 할부 실시",https://news.naver.com/main/read.naver?mode=LSD&mid=sec&sid1=101&oid=001&aid=0001261432
69,[Cover Story] 상상력과 기술의 접목...인문학이 경영을 바꾼다,http://www.hankyung.com/news/app/newsview.php?aid=2011102102461
70,[경제] 경영을 바꾸는 ‘인문학의 힘’,http://www.donga.com/docs/magazine/viewer.php?mgz_part=weekly&n=201110100500012
71,"다임러코리아,'중저가' 고객 확보 나선다",https://news.naver.com/main/read.naver?mode=LSD&mid=sec&sid1=101&oid=008&aid=0000403688
72,수입車는 비싸다? 이제는 옛말,https://news.naver.com/main/read.naver?mode=LSD&mid=sec&oid=016&aid=0000126350
73,[카라이프] 세심한 손길로 `여심`을 훔쳐라,https://news.naver.com/main/read.naver?mode=LSD&mid=sec&sid1=105&oid=029&aid=0000025079
74,2000만원대 국산차와 수입차 `안방` 대충돌,http://news.mk.co.kr/news_forward.php?no=138573&year=2010
75,[자동차 파일]르노삼성 ‘SM7 플레져 에디션’ 출시 外,http://www.donga.com/fbin/output?n=200707060035
76,컨버터블 ‘유혹의 뚜껑’ 오픈,http://www.segye.com/Service5/ShellView.asp?TreeID=1052&PCode=0007&DataID=200705231037000110
77,[Car & Trend] 수입차 가격부담 '쏙~' 뺐어요,http://news.mk.co.kr/newsRead.php?no=447830&year=2006
78,신부만큼 사랑스러운 럭셔리 '웨딩카',http://www.moneytoday.co.kr/view/mtview.php?type=1&no=2008043018134673298&outlink=1
79,3000만원대 수입차 선택폭 넓어졌다,https://news.naver.com/main/read.naver?mode=LSD&mid=sec&sid1=101&oid=015&aid=0000851546
80,<중저가 소형 수입차시장 각축전>,https://news.naver.com/main/read.naver?mode=LSD&mid=sec&sid1=101&oid=001&aid=0000999026
81,"[찬찬히 뜯어 보는 FTA] 자동차 : 미국산 車, 국산車보다 싸질수도",http://www.hankyung.com/news/app/newsview.php?aid=2007040334481
82,“한국형 CUV(크로스오버차량)” 안으로 눈을 돌려라,http://www.donga.com/fbin/output?n=200604180072
83,수입차 시장에 웬 복고풍?,https://news.naver.com/main/read.naver?mode=LSD&mid=sec&sid1=101&oid=020&aid=0000020342
84,“바캉스 새차 타고 가세요”,https://news.naver.com/main/read.naver?mode=LSD&mid=sec&sid1=101&oid=014&aid=0000182548
85,"""내 스타일에 맞는 '애마' 골라볼까""",https://news.naver.com/main/read.naver?mode=LSD&mid=sec&sid1=101&oid=011&aid=0000127904
86,오픈카에 몸싣고 바람속 달려볼까,https://news.naver.com/main/read.naver?mode=LSD&mid=sec&sid1=103&oid=016&aid=0000162379
87,[Car & Travel]튀는 디자인＋합리적 가격…수입차시장 점유율 8%,http://www.donga.com/fbin/output?n=200710250140
88,3000만원대 수입차 ''봇물'',https://news.naver.com/main/read.naver?mode=LSD&mid=sec&oid=022&aid=0000028914
89,차종 만큼 다양한 수입차 고객잡기 경쟁,http://www.busanilbo.com/news2000/html/2007/0903/020020070903.1018105307.html
90,[자동차 봄날이 온다] 수입차는 비싸다? \“편견을 버려\“,https://news.naver.com/main/read.naver?mode=LSD&mid=sec&oid=011&aid=0000024188
91,[자동차 단신]''뉴SM5'' 사전예약 실시 외,https://news.naver.com/main/read.naver?mode=LSD&mid=sec&sid1=101&oid=022&aid=0000076095
92,[Car&Life] 부담없는 수입차 대중곁으로,http://news.mk.co.kr/news_forward.php?no=101616&year=2007
93,자동차 할인판매 ‘전쟁’,https://news.naver.com/main/read.naver?mode=LSD&mid=sec&sid1=101&oid=032&aid=0000012778
94,겨울엔 차 팔러 스키장으로 .. 마케팅 취적지,https://news.naver.com/main/read.naver?mode=LSD&mid=sec&sid1=103&oid=015&aid=0000860815
95,"[COVER STORY] 수입차 마케팅, ‘학연ㆍ지연ㆍ혈연’ 점조직",https://news.naver.com/main/read.naver?mode=LSD&mid=sec&sid1=114&oid=050&aid=0000001430
96,"다임러, 인기 SUV 46만대 리콜",https://news.naver.com/main/read.naver?mode=LSD&mid=sec&sid1=101&oid=008&aid=0000195074
97,엔진에 문제 가장 많은 모델 TOP 8,http://www.thedrive.co.kr/news/newsview.php?ncode=1065594590687845
98,[Bestselling Car] 미국 브랜드의 부활···탄탄한 기본기가 품격을 만든다,https://www.sedaily.com/NewsView/1Z450V3VF4
99,‘너무 별로였던’ 2000년대 최악의 車 TOP 10,http://www.thedrive.co.kr/news/newsview.php?ncode=1065599916466127
100,"[기업] 다임러크라이슬러""모터쇼서 51대 판매""",https://news.naver.com/main/read.naver?mode=LSD&mid=sec&sid1=101&oid=008&aid=0000280884
101,"[기업] 크라이슬러코리아,경품행사 실시",https://news.naver.com/main/read.naver?mode=LSD&mid=sec&sid1=101&oid=008&aid=0000167562
102,"크라이슬러, 40% 비용 절감 계획",https://news.naver.com/main/read.naver?mode=LSD&mid=sec&sid1=101&oid=009&aid=0000126467
103,다임러크라이슬러，“차량 파손시 새차로 교환”,https://news.naver.com/main/read.naver?mode=LSD&mid=sec&oid=014&aid=0000113888
104,"다임러크라이슬러, 36개월 무이자 할부",https://news.naver.com/main/read.naver?mode=LSD&mid=sec&sid1=101&oid=018&aid=0000080290
105,"다임러크라이슬러, 금호렌터카 회원 40% 할인",https://news.naver.com/main/read.naver?mode=LSD&mid=sec&sid1=101&oid=018&aid=0000062299
106,"크라이슬러코리아, 36개월 무이자할부 연장",https://news.naver.com/main/read.naver?mode=LSD&mid=sec&sid1=101&oid=018&aid=0000043695
107,고객들 직접 찾아가는 크라이슬러,https://news.naver.com/main/read.naver?mode=LSD&mid=sec&sid1=101&oid=001&aid=0002065492
108,"크라이슬러, 24~36개월 무이자 할부 시행",http://www.edaily.co.kr/news/newspath.asp?newsid=02214006586372512
109,"다임러크라이슬러, 무이자 할부 실시",https://news.naver.com/main/read.naver?mode=LSD&mid=sec&sid1=101&oid=001&aid=0001261432
110,고객들 직접 찾아가는 크라이슬러,https://news.naver.com/main/read.naver?mode=LSD&mid=sec&sid1=101&oid=001&aid=0002065481
111,"크라이슬러, 24~36개월 무이자 할부 시행",http://www.edaily.co.kr/news/newspath.asp?newsid=02214006586372512
112,"다임러크라이슬러, 무이자 할부 실시",https://news.naver.com/main/read.naver?mode=LSD&mid=sec&sid1=101&oid=001&aid=0001261432
113,골프백이 가장 많이 들어가는 세단은,https://news.naver.com/main/read.naver?mode=LSD&mid=sec&sid1=103&oid=001&aid=0005364784
114,[Cover Story] 상상력과 기술의 접목...인문학이 경영을 바꾼다,http://www.hankyung.com/news/app/newsview.php?aid=2011102102461
115,[경제] 경영을 바꾸는 ‘인문학의 힘’,http://www.donga.com/docs/magazine/viewer.php?mgz_part=weekly&n=201110100500012
116,다임러， 6월 공격 마케팅 나서,https://news.naver.com/main/read.naver?mode=LSD&mid=sec&sid1=101&oid=014&aid=0000177606
117,"다임러코리아,'중저가' 고객 확보 나선다",https://news.naver.com/main/read.naver?mode=LSD&mid=sec&sid1=101&oid=008&aid=0000403688
118,수입車는 비싸다? 이제는 옛말,https://news.naver.com/main/read.naver?mode=LSD&mid=sec&oid=016&aid=0000126350
119,[카라이프] 세심한 손길로 `여심`을 훔쳐라,https://news.naver.com/main/read.naver?mode=LSD&mid=sec&sid1=105&oid=029&aid=0000025079
120,다임러， 6월 공격 마케팅 나서,https://news.naver.com/main/read.naver?mode=LSD&mid=sec&sid1=101&oid=014&aid=0000177606
121,골프백이 가장 많이 들어가는 세단은?,http://fn.segye.com/articles/article.asp?aid=20111110003189&cid=0501010000000
122,"다임러코리아,'중저가' 고객 확보 나선다",https://news.naver.com/main/read.naver?mode=LSD&mid=sec&sid1=101&oid=008&aid=0000403688
123,수입車는 비싸다? 이제는 옛말,https://news.naver.com/main/read.naver?mode=LSD&mid=sec&oid=016&aid=0000126350
124,[카라이프] 세심한 손길로 `여심`을 훔쳐라,https://news.naver.com/main/read.naver?mode=LSD&mid=sec&sid1=105&oid=029&aid=0000025079
125,2000만원대 국산차와 수입차 `안방` 대충돌,http://news.mk.co.kr/news_forward.php?no=138573&year=2010
126,[자동차 파일]르노삼성 ‘SM7 플레져 에디션’ 출시 外,http://www.donga.com/fbin/output?n=200707060035
127,"별 걸 다 파는 홈쇼핑, 이젠 수입차도 판다",http://www.newsen.com/news_view.php?uid=200909091606581001
128,컨버터블 ‘유혹의 뚜껑’ 오픈,http://www.segye.com/Service5/ShellView.asp?TreeID=1052&PCode=0007&DataID=200705231037000110
129,[Car & Trend] 수입차 가격부담 '쏙~' 뺐어요,http://news.mk.co.kr/newsRead.php?no=447830&year=2006
130,신부만큼 사랑스러운 럭셔리 '웨딩카',http://www.moneytoday.co.kr/view/mtview.php?type=1&no=2008043018134673298&outlink=1
131,3000만원대 수입차 선택폭 넓어졌다,https://news.naver.com/main/read.naver?mode=LSD&mid=sec&sid1=101&oid=015&aid=0000851546
132,<중저가 소형 수입차시장 각축전>,https://news.naver.com/main/read.naver?mode=LSD&mid=sec&sid1=101&oid=001&aid=0000999026
133,"[찬찬히 뜯어 보는 FTA] 자동차 : 미국산 車, 국산車보다 싸질수도",http://www.hankyung.com/news/app/newsview.php?aid=2007040334481
134,“한국형 CUV(크로스오버차량)” 안으로 눈을 돌려라,http://www.donga.com/fbin/output?n=200604180072
135,수입차 시장에 웬 복고풍?,https://news.naver.com/main/read.naver?mode=LSD&mid=sec&sid1=101&oid=020&aid=0000020342
136,2009년형 세브링 컨버터블 ‘가격은 ↓ 연비는 ↑’,http://news.mk.co.kr/news_forward.php?no=669946&year=2008
137,“바캉스 새차 타고 가세요”,https://news.naver.com/main/read.naver?mode=LSD&mid=sec&sid1=101&oid=014&aid=0000182548
138,"""내 스타일에 맞는 '애마' 골라볼까""",https://news.naver.com/main/read.naver?mode=LSD&mid=sec&sid1=101&oid=011&aid=0000127904
139,오픈카에 몸싣고 바람속 달려볼까,https://news.naver.com/main/read.naver?mode=LSD&mid=sec&sid1=103&oid=016&aid=0000162379
140,[Car & Travel]튀는 디자인＋합리적 가격…수입차시장 점유율 8%,http://www.donga.com/fbin/output?n=200710250140
141,3000만원대 수입차 ''봇물'',https://news.naver.com/main/read.naver?mode=LSD&mid=sec&oid=022&aid=0000028914
142,차종 만큼 다양한 수입차 고객잡기 경쟁,http://www.busanilbo.com/news2000/html/2007/0903/020020070903.1018105307.html
143,[자동차 봄날이 온다] 수입차는 비싸다? \“편견을 버려\“,https://news.naver.com/main/read.naver?mode=LSD&mid=sec&oid=011&aid=0000024188
144,[자동차 단신]''뉴SM5'' 사전예약 실시 외,https://news.naver.com/main/read.naver?mode=LSD&mid=sec&sid1=101&oid=022&aid=0000076095
145,[Car&Life] 부담없는 수입차 대중곁으로,http://news.mk.co.kr/news_forward.php?no=101616&year=2007
146,자동차 할인판매 ‘전쟁’,https://news.naver.com/main/read.naver?mode=LSD&mid=sec&sid1=101&oid=032&aid=0000012778
147,"다임러코리아, 무이자 할부 프로그램 실시",http://www.moneytoday.co.kr/view/mtview.php?type=1&no=2006030211001923307&outlink=1
148,겨울엔 차 팔러 스키장으로 .. 마케팅 취적지,https://news.naver.com/main/read.naver?mode=LSD&mid=sec&sid1=103&oid=015&aid=0000860815
149,"[COVER STORY] 수입차 마케팅, ‘학연ㆍ지연ㆍ혈연’ 점조직",https://news.naver.com/main/read.naver?mode=LSD&mid=sec&sid1=114&oid=050&aid=0000001430
150,"다임러, 인기 SUV 46만대 리콜",https://news.naver.com/main/read.naver?mode=LSD&mid=sec&sid1=101&oid=008&aid=0000195074
151,엔진에 문제 가장 많은 모델 TOP 8,http://www.thedrive.co.kr/news/newsview.php?ncode=1065594590687845
152,[Bestselling Car] 미국 브랜드의 부활···탄탄한 기본기가 품격을 만든다,https://www.sedaily.com/NewsView/1Z450V3VF4
153,‘너무 별로였던’ 2000년대 최악의 車 TOP 10,http://www.thedrive.co.kr/news/newsview.php?ncode=1065599916466127
154,“중고차 구입 이 모델은 피하세요”,http://www.koreadaily.com/news/read.asp?art_id=9133047
155,"[최기성의 허브車] `가성비` 좋은 500만원대 수입차, 후회없이 사려면",http://news.mk.co.kr/newsRead.php?year=2017&no=296283
156,[정수남의 영화와 車이야기]눈많은곳‘랜드로버’적격,http://www.fntimes.com/paper/view.aspx?num=148128
157,[커버스토리] 자동차 튜닝 매직 `AAPEX & SEMA SHOW`,http://news.mk.co.kr/news_forward.php?domain=news&no=753047&year=2011
158,[Cover Story] 신세대 웨딩카는 깜찍한 수입차,http://news.mk.co.kr/news_forward.php?no=185225&year=2010
159,내차는‘골프백 □개’..트렁크 크기 기준이 변한다,http://www.ajnews.co.kr/common/redirect.jsp?newsId=20111110000483
160,골프백 가장 많이 실을수 있는 세단은?,http://news.kukinews.com/article/view.asp?page=1&gCode=cul&arcid=0005542825&cp=nv
161,"엑센트보다 싼 수입차, 사도 괜찮을까?",http://news.mk.co.kr/news_forward.php?no=589115&year=2011
162,[Car & Maker] 컨버터블 타고 바람을 가른다,https://news.naver.com/main/read.naver?mode=LSD&mid=sec&sid1=103&oid=009&aid=0000511512
163,튀어야 산다 ‘개성만점 車 베스트 7’,http://news.mk.co.kr/news_forward.php?no=395869&year=2010
164,컨버터블 타고 허니문 떠나볼까,https://news.naver.com/main/read.naver?mode=LSD&mid=sec&sid1=101&oid=011&aid=0001968281
165,<부산모터쇼 프리뷰中> 외국업체(1),http://www.cbs.co.kr/Nocut/Show.asp?IDX=216901
166,[차ㆍ차ㆍ차] 관심모델,https://news.naver.com/main/read.naver?mode=LSD&mid=sec&sid1=110&oid=009&aid=0000411472
167,중형.SUV도 3천만원대 ‘질주’ .. 수입차시장 흽쓴다,https://news.naver.com/main/read.naver?mode=LSD&mid=sec&sid1=103&oid=015&aid=0000851542
168,9월 10일 오토 브리핑,http://www.hani.co.kr/arti/economy/car/375930.html
169,만화속 뛰쳐나오듯 女心 흔드는 그녀석,http://www.asiae.co.kr/news/view.htm?idxno=2009082414312129912
170,9월 10일 오토 브리핑,http://www.hani.co.kr/arti/economy/car/375930.html
171,만화속 뛰쳐나오듯 女心 흔드는 그녀석,http://www.asiae.co.kr/news/view.htm?idxno=2009082414312129912
172,컨버터블 싸졌네…3천만원대 모델 잇단 출시,http://www.khan.co.kr/kh_news/art_view.html?artid=200606121758281&code=920501
173,차 한대 사면 두번째 차는 거의 공짜,https://news.naver.com/main/read.naver?mode=LSD&mid=sec&sid1=104&oid=001&aid=0002371190
174,3천만원대 중저가 수입자동차 골라보세요,https://news.naver.com/main/read.naver?mode=LSD&mid=sec&sid1=101&oid=015&aid=0000511894
175,"[최기성의 허브車]스파크·모닝보다 싼 수입차, ‘탈 없이’ 타볼까?",https://www.mk.co.kr/opinion/columnists/view/2020/01/102167/
176,[car & marketing] 기름넣으면 경품이 車ㆍ아파트,https://news.naver.com/main/read.naver?mode=LSD&mid=sec&sid1=103&oid=009&aid=0000434414
177,수입車 시장 가격 양극화 뚜렷,https://news.naver.com/main/read.naver?mode=LSD&mid=sec&sid1=101&oid=015&aid=0000413566
178,봄바람 살랑살랑 `오픈카 앓이` 렌터카로 날려요,http://news.mk.co.kr/news_forward.php?domain=news&no=276742&year=2012
179,[car & life] 고전적 외관…성능ㆍ승차감 첨단,https://news.naver.com/main/read.naver?mode=LSD&mid=sec&sid1=101&oid=009&aid=0000367286
180,봄바람 살랑살랑 `오픈카 앓이` 렌터카로 날려요,http://news.mk.co.kr/news_forward.php?domain=news&no=276742&year=2012
181,[car & life] 고전적 외관…성능ㆍ승차감 첨단,https://news.naver.com/main/read.naver?mode=LSD&mid=sec&sid1=101&oid=009&aid=0000367286
182,미녀는 '미니 쿠퍼'를 좋아해 … 실용성 · 편리함 모두 만족,http://www.hankyung.com/news/app/newsview.php?aid=2007012354451
183,"‘통 큰 세단’, 골프 덕 좀 보려나?",http://news.mk.co.kr/news_forward.php?domain=news&no=793252&year=2011
184,[차ㆍ차ㆍ차] 드라마에서 보았던 그 차 알고보니 수입SUV였네,http://news.mk.co.kr/newsRead.php?no=378957&year=2006
185,골프장 갈 때 절대 타면 안 되는 車는?,http://news.donga.com/3/all/20111110/41773991/2
186,‘오픈 카’ 열풍 여름 도로 달군다…BMW ‘650i’등 인기몰이,https://news.naver.com/main/read.naver?mode=LSD&mid=sec&sid1=103&oid=014&aid=0000232536
187,[car & trend] 수입차 사고싶다면 7월이 가기전에…,https://news.naver.com/main/read.naver?mode=LSD&mid=sec&sid1=103&oid=009&aid=0000451332
188,"""아직도 안에 있어?"", 경품타려 '20일' 동안 차 안에",https://news.naver.com/main/read.naver?mode=LSD&mid=sec&sid1=104&oid=079&aid=0000042879
189,"수입차, 6월은 한국 공략의 달",https://news.naver.com/main/read.naver?mode=LSD&mid=sec&sid1=101&oid=112&aid=0000008690
190,"""아직도 안에 있어?"", 경품타려 '20일' 동안 차 안에",https://news.naver.com/main/read.naver?mode=LSD&mid=sec&sid1=104&oid=079&aid=0000042879
191,"수입차, 6월은 한국 공략의 달",https://news.naver.com/main/read.naver?mode=LSD&mid=sec&sid1=101&oid=112&aid=0000008690
192,[car & marketing] 정유사 가을이벤트 푸짐,https://news.naver.com/main/read.naver?mode=LSD&mid=sec&sid1=103&oid=009&aid=0000398414
193,"성수기맞은 수입차 ""고객속으로""",https://news.naver.com/main/read.naver?mode=LSD&mid=sec&sid1=101&oid=008&aid=0000410689
194,"다임러, `PT크루저` 컨버터블 모델 출시",https://news.naver.com/main/read.naver?mode=LSD&mid=sec&sid1=101&oid=018&aid=0000244520
195,"[자동차세상]수입차 ""이젠 빌려서 타세요""",https://news.naver.com/main/read.naver?mode=LSD&mid=sec&sid1=101&oid=008&aid=0000271296
196,수입차 국내시장 공략 시작됐다,http://www.moneytoday.co.kr/view/mtview.php?type=1&no=2005092315043074914&outlink=1
197,"[코스닥] 골드뱅크 ""농구단,코리아텐더로 개명""",https://news.naver.com/main/read.naver?mode=LSD&mid=sec&sid1=101&oid=008&aid=0000071346
198,남자의 ‘로망’ 오픈카…햇살은 담고 바람은 가른다,http://news.mk.co.kr/news_forward.php?no=281246&year=2011
199,쌍용 로디우스..'가장 못생긴 차' 50선,http://www.moneytoday.co.kr/view/mtview.php?type=1&no=2009112314285554955&outlink=1
200,쌍용 로디우스..'가장 못생긴 차' 50선,http://www.moneytoday.co.kr/view/mtview.php?type=1&no=2009112314285554955&outlink=1
201,[수입차 모터쇼] '이런車 한번 타봤으면...' .. '이모저모',https://news.naver.com/main/read.naver?mode=LSD&mid=sec&sid1=101&oid=015&aid=0000002419
202,"[골프단신]웍스골프, 경품 사은행사 外",http://www.heraldbiz.com/SITE/data/html_dir/2007/10/02/200710020142.asp
203,[브리핑] 에덴밸리 VIP 회원 모집,http://www.busanilbo.com/news2000/html/2007/1002/080020071002.1022102845.html
204,"<골프소식> 웍스골프, 장타대회 우승기념 사은행사",https://sports.news.naver.com/news.nhn?oid=001&aid=0001768789
205,GM 등 자구책 제출…美 정부 '살릴까 말까?',http://www.seoulfn.com/news/articleView.html?idxno=59172
206,[Car & Travel]컨버터블 전성시대 오나,http://www.donga.com/fbin/output?n=200704190014
207,[자동차] 깜찍 예쁜차 女 보세요 뜨거운 유혹,http://news.sportskhan.net/?cat=view&art_id=200701292200593&sec_id=560101&pt=nv
208,2000만원대 외제차가 몰려온다,http://www.donga.com/fbin/output?n=200611290058
209,2057만원 국산차 타느니 2660만원 외제차 탄다?,http://www.donga.com/fbin/output?n=200608110043
210,"“300C 디젤 사고, 골프도 배우고”",http://www.nspna.com/news/index.html?mode=view&cate1_id=6&cate2_id=45&number=9395
211,"""아빠도 나도 신나는 드라이버""",https://news.naver.com/main/read.naver?mode=LSD&mid=sec&sid1=101&oid=011&aid=0001952496
212,"수입차 업계, 월 20만대 금융 프로모션 내놨다",http://www.e-today.co.kr/200707/news/newsview.php?TM=news&SM=0101&idxno=165926
213,다목적 차량 'CUV'가 뜬다,http://www.busanilbo.com/news2000/html/2006/0422/020020060422.1015160436.html
214,"수입차 업계, ""4월 성수기를 잡아라""",http://www.e-today.co.kr/200707/news/newsview.php?TM=news&SM=0101&idxno=162320
215,"""2천만원대 수입차가 몰려온다""",http://www.edaily.co.kr/news/newsread.asp?newsid=02299286576766704&curType=read
216,지방도 국산·수입車 업계 연말 판촉 전쟁,https://news.naver.com/main/read.naver?mode=LSD&mid=sec&sid1=102&oid=003&aid=0000648937
217,車 할인이벤트 풍성 ‘구입 찬스’,http://www.fnnews.com/view?ra=Sent0701m_01A&corp=fnnews&arcid=071108002454&cDateYear=2007&cDateMonth=11&cDateDay=08&
218,車 할인이벤트 풍성 ‘구입 찬스’,http://www.fnnews.com/view?ra=Sent0601m_01A&corp=fnnews&arcid=0921145146&cDateYear=2007&cDateMonth=11&cDateDay=07&
219,11월에는 수입차를 사볼까?,http://www.e-today.co.kr/200707/news/newsview.php?TM=news&SM=0101&idxno=144861
220,차세대 친환경 자동차 다 모였다,https://news.naver.com/main/read.naver?mode=LSD&mid=sec&sid1=103&oid=011&aid=0000203892
221,"웨당카, 고급 수입차에 사랑을 싣고 신혼 '출발'",https://news.naver.com/main/read.naver?mode=LSD&mid=sec&sid1=101&oid=011&aid=0000203032
222,깎아 주고 선물 주고… “지금 車 사세요”,http://www.fnnews.com/view?ra=Sent0601m_01A&corp=fnnews&arcid=0921112464&cDateYear=2007&cDateMonth=10&cDateDay=03&
223,"국산차-수입차, 10월 판매 '한판 승부'",http://www.moneytoday.co.kr/view/mtview.php?type=1&no=2007100314205498581&outlink=1
224,넌 주유소에서 기름만 넣니?‥이달 다양한 문화행사ㆍ풍성한 경품 이벤트,https://news.naver.com/main/read.naver?mode=LSD&mid=sec&sid1=101&oid=015&aid=0000803573
225,[오토월드]‘SUV’ 스타일 가지각색 기능도 가지가지,https://news.naver.com/main/read.naver?mode=LSD&mid=sec&sid1=103&oid=020&aid=0000244577
226,"""5월은 푸르구나! 놀이공원 가볼까""",https://news.naver.com/main/read.naver?mode=LSD&mid=sec&sid1=103&oid=016&aid=0000134533
227,"2000만원대 수입차 ""욕심나네""",http://www.hankyung.com/news/app/newsview.php?aid=2006102917781
228,"미국차 '빅3'의 신생존법, '백 투더 퓨처'",http://www.ohmynews.com/function/portal_articleview.asp?at_code=328545
229,[Car & Trend] 파리모터쇼 리포트 / 권순형 KOTRA 파리무역관장,https://news.naver.com/main/read.naver?mode=LSD&mid=sec&sid1=101&oid=009&aid=0000250357
230,드라마 주인공은 왜 수입차만 몰까?,http://www.donga.com/fbin/output?n=200603250014
231,스키도 타고 자동차도 타보세요,https://news.naver.com/main/read.naver?mode=LSD&mid=sec&sid1=103&oid=112&aid=0000026821
232,[오토]성능은 `업` 가격은 `다운` 수입중고차 잘~나갑니다,https://news.naver.com/main/read.naver?mode=LSD&mid=sec&sid1=103&oid=112&aid=0000018596
233,수입차업체 중고차 ‘물관리’ 나섰다…BMW등 무상보증·할부금융 서비스 매장 운영,https://news.naver.com/main/read.naver?mode=LSD&mid=sec&sid1=101&oid=014&aid=0000195901
234,수입차 연말 마케팅 대전,http://www.moneytoday.co.kr/view/mtview.php?type=1&no=2005112314175139546&outlink=1
235,비지니스맨의 '퍼스트카'…터프한 외모에 안락한 실내디자인,https://news.naver.com/main/read.naver?mode=LSD&mid=sec&sid1=101&oid=020&aid=0000107755
236,외제차 제값에 사면 바보,https://news.naver.com/main/read.naver?mode=LSD&mid=sec&sid1=101&oid=081&aid=0000042226
237,[자동차·정유업계 5월 大축제]새차 싸게사고，기름 할인받고…봄 드라이브 떠나요∼,https://news.naver.com/main/read.naver?mode=LSD&mid=sec&sid1=101&oid=014&aid=0000174003
238,"수입차 업계, 가격할인 판촉전 `치열'",https://news.naver.com/main/read.naver?mode=LSD&mid=sec&sid1=101&oid=001&aid=0000997908
239,"車업계 ""서울모터쇼 신차 효과 잡기 총력전""",http://www.moneytoday.co.kr/view/mtview.php?type=1&no=2005050615130215083&outlink=1
240,"車업계 ""서울모터쇼 신차 효과 잡기 총력전""",http://www.moneytoday.co.kr/view/mtview.php?type=1&no=2005050615130215083&outlink=1
241,3000만원 안팎에 살 수 있는 외제차 40종,http://www.donga.com/fbin/output?n=200805220440
242,수입차 5000만원 미만 58종 성능대 가격 따져보니,http://www.seoul.co.kr/news/newsView.php?id=20071015020001
243,다임러 ‘시승행사’개최,https://news.naver.com/main/read.naver?mode=LSD&mid=sec&sid1=101&oid=014&aid=0000081700
244,[오토 월드] 다임러-금호렌터카 할인,https://news.naver.com/main/read.naver?mode=LSD&mid=sec&sid1=111&oid=014&aid=0000081351
245,"[기업] 다임러 ""금호렌터카 40% 할인행사""",https://news.naver.com/main/read.naver?mode=LSD&mid=sec&sid1=101&oid=008&aid=0000309685
246,“백마디 설명보다 타보고 고르세요”,https://news.naver.com/main/read.naver?mode=LSD&mid=sec&sid1=101&oid=032&aid=0000027472
247,`수입차 타고 휴가 떠나볼까',https://news.naver.com/main/read.naver?mode=LSD&mid=sec&sid1=101&oid=001&aid=0000417178
248,"[기업] 다임러 ""LG이숍과 바캉스 시승회""",https://news.naver.com/main/read.naver?mode=LSD&mid=sec&sid1=101&oid=008&aid=0000297305
249,"[기업] 다임러 ""36개월 무이자할부 연장실시""",https://news.naver.com/main/read.naver?mode=LSD&mid=sec&sid1=101&oid=008&aid=0000290839
250,"[기업] 다임러 ""36개월 무이자할부 연장실시""",https://news.naver.com/main/read.naver?mode=LSD&mid=sec&sid1=101&oid=008&aid=0000290839
251,한ㆍ미 자동차업계 ‘남의 땅 뺏기’ 시동,http://www.heraldbiz.com/SITE/data/html_dir/2007/04/06/200704060040.asp
252,[자동차특집]수입차 할부-경품 대공세,https://news.naver.com/main/read.naver?mode=LSD&mid=sec&sid1=101&oid=020&aid=0000135760
253,2천만원대 수입차 이젠 골라 타세요,http://www.hankyung.com/news/app/newsview.php?aid=2006121720331
254,[Auto World] 수입車 봄모델 레이스,https://news.naver.com/main/read.naver?mode=LSD&mid=sec&sid1=101&oid=009&aid=0000104309
255,수입車 영화·드라마 협찬마케팅 강화,https://news.naver.com/main/read.naver?mode=LSD&mid=sec&sid1=106&oid=014&aid=0000227520
256,수입차업계 ‘마케팅 전쟁’ 돌입…TV드라마·영화등에 차량 제공,https://news.naver.com/main/read.naver?mode=LSD&mid=sec&sid1=103&oid=014&aid=0000218802
257,자동차 업계 '가자! 스키장으로',http://www.cbs.co.kr/Nocut/Show.asp?IDX=129455
258,"""조건도 좋은데...이참에 한번 바꿔볼까""",https://news.naver.com/main/read.naver?mode=LSD&mid=sec&sid1=101&oid=015&aid=0000803575
259,"수입차, 인하.할인전 .. 세금도 대신 내 줘",https://news.naver.com/main/read.naver?mode=LSD&mid=sec&sid1=101&oid=015&aid=0000801739
260,[cover story] 車 연말 앞두고 파격 할인,https://news.naver.com/main/read.naver?mode=LSD&mid=sec&sid1=101&oid=009&aid=0000404501
261,중형세단부터 슈퍼카까지 수입차가 몰려온다,https://news.naver.com/main/read.naver?mode=LSD&mid=sec&sid1=101&oid=020&aid=0000264604
262,디트로이트모터쇼 개막..국내3社 북미공략 시동,https://news.naver.com/main/read.naver?mode=LSD&mid=sec&sid1=101&oid=008&aid=0000360259
263,수입차 모터쇼 앞으로 50일,https://news.naver.com/main/read.naver?mode=LSD&mid=sec&sid1=101&oid=047&aid=0000026765
264,드라마 수입차 간접광고 극심,https://news.naver.com/main/read.naver?mode=LSD&mid=sec&sid1=106&oid=047&aid=0000006709
265,세계 첨단차 집합..수입차모터쇼 보도발표회,https://news.naver.com/main/read.naver?mode=LSD&mid=sec&sid1=101&oid=001&aid=0000000346
266,"'바이바이, 딱정벌레' 비틀, 역사 속으로 사라지다",http://www.autodaily.co.kr/news/articleView.html?idxno=409973
267,[정수남 기자의 英車記 英車] 獨 벤츠 잡기 위해 美英日 연합,http://www.g-enews.com/ko-kr/news/article/news_all/20190610061502680250cb531085_1/article.html
268,"다임러코리아, PT크루저· 세브링 할부적용",https://news.naver.com/main/read.naver?mode=LSD&mid=sec&sid1=101&oid=018&aid=0000012302
269,도주극 남성 댐에 투신 숨져 차량 인도 돌진 보행자 사망,http://www.koreatimes.com/article/1230436
270,"'딱정벌레' 폴크스바겐 비틀, 데뷔 80년 만에 역사 속으로...내년 7월 생산 중단",http://www.autodaily.co.kr/news/articleView.html?idxno=405090
271,[시승기－PT 크루저 카브리오]지붕 열리며 오픈카 변신,https://news.naver.com/main/read.naver?mode=LSD&mid=sec&sid1=101&oid=014&aid=0000163272
272,PT크루저 증정행사,https://news.naver.com/main/read.naver?mode=LSD&mid=sec&sid1=111&oid=009&aid=0000282783
273,[달아오른 중고 수입차 시장]실속파 젊은 소비자 몰려 급성장…보증기간 지나 수리비 대폭 늘 수도,http://news.mk.co.kr/news_forward.php?domain=news&no=387185&year=2014
274,"[Auto] 올 여름, 오픈카 타고 달려볼까",http://news.mk.co.kr/news_forward.php?domain=news&no=419002&year=2011
275,2천만원대 수입車 '덜컹'…명성 믿고 왔지만 판매 저조,http://www.imaeil.com/sub_news/sub_news_view.php?news_id=54500&yy=2011
276,"닛산 큐브, 2190만원부터… 기아 쏘울 상위 모델보다 저렴",http://sunday.joins.com/article/view.asp?aid=22722
277,[Car &] 캠핑카? 오픈카? 휴가 어떤 車 타고 떠날까,http://news.mk.co.kr/news_forward.php?no=449674&year=2011
278,2000만~3000만원대 수입차 최고 선택은?,http://www.newspim.com/common/redirect.jsp?newsId=20110701000330
279,"[지식발전소]실용주의 차, CUV 뭐?",http://biz.newdaily.co.kr/news/article.html?no=24849
280,2000만~3000만원대 수입차 최고 선택은?,http://www.newspim.com/common/redirect.jsp?newsId=20110701000330
281,"[지식발전소]실용주의 차, CUV 뭐?",http://biz.newdaily.co.kr/news/article.html?no=24849
282,지금 차 사면 1년 주유비 지원해 준다고?,http://biz.heraldm.com/common/redirect.jsp?category_id=010501010400&news_id=20100504000014
283,"수입차업계, 5월 나들이 고객 위한 '봄 선물' 풍성",http://www.asiae.co.kr/news/view.htm?idxno=2010050405381821205
284,2000만원대로 국산차만 사란 법 있나요?,http://news.mk.co.kr/news_forward.php?no=209203&year=2010
285,"CUV, 세단의 편안함 + SUV의 실용성",http://www.munhwa.com/news/view.html?no=2013011601032124193003
286,중고수입차 인기질주…‘2천만원이면 BMW 오너’,http://sports.khan.co.kr/news/sk_index.html?cat=view&art_id=200710212218403&sec_id=562401&pt=nv
287,"""무상점검은 기본, 경품은 덤""",https://news.naver.com/main/read.naver?mode=LSD&mid=sec&sid1=101&oid=011&aid=0000191091
288,"車 업계 ""중국 대륙을 잡아라""(종합)",http://www.moneytoday.co.kr/view/mtview.php?type=1&no=2007041915225407201&outlink=1
289,"<특집:FTA를 기회로> ⑩투자협정, '양날의 검'",https://news.naver.com/main/read.naver?mode=LSD&mid=sec&sid1=101&oid=001&aid=0001597941
290,‘몸낮춘 수입차’ 달려온다,http://www.khan.co.kr/kh_news/art_view.html?artid=200703251754471&code=920401
291,"기아 K9·피아트 500, 올해 가장 기대되는 차",http://www.idomin.com/news/articleView.html?idxno=370275
292,"올해 신차 종 중 기대 1순위는 K9, ""K시리즈 돌풍 이어간다""",http://sports.chosun.com/news/ntype.htm?id=201201270100163500014501&servicedate=20120127
293,"마켓워치, 아반떼 북미 올해의 차, 올바른 선정",http://www.fnnews.com/view?ra=Sent1101m_01A&corp=fnnews&arcid=201201100100084290004023&cDateYear=2012&cDateMonth=01&cDateDay=10&
294,"국내 판매수입차 평균치, 3300CC 1억원짜리 세단",http://www.heraldbiz.com/SITE/data/html_dir/2006/08/31/200608310101.asp
295,골프장 갈 때 덩치 값 못하는 차 ´올뉴SM7·알페온´,http://www.ebn.co.kr/news/n_view.html?id=524563
296,[수입차 맞춤형 시대] 내게 맞는 차 어떻게 고를까,https://news.naver.com/main/read.naver?mode=LSD&mid=sec&sid1=101&oid=011&aid=0000129016
297,[자동차 특집]컨버터블의 연인… 사람들이 우리만 쳐다보네,http://www.donga.com/fbin/output?n=200604190200
298,[업계 드라이브] 편의장치 개선 쏘렌토 내놔 外,https://news.naver.com/main/read.naver?mode=LSD&mid=sec&sid1=103&oid=144&aid=0000012459
299,"""새차타고 봄나들이 가세요"" 자동차업계 가격인하 경쟁",http://www.segye.com/Service5/ShellView.asp?TreeID=1052&PCode=0007&DataID=200603091445000087
300,골프백 5개도 거뜬히 들어가는 차는?,http://www.etoday.co.kr/news/section/newsview.php?TM=news&SM=0405&idxno=502364
301,[수입차 맞춤형 시대] 내게 맞는 차 어떻게 고를까,https://news.naver.com/main/read.naver?mode=LSD&mid=sec&sid1=101&oid=011&aid=0000129016
302,[자동차 특집]컨버터블의 연인… 사람들이 우리만 쳐다보네,http://www.donga.com/fbin/output?n=200604190200
303,[업계 드라이브] 편의장치 개선 쏘렌토 내놔 外,https://news.naver.com/main/read.naver?mode=LSD&mid=sec&sid1=103&oid=144&aid=0000012459
304,"""새차타고 봄나들이 가세요"" 자동차업계 가격인하 경쟁",http://www.segye.com/Service5/ShellView.asp?TreeID=1052&PCode=0007&DataID=200603091445000087
305,수입차 값낮추기 공세…시장점유율 잠식 행진,http://www.hani.co.kr/kisa/section-003005000/2005/11/003005000200511181836009.html
306,연말 할인車 구입 ‘찬스’,https://news.naver.com/main/read.naver?mode=LSD&mid=sec&sid1=103&oid=014&aid=0000199903
307,프랑크푸르트 모터쇼 12일 개막,https://news.naver.com/main/read.naver?mode=LSD&mid=sec&sid1=104&oid=001&aid=0001096090
308,프랑크푸르트 모터쇼 내달 12-25일 개최,https://news.naver.com/main/read.naver?mode=LSD&mid=sec&sid1=104&oid=001&aid=0001085995
309,수입차 타고 해안도로 달려볼까,https://news.naver.com/main/read.naver?mode=LSD&mid=sec&sid1=103&oid=022&aid=0000107146
310,"""새차타고 봄나들이 가세요"" 자동차업계 가격인하 경쟁",http://www.segye.com/Service5/ShellView.asp?TreeID=1052&PCode=0007&DataID=200603091445000087
311,수입차 값낮추기 공세…시장점유율 잠식 행진,http://www.hani.co.kr/kisa/section-003005000/2005/11/003005000200511181836009.html
312,연말 할인車 구입 ‘찬스’,https://news.naver.com/main/read.naver?mode=LSD&mid=sec&sid1=103&oid=014&aid=0000199903
313,프랑크푸르트 모터쇼 12일 개막,https://news.naver.com/main/read.naver?mode=LSD&mid=sec&sid1=104&oid=001&aid=0001096090
314,프랑크푸르트 모터쇼 내달 12-25일 개최,https://news.naver.com/main/read.naver?mode=LSD&mid=sec&sid1=104&oid=001&aid=0001085995
315,수입차 타고 해안도로 달려볼까,https://news.naver.com/main/read.naver?mode=LSD&mid=sec&sid1=103&oid=022&aid=0000107146
316,"[자동차]수입차 20년, 너무 먼 당신서…중산층 곁으로",https://news.naver.com/main/read.naver?mode=LSD&mid=sec&sid1=103&oid=020&aid=0000305310
317,"""갖고 싶다""...괴짜 자동차 'TOP10'",http://www.newdaily.co.kr/news/article.html?no=83395
318,괴짜들만 탈 것 같은 괴짜 자동차 TOP10,http://news.mk.co.kr/news_forward.php?domain=news&no=395228&year=2011
319,오픈카 로망이 현실로…하루 6만~13만원이면 렌트,http://news.mk.co.kr/news_forward.php?no=245605&year=2011
320,어！얼마 안하네∼중저가 수입차 어떤게 있나,https://news.naver.com/main/read.naver?mode=LSD&mid=sec&sid1=103&oid=005&aid=0000181208
321,정유사 사이트서 행운캐세요‥디카ㆍTV경품에…보험무료가입…영화시사회 초대,https://news.naver.com/main/read.naver?mode=LSD&mid=sec&sid1=101&oid=015&aid=0000746642
322,"美, 렌터카업체 리콜차량 즉각 회수법 추진",https://news.naver.com/main/read.naver?mode=LSD&mid=sec&sid1=103&oid=001&aid=0004959201
323,"車 판매,""여성을 사로잡아야 성공한다""",https://news.naver.com/main/read.naver?mode=LSD&mid=sec&sid1=103&oid=008&aid=0000436262
324,"[해외 사례] ""본래의 맛 잃었다"" 코카콜라 자진해서 리콜",https://news.naver.com/main/read.naver?mode=LSD&mid=sec&sid1=101&oid=009&aid=0000375823
325,"“자갸~, 크리스마스엔 역시 이런 차를 타야...”",http://news.mk.co.kr/news_forward.php?no=717261&year=2010
326,[수입차] 렌터카시장 수입차가 뜬다,https://news.naver.com/main/read.naver?mode=LSD&mid=sec&sid1=101&oid=009&aid=0000315416
327,"[기업] 수입차업계, 무이자 할부..출혈경쟁",https://news.naver.com/main/read.naver?mode=LSD&mid=sec&sid1=101&oid=008&aid=0000293915
328,<비즈뉴스>36개월 무이자 할부행사 연장 등,https://news.naver.com/main/read.naver?mode=LSD&mid=sec&sid1=101&oid=021&aid=0000033935
329,‘크로스오버車’ 붐,https://news.naver.com/main/read.naver?mode=LSD&mid=sec&sid1=101&oid=032&aid=0000004868
330,‘크로스오버車’ 붐,https://news.naver.com/main/read.naver?mode=LSD&mid=sec&sid1=101&oid=032&aid=0000004868
331,"GM 등 車 빅3, 내년부터 가격 인상",https://news.naver.com/main/read.naver?mode=LSD&mid=sec&sid1=101&oid=008&aid=0000197988
332,[車테크] 개성만점 車 베스트 7 ‘튀어야 산다’,http://news.mk.co.kr/news_forward.php?no=408367&year=2010
333,[수입차] 드라마속 그 車가 생각나요,https://news.naver.com/main/read.naver?mode=LSD&mid=sec&sid1=101&oid=009&aid=0000211603
334,부산모터쇼 보도발표회 개최,https://news.naver.com/main/read.naver?mode=LSD&mid=sec&sid1=102&oid=001&aid=0000098998
335,수입차 판매급증...한국수입자동차협회 집계,https://news.naver.com/main/read.naver?mode=LSD&mid=sec&sid1=101&oid=009&aid=0000098530
336,[시카고 모터쇼] 퓨전...복고...스포츠카가 '뜬다',https://news.naver.com/main/read.naver?mode=LSD&mid=sec&sid1=110&oid=015&aid=0000337808
337,'수입車 모터쇼' 4일 개막…코엑스서 120종 선보여,https://news.naver.com/main/read.naver?mode=LSD&mid=sec&sid1=101&oid=020&aid=0000000721
338,[단독]“아반떼 정면은 튼튼 측면은 약해”,http://www.donga.com/fbin/output?n=200812230011
339,캐릭터카에 2030세대 ‘키’ 꽂히다,http://www.heraldbiz.com/SITE/data/html_dir/2008/10/14/200810140090.asp
340,캐릭터카에 2030세대 ‘키’ 꽂히다,http://www.heraldbiz.com/SITE/data/html_dir/2008/10/14/200810140090.asp
341,‘캐릭터 카’로 2030세대 잡아 봐?,http://www.heraldbiz.com/SITE/data/html_dir/2008/10/13/200810130502.asp
342,반듯반듯 '네모차'에 빠져봐!,http://www.hankyung.com/news/app/newsview.php?aid=2008092469931
343,[INDEX] 내달 '제네시스 쿠페' 출시를 앞두고…,http://www.hankyung.com/news/app/newsview.php?aid=2008092478631
344,쏘울로 기아차만의 新시장 연다,http://www.heraldbiz.com/SITE/data/html_dir/2008/09/23/200809230360.asp
345,[르포] 불황으로 '새차' 넘쳐나는 중고차 시장,http://www.hankyung.com/news/app/newsview.php?aid=2008091949931
346,"쌍용 로디우스, 세계서 가장 못생긴 차 3위",http://www.segye.com/Articles/Punch/Quick/Article.asp?aid=20080908000621&subctg1=00&subctg2=00
347,[세계]차량 폭탄테러 ‘브레이크 없는 돌진’,http://newsmaker.khan.co.kr/khnm.html?mode=view&code=117&artid=18127&pt=nv
348,CUV 출시 잇따라,http://www.seoul.co.kr/news/newsView.php?id=20080721019001
349,다목적 퓨전차량 `CUV` 뜬다,http://www.dt.co.kr/contents.html?article_no=2008053002010832718002
350,올봄엔 컨버터블 매력 속으로…가격대별 오픈카,http://news.mk.co.kr/news_forward.php?no=253094&year=2008
351,[그린에서]일본 파워빌트 外,http://www.donga.com/fbin/output?n=200710060100
352,"웍스코리아, 장타대회 우승 '사은 잔치'",http://www.asiae.co.kr/uhtml/read.jsp?idxno=187978§ion=S1N43§ion2=
353,"SK, 투수교체 때 최신형 스포츠카 이용",http://joynews.inews24.com/php/news_view.php?g_menu=702120&g_serial=284420
354,따질수록 짭짤한 카드혜택 속으로,http://www.moneytoday.co.kr/view/mtview.php?type=1&no=2007071809380000062&outlink=1
355,"허니문 가는길, 리무진 탈까 ‘뚜껑’을 열까",http://sports.khan.co.kr/news/sk_index.html?cat=view&art_id=200705272113063&sec_id=562401&pt=nv
356,미국시장 공략 발판 마련,https://news.naver.com/main/read.naver?mode=LSD&mid=sec&sid1=115&oid=057&aid=0000055260
357,"기아차, 5년 내 美 판매량 50만대 돌파 목표",https://news.naver.com/main/read.naver?mode=LSD&mid=sec&sid1=101&oid=001&aid=0001597932
358,한미FTA 이후 자동차 내수 시장 '혼전',https://news.naver.com/main/read.naver?mode=LSD&mid=sec&sid1=115&oid=057&aid=0000054575
359,[FTA 타결]자동차 2990만→2840만원…오렌지 7000→4660원,http://www.donga.com/fbin/output?n=200704030130
360,한미FTA 이후 자동차 내수 시장 '혼전',http://mbn.mk.co.kr/news/newsRead.php?vodCode=194280&category=mbn00003
361,[FTA 타결]자동차 2990만→2840만원…오렌지 7000→4660원,http://www.donga.com/fbin/output?n=200704030130
362,"기아차, 뉴카렌스 북미서 '호평'",http://www.wownet.co.kr/news/wownews/view.asp?bcode=N07010000&artid=A200701280021
363,"기아 뉴카렌스, 북미 신차붐 조성 나섰다",http://www.moneytoday.co.kr/view/mtview.php?type=1&no=2007012803003906842&outlink=1
364,美 MBA 필독서 ‘프라이싱 전략’ 저자 박사 존 호건,https://news.naver.com/main/read.naver?mode=LSD&mid=sec&sid1=101&oid=262&aid=0000000036
365,자동차업계 ‘여성을 위한’ ‘여성의’ 車 공략,http://www.heraldbiz.com/SITE/data/html_dir/2006/12/05/200612050007.asp
366,[Car Life] 현대·기아차‘뉴카렌스’등 美서 첫 선,http://news.sportskhan.net/?cat=view&art_id=200612042246433&sec_id=560101&pt=nv
367,"[광주]기아자동차 뉴카렌스, 북미 첫 공개",http://www.dailian.co.kr/news/n_view.html?id=50351
368,"기아차 뉴카렌스, 북미 시장에 첫 공개",http://www.moneytoday.co.kr/view/mtview.php?type=1&no=2006113010345750793&outlink=1
369,"현대차, LA오토쇼서 콘셉트카 '헬리언' 공개(종합)",https://news.naver.com/main/read.naver?mode=LSD&mid=sec&sid1=103&oid=001&aid=0001482041
370,"""자기야~ 車 이거 갖고싶어""",http://www.heraldbiz.com/SITE/data/html_dir/2006/12/05/200612050023.asp
371,[Car Life] 현대·기아차‘뉴카렌스’등 美서 첫 선,http://news.sportskhan.net/?cat=view&art_id=200612042246433&sec_id=560101&pt=nv
372,"[광주]기아자동차 뉴카렌스, 북미 첫 공개",http://www.dailian.co.kr/news/n_view.html?id=50351
373,"기아차 뉴카렌스, 북미 시장에 첫 공개",http://www.moneytoday.co.kr/view/mtview.php?type=1&no=2006113010345750793&outlink=1
374,"현대차, LA오토쇼서 콘셉트카 '헬리언' 공개(종합)",https://news.naver.com/main/read.naver?mode=LSD&mid=sec&sid1=103&oid=001&aid=0001482041
375,"혼다‘시빅’-지엠대우 ‘토스카’, 중형세단 시장 불붙다",http://www.hani.co.kr/arti/economy/car/175199.html
376,수입차，아주 싸거나 아주 비싸야 잘팔린다,https://news.naver.com/main/read.naver?mode=LSD&mid=sec&sid1=103&oid=143&aid=0000043005
377,수입차 주춤...이젠 가격경쟁으로 '승부',https://news.naver.com/main/read.naver?mode=LSD&mid=sec&sid1=115&oid=057&aid=0000042973
378,"월드컵기간, 최고590만원할인",https://news.naver.com/main/read.naver?mode=LSD&mid=sec&sid1=103&oid=112&aid=0000041249
379,"오픈카, 뜨거운 계절이 좋다 !",https://news.naver.com/main/read.naver?mode=LSD&mid=sec&sid1=115&oid=057&aid=0000038940
380,수입차，아주 싸거나 아주 비싸야 잘팔린다,https://news.naver.com/main/read.naver?mode=LSD&mid=sec&sid1=103&oid=143&aid=0000043005
381,수입차 주춤...이젠 가격경쟁으로 '승부',https://news.naver.com/main/read.naver?mode=LSD&mid=sec&sid1=115&oid=057&aid=0000042973
382,"월드컵기간, 최고590만원할인",https://news.naver.com/main/read.naver?mode=LSD&mid=sec&sid1=103&oid=112&aid=0000041249
383,"오픈카, 뜨거운 계절이 좋다 !",https://news.naver.com/main/read.naver?mode=LSD&mid=sec&sid1=115&oid=057&aid=0000038940
384,수입차 질주 무섭네,https://news.naver.com/main/read.naver?mode=LSD&mid=sec&sid1=103&oid=081&aid=0000092191
385,<환율하락에도 수입차값은 요지부동>,https://news.naver.com/main/read.naver?mode=LSD&mid=sec&sid1=103&oid=001&aid=0001316748
386,"수입차 VS 국산차 ""대중화.고급화로 맞짱""",http://www.cbs.co.kr/Nocut/Show.asp?IDX=229542
387,국내외 신차 13대 ‘해운대 첫 나들이’,https://news.naver.com/main/read.naver?mode=LSD&mid=sec&sid1=101&oid=021&aid=0000147662
388,"뉴카렌스, RV시장 질주예감",http://www.khan.co.kr/kh_news/art_view.html?artid=200604171738571&code=920401
389,기아 뉴카렌스 출시,http://www.segye.com/Service5/ShellView.asp?TreeID=1052&PCode=0007&DataID=200604141013000053
390,"뉴카렌스, RV시장 질주예감",http://www.khan.co.kr/kh_news/art_view.html?artid=200604171738571&code=920401
391,기아 뉴카렌스 출시,http://www.segye.com/Service5/ShellView.asp?TreeID=1052&PCode=0007&DataID=200604141013000053
392,"기아차, CUV 블루오션에 뛰어들다",http://www.edaily.co.kr/news/newspath.asp?newsid=02355046579815792
393,"KT&G, 보광 휘닉스파크서 이글루 '이색 캠핑'",https://news.naver.com/main/read.naver?mode=LSD&mid=sec&sid1=103&oid=076&aid=0000020584
394,디젤·대형·수입차 '돌풍 예고' … 내년 신차 잇따라 출시,https://news.naver.com/main/read.naver?mode=LSD&mid=sec&sid1=101&oid=015&aid=0000860810
395,수입신차 2000만원대 출시 ‘가격파괴’ 바람,https://news.naver.com/main/read.naver?mode=LSD&mid=sec&sid1=103&oid=112&aid=0000025543
396,2000만원대 수입차 늘어간다.,https://news.naver.com/main/read.naver?mode=LSD&mid=sec&sid1=103&oid=029&aid=0000124306
397,수입차 거품 빼는데 국산차는 해마다 올려…안방고객을 ‘봉’ 으로 아나,https://news.naver.com/main/read.naver?mode=LSD&mid=sec&sid1=103&oid=005&aid=0000229907
398,<2천만원대 수입 세단 속속 등장>(종합),https://news.naver.com/main/read.naver?mode=LSD&mid=sec&sid1=101&oid=001&aid=0001181453
399,‘자동차 비수기 탈출’ 마케팅경쟁,https://news.naver.com/main/read.naver?mode=LSD&mid=sec&sid1=103&oid=081&aid=0000065647
400,2000만원대 수입차 늘어간다.,https://news.naver.com/main/read.naver?mode=LSD&mid=sec&sid1=103&oid=029&aid=0000124306
401,수입차 거품 빼는데 국산차는 해마다 올려…안방고객을 ‘봉’ 으로 아나,https://news.naver.com/main/read.naver?mode=LSD&mid=sec&sid1=103&oid=005&aid=0000229907
402,<2천만원대 수입 세단 속속 등장>(종합),https://news.naver.com/main/read.naver?mode=LSD&mid=sec&sid1=101&oid=001&aid=0001181453
403,‘자동차 비수기 탈출’ 마케팅경쟁,https://news.naver.com/main/read.naver?mode=LSD&mid=sec&sid1=103&oid=081&aid=0000065647
404,올 연말 자동차 할인 어디서 얼마나,https://news.naver.com/main/read.naver?mode=LSD&mid=sec&sid1=102&oid=082&aid=0000069144
405,옵션 빼니 값은 ‘뚝’ 판매는 ‘쑥’…Cosy 상품이 뜬다,https://news.naver.com/main/read.naver?mode=LSD&mid=sec&sid1=103&oid=020&aid=0000318793
406,프랑크푸르트 모터쇼 12일 개막,https://news.naver.com/main/read.naver?mode=LSD&mid=sec&sid1=103&oid=020&aid=0000315370
407,美환경단체 ‘車연비 강화법안’ 성토,https://news.naver.com/main/read.naver?mode=LSD&mid=sec&sid1=104&oid=021&aid=0000118785
408,3천만원대 수입차 쏟아진다,https://news.naver.com/main/read.naver?mode=LSD&mid=sec&sid1=103&oid=009&aid=0000448539
409,차판촉 전쟁 .. 최고 200만원 깎아주고 수입차 무이자 할부도,https://news.naver.com/main/read.naver?mode=LSD&mid=sec&sid1=101&oid=015&aid=0000808261
410,차판촉 전쟁 .. 최고 200만원 깎아주고 수입차 무이자 할부도,https://news.naver.com/main/read.naver?mode=LSD&mid=sec&sid1=101&oid=015&aid=0000808261
411,'넷테크' 아시나요? .. 인터넷 경품 포털 성황,https://news.naver.com/main/read.naver?mode=LSD&mid=sec&sid1=102&oid=015&aid=0000802627
412,"수입차, 소형차 시장 놓고 각축전",https://news.naver.com/main/read.naver?mode=LSD&mid=sec&sid1=101&oid=019&aid=0000100843
413,기름도 넣고 가족사랑도 '붕붕~'‥정유업계 5월 문화이벤트 풍성,https://news.naver.com/main/read.naver?mode=LSD&mid=sec&sid1=101&oid=015&aid=0000798329
414,[JOY+BRAND 大賞－SK(주) SK 엔크린]휘발유시장 점유율 최고,https://news.naver.com/main/read.naver?mode=LSD&mid=sec&sid1=101&oid=014&aid=0000171740
415,[유통·소비]“대박 경품” 쏟아진다,https://news.naver.com/main/read.naver?mode=LSD&mid=sec&sid1=102&oid=087&aid=0000041010
416,[패션+α],https://news.naver.com/main/read.naver?mode=LSD&mid=sec&sid1=103&oid=081&aid=0000039662
417,고객 유혹 ''경품 전쟁'',https://news.naver.com/main/read.naver?mode=LSD&mid=sec&sid1=101&oid=022&aid=0000091759
418,"[E@L]뭐, 영화관 지분 나눠준다고?",https://news.naver.com/main/read.naver?mode=LSD&mid=sec&sid1=114&oid=033&aid=0000006155
419,주유소에 가면 ''대박'' 난다?,https://news.naver.com/main/read.naver?mode=LSD&mid=sec&sid1=101&oid=022&aid=0000090620
420,[car & marketing] 기름도 넣고 상품권도 받고,https://news.naver.com/main/read.naver?mode=LSD&mid=sec&sid1=101&oid=009&aid=0000428511
421,2005 신차 고객들 유혹,https://news.naver.com/main/read.naver?mode=LSD&mid=sec&sid1=103&oid=016&aid=0000159543
422,주유소 할인 경쟁,https://news.naver.com/main/read.naver?mode=LSD&mid=sec&sid1=102&oid=087&aid=0000021546
423,정유업계 경품 만만찮네,https://news.naver.com/main/read.naver?mode=LSD&mid=sec&sid1=101&oid=081&aid=0000021212
424,[car & marketing] 뮤지컬 공짜로 보고 디카 받고,https://news.naver.com/main/read.naver?mode=LSD&mid=sec&sid1=101&oid=009&aid=0000404499
425,[업계 단신] 르노삼성차 外,https://news.naver.com/main/read.naver?mode=LSD&mid=sec&sid1=103&oid=005&aid=0000182806
426,와! 외제車 경품 걸렸네,https://news.naver.com/main/read.naver?mode=LSD&mid=sec&sid1=101&oid=032&aid=0000089911
427,[Car & Marketing] 정유 4社 '고객끌기' 4色,https://news.naver.com/main/read.naver?mode=LSD&mid=sec&sid1=101&oid=009&aid=0000335837
428,[Car & Trend] 신혼부부가 수입차를 산다면 …,https://news.naver.com/main/read.naver?mode=LSD&mid=sec&sid1=101&oid=009&aid=0000322513
429,2005년부터 경유승용차 허용 설레는 수입차업계,https://news.naver.com/main/read.naver?mode=LSD&mid=sec&sid1=101&oid=021&aid=0000032827
430,女心잡아 불황 넘는다,https://news.naver.com/main/read.naver?mode=LSD&mid=sec&sid1=101&oid=019&aid=0000026939
431,내수 불씨 살리기 ‘마케팅 春鬪’,https://news.naver.com/main/read.naver?mode=LSD&mid=sec&sid1=101&oid=020&aid=0000180707
432,[자동차]3000만원대 중저가 수입차 밀물,https://news.naver.com/main/read.naver?mode=LSD&mid=sec&sid1=101&oid=020&aid=0000147699
433,미국 SUV시장 '高성장' 질주 .. 작년 395만여대 판매,https://news.naver.com/main/read.naver?mode=LSD&mid=sec&sid1=101&oid=015&aid=0000472252
434,"골드뱅크, '코리아텐더 제9호' 나와",https://news.naver.com/main/read.naver?mode=LSD&mid=sec&sid1=101&oid=015&aid=0000409948
435,[기업]한독상공회의소 독일기업 소개전 17일까지,https://news.naver.com/main/read.naver?mode=LSD&mid=sec&sid1=101&oid=020&aid=0000069568
436,"대우車 '레조', 영국서 '가장 안전한 차' 선정",https://news.naver.com/main/read.naver?mode=LSD&mid=sec&sid1=101&oid=015&aid=0000376879
437,"싼타페 소비자 만족 '넘버원', 미국 소비자 만족도 조사",https://news.naver.com/main/read.naver?mode=LSD&mid=sec&sid1=101&oid=020&aid=0000063110
438,"대우 레조, 英 다목적차량부문서 1위 .. ""기동력 탁월""",https://news.naver.com/main/read.naver?mode=LSD&mid=sec&sid1=101&oid=015&aid=0000341049
439,"대우차 레조, 영국서 '최고 다목적차'에 선정",https://news.naver.com/main/read.naver?mode=LSD&mid=sec&sid1=101&oid=009&aid=0000095274
440,"대우차 레조, 영국서 '최고 다목적차'에 선정",https://news.naver.com/main/read.naver?mode=LSD&mid=sec&sid1=101&oid=009&aid=0000095274
441,[하버드 비즈니스 스쿨 강좌] (1) '버즈 마케팅팀' 대상,https://news.naver.com/main/read.naver?mode=LSD&mid=sec&sid1=101&oid=015&aid=0000335013
442,<확대경> 수입차 모터쇼서 눈길끈 차,https://news.naver.com/main/read.naver?mode=LSD&mid=sec&sid1=101&oid=001&aid=0000000454
443,"[유통가] EXR, PT크루저 경품 제공",https://news.naver.com/main/read.naver?mode=LSD&mid=sec&sid1=101&oid=011&aid=0000079447
444,[이지용기자의 시승기]크라이슬러，PT크루져…급회전에도 안정된 승차감 장점,https://news.naver.com/main/read.naver?mode=LSD&mid=sec&sid1=101&oid=014&aid=0000135639
445,"크라이슬러, 2018년 日시장 철수…판매 급감에 '지프' 주력",http://www.mt.co.kr/view/mtview.php?type=1&no=2017061907352984633&outlink=1
446,크라이슬러 2월 한달간 최대 670만원까지 할인,http://news.mk.co.kr/news_forward.php?no=63397&year=2009
447,"크라이슬러, 4개 모델 가격 인하",http://www.edaily.co.kr/news/newspath.asp?newsid=01607206579877784
448,"크라이슬러, 봄 프로모션 돌입",http://www.asiae.co.kr/uhtml/read.jsp?idxno=291865§ion=S1N5§ion2=S2N107
449,"[기업] 크라이슬러,특소세인하혜택 연말까지 연장",https://news.naver.com/main/read.naver?mode=LSD&mid=sec&sid1=101&oid=008&aid=0000202204
450,"크라이슬러, 봄 프로모션 돌입",http://www.asiae.co.kr/uhtml/read.jsp?idxno=291865§ion=S1N5§ion2=S2N107
451,"크라이슬러, 2월 중 최대 670만원 할인",http://www.ajnews.co.kr/uhtml/read.jsp?idxno=200902021348261500460
452,"[기업] 크라이슬러,특소세인하혜택 연말까지 연장",https://news.naver.com/main/read.naver?mode=LSD&mid=sec&sid1=101&oid=008&aid=0000202204
453,"[기업] 크라이슬러,온라인 중고차 경매 실시",https://news.naver.com/main/read.naver?mode=LSD&mid=sec&sid1=101&oid=008&aid=0000166185
454,"다임러크라이슬러, 대표 차종 가격 인하",http://www.moneytoday.co.kr/view/mtview.php?type=1&no=2006060210303420679&outlink=1
455,크라이슬러 3월에도 차값 최대 1000만원 할인,http://news.mk.co.kr/news_forward.php?no=130203&year=2009
456,"다임러크라이슬러, 베니건스와 공동 마케팅",https://news.naver.com/main/read.naver?mode=LSD&mid=sec&sid1=101&oid=018&aid=0000020281
457,[부산 국제모터쇼] 수입車업계 출품 : '다임러크라이슬러코리아',https://news.naver.com/main/read.naver?mode=LSD&mid=sec&sid1=101&oid=015&aid=0000421425
458,10월은 크라이슬러 차를 살 절호의 기회,http://www.newsen.com/news_view.php?uid=200910051540082004
459,"크라이슬러, 한국진출 15년 기념 이벤트",http://www.edaily.co.kr/news/newspath.asp?newsid=01666246583256512
460,10월은 크라이슬러 차를 살 절호의 기회,http://www.newsen.com/news_view.php?uid=200910051540082004
461,"크라이슬러, 한국진출 15년 기념 이벤트",http://www.edaily.co.kr/news/newspath.asp?newsid=01666246583256512
462,"크라이슬러, 특소세 인하 연말까지 연장",https://news.naver.com/main/read.naver?mode=LSD&mid=sec&sid1=101&oid=009&aid=0000240381
463,[글로벌 CEO]웨인 첨리 다임러크라이슬러코리아사장,https://news.naver.com/main/read.naver?mode=LSD&mid=sec&sid1=101&oid=020&aid=0000047619
464,"크라이슬러, 금융·시승 이벤트 실시",http://www.autotimes.co.kr/article_view.php?id=76569
465,크라이슬러 300C를 월 26만6000원에!,http://www.asiae.co.kr/news/view.htm?idxno=2010040610025585333
466,"크라이슬러, 평생 무상 보증서비스 선뵈",http://www.etoday.kr/news/section/newsview.php?TM=news&SM=0405&idxno=293546
467,"크라이슬러, 2월중 호랑이띠 고객 대상 파격 혜택",http://www.newsen.com/news_view.php?uid=201002020121462004
468,"크라이슬러, 2월 호랑이띠 가족에 '취득세 지원'",https://news.naver.com/main/read.naver?mode=LSD&mid=sec&sid1=101&oid=003&aid=0003069475
469,"크라이슬러, 새 300C 출시 및 프로모션 진행",http://www.autotimes.co.kr/article_view.php?id=67298
470,"[3월 판매조건] 크라이슬러 300C, 3월 사면 평생 무상 보증",http://www.ajnews.co.kr/uhtml/read.jsp?idxno=201003021327076790445
471,"크라이슬러, 2월중 호랑이띠 고객 대상 파격 혜택",http://www.newsen.com/news_view.php?uid=201002020121462004
472,"크라이슬러, 2월 호랑이띠 가족에 '취득세 지원'",https://news.naver.com/main/read.naver?mode=LSD&mid=sec&sid1=101&oid=003&aid=0003069475
473,"크라이슬러, 새 300C 출시 및 프로모션 진행",http://www.autotimes.co.kr/article_view.php?id=67298
474,"크라이슬러, 고객요구 적극 반영된 '2010년형 300C' 출시",https://news.naver.com/main/read.naver?mode=LSD&mid=sec&sid1=101&oid=003&aid=0003026660
475,"크라이슬러 그룹, 부활위한 '5개년 사업계획' 발표",https://news.naver.com/main/read.naver?mode=LSD&mid=sec&sid1=101&oid=003&aid=0002943161
476,자구책서 밝힌 GM·크라이슬러의 브랜드 전략,http://www.edaily.co.kr/news/newspath.asp?newsid=01915526589591832
477,"크라이슬러, 2009년형 세브링 컨버터블 출시",http://www.moneytoday.co.kr/view/mtview.php?type=1&no=2008110313320299896&outlink=1
478,크라이슬러코리아 안영석 사장 “다양한 자동차 문화 만들것”,http://www.khan.co.kr/kh_news/art_view.html?artid=200808291404252&code=920508
479,"[7월 신차 판매 조건] 크라이슬러, 등록비 지원 및 무이자 할부",http://news.mk.co.kr/news_forward.php?no=424865&year=2008
480,"크라이슬러, 편의사양 'UP'· 가격 동결 2010년형 '300C' 출시",http://www.hankyung.com/news/app/newsview.php?aid=201001043486g
481,"크라이슬러 그룹, 부활위한 '5개년 사업계획' 발표",https://news.naver.com/main/read.naver?mode=LSD&mid=sec&sid1=101&oid=003&aid=0002943161
482,자구책서 밝힌 GM·크라이슬러의 브랜드 전략,http://www.edaily.co.kr/news/newspath.asp?newsid=01915526589591832
483,"크라이슬러, 2009년형 세브링 컨버터블 출시",http://www.moneytoday.co.kr/view/mtview.php?type=1&no=2008110313320299896&outlink=1
484,크라이슬러코리아 안영석 사장 “다양한 자동차 문화 만들것”,http://www.khan.co.kr/kh_news/art_view.html?artid=200808291404252&code=920508
485,"[7월 신차 판매 조건] 크라이슬러, 등록비 지원 및 무이자 할부",http://news.mk.co.kr/news_forward.php?no=424865&year=2008
486,크라이슬러 7월 중 구입시 취·등록세 제공,http://www.taxtimes.co.kr/hous01.htm?r_id=116775
487,"크라이슬러, 파격 혜택 내놨다",http://www.autotimes.co.kr/article_view.php?id=33514
488,매끈한 몸매 자랑하는 ‘크라이슬러 세브링 컨버터블’,https://news.naver.com/main/read.naver?mode=LSD&mid=sec&sid1=101&oid=003&aid=0002070630
489,"[4월 판매조건] 크라이슬러 “300C, 월 27만원에”",http://www.ajnews.co.kr/uhtml/read.jsp?idxno=201004061814154930446
490,"[7월 신차 판매 조건] 크라이슬러, 등록비 지원 및 무이자 할부",http://news.mk.co.kr/news_forward.php?no=424865&year=2008
491,크라이슬러 7월 중 구입시 취·등록세 제공,http://www.taxtimes.co.kr/hous01.htm?r_id=116775
492,"크라이슬러, 파격 혜택 내놨다",http://www.autotimes.co.kr/article_view.php?id=33514
493,매끈한 몸매 자랑하는 ‘크라이슬러 세브링 컨버터블’,https://news.naver.com/main/read.naver?mode=LSD&mid=sec&sid1=101&oid=003&aid=0002070630
494,"[4월 판매조건] 크라이슬러 “300C, 월 27만원에”",http://www.ajnews.co.kr/uhtml/read.jsp?idxno=201004061814154930446
495,"크라이슬러코리아, 새해 맞이 프로모션 실시",http://aving.net/atc/read.asp?c_num=69550&Branch_ID=kr
496,[자동차]다양한 중저가 모델로 고속질주 - 미국차 자존심 지키는 크라이슬러,http://www.prosumero.com/cp/view.asp?vol_no=20&art_no=16&sec_cd=1003
497,"크라이슬러, 구매고객에 웰빙 패키지를?",https://news.naver.com/main/read.naver?mode=LSD&mid=sec&sid1=103&oid=112&aid=0000015422
498,"크라이슬러, 드라마 '신·불·사'에 랭글러 등 협찬",http://www.autotimes.co.kr/article_view.php?id=71437
499,"크라이슬러의 모험, 성공할 것인가",http://www.moneytoday.co.kr/view/mtview.php?type=1&no=2007111710594811559&outlink=1
