,title,url
0,"[골프토픽] ‘기아클래식 챔프’ 박인비 ""내가 ‘넘버 2’~""",https://view.asiae.co.kr/article/2021033007493989748
1,"[강세 토픽] 현대·기아차 부품주 테마, 만도 +4.27%, 현대위아 +4.26%",https://biz.chosun.com/site/data/html_dir/2020/07/15/2020071500928.html?utm_source=naver&utm_medium=original&utm_campaign=biz
2,"[강세 토픽] 현대·기아차 부품주 테마, 에스엘 +8.44%, 두올 +5.83%",https://biz.chosun.com/site/data/html_dir/2020/07/13/2020071301079.html?utm_source=naver&utm_medium=original&utm_campaign=biz
3,"[강세 토픽] 현대·기아차 부품주 테마, 에스엘 +6.36%, 금호에이치티 +6.35%",https://biz.chosun.com/site/data/html_dir/2020/07/06/2020070601470.html?utm_source=naver&utm_medium=original&utm_campaign=biz
4,"[강세 토픽] 현대·기아차 부품주 테마, 만도 +5.57%, 현대모비스 +4.21%",https://biz.chosun.com/site/data/html_dir/2020/06/03/2020060301000.html?utm_source=naver&utm_medium=original&utm_campaign=biz
5,"[강세 토픽] 현대·기아차 부품주 테마, 현대위아 +4.01%, 현대모비스 +3.03%",https://biz.chosun.com/site/data/html_dir/2020/06/01/2020060101223.html?utm_source=naver&utm_medium=original&utm_campaign=biz
6,"[강세 토픽] 현대·기아차 부품주 테마, 우리산업 +4.11%, 현대모비스 +4.02%",https://biz.chosun.com/site/data/html_dir/2020/05/26/2020052601062.html?utm_source=naver&utm_medium=original&utm_campaign=biz
7,"[강세 토픽] 현대·기아차 부품주 테마, 만도 +6.61%, 현대위아 +5.43%",https://biz.chosun.com/site/data/html_dir/2020/05/19/2020051900900.html?utm_source=naver&utm_medium=original&utm_campaign=biz
8,"[강세 토픽] 현대·기아차 부품주 테마, 만도 +6.10%, 현대위아 +5.79%",https://biz.chosun.com/site/data/html_dir/2020/05/08/2020050802413.html?utm_source=naver&utm_medium=original&utm_campaign=biz
9,"[강세 토픽] 현대·기아차 부품주 테마, 화신 +7.87%, 센트랄모텍 +5.98%",https://biz.chosun.com/site/data/html_dir/2020/04/27/2020042702167.html?utm_source=naver&utm_medium=original&utm_campaign=biz
10,"[강세 토픽] 현대·기아차 부품주 테마, 센트랄모텍 +4.59%, 화신 +3.34%",https://biz.chosun.com/site/data/html_dir/2020/04/17/2020041700783.html?utm_source=naver&utm_medium=original&utm_campaign=biz
11,"[강세 토픽] 현대·기아차 부품주 테마, 우리산업 +14.05%, 센트랄모텍 +10.56%",https://biz.chosun.com/site/data/html_dir/2020/04/14/2020041400961.html?utm_source=naver&utm_medium=original&utm_campaign=biz
12,"[강세 토픽] 현대·기아차 부품주 테마, 현대공업 +4.16%, 현대위아 +3.93%",https://biz.chosun.com/site/data/html_dir/2020/04/09/2020040900990.html?utm_source=naver&utm_medium=original&utm_campaign=biz
13,"[강세 토픽] 현대·기아차 부품주 테마, 두올 +7.00%, 현대공업 +4.20%",https://biz.chosun.com/site/data/html_dir/2020/04/07/2020040700906.html?utm_source=naver&utm_medium=original&utm_campaign=biz
14,"[강세 토픽] 현대·기아차 부품주 테마, 현대공업 +6.09%, 평화정공 +5.67%",https://biz.chosun.com/site/data/html_dir/2020/04/06/2020040601519.html?utm_source=naver&utm_medium=original&utm_campaign=biz
15,"[강세 토픽] 현대·기아차 부품주 테마, 센트랄모텍 +5.01%, 현대공업 +4.87%",https://biz.chosun.com/site/data/html_dir/2020/04/02/2020040203623.html?utm_source=naver&utm_medium=original&utm_campaign=biz
16,"[강세 토픽] 현대·기아차 부품주 테마, 금호에이치티 +6.53%, 센트랄모텍 +6.23%",https://biz.chosun.com/site/data/html_dir/2020/04/01/2020040101651.html?utm_source=naver&utm_medium=original&utm_campaign=biz
17,"[강세 토픽] 현대·기아차 부품주 테마, 금호에이치티 +8.75%, 화신 +5.97%",https://biz.chosun.com/site/data/html_dir/2020/03/26/2020032601375.html?utm_source=naver&utm_medium=original&utm_campaign=biz
18,"[강세 토픽] 현대·기아차 부품주 테마, 센트랄모텍 +5.41%, 화신 +3.51%",https://biz.chosun.com/site/data/html_dir/2020/03/03/2020030301038.html?utm_source=naver&utm_medium=original&utm_campaign=biz
19,"[강세 토픽] 현대·기아차 부품주 테마, 센트랄모텍 +6.37%, 우리산업 +4.93%",https://biz.chosun.com/site/data/html_dir/2020/02/25/2020022502927.html?utm_source=naver&utm_medium=original&utm_campaign=biz
20,"[강세 토픽] 현대·기아차 부품주 테마, 우리산업 +5.95%, 현대공업 +5.60%",https://biz.chosun.com/site/data/html_dir/2020/02/11/2020021101578.html?utm_source=naver&utm_medium=original&utm_campaign=biz
21,"[강세 토픽] 현대·기아차 부품주 테마, 현대공업 +10.39%, 만도 +5.59%",https://biz.chosun.com/site/data/html_dir/2020/02/06/2020020601151.html?utm_source=naver&utm_medium=original&utm_campaign=biz
22,"[강세 토픽] 현대·기아차 부품주 테마, 센트랄모텍 +14.98%, 우리산업 +8.30%",https://biz.chosun.com/site/data/html_dir/2020/02/04/2020020400728.html?utm_source=naver&utm_medium=original&utm_campaign=biz
23,"[강세 토픽] 현대·기아차 부품주 테마, 만도 +6.47%, 평화정공 +4.80%",https://biz.chosun.com/site/data/html_dir/2020/01/23/2020012301581.html?utm_source=naver&utm_medium=original&utm_campaign=biz
24,"[강세 토픽] 현대·기아차 부품주 테마, 현대공업 +25.27%, 두올 +8.58%",https://biz.chosun.com/site/data/html_dir/2020/01/22/2020012202217.html?utm_source=naver&utm_medium=original&utm_campaign=biz
25,"[강세 토픽] 현대·기아차 부품주 테마, 현대공업 +29.85%, 두올 +9.27%",https://biz.chosun.com/site/data/html_dir/2020/01/16/2020011600888.html?utm_source=naver&utm_medium=original&utm_campaign=biz
26,"[강세 토픽] 현대·기아차 부품주 테마, 화신 +9.15%, 센트랄모텍 +5.31%",https://biz.chosun.com/site/data/html_dir/2020/01/09/2020010900989.html?utm_source=naver&utm_medium=original&utm_campaign=biz
27,[기업의 흥망] 삼성도 탐냈던 기아그룹의 몰락,http://www.bizhankook.com/article/21612
28,"[모닝오늘]2018 국감, 게임업계 토픽 '둘'…기아차 니로, '에바가루 포비아' 확산",http://www.sisaon.co.kr/news/articleView.html?idxno=77962
29,"[골프토픽] '기아클래식 챔프' 지은희 ""세계랭킹 22위~""",http://view.asiae.co.kr/news/view.htm?idxno=2018032708042107990
30,"[골프토픽] 기아클래식 ""내년에는 아비아라에서 ~""",http://www.asiae.co.kr/news/view.htm?idxno=2012122109335457753
31,[미디어 핫 토픽] 경차 전성시대 다시 열릴까,https://www.yeongnam.com/web/view.php?key=20210902010000206
32,"[강세 토픽] 자동차 대표주 테마, 기아차 +3.53%, 현대차 +3.45%",https://biz.chosun.com/site/data/html_dir/2020/07/15/2020071500834.html?utm_source=naver&utm_medium=original&utm_campaign=biz
33,"[강세 토픽] 자동차 대표주 테마, 기아차 +2.50%, 현대차 +2.24%",https://biz.chosun.com/site/data/html_dir/2020/07/13/2020071300811.html?utm_source=naver&utm_medium=original&utm_campaign=biz
34,"[강세 토픽] 자동차 대표주 테마, 쌍용차 +8.73%, 기아차 +2.17%",https://biz.chosun.com/site/data/html_dir/2020/07/08/2020070801108.html?utm_source=naver&utm_medium=original&utm_campaign=biz
35,"[강세 토픽] 자동차 대표주 테마, 쌍용차 +3.16%, 기아차 +2.33%",https://biz.chosun.com/site/data/html_dir/2020/07/06/2020070601544.html?utm_source=naver&utm_medium=original&utm_campaign=biz
36,"[강세 토픽] 자동차 대표주 테마, 쌍용차 +6.08%, 기아차 +2.46%",https://biz.chosun.com/site/data/html_dir/2020/06/26/2020062601032.html?utm_source=naver&utm_medium=original&utm_campaign=biz
37,"[강세 토픽] 자동차 대표주 테마, 쌍용차 +22.54%, 기아차 +2.15%",https://biz.chosun.com/site/data/html_dir/2020/06/23/2020062300916.html?utm_source=naver&utm_medium=original&utm_campaign=biz
38,"[강세 토픽] 자동차 대표주 테마, 쌍용차 +14.82%, 기아차 +2.11%",https://biz.chosun.com/site/data/html_dir/2020/06/18/2020061802313.html?utm_source=naver&utm_medium=original&utm_campaign=biz
39,"[강세 토픽] 자동차 대표주 테마, 현대차 +3.90%, 기아차 +3.56%",https://biz.chosun.com/site/data/html_dir/2020/06/03/2020060300967.html?utm_source=naver&utm_medium=original&utm_campaign=biz
40,"[강세 토픽] 자동차 대표주 테마, 기아차 +4.48%, 현대차 +2.00%",https://biz.chosun.com/site/data/html_dir/2020/06/02/2020060201742.html?utm_source=naver&utm_medium=original&utm_campaign=biz
41,"[강세 토픽] 자동차 대표주 테마, 기아차 +2.49%, 쌍용차 +2.06%",https://biz.chosun.com/site/data/html_dir/2020/05/29/2020052902161.html?utm_source=naver&utm_medium=original&utm_campaign=biz
42,"[강세 토픽] 자동차 대표주 테마, 쌍용차 +3.41%, 기아차 +2.14%",https://biz.chosun.com/site/data/html_dir/2020/05/26/2020052600971.html?utm_source=naver&utm_medium=original&utm_campaign=biz
43,"[강세 토픽] 자동차 대표주 테마, 기아차 +2.62%, 현대차 +2.01%",https://biz.chosun.com/site/data/html_dir/2020/05/11/2020051100859.html?utm_source=naver&utm_medium=original&utm_campaign=biz
44,"[강세 토픽] 자동차 대표주 테마, 기아차 +2.76%, 쌍용차 +2.31%",https://biz.chosun.com/site/data/html_dir/2020/05/08/2020050801807.html?utm_source=naver&utm_medium=original&utm_campaign=biz
45,"[강세 토픽] 자동차 대표주 테마, 현대차 +2.30%, 기아차 +2.09%",https://biz.chosun.com/site/data/html_dir/2020/05/06/2020050600861.html?utm_source=naver&utm_medium=original&utm_campaign=biz
46,"[골프토픽] LPGA투어 ""9월 기아클래식 취소""",https://view.asiae.co.kr/article/2020082116131999496
47,"[강세 토픽] 자동차 대표주 테마, 기아차 +2.27%, 현대차 +2.18%",https://biz.chosun.com/site/data/html_dir/2020/04/28/2020042801006.html?utm_source=naver&utm_medium=original&utm_campaign=biz
48,"[강세 토픽] 자동차 대표주 테마, 기아차 +2.89%, 현대차 +2.11%",https://biz.chosun.com/site/data/html_dir/2020/04/27/2020042702074.html?utm_source=naver&utm_medium=original&utm_campaign=biz
49,"[강세 토픽] 자동차 대표주 테마, 기아차 +4.58%, 현대차 +2.48%",https://biz.chosun.com/site/data/html_dir/2020/04/23/2020042302689.html?utm_source=naver&utm_medium=original&utm_campaign=biz
50,[미디어 핫 토픽] 탄소중립과 자동차 시장,https://www.yeongnam.com/web/view.php?key=20210527010003222
51,"[강세 토픽] 자동차 대표주 테마, 기아차 +3.10%, 현대차 +2.93%",https://biz.chosun.com/site/data/html_dir/2020/04/17/2020041700752.html?utm_source=naver&utm_medium=original&utm_campaign=biz
52,"[강세 토픽] 자동차 대표주 테마, 현대차 +2.76%, 기아차 +2.03%",https://biz.chosun.com/site/data/html_dir/2020/04/14/2020041401080.html?utm_source=naver&utm_medium=original&utm_campaign=biz
53,"[강세 토픽] 자동차 대표주 테마, 기아차 +2.65%, 현대차 +2.11%",https://biz.chosun.com/site/data/html_dir/2020/04/09/2020040901014.html?utm_source=naver&utm_medium=original&utm_campaign=biz
54,"[강세 토픽] 자동차 대표주 테마, 기아차 +3.54%, 현대차 +2.32%",https://biz.chosun.com/site/data/html_dir/2020/04/06/2020040602632.html?utm_source=naver&utm_medium=original&utm_campaign=biz
55,"[강세 토픽] 자동차 대표주 테마, 기아차 +2.88%, 쌍용차 +2.11%",https://biz.chosun.com/site/data/html_dir/2020/04/01/2020040102772.html?utm_source=naver&utm_medium=original&utm_campaign=biz
56,"[강세 토픽] 자동차 대표주 테마, 현대차 +5.21%, 기아차 +4.17%",https://biz.chosun.com/site/data/html_dir/2020/03/26/2020032601473.html?utm_source=naver&utm_medium=original&utm_campaign=biz
57,"[골프토픽] ‘슬로 플레이’ 노예림 ""벌금이 1000만원?""",https://view.asiae.co.kr/article/2021033110454657801
58,"[강세 토픽] 자동차 대표주 테마, 기아차 +3.48%, 현대차 +2.20%",https://biz.chosun.com/site/data/html_dir/2020/03/03/2020030300994.html?utm_source=naver&utm_medium=original&utm_campaign=biz
59,"[강세 토픽] 자동차 대표주 테마, 기아차 +2.30%, 쌍용차 +2.01%",https://biz.chosun.com/site/data/html_dir/2020/02/14/2020021401843.html?utm_source=naver&utm_medium=original&utm_campaign=biz
60,"[강세 토픽] 자동차 대표주 테마, 현대차 +3.46%, 기아차 +2.46%",https://biz.chosun.com/site/data/html_dir/2020/02/11/2020021101577.html?utm_source=naver&utm_medium=original&utm_campaign=biz
61,"[강세 토픽] 자동차 대표주 테마, 현대차 +3.63%, 기아차 +2.03%",https://biz.chosun.com/site/data/html_dir/2020/02/06/2020020601004.html?utm_source=naver&utm_medium=original&utm_campaign=biz
62,"[강세 토픽] 자동차 대표주 테마, 현대차 +2.76%, 기아차 +2.23%",https://biz.chosun.com/site/data/html_dir/2020/01/23/2020012301548.html?utm_source=naver&utm_medium=original&utm_campaign=biz
63,"[강세 토픽] 자동차 대표주 테마, 현대차 +5.98%, 기아차 +2.04%",https://biz.chosun.com/site/data/html_dir/2020/01/22/2020012202181.html?utm_source=naver&utm_medium=original&utm_campaign=biz
64,"[골프토픽] '내셔널타이틀' 기아자동차 한국여자오픈 ""예정대로~""",https://view.asiae.co.kr/article/2020052910333142809
65,"[강세 토픽] 자동차 대표주 테마, 쌍용차 +2.96%, 기아차 +2.19%",https://biz.chosun.com/site/data/html_dir/2019/12/10/2019121001136.html?utm_source=naver&utm_medium=original&utm_campaign=biz
66,"[골프토픽] ‘넘버 2’ 김세영 ""메디힐에 새 둥지""",https://view.asiae.co.kr/article/2021031815312570465
67,"[골프토픽] ‘메이저퀸’ 포포프 ""남친 캐디로 변신~""",https://view.asiae.co.kr/article/2021031116130117519
68,"[강세 토픽] 전기차 - 부품 테마, 테라셈 +8.21%, 현대위아 +7.52%",https://biz.chosun.com/site/data/html_dir/2020/07/15/2020071500956.html?utm_source=naver&utm_medium=original&utm_campaign=biz
69,"[강세 토픽] 전기차 - 부품 테마, 현대위아 +10.78%, 대우부품 +6.22%",https://biz.chosun.com/site/data/html_dir/2020/07/13/2020071301974.html?utm_source=naver&utm_medium=original&utm_campaign=biz
70,"[강세 토픽] 전기차 - 부품 테마, 삼화전기 +5.01%, 성창오토텍 +4.90%",https://biz.chosun.com/site/data/html_dir/2020/06/23/2020062301086.html?utm_source=naver&utm_medium=original&utm_campaign=biz
71,"[강세 토픽] 2차전지 - 배터리 생산 테마, LG화학 +3.51%, 삼성SDI +2.08%",https://biz.chosun.com/site/data/html_dir/2020/07/09/2020070902124.html?utm_source=naver&utm_medium=original&utm_campaign=biz
72,"[강세 토픽] 자동차 연비개선 - 경량화 테마, 한국카본 +4.16%, 성우하이텍 +3.48%",https://biz.chosun.com/site/data/html_dir/2020/06/01/2020060101752.html?utm_source=naver&utm_medium=original&utm_campaign=biz
73,"[강세 토픽] 2차전지 - 배터리 생산 테마, LG화학 +2.95%, 삼성SDI +2.84%",https://biz.chosun.com/site/data/html_dir/2020/07/07/2020070700873.html?utm_source=naver&utm_medium=original&utm_campaign=biz
74,"[강세 토픽] 2차전지 - 배터리 생산 테마, 삼성SDI +3.10%, LG화학 +3.02%",https://biz.chosun.com/site/data/html_dir/2020/07/03/2020070300790.html?utm_source=naver&utm_medium=original&utm_campaign=biz
75,"[강세 토픽] 자동차 연비개선 - 경량화 테마, 엠에스오토텍 +9.55%, 코프라 +7.11%",https://biz.chosun.com/site/data/html_dir/2020/05/26/2020052601890.html?utm_source=naver&utm_medium=original&utm_campaign=biz
76,"[강세 토픽] 2차전지 - 배터리 생산 테마, 삼성SDI +3.03%, LG화학 +2.34%",https://biz.chosun.com/site/data/html_dir/2020/07/01/2020070100906.html?utm_source=naver&utm_medium=original&utm_campaign=biz
77,"[강세 토픽] 자동차 연비개선 - 경량화 테마, 센트랄모텍 +7.56%, POSCO +5.92%",https://biz.chosun.com/site/data/html_dir/2020/05/19/2020051900982.html?utm_source=naver&utm_medium=original&utm_campaign=biz
78,"[강세 토픽] 2차전지 - 배터리 생산 테마, SK이노베이션 +2.34%, LG화학 +2.18%",https://biz.chosun.com/site/data/html_dir/2020/06/24/2020062401820.html?utm_source=naver&utm_medium=original&utm_campaign=biz
79,"[강세 토픽] 2차전지 - 배터리 생산 테마, SK이노베이션 +2.79%, LG화학 +2.17%",https://biz.chosun.com/site/data/html_dir/2020/06/23/2020062300948.html?utm_source=naver&utm_medium=original&utm_campaign=biz
80,"[강세 토픽] 전기차 - 부품 테마, 우리산업홀딩스 +8.60%, 두산솔루스 +6.28%",https://biz.chosun.com/site/data/html_dir/2020/05/26/2020052601177.html?utm_source=naver&utm_medium=original&utm_campaign=biz
81,"[강세 토픽] 2차전지 - 배터리 생산 테마, SK이노베이션 +6.01%, LG화학 +3.18%",https://biz.chosun.com/site/data/html_dir/2020/06/17/2020061700837.html?utm_source=naver&utm_medium=original&utm_campaign=biz
82,"[강세 토픽] 2차전지 - 배터리 생산 테마, LG화학 +6.48%, 삼성SDI +3.12%",https://biz.chosun.com/site/data/html_dir/2020/06/11/2020061101735.html?utm_source=naver&utm_medium=original&utm_campaign=biz
83,"[강세 토픽] 전기차 - 부품 테마, 삼화전기 +11.99%, 현대위아 +7.14%",https://biz.chosun.com/site/data/html_dir/2020/05/19/2020051901147.html?utm_source=naver&utm_medium=original&utm_campaign=biz
84,"[강세 토픽] 수소연료전지차 테마, 코오롱머티리얼 +23.36%, 유라테크 +20.63%",https://biz.chosun.com/site/data/html_dir/2020/07/15/2020071500875.html?utm_source=naver&utm_medium=original&utm_campaign=biz
85,"[강세 토픽] 수소연료전지차 테마, 시노펙스 +25.44%, 코오롱머티리얼 +22.27%",https://biz.chosun.com/site/data/html_dir/2020/07/14/2020071401857.html?utm_source=naver&utm_medium=original&utm_campaign=biz
86,"[강세 토픽] 2차전지 - 배터리 생산 테마, SK이노베이션 +3.16%, LG화학 +2.07%",https://biz.chosun.com/site/data/html_dir/2020/06/08/2020060800708.html?utm_source=naver&utm_medium=original&utm_campaign=biz
87,"[강세 토픽] 자동차 대표주 테마, 쌍용차 +11.69%, 현대차 +2.25%",https://biz.chosun.com/site/data/html_dir/2020/06/08/2020060800707.html?utm_source=naver&utm_medium=original&utm_campaign=biz
88,"[강세 토픽] 수소연료전지차 테마, 두산퓨얼셀 +12.61%, 시노펙스 +10.37%",https://biz.chosun.com/site/data/html_dir/2020/07/13/2020071300869.html?utm_source=naver&utm_medium=original&utm_campaign=biz
89,"[강세 토픽] 그래핀(Graphene) 테마, 시노펙스 +26.42%, 덕양산업 +22.47%",https://biz.chosun.com/site/data/html_dir/2020/07/13/2020071301944.html?utm_source=naver&utm_medium=original&utm_campaign=biz
90,"[강세 토픽] 자동차 연비개선 - 경량화 테마, 삼양사 +5.59%, 엔바이오니아 +5.59%",https://biz.chosun.com/site/data/html_dir/2020/04/27/2020042701259.html?utm_source=naver&utm_medium=original&utm_campaign=biz
91,"[강세 토픽] 자동차 대표주 테마, 쌍용차 +7.47%, 현대차 +2.30%",https://biz.chosun.com/site/data/html_dir/2020/06/05/2020060501903.html?utm_source=naver&utm_medium=original&utm_campaign=biz
92,"[강세 토픽] 2차전지 - 배터리 생산 테마, LG화학 +3.12%, 삼성SDI +2.05%",https://biz.chosun.com/site/data/html_dir/2020/06/04/2020060401168.html?utm_source=naver&utm_medium=original&utm_campaign=biz
93,"[강세 토픽] 자동차 대표주 테마, 현대차 +2.30%, 쌍용차 +2.11%",https://biz.chosun.com/site/data/html_dir/2020/06/04/2020060401010.html?utm_source=naver&utm_medium=original&utm_campaign=biz
94,"[강세 토픽] 자동차 대표주 테마, 쌍용차 +2.78%, 현대차 +2.55%",https://biz.chosun.com/site/data/html_dir/2020/06/01/2020060101191.html?utm_source=naver&utm_medium=original&utm_campaign=biz
95,"[강세 토픽] 2차전지 - 배터리 생산 테마, SK이노베이션 +5.49%, 삼성SDI +2.09%",https://biz.chosun.com/site/data/html_dir/2020/06/01/2020060100943.html?utm_source=naver&utm_medium=original&utm_campaign=biz
96,"[강세 토픽] 수소연료전지차 테마, 영화테크 +14.56%, 코오롱인더 +9.06%",https://biz.chosun.com/site/data/html_dir/2020/07/06/2020070601471.html?utm_source=naver&utm_medium=original&utm_campaign=biz
97,"[강세 토픽] 시스템 반도체(비메모리 반도체) 테마, 시그네틱스 +13.70%, 엘비세미콘 +6.77%",https://biz.chosun.com/site/data/html_dir/2020/07/06/2020070601708.html?utm_source=naver&utm_medium=original&utm_campaign=biz
98,"[강세 토픽] 자동차 연비개선 - 경량화 테마, 엠에스오토텍 +12.99%, 대호에이엘 +5.07%",https://biz.chosun.com/site/data/html_dir/2020/04/20/2020042001085.html?utm_source=naver&utm_medium=original&utm_campaign=biz
99,"[강세 토픽] 자동차 연비개선 - 경량화 테마, HDC현대EP +5.25%, 엠에스오토텍 +5.17%",https://biz.chosun.com/site/data/html_dir/2020/04/17/2020041700960.html?utm_source=naver&utm_medium=original&utm_campaign=biz
100,"[강세 토픽] 2차전지 - 배터리 생산 테마, LG화학 +5.13%, 삼성SDI +5.03%",https://biz.chosun.com/site/data/html_dir/2020/05/26/2020052600814.html?utm_source=naver&utm_medium=original&utm_campaign=biz
101,"[강세 토픽] 시스템 반도체(비메모리 반도체) 테마, 오디텍 +30.00%, 유니퀘스트 +19.70%",https://biz.chosun.com/site/data/html_dir/2020/07/01/2020070101702.html?utm_source=naver&utm_medium=original&utm_campaign=biz
102,"[강세 토픽] 2차전지 - 배터리 생산 테마, 삼성SDI +3.13%, LG화학 +2.12%",https://biz.chosun.com/site/data/html_dir/2020/05/25/2020052501762.html?utm_source=naver&utm_medium=original&utm_campaign=biz
103,"[강세 토픽] 자동차 연비개선 - 경량화 테마, 코오롱플라스틱 +15.67%, 센트랄모텍 +7.22%",https://biz.chosun.com/site/data/html_dir/2020/04/14/2020041400883.html?utm_source=naver&utm_medium=original&utm_campaign=biz
104,"[강세 토픽] 2차전지 - 배터리 생산 테마, SK이노베이션 +3.38%, LG화학 +2.62%",https://biz.chosun.com/site/data/html_dir/2020/05/21/2020052100947.html?utm_source=naver&utm_medium=original&utm_campaign=biz
105,"[강세 토픽] 2차전지 - 배터리 생산 테마, 삼성SDI +5.79%, LG화학 +2.16%",https://biz.chosun.com/site/data/html_dir/2020/05/18/2020051801668.html?utm_source=naver&utm_medium=original&utm_campaign=biz
106,"[강세 토픽] 시스템 반도체(비메모리 반도체) 테마, 디아이 +9.17%, 유니퀘스트 +6.19%",https://biz.chosun.com/site/data/html_dir/2020/06/24/2020062401265.html?utm_source=naver&utm_medium=original&utm_campaign=biz
107,"[강세 토픽] 수소연료전지차 테마, 에스퓨얼셀 +12.62%, 두산퓨얼셀 +9.94%",https://biz.chosun.com/site/data/html_dir/2020/06/23/2020062300904.html?utm_source=naver&utm_medium=original&utm_campaign=biz
108,"[강세 토픽] 수소연료전지차 테마, 모베이스전자 +12.96%, 일진다이아 +9.68%",https://biz.chosun.com/site/data/html_dir/2020/06/22/2020062202168.html?utm_source=naver&utm_medium=original&utm_campaign=biz
109,"[강세 토픽] 2차전지 - 배터리 생산 테마, 삼성SDI +5.11%, LG화학 +2.22%",https://biz.chosun.com/site/data/html_dir/2020/05/13/2020051301693.html?utm_source=naver&utm_medium=original&utm_campaign=biz
110,"[강세 토픽] 전기차 - 부품 테마, 우리산업홀딩스 +12.86%, 우수AMS +11.14%",https://biz.chosun.com/site/data/html_dir/2020/04/14/2020041400809.html?utm_source=naver&utm_medium=original&utm_campaign=biz
111,"[강세 토픽] 수소연료전지차 테마, 에스퓨얼셀 +29.89%, 제이엔케이히터 +15.41%",https://biz.chosun.com/site/data/html_dir/2020/06/11/2020061101245.html?utm_source=naver&utm_medium=original&utm_campaign=biz
112,"[강세 토픽] 2차전지 - 배터리 생산 테마, SK이노베이션 +2.80%, LG화학 +2.07%",https://biz.chosun.com/site/data/html_dir/2020/04/29/2020042901009.html?utm_source=naver&utm_medium=original&utm_campaign=biz
113,"[강세 토픽] 2차전지 - 배터리 생산 테마, LG화학 +3.68%, 삼성SDI +2.51%",https://biz.chosun.com/site/data/html_dir/2020/04/28/2020042800927.html?utm_source=naver&utm_medium=original&utm_campaign=biz
114,"[강세 토픽] 수소연료전지차 테마, 모베이스전자 +7.64%, 제이엔케이히터 +6.01%",https://biz.chosun.com/site/data/html_dir/2020/06/01/2020060101226.html?utm_source=naver&utm_medium=original&utm_campaign=biz
115,"[강세 토픽] 시스템 반도체(비메모리 반도체) 테마, DB하이텍 +6.29%, 하나마이크론 +4.98%",https://biz.chosun.com/site/data/html_dir/2020/06/01/2020060100975.html?utm_source=naver&utm_medium=original&utm_campaign=biz
116,"[강세 토픽] 2차전지 - 배터리 생산 테마, SK이노베이션 +2.87%, 삼성SDI +2.44%",https://biz.chosun.com/site/data/html_dir/2020/04/20/2020042000901.html?utm_source=naver&utm_medium=original&utm_campaign=biz
117,"[강세 토픽] 수소연료전지차 테마, 두산퓨얼셀 +23.08%, 영화테크 +13.66%",https://biz.chosun.com/site/data/html_dir/2020/05/26/2020052601657.html?utm_source=naver&utm_medium=original&utm_campaign=biz
118,"[강세 토픽] 2차전지 - 배터리 생산 테마, 삼성SDI +3.38%, LG화학 +2.60%",https://biz.chosun.com/site/data/html_dir/2020/04/16/2020041600940.html?utm_source=naver&utm_medium=original&utm_campaign=biz
119,"[강세 토픽] 시스템 반도체(비메모리 반도체) 테마, DB하이텍 +12.09%, 유니테스트 +9.32%",https://biz.chosun.com/site/data/html_dir/2020/05/25/2020052501956.html?utm_source=naver&utm_medium=original&utm_campaign=biz
120,"[강세 토픽] 수소연료전지차 테마, 동아화성 +12.67%, 대원강업 +7.60%",https://biz.chosun.com/site/data/html_dir/2020/05/25/2020052502017.html?utm_source=naver&utm_medium=original&utm_campaign=biz
121,"[강세 토픽] 수소연료전지차 테마, 세종공업 +26.19%, 에코바이오 +23.84%",https://biz.chosun.com/site/data/html_dir/2020/05/21/2020052100952.html?utm_source=naver&utm_medium=original&utm_campaign=biz
122,"[강세 토픽] 그래핀(Graphene) 테마, 크린앤사이언스 +9.01%, 덕산하이메탈 +6.61%",https://biz.chosun.com/site/data/html_dir/2020/05/20/2020052001916.html?utm_source=naver&utm_medium=original&utm_campaign=biz
123,"[강세 토픽] 시스템 반도체(비메모리 반도체) 테마, 에이디테크놀로지 +6.19%, 에프에스티 +5.47%",https://biz.chosun.com/site/data/html_dir/2020/05/20/2020052001081.html?utm_source=naver&utm_medium=original&utm_campaign=biz
124,"[강세 토픽] 수소연료전지차 테마, 삼화전자 +13.36%, 효성중공업 +6.57%",https://biz.chosun.com/site/data/html_dir/2020/05/19/2020051901962.html?utm_source=naver&utm_medium=original&utm_campaign=biz
125,"""초기 감기 치료의 핵심은 바로 해열"" [시사토픽]",http://www.ifm.kr/news/279686
126,"[강세 토픽] 시스템 반도체(비메모리 반도체) 테마, 칩스앤미디어 +7.85%, 에이디테크놀로지 +6.95%",https://biz.chosun.com/site/data/html_dir/2020/05/15/2020051501579.html?utm_source=naver&utm_medium=original&utm_campaign=biz
127,"[강세 토픽] 그래핀(Graphene) 테마, 쎄미시스코 +29.99%, 상보 +17.44%",https://biz.chosun.com/site/data/html_dir/2020/05/11/2020051100861.html?utm_source=naver&utm_medium=original&utm_campaign=biz
128,"[골프토픽] 'ANA 챔프' 이미림 ""내가 '넘버 21'~""",https://view.asiae.co.kr/article/2020091508204748880
129,"[강세 토픽] 시스템 반도체(비메모리 반도체) 테마, 아나패스 +7.16%, 시그네틱스 +5.56%",https://biz.chosun.com/site/data/html_dir/2020/05/08/2020050801164.html?utm_source=naver&utm_medium=original&utm_campaign=biz
130,"[강세 토픽] 그래핀(Graphene) 테마, 쎄미시스코 +21.69%, 대창 +16.45%",https://biz.chosun.com/site/data/html_dir/2020/05/08/2020050800880.html?utm_source=naver&utm_medium=original&utm_campaign=biz
131,"[강세 토픽] 그래핀(Graphene) 테마, 디지아이 +5.38%, 경인양행 +4.48%",https://biz.chosun.com/site/data/html_dir/2020/05/06/2020050602611.html?utm_source=naver&utm_medium=original&utm_campaign=biz
132,"[강세 토픽] 시스템 반도체(비메모리 반도체) 테마, 어보브반도체 +7.00%, 칩스앤미디어 +6.45%",https://biz.chosun.com/site/data/html_dir/2020/05/06/2020050601176.html?utm_source=naver&utm_medium=original&utm_campaign=biz
133,"[강세 토픽] 시스템 반도체(비메모리 반도체) 테마, 테크윙 +12.09%, 테크윙 +12.09%",https://biz.chosun.com/site/data/html_dir/2020/04/29/2020042901258.html?utm_source=naver&utm_medium=original&utm_campaign=biz
134,"[강세 토픽] 수소연료전지차 테마, 평화산업 +10.40%, 평화홀딩스 +8.62%",https://biz.chosun.com/site/data/html_dir/2020/04/23/2020042301846.html?utm_source=naver&utm_medium=original&utm_campaign=biz
135,"[강세 토픽] 수소연료전지차 테마, 풍국주정 +18.39%, 유니크 +10.15%",https://biz.chosun.com/site/data/html_dir/2020/04/20/2020042003041.html?utm_source=naver&utm_medium=original&utm_campaign=biz
136,"[강세 토픽] 시스템 반도체(비메모리 반도체) 테마, 에이디테크놀로지 +8.24%, 다믈멀티미디어 +4.13%",https://biz.chosun.com/site/data/html_dir/2020/04/17/2020041700699.html?utm_source=naver&utm_medium=original&utm_campaign=biz
137,"[강세 토픽] 그래핀(Graphene) 테마, 경인양행 +5.86%, 엘엠에스 +4.76%",https://biz.chosun.com/site/data/html_dir/2020/04/17/2020041701531.html?utm_source=naver&utm_medium=original&utm_campaign=biz
138,"[강세 토픽] 시스템 반도체(비메모리 반도체) 테마, 어보브반도체 +5.53%, 유니퀘스트 +5.37%",https://biz.chosun.com/site/data/html_dir/2020/04/16/2020041602814.html?utm_source=naver&utm_medium=original&utm_campaign=biz
139,"[강세 토픽] 시스템 반도체(비메모리 반도체) 테마, 테크윙 +4.05%, 테크윙 +4.05%",https://biz.chosun.com/site/data/html_dir/2020/04/14/2020041400818.html?utm_source=naver&utm_medium=original&utm_campaign=biz
140,"[골프토픽] LPGA투어 ""9월 이후 갤러리 입장 허용?""",https://view.asiae.co.kr/article/2020072408064105640
141,"[강세 토픽] 자동차 대표주 테마, 쌍용차 +12.44%, 현대차 +3.40%",https://biz.chosun.com/site/data/html_dir/2020/02/12/2020021202298.html?utm_source=naver&utm_medium=original&utm_campaign=biz
142,"[골프토픽] LPGA, 유소연 우승상금 기부 극찬 ""놀랍지 않은 일""",https://view.asiae.co.kr/article/2020062307060416009
143,"[강세 토픽] 자동차 대표주 테마, 현대차 +3.48%, 쌍용차 +3.15%",https://biz.chosun.com/site/data/html_dir/2020/01/16/2020011600845.html?utm_source=naver&utm_medium=original&utm_campaign=biz
144,"[골프토픽] 고진영과 유소연 ""한국여자오픈서 자존심 격돌""",https://view.asiae.co.kr/article/2020060913184086669
145,교회 차종 어떻게 변화해가나… 승합차 ‘귀하신 몸’ 어려운 교회 발만 ‘동동’,http://news.kukinews.com/article/view.asp?page=1&gCode=kmi&arcid=0005124002&cp=nv
146,"[골프토픽] LPGA투어 ""대회 2개를 묶어서 한 번에 치른다?""",https://view.asiae.co.kr/article/2020031815080648196
147,"[골프토픽] PGA 무관중, LPGA는 연기 ""코로나19 직격탄""",https://view.asiae.co.kr/article/2020031307385882214
148,[TV토픽] 드라마 '스토브리그'는 왜 성공할 수 밖에 없었나,http://www.topstarnews.net/news/articleView.html?idxno=732012
149,"[골프토픽] 박인비 ""2계단 점프 '넘버 6'""",http://view.asiae.co.kr/news/view.htm?idxno=2019040207163168495
150,"[골프토픽] '다리 부상' 오지현 ""셀트리온 불참~""",http://view.asiae.co.kr/news/view.htm?idxno=2019041015292969734
151,"[fn 핫토픽] 기성용 6호골, 대사 수술 성공적, 장도연 이용진, 이지연 다희, 제스트 멤버, 전두환 일가 재산 122만 달러 몰수, 최고의 스마트폰, 아이핀 해킹, 에릭남 괜찮아 괜찮아, 어벤져스2 예고편 공개,무한도전 식스맨",http://www.fnnews.com/news/201503060738366355
152,"[fn 핫토픽] 아이핀 해킹, 에릭남 괜찮아 괜찮아, 대사 수술 성공적, 어벤져스2 예고편 공개, 장도연 이용진, 최고의 스마트폰, 제스트 멤버, 삼성 브랜드 가치, 랩몬스터 워렌지 콜라보, 기성용 6호골",http://www.fnnews.com/news/201503051707306781
153,"[fn 핫토픽] 리퍼트 대사 피습, 제스트 멤버, 라디오스타 장도연, 삼성 브랜드 가치, 최고의 스마트폰, 기성용 6호골, 삼성전자 KIMES 2015, 전두환 일가 재산 122만 달러 몰수, 위장전입 의혹, 하이드 지킬 나 한지민",http://www.fnnews.com/news/201503051406123266
154,"[생활&토픽] 박창진 사무장 출연… 김상중 ""부끄러운 시절 있었다"", 정승연 판사, 양현종 연봉 4억원, 웜비즈의 의미, 과식 피해 줄이는 식품, 슈퍼맨이 돌아왔다",http://www.newsinside.kr/news/articleView.html?idxno=293482
155,"기아 두산에 20-8승, 최형우 통산 250호 홈런과 김주찬 4안타 부활 완승 이끌었다",http://www.mediaus.co.kr/news/articleView.html?idxno=94794
156,"[아주 핫토픽] NS윤지 컴백, 홍사덕 민화협 의장, 강정호 2루타, 예원 공식입장, 자기야 정상훈 속도위반, 타이미 졸리브이, 이태임 공식 사과, 제스트 논란, 해피투게더 신수지, 아이핀 해킹 75만건, 윤석민 복귀, 이지연 다희 징역 3년 구형",http://www.ajunews.com/view/20150306111013795
157,"[이슈&토픽] 힐링캠프 김건모 ""성유리와 극비결혼설 진실은"", 이태임, 김영란법 오늘 본회의 처리, 2월 소비자물가 0.5%↑, 캐나다 한인목사 북한서 연락두절, 10년간 최다판매 작가",http://www.newsinside.kr/news/articleView.html?idxno=303530
158,"[골프토픽] 김인경 ""분실한 골프채가 중고숍에?""",http://view.asiae.co.kr/news/view.htm?idxno=2018032210383757594
159,"기아 SK에 11-10승, 김선빈 9회 말 투아웃 동점 투런홈런, 기아 60승 선착",http://www.mediaus.co.kr/news/articleView.html?idxno=97380
160,"[골프토픽] 김인경 ""분실한 골프채가 중고숍에?""",http://view.asiae.co.kr/news/view.htm?idxno=2018032210383757594
161,"기아 SK에 11-10승, 김선빈 9회 말 투아웃 동점 투런홈런, 기아 60승 선착",http://www.mediaus.co.kr/news/articleView.html?idxno=97380
162,"[골프토픽] 유소연 ""내가 한국의 에이스""",http://view.asiae.co.kr/news/view.htm?idxno=2017032809253145556
163,"[아주 핫토픽] 예원 공식입장, 자기야 정상훈 속도위반, 타이미 졸리브이, 경찰 김기종 사무실 압수수색, 오늘 경칩, 한미동맹 공고, 이태임 공식 사과, 제스트 멤버, 해피투게더 신수지, 아이핀 해킹 75만건, 윤석민 국내 복귀, 랩몬스터 P.D.D, 이지연 다희 징역 3년 구형",http://www.ajunews.com/view/20150306083339755
164,`산다라박 도넛팔찌` `임슬옹 대학원생` `강유미 이슈앤피플` 외 [MK스포츠 핫토픽],http://sports.mk.co.kr/view.php?no=318805&year=2012
165,`이효리 코튼 원피스` `매경오픈 개막` `빅 이민정 촬영스틸` 외 [MK스포츠 핫토픽],http://sports.mk.co.kr/view.php?no=285283&year=2012
166,‘유인나 5년전’ ‘탑 김포공항’ ‘도둑들 포스터 전지현’ 외 [MK스포츠 핫토픽],http://sports.mk.co.kr/view.php?no=250428&year=2012
167,`한지민 3종 졸업사진` `한가인 공주 스커트` 외 [MK스포츠 핫토픽],http://sports.mk.co.kr/view.php?no=192585&year=2012
168,페로타임즈 손바닥뉴스 4월18일(월),http://www.ferrotimes.com/news/articleView.html?idxno=19297
169,"[골프토픽] '국내 넘버 1' 김지현 ""세계랭킹 50위 진입""",http://view.asiae.co.kr/news/view.htm?idxno=2017061917552248005
170,"기아차, 더욱 안전해진 2017년형 카니발 출시",http://www.joseilbo.com/news/news_read.php?uid=296650&class=80&grp=
171,"현대ㆍ기아차, 유로2016 대회 공식차량 875대 전달",http://www.joseilbo.com/news/news_read.php?uid=295407&class=80&grp=
172,"기아차, SKT와 손잡고 자동차용 T맵 국내 첫 개발",http://www.joseilbo.com/news/news_read.php?uid=295120&class=80&grp=
173,"기아차, 총상금 10억원 한국여자오픈 골프대회 개최",http://www.joseilbo.com/news/news_read.php?uid=295104&class=80&grp=
174,"[골프토픽] 리디아 고 ""23주 연속 '넘버 1'~""",http://view.asiae.co.kr/news/view.htm?idxno=2016032906471097772
175,"기아차, 멕시코에서 K3 양산 개시",http://www.joseilbo.com/news/news_read.php?uid=294155&class=80&grp=
176,"기아차, 엄홍길휴먼재단 히말라야 학교 신축 지원",http://www.joseilbo.com/news/news_read.php?uid=294036&class=80&grp=
177,"기아차, 신차효과에 고가 차종 판매호조로 실적 개선",http://www.joseilbo.com/news/news_read.php?uid=292929&class=80&grp=
178,"기아차, 베이징모터쇼 뉴 K3 터보와 니로 첫 공개",http://www.joseilbo.com/news/news_read.php?uid=292726&class=80&grp=
179,"기아차, K9 고객대상 제주 미각여행 이벤트",http://www.joseilbo.com/news/news_read.php?uid=292494&class=80&grp=
180,"기아차, 교통약자 가족지원 초록여행 2만명 돌파",http://www.joseilbo.com/news/news_read.php?uid=292339&class=80&grp=
181,"기아차, 헌혈 100회 김진훈씨에 니로 1호차 전달",http://www.joseilbo.com/news/news_read.php?uid=292142&class=80&grp=
182,"기아차,오토캠핑 페스티벌 240팀 모집",http://www.joseilbo.com/news/news_read.php?uid=291925&class=80&grp=
183,"현대·기아차, 4월중 글로벌 누적판매 1억대 돌파",http://www.joseilbo.com/news/news_read.php?uid=291710&class=17&grp=
184,"기아차, 친환경SUV 니로 배터리 평생보장",http://www.joseilbo.com/news/news_read.php?uid=291709&class=17&grp=
185,"현대·기아차 ""자동차가 생활 중심된다""…달리는 슈퍼컴퓨터",http://www.joseilbo.com/news/news_read.php?uid=291189&class=80&grp=
186,"기아차, 연비 19.5km/ℓ 소형 SUV 니로 출시",http://www.joseilbo.com/news/news_read.php?uid=290618&class=80&grp=
187,"현대·기아차, 2020년까지 친환경車 26종 라인업 구축",http://www.joseilbo.com/news/news_read.php?uid=290457&class=80&grp=
188,"현대·기아차, 325개 협력사 채용박람회 개최",http://www.joseilbo.com/news/news_read.php?uid=290094&class=80&grp=
189,"[골프토픽] 유소연 ""우승없이 상금퀸?""",http://view.asiae.co.kr/news/view.htm?idxno=2017032909070359070
190,"기아차, 중국형 신형 스포티지 'KX5' 현지 출시",http://news1.kr/articles/?2599214
191,기아차 하반기 인턴채용…유학생 글로벌전형으로 별도선발,http://news1.kr/articles/?2598062
192,"기아차, 교통사고 유자녀에 장학금 5억 지원",http://www.joseilbo.com/news/news_read.php?uid=287407&class=80&grp=
193,"기아차, 소형 하이브리드 SUV 유럽 시장 공개",http://www.joseilbo.com/news/news_read.php?uid=287243&class=80&grp=
194,"기아차, 시카고 오토쇼서 소형 SUV ‘니로’ 공개",http://www.joseilbo.com/news/news_read.php?uid=286721&class=80&grp=
195,"현대·기아차, 설 특별 무상점검 서비스 실시",http://www.joseilbo.com/news/news_read.php?uid=285841&class=80&grp=
196,"기아차, 2015년 영업이익 8.5% 감소…매출은 5% 증가",http://www.joseilbo.com/news/news_read.php?uid=285437&class=80&grp=
197,"기아차, 설 연휴 6박 7일 시승 이벤트 실시",http://www.joseilbo.com/news/news_read.php?uid=284516&class=80&grp=
198,"[골프토픽] 한국여자오픈 ""메르스는 없다~""",http://view.asiae.co.kr/news/view.htm?idxno=2015061107350198009
199,"기아차, ‘2016 호주오픈 테니스 대회’ 공식 후원",http://www.joseilbo.com/news/news_read.php?uid=283868&class=80&grp=
200,"기아차, ‘2016 호주오픈 테니스 대회’ 공식 후원",http://www.joseilbo.com/news/news_read.php?uid=283868&class=80&grp=
201,"기아차, 디트로이트 모터쇼서 SUV 콘셉트카 ‘텔루라이드’ 공개",http://www.joseilbo.com/news/news_read.php?uid=283665&class=80&grp=
202,"기아차, 2016 호주오픈 볼키즈 한국대표 발대식",http://www.joseilbo.com/news/news_read.php?uid=283332&class=80&grp=
203,"기아차, 2015년 임금협상 잠정 합의…11일 찬반 투표",http://www.joseilbo.com/news/news_read.php?uid=283070&class=80&grp=
204,"현대·기아차, 11월 중국 판매 18만대…4개월 연속 증가세",http://www.joseilbo.com/news/news_read.php?uid=279553&class=80&grp=
205,"기아차, 레드 포인트 -창조경제 제휴 쇼핑몰 오픈",http://www.joseilbo.com/news/news_read.php?uid=279286&class=80&grp=
206,"현대·기아차, 하반신 마비자 걷게 하는 ‘착용로봇’ 개발",http://www.joseilbo.com/news/news_read.php?uid=278661&class=80&grp=
207,"기아차, 올 뉴 K7 고객초청 트라디바리 4중주단 공연",http://www.joseilbo.com/news/news_read.php?uid=291060&class=80&grp=
208,"기아차, LA오토쇼 참가…‘신형 스포티지’ 북미 공개",http://www.joseilbo.com/news/news_read.php?uid=278354&class=80&grp=
209,"현대·기아차, 국산 친환경 전용차 시대 열어",http://www.joseilbo.com/news/news_read.php?uid=290582&class=80&grp=
210,"현대•기아차, 중국서 최고 품질 경쟁력 입증",http://www.joseilbo.com/news/news_read.php?uid=276501&class=80&grp=
211,"[MS 핫토픽] 페이스북 섹시녀, 해리슨포드 경비행기 사고 중상, 타이미 졸리브이, 너의 목소리가 보여 황치열, 김기종 구속영장 청구, 제스트 논란, 윤석민 복귀, 마녀사냥 이본, 이지연 다희 징역 3년 구형, 김준수 안무 연습 영상 공개, 너를 사랑한 시간",http://star.mbn.co.kr/view.php?no=216349&year=2015&refer=portal
212,"기아차, 소하리ㆍ화성 공장 ‘에너지경영’ 인증",http://www.joseilbo.com/news/news_read.php?uid=276247&class=80&grp=
213,"기아차, 전국 사회복지관 차량 정비 지원",http://www.joseilbo.com/news/news_read.php?uid=276093&class=80&grp=
214,"현대ㆍ기아차, 2015 국제 파워트레인 컨퍼런스 개최",http://www.joseilbo.com/news/news_read.php?uid=275949&class=80&grp=
215,"[골프토픽] 한국여자오픈 ""총상금 10억원으로~""",http://view.asiae.co.kr/news/view.htm?idxno=2016032220002600173
216,"기아차, LH 임대아파트 주민 K5 시승 이벤트 진행",http://www.joseilbo.com/news/news_read.php?uid=275580&class=80&grp=
217,"기아차, 업계 첫 스마트 고객응대 시스템 구축",http://www.joseilbo.com/news/news_read.php?uid=275466&class=80&grp=
218,"기아차, 2015 국제디자인총회 후원",http://www.joseilbo.com/news/news_read.php?uid=275183&class=80&grp=
219,"기아차, 2015 광주비엔날레에 디자이너 작품 전시",http://www.joseilbo.com/news/news_read.php?uid=275152&class=80&grp=
220,"기아차, 스포티지 무료시승 이벤트 실시",http://www.joseilbo.com/news/news_read.php?uid=275069&class=80&grp=
221,"기아차, ‘The SUV, 스포티지’ 1.7 디젤 출시",http://www.joseilbo.com/news/news_read.php?uid=274866&class=80&grp=
222,"현대•기아차, R&D 협력사 테크 페스티벌 개최",http://www.joseilbo.com/news/news_read.php?uid=274744&class=80&grp=
223,"기아차, 중국형 신형 K5 판매 돌입",http://www.joseilbo.com/news/news_read.php?uid=274736&class=80&grp=
224,"현대기아차, 중국 최고 고객만족 브랜드 선정",http://www.joseilbo.com/news/news_read.php?uid=274485&class=17&grp=
225,"기아차, 육군본부와 함께 장애가족 면회지원",http://www.joseilbo.com/news/news_read.php?uid=274069&class=80&grp=
226,"현대기아차, 2015 세계과학정상회의 차량지원",http://www.joseilbo.com/news/news_read.php?uid=274070&class=80&grp=
227,"기아차, 해외 우수고객 초청 행사 실시",http://www.joseilbo.com/news/news_read.php?uid=273256&class=80&grp=
228,"현대·기아차, 추석 특별 무상점검 서비스 실시",http://www.joseilbo.com/news/news_read.php?uid=272701&class=80&grp=
229,"기아차, 챔피언스컵 테니스 고객 초청 이벤트",http://www.joseilbo.com/news/news_read.php?uid=272354&class=80&grp=
230,"기아차, 레이싱 애니메이션 ‘슈퍼레이서 엔지’ 극장 개봉",http://www.joseilbo.com/news/news_read.php?uid=271568&class=80&grp=
231,"기아차, 소아암 어린이용 항균 용품 지원",http://www.joseilbo.com/news/news_read.php?uid=271286&class=80&grp=
232,"기아차, 고객 초청 글램핑 참가자 모집",http://www.joseilbo.com/news/news_read.php?uid=271164&class=80&grp=
233,"기아차, ‘ATP 챔피언스컵 테니스 2015’ 개최",http://www.joseilbo.com/news/news_read.php?uid=271156&class=80&grp=
234,"현대캐피탈, 현대·기아차 인기차종 리스할인",http://www.joseilbo.com/news/news_read.php?uid=271132&class=18&grp=
235,"기아차 러시아법인, 누적판매 100만대 돌파",http://www.joseilbo.com/news/news_read.php?uid=270939&class=80&grp=
236,"기아차, ‘The SUV, 스포티지’ 사전계약 돌입…15일 출시",http://www.joseilbo.com/news/news_read.php?uid=270656&class=80&grp=
237,"기아차, 2015년 하반기 대졸 신입사원 공채",http://www.joseilbo.com/news/news_read.php?uid=270287&class=80&grp=
238,"기아차, 제3회 유네스코 키즈 해외캠프 개최",http://www.joseilbo.com/news/news_read.php?uid=284788&class=80&grp=
239,"기아차,올해 부산국제영화제 공식후원",http://www.joseilbo.com/news/news_read.php?uid=269933&class=80&grp=
240,기아차 '올 뉴 K7' 사전예약…3.3모델 3480만~3940만원,http://www.joseilbo.com/news/news_read.php?uid=283516&class=80&grp=
241,"기아차, 장애인 편의시설 점검 ‘하모니원정대’ 발대식",http://www.joseilbo.com/news/news_read.php?uid=268288&class=80&grp=
242,"기아차, 휴가 대신 아프리카 말라위서 봉사활동",http://www.joseilbo.com/news/news_read.php?uid=268052&class=80&grp=
243,"기아차 모바일 앱, 레드닷 디자인상 수상",http://www.joseilbo.com/news/news_read.php?uid=268059&class=80&grp=
244,"기아차, 대형 SUV 콘셉트카 ‘KCD-12’ 실물 이미지 공개",http://www.joseilbo.com/news/news_read.php?uid=282996&class=80&grp=
245,"기아차, 작년 305만대 판매 역대 최다…올해 312만대 목표",http://www.joseilbo.com/news/news_read.php?uid=282815&class=17&grp=
246,"기아차, 2016 호주오픈 볼키즈 20명 모집",http://www.joseilbo.com/news/news_read.php?uid=267580&class=80&grp=
247,"기아차, 차량 리모델링 이벤트 참가자 모집",http://www.joseilbo.com/news/news_read.php?uid=267327&class=80&grp=
248,"현대•기아차, 중국서 최고 서비스 품질 입증",http://www.joseilbo.com/news/news_read.php?uid=267330&class=80&grp=
249,"기아차, ‘모닝 리스펙트 유’ 캠페인 진행",http://www.joseilbo.com/news/news_read.php?uid=266983&class=80&grp=
250,"기아차, 저소득 가정에 ‘사랑의 영양바구니’ 전달",http://www.joseilbo.com/news/news_read.php?uid=266649&class=80&grp=
251,"현대•기아차, 평창올림픽 최상급 후원 협약 체결",http://www.joseilbo.com/news/news_read.php?uid=266388&class=80&grp=
252,"기아차, 2015 프로야구 올스타전 연계 마케팅 실시",http://www.joseilbo.com/news/news_read.php?uid=265915&class=80&grp=
253,"기아차, ‘더 뉴 K3 디젤’ 출시…트렌디 2074만원",http://www.joseilbo.com/news/news_read.php?uid=280984&class=80&grp=
254,"기아차, 신형 K5 출시 기념 전시장 방문 이벤트 실시",http://www.joseilbo.com/news/news_read.php?uid=265604&class=80&grp=
255,현대•기아차 해외법인장 회의 개최,http://www.joseilbo.com/news/news_read.php?uid=265160&class=80&grp=
256,[이주의 경제토픽] 라면회사 주가가 낮아지면 나쁜 일일까?,http://sbscnbc.sbs.co.kr/read.jsp?pmArticleId=10000094738
257,"현대기아차, 업계 최초 지적재산권 공유단체 가입",http://www.joseilbo.com/news/news_read.php?uid=280520&class=80&grp=
258,"현대•기아차, 美 고객만족도 5개 차종 1위 올라",http://www.joseilbo.com/news/news_read.php?uid=264575&class=80&grp=
259,"기아차, '기특한 고객 케어 프로그램' 4종 선봬",http://www.joseilbo.com/news/news_read.php?uid=264314&class=80&grp=
260,"기아차, 유치원연합회와 어린이 교통안전 업무협약",http://www.joseilbo.com/news/news_read.php?uid=263948&class=17&grp=
261,"기아차, 신형 K5 하이브리드 출시…2824만∼3139만원",http://www.joseilbo.com/news/news_read.php?uid=279692&class=80&grp=
262,"기아차, 6월 26만3927대 판매… 전년비 7.5% 증가",http://www.joseilbo.com/news/news_read.php?uid=263718&class=80&grp=
263,"현대·기아·쌍용차, 11월 판매 호조…한국지엠·르노삼성 부진",http://www.joseilbo.com/news/news_read.php?uid=279487&class=80&grp=
264,"기아차, 글로벌 브랜드 캠페인 ‘기어 업’ 전개",http://www.joseilbo.com/news/news_read.php?uid=263336&class=80&grp=
265,"기아차, ‘K7도네이션’기금 분당서울대병원 전달",http://www.joseilbo.com/news/news_read.php?uid=262934&class=80&grp=
266,"기아차, ‘나에게 딱 맞는 K5 찾기’ 온라인 이벤트",http://www.joseilbo.com/news/news_read.php?uid=262984&class=80&grp=
267,기아자동차 '쏘울' 조향장치 결함 6565대 리콜,http://www.joseilbo.com/news/news_read.php?uid=278654&class=80&grp=
268,"기아차, 美 신차품질조사서 1위… 현대차는 2위",http://www.joseilbo.com/news/news_read.php?uid=262075&class=80&grp=
269,"기아차, 누적수출 1500만대… 프라이드 223만대 최다",http://www.joseilbo.com/news/news_read.php?uid=261748&class=80&grp=
270,"기아차, ‘2015 투명회계’ 대상 수상",http://www.joseilbo.com/news/news_read.php?uid=261380&class=80&grp=
271,"기아차, 멕시코 新시장 공략 본격화",http://www.joseilbo.com/news/news_read.php?uid=260997&class=80&grp=
272,"기아차, 창립 71주년 기념 특별 봉사활동 실시",http://www.joseilbo.com/news/news_read.php?uid=260523&class=80&grp=
273,"기아차, 광주 하계 U대회, 대학생 응원단 모집",http://www.joseilbo.com/news/news_read.php?uid=260302&class=80&grp=
274,"기아차, 10월 26만8954대 판매… 전년비 16.1%↑",http://www.joseilbo.com/news/news_read.php?uid=276570&class=80&grp=
275,"기아차, 신형 K5 하이브리드 사전계약 돌입",http://www.joseilbo.com/news/news_read.php?uid=276517&class=80&grp=
276,기아차 ‘오토캠핑 페스티벌’ 참가자 모집,http://www.joseilbo.com/news/news_read.php?uid=257475&class=80&grp=
277,"기아차, 가정의 달 전시장 방문 이벤트 진행",http://www.joseilbo.com/news/news_read.php?uid=257105&class=80&grp=
278,"현대기아차, 2015 세계교육포럼 차량지원",http://www.joseilbo.com/news/news_read.php?uid=256956&class=80&grp=
279,"기아차, 2015 에코다이나믹스 원정대 모집",http://www.joseilbo.com/news/news_read.php?uid=256847&class=80&grp=
280,"기아차, 홍보대사 라파엘 나달 후원 연장",http://www.joseilbo.com/news/news_read.php?uid=256542&class=80&grp=
281,"기아차 ""영화 보는 동안 차량을 정비해 드립니다""",http://www.joseilbo.com/news/news_read.php?uid=256021&class=80&grp=
282,"기아차, 말라위 홍수피해지역 콜레라 백신 지원",http://www.joseilbo.com/news/news_read.php?uid=256022&class=80&grp=
283,"기아차, 환율악화 영향 1분기 영업이익 30.5% 급감",http://www.joseilbo.com/news/news_read.php?uid=255849&class=80&grp=
284,"기아차, 상해모터쇼서 ‘신형 K5’ 중국 첫 공개",http://www.joseilbo.com/news/news_read.php?uid=255341&class=80&grp=
285,"기아차 카니발, 미국서 최고 실내장식상 수상",http://www.joseilbo.com/news/news_read.php?uid=255148&class=80&grp=
286,"기아차, 전기차 레이·쏘울 특별 구매프로그램 시행",http://www.joseilbo.com/news/news_read.php?uid=255035&class=80&grp=
287,"현대•기아차, 칠레 수해지역 특별 정비 서비스",http://www.joseilbo.com/news/news_read.php?uid=254905&class=80&grp=
288,"현대∙기아차, 도서지역 방문 점검 서비스 실시",http://www.joseilbo.com/news/news_read.php?uid=254766&class=80&grp=
289,"기아 스포티지, 프랑크푸르트 모터쇼서 호평",http://www.joseilbo.com/news/news_read.php?uid=272983&class=80&grp=
290,"현대•기아차, 중국시장 누적판매 1천만대 돌파",http://www.joseilbo.com/news/news_read.php?uid=253962&class=80&grp=
291,"기아차, ‘신형 K5’ 서울모터쇼서 최초 공개",http://www.joseilbo.com/news/news_read.php?uid=253672&class=80&grp=
292,"기아차, 준중형 스포츠백 콘셉트카 ‘NOVO’ 공개",http://www.joseilbo.com/news/news_read.php?uid=253678&class=80&grp=
293,"기아차, 3월 RV 호조로 내수판매 8.5% 늘어",http://www.joseilbo.com/news/news_read.php?uid=253554&class=80&grp=
294,"기아차, 3월 26만 8236대 판매...전년대비 3%감소",http://www.joseilbo.com/news/news_read.php?uid=290908&class=80&grp=
295,"기아차, 고급 외장사양 기본 적용 ‘2016 K7’ 출시",http://www.joseilbo.com/news/news_read.php?uid=268659&class=80&grp=
296,"기아자동차, 강인한 이미지‘모닝 스포츠’ 출시",http://www.joseilbo.com/news/news_read.php?uid=268057&class=80&grp=
297,"현대‧기아차, 여름 휴가철 특별 점검 서비스",http://www.joseilbo.com/news/news_read.php?uid=266648&class=80&grp=
298,"기아차, 신형 K5 모델별 1호차 전달",http://www.joseilbo.com/news/news_read.php?uid=266596&class=80&grp=
299,"기아차, 1월 21만3980대 판매…수출부진 여파 전년비 15.4%↓",http://www.joseilbo.com/news/news_read.php?uid=285888&class=80&grp=
300,기아차·호텔신라·와이지-원 투명회계대상 수상,http://www.joseilbo.com/news/news_read.php?uid=261386&class=7&grp=
301,"기아차, ‘올 뉴 K7’ 출시…3490~3920만원",http://www.joseilbo.com/news/news_read.php?uid=285301&class=80&grp=
302,"기아차, 5월 24만2054대 판매… 전년비 4.6%↓",http://www.joseilbo.com/news/news_read.php?uid=259857&class=80&grp=
303,"기아차, 사내하청 생산직 465명 특별채용",http://www.joseilbo.com/news/news_read.php?uid=257588&class=80&grp=
304,"[골프토픽] ""리디아 고 금메달, 박인비는 은메달?""",http://view.asiae.co.kr/news/view.htm?idxno=2016050308573762833
305,"기아차 카니발, 미국서 안전도 최고등급 획득",http://www.joseilbo.com/news/news_read.php?uid=255028&class=80&grp=
306,"기아차, 하이브리드 소형 SUV ‘니로’ 이미지 공개",http://www.joseilbo.com/news/news_read.php?uid=277966&class=80&grp=
307,"기아차, 신형 K7 이미지 공개 …내년 초 출시",http://www.joseilbo.com/news/news_read.php?uid=277635&class=80&grp=
308,"[골프토픽] 이민지 ""나도 파4홀 홀인원~""",http://view.asiae.co.kr/news/view.htm?idxno=2016032710103312607
309,"[이슈&토픽] '올드스쿨' 유승옥 ""내 이상형은 나만 좋아해주는 남자"", 이태임 띠동갑내기 과외하기, 김준수 플라워, 연말정산 3개월 분납법, KBO 타이어뱅크, 고산병 증상, 3월 달력 바탕화면, 2015 제네바 모터쇼 개막, 설기현 은퇴",http://www.newsinside.kr/news/articleView.html?idxno=303631
310,"[2월 2일 오늘 주요공시] 현대차·기아차 1월 판매량 각각 6.7%·1.8% 감소, 쌍용자동차, 한솔홈데코, 삼일제약, 녹십자, 환인제약, 에스코텍, 서희건설, 하나투어,한국철강 外",http://www.newsinside.kr/news/articleView.html?idxno=298209
311,"기아차, ‘신형 K5’ 출시 … 디젤 1.7 디럭스 2480만원",http://www.joseilbo.com/news/news_read.php?uid=265455&class=80&grp=
312,"기아차, 신형 K5 사전계약 6천 대 돌파",http://www.joseilbo.com/news/news_read.php?uid=264406&class=80&grp=
313,"기아차, 2016 쏘울 시판…1600만∼2275만원",http://www.joseilbo.com/news/news_read.php?uid=262794&class=80&grp=
314,"기아차, 신형 K5 사전계약 돌입",http://www.joseilbo.com/news/news_read.php?uid=262445&class=80&grp=
315,"[2016 부산모터쇼] 기아차, K5 플러그인 하이브리드 국내 첫 선",http://www.joseilbo.com/news/news_read.php?uid=295818&class=80&grp=
316,"기아차, 다목적 미니밴 ‘2016 카렌스’ 출시",http://www.joseilbo.com/news/news_read.php?uid=260318&class=80&grp=
317,"오리온, 오늘(9일) '넥센VS기아'戰 에너지바 무료 증정",http://www.joseilbo.com/news/news_read.php?uid=257203&class=17&grp=
318,"기아차, 5년만에 ‘올 뉴 쏘울’ 출시",http://news.donga.com/3/all/20131022/58394835/1
319,"현대기아차, 러시아 올해의 차 4개 부문 수상",http://www.joseilbo.com/news/news_read.php?uid=256246&class=80&grp=
320,"현대-기아차, 브레이크 스위치 불량 66만대 리콜",http://news.donga.com/3/all/20130926/57834794/1
321,"현대·기아차, 사상 최대 리콜…쏘나타 등 15종 66만여 대",http://news.donga.com/3/all/20130925/57815546/1
322,기아 K9 내년초 美출시,http://news.donga.com/3/all/20130922/57760081/1
323,"“현대-기아차 디자인팀 역량, 지금이 역대 최강”",http://news.donga.com/3/all/20130912/57635838/1
324,기아자동차 채용 마감 임박 “스펙보다 열정 본다”,http://news.donga.com/3/all/20130909/57550354/2
325,[경제 브리핑]기아차 캐릭터 ‘엔지와 친구들’ 공개 外,http://news.donga.com/3/all/20130903/57434554/1
326,"[일하기좋은 기업]현대차, 4개월간 인성 평가로… 기아차, 스펙 안보고 인재 선발",http://news.donga.com/3/all/20130824/57200170/1
327,정몽구 회장 만난 美조지아 주지사 “美에 현대·기아차 공장 증설하시죠”,http://news.donga.com/3/all/20130822/57178583/1
328,현대-기아차 파업 가결,http://news.donga.com/3/all/20130814/57010165/1
329,기아차 ‘유네스코 경주 캠프’ 후원,http://news.donga.com/3/all/20130812/56966282/1
330,"현대·기아차 1차협력사, 상반기 8235명 신규채용",http://news.donga.com/3/all/20130718/56538686/1
331,"[자동차/단신]기아차, 프로야구 올스타전 MVP 맞히기 행사 外",http://news.donga.com/3/all/20130708/56352980/1
332,"현대기아차, 中진출 11년만에 누적판매 700만대 돌파",http://news.donga.com/3/all/20130704/56300250/1
333,현대·기아차 상반기 세계판매 역대 최대기록,http://news.donga.com/3/all/20130701/56238232/1
334,"[중국, 한국기업의 미래]“유일한 안정적 성장시장, 현대·기아 자동차 2016년엔 200만대 판매 목표”",http://news.donga.com/3/all/20130627/56164772/1
335,"[중국, 한국기업의 미래]“세계 최대 시장을 잡는다” 현대·기아車, 야망의 도약",http://news.donga.com/3/all/20130627/56164618/1
336,현대·기아차 美신차품질 5위,http://news.donga.com/3/all/20130619/55984077/1
337,"채양선 기아자동차 전무, 칸 국제광고제 심사위원에",http://news.donga.com/3/all/20130619/55959422/1
338,[Close Up]현대차-기아차 두 여성 임원의 ‘글로벌 마케팅 전략’,http://news.donga.com/3/all/20130617/55930317/1
339,[CAR]30개국 참가 ‘기아 세계 익스트림 게임 2013’,http://news.donga.com/3/all/20130612/55808417/1
340,"[골프토픽] 김인경 ""태극마크~""",http://view.asiae.co.kr/news/view.htm?idxno=2014033119500829719
341,"현대-기아차 4개 모델, 美 고객만족상 수상",http://news.donga.com/3/all/20130612/55797155/1
342,[e휴지통]기아車-현대카드 ‘마이택시’ 공동개발,http://news.donga.com/3/all/20130517/55213760/1
343,현대-기아차 美시장 판매… 소형-준중형 부문 2관왕,http://news.donga.com/3/all/20130512/55102106/1
344,"[자동차 단신]기아차, 하나銀과 ‘기아차 마련 적금’ 출시 外",http://news.donga.com/3/all/20130507/54952316/1
345,"기아차, 페이스리프트 모델 ‘더 뉴 모하비’ 출시",http://www.joseilbo.com/news/news_read.php?uid=287041&class=80&grp=
346,현대·기아차 1분기 세계시장 점유율 8.5%,http://news.donga.com/3/all/20130428/54768367/1
347,현대·기아차 여름방학 대학생인턴 모집,http://news.donga.com/3/all/20130428/54768256/1
348,[단독]설영흥 현대·기아차 중국사업총괄 부회장 “4인승 소형 SUV 개발 중”,http://news.donga.com/3/all/20130421/54601653/1
349,기아차 비정규직 노조 간부 분신,http://news.donga.com/3/all/20130417/54484437/1
350,“비정규직 철폐”…기아차 비정규직 노조 간부 분신,http://news.donga.com/3/all/20130416/54474053/1
351,[광주/전남]기아차 광주공장 ‘세습 채용’ 논란,http://news.donga.com/3/all/20130414/54433427/1
352,현대·기아차 해외 누적판매 5000만대 돌파,http://news.donga.com/3/all/20130408/54294218/1
353,현대·기아차 1분기 中판매량 35% 급증,http://news.donga.com/3/all/20130404/54182808/1
354,"현대-기아차, 국내서도 16만대 리콜… 아반테 싼타페 등",http://news.donga.com/3/all/20130403/54182458/1
355,"[창간93주년/가자!한국기업]현대·기아차, 수소전지차 본격 상용화 추진",http://news.donga.com/3/all/20130330/54078738/1
356,[CAR]빙상여제 이상화 선수가 만난 기아차 ‘K5 하이브리드’,http://news.donga.com/3/all/20130327/54008311/1
357,현대·기아車 영업이익률 세계 2위,http://news.donga.com/3/all/20130324/53940984/1
358,기아 도심형 콘셉트카 ‘캅’ 공개,http://news.donga.com/3/all/20130324/53941102/1
359,현대·기아車 협력사 채용박람회 3월 개최,http://news.donga.com/3/all/20130228/53356675/1
360,"[미래창조 기업]현대·기아자동차, 시장확대 등 브레이크없는 성장 나선다",http://news.donga.com/3/all/20130226/53310270/1
361,"기아차, ‘더 뉴 모하비’ 외관 디자인 공개",http://www.joseilbo.com/news/news_read.php?uid=284572&class=80&grp=
362,"포니 수출할땐 몰랐다… 현대-기아車, 해외서 5000만대 팔릴지",http://news.donga.com/3/all/20130220/53182179/1
363,[청년드림/캠프 & 멘토링]“현대·기아차 인재 철학은 가능성 지닌 열정”,http://news.donga.com/3/all/20130212/52990551/1
364,현대·기아 세계시장점유율 역대최고,http://news.donga.com/3/all/20130206/52875267/1
365,"현대기아차, 英서 BMW 제치고 판매실적 4위",http://news.donga.com/3/all/20130128/52653422/1
366,현대·기아차 유럽점유율 7% 신기록,http://news.donga.com/3/all/20130120/52458129/1
367,현대기아차 글로벌 판매 늘어나자 협력업체 새 일자리 크게 늘었다,http://news.donga.com/3/all/20130116/52375140/1
368,“현대차는 ‘유연’ 기아차는 ‘단순’ 강조할 것”,http://news.donga.com/3/all/20130115/52347823/1
369,피터 슈라이어 기아차 사장… 현대차 디자인도 총괄,http://news.donga.com/3/all/20130113/52272972/1
370,[Investment & Housing]221조원 vs 68조원… 삼성전자-현대기아차 시가총액 격차 사상최대,http://news.donga.com/3/all/20130109/52147646/1
371,현대기아차 美서 두달 연속 중형차판매 1위,http://news.donga.com/3/all/20130106/52093353/1
372,기아車 “K시리즈 한달 내 다른 차로 교환 가능”,http://news.donga.com/3/all/20130106/52081041/1
373,기아차 ‘쏘렌토’에 구글맵 첫 적용,http://news.donga.com/3/all/20130105/52068879/1
374,"현대기아차, 브릭스 현지생산 200만대 돌파",http://news.donga.com/3/all/20130101/51990033/1
375,현대·기아 하이브리드… 누적판매 10만대 돌파,http://news.donga.com/3/all/20121225/51841252/1
376,"현대·기아車, 중국 점유율 7년만에 10% 탈환",http://news.donga.com/3/all/20121224/51820865/1
377,소음에 민감한 소프라노 조수미 “기아차 K9 탄다”,http://news.donga.com/3/all/20121220/51739306/2
378,"이 편안함, 외제차 안 부럽네…기아자동차 ‘더 뉴 K7’",http://news.donga.com/3/all/20121214/51597903/1
379,해외 토픽으로 지나쳤던 현장에 그이가 있었다,https://www.sisain.co.kr/news/articleView.html?idxno=18258
380,정체불명 해치백 곧 출시…기아차 프로씨드 맞나?,http://news.donga.com/3/all/20121210/51465348/1
381,"현대·기아차, 中진출 이후 月 최대실적",http://news.donga.com/3/all/20121206/51347544/1
382,“현대기아차 중국에서 무슨 일?” 월간 판매 실적이…,http://news.donga.com/3/all/20121205/51326908/2
383,"美 조지아 州정부 “기아차 조지아공장, 2029년까지 감세 혜택”",http://news.donga.com/3/all/20121129/51202736/1
384,[기업 브리핑]기아 ‘모닝’ 고객에 해외여행 등 경품이벤트 外,http://news.donga.com/3/all/20131003/57996070/1
385,현대기아차 글로벌시장서 ‘씽씽’,http://news.donga.com/3/all/20121118/50938668/1
386,"현대·기아차, 국내 연비 표기도 문제?",http://news.donga.com/3/all/20121106/50650968/2
387,"[사설]현대·기아차 연비 과장, 국내에선 없었나",http://news.donga.com/3/all/20121105/50619463/1
388,"기아차 매출 대폭 감소, 어떤 車가 안팔렸나…",http://news.donga.com/3/all/20121026/50406532/3
389,"中진출 10년 현대·기아車, 점유율 10% 질주",http://news.donga.com/3/all/20121022/50306374/1
390,"中진출 10년 현대·기아車, 점유율 10% 질주",http://news.donga.com/3/all/20121022/50306374/1
391,현대기아차 유럽점유율 BMW 바로 뒤,http://news.donga.com/3/all/20121019/50222482/1
392,"삼성전자-현대기아車, 30대기업 순익의 54%",http://news.donga.com/3/all/20121010/49982787/1
393,기아車 공장 전문심리상담실 2개월… ‘마음의 병’ 치료 성과,http://news.donga.com/3/all/20121009/49980709/1
394,"[SSTV 영상] '서울모터쇼', 명품 라인 레이싱걸 모델 '매력에 빠져봐' [토픽]",http://www.starseoultv.com/news/articleView.html?idxno=311353
395,기아車 ‘脫스펙 인재찾기’… 커리어투어 도입,http://news.donga.com/3/all/20130821/57156399/1
396,"기아차, 阿말라위 의료-교육센터 준공",http://news.donga.com/3/all/20130816/57049122/1
397,[기업 브리핑]현대기아車-한국GM ‘임직원 자녀 여름캠프’ 外,http://news.donga.com/3/all/20130814/57031458/1
398,기아차 디자이너 슈라이어 “화가? 車디자인 스트레스 그림으로 풀죠^^”,http://news.donga.com/3/all/20120919/49535698/1
399,기아차 준중형 K3 출시,http://news.donga.com/3/all/20120917/49483255/1
400,“기아車 로봇용접 모습 미래영화 같네”,http://news.donga.com/3/all/20120909/49260296/1
401,"기아차 광고, 계열사 아닌 中企에 맡겨",http://news.donga.com/3/all/20130720/56558529/1
402,기아차 K3 실물 공개…소문대로 미니 ‘K9’?,http://news.donga.com/3/all/20120814/48617187/1
403,"기아차, 阿 탄자니아서 해외 사회공헌 시동",http://news.donga.com/3/all/20120812/48584175/1
404,"[MS 핫토픽] 음악중심 빅스, 차승원 제육볶음 레시피, 우결 남궁민, 김준수 김재중 입대, 윤석민 9일 1군 합류, 내주 수요일 퇴원 예상, 사람이좋다 임성은, 인천 김도혁, 나혼자산다 엠버, 프로야구 시범경기 개막",http://star.mbn.co.kr/view.php?no=219616&year=2015&refer=portal
405,"[MS 핫토픽] 인천 김도혁 골, 차승원 제육볶음 레시피, 미즈하라 키코 입국, 일본 자위대 출동 확대 추진, 사람이좋다 임성은, 나혼자산다 엠버, 윤석민 9일 1군 합류, 리퍼트 내주 수요일 퇴원 예상, 프로야구 시범경기 개막, 무도 식스맨",http://star.mbn.co.kr/view.php?no=219408&year=2015&refer=portal
406,[광주/전남]무등야구장 지고 기아 타이거즈 홈구장 뜬다,http://news.donga.com/3/all/20130710/56395202/1
407,"[MS 핫토픽] 유튜브 BJ, 아이핀 해킹, 에릭남 괜찮아 괜찮아, 대사 수술 성공적, 어벤져스2 예고편 공개, 장도연 이용진, 최고의 스마트폰, 제스트 멤버, 삼성 브랜드 가치, 랩몬스터 워렌지 콜라보, 기성용 6호골",http://star.mbn.co.kr/view.php?no=212983&year=2015&refer=portal
408,"[MS 핫토픽] 유튜브, 리퍼트 대사 피습, 제스트 멤버, 라디오스타 장도연, 삼성 브랜드 가치, 최고의 스마트폰, 기성용 6호골, 삼성전자 KIMES 2015, 전두환 일가 재산 122만 달러 몰수, 위장전입 의혹, 하이드 지킬 나 한지민",http://star.mbn.co.kr/view.php?no=211985&year=2015&refer=portal
409,"[MS 핫토픽] 페이스북 섹시녀, 리퍼트 美대사, 기성용 6호골, 오늘 정월대보름, 세월호 유가족, 삼성 브랜드 가치, 최고의 스마트폰, 라디오스타 장도연, 전두환 일가 재산 122만 달러 몰수, 하이드 지킬 나 현빈, 성폭행 혐의로 피소",http://star.mbn.co.kr/view.php?no=211467&year=2015&refer=portal
410,"[MS 핫토픽] 페이스북 섹시녀, 리퍼트 美대사, 기성용 6호골, 오늘 정월대보름, 세월호 유가족, 삼성 브랜드 가치, 최고의 스마트폰, 라디오스타 장도연, 전두환 일가 재산 122만 달러 몰수, 하이드 지킬 나 현빈, 성폭행 혐의로 피소",http://star.mbn.co.kr/view.php?no=211467&year=2015&refer=portal
411,[기업 브리핑]기아 ‘K5 하이브리드’ 재구매시 300만원 할인外,http://news.donga.com/3/all/20130703/56275950/1
412,기아車 “K3 앞세워 내년 글로벌 판매 300만대”,http://news.donga.com/3/all/20120728/48119396/1
413,기아차 공장 ‘심리상담센터’ 운영,http://news.donga.com/3/all/20120709/47647080/1
414,"현대·기아차, 美 3개차급 판매 모두 1위",http://news.donga.com/3/all/20120708/47621866/1
415,"현대·기아차, 악재에 조마조마… 목표는 아슬아슬",http://news.donga.com/3/all/20120705/47565822/1
416,"기아차, 30만대 생산규모 中 3공장 착공",http://news.donga.com/3/all/20120629/47405834/1
417,현대·기아차 “불어라! 유로2012 축구 열풍”,http://news.donga.com/3/all/20120610/46901105/1
418,현대·기아차 ‘브릭스시장 3위 굳히기’ 부릉∼,http://news.donga.com/3/all/20120530/46639655/1
419,[The Test]기아차 대형 세단 ‘K9’,http://news.donga.com/3/all/20120514/46243377/1
420,기아車-SKT 전략적 업무제휴 협약,http://news.donga.com/3/all/20120510/46156703/1
421,[기업 브리핑]기아 ‘올 뉴 카렌스’ 7인승 디젤 출시 外,http://news.donga.com/3/all/20130501/54840350/1
422,"[자동차 단신]기아차, 3년 연속 KPGA 코리안투어 후원 外",http://news.donga.com/3/all/20130422/54628159/1
423,"기아, 中시장 독자브랜드 ‘화치’ 21일 공개",http://news.donga.com/3/all/20130417/54506923/1
424,"[생활&토픽] 과식 피해 줄이는 식품…식초 오렌지주스 레드와인, 첨가당 과다 만성질환 유발, 중장년층 경차 수요 급증, 문화누리카드 사용 연장, 밤 칼로리, 슈퍼 쿠키란, 신은미 씨 강제출국, 정동영 탈당 선언",http://www.newsinside.kr/news/articleView.html?idxno=293535
425,"기아차, ‘The SUV, 스포티지’ 출시…2346만∼2842만원",http://www.joseilbo.com/news/news_read.php?uid=272036&class=80&grp=
426,“세계화 이루지 못한 車업체 도태될 것… 현대기아차는 자체적으로 세계화 달성”,http://news.donga.com/3/all/20130408/54294567/1
427,현대-기아차 美서 190만대 리콜,http://news.donga.com/3/all/20130404/54184436/1
428,"기아車, 부문별 맞춤 채용… 19일부터 원서 접수",http://news.donga.com/3/all/20130319/53799074/1
429,[광주/전남]기아차 광주공장도 ‘세습채용’ 논란,http://news.donga.com/3/all/20130314/53681596/1
430,"현대기아차, 2차 협력사에 자금지원 확대",http://news.donga.com/3/all/20130212/52962863/1
431,[기업 브리핑]기아차 K5 등 설 귀향 무료 시승 外,http://news.donga.com/3/all/20130115/52314973/1
432,기아車도… 인기모델 K5-뉴 쏘렌토R 가격 내렸다,http://news.donga.com/3/all/20130110/52176727/1
433,"기아차, ‘2016 쏘렌토’ 출시…2765만∼3365만원",http://www.joseilbo.com/news/news_read.php?uid=267316&class=80&grp=
434,기아車 슈라이어 외국인 첫 사장 승진,http://news.donga.com/3/all/20121229/51914614/1
435,“현대·기아차 살길은 해외에 있다”,http://news.donga.com/3/all/20121210/51483371/1
436,현대·기아차 美시장 점유율 6위… 10% 육박,http://news.donga.com/3/all/20121202/51261491/1
437,"외국인, 현대車-기아車가장 많이 샀다",http://news.donga.com/3/all/20121128/51173144/1
438,기아차 노사 농촌지역 돕기… 고성군에 1억5000만원 물품,http://news.donga.com/3/all/20121124/51069878/1
439,현대-기아차 美서 2년연속 100만대 판매,http://news.donga.com/3/all/20121003/49830620/1
440,"현대기아, 獨 뉘르부르크링에 테스트 시설 추진",http://news.donga.com/3/all/20120928/49758167/1
441,[기업 브리핑]한국GM-기아도 주간연속 2교대제 外,http://news.donga.com/3/all/20120912/49363364/1
442,현대·기아차-美 명문대 車 공동연구센터 설립,http://news.donga.com/3/all/20120902/49064742/1
443,[기업 브리핑]기아차 ‘K3’ 27일부터 사전계약 外,http://news.donga.com/3/all/20120826/48888045/1
444,기아車 K9에 도대체 무슨 짓을 했는지 물어보니…,http://news.donga.com/3/all/20120820/48741656/1
445,금속노조 총파업 현대-기아車 “동참”,http://news.donga.com/3/all/20120712/47704249/1
446,"기아차, 세계 3대 디자인상 그랜드슬램",http://news.donga.com/3/all/20120703/47508022/1
447,"‘강성노조’ 현대-기아車에… 국민노총, 복수노조 추진",http://news.donga.com/3/all/20120614/46991766/1
448,"기아차, 쏘렌토 미국 안전테스트 최고 등급 획득",http://www.joseilbo.com/news/news_read.php?uid=256017&class=80&grp=
449,“현대-기아차 맞상대는 저력의 르노삼성차뿐”,http://news.donga.com/3/all/20131011/58155059/1
450,현대-기아車 중국 판매량 올 25% 늘었다,http://news.donga.com/3/all/20131003/57996031/1
451,[사커토픽] 나이키 vs 아디다스 ‘돈의 전쟁’,http://sports.donga.com/3/all/20140519/63596165/3
452,기아자동차 ‘더 뉴 스포티지R’ 출시,http://news.donga.com/3/all/20130724/56626007/1
453,기아차 화성공장 ‘노사화합 상징’ 정문,http://news.donga.com/3/all/20130719/56538737/1
454,[광주/전남]광주 재산세 1위는 기아차 5억8875만원,http://news.donga.com/3/all/20130711/56416193/1
455,"[골프토픽] 디아즈 ""이틀 연속 홀인원~""",http://view.asiae.co.kr/news/view.htm?idxno=2014033111195995658
456,소음 크게 줄인 기아 ‘더 뉴 K5’ 출시,http://news.donga.com/3/all/20130613/55849417/1
457,기아 ‘더 뉴 K5’ 3일부터 사전계약,http://news.donga.com/3/all/20130602/55588888/1
458,"[단신]기아차, 유럽 청소년축구 공식 후원사 참여",http://news.donga.com/3/all/20130527/55455159/1
459,[주간 토픽]사이버공격 민·관 공동대응 위한 ‘한국CSO협회’ 창립,http://www.boannews.com/media/view.asp?idx=16696&kind=1
460,‘엔低 엔진’ 장착한 日도요타… 현대-기아차 안방 잠식작전,http://news.donga.com/3/all/20130513/55128227/1
461,[The Test]기아차 ‘올 뉴 카렌스’ 확 달라진 몸매… 더 넉넉해진 실내,http://news.donga.com/3/all/20130422/54628132/1
462,"[사설]현대 기아차 203만 대 리콜, 위기를 신뢰로 바꿔야",http://news.donga.com/3/all/20130404/54210700/1
463,"기아車, 편의장치 대폭개선 ‘2013 모하비’ 출시",http://news.donga.com/3/all/20130305/53459650/1
464,기아자동차 K9 고객에 운전기사 서비스,http://news.donga.com/3/all/20130219/53155403/1
465,"[인천/경기]현대·기아차, 인천아시아경기 차량 후원",http://news.donga.com/3/all/20130214/53048697/1
466,[애드토픽]CF는 배경음악으로 먼저 뜬다,http://sports.khan.co.kr/news/sk_index.html?cat=view&art_id=200809172017146&sec_id=560101&pt=nv
467,"[골프토픽] 서희경 ""11월의 신부~""",http://view.asiae.co.kr/news/view.htm?idxno=2013111208312337531
468,현대·기아 -BMW 승용차 3900여대 리콜,http://news.donga.com/3/all/20121217/51676607/1
469,"[CAR]잘 차려입은 배우같은 차, 기아자동차 ‘K7’",http://news.donga.com/3/all/20121212/51529269/1
470,[분양 정보]도시형생활주택 ‘기아파크빌’ 70채 外,http://news.donga.com/3/all/20121125/51097164/1
471,[기업 브리핑]기아차 K3 34일만에 2만대 계약 外,http://news.donga.com/3/all/20121106/50667914/1
472,"[비즈 브리핑]기아차, KS MVP 이승엽에 ‘뉴 쏘렌토R’ 제공",http://news.donga.com/3/all/20121102/50589633/1
473,[사설] 위기를 기회로 바꿔가는 현대기아차,http://www.dt.co.kr/contents.html?article_no=2009030502013149660002
474,무디스 현대기아차 신용등급 1단계 상향 ‘Baa1’,http://news.donga.com/3/all/20121031/50509389/1
475,[경제계 인사]현대기아자동차그룹,http://news.donga.com/3/all/20121027/50426312/1
476,기아차 ‘프라이드 모바일 앱’···‘레드닷 디자인’ 최우수상,http://news.donga.com/3/all/20121025/50375510/3
477,한국닛산 나이토 사장 “한국 수입차 점유율 곧 15%… 현대기아차 고객까지 공략”,http://news.donga.com/3/all/20121017/50189272/1
478,“흥미로운 경쟁자 현대기아車 주시… 2014년까지 140개 신차 출시할 것”,http://news.donga.com/3/all/20120927/49736273/1
479,[기업 브리핑]기아차 ‘2013년형 레이’ 출시 外,http://news.donga.com/3/all/20120904/49118066/1
480,기아 ‘2013년형 모닝’ 출시… 연비 20.8km,http://news.donga.com/3/all/20120819/48732725/1
481,"기아車, 포르테 후속 ‘K3’ 이미지 공개",http://news.donga.com/3/all/20120723/47993061/1
482,"[골프토픽] 김다나 ""드디어 프로야구 시구~""",http://www.asiae.co.kr/news/view.htm?idxno=2013071209315881628
483,현대·기아차 “수출-내수용 강판 차이 없다”,http://news.donga.com/3/all/20120531/46666128/1
484,기아차 탁송 차량에 화염병 투척…경찰수사,http://news.donga.com/3/all/20120523/46454300/1
485,현대기아 친환경車 “출동! 여수엑스포”,http://news.donga.com/3/all/20120506/46046393/1
486,"[금일 산업계 주요기사]""도요타 아성"" 깬 현기차, 동남아 시장서 '맹위'…""계열사 부당지원 vs 임직원 복지"" 공정위-삼성 소송전 예고 外",http://www.youthdaily.co.kr/news/article.html?no=74788
487,"[골프토픽] 손준업 ""K9 홀인원 잭팟~""",http://www.asiae.co.kr/news/view.htm?idxno=2012091312283432524
488,[경제계 인사]현대·기아자동차 外,http://news.donga.com/3/all/20130830/57335774/1
489,경차 최초 7개 에어백… 기아차 ‘올 뉴 모닝’ 출시,http://news.donga.com/3/all/20130820/57134196/1
490,기아 ‘K3 쿱’ 19일부터 사전 예약,http://news.donga.com/3/all/20130818/57091042/1
491,"[골프토픽] 위창수와 박세리 ""황제와 여제에 밀려~""",http://www.asiae.co.kr/news/view.htm?idxno=2012032510405214760
492,"[인터뷰] 이재상 ""시즌 5할 승률 회복한 기아, 두산과 3연전 관심""",http://www.pbc.co.kr/CMS/news/view_body.php?cid=571120&path=201505
493,"기아, 법정관리 짐벗고 '공격경영'...올 순익 5천억원목표",https://news.naver.com/main/read.naver?mode=LSD&mid=sec&sid1=101&oid=015&aid=0000227936
494,"기아차, 브라질 현지공장 설립 재추진",https://news.naver.com/main/read.naver?mode=LSD&mid=sec&sid1=102&oid=001&aid=0004451949
495,"기아, 수출 50만대 달성위해 신차 적극 투입",https://news.naver.com/main/read.naver?mode=LSD&mid=sec&sid1=101&oid=001&aid=0004422827
496,"현대-기아, 아시아차 브라질공장 건립 지속 추진",https://news.naver.com/main/read.naver?mode=LSD&mid=sec&sid1=101&oid=001&aid=0004431917
497,[대전/충남]“기아의 땅 남수단 위해” 지갑 꺼낸 경찰,http://news.donga.com/3/all/20121021/50279966/1
498,기아 준중형 신차 ‘K3’ 외관 공개,http://news.donga.com/3/all/20120729/48164225/1
499,"기아 쏘울, 美서 박스카 원조 日 제치고 독주",http://news.donga.com/3/all/20120724/48024382/1
