,title,url
0,기아차 '스펙트라' 중.소형차 부문 인기1위,https://news.naver.com/main/read.naver?mode=LSD&mid=sec&sid1=101&oid=015&aid=0000560932
1,[Car World] 기아 스펙트라...날렵한 외형/중형차 이미지,https://news.naver.com/main/read.naver?mode=LSD&mid=sec&sid1=103&oid=009&aid=0000052176
2,"기아차, 스펙트라 인터넷 마케팅 성황",https://news.naver.com/main/read.naver?mode=LSD&mid=sec&sid1=101&oid=009&aid=0000019862
3,"기아自, 준중형 신차 ‘스펙트라’ 발표",https://news.naver.com/main/read.naver?mode=LSD&mid=sec&sid1=101&oid=005&aid=0000001597
4,"""기아 뉴스펙트라 안전도 가장 우수""<건교부>",https://news.naver.com/main/read.naver?mode=LSD&mid=sec&sid1=101&oid=001&aid=0000306088
5,기아차 2003년형 뉴스펙트라 출시,https://news.naver.com/main/read.naver?mode=LSD&mid=sec&sid1=101&oid=009&aid=0000246787
6,"기아자동차, 말레이시아서 스펙트라 KD생산",https://news.naver.com/main/read.naver?mode=LSD&mid=sec&sid1=101&oid=015&aid=0000347723
7,"[거래소] 기아차, 준중형 신차 ""스펙트라 윙"" 시판",https://news.naver.com/main/read.naver?mode=LSD&mid=sec&sid1=101&oid=008&aid=0000025389
8,준중형 시장 '차세대 3파전' 돌입..기아 스펙트라/현대 아반떼XD등,https://news.naver.com/main/read.naver?mode=LSD&mid=sec&sid1=110&oid=015&aid=0000235447
9,세피아 후속모델 스펙트라 출시,https://news.naver.com/main/read.naver?mode=LSD&mid=sec&sid1=100&oid=020&aid=0000002244
10,"기아車, 22일 스펙트라 조립공장 준공",https://news.naver.com/main/read.naver?mode=LSD&mid=sec&sid1=101&oid=001&aid=0001080354
11,"캐나다서 기아 스펙트라, 현대 투산 최우수차 선정",https://news.naver.com/main/read.naver?mode=LSD&mid=sec&sid1=101&oid=001&aid=0000848149
12,"기아차 ""스펙트라"" 대학생에 최고인기",https://news.naver.com/main/read.naver?mode=LSD&mid=sec&sid1=105&oid=029&aid=0000004561
13,"기아차, 업그레이드 스펙트라 시판",https://news.naver.com/main/read.naver?mode=LSD&mid=sec&sid1=101&oid=009&aid=0000135040
14,[거래소] 기아차 2001년형 스펙트라 시판,https://news.naver.com/main/read.naver?mode=LSD&mid=sec&sid1=101&oid=008&aid=0000038020
15,[이코노파일] 기아자동차，스펙트라 월드컵모델 2종 시판 外,https://news.naver.com/main/read.naver?mode=LSD&mid=sec&sid1=101&oid=005&aid=0000104645
16,"[기업] 기아차,뉴스펙트라 월드컵 모델 시판",https://news.naver.com/main/read.naver?mode=LSD&mid=sec&sid1=101&oid=008&aid=0000167100
17,"기아차, 스펙트라 후속 모델 조기 투입 ""긍정적""-삼성",https://news.naver.com/main/read.naver?mode=LSD&mid=sec&sid1=101&oid=018&aid=0000024392
18,현대 '아반떼' 기아 '스펙트라' 플랫폼 공유,https://news.naver.com/main/read.naver?mode=LSD&mid=sec&sid1=101&oid=015&aid=0000594010
19,[애드 포커스] 그리스 신전배경 품위 강조..기아 '스펙트라',https://news.naver.com/main/read.naver?mode=LSD&mid=sec&sid1=101&oid=015&aid=0000241276
20,[시승기] '기아 스펙트라' .. 강렬한 선/여유있는 실내공간 만족,https://news.naver.com/main/read.naver?mode=LSD&mid=sec&sid1=110&oid=015&aid=0000245570
21,"기아車, '스펙트라' 출시기념 사이버 신차발표",https://news.naver.com/main/read.naver?mode=LSD&mid=sec&sid1=101&oid=015&aid=0000237459
22,기아차-러시아 SOK그룹..스펙트라 생산,https://news.naver.com/main/read.naver?mode=LSD&mid=sec&sid1=101&oid=015&aid=0000803436
23,기아차 미국서 `스펙트라` 5만8천대 리콜,http://www.edaily.co.kr/news/newspath.asp?newsid=01659686596244656
24,"기아, 미국 내 스펙트라 5.8만대 리콜",http://www.moneytoday.co.kr/view/mtview.php?type=1&no=2011043002204022800&outlink=1
25,"기아, 미국 내 스펙트라 5만8000대 리콜",https://news.naver.com/main/read.naver?mode=LSD&mid=sec&sid1=104&oid=003&aid=0003830562
26,"기아차 스펙트라, 충돌 안전성 최하위-IIHS",https://news.naver.com/main/read.naver?mode=LSD&mid=sec&sid1=101&oid=018&aid=0000234889
27,[오종훈의 자동차 현대사] 3년 만에 막 내린 스펙트라의 시대,http://www.hankookilbo.com/v/b8d0b5b4c8c04bda9a1daf2d8cde0410
28,[준중형차] 뉴스펙트라 / 기아차 이지원 상무,https://news.naver.com/main/read.naver?mode=LSD&mid=sec&sid1=101&oid=009&aid=0000250360
29,"기아車 스펙트라, 美 충돌시험서 별５개로 최고등급 받아",https://news.naver.com/main/read.naver?mode=LSD&mid=sec&sid1=101&oid=015&aid=0000362698
30,"소보원, 기아 스펙트라 쇼크옵소버 품질개선 권고",https://news.naver.com/main/read.naver?mode=LSD&mid=sec&sid1=101&oid=001&aid=0000060017
31,현대기아차 러시아서 연산 50만대 생산 목표..스펙트라 생산될 듯,http://www.asiae.co.kr/news/view.htm?idxno=2010071702400639344
32,"기아차, 스펙트라 후속 쎄라토 출시(종합)",https://news.naver.com/main/read.naver?mode=LSD&mid=sec&sid1=101&oid=001&aid=0000497358
33,[애드 포커스] 기아자동차 '스펙트라'..'참을 수 없는 질주의 욕망',https://news.naver.com/main/read.naver?mode=LSD&mid=sec&sid1=101&oid=015&aid=0000430943
34,"기아차, ""스펙트라 윙"" 출시 기념 행사",https://news.naver.com/main/read.naver?mode=LSD&mid=sec&sid1=101&oid=015&aid=0000305555
35,기아 LD 스펙트라 7만대 리콜,https://news.naver.com/main/read.naver?mode=LSD&mid=sec&sid1=104&oid=001&aid=0001110828
36,"기아車, 스펙트라 후속 ''쎄라토'' 시판",https://news.naver.com/main/read.naver?mode=LSD&mid=sec&sid1=101&oid=022&aid=0000012641
37,기아 2003년형 스펙트라 판매,https://news.naver.com/main/read.naver?mode=LSD&mid=sec&sid1=101&oid=021&aid=0000003674
38,"[이코노파일] 기아자동차, ‘업그레이드 스펙트라’ 시판 外",https://news.naver.com/main/read.naver?mode=LSD&mid=sec&sid1=101&oid=005&aid=0000066059
39,"[스펙트라 시승기]에어컨 튼채 언덕길도 ""거뜬""",https://news.naver.com/main/read.naver?mode=LSD&mid=sec&sid1=101&oid=020&aid=0000007690
40,"[거래소] 스펙트라,패일리형 고급 세단-김 부사장",https://news.naver.com/main/read.naver?mode=LSD&mid=sec&sid1=101&oid=008&aid=0000226042
41,‘뉴스펙트라’ 안전성 최우수,https://news.naver.com/main/read.naver?mode=LSD&mid=sec&sid1=102&oid=021&aid=0000016380
42,"""스펙트라 등 14개 모델 측면 충돌 'poor' 등급""",https://news.naver.com/main/read.naver?mode=LSD&mid=sec&sid1=101&oid=001&aid=0000932948
43,"현대차 사지마라, 기아차 사라...왜? 싸니까",http://www.betanews.net:8080/article/885138.html
44,"기아차, 신형 K3 공개…""GDI 엔진 아닌 MPI·무단변속기 적용""",http://www.newsworks.co.kr/news/articleView.html?idxno=167432
45,美법원 “기아차 9억 배상해”… 에어백 결함,http://news.donga.com/3/all/20110812/39487839/2
46,"현대차·기아차 5개 모델, '교통사고 시 사망률 높은 차' 25위 안에 들어",http://www.econotalking.kr/news/articleView.html?idxno=124248
47,"푸틴 ""기아차 현지 생산해달라""",http://news.mk.co.kr/news_forward.php?no=488435&year=2010
48,[제4회 전자광고대상]최우수상-비전자부문 '기아자동차',https://news.naver.com/main/read.naver?mode=LSD&mid=sec&sid1=105&oid=030&aid=0000016282
49,"[거래소] 기아차,10월 한달간 고객 사은행사",https://news.naver.com/main/read.naver?mode=LSD&mid=sec&sid1=101&oid=008&aid=0000210557
50,"기아차 3개 차종, MSN오토스 추천차 선정",https://news.naver.com/main/read.naver?mode=LSD&mid=sec&sid1=101&oid=001&aid=0002574964
51,"기아차, 안전도 최저등급 영향작아-삼성證",https://news.naver.com/main/read.naver?mode=LSD&mid=sec&sid1=101&oid=008&aid=0000487796
52,"[종목리포트] 기아차[000270], 투자의견 매수 [하나증권]",https://news.naver.com/main/read.naver?mode=LSD&mid=sec&oid=013&aid=0000067872
53,기아차 안전도 평가 개선 기대-동원,https://news.naver.com/main/read.naver?mode=LSD&mid=sec&sid1=101&oid=018&aid=0000235247
54,<2002문화광고그랑프리>기성부문 승용창-기아자동차 2003 New Spectra,https://news.naver.com/main/read.naver?mode=LSD&mid=sec&sid1=101&oid=021&aid=0000010107
55,<북미 자동차시장 2題>현대 기아 판매 ‘쑥쑥’,https://news.naver.com/main/read.naver?mode=LSD&mid=sec&sid1=101&oid=021&aid=0000116240
56,"‘현대·기아·대우’ 자동차, 준중형급 족보 집중분석",http://bntnews.hankyung.com/apps/news?popup=0&nid=05&c1=05&c2=05&c3=00&nkey=201007222228233&mode=sub_view
57,"""기아차, 이 가격에 이런 디자인은 처음..""",http://www.moneytoday.co.kr/view/mtview.php?type=1&no=2010022510557038736&outlink=1
58,"기아차 美 딜러 ""고객이 늘고 있다…관심 폭발""",https://news.naver.com/main/read.naver?mode=LSD&mid=sec&sid1=101&oid=003&aid=0003104753
59,"기아자동차, 영업소 방문고객 2002명에 경품제공",https://news.naver.com/main/read.naver?mode=LSD&mid=sec&sid1=105&oid=029&aid=0000001639
60,[현장 세계경제] 기아차 공장 폐쇄 위기,http://imnews.imbc.com/replay/2009/nw1200/article/2333060_13174.html
61,"현대·기아車,서바이벌게임 기선제압-하이證",http://www.moneytoday.co.kr/view/mtview.php?type=1&no=2009020507480810681&outlink=1
62,"현대·기아車 , 美 시사지서 `호평`",http://www.edaily.co.kr/news/newspath.asp?newsid=01718726583358520
63,[대기업 脫불황 전략] 현대·기아차 : 내수 점유율 50% 달성 급가속,https://news.naver.com/main/read.naver?mode=LSD&mid=sec&sid1=101&oid=015&aid=0000635549
64,기아車 LD 10월부터 양산,https://news.naver.com/main/read.naver?mode=LSD&mid=sec&sid1=101&oid=014&aid=0000066027
65,"[거래소] 현대·기아차 ""7월 美 판매량 18% 증가""(상보)",https://news.naver.com/main/read.naver?mode=LSD&mid=sec&sid1=101&oid=008&aid=0000192851
66,"기아차, 전차종에 핸즈프리 장착",https://news.naver.com/main/read.naver?mode=LSD&mid=sec&sid1=101&oid=009&aid=0000138135
67,"현대·기아차, 제이디파워 내구품질 최고 순위 달성",http://www.asiae.co.kr/news/view.htm?idxno=2011031717095283561
68,러' 기아차 조립공장 재가동 무산,https://news.naver.com/main/read.naver?mode=LSD&mid=sec&sid1=101&oid=013&aid=0002020437
69,'푸틴' 총리 CKD공장 가동 놓고 '기아차'에 러브콜,http://www.moneytoday.co.kr/view/mtview.php?type=1&no=2010090909125370591&outlink=1
70,"""Maybe Sonata""…美 소비자들 ""현대·기아차에 대한 인식 바뀌었다""",https://news.naver.com/main/read.naver?mode=LSD&mid=sec&sid1=101&oid=003&aid=0003114459
71,(르포)도요타 반사이익?..美 기아차 딜러점 가보니,http://news.etomato.com/news/etomato_news_read.asp?no=80566
72,현대·기아차 車산업지원책에 희비,http://www.fnnews.com/view?ra=Sent0701m_01A&corp=fnnews&arcid=090422222721&cDateYear=2009&cDateMonth=04&cDateDay=23&
73,"현대기아차 유럽수출, 정부지원책별 명암갈려",http://www.fnnews.com/view?ra=Sent0601m_01A&corp=fnnews&arcid=00000921633044&cDateYear=2009&cDateMonth=04&cDateDay=22&
74,"현대·기아차, 미국 시장 점유율 7% 돌파...사상 처음",http://www.wownet.co.kr/news/wownews/view_nhn.asp?bcode=N07010000&artid=A200902040044
75,현대.기아차 미국 판매 급감..중소형차도 부진,http://www.autotimes.co.kr/article_view.php?id=37830
76,"현대기아차, 미국 중고차 시장에선 여전히 찬밥",http://www.donga.com/fbin/output?n=200809020438
77,기아 포르테 ‘아반떼 아성’에 도전장,http://www.fnnews.com/view?ra=Sent0701m_01A&corp=fnnews&arcid=080813211037&cDateYear=2008&cDateMonth=08&cDateDay=14&
78,기아 포르테 ‘아반떼 아성’에 도전장,http://www.fnnews.com/view?ra=Sent0601m_01A&corp=fnnews&arcid=0921395224&cDateYear=2008&cDateMonth=08&cDateDay=13&
79,"러 이즈아브토, 현대·기아차 조립 재개 합의 임박 - 인테르팍스",http://www.newspim.com/sub_view.php?cate1=4&cate2=1&news_id=374234
80,현대차 美서 힘내나…기아차와 함께 석달째 '고속질주',http://www.hankyung.com/news/app/newsview.php?aid=2007040461351
81,"현대.기아차, 4월 美 판매 14% 안팎 감소",https://news.naver.com/main/read.naver?mode=LSD&mid=sec&sid1=101&oid=013&aid=0001980562
82,"현대·기아, 美서 신차몰이..5월 판매호조",https://news.naver.com/main/read.naver?mode=LSD&mid=sec&sid1=101&oid=018&aid=0000282178
83,(질주하는 車산업)⑤기아차 평택항 가다,https://news.naver.com/main/read.naver?mode=LSD&mid=sec&sid1=101&oid=018&aid=0000260977
84,[기/업/브/리/핑]기아차 `절세 회계`에 금융당국 제동,https://news.naver.com/main/read.naver?mode=LSD&mid=sec&sid1=101&oid=016&aid=0000165349
85,현대-기아車 구매 고객 새차 살때 10만원 할인,https://news.naver.com/main/read.naver?mode=LSD&mid=sec&sid1=101&oid=020&aid=0000285297
86,"“최고 출력” 엔진 과장광고, 현대·기아 “10만원씩 보상”",https://news.naver.com/main/read.naver?mode=LSD&mid=sec&sid1=101&oid=028&aid=0000099634
87,00~01년 현대.기아車 구입자 보상받는다(상보),https://news.naver.com/main/read.naver?mode=LSD&mid=sec&sid1=101&oid=008&aid=0000507225
88,"기아, 美 여성이 선호하는 車브랜드 2위",http://www.newdaily.co.kr/news/article.html?no=75152
89,"기아, 준중형 `쎄라토` 시판",https://news.naver.com/main/read.naver?mode=LSD&mid=sec&sid1=101&oid=021&aid=0000049854
90,"기아차[000270], 약세 배경..CSFB 헤지 매물 때문",https://news.naver.com/main/read.naver?mode=LSD&mid=sec&sid1=101&oid=013&aid=0000008420
91,[거래소] 기아차 내년 103만대 생산..창사이래 최대,https://news.naver.com/main/read.naver?mode=LSD&mid=sec&sid1=101&oid=008&aid=0000222957
92,현대.기아차 상반기 美판매 31만여대,https://news.naver.com/main/read.naver?mode=LSD&mid=sec&sid1=104&oid=001&aid=0000200054
93,"현대.기아차, 플랫폼 공유 잇따라",https://news.naver.com/main/read.naver?mode=LSD&mid=sec&sid1=101&oid=015&aid=0000487860
94,"현대·기아차, 지난달 미국 판매 증가",https://news.naver.com/main/read.naver?mode=LSD&mid=sec&sid1=115&oid=057&aid=0000042830
95,"WP, 기아 미니밴 '세도나 EX' 호평",https://news.naver.com/main/read.naver?mode=LSD&mid=sec&sid1=104&oid=001&aid=0000108490
96,"현대.기아자동차, 2개월 연속 미국시장 최대 판매 기록",https://news.naver.com/main/read.naver?mode=LSD&mid=sec&sid1=101&oid=015&aid=0000392462
97,"현대,기아차 내년 수출목표 1백50억불",https://news.naver.com/main/read.naver?mode=LSD&mid=sec&sid1=101&oid=015&aid=0000260052
98,"기아차, 러 현지 조립생산업체 파산신청",http://www.newspim.com/sub_view.php?cate1=4&cate2=1&news_id=257137
99,현대차 5월 美판매 20.4% 급감..기아 16.1% 감소,https://news.naver.com/main/read.naver?mode=LSD&mid=sec&sid1=101&oid=013&aid=0001982565
100,"현대·기아車,서바이벌게임 기선제압-하이證",http://www.moneytoday.co.kr/view/mtview.php?type=1&no=2009020507480810681&outlink=1
101,"현대·기아車 , 美 시사지서 `호평`",http://www.edaily.co.kr/news/newspath.asp?newsid=01718726583358520
102,[대기업 脫불황 전략] 현대·기아차 : 내수 점유율 50% 달성 급가속,https://news.naver.com/main/read.naver?mode=LSD&mid=sec&sid1=101&oid=015&aid=0000635549
103,기아車 LD 10월부터 양산,https://news.naver.com/main/read.naver?mode=LSD&mid=sec&sid1=101&oid=014&aid=0000066027
104,"[거래소] 현대·기아차 ""7월 美 판매량 18% 증가""(상보)",https://news.naver.com/main/read.naver?mode=LSD&mid=sec&sid1=101&oid=008&aid=0000192851
105,"기아차, 전차종에 핸즈프리 장착",https://news.naver.com/main/read.naver?mode=LSD&mid=sec&sid1=101&oid=009&aid=0000138135
106,"현대·기아차, 제이디파워 내구품질 최고 순위 달성",http://www.asiae.co.kr/news/view.htm?idxno=2011031717095283561
107,러' 기아차 조립공장 재가동 무산,https://news.naver.com/main/read.naver?mode=LSD&mid=sec&sid1=101&oid=013&aid=0002020437
108,'푸틴' 총리 CKD공장 가동 놓고 '기아차'에 러브콜,http://www.moneytoday.co.kr/view/mtview.php?type=1&no=2010090909125370591&outlink=1
109,러시아 기아차 공장 재가동될 듯…푸틴 전격 방문,http://mbn.mk.co.kr/news/newsRead.php?vodCode=528869&category=mbn00003
110,'푸틴' 총리 CKD공장 가동 놓고 '기아차'에 러브콜,http://www.moneytoday.co.kr/view/mtview.php?type=1&no=2010090909125370591&outlink=1
111,러시아 기아차 공장 재가동될 듯…푸틴 전격 방문,http://mbn.mk.co.kr/news/newsRead.php?vodCode=528869&category=mbn00003
112,"""Maybe Sonata""…美 소비자들 ""현대·기아차에 대한 인식 바뀌었다""",https://news.naver.com/main/read.naver?mode=LSD&mid=sec&sid1=101&oid=003&aid=0003114459
113,(르포)도요타 반사이익?..美 기아차 딜러점 가보니,http://news.etomato.com/news/etomato_news_read.asp?no=80566
114,현대·기아차 車산업지원책에 희비,http://www.fnnews.com/view?ra=Sent0701m_01A&corp=fnnews&arcid=090422222721&cDateYear=2009&cDateMonth=04&cDateDay=23&
115,"현대기아차 유럽수출, 정부지원책별 명암갈려",http://www.fnnews.com/view?ra=Sent0601m_01A&corp=fnnews&arcid=00000921633044&cDateYear=2009&cDateMonth=04&cDateDay=22&
116,"현대·기아차, 미국 시장 점유율 7% 돌파...사상 처음",http://www.wownet.co.kr/news/wownews/view_nhn.asp?bcode=N07010000&artid=A200902040044
117,현대.기아차 미국 판매 급감..중소형차도 부진,http://www.autotimes.co.kr/article_view.php?id=37830
118,"현대기아차, 미국 중고차 시장에선 여전히 찬밥",http://www.donga.com/fbin/output?n=200809020438
119,기아 포르테 ‘아반떼 아성’에 도전장,http://www.fnnews.com/view?ra=Sent0701m_01A&corp=fnnews&arcid=080813211037&cDateYear=2008&cDateMonth=08&cDateDay=14&
120,현대.기아차 美판매 급감..중소형차도 부진,https://news.naver.com/main/read.naver?mode=LSD&mid=sec&sid1=101&oid=001&aid=0002398382
121,"현대기아차, 미국 중고차 시장에선 여전히 찬밥",http://www.donga.com/fbin/output?n=200809020438
122,기아 포르테 ‘아반떼 아성’에 도전장,http://www.fnnews.com/view?ra=Sent0701m_01A&corp=fnnews&arcid=080813211037&cDateYear=2008&cDateMonth=08&cDateDay=14&
123,기아 포르테 ‘아반떼 아성’에 도전장,http://www.fnnews.com/view?ra=Sent0601m_01A&corp=fnnews&arcid=0921395224&cDateYear=2008&cDateMonth=08&cDateDay=13&
124,"러 이즈아브토, 현대·기아차 조립 재개 합의 임박 - 인테르팍스",http://www.newspim.com/sub_view.php?cate1=4&cate2=1&news_id=374234
125,현대차 美서 힘내나…기아차와 함께 석달째 '고속질주',http://www.hankyung.com/news/app/newsview.php?aid=2007040461351
126,"현대.기아차, 4월 美 판매 14% 안팎 감소",https://news.naver.com/main/read.naver?mode=LSD&mid=sec&sid1=101&oid=013&aid=0001980562
127,"현대·기아, 美서 신차몰이..5월 판매호조",https://news.naver.com/main/read.naver?mode=LSD&mid=sec&sid1=101&oid=018&aid=0000282178
128,(질주하는 車산업)⑤기아차 평택항 가다,https://news.naver.com/main/read.naver?mode=LSD&mid=sec&sid1=101&oid=018&aid=0000260977
129,[기/업/브/리/핑]기아차 `절세 회계`에 금융당국 제동,https://news.naver.com/main/read.naver?mode=LSD&mid=sec&sid1=101&oid=016&aid=0000165349
130,[기/업/브/리/핑]기아차 `절세 회계`에 금융당국 제동,https://news.naver.com/main/read.naver?mode=LSD&mid=sec&sid1=101&oid=016&aid=0000165349
131,현대-기아車 구매 고객 새차 살때 10만원 할인,https://news.naver.com/main/read.naver?mode=LSD&mid=sec&sid1=101&oid=020&aid=0000285297
132,"“최고 출력” 엔진 과장광고, 현대·기아 “10만원씩 보상”",https://news.naver.com/main/read.naver?mode=LSD&mid=sec&sid1=101&oid=028&aid=0000099634
133,00~01년 현대.기아車 구입자 보상받는다(상보),https://news.naver.com/main/read.naver?mode=LSD&mid=sec&sid1=101&oid=008&aid=0000507225
134,"기아, 美 여성이 선호하는 車브랜드 2위",http://www.newdaily.co.kr/news/article.html?no=75152
135,"기아차, 안전도 평가 개선 전망..매수-동원證",https://news.naver.com/main/read.naver?mode=LSD&mid=sec&sid1=101&oid=008&aid=0000487832
136,"기아, 준중형 `쎄라토` 시판",https://news.naver.com/main/read.naver?mode=LSD&mid=sec&sid1=101&oid=021&aid=0000049854
137,기아 ‘쎄라토’출시 준중형 4파전 돌입,https://news.naver.com/main/read.naver?mode=LSD&mid=sec&sid1=111&oid=014&aid=0000094304
138,"기아차[000270], 약세 배경..CSFB 헤지 매물 때문",https://news.naver.com/main/read.naver?mode=LSD&mid=sec&sid1=101&oid=013&aid=0000008420
139,[거래소] 기아차 내년 103만대 생산..창사이래 최대,https://news.naver.com/main/read.naver?mode=LSD&mid=sec&sid1=101&oid=008&aid=0000222957
140,"기아, 준중형 `쎄라토` 시판",https://news.naver.com/main/read.naver?mode=LSD&mid=sec&sid1=101&oid=021&aid=0000049854
141,기아 ‘쎄라토’출시 준중형 4파전 돌입,https://news.naver.com/main/read.naver?mode=LSD&mid=sec&sid1=111&oid=014&aid=0000094304
142,"기아차[000270], 약세 배경..CSFB 헤지 매물 때문",https://news.naver.com/main/read.naver?mode=LSD&mid=sec&sid1=101&oid=013&aid=0000008420
143,[거래소] 기아차 내년 103만대 생산..창사이래 최대,https://news.naver.com/main/read.naver?mode=LSD&mid=sec&sid1=101&oid=008&aid=0000222957
144,현대.기아차 상반기 美판매 31만여대,https://news.naver.com/main/read.naver?mode=LSD&mid=sec&sid1=104&oid=001&aid=0000200054
145,"현대.기아차, 플랫폼 공유 잇따라",https://news.naver.com/main/read.naver?mode=LSD&mid=sec&sid1=101&oid=015&aid=0000487860
146,"현대·기아차, 지난달 미국 판매 증가",https://news.naver.com/main/read.naver?mode=LSD&mid=sec&sid1=115&oid=057&aid=0000042830
147,"WP, 기아 미니밴 '세도나 EX' 호평",https://news.naver.com/main/read.naver?mode=LSD&mid=sec&sid1=104&oid=001&aid=0000108490
148,"현대.기아자동차, 2개월 연속 미국시장 최대 판매 기록",https://news.naver.com/main/read.naver?mode=LSD&mid=sec&sid1=101&oid=015&aid=0000392462
149,"현대,기아차 내년 수출목표 1백50억불",https://news.naver.com/main/read.naver?mode=LSD&mid=sec&sid1=101&oid=015&aid=0000260052
150,"현대·기아차, 지난달 미국 판매 증가",http://news.mk.co.kr/newsRead.php?no=383177&year=2006
151,"WP, 기아 미니밴 '세도나 EX' 호평",https://news.naver.com/main/read.naver?mode=LSD&mid=sec&sid1=104&oid=001&aid=0000108490
152,"현대.기아자동차, 2개월 연속 미국시장 최대 판매 기록",https://news.naver.com/main/read.naver?mode=LSD&mid=sec&sid1=101&oid=015&aid=0000392462
153,"현대,기아차 내년 수출목표 1백50억불",https://news.naver.com/main/read.naver?mode=LSD&mid=sec&sid1=101&oid=015&aid=0000260052
154,"기아차, 러 현지 조립생산업체 파산신청",http://www.newspim.com/sub_view.php?cate1=4&cate2=1&news_id=257137
155,00~01년산 현대·기아車구입자 보상받는다,https://news.naver.com/main/read.naver?mode=LSD&mid=sec&sid1=101&oid=008&aid=0000507128
156,현대차 5월 美판매 20.4% 급감..기아 16.1% 감소,https://news.naver.com/main/read.naver?mode=LSD&mid=sec&sid1=101&oid=013&aid=0001982565
157,"美 8월 車판매, `빅3' 부진 속 현대.기아 약진(종합)",https://news.naver.com/main/read.naver?mode=LSD&mid=sec&sid1=104&oid=001&aid=0000451498
158,"삼성,""12월 미국판매..현대-공격적 vs 기아-보수적""",https://news.naver.com/main/read.naver?mode=LSD&mid=sec&sid1=101&oid=015&aid=0000862651
159,기아차 美 법인..ESPN과 마케팅 계약,https://news.naver.com/main/read.naver?mode=LSD&mid=sec&sid1=101&oid=015&aid=0000794434
160,기아차 美 법인..ESPN과 마케팅 계약,https://news.naver.com/main/read.naver?mode=LSD&mid=sec&sid1=101&oid=015&aid=0000794434
161,현대차 3월 美판매 11% 증가..기아차 8.2% 증가(종합),https://news.naver.com/main/read.naver?mode=LSD&mid=sec&sid1=101&oid=013&aid=0000080149
162,"기아자동차, 상용차 제외 모든 차종에 핸즈프리 장착",https://news.naver.com/main/read.naver?mode=LSD&mid=sec&sid1=101&oid=015&aid=0000403167
163,현대차 美판매 정체·기아차는 증가-메리츠證,http://www.moneytoday.co.kr/view/mtview.php?type=1&no=2007060408533991122&outlink=1
164,[신박한 車담] 실용주의에서 디자인 기아가 되기까지…韓 자동차산업의 '아틀란티스'-기아(2),http://www.enewstoday.co.kr/news/articleView.html?idxno=1491002
165,"'용띠 해'에 태어난 국산차, 어떤 게 있지?",http://www.hankyung.com/news/app/newsview.php?aid=201112283204g
166,러 우드무르트共 대통령 “한국車모델 하나가 1만명 먹여살려”,http://www.donga.com/fbin/output?n=200703260021
167,[국산차] 올 여름휴가 새車로 떠나볼까,https://news.naver.com/main/read.naver?mode=LSD&mid=sec&sid1=111&oid=009&aid=0000299475
168,준중형차 경쟁 가속화,https://news.naver.com/main/read.naver?mode=LSD&mid=sec&sid1=101&oid=014&aid=0000071065
169,가장 `안전`,https://news.naver.com/main/read.naver?mode=LSD&mid=sec&sid1=101&oid=019&aid=0000016056
170,준중형차 경쟁 가속화,https://news.naver.com/main/read.naver?mode=LSD&mid=sec&sid1=101&oid=014&aid=0000071065
171,가장 `안전`,https://news.naver.com/main/read.naver?mode=LSD&mid=sec&sid1=101&oid=019&aid=0000016056
172,[일반] 소형차 중 현대 클릭이 가장 안전,https://news.naver.com/main/read.naver?mode=LSD&mid=sec&sid1=101&oid=008&aid=0000241984
173,"[거래소] 준중형 승용차시장 치열한 4파전 ""후끈""",https://news.naver.com/main/read.naver?mode=LSD&mid=sec&sid1=101&oid=008&aid=0000226035
174,[SM3 출시] 준중형차 시장 '최후 승자는 누구',https://news.naver.com/main/read.naver?mode=LSD&mid=sec&sid1=101&oid=015&aid=0000533556
175,<준중형 승용차시장 불붙는다>,https://news.naver.com/main/read.naver?mode=LSD&mid=sec&sid1=101&oid=001&aid=0000198699
176,준중형차 시장 달아오른다,https://news.naver.com/main/read.naver?mode=LSD&mid=sec&sid1=105&oid=029&aid=0000015958
177,준중형차 시장 ‘불꽃경쟁’,https://news.naver.com/main/read.naver?mode=LSD&mid=sec&sid1=111&oid=014&aid=0000088291
178,[자동차 업계 불황 이겨라] ‘신차출시=수요증가’로 내수 공략,https://news.naver.com/main/read.naver?mode=LSD&mid=sec&sid1=101&oid=014&aid=0000071651
179,[카라이프] 고유가 시대 자동차 구매 포인트,https://news.naver.com/main/read.naver?mode=LSD&mid=sec&sid1=105&oid=029&aid=0000017489
180,불붙은 준중형차 전쟁,https://news.naver.com/main/read.naver?mode=LSD&mid=sec&sid1=101&oid=024&aid=0000001337
181,車 비교시승 판촉전 급가속…GM-대우도 도전장,https://news.naver.com/main/read.naver?mode=LSD&mid=sec&sid1=101&oid=005&aid=0000123396
182,[“e차를 사세요”-준중형차 시장 뜨겁다] 성능·크기 업그레이드…4파전 ‘질주’,https://news.naver.com/main/read.naver?mode=LSD&mid=sec&sid1=101&oid=014&aid=0000036766
183,"[거래소] 기아차, 말레이시아에 ""스펙트라 윙"" 위탁 생산",https://news.naver.com/main/read.naver?mode=LSD&mid=sec&sid1=101&oid=008&aid=0000059260
184,"[거래소] 기아차, `2003 뉴 스펙트라` 시판",https://news.naver.com/main/read.naver?mode=LSD&mid=sec&sid1=101&oid=008&aid=0000210148
185,"기아車, 러 현지조립 판매 늘린다..내년 12월부터 스펙트라 6만대",https://news.naver.com/main/read.naver?mode=LSD&mid=sec&sid1=101&oid=015&aid=0000647449
186,"기아自, 세피아 후속모델 '스펙트라' 발표",https://news.naver.com/main/read.naver?mode=LSD&mid=sec&sid1=101&oid=020&aid=0000004358
187,"기아차 미국법인, '04년 스펙트라 가격 1만3천160달러로 책정",https://news.naver.com/main/read.naver?mode=LSD&mid=sec&sid1=101&oid=013&aid=0000027090
188,"기아, 연료탱크 문제로 미국내 스펙트라 5만8천대 리콜",http://www.newspim.com/common/redirect.jsp?newsId=20110429000607
189,"기아차, 준중형 신차 '스펙트라 윙' 시판",https://news.naver.com/main/read.naver?mode=LSD&mid=sec&sid1=101&oid=009&aid=0000062280
190,"기아차, 준중형 신차 '스펙트라 윙' 시판",https://news.naver.com/main/read.naver?mode=LSD&mid=sec&sid1=101&oid=009&aid=0000062280
191,"기아차, 디트로이트 모터쇼서 2004년형 스펙트라 공개",https://news.naver.com/main/read.naver?mode=LSD&mid=sec&sid1=101&oid=013&aid=0000020232
192,"기아車, ‘2003 뉴 스펙트라’ 선보여",https://news.naver.com/main/read.naver?mode=LSD&mid=sec&sid1=101&oid=015&aid=0000553660
193,"[거래소] 기아차, 내년부터 러시아에 '스펙트라' KD수출(1보)",https://news.naver.com/main/read.naver?mode=LSD&mid=sec&sid1=101&oid=008&aid=0000322263
194,"""뉴 스펙트라"" 8일부터 시판 .. 기아차",https://news.naver.com/main/read.naver?mode=LSD&mid=sec&sid1=101&oid=015&aid=0000419414
195,"[거래소] 기아차,2002년형 뉴스펙트라 시판",https://news.naver.com/main/read.naver?mode=LSD&mid=sec&sid1=101&oid=008&aid=0000092348
196,"[거래소] 기아自, 2002년형 뉴 스펙트라 윙 시판",https://news.naver.com/main/read.naver?mode=LSD&mid=sec&sid1=101&oid=008&aid=0000105408
197,가장 기억에 남는 ‘1990∼2000년대 자동차’는… '티코·무쏘',http://www.segye.com/content/html/2020/08/31/20200831505652.html?OutUrl=naver
198,"""라떼는 말이야, 티코·무쏘는 `로망`""…1990년대 최고의 `아빠차`",http://news.mk.co.kr/newsRead.php?no=893817&year=2020
199,[그때 그 차들②]코란도·무쏘 지금도 10만대 이상 '씽씽',http://www.edaily.co.kr/news/newspath.asp?newsid=01154566609334808
200,기아차，2002년형 뉴스펙트라 시판,https://news.naver.com/main/read.naver?mode=LSD&mid=sec&sid1=101&oid=015&aid=0000419322
201,가장 기억에 남는 ‘1990∼2000년대 자동차’는… '티코·무쏘',http://www.segye.com/content/html/2020/08/31/20200831505652.html?OutUrl=naver
202,"""라떼는 말이야, 티코·무쏘는 `로망`""…1990년대 최고의 `아빠차`",http://news.mk.co.kr/newsRead.php?no=893817&year=2020
203,[그때 그 차들②]코란도·무쏘 지금도 10만대 이상 '씽씽',http://www.edaily.co.kr/news/newspath.asp?newsid=01154566609334808
204,'파격 넘은 충격 디자인' 제네시스 G70 페이스리프트 유출. 하반기 출시 예정,http://www.autodaily.co.kr/news/articleView.html?idxno=420312
205,"""현대 신형 아반떼 수리비용 많고 성능 최악""",http://www.etnews.co.kr/news/detail.html?id=200907100103
206,"현대차 鄭회장, 러 푸틴 총리와 무슨 이야기 나누나?",http://www.etoday.co.kr/news/section/newsview.php?TM=news&SM=0405&idxno=360024
207,"프라이드·쎄라토·카렌스, 美서 추천차종 선정",http://www.ajnews.co.kr/uhtml/read.jsp?idxno=200903271021286490988
208,美판매 아반떼 “기름 가장 적게 먹는다”,http://www.donga.com/fbin/output?n=200801090023
209,준중형차 시장 ‘1强 3中’,https://news.naver.com/main/read.naver?mode=LSD&mid=sec&sid1=101&oid=032&aid=0000006971
210,90년대 감성 소환하는 車 1위 '티코'…SUV는 '무쏘',http://daily.hankooki.com/lpage/industry/202008/dh20200831094151147980.htm?s_ref=nv
211,[그때 그 차들②]코란도·무쏘 지금도 10만대 이상 '씽씽',http://www.edaily.co.kr/news/newspath.asp?newsid=01154566609334808
212,'파격 넘은 충격 디자인' 제네시스 G70 페이스리프트 유출. 하반기 출시 예정,http://www.autodaily.co.kr/news/articleView.html?idxno=420312
213,"""현대 신형 아반떼 수리비용 많고 성능 최악""",http://www.etnews.co.kr/news/detail.html?id=200907100103
214,"현대차 鄭회장, 러 푸틴 총리와 무슨 이야기 나누나?",http://www.etoday.co.kr/news/section/newsview.php?TM=news&SM=0405&idxno=360024
215,"프라이드·쎄라토·카렌스, 美서 추천차종 선정",http://www.ajnews.co.kr/uhtml/read.jsp?idxno=200903271021286490988
216,美판매 아반떼 “기름 가장 적게 먹는다”,http://www.donga.com/fbin/output?n=200801090023
217,준중형차 시장 ‘1强 3中’,https://news.naver.com/main/read.naver?mode=LSD&mid=sec&sid1=101&oid=032&aid=0000006971
218,[월드리포트]美시장 질주하는 한국車/양헌석 워싱턴 특파원,https://news.naver.com/main/read.naver?mode=LSD&mid=sec&sid1=110&oid=014&aid=0000166232
219,"오피러스, 머리지지대 안전 `우수`..엔터프라이즈 `미흡`",https://news.naver.com/main/read.naver?mode=LSD&mid=sec&sid1=103&oid=018&aid=0000218553
220,엔카닷컴 90년대 설문조사 결과 인기 차종은 '티코·무쏘',http://www.iminju.net/news/articleView.html?idxno=56772
221,[그때 그 차들②]코란도·무쏘 지금도 10만대 이상 '씽씽',http://www.edaily.co.kr/news/newspath.asp?newsid=01154566609334808
222,'파격 넘은 충격 디자인' 제네시스 G70 페이스리프트 유출. 하반기 출시 예정,http://www.autodaily.co.kr/news/articleView.html?idxno=420312
223,"""현대 신형 아반떼 수리비용 많고 성능 최악""",http://www.etnews.co.kr/news/detail.html?id=200907100103
224,"현대차 鄭회장, 러 푸틴 총리와 무슨 이야기 나누나?",http://www.etoday.co.kr/news/section/newsview.php?TM=news&SM=0405&idxno=360024
225,"프라이드·쎄라토·카렌스, 美서 추천차종 선정",http://www.ajnews.co.kr/uhtml/read.jsp?idxno=200903271021286490988
226,美판매 아반떼 “기름 가장 적게 먹는다”,http://www.donga.com/fbin/output?n=200801090023
227,준중형차 시장 ‘1强 3中’,https://news.naver.com/main/read.naver?mode=LSD&mid=sec&sid1=101&oid=032&aid=0000006971
228,[월드리포트]美시장 질주하는 한국車/양헌석 워싱턴 특파원,https://news.naver.com/main/read.naver?mode=LSD&mid=sec&sid1=110&oid=014&aid=0000166232
229,"오피러스, 머리지지대 안전 `우수`..엔터프라이즈 `미흡`",https://news.naver.com/main/read.naver?mode=LSD&mid=sec&sid1=103&oid=018&aid=0000218553
230,"""준중형차 시장 잡아라"" 자동차 3社 '광고열전'",https://news.naver.com/main/read.naver?mode=LSD&mid=sec&sid1=101&oid=020&aid=0000013096
231,준중형차 시장 뜨거운 레이스,https://news.naver.com/main/read.naver?mode=LSD&mid=sec&sid1=101&oid=032&aid=0000036224
232,[오토월드]2004년형 新車 “안전을 팝니다”,https://news.naver.com/main/read.naver?mode=LSD&mid=sec&sid1=101&oid=020&aid=0000206289
233,새차가 몰려온다,https://news.naver.com/main/read.naver?mode=LSD&mid=sec&sid1=101&oid=032&aid=0000024618
234,1500cc급 준중형 '한판승부' .. 내년 자동차업계 최대 격전지 부상,https://news.naver.com/main/read.naver?mode=LSD&mid=sec&sid1=101&oid=015&aid=0000580192
235,[여름철 車 마케팅 뜨겁다] 소형차 ‘새 얼굴’로 젊은층 공략,https://news.naver.com/main/read.naver?mode=LSD&mid=sec&sid1=103&oid=014&aid=0000024174
236,[국산차] 준중형 車시장 태풍전야,https://news.naver.com/main/read.naver?mode=LSD&mid=sec&sid1=101&oid=009&aid=0000222957
237,"[기업] 한국차,미국 40대초반에 인기-KOTRA",https://news.naver.com/main/read.naver?mode=LSD&mid=sec&sid1=101&oid=008&aid=0000155389
238,[상품시세] 중고차시세/가전제품/컴퓨터 용품,https://news.naver.com/main/read.naver?mode=LSD&mid=sec&sid1=101&oid=009&aid=0000171073
239,"""9월 이후 新車 쏟아진다""",https://news.naver.com/main/read.naver?mode=LSD&mid=sec&sid1=101&oid=009&aid=0000144718
240,[중고車 구입 가이드] 문.유리 살펴 사고유무 확인,https://news.naver.com/main/read.naver?mode=LSD&mid=sec&sid1=101&oid=009&aid=0000129019
241,한국차 美판매 진기록 행진,https://news.naver.com/main/read.naver?mode=LSD&mid=sec&sid1=104&oid=001&aid=0000006460
242,新모델ㆍ新차종 이달 쏟아진다,https://news.naver.com/main/read.naver?mode=LSD&mid=sec&sid1=101&oid=019&aid=0000034440
243,차-카드연계 마케팅 활발,https://news.naver.com/main/read.naver?mode=LSD&mid=sec&sid1=105&oid=029&aid=0000014115
244,승용차값 2년새 상당폭 상승,https://news.naver.com/main/read.naver?mode=LSD&mid=sec&sid1=101&oid=009&aid=0000260464
245,한국 소형차 美시장 질주,http://www.fnnews.com/view?ra=Sent0701m_01A&corp=fnnews&arcid=080728220943&cDateYear=2008&cDateMonth=07&cDateDay=29&
246,"<미국, 고유가로 한국산 소형차 인기 '폭발'>",https://news.naver.com/main/read.naver?mode=LSD&mid=sec&sid1=101&oid=001&aid=0002194448
247,[오늘의 주요뉴스],https://news.naver.com/main/read.naver?mode=LSD&mid=sec&sid1=115&oid=055&aid=0000054646
248,[이코노파일] HDD내장 셋톱박스 개발 外,https://news.naver.com/main/read.naver?mode=LSD&mid=sec&sid1=101&oid=005&aid=0000036049
249,[자동차특집]새차를 타고 달려보자 '씽씽',https://news.naver.com/main/read.naver?mode=LSD&mid=sec&sid1=101&oid=020&aid=0000035982
250,한국 소형차 美시장 질주,http://www.fnnews.com/view?ra=Sent0601m_01A&corp=fnnews&arcid=0921381217&cDateYear=2008&cDateMonth=07&cDateDay=28&
251,[오늘의 주요뉴스],https://news.naver.com/main/read.naver?mode=LSD&mid=sec&sid1=115&oid=055&aid=0000054646
252,[이코노파일] HDD내장 셋톱박스 개발 外,https://news.naver.com/main/read.naver?mode=LSD&mid=sec&sid1=101&oid=005&aid=0000036049
253,[자동차특집]새차를 타고 달려보자 '씽씽',https://news.naver.com/main/read.naver?mode=LSD&mid=sec&sid1=101&oid=020&aid=0000035982
254,준중형차 시장 다시 불붙는다,https://news.naver.com/main/read.naver?mode=LSD&mid=sec&sid1=101&oid=001&aid=0000374659
255,준중형차 판촉 `후끈`,https://news.naver.com/main/read.naver?mode=LSD&mid=sec&sid1=100&oid=021&aid=0000015571
256,[자동차]준중형 자동차 시장 '4車 대전',https://news.naver.com/main/read.naver?mode=LSD&mid=sec&sid1=101&oid=020&aid=0000155095
257,후진 차들의 레이싱이라고 얕보지 마라,http://www.hankookilbo.com/v/ac48ba9f3e3c4ca098023ad88d82c129
258,‘2003 뉴스펙트라’ 출시,https://news.naver.com/main/read.naver?mode=LSD&mid=sec&sid1=101&oid=014&aid=0000034561
259,자차보험료 인상 최대 10% 인상…“서민 부담 또 증가하나?”,http://www.imaeil.com/sub_news/sub_news_view.php?news_id=12000&yy=2013
260,자차보험료 인상 최대 10% 인상…“서민 부담 또 증가하나?”,http://www.imaeil.com/sub_news/sub_news_view.php?news_id=12000&yy=2013
261,10년간 가장 안전한 차는,http://news.mk.co.kr/news_forward.php?no=462404&year=2011
262,"자동차업계, 유럽수출 '명암'",http://www.autotimes.co.kr/article_view.php?id=48010
263,레이싱모델이 뽑은 최고 드림카는?,http://www.heraldbiz.com/SITE/data/html_dir/2009/04/07/200904070150.asp
264,"한국 자동차산업, 위기의 해법은 (2) 세계가 놀란 한국 소형차 경쟁력",https://news.naver.com/main/read.naver?mode=LSD&mid=sec&sid1=101&oid=086&aid=0001968756
265,아반떼·베르나·프라이드·쎄라토 '美 10대 소형차',http://www.hankyung.com/news/app/newsview.php?aid=2009032793561
266,"미국진출 한국차, 실내공기질 ‘열악’",https://news.naver.com/main/read.naver?mode=LSD&mid=sec&sid1=104&oid=086&aid=0002029742
267,잘 활용한 애프터서비스 기간…쏙 빠진 차량 유지비,http://www.hankyung.com/news/app/newsview.php?aid=2008121039111
268,미국서 ´최악의 중고차값´ 10대중 7대가 한국산,http://www.khan.co.kr/kh_news/art_view.html?artid=200811181542052&code=920508
269,자동차 보험료 바뀐다,https://news.naver.com/main/read.naver?mode=LSD&mid=sec&sid1=115&oid=214&aid=0000017463
270,잘 활용한 애프터서비스 기간…쏙 빠진 차량 유지비,http://www.hankyung.com/news/app/newsview.php?aid=2008121039111
271,미국서 ´최악의 중고차값´ 10대중 7대가 한국산,http://www.khan.co.kr/kh_news/art_view.html?artid=200811181542052&code=920508
272,자동차 보험료 바뀐다,https://news.naver.com/main/read.naver?mode=LSD&mid=sec&sid1=115&oid=214&aid=0000017463
273,"자동차, 失보다 得이 많다",http://www.moneytoday.co.kr/view/mtview.php?type=1&no=2007033018300431006&outlink=1
274,<표> 차급별 차명별 수리비 현황,https://news.naver.com/main/read.naver?mode=LSD&mid=sec&sid1=103&oid=001&aid=0001233106
275,"자동차 무대, 엇갈린 퇴장-재등장",https://news.naver.com/main/read.naver?mode=LSD&mid=sec&sid1=103&oid=028&aid=0000114449
276,<부산국제모터쇼>승용차 5대 등 경품 풍성,https://news.naver.com/main/read.naver?mode=LSD&mid=sec&sid1=102&oid=001&aid=0000471190
277,자동차수출 `1분기만 같아라`,https://news.naver.com/main/read.naver?mode=LSD&mid=sec&sid1=101&oid=021&aid=0000102366
278,美 여성 선호 車브랜드는 `미니',https://news.naver.com/main/read.naver?mode=LSD&mid=sec&sid1=101&oid=001&aid=0005002287
279,"｀라세티｀, 준중형차시장 2위 부상",https://news.naver.com/main/read.naver?mode=LSD&mid=sec&sid1=101&oid=018&aid=0000002649
280,"""새차 살까? 기다릴까"" 올해 선보일 신차 차종 적어",https://news.naver.com/main/read.naver?mode=LSD&mid=sec&sid1=101&oid=020&aid=0000174596
281,<준중형 승용차 판매경쟁 `후끈'>,https://news.naver.com/main/read.naver?mode=LSD&mid=sec&sid1=101&oid=001&aid=0000282672
282,"GM대우, 경쟁시장 M/S 20% 돌파",https://news.naver.com/main/read.naver?mode=LSD&mid=sec&sid1=101&oid=018&aid=0000173653
283,"[포커스] 미 정부 ""아반떼, 기름 가장 적게 먹어""",http://news.sbs.co.kr/section_news/news_read.jsp?news_id=N1000360076
284,"[상품시세] 중고차, 특소세 인하로 중대형 하락세",https://news.naver.com/main/read.naver?mode=LSD&mid=sec&sid1=101&oid=009&aid=0000175280
285,[매경Auto월드] 준중형車 속속 변신 실속파 고객 '유혹',https://news.naver.com/main/read.naver?mode=LSD&mid=sec&sid1=101&oid=009&aid=0000322516
286,Auto News 브리핑,https://news.naver.com/main/read.naver?mode=LSD&mid=sec&sid1=105&oid=030&aid=0000042645
287,"[거래소] 르노삼성, 승용시장서 GM대우 누르고 2위",https://news.naver.com/main/read.naver?mode=LSD&mid=sec&sid1=101&oid=008&aid=0000306929
288,車내수시장 4분기부터 회복,https://news.naver.com/main/read.naver?mode=LSD&mid=sec&sid1=101&oid=014&aid=0000074973
289,車생산 하반기 170만대 돌파,https://news.naver.com/main/read.naver?mode=LSD&mid=sec&sid1=101&oid=014&aid=0000071303
290,"[오토월드]""車 시키실 분"" 자동차 판매부진 탈출 마케팅 경쟁",https://news.naver.com/main/read.naver?mode=LSD&mid=sec&sid1=101&oid=020&aid=0000188413
291,할인판매 무이자할부등 꼼꼼히… 차값 60만~200만원 싸다,https://news.naver.com/main/read.naver?mode=LSD&mid=sec&sid1=103&oid=014&aid=0000064386
292,중고차 매물은 ‘홍수’판매는 ‘가뭄’,https://news.naver.com/main/read.naver?mode=LSD&mid=sec&sid1=103&oid=014&aid=0000059079
293,"[자동차]자동차업계 ""내년 화두는 탈 코리아""",https://news.naver.com/main/read.naver?mode=LSD&mid=sec&sid1=101&oid=020&aid=0000169007
294,[거래소] 국산車 내수호조..10월판매 12.8%늘어,https://news.naver.com/main/read.naver?mode=LSD&mid=sec&sid1=101&oid=008&aid=0000213776
295,""" 차 특소세 혜택 아직 기회""",https://news.naver.com/main/read.naver?mode=LSD&mid=sec&sid1=101&oid=009&aid=0000236815
296,[올 하반기 국산·수입 신차 ‘봇물’] 성능·외관 업데이트 “車·車·車”,https://news.naver.com/main/read.naver?mode=LSD&mid=sec&sid1=103&oid=014&aid=0000019978
297,한국車 선호 미국인은 40대 초반 .. KOTRA 워싱턴무역관 보고,https://news.naver.com/main/read.naver?mode=LSD&mid=sec&sid1=101&oid=015&aid=0000492441
298,"[거래소] 현대모비스, ""내장형 핸즈프리"" 시판",https://news.naver.com/main/read.naver?mode=LSD&mid=sec&sid1=101&oid=008&aid=0000127757
299,내년 新車 40여종 쏟아진다 .. 자동차 신모델 '불꽃 경쟁' 예고,https://news.naver.com/main/read.naver?mode=LSD&mid=sec&sid1=101&oid=015&aid=0000460006
300,"중고차 값, 휴가철 수요 늘어 강보합세",https://news.naver.com/main/read.naver?mode=LSD&mid=sec&sid1=101&oid=015&aid=0000389741
301,"자동차 3사, 디트로이트 오토쇼 참가",https://news.naver.com/main/read.naver?mode=LSD&mid=sec&sid1=101&oid=009&aid=0000082655
302,[car World] 일부차종 내달 값 오른다,https://news.naver.com/main/read.naver?mode=LSD&mid=sec&sid1=103&oid=009&aid=0000060758
303,내수/수출경기 '고속질주' .. 3社 올 196만대 판매,https://news.naver.com/main/read.naver?mode=LSD&mid=sec&sid1=110&oid=015&aid=0000268634
304,국내車업계 사상최대 매출,https://news.naver.com/main/read.naver?mode=LSD&mid=sec&sid1=101&oid=020&aid=0000020344
305,"한국차 신차 대거투입,미국시장 공략 월스트리트저널 보도",https://news.naver.com/main/read.naver?mode=LSD&mid=sec&sid1=101&oid=015&aid=0000262191
306,"현대車, 北美 수출 '쾌속페달' .. 승용차 美시장 판매량",https://news.naver.com/main/read.naver?mode=LSD&mid=sec&sid1=101&oid=015&aid=0000259354
307,아우디·BMW 등 외산차 4월부터 보험료↑,http://news1.kr/articles/1041834
308,투싼. 쎄라토 加 `올 최고의 차` 선정,https://news.naver.com/main/read.naver?mode=LSD&mid=sec&sid1=101&oid=021&aid=0000091218
309,"""뻥튀기 엔진출력 표시,소비자에 보상하라""",https://news.naver.com/main/read.naver?mode=LSD&mid=sec&sid1=101&oid=008&aid=0000412244
310,"""뻥튀기 엔진출력 표시,소비자에 보상하라""",https://news.naver.com/main/read.naver?mode=LSD&mid=sec&sid1=101&oid=008&aid=0000412244
311,[기업뉴스] 스펙트라5·티뷰론 ‘멋진 차 10대모델’ 선정,https://news.naver.com/main/read.naver?mode=LSD&mid=sec&sid1=101&oid=011&aid=0000080357
312,거품빠진 중고차 휴가전 구입적기,https://news.naver.com/main/read.naver?mode=LSD&mid=sec&sid1=101&oid=032&aid=0000019132
313,차종따라 기름값 2배이상 차이,https://news.naver.com/main/read.naver?mode=LSD&mid=sec&sid1=101&oid=032&aid=0000006972
314,"국산 소형차, 고유가로 미국 시장서 재평가",http://www.kukinews.com/news/article/view.asp?page=1&gCode=eco&arcid=0920984456&cp=nv
315,"한국 중고차, 북미시장서 인기 급상승",http://nownews.seoul.co.kr/news/newsView.php?id=20080717601006
316,`경기회복 기대..중고차값도 상승 조짐',https://news.naver.com/main/read.naver?mode=LSD&mid=sec&sid1=101&oid=001&aid=0000162950
317,유가 요동쳐도 대형차 판매 ‘요지부동’,http://www.hani.co.kr/arti/economy/car/284631.html
318,[상품시세] 중고차,https://news.naver.com/main/read.naver?mode=LSD&mid=sec&sid1=101&oid=009&aid=0000195764
319,"[상품시세] 중고차, 연말 비수기 전차종 하락세",https://news.naver.com/main/read.naver?mode=LSD&mid=sec&sid1=101&oid=009&aid=0000177377
320,[교통문화도 월드컵시대]목받침대 잘하면 부상 막는다,https://news.naver.com/main/read.naver?mode=LSD&mid=sec&sid1=102&oid=020&aid=0000093555
321,[상품시세] 중고차/가전 제품/컴퓨터 용품,https://news.naver.com/main/read.naver?mode=LSD&mid=sec&sid1=101&oid=009&aid=0000133702
322,[상품시세] 중고차/가전제품/컴퓨터 용품,https://news.naver.com/main/read.naver?mode=LSD&mid=sec&sid1=101&oid=009&aid=0000127894
323,"한국차 3사, 카이로 모터쇼에 새모델 대거 전시",https://news.naver.com/main/read.naver?mode=LSD&mid=sec&sid1=104&oid=001&aid=0000060406
324,"자동차업계, 내달부터 일부 차종 가격 인상",https://news.naver.com/main/read.naver?mode=LSD&mid=sec&sid1=101&oid=009&aid=0000051936
325,"[해외] ""한국차 미국서 잘 나간다""-AWSJ",https://news.naver.com/main/read.naver?mode=LSD&mid=sec&sid1=101&oid=008&aid=0000010151
326,“아반테 美 대학생에게 가장 좋은 차” <포브스>,http://www.heraldbiz.com/SITE/data/html_dir/2007/08/17/200708170052.asp
327,미국 `노후 자동차의 나라' 되나,https://news.naver.com/main/read.naver?mode=LSD&mid=sec&sid1=104&oid=001&aid=0005206806
328,현대車 미국시장서 판매량 11% 껑충,https://news.naver.com/main/read.naver?mode=LSD&mid=sec&sid1=101&oid=016&aid=0000168133
329,"뉴코란도, 사고시 손해 제일 적다",https://news.naver.com/main/read.naver?mode=LSD&mid=sec&sid1=103&oid=018&aid=0000206856
330,"현대차 아반떼, 대학생에게 좋은 차 1위-포브스",http://www.edaily.co.kr/news/newspath.asp?newsid=01436646583228304
331,미국 `노후 자동차의 나라' 되나,https://news.naver.com/main/read.naver?mode=LSD&mid=sec&sid1=104&oid=001&aid=0005206806
332,현대車 미국시장서 판매량 11% 껑충,https://news.naver.com/main/read.naver?mode=LSD&mid=sec&sid1=101&oid=016&aid=0000168133
333,"뉴코란도, 사고시 손해 제일 적다",https://news.naver.com/main/read.naver?mode=LSD&mid=sec&sid1=103&oid=018&aid=0000206856
334,미국 판매 저가차량 세 대 중 한 대는 한국차,https://news.naver.com/main/read.naver?mode=LSD&mid=sec&sid1=111&oid=011&aid=0000007309
335,저가 美製승용차 자국시장 ‘씽씽’,https://news.naver.com/main/read.naver?mode=LSD&mid=sec&sid1=101&oid=014&aid=0000095154
336,"한국산 중저가 자동차 미주 판매량 3,4위",https://news.naver.com/main/read.naver?mode=LSD&mid=sec&sid1=101&oid=013&aid=0000010636
337,[오토월드]자동차 연말세일 줄어든다…차대번호 연식 변경,https://news.naver.com/main/read.naver?mode=LSD&mid=sec&sid1=101&oid=020&aid=0000213662
338,자동차 할부금 유예 확산,https://news.naver.com/main/read.naver?mode=LSD&mid=sec&sid1=101&oid=009&aid=0000326408
339,"[거래소] 현대오토넷, 할인요인 해소 '목표가 4천원'-LG",https://news.naver.com/main/read.naver?mode=LSD&mid=sec&sid1=101&oid=008&aid=0000314604
340,승용차 1500cc급 명예퇴진 할듯…수출용 1600cc대체 예상,https://news.naver.com/main/read.naver?mode=LSD&mid=sec&sid1=101&oid=020&aid=0000196940
341,중고차 지금 사면 돈번다,https://news.naver.com/main/read.naver?mode=LSD&mid=sec&sid1=101&oid=014&aid=0000075015
342,자동차업계 '6월 판촉전' 뜨겁다 .. 내수부진 타개 각종 이벤트 풍성,https://news.naver.com/main/read.naver?mode=LSD&mid=sec&sid1=101&oid=015&aid=0000622939
343,"중형승용차, 재고 급증..차업계 수익성악화 심화",https://news.naver.com/main/read.naver?mode=LSD&mid=sec&sid1=101&oid=018&aid=0000028818
344,"[기업] 중고차 ""4개월 판매 감소""",https://news.naver.com/main/read.naver?mode=LSD&mid=sec&sid1=101&oid=008&aid=0000262771
345,[자동차]고유가시대 새차 고르기,https://news.naver.com/main/read.naver?mode=LSD&mid=sec&sid1=110&oid=028&aid=0000010821
346,[2003 大예측] 업종별 전망 : 車수출 '활짝'...造船도 '기지개',https://news.naver.com/main/read.naver?mode=LSD&mid=sec&sid1=101&oid=015&aid=0000581440
347,<내년 차생산 320만대..사상최대 전망>,https://news.naver.com/main/read.naver?mode=LSD&mid=sec&sid1=101&oid=001&aid=0000290018
348,[거래소] 車수출 올해 160만대 돌파 전망,https://news.naver.com/main/read.naver?mode=LSD&mid=sec&sid1=101&oid=008&aid=0000202809
349,"[거래소] 현대차,美 8월판매량 4만대..사상최고",https://news.naver.com/main/read.naver?mode=LSD&mid=sec&sid1=101&oid=008&aid=0000202520
350,"[거래소] 현대차,美 8월판매량 4만대..사상최고",https://news.naver.com/main/read.naver?mode=LSD&mid=sec&sid1=101&oid=008&aid=0000202520
351,중고차 가격 10% 하락,https://news.naver.com/main/read.naver?mode=LSD&mid=sec&sid1=111&oid=009&aid=0000218972
352,중고차 값 오름세,https://news.naver.com/main/read.naver?mode=LSD&mid=sec&sid1=111&oid=009&aid=0000207266
353,[상품시세] 가전/컴퓨터/중고차,https://news.naver.com/main/read.naver?mode=LSD&mid=sec&sid1=101&oid=009&aid=0000193761
354,중고차값 하락세 지속..하락폭은 줄어,https://news.naver.com/main/read.naver?mode=LSD&mid=sec&sid1=101&oid=001&aid=0000129374
355,[상품시세] 중고차,https://news.naver.com/main/read.naver?mode=LSD&mid=sec&sid1=101&oid=009&aid=0000190653
356,"현대모비스, 내장형 핸즈프리 시판",https://news.naver.com/main/read.naver?mode=LSD&mid=sec&sid1=101&oid=009&aid=0000181017
357,광고 배경음악 모음 ‘CF클래식’ 나왔다,https://news.naver.com/main/read.naver?mode=LSD&mid=sec&sid1=106&oid=005&aid=0000064083
358,[1월 인기상품] 롯데 자일리톨껌 1위 고수,https://news.naver.com/main/read.naver?mode=LSD&mid=sec&sid1=101&oid=009&aid=0000095392
359,사진전송일지 (17일 09:00 - 19:00),https://news.naver.com/main/read.naver?mode=LSD&mid=sec&sid1=111&oid=001&aid=0000043231
360,"현대모비스, 내장형 핸즈프리 시판",https://news.naver.com/main/read.naver?mode=LSD&mid=sec&sid1=101&oid=009&aid=0000181017
361,광고 배경음악 모음 ‘CF클래식’ 나왔다,https://news.naver.com/main/read.naver?mode=LSD&mid=sec&sid1=106&oid=005&aid=0000064083
362,[1월 인기상품] 롯데 자일리톨껌 1위 고수,https://news.naver.com/main/read.naver?mode=LSD&mid=sec&sid1=101&oid=009&aid=0000095392
363,사진전송일지 (17일 09:00 - 19:00),https://news.naver.com/main/read.naver?mode=LSD&mid=sec&sid1=111&oid=001&aid=0000043231
364,"차량판매가 내달 인상, 새 가스장치 적용영향",https://news.naver.com/main/read.naver?mode=LSD&mid=sec&sid1=101&oid=005&aid=0000023208
365,"환경부, 10월부터 자동차 환경규제 강화...업계 비상",https://news.naver.com/main/read.naver?mode=LSD&mid=sec&sid1=101&oid=009&aid=0000050589
366,車값 10월부터 인상될 듯,https://news.naver.com/main/read.naver?mode=LSD&mid=sec&sid1=101&oid=009&aid=0000041936
367,자동차 10월부터 가격인상,https://news.naver.com/main/read.naver?mode=LSD&mid=sec&sid1=101&oid=015&aid=0000269842
368,10월부터 자동차가격 일제히 인상,https://news.naver.com/main/read.naver?mode=LSD&mid=sec&sid1=101&oid=015&aid=0000268933
369,한국차 3사 美판매 “신기록”,https://news.naver.com/main/read.naver?mode=LSD&mid=sec&sid1=101&oid=005&aid=0000004810
370,10월부터 자동차가격 일제히 인상,https://news.naver.com/main/read.naver?mode=LSD&mid=sec&sid1=101&oid=015&aid=0000268933
371,한국차 3사 美판매 “신기록”,https://news.naver.com/main/read.naver?mode=LSD&mid=sec&sid1=101&oid=005&aid=0000004810
372,러 `짝퉁 라세티` 기어이 시판,http://news.mk.co.kr/news_forward.php?no=491104&year=2009
373,[비즈파일]스펙트라 미 충돌테스트서 별 5개,https://news.naver.com/main/read.naver?mode=LSD&mid=sec&sid1=101&oid=020&aid=0000058900
374,30대 한인여성 다중 충돌사고로 숨져,http://www.radiokorea.com/news/news_view.asp?category=quick_news&seq=22144
375,"""한국산 소형차, 미국서 인기 급상승""",http://mbn.mk.co.kr/news/newsRead.php?vodCode=372613&category=mbn00000
376,"韓·日, 美 車시장점유율 42.1%로 사상최대",http://www.moneytoday.co.kr/view/mtview.php?type=1&no=2007020214284541318&outlink=1
377,"""사이드에어백, 상당한 효과""<美 IIHS>",https://news.naver.com/main/read.naver?mode=LSD&mid=sec&sid1=103&oid=001&aid=0001273247
378,"옥션, 여성운전자 위한 '중고차량 특별 기획전'",http://www.inews24.com/php/news_view.php?g_serial=194727&g_menu=020100
379,[하나금융투자] 기아차 - 3분기 기대치 웃돌 전망·내년 SUV 라인업 전면교체 주목,http://www.betanews.net:8080/article/1056192.html
380,"옥션, 여성운전자 위한 '중고차량 특별 기획전'",http://www.inews24.com/php/news_view.php?g_serial=194727&g_menu=020100
381,[하나금융투자] 기아차 - 3분기 기대치 웃돌 전망·내년 SUV 라인업 전면교체 주목,http://www.betanews.net:8080/article/1056192.html
382,"러,""北의 평화적 핵에너지 이용은 보장돼야""",https://news.naver.com/main/read.naver?mode=LSD&mid=sec&sid1=100&oid=079&aid=0000050785
383,"주한 러시아 대사,""영화 '태극기 휘날리며' 매우 인상적""",https://news.naver.com/main/read.naver?mode=LSD&mid=sec&sid1=100&oid=079&aid=0000050781
384,"옥션, '베스트 중고차 딜러 총출동전' 개최",https://news.naver.com/main/read.naver?mode=LSD&mid=sec&sid1=105&oid=031&aid=0000061013
385,"기아차[00270], 하반기 스펙트라 후속모델 출시계획(2보)",https://news.naver.com/main/read.naver?mode=LSD&mid=sec&sid1=101&oid=001&aid=0000373336
386,우신시스템 55억 자동차 차세설비 공급계약,https://news.naver.com/main/read.naver?mode=LSD&mid=sec&sid1=101&oid=018&aid=0000230856
387,"우신시스템, 55억 러시아 프로젝트 수주",https://news.naver.com/main/read.naver?mode=LSD&mid=sec&sid1=101&oid=008&aid=0000482868
388,[뉴욕투데이] 맨해튼의 봄 바람,https://news.naver.com/main/read.naver?mode=LSD&mid=sec&sid1=101&oid=008&aid=0000395646
389,소형차 과세기준 내년 7월부터 1600㏄로 상향조정…車업계 연구비 550억 절감,https://news.naver.com/main/read.naver?mode=LSD&mid=sec&oid=014&aid=0000114163
390,소형차 과세기준 내년 7월부터 1600㏄로 상향조정…車업계 연구비 550억 절감,https://news.naver.com/main/read.naver?mode=LSD&mid=sec&oid=014&aid=0000114163
391,국내자동차 디젤차량 비중 50% 육박,https://news.naver.com/main/read.naver?mode=LSD&mid=sec&sid1=101&oid=018&aid=0000125493
392,해외 모터.가전쇼 마케팅 강화..자동차.가전 올해도 수출 효자,https://news.naver.com/main/read.naver?mode=LSD&mid=sec&sid1=101&oid=015&aid=0000673385
393,車업계 ‘연말 할인마케팅’시동,https://news.naver.com/main/read.naver?mode=LSD&mid=sec&sid1=111&oid=014&aid=0000097573
394,[클릭머니] 자동차 앞다퉈 할인판매,https://news.naver.com/main/read.naver?mode=LSD&mid=sec&sid1=115&oid=055&aid=0000012641
395,공기필터 기준미달,https://news.naver.com/main/read.naver?mode=LSD&mid=sec&sid1=101&oid=019&aid=0000036460
396,"<현대차, 르노삼성 비교광고에 '발끈'>",https://news.naver.com/main/read.naver?mode=LSD&mid=sec&sid1=101&oid=001&aid=0000471382
397,‘디젤바람’…경유차 잘 팔린다,https://news.naver.com/main/read.naver?mode=LSD&mid=sec&sid1=101&oid=014&aid=0000086676
398,일가족 3명 쇠사슬에 묶여 숨져,https://news.naver.com/main/read.naver?mode=LSD&mid=sec&sid1=129&oid=052&aid=0000010819
399,중고차 가격 계속 추락,https://news.naver.com/main/read.naver?mode=LSD&mid=sec&sid1=101&oid=001&aid=0000447966
400,중고차 가격 계속 추락,https://news.naver.com/main/read.naver?mode=LSD&mid=sec&sid1=101&oid=001&aid=0000447966
401,"패션몰 ""추석빔 사고 경품 타세요""..노트북.디카.냉장고부터 오픈카까지",https://news.naver.com/main/read.naver?mode=LSD&mid=sec&sid1=101&oid=015&aid=0000640520
402,[코스닥 공시] 위다스 外,https://news.naver.com/main/read.naver?mode=LSD&mid=sec&sid1=101&oid=014&aid=0000077420
403,르노삼성 'SM3' 美충돌테스트 최우수등급,https://news.naver.com/main/read.naver?mode=LSD&mid=sec&sid1=101&oid=020&aid=0000187557
404,“SM3 美 정면충돌 테스트 최고등급”,https://news.naver.com/main/read.naver?mode=LSD&mid=sec&sid1=101&oid=014&aid=0000067284
405,이색 경매 늘어난다,https://news.naver.com/main/read.naver?mode=LSD&mid=sec&sid1=111&oid=009&aid=0000291639
406,"옥션, 중고차 경매 서비스 오픈",https://news.naver.com/main/read.naver?mode=LSD&mid=sec&sid1=105&oid=030&aid=0000029625
407,"[기업] 옥션, 인기 중고차 인터넷경매",https://news.naver.com/main/read.naver?mode=LSD&mid=sec&sid1=101&oid=008&aid=0000279294
408,경쟁력있는 중고車 ‘따로 있다’,https://news.naver.com/main/read.naver?mode=LSD&mid=sec&sid1=101&oid=032&aid=0000010232
409,GM대우 웃고 르노삼성 울고,https://news.naver.com/main/read.naver?mode=LSD&mid=sec&sid1=100&oid=021&aid=0000018608
410,"옥션, 인기 중고자동차 인터넷경매",https://news.naver.com/main/read.naver?mode=LSD&mid=sec&sid1=105&oid=031&aid=0000022932
411,경쟁력있는 중고車 ‘따로 있다’,https://news.naver.com/main/read.naver?mode=LSD&mid=sec&sid1=101&oid=032&aid=0000010232
412,GM대우 웃고 르노삼성 울고,https://news.naver.com/main/read.naver?mode=LSD&mid=sec&sid1=100&oid=021&aid=0000018608
413,GM대우 ‘라세티’ 비방광고 혐의로 제소 당해,https://news.naver.com/main/read.naver?mode=LSD&mid=sec&sid1=101&oid=032&aid=0000006016
414,준중형車 시장 3파전 돌입,https://news.naver.com/main/read.naver?mode=LSD&mid=sec&sid1=101&oid=005&aid=0000127684
415,"[기업] SM3,준중형 M/S 30%목표-오부사장",https://news.naver.com/main/read.naver?mode=LSD&mid=sec&sid1=101&oid=008&aid=0000226039
416,[2002 서울모터쇼] 볼만한 차 : 'GM대우차'..'라세티' 전격발표,https://news.naver.com/main/read.naver?mode=LSD&mid=sec&sid1=101&oid=015&aid=0000569259
417,GM대우 첫 차 양산개시,https://news.naver.com/main/read.naver?mode=LSD&mid=sec&sid1=101&oid=009&aid=0000255271
418,"브랜드스톡, 규등록 LG이숍.CJ몰 첫날 나란히 상한가기록",https://news.naver.com/main/read.naver?mode=LSD&mid=sec&sid1=105&oid=029&aid=0000001899
419,"브랜드스톡, 규등록 LG이숍.CJ몰 첫날 나란히 상한가기록",https://news.naver.com/main/read.naver?mode=LSD&mid=sec&sid1=105&oid=029&aid=0000001316
420,"브랜드스톡, 규등록 LG이숍.CJ몰 첫날 나란히 상한가기록",https://news.naver.com/main/read.naver?mode=LSD&mid=sec&sid1=105&oid=029&aid=0000001316
421,[기업] SM3 판매전략을 해부하면..,https://news.naver.com/main/read.naver?mode=LSD&mid=sec&sid1=101&oid=008&aid=0000201398
422,르노삼성차 SM3 가격 898만-1111만원 결정,https://news.naver.com/main/read.naver?mode=LSD&mid=sec&sid1=101&oid=015&aid=0000543198
423,르노삼성 SM3 최저가 898만원,https://news.naver.com/main/read.naver?mode=LSD&mid=sec&sid1=101&oid=009&aid=0000238785
424,[표] 9월 출시 예정 신차,https://news.naver.com/main/read.naver?mode=LSD&mid=sec&sid1=101&oid=009&aid=0000238344
425,[표] 특소세 인하 가능 차종,https://news.naver.com/main/read.naver?mode=LSD&mid=sec&sid1=101&oid=009&aid=0000236830
426,"준중형車시장 공략 시동..르노삼성, SM3 양산돌입",https://news.naver.com/main/read.naver?mode=LSD&mid=sec&sid1=101&oid=015&aid=0000525241
427,[자동차]르노삼성 SM3 첫선,https://news.naver.com/main/read.naver?mode=LSD&mid=sec&sid1=101&oid=020&aid=0000138722
428,준중형 ‘SM3’ 출고 두달앞서 예약판매 눈길,https://news.naver.com/main/read.naver?mode=LSD&mid=sec&sid1=103&oid=005&aid=0000109264
429,르노삼성 SM3 '바람몰이',https://news.naver.com/main/read.naver?mode=LSD&mid=sec&sid1=101&oid=009&aid=0000218581
430,차이름만 들어도 성능까지 안다?,https://news.naver.com/main/read.naver?mode=LSD&mid=sec&sid1=103&oid=014&aid=0000015458
431,[재계 2002년 경영전략-르노삼성자동차] SM5 이어 SM3 판매 1위 노려,https://news.naver.com/main/read.naver?mode=LSD&mid=sec&sid1=101&oid=014&aid=0000001171
432,[표] 2001년형 자동차 모델,https://news.naver.com/main/read.naver?mode=LSD&mid=sec&sid1=101&oid=009&aid=0000078405
433,올 車개발비 537% 늘어,https://news.naver.com/main/read.naver?mode=LSD&mid=sec&sid1=101&oid=009&aid=0000047629
434,자동차업계 올해 연구개발비 537% 증가,https://news.naver.com/main/read.naver?mode=LSD&mid=sec&sid1=101&oid=001&aid=0000025839
435,"인터넷업체, 오프라인서 '승부수'",https://news.naver.com/main/read.naver?mode=LSD&mid=sec&sid1=101&oid=020&aid=0000022763
436,사진전송일지 <30일 08:00-16:00>,https://news.naver.com/main/read.naver?mode=LSD&mid=sec&sid1=111&oid=001&aid=0000005893
437,[신영증권]기아차 - 하반기 신차 모멘텀 확대 예상·목표주가 55000원으로 상향,http://www.betanews.net:8080/article/1023710.html
438,"엔카닷컴, 90-00년대 인기차 조사…국내 대중화 이끈 '티코' 1위",http://www.metroseoul.co.kr/article/20200831500233
439,"[오종훈의 자동차 현대사] 현대-기아차 플랫폼 공유의 첫 발 ‘쎄라토’,",http://www.hankookilbo.com/news/npath/201811201090769373?did=NA
440,"엔카닷컴, 90-00년대 인기차 조사…국내 대중화 이끈 '티코' 1위",http://www.metroseoul.co.kr/article/20200831500233
441,"[오종훈의 자동차 현대사] 현대-기아차 플랫폼 공유의 첫 발 ‘쎄라토’,",http://www.hankookilbo.com/news/npath/201811201090769373?did=NA
442,기아車 키운 `경차의 힘`…모닝 100만대 돌파 초읽기,http://news.mk.co.kr/newsRead.php?year=2017&no=734922
443,"[시승기] 기아 ‘올 뉴 K3’, 아반떼 누를 수 있을까",http://www.rpm9.com/news/article.html?id=20180302090017
444,기아자동차 K5 유럽지역 수출명 '옵티마'로 결정,http://www.segye.com/Articles/NEWS/ECONOMY/Article.asp?aid=20100720000462&subctg1=&subctg2=
445,"[거래소] 기아차 ""5월 대대적 할인판매 돌입""",https://news.naver.com/main/read.naver?mode=LSD&mid=sec&sid1=101&oid=008&aid=0000278572
446,"[거래소] 기아차, '수출총력체제' 선언",https://news.naver.com/main/read.naver?mode=LSD&mid=sec&sid1=101&oid=008&aid=0000270986
447,"기아자동차 화성공장, 생산 300만대 돌파",https://news.naver.com/main/read.naver?mode=LSD&mid=sec&sid1=101&oid=009&aid=0000137283
448,"기아車, 말레이시아에 KD 진출",https://news.naver.com/main/read.naver?mode=LSD&mid=sec&sid1=101&oid=009&aid=0000099384
449,기아자동차 서울랜드서 이색 신차발표회,https://news.naver.com/main/read.naver?mode=LSD&mid=sec&sid1=101&oid=009&aid=0000011751
450,기아차 방문고객에게 경품증정,https://news.naver.com/main/read.naver?mode=LSD&mid=sec&sid1=101&oid=009&aid=0000247063
451,"기아자동차, 준중형차 말레이시아에서 조립생산",https://news.naver.com/main/read.naver?mode=LSD&mid=sec&sid1=101&oid=015&aid=0000347825
452,"[원포인트경영] 기아車, 신차 타고 데이트 하고",https://news.naver.com/main/read.naver?mode=LSD&mid=sec&sid1=101&oid=009&aid=0000070865
453,"현대·기아차, 러시아시장 공략 고삐 죈다",https://news.naver.com/main/read.naver?mode=LSD&mid=sec&sid1=101&oid=018&aid=0000280626
454,"현대·기아차 ""러시아를 최대 조립생산거점으로""",https://news.naver.com/main/read.naver?mode=LSD&mid=sec&sid1=101&oid=018&aid=0000203801
455,"기아차, 안전띠 결함으로 美서 26만대 리콜",https://news.naver.com/main/read.naver?mode=LSD&mid=sec&sid1=101&oid=008&aid=0000438153
456,기아차 美판매 작년 23만7471대,https://news.naver.com/main/read.naver?mode=LSD&mid=sec&sid1=101&oid=014&aid=0000103616
457,"""기아차, 신차효과 기대..매수 상향""-동원",https://news.naver.com/main/read.naver?mode=LSD&mid=sec&sid1=101&oid=008&aid=0000338482
458,기아車 해외 질주…SUV기종 유럽-캐나다 판매증가율 선두,https://news.naver.com/main/read.naver?mode=LSD&mid=sec&sid1=101&oid=020&aid=0000195639
459,"[거래소] 기아차, ""하이-파이브!! 페스티발""",https://news.naver.com/main/read.naver?mode=LSD&mid=sec&sid1=101&oid=008&aid=0000269127
460,"기아, 소음.승차감 개선 신차 출시",https://news.naver.com/main/read.naver?mode=LSD&mid=sec&sid1=105&oid=029&aid=0000002021
461,"기아, 소음.승차감 개선 신차 출시",https://news.naver.com/main/read.naver?mode=LSD&mid=sec&sid1=105&oid=029&aid=0000001583
462,"기아, 소음.승차감 개선 신차 출시",https://news.naver.com/main/read.naver?mode=LSD&mid=sec&sid1=105&oid=029&aid=0000001456
463,현대.기아자동차 월드컵 1주년 차값 할인,https://news.naver.com/main/read.naver?mode=LSD&mid=sec&sid1=101&oid=009&aid=0000296309
464,"[서상범기자의 아! 車!] 우리집 첫 차, 기아차 캐피탈 이야기",http://biz.heraldcorp.com/view.php?ud=20150307000050
465,"[서상범의 아! 車!] 마이카 시대 선봉장, 기아차 캐피탈 이야기",http://biz.heraldcorp.com/view.php?ud=20150304000571
466,"기아차 3종, 美 MSN 오토스 추천차종 선정",http://www.moneytoday.co.kr/view/mtview.php?type=1&no=2009032709231191119&outlink=1
467,"""현대기아차 美점유율 향상 고무적""-하나대투",http://www.newspim.com/sub_view.php?cate1=1&cate2=9&news_id=207053
468,"현대기아차 12종, 美 카북 최우수차로 선정돼",http://www.newspim.com/sub_view.php?cate1=6&cate2=1&news_id=134803
469,기아차 7개차종 美 '카북' 선정 '최우수 추천차종',http://sports.chosun.com/news/ntype.htm?ut=1&name=/news/life/200803/20080318/83r31002.htm
470,"기아차 7개 차종, 美 '카북' 2008 최우수 추천차종 선정",http://www.e-today.co.kr/200707/news/newsview.php?TM=news&SM=0101&idxno=159760
471,美 '카북'서 기아차 7개 차종 최우수 추천,https://news.naver.com/main/read.naver?mode=LSD&mid=sec&sid1=103&oid=003&aid=0002001610
472,"기아차, 미 월중판매 최고치 갱신",http://www.asiae.co.kr/uhtml/read.jsp?idxno=188305§ion=S1N6§ion2=
473,기아차 상반기 美판매 15만4천대..전년비 5.3%↑,http://www.edaily.co.kr/news/newspath.asp?newsid=01682646583191240
474,"기아차, 카북 최우수 추천 차종으로 선정",https://news.naver.com/main/read.naver?mode=LSD&mid=sec&sid1=101&oid=003&aid=0000322348
475,"[MK리더십] ""쏘나타, 옵티마에 한수 배우다""…기아의 재탄생",http://biz.newdaily.co.kr/news/article.html?no=10034360
476,[시승기]기아 세라토 시승기,http://www.journalog.net/mobidic/1257
477,현대ㆍ기아차 러 대륙공략 시동,https://news.naver.com/main/read.naver?mode=LSD&mid=sec&sid1=103&oid=029&aid=0000112955
478,"현대.기아차, 러시아 공략 강화(종합)",https://news.naver.com/main/read.naver?mode=LSD&mid=sec&sid1=101&oid=001&aid=0001081734
479,"기아차, 러시아 시장 ""씽씽"" 달린다",http://www.moneytoday.co.kr/view/mtview.php?type=1&no=2005082410464293480&outlink=1
480,"기아차, 미 월중판매 최고치 갱신",http://www.asiae.co.kr/uhtml/read.jsp?idxno=188305§ion=S1N6§ion2=
481,기아차 상반기 美판매 15만4천대..전년비 5.3%↑,http://www.edaily.co.kr/news/newspath.asp?newsid=01682646583191240
482,"기아차, 카북 최우수 추천 차종으로 선정",https://news.naver.com/main/read.naver?mode=LSD&mid=sec&sid1=101&oid=003&aid=0000322348
483,"[MK리더십] ""쏘나타, 옵티마에 한수 배우다""…기아의 재탄생",http://biz.newdaily.co.kr/news/article.html?no=10034360
484,[시승기]기아 세라토 시승기,http://www.journalog.net/mobidic/1257
485,현대ㆍ기아차 러 대륙공략 시동,https://news.naver.com/main/read.naver?mode=LSD&mid=sec&sid1=103&oid=029&aid=0000112955
486,"현대.기아차, 러시아 공략 강화(종합)",https://news.naver.com/main/read.naver?mode=LSD&mid=sec&sid1=101&oid=001&aid=0001081734
487,"기아차, 러시아 시장 ""씽씽"" 달린다",http://www.moneytoday.co.kr/view/mtview.php?type=1&no=2005082410464293480&outlink=1
488,"현대·기아, 연초 해외판매 `씽씽` - 동원",https://news.naver.com/main/read.naver?mode=LSD&mid=sec&sid1=101&oid=018&aid=0000249378
489,"기아車, 지금이 싸게 살 기회",https://news.naver.com/main/read.naver?mode=LSD&mid=sec&sid1=101&oid=015&aid=0000765844
490,[시승기]기아 세라토 시승기,http://www.journalog.net/mobidic/1257
491,현대ㆍ기아차 러 대륙공략 시동,https://news.naver.com/main/read.naver?mode=LSD&mid=sec&sid1=103&oid=029&aid=0000112955
492,"현대.기아차, 러시아 공략 강화(종합)",https://news.naver.com/main/read.naver?mode=LSD&mid=sec&sid1=101&oid=001&aid=0001081734
493,"기아차, 러시아 시장 ""씽씽"" 달린다",http://www.moneytoday.co.kr/view/mtview.php?type=1&no=2005082410464293480&outlink=1
494,"현대·기아, 연초 해외판매 `씽씽` - 동원",https://news.naver.com/main/read.naver?mode=LSD&mid=sec&sid1=101&oid=018&aid=0000249378
495,"기아車, 지금이 싸게 살 기회",https://news.naver.com/main/read.naver?mode=LSD&mid=sec&sid1=101&oid=015&aid=0000765844
496,"기아차, 7개 차종 美 카북 추천차 선정",https://news.naver.com/main/read.naver?mode=LSD&mid=sec&sid1=101&oid=001&aid=0001999143
497,[자동차]기아車 ‘월드컵 新모델’ 나와,https://news.naver.com/main/read.naver?mode=LSD&mid=sec&sid1=101&oid=020&aid=0000128230
498,"<기아차[000270], 승용",https://news.naver.com/main/read.naver?mode=LSD&mid=sec&sid1=101&oid=013&aid=0000008774
499,"기아차, 러시아에 KD 생산기반 확대(종합)",https://news.naver.com/main/read.naver?mode=LSD&mid=sec&sid1=101&oid=001&aid=0000463985
