,title,url
0,"""휴머니즘의 힘 덕분""…美 슈퍼볼서 '돌풍' 일으킨 기아 EV6 광고의 주역",https://www.hankyung.com/economy/article/202202284338i
1,[신박한 車담] 실용주의에서 디자인 기아가 되기까지…韓 자동차산업의 '아틀란티스'-기아(2),http://www.enewstoday.co.kr/news/articleView.html?idxno=1491002
2,"[신박한 車담] ""기술 하면 기아였는데""…韓 자동차산업의 '아틀란티스'-기아(1)",http://www.enewstoday.co.kr/news/articleView.html?idxno=1487084
3,"기아차, 美 세피아 브레이크 소송 패소..65억원 배상",http://www.edaily.co.kr/news/newspath.asp?newsid=01390726599565984
4,"美수출 기아차 세피아 1만대, 브레이크 결함 피소 위기",https://news.naver.com/main/read.naver?mode=LSD&mid=sec&sid1=101&oid=009&aid=0000265432
5,"美 교통안전국, 기아 세피아 리콜 검토",https://news.naver.com/main/read.naver?mode=LSD&mid=sec&sid1=104&oid=001&aid=0000438182
6,"기아 세피아, 일본 수출길 열릴듯",https://news.naver.com/main/read.naver?mode=LSD&mid=sec&sid1=101&oid=001&aid=0003848592
7,기아車 ‘세피아’ 등 30만대 리콜,https://news.naver.com/main/read.naver?mode=LSD&mid=sec&sid1=102&oid=032&aid=0000003732
8,"기아차[00270], 美서 세피아 제동장치 피소",https://news.naver.com/main/read.naver?mode=LSD&mid=sec&sid1=101&oid=001&aid=0000293209
9,"기아車, 美서 세피아 집단소송 패소",http://www.edaily.co.kr/news/newspath.asp?newsid=01154566580083768
10,"기아, 뉴세피아 판매 시작",https://news.naver.com/main/read.naver?mode=LSD&mid=sec&sid1=101&oid=001&aid=0003874754
11,"기아차 세피아, 브레이크관련 美 집단소송서 패소",http://www.mt.co.kr/view/mtview.php?type=1&no=2012062609520195033&outlink=1
12,기아차 세피아.스포티지 리콜,https://news.naver.com/main/read.naver?mode=LSD&mid=sec&sid1=101&oid=001&aid=0000293540
13,"기아자판, 세피아 등 최장 3년간 대여키로",https://news.naver.com/main/read.naver?mode=LSD&mid=sec&sid1=101&oid=001&aid=0004382797
14,"기아차, ´세피아·슈마·스포티지´ 리콜실시",https://news.naver.com/main/read.naver?mode=LSD&mid=sec&sid1=101&oid=018&aid=0000178766
15,"[거래소] 기아차, 미국서 세피아 10만대 리콜",https://news.naver.com/main/read.naver?mode=LSD&mid=sec&sid1=101&oid=008&aid=0000028184
16,기아 세피아Ⅱ 경찰순찰차로 채택,https://news.naver.com/main/read.naver?mode=LSD&mid=sec&sid1=101&oid=001&aid=0004322678
17,기아 세피아·스포티지 자발적 리콜,https://news.naver.com/main/read.naver?mode=LSD&mid=sec&sid1=101&oid=019&aid=0000013238
18,"金善弘기아회장, 인도네시아에 세피아 기증",https://news.naver.com/main/read.naver?mode=LSD&mid=sec&sid1=101&oid=001&aid=0004035658
19,세피아·슈마·스포티지 기아車 리콜,https://news.naver.com/main/read.naver?mode=LSD&mid=sec&sid1=102&oid=082&aid=0000006482
20,"[거래소] 기아차, 세피아 소송 타격 ""미미""-삼성",https://news.naver.com/main/read.naver?mode=LSD&mid=sec&sid1=101&oid=008&aid=0000235066
21,"기아 세피아, 濠 자동차랠리서 우승",https://news.naver.com/main/read.naver?mode=LSD&mid=sec&sid1=101&oid=001&aid=0004257784
22,"기아自, 97년형 세피아 판매 개시",https://news.naver.com/main/read.naver?mode=LSD&mid=sec&sid1=101&oid=001&aid=0004098952
23,"기아自 세피아, 1년만에 내수판매 10만대 기록",https://news.naver.com/main/read.naver?mode=LSD&mid=sec&sid1=101&oid=001&aid=0003719134
24,기아자동차 94년형 세피아 시판,https://news.naver.com/main/read.naver?mode=LSD&mid=sec&sid1=101&oid=001&aid=0003708743
25,"기아자동차, 유럽으로 세피아 첫 수출",https://news.naver.com/main/read.naver?mode=LSD&mid=sec&sid1=101&oid=001&aid=0003752680
26,기아 세피아-스포티지 20만대 美서 리콜,https://news.naver.com/main/read.naver?mode=LSD&mid=sec&sid1=101&oid=008&aid=0000202478
27,"기아, 2000년형 `세피아Ⅱ' `슈마' 발매",https://news.naver.com/main/read.naver?mode=LSD&mid=sec&sid1=101&oid=001&aid=0004571765
28,"기아自, 세피아 후속모델 '스펙트라' 발표",https://news.naver.com/main/read.naver?mode=LSD&mid=sec&sid1=101&oid=020&aid=0000004358
29,"기아車 세피아, 인도네시아 랠리 참가",https://news.naver.com/main/read.naver?mode=LSD&mid=sec&sid1=101&oid=001&aid=0004098915
30,"기아 세피아, 도요타 하이랜더 리콜",https://news.naver.com/main/read.naver?mode=LSD&mid=sec&sid1=104&oid=001&aid=0000218060
31,"기아 세피아, 중국 랠리 우승",https://news.naver.com/main/read.naver?mode=LSD&mid=sec&sid1=101&oid=001&aid=0004251947
32,'현대캐피탈 프랑스' 공식 출범…현대차·기아 유럽 공략 탄력,https://www.theguru.co.kr/news/article.html?no=30403
33,[하영선 칼럼] 세계 ‘최고의 차’ 반열에 오른 아이오닉5·EV6..그 의미는?,http://www.dailycar.co.kr/content/news.html?type=view&autoId=43785
34,起亞 세피아Ⅱ 12일부터 판매계약 접수,https://news.naver.com/main/read.naver?mode=LSD&mid=sec&sid1=101&oid=001&aid=0004189715
35,起亞 세피아 후속모델 18일부터 시판,https://news.naver.com/main/read.naver?mode=LSD&mid=sec&sid1=101&oid=001&aid=0004187366
36,"起亞 세피아, 獨서 소형차 만족도 1위",https://news.naver.com/main/read.naver?mode=LSD&mid=sec&sid1=101&oid=001&aid=0004028913
37,"起亞, 5월부터 세피아 본격 수출",https://news.naver.com/main/read.naver?mode=LSD&mid=sec&sid1=101&oid=001&aid=0003767594
38,"EU, ‘현대캐피탈 프랑스’ 기업결합 승인…현대차·기아 '조력자' 나서",https://www.theguru.co.kr/news/article.html?no=28742
39,起亞 세피아Ⅱ 출하기념식 개최,https://news.naver.com/main/read.naver?mode=LSD&mid=sec&sid1=101&oid=001&aid=0004185065
40,세피아 지난달 처음으로 월 1만대 판매기록,https://news.naver.com/main/read.naver?mode=LSD&mid=sec&sid1=101&oid=001&aid=0003735462
41,티코.세피아.뉴그랜저 등 중고차 감가율 낮아,https://news.naver.com/main/read.naver?mode=LSD&mid=sec&sid1=101&oid=001&aid=0004069482
42,"起亞自, 印尼서 국민차 ‘세피아’ 판매개시",https://news.naver.com/main/read.naver?mode=LSD&mid=sec&sid1=101&oid=001&aid=0004032524
43,"起亞自 세피아, 첫 미국 수출",https://news.naver.com/main/read.naver?mode=LSD&mid=sec&sid1=101&oid=001&aid=0003671299
44,기아자 미주판매 세피아 3만2천여대 리콜,https://news.naver.com/main/read.naver?mode=LSD&mid=sec&sid1=104&oid=001&aid=0004411215
45,"기아차 ""미국 내 미래 모빌리티 분야 전략 행보 지속""",http://sports.hankooki.com/lpage/economy/201911/sp20191121070015136990.htm
46,기아차 북미 거점공장…누적생산 300만대 돌파,http://www.kookje.co.kr/news2011/asp/newsbody.asp?code=0200&key=20191120.22018008410
47,기아차 텔루라이드 美서 `올해의 SUV` 품었다,http://news.mk.co.kr/newsRead.php?year=2019&no=962289
48,"정의선, 기아차 美 조지아공장 10주년 기념 '현장경영'",http://www.edaily.co.kr/news/newspath.asp?newsid=01781046622687360
49,세피아 후속모델 스펙트라 출시,https://news.naver.com/main/read.naver?mode=LSD&mid=sec&sid1=100&oid=020&aid=0000002244
50,"현대차·기아, 판매 감소에도 미국시장 점유율 상승",http://www.mediapen.com/news/view/683157
51,"현대차ㆍ기아, 美서 선방…판매 감소에도 시장 점유율은 지속 상승",https://www.etoday.co.kr/news/view/2083626
52,기아차미국판매법인 집단소송 패소,http://www.koreatimes.com/article/1192058
53,"기아차, 美 누적 판매 800만대 돌파···진출 28년만",http://www.ekn.kr/news/article.html?no=427679
54,"[르포] 부진했던 기아차 美판매법인, '텔루라이드·쏘울'로 올해 60만대 넘긴다",http://biz.newdaily.co.kr/site/data/html/2019/01/14/2019011400008.html
55,"[오종훈의 자동차 현대사] 현대-기아차 플랫폼 공유의 첫 발 ‘쎄라토’,",http://www.hankookilbo.com/news/npath/201811201090769373?did=NA
56,21년만에… 기아차 美서 600만대 판매 돌파,http://www.munhwa.com/news/view.html?no=2015120801071803012001
57,기아차 승용차 누적 판매 45년 만에 500만대 넘었다,http://app.yonhapnews.co.kr/YNA/Basic/SNS/r.aspx?c=AKR20150316137800003&did=1195m
58,"‘현대·기아·대우’ 자동차, 준중형급 족보 집중분석",http://bntnews.hankyung.com/apps/news?popup=0&nid=05&c1=05&c2=05&c3=00&nkey=201007222228233&mode=sub_view
59,기아차 국내 승용차 판매 500만대 넘었다,http://www.ekn.kr/news/article.html?no=126805
60,"기아車, 美 소비자 8039명에 600만달러 배상해야",https://news.naver.com/main/read.naver?mode=LSD&mid=sec&sid1=101&oid=003&aid=0002128956
61,"현대캐피탈, '현대캐피탈 프랑스' 설립 나선다",http://www.fntimes.com/html/view.php?ud=202112031755496010d260cda75_18
62,[MK리더십]기아차 쾌속부활의 기적,http://www.asiae.co.kr/news/view.htm?idxno=2011071411064836770
63,"현대기아차, ‘양수겸장 아닌 양수겸해치백’…유럽 시장 쌍끌이 공략",http://www.sportsworldi.com/content/html/2016/09/20/20160920003312.html?OutUrl=naver
64,기아차 美시장 판매 전진기지 'KMA',http://www.newspim.com/sub_view.php?cate1=6&cate2=1&news_id=320688
65,<備忘錄>기아車 새모델로 현대車와 신경전,https://news.naver.com/main/read.naver?mode=LSD&mid=sec&sid1=101&oid=001&aid=0003554490
66,"'브리사'로 시작한 기아차 수출, 오늘로 500만대",https://news.naver.com/main/read.naver?mode=LSD&mid=sec&sid1=103&oid=079&aid=0000030540
67,"기아自, 동남아 右핸들시장 적극 공략",https://news.naver.com/main/read.naver?mode=LSD&mid=sec&sid1=101&oid=001&aid=0004011055
68,기아자동차 美시장 진출채비,https://news.naver.com/main/read.naver?mode=LSD&mid=sec&sid1=104&oid=001&aid=0003674815
69,"현대기아차, 美 공략 새 역사 썼다",http://view.asiae.co.kr/news/view.htm?idxno=2015033108015351275
70,"현대·기아차, 美시장 누적판매 1,500만대 돌파",http://www.iusm.co.kr/news/articleView.html?idxno=585897
71,현대ㆍ기아차 인기 비밀은 차명‘ㅆ’에 있다,http://www.heraldbiz.com/SITE/data/html_dir/2007/09/12/200709120147.asp
72,"기아차, 독일 누계판매 20만대 돌파",https://news.naver.com/main/read.naver?mode=LSD&mid=sec&sid1=101&oid=004&aid=0000022262
73,"기아차, 미국시장 리콜 소식으로 반락",https://news.naver.com/main/read.naver?mode=LSD&mid=sec&sid1=101&oid=015&aid=0000545752
74,"美교통부, 현대.기아차 충돌실험결과 발표",https://news.naver.com/main/read.naver?mode=LSD&mid=sec&sid1=104&oid=001&aid=0003991027
75,"美펜실바니아 두개 로펌, 기아차 미국법인 상대 집단소송 준비중",https://news.naver.com/main/read.naver?mode=LSD&mid=sec&sid1=101&oid=015&aid=0000345927
76,현대ㆍ기아차 평택항 자동차 전용부두 준공,https://news.naver.com/main/read.naver?mode=LSD&mid=sec&sid1=102&oid=001&aid=0000016013
77,“후토모 퇴진 기아국민차사업에 영향없다”,https://news.naver.com/main/read.naver?mode=LSD&mid=sec&sid1=101&oid=001&aid=0004260997
78,<해외광고> MBC애드컴 제작 기아차 광고 美서 피소,https://news.naver.com/main/read.naver?mode=LSD&mid=sec&sid1=103&oid=001&aid=0004201528
79,"미국 車시장서 기아 호조, 현대는 부진",https://news.naver.com/main/read.naver?mode=LSD&mid=sec&sid1=101&oid=001&aid=0003944331
80,"미법원, 기아차에 560만달러 배상판결",http://mbn.mk.co.kr/news/newsRead.php?vodCode=159027&category=mbn00003
81,"기아自, 美딜러 상대 제품설명회 가져",https://news.naver.com/main/read.naver?mode=LSD&mid=sec&sid1=101&oid=001&aid=0003801231
82,현대·기아차 미국 100만대 판매 ‘눈앞’,https://news.naver.com/main/read.naver?mode=LSD&mid=sec&sid1=101&oid=086&aid=0002079706
83,"현대기아차, 올해 美 판매 100만대 넘긴다",https://news.naver.com/main/read.naver?mode=LSD&mid=sec&sid1=101&oid=001&aid=0005365114
84,"현대기아차, 미국 누적 판매 25년 만에 1천만 대 돌파",http://news20.busan.com/news/newsController.jsp?subSectionId=1010020000&newsId=20110304000253
85,[밀착분석] 기아차 쾌속질주 비결은?,https://news.naver.com/main/read.naver?mode=LSD&mid=sec&sid1=101&oid=262&aid=0000003816
86,기아 포르테 ‘아반떼 아성’에 도전장,http://www.fnnews.com/view?ra=Sent0701m_01A&corp=fnnews&arcid=080813211037&cDateYear=2008&cDateMonth=08&cDateDay=14&
87,기아 포르테 ‘아반떼 아성’에 도전장,http://www.fnnews.com/view?ra=Sent0601m_01A&corp=fnnews&arcid=0921395224&cDateYear=2008&cDateMonth=08&cDateDay=13&
88,[시승기]기아 세라토 시승기,http://www.journalog.net/mobidic/1257
89,[세계속의 한국] 스페인서도 기아차는 ‘고품격’,https://news.naver.com/main/read.naver?mode=LSD&mid=sec&sid1=103&oid=005&aid=0000227417
90,현대.기아車 美 자동차시장 공략 성공 .. 뉴욕타임스,https://news.naver.com/main/read.naver?mode=LSD&mid=sec&sid1=104&oid=015&aid=0000365993
91,힘/감각/안락...名車 나가신다 .. 새강자 야심 기아新차 '옵티마',https://news.naver.com/main/read.naver?mode=LSD&mid=sec&sid1=110&oid=015&aid=0000253554
92,기아자동차 `이색광고' 미국서 논란,https://news.naver.com/main/read.naver?mode=LSD&mid=sec&sid1=104&oid=001&aid=0004453121
93,"기아自, 터키에 자동차 합작공장 설립",https://news.naver.com/main/read.naver?mode=LSD&mid=sec&sid1=101&oid=001&aid=0004027668
94,"기아정기, 美 TRW社와 에어백 기술제휴",https://news.naver.com/main/read.naver?mode=LSD&mid=sec&sid1=101&oid=001&aid=0003968634
95,기아車 미국진출 성공 회의적--LA타임스,https://news.naver.com/main/read.naver?mode=LSD&mid=sec&sid1=104&oid=001&aid=0003515678
96,"기아自,브라질서 3년연속 최다 수입물량 배정받아",https://news.naver.com/main/read.naver?mode=LSD&mid=sec&sid1=101&oid=001&aid=0004314931
97,기아.아시아차 노조방침 따라 정상조업,https://news.naver.com/main/read.naver?mode=LSD&mid=sec&sid1=102&oid=001&aid=0004197291
98,‘세피아’부터 ‘스팅어’까지..獨 언론의 기아차 유럽 비화 재조명,http://www.dailycar.co.kr/content/news.html?type=view&autoId=32602
99,[그때 그 차들②]코란도·무쏘 지금도 10만대 이상 '씽씽',http://www.edaily.co.kr/news/newspath.asp?newsid=01154566609334808
100,기아차미국판매법인 집단소송 패소,http://www.koreatimes.com/article/1192058
101,"기아차, 美 누적 판매 800만대 돌파···진출 28년만",http://www.ekn.kr/news/article.html?no=427679
102,"[르포] 부진했던 기아차 美판매법인, '텔루라이드·쏘울'로 올해 60만대 넘긴다",http://biz.newdaily.co.kr/site/data/html/2019/01/14/2019011400008.html
103,"[오종훈의 자동차 현대사] 현대-기아차 플랫폼 공유의 첫 발 ‘쎄라토’,",http://www.hankookilbo.com/news/npath/201811201090769373?did=NA
104,21년만에… 기아차 美서 600만대 판매 돌파,http://www.munhwa.com/news/view.html?no=2015120801071803012001
105,기아차 승용차 누적 판매 45년 만에 500만대 넘었다,http://app.yonhapnews.co.kr/YNA/Basic/SNS/r.aspx?c=AKR20150316137800003&did=1195m
106,"기아차, 미국서 패소..65억원 배상",http://www.asiae.co.kr/news/view.htm?idxno=2012062610481402045
107,"‘현대·기아·대우’ 자동차, 준중형급 족보 집중분석",http://bntnews.hankyung.com/apps/news?popup=0&nid=05&c1=05&c2=05&c3=00&nkey=201007222228233&mode=sub_view
108,기아차 국내 승용차 판매 500만대 넘었다,http://www.ekn.kr/news/article.html?no=126805
109,"기아車, 美 소비자 8039명에 600만달러 배상해야",https://news.naver.com/main/read.naver?mode=LSD&mid=sec&sid1=101&oid=003&aid=0002128956
110,"기아차, 승용차 누적 판매 500만대 돌파",http://www.m-i.kr/news/articleView.html?idxno=158261
111,"기아차, 美서 브레이크결함 9천명 소송에 결국",http://news.donga.com/3/all/20120626/47298421/2
112,"기아車, 美 소비자 8039명에 600만달러 배상해야",https://news.naver.com/main/read.naver?mode=LSD&mid=sec&sid1=101&oid=003&aid=0002128956
113,"현대캐피탈, '현대캐피탈 프랑스' 설립 나선다",http://www.fntimes.com/html/view.php?ud=202112031755496010d260cda75_18
114,[MK리더십]기아차 쾌속부활의 기적,http://www.asiae.co.kr/news/view.htm?idxno=2011071411064836770
115,"현대기아차, ‘양수겸장 아닌 양수겸해치백’…유럽 시장 쌍끌이 공략",http://www.sportsworldi.com/content/html/2016/09/20/20160920003312.html?OutUrl=naver
116,기아차 美시장 판매 전진기지 'KMA',http://www.newspim.com/sub_view.php?cate1=6&cate2=1&news_id=320688
117,<備忘錄>기아車 새모델로 현대車와 신경전,https://news.naver.com/main/read.naver?mode=LSD&mid=sec&sid1=101&oid=001&aid=0003554490
118,"'브리사'로 시작한 기아차 수출, 오늘로 500만대",https://news.naver.com/main/read.naver?mode=LSD&mid=sec&sid1=103&oid=079&aid=0000030540
119,"기아自, 동남아 右핸들시장 적극 공략",https://news.naver.com/main/read.naver?mode=LSD&mid=sec&sid1=101&oid=001&aid=0004011055
120,"기아차, 국내 승용차 누적 판매 500만대 돌파",http://www.idaegu.co.kr/news.php?code=ec06&mode=view&num=158571
121,"기아차, 美서 브레이크결함 9천명 소송에 결국",http://news.donga.com/3/all/20120626/47298421/2
122,"기아車, 美 소비자 8039명에 600만달러 배상해야",https://news.naver.com/main/read.naver?mode=LSD&mid=sec&sid1=101&oid=003&aid=0002128956
123,"현대캐피탈, '현대캐피탈 프랑스' 설립 나선다",http://www.fntimes.com/html/view.php?ud=202112031755496010d260cda75_18
124,[MK리더십]기아차 쾌속부활의 기적,http://www.asiae.co.kr/news/view.htm?idxno=2011071411064836770
125,"현대기아차, ‘양수겸장 아닌 양수겸해치백’…유럽 시장 쌍끌이 공략",http://www.sportsworldi.com/content/html/2016/09/20/20160920003312.html?OutUrl=naver
126,기아차 美시장 판매 전진기지 'KMA',http://www.newspim.com/sub_view.php?cate1=6&cate2=1&news_id=320688
127,<備忘錄>기아車 새모델로 현대車와 신경전,https://news.naver.com/main/read.naver?mode=LSD&mid=sec&sid1=101&oid=001&aid=0003554490
128,"'브리사'로 시작한 기아차 수출, 오늘로 500만대",https://news.naver.com/main/read.naver?mode=LSD&mid=sec&sid1=103&oid=079&aid=0000030540
129,"기아自, 동남아 右핸들시장 적극 공략",https://news.naver.com/main/read.naver?mode=LSD&mid=sec&sid1=101&oid=001&aid=0004011055
130,기아자동차 美시장 진출채비,https://news.naver.com/main/read.naver?mode=LSD&mid=sec&sid1=104&oid=001&aid=0003674815
131,"현대기아차, 美 공략 새 역사 썼다",http://view.asiae.co.kr/news/view.htm?idxno=2015033108015351275
132,"기아차, 美 시장 공략 전진기지 가보니…",http://www.moneytoday.co.kr/view/mtview.php?type=1&no=2010022223231500577&outlink=1
133,"현대·기아차, 美시장 누적판매 1,500만대 돌파",http://www.iusm.co.kr/news/articleView.html?idxno=585897
134,현대ㆍ기아차 인기 비밀은 차명‘ㅆ’에 있다,http://www.heraldbiz.com/SITE/data/html_dir/2007/09/12/200709120147.asp
135,"기아차, 독일 누계판매 20만대 돌파",https://news.naver.com/main/read.naver?mode=LSD&mid=sec&sid1=101&oid=004&aid=0000022262
136,기아차 美서 또 리콜될 듯,https://news.naver.com/main/read.naver?mode=LSD&mid=sec&sid1=104&oid=001&aid=0000437980
137,"기아차, 미국시장 리콜 소식으로 반락",https://news.naver.com/main/read.naver?mode=LSD&mid=sec&sid1=101&oid=015&aid=0000545752
138,"美교통부, 현대.기아차 충돌실험결과 발표",https://news.naver.com/main/read.naver?mode=LSD&mid=sec&sid1=104&oid=001&aid=0003991027
139,"美펜실바니아 두개 로펌, 기아차 미국법인 상대 집단소송 준비중",https://news.naver.com/main/read.naver?mode=LSD&mid=sec&sid1=101&oid=015&aid=0000345927
140,미국에서 가장 많이 팔린 현대·기아차는?,http://www.khan.co.kr/kh_news/art_view.html?artid=201503310858171&code=920508
141,"기아차, 美 시장 공략 전진기지 가보니…",http://www.moneytoday.co.kr/view/mtview.php?type=1&no=2010022223231500577&outlink=1
142,"현대·기아차, 美시장 누적판매 1,500만대 돌파",http://www.iusm.co.kr/news/articleView.html?idxno=585897
143,현대ㆍ기아차 인기 비밀은 차명‘ㅆ’에 있다,http://www.heraldbiz.com/SITE/data/html_dir/2007/09/12/200709120147.asp
144,"기아차, 독일 누계판매 20만대 돌파",https://news.naver.com/main/read.naver?mode=LSD&mid=sec&sid1=101&oid=004&aid=0000022262
145,기아차 美서 또 리콜될 듯,https://news.naver.com/main/read.naver?mode=LSD&mid=sec&sid1=104&oid=001&aid=0000437980
146,"기아차, 미국시장 리콜 소식으로 반락",https://news.naver.com/main/read.naver?mode=LSD&mid=sec&sid1=101&oid=015&aid=0000545752
147,"美교통부, 현대.기아차 충돌실험결과 발표",https://news.naver.com/main/read.naver?mode=LSD&mid=sec&sid1=104&oid=001&aid=0003991027
148,"美펜실바니아 두개 로펌, 기아차 미국법인 상대 집단소송 준비중",https://news.naver.com/main/read.naver?mode=LSD&mid=sec&sid1=101&oid=015&aid=0000345927
149,현대ㆍ기아차 평택항 자동차 전용부두 준공,https://news.naver.com/main/read.naver?mode=LSD&mid=sec&sid1=102&oid=001&aid=0000016013
150,"기아차, 미국시장 리콜 소식으로 반락",https://news.naver.com/main/read.naver?mode=LSD&mid=sec&sid1=101&oid=015&aid=0000545752
151,"美교통부, 현대.기아차 충돌실험결과 발표",https://news.naver.com/main/read.naver?mode=LSD&mid=sec&sid1=104&oid=001&aid=0003991027
152,"美펜실바니아 두개 로펌, 기아차 미국법인 상대 집단소송 준비중",https://news.naver.com/main/read.naver?mode=LSD&mid=sec&sid1=101&oid=015&aid=0000345927
153,현대ㆍ기아차 평택항 자동차 전용부두 준공,https://news.naver.com/main/read.naver?mode=LSD&mid=sec&sid1=102&oid=001&aid=0000016013
154,“후토모 퇴진 기아국민차사업에 영향없다”,https://news.naver.com/main/read.naver?mode=LSD&mid=sec&sid1=101&oid=001&aid=0004260997
155,<해외광고> MBC애드컴 제작 기아차 광고 美서 피소,https://news.naver.com/main/read.naver?mode=LSD&mid=sec&sid1=103&oid=001&aid=0004201528
156,"미국 車시장서 기아 호조, 현대는 부진",https://news.naver.com/main/read.naver?mode=LSD&mid=sec&sid1=101&oid=001&aid=0003944331
157,"미법원, 기아차에 560만달러 배상판결",http://mbn.mk.co.kr/news/newsRead.php?vodCode=159027&category=mbn00003
158,"기아自, 美딜러 상대 제품설명회 가져",https://news.naver.com/main/read.naver?mode=LSD&mid=sec&sid1=101&oid=001&aid=0003801231
159,현대·기아차 미국 100만대 판매 ‘눈앞’,https://news.naver.com/main/read.naver?mode=LSD&mid=sec&sid1=101&oid=086&aid=0002079706
160,"현대기아차, 올해 美 판매 100만대 넘긴다",https://news.naver.com/main/read.naver?mode=LSD&mid=sec&sid1=101&oid=001&aid=0005365114
161,"현대기아차, 미국 누적 판매 25년 만에 1천만 대 돌파",http://news20.busan.com/news/newsController.jsp?subSectionId=1010020000&newsId=20110304000253
162,[밀착분석] 기아차 쾌속질주 비결은?,https://news.naver.com/main/read.naver?mode=LSD&mid=sec&sid1=101&oid=262&aid=0000003816
163,기아 포르테 ‘아반떼 아성’에 도전장,http://www.fnnews.com/view?ra=Sent0701m_01A&corp=fnnews&arcid=080813211037&cDateYear=2008&cDateMonth=08&cDateDay=14&
164,기아 포르테 ‘아반떼 아성’에 도전장,http://www.fnnews.com/view?ra=Sent0601m_01A&corp=fnnews&arcid=0921395224&cDateYear=2008&cDateMonth=08&cDateDay=13&
165,[시승기]기아 세라토 시승기,http://www.journalog.net/mobidic/1257
166,[세계속의 한국] 스페인서도 기아차는 ‘고품격’,https://news.naver.com/main/read.naver?mode=LSD&mid=sec&sid1=103&oid=005&aid=0000227417
167,현대.기아車 美 자동차시장 공략 성공 .. 뉴욕타임스,https://news.naver.com/main/read.naver?mode=LSD&mid=sec&sid1=104&oid=015&aid=0000365993
168,"현대.기아차, 평택항 차수출 전용부두 준공",https://news.naver.com/main/read.naver?mode=LSD&mid=sec&sid1=101&oid=009&aid=0000031724
169,힘/감각/안락...名車 나가신다 .. 새강자 야심 기아新차 '옵티마',https://news.naver.com/main/read.naver?mode=LSD&mid=sec&sid1=110&oid=015&aid=0000253554
170,"현대.기아차, 평택항 차수출 전용부두 준공",https://news.naver.com/main/read.naver?mode=LSD&mid=sec&sid1=101&oid=009&aid=0000031724
171,힘/감각/안락...名車 나가신다 .. 새강자 야심 기아新차 '옵티마',https://news.naver.com/main/read.naver?mode=LSD&mid=sec&sid1=110&oid=015&aid=0000253554
172,기아자동차 `이색광고' 미국서 논란,https://news.naver.com/main/read.naver?mode=LSD&mid=sec&sid1=104&oid=001&aid=0004453121
173,"기아自, 터키에 자동차 합작공장 설립",https://news.naver.com/main/read.naver?mode=LSD&mid=sec&sid1=101&oid=001&aid=0004027668
174,"기아정기, 美 TRW社와 에어백 기술제휴",https://news.naver.com/main/read.naver?mode=LSD&mid=sec&sid1=101&oid=001&aid=0003968634
175,기아車 미국진출 성공 회의적--LA타임스,https://news.naver.com/main/read.naver?mode=LSD&mid=sec&sid1=104&oid=001&aid=0003515678
176,"기아, 준중형 신차 `스펙트라' 명명",https://news.naver.com/main/read.naver?mode=LSD&mid=sec&sid1=101&oid=001&aid=0000001475
177,"기아自,브라질서 3년연속 최다 수입물량 배정받아",https://news.naver.com/main/read.naver?mode=LSD&mid=sec&sid1=101&oid=001&aid=0004314931
178,기아.아시아차 노조방침 따라 정상조업,https://news.naver.com/main/read.naver?mode=LSD&mid=sec&sid1=102&oid=001&aid=0004197291
179,"기아차, 美 조지아공장 10주년 기념식…정의선 부회장 ""10년간 직원들 열정 감사""",http://www.metroseoul.co.kr/news/newsview?newscd=2019111900001
180,‘세피아’부터 ‘스팅어’까지..獨 언론의 기아차 유럽 비화 재조명,http://www.dailycar.co.kr/content/news.html?type=view&autoId=32602
181,[그때 그 차들②]코란도·무쏘 지금도 10만대 이상 '씽씽',http://www.edaily.co.kr/news/newspath.asp?newsid=01154566609334808
182,"EV6, 美 슈퍼볼 광고 대박…""신기술에 휴머니즘 담았다""",https://www.hankyung.com/economy/article/2022022850591
183,[CAR/석동빈 기자의 DRIVEN]K3,http://news.donga.com/3/all/20121121/51002429/1
184,"대통령과 장관, 퇴근 후엔 어떤차 탈까",http://www.moneytoday.co.kr/view/mtview.php?type=1&no=2011032515061829500&outlink=1
185,[CAR&] 당신을 사로잡을 뉴 쏘나타ㆍSM5,http://news.mk.co.kr/news_forward.php?no=446957&year=2009
186,"건교부, 소형 자동차 충돌시험 결과 발표",https://news.naver.com/main/read.naver?mode=LSD&mid=sec&sid1=101&oid=001&aid=0004500258
187,"起亞自, 다양한 변형모델 시판",https://news.naver.com/main/read.naver?mode=LSD&mid=sec&sid1=101&oid=001&aid=0003939620
188,[박스]한국차 美시장 판매 호황,https://news.naver.com/main/read.naver?mode=LSD&mid=sec&sid1=104&oid=001&aid=0003821404
189,국산차 미국 판매가 미국차보다 높다,https://news.naver.com/main/read.naver?mode=LSD&mid=sec&sid1=101&oid=001&aid=0003872133
190,고급 소형차시장 판매경쟁 가열,https://news.naver.com/main/read.naver?mode=LSD&mid=sec&sid1=101&oid=001&aid=0003616928
191,자동차 3社 가을철 자동차 판촉전 치열,https://news.naver.com/main/read.naver?mode=LSD&mid=sec&sid1=101&oid=001&aid=0003598649
192,準중형차 시장 쟁탈전 치열할 듯,https://news.naver.com/main/read.naver?mode=LSD&mid=sec&sid1=101&oid=001&aid=0003589567
193,국산車 ‘내우외환’,https://news.naver.com/main/read.naver?mode=LSD&mid=sec&sid1=101&oid=005&aid=0000046164
194,승용차 20만~50만원 상승 .. 쏘나타/아반떼 변동 없어,https://news.naver.com/main/read.naver?mode=LSD&mid=sec&sid1=101&oid=015&aid=0000002424
195,[Car World] 新車 봇물...어떤 모델로 바꿔볼까,https://news.naver.com/main/read.naver?mode=LSD&mid=sec&sid1=103&oid=009&aid=0000001701
196,중고 국산 대형승용차값 하락세,https://news.naver.com/main/read.naver?mode=LSD&mid=sec&sid1=101&oid=001&aid=0004180776
197,<回轉木馬> MBC애드컴 起亞新車 발표회 무료지원,https://news.naver.com/main/read.naver?mode=LSD&mid=sec&sid1=101&oid=001&aid=0004182031
198,특별할인판매로 起亞車 동난다,https://news.naver.com/main/read.naver?mode=LSD&mid=sec&sid1=101&oid=001&aid=0004142576
199,起亞 재고차 현금구입하면 27-29.9% 특별할,https://news.naver.com/main/read.naver?mode=LSD&mid=sec&sid1=101&oid=001&aid=0004141471
200,아반떼 돌풍에 경쟁업체들 긴장,https://news.naver.com/main/read.naver?mode=LSD&mid=sec&sid1=101&oid=001&aid=0003982813
201,승용차 선택사양 패키지로 끼워팔아,https://news.naver.com/main/read.naver?mode=LSD&mid=sec&sid1=102&oid=001&aid=0003815818
202,중소형 승용차 시장쟁탈전 가열,https://news.naver.com/main/read.naver?mode=LSD&mid=sec&sid1=101&oid=001&aid=0003888568
203,한국차 美서 여성소비자에 인기,https://news.naver.com/main/read.naver?mode=LSD&mid=sec&sid1=101&oid=001&aid=0003933965
204,"국내 자동차업계, 유럽시장 확대 본격화",https://news.naver.com/main/read.naver?mode=LSD&mid=sec&sid1=101&oid=001&aid=0003984499
205,[거래소] 삼성증권 기업뉴스 속보-8일자,https://news.naver.com/main/read.naver?mode=LSD&mid=sec&sid1=101&oid=008&aid=0000057926
206,한국産 車 3종 美서 가장 값싼 차로 소개,https://news.naver.com/main/read.naver?mode=LSD&mid=sec&sid1=104&oid=001&aid=0004047387
207,월 1만대이상 판매 베스트셀러카 늘어,https://news.naver.com/main/read.naver?mode=LSD&mid=sec&sid1=101&oid=001&aid=0003715204
208,[구상 칼럼] 기아 심벌 디자인과 브랜드 변화 살펴보니...,http://www.dailycar.co.kr/content/news.html?type=view&autoId=38947
209,"기아차 ""1세대 프라이드, 가장 많이 팔린 승용차""",http://www.metroseoul.co.kr/news/newsview?newscd=2015031700029
210,"[최기성의 허브車]‘바퀴의 제왕’ 기아차, ‘한국 최초’ 자전거·삼륜차도 제작",https://www.mk.co.kr/opinion/columnists/view/2021/01/20935/
211,"기아, 화려한 부활…정의선 디자인 경영서 애플카까지",http://news.mk.co.kr/newsRead.php?no=77134&year=2021
212,"""아시아에서 우뚝 서 세계로 나아가겠다""…車에 머물지 않고 '혁신 날개' 편 기아",https://www.hankyung.com/economy/article/2021012233861
213,"`톱니→바퀴→깃발`, 기아차 로고 `77년 변천사` [왜몰랐을카]",http://news.mk.co.kr/newsRead.php?no=17217&year=2021
214,가구 소득·업소 증가세 평균 훨씬 앞질러,https://news.koreadaily.com/2022/04/24/society/generalsociety/20220424190058404.html
215,"'15년 걸린 3만대 판매 3년만에 달성' 기아차, 체코 누적판매 13만대 돌파",https://www.theguru.co.kr/news/article.html?no=16615
216,"기아자동차, 올 미국에 세피아 7만대 수출",https://news.naver.com/main/read.naver?mode=LSD&mid=sec&sid1=101&oid=001&aid=0004160619
217,[현대차그룹④] 미국서 굴욕감 맛봤던 정몽구..그가 결국 빼어든 칼날은?,http://www.dailycar.co.kr/content/news.html?type=view&autoId=38426
218,가장 기억에 남는 ‘1990∼2000년대 자동차’는… '티코·무쏘',http://www.segye.com/content/html/2020/08/31/20200831505652.html?OutUrl=naver
219,"""라떼는 말이야, 티코·무쏘는 `로망`""…1990년대 최고의 `아빠차`",http://news.mk.co.kr/newsRead.php?no=893817&year=2020
220,"""라떼는 말이야, 티코·무쏘는 `로망`""…1990년대 최고의 `아빠차`",http://news.mk.co.kr/newsRead.php?no=893817&year=2020
221,"포니·에스페로, 람보르기니·포르쉐 명차와 `이복형제`",http://premium.mk.co.kr/view.php?no=28958
222,‘응답하라 1994’에서 나온 90년대 자동차는?,http://www.asiatoday.co.kr/news/view.asp?seq=915804
223,현대차 그랜저 '年 판매 10만대' 깬다,https://news.naver.com/main/read.naver?mode=LSD&mid=sec&sid1=101&oid=001&aid=0005262689
224,"아우디 A7 동호회 운영자 김헌씨 ""모태범·이승훈 선수도 아우디 A7 회원이죠""",http://www.hankyung.com/news/app/newsview.php?aid=2012082764721
225,"[시승기]강하고 세련된 준중형차, 포르테",http://www.e-today.co.kr/200707/news/newsview.php?TM=news&SM=0101&idxno=181785
226,엇! 자동차 이름에 이런 비밀이?,http://www.heraldbiz.com/SITE/data/html_dir/2007/09/12/200709120025.asp
227,쏘렌토 39개월만에 50만대 생산,https://news.naver.com/main/read.naver?mode=LSD&mid=sec&sid1=101&oid=015&aid=0000806849
228,"25년만에 타본 엄마차 '아반떼'…""아방이가 달라졌다"" [김보형 기자의 시승기]",https://www.hankyung.com/economy/article/202004096769i
229,7월 8일 뉴스마당,https://news.naver.com/main/read.naver?mode=LSD&mid=sec&sid1=101&oid=028&aid=0000067676
230,쌍용차 무쏘·대우차 티코..1990년대 가장 기억에 남는 車!,http://www.dailycar.co.kr/content/news.html?type=view&autoId=37474
231,"포니·에스페로, 람보르기니·포르쉐 명차와 `이복형제`",http://premium.mk.co.kr/view.php?no=28958
232,‘응답하라 1994’에서 나온 90년대 자동차는?,http://www.asiatoday.co.kr/news/view.asp?seq=915804
233,현대차 그랜저 '年 판매 10만대' 깬다,https://news.naver.com/main/read.naver?mode=LSD&mid=sec&sid1=101&oid=001&aid=0005262689
234,"아우디 A7 동호회 운영자 김헌씨 ""모태범·이승훈 선수도 아우디 A7 회원이죠""",http://www.hankyung.com/news/app/newsview.php?aid=2012082764721
235,"[시승기]강하고 세련된 준중형차, 포르테",http://www.e-today.co.kr/200707/news/newsview.php?TM=news&SM=0101&idxno=181785
236,엇! 자동차 이름에 이런 비밀이?,http://www.heraldbiz.com/SITE/data/html_dir/2007/09/12/200709120025.asp
237,쏘렌토 39개월만에 50만대 생산,https://news.naver.com/main/read.naver?mode=LSD&mid=sec&sid1=101&oid=015&aid=0000806849
238,"25년만에 타본 엄마차 '아반떼'…""아방이가 달라졌다"" [김보형 기자의 시승기]",https://www.hankyung.com/economy/article/202004096769i
239,7월 8일 뉴스마당,https://news.naver.com/main/read.naver?mode=LSD&mid=sec&sid1=101&oid=028&aid=0000067676
240,"""신형 그랜저, 소리없이 인기 많네..""10만대 판매 확실시",http://www.wowtv.co.kr/news/wownews/view_nhn.asp?bcode=T01010000&artid=A201109140051
241,"아우디 A7 동호회 운영자 김헌씨 ""모태범·이승훈 선수도 아우디 A7 회원이죠""",http://www.hankyung.com/news/app/newsview.php?aid=2012082764721
242,"[시승기]강하고 세련된 준중형차, 포르테",http://www.e-today.co.kr/200707/news/newsview.php?TM=news&SM=0101&idxno=181785
243,엇! 자동차 이름에 이런 비밀이?,http://www.heraldbiz.com/SITE/data/html_dir/2007/09/12/200709120025.asp
244,쏘렌토 39개월만에 50만대 생산,https://news.naver.com/main/read.naver?mode=LSD&mid=sec&sid1=101&oid=015&aid=0000806849
245,"25년만에 타본 엄마차 '아반떼'…""아방이가 달라졌다"" [김보형 기자의 시승기]",https://www.hankyung.com/economy/article/202004096769i
246,7월 8일 뉴스마당,https://news.naver.com/main/read.naver?mode=LSD&mid=sec&sid1=101&oid=028&aid=0000067676
247,"[박스]독일언론,한국 자동차 ""안전도 결여"" 공세",https://news.naver.com/main/read.naver?mode=LSD&mid=sec&sid1=104&oid=001&aid=0003897634
248,불붙은 준중형차 전쟁,https://news.naver.com/main/read.naver?mode=LSD&mid=sec&sid1=101&oid=024&aid=0000001337
249,"[기업] 한국차,미국 40대초반에 인기-KOTRA",https://news.naver.com/main/read.naver?mode=LSD&mid=sec&sid1=101&oid=008&aid=0000155389
250,<화제> 소형차도 안전 가능성 입증,https://news.naver.com/main/read.naver?mode=LSD&mid=sec&sid1=104&oid=001&aid=0004358020
251,자동차 수출 전용 부두 평택항에 국내 첫 개설,https://news.naver.com/main/read.naver?mode=LSD&mid=sec&sid1=101&oid=020&aid=0000017464
252,차노휘의 길 위의 인생 22> 요르단의 두 가지 비타민,https://jnilbo.com/?p=888345
253,<解說> 現代 인도네시아 車사업 철수 배경과 파장,https://news.naver.com/main/read.naver?mode=LSD&mid=sec&sid1=101&oid=001&aid=0004214771
254,"起亞自販, `신할부제도' 연장 실시키로",https://news.naver.com/main/read.naver?mode=LSD&mid=sec&sid1=101&oid=001&aid=0004201718
255,"起亞自, `新할부판매제' 9일부터 시행",https://news.naver.com/main/read.naver?mode=LSD&mid=sec&sid1=101&oid=001&aid=0004176226
256,중고차값 일제히 하향 조정,https://news.naver.com/main/read.naver?mode=LSD&mid=sec&sid1=101&oid=001&aid=0004143860
257,"起亞, 3일간 승용차 4만7천7백대 판매, 할",https://news.naver.com/main/read.naver?mode=LSD&mid=sec&sid1=101&oid=001&aid=0004147912
258,起亞 특별할판으로 누적판매 4만대 돌파,https://news.naver.com/main/read.naver?mode=LSD&mid=sec&sid1=101&oid=001&aid=0004140939
259,"NYT紙, 起亞자동차 등 美 시장진출에 관심",https://news.naver.com/main/read.naver?mode=LSD&mid=sec&sid1=104&oid=001&aid=0004041946
260,"NYT紙, 起亞자동차 등 美 시장진출에 관심",https://news.naver.com/main/read.naver?mode=LSD&mid=sec&sid1=104&oid=001&aid=0004041946
261,"현대, 상반기 승용차 내수시장 독주",https://news.naver.com/main/read.naver?mode=LSD&mid=sec&sid1=101&oid=001&aid=0003901066
262,"생산차질 불구, 現代自 내수시장 독주 계속",https://news.naver.com/main/read.naver?mode=LSD&mid=sec&sid1=101&oid=001&aid=0003993496
263,올해 자동차 시장 `大戰' 예상,https://news.naver.com/main/read.naver?mode=LSD&mid=sec&sid1=101&oid=001&aid=0003912798
264,"정의선 현대차그룹 부회장 ""스마트 모빌리티 솔루션업체로 변화할 것..개인용비행체, 로봇등 개발""",http://www.kdpress.co.kr/news/articleView.html?idxno=93519
265,텔루라이드 美 시장 질주… 美 조지아공장 300만대 생산 돌파,http://www.fnnews.com/news/201911191809517787
266,"정의선 수석부회장, 美조지아공장 10주년 맞아 ""최고 모빌리티업체 변모""",http://www.newspost.kr/news/articleView.html?idxno=73830
267,승용차 모델별 판매순위다툼 치열,https://news.naver.com/main/read.naver?mode=LSD&mid=sec&sid1=101&oid=001&aid=0003672602
268,1.4분기중 자동차 수출 79.2% 증가예상,https://news.naver.com/main/read.naver?mode=LSD&mid=sec&sid1=101&oid=001&aid=0003682342
269,올해 내수시장서 신형승용차 6종 선봬,https://news.naver.com/main/read.naver?mode=LSD&mid=sec&sid1=101&oid=001&aid=0003693838
270,정의선 수석부회장 “개인용비행체 등 다양한 서비스 제공할 계획”,http://www.ebn.co.kr/news/view/1009802/?sc=naver
271,정의선 “세계 최고 스마트 모빌리티 솔루션업체로 변신”,http://news.heraldcorp.com/view.php?ud=20191119000118
272,승용차 모델별 판매순위다툼 치열,https://news.naver.com/main/read.naver?mode=LSD&mid=sec&sid1=101&oid=001&aid=0003672602
273,1.4분기중 자동차 수출 79.2% 증가예상,https://news.naver.com/main/read.naver?mode=LSD&mid=sec&sid1=101&oid=001&aid=0003682342
274,올해 내수시장서 신형승용차 6종 선봬,https://news.naver.com/main/read.naver?mode=LSD&mid=sec&sid1=101&oid=001&aid=0003693838
275,[100주년 질주 기아차 ㊤] 자전거 제조사로 출발해 글로벌업체 도약,http://www.inews24.com/view/1267392
276,國産車 수출모델 다양해진다,https://news.naver.com/main/read.naver?mode=LSD&mid=sec&sid1=101&oid=001&aid=0003622857
277,"現代-起亞自, 승용차 全차급 경쟁체제",https://news.naver.com/main/read.naver?mode=LSD&mid=sec&sid1=101&oid=001&aid=0003634888
278,<확대경> 신차평가제 도입과 향후 자동차시장,https://news.naver.com/main/read.naver?mode=LSD&mid=sec&sid1=101&oid=001&aid=0004497992
279,국산차 미시장 판매 올들어 급증세,https://news.naver.com/main/read.naver?mode=LSD&mid=sec&sid1=104&oid=001&aid=0004504030
280,國産車 수출모델 다양해진다,https://news.naver.com/main/read.naver?mode=LSD&mid=sec&sid1=101&oid=001&aid=0003622857
281,"現代-起亞自, 승용차 全차급 경쟁체제",https://news.naver.com/main/read.naver?mode=LSD&mid=sec&sid1=101&oid=001&aid=0003634888
282,<확대경> 신차평가제 도입과 향후 자동차시장,https://news.naver.com/main/read.naver?mode=LSD&mid=sec&sid1=101&oid=001&aid=0004497992
283,국산차 미시장 판매 올들어 급증세,https://news.naver.com/main/read.naver?mode=LSD&mid=sec&sid1=104&oid=001&aid=0004504030
284,<자동차 화제>오픈 카 시대 ‘오픈’,https://news.naver.com/main/read.naver?mode=LSD&mid=sec&sid1=101&oid=001&aid=0003942396
285,"아반떼, 1개월여만에 판매순위 6위",https://news.naver.com/main/read.naver?mode=LSD&mid=sec&sid1=101&oid=001&aid=0003968612
286,충돌시험에 하루 승용차 5-10대 값 쓴다,https://news.naver.com/main/read.naver?mode=LSD&mid=sec&sid1=101&oid=001&aid=0003816867
287,준중형 승용차 시장 싸움 불꽃 튈 듯,https://news.naver.com/main/read.naver?mode=LSD&mid=sec&sid1=101&oid=001&aid=0003850153
288,자동차업계 재고 확보에 비상,https://news.naver.com/main/read.naver?mode=LSD&mid=sec&sid1=101&oid=001&aid=0003719204
289,수출차종 다양화 등 해외마케팅 전략강화,https://news.naver.com/main/read.naver?mode=LSD&mid=sec&sid1=101&oid=001&aid=0003683469
290,"현대차, 준중형 아반떼XD 시판...대당 814∼1055만원",https://news.naver.com/main/read.naver?mode=LSD&mid=sec&sid1=101&oid=009&aid=0000000952
291,"車업체, 무이자할부로 한대당 5만원 이상 추가부담",https://news.naver.com/main/read.naver?mode=LSD&mid=sec&sid1=101&oid=001&aid=0004247271
292,국제 랠리서 한국차 좋은 성적,https://news.naver.com/main/read.naver?mode=LSD&mid=sec&sid1=101&oid=001&aid=0003927537
293,승용차 독자모델 개발경쟁 뜨겁다,https://news.naver.com/main/read.naver?mode=LSD&mid=sec&sid1=101&oid=001&aid=0003807732
294,올해 가장 잘 팔린 차는 `엘란트라',https://news.naver.com/main/read.naver?mode=LSD&mid=sec&sid1=101&oid=001&aid=0003730110
295,테스트카 “내 몸 충돌시켜 1만여명 목숨 살렸죠”,http://www.hani.co.kr/arti/economy/car/905911.html
296,기도의 능력이 없는 목사,http://www.pckworld.com/article.php?aid=8218854512
297,"""국세행정 쇄신 세피아 근절이 첫 단추""",http://www.sjbnews.com/news/articleView.html?idxno=468866
298,<備忘錄> 눈물의 세피아Ⅱ 보도발표회,https://news.naver.com/main/read.naver?mode=LSD&mid=sec&sid1=101&oid=001&aid=0004183739
299,‘김성회의 3세대 소통병법’-멘토란…맨땅 도제 vs 일방통행 vs 쌍방향,http://news.mk.co.kr/v2/economy/view.php?year=2019&no=473288
300,‘김성회의 3세대 소통병법’-멘토란…맨땅 도제 vs 일방통행 vs 쌍방향,http://news.mk.co.kr/v2/economy/view.php?year=2019&no=473288
301,<回轉木馬> 신한국당 의원 등 세피아Ⅱ 첫계약,https://news.naver.com/main/read.naver?mode=LSD&mid=sec&sid1=101&oid=001&aid=0004185764
302,[시승기] “날카로움을 더하다” 현대 ‘더 뉴 아반떼’,http://www.rpm9.com/news/article.html?id=20180910090055
303,<回轉木馬> 세피아Ⅱ 시승자 평소 신차때의 3배,https://news.naver.com/main/read.naver?mode=LSD&mid=sec&sid1=101&oid=001&aid=0004196090
304,대우차와 한국지엠의 수출기지였던..군산공장 21년 역사 살펴보니...,http://www.dailycar.co.kr/content/news.html?type=view&autoId=30215
305,起亞 세피아 美 클리오 광고상 수상,https://news.naver.com/main/read.naver?mode=LSD&mid=sec&sid1=101&oid=001&aid=0004126957
306,"[전문가 칼럼]야권 통합, 지지율에 '약'인가 '독'인가",http://daily.hankooki.com/lpage/column/201710/dh20171027114503140410.htm
307,"현대산업개발 사외이사, 법피아·세피아·모피아까지 골고루",http://www.ceoscoredaily.com/news/article.html?no=7519
308,"자동차, 한길만 달려왔다<6>…제3회 매일시니어문학상 논픽션 특선-이헌원",http://www.imaeil.com/sub_news/sub_news_view.php?news_id=45618&yy=2017
309,해치백 ‘세피아 레오’ 발매,https://news.naver.com/main/read.naver?mode=LSD&mid=sec&sid1=101&oid=001&aid=0004079325
310,"起亞 세피아광고, 우수광고로 선정",https://news.naver.com/main/read.naver?mode=LSD&mid=sec&sid1=101&oid=001&aid=0003987063
311,"소보원, 크레도스 세피아 인판넬 신속수리 촉구",https://news.naver.com/main/read.naver?mode=LSD&mid=sec&sid1=102&oid=009&aid=0000056066
312,"[더벨][the 강한기업]대한솔루션, 22년간 매출 46배, 재무건전성도 '초우량'",http://www.thebell.co.kr/front/free/contents/news/article_view.asp?key=201611070100010250000613
313,[최기성의 허브車] 한국 車산업의 숨은 공로자 ‘이탈리아 카로체리아’,http://news.mk.co.kr/newsRead.php?year=2016&no=713821
314,통영 바다 승용차서 남녀 사체 추정 유골 발견,http://www.shinailbo.co.kr/news/articleView.html?idxno=451055
315,"[프레시안 books] 생존 '시발', 수출 '포니', 욕망 '쏘나타'",http://www.pressian.com/news/article.html?no=136183&ref=nav_search
316,"[오너&리더]中 1천만대탑 새 역사…정몽구·정의선 父子 ""대륙을 향한 도전 계속된다""",http://view.asiae.co.kr/news/view.htm?idxno=2015040707480947011
317,어렸을 때 봤던 '추억의 자동차 광고' 7가지,http://www.wikitree.co.kr/main/news_view.php?id=232806
318,"미국 지출 29년 현대차, 누적판매 1500만대 돌파...베스트셀러와 그 비결 알아보니",http://www.mediapen.com/news/articleView.html?idxno=70472
319,<서상범 기자의 아! 車!> 김치냄새 때문에 푸대접?대한민국 해치백 잔혹사,http://biz.heraldcorp.com/view.php?ud=20150122000224
320,<서상범 기자의 아! 車!> 해치백 퇴조가 음식냄새와 관련 있다고?,http://biz.heraldcorp.com/view.php?ud=20150122000788
321,역대 원숭이띠 車 살펴보니...국내 도로 맞춤형 '코티나' 미니밴 대표 '로디우스',http://www.ekn.kr/news/article.html?no=192685
322,김치냄새때문에 푸대접?…대한민국 해치백 잔혹사,http://biz.heraldcorp.com/view.php?ud=20150123000437
323,[최주식의 드라이빙 Car 월드] '7인승 MPV 대세' 인도네시아 모터쇼,http://www.econovill.com/news/articleView.html?idxno=260652
324,'미생' 배경이 된 요르단 중고차 시장 가보니…,https://news.naver.com/main/read.naver?mode=LSD&mid=sec&sid1=101&oid=011&aid=0002611823
325,세피아Ⅱ 첫날 계약실적 사상 최고기록,https://news.naver.com/main/read.naver?mode=LSD&mid=sec&sid1=101&oid=001&aid=0004186791
326,"Car&Joy 독자 여러분, 기말고사 풀 준비되셨나요",http://www.hankyung.com/news/app/newsview.php?aid=2013122712181
327,응답하라 1994 !…그땐 이런 차가 있었지,http://www.hankyung.com/news/app/newsview.php?aid=2013112953951
328,[최기성 기자의 허브車] 후회 없는 ‘중고차 예산별 구입 가이드’,http://news.mk.co.kr/v3/view.php?no=1085759&year=2013
329,[Car tech] 예산별 중고차 구입 가이드,http://news.mk.co.kr/news_forward.php?domain=news&no=269403&year=2013
330,[Car tech] 예산별 중고차 구입 가이드,http://news.mk.co.kr/news_forward.php?domain=news&no=269403&year=2013
331,요르단 중고차사업에 ‘미생 영업3팀’은 없다…韓중고차사업의 실상,http://www.seoul.co.kr/news/newsView.php?id=20141211017009
332,'미생 장그래 프로젝트' 요르단 중고차사업 현장 가보니…,http://www.mt.co.kr/view/mtview.php?type=1&no=2014121009173747025&outlink=1
333,"""불 붙은 차로 경주... 여자와의 첫키스 이상이죠""",http://www.ohmynews.com/NWS_Web/View/at_pg.aspx?CNTN_CD=A0002008832
334,현대차 美진출 25년 연간 100만대 판매,http://www.imaeil.com/sub_news/sub_news_view.php?news_id=64997&yy=2011
335,‘경찰청 사람들 2015’ 통영 앞바다 자동차 유골에 담긴 사연은?,http://www.etoday.co.kr/news/section/newsview.php?idxno=1160251
336,엑셀·레간자·SM5·티뷰론…기억나시죠? 내 생애 첫 애마,http://www.hankyung.com/news/app/newsview.php?aid=2012110285281
337,[불황기 불붙는 준중형車 대전(大戰)]법에도 없는 애매모호한 준중형차…큰 차 선호 때문에 생긴 조어,http://news.mk.co.kr/news_forward.php?domain=news&no=614884&year=2012
338,[김태욱의 ‘브랜드 썸 타다’] 약어 브랜드명에 숨겨진 스토리 '아식스의 A.S.I.C.S',http://www.econovill.com/news/articleView.html?idxno=245942
339,[미리보는 이데일리 신문] 국산 올드카 112만대 '쌩쌩',http://www.edaily.co.kr/news/newspath.asp?newsid=04063926609334480
340,[미리보는 이데일리 신문] 국산 올드카 112만대 '쌩쌩',http://www.edaily.co.kr/news/newspath.asp?newsid=04063926609334480
341,"붉은 사막, 와디람에 들다",http://www.sjbnews.com/news/articleView.html?idxno=487046
342,비 새는 KIA 'AS 누수' 심각,http://sports.chosun.com/news/ntype.htm?ut=1&name=/news/life/201009/20100930/a9076108.htm
343,‘5:5 가르마’는 지겨워…자동차 실내 디자인 대칭 ‘파괴’,http://www.hani.co.kr/arti/economy/car/422631.html
344,"뉴그랜저, 프린스1.8, 세피아 큰 인기",https://news.naver.com/main/read.naver?mode=LSD&mid=sec&sid1=101&oid=001&aid=0003682721
345,기아차 美양산 10년… 정의선 “車 넘어 모빌리티 기업으로 질주”,http://www.donga.com/news/article/all/20191119/98445656/1
346,[대전/충남]우리 대학 스타/국내 첫 車디자인 소설 출간 한밭대 구상 교수,http://news.donga.com/3/all/20100120/25528445/1
347,"[르포] 장그래, 요르단 중고차사업 허구? 실제 현지에 가보니… ‘정말 그래’",http://news.kmib.co.kr/article/view.asp?arcid=0922876758&code=11151400&cp=nv
348,기아차 美 생산기지 '300만대' 고개 넘었다,https://www.sedaily.com/NewsView/1VQUYKNJ05
349,"기아차, 美 조지아공장 10주년 기념식 개최…누적 생산량 300만대 돌파",http://www.donga.com/news/article/all/20191119/98443451/2
350,기아차 美생산기지 조지아 공장…누적 생산 300만대 넘었다,https://view.asiae.co.kr/article/2019111911291403383
351,"기아차, 美 조지아공장 10주년 기념식 개최…누적 생산량 300만대 돌파",http://www.donga.com/news/article/all/20191119/98443451/2
352,"아반떼, 한국車 첫 1000만대…'글로벌 국민차' 반열 올랐다",http://www.hankyung.com/news/app/newsview.php?aid=2014082412021
353,한국 DDGT 챔피언십 4전 8일 영암서 열린다,http://www.khan.co.kr/kh_news/art_view.html?artid=201207070744221&code=980110
354,주말 한국DDGT 4전 `풍성한 체험행사 가득`,http://sports.chosun.com/news/ntype.htm?id=201207060100039660003175&servicedate=20120705
355,[날개 단 車산업] ① 한·미 FTA는 가뭄의 단비,http://www.fnnews.com/view?ra=Sent0601m_01A&corp=fnnews&arcid=0920968999&cDateYear=2007&cDateMonth=04&cDateDay=08&
356,"기아의 전설 '엘란' 부활하나? 로터스, 한국 진출 다시 타진",http://www.autodaily.co.kr/news/articleView.html?idxno=413201
357,“쎄라토도 싸이처럼 튀고 싶다”,https://news.naver.com/main/read.naver?mode=LSD&mid=sec&sid1=101&oid=021&aid=0000156005
358,2000㏄급 중형차 IMF후 첫 4파전 구도,https://news.naver.com/main/read.naver?mode=LSD&mid=sec&sid1=103&oid=021&aid=0000136249
359,포니 개발로 '자동차 독립국가' 선언,http://www.moneytoday.co.kr/view/mtview.php?type=1&no=2005102115521398429&outlink=1
360,“쎄라토도 싸이처럼 튀고 싶다”,https://news.naver.com/main/read.naver?mode=LSD&mid=sec&sid1=101&oid=021&aid=0000156005
361,2000㏄급 중형차 IMF후 첫 4파전 구도,https://news.naver.com/main/read.naver?mode=LSD&mid=sec&sid1=103&oid=021&aid=0000136249
362,포니 개발로 '자동차 독립국가' 선언,http://www.moneytoday.co.kr/view/mtview.php?type=1&no=2005102115521398429&outlink=1
363,"‘고맙다, i30’ 해치백 시대 부활",http://www.munhwa.com/news/view.html?no=2008051701030824302001
364,[품질로 세계를 넘는다]<4>품질회의,https://news.naver.com/main/read.naver?mode=LSD&mid=sec&oid=016&aid=0000147060
365,"[거래소] 준중형 승용차시장 치열한 4파전 ""후끈""",https://news.naver.com/main/read.naver?mode=LSD&mid=sec&sid1=101&oid=008&aid=0000226035
366,"[금융] 현대다이너스티,문 열기 가장 쉽다",https://news.naver.com/main/read.naver?mode=LSD&mid=sec&sid1=101&oid=008&aid=0000205765
367,<표> 차량별 도난용이성 평가,https://news.naver.com/main/read.naver?mode=LSD&mid=sec&sid1=101&oid=001&aid=0000239420
368,[SM3 출시] 준중형차 시장 '최후 승자는 누구',https://news.naver.com/main/read.naver?mode=LSD&mid=sec&sid1=101&oid=015&aid=0000533556
369,[국산차] 준중형 車시장 태풍전야,https://news.naver.com/main/read.naver?mode=LSD&mid=sec&sid1=101&oid=009&aid=0000222957
370,자동차 연말세일의 유혹…‘세일의 재해석’,http://www.donga.com/fbin/output?n=200611300132
371,한국車 선호 미국인은 40대 초반 .. KOTRA 워싱턴무역관 보고,https://news.naver.com/main/read.naver?mode=LSD&mid=sec&sid1=101&oid=015&aid=0000492441
372,내년 국산차 '풍년' 취향대로 골라봐요,https://news.naver.com/main/read.naver?mode=LSD&mid=sec&sid1=101&oid=009&aid=0000171574
373,"국산 준중형차, 로얄XQ에서 아반떼까지",http://www.etoday.co.kr/news/section/newsview.php?TM=news&SM=0405&idxno=312340
374,"""9월 이후 新車 쏟아진다""",https://news.naver.com/main/read.naver?mode=LSD&mid=sec&sid1=101&oid=009&aid=0000144718
375,자동차 수출 20년간 8천868% 증가,https://news.naver.com/main/read.naver?mode=LSD&mid=sec&sid1=101&oid=015&aid=0000404665
376,[산업]한국차 미국서 올 35만대 판매,https://news.naver.com/main/read.naver?mode=LSD&mid=sec&sid1=101&oid=020&aid=0000078073
377,[상품시세] 중고차/가전제품/컴퓨터용품,https://news.naver.com/main/read.naver?mode=LSD&mid=sec&sid1=101&oid=009&aid=0000137286
378,"起亞自, 美충돌실험서 높은 안전도 판정",https://news.naver.com/main/read.naver?mode=LSD&mid=sec&sid1=101&oid=001&aid=0004222746
379,[상품시세] 중고차/가전제품/컴퓨터 용품,https://news.naver.com/main/read.naver?mode=LSD&mid=sec&sid1=101&oid=009&aid=0000125940
380,[상품시세] 중고차/가전/컴퓨터,https://news.naver.com/main/read.naver?mode=LSD&mid=sec&sid1=101&oid=009&aid=0000120266
381,"XG 300.옵티마, 미 중형차시장 성공적 공략<NYT>",https://news.naver.com/main/read.naver?mode=LSD&mid=sec&sid1=104&oid=001&aid=0000067673
382,"자동차 3사, 디트로이트 오토쇼 참가",https://news.naver.com/main/read.naver?mode=LSD&mid=sec&sid1=101&oid=009&aid=0000082655
383,지난해 국산 자동차 미국시장 판매량 사상 최고치 기록,https://news.naver.com/main/read.naver?mode=LSD&mid=sec&sid1=101&oid=015&aid=0000321008
384,정몽구 현대차회장 인도네시아 출장,https://news.naver.com/main/read.naver?mode=LSD&mid=sec&sid1=101&oid=009&aid=0000026079
385,"""한국차 품질 최하위군"" <미 조사기관>",https://news.naver.com/main/read.naver?mode=LSD&mid=sec&sid1=104&oid=001&aid=0000001038
386,"자동차 3사, 내달까지 중소형차 신모델 출시",https://news.naver.com/main/read.naver?mode=LSD&mid=sec&sid1=101&oid=015&aid=0000206443
387,현대차 '컨버터블 카' 2008년 선보인다,https://news.naver.com/main/read.naver?mode=LSD&mid=sec&sid1=101&oid=015&aid=0000853412
388,한국 자동차 美.日産에 비해 싸지않아,https://news.naver.com/main/read.naver?mode=LSD&mid=sec&sid1=101&oid=001&aid=0003776142
389,"<회전목마> 김총리, 이집트서 기아자 찬사",https://news.naver.com/main/read.naver?mode=LSD&mid=sec&sid1=101&oid=001&aid=0004418979
390,"현대, 11일쯤 자동차 경영정상화 방안 발표",https://news.naver.com/main/read.naver?mode=LSD&mid=sec&sid1=101&oid=001&aid=0004344699
391,"起亞, 포드에 증자참여 공식 요청",https://news.naver.com/main/read.naver?mode=LSD&mid=sec&sid1=101&oid=001&aid=0004310565
392,<回轉木馬> 陳稔 起亞회장 슈마로 출퇴근한다,https://news.naver.com/main/read.naver?mode=LSD&mid=sec&sid1=101&oid=001&aid=0004252928
393,<擴大鏡> 起亞 印尼 국민차공장 도요타로 넘어가나,https://news.naver.com/main/read.naver?mode=LSD&mid=sec&sid1=101&oid=001&aid=0004253772
394,起亞自販 판매조직 현장 위주로 개편,https://news.naver.com/main/read.naver?mode=LSD&mid=sec&sid1=101&oid=001&aid=0004170424
395,"起亞, 내수.수출 모두 大宇 따돌려",https://news.naver.com/main/read.naver?mode=LSD&mid=sec&sid1=101&oid=001&aid=0004189045
396,<擴大鏡> 起亞 해외사업 어떻게 될까,https://news.naver.com/main/read.naver?mode=LSD&mid=sec&sid1=101&oid=001&aid=0004145937
397,"<擴大鏡> `出血경쟁' 위험수준, 제2 起亞",https://news.naver.com/main/read.naver?mode=LSD&mid=sec&sid1=101&oid=001&aid=0004140952
398,<特輯> 자동차 1천만대 시대...②발전사,https://news.naver.com/main/read.naver?mode=LSD&mid=sec&sid1=101&oid=001&aid=0004143443
399,大宇 新車 現代보다 起亞시장 더 잠식,https://news.naver.com/main/read.naver?mode=LSD&mid=sec&sid1=101&oid=001&aid=0004245152
400,"起亞自, 英國서 고객만족도 2위 차지",https://news.naver.com/main/read.naver?mode=LSD&mid=sec&sid1=101&oid=001&aid=0004271997
401,자동차 2월 내수.수출 모두 부진,https://news.naver.com/main/read.naver?mode=LSD&mid=sec&sid1=101&oid=001&aid=0004231731
402,"[2012 연비왕] ""20년된 자동차지만 연비는 최고""",http://www.asiae.co.kr/news/view.htm?idxno=2012112409522904609
403,[2012연비왕]'역대 최대' 아경 연비왕대회 성료,http://view.asiae.co.kr/news/view.htm?idxno=2012112415351113363
404,작년 베스트셀러 승용차 현대가 휩쓸어,https://news.naver.com/main/read.naver?mode=LSD&mid=sec&sid1=101&oid=001&aid=0004159529
405,"승용차 3社, 1대당 제품 광고비 평균 10만원",https://news.naver.com/main/read.naver?mode=LSD&mid=sec&sid1=101&oid=001&aid=0004054537
406,<자동차 화제> 상반기 자동차 판매결산,https://news.naver.com/main/read.naver?mode=LSD&mid=sec&sid1=101&oid=001&aid=0004033625
407,<자동차 화제> 자동차의 ‘디자인 베끼기’,https://news.naver.com/main/read.naver?mode=LSD&mid=sec&sid1=101&oid=001&aid=0004092817
408,"印尼, 起亞 현지업체를 국민차단독사업자로 선정",https://news.naver.com/main/read.naver?mode=LSD&mid=sec&sid1=101&oid=001&aid=0004109215
409,지난해 베스트셀러 승용차는 쏘나타Ⅱ,https://news.naver.com/main/read.naver?mode=LSD&mid=sec&sid1=101&oid=001&aid=0004045514
410,<자동차 화제> 성능 강화되는 승용차 엔진,https://news.naver.com/main/read.naver?mode=LSD&mid=sec&sid1=101&oid=001&aid=0003939292
411,수출 차량 절반이 미국에서 리콜돼,https://news.naver.com/main/read.naver?mode=LSD&mid=sec&sid1=101&oid=001&aid=0003902220
412,"쏘나타Ⅱ.엑셀, 내수.수출 각각 1위",https://news.naver.com/main/read.naver?mode=LSD&mid=sec&sid1=101&oid=001&aid=0003836171
413,내년 연간 1만대 수출차종 15개,https://news.naver.com/main/read.naver?mode=LSD&mid=sec&sid1=101&oid=001&aid=0003835803
414,자동차 업계 춘추전국 시대 돌입,https://news.naver.com/main/read.naver?mode=LSD&mid=sec&sid1=101&oid=001&aid=0003838130
415,자동차수송선 화재로 起亞 수출車 全燒,https://news.naver.com/main/read.naver?mode=LSD&mid=sec&sid1=101&oid=001&aid=0003881076
416,승용차 내수 시장쟁탈전 불꽃,https://news.naver.com/main/read.naver?mode=LSD&mid=sec&sid1=101&oid=001&aid=0003823986
417,현대 엑셀이 가장 많이 수출돼,https://news.naver.com/main/read.naver?mode=LSD&mid=sec&sid1=101&oid=001&aid=0003816466
418,자동차 해외수출 법인 대폭 확충,https://news.naver.com/main/read.naver?mode=LSD&mid=sec&sid1=101&oid=001&aid=0003784910
419,"국산車, 외국車보다 약하다",https://news.naver.com/main/read.naver?mode=LSD&mid=sec&sid1=101&oid=001&aid=0003868122
420,"""對中 자동차수출 공동전략 수립해야""",https://news.naver.com/main/read.naver?mode=LSD&mid=sec&sid1=101&oid=001&aid=0003868878
421,내달초 소형승용차 새 모델 일제히 등장,https://news.naver.com/main/read.naver?mode=LSD&mid=sec&sid1=101&oid=001&aid=0003859142
422,"""엑스포를 최대한 활용하자""",https://news.naver.com/main/read.naver?mode=LSD&mid=sec&sid1=101&oid=001&aid=0003713209
423,현대自 노사분규로 내수시장 판도 변화 예상,https://news.naver.com/main/read.naver?mode=LSD&mid=sec&sid1=101&oid=001&aid=0003745531
424,현대車 다이너스티 도난 무방비?,https://news.naver.com/main/read.naver?mode=LSD&mid=sec&sid1=101&oid=014&aid=0000032508
425,[자동차 애프터마켓] 중고차 시장 : 대기업 속속 진출...폭발적 성장세,https://news.naver.com/main/read.naver?mode=LSD&mid=sec&sid1=101&oid=015&aid=0000467584
426,[교통문화도 월드컵시대]목받침대 잘하면 부상 막는다,https://news.naver.com/main/read.naver?mode=LSD&mid=sec&sid1=102&oid=020&aid=0000093555
427,[상품시세] 중고차/가전제품/컴퓨터용품,https://news.naver.com/main/read.naver?mode=LSD&mid=sec&sid1=101&oid=009&aid=0000147733
428,[상품시세] 중고차/가전제품/컴퓨터용품,https://news.naver.com/main/read.naver?mode=LSD&mid=sec&sid1=101&oid=009&aid=0000143971
429,"중고차 거래, 중형차 주춤..소.대형.지프차 인기",https://news.naver.com/main/read.naver?mode=LSD&mid=sec&sid1=101&oid=001&aid=0000054164
430,"현대차, 미국판매 23% 확대 목표",https://news.naver.com/main/read.naver?mode=LSD&mid=sec&sid1=101&oid=008&aid=0000042294
431,[자동차]한국차 미국서 잘 팔린다,https://news.naver.com/main/read.naver?mode=LSD&mid=sec&sid1=101&oid=020&aid=0000042177
432,[국감뉴스] 차량 급발진사고 추정 1115건,https://news.naver.com/main/read.naver?mode=LSD&mid=sec&sid1=100&oid=005&aid=0000029822
433,르노삼성 SM5 판매 50만대 돌파,http://www.busanilbo.com/news2000/html/2006/1104/020020061104.1016165418.html
434,‘스트리트파이터 차부수기 실사판’ 외신들 깜짝 놀랄 한류?,http://www.fnnews.com/view?ra=Sent1101m_01A&corp=fnnews&arcid=11111012463638&cDateYear=2011&cDateMonth=11&cDateDay=10&
435,신형 그랜저 ‘10만 클럽’ 눈앞,http://www.seoul.co.kr/news/newsView.php?id=20110915022011
436,그랜저 판매 ‘신기록’ 올해 10만대 넘길 듯,http://www.munhwa.com/news/view.html?no=2011091401031324025002
437,승용차 내수 판매 호조,https://news.naver.com/main/read.naver?mode=LSD&mid=sec&sid1=101&oid=001&aid=0004041762
438,"한국車,‘싸구려’이미지 벗는다",https://news.naver.com/main/read.naver?mode=LSD&mid=sec&sid1=101&oid=001&aid=0004049010
439,무이자 할부용 車 재고 거의 소진,https://news.naver.com/main/read.naver?mode=LSD&mid=sec&sid1=101&oid=001&aid=0003956906
440,무이자 할부용 車 재고 거의 소진,https://news.naver.com/main/read.naver?mode=LSD&mid=sec&sid1=101&oid=001&aid=0003956906
441,"아반떼, 발매 후 최다판매 기록",https://news.naver.com/main/read.naver?mode=LSD&mid=sec&sid1=101&oid=001&aid=0004002369
442,"現代 아반떼,6개월째 내수 1位",https://news.naver.com/main/read.naver?mode=LSD&mid=sec&sid1=101&oid=001&aid=0003948789
443,4개사 프랑크푸르트모터쇼 출품,https://news.naver.com/main/read.naver?mode=LSD&mid=sec&sid1=101&oid=001&aid=0003932543
444,"쏘나타, 3개월만에 내수 1位 복귀",https://news.naver.com/main/read.naver?mode=LSD&mid=sec&sid1=101&oid=001&aid=0003939311
445,<자동차화제> 한국 자동차산업의 위치,https://news.naver.com/main/read.naver?mode=LSD&mid=sec&sid1=101&oid=001&aid=0003972865
446,"자동차 내수는 침체, 수출은 폭증",https://news.naver.com/main/read.naver?mode=LSD&mid=sec&sid1=101&oid=001&aid=0004012933
447,일해 보고 싶은 기업은 삼성,https://news.naver.com/main/read.naver?mode=LSD&mid=sec&sid1=101&oid=001&aid=0003877986
448,起亞 스포티지 29일 첫 유럽수출,https://news.naver.com/main/read.naver?mode=LSD&mid=sec&sid1=101&oid=001&aid=0003818145
449,"자동차 對美수출 호조 불구, 현지판매는 감소",https://news.naver.com/main/read.naver?mode=LSD&mid=sec&sid1=101&oid=001&aid=0003884447
450,자동차 수출 활황세 접어들어,https://news.naver.com/main/read.naver?mode=LSD&mid=sec&sid1=101&oid=001&aid=0003890478
451,시장개방후 日고급승용차 판매 크게 늘듯,https://news.naver.com/main/read.naver?mode=LSD&mid=sec&sid1=101&oid=001&aid=0003798134
452,승용차 수요 고급차종으로 몰려,https://news.naver.com/main/read.naver?mode=LSD&mid=sec&sid1=101&oid=001&aid=0003761326
453,"""리콜제 개선하라"" 목소리 고조",https://news.naver.com/main/read.naver?mode=LSD&mid=sec&sid1=102&oid=082&aid=0000062807
454,"LG화학, 자동차소재 국산화 `박차`",http://www.edaily.co.kr/news/newsread.asp?newsid=01830246576700448&curType=read
455,한국자동차 새 시장 속속 상륙,https://news.naver.com/main/read.naver?mode=LSD&mid=sec&sid1=101&oid=001&aid=0003672889
456,자동차업계 새모델 경쟁 가열,https://news.naver.com/main/read.naver?mode=LSD&mid=sec&sid1=101&oid=001&aid=0003623951
457,국산車 밀리언셀러 는다,https://news.naver.com/main/read.naver?mode=LSD&mid=sec&sid1=101&oid=021&aid=0000022708
458,도난에 무방비,https://news.naver.com/main/read.naver?mode=LSD&mid=sec&sid1=101&oid=019&aid=0000004714
459,1500cc급 소형차시장 '후끈'..현대.대우.르노삼성 신차 잇단 출시,https://news.naver.com/main/read.naver?mode=LSD&mid=sec&sid1=101&oid=015&aid=0000501944
460,전 차종 보합...소형.지프류 강세 .. 중고차 시세,https://news.naver.com/main/read.naver?mode=LSD&mid=sec&sid1=101&oid=015&aid=0000383889
461,옵티마.EF쏘나타가 매그너스.SM5보다 '안전',https://news.naver.com/main/read.naver?mode=LSD&mid=sec&sid1=102&oid=009&aid=0000074911
462,국산 중고차 요르단서 '상종가',https://news.naver.com/main/read.naver?mode=LSD&mid=sec&sid1=103&oid=001&aid=0003098719
463,"한국차 美판매, 8월도 호조",https://news.naver.com/main/read.naver?mode=LSD&mid=sec&sid1=104&oid=001&aid=0000024237
464,한국차 미국서 잘 팔린다,https://news.naver.com/main/read.naver?mode=LSD&mid=sec&sid1=104&oid=001&aid=0000000291
465,"""올 급발진사고 작년의 2배이상""",https://news.naver.com/main/read.naver?mode=LSD&mid=sec&sid1=100&oid=001&aid=0004481890
466,"""급발진 사고, 모든 차종에서 발생했다""",https://news.naver.com/main/read.naver?mode=LSD&mid=sec&sid1=101&oid=001&aid=0004457373
467,美시장 상위 2천개 상표에 한국상표 10개 포함,https://news.naver.com/main/read.naver?mode=LSD&mid=sec&sid1=101&oid=001&aid=0004252911
468,"현대自등 자동차3社, 모델변경 2백차례",https://news.naver.com/main/read.naver?mode=LSD&mid=sec&sid1=101&oid=001&aid=0004204710
469,起亞車 특별할인판매 중단,https://news.naver.com/main/read.naver?mode=LSD&mid=sec&sid1=101&oid=001&aid=0004141127
470,자동차 수출 회복 기미,https://news.naver.com/main/read.naver?mode=LSD&mid=sec&sid1=101&oid=001&aid=0004221521
471,"중고차 값, 성수기 불구 큰 폭 하락",https://news.naver.com/main/read.naver?mode=LSD&mid=sec&sid1=101&oid=001&aid=0004220803
472,"지난해 서울 중고차 거래량, 첫 10만대 돌파",https://news.naver.com/main/read.naver?mode=LSD&mid=sec&sid1=101&oid=001&aid=0004162975
473,"한국차, 미국자동차 시장 0.9% 점유",https://news.naver.com/main/read.naver?mode=LSD&mid=sec&sid1=101&oid=001&aid=0004084251
474,全北지역 중고차 가격 내림세,https://news.naver.com/main/read.naver?mode=LSD&mid=sec&sid1=102&oid=001&aid=0004085983
475,"정비업소, 사고차량 수리시간 질질 끌어",https://news.naver.com/main/read.naver?mode=LSD&mid=sec&sid1=101&oid=001&aid=0004067314
476,상반기 승용차 수출 1위는 엑센트,https://news.naver.com/main/read.naver?mode=LSD&mid=sec&sid1=101&oid=001&aid=0004066266
477,"부품 국산화율 아반떼 최고, 아카디아 최저",https://news.naver.com/main/read.naver?mode=LSD&mid=sec&sid1=101&oid=001&aid=0004030808
478,益山 에이피이 노조 조업재개,https://news.naver.com/main/read.naver?mode=LSD&mid=sec&sid1=102&oid=001&aid=0004114652
479,"한국차, 印尼 자동차 랠리서 3개부문 석권",https://news.naver.com/main/read.naver?mode=LSD&mid=sec&sid1=101&oid=001&aid=0004094280
480,자동차 환경오염방지 감사결과 발표,https://news.naver.com/main/read.naver?mode=LSD&mid=sec&sid1=100&oid=001&aid=0004134443
481,美서 한국산 자동차 판매 부진,https://news.naver.com/main/read.naver?mode=LSD&mid=sec&sid1=101&oid=001&aid=0004035255
482,"한국 車업체 신차 개발,‘외양 변화’에 치",https://news.naver.com/main/read.naver?mode=LSD&mid=sec&sid1=101&oid=001&aid=0004037522
483,1.4분기 車판매 소폭 증가 전망,https://news.naver.com/main/read.naver?mode=LSD&mid=sec&sid1=101&oid=001&aid=0004046711
484,"소형, 준중형승용차 세계시장서 격돌 예고",https://news.naver.com/main/read.naver?mode=LSD&mid=sec&sid1=101&oid=001&aid=0003925282
485,8월 자동차 내수판매 지난해보다 소폭 증가,https://news.naver.com/main/read.naver?mode=LSD&mid=sec&sid1=101&oid=001&aid=0003930315
486,"국산 승용차, 미국시장에서 급성장 추세",https://news.naver.com/main/read.naver?mode=LSD&mid=sec&sid1=101&oid=001&aid=0004016534
487,선택사양‘선택비중’높아져,https://news.naver.com/main/read.naver?mode=LSD&mid=sec&sid1=101&oid=001&aid=0004015749
488,"승용차, 무난한 색이 인기",https://news.naver.com/main/read.naver?mode=LSD&mid=sec&sid1=101&oid=001&aid=0003985510
489,"日本, 對韓자동차 기술제휴 포기 움직임",https://news.naver.com/main/read.naver?mode=LSD&mid=sec&sid1=101&oid=001&aid=0003904968
490,자동차 수출 호조,https://news.naver.com/main/read.naver?mode=LSD&mid=sec&sid1=101&oid=001&aid=0003912670
491,<비망록>“美시장서 한국車 없어서 못판다”,https://news.naver.com/main/read.naver?mode=LSD&mid=sec&sid1=101&oid=001&aid=0003882931
492,유럽에서 한국자동차 견제 여론,https://news.naver.com/main/read.naver?mode=LSD&mid=sec&sid1=101&oid=001&aid=0003811988
493,新車특수가 사라진다,https://news.naver.com/main/read.naver?mode=LSD&mid=sec&sid1=101&oid=001&aid=0003842943
494,“거리의 빛깔이 달라진다”,https://news.naver.com/main/read.naver?mode=LSD&mid=sec&sid1=101&oid=001&aid=0003856235
495,추석앞두고 신차 출고적체 더욱 심화,https://news.naver.com/main/read.naver?mode=LSD&mid=sec&sid1=101&oid=001&aid=0003695171
496,자동차업계 내년 신규투자 2조7백억원,https://news.naver.com/main/read.naver?mode=LSD&mid=sec&sid1=101&oid=001&aid=0003526744
497,"집단소송 ""패소하면 망할수도"" 경보",http://www.hankyung.com/news/app/newsview.php?aid=2007021155291
498,美특공대 지원 `시민권 + 취업` 노린 한인처녀,http://news.mk.co.kr/newsRead.php?no=473379&year=2006
499,[경제정책 돋보기] 차량 모델별 보험료 조정 어떻게,https://news.naver.com/main/read.naver?mode=LSD&mid=sec&sid1=101&oid=081&aid=0000089689
