,title,url
0,"""아이오닉5·EV6·GV60, 빨리 타고 싶다면""…현대캐피탈, 리스·렌트 이벤트 개최",http://news.mk.co.kr/newsRead.php?no=392624&year=2022
1,현대차‧기아‧현대모비스‧현대위아 ‘RE100’ 가입…친환경 속도,https://economist.co.kr/2022/04/25/industry/normal/20220425094919824.html
2,"현대캐피탈, 신용점수 관리까지…자동차 금융 고도화",http://news.heraldcorp.com/view.php?ud=20220503000140
3,늦춰진 현대차그룹 중고차 진출…현대·KB캐피탈 희비,http://news.einfomax.co.kr/news/articleView.html?idxno=4211354
4,"현대차그룹 현대차.기아 등 4개사, RE100가입 승인",http://www.sportsseoul.com/news/read/1117918?ref=naver
5,"현대·KB·하나·DGB캐피탈, 오토금융 실지회복 나선다",http://www.fntimes.com/html/view.php?ud=202204231701361541dd55077bc2_18
6,현대캐피탈 '카드 공습'에도 車할부 '1위',http://www.m-i.kr/news/articleView.html?idxno=913504
7,중고차금융 텃밭 사수 나선 캐피탈사,http://www.kbanker.co.kr/news/articleView.html?idxno=204374
8,"실적 부풀리기 논란에 진땀 뺀 현대캐피탈, 해명에도 비판 남아",http://news.tf.co.kr/read/economy/1931908.htm
9,"기아, '車반도체·러시아' 악재에도 1분기 잘 달렸다…2분기도 '장밋빛'",https://www.news1.kr/articles/?4653691
10,"현대캐피탈, '디지털 중고차금융 안심동행•자동차금융 프로모션' 진행",http://www.iminju.net/news/articleView.html?idxno=77995
11,"카드사, 車할부금융 판 넓힌다…캐피탈 중고시장 지키기 ‘혈안’",https://www.ekn.kr/web/view.php?key=20220419010003234
12,"기아, 재규어랜드로버 출신 영업통 독일 영업 총괄로 영입",https://www.theguru.co.kr/news/article.html?no=34350
13,제네시스 GV80 사려는데… 카드·캐피탈 車할부 어디가 좋을까,http://moneys.mt.co.kr/news/mwView.php?no=2022040814388066106
14,"""현대캐피탈 이용하고 현대·기아차 구매 부담 줄이세요""",https://www.ajunews.com/view/20220401170704729
15,"""현대차·기아 '6개월 무이자'""…현대캐피탈, 신차 할부 혜택 공개",https://www.hankyung.com/economy/article/2022040166616
16,"[재계리포트] 현대캐피탈, 현대차그룹 직할경영 체제 본격화…현대차‧기아와 원팀으로 간다",https://www.sejungilbo.com/news/articleView.html?idxno=36808
17,"기아-KB캐피탈, '차 팔면 땡'...폭탄 돌리기에 소비자만 분통",https://www.kgnews.co.kr/news/article.html?no=693530
18,카드사들도 車 할부금융 시장에 진출…캐피탈사와 경쟁 ‘격화’,http://www.segyebiz.com/newsView/20220413509836?OutUrl=naver
19,"현대캐피탈, 현대車·기아 '레이 밴' 구매하면 할부 혜택",http://www.m-i.kr/news/articleView.html?idxno=901842
20,[IB토마토]자동차 할부금융 경쟁 격화…'흔들리는 챔피언' 현대캐피탈,http://www.newstomato.com/ReadNews.aspx?no=1116866&inflow=N
21,"현대캐피탈, 현대차·기아·제네시스 전 차종 2월 할부 혜택",http://www.breaknews.com/870304
22,"현대캐피탈, 현대·기아자동차 대상 신차 할부 혜택 제공",https://www.asiatoday.co.kr/view.php?key=20220207010002420
23,"현대캐피탈, 영업이익 4861억…전년비 22.2% ↑",http://www.thevaluenews.co.kr/news/view.php?idx=168477
24,"현대캐피탈, 무이자할부 등 '4월 자동차금융 프로모션' 진행",https://www.tfmedia.co.kr/news/article.html?no=123320
25,"현대캐피탈, 글로벌 그린본드 3억달러 발행…현대·기아 무공해車 지원",http://www.newsway.co.kr/news/view?tp=1&ud=2022011909045777683
26,"[격랑의 중고차시장]④ 긴장감 감도는 카드·캐피탈... 위기인가, 기회인가",http://www.opinionnews.co.kr/news/articleView.html?idxno=64816
27,"기아, 안전운전 하는 리스 렌트 고객에게 매달 1만 원 지원",https://www.businesspost.co.kr/BP?command=article_view&num=276579
28,"기아, 안전운전하는 리스 고객에 월 납입금 1만원 할인",http://www.econovill.com/news/articleView.html?idxno=570961
29,중고차 시장 큰 장…캡티브 시너지 노리는 현대캐피탈,http://news.einfomax.co.kr/news/articleView.html?idxno=4205288
30,"코스피 코스닥 상승 출발, 동일제강 창해에탄올 메이슨캐피탈 급등",https://www.businesspost.co.kr/BP?command=article_view&num=277579
31,"현대캐피탈, 새로운 경영체계로 현대자동차그룹과 결속력 높여",https://www.ngetnews.com/news/articleView.html?idxno=407079
32,"현대캐피탈, 기아차 장기렌터카 프로그램 확대",https://news.mtn.co.kr/news-detail/?v=2022010610074194427
33,"정태영 부회장 떠난 현대캐피탈, 영업이익 부풀리기 의혹...금감원 ""조사하겠다""",https://www.socialvalue.kr/news/view/1065586886176251
34,"카드사, 자동차 할부금융 시장 진출…캐피탈사와 '맞불', 승자는 어디?",http://www.pinpointnews.co.kr/news/articleView.html?idxno=109638
35,"KB캐피탈, '시늉'뿐인 고객 관리...""담당자가 많아 헷갈렸다""",https://www.kgnews.co.kr/news/article.html?no=693877
36,"현대캐피탈, 지분 1%도 없는데 '자회사?'…'해외실적 뻥튀기 논란'",http://www.etnews.com/20220317000204
37,"카드업계, '낮은 금리'로 車 할부금융 경쟁…캐피탈 압박",http://www.dailyimpact.co.kr/news/articleView.html?idxno=77876
38,"현대카드·캐피탈, 독자 경영체제 속도",http://www.fntimes.com/html/view.php?ud=202203122153498636dd55077bc2_18
39,"[2022 경영전략] 현대캐피탈, 모빌리티 중심 미래사업 기반 확충",http://www.fntimes.com/html/view.php?ud=202203122316371721dd55077bc2_18
40,"현대캐피탈, 현대자동차/제네시스/기아 전 차종 대상 '12월 신차할부 특별 프로모션' 시행",http://www.wsobi.com/news/articleView.html?idxno=148488
41,"기아, 현대캐피탈 지분 40.1%로 확대···""車할부 시너지""",http://www.seoulfn.com/news/articleView.html?idxno=440523
42,자동차 할부시장 두고 카드사-캐피탈 생존 경쟁,http://www.newstomato.com/ReadNews.aspx?no=1111654&inflow=N
43,기아 8723억에 현대캐피탈 주식 20% 매입..車할부사와 시너지↑,http://news.mt.co.kr/mtview.php?no=2021120916534323279
44,"'전동화 전환' 바쁜 기아, 현대캐피탈 지분 20% 추가 매입...멀어지는 '금산 분리'",http://www.bloter.net/newsView/blt202112090104
45,"현대캐피탈, 제네시스·기아 전 차종 대상 특별 프로모션 진행",http://www.newsway.co.kr/news/view?tp=1&ud=2021121017231471667
46,현대캐피탈 “첫 1년 할부 이자만 내고 ‘레이 1인승 밴’ 구매하세요”,http://www.segyebiz.com/newsView/20220303516991?OutUrl=naver
47,현대카드 이어 현대캐피탈도 '무배당'… 현대커머셜은 최대 배당,https://biz.newdaily.co.kr/site/data/html/2022/02/22/2022022200060.html
48,"현대캐피탈, '자동차금융 프로모션' 시행",http://www.newscj.com/news/articleView.html?idxno=977080
49,"현대캐피탈, 정태영 품 떠나 세상 속으로…여름 이전할 듯",http://www.shinailbo.co.kr/news/articleView.html?idxno=1523491
50,"현대캐피탈, 지난해 우수한 성적표...""현대차 시너지 지속 강화""",http://www.paxetv.com/news/articleView.html?idxno=142154
51,"현대캐피탈, 기아 고객용 'K-Solution' 프로그램 출시",http://www.newspim.com/news/view/20211102000140
52,"현대캐피탈, 기아차 고객 위한 자동차리스상품 ‘K-솔루션’ 내놔",https://www.businesspost.co.kr/BP?command=article_view&num=257445
53,"[더벨][Korean Paper]기아, 악화된 시장분위기 돌파해낼까",http://www.thebell.co.kr/front/free/contents/news/article_view.asp?key=202201281354460680108861
54,"현대캐피탈, 7억 달러 규모 '글로벌 채권' 발행",http://www.bizwnews.com/news/articleView.html?idxno=31966
55,"현대캐피탈, 서울역 '그랜드센트럴'로 사옥 이전 러시",http://www.fntimes.com/html/view.php?ud=2022011921570546740d260cda75_18
56,"[더벨][Korean Paper]현대캐피탈, '현대+ESG'로 글로벌 투심 겨냥 성공",http://www.thebell.co.kr/front/free/contents/news/article_view.asp?key=202201201504518000104552
57,"“비용 줄여 더 좋은 車” 캐피탈업계, 장기렌트 등 리스사업 강화",http://news.heraldcorp.com/view.php?ud=20220112000206
58,"현대캐피탈, 을지로로 사옥 이전?…4년 뒤 완공 GBC 입주 전 임시방편 되나",http://www.fntimes.com/html/view.php?ud=2021123113002483730d260cda75_18
59,"현대차그룹 편입된 현대캐피탈, 독립성 버리고 후방 지원?",https://ilyo.co.kr/?ac=article_view&entry_id=419033
60,"목진원 현대캐피탈 대표, 글로벌 시장 확장 본격화",http://www.fntimes.com/html/view.php?ud=202112102218099626dd55077bc2_18
61,"현대카드-현대캐피탈, 기아 전기차 구매지원 프로그램 및 할부 상품 선보여",http://www.weeklytoday.com/news/articleView.html?idxno=393747
62,"기아 전기차 타 볼까… 현대카드·캐피탈, 전용 프로그램 출시",http://www.skyedaily.com/news/news_view.html?ID=138440
63,[연말인사] 현대차그룹 ‘금융계열사’ CEO 인사 임박...증권∙카드∙캐피탈∙커머셜 관심↑,http://www.thevaluenews.co.kr/news/view.php?idx=166247
64,현대캐피탈 대표 “버려진 운동장 취급… 업권 보호·형평성 맞춰줘야” 규제장벽 막힌 캐피탈사의 ‘돌직구’,https://www.seoul.co.kr/news/newsView.php?id=20211215021030&wlog_tag3=naver
65,"""자산合 50조 캐피탈사들이 GA진출하면""··보험업계 긴장↑",http://news.mt.co.kr/mtview.php?no=2021121316132111066
66,"[단독]“현대차와 시너지 창출”...현대캐피탈, 프랑스 진출",https://www.sedaily.com/NewsView/22V4YVH94D
67,푸본현대생명 이사진 변경…'현대캐피탈→현대카드' 교체,https://www.theguru.co.kr/news/article.html?no=28634
68,"현대캐피탈, 현대차 직할 경영체제로",http://www.fntimes.com/html/view.php?ud=202110300801076765dd55077bc2_18
69,[유가증권시장 공시] 기아 / SGC에너지,http://news.mk.co.kr/newsRead.php?no=1126916&year=2021
70,"그랜저 할부 55만원 싸졌다…현대캐피탈, 현대 기아 금리 인하",http://news.mk.co.kr/newsRead.php?no=552780&year=2021
71,"현대차·기아-현대캐피탈-제주특별자치도, 전기차 기반 'V2G 시범사업' 협력",http://www.osen.co.kr/article/G1111576489
72,"현대차·기아-현대캐피탈-제주특별자치도, 전기차 기반 'V2G 시범사업 MOU' 체결",http://www.newswatch.kr/news/articleView.html?idxno=54784
73,"현대차·기아·현대캐피탈, 제주도 업무용 차량 V2G 시범사업 MOU 체결",http://www.breaknews.com/804784
74,"제주도, V2G 시범모델 현대차‧기아, 현대캐피탈과 맞손",http://www.mediajeju.com/news/articleView.html?idxno=330282
75,"현대차·기아-현대캐피탈-제주도, 전기차 기반 'V2G 시범사업' 맞손",https://www.asiatoday.co.kr/view.php?key=20210507010003473
76,"현대캐피탈, 기아 K8 전용 '저금리 프로모션' 진행",https://biz.chosun.com/site/data/html_dir/2021/04/21/2021042101195.html?utm_source=naver&utm_medium=original&utm_campaign=biz
77,"현대캐피탈, '기아 K 시리즈' 구매 고객 대상 프로모션 진행",http://www.wowtv.co.kr/NewsCenter/News/Read?articleId=A202104200285&t=NN
78,"현대캐피탈, 기아 K시리즈 구매 프로모션",https://view.asiae.co.kr/article/2021042114103682626
79,"현대캐피탈, 기아 K시리즈 프로모션 실시",http://www.weeklytoday.com/news/articleView.html?idxno=356379
80,"현대캐피탈 해외사업 탄력받나, 목진원 글로벌 영업전문가 면모 주목",https://www.businesspost.co.kr/BP?command=article_view&num=251105
81,"[이슈&이슈] 현대캐피탈, 현대차 직할 경영체제 돌입하나",http://www.viva100.com/main/view.php?key=20210909010002713
82,"""현대카드·커머셜에 집중""…정태영, 현대캐피탈 대표직 사임",https://www.asiatoday.co.kr/view.php?key=20210906010003200
83,"현대캐피탈, 美JD파워 딜러 파이낸싱 만족도 조사 9위",https://www.theguru.co.kr/news/article.html?no=25614
84,"현대캐피탈, 기아차와 새 봄 맞이 금융 프로모션 진행",http://www.g-enews.com/ko-kr/news/article/news_all/20210303053738275794b6db5823_1/article.html
85,"현대캐피탈, 기아 전용 금융 프로모션 실시",http://www.dailysmart.co.kr/news/articleView.html?idxno=40917
86,"정태영 부회장, 현대캐피탈 대표 사임…카드·커머셜 경영에 ‘집중’",http://www.newsway.co.kr/news/view?tp=1&ud=2021090619282845838
87,"""현대카드 경영에 집중할 것""…정태영, 현대캐피탈 대표 사임",https://www.hankyung.com/economy/article/2021090659441
88,[단독] 현대카드·푸본금융 동맹 닻 올린다…'4400억' 지분투자 완료,https://www.theguru.co.kr/news/article.html?no=35199
89,"현대캐피탈, 기아차 구매 고객 대상 프로모션 실시",https://www.ekn.kr/web/view.php?key=20201204010001169
90,"현대캐피탈, 기아차 구매자 전용 '3종 프로모션' 진행",http://www.newsian.co.kr/news/articleView.html?idxno=45093
91,‘통신판매’ 뛰어든 하나캐피탈…“신사업 가능성 타진”,https://www.ceoscoredaily.com/page/view/2021071216345044742
92,현대캐피탈 기아차 할부이자 프로모션 실시,http://www.wsobi.com/news/articleView.html?idxno=109552
93,"현대캐피탈, 할부 상품 금리 0.7%p 전격 인하",http://www.weeklytoday.com/news/articleView.html?idxno=373151
94,"현대캐피탈, 할부 상품 금리 0.7%p 전격 인하",http://www.newslock.co.kr/news/articleView.html?idxno=41213
95,"현대캐피탈, 할부 상품 금리 0.7%포인트 인하",http://www.dt.co.kr/contents.html?article_no=2021060802109963075004&ref=naver
96,"현대캐피탈, 할부상품 금리 0.7%p 전격 인하",https://daily.hankooki.com/lpage/finance/202106/dh20210608084308148320.htm?s_ref=nv
97,"현대캐피탈, 할부 금리 0.7%p 인하",http://www.newstomato.com/ReadNews.aspx?no=1050088&inflow=N
98,"하나캐피탈, 쓱데이 '기아 렌터카도 쓱'",http://www.newsian.co.kr/news/articleView.html?idxno=44219
99,"[더벨]하나캐피탈, 금융업 벗어난 신사업 진출 노린다",http://www.thebell.co.kr/front/free/contents/news/article_view.asp?key=202107011508203160102520
100,"기아, 현대캐피탈 주식 20% 매입...할부 서비스 강화 전망",https://www.ajunews.com/view/20211210073854711
101,자동차 할부시장 두고 카드사-캐피탈 생존 경쟁,http://www.newstomato.com/ReadNews.aspx?no=1111654&inflow=N
102,기아 8723억에 현대캐피탈 주식 20% 매입..車할부사와 시너지↑,http://news.mt.co.kr/mtview.php?no=2021120916534323279
103,"'전동화 전환' 바쁜 기아, 현대캐피탈 지분 20% 추가 매입...멀어지는 '금산 분리'",http://www.bloter.net/newsView/blt202112090104
104,"현대캐피탈, “첫 1년은 할부 이자만 내고 레이 1인승 밴을 구매하세요“",http://www.megaeconomy.co.kr/news/newsview.php?ncode=1065571326134368
105,"현대캐피탈, 제네시스·기아 전 차종 대상 특별 프로모션 진행",http://www.newsway.co.kr/news/view?tp=1&ud=2021121017231471667
106,현대캐피탈 “첫 1년 할부 이자만 내고 ‘레이 1인승 밴’ 구매하세요”,http://www.segyebiz.com/newsView/20220303516991?OutUrl=naver
107,현대카드 이어 현대캐피탈도 '무배당'… 현대커머셜은 최대 배당,https://biz.newdaily.co.kr/site/data/html/2022/02/22/2022022200060.html
108,"현대캐피탈, '자동차금융 프로모션' 시행",http://www.newscj.com/news/articleView.html?idxno=977080
109,"현대캐피탈, 정태영 품 떠나 세상 속으로…여름 이전할 듯",http://www.shinailbo.co.kr/news/articleView.html?idxno=1523491
110,"기아, 8700억 투입해 현대캐피탈 지분 20% 취득…그룹지분 99.8%(종합)",http://www.newsis.com/view/?id=NISX20211209_0001682772&cID=13001&pID=13000
111,"기아, 현대캐피탈 주식 20% 인수한다",http://www.etnews.com/20211209000255
112,"현대캐피탈, “첫 1년은 할부 이자만 내고 레이 1인승 밴을 구매하세요“",http://www.megaeconomy.co.kr/news/newsview.php?ncode=1065571326134368
113,"기아, 현대캐피탈 지분 20% 추가 취득 결정…현대차그룹 지분율 99% 넘어",https://economist.co.kr/2021/12/10/industry/normal/20211210101256799.html
114,"현대캐피탈, 제네시스·기아 전 차종 대상 특별 프로모션 진행",http://www.newsway.co.kr/news/view?tp=1&ud=2021121017231471667
115,현대캐피탈 “첫 1년 할부 이자만 내고 ‘레이 1인승 밴’ 구매하세요”,http://www.segyebiz.com/newsView/20220303516991?OutUrl=naver
116,현대카드 이어 현대캐피탈도 '무배당'… 현대커머셜은 최대 배당,https://biz.newdaily.co.kr/site/data/html/2022/02/22/2022022200060.html
117,"현대캐피탈, '자동차금융 프로모션' 시행",http://www.newscj.com/news/articleView.html?idxno=977080
118,"현대캐피탈, 정태영 품 떠나 세상 속으로…여름 이전할 듯",http://www.shinailbo.co.kr/news/articleView.html?idxno=1523491
119,"현대캐피탈, 지난해 우수한 성적표...""현대차 시너지 지속 강화""",http://www.paxetv.com/news/articleView.html?idxno=142154
120,"현대캐피탈, 제네시스·기아 전 차종 대상 특별 프로모션 진행",http://www.newsway.co.kr/news/view?tp=1&ud=2021121017231471667
121,"기아,현대캐피탈 지분 1986만여주 추가 취득",https://www.hankyung.com/economy/article/202112097707r
122,"기아, 현대캐피탈 주식 20% 인수…총 40.1% 확보",https://daily.hankooki.com/lpage/industry/202112/dh20211209191024147980.htm?s_ref=nv
123,현대캐피탈 “첫 1년 할부 이자만 내고 ‘레이 1인승 밴’ 구매하세요”,http://www.segyebiz.com/newsView/20220303516991?OutUrl=naver
124,"“첫 1년은 할부 이자만” 현대캐피탈, 3월 신차 할부 프로모션 진행",http://news.heraldcorp.com/view.php?ud=20220302000453
125,현대카드 이어 현대캐피탈도 '무배당'… 현대커머셜은 최대 배당,https://biz.newdaily.co.kr/site/data/html/2022/02/22/2022022200060.html
126,"현대캐피탈, '자동차금융 프로모션' 시행",http://www.newscj.com/news/articleView.html?idxno=977080
127,"현대캐피탈, 정태영 품 떠나 세상 속으로…여름 이전할 듯",http://www.shinailbo.co.kr/news/articleView.html?idxno=1523491
128,"현대캐피탈, 지난해 우수한 성적표...""현대차 시너지 지속 강화""",http://www.paxetv.com/news/articleView.html?idxno=142154
129,"현대캐피탈, 기아 고객용 'K-Solution' 프로그램 출시",http://www.newspim.com/news/view/20211102000140
130,"현대캐피탈, “첫 1년은 할부 이자만” 레이 1인승 밴 할부 프로모션 진행",http://www.nspna.com/news/?mode=view&newsid=557130
131,현대카드 이어 현대캐피탈도 '무배당'… 현대커머셜은 최대 배당,https://biz.newdaily.co.kr/site/data/html/2022/02/22/2022022200060.html
132,"현대캐피탈, '자동차금융 프로모션' 시행",http://www.newscj.com/news/articleView.html?idxno=977080
133,"현대캐피탈, 정태영 품 떠나 세상 속으로…여름 이전할 듯",http://www.shinailbo.co.kr/news/articleView.html?idxno=1523491
134,"현대캐피탈, 지난해 우수한 성적표...""현대차 시너지 지속 강화""",http://www.paxetv.com/news/articleView.html?idxno=142154
135,"현대캐피탈, 기아 고객용 'K-Solution' 프로그램 출시",http://www.newspim.com/news/view/20211102000140
136,"현대캐피탈, 기아차 고객 위한 자동차리스상품 ‘K-솔루션’ 내놔",https://www.businesspost.co.kr/BP?command=article_view&num=257445
137,"[더벨][Korean Paper]기아, 악화된 시장분위기 돌파해낼까",http://www.thebell.co.kr/front/free/contents/news/article_view.asp?key=202201281354460680108861
138,"현대캐피탈, 7억 달러 규모 글로벌 채권 발행",https://www.etoday.co.kr/news/view/2097837
139,"현대캐피탈, 7억 달러 규모 '글로벌 채권' 발행",http://www.bizwnews.com/news/articleView.html?idxno=31966
140,"현대캐피탈, 기아차 고객 위한 자동차리스상품 ‘K-솔루션’ 내놔",https://www.businesspost.co.kr/BP?command=article_view&num=257445
141,"[더벨][Korean Paper]기아, 악화된 시장분위기 돌파해낼까",http://www.thebell.co.kr/front/free/contents/news/article_view.asp?key=202201281354460680108861
142,"현대캐피탈, 7억 달러 규모 글로벌 채권 발행",https://www.etoday.co.kr/news/view/2097837
143,"현대캐피탈, 7억 달러 규모 '글로벌 채권' 발행",http://www.bizwnews.com/news/articleView.html?idxno=31966
144,"현대캐피탈, 서울역 '그랜드센트럴'로 사옥 이전 러시",http://www.fntimes.com/html/view.php?ud=2022011921570546740d260cda75_18
145,"[더벨][Korean Paper]현대캐피탈, '현대+ESG'로 글로벌 투심 겨냥 성공",http://www.thebell.co.kr/front/free/contents/news/article_view.asp?key=202201201504518000104552
146,"현대캐피탈, 'K-솔루션' 장기렌터카로 확대",http://www.fnnews.com/news/202201060917599278
147,"“비용 줄여 더 좋은 車” 캐피탈업계, 장기렌트 등 리스사업 강화",http://news.heraldcorp.com/view.php?ud=20220112000206
148,"현대캐피탈, 을지로로 사옥 이전?…4년 뒤 완공 GBC 입주 전 임시방편 되나",http://www.fntimes.com/html/view.php?ud=2021123113002483730d260cda75_18
149,"현대차그룹 편입된 현대캐피탈, 독립성 버리고 후방 지원?",https://ilyo.co.kr/?ac=article_view&entry_id=419033
150,"현대캐피탈, 기아 이용 고객을 위한 K-Solution 프로그램 출시",http://www.paxetv.com/news/articleView.html?idxno=129935
151,"[더벨][Korean Paper]기아, 악화된 시장분위기 돌파해낼까",http://www.thebell.co.kr/front/free/contents/news/article_view.asp?key=202201281354460680108861
152,"현대캐피탈, 7억 달러 규모 글로벌 채권 발행",https://www.etoday.co.kr/news/view/2097837
153,"현대캐피탈, 7억 달러 규모 '글로벌 채권' 발행",http://www.bizwnews.com/news/articleView.html?idxno=31966
154,"현대캐피탈, 서울역 '그랜드센트럴'로 사옥 이전 러시",http://www.fntimes.com/html/view.php?ud=2022011921570546740d260cda75_18
155,"[더벨][Korean Paper]현대캐피탈, '현대+ESG'로 글로벌 투심 겨냥 성공",http://www.thebell.co.kr/front/free/contents/news/article_view.asp?key=202201201504518000104552
156,"현대캐피탈, 'K-솔루션' 장기렌터카로 확대",http://www.fnnews.com/news/202201060917599278
157,"“비용 줄여 더 좋은 車” 캐피탈업계, 장기렌트 등 리스사업 강화",http://news.heraldcorp.com/view.php?ud=20220112000206
158,"현대캐피탈, 을지로로 사옥 이전?…4년 뒤 완공 GBC 입주 전 임시방편 되나",http://www.fntimes.com/html/view.php?ud=2021123113002483730d260cda75_18
159,"현대차그룹 편입된 현대캐피탈, 독립성 버리고 후방 지원?",https://ilyo.co.kr/?ac=article_view&entry_id=419033
160,"현대캐피탈, 7억 달러 규모 글로벌 채권 발행",http://www.wsobi.com/news/articleView.html?idxno=151784
161,"현대캐피탈, 7억 달러 규모 '글로벌 채권' 발행",http://www.bizwnews.com/news/articleView.html?idxno=31966
162,"현대캐피탈, 서울역 '그랜드센트럴'로 사옥 이전 러시",http://www.fntimes.com/html/view.php?ud=2022011921570546740d260cda75_18
163,"[더벨][Korean Paper]현대캐피탈, '현대+ESG'로 글로벌 투심 겨냥 성공",http://www.thebell.co.kr/front/free/contents/news/article_view.asp?key=202201201504518000104552
164,"현대캐피탈, 'K-솔루션' 장기렌터카로 확대",http://www.fnnews.com/news/202201060917599278
165,"“비용 줄여 더 좋은 車” 캐피탈업계, 장기렌트 등 리스사업 강화",http://news.heraldcorp.com/view.php?ud=20220112000206
166,"현대캐피탈, 을지로로 사옥 이전?…4년 뒤 완공 GBC 입주 전 임시방편 되나",http://www.fntimes.com/html/view.php?ud=2021123113002483730d260cda75_18
167,"현대차그룹 편입된 현대캐피탈, 독립성 버리고 후방 지원?",https://ilyo.co.kr/?ac=article_view&entry_id=419033
168,"현대캐피탈, 현대차·제네세스 등 12월 신차할부 특별 프로모션",https://www.ebn.co.kr/news/view/1511704/?sc=Naver
169,"[더벨]현대캐피탈, 5년 만에 현대차그룹 완전 편입",http://www.thebell.co.kr/front/free/contents/news/article_view.asp?key=202112091933522160108050
170,"현대캐피탈, 7억 달러 규모 '글로벌 채권' 발행",http://www.bizwnews.com/news/articleView.html?idxno=31966
171,"현대캐피탈, 7억 달러 규모 글로벌 채권 발행",https://view.asiae.co.kr/article/2022011909052317736
172,"현대캐피탈, 서울역 '그랜드센트럴'로 사옥 이전 러시",http://www.fntimes.com/html/view.php?ud=2022011921570546740d260cda75_18
173,"[더벨][Korean Paper]현대캐피탈, '현대+ESG'로 글로벌 투심 겨냥 성공",http://www.thebell.co.kr/front/free/contents/news/article_view.asp?key=202201201504518000104552
174,"현대캐피탈, 'K-솔루션' 장기렌터카로 확대",http://www.fnnews.com/news/202201060917599278
175,"“비용 줄여 더 좋은 車” 캐피탈업계, 장기렌트 등 리스사업 강화",http://news.heraldcorp.com/view.php?ud=20220112000206
176,"현대캐피탈, 을지로로 사옥 이전?…4년 뒤 완공 GBC 입주 전 임시방편 되나",http://www.fntimes.com/html/view.php?ud=2021123113002483730d260cda75_18
177,"현대차그룹 편입된 현대캐피탈, 독립성 버리고 후방 지원?",https://ilyo.co.kr/?ac=article_view&entry_id=419033
178,"현대캐피탈, 현대차·제네세스 등 12월 신차할부 특별 프로모션",https://www.ebn.co.kr/news/view/1511704/?sc=Naver
179,"[더벨]현대캐피탈, 5년 만에 현대차그룹 완전 편입",http://www.thebell.co.kr/front/free/contents/news/article_view.asp?key=202112091933522160108050
180,"현대캐피탈, 7억 달러 규모 글로벌 채권 발행",http://www.dt.co.kr/contents.html?article_no=2022011902109963075003&ref=naver
181,"현대캐피탈, 서울역 '그랜드센트럴'로 사옥 이전 러시",http://www.fntimes.com/html/view.php?ud=2022011921570546740d260cda75_18
182,"[더벨][Korean Paper]현대캐피탈, '현대+ESG'로 글로벌 투심 겨냥 성공",http://www.thebell.co.kr/front/free/contents/news/article_view.asp?key=202201201504518000104552
183,"현대캐피탈, 'K-솔루션' 장기렌터카로 확대",http://www.fnnews.com/news/202201060917599278
184,"“비용 줄여 더 좋은 車” 캐피탈업계, 장기렌트 등 리스사업 강화",http://news.heraldcorp.com/view.php?ud=20220112000206
185,"현대캐피탈, 을지로로 사옥 이전?…4년 뒤 완공 GBC 입주 전 임시방편 되나",http://www.fntimes.com/html/view.php?ud=2021123113002483730d260cda75_18
186,"현대차그룹 편입된 현대캐피탈, 독립성 버리고 후방 지원?",https://ilyo.co.kr/?ac=article_view&entry_id=419033
187,"현대캐피탈, 신차할부 특별 프로모션 진행",https://www.fetv.co.kr/news/article.html?no=103186
188,"[더벨]현대캐피탈, 5년 만에 현대차그룹 완전 편입",http://www.thebell.co.kr/front/free/contents/news/article_view.asp?key=202112091933522160108050
189,"목진원 현대캐피탈 대표, 글로벌 시장 확장 본격화",http://www.fntimes.com/html/view.php?ud=202112102218099626dd55077bc2_18
190,"현대캐피탈, 7억달러 규모 글로벌채권 발행",http://www.newstomato.com/ReadNews.aspx?no=1101214&inflow=N
191,"[더벨][Korean Paper]현대캐피탈, '현대+ESG'로 글로벌 투심 겨냥 성공",http://www.thebell.co.kr/front/free/contents/news/article_view.asp?key=202201201504518000104552
192,"현대캐피탈, 'K-솔루션' 장기렌터카로 확대",http://www.fnnews.com/news/202201060917599278
193,"“비용 줄여 더 좋은 車” 캐피탈업계, 장기렌트 등 리스사업 강화",http://news.heraldcorp.com/view.php?ud=20220112000206
194,"현대캐피탈, 을지로로 사옥 이전?…4년 뒤 완공 GBC 입주 전 임시방편 되나",http://www.fntimes.com/html/view.php?ud=2021123113002483730d260cda75_18
195,"현대차그룹 편입된 현대캐피탈, 독립성 버리고 후방 지원?",https://ilyo.co.kr/?ac=article_view&entry_id=419033
196,"현대캐피탈, 신차할부 특별 프로모션 진행",https://www.fetv.co.kr/news/article.html?no=103186
197,"[더벨]현대캐피탈, 5년 만에 현대차그룹 완전 편입",http://www.thebell.co.kr/front/free/contents/news/article_view.asp?key=202112091933522160108050
198,"목진원 현대캐피탈 대표, 글로벌 시장 확장 본격화",http://www.fntimes.com/html/view.php?ud=202112102218099626dd55077bc2_18
199,"현대카드-현대캐피탈, 기아 전기차 구매지원 프로그램 및 할부 상품 선보여",http://www.weeklytoday.com/news/articleView.html?idxno=393747
200,"현대캐피탈, ‘K-Solution’에 장기렌터카 프로그램 추가",http://www.fntimes.com/html/view.php?ud=2022010610485081800d260cda75_18
201,"“비용 줄여 더 좋은 車” 캐피탈업계, 장기렌트 등 리스사업 강화",http://news.heraldcorp.com/view.php?ud=20220112000206
202,"현대캐피탈, 7억달러 규모 글로벌 채권 발행",http://www.naeil.com/news_view/?id_art=411765
203,"현대캐피탈, 을지로로 사옥 이전?…4년 뒤 완공 GBC 입주 전 임시방편 되나",http://www.fntimes.com/html/view.php?ud=2021123113002483730d260cda75_18
204,"현대차그룹 편입된 현대캐피탈, 독립성 버리고 후방 지원?",https://ilyo.co.kr/?ac=article_view&entry_id=419033
205,"현대캐피탈, 신차할부 특별 프로모션 진행",https://www.fetv.co.kr/news/article.html?no=103186
206,"[더벨]현대캐피탈, 5년 만에 현대차그룹 완전 편입",http://www.thebell.co.kr/front/free/contents/news/article_view.asp?key=202112091933522160108050
207,"목진원 현대캐피탈 대표, 글로벌 시장 확장 본격화",http://www.fntimes.com/html/view.php?ud=202112102218099626dd55077bc2_18
208,"현대카드-현대캐피탈, 기아 전기차 구매지원 프로그램 및 할부 상품 선보여",http://www.weeklytoday.com/news/articleView.html?idxno=393747
209,"기아 전기차 타 볼까… 현대카드·캐피탈, 전용 프로그램 출시",http://www.skyedaily.com/news/news_view.html?ID=138440
210,"""신차, '알뜰 솔루션' 알려드려요""…현대캐피탈 K-솔루션, 납입금·주유비 모두 할인",http://news.mk.co.kr/newsRead.php?no=17862&year=2022
211,"현대캐피탈, 을지로로 사옥 이전?…4년 뒤 완공 GBC 입주 전 임시방편 되나",http://www.fntimes.com/html/view.php?ud=2021123113002483730d260cda75_18
212,"현대차그룹 편입된 현대캐피탈, 독립성 버리고 후방 지원?",https://ilyo.co.kr/?ac=article_view&entry_id=419033
213,"현대캐피탈, 현대차·제네세스 등 12월 신차할부 특별 프로모션",https://www.ebn.co.kr/news/view/1511704/?sc=Naver
214,"[더벨]현대캐피탈, 5년 만에 현대차그룹 완전 편입",http://www.thebell.co.kr/front/free/contents/news/article_view.asp?key=202112091933522160108050
215,"목진원 현대캐피탈 대표, 글로벌 시장 확장 본격화",http://www.fntimes.com/html/view.php?ud=202112102218099626dd55077bc2_18
216,"현대카드-현대캐피탈, 기아 전기차 구매지원 프로그램 및 할부 상품 선보여",http://www.weeklytoday.com/news/articleView.html?idxno=393747
217,"기아 전기차 타 볼까… 현대카드·캐피탈, 전용 프로그램 출시",http://www.skyedaily.com/news/news_view.html?ID=138440
218,[연말인사] 현대차그룹 ‘금융계열사’ CEO 인사 임박...증권∙카드∙캐피탈∙커머셜 관심↑,http://www.thevaluenews.co.kr/news/view.php?idx=166247
219,현대캐피탈 대표 “버려진 운동장 취급… 업권 보호·형평성 맞춰줘야” 규제장벽 막힌 캐피탈사의 ‘돌직구’,https://www.seoul.co.kr/news/newsView.php?id=20211215021030&wlog_tag3=naver
220,"현대카드·현대캐피탈, 기아 전기차 전용 카드·할부 프로그램 선뵈",http://www.megaeconomy.co.kr/news/newsview.php?ncode=1065581065924017
221,"기아 전기차 타 볼까… 현대카드·캐피탈, 전용 프로그램 출시",http://www.skyedaily.com/news/news_view.html?ID=138440
222,[연말인사] 현대차그룹 ‘금융계열사’ CEO 인사 임박...증권∙카드∙캐피탈∙커머셜 관심↑,http://www.thevaluenews.co.kr/news/view.php?idx=166247
223,현대캐피탈 대표 “버려진 운동장 취급… 업권 보호·형평성 맞춰줘야” 규제장벽 막힌 캐피탈사의 ‘돌직구’,https://www.seoul.co.kr/news/newsView.php?id=20211215021030&wlog_tag3=naver
224,"""월 28만원이면 캐스퍼 오너""…현대캐피탈, 금리 1.9~2.7% 신차할부 내놨다",http://news.mk.co.kr/newsRead.php?no=1128982&year=2021
225,"""자산合 50조 캐피탈사들이 GA진출하면""··보험업계 긴장↑",http://news.mt.co.kr/mtview.php?no=2021121316132111066
226,"[단독]“현대차와 시너지 창출”...현대캐피탈, 프랑스 진출",https://www.sedaily.com/NewsView/22V4YVH94D
227,푸본현대생명 이사진 변경…'현대캐피탈→현대카드' 교체,https://www.theguru.co.kr/news/article.html?no=28634
228,"현대캐피탈, 현대차 직할 경영체제로",http://www.fntimes.com/html/view.php?ud=202110300801076765dd55077bc2_18
229,"현대캐피탈, 5월 가정의달 맞아 자동차금융 프로모션",https://www.etoday.co.kr/news/view/2130071
230,[연말인사] 현대차그룹 ‘금융계열사’ CEO 인사 임박...증권∙카드∙캐피탈∙커머셜 관심↑,http://www.thevaluenews.co.kr/news/view.php?idx=166247
231,"현대카드-현대캐피탈, 기아 전기차 전용카드 구매지원 및 할부 상품 선봬",http://www.paxetv.com/news/articleView.html?idxno=124233
232,현대캐피탈 대표 “버려진 운동장 취급… 업권 보호·형평성 맞춰줘야” 규제장벽 막힌 캐피탈사의 ‘돌직구’,https://www.seoul.co.kr/news/newsView.php?id=20211215021030&wlog_tag3=naver
233,"""월 28만원이면 캐스퍼 오너""…현대캐피탈, 금리 1.9~2.7% 신차할부 내놨다",http://news.mk.co.kr/newsRead.php?no=1128982&year=2021
234,"""자산合 50조 캐피탈사들이 GA진출하면""··보험업계 긴장↑",http://news.mt.co.kr/mtview.php?no=2021121316132111066
235,"[단독]“현대차와 시너지 창출”...현대캐피탈, 프랑스 진출",https://www.sedaily.com/NewsView/22V4YVH94D
236,"현대카드·캐피탈, 기아 전기자동차 구매지원 프로그램 진행",http://www.cnbnews.com/news/article.html?no=505943
237,푸본현대생명 이사진 변경…'현대캐피탈→현대카드' 교체,https://www.theguru.co.kr/news/article.html?no=28634
238,"현대캐피탈, 현대차 직할 경영체제로",http://www.fntimes.com/html/view.php?ud=202110300801076765dd55077bc2_18
239,"현대캐피탈, 5월 가정의달 맞아 자동차금융 프로모션",https://www.etoday.co.kr/news/view/2130071
240,"현대카드·캐피탈, 기아 전기차 전용 지원 나선다",http://www.fntimes.com/html/view.php?ud=2021081109414647410d260cda75_18
241,현대캐피탈 대표 “버려진 운동장 취급… 업권 보호·형평성 맞춰줘야” 규제장벽 막힌 캐피탈사의 ‘돌직구’,https://www.seoul.co.kr/news/newsView.php?id=20211215021030&wlog_tag3=naver
242,"""월 28만원이면 캐스퍼 오너""…현대캐피탈, 금리 1.9~2.7% 신차할부 내놨다",http://news.mk.co.kr/newsRead.php?no=1128982&year=2021
243,"""자산合 50조 캐피탈사들이 GA진출하면""··보험업계 긴장↑",http://news.mt.co.kr/mtview.php?no=2021121316132111066
244,"[단독]“현대차와 시너지 창출”...현대캐피탈, 프랑스 진출",https://www.sedaily.com/NewsView/22V4YVH94D
245,"현대카드·캐피탈, 기아 전기자동차 구매지원 프로그램 진행",http://www.cnbnews.com/news/article.html?no=505943
246,푸본현대생명 이사진 변경…'현대캐피탈→현대카드' 교체,https://www.theguru.co.kr/news/article.html?no=28634
247,"현대캐피탈, 현대차 직할 경영체제로",http://www.fntimes.com/html/view.php?ud=202110300801076765dd55077bc2_18
248,"현대캐피탈, 5월 가정의달 맞아 자동차금융 프로모션",https://www.etoday.co.kr/news/view/2130071
249,[유가증권시장 공시] 기아 / SGC에너지,http://news.mk.co.kr/newsRead.php?no=1126916&year=2021
250,"[SR경제&라이프] 현대카드·캐피탈, 기아전기차 전용할부 출시",http://www.srtimes.kr/news/articleView.html?idxno=97974
251,"현대캐피탈, 현대차 직할 경영체제로",http://www.fntimes.com/html/view.php?ud=202110300801076765dd55077bc2_18
252,"현대캐피탈, 5월 가정의달 맞아 자동차금융 프로모션",https://www.etoday.co.kr/news/view/2130071
253,[유가증권시장 공시] 기아 / SGC에너지,http://news.mk.co.kr/newsRead.php?no=1126916&year=2021
254,"그랜저 할부 55만원 싸졌다…현대캐피탈, 현대 기아 금리 인하",http://news.mk.co.kr/newsRead.php?no=552780&year=2021
255,"현대차·기아-현대캐피탈-제주특별자치도, 전기차 기반 'V2G 시범사업' 협력",http://www.osen.co.kr/article/G1111576489
256,"현대차·기아-현대캐피탈-제주특별자치도, 전기차 기반 'V2G 시범사업 MOU' 체결",http://www.newswatch.kr/news/articleView.html?idxno=54784
257,"현대차·기아·현대캐피탈, 제주도 업무용 차량 V2G 시범사업 MOU 체결",http://www.breaknews.com/804784
258,"제주도, V2G 시범모델 현대차‧기아, 현대캐피탈과 맞손",http://www.mediajeju.com/news/articleView.html?idxno=330282
259,"현대차·기아-현대캐피탈-제주도, 전기차 기반 'V2G 시범사업' 맞손",https://www.asiatoday.co.kr/view.php?key=20210507010003473
260,"제주도, V2G 시범모델 현대차‧기아, 현대캐피탈과 맞손",http://www.mediajeju.com/news/articleView.html?idxno=330282
261,"현대차·기아-현대캐피탈-제주도, 전기차 기반 'V2G 시범사업' 맞손",https://www.asiatoday.co.kr/view.php?key=20210507010003473
262,"현대차·기아-현대캐피탈-제주특별자치도, 전기차 기반 'V2G 시범사업 MOU' 체결... V2G 상용화 발판 마련",http://kr.aving.net/news/view.php?articleId=1605096&Branch_ID=kr&rssid=naver&mn_name=news
263,"현대캐피탈, 기아 K8 전용 '저금리 프로모션' 진행",https://biz.chosun.com/site/data/html_dir/2021/04/21/2021042101195.html?utm_source=naver&utm_medium=original&utm_campaign=biz
264,"현대캐피탈, '기아 K 시리즈' 구매 고객 대상 프로모션 진행",http://www.wowtv.co.kr/NewsCenter/News/Read?articleId=A202104200285&t=NN
265,"현대캐피탈, 현대기아차 할부 금리 0.7%p 인하",http://biz.newdaily.co.kr/site/data/html/2021/06/08/2021060800203.html
266,"현대캐피탈, 기아 K시리즈 구매 프로모션",https://view.asiae.co.kr/article/2021042114103682626
267,"현대캐피탈, 기아 K시리즈 프로모션 실시",http://www.weeklytoday.com/news/articleView.html?idxno=356379
268,"현대캐피탈 해외사업 탄력받나, 목진원 글로벌 영업전문가 면모 주목",https://www.businesspost.co.kr/BP?command=article_view&num=251105
269,"[이슈&이슈] 현대캐피탈, 현대차 직할 경영체제 돌입하나",http://www.viva100.com/main/view.php?key=20210909010002713
270,"현대차·기아-현대캐피탈-제주도, 전기차 기반 'V2G 시범사업 MOU' 체결",http://www.enewstoday.co.kr/news/articleView.html?idxno=1476970
271,"현대차·기아-현대캐피탈-제주도, 'V2G' 상용화 앞당긴다",http://www.inews24.com/view/1365220
272,"현대캐피탈, 기아 K8 전용 '저금리 프로모션' 진행",https://biz.chosun.com/site/data/html_dir/2021/04/21/2021042101195.html?utm_source=naver&utm_medium=original&utm_campaign=biz
273,"현대캐피탈, '기아 K 시리즈' 구매 고객 대상 프로모션 진행",http://www.wowtv.co.kr/NewsCenter/News/Read?articleId=A202104200285&t=NN
274,"현대캐피탈, 현대기아차 할부 금리 0.7%p 인하",http://biz.newdaily.co.kr/site/data/html/2021/06/08/2021060800203.html
275,"현대캐피탈, 기아 K시리즈 구매 프로모션",https://view.asiae.co.kr/article/2021042114103682626
276,"현대캐피탈, 기아 K시리즈 프로모션 실시",http://www.weeklytoday.com/news/articleView.html?idxno=356379
277,"현대캐피탈 해외사업 탄력받나, 목진원 글로벌 영업전문가 면모 주목",https://www.businesspost.co.kr/BP?command=article_view&num=251105
278,"[이슈&이슈] 현대캐피탈, 현대차 직할 경영체제 돌입하나",http://www.viva100.com/main/view.php?key=20210909010002713
279,"""현대카드·커머셜에 집중""…정태영, 현대캐피탈 대표직 사임",https://www.asiatoday.co.kr/view.php?key=20210906010003200
280,"현대차·기아-현대캐피탈-제주도, 전기차 기반 ‘V2G 시범사업’ MOU 체결",https://www.donga.com/news/article/all/20210507/106811910/2
281,"현대차·기아-현대캐피탈-제주특별자치도, 전기차 기반 'V2G 시범사업 MOU' 체결",http://www.thebigdata.co.kr/view.php?ud=202105071429091346d0a8833aad_23
282,"현대캐피탈, 기아 K8 전용 '저금리 프로모션' 진행",https://biz.chosun.com/site/data/html_dir/2021/04/21/2021042101195.html?utm_source=naver&utm_medium=original&utm_campaign=biz
283,"현대캐피탈, '기아 K 시리즈' 구매 고객 대상 프로모션 진행",http://www.wowtv.co.kr/NewsCenter/News/Read?articleId=A202104200285&t=NN
284,"현대캐피탈, 현대기아차 할부 금리 0.7%p 인하",http://biz.newdaily.co.kr/site/data/html/2021/06/08/2021060800203.html
285,"현대캐피탈, 기아 K시리즈 구매 프로모션",https://view.asiae.co.kr/article/2021042114103682626
286,"현대캐피탈, 기아 K시리즈 프로모션 실시",http://www.weeklytoday.com/news/articleView.html?idxno=356379
287,"현대캐피탈 해외사업 탄력받나, 목진원 글로벌 영업전문가 면모 주목",https://www.businesspost.co.kr/BP?command=article_view&num=251105
288,"[이슈&이슈] 현대캐피탈, 현대차 직할 경영체제 돌입하나",http://www.viva100.com/main/view.php?key=20210909010002713
289,"""현대카드·커머셜에 집중""…정태영, 현대캐피탈 대표직 사임",https://www.asiatoday.co.kr/view.php?key=20210906010003200
290,"현대캐피탈, '기아 K 시리즈' 구매 고객 대상 프로모션 진행",http://www.wowtv.co.kr/NewsCenter/News/Read?articleId=A202104200285&t=NN
291,"현대차·기아·현대캐피탈, 제주서 V2G 상용화 추진",http://www.fntimes.com/html/view.php?ud=2021050714381318347de3572ddd_18
292,"현대캐피탈, 현대기아차 할부 금리 0.7%p 인하",http://biz.newdaily.co.kr/site/data/html/2021/06/08/2021060800203.html
293,"현대캐피탈, 기아 K시리즈 구매 프로모션",https://view.asiae.co.kr/article/2021042114103682626
294,"현대캐피탈, 기아 K시리즈 프로모션 실시",http://www.weeklytoday.com/news/articleView.html?idxno=356379
295,"현대캐피탈 해외사업 탄력받나, 목진원 글로벌 영업전문가 면모 주목",https://www.businesspost.co.kr/BP?command=article_view&num=251105
296,"[이슈&이슈] 현대캐피탈, 현대차 직할 경영체제 돌입하나",http://www.viva100.com/main/view.php?key=20210909010002713
297,"""현대카드·커머셜에 집중""…정태영, 현대캐피탈 대표직 사임",https://www.asiatoday.co.kr/view.php?key=20210906010003200
298,"현대캐피탈, 美JD파워 딜러 파이낸싱 만족도 조사 9위",https://www.theguru.co.kr/news/article.html?no=25614
299,"현대차·기아-현대캐피탈-제주특별자치도, 전기차 기반 ‘V2G 시범사업 MOU’ 체결",http://www.newsis.com/view/?id=NISI20210507_0017427130
300,"현대캐피탈, 기아 K 시리즈 구매고객 대상 프로모션 실시",https://www.dailian.co.kr/news/view/980787/?sc=Naver
301,"현대캐피탈 해외사업 탄력받나, 목진원 글로벌 영업전문가 면모 주목",https://www.businesspost.co.kr/BP?command=article_view&num=251105
302,"[이슈&이슈] 현대캐피탈, 현대차 직할 경영체제 돌입하나",http://www.viva100.com/main/view.php?key=20210909010002713
303,"""현대카드·커머셜에 집중""…정태영, 현대캐피탈 대표직 사임",https://www.asiatoday.co.kr/view.php?key=20210906010003200
304,"현대캐피탈, 美JD파워 딜러 파이낸싱 만족도 조사 9위",https://www.theguru.co.kr/news/article.html?no=25614
305,"현대차·기아-현대캐피탈-제주특별자치도, 전기차 기반 ‘V2G 시범사업 MOU’ 체결",http://www.newsis.com/view/?id=NISI20210507_0017427130
306,"현대캐피탈, 기아차와 새 봄 맞이 금융 프로모션 진행",http://www.g-enews.com/ko-kr/news/article/news_all/20210303053738275794b6db5823_1/article.html
307,"현대캐피탈, 기아 전용 금융 프로모션 실시",http://www.dailysmart.co.kr/news/articleView.html?idxno=40917
308,"정태영 부회장, 현대캐피탈 대표 사임…카드·커머셜 경영에 ‘집중’",http://www.newsway.co.kr/news/view?tp=1&ud=2021090619282845838
309,"""현대카드 경영에 집중할 것""…정태영, 현대캐피탈 대표 사임",https://www.hankyung.com/economy/article/2021090659441
310,"현대캐피탈 해외사업 탄력받나, 목진원 글로벌 영업전문가 면모 주목",https://www.businesspost.co.kr/BP?command=article_view&num=251105
311,"현대캐피탈, '기아 K시리즈' 고객 위한 프로모션 진행",http://www.paxetv.com/news/articleView.html?idxno=114674
312,"[이슈&이슈] 현대캐피탈, 현대차 직할 경영체제 돌입하나",http://www.viva100.com/main/view.php?key=20210909010002713
313,"""현대카드·커머셜에 집중""…정태영, 현대캐피탈 대표직 사임",https://www.asiatoday.co.kr/view.php?key=20210906010003200
314,"현대캐피탈, 美JD파워 딜러 파이낸싱 만족도 조사 9위",https://www.theguru.co.kr/news/article.html?no=25614
315,"현대차·기아-현대캐피탈-제주특별자치도, 전기차 기반 ‘V2G 시범사업 MOU’ 체결",http://www.newsis.com/view/?id=NISI20210507_0017427130
316,"현대캐피탈, 기아차와 새 봄 맞이 금융 프로모션 진행",http://www.g-enews.com/ko-kr/news/article/news_all/20210303053738275794b6db5823_1/article.html
317,"현대캐피탈, 기아 전용 금융 프로모션 실시",http://www.dailysmart.co.kr/news/articleView.html?idxno=40917
318,"정태영 부회장, 현대캐피탈 대표 사임…카드·커머셜 경영에 ‘집중’",http://www.newsway.co.kr/news/view?tp=1&ud=2021090619282845838
319,"""현대카드 경영에 집중할 것""…정태영, 현대캐피탈 대표 사임",https://www.hankyung.com/economy/article/2021090659441
320,"현대캐피탈, 기아車 전용 금융 프로모션 진행",http://www.ftoday.co.kr/news/articleView.html?idxno=211765
321,"정태영 현대카드 부회장, 현대캐피탈 대표 사임… “현대카드 집중”",http://www.segye.com/content/html/2021/09/07/20210907505442.html?OutUrl=naver
322,"현대캐피탈, 기아 전용 금융 프로모션 실시",http://www.dailysmart.co.kr/news/articleView.html?idxno=40917
323,"정태영 부회장, 현대캐피탈 대표 사임…카드·커머셜 경영에 ‘집중’",http://www.newsway.co.kr/news/view?tp=1&ud=2021090619282845838
324,"""현대카드 경영에 집중할 것""…정태영, 현대캐피탈 대표 사임",https://www.hankyung.com/economy/article/2021090659441
325,"대차·기아-현대캐피탈-제주도, 전기차 기반 'V2G 시범사업 MOU'",https://www.news1.kr/photos/view/?4758968
326,"기아 K3·K5는 0.9%, K8는 2.4%…현대캐피탈, 저금리 프로모션 진행",http://news.mk.co.kr/newsRead.php?no=341269&year=2021
327,"[단독] 현대캐피탈, 중국서 '2조' ABS 발행…현대차·기아 '中 반등' 견인",https://www.theguru.co.kr/news/article.html?no=32844
328,"현대카드, 기아 전기차 EV6 출시 기념...전용 금융 상품 선봬",https://www.inthenews.co.kr/news/article.html?no=39284
329,[단독] 현대카드·푸본금융 동맹 닻 올린다…'4400억' 지분투자 완료,https://www.theguru.co.kr/news/article.html?no=35199
330,"현대캐피탈, 봄맞이 기아 전용 프로모션 실시",http://www.newscj.com/news/articleView.html?idxno=833951
331,"정태영 부회장, 현대캐피탈 대표 사임…카드·커머셜 경영에 ‘집중’",http://www.newsway.co.kr/news/view?tp=1&ud=2021090619282845838
332,"""현대카드 경영에 집중할 것""…정태영, 현대캐피탈 대표 사임",https://www.hankyung.com/economy/article/2021090659441
333,"대차·기아-현대캐피탈-제주도, 전기차 기반 'V2G 시범사업 MOU'",https://www.news1.kr/photos/view/?4758968
334,"기아 K3·K5는 0.9%, K8는 2.4%…현대캐피탈, 저금리 프로모션 진행",http://news.mk.co.kr/newsRead.php?no=341269&year=2021
335,"[단독] 현대캐피탈, 중국서 '2조' ABS 발행…현대차·기아 '中 반등' 견인",https://www.theguru.co.kr/news/article.html?no=32844
336,"현대카드, 기아 전기차 EV6 출시 기념...전용 금융 상품 선봬",https://www.inthenews.co.kr/news/article.html?no=39284
337,[단독] 현대카드·푸본금융 동맹 닻 올린다…'4400억' 지분투자 완료,https://www.theguru.co.kr/news/article.html?no=35199
338,"현대캐피탈, 기아차 구매 고객 대상 프로모션 실시",https://www.ekn.kr/web/view.php?key=20201204010001169
339,"현대캐피탈, 기아차 구매자 전용 '3종 프로모션' 진행",http://www.newsian.co.kr/news/articleView.html?idxno=45093
340,"정태영 부회장, 현대캐피탈 대표 사임",http://www.fnnews.com/news/202109061529134520
341,"정태영 부회장, 현대캐피탈 대표 사임한다…""현대카드에 집중""",http://yna.kr/AKR20210906063100003?did=1195m
342,"기아 K3·K5는 0.9%, K8는 2.4%…현대캐피탈, 저금리 프로모션 진행",http://news.mk.co.kr/newsRead.php?no=341269&year=2021
343,"[단독] 현대캐피탈, 중국서 '2조' ABS 발행…현대차·기아 '中 반등' 견인",https://www.theguru.co.kr/news/article.html?no=32844
344,"현대캐피탈, 기아와 금융 프로모션 실시",http://www.lcnews.co.kr/news/articleView.html?idxno=13807
345,"현대카드, 기아 전기차 EV6 출시 기념...전용 금융 상품 선봬",https://www.inthenews.co.kr/news/article.html?no=39284
346,[단독] 현대카드·푸본금융 동맹 닻 올린다…'4400억' 지분투자 완료,https://www.theguru.co.kr/news/article.html?no=35199
347,"현대캐피탈, 기아차 구매 고객 대상 프로모션 실시",https://www.ekn.kr/web/view.php?key=20201204010001169
348,"현대캐피탈, 기아차 구매자 전용 '3종 프로모션' 진행",http://www.newsian.co.kr/news/articleView.html?idxno=45093
349,‘통신판매’ 뛰어든 하나캐피탈…“신사업 가능성 타진”,https://www.ceoscoredaily.com/page/view/2021071216345044742
350,"정태영 ""현대카드·커머셜에 집중""..현대캐피탈 대표 사임",http://kpenews.com/View.aspx?No=2027309
351,"기아 K3·K5는 0.9%, K8는 2.4%…현대캐피탈, 저금리 프로모션 진행",http://news.mk.co.kr/newsRead.php?no=341269&year=2021
352,"[단독] 현대캐피탈, 중국서 '2조' ABS 발행…현대차·기아 '中 반등' 견인",https://www.theguru.co.kr/news/article.html?no=32844
353,"현대캐피탈, 기아와 금융 프로모션 실시",http://www.lcnews.co.kr/news/articleView.html?idxno=13807
354,"현대카드, 기아 전기차 EV6 출시 기념...전용 금융 상품 선봬",https://www.inthenews.co.kr/news/article.html?no=39284
355,[단독] 현대카드·푸본금융 동맹 닻 올린다…'4400억' 지분투자 완료,https://www.theguru.co.kr/news/article.html?no=35199
356,"현대캐피탈, 기아차 구매 고객 대상 프로모션 실시",https://www.ekn.kr/web/view.php?key=20201204010001169
357,"현대캐피탈, 기아차 구매자 전용 '3종 프로모션' 진행",http://www.newsian.co.kr/news/articleView.html?idxno=45093
358,‘통신판매’ 뛰어든 하나캐피탈…“신사업 가능성 타진”,https://www.ceoscoredaily.com/page/view/2021071216345044742
359,"현대캐피탈, 할부 상품 금리 0.7%p 전격 인하",http://www.weeklytoday.com/news/articleView.html?idxno=373151
360,"현대캐피탈, 기아차 구매자 전용 '3종 프로모션' 진행",http://www.newsian.co.kr/news/articleView.html?idxno=45093
361,‘통신판매’ 뛰어든 하나캐피탈…“신사업 가능성 타진”,https://www.ceoscoredaily.com/page/view/2021071216345044742
362,현대캐피탈 기아차 할부이자 프로모션 실시,http://www.wsobi.com/news/articleView.html?idxno=109552
363,"현대캐피탈, 할부 상품 금리 0.7%p 전격 인하",http://www.weeklytoday.com/news/articleView.html?idxno=373151
364,"하나캐피탈, 쓱데이 '기아 렌터카도 쓱'",http://www.newsian.co.kr/news/articleView.html?idxno=44219
365,"[더벨]하나캐피탈, 금융업 벗어난 신사업 진출 노린다",http://www.thebell.co.kr/front/free/contents/news/article_view.asp?key=202107011508203160102520
366,[신박한 車담] 실용주의에서 디자인 기아가 되기까지…韓 자동차산업의 '아틀란티스'-기아(2),http://www.enewstoday.co.kr/news/articleView.html?idxno=1491002
367,"현대캐피탈, 할부상품 금리 0.7%p 전격 인하",http://www.wsobi.com/news/articleView.html?idxno=124571
368,"현대캐피탈-기아차-에바-민테크, 충전서비스 실증 사업 위한 업무협약 체결",http://www.onews.tv/news/articleView.html?idxno=33948
369,"기아차, 현대캐피탈·스타트업과 `온디맨드 충전 서비스` MOU",http://news.mk.co.kr/newsRead.php?no=1002167&year=2020
370,"현대캐피탈, 기아차 구매고객에게 할부금리 낮춰주는 프로모션 진행",http://www.businesspost.co.kr/BP?command=article_view&num=207116
371,‘통신판매’ 뛰어든 하나캐피탈…“신사업 가능성 타진”,https://www.ceoscoredaily.com/page/view/2021071216345044742
372,현대캐피탈 기아차 할부이자 프로모션 실시,http://www.wsobi.com/news/articleView.html?idxno=109552
373,"현대캐피탈, 할부 상품 금리 0.7%p 전격 인하",http://www.weeklytoday.com/news/articleView.html?idxno=373151
374,"하나캐피탈, 쓱데이 '기아 렌터카도 쓱'",http://www.newsian.co.kr/news/articleView.html?idxno=44219
375,"[더벨]하나캐피탈, 금융업 벗어난 신사업 진출 노린다",http://www.thebell.co.kr/front/free/contents/news/article_view.asp?key=202107011508203160102520
376,[신박한 車담] 실용주의에서 디자인 기아가 되기까지…韓 자동차산업의 '아틀란티스'-기아(2),http://www.enewstoday.co.kr/news/articleView.html?idxno=1491002
377,"현대캐피탈, 할부상품 금리 0.7%p 전격 인하",http://www.wsobi.com/news/articleView.html?idxno=124571
378,"현대캐피탈-기아차-에바-민테크, 충전서비스 실증 사업 위한 업무협약 체결",http://www.onews.tv/news/articleView.html?idxno=33948
379,"기아차, 현대캐피탈·스타트업과 `온디맨드 충전 서비스` MOU",http://news.mk.co.kr/newsRead.php?no=1002167&year=2020
380,"현대캐피탈, 기아차 구매 고객 금융 프로모션 진행",http://www.joseilbo.com/news/news_read.php?uid=411733&class=18&grp=
381,‘통신판매’ 뛰어든 하나캐피탈…“신사업 가능성 타진”,https://www.ceoscoredaily.com/page/view/2021071216345044742
382,현대캐피탈 기아차 할부이자 프로모션 실시,http://www.wsobi.com/news/articleView.html?idxno=109552
383,"현대캐피탈, 할부 상품 금리 0.7%p 전격 인하",http://www.weeklytoday.com/news/articleView.html?idxno=373151
384,"하나캐피탈, 쓱데이 '기아 렌터카도 쓱'",http://www.newsian.co.kr/news/articleView.html?idxno=44219
385,"[더벨]하나캐피탈, 금융업 벗어난 신사업 진출 노린다",http://www.thebell.co.kr/front/free/contents/news/article_view.asp?key=202107011508203160102520
386,[신박한 車담] 실용주의에서 디자인 기아가 되기까지…韓 자동차산업의 '아틀란티스'-기아(2),http://www.enewstoday.co.kr/news/articleView.html?idxno=1491002
387,"현대캐피탈, 할부상품 금리 0.7%p 전격 인하",http://www.wsobi.com/news/articleView.html?idxno=124571
388,"현대캐피탈-기아차-에바-민테크, 충전서비스 실증 사업 위한 업무협약 체결",http://www.onews.tv/news/articleView.html?idxno=33948
389,"기아차, 현대캐피탈·스타트업과 `온디맨드 충전 서비스` MOU",http://news.mk.co.kr/newsRead.php?no=1002167&year=2020
390,"현대캐피탈, 할부 상품 금리 0.7%p 전격 인하",http://www.weeklytoday.com/news/articleView.html?idxno=373151
391,"하나캐피탈, 쓱데이 '기아 렌터카도 쓱'",http://www.newsian.co.kr/news/articleView.html?idxno=44219
392,"[더벨]하나캐피탈, 금융업 벗어난 신사업 진출 노린다",http://www.thebell.co.kr/front/free/contents/news/article_view.asp?key=202107011508203160102520
393,[신박한 車담] 실용주의에서 디자인 기아가 되기까지…韓 자동차산업의 '아틀란티스'-기아(2),http://www.enewstoday.co.kr/news/articleView.html?idxno=1491002
394,"현대캐피탈, 할부상품 금리 0.7%p 전격 인하",http://www.wsobi.com/news/articleView.html?idxno=124571
395,"현대캐피탈-기아차-에바-민테크, 충전서비스 실증 사업 위한 업무협약 체결",http://www.onews.tv/news/articleView.html?idxno=33948
396,"기아차, 현대캐피탈·스타트업과 `온디맨드 충전 서비스` MOU",http://news.mk.co.kr/newsRead.php?no=1002167&year=2020
397,"전기차 충전 쉬워진다...기아차·현대캐피탈, 시간 장소 제약없는 서비스 제공",http://www.greenpostkorea.co.kr/news/articleView.html?idxno=121977
398,"현대캐피탈, 기아차와 함께 전기車 온디맨드 충전서비스 실증사업 나선다",http://www.fnnews.com/news/202009301314198116
399,"현대캐피탈, 3월 현대차·기아 신차 할부 프로모션",http://www.newsfreezone.co.kr/news/articleView.html?idxno=366006
400,"현대캐피탈, 차량 할부 상품 금리 0.7%포인트 인하",http://www.paxetv.com/news/articleView.html?idxno=118952
401,"현대캐피탈-기아차-에바-민테크, 충전서비스 실증 사업 위한 업무협약 체결",http://www.onews.tv/news/articleView.html?idxno=33948
402,"기아차, 현대캐피탈·스타트업과 `온디맨드 충전 서비스` MOU",http://news.mk.co.kr/newsRead.php?no=1002167&year=2020
403,"전기차 충전 쉬워진다...기아차·현대캐피탈, 시간 장소 제약없는 서비스 제공",http://www.greenpostkorea.co.kr/news/articleView.html?idxno=121977
404,"현대캐피탈, 기아차와 함께 전기車 온디맨드 충전서비스 실증사업 나선다",http://www.fnnews.com/news/202009301314198116
405,"현대캐피탈, 3월 현대차·기아 신차 할부 프로모션",http://www.newsfreezone.co.kr/news/articleView.html?idxno=366006
406,"車금융 ‘격전지’ 부상…현대캐피탈, 신규상품·금리인하로 시장 방어 나서",http://www.fntimes.com/html/view.php?ud=202106151607128237ee0209bd21_18
407,"현대캐피탈, 기아차 구매시 할부원금 최대 57% 유예..인기 차종 신차 구매 이벤트",http://kpenews.com/View.aspx?No=1068959
408,"기아차, 현대캐피탈과 손잡고 '영업용 전기차 배터리 보증 연장 상품' 국내 최초 출시",http://www.updownnews.co.kr/news/articleView.html?idxno=222389
409,"기아차, 현대캐피탈과 함께 영업용 전기차 배터리 보증 연장상품 출시",http://theviewers.co.kr/View.aspx?No=1062358
410,"기아차, 현대캐피탈·스타트업과 `온디맨드 충전 서비스` MOU",http://news.mk.co.kr/newsRead.php?no=1002167&year=2020
411,"전기차 충전 쉬워진다...기아차·현대캐피탈, 시간 장소 제약없는 서비스 제공",http://www.greenpostkorea.co.kr/news/articleView.html?idxno=121977
412,"현대캐피탈, 현대카드와 금리부담 낮춘 자동차 할부금융상품 내놔",https://www.businesspost.co.kr/BP?command=article_view&num=235146
413,"현대캐피탈, 기아차와 함께 전기車 온디맨드 충전서비스 실증사업 나선다",http://www.fnnews.com/news/202009301314198116
414,"현대캐피탈-기아차, 전기車 온디맨드 충전서비스 실증사업 나서",http://www.edaily.co.kr/news/newspath.asp?newsid=01699046625905040
415,"현대캐피탈, 3월 현대차·기아 신차 할부 프로모션",http://www.newsfreezone.co.kr/news/articleView.html?idxno=366006
416,"車금융 ‘격전지’ 부상…현대캐피탈, 신규상품·금리인하로 시장 방어 나서",http://www.fntimes.com/html/view.php?ud=202106151607128237ee0209bd21_18
417,"현대캐피탈, 기아차 구매시 할부원금 최대 57% 유예..인기 차종 신차 구매 이벤트",http://kpenews.com/View.aspx?No=1068959
418,"기아차, 현대캐피탈과 손잡고 '영업용 전기차 배터리 보증 연장 상품' 국내 최초 출시",http://www.updownnews.co.kr/news/articleView.html?idxno=222389
419,"기아차, 현대캐피탈과 함께 영업용 전기차 배터리 보증 연장상품 출시",http://theviewers.co.kr/View.aspx?No=1062358
420,"현대캐피탈, 기아차와 함께 전기車 온디맨드 충전서비스 실증사업 나선다",http://www.fnnews.com/news/202009301314198116
421,"현대캐피탈-기아차, 전기車 온디맨드 충전서비스 실증사업 나서",http://www.edaily.co.kr/news/newspath.asp?newsid=01699046625905040
422,"기아차, 현대캐피탈·스타트업과 전기차 충전 서비스 MOU",http://news.einfomax.co.kr/news/articleView.html?idxno=4109749
423,"현대캐피탈, 3월 현대차·기아 신차 할부 프로모션",http://www.newsfreezone.co.kr/news/articleView.html?idxno=366006
424,"車금융 ‘격전지’ 부상…현대캐피탈, 신규상품·금리인하로 시장 방어 나서",http://www.fntimes.com/html/view.php?ud=202106151607128237ee0209bd21_18
425,"현대캐피탈, 기아차 구매시 할부원금 최대 57% 유예..인기 차종 신차 구매 이벤트",http://kpenews.com/View.aspx?No=1068959
426,"기아차, 현대캐피탈과 손잡고 '영업용 전기차 배터리 보증 연장 상품' 국내 최초 출시",http://www.updownnews.co.kr/news/articleView.html?idxno=222389
427,"기아차, 현대캐피탈과 함께 영업용 전기차 배터리 보증 연장상품 출시",http://theviewers.co.kr/View.aspx?No=1062358
428,"기아자동차, 현대캐피탈·스타트업과 전기차 온디맨드 충전 서비스 협력",http://www.ezyeconomy.com/news/articleView.html?idxno=105734
429,정태영 현대캐피탈 부회장의 ESG 경영…업계 선도한다,http://www.newsis.com/view/?id=NISX20210521_0001448417&cID=15001&pID=15000
430,"현대캐피탈, 2030세대에게 현대차 기아차 인기차량 새 구매혜택 내놔",http://www.businesspost.co.kr/BP?command=article_view&num=194278
431,"기아차, 현대캐피탈과 손잡고 '영업용 전기차 배터리 보증 연장 상품' 국내 최초 출시",http://www.updownnews.co.kr/news/articleView.html?idxno=222389
432,"기아차, 현대캐피탈과 함께 영업용 전기차 배터리 보증 연장상품 출시",http://theviewers.co.kr/View.aspx?No=1062358
433,"기아자동차, 현대캐피탈·스타트업과 전기차 온디맨드 충전 서비스 협력",http://www.ezyeconomy.com/news/articleView.html?idxno=105734
434,정태영 현대캐피탈 부회장의 ESG 경영…업계 선도한다,http://www.newsis.com/view/?id=NISX20210521_0001448417&cID=15001&pID=15000
435,"[더벨][ESG 모니터/현대캐피탈]민간 첫획 그은 선두주자, '그린워싱'도 없다",http://www.thebell.co.kr/front/free/contents/news/article_view.asp?key=202105041100328160108824
436,"현대차·가아, 현대캐피탈, 제주특별자치도 손잡고 ‘V2G 시범 사업 MOU’ 체결",http://thepublic.kr/news/newsview.php?ncode=1065605042282126
437,"현대캐피탈, 2월 현대·기아차 할부 프로모션 진행",http://www.etnews.com/20220207000189
438,"현대카드도 참전...카드·캐피탈사, 車 할부금융 시장서 경쟁 격화",http://www.newsis.com/view/?id=NISX20220406_0001823108&cID=15001&pID=15000
439,"KB금융, 모빌리티 금융 시장서 신한금융·현대캐피탈에 도전장",http://psnews.co.kr/View.aspx?No=1589148
440,"현대캐피탈, 현대·기아차 주요 차종 금융 프로모션 진행",http://www.joseilbo.com/news/news_read.php?uid=405263&class=18&grp=
441,"기아차, 현대캐피탈과 손잡고 '영업용 전기차 배터리 보증 연장 상품' 국내 최초 출시",http://www.updownnews.co.kr/news/articleView.html?idxno=222389
442,"기아차, 현대캐피탈과 함께 영업용 전기차 배터리 보증 연장상품 출시",http://theviewers.co.kr/View.aspx?No=1062358
443,"기아자동차, 현대캐피탈·스타트업과 전기차 온디맨드 충전 서비스 협력",http://www.ezyeconomy.com/news/articleView.html?idxno=105734
444,정태영 현대캐피탈 부회장의 ESG 경영…업계 선도한다,http://www.newsis.com/view/?id=NISX20210521_0001448417&cID=15001&pID=15000
445,"[더벨][ESG 모니터/현대캐피탈]민간 첫획 그은 선두주자, '그린워싱'도 없다",http://www.thebell.co.kr/front/free/contents/news/article_view.asp?key=202105041100328160108824
446,"현대차·가아, 현대캐피탈, 제주특별자치도 손잡고 ‘V2G 시범 사업 MOU’ 체결",http://thepublic.kr/news/newsview.php?ncode=1065605042282126
447,"현대캐피탈, 2월 현대·기아차 할부 프로모션 진행",http://www.etnews.com/20220207000189
448,"현대카드도 참전...카드·캐피탈사, 車 할부금융 시장서 경쟁 격화",http://www.newsis.com/view/?id=NISX20220406_0001823108&cID=15001&pID=15000
449,"KB금융, 모빌리티 금융 시장서 신한금융·현대캐피탈에 도전장",http://psnews.co.kr/View.aspx?No=1589148
450,"기아차, 현대캐피탈과 손잡고 '영업용 전기차 배터리 보증 연장' 국내 최초 출시",http://www.seoulwire.com/news/articleView.html?idxno=425173
451,"현대차·가아, 현대캐피탈, 제주특별자치도 손잡고 ‘V2G 시범 사업 MOU’ 체결",http://thepublic.kr/news/newsview.php?ncode=1065605042282126
452,"현대캐피탈 ""현대·기아차 살때 할부원금 유예·감면 받으세요""",https://www.sedaily.com/NewsView/1Z7P6JZ31J
453,"현대캐피탈, 2월 현대·기아차 할부 프로모션 진행",http://www.etnews.com/20220207000189
454,"현대카드도 참전...카드·캐피탈사, 車 할부금융 시장서 경쟁 격화",http://www.newsis.com/view/?id=NISX20220406_0001823108&cID=15001&pID=15000
455,"KB금융, 모빌리티 금융 시장서 신한금융·현대캐피탈에 도전장",http://psnews.co.kr/View.aspx?No=1589148
456,"""캐피탈보다 카드로 할부""…요즘 자동차 사는 법",https://www.hankyung.com/economy/article/2022040793066
457,"[금융사 2021 1분기 실적] 현대캐피탈, 순이익 1198억…리스수익 22% 증가",http://www.fntimes.com/html/view.php?ud=202105180944329565ee0209bd21_18
458,"현대차·기아, 제주서 전기차 기반 'V2G' 상용화 앞당긴다",http://www.cctvnews.co.kr/news/articleView.html?idxno=225295
459,"현대캐피탈, 7억 달러 규모 글로벌 채권 발행",http://www.metroseoul.co.kr/article/20220119500049
460,"현대차·기아, 제주서 전기차 기반 'V2G' 상용화 앞당긴다",http://www.cctvnews.co.kr/news/articleView.html?idxno=225295
461,"기아차·현대캐피탈, 영업용 전기차 배터리 보증 연장 상품 출시",http://news.einfomax.co.kr/news/articleView.html?idxno=4103939
462,"현대캐피탈, 7억 달러 규모 글로벌 채권 발행",http://www.metroseoul.co.kr/article/20220119500049
463,제네시스 G80 카드로 사면 2~5% 금리…캐피탈사 '발동동',http://www.kbanker.co.kr/news/articleView.html?idxno=204250
464,"현대차·기아-제주도, 전기차 기반 'V2G 시범사업 MOU' 체결",http://www.gpkorea.com/news/articleView.html?idxno=73935
465,"[뉴스투데이 E] 현대차·기아, 제주도서 전기차 기반 V2G 시범사업 협약",https://www.news2day.co.kr/article/20210507500212
466,"현대차·기아 전기차, 제주서 ‘움직이는 ESS’로 쓴다",https://www.ekn.kr/web/view.php?key=20210507010001317
467,"정태영 부회장 ""현대캐피탈 글로벌 수익 타사 압도""",http://www.edaily.co.kr/news/newspath.asp?newsid=03598166629013168
468,"하나캐피탈 비대면채널 계속 발굴, 윤규선 자동차금융 연착륙 원해",https://www.businesspost.co.kr/BP?command=article_view&num=230781
469,"현대차·기아, 전기차 배터리 전력 활용 'V2G' 상용화 나섰다",http://www.iusm.co.kr/news/articleView.html?idxno=909952
470,"현대차·기아·제주도, V2G 사업 맞손…'전기차로 전력 공급'",http://news.tf.co.kr/read/economy/1859558.htm
471,"현대차·기아 전기차, 제주서 ‘움직이는 ESS’로 쓴다",https://www.ekn.kr/web/view.php?key=20210507010001317
472,"정태영 부회장 ""현대캐피탈 글로벌 수익 타사 압도""",http://www.edaily.co.kr/news/newspath.asp?newsid=03598166629013168
473,"하나캐피탈 비대면채널 계속 발굴, 윤규선 자동차금융 연착륙 원해",https://www.businesspost.co.kr/BP?command=article_view&num=230781
474,"현대차·기아, 전기차 배터리 전력 활용 'V2G' 상용화 나섰다",http://www.iusm.co.kr/news/articleView.html?idxno=909952
475,"현대차·기아, 전기차를 '움직이는 배터리'로 만든다",http://www.g-enews.com/ko-kr/news/article/news_all/20210507150351406083a046ffa0_1/article.html
476,"현대캐피탈, 2월 현대차·제네시스·기아 전 차종 특별 프로모션",https://view.asiae.co.kr/article/2022020710434096828
477,"현대캐피탈, 美 자동차 리스서비스 소비자 만족 '2위'…J.D파워 조사",https://www.theguru.co.kr/news/article.html?no=20285
478,"카드·캐피탈사, 車할부 시장 '진검승부'…현대카드도 가세",http://news.mt.co.kr/mtview.php?no=2022040515370298685
479,"현대캐피탈, 해외 이익만 7000억 넘어…국내 금융사 해외 총이익의 37% 수준",http://www.fntimes.com/html/view.php?ud=202104061100236736ee0209bd21_18
480,"현대차·기아, 전기차 배터리 전력 활용 ‘V2G’ 상용화 앞당긴다",http://www.newsway.co.kr/news/view?tp=1&ud=2021050715524420281
481,"현대차·기아 전기차, 제주서 ‘움직이는 ESS’로 쓴다",https://www.ekn.kr/web/view.php?key=20210507010001317
482,"정태영 부회장 ""현대캐피탈 글로벌 수익 타사 압도""",http://www.edaily.co.kr/news/newspath.asp?newsid=03598166629013168
483,"하나캐피탈 비대면채널 계속 발굴, 윤규선 자동차금융 연착륙 원해",https://www.businesspost.co.kr/BP?command=article_view&num=230781
484,"현대차·기아, 전기차 배터리 전력 활용 'V2G' 상용화 나섰다",http://www.iusm.co.kr/news/articleView.html?idxno=909952
485,"현대차·기아, 전기차를 '움직이는 배터리'로 만든다",http://www.g-enews.com/ko-kr/news/article/news_all/20210507150351406083a046ffa0_1/article.html
486,"현대캐피탈, 2월 현대차·제네시스·기아 전 차종 특별 프로모션",https://view.asiae.co.kr/article/2022020710434096828
487,"현대캐피탈, 美 자동차 리스서비스 소비자 만족 '2위'…J.D파워 조사",https://www.theguru.co.kr/news/article.html?no=20285
488,"카드·캐피탈사, 車할부 시장 '진검승부'…현대카드도 가세",http://news.mt.co.kr/mtview.php?no=2022040515370298685
489,"현대캐피탈, 해외 이익만 7000억 넘어…국내 금융사 해외 총이익의 37% 수준",http://www.fntimes.com/html/view.php?ud=202104061100236736ee0209bd21_18
490,"현대차·기아, 제주도와 전기차 기반 'V2G 시범사업 MOU' 체결",https://view.asiae.co.kr/article/2021050714410440480
491,"현대차·기아, 전기차 기반 'V2G 시범사업' MOU 체결",http://www.newslock.co.kr/news/articleView.html?idxno=39721
492,"정태영 부회장 ""현대캐피탈 글로벌 수익 타사 압도""",http://www.edaily.co.kr/news/newspath.asp?newsid=03598166629013168
493,"하나캐피탈 비대면채널 계속 발굴, 윤규선 자동차금융 연착륙 원해",https://www.businesspost.co.kr/BP?command=article_view&num=230781
494,"현대차·기아, 전기차 배터리 전력 활용 'V2G' 상용화 나섰다",http://www.iusm.co.kr/news/articleView.html?idxno=909952
495,"현대차·기아, 전기차를 '움직이는 배터리'로 만든다",http://www.g-enews.com/ko-kr/news/article/news_all/20210507150351406083a046ffa0_1/article.html
496,"현대캐피탈, 2월 현대차·제네시스·기아 전 차종 특별 프로모션",https://view.asiae.co.kr/article/2022020710434096828
497,"현대캐피탈, 美 자동차 리스서비스 소비자 만족 '2위'…J.D파워 조사",https://www.theguru.co.kr/news/article.html?no=20285
498,"카드·캐피탈사, 車할부 시장 '진검승부'…현대카드도 가세",http://news.mt.co.kr/mtview.php?no=2022040515370298685
499,"현대캐피탈, 해외 이익만 7000억 넘어…국내 금융사 해외 총이익의 37% 수준",http://www.fntimes.com/html/view.php?ud=202104061100236736ee0209bd21_18
