,title,url
0,"[기업] 기아차,럭셔리 중형세단 `리갈` 출시",https://news.naver.com/main/read.naver?mode=LSD&mid=sec&sid1=101&oid=008&aid=0000170778
1,"기아자동차, 고품격 중형승용차 '리갈' 출시",https://news.naver.com/main/read.naver?mode=LSD&mid=sec&sid1=101&oid=009&aid=0000210543
2,"기아, 2005 옵티마·리갈 시판",https://news.naver.com/main/read.naver?mode=LSD&mid=sec&sid1=101&oid=086&aid=0000005594
3,"기아차, 2004년형 리갈 시판",https://news.naver.com/main/read.naver?mode=LSD&mid=sec&sid1=101&oid=018&aid=0000078942
4,"[국산차] 기아차'리갈', 세련된 디자인에 '품격'더해",https://news.naver.com/main/read.naver?mode=LSD&mid=sec&sid1=101&oid=009&aid=0000217502
5,기아차 고급세단 `리갈` 출시,https://news.naver.com/main/read.naver?mode=LSD&mid=sec&sid1=101&oid=009&aid=0000225083
6,[2003 한경 소비자대상 (上)] 기아차 '리갈' ‥ 高품격 외관,https://news.naver.com/main/read.naver?mode=LSD&mid=sec&sid1=101&oid=015&aid=0000670563
7,[기아車 ‘리갈’ 시승기] 힘…안정감…기품…‘중형 신사’,https://news.naver.com/main/read.naver?mode=LSD&mid=sec&sid1=103&oid=014&aid=0000019977
8,기아차 `2004년형 리갈` 시판,https://news.naver.com/main/read.naver?mode=LSD&mid=sec&sid1=105&oid=029&aid=0000043505
9,"기아차, 유럽기자단 대상 리갈 시승회",https://news.naver.com/main/read.naver?mode=LSD&mid=sec&sid1=101&oid=001&aid=0000289399
10,기아차 신형 세단 '리갈'빌표,https://news.naver.com/main/read.naver?mode=LSD&mid=sec&sid1=101&oid=001&aid=0000169625
11,2005년형 옵티마-리갈 外,https://news.naver.com/main/read.naver?mode=LSD&mid=sec&sid1=101&oid=021&aid=0000082260
12,뉴 그랜저XG· 옵티마 리갈 리콜,https://news.naver.com/main/read.naver?mode=LSD&mid=sec&sid1=101&oid=019&aid=0000009045
13,"기아차, 부산국제영화제 공식차량 제공",https://news.naver.com/main/read.naver?mode=LSD&mid=sec&sid1=101&oid=018&aid=0000209094
14,"기아,중국 중소형차 시장 선전",http://www.fnnews.com/view?ra=Sent1101m_01A&corp=fnnews&arcid=111006161328&cDateYear=2011&cDateMonth=10&cDateDay=06&
15,"손현주, 기아 ''로체'' 1호차 고객됐다",https://news.naver.com/main/read.naver?mode=LSD&mid=sec&sid1=103&oid=022&aid=0000130329
16,"현대·기아차, 텔레매틱스 서비스 개시",https://news.naver.com/main/read.naver?mode=LSD&mid=sec&sid1=101&oid=018&aid=0000094964
17,"현대ㆍ기아차, 11월부터 텔레매틱스 `모젠` 서비스",https://news.naver.com/main/read.naver?mode=LSD&mid=sec&sid1=105&oid=029&aid=0000043001
18,"현대·기아차, 텔레매틱스 `모젠` 11월 서비스",https://news.naver.com/main/read.naver?mode=LSD&mid=sec&sid1=101&oid=018&aid=0000077057
19,현대·기아차 텔레매틱스서비스 '모젠' 가동,https://news.naver.com/main/read.naver?mode=LSD&mid=sec&sid1=101&oid=015&aid=0000661198
20,개인택시 10대 중 8대.. ‘현대·기아차’,http://www.moneytoday.co.kr/view/mtview.php?type=1&no=2007081213040733102&outlink=1
21,[카 패트롤]기아 ''모닝'' 최고 마케팅車 선정 외,https://news.naver.com/main/read.naver?mode=LSD&mid=sec&sid1=101&oid=022&aid=0000082927
22,[카 패트롤]기아 ''모닝'' 최고 마케팅車 선정 외,https://news.naver.com/main/read.naver?mode=LSD&mid=sec&sid1=101&oid=022&aid=0000082750
23,"현대.기아차, 3월 스마트카드 시범서비스(종합)",https://news.naver.com/main/read.naver?mode=LSD&mid=sec&sid1=101&oid=001&aid=0000878356
24,[뉴스투데이7]현대 기아차 내년판매 360만대,https://news.naver.com/main/read.naver?mode=LSD&mid=sec&sid1=101&oid=004&aid=0000026629
25,기아차주가 현대차에 달렸다,https://news.naver.com/main/read.naver?mode=LSD&mid=sec&sid1=101&oid=011&aid=0000049000
26,"현대·기아차, ""브랜드 차별화 시동""",https://news.naver.com/main/read.naver?mode=LSD&mid=sec&sid1=101&oid=018&aid=0000128002
27,"현대·기아차, 현대해상과 '모젠'제휴(상보)",https://news.naver.com/main/read.naver?mode=LSD&mid=sec&sid1=101&oid=008&aid=0000338611
28,"현대·기아차 11개차종, 텔레매틱스단말기 탑재",https://news.naver.com/main/read.naver?mode=LSD&mid=sec&sid1=101&oid=014&aid=0000068452
29,"현대·기아차, 스마트카드 시범 운영",https://news.naver.com/main/read.naver?mode=LSD&mid=sec&sid1=101&oid=086&aid=0000014503
30,"현대.기아차, 자동차 스마트카드 시범 운영",https://news.naver.com/main/read.naver?mode=LSD&mid=sec&sid1=101&oid=001&aid=0000921490
31,"현대ㆍ기아차, 3월 스마트카드 시범서비스",https://news.naver.com/main/read.naver?mode=LSD&mid=sec&sid1=101&oid=029&aid=0000092466
32,현대-기아차 무선인터넷 ‘모젠’ 내달부터 중대형-RV에 장착,https://news.naver.com/main/read.naver?mode=LSD&mid=sec&sid1=101&oid=022&aid=0000009330
33,"[거래소] 기아차, `2003 뉴 스펙트라` 시판",https://news.naver.com/main/read.naver?mode=LSD&mid=sec&sid1=101&oid=008&aid=0000210148
34,"포드 퓨전·뷰익 리갈, 세단 인기 저하로 생산 중단",https://hankookilbo.com/News/Read/A2020092808430001037?did=NA
35,10년간 가장 안전한 차는,http://news.mk.co.kr/news_forward.php?no=462404&year=2011
36,중형車시장 쟁탈 '4파전',https://news.naver.com/main/read.naver?mode=LSD&mid=sec&sid1=101&oid=015&aid=0000511876
37,車업계 “저가 모델로 불황탈출”,https://news.naver.com/main/read.naver?mode=LSD&mid=sec&sid1=101&oid=014&aid=0000089332
38,올해 가장 많이 팔린 차 ‘쏘나타’,https://news.naver.com/main/read.naver?mode=LSD&mid=sec&sid1=103&oid=086&aid=0000028440
39,"건교부 자동차 안전도평가, 현대 쏘나타 전 부문 '별 다섯'",https://news.naver.com/main/read.naver?mode=LSD&mid=sec&sid1=101&oid=047&aid=0000055254
40,[국감]모델별 車보험료 차등시 최대 50% 격차,https://news.naver.com/main/read.naver?mode=LSD&mid=sec&sid1=103&oid=018&aid=0000210596
41,[자동차] 자동차 4社 간판차종 격돌,https://news.naver.com/main/read.naver?mode=LSD&mid=sec&sid1=101&oid=009&aid=0000229677
42,[자동차] 자동차 4社 간판차종 격돌,https://news.naver.com/main/read.naver?mode=LSD&mid=sec&sid1=101&oid=009&aid=0000230029
43,"기아차, 2005년형 옵티마.리갈 시판",https://news.naver.com/main/read.naver?mode=LSD&mid=sec&sid1=101&oid=003&aid=0000084029
44,[카 라이프] 중고차값 ‘성능보다 혈통’,https://news.naver.com/main/read.naver?mode=LSD&mid=sec&sid1=103&oid=144&aid=0000008325
45,'국산車 정면 튼튼 측면 취약',https://news.naver.com/main/read.naver?mode=LSD&mid=sec&sid1=102&oid=082&aid=0000027953
46,국산차 5종 충돌안전성 NF쏘나타 1위,https://news.naver.com/main/read.naver?mode=LSD&mid=sec&sid1=101&oid=081&aid=0000025511
47,"<경제계산책> ""이래도 차 안살래요?""",https://news.naver.com/main/read.naver?mode=LSD&mid=sec&sid1=101&oid=001&aid=0000363071
48,<택시기사를 잡아야 시장을 잡는다>,https://news.naver.com/main/read.naver?mode=LSD&mid=sec&sid1=103&oid=001&aid=0001254170
49,신형택시 “부릉∼” 도로 접수 준비끝!,https://news.naver.com/main/read.naver?mode=LSD&mid=sec&sid1=101&oid=028&aid=0000098984
50,르노삼성 ''뉴SM5'' 출시 임박중형차 지존 쏘나타 잡을까,https://news.naver.com/main/read.naver?mode=LSD&mid=sec&sid1=101&oid=022&aid=0000074617
51,중형차 ‘쏘나타 독주’ 지속될까,https://news.naver.com/main/read.naver?mode=LSD&mid=sec&sid1=103&oid=086&aid=0000012153
52,"자동차 평가서 ""쏘나타가 가장 안전"" 판정",https://news.naver.com/main/read.naver?mode=LSD&mid=sec&oid=078&aid=0000008201
53,[기획-제2단계 디지털혁명] 텔레매틱스⑦/자동차업계 전략,https://news.naver.com/main/read.naver?mode=LSD&mid=sec&sid1=105&oid=029&aid=0000077151
54,할인판매 무이자할부등 꼼꼼히… 차값 60만~200만원 싸다,https://news.naver.com/main/read.naver?mode=LSD&mid=sec&sid1=103&oid=014&aid=0000064386
55,[자동차 세상]車 싸게 사는법,https://news.naver.com/main/read.naver?mode=LSD&mid=sec&sid1=101&oid=008&aid=0000266784
56,"정의선 현대車 전무, 현장경영 부전자전",https://news.naver.com/main/read.naver?mode=LSD&mid=sec&sid1=101&oid=009&aid=0000210579
57,<중고차값 브랜드마다 얼마나 차이날까>,https://news.naver.com/main/read.naver?mode=LSD&mid=sec&sid1=103&oid=001&aid=0001211420
58,<`뉴 SM5' 출시 임박..중형차시장 판도 바뀌나>,https://news.naver.com/main/read.naver?mode=LSD&mid=sec&sid1=101&oid=001&aid=0000877121
59,[CF 히트예감]KT '큰 감동 편' 등,https://news.naver.com/main/read.naver?mode=LSD&mid=sec&sid1=101&oid=020&aid=0000134457
60,[이코노파일] 삼성전자，초박형 DVD 플레이어 2종 출시 外,https://news.naver.com/main/read.naver?mode=LSD&mid=sec&sid1=101&oid=005&aid=0000125311
61,[자동차]“車사기전 만족도 비교하세요”,https://news.naver.com/main/read.naver?mode=LSD&mid=sec&sid1=101&oid=020&aid=0000155470
62,브리지스톤 사계절 타이어 ‘인시그니아 SE200’ 국내 시판,http://www.heraldbiz.com/SITE/data/html_dir/2009/12/18/200912180768.asp
63,국산 승용차 단종의 역사,http://www.seoul.co.kr/news/newsView.php?id=20071119019001
64,'움직이는 광고판' 택시를 잡아라,http://www.busanilbo.com/news2000/html/2006/0408/020020060408.1015162546.html
65,로체 택시시장 돌풍 “SM5 비켜”,http://www.khan.co.kr/kh_news/art_view.html?artid=200601200759001&code=920401
66,<표> 상반기 차종별 판매액,https://news.naver.com/main/read.naver?mode=LSD&mid=sec&sid1=101&oid=001&aid=0001124262
67,[e플러스] 자동차 스마트카드 시범 서비스 外,https://news.naver.com/main/read.naver?mode=LSD&mid=sec&sid1=101&oid=032&aid=0000102751
68,"(이슈돋보기)SM7 출시, 현대차 타격받나?",https://news.naver.com/main/read.naver?mode=LSD&mid=sec&sid1=101&oid=018&aid=0000236573
69,"새해 `대형차 뜨고, RV차 부진`..현대車 연구소",https://news.naver.com/main/read.naver?mode=LSD&mid=sec&sid1=101&oid=018&aid=0000231186
70,첨단 싣고 달리는 ‘똑똑한 차’들,http://www.sisapress.com/news/articleView.html?idxno=54432
71,[자동차 재구매 마케팅 활발] 고객을 마니아로 만든다,https://news.naver.com/main/read.naver?mode=LSD&mid=sec&sid1=101&oid=005&aid=0000169596
72,[IT 융합 서비스] 호텔예약·금융거래까지 척척,https://news.naver.com/main/read.naver?mode=LSD&mid=sec&sid1=101&oid=011&aid=0000032703
73,<텔레매틱스 시장 대회전 준비 '짝짓기'>,https://news.naver.com/main/read.naver?mode=LSD&mid=sec&sid1=101&oid=001&aid=0000621434
74,"현대차그룹, 전략조정실 출범 배경은?",https://news.naver.com/main/read.naver?mode=LSD&mid=sec&sid1=101&oid=018&aid=0000145237
75,"현대모비스·오토넷, 가문의 전쟁",https://news.naver.com/main/read.naver?mode=LSD&mid=sec&sid1=105&oid=030&aid=0000061563
76,현대차-LG전자 제휴 .. 자동차용 멀티미디어 분야,https://news.naver.com/main/read.naver?mode=LSD&mid=sec&sid1=101&oid=015&aid=0000665126
77,심재명 김미희 오정완 동시 모델 캐스팅,https://news.naver.com/main/read.naver?mode=LSD&mid=sec&sid1=106&oid=108&aid=0000000608
78,'텔레매틱스' 성공 여부는 불투명,https://news.naver.com/main/read.naver?mode=LSD&mid=sec&sid1=105&oid=030&aid=0000038545
79,[매경 AUTO 월드] 뚝 떨어진 車연비 내 차는 과연?,https://news.naver.com/main/read.naver?mode=LSD&mid=sec&sid1=111&oid=009&aid=0000293168
80,"[거래소] MK 부자 ""공식행사 첫 동행""",https://news.naver.com/main/read.naver?mode=LSD&mid=sec&sid1=101&oid=008&aid=0000259845
81,[카라이프] 고유가 시대 자동차 구매 포인트,https://news.naver.com/main/read.naver?mode=LSD&mid=sec&sid1=105&oid=029&aid=0000017489
82,[2002 서울모터쇼] 퓨전카 진수 보여준다,https://news.naver.com/main/read.naver?mode=LSD&mid=sec&sid1=101&oid=009&aid=0000258270
83,3위로 전락,https://news.naver.com/main/read.naver?mode=LSD&mid=sec&sid1=101&oid=019&aid=0000009482
84,‘단상SR모터’청소기 내놔 등,https://news.naver.com/main/read.naver?mode=LSD&mid=sec&sid1=101&oid=021&aid=0000046335
85,<비즈뉴스>충돌때 가장 안전한 車 선정 등,https://news.naver.com/main/read.naver?mode=LSD&mid=sec&sid1=101&oid=021&aid=0000092422
86,"쏘나타, 충돌안전평가 전부문 최고등급",https://news.naver.com/main/read.naver?mode=LSD&mid=sec&sid1=103&oid=018&aid=0000235804
87,신차 출시 타이밍 어떻게 결정하나,https://news.naver.com/main/read.naver?mode=LSD&mid=sec&sid1=103&oid=086&aid=0000009624
88,텔레매틱스시장 선점경쟁 뜨겁다,https://news.naver.com/main/read.naver?mode=LSD&mid=sec&oid=022&aid=0000033807
89,신차평가 `가혹한 기준' 적용,https://news.naver.com/main/read.naver?mode=LSD&mid=sec&sid1=101&oid=001&aid=0000634085
90,연내에…내년에… ‥ 자동차 언제 살까,https://news.naver.com/main/read.naver?mode=LSD&mid=sec&sid1=101&oid=015&aid=0000669035
91,자동차업체 텔레매틱스 `시동`,https://news.naver.com/main/read.naver?mode=LSD&mid=sec&sid1=105&oid=029&aid=0000045343
92,"[카라이프] ""중고차 구입 이달 놓치지 마세요""",https://news.naver.com/main/read.naver?mode=LSD&mid=sec&sid1=105&oid=029&aid=0000015707
93,[오늘의 생활뉴스]車보증수리 거리 3.5∼5% 연장,https://news.naver.com/main/read.naver?mode=LSD&mid=sec&sid1=101&oid=020&aid=0000164821
94,주문 적체없는 차종 노려라,https://news.naver.com/main/read.naver?mode=LSD&mid=sec&sid1=101&oid=014&aid=0000027508
95,국산 자동차 안전성 별 4~5개로 '우수',https://news.naver.com/main/read.naver?mode=LSD&mid=sec&sid1=117&oid=078&aid=0000020556
96,[특집-신용카드]스마트카드 보급 본격화,https://news.naver.com/main/read.naver?mode=LSD&mid=sec&sid1=101&oid=029&aid=0000095070
97,정비·보험료결제등 미리체크 ‘똑똑한 자동차카드’ 나온다,https://news.naver.com/main/read.naver?mode=LSD&mid=sec&sid1=101&oid=081&aid=0000028497
98,국내 중형차시장 '후끈',https://news.naver.com/main/read.naver?mode=LSD&mid=sec&sid1=103&oid=011&aid=0000059214
99,‘10년 탈 車’ 보증 받고 산다,https://news.naver.com/main/read.naver?mode=LSD&mid=sec&sid1=101&oid=032&aid=0000085862
100,브리지스톤 사계절 타이어 ‘인시그니아 SE200’ 국내 시판,http://www.heraldbiz.com/SITE/data/html_dir/2009/12/18/200912180768.asp
101,국산 승용차 단종의 역사,http://www.seoul.co.kr/news/newsView.php?id=20071119019001
102,'움직이는 광고판' 택시를 잡아라,http://www.busanilbo.com/news2000/html/2006/0408/020020060408.1015162546.html
103,로체 택시시장 돌풍 “SM5 비켜”,http://www.khan.co.kr/kh_news/art_view.html?artid=200601200759001&code=920401
104,<표> 상반기 차종별 판매액,https://news.naver.com/main/read.naver?mode=LSD&mid=sec&sid1=101&oid=001&aid=0001124262
105,"현대차그룹, 통합 마케팅 본격화",https://news.naver.com/main/read.naver?mode=LSD&mid=sec&sid1=101&oid=008&aid=0000509871
106,[e플러스] 자동차 스마트카드 시범 서비스 外,https://news.naver.com/main/read.naver?mode=LSD&mid=sec&sid1=101&oid=032&aid=0000102751
107,"(이슈돋보기)SM7 출시, 현대차 타격받나?",https://news.naver.com/main/read.naver?mode=LSD&mid=sec&sid1=101&oid=018&aid=0000236573
108,충돌안전성 현대차 ‘쏘나타’ 가장 높아,https://news.naver.com/main/read.naver?mode=LSD&mid=sec&sid1=103&oid=086&aid=0000011253
109,"새해 `대형차 뜨고, RV차 부진`..현대車 연구소",https://news.naver.com/main/read.naver?mode=LSD&mid=sec&sid1=101&oid=018&aid=0000231186
110,첨단 싣고 달리는 ‘똑똑한 차’들,http://www.sisapress.com/news/articleView.html?idxno=54432
111,[자동차 재구매 마케팅 활발] 고객을 마니아로 만든다,https://news.naver.com/main/read.naver?mode=LSD&mid=sec&sid1=101&oid=005&aid=0000169596
112,[IT 융합 서비스] 호텔예약·금융거래까지 척척,https://news.naver.com/main/read.naver?mode=LSD&mid=sec&sid1=101&oid=011&aid=0000032703
113,<텔레매틱스 시장 대회전 준비 '짝짓기'>,https://news.naver.com/main/read.naver?mode=LSD&mid=sec&sid1=101&oid=001&aid=0000621434
114,"현대차그룹, 전략조정실 출범 배경은?",https://news.naver.com/main/read.naver?mode=LSD&mid=sec&sid1=101&oid=018&aid=0000145237
115,"현대모비스·오토넷, 가문의 전쟁",https://news.naver.com/main/read.naver?mode=LSD&mid=sec&sid1=105&oid=030&aid=0000061563
116,현대차-LG전자 제휴 .. 자동차용 멀티미디어 분야,https://news.naver.com/main/read.naver?mode=LSD&mid=sec&sid1=101&oid=015&aid=0000665126
117,심재명 김미희 오정완 동시 모델 캐스팅,https://news.naver.com/main/read.naver?mode=LSD&mid=sec&sid1=106&oid=108&aid=0000000608
118,'텔레매틱스' 성공 여부는 불투명,https://news.naver.com/main/read.naver?mode=LSD&mid=sec&sid1=105&oid=030&aid=0000038545
119,[매경 AUTO 월드] 뚝 떨어진 車연비 내 차는 과연?,https://news.naver.com/main/read.naver?mode=LSD&mid=sec&sid1=111&oid=009&aid=0000293168
120,'텔레매틱스' 성공 여부는 불투명,https://news.naver.com/main/read.naver?mode=LSD&mid=sec&sid1=105&oid=030&aid=0000038545
121,[매경 AUTO 월드] 뚝 떨어진 車연비 내 차는 과연?,https://news.naver.com/main/read.naver?mode=LSD&mid=sec&sid1=111&oid=009&aid=0000293168
122,"[거래소] MK 부자 ""공식행사 첫 동행""",https://news.naver.com/main/read.naver?mode=LSD&mid=sec&sid1=101&oid=008&aid=0000259845
123,[카라이프] 고유가 시대 자동차 구매 포인트,https://news.naver.com/main/read.naver?mode=LSD&mid=sec&sid1=105&oid=029&aid=0000017489
124,[2002 서울모터쇼] 퓨전카 진수 보여준다,https://news.naver.com/main/read.naver?mode=LSD&mid=sec&sid1=101&oid=009&aid=0000258270
125,3위로 전락,https://news.naver.com/main/read.naver?mode=LSD&mid=sec&sid1=101&oid=019&aid=0000009482
126,‘단상SR모터’청소기 내놔 등,https://news.naver.com/main/read.naver?mode=LSD&mid=sec&sid1=101&oid=021&aid=0000046335
127,＇움직이는 광고판＇ 택시를 잡아라,https://news.naver.com/main/read.naver?mode=LSD&mid=sec&sid1=103&oid=143&aid=0000021622
128,<비즈뉴스>충돌때 가장 안전한 車 선정 등,https://news.naver.com/main/read.naver?mode=LSD&mid=sec&sid1=101&oid=021&aid=0000092422
129,충돌안전성시험 ‘NF 소나타’ 전부문 최고,https://news.naver.com/main/read.naver?mode=LSD&mid=sec&sid1=103&oid=020&aid=0000276990
130,"쏘나타, 충돌안전평가 전부문 최고등급",https://news.naver.com/main/read.naver?mode=LSD&mid=sec&sid1=103&oid=018&aid=0000235804
131,신차 출시 타이밍 어떻게 결정하나,https://news.naver.com/main/read.naver?mode=LSD&mid=sec&sid1=103&oid=086&aid=0000009624
132,텔레매틱스시장 선점경쟁 뜨겁다,https://news.naver.com/main/read.naver?mode=LSD&mid=sec&oid=022&aid=0000033807
133,신차평가 `가혹한 기준' 적용,https://news.naver.com/main/read.naver?mode=LSD&mid=sec&sid1=101&oid=001&aid=0000634085
134,연내에…내년에… ‥ 자동차 언제 살까,https://news.naver.com/main/read.naver?mode=LSD&mid=sec&sid1=101&oid=015&aid=0000669035
135,자동차업체 텔레매틱스 `시동`,https://news.naver.com/main/read.naver?mode=LSD&mid=sec&sid1=105&oid=029&aid=0000045343
136,"[카라이프] ""중고차 구입 이달 놓치지 마세요""",https://news.naver.com/main/read.naver?mode=LSD&mid=sec&sid1=105&oid=029&aid=0000015707
137,[오늘의 생활뉴스]車보증수리 거리 3.5∼5% 연장,https://news.naver.com/main/read.naver?mode=LSD&mid=sec&sid1=101&oid=020&aid=0000164821
138,주문 적체없는 차종 노려라,https://news.naver.com/main/read.naver?mode=LSD&mid=sec&sid1=101&oid=014&aid=0000027508
139,국산 자동차 안전성 별 4~5개로 '우수',https://news.naver.com/main/read.naver?mode=LSD&mid=sec&sid1=117&oid=078&aid=0000020556
140,주문 적체없는 차종 노려라,https://news.naver.com/main/read.naver?mode=LSD&mid=sec&sid1=101&oid=014&aid=0000027508
141,국산 자동차 안전성 별 4~5개로 '우수',https://news.naver.com/main/read.naver?mode=LSD&mid=sec&sid1=117&oid=078&aid=0000020556
142,[특집-신용카드]스마트카드 보급 본격화,https://news.naver.com/main/read.naver?mode=LSD&mid=sec&sid1=101&oid=029&aid=0000095070
143,정비·보험료결제등 미리체크 ‘똑똑한 자동차카드’ 나온다,https://news.naver.com/main/read.naver?mode=LSD&mid=sec&sid1=101&oid=081&aid=0000028497
144,국내 중형차시장 '후끈',https://news.naver.com/main/read.naver?mode=LSD&mid=sec&sid1=103&oid=011&aid=0000059214
145,‘10년 탈 車’ 보증 받고 산다,https://news.naver.com/main/read.naver?mode=LSD&mid=sec&sid1=101&oid=032&aid=0000085862
146,"현대차, 차량용 앱스토어도 오픈…'스마트 카' 시대 이끈다",http://www.hankyung.com/news/app/newsview.php?aid=2011011062581
147,"기아車, 유럽기자단 대상 리갈 시승회",https://news.naver.com/main/read.naver?mode=LSD&mid=sec&sid1=101&oid=009&aid=0000263935
148,"車브랜드, 회사명과 별도로",https://news.naver.com/main/read.naver?mode=LSD&mid=sec&sid1=101&oid=009&aid=0000325162
149,"현대오토넷 현대모비스, 텔레매틱스 수혜-대신",https://news.naver.com/main/read.naver?mode=LSD&mid=sec&sid1=101&oid=008&aid=0000331324
150,"현대오토넷 현대모비스, 텔레매틱스 수혜-대신",https://news.naver.com/main/read.naver?mode=LSD&mid=sec&sid1=101&oid=008&aid=0000331324
151,"차업계, 모터쇼 신차 마케팅 뜨겁다",https://news.naver.com/main/read.naver?mode=LSD&mid=sec&sid1=101&oid=001&aid=0000470266
152,[기업] 삼성 매직스테이션 등 디자인선호도 1위,https://news.naver.com/main/read.naver?mode=LSD&mid=sec&sid1=101&oid=008&aid=0000280822
153,대접받는 준중형차 주목받는 알뜰운전,https://news.naver.com/main/read.naver?mode=LSD&mid=sec&sid1=103&oid=005&aid=0000137888
154,高유가시대…준중형차 잘나간다,https://news.naver.com/main/read.naver?mode=LSD&mid=sec&sid1=101&oid=020&aid=0000176878
155,"[거래소] 車업계, 보증수리거리 늘린다",https://news.naver.com/main/read.naver?mode=LSD&mid=sec&sid1=101&oid=008&aid=0000228455
156,車특소세 10만명 혜택 못볼듯..인하조치 이달 끝나..업체들 주문량 못해,https://news.naver.com/main/read.naver?mode=LSD&mid=sec&sid1=101&oid=015&aid=0000537316
157,[Car & Finance] 年10% 이자에 절세혜택 오토리스 '一石二鳥',https://news.naver.com/main/read.naver?mode=LSD&mid=sec&sid1=101&oid=009&aid=0000217497
158,"[코스닥] 코리아텐더, 어학연수 상품 입찰 판매",https://news.naver.com/main/read.naver?mode=LSD&mid=sec&sid1=101&oid=008&aid=0000177416
159,교통사고 나면 중·대형차 엠블럼이 흉기라고?,http://www.ohmynews.com/function/portal_articleview.asp?at_code=361348
160,"[코스닥] 코리아텐더, 어학연수 상품 입찰 판매",https://news.naver.com/main/read.naver?mode=LSD&mid=sec&sid1=101&oid=008&aid=0000177416
161,교통사고 나면 중·대형차 엠블럼이 흉기라고?,http://www.ohmynews.com/function/portal_articleview.asp?at_code=361348
162,NF쏘나타 택시 ‘질주’…출시후 두달째 판매량 2위,https://news.naver.com/main/read.naver?mode=LSD&mid=sec&sid1=101&oid=014&aid=0000179112
163,르노삼성차 SM5후속 이달 출시,https://news.naver.com/main/read.naver?mode=LSD&mid=sec&oid=015&aid=0000769624
164,[2004 국민광고대상] 경기불황 탈출 이끄는 ‘동력’,https://news.naver.com/main/read.naver?mode=LSD&mid=sec&sid1=101&oid=005&aid=0000184626
165,자동차는 세일중!,https://news.naver.com/main/read.naver?mode=LSD&mid=sec&sid1=102&oid=082&aid=0000006029
166,"모비스, 2분기 실적 호조...매수-서울",https://news.naver.com/main/read.naver?mode=LSD&mid=sec&sid1=101&oid=008&aid=0000417595
167,[열린마당]­텔레매틱스 산업에 거는 기대,https://news.naver.com/main/read.naver?mode=LSD&mid=sec&sid1=105&oid=030&aid=0000060838
168,[2004 시선집중](10/끝)텔레매틱스,https://news.naver.com/main/read.naver?mode=LSD&mid=sec&sid1=105&oid=030&aid=0000057548
169,현대차 텔레매틱스서비스 확대..휴대인터넷ㆍMVNO사업 검토,https://news.naver.com/main/read.naver?mode=LSD&mid=sec&sid1=105&oid=029&aid=0000054504
170,[열린마당]­텔레매틱스 산업에 거는 기대,https://news.naver.com/main/read.naver?mode=LSD&mid=sec&sid1=105&oid=030&aid=0000060838
171,[2004 시선집중](10/끝)텔레매틱스,https://news.naver.com/main/read.naver?mode=LSD&mid=sec&sid1=105&oid=030&aid=0000057548
172,현대차 텔레매틱스서비스 확대..휴대인터넷ㆍMVNO사업 검토,https://news.naver.com/main/read.naver?mode=LSD&mid=sec&sid1=105&oid=029&aid=0000054504
173,보증수리기간 5년.10km 확산 .. 차종마다 달라 구입전 체크를,https://news.naver.com/main/read.naver?mode=LSD&mid=sec&sid1=101&oid=015&aid=0000669051
174,자동차 재고 줄이기 .. 연말 무이자 할판 확대,https://news.naver.com/main/read.naver?mode=LSD&mid=sec&sid1=101&oid=015&aid=0000666352
175,전장(2일) 마감후 주요 종목뉴스,https://news.naver.com/main/read.naver?mode=LSD&mid=sec&sid1=101&oid=018&aid=0000078975
176,車보험료 배기량 같아도 모델별 차등화.. 안정성 높을수록 보험료 저렴,https://news.naver.com/main/read.naver?mode=LSD&mid=sec&sid1=101&oid=015&aid=0000648951
177,[5개분야 113개 제품군 조사]이통단말기 디자인선호도 1위,https://news.naver.com/main/read.naver?mode=LSD&mid=sec&sid1=101&oid=020&aid=0000188118
178,"능률협회, 소비자 디자인선호도 1위제품 발표",https://news.naver.com/main/read.naver?mode=LSD&mid=sec&sid1=110&oid=001&aid=0000373586
179,"GM대우, 중형차 판매 확대, 하반기 매그너스 신형 출시",https://news.naver.com/main/read.naver?mode=LSD&mid=sec&sid1=103&oid=014&aid=0000050483
180,제29회 매일경제 광고대상 수상자ㆍ당선작,https://news.naver.com/main/read.naver?mode=LSD&mid=sec&sid1=101&oid=019&aid=0000011055
181,GM대우 ‘L6 매그너스 2.5’ 호평,https://news.naver.com/main/read.naver?mode=LSD&mid=sec&sid1=101&oid=032&aid=0000001014
182,[표] 제29회 매경 광고대상 광고인.기성인부문 당선작명단,https://news.naver.com/main/read.naver?mode=LSD&mid=sec&sid1=101&oid=009&aid=0000259689
183,<골프소식> 골프장협회 무의탁노인 급식,https://sports.news.naver.com/news.nhn?oid=001&aid=0000258117
184,계약 감소 비상,https://news.naver.com/main/read.naver?mode=LSD&mid=sec&sid1=101&oid=019&aid=0000003560
185,자동차 마케팅 첨단기법 경쟁,https://news.naver.com/main/read.naver?mode=LSD&mid=sec&sid1=101&oid=014&aid=0000023020
186,국민일보 선정 2002년 상반기 히트상품 심사평,https://news.naver.com/main/read.naver?mode=LSD&mid=sec&sid1=101&oid=005&aid=0000109773
187,국민일보 선정 2002년 상반기 히트상품,https://news.naver.com/main/read.naver?mode=LSD&mid=sec&sid1=101&oid=005&aid=0000109774
188,`슈마·G2X·리갈` 이런 車도 있었어?,http://www.edaily.co.kr/news/newspath.asp?newsid=01121766599498416
189,"기아대책-스마트F&D, 타지키스탄에 교복 3만벌 지원",http://www.newsis.com/ar_detail/view.html?ar_id=NISX20131023_0012456610&cID=10201&pID=10200
190,"[거래소] 기아차 ""5월 대대적 할인판매 돌입""",https://news.naver.com/main/read.naver?mode=LSD&mid=sec&sid1=101&oid=008&aid=0000278572
191,"현대기아차, 판촉행사 강화",https://news.naver.com/main/read.naver?mode=LSD&mid=sec&sid1=105&oid=030&aid=0000025688
192,"[거래소] 기아차, ""하이-파이브!! 페스티발""",https://news.naver.com/main/read.naver?mode=LSD&mid=sec&sid1=101&oid=008&aid=0000269127
193,[2002 파리모터쇼] 국내자동차 .. '기아자동차',https://news.naver.com/main/read.naver?mode=LSD&mid=sec&sid1=104&oid=015&aid=0000553103
194,"기아車, 옵티마 中현지 생산 판매",https://news.naver.com/main/read.naver?mode=LSD&mid=sec&sid1=101&oid=020&aid=0000260242
195,"[거래소] 기아車,파리모터쇼 13대 차량 출품",https://news.naver.com/main/read.naver?mode=LSD&mid=sec&sid1=101&oid=008&aid=0000209144
196,"현대·기아차, 美 하이브리드차 시장서 선전",http://www.newstomato.com/ReadNews.aspx?no=501305
197,미 컨슈머리포트 평가에서 '기아차 9위' '현대차 13위',http://www.fnnews.com/news/201502251401341458
198,자동차 할판경쟁 '후끈'..기아 금리 5%로 낮춰,https://news.naver.com/main/read.naver?mode=LSD&mid=sec&sid1=101&oid=015&aid=0000604694
199,<기아차 카니발 국내서 `벌벌'..해외선 `펄펄'>,https://news.naver.com/main/read.naver?mode=LSD&mid=sec&sid1=103&oid=001&aid=0000872227
200,<기아차 카니발 국내서 `벌벌'..해외선 `펄펄'>,https://news.naver.com/main/read.naver?mode=LSD&mid=sec&sid1=103&oid=001&aid=0000872227
201,"기아車, 쏘렌토 가솔린 시판",https://news.naver.com/main/read.naver?mode=LSD&mid=sec&sid1=105&oid=029&aid=0000001094
202,"기아車, 새 SUT 컨셉카 공개",https://news.naver.com/main/read.naver?mode=LSD&mid=sec&sid1=101&oid=009&aid=0000245807
203,[fn포춘클럽 탐방] 기아차 주요 경영전략,https://news.naver.com/main/read.naver?mode=LSD&mid=sec&sid1=101&oid=014&aid=0000018939
204,"[거래소] 기아차, 목표가 2만1000원 상향-도이치",https://news.naver.com/main/read.naver?mode=LSD&mid=sec&sid1=101&oid=008&aid=0000172000
205,[마켓레이더] 현대·기아차 中실적 편견 버려야,http://news.mk.co.kr/news_forward.php?domain=news&no=131686&year=2013
206,기아차 2분기 영업익 3배 급증..쏘렌토등 주문 폭주로,https://news.naver.com/main/read.naver?mode=LSD&mid=sec&sid1=101&oid=015&aid=0000516529
207,"현대·기아차 감마엔진, 미국 10대 최고엔진 4년 연속 선정",http://autotimes.hankyung.com/apps/news.sub_view?popup=0&nid=02&c1=02&c2=02&c3=00&nkey=201112091333221
208,"현대·기아차, 감마 GDi ‘美 10대 엔진’ 선정",http://www.ajnews.co.kr/common/redirect.jsp?newsId=20111209000238
209,"현대·기아차 ""中 중형차 시장 잡아라""",https://news.naver.com/main/read.naver?mode=LSD&mid=sec&sid1=101&oid=011&aid=0002129250
210,현대기아차 중형차 中판매 순항,https://news.naver.com/main/read.naver?mode=LSD&mid=sec&sid1=101&oid=001&aid=0005531523
211,현대.기아자동차 월드컵 1주년 차값 할인,https://news.naver.com/main/read.naver?mode=LSD&mid=sec&sid1=101&oid=009&aid=0000296309
212,"[거래소] 기아차 ""4월 10만대 판매..6.4%↑""(상보)",https://news.naver.com/main/read.naver?mode=LSD&mid=sec&sid1=101&oid=008&aid=0000278338
213,"기아車, ‘2002 파리모터쇼’서 신차 발표",https://news.naver.com/main/read.naver?mode=LSD&mid=sec&sid1=101&oid=015&aid=0000552533
214,현대차 ‘벨로스터’·기아차 ‘KV7’ 모습 드러낸다,http://www.fnnews.com/view?ra=Sent0601m_01A&corp=fnnews&arcid=0922194871&cDateYear=2011&cDateMonth=01&cDateDay=07&
215,"기아차 '쏘울', 월드카오브더이어 2부문 최종후보",http://www.moneytoday.co.kr/view/mtview.php?type=1&no=2010020315005191760&outlink=1
216,"현대.기아차, 디트로이트모터쇼서 美 공략 박차",https://news.naver.com/main/read.naver?mode=LSD&mid=sec&sid1=101&oid=001&aid=0001185096
217,[블루오션을 찾아서] 대기업 : 기아자동차 ‥ 자동차 '달리는 사무실'로,https://news.naver.com/main/read.naver?mode=LSD&mid=sec&sid1=101&oid=015&aid=0000840534
218,[2005 서울모터쇼]현대·기아자동차，이젠 ‘월드메이커’로 달린다,https://news.naver.com/main/read.naver?mode=LSD&mid=sec&sid1=101&oid=014&aid=0000172176
219,(질주하는 車산업)⑤기아차 평택항 가다,https://news.naver.com/main/read.naver?mode=LSD&mid=sec&sid1=101&oid=018&aid=0000260977
220,(질주하는 車산업)⑤기아차 평택항 가다,https://news.naver.com/main/read.naver?mode=LSD&mid=sec&sid1=101&oid=018&aid=0000260977
221,[경제 살리기 기업이 뛴다―제2부 선도기업을 찾아서] ⑺ 기아자동차,https://news.naver.com/main/read.naver?mode=LSD&mid=sec&sid1=101&oid=005&aid=0000194817
222,"[자동차 업계 브랜드·품질경영] 기아차 ""대내외 악재 뚫고 새",https://news.naver.com/main/read.naver?mode=LSD&mid=sec&sid1=101&oid=011&aid=0000069428
223,[2005 이것으로 승부한다] 현대기아차 그룹,https://news.naver.com/main/read.naver?mode=LSD&mid=sec&sid1=101&oid=011&aid=0000065159
224,기아차「옵티마」중국 진출,https://news.naver.com/main/read.naver?mode=LSD&mid=sec&sid1=101&oid=004&aid=0000017884
225,"기아, 시장점유율 급상승..현대차그룹 `공고`",https://news.naver.com/main/read.naver?mode=LSD&mid=sec&sid1=101&oid=018&aid=0000151000
226,"기아차, 강력한 중국 모멘텀 '매수'-서울",https://news.naver.com/main/read.naver?mode=LSD&mid=sec&sid1=101&oid=008&aid=0000393416
227,[무역의 날 40주년-수상업체] 50억불탑 기아차,https://news.naver.com/main/read.naver?mode=LSD&mid=sec&sid1=111&oid=014&aid=0000097357
228,"[거래소] 기아차 ""9月 9만4514대..94.2%↑""(상보)",https://news.naver.com/main/read.naver?mode=LSD&mid=sec&sid1=101&oid=008&aid=0000325264
229,현대.기아차 내달부터 텔레매틱스 사업,https://news.naver.com/main/read.naver?mode=LSD&mid=sec&sid1=101&oid=019&aid=0000033356
230,현대.기아차 텔레매틱스 기본으로 장착,https://news.naver.com/main/read.naver?mode=LSD&mid=sec&sid1=101&oid=019&aid=0000033344
231,"기아차, 상당수 차종 사실상 `할인'",https://news.naver.com/main/read.naver?mode=LSD&mid=sec&sid1=101&oid=001&aid=0000403942
232,"[기업] 기아차,""현대차 파업'불똥' 생산차질""",https://news.naver.com/main/read.naver?mode=LSD&mid=sec&sid1=101&oid=008&aid=0000297226
233,"[기업] 기아-현대차 파업, 27일부터 생산차질",https://news.naver.com/main/read.naver?mode=LSD&mid=sec&sid1=101&oid=008&aid=0000294713
234,"[거래소] 현대·기아차 ""월드컵 1주년 판촉 강화""(상보)",https://news.naver.com/main/read.naver?mode=LSD&mid=sec&sid1=101&oid=008&aid=0000287742
235,기아차도 무이자 할부,https://news.naver.com/main/read.naver?mode=LSD&mid=sec&sid1=101&oid=009&aid=0000287816
236,"[거래소] 기아차, 3월 내수 마케팅 강화",https://news.naver.com/main/read.naver?mode=LSD&mid=sec&sid1=101&oid=008&aid=0000257632
237,기아자동차 생산라인 '지게차 유세',https://news.naver.com/main/read.naver?mode=LSD&mid=sec&sid1=100&oid=047&aid=0000019076
238,기아車 소형세단 ‘리오 SF’ 출시,https://news.naver.com/main/read.naver?mode=LSD&mid=sec&sid1=101&oid=014&aid=0000026899
239,[긴급점검 '업종 대표주' (1)] 기아자동차..실적호전.낙폭과대 매력,https://news.naver.com/main/read.naver?mode=LSD&mid=sec&sid1=101&oid=015&aid=0000533618
240,기아車 소형세단 ‘리오 SF’ 출시,https://news.naver.com/main/read.naver?mode=LSD&mid=sec&sid1=101&oid=014&aid=0000026899
241,[긴급점검 '업종 대표주' (1)] 기아자동차..실적호전.낙폭과대 매력,https://news.naver.com/main/read.naver?mode=LSD&mid=sec&sid1=101&oid=015&aid=0000533618
242,[여름철 車 마케팅 뜨겁다-기아차] 김중성 부사장,https://news.naver.com/main/read.naver?mode=LSD&mid=sec&sid1=103&oid=014&aid=0000024203
243,"[거래소] 기아차,실적개선기대..""매수""-동부",https://news.naver.com/main/read.naver?mode=LSD&mid=sec&sid1=101&oid=008&aid=0000183964
244,[fn포춘클럽 탐방-기아자동차] 김뇌명 사장 인터뷰,https://news.naver.com/main/read.naver?mode=LSD&mid=sec&sid1=101&oid=014&aid=0000018938
245,"[기업] 기아차 ""스페인서 카렌스Ⅱ 발표회""",https://news.naver.com/main/read.naver?mode=LSD&mid=sec&sid1=101&oid=008&aid=0000173011
246,기아자동차 '프라이드'부활,https://news.naver.com/main/read.naver?mode=LSD&mid=sec&sid1=101&oid=015&aid=0000509561
247,"[기업] 기아차 ""매출 감소,경상익 14% 증가""",https://news.naver.com/main/read.naver?mode=LSD&mid=sec&sid1=101&oid=008&aid=0000168848
248,"기아차[00270], 영업사원 200명 채용",https://news.naver.com/main/read.naver?mode=LSD&mid=sec&sid1=101&oid=001&aid=0000160741
249,기아차 10월판매 10.2만대 전월비 6.2%↑,https://news.naver.com/main/read.naver?mode=LSD&mid=sec&sid1=101&oid=018&aid=0000218452
250,기아차 10월판매 10.2만대 전월비 6.2%↑,https://news.naver.com/main/read.naver?mode=LSD&mid=sec&sid1=101&oid=018&aid=0000218452
251,[종목리포트]기아차(000270)-서울증권,https://news.naver.com/main/read.naver?mode=LSD&mid=sec&oid=013&aid=0000034916
252,[GO! 수출한국] 무역의 날 : 금탑산업훈장 ‥ 기아자동차 등 5개사,https://news.naver.com/main/read.naver?mode=LSD&mid=sec&sid1=101&oid=015&aid=0000664383
253,현대·기아車 텔레매틱스 내달 서비스,https://news.naver.com/main/read.naver?mode=LSD&mid=sec&sid1=101&oid=021&aid=0000040913
254,"[기업] 현대·기아차, '텔레매틱스 시장' 진출",https://news.naver.com/main/read.naver?mode=LSD&mid=sec&sid1=101&oid=008&aid=0000311246
255,기아 엑센트 中시장 휩쓸어,https://news.naver.com/main/read.naver?mode=LSD&mid=sec&sid1=101&oid=014&aid=0000081330
256,"[기업] 기아차, 취득·등록세 지원 '8월 이벤트'",https://news.naver.com/main/read.naver?mode=LSD&mid=sec&sid1=101&oid=008&aid=0000308199
257,"[기업] 기아차,월드컵 4강 1주년기념 판촉행사",https://news.naver.com/main/read.naver?mode=LSD&mid=sec&sid1=101&oid=008&aid=0000287719
258,"[거래소] 기아차,이달말까지 무이자 할부판매",https://news.naver.com/main/read.naver?mode=LSD&mid=sec&sid1=101&oid=008&aid=0000274114
259,[2002 서울모터쇼] 볼만한 차 : '기아차' .. 'KCV' 돋보여,https://news.naver.com/main/read.naver?mode=LSD&mid=sec&sid1=101&oid=015&aid=0000569256
260,"[거래소] 기아차,이달말까지 무이자 할부판매",https://news.naver.com/main/read.naver?mode=LSD&mid=sec&sid1=101&oid=008&aid=0000274114
261,[2002 서울모터쇼] 볼만한 차 : '기아차' .. 'KCV' 돋보여,https://news.naver.com/main/read.naver?mode=LSD&mid=sec&sid1=101&oid=015&aid=0000569256
262,"[거래소] 기아차, 리오SF 유럽기자단 시승회 개최",https://news.naver.com/main/read.naver?mode=LSD&mid=sec&sid1=101&oid=008&aid=0000211340
263,"기아차, 8월 판매 12.7% 증가(종합)",https://news.naver.com/main/read.naver?mode=LSD&mid=sec&sid1=101&oid=001&aid=0000231169
264,"[거래소] 기아車, 리오SF 출시",https://news.naver.com/main/read.naver?mode=LSD&mid=sec&sid1=101&oid=008&aid=0000193591
265,"美, 포드차 에어백 조사강화..기아 리오도 조사",https://news.naver.com/main/read.naver?mode=LSD&mid=sec&sid1=104&oid=001&aid=0000213785
266,"기아차, 7월 11만4406대 판매..전년比 46.9%↑",https://news.naver.com/main/read.naver?mode=LSD&mid=sec&sid1=101&oid=018&aid=0000299307
267,[신문부분 수상소감] 자동차 / 기아자동차 'Art in Regal',https://news.naver.com/main/read.naver?mode=LSD&mid=sec&sid1=101&oid=009&aid=0000260047
268,"기아차, 8월 판매 전월비 7.2%↓(종합)",https://news.naver.com/main/read.naver?mode=LSD&mid=sec&sid1=101&oid=001&aid=0000750348
269,중국 자동차업체 최고 25% 가격인하 공세에 현대·기아 품질로 맞불,https://news.naver.com/main/read.naver?mode=LSD&mid=sec&sid1=101&oid=014&aid=0000131677
270,기아차 `강력한 중국발 모멘텀`..매수유지-서울,https://news.naver.com/main/read.naver?mode=LSD&mid=sec&sid1=101&oid=018&aid=0000145471
271,기아차 2월 판매 8만2천760대 21.1%↑(종합),https://news.naver.com/main/read.naver?mode=LSD&mid=sec&sid1=101&oid=001&aid=0000580604
272,"[거래소] 기아 ""8월판매35.8%↓ 파업직격탄""(상보)",https://news.naver.com/main/read.naver?mode=LSD&mid=sec&sid1=101&oid=008&aid=0000316207
273,현대-기아자동차 텔레매틱스 시장 본격참여 나선다,https://news.naver.com/main/read.naver?mode=LSD&mid=sec&sid1=101&oid=022&aid=0000002405
274,"기아 엑센트, 중국 상반기 소형차시장 1위-KOTRA",https://news.naver.com/main/read.naver?mode=LSD&mid=sec&sid1=101&oid=018&aid=0000063408
275,"[기업] 기아 액센트,中 상반기 소형차 판매 1위",https://news.naver.com/main/read.naver?mode=LSD&mid=sec&sid1=101&oid=008&aid=0000310413
276,"기아차, 비스토등 구매고객 대상 할부금리 ‘5%’",https://news.naver.com/main/read.naver?mode=LSD&mid=sec&sid1=101&oid=014&aid=0000065869
277,기아車 36개월 할부 5％ 금리적용,https://news.naver.com/main/read.naver?mode=LSD&mid=sec&sid1=101&oid=032&aid=0000016149
278,기아車 이달말까지 무이자 할부판매,https://news.naver.com/main/read.naver?mode=LSD&mid=sec&sid1=101&oid=020&aid=0000183687
279,"[거래소] ""기아차,실적개선..매수로 상향""-서울",https://news.naver.com/main/read.naver?mode=LSD&mid=sec&sid1=101&oid=008&aid=0000182525
280,"[거래소] ""기아차,실적개선..매수로 상향""-서울",https://news.naver.com/main/read.naver?mode=LSD&mid=sec&sid1=101&oid=008&aid=0000182525
281,"현대·기아차 텔레매틱스, 모젠 서비스 개시",https://news.naver.com/main/read.naver?mode=LSD&mid=sec&sid1=111&oid=014&aid=0000095442
282,"기아차, 9월판매 수출주도로 전년비 10.7%↑(상보)",https://news.naver.com/main/read.naver?mode=LSD&mid=sec&sid1=101&oid=018&aid=0000078207
283,"[거래소] 기아차,9만여대 판매..9.4%↓(상보)",https://news.naver.com/main/read.naver?mode=LSD&mid=sec&sid1=101&oid=008&aid=0000287391
284,"기아차, 4월 9만9648대 판매..전월비 6.4%↑(상보)",https://news.naver.com/main/read.naver?mode=LSD&mid=sec&sid1=101&oid=018&aid=0000031409
285,"기아차,2월 8만602대 판매..전월비 6.8%↓(상보)",https://news.naver.com/main/read.naver?mode=LSD&mid=sec&sid1=101&oid=018&aid=0000011830
286,기아차 2002 파리모터쇼,https://news.naver.com/main/read.naver?mode=LSD&mid=sec&sid1=105&oid=030&aid=0000007440
287,"[거래소] 기아차,8월 판매량 12.7%↑(상보)",https://news.naver.com/main/read.naver?mode=LSD&mid=sec&sid1=101&oid=008&aid=0000201406
288,올댓카 - 미국 소비자가 뽑은 올해 최고의 차,http://ilyo.co.kr/?ac=article_view&entry_id=116907
289,미국 중고차 시장에서 감가상각이 심한 차량 TOP 10,http://autoin.edaily.co.kr/news/newspath.asp?newsid=02181206615997800
290,올댓카 - 미국 소비자가 뽑은 올해 최고의 차,http://ilyo.co.kr/?ac=article_view&entry_id=116907
291,미국 중고차 시장에서 감가상각이 심한 차량 TOP 10,http://autoin.edaily.co.kr/news/newspath.asp?newsid=02181206615997800
292,'중형차 대전' 개막 임박…11년만의 5파전 예고,http://app.yonhapnews.co.kr/YNA/Basic/SNS/r.aspx?c=AKR20160203159300003&did=1195m
293,중고차 사망률 가장 높은 모델 TOP 10,http://www.thedrive.co.kr/news/newsview.php?ncode=1065583712101453
294,맞춤형 합성엔진오일 ‘울프(Wolf)’ 국내 출시,http://www.etnews.com/news/home_mobile/automobile/2862067_1485.html
295,시카고오토쇼 주목할 차 11,http://www.autotimes.co.kr/article_view.php?id=70428
296,"자동차업계, 판촉 경쟁 ＇가열＇",https://news.naver.com/main/read.naver?mode=LSD&mid=sec&sid1=101&oid=018&aid=0000023110
297,車업계 ‘이코노미 모델’로 고객 유혹…고가옵션 제외 마케팅,https://news.naver.com/main/read.naver?mode=LSD&mid=sec&sid1=101&oid=014&aid=0000129597
298,[특집-이동통신 컨버전스] LG텔레콤,https://news.naver.com/main/read.naver?mode=LSD&mid=sec&sid1=105&oid=029&aid=0000088064
299,[국산차] 중형차 품질경쟁 뜨겁다,https://news.naver.com/main/read.naver?mode=LSD&mid=sec&sid1=101&oid=009&aid=0000217470
300,"자동차업계, 판촉 경쟁 ＇가열＇",https://news.naver.com/main/read.naver?mode=LSD&mid=sec&sid1=101&oid=018&aid=0000023110
301,車업계 ‘이코노미 모델’로 고객 유혹…고가옵션 제외 마케팅,https://news.naver.com/main/read.naver?mode=LSD&mid=sec&sid1=101&oid=014&aid=0000129597
302,[특집-이동통신 컨버전스] LG텔레콤,https://news.naver.com/main/read.naver?mode=LSD&mid=sec&sid1=105&oid=029&aid=0000088064
303,[국산차] 중형차 품질경쟁 뜨겁다,https://news.naver.com/main/read.naver?mode=LSD&mid=sec&sid1=101&oid=009&aid=0000217470
304,[국산차] 올 여름휴가 새車로 떠나볼까,https://news.naver.com/main/read.naver?mode=LSD&mid=sec&sid1=111&oid=009&aid=0000299475
305,새차 지금사면 가격 `팍팍` 경품 `펑펑`,https://news.naver.com/main/read.naver?mode=LSD&mid=sec&sid1=105&oid=029&aid=0000023413
306,"GV80 미국 론칭 앞둔 제네시스, 렉서스 추월하고 JD파워 내구품질 1위 '호재'",http://www.fntimes.com/html/view.php?ud=2020021309172673007de3572ddd_18
307,볼수록 타고싶은 세계名車 총집합…파리모터쇼,https://news.naver.com/main/read.naver?mode=LSD&mid=sec&sid1=103&oid=005&aid=0000121366
308,車 내수 2개월 연속 10만대..`신차효과 지속`(상보),https://news.naver.com/main/read.naver?mode=LSD&mid=sec&sid1=101&oid=018&aid=0000299357
309,중형차 고객 느는데 신형차 없어 속상해,https://news.naver.com/main/read.naver?mode=LSD&mid=sec&sid1=115&oid=057&aid=0000020491
310,중형차 고객 느는데 신형차 없어 속상해,https://news.naver.com/main/read.naver?mode=LSD&mid=sec&sid1=115&oid=057&aid=0000020491
311,쏘나타 출시 불구 경쟁차 판매 `씽씽`,https://news.naver.com/main/read.naver?mode=LSD&mid=sec&sid1=103&oid=018&aid=0000204792
312,[국산차] 판촉전에 고객은 즐겁다,https://news.naver.com/main/read.naver?mode=LSD&mid=sec&sid1=110&oid=009&aid=0000311229
313,신비로운 숲을 담은 공간 인테리어,https://www.maisonkorea.com/2020/01/10/%ec%8b%a0%eb%b9%84%eb%a1%9c%ec%9a%b4-%ec%88%b2%ec%86%8d%ec%9d%98-%ea%b3%b5%ea%b0%84/?_N_=01
314,올해를 끝으로 사라지는 '퇴출 리스트'에 오른 차종들 어떤 차?,http://www.autodaily.co.kr/news/articleView.html?idxno=414330
315,자동차업계 승용차 판촉 `올인`,https://news.naver.com/main/read.naver?mode=LSD&mid=sec&sid1=101&oid=016&aid=0000134753
316,자동車업계 이달 파격할인 판촉,https://news.naver.com/main/read.naver?mode=LSD&mid=sec&sid1=101&oid=011&aid=0000033925
317,[국산차] 할인판매로 불황 넘자,https://news.naver.com/main/read.naver?mode=LSD&mid=sec&sid1=101&oid=009&aid=0000344937
318,"[기업] 4社 4色..""중형차 시장을 잡아라""",https://news.naver.com/main/read.naver?mode=LSD&mid=sec&sid1=101&oid=008&aid=0000321394
319,"'경제 한류' 푸드·자동차 수장 한 목소리, ""해외 성과에 사활""",http://www.sportsseoul.com/news/read/711544
320,"'경제 한류' 푸드·자동차 수장 한 목소리, ""해외 성과에 사활""",http://www.sportsseoul.com/news/read/711544
321,"GM, 中서 사상최대 리콜…'입맛 다시는' 현대차",http://news.bizwatch.co.kr/article/industry/2018/10/01/0027/naver
322,2018 코리아세일페스타…의류 가전 자동차등 최고 80% 세일품목 총망라,http://www.seoulwire.com/news/articleView.html?idxno=28145
323,2018 코리아세일페스타…의류 침구 가전 자동차등 최고 80% 세일품목 총점검,http://www.seoulwire.com/news/articleView.html?idxno=27970
324,2018코리아세일페스타 개막…'킬러 아이템' 최대 80% 할인,http://www.businesskorea.co.kr/news/articleView.html?idxno=25337
325,코리아세일페스타 삼성 그랑데 건조기·LG 올레드TV 할인,http://www.kyeongin.com/main/view.php?key=20180914010005067
326,"靑참모 서열 1위 임종석, 10년된 '그랜저'..재산 1위 장하성은?",http://www.edaily.co.kr/news/newspath.asp?newsid=02479686616030928
327,좀처럼 잡을 수 없는…,http://www.cstimes.com/?mod=news&act=articleView&idxno=253275
328,"제네시스, 美 신차품질조사 프리미엄 브랜드 1위…어큐라는 7위",http://www.rpm9.com/news/article.html?id=20170622090006
329,"보험개발원, 내년도 자동차 보험료 조정안 발표",http://www.sporbiz.co.kr/news/articleView.html?idxno=62193
330,"보험개발원, 내년도 자동차 보험료 조정안 발표",http://www.sporbiz.co.kr/news/articleView.html?idxno=62193
331,"‘중형차 5파전’, 중형세단 부활 신호탄?",http://www.ekn.kr/news/article.html?no=199253
332,"[모터키즈 김 기자] 현대차 아슬란…""끝날 때까지 끝난 게 아니다""",http://www.etoday.co.kr/news/section/newsview.php?idxno=1279611
333,"[시승기] '올 뉴 말리부', 쏘나타 & K5 사뿐히 즈려 밟고 그랜저까지 노릴 기세!",http://kr.aving.net/news/view.php?articleId=1368191&Branch_ID=kr&rssid=naver&mn_name=news
334,[월드 비하인드] 예멘 1천900만 명 생존 위기…국제사회 응답,http://www.obsnews.co.kr/news/articleView.html?idxno=1040183
335,"미국이 뽑은 세계차 TOP 10, 1위 '쉐보레SS'..K900은 8위",http://www.whitepaper.co.kr/news/articleView.html?idxno=45282
336,"오바마와 트럼프, 자동차로 보는 그들의 성격",http://pub.chosun.com/client/news/viw.asp?cate=C03&mcate=M1005&nNewsNumb=20170323778&nidx=23779
337,터보 엔진 전성시대 “배출가스는 적게 연비는 높여라”,http://news.khan.co.kr/kh_news/khan_art_view.html?artid=201606052105015&code=920508
338,'올해 최고의 자동차' 테슬라 '모델S' 뽑혀,http://www.fnnews.com/news/201502251726130210
339,수원 중고차매매사이트 “일반인도 LPG 중고차를 소유할 수 있다”,http://www.econovill.com/news/articleView.html?idxno=238607
340,수원 중고차매매사이트 “일반인도 LPG 중고차를 소유할 수 있다”,http://www.econovill.com/news/articleView.html?idxno=238607
341,[오늘의 SNS 이슈] 음란행위자 진압 사망·싼타페 국과수 결과·박정희 우표,http://www.jbnews.com/news/articleView.html?idxno=759671
342,[Today 글로벌뉴스] GM·포드만 7월 판매 감소…미국 전체 신차 판매량은 증가,http://www.econovill.com/news/articleView.html?idxno=295471
343,"편안한 고성능차 톱10, 어떤 차들이 뽑혔나?",http://autotimes.hankyung.com/apps/news.sub_view?popup=0&nid=04&c1=04&c2=04&c3=00&nkey=201508170835191
344,"[김정훈의 카톡까톡] 현대차의 '신차 전략', 기획부터 바꿔라",http://www.hankyung.com/news/app/newsview.php?aid=201507091807g
345,"한국마케팅協, 구매안심지수 발표",http://www.etnews.com/20150623000119
346,"신형 말리부 사전계약 6000대 돌파..""SM6·쏘나타보다 더 많이 판다""",http://www.edaily.co.kr/news/newspath.asp?newsid=02696166612645312
347,"컨슈머리포트 ""테슬라 2년 연속 최고의 차""",http://www.edaily.co.kr/news/newspath.asp?newsid=02023766609274128
348,[fn 탑프라이드 상품] 그대가 있어，날마다 휴식 같은 삶,http://www.fnnews.com/view?ra=Sent1001m_01A&corp=fnnews&arcid=201305160100158460008752&cDateYear=2013&cDateMonth=05&cDateDay=15&
349,K3·뉴SM5·재규어 등 차량 57종 내년 보험료 오른다,http://app.yonhapnews.co.kr/YNA/Basic/SNS/r.aspx?c=AKR20151217075200002&did=1195m
350,K3·뉴SM5·재규어 등 차량 57종 내년 보험료 인상,http://www.dynews.co.kr/news/articleView.html?idxno=291022
351,"현대차, 美 중형차 시장 1위 절대강자 도요타 캠리 첫 추월",http://news.kukinews.com/article/view.asp?page=1&gCode=kmi&arcid=0006224920&cp=nv
352,중국서 불티난 쏘나타ㆍK5 결국은..,http://www.ajnews.co.kr/common/redirect.jsp?newsId=20120227000328
353,‘린제이 로한 같은 차 상’에 혼다-스바루 공동 1등,http://weekly2.cnbnews.com/category/read.html?bcode=7857
354,"현대차, ‘2012 캐나다 올해의 차’ 최다 부문 석권",http://biz.heraldm.com/common/redirect.jsp?category_id=010107041300&news_id=20111103000027
355,세계 자동차업계 플랫폼 통합 경쟁 가속,https://news.naver.com/main/read.naver?mode=LSD&mid=sec&sid1=101&oid=011&aid=0002172028
356,[디트로이트모터쇼]본격 개막…美 빅3 '부활' 주목,https://news.naver.com/main/read.naver?mode=LSD&mid=sec&sid1=104&oid=003&aid=0003633524
357,"디트로이트 모터쇼, 10일 개막…각종 신차 大공개",https://news.naver.com/main/read.naver?mode=LSD&mid=sec&sid1=103&oid=003&aid=0003630424
358,"비인기 단종 국산차, 중고 시장서도 '홀대'",http://www.newstomato.com/ReadNews.aspx?no=243482
359,미국 IIHS '올해의 안전한 차' 66개 차종 선정,http://www.autotimes.co.kr/article_view.php?id=101441
360,미국 IIHS '올해의 안전한 차' 66개 차종 선정,http://www.autotimes.co.kr/article_view.php?id=101441
361,[가난특집]그대도 나와 같다면: 한 298세대의 행복,http://www.ddanzi.com/ddanziNews/3890218
362,"테슬라 모델S, 2년 연속 '美 최고 차' 선정",http://www.zdnet.co.kr/ArticleView.asp?artice_id=20150225080849
363,K5 내년 봄 중국 진출…출시 한달만에 1만7000대 팔려,http://news.mk.co.kr/news_forward.php?no=273807&year=2010
364,첨단 기능… 감각 디자인… 신차들 '고객 유혹',http://www.segye.com/Articles/NEWS/ECONOMY/Article.asp?aid=20100426003657&subctg1=&subctg2=
365,[베이징모터쇼][종합]“세계車 총출동”‥베이징모터쇼 개막,https://news.naver.com/main/read.naver?mode=LSD&mid=sec&sid1=101&oid=003&aid=0003203652
366,"[한국인의 삶] (9) 'K-Culture 열기' 아시아에서 세계로, 팝에서 문화로",http://www.fnnews.com/news/201501121736202821
367,美ㆍ유럽 전기차 양보 없는 ‘電爭’ 불붙다,http://www.heraldbiz.com/SITE/data/html_dir/2010/01/12/201001120249.asp
368,글로벌업체 전기차 20여종 선보여…누가 스포트라이트 받을까,http://www.hankyung.com/news/app/newsview.php?aid=2010010617961
369,"최고급 합성유 브랜드 울프, 국내서 꾸준히 성장",http://www.etnews.com/20141111000079
370,"울프, ""엔진오일도 맞춤형 시대죠""",http://www.rpm9.com/news/article.html?id=20141111090003
371,거대한 유산 “민주주의가 밥 먹여주냐”,http://h21.hani.co.kr/arti/special/special_general/25940.html
372,"디트로이트 모터쇼 10일 개막, 현대차 벨로스터 벤틀리 뮬란 등 출시",http://www.fnnews.com/view?ra=Sent0601m_01A&corp=fnnews&arcid=110107101235&cDateYear=2011&cDateMonth=01&cDateDay=07&
373,SUV '부활하다'…경유값 하락세에 중고차 '인기',https://news.naver.com/main/read.naver?mode=LSD&mid=sec&sid1=101&oid=003&aid=0002357586
374,중고차값 보합세..경차 인기 10개월째 ‘폭발적’,https://news.naver.com/main/read.naver?mode=LSD&mid=sec&sid1=101&oid=003&aid=0002311143
375,"현대차, ""플랫폼 적극 활용은 글로벌 흐름""",http://autotimes.hankyung.com/apps/news.sub_view?popup=0&nid=01&c1=01&c2=01&c3=00&nkey=201406042118401
376,"추억 속 국산차들, 중고차시장 골칫덩이 전락",http://wstarnews.hankyung.com/apps/news?popup=0&nid=03&c1=03&c2=03&c3=00&nkey=201204201035551&mode=sub_view
377,슈마·스테이츠맨·포텐샤·엘란 알아?,http://www.greenpostkorea.co.kr/news/articleView.html?idxno=12897
378,디트로이트 모터쇼 11일 개막..`친환경 車` 주목,http://www.edaily.co.kr/news/newspath.asp?newsid=01899126592835752
379,[김 기자의 모터키즈] 말리부 디젤 vs 가솔린,http://www.etoday.co.kr/news/section/newsview.php?idxno=907869
380,디트로이트 모터쇼 11일 개막..`친환경 車` 주목,http://www.edaily.co.kr/news/newspath.asp?newsid=01899126592835752
381,[김 기자의 모터키즈] 말리부 디젤 vs 가솔린,http://www.etoday.co.kr/news/section/newsview.php?idxno=907869
382,현대차 신형 싼타페 앞세워 미국 공략,https://news.naver.com/main/read.naver?mode=LSD&mid=sec&sid1=103&oid=014&aid=0000206593
383,"김익환 사장 ""로체, 쏘나타와 좋은 승부될 것""",http://www.edaily.co.kr/news/newsread.asp?newsid=02138566576764408&curType=read
384,"""월 40만원 자동차 연료비가 10만원으로""",http://news.mk.co.kr/news_forward.php?domain=news&no=1312766&year=2013
385,"[모터 단신]류시원, 페라리 챌린지 레이스서 한국 대표로 첫 우승",http://sports.khan.co.kr/news/sk_index.html?cat=view&art_id=201106201720223&sec_id=563002&pt=nv
386,"<중형차 시장, `2라운드' 각축 전망>",https://news.naver.com/main/read.naver?mode=LSD&mid=sec&sid1=101&oid=001&aid=0001086006
387,현대차 SM7 효과에 주춤?,https://news.naver.com/main/read.naver?mode=LSD&mid=sec&sid1=101&oid=008&aid=0000489372
388,"9월 車판매, 중형·SUV 급증..""신차효과""",https://news.naver.com/main/read.naver?mode=LSD&mid=sec&sid1=101&oid=018&aid=0000205897
389,"차업계 ""가을손님 태워라"" 부릉~",https://news.naver.com/main/read.naver?mode=LSD&mid=sec&sid1=101&oid=021&aid=0000078461
390,"차업계 ""가을손님 태워라"" 부릉~",https://news.naver.com/main/read.naver?mode=LSD&mid=sec&sid1=101&oid=021&aid=0000078461
391,`차별화`와 `차별`은 다르다,https://news.naver.com/main/read.naver?mode=LSD&mid=sec&sid1=101&oid=018&aid=0000189600
392,[Car & Marketing] 車 사세요,https://news.naver.com/main/read.naver?mode=LSD&mid=sec&sid1=103&oid=009&aid=0000380442
393,<내수 위축에 자동차 할인 `홍수'>,https://news.naver.com/main/read.naver?mode=LSD&mid=sec&sid1=103&oid=001&aid=0000693452
394,"[비즈톡톡] 블랙야크, '걷·자 페스티벌' 티셔츠 지원 外",https://news.naver.com/main/read.naver?mode=LSD&mid=sec&sid1=101&oid=422&aid=0000028551
395,디트로이트 모터쇼 개막…올해 新車 트렌드는,http://news.mk.co.kr/news_forward.php?no=19658&year=2011
396,"자동차업계 특명!…""내수불황 뚫어라"" ‥ 재고 12만대",https://news.naver.com/main/read.naver?mode=LSD&mid=sec&sid1=101&oid=015&aid=0000694550
397,"평화정공, 카니발 등 7개 차종 HING류 신규 수주",https://news.naver.com/main/read.naver?mode=LSD&mid=sec&sid1=101&oid=008&aid=0000373008
398,"아반떼·쎄라토, 相生 vs 카니발리제이션",https://news.naver.com/main/read.naver?mode=LSD&mid=sec&sid1=101&oid=018&aid=0000122290
399,국내車시장 부진털기 불꽃 경쟁,https://news.naver.com/main/read.naver?mode=LSD&mid=sec&sid1=101&oid=032&aid=0000048770
400,국내車시장 부진털기 불꽃 경쟁,https://news.naver.com/main/read.naver?mode=LSD&mid=sec&sid1=101&oid=032&aid=0000048770
401,중·소형車 시장 '후끈' 신차 쏟아진다,https://news.naver.com/main/read.naver?mode=LSD&mid=sec&sid1=103&oid=082&aid=0000030413
402,"자동차업계, 뒷자석 고급화 경쟁 파격적인 연말 할인",https://news.naver.com/main/read.naver?mode=LSD&mid=sec&sid1=101&oid=020&aid=0000217725
403,[금탑산업훈장] 오피러스 美國시장서 인기,https://news.naver.com/main/read.naver?mode=LSD&mid=sec&sid1=101&oid=009&aid=0000330350
404,[cover story] 車 연말 앞두고 파격 할인,https://news.naver.com/main/read.naver?mode=LSD&mid=sec&sid1=101&oid=009&aid=0000404501
405,국내 자동차 넘버3… '쿨' 르노삼성 VS '핫' GM대우,http://www.ajnews.co.kr/uhtml/read.jsp?idxno=201011151140375580029
406,"[거래소] 車 9월 판매실적 ""내수 울고,수출 웃고""",https://news.naver.com/main/read.naver?mode=LSD&mid=sec&sid1=101&oid=008&aid=0000325329
407,車업계 텔레매틱스 선점경쟁,https://news.naver.com/main/read.naver?mode=LSD&mid=sec&sid1=101&oid=015&aid=0000642652
408,때만난 차업계 “할인은 계속된다”,https://news.naver.com/main/read.naver?mode=LSD&mid=sec&sid1=101&oid=032&aid=0000027473
409,車정비 시간 대폭 줄어든다,https://news.naver.com/main/read.naver?mode=LSD&mid=sec&sid1=101&oid=019&aid=0000032067
410,"4월 차판매, 내수 부진-수출 쾌조(종합)",https://news.naver.com/main/read.naver?mode=LSD&mid=sec&sid1=101&oid=018&aid=0000031445
411,"차업계, `승용차도 좀 사세요'",https://news.naver.com/main/read.naver?mode=LSD&mid=sec&sid1=103&oid=001&aid=0000640610
412,[CAR &] 준대형차 大戰 개봉박두,http://news.mk.co.kr/news_forward.php?no=497203&year=2010
413,車 내수판매 두달째 감소,https://news.naver.com/main/read.naver?mode=LSD&mid=sec&sid1=101&oid=019&aid=0000021120
414,2월 자동차판매 전월비 4.7%↓(종합2),https://news.naver.com/main/read.naver?mode=LSD&mid=sec&sid1=101&oid=018&aid=0000011852
415,[거래소] 국산車 내수호조..10월판매 12.8%늘어,https://news.naver.com/main/read.naver?mode=LSD&mid=sec&sid1=101&oid=008&aid=0000213776
416,파리모터쇼를 기다린다자동차 3사 유럽시장 공략 위해 신차 대거출품,https://news.naver.com/main/read.naver?mode=LSD&mid=sec&sid1=101&oid=009&aid=0000244434
417,""" 차 특소세 혜택 아직 기회""",https://news.naver.com/main/read.naver?mode=LSD&mid=sec&sid1=101&oid=009&aid=0000236815
418,"<현대차그룹, 후계구도 가시화 하나>",https://news.naver.com/main/read.naver?mode=LSD&mid=sec&sid1=101&oid=001&aid=0000184675
419,새차로 바꾸면서 실속도 챙기고…,https://news.naver.com/main/read.naver?mode=LSD&mid=sec&sid1=101&oid=021&aid=0000043403
420,“새車타고 고향가자” 치열한 판촉전,https://news.naver.com/main/read.naver?mode=LSD&mid=sec&sid1=101&oid=032&aid=0000031251
421,"""자동차 사면 별장용지 드려요""",https://news.naver.com/main/read.naver?mode=LSD&mid=sec&sid1=111&oid=009&aid=0000289131
422,`세계 車업계 총출동' 베이징모터쇼 개막(종합),https://news.naver.com/main/read.naver?mode=LSD&mid=sec&sid1=101&oid=001&aid=0003240702
423,[황승경의 ‘눈으로 듣는 음악’] ‘대체 불가능 아티스트’ 영원한 팝의 황제 마이클 잭슨,http://www.donga.com/docs/magazine/viewer.php?mgz_part=shin&n=201303200500014
424,국내 자동차판매 4대중 1대는 중형,https://news.naver.com/main/read.naver?mode=LSD&mid=sec&sid1=101&oid=086&aid=0000035246
425,[MBN하이라이트] 정보특급 모터라이프/생방송 부동산 오늘,https://news.naver.com/main/read.naver?mode=LSD&mid=sec&sid1=106&oid=009&aid=0000217298
426,11일 개막 '2010 디트로이트 모터쇼' 화두… 친환경 전기차,https://news.naver.com/main/read.naver?mode=LSD&mid=sec&sid1=101&oid=011&aid=0002043357
427,"케이블, “2부리그‧사회인야구 우리가 챙긴다”",http://www.mediatoday.co.kr/news/articleView.html?idxno=108168
428,완성차 내수시장 살아난다…7월 21개월만에 10만대 돌파,https://news.naver.com/main/read.naver?mode=LSD&mid=sec&sid1=103&oid=014&aid=0000186057
429,신차판매 ‘질주’ 무더위도 ‘멈춤’,https://news.naver.com/main/read.naver?mode=LSD&mid=sec&sid1=103&oid=021&aid=0000115283
430,완성차 내수시장 살아난다…7월 21개월만에 10만대 돌파,https://news.naver.com/main/read.naver?mode=LSD&mid=sec&sid1=103&oid=014&aid=0000186057
431,신차판매 ‘질주’ 무더위도 ‘멈춤’,https://news.naver.com/main/read.naver?mode=LSD&mid=sec&sid1=103&oid=021&aid=0000115283
432,신차 줄줄이 나온다,https://news.naver.com/main/read.naver?mode=LSD&mid=sec&sid1=103&oid=005&aid=0000210753
433,[이수진의 자동차 풍향계] 차는 바뀌어도 이름은 그대로… 車名에 부는 '온고지신' 바람,http://www.hankyung.com/news/app/newsview.php?aid=2009082541591
434,"품질 높였다는 차·차·차, 국내소비자 차별 여전",https://news.naver.com/main/read.naver?mode=LSD&mid=sec&sid1=103&oid=028&aid=0000103251
435,2005 신차 고객들 유혹,https://news.naver.com/main/read.naver?mode=LSD&mid=sec&sid1=103&oid=016&aid=0000159543
436,"내년 자동차 시장, 어떤 새얼굴이?",https://news.naver.com/main/read.naver?mode=LSD&mid=sec&sid1=102&oid=088&aid=0000016937
437,[코리아 성장엔진 자동차산업]텔레매틱스 내수 2010년 7兆원대 성장,https://news.naver.com/main/read.naver?mode=LSD&mid=sec&sid1=101&oid=014&aid=0000148911
438,"완성車업계,""현대차 독주를 막아라""",https://news.naver.com/main/read.naver?mode=LSD&mid=sec&sid1=101&oid=008&aid=0000469924
439,차값 할인에 에어컨ㆍ선루프도 공짜 ‥ 자동차5社 '5월 이벤트',https://news.naver.com/main/read.naver?mode=LSD&mid=sec&sid1=101&oid=015&aid=0000711722
440,[산업] 텔레매틱스 시장 '짝찟기' 본격화,https://news.naver.com/main/read.naver?mode=LSD&mid=sec&oid=011&aid=0000031174
441,車업계 연초부터 파업 몸살,https://news.naver.com/main/read.naver?mode=LSD&mid=sec&sid1=101&oid=011&aid=0000019503
442,"車업계 ""12월 마지막 판촉 총력전 돌입""",https://news.naver.com/main/read.naver?mode=LSD&mid=sec&sid1=101&oid=008&aid=0000349514
443,3년뒤엔 새車 절반이 텔레매틱스 ‘무장’,https://news.naver.com/main/read.naver?mode=LSD&mid=sec&sid1=110&oid=032&aid=0000042897
444,車 이래도 안사실래요 .. '내수부진' 자동차업계 갖가지 판촉 아이디어,https://news.naver.com/main/read.naver?mode=LSD&mid=sec&sid1=101&oid=015&aid=0000653558
445,[오토월드]저금리 할부냐 현금보상이냐…자동차 5사 마케팅 공세,https://news.naver.com/main/read.naver?mode=LSD&mid=sec&sid1=101&oid=020&aid=0000206287
446,<현대차그룹 정의선 부사장 대외활동 시동거나>,https://news.naver.com/main/read.naver?mode=LSD&mid=sec&sid1=101&oid=001&aid=0000440494
447,"""프랑크푸르트 모터쇼서 승부""",https://news.naver.com/main/read.naver?mode=LSD&mid=sec&sid1=101&oid=009&aid=0000310563
448,한국車 中서 고속질주…엑센트 올 2만여대 팔려 소형차 1위,https://news.naver.com/main/read.naver?mode=LSD&mid=sec&sid1=101&oid=020&aid=0000201037
449,`효자車` 하나면 걱정 `뚝`,https://news.naver.com/main/read.naver?mode=LSD&mid=sec&sid1=101&oid=021&aid=0000029117
450,"[거래소] 차업계 ""신춘마케팅大戰""",https://news.naver.com/main/read.naver?mode=LSD&mid=sec&sid1=101&oid=008&aid=0000257858
451,"<차업계, 공격적 판매전쟁 본격돌입>",https://news.naver.com/main/read.naver?mode=LSD&mid=sec&sid1=101&oid=001&aid=0000329336
452,이미지 좋으면 판매는 저절로…자동차업계 이색적 문화마케팅 활발,https://news.naver.com/main/read.naver?mode=LSD&mid=sec&sid1=103&oid=005&aid=0000137884
453,"자동차 업계, 감성마케팅 `바람`",https://news.naver.com/main/read.naver?mode=LSD&mid=sec&sid1=105&oid=029&aid=0000017209
454,차-카드연계 마케팅 활발,https://news.naver.com/main/read.naver?mode=LSD&mid=sec&sid1=105&oid=029&aid=0000014115
455,"[거래소] 자동차업계, 차량출고 전면 중단 위기(상보)",https://news.naver.com/main/read.naver?mode=LSD&mid=sec&sid1=101&oid=008&aid=0000230295
456,자동차 업계 연말 바겐세일,https://news.naver.com/main/read.naver?mode=LSD&mid=sec&sid1=101&oid=020&aid=0000165801
457,車보증수리 거리 늘어난다,https://news.naver.com/main/read.naver?mode=LSD&mid=sec&sid1=102&oid=005&aid=0000128395
458,"제네시스, ‘아무도 사지 않는 최고의 차’ 선정…K9은?",http://news.donga.com/3/all/20120719/47882966/2
459,"[거래소] 자동차업계 ""8월 내수판매 20.5%↑""",https://news.naver.com/main/read.naver?mode=LSD&mid=sec&sid1=101&oid=008&aid=0000201521
460,"[거래소] 자동차업계 ""8월 내수판매 20.5%↑""",https://news.naver.com/main/read.naver?mode=LSD&mid=sec&sid1=101&oid=008&aid=0000201521
461,[기업]르노삼성-현대차 택시 전쟁,https://news.naver.com/main/read.naver?mode=LSD&mid=sec&sid1=101&oid=020&aid=0000135874
462,車업계 이젠 ‘문화 마케팅’,https://news.naver.com/main/read.naver?mode=LSD&mid=sec&sid1=103&oid=014&aid=0000018060
463,[현장출동]중국 베이징 모터쇼에선 무슨 일이?,http://sports.chosun.com/news/ntype.htm?id=201204250100179860016126&servicedate=20120424
464,역대 최대 규모 자랑하는 '2012 베이징 모터쇼' 23일 개막,http://kr.aving.net/news/view.php?articleId=244893&Branch_ID=kr&rssid=naver&mn_name=news
465,YF쏘나타 中판매 호조,http://www.seoul.co.kr/news/newsView.php?id=20120228021015
466,"현대차 YF쏘나타, 중국서 6위 올라",http://www.asiae.co.kr/news/view.htm?idxno=2012022706530781001
467,올해 최고의 엔진 10종은?..현대차 1.6 GDI 포함,http://osen.mt.co.kr/article/G1109330841
468,아반떼 첫 ‘美전차종 톱10’,http://www.munhwa.com/news/view.html?no=2011070501031424025002
469,해바뀜 고갯길서 새차 싸게 사볼까,http://www.hani.co.kr/kisa/section-003006000/2005/10/003006000200510311824068.html
470,"LG화학, 자동차소재 국산화 `박차`",http://www.edaily.co.kr/news/newsread.asp?newsid=01830246576700448&curType=read
471,"車업계 ""서울모터쇼 신차 효과 잡기 총력전""",http://www.moneytoday.co.kr/view/mtview.php?type=1&no=2005050615130215083&outlink=1
472,승용차 이달 중 구입하면 유리,https://news.naver.com/main/read.naver?mode=LSD&mid=sec&sid1=101&oid=086&aid=0000018412
473,"[서울 모터쇼] ""첨단 기술로 무한 질주"" .. 국산 新車 자존심 경쟁",https://news.naver.com/main/read.naver?mode=LSD&mid=sec&sid1=101&oid=015&aid=0000798324
474,[car & marketing] 기름도 넣고 상품권도 받고,https://news.naver.com/main/read.naver?mode=LSD&mid=sec&sid1=101&oid=009&aid=0000428511
475,"차업계, 새해맞이 할인판매 실시",https://news.naver.com/main/read.naver?mode=LSD&mid=sec&sid1=101&oid=001&aid=0000872072
476,"車 연말 판촉전…""산타도 놀라겠네""",https://news.naver.com/main/read.naver?mode=LSD&mid=sec&sid1=101&oid=022&aid=0000067843
477,새해되면 구식 ‘車 연말떨이’,https://news.naver.com/main/read.naver?mode=LSD&mid=sec&sid1=101&oid=032&aid=0000097473
478,<車업계 연말 판촉전 `치열'>,https://news.naver.com/main/read.naver?mode=LSD&mid=sec&sid1=101&oid=001&aid=0000840758
479,"<차업계, 내수 살리기 `총력전'>(종합)",https://news.naver.com/main/read.naver?mode=LSD&mid=sec&sid1=101&oid=001&aid=0000782524
480,<車업계 연말 판촉전 `치열'>,https://news.naver.com/main/read.naver?mode=LSD&mid=sec&sid1=101&oid=001&aid=0000840758
481,"<차업계, 내수 살리기 `총력전'>(종합)",https://news.naver.com/main/read.naver?mode=LSD&mid=sec&sid1=101&oid=001&aid=0000782524
482,[제11회 멀티미디어 기술대상] (대통령상) LG전자.현대차 '모젠',https://news.naver.com/main/read.naver?mode=LSD&mid=sec&sid1=101&oid=015&aid=0000741865
483,중형승용차 할인경쟁 가속,https://news.naver.com/main/read.naver?mode=LSD&mid=sec&sid1=101&oid=032&aid=0000083555
484,[창간 100주년-눈앞에 다가온 인공지능車] 국내 텔레매틱스 어디까지,https://news.naver.com/main/read.naver?mode=LSD&mid=sec&sid1=102&oid=081&aid=0000006164
485,경차도 불황 불똥…올 판매감소 대형차의 두배,https://news.naver.com/main/read.naver?mode=LSD&mid=sec&sid1=102&oid=022&aid=0000039087
486,<작은 차일수록 불황 많이 탄다>,https://news.naver.com/main/read.naver?mode=LSD&mid=sec&sid1=103&oid=001&aid=0000687543
487,`불황탈출` 묘책을 찾아라,https://news.naver.com/main/read.naver?mode=LSD&mid=sec&sid1=101&oid=021&aid=0000071066
488,북미 오토쇼 5명의 주인공,http://news.donga.com/3/all/20110113/33926553/1
489,[car & marketing] 車 이래도 안사?,https://news.naver.com/main/read.naver?mode=LSD&mid=sec&sid1=101&oid=009&aid=0000367277
490,`불황탈출` 묘책을 찾아라,https://news.naver.com/main/read.naver?mode=LSD&mid=sec&sid1=101&oid=021&aid=0000071066
491,북미 오토쇼 5명의 주인공,http://news.donga.com/3/all/20110113/33926553/1
492,[car & marketing] 車 이래도 안사?,https://news.naver.com/main/read.naver?mode=LSD&mid=sec&sid1=101&oid=009&aid=0000367277
493,車업계 ‘이보다 더 쌀순 없다’,https://news.naver.com/main/read.naver?mode=LSD&mid=sec&sid1=101&oid=032&aid=0000065966
494,車값 할인… 옵션 무료장착…판촉이벤트 경쟁,https://news.naver.com/main/read.naver?mode=LSD&mid=sec&sid1=101&oid=020&aid=0000238031
495,"GM, 지난해 中서 235만대 팔아",http://www.ajnews.co.kr/common/redirect.jsp?newsId=20110105000331
496,車업계 파격 조건으로 內需공략,https://news.naver.com/main/read.naver?mode=LSD&mid=sec&sid1=101&oid=015&aid=0000701864
497,'쏘나타' 北美 올해의 차 최종후보,http://www.etoday.co.kr/news/section/newsview.php?TM=news&SM=0405&idxno=388086
498,車업계 中서 ‘고급마케팅’ 역공,https://news.naver.com/main/read.naver?mode=LSD&mid=sec&sid1=101&oid=014&aid=0000108922
499,“차 사려면 지금 사세요”,https://news.naver.com/main/read.naver?mode=LSD&mid=sec&sid1=101&oid=028&aid=0000044425
