,title,url
0,"국내 유일 `기아車 브리사`, 중고차 가격이 1억5000만원?",http://news.mk.co.kr/newsRead.php?year=2019&no=341776
1,"[신박한 車담] ""기술 하면 기아였는데""…韓 자동차산업의 '아틀란티스'-기아(1)",http://www.enewstoday.co.kr/news/articleView.html?idxno=1487084
2,[정수남의 영차영차]송강호 ‘택시운전사’…기아차 ‘브리사’ 종횡무진,http://www.cstimes.com/?mod=news&act=articleView&idxno=252592
3,영화 '택시운전사'에 등장한…기아자동차 ‘브리사’는 어떤 차?,http://www.g-enews.com/ko-kr/news/article/news_all/201707301545344175dc27ddea51_1/article.html
4,"기아, 삼륜차 출시 59년만에 5000만대 판매",https://www.donga.com/news/article/all/20210603/107262544/1
5,최초의 국산차 '기아 브리사'를 아십니까?,http://www.edaily.co.kr/news/newspath.asp?newsid=01148006596442112
6,"SK엔카, 한강서 63년식 피아트 500·82년식 기아 브리사 희귀 차량 전시",http://www.ajunews.com/view/20131111101044653
7,"기아자동차, 브리사에서 K7까지",http://er.asiae.co.kr/erview.htm?idxno=2010012117073122368
8,복고가 대세…‘브리사’ 중고차·英 에스턴마틴 ‘특별판’ 나와,http://www.g-enews.com/ko-kr/news/article/news_all/20190524014258418150cb531085_1/article.html
9,[영화쏙카] 5월의 영화 ‘택시운전사’ 브리사 그리고 포니,http://www.enewstoday.co.kr/news/articleView.html?idxno=1300061
10,"[최기성의 허브車]‘바퀴의 제왕’ 기아차, ‘한국 최초’ 자전거·삼륜차도 제작",https://www.mk.co.kr/opinion/columnists/view/2021/01/20935/
11,"'브리사'로 시작한 기아차 수출, 오늘로 500만대",https://news.naver.com/main/read.naver?mode=LSD&mid=sec&sid1=103&oid=079&aid=0000030540
12,[구상 칼럼] 기아 심벌 디자인과 브랜드 변화 살펴보니...,http://www.dailycar.co.kr/content/news.html?type=view&autoId=38947
13,[손재철의 車 이야기] 나는 ‘택시운전사’ 속 브리사…1974년에 태어났죠,http://sports.khan.co.kr/news/sk_index.html?art_id=201708231615003&sec_id=563002&pt=nv
14,[아車車] 영화 택시운전사 주연 꿰찬 브리사…김사복과 평행이론?,http://www.sporbiz.co.kr/news/articleView.html?idxno=132853
15,[☆비하인드]알고보면 수입튜닝카 '택시운전사'의 브리사 택시,http://star.mt.co.kr/view/stview.php?no=2017080417033744406&type=1&outlink=1
16,[서재근의 Biz이코노미] '파괴적 혁신가' 정의선과 '성장의 족쇄',http://news.tf.co.kr/read/economy/1931837.htm
17,'택시운전사' '브리사' 광주디자인비엔날레 전시,http://www.honam.co.kr/read.php3?aid=1504710000534702007
18,영화 택시운전사 ‘브리사’광주디자인비엔날레 전시,http://www.asiae.co.kr/news/view.htm?idxno=2017090610301612337
19,[비하인드 스토리]영화 '택시운전사' 송강호가 몰던 택시 '브리사' 어디서 구했을까,http://www.interview365.com/news/77651
20,"[이광표의 근대를 걷는다]시발 브리사 포니… 자동차, 일상이 되다",http://news.donga.com/3/all/20170803/85643598/1
21,‘한국판 골프’ 브리사를 아십니까!,http://sports.khan.co.kr/news/sk_index.html?cat=view&art_id=201412292026096&sec_id=563002&pt=nv
22,"코티나, 브리사 등 국내 승용차의 원조 '여전히 짱짱하네'",http://www.asiae.co.kr/news/view.htm?idxno=2011072315543954466
23,원조 경차 '티코' 멸종 위기…포니·브리사는 아직 '씽씽',http://www.newsis.com/ar_detail/view.html?ar_id=NISX20161019_0014459607&cID=10401&pID=10400
24,'올드카의 추억' 코티나-포니-브리사 등 아직도 씽씽,http://sports.chosun.com/news/ntype.htm?ut=1&name=/news/life/200805/20080507/85g31003.htm
25,"포니·브리사·피아트, '추억의 차' 한데 모였다",http://www.ohmynews.com/function/portal_articleview.asp?at_code=275744
26,현대·삼성·대우·기아의 역사를 바꾼 1997년,http://www.hani.co.kr/arti/economy/economy_general/952521.html
27,"추억의 포니ㆍ브리사…""여전히 도로서 씽씽~""",https://news.naver.com/main/read.naver?mode=LSD&mid=sec&sid1=102&oid=009&aid=0000512152
28,"현대기아차, 45년만에 해외판매 9000만대 넘었다",http://news.heraldcorp.com/view.php?ud=20190729000028
29,"정의선의 총력전, 현대기아차 해외 1억대 판매 고지가 보인다",http://www.insightkorea.co.kr//news/articleView.html?idxno=48833
30,[이지 Car-그 때 그 시절] 격동의 70년대 '포니'부터 90년대 주름잡은 '다이너스티'까지,http://www.ezyeconomy.com/news/articleView.html?idxno=92036
31,기아차 수출 1500만대 '눈앞' 현대차는 인도서 600만대 생산,http://www.fnnews.com/news/201506161726409111
32,"기아차, 첫 수출 40년 만에 '누적 1500만대' 금자탑",http://www.newsprime.co.kr/news/article.html?no=309150
33,"기아차, 수출 1500만대 돌파 눈앞…프라이드가 '효자'",http://www.segye.com/content/html/2015/06/16/20150616002432.html?OutUrl=naver
34,기아차 모하비·오피러스.. 지구촌 1000만대 질주 ‘눈앞’,http://www.fnnews.com/view?ra=Sent0701m_01A&corp=fnnews&arcid=090107215434&cDateYear=2009&cDateMonth=01&cDateDay=08&
35,기아차 모하비·오피러스.. 지구촌 1000만대 질주 ‘눈앞’,http://www.fnnews.com/view?ra=Sent0601m_01A&corp=fnnews&arcid=0921534488&cDateYear=2009&cDateMonth=01&cDateDay=07&
36,<연속기획> 망해도 잘사는 부자들(24)김철호의 기아그룹,http://www.ilyosisa.co.kr/news/article.html?no=40831
37,"현대·기아차, 해외 누적 판매 5000만대 돌파",http://www.hankyung.com/news/app/newsview.php?aid=201304087290g
38,"현대·기아차, 새달 누적수출 5000만대 돌파",http://www.seoul.co.kr/news/newsView.php?id=20130221018020
39,[그래픽 뉴스] 현대·기아차 해외판매 5000만대,https://news.naver.com/main/read.naver?mode=LSD&mid=sec&sid1=101&oid=011&aid=0002306333
40,"기아차, 누적 수출 1,500만대 달성",http://car.tvreport.co.kr/?c=news&m=newsview&idx=654505
41,"기아자동차(주), 누적 수출 1천500만대 달성",http://www.taxtimes.co.kr/hous01.htm?r_id=205381
42,기아차 누적판매고，내수 800만－수출 800만 ‘대기록’,http://www.fnnews.com/view?ra=Sent0701m_01A&corp=fnnews&arcid=090105213053&cDateYear=2009&cDateMonth=01&cDateDay=06&
43,"기아차, 내수ㆍ수출 누계 800만대 돌파",https://news.naver.com/main/read.naver?mode=LSD&mid=sec&sid1=101&oid=001&aid=0002438951
44,"기아차, 올 누적 수출 사상 첫 선두",http://www.honam.co.kr/read.php3?aid=1408892400448373005
45,"기아차, 현대차 제치고 수출 1위 오를까",http://www.businesspost.co.kr/news/articleView.html?idxno=3896
46,현대·기아차 해외 누적판매 5000만대 돌파,http://news.donga.com/3/all/20130408/54294218/1
47,"현대기아차, ‘3월 해외 누적 판매 5000만대 돌파’ 실패 왜?",http://view.heraldcorp.com/view.php?ud=20130402000174
48,[인포그래픽]현대·기아차 해외 누적 판매 5000만대 돌파,http://www.etnews.com/news/special/2733226_1525.html
49,<사설>도전·품질로 이룬 현대기아車 5000萬대 해외 판매,http://www.munhwa.com/news/view.html?no=2013022101033137076002
50,"현대기아차, 해외 판매 5천만 대 돌파",http://mbn.mk.co.kr/pages/news/newsView.php?news_seq_no=1306578
51,'기아차-삼천리자전거' 알고보니 형제기업,http://biz.chosun.com/site/data/html_dir/2012/11/12/2012111201755.html
52,15년 넘은 '장수차' 288만대…포니·티코도 여전히 현역,http://www.dailian.co.kr/news/view/734908/?sc=naver
53,"[손재철의 車 이야기]택시는 누가, 왜 만들었나…승용차 마켓 키워준 ‘매개체’",http://sports.khan.co.kr/news/sk_index.html?art_id=201804071753003&sec_id=563002&pt=nv
54,"기아차, 3월 판매 22만4637대… 전년비 29.8% 증가",http://www.segye.com/Articles/NEWS/ECONOMY/Article.asp?aid=20110401002642&subctg1=&subctg2=
55,"기아차, 500만대 판매 이후 6년만에 수출 '1000만대' 달성",http://kr.aving.net/news/view.php?articleId=191316&Branch_ID=kr&rssid=naver&mn_name=news
56,"[News Digest] 기아자동차, 수출 1000만 대 달성 등",http://magazine.hankyung.com/business/apps/news?popup=0&nid=01&c1=1004&nkey=2011032900800000541&mode=sub_view
57,"서울역사박물관, 88서울올림픽이 바꿔 놓은 도시 '특별전'",http://www.bzeronews.com/news/articleView.html?idxno=362103
58,"기아차, 수출 첫 1백만대..136만대 판매(상보)",http://www.moneytoday.co.kr/view/mtview.php?type=1&no=2008010213550624835&outlink=1
59,조용한 기아차 600만대 수출,https://news.naver.com/main/read.naver?mode=LSD&mid=sec&sid1=101&oid=009&aid=0000497062
60,기아차 600만대 수출기념식 조용히 넘길듯,https://news.naver.com/main/read.naver?mode=LSD&mid=sec&oid=009&aid=0000357616
61,기아車 수출 500만대 넘었다,https://news.naver.com/main/read.naver?mode=LSD&mid=sec&sid1=101&oid=022&aid=0000087862
62,"한 시간에 쌀 한 가마니… 경성 1%의 특권, 택시",http://www.seoul.co.kr/news/newsView.php?id=20171021015006&wlog_tag3=naver
63,[자동차 알파에서 오메가] 기아 리오,https://news.naver.com/main/read.naver?mode=LSD&mid=sec&sid1=103&oid=009&aid=0000058533
64,레저用 ‘픽업’ 열풍… 픽업 해볼까?,http://www.munhwa.com/news/view.html?no=2018011601031939274001
65,[그 영화 그 차] 광주의 참상을 관객들과 함께 그대로 느끼게 해준 그 택시,http://news.mk.co.kr/newsRead.php?year=2017&no=574405
66,'택시운전사' 송강호가 운전한 녹색 택시 '차량번호판'의 소름돋는 비밀,http://www.munhwanews.com/news/articleView.html?idxno=71244
67,'택시운전사' 송강호가 운전한 택시 '차량번호'의 소름 돋는 비밀,http://www.insight.co.kr/news/115539
68,[뒷담화] ‘택시운전사’ 속 택시 이야기,http://www.hankookilbo.com/v/1975d151d77b49dfb15b1a0c1c87cb20
69,수출 1000만대 달성 '18년 후' 자동차 산업 현주소는,http://www.sporbiz.co.kr/news/articleView.html?idxno=115846
70,[연재]한국 LPG자동차의 역사③-LPG 택시의 확산,http://autotimes.hankyung.com/apps/news.sub_view?popup=0&nid=01&c1=01&c2=01&c3=00&nkey=201601221943341
71,기아 5000만대 ‘베스트셀링카의 역사’,http://news.heraldcorp.com/view.php?ud=20210608000564
72,[역사를 바꾼 자동차 M&A 명장면] 미완으로 끝난 봉고·프라이드 신화,http://magazine.hankyung.com/business/apps/news?popup=0&nid=01&c1=1002&nkey=2014070300969000351&mode=sub_view
73,[위크엔드] 달리는 고철서 편안한 침대로…주차까지 인공지능으로 척척,http://view.heraldcorp.com/view.php?ud=20130510000348
74,"(토마토칼럼)포니 헤리티지, '산업의 쌀' 부활하나",http://www.newstomato.com/ReadNews.aspx?no=1028218
75,"""M16 소총 3발 맞고도 살았으니 운 좋다고 생각했는데…""",https://www.news1.kr/articles/?4620739
76,"<車업체 ""과거는 묻지마세요"">",https://news.naver.com/main/read.naver?mode=LSD&mid=sec&sid1=101&oid=001&aid=0001462586
77,"100편의 영화, 100대의 자동차 Part 2",https://www.motortrendkorea.com/sub/view.html?no=5140&cate1Name=LIFESTYLE
78,"기아, 화려한 부활…정의선 디자인 경영서 애플카까지",http://news.mk.co.kr/newsRead.php?no=77134&year=2021
79,"""아시아에서 우뚝 서 세계로 나아가겠다""…車에 머물지 않고 '혁신 날개' 편 기아",https://www.hankyung.com/economy/article/2021012233861
80,호주오픈 '신스틸러' 된 날렵한 기아 새 로고,http://www.tennispeople.kr/news/articleView.html?idxno=12293
81,나만의 클래식카,https://www.motortrendkorea.com/sub/view.html?no=4738&cate1Name=COLUMN
82,"기아의 좌절, 국민기업의 이상은 사라진 것일까",http://www.hani.co.kr/arti/economy/car/980353.html
83,[영화와 자동차] 택시운전사의 '브리사' 그리고 '포니',http://autoin.edaily.co.kr/news/newspath.asp?newsid=01525206616026336
84,귀하신 몸 된 영화 택시운전사 '브리사 택시',http://www.jnilbo.com/read.php3?aid=1504796400531760002
85,[도청도설] 브리사 택시,http://www.kookje.co.kr/news2011/asp/newsbody.asp?code=1700&key=20170823.22030009897
86,[취재 회고(2)] 기아차 히스토리…두바퀴에서 4바퀴로,http://www.economytalk.kr/news/articleView.html?idxno=208198
87,"""영화 '택시운전사' 1973년식 브리사 택시 복원에만 7개월""",http://app.yonhapnews.co.kr/YNA/Basic/SNS/r.aspx?c=AKR20170715028800005&did=1195m
88,[신박한 車담] 외고집으로 이뤄낸 국산車의 꿈…현대자동차(1),http://www.enewstoday.co.kr/news/articleView.html?idxno=1481064
89,‘택시운전사’ 위르겐 힌츠페터 추모 사진전...송강호가 몰던 브리사 택시도 선보여,http://www.kookje.co.kr/news2011/asp/newsbody.asp?code=0500&key=20170816.99099006539
90,'택시운전사' 숨은 주역 '브리사'…'제작만 7개월',http://www.mbn.co.kr/pages/vod/programView.mbn?bcastSeqNo=1161988
91,'택시운전사' 숨은 주역 '브리사'…'제작만 7개월',http://www.mbn.co.kr/pages/vod/programView.mbn?bcastSeqNo=1161928
92,[100주년 질주 기아차 ㊤] 자전거 제조사로 출발해 글로벌업체 도약,http://www.inews24.com/view/1267392
93,[한상준의 시대공감(時代共感)] 택시에 대해 얼마나 아시나요?,http://www.nextdaily.co.kr/news/article.html?id=20171205800011
94,현대 포니의 기억,https://www.motortrendkorea.com/sub/view.html?no=5324&cate1Name=COLUMN
95,굿바이 프라이드…국민 엔트리카 30년만에 역사 속으로,http://news1.kr/articles/?3184331
96,"""'송강호 택시' '힌츠페터 유품' 영구보존하자""",http://www.newsis.com/view/?id=NISX20170821_0000073173&cID=10809&pID=10800
97,영화 ‘택시운전사’ 속 택시 가격은 억대 수입차급,http://www.sedaily.com/NewsView/1OIHX0LVY7
98,"실존인물 ‘택시운전사’ 김사복, 영화와 다른 세가지는?",http://news.kbs.co.kr/news/view.do?ncd=3546468&ref=A
99,"'새소년' 김구라·차태현, 1980's 타임 슬립 ""히트다 히트""",http://sports.hankooki.com/lpage/entv/201609/sp20160915220225136660.htm
100,"기아차, 누적수출 1500만대 달성 눈앞",http://sbscnbc.sbs.co.kr/read.jsp?pmArticleId=10000740220
101,"기아차, 누적수출 1500만대 ‘금자탑’",http://biz.heraldcorp.com/view.php?ud=20150616000639
102,기아차 누적판매고，내수 800만－수출 800만 ‘대기록’,http://www.fnnews.com/view?ra=Sent0701m_01A&corp=fnnews&arcid=090105213053&cDateYear=2009&cDateMonth=01&cDateDay=06&
103,"기아차, 내수ㆍ수출 누계 800만대 돌파",https://news.naver.com/main/read.naver?mode=LSD&mid=sec&sid1=101&oid=001&aid=0002438951
104,"기아차, 올 누적 수출 사상 첫 선두",http://www.honam.co.kr/read.php3?aid=1408892400448373005
105,"기아차, 현대차 제치고 수출 1위 오를까",http://www.businesspost.co.kr/news/articleView.html?idxno=3896
106,현대·기아차 해외 누적판매 5000만대 돌파,http://news.donga.com/3/all/20130408/54294218/1
107,"현대·기아차, 해외 누적 판매 5천만대 돌파",http://www.joseilbo.com/news/news_read.php?uid=177681&class=54
108,"현대기아차, ‘3월 해외 누적 판매 5000만대 돌파’ 실패 왜?",http://view.heraldcorp.com/view.php?ud=20130402000174
109,[인포그래픽]현대·기아차 해외 누적 판매 5000만대 돌파,http://www.etnews.com/news/special/2733226_1525.html
110,"기아차, 내수 수출 누계 각각 800만대 돌파",http://www.fnnews.com/view?ra=Sent0601m_01A&corp=fnnews&arcid=00000921531521&cDateYear=2009&cDateMonth=01&cDateDay=05&
111,"기아차, 누적 수출 1500만대 달성 눈앞",http://mbnmoney.mbn.co.kr/news/view?news_no=MM1002004334
112,"기아차, 올 누적 수출 사상 첫 선두",http://www.honam.co.kr/read.php3?aid=1408892400448373005
113,"기아차, 현대차 제치고 수출 1위 오를까",http://www.businesspost.co.kr/news/articleView.html?idxno=3896
114,현대·기아차 해외 누적판매 5000만대 돌파,http://news.donga.com/3/all/20130408/54294218/1
115,"현대·기아차, 해외 누적 판매 5천만대 돌파",http://www.joseilbo.com/news/news_read.php?uid=177681&class=54
116,"현대기아차, ‘3월 해외 누적 판매 5000만대 돌파’ 실패 왜?",http://view.heraldcorp.com/view.php?ud=20130402000174
117,[인포그래픽]현대·기아차 해외 누적 판매 5000만대 돌파,http://www.etnews.com/news/special/2733226_1525.html
118,<사설>도전·품질로 이룬 현대기아車 5000萬대 해외 판매,http://www.munhwa.com/news/view.html?no=2013022101033137076002
119,"현대·기아차, 내달 해외수출 5천만대 돌파",http://www.joseilbo.com/news/news_read.php?uid=172278&class=54
120,"기아차, 올 누적 수출 1위...집안 경쟁서 첫 우위",http://www.dt.co.kr/contents.html?article_no=2014082402109932781003
121,현대·기아차 해외 누적판매 5000만대 돌파,http://news.donga.com/3/all/20130408/54294218/1
122,"현대·기아차, 해외 누적 판매 5천만대 돌파",http://www.joseilbo.com/news/news_read.php?uid=177681&class=54
123,"현대기아차, ‘3월 해외 누적 판매 5000만대 돌파’ 실패 왜?",http://view.heraldcorp.com/view.php?ud=20130402000174
124,[인포그래픽]현대·기아차 해외 누적 판매 5000만대 돌파,http://www.etnews.com/news/special/2733226_1525.html
125,<사설>도전·품질로 이룬 현대기아車 5000萬대 해외 판매,http://www.munhwa.com/news/view.html?no=2013022101033137076002
126,"현대·기아차, 내달 해외수출 5천만대 돌파",http://www.joseilbo.com/news/news_read.php?uid=172278&class=54
127,"현대기아차, 해외 판매 5천만 대 돌파",http://mbn.mk.co.kr/pages/news/newsView.php?news_seq_no=1306578
128,'기아차-삼천리자전거' 알고보니 형제기업,http://biz.chosun.com/site/data/html_dir/2012/11/12/2012111201755.html
129,15년 넘은 '장수차' 288만대…포니·티코도 여전히 현역,http://www.dailian.co.kr/news/view/734908/?sc=naver
130,"현대기아차, 해외 판매 5천만 대 돌파",http://mbn.mk.co.kr/pages/news/newsView.php?news_seq_no=1306578
131,포니 수출 37년 만에…현대·기아차 해외 판매 5000만대 눈앞,http://www.hankyung.com/news/app/newsview.php?aid=2013022013541
132,'기아차-삼천리자전거' 알고보니 형제기업,http://biz.chosun.com/site/data/html_dir/2012/11/12/2012111201755.html
133,현대·기아차 해외 판매 5000만대 돌파,http://www.khan.co.kr/kh_news/art_view.html?artid=201304082154465&code=920508
134,15년 넘은 '장수차' 288만대…포니·티코도 여전히 현역,http://www.dailian.co.kr/news/view/734908/?sc=naver
135,"[손재철의 車 이야기]택시는 누가, 왜 만들었나…승용차 마켓 키워준 ‘매개체’",http://sports.khan.co.kr/news/sk_index.html?art_id=201804071753003&sec_id=563002&pt=nv
136,"기아차, 3월 판매 22만4637대… 전년비 29.8% 증가",http://www.segye.com/Articles/NEWS/ECONOMY/Article.asp?aid=20110401002642&subctg1=&subctg2=
137,"기아차, 500만대 판매 이후 6년만에 수출 '1000만대' 달성",http://kr.aving.net/news/view.php?articleId=191316&Branch_ID=kr&rssid=naver&mn_name=news
138,"[News Digest] 기아자동차, 수출 1000만 대 달성 등",http://magazine.hankyung.com/business/apps/news?popup=0&nid=01&c1=1004&nkey=2011032900800000541&mode=sub_view
139,"서울역사박물관, 88서울올림픽이 바꿔 놓은 도시 '특별전'",http://www.bzeronews.com/news/articleView.html?idxno=362103
140,현대기아차 국외판매 5000만대 돌파,http://www.hani.co.kr/arti/economy/economy_general/581856.html
141,15년 넘은 '장수차' 288만대…포니·티코도 여전히 현역,http://www.dailian.co.kr/news/view/734908/?sc=naver
142,"[손재철의 車 이야기]택시는 누가, 왜 만들었나…승용차 마켓 키워준 ‘매개체’",http://sports.khan.co.kr/news/sk_index.html?art_id=201804071753003&sec_id=563002&pt=nv
143,"기아차, 3월 판매 22만4637대… 전년비 29.8% 증가",http://www.segye.com/Articles/NEWS/ECONOMY/Article.asp?aid=20110401002642&subctg1=&subctg2=
144,"기아차, 500만대 판매 이후 6년만에 수출 '1000만대' 달성",http://kr.aving.net/news/view.php?articleId=191316&Branch_ID=kr&rssid=naver&mn_name=news
145,"[News Digest] 기아자동차, 수출 1000만 대 달성 등",http://magazine.hankyung.com/business/apps/news?popup=0&nid=01&c1=1004&nkey=2011032900800000541&mode=sub_view
146,"서울역사박물관, 88서울올림픽이 바꿔 놓은 도시 '특별전'",http://www.bzeronews.com/news/articleView.html?idxno=362103
147,"기아차, 수출 첫 1백만대..136만대 판매(상보)",http://www.moneytoday.co.kr/view/mtview.php?type=1&no=2008010213550624835&outlink=1
148,조용한 기아차 600만대 수출,https://news.naver.com/main/read.naver?mode=LSD&mid=sec&sid1=101&oid=009&aid=0000497062
149,기아차 600만대 수출기념식 조용히 넘길듯,https://news.naver.com/main/read.naver?mode=LSD&mid=sec&oid=009&aid=0000357616
150,"기아차, 500만대 판매 이후 6년만에 수출 '1000만대' 달성",http://kr.aving.net/news/view.php?articleId=191316&Branch_ID=kr&rssid=naver&mn_name=news
151,"현대·기아차, 해외판매 5천만대 돌파",https://news.naver.com/main/read.naver?mode=LSD&mid=sec&sid1=101&oid=001&aid=0006191896
152,"[News Digest] 기아자동차, 수출 1000만 대 달성 등",http://magazine.hankyung.com/business/apps/news?popup=0&nid=01&c1=1004&nkey=2011032900800000541&mode=sub_view
153,"서울역사박물관, 88서울올림픽이 바꿔 놓은 도시 '특별전'",http://www.bzeronews.com/news/articleView.html?idxno=362103
154,"기아차, 수출 첫 1백만대..136만대 판매(상보)",http://www.moneytoday.co.kr/view/mtview.php?type=1&no=2008010213550624835&outlink=1
155,조용한 기아차 600만대 수출,https://news.naver.com/main/read.naver?mode=LSD&mid=sec&sid1=101&oid=009&aid=0000497062
156,기아차 600만대 수출기념식 조용히 넘길듯,https://news.naver.com/main/read.naver?mode=LSD&mid=sec&oid=009&aid=0000357616
157,기아車 수출 500만대 넘었다,https://news.naver.com/main/read.naver?mode=LSD&mid=sec&sid1=101&oid=022&aid=0000087862
158,기아車 수출 500만대 넘었다,https://news.naver.com/main/read.naver?mode=LSD&mid=sec&sid1=101&oid=022&aid=0000087779
159,"한 시간에 쌀 한 가마니… 경성 1%의 특권, 택시",http://www.seoul.co.kr/news/newsView.php?id=20171021015006&wlog_tag3=naver
160,K5가 `기아차 역사` 새로 썼다,http://www.dt.co.kr/contents.html?article_no=2011032402019954607038
161,"현대·기아차, 해외판매 5천만대 돌파",https://news.naver.com/main/read.naver?mode=LSD&mid=sec&sid1=101&oid=001&aid=0006191896
162,"[News Digest] 기아자동차, 수출 1000만 대 달성 등",http://magazine.hankyung.com/business/apps/news?popup=0&nid=01&c1=1004&nkey=2011032900800000541&mode=sub_view
163,"서울역사박물관, 88서울올림픽이 바꿔 놓은 도시 '특별전'",http://www.bzeronews.com/news/articleView.html?idxno=362103
164,"기아차, 수출 첫 1백만대..136만대 판매(상보)",http://www.moneytoday.co.kr/view/mtview.php?type=1&no=2008010213550624835&outlink=1
165,조용한 기아차 600만대 수출,https://news.naver.com/main/read.naver?mode=LSD&mid=sec&sid1=101&oid=009&aid=0000497062
166,기아차 600만대 수출기념식 조용히 넘길듯,https://news.naver.com/main/read.naver?mode=LSD&mid=sec&oid=009&aid=0000357616
167,기아車 수출 500만대 넘었다,https://news.naver.com/main/read.naver?mode=LSD&mid=sec&sid1=101&oid=022&aid=0000087862
168,기아車 수출 500만대 넘었다,https://news.naver.com/main/read.naver?mode=LSD&mid=sec&sid1=101&oid=022&aid=0000087779
169,"한 시간에 쌀 한 가마니… 경성 1%의 특권, 택시",http://www.seoul.co.kr/news/newsView.php?id=20171021015006&wlog_tag3=naver
170,기아車 수출 500만대 넘었다,https://news.naver.com/main/read.naver?mode=LSD&mid=sec&sid1=101&oid=022&aid=0000087862
171,기아車 수출 500만대 넘었다,https://news.naver.com/main/read.naver?mode=LSD&mid=sec&sid1=101&oid=022&aid=0000087779
172,"한 시간에 쌀 한 가마니… 경성 1%의 특권, 택시",http://www.seoul.co.kr/news/newsView.php?id=20171021015006&wlog_tag3=naver
173,[자동차 알파에서 오메가] 기아 리오,https://news.naver.com/main/read.naver?mode=LSD&mid=sec&sid1=103&oid=009&aid=0000058533
174,레저用 ‘픽업’ 열풍… 픽업 해볼까?,http://www.munhwa.com/news/view.html?no=2018011601031939274001
175,[그 영화 그 차] 광주의 참상을 관객들과 함께 그대로 느끼게 해준 그 택시,http://news.mk.co.kr/newsRead.php?year=2017&no=574405
176,'택시운전사' 송강호가 운전한 녹색 택시 '차량번호판'의 소름돋는 비밀,http://www.munhwanews.com/news/articleView.html?idxno=71244
177,'택시운전사' 송강호가 운전한 택시 '차량번호'의 소름 돋는 비밀,http://www.insight.co.kr/news/115539
178,[뒷담화] ‘택시운전사’ 속 택시 이야기,http://www.hankookilbo.com/v/1975d151d77b49dfb15b1a0c1c87cb20
179,수출 1000만대 달성 '18년 후' 자동차 산업 현주소는,http://www.sporbiz.co.kr/news/articleView.html?idxno=115846
180,수출 1000만대 달성 '18년 후' 자동차 산업 현주소는,http://www.sporbiz.co.kr/news/articleView.html?idxno=115846
181,[연재]한국 LPG자동차의 역사③-LPG 택시의 확산,http://autotimes.hankyung.com/apps/news.sub_view?popup=0&nid=01&c1=01&c2=01&c3=00&nkey=201601221943341
182,기아 5000만대 ‘베스트셀링카의 역사’,http://news.heraldcorp.com/view.php?ud=20210608000564
183,[역사를 바꾼 자동차 M&A 명장면] 미완으로 끝난 봉고·프라이드 신화,http://magazine.hankyung.com/business/apps/news?popup=0&nid=01&c1=1002&nkey=2014070300969000351&mode=sub_view
184,[위크엔드] 달리는 고철서 편안한 침대로…주차까지 인공지능으로 척척,http://view.heraldcorp.com/view.php?ud=20130510000348
185,"(토마토칼럼)포니 헤리티지, '산업의 쌀' 부활하나",http://www.newstomato.com/ReadNews.aspx?no=1028218
186,"""M16 소총 3발 맞고도 살았으니 운 좋다고 생각했는데…""",https://www.news1.kr/articles/?4620739
187,"SK엔카, '클래식카 페스티벌’ 개최",http://www.tvreport.co.kr/?c=news&m=newsview&idx=420910
188,"<車업체 ""과거는 묻지마세요"">",https://news.naver.com/main/read.naver?mode=LSD&mid=sec&sid1=101&oid=001&aid=0001462586
189,"100편의 영화, 100대의 자동차 Part 2",https://www.motortrendkorea.com/sub/view.html?no=5140&cate1Name=LIFESTYLE
190,"100편의 영화, 100대의 자동차 Part 2",https://www.motortrendkorea.com/sub/view.html?no=5140&cate1Name=LIFESTYLE
191,<추억의 승용차들을 찾아보세요>,https://news.naver.com/main/read.naver?mode=LSD&mid=sec&sid1=101&oid=001&aid=0001335565
192,"기아, 화려한 부활…정의선 디자인 경영서 애플카까지",http://news.mk.co.kr/newsRead.php?no=77134&year=2021
193,"""아시아에서 우뚝 서 세계로 나아가겠다""…車에 머물지 않고 '혁신 날개' 편 기아",https://www.hankyung.com/economy/article/2021012233861
194,호주오픈 '신스틸러' 된 날렵한 기아 새 로고,http://www.tennispeople.kr/news/articleView.html?idxno=12293
195,나만의 클래식카,https://www.motortrendkorea.com/sub/view.html?no=4738&cate1Name=COLUMN
196,"기아차, 수출 500만대 돌파..`브리사~모닝`",https://news.naver.com/main/read.naver?mode=LSD&mid=sec&sid1=101&oid=018&aid=0000262657
197,"기아의 좌절, 국민기업의 이상은 사라진 것일까",http://www.hani.co.kr/arti/economy/car/980353.html
198,"기아차, 수출 40년만에 누적 1500만대…프라이드 223만대 최다",http://www.metroseoul.co.kr/news/newsview?newscd=2015061600088
199,[영화와 자동차] 택시운전사의 '브리사' 그리고 '포니',http://autoin.edaily.co.kr/news/newspath.asp?newsid=01525206616026336
200,귀하신 몸 된 영화 택시운전사 '브리사 택시',http://www.jnilbo.com/read.php3?aid=1504796400531760002
201,[도청도설] 브리사 택시,http://www.kookje.co.kr/news2011/asp/newsbody.asp?code=1700&key=20170823.22030009897
202,[취재 회고(2)] 기아차 히스토리…두바퀴에서 4바퀴로,http://www.economytalk.kr/news/articleView.html?idxno=208198
203,영화 '택시운전사'의 '브리사 택시' 광주디자인비엔날레에 전시,http://news1.kr/articles/?3094441
204,"""영화 '택시운전사' 1973년식 브리사 택시 복원에만 7개월""",http://app.yonhapnews.co.kr/YNA/Basic/SNS/r.aspx?c=AKR20170715028800005&did=1195m
205,[신박한 車담] 외고집으로 이뤄낸 국산車의 꿈…현대자동차(1),http://www.enewstoday.co.kr/news/articleView.html?idxno=1481064
206,'88올림픽 개최 30주년'… 서울발전사 특별전시,http://www.newsis.com/view/?id=NISX20180727_0000375710&cID=10801&pID=14000
207,‘택시운전사’ 위르겐 힌츠페터 추모 사진전...송강호가 몰던 브리사 택시도 선보여,http://www.kookje.co.kr/news2011/asp/newsbody.asp?code=0500&key=20170816.99099006539
208,'택시운전사' 숨은 주역 '브리사'…'제작만 7개월',http://www.mbn.co.kr/pages/vod/programView.mbn?bcastSeqNo=1161988
209,'택시운전사' 숨은 주역 '브리사'…'제작만 7개월',http://www.mbn.co.kr/pages/vod/programView.mbn?bcastSeqNo=1161928
210,'택시운전사' 숨은 주역 '브리사'…'제작만 7개월',http://www.mbn.co.kr/pages/vod/programView.mbn?bcastSeqNo=1161928
211,[100주년 질주 기아차 ㊤] 자전거 제조사로 출발해 글로벌업체 도약,http://www.inews24.com/view/1267392
212,[한상준의 시대공감(時代共感)] 택시에 대해 얼마나 아시나요?,http://www.nextdaily.co.kr/news/article.html?id=20171205800011
213,현대 포니의 기억,https://www.motortrendkorea.com/sub/view.html?no=5324&cate1Name=COLUMN
214,굿바이 프라이드…국민 엔트리카 30년만에 역사 속으로,http://news1.kr/articles/?3184331
215,영화 ‘택시운전사’ 주인공 힌츠페터 사진전 광주에서 열린다,http://news.heraldcorp.com/view.php?ud=20170816000359
216,"""'송강호 택시' '힌츠페터 유품' 영구보존하자""",http://www.newsis.com/view/?id=NISX20170821_0000073173&cID=10809&pID=10800
217,영화 ‘택시운전사’ 속 택시 가격은 억대 수입차급,http://www.sedaily.com/NewsView/1OIHX0LVY7
218,2017광주디자인비엔날레와 ‘택시운전사’의 만남,http://www.asiae.co.kr/news/view.htm?idxno=2017090717312654499
219,"실존인물 ‘택시운전사’ 김사복, 영화와 다른 세가지는?",http://news.kbs.co.kr/news/view.do?ncd=3546468&ref=A
220,"실존인물 ‘택시운전사’ 김사복, 영화와 다른 세가지는?",http://news.kbs.co.kr/news/view.do?ncd=3546468&ref=A
221,"'새소년' 김구라·차태현, 1980's 타임 슬립 ""히트다 히트""",http://sports.hankooki.com/lpage/entv/201609/sp20160915220225136660.htm
222,"1980년 광주, 거기엔 ‘사람의 도리’가 있었다",http://www.hani.co.kr/arti/culture/movie/803859.html
223,[현대차그룹②] 현대차가 독자 모델 개발한다고(?)..‘계란으로 바위치기’ 도전한 정주영!,http://www.dailycar.co.kr/content/news.html?type=view&autoId=38249
224,[Who Is ?] 정재희 포드코리아 사장,http://www.businesspost.co.kr/news/articleView.html?idxno=26997
225,"[기자수첩] 고속도로 제한속도 재검토 필요, 규제만 해서는 답이 없다",http://www.sisaweek.com/news/articleView.html?idxno=138650
226,[그때 그 차들③]시발·시보레 영화소품된 희귀 국산차 10選,http://www.edaily.co.kr/news/newspath.asp?newsid=01157846609334808
227,[이 은의 자동차 이야기] '개솔린 냄새도 그리워'…한국차 태동기의 추억,http://www.koreadaily.com/news/read.asp?art_id=3703346
228,[위크엔드] 시발 · 코티나 · 뉴크라운 · 칼리스타…그리운 친구처럼 내 가슴속에…,http://view.heraldcorp.com/view.php?ud=20130510000334
229,"SK엔카, 세단부터 미니버스까지 다양한 클래식카 보러 오세요",http://biz.chosun.com/site/data/html_dir/2013/11/11/2013111102953.html
230,"SK엔카, 세단부터 미니버스까지 다양한 ‘클래식카’ 전시",http://www.fnnews.com/view?ra=Sent0601m_01A&corp=fnnews&arcid=201311110100106600005361&cDateYear=2013&cDateMonth=11&cDateDay=11&
231,코티나ㆍ브리사를아시나요?,http://www.heraldbiz.com/SITE/data/html_dir/2007/05/26/200705260030.asp
232,[대한민국 60년，우리 생활을 바꾼 발명품] 자동차,http://www.fnnews.com/view?ra=Sent0601m_01A&corp=fnnews&arcid=0921393943&cDateYear=2008&cDateMonth=08&cDateDay=12&
233,[사진으로 보는 자동차 역사⑨] K5는 제2의 봉고?,http://www.asiae.co.kr/news/view.htm?idxno=2010082808413017962
234,"벤츠디자인 총괄 한국인 ""스텔라 보고 꿈키워""",http://biz.chosun.com/site/data/html_dir/2012/05/29/2012052901849.html
235,"정재희 포드코리아 대표""아기자기한 `포커스` 매력에 빠져보세요""",http://news.mk.co.kr/news_forward.php?domain=news&no=20296&year=2012
236,[더벨][현대 : 아산 정주영 레거시]현대자동차의 기아자동차 인수,http://www.thebell.co.kr/front/free/contents/news/article_view.asp?key=202002121102203400105459
237,[한마당] 크로스오버,https://news.naver.com/main/read.naver?mode=LSD&mid=sec&sid1=110&oid=005&aid=0000127705
238,서울내기들의 옛 모습을 엿보다…노원 서울생활사박물관,http://www.ktsketch.co.kr/news/articleView.html?idxno=4885
239,쉐보레 ‘콜로라도’ 픽업트럭 시장 도전장,http://news.heraldcorp.com/view.php?ud=20190917000496
240,[한마당] 크로스오버,https://news.naver.com/main/read.naver?mode=LSD&mid=sec&sid1=110&oid=005&aid=0000127705
241,서울내기들의 옛 모습을 엿보다…노원 서울생활사박물관,http://www.ktsketch.co.kr/news/articleView.html?idxno=4885
242,쉐보레 ‘콜로라도’ 픽업트럭 시장 도전장,http://news.heraldcorp.com/view.php?ud=20190917000496
243,"[한국의 대표기업] <6> '디자인 호평' 기아차, 미래차 개발에 29조원 투자",http://daily.hankooki.com/lpage/column/202004/dh20200420070013145650.htm
244,"[시승기] 어메이징 오프로드 머신, 쉐보레 콜로라도",http://www.rpm9.com/news/article.html?id=20190915090002
245,[포럼] 민관 투트랙으로 한일갈등 풀자,http://www.dt.co.kr/contents.html?article_no=2019071902102369061001&ref=naver
246,콜로라도 수입으로 뜨거워진 픽업시장…국내서 구입 가능한 또 다른 수입 픽업트럭은?,http://news.heraldcorp.com/view.php?ud=20190920000710
247,삼성·기아車가 해낸 혁신은 `이것` 이었다,http://news.mk.co.kr/newsRead.php?no=552918&year=2020
248,"인하대에 30억원 쾌척 모교사랑 실천, “베푸는 일이 진정한 나의 행복이죠”",http://news.donga.com/3/all/20181206/93188412/1
249,'택시운전사' 주인공 힌츠페터 사진전 광주서 개최,http://www.moneyweek.co.kr/news/mwView.php?type=1&no=2017081609138050168&outlink=1
250,'택시운전사' 주인공 힌츠페터 사진전 광주서 개최,http://www.moneyweek.co.kr/news/mwView.php?type=1&no=2017081609138050168&outlink=1
251,[인터뷰] THE 송강호,http://enter.etoday.co.kr/view/news_view.php?varAtcId=116008
252,"대한민국이 활력에 넘치던 시절, 88서울올림픽을 기억하십니까? | 서울역사박물관, '88올림픽과 서울'展 개최(7.28~10.14)... 서울올림픽과 80년대 사회상 보여주는 자료 300여 점 전시",http://monthly.chosun.com/client/mdaily/daily_view.asp?idx=4691&Newsnumb=2018074691
253,'88 서울올림픽' 개최 30주년 특별전 28일 개막,http://news1.kr/articles/?3383710
254,"건국 70년, 대한민국 70장면 (2)...백제 무령왕릉 발굴(1971년)에서 6월 민주화투쟁(1987년)까지",http://pub.chosun.com/client/news/viw.asp?cate=C01&mcate=M1001&nNewsNumb=20180328379&nidx=28380
255,"""최고의 배우들 최고의 차로 모셨죠""",http://news20.busan.com/controller/newsController.jsp?newsId=20171015000124
256,"건국 70년, 대한민국 70장면 (2/3)",http://monthly.chosun.com/client/news/viw.asp?ctcd=F&nNewsNumb=201803100046
257,[썰물밀물] 새나라자동차와 지엠대우,http://www.incheonilbo.com/?mod=news&act=articleView&idxno=799437
258,"자동차, 한길만 달려왔다<2>…제3회 매일시니어문학상 논픽션 특선-이헌원",http://www.imaeil.com/sub_news/sub_news_view.php?news_id=45614&yy=2017
259,"영화 <택시운전사>의 실제 인물 김사복은 문세광이 탔던 콜택시의 주인이었다 | 김사복씨는 팔레스호텔 소속 콜택시 운전하던 운수사업자, 1974년 8월15일 문세광이 국립극장으로 갈 때는 스페어 기사가 운전",http://monthly.chosun.com/client/mdaily/daily_view.asp?idx=1327&Newsnumb=2017091327
260,"택시운전사 김사복, ""실마리 모두 풀렸다!""",http://www.goodmorningcc.com/news/articleView.html?idxno=70839
261,‘1·3·4·1906…’ 숫자로 본 ‘택시운전사’,http://starin.edaily.co.kr/news/newspath.asp?newsid=01223446616029288
262,[싱크로드] 택시 여행,http://news.mk.co.kr/newsRead.php?year=2017&no=527284
263,"송강호 ""'택시운전사' 속 택시, 日서 공수..1억원""",http://star.mt.co.kr/view/stview.php?no=2017073121571860462&type=1&outlink=1
264,"""아픈만큼 성숙해졌다""…M&A로 성장한 한국 자동차 산업",http://www.viva100.com/main/view.php?key=20160114010003386
265,"[기타뉴스]자동차, 시대의 풍경이 되다",http://h2.khan.co.kr/201604291048011
266,"기아차, 유럽 모빌리티 혁신에 동참…포르투갈 리스본시와 'CMP' 협약",http://www.maeilnews.co.kr/news/article.html?no=7197
267,박정희와 재벌은 왜 '한국병'을 만들었나,http://www.pressian.com/news/article.html?no=140061&ref=nav_search
268,내 이름은 ‘시발’… 잘빠진 요즘 차는 이름을 어찌 짓누?,http://www.hani.co.kr/arti/economy/economy_general/661403.html
269,생필품 자동차와 세금 관련 상식,http://www.inews365.com/news/article.html?no=466897
270,당신의 ‘첫차’는 무엇입니까?,http://www.ajunews.com/view/20140508113629320
271,국내車 10대중 1대 ‘15년이상 초고령’,http://www.munhwa.com/news/view.html?no=20130328MW073851480856
272,현대차그룹 친환경車 개발 속도내고 협력사와 해외 동반진출,http://news.mk.co.kr/news_forward.php?domain=news&no=777555&year=2013
273,시발에서 로드스터까지 … 국산차 이런차들도 있었네.,http://view.heraldcorp.com/view.php?ud=20130508000032
274,[100人100言]정세영 “내 차는 멈추지 않을 것이다”,http://www.ajunews.com/view/20160119143352904
275,중고차 시장 ‘클래식카’가 뜨고 있다,http://sports.khan.co.kr/news/sk_index.html?cat=view&art_id=201311032111036&sec_id=563002&pt=nv
276,[모터키즈 김 기자] 페라리가 될 뻔했던 현대차 '포니',http://www.etoday.co.kr/news/section/newsview.php?idxno=1250587
277,"마쓰다, 국내 진출 가시화",http://autotimes.hankyung.com/apps/news.sub_view?popup=0&nid=03&c1=03&c2=03&c3=00&nkey=201511161742341
278,현대차 해외 판매 5000만대 돌파,https://news.naver.com/main/read.naver?mode=LSD&mid=sec&sid1=101&oid=011&aid=0002319740
279,한국지엠 임팔라 '대박' 점유율 10% 넘나,http://www.cstimes.com/news/articleView.html?idxno=186531
280,"'용띠 해'에 태어난 국산차, 어떤 게 있지?",http://www.hankyung.com/news/app/newsview.php?aid=201112283204g
281,"[시승기] 현대차 i40 디젤, 연비·디자인·가속성 '팔방미인'",http://www.inews24.com/php/news_view.php?g_serial=625538&g_menu=022200&rrf=nv
282,"희귀 클래식차들, 한강변 등장",http://www.etnews.com/news/home_mobile/automobile/2868393_1485.html
283,"미쯔오카 라세드, 벤츠 280SL…희귀 클래식카 한자리에",http://www.moneyweek.co.kr/news/mwView.php?type=1&no=2013111813488021391&outlink=1
284,18년된 ‘올드카’ 지금도 쌩쌩한 비결,http://www.hani.co.kr/arti/economy/car/611544.html
285,"SK엔카, 클래식카 페스티벌 25대 선발…`벤츠 280SL 등",http://www.dt.co.kr/contents.html?article_no=2013111102019932781002
286,<초고령 국산 승용차 수천대 '노익장' 과시>,https://news.naver.com/main/read.naver?mode=LSD&mid=sec&sid1=103&oid=001&aid=0002073703
287,[현대 100년 DNA 4-1] ‘포니 신화’ 만든 현대자동차,http://www.ajnews.co.kr/uhtml/read.jsp?idxno=201006101640371600101
288,"수출 5,000만대",http://www.iusm.co.kr/news/articleView.html?idxno=279740
289,"[사설]현대차 5000만 대, 기업과 국민의 합작품이다",http://news.donga.com/3/all/20130221/53210189/1
290,"수출 5,000만대",http://www.iusm.co.kr/news/articleView.html?idxno=279740
291,"[사설]현대차 5000만 대, 기업과 국민의 합작품이다",http://news.donga.com/3/all/20130221/53210189/1
292,[생생 레이싱] '시발' 택시를 아시나요?,http://news.tv.chosun.com/site/data/html_dir/2013/01/10/2013011002108.html
293,인하대 총동창회의 눈부신 활동… 92개 장학금 年 2억5000만원 모교 지원,http://news.donga.com/3/all/20140828/66066776/1
294,[광복 60주년 특별기획 한국을 바꾼 제품들] 현대자동차 포니,https://news.naver.com/main/read.naver?mode=LSD&mid=sec&sid1=114&oid=050&aid=0000003116
295,"자동차업계, 수출로 연명했다(종합)",http://www.moneytoday.co.kr/view/mtview.php?type=1&no=2008010215191259797&outlink=1
296,"GM대우→ 시보레, 대우차 '영욕'의 30년",http://www.ohmynews.com/NWS_Web/view/at_pg.aspx?CNTN_CD=A0001301406
297,삼성그룹 자원봉사단 발족,https://news.naver.com/main/read.naver?mode=LSD&mid=sec&sid1=101&oid=050&aid=0000005070
298,현대차 “성대한 행사해야되는데 그룹사정이 이러니…”,https://news.naver.com/main/read.naver?mode=LSD&mid=sec&sid1=101&oid=143&aid=0000022203
299,"한국폴리텍대학 부산캠퍼스-(주)진광, MOU체결",http://news20.busan.com/controller/newsController.jsp?newsId=20131202000193
300,"한국폴리텍대학 부산캠퍼스-(주)진광, MOU체결",http://news20.busan.com/controller/newsController.jsp?newsId=20131202000193
301,"SK엔카, 희귀 클래식카 전시회 개최",http://www.ytn.co.kr/_ln/0102_201311181604460449
302,오토브리핑... SK엔카 클래식 페스티벌 개최 등,http://biz.heraldcorp.com/view.php?ud=20131111000730
303,"SK엔카 ""클래식카, 직접 타보고 만져보세요""",http://www.cstimes.com/news/articleView.html?idxno=121909
304,13시 헤드라인,http://www.wowtv.co.kr/news/wownews/view_nhn.asp?bcode=T01010000&artid=M201103240162
305,11시 헤드라인,http://www.wowtv.co.kr/news/wownews/view_nhn.asp?bcode=T01010000&artid=M201103240109
306,<자동차의 날..한국 자동차산업 변천사>,https://news.naver.com/main/read.naver?mode=LSD&mid=sec&sid1=101&oid=001&aid=0000646308
307,[자동차] 低소음 디젤車 '쏘렌토' 인기몰이,https://news.naver.com/main/read.naver?mode=LSD&mid=sec&sid1=110&oid=009&aid=0000303342
308,[하나금융투자] 기아차 - 3분기 기대치 웃돌 전망·내년 SUV 라인업 전면교체 주목,http://www.betanews.net:8080/article/1056192.html
309,[Auto World] 2002 인기차종은?,https://news.naver.com/main/read.naver?mode=LSD&mid=sec&sid1=101&oid=009&aid=0000171571
310,자동차 수출 20년간 8천868% 증가,https://news.naver.com/main/read.naver?mode=LSD&mid=sec&sid1=101&oid=015&aid=0000404665
311,경기 침체탓 ‘초고령車’ 늘어난다,http://www.heraldbiz.com/SITE/data/html_dir/2007/06/21/200706210143.asp
312,사라지는 모범택시,http://www.hani.co.kr/arti/society/society_general/479584.html
313,이름만 들으면‥국산차야? 수입차야?,https://news.naver.com/main/read.naver?mode=LSD&mid=sec&sid1=103&oid=028&aid=0000083293
314,아르코미술관 ‘기억의 풍경’전…예술이 된 수집을 만난다,http://news.mk.co.kr/news_forward.php?no=265233&year=2010
315,대우자동차 현황과 연혁,https://news.naver.com/main/read.naver?mode=LSD&mid=sec&sid1=101&oid=009&aid=0000065078
316,경제 브리핑,http://imnews.imbc.com/replay/2008/nw1200/article/2162014_13234.html
317,“우리 경제 살릴 이공계 키워야”70대기업인 모교에 20억 기부,http://www.donga.com/fbin/output?n=200706120110
318,20억 전 재산 기부한 진정한 엔지니어 김현태 회장,http://www.donga.com/fbin/output?n=200706110405
319,[영남]“산업재해 예방 경영의 으뜸 과제”,https://news.naver.com/main/read.naver?mode=LSD&mid=sec&sid1=102&oid=033&aid=0000009087
320,자동차 동호회 역사,https://news.naver.com/main/read.naver?mode=LSD&mid=sec&sid1=103&oid=022&aid=0000088187
321,[여성의 날…금녀의 벽 허문 여성 2인] 택시기사 박종순씨 “버스도 몰아보고 싶다”,https://news.naver.com/main/read.naver?mode=LSD&mid=sec&sid1=102&oid=005&aid=0000197088
322,"<대우차, `탄생에서 정리까지'>",https://news.naver.com/main/read.naver?mode=LSD&mid=sec&sid1=102&oid=001&aid=0000247204
323,"[국산차] ""레저용 픽업 시대 다가온다""",https://news.naver.com/main/read.naver?mode=LSD&mid=sec&sid1=101&oid=009&aid=0000158695
324,네팔에 한국企業 대거 진출,https://news.naver.com/main/read.naver?mode=LSD&mid=sec&sid1=104&oid=001&aid=0003470205
325,현대·기아차 해외판매 9천만대 돌파,http://www.newscj.com/news/articleView.html?idxno=655377
326,현대기아차 해외 판매 9천만대…45년 만에 '지구 11바퀴',https://view.asiae.co.kr/article/2019072911135998749
327,[신영증권]기아차 - 하반기 신차 모멘텀 확대 예상·목표주가 55000원으로 상향,http://www.betanews.net:8080/article/1023710.html
328,[이한구의 한국재벌사·89]현대-21 현대기아차,http://www.kyeongin.com/main/view.php?key=20181231010010096
329,[역사속 오늘 3.24 결핵예방의 날] 기아차 누적수출 1000만대 돌파(2011) 한일무역협정(1966),http://kor.theasian.asia/archives/215359
330,"해외 누적판매 내년말 1억대 달성할 듯..현대·기아차, 45년만에",http://kpenews.com/View.aspx?No=82163
331,[신영증권]기아차 - 하반기 신차 모멘텀 확대 예상·목표주가 55000원으로 상향,http://www.betanews.net:8080/article/1023710.html
332,[이한구의 한국재벌사·89]현대-21 현대기아차,http://www.kyeongin.com/main/view.php?key=20181231010010096
333,[역사속 오늘 3.24 결핵예방의 날] 기아차 누적수출 1000만대 돌파(2011) 한일무역협정(1966),http://kor.theasian.asia/archives/215359
334,"1500만대 부르릉…해외서 잘~나간다, 기아차",http://sports.khan.co.kr/news/sk_index.html?cat=view&art_id=201506172011586&sec_id=563002&pt=nv
335,"현대·기아차, 54년만에 누적 1억대 판매 大기록",http://www.mt.co.kr/view/mtview.php?type=1&no=2016041107490438618&outlink=1
336,"[기업분석] 기아차, 통상임금으로 3분기 실적 쇼크 올까",http://www.g-enews.com/ko-kr/news/article/news_all/20170904172208187581e5800d6_1/article.html
337,"기아 프라이드 4세대, 출시 앞두고 또 단종설",http://weekly.cnbnews.com/news/article.html?no=122566
338,"기아차 판매 3000만대, 62년 3륜차 K-360 이후 52년 성과",http://www.econotalking.kr/news/articleView.html?idxno=124153
339,현대기아차 5천만대 판매의 '빛과 그림자',http://www.ohmynews.com/NWS_Web/View/at_pg.aspx?CNTN_CD=A0001852804
340,"현대·기아차, 45년 만에 해외판매 9000만대 돌파",http://www.thedrive.co.kr/news/newsview.php?ncode=1065575340020825
341,[신영증권]기아차 - 하반기 신차 모멘텀 확대 예상·목표주가 55000원으로 상향,http://www.betanews.net:8080/article/1023710.html
342,[이한구의 한국재벌사·89]현대-21 현대기아차,http://www.kyeongin.com/main/view.php?key=20181231010010096
343,[역사속 오늘 3.24 결핵예방의 날] 기아차 누적수출 1000만대 돌파(2011) 한일무역협정(1966),http://kor.theasian.asia/archives/215359
344,"1500만대 부르릉…해외서 잘~나간다, 기아차",http://sports.khan.co.kr/news/sk_index.html?cat=view&art_id=201506172011586&sec_id=563002&pt=nv
345,"현대·기아차, 54년만에 누적 1억대 판매 大기록",http://www.mt.co.kr/view/mtview.php?type=1&no=2016041107490438618&outlink=1
346,"[기업분석] 기아차, 통상임금으로 3분기 실적 쇼크 올까",http://www.g-enews.com/ko-kr/news/article/news_all/20170904172208187581e5800d6_1/article.html
347,"기아 프라이드 4세대, 출시 앞두고 또 단종설",http://weekly.cnbnews.com/news/article.html?no=122566
348,"기아차 판매 3000만대, 62년 3륜차 K-360 이후 52년 성과",http://www.econotalking.kr/news/articleView.html?idxno=124153
349,현대기아차 5천만대 판매의 '빛과 그림자',http://www.ohmynews.com/NWS_Web/View/at_pg.aspx?CNTN_CD=A0001852804
350,현대기아차 해외판매 9000만 대 돌파,http://www.busan.com/view/busan/view.php?code=2019072919140501939
351,[신영증권]기아차 - 하반기 신차 모멘텀 확대 예상·목표주가 55000원으로 상향,http://www.betanews.net:8080/article/1023710.html
352,[이한구의 한국재벌사·89]현대-21 현대기아차,http://www.kyeongin.com/main/view.php?key=20181231010010096
353,[역사속 오늘 3.24 결핵예방의 날] 기아차 누적수출 1000만대 돌파(2011) 한일무역협정(1966),http://kor.theasian.asia/archives/215359
354,"1500만대 부르릉…해외서 잘~나간다, 기아차",http://sports.khan.co.kr/news/sk_index.html?cat=view&art_id=201506172011586&sec_id=563002&pt=nv
355,"현대·기아차, 54년만에 누적 1억대 판매 大기록",http://www.mt.co.kr/view/mtview.php?type=1&no=2016041107490438618&outlink=1
356,"[기업분석] 기아차, 통상임금으로 3분기 실적 쇼크 올까",http://www.g-enews.com/ko-kr/news/article/news_all/20170904172208187581e5800d6_1/article.html
357,"기아 프라이드 4세대, 출시 앞두고 또 단종설",http://weekly.cnbnews.com/news/article.html?no=122566
358,"기아차 판매 3000만대, 62년 3륜차 K-360 이후 52년 성과",http://www.econotalking.kr/news/articleView.html?idxno=124153
359,현대기아차 5천만대 판매의 '빛과 그림자',http://www.ohmynews.com/NWS_Web/View/at_pg.aspx?CNTN_CD=A0001852804
360,현대기아차 5천만대 판매의 '빛과 그림자',http://www.ohmynews.com/NWS_Web/View/at_pg.aspx?CNTN_CD=A0001852804
361,현대·기아차 9000만대 해외판매…지구 11바퀴 '45년만의 금자탑',http://www.metroseoul.co.kr/news/newsview?newscd=2019072900090
362,"현대·기아차, 해외판매 5천만대 돌파",https://news.naver.com/main/read.naver?mode=LSD&mid=sec&sid1=101&oid=086&aid=0002145254
363,"현대기아차, 내달 해외 누적 판매 5천만대 돌파",https://news.naver.com/main/read.naver?mode=LSD&mid=sec&sid1=101&oid=001&aid=0006104313
364,기아차 본 외국인 “이게 한국차? 거짓말!”,http://www.newdaily.co.kr/news/article.html?no=100936
365,"기아차, 누적 수출 1천만대 달성",https://news.naver.com/main/read.naver?mode=LSD&mid=sec&sid1=102&oid=001&aid=0004975963
366,"기아차, 36년만에 '수출 1000만대' 시대",http://www.asiae.co.kr/news/view.htm?idxno=2011021511034312239
367,기아차 역대 최고 내수판매…제2의 전성기 쓴다,http://www.cstimes.com/news/articleView.html?idxno=185822
368,"기아차, 누적 수출 ‘1500만대’ 고지 점령 ‘코앞’",http://www.breaknews.com/sub_read.html?uid=375327§ion=sc3
369,1975년 카타르 첫선적 40년만에 '1500만대' 수출한 기아차,http://www.mt.co.kr/view/mtview.php?type=1&no=2015061614083315070&outlink=1
370,기아차 역대 최고 내수판매…제2의 전성기 쓴다,http://www.cstimes.com/news/articleView.html?idxno=185822
371,"기아차, 누적 수출 ‘1500만대’ 고지 점령 ‘코앞’",http://www.breaknews.com/sub_read.html?uid=375327§ion=sc3
372,1975년 카타르 첫선적 40년만에 '1500만대' 수출한 기아차,http://www.mt.co.kr/view/mtview.php?type=1&no=2015061614083315070&outlink=1
373,기아차 40년간 수출한 車 일렬로 세우니 '지구 1.8바퀴',http://news1.kr/articles/?2283019
374,"기아차, 내수·수출 누적판매 각각 800만대 돌파",http://www.munhwa.com/news/view.html?no=2009010501031424302004
375,[경제 카페]현대 - 기아車의 ‘옛스승’ 미쓰비시 - 마쓰다 추락,http://news.donga.com/3/all/20141005/66964937/1
376,"현대·기아차, 공간(Space)으로 브랜드 전파",http://www.joseilbo.com/news/news_read.php?uid=230449&class=80
377,[SPECIAL REPORT] 메이저 부품사로 다시 선 기아차 창업주 김철호 일가,http://magazine.hankyung.com/business/apps/news?popup=0&nid=01&c1=1001&nkey=2014073100973000401&mode=sub_view
378,기아자동차 수출30년 `질주`,https://news.naver.com/main/read.naver?mode=LSD&mid=sec&sid1=101&oid=021&aid=0000101311
379,"기아車,수출 500만대 돌파..年100만대 체제",https://news.naver.com/main/read.naver?mode=LSD&mid=sec&sid1=101&oid=008&aid=0000520316
380,기아차 누적 수출대수 1천500만 대 돌파 눈앞,http://www.consumernews.co.kr/?mod=news&act=articleView&idxno=503104
381,기아차 40년간 수출한 車 일렬로 세우니 '지구 1.8바퀴',http://news1.kr/articles/?2283019
382,"기아차, 내수·수출 누적판매 각각 800만대 돌파",http://www.munhwa.com/news/view.html?no=2009010501031424302004
383,"기아차, 누적 수출 1500만대 돌파",http://www.enewstoday.co.kr/news/articleView.html?idxno=396657
384,[경제 카페]현대 - 기아車의 ‘옛스승’ 미쓰비시 - 마쓰다 추락,http://news.donga.com/3/all/20141005/66964937/1
385,"현대·기아차, 공간(Space)으로 브랜드 전파",http://www.joseilbo.com/news/news_read.php?uid=230449&class=80
386,[SPECIAL REPORT] 메이저 부품사로 다시 선 기아차 창업주 김철호 일가,http://magazine.hankyung.com/business/apps/news?popup=0&nid=01&c1=1001&nkey=2014073100973000401&mode=sub_view
387,기아자동차 수출30년 `질주`,https://news.naver.com/main/read.naver?mode=LSD&mid=sec&sid1=101&oid=021&aid=0000101311
388,"기아車,수출 500만대 돌파..年100만대 체제",https://news.naver.com/main/read.naver?mode=LSD&mid=sec&sid1=101&oid=008&aid=0000520316
389,"기아차, 글로벌 누적판매 3,000만대 돌파",http://www.econovill.com/archives/194333
390,"기아차, 40년만에 누적 수출 대수 1천500만대 달성",http://www.m-i.kr/news/articleView.html?idxno=172631
391,"기아차, 40년만에 수출 '대기록'…1천500만대 돌파",http://news.einfomax.co.kr/news/articleView.html?idxno=168369
392,"기아차, 내수·수출 누적판매 각각 800만대 돌파",http://www.munhwa.com/news/view.html?no=2009010501031424302004
393,"기아차, 누적 수출 1500만대 돌파",http://www.enewstoday.co.kr/news/articleView.html?idxno=396657
394,[경제 카페]현대 - 기아車의 ‘옛스승’ 미쓰비시 - 마쓰다 추락,http://news.donga.com/3/all/20141005/66964937/1
395,"현대·기아차, 공간(Space)으로 브랜드 전파",http://www.joseilbo.com/news/news_read.php?uid=230449&class=80
396,[SPECIAL REPORT] 메이저 부품사로 다시 선 기아차 창업주 김철호 일가,http://magazine.hankyung.com/business/apps/news?popup=0&nid=01&c1=1001&nkey=2014073100973000401&mode=sub_view
397,기아자동차 수출30년 `질주`,https://news.naver.com/main/read.naver?mode=LSD&mid=sec&sid1=101&oid=021&aid=0000101311
398,"기아車,수출 500만대 돌파..年100만대 체제",https://news.naver.com/main/read.naver?mode=LSD&mid=sec&sid1=101&oid=008&aid=0000520316
399,"기아차, 글로벌 누적판매 3,000만대 돌파",http://www.econovill.com/archives/194333
400,기아차 40년 만에 수출 새 역사…1천500만대 달성,http://news20.busan.com/controller/newsController.jsp?newsId=20150616000225
401,"기아차 광주공장, 스포티지·쏘울 누적수출 100만대 '훌쩍'",http://weeklytrade.co.kr/news/view.html?section=1&category=5&item=&no=7440
402,"기아차, 내수·수출 누적판매 각각 800만대 돌파",http://www.munhwa.com/news/view.html?no=2009010501031424302004
403,"기아차, 누적 수출 1500만대 돌파",http://www.enewstoday.co.kr/news/articleView.html?idxno=396657
404,[경제 카페]현대 - 기아車의 ‘옛스승’ 미쓰비시 - 마쓰다 추락,http://news.donga.com/3/all/20141005/66964937/1
405,"현대·기아차, 공간(Space)으로 브랜드 전파",http://www.joseilbo.com/news/news_read.php?uid=230449&class=80
406,[SPECIAL REPORT] 메이저 부품사로 다시 선 기아차 창업주 김철호 일가,http://magazine.hankyung.com/business/apps/news?popup=0&nid=01&c1=1001&nkey=2014073100973000401&mode=sub_view
407,기아자동차 수출30년 `질주`,https://news.naver.com/main/read.naver?mode=LSD&mid=sec&sid1=101&oid=021&aid=0000101311
408,"기아車,수출 500만대 돌파..年100만대 체제",https://news.naver.com/main/read.naver?mode=LSD&mid=sec&sid1=101&oid=008&aid=0000520316
409,"기아차, 글로벌 누적판매 3,000만대 돌파",http://www.econovill.com/archives/194333
410,"기아車,수출 500만대 돌파..年100만대 체제",https://news.naver.com/main/read.naver?mode=LSD&mid=sec&sid1=101&oid=008&aid=0000520316
411,"기아차, 글로벌 누적판매 3,000만대 돌파",http://www.econovill.com/archives/194333
412,"기아차, 52년 만에 3000만대 판매 돌파 앞둬",http://news.mk.co.kr/news_forward.php?domain=news&no=777093&year=2014
413,기아자동차가 5월 중 글로벌 누적 판매 대수 3천만대 고지를 넘어선다.,http://www.tvreport.co.kr/?c=news&m=newsview&idx=502803
414,"기아차, 52년 만에 글로벌 누적 판매대수 3000만대 돌파",http://www.newsway.co.kr/view.php?tp=1&ud=2014051909065119389
415,"올해 ‘X0년’ 생일 맞은 기업은?…기아차 70년, 제일모직 60주년",http://www.ajunews.com/view/20140105145811716
416,"<카브랜드 이야기_15> 기아차, 알고보면 현대차보다 '형님'",http://www.ajunews.com/kor/view.jsp?newsId=20130829000462
417,"기아차, 일본 시장에서 손 털었다",http://www.moneyweek.co.kr/news/mwView.php?type=1&no=2013061116248079246&outlink=1
418,"""지구 5.7바퀴"" 현대·기아차가 달성한 쾌거",http://www.asiae.co.kr/news/view.htm?idxno=2013040909134789421
419,"현대·기아차, 수출 39년만에 5000만대 '돌파'",http://news1.kr/articles/1080115
420,"기아차, 글로벌 누적판매 3000만대 돌파 눈앞",http://www.newscj.com/news/articleView.html?idxno=240280
421,"기아차, 52년 만에 글로벌 누적 판매대수 3000만대 돌파",http://www.newsway.co.kr/view.php?tp=1&ud=2014051909065119389
422,"올해 ‘X0년’ 생일 맞은 기업은?…기아차 70년, 제일모직 60주년",http://www.ajunews.com/view/20140105145811716
423,"<카브랜드 이야기_15> 기아차, 알고보면 현대차보다 '형님'",http://www.ajunews.com/kor/view.jsp?newsId=20130829000462
424,"기아차, 일본 시장에서 손 털었다",http://www.moneyweek.co.kr/news/mwView.php?type=1&no=2013061116248079246&outlink=1
425,"""지구 5.7바퀴"" 현대·기아차가 달성한 쾌거",http://www.asiae.co.kr/news/view.htm?idxno=2013040909134789421
426,"현대·기아차, 수출 39년만에 5000만대 '돌파'",http://news1.kr/articles/1080115
427,"[현대, 기아차 대기록] 해외판매 5,000만대",http://www.econotalking.kr/xe/index.php?document_srl=75768
428,"현대ㆍ기아차, 내달 해외 판매 5천만대 돌파",http://www.newscj.com/news/articleView.html?idxno=173149
429,"현대·기아차, 해외 누적 판매 5천만 대 돌파 예정",http://www.klnews.co.kr/news/articleView.html?idxno=105852
430,"52년만에… 기아차 누적판매 3,000만대 돌파",https://news.naver.com/main/read.naver?mode=LSD&mid=sec&sid1=103&oid=011&aid=0002515128
431,"기아차, 글로벌 누적판매 3000만 대 돌파 '눈앞'",http://www.osen.co.kr/article/G1109855176
432,"올해 ‘X0년’ 생일 맞은 기업은?…기아차 70년, 제일모직 60주년",http://www.ajunews.com/view/20140105145811716
433,"<카브랜드 이야기_15> 기아차, 알고보면 현대차보다 '형님'",http://www.ajunews.com/kor/view.jsp?newsId=20130829000462
434,"기아차, 일본 시장에서 손 털었다",http://www.moneyweek.co.kr/news/mwView.php?type=1&no=2013061116248079246&outlink=1
435,"""지구 5.7바퀴"" 현대·기아차가 달성한 쾌거",http://www.asiae.co.kr/news/view.htm?idxno=2013040909134789421
436,"현대·기아차, 수출 39년만에 5000만대 '돌파'",http://news1.kr/articles/1080115
437,"[현대, 기아차 대기록] 해외판매 5,000만대",http://www.econotalking.kr/xe/index.php?document_srl=75768
438,"현대ㆍ기아차, 내달 해외 판매 5천만대 돌파",http://www.newscj.com/news/articleView.html?idxno=173149
439,"현대·기아차, 해외 누적 판매 5천만 대 돌파 예정",http://www.klnews.co.kr/news/articleView.html?idxno=105852
440,기아車 글로벌 누적판매 52년만에 3000만대 돌파,http://www.munhwa.com/news/view.html?no=2014051901071824315004
441,"기아차, 세계 판매 3000만대 돌파",http://hankookilbo.com/v.aspx?id=899522275cec4640bbc718c011b8a145
442,"올해 ‘X0년’ 생일 맞은 기업은?…기아차 70년, 제일모직 60주년",http://www.ajunews.com/view/20140105145811716
443,"<카브랜드 이야기_15> 기아차, 알고보면 현대차보다 '형님'",http://www.ajunews.com/kor/view.jsp?newsId=20130829000462
444,"기아차, 일본 시장에서 손 털었다",http://www.moneyweek.co.kr/news/mwView.php?type=1&no=2013061116248079246&outlink=1
445,"""지구 5.7바퀴"" 현대·기아차가 달성한 쾌거",http://www.asiae.co.kr/news/view.htm?idxno=2013040909134789421
446,"현대·기아차, 수출 39년만에 5000만대 '돌파'",http://news1.kr/articles/1080115
447,"[현대, 기아차 대기록] 해외판매 5,000만대",http://www.econotalking.kr/xe/index.php?document_srl=75768
448,"현대ㆍ기아차, 내달 해외 판매 5천만대 돌파",http://www.newscj.com/news/articleView.html?idxno=173149
449,"현대·기아차, 해외 누적 판매 5천만 대 돌파 예정",http://www.klnews.co.kr/news/articleView.html?idxno=105852
450,"현대기아차, 해외 판매 5000만대 돌파",http://www.etoday.co.kr/news/section/newsview.php?idxno=715484
451,"현대·기아차, 수출 39년만에 5000만대 '돌파'",http://news1.kr/articles/1080115
452,"[현대, 기아차 대기록] 해외판매 5,000만대",http://www.econotalking.kr/xe/index.php?document_srl=75768
453,"현대ㆍ기아차, 내달 해외 판매 5천만대 돌파",http://www.newscj.com/news/articleView.html?idxno=173149
454,"현대·기아차, 해외 누적 판매 5천만 대 돌파 예정",http://www.klnews.co.kr/news/articleView.html?idxno=105852
455,"포니 수출할땐 몰랐다… 현대-기아車, 해외서 5000만대 팔릴지",http://news.donga.com/3/all/20130220/53182179/1
456,현대·기아차 해외 판매 5천만대 ‘눈앞’,http://www.wowtv.co.kr/news/vodnews/view2.asp?bcode=T07010000&vodnum=139708
457,"현대·기아차, 해외서 자동차 5000만대 팔았다",http://www.dailian.co.kr/news/news_view.htm?id=327339&sc=naver
458,현대·기아차 해외 판매 5천만대 ‘눈앞’,http://www.wowtv.co.kr/newscenter/news/view.asp?bcode=T30001000&artid=A201302200200
459,[세계무역 8강] 150억달러 수출탑 / 기아자동차,http://news.mk.co.kr/news_forward.php?domain=news&no=807644&year=2012
460,"현대·기아차, 해외 누적판매 5천만대 돌파",http://www.inews24.com/php/news_view.php?g_serial=736473&g_menu=022200&rrf=nv
461,"[현대, 기아차 대기록] 해외판매 5,000만대",http://www.econotalking.kr/xe/index.php?document_srl=75768
462,"현대ㆍ기아차, 내달 해외 판매 5천만대 돌파",http://www.newscj.com/news/articleView.html?idxno=173149
463,"현대·기아차, 해외 누적 판매 5천만 대 돌파 예정",http://www.klnews.co.kr/news/articleView.html?idxno=105852
464,"포니 수출할땐 몰랐다… 현대-기아車, 해외서 5000만대 팔릴지",http://news.donga.com/3/all/20130220/53182179/1
465,현대·기아차 해외 판매 5천만대 ‘눈앞’,http://www.wowtv.co.kr/news/vodnews/view2.asp?bcode=T07010000&vodnum=139708
466,"현대·기아차, 해외서 자동차 5000만대 팔았다",http://www.dailian.co.kr/news/news_view.htm?id=327339&sc=naver
467,현대·기아차 해외 판매 5천만대 ‘눈앞’,http://www.wowtv.co.kr/newscenter/news/view.asp?bcode=T30001000&artid=A201302200200
468,[세계무역 8강] 150억달러 수출탑 / 기아자동차,http://news.mk.co.kr/news_forward.php?domain=news&no=807644&year=2012
469,"기아차, 패션과 만나는 이유",http://news.mk.co.kr/news_forward.php?domain=news&no=307057&year=2012
470,"현대·기아차, 해외 누적 판매 5천만 대 돌파 예정",http://www.klnews.co.kr/news/articleView.html?idxno=105852
471,"포니 수출할땐 몰랐다… 현대-기아車, 해외서 5000만대 팔릴지",http://news.donga.com/3/all/20130220/53182179/1
472,현대·기아차 해외 판매 5천만대 ‘눈앞’,http://www.wowtv.co.kr/news/vodnews/view2.asp?bcode=T07010000&vodnum=139708
473,"현대·기아차, 해외서 자동차 5000만대 팔았다",http://www.dailian.co.kr/news/news_view.htm?id=327339&sc=naver
474,현대·기아차 해외 판매 5천만대 ‘눈앞’,http://www.wowtv.co.kr/newscenter/news/view.asp?bcode=T30001000&artid=A201302200200
475,[세계무역 8강] 150억달러 수출탑 / 기아자동차,http://news.mk.co.kr/news_forward.php?domain=news&no=807644&year=2012
476,"기아차, 패션과 만나는 이유",http://news.mk.co.kr/news_forward.php?domain=news&no=307057&year=2012
477,"현대•기아차, 해외 누적 판매 5천만대 돌파",http://www.ekn.kr/news/articleView.html?idxno=82991
478,"현대·기아차, 해외 판매 5000만대 돌파",http://www.dailian.co.kr/news/news_view.htm?id=333625&sc=naver
479,"현대기아차, 이제는 품질 넘어 고객감동이다",http://www.moneytoday.co.kr/view/mtview.php?type=1&no=2011112815578297671&outlink=1
480,"현대·기아차, 해외 누적판매 5천만대 돌파",http://www.inews24.com/php/news_view.php?g_serial=725226&g_menu=022200&rrf=nv
481,[세계무역 8강] 150억달러 수출탑 / 기아자동차,http://news.mk.co.kr/news_forward.php?domain=news&no=807644&year=2012
482,"기아차, 패션과 만나는 이유",http://news.mk.co.kr/news_forward.php?domain=news&no=307057&year=2012
483,"현대•기아차, 해외 누적 판매 5천만대 돌파",http://www.ekn.kr/news/articleView.html?idxno=82991
484,"현대·기아차, 해외 판매 5000만대 돌파",http://www.dailian.co.kr/news/news_view.htm?id=333625&sc=naver
485,"현대기아차, 내달 해외 누적 판매 5천만 대 돌파",http://news.sbs.co.kr/section_news/news_read.jsp?news_id=N1001642173
486,"현대기아차, 이제는 품질 넘어 고객감동이다",http://www.moneytoday.co.kr/view/mtview.php?type=1&no=2011112815578297671&outlink=1
487,"기아차, 공장을 브랜드 체험 공간으로",http://sports.khan.co.kr/news/sk_index.html?cat=view&art_id=201111101338584&sec_id=563002&pt=nv
488,"현대ㆍ기아차, 판매호조 힘입어 각종 신기록 쏟아낸다",http://biz.heraldm.com/common/redirect.jsp?category_id=010107041300&news_id=20110928000092
489,"기아자동차, 수출 1천만대 달성",http://www.cnews.co.kr/uhtml/read.jsp?idxno=201103251744088020575
490,"50,000,000대..현대·기아차, 해외누적판매 38년만에 위업",http://www.fnnews.com/view?ra=Sent0601m_01A&corp=fnnews&arcid=201302200100173700009885&cDateYear=2013&cDateMonth=02&cDateDay=20&
491,[세계무역 8강] 150억달러 수출탑 / 기아자동차,http://news.mk.co.kr/news_forward.php?domain=news&no=807644&year=2012
492,"기아차, 패션과 만나는 이유",http://news.mk.co.kr/news_forward.php?domain=news&no=307057&year=2012
493,"현대•기아차, 해외 누적 판매 5천만대 돌파",http://www.ekn.kr/news/articleView.html?idxno=82991
494,"현대·기아차, 해외 판매 5000만대 돌파",http://www.dailian.co.kr/news/news_view.htm?id=333625&sc=naver
495,"현대기아차, 내달 해외 누적 판매 5천만 대 돌파",http://news.sbs.co.kr/section_news/news_read.jsp?news_id=N1001642173
496,"현대기아차, 이제는 품질 넘어 고객감동이다",http://www.moneytoday.co.kr/view/mtview.php?type=1&no=2011112815578297671&outlink=1
497,"기아차, 공장을 브랜드 체험 공간으로",http://sports.khan.co.kr/news/sk_index.html?cat=view&art_id=201111101338584&sec_id=563002&pt=nv
498,"현대ㆍ기아차, 판매호조 힘입어 각종 신기록 쏟아낸다",http://biz.heraldm.com/common/redirect.jsp?category_id=010107041300&news_id=20110928000092
499,"기아자동차, 수출 1천만대 달성",http://www.cnews.co.kr/uhtml/read.jsp?idxno=201103251744088020575
