,title,url
0,현대차보다 먼저 미래로 달려가는 기아,https://www.etoday.co.kr/news/view/2110928
1,"소리 소문 없이 사라진 비운의 자동차, 높은 가격-생소한 외모 등 원인 [모터그램]",http://www.sisunnews.co.kr/news/articleView.html?idxno=145840
2,"기아차, 크레도스 브레이크 低품질 인정",https://news.naver.com/main/read.naver?mode=LSD&mid=sec&sid1=101&oid=001&aid=0004137952
3,"기아自, 크레도스 신형모델 시판",https://news.naver.com/main/read.naver?mode=LSD&mid=sec&sid1=101&oid=001&aid=0004011423
4,"기아, 97년형 크레도스 시판",https://news.naver.com/main/read.naver?mode=LSD&mid=sec&sid1=101&oid=001&aid=0004097624
5,"기아自, 크레도스 LPG택시 시판",https://news.naver.com/main/read.naver?mode=LSD&mid=sec&sid1=101&oid=001&aid=0004011399
6,15년차 기아차 크레도스 차주가 현대모비스 물류센터 찾은 이유는?,http://www.ajunews.com/kor/view.jsp?newsId=20130603000170
7,기아 크레도스Ⅱ 2.0 V6 본격 발매,https://news.naver.com/main/read.naver?mode=LSD&mid=sec&sid1=101&oid=001&aid=0004419354
8,"기아自, 98년형 크레도스 발매",https://news.naver.com/main/read.naver?mode=LSD&mid=sec&sid1=101&oid=001&aid=0004246330
9,"기아自, 크레도스 유럽 첫수출",https://news.naver.com/main/read.naver?mode=LSD&mid=sec&sid1=101&oid=001&aid=0004136487
10,"기아自, 크레도스 에어백 기본 장착",https://news.naver.com/main/read.naver?mode=LSD&mid=sec&sid1=101&oid=001&aid=0003960476
11,"기아, 크레도스Ⅱ 택시 가격인하",https://news.naver.com/main/read.naver?mode=LSD&mid=sec&sid1=101&oid=001&aid=0004431307
12,"민첩한 핸들링·세련미까지…크레도스, 쏘나타 추월하다",http://www.etoday.co.kr/news/section/newsview.php?TM=news&SM=2302&idxno=516220
13,<回轉木馬> 크레도스 안전성 광고 또 시비,https://news.naver.com/main/read.naver?mode=LSD&mid=sec&sid1=101&oid=001&aid=0004243409
14,"<초점>`크레도스',중형차시장 격돌 예고",https://news.naver.com/main/read.naver?mode=LSD&mid=sec&sid1=101&oid=001&aid=0003988820
15,"起亞自, 크레도스 20일 판매개시",https://news.naver.com/main/read.naver?mode=LSD&mid=sec&sid1=101&oid=001&aid=0003989001
16,"건교부, 크레도스 차체떨림 시정권고",https://news.naver.com/main/read.naver?mode=LSD&mid=sec&sid1=101&oid=001&aid=0004114727
17,"起亞自, 크레도스 생산량 확대",https://news.naver.com/main/read.naver?mode=LSD&mid=sec&sid1=101&oid=001&aid=0003942513
18,"크레도스, 오염물질 배출량 `최소'",https://news.naver.com/main/read.naver?mode=LSD&mid=sec&sid1=101&oid=001&aid=0004076882
19,"아반떼-흰색, 크레도스-담록색, 프린스-검정색 인기",https://news.naver.com/main/read.naver?mode=LSD&mid=sec&sid1=101&oid=001&aid=0004157726
20,트라제XG.크레도스Ⅱ 등 10개 차종 배출가스 리콜검사,https://news.naver.com/main/read.naver?mode=LSD&mid=sec&sid1=101&oid=001&aid=0000085910
21,시민단체 크레도스 광고금지 요청,https://news.naver.com/main/read.naver?mode=LSD&mid=sec&sid1=105&oid=001&aid=0004527769
22,"起亞自, 새 중형세단 ‘크레도스’로 명명",https://news.naver.com/main/read.naver?mode=LSD&mid=sec&sid1=101&oid=001&aid=0004013221
23,기아차 레이 연비 1위,http://www.newsis.com/ar_detail/view.html?ar_id=NISX20150421_0013614413&cID=10414&pID=10400
24,기아차 18년 만에 '왜건' 내놓는다,https://news.naver.com/main/read.naver?mode=LSD&mid=sec&sid1=101&oid=011&aid=0002777273
25,"기아차 신형 K5, 쏘나타에 또 다시 굴욕 안길까",http://www.businesspost.co.kr/news/articleView.html?idxno=13090
26,"SK엔카, 에코드라이버 대회 연비왕 1등 '기아차 레이'…L당 26.3Km",http://www.kbench.com/?q=node/149514
27,카니발 개발 역사 보니… ‘기아차 회생 주역’,http://www.etoday.co.kr/news/section/newsview.php?idxno=919371
28,현대.기아차 러시아시장 공략 본격화,https://news.naver.com/main/read.naver?mode=LSD&mid=sec&sid1=101&oid=001&aid=0000023467
29,"기아自, 사이버프리랜서제 도입",https://news.naver.com/main/read.naver?mode=LSD&mid=sec&sid1=101&oid=001&aid=0004290240
30,기아.아시아차 노조방침 따라 정상조업,https://news.naver.com/main/read.naver?mode=LSD&mid=sec&sid1=102&oid=001&aid=0004197291
31,"기아, K5로 현대를 쏘았다",http://h21.hani.co.kr/arti/economy/economy_general/28735.html
32,"기아차, 잘 팔리는 이유는?",http://www.etoday.co.kr/news/section/newsview.php?TM=news&SM=0405&idxno=332819
33,현대·기아차 신차들 행진에 차 값도 덩달아 ‘폭주’했다,http://www.sisapress.com/news/articleView.html?idxno=52004
34,[오종훈의 자동차 현대사] 1회 서울모터쇼 화려한 등장…2년 뒤 ‘30% 떨이’,http://www.hankookilbo.com/v/47304688db8a48e79509733feeb0bf3d
35,[모터그램] 스치듯 안녕~ 우리나라에 이런 국산 자동차가 있었어?,http://www.sisunnews.co.kr/news/articleView.html?idxno=69692
36,"현대.기아, 중복모델 해소기간 단축",https://news.naver.com/main/read.naver?mode=LSD&mid=sec&sid1=101&oid=001&aid=0004548636
37,<확대경>‘업계 2위’ 탈환 나선 기아자동차,https://news.naver.com/main/read.naver?mode=LSD&mid=sec&sid1=101&oid=001&aid=0004431268
38,"기아자판, 세피아 등 최장 3년간 대여키로",https://news.naver.com/main/read.naver?mode=LSD&mid=sec&sid1=101&oid=001&aid=0004382797
39,기아그룹 스케치,https://news.naver.com/main/read.naver?mode=LSD&mid=sec&sid1=101&oid=001&aid=0004143552
40,"기아정기, 美 TRW社와 에어백 기술제휴",https://news.naver.com/main/read.naver?mode=LSD&mid=sec&sid1=101&oid=001&aid=0003968634
41,`급발진피해' 현대.기아상대 집단소송..전차종 망라,https://news.naver.com/main/read.naver?mode=LSD&mid=sec&sid1=102&oid=001&aid=0004511211
42,[신박한 車담] 실용주의에서 디자인 기아가 되기까지…韓 자동차산업의 '아틀란티스'-기아(2),http://www.enewstoday.co.kr/news/articleView.html?idxno=1491002
43,<서상범기자의 아!車!> 이런 차도 있었어?우리를 스쳐간 비운의 국산차 5가지,http://biz.heraldcorp.com/view.php?ud=20150114000166
44,[CAR/석동빈 기자의 DRIVEN]‘최악의 자동차’ 10選은 어떤 모델?,http://news.donga.com/3/all/20140724/65404175/1
45,起亞노조 파업으로 고객피해 우려,https://news.naver.com/main/read.naver?mode=LSD&mid=sec&sid1=101&oid=001&aid=0004176870
46,<焦點> 起亞 왜 이렇게 됐나,https://news.naver.com/main/read.naver?mode=LSD&mid=sec&sid1=101&oid=001&aid=0004142996
47,"現代.起亞, 중형차 모델 교체시기 싸고 비방전",https://news.naver.com/main/read.naver?mode=LSD&mid=sec&sid1=101&oid=001&aid=0004108530
48,"<비망록> 起亞自, 경쟁사들 공세 대응책 마",https://news.naver.com/main/read.naver?mode=LSD&mid=sec&sid1=101&oid=001&aid=0004037782
49,독자개발 승용차 내년부터 본격수출,https://news.naver.com/main/read.naver?mode=LSD&mid=sec&sid1=101&oid=001&aid=0003964885
50,<자동차 화제> 길어지고 넓어지는 승용차,https://news.naver.com/main/read.naver?mode=LSD&mid=sec&sid1=101&oid=001&aid=0004002282
51,<자동차 화제> 중형승용차 가격 분석,https://news.naver.com/main/read.naver?mode=LSD&mid=sec&sid1=101&oid=001&aid=0003902751
52,"오피러스, 머리지지대 안전 `우수`..엔터프라이즈 `미흡`",https://news.naver.com/main/read.naver?mode=LSD&mid=sec&sid1=103&oid=018&aid=0000218553
53,"起亞, 3일간 승용차 4만7천7백대 판매, 할",https://news.naver.com/main/read.naver?mode=LSD&mid=sec&sid1=101&oid=001&aid=0004147912
54,起亞車 하루 판매량 2만대 돌파(속보),https://news.naver.com/main/read.naver?mode=LSD&mid=sec&sid1=101&oid=001&aid=0004147111
55,승용차 장기 무이자 할부판매 재등장,https://news.naver.com/main/read.naver?mode=LSD&mid=sec&sid1=101&oid=001&aid=0004101083
56,<자동차 화제> 新車들의 성적표,https://news.naver.com/main/read.naver?mode=LSD&mid=sec&sid1=101&oid=001&aid=0004010340
57,국산 스포츠카 개발 어디까지 왔나,http://www.g-enews.com/ko-kr/news/article/news_all/202108061939095459938f3ba357_1/article.html
58,"[민주신문 24주년 특집] 자동차 近代史 한눈에 볼 수 있는 1997년… ""그땐 그랬지""",http://www.iminju.net/news/articleView.html?idxno=72863
59,후진 차들의 레이싱이라고 얕보지 마라,http://www.hankookilbo.com/v/ac48ba9f3e3c4ca098023ad88d82c129
60,"한국 왜건 시장, 수입차 '그들만의 리그'",http://www.sisaweek.com/news/articleView.html?idxno=138917
61,"起亞自 크레도스, 유럽통합인증 획득",https://news.naver.com/main/read.naver?mode=LSD&mid=sec&sid1=101&oid=001&aid=0004035126
62,다용도로 사용이 가능하다. '왜건(wagon/ waggon)' [김권제 칼럼],http://www.mediafine.co.kr/news/articleView.html?idxno=8423
63,"起亞自 ‘크레도스’, 판매계약 신기록",https://news.naver.com/main/read.naver?mode=LSD&mid=sec&sid1=101&oid=001&aid=0003990107
64,나로호 둘러싼 국제 암투 그린 장편소설 펴내,http://news.donga.com/3/all/20130124/52541131/1
65,"起亞, 새 중형세단 `크레도스Ⅱ' 시판",https://news.naver.com/main/read.naver?mode=LSD&mid=sec&sid1=101&oid=001&aid=0004311618
66,중.대형승용차 출고적체 심화,https://news.naver.com/main/read.naver?mode=LSD&mid=sec&sid1=101&oid=001&aid=0003936310
67,[100주년 질주 기아차 ㊤] 자전거 제조사로 출발해 글로벌업체 도약,http://www.inews24.com/view/1267392
68,"소보원, ""자동변속기차량 전자파 장애 확인""",https://news.naver.com/main/read.naver?mode=LSD&mid=sec&sid1=101&oid=001&aid=0004348728
69,"<화제> 천주교 주교들, 국산中型車 이용",https://news.naver.com/main/read.naver?mode=LSD&mid=sec&sid1=103&oid=001&aid=0004182352
70,현대車 쏘나타 성공 신화의 비밀,https://news.naver.com/main/read.naver?mode=LSD&mid=sec&sid1=114&oid=037&aid=0000001354
71,<擴大鏡>자동차업계 상호비방전 백태,https://news.naver.com/main/read.naver?mode=LSD&mid=sec&sid1=101&oid=001&aid=0004143295
72,<자동차 화제> 상반기 자동차 판매결산,https://news.naver.com/main/read.naver?mode=LSD&mid=sec&sid1=101&oid=001&aid=0004033625
73,연말 맞아 승용차 할인판매 경쟁‘후끈’,https://news.naver.com/main/read.naver?mode=LSD&mid=sec&sid1=101&oid=001&aid=0004008511
74,美‘빅 스리’ 한국 車시장에 파상공세,https://news.naver.com/main/read.naver?mode=LSD&mid=sec&sid1=101&oid=001&aid=0003949224
75,車3사 엔진출력 과대표기,https://news.naver.com/main/read.naver?mode=LSD&mid=sec&sid1=102&oid=009&aid=0000088892
76,<자동차 화제> 車 충돌 테스트 두고 논란 가열,https://news.naver.com/main/read.naver?mode=LSD&mid=sec&sid1=101&oid=001&aid=0004068347
77,"車이름, ‘내수 따로 수출 따로’",https://news.naver.com/main/read.naver?mode=LSD&mid=sec&sid1=101&oid=001&aid=0003927978
78,"자동차 내수,수출 모두 호조 전망",https://news.naver.com/main/read.naver?mode=LSD&mid=sec&sid1=101&oid=001&aid=0004094401
79,"소보원, 크레도스 세피아 인판넬 신속수리 촉구",https://news.naver.com/main/read.naver?mode=LSD&mid=sec&sid1=102&oid=009&aid=0000056066
80,[최기성의 허브車]포니는 ‘변신의 귀재’…왜건·쿠페·콘셉트카 다(多) 있네,https://www.mk.co.kr/opinion/columnists/view/2019/08/681787/
81,[더벨]포드가 버린 부실기업 '글로벌 메이커' 마일스톤 되다,http://www.thebell.co.kr/front/free/contents/news/article_view.asp?key=201811300100053060003250
82,아빠車의 진화 `코티나→스텔라→쏘나타`,http://premium.mk.co.kr/view.php?no=25608
83,30년 올드카 기아차 콩코드…여전히'쌩생',http://www.namdonews.com/news/articleView.html?idxno=561139
84,"CJ ENM, 초소형 '전기차' 이어 수입차 '재규어' SUV 'E-PACE' 판매",http://www.wikileaks-kr.org/news/articleView.html?idxno=42568
85,"CJ ENM 오쇼핑부문, 재규어 SUV 'E-PACE' 판매",http://www.economytalk.kr/news/articleView.html?idxno=174913
86,"최근 ?중고차 최다 판매 모델 2·3위는 모닝·봉고3, 1위는?",http://www.bizhankook.com/article/14360
87,[오종훈의 자동차 현대사] 한국 최초의 정통 스포츠카 ‘엘란’,http://www.hankookilbo.com/v/c8bde4384c06478e8ff786ddb62dd3d0
88,"[칼럼]""왜 우리는 이런 차가 없는거야?""",http://autotimes.hankyung.com/apps/news.sub_view?popup=0&nid=01&c1=01&c2=01&c3=00&nkey=201609131452281
89,"[양욱의 Wide & Wise 군사] 우리 군의 발, 이대로 좋은가? 80년대 트럭에서 벗어나려는 한국군",http://it.chosun.com/news/article.html?no=2823083
90,[오종훈의 자동차 현대사] 미국을 꿈꿨던 ‘레간자’,http://www.hankookilbo.com/v/e9840f8897e34f9da34d69c4de5e42e5
91,마지막 국산 컨버터블 '엘란'을 아시나요,http://www.edaily.co.kr/news/newspath.asp?newsid=01249686609399424
92,"[시승기] 쉐보레 말리부, 쏘나타·SM6 넘어설 수 있을까",http://www.ajunews.com/view/20160504131814028
93,'실연비왕은 레이·프라이드'.. 제4회 SK엔카 에코드라이버 선발대회,http://www.edaily.co.kr/news/newspath.asp?newsid=03470246609338744
94,국산 왜건 효시는 귀여운 `포니`,http://news.mk.co.kr/news_forward.php?domain=news&no=811018&year=2015
95,'시대를 잘못 타고난' 저평가 받은 국산차 6가지,http://www.wikitree.co.kr/main/news_view.php?id=198915
96,연비 절감 비결은 ‘습관’ 꼼수는 없었다… SK엔카·현대 연비대회 수상자들이 말하는 노하우,http://news.kmib.co.kr/article/view.asp?arcid=0923055060&code=11151100&cp=nv
97,“20년만 늦게 나왔다면…” 시대의 운을 잘못 타고난 국산 명차들,http://www.newsway.co.kr/view.php?tp=1&ud=2014040216204704088
98,"'모터쇼' 방불케한 SK엔카 에코드라이버 선발대회, 연비 높이는 방법 총출동",http://www.ajunews.com/view/20150419134437504
99,"기아의 전설 '엘란' 부활하나? 로터스, 한국 진출 다시 타진",http://www.autodaily.co.kr/news/articleView.html?idxno=413201
100,"CJ ENM, 초소형 '전기차' 이어 수입차 '재규어' SUV 'E-PACE' 판매",http://www.wikileaks-kr.org/news/articleView.html?idxno=42568
101,"CJ ENM 오쇼핑부문, 재규어 SUV 'E-PACE' 판매",http://www.economytalk.kr/news/articleView.html?idxno=174913
102,"최근 ?중고차 최다 판매 모델 2·3위는 모닝·봉고3, 1위는?",http://www.bizhankook.com/article/14360
103,[오종훈의 자동차 현대사] 한국 최초의 정통 스포츠카 ‘엘란’,http://www.hankookilbo.com/v/c8bde4384c06478e8ff786ddb62dd3d0
104,"[칼럼]""왜 우리는 이런 차가 없는거야?""",http://autotimes.hankyung.com/apps/news.sub_view?popup=0&nid=01&c1=01&c2=01&c3=00&nkey=201609131452281
105,"[양욱의 Wide & Wise 군사] 우리 군의 발, 이대로 좋은가? 80년대 트럭에서 벗어나려는 한국군",http://it.chosun.com/news/article.html?no=2823083
106,[오종훈의 자동차 현대사] 미국을 꿈꿨던 ‘레간자’,http://www.hankookilbo.com/v/e9840f8897e34f9da34d69c4de5e42e5
107,마지막 국산 컨버터블 '엘란'을 아시나요,http://www.edaily.co.kr/news/newspath.asp?newsid=01249686609399424
108,"[시승기] 쉐보레 말리부, 쏘나타·SM6 넘어설 수 있을까",http://www.ajunews.com/view/20160504131814028
109,'실연비왕은 레이·프라이드'.. 제4회 SK엔카 에코드라이버 선발대회,http://www.edaily.co.kr/news/newspath.asp?newsid=03470246609338744
110,[오종훈의 자동차 현대사] 한국 최초의 정통 스포츠카 ‘엘란’,http://www.hankookilbo.com/v/c8bde4384c06478e8ff786ddb62dd3d0
111,"[칼럼]""왜 우리는 이런 차가 없는거야?""",http://autotimes.hankyung.com/apps/news.sub_view?popup=0&nid=01&c1=01&c2=01&c3=00&nkey=201609131452281
112,"[양욱의 Wide & Wise 군사] 우리 군의 발, 이대로 좋은가? 80년대 트럭에서 벗어나려는 한국군",http://it.chosun.com/news/article.html?no=2823083
113,[오종훈의 자동차 현대사] 미국을 꿈꿨던 ‘레간자’,http://www.hankookilbo.com/v/e9840f8897e34f9da34d69c4de5e42e5
114,마지막 국산 컨버터블 '엘란'을 아시나요,http://www.edaily.co.kr/news/newspath.asp?newsid=01249686609399424
115,"[시승기] 쉐보레 말리부, 쏘나타·SM6 넘어설 수 있을까",http://www.ajunews.com/view/20160504131814028
116,'실연비왕은 레이·프라이드'.. 제4회 SK엔카 에코드라이버 선발대회,http://www.edaily.co.kr/news/newspath.asp?newsid=03470246609338744
117,국산 왜건 효시는 귀여운 `포니`,http://news.mk.co.kr/news_forward.php?domain=news&no=811018&year=2015
118,'시대를 잘못 타고난' 저평가 받은 국산차 6가지,http://www.wikitree.co.kr/main/news_view.php?id=198915
119,연비 절감 비결은 ‘습관’ 꼼수는 없었다… SK엔카·현대 연비대회 수상자들이 말하는 노하우,http://news.kmib.co.kr/article/view.asp?arcid=0923055060&code=11151100&cp=nv
120,“20년만 늦게 나왔다면…” 시대의 운을 잘못 타고난 국산 명차들,http://www.newsway.co.kr/view.php?tp=1&ud=2014040216204704088
121,"SK엔카 직영몰, 에코드라이버 선발 대회 성황리에 종료",http://news.mk.co.kr/news_forward.php?domain=news&no=378494&year=2015
122,"'모터쇼' 방불케한 SK엔카 에코드라이버 선발대회, 연비 높이는 방법 총출동",http://www.ajunews.com/view/20150419134437504
123,"모비스, 194차종의 192만 품목 책임 공급",http://news1.kr/articles/1159444
124,"기아의 전설 '엘란' 부활하나? 로터스, 한국 진출 다시 타진",http://www.autodaily.co.kr/news/articleView.html?idxno=413201
125,"현대차, 내수 부진 극복에 전력 투구",http://www.inews24.com/php/news_view.php?g_serial=631539&g_menu=022200&rrf=nv
126,"[시승기] 현대차 i40 디젤, 연비·디자인·가속성 '팔방미인'",http://www.inews24.com/php/news_view.php?g_serial=625538&g_menu=022200&rrf=nv
127,엑셀·레간자·SM5·티뷰론…기억나시죠? 내 생애 첫 애마,http://www.hankyung.com/news/app/newsview.php?aid=2012110285281
128,"[단독] 장군들이 타는 차, 살펴봤더니 바로…",http://www.segye.com/Articles/News/Politics/Article.asp?aid=20120817020990&subctg1=&subctg2=
129,비 새는 KIA 'AS 누수' 심각,http://sports.chosun.com/news/ntype.htm?ut=1&name=/news/life/201009/20100930/a9076108.htm
130,"기아의 전설 '엘란' 부활하나? 로터스, 한국 진출 다시 타진",http://www.autodaily.co.kr/news/articleView.html?idxno=413201
131,"현대차, 내수 부진 극복에 전력 투구",http://www.inews24.com/php/news_view.php?g_serial=631539&g_menu=022200&rrf=nv
132,"[시승기] 현대차 i40 디젤, 연비·디자인·가속성 '팔방미인'",http://www.inews24.com/php/news_view.php?g_serial=625538&g_menu=022200&rrf=nv
133,엑셀·레간자·SM5·티뷰론…기억나시죠? 내 생애 첫 애마,http://www.hankyung.com/news/app/newsview.php?aid=2012110285281
134,"[단독] 장군들이 타는 차, 살펴봤더니 바로…",http://www.segye.com/Articles/News/Politics/Article.asp?aid=20120817020990&subctg1=&subctg2=
135,비 새는 KIA 'AS 누수' 심각,http://sports.chosun.com/news/ntype.htm?ut=1&name=/news/life/201009/20100930/a9076108.htm
136,YF쏘나타-뉴SM5-K5 중형차 용호상박,http://biz.heraldm.com/common/redirect.jsp?category_id=010501010300&news_id=20100504000001
137,[인터뷰] 30년 발품팔아 모은 미니카 부산 모터쇼에서 공개합니다,http://www.hankyung.com/news/app/newsview.php?aid=2008042344171
138,[자동차 파일]국내 첫 자동차디자인 소설 ‘꿈꾸는…’ 출간 外,http://www.donga.com/fbin/output?n=200905190156
139,"국내 중형차 시장, 재편 이뤄질까?",http://www.e-today.co.kr/200707/news/newsview.php?TM=news&SM=0101&idxno=168874
140,"국내 중형차 시장, 재편 이뤄질까?",http://www.e-today.co.kr/200707/news/newsview.php?TM=news&SM=0101&idxno=168874
141,"해치백과 왜건, 드디어 “으랏車車!”",https://news.naver.com/main/read.naver?mode=LSD&mid=sec&sid1=103&oid=037&aid=0000003274
142,30년전 택시기사，하루에 변두리 땅 3평 값 벌었다…“그땐 1등 신랑감”,http://www.kukinews.com/news/article/view.asp?page=1&gCode=soc&arcid=0920499497&cp=nv
143,쏘나타 EF·NF·YF…자동차 별명엔 뭔가 특별한 게 있다?,http://www.hani.co.kr/arti/economy/car/377509.html
144,라세티 디젤 왜건,http://www.kbizweek.com/cp/view.asp?vol_no=588&art_no=25&sec_cd=1659
145,[영화 속 경제]용의자 - 탈북자 정착 가로막는 ‘낙인효과’,http://weekly.khan.co.kr/khnm.html?mode=view&code=114&artid=201403242020251&pt=nv
146,“티코 차량값 비해 수리비 가장 비싸”,https://news.naver.com/main/read.naver?mode=LSD&mid=sec&sid1=101&oid=014&aid=0000021499
147,‘에어컨 항균필터’ 택시에도 없었다,https://news.naver.com/main/read.naver?mode=LSD&mid=sec&sid1=102&oid=005&aid=0000060550
148,2000㏄급 중형차 IMF후 첫 4파전 구도,https://news.naver.com/main/read.naver?mode=LSD&mid=sec&sid1=103&oid=021&aid=0000136249
149,<확대경>모듈부품 양산이 자동차업계에 미칠 영향,https://news.naver.com/main/read.naver?mode=LSD&mid=sec&sid1=101&oid=001&aid=0004476476
150,[‘2005 서울 모터쇼’ 29일 한국국제전시장서] ‘명차의 향연’… 숨이 멎는다,https://news.naver.com/main/read.naver?mode=LSD&mid=sec&sid1=103&oid=005&aid=0000200348
151,<서울모터쇼를 잡아라..신차 발표 `러시'>,https://news.naver.com/main/read.naver?mode=LSD&mid=sec&sid1=103&oid=001&aid=0000947147
152,<비망록> 마음 무거운 삼성자동차,https://news.naver.com/main/read.naver?mode=LSD&mid=sec&sid1=101&oid=001&aid=0004298351
153,[품질로 세계를 넘는다]<4>품질회의,https://news.naver.com/main/read.naver?mode=LSD&mid=sec&oid=016&aid=0000147060
154,[알아봅시다] 왜건 스타일 자동차,http://www.dt.co.kr/contents.html?article_no=2010091602012232718002
155,[오토월드]연말 중고차겂 하락세…아반테 99년식 650~710만원,https://news.naver.com/main/read.naver?mode=LSD&mid=sec&sid1=101&oid=020&aid=0000163718
156,<표> 차량별 도난용이성 평가,https://news.naver.com/main/read.naver?mode=LSD&mid=sec&sid1=101&oid=001&aid=0000239420
157,차량화재 60% 보증기간에 발생,https://news.naver.com/main/read.naver?mode=LSD&mid=sec&sid1=111&oid=009&aid=0000208673
158,[중고車 구입 가이드] 문.유리 살펴 사고유무 확인,https://news.naver.com/main/read.naver?mode=LSD&mid=sec&sid1=101&oid=009&aid=0000129019
159,[Car World] 중형차 판매경쟁 가열,https://news.naver.com/main/read.naver?mode=LSD&mid=sec&sid1=103&oid=009&aid=0000036133
160,휴가철 앞두고 중고차 가격 강보합,https://news.naver.com/main/read.naver?mode=LSD&mid=sec&sid1=101&oid=009&aid=0000129028
161,[Car World] 중형차 판매경쟁 가열,https://news.naver.com/main/read.naver?mode=LSD&mid=sec&sid1=103&oid=009&aid=0000036133
162,승용차 20만~50만원 상승 .. 쏘나타/아반떼 변동 없어,https://news.naver.com/main/read.naver?mode=LSD&mid=sec&sid1=101&oid=015&aid=0000002424
163,“나로호서 영감…미국의 과도한 간섭 벗어났으면 하는 생각으로 썼다”,http://www.khan.co.kr/kh_news/art_view.html?artid=201302011936415&code=900308
164,"<화제> 기아자 朴사장, TV드라마 출연",https://news.naver.com/main/read.naver?mode=LSD&mid=sec&sid1=101&oid=001&aid=0004307061
165,특별할인판매로 起亞車 등록대수 급증,https://news.naver.com/main/read.naver?mode=LSD&mid=sec&sid1=101&oid=001&aid=0004190543
166,"起亞사태, 중고차시장에도 `먹구름'",https://news.naver.com/main/read.naver?mode=LSD&mid=sec&sid1=101&oid=001&aid=0004143123
167,"<擴大鏡> `出血경쟁' 위험수준, 제2 起亞",https://news.naver.com/main/read.naver?mode=LSD&mid=sec&sid1=101&oid=001&aid=0004140952
168,국내불경기로 3월 車 수출 내수 앞질러,https://news.naver.com/main/read.naver?mode=LSD&mid=sec&sid1=101&oid=001&aid=0004271741
169,작년 베스트셀러 승용차 현대가 휩쓸어,https://news.naver.com/main/read.naver?mode=LSD&mid=sec&sid1=101&oid=001&aid=0004159529
170,국내불경기로 3월 車 수출 내수 앞질러,https://news.naver.com/main/read.naver?mode=LSD&mid=sec&sid1=101&oid=001&aid=0004271741
171,작년 베스트셀러 승용차 현대가 휩쓸어,https://news.naver.com/main/read.naver?mode=LSD&mid=sec&sid1=101&oid=001&aid=0004159529
172,"승용차 3社, 1대당 제품 광고비 평균 10만원",https://news.naver.com/main/read.naver?mode=LSD&mid=sec&sid1=101&oid=001&aid=0004054537
173,<자동차 화제> 자동차의 ‘디자인 베끼기’,https://news.naver.com/main/read.naver?mode=LSD&mid=sec&sid1=101&oid=001&aid=0004092817
174,<자동차 화제> 레크리에이션 차량(RV) 붐,https://news.naver.com/main/read.naver?mode=LSD&mid=sec&sid1=101&oid=001&aid=0004041320
175,수입차 공세 최고급 승용차개발로 대응,https://news.naver.com/main/read.naver?mode=LSD&mid=sec&sid1=101&oid=001&aid=0004037176
176,<자동차 화제> 파생차종 개발 경쟁,https://news.naver.com/main/read.naver?mode=LSD&mid=sec&sid1=101&oid=001&aid=0004047674
177,지난해 베스트셀러 승용차는 쏘나타Ⅱ,https://news.naver.com/main/read.naver?mode=LSD&mid=sec&sid1=101&oid=001&aid=0004045514
178,<자동차 화제> 신형 차 새해 연초부터 쏟아,https://news.naver.com/main/read.naver?mode=LSD&mid=sec&sid1=101&oid=001&aid=0003963532
179,"大宇, 起亞 판매공세로 승용차시장 판도변화",https://news.naver.com/main/read.naver?mode=LSD&mid=sec&sid1=101&oid=001&aid=0003965826
180,<자동차 화제> 성능 강화되는 승용차 엔진,https://news.naver.com/main/read.naver?mode=LSD&mid=sec&sid1=101&oid=001&aid=0003939292
181,"현대, 상반기 승용차 내수시장 독주",https://news.naver.com/main/read.naver?mode=LSD&mid=sec&sid1=101&oid=001&aid=0003901066
182,"생산차질 불구, 現代自 내수시장 독주 계속",https://news.naver.com/main/read.naver?mode=LSD&mid=sec&sid1=101&oid=001&aid=0003993496
183,"환경부, 배출허용기준 초과 10개 차종 리콜검사 실시",https://news.naver.com/main/read.naver?mode=LSD&mid=sec&sid1=102&oid=009&aid=0000133362
184,"내수,수출용 이름다른차 많다",https://news.naver.com/main/read.naver?mode=LSD&mid=sec&sid1=101&oid=015&aid=0000256603
185,<확대경> 신차평가제 도입과 향후 자동차시장,https://news.naver.com/main/read.naver?mode=LSD&mid=sec&sid1=101&oid=001&aid=0004497992
186,"""SUV 물렀거라""…웨건ㆍ해치백 나가신다",http://www.dt.co.kr/contents.html?article_no=2012021702011132718002
187,[Car & Travel]디자인 좋으니 해치백-왜건 뜬다,http://www.donga.com/fbin/output?n=200702050063
188,제작결함 발견 리콜차량 증가추세,https://news.naver.com/main/read.naver?mode=LSD&mid=sec&sid1=101&oid=001&aid=0004362709
189,"[2011연비왕]""내가 제일 잘나가!"" 연비왕대회 이모저모",http://www.asiae.co.kr/news/view.htm?idxno=2011111910463478376
190,"現代, 폴란드 자동차시장 진입 성공",https://news.naver.com/main/read.naver?mode=LSD&mid=sec&sid1=101&oid=001&aid=0004201464
191,프랑크푸르트 모터쇼 개막,https://news.naver.com/main/read.naver?mode=LSD&mid=sec&sid1=101&oid=001&aid=0004176544
192,"자동차 3社, 러시아 모터쇼 참가",https://news.naver.com/main/read.naver?mode=LSD&mid=sec&sid1=101&oid=001&aid=0004185911
193,"起亞自, 7일 정상가동 재개",https://news.naver.com/main/read.naver?mode=LSD&mid=sec&sid1=101&oid=001&aid=0004188092
194,자동차업계 생존위해 차값파괴 등 출혈경쟁,https://news.naver.com/main/read.naver?mode=LSD&mid=sec&sid1=101&oid=001&aid=0004148154
195,97 서울 모터쇼 24일 개막,https://news.naver.com/main/read.naver?mode=LSD&mid=sec&sid1=101&oid=001&aid=0004267927
196,승용차 내수 판매 호조,https://news.naver.com/main/read.naver?mode=LSD&mid=sec&sid1=101&oid=001&aid=0004041762
197,일반 승용차도 레저기능 접목,https://news.naver.com/main/read.naver?mode=LSD&mid=sec&sid1=101&oid=001&aid=0004046676
198,무이자 할부용 車 재고 거의 소진,https://news.naver.com/main/read.naver?mode=LSD&mid=sec&sid1=101&oid=001&aid=0003956906
199,"아반떼, 발매 후 최다판매 기록",https://news.naver.com/main/read.naver?mode=LSD&mid=sec&sid1=101&oid=001&aid=0004002369
200,현대차 i40 내달초 출시… 국내 왜건시장 확대 기대감 '솔솔',https://news.naver.com/main/read.naver?mode=LSD&mid=sec&sid1=101&oid=011&aid=0002176483
201,"쏘나타, 3개월만에 내수 1位 복귀",https://news.naver.com/main/read.naver?mode=LSD&mid=sec&sid1=101&oid=001&aid=0003939311
202,[상품시세] 가전/컴퓨터/중고차,https://news.naver.com/main/read.naver?mode=LSD&mid=sec&sid1=101&oid=009&aid=0000193761
203,車엔진출력 ‘뻥튀기’ 4월말까지 시정해야,https://news.naver.com/main/read.naver?mode=LSD&mid=sec&sid1=101&oid=005&aid=0000045087
204,베스트셀러카 쏘나타에 '열광'하는 이유,http://www.ohmynews.com/NWS_Web/view/at_pg.aspx?CNTN_CD=A0001219893
205,자동차 에어백 경고문구 부착 소홀,https://news.naver.com/main/read.naver?mode=LSD&mid=sec&sid1=101&oid=001&aid=0004355310
206,현대 아반테 등 12종 배출가스 리콜검사,https://news.naver.com/main/read.naver?mode=LSD&mid=sec&sid1=102&oid=001&aid=0004373701
207,올 출고 `새' 승용차 중고 시장에 쇄도,https://news.naver.com/main/read.naver?mode=LSD&mid=sec&sid1=101&oid=001&aid=0004223823
208,자동차 환경오염방지 감사결과 발표,https://news.naver.com/main/read.naver?mode=LSD&mid=sec&sid1=100&oid=001&aid=0004134443
209,<자동차 화제> 승용차의 브랜드 슬로건,https://news.naver.com/main/read.naver?mode=LSD&mid=sec&sid1=101&oid=001&aid=0004041525
210,車 수출시장 크게 변화,https://news.naver.com/main/read.naver?mode=LSD&mid=sec&sid1=101&oid=001&aid=0004009706
211,8월 자동차 내수판매 지난해보다 소폭 증가,https://news.naver.com/main/read.naver?mode=LSD&mid=sec&sid1=101&oid=001&aid=0003930315
212,[The Test]GM대우 ‘라세티’ 디젤 왜건,http://www.donga.com/fbin/output?n=200705180142
213,"경찰청, 포드 토러스 50대 구매",https://news.naver.com/main/read.naver?mode=LSD&mid=sec&sid1=101&oid=020&aid=0000155026
214,"현대차 산타페. 쌍용차 무쏘, 뒷좌석 개선 명령",https://news.naver.com/main/read.naver?mode=LSD&mid=sec&sid1=101&oid=015&aid=0000332813
215,[이번주 공모기업] 이젠텍...김치냉장고 핵심부품 생산,https://news.naver.com/main/read.naver?mode=LSD&mid=sec&sid1=101&oid=009&aid=0000059377
216,[벤처 마당] '송탄공장 이젠텍'..일체형 '딤채 인케이스'로 쾌속성장,https://news.naver.com/main/read.naver?mode=LSD&mid=sec&sid1=101&oid=015&aid=0000260337
217,쏘나타 시리즈 200만대 생산돌파,https://news.naver.com/main/read.naver?mode=LSD&mid=sec&sid1=101&oid=001&aid=0000013912
218,[코스닥 등록 준비.장외기업] 이젠텍,https://news.naver.com/main/read.naver?mode=LSD&mid=sec&sid1=101&oid=009&aid=0000023996
219,<화제> 쏘나타 Ⅲ 인기 여전,https://news.naver.com/main/read.naver?mode=LSD&mid=sec&sid1=101&oid=001&aid=0004549978
220,DOHC 차량 매연 최고 7배 배출,https://news.naver.com/main/read.naver?mode=LSD&mid=sec&sid1=102&oid=001&aid=0004375240
221,수입차 매연 국산의 최고 2.7배,https://news.naver.com/main/read.naver?mode=LSD&mid=sec&sid1=101&oid=001&aid=0004177740
222,"중고 승용차 가격, 내림폭 둔화",https://news.naver.com/main/read.naver?mode=LSD&mid=sec&sid1=101&oid=001&aid=0004156968
223,나래이동통신 소비자만족 대상,https://news.naver.com/main/read.naver?mode=LSD&mid=sec&sid1=101&oid=001&aid=0004086056
224,<자동차 화제> 수입차도 대량판매 시대,https://news.naver.com/main/read.naver?mode=LSD&mid=sec&sid1=101&oid=001&aid=0004132507
225,“2000년에는 日製車가 한국차시장 10% 차지”,https://news.naver.com/main/read.naver?mode=LSD&mid=sec&sid1=101&oid=001&aid=0004112371
226,"[알맹이 빠진 造船 구조조정]""매각이 답"" 기아차의 데자뷔 '대우조선'",http://view.asiae.co.kr/news/view.htm?idxno=2016103110563386921
227,"역대 최고 M&A는`현대차, 기아차인수`",http://news.mk.co.kr/news_forward.php?domain=news&no=247851&year=2012
228,"기아차, 지난달 내수에서 질주…19년 만에 월 5만대 판매 돌파",http://view.asiae.co.kr/news/view.htm?idxno=2015120116383472046
229,"기아차 K5 왜건, 국내에 내놓을까?",http://autotimes.hankyung.com/apps/news.sub_view?popup=0&nid=02&c1=02&c2=02&c3=00&nkey=201511222118211
230,[MK리더십]기아차 쾌속부활의 기적,http://www.asiae.co.kr/news/view.htm?idxno=2011071411064836770
231,중형차 2위다툼 치열…기아 작년 14년만 2위,https://news.naver.com/main/read.naver?mode=LSD&mid=sec&sid1=101&oid=001&aid=0004912145
232,"""고맙다 K5""..기아차 14년만에 중형차 2위 탈환",http://www.edaily.co.kr/news/newspath.asp?newsid=01551446593199176
233,[포토]K5 왜건?…기아 콘셉트카 '스포트스페이스' 공개,http://greenpostkorea.co.kr/news/article.html?no=44929
234,기아차 ‘다 잡은 고기’ 나 몰라라?…올드 고객 ‘부글부글’,http://www.kukinews.com/news/article/view.asp?page=1&gCode=eco&arcid=0920989613&cp=nv
235,기아차 年판매량 300만대 ‘카운트다운’,http://news.donga.com/3/all/20141222/68725252/1
236,"기아차, 신형 카니발·쏘렌토로 RV 명가 재건",http://www.newspim.com/common/redirect.jsp?newsId=20140527000234
237,기아차 살린 카니발..국내 경기 살린다,http://www.mt.co.kr/view/mtview.php?type=1&no=2014050808235261155&outlink=1
238,[김태환의 카닥터] 기아자동차 ‘K9 2014’,http://www.econovill.com/archives/159977
239,"기아자동차 화성공장, 생산 300만대 돌파",https://news.naver.com/main/read.naver?mode=LSD&mid=sec&sid1=101&oid=009&aid=0000137283
240,"기아자동차 화성공장, 생산 300만대 돌파",https://news.naver.com/main/read.naver?mode=LSD&mid=sec&sid1=101&oid=009&aid=0000137283
241,"올해 ‘X0년’ 생일 맞은 기업은?…기아차 70년, 제일모직 60주년",http://www.ajunews.com/view/20140105145811716
242,"기아차, 하반기부터 美서 차량무상수리기간 10면.10만마일로 늘려",https://news.naver.com/main/read.naver?mode=LSD&mid=sec&sid1=101&oid=015&aid=0000239062
243,기아自 파업으로 미출고車 인도 지연,https://news.naver.com/main/read.naver?mode=LSD&mid=sec&sid1=101&oid=001&aid=0004197705
244,<聯合인터뷰> 韓丞濬 기아자동차 사장,https://news.naver.com/main/read.naver?mode=LSD&mid=sec&sid1=101&oid=001&aid=0003927594
245,<연속기획> 망해도 잘사는 부자들(24)김철호의 기아그룹,http://www.ilyosisa.co.kr/news/article.html?no=40831
246,"기아자동차, 신모델 할인판매",https://news.naver.com/main/read.naver?mode=LSD&mid=sec&sid1=101&oid=015&aid=0000194633
247,"""車 마니아 대학생들에 기아차K5 인기""",http://www.fnnews.com/view?ra=Sent1201m_01A&corp=fnnews&arcid=201112280100052790001639&cDateYear=2011&cDateMonth=12&cDateDay=27&
248,국내 첫 오픈카...기아산업 '무모한 도전',http://www.etoday.co.kr/news/section/newsview.php?TM=news&SM=0405&idxno=469018
249,신차 이어 중고차 시장서도 강세… 기아차 “모닝·K5 예뻐 죽겠네！”,http://news.kukinews.com/article/view.asp?page=1&gCode=kmi&arcid=0003884119&cp=nv
250,쏘나타의 굴욕… ‘중형차 16년 왕좌’ 기아 K5에 내줘,http://www.khan.co.kr/kh_news/art_view.html?artid=201007011809535&code=920508
251,"기아차, 올 상반기 99만대 판매‥전년比 49.1%↑",https://news.naver.com/main/read.naver?mode=LSD&mid=sec&sid1=101&oid=003&aid=0003319110
252,기아차 ‘내수 1위’ 아깝게 놓쳐,http://www.segye.com/Articles/NEWS/ECONOMY/Article.asp?aid=20100701004394&subctg1=&subctg2=
253,[The Test]기아차 ‘K5’,http://news.donga.com/3/all/20100528/28662588/1
254,기아 K7 시승기…‘달리는 세단’ 그 이상을 노린다,http://www.khan.co.kr/kh_news/art_view.html?artid=200912091908332&code=920508
255,‘얼짱 기아차’ 험난한 질주,http://www.hani.co.kr/arti/specialsection/newspickup_section/351362.html
256,"기아 K5, 중고차 검색순위 2위…YF쏘나타 밀어내",http://www.nspna.com/news/index.html?mode=view&cate1_id=14&cate2_id=122&number=23911
257,기아차 중형세단 '로체' 첫선,https://news.naver.com/main/read.naver?mode=LSD&mid=sec&sid1=103&oid=011&aid=0000106758
258,현대-기아車 구매 고객 새차 살때 10만원 할인,https://news.naver.com/main/read.naver?mode=LSD&mid=sec&sid1=101&oid=020&aid=0000285297
259,"“최고 출력” 엔진 과장광고, 현대·기아 “10만원씩 보상”",https://news.naver.com/main/read.naver?mode=LSD&mid=sec&sid1=101&oid=028&aid=0000099634
260,현대-기아車 구매 고객 새차 살때 10만원 할인,https://news.naver.com/main/read.naver?mode=LSD&mid=sec&sid1=101&oid=020&aid=0000285297
261,"“최고 출력” 엔진 과장광고, 현대·기아 “10만원씩 보상”",https://news.naver.com/main/read.naver?mode=LSD&mid=sec&sid1=101&oid=028&aid=0000099634
262,00~01년 현대.기아車 구입자 보상받는다(상보),https://news.naver.com/main/read.naver?mode=LSD&mid=sec&sid1=101&oid=008&aid=0000507225
263,"[거래소] 현대.기아차 ""유럽에 올 50만대 수출""(상보)",https://news.naver.com/main/read.naver?mode=LSD&mid=sec&sid1=101&oid=008&aid=0000055618
264,[대우車와 기아車의 차이점] 경영개선 노력 거의없어,https://news.naver.com/main/read.naver?mode=LSD&mid=sec&sid1=101&oid=009&aid=0000093240
265,기아차=신기록 제조기...10월중 최다수출 달성,https://news.naver.com/main/read.naver?mode=LSD&mid=sec&sid1=101&oid=009&aid=0000072702
266,"기아차, 신기록 양산하며 '쾌속질주'",https://news.naver.com/main/read.naver?mode=LSD&mid=sec&sid1=101&oid=009&aid=0000070513
267,`기아차 흑자 전환'<대우증권>,https://news.naver.com/main/read.naver?mode=LSD&mid=sec&sid1=101&oid=001&aid=0000019577
268,힘/감각/안락...名車 나가신다 .. 새강자 야심 기아新차 '옵티마',https://news.naver.com/main/read.naver?mode=LSD&mid=sec&sid1=110&oid=015&aid=0000253554
269,기아 중형세단 `옵티마' 시판,https://news.naver.com/main/read.naver?mode=LSD&mid=sec&sid1=101&oid=009&aid=0000027748
270,기아차=신기록 제조기...10월중 최다수출 달성,https://news.naver.com/main/read.naver?mode=LSD&mid=sec&sid1=101&oid=009&aid=0000072702
271,"기아차, 신기록 양산하며 '쾌속질주'",https://news.naver.com/main/read.naver?mode=LSD&mid=sec&sid1=101&oid=009&aid=0000070513
272,`기아차 흑자 전환'<대우증권>,https://news.naver.com/main/read.naver?mode=LSD&mid=sec&sid1=101&oid=001&aid=0000019577
273,힘/감각/안락...名車 나가신다 .. 새강자 야심 기아新차 '옵티마',https://news.naver.com/main/read.naver?mode=LSD&mid=sec&sid1=110&oid=015&aid=0000253554
274,기아 중형세단 `옵티마' 시판,https://news.naver.com/main/read.naver?mode=LSD&mid=sec&sid1=101&oid=009&aid=0000027748
275,"기아차, 고객밀착형 마케팅 나서",https://news.naver.com/main/read.naver?mode=LSD&mid=sec&sid1=101&oid=015&aid=0000201585
276,"기아, 법정관리 짐벗고 '공격경영'...올 순익 5천억원목표",https://news.naver.com/main/read.naver?mode=LSD&mid=sec&sid1=101&oid=015&aid=0000227936
277,"기아차, 올 창사이래 최대 흑자 전망",https://news.naver.com/main/read.naver?mode=LSD&mid=sec&sid1=101&oid=001&aid=0004475948
278,"기아, 아산만공장 화성공장으로 명칭 변경",https://news.naver.com/main/read.naver?mode=LSD&mid=sec&sid1=101&oid=001&aid=0004420109
279,[한우물 직장인] 기아車 생산기술팀장 김현배 부장,http://www.khan.co.kr/kh_news/art_view.html?artid=200505151729511&code=920401
280,[한우물 직장인] 기아車 생산기술팀장 김현배 부장,http://www.khan.co.kr/kh_news/art_view.html?artid=200505151729511&code=920401
281,00~01년산 현대·기아車구입자 보상받는다,https://news.naver.com/main/read.naver?mode=LSD&mid=sec&sid1=101&oid=008&aid=0000507128
282,<특집> 문민정부와 재계:실패한 개혁..(完) 기아호의 침몰,https://news.naver.com/main/read.naver?mode=LSD&mid=sec&sid1=101&oid=001&aid=0004296953
283,러시아정부 기아사태 우려 공식서한 전달,https://news.naver.com/main/read.naver?mode=LSD&mid=sec&sid1=101&oid=001&aid=0004197891
284,"기아自, 폴란드서 상용.승용차 조립생산 착수",https://news.naver.com/main/read.naver?mode=LSD&mid=sec&sid1=101&oid=001&aid=0004187878
285,"浦鐵,기아自 철강재 공급중단",https://news.naver.com/main/read.naver?mode=LSD&mid=sec&sid1=101&oid=001&aid=0004141883
286,"기아自, 해외시장 공략 본격화",https://news.naver.com/main/read.naver?mode=LSD&mid=sec&sid1=101&oid=001&aid=0003953883
287,소문에 흔들리는 기아자동차,https://news.naver.com/main/read.naver?mode=LSD&mid=sec&sid1=101&oid=001&aid=0003991460
288,기아 중형車 '옵티마' 발표,https://news.naver.com/main/read.naver?mode=LSD&mid=sec&sid1=101&oid=020&aid=0000015019
289,"기아차, 프랑크푸르트 모터쇼 참가",https://news.naver.com/main/read.naver?mode=LSD&mid=sec&sid1=101&oid=001&aid=0004452317
290,"기아自,브라질서 3년연속 최다 수입물량 배정받아",https://news.naver.com/main/read.naver?mode=LSD&mid=sec&sid1=101&oid=001&aid=0004314931
291,"기아自, 크로아共 모터쇼에서 최우수 전시관상 수상",https://news.naver.com/main/read.naver?mode=LSD&mid=sec&sid1=101&oid=001&aid=0004395435
292,"기아車, 97 동계 유니버시아드대회에 차량지원",https://news.naver.com/main/read.naver?mode=LSD&mid=sec&sid1=101&oid=001&aid=0004118739
293,"기아車, ""화성공장 300만대 생산 돌파""",https://news.naver.com/main/read.naver?mode=LSD&mid=sec&sid1=101&oid=015&aid=0000401798
294,현대.기아차 통합효과 7조,https://news.naver.com/main/read.naver?mode=LSD&mid=sec&sid1=101&oid=009&aid=0000007083
295,"기아차, 판매촉진휘애 옵션무상장착 서비스",https://news.naver.com/main/read.naver?mode=LSD&mid=sec&sid1=101&oid=015&aid=0000194632
296,"SK-기아自, 공동판촉행사 기획",https://news.naver.com/main/read.naver?mode=LSD&mid=sec&sid1=101&oid=001&aid=0004364659
297,"기아自, 승용차용 알루미늄 엔진 독자개발",https://news.naver.com/main/read.naver?mode=LSD&mid=sec&sid1=101&oid=001&aid=0004271159
298,기아자동차 질산화합물 최다 배출,https://news.naver.com/main/read.naver?mode=LSD&mid=sec&sid1=101&oid=001&aid=0004054851
299,기아자동차 지난해 모델 최고 130만원 할인판매,https://news.naver.com/main/read.naver?mode=LSD&mid=sec&sid1=101&oid=015&aid=0000225448
300,"<신제품> 기아, 7인승 왜건 ‘파크타운’시판",https://news.naver.com/main/read.naver?mode=LSD&mid=sec&sid1=101&oid=001&aid=0004288975
301,<지방단신>기아자동차 신태인출하장 개소식,https://news.naver.com/main/read.naver?mode=LSD&mid=sec&sid1=102&oid=001&aid=0004236988
302,쏘나타 사회학,https://news.naver.com/main/read.naver?mode=LSD&mid=sec&sid1=101&oid=262&aid=0000003122
303,쏘나타 사회학- ‘소나 타는 자동차’에서 ‘국민 중형차’로 우뚝 서다,http://www.donga.com/fbin/output?n=200909180346
304,특별할인 판매로 車시장 기류 이상(종합),https://news.naver.com/main/read.naver?mode=LSD&mid=sec&sid1=101&oid=001&aid=0004141356
305,"중형車 시장 선점경쟁 재연 조짐 .. SM5, 재기 시동",https://news.naver.com/main/read.naver?mode=LSD&mid=sec&sid1=101&oid=015&aid=0000002402
306,起亞 재고차 현금구입하면 27-29.9% 특별할,https://news.naver.com/main/read.naver?mode=LSD&mid=sec&sid1=101&oid=001&aid=0004141471
307,起亞 잇단 신차출시로 경쟁사에 대반격,https://news.naver.com/main/read.naver?mode=LSD&mid=sec&sid1=101&oid=001&aid=0004225675
308,"중형차시장, 선택의 폭 넓어진다",https://news.naver.com/main/read.naver?mode=LSD&mid=sec&sid1=101&oid=001&aid=0003904509
309,<擴大鏡> 프랑크푸르트 모터쇼 國産車 대거 출품,https://news.naver.com/main/read.naver?mode=LSD&mid=sec&sid1=101&oid=001&aid=0004190784
310,서울모터쇼 이모저모...③,https://news.naver.com/main/read.naver?mode=LSD&mid=sec&sid1=101&oid=001&aid=0003967495
311,"[최기성의 허브車]카니발-스타리아, ‘패밀리 슈퍼카’…아빠 슈퍼맨, 가족 VIP",https://www.mk.co.kr/opinion/columnists/view/2021/03/264120/
312,"[김준형의 오토 인사이드] 전기차 경쟁 2라운드, 플랫폼이 승패 가른다",https://www.etoday.co.kr/news/view/1968122
313,[욕하면서 보는 이우석부장의 아재개그]카카카~도시인의 삶,http://www.sportsseoul.com/news/read/530118
314,"""아빠는 슈퍼맨""…패밀리카 끝판왕 `슈퍼밴 4車대전`",http://premium.mk.co.kr/view.php?no=28889
315,[그때 그 차들①]포니·로얄살롱.. 단종 20년 넘었지만 지금도 달린다,http://www.edaily.co.kr/news/newspath.asp?newsid=01151286609334808
316,"[최기성의 허브車] 국산 왜건 ‘반세기 흑역사’, 언제 끝날까",http://news.mk.co.kr/newsRead.php?year=2015&no=936933
317,"4세대 카니발 디자인, 산업 변화 읽힌다",https://magazine.hankyung.com/money/article/2020083100184036132
318,[역사를 바꾼 자동차 M&A 명장면] 지분 매집 나선 삼성…최후 승자는 현대,http://magazine.hankyung.com/business/apps/news?popup=0&nid=01&c1=1002&nkey=2014070900970000031&mode=sub_view
319,"[카톡쇼S] 전문가들이 말하는 최악의 차, 워스트10은?",http://it.donga.com/18620/
320,"[카톡쇼S] 전문가들이 말하는 최악의 차, 워스트10은?",http://it.donga.com/18620/
321,"카니발 후속, '신형 카니발 YP' 공개 임박… 역대 계보 살펴보니",http://www.etoday.co.kr/news/section/newsview.php?idxno=897165
322,[구상 칼럼] RV 공간활용 트렌드 돋보이는..미니밴(MPV) 4세대 카니발,http://www.dailycar.co.kr/content/news.html?type=view&autoId=37451
323,[위기가 기회다-②현대차] '역발상'으로 성장 토대 만든 정몽구,http://www.ajunews.com/view/20200426145509857
324,"[CAR &] K5 ""다들 비켜""…중형車시장에 `킬러5`?",http://news.mk.co.kr/news_forward.php?no=292385&year=2010
325,[대전/충남]우리 대학 스타/국내 첫 車디자인 소설 출간 한밭대 구상 교수,http://news.donga.com/3/all/20100120/25528445/1
326,[Car World] 新車 봇물...어떤 모델로 바꿔볼까,https://news.naver.com/main/read.naver?mode=LSD&mid=sec&sid1=103&oid=009&aid=0000001701
327,[이수진의 자동차 풍향계] 차는 바뀌어도 이름은 그대로… 車名에 부는 '온고지신' 바람,http://www.hankyung.com/news/app/newsview.php?aid=2009082541591
328,起亞自 러시아 프로젝트 빨간불,https://news.naver.com/main/read.naver?mode=LSD&mid=sec&sid1=101&oid=001&aid=0004253540
329,起亞 특별할판 이틀동안 2만5천대 돌파(속,https://news.naver.com/main/read.naver?mode=LSD&mid=sec&sid1=101&oid=001&aid=0004144648
330,起亞 특별할판으로 누적판매 4만대 돌파,https://news.naver.com/main/read.naver?mode=LSD&mid=sec&sid1=101&oid=001&aid=0004140939
331,"起亞, 하반기 新車출시 예정대로 추진",https://news.naver.com/main/read.naver?mode=LSD&mid=sec&sid1=101&oid=001&aid=0004144868
332,"2020 쥐띠해 특집, 그 시절 뜨거웠던 '쥐띠' 신차들",http://autotimes.hankyung.com/apps/news.sub_view?popup=0&nid=01&c1=01&c2=01&c3=00&nkey=201912301427371
333,"起亞自, “내수시장 1위 탈환” 선언",https://news.naver.com/main/read.naver?mode=LSD&mid=sec&sid1=101&oid=001&aid=0004007631
334,"起亞自,아산만 제2공장 9월 완공",https://news.naver.com/main/read.naver?mode=LSD&mid=sec&sid1=101&oid=001&aid=0003899603
335,"[더벨][2019 현대차그룹 인식조사]경쟁력 있는 계열사 순위…1위 현대차, 꼴찌 현대건설",http://www.thebell.co.kr/front/free/contents/news/article_view.asp?key=201912031608466480102995
336,하반기 중형차 시장경쟁 뜨겁다,https://news.naver.com/main/read.naver?mode=LSD&mid=sec&sid1=101&oid=001&aid=0000013910
337,"<회전목마> 기아자, 설날 승용차 100대 무료 대여",https://news.naver.com/main/read.naver?mode=LSD&mid=sec&sid1=101&oid=001&aid=0004423410
338,起亞自 경영진 노조파업 만류,https://news.naver.com/main/read.naver?mode=LSD&mid=sec&sid1=101&oid=001&aid=0004171704
339,"起亞自,승용차용 공기정화 시스템 개발",https://news.naver.com/main/read.naver?mode=LSD&mid=sec&sid1=101&oid=001&aid=0003900772
340,"뉴코란도, 사고시 손해 제일 적다",https://news.naver.com/main/read.naver?mode=LSD&mid=sec&sid1=103&oid=018&aid=0000206856
341,[자동차 구입] 주머니 사정따라 할부조건 '내맘대로',https://news.naver.com/main/read.naver?mode=LSD&mid=sec&sid1=101&oid=009&aid=0000010933
342,"現代, 起亞自 자동변속기 가격 인상",https://news.naver.com/main/read.naver?mode=LSD&mid=sec&sid1=101&oid=001&aid=0003949208
343,"[이지 Car] 출구 없는 매력, 국가대표 미니밴 '카니발'…""365일 축제를 즐기자!""",http://www.ezyeconomy.com/news/articleView.html?idxno=91582
344,[김준형의 오토 인사이드] 한국에는 없는 한국차,http://www.etoday.co.kr/news/section/newsview.php?idxno=1755145
345,[최기성의 허브車]“아빠는 슈퍼맨”…다재다능한 아빠車 ‘국산 슈퍼밴3’,http://news.mk.co.kr/newsRead.php?year=2019&no=100219
346,[오종훈의 자동차 현대사] 출시 첫날 7000대 반짝… 2인자 태생적 한계 4년 짧은 수명,http://www.hankookilbo.com/news/npath/201901221397354252?did=NA
347,[오종훈의 자동차 현대사] 3년 만에 막 내린 스펙트라의 시대,http://www.hankookilbo.com/v/b8d0b5b4c8c04bda9a1daf2d8cde0410
348,"[모터키즈 김 기자] 현대차 아슬란…""끝날 때까지 끝난 게 아니다""",http://www.etoday.co.kr/news/section/newsview.php?idxno=1279611
349,"[단독]일본 마쓰다, 체코 스코다 내년 한국서 車 판매",http://www.asiatoday.co.kr/view.php?key=20151122010012770
350,[그때 그 차들②]코란도·무쏘 지금도 10만대 이상 '씽씽',http://www.edaily.co.kr/news/newspath.asp?newsid=01154566609334808
351,"[인터뷰] 최연소 車 디자이너, 박물관장을 꿈꾸다",http://www.sisapress.com/news/articleView.html?idxno=66783
352,‘SM6의 돌풍’… 출시 한달만에 ‘국민차’쏘나타를,http://www.dt.co.kr/contents.html?article_no=2016040502100932808002
353,1998년 탄생한 `RV 맏형` 카니발 지금까지 146만여대 팔려,http://news.mk.co.kr/news_forward.php?domain=news&no=1013367&year=2014
354,[Sensibility] 나 `짐차` 아냐! 왜건의 매력 왜 몰라보니,http://news.mk.co.kr/news_forward.php?domain=news&no=1185603&year=2013
355,[역사를 바꾼 자동차 M&A 명장면] 세계 자동차 성장사 새로 쓴 현대차,http://magazine.hankyung.com/business/apps/news?popup=0&nid=01&c1=1002&nkey=2014071700971000051&mode=sub_view
356,[역사를 바꾼 자동차 M&A 명장면] 미완으로 끝난 봉고·프라이드 신화,http://magazine.hankyung.com/business/apps/news?popup=0&nid=01&c1=1002&nkey=2014070300969000351&mode=sub_view
357,[CAR]여전히 잘 나가는 서른살 ‘쏘나타’… ‘국민차’ 자부심 걸고 진화 거듭하다,http://news.donga.com/3/all/20150723/72662766/1
358,[서상범의 아!車!]‘택배 천국’ 한국은 왜건의 무덤인가?,http://biz.heraldcorp.com/view.php?ud=20150511000923
359,"기아 K5, 중고차 시장에서도 단숨에 '상위권'",http://www.zdnet.co.kr/ArticleView.asp?artice_id=20100812083924
360,[커버스토리] 국산車 생산 50년…5대 강국으로,http://www.seoul.co.kr/news/newsView.php?id=20120825001008
361,현대정공 '갤로퍼'…SUV 대중화시대 활짝,http://www.etoday.co.kr/news/section/newsview.php?TM=news&SM=0405&idxno=459414
362,‘디생디사’ 시대…디자인이 연비도 높인다,http://www.hani.co.kr/arti/economy/economy_general/478647.html
363,"대통령과 장관, 퇴근 후엔 어떤차 탈까",http://www.moneytoday.co.kr/view/mtview.php?type=1&no=2011032515061829500&outlink=1
364,차종 허물며 ‘낯선 차’들이 몰려온다,http://www.hani.co.kr/arti/economy/car/451644.html
365,[CAR & BRAND] 석동빈 기자의 ‘Driven’/KIA ‘K5’,http://news.donga.com/3/all/20100721/30022599/1
366,"[기획]쌍용차, '코란도 투리스모 샤토'…MLV 리무진 시장 정조준",https://news.naver.com/main/read.naver?mode=LSD&mid=sec&sid1=101&oid=003&aid=0005223648
367,중형차 쾌속 질주 月 3만대 첫 돌파,http://www.munhwa.com/news/view.html?no=2010070201031324025002
368,"`경기회복 신호?` 상반기 車판매, 전년비 38.7%↑(종합)",http://www.edaily.co.kr/news/newspath.asp?newsid=02358326593030256
369,`놀라워라 K5` 월 1만대 돌파..쏘나타도 추월,http://www.edaily.co.kr/news/newspath.asp?newsid=02154966593030256
370,돌풍의 핵 ‘K5’‥쏘나타 제치고 6월 내수 ‘1위’,https://news.naver.com/main/read.naver?mode=LSD&mid=sec&sid1=101&oid=003&aid=0003319377
371,"[기자파일]신차, 할인에도 한도가 있다",http://autotimes.hankyung.com/apps/news.sub_view?popup=0&nid=01&c1=01&c2=01&c3=00&nkey=201306101921451
372,“K5 판매량 따라잡기 벅차네요” 즐거운 비명,http://www.hani.co.kr/arti/economy/car/425612.html
373,[CAR & BRAND]쏘나타가 절대강자? K5·뉴 SM5 정상등정 나섰다,http://news.donga.com/3/all/20100512/28274038/1
374,K5 돌풍…쏘나타·SM5 가격낮춰,http://news.mk.co.kr/news_forward.php?no=239561&year=2010
375,"그냥 세단은 싫다, `실용`을 덧입혀라",http://www.edaily.co.kr/news/newspath.asp?newsid=01889286596350272
376,"[Cover story] 대한민국 국민차`중형`…""터줏대감은 나야 나""",http://news.mk.co.kr/news_forward.php?no=470132&year=2009
377,[신화는 계속된다 '넘버원 코리아'] <2부>월드챔피언을 노려라 ①현대모비스,http://www.segye.com/Articles/NEWS/ECONOMY/Article.asp?aid=20100914003772&subctg1=&subctg2=
378,“그림자처럼 고객 지원하는게 우리 임무죠”,https://news.naver.com/main/read.naver?mode=LSD&mid=sec&sid1=101&oid=003&aid=0002201478
379,"""30년된 포니 부품은 어디서 찾죠""",http://www.moneytoday.co.kr/view/mtview.php?type=1&no=2007110411520110700&outlink=1
380,[배동진 기자의 생생카] 살 때 좋았던 차값 할인 되팔 때 생각하면 본전,http://news20.busan.com/controller/newsController.jsp?newsId=20140331000053
381,[자동차 글로벌 경쟁시대 현지화가 살 길이다] <하> 성공 디딤돌 ‘품질’,http://www.seoul.co.kr/news/newsView.php?id=20061027003007
382,<`인기 계승한다'..신차에 옛 이름 잇따라>,https://news.naver.com/main/read.naver?mode=LSD&mid=sec&sid1=103&oid=001&aid=0001135458
383,포니 개발로 '자동차 독립국가' 선언,http://www.moneytoday.co.kr/view/mtview.php?type=1&no=2005102115521398429&outlink=1
384,"<현대차 아산공장 ""우리의 경쟁력은 적기생산"">",https://news.naver.com/main/read.naver?mode=LSD&mid=sec&sid1=101&oid=001&aid=0001807294
385,"車업체들, 중.소형 승용차 값 올리기 급급",https://news.naver.com/main/read.naver?mode=LSD&mid=sec&sid1=101&oid=001&aid=0003952122
386,"현대글로비스 시화경매장 257회차, '쏘나타·아반떼' 등 508대 출품",http://www.osen.co.kr/article/G1109652922
387,"[흔들리는 한국의 캐시카우] (1부-3) 진검승부, 품질에 달렸다",https://news.naver.com/main/read.naver?mode=LSD&mid=sec&sid1=101&oid=011&aid=0000173878
388,車에 담긴 표정·이야기 그게 디자인이죠,http://news.mk.co.kr/news_forward.php?no=185216&year=2010
389,[상반기 업종별 판매동향] 자동차/가전제품/생활용품/의류,https://news.naver.com/main/read.naver?mode=LSD&mid=sec&sid1=101&oid=009&aid=0000029207
390,[Auto World] 디자인.성능 '첨단'...신모델 새차 새천년 질주,https://news.naver.com/main/read.naver?mode=LSD&mid=sec&sid1=101&oid=009&aid=0000005583
391,아우디·BMW 등 외산차 4월부터 보험료↑,http://news1.kr/articles/1041834
392,"밀레니엄 신차, 내년 상반기 `집중'",https://news.naver.com/main/read.naver?mode=LSD&mid=sec&sid1=101&oid=001&aid=0004489390
393,"현대, 자동차협력업체에 3천억원 신용대출 지원",https://news.naver.com/main/read.naver?mode=LSD&mid=sec&sid1=101&oid=001&aid=0004352067
394,"현대, 11일쯤 자동차 경영정상화 방안 발표",https://news.naver.com/main/read.naver?mode=LSD&mid=sec&sid1=101&oid=001&aid=0004344699
395,국내외 신차·컨셉트카 ‘총출동’,https://news.naver.com/main/read.naver?mode=LSD&mid=sec&sid1=103&oid=021&aid=0000104100
396,"""자동차 10만원 할인쿠폰 이달 말까지 신청하세요""",https://news.naver.com/main/read.naver?mode=LSD&mid=sec&sid1=103&oid=011&aid=0000073384
397,"起亞, 英國 로버에 엔진부품 첫 수출",https://news.naver.com/main/read.naver?mode=LSD&mid=sec&sid1=101&oid=001&aid=0004297904
398,起亞 부품없어 승용차 생산 전면중단,https://news.naver.com/main/read.naver?mode=LSD&mid=sec&sid1=101&oid=001&aid=0004211086
399,起亞 승용차 생산 전면중단,https://news.naver.com/main/read.naver?mode=LSD&mid=sec&sid1=101&oid=001&aid=0004217057
400,起亞 승용차 생산 전면중단,https://news.naver.com/main/read.naver?mode=LSD&mid=sec&sid1=101&oid=001&aid=0004217057
401,부도난 起亞 협력업체 70% 가동중,https://news.naver.com/main/read.naver?mode=LSD&mid=sec&sid1=101&oid=001&aid=0004195848
402,起亞 경영혁신기획단 宋炳南 사장 일문일답,https://news.naver.com/main/read.naver?mode=LSD&mid=sec&sid1=101&oid=001&aid=0004194268
403,"起亞自, 협력업체 집회로 11일 조업중단",https://news.naver.com/main/read.naver?mode=LSD&mid=sec&sid1=101&oid=001&aid=0004174068
404,起亞車 미국서 두달연속 最多판매 기록,https://news.naver.com/main/read.naver?mode=LSD&mid=sec&sid1=101&oid=001&aid=0004176851
405,<特輯> 起亞사태 한달... (中) 생존을 위한 노력,https://news.naver.com/main/read.naver?mode=LSD&mid=sec&sid1=101&oid=001&aid=0004182207
406,"起亞自, 보수작업위해 4일간 임시휴무(종",https://news.naver.com/main/read.naver?mode=LSD&mid=sec&sid1=101&oid=001&aid=0004192055
407,"起亞, 내수.수출 모두 大宇 따돌려",https://news.naver.com/main/read.naver?mode=LSD&mid=sec&sid1=101&oid=001&aid=0004189045
408,<擴大鏡> 부도위기에 몰린 起亞人 가정,https://news.naver.com/main/read.naver?mode=LSD&mid=sec&sid1=101&oid=001&aid=0004141073
409,중고차값 일제히 하향 조정,https://news.naver.com/main/read.naver?mode=LSD&mid=sec&sid1=101&oid=001&aid=0004143860
410,"중고차값 일제히 하락, 거래도 `주춤'",https://news.naver.com/main/read.naver?mode=LSD&mid=sec&sid1=101&oid=001&aid=0004140051
411,“부도유예협약 이후 起亞車 더 잘 팔린다,https://news.naver.com/main/read.naver?mode=LSD&mid=sec&sid1=101&oid=001&aid=0004144218
412,<特輯> 자동차 1천만대 시대...②발전사,https://news.naver.com/main/read.naver?mode=LSD&mid=sec&sid1=101&oid=001&aid=0004143443
413,大宇 新車 現代보다 起亞시장 더 잠식,https://news.naver.com/main/read.naver?mode=LSD&mid=sec&sid1=101&oid=001&aid=0004245152
414,[댓글&태클]누리꾼이 보는 르노삼성 회생 답안은?,http://www.moneyweek.co.kr/news/mwView.php?type=1&no=2012112313328076470&outlink=1
415,起亞 러시아 칼리닌그라드 공장 가동,https://news.naver.com/main/read.naver?mode=LSD&mid=sec&sid1=101&oid=001&aid=0004223390
416,起亞自 터키공장 22일 기공,https://news.naver.com/main/read.naver?mode=LSD&mid=sec&sid1=101&oid=001&aid=0004226117
417,국산車 濠洲시장 공략 대폭 강화,https://news.naver.com/main/read.naver?mode=LSD&mid=sec&sid1=101&oid=001&aid=0004224200
418,"起亞自, 자동차생산 5백만대 돌파",https://news.naver.com/main/read.naver?mode=LSD&mid=sec&sid1=101&oid=001&aid=0004166097
419,"起亞自, 北美시장 중장기전략 수립",https://news.naver.com/main/read.naver?mode=LSD&mid=sec&sid1=101&oid=001&aid=0004122859
420,"""뻥튀기 엔진출력 표시,소비자에 보상하라""",https://news.naver.com/main/read.naver?mode=LSD&mid=sec&sid1=101&oid=008&aid=0000412244
421,"<자동차 화제> 車업체들, 공장별 역할조정 작업 한창",https://news.naver.com/main/read.naver?mode=LSD&mid=sec&sid1=101&oid=001&aid=0004114977
422,"起亞自, 아산만 제2공장 준공식",https://news.naver.com/main/read.naver?mode=LSD&mid=sec&sid1=101&oid=001&aid=0004003781
423,국내에도 레저용차량 `RV' 바람 인다,https://news.naver.com/main/read.naver?mode=LSD&mid=sec&sid1=101&oid=001&aid=0003932356
424,"起亞自, 유럽 현지사업 대폭 강화",https://news.naver.com/main/read.naver?mode=LSD&mid=sec&sid1=101&oid=001&aid=0003931526
425,<초점> 자동차 내수판매 격전 예고,https://news.naver.com/main/read.naver?mode=LSD&mid=sec&sid1=101&oid=001&aid=0003938749
426,"起亞自, 판매망 대폭 확충",https://news.naver.com/main/read.naver?mode=LSD&mid=sec&sid1=101&oid=001&aid=0003937865
427,"차명과 엠블럼, 어떻게 짓나",http://www.autotimes.co.kr/article_view.php?id=40012
428,현대車 다이너스티 도난 무방비?,https://news.naver.com/main/read.naver?mode=LSD&mid=sec&sid1=101&oid=014&aid=0000032508
429,"중고차 거래, 중형차 주춤..소.대형.지프차 인기",https://news.naver.com/main/read.naver?mode=LSD&mid=sec&sid1=101&oid=001&aid=0000054164
430,[북미시장 한국車 질주] 준중형급 세계적 메이커와 접전,https://news.naver.com/main/read.naver?mode=LSD&mid=sec&sid1=101&oid=015&aid=0000245533
431,"[럭셔리코드]'고요한 질주' i40, 프리미엄 유럽 감성 '충만'",https://cnbc.sbs.co.kr/article_hub/10000367696?division=NAVER
432,"기아자, 제69회 제네바모터쇼 참가",https://news.naver.com/main/read.naver?mode=LSD&mid=sec&sid1=101&oid=001&aid=0004521405
433,특소세인하 불구 자동차판매 계속 감소,https://news.naver.com/main/read.naver?mode=LSD&mid=sec&sid1=101&oid=001&aid=0004333344
434,<업계화제> `IMF사태'로 자동차도 실속 구매,https://news.naver.com/main/read.naver?mode=LSD&mid=sec&sid1=101&oid=001&aid=0004332857
435,제네바 모터쇼 3일 개막,https://news.naver.com/main/read.naver?mode=LSD&mid=sec&sid1=101&oid=001&aid=0004379429
436,車업계 승용차 생산 전면중단,https://news.naver.com/main/read.naver?mode=LSD&mid=sec&sid1=101&oid=001&aid=0004218097
437,"[2011연비왕]최연소 참가자, 최고령 차와 함께한 사연",http://www.asiae.co.kr/news/view.htm?idxno=2011111910023422843
438,왜건시장 빠른 속도로 커져,https://news.naver.com/main/read.naver?mode=LSD&mid=sec&sid1=101&oid=001&aid=0004182617
439,(특파원리포트)미국 車산업의 회생요건,http://www.edaily.co.kr/news/newspath.asp?newsid=01262806579977824
440,(특파원리포트)미국 車산업의 회생요건,http://www.edaily.co.kr/news/newspath.asp?newsid=01262806579977824
441,자동차업계 파업손실 만회 안간힘,https://news.naver.com/main/read.naver?mode=LSD&mid=sec&sid1=101&oid=001&aid=0004152947
442,"起亞自, 노사동석 현장경영회의 개최",https://news.naver.com/main/read.naver?mode=LSD&mid=sec&sid1=101&oid=001&aid=0004151196
443,"起亞自, 엔진장착 전자제어장치 국산화",https://news.naver.com/main/read.naver?mode=LSD&mid=sec&sid1=101&oid=001&aid=0004116165
444,[취재파일] 미 자동차 업체는 울상…정비업체는 방긋…우리나라는?,http://news.sbs.co.kr/section_news/news_read.jsp?news_id=N1000989350
445,"한국車,‘싸구려’이미지 벗는다",https://news.naver.com/main/read.naver?mode=LSD&mid=sec&sid1=101&oid=001&aid=0004049010
446,起亞도 에어백 가격 인하,https://news.naver.com/main/read.naver?mode=LSD&mid=sec&sid1=101&oid=001&aid=0003947221
447,"起亞自, 4바퀴 조향장치 개발",https://news.naver.com/main/read.naver?mode=LSD&mid=sec&sid1=101&oid=001&aid=0003949796
448,"現代 아반떼,6개월째 내수 1位",https://news.naver.com/main/read.naver?mode=LSD&mid=sec&sid1=101&oid=001&aid=0003948789
449,하반기 車업체 생산능력 28만대 증가,https://news.naver.com/main/read.naver?mode=LSD&mid=sec&sid1=101&oid=001&aid=0003944414
450,[서울모터쇼] 車의 경연…경품車도 9대,https://news.naver.com/main/read.naver?mode=LSD&mid=sec&sid1=101&oid=081&aid=0000037638
451,"""급발진사고車 외부만 고친 것은 잘못""",https://news.naver.com/main/read.naver?mode=LSD&mid=sec&sid1=103&oid=001&aid=0000793836
452,`과대 표시` 파문,https://news.naver.com/main/read.naver?mode=LSD&mid=sec&sid1=103&oid=019&aid=0000059337
453,[머투초대석]정태선 사장은 누구인가,https://news.naver.com/main/read.naver?mode=LSD&mid=sec&sid1=101&oid=008&aid=0000309527
454,중고차값 하락세 지속..하락폭은 줄어,https://news.naver.com/main/read.naver?mode=LSD&mid=sec&sid1=101&oid=001&aid=0000129374
455,[상품시세] 중고차,https://news.naver.com/main/read.naver?mode=LSD&mid=sec&sid1=101&oid=009&aid=0000190653
456,[현장기자] 변명급급한 자동차업체들,https://news.naver.com/main/read.naver?mode=LSD&mid=sec&sid1=102&oid=005&aid=0000060764
457,‘뻥튀기’ 엔진출력 표시 무더기 적발,https://news.naver.com/main/read.naver?mode=LSD&mid=sec&sid1=101&oid=005&aid=0000041855
458,자동차 출력 허위표시 적발,https://news.naver.com/main/read.naver?mode=LSD&mid=sec&sid1=102&oid=015&aid=0000330877
459,'500만원' 미만으로 살 수 있는 생애 첫 중고차?,http://www.moneytoday.co.kr/view/mtview.php?type=1&no=2010021614072642421&outlink=1
460,자동차 출력 허위표시 적발,https://news.naver.com/main/read.naver?mode=LSD&mid=sec&sid1=102&oid=015&aid=0000330877
461,'500만원' 미만으로 살 수 있는 생애 첫 중고차?,http://www.moneytoday.co.kr/view/mtview.php?type=1&no=2010021614072642421&outlink=1
462,"소보원, ""자동차관련 소비자 피해 급증""",https://news.naver.com/main/read.naver?mode=LSD&mid=sec&sid1=101&oid=001&aid=0004512967
463,<확대경>‘승용차 안테나가 사라진다’,https://news.naver.com/main/read.naver?mode=LSD&mid=sec&sid1=101&oid=001&aid=0004427838
464,起亞車 특별할인판매 중단,https://news.naver.com/main/read.naver?mode=LSD&mid=sec&sid1=101&oid=001&aid=0004141127
465,"車업체, 무이자할부로 한대당 5만원 이상 추가부담",https://news.naver.com/main/read.naver?mode=LSD&mid=sec&sid1=101&oid=001&aid=0004247271
466,자동차 수출 회복 기미,https://news.naver.com/main/read.naver?mode=LSD&mid=sec&sid1=101&oid=001&aid=0004221521
467,"중고차 값, 성수기 불구 큰 폭 하락",https://news.naver.com/main/read.naver?mode=LSD&mid=sec&sid1=101&oid=001&aid=0004220803
468,"起亞自, 작년매출 6조6천억원",https://news.naver.com/main/read.naver?mode=LSD&mid=sec&sid1=101&oid=001&aid=0004165906
469,해치백 ‘세피아 레오’ 발매,https://news.naver.com/main/read.naver?mode=LSD&mid=sec&sid1=101&oid=001&aid=0004079325
470,제네바 모터쇼 개막,https://news.naver.com/main/read.naver?mode=LSD&mid=sec&sid1=101&oid=001&aid=0004106896
471,<자동차 화제>車 선택품목 묶어팔기 여전,https://news.naver.com/main/read.naver?mode=LSD&mid=sec&sid1=101&oid=001&aid=0004038510
472,"한국 車업체 신차 개발,‘외양 변화’에 치",https://news.naver.com/main/read.naver?mode=LSD&mid=sec&sid1=101&oid=001&aid=0004037522
473,"起亞自, 디트로이트 모터쇼 참가",https://news.naver.com/main/read.naver?mode=LSD&mid=sec&sid1=101&oid=001&aid=0004048502
474,계열사 직원 친인척에 車 파격적 할인,https://news.naver.com/main/read.naver?mode=LSD&mid=sec&sid1=101&oid=001&aid=0003956808
475,"[자동차]어코드·푸조307·볼보C30 '제네시스, 한판 붙자!’ - 국산차와 경쟁하는 수입차?",http://www.prosumero.com/cp/view.asp?vol_no=22&art_no=31&sec_cd=1002
476,서울모터쇼에서 ‘0.00001%’의 행운을 잡은 사람들,http://www.heraldbiz.com/SITE/data/html_dir/2007/04/25/200704250163.asp
477,'엔진 출력 과장 광고' 보상은 시늉만,https://news.naver.com/main/read.naver?mode=LSD&mid=sec&sid1=115&oid=052&aid=0000077640
478,신차 판매 줄어 중고차물량 감소,https://news.naver.com/main/read.naver?mode=LSD&mid=sec&sid1=101&oid=014&aid=0000141190
479,"엔진출력과장,국내소비자는 봉?",https://news.naver.com/main/read.naver?mode=LSD&mid=sec&sid1=115&oid=052&aid=0000038140
480,"엔진출력과장,국내소비자는 봉?",https://news.naver.com/main/read.naver?mode=LSD&mid=sec&sid1=115&oid=052&aid=0000038140
481,공기필터 기준미달,https://news.naver.com/main/read.naver?mode=LSD&mid=sec&sid1=101&oid=019&aid=0000036460
482,차량가격대비 사고 수리비 티코가 가장 비싸다,https://news.naver.com/main/read.naver?mode=LSD&mid=sec&sid1=101&oid=005&aid=0000108888
483,"[자동차 특집]렌터카, 번호판 '허'아니면 보험처리 안돼",https://news.naver.com/main/read.naver?mode=LSD&mid=sec&sid1=101&oid=020&aid=0000135757
484,‘에어컨 필터’없는 승용차 많다,https://news.naver.com/main/read.naver?mode=LSD&mid=sec&sid1=102&oid=005&aid=0000060375
485,특소세 인하에 따라 자동차가격 일제히 인하,https://news.naver.com/main/read.naver?mode=LSD&mid=sec&sid1=101&oid=001&aid=0004289771
486,중고차값 곤두박질 행진,https://news.naver.com/main/read.naver?mode=LSD&mid=sec&sid1=101&oid=001&aid=0004292991
487,<케이블TV> 홈쇼핑 자동차 판매 첫날 2백90대 팔아,https://news.naver.com/main/read.naver?mode=LSD&mid=sec&sid1=103&oid=001&aid=0004298439
488,<확대경> 97 서울 모터쇼 결산,https://news.naver.com/main/read.naver?mode=LSD&mid=sec&sid1=101&oid=001&aid=0004276278
489,"現代自, 내년에 3개 차종 승용新車 잇따라 출시",https://news.naver.com/main/read.naver?mode=LSD&mid=sec&sid1=101&oid=001&aid=0004236338
490,내수 부진속에 할인판매 열풍,https://news.naver.com/main/read.naver?mode=LSD&mid=sec&sid1=101&oid=001&aid=0004093135
491,<비망록> 경쟁사 깎아내리기 광고 성행,https://news.naver.com/main/read.naver?mode=LSD&mid=sec&sid1=101&oid=001&aid=0004063018
492,시판차 연비와 표시연비의 차이,https://news.naver.com/main/read.naver?mode=LSD&mid=sec&sid1=100&oid=001&aid=0004134260
493,<擴大鏡> 라이벌기업 95년도 영업실적 비교,https://news.naver.com/main/read.naver?mode=LSD&mid=sec&sid1=101&oid=001&aid=0004106209
494,"제조업 `빅 10', 전자.자동차.정유업체 포진",https://news.naver.com/main/read.naver?mode=LSD&mid=sec&sid1=101&oid=001&aid=0004005167
495,자동차 新모델 판매호조,https://news.naver.com/main/read.naver?mode=LSD&mid=sec&sid1=101&oid=001&aid=0003954705
496,단일품목 월간매출 1천억원 시대,https://news.naver.com/main/read.naver?mode=LSD&mid=sec&sid1=101&oid=001&aid=0003943577
497,斷種 앞둔 車 파격적 할인판매,https://news.naver.com/main/read.naver?mode=LSD&mid=sec&sid1=101&oid=001&aid=0003999729
498,게시판,https://news.naver.com/main/read.naver?mode=LSD&mid=sec&sid1=101&oid=001&aid=0003990643
499,자동차 시장의 '노장'은 누구?,http://www.e2news.com/news/articleView.html?idxno=43345
