,title,url
0,"국산 경차 30년, 얼마나 커지고 비싸졌나",http://autotimes.hankyung.com/apps/news.sub_view?popup=0&nid=02&c1=02&c2=02&c3=00&nkey=202109240650131
1,"기아차[00270], 비스토 단종 `당분간 없던 일로'",https://news.naver.com/main/read.naver?mode=LSD&mid=sec&sid1=101&oid=001&aid=0000345595
2,기아 비스토 경차 안전도 1위,https://news.naver.com/main/read.naver?mode=LSD&mid=sec&sid1=101&oid=005&aid=0000118127
3,"현대.기아, 2000년형 아토스.비스토로 경차시장 공략나서",https://news.naver.com/main/read.naver?mode=LSD&mid=sec&sid1=101&oid=015&aid=0000196266
4,기아차 `비스토 연비왕 선발대회`,https://news.naver.com/main/read.naver?mode=LSD&mid=sec&sid1=105&oid=029&aid=0000027225
5,기아 새 경차 `비스토'로 명명,https://news.naver.com/main/read.naver?mode=LSD&mid=sec&sid1=101&oid=001&aid=0004524016
6,"""기아 `비스토', 시동불량 품질개선 권고""<소보원>",https://news.naver.com/main/read.naver?mode=LSD&mid=sec&sid1=101&oid=001&aid=0000185483
7,"<신제품> 기아, 비스토 등 신차 2종 본격 판매",https://news.naver.com/main/read.naver?mode=LSD&mid=sec&sid1=101&oid=001&aid=0004578090
8,"기아차, 비스토 연비왕 선발대회",https://news.naver.com/main/read.naver?mode=LSD&mid=sec&sid1=101&oid=018&aid=0000033280
9,"기아 `비스토', 대학생 시승단 운영",https://news.naver.com/main/read.naver?mode=LSD&mid=sec&sid1=101&oid=001&aid=0004533898
10,기아 ‘프라이드’ 되살아난다…비스토·아토스 후속모델명에 재사용,https://news.naver.com/main/read.naver?mode=LSD&mid=sec&sid1=101&oid=005&aid=0000106247
11,기아 2002년형 뉴 비스토 시판,https://news.naver.com/main/read.naver?mode=LSD&mid=sec&sid1=101&oid=001&aid=0000163673
12,[오종훈의 자동차 현대사] 모닝의 조상 ‘비스토’,http://www.hankookilbo.com/v/0309acb0be8545aa86163e8675939f2d
13,< M 인터뷰 >“완전자율주행 시대까진 아직 먼 길… 정부 지원대책 제대로 세워야”,http://www.munhwa.com/news/view.html?no=2021052801031739176001
14,"기아차, 비스토등 구매고객 대상 할부금리 ‘5%’",https://news.naver.com/main/read.naver?mode=LSD&mid=sec&sid1=101&oid=014&aid=0000065869
15,엔진 향상 '비스토 터보' 시판..기아차,https://news.naver.com/main/read.naver?mode=LSD&mid=sec&sid1=101&oid=015&aid=0000307907
16,비스토 가장 안전,https://news.naver.com/main/read.naver?mode=LSD&mid=sec&sid1=101&oid=019&aid=0000004229
17,"[김준형의 오토 인사이드] B필러 없는 기아차 레이, 불안한가요?",https://www.etoday.co.kr/news/view/1914395
18,비스토 경차중 가장 안전,https://news.naver.com/main/read.naver?mode=LSD&mid=sec&sid1=102&oid=021&aid=0000001319
19,[하이빔]코로나19가 군불 피우는 경차 부활,http://autotimes.hankyung.com/apps/news.sub_view?popup=0&nid=01&c1=01&c2=01&c3=00&nkey=202005211039461
20,"[오종훈의 자동차 현대사] 기아차 합병 첫 모델, 안전 강조했지만",http://www.hankookilbo.com/v/decf95d2eec94064ac8b458127b7d420
21,기아車 키운 `경차의 힘`…모닝 100만대 돌파 초읽기,http://news.mk.co.kr/newsRead.php?year=2017&no=734922
22,기아車 경차 판매 16년만에 100만대 고지 넘어서,http://app.yonhapnews.co.kr/YNA/Basic/SNS/r.aspx?c=AKR20150529168600003&did=1195m
23,"[ESC] 한 번 무너졌던 경차 시장, 다시 살아날 수 있을까",https://www.hani.co.kr/arti/specialsection/esc_section/1022838.html
24,[시승기] 눈부시게 화려해진 기아 올 뉴 모닝,http://www.rpm9.com/news/article.html?id=20170210090010
25,기아 1000cc급 `모닝` 내달 출시,https://news.naver.com/main/read.naver?mode=LSD&mid=sec&sid1=101&oid=021&aid=0000058222
26,<단독>현대차 ‘투싼ix’을 기아차 공장서 생산,http://www.heraldbiz.com/SITE/data/html_dir/2009/09/01/200909010317.asp
27,기아차 年판매량 300만대 ‘카운트다운’,http://news.donga.com/3/all/20141222/68725252/1
28,"현대기아차, 판촉행사 강화",https://news.naver.com/main/read.naver?mode=LSD&mid=sec&sid1=105&oid=030&aid=0000025688
29,"현대차 캐스퍼 안착은 아직 장담 못 해, 경차 외면과 싸움은 이제 시작",https://www.businesspost.co.kr/BP?command=article_view&num=251161
30,"기아차, 승용차 할부금리 5%로 인하",https://news.naver.com/main/read.naver?mode=LSD&mid=sec&sid1=101&oid=018&aid=0000023017
31,"[맞수 기업 대격돌]현대차-기아차, 같은 엔진 같은 플랫폼… 디자인서 운명 갈린다",http://www.etoday.co.kr/news/section/newsview.php?idxno=686704
32,자동차 할판경쟁 '후끈'..기아 금리 5%로 낮춰,https://news.naver.com/main/read.naver?mode=LSD&mid=sec&sid1=101&oid=015&aid=0000604694
33,기아車 ‘소울’ 7월 출시… 벌써 구입 대기,http://www.munhwa.com/news/view.html?no=2008031401031524302002
34,"기아차 뉴모닝,'초고속 질주' 비결은?",http://www.moneytoday.co.kr/view/mtview.php?type=1&no=2008011516470885818&outlink=1
35,현대차 “기아차 좀 빌립시다”,https://news.naver.com/main/read.naver?mode=LSD&mid=sec&sid1=101&oid=081&aid=0000077982
36,"[거래소] 현대·기아차 ""월드컵 1주년 판촉 강화""(상보)",https://news.naver.com/main/read.naver?mode=LSD&mid=sec&sid1=101&oid=008&aid=0000287742
37,"[거래소] 기아차 ""5월 대대적 할인판매 돌입""",https://news.naver.com/main/read.naver?mode=LSD&mid=sec&sid1=101&oid=008&aid=0000278572
38,"[거래소] 경차활성화법안, 현대-기아차 불리..세종",https://news.naver.com/main/read.naver?mode=LSD&mid=sec&sid1=101&oid=008&aid=0000248171
39,가장 스트레스 주는 車…기아 ‘레토나’,https://news.naver.com/main/read.naver?mode=LSD&mid=sec&sid1=101&oid=014&aid=0000047527
40,"기아.대우車, 경차규격 확대문제 또 격돌",https://news.naver.com/main/read.naver?mode=LSD&mid=sec&sid1=101&oid=015&aid=0000554945
41,"현대 경차 포기, 기아 사업 인수",https://news.naver.com/main/read.naver?mode=LSD&mid=sec&sid1=101&oid=009&aid=0000225255
42,"대우차-기아차, 승용차 시장 2위 놓고 접전",https://news.naver.com/main/read.naver?mode=LSD&mid=sec&sid1=101&oid=015&aid=0000376362
43,<특집> 현대 기아인수 1년...(1)평가와 전망,https://news.naver.com/main/read.naver?mode=LSD&mid=sec&sid1=101&oid=001&aid=0004561254
44,"기아, 지난달 최대 월별수출량 기록",https://news.naver.com/main/read.naver?mode=LSD&mid=sec&sid1=101&oid=001&aid=0004539432
45,"<회전목마> 현대차.기아차, 첫 공동 신차전시회 개최",https://news.naver.com/main/read.naver?mode=LSD&mid=sec&sid1=101&oid=001&aid=0004515129
46,"[기획]국산 경차, 얼마나 커지고 발전했나",http://autotimes.hankyung.com/apps/news.sub_view?popup=0&nid=01&c1=01&c2=01&c3=00&nkey=201506291058221
47,[車vs車①] 모닝 vs 스파크 vs 포투,http://www.ekn.kr/news/article.html?no=211419
48,"'티코부터 모닝·스파크까지' 24세 경차, 얼마나 자랐을까",http://www.mt.co.kr/view/mtview.php?type=1&no=2015080510230729278&outlink=1
49,[국산차] 실속있는 경차 타세요,https://news.naver.com/main/read.naver?mode=LSD&mid=sec&sid1=111&oid=009&aid=0000287132
50,[파워브랜드-경승용차] ‘마티즈’ 브랜드 인지도 90% 넘어,https://news.naver.com/main/read.naver?mode=LSD&mid=sec&sid1=103&oid=014&aid=0000010996
51,대우 경차 점유율 10개월만에 70% 밑돌아,https://news.naver.com/main/read.naver?mode=LSD&mid=sec&sid1=101&oid=001&aid=0004511308
52,1월 29일 뉴스마당,https://news.naver.com/main/read.naver?mode=LSD&mid=sec&sid1=101&oid=028&aid=0000042836
53,정부 경차 활성화 대책 마련돼도 실효는 내년부터나,https://news.naver.com/main/read.naver?mode=LSD&mid=sec&sid1=105&oid=029&aid=0000018021
54,[성공의 조건] '대우자동차 마티즈' .. 여성.젊은층 어필,https://news.naver.com/main/read.naver?mode=LSD&mid=sec&sid1=101&oid=015&aid=0000343378
55,"차업계, 차 개발계획 무더기 `제동'",https://news.naver.com/main/read.naver?mode=LSD&mid=sec&sid1=101&oid=001&aid=0000384649
56,[매경 AUTO 월드] 뚝 떨어진 車연비 내 차는 과연?,https://news.naver.com/main/read.naver?mode=LSD&mid=sec&sid1=111&oid=009&aid=0000293168
57,3월 자동차판매 전월비 10.9%↑(종합),https://news.naver.com/main/read.naver?mode=LSD&mid=sec&sid1=101&oid=018&aid=0000021864
58,"경차, 지금살까 내년에 살까",https://news.naver.com/main/read.naver?mode=LSD&mid=sec&sid1=101&oid=020&aid=0000181712
59,경차 전성기 다시오나,https://news.naver.com/main/read.naver?mode=LSD&mid=sec&sid1=101&oid=032&aid=0000008188
60,[Auto World] 자동차 색상 다양해져,https://news.naver.com/main/read.naver?mode=LSD&mid=sec&sid1=101&oid=009&aid=0000128997
61,"자동차업체 ""복권특수를 잡아라""",https://news.naver.com/main/read.naver?mode=LSD&mid=sec&sid1=101&oid=015&aid=0000273719
62,[매일경제+] 경차 제2전성기?,https://news.naver.com/main/read.naver?mode=LSD&mid=sec&sid1=111&oid=009&aid=0000275200
63,"자동차 3사, 경차경쟁 본격화",https://news.naver.com/main/read.naver?mode=LSD&mid=sec&sid1=101&oid=015&aid=0000307168
64,"[기업] 현대.기아차, 싼타페.아토스.비스토 리콜",https://news.naver.com/main/read.naver?mode=LSD&mid=sec&sid1=101&oid=008&aid=0000086244
65,"“작으면 뭐 어때, 쌩쌩 잘 달리잖아”",http://moneys.mt.co.kr/news/mwView.php?no=2021101518228066364
66,티코에서 캐스퍼까지… 국산 경차 도입 30년,http://moneys.mt.co.kr/news/mwView.php?no=2021100817228068197
67,[기자수첩] '캐스퍼'의 성공적 출발이 갖는 의미,http://www.newsfreezone.co.kr/news/articleView.html?idxno=338154
68,文대통령 효과?… ‘캐스퍼’ 올 생산 목표 2배 ‘완판’,https://www.seoul.co.kr/news/newsView.php?id=20210928021005&wlog_tag3=naver
69,“돌아온 경차 전성시대”…현대차 캐스퍼가 다시 여는 10만 대 시장,https://magazine.hankyung.com/business/article/202109157235b
70,[뉴스큐] 현대차 경형 SUV '캐스퍼' 열풍...경차 전성시대 오나?,https://www.ytn.co.kr/_ln/0102_202109151717460711
71,"[모델 히스토리] 이탈리아 시티카의 아이콘, 피아트 판다 히스토리",https://hankookilbo.com/News/Read/A2021093007530001116?did=NA
72,고유가 종료ㆍ차급 대형화에 밀린 경차 판매…2010년래 최저,http://www.etoday.co.kr/news/section/newsview.php?idxno=1808561
73,[미디어 핫 토픽] 경차 전성시대 다시 열릴까,https://www.yeongnam.com/web/view.php?key=20210902010000206
74,[스페셜 리포트] 질주 멈춘 '경차'…10년 만에 판매 반 토막,https://www.etoday.co.kr/news/view/1984644
75,[콕 포인트] 경차시장 1위 탈환 `3세대 모닝`…더 상쾌해진 당신의 아침,http://news.mk.co.kr/newsRead.php?year=2017&no=607839
76,'경차=국민차' 옛말… 이젠 SUV가 생애 첫 차,http://news.hankyung.com/article/2018021821251
77,경자동차 이야기: 대한민국 경차의 역사 (하),http://ppss.kr/archives/56530
78,추억의 책장을 넘기며 지금은 떠나보낸 첫 차를 그려본다.,http://travel.donga.com/3/all/20160615/78674707/1
79,[공동기획] '창원산단 대표업종 대표제품' 글로벌 경쟁력 진단 (3) 한국지엠 경차,http://www.knnews.co.kr/news/articleView.php?idxno=1157740
80,소형SUV에 밀려…경차 年10만대 판매 위태,http://news.mk.co.kr/newsRead.php?no=942293&year=2020
81,[김준형의 오토 인사이드] 불황의 역설…경차가 잘 팔린다고?,https://www.etoday.co.kr/news/view/1924898
82,"현대車, 경차생산 아웃소싱 .. 아토스.비스토등 용역업체에 맡겨",https://news.naver.com/main/read.naver?mode=LSD&mid=sec&sid1=101&oid=015&aid=0000465329
83,스파크 3형제 특명 ‘경차 1위 탈환하라’,http://www.hani.co.kr/arti/economy/car/587643.html
84,"국내 경차 규격, 수입차 차별 논란 제기",http://autotimes.hankyung.com/apps/news.sub_view?popup=0&nid=03&c1=03&c2=03&c3=00&nkey=201212211820431
85,"토끼띠 자동차, 어떤 게 있나",http://www.autotimes.co.kr/article_view.php?id=102257
86,올해 '경차'판매 역대최다..10대중 한대 팔려,https://news.naver.com/main/read.naver?mode=LSD&mid=sec&sid1=103&oid=001&aid=0004833000
87,[CAR&] 당신을 사로잡을 뉴 쏘나타ㆍSM5,http://news.mk.co.kr/news_forward.php?no=446957&year=2009
88,"[시승기] '로체 이노베이션'‥""핸들에서 기어 변속…다이내믹하네요""",http://www.hankyung.com/news/app/newsview.php?aid=2008072390561
89,경차 '제2 전성기'…올해 판매 사상 최고치 예상,http://www.cbs.co.kr/nocut/Show.asp?IDX=1471469
90,고유가로 경차 판매 늘어,https://news.naver.com/main/read.naver?mode=LSD&mid=sec&sid1=105&oid=009&aid=0000281154
91,`高유가 시대` 경차·소형차 인기,https://news.naver.com/main/read.naver?mode=LSD&mid=sec&sid1=101&oid=021&aid=0000088652
92,경차·준중형차 시장 달아오른다,https://news.naver.com/main/read.naver?mode=LSD&mid=sec&oid=032&aid=0000052399
93,[국산차] 올 여름휴가 새車로 떠나볼까,https://news.naver.com/main/read.naver?mode=LSD&mid=sec&sid1=111&oid=009&aid=0000299475
94,경차규격 1000cc 미만으로 확대,https://news.naver.com/main/read.naver?mode=LSD&mid=sec&sid1=101&oid=019&aid=0000028440
95,[파워브랜드-] 자동차 3社 부문별 1위 ‘황금분할’,https://news.naver.com/main/read.naver?mode=LSD&mid=sec&sid1=103&oid=014&aid=0000010998
96,자동차 조립전문社 등장,https://news.naver.com/main/read.naver?mode=LSD&mid=sec&sid1=101&oid=009&aid=0000200035
97,[상품시세] 중고차/가전/컴퓨터,https://news.naver.com/main/read.naver?mode=LSD&mid=sec&sid1=101&oid=009&aid=0000120266
98,"현대차,경차 손뗀다... 월드카 집중",https://news.naver.com/main/read.naver?mode=LSD&mid=sec&sid1=101&oid=015&aid=0000377911
99,[상품시세] 중고차/가전/컴퓨터 용품,https://news.naver.com/main/read.naver?mode=LSD&mid=sec&sid1=101&oid=009&aid=0000108747
100,[공동기획] '창원산단 대표업종 대표제품' 글로벌 경쟁력 진단 (3) 한국지엠 경차,http://www.knnews.co.kr/news/articleView.php?idxno=1157740
101,소형SUV에 밀려…경차 年10만대 판매 위태,http://news.mk.co.kr/newsRead.php?no=942293&year=2020
102,[김준형의 오토 인사이드] 불황의 역설…경차가 잘 팔린다고?,https://www.etoday.co.kr/news/view/1924898
103,"현대車, 경차생산 아웃소싱 .. 아토스.비스토등 용역업체에 맡겨",https://news.naver.com/main/read.naver?mode=LSD&mid=sec&sid1=101&oid=015&aid=0000465329
104,스파크 3형제 특명 ‘경차 1위 탈환하라’,http://www.hani.co.kr/arti/economy/car/587643.html
105,"국내 경차 규격, 수입차 차별 논란 제기",http://autotimes.hankyung.com/apps/news.sub_view?popup=0&nid=03&c1=03&c2=03&c3=00&nkey=201212211820431
106,"토끼띠 자동차, 어떤 게 있나",http://www.autotimes.co.kr/article_view.php?id=102257
107,올해 '경차'판매 역대최다..10대중 한대 팔려,https://news.naver.com/main/read.naver?mode=LSD&mid=sec&sid1=103&oid=001&aid=0004833000
108,[CAR&] 당신을 사로잡을 뉴 쏘나타ㆍSM5,http://news.mk.co.kr/news_forward.php?no=446957&year=2009
109,"[시승기] '로체 이노베이션'‥""핸들에서 기어 변속…다이내믹하네요""",http://www.hankyung.com/news/app/newsview.php?aid=2008072390561
110,[CAR&] 당신을 사로잡을 뉴 쏘나타ㆍSM5,http://news.mk.co.kr/news_forward.php?no=446957&year=2009
111,"[시승기] '로체 이노베이션'‥""핸들에서 기어 변속…다이내믹하네요""",http://www.hankyung.com/news/app/newsview.php?aid=2008072390561
112,경차 '제2 전성기'…올해 판매 사상 최고치 예상,http://www.cbs.co.kr/nocut/Show.asp?IDX=1471469
113,고유가로 경차 판매 늘어,https://news.naver.com/main/read.naver?mode=LSD&mid=sec&sid1=105&oid=009&aid=0000281154
114,`高유가 시대` 경차·소형차 인기,https://news.naver.com/main/read.naver?mode=LSD&mid=sec&sid1=101&oid=021&aid=0000088652
115,경차·준중형차 시장 달아오른다,https://news.naver.com/main/read.naver?mode=LSD&mid=sec&oid=032&aid=0000052399
116,[국산차] 올 여름휴가 새車로 떠나볼까,https://news.naver.com/main/read.naver?mode=LSD&mid=sec&sid1=111&oid=009&aid=0000299475
117,경차규격 1000cc 미만으로 확대,https://news.naver.com/main/read.naver?mode=LSD&mid=sec&sid1=101&oid=019&aid=0000028440
118,[파워브랜드-] 자동차 3社 부문별 1위 ‘황금분할’,https://news.naver.com/main/read.naver?mode=LSD&mid=sec&sid1=103&oid=014&aid=0000010998
119,자동차 조립전문社 등장,https://news.naver.com/main/read.naver?mode=LSD&mid=sec&sid1=101&oid=009&aid=0000200035
120,[국산차] 올 여름휴가 새車로 떠나볼까,https://news.naver.com/main/read.naver?mode=LSD&mid=sec&sid1=111&oid=009&aid=0000299475
121,경차규격 1000cc 미만으로 확대,https://news.naver.com/main/read.naver?mode=LSD&mid=sec&sid1=101&oid=019&aid=0000028440
122,[파워브랜드-] 자동차 3社 부문별 1위 ‘황금분할’,https://news.naver.com/main/read.naver?mode=LSD&mid=sec&sid1=103&oid=014&aid=0000010998
123,자동차 조립전문社 등장,https://news.naver.com/main/read.naver?mode=LSD&mid=sec&sid1=101&oid=009&aid=0000200035
124,[상품시세] 중고차/가전/컴퓨터,https://news.naver.com/main/read.naver?mode=LSD&mid=sec&sid1=101&oid=009&aid=0000120266
125,"현대차,경차 손뗀다... 월드카 집중",https://news.naver.com/main/read.naver?mode=LSD&mid=sec&sid1=101&oid=015&aid=0000377911
126,[상품시세] 중고차/가전/컴퓨터 용품,https://news.naver.com/main/read.naver?mode=LSD&mid=sec&sid1=101&oid=009&aid=0000108747
127,[상반기 업종별 판매동향] 자동차/가전제품/생활용품/의류,https://news.naver.com/main/read.naver?mode=LSD&mid=sec&sid1=101&oid=009&aid=0000029207
128,"신차발표회, 호텔서 이벤트 행사로 전환",https://news.naver.com/main/read.naver?mode=LSD&mid=sec&sid1=101&oid=015&aid=0000197716
129,"""자동차관련 정책 표류""<삼성증권>",https://news.naver.com/main/read.naver?mode=LSD&mid=sec&sid1=101&oid=001&aid=0000383555
130,국제유가 급등여파 경·소형자 잘팔린다,https://news.naver.com/main/read.naver?mode=LSD&mid=sec&sid1=101&oid=005&aid=0000139834
131,[비약하는 자동차 산업] “GM대우차 올해 돌풍”,https://news.naver.com/main/read.naver?mode=LSD&mid=sec&sid1=101&oid=014&aid=0000054820
132,승용차값 2년새 상당폭 상승,https://news.naver.com/main/read.naver?mode=LSD&mid=sec&sid1=101&oid=009&aid=0000260464
133,[상품시세] 가전제품/컴퓨터 용품/중고차 시세,https://news.naver.com/main/read.naver?mode=LSD&mid=sec&sid1=101&oid=009&aid=0000104774
134,[자동차]건교부 경차충돌시험 잣대 논란,https://news.naver.com/main/read.naver?mode=LSD&mid=sec&sid1=101&oid=020&aid=0000150341
135,"현대자동차, 별도법인서 경차 생산 .. 아토스.비스토등 용역업체에 맡겨",https://news.naver.com/main/read.naver?mode=LSD&mid=sec&sid1=101&oid=015&aid=0000465405
136,[車업계] SUT 개발전략 차질,https://news.naver.com/main/read.naver?mode=LSD&mid=sec&sid1=101&oid=011&aid=0000000837
137,"경승용차, 수출용으로 '진로변경'",https://news.naver.com/main/read.naver?mode=LSD&mid=sec&sid1=101&oid=015&aid=0000204725
138,"[이지 Car] ""작다고 얕보면 다친다!"" 티코부터 모닝까지 매력 만점 경차 28년사",http://www.ezyeconomy.com/news/articleView.html?idxno=94290
139,1990년대 국민차 '경차'…2000년대 후반부터 내리막길,http://www.inews24.com/view/1203298
140,"[이지 Car] ""작다고 얕보면 다친다!"" 티코부터 모닝까지 매력 만점 경차 28년사",http://www.ezyeconomy.com/news/articleView.html?idxno=94290
141,1990년대 국민차 '경차'…2000년대 후반부터 내리막길,http://www.inews24.com/view/1203298
142,누비라Ⅱ-싼타페-아토스-비스토 리콜 실시,https://news.naver.com/main/read.naver?mode=LSD&mid=sec&sid1=101&oid=020&aid=0000080046
143,‘작은 차 큰 만족’은 옛말… 국내시장 설 땅 없는 경차,http://www.sportsworldi.com/content/html/2018/09/26/20180926726011.html
144,15년 넘은 '장수차' 288만대…포니·티코도 여전히 현역,http://www.dailian.co.kr/news/view/734908/?sc=naver
145,[기획] 경차 유류세 카드시장 3파전…신한 아성에 현대·롯데카드 도전장,http://daily.hankooki.com/lpage/economy/201709/dh20170912080015138100.htm
146,"경차 한계 뛰어 넘은 톨보이, 현대 아토스",http://www.hankookilbo.com/v/2e5eeae5b2ae460db5fb9695462cef08
147,[김양혁의 명차 히스토리②] 스파크,http://www.ekn.kr/news/article.html?no=255153
148,"[칼럼]경차, 서민용인가 고급차인가",http://autotimes.hankyung.com/apps/news.sub_view?popup=0&nid=01&c1=01&c2=01&c3=00&nkey=201611090901051
149,만약 나의 첫차를 다시 고른다면?,http://www.gqkorea.co.kr/?p=72726&_C_=18
150,만약 나의 첫차를 다시 고른다면?,http://www.gqkorea.co.kr/?p=72726&_C_=18
151,모닝 vs 스파크 연말 경차大戰…스파크 판매 6천대 앞서,http://news.mk.co.kr/newsRead.php?no=739510&year=2016
152,[이달의 중고차] 중고차 시장에서 강한 ‘올 뉴 마티즈’,http://www.hankookilbo.com/v/f0cc0788cac2471489eb0ebaaa6af202
153,'더 넥스트 스파크' 돌풍 '한달 천하'로 끝난 까닭,http://www.bizwatch.co.kr/pages/view.php?uid=19605
154,[집중분석] '티코'에서 '스파크'…한국GM 경차의 역사,http://www.newsprime.co.kr/news/article.html?no=310787
155,[그때 그 차들②]코란도·무쏘 지금도 10만대 이상 '씽씽',http://www.edaily.co.kr/news/newspath.asp?newsid=01154566609334808
156,"모닝 기다려라, '차세대 스파크'가 간다",http://www.bizwatch.co.kr/pages/view.php?uid=14195
157,[현장에서]'불황탈출' 남유럽의 한국차 탐방기,http://www.edaily.co.kr/news/newspath.asp?newsid=01170966609305616
158,[숫자로 보는 산업] 100만대,http://www.hankyung.com/news/app/newsview.php?aid=2015053198371
159,"중고차사이트 ‘카가이드’, 국산차 및 수입차 시세표로 실제 매입 및 판매 가격 오픈...중고차 전액 할부시 다이렉트 최저 금리 적용",http://www.newsculture.press/view.htm?idxno=2016110412010026394
160,[Biz Solution] 해외진출 전략 선진·신흥국 달라야,http://news.mk.co.kr/newsRead.php?no=239454&year=2016
161,"""늘어나는 경차, 실속 세태 반영""",http://www.sjbnews.com/news/articleView.html?idxno=481450
162,불황 앞엔 장사 없네… 경차 판매 7년만에 뚝,http://news.donga.com/3/all/20131208/59418389/1
163,한국車 다시 한번 '유럽스타일' 꿈꾼다,http://www.edaily.co.kr/news/newspath.asp?newsid=01876166599691280
164,침체 자동차시장 경차만 ‘쌩쌩’,http://www.yonhapmidas.com/lifeeconomy/car/2012-09/120907200319_763631
165,[car&car]힘세진 '레이'…터보엔진으로 연비 '빵빵',http://www.etoday.co.kr/news/section/newsview.php?TM=news&SM=2302&idxno=631763
166,22년 역사의 경차 ‘제 3의 전성기’ 맞았다,http://www.ajnews.co.kr/common/redirect.jsp?newsId=20120614000573
167,"고유가 시대 … 경차, 다시 쾌속질주",http://www.segye.com/Articles/NEWS/ECONOMY/Article.asp?aid=20120403022767&subctg1=&subctg2=
168,경차 `티코' 최악의 車 불명예…최고는?,http://news.mk.co.kr/news_forward.php?domain=news&no=125950&year=2012
169,"최악의 車 이름은 티코, 그럼 최고는?",http://news.mk.co.kr/news_forward.php?domain=news&no=120023&year=2012
170,"[광복-70대 상품]티코, 저렴한 국민경차 '원조'",http://www.edaily.co.kr/news/newspath.asp?newsid=01108646609466664
171,"경차 값 이상하네, 무늬만 경차…가격은 준중형 맞먹어",http://news.mk.co.kr/news_forward.php?domain=news&no=405&year=2012
172,"[정비 현장] ""엔진오일 가격에 車 중고부품 교체하세요""",http://www.hankyung.com/news/app/newsview.php?aid=201403042363g
173,"[Weekly Vehicle]""문짝은 네 개가 제맛?""…홀대받는 해치백",http://www.dailian.co.kr/news/news_view.htm?id=265998&sc=naver&kind=menu_code&keys=2
174,"[Weekly Vehicle]""문짝은 네 개가 제맛?""…홀대받는 해치백",http://www.ebn.co.kr/news/n_view.html?id=523611
175,"내달 1일 출시 `신형 스파크`, 25년 경차역사 새로 쓴다!",http://www.gpkorea.com/bbs/board.php?bo_table=gp_motorsports&wr_id=12671
176,스파크는 '男' 모닝은 '女' 겨냥…가격·디자인·성능 승자는 누구?,https://cnbc.sbs.co.kr/article_hub/10000153182?division=NAVER
177,[알아봅시다] 경형승용자동차,http://www.dt.co.kr/contents.html?article_no=2010111102011832718002
178,모닝 vs 마티즈 크리에이티브 ‘경차대전’에 소비자는 즐겁다,http://www.newsen.com/news_view.php?uid=200910091756332004
179,"현대차, 한해 20만대 생산 체코공장 준공",http://www.hani.co.kr/arti/economy/car/378600.html
180,"현대차, 한해 20만대 생산 체코공장 준공",http://www.hani.co.kr/arti/economy/car/378600.html
181,경차 타면 '없는 사람'? 똑똑한 알부자!,http://www.ohmynews.com/function/portal_articleview.asp?at_code=370204
182,경기불황·고유가 희비 엇갈린 중고차,https://news.naver.com/main/read.naver?mode=LSD&mid=sec&sid1=103&oid=143&aid=0000035807
183,연료비 가장 저렴한 차는 `베르나 디젤(수동)`,https://news.naver.com/main/read.naver?mode=LSD&mid=sec&sid1=103&oid=029&aid=0000140061
184,국산차 유류비 차종따라 최대 3배 차이,http://www.hani.co.kr/arti/economy/car/132701.html
185,올해 경차판매 15만8000여대..역대 최다 전망,http://www.asiae.co.kr/news/view.htm?idxno=2010122306311255685
186,중형이하 중고차 인기..대형.고급 SUV는 부진,http://www.ajnews.co.kr/uhtml/read.jsp?idxno=200901281701187020784
187,"중고 트럭·SUV ""이럴때도 있어야""",http://www.busanilbo.com/news2000/html/2008/1110/020020081110.1020084103.html
188,"중고차 시장, 30만원 오차만 알면 알뜰 구매",http://www.nspna.com/news/index.html?mode=view&cate1_id=6&cate2_id=45&number=11547
189,SUV '부활하다'…경유값 하락세에 중고차 '인기',https://news.naver.com/main/read.naver?mode=LSD&mid=sec&sid1=101&oid=003&aid=0002357586
190,"중고 트럭·SUV ""이럴때도 있어야""",http://www.busanilbo.com/news2000/html/2008/1110/020020081110.1020084103.html
191,"중고차 시장, 30만원 오차만 알면 알뜰 구매",http://www.nspna.com/news/index.html?mode=view&cate1_id=6&cate2_id=45&number=11547
192,SUV '부활하다'…경유값 하락세에 중고차 '인기',https://news.naver.com/main/read.naver?mode=LSD&mid=sec&sid1=101&oid=003&aid=0002357586
193,高유가에 떵떵거리는 ‘다윗’,http://www.heraldbiz.com/SITE/data/html_dir/2008/03/13/200803130040.asp
194,"[M자동차] ""고유가는 버거워"" 경차 판매 `질주`",http://www.dt.co.kr/contents.html?article_no=2008022502011132691010
195,"중고차, 전 차종 하락세 구입 적기",https://news.naver.com/main/read.naver?mode=LSD&mid=sec&sid1=103&oid=003&aid=0000668042
196,"현대차, i10 국내 투입할까?",http://www.e-today.co.kr/200707/news/newsview.php?TM=news&SM=0101&idxno=144791
197,‘감세 혜택’ 경차 잘 팔린다,https://news.naver.com/main/read.naver?mode=LSD&mid=sec&sid1=101&oid=032&aid=0000050050
198,미군 충돌사고 뺑소니 5명 사상,https://news.naver.com/main/read.naver?mode=LSD&mid=sec&sid1=102&oid=028&aid=0000034670
199,[Car & Marketing] 작지만 강한車 한판 붙는다,http://news.mk.co.kr/news_forward.php?no=452673&year=2007
200,"경쟁 모델없는 차 ""무주공산이네""",http://www.moneytoday.co.kr/view/mtview.php?type=1&no=2007080715271148057&outlink=1
201,車정책 오락가락 업계 큰 혼란,https://news.naver.com/main/read.naver?mode=LSD&mid=sec&sid1=101&oid=021&aid=0000032117
202,LPG경차 이젠 누구나 탄다,http://news.mk.co.kr/news_forward.php?no=87568&year=2009
203,<표> 차급별 차명별 수리비 현황,https://news.naver.com/main/read.naver?mode=LSD&mid=sec&sid1=103&oid=001&aid=0001233106
204,"""국산 자동차 이름 속에 시대흐름이 있다""",http://www.cbs.co.kr/nocut/show.asp?idx=74828
205,LPG 경차 턱없이 비싸다,http://www.fnnews.com/view?ra=Sent0601m_01A&corp=fnnews&arcid=0922301569&cDateYear=2011&cDateMonth=05&cDateDay=05&
206,"GM대우, 경쟁시장 M/S 20% 돌파",https://news.naver.com/main/read.naver?mode=LSD&mid=sec&sid1=101&oid=018&aid=0000173653
207,고유가시대 연비 절약형 ‘RV신차-경차’ 뜬다,https://news.naver.com/main/read.naver?mode=LSD&mid=sec&sid1=101&oid=020&aid=0000241957
208,경차 업그레이드 올해도 잘달릴까,http://news.donga.com/3/all/20110121/34263112/1
209,"자동차시장, ""소비 양극화"" 현상 심화",https://news.naver.com/main/read.naver?mode=LSD&mid=sec&sid1=101&oid=008&aid=0000404824
210,‘작은차 격돌’ 모닝-마티즈,https://news.naver.com/main/read.naver?mode=LSD&mid=sec&sid1=101&oid=028&aid=0000046726
211,올 차시장 준중형·SUV 주도,https://news.naver.com/main/read.naver?mode=LSD&mid=sec&sid1=101&oid=014&aid=0000102997
212,車등급평가 보험요율 차등화를…,https://news.naver.com/main/read.naver?mode=LSD&mid=sec&sid1=101&oid=032&aid=0000033739
213,"[오토월드]""車 시키실 분"" 자동차 판매부진 탈출 마케팅 경쟁",https://news.naver.com/main/read.naver?mode=LSD&mid=sec&sid1=101&oid=020&aid=0000188413
214,큰폭 회복,https://news.naver.com/main/read.naver?mode=LSD&mid=sec&sid1=101&oid=019&aid=0000023168
215,3월 자동차판매 전월비 10.9%↑(상보),https://news.naver.com/main/read.naver?mode=LSD&mid=sec&sid1=101&oid=018&aid=0000021841
216,소형차 이하 판매비중 10% 넘어,https://news.naver.com/main/read.naver?mode=LSD&mid=sec&sid1=101&oid=018&aid=0000012106
217,[카라이프] 고유가 시대 자동차 구매 포인트,https://news.naver.com/main/read.naver?mode=LSD&mid=sec&sid1=105&oid=029&aid=0000017489
218,<가장 스트레스 많이 주는 차는?>,https://news.naver.com/main/read.naver?mode=LSD&mid=sec&sid1=101&oid=001&aid=0000301328
219,SUV.중대형車 지난해 판매 급증,https://news.naver.com/main/read.naver?mode=LSD&mid=sec&sid1=101&oid=015&aid=0000466677
220,지난해 중대형.디젤차량 판매 급증,https://news.naver.com/main/read.naver?mode=LSD&mid=sec&sid1=101&oid=001&aid=0000125021
221,"[신문로]경차·경유차 소비부진, 소비자 탓인가?",https://news.naver.com/main/read.naver?mode=LSD&mid=sec&sid1=110&oid=086&aid=0002006069
222,[상품시세] 중고차/가전제품/컴퓨터용품,https://news.naver.com/main/read.naver?mode=LSD&mid=sec&sid1=101&oid=009&aid=0000137286
223,[상품시세] 중고차/ 컴퓨터 관련용품/ 가전제품,https://news.naver.com/main/read.naver?mode=LSD&mid=sec&sid1=101&oid=009&aid=0000118384
224,[상품시세] 가전제품/컴퓨터 용품/중고차,https://news.naver.com/main/read.naver?mode=LSD&mid=sec&sid1=101&oid=009&aid=0000110736
225,[신차분석] GM대우 `마티즈 크리에이티브 LPGi`,http://www.dt.co.kr/contents.html?article_no=2010022602011132718001
226,승용차 20만~50만원 상승 .. 쏘나타/아반떼 변동 없어,https://news.naver.com/main/read.naver?mode=LSD&mid=sec&sid1=101&oid=015&aid=0000002424
227,"대우차 판매량, 현대차 바짝 추격",https://news.naver.com/main/read.naver?mode=LSD&mid=sec&sid1=101&oid=001&aid=0004513756
228,"<확대경>‘왕회장’, 아들대신 신차발표회 기념사",https://news.naver.com/main/read.naver?mode=LSD&mid=sec&sid1=101&oid=001&aid=0004572594
229,중고차값 올 들어 안정세… 하락 주도 RV 보합세,https://news.naver.com/main/read.naver?mode=LSD&mid=sec&sid1=101&oid=014&aid=0000159925
230,"<확대경>‘왕회장’, 아들대신 신차발표회 기념사",https://news.naver.com/main/read.naver?mode=LSD&mid=sec&sid1=101&oid=001&aid=0004572594
231,중고차값 올 들어 안정세… 하락 주도 RV 보합세,https://news.naver.com/main/read.naver?mode=LSD&mid=sec&sid1=101&oid=014&aid=0000159925
232,車 이래도 안사실래요 .. '내수부진' 자동차업계 갖가지 판촉 아이디어,https://news.naver.com/main/read.naver?mode=LSD&mid=sec&sid1=101&oid=015&aid=0000653558
233,車 시장도 갈수록 `빈부격차`,https://news.naver.com/main/read.naver?mode=LSD&mid=sec&sid1=100&oid=021&aid=0000041059
234,"경차 판매비중, 5% 근접..1년만에 최고",https://news.naver.com/main/read.naver?mode=LSD&mid=sec&sid1=101&oid=018&aid=0000022040
235,자동차 3월 판매 전월비 10.9% 증가,https://news.naver.com/main/read.naver?mode=LSD&mid=sec&sid1=101&oid=001&aid=0000347441
236,자동차 3월 판매 소폭 증가,https://news.naver.com/main/read.naver?mode=LSD&mid=sec&sid1=101&oid=009&aid=0000281587
237,"[카라이프] ""중고차 구입 이달 놓치지 마세요""",https://news.naver.com/main/read.naver?mode=LSD&mid=sec&sid1=105&oid=029&aid=0000015707
238,차종따라 기름값 2배이상 차이,https://news.naver.com/main/read.naver?mode=LSD&mid=sec&sid1=101&oid=032&aid=0000006972
239,"현대차, 경차 아토스 단종",https://news.naver.com/main/read.naver?mode=LSD&mid=sec&sid1=101&oid=001&aid=0000271262
240,경차 유류세 ℓ당 300원 환급,https://news.naver.com/main/read.naver?mode=LSD&mid=sec&sid1=101&oid=011&aid=0001948946
241,중대형·디젤車 판매 ‘고속질주’ LPG미니밴·경차는 ‘곤두박질’,https://news.naver.com/main/read.naver?mode=LSD&mid=sec&sid1=101&oid=005&aid=0000087650
242,경차 기름값 깎아주니 중고차 없어서 못파네,http://news.mk.co.kr/news_forward.php?no=122843&year=2008
243,[상품시세] 중고차/가전제품/컴퓨터용품,https://news.naver.com/main/read.naver?mode=LSD&mid=sec&sid1=101&oid=009&aid=0000147733
244,[상품시세] 중고차/가전제품/컴퓨터용품,https://news.naver.com/main/read.naver?mode=LSD&mid=sec&sid1=101&oid=009&aid=0000143971
245,"통행료 50%할인, 1000cc미만으로 확대",https://news.naver.com/main/read.naver?mode=LSD&mid=sec&sid1=103&oid=003&aid=0000720153
246,"중고차 거래, 중형차 주춤..소.대형.지프차 인기",https://news.naver.com/main/read.naver?mode=LSD&mid=sec&sid1=101&oid=001&aid=0000054164
247,"[거래소] ""자동차,세계경기침체로 하향""-현대",https://news.naver.com/main/read.naver?mode=LSD&mid=sec&sid1=101&oid=008&aid=0000033784
248,"내수,수출용 이름다른차 많다",https://news.naver.com/main/read.naver?mode=LSD&mid=sec&sid1=101&oid=015&aid=0000256603
249,"고유가시대, 기름값 부담 가볍다",http://www.khan.co.kr/kh_news/art_view.html?artid=200706241732351&code=920100
250,[신년기획-현대차의 힘]신흥 시장인도서 '점유율 2위' 질주,http://www.etoday.co.kr/news/section/newsview.php?TM=news&SM=2302&idxno=531008
251,2008년 이후 국내 경차시장 커진다,https://news.naver.com/main/read.naver?mode=LSD&mid=sec&sid1=101&oid=086&aid=0000045145
252,"현대차, 소형차 앞세워 印 시장 1위 노린다",http://www.etoday.co.kr/news/section/newsview.php?TM=news&SM=0405&idxno=490146
253,[블루오션을 찾아서] 대기업 : GM대우..경차시장 독보적,https://news.naver.com/main/read.naver?mode=LSD&mid=sec&sid1=101&oid=015&aid=0000840577
254,중고차 시장 거래 봄바람 살~랑,https://news.naver.com/main/read.naver?mode=LSD&mid=sec&sid1=101&oid=022&aid=0000085474
255,내년 자동차생산 크게 늘린다,https://news.naver.com/main/read.naver?mode=LSD&mid=sec&sid1=105&oid=029&aid=0000052753
256,[자동차업종] 2004년 '쾌청'..경기회복+신차효과,https://news.naver.com/main/read.naver?mode=LSD&mid=sec&sid1=101&oid=013&aid=0000018062
257,[자동차업종] 2004년 '쾌청'..경기회복+신차효과,https://news.naver.com/main/read.naver?mode=LSD&mid=sec&sid1=101&oid=013&aid=0000018037
258,[에너지관리 30년]<7>자동차 연비관리제도 강화,http://www.etnews.co.kr/news/detail.html?id=201011220099
259,"[특징주] 현대차, 사상최고 인도판매로 '신고가'",http://www.ajnews.co.kr/uhtml/read.jsp?idxno=201010140936568200623
260,[에너지관리 30년]<7>자동차 연비관리제도 강화,http://www.greendaily.co.kr/news/articleView.html?idxno=10988
261,"[특징주] 현대차, 사상최고 인도판매로 '신고가'",http://www.ajnews.co.kr/uhtml/read.jsp?idxno=201010140936568200623
262,자동차업계 '6월 판촉전' 뜨겁다 .. 내수부진 타개 각종 이벤트 풍성,https://news.naver.com/main/read.naver?mode=LSD&mid=sec&sid1=101&oid=015&aid=0000622939
263,거품걷힌 연비보고 골라요！,https://news.naver.com/main/read.naver?mode=LSD&mid=sec&sid1=101&oid=032&aid=0000018414
264,[자동차]'자동차 연비 거품' 사실이었네,https://news.naver.com/main/read.naver?mode=LSD&mid=sec&sid1=110&oid=028&aid=0000015522
265,경기침체속 소비양극화 심화,https://news.naver.com/main/read.naver?mode=LSD&mid=sec&sid1=101&oid=001&aid=0000350522
266,<경차 제2전성기 맞나-소형.준중형차 부진>,https://news.naver.com/main/read.naver?mode=LSD&mid=sec&sid1=101&oid=001&aid=0000347772
267,경차 규격확대 정부부처간 혼선..차업계 혼란,https://news.naver.com/main/read.naver?mode=LSD&mid=sec&sid1=101&oid=001&aid=0000344721
268,불황속 경차·대형차 인기 상승,https://news.naver.com/main/read.naver?mode=LSD&mid=sec&sid1=101&oid=005&aid=0000142354
269,중고차 값 줄줄이 하락..구입 최적기,https://news.naver.com/main/read.naver?mode=LSD&mid=sec&sid1=101&oid=001&aid=0000271776
270,중고차 값 줄줄이 하락..구입 최적기,https://news.naver.com/main/read.naver?mode=LSD&mid=sec&sid1=101&oid=001&aid=0000271776
271,"[거래소] 국산차 내수,15.6% 증가-20일현재",https://news.naver.com/main/read.naver?mode=LSD&mid=sec&sid1=101&oid=008&aid=0000208352
272,[상품시세] 가전/컴퓨터/중고차,https://news.naver.com/main/read.naver?mode=LSD&mid=sec&sid1=101&oid=009&aid=0000193761
273,중고차값 하락세 지속..하락폭은 줄어,https://news.naver.com/main/read.naver?mode=LSD&mid=sec&sid1=101&oid=001&aid=0000129374
274,[상품시세] 중고차,https://news.naver.com/main/read.naver?mode=LSD&mid=sec&sid1=101&oid=009&aid=0000190653
275,전기차 보험 14일부터 판매,http://www.hankyung.com/news/app/newsview.php?aid=2010041339451
276,전 차종 보합...소형.지프류 강세 .. 중고차 시세,https://news.naver.com/main/read.naver?mode=LSD&mid=sec&sid1=101&oid=015&aid=0000383889
277,[상품시세] 중고차/가전제품/컴퓨터 용품,https://news.naver.com/main/read.naver?mode=LSD&mid=sec&sid1=101&oid=009&aid=0000123991
278,[모닝 vs 마티즈 꼼꼼 비교]대한민국 경차 시장 최강자는? - 2010년형 모닝 vs 마티즈 크리에이티브,http://www.prosumero.com/cp/view.asp?vol_no=42&art_no=2&sec_cd=1001
279,<게시판> SK건설 KT마크 획득 등,https://news.naver.com/main/read.naver?mode=LSD&mid=sec&sid1=101&oid=001&aid=0004576517
280,마티즈… 모닝…‘輕車순찰차’ 등장?,http://www.heraldbiz.com/SITE/data/html_dir/2009/03/24/200903240599.asp
281,경유값 올라 국산 중고 RV 하락,http://news.mk.co.kr/news_forward.php?no=321305&year=2008
282,독일·일본 수입중고차 시세 하락…국산중고차 보합세,http://news.mk.co.kr/news_forward.php?no=253092&year=2008
283,<GM대우 '마티즈' 판매 호조..경차시장 살아날까>,https://news.naver.com/main/read.naver?mode=LSD&mid=sec&sid1=103&oid=001&aid=0001738371
284,작은 차 괄시하는 세금정책,http://www.cbs.co.kr/Nocut/Show.asp?IDX=551304
285,도심지 자율주행 가능한 무인차량 개발,http://www.etnews.co.kr/news/detail.html?id=200704240149
286,업체 외면·정부 푸대접 ‘경차’는 외로워,http://www.hani.co.kr/arti/economy/car/198997.html
287,"한국, 대형차 선호도 세계서 두번째",http://www.hani.co.kr/arti/economy/car/167551.html
288,현대 ‘베르나 디젤’ 기름값 ‘최저’,https://news.naver.com/main/read.naver?mode=LSD&mid=sec&sid1=103&oid=021&aid=0000154165
289,[오토 브리핑] 부산 혼다 D3 전시장서 미술 전시회 外,http://www.busanilbo.com/news2000/html/2006/0617/020020060617.1016160516.html
290,[오토 브리핑] 부산 혼다 D3 전시장서 미술 전시회 外,http://www.busanilbo.com/news2000/html/2006/0617/020020060617.1016160516.html
291,1만㎞ 주행 유류비 내차는 얼마나 들까,https://news.naver.com/main/read.naver?mode=LSD&mid=sec&sid1=101&oid=081&aid=0000093454
292,[글로벌 비즈니스] 인도에서 뛰는 한국 기업,https://news.naver.com/main/read.naver?mode=LSD&mid=sec&sid1=101&oid=024&aid=0000016019
293,유가 널뛰는데 ‘경차시대는 갔나’,https://news.naver.com/main/read.naver?mode=LSD&mid=sec&sid1=103&oid=029&aid=0000136478
294,고유가에도 경차는 외면…국내 유일 경차 마티즈 판매량 감소,https://news.naver.com/main/read.naver?mode=LSD&mid=sec&sid1=101&oid=143&aid=0000025080
295,<경차의 위기..점유율 3%대 추락>,https://news.naver.com/main/read.naver?mode=LSD&mid=sec&sid1=103&oid=001&aid=0001288534
296,[이슈] 소형차 안 팔린다…점유율 급감,http://news.sbs.co.kr/section_news/news_read.jsp?news_id=N1000103215
297,서민차 경차 판매 경고음 ‘뚜뚜’…왜?,http://www.hani.co.kr/arti/economy/car/118197.html
298,<AM7><백수하기자의 자동차 이야기>‘조금 편리한 자전거’가 경차다,https://news.naver.com/main/read.naver?mode=LSD&mid=sec&sid1=101&oid=021&aid=0000126450
299,취재 힘들었으나 행사 감동은 커,http://www.journalist.or.kr/media/main.html?doc=news&read=read&idx=1966
300,[이슈] 소형차 안 팔린다…점유율 급감,http://news.sbs.co.kr/section_news/news_read.jsp?news_id=N1000103215
301,서민차 경차 판매 경고음 ‘뚜뚜’…왜?,http://www.hani.co.kr/arti/economy/car/118197.html
302,<AM7><백수하기자의 자동차 이야기>‘조금 편리한 자전거’가 경차다,https://news.naver.com/main/read.naver?mode=LSD&mid=sec&sid1=101&oid=021&aid=0000126450
303,취재 힘들었으나 행사 감동은 커,http://www.journalist.or.kr/media/main.html?doc=news&read=read&idx=1966
304,경차 마티즈 “잘 나가요”,https://news.naver.com/main/read.naver?mode=LSD&mid=sec&sid1=101&oid=028&aid=0000109866
305,"""車인건비 비중, 中1.4% vs 韓10%""",http://www.moneytoday.co.kr/view/mtview.php?type=1&no=2005050115552962209&outlink=1
306,"""마티즈""에 세금 혜택 하나 추가",https://news.naver.com/main/read.naver?mode=LSD&mid=sec&sid1=103&oid=018&aid=0000234499
307,[세법시행령 어떻게 바뀌나] 비상장기업 주식 평가방식 개선,https://news.naver.com/main/read.naver?mode=LSD&mid=sec&sid1=101&oid=015&aid=0000764873
308,"경차, 탄력 받았다",https://news.naver.com/main/read.naver?mode=LSD&mid=sec&sid1=101&oid=028&aid=0000090793
309,마티즈 '제2 전성기' 왔다.. 4월 4180대 팔려나가,https://news.naver.com/main/read.naver?mode=LSD&mid=sec&sid1=101&oid=015&aid=0000706724
310,`다윗과 골리앗` 한판,https://news.naver.com/main/read.naver?mode=LSD&mid=sec&sid1=100&oid=021&aid=0000057788
311,배구·씨름 이벤트 `풍성`,https://news.naver.com/main/read.naver?mode=LSD&mid=sec&sid1=100&oid=021&aid=0000057787
312,경차 보급 ''덜컹 덜컹'',https://news.naver.com/main/read.naver?mode=LSD&mid=sec&sid1=101&oid=022&aid=0000020945
313,올해부터 달라지는 자동차 법규,https://news.naver.com/main/read.naver?mode=LSD&mid=sec&sid1=101&oid=028&aid=0000040801
314,[국산차] 경승용차 사면 등록ㆍ취득세 내년부터 면제,https://news.naver.com/main/read.naver?mode=LSD&mid=sec&sid1=101&oid=009&aid=0000335823
315,[Car & Trend] 국내 자동차시장 흥미로운 기록,https://news.naver.com/main/read.naver?mode=LSD&mid=sec&sid1=101&oid=009&aid=0000322506
316,車·가전업계 ‘특소세 혼란’,https://news.naver.com/main/read.naver?mode=LSD&mid=sec&sid1=101&oid=021&aid=0000036559
317,수입차 연비거품 국산보다 적어,https://news.naver.com/main/read.naver?mode=LSD&mid=sec&sid1=105&oid=029&aid=0000027947
318,"자동차 연비, '거품' 없앤다",https://news.naver.com/main/read.naver?mode=LSD&mid=sec&sid1=115&oid=055&aid=0000003194
319,GM대우 `꼬인다 꼬여`,https://news.naver.com/main/read.naver?mode=LSD&mid=sec&sid1=100&oid=021&aid=0000024813
320,"[거래소] 중고차가격, 5개월연속 하락",https://news.naver.com/main/read.naver?mode=LSD&mid=sec&sid1=101&oid=008&aid=0000253031
321,경차비중 올 3%대로 급락,https://news.naver.com/main/read.naver?mode=LSD&mid=sec&sid1=101&oid=021&aid=0000019124
322,현대車 인도시장서 ‘공격 경영’,https://news.naver.com/main/read.naver?mode=LSD&mid=sec&sid1=101&oid=014&aid=0000049420
323,승용차 가격 2년새 큰 폭 상승,https://news.naver.com/main/read.naver?mode=LSD&mid=sec&sid1=101&oid=019&aid=0000010506
324,"[기업] 모토로라,DSP 디자인 컨테스트 시상식",https://news.naver.com/main/read.naver?mode=LSD&mid=sec&sid1=101&oid=008&aid=0000203956
325,[중고차시세] 소형차 10~30만원 올라,https://news.naver.com/main/read.naver?mode=LSD&mid=sec&sid1=106&oid=009&aid=0000208968
326,[자동차]“輕車 이젠 별로야”…판매비중 해마다 줄어,https://news.naver.com/main/read.naver?mode=LSD&mid=sec&sid1=101&oid=020&aid=0000127785
327,"모토로라, DSP 디자인 경연대회 개최",https://news.naver.com/main/read.naver?mode=LSD&mid=sec&sid1=105&oid=031&aid=0000000229
328,현대車 경차사업 접는다,https://news.naver.com/main/read.naver?mode=LSD&mid=sec&sid1=101&oid=009&aid=0000179757
329,車 리콜 너무 잦다,https://news.naver.com/main/read.naver?mode=LSD&mid=sec&sid1=101&oid=005&aid=0000069709
330,車 리콜 너무 잦다,https://news.naver.com/main/read.naver?mode=LSD&mid=sec&sid1=101&oid=005&aid=0000069709
331,"대우車 '레조', 영국서 '가장 안전한 차' 선정",https://news.naver.com/main/read.naver?mode=LSD&mid=sec&sid1=101&oid=015&aid=0000376879
332,[파크&리조트] 아마추어 스키대회 .. 현대정유,https://sports.news.naver.com/news.nhn?oid=015&aid=0000318626
333,[2000 한경 소비자 대상 (1)] 자동차 : 대우 '마티즈II',https://news.naver.com/main/read.naver?mode=LSD&mid=sec&sid1=101&oid=015&aid=0000314239
334,[뉴스] PSINet배 인터넷 포커&바둑대회,https://news.naver.com/main/read.naver?mode=LSD&mid=sec&sid1=101&oid=008&aid=0000003753
335,"경차 공인연비 '뻥튀기'…""실제연비 60% 안팎""",https://news.naver.com/main/read.naver?mode=LSD&mid=sec&sid1=101&oid=020&aid=0000008069
336,"LG정유, 장학금 잔치로 사은 경쟁 뛰어들어",https://news.naver.com/main/read.naver?mode=LSD&mid=sec&sid1=101&oid=001&aid=0004513968
337,"SK㈜, 자동차 62대 등 10억원 상당 사은행사",https://news.naver.com/main/read.naver?mode=LSD&mid=sec&sid1=101&oid=001&aid=0004579874
338,내수 첫 100만대 기아차 ‘굿’ 모닝,http://news.heraldcorp.com/view.php?ud=20171207000562
339,"기아차 모닝, 국내 판매 100만대 돌파",http://www.kjdaily.com/read.php3?aid=1512645227425047004
340,"LG정유, 장학금 잔치로 사은 경쟁 뛰어들어",https://news.naver.com/main/read.naver?mode=LSD&mid=sec&sid1=101&oid=001&aid=0004513968
341,"SK㈜, 자동차 62대 등 10억원 상당 사은행사",https://news.naver.com/main/read.naver?mode=LSD&mid=sec&sid1=101&oid=001&aid=0004579874
342,내수 첫 100만대 기아차 ‘굿’ 모닝,http://news.heraldcorp.com/view.php?ud=20171207000562
343,"기아차 모닝, 국내 판매 100만대 돌파",http://www.kjdaily.com/read.php3?aid=1512645227425047004
344,"기아차, 16년 만에 경차 판매 100만대 돌파",http://www.ebn.co.kr/news/view/763638
345,"기아車, 1999년부터 '고효율 깜찍' 경차 100만대 팔았다",http://www.ekn.kr/news/article.html?no=137741
346,현대·기아 고수익車 생산 주력,https://news.naver.com/main/read.naver?mode=LSD&mid=sec&sid1=101&oid=021&aid=0000061044
347,"[거래소] 기아차, ""하이-파이브!! 페스티발""",https://news.naver.com/main/read.naver?mode=LSD&mid=sec&sid1=101&oid=008&aid=0000269127
348,기아 “경차사업 박차”,https://news.naver.com/main/read.naver?mode=LSD&mid=sec&sid1=101&oid=014&aid=0000057165
349,"[MK리더십] ""쏘나타, 옵티마에 한수 배우다""…기아의 재탄생",http://biz.newdaily.co.kr/news/article.html?no=10034360
350,"기아차, 경차 국내 판매 100만대 돌파",http://www.wowtv.co.kr/newscenter/news/view.asp?bcode=T30001000&artid=A201505310142
351,현대·기아 고수익車 생산 주력,https://news.naver.com/main/read.naver?mode=LSD&mid=sec&sid1=101&oid=021&aid=0000061044
352,"[거래소] 기아차, ""하이-파이브!! 페스티발""",https://news.naver.com/main/read.naver?mode=LSD&mid=sec&sid1=101&oid=008&aid=0000269127
353,기아 “경차사업 박차”,https://news.naver.com/main/read.naver?mode=LSD&mid=sec&sid1=101&oid=014&aid=0000057165
354,"[MK리더십] ""쏘나타, 옵티마에 한수 배우다""…기아의 재탄생",http://biz.newdaily.co.kr/news/article.html?no=10034360
355,"""기아차, 프로씨드 GT 국내 언제들어오나요?""",http://www.asiatoday.co.kr/news/view.asp?seq=932675
356,"<확대경> 현대.기아, 신차발매 앞두고 `호흡 안맞네'",https://news.naver.com/main/read.naver?mode=LSD&mid=sec&sid1=101&oid=001&aid=0004577559
357,현대차 '경차'-기아차 '트럭' 물량 달라.. 노-노 신경전,http://www.edaily.co.kr/news/newspath.asp?newsid=02728966602873536
358,"[서울모터쇼] 기아차, KND-7 세계 최초로 공개",http://biz.chosun.com/site/data/html_dir/2013/03/24/2013032401139.html
359,"현대 기아車, 싼타페 등 다음달부터 리콜",https://news.naver.com/main/read.naver?mode=LSD&mid=sec&sid1=101&oid=015&aid=0000408747
360,"[서울모터쇼] 기아차, KND-7 세계 최초로 공개",http://biz.chosun.com/site/data/html_dir/2013/03/24/2013032401139.html
361,"현대 기아車, 싼타페 등 다음달부터 리콜",https://news.naver.com/main/read.naver?mode=LSD&mid=sec&sid1=101&oid=015&aid=0000408747
362,MK의 기아차 사랑.. K9 신차발표회 힘 실어준다,http://www.edaily.co.kr/news/newspath.asp?newsid=01148006599524656
363,현대·기아차 “생산공정 고도화 주력”,https://news.naver.com/main/read.naver?mode=LSD&mid=sec&sid1=101&oid=014&aid=0000110920
364,[MK리더십]기아차 쾌속부활의 기적,http://www.asiae.co.kr/news/view.htm?idxno=2011071411064836770
365,[다시 뛰는 현대·기아차] <중> 글로벌 경기침체 극복,http://www.fnnews.com/view?ra=Sent0601m_01A&corp=fnnews&arcid=0921401983&cDateYear=2008&cDateMonth=08&cDateDay=21&
366,[브리핑] 기아차 '모닝' 최대 30만원 할인,http://news20.busan.com/news/newsController.jsp?subSectionId=1010020000&newsId=20100804000114
367,"[종목리포트]기아차,라인업개선.엔진공장완공예정-하나증권",https://news.naver.com/main/read.naver?mode=LSD&mid=sec&sid1=101&oid=013&aid=0000027904
368,[핫이슈] 앨라배마 공장에서 기아차도 생산,https://news.naver.com/main/read.naver?mode=LSD&mid=sec&sid1=101&oid=004&aid=0000038503
369,현대·기아차 `시너지` 극대화,https://news.naver.com/main/read.naver?mode=LSD&mid=sec&sid1=101&oid=021&aid=0000104779
370,현대·기아차 `시너지` 극대화,https://news.naver.com/main/read.naver?mode=LSD&mid=sec&sid1=101&oid=021&aid=0000104779
371,정몽구회장 “기아 위상확립 내수활로 개척”…스포티지 발표회 참석,https://news.naver.com/main/read.naver?mode=LSD&mid=sec&sid1=101&oid=014&aid=0000136262
372,"[번역]Hyundai, Kia refit assembly lines to raise profitability 현대, 기아차 수익성 향상 위해 조립라인 교체",https://news.naver.com/main/read.naver?mode=LSD&mid=sec&sid1=101&oid=044&aid=0000042051
373,"기아차,1천cc급 경승용차 '모닝' 출시",https://news.naver.com/main/read.naver?mode=LSD&mid=sec&sid1=101&oid=015&aid=0000685512
374,"현대·기아차, 내수 80% 혹은 `제살 파먹기?`",https://news.naver.com/main/read.naver?mode=LSD&mid=sec&sid1=101&oid=018&aid=0000115087
375,[재테크-증권] '기아자동차' .. 준중형車 성장 발판 도약 기대,https://news.naver.com/main/read.naver?mode=LSD&mid=sec&sid1=101&oid=015&aid=0000672874
376,[무역의 날 40주년-수상업체] 50억불탑 기아차,https://news.naver.com/main/read.naver?mode=LSD&mid=sec&sid1=111&oid=014&aid=0000097357
377,기아차도 무이자 할부,https://news.naver.com/main/read.naver?mode=LSD&mid=sec&sid1=101&oid=009&aid=0000287816
378,현대.기아 환영 GM.르노 당혹,https://news.naver.com/main/read.naver?mode=LSD&mid=sec&sid1=101&oid=009&aid=0000283017
379,경유승용차 2005년 판매 허용 현대.기아 미소 GM.르노 당혹,https://news.naver.com/main/read.naver?mode=LSD&mid=sec&sid1=101&oid=019&aid=0000022628
380,"GM대우·현대기아, 경차 규격확대 대립",https://news.naver.com/main/read.naver?mode=LSD&mid=sec&sid1=101&oid=014&aid=0000059768
381,경차활성화 법안 확정되면…GM대우·대우차판 ‘보약’ 현차·기아차 ‘독’,https://news.naver.com/main/read.naver?mode=LSD&mid=sec&sid1=101&oid=014&aid=0000052336
382,기아 신차 10종 5년간 쏟아진다,https://news.naver.com/main/read.naver?mode=LSD&mid=sec&sid1=101&oid=014&aid=0000046070
383,"현대.기아차, 경차 생산중단-유럽형 경차만 생산",https://news.naver.com/main/read.naver?mode=LSD&mid=sec&sid1=101&oid=001&aid=0000219331
384,대우車 승용시장서 기아 누르고 2위,https://news.naver.com/main/read.naver?mode=LSD&mid=sec&sid1=101&oid=014&aid=0000026228
385,현대ㆍ기아車 플랫폼 통합 '연말 대형승용부터 본격화',https://news.naver.com/main/read.naver?mode=LSD&mid=sec&sid1=101&oid=009&aid=0000232100
386,"기아차, 전차종에 핸즈프리 장착",https://news.naver.com/main/read.naver?mode=LSD&mid=sec&sid1=101&oid=009&aid=0000138135
387,['마케팅 프론티어상' 시상식] 수상업체 : 신상품개발부문..기아자동차,https://news.naver.com/main/read.naver?mode=LSD&mid=sec&sid1=101&oid=015&aid=0000202350
388,"기아차, 고객밀착형 마케팅 나서",https://news.naver.com/main/read.naver?mode=LSD&mid=sec&sid1=101&oid=015&aid=0000201585
389,<초점> 현대의 기아인수 6개월...평가와 과제,https://news.naver.com/main/read.naver?mode=LSD&mid=sec&sid1=101&oid=001&aid=0004508681
390,<초점> 현대의 기아인수 6개월...평가와 과제,https://news.naver.com/main/read.naver?mode=LSD&mid=sec&sid1=101&oid=001&aid=0004508681
391,"기아, 올 내수판매량 잇따라 늘려잡아",https://news.naver.com/main/read.naver?mode=LSD&mid=sec&sid1=101&oid=001&aid=0004505668
392,"기아차,‘제2의 창업선언’ 및 신차 발표",https://news.naver.com/main/read.naver?mode=LSD&mid=sec&sid1=101&oid=001&aid=0004576093
393,"현대차, 기아차 법적인수 마무리",https://news.naver.com/main/read.naver?mode=LSD&mid=sec&sid1=101&oid=001&aid=0004521652
394,"<확대경> 기아, 내수 2위 탈환 `총력전'",https://news.naver.com/main/read.naver?mode=LSD&mid=sec&sid1=101&oid=001&aid=0004528494
395,[GO! 수출한국] 무역의 날 : 금탑산업훈장 ‥ 기아자동차 등 5개사,https://news.naver.com/main/read.naver?mode=LSD&mid=sec&sid1=101&oid=015&aid=0000664383
396,"기아차, 전세계 딜러 대회 개최",https://news.naver.com/main/read.naver?mode=LSD&mid=sec&sid1=105&oid=029&aid=0000049471
397,"[기업] 기아차, 취득·등록세 지원 '8월 이벤트'",https://news.naver.com/main/read.naver?mode=LSD&mid=sec&sid1=101&oid=008&aid=0000308199
398,"[거래소] 기아차,이달말까지 무이자 할부판매",https://news.naver.com/main/read.naver?mode=LSD&mid=sec&sid1=101&oid=008&aid=0000274114
399,[2002 서울모터쇼] 볼만한 차 : '기아차' .. 'KCV' 돋보여,https://news.naver.com/main/read.naver?mode=LSD&mid=sec&sid1=101&oid=015&aid=0000569256
400,기아 ‘모닝’ 이달말부터 혼잡통행료 감면,http://www.khan.co.kr/kh_news/art_view.html?artid=200803050017145&code=920508
401,기아 ‘모닝’ 혼잡통행료 감면…이달말부터 주차비도,http://www.khan.co.kr/kh_news/art_view.html?artid=200803041745495&code=920100
402,자동차 수출가격 쌍용.기아.현대.대우 순,https://news.naver.com/main/read.naver?mode=LSD&mid=sec&sid1=101&oid=001&aid=0000090815
403,"기아車, 모든 차종에 핸즈프리 장착",https://news.naver.com/main/read.naver?mode=LSD&mid=sec&sid1=101&oid=015&aid=0000403060
404,기아차 '모닝'도 경차에 포함,https://news.naver.com/main/read.naver?mode=LSD&mid=sec&sid1=101&oid=011&aid=0000215023
405,"기아자동차, 신모델 할인판매",https://news.naver.com/main/read.naver?mode=LSD&mid=sec&sid1=101&oid=015&aid=0000194633
406,현대.기아자동차 월드컵 1주년 차값 할인,https://news.naver.com/main/read.naver?mode=LSD&mid=sec&sid1=101&oid=009&aid=0000296309
407,"기아차, 5월 9만301대..전년비 4.4%↓(상보)",https://news.naver.com/main/read.naver?mode=LSD&mid=sec&sid1=101&oid=018&aid=0000040146
408,기아車 36개월 할부 5％ 금리적용,https://news.naver.com/main/read.naver?mode=LSD&mid=sec&sid1=101&oid=032&aid=0000016149
409,기아차 12개월 무이자 판매,https://news.naver.com/main/read.naver?mode=LSD&mid=sec&sid1=101&oid=014&aid=0000063834
410,기아차 12개월 무이자 판매,https://news.naver.com/main/read.naver?mode=LSD&mid=sec&sid1=101&oid=014&aid=0000063834
411,"[거래소] 기아차, 10월까지 전 차종에 핸즈프리 장착",https://news.naver.com/main/read.naver?mode=LSD&mid=sec&sid1=101&oid=008&aid=0000082688
412,"기아차, 판매촉진휘애 옵션무상장착 서비스",https://news.naver.com/main/read.naver?mode=LSD&mid=sec&sid1=101&oid=015&aid=0000194632
413,"기아차 모닝 vs 한국지엠 스파크, 경차 유류세 환급 증가로 판매 탄력받나",http://www.metroseoul.co.kr/news/newsview?newscd=2017022300045
414,"[거래소] 기아차,9만여대 판매..9.4%↓(상보)",https://news.naver.com/main/read.naver?mode=LSD&mid=sec&sid1=101&oid=008&aid=0000287391
415,"기아차, 4월 9만9648대 판매..전월비 6.4%↑(상보)",https://news.naver.com/main/read.naver?mode=LSD&mid=sec&sid1=101&oid=018&aid=0000031409
416,"기아차, 3월 9만3633대..전월비 16.2%↑(상보)",https://news.naver.com/main/read.naver?mode=LSD&mid=sec&sid1=101&oid=018&aid=0000021821
417,"기아차,2월 8만602대 판매..전월비 6.8%↓(상보)",https://news.naver.com/main/read.naver?mode=LSD&mid=sec&sid1=101&oid=018&aid=0000011830
418,'재고車 싸게 팝니다' .. 기아.현대.대우차,https://news.naver.com/main/read.naver?mode=LSD&mid=sec&sid1=102&oid=015&aid=0000454623
419,[자동차/오토파일]기아車 전차종에 핸즈프리 장착,https://news.naver.com/main/read.naver?mode=LSD&mid=sec&sid1=101&oid=020&aid=0000078415
420,"기아차, 3월 9만3633대..전월비 16.2%↑(상보)",https://news.naver.com/main/read.naver?mode=LSD&mid=sec&sid1=101&oid=018&aid=0000021821
421,"기아차,2월 8만602대 판매..전월비 6.8%↓(상보)",https://news.naver.com/main/read.naver?mode=LSD&mid=sec&sid1=101&oid=018&aid=0000011830
422,'재고車 싸게 팝니다' .. 기아.현대.대우차,https://news.naver.com/main/read.naver?mode=LSD&mid=sec&sid1=102&oid=015&aid=0000454623
423,[자동차/오토파일]기아車 전차종에 핸즈프리 장착,https://news.naver.com/main/read.naver?mode=LSD&mid=sec&sid1=101&oid=020&aid=0000078415
424,기아자동차 지난해 모델 최고 130만원 할인판매,https://news.naver.com/main/read.naver?mode=LSD&mid=sec&sid1=101&oid=015&aid=0000225448
425,기아차 '모닝'도 혼잡통행료등 감면,http://www.moneytoday.co.kr/view/mtview.php?type=1&no=2008030410372888858&outlink=1
426,대우차 마티즈 경차강자 굳히기,https://news.naver.com/main/read.naver?mode=LSD&mid=sec&sid1=101&oid=015&aid=0000342584
427,자동차정책 ‘가다서다’ 업계 주름살 깊어간다,https://news.naver.com/main/read.naver?mode=LSD&mid=sec&sid1=101&oid=028&aid=0000015775
428,年 10만대도 거뜬했는데 이젠 5만대도 위태…모닝의 추락 [車 UP & DOWN],https://www.hankyung.com/economy/article/202008267131i
429,"정말 대박이다, 현대차가 한국 최초로 드디어 이 차를 출시한다",https://www.wikitree.co.kr/articles/665238
430,"정말 대박이다, 현대차가 한국 최초로 드디어 이 차를 출시한다",https://www.wikitree.co.kr/articles/665238
431,"[민주신문 24주년 특집] 자동차 近代史 한눈에 볼 수 있는 1997년… ""그땐 그랬지""",http://www.iminju.net/news/articleView.html?idxno=72863
432,국민경차 '모닝' 국내 판매 100만 대 돌파,http://news20.busan.com/controller/newsController.jsp?newsId=20171207000330
433,[스페셜 리포트] 경차의 예고된 종말…저유가ㆍ소득수준 향상에 떠밀려,https://www.etoday.co.kr/news/view/1985232
434,‘모닝’ 국내 누적판매 100만대 돌파,http://www.yeongnam.com/mnews/newsview.do?mode=newsView&newskey=20171208.010120725020001
435,"'티코發 25년간의 경차전' 한국GM ""스파크, 국민 타이틀 지켜라""",http://www.newsprime.co.kr/news/article.html?no=342894
436,정몽구 회장이 신차발표회 주재한 차량 성적표 보니,http://view.asiae.co.kr/news/view.htm?idxno=2015120909505404759
437,[부자로 사는법] 우리를 가난하게 만드는 '승용차',http://mookas.com/media_view.asp?news_no=14327
438,다시 한번 붙어볼까? 10년 만에 ‘경차의 격돌',http://www.cbs.co.kr/Nocut/Show.asp?IDX=1054740
439,다함께 車車車∼ 자동차社 동호회 마케팅,http://www.fnnews.com/view?ra=Sent0701m_01A&corp=fnnews&arcid=080423214935&cDateYear=2008&cDateMonth=04&cDateDay=24&
440,다함께 車車車∼ 자동차社 동호회 마케팅,http://www.fnnews.com/view?ra=Sent0601m_01A&corp=fnnews&arcid=0921293711&cDateYear=2008&cDateMonth=04&cDateDay=23&
441,"GM대우 마티즈 판매, 5개월만에 `반토막`",http://www.edaily.co.kr/news/newspath.asp?newsid=01525206583298168
442,"4월 차판매, 내수 부진-수출 쾌조(종합)",https://news.naver.com/main/read.naver?mode=LSD&mid=sec&sid1=101&oid=018&aid=0000031445
443,"[자동차]커지는 경차, 바람몰이 다시 한번?",https://news.naver.com/main/read.naver?mode=LSD&mid=sec&sid1=110&oid=028&aid=0000014216
444,경차 개발경쟁 ‘2라운드’ 돌입,https://news.naver.com/main/read.naver?mode=LSD&mid=sec&sid1=103&oid=014&aid=0000051568
445,"중고차시세, 최대 한파 맞아",https://news.naver.com/main/read.naver?mode=LSD&mid=sec&sid1=102&oid=003&aid=0002416172
446,경차 ‘제2전성시대’ 오나,https://news.naver.com/main/read.naver?mode=LSD&mid=sec&sid1=101&oid=032&aid=0000014268
447,[국산차] 할인판매로 불황 넘자,https://news.naver.com/main/read.naver?mode=LSD&mid=sec&sid1=101&oid=009&aid=0000344937
448,자동차도 ‘레드 마케팅’,https://news.naver.com/main/read.naver?mode=LSD&mid=sec&sid1=101&oid=014&aid=0000020769
449,[김우중 별세]‘마이카 시대’ 연 대우차…한때 국산車 1등 위업,http://www.newsway.co.kr/news/view?tp=1&ud=2019121010173984995
450,경차 '모닝' 내수 판매 100만 대 돌파,http://www.asiatime.co.kr/news/articleView.html?idxno=160619
451,중고차최저가실매물 '아레나중고차' 실제시세표로 실제 매입 및 판매...매매사이트 중고차전액할부시 최저금리가능,http://www.incheonilbo.com/news/articleView.html?idxno=901689
452,경자동차 이야기: 대한민국 경차의 역사(상),http://ppss.kr/archives/56531
453,"[진車승부]모닝 vs 스파크, 닮은 듯 다른 통뼈…""이런 경차 처음이지?""",http://www.sporbiz.co.kr/news/articleView.html?idxno=73971
454,[자동차 여담] 모닝이 아반떼를 넘어섰다?,http://www.econovill.com/news/articleView.html?idxno=307732
455,[최민관의 모터로그] 신형 모닝 출시가 반갑고도 씁쓸한 이유,http://www.hankookilbo.com/v/3679d40a68124ed1952adbec97d7c32d
456,경차 유류세 환급 좁은문..세컨드카로 굴린다면 대상 제외,http://news1.kr/articles/?2920320
457,"중고차 싸이카 이민성 대표, 중고차 전액 할부 노하우는?",http://www.newsculture.press/view.htm?idxno=2017011102520069140
458,"믿을 수 있는 중고차 '싸이카', 중고차 구입 노하우는?",http://www.newsculture.press/view.htm?idxno=2017010503070036910
459,"중고차매매사이트 ‘카가이드’, 국산차 및 수입차 실제 매입 및 판매가격 오픈...중고차전액할부시 다이렉트 최저금리 적용",http://www.newsculture.press/view.htm?idxno=2016122903080098968
460,중고차최저가실매물 ‘카가이드’ 국산차 및 수입차 실제시세표로 실제 매입 및 판매...매매사이트 전국 판매로 중고차전액할부시 최저금리가능,http://www.newsculture.press/view.htm?idxno=2016120605400037881
461,[CAR] 경차시장 개방 초읽기…1000만원대 수입차로 기분 내볼까,http://news.mk.co.kr/news_forward.php?domain=news&no=1527391&year=2014
462,`모닝` 높은 잔존가치..중고차 시장에서 재조명,http://www.edaily.co.kr/news/newspath.asp?newsid=01338246602740368
463,"국내 단종된 차들, 해외에선 여전히 ‘고속 질주’",http://www.hani.co.kr/arti/economy/car/647345.html
464,[대한민국 新경제영토를 가다] (1)글로벌 시장확대 나선 우리 기업들 ② 콜롬비아,http://www.fnnews.com/view?ra=Sent0801m_01A&corp=fnnews&arcid=201206270100224390013694&cDateYear=2012&cDateMonth=06&cDateDay=28&
465,"정몽구회장, 38개월만에 신차발표 가는 이유는?",http://biz.heraldm.com/common/redirect.jsp?category_id=010107041300&news_id=20120501000119
466,정몽구 현대차 회장 'K9' 힘 실어준다,http://www.hankyung.com/news/app/newsview.php?aid=2012043059181
467,"모닝 중고 관심 급증, 그 이유는?",https://news.naver.com/main/read.naver?mode=LSD&mid=sec&sid1=101&oid=011&aid=0002308932
468,"""경차는 합리적 소비"" 외치던 정부…잘팔리니 취득세 부활?",http://news1.kr/articles/?2350384
469,물 만난 경차들 “내가 제일 잘나가”,http://www.sisapress.com/news/articleView.html?idxno=55754
470,"""경차는 합리적 소비"" 외치던 정부…잘팔리니 취득세 부활?",http://news1.kr/articles/?2350384
471,물 만난 경차들 “내가 제일 잘나가”,http://www.sisapress.com/news/articleView.html?idxno=55754
472,'국민차'서 '세컨드카'로… 경차 13년만에 부활,http://www.moneytoday.co.kr/view/mtview.php?type=1&no=2011030610204172693&outlink=1
473,8월 '애마' 갈아타면 최대 100만원 할인 '쏠쏠하네',http://www.moneytoday.co.kr/view/mtview.php?type=1&no=2010080314251094738&outlink=1
474,"정몽구 회장 ""K9 출시행사 참석한다""",http://biz.chosun.com/site/data/html_dir/2012/04/30/2012043002422.html
475,경차 마티즈 약진..작은 차가 강하다,https://news.naver.com/main/read.naver?mode=LSD&mid=sec&sid1=101&oid=001&aid=0000582175
476,올해 가장 많이 수출된 車는 '베르나' .. 2위는 아반떼XD,https://news.naver.com/main/read.naver?mode=LSD&mid=sec&sid1=101&oid=015&aid=0000460213
477,경차 뉴모닝-아반떼 가격차 겨우 133만원,http://www.moneytoday.co.kr/view/mtview.php?type=1&no=2009050414103223179&outlink=1
478,중고차 구입 지금이 딱!… 유가급등ㆍ집중호우로 피서줄어 거래 뚝,https://news.naver.com/main/read.naver?mode=LSD&mid=sec&sid1=101&oid=143&aid=0000035577
479,"[오토타임즈의 확대경] 경차, 배기량 1ℓ 3기통과 4기통 차이는",http://www.hankyung.com/news/app/newsview.php?aid=2011061902011
480,"<정몽구 회장, 내수 불황 타개 전면에 나선다>(종합)",https://news.naver.com/main/read.naver?mode=LSD&mid=sec&sid1=101&oid=001&aid=0000725330
481,중국·러시아·인도 車시장 급팽창,https://news.naver.com/main/read.naver?mode=LSD&mid=sec&sid1=101&oid=014&aid=0000120785
482,작은 차 큰 대결… 마티즈，한달만에 판매 54% 늘어,https://news.naver.com/main/read.naver?mode=LSD&mid=sec&oid=005&aid=0000152130
483,작은 車 `씽씽`,https://news.naver.com/main/read.naver?mode=LSD&mid=sec&sid1=101&oid=021&aid=0000062012
484,[기획특집] [자동차 봄날이 온다] “내수 불경기 돌파 新車가 쏟아진다“,https://news.naver.com/main/read.naver?mode=LSD&mid=sec&oid=011&aid=0000024197
485,[e라이프] 자동차업계 `불황탈출` 2004년형 대거 출시,https://news.naver.com/main/read.naver?mode=LSD&mid=sec&sid1=105&oid=029&aid=0000056516
486,2005년 신차大戰..`2년내 19개모델 쏟아진다`,https://news.naver.com/main/read.naver?mode=LSD&mid=sec&sid1=101&oid=018&aid=0000117696
487,올 車시장 ‘3각구도’가속화,https://news.naver.com/main/read.naver?mode=LSD&mid=sec&sid1=101&oid=014&aid=0000105359
488,"[다시 뛰는 재계, 새해 경영계획] 현대자동차, 연구비 35%늘려 신차승부",https://news.naver.com/main/read.naver?mode=LSD&mid=sec&sid1=101&oid=014&aid=0000104803
489,[현대차 투자 24% 늘린다] R&D에 2조3300억 투자,https://news.naver.com/main/read.naver?mode=LSD&mid=sec&sid1=101&oid=014&aid=0000102822
490,[현대차 투자 24% 늘린다] R&D에 2조3300억 투자,https://news.naver.com/main/read.naver?mode=LSD&mid=sec&sid1=101&oid=014&aid=0000102822
491,현대차그룹 매출목표 69조,https://news.naver.com/main/read.naver?mode=LSD&mid=sec&sid1=101&oid=009&aid=0000338106
492,현대차 올 매출목표 69兆,https://news.naver.com/main/read.naver?mode=LSD&mid=sec&sid1=101&oid=021&aid=0000055979
493,"새해 완성차 톱픽 ""현대차"" - 전문가설문④",https://news.naver.com/main/read.naver?mode=LSD&mid=sec&sid1=101&oid=018&aid=0000110065
494,자동차株 '신차효과' 부푼꿈,https://news.naver.com/main/read.naver?mode=LSD&mid=sec&sid1=101&oid=009&aid=0000337146
495,새해 새차 쏟아져,https://news.naver.com/main/read.naver?mode=LSD&mid=sec&sid1=101&oid=021&aid=0000054355
496,현대차 동유럽공장 슬로바키아로 확정,https://news.naver.com/main/read.naver?mode=LSD&mid=sec&sid1=101&oid=014&aid=0000099754
497,[무역의날]김뇌명 '1000만대돌파주역',https://news.naver.com/main/read.naver?mode=LSD&mid=sec&sid1=101&oid=008&aid=0000347653
498,[금탑산업훈장] 오피러스 美國시장서 인기,https://news.naver.com/main/read.naver?mode=LSD&mid=sec&sid1=101&oid=009&aid=0000330350
499,"현대차 유럽공장, 폴란드·슬로바키아로 압축(상보)",https://news.naver.com/main/read.naver?mode=LSD&mid=sec&sid1=101&oid=018&aid=0000098527
