,title,url
0,[기획] 인기 하락에 정치권 논란까지...험난한 '베이스볼 드림파크' 건립,http://daily.hankooki.com/news/articleView.html?idxno=805258
1,세계 대학 '지속가능성' 평가…경북대 13위·연세대 27위,http://news.mk.co.kr/newsRead.php?no=376321&year=2022
2,"기아自, 신차 `파크타운' 무료 대여 행사",https://news.naver.com/main/read.naver?mode=LSD&mid=sec&sid1=101&oid=001&aid=0004283494
3,"현대기아 제외한 주요 車업체들, 美서 2025년까지 10개 이상 새 배터리공장 가동",http://www.autodaily.co.kr/news/articleView.html?idxno=431069
4,"기아自, `파크타운' 로드쇼",https://news.naver.com/main/read.naver?mode=LSD&mid=sec&sid1=101&oid=001&aid=0004321721
5,"기아차, 16년 만에 왜건 만든다",http://www.ajunews.com/view/20150408113431107
6,"[CMB기획보도] 살기 좋은 건강 도시, 세계의 중심 대전",http://www.cmbdj.co.kr/ab-991-21807
7,가구 소득·업소 증가세 평균 훨씬 앞질러,https://news.koreadaily.com/2022/04/24/society/generalsociety/20220424190058404.html
8,[시승기] 왜건 지옥에서 살아남은 볼보 V90 크로스컨트리,https://economist.co.kr/2021/06/17/industry/normal/20210617100300198.html
9,대전베이스볼드림파크 건립 과제,http://www.daejonilbo.com/news/newsitem.asp?pk_no=1466200
10,"송한준 안산시장 예비후보 ""위기 딛고, 특례시 향해 달리겠다""",https://www.news1.kr/articles/?4651207
11,"한국 왜건 시장, 수입차 '그들만의 리그'",http://www.sisaweek.com/news/articleView.html?idxno=138917
12,다용도로 사용이 가능하다. '왜건(wagon/ waggon)' [김권제 칼럼],http://www.mediafine.co.kr/news/articleView.html?idxno=8423
13,"허태정 ""2025년 3월 대전 새 야구장서 한화 홈 개막""… 한화 연고지 이전 안한다",http://www.segye.com/content/html/2022/04/10/20220410508389.html?OutUrl=naver
14,이 트럭을 아시나요?④-기아차 세레스,http://autotimes.hankyung.com/apps/news.sub_view?popup=0&nid=10&c1=10&c2=10&c3=00&nkey=202012081706321
15,"[시승]왜건으로 풀어낸 플래그십, 푸조 508 SW",http://autotimes.hankyung.com/apps/news.sub_view?popup=0&nid=06&c1=06&c2=06&c3=00&nkey=201909020756071
16,[최기성의 허브車]포니는 ‘변신의 귀재’…왜건·쿠페·콘셉트카 다(多) 있네,https://www.mk.co.kr/opinion/columnists/view/2019/08/681787/
17,[모터그램] 스치듯 안녕~ 우리나라에 이런 국산 자동차가 있었어?,http://www.sisunnews.co.kr/news/articleView.html?idxno=69692
18,<서상범기자의 아!車!> 이런 차도 있었어?우리를 스쳐간 비운의 국산차 5가지,http://biz.heraldcorp.com/view.php?ud=20150114000166
19,[CAR/석동빈 기자의 DRIVEN]‘최악의 자동차’ 10選은 어떤 모델?,http://news.donga.com/3/all/20140724/65404175/1
20,"[카톡쇼S] 전문가들이 말하는 최악의 차, 워스트10은?",http://it.donga.com/18620/
21,'시대를 잘못 타고난' 저평가 받은 국산차 6가지,http://www.wikitree.co.kr/main/news_view.php?id=198915
22,"민첩한 핸들링·세련미까지…크레도스, 쏘나타 추월하다",http://www.etoday.co.kr/news/section/newsview.php?TM=news&SM=2302&idxno=516220
23,[서상범의 아!車!]‘택배 천국’ 한국은 왜건의 무덤인가?,http://biz.heraldcorp.com/view.php?ud=20150511000923
24,국산 왜건 효시는 귀여운 `포니`,http://news.mk.co.kr/news_forward.php?domain=news&no=811018&year=2015
25,카톡쇼S ‘최악의 자동차’ 조회수 80만 건,http://news.ichannela.com/enter/3/06/20140710/65077005/1
26,"최악의 자동차 1위는? 쌍용 로디우스… 마티즈, 링컨MKZ도 명단에 (카톡쇼S)",http://tvdaily.co.kr/read.php3?aid=1404883189727836002
27,왜건시장 빠른 속도로 커져,https://news.naver.com/main/read.naver?mode=LSD&mid=sec&sid1=101&oid=001&aid=0004182617
28,"현대차, 내수 부진 극복에 전력 투구",http://www.inews24.com/php/news_view.php?g_serial=631539&g_menu=022200&rrf=nv
29,"[시승기] 현대차 i40 디젤, 연비·디자인·가속성 '팔방미인'",http://www.inews24.com/php/news_view.php?g_serial=625538&g_menu=022200&rrf=nv
30,"그냥 세단은 싫다, `실용`을 덧입혀라",http://www.edaily.co.kr/news/newspath.asp?newsid=01889286596350272
31,"가족을 위한 다목적 자동차, 볼보 XC70",http://www.ebuzz.co.kr/content/buzz_view.html?ps_ccid=70789
32,"해치백과 왜건, 드디어 “으랏車車!”",https://news.naver.com/main/read.naver?mode=LSD&mid=sec&sid1=103&oid=037&aid=0000003274
33,라세티 디젤 왜건,http://www.kbizweek.com/cp/view.asp?vol_no=588&art_no=25&sec_cd=1659
34,유럽선 효자 국내선 찬밥… 왜건 잔혹사,http://news.kukinews.com/article/view.asp?page=1&gCode=kmi&arcid=0006515631&cp=nv
35,현대차 i40 내달초 출시… 국내 왜건시장 확대 기대감 '솔솔',https://news.naver.com/main/read.naver?mode=LSD&mid=sec&sid1=101&oid=011&aid=0002176483
36,[Car & Travel]디자인 좋으니 해치백-왜건 뜬다,http://www.donga.com/fbin/output?n=200702050063
37,프랑크푸르트 모터쇼 개막,https://news.naver.com/main/read.naver?mode=LSD&mid=sec&sid1=101&oid=001&aid=0004176544
38,[The Test]GM대우 ‘라세티’ 디젤 왜건,http://www.donga.com/fbin/output?n=200705180142
39,‘이든하임’ 명품 타운하우스 분양...서해복선전철 개통 앞둬,http://gokorea.kr/news/view/682017
40,‘이든하임’ 서해복선전철 향남역 예정지 명품 타운하우스 분양,http://gokorea.kr/news/view/681602
41,"화성남양타운하우스 도심속 쾌적한 주거환경, 편의시설 갖춘 전원주택 선착순 특별분양!",http://www.gnmaeil.com/news/articleView.html?idxno=438181
42,"<신제품> 기아, 7인승 왜건 ‘파크타운’시판",https://news.naver.com/main/read.naver?mode=LSD&mid=sec&sid1=101&oid=001&aid=0004288975
43,도시 속 전원생활 누리는 도심형 타운하우스 ‘화성향남 더 플라체 운동장마을’ 10월 분양예정,https://www.sedaily.com/NewsView/1VOG48JN0W
44,광주 서구 화정∙광천동 일대… 구도심과 신도심 잇는 '新주거타운' 형성,http://www.ikld.kr/news/articleView.html?idxno=204216
45,"[창원소식] 창원시, 회성동 자족형복합행정타운 조성 본격 추진",http://www.kukinews.com/news/article.html?no=667988
46,"<믹스트존>국내 구장 살펴보니… 삼성라이온즈파크, 기아챔피언스필드",http://www.munhwa.com/news/view.html?no=2016110201033430120002
47,"[산업가 소식] 롯데건설, '운정 롯데캐슬 파크타운 2차' 분양 外",http://www.weeklytoday.com/news/articleView.html?idxno=43261
48,[기획] 베이스볼드림파크 '최적지'는?...대전시 이달중 발표,http://www.joongdo.co.kr/main/view.php?key=20190304010000697
49,"""한류가 온다""…들썩이는 미국 '기아차 타운'",https://news.naver.com/main/read.naver?mode=LSD&mid=sec&sid1=104&oid=422&aid=0000029092
50,"'화성시청역 서희스타힐스' 총 2,983가구 대단지 브랜드타운 1~3단지 중도금 혜택",http://www.seoulwire.com/news/articleView.html?idxno=175206
51,"고양지축, 의정부 등 4월 경기도 벚꽃 분양 쏟아진다",http://www.rcast.co.kr/sub02.php?BRD_ID=1649896022982
52,"[분양캘린더] 신혼희망타운, 위례 이어 평택고덕서 청약…전국 9770가구 분양",http://www.sporbiz.co.kr/news/articleView.html?idxno=303589
53,[코리아데일리닷컴 핫딜] LPGA 기아클래식 토너먼트 입장티켓 5달러 판매,http://www.koreadaily.com/news/read.asp?art_id=6044327
54,"[스포츠타임 이슈] 대전 신구장, '창원NC파크 마산구장' 전철 밟지 말아야",http://www.spotvnews.co.kr/?mod=news&act=articleView&idxno=274384
55,[스포노믹스 프론티어(57)] 사직구장은 '두산 자이언츠 파크'가 될 수 없을까,http://www.sporbiz.co.kr/news/articleView.html?idxno=288154
56,"[빅데이터MSI]시장심리 톱5, 기아차·이마트·한국금융지주·롯데제과·한샘",http://www.newsis.com/view/?id=NISX20181004_0000433421&cID=10401&pID=10400
57,빛의 타운으로 광주를 뽀대나게 디자인 하자,http://www.siminsori.com/news/articleView.html?idxno=205270
58,박정현 대덕구청장 “베이스볼 드림파크 최적지는 대덕구”,http://www.shinailbo.co.kr/news/articleView.html?idxno=1120048
59,"대전 대덕구, 베이스볼 드림파크 유치경쟁 공식화",http://www.breaknews.com/sub_read.html?uid=615462§ion=sc2
60,한밭운동장 갈 곳 없는데 베이스볼 드림 파크 계획만,http://www.gocj.net/news/articleView.html?idxno=96527
61,LA 코리아타운 코앞에서 LPGA투어 대회 열린다,http://app.yonhapnews.co.kr/YNA/Basic/SNS/r.aspx?c=AKR20180118121300007&did=1195m
62,"'사드 해빙' 진짜 오나… 롯데, 中 테마파크 공사 재개 '기대감'",http://news.hankyung.com/article/2018040125161
63,‘평택항 오션파크 서희스타힐스’ 평택 첫 세대분리형 중소형 아파트,http://www.sportsseoul.com/news/read/632713
64,SBS생활경제에 소개된 세대분리형 아파트 ‘평택항 오션파크 서희스타힐스’ 눈길,http://www.sportsseoul.com/news/read/631012
65,54년된 한화생명이글스파크 관중들 불편은 늘어난다,http://www.daejonilbo.com/news/newsitem.asp?pk_no=1315108
66,기아차 18년 만에 '왜건' 내놓는다,https://news.naver.com/main/read.naver?mode=LSD&mid=sec&sid1=101&oid=011&aid=0002777273
67,"케이스포츠타운 조성하고, '경기장명칭' 기업홍보 활용길 열린다",http://www.mt.co.kr/view/mtview.php?type=1&no=2016070709263013764&outlink=1
68,"[기업브리프]기아차 ""WBC 한국팀 응원하고 관람권 받고""",http://www.bizwatch.co.kr/pages/view.php?uid=29333
69,"기아차 K5 왜건, 국내에 내놓을까?",http://autotimes.hankyung.com/apps/news.sub_view?popup=0&nid=02&c1=02&c2=02&c3=00&nkey=201511222118211
70,[입주단지를 찾아서] 경기 광명시 '광명역파크자이 1차' 길 건너면 KTX광명역 초역세권… 프리미엄 1억 붙어,http://www.fnnews.com/news/201708272003516698
71,미래가치에 상품성 담아낸 '화성 남양 양우내안애 그린파크' 조합원 모집,http://www.ggilbo.com/news/articleView.html?idxno=336002
72,[C집살이]'반도체 특명' 조성환 현대모비스 사장 수원 사는 이유,https://www.straightnews.co.kr/news/articleView.html?idxno=208082
73,[오늘의 주요 일정] 김세의·강용석·김용호 공직선거법위반 공판,http://www.safetimes.co.kr/news/articleView.html?idxno=109792
74,"[Today Biz]기아차 ""스포티지, 5시간 동안 타보세요""",http://www.bizwatch.co.kr/pages/view.php?uid=18381
75,전국구+비규제 지역 서충주 푸르지오 더 퍼스트 청약 요건은?,http://www.rcast.co.kr/sub02.php?BRD_ID=1649119508534
76,"[기업브리프]에버랜드, 삼성전자와 'IT 테마파크' 만든다",http://www.bizwatch.co.kr/pages/view.php?uid=23326
77,"[화제의 분양현장]KTX광명역 대규모 비즈타운 옆 특급요지, 임대수요 넘친다",http://news.donga.com/3/all/20141022/67354153/1
78,남양주·시흥·안성 등 경기도 10개 단지 6천가구 분양,http://www.kyeongin.com/main/view.php?key=20220404010000536
79,"광명역세권지구의 중심, 광명역파크자이2차 아파트, 오피스텔 분양 돌입",http://news.mk.co.kr/newsRead.php?no=1172237&year=2015
80,"[포토] 기아 K5 왜건 '오, 괜찮은데!'",http://www.greenpostkorea.co.kr/news/article.html?no=51553
81,"[이슈분석]삼성이 시작한 新 강남라인, `롯데` `현대·기아차`로 확산",http://www.etnews.com/20141201001024
82,"'한다면 했던 시장' 이효선 파격공약, 재건축 당기고 재개발 다시 추진",http://www.joygm.com/news/articleView.html?idxno=97207
83,[삼성동 한전 부지 개발 어떻게 될까]강남역 삼성타운의 3배 한전 부지 개발 삼성·현대차 대기업 너도나도 군침,http://news.mk.co.kr/news_forward.php?domain=news&no=648725&year=2014
84,GBC·자동차타운 건설… 미래차 연구개발·계열사간 시너지 노려,https://news.naver.com/main/read.naver?mode=LSD&mid=sec&sid1=101&oid=011&aid=0002536617
85,[빛고을노인건강타운] 광주엔 병원·은행·119 갖춘 3만 평 노인타운 있다,http://news20.busan.com/controller/newsController.jsp?newsId=20150513000066
86,"ktx광명역세권 핵심 입지, 광명역파크자이2차 오피스텔 분양 임박",http://news.heraldcorp.com/view.php?ud=20151208000576
87,"광명역파크자이2차 오피스텔 이달 분양예정, 관심 집중",http://www.edaily.co.kr/news/newspath.asp?newsid=03867126609594256
88,"광명역파크자이2차 오피스텔 분양 임박, 광명역세권의 노른자위 누린다",https://news.naver.com/main/read.naver?mode=LSD&mid=sec&sid1=101&oid=011&aid=0002765586
89,[포토]K5 왜건?…기아 콘셉트카 '스포트스페이스' 공개,http://greenpostkorea.co.kr/news/article.html?no=44929
90,"연말 오피스텔 최대어, 광명역파크자이2차 오피스텔 이달 분양예정",http://realestate.donga.com/News/View/20151120/74896324/2/1
91,'BBC산업' 수혜지 '아산·충주·화성'...4차산업 후광효과 기대,http://www.gpkorea.com/news/articleView.html?idxno=84010
92,[분양현장+]'엠코타운센트로엘' 위례 열풍 이어간다,http://news1.kr/articles/1541140
93,"청약접수 시작 '광명역파크자이2차', 투자가치는",http://news.heraldcorp.com/view.php?ud=20151215000312
94,롯데건설 '롯데캐슬 골드파크 타워 960' 오피스텔 분양,http://www.edaily.co.kr/news/newspath.asp?newsid=01781046609498480
95,[돈되는 분양] `광명역파크자이2차` 오피스텔,http://news.mk.co.kr/newsRead.php?no=1121862&year=2015
96,'롯데캐슬 골드파크 타워 960' 오피스텔 분양…아파트 '청약열기' 이어갈까?,http://www.mediapen.com/news/articleView.html?idxno=89952
97,"롯데건설, ‘롯데캐슬 골드파크 타워 960’ 오피스텔 9월 분양",http://www.newsway.co.kr/view.php?tp=1&ud=2015082110253673808
98,롯데건설 독산동 마지막분양 '골드파크타워 960',http://www.joseilbo.com/news/news_read.php?uid=269103&class=16&grp=
99,['롯데캐슬 골드파크 타워 960' 오피스텔 9월 분양] 독산 미니신도시의 마지막 분양 열차,http://www.sisaweek.com/news/articleView.html?idxno=50418
100,"정부 반도체, 배터리, 백신 등 2조원 이상 투자 지원 ...'BBC산업' 수혜지 '아산·충주·화성' 후광효과 기대",http://www.worktoday.co.kr/news/articleView.html?idxno=23546
101,[분양현장+]'엠코타운센트로엘' 위례 열풍 이어간다,http://news1.kr/articles/1541140
102,"청약접수 시작 '광명역파크자이2차', 투자가치는",http://news.heraldcorp.com/view.php?ud=20151215000312
103,롯데건설 '롯데캐슬 골드파크 타워 960' 오피스텔 분양,http://www.edaily.co.kr/news/newspath.asp?newsid=01781046609498480
104,[돈되는 분양] `광명역파크자이2차` 오피스텔,http://news.mk.co.kr/newsRead.php?no=1121862&year=2015
105,'롯데캐슬 골드파크 타워 960' 오피스텔 분양…아파트 '청약열기' 이어갈까?,http://www.mediapen.com/news/articleView.html?idxno=89952
106,"롯데건설, ‘롯데캐슬 골드파크 타워 960’ 오피스텔 9월 분양",http://www.newsway.co.kr/view.php?tp=1&ud=2015082110253673808
107,롯데건설 독산동 마지막분양 '골드파크타워 960',http://www.joseilbo.com/news/news_read.php?uid=269103&class=16&grp=
108,['롯데캐슬 골드파크 타워 960' 오피스텔 9월 분양] 독산 미니신도시의 마지막 분양 열차,http://www.sisaweek.com/news/articleView.html?idxno=50418
109,<종합대상> 상도동 엠코타운 발판…‘도심 그린라이프’실현,http://biz.heraldm.com/common/redirect.jsp?category_id=010302010000&news_id=20111128000786
110,"롯데건설, 독산동 '롯데캐슬 골드파크 타워 960' 분양",http://www.sporbiz.co.kr/news/articleView.html?idxno=9491
111,['롯데캐슬 골드파크 타워 960' 오피스텔 9월 분양] 독산 미니신도시의 마지막 분양 열차,http://www.sisaweek.com/news/articleView.html?idxno=50418
112,4차산업혁명 수혜지 ‘아산·충주·화성’서 3월 우미건설-4월 라인건설 분양,https://www.socialvalue.kr/news/view/1065573418296516
113,<종합대상> 상도동 엠코타운 발판…‘도심 그린라이프’실현,http://biz.heraldm.com/common/redirect.jsp?category_id=010302010000&news_id=20111128000786
114,"'광명역파크자이2차' 오피스텔 분양 개시, 청약일정 놓치지 마세요",http://www.joseilbo.com/news/news_read.php?uid=280288&class=16&grp=
115,[경제계 사람들] 현대·기아차 임원 인사 外,http://www.segye.com/Articles/NEWS/ECONOMY/Article.asp?aid=20071228002102&subctg1=&subctg2=
116,"학秀고대 ""기다렸다 엠코타운!"" 상반기 최고 이슈단지 오픈",http://www.wowtv.co.kr/newscenter/news/view.asp?bcode=T30001000&artid=A201403050241
117,'광명역파크자이2차' 인근 '광명역IDS' 대단지 수혜 받으며 성황리 분양 중,http://www.constimes.co.kr/news/articleView.html?idxno=99816
118,"[동탄2신도시 아이비파크 9.0②입지]남동탄 분양 개막, 호수공원 프리미엄 '기대'",http://land.hankyung.com/news/app/newsview.php?aid=201511112912e
119,‘송도 캠퍼스타운’ 견본주택 이벤트 “자동차 받아가세요~”,http://www.fnnews.com/view?ra=Sent0501m_01A&corp=fnnews&arcid=121011160859&cDateYear=2012&cDateMonth=10&cDateDay=11&
120,<종합대상> 상도동 엠코타운 발판…‘도심 그린라이프’실현,http://biz.heraldm.com/common/redirect.jsp?category_id=010302010000&news_id=20111128000786
121,정부의 BBC산업 지원 강화되면서 4차산업 후광효과 부동산으로 이어져,http://www.wsobi.com/news/articleView.html?idxno=156898
122,"'광명역파크자이2차' 오피스텔 분양 개시, 청약일정 놓치지 마세요",http://www.joseilbo.com/news/news_read.php?uid=280288&class=16&grp=
123,[경제계 사람들] 현대·기아차 임원 인사 外,http://www.segye.com/Articles/NEWS/ECONOMY/Article.asp?aid=20071228002102&subctg1=&subctg2=
124,"학秀고대 ""기다렸다 엠코타운!"" 상반기 최고 이슈단지 오픈",http://www.wowtv.co.kr/newscenter/news/view.asp?bcode=T30001000&artid=A201403050241
125,'광명역파크자이2차' 인근 '광명역IDS' 대단지 수혜 받으며 성황리 분양 중,http://www.constimes.co.kr/news/articleView.html?idxno=99816
126,"[동탄2신도시 아이비파크 9.0②입지]남동탄 분양 개막, 호수공원 프리미엄 '기대'",http://land.hankyung.com/news/app/newsview.php?aid=201511112912e
127,‘송도 캠퍼스타운’ 견본주택 이벤트 “자동차 받아가세요~”,http://www.fnnews.com/view?ra=Sent0501m_01A&corp=fnnews&arcid=121011160859&cDateYear=2012&cDateMonth=10&cDateDay=11&
128,캠퍼스타운역 초역세권 ‘송도 캠퍼스타운’ 12일 견본주택 오픈,http://www.fnnews.com/view?ra=Sent0501m_01A&corp=fnnews&arcid=121010150739&cDateYear=2012&cDateMonth=10&cDateDay=10&
129,연세대·지하철 가까운 '송도 캠퍼스타운' 12일 견본주택 개관,http://www.wowtv.co.kr/newscenter/news/view.asp?bcode=T30001000&artid=A201210090227
130,'송도 캠퍼스타운' 견본주택 구경하고 자동차 경품받자,http://www.constimes.co.kr/news/articleView.html?idxno=70378
131,캠퍼스타운역 초역세권 ‘송도 캠퍼스타운’ 12일 견본주택 오픈,http://www.fnnews.com/view?ra=Sent0501m_01A&corp=fnnews&arcid=121010150739&cDateYear=2012&cDateMonth=10&cDateDay=10&
132,연세대·지하철 가까운 '송도 캠퍼스타운' 12일 견본주택 개관,http://www.wowtv.co.kr/newscenter/news/view.asp?bcode=T30001000&artid=A201210090227
133,1%대 초저금리 시대에 수익률 NO1 “롯데캐슬 골드파크 타워 960” 오피스텔 투자자들 몰려…,http://www.etnews.com/20151008000098
134,파크라브레아서 '한국문화축제' 연다,http://www.koreadaily.com/news/read.asp?art_id=3707726
135,"""잘나가는 데는 이유있다"" 광명 역세권 '광명역 파크자이'",http://www.constimes.co.kr/news/articleView.html?idxno=89306
136,광명역세권 택지개발지역 블루칩 ‘광명역 파크자이’ 내방객 몰려,http://news.mk.co.kr/news_forward.php?domain=news&no=1405634&year=2014
137,"광명역 파크자이 흥행 성공, ‘역세권 단지 힘’ 보여줘…",http://biz.heraldcorp.com/view.php?ud=20141107000340
138,'서울까지 15분' 광명역 파크자이 내집마련 수요 몰려,http://www.newspim.com/common/redirect.jsp?newsId=20141106000492
139,우수한 교통자랑하는 ‘광명역 파크자이’ 계약률 관심집중…,http://news.donga.com/3/all/20141105/67669918/2
140,초역세권 ‘광명역 파크자이’ 계약률 기대되는 이유,http://nownews.seoul.co.kr/news/newsView.php?id=20141104601004
141,광명 역세권의 중심 ‘광명역 파크자이’ 계약률 ‘쑥쑥’,http://news.mk.co.kr/news_forward.php?domain=news&no=1383550&year=2014
142,독산 미니신도시 마지막 단지 '롯데캐슬 골드파크 타워 960' 분양,http://news1.kr/articles/?2394626
143,현대엠코 '대구 북죽곡 엠코타운 더 솔레뉴' 오는 7일 분양,http://www.ajunews.com/view/20140306175357910
144,초역세권 풍부한 임대수요 가진 광명역파크자이 오피스텔,http://www.dt.co.kr/contents.html?article_no=2014101302109919807030
145,"GS건설 ‘광명역파크자이’, 광명역세권택지內 랜드마크로 우뚝",http://nownews.seoul.co.kr/news/newsView.php?id=20140929601009
146,GS건설 '광명파크자이' 길하나 건너면 광명역,http://www.joseilbo.com/news/news_read.php?uid=233918&class=17&grp=
147,개발호재 풍부한 광명역세권 ‘광명역IDS’·’광명역파크자이2차’ 상호 시너지 발휘하며 분양 호황,http://news.khan.co.kr/kh_news/khan_art_view.html?artid=201512091055018&code=920202
148,"광명역 파크자이 전타입 1순위 마감, 교통환경 우수해 수요자 몰려…",http://biz.heraldcorp.com/view.php?ud=20141113000348
149,미래가치가 뛰어나고 교통편이 우수한 광명역 파크자이 수요자 몰려…,http://www.wowtv.co.kr/newscenter/news/view.asp?bcode=T30001000&artid=A201411120161
150,분양시장 훈풍 속 광명 역세권 중심 ‘광명역 파크자이’ 주목,http://nownews.seoul.co.kr/news/newsView.php?id=20141111601008
151,20대 대선 춘천시 투표소 85곳··· 코로나 확진·격리자도 직접 투표,https://www.mstoday.co.kr/news/articleView.html?idxno=77820
152,'송도 캠퍼스타운' 견본주택 주말 1만2000여명 몰려,http://www.ajunews.com/common/redirect.jsp?newsId=20121015000201
153,[News Digest]현대·기아차 中서 판매량 ‘쑥’ - 11월 9~13일,http://www.kbizweek.com/cp/view.asp?vol_no=729&art_no=8&sec_cd=1658
154,[광명역 파크자이②입지] 축구장 20배 크기 새물공원 단지와 맞닿아,http://www.hankyung.com/news/app/newsview.php?aid=201410116803e
155,'배수후요 탄탄' 광명역 파크자이 오피스텔 인기,http://www.newspim.com/common/redirect.jsp?newsId=20141010000241
156,"사통팔달의 초역세권 아파트, GS건설 ‘광명역파크자이’ 10월 분양",http://news.donga.com/3/all/20141002/66890022/2
157,"초역세권, 사통팔달의 교통여건 뛰어난, GS건설 '광명역파크자이' 10월 분양",http://www.wowtv.co.kr/newscenter/news/view.asp?bcode=T30001000&artid=A201410010215
158,광명역 랜드마크 등장 GS건설 '광명역파크자이’ 10월 분양,http://biz.heraldcorp.com/view.php?ud=20140930000214
159,"GS건설, 초역세권 ‘광명역파크자이’ 10월 분양",http://www.ebn.co.kr/news/view/707237
160,"GS건설, 초역세권 ‘광명역파크자이’ 10월 분양",http://www.ebn.co.kr/news/view/707237
161,중국 ‘사드보복’에 당한 우리기업 상처 아직 아물지 않았다,http://www.skyedaily.com/news/news_view.html?ID=151436
162,<美남부 `자동차벨트'를 가다> 완공 임박한 기아차공장,https://news.naver.com/main/read.naver?mode=LSD&mid=sec&sid1=103&oid=001&aid=0002236091
163,"1,211세대 대단지 구성...배후입지 풍부 '광명역파크자이' 분양",http://www.ajunews.com/view/20141016083457245
164,"[분양]GS건설, '광명역 파크자이' 1211가구",http://www.newsis.com/ar_detail/view.html?ar_id=NISX20140924_0013190298&cID=10402&pID=10400
165,송도 캠퍼스타운 견본주택 주말동안 1만여명 방문,http://view.heraldcorp.com/view.php?ud=20121015000058
166,기아차 美공장 있는 마을에 가보니…,https://news.naver.com/main/read.naver?mode=LSD&mid=sec&sid1=101&oid=001&aid=0003142448
167,"광명역 파크자이, KTX 광명역 역세권…생태공원이 앞마당",http://www.hankyung.com/news/app/newsview.php?aid=2014101280591
168,"GS건설 '광명역 파크자이', KTX역 인근…거실 넓고 '알파룸' 추가",http://www.hankyung.com/news/app/newsview.php?aid=2014100910651
169,"[분양 현장 포커스] 광명역파크자이, KTX광명역세권…서울까지 15분",http://www.hankyung.com/news/app/newsview.php?aid=2014100568251
170,"GS건설, 내달 초역세권 단지 '광명역파크자이' 분양",http://www.newspim.com/common/redirect.jsp?newsId=20140923000249
171,중국 ‘사드보복’에 당한 우리기업 상처 아직 아물지 않았다,http://www.skyedaily.com/news/news_view.html?ID=151436
172,<美남부 `자동차벨트'를 가다> 완공 임박한 기아차공장,https://news.naver.com/main/read.naver?mode=LSD&mid=sec&sid1=103&oid=001&aid=0002236091
173,"1,211세대 대단지 구성...배후입지 풍부 '광명역파크자이' 분양",http://www.ajunews.com/view/20141016083457245
174,"[분양]GS건설, '광명역 파크자이' 1211가구",http://www.newsis.com/ar_detail/view.html?ar_id=NISX20140924_0013190298&cID=10402&pID=10400
175,송도 캠퍼스타운 견본주택 주말동안 1만여명 방문,http://view.heraldcorp.com/view.php?ud=20121015000058
176,기아차 美공장 있는 마을에 가보니…,https://news.naver.com/main/read.naver?mode=LSD&mid=sec&sid1=101&oid=001&aid=0003142448
177,"광명역 파크자이, KTX 광명역 역세권…생태공원이 앞마당",http://www.hankyung.com/news/app/newsview.php?aid=2014101280591
178,"GS건설 '광명역 파크자이', KTX역 인근…거실 넓고 '알파룸' 추가",http://www.hankyung.com/news/app/newsview.php?aid=2014100910651
179,"[분양 현장 포커스] 광명역파크자이, KTX광명역세권…서울까지 15분",http://www.hankyung.com/news/app/newsview.php?aid=2014100568251
180,"광명역 파크자이, KTX 광명역 역세권…생태공원이 앞마당",http://www.hankyung.com/news/app/newsview.php?aid=2014101280591
181,"GS건설 '광명역 파크자이', KTX역 인근…거실 넓고 '알파룸' 추가",http://www.hankyung.com/news/app/newsview.php?aid=2014100910651
182,"[분양 현장 포커스] 광명역파크자이, KTX광명역세권…서울까지 15분",http://www.hankyung.com/news/app/newsview.php?aid=2014100568251
183,화성 '송산그린시티' 60만평에 '에듀타운.화성테크노밸리' 조성,https://news.naver.com/main/read.naver?mode=LSD&mid=sec&sid1=101&oid=003&aid=0000331713
184,美기아차 부품업체에 구직자 대거 몰려,https://news.naver.com/main/read.naver?mode=LSD&mid=sec&sid1=101&oid=001&aid=0002495705
185,"[KBO 리그 10개 구단 스프링캠프 총정리]설날 전후해 30여일 국내에서 스프링캠프 차려…새 외국인선수·FA·신인 합류가 관심거리, 오미크론 확산에 우려도 커져,",http://www.maniareport.com/view.php?ud=20220201041009357218e70538d2_19
186,코로나에 야구 ‘봄캠프’ 시작부터 몸살…확진 비상[SS포커스],http://www.sportsseoul.com/news/read/1094995?ref=naver
187,프로야구 2년 연속 ‘국내 스프링캠프’,http://www.segye.com/content/html/2022/01/27/20220127517163.html?OutUrl=naver
188,"우연의 일치? 2021시즌 윗물-아랫물, 엇갈린 설 연휴 풍경'[SC줌인]",http://sports.chosun.com/news/ntype.htm?id=202201270100169200010465&servicedate=20220126
189,"정의선, 성과금 '150억' 쐈다…직원은 ""글쎄""",https://www.straightnews.co.kr/news/articleView.html?idxno=203373
190,"""강진베이스볼파크는 선수의 낙원""",http://siminilbo.co.kr/main/list.html?bmain=view&num=279834
191,[오늘의 주요 일정] '엠넷 아이돌학교 투표조작' CP 2심 선고,http://www.safetimes.co.kr/news/articleView.html?idxno=106612
192,<확대경>‘업계 2위’ 탈환 나선 기아자동차,https://news.naver.com/main/read.naver?mode=LSD&mid=sec&sid1=101&oid=001&aid=0004431268
193,<확대경> 국내외로 확산되는 기아파업 파장,https://news.naver.com/main/read.naver?mode=LSD&mid=sec&sid1=101&oid=001&aid=0004387624
194,"기아자판, 백화점서 신차발표회",https://news.naver.com/main/read.naver?mode=LSD&mid=sec&sid1=101&oid=001&aid=0004363521
195,화성 '에듀타운-테크노밸리' 경제효과 5조원 육박,https://news.naver.com/main/read.naver?mode=LSD&mid=sec&sid1=102&oid=003&aid=0000374055
196,"[부동산 기행] 경부고속철 광명역 일대, 역세권 주거타운 변신 채비",https://news.naver.com/main/read.naver?mode=LSD&mid=sec&sid1=101&oid=015&aid=0000477345
197,"프로야구 10개 구단, 2년 연속 '국내 스프링캠프'",http://www.newsis.com/view/?id=NISX20220110_0001719292&cID=10502&pID=10500
198,"프로야구 10개 구단, 국내서 한 시즌 견딜 힘 기른다",https://www.idaegu.co.kr/news/articleView.html?idxno=369129
199,"""차만 팔아선 못살아""…정의선 ""AI·로봇·도심항공 '글로벌 리더' 되겠다""",http://news.mk.co.kr/newsRead.php?no=5537&year=2022
200,"""차만 팔아선 못살아""…정의선 ""AI·로봇·도심항공 '글로벌 리더' 되겠다""",http://news.mk.co.kr/newsRead.php?no=5537&year=2022
201,프로야구 2년 연속 국내 스프링캠프…통영·고흥 새로 등장,http://yna.kr/AKR20220104104100007?did=1195m
202,"<프로야구소식> 기아, 코칭스태프와 전원 재계약",https://sports.news.naver.com/news.nhn?oid=001&aid=0000267231
203,현대기아차 계열 엠코 “베트남에 복합리조트”,http://www.donga.com/fbin/output?n=200710190147
204,"[금일 산업계 주요기사] ""사상 최대 세대교체 인사"" 현대차그룹, 신규 임원 203명 선임 … ""빅데이터-AI-클라우드 첨단 인프라 구축"" 카카오, 데이터센터 착공식 外",http://www.youthdaily.co.kr/news/article.html?no=88567
205,"[현장] 서울모빌리티쇼, 내년 국내에서 펼쳐질 전기차 경쟁 예고하다",https://www.businesspost.co.kr/BP?command=article_view&num=261432
206,"‘완전 자율주행’ 아이오닉5, 내년 상반기 서울 도심 달린다",https://www.hankyung.com/economy/article/2021112550161
207,"정의선, 혁신의 1년 ⋯ ""상상을 현실로""",http://www.fortunekorea.co.kr/news/articleView.html?idxno=20615
208,'이순신 리더십' 곱씹은 정의선 회장…취임 1주년 어떻게 달라졌나,https://www.asiatime.co.kr/article/20211011500065
209,[오늘의 주요 일정·27일] '영종도 8세 딸 학대 살인' 공판,http://www.safetimes.co.kr/news/articleView.html?idxno=102435
210,'이순신 리더십' 곱씹은 정의선 회장…취임 1주년 어떻게 달라졌나,https://www.asiatime.co.kr/article/20211011500065
211,[오늘의 주요 일정·27일] '영종도 8세 딸 학대 살인' 공판,http://www.safetimes.co.kr/news/articleView.html?idxno=102435
212,"소리 소문 없이 사라진 비운의 자동차, 높은 가격-생소한 외모 등 원인 [모터그램]",http://www.sisunnews.co.kr/news/articleView.html?idxno=145840
213,"[K-Biz 리뷰] 삼성전자, 테슬라 반도체 'D1' 위탁생산 유력·대우조선-삼성중공업, '2.8조' 쇄빙 LNG선 8척 수주 초읽기(8월4주차)",https://www.theguru.co.kr/news/article.html?no=24781
214,‘롯데의 시간’이 오고 있음을 보여 줄 야심작 롯데백화점 동탄점,https://magazine.hankyung.com/business/article/202108179899b
215,[2021 고객 신뢰도 1위 프리미엄 브랜드] 시장이 믿고 선택한 대한민국 최고 브랜드,http://jmagazine.joins.com/forbes/view/334506
216,쇼핑명가의 화려한 부활…동탄서 펼친 롯데의 '파격 실험' [박동휘의 컨슈머 리포트],https://www.hankyung.com/economy/article/202107112432i
217,"[IT돋보기] '협약체결 네버엔딩'…카카오모빌리티, 끝없는 질주",http://www.inews24.com/view/1384055
218,"[SR재계] 그룹 총수, 잇단 해외 출장…현지사업 점검·네트워크 미팅 재개 차원",http://www.srtimes.kr/news/articleView.html?idxno=96920
219,"[K-Biz 리뷰] 대우조선, '2.5조‘ 해양플랜트 수주·'엔진떨림' 제네시스 GV80 美집단소송 휘말려(6월3주차)",https://www.theguru.co.kr/news/article.html?no=22491
220,"[K-Biz 리뷰] 대우조선, '2.5조‘ 해양플랜트 수주·'엔진떨림' 제네시스 GV80 美집단소송 휘말려(6월3주차)",https://www.theguru.co.kr/news/article.html?no=22491
221,"한화건설, '한화 포레나 서충주' 오늘부터 1순위 청약 접수",http://www.ksilbo.co.kr/news/articleView.html?idxno=905848
222,"[SR재계] 정의선·정몽규 회장, 도쿄올림픽 참석 검토",http://www.srtimes.kr/news/articleView.html?idxno=96363
223,충주기업도시에 ‘한화 포레나 서충주’ 사이버 견본주택 오픈,http://www.breaknews.com/815606
224,"한화건설, 내달 2일부터 ‘한화 포레나 서충주’ 분양 본격 실시",http://www.thepowernews.co.kr/view.php?ud=2021062113164576207a517a52c2_7
225,"[K-Biz 리뷰] '두슬라' 두산중공업, '8조' 체코원전 수주 청신호·'삼성·현대차·한온시스템 투자' 美솔리드파워 상장 추진'(6월2주차)",https://www.theguru.co.kr/news/article.html?no=22273
226,"한화건설, 충주 '한화 포레나 서충주' 사이버 견본주택 오픈…내달 분양",http://www.startuptoday.co.kr/news/articleView.html?idxno=78719
227,"[K-Biz 리뷰] 'LG-마그나' 합작사 EU 문턱 넘다·'잘 키운 딸 하나' 유튜브 햄연지, 오뚜기 8배(5월4주차)",https://www.theguru.co.kr/news/article.html?no=21892
228,[2021 그곳에 살고 싶다] <18> 몽고메리,http://www.koreadaily.com/news/read.asp?art_id=9438722
229,"[K-Biz 리뷰] 삼성전자, 美스무디킹에 디지털 사이니지 공급(5월26일)",https://www.theguru.co.kr/news/article.html?no=21763
230,"한화건설, 충주 기업도시 ‘한화 포레나 서충주’ 사이버 견본주택 오픈..본격 분양 돌입",http://www.betanews.net:8080/article/1269051.html
231,"[K-Biz 리뷰] '두슬라' 두산중공업, '8조' 체코원전 수주 청신호·'삼성·현대차·한온시스템 투자' 美솔리드파워 상장 추진'(6월2주차)",https://www.theguru.co.kr/news/article.html?no=22273
232,"한화건설, 충주 '한화 포레나 서충주' 사이버 견본주택 오픈…내달 분양",http://www.startuptoday.co.kr/news/articleView.html?idxno=78719
233,"[K-Biz 리뷰] 'LG-마그나' 합작사 EU 문턱 넘다·'잘 키운 딸 하나' 유튜브 햄연지, 오뚜기 8배(5월4주차)",https://www.theguru.co.kr/news/article.html?no=21892
234,[2021 그곳에 살고 싶다] <18> 몽고메리,http://www.koreadaily.com/news/read.asp?art_id=9438722
235,"[K-Biz 리뷰] 삼성전자, 美스무디킹에 디지털 사이니지 공급(5월26일)",https://www.theguru.co.kr/news/article.html?no=21763
236,"[건설워치] 삼성물산, 래미안 브랜드 14년만에 새단장",http://www.newswatch.kr/news/articleView.html?idxno=54813
237,매력적인 신도시로 젊은이들 발길 이끈다,http://www.kbmaeil.com/news/articleView.html?idxno=876530
238,"한화건설, '한화 포레나 서충주' 6월 분양",http://www.techholic.co.kr/news/articleView.html?idxno=198291
239,"한화건설, 다음달 충북 충주기업도시 앞 ‘한화 포레나 서충주’ 공급",https://www.hankyung.com/realestate/article/202105200878i
240,"한화건설, 新주거중심 충주기업도시 내 '한화 포레나 서충주' 사이버 견본주택 오픈 분양 돌입",http://www.gukjenews.com/news/articleView.html?idxno=2249302
241,"[K-Biz 리뷰] '두슬라' 두산중공업, '8조' 체코원전 수주 청신호·'삼성·현대차·한온시스템 투자' 美솔리드파워 상장 추진'(6월2주차)",https://www.theguru.co.kr/news/article.html?no=22273
242,"한화건설, 충주 '한화 포레나 서충주' 사이버 견본주택 오픈…내달 분양",http://www.startuptoday.co.kr/news/articleView.html?idxno=78719
243,"[K-Biz 리뷰] 'LG-마그나' 합작사 EU 문턱 넘다·'잘 키운 딸 하나' 유튜브 햄연지, 오뚜기 8배(5월4주차)",https://www.theguru.co.kr/news/article.html?no=21892
244,[2021 그곳에 살고 싶다] <18> 몽고메리,http://www.koreadaily.com/news/read.asp?art_id=9438722
245,"[K-Biz 리뷰] 삼성전자, 美스무디킹에 디지털 사이니지 공급(5월26일)",https://www.theguru.co.kr/news/article.html?no=21763
246,"[건설워치] 삼성물산, 래미안 브랜드 14년만에 새단장",http://www.newswatch.kr/news/articleView.html?idxno=54813
247,매력적인 신도시로 젊은이들 발길 이끈다,http://www.kbmaeil.com/news/articleView.html?idxno=876530
248,"한화건설, '한화 포레나 서충주' 6월 분양",http://www.techholic.co.kr/news/articleView.html?idxno=198291
249,"한화건설, 다음달 충북 충주기업도시 앞 ‘한화 포레나 서충주’ 공급",https://www.hankyung.com/realestate/article/202105200878i
250,"한화건설, 충주 新주거중심 '한화 포레나 서충주' 본격 분양 돌입",http://www.m-i.kr/news/articleView.html?idxno=838886
251,"[K-Biz 리뷰] '두슬라' 두산중공업, '8조' 체코원전 수주 청신호·'삼성·현대차·한온시스템 투자' 美솔리드파워 상장 추진'(6월2주차)",https://www.theguru.co.kr/news/article.html?no=22273
252,"한화건설, 충주 '한화 포레나 서충주' 사이버 견본주택 오픈…내달 분양",http://www.startuptoday.co.kr/news/articleView.html?idxno=78719
253,"[K-Biz 리뷰] 'LG-마그나' 합작사 EU 문턱 넘다·'잘 키운 딸 하나' 유튜브 햄연지, 오뚜기 8배(5월4주차)",https://www.theguru.co.kr/news/article.html?no=21892
254,[2021 그곳에 살고 싶다] <18> 몽고메리,http://www.koreadaily.com/news/read.asp?art_id=9438722
255,"[K-Biz 리뷰] 삼성전자, 美스무디킹에 디지털 사이니지 공급(5월26일)",https://www.theguru.co.kr/news/article.html?no=21763
256,"[건설워치] 삼성물산, 래미안 브랜드 14년만에 새단장",http://www.newswatch.kr/news/articleView.html?idxno=54813
257,매력적인 신도시로 젊은이들 발길 이끈다,http://www.kbmaeil.com/news/articleView.html?idxno=876530
258,"한화건설, '한화 포레나 서충주' 6월 분양",http://www.techholic.co.kr/news/articleView.html?idxno=198291
259,"한화건설, 다음달 충북 충주기업도시 앞 ‘한화 포레나 서충주’ 공급",https://www.hankyung.com/realestate/article/202105200878i
260,충주 첫 '포레나'···한화 포레나 서충주 분양 절차 본격화,https://www.sedaily.com/NewsView/22NQ2AFQT1
261,"[K-Biz 리뷰] 삼성전자, 美스무디킹에 디지털 사이니지 공급(5월26일)",https://www.theguru.co.kr/news/article.html?no=21763
262,"[건설워치] 삼성물산, 래미안 브랜드 14년만에 새단장",http://www.newswatch.kr/news/articleView.html?idxno=54813
263,매력적인 신도시로 젊은이들 발길 이끈다,http://www.kbmaeil.com/news/articleView.html?idxno=876530
264,"한화건설, '한화 포레나 서충주' 6월 분양",http://www.techholic.co.kr/news/articleView.html?idxno=198291
265,"한화건설, 다음달 충북 충주기업도시 앞 ‘한화 포레나 서충주’ 공급",https://www.hankyung.com/realestate/article/202105200878i
266,新주거중심 충주에 들어선다… 한화건설 '한화 포레나 서충주' 6월 분양,http://www.ikld.kr/news/articleView.html?idxno=234597
267,"한화건설, '한화 포레나 서충주' 6월 분양…새 주거중심 눈길",http://news.mk.co.kr/newsRead.php?no=468881&year=2021
268,"[충청브리핑] ‘K-반도체 벨트’, 화성~용인~평택~온양~괴산",http://cc.newdaily.co.kr/site/data/html/2021/05/14/2021051400006.html
269,"한화건설, ‘한화 포레나 서충주’ 6월 분양 나선다",https://www.inthenews.co.kr/news/article.html?no=34218
270,"[충청브리핑] ‘K-반도체 벨트’, 화성~용인~평택~온양~괴산",http://cc.newdaily.co.kr/site/data/html/2021/05/14/2021051400006.html
271,"한화건설, ‘한화 포레나 서충주’ 6월 분양 나선다",https://www.inthenews.co.kr/news/article.html?no=34218
272,"[분양 돋보기] 대우건설, 포스코건설, 한화건설",http://www.newspost.kr/news/articleView.html?idxno=93129
273,"“충주시 첫 포레나”...한화건설, ‘한화 포레나 서충주’ 분양",http://www.youthdaily.co.kr/news/article.html?no=70800
274,[Who Is ?] 조현식 한국앤컴퍼니 대표이사 부회장,https://www.businesspost.co.kr/BP?command=article_view&num=225061
275,[오늘의 주요일정·30일] '2천억대 횡령·배임' 최신원 SK네트웍스 회장 공판,http://www.safetimes.co.kr/news/articleView.html?idxno=93661
276,‘THE 세계대학 영향력 평가’ 3년 연속 세계 200위권,https://www.pressian.com/pages/articles/2021042218141488531?utm_source=naver&utm_medium=search
277,"[비바100] 대기업 인근 지식산업센터, 분양시장 인기몰이",http://www.viva100.com/main/view.php?key=20210314010003572
278,"수베로 한화 감독 ""선수들 성장"" 1, 2차 스프링캠프 종료",http://www.joynews24.com/view/1346509
279,"현대·삼성·LG 후광효과 ‘톡톡’, 대기업 인근 지식산업센터 분양 활기",http://www.fntimes.com/html/view.php?ud=2021030416091648655e6e69892f_18
280,한화건설 '한화 포레나 서충주' 6월 분양,http://www.wikileaks-kr.org/news/articleView.html?idxno=107870
281,[Who Is ?] 조현식 한국앤컴퍼니 대표이사 부회장,https://www.businesspost.co.kr/BP?command=article_view&num=225061
282,[오늘의 주요일정·30일] '2천억대 횡령·배임' 최신원 SK네트웍스 회장 공판,http://www.safetimes.co.kr/news/articleView.html?idxno=93661
283,‘THE 세계대학 영향력 평가’ 3년 연속 세계 200위권,https://www.pressian.com/pages/articles/2021042218141488531?utm_source=naver&utm_medium=search
284,"[비바100] 대기업 인근 지식산업센터, 분양시장 인기몰이",http://www.viva100.com/main/view.php?key=20210314010003572
285,"수베로 한화 감독 ""선수들 성장"" 1, 2차 스프링캠프 종료",http://www.joynews24.com/view/1346509
286,"현대·삼성·LG 후광효과 ‘톡톡’, 대기업 인근 지식산업센터 분양 활기",http://www.fntimes.com/html/view.php?ud=2021030416091648655e6e69892f_18
287,"왜곡은 기본, 날조는 덤… ‘자칭 대국’ 중국의 민낯",http://moneys.mt.co.kr/news/mwView.php?no=2021022614468074452
288,[시경Today-부동산] '힐스테이트 광천' 12일 사이버 견본주택 개관 外,http://www.meconomynews.com/news/articleView.html?idxno=51151
289,프로야구 39년 만에 다함께 국내서 ‘봄 야구농사’ 시작,http://www.hani.co.kr/arti/sports/baseball/981221.html
290,"한화건설, '한화 포레나 서충주' 내달 분양",http://www.whitepaper.co.kr/news/articleView.html?idxno=205849
291,[Who Is ?] 조현식 한국앤컴퍼니 대표이사 부회장,https://www.businesspost.co.kr/BP?command=article_view&num=225061
292,[오늘의 주요일정·30일] '2천억대 횡령·배임' 최신원 SK네트웍스 회장 공판,http://www.safetimes.co.kr/news/articleView.html?idxno=93661
293,‘THE 세계대학 영향력 평가’ 3년 연속 세계 200위권,https://www.pressian.com/pages/articles/2021042218141488531?utm_source=naver&utm_medium=search
294,"[비바100] 대기업 인근 지식산업센터, 분양시장 인기몰이",http://www.viva100.com/main/view.php?key=20210314010003572
295,"수베로 한화 감독 ""선수들 성장"" 1, 2차 스프링캠프 종료",http://www.joynews24.com/view/1346509
296,"현대·삼성·LG 후광효과 ‘톡톡’, 대기업 인근 지식산업센터 분양 활기",http://www.fntimes.com/html/view.php?ud=2021030416091648655e6e69892f_18
297,"왜곡은 기본, 날조는 덤… ‘자칭 대국’ 중국의 민낯",http://moneys.mt.co.kr/news/mwView.php?no=2021022614468074452
298,[시경Today-부동산] '힐스테이트 광천' 12일 사이버 견본주택 개관 外,http://www.meconomynews.com/news/articleView.html?idxno=51151
299,프로야구 39년 만에 다함께 국내서 ‘봄 야구농사’ 시작,http://www.hani.co.kr/arti/sports/baseball/981221.html
300,'한화 포레나 서충주' 6월 분양…478가구 규모,https://view.asiae.co.kr/article/2021051110121575082
301,[Who Is ?] 조현식 한국앤컴퍼니 대표이사 부회장,https://www.businesspost.co.kr/BP?command=article_view&num=225061
302,[오늘의 주요일정·30일] '2천억대 횡령·배임' 최신원 SK네트웍스 회장 공판,http://www.safetimes.co.kr/news/articleView.html?idxno=93661
303,‘THE 세계대학 영향력 평가’ 3년 연속 세계 200위권,https://www.pressian.com/pages/articles/2021042218141488531?utm_source=naver&utm_medium=search
304,"[비바100] 대기업 인근 지식산업센터, 분양시장 인기몰이",http://www.viva100.com/main/view.php?key=20210314010003572
305,"수베로 한화 감독 ""선수들 성장"" 1, 2차 스프링캠프 종료",http://www.joynews24.com/view/1346509
306,"현대·삼성·LG 후광효과 ‘톡톡’, 대기업 인근 지식산업센터 분양 활기",http://www.fntimes.com/html/view.php?ud=2021030416091648655e6e69892f_18
307,"왜곡은 기본, 날조는 덤… ‘자칭 대국’ 중국의 민낯",http://moneys.mt.co.kr/news/mwView.php?no=2021022614468074452
308,[시경Today-부동산] '힐스테이트 광천' 12일 사이버 견본주택 개관 外,http://www.meconomynews.com/news/articleView.html?idxno=51151
309,프로야구 39년 만에 다함께 국내서 ‘봄 야구농사’ 시작,http://www.hani.co.kr/arti/sports/baseball/981221.html
310,"현대·삼성·LG 후광효과 ‘톡톡’, 대기업 인근 지식산업센터 분양 활기",http://www.fntimes.com/html/view.php?ud=2021030416091648655e6e69892f_18
311,"왜곡은 기본, 날조는 덤… ‘자칭 대국’ 중국의 민낯",http://moneys.mt.co.kr/news/mwView.php?no=2021022614468074452
312,"수베로 감독 ""선수들 성장 보였다""…거제부터 대전까지, 한화 캠프 종료",http://www.spotvnews.co.kr/?mod=news&act=articleView&idxno=406928
313,[시경Today-부동산] '힐스테이트 광천' 12일 사이버 견본주택 개관 外,http://www.meconomynews.com/news/articleView.html?idxno=51151
314,프로야구 39년 만에 다함께 국내서 ‘봄 야구농사’ 시작,http://www.hani.co.kr/arti/sports/baseball/981221.html
315,프로야구 외국인 선수 속속 훈련 합류…영상보고 원격 처방도,http://yna.kr/AKR20210206034000007?did=1195m
316,'해외 대신 국내서' 프로야구. 2월 1일 스프링캠프 본격 개막,http://starin.edaily.co.kr/news/newspath.asp?newsid=01079126628946256
317,"코로나 때문에… 프로야구 구단, 국내 훈련 캠프 준비 한창",http://www.m-i.kr/news/articleView.html?idxno=786720
318,천막 치고 방한용품 늘리고…프로야구 동계훈련 준비 '착착',http://yna.kr/AKR20210113142400007?did=1195m
319,"전국 곳곳이 야구 캠프, 두산·한화는 설날도 강행군",http://star.mt.co.kr/stview.php?no=2021012623562478946
320,"전국 곳곳이 야구 캠프, 두산·한화는 설날도 강행군",http://star.mt.co.kr/stview.php?no=2021012623562478946
321,스토브리그는 끝났다!… 프로야구 스프링캠프 ‘스타트’,http://www.segye.com/content/html/2021/02/01/20210201514950.html?OutUrl=naver
322,“에너지산업의 새 성장동력 발굴하는 업계의 혜안 필요”,https://www.donga.com/news/article/all/20201222/104598393/1
323,"국내 스프링캠프 10개 구단, 추위와 싸움 돌입…방한 장비·용품 준비",https://www.asiatoday.co.kr/view.php?key=20210114010008130
324,"프로야구 10구단, 전지훈련 어디서 하나요?",http://www.sportsq.co.kr/news/articleView.html?idxno=422099
325,‘남해권·수도권·홈구장’ 10개 구단 1군 스프링캠프 각양각색,https://sports.donga.com/article/all/20210107/104818173/1
326,[독립검증위원회] 일본 아사히신문 ‘위안부 보도’에 대한 검증보고서 (영향2·맺음말),https://www.mediawatch.kr/news/article.html?no=255266
327,[희망 21…내 집 꼭] 과천 등 '알짜' 미니 신도시도 있다,http://www.straightnews.co.kr/news/articleView.html?idxno=94152
328,"광주역, 도시재생 국가시범지구 선정…호남권 최대 창업단지로 재탄생",http://www.newsprime.co.kr/news/article.html?no=528313
329,"""내년엔 천안 지역 경제 회복을 최우선에 두겠다""",http://www.ohmynews.com/NWS_Web/View/at_pg.aspx?CNTN_CD=A0002698828&CMPT_CD=P0010&utm_source=naver&utm_medium=newsearch&utm_campaign=naver_news
330,"""내년엔 천안 지역 경제 회복을 최우선에 두겠다""",http://www.ohmynews.com/NWS_Web/View/at_pg.aspx?CNTN_CD=A0002698828&CMPT_CD=P0010&utm_source=naver&utm_medium=newsearch&utm_campaign=naver_news
331,"광주역, 호남권 최대 창업단지로···2025년까지 1조2천억원 투입",http://www.gukjenews.com/news/articleView.html?idxno=2130702
332,"광주역, '호남권 최대 창업단지'로 새롭게 태어난다",http://www.breaknews.com/775208
333,"광주역, 2025년까지 1조2천억 원 투입",http://www.siminilbo.co.kr/news/newsview.php?ncode=1065591840221191
334,[2021 재계 기상도] 포스트 코로나 핵심인재 확보 총력전,https://www.etoday.co.kr/news/view/1979021
335,"[부동산 특집] 올해 막바지 분양시장, 주요 건설사 아파트 물량 쏟아져...",https://hankookilbo.com/News/Read/A2020121708390001410?did=NA
336,"서해복선전철 호재 화성 향남전원주택 '이든하임', 1차 분양 마감 임박",https://www.econovill.com/news/articleView.html?idxno=507741
337,"우미건설, 동탄 산업·주거 융합…베드타운은 잊어라",http://news.mk.co.kr/newsRead.php?no=212224&year=2016
338,"한화건설, '한화 포레나 서충주' 6월 분양",http://www.metroseoul.co.kr/article/20210511500432
339,"‘주상복합의 귀환’, 인기 다시 급상승",http://www.rcast.co.kr/sub02.php?BRD_ID=1603755595875
340,"광주역, 호남권 최대 창업단지 조성…2025년까지 1조2천억 투입",http://www.getnews.co.kr/news/articleView.html?idxno=505763
341,"[부동산 특집] 올해 막바지 분양시장, 주요 건설사 아파트 물량 쏟아져...",https://hankookilbo.com/News/Read/A2020121708390001410?did=NA
342,"서해복선전철 호재 화성 향남전원주택 '이든하임', 1차 분양 마감 임박",https://www.econovill.com/news/articleView.html?idxno=507741
343,"우미건설, 동탄 산업·주거 융합…베드타운은 잊어라",http://news.mk.co.kr/newsRead.php?no=212224&year=2016
344,"한화건설, '한화 포레나 서충주' 6월 분양",http://www.metroseoul.co.kr/article/20210511500432
345,"‘주상복합의 귀환’, 인기 다시 급상승",http://www.rcast.co.kr/sub02.php?BRD_ID=1603755595875
346,"청약시장, ‘주상복합의 귀환’…인기 다시 급상승",http://www.lawissue.co.kr/view.php?ud=2020102611414917567191f6c6e_12
347,남양건설-유탑그룹 동반성장 손잡았다,http://www.kjdaily.com/read.php3?aid=1603188281527393004
348,"정부, 수소경제 활성화 박차…수소발전의무화 도입",http://www.kukinews.com/newsView/kuk202010150261
349,[K-Biz 리뷰] '대우조선·삼성중공업 강점' 해상풍력선 발주 봇물 터지나·SK바이오팜 '세노바메이트' 유럽 진출 속도(8월3주차),https://www.theguru.co.kr/news/article.html?no=13503
350,남양건설-유탑그룹 동반성장 손잡았다,http://www.kjdaily.com/read.php3?aid=1603188281527393004
351,"정부, 수소경제 활성화 박차…수소발전의무화 도입",http://www.kukinews.com/newsView/kuk202010150261
352,[K-Biz 리뷰] '대우조선·삼성중공업 강점' 해상풍력선 발주 봇물 터지나·SK바이오팜 '세노바메이트' 유럽 진출 속도(8월3주차),https://www.theguru.co.kr/news/article.html?no=13503
353,"남양건설, 경남 ‘창원현동 아파트 공사’ 수주 쾌거",http://www.kjdaily.com/read.php3?aid=1599646834523597004
354,[Who Is ?] 이용우 이노션월드와이드 대표이사 사장,http://www.businesspost.co.kr/BP?command=article_view&num=195299
355,[9일 K-아파트 입찰정보/종합] [경기] 통합(기계)경비 용역업체 선정 입찰공고(주엽강선마을6단지금호한양) [울산] 수목 전지 전정 사업자 선정 공고(남산 포스코더샵) 외 공동주택관리정보시스템 입찰 공고.,http://www.fintechpost.co.kr/news/articleView.html?idxno=107541
356,◇내일의 경기(20·21일),http://yna.kr/AKR20200618013500007?did=1195m
357,"LG화학, 갖은 악재 속 순항-배터리 부족 앞두고 신속 투자 계속",http://www.techholic.co.kr/news/articleView.html?idxno=191529
358,"현대차그룹 GBC, 6년만에 첫 삽…삼성동시대 기대",http://www.mediapen.com/news/view/523606
359,"무료한 주말? 한국 스포츠팬에겐 ""해당 없음""",http://www.newsian.co.kr/news/articleView.html?idxno=41513
360,"무료한 주말? 한국 스포츠팬에겐 ""해당 없음""",http://www.newsian.co.kr/news/articleView.html?idxno=41513
361,한국판 '디즈니랜드' 꿈꾸는 정의선의 현대차 GBC·드라이빙센터,http://www.dizzotv.com/site/data/html_dir/2020/06/22/2020062280206.html
362,"[주말의 경기]19일(금), 20일(토), 21일(일)",http://www.kyeongin.com/main/view.php?key=20200618010004650
363,[충청브리핑] 대전 다단계발 코로나 확산…일주일이 최대 ‘고비’,http://cc.newdaily.co.kr/site/data/html/2020/06/23/2020062300009.html
364,◇오늘의 경기(21일),http://yna.kr/AKR20200618013552007?did=1195m
365,스타트업과 손잡고 위기극복 나선 하나·KB·신한금융지주,http://daily.hankooki.com/lpage/finance/202006/dh20200618163148148320.htm?s_ref=nv
366,"신한금융, 신한퓨처스랩 지원기업 모집",https://www.venturesquare.net/810504
367,"신한금융, 대기업 파트너사와 공동으로 스타트업 선발·육성한다",https://www.news2day.co.kr/154354
368,"신한금융, 신한퓨처스랩 6-2기 모집 START",http://www.weeklytoday.com/news/articleView.html?idxno=191657
369,"[21일 낙찰/계약 동향] 북방면 건강생활지원센터 옆 마을쉼터 조성사업 폐기물처리용역, 광섬유 발광형 표지판 설치사업 실시설계용역, 축구부 동계훈련 버스 임차용역外 낙찰/계약 동향",http://www.fintechpost.co.kr/news/articleView.html?idxno=99460
370,"신한금융, 유니콘 기업 육성 '신한퓨처스랩' 6-2기 모집 ""세분화된 지원 강화""",http://www.startuptoday.co.kr/news/articleView.html?idxno=43726
371,"신한금융, 신한퓨처스랩 6-2기 모집 START",http://www.weeklytoday.com/news/articleView.html?idxno=191657
372,"[21일 낙찰/계약 동향] 북방면 건강생활지원센터 옆 마을쉼터 조성사업 폐기물처리용역, 광섬유 발광형 표지판 설치사업 실시설계용역, 축구부 동계훈련 버스 임차용역外 낙찰/계약 동향",http://www.fintechpost.co.kr/news/articleView.html?idxno=99460
373,민주당 광주 서구을 경선 후보 '경제 활성화' 적임자 자임,https://www.nocutnews.co.kr/news/5299962
374,"[5일 낙찰/계약 동향] 우리동네가게 아트테리어 지원사업 추진사업/지역-42841, 2020년 남양주 도서관 청소용역(평내도서관), 2019년~2020년 생활폐기물 수집운반 대행 용역(6권역)外 낙찰/계약 동향",http://www.fintechpost.co.kr/news/articleView.html?idxno=98030
375,Bacteria & Virus - 인류의 역사는 세균과 바이러스와의 전쟁이다,http://news.mk.co.kr/newsRead.php?no=284691&year=2020
376,남양건설 ‘창원현동 공공주택 건립공사’ 수주 나서,http://www.kjdaily.com/read.php3?aid=1589365910510429004
377,금주(1월 17일~23일)의 신설법인 1231개,https://www.hankyung.com/economy/article/202001235148i
378,[코로나19] 경남 확진자 동선 ( 3.10. 19시 기준),http://news.cjhello.com/news/newsView.do?soCode=SC20000000&idx=272690
379,[코로나19] 경남 확진자 동선 ( 3.9. 17시 기준),http://news.cjhello.com/news/newsView.do?soCode=SC20000000&idx=272585
380,"신한금융, 신한퓨처스랩 6-2기 모집 시작",http://gokorea.kr/news/view/685211
381,"[21일 낙찰/계약 동향] 북방면 건강생활지원센터 옆 마을쉼터 조성사업 폐기물처리용역, 광섬유 발광형 표지판 설치사업 실시설계용역, 축구부 동계훈련 버스 임차용역外 낙찰/계약 동향",http://www.fintechpost.co.kr/news/articleView.html?idxno=99460
382,민주당 광주 서구을 경선 후보 '경제 활성화' 적임자 자임,https://www.nocutnews.co.kr/news/5299962
383,"[5일 낙찰/계약 동향] 우리동네가게 아트테리어 지원사업 추진사업/지역-42841, 2020년 남양주 도서관 청소용역(평내도서관), 2019년~2020년 생활폐기물 수집운반 대행 용역(6권역)外 낙찰/계약 동향",http://www.fintechpost.co.kr/news/articleView.html?idxno=98030
384,Bacteria & Virus - 인류의 역사는 세균과 바이러스와의 전쟁이다,http://news.mk.co.kr/newsRead.php?no=284691&year=2020
385,남양건설 ‘창원현동 공공주택 건립공사’ 수주 나서,http://www.kjdaily.com/read.php3?aid=1589365910510429004
386,금주(1월 17일~23일)의 신설법인 1231개,https://www.hankyung.com/economy/article/202001235148i
387,[코로나19] 경남 확진자 동선 ( 3.10. 19시 기준),http://news.cjhello.com/news/newsView.do?soCode=SC20000000&idx=272690
388,[코로나19] 경남 확진자 동선 ( 3.9. 17시 기준),http://news.cjhello.com/news/newsView.do?soCode=SC20000000&idx=272585
389,[코로나19] 경남 확진자 동선 ( 3.6. 17시 기준),http://news.cjhello.com/news/newsView.do?soCode=SC20000000&idx=272502
390,[코로나19] 경남 확진자 동선 ( 3.6. 17시 기준),http://news.cjhello.com/news/newsView.do?soCode=SC20000000&idx=272502
391,"[4·15 총선 토론회, 광주 서구을]'호남대통령' 공방전 치열",https://www.nocutnews.co.kr/news/5318665
392,[코로나19] 경남 확진자 동선 ( 3.5. 21시 기준),http://news.cjhello.com/news/newsView.do?soCode=SC20000000&idx=272434
393,[코로나19] 경남 확진자 동선 ( 3.4. 19시 기준),http://news.cjhello.com/news/newsView.do?soCode=SC20000000&idx=272340
394,[코로나19] 경남 확진자 동선 ( 3.3. 19시 기준),http://news.cjhello.com/news/newsView.do?soCode=SC20000000&idx=272232
395,[코로나19] 경남 확진자 동선 (3. 2. 19시 기준),http://news.cjhello.com/news/newsView.do?soCode=SC20000000&idx=272139
396,[코로나19] 경남 확진자 동선(3.1. 17시 기준),http://news.cjhello.com/news/newsView.do?soCode=SC20000000&idx=272042
397,"[3일 낙찰/계약 동향] 새만금방조제 가력배수갑문 시설관리용 안전시설 설치공사, 영등포여고 CCTV 선로 공사, 북정동 삼성파출소 인근(중2-13) 도로보수공사外 낙찰/계약 동향",http://www.fintechpost.co.kr/news/articleView.html?idxno=93040
398,1월 14일 주요 한인사회 소식,http://www.radiokorea.com/news/article.php?uid=332150
399,"[25일 낙찰/계약 동향] 성지여중앞 사거리 일원 하수도 정비공사, 합포로 47 외 1개소 하수도 정비공사, 마산합포구 3.15대로 391-2 주변 외 13개소 오수관로 긴급 교체공사外 낙찰/계약 동향",http://www.fintechpost.co.kr/news/articleView.html?idxno=91282
400,"[25일 낙찰/계약 동향] 성지여중앞 사거리 일원 하수도 정비공사, 합포로 47 외 1개소 하수도 정비공사, 마산합포구 3.15대로 391-2 주변 외 13개소 오수관로 긴급 교체공사外 낙찰/계약 동향",http://www.fintechpost.co.kr/news/articleView.html?idxno=91282
401,[코로나19] 경남 확진자 동선(3.1. 10시 기준),http://news.cjhello.com/news/newsView.do?soCode=SC20000000&idx=272041
402,[코로나19] 경남 확진자 동선(2.28. 17시 기준),http://news.cjhello.com/news/newsView.do?soCode=SC20000000&idx=272040
403,"[4·15총선 토론회, 광주 북구갑]강한 집권 여당 VS 오만한 민주당 심판",https://www.nocutnews.co.kr/news/5322979
404,"박상돈 천안시장 예비후보 ""천안 위상 바꾸고 새로운 미래 그려 나갈 것""",http://ilyo.co.kr/?ac=article_view&entry_id=360773
405,"[17일 조달청 입찰정보/종합] 중저준위 방사성폐기물 해상운반경로 해양시료 방사능분석용역, 구)춘천문화원동(참여활성화 공간조성) 리모델링 전기공사외 나라장터 입찰 공고",http://www.fintechpost.co.kr/news/articleView.html?idxno=79063
406,[8일 캠코 공개매각 정보/온비드종합] 2020년 재활용 선별품(소형가전) 매각 단가계약외 온비드 공매 사이트 공고,http://www.fintechpost.co.kr/news/articleView.html?idxno=100773
407,"[민간기업 일자리 정보+] 엔아이티서비스 주식회사, 코레일유통주식회사, 넥슨지티(주), 네이버(주), 현대백화점외 공개 채용 공고 발표.",http://www.fintechpost.co.kr/news/articleView.html?idxno=79387
408,"왜 여의도에는 삼성 없을까…""돈 벌기 좋지만 지키기는 나쁜 땅""",http://www.newsworks.co.kr/news/articleView.html?idxno=426900
409,[Who Is ?] 박원순 서울특별시 시장,http://www.businesspost.co.kr/BP?command=article_view&num=158387
410,"[28일 조달청 입찰정보/종합] 정부세종청사 1~6동 팬코일 열교환기 구매, 주파수 공동사용 지원 시스템 고도화 및 개선 용역외 나라장터 입찰 공고",http://www.fintechpost.co.kr/news/articleView.html?idxno=73184
411,"[6일 조달청 입찰정보/종합] 동작구 크라우드 펀딩 연계 지원사업 용역 계약, 회천교 우회도로 배수로 정비공사외 나라장터 입찰 공고",http://www.fintechpost.co.kr/news/articleView.html?idxno=85728
412,"[민간기업 일자리 정보+] (주)LG화학, (주)현대그린푸드, E1, (주)동원홈푸드, (주)피앤피시큐어외 공개 채용 공고 발표.",http://www.fintechpost.co.kr/news/articleView.html?idxno=80614
413,"[리포트]한화, 신축 야구장에 '430억 투자'",https://tjmbc.co.kr/article/F5nwfNFBEMF1YI
414,"[리포트]한화, 신축 야구장에 '430억 투자'",https://tjmbc.co.kr/article/mS2otEDfE-kG7
415,전국 오늘의 주요 일정(12월12일·목),http://www.joongboo.com/news/articleView.html?idxno=363383977
416,"[2019 아파트 조경 ⑤] 현대엔지니어링 힐스테이트, 평범함을 넘어선 조화로운 조경",http://www.lak.co.kr/news/boardview.php?id=6759
417,"[8일 조달청 입찰정보/종합] 초촌면 연화리 경로당 보수공사, 승강기 검사지적사항 부품교체업체 선정 공고외 나라장터 입찰 공고",http://www.fintechpost.co.kr/news/articleView.html?idxno=67382
418,"대기업과 산업단지 효과, 부동산시장도 긍정적 영향 미치나?",http://www.lawissue.co.kr/view.php?ud=20191125161131692307f28b58b8_12
419,"[29일 조달청 입찰정보/종합] 상무지구 공공자전거 시스템 시범구축 용역, 금오공과대학교 실험실안전환경기반조성 안전장비 냉장시약장 등 2종 구매외 나라장터 입찰 공고",http://www.fintechpost.co.kr/news/articleView.html?idxno=73943
420,"대기업·산업단지 효과, 부동산시장도 들썩",http://www.viva100.com/main/view.php?key=20191125010008347
421,"[29일 조달청 입찰정보/종합] 상무지구 공공자전거 시스템 시범구축 용역, 금오공과대학교 실험실안전환경기반조성 안전장비 냉장시약장 등 2종 구매외 나라장터 입찰 공고",http://www.fintechpost.co.kr/news/articleView.html?idxno=73943
422,"[민간기업 일자리 정보+] (주)에스앤아이코퍼레이션, (주)금강레저, (주)대우건설, 흥국화재해상보험(주), DB손해보험외 공개 채용 공고 발표.",http://www.fintechpost.co.kr/news/articleView.html?idxno=74882
423,Great Plates Great States…남부 보수주의가 살아 숨쉬는 조지아주,http://www.koreadaily.com/news/read.asp?art_id=7668082
424,[미리보는 이데일리 신문]주52시간제·ICT가 바꾼 기업문화,http://www.edaily.co.kr/news/newspath.asp?newsid=04040966622715568
425,[위클리 이벤트] 2019 SWIK Con·제3회 부스터 외,https://www.venturesquare.net/789468
426,"[7일 조달청 입찰정보/종합] 사업단 기술적용 전략 상품 개발, 말리니 신규유통채널구축 및 통합홍보마케팅외 나라장터 입찰 공고",http://www.fintechpost.co.kr/news/articleView.html?idxno=47428
427,"[29일 조달청 입찰정보/종합] 쿨스팟 설치공사, 부산항 항만연관산업 육성지원 사무국 운영 용역외 나라장터 입찰 공고",http://www.fintechpost.co.kr/news/articleView.html?idxno=44945
428,[에너지경제신문 오프라인] 먼저 만나는 에너지경제신문 헤드라인 - 9월 10일,http://www.ekn.kr/news/article.html?no=452424
429,대기업 후광 효과… 아파트 분양도 잘나가네,http://www.viva100.com/main/view.php?key=20190512010003395
430,대기업 후광 효과… 아파트 분양도 잘나가네,http://www.viva100.com/main/view.php?key=20190512010003395
431,"축구 강원·야구 KIA·배구 흥국생명, 프로스포츠 CSR 훈훈",http://www.sportsq.co.kr/news/articleView.html?idxno=405022
432,아파트 신규 분양 시장서 `대기업 후광` 효과 눈길,http://news.mk.co.kr/newsRead.php?year=2019&no=305357
433,"[분양-줌인] 서희건설 이봉관 회장, 초역세권 '화성시청역 서희스타힐스' 분양에 관심집중",http://nbntv.co.kr/news/view/499727
434,"남양건설, 목포종합경기장 수주 ‘쾌거’",http://www.kjdaily.com/read.php3?aid=1569403659484523004
435,자족기능 강화한 신도시로 기업 이전 수요 높아지나,http://www.lawissue.co.kr/view.php?ud=20190806145143426767191f6c6e_12
436,[세계는 그리고 우리는] 오늘 시작된 2019 프로야구 개막전,https://news.naver.com/main/read.naver?mode=LSD&mid=sec&sid1=102&oid=214&aid=0000934692
437,[주말의 경기] 6월 15일 (토)·6월 16일 (일),http://www.newspim.com/news/view/20190614000307
438,◇내일의 경기(15·16일),http://yna.kr/AKR20190613011500007?did=1195m
439,환경·교통·생활편의 삼박자 갖췄다…서희건설 이봉관 회장 '화성시청역 서희스타힐스' 대단지 공급,http://viewers.heraldcorp.com/news/articleView.html?idxno=43842
440,주말의 스포츠 경기(6월15·16일·토·일),http://www.joongboo.com/news/articleView.html?idxno=1360520
441,환경·교통·생활편의 삼박자 갖췄다…서희건설 이봉관 회장 '화성시청역 서희스타힐스' 대단지 공급,http://viewers.heraldcorp.com/news/articleView.html?idxno=43842
442,"서희건설, 초역세권 대단지 ‘화성시청역 서희스타힐스’ 분양",http://www.breaknews.com/670990
443,한인들도 일본제품 불매운동 움직임,http://www.koreadaily.com/news/read.asp?art_id=7445427
444,"서희건설, 초역세권 `화성시청역 서희스타힐스` 분양",http://news.mk.co.kr/newsRead.php?year=2019&no=402021
445,7월 분양하는 ‘광천 e센트럴스퀘어’… 광주 ‘광천동 재개발사업’ 최대 수혜단지,http://news.heraldcorp.com/view.php?ud=20190719000158
446,서희건설 ‘화성시청역 서희스타힐스’ 분양 …역세권 대단지로 주목,http://www.betanews.net:8080/article/1034641.html
447,서희건설 '화성시청역 서희스타힐스' 초역세권 대단지로 주목,http://www.inews24.com/view/1195820
448,광주광역시 알짜 재개발 '광천 e센트럴스퀘어' 7월 분양,http://www.ikld.kr/news/articleView.html?idxno=206412
449,매머드급 단지 분양 서희건설이봉관 회장 지역주택조합 강자로 우뚝,http://www.ksilbo.co.kr/news/articleView.html?idxno=706913
450,광천동 재개발 최대 수혜지 '광천 e센트럴스퀘어' 7월 분양예정,http://news.wowtv.co.kr/NewsCenter/News/Read?articleId=A201907150536&t=NN
451,매머드급 단지 분양 서희건설이봉관 회장 지역주택조합 강자로 우뚝,http://www.ksilbo.co.kr/news/articleView.html?idxno=706913
452,‘경기장 일회용컵 줄이자’… 리유저블 제공으로 재사용 독려,http://www.sportsworldi.com/content/html/2019/07/16/20190716505240.html
453,"프로스포츠협회, 팬 참여 ‘경기장 일회용컵 줄이기 캠페인‘과 ’기부 프로그램‘ 실시 ",http://www.osen.co.kr/article/G1111186732
454,[2일 조달청 입찰정보/종합] 한림정수장 외 2개소 장외영향평가 작성용역외 나라장터 입찰 공고,http://www.fintechpost.co.kr/news/articleView.html?idxno=23380
455,"각종 업무지구, 자족기능 높인 '신도시'로 이전 수요 高高",http://www.inews24.com/view/1199464
456,[26일 조달청 입찰정보/종합] 구룡포 구평리 연안 파도막이 설치공사외 나라장터 입찰 공고,http://www.fintechpost.co.kr/news/articleView.html?idxno=28104
457,"대전시, 한화 새 홈구장 입지 21일 발표",http://sports.mk.co.kr/view.php?year=2019&no=168747
458,"SK건설 신흥 SK뷰, 경쟁률 63.3대 1 '뜨거운 인기 그 비결은'",http://www.ggilbo.com/news/articleView.html?idxno=690819
459,[분양정보]‘화성시청역 서희스타힐스' 분양,http://weekly.hankooki.com/lpage/economy/201906/wk20190617090132146430.htm
460,"SK건설 신흥 SK뷰, 경쟁률 63.3대 1 '뜨거운 인기 그 비결은'",http://www.ggilbo.com/news/articleView.html?idxno=690819
461,[분양정보]‘화성시청역 서희스타힐스' 분양,http://weekly.hankooki.com/lpage/economy/201906/wk20190617090132146430.htm
462,[부동산 가이드] 어바인,http://www.koreadaily.com/news/read.asp?art_id=7326283
463,"서희건설, '화성시청역 서희스타힐스' 분양中",http://www.sisaon.co.kr/news/articleView.html?idxno=95246
464,"서희건설, 초역세권 ‘화성시청역 서희스타힐스’ 분양 중",http://www.ebn.co.kr/news/view/988450
465,프로야구(KBO)-프로축구(K리그) 하나 된 CSR '다회용컵 씁시다',http://www.sportsq.co.kr/news/articleView.html?idxno=403854
466,창원 새 야구장 명칭 확정…이젠 '야구발전 대책',http://www.idomin.com/?mod=news&act=articleView&idxno=584982
467,"중구, 한밭종합운동장의 부활과 재탄생",http://www.dtnews24.com/news/articleView.html?idxno=532791
468,"""선상야구장-외곽 접근형"" 대전 새 야구장 유치전, 동구·대덕구청장에게 듣다",http://www.cctoday.co.kr/?mod=news&act=articleView&idxno=1188511
469,"""대전 새 야구장, 신대동 놓치면 대전시가 손해죠""",http://www.chungnamilbo.com/news/articleView.html?idxno=480800
470,[뉴스워커_서희건설] '화성시청역 서희스타힐스' 분양 중,http://www.newsworker.co.kr/news/articleView.html?idxno=31265
471,프로야구(KBO)-프로축구(K리그) 하나 된 CSR '다회용컵 씁시다',http://www.sportsq.co.kr/news/articleView.html?idxno=403854
472,창원 새 야구장 명칭 확정…이젠 '야구발전 대책',http://www.idomin.com/?mod=news&act=articleView&idxno=584982
473,"중구, 한밭종합운동장의 부활과 재탄생",http://www.dtnews24.com/news/articleView.html?idxno=532791
474,"""선상야구장-외곽 접근형"" 대전 새 야구장 유치전, 동구·대덕구청장에게 듣다",http://www.cctoday.co.kr/?mod=news&act=articleView&idxno=1188511
475,"""대전 새 야구장, 신대동 놓치면 대전시가 손해죠""",http://www.chungnamilbo.com/news/articleView.html?idxno=480800
476,中서 미운털 박힌 롯데…美선 애정 '듬뿍' 받는 이유는,http://www.inews24.com/view/1177953
477,"한화 새 홈구장, ‘한밭운동장’에 짓는다 “사업 실현성 고려”",http://sports.mk.co.kr/view.php?year=2019&no=170803
478,◇오늘의 경기(15일),http://yna.kr/AKR20190614022800007?did=1195m
479,"[주말의 경기]14일(금), 15일(토), 16일(일)",http://www.kyeongin.com/main/view.php?key=20190613010005007
480,中서 미운털 박힌 롯데…美선 애정 '듬뿍' 받는 이유는,http://www.inews24.com/view/1177953
481,"한화 새 홈구장, ‘한밭운동장’에 짓는다 “사업 실현성 고려”",http://sports.mk.co.kr/view.php?year=2019&no=170803
482,◇오늘의 경기(15일),http://yna.kr/AKR20190614022800007?did=1195m
483,"[주말의 경기]14일(금), 15일(토), 16일(일)",http://www.kyeongin.com/main/view.php?key=20190613010005007
484,"[커버스토리 ③ ""최대한 지원… 대전 연고 구단 책임 다할 것""",http://www.goodmorningcc.com/news/articleView.html?idxno=204424
485,"[커버스토리 ①] 대전야구장 어디로, 어떻게 지어질까?",http://www.goodmorningcc.com/news/articleView.html?idxno=204298
486,[11월4주차] 비즈니스피플 주간 임원인사 동향,http://www.businesspost.co.kr/BP?command=article_view&num=104535
487,"대덕구, 신대동에 대전야구장 유치 '시동'",http://www.goodmorningcc.com/news/articleView.html?idxno=203830
488,[에너지경제신문 오프라인] 에너지경제신문 헤드라인 - 1월 24일,http://www.ekn.kr/news/article.html?no=411226
489,"허태정 ""새 대전야구장, 한화가 지원해줘야""",http://www.goodmorningcc.com/news/articleView.html?idxno=202978
490,중앙공원 서구타워가 시민의 뜻일까?,http://www.gjdream.com/v2/news/view.html?news_type=201&uid=494021
491,"허태정 대전시장, 한화에 야구장 건립 지원 요청",http://www.ccdn.co.kr/news/articleView.html?idxno=547938
492,[에너지경제신문 오프라인] 먼저 만나는 에너지경제신문 헤드라인 - 3월 21일,http://www.ekn.kr/news/article.html?no=421633
493,"박정현 청장 ""대덕구, 야구장 최적지""",http://www.ccnnews.co.kr/news/articleView.html?idxno=130863
494,"""연휴 후유증 싹""…가을 감성 충만 추천 드라이브·여행지 셋",http://www.sisaon.co.kr/news/articleView.html?idxno=77910
495,전국서 가장 열악한 대전야구장… 한화이글스 건립비 분담 의사,http://www.cctoday.co.kr/?mod=news&act=articleView&idxno=1135917
496,산업단지 인근 풍부한 배후수요 갖춘 분양 물량 주목,http://www.betanews.net:8080/article/932957.html
497,배후수요 풍부한 산업단지 인근 분양 물량 잡아라,http://www.constimes.co.kr/news/articleView.html?idxno=203482
498,전국 시·도지사 주요일정(12월3일·월),http://www.joongboo.com/news/articleView.html?idxno=1307961
499,"신세계 정용진, 정의선 제쳤다",http://www.newstomato.com/ReadNews.aspx?no=855471
