,title,url
0,"뉴욕오토쇼, 코로나 딛고 3년 만에 재개…현대차·기아도 참가(종합)",https://www.yna.co.kr/view/AKR20220413173601072?did=1195m
1,뉴욕오토쇼 3년만 재개…현대차·기아 신형 팰리세이드 등 공개(종합2보),https://www.yna.co.kr/view/AKR20220413173651072?did=1195m
2,"뉴욕오토쇼, 코로나 딛고 3년 만에 재개…현대차·기아도 참가",https://www.yna.co.kr/view/AKR20220413173600072?did=1195m
3,[뉴욕 오토쇼] 3년만 개최…현대차·기아·지프 등 전기차·SUV 총집합,http://news.tf.co.kr/read/economy/1931753.htm
4,마포 주점 발 34명 등 신규감염 증가...기아차 공장 '델타 여부' 검사,https://www.ytn.co.kr/_ln/0103_202107281607203390
5,반도체·부품 대란에 신車 대기 시간 더 늘었다,http://www.newsis.com/view/?id=NISX20220506_0001862044&cID=13001&pID=13000
6,"車 반도체 부족에도 '어닝서프라이즈' 질주한 기아, 3분기도 달릴까",https://www.news1.kr/articles/?4464709
7,"현대차·기아, 국내 및 동남아 협력사에 마스크 지원",http://autotimes.hankyung.com/apps/news.sub_view?popup=0&nid=03&c1=03&c2=03&c3=00&nkey=202108221054171
8,"현대차·기아, 협력사에 마스크 178만개 지원",http://www.kjdaily.com/article.php?aid=1629715006554363004
9,"현대차·기아, 東亞 진출 협력사 ‘마스크’ 178만개 지원·",http://www.newsway.co.kr/news/view?tp=1&ud=2021082222125288148
10,"현대차·기아 ""국내 및 동남아 진출 협력사 대상 마스크 지원""",https://sports.hankooki.com/lpage/economy/202108/sp20210825172357136990.htm?s_ref=nv
11,"[N2 모닝 경제 브리핑-3월 8일] 美 증시, 전쟁 속 인플레 우려에 하락...유나이티드·델타 12%대 이상↓",https://www.news2day.co.kr/article/20220307500295
12,3월 마지막 주 슈퍼주총…SK·기아·카카오·LG 등 1546개 상장사 집중,http://www.intn.co.kr/news/articleView.html?idxno=2021430
13,"현대차·기아, 올해 동남아 집중 공략…판매 목표치 27%↑",http://www.weeklytrade.co.kr/news/view.html?section=1&category=5&item=&no=78605
14,[Who Is ?] 조원태 한진그룹 회장 겸 대한항공 대표이사,https://www.businesspost.co.kr/BP?command=article_view&num=279333
15,"'역대 최대 영업이익' 기아, 제값받기 통했다",http://www.fntimes.com/html/view.php?ud=2022012617001823347de3572ddd_18
16,반도체 쇼크는 문제되지 않았다 ...닫힐 일 없는 ‘현대차·기아 성장판’,http://moneys.mt.co.kr/news/mwView.php?no=2022011413568087979
17,뉴욕증시· 비트코인 흔들 WHO 오미크론 델타 비상사태 국채금리↑,http://www.g-enews.com/ko-kr/news/article/news_all/2021123015121144184a01bf698f_1/article.html
18,대우證 : LG하우시스 · 신성델타테크 · 기아차 등,http://www.seoulfn.com/news/articleView.html?idxno=93059
19,[2021년 국내 10대 뉴스] LH투기·델타변이에 울고…삼천피·K컬처 열풍에 웃다,https://www.news1.kr/articles/?4520770
20,델타 변이 등 코로나 재확산에 한국타이어-기아 임시 휴업,https://www.asiatime.co.kr/article/20210726500339
21,현대차·기아 ‘글로벌 공략’ 반도체 공급에 달렸다,http://www.fntimes.com/html/view.php?ud=202110300858303418dd55077bc2_18
22,"[더벨][CFO 워치/현대차·기아]사업계획 타격, '반도체 내재화' 가속화하나",http://www.thebell.co.kr/front/free/contents/news/article_view.asp?key=202110281016249080108741
23,"반도체 대란 여파…기아, 10월 판매량 18.9% 감소",https://view.asiae.co.kr/article/2021110116325399794
24,"현대차·기아, 3분기 실적 나온다…車 반도체 이슈에 '실적 행진' 제동 걸리나",https://www.news1.kr/articles/?4471655
25,[데일리 PICK (10월22일)] 기아·KT·한화시스템·풀무원·티몬 外,http://www.upinews.kr/newsView/upi202110220026
26,꾸역꾸역 늦췄지만…현대차·기아도 '반도체 보릿고개',http://news.bizwatch.co.kr/article/industry/2021/10/06/0009
27,"현대차·기아, ‘자동차 강국’ 獨·英서도 잘 나간다",http://www.munhwa.com/news/view.html?no=2021101901072203011001
28,반도체·델타 변이에 발목잡힌 자동차株,http://www.edaily.co.kr/news/newspath.asp?newsid=03562086629176184
29,반도체 수급난에 기아·현대차 3분기 생산 ↓,http://www.kjdaily.com/article.php?aid=1634465568558182004
30,"현대차·기아, 반도체 '보릿고개'에도 3분기 실적 선방 전망",http://news.einfomax.co.kr/news/articleView.html?idxno=4171740
31,"'자동차주' 바닥찍었나...외인·기관도 사들인 현대차·기아, 전망은?",http://news.mt.co.kr/mtview.php?no=2021101313384123727
32,"'반도체 수급난' 현대차·기아, 실적 기대감 '뚝뚝'",http://www.inews24.com/view/1411808
33,"""출고 대란은 퍼펙트 스톰""…현대차·기아, 9월에만 3만대 생산 차질",https://www.hankyung.com/economy/article/2021100568281
34,"양주 식료품 제조업체 집단감염...""델타 변이 검사 중""",https://www.ytn.co.kr/_ln/0103_202108021054113268
35,車 반도체 직격탄 현대차·기아 '수출'마저 내려 앉았다,http://news.mt.co.kr/mtview.php?no=2021100115160838080
36,"[경제直視] 델타 변이 vs 중국 쇼크, 증시 어디로",https://www.econovill.com/news/articleView.html?idxno=543228
37,백신 접종 줄줄이 늦어지는데…'델타 확진자' 한 달 새 42배 폭증,https://www.hankyung.com/society/article/2021071922681
38,"현대차-기아, ‘출고 적체 리스크’ 신차로 밀고 나간다",http://www.viva100.com/main/view.php?key=20210927010006561
39,"'반도체 수급난' 현대차·기아, 3분기 실적 기대감 낮아져",http://www.inews24.com/view/1406516
40,"반도체난 장기화에…현대차·기아 신차, 내년에 받는다",http://www.newspim.com/news/view/20210924000320
41,[경제直視] 연준 델타 쇼크에 '스태그플레이션 딜레마',https://www.econovill.com/news/articleView.html?idxno=542547
42,"현대차·기아, 미국·유럽 여전히 판매호조...3분기 흑자 전환 예상",http://www.pinpointnews.co.kr/view.php?ud=2021092409551527559cdfed7945_45
43,"비수도권 비중 40% 넘었다…""델타 변이가 이미 우세종""",https://imnews.imbc.com/replay/2021/nwdesk/article/6289262_34936.html
44,"현대·기아, 반도체 수급난으로 3분기 실적 기대치 낮아져",https://www.hellot.net/news/article.html?no=62010
45,"현대차·기아, 전기차 '씽씽'…글로벌 판매 4만대 돌파",http://www.fnnews.com/news/202109161448547811
46,"델타변이 확산에 코스피 사흘째 하락…""당분간 변동성 확대 불가피""",http://news.mt.co.kr/mtview.php?no=2021072015363394600
47,델타변이 있지만 기업실적 강한 회복세...잇따르는 증시 강세 전망,http://news.mk.co.kr/v2/economy/view.php?year=2021&no=710627
48,"국내 금융시장, 델타 변이발 확산에 불안감 커져...환율도 연고점 경신",http://www.getnews.co.kr/news/articleView.html?idxno=541208
49,기관 매수에 코스피 9거래일 만에 웃었다... 델타 변이 확산에 스푸트니크V 관련주 '출렁',http://www.pinpointnews.co.kr/view.php?ud=202108181620446264861beb2d9d_45
50,델타 변이 확산에 韓금융시장 ‘출렁’...환율 9개월만에 최고치,https://www.ekn.kr/web/view.php?key=20210720010003354
51,델타변이 불안감에 코스피 약세 3232.70 …환율 연고점 경신,http://www.viva100.com/main/view.php?key=20210720010004981
52,"코스피 장 초반 3,210대까지 하락…델타변이 우려(종합)",http://yna.kr/AKR20210720037251002?did=1195m
53,"[경제直視] 델타 변이 파동에 경기부양책 재소환, 증시 서머랠리 불 지피나",https://www.econovill.com/news/articleView.html?idxno=540209
54,"동남아 코로나19에 토요타 생산 타격, 현대차 기아 미국에서 반사이익",https://www.businesspost.co.kr/BP?command=article_view&num=246998
55,현대차·기아 국내외 공장 조업중단…반도체 수급난 악화,http://news.heraldcorp.com/view.php?ud=20210909000186
56,증시 발목잡은 `델타`..`피크아웃·코로나` 변동성↑ [차트로 보는 증시],https://www.wowtv.co.kr/NewsCenter/News/Read?articleId=A202107080345&t=NNv
57,"코스피, 델타 변이·확진자 급증에 하락 출발…`3220선`",http://www.edaily.co.kr/news/newspath.asp?newsid=01633446629112880
58,코스피 3240선까지 밀렸지만... 델타변이 확산에 스푸트니크V 관련주 이아이디 이트론 이수앱지스 훨훨,http://www.pinpointnews.co.kr/view.php?ud=202108101558048741861beb2d9d_45
59,"美서 질주하는 현대차·기아, 中서는 왜 힘 못 쓸까",https://www.news1.kr/articles/?4424040
60,델타 코로나 대유행...하반기 경영좌표도 '흔들',https://news.mtn.co.kr/newscenter/news_viewer.mtn?gidx=2021072716515128111
61,"없어서 못파는 자동차 ""비중 확대 전략""…톱픽은 '기아'",https://view.asiae.co.kr/article/2021090316322213852
62,"코스피, 소폭 상승세…“델타변이 통제 가능, 경기 민감주 주목”",http://www.pinpointnews.co.kr/view.php?ud=202107021116098917cd1e7f0bdf_45
63,"[SEN투자전략]코스피, 정점 부담·델타 변이 확산…""해답은 실적""",http://www.sentv.co.kr/news/view/598347
64,"비수도권, 27일부터 3단계로 올린다…델타 변이 48%",https://news.sbs.co.kr/news/endPage.do?news_id=N1006405150&plink=ORI&cooper=NAVER
65,"[마감시황] 코스피, 델타 변이 우려에 0.4% 하락",https://www.sisa-news.com/news/article.html?no=162909
66,[증시마감] 델타변이 불안 확산에... 코스피 사흘째 하락,http://www.youthdaily.co.kr/news/article.html?no=76863
67,델타변이발 美증시 급락에 코스피 3210대까지 밀려,http://www.viva100.com/main/view.php?key=20210720010004824
68,"델타 변이 금융시장도 덮쳤다…증시 코인 유가 급락, 삼성전자 연중 최저가",http://news.mk.co.kr/newsRead.php?no=695993&year=2021
69,국내 증시에도 델타 변이 먹구름…시총 상위주 '우수수',http://news.mt.co.kr/mtview.php?no=2021072009015150245
70,저점 지났나…外人 돌아오는 현대차·기아,https://view.asiae.co.kr/article/2021090209550261969
71,"현대차·기아, '반도체 쇼크' 속 美 친환경차 판매 날았다",https://www.asiatoday.co.kr/view.php?key=20210902010001283
72,"델타 변이 확산 우려 속...중국증시, '장중 하락'",http://www.choicenews.co.kr/news/articleView.html?idxno=82791
73,20일 개막 뉴욕 국제 오토쇼 취소…델타 변이 확산에 긴급 결정,http://www.koreadaily.com/news/read.asp?art_id=9604459
74,"[지난주 증권가 주요 이슈]""펀드투자 원금 전액지급에"" 한투는 제재 경감 속 증권가는 '패닉'...""델타 변이 확산에"" 바이오株 '반사이익' 外",http://www.youthdaily.co.kr/news/article.html?no=74915
75,[코로나19 극복]전국 확진자 발생 현황...기아 소하리공장서 코로나19 무더기 확진,http://www.youthdaily.co.kr/news/article.html?no=77290
76,"'델타 플러스'에 백신이 효과 있을까…인도 의학기관, 연구 착수",http://yna.kr/AKR20210624144200077?did=1195m
77,"[마감종합] 진원생명과학 상한가, 삼일기업공사·대신정보통신 유승민 관련주 급등, 델타 변이 이슈에 휴마시스·씨젠 등 진단키트주 급등, 네이버·카카오 강세에 코스피↑",http://www.ggilbo.com/news/articleView.html?idxno=854478
78,"코스피, 델타 변이 우려에 약세…특징주 SK이노·펄어비스·아이진·OCI",http://www.pinpointnews.co.kr/view.php?ud=202107011619053124cd1e7f0bdf_45
79,"[마켓뷰] 코스피, 델타 변이 공포에도 0.89% 상승 마감",https://biz.chosun.com/stock/market_trend/2021/07/12/4RFEWRCKPRASFFYYYULCRFGKME/?utm_source=naver&utm_medium=original&utm_campaign=biz
80,한국GM 임협 타결·기아 잠정합의에 완성차 '안도'…악재는 여전(종합),http://yna.kr/AKR20210824131251003?did=1195m
81,"코스피 3200선 하회…델타 변이에 발목, 1% 이상 ↓",http://www.edaily.co.kr/news/newspath.asp?newsid=01908966629112880
82,"코스피지수, 델타 변이 악재에 3250선 '털썩'...아시아증시 일제히 약세",http://www.getnews.co.kr/news/articleView.html?idxno=539246
83,[더벨]'공장 가동률 급락' 기아가 실적 선방한 이유,http://www.thebell.co.kr/front/free/contents/news/article_view.asp?key=202108171505237600105479
84,많이 떨어진 삼성물산·기아…보텀피싱 언제쯤?,https://www.hankyung.com/finance/article/2021082326831
85,델타 쇼크에 外人 '썰물'… 코스닥도 하락 전환,https://view.asiae.co.kr/article/2021072114081422549
86,"[마감시황]코스피, 델타 변이 확산세에 하락…3232선 마감",http://www.newsis.com/view/?id=NISX20210720_0001519834&cID=10401&pID=10400
87,"코스피, 델타 변이 확산 우려에 하락…3232.70 마감",https://www.econovill.com/news/articleView.html?idxno=541516
88,"코스피, 델타 변이 우려에 3거래일 연속 약세...'3230선' 마감",https://view.asiae.co.kr/article/2021072016034055980
89,[시황] 코스피 ‘델타변이’ 불안 3220선 후퇴,https://www.dailian.co.kr/news/view/1013468/?sc=Naver
90,코스피 3.32포인트 하락…삼성전자·카카오·코오롱플라스틱·기아·에이치엘비 등에 이목 집중,http://www.topstarnews.net/news/articleView.html?idxno=14628264
91,(영상)델타변이가 저가매수 기회?…코로나 직격탄 맞은 내수소비주,http://www.newstomato.com/ReadNews.aspx?no=1060027&inflow=N
92,"""국산 항체치료제, '델타 변이' 효과 떨어져"" 셀트리온株 급락",http://news.mt.co.kr/mtview.php?no=2021062515172910246
93,"파업 칼자루 쥔 기아 노조, 현대차 넘는 결과 받을까",http://www.mediapen.com/news/view/653933
94,[오늘 장 필수요소] 일부 유럽과 하와이까지 도달한 '델타 플러스 바이러스' 시장 영향은? 오늘 장 필수요소!,https://news.mtn.co.kr/newscenter/news_viewer.mtn?gidx=2021062417182129576
95,"[K-Biz 리뷰] 기아, 전기 SUV 'EV7' 가상 랜더링 공개'(8월23일)",https://www.theguru.co.kr/news/article.html?no=24551
96,[코로나19 국제뉴스] 유럽 델타 변이 확산일로…WHO “추가접종 고려 중단”,https://news.kbs.co.kr/news/view.do?ncd=5231569&ref=A
97,"현대차·기아, 코로나에도 2분기 '깜짝 실적'",https://www.hankyung.com/economy/article/2021072217081
98,[스톡+ 위클리 픽] 델타 변이처럼 변동성 큰 국내 증시…2Q 어닝시즌 주목,https://www.wikitree.co.kr/articles/668063
99,"현대차·기아, 상반기 영업익 6조 넘나…그룹 호황 연말까지",https://www.asiatoday.co.kr/view.php?key=20210719010011034
100,"코스피 장 초반 3,210대까지 하락…델타변이 우려(종합)",http://yna.kr/AKR20210720037251002?did=1195m
101,"[경제直視] 델타 변이 파동에 경기부양책 재소환, 증시 서머랠리 불 지피나",https://www.econovill.com/news/articleView.html?idxno=540209
102,"동남아 코로나19에 토요타 생산 타격, 현대차 기아 미국에서 반사이익",https://www.businesspost.co.kr/BP?command=article_view&num=246998
103,현대차·기아 국내외 공장 조업중단…반도체 수급난 악화,http://news.heraldcorp.com/view.php?ud=20210909000186
104,증시 발목잡은 `델타`..`피크아웃·코로나` 변동성↑ [차트로 보는 증시],https://www.wowtv.co.kr/NewsCenter/News/Read?articleId=A202107080345&t=NNv
105,"코스피, 델타 변이·확진자 급증에 하락 출발…`3220선`",http://www.edaily.co.kr/news/newspath.asp?newsid=01633446629112880
106,코스피 3240선까지 밀렸지만... 델타변이 확산에 스푸트니크V 관련주 이아이디 이트론 이수앱지스 훨훨,http://www.pinpointnews.co.kr/view.php?ud=202108101558048741861beb2d9d_45
107,"美서 질주하는 현대차·기아, 中서는 왜 힘 못 쓸까",https://www.news1.kr/articles/?4424040
108,델타 코로나 대유행...하반기 경영좌표도 '흔들',https://news.mtn.co.kr/newscenter/news_viewer.mtn?gidx=2021072716515128111
109,"없어서 못파는 자동차 ""비중 확대 전략""…톱픽은 '기아'",https://view.asiae.co.kr/article/2021090316322213852
110,"없어서 못파는 자동차 ""비중 확대 전략""…톱픽은 '기아'",https://view.asiae.co.kr/article/2021090316322213852
111,"코스피, 소폭 상승세…“델타변이 통제 가능, 경기 민감주 주목”",http://www.pinpointnews.co.kr/view.php?ud=202107021116098917cd1e7f0bdf_45
112,"[SEN투자전략]코스피, 정점 부담·델타 변이 확산…""해답은 실적""",http://www.sentv.co.kr/news/view/598347
113,"비수도권, 27일부터 3단계로 올린다…델타 변이 48%",https://news.sbs.co.kr/news/endPage.do?news_id=N1006405150&plink=ORI&cooper=NAVER
114,"[마감시황] 코스피, 델타 변이 우려에 0.4% 하락",https://www.sisa-news.com/news/article.html?no=162909
115,[증시마감] 델타변이 불안 확산에... 코스피 사흘째 하락,http://www.youthdaily.co.kr/news/article.html?no=76863
116,델타변이발 美증시 급락에 코스피 3210대까지 밀려,http://www.viva100.com/main/view.php?key=20210720010004824
117,"델타 변이 금융시장도 덮쳤다…증시 코인 유가 급락, 삼성전자 연중 최저가",http://news.mk.co.kr/newsRead.php?no=695993&year=2021
118,국내 증시에도 델타 변이 먹구름…시총 상위주 '우수수',http://news.mt.co.kr/mtview.php?no=2021072009015150245
119,저점 지났나…外人 돌아오는 현대차·기아,https://view.asiae.co.kr/article/2021090209550261969
120,저점 지났나…外人 돌아오는 현대차·기아,https://view.asiae.co.kr/article/2021090209550261969
121,"현대차·기아, '반도체 쇼크' 속 美 친환경차 판매 날았다",https://www.asiatoday.co.kr/view.php?key=20210902010001283
122,"델타 변이 확산 우려 속...중국증시, '장중 하락'",http://www.choicenews.co.kr/news/articleView.html?idxno=82791
123,20일 개막 뉴욕 국제 오토쇼 취소…델타 변이 확산에 긴급 결정,http://www.koreadaily.com/news/read.asp?art_id=9604459
124,"[지난주 증권가 주요 이슈]""펀드투자 원금 전액지급에"" 한투는 제재 경감 속 증권가는 '패닉'...""델타 변이 확산에"" 바이오株 '반사이익' 外",http://www.youthdaily.co.kr/news/article.html?no=74915
125,[코로나19 극복]전국 확진자 발생 현황...기아 소하리공장서 코로나19 무더기 확진,http://www.youthdaily.co.kr/news/article.html?no=77290
126,"'델타 플러스'에 백신이 효과 있을까…인도 의학기관, 연구 착수",http://yna.kr/AKR20210624144200077?did=1195m
127,"[마감종합] 진원생명과학 상한가, 삼일기업공사·대신정보통신 유승민 관련주 급등, 델타 변이 이슈에 휴마시스·씨젠 등 진단키트주 급등, 네이버·카카오 강세에 코스피↑",http://www.ggilbo.com/news/articleView.html?idxno=854478
128,"코스피, 델타 변이 우려에 약세…특징주 SK이노·펄어비스·아이진·OCI",http://www.pinpointnews.co.kr/view.php?ud=202107011619053124cd1e7f0bdf_45
129,"[마켓뷰] 코스피, 델타 변이 공포에도 0.89% 상승 마감",https://biz.chosun.com/stock/market_trend/2021/07/12/4RFEWRCKPRASFFYYYULCRFGKME/?utm_source=naver&utm_medium=original&utm_campaign=biz
130,한국GM 임협 타결·기아 잠정합의에 완성차 '안도'…악재는 여전(종합),http://yna.kr/AKR20210824131251003?did=1195m
131,"코스피 3200선 하회…델타 변이에 발목, 1% 이상 ↓",http://www.edaily.co.kr/news/newspath.asp?newsid=01908966629112880
132,"코스피지수, 델타 변이 악재에 3250선 '털썩'...아시아증시 일제히 약세",http://www.getnews.co.kr/news/articleView.html?idxno=539246
133,"현대차·기아, 국내·동남아 협력사에 마스크 178만개 지원",http://www.etnews.com/20210822000043
134,"“코로나 극복하자”…현대차·기아, 국내외 협력사에 마스크 지원",http://www.skyedaily.com/news/news_view.html?ID=139170
135,[더벨]'공장 가동률 급락' 기아가 실적 선방한 이유,http://www.thebell.co.kr/front/free/contents/news/article_view.asp?key=202108171505237600105479
136,많이 떨어진 삼성물산·기아…보텀피싱 언제쯤?,https://www.hankyung.com/finance/article/2021082326831
137,현대차·기아 “코로나19 함께 극복”…국내외 협력사 대상 마스크 178만장 지원,http://theviewers.co.kr/View.aspx?No=2010222
138,델타 쇼크에 外人 '썰물'… 코스닥도 하락 전환,https://view.asiae.co.kr/article/2021072114081422549
139,"[마감시황]코스피, 델타 변이 확산세에 하락…3232선 마감",http://www.newsis.com/view/?id=NISX20210720_0001519834&cID=10401&pID=10400
140,델타 쇼크에 外人 '썰물'… 코스닥도 하락 전환,https://view.asiae.co.kr/article/2021072114081422549
141,"[마감시황]코스피, 델타 변이 확산세에 하락…3232선 마감",http://www.newsis.com/view/?id=NISX20210720_0001519834&cID=10401&pID=10400
142,"코스피, 델타 변이 확산 우려에 하락…3232.70 마감",https://www.econovill.com/news/articleView.html?idxno=541516
143,"코스피, 델타 변이 우려에 3거래일 연속 약세...'3230선' 마감",https://view.asiae.co.kr/article/2021072016034055980
144,[시황] 코스피 ‘델타변이’ 불안 3220선 후퇴,https://www.dailian.co.kr/news/view/1013468/?sc=Naver
145,코스피 3.32포인트 하락…삼성전자·카카오·코오롱플라스틱·기아·에이치엘비 등에 이목 집중,http://www.topstarnews.net/news/articleView.html?idxno=14628264
146,(영상)델타변이가 저가매수 기회?…코로나 직격탄 맞은 내수소비주,http://www.newstomato.com/ReadNews.aspx?no=1060027&inflow=N
147,"""국산 항체치료제, '델타 변이' 효과 떨어져"" 셀트리온株 급락",http://news.mt.co.kr/mtview.php?no=2021062515172910246
148,"파업 칼자루 쥔 기아 노조, 현대차 넘는 결과 받을까",http://www.mediapen.com/news/view/653933
149,[오늘 장 필수요소] 일부 유럽과 하와이까지 도달한 '델타 플러스 바이러스' 시장 영향은? 오늘 장 필수요소!,https://news.mtn.co.kr/newscenter/news_viewer.mtn?gidx=2021062417182129576
150,"[카드] ""함께 위기극복"" 현대차·기아, 협력사 마스크 지원",http://www.newsprime.co.kr/news/article.html?no=551343
151,"[K-Biz 리뷰] 기아, 전기 SUV 'EV7' 가상 랜더링 공개'(8월23일)",https://www.theguru.co.kr/news/article.html?no=24551
152,[코로나19 국제뉴스] 유럽 델타 변이 확산일로…WHO “추가접종 고려 중단”,https://news.kbs.co.kr/news/view.do?ncd=5231569&ref=A
153,광명 기아차 공장 50명 감염...어린이집·학교 확산 잇따라,https://www.ytn.co.kr/_ln/0103_202107281337216593
154,"현대차·기아, 협력사에 마스크 178만개 지원",https://www.fetv.co.kr/news/article.html?no=94015
155,"ubc 울산방송) 현대차·기아, 국내-동남아 협력사에 마스크 지원",http://web.ubc.co.kr/wp/archives/91787
156,"현대차·기아, 코로나에도 2분기 '깜짝 실적'",https://www.hankyung.com/economy/article/2021072217081
157,[스톡+ 위클리 픽] 델타 변이처럼 변동성 큰 국내 증시…2Q 어닝시즌 주목,https://www.wikitree.co.kr/articles/668063
158,"현대차·기아, 상반기 영업익 6조 넘나…그룹 호황 연말까지",https://www.asiatoday.co.kr/view.php?key=20210719010011034
159,[코스피 마감]델타 공포 확산에 1% 넘게 급락…한때 3200 하회,http://www.edaily.co.kr/news/newspath.asp?newsid=02794566629112880
160,"현대차·기아, 상반기 영업익 6조 넘나…그룹 호황 연말까지",https://www.asiatoday.co.kr/view.php?key=20210719010011034
161,[코스피 마감]델타 공포 확산에 1% 넘게 급락…한때 3200 하회,http://www.edaily.co.kr/news/newspath.asp?newsid=02794566629112880
162,[코스피 마감]델타에 발목…외인·기관 매도에 3250선 '털썩',http://www.edaily.co.kr/news/newspath.asp?newsid=03378406629112552
163,현대차·기아 7월 판매 선전했지만···코로나19·반도체 '걱정',https://www.ekn.kr/web/view.php?key=20210802010000274
164,코스피 3290선 보합세…델타 변이 확산에 관망 심리↑,http://www.kukinews.com/newsView/kuk202107020046
165,"코스피, 델타변이 우려 외인 팔자에 2일째 하락…3286.68 마감",https://www.econovill.com/news/articleView.html?idxno=538609
166,"[오전시황] 코스피 장 초반 3,290선...델타 바이러스 확산세로 약세",https://www.sedaily.com/NewsView/22NTPJ3X0G
167,"동남아 등 마스크 178만장… 현대차·기아, 협력사 지원",http://www.dt.co.kr/contents.html?article_no=2021082202109932064001&ref=naver
168,기아 오토랜드 광명서 코로나19 무더기 감염···26일 1공장 '휴무',http://www.seoulfn.com/news/articleView.html?idxno=426722
169,파월 의장 발언 코스피 최고치 경신 노렸지만... 인도발 델타변이 확산에 씨젠 엑세스바이오 휴마시스 날랐다,http://www.pinpointnews.co.kr/view.php?ud=202106231710476315861beb2d9d_45
170,광명시 기아차 공장 집단감염 50명...아동·청소년 확진↑,https://www.ytn.co.kr/_ln/0103_202107281055492820
171,"[IB토마토]2분기 잘 달린 현대차·기아, 올해 영업익 7조·5조 노린다",http://www.newstomato.com/ReadNews.aspx?no=1061587&inflow=N
172,"기아 EV6에 ""어메이징""···'충전·화면·가격' 모델Y 앞섰다",https://www.sedaily.com/NewsView/22OX8KIW25
173,"코로나로 기아 1억명 늘었는데, 선진국은 “백신 부스터샷”",https://news.joins.com/article/olink/23700363
174,러' 칼리닌그라드州 기아車 조립생산개시,https://news.naver.com/main/read.naver?mode=LSD&mid=sec&sid1=104&oid=001&aid=0004274174
175,"[시황] 코스피, '델타 변이' 확산에 1% 급락…3220선 후퇴",https://www.dailian.co.kr/news/view/1015617/?sc=Naver
176,"현대차·기아, '일본차 텃밭' 아세안 시장 1위 '눈앞'",http://www.g-enews.com/ko-kr/news/article/news_all/202106251729584707938f3ba357_1/article.html
177,"'韓 뜨고 日 지고' 침몰하는 일본 車 입지, 현대차·기아 '승승장구'",http://www.ftoday.co.kr/news/articleView.html?idxno=218473
178,"[K-Biz 리뷰] 기아, 콜롬비아 조립공장 설립 추진(8월30일)",https://www.theguru.co.kr/news/article.html?no=24789
179,"코스피, '델타 변이' 악재에 사흘 연속 하락···3230선 마감",http://www.seoulfn.com/news/articleView.html?idxno=426251
180,"[K-Biz 리뷰] 기아, 콜롬비아 조립공장 설립 추진(8월30일)",https://www.theguru.co.kr/news/article.html?no=24789
181,"코스피, '델타 변이' 악재에 사흘 연속 하락···3230선 마감",http://www.seoulfn.com/news/articleView.html?idxno=426251
182,"현대차·기아, 베트남·인도서 일본과 초경쟁...동남아 거점 확대 시동",http://www.newsquest.co.kr/news/articleView.html?idxno=85786
183,[MK라씨로] 목표가 대비 싼 주식은 기아·하이트진로,http://news.mk.co.kr/newsRead.php?no=684356&year=2021
184,[투자뉴스7] 바이오株 기회 다시! 델타변이 '경계감' 계속 가져갈 TOP3,https://news.mtn.co.kr/newscenter/news_viewer.mtn?gidx=2021070510124160547
185,코스피 외국인 기관 동반매도 막판 휘청... 델타 변이 확산에 스푸트니크V 관련주 들썩,http://www.pinpointnews.co.kr/view.php?ud=202106281629483257861beb2d9d_45
186,"[특징주]신성델타테크, 애플카 LG 합작법인 설립 마그나와 협력 기대에 강세",http://www.edaily.co.kr/news/newspath.asp?newsid=02184486628949208
187,"코스피, 장 초반 약세…2,700대로 후퇴(종합)",https://www.yna.co.kr/view/AKR20220420035751002?input=1195m
188,"[기자시각] 택진이형, 치맥세트는 위험해요…2D의 '내로남불, 규정 잘 지킨 기아는 '피해자'",http://www.newswatch.kr/news/articleView.html?idxno=55694
189,"현대차·기아, 친환경차 앞세워 '자동차 강국' 유럽서 질주",http://www.metroseoul.co.kr/article/20211019500260
190,"현대차·기아, ‘일본차 텃밭’ 동남아서 판매량 증가",http://www.ajunews.com/view/20210624075523416
191,[MK라씨로] 목표가 대비 싼 주식은 기아·하이트진로,http://news.mk.co.kr/newsRead.php?no=684356&year=2021
192,[투자뉴스7] 바이오株 기회 다시! 델타변이 '경계감' 계속 가져갈 TOP3,https://news.mtn.co.kr/newscenter/news_viewer.mtn?gidx=2021070510124160547
193,코스피 외국인 기관 동반매도 막판 휘청... 델타 변이 확산에 스푸트니크V 관련주 들썩,http://www.pinpointnews.co.kr/view.php?ud=202106281629483257861beb2d9d_45
194,"[특징주]신성델타테크, 애플카 LG 합작법인 설립 마그나와 협력 기대에 강세",http://www.edaily.co.kr/news/newspath.asp?newsid=02184486628949208
195,"코스피, 장 초반 약세…2,700대로 후퇴(종합)",https://www.yna.co.kr/view/AKR20220420035751002?input=1195m
196,"[기자시각] 택진이형, 치맥세트는 위험해요…2D의 '내로남불, 규정 잘 지킨 기아는 '피해자'",http://www.newswatch.kr/news/articleView.html?idxno=55694
197,"현대차·기아, 친환경차 앞세워 '자동차 강국' 유럽서 질주",http://www.metroseoul.co.kr/article/20211019500260
198,"빈센, 부산 에코델타 스마트시티 ‘더 그랜드 컨소시엄’ 참여기업 선정",http://www.betanews.net:8080/article/1243833.html
199,부산 에코델타 스마트시티에 전기·수소추진 선박 뜬다,http://news.heraldcorp.com/view.php?ud=20201203000305
200,"빈센, 부산 에코델타 스마트시티 참여기업 선정",http://autotimes.hankyung.com/apps/news.sub_view?popup=0&nid=05&c1=05&c2=05&c3=00&nkey=202012030940101
201,"[한입뉴스] 트럼프 ""이란美 드론 격추는 큰 실수"", 동남권 신공항 재논란...3년만에 총리실서 재검토, 제네시스-기아-현대美 신차평가 나란히 1~3위, 美 델타항공…한진칼 지분 4.3% 샀다, 5G폰 지원금 인하.",http://www.econovill.com/news/articleView.html?idxno=365949
202,1등석서 영감 받은 기아 ‘K8’ 실내 디자인 공개,https://sports.hankooki.com/lpage/economy/202103/sp20210310163540136990.htm?s_ref=nv
203,"기아, 'K8' 실내 디자인 공개 ""First Class를 느끼다""",http://www.dtnews24.com/news/articleView.html?idxno=600471
204,"기아, 1등석 수준 ‘K8’ 실내 디자인 공개",http://www.rpm9.com/news/article.html?id=20210307090005
205,2월 국산차 판매량 - 기아 K8 실내 공개 - 마이바흐 GLS 600 [모터그램],http://www.sisunnews.co.kr/news/articleView.html?idxno=138064
206,"기아, 'K8' 실내 디자인 공개…'간결함·화려함의 절묘한 조화'",http://www.economytalk.kr/news/articleView.html?idxno=211405
207,"“1등석 공항 라운지 못지 않다”…기아, K8 실내 첫 공개",http://www.skyedaily.com/news/news_view.html?ID=125031
208,"기아, 'K8' 실내 첫 공개 ""퍼스트클래스 느낌""",https://view.asiae.co.kr/article/2021030408304852377
209,"기아, 파노라믹 커브드 디스플레이 최초 적용 ‘K8’ 실내 공개",http://www.breaknews.com/789814
210,"'K8' 신규 엠블럼 달고 '그랜저' 추격 나선다…기아, 실내 최초 공개",https://www.asiatime.co.kr/article/20210304500028
211,"“1등석 공항 라운지 못지 않다”…기아, K8 실내 첫 공개",http://www.skyedaily.com/news/news_view.html?ID=125031
212,"기아, 'K8' 실내 첫 공개 ""퍼스트클래스 느낌""",https://view.asiae.co.kr/article/2021030408304852377
213,"기아, 파노라믹 커브드 디스플레이 최초 적용 ‘K8’ 실내 공개",http://www.breaknews.com/789814
214,현대차 국내외 협력사에 마스크 178만개 쏜다,http://news.mk.co.kr/newsRead.php?no=809585&year=2021
215,"[해외 한국기업 이슈](3월 20일) ‘쿠팡’에서 대박 낸 소프트뱅크, 그린실 캐피털에서 12억 달러 손실...기아차, 인도 카 앤 바이크 선정, 2021년 올해의 자동차 제조업체로 선정",http://www.g-enews.com/ko-kr/news/article/news_all/202103200902407197e8b8a793f7_1/article.html
216,"이주의 주식시장은? 애플카 이슈 속 기아차·현대차 그룹 상승세, LG전자 스마트폰 사업 매각 소식에 급등",http://www.ggilbo.com/news/articleView.html?idxno=823844
217,"[마감종합기사] LG화학 분사 소식에 하락... 신성델타테크는 급등, 케이피엠테크·텔콘RF제약 주가 롤러코스터",http://www.ggilbo.com/news/articleView.html?idxno=796384
218,올 세 번째 美 출장지로 '뉴욕 오토쇼' 선택한 정의선,http://weekly.hankooki.com/news/articleView.html?idxno=7072199
219,[뉴욕 오토쇼] 코로나 딛고 120회 잔치…주인공은 전기차·SUV,https://www.ekn.kr/web/view.php?key=20220414010002429
220,"기아, 'K8' 실내 공개…'파노라믹 커브드 디스플레이' 눈길",http://www.whitepaper.co.kr/news/articleView.html?idxno=202867
221,"기아, ‘K8’ 실내 디자인 공개…1등석 라운지의 편안함",http://www.busan.com/view/busan/view.php?code=2021030410080175331
222,"기아, 'K8' 실내 첫 공개 ""퍼스트클래스 느낌""",https://view.asiae.co.kr/article/2021030408304852377
223,"기아, 파노라믹 커브드 디스플레이 최초 적용 ‘K8’ 실내 공개",http://www.breaknews.com/789814
224,현대차 국내외 협력사에 마스크 178만개 쏜다,http://news.mk.co.kr/newsRead.php?no=809585&year=2021
225,"[해외 한국기업 이슈](3월 20일) ‘쿠팡’에서 대박 낸 소프트뱅크, 그린실 캐피털에서 12억 달러 손실...기아차, 인도 카 앤 바이크 선정, 2021년 올해의 자동차 제조업체로 선정",http://www.g-enews.com/ko-kr/news/article/news_all/202103200902407197e8b8a793f7_1/article.html
226,"이주의 주식시장은? 애플카 이슈 속 기아차·현대차 그룹 상승세, LG전자 스마트폰 사업 매각 소식에 급등",http://www.ggilbo.com/news/articleView.html?idxno=823844
227,"[마감종합기사] LG화학 분사 소식에 하락... 신성델타테크는 급등, 케이피엠테크·텔콘RF제약 주가 롤러코스터",http://www.ggilbo.com/news/articleView.html?idxno=796384
228,올 세 번째 美 출장지로 '뉴욕 오토쇼' 선택한 정의선,http://weekly.hankooki.com/news/articleView.html?idxno=7072199
229,[뉴욕 오토쇼] 코로나 딛고 120회 잔치…주인공은 전기차·SUV,https://www.ekn.kr/web/view.php?key=20220414010002429
230,"기아, 'K8' 실내디자인 공개…'파노라믹 커브드 디스플레이' 최초 적용",http://www.inews24.com/view/1347546
231,"기아, 'K7 후속' K8 실내 디자인 공개…""1등석 같은 편안함""",http://mbn.mk.co.kr/pages/news/newsView.php?category=mbn00003&news_seq_no=4439294
232,"기아, 'K8' 실내 첫 공개 ""퍼스트클래스 느낌""",https://view.asiae.co.kr/article/2021030408304852377
233,"기아, 파노라믹 커브드 디스플레이 최초 적용 ‘K8’ 실내 공개",http://www.breaknews.com/789814
234,현대차 국내외 협력사에 마스크 178만개 쏜다,http://news.mk.co.kr/newsRead.php?no=809585&year=2021
235,"[해외 한국기업 이슈](3월 20일) ‘쿠팡’에서 대박 낸 소프트뱅크, 그린실 캐피털에서 12억 달러 손실...기아차, 인도 카 앤 바이크 선정, 2021년 올해의 자동차 제조업체로 선정",http://www.g-enews.com/ko-kr/news/article/news_all/202103200902407197e8b8a793f7_1/article.html
236,"이주의 주식시장은? 애플카 이슈 속 기아차·현대차 그룹 상승세, LG전자 스마트폰 사업 매각 소식에 급등",http://www.ggilbo.com/news/articleView.html?idxno=823844
237,"[마감종합기사] LG화학 분사 소식에 하락... 신성델타테크는 급등, 케이피엠테크·텔콘RF제약 주가 롤러코스터",http://www.ggilbo.com/news/articleView.html?idxno=796384
238,올 세 번째 美 출장지로 '뉴욕 오토쇼' 선택한 정의선,http://weekly.hankooki.com/news/articleView.html?idxno=7072199
239,[뉴욕 오토쇼] 코로나 딛고 120회 잔치…주인공은 전기차·SUV,https://www.ekn.kr/web/view.php?key=20220414010002429
240,"기아, ‘K8’ 실내 공개…‘파노라믹 커브드 디스플레이’ 첫 적용",http://www.lawissue.co.kr/view.php?ud=20210304114626691967191f6c6e_12
241,"기아, 속내 드러난 'K8'...경이로운 실내",http://www.g-enews.com/ko-kr/news/article/news_all/202103041309597560d88486204_1/article.html
242,"기아, 파노라믹 커브드 디스플레이 최초 적용 ‘K8’ 실내 공개",http://www.breaknews.com/789814
243,현대차 국내외 협력사에 마스크 178만개 쏜다,http://news.mk.co.kr/newsRead.php?no=809585&year=2021
244,"[해외 한국기업 이슈](3월 20일) ‘쿠팡’에서 대박 낸 소프트뱅크, 그린실 캐피털에서 12억 달러 손실...기아차, 인도 카 앤 바이크 선정, 2021년 올해의 자동차 제조업체로 선정",http://www.g-enews.com/ko-kr/news/article/news_all/202103200902407197e8b8a793f7_1/article.html
245,"이주의 주식시장은? 애플카 이슈 속 기아차·현대차 그룹 상승세, LG전자 스마트폰 사업 매각 소식에 급등",http://www.ggilbo.com/news/articleView.html?idxno=823844
246,"[마감종합기사] LG화학 분사 소식에 하락... 신성델타테크는 급등, 케이피엠테크·텔콘RF제약 주가 롤러코스터",http://www.ggilbo.com/news/articleView.html?idxno=796384
247,올 세 번째 美 출장지로 '뉴욕 오토쇼' 선택한 정의선,http://weekly.hankooki.com/news/articleView.html?idxno=7072199
248,[뉴욕 오토쇼] 코로나 딛고 120회 잔치…주인공은 전기차·SUV,https://www.ekn.kr/web/view.php?key=20220414010002429
249,자산 40兆 '슈퍼항공'… '현대차+기아차式' 독립 경영,http://biz.newdaily.co.kr/site/data/html/2020/11/13/2020111300121.html
250,"'간결함+화려함' 기아 K8 실내 디자인 ""절묘한 조화""",http://www.newsprime.co.kr/news/article.html?no=535530
251,"기아, 'K8' 실내 디자인 공개…편하고 고급스런 공간 강조",http://www.shinailbo.co.kr/news/articleView.html?idxno=1383749
252,현대차 국내외 협력사에 마스크 178만개 쏜다,http://news.mk.co.kr/newsRead.php?no=809585&year=2021
253,"[해외 한국기업 이슈](3월 20일) ‘쿠팡’에서 대박 낸 소프트뱅크, 그린실 캐피털에서 12억 달러 손실...기아차, 인도 카 앤 바이크 선정, 2021년 올해의 자동차 제조업체로 선정",http://www.g-enews.com/ko-kr/news/article/news_all/202103200902407197e8b8a793f7_1/article.html
254,"이주의 주식시장은? 애플카 이슈 속 기아차·현대차 그룹 상승세, LG전자 스마트폰 사업 매각 소식에 급등",http://www.ggilbo.com/news/articleView.html?idxno=823844
255,"[마감종합기사] LG화학 분사 소식에 하락... 신성델타테크는 급등, 케이피엠테크·텔콘RF제약 주가 롤러코스터",http://www.ggilbo.com/news/articleView.html?idxno=796384
256,올 세 번째 美 출장지로 '뉴욕 오토쇼' 선택한 정의선,http://weekly.hankooki.com/news/articleView.html?idxno=7072199
257,[뉴욕 오토쇼] 코로나 딛고 120회 잔치…주인공은 전기차·SUV,https://www.ekn.kr/web/view.php?key=20220414010002429
258,자산 40兆 '슈퍼항공'… '현대차+기아차式' 독립 경영,http://biz.newdaily.co.kr/site/data/html/2020/11/13/2020111300121.html
259,코로나 딛고 3년 만에 열린 ‘뉴욕 오토쇼’…더 뉴 팰리세이드·텔루라이드 첫선,http://news.heraldcorp.com/view.php?ud=20220414000035
260,"기아, 'K8' 실내 디자인 공개…12.3인치 커브드 계기판 '눈길'",http://www.dizzotv.com/site/data/html_dir/2021/03/04/2021030480194.html
261,"기아 K8 실내디자인 공개, 커브드 계기반과 인포테인먼트 첫 적용",http://www.businesspost.co.kr/BP?command=article_view&num=220080
262,현대차 국내외 협력사에 마스크 178만개 쏜다,http://news.mk.co.kr/newsRead.php?no=809585&year=2021
263,"[해외 한국기업 이슈](3월 20일) ‘쿠팡’에서 대박 낸 소프트뱅크, 그린실 캐피털에서 12억 달러 손실...기아차, 인도 카 앤 바이크 선정, 2021년 올해의 자동차 제조업체로 선정",http://www.g-enews.com/ko-kr/news/article/news_all/202103200902407197e8b8a793f7_1/article.html
264,"이주의 주식시장은? 애플카 이슈 속 기아차·현대차 그룹 상승세, LG전자 스마트폰 사업 매각 소식에 급등",http://www.ggilbo.com/news/articleView.html?idxno=823844
265,"[마감종합기사] LG화학 분사 소식에 하락... 신성델타테크는 급등, 케이피엠테크·텔콘RF제약 주가 롤러코스터",http://www.ggilbo.com/news/articleView.html?idxno=796384
266,올 세 번째 美 출장지로 '뉴욕 오토쇼' 선택한 정의선,http://weekly.hankooki.com/news/articleView.html?idxno=7072199
267,[뉴욕 오토쇼] 코로나 딛고 120회 잔치…주인공은 전기차·SUV,https://www.ekn.kr/web/view.php?key=20220414010002429
268,자산 40兆 '슈퍼항공'… '현대차+기아차式' 독립 경영,http://biz.newdaily.co.kr/site/data/html/2020/11/13/2020111300121.html
269,코로나 딛고 3년 만에 열린 ‘뉴욕 오토쇼’…더 뉴 팰리세이드·텔루라이드 첫선,http://news.heraldcorp.com/view.php?ud=20220414000035
270,"“1등석 라운지의 품격”…기아, K8 실내 디자인 공개",http://news.mk.co.kr/newsRead.php?no=208128&year=2021
271,기아 ‘K8’ 실내 공개… 새로운 시작 알리는 ‘퍼스트클래스’,https://www.donga.com/news/article/all/20210304/105716458/2
272,현대차 국내외 협력사에 마스크 178만개 쏜다,http://news.mk.co.kr/newsRead.php?no=809585&year=2021
273,"[해외 한국기업 이슈](3월 20일) ‘쿠팡’에서 대박 낸 소프트뱅크, 그린실 캐피털에서 12억 달러 손실...기아차, 인도 카 앤 바이크 선정, 2021년 올해의 자동차 제조업체로 선정",http://www.g-enews.com/ko-kr/news/article/news_all/202103200902407197e8b8a793f7_1/article.html
274,"이주의 주식시장은? 애플카 이슈 속 기아차·현대차 그룹 상승세, LG전자 스마트폰 사업 매각 소식에 급등",http://www.ggilbo.com/news/articleView.html?idxno=823844
275,"[마감종합기사] LG화학 분사 소식에 하락... 신성델타테크는 급등, 케이피엠테크·텔콘RF제약 주가 롤러코스터",http://www.ggilbo.com/news/articleView.html?idxno=796384
276,올 세 번째 美 출장지로 '뉴욕 오토쇼' 선택한 정의선,http://weekly.hankooki.com/news/articleView.html?idxno=7072199
277,[뉴욕 오토쇼] 코로나 딛고 120회 잔치…주인공은 전기차·SUV,https://www.ekn.kr/web/view.php?key=20220414010002429
278,자산 40兆 '슈퍼항공'… '현대차+기아차式' 독립 경영,http://biz.newdaily.co.kr/site/data/html/2020/11/13/2020111300121.html
279,코로나 딛고 3년 만에 열린 ‘뉴욕 오토쇼’…더 뉴 팰리세이드·텔루라이드 첫선,http://news.heraldcorp.com/view.php?ud=20220414000035
280,"기아, K8 실내 디자인 공개…대시보드 높이 20mm 낮춰",http://www.cnbnews.com/news/article.html?no=481872
281,"기아, 'K8' 실내 디자인 공개",https://www.paxnetnews.com/articles/71556
282,현대차 국내외 협력사에 마스크 178만개 쏜다,http://news.mk.co.kr/newsRead.php?no=809585&year=2021
283,"[해외 한국기업 이슈](3월 20일) ‘쿠팡’에서 대박 낸 소프트뱅크, 그린실 캐피털에서 12억 달러 손실...기아차, 인도 카 앤 바이크 선정, 2021년 올해의 자동차 제조업체로 선정",http://www.g-enews.com/ko-kr/news/article/news_all/202103200902407197e8b8a793f7_1/article.html
284,"이주의 주식시장은? 애플카 이슈 속 기아차·현대차 그룹 상승세, LG전자 스마트폰 사업 매각 소식에 급등",http://www.ggilbo.com/news/articleView.html?idxno=823844
285,"[마감종합기사] LG화학 분사 소식에 하락... 신성델타테크는 급등, 케이피엠테크·텔콘RF제약 주가 롤러코스터",http://www.ggilbo.com/news/articleView.html?idxno=796384
286,올 세 번째 美 출장지로 '뉴욕 오토쇼' 선택한 정의선,http://weekly.hankooki.com/news/articleView.html?idxno=7072199
287,[뉴욕 오토쇼] 코로나 딛고 120회 잔치…주인공은 전기차·SUV,https://www.ekn.kr/web/view.php?key=20220414010002429
288,자산 40兆 '슈퍼항공'… '현대차+기아차式' 독립 경영,http://biz.newdaily.co.kr/site/data/html/2020/11/13/2020111300121.html
289,코로나 딛고 3년 만에 열린 ‘뉴욕 오토쇼’…더 뉴 팰리세이드·텔루라이드 첫선,http://news.heraldcorp.com/view.php?ud=20220414000035
290,"기아 K8 실내 보니… ""1등석 부럽지 않네""",http://biz.newdaily.co.kr/site/data/html/2021/03/04/2021030400012.html
291,"기아, 'K8' 실내 디자인 공개…파노라믹 커브드 디스플레이 최초 적용",http://www.ajunews.com/view/20210304084331360
292,현대차 국내외 협력사에 마스크 178만개 쏜다,http://news.mk.co.kr/newsRead.php?no=809585&year=2021
293,"[해외 한국기업 이슈](3월 20일) ‘쿠팡’에서 대박 낸 소프트뱅크, 그린실 캐피털에서 12억 달러 손실...기아차, 인도 카 앤 바이크 선정, 2021년 올해의 자동차 제조업체로 선정",http://www.g-enews.com/ko-kr/news/article/news_all/202103200902407197e8b8a793f7_1/article.html
294,"이주의 주식시장은? 애플카 이슈 속 기아차·현대차 그룹 상승세, LG전자 스마트폰 사업 매각 소식에 급등",http://www.ggilbo.com/news/articleView.html?idxno=823844
295,"[마감종합기사] LG화학 분사 소식에 하락... 신성델타테크는 급등, 케이피엠테크·텔콘RF제약 주가 롤러코스터",http://www.ggilbo.com/news/articleView.html?idxno=796384
296,올 세 번째 美 출장지로 '뉴욕 오토쇼' 선택한 정의선,http://weekly.hankooki.com/news/articleView.html?idxno=7072199
297,[뉴욕 오토쇼] 코로나 딛고 120회 잔치…주인공은 전기차·SUV,https://www.ekn.kr/web/view.php?key=20220414010002429
298,자산 40兆 '슈퍼항공'… '현대차+기아차式' 독립 경영,http://biz.newdaily.co.kr/site/data/html/2020/11/13/2020111300121.html
299,코로나 딛고 3년 만에 열린 ‘뉴욕 오토쇼’…더 뉴 팰리세이드·텔루라이드 첫선,http://news.heraldcorp.com/view.php?ud=20220414000035
300,간결함과 화려함의 조화…기아 ‘K8’ 실내디자인 공개,http://news.heraldcorp.com/view.php?ud=20210304000117
301,"기아, 'K8' 실내 디자인 공개",https://www.jnilbo.com/view/media/view?code=2021030413343771895
302,현대차 국내외 협력사에 마스크 178만개 쏜다,http://news.mk.co.kr/newsRead.php?no=809585&year=2021
303,"[해외 한국기업 이슈](3월 20일) ‘쿠팡’에서 대박 낸 소프트뱅크, 그린실 캐피털에서 12억 달러 손실...기아차, 인도 카 앤 바이크 선정, 2021년 올해의 자동차 제조업체로 선정",http://www.g-enews.com/ko-kr/news/article/news_all/202103200902407197e8b8a793f7_1/article.html
304,"이주의 주식시장은? 애플카 이슈 속 기아차·현대차 그룹 상승세, LG전자 스마트폰 사업 매각 소식에 급등",http://www.ggilbo.com/news/articleView.html?idxno=823844
305,"[마감종합기사] LG화학 분사 소식에 하락... 신성델타테크는 급등, 케이피엠테크·텔콘RF제약 주가 롤러코스터",http://www.ggilbo.com/news/articleView.html?idxno=796384
306,올 세 번째 美 출장지로 '뉴욕 오토쇼' 선택한 정의선,http://weekly.hankooki.com/news/articleView.html?idxno=7072199
307,[뉴욕 오토쇼] 코로나 딛고 120회 잔치…주인공은 전기차·SUV,https://www.ekn.kr/web/view.php?key=20220414010002429
308,자산 40兆 '슈퍼항공'… '현대차+기아차式' 독립 경영,http://biz.newdaily.co.kr/site/data/html/2020/11/13/2020111300121.html
309,코로나 딛고 3년 만에 열린 ‘뉴욕 오토쇼’…더 뉴 팰리세이드·텔루라이드 첫선,http://news.heraldcorp.com/view.php?ud=20220414000035
310,올 세 번째 美 출장지로 '뉴욕 오토쇼' 선택한 정의선,http://weekly.hankooki.com/news/articleView.html?idxno=7072199
311,[뉴욕 오토쇼] 코로나 딛고 120회 잔치…주인공은 전기차·SUV,https://www.ekn.kr/web/view.php?key=20220414010002429
312,자산 40兆 '슈퍼항공'… '현대차+기아차式' 독립 경영,http://biz.newdaily.co.kr/site/data/html/2020/11/13/2020111300121.html
313,코로나 딛고 3년 만에 열린 ‘뉴욕 오토쇼’…더 뉴 팰리세이드·텔루라이드 첫선,http://news.heraldcorp.com/view.php?ud=20220414000035
314,"부산 에코델타시티, 국내 최초 건축물 경관심의에 VR(가상현실) 기술 적용",http://newsbrite.net/133314
315,<자동차 화제> 소형 승용차 시장‘후끈’,https://news.naver.com/main/read.naver?mode=LSD&mid=sec&sid1=101&oid=001&aid=0003927474
316,동남 한인 스포츠 제전 ‘대단원’,http://www.koreadaily.com/news/read.asp?art_id=7315536
317,[이번주 증시상장] 상장 대박 누구?...6개사 '잇달아' 입성,http://www.newspim.com/news/view/20181119000003
318,[IPO레이더]최민석 디케이앤디 대표이사 “차별화된 기술력으로 글로벌 기업 도약”,http://www.newsway.co.kr/news/view?tp=1&ud=2018103115045233990
319,"기아, K8 실내 디자인 공개…형제차 현대차 그랜저 독주 막나",http://www.metroseoul.co.kr/article/20210304500089
320,"기아, K8 실내 디자인 공개…형제차 현대차 그랜저 독주 막나",http://www.metroseoul.co.kr/article/20210304500089
321,"무디스, 현대차·기아차 신용등급 강등 예고",http://www.viewsnnews.com/article?q=179514
322,경남산업평화 대상에 안정구 유니크 대표,http://gnnews.co.kr/news/view.html?section=168&category=169&item=&no=223836
323,<자동차 화제> ‘신세대 승용차’ 실패로 결론,https://news.naver.com/main/read.naver?mode=LSD&mid=sec&sid1=101&oid=001&aid=0003945006
324,"[증시] 외인·기관 매도...코스피, 하락 출발",https://www.youthdaily.co.kr/news/article.html?no=98197
325,"起亞自, 16일부터 할인 판매",https://news.naver.com/main/read.naver?mode=LSD&mid=sec&sid1=101&oid=001&aid=0004373585
326,<자동차 화제> 新車들의 성적표,https://news.naver.com/main/read.naver?mode=LSD&mid=sec&sid1=101&oid=001&aid=0004010340
327,美 가장 오래된 자동차 전시회 뉴욕 국제오토쇼 개막,https://www.ytn.co.kr/_ln/0104_202204140004089800
328,자동차 新모델 판매호조,https://news.naver.com/main/read.naver?mode=LSD&mid=sec&sid1=101&oid=001&aid=0003954705
329,"[뉴시스아이즈]신차 구입 세금 혜택, 요령 알면 재미 더욱 쏠쏠",https://news.naver.com/main/read.naver?mode=LSD&mid=sec&oid=003&aid=0002634539
330,할인판매로 釜山지역 중고차시장 혼란,https://news.naver.com/main/read.naver?mode=LSD&mid=sec&sid1=102&oid=001&aid=0004148211
331,현대·기아차의 숙제는-中 시장 만성 부진…아세안으로 돌파 모색 ‘모비스 분할·글로비스 합병’ 재추진하나,http://news.mk.co.kr/v2/economy/view.php?year=2019&no=1066546
332,[더벨][아시아나항공 M&A]'현대·기아차' 생각나게 하는 '대한·아시아나항공',http://www.thebell.co.kr/front/free/contents/news/article_view.asp?key=201907290100057170003589
333,[전일 주요 공시] 기아차ㆍ한화시스템ㆍ헬릭스미스 등,http://www.etoday.co.kr/news/section/newsview.php?idxno=1855321
334,"신성델타테크, 2차전지부품 주력으로 키운다",http://news.mk.co.kr/newsRead.php?year=2018&no=112094
335,[ET투자뉴스]신성델타테크_주요 투자주체는 개인투자자,http://www.etnews.com/20171130000303
336,[아주종목분석] 신성델타테크 지속성장 전망에 상승,http://www.ajunews.com/view/20171116153255759
337,"델타항공, 애틀랜타~인천 ‘하늘길’ 열다",http://www.koreadaily.com/news/read.asp?art_id=5318607
338,신성델타테크 실적 상승에도 주가는 제자리 [리서치알음],http://www.ajunews.com/view/20170529100907730
339,"신성델타테크㈜, ‘신성오토모티브㈜’ 출범식 가져",http://www.newsis.com/view/?id=NISX20170517_0014900118&cID=10812&pID=10800
340,"[ET투자뉴스]신성델타테크, ""성장 엔진 장착, …"" 매수(신규)-한국투자증권",http://www.etnews.com/20171121000310
341,"[화제의 보고서] 성장 엔진 장착, 재평가 가능성에 주목 신성델타테크, 신성장동력 전기차 타고 질주",http://news.mk.co.kr/v2/economy/view.php?year=2017&no=768082
342,"신성델타테크, 가전부문과 전기차부품 사업 성장 기대-한투",http://www.edaily.co.kr/news/newspath.asp?newsid=01502246616126376
343,창원 신성델타테크 1분기 매출 1147억원,http://www.knnews.co.kr/news/articleView.php?idxno=1214860
344,"신성델타테크㈜, 1분기 최대 매출·세전이익 달성",http://www.newsis.com/view/?id=NISX20170516_0014897625&cID=10812&pID=10800
345,[주간신용등급] 현대기아차·카드·캐피탈 잇따라 하향,http://www.newspim.com/news/view/20181116000568
346,"현대차, 아세안 시장 본격 공략…우크라 사태 등 '글로벌 변수' 정면 돌파",http://www.ftoday.co.kr/news/articleView.html?idxno=234140
347,[빅데이터MSI]시장심리 톱5…대한항공·기아차·현대차·삼성전기·한화,http://www.newsis.com/view/?id=NISX20171120_0000152692&cID=10401&pID=10400
348,"딜 주지사, 델타 인천 직항노선 첫 고객",http://www.koreadaily.com/news/read.asp?art_id=5315524
349,에코델타시티의 관문 ‘사상구’ 부동산 재조명! ‘사상역 샬레’ 주목,http://biz.heraldcorp.com/view.php?ud=20141107000356
350,[빅데이터MSI]시장심리 톱5…대한항공·기아차·현대차·삼성전기·한화,http://www.newsis.com/view/?id=NISX20171120_0000152692&cID=10401&pID=10400
351,"딜 주지사, 델타 인천 직항노선 첫 고객",http://www.koreadaily.com/news/read.asp?art_id=5315524
352,에코델타시티의 관문 ‘사상구’ 부동산 재조명! ‘사상역 샬레’ 주목,http://biz.heraldcorp.com/view.php?ud=20141107000356
353,[비즈&] 기아차 스토닉 공개…국내 유일 1천만원대 디젤SUV 外,http://www.yonhapnewstv.co.kr/MYH20170627013500038/?did=1825m
354,起亞自 소형세단‘델타’판매,https://news.naver.com/main/read.naver?mode=LSD&mid=sec&sid1=101&oid=001&aid=0004200258
355,"델타항공 ""인천공항, 나리타 대체 적격 ··· 신규취항 검토""",http://www.asiae.co.kr/news/view.htm?idxno=2012120613301917216
356,'러' 영공 폐쇄로 길어진 하늘길…기름값도 올라 항공사 부담 가중,https://www.straightnews.co.kr/news/articleView.html?idxno=208263
357,[오종훈의 자동차 현대사] ‘기아 아벨라’ 옥색ㆍ분홍색ㆍ남청색…성능보다 과감한 컬러로 주목받아,http://www.hankookilbo.com/v/ba44426e3bef46ef9dcb4678e6cf63ba
358,"현대車, 델타엔진 생산 100만대 돌파",https://news.naver.com/main/read.naver?mode=LSD&mid=sec&sid1=101&oid=008&aid=0000397840
359,[현대기아차 고성능차 시동]스쿠프부터 스팅어까지…역대 스포츠카 보니,http://view.asiae.co.kr/news/view.htm?idxno=2017052009165376270
360,현대차 아산공장 델타엔진 100만대 생산 돌파,https://news.naver.com/main/read.naver?mode=LSD&mid=sec&sid1=102&oid=001&aid=0000621890
361,[현대기아차 고성능차 시동]스쿠프부터 스팅어까지…역대 스포츠카 보니,http://view.asiae.co.kr/news/view.htm?idxno=2017052009165376270
362,"신성델타테크, 하반기 고객사 확대+신사업 진출",http://www.moneytoday.co.kr/view/mtview.php?type=1&no=2009051918197088769&outlink=1
363,"한공회, 2015 투명회계대상에 기아차·호텔신라·와이지-원",http://www.fnnews.com/news/201506120825425463
364,"起亞車, 아벨라 델타 시판",https://news.naver.com/main/read.naver?mode=LSD&mid=sec&sid1=101&oid=001&aid=0003924362
365,3월 대규모 ELS 만기 도래…'녹인' 피한 기아차 관심,http://news.einfomax.co.kr/news/articleView.html?idxno=140373
366,[7일 증권사 추천종목]태광 신성델타테크 등,http://www.hankyung.com/news/app/newsview.php?aid=2009050709736
367,"자동차업체 순위다툼, 스웨덴 볼보· 인도 타타· 기아차...슈퍼 대기업 포춘500 대해부 ⑪",http://www.g-enews.com/ko-kr/news/article/news_all/201508101506524698795_1/article.html
368,현대·기아차 ‘엔진 경쟁력’ 어디까지 왔나,http://www.econovill.com/news/articleView.html?idxno=254787
369,"""환율 수혜… 기아차 콜ELW 유망""",http://www.moneytoday.co.kr/view/mtview.php?type=1&no=2008100609140437821&outlink=1
370,"올해 투명회계대상, 기아차·호텔신라·와이지원",http://www.newstomato.com/ReadNews.aspx?no=562296
371,현대·기아차 ‘엔진 경쟁력’ 어디까지 왔나,http://www.econovill.com/news/articleView.html?idxno=254787
372,"""환율 수혜… 기아차 콜ELW 유망""",http://www.moneytoday.co.kr/view/mtview.php?type=1&no=2008100609140437821&outlink=1
373,[특별기고] '기아 블루바드'와 '포르셰 애비뉴',http://www.fnnews.com/news/201504071657579218
374,車 반도체 부족 사태 장기화…현대차 8월 판매 '뒷걸음질',http://www.economytalk.kr/news/articleView.html?idxno=215479
375,"현대·기아차, 독일 ‘2012 오토모티브 브랜드 콘테스트’ 수상",http://www.betanews.net/article/565126
376,"현대-기아, 獨 '2012 오토모티브 브랜드 콘테스트' 수상",http://sportsworldi.segye.com/Articles/LeisureLife/Article.asp?aid=20120802002965
377,"완성차, 반도체난 최소화·생산 최대화…남은 4개월 '전력 질주'",http://www.newspim.com/news/view/20210830000680
378,'2015 투명회계대상' 기아차·호텔신라·와이지-원,http://www.hankyung.com/news/app/newsview.php?aid=2015061028491
379,[기업공시] 디와이 ; 태웅 ; 델타정보통신 ; 벨코정보통신,https://news.naver.com/main/read.naver?mode=LSD&mid=sec&sid1=101&oid=015&aid=0000551664
380,"완성차, 반도체난 최소화·생산 최대화…남은 4개월 '전력 질주'",http://www.newspim.com/news/view/20210830000680
381,'투명회계 대상' 기아자동차 호텔신라 와이지원,http://www.intn.co.kr/news/articleView.html?idxno=439896
382,'2015 투명회계대상' 기아차·호텔신라·와이지-원,http://www.hankyung.com/news/app/newsview.php?aid=2015061028491
383,[기업공시] 디와이 ; 태웅 ; 델타정보통신 ; 벨코정보통신,https://news.naver.com/main/read.naver?mode=LSD&mid=sec&sid1=101&oid=015&aid=0000551664
384,현대-기아 R&D통합 첫 결실 .. 중형車 옵티마 '세상속으로',https://news.naver.com/main/read.naver?mode=LSD&mid=sec&sid1=101&oid=015&aid=0000253323
385,"현대-기아 첫 플랫폼 통합 ""옵티마"" 시판",https://news.naver.com/main/read.naver?mode=LSD&mid=sec&sid1=101&oid=015&aid=0000253100
386,"현대·기아차 임직원 특명 ""디트로이트에서 트렌드 읽어라""",http://www.edaily.co.kr/news/newspath.asp?newsid=01262806602679688
387,"현대기아차, 獨 오토모티브 콘테스트 수상",http://www.segye.com/Articles/NEWS/ECONOMY/Article.asp?aid=20120805022136&subctg1=&subctg2=
388,"현대기아차, 獨 오토모티브 콘테스트 수상",https://news.naver.com/main/read.naver?mode=LSD&mid=sec&sid1=101&oid=001&aid=0005734386
389,[자동차 알파에서 오메가] 기아 리오,https://news.naver.com/main/read.naver?mode=LSD&mid=sec&sid1=103&oid=009&aid=0000058533
390,힘/감각/안락...名車 나가신다 .. 새강자 야심 기아新차 '옵티마',https://news.naver.com/main/read.naver?mode=LSD&mid=sec&sid1=110&oid=015&aid=0000253554
391,[현대 100년 DNA 15·1] 세계로 뻗는 현대기아차(1),http://www.ajnews.co.kr/uhtml/read.jsp?idxno=201010211214572840648
392,"車부품업체, 현대·기아 넘어 벤츠·BMW로 간다",http://www.moneytoday.co.kr/view/mtview.php?type=1&no=2010101314525292069&outlink=1
393,기술맨 포진한 현대기아차 최고경영진,http://www.fnnews.com/view?ra=Sent0601m_01A&corp=fnnews&arcid=00000921524770&cDateYear=2008&cDateMonth=12&cDateDay=26&
394,[사이언스HOT5] 세계 각국에서 확인된 백신 효과…7월 첫째 주 과학 이슈,https://science.ytn.co.kr/program/program_view.php?s_mcd=0082&s_hcd=0034&key=202107021705298002
395,대우證 : LG · 서울반도체 · 기아차 등,http://www.seoulfn.com/news/articleView.html?idxno=93392
396,대우證 : 기아차 · 현대중공업 · 우리투자증권 등,http://www.seoulfn.com/news/articleView.html?idxno=93318
397,대우證 : 네오위즈게임즈 · 기아차 · 현대중공업 등,http://www.seoulfn.com/news/articleView.html?idxno=93237
398,대우證 : 기아차 · 현대중공업 · 앤씨소프트 등,http://www.seoulfn.com/news/articleView.html?idxno=93164
399,"<AsiaNet> 미국 콜럼버스시, 기아차 유치 위해 대규모 인센티브 패키지 제공",https://news.naver.com/main/read.naver?mode=LSD&mid=sec&sid1=104&oid=001&aid=0001227686
400,"현대·기아차 ""안방을 지켜라""…수입차 등록대수 에쿠스 판매량 2배 넘어",https://news.naver.com/main/read.naver?mode=LSD&mid=sec&sid1=101&oid=015&aid=0000865788
401,워런 버핏 덕에 포스코·기아차 ‘들썩’,http://www.fnnews.com/view?ra=Sent0701m_01A&corp=fnnews&arcid=071026080700&cDateYear=2007&cDateMonth=10&cDateDay=26&
402,워런 버핏 덕에 포스코·기아차 ‘들썩’,http://www.fnnews.com/view?ra=Sent0301m_01A&corp=fnnews&arcid=0921134007&cDateYear=2007&cDateMonth=10&cDateDay=25&
403,"[기업] 기아차,럭셔리 중형세단 `리갈` 출시",https://news.naver.com/main/read.naver?mode=LSD&mid=sec&sid1=101&oid=008&aid=0000170778
404,[현대.기아차] 세계 名車와 당당한 경쟁,https://news.naver.com/main/read.naver?mode=LSD&mid=sec&sid1=101&oid=009&aid=0000101442
405,기아 중형세단 `옵티마' 시판,https://news.naver.com/main/read.naver?mode=LSD&mid=sec&sid1=101&oid=009&aid=0000027748
406,"기아自, 해외시장 공략 본격화",https://news.naver.com/main/read.naver?mode=LSD&mid=sec&sid1=101&oid=001&aid=0003953883
407,"기아車, 고품격 세단 '리갈' 판매개시",https://news.naver.com/main/read.naver?mode=LSD&mid=sec&sid1=101&oid=009&aid=0000210537
408,기아 중형車 '옵티마' 발표,https://news.naver.com/main/read.naver?mode=LSD&mid=sec&sid1=101&oid=020&aid=0000015019
409,[한경 소비자대상(하반기ㆍ上)] 기아차-뉴오피러스,http://www.hankyung.com/news/app/newsview.php?aid=2006121837201
410,"기아자동차, 고품격 중형승용차 '리갈' 출시",https://news.naver.com/main/read.naver?mode=LSD&mid=sec&sid1=101&oid=009&aid=0000210543
411,기아 중형車 '옵티마' 발표,https://news.naver.com/main/read.naver?mode=LSD&mid=sec&sid1=101&oid=020&aid=0000015019
412,[한경 소비자대상(하반기ㆍ上)] 기아차-뉴오피러스,http://www.hankyung.com/news/app/newsview.php?aid=2006121837201
413,기아.아시아차 노조방침 따라 정상조업,https://news.naver.com/main/read.naver?mode=LSD&mid=sec&sid1=102&oid=001&aid=0004197291
414,[시승기] 기아 '옵티마' .. 변속 속도 빠르고 충격 거의 없어,https://news.naver.com/main/read.naver?mode=LSD&mid=sec&sid1=110&oid=015&aid=0000268688
415,기아 카렌스와 맞설 ‘대우 레조의 후예’는?,http://news.mk.co.kr/news_forward.php?no=28734&year=2009
416,[2006 IT 히트상품] 자동차 - 기아자동차 `뉴오피러스`,http://www.dt.co.kr/contents.html?article_no=2006122002014532614002
417,"“우크라이나에는 자유를, 스텔스 오미크론은 종식을”",https://www.christiantoday.co.kr/news/346513
418,"현대차 ""인구 6억 아세안 시장 공략""…印尼에 전기차 생산 거점",https://www.hankyung.com/economy/article/2022032181461
419,美·EU 이어 인니까지…정의선 회장의 '해외 공략' 청사진,http://www.ftoday.co.kr/news/articleView.html?idxno=233172
420,美·EU 이어 인니까지…정의선 회장의 '해외 공략' 청사진,http://www.ftoday.co.kr/news/articleView.html?idxno=233172
421,내일부터 슈퍼주총 시즌…SK·두산그룹 등 1546개 상장사 몰려,https://biz.sbs.co.kr/article_hub/20000055890?division=NAVER
422,'인구 6억' 아세안 시대 연다…현대차 1.8조 투자 인니 공장 준공,https://www.hankyung.com/economy/article/202203168495g
423,"[지난주 산업계 주요이슈] ""싼타페·쏘렌토 연료호스 결함"" 6개사 9만여대 리콜...""50만원대 5G폰"" 삼성전자 '갤럭시 A53·A33 5G' 공개 外",https://www.youthdaily.co.kr/news/article.html?no=95572
424,3월 3-4주 주요 제조업 전망,http://www.laborplus.co.kr/news/articleView.html?idxno=28766
425,"[ CEO24시]정의선 현대차그룹 회장, 인니에 전기차 생산 거점…인구 6억 아세안 공략",https://magazine.hankyung.com/business/article/202203247955b
426,"정의선 현대차 회장, 美·유럽서 웃고 中·러시아서 울고…인니서 돌파구 찾나",https://www.asiatoday.co.kr/view.php?key=20220315010008347
427,다음주 슈퍼주총…SK·두산그룹 등 1546개 상장사 몰려,http://www.newsis.com/view/?id=NISX20220325_0001807422&cID=15001&pID=15000
428,현대차 인도네시아 공장 준공…신남방 공략 교두보 확보,https://www.inthenews.co.kr/news/article.html?no=44826
429,"[오늘의 상한가] '곡물 관련주' 한일사료·현대사료·누보, 미코바이오메드·CBI↑",https://www.nbntv.co.kr/news/articleView.html?idxno=961979
430,"현대차, 인도네시아에 아세안 공략 핵심거점 세워… 아이오닉5 생산 시작",https://www.asiatoday.co.kr/view.php?key=20220316010008724
431,현대차 인도네시아 공장 준공…신남방 공략 교두보 확보,https://www.inthenews.co.kr/news/article.html?no=44826
432,"[오늘의 상한가] '곡물 관련주' 한일사료·현대사료·누보, 미코바이오메드·CBI↑",https://www.nbntv.co.kr/news/articleView.html?idxno=961979
433,"정의선 ""인도네시아는 미래 모빌리티 핵심 거점""…전기차로 '아세안 6억 시장' 정조준",https://www.ajunews.com/view/20220316144421564
434,"[금일 산업계 주요기사] ""유럽 반도체 생태계 조성"" 인텔, 유럽연합에 330억 유로 투자… ""싼타페·쏘렌토 연료 공급호스 결함"" 6개사 9만여 대 리콜 外",https://www.youthdaily.co.kr/news/article.html?no=95365
435,포스트 코로나 앞에 선 기업들…세계 1등 위한 '항해' 시작됐다,https://www.hankyung.com/economy/article/2022032181311
436,"현대차, 러-우크라 리스크에 판매 실적 경고등…만회 전략은",https://www.dnews.co.kr/uhtml/view.jsp?idxno=202203151258519260947
437,"정의선, 동남아 승부수…인니에 전기차 생산거점 구축",https://www.ekn.kr/web/view.php?key=20220314010002201
438,"아세안 공략 나선 현대차, 인도네시아에 연 25만대 생산기지 구축",http://www.breaknews.com/879485
439,"현대차 인니 공장 준공, 인구 6억 동남아 시장 공략 박차",http://news.kmib.co.kr/article/view.asp?arcid=0924236280&code=11151400&cp=nv
440,"[조간브리핑] 본격적인 ‘카플레이션’ 시작?…테슬라, 나흘 만에 또 가격 인상",https://biz.sbs.co.kr/article_hub/20000054559?division=NAVER
441,"현대차, 아세안 지역 첫 완성차 생산기지 인도네시아 공장 준공.....연산 25만대·전기차 양산",http://www.worktoday.co.kr/news/articleView.html?idxno=23372
442,"""6억 인구 '일본차 주무대' 공략""…'2조 뚝심' 정의선, 인니에 현대차 생산기지 구축",http://news.mk.co.kr/newsRead.php?no=242506&year=2022
443,"현대차, 인니에 첫 아세안공장 준공…연산 25만대·전기차 양산(종합)",http://yna.kr/AKR20220316105351003?did=1195m
444,"현대차, 인도네시아 공장 준공…6억명 아세안 시장 공략 시동",https://www.khan.co.kr/economy/industry-trade/article/202203162131025
445,"2030년 전기차 판매량, 전체의 절반 넘는다",http://www.pinpointnews.co.kr/view.php?ud=202202201155576366cd1e7f0bdf_45
446,일본차 장악 동남아에 도전장… 정의선 “인니는 현대차 미래전략 핵심”,http://news.kmib.co.kr/article/view.asp?arcid=0016874247&code=61141111&cp=nv
447,"정의선, 印尼공장 준공식서 `조코위 회동` 촉각",http://www.dt.co.kr/contents.html?article_no=2022031502101532064001&ref=naver
448,"LG에너지솔루션, 중국 제외 배터리시장 점유율 1위",http://www.pinpointnews.co.kr/view.php?ud=20220215064403414cd1e7f0bdf_45
449,삼성·LG 11년 연속 100대 혁신기업,http://www.naeil.com/news_view/?id_art=415417
450,"아세안 완성차 생산기지 구축…현대車, 인니 공장 준공식",https://www.nocutnews.co.kr/news/5723979
451,"현대차, 인도네시아 공장 준공…6억명 아세안 시장 공략 시동",https://www.khan.co.kr/economy/industry-trade/article/202203162131025
452,"2030년 전기차 판매량, 전체의 절반 넘는다",http://www.pinpointnews.co.kr/view.php?ud=202202201155576366cd1e7f0bdf_45
453,"정의선, 이번엔 印尼…2조 투입 年25만대 자동차 공장 지었다",http://news.mk.co.kr/newsRead.php?no=243592&year=2022
454,일본차 장악 동남아에 도전장… 정의선 “인니는 현대차 미래전략 핵심”,http://news.kmib.co.kr/article/view.asp?arcid=0016874247&code=61141111&cp=nv
455,"정의선, 印尼공장 준공식서 `조코위 회동` 촉각",http://www.dt.co.kr/contents.html?article_no=2022031502101532064001&ref=naver
456,"LG에너지솔루션, 중국 제외 배터리시장 점유율 1위",http://www.pinpointnews.co.kr/view.php?ud=20220215064403414cd1e7f0bdf_45
457,삼성·LG 11년 연속 100대 혁신기업,http://www.naeil.com/news_view/?id_art=415417
458,"LG에너지솔루션 ""국내외 86개 협력사와 경쟁력 강화 논의""",http://www.pinpointnews.co.kr/view.php?ud=202202170648383498cd1e7f0bdf_45
459,"라이엇 '발로란트 챌린저스 코리아 스테이지 1' 미디어 데이, 유력 우승 후보는 'DRX'",https://www.gamechosun.co.kr/webzine/article/view.php?no=182387
460,"현대차, 인도네시아 공장 준공… 정의선 ""미래 모빌리티 핵심 거점""",http://www.getnews.co.kr/news/articleView.html?idxno=576591
461,"정의선 ""印尼, 미래 모빌리티 거점""… 6억 아세안 본격 공략",http://www.fnnews.com/news/202203161814141832
462,"2030년 전기차 판매량, 전체의 절반 넘는다",http://www.pinpointnews.co.kr/view.php?ud=202202201155576366cd1e7f0bdf_45
463,"정의선, 이번엔 印尼…2조 투입 年25만대 자동차 공장 지었다",http://news.mk.co.kr/newsRead.php?no=243592&year=2022
464,일본차 장악 동남아에 도전장… 정의선 “인니는 현대차 미래전략 핵심”,http://news.kmib.co.kr/article/view.asp?arcid=0016874247&code=61141111&cp=nv
465,"정의선, 印尼공장 준공식서 `조코위 회동` 촉각",http://www.dt.co.kr/contents.html?article_no=2022031502101532064001&ref=naver
466,"LG에너지솔루션, 중국 제외 배터리시장 점유율 1위",http://www.pinpointnews.co.kr/view.php?ud=20220215064403414cd1e7f0bdf_45
467,삼성·LG 11년 연속 100대 혁신기업,http://www.naeil.com/news_view/?id_art=415417
468,"LG에너지솔루션 ""국내외 86개 협력사와 경쟁력 강화 논의""",http://www.pinpointnews.co.kr/view.php?ud=202202170648383498cd1e7f0bdf_45
469,"라이엇 '발로란트 챌린저스 코리아 스테이지 1' 미디어 데이, 유력 우승 후보는 'DRX'",https://www.gamechosun.co.kr/webzine/article/view.php?no=182387
470,"정의선 ""印尼, 미래 모빌리티 거점""… 6억 아세안 본격 공략",http://www.fnnews.com/news/202203161814141832
471,"현대차, 인니 공장 준공…""아세안 공략 전략적 교두보""",http://www.inews24.com/view/1460814
472,"2030년 전기차 판매량, 전체의 절반 넘는다",http://www.pinpointnews.co.kr/view.php?ud=202202201155576366cd1e7f0bdf_45
473,"정의선, 이번엔 印尼…2조 투입 年25만대 자동차 공장 지었다",http://news.mk.co.kr/newsRead.php?no=243592&year=2022
474,일본차 장악 동남아에 도전장… 정의선 “인니는 현대차 미래전략 핵심”,http://news.kmib.co.kr/article/view.asp?arcid=0016874247&code=61141111&cp=nv
475,"정의선, 印尼공장 준공식서 `조코위 회동` 촉각",http://www.dt.co.kr/contents.html?article_no=2022031502101532064001&ref=naver
476,"LG에너지솔루션, 중국 제외 배터리시장 점유율 1위",http://www.pinpointnews.co.kr/view.php?ud=20220215064403414cd1e7f0bdf_45
477,삼성·LG 11년 연속 100대 혁신기업,http://www.naeil.com/news_view/?id_art=415417
478,"LG에너지솔루션 ""국내외 86개 협력사와 경쟁력 강화 논의""",http://www.pinpointnews.co.kr/view.php?ud=202202170648383498cd1e7f0bdf_45
479,"라이엇 '발로란트 챌린저스 코리아 스테이지 1' 미디어 데이, 유력 우승 후보는 'DRX'",https://www.gamechosun.co.kr/webzine/article/view.php?no=182387
480,"현대차, 인도네시아 공장 준공식 개최…미래 모빌리티 전략 핵심 거점",https://sports.donga.com/article/all/20220316/112360526/2
481,"2030년 전기차 판매량, 전체의 절반 넘는다",http://www.pinpointnews.co.kr/view.php?ud=202202201155576366cd1e7f0bdf_45
482,"정의선, 이번엔 印尼…2조 투입 年25만대 자동차 공장 지었다",http://news.mk.co.kr/newsRead.php?no=243592&year=2022
483,일본차 장악 동남아에 도전장… 정의선 “인니는 현대차 미래전략 핵심”,http://news.kmib.co.kr/article/view.asp?arcid=0016874247&code=61141111&cp=nv
484,"정의선, 印尼공장 준공식서 `조코위 회동` 촉각",http://www.dt.co.kr/contents.html?article_no=2022031502101532064001&ref=naver
485,"LG에너지솔루션, 중국 제외 배터리시장 점유율 1위",http://www.pinpointnews.co.kr/view.php?ud=20220215064403414cd1e7f0bdf_45
486,삼성·LG 11년 연속 100대 혁신기업,http://www.naeil.com/news_view/?id_art=415417
487,"LG에너지솔루션 ""국내외 86개 협력사와 경쟁력 강화 논의""",http://www.pinpointnews.co.kr/view.php?ud=202202170648383498cd1e7f0bdf_45
488,"라이엇 '발로란트 챌린저스 코리아 스테이지 1' 미디어 데이, 유력 우승 후보는 'DRX'",https://www.gamechosun.co.kr/webzine/article/view.php?no=182387
489,호실적에도 '지지부진' 자동차株. 언제 반등할까[분석+],https://www.hankyung.com/finance/article/2022022170046
490,"""아세안 공략 교두보"" 현대차, 인니에 완성차공장 준공···年25만대 생산 목표",http://www.dizzotv.com/site/data/html_dir/2022/03/16/2022031680194.html
491,일본차 장악 동남아에 도전장… 정의선 “인니는 현대차 미래전략 핵심”,http://news.kmib.co.kr/article/view.asp?arcid=0016874247&code=61141111&cp=nv
492,"정의선, 印尼공장 준공식서 `조코위 회동` 촉각",http://www.dt.co.kr/contents.html?article_no=2022031502101532064001&ref=naver
493,"LG에너지솔루션, 중국 제외 배터리시장 점유율 1위",http://www.pinpointnews.co.kr/view.php?ud=20220215064403414cd1e7f0bdf_45
494,삼성·LG 11년 연속 100대 혁신기업,http://www.naeil.com/news_view/?id_art=415417
495,"LG에너지솔루션 ""국내외 86개 협력사와 경쟁력 강화 논의""",http://www.pinpointnews.co.kr/view.php?ud=202202170648383498cd1e7f0bdf_45
496,"라이엇 '발로란트 챌린저스 코리아 스테이지 1' 미디어 데이, 유력 우승 후보는 'DRX'",https://www.gamechosun.co.kr/webzine/article/view.php?no=182387
497,호실적에도 '지지부진' 자동차株. 언제 반등할까[분석+],https://www.hankyung.com/finance/article/2022022170046
498,"[헤드라인]""대선 복병"" 배우자 리스크...WHO ""오미크론 변이 출현 이후 50만명 사망"" 外",https://www.youthdaily.co.kr/news/article.html?no=92561
499,"韓, 세계 차 생산 獨 제치며 5위 등극했지만…",http://news.mt.co.kr/mtview.php?no=2022022811355330105
