,title,url
0,"피아트, 오픈탑 SUV ‘500X 요팅’ 에디션 공개..요트에서 ‘영감’",http://www.dailycar.co.kr/content/news.html?type=view&autoId=40028
1,피아트 '지프 레니게이드' '피아트500X'에 인증 취소·과징금 73억 부과,http://www.ajunews.com/view/20190514090423192
2,"FCA코리아, 상반기 피아트 '500x' 완판에도 웃을 수 없는 이유",http://biz.newdaily.co.kr/news/article.html?no=10137265
3,[재도약 나선 수입차] 피아트 '500X',http://www.sedaily.com/NewsView/1OAV87WVTA
4,"피아트 500X 카카오 택시 일일 기사 체험, 브랜드와 승객 모두가 만족한 카카오 택시 마케팅",http://autoin.edaily.co.kr/news/newspath.asp?newsid=02591206612878192
5,"피아트크라이슬러, '피아트 500X' 카카오택시 시승 이벤트 추가 진행",http://www.greenpostkorea.co.kr/news/article.html?no=69076
6,"[시승기] 피아트 500X, 귀여운 외모에 터프한 주행감 '반전 매력'",http://www.consumernews.co.kr/?mod=news&act=articleView&idxno=513505
7,피아트의 소형SUV '500X'와 혼다의 'HR-V' 10월 할인판매,http://www.businesspost.co.kr/news/articleView.html?idxno=34783
8,"[맞수열전]같은 듯 다른 매력, 피아트 500X vs 지프 레니게이드",http://news1.kr/articles/?2789596
9,"피아트 500X, 25일까지 '택시 이벤트'",http://www.fnnews.com/news/201609111641108138
10,"FCA코리아, '피아트 500X' 깜짝 택시 이벤트 진행",http://www.viva100.com/main/view.php?key=20160908010002344
11,"피아트 ""카카오택시로 피아트 500X 무료 경험하세요""",http://www.newstomato.com/ReadNews.aspx?no=688380
12,"FCA코리아, '피아트 500X' 60개월 무이자 할부 실시",http://www.viva100.com/main/view.php?key=20160902010000580
13,피아트 “카톡에서 알차장과 ‘500X’ 1대 1 구매상담 받으세요”,http://www.newstomato.com/ReadNews.aspx?no=680434
14,"FCA코리아 ""피아트 500X·지프 레니게이드 개소세 혜택 유지""",http://www.ebn.co.kr/news/view/838951
15,"엄친 SUV ‘피아트 500X’, 스펙이 끝내줘요",http://news.mk.co.kr/newsRead.php?no=478722&year=2016
16,[주목! 이차] 피아트 '500X',http://www.sedaily.com/NewsView/1KYQ1O3SE5
17,[자동차 특집] 피아트 ‘500X’,http://www.segye.com/content/html/2016/06/26/20160626001281.html?OutUrl=naver
18,"피아트 500X 판매가격, 본토보다 저렴",http://www.fnnews.com/news/201606211813060755
19,‘피아트 500X’예쁘기만 하다? 가성비 알면 놀랄걸!,http://news.heraldcorp.com/view.php?ud=20160520000346
20,"[수입 세단의 반격] 피아트 500X, 9단 변속·넓은 실내···실용적인 소형 SUV",http://www.sedaily.com/NewsView/1KWD215HDZ
21,[크라이슬러 피아트 500X] 유럽보다 880만 원 저렴 탁월한 가격 경쟁력,http://news20.busan.com/controller/newsController.jsp?newsId=20160517000015
22,"피아트, 500X 보증기간 7년… ""품질 자신감""",http://www.newscj.com/news/articleView.html?idxno=349488
23,[신참기자의 신차 시승기] '아담하지만 강하다' 깜찍 붕붕카 '피아트500X',http://www.ebn.co.kr/news/view/828174
24,[시승기]피아트 500X ‘이태리 여자 미국 남자 그들의 둘째 딸’,http://car.donga.com/3/all/20160429/77851570/2
25,"[시승기] 깜직한 SUV '피아트 500X'...귀엽지만 연비, 소음은 아쉬워",http://biz.chosun.com/site/data/html_dir/2016/04/26/2016042601717.html
26,"피아트 500X, 소형 SUV시장서 ‘인기몰이’",http://www.ajunews.com/view/20160418083441532
27,"FCA코리아, 가로수길에 신차 ‘피아트 500X’ 전시",http://www.edaily.co.kr/news/newspath.asp?newsid=03437446612615464
28,[시승기] 작다고 얕보지 마라 '피아트 500X',http://www.ajunews.com/view/20160407103704838
29,감성에 실용 더한 '피아트 500X' 출시,http://www.moneyweek.co.kr/news/mwView.php?type=1&no=2016032610058029788&outlink=1
30,이탈리안 감성 더한 소형 SUV 피아트 ‘500X’…“이게 아이코닉 SUV”,http://sports.khan.co.kr/news/sk_index.html?cat=view&art_id=201603241559353&sec_id=563002&pt=nv
31,"'2천만원대' FCA, 소형 SUV '피아트 500X' 출시",http://www.seoulfn.com/news/articleView.html?idxno=248648
32,[ER포토]매력적인 소형SUV '피아트 500X'살펴보니,http://www.econovill.com/news/articleView.html?idxno=285045
33,수입 소형 SUV 경쟁 격화.. 피아트 ‘500X’로 대열 합류,http://www.edaily.co.kr/news/newspath.asp?newsid=02640406612586600
34,"'피아트 500X' 2,900만원대부터, 사전 계약하고 3월 출고하면 모파 블랙박스 증정",http://www.kbench.com/?q=node/160992
35,"FCA코리아, 24일 출시 소형 SUV '피아트 500X' 전시",http://www.ebn.co.kr/news/view/820911
36,"이탈리안 크로스오버, '피아트 500X' 사전예약 실시",http://www.it.co.kr/news/article.html?no=2816513
37,"3월 출시 `피아트 500X`, 친퀘첸토 부활 이끌까",http://www.gpkorea.com/bbs/board.php?bo_table=gp_motorsports&wr_id=14329
38,"크라이슬러 '200'·피아트 '500X', 美 IIHS 충돌 시험서 전항목 '우수'",http://www.osen.co.kr/article/G1110314346
39,[시승기]타인의 시선을 느끼고 싶다면…피아트 '500X',http://www.asiatoday.co.kr/view.php?key=20160627010013459
40,"소형 SUV '피아트 500X', 美 IIHS 자동차 안전도 평가서 최고 등급",http://www.kbench.com/?q=node/155821
41,28% 통큰 할인에···'피아트 500X' 고속질주,http://www.sedaily.com/NewsView/1OC2FMIFYF
42,"소형차도 이젠 ‘안전’ 상품성…피아트 500X, IIHS 최고 등급 받아",http://sports.khan.co.kr/news/sk_index.html?cat=view&art_id=201512161953323&sec_id=563002&pt=nv
43,"[워너비카] 피아트 부진을 만회할 콤팩트 SUV, 피아트 500X",http://www.it.co.kr/news/article.html?no=2791251
44,"괜찮아 SUV야, 파리 모터쇼서 '피아트 500X' 공개",http://www.kbench.com/?q=node/140010
45,"넥센타이어, 피아트 500X에 신차타이어 공급",http://www.it.co.kr/news/article.html?no=2793445
46,"미니쿠퍼를 위협할 소형차, '피아트 500X' 스파이 샷 포착",http://www.kbench.com/?q=node/138496
47,"'피아트 500X' 사진 등장, 알고 보니 QM3와 트랙스 같은 '소형 SUV'",http://www.kbench.com/?q=node/139120
48,"벤츠·지프·피아트, 디젤차 질소산화물 배출량 불법조작 적발..대책은?",http://www.dailycar.co.kr/content/news.html?type=view&autoId=41532
49,"벤츠·짚·피아트, 또 배출가스 불법조작…과징금 55억 원",https://www.etoday.co.kr/news/view/2074733
50,"FCA그룹, LA오토쇼서 피아트 500X 등 신차 공개",http://www.asiatoday.co.kr/view.php?key=20191125010014076
51,'배출가스 조작' 레니게이드·피아트500X 판매중지,http://www.newspim.com/news/view/20190514000512
52,피아트 500X 배출가스 불법조작 적발,http://www.queen.co.kr/news/articleView.html?idxno=305639
53,피아트 ‘짚 레니게이드‧500X’ 2428대 배출가스 불법 조작 적발,http://www.ajunews.com/view/20181204095843275
54,피아트 레니게이드·500X 경유차 배출가스 불법 조작,http://www.dt.co.kr/contents.html?article_no=2018120402109932047001&ref=naver
55,"피아트, 500X S-디자인 공개..시각·감성 높여 ‘차별화’",http://www.dailycar.co.kr/content/news.html?type=view&autoId=32141
56,"피아트, 500X 페이스리프트 이미지 공개..달라진 점은?",http://www.dailycar.co.kr/content/news.html?type=view&autoId=30780
57,짚 레니게이트·피아트 500X 인증취소.. 과징금 73.1억원,http://imnews.imbc.com/news/2019/econo/article/5291083_24684.html
58,"'배출가스 조작' 아우디·피아트, 허위광고로 과징금 10억",https://hankookilbo.com/News/Read/A2021090814350003984?did=NA
59,"피아트, 지프 레니게이드와 플랫폼 공유한 `2018 500X` 공개",http://www.edaily.co.kr/news/newspath.asp?newsid=01580966616092592
60,LA 오토쇼-피아트 500X,http://www.gukjenews.com/news/articleView.html?idxno=1202422
61,"[맞수열전]수입 소형 SUV, 덩치 경쟁 '미니 컨트리맨 vs 피아트 500X'",http://news1.kr/articles/?3011302
62,피아트 500X 시승기 - SUV로 즐기는 500의 매력,http://autoin.edaily.co.kr/news/newspath.asp?newsid=01856486615900384
63,"[제네바모터쇼] 피아트, 제네바 모터쇼에서 500X, 티포 5도어 S-디자인 공개",http://autoin.edaily.co.kr/news/newspath.asp?newsid=01813846615862008
64,"차 값 30% 할인된 피아트 500X, 분할등록...왜?",http://autotimes.hankyung.com/apps/news.sub_view?popup=0&nid=03&c1=03&c2=03&c3=00&nkey=201702211840161
65,"피아트 500X 최대 30% 할인, '중고차보다 저렴'",http://autotimes.hankyung.com/apps/news.sub_view?popup=0&nid=03&c1=03&c2=03&c3=00&nkey=201702021834411
66,"FCA, 피아트 500X 카카오택시 시승 이벤트 추가 진행",http://www.enewstoday.co.kr/news/articleView.html?idxno=635612
67,[시승기] 피아트 500X `앙증맞은 녀석의 파워`,http://www.gpkorea.com/bbs/board.php?bo_table=gp_motorsports&wr_id=17254
68,[시승기] 피아트 올 뉴 500X…앙증맞은 외관에 여성들 볼 때마다 ‘탄성’,http://news.mk.co.kr/newsRead.php?no=658264&year=2016
69,(시승기)여성들이 강추하는 소형SUV 피아트 500X 타보니,http://www.newstomato.com/ReadNews.aspx?no=690062
70,"피아트 500X, 19~25일 카카오와 깜짝 택시 이벤트",http://www.edaily.co.kr/news/newspath.asp?newsid=01354646612780448
71,"[시승기]피아트 500X, 이탈리아 감성 디자인 '물씬'",http://www.mt.co.kr/view/mtview.php?type=1&no=2016091409020146818&outlink=1
72,"[시승기]한옥마을 잘 어울린, 피아트 500X 팝 스타",http://www.nspna.com/news/?mode=view&newsid=186572
73,"소형 SUV 피아트 500X, 60개월 무이자 프로모션",http://sports.chosun.com/news/ntype.htm?id=201609050100030450001976&servicedate=20160904
74,"[시승기] 피아트 500X 팝스타, 매력에 보편성 더한 '신스틸러'",http://www.ebn.co.kr/news/view/846684
75,"[콕포인트] 피아트 500X, 伊대표 깜찍이 근육을 길렀다…힘차게 우렁차게",http://news.mk.co.kr/newsRead.php?no=512200&year=2016
76,"[김부장의 시승기]올 뉴 피아트 500X, “이탈리안 감성의 로맨틱한 놈이 나타났다”",http://www.g-enews.com/ko-kr/news/article/news_all/201607151023416461836_1/article.html
77,"[시승기] 톡톡 튀는 소형 SUV 피아트 500X…""작은 고추가 맵다""",http://biz.newdaily.co.kr/news/article.html?no=10108275
78,"[시승기] 피아트 올 뉴 500X, ""예쁜 마음으로 운전해야하는 예쁜 차!""",http://it.chosun.com/news/article.html?no=2821436
79,"피아트 500X, 깜찍한 디자인에 넓어진 공간, 시원한 주행성까지",http://www.newstomato.com/ReadNews.aspx?no=669004
80,피아트 500X..‘가격·색상·성능’ 女心 공략 가성비↑,http://www.newsway.co.kr/view.php?tp=1&ud=2016062909335008694
81,"9단 변속 SUV‘피아트 500X’, 유럽보다 880만원 저렴",http://www.munhwa.com/news/view.html?no=2016062201032021159001
82,"[수입차, 다시 ‘기지개’]피아트 SUV 500X - 11가지 ‘보디 컬러’ 이탈리아 감성 물씬",http://news.khan.co.kr/kh_news/khan_art_view.html?artid=201606192126035&code=920508
83,[신차드라이브]조금 덜 귀엽고 더 실용적이 된 피아트 `500X`,http://www.etnews.com/20160616000132
84,"[시승기] '올 뉴 피아트 500X', 앙증맞은 외모만 보고 판단하면 큰 코 다친다!",http://kr.aving.net/news/view.php?articleId=1369075&Branch_ID=kr&rssid=naver&mn_name=news
85,‘올-뉴 피아트 500X’ 예술성-스마트 결합,http://www.ekn.kr/news/article.html?no=220025
86,"[타 봤어요]""예쁜데 강하다"" 피아트 500X…편의사양은 아쉬워",http://www.edaily.co.kr/news/newspath.asp?newsid=01430086612653512
87,"[시승기] 선입견 많은 차 '피아트 500X', ""고정관념은 버려라""",http://www.segye.com/content/html/2016/05/22/20160522000625.html?OutUrl=naver
88,[시승기] 외모에 너무 신경썼나…기본기 아쉬운 피아트 500X,http://news1.kr/articles/?2668363
89,"피아트, 판매 부진한 500X 대책 마련에 고심",http://autotimes.hankyung.com/apps/news.sub_view?popup=0&nid=02&c1=02&c2=02&c3=00&nkey=201605161743481
90,"[시승기]소형 SUV, 올-뉴 피아트 500X 팝 스타",http://www.nspna.com/news/?mode=view&newsid=172140
91,"피아트 500X, 고객 우선주의 ‘7년 품질 보장’",http://www.newsway.co.kr/view.php?tp=1&ud=2016051308572564882
92,[NW시승기]피아트 500X ‘컬러디자인성능’ 미니 컨트리맨 대항마,http://www.newsway.co.kr/view.php?tp=1&ud=2016043013422035143
93,"미니 컨트리맨·피아트 500x ""예쁜데 연비 떨어져""",http://www.sisapress.com/news/articleView.html?idxno=76861
94,가로수길서 피아트 500X 택시 타볼까,http://www.fntimes.com/paper/view.aspx?num=150936
95,[클릭! 이 차]피아트 최초 소형 크로스오버 `500X`,http://www.etnews.com/20160331000070
96,"[단박시승기] 피아트 500X, 과연 미니 컨트리맨보다 합리적인가?",http://www.kbench.com/?q=node/161270
97,[현장] 미니와 경쟁한다 '올-뉴 피아트500X' 국내 상륙,http://www.newscj.com/news/articleView.html?idxno=340041
98,"[사진] '앙증맞은 SUV' 올뉴 피아트 500X, 실용성도 갖춰",http://www.osen.co.kr/article/G1110380220
99,[오늘의 자동차 소식] 3/24 피아트 500X 출시 등,http://it.donga.com/23975/
100,"소형 SUV '피아트 500X', 美 IIHS 자동차 안전도 평가서 최고 등급",http://www.kbench.com/?q=node/155821
101,28% 통큰 할인에···'피아트 500X' 고속질주,http://www.sedaily.com/NewsView/1OC2FMIFYF
102,DDP서 열리는 스타일 페스티벌에 '피아트 500X' 전시,http://app.yonhapnews.co.kr/YNA/Basic/SNS/r.aspx?c=AKR20160314037900003&did=1195m
103,"소형차도 이젠 ‘안전’ 상품성…피아트 500X, IIHS 최고 등급 받아",http://sports.khan.co.kr/news/sk_index.html?cat=view&art_id=201512161953323&sec_id=563002&pt=nv
104,"[워너비카] 피아트 부진을 만회할 콤팩트 SUV, 피아트 500X",http://www.it.co.kr/news/article.html?no=2791251
105,"괜찮아 SUV야, 파리 모터쇼서 '피아트 500X' 공개",http://www.kbench.com/?q=node/140010
106,"넥센타이어, 피아트 500X에 신차타이어 공급",http://www.it.co.kr/news/article.html?no=2793445
107,"미니쿠퍼를 위협할 소형차, '피아트 500X' 스파이 샷 포착",http://www.kbench.com/?q=node/138496
108,"'피아트 500X' 사진 등장, 알고 보니 QM3와 트랙스 같은 '소형 SUV'",http://www.kbench.com/?q=node/139120
109,"벤츠·지프·피아트, 디젤차 질소산화물 배출량 불법조작 적발..대책은?",http://www.dailycar.co.kr/content/news.html?type=view&autoId=41532
110,"벤츠·짚·피아트, 또 배출가스 불법조작…과징금 55억 원",https://www.etoday.co.kr/news/view/2074733
111,"FCA그룹, LA오토쇼서 피아트 500X 등 신차 공개",http://www.asiatoday.co.kr/view.php?key=20191125010014076
112,‘못 믿을 벤츠·지프·피아트’… 배출가스 조작 4754대 인증취소,https://www.seoul.co.kr/news/newsView.php?id=20211104011015&wlog_tag3=naver
113,"'배출조작' 지프 레니게이드·피아트500X 판매중지...""폭스바겐 디젤게이트와 유사""",http://www.fntimes.com/html/view.php?ud=2019051413285641037de3572ddd_18
114,"FCA ""신사동 가로수길서 500X 택시 타보세요""",http://www.gpkorea.com/bbs/board.php?bo_table=gp_motorsports&wr_id=14830
115,'배출가스 조작' 레니게이드·피아트500X 판매중지,http://www.newspim.com/news/view/20190514000512
116,피아트 500X 배출가스 불법조작 적발,http://www.queen.co.kr/news/articleView.html?idxno=305639
117,피아트 ‘짚 레니게이드‧500X’ 2428대 배출가스 불법 조작 적발,http://www.ajunews.com/view/20181204095843275
118,피아트 레니게이드·500X 경유차 배출가스 불법 조작,http://www.dt.co.kr/contents.html?article_no=2018120402109932047001&ref=naver
119,"피아트, 500X S-디자인 공개..시각·감성 높여 ‘차별화’",http://www.dailycar.co.kr/content/news.html?type=view&autoId=32141
120,피아트 레니게이드·500X 경유차 배출가스 불법 조작,http://www.dt.co.kr/contents.html?article_no=2018120402109932047001&ref=naver
121,"환경부, 피아트 '짚 레니게이드·500X' 배출가스 불법조작 적발",http://www.newsis.com/view/?id=NISX20181204_0000491908&cID=10201&pID=10200
122,"피아트, 500X S-디자인 공개..시각·감성 높여 ‘차별화’",http://www.dailycar.co.kr/content/news.html?type=view&autoId=32141
123,지프 레니게이드·피아트 500X 차량 판매 금지·시정 명령,http://www.hani.co.kr/arti/society/environment/893810.html
124,"피아트, 500X 페이스리프트 이미지 공개..달라진 점은?",http://www.dailycar.co.kr/content/news.html?type=view&autoId=30780
125,짚 레니게이트·피아트 500X 인증취소.. 과징금 73.1억원,http://imnews.imbc.com/news/2019/econo/article/5291083_24684.html
126,"FCA코리아, 500X 대상 60개월 무이자 할부 혜택",http://www.ebn.co.kr/news/view/853863
127,"'배출가스 조작' 아우디·피아트, 허위광고로 과징금 10억",https://hankookilbo.com/News/Read/A2021090814350003984?did=NA
128,"피아트, 지프 레니게이드와 플랫폼 공유한 `2018 500X` 공개",http://www.edaily.co.kr/news/newspath.asp?newsid=01580966616092592
129,LA 오토쇼-피아트 500X,http://www.gukjenews.com/news/articleView.html?idxno=1202422
130,지프 레니게이드·피아트 500X 배출가스 조작 적발,http://www.upinews.kr/news/newsview.php?ncode=1065584365439056
131,"[e-브리핑] 짚 레니게이드, 피아트 500X 배출가스 불법조작 적발",http://www.ggilbo.com/news/articleView.html?idxno=570277
132,"피아트, 500X S-디자인 공개..시각·감성 높여 ‘차별화’",http://www.dailycar.co.kr/content/news.html?type=view&autoId=32141
133,지프 레니게이드·피아트 500X 차량 판매 금지·시정 명령,http://www.hani.co.kr/arti/society/environment/893810.html
134,"피아트, 500X 페이스리프트 이미지 공개..달라진 점은?",http://www.dailycar.co.kr/content/news.html?type=view&autoId=30780
135,짚 레니게이트·피아트 500X 인증취소.. 과징금 73.1억원,http://imnews.imbc.com/news/2019/econo/article/5291083_24684.html
136,"FCA코리아, 500X 대상 60개월 무이자 할부 혜택",http://www.ebn.co.kr/news/view/853863
137,"'배출가스 조작' 아우디·피아트, 허위광고로 과징금 10억",https://hankookilbo.com/News/Read/A2021090814350003984?did=NA
138,"피아트, 지프 레니게이드와 플랫폼 공유한 `2018 500X` 공개",http://www.edaily.co.kr/news/newspath.asp?newsid=01580966616092592
139,LA 오토쇼-피아트 500X,http://www.gukjenews.com/news/articleView.html?idxno=1202422
140,"환경부, FCA코리아 레니게이드·피아트 500X 배출가스 조작 적발",http://www.gpkorea.com/news/articleView.html?idxno=46046
141,'배출가스 조작' FAC코리아 과징금 73억원…짚레니게이드·피아트500X 인증취소,http://www.queen.co.kr/news/articleView.html?idxno=312334
142,"'배출가스 조작' 아우디·피아트, 허위광고로 과징금 10억",https://hankookilbo.com/News/Read/A2021090814350003984?did=NA
143,피아트 500X·지프 레니게이드 2428대 배출가스 조작,http://www.cstimes.com/?mod=news&act=articleView&idxno=291489
144,"피아트, 지프 레니게이드와 플랫폼 공유한 `2018 500X` 공개",http://www.edaily.co.kr/news/newspath.asp?newsid=01580966616092592
145,LA 오토쇼-피아트 500X,http://www.gukjenews.com/news/articleView.html?idxno=1202422
146,"[맞수열전]수입 소형 SUV, 덩치 경쟁 '미니 컨트리맨 vs 피아트 500X'",http://news1.kr/articles/?3011302
147,피아트 500X 시승기 - SUV로 즐기는 500의 매력,http://autoin.edaily.co.kr/news/newspath.asp?newsid=01856486615900384
148,"[제네바모터쇼] 피아트, 제네바 모터쇼에서 500X, 티포 5도어 S-디자인 공개",http://autoin.edaily.co.kr/news/newspath.asp?newsid=01813846615862008
149,"차 값 30% 할인된 피아트 500X, 분할등록...왜?",http://autotimes.hankyung.com/apps/news.sub_view?popup=0&nid=03&c1=03&c2=03&c3=00&nkey=201702211840161
150,"[포토]피아트 `2018 500X`, 매력적인 뒤태",http://www.edaily.co.kr/news/newspath.asp?newsid=01597366616092592
151,LA 오토쇼-피아트 500X,http://www.gukjenews.com/news/articleView.html?idxno=1202422
152,"짚 레니게이드, 피아트 500X 국내 판매 금지... 배출가스 조작 적발",http://www.ohmynews.com/NWS_Web/View/at_pg.aspx?CNTN_CD=A0002536464&CMPT_CD=P0010&utm_source=naver&utm_medium=newsearch&utm_campaign=naver_news
153,"[맞수열전]수입 소형 SUV, 덩치 경쟁 '미니 컨트리맨 vs 피아트 500X'",http://news1.kr/articles/?3011302
154,배출가스 불법 조작 적발 지프 ‘레니게이드’ 피아트 ‘500X’,http://www.kookje.co.kr/news2011/asp/newsbody.asp?code=0200&key=20181204.99099001487
155,피아트 500X 시승기 - SUV로 즐기는 500의 매력,http://autoin.edaily.co.kr/news/newspath.asp?newsid=01856486615900384
156,"[제네바모터쇼] 피아트, 제네바 모터쇼에서 500X, 티포 5도어 S-디자인 공개",http://autoin.edaily.co.kr/news/newspath.asp?newsid=01813846615862008
157,"차 값 30% 할인된 피아트 500X, 분할등록...왜?",http://autotimes.hankyung.com/apps/news.sub_view?popup=0&nid=03&c1=03&c2=03&c3=00&nkey=201702211840161
158,"피아트 500X 최대 30% 할인, '중고차보다 저렴'",http://autotimes.hankyung.com/apps/news.sub_view?popup=0&nid=03&c1=03&c2=03&c3=00&nkey=201702021834411
159,'짚 레니게이드·피아트500X' 배출가스 불법조작으로 인증 취소,http://yna.kr/PYH20190514085000013?did=1196m
160,지프 레니게이드·피아트500X 경유차 인증취소…과징금 73억원,http://www.edaily.co.kr/news/newspath.asp?newsid=02801126622488920
161,'짚 레니게이드·피아트500X' 배출가스 불법조작으로 인증 취소,http://yna.kr/PYH20190514085000013?did=1196m
162,"FCA, 피아트 500X 카카오택시 시승 이벤트 추가 진행",http://www.enewstoday.co.kr/news/articleView.html?idxno=635612
163,"피아트 500X, 카카오택시 시승 이벤트 12월까지 연장",http://www.g-enews.com/ko-kr/news/article/news_all/201611041058544461901_1/article.html
164,[시승기] 피아트 500X `앙증맞은 녀석의 파워`,http://www.gpkorea.com/bbs/board.php?bo_table=gp_motorsports&wr_id=17254
165,"피아트 500X, 풍성한 10월 특별 프로모션 실시",http://www.g-enews.com/ko-kr/news/article/news_all/201610041501474527796_1/article.html
166,[시승기] 피아트 올 뉴 500X…앙증맞은 외관에 여성들 볼 때마다 ‘탄성’,http://news.mk.co.kr/newsRead.php?no=658264&year=2016
167,(시승기)여성들이 강추하는 소형SUV 피아트 500X 타보니,http://www.newstomato.com/ReadNews.aspx?no=690062
168,"피아트 500X, 19~25일 카카오와 깜짝 택시 이벤트",http://www.edaily.co.kr/news/newspath.asp?newsid=01354646612780448
169,"[시승기]피아트 500X, 이탈리아 감성 디자인 '물씬'",http://www.mt.co.kr/view/mtview.php?type=1&no=2016091409020146818&outlink=1
170,피아트 500X 시승 이벤트 12월까지 연장,http://www.ekn.kr/news/article.html?no=247787
171,[시승기] 피아트 500X `앙증맞은 녀석의 파워`,http://www.gpkorea.com/bbs/board.php?bo_table=gp_motorsports&wr_id=17254
172,"피아트 500X, 풍성한 10월 특별 프로모션 실시",http://www.g-enews.com/ko-kr/news/article/news_all/201610041501474527796_1/article.html
173,[시승기] 피아트 올 뉴 500X…앙증맞은 외관에 여성들 볼 때마다 ‘탄성’,http://news.mk.co.kr/newsRead.php?no=658264&year=2016
174,(시승기)여성들이 강추하는 소형SUV 피아트 500X 타보니,http://www.newstomato.com/ReadNews.aspx?no=690062
175,"피아트 500X, 19~25일 카카오와 깜짝 택시 이벤트",http://www.edaily.co.kr/news/newspath.asp?newsid=01354646612780448
176,"[시승기]피아트 500X, 이탈리아 감성 디자인 '물씬'",http://www.mt.co.kr/view/mtview.php?type=1&no=2016091409020146818&outlink=1
177,"[시승기]한옥마을 잘 어울린, 피아트 500X 팝 스타",http://www.nspna.com/news/?mode=view&newsid=186572
178,"피아트 500X, 깜짝 택시 이벤트 진행…19일~25일까지",http://www.enewstoday.co.kr/news/articleView.html?idxno=598524
179,"피아트 500X, 깜짝 택시 이벤트 진행",http://www.g-enews.com/ko-kr/news/article/news_all/201609081930341948099_1/article.html
180,"피아트 500X, 12월까지 카카오택시 시승 이벤트",http://www.edaily.co.kr/news/newspath.asp?newsid=02804406612842440
181,[시승기] 피아트 500X `앙증맞은 녀석의 파워`,http://www.gpkorea.com/bbs/board.php?bo_table=gp_motorsports&wr_id=17254
182,"피아트 500X, 풍성한 10월 특별 프로모션 실시",http://www.g-enews.com/ko-kr/news/article/news_all/201610041501474527796_1/article.html
183,[시승기] 피아트 올 뉴 500X…앙증맞은 외관에 여성들 볼 때마다 ‘탄성’,http://news.mk.co.kr/newsRead.php?no=658264&year=2016
184,(시승기)여성들이 강추하는 소형SUV 피아트 500X 타보니,http://www.newstomato.com/ReadNews.aspx?no=690062
185,"피아트 500X, 19~25일 카카오와 깜짝 택시 이벤트",http://www.edaily.co.kr/news/newspath.asp?newsid=01354646612780448
186,"[시승기]피아트 500X, 이탈리아 감성 디자인 '물씬'",http://www.mt.co.kr/view/mtview.php?type=1&no=2016091409020146818&outlink=1
187,"[시승기]한옥마을 잘 어울린, 피아트 500X 팝 스타",http://www.nspna.com/news/?mode=view&newsid=186572
188,"피아트 500X, 깜짝 택시 이벤트 진행…19일~25일까지",http://www.enewstoday.co.kr/news/articleView.html?idxno=598524
189,"피아트 500X, 깜짝 택시 이벤트 진행",http://www.g-enews.com/ko-kr/news/article/news_all/201609081930341948099_1/article.html
190,"피아트 500X, 10월 한달 60개월 무이자",http://www.ekn.kr/news/article.html?no=241292
191,[시승기] 피아트 올 뉴 500X…앙증맞은 외관에 여성들 볼 때마다 ‘탄성’,http://news.mk.co.kr/newsRead.php?no=658264&year=2016
192,(시승기)여성들이 강추하는 소형SUV 피아트 500X 타보니,http://www.newstomato.com/ReadNews.aspx?no=690062
193,"피아트 500X, 19~25일 카카오와 깜짝 택시 이벤트",http://www.edaily.co.kr/news/newspath.asp?newsid=01354646612780448
194,"[시승기]피아트 500X, 이탈리아 감성 디자인 '물씬'",http://www.mt.co.kr/view/mtview.php?type=1&no=2016091409020146818&outlink=1
195,"[시승기]한옥마을 잘 어울린, 피아트 500X 팝 스타",http://www.nspna.com/news/?mode=view&newsid=186572
196,"피아트 500X, 깜짝 택시 이벤트 진행…19일~25일까지",http://www.enewstoday.co.kr/news/articleView.html?idxno=598524
197,"피아트 500X, 깜짝 택시 이벤트 진행",http://www.g-enews.com/ko-kr/news/article/news_all/201609081930341948099_1/article.html
198,"소형 SUV 피아트 500X, 60개월 무이자 프로모션",http://sports.chosun.com/news/ntype.htm?id=201609050100030450001976&servicedate=20160904
199,"피아트 500X, 60개월 무이자 할부 특별 프로모션 실시",http://www.g-enews.com/ko-kr/news/article/news_all/201609021834138639369_1/article.html
200,"FCA 코리아 ""카카오택시로 피아트 500X 타보세요""",http://www.zdnet.co.kr/ArticleView.asp?artice_id=20160908092222
201,"소형 SUV 피아트 500X, 60개월 무이자 프로모션",http://sports.chosun.com/news/ntype.htm?id=201609050100030450001976&servicedate=20160904
202,"피아트 500X, 60개월 무이자 할부 특별 프로모션 실시",http://www.g-enews.com/ko-kr/news/article/news_all/201609021834138639369_1/article.html
203,"[시승기] 피아트 500X 팝스타, 매력에 보편성 더한 '신스틸러'",http://www.ebn.co.kr/news/view/846684
204,"비정상회담 알베르토, 피아트 500X 카톡 상담 나선다",http://www.ajunews.com/view/20160811180500726
205,"[콕포인트] 피아트 500X, 伊대표 깜찍이 근육을 길렀다…힘차게 우렁차게",http://news.mk.co.kr/newsRead.php?no=512200&year=2016
206,"[김부장의 시승기]올 뉴 피아트 500X, “이탈리안 감성의 로맨틱한 놈이 나타났다”",http://www.g-enews.com/ko-kr/news/article/news_all/201607151023416461836_1/article.html
207,"[시승기] 톡톡 튀는 소형 SUV 피아트 500X…""작은 고추가 맵다""",http://biz.newdaily.co.kr/news/article.html?no=10108275
208,"[시승기] 피아트 올 뉴 500X, ""예쁜 마음으로 운전해야하는 예쁜 차!""",http://it.chosun.com/news/article.html?no=2821436
209,"피아트 500X, 깜찍한 디자인에 넓어진 공간, 시원한 주행성까지",http://www.newstomato.com/ReadNews.aspx?no=669004
210,소형 SUV '피아트 500X' 깜짝 택시 이벤트,http://app.yonhapnews.co.kr/YNA/Basic/SNS/r.aspx?c=AKR20160908054400003&did=1195m
211,"소형 SUV 피아트 500X, 60개월 무이자 프로모션",http://sports.chosun.com/news/ntype.htm?id=201609050100030450001976&servicedate=20160904
212,"피아트 500X, 60개월 무이자 할부 특별 프로모션 실시",http://www.g-enews.com/ko-kr/news/article/news_all/201609021834138639369_1/article.html
213,"[시승기] 피아트 500X 팝스타, 매력에 보편성 더한 '신스틸러'",http://www.ebn.co.kr/news/view/846684
214,"비정상회담 알베르토, 피아트 500X 카톡 상담 나선다",http://www.ajunews.com/view/20160811180500726
215,"[콕포인트] 피아트 500X, 伊대표 깜찍이 근육을 길렀다…힘차게 우렁차게",http://news.mk.co.kr/newsRead.php?no=512200&year=2016
216,"[김부장의 시승기]올 뉴 피아트 500X, “이탈리안 감성의 로맨틱한 놈이 나타났다”",http://www.g-enews.com/ko-kr/news/article/news_all/201607151023416461836_1/article.html
217,"[시승기] 톡톡 튀는 소형 SUV 피아트 500X…""작은 고추가 맵다""",http://biz.newdaily.co.kr/news/article.html?no=10108275
218,"[시승기] 피아트 올 뉴 500X, ""예쁜 마음으로 운전해야하는 예쁜 차!""",http://it.chosun.com/news/article.html?no=2821436
219,"피아트 500X, 깜찍한 디자인에 넓어진 공간, 시원한 주행성까지",http://www.newstomato.com/ReadNews.aspx?no=669004
220,"피아트 500X, 60개월 무이자 할부 특별 프로모션",http://www.enewstoday.co.kr/news/articleView.html?idxno=593920
221,"[시승기] 피아트 500X 팝스타, 매력에 보편성 더한 '신스틸러'",http://www.ebn.co.kr/news/view/846684
222,"비정상회담 알베르토, 피아트 500X 카톡 상담 나선다",http://www.ajunews.com/view/20160811180500726
223,"[콕포인트] 피아트 500X, 伊대표 깜찍이 근육을 길렀다…힘차게 우렁차게",http://news.mk.co.kr/newsRead.php?no=512200&year=2016
224,"[김부장의 시승기]올 뉴 피아트 500X, “이탈리안 감성의 로맨틱한 놈이 나타났다”",http://www.g-enews.com/ko-kr/news/article/news_all/201607151023416461836_1/article.html
225,"[시승기] 톡톡 튀는 소형 SUV 피아트 500X…""작은 고추가 맵다""",http://biz.newdaily.co.kr/news/article.html?no=10108275
226,"[시승기] 피아트 올 뉴 500X, ""예쁜 마음으로 운전해야하는 예쁜 차!""",http://it.chosun.com/news/article.html?no=2821436
227,"피아트 500X, 깜찍한 디자인에 넓어진 공간, 시원한 주행성까지",http://www.newstomato.com/ReadNews.aspx?no=669004
228,"FCA코리아, 지프 레니게이드·피아트 500X 등 개소세 연장",http://car.donga.com/3/all/20160704/79001014/1
229,피아트 500X..‘가격·색상·성능’ 女心 공략 가성비↑,http://www.newsway.co.kr/view.php?tp=1&ud=2016062909335008694
230,"“피아트 500X, 알차장에게 카톡으로 상담하세요”",http://www.edaily.co.kr/news/newspath.asp?newsid=02240246612746336
231,"[콕포인트] 피아트 500X, 伊대표 깜찍이 근육을 길렀다…힘차게 우렁차게",http://news.mk.co.kr/newsRead.php?no=512200&year=2016
232,"[김부장의 시승기]올 뉴 피아트 500X, “이탈리안 감성의 로맨틱한 놈이 나타났다”",http://www.g-enews.com/ko-kr/news/article/news_all/201607151023416461836_1/article.html
233,"[시승기] 톡톡 튀는 소형 SUV 피아트 500X…""작은 고추가 맵다""",http://biz.newdaily.co.kr/news/article.html?no=10108275
234,"[시승기] 피아트 올 뉴 500X, ""예쁜 마음으로 운전해야하는 예쁜 차!""",http://it.chosun.com/news/article.html?no=2821436
235,"피아트 500X, 깜찍한 디자인에 넓어진 공간, 시원한 주행성까지",http://www.newstomato.com/ReadNews.aspx?no=669004
236,"FCA코리아, 지프 레니게이드·피아트 500X 등 개소세 연장",http://car.donga.com/3/all/20160704/79001014/1
237,피아트 500X..‘가격·색상·성능’ 女心 공략 가성비↑,http://www.newsway.co.kr/view.php?tp=1&ud=2016062909335008694
238,"9단 변속 SUV‘피아트 500X’, 유럽보다 880만원 저렴",http://www.munhwa.com/news/view.html?no=2016062201032021159001
239,"[집중분석] '예쁜 SUV' 피아트 500X, 강력한 성능 '반전 매력'",http://www.newsprime.co.kr/news/article.html?no=340752
240,"[시승기] 톡톡 튀는 소형 SUV 피아트 500X…""작은 고추가 맵다""",http://biz.newdaily.co.kr/news/article.html?no=10108275
241,"[시승기] 피아트 올 뉴 500X, ""예쁜 마음으로 운전해야하는 예쁜 차!""",http://it.chosun.com/news/article.html?no=2821436
242,"피아트 500X, 깜찍한 디자인에 넓어진 공간, 시원한 주행성까지",http://www.newstomato.com/ReadNews.aspx?no=669004
243,"FCA코리아, 지프 레니게이드·피아트 500X 등 개소세 연장",http://car.donga.com/3/all/20160704/79001014/1
244,피아트 500X..‘가격·색상·성능’ 女心 공략 가성비↑,http://www.newsway.co.kr/view.php?tp=1&ud=2016062909335008694
245,"9단 변속 SUV‘피아트 500X’, 유럽보다 880만원 저렴",http://www.munhwa.com/news/view.html?no=2016062201032021159001
246,"[집중분석] '예쁜 SUV' 피아트 500X, 강력한 성능 '반전 매력'",http://www.newsprime.co.kr/news/article.html?no=340752
247,"[수입차, 다시 ‘기지개’]피아트 SUV 500X - 11가지 ‘보디 컬러’ 이탈리아 감성 물씬",http://news.khan.co.kr/kh_news/khan_art_view.html?artid=201606192126035&code=920508
248,[신차드라이브]조금 덜 귀엽고 더 실용적이 된 피아트 `500X`,http://www.etnews.com/20160616000132
249,지프 레니게이드·피아트 500X 배출가스 불법 조작 적발,http://sports.khan.co.kr/news/sk_index.html?art_id=201812050000003&sec_id=560101&pt=nv
250,소형 SUV ‘올 뉴 피아트 500X’ 타보니,http://www.seoul.co.kr/news/newsView.php?id=20160622023003
251,"[집중분석] '예쁜 SUV' 피아트 500X, 강력한 성능 '반전 매력'",http://www.newsprime.co.kr/news/article.html?no=340752
252,"[수입차, 다시 ‘기지개’]피아트 SUV 500X - 11가지 ‘보디 컬러’ 이탈리아 감성 물씬",http://news.khan.co.kr/kh_news/khan_art_view.html?artid=201606192126035&code=920508
253,[신차드라이브]조금 덜 귀엽고 더 실용적이 된 피아트 `500X`,http://www.etnews.com/20160616000132
254,지프 레니게이드·피아트 500X 배출가스 불법 조작 적발,http://sports.khan.co.kr/news/sk_index.html?art_id=201812050000003&sec_id=560101&pt=nv
255,"[시승기] '올 뉴 피아트 500X', 앙증맞은 외모만 보고 판단하면 큰 코 다친다!",http://kr.aving.net/news/view.php?articleId=1369075&Branch_ID=kr&rssid=naver&mn_name=news
256,‘올-뉴 피아트 500X’ 예술성-스마트 결합,http://www.ekn.kr/news/article.html?no=220025
257,"[타 봤어요]""예쁜데 강하다"" 피아트 500X…편의사양은 아쉬워",http://www.edaily.co.kr/news/newspath.asp?newsid=01430086612653512
258,"[시승기] 선입견 많은 차 '피아트 500X', ""고정관념은 버려라""",http://www.segye.com/content/html/2016/05/22/20160522000625.html?OutUrl=naver
259,[시승기] 외모에 너무 신경썼나…기본기 아쉬운 피아트 500X,http://news1.kr/articles/?2668363
260,[시승기] 외모에 너무 신경썼나…기본기 아쉬운 피아트 500X,http://news1.kr/articles/?2668363
261,"피아트, 판매 부진한 500X 대책 마련에 고심",http://autotimes.hankyung.com/apps/news.sub_view?popup=0&nid=02&c1=02&c2=02&c3=00&nkey=201605161743481
262,"[시승기]소형 SUV, 올-뉴 피아트 500X 팝 스타",http://www.nspna.com/news/?mode=view&newsid=172140
263,"피아트 500X, 고객 우선주의 ‘7년 품질 보장’",http://www.newsway.co.kr/view.php?tp=1&ud=2016051308572564882
264,"피아트 500X, “7년 품질 보장 프로모션” 진행",http://www.g-enews.com/ko-kr/news/article/news_all/201605122050351745812_1/article.html
265,[NW시승기]피아트 500X ‘컬러디자인성능’ 미니 컨트리맨 대항마,http://www.newsway.co.kr/view.php?tp=1&ud=2016043013422035143
266,[시승기] ‘귀엽고 강력하다’ 피아트 500X,http://www.zdnet.co.kr/ArticleView.asp?artice_id=20160429110657
267,"FCA코리아, 피아트 500X 카카오택시 시승 연장",http://autotimes.hankyung.com/apps/news.sub_view?popup=0&nid=03&c1=03&c2=03&c3=00&nkey=201611040931421
268,"피아트, 이탈리아보다 저렴한 500X로 승부수 던져",http://autotimes.hankyung.com/apps/news.sub_view?popup=0&nid=03&c1=03&c2=03&c3=00&nkey=201604171959381
269,"미니 컨트리맨·피아트 500x ""예쁜데 연비 떨어져""",http://www.sisapress.com/news/articleView.html?idxno=76861
270,피아트 500X 구매 고객 대상 '7년 품질 보장 프로모션' 진행,http://www.fnnews.com/news/201605120950409193
271,[NW시승기]피아트 500X ‘컬러디자인성능’ 미니 컨트리맨 대항마,http://www.newsway.co.kr/view.php?tp=1&ud=2016043013422035143
272,[시승기] ‘귀엽고 강력하다’ 피아트 500X,http://www.zdnet.co.kr/ArticleView.asp?artice_id=20160429110657
273,"FCA코리아, 피아트 500X 카카오택시 시승 연장",http://autotimes.hankyung.com/apps/news.sub_view?popup=0&nid=03&c1=03&c2=03&c3=00&nkey=201611040931421
274,"피아트, 이탈리아보다 저렴한 500X로 승부수 던져",http://autotimes.hankyung.com/apps/news.sub_view?popup=0&nid=03&c1=03&c2=03&c3=00&nkey=201604171959381
275,"미니 컨트리맨·피아트 500x ""예쁜데 연비 떨어져""",http://www.sisapress.com/news/articleView.html?idxno=76861
276,가로수길서 피아트 500X 택시 타볼까,http://www.fntimes.com/paper/view.aspx?num=150936
277,"FCA코리아, 가로수길에 '피아트 500X' 전시…택시 서비스도",http://www.cstimes.com/news/articleView.html?idxno=210604
278,[클릭! 이 차]피아트 최초 소형 크로스오버 `500X`,http://www.etnews.com/20160331000070
279,"[단박시승기] 피아트 500X, 과연 미니 컨트리맨보다 합리적인가?",http://www.kbench.com/?q=node/161270
280,"FCA코리아, 피아트 500X 보증기간 `7년 14만km` 연장",http://www.gpkorea.com/bbs/board.php?bo_table=gp_motorsports&wr_id=15088
281,[NW시승기]피아트 500X ‘컬러디자인성능’ 미니 컨트리맨 대항마,http://www.newsway.co.kr/view.php?tp=1&ud=2016043013422035143
282,[시승기] ‘귀엽고 강력하다’ 피아트 500X,http://www.zdnet.co.kr/ArticleView.asp?artice_id=20160429110657
283,"FCA코리아, 피아트 500X 카카오택시 시승 연장",http://autotimes.hankyung.com/apps/news.sub_view?popup=0&nid=03&c1=03&c2=03&c3=00&nkey=201611040931421
284,"피아트, 이탈리아보다 저렴한 500X로 승부수 던져",http://autotimes.hankyung.com/apps/news.sub_view?popup=0&nid=03&c1=03&c2=03&c3=00&nkey=201604171959381
285,"미니 컨트리맨·피아트 500x ""예쁜데 연비 떨어져""",http://www.sisapress.com/news/articleView.html?idxno=76861
286,가로수길서 피아트 500X 택시 타볼까,http://www.fntimes.com/paper/view.aspx?num=150936
287,"FCA코리아, 가로수길에 '피아트 500X' 전시…택시 서비스도",http://www.cstimes.com/news/articleView.html?idxno=210604
288,[클릭! 이 차]피아트 최초 소형 크로스오버 `500X`,http://www.etnews.com/20160331000070
289,"[단박시승기] 피아트 500X, 과연 미니 컨트리맨보다 합리적인가?",http://www.kbench.com/?q=node/161270
290,"피아트, 이탈리아보다 저렴한 500X로 승부수 던져",http://autotimes.hankyung.com/apps/news.sub_view?popup=0&nid=03&c1=03&c2=03&c3=00&nkey=201604171959381
291,"미니 컨트리맨·피아트 500x ""예쁜데 연비 떨어져""",http://www.sisapress.com/news/articleView.html?idxno=76861
292,가로수길서 피아트 500X 택시 타볼까,http://www.fntimes.com/paper/view.aspx?num=150936
293,"FCA코리아, 가로수길에 '피아트 500X' 전시…택시 서비스도",http://www.cstimes.com/news/articleView.html?idxno=210604
294,[클릭! 이 차]피아트 최초 소형 크로스오버 `500X`,http://www.etnews.com/20160331000070
295,"[단박시승기] 피아트 500X, 과연 미니 컨트리맨보다 합리적인가?",http://www.kbench.com/?q=node/161270
296,"이탈리안 감성 디자인과 탁월한 실용성의 완벽한 조화, 올-뉴 피아트 500X 출시",http://www.kbench.com/?q=node/161249
297,[현장] 미니와 경쟁한다 '올-뉴 피아트500X' 국내 상륙,http://www.newscj.com/news/articleView.html?idxno=340041
298,"[사진] '앙증맞은 SUV' 올뉴 피아트 500X, 실용성도 갖춰",http://www.osen.co.kr/article/G1110380220
299,[오늘의 자동차 소식] 3/24 피아트 500X 출시 등,http://it.donga.com/23975/
300,‘500X' 피아트의 꿈,http://www.econovill.com/news/articleView.html?idxno=285059
301,"이탈리안 감성 디자인과 탁월한 실용성의 완벽한 조화, 올-뉴 피아트 500X 출시",http://www.kbench.com/?q=node/161249
302,[현장] 미니와 경쟁한다 '올-뉴 피아트500X' 국내 상륙,http://www.newscj.com/news/articleView.html?idxno=340041
303,"[사진] '앙증맞은 SUV' 올뉴 피아트 500X, 실용성도 갖춰",http://www.osen.co.kr/article/G1110380220
304,[오늘의 자동차 소식] 3/24 피아트 500X 출시 등,http://it.donga.com/23975/
305,"""MINI 컨트리맨 한판 붙자""…피아트 500X, 올해 목표 1200대",http://news1.kr/articles/?2612775
306,"피아트 첫 SUV '500X'로 라인업 확대…""올해 판매 목표 1200대""",http://www.newstomato.com/ReadNews.aspx?no=637866
307,"피아트, 소형 SUV 500X 출시…""BMW 미니와 경쟁""",http://www.newsis.com/ar_detail/view.html?ar_id=NISX20160324_0013979245&cID=10401&pID=10400
308,작지만 강하다…9단 변속기 장착 `올 뉴 피아트 500X` 출시,http://www.dt.co.kr/contents.html?article_no=2016032402109932808003
309,"“피아트 500X, 유럽보다 한국서 800만원 싸게 판매한다”",http://www.econovill.com/news/articleView.html?idxno=285038
310,"""MINI 컨트리맨 한판 붙자""…피아트 500X, 올해 목표 1200대",http://news1.kr/articles/?2612775
311,"피아트 첫 SUV '500X'로 라인업 확대…""올해 판매 목표 1200대""",http://www.newstomato.com/ReadNews.aspx?no=637866
312,"[리뷰] 피아트 500X ""미니 컨트리맨 한판 붙자""",http://www.zdnet.co.kr/ArticleView.asp?artice_id=20160324151225
313,"FCA 코리아, 소형 SUV ‘올-뉴 피아트 500X’ 국내 출시",http://www.nspna.com/news/?mode=view&newsid=165334
314,"피아트, 소형 SUV 500X 출시…""BMW 미니와 경쟁""",http://www.newsis.com/ar_detail/view.html?ar_id=NISX20160324_0013979245&cID=10401&pID=10400
315,작지만 강하다…9단 변속기 장착 `올 뉴 피아트 500X` 출시,http://www.dt.co.kr/contents.html?article_no=2016032402109932808003
316,"“피아트 500X, 유럽보다 한국서 800만원 싸게 판매한다”",http://www.econovill.com/news/articleView.html?idxno=285038
317,"FCA코리아, ""피아트 500X, 미니 컨트리맨보다 우월해""",http://autotimes.hankyung.com/apps/news.sub_view?popup=0&nid=03&c1=03&c2=03&c3=00&nkey=201603241433321
318,"패션카에 SUV를 더하다, 피아트 500X & 미니 컨트리맨",http://www.kbench.com/?q=node/161229
319,피아트 500X 사전예약…가격은 '2900만원대'부터,http://www.it.co.kr/news/article.html?no=2817185
320,"FCA코리아, ""피아트 500X, 미니 컨트리맨보다 우월해""",http://autotimes.hankyung.com/apps/news.sub_view?popup=0&nid=03&c1=03&c2=03&c3=00&nkey=201603241433321
321,올 뉴 피아트 500X ‘국산 SUV 수준의 가격…이탈리아 디자인 매력’,http://car.donga.com/3/all/20160324/77184696/2
322,"피아트, 올뉴피아트500X 출시로 소형 SUV 시장 출사표",https://news.naver.com/main/read.naver?mode=LSD&mid=sec&sid1=101&oid=011&aid=0002810733
323,"파블로 로쏘 ""피아트 500X, 1200대 팔 것…컨트리맨 보다 한 수 위""",http://www.seoulfn.com/news/articleView.html?idxno=248662
324,"패션카에 SUV를 더하다, 피아트 500X & 미니 컨트리맨",http://www.kbench.com/?q=node/161229
325,피아트 500X 사전예약…가격은 '2900만원대'부터,http://www.it.co.kr/news/article.html?no=2817185
326,[오늘의 자동차 소식] 3/17 피아트 500X 사전 계약 실시 등,http://it.donga.com/23926/
327,"크로스오버 피아트 500X, 스타일 페스티벌 'SIA 2016' 전시",http://kr.aving.net/news/view.php?articleId=1366156&Branch_ID=kr&rssid=naver&mn_name=news
328,피아트 500X 사전계약 실시... 시승하고 공연도 보고,http://www.moneyweek.co.kr/news/mwView.php?type=1&no=2016030808548012707&outlink=1
329,피아트 브랜드 올-뉴 피아트 500X 사전 예약판매 실시,http://www.kbench.com/?q=node/160631
330,"피아트 500X 출시 ""올해 1200대 국내판매""",http://www.mt.co.kr/view/mtview.php?type=1&no=2016032415530862332&outlink=1
331,"피아트 브랜드 최초의 소형 SUV '올 뉴 피아트 500X', 2천만 원대 판매",http://kr.aving.net/news/view.php?articleId=1366508&Branch_ID=kr&rssid=naver&mn_name=news
332,[김훈기의 마감영상]‘이탈리안 감성?’ 피아트 500X 안팎으로 살펴보면…,http://car.donga.com/3/all/20160324/77191951/1
333,"패션카에 SUV를 더하다, 피아트 500X & 미니 컨트리맨",http://www.kbench.com/?q=node/161229
334,피아트 500X 사전예약…가격은 '2900만원대'부터,http://www.it.co.kr/news/article.html?no=2817185
335,[오늘의 자동차 소식] 3/17 피아트 500X 사전 계약 실시 등,http://it.donga.com/23926/
336,"크로스오버 피아트 500X, 스타일 페스티벌 'SIA 2016' 전시",http://kr.aving.net/news/view.php?articleId=1366156&Branch_ID=kr&rssid=naver&mn_name=news
337,피아트 500X 사전계약 실시... 시승하고 공연도 보고,http://www.moneyweek.co.kr/news/mwView.php?type=1&no=2016030808548012707&outlink=1
338,피아트 브랜드 올-뉴 피아트 500X 사전 예약판매 실시,http://www.kbench.com/?q=node/160631
339,"애플 카 아닌 구글 카 등장, 피아트 500 Hey Google 에디션",https://byline.network/?p=9004111222452401
340,"FCA코리아, 소형 SUV 시장에 도전장… '올-뉴 피아트 500X' 출시",http://news.kukinews.com/article/view.asp?arcid=0010474746&code=41172011&cp=nv
341,[김훈기의 마감영상]‘이탈리안 감성?’ 피아트 500X 안팎으로 살펴보면…,http://car.donga.com/3/all/20160324/77191951/1
342,[포토] 피아트500X 소개하는 FCA코리아 '파블로 로쏘' 사장,http://www.newdaily.co.kr/news/article.html?no=305846
343,"패션카에 SUV를 더하다, 피아트 500X & 미니 컨트리맨",http://www.kbench.com/?q=node/161229
344,피아트 500X 사전예약…가격은 '2900만원대'부터,http://www.it.co.kr/news/article.html?no=2817185
345,[오늘의 자동차 소식] 3/17 피아트 500X 사전 계약 실시 등,http://it.donga.com/23926/
346,"크로스오버 피아트 500X, 스타일 페스티벌 'SIA 2016' 전시",http://kr.aving.net/news/view.php?articleId=1366156&Branch_ID=kr&rssid=naver&mn_name=news
347,피아트 500X 사전계약 실시... 시승하고 공연도 보고,http://www.moneyweek.co.kr/news/mwView.php?type=1&no=2016030808548012707&outlink=1
348,피아트 브랜드 올-뉴 피아트 500X 사전 예약판매 실시,http://www.kbench.com/?q=node/160631
349,"애플 카 아닌 구글 카 등장, 피아트 500 Hey Google 에디션",https://byline.network/?p=9004111222452401
350,"[신차앤조이] 깜찍한 크로스오버, 피아트 500X 데뷔",http://www.ajunews.com/view/20160324092018951
351,"패션카에 SUV를 더하다, 피아트 500X & 미니 컨트리맨",http://www.kbench.com/?q=node/161229
352,피아트 500X 사전예약…가격은 '2900만원대'부터,http://www.it.co.kr/news/article.html?no=2817185
353,[오늘의 자동차 소식] 3/17 피아트 500X 사전 계약 실시 등,http://it.donga.com/23926/
354,"크로스오버 피아트 500X, 스타일 페스티벌 'SIA 2016' 전시",http://kr.aving.net/news/view.php?articleId=1366156&Branch_ID=kr&rssid=naver&mn_name=news
355,피아트 500X 사전계약 실시... 시승하고 공연도 보고,http://www.moneyweek.co.kr/news/mwView.php?type=1&no=2016030808548012707&outlink=1
356,피아트 브랜드 올-뉴 피아트 500X 사전 예약판매 실시,http://www.kbench.com/?q=node/160631
357,"애플 카 아닌 구글 카 등장, 피아트 500 Hey Google 에디션",https://byline.network/?p=9004111222452401
358,"피아트, 500 헤이 구글(Hey Google) 에디션 공개..특징은?",http://www.dailycar.co.kr/content/news.html?type=view&autoId=39241
359,"FCA, 크라이슬러 200·피아트 500X 최고 안전 등급 획득",http://view.asiae.co.kr/news/view.htm?idxno=2015121409311245361
360,소형 SUV '올-뉴 피아트 500X' 2천900만원대부터,http://app.yonhapnews.co.kr/YNA/Basic/SNS/r.aspx?c=AKR20160317055900003&did=1195m
361,"크로스오버 피아트 500X, 스타일 페스티벌 'SIA 2016' 전시",http://kr.aving.net/news/view.php?articleId=1366156&Branch_ID=kr&rssid=naver&mn_name=news
362,피아트 500X 사전계약 실시... 시승하고 공연도 보고,http://www.moneyweek.co.kr/news/mwView.php?type=1&no=2016030808548012707&outlink=1
363,피아트 브랜드 올-뉴 피아트 500X 사전 예약판매 실시,http://www.kbench.com/?q=node/160631
364,"애플 카 아닌 구글 카 등장, 피아트 500 Hey Google 에디션",https://byline.network/?p=9004111222452401
365,"피아트, 500 헤이 구글(Hey Google) 에디션 공개..특징은?",http://www.dailycar.co.kr/content/news.html?type=view&autoId=39241
366,"FCA, 크라이슬러 200·피아트 500X 최고 안전 등급 획득",http://view.asiae.co.kr/news/view.htm?idxno=2015121409311245361
367,"‘품질 자신감’ 피아트, 500X ‘7년 품질 보장’ 프로모션",http://www.econovill.com/news/articleView.html?idxno=289066
368,"[시승기] 피아트 500X ""여심잡기, 준비됐지 말입니다""",http://www.gpkorea.com/bbs/board.php?bo_table=gp_motorsports&wr_id=14952
369,"피아트-크라이슬러, 500X 등 개소세 인하 혜택 연장",http://www.gpkorea.com/bbs/board.php?bo_table=gp_motorsports&wr_id=15476
370,피아트 | ‘올-뉴 피아트 500X’ 사전 예약,http://news.mk.co.kr/newsRead.php?no=193682&year=2016
371,피아트 500X 사전계약 실시... 시승하고 공연도 보고,http://www.moneyweek.co.kr/news/mwView.php?type=1&no=2016030808548012707&outlink=1
372,피아트 브랜드 올-뉴 피아트 500X 사전 예약판매 실시,http://www.kbench.com/?q=node/160631
373,"애플 카 아닌 구글 카 등장, 피아트 500 Hey Google 에디션",https://byline.network/?p=9004111222452401
374,"피아트, 500 헤이 구글(Hey Google) 에디션 공개..특징은?",http://www.dailycar.co.kr/content/news.html?type=view&autoId=39241
375,"FCA, 크라이슬러 200·피아트 500X 최고 안전 등급 획득",http://view.asiae.co.kr/news/view.htm?idxno=2015121409311245361
376,"‘품질 자신감’ 피아트, 500X ‘7년 품질 보장’ 프로모션",http://www.econovill.com/news/articleView.html?idxno=289066
377,"[시승기] 피아트 500X ""여심잡기, 준비됐지 말입니다""",http://www.gpkorea.com/bbs/board.php?bo_table=gp_motorsports&wr_id=14952
378,"피아트-크라이슬러, 500X 등 개소세 인하 혜택 연장",http://www.gpkorea.com/bbs/board.php?bo_table=gp_motorsports&wr_id=15476
379,"FCA코리아, 지프 레니게이드·피아트 500X 개소세 인하 가격 유지",http://www.edaily.co.kr/news/newspath.asp?newsid=02810966612711240
380,이탈리안 크로스오버 '올-뉴 피아트 500X' 사전 예약 판매 실시,http://sports.chosun.com/news/ntype.htm?id=201603080100055590003624&servicedate=20160307
381,"애플 카 아닌 구글 카 등장, 피아트 500 Hey Google 에디션",https://byline.network/?p=9004111222452401
382,"피아트, 500 헤이 구글(Hey Google) 에디션 공개..특징은?",http://www.dailycar.co.kr/content/news.html?type=view&autoId=39241
383,"FCA, 크라이슬러 200·피아트 500X 최고 안전 등급 획득",http://view.asiae.co.kr/news/view.htm?idxno=2015121409311245361
384,"‘품질 자신감’ 피아트, 500X ‘7년 품질 보장’ 프로모션",http://www.econovill.com/news/articleView.html?idxno=289066
385,"[시승기] 피아트 500X ""여심잡기, 준비됐지 말입니다""",http://www.gpkorea.com/bbs/board.php?bo_table=gp_motorsports&wr_id=14952
386,"피아트-크라이슬러, 500X 등 개소세 인하 혜택 연장",http://www.gpkorea.com/bbs/board.php?bo_table=gp_motorsports&wr_id=15476
387,"FCA코리아, 지프 레니게이드·피아트 500X 개소세 인하 가격 유지",http://www.edaily.co.kr/news/newspath.asp?newsid=02810966612711240
388,‘밀당의 고수’ 피아트 500X 팔색조 매력 발산,http://news.mk.co.kr/newsRead.php?no=449978&year=2016
389,"'짚 레니게이드'·'피아트500X', 배출가스 불법조작 최종 판단",http://www.newsworks.co.kr/news/articleView.html?idxno=360049
390,"피아트, 소형 SUV ‘올-뉴 피아트 500X’ 사전예약 개시",http://www.nspna.com/news/?mode=view&newsid=162810
391,"애플 카 아닌 구글 카 등장, 피아트 500 Hey Google 에디션",https://byline.network/?p=9004111222452401
392,"피아트, 500 헤이 구글(Hey Google) 에디션 공개..특징은?",http://www.dailycar.co.kr/content/news.html?type=view&autoId=39241
393,"FCA, 크라이슬러 200·피아트 500X 최고 안전 등급 획득",http://view.asiae.co.kr/news/view.htm?idxno=2015121409311245361
394,"‘품질 자신감’ 피아트, 500X ‘7년 품질 보장’ 프로모션",http://www.econovill.com/news/articleView.html?idxno=289066
395,"[시승기] 피아트 500X ""여심잡기, 준비됐지 말입니다""",http://www.gpkorea.com/bbs/board.php?bo_table=gp_motorsports&wr_id=14952
396,"피아트-크라이슬러, 500X 등 개소세 인하 혜택 연장",http://www.gpkorea.com/bbs/board.php?bo_table=gp_motorsports&wr_id=15476
397,"FCA코리아, 지프 레니게이드·피아트 500X 개소세 인하 가격 유지",http://www.edaily.co.kr/news/newspath.asp?newsid=02810966612711240
398,‘밀당의 고수’ 피아트 500X 팔색조 매력 발산,http://news.mk.co.kr/newsRead.php?no=449978&year=2016
399,"'짚 레니게이드'·'피아트500X', 배출가스 불법조작 최종 판단",http://www.newsworks.co.kr/news/articleView.html?idxno=360049
400,"‘올-뉴 피아트 500X’, 출시 앞서 10일부터 사전예약",http://www.osen.co.kr/article/G1110368145
401,"애플 카 아닌 구글 카 등장, 피아트 500 Hey Google 에디션",https://byline.network/?p=9004111222452401
402,"피아트, 500 헤이 구글(Hey Google) 에디션 공개..특징은?",http://www.dailycar.co.kr/content/news.html?type=view&autoId=39241
403,"FCA, 크라이슬러 200·피아트 500X 최고 안전 등급 획득",http://view.asiae.co.kr/news/view.htm?idxno=2015121409311245361
404,"‘품질 자신감’ 피아트, 500X ‘7년 품질 보장’ 프로모션",http://www.econovill.com/news/articleView.html?idxno=289066
405,"[시승기] 피아트 500X ""여심잡기, 준비됐지 말입니다""",http://www.gpkorea.com/bbs/board.php?bo_table=gp_motorsports&wr_id=14952
406,"피아트-크라이슬러, 500X 등 개소세 인하 혜택 연장",http://www.gpkorea.com/bbs/board.php?bo_table=gp_motorsports&wr_id=15476
407,"FCA코리아, 지프 레니게이드·피아트 500X 개소세 인하 가격 유지",http://www.edaily.co.kr/news/newspath.asp?newsid=02810966612711240
408,‘밀당의 고수’ 피아트 500X 팔색조 매력 발산,http://news.mk.co.kr/newsRead.php?no=449978&year=2016
409,"'짚 레니게이드'·'피아트500X', 배출가스 불법조작 최종 판단",http://www.newsworks.co.kr/news/articleView.html?idxno=360049
410,"피아트, 500 헤이 구글(Hey Google) 에디션 공개..특징은?",http://www.dailycar.co.kr/content/news.html?type=view&autoId=39241
411,"FCA, 크라이슬러 200·피아트 500X 최고 안전 등급 획득",http://view.asiae.co.kr/news/view.htm?idxno=2015121409311245361
412,"‘품질 자신감’ 피아트, 500X ‘7년 품질 보장’ 프로모션",http://www.econovill.com/news/articleView.html?idxno=289066
413,"[시승기] 피아트 500X ""여심잡기, 준비됐지 말입니다""",http://www.gpkorea.com/bbs/board.php?bo_table=gp_motorsports&wr_id=14952
414,"피아트-크라이슬러, 500X 등 개소세 인하 혜택 연장",http://www.gpkorea.com/bbs/board.php?bo_table=gp_motorsports&wr_id=15476
415,"FCA코리아, 지프 레니게이드·피아트 500X 개소세 인하 가격 유지",http://www.edaily.co.kr/news/newspath.asp?newsid=02810966612711240
416,‘밀당의 고수’ 피아트 500X 팔색조 매력 발산,http://news.mk.co.kr/newsRead.php?no=449978&year=2016
417,"'짚 레니게이드'·'피아트500X', 배출가스 불법조작 최종 판단",http://www.newsworks.co.kr/news/articleView.html?idxno=360049
418,'배출가스 조작' 짚 레니게이드·피아트 500x에 과징금 73억원,http://www.greenpostkorea.co.kr/news/articleView.html?idxno=104090
419,FCA코리아 | 첫 소형 SUV ‘올-뉴 피아트 500X’ 출시,http://news.mk.co.kr/newsRead.php?no=230067&year=2016
420,"크라이슬러 200, 피아트 500X 안전 등급 최고",http://www.enewstoday.co.kr/news/articleView.html?idxno=452396
421,"‘품질 자신감’ 피아트, 500X ‘7년 품질 보장’ 프로모션",http://www.econovill.com/news/articleView.html?idxno=289066
422,"[시승기] 피아트 500X ""여심잡기, 준비됐지 말입니다""",http://www.gpkorea.com/bbs/board.php?bo_table=gp_motorsports&wr_id=14952
423,"피아트-크라이슬러, 500X 등 개소세 인하 혜택 연장",http://www.gpkorea.com/bbs/board.php?bo_table=gp_motorsports&wr_id=15476
424,"FCA코리아, 지프 레니게이드·피아트 500X 개소세 인하 가격 유지",http://www.edaily.co.kr/news/newspath.asp?newsid=02810966612711240
425,‘밀당의 고수’ 피아트 500X 팔색조 매력 발산,http://news.mk.co.kr/newsRead.php?no=449978&year=2016
426,"'짚 레니게이드'·'피아트500X', 배출가스 불법조작 최종 판단",http://www.newsworks.co.kr/news/articleView.html?idxno=360049
427,'배출가스 조작' 짚 레니게이드·피아트 500x에 과징금 73억원,http://www.greenpostkorea.co.kr/news/articleView.html?idxno=104090
428,FCA코리아 | 첫 소형 SUV ‘올-뉴 피아트 500X’ 출시,http://news.mk.co.kr/newsRead.php?no=230067&year=2016
429,"피아트 500X, 연내 출시 불투명..왜?",http://autotimes.hankyung.com/apps/news.sub_view?popup=0&nid=03&c1=03&c2=03&c3=00&nkey=201507221905181
430,"크라이슬러 200·피아트 500X, IHHS 충돌테스트 우수등급 기록",http://www.asiatoday.co.kr/view.php?key=20151214010009343
431,"‘품질 자신감’ 피아트, 500X ‘7년 품질 보장’ 프로모션",http://www.econovill.com/news/articleView.html?idxno=289066
432,"[시승기] 피아트 500X ""여심잡기, 준비됐지 말입니다""",http://www.gpkorea.com/bbs/board.php?bo_table=gp_motorsports&wr_id=14952
433,"피아트-크라이슬러, 500X 등 개소세 인하 혜택 연장",http://www.gpkorea.com/bbs/board.php?bo_table=gp_motorsports&wr_id=15476
434,"FCA코리아, 지프 레니게이드·피아트 500X 개소세 인하 가격 유지",http://www.edaily.co.kr/news/newspath.asp?newsid=02810966612711240
435,‘밀당의 고수’ 피아트 500X 팔색조 매력 발산,http://news.mk.co.kr/newsRead.php?no=449978&year=2016
436,"'짚 레니게이드'·'피아트500X', 배출가스 불법조작 최종 판단",http://www.newsworks.co.kr/news/articleView.html?idxno=360049
437,'배출가스 조작' 짚 레니게이드·피아트 500x에 과징금 73억원,http://www.greenpostkorea.co.kr/news/articleView.html?idxno=104090
438,FCA코리아 | 첫 소형 SUV ‘올-뉴 피아트 500X’ 출시,http://news.mk.co.kr/newsRead.php?no=230067&year=2016
439,"피아트 500X, 연내 출시 불투명..왜?",http://autotimes.hankyung.com/apps/news.sub_view?popup=0&nid=03&c1=03&c2=03&c3=00&nkey=201507221905181
440,"'짚 레니게이드'·'피아트500X', 배출가스 불법조작 최종 판단",http://www.newsworks.co.kr/news/articleView.html?idxno=360049
441,'배출가스 조작' 짚 레니게이드·피아트 500x에 과징금 73억원,http://www.greenpostkorea.co.kr/news/articleView.html?idxno=104090
442,FCA코리아 | 첫 소형 SUV ‘올-뉴 피아트 500X’ 출시,http://news.mk.co.kr/newsRead.php?no=230067&year=2016
443,"피아트 500X, 연내 출시 불투명..왜?",http://autotimes.hankyung.com/apps/news.sub_view?popup=0&nid=03&c1=03&c2=03&c3=00&nkey=201507221905181
444,'올-뉴 피아트 500X' 출시...연비.가격.사양 보니,http://www.kookje.co.kr/news2011/asp/newsbody.asp?code=0700&key=20160325.99002004337
445,[기자파일]피아트 500X 안전도가 일으킨 소란,http://autotimes.hankyung.com/apps/news.sub_view?popup=0&nid=01&c1=01&c2=01&c3=00&nkey=201603241756421
446,"파블로 로쏘 사장 ""피아트 500X, 컨트리맨보다 우수…올해 1200대 팔겠다""",http://www.hankyung.com/news/app/newsview.php?aid=201603244570g
447,"""피아트SUV 500X, 伊보다 800만원 싸""",http://news.mk.co.kr/newsRead.php?no=221480&year=2016
448,"FCA코리아, 피아트 500X 가격공개.. 2,900만 원대부터",http://autotimes.hankyung.com/apps/news.sub_view?popup=0&nid=03&c1=03&c2=03&c3=00&nkey=201603170929181
449,"피아트 500X, ""AS기간 7년으로 늘립니다.""",http://www.segye.com/content/html/2016/05/12/20160512003193.html?OutUrl=naver
450,"FCA코리아, 피아트 500X 가격공개.. 2,900만 원대부터",http://autotimes.hankyung.com/apps/news.sub_view?popup=0&nid=03&c1=03&c2=03&c3=00&nkey=201603170929181
451,"피아트 500X, ""AS기간 7년으로 늘립니다.""",http://www.segye.com/content/html/2016/05/12/20160512003193.html?OutUrl=naver
452,"짚 레니게이드·피아트 500X, 배출가스 불법 조작",http://imnews.imbc.com/news/2018/econo/article/5012081_22671.html
453,소형 SUV ‘다크호스’로 떠오른 ‘올 뉴 피아트 500X,http://www.dt.co.kr/contents.html?article_no=2016041402101132808001
454,"[수입차, 봄의 질주] 이태리 감성 버무린 소형 SUV, 올 뉴 피아트 500X 출격",http://news.heraldcorp.com/view.php?ud=20160328000850
455,"독일교통부 ""피아트 500X 배출가스 조작 발견""… 韓 환경부는?",http://www.newscj.com/news/articleView.html?idxno=415481
456,"피아트, 500X의 성격",http://www.gqkorea.co.kr/?p=45617&_C_=18
457,"피아트 500X, 소형SUV 시장에 출사표",http://news.heraldcorp.com/view.php?ud=20160324000143
458,"[포토12컷]피아트 500X, 실내외 살펴보면 ‘감성 디자인·실용성 탁월’",http://car.donga.com/3/all/20160324/77189209/1
459,"피아트 500X와 아시아의 스타일이 만났다, SIA 2016에 이틀간 전시",http://news.mk.co.kr/newsRead.php?no=191794&year=2016
460,스타일리시 소형 SUV '올 뉴 피아트 500X' 출시,http://www.asiatoday.co.kr/view.php?key=20160324010014657
461,"피아트 500X와 아시아의 스타일이 만났다, SIA 2016에 이틀간 전시",http://news.mk.co.kr/newsRead.php?no=191794&year=2016
462,소형 SUV '올-뉴 피아트 500X' 10일부터 사전예약,http://news20.busan.com/controller/newsController.jsp?newsId=20160307000309
463,"넥센타이어, 피아트 500X 신차용 타이어 공급",http://www.edaily.co.kr/news/newspath.asp?newsid=01902406609234768
464,"크라이슬러코리아, 2015년에 지프 레니게이드·피아트500X 출시 예정",http://www.it.co.kr/news/article.html?no=2792288
465,"철수설까지 나돈 피아트, 500x 출시 때까지 버티기?",http://www.asiatoday.co.kr/view.php?key=20141021010012749
466,피아트 500X '7년 품질 보장 프로모션' 진행,http://news.kukinews.com/article/view.asp?arcid=0010609415&code=41141411&cp=nv
467,"[시승기+] '예쁜' 피아트 500X…""여심 뿐 아니라 남심도 사로잡네""",http://www.hankyung.com/news/app/newsview.php?aid=201605138643g
468,"피아트 500X, 배출가스 조작...'조마조마'",http://autotimes.hankyung.com/apps/news.sub_view?popup=0&nid=03&c1=03&c2=03&c3=00&nkey=201704031318031
469,피아트 ‘올-뉴 500X’ 출시,http://sports.donga.com/3/all/20160324/77199557/3
470,"[사진] 올뉴 피아트 500X 출시, 2990만원부터",http://www.osen.co.kr/article/G1110380217
471,올-뉴 피아트 500X 신차발표회,http://www.newsis.com/pict_detail/view.html?pict_id=NISI20160324_0011502969
472,이탈리안 소형 SUV '올-뉴 피아트 500X' 국내 출시,http://www.ytn.co.kr/_ln/0102_201603241349173277
473,"FCA코리아, 소형 크로스오버 피아트 500X 출시",http://autotimes.hankyung.com/apps/news.sub_view?popup=0&nid=03&c1=03&c2=03&c3=00&nkey=201603240930451
474,덩치 키운 피아트 500X…남심 저격한 이탈리아 감성,http://www.hankyung.com/news/app/newsview.php?aid=2016033012751
475,"FCA코리아, 올뉴 피아트 500X 사전계약 시작",http://autotimes.hankyung.com/apps/news.sub_view?popup=0&nid=03&c1=03&c2=03&c3=00&nkey=201603070920551
476,"피아트 ""카톡에서 알차장과 500X 구매 상담하세요""",http://app.yonhapnews.co.kr/YNA/Basic/SNS/r.aspx?c=AKR20160811052200003&did=1195m
477,"크라이슬러200·피아트500X, 美 최고 안전평가",http://biz.newdaily.co.kr/news/article.html?no=10094068
478,"피아트, 500X 대상으로 특별 프로모션 실시",http://news.mk.co.kr/newsRead.php?no=694575&year=2016
479,"지프 레니게이드, 피아트 500X 개소세 인하가 대로 판매",http://www.betanews.net/article/636477
480,"FCA코리아, 올뉴 피아트 500X 사전계약 시작",http://autotimes.hankyung.com/apps/news.sub_view?popup=0&nid=03&c1=03&c2=03&c3=00&nkey=201603070920551
481,"피아트 ""카톡에서 알차장과 500X 구매 상담하세요""",http://app.yonhapnews.co.kr/YNA/Basic/SNS/r.aspx?c=AKR20160811052200003&did=1195m
482,"크라이슬러200·피아트500X, 美 최고 안전평가",http://biz.newdaily.co.kr/news/article.html?no=10094068
483,"피아트, 500X 대상으로 특별 프로모션 실시",http://news.mk.co.kr/newsRead.php?no=694575&year=2016
484,"지프 레니게이드, 피아트 500X 개소세 인하가 대로 판매",http://www.betanews.net/article/636477
485,[카닥터] 피아트의 소형 SUV ‘500X’,http://www.econovill.com/news/articleView.html?idxno=292040
486,"피아트 500X와 짚 레니게이드, 판매 간섭?",http://autotimes.hankyung.com/apps/news.sub_view?popup=0&nid=03&c1=03&c2=03&c3=00&nkey=201512082115331
487,"10월 공개 앞둔 피아트 '500X', 스파이샷에 포착",http://www.asiatoday.co.kr/view.php?key=20140902010001027
488,"넥센타이어, 피아트 '500X'에 신차타이어 공급",http://www.mt.co.kr/view/mtview.php?type=1&no=2015010509581239018&outlink=1
489,멋·맛을 아는 고단수 SUV…‘피아트 500X’ 가격은 덤,http://news.mk.co.kr/newsRead.php?no=234752&year=2016
490,"넥센타이어, 피아트 500X에 신차용 타이어 공급",http://www.newsis.com/ar_detail/view.html?ar_id=NISX20150105_0013393681&cID=10402&pID=10400
491,멋·맛을 아는 고단수 SUV…‘피아트 500X’ 가격은 덤,http://news.mk.co.kr/newsRead.php?no=234752&year=2016
492,"FCA 코리아, 올-뉴 피아트 500X 출시",http://www.fnnews.com/news/201603240835584958
493,'피아트 500X'사전 예약 시작…가격 2900만원대부터,http://www.metroseoul.co.kr/news/newsview?newscd=2016031700130
494,"[CAR]피아트 ‘500X’, 빈티지한 실내가 매력적… 이탈리아 감성 마음껏 뽐내",http://news.donga.com/3/all/20160526/78325601/1
495,"짚 레니게이드, 피아트 500X '배출가스 조작 적발'",http://news1.kr/photos/view/?3417499
496,[영상] 귀여운 소형 SUV 피아트500X 시승기,http://www.edaily.co.kr/news/newspath.asp?newsid=01161126615900712
497,"판매 뒷걸음 '시트로엥·피아트', 올해 'C4 칵투스·500X'에 사활",http://www.osen.co.kr/article/G1110338042
498,[포토뉴스]‘여심 공략’ 올-뉴 피아트 500X,http://news.khan.co.kr/kh_news/khan_art_view.html?artid=201603242148475&code=920508
499,FCA '올-뉴 피아트 500X' 출시,http://www.naeil.com/news_view/?id_art=189703
