,title,url
0,"“못생긴 포르쉐, 멍청이만 타지”…3번 욕먹더니, 스포츠카 ‘신화창조’[세상만車]",https://premium.mk.co.kr/view.php?no=31900
1,"커지는 억대 전기차 시장···포르쉐·벤츠·BMW·아우디, 승자는?",http://www.sisajournal-e.com/news/articleView.html?idxno=269160
2,"""포르쉐 타이칸보다 빨라""…기아 고성능 전기차 'GT' 나온다 [영상]",https://www.hankyung.com/economy/article/202205043620g
3,"포르쉐, 차량 판매 감소에도 1분기 영업익 14.7억유로…전년比 17.4%↑",https://www.news1.kr/articles/?4671884
4,"포르쉐 AG, 배터리 소재 생산 '그룹 14 테크놀로지' 지분 인수",http://www.efnews.co.kr/news/articleView.html?idxno=95990
5,"포르쉐 AG, 2022년 1분기 실적 발표 ""베스트셀링 모델은?""",http://www.thedrive.co.kr/news/newsview.php?ncode=1065570732581065
6,"포르쉐·샤넬백…태국 ""마약범들에게 압수한 물품 사가세요""",https://www.yna.co.kr/view/AKR20220426066100076?input=1195m
7,"포르쉐 타이칸 크로스 투리스모, 스포츠카와 패밀리 SUV를 넘나들다",http://www.gpkorea.com/news/articleView.html?idxno=85198
8,"포르쉐, 올해 1분기 6만8426대 車팔았다",http://www.edaily.co.kr/news/newspath.asp?newsid=02194326632296448
9,벤츠ㆍBMWㆍ포르쉐 등 수입 전기차 시장서 테슬라 추격,https://www.dnews.co.kr/uhtml/view.jsp?idxno=202204251134433230188
10,세계 1위 시비옹테크 포르쉐 테니스그랑프리 우승…시즌 23연승 기록,http://www.tennis.co.kr/Home/Gateway.php?seq_no=33190
11,[칼럼] 전기이륜차 성공은 변속기에 있다,http://www.epnc.co.kr/news/articleView.html?idxno=222618
12,"""포르쉐 이젠 망했다""…'배신자' 욕먹던 파나메라, 벤츠·BMW '충격' [왜몰랐을카]",http://news.mk.co.kr/newsRead.php?no=336210&year=2022
13,"""우리와 제발 일해달라""…포르쉐, 벤츠, BMW가 꽂힌 한국기업은",http://news.mk.co.kr/newsRead.php?no=357515&year=2022
14,"[人터뷰]""포르쉐는 꿈을 키우는 브랜드""",http://autotimes.hankyung.com/apps/news.sub_view?popup=0&nid=02&c1=02&c2=02&c3=00&nkey=202204150011421
15,포르쉐 1분기에만 6만8426대 판매...中 20% ↓,http://www.fnnews.com/news/202204160948163289
16,전기차 시장 현대기아·테슬라만 있냐…'가성비' 대항마 풀린다,http://news.mt.co.kr/mtview.php?no=2022050814471335616
17,내연기관 뛰어넘은 전기車 신기술 10,http://news.mk.co.kr/newsRead.php?no=343323&year=2022
18,"[자유로 연비] 폭발적인 성능, 그리고 다채로운 매력을 품은 ‘포르쉐 타이칸 터보 크로스 투리스모’의 효율성은?",https://hankookilbo.com/News/Read/A2022041723340002248?did=NA
19,“포르쉐 타이칸 4S보다 빨라” 기아 EV6 GT 사양 공개,http://www.thedrive.co.kr/news/newsview.php?ncode=1065590066899725
20,"뻔뻔한 포르쉐, 이래도 '발뺌'할래…'외계인 고문' 증거, 한국서 찾았다 [왜몰랐을카]",http://news.mk.co.kr/newsRead.php?no=324946&year=2022
21,"[인터뷰] 포르쉐코리아 대표 ""역동적인 한국, 모빌리티 발전 빠르다""",https://www.news1.kr/articles/?4642680
22,"포르쉐 '최초' 순수 전기차 ""타이칸"", 포뮬러E 세이프티카로 공개",http://www.thedrive.co.kr/news/newsview.php?ncode=1065586322587161
23,"포르쉐, 포뮬러 E 공식 세이프티카로 타이칸 투입..특징은?",http://www.dailycar.co.kr/content/news.html?type=view&autoId=42656
24,"람보르기니·페라리 제친 그 국산 전기차, 올해 나온다",http://news.mt.co.kr/mtview.php?no=2022050114215959298
25,"포르쉐코리아, 아시아 최초 ‘포르쉐 이코넨, 서울’ 브랜드 전시",http://www.edaily.co.kr/news/newspath.asp?newsid=01233286632294480
26,'제로백 3.5초' 7000만원대 국산 전기차 나온다,http://www.etnews.com/20220502000209
27,신한금융투자서 공모주 청약하고 '포르쉐 타이칸' 받자!,http://news.tf.co.kr/read/economy/1907349.htm
28,"포르쉐코리아 크리스티안 나터CFO, 내달 대만 법인장으로 발령",http://www.autodaily.co.kr/news/articleView.html?idxno=433150
29,"[성공기업, 성공DNA] 포르쉐 전기차도 질주…타이칸 앞세워 '年 1만대' 노린다",https://www.asiatoday.co.kr/view.php?key=20211103010002346
30,아무리 포르쉐라지만…'왜건' 타이칸 성공할 수 있을까,http://news.mt.co.kr/mtview.php?no=2021101411012148420
31,신 자동차 시대...럭셔리 '전기차' 대전,http://www.iminju.net/news/articleView.html?idxno=77964
32,"'레전드 포르쉐 스포츠카' 총출동…포르쉐, DDP서 특별전시",http://www.mediapen.com/news/view/715090
33,"[르포] 내연 기관 헌사와 미래 한눈에, 포르쉐 이코넨 서울",http://it.chosun.com/site/data/html_dir/2022/04/13/2022041302832.html
34,"[신차열전] 포르쉐, 2022년형 ‘타이칸ㆍ크로스 투리스모’ 공개",https://www.dnews.co.kr/uhtml/view.jsp?idxno=202108251630207480550
35,"[시승기] 압도적인 퍼포먼스, 그리고 탁월한 주행거리의 매력…포르쉐 타이칸 터보 S",https://hankookilbo.com/News/Read/A2021081807250004140?did=NA
36,"포르쉐, 우크라이나산 부품 부족 타이칸. 파나메라 생산 축소. 폭스바겐 ID.5는 출시 연기",http://www.autodaily.co.kr/news/articleView.html?idxno=432544
37,[비교] 전기차 시대를 준비하는 독특한 기류…포르쉐 타이칸 & 제네시스 eG80,https://hankookilbo.com/News/Read/A2022031507460005242?did=NA
38,"[자유로 연비] 기대 이상의 편안함, 그리고 효율성…포르쉐 타이칸 4S",https://hankookilbo.com/News/Read/A2021080307370004838?did=NA
39,웨스틴 조선 서울서 포르쉐 전기차 '타이칸' 전시,http://www.cbci.co.kr/news/articleView.html?idxno=418298
40,"웨스틴 조선 서울-포르쉐 SSCL, '포르쉐 타이칸 전시'",http://www.discoverynews.kr/news/articleView.html?idxno=616826
41,"2년 치 출고 밀린 포르쉐 타이칸, 우크라이나 사태로 생산 중단",http://www.autodaily.co.kr/news/articleView.html?idxno=432187
42,"타이칸으로 힘 받은 포르쉐, 2030년까지 순수 전기차 80% 이상",http://www.osen.co.kr/article/G1111790617
43,[시승기] 다채로운 환경에 대비하는 타이칸의 솔루션 – 포르쉐 타이칸 터보 크로스 투리스모,https://hankookilbo.com/News/Read/A2022030508250002703?did=NA
44,"포르쉐, 일본에서 화려한 꽃으로 그려진 ‘타이칸 아트카’ 공개",https://hankookilbo.com/News/Read/A2022031119140002955?did=NA
45,포르쉐 타이칸 리콜…카시트 고정되지 않을 우려,http://www.consumuch.com/news/articleView.html?idxno=54432
46,현대·기아·포드·포르쉐 등 리콜...쏘렌토-익스플로러-타이칸 등 대상 차종 [모터그램],http://www.sisunnews.co.kr/news/articleView.html?idxno=159878
47,"포르쉐, 전기차 타이칸 '주행 중 시동꺼짐 현상' 전량 리콜",https://www.theguru.co.kr/news/article.html?no=22889
48,"""포르쉐 타이칸 제쳤다""…아이오닉5, 英'2022 올해의 차' 선정",http://www.edaily.co.kr/news/newspath.asp?newsid=03489926632261352
49,'베이비 타이칸' 포르쉐 마칸 EV 예상 모습,http://www.thedrive.co.kr/news/newsview.php?ncode=1065602822319333
50,[xEV 트렌드 코리아 2022] 포르쉐의 전기 CUV '타이칸 크로스 투리스모',https://www.ddaily.co.kr/news/article.html?no=233621
51,"포르쉐, 타이칸 이어 718 후속도 BEV",http://autotimes.hankyung.com/apps/news.sub_view?popup=0&nid=02&c1=02&c2=02&c3=00&nkey=202203202254151
52,[포토] '포르쉐 타이칸'을 만나세요,http://news.mk.co.kr/newsRead.php?no=742847&year=2021
53,"신한금융투자, '포르쉐 타이칸' 증정식 개최",http://www.seoulwire.com/news/articleView.html?idxno=463273
54,최대 680마력 ‘포르쉐 타이칸 터보’ 출시···1억9550만원,http://www.newsway.co.kr/news/view?tp=1&ud=2021060616302830614
55,"포르쉐 '타이칸 터보' 국내 출시, 전기차 라인업 확장",http://www.sportsseoul.com/news/read/1045721?ref=naver
56,"포르쉐코리아, 1회 충전 시 284km 주행 가능한 '타이칸 터보' 출시… 판매 가격은 1억 9550만 원!",http://kr.aving.net/news/view.php?articleId=1605926&Branch_ID=kr&rssid=naver&mn_name=news
57,"1억 넘는 포르쉐 타이칸이 月 판매 1위…""보조금 없어도 잘 팔린다""",http://news.mt.co.kr/mtview.php?no=2022021615413399771
58,"포르쉐코리아, 창립 이후 역대 최대 실적…전기차 타이칸 견인",https://www.news1.kr/articles/?4585904
59,[시승기]전기차로 이식된 포르쉐 DNA…'타이칸' 타보니,https://view.asiae.co.kr/article/2021053011330358659
60,2월 수입차 판매 12.7%↓… 전기차 1위 ‘포르쉐 타이칸’,https://www.donga.com/news/article/all/20220304/112164523/2
61,"[시승기] 포르쉐 전기차 타이칸 4S ‘스포츠카 파워는 기본, 350km 연비 주행도 거뜬”",http://www.ajunews.com/view/20210528094720225
62,"[영상]포르쉐는 못하는게 뭐니? 타이칸 크로스 투리스모 터보(680마력 전기차, 왜건, 오프로드)",http://autotimes.hankyung.com/apps/news.sub_view?popup=0&nid=12&c1=12&c2=12&c3=00&nkey=202203081651211
63,"포르쉐 타이칸 전기차, 미국 대륙 횡단에 도전하다",http://www.digitaltoday.co.kr/news/articleView.html?idxno=434298
64,[시승기] 전기 스포츠카 '포르쉐 타이칸 4S' 400㎞ 주행 거뜬,https://www.econovill.com/news/articleView.html?idxno=532548
65,"(영상)350km 주행도 거뜬, 럭셔리 전기차 포르쉐 ‘타이칸 4S’",http://www.newstomato.com/ReadNews.aspx?no=1046016&inflow=N
66,"[시승기] ""한 번 충전에 350㎞ 거뜬""…포르쉐 전기 스포츠카 '타이칸 4S'",https://www.asiatoday.co.kr/view.php?key=20210520010010641
67,‘761마력’ 포르쉐 전기 스포츠카 ‘타이칸 터보 S’,http://www.fnnews.com/news/202105161726217186
68,"포르쉐, 새해에도 '타이칸' 인기몰이···전기차 흥행 이어갈까",http://www.sisajournal-e.com/news/articleView.html?idxno=252733
69,"[타봤어요] 포르쉐 전기 스포츠카 '타이칸 4S', 데일리카로는 어떨까",http://www.edaily.co.kr/news/newspath.asp?newsid=01466166629049248
70,"포르쉐, 전기 스포츠카 '타이칸 터보 S' 국내 출시…""2억 3360만원""",http://www.edaily.co.kr/news/newspath.asp?newsid=03617846629048592
71,"[자동차오늘] 포르쉐코리아, 전기 스포츠카 '타이칸 터보 S' 출시…넥센타이어, '한국노사협력대상' 수상",http://www.sisaon.co.kr/news/articleView.html?idxno=127389
72,"포르쉐 타이칸, 고급 전기차 성장성 입증했다",http://autotimes.hankyung.com/apps/news.sub_view?popup=0&nid=03&c1=03&c2=03&c3=00&nkey=202105101952321
73,"김다미·한지민 이어 이번엔 문소리…포르쉐, 타이칸 로드무비 공개",https://www.hankyung.com/economy/article/202202090712g
74,"포르쉐 타이칸, 1월 138대 등록..수입 전기차 1위 기록!",http://www.dailycar.co.kr/content/news.html?type=view&autoId=42873
75,"[리뷰] 전기 스포츠카의 가능성을 확장한 존재, 포르쉐 타이칸 크로스 투리스모",https://hankookilbo.com/News/Read/A2021041407310002524?did=NA
76,"신한금투 경품 '포르쉐 타이칸', MZ세대가 받았다",http://www.whitepaper.co.kr/news/articleView.html?idxno=214029
77,"포르쉐 타이칸, 포뮬러 E 공식 세이프티 카 공개",https://sports.donga.com/article/all/20220123/111388485/2
78,월 1억 버는 괴물쥐가 '포르쉐 타이칸' 이어 새로 뽑으려 하는 슈퍼카 정체,https://www.insight.co.kr/news/335034
79,"포르쉐, 2020 타이칸을 위한 업데이트로 경쟁력 강화",https://hankookilbo.com/News/Read/A2021032710100002598?did=NA
80,"김우리, 포르쉐 타이칸 인증샷…""린스로 닦아도 광 번쩍 번쩍""",http://www.newsinside.kr/news/articleView.html?idxno=1126232
81,"아이오닉5, 포르쉐 타이칸 제치고 `영국 올해의 차` 선정",http://www.gpkorea.com/news/articleView.html?idxno=83619
82,"아이오닉 5, 포르쉐 타이칸 제치고 ‘2022 영국 올해의 차’ 선정",https://www.inthenews.co.kr/news/article.html?no=44675
83,"[포토] 카카오모빌리티, 모바일 맵핑 시스템 장착된 '포르쉐 타이칸' 공개",https://biz.newdaily.co.kr/site/data/html/2022/02/10/2022021000128.html
84,"‘1억5000만원’ 포르쉐 타이칸 구매한 김우리 “50살 기념 선물, 광 번쩍 번쩍”",http://www.segye.com/content/html/2022/01/24/20220124511900.html?OutUrl=naver
85,"포르쉐, 타이칸 크로스 투리스모 세계 최초 공개",http://www.edaily.co.kr/news/newspath.asp?newsid=01623606628980368
86,테슬라 제친 포르쉐 전기 스포츠카 ‘타이칸 4S’,https://weekly.hankooki.com/lpage/economy/202102/wk20210226134424146490.htm?s_ref=nv
87,[2021 올해의 차] 고성능 전기차 부문..포르쉐 타이칸 4S,http://www.dailycar.co.kr/content/news.html?type=view&autoId=38933
88,[리뷰] 라인업 확장과 진입 장벽을 낮춘 존재…포르쉐 타이칸,https://hankookilbo.com/News/Read/A2021021508510003751?did=NA
89,"""테슬라는 연습상대, 목표는 포르쉐""…폴스타, 모델3 잡고 타이칸 노린다",http://news.mk.co.kr/newsRead.php?no=56464&year=2022
90,"[시승기] 충분히 만족스러운 포르쉐의 전기차, 포르쉐 타이칸 4S",https://hankookilbo.com/News/Read/A2021122921370002929?did=NA
91,"명품 수입차 포르쉐 타이칸, 테슬라 모델Y 리콜 실시",http://www.g-enews.com/ko-kr/news/article/news_all/202112280917046856938f3ba357_1/article.html
92,넥슨 '카트라이더'서 포르쉐 전기차 타이칸 4S 경험한다,http://www.sportsq.co.kr/news/articleView.html?idxno=422634
93,"넥슨, 카트라이더에 '포르쉐 스포츠카 타이칸 4S' 카트 출시",http://www.newstomato.com/ReadNews.aspx?no=1020253
94,"'서울도심에 우와~' 포르쉐, 전설의 르망24 머신 화려한 나들이",http://www.gpkorea.com/news/articleView.html?idxno=84676
95,5월의 자동차 뉴스 3,https://www.gqkorea.co.kr/2022/05/03/5%ec%9b%94%ec%9d%98-%ec%9e%90%eb%8f%99%ec%b0%a8-%eb%89%b4%ec%8a%a4-3/?utm_source=naver&utm_medium=partnership
96,조회 수 노리고 포르쉐 매장서 2억짜리 '타이칸' 시승 차로 돌진한 607만 유튜버 (영상),https://www.insight.co.kr/news/324929
97,예술작품으로 재탄생한 포르쉐 타이칸,http://www.thedrive.co.kr/news/newsview.php?ncode=1065591408004118
98,"'모델S보다 비싼데...' 판매 시작한 포르쉐 타이칸, 비싼 가격·짧은 주행거리 논란",http://www.autodaily.co.kr/news/articleView.html?idxno=424670
99,포르쉐 타이칸 터보 S 타보니…'슈퍼카 못지않은 가속 인상',https://zdnet.co.kr/view/?no=20211210153405
100,'베이비 타이칸' 포르쉐 마칸 EV 예상 모습,http://www.thedrive.co.kr/news/newsview.php?ncode=1065602822319333
101,[xEV 트렌드 코리아 2022] 포르쉐의 전기 CUV '타이칸 크로스 투리스모',https://www.ddaily.co.kr/news/article.html?no=233621
102,"포르쉐, 타이칸 이어 718 후속도 BEV",http://autotimes.hankyung.com/apps/news.sub_view?popup=0&nid=02&c1=02&c2=02&c3=00&nkey=202203202254151
103,[포토] '포르쉐 타이칸'을 만나세요,http://news.mk.co.kr/newsRead.php?no=742847&year=2021
104,"신한금융투자, '포르쉐 타이칸' 증정식 개최",http://www.seoulwire.com/news/articleView.html?idxno=463273
105,최대 680마력 ‘포르쉐 타이칸 터보’ 출시···1억9550만원,http://www.newsway.co.kr/news/view?tp=1&ud=2021060616302830614
106,"포르쉐 '타이칸 터보' 국내 출시, 전기차 라인업 확장",http://www.sportsseoul.com/news/read/1045721?ref=naver
107,"포르쉐코리아, 1회 충전 시 284km 주행 가능한 '타이칸 터보' 출시… 판매 가격은 1억 9550만 원!",http://kr.aving.net/news/view.php?articleId=1605926&Branch_ID=kr&rssid=naver&mn_name=news
108,"1억 넘는 포르쉐 타이칸이 月 판매 1위…""보조금 없어도 잘 팔린다""",http://news.mt.co.kr/mtview.php?no=2022021615413399771
109,"포르쉐코리아, 창립 이후 역대 최대 실적…전기차 타이칸 견인",https://www.news1.kr/articles/?4585904
110,"포르쉐, 제로백 3.2초 '타이칸 터보' 국내 출시…라인업 확장",http://www.dizzotv.com/site/data/html_dir/2021/06/03/2021060380123.html
111,"1억 넘는 포르쉐 타이칸이 月 판매 1위…""보조금 없어도 잘 팔린다""",http://news.mt.co.kr/mtview.php?no=2022021615413399771
112,"포르쉐코리아, 창립 이후 역대 최대 실적…전기차 타이칸 견인",https://www.news1.kr/articles/?4585904
113,"신한금융투자, 공모주 청약 이벤트 당첨자에 포르쉐 타이칸 증정",https://www.viva100.com/main/view.php?key=20220225010006362
114,[시승기]전기차로 이식된 포르쉐 DNA…'타이칸' 타보니,https://view.asiae.co.kr/article/2021053011330358659
115,2월 수입차 판매 12.7%↓… 전기차 1위 ‘포르쉐 타이칸’,https://www.donga.com/news/article/all/20220304/112164523/2
116,"[시승기] 포르쉐 전기차 타이칸 4S ‘스포츠카 파워는 기본, 350km 연비 주행도 거뜬”",http://www.ajunews.com/view/20210528094720225
117,"[영상]포르쉐는 못하는게 뭐니? 타이칸 크로스 투리스모 터보(680마력 전기차, 왜건, 오프로드)",http://autotimes.hankyung.com/apps/news.sub_view?popup=0&nid=12&c1=12&c2=12&c3=00&nkey=202203081651211
118,"포르쉐 타이칸 전기차, 미국 대륙 횡단에 도전하다",http://www.digitaltoday.co.kr/news/articleView.html?idxno=434298
119,[시승기] 전기 스포츠카 '포르쉐 타이칸 4S' 400㎞ 주행 거뜬,https://www.econovill.com/news/articleView.html?idxno=532548
120,"포르쉐코리아, 타이칸 라인업 확장하는 '타이칸 터보' 공식 출시",https://hankookilbo.com/News/Read/A2021060311100003488?did=NA
121,"1억 넘는 포르쉐 타이칸이 月 판매 1위…""보조금 없어도 잘 팔린다""",http://news.mt.co.kr/mtview.php?no=2022021615413399771
122,"포르쉐코리아, 창립 이후 역대 최대 실적…전기차 타이칸 견인",https://www.news1.kr/articles/?4585904
123,"신한금융투자, 공모주 청약 이벤트 당첨자에 포르쉐 타이칸 증정",https://www.viva100.com/main/view.php?key=20220225010006362
124,[시승기]전기차로 이식된 포르쉐 DNA…'타이칸' 타보니,https://view.asiae.co.kr/article/2021053011330358659
125,2월 수입차 판매 12.7%↓… 전기차 1위 ‘포르쉐 타이칸’,https://www.donga.com/news/article/all/20220304/112164523/2
126,"[시승기] 포르쉐 전기차 타이칸 4S ‘스포츠카 파워는 기본, 350km 연비 주행도 거뜬”",http://www.ajunews.com/view/20210528094720225
127,"[영상]포르쉐는 못하는게 뭐니? 타이칸 크로스 투리스모 터보(680마력 전기차, 왜건, 오프로드)",http://autotimes.hankyung.com/apps/news.sub_view?popup=0&nid=12&c1=12&c2=12&c3=00&nkey=202203081651211
128,"포르쉐 타이칸 전기차, 미국 대륙 횡단에 도전하다",http://www.digitaltoday.co.kr/news/articleView.html?idxno=434298
129,[시승기] 전기 스포츠카 '포르쉐 타이칸 4S' 400㎞ 주행 거뜬,https://www.econovill.com/news/articleView.html?idxno=532548
130,"포르쉐, 전기차 '타이칸 터보' 국내 공식 출시…제로백 3.2초",http://www.koreastocknews.com/news/articleView.html?idxno=63768
131,"1억 넘는 포르쉐 타이칸이 月 판매 1위…""보조금 없어도 잘 팔린다""",http://news.mt.co.kr/mtview.php?no=2022021615413399771
132,"포르쉐코리아, 창립 이후 역대 최대 실적…전기차 타이칸 견인",https://www.news1.kr/articles/?4585904
133,"신한금융투자, 공모주 청약 이벤트 당첨자에 포르쉐 타이칸 증정",https://www.viva100.com/main/view.php?key=20220225010006362
134,[시승기]전기차로 이식된 포르쉐 DNA…'타이칸' 타보니,https://view.asiae.co.kr/article/2021053011330358659
135,2월 수입차 판매 12.7%↓… 전기차 1위 ‘포르쉐 타이칸’,https://www.donga.com/news/article/all/20220304/112164523/2
136,"[시승기] 포르쉐 전기차 타이칸 4S ‘스포츠카 파워는 기본, 350km 연비 주행도 거뜬”",http://www.ajunews.com/view/20210528094720225
137,"[영상]포르쉐는 못하는게 뭐니? 타이칸 크로스 투리스모 터보(680마력 전기차, 왜건, 오프로드)",http://autotimes.hankyung.com/apps/news.sub_view?popup=0&nid=12&c1=12&c2=12&c3=00&nkey=202203081651211
138,"포르쉐 타이칸 전기차, 미국 대륙 횡단에 도전하다",http://www.digitaltoday.co.kr/news/articleView.html?idxno=434298
139,[시승기] 전기 스포츠카 '포르쉐 타이칸 4S' 400㎞ 주행 거뜬,https://www.econovill.com/news/articleView.html?idxno=532548
140,[시승기] 전기 스포츠카 '포르쉐 타이칸 4S' 400㎞ 주행 거뜬,https://www.econovill.com/news/articleView.html?idxno=532548
141,"(영상)350km 주행도 거뜬, 럭셔리 전기차 포르쉐 ‘타이칸 4S’",http://www.newstomato.com/ReadNews.aspx?no=1046016&inflow=N
142,"[시승기] ""한 번 충전에 350㎞ 거뜬""…포르쉐 전기 스포츠카 '타이칸 4S'",https://www.asiatoday.co.kr/view.php?key=20210520010010641
143,‘761마력’ 포르쉐 전기 스포츠카 ‘타이칸 터보 S’,http://www.fnnews.com/news/202105161726217186
144,"포르쉐, 새해에도 '타이칸' 인기몰이···전기차 흥행 이어갈까",http://www.sisajournal-e.com/news/articleView.html?idxno=252733
145,"[타봤어요] 포르쉐 전기 스포츠카 '타이칸 4S', 데일리카로는 어떨까",http://www.edaily.co.kr/news/newspath.asp?newsid=01466166629049248
146,"포르쉐, 전기 스포츠카 '타이칸 터보 S' 국내 출시…""2억 3360만원""",http://www.edaily.co.kr/news/newspath.asp?newsid=03617846629048592
147,"[자동차오늘] 포르쉐코리아, 전기 스포츠카 '타이칸 터보 S' 출시…넥센타이어, '한국노사협력대상' 수상",http://www.sisaon.co.kr/news/articleView.html?idxno=127389
148,"포르쉐 타이칸, 고급 전기차 성장성 입증했다",http://autotimes.hankyung.com/apps/news.sub_view?popup=0&nid=03&c1=03&c2=03&c3=00&nkey=202105101952321
149,포르쉐 타이칸도 결함…6개사 9만2000대 리콜,http://www.enewstoday.co.kr/news/articleView.html?idxno=1555300
150,"포르쉐코리아, ‘타이칸 터보 S’ 국내 출시…제로백 2초대",http://www.busan.com/view/busan/view.php?code=2021051309381687345
151,"[자동차오늘] 포르쉐코리아, 전기 스포츠카 '타이칸 터보 S' 출시…넥센타이어, '한국노사협력대상' 수상",http://www.sisaon.co.kr/news/articleView.html?idxno=127389
152,"포르쉐 타이칸, 고급 전기차 성장성 입증했다",http://autotimes.hankyung.com/apps/news.sub_view?popup=0&nid=03&c1=03&c2=03&c3=00&nkey=202105101952321
153,포르쉐 타이칸도 결함…6개사 9만2000대 리콜,http://www.enewstoday.co.kr/news/articleView.html?idxno=1555300
154,"""전설적인 스포츠카 보러 오세요""…'포르쉐 이코넨, 서울' 개막",http://www.todaykorea.co.kr/news/articleView.html?idxno=298351
155,"김다미·한지민 이어 이번엔 문소리…포르쉐, 타이칸 로드무비 공개",https://www.hankyung.com/economy/article/202202090712g
156,"포르쉐 타이칸, 1월 138대 등록..수입 전기차 1위 기록!",http://www.dailycar.co.kr/content/news.html?type=view&autoId=42873
157,"[리뷰] 전기 스포츠카의 가능성을 확장한 존재, 포르쉐 타이칸 크로스 투리스모",https://hankookilbo.com/News/Read/A2021041407310002524?did=NA
158,"신한금투 경품 '포르쉐 타이칸', MZ세대가 받았다",http://www.whitepaper.co.kr/news/articleView.html?idxno=214029
159,"포르쉐 타이칸, 포뮬러 E 공식 세이프티 카 공개",https://sports.donga.com/article/all/20220123/111388485/2
160,"포르쉐, 전기 스포츠카 '타이칸 터보S' 국내 출시",http://mbnmoney.mbn.co.kr/news/view?news_no=MM1004330160
161,"포르쉐 타이칸, 고급 전기차 성장성 입증했다",http://autotimes.hankyung.com/apps/news.sub_view?popup=0&nid=03&c1=03&c2=03&c3=00&nkey=202105101952321
162,포르쉐 타이칸도 결함…6개사 9만2000대 리콜,http://www.enewstoday.co.kr/news/articleView.html?idxno=1555300
163,"""전설적인 스포츠카 보러 오세요""…'포르쉐 이코넨, 서울' 개막",http://www.todaykorea.co.kr/news/articleView.html?idxno=298351
164,"김다미·한지민 이어 이번엔 문소리…포르쉐, 타이칸 로드무비 공개",https://www.hankyung.com/economy/article/202202090712g
165,"포르쉐 타이칸, 1월 138대 등록..수입 전기차 1위 기록!",http://www.dailycar.co.kr/content/news.html?type=view&autoId=42873
166,"[리뷰] 전기 스포츠카의 가능성을 확장한 존재, 포르쉐 타이칸 크로스 투리스모",https://hankookilbo.com/News/Read/A2021041407310002524?did=NA
167,"신한금투 경품 '포르쉐 타이칸', MZ세대가 받았다",http://www.whitepaper.co.kr/news/articleView.html?idxno=214029
168,"포르쉐 타이칸, 포뮬러 E 공식 세이프티 카 공개",https://sports.donga.com/article/all/20220123/111388485/2
169,"포르쉐 타이칸, 포뮬러 E 공식 세이프티 카 공개",http://www.newsprime.co.kr/news/article.html?no=559978
170,"신한금투 경품 '포르쉐 타이칸', MZ세대가 받았다",http://www.whitepaper.co.kr/news/articleView.html?idxno=214029
171,"포르쉐 타이칸, 포뮬러 E 공식 세이프티 카 공개",https://sports.donga.com/article/all/20220123/111388485/2
172,"포르쉐 타이칸, 포뮬러 E 공식 세이프티 카 공개",http://www.newsprime.co.kr/news/article.html?no=559978
173,"포르쉐, 전기 스포츠카 '타이칸 터보S' 국내 출시",http://www.fnnews.com/news/202105131406481116
174,"포르쉐, 포뮬러E에 타이칸 터보 S 세이프티 카로 데뷔",http://www.pinpointnews.co.kr/view.php?ud=2022012010501418689cdfed7945_45
175,월 1억 버는 괴물쥐가 '포르쉐 타이칸' 이어 새로 뽑으려 하는 슈퍼카 정체,https://www.insight.co.kr/news/335034
176,"포르쉐, 2020 타이칸을 위한 업데이트로 경쟁력 강화",https://hankookilbo.com/News/Read/A2021032710100002598?did=NA
177,"김우리, 포르쉐 타이칸 인증샷…""린스로 닦아도 광 번쩍 번쩍""",http://www.newsinside.kr/news/articleView.html?idxno=1126232
178,"아이오닉5, 포르쉐 타이칸 제치고 `영국 올해의 차` 선정",http://www.gpkorea.com/news/articleView.html?idxno=83619
179,"아이오닉 5, 포르쉐 타이칸 제치고 ‘2022 영국 올해의 차’ 선정",https://www.inthenews.co.kr/news/article.html?no=44675
180,"아이오닉 5, 포르쉐 타이칸 제치고 ‘2022 영국 올해의 차’ 선정",https://www.inthenews.co.kr/news/article.html?no=44675
181,"포르쉐 타이칸, 전기차 경주대회 ‘포뮬러E 월드 챔피언십’ 세이프티카 데뷔",https://www.donga.com/news/article/all/20220120/111349357/2
182,"신한금융투자, 공모주 청약 이벤트 경품 ‘포르쉐 타이칸’ 증정",http://www.g-enews.com/ko-kr/news/article/news_all/2022022515134619879e1b7aa231_1/article.html
183,"[포토] 카카오모빌리티, 모바일 맵핑 시스템 장착된 '포르쉐 타이칸' 공개",https://biz.newdaily.co.kr/site/data/html/2022/02/10/2022021000128.html
184,"문소리, 포르쉐 '타이칸 크로스 투리스모' 탄다",http://moneys.mt.co.kr/news/mwView.php?no=2022020913248040699
185,"‘1억5000만원’ 포르쉐 타이칸 구매한 김우리 “50살 기념 선물, 광 번쩍 번쩍”",http://www.segye.com/content/html/2022/01/24/20220124511900.html?OutUrl=naver
186,"포르쉐, 타이칸 크로스 투리스모 세계 최초 공개",http://www.edaily.co.kr/news/newspath.asp?newsid=01623606628980368
187,테슬라 제친 포르쉐 전기 스포츠카 ‘타이칸 4S’,https://weekly.hankooki.com/lpage/economy/202102/wk20210226134424146490.htm?s_ref=nv
188,[2021 올해의 차] 고성능 전기차 부문..포르쉐 타이칸 4S,http://www.dailycar.co.kr/content/news.html?type=view&autoId=38933
189,"전설적인 포르쉐가 한자리에…'포르쉐 이코넨, 서울'에 가다",http://www.sporbiz.co.kr/news/articleView.html?idxno=615353
190,"‘1억5000만원’ 포르쉐 타이칸 구매한 김우리 “50살 기념 선물, 광 번쩍 번쩍”",http://www.segye.com/content/html/2022/01/24/20220124511900.html?OutUrl=naver
191,"포르쉐, 타이칸 크로스 투리스모 세계 최초 공개",http://www.edaily.co.kr/news/newspath.asp?newsid=01623606628980368
192,테슬라 제친 포르쉐 전기 스포츠카 ‘타이칸 4S’,https://weekly.hankooki.com/lpage/economy/202102/wk20210226134424146490.htm?s_ref=nv
193,[2021 올해의 차] 고성능 전기차 부문..포르쉐 타이칸 4S,http://www.dailycar.co.kr/content/news.html?type=view&autoId=38933
194,"전설적인 포르쉐가 한자리에…'포르쉐 이코넨, 서울'에 가다",http://www.sporbiz.co.kr/news/articleView.html?idxno=615353
195,[리뷰] 라인업 확장과 진입 장벽을 낮춘 존재…포르쉐 타이칸,https://hankookilbo.com/News/Read/A2021021508510003751?did=NA
196,"신한금투, 이벤트 당첨자에 포르쉐 타이칸 증정",https://www.fetv.co.kr/news/article.html?no=109330
197,"""테슬라는 연습상대, 목표는 포르쉐""…폴스타, 모델3 잡고 타이칸 노린다",http://news.mk.co.kr/newsRead.php?no=56464&year=2022
198,"[시승기] 충분히 만족스러운 포르쉐의 전기차, 포르쉐 타이칸 4S",https://hankookilbo.com/News/Read/A2021122921370002929?did=NA
199,"명품 수입차 포르쉐 타이칸, 테슬라 모델Y 리콜 실시",http://www.g-enews.com/ko-kr/news/article/news_all/202112280917046856938f3ba357_1/article.html
200,"명품 수입차 포르쉐 타이칸, 테슬라 모델Y 리콜 실시",http://www.g-enews.com/ko-kr/news/article/news_all/202112280917046856938f3ba357_1/article.html
201,"김우리, 1억 5000만원 포르쉐 타이칸 구매 인증 “파리가 낙상”",http://sports.khan.co.kr/news/sk_index.html?art_id=202201241450003&sec_id=540101&pt=nv
202,넥슨 '카트라이더'서 포르쉐 전기차 타이칸 4S 경험한다,http://www.sportsq.co.kr/news/articleView.html?idxno=422634
203,"넥슨, 카트라이더에 '포르쉐 스포츠카 타이칸 4S' 카트 출시",http://www.newstomato.com/ReadNews.aspx?no=1020253
204,"'서울도심에 우와~' 포르쉐, 전설의 르망24 머신 화려한 나들이",http://www.gpkorea.com/news/articleView.html?idxno=84676
205,5월의 자동차 뉴스 3,https://www.gqkorea.co.kr/2022/05/03/5%ec%9b%94%ec%9d%98-%ec%9e%90%eb%8f%99%ec%b0%a8-%eb%89%b4%ec%8a%a4-3/?utm_source=naver&utm_medium=partnership
206,조회 수 노리고 포르쉐 매장서 2억짜리 '타이칸' 시승 차로 돌진한 607만 유튜버 (영상),https://www.insight.co.kr/news/324929
207,[포토]모바일 맵핑 시스템(MMS) 장착된 포르쉐 타이칸,http://www.inews24.com/view/1450335
208,예술작품으로 재탄생한 포르쉐 타이칸,http://www.thedrive.co.kr/news/newsview.php?ncode=1065591408004118
209,"'모델S보다 비싼데...' 판매 시작한 포르쉐 타이칸, 비싼 가격·짧은 주행거리 논란",http://www.autodaily.co.kr/news/articleView.html?idxno=424670
210,"카트라이더, 포르쉐 전기 스포츠카 '타이칸 4S' 선봬",http://www.fomos.kr/redirect/news_view?news_cate_id=2&entry_id=96634
211,"'서울도심에 우와~' 포르쉐, 전설의 르망24 머신 화려한 나들이",http://www.gpkorea.com/news/articleView.html?idxno=84676
212,5월의 자동차 뉴스 3,https://www.gqkorea.co.kr/2022/05/03/5%ec%9b%94%ec%9d%98-%ec%9e%90%eb%8f%99%ec%b0%a8-%eb%89%b4%ec%8a%a4-3/?utm_source=naver&utm_medium=partnership
213,조회 수 노리고 포르쉐 매장서 2억짜리 '타이칸' 시승 차로 돌진한 607만 유튜버 (영상),https://www.insight.co.kr/news/324929
214,넥슨 카트라이더에 '포르쉐 스포츠카 타이칸 4S' 나온다,https://view.asiae.co.kr/article/2021012111302088967
215,[포토]모바일 맵핑 시스템(MMS) 장착된 포르쉐 타이칸,http://www.inews24.com/view/1450335
216,예술작품으로 재탄생한 포르쉐 타이칸,http://www.thedrive.co.kr/news/newsview.php?ncode=1065591408004118
217,"'모델S보다 비싼데...' 판매 시작한 포르쉐 타이칸, 비싼 가격·짧은 주행거리 논란",http://www.autodaily.co.kr/news/articleView.html?idxno=424670
218,"포르쉐, 브랜드 전설을 앞세운 '포르쉐 이코넨, 서울 - 스포츠카 레전드' 개최",https://hankookilbo.com/News/Read/A2022040818360001153?did=NA
219,포르쉐 타이칸 터보 S 타보니…'슈퍼카 못지않은 가속 인상',https://zdnet.co.kr/view/?no=20211210153405
220,"넥슨, '카트라이더'에 포르쉐 타이칸 4S 제휴 콘텐츠 업데이트...""세련된 디자인·강력한 퍼포먼스""",http://www.startuptoday.co.kr/news/articleView.html?idxno=67272
221,[포토]모바일 맵핑 시스템(MMS) 장착된 포르쉐 타이칸,http://www.inews24.com/view/1450335
222,예술작품으로 재탄생한 포르쉐 타이칸,http://www.thedrive.co.kr/news/newsview.php?ncode=1065591408004118
223,"'모델S보다 비싼데...' 판매 시작한 포르쉐 타이칸, 비싼 가격·짧은 주행거리 논란",http://www.autodaily.co.kr/news/articleView.html?idxno=424670
224,"포르쉐, 브랜드 전설을 앞세운 '포르쉐 이코넨, 서울 - 스포츠카 레전드' 개최",https://hankookilbo.com/News/Read/A2022040818360001153?did=NA
225,포르쉐 타이칸 터보 S 타보니…'슈퍼카 못지않은 가속 인상',https://zdnet.co.kr/view/?no=20211210153405
226,"포르쉐, 사상최대 30만1915대 판매..'전기차' 타이칸 판매 두배 늘어",http://www.fnnews.com/news/202201131027389283
227,"[단독] 피렐리, 포르쉐 전기차 '타이칸' 타이어 공급…한국타이어 밀리나",https://www.theguru.co.kr/news/article.html?no=16861
228,"포르쉐, 타이칸 화재 우려 숨기고 출고 강행. 내부고발자 폭로",http://www.autodaily.co.kr/news/articleView.html?idxno=430791
229,"타이칸 4S, 전기차 시대도 포르쉐?[SS시승기]",http://www.sportsseoul.com/news/read/1082368?ref=naver
230,포르쉐 타이칸에 장착된 '모바일 맵핑 시스템',http://www.newspim.com/news/view/20220210000805
231,예술작품으로 재탄생한 포르쉐 타이칸,http://www.thedrive.co.kr/news/newsview.php?ncode=1065591408004118
232,"'모델S보다 비싼데...' 판매 시작한 포르쉐 타이칸, 비싼 가격·짧은 주행거리 논란",http://www.autodaily.co.kr/news/articleView.html?idxno=424670
233,"포르쉐, 브랜드 전설을 앞세운 '포르쉐 이코넨, 서울 - 스포츠카 레전드' 개최",https://hankookilbo.com/News/Read/A2022040818360001153?did=NA
234,포르쉐 타이칸 터보 S 타보니…'슈퍼카 못지않은 가속 인상',https://zdnet.co.kr/view/?no=20211210153405
235,"포르쉐, 사상최대 30만1915대 판매..'전기차' 타이칸 판매 두배 늘어",http://www.fnnews.com/news/202201131027389283
236,"[단독] 피렐리, 포르쉐 전기차 '타이칸' 타이어 공급…한국타이어 밀리나",https://www.theguru.co.kr/news/article.html?no=16861
237,"포르쉐, 타이칸 화재 우려 숨기고 출고 강행. 내부고발자 폭로",http://www.autodaily.co.kr/news/articleView.html?idxno=430791
238,"넥슨, 카트라이더에 포르쉐 타이칸4S 등장",https://zdnet.co.kr/view/?no=20210121104741
239,"타이칸 4S, 전기차 시대도 포르쉐?[SS시승기]",http://www.sportsseoul.com/news/read/1082368?ref=naver
240,"넥슨, 카트라이더에 포르쉐 타이칸4S 등장",https://zdnet.co.kr/view/?no=20210121104741
241,"타이칸 4S, 전기차 시대도 포르쉐?[SS시승기]",http://www.sportsseoul.com/news/read/1082368?ref=naver
242,"[현장에서] 포르쉐 타이칸, 국내 출시…""새로운 심장, 영혼은 그대로""",http://www.sporbiz.co.kr/news/articleView.html?idxno=502983
243,포르쉐 전기 스포츠카 '타이칸' 국내 상륙…테슬라와 정면 승부,https://view.asiae.co.kr/article/2020112720251924481
244,"포르쉐코리아 대표 ""전기차 보조금, 타이칸 구매 결정적 요인 아냐""",https://zdnet.co.kr/view/?no=20201127094336
245,“외계인이 만든 전기차 국내 상륙”… 강남 한 복판서 만난 ‘포르쉐 타이칸’,https://www.donga.com/news/article/all/20201126/104170754/2
246,포르쉐 전기 스포츠카 ‘타이칸’ 국내 상륙…가격 1억4560만원,http://www.viva100.com/main/view.php?key=20201126010006709
247,"[현장] ""어서 와, 타이칸은 처음이지?""…포르쉐 '타이칸아레나' 직접 가보니",http://www.enewstoday.co.kr/news/articleView.html?idxno=1431405
248,[시승기] 스트레스 풀어주는 고성능 전기차..포르쉐 타이칸 터보 S,http://www.dailycar.co.kr/content/news.html?type=view&autoId=41873
249,"김우리, 2억 원 포르쉐 타이칸 식사 중 인증…부러운 50대 인생",http://sports.chosun.com/news/ntype.htm?id=202201300100183010011373&servicedate=20220129
250,"넥슨, '카트라이더'에 포르쉐 타이칸 4S 제휴 콘텐츠 업데이트",http://www.inews24.com/view/1336921
251,"타이칸 4S, 전기차 시대도 포르쉐?[SS시승기]",http://www.sportsseoul.com/news/read/1082368?ref=naver
252,"[현장에서] 포르쉐 타이칸, 국내 출시…""새로운 심장, 영혼은 그대로""",http://www.sporbiz.co.kr/news/articleView.html?idxno=502983
253,포르쉐 전기 스포츠카 '타이칸' 국내 상륙…테슬라와 정면 승부,https://view.asiae.co.kr/article/2020112720251924481
254,"포르쉐코리아 대표 ""전기차 보조금, 타이칸 구매 결정적 요인 아냐""",https://zdnet.co.kr/view/?no=20201127094336
255,“외계인이 만든 전기차 국내 상륙”… 강남 한 복판서 만난 ‘포르쉐 타이칸’,https://www.donga.com/news/article/all/20201126/104170754/2
256,포르쉐 전기 스포츠카 ‘타이칸’ 국내 상륙…가격 1억4560만원,http://www.viva100.com/main/view.php?key=20201126010006709
257,"[현장] ""어서 와, 타이칸은 처음이지?""…포르쉐 '타이칸아레나' 직접 가보니",http://www.enewstoday.co.kr/news/articleView.html?idxno=1431405
258,[시승기] 스트레스 풀어주는 고성능 전기차..포르쉐 타이칸 터보 S,http://www.dailycar.co.kr/content/news.html?type=view&autoId=41873
259,"김우리, 2억 원 포르쉐 타이칸 식사 중 인증…부러운 50대 인생",http://sports.chosun.com/news/ntype.htm?id=202201300100183010011373&servicedate=20220129
260,포르쉐 전기 스포츠카 ‘타이칸’ 국내 상륙…가격 1억4560만원,http://www.viva100.com/main/view.php?key=20201126010006709
261,"포르쉐코리아, 최대 571마력 '타이칸 4S'로 포트폴리오 강화",http://www.newsprime.co.kr/news/article.html?no=525449
262,"[현장] ""어서 와, 타이칸은 처음이지?""…포르쉐 '타이칸아레나' 직접 가보니",http://www.enewstoday.co.kr/news/articleView.html?idxno=1431405
263,[시승기] 스트레스 풀어주는 고성능 전기차..포르쉐 타이칸 터보 S,http://www.dailycar.co.kr/content/news.html?type=view&autoId=41873
264,"김우리, 2억 원 포르쉐 타이칸 식사 중 인증…부러운 50대 인생",http://sports.chosun.com/news/ntype.htm?id=202201300100183010011373&servicedate=20220129
265,"피에히 EV 스포츠카, 포르쉐 타이칸 가격 넘었다 `2억5000만원`",http://www.gpkorea.com/news/articleView.html?idxno=80449
266,폴스타 “우리 상대는 포르쉐”..타이칸·카이엔 저격 전기차 승부!,http://www.dailycar.co.kr/content/news.html?type=view&autoId=42061
267,소리없이 강력한 스포츠카 '포르쉐 타이칸' 출시,http://www.newspim.com/news/view/20201126000270
268,"포르쉐코리아, 2021서울모빌리티쇼서 순수 전기차의 효율성에 1200ℓ의 넉넉한 공간을 더한 '타이칸 크로스 투리스모' 전시!",http://kr.aving.net/news/view.php?articleId=1660375&Branch_ID=kr&rssid=naver&mn_name=news
269,"라운지엑스, 포르쉐 타이칸 아레나에서 브랜드 하우스 개최",http://www.edaily.co.kr/news/newspath.asp?newsid=02640406625969984
270,"[포토]'포르쉐 타이칸', 엔진 대신 트렁크 공간이",http://www.edaily.co.kr/news/newspath.asp?newsid=02223846625969656
271,"포르쉐코리아, 최대 571마력 '타이칸 4S'로 포트폴리오 강화",http://www.newsprime.co.kr/news/article.html?no=525449
272,"[현장] ""어서 와, 타이칸은 처음이지?""…포르쉐 '타이칸아레나' 직접 가보니",http://www.enewstoday.co.kr/news/articleView.html?idxno=1431405
273,[시승기] 스트레스 풀어주는 고성능 전기차..포르쉐 타이칸 터보 S,http://www.dailycar.co.kr/content/news.html?type=view&autoId=41873
274,"김우리, 2억 원 포르쉐 타이칸 식사 중 인증…부러운 50대 인생",http://sports.chosun.com/news/ntype.htm?id=202201300100183010011373&servicedate=20220129
275,"피에히 EV 스포츠카, 포르쉐 타이칸 가격 넘었다 `2억5000만원`",http://www.gpkorea.com/news/articleView.html?idxno=80449
276,폴스타 “우리 상대는 포르쉐”..타이칸·카이엔 저격 전기차 승부!,http://www.dailycar.co.kr/content/news.html?type=view&autoId=42061
277,포르쉐 순수 전기 스포츠카 '포르쉐 타이칸' 출시,http://www.newspim.com/news/view/20201126000266
278,"포르쉐코리아, 2021서울모빌리티쇼서 순수 전기차의 효율성에 1200ℓ의 넉넉한 공간을 더한 '타이칸 크로스 투리스모' 전시!",http://kr.aving.net/news/view.php?articleId=1660375&Branch_ID=kr&rssid=naver&mn_name=news
279,"라운지엑스, 포르쉐 타이칸 아레나에서 브랜드 하우스 개최",http://www.edaily.co.kr/news/newspath.asp?newsid=02640406625969984
280,[포토]한국 상륙한 포르쉐 최초 순수 전기 스포츠카 '타이칸 4S',http://www.edaily.co.kr/news/newspath.asp?newsid=02069686625969656
281,"포르쉐코리아, 최대 571마력 '타이칸 4S'로 포트폴리오 강화",http://www.newsprime.co.kr/news/article.html?no=525449
282,"[현장] ""어서 와, 타이칸은 처음이지?""…포르쉐 '타이칸아레나' 직접 가보니",http://www.enewstoday.co.kr/news/articleView.html?idxno=1431405
283,[시승기] 스트레스 풀어주는 고성능 전기차..포르쉐 타이칸 터보 S,http://www.dailycar.co.kr/content/news.html?type=view&autoId=41873
284,"김우리, 2억 원 포르쉐 타이칸 식사 중 인증…부러운 50대 인생",http://sports.chosun.com/news/ntype.htm?id=202201300100183010011373&servicedate=20220129
285,"피에히 EV 스포츠카, 포르쉐 타이칸 가격 넘었다 `2억5000만원`",http://www.gpkorea.com/news/articleView.html?idxno=80449
286,폴스타 “우리 상대는 포르쉐”..타이칸·카이엔 저격 전기차 승부!,http://www.dailycar.co.kr/content/news.html?type=view&autoId=42061
287,소리없이 강력한 스포츠카 '포르쉐 타이칸' 출시,http://www.newspim.com/news/view/20201126000270
288,"포르쉐코리아, 2021서울모빌리티쇼서 순수 전기차의 효율성에 1200ℓ의 넉넉한 공간을 더한 '타이칸 크로스 투리스모' 전시!",http://kr.aving.net/news/view.php?articleId=1660375&Branch_ID=kr&rssid=naver&mn_name=news
289,"라운지엑스, 포르쉐 타이칸 아레나에서 브랜드 하우스 개최",http://www.edaily.co.kr/news/newspath.asp?newsid=02640406625969984
290,"[현장] ""어서 와, 타이칸은 처음이지?""…포르쉐 '타이칸아레나' 직접 가보니",http://www.enewstoday.co.kr/news/articleView.html?idxno=1431405
291,"포르쉐코리아, 고성능 전기차 ‘타이칸 4S’ 국내 출시",https://zdnet.co.kr/view/?no=20201126144124
292,전기차도 포르쉐다첫… 순수 전기차 '타이칸' 국내 강타할까?,http://www.seoulwire.com/news/articleView.html?idxno=430614
293,[시승기] 스트레스 풀어주는 고성능 전기차..포르쉐 타이칸 터보 S,http://www.dailycar.co.kr/content/news.html?type=view&autoId=41873
294,"김우리, 2억 원 포르쉐 타이칸 식사 중 인증…부러운 50대 인생",http://sports.chosun.com/news/ntype.htm?id=202201300100183010011373&servicedate=20220129
295,"피에히 EV 스포츠카, 포르쉐 타이칸 가격 넘었다 `2억5000만원`",http://www.gpkorea.com/news/articleView.html?idxno=80449
296,폴스타 “우리 상대는 포르쉐”..타이칸·카이엔 저격 전기차 승부!,http://www.dailycar.co.kr/content/news.html?type=view&autoId=42061
297,포르쉐 순수 전기 스포츠카 '포르쉐 타이칸' 출시,http://www.newspim.com/news/view/20201126000266
298,"포르쉐코리아, 2021서울모빌리티쇼서 순수 전기차의 효율성에 1200ℓ의 넉넉한 공간을 더한 '타이칸 크로스 투리스모' 전시!",http://kr.aving.net/news/view.php?articleId=1660375&Branch_ID=kr&rssid=naver&mn_name=news
299,"라운지엑스, 포르쉐 타이칸 아레나에서 브랜드 하우스 개최",http://www.edaily.co.kr/news/newspath.asp?newsid=02640406625969984
300,순수 전기 스포츠카 ‘포르쉐 타이칸 4S’ 국내 상륙,http://www.thedrive.co.kr/news/newsview.php?ncode=1065593203187025
301,전기차도 포르쉐다첫… 순수 전기차 '타이칸' 국내 강타할까?,http://www.seoulwire.com/news/articleView.html?idxno=430614
302,"[포토] 포르쉐, 자사 최초 전기 스포츠카 '타이칸 4S' 출시",http://www.seoulwire.com/news/articleView.html?idxno=430550
303,[시승기] 스트레스 풀어주는 고성능 전기차..포르쉐 타이칸 터보 S,http://www.dailycar.co.kr/content/news.html?type=view&autoId=41873
304,"김우리, 2억 원 포르쉐 타이칸 식사 중 인증…부러운 50대 인생",http://sports.chosun.com/news/ntype.htm?id=202201300100183010011373&servicedate=20220129
305,"피에히 EV 스포츠카, 포르쉐 타이칸 가격 넘었다 `2억5000만원`",http://www.gpkorea.com/news/articleView.html?idxno=80449
306,폴스타 “우리 상대는 포르쉐”..타이칸·카이엔 저격 전기차 승부!,http://www.dailycar.co.kr/content/news.html?type=view&autoId=42061
307,포르쉐 순수 전기 스포츠카 '포르쉐 타이칸' 출시,http://www.newspim.com/news/view/20201126000266
308,"포르쉐코리아, 2021서울모빌리티쇼서 순수 전기차의 효율성에 1200ℓ의 넉넉한 공간을 더한 '타이칸 크로스 투리스모' 전시!",http://kr.aving.net/news/view.php?articleId=1660375&Branch_ID=kr&rssid=naver&mn_name=news
309,"라운지엑스, 포르쉐 타이칸 아레나에서 브랜드 하우스 개최",http://www.edaily.co.kr/news/newspath.asp?newsid=02640406625969984
310,포르쉐 최초 순수전기차 '타이칸' 국내 출시…1억4천560만원,http://www.inews24.com/view/1321183
311,전기차도 포르쉐다첫… 순수 전기차 '타이칸' 국내 강타할까?,http://www.seoulwire.com/news/articleView.html?idxno=430614
312,"[포토] 포르쉐, 자사 최초 전기 스포츠카 '타이칸 4S' 출시",http://www.seoulwire.com/news/articleView.html?idxno=430550
313,[시승기] 스트레스 풀어주는 고성능 전기차..포르쉐 타이칸 터보 S,http://www.dailycar.co.kr/content/news.html?type=view&autoId=41873
314,"김우리, 2억 원 포르쉐 타이칸 식사 중 인증…부러운 50대 인생",http://sports.chosun.com/news/ntype.htm?id=202201300100183010011373&servicedate=20220129
315,"피에히 EV 스포츠카, 포르쉐 타이칸 가격 넘었다 `2억5000만원`",http://www.gpkorea.com/news/articleView.html?idxno=80449
316,폴스타 “우리 상대는 포르쉐”..타이칸·카이엔 저격 전기차 승부!,http://www.dailycar.co.kr/content/news.html?type=view&autoId=42061
317,소리없이 강력한 스포츠카 '포르쉐 타이칸' 출시,http://www.newspim.com/news/view/20201126000270
318,"포르쉐코리아, 2021서울모빌리티쇼서 순수 전기차의 효율성에 1200ℓ의 넉넉한 공간을 더한 '타이칸 크로스 투리스모' 전시!",http://kr.aving.net/news/view.php?articleId=1660375&Branch_ID=kr&rssid=naver&mn_name=news
319,"라운지엑스, 포르쉐 타이칸 아레나에서 브랜드 하우스 개최",http://www.edaily.co.kr/news/newspath.asp?newsid=02640406625969984
320,폴스타 “우리 상대는 포르쉐”..타이칸·카이엔 저격 전기차 승부!,http://www.dailycar.co.kr/content/news.html?type=view&autoId=42061
321,"[포토] 포르쉐, 최초 전기차 '타이칸 4S' 출시",http://www.ajunews.com/view/20201126114749138
322,포르쉐 순수 전기 스포츠카 '포르쉐 타이칸' 출시,http://www.newspim.com/news/view/20201126000266
323,"포르쉐코리아, 2021서울모빌리티쇼서 순수 전기차의 효율성에 1200ℓ의 넉넉한 공간을 더한 '타이칸 크로스 투리스모' 전시!",http://kr.aving.net/news/view.php?articleId=1660375&Branch_ID=kr&rssid=naver&mn_name=news
324,"라운지엑스, 포르쉐 타이칸 아레나에서 브랜드 하우스 개최",http://www.edaily.co.kr/news/newspath.asp?newsid=02640406625969984
325,"[포토] 포르쉐, 브랜드 최초 전기차 타이칸 4S",http://www.dt.co.kr/contents.html?article_no=2020112602109919035004&ref=naver
326,"신한금융투자, 공모주 청약하면 포르쉐 타이칸 전기차 경품 제공",https://www.businesspost.co.kr/BP?command=article_view&num=265281
327,"[LA 오토쇼] 포르쉐, 타이칸 GTS 및 타이칸 GTS 스포츠 투리스모 공개",https://hankookilbo.com/News/Read/A2021111816570004126?did=NA
328,"포르쉐, LA 오토쇼에서 타이칸 GTS 세계 최초 공개",https://www.motortrendkorea.com/sub/view.html?no=6134&cate1Name=NEWCAR
329,"포르쉐, 718 카이맨 GT4 RS·타이칸 GTS 등 LA오토쇼서 신차 5종 공개",http://www.gpkorea.com/news/articleView.html?idxno=80037
330,"포르쉐코리아, 자사 최초 스포츠카 '포르쉐 타이칸' 국내 공식 출시",http://www.newspim.com/news/view/20201126000273
331,"포르쉐코리아, 2021서울모빌리티쇼서 순수 전기차의 효율성에 1200ℓ의 넉넉한 공간을 더한 '타이칸 크로스 투리스모' 전시!",http://kr.aving.net/news/view.php?articleId=1660375&Branch_ID=kr&rssid=naver&mn_name=news
332,"라운지엑스, 포르쉐 타이칸 아레나에서 브랜드 하우스 개최",http://www.edaily.co.kr/news/newspath.asp?newsid=02640406625969984
333,"[포토] 포르쉐, 브랜드 최초 전기차 타이칸 4S",http://www.dt.co.kr/contents.html?article_no=2020112602109919035004&ref=naver
334,"신한금융투자, 공모주 청약하면 포르쉐 타이칸 전기차 경품 제공",https://www.businesspost.co.kr/BP?command=article_view&num=265281
335,"[LA 오토쇼] 포르쉐, 타이칸 GTS 및 타이칸 GTS 스포츠 투리스모 공개",https://hankookilbo.com/News/Read/A2021111816570004126?did=NA
336,"포르쉐, LA 오토쇼에서 타이칸 GTS 세계 최초 공개",https://www.motortrendkorea.com/sub/view.html?no=6134&cate1Name=NEWCAR
337,"포르쉐, 718 카이맨 GT4 RS·타이칸 GTS 등 LA오토쇼서 신차 5종 공개",http://www.gpkorea.com/news/articleView.html?idxno=80037
338,포르쉐 타이칸 인도 임박…테슬라 모델S 수요까지 흡수,http://www.mediapen.com/news/view/562538
339,"[포토]포르쉐코리아, 포르쉐 타이칸 국내 공식 출시",https://www.asiatoday.co.kr/view.php?key=20201126010017057
340,[머니S포토] 순수 전기 스포츠카 '포르쉐 타이칸'을 만나다,http://moneys.mt.co.kr/news/mwView.php?no=2020112612388069493
341,"[포토] 포르쉐, 브랜드 최초 전기차 타이칸 4S",http://www.dt.co.kr/contents.html?article_no=2020112602109919035004&ref=naver
342,"신한금융투자, 공모주 청약하면 포르쉐 타이칸 전기차 경품 제공",https://www.businesspost.co.kr/BP?command=article_view&num=265281
343,"[LA 오토쇼] 포르쉐, 타이칸 GTS 및 타이칸 GTS 스포츠 투리스모 공개",https://hankookilbo.com/News/Read/A2021111816570004126?did=NA
344,"포르쉐, LA 오토쇼에서 타이칸 GTS 세계 최초 공개",https://www.motortrendkorea.com/sub/view.html?no=6134&cate1Name=NEWCAR
345,"포르쉐, 718 카이맨 GT4 RS·타이칸 GTS 등 LA오토쇼서 신차 5종 공개",http://www.gpkorea.com/news/articleView.html?idxno=80037
346,포르쉐 타이칸 인도 임박…테슬라 모델S 수요까지 흡수,http://www.mediapen.com/news/view/562538
347,"[포토]포르쉐코리아, 포르쉐 타이칸 국내 공식 출시",https://www.asiatoday.co.kr/view.php?key=20201126010017057
348,"[시승]지치지 않는 체력의, 포르쉐 타이칸 터보 S",http://autotimes.hankyung.com/apps/news.sub_view?popup=0&nid=06&c1=06&c2=06&c3=00&nkey=202009071824441
349,[시승기] 포르쉐 911의 전기차 버전 ‘타이칸’…야누스의 두얼굴,https://www.ebn.co.kr/news/view/1449598/?sc=Naver
350,[머니S포토] 전기차로 만나본 고성능 스포츠카 '포르쉐 타이칸',http://moneys.mt.co.kr/news/mwView.php?no=2020112612478094938
351,"신한금융투자, 공모주 청약하면 포르쉐 타이칸 전기차 경품 제공",https://www.businesspost.co.kr/BP?command=article_view&num=265281
352,"[LA 오토쇼] 포르쉐, 타이칸 GTS 및 타이칸 GTS 스포츠 투리스모 공개",https://hankookilbo.com/News/Read/A2021111816570004126?did=NA
353,"포르쉐, LA 오토쇼에서 타이칸 GTS 세계 최초 공개",https://www.motortrendkorea.com/sub/view.html?no=6134&cate1Name=NEWCAR
354,"포르쉐, 718 카이맨 GT4 RS·타이칸 GTS 등 LA오토쇼서 신차 5종 공개",http://www.gpkorea.com/news/articleView.html?idxno=80037
355,포르쉐 타이칸 인도 임박…테슬라 모델S 수요까지 흡수,http://www.mediapen.com/news/view/562538
356,"[포토]포르쉐코리아, 포르쉐 타이칸 국내 공식 출시",https://www.asiatoday.co.kr/view.php?key=20201126010017057
357,"[시승]지치지 않는 체력의, 포르쉐 타이칸 터보 S",http://autotimes.hankyung.com/apps/news.sub_view?popup=0&nid=06&c1=06&c2=06&c3=00&nkey=202009071824441
358,[시승기] 포르쉐 911의 전기차 버전 ‘타이칸’…야누스의 두얼굴,https://www.ebn.co.kr/news/view/1449598/?sc=Naver
359,'타이칸보다 낫다'…설득력 높은 전기차 '타이칸 크로스 투리스모',https://zdnet.co.kr/view/?no=20220321053729
360,"포르쉐, LA오토쇼에서 타이칸 GTS 세계최초 공개",http://moneys.mt.co.kr/news/mwView.php?no=2021111718538010558
361,"포르쉐, LA 오토쇼에서 타이칸 GTS 세계 최초 공개",https://www.motortrendkorea.com/sub/view.html?no=6134&cate1Name=NEWCAR
362,"포르쉐, 718 카이맨 GT4 RS·타이칸 GTS 등 LA오토쇼서 신차 5종 공개",http://www.gpkorea.com/news/articleView.html?idxno=80037
363,포르쉐 타이칸 인도 임박…테슬라 모델S 수요까지 흡수,http://www.mediapen.com/news/view/562538
364,'포르쉐 타이칸의 퍼포먼스를 느껴보세요',https://www.news1.kr/photos/view/?4499096
365,"[포토]포르쉐코리아, 포르쉐 타이칸 국내 공식 출시",https://www.asiatoday.co.kr/view.php?key=20201126010017057
366,"[시승]지치지 않는 체력의, 포르쉐 타이칸 터보 S",http://autotimes.hankyung.com/apps/news.sub_view?popup=0&nid=06&c1=06&c2=06&c3=00&nkey=202009071824441
367,[시승기] 포르쉐 911의 전기차 버전 ‘타이칸’…야누스의 두얼굴,https://www.ebn.co.kr/news/view/1449598/?sc=Naver
368,'타이칸보다 낫다'…설득력 높은 전기차 '타이칸 크로스 투리스모',https://zdnet.co.kr/view/?no=20220321053729
369,[시승기] 포르쉐 전기차 타이칸으로 전자 스포츠 사운드 켜볼까,https://zdnet.co.kr/view/?no=20200903132749
370,최대 571마력...포르쉐 최초 전기 스포츠카 타이칸,https://www.news1.kr/photos/view/?4499124
371,"[포토]포르쉐코리아, 포르쉐 타이칸 국내 공식 출시",https://www.asiatoday.co.kr/view.php?key=20201126010017057
372,"[시승]지치지 않는 체력의, 포르쉐 타이칸 터보 S",http://autotimes.hankyung.com/apps/news.sub_view?popup=0&nid=06&c1=06&c2=06&c3=00&nkey=202009071824441
373,[시승기] 포르쉐 911의 전기차 버전 ‘타이칸’…야누스의 두얼굴,https://www.ebn.co.kr/news/view/1449598/?sc=Naver
374,'타이칸보다 낫다'…설득력 높은 전기차 '타이칸 크로스 투리스모',https://zdnet.co.kr/view/?no=20220321053729
375,[시승기] 포르쉐 전기차 타이칸으로 전자 스포츠 사운드 켜볼까,https://zdnet.co.kr/view/?no=20200903132749
376,"[이주의 차] 제로백 4초…포르쉐, 첫 순수 전기차 '타이칸 4S' 국내 출시",http://isplus.live.joins.com/news/article/article.asp?total_id=23933070
377,"이익률 높은 포르쉐, 순수전기 스포츠카 '타이칸' 덕분!",http://www.gpkorea.com/news/articleView.html?idxno=79468
378,"[시경Today-호텔] 웨스틴 조선, '타이칸' 전시... 글래드호텔-끌레도르 콜라보 外",http://www.meconomynews.com/news/articleView.html?idxno=56340
379,아우디 E트론 주행거리는?...포르쉐 타이칸보다 길어,http://www.pinpointnews.co.kr/view.php?ud=2021110812230183439cdfed7945_45
380,[포토]'타이칸' 앞에선 홀가 게어만 포르쉐코리아 대표,https://www.asiatoday.co.kr/view.php?key=20201126010017069
381,"[시승]지치지 않는 체력의, 포르쉐 타이칸 터보 S",http://autotimes.hankyung.com/apps/news.sub_view?popup=0&nid=06&c1=06&c2=06&c3=00&nkey=202009071824441
382,[시승기] 포르쉐 911의 전기차 버전 ‘타이칸’…야누스의 두얼굴,https://www.ebn.co.kr/news/view/1449598/?sc=Naver
383,'타이칸보다 낫다'…설득력 높은 전기차 '타이칸 크로스 투리스모',https://zdnet.co.kr/view/?no=20220321053729
384,[시승기] 포르쉐 전기차 타이칸으로 전자 스포츠 사운드 켜볼까,https://zdnet.co.kr/view/?no=20200903132749
385,"[이주의 차] 제로백 4초…포르쉐, 첫 순수 전기차 '타이칸 4S' 국내 출시",http://isplus.live.joins.com/news/article/article.asp?total_id=23933070
386,"이익률 높은 포르쉐, 순수전기 스포츠카 '타이칸' 덕분!",http://www.gpkorea.com/news/articleView.html?idxno=79468
387,"[시경Today-호텔] 웨스틴 조선, '타이칸' 전시... 글래드호텔-끌레도르 콜라보 外",http://www.meconomynews.com/news/articleView.html?idxno=56340
388,"포르쉐, 최초 순수 전기 스포츠카 타이칸 국내 공식 출시",https://www.news1.kr/photos/view/?4499099
389,아우디 E트론 주행거리는?...포르쉐 타이칸보다 길어,http://www.pinpointnews.co.kr/view.php?ud=2021110812230183439cdfed7945_45
390,"포르쉐코리아, '포르쉐 타이칸' 국내 공식 출시",http://yna.kr/PYH20201126103700013?did=1196m
391,"[시경Today-호텔] 웨스틴 조선, '타이칸' 전시... 글래드호텔-끌레도르 콜라보 外",http://www.meconomynews.com/news/articleView.html?idxno=56340
392,"포르쉐, 최초 순수 전기 스포츠카 타이칸 국내 공식 출시",https://www.news1.kr/photos/view/?4499099
393,아우디 E트론 주행거리는?...포르쉐 타이칸보다 길어,http://www.pinpointnews.co.kr/view.php?ud=2021110812230183439cdfed7945_45
394,"포르쉐 AG, 3Q 영업익 36억유로 '78.4%↑'···타이칸 판매 호조",http://www.seoulfn.com/news/articleView.html?idxno=436332
395,글로벌 19번째 '포르쉐 스튜디오'…경기도 분당에 열었다,http://www.mediapen.com/news/view/714587
396,"한국타이어, 포르쉐 스포츠카 '타이칸'에 타이어 공급",http://www.dailysportshankook.co.kr/news/articleView.html?idxno=226320
397,"한국타이어, 포르쉐 전기 스포츠카 ‘타이칸’에 타이어 공급",http://www.rpm9.com/news/article.html?id=20200714090001
398,"한국타이어, 포르쉐 최초 고성능 전기 스포츠카 '타이칸'에 신차용 타이어 공급",http://www.gukjenews.com/news/articleView.html?idxno=2033737
399,911 판매량 추월한 타이칸..포르쉐도 이젠 전기차가 대세(?),http://www.dailycar.co.kr/content/news.html?type=view&autoId=41280
400,"한국타이어, 포르쉐 스포츠카 '타이칸'에 타이어 공급",http://www.dailysportshankook.co.kr/news/articleView.html?idxno=226320
401,"한국타이어, 포르쉐 전기 스포츠카 ‘타이칸’에 타이어 공급",http://www.rpm9.com/news/article.html?id=20200714090001
402,"한국타이어, 포르쉐 최초 고성능 전기 스포츠카 '타이칸'에 신차용 타이어 공급",http://www.gukjenews.com/news/articleView.html?idxno=2033737
403,911 판매량 추월한 타이칸..포르쉐도 이젠 전기차가 대세(?),http://www.dailycar.co.kr/content/news.html?type=view&autoId=41280
404,"포르쉐, 타이칸 크로스 투리스모·신형 911 GT3 출시",http://www.rpm9.com/news/article.html?id=20211016090002
405,미리 만나본 포르쉐 ‘극과 극’ 신차 2종… “타이칸 왜건 보러 갔다가 911 GT3에 반했다”,https://www.donga.com/news/article/all/20211015/109731614/2
406,"포르쉐코리아, '타이칸 크로스 투리스모', '신형 911 GT3' 공식 출시",http://kr.aving.net/news/view.php?articleId=1644333&Branch_ID=kr&rssid=naver&mn_name=news
407,"포르쉐 타이칸 크로스 투리스모, 스포티한 신형 911 GT3 국내 출시",http://www.sportsseoul.com/news/read/1068207?ref=naver
408,"포르쉐, 하반기 국내서 ‘타이칸 4S’ 전기차 출시",https://www.zdnet.co.kr/view/?no=20200617095223
409,"SK 배터리 장착될 프리미엄 세단 폴스타 5, 포르쉐 타이칸 잡는다.",http://www.autodaily.co.kr/news/articleView.html?idxno=430989
410,"한국타이어, 포르쉐 전기 스포츠카 '타이칸'에 신차용 타이어 공급",http://www.newsprime.co.kr/news/article.html?no=510496
411,911 판매량 추월한 타이칸..포르쉐도 이젠 전기차가 대세(?),http://www.dailycar.co.kr/content/news.html?type=view&autoId=41280
412,"포르쉐, 타이칸 크로스 투리스모·신형 911 GT3 출시",http://www.rpm9.com/news/article.html?id=20211016090002
413,미리 만나본 포르쉐 ‘극과 극’ 신차 2종… “타이칸 왜건 보러 갔다가 911 GT3에 반했다”,https://www.donga.com/news/article/all/20211015/109731614/2
414,"포르쉐코리아, '타이칸 크로스 투리스모', '신형 911 GT3' 공식 출시",http://kr.aving.net/news/view.php?articleId=1644333&Branch_ID=kr&rssid=naver&mn_name=news
415,"포르쉐 타이칸 크로스 투리스모, 스포티한 신형 911 GT3 국내 출시",http://www.sportsseoul.com/news/read/1068207?ref=naver
416,"포르쉐, 하반기 국내서 ‘타이칸 4S’ 전기차 출시",https://www.zdnet.co.kr/view/?no=20200617095223
417,"SK 배터리 장착될 프리미엄 세단 폴스타 5, 포르쉐 타이칸 잡는다.",http://www.autodaily.co.kr/news/articleView.html?idxno=430989
418,"포르쉐 전기차 '타이칸', 올해의 혁신차 선정",http://mbnmoney.mbn.co.kr/news/view?news_no=MM1004042457
419,"북미시장서 리콜 돌입한 포르쉐 타이칸, 국내선 리콜 없다..왜?",http://www.dailycar.co.kr/content/news.html?type=view&autoId=41314
420,"한국타이어, 포르쉐 첫 EV '타이칸' 타이어 공급",https://www.nocutnews.co.kr/news/5375329
421,911 판매량 추월한 타이칸..포르쉐도 이젠 전기차가 대세(?),http://www.dailycar.co.kr/content/news.html?type=view&autoId=41280
422,"포르쉐, 타이칸 크로스 투리스모·신형 911 GT3 출시",http://www.rpm9.com/news/article.html?id=20211016090002
423,미리 만나본 포르쉐 ‘극과 극’ 신차 2종… “타이칸 왜건 보러 갔다가 911 GT3에 반했다”,https://www.donga.com/news/article/all/20211015/109731614/2
424,"포르쉐코리아, '타이칸 크로스 투리스모', '신형 911 GT3' 공식 출시",http://kr.aving.net/news/view.php?articleId=1644333&Branch_ID=kr&rssid=naver&mn_name=news
425,"포르쉐 타이칸 크로스 투리스모, 스포티한 신형 911 GT3 국내 출시",http://www.sportsseoul.com/news/read/1068207?ref=naver
426,"포르쉐, 하반기 국내서 ‘타이칸 4S’ 전기차 출시",https://www.zdnet.co.kr/view/?no=20200617095223
427,"SK 배터리 장착될 프리미엄 세단 폴스타 5, 포르쉐 타이칸 잡는다.",http://www.autodaily.co.kr/news/articleView.html?idxno=430989
428,"포르쉐 전기차 '타이칸', 올해의 혁신차 선정",http://mbnmoney.mbn.co.kr/news/view?news_no=MM1004042457
429,"북미시장서 리콜 돌입한 포르쉐 타이칸, 국내선 리콜 없다..왜?",http://www.dailycar.co.kr/content/news.html?type=view&autoId=41314
430,"[현장] 질주본능 포르쉐, 전기를 만난다면…타이칸 크로스 투리스모 최초공개",http://www.enewstoday.co.kr/news/articleView.html?idxno=1518633
431,"포르쉐 타이칸 크로스 투리스모, 스포티한 신형 911 GT3 국내 출시",http://www.sportsseoul.com/news/read/1068207?ref=naver
432,"포르쉐, 하반기 국내서 ‘타이칸 4S’ 전기차 출시",https://www.zdnet.co.kr/view/?no=20200617095223
433,"한국타이어, 포르쉐 전기 스포츠카 '타이칸'에 신차용 타이어 공급",http://sports.hankooki.com/lpage/economy/202007/sp20200709095558136980.htm?s_ref=nv
434,"SK 배터리 장착될 프리미엄 세단 폴스타 5, 포르쉐 타이칸 잡는다.",http://www.autodaily.co.kr/news/articleView.html?idxno=430989
435,"포르쉐 전기차 '타이칸', 올해의 혁신차 선정",http://mbnmoney.mbn.co.kr/news/view?news_no=MM1004042457
436,"북미시장서 리콜 돌입한 포르쉐 타이칸, 국내선 리콜 없다..왜?",http://www.dailycar.co.kr/content/news.html?type=view&autoId=41314
437,"“너무 예민해서 문제!” 포르쉐 타이칸, 비상 제동 시스템 리콜..한국은?",http://www.dailycar.co.kr/content/news.html?type=view&autoId=41302
438,"[TV 데일리카] 포르쉐 타이칸 터보 S, 배터리 30%에서 80%까지 23분만에 충전",http://www.dailycar.co.kr/content/news.html?type=view&autoId=41878
439,"포르쉐, 올해 1분기 총 6만8426대 인도… ""어려운 상황에서도 견고한 실적 달성""",http://digitalchosun.dizzo.com/site/data/html_dir/2022/04/15/2022041580149.html
440,"포르쉐코리아, 타이칸 크로스 투리스모와 신형 911 GT3 국내 출시",http://www.busan.com/view/busan/view.php?code=2021101411550958241
441,"[포토] 포르쉐 코리아, 타이칸 크로스투리스모- 911GT3 출시",http://www.seoulwire.com/news/articleView.html?idxno=453062
442,"포르쉐, 하반기 국내서 ‘타이칸 4S’ 전기차 출시",https://www.zdnet.co.kr/view/?no=20200617095223
443,"한국타이어, 포르쉐 전기 스포츠카 '타이칸'에 신차용 타이어 공급",http://sports.hankooki.com/lpage/economy/202007/sp20200709095558136980.htm?s_ref=nv
444,"SK 배터리 장착될 프리미엄 세단 폴스타 5, 포르쉐 타이칸 잡는다.",http://www.autodaily.co.kr/news/articleView.html?idxno=430989
445,"포르쉐 전기차 '타이칸', 올해의 혁신차 선정",http://mbnmoney.mbn.co.kr/news/view?news_no=MM1004042457
446,"북미시장서 리콜 돌입한 포르쉐 타이칸, 국내선 리콜 없다..왜?",http://www.dailycar.co.kr/content/news.html?type=view&autoId=41314
447,"“너무 예민해서 문제!” 포르쉐 타이칸, 비상 제동 시스템 리콜..한국은?",http://www.dailycar.co.kr/content/news.html?type=view&autoId=41302
448,"[TV 데일리카] 포르쉐 타이칸 터보 S, 배터리 30%에서 80%까지 23분만에 충전",http://www.dailycar.co.kr/content/news.html?type=view&autoId=41878
449,"포르쉐, 올해 1분기 총 6만8426대 인도… ""어려운 상황에서도 견고한 실적 달성""",http://digitalchosun.dizzo.com/site/data/html_dir/2022/04/15/2022041580149.html
450,"""제로백 3.3초, 최강 아빠 전기차"" 포르쉐, 타이칸 크로스투리스모 국내 출격!",http://www.gpkorea.com/news/articleView.html?idxno=78859
451,"[포토] 포르쉐 코리아, 타이칸 크로스투리스모- 911GT3 출시",http://www.seoulwire.com/news/articleView.html?idxno=453062
452,"포르쉐, 하반기 국내서 ‘타이칸 4S’ 전기차 출시",https://www.zdnet.co.kr/view/?no=20200617095223
453,"한국타이어, 포르쉐 전기 스포츠카 '타이칸'에 신차용 타이어 공급",http://sports.hankooki.com/lpage/economy/202007/sp20200709095558136980.htm?s_ref=nv
454,"SK 배터리 장착될 프리미엄 세단 폴스타 5, 포르쉐 타이칸 잡는다.",http://www.autodaily.co.kr/news/articleView.html?idxno=430989
455,"포르쉐 전기차 '타이칸', 올해의 혁신차 선정",http://mbnmoney.mbn.co.kr/news/view?news_no=MM1004042457
456,"북미시장서 리콜 돌입한 포르쉐 타이칸, 국내선 리콜 없다..왜?",http://www.dailycar.co.kr/content/news.html?type=view&autoId=41314
457,"“너무 예민해서 문제!” 포르쉐 타이칸, 비상 제동 시스템 리콜..한국은?",http://www.dailycar.co.kr/content/news.html?type=view&autoId=41302
458,"[TV 데일리카] 포르쉐 타이칸 터보 S, 배터리 30%에서 80%까지 23분만에 충전",http://www.dailycar.co.kr/content/news.html?type=view&autoId=41878
459,"포르쉐, 올해 1분기 총 6만8426대 인도… ""어려운 상황에서도 견고한 실적 달성""",http://digitalchosun.dizzo.com/site/data/html_dir/2022/04/15/2022041580149.html
460,"포르쉐, 하반기 국내서 ‘타이칸 4S’ 전기차 출시",https://www.zdnet.co.kr/view/?no=20200617095223
461,"한국타이어, 포르쉐 전기 스포츠카 '타이칸'에 신차용 타이어 공급",http://sports.hankooki.com/lpage/economy/202007/sp20200709095558136980.htm?s_ref=nv
462,"SK 배터리 장착될 프리미엄 세단 폴스타 5, 포르쉐 타이칸 잡는다.",http://www.autodaily.co.kr/news/articleView.html?idxno=430989
463,"포르쉐 전기차 '타이칸', 올해의 혁신차 선정",http://mbnmoney.mbn.co.kr/news/view?news_no=MM1004042457
464,"북미시장서 리콜 돌입한 포르쉐 타이칸, 국내선 리콜 없다..왜?",http://www.dailycar.co.kr/content/news.html?type=view&autoId=41314
465,"“너무 예민해서 문제!” 포르쉐 타이칸, 비상 제동 시스템 리콜..한국은?",http://www.dailycar.co.kr/content/news.html?type=view&autoId=41302
466,"[TV 데일리카] 포르쉐 타이칸 터보 S, 배터리 30%에서 80%까지 23분만에 충전",http://www.dailycar.co.kr/content/news.html?type=view&autoId=41878
467,"포르쉐, 올해 1분기 총 6만8426대 인도… ""어려운 상황에서도 견고한 실적 달성""",http://digitalchosun.dizzo.com/site/data/html_dir/2022/04/15/2022041580149.html
468,"[포토] 포르쉐코리아, 전기차 '타이칸 크로스 투리스모' 출시",http://biz.newdaily.co.kr/site/data/html/2021/10/14/2021101400029.html
469,"[영상]100토크 실화? 전기차 과몰입, 포르쉐 타이칸 터보 S",http://autotimes.hankyung.com/apps/news.sub_view?popup=0&nid=12&c1=12&c2=12&c3=00&nkey=202110201713381
470,"[포토] 포르쉐코리아, 전기차 '타이칸 크로스 투리스모' 출시",http://biz.newdaily.co.kr/site/data/html/2021/10/14/2021101400029.html
471,"한국타이어, 포르쉐 전기 스포츠카 ‘타이칸’에 신차용 타이어 공급",http://www.sporbiz.co.kr/news/articleView.html?idxno=453346
472,"[영상]100토크 실화? 전기차 과몰입, 포르쉐 타이칸 터보 S",http://autotimes.hankyung.com/apps/news.sub_view?popup=0&nid=12&c1=12&c2=12&c3=00&nkey=202110201713381
473,“새로운 포르쉐 경험하고 싶으면 분당으로 오세요”,http://moneys.mt.co.kr/news/mwView.php?no=2022040617268067701
474,[이주의 차] BMW 'X7 M50i 프로즌 블랙'·포르쉐 '타이칸 크로스 투리스모',http://isplus.live.joins.com/news/article/article.asp?total_id=24156959
475,포르쉐 ‘타이칸 크로스 투리스모’ 완충시 287km 달린다… 가격 1.4억~2억,http://moneys.mt.co.kr/news/mwView.php?no=2021101417428097077
476,"포르쉐, 전기차 투자 위해 기업공개 나섰다",http://www.g-enews.com/ko-kr/news/article/news_all/20220404143110699214fb262fcb_1/article.html
477,독일 포르쉐아우디폭스바겐 전기차 매료시킨 '한국타이어',http://www.mediapen.com/news/view/712384
478,[자유로 연비] 제원 이상의 가치를 품은 ‘포르쉐 타이칸 터보 S’의 자유로 연비는?,https://hankookilbo.com/News/Read/A2021091811400001816?did=NA
479,포르쉐 타이칸 4 크로스 투리스모,http://www.newsis.com/view/?id=NISI20211126_0018194917
480,"포르쉐코리아, '포르쉐 스튜디오 분당' 개소",http://autotimes.hankyung.com/apps/news.sub_view?popup=0&nid=03&c1=03&c2=03&c3=00&nkey=202204060958071
481,포르쉐 ‘타이칸 크로스 투리스모’ 완충시 287km 달린다… 가격 1.4억~2억,http://moneys.mt.co.kr/news/mwView.php?no=2021101417428097077
482,포르쉐 '타이칸 크로스 투리스모' 구석구석 살펴봤습니다,http://www.mediapen.com/news/view/670617
483,"포르쉐, 전기차 투자 위해 기업공개 나섰다",http://www.g-enews.com/ko-kr/news/article/news_all/20220404143110699214fb262fcb_1/article.html
484,"한국타이어, 포르쉐 전기 스포츠카 ‘타이칸’에 신차용 타이어 공급",http://www.electimes.com/article.php?aid=1594259238201564094
485,독일 포르쉐아우디폭스바겐 전기차 매료시킨 '한국타이어',http://www.mediapen.com/news/view/712384
486,[자유로 연비] 제원 이상의 가치를 품은 ‘포르쉐 타이칸 터보 S’의 자유로 연비는?,https://hankookilbo.com/News/Read/A2021091811400001816?did=NA
487,포르쉐 타이칸 4 크로스 투리스모,http://www.newsis.com/view/?id=NISI20211126_0018194917
488,"포르쉐 전기차 ‘타이칸’, 한국타이어 신는다",http://moneys.mt.co.kr/news/mwView.php?no=2020070913018088941
489,[포토] 포르쉐 타이칸 적용 카카오모빌리티 맵핑 시스템 '아르고스',https://www.ebn.co.kr/news/view/1519171/?sc=Naver
490,포르쉐 타이칸 4 크로스 투리스모,http://www.newsis.com/view/?id=NISI20211126_0018194917
491,"포르쉐코리아, 분당에 '포르쉐 스튜디오' 문 열어…전세계 19번째",https://www.news1.kr/articles/?4639657
492,"한국타이어, 포르쉐 타이칸에 OE 타이어 공급",http://autotimes.hankyung.com/apps/news.sub_view?popup=0&nid=05&c1=05&c2=05&c3=00&nkey=202007091125361
493,"포르쉐 전기차 ‘타이칸’, 한국타이어 신는다",http://moneys.mt.co.kr/news/mwView.php?no=2020070913018088941
494,[포토] 포르쉐 타이칸 적용 카카오모빌리티 맵핑 시스템 '아르고스',https://www.ebn.co.kr/news/view/1519171/?sc=Naver
495,"포르쉐코리아 올해 판매 1만 대 바라봐, 타이칸 비롯 전기차 민 덕분",https://www.businesspost.co.kr/BP?command=article_view&num=249231
496,전기차로 재미본 포르쉐···2030년까지 판매 80% 전기차 구성 목표,http://www.sisajournal-e.com/news/articleView.html?idxno=261671
497,"빌 게이츠 ""테슬라 좋지만 포르쉐 타이칸 구입""…머스크 '발끈'",http://www.edaily.co.kr/news/newspath.asp?newsid=02669926625672160
498,"[영상]5분타임즈 너무 좋아서 킹받네, 포르쉐 타이칸 터보S(장단점, 사야하는이유)",http://autotimes.hankyung.com/apps/news.sub_view?popup=0&nid=12&c1=12&c2=12&c3=00&nkey=202110141701591
499,"1억원 넘는 전기차 포르쉐 타이칸, 누적 판매 1천대 돌파..“훨훨 날았다!”",http://www.dailycar.co.kr/content/news.html?type=view&autoId=40815
