,title,url
0,"르노코리아차, 4월 2만318대 판매…작년 대비 117.4%↑",https://www.yna.co.kr/view/AKR20220503138500003?input=1195m
1,"르노코리아, 5월 프로모션…QM6 30만원 혜택",http://www.newsis.com/view/?id=NISX20220501_0001854618&cID=13001&pID=13000
2,"'가정의 달' 르노코리아, 15인승 '르노 마스터' 최대 385만원 혜택",http://news.mk.co.kr/newsRead.php?no=386995&year=2022
3,"쌍용차·르노코리아·쉐보레·마세라티, '가정의 달' 구매혜택",http://www.seoulfn.com/news/articleView.html?idxno=454115
4,"르노차, 4월 2만318대 판매…'XM3' 월간 수출 최대",http://www.shinailbo.co.kr/news/articleView.html?idxno=1547367
5,'상승세' 쌍용차…르노코리아·한국GM '믿을 건 수출 뿐',http://www.newsprime.co.kr/news/article.html?no=566825
6,"현대·기아, 판매 감소 지속…르노·한국GM·쌍용은 상승세",http://www.rpm9.com/news/article.html?id=20220506090001
7,3월 르노코리아 수출 ‘훨훨’ 한국GM 내수 ‘울상’ 쌍용차 국내외 ‘맑음’,https://www.businesspost.co.kr/BP?command=article_view&num=279800
8,"르노코리아, 신차 부재 속 연구개발비 '반토막'…구조조정 여파에 지속가능성 '흔들'",http://www.sisaon.co.kr/news/articleView.html?idxno=138454
9,가정의 달 특수 노리는 국산차 5월 판매조건,http://autotimes.hankyung.com/apps/news.sub_view?popup=0&nid=03&c1=03&c2=03&c3=00&nkey=202205021647131
10,"르노삼성, 특장차 회사와 함께 ‘르노 마스터’ 공동 개발",http://www.rpm9.com/news/article.html?id=20211215090028
11,"르노삼성, 특장사들 불러 모은 이유…“캠핑카로 르노 마스터 좋아요!”",http://news.mk.co.kr/newsRead.php?no=1136870&year=2021
12,최대 100만원 할인… 신차구입 ‘5월의 찬스’,http://www.munhwa.com/news/view.html?no=2022050901031903324001
13,[집중분석] 유일무이 존재 '르노 마스터'가 바꾼 상용차 지형도,http://www.newsprime.co.kr/news/article.html?no=554516
14,“QM6와 르노 마스터의 오너가 될 좋은 기회”,http://www.segye.com/content/html/2021/10/01/20211001509528.html?OutUrl=naver
15,"GS마이샵, ‘르노 마스터 15인승 버스’ 12일 업계 최초 단독 방송",http://www.pinpointnews.co.kr/view.php?ud=2021091109581549302365609d9b_45
16,"GS마이샵, ‘르노 마스터 15인승 버스’ 업계 최초 단독 방송",https://www.fetv.co.kr/news/article.html?no=95854
17,"르노삼성차, GS홈쇼핑서 15인승 버스 '르노 마스터' 판매",http://www.newspim.com/news/view/20210910000134
18,"르노 '수소 콘셉트카', 내달 19일 월드 프리미어로 공개",https://www.theguru.co.kr/news/article.html?no=34234
19,[시승기] 커스텀하기 좋은 '르노 마스터'…자동 변속기 부재는 '단점',http://www.bizwnews.com/news/articleView.html?idxno=27032
20,"어린이 축구교실 '신태용 감독', 통원차량 '르노 마스터' 홍보대사로",http://news.mk.co.kr/newsRead.php?no=769440&year=2021
21,코란도 명성 잇는 'KR10'-캠핑카 '르노 마스터'–전기차 급속충전기 민간 이양 [모터그램],http://www.sisunnews.co.kr/news/articleView.html?idxno=144420
22,"르노 마스터 15인승 버스, 캠핑카로 인기",http://www.naeil.com/news_view/?id_art=393365
23,"[상용차 리그] 르노 마스터, 캠핑카로 쏠라티에 '맞짱'",https://www.econovill.com/news/articleView.html?idxno=531585
24,"르노 15인승 '마스터 버스', 캠핑카로 재탄생...고정형 침대·테이블 설치 가능",http://www.consumernews.co.kr/news/articleView.html?idxno=626136
25,"르노삼성, '르노 마스터' 캠핑카로 재탄생",https://www.asiatoday.co.kr/view.php?key=20210509010003757
26,"르노삼성, 2월 할인 혜택…마스터 15인승 최대 385만원 할인",https://www.nocutnews.co.kr/news/5699830
27,"루비 로즈X장 르노 '도어맨', 액션 마스터들의 맞대결 성사 ""3월 개봉 확정""",http://www.mydaily.co.kr/new_yk/html/read.php?newsid=202202091335307437&ext=na&utm_campaign=naver_news&utm_source=naver&utm_medium=related_news
28,"“6월 종료 개별소비세 혜택 놓치지 마세요”… 르노코리아자동차, 4월 특별 프로모션",http://www.sportsworldi.com/newsView/20220404503108
29,"르노코리아, 4월 특별 프로모션… ""인기 차종 6월내 출고""",http://www.meconomynews.com/news/articleView.html?idxno=64914
30,"르노코리아·쉐보레·쌍용차, ‘3사 3색’ 할인 프로모션",https://www.fetv.co.kr/news/article.html?no=112033
31,"""인기 차종 빠른 출고""…르노코리아, 4월 혜택 '다양",https://www.nocutnews.co.kr/news/5732895
32,"쌍용·르노코리아, 4월 봄맞이 특별 혜택. 최대 385만원 할인되는 車는?",http://www.autodaily.co.kr/news/articleView.html?idxno=432603
33,"""소상공인분들 힘내세요"" 르노 마스터 15인승 버스 응원나서",https://www.newsclaim.co.kr/news/articleView.html?idxno=3003212
34,"르노삼성, '마스터 15인승 소상공인 구매 지원' 등 1월 프로모션 실시",http://apnews.kr/View.aspx?No=2169798
35,3점식 안전띠 의무화 제안에 '르노 마스터' 재조명,http://autotimes.hankyung.com/apps/news.sub_view?popup=0&nid=03&c1=03&c2=03&c3=00&nkey=202102031646491
36,"르노 마스터 버스, 입소문 타고 솔솔",http://autotimes.hankyung.com/apps/news.sub_view?popup=0&nid=02&c1=02&c2=02&c3=00&nkey=202112282250291
37,"'도어맨' 3월 16일 개봉 확정…루비 로즈·빌런 장 르노, 액션 마스터의 만남",https://www.xportsnews.com/article/1538603
38,"르노코리아자동차, 고유가에 LPG 모델 앞세워 실적 견인",https://www.busaneconomy.com/news/articleView.html?idxno=277064
39,신태용 축구교실이 르노 마스터 선택한 이유,http://www.munhwa.com/news/view.html?no=20211224MW115152419744
40,"르노삼성, 15인승 ‘마스터’ 사면 카메라 등 옵션 제공",https://biz.chosun.com/industry/car/2021/12/23/O2V6W4F44ZD2POCB5O3S6ZFBW4/?utm_source=naver&utm_medium=original&utm_campaign=biz
41,"르노코리아, 3월 1만 409대 판매…XM3 힘입어 7개월 연속 1만대",http://www.edaily.co.kr/news/newspath.asp?newsid=02827366632291856
42,3월 차 판매 르노코리아 XM3 ‘훨훨’ 한국GM ‘먹구름’ 쌍용차 '선전',https://www.businesspost.co.kr/BP?command=article_view&num=276459
43,"3월 내수 쌍용차 뜨고, 르노코리아·쉐보레는 마이너스",http://www.newsprime.co.kr/news/article.html?no=564262
44,"코로나 19가 바꿔놓은 레저지도, 비대면 차박 인기 업! 차박 맛집 '르노 마스터' 매력 포인트 공개",http://kr.aving.net/news/view.php?articleId=1588881&Branch_ID=kr&rssid=naver&mn_name=news
45,르노 마스터 15인승 순항…통학차량 등으로 인기몰이,https://view.asiae.co.kr/article/2021121714344483237
46,[#오늘의 자동차] 기아 '탄소중립 협력'·르노삼성차 '마스터 컨벤션'·BMW '전기화 100만대'·볼보 '구리 전시장'·포드 '익스플로러 시승',http://www.newscj.com/news/articleView.html?idxno=931888
47,통학버스 최적 르노마스터… 안전·편의·가성비 다 잡았다,https://biz.newdaily.co.kr/site/data/html/2021/12/13/2021121300008.html
48,"""안전·편의 다 잡았다""…르노 마스터 버스, 어린이 통학버스로 '인기'",https://www.asiatoday.co.kr/view.php?key=20211213010007614
49,"르노삼성자동차 ""2021 르노 마스터 컨벤션 개최""",https://sports.hankooki.com/lpage/economy/202112/sp20211217120458136990.htm?s_ref=nv
50,"장 르노X루비 로즈 '도어맨', 극장+IPTV·VOD 서비스 동시 시작",http://www.slist.kr/news/articleView.html?idxno=342145
51,"'15인승 버스' 르노 마스터, 3점안전띠‧차선이탈 경보‧경사로 밀림방지 등 안전사양 갖춰",http://www.consumernews.co.kr/news/articleView.html?idxno=639058
52,"르노 그룹, 러시아 영업중단 압박에 ""타격"" 호소",http://www.pinpointnews.co.kr/news/articleView.html?idxno=104723
53,"3점식 안전띠에 충격 흡수 거뜬, 우리 아이, 르노마스터에 태워요",http://www.dt.co.kr/contents.html?article_no=2021120302101632064001&ref=naver
54,'버스가 안전하면 안돼?' 르노 마스터 버스의 숨겨진 매력,https://ilyo.co.kr/?ac=article_view&entry_id=417749
55,"‘삼성’ 뗀 르노코리아, 과연 차량·전시장 어떻게 달라질까?",http://www.dailycar.co.kr/content/news.html?type=view&autoId=43417
56,사명 바꾸고 수장 교체한 르노코리아…신차 소식은 잠잠,http://www.sporbiz.co.kr/news/articleView.html?idxno=613151
57,"르노 마스터 밴, 차박 열풍 타고 ‘캠핑카’ 시장 우뚝",http://www.newsway.co.kr/news/view?tp=1&ud=2020110514374193201
58,일상 회복의 든든한 여행 파트너..르노 마스터 버스,http://m.dailycar.co.kr/content/news.html?type=view&autoId=41778
59,"[자동차 특집③] 르노 ""마스터, 글로벌 '스테디셀러' 아웃도어에서 진가""",http://www.g-enews.com/ko-kr/news/article/news_all/20201026090257493883a046ffa0_1/article.html
60,"르노삼성차, 봄맞이 3월 특별 프로모션… 4월까지 고객인도 가능",http://www.sportsworldi.com/newsView/20220303501509
61,"""수동이지만 괜찮아""...국내 판매 5,200대 달성 ‘르노 마스터’·’마스터 버스’",https://hankookilbo.com/News/Read/A2020101908310002152?did=NA
62,"르노삼성 ""QM6·XM3 빠른 출고…3월 맞아 다양한 할인혜택""",https://www.news1.kr/articles/?4601457
63,"쌍용·르노삼성차, 3월 봄맞이 특별 할인. 최대 385만원 구매 혜택 車는?",http://www.autodaily.co.kr/news/articleView.html?idxno=432048
64,"르노삼성, 중형 상용차 '르노 마스터' 고객 홍보대사 선정... 입소문 마케팅 나선다",http://kr.aving.net/news/view.php?articleId=1587053&Branch_ID=kr&rssid=naver&mn_name=news
65,가을·겨울 '감성캠핑' 원한다면?…정답은 '르노 마스터',https://www.ebn.co.kr/news/view/1508353/?sc=Naver
66,르노 조에·트위지·마스터 버스 온라인 구매시 30만원 추가 할인..300대 한정 판매,http://www.dailycar.co.kr/content/news.html?type=view&autoId=41936
67,르노삼성 수소차 '마스터 H2테크' 내년 국내 상륙 '초읽기',http://www.g-enews.com/ko-kr/news/article/news_all/202111140121314084938f3ba357_1/article.html
68,"""스쿨버스서 중요한 것은 안전""…르노 마스터, 국내 최초 3점식 안전띠 장착",http://www.sentv.co.kr/news/view/604677
69,"""넓은 공간에 가격까지""..'르노 마스터 버스' 타고 캠핑 가세요",http://www.g-enews.com/ko-kr/news/article/news_all/2021110909052149137bdb7041ec_1/article.html
70,"르노삼성·한국지엠, 올해도 BMW·벤츠에 뒤처져… 라인업 강화 언제쯤",http://www.sisaweek.com/news/articleView.html?idxno=151606
71,'캠핑시즌' 모터홈 개조했더니 새집 같네...유럽 명차 르노 '마스터' 15인승 버스,http://www.newspim.com/news/view/20211102001019
72,"'이대로만' 르노삼성차, 2월 총 판매 1만1513대…比56.8%↑",https://www.busaneconomy.com/news/articleView.html?idxno=274671
73,"""현금 지원·무이자 할부""…5월에 車싸게 사는 방법",http://www.edaily.co.kr/news/newspath.asp?newsid=02719126632325640
74,"르노삼성 2월 효자는 'QM6·XM3'… 1.2만대 판매, 전년대비 56.8%↑",http://moneys.mt.co.kr/news/mwView.php?no=2022030216048095956
75,"르노삼성차 쌍용차 판매 증가, 한국GM 내수부진으로 판매 줄어",https://www.businesspost.co.kr/BP?command=article_view&num=273302
76,"2월 현대‧기아‧쌍용‧르노삼성차 판매 전년 동월 보다 증가…한국지엠만 19.1% ↓""",http://www.bizwnews.com/news/articleView.html?idxno=33232
77,수소연료전지로 눈돌리는 르노..마스터 상용차 시범 운행,http://www.dailycar.co.kr/content/news.html?type=view&autoId=41400
78,코로나 팬데믹에도 선방하는 소형버스…르노마스터도 한몫,http://www.edaily.co.kr/news/newspath.asp?newsid=01761366629215216
79,"(영상)르노삼성, 드블레즈 체제로…신차·친환경차 나오나",http://www.newstomato.com/ReadNews.aspx?no=1108280&inflow=N
80,"르노 마스터, 출시 40년 글로벌 누적판매 300만대 돌파",http://www.mediapen.com/news/view/535957
81,"르노 마스터, 전세계 누적 판매량 300만대 기염",http://www.skyedaily.com/news/news_view.html?ID=107188
82,[뉴스워치-산업] '유럽 대표 상용차'...르노 마스터 출시 40년 글로벌 누적판매 300만대 돌파 外,http://www.newswatch.kr/news/articleView.html?idxno=30934
83,출시 40년 맞은 르노 마스터…글로벌 누적 판매량 300만대 돌파,http://www.efnews.co.kr/news/articleView.html?idxno=85357
84,"르노 마스터, 출시 40년만 글로벌 누적판매 300만대 돌파",http://www.fnnews.com/news/202006251459044947
85,"'출시 40년' 르노 마스터, 글로벌 누적판매 300만대 돌파",https://view.asiae.co.kr/article/2020062509474096032
86,"르노 상용차 마스터, 글로벌 누적판매 300만대 돌파",http://moneys.mt.co.kr/news/mwView.php?no=2020062511388036689
87,"르노 마스터, 출시 40년만에 300만대 판매",http://www.thedrive.co.kr/news/newsview.php?ncode=1065573684122003
88,"르노 마스터, 출시 40년 만에 글로벌 판매 '300만대' 돌파",http://www.etnews.com/20200625000242
89,"르노 마스터, 글로벌 누적판매 300만대 기록",http://www.nspna.com/news/?mode=view&newsid=437151
90,"르노삼성차, 2월 구매시 최대 385만원 할인 66개월 할부 혜택",http://www.gpkorea.com/news/articleView.html?idxno=82493
91,"르노삼성차, 2월 할인 혜택…'QM6' 트림별 지원 세분화",http://www.shinailbo.co.kr/news/articleView.html?idxno=1512201
92,전기차 '르노 조에' 이달에 사면 최대 300만원 혜택,https://view.asiae.co.kr/article/2022020308430632259
93,"르노삼성차, QM6 등 2월 판매조건 제공",http://www.nspna.com/news/?mode=view&newsid=552598
94,"르노삼성, 2월 판매조건 공개···'QM6' 최대 150만원 지원",http://www.dizzotv.com/site/data/html_dir/2022/02/03/2022020380154.html
95,"르노삼성, 2월 판매조건 공개…최대 300만원 할인 혜택",http://www.smartfn.co.kr/view.php?ud=202202031622257880ab334feeb3_46
96,"르노 마스터, 출시 40년 글로벌 누적판매 300만대 기록",https://sports.donga.com/article/all/20200625/101680016/1
97,"SM6, 르노삼성차 '고민' 다 보이네",http://www.econovill.com/news/articleView.html?idxno=565809
98,"르노삼성차, 2월 판매조건 공개...'QM6' 150만원·'조에' 300만원 할인",http://www.etnews.com/20220203000033
99,"르노삼성, 2월 판매조건으로 '최대 385만원 할인' 내걸어",http://news.mk.co.kr/newsRead.php?no=96192&year=2022
100,캠핑카에 통학버스까지 인기 만점… ‘르노 마스터’ 15인승 버스 홈쇼핑서 판매,http://moneys.mt.co.kr/news/mwView.php?no=2021091010018049333
101,"르노 '수소 콘셉트카', 내달 19일 월드 프리미어로 공개",https://www.theguru.co.kr/news/article.html?no=34234
102,[시승기] 커스텀하기 좋은 '르노 마스터'…자동 변속기 부재는 '단점',http://www.bizwnews.com/news/articleView.html?idxno=27032
103,"어린이 축구교실 '신태용 감독', 통원차량 '르노 마스터' 홍보대사로",http://news.mk.co.kr/newsRead.php?no=769440&year=2021
104,코란도 명성 잇는 'KR10'-캠핑카 '르노 마스터'–전기차 급속충전기 민간 이양 [모터그램],http://www.sisunnews.co.kr/news/articleView.html?idxno=144420
105,"르노 마스터 15인승 버스, 캠핑카로 인기",http://www.naeil.com/news_view/?id_art=393365
106,"[상용차 리그] 르노 마스터, 캠핑카로 쏠라티에 '맞짱'",https://www.econovill.com/news/articleView.html?idxno=531585
107,"르노 15인승 '마스터 버스', 캠핑카로 재탄생...고정형 침대·테이블 설치 가능",http://www.consumernews.co.kr/news/articleView.html?idxno=626136
108,"르노삼성, '르노 마스터' 캠핑카로 재탄생",https://www.asiatoday.co.kr/view.php?key=20210509010003757
109,"르노삼성, 2월 할인 혜택…마스터 15인승 최대 385만원 할인",https://www.nocutnews.co.kr/news/5699830
110,"르노삼성, 신태용 축구감독 '마스터' 홍보대사 위촉",http://autotimes.hankyung.com/apps/news.sub_view?popup=0&nid=03&c1=03&c2=03&c3=00&nkey=202108090929511
111,코란도 명성 잇는 'KR10'-캠핑카 '르노 마스터'–전기차 급속충전기 민간 이양 [모터그램],http://www.sisunnews.co.kr/news/articleView.html?idxno=144420
112,"르노 마스터 15인승 버스, 캠핑카로 인기",http://www.naeil.com/news_view/?id_art=393365
113,"[상용차 리그] 르노 마스터, 캠핑카로 쏠라티에 '맞짱'",https://www.econovill.com/news/articleView.html?idxno=531585
114,"르노 15인승 '마스터 버스', 캠핑카로 재탄생...고정형 침대·테이블 설치 가능",http://www.consumernews.co.kr/news/articleView.html?idxno=626136
115,"르노삼성, '르노 마스터' 캠핑카로 재탄생",https://www.asiatoday.co.kr/view.php?key=20210509010003757
116,"르노삼성, 2월 할인 혜택…마스터 15인승 최대 385만원 할인",https://www.nocutnews.co.kr/news/5699830
117,"루비 로즈X장 르노 '도어맨', 액션 마스터들의 맞대결 성사 ""3월 개봉 확정""",http://www.mydaily.co.kr/new_yk/html/read.php?newsid=202202091335307437&ext=na&utm_campaign=naver_news&utm_source=naver&utm_medium=related_news
118,"“6월 종료 개별소비세 혜택 놓치지 마세요”… 르노코리아자동차, 4월 특별 프로모션",http://www.sportsworldi.com/newsView/20220404503108
119,"르노코리아, 4월 특별 프로모션… ""인기 차종 6월내 출고""",http://www.meconomynews.com/news/articleView.html?idxno=64914
120,"르노삼성, 2월 할인 혜택…마스터 15인승 최대 385만원 할인",https://www.nocutnews.co.kr/news/5699830
121,"루비 로즈X장 르노 '도어맨', 액션 마스터들의 맞대결 성사 ""3월 개봉 확정""",http://www.mydaily.co.kr/new_yk/html/read.php?newsid=202202091335307437&ext=na&utm_campaign=naver_news&utm_source=naver&utm_medium=related_news
122,"“6월 종료 개별소비세 혜택 놓치지 마세요”… 르노코리아자동차, 4월 특별 프로모션",http://www.sportsworldi.com/newsView/20220404503108
123,"르노코리아, 4월 특별 프로모션… ""인기 차종 6월내 출고""",http://www.meconomynews.com/news/articleView.html?idxno=64914
124,"르노코리아·쉐보레·쌍용차, ‘3사 3색’ 할인 프로모션",https://www.fetv.co.kr/news/article.html?no=112033
125,"""인기 차종 빠른 출고""…르노코리아, 4월 혜택 '다양",https://www.nocutnews.co.kr/news/5732895
126,"쌍용·르노코리아, 4월 봄맞이 특별 혜택. 최대 385만원 할인되는 車는?",http://www.autodaily.co.kr/news/articleView.html?idxno=432603
127,"""소상공인분들 힘내세요"" 르노 마스터 15인승 버스 응원나서",https://www.newsclaim.co.kr/news/articleView.html?idxno=3003212
128,"르노삼성, '마스터 15인승 소상공인 구매 지원' 등 1월 프로모션 실시",http://apnews.kr/View.aspx?No=2169798
129,3점식 안전띠 의무화 제안에 '르노 마스터' 재조명,http://autotimes.hankyung.com/apps/news.sub_view?popup=0&nid=03&c1=03&c2=03&c3=00&nkey=202102031646491
130,"""인기 차종 빠른 출고""…르노코리아, 4월 혜택 '다양",https://www.nocutnews.co.kr/news/5732895
131,"쌍용·르노코리아, 4월 봄맞이 특별 혜택. 최대 385만원 할인되는 車는?",http://www.autodaily.co.kr/news/articleView.html?idxno=432603
132,"""소상공인분들 힘내세요"" 르노 마스터 15인승 버스 응원나서",https://www.newsclaim.co.kr/news/articleView.html?idxno=3003212
133,"르노삼성, '마스터 15인승 소상공인 구매 지원' 등 1월 프로모션 실시",http://apnews.kr/View.aspx?No=2169798
134,3점식 안전띠 의무화 제안에 '르노 마스터' 재조명,http://autotimes.hankyung.com/apps/news.sub_view?popup=0&nid=03&c1=03&c2=03&c3=00&nkey=202102031646491
135,"르노 마스터 버스, 입소문 타고 솔솔",http://autotimes.hankyung.com/apps/news.sub_view?popup=0&nid=02&c1=02&c2=02&c3=00&nkey=202112282250291
136,"'도어맨' 3월 16일 개봉 확정…루비 로즈·빌런 장 르노, 액션 마스터의 만남",https://www.xportsnews.com/article/1538603
137,"르노코리아자동차, 고유가에 LPG 모델 앞세워 실적 견인",https://www.busaneconomy.com/news/articleView.html?idxno=277064
138,신태용 축구교실이 르노 마스터 선택한 이유,http://www.munhwa.com/news/view.html?no=20211224MW115152419744
139,"르노삼성, 15인승 ‘마스터’ 사면 카메라 등 옵션 제공",https://biz.chosun.com/industry/car/2021/12/23/O2V6W4F44ZD2POCB5O3S6ZFBW4/?utm_source=naver&utm_medium=original&utm_campaign=biz
140,"르노코리아 4월 신차구매 프로모션···""QM6 등 인기차종 6월 출고보장""",http://www.seoulfn.com/news/articleView.html?idxno=451170
141,"""소상공인분들 힘내세요"" 르노 마스터 15인승 버스 응원나서",https://www.newsclaim.co.kr/news/articleView.html?idxno=3003212
142,"르노삼성, '마스터 15인승 소상공인 구매 지원' 등 1월 프로모션 실시",http://apnews.kr/View.aspx?No=2169798
143,3점식 안전띠 의무화 제안에 '르노 마스터' 재조명,http://autotimes.hankyung.com/apps/news.sub_view?popup=0&nid=03&c1=03&c2=03&c3=00&nkey=202102031646491
144,"르노 마스터 버스, 입소문 타고 솔솔",http://autotimes.hankyung.com/apps/news.sub_view?popup=0&nid=02&c1=02&c2=02&c3=00&nkey=202112282250291
145,"'도어맨' 3월 16일 개봉 확정…루비 로즈·빌런 장 르노, 액션 마스터의 만남",https://www.xportsnews.com/article/1538603
146,"르노코리아자동차, 고유가에 LPG 모델 앞세워 실적 견인",https://www.busaneconomy.com/news/articleView.html?idxno=277064
147,신태용 축구교실이 르노 마스터 선택한 이유,http://www.munhwa.com/news/view.html?no=20211224MW115152419744
148,"르노삼성, 15인승 ‘마스터’ 사면 카메라 등 옵션 제공",https://biz.chosun.com/industry/car/2021/12/23/O2V6W4F44ZD2POCB5O3S6ZFBW4/?utm_source=naver&utm_medium=original&utm_campaign=biz
149,"르노코리아, 3월 1만 409대 판매…XM3 힘입어 7개월 연속 1만대",http://www.edaily.co.kr/news/newspath.asp?newsid=02827366632291856
150,"""소상공인 응원"" 르노마스터 15인승 330만원 혜택",http://www.fnnews.com/news/202201030922052026
151,3점식 안전띠 의무화 제안에 '르노 마스터' 재조명,http://autotimes.hankyung.com/apps/news.sub_view?popup=0&nid=03&c1=03&c2=03&c3=00&nkey=202102031646491
152,"르노 마스터 버스, 입소문 타고 솔솔",http://autotimes.hankyung.com/apps/news.sub_view?popup=0&nid=02&c1=02&c2=02&c3=00&nkey=202112282250291
153,"'도어맨' 3월 16일 개봉 확정…루비 로즈·빌런 장 르노, 액션 마스터의 만남",https://www.xportsnews.com/article/1538603
154,"르노코리아자동차, 고유가에 LPG 모델 앞세워 실적 견인",https://www.busaneconomy.com/news/articleView.html?idxno=277064
155,"르노, 전기차 ‘조에’ 100만원 할인에 충전카드 50만원 지원..‘주목’",http://www.dailycar.co.kr/content/news.html?type=view&autoId=43606
156,신태용 축구교실이 르노 마스터 선택한 이유,http://www.munhwa.com/news/view.html?no=20211224MW115152419744
157,"르노삼성, 15인승 ‘마스터’ 사면 카메라 등 옵션 제공",https://biz.chosun.com/industry/car/2021/12/23/O2V6W4F44ZD2POCB5O3S6ZFBW4/?utm_source=naver&utm_medium=original&utm_campaign=biz
158,"르노코리아, 3월 1만 409대 판매…XM3 힘입어 7개월 연속 1만대",http://www.edaily.co.kr/news/newspath.asp?newsid=02827366632291856
159,3월 차 판매 르노코리아 XM3 ‘훨훨’ 한국GM ‘먹구름’ 쌍용차 '선전',https://www.businesspost.co.kr/BP?command=article_view&num=276459
160,"르노삼성, 15인승 ‘마스터’ 사면 카메라 등 옵션 제공",https://biz.chosun.com/industry/car/2021/12/23/O2V6W4F44ZD2POCB5O3S6ZFBW4/?utm_source=naver&utm_medium=original&utm_campaign=biz
161,"르노코리아, 3월 1만 409대 판매…XM3 힘입어 7개월 연속 1만대",http://www.edaily.co.kr/news/newspath.asp?newsid=02827366632291856
162,3월 차 판매 르노코리아 XM3 ‘훨훨’ 한국GM ‘먹구름’ 쌍용차 '선전',https://www.businesspost.co.kr/BP?command=article_view&num=276459
163,"3월 내수 쌍용차 뜨고, 르노코리아·쉐보레는 마이너스",http://www.newsprime.co.kr/news/article.html?no=564262
164,"르노코리아차 쌍용차 한국GM, 4월 최대 300만 원 할인 프로모션",https://www.businesspost.co.kr/BP?command=article_view&num=276406
165,"코로나 19가 바꿔놓은 레저지도, 비대면 차박 인기 업! 차박 맛집 '르노 마스터' 매력 포인트 공개",http://kr.aving.net/news/view.php?articleId=1588881&Branch_ID=kr&rssid=naver&mn_name=news
166,르노 마스터 15인승 순항…통학차량 등으로 인기몰이,https://view.asiae.co.kr/article/2021121714344483237
167,"[SR자동차] 르노코리아자동차, 가정의 달 5월 프로모션 ",http://www.srtimes.kr/news/articleView.html?idxno=112856
168,[#오늘의 자동차] 기아 '탄소중립 협력'·르노삼성차 '마스터 컨벤션'·BMW '전기화 100만대'·볼보 '구리 전시장'·포드 '익스플로러 시승',http://www.newscj.com/news/articleView.html?idxno=931888
169,통학버스 최적 르노마스터… 안전·편의·가성비 다 잡았다,https://biz.newdaily.co.kr/site/data/html/2021/12/13/2021121300008.html
170,3월 완성차 실적… 르노·쌍용 '맑음' 한국지엠 '약간 흐림',http://it.chosun.com/site/data/html_dir/2022/04/01/2022040101960.html
171,"3월 내수 쌍용차 뜨고, 르노코리아·쉐보레는 마이너스",http://www.newsprime.co.kr/news/article.html?no=564262
172,"르노코리아차 쌍용차 한국GM, 4월 최대 300만 원 할인 프로모션",https://www.businesspost.co.kr/BP?command=article_view&num=276406
173,"코로나 19가 바꿔놓은 레저지도, 비대면 차박 인기 업! 차박 맛집 '르노 마스터' 매력 포인트 공개",http://kr.aving.net/news/view.php?articleId=1588881&Branch_ID=kr&rssid=naver&mn_name=news
174,르노 마스터 15인승 순항…통학차량 등으로 인기몰이,https://view.asiae.co.kr/article/2021121714344483237
175,"[SR자동차] 르노코리아자동차, 가정의 달 5월 프로모션 ",http://www.srtimes.kr/news/articleView.html?idxno=112856
176,[#오늘의 자동차] 기아 '탄소중립 협력'·르노삼성차 '마스터 컨벤션'·BMW '전기화 100만대'·볼보 '구리 전시장'·포드 '익스플로러 시승',http://www.newscj.com/news/articleView.html?idxno=931888
177,통학버스 최적 르노마스터… 안전·편의·가성비 다 잡았다,https://biz.newdaily.co.kr/site/data/html/2021/12/13/2021121300008.html
178,"'마스터, 캠핑카 변신'…르노삼성, 특장회사와 협업 강화",http://www.newsis.com/view/?id=NISX20211215_0001689518&cID=13001&pID=13000
179,'15인승 마스터' 버스 최대 385만원↓…르노삼성 1월 구매 혜택,https://www.nocutnews.co.kr/news/5683159
180,"르노코리아, 3월 1만409대 판매…전년보다 21.4% 증가",http://daily.hankooki.com/news/articleView.html?idxno=807609
181,"3월 내수 쌍용차 뜨고, 르노코리아·쉐보레는 마이너스",http://www.newsprime.co.kr/news/article.html?no=564262
182,"르노코리아차 쌍용차 한국GM, 4월 최대 300만 원 할인 프로모션",https://www.businesspost.co.kr/BP?command=article_view&num=276406
183,"코로나 19가 바꿔놓은 레저지도, 비대면 차박 인기 업! 차박 맛집 '르노 마스터' 매력 포인트 공개",http://kr.aving.net/news/view.php?articleId=1588881&Branch_ID=kr&rssid=naver&mn_name=news
184,르노 마스터 15인승 순항…통학차량 등으로 인기몰이,https://view.asiae.co.kr/article/2021121714344483237
185,"[SR자동차] 르노코리아자동차, 가정의 달 5월 프로모션 ",http://www.srtimes.kr/news/articleView.html?idxno=112856
186,[#오늘의 자동차] 기아 '탄소중립 협력'·르노삼성차 '마스터 컨벤션'·BMW '전기화 100만대'·볼보 '구리 전시장'·포드 '익스플로러 시승',http://www.newscj.com/news/articleView.html?idxno=931888
187,통학버스 최적 르노마스터… 안전·편의·가성비 다 잡았다,https://biz.newdaily.co.kr/site/data/html/2021/12/13/2021121300008.html
188,"'마스터, 캠핑카 변신'…르노삼성, 특장회사와 협업 강화",http://www.newsis.com/view/?id=NISX20211215_0001689518&cID=13001&pID=13000
189,'15인승 마스터' 버스 최대 385만원↓…르노삼성 1월 구매 혜택,https://www.nocutnews.co.kr/news/5683159
190,"'수출 호조' 르노코리아, 3월 1만409대 판매…전년比 21.4%↑",http://news.mk.co.kr/newsRead.php?no=295766&year=2022
191,"3월 내수 쌍용차 뜨고, 르노코리아·쉐보레는 마이너스",http://www.newsprime.co.kr/news/article.html?no=564262
192,"르노코리아차 쌍용차 한국GM, 4월 최대 300만 원 할인 프로모션",https://www.businesspost.co.kr/BP?command=article_view&num=276406
193,"코로나 19가 바꿔놓은 레저지도, 비대면 차박 인기 업! 차박 맛집 '르노 마스터' 매력 포인트 공개",http://kr.aving.net/news/view.php?articleId=1588881&Branch_ID=kr&rssid=naver&mn_name=news
194,르노 마스터 15인승 순항…통학차량 등으로 인기몰이,https://view.asiae.co.kr/article/2021121714344483237
195,"[SR자동차] 르노코리아자동차, 가정의 달 5월 프로모션 ",http://www.srtimes.kr/news/articleView.html?idxno=112856
196,[#오늘의 자동차] 기아 '탄소중립 협력'·르노삼성차 '마스터 컨벤션'·BMW '전기화 100만대'·볼보 '구리 전시장'·포드 '익스플로러 시승',http://www.newscj.com/news/articleView.html?idxno=931888
197,통학버스 최적 르노마스터… 안전·편의·가성비 다 잡았다,https://biz.newdaily.co.kr/site/data/html/2021/12/13/2021121300008.html
198,"'마스터, 캠핑카 변신'…르노삼성, 특장회사와 협업 강화",http://www.newsis.com/view/?id=NISX20211215_0001689518&cID=13001&pID=13000
199,'15인승 마스터' 버스 최대 385만원↓…르노삼성 1월 구매 혜택,https://www.nocutnews.co.kr/news/5683159
200,"코로나 19가 바꿔놓은 레저지도, 비대면 차박 인기 업! 차박 맛집 '르노 마스터' 매력 포인트 공개",http://kr.aving.net/news/view.php?articleId=1588881&Branch_ID=kr&rssid=naver&mn_name=news
201,르노 마스터 15인승 순항…통학차량 등으로 인기몰이,https://view.asiae.co.kr/article/2021121714344483237
202,르노코리아 3월 판매 1만409대…전년 대비 21.4%↑,https://www.etoday.co.kr/news/view/2120069
203,"[SR자동차] 르노코리아자동차, 가정의 달 5월 프로모션 ",http://www.srtimes.kr/news/articleView.html?idxno=112856
204,[#오늘의 자동차] 기아 '탄소중립 협력'·르노삼성차 '마스터 컨벤션'·BMW '전기화 100만대'·볼보 '구리 전시장'·포드 '익스플로러 시승',http://www.newscj.com/news/articleView.html?idxno=931888
205,통학버스 최적 르노마스터… 안전·편의·가성비 다 잡았다,https://biz.newdaily.co.kr/site/data/html/2021/12/13/2021121300008.html
206,"'마스터, 캠핑카 변신'…르노삼성, 특장회사와 협업 강화",http://www.newsis.com/view/?id=NISX20211215_0001689518&cID=13001&pID=13000
207,'15인승 마스터' 버스 최대 385만원↓…르노삼성 1월 구매 혜택,https://www.nocutnews.co.kr/news/5683159
208,"""안전·편의 다 잡았다""…르노 마스터 버스, 어린이 통학버스로 '인기'",https://www.asiatoday.co.kr/view.php?key=20211213010007614
209,"르노삼성자동차 ""2021 르노 마스터 컨벤션 개최""",https://sports.hankooki.com/lpage/economy/202112/sp20211217120458136990.htm?s_ref=nv
210,"르노삼성차, 대표 상용차 '마스터' 특장회사 컨벤션",http://yna.kr/AKR20211215051600003?did=1195m
211,'15인승 마스터' 버스 최대 385만원↓…르노삼성 1월 구매 혜택,https://www.nocutnews.co.kr/news/5683159
212,"""안전·편의 다 잡았다""…르노 마스터 버스, 어린이 통학버스로 '인기'",https://www.asiatoday.co.kr/view.php?key=20211213010007614
213,"르노삼성자동차 ""2021 르노 마스터 컨벤션 개최""",https://sports.hankooki.com/lpage/economy/202112/sp20211217120458136990.htm?s_ref=nv
214,"장 르노X루비 로즈 '도어맨', 극장+IPTV·VOD 서비스 동시 시작",http://www.slist.kr/news/articleView.html?idxno=342145
215,"'15인승 버스' 르노 마스터, 3점안전띠‧차선이탈 경보‧경사로 밀림방지 등 안전사양 갖춰",http://www.consumernews.co.kr/news/articleView.html?idxno=639058
216,"르노 그룹, 러시아 영업중단 압박에 ""타격"" 호소",http://www.pinpointnews.co.kr/news/articleView.html?idxno=104723
217,"3점식 안전띠에 충격 흡수 거뜬, 우리 아이, 르노마스터에 태워요",http://www.dt.co.kr/contents.html?article_no=2021120302101632064001&ref=naver
218,'버스가 안전하면 안돼?' 르노 마스터 버스의 숨겨진 매력,https://ilyo.co.kr/?ac=article_view&entry_id=417749
219,"‘삼성’ 뗀 르노코리아, 과연 차량·전시장 어떻게 달라질까?",http://www.dailycar.co.kr/content/news.html?type=view&autoId=43417
220,“캠핑카부터 비즈니스 솔루션까지”…르노 마스터 컨벤션 개최,http://www.sentv.co.kr/news/view/607199
221,"장 르노X루비 로즈 '도어맨', 극장+IPTV·VOD 서비스 동시 시작",http://www.slist.kr/news/articleView.html?idxno=342145
222,"'15인승 버스' 르노 마스터, 3점안전띠‧차선이탈 경보‧경사로 밀림방지 등 안전사양 갖춰",http://www.consumernews.co.kr/news/articleView.html?idxno=639058
223,"르노 그룹, 러시아 영업중단 압박에 ""타격"" 호소",http://www.pinpointnews.co.kr/news/articleView.html?idxno=104723
224,"3점식 안전띠에 충격 흡수 거뜬, 우리 아이, 르노마스터에 태워요",http://www.dt.co.kr/contents.html?article_no=2021120302101632064001&ref=naver
225,'버스가 안전하면 안돼?' 르노 마스터 버스의 숨겨진 매력,https://ilyo.co.kr/?ac=article_view&entry_id=417749
226,"‘삼성’ 뗀 르노코리아, 과연 차량·전시장 어떻게 달라질까?",http://www.dailycar.co.kr/content/news.html?type=view&autoId=43417
227,사명 바꾸고 수장 교체한 르노코리아…신차 소식은 잠잠,http://www.sporbiz.co.kr/news/articleView.html?idxno=613151
228,"르노 마스터 밴, 차박 열풍 타고 ‘캠핑카’ 시장 우뚝",http://www.newsway.co.kr/news/view?tp=1&ud=2020110514374193201
229,일상 회복의 든든한 여행 파트너..르노 마스터 버스,http://m.dailycar.co.kr/content/news.html?type=view&autoId=41778
230,리빌더들 주목한 상용차 르노 마스터 컨벤션 개최,http://sports.khan.co.kr/news/sk_index.html?art_id=202112151109003&sec_id=563002&pt=nv
231,"장 르노X루비 로즈 '도어맨', 극장+IPTV·VOD 서비스 동시 시작",http://www.slist.kr/news/articleView.html?idxno=342145
232,"'15인승 버스' 르노 마스터, 3점안전띠‧차선이탈 경보‧경사로 밀림방지 등 안전사양 갖춰",http://www.consumernews.co.kr/news/articleView.html?idxno=639058
233,"르노 그룹, 러시아 영업중단 압박에 ""타격"" 호소",http://www.pinpointnews.co.kr/news/articleView.html?idxno=104723
234,"3점식 안전띠에 충격 흡수 거뜬, 우리 아이, 르노마스터에 태워요",http://www.dt.co.kr/contents.html?article_no=2021120302101632064001&ref=naver
235,'버스가 안전하면 안돼?' 르노 마스터 버스의 숨겨진 매력,https://ilyo.co.kr/?ac=article_view&entry_id=417749
236,"‘삼성’ 뗀 르노코리아, 과연 차량·전시장 어떻게 달라질까?",http://www.dailycar.co.kr/content/news.html?type=view&autoId=43417
237,사명 바꾸고 수장 교체한 르노코리아…신차 소식은 잠잠,http://www.sporbiz.co.kr/news/articleView.html?idxno=613151
238,"르노 마스터 밴, 차박 열풍 타고 ‘캠핑카’ 시장 우뚝",http://www.newsway.co.kr/news/view?tp=1&ud=2020110514374193201
239,일상 회복의 든든한 여행 파트너..르노 마스터 버스,http://m.dailycar.co.kr/content/news.html?type=view&autoId=41778
240,"[자동차 특집③] 르노 ""마스터, 글로벌 '스테디셀러' 아웃도어에서 진가""",http://www.g-enews.com/ko-kr/news/article/news_all/20201026090257493883a046ffa0_1/article.html
241,"르노삼성차, 봄맞이 3월 특별 프로모션… 4월까지 고객인도 가능",http://www.sportsworldi.com/newsView/20220303501509
242,"""수동이지만 괜찮아""...국내 판매 5,200대 달성 ‘르노 마스터’·’마스터 버스’",https://hankookilbo.com/News/Read/A2020101908310002152?did=NA
243,"르노삼성 ""QM6·XM3 빠른 출고…3월 맞아 다양한 할인혜택""",https://www.news1.kr/articles/?4601457
244,"쌍용·르노삼성차, 3월 봄맞이 특별 할인. 최대 385만원 구매 혜택 車는?",http://www.autodaily.co.kr/news/articleView.html?idxno=432048
245,"[하이빔]르노와 삼성의 20년 동거, 이젠 안녕",http://autotimes.hankyung.com/apps/news.sub_view?popup=0&nid=01&c1=01&c2=01&c3=00&nkey=202203161128581
246,"르노코리아, 총 2만318대 판매 기록…전년比 117.4%↑",http://www.smartfn.co.kr/view.php?ud=202205031735403201ab334feeb3_46
247,"르노삼성, 중형 상용차 '르노 마스터' 고객 홍보대사 선정... 입소문 마케팅 나선다",http://kr.aving.net/news/view.php?articleId=1587053&Branch_ID=kr&rssid=naver&mn_name=news
248,가을·겨울 '감성캠핑' 원한다면?…정답은 '르노 마스터',https://www.ebn.co.kr/news/view/1508353/?sc=Naver
249,르노 조에·트위지·마스터 버스 온라인 구매시 30만원 추가 할인..300대 한정 판매,http://www.dailycar.co.kr/content/news.html?type=view&autoId=41936
250,"르노삼성자동차, 3월 '르노 조에' 최대 300만원 할인",http://www.inews24.com/view/1456296
251,"[하이빔]르노와 삼성의 20년 동거, 이젠 안녕",http://autotimes.hankyung.com/apps/news.sub_view?popup=0&nid=01&c1=01&c2=01&c3=00&nkey=202203161128581
252,"르노코리아, 총 2만318대 판매 기록…전년比 117.4%↑",http://www.smartfn.co.kr/view.php?ud=202205031735403201ab334feeb3_46
253,"르노삼성, 중형 상용차 '르노 마스터' 고객 홍보대사 선정... 입소문 마케팅 나선다",http://kr.aving.net/news/view.php?articleId=1587053&Branch_ID=kr&rssid=naver&mn_name=news
254,가을·겨울 '감성캠핑' 원한다면?…정답은 '르노 마스터',https://www.ebn.co.kr/news/view/1508353/?sc=Naver
255,르노 조에·트위지·마스터 버스 온라인 구매시 30만원 추가 할인..300대 한정 판매,http://www.dailycar.co.kr/content/news.html?type=view&autoId=41936
256,르노삼성 수소차 '마스터 H2테크' 내년 국내 상륙 '초읽기',http://www.g-enews.com/ko-kr/news/article/news_all/202111140121314084938f3ba357_1/article.html
257,"""스쿨버스서 중요한 것은 안전""…르노 마스터, 국내 최초 3점식 안전띠 장착",http://www.sentv.co.kr/news/view/604677
258,"""넓은 공간에 가격까지""..'르노 마스터 버스' 타고 캠핑 가세요",http://www.g-enews.com/ko-kr/news/article/news_all/2021110909052149137bdb7041ec_1/article.html
259,"르노삼성·한국지엠, 올해도 BMW·벤츠에 뒤처져… 라인업 강화 언제쯤",http://www.sisaweek.com/news/articleView.html?idxno=151606
260,"르노삼성차, 봄맞이 3월 특별 프로모션 진행",http://www.paxetv.com/news/articleView.html?idxno=139074
261,"[하이빔]르노와 삼성의 20년 동거, 이젠 안녕",http://autotimes.hankyung.com/apps/news.sub_view?popup=0&nid=01&c1=01&c2=01&c3=00&nkey=202203161128581
262,"르노코리아, 총 2만318대 판매 기록…전년比 117.4%↑",http://www.smartfn.co.kr/view.php?ud=202205031735403201ab334feeb3_46
263,"르노삼성, 중형 상용차 '르노 마스터' 고객 홍보대사 선정... 입소문 마케팅 나선다",http://kr.aving.net/news/view.php?articleId=1587053&Branch_ID=kr&rssid=naver&mn_name=news
264,가을·겨울 '감성캠핑' 원한다면?…정답은 '르노 마스터',https://www.ebn.co.kr/news/view/1508353/?sc=Naver
265,르노 조에·트위지·마스터 버스 온라인 구매시 30만원 추가 할인..300대 한정 판매,http://www.dailycar.co.kr/content/news.html?type=view&autoId=41936
266,르노삼성 수소차 '마스터 H2테크' 내년 국내 상륙 '초읽기',http://www.g-enews.com/ko-kr/news/article/news_all/202111140121314084938f3ba357_1/article.html
267,"""스쿨버스서 중요한 것은 안전""…르노 마스터, 국내 최초 3점식 안전띠 장착",http://www.sentv.co.kr/news/view/604677
268,"""넓은 공간에 가격까지""..'르노 마스터 버스' 타고 캠핑 가세요",http://www.g-enews.com/ko-kr/news/article/news_all/2021110909052149137bdb7041ec_1/article.html
269,"르노삼성·한국지엠, 올해도 BMW·벤츠에 뒤처져… 라인업 강화 언제쯤",http://www.sisaweek.com/news/articleView.html?idxno=151606
270,"르노삼성, 신차 최대 300만원 할인 이벤트",https://www.ebn.co.kr/news/view/1521561/?sc=Naver
271,르노삼성 수소차 '마스터 H2테크' 내년 국내 상륙 '초읽기',http://www.g-enews.com/ko-kr/news/article/news_all/202111140121314084938f3ba357_1/article.html
272,"""스쿨버스서 중요한 것은 안전""…르노 마스터, 국내 최초 3점식 안전띠 장착",http://www.sentv.co.kr/news/view/604677
273,"""넓은 공간에 가격까지""..'르노 마스터 버스' 타고 캠핑 가세요",http://www.g-enews.com/ko-kr/news/article/news_all/2021110909052149137bdb7041ec_1/article.html
274,"르노삼성·한국지엠, 올해도 BMW·벤츠에 뒤처져… 라인업 강화 언제쯤",http://www.sisaweek.com/news/articleView.html?idxno=151606
275,'캠핑시즌' 모터홈 개조했더니 새집 같네...유럽 명차 르노 '마스터' 15인승 버스,http://www.newspim.com/news/view/20211102001019
276,"'이대로만' 르노삼성차, 2월 총 판매 1만1513대…比56.8%↑",https://www.busaneconomy.com/news/articleView.html?idxno=274671
277,"""현금 지원·무이자 할부""…5월에 車싸게 사는 방법",http://www.edaily.co.kr/news/newspath.asp?newsid=02719126632325640
278,"르노삼성 2월 효자는 'QM6·XM3'… 1.2만대 판매, 전년대비 56.8%↑",http://moneys.mt.co.kr/news/mwView.php?no=2022030216048095956
279,"르노삼성차 쌍용차 판매 증가, 한국GM 내수부진으로 판매 줄어",https://www.businesspost.co.kr/BP?command=article_view&num=273302
280,"르노삼성 2월 효자는 'QM6·XM3'… 1.2만대 판매, 전년대비 56.8%↑",http://moneys.mt.co.kr/news/mwView.php?no=2022030216048095956
281,"르노삼성차 쌍용차 판매 증가, 한국GM 내수부진으로 판매 줄어",https://www.businesspost.co.kr/BP?command=article_view&num=273302
282,"2월 현대‧기아‧쌍용‧르노삼성차 판매 전년 동월 보다 증가…한국지엠만 19.1% ↓""",http://www.bizwnews.com/news/articleView.html?idxno=33232
283,"르노삼성차 쌍용차 한국GM, 봄맞이 최대 300만 원 할인 프로모션",https://www.businesspost.co.kr/BP?command=article_view&num=273245
284,수소연료전지로 눈돌리는 르노..마스터 상용차 시범 운행,http://www.dailycar.co.kr/content/news.html?type=view&autoId=41400
285,코로나 팬데믹에도 선방하는 소형버스…르노마스터도 한몫,http://www.edaily.co.kr/news/newspath.asp?newsid=01761366629215216
286,"(영상)르노삼성, 드블레즈 체제로…신차·친환경차 나오나",http://www.newstomato.com/ReadNews.aspx?no=1108280&inflow=N
287,"르노 마스터, 출시 40년 글로벌 누적판매 300만대 돌파",http://www.mediapen.com/news/view/535957
288,"르노 마스터, 전세계 누적 판매량 300만대 기염",http://www.skyedaily.com/news/news_view.html?ID=107188
289,[뉴스워치-산업] '유럽 대표 상용차'...르노 마스터 출시 40년 글로벌 누적판매 300만대 돌파 外,http://www.newswatch.kr/news/articleView.html?idxno=30934
290,"르노삼성차, 2월 글로벌 판매 1만1,513대. 'QM6·XM3 두 달 연속 선방'",http://www.autodaily.co.kr/news/articleView.html?idxno=432066
291,"르노삼성차 쌍용차 한국GM, 봄맞이 최대 300만 원 할인 프로모션",https://www.businesspost.co.kr/BP?command=article_view&num=273245
292,수소연료전지로 눈돌리는 르노..마스터 상용차 시범 운행,http://www.dailycar.co.kr/content/news.html?type=view&autoId=41400
293,코로나 팬데믹에도 선방하는 소형버스…르노마스터도 한몫,http://www.edaily.co.kr/news/newspath.asp?newsid=01761366629215216
294,"(영상)르노삼성, 드블레즈 체제로…신차·친환경차 나오나",http://www.newstomato.com/ReadNews.aspx?no=1108280&inflow=N
295,"르노 마스터, 출시 40년 글로벌 누적판매 300만대 돌파",http://www.mediapen.com/news/view/535957
296,"르노 마스터, 전세계 누적 판매량 300만대 기염",http://www.skyedaily.com/news/news_view.html?ID=107188
297,[뉴스워치-산업] '유럽 대표 상용차'...르노 마스터 출시 40년 글로벌 누적판매 300만대 돌파 外,http://www.newswatch.kr/news/articleView.html?idxno=30934
298,출시 40년 맞은 르노 마스터…글로벌 누적 판매량 300만대 돌파,http://www.efnews.co.kr/news/articleView.html?idxno=85357
299,"'과제 산더미' 르노삼성 신임 사장, 정답은 하나 '생존'",http://www.newsprime.co.kr/news/article.html?no=561804
300,"르노삼성차, 2월 총 1만1513대 '56.8%↑'···QM6·XM3 내수 견인",http://www.seoulfn.com/news/articleView.html?idxno=448168
301,"르노삼성차 쌍용차 한국GM, 봄맞이 최대 300만 원 할인 프로모션",https://www.businesspost.co.kr/BP?command=article_view&num=273245
302,수소연료전지로 눈돌리는 르노..마스터 상용차 시범 운행,http://www.dailycar.co.kr/content/news.html?type=view&autoId=41400
303,코로나 팬데믹에도 선방하는 소형버스…르노마스터도 한몫,http://www.edaily.co.kr/news/newspath.asp?newsid=01761366629215216
304,"(영상)르노삼성, 드블레즈 체제로…신차·친환경차 나오나",http://www.newstomato.com/ReadNews.aspx?no=1108280&inflow=N
305,"르노 마스터, 출시 40년 글로벌 누적판매 300만대 돌파",http://www.mediapen.com/news/view/535957
306,"르노 마스터, 전세계 누적 판매량 300만대 기염",http://www.skyedaily.com/news/news_view.html?ID=107188
307,[뉴스워치-산업] '유럽 대표 상용차'...르노 마스터 출시 40년 글로벌 누적판매 300만대 돌파 外,http://www.newswatch.kr/news/articleView.html?idxno=30934
308,출시 40년 맞은 르노 마스터…글로벌 누적 판매량 300만대 돌파,http://www.efnews.co.kr/news/articleView.html?idxno=85357
309,"'과제 산더미' 르노삼성 신임 사장, 정답은 하나 '생존'",http://www.newsprime.co.kr/news/article.html?no=561804
310,"르노삼성, 2월 1만1513대 판매..성장률이 50% 이상?",http://www.dailycar.co.kr/content/news.html?type=view&autoId=43194
311,"르노삼성차 쌍용차 한국GM, 봄맞이 최대 300만 원 할인 프로모션",https://www.businesspost.co.kr/BP?command=article_view&num=273245
312,수소연료전지로 눈돌리는 르노..마스터 상용차 시범 운행,http://www.dailycar.co.kr/content/news.html?type=view&autoId=41400
313,코로나 팬데믹에도 선방하는 소형버스…르노마스터도 한몫,http://www.edaily.co.kr/news/newspath.asp?newsid=01761366629215216
314,"(영상)르노삼성, 드블레즈 체제로…신차·친환경차 나오나",http://www.newstomato.com/ReadNews.aspx?no=1108280&inflow=N
315,"르노 마스터, 출시 40년 글로벌 누적판매 300만대 돌파",http://www.mediapen.com/news/view/535957
316,"르노 마스터, 전세계 누적 판매량 300만대 기염",http://www.skyedaily.com/news/news_view.html?ID=107188
317,[뉴스워치-산업] '유럽 대표 상용차'...르노 마스터 출시 40년 글로벌 누적판매 300만대 돌파 外,http://www.newswatch.kr/news/articleView.html?idxno=30934
318,출시 40년 맞은 르노 마스터…글로벌 누적 판매량 300만대 돌파,http://www.efnews.co.kr/news/articleView.html?idxno=85357
319,"'과제 산더미' 르노삼성 신임 사장, 정답은 하나 '생존'",http://www.newsprime.co.kr/news/article.html?no=561804
320,"르노 마스터, 전세계 누적 판매량 300만대 기염",http://www.skyedaily.com/news/news_view.html?ID=107188
321,[뉴스워치-산업] '유럽 대표 상용차'...르노 마스터 출시 40년 글로벌 누적판매 300만대 돌파 外,http://www.newswatch.kr/news/articleView.html?idxno=30934
322,출시 40년 맞은 르노 마스터…글로벌 누적 판매량 300만대 돌파,http://www.efnews.co.kr/news/articleView.html?idxno=85357
323,"'과제 산더미' 르노삼성 신임 사장, 정답은 하나 '생존'",http://www.newsprime.co.kr/news/article.html?no=561804
324,"[biz car] 르노삼성 '2월 풍성한 혜택', 제네시스 'EV 충전소 개소', 현대차 '캐스퍼 밴' 출시",http://www.bizwnews.com/news/articleView.html?idxno=32375
325,"르노삼성 ""2월에 조에 사면 최대 300만원 혜택""",http://www.newsis.com/view/?id=NISX20220203_0001745431&cID=13001&pID=13000
326,"SM6, 르노삼성차 '고민' 다 보이네",http://www.econovill.com/news/articleView.html?idxno=565809
327,"빠르게 커지는 캠핑카 시장…르노 마스터, 품질 유지에 심혈",https://view.asiae.co.kr/article/2021100513575509899
328,"르노삼성, QM6·르노 마스터 최대 150만원 프로모션 진행",https://daily.hankooki.com/lpage/industry/202110/dh20211001145537147980.htm?s_ref=nv
329,실내 광활한 르노마스터 캠핑카로 개조해볼까,https://www.hankyung.com/economy/article/2021092896011
330,"‘출시 40주년’ 맞은 르노 마스터, 글로벌 누적판매 300만대 넘어",http://sports.khan.co.kr/news/sk_index.html?art_id=202006251402003&sec_id=563002&pt=nv
331,"르노 마스터, 출시 40년만에 글로벌 누적판매 300만대 돌파",http://www.ekn.kr/news/article.html?no=507436
332,"'과제 산더미' 르노삼성 신임 사장, 정답은 하나 '생존'",http://www.newsprime.co.kr/news/article.html?no=561804
333,"[biz car] 르노삼성 '2월 풍성한 혜택', 제네시스 'EV 충전소 개소', 현대차 '캐스퍼 밴' 출시",http://www.bizwnews.com/news/articleView.html?idxno=32375
334,"르노삼성 ""2월에 조에 사면 최대 300만원 혜택""",http://www.newsis.com/view/?id=NISX20220203_0001745431&cID=13001&pID=13000
335,"SM6, 르노삼성차 '고민' 다 보이네",http://www.econovill.com/news/articleView.html?idxno=565809
336,"빠르게 커지는 캠핑카 시장…르노 마스터, 품질 유지에 심혈",https://view.asiae.co.kr/article/2021100513575509899
337,"르노삼성, QM6·르노 마스터 최대 150만원 프로모션 진행",https://daily.hankooki.com/lpage/industry/202110/dh20211001145537147980.htm?s_ref=nv
338,실내 광활한 르노마스터 캠핑카로 개조해볼까,https://www.hankyung.com/economy/article/2021092896011
339,르노삼성 “10월 온라인 한정판 차량은 SM6·QM6·마스터·캡처”…혜택은?,http://news.mk.co.kr/newsRead.php?no=955371&year=2021
340,"르노 마스터, 출시 40년 글로벌 누적판매 300만대 기록",http://www.kukinews.com/news/article.html?no=802914
341,"르노 마스터, 출시 40년만에 글로벌 누적판매 300만대 돌파",http://www.ekn.kr/news/article.html?no=507436
342,"'과제 산더미' 르노삼성 신임 사장, 정답은 하나 '생존'",http://www.newsprime.co.kr/news/article.html?no=561804
343,"[biz car] 르노삼성 '2월 풍성한 혜택', 제네시스 'EV 충전소 개소', 현대차 '캐스퍼 밴' 출시",http://www.bizwnews.com/news/articleView.html?idxno=32375
344,"르노삼성 ""2월에 조에 사면 최대 300만원 혜택""",http://www.newsis.com/view/?id=NISX20220203_0001745431&cID=13001&pID=13000
345,"SM6, 르노삼성차 '고민' 다 보이네",http://www.econovill.com/news/articleView.html?idxno=565809
346,"빠르게 커지는 캠핑카 시장…르노 마스터, 품질 유지에 심혈",https://view.asiae.co.kr/article/2021100513575509899
347,"르노삼성, QM6·르노 마스터 최대 150만원 프로모션 진행",https://daily.hankooki.com/lpage/industry/202110/dh20211001145537147980.htm?s_ref=nv
348,실내 광활한 르노마스터 캠핑카로 개조해볼까,https://www.hankyung.com/economy/article/2021092896011
349,르노삼성 “10월 온라인 한정판 차량은 SM6·QM6·마스터·캡처”…혜택은?,http://news.mk.co.kr/newsRead.php?no=955371&year=2021
350,"르노 마스터, 글로벌 누적 판매 300만대 기록",http://news.mt.co.kr/mtview.php?no=2020062514240177779
351,"르노 마스터, 출시 40년만에 글로벌 누적판매 300만대 돌파",http://www.ekn.kr/news/article.html?no=507436
352,"'과제 산더미' 르노삼성 신임 사장, 정답은 하나 '생존'",http://www.newsprime.co.kr/news/article.html?no=561804
353,"[biz car] 르노삼성 '2월 풍성한 혜택', 제네시스 'EV 충전소 개소', 현대차 '캐스퍼 밴' 출시",http://www.bizwnews.com/news/articleView.html?idxno=32375
354,"르노삼성 ""2월에 조에 사면 최대 300만원 혜택""",http://www.newsis.com/view/?id=NISX20220203_0001745431&cID=13001&pID=13000
355,"SM6, 르노삼성차 '고민' 다 보이네",http://www.econovill.com/news/articleView.html?idxno=565809
356,"빠르게 커지는 캠핑카 시장…르노 마스터, 품질 유지에 심혈",https://view.asiae.co.kr/article/2021100513575509899
357,"르노삼성, QM6·르노 마스터 최대 150만원 프로모션 진행",https://daily.hankooki.com/lpage/industry/202110/dh20211001145537147980.htm?s_ref=nv
358,실내 광활한 르노마스터 캠핑카로 개조해볼까,https://www.hankyung.com/economy/article/2021092896011
359,르노삼성 “10월 온라인 한정판 차량은 SM6·QM6·마스터·캡처”…혜택은?,http://news.mk.co.kr/newsRead.php?no=955371&year=2021
360,"르노 마스터, 글로벌 누적판매 300만대 기록",http://www.nspna.com/news/?mode=view&newsid=437151
361,"르노 마스터, 출시 40년만에 글로벌 누적판매 300만대 돌파",http://www.ekn.kr/news/article.html?no=507436
362,"'과제 산더미' 르노삼성 신임 사장, 정답은 하나 '생존'",http://www.newsprime.co.kr/news/article.html?no=561804
363,"[biz car] 르노삼성 '2월 풍성한 혜택', 제네시스 'EV 충전소 개소', 현대차 '캐스퍼 밴' 출시",http://www.bizwnews.com/news/articleView.html?idxno=32375
364,"르노삼성 ""2월에 조에 사면 최대 300만원 혜택""",http://www.newsis.com/view/?id=NISX20220203_0001745431&cID=13001&pID=13000
365,"SM6, 르노삼성차 '고민' 다 보이네",http://www.econovill.com/news/articleView.html?idxno=565809
366,"빠르게 커지는 캠핑카 시장…르노 마스터, 품질 유지에 심혈",https://view.asiae.co.kr/article/2021100513575509899
367,"르노삼성, QM6·르노 마스터 최대 150만원 프로모션 진행",https://daily.hankooki.com/lpage/industry/202110/dh20211001145537147980.htm?s_ref=nv
368,실내 광활한 르노마스터 캠핑카로 개조해볼까,https://www.hankyung.com/economy/article/2021092896011
369,르노삼성 “10월 온라인 한정판 차량은 SM6·QM6·마스터·캡처”…혜택은?,http://news.mk.co.kr/newsRead.php?no=955371&year=2021
370,"르노 마스터, 출시 40년 글로벌 누적판매 300만대 기록",http://www.seoulwire.com/news/articleView.html?idxno=417592
371,"'과제 산더미' 르노삼성 신임 사장, 정답은 하나 '생존'",http://www.newsprime.co.kr/news/article.html?no=561804
372,"[biz car] 르노삼성 '2월 풍성한 혜택', 제네시스 'EV 충전소 개소', 현대차 '캐스퍼 밴' 출시",http://www.bizwnews.com/news/articleView.html?idxno=32375
373,"르노삼성 ""2월에 조에 사면 최대 300만원 혜택""",http://www.newsis.com/view/?id=NISX20220203_0001745431&cID=13001&pID=13000
374,"르노 마스터, 출시 40년 글로벌 누적판매 300만대 기록",https://sports.donga.com/article/all/20200625/101680016/1
375,"SM6, 르노삼성차 '고민' 다 보이네",http://www.econovill.com/news/articleView.html?idxno=565809
376,"빠르게 커지는 캠핑카 시장…르노 마스터, 품질 유지에 심혈",https://view.asiae.co.kr/article/2021100513575509899
377,"르노삼성, QM6·르노 마스터 최대 150만원 프로모션 진행",https://daily.hankooki.com/lpage/industry/202110/dh20211001145537147980.htm?s_ref=nv
378,실내 광활한 르노마스터 캠핑카로 개조해볼까,https://www.hankyung.com/economy/article/2021092896011
379,르노삼성 “10월 온라인 한정판 차량은 SM6·QM6·마스터·캡처”…혜택은?,http://news.mk.co.kr/newsRead.php?no=955371&year=2021
380,르노삼성차 “출고 지연 걱정마세요”… 더욱 풍성한 2월 판매조건 제공,http://www.segyebiz.com/newsView/20220203516880?OutUrl=naver
381,"르노 마스터, 출시 40년 글로벌 누적판매 300만대 기록",https://sports.donga.com/article/all/20200625/101680016/1
382,"SM6, 르노삼성차 '고민' 다 보이네",http://www.econovill.com/news/articleView.html?idxno=565809
383,"빠르게 커지는 캠핑카 시장…르노 마스터, 품질 유지에 심혈",https://view.asiae.co.kr/article/2021100513575509899
384,"르노삼성, QM6·르노 마스터 최대 150만원 프로모션 진행",https://daily.hankooki.com/lpage/industry/202110/dh20211001145537147980.htm?s_ref=nv
385,실내 광활한 르노마스터 캠핑카로 개조해볼까,https://www.hankyung.com/economy/article/2021092896011
386,르노삼성 “10월 온라인 한정판 차량은 SM6·QM6·마스터·캡처”…혜택은?,http://news.mk.co.kr/newsRead.php?no=955371&year=2021
387,"르노삼성차, '뉴 르노 마스터' 출시 일주일 만에 615대 계약",http://www.shinailbo.co.kr/news/articleView.html?idxno=1263673
388,"르노삼성차, 새해 들어 '순풍'…내수·수출 모두 증가",https://www.busaneconomy.com/news/articleView.html?idxno=272425
389,학원차·캠핑카 변신 '르노 마스터' 장점 뭐길래?,https://www.nocutnews.co.kr/news/5627214
390,"르노삼성차, QM6 등 2월 판매조건 제공",http://www.nspna.com/news/?mode=view&newsid=552598
391,"르노 마스터, 출시 40년 글로벌 누적판매 300만대 기록",https://sports.donga.com/article/all/20200625/101680016/1
392,"SM6, 르노삼성차 '고민' 다 보이네",http://www.econovill.com/news/articleView.html?idxno=565809
393,"빠르게 커지는 캠핑카 시장…르노 마스터, 품질 유지에 심혈",https://view.asiae.co.kr/article/2021100513575509899
394,"르노삼성, QM6·르노 마스터 최대 150만원 프로모션 진행",https://daily.hankooki.com/lpage/industry/202110/dh20211001145537147980.htm?s_ref=nv
395,실내 광활한 르노마스터 캠핑카로 개조해볼까,https://www.hankyung.com/economy/article/2021092896011
396,르노삼성 “10월 온라인 한정판 차량은 SM6·QM6·마스터·캡처”…혜택은?,http://news.mk.co.kr/newsRead.php?no=955371&year=2021
397,"르노삼성차, '뉴 르노 마스터' 출시 일주일 만에 615대 계약",http://www.shinailbo.co.kr/news/articleView.html?idxno=1263673
398,"르노삼성차, 새해 들어 '순풍'…내수·수출 모두 증가",https://www.busaneconomy.com/news/articleView.html?idxno=272425
399,학원차·캠핑카 변신 '르노 마스터' 장점 뭐길래?,https://www.nocutnews.co.kr/news/5627214
400,“이달에 QM6·르노 마스터 사고 풍성한 혜택 챙기세요”,http://moneys.mt.co.kr/news/mwView.php?no=2021100113098050069
401,"르노삼성, 2월 구매조건 ""QM6 최대 150만원 할인""",http://www.meconomynews.com/news/articleView.html?idxno=63011
402,실내 광활한 르노마스터 캠핑카로 개조해볼까,https://www.hankyung.com/economy/article/2021092896011
403,르노삼성 “10월 온라인 한정판 차량은 SM6·QM6·마스터·캡처”…혜택은?,http://news.mk.co.kr/newsRead.php?no=955371&year=2021
404,"르노삼성차, '뉴 르노 마스터' 출시 일주일 만에 615대 계약",http://www.shinailbo.co.kr/news/articleView.html?idxno=1263673
405,"르노삼성차, 새해 들어 '순풍'…내수·수출 모두 증가",https://www.busaneconomy.com/news/articleView.html?idxno=272425
406,학원차·캠핑카 변신 '르노 마스터' 장점 뭐길래?,https://www.nocutnews.co.kr/news/5627214
407,"르노삼성, 부분변경 거친 ‘르노 마스터’ 출시… 스타일·성능·사양 개선",http://www.donga.com/news/article/all/20200316/100174723/2
408,"신차 몰아, 르노삼성 '뉴 르노 마스터 밴·버스' 출시…2999만원부터",http://news.mt.co.kr/mtview.php?no=2020031609142944774
409,"“XM3 이끌고 QM6 밀었다”… 르노삼성, 1월 판매 116%↑",https://www.donga.com/news/article/all/20220204/111575229/2
410,"신형 르노 마스터, 사전예약 1주일 615대 ""초기반응 순조""",http://www.fntimes.com/html/view.php?ud=2020032611540494667de3572ddd_18
411,"르노삼성차, 새해 들어 '순풍'…내수·수출 모두 증가",https://www.busaneconomy.com/news/articleView.html?idxno=272425
412,학원차·캠핑카 변신 '르노 마스터' 장점 뭐길래?,https://www.nocutnews.co.kr/news/5627214
413,"르노삼성, 부분변경 거친 ‘르노 마스터’ 출시… 스타일·성능·사양 개선",http://www.donga.com/news/article/all/20200316/100174723/2
414,"신차 몰아, 르노삼성 '뉴 르노 마스터 밴·버스' 출시…2999만원부터",http://news.mt.co.kr/mtview.php?no=2020031609142944774
415,"“XM3 이끌고 QM6 밀었다”… 르노삼성, 1월 판매 116%↑",https://www.donga.com/news/article/all/20220204/111575229/2
416,"르노삼성차 1월 수출호조에 내수판매도 증가, 한국GM 쌍용차 다 부진",https://www.businesspost.co.kr/BP?command=article_view&num=270647
417,'일당백' 르노삼성 QM6·XM3…쌍용차·쉐보레는 '반도체 늪',http://www.newsprime.co.kr/news/article.html?no=560675
418,수출 세배 이상 늘어난 르노삼성…XM3가 견인,https://view.asiae.co.kr/article/2022020414242405450
419,"르노삼성차 2월 프로모션, 'QM6' 150만 '르노 조에' 300만 원 할인",https://www.businesspost.co.kr/BP?command=article_view&num=270405
420,"“XM3 이끌고 QM6 밀었다”… 르노삼성, 1월 판매 116%↑",https://www.donga.com/news/article/all/20220204/111575229/2
421,"르노삼성차 1월 수출호조에 내수판매도 증가, 한국GM 쌍용차 다 부진",https://www.businesspost.co.kr/BP?command=article_view&num=270647
422,'일당백' 르노삼성 QM6·XM3…쌍용차·쉐보레는 '반도체 늪',http://www.newsprime.co.kr/news/article.html?no=560675
423,수출 세배 이상 늘어난 르노삼성…XM3가 견인,https://view.asiae.co.kr/article/2022020414242405450
424,"르노삼성차 2월 프로모션, 'QM6' 150만 '르노 조에' 300만 원 할인",https://www.businesspost.co.kr/BP?command=article_view&num=270405
425,"르노삼성차, 홈쇼핑 채널에서 15인승 버스 '르노 마스터' 판매",https://www.businesspost.co.kr/BP?command=article_view&num=249904
426,"[자동차오늘] 르노삼성, '마스터 15인승' 홈쇼핑 판매…현대차, 에어프로덕츠와 수소트럭 보급 협력",http://www.sisaon.co.kr/news/articleView.html?idxno=131510
427,"[집중분석] ""가격도 공간도 이쯤은 돼야"" 르노 마스터는 캠핑카 최강자",http://www.newsprime.co.kr/news/article.html?no=552443
428,신태용 감독이 르노 마스터 버스를 선택한 이유는?,http://biz.khan.co.kr/khan_art_view.html?artid=202109011702001&code=920501
429,[단독]르노삼성 '르노 마스터' 유럽으로 돌려보냈다,http://www.asiatoday.co.kr/view.php?key=20191222010013516
430,"르노삼성자동차, 1월 1만3,314대 판매…전년동기 대비 116.4% 증가",http://www.sentv.co.kr/news/view/611036
431,수출 세배 이상 늘어난 르노삼성…XM3가 견인,https://view.asiae.co.kr/article/2022020414242405450
432,"르노삼성차 2월 프로모션, 'QM6' 150만 '르노 조에' 300만 원 할인",https://www.businesspost.co.kr/BP?command=article_view&num=270405
433,"르노삼성차, 홈쇼핑 채널에서 15인승 버스 '르노 마스터' 판매",https://www.businesspost.co.kr/BP?command=article_view&num=249904
434,"[자동차오늘] 르노삼성, '마스터 15인승' 홈쇼핑 판매…현대차, 에어프로덕츠와 수소트럭 보급 협력",http://www.sisaon.co.kr/news/articleView.html?idxno=131510
435,"[집중분석] ""가격도 공간도 이쯤은 돼야"" 르노 마스터는 캠핑카 최강자",http://www.newsprime.co.kr/news/article.html?no=552443
436,신태용 감독이 르노 마스터 버스를 선택한 이유는?,http://biz.khan.co.kr/khan_art_view.html?artid=202109011702001&code=920501
437,[단독]르노삼성 '르노 마스터' 유럽으로 돌려보냈다,http://www.asiatoday.co.kr/view.php?key=20191222010013516
438,"르노삼성차, 르노 조에 이어 르노 마스터도 '홈쇼핑' 판매",http://mbnmoney.mbn.co.kr/news/view?news_no=MM1004434108
439,"[판이 바뀐다-기업 생존 비결은]르노삼성, 르노마스터로 상용차 새 기준 제시",http://www.newsis.com/view/?id=NISX20210826_0001561829&cID=13001&pID=13000
440,"르노삼성차, 1월 판매 1만3천314대·116.4%↑…QM6·XM3 견인",http://news.einfomax.co.kr/news/articleView.html?idxno=4197026
441,수출 세배 이상 늘어난 르노삼성…XM3가 견인,https://view.asiae.co.kr/article/2022020414242405450
442,"르노삼성차 2월 프로모션, 'QM6' 150만 '르노 조에' 300만 원 할인",https://www.businesspost.co.kr/BP?command=article_view&num=270405
443,"르노삼성차, 홈쇼핑 채널에서 15인승 버스 '르노 마스터' 판매",https://www.businesspost.co.kr/BP?command=article_view&num=249904
444,"[자동차오늘] 르노삼성, '마스터 15인승' 홈쇼핑 판매…현대차, 에어프로덕츠와 수소트럭 보급 협력",http://www.sisaon.co.kr/news/articleView.html?idxno=131510
445,"[집중분석] ""가격도 공간도 이쯤은 돼야"" 르노 마스터는 캠핑카 최강자",http://www.newsprime.co.kr/news/article.html?no=552443
446,신태용 감독이 르노 마스터 버스를 선택한 이유는?,http://biz.khan.co.kr/khan_art_view.html?artid=202109011702001&code=920501
447,[단독]르노삼성 '르노 마스터' 유럽으로 돌려보냈다,http://www.asiatoday.co.kr/view.php?key=20191222010013516
448,"르노삼성차, 르노 조에 이어 르노 마스터도 '홈쇼핑' 판매",http://mbnmoney.mbn.co.kr/news/view?news_no=MM1004434108
449,"[판이 바뀐다-기업 생존 비결은]르노삼성, 르노마스터로 상용차 새 기준 제시",http://www.newsis.com/view/?id=NISX20210826_0001561829&cID=13001&pID=13000
450,"르노삼성 QM6·XM3 인기…전년比 45.1%, 23.3% 판매↑",http://theviewers.co.kr/View.aspx?No=2199762
451,수출 세배 이상 늘어난 르노삼성…XM3가 견인,https://view.asiae.co.kr/article/2022020414242405450
452,"르노삼성차 2월 프로모션, 'QM6' 150만 '르노 조에' 300만 원 할인",https://www.businesspost.co.kr/BP?command=article_view&num=270405
453,"르노삼성차, 홈쇼핑 채널에서 15인승 버스 '르노 마스터' 판매",https://www.businesspost.co.kr/BP?command=article_view&num=249904
454,"[자동차오늘] 르노삼성, '마스터 15인승' 홈쇼핑 판매…현대차, 에어프로덕츠와 수소트럭 보급 협력",http://www.sisaon.co.kr/news/articleView.html?idxno=131510
455,"[집중분석] ""가격도 공간도 이쯤은 돼야"" 르노 마스터는 캠핑카 최강자",http://www.newsprime.co.kr/news/article.html?no=552443
456,신태용 감독이 르노 마스터 버스를 선택한 이유는?,http://biz.khan.co.kr/khan_art_view.html?artid=202109011702001&code=920501
457,[단독]르노삼성 '르노 마스터' 유럽으로 돌려보냈다,http://www.asiatoday.co.kr/view.php?key=20191222010013516
458,"르노삼성차, 르노 조에 이어 르노 마스터도 '홈쇼핑' 판매",http://mbnmoney.mbn.co.kr/news/view?news_no=MM1004434108
459,"[판이 바뀐다-기업 생존 비결은]르노삼성, 르노마스터로 상용차 새 기준 제시",http://www.newsis.com/view/?id=NISX20210826_0001561829&cID=13001&pID=13000
460,"'수출 호조' 르노삼성, 1월 1만3314대 판매… 전년比 116.4% ↑",https://biz.newdaily.co.kr/site/data/html/2022/02/04/2022020400131.html
461,수출 세배 이상 늘어난 르노삼성…XM3가 견인,https://view.asiae.co.kr/article/2022020414242405450
462,"르노삼성차 2월 프로모션, 'QM6' 150만 '르노 조에' 300만 원 할인",https://www.businesspost.co.kr/BP?command=article_view&num=270405
463,"르노삼성차, 홈쇼핑 채널에서 15인승 버스 '르노 마스터' 판매",https://www.businesspost.co.kr/BP?command=article_view&num=249904
464,"[자동차오늘] 르노삼성, '마스터 15인승' 홈쇼핑 판매…현대차, 에어프로덕츠와 수소트럭 보급 협력",http://www.sisaon.co.kr/news/articleView.html?idxno=131510
465,"[집중분석] ""가격도 공간도 이쯤은 돼야"" 르노 마스터는 캠핑카 최강자",http://www.newsprime.co.kr/news/article.html?no=552443
466,신태용 감독이 르노 마스터 버스를 선택한 이유는?,http://biz.khan.co.kr/khan_art_view.html?artid=202109011702001&code=920501
467,[단독]르노삼성 '르노 마스터' 유럽으로 돌려보냈다,http://www.asiatoday.co.kr/view.php?key=20191222010013516
468,"르노삼성차, 르노 조에 이어 르노 마스터도 '홈쇼핑' 판매",http://mbnmoney.mbn.co.kr/news/view?news_no=MM1004434108
469,"[판이 바뀐다-기업 생존 비결은]르노삼성, 르노마스터로 상용차 새 기준 제시",http://www.newsis.com/view/?id=NISX20210826_0001561829&cID=13001&pID=13000
470,"르노삼성자동차, 르노 마스터 15인승 버스 홈쇼핑 진출",http://www.sisamagazine.co.kr/news/articleView.html?idxno=400702
471,"르노삼성, QM6·SM6·XM3 구매후 3월내 고객 인도..‘빠른 출고’ 승부수!",http://www.dailycar.co.kr/content/news.html?type=view&autoId=42826
472,"[집중분석] ""가격도 공간도 이쯤은 돼야"" 르노 마스터는 캠핑카 최강자",http://www.newsprime.co.kr/news/article.html?no=552443
473,신태용 감독이 르노 마스터 버스를 선택한 이유는?,http://biz.khan.co.kr/khan_art_view.html?artid=202109011702001&code=920501
474,[단독]르노삼성 '르노 마스터' 유럽으로 돌려보냈다,http://www.asiatoday.co.kr/view.php?key=20191222010013516
475,"르노삼성차, 르노 조에 이어 르노 마스터도 '홈쇼핑' 판매",http://mbnmoney.mbn.co.kr/news/view?news_no=MM1004434108
476,"[판이 바뀐다-기업 생존 비결은]르노삼성, 르노마스터로 상용차 새 기준 제시",http://www.newsis.com/view/?id=NISX20210826_0001561829&cID=13001&pID=13000
477,"쌍용차 르노삼성차 새해 대규모 프로모션 진행, 한국GM은 기존 행사만",https://www.businesspost.co.kr/BP?command=article_view&num=267005
478,"르노삼성, QM6·마스터 150만~288만원 할인..SM6 파격 혜택은?",http://www.dailycar.co.kr/content/news.html?type=view&autoId=40771
479,"르노삼성차, 새해 특별할인 프로모션…주력모델 각종 혜택 제공",https://daily.hankooki.com/lpage/industry/202201/dh20220103100208147980.htm?s_ref=nv
480,"르노삼성차, 르노마스터 15인승 버스 홈쇼핑 진출",http://www.nspna.com/news/?mode=view&newsid=525933
481,"르노삼성, QM6·SM6·XM3 구매후 3월내 고객 인도..‘빠른 출고’ 승부수!",http://www.dailycar.co.kr/content/news.html?type=view&autoId=42826
482,"[집중분석] ""가격도 공간도 이쯤은 돼야"" 르노 마스터는 캠핑카 최강자",http://www.newsprime.co.kr/news/article.html?no=552443
483,신태용 감독이 르노 마스터 버스를 선택한 이유는?,http://biz.khan.co.kr/khan_art_view.html?artid=202109011702001&code=920501
484,[단독]르노삼성 '르노 마스터' 유럽으로 돌려보냈다,http://www.asiatoday.co.kr/view.php?key=20191222010013516
485,"르노삼성차, 르노 조에 이어 르노 마스터도 '홈쇼핑' 판매",http://mbnmoney.mbn.co.kr/news/view?news_no=MM1004434108
486,"[판이 바뀐다-기업 생존 비결은]르노삼성, 르노마스터로 상용차 새 기준 제시",http://www.newsis.com/view/?id=NISX20210826_0001561829&cID=13001&pID=13000
487,"쌍용차 르노삼성차 새해 대규모 프로모션 진행, 한국GM은 기존 행사만",https://www.businesspost.co.kr/BP?command=article_view&num=267005
488,"르노삼성, QM6·마스터 150만~288만원 할인..SM6 파격 혜택은?",http://www.dailycar.co.kr/content/news.html?type=view&autoId=40771
489,"르노삼성차, 새해 특별할인 프로모션…주력모델 각종 혜택 제공",https://daily.hankooki.com/lpage/industry/202201/dh20220103100208147980.htm?s_ref=nv
490,르노 마스터 15인승 버스도 홈쇼핑에...12일 GS마이샵,http://www.osen.co.kr/article/G1111652411
491,"르노삼성, QM6·SM6·XM3 구매후 3월내 고객 인도..‘빠른 출고’ 승부수!",http://www.dailycar.co.kr/content/news.html?type=view&autoId=42826
492,"[집중분석] ""가격도 공간도 이쯤은 돼야"" 르노 마스터는 캠핑카 최강자",http://www.newsprime.co.kr/news/article.html?no=552443
493,신태용 감독이 르노 마스터 버스를 선택한 이유는?,http://biz.khan.co.kr/khan_art_view.html?artid=202109011702001&code=920501
494,[단독]르노삼성 '르노 마스터' 유럽으로 돌려보냈다,http://www.asiatoday.co.kr/view.php?key=20191222010013516
495,"르노삼성차, 르노 조에 이어 르노 마스터도 '홈쇼핑' 판매",http://mbnmoney.mbn.co.kr/news/view?news_no=MM1004434108
496,"[판이 바뀐다-기업 생존 비결은]르노삼성, 르노마스터로 상용차 새 기준 제시",http://www.newsis.com/view/?id=NISX20210826_0001561829&cID=13001&pID=13000
497,"쌍용차 르노삼성차 새해 대규모 프로모션 진행, 한국GM은 기존 행사만",https://www.businesspost.co.kr/BP?command=article_view&num=267005
498,"르노삼성, QM6·마스터 150만~288만원 할인..SM6 파격 혜택은?",http://www.dailycar.co.kr/content/news.html?type=view&autoId=40771
499,"르노삼성차, 새해 특별할인 프로모션…주력모델 각종 혜택 제공",https://daily.hankooki.com/lpage/industry/202201/dh20220103100208147980.htm?s_ref=nv
