,title,url
0,"'판매 중단' 르노 조에, 단종 수순 밟나",https://economist.co.kr/2022/04/29/industry/normal/20220429190004002.html
1,"르노코리아차, 4월 2만318대 판매…작년 대비 117.4%↑",https://www.yna.co.kr/view/AKR20220503138500003?input=1195m
2,3월 르노코리아 수출 ‘훨훨’ 한국GM 내수 ‘울상’ 쌍용차 국내외 ‘맑음’,https://www.businesspost.co.kr/BP?command=article_view&num=279800
3,"르노차, 4월 2만318대 판매…'XM3' 월간 수출 최대",http://www.shinailbo.co.kr/news/articleView.html?idxno=1547367
4,'상승세' 쌍용차…르노코리아·한국GM '믿을 건 수출 뿐',http://www.newsprime.co.kr/news/article.html?no=566825
5,"현대·기아, 판매 감소 지속…르노·한국GM·쌍용은 상승세",http://www.rpm9.com/news/article.html?id=20220506090001
6,고유가에 전기차 인기 더 늘어···'르노 조에' 반사이익 얻나,http://www.sisajournal-e.com/news/articleView.html?idxno=267081
7,"르노 조에, 지갑 수호신",https://www.motortrendkorea.com/sub/view.html?no=6711&cate1Name=ELECTRICAR
8,"르노코리아, 신차 부재 속 연구개발비 '반토막'…구조조정 여파에 지속가능성 '흔들'",http://www.sisaon.co.kr/news/articleView.html?idxno=138454
9,“6개월 만에 월 100대 돌파”…조용한 전기차 강자 ‘르노 조에’,http://www.dt.co.kr/contents.html?article_no=2022031802109932064001&ref=naver
10,르노삼성 “팍팍해진 전기차 보조금? 출고 지연? '르노 조에'에겐 남말”,http://news.mk.co.kr/newsRead.php?no=215584&year=2022
11,"4월 국산차 판매, 이변 없이 침체",http://autotimes.hankyung.com/apps/news.sub_view?popup=0&nid=03&c1=03&c2=03&c3=00&nkey=202205031608151
12,"""전기차에 왜 과소비를..."" 보조금 100% 받는 '르노 조에'",https://www.dailian.co.kr/news/view/1073353/?sc=Naver
13,유럽 10만대 돌풍 '르노 조에' 독일 전기차 10월 신규등록 1위,http://www.dizzotv.com/site/data/html_dir/2021/11/11/2021111180215.html
14,"유럽이 선택한 전기차 르노 조에, 이유 알겠네",http://autotimes.hankyung.com/apps/news.sub_view?popup=0&nid=02&c1=02&c2=02&c3=00&nkey=202111010800081
15,"""내수보다 수출로 버텼다""…르쌍쉐, 시장 회복 반전 카드는",http://www.cstimes.com/news/articleView.html?idxno=497912
16,내 첫 전기차 ‘르노 조에’ 어때?…가격 경쟁력에 안전성까지 ‘카린이’ 관심 UP,http://www.newsway.co.kr/news/view?tp=1&ud=2021091516414465001
17,아이들 통학용 차로 뜨는 르노 조에가,https://www.newsclaim.co.kr/news/articleView.html?idxno=3005556
18,[시승기] 보다 가벼운 EV 라이프를 추구하는 존재 – 르노 조에,https://hankookilbo.com/News/Read/A2022032107240004612?did=NA
19,"[xEV 트랜드 코리아 2022] 르노코리아자동차, 전기차 '르노 조에'·'트위지' 적극 홍보",http://www.newswatch.kr/news/articleView.html?idxno=58528
20,연비 아닌 전비로 승부한다...전비 성능 1위는 '르노 조에',https://www.hellot.net/news/article.html?no=60435
21,"르노, 전기차 ‘조에’ 100만원 할인에 충전카드 50만원 지원..‘주목’",http://www.dailycar.co.kr/content/news.html?type=view&autoId=43606
22,"르노삼성차, 부산청춘드림카 사업에 '르노 조에' 지원",http://www.sportsseoul.com/news/read/1054647?ref=naver
23,"르노삼성차, 2021 부산청춘드림카 사업에 ''르노 조에'' 70대 지원",http://kr.aving.net/news/view.php?articleId=1619746&Branch_ID=kr&rssid=naver&mn_name=news
24,"르노삼성 르노 조에-xEV 트렌드 코리아 2022 참가, 전기차 보조금 100% 활용",http://www.sportsseoul.com/news/read/1104089?ref=naver
25,르노삼성차 ‘즉시 출고+100% 전기차 보조금’ 르노 조에… xEV 트렌드 코리아 2022 참가,http://www.sportsworldi.com/newsView/20220309501313
26,"르노삼성차, 유럽 휩쓴 전기차 '조에'… 온라인 판매 돌입",https://www.asiatime.co.kr/article/20210718500117
27,"유럽 1위 전기차가 홈쇼핑에...GS마이샵, 오늘 저녁 '르노 조에' 판매",http://www.etnews.com/20210718000040
28,경차는 한국지엠 '스파크' SUV는 쌍용차 '티볼리' 전기차는 르노삼성 '조에'...차종별 생애 첫 차 원픽은?,http://www.consumernews.co.kr/news/articleView.html?idxno=645008
29,"르노코리아, 친환경차 전시회 '이브이 트렌드 코리아 2022'서 맹활약…조에·트위지로 참가자 홀렸다",http://mbnmoney.mbn.co.kr/news/view?news_no=MM1004582225
30,경제성 높은 '르노 조에'...'생애 첫 차'로 구매해볼까,http://www.newspim.com/news/view/20210630001106
31,"르노삼성차 ‘조에’, 봄맞이 3월 특별 프로모션 실시",http://news.heraldcorp.com/view.php?ud=20220302000652
32,'유럽서 인정받은 도심형 전기차'…300km 이상 가는 르노 '조에',https://zdnet.co.kr/view/?no=20220223180536
33,"""실용적이고 저렴한 전기차 찾습니다!"" 르노 조에 재조명 받는다",http://www.gpkorea.com/news/articleView.html?idxno=83115
34,세계에서 30만대 팔린 전기차 르노 '조에',http://www.naeil.com/news_view/?id_art=414942
35,"생애 첫 차, 르노 조에 어때?",http://autotimes.hankyung.com/apps/news.sub_view?popup=0&nid=02&c1=02&c2=02&c3=00&nkey=202202201840441
36,유럽서 테슬라도 제쳤다…한번 충전 309km 2천만원대 전기차 '르노 조에',http://news.mk.co.kr/newsRead.php?no=554167&year=2021
37,"르노삼성, ‘조에’ 시승회 성황리 마무리..참가 고객 30% 구매 확신",http://kpenews.com/View.aspx?No=1656196
38,"르노삼성차, '르노 조에' 등 6월 더욱 풍성한 판매조건 제공",https://daily.hankooki.com/lpage/industry/202106/dh20210601112816147980.htm?s_ref=nv
39,"르노 전기차 조에, 배터리 화재 위험 30여대 리콜, 韓 판매 차량은 무관",http://www.autodaily.co.kr/news/articleView.html?idxno=431700
40,"르노삼성, 부산청춘드림카 전기차 '조에' 35대 전달",http://www.fnnews.com/news/202105111016050423
41,2000만원대 소형 전기차 찾는다면...'르노 조에'가 정답,http://www.newspim.com/news/view/20210506000968
42,도심형 전기차 대명사 '르노 조에' 시승 이벤트,http://www.fnnews.com/news/202105040959499272
43,"[시승기] 부담과 우려를 지우는 유러피언 컴팩트 EV, 르노 ‘조에’시승기",https://hankookilbo.com/News/Read/A2021050108040002901?did=NA
44,유럽 달군 순수 전기해치백 ‘르노 조에’ 전국서 달린다,http://sports.khan.co.kr/news/sk_index.html?art_id=202104211708003&sec_id=563002&pt=nv
45,시련의 계절 '르쌍쉐'…'신차' 출격 분위기 바꾼다,https://www.ekn.kr/web/view.php?key=20220502010000277
46,"르노삼성 ""2월에 조에 사면 최대 300만원 혜택""",http://www.newsis.com/view/?id=NISX20220203_0001745431&cID=13001&pID=13000
47,"르노삼성차 소형 르노 조에로 전기차 공략, 대형차 경쟁에 틈새 봐",https://www.businesspost.co.kr/BP?command=article_view&num=224981
48,신세계 사이먼 프리미엄 아울렛에서 ‘르노 조에’를 만나다,http://news.heraldcorp.com/view.php?ud=20210402000766
49,"르노삼성, 순수 전기차 '르노 조에' 전국 시승 이벤트 진행",https://www.asiatoday.co.kr/view.php?key=20210325010016714
50,"르노 조에(ZOE), 유럽 명성 국내서도 '톡톡'",https://www.newsclaim.co.kr/news/articleView.html?idxno=3003689
51,"르노삼성, 부산 청춘드림카 지원사업에 전기차 조에 제공",https://www.youthdaily.co.kr/news/article.html?no=65237
52,"르노삼성차, 부산청춘드림카사업에 ‘르노 조에’ 총 70대 제공",http://www.smartfn.co.kr/view.php?ud=2021031510172845507c01d83724_46
53,"르노삼성, 부산 청년 취업자 70명에 전기차 '르노 조에' 지원",http://news.mk.co.kr/newsRead.php?no=243072&year=2021
54,[르노삼성 전기車 조에 승부수]③유럽선 이미 테슬라 누른 ‘베스트셀링카’,https://www.ekn.kr/web/view.php?key=20210307010001217
55,르노삼성 XM3·조에 ‘2021올해의 차’ 선정,http://www.newsway.co.kr/news/view?tp=1&ud=2021022509255116176
56,전기차 '르노 조에' 사전 예약,https://www.hankyung.com/society/article/202102047103h
57,국내 진출 전기차 '르노 조에' 지난해 유럽서 10만대 팔렸다,http://www.fnnews.com/news/202101250913466151
58,2020년 유럽 EV시장 베스트셀러 모델은? ‘르노 조에’,http://www.thedrive.co.kr/news/newsview.php?ncode=1065572711736369
59,테슬라 제친 ‘르노 조에’ 이유는?[손재철의 이 차를 말한다],http://sports.khan.co.kr/news/sk_index.html?art_id=202101271619033&sec_id=563002&pt=nv
60,"르노 조에, 반년 성적 '193대'… 국내에서는 힘 못 쓰네",http://www.sisaweek.com/news/articleView.html?idxno=140785
61,전기차 세그먼트별 어떤 모델 있을까…소형 모델 '르노 조에' 독보적,https://www.news1.kr/articles/?4547296
62,'반도체 부족' 車판매량 두달째 감소…4월 57.5만대 전년比 9.78%↓(종합),https://www.news1.kr/articles/?4669486
63,‘르노 조에’ 합리적 가격·안전성도 탄탄…도심주행에 딱!,https://sports.donga.com/article/all/20201220/104560324/3
64,독보적인 가성비 EV '르노 조에',https://www.paxnetnews.com/articles/68438
65,"“6월 종료 개별소비세 혜택 놓치지 마세요”… 르노코리아자동차, 4월 특별 프로모션",http://www.sportsworldi.com/newsView/20220404503108
66,"르노삼성, ‘2020 국제환경에너지산업전’ 참가… ‘르노 조에’ 전시회서 첫선",https://www.donga.com/news/article/all/20201111/103911935/2
67,"르노코리아차 쌍용차 한국GM, 4월 최대 300만 원 할인 프로모션",https://www.businesspost.co.kr/BP?command=article_view&num=276406
68,"르노코리아·쉐보레·쌍용차, ‘3사 3색’ 할인 프로모션",https://www.fetv.co.kr/news/article.html?no=112033
69,"[집중분석] ""전기차 판매왕"" 르노 조에, 목표는 한국 정복",http://www.newsprime.co.kr/news/article.html?no=521407
70,‘갓성비 수입차’ 르노 조에…2000만 원대 테슬라 킬러,https://www.mk.co.kr/economy/view/2021/1096594
71,"르노코리아, 4월 특별 프로모션… ""인기 차종 6월내 출고""",http://www.meconomynews.com/news/articleView.html?idxno=64914
72,전기차 르노 조에가 추운 겨울에도 지치지 않는 이유는?,http://www.autodaily.co.kr/news/articleView.html?idxno=430407
73,"르노삼성차 조에, 유럽 휩쓴 인기 비결로 한국 공략",http://www.econovill.com/news/articleView.html?idxno=413871
74,"르노 조에, 10월 독일 전기차 신규등록 1위",http://www.rpm9.com/news/article.html?id=20211114090007
75,3월 차 판매 르노코리아 XM3 ‘훨훨’ 한국GM ‘먹구름’ 쌍용차 '선전',https://www.businesspost.co.kr/BP?command=article_view&num=276459
76,"르노 조에, 10월 독일 전기차 1위...테슬라 가뿐히 제처",http://www.electimes.com/article.php?aid=1636707723225158094
77,"2000만원대 전기차 '르노 조에', 합리적 비용과 전비효율로 소비자관심↑",https://daily.hankooki.com/lpage/industry/202111/dh20211110095514147980.htm?s_ref=nv
78,[시승기] 유럽 호령한 2천만원대 전기차 '르노 조에',https://www.ebn.co.kr/news/view/1450630/?sc=Naver
79,"르노코리아자동차 고객 편의 강화, 야간과 주말에도 수리 차량 입고",http://www.sportsseoul.com/news/read/1111453?ref=naver
80,르노 조에·트위지·마스터 버스 온라인 구매시 30만원 추가 할인..300대 한정 판매,http://www.dailycar.co.kr/content/news.html?type=view&autoId=41936
81,"""몰라봐 미안. 테슬라 킬러""…'2000만원대 수입 전기차' 조에, 생애첫차로 괜찮을까 [왜몰랐을카]",http://news.mk.co.kr/newsRead.php?no=204374&year=2022
82,"[신차 타볼카] ""언덕길도 문제없다""… 암팡진 전기차 '르노 조에'",http://www.newscj.com/news/articleView.html?idxno=773877
83,[ER영상]가성비 좋은 매력적인 전기차 '르노 조에',http://www.econovill.com/news/articleView.html?idxno=409914
84,[시승기] 군살 빼고 가성비 높인 르노 전기차 '조에'… 도심 주행 제격,http://biz.newdaily.co.kr/site/data/html/2020/08/28/2020082800073.html
85,[시승기] 전기차 '르노 조에' 조용하고 부드럽지만 언덕길도 '씽씽',http://www.consumernews.co.kr/news/articleView.html?idxno=611118
86,[시승기] 서울서 2809만원에 살 수 있는 도심형 전기차 '르노 조에',http://daily.hankooki.com/lpage/industry/202008/dh20200826114849147980.htm?s_ref=nv
87,"""이렇게 좋은데 한국만 몰라""…'테슬라 킬러' 2000만원대 전기차, '품질고수' 르노 조에",http://news.mk.co.kr/newsRead.php?no=1042712&year=2021
88,"[시승기] 유럽 1위 르노 조에, 극강 가성비로 전기차 시장 흔든다",http://www.ekn.kr/news/article.html?no=518912
89,[시승기] 2000만원대 수입 전기차 `르노 조에` 직접 운전해보니…,http://www.dt.co.kr/contents.html?article_no=2020082402101832064001&ref=naver
90,[시승기] 유럽 전기차 판매 1위의 저력 '르노 조에',http://it.chosun.com/site/data/html_dir/2020/08/21/2020082103794.html
91,"[시승기] 르노 전기차 '조에', 도심 출퇴근의 알뜰한 동반자",https://www.dailian.co.kr/news/view/913732/?sc=Naver
92,[타봤어요]가솔린·디젤→전기차로 바꿔 탄다면 '르노 조에',http://www.edaily.co.kr/news/newspath.asp?newsid=01469446625869616
93,"[시승기] 유럽 1위 전기차 '르노 조에', 한국서도 먹힐까?",http://www.iminju.net/news/articleView.html?idxno=56421
94,"유럽판매 1위 전기차 '르노 조에' 공식 출시…""1회 완충 309㎞ 주행""",http://www.newsian.co.kr/news/articleView.html?idxno=42799
95,테슬라 제친 유럽 판매 1위 전기차 '르노 조에' 韓 상륙,http://www.edaily.co.kr/news/newspath.asp?newsid=01718726625868632
96,유럽 1위 전기차 ‘르노 조에’ 등판…2000만원대 ‘가성비’ 승부수(종합),http://www.edaily.co.kr/news/newspath.asp?newsid=03227526625868632
97,"[시승기] ""달리면서 충전까지""…매력적인 콤팩트 전기차 '르노 조에'",https://www.etoday.co.kr/news/view/1930558
98,"르노삼성차, 유럽 판매 1위 전기차 '르노 조에(ZOE)' 한국 출시",http://www.cstimes.com/news/articleView.html?idxno=426758
99,"르노, 英 전기차 구독서비스업체 'ONTO'에 조에 2,150대 공급 계약",http://www.autodaily.co.kr/news/articleView.html?idxno=430175
100,"르노삼성, 'xEV 트렌드 코리아'서 조에·트위지 선봬",http://moneys.mt.co.kr/news/mwView.php?no=2022030810328033444
101,경차는 한국지엠 '스파크' SUV는 쌍용차 '티볼리' 전기차는 르노삼성 '조에'...차종별 생애 첫 차 원픽은?,http://www.consumernews.co.kr/news/articleView.html?idxno=645008
102,"르노코리아, 친환경차 전시회 '이브이 트렌드 코리아 2022'서 맹활약…조에·트위지로 참가자 홀렸다",http://mbnmoney.mbn.co.kr/news/view?news_no=MM1004582225
103,경제성 높은 '르노 조에'...'생애 첫 차'로 구매해볼까,http://www.newspim.com/news/view/20210630001106
104,"르노삼성차 ‘조에’, 봄맞이 3월 특별 프로모션 실시",http://news.heraldcorp.com/view.php?ud=20220302000652
105,'유럽서 인정받은 도심형 전기차'…300km 이상 가는 르노 '조에',https://zdnet.co.kr/view/?no=20220223180536
106,"""실용적이고 저렴한 전기차 찾습니다!"" 르노 조에 재조명 받는다",http://www.gpkorea.com/news/articleView.html?idxno=83115
107,"르노 전기차 ‘조에(ZOE)’, GS마이샵 통해 판매 개시",https://sports.donga.com/article/all/20210718/108018016/1
108,세계에서 30만대 팔린 전기차 르노 '조에',http://www.naeil.com/news_view/?id_art=414942
109,"생애 첫 차, 르노 조에 어때?",http://autotimes.hankyung.com/apps/news.sub_view?popup=0&nid=02&c1=02&c2=02&c3=00&nkey=202202201840441
110,"전기차 보조금 100% 활용 가능한 르노 조에, xEV 트렌드 코리아 2022 참가",http://www.fntimes.com/html/view.php?ud=20220308110931431499ebb03838_18
111,경차는 한국지엠 '스파크' SUV는 쌍용차 '티볼리' 전기차는 르노삼성 '조에'...차종별 생애 첫 차 원픽은?,http://www.consumernews.co.kr/news/articleView.html?idxno=645008
112,"르노코리아, 친환경차 전시회 '이브이 트렌드 코리아 2022'서 맹활약…조에·트위지로 참가자 홀렸다",http://mbnmoney.mbn.co.kr/news/view?news_no=MM1004582225
113,경제성 높은 '르노 조에'...'생애 첫 차'로 구매해볼까,http://www.newspim.com/news/view/20210630001106
114,"르노삼성차 ‘조에’, 봄맞이 3월 특별 프로모션 실시",http://news.heraldcorp.com/view.php?ud=20220302000652
115,'유럽서 인정받은 도심형 전기차'…300km 이상 가는 르노 '조에',https://zdnet.co.kr/view/?no=20220223180536
116,"""실용적이고 저렴한 전기차 찾습니다!"" 르노 조에 재조명 받는다",http://www.gpkorea.com/news/articleView.html?idxno=83115
117,"르노 전기차 ‘조에(ZOE)’, GS마이샵 통해 판매 개시",https://sports.donga.com/article/all/20210718/108018016/1
118,세계에서 30만대 팔린 전기차 르노 '조에',http://www.naeil.com/news_view/?id_art=414942
119,"생애 첫 차, 르노 조에 어때?",http://autotimes.hankyung.com/apps/news.sub_view?popup=0&nid=02&c1=02&c2=02&c3=00&nkey=202202201840441
120,"르노 조에, xEV 트렌드 코리아 2022 참가",http://kbench.com/?q=node/230586
121,경차는 한국지엠 '스파크' SUV는 쌍용차 '티볼리' 전기차는 르노삼성 '조에'...차종별 생애 첫 차 원픽은?,http://www.consumernews.co.kr/news/articleView.html?idxno=645008
122,"르노코리아, 친환경차 전시회 '이브이 트렌드 코리아 2022'서 맹활약…조에·트위지로 참가자 홀렸다",http://mbnmoney.mbn.co.kr/news/view?news_no=MM1004582225
123,경제성 높은 '르노 조에'...'생애 첫 차'로 구매해볼까,http://www.newspim.com/news/view/20210630001106
124,"르노삼성차 ‘조에’, 봄맞이 3월 특별 프로모션 실시",http://news.heraldcorp.com/view.php?ud=20220302000652
125,'유럽서 인정받은 도심형 전기차'…300km 이상 가는 르노 '조에',https://zdnet.co.kr/view/?no=20220223180536
126,"""실용적이고 저렴한 전기차 찾습니다!"" 르노 조에 재조명 받는다",http://www.gpkorea.com/news/articleView.html?idxno=83115
127,"르노 전기차 ‘조에(ZOE)’, GS마이샵 통해 판매 개시",https://sports.donga.com/article/all/20210718/108018016/1
128,세계에서 30만대 팔린 전기차 르노 '조에',http://www.naeil.com/news_view/?id_art=414942
129,"생애 첫 차, 르노 조에 어때?",http://autotimes.hankyung.com/apps/news.sub_view?popup=0&nid=02&c1=02&c2=02&c3=00&nkey=202202201840441
130,'유럽서 인정받은 도심형 전기차'…300km 이상 가는 르노 '조에',https://zdnet.co.kr/view/?no=20220223180536
131,"""실용적이고 저렴한 전기차 찾습니다!"" 르노 조에 재조명 받는다",http://www.gpkorea.com/news/articleView.html?idxno=83115
132,"르노 전기차 ‘조에(ZOE)’, GS마이샵 통해 판매 개시",https://sports.donga.com/article/all/20210718/108018016/1
133,세계에서 30만대 팔린 전기차 르노 '조에',http://www.naeil.com/news_view/?id_art=414942
134,"생애 첫 차, 르노 조에 어때?",http://autotimes.hankyung.com/apps/news.sub_view?popup=0&nid=02&c1=02&c2=02&c3=00&nkey=202202201840441
135,"르노삼성자동차 ""전기차 '르노 조에' 최대 300만원 할인""",https://view.asiae.co.kr/article/2022030208515658291
136,유럽서 테슬라도 제쳤다…한번 충전 309km 2천만원대 전기차 '르노 조에',http://news.mk.co.kr/newsRead.php?no=554167&year=2021
137,"르노삼성, ‘조에’ 시승회 성황리 마무리..참가 고객 30% 구매 확신",http://kpenews.com/View.aspx?No=1656196
138,"르노삼성차, '르노 조에' 등 6월 더욱 풍성한 판매조건 제공",https://daily.hankooki.com/lpage/industry/202106/dh20210601112816147980.htm?s_ref=nv
139,"르노 전기차 조에, 배터리 화재 위험 30여대 리콜, 韓 판매 차량은 무관",http://www.autodaily.co.kr/news/articleView.html?idxno=431700
140,"르노삼성, 3월 할인 프로모션…르노 조에 최대 300만원 혜택",https://www.asiatoday.co.kr/view.php?key=20220302010000505
141,유럽서 테슬라도 제쳤다…한번 충전 309km 2천만원대 전기차 '르노 조에',http://news.mk.co.kr/newsRead.php?no=554167&year=2021
142,"르노삼성, ‘조에’ 시승회 성황리 마무리..참가 고객 30% 구매 확신",http://kpenews.com/View.aspx?No=1656196
143,"르노삼성차, '르노 조에' 등 6월 더욱 풍성한 판매조건 제공",https://daily.hankooki.com/lpage/industry/202106/dh20210601112816147980.htm?s_ref=nv
144,"르노 전기차 조에, 배터리 화재 위험 30여대 리콜, 韓 판매 차량은 무관",http://www.autodaily.co.kr/news/articleView.html?idxno=431700
145,"르노삼성, 부산청춘드림카 전기차 '조에' 35대 전달",http://www.fnnews.com/news/202105111016050423
146,2000만원대 소형 전기차 찾는다면...'르노 조에'가 정답,http://www.newspim.com/news/view/20210506000968
147,도심형 전기차 대명사 '르노 조에' 시승 이벤트,http://www.fnnews.com/news/202105040959499272
148,"[시승기] 부담과 우려를 지우는 유러피언 컴팩트 EV, 르노 ‘조에’시승기",https://hankookilbo.com/News/Read/A2021050108040002901?did=NA
149,"르노삼성차, '르노 조에' 전국 지자체 시승 및 체험행사 진행",http://www.paxetv.com/news/articleView.html?idxno=115539
150,전기차 '르노 조에' 6월에 사면 최대 350만원 할인 혜택,http://www.edaily.co.kr/news/newspath.asp?newsid=01886006629077456
151,"르노 전기차 조에, 배터리 화재 위험 30여대 리콜, 韓 판매 차량은 무관",http://www.autodaily.co.kr/news/articleView.html?idxno=431700
152,"르노삼성, 부산청춘드림카 전기차 '조에' 35대 전달",http://www.fnnews.com/news/202105111016050423
153,2000만원대 소형 전기차 찾는다면...'르노 조에'가 정답,http://www.newspim.com/news/view/20210506000968
154,도심형 전기차 대명사 '르노 조에' 시승 이벤트,http://www.fnnews.com/news/202105040959499272
155,"[시승기] 부담과 우려를 지우는 유러피언 컴팩트 EV, 르노 ‘조에’시승기",https://hankookilbo.com/News/Read/A2021050108040002901?did=NA
156,"르노삼성차, '르노 조에' 전국 지자체 시승 및 체험행사 진행",http://www.paxetv.com/news/articleView.html?idxno=115539
157,시련의 계절 '르쌍쉐'…'신차' 출격 분위기 바꾼다,https://www.ekn.kr/web/view.php?key=20220502010000277
158,"르노삼성 ""2월에 조에 사면 최대 300만원 혜택""",http://www.newsis.com/view/?id=NISX20220203_0001745431&cID=13001&pID=13000
159,"르노삼성차 소형 르노 조에로 전기차 공략, 대형차 경쟁에 틈새 봐",https://www.businesspost.co.kr/BP?command=article_view&num=224981
160,"르노삼성, 도심형 전기차 '르노 조에' 전국 시승 행사 실시",https://www.asiatoday.co.kr/view.php?key=20210504010001487
161,"[단독] 르노, 전기차 '조에' 자발적 리콜",http://www.g-enews.com/ko-kr/news/article/news_all/2022020707041694862bb03d9507_1/article.html
162,"[시승기] 부담과 우려를 지우는 유러피언 컴팩트 EV, 르노 ‘조에’시승기",https://hankookilbo.com/News/Read/A2021050108040002901?did=NA
163,유럽 달군 순수 전기해치백 ‘르노 조에’ 전국서 달린다,http://sports.khan.co.kr/news/sk_index.html?art_id=202104211708003&sec_id=563002&pt=nv
164,시련의 계절 '르쌍쉐'…'신차' 출격 분위기 바꾼다,https://www.ekn.kr/web/view.php?key=20220502010000277
165,"르노삼성 ""2월에 조에 사면 최대 300만원 혜택""",http://www.newsis.com/view/?id=NISX20220203_0001745431&cID=13001&pID=13000
166,"르노삼성차 소형 르노 조에로 전기차 공략, 대형차 경쟁에 틈새 봐",https://www.businesspost.co.kr/BP?command=article_view&num=224981
167,신세계 사이먼 프리미엄 아울렛에서 ‘르노 조에’를 만나다,http://news.heraldcorp.com/view.php?ud=20210402000766
168,"르노삼성, 순수 전기차 '르노 조에' 전국 시승 이벤트 진행",https://www.asiatoday.co.kr/view.php?key=20210325010016714
169,"르노 조에(ZOE), 유럽 명성 국내서도 '톡톡'",https://www.newsclaim.co.kr/news/articleView.html?idxno=3003689
170,"르노삼성, 전국 지자체서 전기차 '르노 조에' 시승·체험 행사 실시",https://www.news1.kr/articles/?4281442
171,"르노삼성, 도심형 전기차 ‘조에’ 시승행사..전국 56개 전시장 진행",http://kpenews.com/View.aspx?No=1589616
172,시련의 계절 '르쌍쉐'…'신차' 출격 분위기 바꾼다,https://www.ekn.kr/web/view.php?key=20220502010000277
173,"르노삼성 ""2월에 조에 사면 최대 300만원 혜택""",http://www.newsis.com/view/?id=NISX20220203_0001745431&cID=13001&pID=13000
174,"르노삼성차 소형 르노 조에로 전기차 공략, 대형차 경쟁에 틈새 봐",https://www.businesspost.co.kr/BP?command=article_view&num=224981
175,신세계 사이먼 프리미엄 아울렛에서 ‘르노 조에’를 만나다,http://news.heraldcorp.com/view.php?ud=20210402000766
176,"르노삼성, 순수 전기차 '르노 조에' 전국 시승 이벤트 진행",https://www.asiatoday.co.kr/view.php?key=20210325010016714
177,"르노 조에(ZOE), 유럽 명성 국내서도 '톡톡'",https://www.newsclaim.co.kr/news/articleView.html?idxno=3003689
178,"르노삼성, 부산 청춘드림카 지원사업에 전기차 조에 제공",https://www.youthdaily.co.kr/news/article.html?no=65237
179,"르노삼성차, 부산청춘드림카사업에 ‘르노 조에’ 총 70대 제공",http://www.smartfn.co.kr/view.php?ud=2021031510172845507c01d83724_46
180,전기차 '르노 조에' 이달에 사면 최대 300만원 혜택,https://view.asiae.co.kr/article/2022020308430632259
181,"르노삼성차 소형 르노 조에로 전기차 공략, 대형차 경쟁에 틈새 봐",https://www.businesspost.co.kr/BP?command=article_view&num=224981
182,신세계 사이먼 프리미엄 아울렛에서 ‘르노 조에’를 만나다,http://news.heraldcorp.com/view.php?ud=20210402000766
183,"르노삼성, 순수 전기차 '르노 조에' 전국 시승 이벤트 진행",https://www.asiatoday.co.kr/view.php?key=20210325010016714
184,"르노 조에(ZOE), 유럽 명성 국내서도 '톡톡'",https://www.newsclaim.co.kr/news/articleView.html?idxno=3003689
185,"르노삼성, 부산 청춘드림카 지원사업에 전기차 조에 제공",https://www.youthdaily.co.kr/news/article.html?no=65237
186,"르노삼성차, 부산청춘드림카사업에 ‘르노 조에’ 총 70대 제공",http://www.smartfn.co.kr/view.php?ud=2021031510172845507c01d83724_46
187,"르노삼성, 부산 청년 취업자 70명에 전기차 '르노 조에' 지원",http://news.mk.co.kr/newsRead.php?no=243072&year=2021
188,[르노삼성 전기車 조에 승부수]③유럽선 이미 테슬라 누른 ‘베스트셀링카’,https://www.ekn.kr/web/view.php?key=20210307010001217
189,르노삼성 XM3·조에 ‘2021올해의 차’ 선정,http://www.newsway.co.kr/news/view?tp=1&ud=2021022509255116176
190,"르노삼성차, 전기차 '르노 조에' 체험 이벤트 마련",http://www.shinailbo.co.kr/news/articleView.html?idxno=1395355
191,"르노삼성, 순수 전기차 '르노 조에' 전국 시승 이벤트 진행",https://www.asiatoday.co.kr/view.php?key=20210325010016714
192,"르노 조에(ZOE), 유럽 명성 국내서도 '톡톡'",https://www.newsclaim.co.kr/news/articleView.html?idxno=3003689
193,"르노삼성, 부산 청춘드림카 지원사업에 전기차 조에 제공",https://www.youthdaily.co.kr/news/article.html?no=65237
194,"르노삼성차, 부산청춘드림카사업에 ‘르노 조에’ 총 70대 제공",http://www.smartfn.co.kr/view.php?ud=2021031510172845507c01d83724_46
195,"르노삼성, 부산 청년 취업자 70명에 전기차 '르노 조에' 지원",http://news.mk.co.kr/newsRead.php?no=243072&year=2021
196,[르노삼성 전기車 조에 승부수]③유럽선 이미 테슬라 누른 ‘베스트셀링카’,https://www.ekn.kr/web/view.php?key=20210307010001217
197,"르노삼성차, 2월 판매조건 공개...'QM6' 150만원·'조에' 300만원 할인",http://www.etnews.com/20220203000033
198,르노삼성 XM3·조에 ‘2021올해의 차’ 선정,http://www.newsway.co.kr/news/view?tp=1&ud=2021022509255116176
199,전기차 '르노 조에' 사전 예약,https://www.hankyung.com/society/article/202102047103h
200,"르노삼성, 부산청춘드림카사업에 전기차 `조에` 제공",http://www.gpkorea.com/news/articleView.html?idxno=72307
201,"르노삼성, 부산 청년 취업자 70명에 전기차 '르노 조에' 지원",http://news.mk.co.kr/newsRead.php?no=243072&year=2021
202,[르노삼성 전기車 조에 승부수]③유럽선 이미 테슬라 누른 ‘베스트셀링카’,https://www.ekn.kr/web/view.php?key=20210307010001217
203,"르노삼성차, 2월 판매조건 공개...'QM6' 150만원·'조에' 300만원 할인",http://www.etnews.com/20220203000033
204,르노삼성 XM3·조에 ‘2021올해의 차’ 선정,http://www.newsway.co.kr/news/view?tp=1&ud=2021022509255116176
205,전기차 '르노 조에' 사전 예약,https://www.hankyung.com/society/article/202102047103h
206,국내 진출 전기차 '르노 조에' 지난해 유럽서 10만대 팔렸다,http://www.fnnews.com/news/202101250913466151
207,2020년 유럽 EV시장 베스트셀러 모델은? ‘르노 조에’,http://www.thedrive.co.kr/news/newsview.php?ncode=1065572711736369
208,"[클릭!이 차]르노 조에 ""첫차로 타기 좋은 전기차""",http://www.etnews.com/20220113000086
209,테슬라 제친 ‘르노 조에’ 이유는?[손재철의 이 차를 말한다],http://sports.khan.co.kr/news/sk_index.html?art_id=202101271619033&sec_id=563002&pt=nv
210,"르노삼성차 2월 프로모션, 'QM6' 150만 '르노 조에' 300만 원 할인",https://www.businesspost.co.kr/BP?command=article_view&num=270405
211,르노삼성 XM3·조에 ‘2021올해의 차’ 선정,http://www.newsway.co.kr/news/view?tp=1&ud=2021022509255116176
212,전기차 '르노 조에' 사전 예약,https://www.hankyung.com/society/article/202102047103h
213,국내 진출 전기차 '르노 조에' 지난해 유럽서 10만대 팔렸다,http://www.fnnews.com/news/202101250913466151
214,2020년 유럽 EV시장 베스트셀러 모델은? ‘르노 조에’,http://www.thedrive.co.kr/news/newsview.php?ncode=1065572711736369
215,"[클릭!이 차]르노 조에 ""첫차로 타기 좋은 전기차""",http://www.etnews.com/20220113000086
216,테슬라 제친 ‘르노 조에’ 이유는?[손재철의 이 차를 말한다],http://sports.khan.co.kr/news/sk_index.html?art_id=202101271619033&sec_id=563002&pt=nv
217,"르노 조에, 반년 성적 '193대'… 국내에서는 힘 못 쓰네",http://www.sisaweek.com/news/articleView.html?idxno=140785
218,전기차 세그먼트별 어떤 모델 있을까…소형 모델 '르노 조에' 독보적,https://www.news1.kr/articles/?4547296
219,'반도체 부족' 車판매량 두달째 감소…4월 57.5만대 전년比 9.78%↓(종합),https://www.news1.kr/articles/?4669486
220,"르노삼성, 전기차 '르노 조에' 사전 예약 시작…최저 2942만원 구매 가능",http://www.newspim.com/news/view/20210204000205
221,"르노 조에, 지난해 유럽서 10만657대 판매…EV 시장 판매 1위",http://www.paxetv.com/news/articleView.html?idxno=109260
222,2020년 유럽 EV시장 베스트셀러 모델은? ‘르노 조에’,http://www.thedrive.co.kr/news/newsview.php?ncode=1065572711736369
223,"[클릭!이 차]르노 조에 ""첫차로 타기 좋은 전기차""",http://www.etnews.com/20220113000086
224,테슬라 제친 ‘르노 조에’ 이유는?[손재철의 이 차를 말한다],http://sports.khan.co.kr/news/sk_index.html?art_id=202101271619033&sec_id=563002&pt=nv
225,"르노 조에, 반년 성적 '193대'… 국내에서는 힘 못 쓰네",http://www.sisaweek.com/news/articleView.html?idxno=140785
226,전기차 세그먼트별 어떤 모델 있을까…소형 모델 '르노 조에' 독보적,https://www.news1.kr/articles/?4547296
227,'반도체 부족' 車판매량 두달째 감소…4월 57.5만대 전년比 9.78%↓(종합),https://www.news1.kr/articles/?4669486
228,‘르노 조에’ 합리적 가격·안전성도 탄탄…도심주행에 딱!,https://sports.donga.com/article/all/20201220/104560324/3
229,독보적인 가성비 EV '르노 조에',https://www.paxnetnews.com/articles/68438
230,"르노 조에, 지난해 유럽 전기차 판매 1위 등극",http://www.viva100.com/main/view.php?key=20210125010005543
231,2020년 유럽 EV시장 베스트셀러 모델은? ‘르노 조에’,http://www.thedrive.co.kr/news/newsview.php?ncode=1065572711736369
232,"[클릭!이 차]르노 조에 ""첫차로 타기 좋은 전기차""",http://www.etnews.com/20220113000086
233,테슬라 제친 ‘르노 조에’ 이유는?[손재철의 이 차를 말한다],http://sports.khan.co.kr/news/sk_index.html?art_id=202101271619033&sec_id=563002&pt=nv
234,"르노 조에, 반년 성적 '193대'… 국내에서는 힘 못 쓰네",http://www.sisaweek.com/news/articleView.html?idxno=140785
235,전기차 세그먼트별 어떤 모델 있을까…소형 모델 '르노 조에' 독보적,https://www.news1.kr/articles/?4547296
236,'반도체 부족' 車판매량 두달째 감소…4월 57.5만대 전년比 9.78%↓(종합),https://www.news1.kr/articles/?4669486
237,‘르노 조에’ 합리적 가격·안전성도 탄탄…도심주행에 딱!,https://sports.donga.com/article/all/20201220/104560324/3
238,독보적인 가성비 EV '르노 조에',https://www.paxnetnews.com/articles/68438
239,"“6월 종료 개별소비세 혜택 놓치지 마세요”… 르노코리아자동차, 4월 특별 프로모션",http://www.sportsworldi.com/newsView/20220404503108
240,'르노 조에' 한국서도 선전할까… 테슬라 제치고 유럽 전기차 1위,http://biz.newdaily.co.kr/site/data/html/2021/01/25/2021012500138.html
241,전기차 세그먼트별 어떤 모델 있을까…소형 모델 '르노 조에' 독보적,https://www.news1.kr/articles/?4547296
242,'반도체 부족' 車판매량 두달째 감소…4월 57.5만대 전년比 9.78%↓(종합),https://www.news1.kr/articles/?4669486
243,‘르노 조에’ 합리적 가격·안전성도 탄탄…도심주행에 딱!,https://sports.donga.com/article/all/20201220/104560324/3
244,독보적인 가성비 EV '르노 조에',https://www.paxnetnews.com/articles/68438
245,"“6월 종료 개별소비세 혜택 놓치지 마세요”… 르노코리아자동차, 4월 특별 프로모션",http://www.sportsworldi.com/newsView/20220404503108
246,"르노삼성, ‘2020 국제환경에너지산업전’ 참가… ‘르노 조에’ 전시회서 첫선",https://www.donga.com/news/article/all/20201111/103911935/2
247,"르노코리아차 쌍용차 한국GM, 4월 최대 300만 원 할인 프로모션",https://www.businesspost.co.kr/BP?command=article_view&num=276406
248,"르노코리아·쉐보레·쌍용차, ‘3사 3색’ 할인 프로모션",https://www.fetv.co.kr/news/article.html?no=112033
249,"[집중분석] ""전기차 판매왕"" 르노 조에, 목표는 한국 정복",http://www.newsprime.co.kr/news/article.html?no=521407
250,"쌍용·르노코리아, 4월 봄맞이 특별 혜택. 최대 385만원 할인되는 車는?",http://www.autodaily.co.kr/news/articleView.html?idxno=432603
251,"QM6 최대 30만원 구매 혜택…르노코리아, 4월 특별 프로모션 실시",http://www.apnews.kr/news/articleView.html?idxno=3001300
252,‘갓성비 수입차’ 르노 조에…2000만 원대 테슬라 킬러,https://www.mk.co.kr/economy/view/2021/1096594
253,"르노코리아, 4월 특별 프로모션… ""인기 차종 6월내 출고""",http://www.meconomynews.com/news/articleView.html?idxno=64914
254,전기차 르노 조에가 추운 겨울에도 지치지 않는 이유는?,http://www.autodaily.co.kr/news/articleView.html?idxno=430407
255,"르노삼성차 조에, 유럽 휩쓴 인기 비결로 한국 공략",http://www.econovill.com/news/articleView.html?idxno=413871
256,"르노 조에, 10월 독일 전기차 신규등록 1위",http://www.rpm9.com/news/article.html?id=20211114090007
257,전기차 보조금 100% 지원..빠른 출고 가능한 전기차 ‘조에’·‘트위지’,http://www.dailycar.co.kr/content/news.html?type=view&autoId=43297
258,3월 차 판매 르노코리아 XM3 ‘훨훨’ 한국GM ‘먹구름’ 쌍용차 '선전',https://www.businesspost.co.kr/BP?command=article_view&num=276459
259,"르노 조에, 10월 독일 전기차 1위...테슬라 가뿐히 제처",http://www.electimes.com/article.php?aid=1636707723225158094
260,전기차 보조금 100% 지원..빠른 출고 가능한 전기차 ‘조에’·‘트위지’,http://www.dailycar.co.kr/content/news.html?type=view&autoId=43297
261,3월 차 판매 르노코리아 XM3 ‘훨훨’ 한국GM ‘먹구름’ 쌍용차 '선전',https://www.businesspost.co.kr/BP?command=article_view&num=276459
262,"르노 조에, 10월 독일 전기차 1위...테슬라 가뿐히 제처",http://www.electimes.com/article.php?aid=1636707723225158094
263,"""인기 차종 빠른 출고""…르노코리아, 4월 혜택 '다양",https://www.nocutnews.co.kr/news/5732895
264,"‘테슬라, 보고 있나’ 르노 조에, 獨 전기차 신규등록 1위…유럽서만 연간 10만대",http://sports.khan.co.kr/news/sk_index.html?art_id=202111110933003&sec_id=563002&pt=nv
265,"2000만원대 전기차 '르노 조에', 합리적 비용과 전비효율로 소비자관심↑",https://daily.hankooki.com/lpage/industry/202111/dh20211110095514147980.htm?s_ref=nv
266,[시승기] 유럽 호령한 2천만원대 전기차 '르노 조에',https://www.ebn.co.kr/news/view/1450630/?sc=Naver
267,"르노코리아자동차 고객 편의 강화, 야간과 주말에도 수리 차량 입고",http://www.sportsseoul.com/news/read/1111453?ref=naver
268,르노 조에·트위지·마스터 버스 온라인 구매시 30만원 추가 할인..300대 한정 판매,http://www.dailycar.co.kr/content/news.html?type=view&autoId=41936
269,"""몰라봐 미안. 테슬라 킬러""…'2000만원대 수입 전기차' 조에, 생애첫차로 괜찮을까 [왜몰랐을카]",http://news.mk.co.kr/newsRead.php?no=204374&year=2022
270,"르노 조에, 10월 독일 전기차 1위…테슬라 모델3‧아이오닉 5 제쳐",https://www.dailian.co.kr/news/view/1051648/?sc=Naver
271,"치고 나가는 르노코리아, 4월 특별 프로모션 ‘QM6, XM3’ 할인 살펴보니",http://sports.khan.co.kr/news/sk_index.html?art_id=202204011527003&sec_id=563002&pt=nv
272,"2000만원대 전기차 '르노 조에', 합리적 비용과 전비효율로 소비자관심↑",https://daily.hankooki.com/lpage/industry/202111/dh20211110095514147980.htm?s_ref=nv
273,[시승기] 유럽 호령한 2천만원대 전기차 '르노 조에',https://www.ebn.co.kr/news/view/1450630/?sc=Naver
274,"르노코리아자동차 고객 편의 강화, 야간과 주말에도 수리 차량 입고",http://www.sportsseoul.com/news/read/1111453?ref=naver
275,르노 조에·트위지·마스터 버스 온라인 구매시 30만원 추가 할인..300대 한정 판매,http://www.dailycar.co.kr/content/news.html?type=view&autoId=41936
276,"""몰라봐 미안. 테슬라 킬러""…'2000만원대 수입 전기차' 조에, 생애첫차로 괜찮을까 [왜몰랐을카]",http://news.mk.co.kr/newsRead.php?no=204374&year=2022
277,"[신차 타볼카] ""언덕길도 문제없다""… 암팡진 전기차 '르노 조에'",http://www.newscj.com/news/articleView.html?idxno=773877
278,[ER영상]가성비 좋은 매력적인 전기차 '르노 조에',http://www.econovill.com/news/articleView.html?idxno=409914
279,[시승기] 군살 빼고 가성비 높인 르노 전기차 '조에'… 도심 주행 제격,http://biz.newdaily.co.kr/site/data/html/2020/08/28/2020082800073.html
280,"르노 조에, 10월 독일 전기차 신규 등록 1위… 테슬라 모델3 6위 차지",http://digitalchosun.dizzo.com/site/data/html_dir/2021/11/11/2021111180212.html
281,"치고 나가는 르노코리아, 4월 특별 프로모션 ‘QM6, XM3’ 할인 살펴보니",http://sports.khan.co.kr/news/sk_index.html?art_id=202204011527003&sec_id=563002&pt=nv
282,"2000만원대 전기차 '르노 조에', 합리적 비용과 전비효율로 소비자관심↑",https://daily.hankooki.com/lpage/industry/202111/dh20211110095514147980.htm?s_ref=nv
283,[시승기] 유럽 호령한 2천만원대 전기차 '르노 조에',https://www.ebn.co.kr/news/view/1450630/?sc=Naver
284,"르노코리아자동차 고객 편의 강화, 야간과 주말에도 수리 차량 입고",http://www.sportsseoul.com/news/read/1111453?ref=naver
285,르노 조에·트위지·마스터 버스 온라인 구매시 30만원 추가 할인..300대 한정 판매,http://www.dailycar.co.kr/content/news.html?type=view&autoId=41936
286,"""몰라봐 미안. 테슬라 킬러""…'2000만원대 수입 전기차' 조에, 생애첫차로 괜찮을까 [왜몰랐을카]",http://news.mk.co.kr/newsRead.php?no=204374&year=2022
287,"[신차 타볼카] ""언덕길도 문제없다""… 암팡진 전기차 '르노 조에'",http://www.newscj.com/news/articleView.html?idxno=773877
288,[ER영상]가성비 좋은 매력적인 전기차 '르노 조에',http://www.econovill.com/news/articleView.html?idxno=409914
289,[시승기] 군살 빼고 가성비 높인 르노 전기차 '조에'… 도심 주행 제격,http://biz.newdaily.co.kr/site/data/html/2020/08/28/2020082800073.html
290,르노 조에 10월 독일 전기차 신규등록 1위,https://www.dnews.co.kr/uhtml/view.jsp?idxno=202111110915095950101
291,"르노코리아자동차, QM6·XM3 등 6월내 출고…“최대 385만원 할인”",http://www.sentv.co.kr/news/view/615766
292,"2000만원대 전기차 '르노 조에', 합리적 비용과 전비효율로 소비자관심↑",https://daily.hankooki.com/lpage/industry/202111/dh20211110095514147980.htm?s_ref=nv
293,[시승기] 유럽 호령한 2천만원대 전기차 '르노 조에',https://www.ebn.co.kr/news/view/1450630/?sc=Naver
294,"르노코리아자동차 고객 편의 강화, 야간과 주말에도 수리 차량 입고",http://www.sportsseoul.com/news/read/1111453?ref=naver
295,르노 조에·트위지·마스터 버스 온라인 구매시 30만원 추가 할인..300대 한정 판매,http://www.dailycar.co.kr/content/news.html?type=view&autoId=41936
296,"""몰라봐 미안. 테슬라 킬러""…'2000만원대 수입 전기차' 조에, 생애첫차로 괜찮을까 [왜몰랐을카]",http://news.mk.co.kr/newsRead.php?no=204374&year=2022
297,"[신차 타볼카] ""언덕길도 문제없다""… 암팡진 전기차 '르노 조에'",http://www.newscj.com/news/articleView.html?idxno=773877
298,[ER영상]가성비 좋은 매력적인 전기차 '르노 조에',http://www.econovill.com/news/articleView.html?idxno=409914
299,[시승기] 군살 빼고 가성비 높인 르노 전기차 '조에'… 도심 주행 제격,http://biz.newdaily.co.kr/site/data/html/2020/08/28/2020082800073.html
300,"르노 조에, 10월 독일 전기차 신규등록 1위",http://www.ftoday.co.kr/news/articleView.html?idxno=227406
301,"르노코리아자동차, QM6·XM3 등 6월내 출고…“최대 385만원 할인”",http://www.sentv.co.kr/news/view/615766
302,"2000만원대 전기차 '르노 조에', 합리적 비용과 전비효율로 소비자관심↑",https://daily.hankooki.com/lpage/industry/202111/dh20211110095514147980.htm?s_ref=nv
303,[시승기] 유럽 호령한 2천만원대 전기차 '르노 조에',https://www.ebn.co.kr/news/view/1450630/?sc=Naver
304,"르노코리아자동차 고객 편의 강화, 야간과 주말에도 수리 차량 입고",http://www.sportsseoul.com/news/read/1111453?ref=naver
305,르노 조에·트위지·마스터 버스 온라인 구매시 30만원 추가 할인..300대 한정 판매,http://www.dailycar.co.kr/content/news.html?type=view&autoId=41936
306,"""몰라봐 미안. 테슬라 킬러""…'2000만원대 수입 전기차' 조에, 생애첫차로 괜찮을까 [왜몰랐을카]",http://news.mk.co.kr/newsRead.php?no=204374&year=2022
307,"[신차 타볼카] ""언덕길도 문제없다""… 암팡진 전기차 '르노 조에'",http://www.newscj.com/news/articleView.html?idxno=773877
308,[ER영상]가성비 좋은 매력적인 전기차 '르노 조에',http://www.econovill.com/news/articleView.html?idxno=409914
309,[시승기] 군살 빼고 가성비 높인 르노 전기차 '조에'… 도심 주행 제격,http://biz.newdaily.co.kr/site/data/html/2020/08/28/2020082800073.html
310,"2000만원대 전기차 '르노 조에', 합리적 비용과 전비효율로 소비자관심↑",https://daily.hankooki.com/lpage/industry/202111/dh20211110095514147980.htm?s_ref=nv
311,[시승기] 유럽 호령한 2천만원대 전기차 '르노 조에',https://www.ebn.co.kr/news/view/1450630/?sc=Naver
312,"르노코리아자동차 고객 편의 강화, 야간과 주말에도 수리 차량 입고",http://www.sportsseoul.com/news/read/1111453?ref=naver
313,르노 조에·트위지·마스터 버스 온라인 구매시 30만원 추가 할인..300대 한정 판매,http://www.dailycar.co.kr/content/news.html?type=view&autoId=41936
314,"""몰라봐 미안. 테슬라 킬러""…'2000만원대 수입 전기차' 조에, 생애첫차로 괜찮을까 [왜몰랐을카]",http://news.mk.co.kr/newsRead.php?no=204374&year=2022
315,"[신차 타볼카] ""언덕길도 문제없다""… 암팡진 전기차 '르노 조에'",http://www.newscj.com/news/articleView.html?idxno=773877
316,[ER영상]가성비 좋은 매력적인 전기차 '르노 조에',http://www.econovill.com/news/articleView.html?idxno=409914
317,[시승기] 군살 빼고 가성비 높인 르노 전기차 '조에'… 도심 주행 제격,http://biz.newdaily.co.kr/site/data/html/2020/08/28/2020082800073.html
318,[시승기] 전기차 '르노 조에' 조용하고 부드럽지만 언덕길도 '씽씽',http://www.consumernews.co.kr/news/articleView.html?idxno=611118
319,[시승기] 서울서 2809만원에 살 수 있는 도심형 전기차 '르노 조에',http://daily.hankooki.com/lpage/industry/202008/dh20200826114849147980.htm?s_ref=nv
320,[시승기] 서울서 2809만원에 살 수 있는 도심형 전기차 '르노 조에',http://daily.hankooki.com/lpage/industry/202008/dh20200826114849147980.htm?s_ref=nv
321,"""이렇게 좋은데 한국만 몰라""…'테슬라 킬러' 2000만원대 전기차, '품질고수' 르노 조에",http://news.mk.co.kr/newsRead.php?no=1042712&year=2021
322,"[시승기] 유럽 1위 르노 조에, 극강 가성비로 전기차 시장 흔든다",http://www.ekn.kr/news/article.html?no=518912
323,[시승기] 2000만원대 수입 전기차 `르노 조에` 직접 운전해보니…,http://www.dt.co.kr/contents.html?article_no=2020082402101832064001&ref=naver
324,[시승기] 유럽 전기차 판매 1위의 저력 '르노 조에',http://it.chosun.com/site/data/html_dir/2020/08/21/2020082103794.html
325,"[시승기] 르노 전기차 '조에', 도심 출퇴근의 알뜰한 동반자",https://www.dailian.co.kr/news/view/913732/?sc=Naver
326,[타봤어요]가솔린·디젤→전기차로 바꿔 탄다면 '르노 조에',http://www.edaily.co.kr/news/newspath.asp?newsid=01469446625869616
327,"[시승기] 유럽 1위 전기차 '르노 조에', 한국서도 먹힐까?",http://www.iminju.net/news/articleView.html?idxno=56421
328,"유럽판매 1위 전기차 '르노 조에' 공식 출시…""1회 완충 309㎞ 주행""",http://www.newsian.co.kr/news/articleView.html?idxno=42799
329,"르노삼성, 12월 조에·트위지·마스터 300대 온라인 할인 판매",http://www.fntimes.com/html/view.php?ud=2021120716052031857de3572ddd_18
330,"[시승기] 르노 전기차 '조에', 도심 출퇴근의 알뜰한 동반자",https://www.dailian.co.kr/news/view/913732/?sc=Naver
331,[타봤어요]가솔린·디젤→전기차로 바꿔 탄다면 '르노 조에',http://www.edaily.co.kr/news/newspath.asp?newsid=01469446625869616
332,"[시승기] 유럽 1위 전기차 '르노 조에', 한국서도 먹힐까?",http://www.iminju.net/news/articleView.html?idxno=56421
333,"유럽판매 1위 전기차 '르노 조에' 공식 출시…""1회 완충 309㎞ 주행""",http://www.newsian.co.kr/news/articleView.html?idxno=42799
334,"르노삼성, 12월 조에·트위지·마스터 300대 온라인 할인 판매",http://www.fntimes.com/html/view.php?ud=2021120716052031857de3572ddd_18
335,"르노코리아자동차, 4월 프로모션 발표",https://www.busaneconomy.com/news/articleView.html?idxno=277061
336,테슬라 제친 유럽 판매 1위 전기차 '르노 조에' 韓 상륙,http://www.edaily.co.kr/news/newspath.asp?newsid=01718726625868632
337,유럽 1위 전기차 ‘르노 조에’ 등판…2000만원대 ‘가성비’ 승부수(종합),http://www.edaily.co.kr/news/newspath.asp?newsid=03227526625868632
338,"[시승기] ""달리면서 충전까지""…매력적인 콤팩트 전기차 '르노 조에'",https://www.etoday.co.kr/news/view/1930558
339,"르노삼성차, 유럽 판매 1위 전기차 '르노 조에(ZOE)' 한국 출시",http://www.cstimes.com/news/articleView.html?idxno=426758
340,"“테슬라 모델3 압도 목표”... 유럽 시장 1위, ‘르노 조에’의 이유 있는 자신감",http://www.segyebiz.com/newsView/20200819513810?OutUrl=naver
341,"르노코리아자동차, 4월 프로모션 발표",https://www.busaneconomy.com/news/articleView.html?idxno=277061
342,테슬라 제친 유럽 판매 1위 전기차 '르노 조에' 韓 상륙,http://www.edaily.co.kr/news/newspath.asp?newsid=01718726625868632
343,유럽 1위 전기차 ‘르노 조에’ 등판…2000만원대 ‘가성비’ 승부수(종합),http://www.edaily.co.kr/news/newspath.asp?newsid=03227526625868632
344,"[시승기] ""달리면서 충전까지""…매력적인 콤팩트 전기차 '르노 조에'",https://www.etoday.co.kr/news/view/1930558
345,"르노삼성차, 유럽 판매 1위 전기차 '르노 조에(ZOE)' 한국 출시",http://www.cstimes.com/news/articleView.html?idxno=426758
346,"르노, 英 전기차 구독서비스업체 'ONTO'에 조에 2,150대 공급 계약",http://www.autodaily.co.kr/news/articleView.html?idxno=430175
347,"르노삼성, 유럽판매 1위 전기차 '르노 조에' 출시",http://www.opinionnews.co.kr/news/articleView.html?idxno=38264
348,"르노삼성차 전기차 조에, 삼성 떼고 르노 브랜드 홀로서기의 시금석",http://www.businesspost.co.kr/BP?command=article_view&num=191719
349,"전기차 르노 조에. 푸조 e-208, LG화학· CATL 배터리 대결",http://www.autodaily.co.kr/news/articleView.html?idxno=421350
350,"[SR자동차] 르노삼성, 유럽 판매 1위 전기차 '르노 조에' 한국 출시",http://www.srtimes.kr/news/articleView.html?idxno=70808
351,"[시승기] ""달리면서 충전까지""…매력적인 콤팩트 전기차 '르노 조에'",https://www.etoday.co.kr/news/view/1930558
352,"르노삼성차, 유럽 판매 1위 전기차 '르노 조에(ZOE)' 한국 출시",http://www.cstimes.com/news/articleView.html?idxno=426758
353,"르노삼성차, 전기차 'SM3' 대신할 '조에' 출시…""테슬라 잡는다""",http://www.inews24.com/view/1291567
354,"르노, 英 전기차 구독서비스업체 'ONTO'에 조에 2,150대 공급 계약",http://www.autodaily.co.kr/news/articleView.html?idxno=430175
355,"르노삼성, 유럽판매 1위 전기차 '르노 조에' 출시",http://www.opinionnews.co.kr/news/articleView.html?idxno=38264
356,"르노삼성차 전기차 조에, 삼성 떼고 르노 브랜드 홀로서기의 시금석",http://www.businesspost.co.kr/BP?command=article_view&num=191719
357,"전기차 르노 조에. 푸조 e-208, LG화학· CATL 배터리 대결",http://www.autodaily.co.kr/news/articleView.html?idxno=421350
358,테슬라 잡아라! 프랑스산 EV ‘르노 조에’ 시동~,http://sports.khan.co.kr/news/sk_index.html?art_id=202008110700023&sec_id=563002&pt=nv
359,"르노삼성차, 18일 출시 전기차 '르노 조에' 디자인 및 가격 공개",http://www.efnews.co.kr/news/articleView.html?idxno=86064
360,"르노삼성차, 유럽 판매 1위 전기차 '르노 조에(ZOE)' 한국 출시",http://www.cstimes.com/news/articleView.html?idxno=426758
361,유럽 전기차 판매 1위 '르노 조에' 상륙…보조금 적용 시 최저 2759만 원부터,https://www.etoday.co.kr/news/view/1930018
362,"르노삼성, 1회 309㎞ 달리는 EV '르노 조에' 출시",http://autotimes.hankyung.com/apps/news.sub_view?popup=0&nid=09&c1=09&c2=09&c3=00&nkey=202008180926061
363,"르노삼성차, 전기차 'SM3' 대신할 '조에' 출시…""테슬라 잡는다""",http://www.inews24.com/view/1291567
364,"르노, 英 전기차 구독서비스업체 'ONTO'에 조에 2,150대 공급 계약",http://www.autodaily.co.kr/news/articleView.html?idxno=430175
365,"르노삼성, 유럽판매 1위 전기차 '르노 조에' 출시",http://www.opinionnews.co.kr/news/articleView.html?idxno=38264
366,"르노삼성차 전기차 조에, 삼성 떼고 르노 브랜드 홀로서기의 시금석",http://www.businesspost.co.kr/BP?command=article_view&num=191719
367,"전기차 르노 조에. 푸조 e-208, LG화학· CATL 배터리 대결",http://www.autodaily.co.kr/news/articleView.html?idxno=421350
368,테슬라 잡아라! 프랑스산 EV ‘르노 조에’ 시동~,http://sports.khan.co.kr/news/sk_index.html?art_id=202008110700023&sec_id=563002&pt=nv
369,"르노삼성차, 18일 출시 전기차 '르노 조에' 디자인 및 가격 공개",http://www.efnews.co.kr/news/articleView.html?idxno=86064
370,"르노삼성자동차, ‘르노 조에’ 공식 출시…""테슬라 판매량 추월이 목표""",http://www.sporbiz.co.kr/news/articleView.html?idxno=463618
371,"유럽 베스트셀링 EV, '르노 조에' 국내 출시",https://hankookilbo.com/News/Read/A2020081816020003310?did=NA
372,"르노, 英 전기차 구독서비스업체 'ONTO'에 조에 2,150대 공급 계약",http://www.autodaily.co.kr/news/articleView.html?idxno=430175
373,"르노삼성, 유럽판매 1위 전기차 '르노 조에' 출시",http://www.opinionnews.co.kr/news/articleView.html?idxno=38264
374,"르노삼성차 전기차 조에, 삼성 떼고 르노 브랜드 홀로서기의 시금석",http://www.businesspost.co.kr/BP?command=article_view&num=191719
375,"전기차 르노 조에. 푸조 e-208, LG화학· CATL 배터리 대결",http://www.autodaily.co.kr/news/articleView.html?idxno=421350
376,테슬라 잡아라! 프랑스산 EV ‘르노 조에’ 시동~,http://sports.khan.co.kr/news/sk_index.html?art_id=202008110700023&sec_id=563002&pt=nv
377,"르노삼성차, 18일 출시 전기차 '르노 조에' 디자인 및 가격 공개",http://www.efnews.co.kr/news/articleView.html?idxno=86064
378,전기차 '르노 조에' 충남 등 6개 지자체서 2천만원대 구매 가능,http://www.edaily.co.kr/news/newspath.asp?newsid=02125446625866008
379,"르노삼성, 11월 온라인 판매 확대…트위지·조에 등 전기차 추가",http://apnews.kr/View.aspx?No=2102097
380,"르노삼성, 2000만원대 전기차 '르노 조에' 본격 판매",http://www.fnnews.com/news/202008181725506776
381,"`유럽 1위 전기차` 르노 조에, 한국 1위 노린다…2천만원대",http://news.mk.co.kr/newsRead.php?no=846480&year=2020
382,"르노, 英 전기차 구독서비스업체 'ONTO'에 조에 2,150대 공급 계약",http://www.autodaily.co.kr/news/articleView.html?idxno=430175
383,"르노삼성, 유럽판매 1위 전기차 '르노 조에' 출시",http://www.opinionnews.co.kr/news/articleView.html?idxno=38264
384,"르노삼성차 전기차 조에, 삼성 떼고 르노 브랜드 홀로서기의 시금석",http://www.businesspost.co.kr/BP?command=article_view&num=191719
385,"전기차 르노 조에. 푸조 e-208, LG화학· CATL 배터리 대결",http://www.autodaily.co.kr/news/articleView.html?idxno=421350
386,테슬라 잡아라! 프랑스산 EV ‘르노 조에’ 시동~,http://sports.khan.co.kr/news/sk_index.html?art_id=202008110700023&sec_id=563002&pt=nv
387,"르노삼성차, 18일 출시 전기차 '르노 조에' 디자인 및 가격 공개",http://www.efnews.co.kr/news/articleView.html?idxno=86064
388,전기차 '르노 조에' 충남 등 6개 지자체서 2천만원대 구매 가능,http://www.edaily.co.kr/news/newspath.asp?newsid=02125446625866008
389,"르노삼성, 11월 온라인 판매 확대…트위지·조에 등 전기차 추가",http://apnews.kr/View.aspx?No=2102097
390,유럽 1위 전기차 '르노 조에' 국내 상륙... 3995만원~,http://www.thedrive.co.kr/news/newsview.php?ncode=1065570698696346
391,[천지포토] 유럽 전기차 1위 '르노 조에' 韓 상륙,http://www.newscj.com/news/articleView.html?idxno=769484
392,"르노, 英 전기차 구독서비스업체 'ONTO'에 조에 2,150대 공급 계약",http://www.autodaily.co.kr/news/articleView.html?idxno=430175
393,"르노삼성, 유럽판매 1위 전기차 '르노 조에' 출시",http://www.opinionnews.co.kr/news/articleView.html?idxno=38264
394,"르노삼성차 전기차 조에, 삼성 떼고 르노 브랜드 홀로서기의 시금석",http://www.businesspost.co.kr/BP?command=article_view&num=191719
395,"전기차 르노 조에. 푸조 e-208, LG화학· CATL 배터리 대결",http://www.autodaily.co.kr/news/articleView.html?idxno=421350
396,테슬라 잡아라! 프랑스산 EV ‘르노 조에’ 시동~,http://sports.khan.co.kr/news/sk_index.html?art_id=202008110700023&sec_id=563002&pt=nv
397,"르노삼성차, 18일 출시 전기차 '르노 조에' 디자인 및 가격 공개",http://www.efnews.co.kr/news/articleView.html?idxno=86064
398,전기차 '르노 조에' 충남 등 6개 지자체서 2천만원대 구매 가능,http://www.edaily.co.kr/news/newspath.asp?newsid=02125446625866008
399,"르노삼성, 11월 온라인 판매 확대…트위지·조에 등 전기차 추가",http://apnews.kr/View.aspx?No=2102097
400,"르노삼성차, 18일 출시 전기차 '르노 조에' 디자인 및 가격 공개",http://www.efnews.co.kr/news/articleView.html?idxno=86064
401,전기차 '르노 조에' 충남 등 6개 지자체서 2천만원대 구매 가능,http://www.edaily.co.kr/news/newspath.asp?newsid=02125446625866008
402,"르노삼성, 11월 온라인 판매 확대…트위지·조에 등 전기차 추가",http://apnews.kr/View.aspx?No=2102097
403,"시티 라이프에 딱!..르노 조에, 도심형 전기차로 ‘주목’",http://www.dailycar.co.kr/content/news.html?type=view&autoId=41406
404,"'수출 호조' 르노코리아, 올 3월 1만409대 판매…전년비 21.4%↑",https://www.hankyung.com/economy/article/202204017889g
405,"르노삼성, 유럽 전기차 판매 1위 '르노 조에' 한국 출시",http://www.seoulwire.com/news/articleView.html?idxno=424433
406,[이주의 차] 국내 상륙한 유럽 1위 전기차 '르노 조에'…서울서 2809만원,http://isplus.live.joins.com/news/article/article.asp?total_id=23852516
407,"르노코리아 ""QM6 등 인기 차종 6월까지 출고""",https://view.asiae.co.kr/article/2022040109404831801
408,"프랑스 르노 '100% 전기차 마을' 조성해 신차 조에(Zoe) 홍보나서...""국내 출시도 곧""",http://www.autodaily.co.kr/news/articleView.html?idxno=421014
409,"[포토오늘] 르노삼성, 유럽 전기차 누적 판매 1위 '르노 조에' 공식 출시",http://www.sisaon.co.kr/news/articleView.html?idxno=116927
410,"[SR자동차] 르노삼성, 전기차 '르노 조에' 디자인·가격대 공개",http://www.srtimes.kr/news/articleView.html?idxno=70165
411,전기차 '르노 조에' 충남 등 6개 지자체서 2천만원대 구매 가능,http://www.edaily.co.kr/news/newspath.asp?newsid=02125446625866008
412,"르노삼성, 11월 온라인 판매 확대…트위지·조에 등 전기차 추가",http://apnews.kr/View.aspx?No=2102097
413,"시티 라이프에 딱!..르노 조에, 도심형 전기차로 ‘주목’",http://www.dailycar.co.kr/content/news.html?type=view&autoId=41406
414,"'수출 호조' 르노코리아, 올 3월 1만409대 판매…전년비 21.4%↑",https://www.hankyung.com/economy/article/202204017889g
415,"르노삼성, 유럽 전기차 판매 1위 '르노 조에' 한국 출시",http://www.seoulwire.com/news/articleView.html?idxno=424433
416,[이주의 차] 국내 상륙한 유럽 1위 전기차 '르노 조에'…서울서 2809만원,http://isplus.live.joins.com/news/article/article.asp?total_id=23852516
417,"르노코리아 ""QM6 등 인기 차종 6월까지 출고""",https://view.asiae.co.kr/article/2022040109404831801
418,"프랑스 르노 '100% 전기차 마을' 조성해 신차 조에(Zoe) 홍보나서...""국내 출시도 곧""",http://www.autodaily.co.kr/news/articleView.html?idxno=421014
419,"[포토오늘] 르노삼성, 유럽 전기차 누적 판매 1위 '르노 조에' 공식 출시",http://www.sisaon.co.kr/news/articleView.html?idxno=116927
420,"韓 상륙 앞둔 전기차 르노 조에, 가격·디자인 공개",http://news.kmib.co.kr/article/view.asp?arcid=0014893342&code=61172011&cp=nv
421,전기차 '르노 조에' 충남 등 6개 지자체서 2천만원대 구매 가능,http://www.edaily.co.kr/news/newspath.asp?newsid=02125446625866008
422,"르노삼성, 11월 온라인 판매 확대…트위지·조에 등 전기차 추가",http://apnews.kr/View.aspx?No=2102097
423,"시티 라이프에 딱!..르노 조에, 도심형 전기차로 ‘주목’",http://www.dailycar.co.kr/content/news.html?type=view&autoId=41406
424,"'수출 호조' 르노코리아, 올 3월 1만409대 판매…전년비 21.4%↑",https://www.hankyung.com/economy/article/202204017889g
425,"르노삼성, 유럽 전기차 판매 1위 '르노 조에' 한국 출시",http://www.seoulwire.com/news/articleView.html?idxno=424433
426,[이주의 차] 국내 상륙한 유럽 1위 전기차 '르노 조에'…서울서 2809만원,http://isplus.live.joins.com/news/article/article.asp?total_id=23852516
427,"르노코리아 ""QM6 등 인기 차종 6월까지 출고""",https://view.asiae.co.kr/article/2022040109404831801
428,"프랑스 르노 '100% 전기차 마을' 조성해 신차 조에(Zoe) 홍보나서...""국내 출시도 곧""",http://www.autodaily.co.kr/news/articleView.html?idxno=421014
429,"[포토오늘] 르노삼성, 유럽 전기차 누적 판매 1위 '르노 조에' 공식 출시",http://www.sisaon.co.kr/news/articleView.html?idxno=116927
430,유럽 1위 전기차 '르노 조에' 한국 진출…부산은 2760만원부터,http://www.leaders.kr/news/articleView.html?idxno=208513
431,"르노삼성차, 베스트셀러 르노 조에 디자인과 국내 가격대 공개",http://www.seoulwire.com/news/articleView.html?idxno=423455
432,"르노삼성, 11월 온라인 판매 확대…트위지·조에 등 전기차 추가",http://apnews.kr/View.aspx?No=2102097
433,"시티 라이프에 딱!..르노 조에, 도심형 전기차로 ‘주목’",http://www.dailycar.co.kr/content/news.html?type=view&autoId=41406
434,"'수출 호조' 르노코리아, 올 3월 1만409대 판매…전년비 21.4%↑",https://www.hankyung.com/economy/article/202204017889g
435,"르노삼성, 유럽 전기차 판매 1위 '르노 조에' 한국 출시",http://www.seoulwire.com/news/articleView.html?idxno=424433
436,[이주의 차] 국내 상륙한 유럽 1위 전기차 '르노 조에'…서울서 2809만원,http://isplus.live.joins.com/news/article/article.asp?total_id=23852516
437,"르노코리아 ""QM6 등 인기 차종 6월까지 출고""",https://view.asiae.co.kr/article/2022040109404831801
438,"프랑스 르노 '100% 전기차 마을' 조성해 신차 조에(Zoe) 홍보나서...""국내 출시도 곧""",http://www.autodaily.co.kr/news/articleView.html?idxno=421014
439,[포토] 유럽 강타한 '르노 조에' 국내 시장 상륙,http://www.enewstoday.co.kr/news/articleView.html?idxno=1407981
440,"르노삼성자동차, 유럽 전기차 누적 판매 1위 ‘르노 조에’ 가격 공개",http://www.nspna.com/news/?mode=view&newsid=446264
441,"르노삼성차, 베스트셀러 르노 조에 디자인과 국내 가격대 공개",http://www.seoulwire.com/news/articleView.html?idxno=423455
442,"르노삼성, 11월 온라인 판매 확대…트위지·조에 등 전기차 추가",http://apnews.kr/View.aspx?No=2102097
443,"시티 라이프에 딱!..르노 조에, 도심형 전기차로 ‘주목’",http://www.dailycar.co.kr/content/news.html?type=view&autoId=41406
444,"'수출 호조' 르노코리아, 올 3월 1만409대 판매…전년비 21.4%↑",https://www.hankyung.com/economy/article/202204017889g
445,"르노삼성, 유럽 전기차 판매 1위 '르노 조에' 한국 출시",http://www.seoulwire.com/news/articleView.html?idxno=424433
446,[이주의 차] 국내 상륙한 유럽 1위 전기차 '르노 조에'…서울서 2809만원,http://isplus.live.joins.com/news/article/article.asp?total_id=23852516
447,"르노코리아 ""QM6 등 인기 차종 6월까지 출고""",https://view.asiae.co.kr/article/2022040109404831801
448,"프랑스 르노 '100% 전기차 마을' 조성해 신차 조에(Zoe) 홍보나서...""국내 출시도 곧""",http://www.autodaily.co.kr/news/articleView.html?idxno=421014
449,"[포토오늘] 르노삼성, 유럽 전기차 누적 판매 1위 '르노 조에' 공식 출시",http://www.sisaon.co.kr/news/articleView.html?idxno=116927
450,[이주의 차] 국내 상륙한 유럽 1위 전기차 '르노 조에'…서울서 2809만원,http://isplus.live.joins.com/news/article/article.asp?total_id=23852516
451,"르노코리아 ""QM6 등 인기 차종 6월까지 출고""",https://view.asiae.co.kr/article/2022040109404831801
452,"프랑스 르노 '100% 전기차 마을' 조성해 신차 조에(Zoe) 홍보나서...""국내 출시도 곧""",http://www.autodaily.co.kr/news/articleView.html?idxno=421014
453,"[포토오늘] 르노삼성, 유럽 전기차 누적 판매 1위 '르노 조에' 공식 출시",http://www.sisaon.co.kr/news/articleView.html?idxno=116927
454,"[포토] 르노삼성, 2천만 원대 전기차 '르노 조에' 출시",http://www.ajunews.com/view/20200818115330441
455,"[시승기] 르노 조에, 전기차와 사랑에 빠진 개그우먼 송인화(2부)",http://www.pinpointnews.co.kr/view.php?ud=202110241014559700d88486204_45
456,"명품 전기차 '르노 조에' 18일 출시 ""우리 지역 보조금은?""",http://news.mt.co.kr/mtview.php?no=2020081009303324417
457,유럽 전기차 르노 조에 18일 출시…서울서 2000만원대,http://www.dt.co.kr/contents.html?article_no=2020081002109932064004&ref=naver
458,"르노삼성자동차, '르노코리아자동차'로 새로운 사명 확정",http://www.efnews.co.kr/news/articleView.html?idxno=94819
459,"르노코리아자동차,고객 소통 중심 인카페이먼트 가맹점 확대에 박차",http://sports.chosun.com/news/ntype.htm?id=202203300100193780011955&servicedate=20220330
460,유럽 전기차 르노 조에 18일 출시…서울서 2000만원대,http://www.dt.co.kr/contents.html?article_no=2020081002109932064004&ref=naver
461,"르노삼성자동차, '르노코리아자동차'로 새로운 사명 확정",http://www.efnews.co.kr/news/articleView.html?idxno=94819
462,"르노코리아자동차,고객 소통 중심 인카페이먼트 가맹점 확대에 박차",http://sports.chosun.com/news/ntype.htm?id=202203300100193780011955&servicedate=20220330
463,유럽 1위 전기차 '르노 조에' 한국 상륙,https://www.news1.kr/photos/view/?4340686
464,"[시승기] 르노 조에, 전기차 첫 경험한 개그우먼 송인화의 소감은?(1부)",http://www.pinpointnews.co.kr/view.php?ud=2021101915424176479cdfed7945_45
465,“굿바이 삼성”…사명 바꾸고 새 출발하는 ‘르노코리아자동차’,https://www.mk.co.kr/economy/view/2022/271973
466,"르노코리아자동차 ""고객 소통 중심 인카페이먼트 가맹점 확대""",https://sports.hankooki.com/lpage/economy/202203/sp20220329080515136990.htm?s_ref=nv
467,"봄맞이 할인 사라진 車 업계… 렉스턴·조에, 100만원 할인",https://biz.chosun.com/industry/car/2022/03/02/ODP3M5UNV5E5HMFUPDHZ7DZFOM/?utm_source=naver&utm_medium=original&utm_campaign=biz
468,(영상)유럽 1위 전기차 르노 '조에'…국내 판매 부진,http://www.newstomato.com/ReadNews.aspx?no=1079167&inflow=N
469,"""전기차 즉시 출고됩니다""…르노삼성, xEV 트렌드 코리아 참가",https://www.news1.kr/articles/?4608831
470,"[시승기] 르노 조에, 전기차 첫 경험한 개그우먼 송인화의 소감은?(1부)",http://www.pinpointnews.co.kr/view.php?ud=2021101915424176479cdfed7945_45
471,“굿바이 삼성”…사명 바꾸고 새 출발하는 ‘르노코리아자동차’,https://www.mk.co.kr/economy/view/2022/271973
472,"르노코리아자동차 ""고객 소통 중심 인카페이먼트 가맹점 확대""",https://sports.hankooki.com/lpage/economy/202203/sp20220329080515136990.htm?s_ref=nv
473,"봄맞이 할인 사라진 車 업계… 렉스턴·조에, 100만원 할인",https://biz.chosun.com/industry/car/2022/03/02/ODP3M5UNV5E5HMFUPDHZ7DZFOM/?utm_source=naver&utm_medium=original&utm_campaign=biz
474,(영상)유럽 1위 전기차 르노 '조에'…국내 판매 부진,http://www.newstomato.com/ReadNews.aspx?no=1079167&inflow=N
475,"""전기차 즉시 출고됩니다""…르노삼성, xEV 트렌드 코리아 참가",https://www.news1.kr/articles/?4608831
476,9월 49대 팔린 르노삼성 전기차 '조에'…전동화 시대 '먹구름',http://www.newsis.com/view/?id=NISX20211008_0001607233&cID=13001&pID=13000
477,"르노삼성, 유럽 전기차 판매 1위 '조에' 18일 출시",http://news.einfomax.co.kr/news/articleView.html?idxno=4101798
478,"르노 그룹, 러시아 영업중단 압박에 ""타격"" 호소",http://www.pinpointnews.co.kr/news/articleView.html?idxno=104723
479,"""차에서 주문하고 수령까지"" 르노, 인카페이먼트 맛집 43곳 추가",http://www.newsis.com/view/?id=NISX20220324_0001806554&cID=13001&pID=13000
480,"르노삼성차, 'xEV 트렌드 코리아' 참가…즉시 출고 가능 전기차 전시",http://www.shinailbo.co.kr/news/articleView.html?idxno=1524655
481,9월 49대 팔린 르노삼성 전기차 '조에'…전동화 시대 '먹구름',http://www.newsis.com/view/?id=NISX20211008_0001607233&cID=13001&pID=13000
482,"르노삼성, 유럽 전기차 판매 1위 '조에' 18일 출시",http://news.einfomax.co.kr/news/articleView.html?idxno=4101798
483,"르노 그룹, 러시아 영업중단 압박에 ""타격"" 호소",http://www.pinpointnews.co.kr/news/articleView.html?idxno=104723
484,"""차에서 주문하고 수령까지"" 르노, 인카페이먼트 맛집 43곳 추가",http://www.newsis.com/view/?id=NISX20220324_0001806554&cID=13001&pID=13000
485,"[biz car] 현대차, 쉐보레, 르노코리아자동차",http://www.bizwnews.com/news/articleView.html?idxno=34149
486,"'차안에서 주문·수령까지'…르노코리아, 맛집 43곳 신규등록",http://yna.kr/AKR20220324059800003?did=1195m
487,"르노삼성 ""QM6·XM3 빠른 출고…3월 맞아 다양한 할인혜택""",https://www.news1.kr/articles/?4601457
488,"르노삼성차 쌍용차 한국GM, 봄맞이 최대 300만 원 할인 프로모션",https://www.businesspost.co.kr/BP?command=article_view&num=273245
489,"르노삼성, SM6 320만원·조에 300만원 할인..60개월 무이자 할부는 ‘덤’",http://www.dailycar.co.kr/content/news.html?type=view&autoId=41456
490,"르노코리아, 인기 프렌차이즈 '인카페이먼트' 도입 확대",http://www.edaily.co.kr/news/newspath.asp?newsid=01922086632266600
491,"'차안에서 주문·수령까지'…르노코리아, 맛집 43곳 신규등록",http://yna.kr/AKR20220324059800003?did=1195m
492,"르노삼성 ""QM6·XM3 빠른 출고…3월 맞아 다양한 할인혜택""",https://www.news1.kr/articles/?4601457
493,"르노삼성차 쌍용차 한국GM, 봄맞이 최대 300만 원 할인 프로모션",https://www.businesspost.co.kr/BP?command=article_view&num=273245
494,"르노삼성, SM6 320만원·조에 300만원 할인..60개월 무이자 할부는 ‘덤’",http://www.dailycar.co.kr/content/news.html?type=view&autoId=41456
495,"‘뉴 스타트’ 르노코리아, 판매회복·임단협 해법에 이목",https://biz.newdaily.co.kr/site/data/html/2022/03/21/2022032100087.html
496,"르노삼성, 'xEV트렌드 코리아' 참가…전기차 2종 전시",https://www.paxnetnews.com/articles/84530
497,"""청춘 여러분 ‘조에’ 타고 안전하게 출근하세요""",http://www.fnnews.com/news/202105111853434429
498,"글로벌 톱3 전기차 르노 조에, 인기 비결은?",http://autotimes.hankyung.com/apps/news.sub_view?popup=0&nid=02&c1=02&c2=02&c3=00&nkey=202109281209091
499,"르노삼성, 이제 '삼성' 뗀다…태풍 로고는 유지",http://news.mt.co.kr/mtview.php?no=2022031609130881577
