,title,url
0,"르노삼성, '르노 캡처' 국내 판매 중단… 신차도 없는데 라인업 줄어",http://www.sisaweek.com/news/articleView.html?idxno=150978
1,"르노, 작고 고급스러운 SUV ‘캡처 리브고슈’ 공개..800대 한정 생산!",http://www.dailycar.co.kr/content/news.html?type=view&autoId=43229
2,"[시승기] 르노코리아자동차 2023년형 XM3 ""수출 효자가 돌아왔다""",http://www.pinpointnews.co.kr/news/articleView.html?idxno=106233
3,"르노코리아자동차,고객 소통 중심 인카페이먼트 가맹점 확대에 박차",http://sports.chosun.com/news/ntype.htm?id=202203300100193780011955&servicedate=20220330
4,"르노코리아자동차 ""고객 소통 중심 인카페이먼트 가맹점 확대""",https://sports.hankooki.com/lpage/economy/202203/sp20220329080515136990.htm?s_ref=nv
5,‘자산 국유화’ 카드 꺼낸 러 정부..첫 타깃은 르노?,http://www.dailycar.co.kr/content/news.html?type=view&autoId=43516
6,"""차에서 주문하고 수령까지"" 르노, 인카페이먼트 맛집 43곳 추가",http://www.newsis.com/view/?id=NISX20220324_0001806554&cID=13001&pID=13000
7,"[biz car] 현대차, 쉐보레, 르노코리아자동차",http://www.bizwnews.com/news/articleView.html?idxno=34149
8,"'차안에서 주문·수령까지'…르노코리아, 맛집 43곳 신규등록",http://yna.kr/AKR20220324059800003?did=1195m
9,사명 바꾸고 수장 교체한 르노코리아…신차 소식은 잠잠,http://www.sporbiz.co.kr/news/articleView.html?idxno=613151
10,"회사 이름서 삼성 떼는 르노삼성, 드블레즈 임기 첫해 홀로서기 과제",https://www.businesspost.co.kr/BP?command=article_view&num=274639
11,유럽 소형 SUV 최강자 한국서 격돌…'르노 캡처vs폭스바겐 티록',https://www.news1.kr/articles/?4210482
12,프렌치 감성에 실용성까지…'르노 캡처' 인기,http://www.newsis.com/view/?id=NISX20210203_0001328668&cID=13001&pID=13000
13,르노삼성 SM6 '어시스트콜' 써봤더니…,http://www.newsis.com/view/?id=NISX20220222_0001767954&cID=13001&pID=13000
14,"(영상)르노삼성, 드블레즈 체제로…신차·친환경차 나오나",http://www.newstomato.com/ReadNews.aspx?no=1108280&inflow=N
15,"SM6, 르노삼성차 '고민' 다 보이네",http://www.econovill.com/news/articleView.html?idxno=565809
16,"르노삼성, '삼성' 떼도 엠블럼은 안 바꾼다?",http://www.sisaweek.com/news/articleView.html?idxno=150936
17,[2022그린모빌리티어워드] 모빌리티 R&D상 '르노삼성',https://view.asiae.co.kr/article/2022012610365285742
18,"'QM6 의존' 르노삼성, 반전 카드 있나",http://www.newstomato.com/ReadNews.aspx?no=1100641&inflow=N
19,[시승기] 3분 이상 스스로 운전한 르노 캡처,https://zdnet.co.kr/view/?no=20200628134609
20,"‘디스플레이가 ㄱ자형으로 붙었네?’ 르노, 오스트랄 티저 공개",https://www.motortrendkorea.com/sub/view.html?no=6366&cate1Name=NEWCAR
21,"[타볼레오]르노 캡처, 프렌치 감성 디자인에 공간 활용성까지",https://view.asiae.co.kr/article/2020062214374797083
22,"르노삼성자동차, ‘맛집IN카페이먼트’ 이벤트 진행",http://www.electimes.com/article.php?aid=1642074550227835094
23,"르노삼성자동차, ‘맛집IN카페이먼트’ 이벤트 진행",https://sports.hankooki.com/lpage/economy/202201/sp20220112110223136990.htm?s_ref=nv
24,"[시승기] ""XM3와는 또다른 매력"" 감각적인 '르노 캡처'",https://www.ebn.co.kr/news/view/1438134?sc=Naver
25,"르노삼성 ""차량관리 앱서 나만의 맛집 추천하세요""",https://www.paxnetnews.com/articles/82550
26,"르노삼성도 수출이 살렸다, 효자 XM3 덕에 작년 실적 전년비 14.3% 증가",http://www.osen.co.kr/article/G1111733532
27,"르노삼성 ""카페이먼트 입점할 '맛집' 추천 받아요""",https://www.dailian.co.kr/news/view/1071757/?sc=Naver
28,자동차기자협회 선정 6월의 차에 ‘르노 캡처’,http://www.segye.com/content/html/2020/06/03/20200603503472.html?OutUrl=naver
29,한국자동차기자협회 6월의 차에 '르노 캡처'(종합),http://www.newsis.com/view/?id=NISX20200603_0001046412&cID=13001&pID=13000
30,"르노삼성차 2021년 실적, 전년 比 14.3% 성장",https://www.busaneconomy.com/news/articleView.html?idxno=269503
31,[시승기] '르노 캡처' 부드러운 주행과 쾌적·편안한 승차감 만족,http://www.shinailbo.co.kr/news/articleView.html?idxno=1284546
32,"[시승기] 20대 여성과 타본 '르노 캡처'… ""첫 차로 끌린다""",http://moneys.mt.co.kr/news/mwView.php?no=2020052810378070911
33,[시승기] 로장주 엠블럼 달고 여심 저격 나선 소형 SUV '르노 캡처',http://www.sportsseoul.com/news/read/920658?ref=naver
34,[시승기] '프렌치 감성' 르노 캡처···타는 '맛'·보는 '멋',http://www.seoulfn.com/news/articleView.html?idxno=383667
35,"르노 ‘캡처’ 가솔린, ‘QM3’도 ‘XM3’도 아니더라",http://www.osen.co.kr/article/G1111360175
36,[원성열 기자의 CAR & TRACK] ‘르노 캡처’ 유럽 감성에 주행도 굿…QM3 흥행 잇는다,https://sports.donga.com/article/all/20200524/101191825/3
37,'끝물' 코나 vs 르노 캡처… 첫 차로 뭐가 좋아?,http://moneys.mt.co.kr/news/mwView.php?no=2020052009468045799
38,[시승기] 로장주 다니 차가 달라졌다…프리미엄급 재탄생 '르노 캡처',http://biz.newdaily.co.kr/site/data/html/2020/05/22/2020052200142.html
39,2021년 현대-기아-한국GM-르노삼성-쌍용 자동차 판매 실적...반도체 품귀현상 여파 [모터그램],http://www.sisunnews.co.kr/news/articleView.html?idxno=155525
40,"[시승기] 일상이 더 특별해지는 '르노, 캡처'",http://digitalchosun.dizzo.com/site/data/html_dir/2020/05/19/2020051980307.html
41,"[시승기] 매끄러운 주행, 소형SUV ‘신 강자’ 르노 캡처",http://www.econovill.com/news/articleView.html?idxno=396503
42,[시승기] '소형 SUV 열풍 재현한다' 르노 캡처,http://it.chosun.com/site/data/html_dir/2020/05/15/2020051504136.html
43,"'가격 경쟁력' 갖춘 르노 캡처, 소형 SUV 시장 재편 예고",https://view.asiae.co.kr/article/2020051600355826511
44,"[시승기]르노삼성 QM3, 반체급 올린 '르노 캡처'로 화려한 복귀",http://www.mediapen.com/news/view/525255
45,르노 캡처도 착한 가격..디젤 달고 2413만원부터,http://www.edaily.co.kr/news/newspath.asp?newsid=02706006625769248
46,[영상] 도시를 사로잡는 감각적인 디자인 ‘르노 캡처’,http://www.sporbiz.co.kr/news/articleView.html?idxno=438796
47,"르노삼성, 유럽 베스트셀링 소형 SUV '르노 캡처' 출시",https://www.nocutnews.co.kr/news/5343301
48,"""르노 캡처, 셀토스보다 116만원 싸다""…소형 SUV 전면戰(종합)",http://www.edaily.co.kr/news/newspath.asp?newsid=03571926625768592
49,"“이번엔 유럽 감성 그대로”… 르노삼성, QM3 후속 ‘르노 캡처’ 출시",https://www.donga.com/news/article/all/20200513/101020228/2
50,[오토뷰+] 프랑스 잡은 '르노 캡처' 국내시장에서도 통할까,http://theviewers.co.kr/View.aspx?No=841876
51,QM3 후속 '르노 캡처' 국내 출시… 2413만원부터,http://www.newscj.com/news/articleView.html?idxno=737117
52,"원조 컴팩트 SUV 르노 '캡처', 이번엔 벤츠 DNA 1.3 가솔린 터보로 승부",http://www.autodaily.co.kr/news/articleView.html?idxno=419010
53,"작년 완성차 실적 발표…현대차·기아·르노 '웃고, 쌍쉐 '울고'",http://www.kukinews.com/newsView/kuk202201030216
54,"르노 캡처, 이달 국내 공개 임박...가솔린 터보·디젤 탑재",https://www.zdnet.co.kr/view/?no=20200508093550
55,"르노삼성, 5월 내수판매 72.4%↑… “XM3·QM6 이끌고 ‘르노 캡처’ 가세”",https://www.donga.com/news/article/all/20200601/101310021/2
56,새해에도 반도체난…현대차 '적극 대비'·르노삼성 '차나 팔렸으면',http://www.newspim.com/news/view/20211230000905
57,[임의택의 車車車] '여심 저격!' 소형 SUV 르노 캡처(Renualt CAPTUR) 시승기 (1부),http://www.rpm9.com/news/article.html?id=20200722090018
58,"르노삼성, 중국산 볼보 '링크앤코'로 실적 개선 가능할까",http://www.sisaweek.com/news/articleView.html?idxno=149779
59,"佛 르노·中 지리, 부산에 하이브리드車 합작법인 설립 예정",http://www.ziksir.com/news/articleView.html?idxno=20189
60,"르노삼성, 인카페이먼트 전용 메뉴 출시",http://autotimes.hankyung.com/apps/news.sub_view?popup=0&nid=03&c1=03&c2=03&c3=00&nkey=202112170848251
61,"르노삼성, XM3·SM6·캡처·조에 ‘이지 커넥트’ 무선 업데이트",https://zdnet.co.kr/view/?no=20210906111001
62,"르노삼성차 수출 힘입어 11월도 판매 늘어, 쌍용차와 한국GM은 감소",https://www.businesspost.co.kr/BP?command=article_view&num=262294
63,"'실적부진' 한국지엠, 우울한 4분기… 르노삼성·쌍용차에 밀려 꼴찌 위기",http://www.sisaweek.com/news/articleView.html?idxno=149294
64,"르노삼성자동차, 11월 총 1만7872대 판매…연중 최대 실적 달성",http://www.straightnews.co.kr/news/articleView.html?idxno=120709
65,"완성차 중견3사, 11월 3.3만대 판매…르노삼성·쌍용차는 연중 최대 실적",http://it.chosun.com/site/data/html_dir/2021/12/01/2021120102386.html
66,"[시승기] 르노 캡처, 감각적 디자인·실용성 겸비한 콤팩트 SUV",https://www.asiatoday.co.kr/view.php?key=20210811010006721
67,"르노삼성차, 11월 '온라인 스페셜 픽' 프로모션…판매 차종·수량 확대",http://www.shinailbo.co.kr/news/articleView.html?idxno=1478801
68,"“내 차는 왜 안돼?”..르노삼성 OTA 업데이트, 확인할 사항은?",http://www.dailycar.co.kr/content/news.html?type=view&autoId=41611
69,"르노삼성차, '온라인 스페셜 픽' 이커머스 프로모션…최대 30만원 할인",http://www.getnews.co.kr/news/articleView.html?idxno=558201
70,"르노삼성, 10월 판매량 총 1만1627대… 수출 호조 힘입어 54.3%↑",https://www.donga.com/news/article/all/20211101/110018180/2
71,"[biz car] 르노삼성자동차, 한국토요타, 넥센타이어",http://www.bizwnews.com/news/articleView.html?idxno=28231
72,"르노삼성, 풍성한 혜택 담은 10월 ‘온라인 스페셜 픽’ 진행",http://www.thedrive.co.kr/news/newsview.php?ncode=1065592704622709
73,"르노삼성차, 온라인 차량구매 프로모션",https://www.fetv.co.kr/news/article.html?no=97807
74,"르노삼성, 온라인 한정판매 80대 구매고객에 혜택 제공..‘온라인 스페셜 픽’ 진행",http://kpenews.com/View.aspx?No=2073708
75,"르노, 캡처 하이브리드 라인업 추가..한국시장도 투입하나?",http://www.dailycar.co.kr/content/news.html?type=view&autoId=39778
76,"르노삼성차 쌍용차 9월 내수 부진에도 수출 늘어, 한국GM은 다 힘들어",https://www.businesspost.co.kr/BP?command=article_view&num=252713
77,"XM3 수출이 살렸다…르노삼성 9월 판매, 전년비比 100%↑",https://www.hankyung.com/economy/article/202110010260g
78,[시승기] 소형 SUV 가성비? 르노 캡처에게 물어봐,https://www.ekn.kr/web/view.php?key=20210514010002822
79,자동차도 이젠 무선 업데이트 시대..르노삼성 OTA 살펴보니...,http://www.dailycar.co.kr/content/news.html?type=view&autoId=41013
80,"르노삼성 ""10월 중순까지 이지 커넥트 무선 업데이트 진행""",https://sports.hankooki.com/lpage/economy/202109/sp20210908161524136990.htm?s_ref=nv
81,[쉐보레 vs 르노삼성] 소형SUV 판매격차 뚜렷… 대비되는 실적,http://www.sisaweek.com/news/articleView.html?idxno=147031
82,"'중형세단은 중년층만 탄다?' 르노삼성 SM6, 젊은 층에 인기 높은 이유는?",http://www.autodaily.co.kr/news/articleView.html?idxno=429553
83,"[biz car] 토요타 'GR 수프라 레이싱 클래스' 개최, 현대차 채용, 르노삼성차 'OTA 업데이트' 진행",http://www.bizwnews.com/news/articleView.html?idxno=27311
84,"유럽 감성 눌러 담은 '캡처', 도심형 SUV로 손색 없다",https://www.news1.kr/articles/?4041029
85,“르노삼성은 시동만 켜면 최신 SW가 업데이트”,http://moneys.mt.co.kr/news/mwView.php?no=2021090614068090418
86,"르노삼성차, XM3 등 소프트웨어 무선 업그레이드 진행",https://www.asiatime.co.kr/article/20210906500024
87,르노 캡처 부분변경… ‘QM3 페이스리프트’ 미리보기,http://bizn.donga.com/car/3/all/20170303/83157669/3
88,"쌍용차 르노삼성차 8월 내수판매 줄고 수출 늘어, 한국GM 다 부진",https://www.businesspost.co.kr/BP?command=article_view&num=248364
89,"르노삼성, 8월 판매 16.8%↑… “내수 부진 XM3 수출이 만회”",https://www.donga.com/news/article/all/20210901/109040967/2
90,[하이빔]삼성차로 출발해 르노차가 되기까지,http://autotimes.hankyung.com/apps/news.sub_view?popup=0&nid=01&c1=01&c2=01&c3=00&nkey=202108221141201
91,"[단독] 르노삼성 소형SUV 캡처 디젤, 단종",https://www.econovill.com/news/articleView.html?idxno=525829
92,"르노삼성, 5월 교사·의료 종사자에 SM6·QM6·캡처 30만원 추가 할인",http://www.fntimes.com/html/view.php?ud=2021050310282024327de3572ddd_18
93,"르노삼성 XM3, 20·30 젊은 세대 입맛 공략",http://www.g-enews.com/ko-kr/news/article/news_all/202108260918348941938f3ba357_1/article.html
94,"삼성, 르노삼성과 결별…상표권 계약도 '종료'",http://www.economytalk.kr/news/articleView.html?idxno=215164
95,"르노삼성차, 지난달 1만 1033대 판매",http://www.dailysportshankook.co.kr/news/articleView.html?idxno=245028
96,[시콜시승] 신차 '캡처' 탔는데. 왜 XM3가 떠오르지?,https://news.chosun.com/site/data/html_dir/2020/05/15/2020051501944.html?utm_source=naver&utm_medium=original&utm_campaign=news
97,"쌍용차 르노삼성차 7월 수출 좋아 전체 판매 늘어, 한국GM 다 부진",https://www.businesspost.co.kr/BP?command=article_view&num=243676
98,"르노삼성차, 7월 1만1천대 판매…내수 줄고 수출 늘어",http://yna.kr/AKR20210802121900003?did=1195m
99,뒷좌석도 앞뒤로 움직여…QM3 형제車 르노 캡처 살펴보니,http://www.segye.com/content/html/2013/11/20/20131120003101.html?OutUrl=naver
100,"르노삼성차 2021년 실적, 전년 比 14.3% 성장",https://www.busaneconomy.com/news/articleView.html?idxno=269503
101,[시승기] '르노 캡처' 부드러운 주행과 쾌적·편안한 승차감 만족,http://www.shinailbo.co.kr/news/articleView.html?idxno=1284546
102,"[시승기] 20대 여성과 타본 '르노 캡처'… ""첫 차로 끌린다""",http://moneys.mt.co.kr/news/mwView.php?no=2020052810378070911
103,[시승기] 로장주 엠블럼 달고 여심 저격 나선 소형 SUV '르노 캡처',http://www.sportsseoul.com/news/read/920658?ref=naver
104,[시승기] '프렌치 감성' 르노 캡처···타는 '맛'·보는 '멋',http://www.seoulfn.com/news/articleView.html?idxno=383667
105,"르노 ‘캡처’ 가솔린, ‘QM3’도 ‘XM3’도 아니더라",http://www.osen.co.kr/article/G1111360175
106,[원성열 기자의 CAR & TRACK] ‘르노 캡처’ 유럽 감성에 주행도 굿…QM3 흥행 잇는다,https://sports.donga.com/article/all/20200524/101191825/3
107,'끝물' 코나 vs 르노 캡처… 첫 차로 뭐가 좋아?,http://moneys.mt.co.kr/news/mwView.php?no=2020052009468045799
108,[시승기] 로장주 다니 차가 달라졌다…프리미엄급 재탄생 '르노 캡처',http://biz.newdaily.co.kr/site/data/html/2020/05/22/2020052200142.html
109,2021년 현대-기아-한국GM-르노삼성-쌍용 자동차 판매 실적...반도체 품귀현상 여파 [모터그램],http://www.sisunnews.co.kr/news/articleView.html?idxno=155525
110,"'XM3 선전' 르노삼성, 작년 총 13만2769대 판매…전년比 14.3%↑",https://daily.hankooki.com/lpage/industry/202201/dh20220103164327147980.htm?s_ref=nv
111,[시승기] '르노 캡처' 부드러운 주행과 쾌적·편안한 승차감 만족,http://www.shinailbo.co.kr/news/articleView.html?idxno=1284546
112,"[시승기] 20대 여성과 타본 '르노 캡처'… ""첫 차로 끌린다""",http://moneys.mt.co.kr/news/mwView.php?no=2020052810378070911
113,[시승기] 로장주 엠블럼 달고 여심 저격 나선 소형 SUV '르노 캡처',http://www.sportsseoul.com/news/read/920658?ref=naver
114,[시승기] '프렌치 감성' 르노 캡처···타는 '맛'·보는 '멋',http://www.seoulfn.com/news/articleView.html?idxno=383667
115,"르노 ‘캡처’ 가솔린, ‘QM3’도 ‘XM3’도 아니더라",http://www.osen.co.kr/article/G1111360175
116,[원성열 기자의 CAR & TRACK] ‘르노 캡처’ 유럽 감성에 주행도 굿…QM3 흥행 잇는다,https://sports.donga.com/article/all/20200524/101191825/3
117,'끝물' 코나 vs 르노 캡처… 첫 차로 뭐가 좋아?,http://moneys.mt.co.kr/news/mwView.php?no=2020052009468045799
118,[시승기] 로장주 다니 차가 달라졌다…프리미엄급 재탄생 '르노 캡처',http://biz.newdaily.co.kr/site/data/html/2020/05/22/2020052200142.html
119,2021년 현대-기아-한국GM-르노삼성-쌍용 자동차 판매 실적...반도체 품귀현상 여파 [모터그램],http://www.sisunnews.co.kr/news/articleView.html?idxno=155525
120,"르노삼성차, 작년 13만2천769대 판매·14.3%↑…수출이 견인",http://news.einfomax.co.kr/news/articleView.html?idxno=4191861
121,[시승기] '르노 캡처' 부드러운 주행과 쾌적·편안한 승차감 만족,http://www.shinailbo.co.kr/news/articleView.html?idxno=1284546
122,"[시승기] 20대 여성과 타본 '르노 캡처'… ""첫 차로 끌린다""",http://moneys.mt.co.kr/news/mwView.php?no=2020052810378070911
123,[시승기] 로장주 엠블럼 달고 여심 저격 나선 소형 SUV '르노 캡처',http://www.sportsseoul.com/news/read/920658?ref=naver
124,[시승기] '프렌치 감성' 르노 캡처···타는 '맛'·보는 '멋',http://www.seoulfn.com/news/articleView.html?idxno=383667
125,"르노 ‘캡처’ 가솔린, ‘QM3’도 ‘XM3’도 아니더라",http://www.osen.co.kr/article/G1111360175
126,[원성열 기자의 CAR & TRACK] ‘르노 캡처’ 유럽 감성에 주행도 굿…QM3 흥행 잇는다,https://sports.donga.com/article/all/20200524/101191825/3
127,'끝물' 코나 vs 르노 캡처… 첫 차로 뭐가 좋아?,http://moneys.mt.co.kr/news/mwView.php?no=2020052009468045799
128,[시승기] 로장주 다니 차가 달라졌다…프리미엄급 재탄생 '르노 캡처',http://biz.newdaily.co.kr/site/data/html/2020/05/22/2020052200142.html
129,2021년 현대-기아-한국GM-르노삼성-쌍용 자동차 판매 실적...반도체 품귀현상 여파 [모터그램],http://www.sisunnews.co.kr/news/articleView.html?idxno=155525
130,2021년 현대-기아-한국GM-르노삼성-쌍용 자동차 판매 실적...반도체 품귀현상 여파 [모터그램],http://www.sisunnews.co.kr/news/articleView.html?idxno=155525
131,"[시승기] 일상이 더 특별해지는 '르노, 캡처'",http://digitalchosun.dizzo.com/site/data/html_dir/2020/05/19/2020051980307.html
132,"[시승기] 매끄러운 주행, 소형SUV ‘신 강자’ 르노 캡처",http://www.econovill.com/news/articleView.html?idxno=396503
133,[시승기] '소형 SUV 열풍 재현한다' 르노 캡처,http://it.chosun.com/site/data/html_dir/2020/05/15/2020051504136.html
134,"'가격 경쟁력' 갖춘 르노 캡처, 소형 SUV 시장 재편 예고",https://view.asiae.co.kr/article/2020051600355826511
135,"[시승기]르노삼성 QM3, 반체급 올린 '르노 캡처'로 화려한 복귀",http://www.mediapen.com/news/view/525255
136,르노 캡처도 착한 가격..디젤 달고 2413만원부터,http://www.edaily.co.kr/news/newspath.asp?newsid=02706006625769248
137,[영상] 도시를 사로잡는 감각적인 디자인 ‘르노 캡처’,http://www.sporbiz.co.kr/news/articleView.html?idxno=438796
138,"르노삼성, 유럽 베스트셀링 소형 SUV '르노 캡처' 출시",https://www.nocutnews.co.kr/news/5343301
139,"""르노 캡처, 셀토스보다 116만원 싸다""…소형 SUV 전면戰(종합)",http://www.edaily.co.kr/news/newspath.asp?newsid=03571926625768592
140,"“이번엔 유럽 감성 그대로”… 르노삼성, QM3 후속 ‘르노 캡처’ 출시",https://www.donga.com/news/article/all/20200513/101020228/2
141,[오토뷰+] 프랑스 잡은 '르노 캡처' 국내시장에서도 통할까,http://theviewers.co.kr/View.aspx?No=841876
142,QM3 후속 '르노 캡처' 국내 출시… 2413만원부터,http://www.newscj.com/news/articleView.html?idxno=737117
143,"원조 컴팩트 SUV 르노 '캡처', 이번엔 벤츠 DNA 1.3 가솔린 터보로 승부",http://www.autodaily.co.kr/news/articleView.html?idxno=419010
144,"작년 완성차 실적 발표…현대차·기아·르노 '웃고, 쌍쉐 '울고'",http://www.kukinews.com/newsView/kuk202201030216
145,"르노 캡처, 이달 국내 공개 임박...가솔린 터보·디젤 탑재",https://www.zdnet.co.kr/view/?no=20200508093550
146,"르노삼성, 지난해 13만2000대 판매…전년比 14%↑",http://www.segye.com/content/html/2022/01/04/20220104509207.html?OutUrl=naver
147,코로나에 수급난까지…르노삼성·쌍용차·한국지엠 2021년 내수 급감,http://news.tf.co.kr/read/economy/1910071.htm
148,"르노삼성, 5월 내수판매 72.4%↑… “XM3·QM6 이끌고 ‘르노 캡처’ 가세”",https://www.donga.com/news/article/all/20200601/101310021/2
149,새해에도 반도체난…현대차 '적극 대비'·르노삼성 '차나 팔렸으면',http://www.newspim.com/news/view/20211230000905
150,"""오리지널이 왔다""…르노삼성 QM3 벗고 '르노 캡처' 상륙",http://www.etoday.co.kr/news/section/newsview.php?idxno=1893719
151,"르노삼성차, 유럽 베스트셀링 콤펙트 SUV '르노 캡처' 국내 출시",http://www.newsworks.co.kr/news/articleView.html?idxno=454400
152,소형 SUV ‘르노 캡처’ 완전변경 모델 국내 출시,http://www.munhwa.com/news/view.html?no=2020051301072539176002
153,"원조 컴팩트 SUV 르노 '캡처', 이번엔 벤츠 DNA 1.3 가솔린 터보로 승부",http://www.autodaily.co.kr/news/articleView.html?idxno=419010
154,"작년 완성차 실적 발표…현대차·기아·르노 '웃고, 쌍쉐 '울고'",http://www.kukinews.com/newsView/kuk202201030216
155,"르노 캡처, 이달 국내 공개 임박...가솔린 터보·디젤 탑재",https://www.zdnet.co.kr/view/?no=20200508093550
156,"르노삼성, 지난해 13만2000대 판매…전년比 14%↑",http://www.segye.com/content/html/2022/01/04/20220104509207.html?OutUrl=naver
157,코로나에 수급난까지…르노삼성·쌍용차·한국지엠 2021년 내수 급감,http://news.tf.co.kr/read/economy/1910071.htm
158,"르노삼성, 5월 내수판매 72.4%↑… “XM3·QM6 이끌고 ‘르노 캡처’ 가세”",https://www.donga.com/news/article/all/20200601/101310021/2
159,새해에도 반도체난…현대차 '적극 대비'·르노삼성 '차나 팔렸으면',http://www.newspim.com/news/view/20211230000905
160,[Story포토] 프렌치 '감성' 스마트 '주행'... 젊은 SUV '르노 캡처',http://www.econovill.com/news/articleView.html?idxno=396405
161,"르노삼성, 프렌치 감성 SUV ‘르노 캡처’ 출격…2413만원부터",http://www.viva100.com/main/view.php?key=20200513010003381
162,소형 SUV ‘르노 캡처’ 완전변경 모델 국내 출시,http://www.munhwa.com/news/view.html?no=2020051301072539176002
163,"원조 컴팩트 SUV 르노 '캡처', 이번엔 벤츠 DNA 1.3 가솔린 터보로 승부",http://www.autodaily.co.kr/news/articleView.html?idxno=419010
164,"작년 완성차 실적 발표…현대차·기아·르노 '웃고, 쌍쉐 '울고'",http://www.kukinews.com/newsView/kuk202201030216
165,"르노 캡처, 이달 국내 공개 임박...가솔린 터보·디젤 탑재",https://www.zdnet.co.kr/view/?no=20200508093550
166,"르노삼성, 지난해 13만2000대 판매…전년比 14%↑",http://www.segye.com/content/html/2022/01/04/20220104509207.html?OutUrl=naver
167,코로나에 수급난까지…르노삼성·쌍용차·한국지엠 2021년 내수 급감,http://news.tf.co.kr/read/economy/1910071.htm
168,"르노삼성, 5월 내수판매 72.4%↑… “XM3·QM6 이끌고 ‘르노 캡처’ 가세”",https://www.donga.com/news/article/all/20200601/101310021/2
169,새해에도 반도체난…현대차 '적극 대비'·르노삼성 '차나 팔렸으면',http://www.newspim.com/news/view/20211230000905
170,프랑스 휩쓴 콤팩트 SUV '르노 캡처' 국내 상륙,http://www.enewstoday.co.kr/news/articleView.html?idxno=1386818
171,"원조 컴팩트 SUV 르노 '캡처', 이번엔 벤츠 DNA 1.3 가솔린 터보로 승부",http://www.autodaily.co.kr/news/articleView.html?idxno=419010
172,"작년 완성차 실적 발표…현대차·기아·르노 '웃고, 쌍쉐 '울고'",http://www.kukinews.com/newsView/kuk202201030216
173,"르노 캡처, 이달 국내 공개 임박...가솔린 터보·디젤 탑재",https://www.zdnet.co.kr/view/?no=20200508093550
174,"르노삼성, 지난해 13만2000대 판매…전년比 14%↑",http://www.segye.com/content/html/2022/01/04/20220104509207.html?OutUrl=naver
175,코로나에 수급난까지…르노삼성·쌍용차·한국지엠 2021년 내수 급감,http://news.tf.co.kr/read/economy/1910071.htm
176,"르노삼성, 5월 내수판매 72.4%↑… “XM3·QM6 이끌고 ‘르노 캡처’ 가세”",https://www.donga.com/news/article/all/20200601/101310021/2
177,새해에도 반도체난…현대차 '적극 대비'·르노삼성 '차나 팔렸으면',http://www.newspim.com/news/view/20211230000905
178,[임의택의 車車車] '여심 저격!' 소형 SUV 르노 캡처(Renualt CAPTUR) 시승기 (1부),http://www.rpm9.com/news/article.html?id=20200722090018
179,QM3 잇는 소형 SUV…르노삼성 '캡처' 출시,https://www.hankyung.com/economy/article/2020051350491
180,코로나에 수급난까지…르노삼성·쌍용차·한국지엠 2021년 내수 급감,http://news.tf.co.kr/read/economy/1910071.htm
181,"르노삼성, 5월 내수판매 72.4%↑… “XM3·QM6 이끌고 ‘르노 캡처’ 가세”",https://www.donga.com/news/article/all/20200601/101310021/2
182,새해에도 반도체난…현대차 '적극 대비'·르노삼성 '차나 팔렸으면',http://www.newspim.com/news/view/20211230000905
183,[임의택의 車車車] '여심 저격!' 소형 SUV 르노 캡처(Renualt CAPTUR) 시승기 (1부),http://www.rpm9.com/news/article.html?id=20200722090018
184,QM3 잇는 소형 SUV…르노삼성 '캡처' 출시,https://www.hankyung.com/economy/article/2020051350491
185,"르노삼성, 중국산 볼보 '링크앤코'로 실적 개선 가능할까",http://www.sisaweek.com/news/articleView.html?idxno=149779
186,"佛 르노·中 지리, 부산에 하이브리드車 합작법인 설립 예정",http://www.ziksir.com/news/articleView.html?idxno=20189
187,"르노삼성, 인카페이먼트 전용 메뉴 출시",http://autotimes.hankyung.com/apps/news.sub_view?popup=0&nid=03&c1=03&c2=03&c3=00&nkey=202112170848251
188,"르노삼성, XM3·SM6·캡처·조에 ‘이지 커넥트’ 무선 업데이트",https://zdnet.co.kr/view/?no=20210906111001
189,"르노삼성차 수출 힘입어 11월도 판매 늘어, 쌍용차와 한국GM은 감소",https://www.businesspost.co.kr/BP?command=article_view&num=262294
190,"""수출 호조 덕""…르노삼성차 지난해 판매량 '14.3% 증가'",https://www.hankyung.com/economy/article/202201032705g
191,"르노삼성, 5월 내수판매 72.4%↑… “XM3·QM6 이끌고 ‘르노 캡처’ 가세”",https://www.donga.com/news/article/all/20200601/101310021/2
192,새해에도 반도체난…현대차 '적극 대비'·르노삼성 '차나 팔렸으면',http://www.newspim.com/news/view/20211230000905
193,[임의택의 車車車] '여심 저격!' 소형 SUV 르노 캡처(Renualt CAPTUR) 시승기 (1부),http://www.rpm9.com/news/article.html?id=20200722090018
194,QM3 잇는 소형 SUV…르노삼성 '캡처' 출시,https://www.hankyung.com/economy/article/2020051350491
195,"르노삼성, 중국산 볼보 '링크앤코'로 실적 개선 가능할까",http://www.sisaweek.com/news/articleView.html?idxno=149779
196,"佛 르노·中 지리, 부산에 하이브리드車 합작법인 설립 예정",http://www.ziksir.com/news/articleView.html?idxno=20189
197,"르노삼성, 인카페이먼트 전용 메뉴 출시",http://autotimes.hankyung.com/apps/news.sub_view?popup=0&nid=03&c1=03&c2=03&c3=00&nkey=202112170848251
198,"르노삼성, XM3·SM6·캡처·조에 ‘이지 커넥트’ 무선 업데이트",https://zdnet.co.kr/view/?no=20210906111001
199,"르노삼성차 수출 힘입어 11월도 판매 늘어, 쌍용차와 한국GM은 감소",https://www.businesspost.co.kr/BP?command=article_view&num=262294
200,"르노삼성, 인카페이먼트 전용 메뉴 출시",http://autotimes.hankyung.com/apps/news.sub_view?popup=0&nid=03&c1=03&c2=03&c3=00&nkey=202112170848251
201,"르노삼성, XM3·SM6·캡처·조에 ‘이지 커넥트’ 무선 업데이트",https://zdnet.co.kr/view/?no=20210906111001
202,"르노삼성차 수출 힘입어 11월도 판매 늘어, 쌍용차와 한국GM은 감소",https://www.businesspost.co.kr/BP?command=article_view&num=262294
203,"'실적부진' 한국지엠, 우울한 4분기… 르노삼성·쌍용차에 밀려 꼴찌 위기",http://www.sisaweek.com/news/articleView.html?idxno=149294
204,"르노삼성자동차, 11월 총 1만7872대 판매…연중 최대 실적 달성",http://www.straightnews.co.kr/news/articleView.html?idxno=120709
205,"완성차 중견3사, 11월 3.3만대 판매…르노삼성·쌍용차는 연중 최대 실적",http://it.chosun.com/site/data/html_dir/2021/12/01/2021120102386.html
206,"[시승기] 르노 캡처, 감각적 디자인·실용성 겸비한 콤팩트 SUV",https://www.asiatoday.co.kr/view.php?key=20210811010006721
207,"르노삼성차, 11월 '온라인 스페셜 픽' 프로모션…판매 차종·수량 확대",http://www.shinailbo.co.kr/news/articleView.html?idxno=1478801
208,"“내 차는 왜 안돼?”..르노삼성 OTA 업데이트, 확인할 사항은?",http://www.dailycar.co.kr/content/news.html?type=view&autoId=41611
209,"르노삼성차, '온라인 스페셜 픽' 이커머스 프로모션…최대 30만원 할인",http://www.getnews.co.kr/news/articleView.html?idxno=558201
210,"르노삼성자동차, 11월 총 1만7872대 판매…연중 최대 실적 달성",http://www.straightnews.co.kr/news/articleView.html?idxno=120709
211,"완성차 중견3사, 11월 3.3만대 판매…르노삼성·쌍용차는 연중 최대 실적",http://it.chosun.com/site/data/html_dir/2021/12/01/2021120102386.html
212,"[시승기] 르노 캡처, 감각적 디자인·실용성 겸비한 콤팩트 SUV",https://www.asiatoday.co.kr/view.php?key=20210811010006721
213,"르노삼성차, 11월 '온라인 스페셜 픽' 프로모션…판매 차종·수량 확대",http://www.shinailbo.co.kr/news/articleView.html?idxno=1478801
214,"“내 차는 왜 안돼?”..르노삼성 OTA 업데이트, 확인할 사항은?",http://www.dailycar.co.kr/content/news.html?type=view&autoId=41611
215,"르노삼성차, '온라인 스페셜 픽' 이커머스 프로모션…최대 30만원 할인",http://www.getnews.co.kr/news/articleView.html?idxno=558201
216,"르노삼성, 10월 판매량 총 1만1627대… 수출 호조 힘입어 54.3%↑",https://www.donga.com/news/article/all/20211101/110018180/2
217,"[biz car] 르노삼성자동차, 한국토요타, 넥센타이어",http://www.bizwnews.com/news/articleView.html?idxno=28231
218,"르노삼성, 풍성한 혜택 담은 10월 ‘온라인 스페셜 픽’ 진행",http://www.thedrive.co.kr/news/newsview.php?ncode=1065592704622709
219,"르노삼성차, 온라인 차량구매 프로모션",https://www.fetv.co.kr/news/article.html?no=97807
220,"르노삼성, 11월 1만7872대 판매…""연중 최대 실적""",http://www.newsis.com/view/?id=NISX20211201_0001672085&cID=13001&pID=13000
221,"[시승기] 르노 캡처, 감각적 디자인·실용성 겸비한 콤팩트 SUV",https://www.asiatoday.co.kr/view.php?key=20210811010006721
222,"르노삼성차, 11월 '온라인 스페셜 픽' 프로모션…판매 차종·수량 확대",http://www.shinailbo.co.kr/news/articleView.html?idxno=1478801
223,"“내 차는 왜 안돼?”..르노삼성 OTA 업데이트, 확인할 사항은?",http://www.dailycar.co.kr/content/news.html?type=view&autoId=41611
224,"르노삼성차, '온라인 스페셜 픽' 이커머스 프로모션…최대 30만원 할인",http://www.getnews.co.kr/news/articleView.html?idxno=558201
225,"르노삼성, 10월 판매량 총 1만1627대… 수출 호조 힘입어 54.3%↑",https://www.donga.com/news/article/all/20211101/110018180/2
226,"[biz car] 르노삼성자동차, 한국토요타, 넥센타이어",http://www.bizwnews.com/news/articleView.html?idxno=28231
227,"르노삼성, 풍성한 혜택 담은 10월 ‘온라인 스페셜 픽’ 진행",http://www.thedrive.co.kr/news/newsview.php?ncode=1065592704622709
228,"르노삼성차, 온라인 차량구매 프로모션",https://www.fetv.co.kr/news/article.html?no=97807
229,"르노삼성, 온라인 한정판매 80대 구매고객에 혜택 제공..‘온라인 스페셜 픽’ 진행",http://kpenews.com/View.aspx?No=2073708
230,"르노삼성, 11월 1만7872대 판매…""내수·수출 모두 연중 최대""",https://www.news1.kr/articles/?4510033
231,"[시승기] 르노 캡처, 감각적 디자인·실용성 겸비한 콤팩트 SUV",https://www.asiatoday.co.kr/view.php?key=20210811010006721
232,"르노삼성차, 11월 '온라인 스페셜 픽' 프로모션…판매 차종·수량 확대",http://www.shinailbo.co.kr/news/articleView.html?idxno=1478801
233,"“내 차는 왜 안돼?”..르노삼성 OTA 업데이트, 확인할 사항은?",http://www.dailycar.co.kr/content/news.html?type=view&autoId=41611
234,"르노삼성차, '온라인 스페셜 픽' 이커머스 프로모션…최대 30만원 할인",http://www.getnews.co.kr/news/articleView.html?idxno=558201
235,"르노삼성, 10월 판매량 총 1만1627대… 수출 호조 힘입어 54.3%↑",https://www.donga.com/news/article/all/20211101/110018180/2
236,"[biz car] 르노삼성자동차, 한국토요타, 넥센타이어",http://www.bizwnews.com/news/articleView.html?idxno=28231
237,"르노삼성, 풍성한 혜택 담은 10월 ‘온라인 스페셜 픽’ 진행",http://www.thedrive.co.kr/news/newsview.php?ncode=1065592704622709
238,"르노삼성차, 온라인 차량구매 프로모션",https://www.fetv.co.kr/news/article.html?no=97807
239,"르노삼성, 온라인 한정판매 80대 구매고객에 혜택 제공..‘온라인 스페셜 픽’ 진행",http://kpenews.com/View.aspx?No=2073708
240,르노삼성차 11월 판매 작년보다 121% ↑…월간 판매 올해 최다,http://yna.kr/AKR20211201136700003?did=1195m
241,"[시승기] 르노 캡처, 감각적 디자인·실용성 겸비한 콤팩트 SUV",https://www.asiatoday.co.kr/view.php?key=20210811010006721
242,"르노삼성차, 11월 '온라인 스페셜 픽' 프로모션…판매 차종·수량 확대",http://www.shinailbo.co.kr/news/articleView.html?idxno=1478801
243,"“내 차는 왜 안돼?”..르노삼성 OTA 업데이트, 확인할 사항은?",http://www.dailycar.co.kr/content/news.html?type=view&autoId=41611
244,"르노삼성차, '온라인 스페셜 픽' 이커머스 프로모션…최대 30만원 할인",http://www.getnews.co.kr/news/articleView.html?idxno=558201
245,"르노삼성, 10월 판매량 총 1만1627대… 수출 호조 힘입어 54.3%↑",https://www.donga.com/news/article/all/20211101/110018180/2
246,"[biz car] 르노삼성자동차, 한국토요타, 넥센타이어",http://www.bizwnews.com/news/articleView.html?idxno=28231
247,"르노삼성, 풍성한 혜택 담은 10월 ‘온라인 스페셜 픽’ 진행",http://www.thedrive.co.kr/news/newsview.php?ncode=1065592704622709
248,"르노삼성차, 온라인 차량구매 프로모션",https://www.fetv.co.kr/news/article.html?no=97807
249,"르노삼성, 온라인 한정판매 80대 구매고객에 혜택 제공..‘온라인 스페셜 픽’ 진행",http://kpenews.com/View.aspx?No=2073708
250,"르노삼성차, ‘온라인 스페셜 픽’ 프로모션",https://www.fetv.co.kr/news/article.html?no=99665
251,"르노삼성, 10월 판매량 총 1만1627대… 수출 호조 힘입어 54.3%↑",https://www.donga.com/news/article/all/20211101/110018180/2
252,"[biz car] 르노삼성자동차, 한국토요타, 넥센타이어",http://www.bizwnews.com/news/articleView.html?idxno=28231
253,"르노삼성, 풍성한 혜택 담은 10월 ‘온라인 스페셜 픽’ 진행",http://www.thedrive.co.kr/news/newsview.php?ncode=1065592704622709
254,"르노삼성차, 온라인 차량구매 프로모션",https://www.fetv.co.kr/news/article.html?no=97807
255,"르노삼성, 온라인 한정판매 80대 구매고객에 혜택 제공..‘온라인 스페셜 픽’ 진행",http://kpenews.com/View.aspx?No=2073708
256,"르노, 캡처 하이브리드 라인업 추가..한국시장도 투입하나?",http://www.dailycar.co.kr/content/news.html?type=view&autoId=39778
257,"르노삼성차 쌍용차 9월 내수 부진에도 수출 늘어, 한국GM은 다 힘들어",https://www.businesspost.co.kr/BP?command=article_view&num=252713
258,"XM3 수출이 살렸다…르노삼성 9월 판매, 전년비比 100%↑",https://www.hankyung.com/economy/article/202110010260g
259,[시승기] 소형 SUV 가성비? 르노 캡처에게 물어봐,https://www.ekn.kr/web/view.php?key=20210514010002822
260,"르노삼성차, '온라인 스페셜 픽' 대상 모델에 전기차 추가",http://www.inews24.com/view/1418705
261,"르노삼성, 10월 판매량 총 1만1627대… 수출 호조 힘입어 54.3%↑",https://www.donga.com/news/article/all/20211101/110018180/2
262,"[biz car] 르노삼성자동차, 한국토요타, 넥센타이어",http://www.bizwnews.com/news/articleView.html?idxno=28231
263,"르노삼성, 풍성한 혜택 담은 10월 ‘온라인 스페셜 픽’ 진행",http://www.thedrive.co.kr/news/newsview.php?ncode=1065592704622709
264,"르노삼성차, 온라인 차량구매 프로모션",https://www.fetv.co.kr/news/article.html?no=97807
265,"르노삼성, 온라인 한정판매 80대 구매고객에 혜택 제공..‘온라인 스페셜 픽’ 진행",http://kpenews.com/View.aspx?No=2073708
266,"르노, 캡처 하이브리드 라인업 추가..한국시장도 투입하나?",http://www.dailycar.co.kr/content/news.html?type=view&autoId=39778
267,"르노삼성차 쌍용차 9월 내수 부진에도 수출 늘어, 한국GM은 다 힘들어",https://www.businesspost.co.kr/BP?command=article_view&num=252713
268,"XM3 수출이 살렸다…르노삼성 9월 판매, 전년비比 100%↑",https://www.hankyung.com/economy/article/202110010260g
269,[시승기] 소형 SUV 가성비? 르노 캡처에게 물어봐,https://www.ekn.kr/web/view.php?key=20210514010002822
270,"르노삼성, 80대 한정 '온라인 스페셜 픽' 캠페인",http://www.mediapen.com/news/view/669110
271,"르노, 캡처 하이브리드 라인업 추가..한국시장도 투입하나?",http://www.dailycar.co.kr/content/news.html?type=view&autoId=39778
272,"르노삼성차 쌍용차 9월 내수 부진에도 수출 늘어, 한국GM은 다 힘들어",https://www.businesspost.co.kr/BP?command=article_view&num=252713
273,"XM3 수출이 살렸다…르노삼성 9월 판매, 전년비比 100%↑",https://www.hankyung.com/economy/article/202110010260g
274,[시승기] 소형 SUV 가성비? 르노 캡처에게 물어봐,https://www.ekn.kr/web/view.php?key=20210514010002822
275,자동차도 이젠 무선 업데이트 시대..르노삼성 OTA 살펴보니...,http://www.dailycar.co.kr/content/news.html?type=view&autoId=41013
276,"르노삼성, OTA 방식 무선 업데이트…간편결제 확대한다",http://www.fnnews.com/news/202109060922374773
277,"르노삼성 ""10월 중순까지 이지 커넥트 무선 업데이트 진행""",https://sports.hankooki.com/lpage/economy/202109/sp20210908161524136990.htm?s_ref=nv
278,[쉐보레 vs 르노삼성] 소형SUV 판매격차 뚜렷… 대비되는 실적,http://www.sisaweek.com/news/articleView.html?idxno=147031
279,"'중형세단은 중년층만 탄다?' 르노삼성 SM6, 젊은 층에 인기 높은 이유는?",http://www.autodaily.co.kr/news/articleView.html?idxno=429553
280,"르노삼성자동차, 더욱 풍성한 10월 온라인 스페셜 픽 혜택 진행",http://kbench.com/?q=node/225974
281,"르노, 캡처 하이브리드 라인업 추가..한국시장도 투입하나?",http://www.dailycar.co.kr/content/news.html?type=view&autoId=39778
282,"르노삼성차 쌍용차 9월 내수 부진에도 수출 늘어, 한국GM은 다 힘들어",https://www.businesspost.co.kr/BP?command=article_view&num=252713
283,"XM3 수출이 살렸다…르노삼성 9월 판매, 전년비比 100%↑",https://www.hankyung.com/economy/article/202110010260g
284,[시승기] 소형 SUV 가성비? 르노 캡처에게 물어봐,https://www.ekn.kr/web/view.php?key=20210514010002822
285,자동차도 이젠 무선 업데이트 시대..르노삼성 OTA 살펴보니...,http://www.dailycar.co.kr/content/news.html?type=view&autoId=41013
286,"르노삼성, OTA 방식 무선 업데이트…간편결제 확대한다",http://www.fnnews.com/news/202109060922374773
287,"르노삼성 ""10월 중순까지 이지 커넥트 무선 업데이트 진행""",https://sports.hankooki.com/lpage/economy/202109/sp20210908161524136990.htm?s_ref=nv
288,[쉐보레 vs 르노삼성] 소형SUV 판매격차 뚜렷… 대비되는 실적,http://www.sisaweek.com/news/articleView.html?idxno=147031
289,"'중형세단은 중년층만 탄다?' 르노삼성 SM6, 젊은 층에 인기 높은 이유는?",http://www.autodaily.co.kr/news/articleView.html?idxno=429553
290,"르노삼성차, 이지커넥트 무선 업데이트로 편리함까지 업그레이드~",http://news.heraldcorp.com/view.php?ud=20210906000814
291,[쉐보레 vs 르노삼성] 소형SUV 판매격차 뚜렷… 대비되는 실적,http://www.sisaweek.com/news/articleView.html?idxno=147031
292,"'중형세단은 중년층만 탄다?' 르노삼성 SM6, 젊은 층에 인기 높은 이유는?",http://www.autodaily.co.kr/news/articleView.html?idxno=429553
293,"[biz car] 토요타 'GR 수프라 레이싱 클래스' 개최, 현대차 채용, 르노삼성차 'OTA 업데이트' 진행",http://www.bizwnews.com/news/articleView.html?idxno=27311
294,"유럽 감성 눌러 담은 '캡처', 도심형 SUV로 손색 없다",https://www.news1.kr/articles/?4041029
295,“르노삼성은 시동만 켜면 최신 SW가 업데이트”,http://moneys.mt.co.kr/news/mwView.php?no=2021090614068090418
296,"르노삼성차, XM3 등 소프트웨어 무선 업그레이드 진행",https://www.asiatime.co.kr/article/20210906500024
297,르노 캡처 부분변경… ‘QM3 페이스리프트’ 미리보기,http://bizn.donga.com/car/3/all/20170303/83157669/3
298,"쌍용차 르노삼성차 8월 내수판매 줄고 수출 늘어, 한국GM 다 부진",https://www.businesspost.co.kr/BP?command=article_view&num=248364
299,"르노삼성, 8월 판매 16.8%↑… “내수 부진 XM3 수출이 만회”",https://www.donga.com/news/article/all/20210901/109040967/2
300,"르노삼성,10월 중순까지 ‘이지 커넥트 무선 업데이트’ 진행",http://www.newsway.co.kr/news/view?tp=1&ud=2021090616294918084
301,"유럽 감성 눌러 담은 '캡처', 도심형 SUV로 손색 없다",https://www.news1.kr/articles/?4041029
302,“르노삼성은 시동만 켜면 최신 SW가 업데이트”,http://moneys.mt.co.kr/news/mwView.php?no=2021090614068090418
303,"르노삼성차, XM3 등 소프트웨어 무선 업그레이드 진행",https://www.asiatime.co.kr/article/20210906500024
304,르노 캡처 부분변경… ‘QM3 페이스리프트’ 미리보기,http://bizn.donga.com/car/3/all/20170303/83157669/3
305,"쌍용차 르노삼성차 8월 내수판매 줄고 수출 늘어, 한국GM 다 부진",https://www.businesspost.co.kr/BP?command=article_view&num=248364
306,"르노삼성, 8월 판매 16.8%↑… “내수 부진 XM3 수출이 만회”",https://www.donga.com/news/article/all/20210901/109040967/2
307,[하이빔]삼성차로 출발해 르노차가 되기까지,http://autotimes.hankyung.com/apps/news.sub_view?popup=0&nid=01&c1=01&c2=01&c3=00&nkey=202108221141201
308,"[단독] 르노삼성 소형SUV 캡처 디젤, 단종",https://www.econovill.com/news/articleView.html?idxno=525829
309,"르노삼성, 5월 교사·의료 종사자에 SM6·QM6·캡처 30만원 추가 할인",http://www.fntimes.com/html/view.php?ud=2021050310282024327de3572ddd_18
310,"르노삼성, 시동만 켜면 최신 소프트웨어가 깔린다?",http://www.thedrive.co.kr/news/newsview.php?ncode=1065596599275717
311,"유럽 감성 눌러 담은 '캡처', 도심형 SUV로 손색 없다",https://www.news1.kr/articles/?4041029
312,“르노삼성은 시동만 켜면 최신 SW가 업데이트”,http://moneys.mt.co.kr/news/mwView.php?no=2021090614068090418
313,"르노삼성차, XM3 등 소프트웨어 무선 업그레이드 진행",https://www.asiatime.co.kr/article/20210906500024
314,르노 캡처 부분변경… ‘QM3 페이스리프트’ 미리보기,http://bizn.donga.com/car/3/all/20170303/83157669/3
315,"쌍용차 르노삼성차 8월 내수판매 줄고 수출 늘어, 한국GM 다 부진",https://www.businesspost.co.kr/BP?command=article_view&num=248364
316,"르노삼성, 8월 판매 16.8%↑… “내수 부진 XM3 수출이 만회”",https://www.donga.com/news/article/all/20210901/109040967/2
317,[하이빔]삼성차로 출발해 르노차가 되기까지,http://autotimes.hankyung.com/apps/news.sub_view?popup=0&nid=01&c1=01&c2=01&c3=00&nkey=202108221141201
318,"[단독] 르노삼성 소형SUV 캡처 디젤, 단종",https://www.econovill.com/news/articleView.html?idxno=525829
319,"르노삼성, 5월 교사·의료 종사자에 SM6·QM6·캡처 30만원 추가 할인",http://www.fntimes.com/html/view.php?ud=2021050310282024327de3572ddd_18
320,"르노삼성차, 첨단 업데이트 'OTA' 시동 걸었다",http://www.gpkorea.com/news/articleView.html?idxno=77662
321,"유럽 감성 눌러 담은 '캡처', 도심형 SUV로 손색 없다",https://www.news1.kr/articles/?4041029
322,“르노삼성은 시동만 켜면 최신 SW가 업데이트”,http://moneys.mt.co.kr/news/mwView.php?no=2021090614068090418
323,"르노삼성차, XM3 등 소프트웨어 무선 업그레이드 진행",https://www.asiatime.co.kr/article/20210906500024
324,르노 캡처 부분변경… ‘QM3 페이스리프트’ 미리보기,http://bizn.donga.com/car/3/all/20170303/83157669/3
325,"쌍용차 르노삼성차 8월 내수판매 줄고 수출 늘어, 한국GM 다 부진",https://www.businesspost.co.kr/BP?command=article_view&num=248364
326,"르노삼성, 8월 판매 16.8%↑… “내수 부진 XM3 수출이 만회”",https://www.donga.com/news/article/all/20210901/109040967/2
327,[하이빔]삼성차로 출발해 르노차가 되기까지,http://autotimes.hankyung.com/apps/news.sub_view?popup=0&nid=01&c1=01&c2=01&c3=00&nkey=202108221141201
328,"[단독] 르노삼성 소형SUV 캡처 디젤, 단종",https://www.econovill.com/news/articleView.html?idxno=525829
329,"르노삼성, 5월 교사·의료 종사자에 SM6·QM6·캡처 30만원 추가 할인",http://www.fntimes.com/html/view.php?ud=2021050310282024327de3572ddd_18
330,"""인카페이먼트 기능 추가""…르노삼성차, 이지 커넥트 무선 업데이트",http://www.paxetv.com/news/articleView.html?idxno=126211
331,"르노삼성차, XM3 등 소프트웨어 무선 업그레이드 진행",https://www.asiatime.co.kr/article/20210906500024
332,르노 캡처 부분변경… ‘QM3 페이스리프트’ 미리보기,http://bizn.donga.com/car/3/all/20170303/83157669/3
333,"쌍용차 르노삼성차 8월 내수판매 줄고 수출 늘어, 한국GM 다 부진",https://www.businesspost.co.kr/BP?command=article_view&num=248364
334,"르노삼성, 8월 판매 16.8%↑… “내수 부진 XM3 수출이 만회”",https://www.donga.com/news/article/all/20210901/109040967/2
335,[하이빔]삼성차로 출발해 르노차가 되기까지,http://autotimes.hankyung.com/apps/news.sub_view?popup=0&nid=01&c1=01&c2=01&c3=00&nkey=202108221141201
336,"[단독] 르노삼성 소형SUV 캡처 디젤, 단종",https://www.econovill.com/news/articleView.html?idxno=525829
337,"르노삼성, 5월 교사·의료 종사자에 SM6·QM6·캡처 30만원 추가 할인",http://www.fntimes.com/html/view.php?ud=2021050310282024327de3572ddd_18
338,"르노삼성 XM3, 20·30 젊은 세대 입맛 공략",http://www.g-enews.com/ko-kr/news/article/news_all/202108260918348941938f3ba357_1/article.html
339,"삼성, 르노삼성과 결별…상표권 계약도 '종료'",http://www.economytalk.kr/news/articleView.html?idxno=215164
340,"르노삼성, XM3·SM6 등 이지 커넥트 장착 차량 대상 무선 업데이트 진행",http://www.autodaily.co.kr/news/articleView.html?idxno=429331
341,"[단독] 르노삼성 소형SUV 캡처 디젤, 단종",https://www.econovill.com/news/articleView.html?idxno=525829
342,"르노삼성, 5월 교사·의료 종사자에 SM6·QM6·캡처 30만원 추가 할인",http://www.fntimes.com/html/view.php?ud=2021050310282024327de3572ddd_18
343,"르노삼성 XM3, 20·30 젊은 세대 입맛 공략",http://www.g-enews.com/ko-kr/news/article/news_all/202108260918348941938f3ba357_1/article.html
344,"삼성, 르노삼성과 결별…상표권 계약도 '종료'",http://www.economytalk.kr/news/articleView.html?idxno=215164
345,"르노삼성차, 지난달 1만 1033대 판매",http://www.dailysportshankook.co.kr/news/articleView.html?idxno=245028
346,"르노코리아, 인캐페이먼트 가맹점 확대…XM3·QM6 등 고객 편의 향상",http://www.metroseoul.co.kr/article/20220324500452
347,[시콜시승] 신차 '캡처' 탔는데. 왜 XM3가 떠오르지?,https://news.chosun.com/site/data/html_dir/2020/05/15/2020051501944.html?utm_source=naver&utm_medium=original&utm_campaign=news
348,"쌍용차 르노삼성차 7월 수출 좋아 전체 판매 늘어, 한국GM 다 부진",https://www.businesspost.co.kr/BP?command=article_view&num=243676
349,"르노삼성차, 7월 1만1천대 판매…내수 줄고 수출 늘어",http://yna.kr/AKR20210802121900003?did=1195m
350,"삼성카드, 르노삼성 지분 매각 추진…결별 수순",http://news.kmib.co.kr/article/view.asp?arcid=0016182475&code=61141111&cp=nv
351,"르노삼성, 이지커넥트 무선업데이트…인카페이먼트 등 추가",http://www.newsis.com/view/?id=NISX20210906_0001573161&cID=13001&pID=13000
352,"르노삼성차, 지난달 1만 1033대 판매",http://www.dailysportshankook.co.kr/news/articleView.html?idxno=245028
353,"르노코리아, 인캐페이먼트 가맹점 확대…XM3·QM6 등 고객 편의 향상",http://www.metroseoul.co.kr/article/20220324500452
354,[시콜시승] 신차 '캡처' 탔는데. 왜 XM3가 떠오르지?,https://news.chosun.com/site/data/html_dir/2020/05/15/2020051501944.html?utm_source=naver&utm_medium=original&utm_campaign=news
355,"쌍용차 르노삼성차 7월 수출 좋아 전체 판매 늘어, 한국GM 다 부진",https://www.businesspost.co.kr/BP?command=article_view&num=243676
356,"르노삼성차, 7월 1만1천대 판매…내수 줄고 수출 늘어",http://yna.kr/AKR20210802121900003?did=1195m
357,뒷좌석도 앞뒤로 움직여…QM3 형제車 르노 캡처 살펴보니,http://www.segye.com/content/html/2013/11/20/20131120003101.html?OutUrl=naver
358,"배기가스 조작한 르노자동차, ‘디젤게이트’ 발목 잡히나",https://www.sisain.co.kr/news/articleView.html?idxno=44950
359,현대차·VW·르노 '전기차로 부활한 클래식카',https://www.econovill.com/news/articleView.html?idxno=539177
360,"배기가스 조작한 르노자동차, ‘디젤게이트’ 발목 잡히나",https://www.sisain.co.kr/news/articleView.html?idxno=44950
361,현대차·VW·르노 '전기차로 부활한 클래식카',https://www.econovill.com/news/articleView.html?idxno=539177
362,르노 캡처. 폭스바겐 티록과 맞붙을 현대 신형 '바이욘(BAYON)' 유럽 투입,http://www.autodaily.co.kr/news/articleView.html?idxno=425976
363,"한국GM 쌍용차 르노삼성차 6월 수출 늘어, 상반기 판매량은 후퇴",https://www.businesspost.co.kr/BP?command=article_view&num=238855
364,"르노삼성, 6월 1만4166대 판매…""XM3 수출 견인""",https://news.mtn.co.kr/newscenter/news_viewer.mtn?gidx=2021070117181321517
365,"케이카, 르노삼성 'SM6·캡처' 중고차 구매시 50만원 상품권 증정",http://www.ajunews.com/view/20210112163837825
366,[시승기] 기대 이상의 변화와 편의성의 강화…르노삼성 2022 XM3,https://hankookilbo.com/News/Read/A2021062721260003984?did=NA
367,"르노삼성, 소형 SUV XM3 인기…'유럽감성' 캡처도 가세",http://www.fnnews.com/news/202012181007088904
368,"르노삼성, QM6·XM3·SM6·캡처 250만원 할인..‘파격’",http://www.dailycar.co.kr/content/news.html?type=view&autoId=38477
369,[시승기] 르노삼성 '2022년형 XM3' 가성비는 찐 진심인데… MZ 세대에도 진심이 통할까,http://kr.aving.net/news/view.php?articleId=1608764&Branch_ID=kr&rssid=naver&mn_name=news
370,"르노삼성, QM6·XM3·SM6·캡처 250만원 할인..‘파격’",http://www.dailycar.co.kr/content/news.html?type=view&autoId=38477
371,"르노삼성, 6월 판매 1만4166대 ‘0.7%↓’… “내수 부진했지만 수출 선방”",https://www.donga.com/news/article/all/20210701/107746562/2
372,[시승기] 르노삼성 '2022년형 XM3' 가성비는 찐 진심인데… MZ 세대에도 진심이 통할까,http://kr.aving.net/news/view.php?articleId=1608764&Branch_ID=kr&rssid=naver&mn_name=news
373,"르노, 순수 전기 SUV 신형 ‘메간 E-테크 일렉트릭’ 공개..출시 일정은?",http://www.dailycar.co.kr/content/news.html?type=view&autoId=39827
374,"[시승기] 세련된 디자인, 밸런스 좋은 드라이빙의 컴팩트 SUV…르노 캡처 1.5 dCi",https://hankookilbo.com/News/Read/A2020120208440004127?did=NA
375,"XM3·SM6·캡처·조에 고객, 시동켜면 '차량결제' 이용 가능",https://www.econovill.com/news/articleView.html?idxno=548148
376,"케이카, 2020년식 르노삼성 SM6ㆍ캡처 기획전…신차급 차 2000만 원대부터",https://www.etoday.co.kr/news/view/1983363
377,"르노, 2021년형 ‘아르카나’ 출시..특징은?",http://www.dailycar.co.kr/content/news.html?type=view&autoId=39714
378,"르노삼성자동차 '굿바이 2020' 특별 프로모션...뉴 QM6, 더 뉴 SM6, XM3, 르노 캡처 구매 소상공인 특별 할인 혜택",http://www.econonews.co.kr/news/articleView.html?idxno=150876
379,"르노삼성, 12월 QM6, SM6, 캡처 조기 출고 시 최대 30만원 할인",https://www.news1.kr/articles/?4135510
380,"르노삼성, 고객차 무단 운행 논란에 ""협력업체, 시운전 서면 동의 안 받아""",http://www.kukinews.com/newsView/kuk202106010228
381,"한국GM 르노삼성차 쌍용차, 6월 호국의달 대규모 현금할인 판촉전",https://www.businesspost.co.kr/BP?command=article_view&num=234083
382,"르노삼성, 5월 1만348대 판매 전년比 13.3%↓…내수고전 여파",https://www.news1.kr/articles/?4325046
383,"쌍용차 르노삼성차 5월 수출 대폭 늘어, 한국GM은 국내외 모두 부진",https://www.businesspost.co.kr/BP?command=article_view&num=234153
384,"쌍용·르노삼성·쉐보레, 호국보훈의 달 6월 모델별 파격 혜택. 최대 350만원 할인",http://www.autodaily.co.kr/news/articleView.html?idxno=427788
385,"[시승기] 부드러워진 르노 캡처, 유럽 감성으로 韓 소비자 홀린다",http://www.ekn.kr/web/view.php?key=20201107010001706
386,"""오늘도 시운전차로 퇴근"" 수리 맡긴 고객 차 무단 사용한 르노삼성 직원",http://www.kukinews.com/newsView/kuk202105310126
387,"케이카, 신차급 르노삼성 SM6·캡처 2천만원대 판매",http://www.edaily.co.kr/news/newspath.asp?newsid=02059846628917064
388,어머! 이건 사야 해! 푸조 2008 SUV & 지프 레니게이드 & 르노 캡처,https://www.motortrendkorea.com/sub/view.html?no=5106&cate1Name=WHICHCAR
389,'르노그룹은 LG전자의 최고 고객' 르노 캡처·조에 등에 9.3인치 디스플레이 장착,http://www.autodaily.co.kr/news/articleView.html?idxno=423627
390,"르노삼성차, 6월 풍성한 할인…'르노 조에' 최대 350만원 추가 지원",http://www.paxetv.com/news/articleView.html?idxno=118398
391,"[시승기] 부드러워진 르노 캡처, 유럽 감성으로 韓 소비자 홀린다",http://www.ekn.kr/web/view.php?key=20201107010001706
392,"""오늘도 시운전차로 퇴근"" 수리 맡긴 고객 차 무단 사용한 르노삼성 직원",http://www.kukinews.com/newsView/kuk202105310126
393,"케이카, 신차급 르노삼성 SM6·캡처 2천만원대 판매",http://www.edaily.co.kr/news/newspath.asp?newsid=02059846628917064
394,어머! 이건 사야 해! 푸조 2008 SUV & 지프 레니게이드 & 르노 캡처,https://www.motortrendkorea.com/sub/view.html?no=5106&cate1Name=WHICHCAR
395,'르노그룹은 LG전자의 최고 고객' 르노 캡처·조에 등에 9.3인치 디스플레이 장착,http://www.autodaily.co.kr/news/articleView.html?idxno=423627
396,"[시승]르노 조에, 1회 충전 400㎞ 달려보니",http://autotimes.hankyung.com/apps/news.sub_view?popup=0&nid=02&c1=02&c2=02&c3=00&nkey=202105052134021
397,"르노삼성차, 5월 '존경합니다, 감사합니다' 프로모션",http://www.sportsseoul.com/news/read/1038958?ref=naver
398,"한국지엠·르노삼성, 가정의 달 겨냥 특별 프로모션 시행",http://www.sportsworldi.com/newsView/20210503513711
399,"한국지엠과 르노삼성, 가정의 달 겨냥 프로모션 박차",http://www.segyebiz.com/newsView/20210503510137?OutUrl=naver
400,"르노삼성, 6월 전기차 구매혜택 강화",http://www.fnnews.com/news/202106010914151729
401,"[시승기] 부드러워진 르노 캡처, 유럽 감성으로 韓 소비자 홀린다",http://www.ekn.kr/web/view.php?key=20201107010001706
402,"""오늘도 시운전차로 퇴근"" 수리 맡긴 고객 차 무단 사용한 르노삼성 직원",http://www.kukinews.com/newsView/kuk202105310126
403,"케이카, 신차급 르노삼성 SM6·캡처 2천만원대 판매",http://www.edaily.co.kr/news/newspath.asp?newsid=02059846628917064
404,어머! 이건 사야 해! 푸조 2008 SUV & 지프 레니게이드 & 르노 캡처,https://www.motortrendkorea.com/sub/view.html?no=5106&cate1Name=WHICHCAR
405,'르노그룹은 LG전자의 최고 고객' 르노 캡처·조에 등에 9.3인치 디스플레이 장착,http://www.autodaily.co.kr/news/articleView.html?idxno=423627
406,"[시승]르노 조에, 1회 충전 400㎞ 달려보니",http://autotimes.hankyung.com/apps/news.sub_view?popup=0&nid=02&c1=02&c2=02&c3=00&nkey=202105052134021
407,"르노삼성차, 5월 '존경합니다, 감사합니다' 프로모션",http://www.sportsseoul.com/news/read/1038958?ref=naver
408,"한국지엠·르노삼성, 가정의 달 겨냥 특별 프로모션 시행",http://www.sportsworldi.com/newsView/20210503513711
409,"한국지엠과 르노삼성, 가정의 달 겨냥 프로모션 박차",http://www.segyebiz.com/newsView/20210503510137?OutUrl=naver
410,"한국지엠·르노삼성, 가정의 달 겨냥 특별 프로모션 시행",http://www.sportsworldi.com/newsView/20210503513711
411,"한국지엠과 르노삼성, 가정의 달 겨냥 프로모션 박차",http://www.segyebiz.com/newsView/20210503510137?OutUrl=naver
412,"르노삼성차, 내수 반토막. 4월 글로벌 판매 28.6％ 줄어든 9,344대",http://www.autodaily.co.kr/news/articleView.html?idxno=427287
413,4월 현대차·기아 판매 '방긋'…르노·쌍용·지엠 '우울' 희비 교차,http://www.dizzotv.com/site/data/html_dir/2021/05/03/2021050380195.html
414,"한국GM 르노삼성차 쌍용차, 5월 가정의달 맞아 최대 200만 원 할인",https://www.businesspost.co.kr/BP?command=article_view&num=229736
415,"르노삼성, ‘존경합니다, 감사합니다’ 5월 특별 프로모션 진행",http://www.edaily.co.kr/news/newspath.asp?newsid=01515366629044984
416,"""클리오·캡처 통 안보이네""… 맥 못추는 르노삼성",http://www.dt.co.kr/contents.html?article_no=2020091102101232064001&ref=naver
417,"한국GM 르노삼성차 쌍용차, 4월 봄 맞이 대규모 현금할인 판촉행사",http://www.businesspost.co.kr/BP?command=article_view&num=224627
418,[시승기] 르노삼성 캡처 가솔린 '소리 없이 강한 업그레이드',http://www.gpkorea.com/news/articleView.html?idxno=66597
419,"[영상] 디젤 SUV 모범생, 르노 캡처",http://autotimes.hankyung.com/apps/news.sub_view?popup=0&nid=08&c1=08&c2=08&c3=00&nkey=202009181707151
420,"르노삼성, 4월 총 9344대 판매 전년比 28.6%↓…QM6·XM3 의존 심화",https://www.news1.kr/articles/?4294988
421,4월 현대차·기아 판매 '방긋'…르노·쌍용·지엠 '우울' 희비 교차,http://www.dizzotv.com/site/data/html_dir/2021/05/03/2021050380195.html
422,"한국GM 르노삼성차 쌍용차, 5월 가정의달 맞아 최대 200만 원 할인",https://www.businesspost.co.kr/BP?command=article_view&num=229736
423,"르노삼성, ‘존경합니다, 감사합니다’ 5월 특별 프로모션 진행",http://www.edaily.co.kr/news/newspath.asp?newsid=01515366629044984
424,"""클리오·캡처 통 안보이네""… 맥 못추는 르노삼성",http://www.dt.co.kr/contents.html?article_no=2020091102101232064001&ref=naver
425,"르노삼성자동차, 5월 가정의 달 맞아 특별할인 이벤트 진행",http://www.econonews.co.kr/news/articleView.html?idxno=170708
426,"한국GM 르노삼성차 쌍용차, 4월 봄 맞이 대규모 현금할인 판촉행사",http://www.businesspost.co.kr/BP?command=article_view&num=224627
427,[시승기] 르노삼성 캡처 가솔린 '소리 없이 강한 업그레이드',http://www.gpkorea.com/news/articleView.html?idxno=66597
428,"[영상] 디젤 SUV 모범생, 르노 캡처",http://autotimes.hankyung.com/apps/news.sub_view?popup=0&nid=08&c1=08&c2=08&c3=00&nkey=202009181707151
429,"소비자 리서치, ‘호감도’는 르노 캡처·‘관심도’는 제네시스 GV80..왜?",http://www.dailycar.co.kr/content/news.html?type=view&autoId=37266
430,"르노삼성차, 가정의달 쏜다… 의료업계 종사자 특별할인",http://www.newscj.com/news/articleView.html?idxno=855544
431,"""클리오·캡처 통 안보이네""… 맥 못추는 르노삼성",http://www.dt.co.kr/contents.html?article_no=2020091102101232064001&ref=naver
432,"르노삼성, 4월 판매 29% 감소…XM3 수출 확대 '위안'",http://www.fntimes.com/html/view.php?ud=2021050315425953967de3572ddd_18
433,현대·기아 4월 판매 급증… 지엠·르노·쌍용 또 추락,https://www.donga.com/news/article/all/20210503/106748835/2
434,"르노삼성자동차, 5월 가정의 달 맞아 특별할인 이벤트 진행",http://www.econonews.co.kr/news/articleView.html?idxno=170708
435,"한국GM 르노삼성차 쌍용차, 4월 봄 맞이 대규모 현금할인 판촉행사",http://www.businesspost.co.kr/BP?command=article_view&num=224627
436,[시승기] 르노삼성 캡처 가솔린 '소리 없이 강한 업그레이드',http://www.gpkorea.com/news/articleView.html?idxno=66597
437,"[영상] 디젤 SUV 모범생, 르노 캡처",http://autotimes.hankyung.com/apps/news.sub_view?popup=0&nid=08&c1=08&c2=08&c3=00&nkey=202009181707151
438,"소비자 리서치, ‘호감도’는 르노 캡처·‘관심도’는 제네시스 GV80..왜?",http://www.dailycar.co.kr/content/news.html?type=view&autoId=37266
439,"장거리 승차감 좋은 소형 SUV, 르노삼성 XM3",http://www.mediapen.com/news/view/617361
440,"르노삼성차, 5월 프로모션 ‘SM6·QM6’ 최대 280만원 구매 혜택",http://www.viva100.com/main/view.php?key=20210502010000155
441,"""클리오·캡처 통 안보이네""… 맥 못추는 르노삼성",http://www.dt.co.kr/contents.html?article_no=2020091102101232064001&ref=naver
442,"르노삼성, 4월 판매 29% 감소…XM3 수출 확대 '위안'",http://www.fntimes.com/html/view.php?ud=2021050315425953967de3572ddd_18
443,현대·기아 4월 판매 급증… 지엠·르노·쌍용 또 추락,https://www.donga.com/news/article/all/20210503/106748835/2
444,"르노삼성자동차, 5월 가정의 달 맞아 특별할인 이벤트 진행",http://www.econonews.co.kr/news/articleView.html?idxno=170708
445,"한국GM 르노삼성차 쌍용차, 4월 봄 맞이 대규모 현금할인 판촉행사",http://www.businesspost.co.kr/BP?command=article_view&num=224627
446,[시승기] 르노삼성 캡처 가솔린 '소리 없이 강한 업그레이드',http://www.gpkorea.com/news/articleView.html?idxno=66597
447,"[영상] 디젤 SUV 모범생, 르노 캡처",http://autotimes.hankyung.com/apps/news.sub_view?popup=0&nid=08&c1=08&c2=08&c3=00&nkey=202009181707151
448,"소비자 리서치, ‘호감도’는 르노 캡처·‘관심도’는 제네시스 GV80..왜?",http://www.dailycar.co.kr/content/news.html?type=view&autoId=37266
449,"장거리 승차감 좋은 소형 SUV, 르노삼성 XM3",http://www.mediapen.com/news/view/617361
450,"르노삼성, 4월 판매 29% 감소…XM3 수출 확대 '위안'",http://www.fntimes.com/html/view.php?ud=2021050315425953967de3572ddd_18
451,현대·기아 4월 판매 급증… 지엠·르노·쌍용 또 추락,https://www.donga.com/news/article/all/20210503/106748835/2
452,"르노삼성자동차, 5월 가정의 달 맞아 특별할인 이벤트 진행",http://www.econonews.co.kr/news/articleView.html?idxno=170708
453,"르노삼성, 가정의달 특별 프로모션… 최대 200만원 할인",http://www.fnnews.com/news/202105021948135867
454,"한국GM 르노삼성차 쌍용차, 4월 봄 맞이 대규모 현금할인 판촉행사",http://www.businesspost.co.kr/BP?command=article_view&num=224627
455,[시승기] 르노삼성 캡처 가솔린 '소리 없이 강한 업그레이드',http://www.gpkorea.com/news/articleView.html?idxno=66597
456,"[영상] 디젤 SUV 모범생, 르노 캡처",http://autotimes.hankyung.com/apps/news.sub_view?popup=0&nid=08&c1=08&c2=08&c3=00&nkey=202009181707151
457,"소비자 리서치, ‘호감도’는 르노 캡처·‘관심도’는 제네시스 GV80..왜?",http://www.dailycar.co.kr/content/news.html?type=view&autoId=37266
458,"장거리 승차감 좋은 소형 SUV, 르노삼성 XM3",http://www.mediapen.com/news/view/617361
459,"르노삼성 ""SM6, QM6 최대 180만원 할인 혜택""",https://sports.hankooki.com/lpage/economy/202104/sp20210406173048136990.htm?s_ref=nv
460,"소비자 리서치, ‘호감도’는 르노 캡처·‘관심도’는 제네시스 GV80..왜?",http://www.dailycar.co.kr/content/news.html?type=view&autoId=37266
461,"장거리 승차감 좋은 소형 SUV, 르노삼성 XM3",http://www.mediapen.com/news/view/617361
462,"르노삼성 ""SM6, QM6 최대 180만원 할인 혜택""",https://sports.hankooki.com/lpage/economy/202104/sp20210406173048136990.htm?s_ref=nv
463,"한국GM·르노삼성차·쌍용차, 내수판매 24% '뚝'",https://www.dnews.co.kr/uhtml/view.jsp?idxno=202104051358518110359
464,"'한집안 경쟁' 르노삼성차 XM3-캡처-조에, 생애 첫차로 인기",http://www.gpkorea.com/news/articleView.html?idxno=66269
465,"[완성차 구조조정] 르노삼성, '서바이벌 플랜' 속도",http://www.m-i.kr/news/articleView.html?idxno=815353
466,"쌍용·한국GM·르노삼성, 1분기 내수 판매 외환위기 이후 최소",https://imnews.imbc.com/news/2021/econo/article/6139647_34887.html
467,"[Car Test-Drive] 르노, 캡처 TCe 260 가솔린 에디션 파리 | 작지만 고급스러운 실내, 단단한 주행 성능까지",http://news.mk.co.kr/newsRead.php?no=785443&year=2020
468,"르노삼성 풍성해진 4월 구매 혜택, SM6-QM6 최대 180만원 할인",http://www.sportsseoul.com/news/read/1029375?ref=naver
469,"지엠, 르노, 쌍용차 4월 할인폭 상대적으로 커",http://www.newsis.com/view/?id=NISX20210401_0001392316&cID=13001&pID=13000
470,"지엠, 르노, 쌍용차 4월 할인폭 상대적으로 커",http://www.newsis.com/view/?id=NISX20210401_0001392316&cID=13001&pID=13000
471,"한국GM 르노삼성차 3월 판매 '후진', 쌍용차 해외판매는 늘어",http://www.businesspost.co.kr/BP?command=article_view&num=224742
472,"'봄나들이객 잡아라' 쉐보레·쌍용·르노삼성, 무이자할부·현금지원 등 특별 프로모션 운영",http://www.autodaily.co.kr/news/articleView.html?idxno=426636
473,"르노삼성, 3월 프로모션 진행…SM6·QM6 최대 180만원 혜택",https://www.news1.kr/articles/?4226954
474,"[시승기] 매력적이고 세련된 컴팩트 SUV, 르노 캡처 1.5 dCi",https://hankookilbo.com/News/Read/A2020072312230000144?did=NA
475,"新 SUV 명가 르노삼성, QM6-XM3-캡처 3히트 칠까",http://autotimes.hankyung.com/apps/news.sub_view?popup=0&nid=03&c1=03&c2=03&c3=00&nkey=202007221514051
476,"제네시스 GV80, 올 상반기 신차 중 관심도 1위…르노삼성 '캡처' 호감도 톱",http://www.thebigdata.co.kr/view.php?ud=202008051424127497d0a8833aad_23
477,"르노삼성 '캡처', 출시 3달만에 1,000대 판매 돌파",https://www.sedaily.com/NewsView/1Z6GN922UO
478,"르노삼성자동차, 봄맞이 3월 프로모션 진행",http://www.sisamagazine.co.kr/news/articleView.html?idxno=347831
479,최강 막내는 누구? 르노 캡처 vs 현대 베뉴,https://www.motortrendkorea.com/sub/view.html?no=4827&cate1Name=WHICHCAR
480,"르노삼성, 4월 SM6·QM6 최대 180만원 할인 혜택",http://www.mediapen.com/news/view/615254
481,"르노삼성, 3월 프로모션 진행…SM6·QM6 최대 180만원 혜택",https://www.news1.kr/articles/?4226954
482,"[시승기] 매력적이고 세련된 컴팩트 SUV, 르노 캡처 1.5 dCi",https://hankookilbo.com/News/Read/A2020072312230000144?did=NA
483,"新 SUV 명가 르노삼성, QM6-XM3-캡처 3히트 칠까",http://autotimes.hankyung.com/apps/news.sub_view?popup=0&nid=03&c1=03&c2=03&c3=00&nkey=202007221514051
484,"제네시스 GV80, 올 상반기 신차 중 관심도 1위…르노삼성 '캡처' 호감도 톱",http://www.thebigdata.co.kr/view.php?ud=202008051424127497d0a8833aad_23
485,"르노삼성 '캡처', 출시 3달만에 1,000대 판매 돌파",https://www.sedaily.com/NewsView/1Z6GN922UO
486,"르노삼성자동차, 봄맞이 3월 프로모션 진행",http://www.sisamagazine.co.kr/news/articleView.html?idxno=347831
487,최강 막내는 누구? 르노 캡처 vs 현대 베뉴,https://www.motortrendkorea.com/sub/view.html?no=4827&cate1Name=WHICHCAR
488,"[자유로 연비] 세련된 컴팩트 SUV, 르노 캡처의 자유로 연비는?",https://hankookilbo.com/News/Read/A2020071317210005032?did=NA
489,"국내서 소형 SUV 열풍 주도… 르노 캡처, 하반기 재도약 꿈꾼다",http://news.kmib.co.kr/article/view.asp?arcid=0924150953&code=11151400&cp=nv
490,"""SM6·QM6 180만원 할인""…르노삼성, 4월 프로모션 공개",http://www.dt.co.kr/contents.html?article_no=2021040102109932064007&ref=naver
491,"르노삼성, 3월 프로모션 진행…SM6·QM6 최대 180만원 혜택",https://www.news1.kr/articles/?4226954
492,"[시승기] 매력적이고 세련된 컴팩트 SUV, 르노 캡처 1.5 dCi",https://hankookilbo.com/News/Read/A2020072312230000144?did=NA
493,"新 SUV 명가 르노삼성, QM6-XM3-캡처 3히트 칠까",http://autotimes.hankyung.com/apps/news.sub_view?popup=0&nid=03&c1=03&c2=03&c3=00&nkey=202007221514051
494,"제네시스 GV80, 올 상반기 신차 중 관심도 1위…르노삼성 '캡처' 호감도 톱",http://www.thebigdata.co.kr/view.php?ud=202008051424127497d0a8833aad_23
495,"르노삼성 '캡처', 출시 3달만에 1,000대 판매 돌파",https://www.sedaily.com/NewsView/1Z6GN922UO
496,"르노삼성자동차, 봄맞이 3월 프로모션 진행",http://www.sisamagazine.co.kr/news/articleView.html?idxno=347831
497,최강 막내는 누구? 르노 캡처 vs 현대 베뉴,https://www.motortrendkorea.com/sub/view.html?no=4827&cate1Name=WHICHCAR
498,"[자유로 연비] 세련된 컴팩트 SUV, 르노 캡처의 자유로 연비는?",https://hankookilbo.com/News/Read/A2020071317210005032?did=NA
499,"국내서 소형 SUV 열풍 주도… 르노 캡처, 하반기 재도약 꿈꾼다",http://news.kmib.co.kr/article/view.asp?arcid=0924150953&code=11151400&cp=nv
