,title,url
0,"르노 XM3, 1분기 유럽 수출 263% 증가…""하이브리드 통했다""",http://www.newsis.com/view/?id=NISX20220420_0001840823&cID=13001&pID=13000
1,"르노코리아 XM3 하이브리드, 반도체 수급난에도 유럽서 돌풍… 하반기 국내 출시",https://www.donga.com/news/article/all/20220420/112983187/2
2,"르노코리아 XM3 상품성 검증 완료, 1분기 유럽 수출 263% 급증",http://www.sportsseoul.com/news/read/1117902?ref=naver
3,"르노차·한국GM, 판매 전략 탈바꿈…친환경·SUV 라인업 집중",http://www.shinailbo.co.kr/news/articleView.html?idxno=1544409
4,르노코리아 ‘XM3’ 1분기 유럽 수출 263% 급증… 하이브리드 상품성 증명,http://www.sportsworldi.com/newsView/20220421501158
5,[비교시승] 독특한 매력의 컴팩트 해치백 – 토요타 프리우스 C vs 르노 클리오,https://hankookilbo.com/News/Read/A2021021908360005697?did=NA
6,르노 클리오 英서 '올해의 소형차' 선정…국내 수입 재개될까,https://www.theguru.co.kr/news/article.html?no=17645
7,"르노 클리오, 폭스바겐 골프 제치고 유럽 베스트셀링 카 등극",http://www.gpkorea.com/news/articleView.html?idxno=62900
8,"르노삼성, 27년만에 '삼성' 뗀다",http://www.newsway.co.kr/news/view?tp=1&ud=2022031621565608645
9,'결국 알아본다' 소형 해치백 `르노 클리오` 완판,http://www.gpkorea.com/news/articleView.html?idxno=58785
10,"[단독] 르노삼성차, 소형 해치백 클리오 완판… 주말 사이 마지막 5대 소진",http://www.sporbiz.co.kr/news/articleView.html?idxno=390515
11,폭풍할인이면 모든게 용서된다..르노 클리오 재고 동나,http://www.edaily.co.kr/news/newspath.asp?newsid=02997926622650624
12,"[시승기]""만능 엔터테이너""…모터스포츠 DNA 품은 르노 클리오",http://www.mediapen.com/news/view/466413
13,"[조윤성의 車談] 르노 클리오, 실구매 통한 디젤엔진의 매력",http://www.sporbiz.co.kr/news/articleView.html?idxno=398968
14,"르노 클리오, 동급 최강 연비로 승부한다",http://www.asiatoday.co.kr/view.php?key=20190918010009735
15,"[SR경제&라이프] 르노삼성차, 태풍 피해 고객 파격 프로모션 '클리오 1,554만원'",http://www.srtimes.kr/news/articleView.html?idxno=47211
16,"르노 클리오의 재발견..경차급 1600만원, 가성비 최고",http://www.edaily.co.kr/news/newspath.asp?newsid=03712966622618480
17,"[Review] 르노 클리오, 달려보면 갖고 싶다! ",http://www.iminju.net/news/articleView.html?idxno=48675
18,"""르노 클리오, 시승 및 구매상담 이벤트 실시""",http://sports.hankooki.com/lpage/economy/201909/sp20190906121615136990.htm
19,"르노 클리오, 1600만 원대 구매할 수 있는 기회…시승도 가능해",http://www.leaders.kr/news/articleView.html?idxno=118478
20,"르노삼성, 추석맞이 할인 프로모션...`클리오 1604만원에`",http://www.gpkorea.com/news/articleView.html?idxno=55876
21,[서킷 시승기] 태백 스피드웨이에서 매력을 뽐내는 르노 클리오,http://www.hankookilbo.com/news/npath/201908290870725745?did=NA
22,"르노삼성, SM6는 500만원·클리오는 400만원 할인 혜택..‘파격’",http://www.dailycar.co.kr/content/news.html?type=view&autoId=34717
23,"[리뷰] 다섯 번째 진화를 완성한 컴팩트 해치백, 르노 클리오",http://www.hankookilbo.com/news/npath/201908170902080452?did=NA
24,"(시승기)프랑스 특유 심플함이 매력적인 해치백, 르노 ‘클리오’",http://www.newstomato.com/ReadNews.aspx?no=912643
25,"르노삼성차, 유럽 소형차의 정통성 품은 클리오와 QM3",http://www.newswatch.kr/news/articleView.html?idxno=22211
26,"르노 클리오, 운전하는 맛이 있는 '프리미엄 소형차'",http://www.etnews.com/20190805000057
27,"르노삼성 ""클리오 최대 350만원, QM3 최대 400만원 현금 지원""",http://sports.hankooki.com/lpage/economy/201909/sp20190903164228136990.htm
28,"르노 클리오, 신규 트림 출시로 주춤했던 판매량 반등",http://www.edaily.co.kr/news/newspath.asp?newsid=03706406622558128
29,"[시승기] 즐거움, 효율성 그리고 감각적 ‘르노 클리오’",http://www.hankookilbo.com/news/npath/201907210904047358?did=NA
30,"[시승기] ""해치백 매력 아시나요"" 르노삼성의 비밀병기 ‘클리오’",http://www.ekn.kr/news/article.html?no=443788
31,"[연비체크] 르노 클리오, 서울에서 영암까지 주행에서 체크한 연비는?",http://www.hankookilbo.com/news/npath/201907040737054008?did=NA
32,"르노, 더욱 세련된 감성과 기술을 더한 신형 클리오 공개",http://www.hankookilbo.com/news/npath/201906080835732742?did=NA
33,"해치백 게임체인저 선언한 르노 클리오, 지난 1년 성과는?",http://www.mediapen.com/news/view/437368
34,소형 해치백 판매 1위 르노 ‘클리오’..가성비 높여 시장 공략,http://www.dailycar.co.kr/content/news.html?type=view&autoId=33351
35,"소형차 시장 유아독존, 르노 클리오의 인기비결",http://www.hankookilbo.com/news/npath/201905090988057611?did=NA
36,"르노 클리오, '디자인·실용성·연비' 3박자 모두 갖췄다",http://biz.newdaily.co.kr/site/data/html/2019/05/03/2019050300006.html
37,"르노삼성자동차, SM6-QM6-르노 클리오 등 할인 등 프로모션 진행",http://www.econonews.co.kr/news/articleView.html?idxno=89552
38,"유럽 홀린 르노 클리오, 인기 비결은 '실용성·연비'",http://www.sisaon.co.kr/news/articleView.html?idxno=92627
39,"합리적 가격으로 즐기는 유러피언 감성 해치백, 르노삼성 ‘클리오’",http://www.etoday.co.kr/news/section/newsview.php?idxno=1745399
40,XM3가 효자네… 르노 브랜드 중 유럽내 판매 4위 껑충,http://www.dt.co.kr/contents.html?article_no=2022020802101632064001&ref=naver
41,"르노 클리오, 신규 트림 '아이코닉' 출시",http://www.gnmaeil.com/news/articleView.html?idxno=410709
42,"르노 클리오, 고객선호 옵션 추가한 신규 트림 '아이코닉'…2111만원",http://www.mediapen.com/news/view/424215
43,"르노삼성, 클리오 신규 트림 '아이코닉' 출시",http://www.consumernews.co.kr/?mod=news&act=articleView&idxno=530783
44,"르노 클리오, 연비·성능·가격 모두 잡아…소형차 시장 이끈다",http://www.enewstoday.co.kr/news/articleView.html?idxno=1286721
45,[신차 브리핑!]'파노라마 루프' 단 르노 클리오 출시,http://sports.hankooki.com/lpage/economy/201903/sp20190307165844136980.htm
46,‘르노 클리오’ 파노라마 루프 장착 모델 출시,http://www.munhwa.com/news/view.html?no=2019030501031939176001
47,"르노 클리오, ‘인텐스 파노라믹’ 출시..가격은 2298만원",http://www.dailycar.co.kr/content/news.html?type=view&autoId=32405
48,"르노 클리오, ‘인텐스 파노라믹’ 트림 출시",http://www.rpm9.com/news/article.html?id=20190303090017
49,"르노, 소형차 클리오 '인텐스 파노라믹 트림' 출시",http://www.leaders.kr/news/articleView.html?idxno=88019
50,"르노 ‘클리오’, ‘인텐스 파노라믹’ 트림 출시…가격 2298만원",http://www.shinailbo.co.kr/news/articleView.html?idxno=1145870
51,[클릭! 이 차]유럽 소형차 1위 르노 '클리오 아이코닉' 트림,http://www.etnews.com/20190411000184
52,300대 한정판 르노 ‘클리오 루테시아’ 에디션 공개,http://www.thedrive.co.kr/news/newsview.php?ncode=1065594892513434
53,[시승기]최강 연비로 무장한 유럽산 해치백..2019 르노 클리오,http://www.edaily.co.kr/news/newspath.asp?newsid=01144726622390848
54,"르노 클리오, 신형 클리오라는 악재를 만날까?",http://www.hankookilbo.com/news/npath/201901290877020461?did=NA
55,‘해치백의 무덤’ 국내에서 선전한 르노 클리오,http://biz.chosun.com/site/data/html_dir/2019/01/21/2019012102629.html
56,`해치백` 르노 클리오 타보니… 잘 잡힌 균형감 `매력` 가속 페달 반응 빨라,http://www.dt.co.kr/contents.html?article_no=2018122402101932027001&ref=naver
57,르노클리오 해지백 주도권 잡을까?,http://www.mediapen.com/news/view/403425
58,"르노삼성, '삼성' 떼도 엠블럼은 안 바꾼다?",http://www.sisaweek.com/news/articleView.html?idxno=150936
59,"[시승기] 르노 클리오, 주행감각 돋보이는 다재다능한 재간둥이",http://www.newsworks.co.kr/news/articleView.html?idxno=317462
60,"르노, '클리오' 120년 헤리티지 담은 한정판 '스틸' 에디션 출시",http://www.economytalk.kr/news/articleView.html?idxno=174930
61,"르노삼성, 120대 한정 ‘클리오 STEEL 에디션’ 한정판매…“2019년형 클리오 출시”",http://www.viva100.com/main/view.php?key=20181205010001440
62,"르노삼성, 120대 한정 클리오 스틸에디션·2019년형 출시",http://www.mediapen.com/news/view/400209
63,"[시승기] 감각적인 소형차, 르노 클리오",http://www.ekn.kr/news/article.html?no=399561
64,르노 클리오에 대한 편견..파워는 ‘마력’으로 평가한다고?,http://www.dailycar.co.kr/content/news.html?type=view&autoId=31504
65,[오토라이프] 아담한 체구에 역동적 주행 성능 ‘르노 클리오’ 눈에 띄네,http://www.hankookilbo.com/news/npath/201811131028741989?did=NA
66,"르노 ""클리오 현금 구입 시 200만원 현금 지원""",http://sports.hankooki.com/lpage/economy/201811/sp20181112080029136980.htm
67,르노 “클리오 구매하면 최대 200만원 할인”,http://www.rpm9.com/news/article.html?id=20181111090014
68,"르노삼성차, 클리오 구매 혜택 풍성 '슈퍼 세일 페스타3 진행'",http://www.mbcsportsplus.com/news/?mode=view&cate=65&b_idx=99873974.000
69,해치백 르노 ‘클리오’..작지만 강한 차로 불리는 이유는?,http://www.dailycar.co.kr/content/news.html?type=view&autoId=31396
70,"[시승기] 르노 클리오, QM3를 넘는 연비 끝판왕...주행 기본기도 탄탄",http://www.consumernews.co.kr/?mod=news&act=articleView&idxno=528294
71,"[시승기]르노 클리오, 디자인·성능 자신감으로 해치백 시장 돌파",http://www.ceoscoredaily.com/news/article.html?no=47487
72,르노 “클리오 현금 구입하면 200만원 캐시백”,http://www.rpm9.com/news/article.html?id=20181023090012
73,"르노 클리오, '슈퍼 세일 페스타2' 실시..60개월 무이자 할부+ 200만원 현금 지원",http://www.wikitree.co.kr/main/news_view.php?id=376884
74,"르노 클리오, 현금 구입하면 ‘200만원’ 지원···명품 ‘몽블랑 지갑’ 덤",http://www.newsway.co.kr/news/view?tp=1&ud=2018102117120609347
75,"GM 이쿼녹스·르노 클리오, 판매부진 이유 있네",http://biz.chosun.com/site/data/html_dir/2018/10/15/2018101502793.html
76,"[시승기] 르노삼성 '클리오', 신나게 달리고도 연비 20km/ℓ 기록... 쫀득한 주행감은 덤!",http://kr.aving.net/news/view.php?articleId=1426832&Branch_ID=kr&rssid=naver&mn_name=news
77,르노 '클리오' 2371대 판매…소형차 시장 '생기',http://www.newsis.com/view/?id=NISX20181012_0000441461&cID=13001&pID=13000
78,[연비체크] 디젤 엔진과 듀얼 클러치로 무장한 르노 '클리오'의 연비는?,http://www.hankookilbo.com/news/npath/201810060879094510?did=NA
79,[배두헌의 시승기-르노 ‘클리오’] 공기저항 최소화 설계로 ‘달리는 맛’ ‘로장쥬’ 마크 단 2000만원대 해치백,http://news.heraldcorp.com/view.php?ud=20181002000400
80,"[시승기] 르노 클리오, 친근한 듯 이국적인 매력",http://www.cstimes.com/?mod=news&act=articleView&idxno=286469
81,[시승기] ‘해치백의 무덤’서 살아남을까…르노 클리오,http://news.heraldcorp.com/view.php?ud=20180921000689
82,유럽시장 평정한 르노 클리오..침체된 소형차 시장 반전 시킬까?,http://www.dailycar.co.kr/content/news.html?type=view&autoId=31067
83,[시승기] 효율적이지만 즐거운 드라이빙을 뽐내는 르노 클리오,http://www.hankookilbo.com/v/8CD17ACAE86466388FC6588BD29750AE
84,"가성비 높은 수입 소형차 '르노 클리오', 젊은층에 어필",http://www.autodaily.co.kr/news/articleView.html?idxno=404956
85,'해치백의 무덤' 넘지 못한 르노 클리오,http://www.sisaweek.com/news/articleView.html?idxno=113040
86,"르노 클리오, 국내 해치백 지동차시장 판매량 가장 두각",http://www.ceoscoredaily.com/news/article.html?no=45593
87,[시승기] '작지만 즐거운 드라이빙' 르노 클리오 산길을 달리다,http://www.hankookilbo.com/v/BEB73BE0E081634E06C12D27D4AE1E82
88,"[시승기]'달리는 공연장 따로없네' 르노 클리오 ""귀가 즐겁다""",http://www.mediapen.com/news/view/378671
89,르노 ‘클리오’ 온라인 구매 고객에 특별 프로모션,http://news.heraldcorp.com/view.php?ud=20180824000164
90,"(시승기) 르노삼성차, 연비끝판왕 ‘클리오’ 외모와는 다른 반전 매력",http://www.electimes.com/article.php?aid=1546997382171903110
91,"르노 클리오, 해치백 무덤인 한국에서 통하는 이유",http://www.autodaily.co.kr/news/articleView.html?idxno=404192
92,"[자유로 연비] 펀 드라이빙과 뛰어난 효율성, 르노 클리오의 자유로 연비는?",http://www.hankookilbo.com/v/977071D633F4F23BD35BB2036D6D1BC2
93,르노가 만든 재간둥이 ‘클리오’ 실력은 [손재철의 시승기],http://sports.khan.co.kr/news/sk_index.html?art_id=201808151451013&sec_id=563002&pt=nv
94,"르노 클리오, 전국 르노삼성 전시장에서 야간 시승 이벤트 진행",http://sports.chosun.com/news/ntype.htm?id=201808160100130100009891&servicedate=20180815
95,르노 클리오 ‘익스피리언스 나이트’ 이벤트 진행,http://www.sedaily.com/NewsView/1S3CVYH0DZ
96,"르노삼성, 전국 전시장에서 르노 클리오 야간시승 이벤트",http://www.munhwa.com/news/view.html?no=20180814MW150024969327
97,밤에 만나는 클리오는 어떤 미모? 르노 클리오 ‘익스피리언스 나이트’ 이벤트,http://www.osen.co.kr/article/G1110967125
98,르노 클리오 ‘익스피리언스 나이트’ 이벤트 나서,http://sports.khan.co.kr/news/sk_index.html?art_id=201808141134003&sec_id=563002&pt=nv
99,"""가벼우면서도, 참 땡기는 차…"" 르노 클리오 `끌린다`",http://www.dt.co.kr/contents.html?article_no=2018081402109932052002&ref=naver
100,르노 클리오 최대 350만원 파격할인 1604만원 구매 가능,http://www.ebn.co.kr/news/view/999418
101,"르노 클리오, 신규 트림 출시로 주춤했던 판매량 반등",http://www.edaily.co.kr/news/newspath.asp?newsid=03706406622558128
102,"[시승기] 즐거움, 효율성 그리고 감각적 ‘르노 클리오’",http://www.hankookilbo.com/news/npath/201907210904047358?did=NA
103,"[시승기] ""해치백 매력 아시나요"" 르노삼성의 비밀병기 ‘클리오’",http://www.ekn.kr/news/article.html?no=443788
104,"르노 클리오, 시승·구매상담 이벤트 실시",http://www.newsis.com/view/?id=NISX20190904_0000760348&cID=13001&pID=13000
105,"[연비체크] 르노 클리오, 서울에서 영암까지 주행에서 체크한 연비는?",http://www.hankookilbo.com/news/npath/201907040737054008?did=NA
106,"르노삼성, 태풍 피해 고객이면 클리오 1554만원에 구매 가능",http://www.ebn.co.kr/news/view/1001186
107,"르노, 더욱 세련된 감성과 기술을 더한 신형 클리오 공개",http://www.hankookilbo.com/news/npath/201906080835732742?did=NA
108,"해치백 게임체인저 선언한 르노 클리오, 지난 1년 성과는?",http://www.mediapen.com/news/view/437368
109,소형 해치백 판매 1위 르노 ‘클리오’..가성비 높여 시장 공략,http://www.dailycar.co.kr/content/news.html?type=view&autoId=33351
110,"[연비체크] 르노 클리오, 서울에서 영암까지 주행에서 체크한 연비는?",http://www.hankookilbo.com/news/npath/201907040737054008?did=NA
111,"르노삼성, 태풍 피해 고객이면 클리오 1554만원에 구매 가능",http://www.ebn.co.kr/news/view/1001186
112,"르노삼성차, 추석 맞이 할인…현금 구매 시 클리오 최대 350만 원↓",http://www.etoday.co.kr/news/section/newsview.php?idxno=1794281
113,"르노, 더욱 세련된 감성과 기술을 더한 신형 클리오 공개",http://www.hankookilbo.com/news/npath/201906080835732742?did=NA
114,"해치백 게임체인저 선언한 르노 클리오, 지난 1년 성과는?",http://www.mediapen.com/news/view/437368
115,소형 해치백 판매 1위 르노 ‘클리오’..가성비 높여 시장 공략,http://www.dailycar.co.kr/content/news.html?type=view&autoId=33351
116,"소형차 시장 유아독존, 르노 클리오의 인기비결",http://www.hankookilbo.com/news/npath/201905090988057611?did=NA
117,"르노 클리오, '디자인·실용성·연비' 3박자 모두 갖췄다",http://biz.newdaily.co.kr/site/data/html/2019/05/03/2019050300006.html
118,"르노삼성자동차, SM6-QM6-르노 클리오 등 할인 등 프로모션 진행",http://www.econonews.co.kr/news/articleView.html?idxno=89552
119,"유럽 홀린 르노 클리오, 인기 비결은 '실용성·연비'",http://www.sisaon.co.kr/news/articleView.html?idxno=92627
120,"르노삼성자동차, SM6-QM6-르노 클리오 등 할인 등 프로모션 진행",http://www.econonews.co.kr/news/articleView.html?idxno=89552
121,"“클리오 최대 400만원 할인”… 르노삼성, 한가위 추가 프로모션 진행",http://moneys.mt.co.kr/news/mwView.php?no=2019091609188093691
122,"유럽 홀린 르노 클리오, 인기 비결은 '실용성·연비'",http://www.sisaon.co.kr/news/articleView.html?idxno=92627
123,"합리적 가격으로 즐기는 유러피언 감성 해치백, 르노삼성 ‘클리오’",http://www.etoday.co.kr/news/section/newsview.php?idxno=1745399
124,XM3가 효자네… 르노 브랜드 중 유럽내 판매 4위 껑충,http://www.dt.co.kr/contents.html?article_no=2022020802101632064001&ref=naver
125,"르노 클리오, 신규 트림 '아이코닉' 출시",http://www.gnmaeil.com/news/articleView.html?idxno=410709
126,"르노 클리오, 고객선호 옵션 추가한 신규 트림 '아이코닉'…2111만원",http://www.mediapen.com/news/view/424215
127,"르노삼성, 클리오 신규 트림 '아이코닉' 출시",http://www.consumernews.co.kr/?mod=news&act=articleView&idxno=530783
128,"르노 클리오, 연비·성능·가격 모두 잡아…소형차 시장 이끈다",http://www.enewstoday.co.kr/news/articleView.html?idxno=1286721
129,"'하반기 국내 출시' XM3 하이브리드, 유럽에서 경쟁력 인정 받아",http://www.fntimes.com/html/view.php?ud=2022042015304864867de3572ddd_18
130,"르노 클리오, 신규 트림 ‘아이코닉’ 출시…판매가격은?",http://www.enewstoday.co.kr/news/articleView.html?idxno=1287538
131,"르노삼성, 클리오 신규 트림 '아이코닉' 출시",http://www.consumernews.co.kr/?mod=news&act=articleView&idxno=530783
132,"르노 클리오, 연비·성능·가격 모두 잡아…소형차 시장 이끈다",http://www.enewstoday.co.kr/news/articleView.html?idxno=1286721
133,"'하반기 국내 출시' XM3 하이브리드, 유럽에서 경쟁력 인정 받아",http://www.fntimes.com/html/view.php?ud=2022042015304864867de3572ddd_18
134,[신차 브리핑!]'파노라마 루프' 단 르노 클리오 출시,http://sports.hankooki.com/lpage/economy/201903/sp20190307165844136980.htm
135,‘르노 클리오’ 파노라마 루프 장착 모델 출시,http://www.munhwa.com/news/view.html?no=2019030501031939176001
136,"르노 클리오, ‘인텐스 파노라믹’ 출시..가격은 2298만원",http://www.dailycar.co.kr/content/news.html?type=view&autoId=32405
137,"르노 클리오, ‘인텐스 파노라믹’ 트림 출시",http://www.rpm9.com/news/article.html?id=20190303090017
138,"르노, 소형차 클리오 '인텐스 파노라믹 트림' 출시",http://www.leaders.kr/news/articleView.html?idxno=88019
139,"르노 ‘클리오’, ‘인텐스 파노라믹’ 트림 출시…가격 2298만원",http://www.shinailbo.co.kr/news/articleView.html?idxno=1145870
140,"르노삼성, 클리오 신규 트림 '아이코닉' 출시",http://www.consumernews.co.kr/?mod=news&act=articleView&idxno=530783
141,"르노삼성차, 소형차 클리오 새 트림으로 ‘아이코닉’ 내놔",http://www.businesspost.co.kr/BP?command=article_view&num=121451
142,"르노 클리오, 연비·성능·가격 모두 잡아…소형차 시장 이끈다",http://www.enewstoday.co.kr/news/articleView.html?idxno=1286721
143,"'하반기 국내 출시' XM3 하이브리드, 유럽에서 경쟁력 인정 받아",http://www.fntimes.com/html/view.php?ud=2022042015304864867de3572ddd_18
144,[신차 브리핑!]'파노라마 루프' 단 르노 클리오 출시,http://sports.hankooki.com/lpage/economy/201903/sp20190307165844136980.htm
145,‘르노 클리오’ 파노라마 루프 장착 모델 출시,http://www.munhwa.com/news/view.html?no=2019030501031939176001
146,"르노 클리오, ‘인텐스 파노라믹’ 출시..가격은 2298만원",http://www.dailycar.co.kr/content/news.html?type=view&autoId=32405
147,"르노 클리오, ‘인텐스 파노라믹’ 트림 출시",http://www.rpm9.com/news/article.html?id=20190303090017
148,"르노, 소형차 클리오 '인텐스 파노라믹 트림' 출시",http://www.leaders.kr/news/articleView.html?idxno=88019
149,"르노 ‘클리오’, ‘인텐스 파노라믹’ 트림 출시…가격 2298만원",http://www.shinailbo.co.kr/news/articleView.html?idxno=1145870
150,"르노, 클리오 중간 트림 '아이코닉' 출시…2111만 원부터",http://www.leaders.kr/news/articleView.html?idxno=90701
151,"르노 클리오, 연비·성능·가격 모두 잡아…소형차 시장 이끈다",http://www.enewstoday.co.kr/news/articleView.html?idxno=1286721
152,"'하반기 국내 출시' XM3 하이브리드, 유럽에서 경쟁력 인정 받아",http://www.fntimes.com/html/view.php?ud=2022042015304864867de3572ddd_18
153,[신차 브리핑!]'파노라마 루프' 단 르노 클리오 출시,http://sports.hankooki.com/lpage/economy/201903/sp20190307165844136980.htm
154,‘르노 클리오’ 파노라마 루프 장착 모델 출시,http://www.munhwa.com/news/view.html?no=2019030501031939176001
155,"르노 클리오, ‘인텐스 파노라믹’ 출시..가격은 2298만원",http://www.dailycar.co.kr/content/news.html?type=view&autoId=32405
156,"르노 클리오, ‘인텐스 파노라믹’ 트림 출시",http://www.rpm9.com/news/article.html?id=20190303090017
157,"르노, 소형차 클리오 '인텐스 파노라믹 트림' 출시",http://www.leaders.kr/news/articleView.html?idxno=88019
158,"르노 ‘클리오’, ‘인텐스 파노라믹’ 트림 출시…가격 2298만원",http://www.shinailbo.co.kr/news/articleView.html?idxno=1145870
159,[클릭! 이 차]유럽 소형차 1위 르노 '클리오 아이코닉' 트림,http://www.etnews.com/20190411000184
160,‘르노 클리오’ 파노라마 루프 장착 모델 출시,http://www.munhwa.com/news/view.html?no=2019030501031939176001
161,"르노 클리오, ‘인텐스 파노라믹’ 출시..가격은 2298만원",http://www.dailycar.co.kr/content/news.html?type=view&autoId=32405
162,"르노 클리오, ‘인텐스 파노라믹’ 트림 출시",http://www.rpm9.com/news/article.html?id=20190303090017
163,"르노, 소형차 클리오 '인텐스 파노라믹 트림' 출시",http://www.leaders.kr/news/articleView.html?idxno=88019
164,"르노 ‘클리오’, ‘인텐스 파노라믹’ 트림 출시…가격 2298만원",http://www.shinailbo.co.kr/news/articleView.html?idxno=1145870
165,[클릭! 이 차]유럽 소형차 1위 르노 '클리오 아이코닉' 트림,http://www.etnews.com/20190411000184
166,300대 한정판 르노 ‘클리오 루테시아’ 에디션 공개,http://www.thedrive.co.kr/news/newsview.php?ncode=1065594892513434
167,[신차 브리핑!]고급사양 강화한 르노 클리오 ‘아이코닉’,http://sports.hankooki.com/lpage/economy/201904/sp20190404172307136980.htm
168,"르노 클리오, 신규 트림 '아이코닉' 출시",http://www.wikileaks-kr.org/news/articleView.html?idxno=51972
169,"르노 클리오, 신규 트림 ‘아이코닉’ 출시…편의 높이고 가격 낮추고",http://news.heraldcorp.com/view.php?ud=20190403000264
170,"르노삼성, '글라스 루프' 장착한 '클리오' 신모델 출시..2298만원",http://www.etnews.com/20190302000001
171,"르노 ‘클리오’, ‘인텐스 파노라믹’ 트림 출시…가격 2298만원",http://www.shinailbo.co.kr/news/articleView.html?idxno=1145870
172,[클릭! 이 차]유럽 소형차 1위 르노 '클리오 아이코닉' 트림,http://www.etnews.com/20190411000184
173,300대 한정판 르노 ‘클리오 루테시아’ 에디션 공개,http://www.thedrive.co.kr/news/newsview.php?ncode=1065594892513434
174,[신차 브리핑!]고급사양 강화한 르노 클리오 ‘아이코닉’,http://sports.hankooki.com/lpage/economy/201904/sp20190404172307136980.htm
175,"르노 클리오, 신규 트림 '아이코닉' 출시",http://www.wikileaks-kr.org/news/articleView.html?idxno=51972
176,"르노 클리오, 신규 트림 ‘아이코닉’ 출시…편의 높이고 가격 낮추고",http://news.heraldcorp.com/view.php?ud=20190403000264
177,[시승기]최강 연비로 무장한 유럽산 해치백..2019 르노 클리오,http://www.edaily.co.kr/news/newspath.asp?newsid=01144726622390848
178,"르노 클리오, 신형 클리오라는 악재를 만날까?",http://www.hankookilbo.com/news/npath/201901290877020461?did=NA
179,‘해치백의 무덤’ 국내에서 선전한 르노 클리오,http://biz.chosun.com/site/data/html_dir/2019/01/21/2019012102629.html
180,르노 클리오 인텐스 파노라믹 출시,http://www.busan.com/view/busan/view.php?code=2019030111071709556
181,[클릭! 이 차]유럽 소형차 1위 르노 '클리오 아이코닉' 트림,http://www.etnews.com/20190411000184
182,300대 한정판 르노 ‘클리오 루테시아’ 에디션 공개,http://www.thedrive.co.kr/news/newsview.php?ncode=1065594892513434
183,[신차 브리핑!]고급사양 강화한 르노 클리오 ‘아이코닉’,http://sports.hankooki.com/lpage/economy/201904/sp20190404172307136980.htm
184,"르노 클리오, 신규 트림 '아이코닉' 출시",http://www.wikileaks-kr.org/news/articleView.html?idxno=51972
185,"르노 클리오, 신규 트림 ‘아이코닉’ 출시…편의 높이고 가격 낮추고",http://news.heraldcorp.com/view.php?ud=20190403000264
186,[시승기]최강 연비로 무장한 유럽산 해치백..2019 르노 클리오,http://www.edaily.co.kr/news/newspath.asp?newsid=01144726622390848
187,"르노 클리오, 신형 클리오라는 악재를 만날까?",http://www.hankookilbo.com/news/npath/201901290877020461?did=NA
188,‘해치백의 무덤’ 국내에서 선전한 르노 클리오,http://biz.chosun.com/site/data/html_dir/2019/01/21/2019012102629.html
189,"[타볼까]르노삼성, 르노 클리오 ‘인텐스 파노라믹’ 트림",http://www.nspna.com/news/?mode=view&newsid=342483
190,"르노 클리오, 신규 트림 '아이코닉' 출시",http://www.wikileaks-kr.org/news/articleView.html?idxno=51972
191,"르노 클리오, 신규 트림 ‘아이코닉’ 출시…편의 높이고 가격 낮추고",http://news.heraldcorp.com/view.php?ud=20190403000264
192,[시승기]최강 연비로 무장한 유럽산 해치백..2019 르노 클리오,http://www.edaily.co.kr/news/newspath.asp?newsid=01144726622390848
193,"르노 클리오, 신형 클리오라는 악재를 만날까?",http://www.hankookilbo.com/news/npath/201901290877020461?did=NA
194,‘해치백의 무덤’ 국내에서 선전한 르노 클리오,http://biz.chosun.com/site/data/html_dir/2019/01/21/2019012102629.html
195,"[타볼까]르노삼성, 르노 클리오 ‘인텐스 파노라믹’ 트림",http://www.nspna.com/news/?mode=view&newsid=342483
196,"‘유럽파’ 르노 클리오, ‘인텐스 파노라믹’ 트림 추가…달라진 점은",http://sports.khan.co.kr/news/sk_index.html?art_id=201903011009003&sec_id=563002&pt=nv
197,`해치백` 르노 클리오 타보니… 잘 잡힌 균형감 `매력` 가속 페달 반응 빨라,http://www.dt.co.kr/contents.html?article_no=2018122402101932027001&ref=naver
198,르노클리오 해지백 주도권 잡을까?,http://www.mediapen.com/news/view/403425
199,"""태풍 피해 고객이 르노 클리오 구입하면 최대 400만원 할인""",http://news1.kr/articles/?3719921
200,'편의 사양 강화' 르노 클리오 신규 트림 '아이코닉' 출시,http://news1.kr/articles/?3587821
201,"르노 클리오, 신형 클리오라는 악재를 만날까?",http://www.hankookilbo.com/news/npath/201901290877020461?did=NA
202,‘해치백의 무덤’ 국내에서 선전한 르노 클리오,http://biz.chosun.com/site/data/html_dir/2019/01/21/2019012102629.html
203,"[타볼까]르노삼성, 르노 클리오 ‘인텐스 파노라믹’ 트림",http://www.nspna.com/news/?mode=view&newsid=342483
204,"‘유럽파’ 르노 클리오, ‘인텐스 파노라믹’ 트림 추가…달라진 점은",http://sports.khan.co.kr/news/sk_index.html?art_id=201903011009003&sec_id=563002&pt=nv
205,`해치백` 르노 클리오 타보니… 잘 잡힌 균형감 `매력` 가속 페달 반응 빨라,http://www.dt.co.kr/contents.html?article_no=2018122402101932027001&ref=naver
206,르노클리오 해지백 주도권 잡을까?,http://www.mediapen.com/news/view/403425
207,"""태풍 피해 고객이 르노 클리오 구입하면 최대 400만원 할인""",http://news1.kr/articles/?3719921
208,"르노삼성, '삼성' 떼도 엠블럼은 안 바꾼다?",http://www.sisaweek.com/news/articleView.html?idxno=150936
209,"[시승기] 르노 클리오, 주행감각 돋보이는 다재다능한 재간둥이",http://www.newsworks.co.kr/news/articleView.html?idxno=317462
210,"르노삼성, '삼성' 떼도 엠블럼은 안 바꾼다?",http://www.sisaweek.com/news/articleView.html?idxno=150936
211,"[시승기] 르노 클리오, 주행감각 돋보이는 다재다능한 재간둥이",http://www.newsworks.co.kr/news/articleView.html?idxno=317462
212,"르노, '클리오' 120년 헤리티지 담은 한정판 '스틸' 에디션 출시",http://www.economytalk.kr/news/articleView.html?idxno=174930
213,"르노삼성, 120대 한정 ‘클리오 STEEL 에디션’ 한정판매…“2019년형 클리오 출시”",http://www.viva100.com/main/view.php?key=20181205010001440
214,"르노삼성, 120대 한정 클리오 스틸에디션·2019년형 출시",http://www.mediapen.com/news/view/400209
215,"르노삼성차, '클리오' 신규 트림 '아이오닉' 출시",http://www.newsis.com/view/?id=NISX20190403_0000608076&cID=13001&pID=13000
216,"[시승기] 감각적인 소형차, 르노 클리오",http://www.ekn.kr/news/article.html?no=399561
217,르노 클리오에 대한 편견..파워는 ‘마력’으로 평가한다고?,http://www.dailycar.co.kr/content/news.html?type=view&autoId=31504
218,[오토라이프] 아담한 체구에 역동적 주행 성능 ‘르노 클리오’ 눈에 띄네,http://www.hankookilbo.com/news/npath/201811131028741989?did=NA
219,"르노 ""클리오 현금 구입 시 200만원 현금 지원""",http://sports.hankooki.com/lpage/economy/201811/sp20181112080029136980.htm
220,"르노삼성, 2019년형 클리오 및 한정판 스틸에디션 출시",http://www.sedaily.com/NewsView/1S8CHSEMPG
221,"르노 클리오, 2019년형 및 한정판 모델 출시",http://www.inews24.com/view/1143624
222,"르노삼성차, '클리오' 신규 트림 '아이오닉' 출시",http://www.newsis.com/view/?id=NISX20190403_0000608076&cID=13001&pID=13000
223,"[시승기] 감각적인 소형차, 르노 클리오",http://www.ekn.kr/news/article.html?no=399561
224,르노 클리오에 대한 편견..파워는 ‘마력’으로 평가한다고?,http://www.dailycar.co.kr/content/news.html?type=view&autoId=31504
225,[오토라이프] 아담한 체구에 역동적 주행 성능 ‘르노 클리오’ 눈에 띄네,http://www.hankookilbo.com/news/npath/201811131028741989?did=NA
226,"르노 ""클리오 현금 구입 시 200만원 현금 지원""",http://sports.hankooki.com/lpage/economy/201811/sp20181112080029136980.htm
227,르노 “클리오 구매하면 최대 200만원 할인”,http://www.rpm9.com/news/article.html?id=20181111090014
228,"르노삼성차, 클리오 구매 혜택 풍성 '슈퍼 세일 페스타3 진행'",http://www.mbcsportsplus.com/news/?mode=view&cate=65&b_idx=99873974.000
229,해치백 르노 ‘클리오’..작지만 강한 차로 불리는 이유는?,http://www.dailycar.co.kr/content/news.html?type=view&autoId=31396
230,"르노 클리오, 19년형과 한정판 모델 스틸 에디션 출시",http://yna.kr/PYH20181205029600013?did=1196m
231,"르노삼성차, '클리오' 신규 트림 '아이오닉' 출시",http://www.newsis.com/view/?id=NISX20190403_0000608076&cID=13001&pID=13000
232,"[시승기] 감각적인 소형차, 르노 클리오",http://www.ekn.kr/news/article.html?no=399561
233,르노 클리오에 대한 편견..파워는 ‘마력’으로 평가한다고?,http://www.dailycar.co.kr/content/news.html?type=view&autoId=31504
234,[오토라이프] 아담한 체구에 역동적 주행 성능 ‘르노 클리오’ 눈에 띄네,http://www.hankookilbo.com/news/npath/201811131028741989?did=NA
235,"르노 ""클리오 현금 구입 시 200만원 현금 지원""",http://sports.hankooki.com/lpage/economy/201811/sp20181112080029136980.htm
236,르노 “클리오 구매하면 최대 200만원 할인”,http://www.rpm9.com/news/article.html?id=20181111090014
237,"르노삼성차, 클리오 구매 혜택 풍성 '슈퍼 세일 페스타3 진행'",http://www.mbcsportsplus.com/news/?mode=view&cate=65&b_idx=99873974.000
238,해치백 르노 ‘클리오’..작지만 강한 차로 불리는 이유는?,http://www.dailycar.co.kr/content/news.html?type=view&autoId=31396
239,"[시승기] 르노 클리오, QM3를 넘는 연비 끝판왕...주행 기본기도 탄탄",http://www.consumernews.co.kr/?mod=news&act=articleView&idxno=528294
240,르노 “클리오 구매하면 최대 200만원 할인”,http://www.rpm9.com/news/article.html?id=20181111090014
241,"르노삼성차, 클리오 구매 혜택 풍성 '슈퍼 세일 페스타3 진행'",http://www.mbcsportsplus.com/news/?mode=view&cate=65&b_idx=99873974.000
242,해치백 르노 ‘클리오’..작지만 강한 차로 불리는 이유는?,http://www.dailycar.co.kr/content/news.html?type=view&autoId=31396
243,"[시승기] 르노 클리오, QM3를 넘는 연비 끝판왕...주행 기본기도 탄탄",http://www.consumernews.co.kr/?mod=news&act=articleView&idxno=528294
244,"[시승기]르노 클리오, 디자인·성능 자신감으로 해치백 시장 돌파",http://www.ceoscoredaily.com/news/article.html?no=47487
245,"르노 클리오, 글라스루프 추가한 '인텐스 파노라믹' 출시...2298만원",http://www.fntimes.com/html/view.php?ud=2019030114364836527de3572ddd_18
246,르노 “클리오 현금 구입하면 200만원 캐시백”,http://www.rpm9.com/news/article.html?id=20181023090012
247,"르노 클리오, '슈퍼 세일 페스타2' 실시..60개월 무이자 할부+ 200만원 현금 지원",http://www.wikitree.co.kr/main/news_view.php?id=376884
248,"르노 클리오, 현금 구입하면 ‘200만원’ 지원···명품 ‘몽블랑 지갑’ 덤",http://www.newsway.co.kr/news/view?tp=1&ud=2018102117120609347
249,"GM 이쿼녹스·르노 클리오, 판매부진 이유 있네",http://biz.chosun.com/site/data/html_dir/2018/10/15/2018101502793.html
250,"르노삼성, ‘르노 클리오’ 구매 프로모션 진행… 현금 구매 시 200만원 지원",http://news.donga.com/3/all/20181109/92809562/2
251,해치백 르노 ‘클리오’..작지만 강한 차로 불리는 이유는?,http://www.dailycar.co.kr/content/news.html?type=view&autoId=31396
252,"[시승기] 르노 클리오, QM3를 넘는 연비 끝판왕...주행 기본기도 탄탄",http://www.consumernews.co.kr/?mod=news&act=articleView&idxno=528294
253,"[시승기]르노 클리오, 디자인·성능 자신감으로 해치백 시장 돌파",http://www.ceoscoredaily.com/news/article.html?no=47487
254,"르노 클리오, 글라스루프 추가한 '인텐스 파노라믹' 출시...2298만원",http://www.fntimes.com/html/view.php?ud=2019030114364836527de3572ddd_18
255,르노 “클리오 현금 구입하면 200만원 캐시백”,http://www.rpm9.com/news/article.html?id=20181023090012
256,"르노 클리오, '슈퍼 세일 페스타2' 실시..60개월 무이자 할부+ 200만원 현금 지원",http://www.wikitree.co.kr/main/news_view.php?id=376884
257,"르노 클리오, 현금 구입하면 ‘200만원’ 지원···명품 ‘몽블랑 지갑’ 덤",http://www.newsway.co.kr/news/view?tp=1&ud=2018102117120609347
258,"GM 이쿼녹스·르노 클리오, 판매부진 이유 있네",http://biz.chosun.com/site/data/html_dir/2018/10/15/2018101502793.html
259,"[시승기] 르노삼성 '클리오', 신나게 달리고도 연비 20km/ℓ 기록... 쫀득한 주행감은 덤!",http://kr.aving.net/news/view.php?articleId=1426832&Branch_ID=kr&rssid=naver&mn_name=news
260,르노 “클리오 현금 구입하면 200만원 캐시백”,http://www.rpm9.com/news/article.html?id=20181023090012
261,"르노 클리오, '슈퍼 세일 페스타2' 실시..60개월 무이자 할부+ 200만원 현금 지원",http://www.wikitree.co.kr/main/news_view.php?id=376884
262,"르노 클리오, 현금 구입하면 ‘200만원’ 지원···명품 ‘몽블랑 지갑’ 덤",http://www.newsway.co.kr/news/view?tp=1&ud=2018102117120609347
263,"GM 이쿼녹스·르노 클리오, 판매부진 이유 있네",http://biz.chosun.com/site/data/html_dir/2018/10/15/2018101502793.html
264,"[시승기] 르노삼성 '클리오', 신나게 달리고도 연비 20km/ℓ 기록... 쫀득한 주행감은 덤!",http://kr.aving.net/news/view.php?articleId=1426832&Branch_ID=kr&rssid=naver&mn_name=news
265,르노 '클리오' 2371대 판매…소형차 시장 '생기',http://www.newsis.com/view/?id=NISX20181012_0000441461&cID=13001&pID=13000
266,"르노, 클리오 스틸 에디션 120대 한정 판매…가격 2155만원 책정",http://www.nspna.com/news/?mode=view&newsid=323250
267,[연비체크] 디젤 엔진과 듀얼 클러치로 무장한 르노 '클리오'의 연비는?,http://www.hankookilbo.com/news/npath/201810060879094510?did=NA
268,[배두헌의 시승기-르노 ‘클리오’] 공기저항 최소화 설계로 ‘달리는 맛’ ‘로장쥬’ 마크 단 2000만원대 해치백,http://news.heraldcorp.com/view.php?ud=20181002000400
269,"[시승기] 르노 클리오, 친근한 듯 이국적인 매력",http://www.cstimes.com/?mod=news&act=articleView&idxno=286469
270,"르노삼성차, 클리오 슈퍼 세일 페스타2 특별 이벤트 실시",http://www.autodaily.co.kr/news/articleView.html?idxno=405649
271,"GM 이쿼녹스·르노 클리오, 판매부진 이유 있네",http://biz.chosun.com/site/data/html_dir/2018/10/15/2018101502793.html
272,"[시승기] 르노삼성 '클리오', 신나게 달리고도 연비 20km/ℓ 기록... 쫀득한 주행감은 덤!",http://kr.aving.net/news/view.php?articleId=1426832&Branch_ID=kr&rssid=naver&mn_name=news
273,르노 '클리오' 2371대 판매…소형차 시장 '생기',http://www.newsis.com/view/?id=NISX20181012_0000441461&cID=13001&pID=13000
274,"르노, 클리오 스틸 에디션 120대 한정 판매…가격 2155만원 책정",http://www.nspna.com/news/?mode=view&newsid=323250
275,[연비체크] 디젤 엔진과 듀얼 클러치로 무장한 르노 '클리오'의 연비는?,http://www.hankookilbo.com/news/npath/201810060879094510?did=NA
276,[배두헌의 시승기-르노 ‘클리오’] 공기저항 최소화 설계로 ‘달리는 맛’ ‘로장쥬’ 마크 단 2000만원대 해치백,http://news.heraldcorp.com/view.php?ud=20181002000400
277,"[시승기] 르노 클리오, 친근한 듯 이국적인 매력",http://www.cstimes.com/?mod=news&act=articleView&idxno=286469
278,르노 클리오 ‘스틸 에디션’ 출시… 120대 한정 판매,http://news.donga.com/3/all/20181206/93175677/2
279,[시승기] ‘해치백의 무덤’서 살아남을까…르노 클리오,http://news.heraldcorp.com/view.php?ud=20180921000689
280,르노 클리오 '슈퍼 세일 페스타2'···200만원 지원,http://www.sedaily.com/NewsView/1S5ZZQNLPL
281,"GM 이쿼녹스·르노 클리오, 판매부진 이유 있네",http://biz.chosun.com/site/data/html_dir/2018/10/15/2018101502793.html
282,"[시승기] 르노삼성 '클리오', 신나게 달리고도 연비 20km/ℓ 기록... 쫀득한 주행감은 덤!",http://kr.aving.net/news/view.php?articleId=1426832&Branch_ID=kr&rssid=naver&mn_name=news
283,르노 '클리오' 2371대 판매…소형차 시장 '생기',http://www.newsis.com/view/?id=NISX20181012_0000441461&cID=13001&pID=13000
284,"르노, 클리오 스틸 에디션 120대 한정 판매…가격 2155만원 책정",http://www.nspna.com/news/?mode=view&newsid=323250
285,[연비체크] 디젤 엔진과 듀얼 클러치로 무장한 르노 '클리오'의 연비는?,http://www.hankookilbo.com/news/npath/201810060879094510?did=NA
286,[배두헌의 시승기-르노 ‘클리오’] 공기저항 최소화 설계로 ‘달리는 맛’ ‘로장쥬’ 마크 단 2000만원대 해치백,http://news.heraldcorp.com/view.php?ud=20181002000400
287,"[시승기] 르노 클리오, 친근한 듯 이국적인 매력",http://www.cstimes.com/?mod=news&act=articleView&idxno=286469
288,르노 클리오 ‘스틸 에디션’ 출시… 120대 한정 판매,http://news.donga.com/3/all/20181206/93175677/2
289,[시승기] ‘해치백의 무덤’서 살아남을까…르노 클리오,http://news.heraldcorp.com/view.php?ud=20180921000689
290,[배두헌의 시승기-르노 ‘클리오’] 공기저항 최소화 설계로 ‘달리는 맛’ ‘로장쥬’ 마크 단 2000만원대 해치백,http://news.heraldcorp.com/view.php?ud=20181002000400
291,"[시승기] 르노 클리오, 친근한 듯 이국적인 매력",http://www.cstimes.com/?mod=news&act=articleView&idxno=286469
292,르노 클리오 ‘스틸 에디션’ 출시… 120대 한정 판매,http://news.donga.com/3/all/20181206/93175677/2
293,[시승기] ‘해치백의 무덤’서 살아남을까…르노 클리오,http://news.heraldcorp.com/view.php?ud=20180921000689
294,"르노 클리오, 신규 트림 ‘아이코닉’ 출시",http://sports.donga.com/3/all/20190403/94866482/1
295,유럽시장 평정한 르노 클리오..침체된 소형차 시장 반전 시킬까?,http://www.dailycar.co.kr/content/news.html?type=view&autoId=31067
296,[시승기] 효율적이지만 즐거운 드라이빙을 뽐내는 르노 클리오,http://www.hankookilbo.com/v/8CD17ACAE86466388FC6588BD29750AE
297,"가성비 높은 수입 소형차 '르노 클리오', 젊은층에 어필",http://www.autodaily.co.kr/news/articleView.html?idxno=404956
298,'해치백의 무덤' 넘지 못한 르노 클리오,http://www.sisaweek.com/news/articleView.html?idxno=113040
299,"르노 클리오, 국내 해치백 지동차시장 판매량 가장 두각",http://www.ceoscoredaily.com/news/article.html?no=45593
300,[시승기] '작지만 즐거운 드라이빙' 르노 클리오 산길을 달리다,http://www.hankookilbo.com/v/BEB73BE0E081634E06C12D27D4AE1E82
301,"[시승기]'달리는 공연장 따로없네' 르노 클리오 ""귀가 즐겁다""",http://www.mediapen.com/news/view/378671
302,"르노 ‘클리오’, 200만원 할인·60개월 무이자 할부 실시..구매 ‘찬스’",http://www.dailycar.co.kr/content/news.html?type=view&autoId=31466
303,르노 ‘클리오’ 온라인 구매 고객에 특별 프로모션,http://news.heraldcorp.com/view.php?ud=20180824000164
304,"(시승기) 르노삼성차, 연비끝판왕 ‘클리오’ 외모와는 다른 반전 매력",http://www.electimes.com/article.php?aid=1546997382171903110
305,"르노 클리오, 해치백 무덤인 한국에서 통하는 이유",http://www.autodaily.co.kr/news/articleView.html?idxno=404192
306,"[자유로 연비] 펀 드라이빙과 뛰어난 효율성, 르노 클리오의 자유로 연비는?",http://www.hankookilbo.com/v/977071D633F4F23BD35BB2036D6D1BC2
307,르노가 만든 재간둥이 ‘클리오’ 실력은 [손재철의 시승기],http://sports.khan.co.kr/news/sk_index.html?art_id=201808151451013&sec_id=563002&pt=nv
308,"르노 클리오, 전국 르노삼성 전시장에서 야간 시승 이벤트 진행",http://sports.chosun.com/news/ntype.htm?id=201808160100130100009891&servicedate=20180815
309,르노 클리오 ‘익스피리언스 나이트’ 이벤트 진행,http://www.sedaily.com/NewsView/1S3CVYH0DZ
310,"르노 ""클리오 온라인 구매하면 백화점 상품권 증정""",http://news.mt.co.kr/mtview.php?no=2018082413433549291
311,"(시승기) 르노삼성차, 연비끝판왕 ‘클리오’ 외모와는 다른 반전 매력",http://www.electimes.com/article.php?aid=1546997382171903110
312,"르노 클리오, 해치백 무덤인 한국에서 통하는 이유",http://www.autodaily.co.kr/news/articleView.html?idxno=404192
313,"[자유로 연비] 펀 드라이빙과 뛰어난 효율성, 르노 클리오의 자유로 연비는?",http://www.hankookilbo.com/v/977071D633F4F23BD35BB2036D6D1BC2
314,르노가 만든 재간둥이 ‘클리오’ 실력은 [손재철의 시승기],http://sports.khan.co.kr/news/sk_index.html?art_id=201808151451013&sec_id=563002&pt=nv
315,"르노 클리오, 전국 르노삼성 전시장에서 야간 시승 이벤트 진행",http://sports.chosun.com/news/ntype.htm?id=201808160100130100009891&servicedate=20180815
316,르노 클리오 ‘익스피리언스 나이트’ 이벤트 진행,http://www.sedaily.com/NewsView/1S3CVYH0DZ
317,[르노삼성 튀어야 산다]소형차 무덤에서 ‘클리오’가 사는 법,http://www.newsway.co.kr/news/view?tp=1&ud=2018081314364741111
318,'타보면 다르다'… 르노 클리오의 쾌속주행 비결,http://moneys.mt.co.kr/news/mwView.php?no=2018080815288023138
319,"울고싶은 르노삼성·한국지엠, ‘클리오·이쿼녹스’ 판매부진…“신차효과 실종”",http://www.viva100.com/main/view.php?key=20180808010002359
320,르노 e-스토어에서 클리오 구입하면 신세계 상품권 30만원 증정,http://www.edaily.co.kr/news/newspath.asp?newsid=02128726619310600
321,"(시승기) 르노삼성차, 연비끝판왕 ‘클리오’ 외모와는 다른 반전 매력",http://www.electimes.com/article.php?aid=1546997382171903110
322,"르노 클리오, 해치백 무덤인 한국에서 통하는 이유",http://www.autodaily.co.kr/news/articleView.html?idxno=404192
323,"[자유로 연비] 펀 드라이빙과 뛰어난 효율성, 르노 클리오의 자유로 연비는?",http://www.hankookilbo.com/v/977071D633F4F23BD35BB2036D6D1BC2
324,르노가 만든 재간둥이 ‘클리오’ 실력은 [손재철의 시승기],http://sports.khan.co.kr/news/sk_index.html?art_id=201808151451013&sec_id=563002&pt=nv
325,"르노 클리오, 전국 르노삼성 전시장에서 야간 시승 이벤트 진행",http://sports.chosun.com/news/ntype.htm?id=201808160100130100009891&servicedate=20180815
326,르노 클리오 ‘익스피리언스 나이트’ 이벤트 진행,http://www.sedaily.com/NewsView/1S3CVYH0DZ
327,[르노삼성 튀어야 산다]소형차 무덤에서 ‘클리오’가 사는 법,http://www.newsway.co.kr/news/view?tp=1&ud=2018081314364741111
328,'타보면 다르다'… 르노 클리오의 쾌속주행 비결,http://moneys.mt.co.kr/news/mwView.php?no=2018080815288023138
329,"울고싶은 르노삼성·한국지엠, ‘클리오·이쿼녹스’ 판매부진…“신차효과 실종”",http://www.viva100.com/main/view.php?key=20180808010002359
330,"르노 클리오, 8월 깜짝 할인 이벤트 진행",http://www.seoulwire.com/news/articleView.html?idxno=23848
331,"(시승기) 르노삼성차, 연비끝판왕 ‘클리오’ 외모와는 다른 반전 매력",http://www.electimes.com/article.php?aid=1546997382171903110
332,"르노 클리오, 해치백 무덤인 한국에서 통하는 이유",http://www.autodaily.co.kr/news/articleView.html?idxno=404192
333,"[자유로 연비] 펀 드라이빙과 뛰어난 효율성, 르노 클리오의 자유로 연비는?",http://www.hankookilbo.com/v/977071D633F4F23BD35BB2036D6D1BC2
334,르노가 만든 재간둥이 ‘클리오’ 실력은 [손재철의 시승기],http://sports.khan.co.kr/news/sk_index.html?art_id=201808151451013&sec_id=563002&pt=nv
335,"르노 클리오, 전국 르노삼성 전시장에서 야간 시승 이벤트 진행",http://sports.chosun.com/news/ntype.htm?id=201808160100130100009891&servicedate=20180815
336,르노 클리오 ‘익스피리언스 나이트’ 이벤트 진행,http://www.sedaily.com/NewsView/1S3CVYH0DZ
337,[르노삼성 튀어야 산다]소형차 무덤에서 ‘클리오’가 사는 법,http://www.newsway.co.kr/news/view?tp=1&ud=2018081314364741111
338,'타보면 다르다'… 르노 클리오의 쾌속주행 비결,http://moneys.mt.co.kr/news/mwView.php?no=2018080815288023138
339,"울고싶은 르노삼성·한국지엠, ‘클리오·이쿼녹스’ 판매부진…“신차효과 실종”",http://www.viva100.com/main/view.php?key=20180808010002359
340,"르노삼성, '클리오' 경품 걸고 '스릴링 퀴즈 레이스' 진행",http://www.inews24.com/php/news_view.php?g_serial=1118517&g_menu=022200&rrf=nv
341,"[자유로 연비] 펀 드라이빙과 뛰어난 효율성, 르노 클리오의 자유로 연비는?",http://www.hankookilbo.com/v/977071D633F4F23BD35BB2036D6D1BC2
342,르노가 만든 재간둥이 ‘클리오’ 실력은 [손재철의 시승기],http://sports.khan.co.kr/news/sk_index.html?art_id=201808151451013&sec_id=563002&pt=nv
343,"르노 클리오, 전국 르노삼성 전시장에서 야간 시승 이벤트 진행",http://sports.chosun.com/news/ntype.htm?id=201808160100130100009891&servicedate=20180815
344,르노 클리오 ‘익스피리언스 나이트’ 이벤트 진행,http://www.sedaily.com/NewsView/1S3CVYH0DZ
345,[르노삼성 튀어야 산다]소형차 무덤에서 ‘클리오’가 사는 법,http://www.newsway.co.kr/news/view?tp=1&ud=2018081314364741111
346,'타보면 다르다'… 르노 클리오의 쾌속주행 비결,http://moneys.mt.co.kr/news/mwView.php?no=2018080815288023138
347,"울고싶은 르노삼성·한국지엠, ‘클리오·이쿼녹스’ 판매부진…“신차효과 실종”",http://www.viva100.com/main/view.php?key=20180808010002359
348,"르노 클리오, 1000만 원대 ‘가성비’ 수입차 여기있네",http://www.etoday.co.kr/news/section/newsview.php?idxno=1650285
349,‘해치백의 교과서’로 통하는 르노 클리오..관심주로 불리는 이유,http://www.dailycar.co.kr/content/news.html?type=view&autoId=30769
350,"르노삼성, '더 퀴즈 라이브'서 이벤트 실시…최후 1인에 클리오 증정",http://www.asiatoday.co.kr/view.php?key=20180820010009451
351,"[자유로 연비] 펀 드라이빙과 뛰어난 효율성, 르노 클리오의 자유로 연비는?",http://www.hankookilbo.com/v/977071D633F4F23BD35BB2036D6D1BC2
352,르노가 만든 재간둥이 ‘클리오’ 실력은 [손재철의 시승기],http://sports.khan.co.kr/news/sk_index.html?art_id=201808151451013&sec_id=563002&pt=nv
353,"르노 클리오, 전국 르노삼성 전시장에서 야간 시승 이벤트 진행",http://sports.chosun.com/news/ntype.htm?id=201808160100130100009891&servicedate=20180815
354,르노 클리오 ‘익스피리언스 나이트’ 이벤트 진행,http://www.sedaily.com/NewsView/1S3CVYH0DZ
355,[르노삼성 튀어야 산다]소형차 무덤에서 ‘클리오’가 사는 법,http://www.newsway.co.kr/news/view?tp=1&ud=2018081314364741111
356,'타보면 다르다'… 르노 클리오의 쾌속주행 비결,http://moneys.mt.co.kr/news/mwView.php?no=2018080815288023138
357,"울고싶은 르노삼성·한국지엠, ‘클리오·이쿼녹스’ 판매부진…“신차효과 실종”",http://www.viva100.com/main/view.php?key=20180808010002359
358,"르노 클리오, 1000만 원대 ‘가성비’ 수입차 여기있네",http://www.etoday.co.kr/news/section/newsview.php?idxno=1650285
359,‘해치백의 교과서’로 통하는 르노 클리오..관심주로 불리는 이유,http://www.dailycar.co.kr/content/news.html?type=view&autoId=30769
360,르노삼성 클리오 밤에도 시승한다,http://www.kookje.co.kr/news2011/asp/newsbody.asp?code=0200&key=20180815.22014006179
361,르노 클리오 ‘익스피리언스 나이트’ 이벤트 진행,http://www.sedaily.com/NewsView/1S3CVYH0DZ
362,[르노삼성 튀어야 산다]소형차 무덤에서 ‘클리오’가 사는 법,http://www.newsway.co.kr/news/view?tp=1&ud=2018081314364741111
363,'타보면 다르다'… 르노 클리오의 쾌속주행 비결,http://moneys.mt.co.kr/news/mwView.php?no=2018080815288023138
364,"울고싶은 르노삼성·한국지엠, ‘클리오·이쿼녹스’ 판매부진…“신차효과 실종”",http://www.viva100.com/main/view.php?key=20180808010002359
365,"르노 클리오, 1000만 원대 ‘가성비’ 수입차 여기있네",http://www.etoday.co.kr/news/section/newsview.php?idxno=1650285
366,‘해치백의 교과서’로 통하는 르노 클리오..관심주로 불리는 이유,http://www.dailycar.co.kr/content/news.html?type=view&autoId=30769
367,[시승기] 개성적 디자인에 실용성·민첩성 겸비한..르노 클리오,http://www.dailycar.co.kr/content/news.html?type=view&autoId=30767
368,이쿼녹스·르노 클리오 부진…활로 못찾는 OEM 수입차,http://view.asiae.co.kr/news/view.htm?idxno=2018080611380502620
369,"르노삼성, QM3와 클리오에 ADAS·헤드업디스플레이 추가",http://www.rpm9.com/news/article.html?id=20180805090021
370,"퇴근 후 즐기는 시승, 르노 클리오 '익스피리언스 나이트' 이벤트 개최",http://www.wikileaks-kr.org/news/articleView.html?idxno=31388
371,[르노삼성 튀어야 산다]소형차 무덤에서 ‘클리오’가 사는 법,http://www.newsway.co.kr/news/view?tp=1&ud=2018081314364741111
372,'타보면 다르다'… 르노 클리오의 쾌속주행 비결,http://moneys.mt.co.kr/news/mwView.php?no=2018080815288023138
373,"울고싶은 르노삼성·한국지엠, ‘클리오·이쿼녹스’ 판매부진…“신차효과 실종”",http://www.viva100.com/main/view.php?key=20180808010002359
374,"르노 클리오, 1000만 원대 ‘가성비’ 수입차 여기있네",http://www.etoday.co.kr/news/section/newsview.php?idxno=1650285
375,‘해치백의 교과서’로 통하는 르노 클리오..관심주로 불리는 이유,http://www.dailycar.co.kr/content/news.html?type=view&autoId=30769
376,[시승기] 개성적 디자인에 실용성·민첩성 겸비한..르노 클리오,http://www.dailycar.co.kr/content/news.html?type=view&autoId=30767
377,이쿼녹스·르노 클리오 부진…활로 못찾는 OEM 수입차,http://view.asiae.co.kr/news/view.htm?idxno=2018080611380502620
378,"르노삼성, QM3와 클리오에 ADAS·헤드업디스플레이 추가",http://www.rpm9.com/news/article.html?id=20180805090021
379,"르노삼성자동차, QM3 및 클리오 등 전용 옵션 선봬",http://www.wikileaks-kr.org/news/articleView.html?idxno=30262
380,르노 클리오 ‘익스피리언스 나이트’ 이벤트,http://www.electimes.com/article.php?aid=1534205828162945094
381,[르노삼성 튀어야 산다]소형차 무덤에서 ‘클리오’가 사는 법,http://www.newsway.co.kr/news/view?tp=1&ud=2018081314364741111
382,'타보면 다르다'… 르노 클리오의 쾌속주행 비결,http://moneys.mt.co.kr/news/mwView.php?no=2018080815288023138
383,"울고싶은 르노삼성·한국지엠, ‘클리오·이쿼녹스’ 판매부진…“신차효과 실종”",http://www.viva100.com/main/view.php?key=20180808010002359
384,"르노 클리오, 1000만 원대 ‘가성비’ 수입차 여기있네",http://www.etoday.co.kr/news/section/newsview.php?idxno=1650285
385,‘해치백의 교과서’로 통하는 르노 클리오..관심주로 불리는 이유,http://www.dailycar.co.kr/content/news.html?type=view&autoId=30769
386,[시승기] 개성적 디자인에 실용성·민첩성 겸비한..르노 클리오,http://www.dailycar.co.kr/content/news.html?type=view&autoId=30767
387,이쿼녹스·르노 클리오 부진…활로 못찾는 OEM 수입차,http://view.asiae.co.kr/news/view.htm?idxno=2018080611380502620
388,"르노삼성, QM3와 클리오에 ADAS·헤드업디스플레이 추가",http://www.rpm9.com/news/article.html?id=20180805090021
389,"르노삼성자동차, QM3 및 클리오 등 전용 옵션 선봬",http://www.wikileaks-kr.org/news/articleView.html?idxno=30262
390,르노 클리오 ‘익스피리언스 나이트’ 이벤트 진행,http://www.kukinews.com/news/article.html?no=576415
391,[르노삼성 튀어야 산다]소형차 무덤에서 ‘클리오’가 사는 법,http://www.newsway.co.kr/news/view?tp=1&ud=2018081314364741111
392,'타보면 다르다'… 르노 클리오의 쾌속주행 비결,http://moneys.mt.co.kr/news/mwView.php?no=2018080815288023138
393,"울고싶은 르노삼성·한국지엠, ‘클리오·이쿼녹스’ 판매부진…“신차효과 실종”",http://www.viva100.com/main/view.php?key=20180808010002359
394,"르노 클리오, 1000만 원대 ‘가성비’ 수입차 여기있네",http://www.etoday.co.kr/news/section/newsview.php?idxno=1650285
395,‘해치백의 교과서’로 통하는 르노 클리오..관심주로 불리는 이유,http://www.dailycar.co.kr/content/news.html?type=view&autoId=30769
396,[시승기] 개성적 디자인에 실용성·민첩성 겸비한..르노 클리오,http://www.dailycar.co.kr/content/news.html?type=view&autoId=30767
397,이쿼녹스·르노 클리오 부진…활로 못찾는 OEM 수입차,http://view.asiae.co.kr/news/view.htm?idxno=2018080611380502620
398,"르노삼성, QM3와 클리오에 ADAS·헤드업디스플레이 추가",http://www.rpm9.com/news/article.html?id=20180805090021
399,"르노삼성자동차, QM3 및 클리오 등 전용 옵션 선봬",http://www.wikileaks-kr.org/news/articleView.html?idxno=30262
400,"르노 클리오, 1000만 원대 ‘가성비’ 수입차 여기있네",http://www.etoday.co.kr/news/section/newsview.php?idxno=1650285
401,‘해치백의 교과서’로 통하는 르노 클리오..관심주로 불리는 이유,http://www.dailycar.co.kr/content/news.html?type=view&autoId=30769
402,[시승기] 개성적 디자인에 실용성·민첩성 겸비한..르노 클리오,http://www.dailycar.co.kr/content/news.html?type=view&autoId=30767
403,이쿼녹스·르노 클리오 부진…활로 못찾는 OEM 수입차,http://view.asiae.co.kr/news/view.htm?idxno=2018080611380502620
404,"르노삼성, QM3와 클리오에 ADAS·헤드업디스플레이 추가",http://www.rpm9.com/news/article.html?id=20180805090021
405,"르노삼성자동차, QM3 및 클리오 등 전용 옵션 선봬",http://www.wikileaks-kr.org/news/articleView.html?idxno=30262
406,"르노삼성, 클리오 슈퍼 세일 페스타2 이벤트 실시",http://www.fnnews.com/news/201810211253273441
407,"르노삼성, QM3·클리오 전용 신규 액세서리·선택사양 출시",http://www.asiatoday.co.kr/view.php?key=20180803010001485
408,[시승기] '태풍' 아닌 르노 클리오가 펼치는 유러피안 질주본능,http://www.newsprime.co.kr/news/article.html?no=423418
409,"르노삼성-쏘카, 르노 ‘클리오’ 시승 이벤트…“쏘카 클리오, 개최”",http://www.viva100.com/main/view.php?key=20180716010005558
410,"르노 클리오, 출시 3개월만에 HUD·ADAS 추가",http://www.zdnet.co.kr/ArticleView.asp?artice_id=20180803095604
411,[시승기] '태풍' 아닌 르노 클리오가 펼치는 유러피안 질주본능,http://www.newsprime.co.kr/news/article.html?no=423418
412,"르노삼성-쏘카, 르노 ‘클리오’ 시승 이벤트…“쏘카 클리오, 개최”",http://www.viva100.com/main/view.php?key=20180716010005558
413,내수꼴지 르노삼성 9월 6713대 판매...르노 클리오 304대,http://www.edaily.co.kr/news/newspath.asp?newsid=04792086619368656
414,[구상 칼럼] 르노 클리오..개성을 강조한 소형 해치백,http://www.dailycar.co.kr/content/news.html?type=view&autoId=30561
415,[시승기]르노 클리오… 예쁘기만 한 게 아니다,http://news.donga.com/3/all/20180710/90984341/2
416,"상반기 '흐림' 르노삼성차, 하반기 클리오로 분위기 반전",http://view.asiae.co.kr/news/view.htm?idxno=2018071011174004341
417,"[시승기]르노 클리오 ""소형차일 뿐이라고?…타보면 달라질 걸""",http://www.dailian.co.kr/news/view/724759/?sc=naver
418,"르노 클리오, 서울 삼성동 메가박스 코엑스점에 체험 무대와 경품 이벤트 마련",http://sports.chosun.com/news/ntype.htm?id=201807090100071090005512&servicedate=20180708
419,[시승기] 유럽 무대 휩쓴 '르노 클리오' 국내서도 통했다,http://it.chosun.com/site/data/html_dir/2018/07/06/2018070601156.html
420,"르노삼성, 쏘카와 손잡고 클리오 24시간 무료시승 이벤트",http://www.dailian.co.kr/news/view/726153/?sc=naver
421,내수꼴지 르노삼성 9월 6713대 판매...르노 클리오 304대,http://www.edaily.co.kr/news/newspath.asp?newsid=04792086619368656
422,[구상 칼럼] 르노 클리오..개성을 강조한 소형 해치백,http://www.dailycar.co.kr/content/news.html?type=view&autoId=30561
423,[시승기]르노 클리오… 예쁘기만 한 게 아니다,http://news.donga.com/3/all/20180710/90984341/2
424,"상반기 '흐림' 르노삼성차, 하반기 클리오로 분위기 반전",http://view.asiae.co.kr/news/view.htm?idxno=2018071011174004341
425,"[시승기]르노 클리오 ""소형차일 뿐이라고?…타보면 달라질 걸""",http://www.dailian.co.kr/news/view/724759/?sc=naver
426,"르노 클리오, 서울 삼성동 메가박스 코엑스점에 체험 무대와 경품 이벤트 마련",http://sports.chosun.com/news/ntype.htm?id=201807090100071090005512&servicedate=20180708
427,[시승기] 유럽 무대 휩쓴 '르노 클리오' 국내서도 통했다,http://it.chosun.com/site/data/html_dir/2018/07/06/2018070601156.html
428,"르노삼성, 클리오 앞세워 내수 공략…국내 완성차, 수입차 늘린다",http://news.mtn.co.kr/newscenter/news_viewer.mtn?gidx=2018062809172175949
429,"[시승기] 부산에서 만난 경쾌한 드라이빙, 르노 클리오",http://www.hankookilbo.com/v/77CE5D854ECDAB2B07977E39D77C2F15
430,"르노삼성, 클리오 쏘카 출시 기념 시승이벤트 실시",http://www.ekn.kr/news/article.html?no=374399
431,내수꼴지 르노삼성 9월 6713대 판매...르노 클리오 304대,http://www.edaily.co.kr/news/newspath.asp?newsid=04792086619368656
432,[구상 칼럼] 르노 클리오..개성을 강조한 소형 해치백,http://www.dailycar.co.kr/content/news.html?type=view&autoId=30561
433,[시승기]르노 클리오… 예쁘기만 한 게 아니다,http://news.donga.com/3/all/20180710/90984341/2
434,"상반기 '흐림' 르노삼성차, 하반기 클리오로 분위기 반전",http://view.asiae.co.kr/news/view.htm?idxno=2018071011174004341
435,"[시승기]르노 클리오 ""소형차일 뿐이라고?…타보면 달라질 걸""",http://www.dailian.co.kr/news/view/724759/?sc=naver
436,"르노 클리오, 서울 삼성동 메가박스 코엑스점에 체험 무대와 경품 이벤트 마련",http://sports.chosun.com/news/ntype.htm?id=201807090100071090005512&servicedate=20180708
437,[시승기] 유럽 무대 휩쓴 '르노 클리오' 국내서도 통했다,http://it.chosun.com/site/data/html_dir/2018/07/06/2018070601156.html
438,"르노삼성, 클리오 앞세워 내수 공략…국내 완성차, 수입차 늘린다",http://news.mtn.co.kr/newscenter/news_viewer.mtn?gidx=2018062809172175949
439,"[시승기] 부산에서 만난 경쾌한 드라이빙, 르노 클리오",http://www.hankookilbo.com/v/77CE5D854ECDAB2B07977E39D77C2F15
440,"르노 클리오, 차량 공유 쏘카로도 만난다",http://www.munhwa.com/news/view.html?no=20180716MW142410248108
441,내수꼴지 르노삼성 9월 6713대 판매...르노 클리오 304대,http://www.edaily.co.kr/news/newspath.asp?newsid=04792086619368656
442,[구상 칼럼] 르노 클리오..개성을 강조한 소형 해치백,http://www.dailycar.co.kr/content/news.html?type=view&autoId=30561
443,[시승기]르노 클리오… 예쁘기만 한 게 아니다,http://news.donga.com/3/all/20180710/90984341/2
444,"상반기 '흐림' 르노삼성차, 하반기 클리오로 분위기 반전",http://view.asiae.co.kr/news/view.htm?idxno=2018071011174004341
445,"[시승기]르노 클리오 ""소형차일 뿐이라고?…타보면 달라질 걸""",http://www.dailian.co.kr/news/view/724759/?sc=naver
446,"르노 클리오, 서울 삼성동 메가박스 코엑스점에 체험 무대와 경품 이벤트 마련",http://sports.chosun.com/news/ntype.htm?id=201807090100071090005512&servicedate=20180708
447,[시승기] 유럽 무대 휩쓴 '르노 클리오' 국내서도 통했다,http://it.chosun.com/site/data/html_dir/2018/07/06/2018070601156.html
448,"르노삼성, 클리오 앞세워 내수 공략…국내 완성차, 수입차 늘린다",http://news.mtn.co.kr/newscenter/news_viewer.mtn?gidx=2018062809172175949
449,"[시승기] 부산에서 만난 경쾌한 드라이빙, 르노 클리오",http://www.hankookilbo.com/v/77CE5D854ECDAB2B07977E39D77C2F15
450,‘르노 클리오’ 삼성동 메가박스에 떴다,http://www.lawissue.co.kr/view.php?ud=20180706112100320167191f6c6e_12
451,"르노삼성, 클리오 앞세워 내수 공략…국내 완성차, 수입차 늘린다",http://news.mtn.co.kr/newscenter/news_viewer.mtn?gidx=2018062809172175949
452,"[시승기] 부산에서 만난 경쾌한 드라이빙, 르노 클리오",http://www.hankookilbo.com/v/77CE5D854ECDAB2B07977E39D77C2F15
453,"[시승기] 작은 체구에 넘치는 매력, 르노 클리오",http://www.ajunews.com/view/20180620115105533
454,"[시승기]르노 클리오, 프랑스에서 온 작지만 다 갖춘 차",http://view.asiae.co.kr/news/view.htm?idxno=2018061710042019559
455,"르노삼성 ""클리오, 국내 소형차 시장에 활기""",http://sports.hankooki.com/lpage/economy/201806/sp20180615175013136980.htm
456,한국지엠·르노삼성 기대주 이쿼녹스·클리오 '순항',http://www.ebn.co.kr/news/view/945176
457,"르노삼성의 히든카드 르노 클리오, 매력 포인트 5가지",http://www.mediapen.com/news/view/362022
458,"르노 클리오, 국내서 열흘만에 756대 판매",http://www.zdnet.co.kr/ArticleView.asp?artice_id=20180614101437
459,"[데일리 부산모터쇼] 르노 클리오, 부산모터쇼 현장의 반응은?",http://www.hankookilbo.com/v/D29B99C58DD575F75755A4C040E4FEF9
460,"르노삼성차, 메가박스 코엑스점서 ‘클리오’ 체험 및 경품 이벤트",http://www.electimes.com/article.php?aid=1530855653160802094
461,"르노삼성, 클리오 앞세워 내수 공략…국내 완성차, 수입차 늘린다",http://news.mtn.co.kr/newscenter/news_viewer.mtn?gidx=2018062809172175949
462,"[시승기] 부산에서 만난 경쾌한 드라이빙, 르노 클리오",http://www.hankookilbo.com/v/77CE5D854ECDAB2B07977E39D77C2F15
463,"[시승기] 작은 체구에 넘치는 매력, 르노 클리오",http://www.ajunews.com/view/20180620115105533
464,"[시승기]르노 클리오, 프랑스에서 온 작지만 다 갖춘 차",http://view.asiae.co.kr/news/view.htm?idxno=2018061710042019559
465,"르노삼성 ""클리오, 국내 소형차 시장에 활기""",http://sports.hankooki.com/lpage/economy/201806/sp20180615175013136980.htm
466,한국지엠·르노삼성 기대주 이쿼녹스·클리오 '순항',http://www.ebn.co.kr/news/view/945176
467,"르노삼성의 히든카드 르노 클리오, 매력 포인트 5가지",http://www.mediapen.com/news/view/362022
468,"르노 클리오, 국내서 열흘만에 756대 판매",http://www.zdnet.co.kr/ArticleView.asp?artice_id=20180614101437
469,"[데일리 부산모터쇼] 르노 클리오, 부산모터쇼 현장의 반응은?",http://www.hankookilbo.com/v/D29B99C58DD575F75755A4C040E4FEF9
470,"[시승기] 작은 체구에 넘치는 매력, 르노 클리오",http://www.ajunews.com/view/20180620115105533
471,"[시승기]르노 클리오, 프랑스에서 온 작지만 다 갖춘 차",http://view.asiae.co.kr/news/view.htm?idxno=2018061710042019559
472,"르노삼성 ""클리오, 국내 소형차 시장에 활기""",http://sports.hankooki.com/lpage/economy/201806/sp20180615175013136980.htm
473,한국지엠·르노삼성 기대주 이쿼녹스·클리오 '순항',http://www.ebn.co.kr/news/view/945176
474,"르노삼성의 히든카드 르노 클리오, 매력 포인트 5가지",http://www.mediapen.com/news/view/362022
475,"르노 클리오, 국내서 열흘만에 756대 판매",http://www.zdnet.co.kr/ArticleView.asp?artice_id=20180614101437
476,"[데일리 부산모터쇼] 르노 클리오, 부산모터쇼 현장의 반응은?",http://www.hankookilbo.com/v/D29B99C58DD575F75755A4C040E4FEF9
477,"르노삼성, 클리오 ‘익스피리언스 나이트’ 이벤트 진행",http://www.ekn.kr/news/article.html?no=380300
478,"르노 클리오, 수입차 꺾고 국산 준중형차도 추월..조용한 질주",http://dailycar.co.kr/content/news.html?type=view&autoId=30817
479,"[2018 부산국제모터쇼] 르노삼성차, 클리오 국내 출시 후 모터쇼서 첫 선",http://www.joseilbo.com/news/news_read.php?uid=354715&class=80&grp=
480,"르노삼성, 클리오 10일만에 756대 판매…소형차 시장 활기",http://www.ebn.co.kr/news/view/945000
481,"르노 클리오, 국내서 열흘만에 756대 판매",http://www.zdnet.co.kr/ArticleView.asp?artice_id=20180614101437
482,"[데일리 부산모터쇼] 르노 클리오, 부산모터쇼 현장의 반응은?",http://www.hankookilbo.com/v/D29B99C58DD575F75755A4C040E4FEF9
483,"르노삼성, 클리오 ‘익스피리언스 나이트’ 이벤트 진행",http://www.ekn.kr/news/article.html?no=380300
484,"르노 클리오, 수입차 꺾고 국산 준중형차도 추월..조용한 질주",http://dailycar.co.kr/content/news.html?type=view&autoId=30817
485,"[2018 부산국제모터쇼] 르노삼성차, 클리오 국내 출시 후 모터쇼서 첫 선",http://www.joseilbo.com/news/news_read.php?uid=354715&class=80&grp=
486,"데일리 부산모터쇼 이벤트, 모터쇼 보고 르노 클리오도 시승할까?",http://www.hankookilbo.com/v/094BBE97407EE44B2A20636299691A22
487,"[부산모터쇼] 르노삼성, 홈에서 ‘클리오’ 선보이다",http://www.newsway.co.kr/view.php?tp=1&ud=2018060800382736352
488,[시승기] ‘30대 주부 홀린’ 유럽풍 해치백 ‘르노 클리오’,http://www.newspim.com/news/view/20180808000204
489,"[부산모터쇼] 르노삼성, 클리오 포함 모든 라인업 선봬",http://www.ftoday.co.kr/news/articleView.html?idxno=100037
490,"르노 클리오, 열흘만에 756대 판매… 소형차 시장에 활기",http://www.sentv.co.kr/news/view/543367
491,"르노 클리오, 국내서 열흘만에 756대 판매",http://www.zdnet.co.kr/ArticleView.asp?artice_id=20180614101437
492,"[데일리 부산모터쇼] 르노 클리오, 부산모터쇼 현장의 반응은?",http://www.hankookilbo.com/v/D29B99C58DD575F75755A4C040E4FEF9
493,"르노삼성, 클리오 ‘익스피리언스 나이트’ 이벤트 진행",http://www.ekn.kr/news/article.html?no=380300
494,"르노 클리오, 수입차 꺾고 국산 준중형차도 추월..조용한 질주",http://dailycar.co.kr/content/news.html?type=view&autoId=30817
495,"[2018 부산국제모터쇼] 르노삼성차, 클리오 국내 출시 후 모터쇼서 첫 선",http://www.joseilbo.com/news/news_read.php?uid=354715&class=80&grp=
496,"데일리 부산모터쇼 이벤트, 모터쇼 보고 르노 클리오도 시승할까?",http://www.hankookilbo.com/v/094BBE97407EE44B2A20636299691A22
497,"[부산모터쇼] 르노삼성, 홈에서 ‘클리오’ 선보이다",http://www.newsway.co.kr/view.php?tp=1&ud=2018060800382736352
498,[시승기] ‘30대 주부 홀린’ 유럽풍 해치백 ‘르노 클리오’,http://www.newspim.com/news/view/20180808000204
499,"[부산모터쇼] 르노삼성, 클리오 포함 모든 라인업 선봬",http://www.ftoday.co.kr/news/articleView.html?idxno=100037
