,title,url
0,"르노코리아차, 4월 2만318대 판매…작년 대비 117.4%↑",https://www.yna.co.kr/view/AKR20220503138500003?input=1195m
1,'상승세' 쌍용차…르노코리아·한국GM '믿을 건 수출 뿐',http://www.newsprime.co.kr/news/article.html?no=566825
2,"'판매 중단' 르노 조에, 단종 수순 밟나",https://economist.co.kr/2022/04/29/industry/normal/20220429190004002.html
3,"현대·기아, 판매 감소 지속…르노·한국GM·쌍용은 상승세",http://www.rpm9.com/news/article.html?id=20220506090001
4,"르노코리아, 4월 전년 동기 대비 117% 증가 ""비결은?""",http://www.thedrive.co.kr/news/newsview.php?ncode=1065575125362074
5,3월 르노코리아 수출 ‘훨훨’ 한국GM 내수 ‘울상’ 쌍용차 국내외 ‘맑음’,https://www.businesspost.co.kr/BP?command=article_view&num=279800
6,"르노차·한국GM, 판매 전략 탈바꿈…친환경·SUV 라인업 집중",http://www.shinailbo.co.kr/news/articleView.html?idxno=1544409
7,제주 전기차엑스포 가보니… 다양한 전기 모빌리티 ‘눈길’,https://biz.chosun.com/industry/car/2022/05/03/Y7A2HXSEKBGHPF3SOSLRDDKIRM/?utm_source=naver&utm_medium=original&utm_campaign=biz
8,"르노코리아, 실적 반등 신호탄 쏜 XM3…친환경차 개발 가속",http://www.fntimes.com/html/view.php?ud=2022041209082588317de3572ddd_18
9,"4월 국산차 판매, 이변 없이 침체",http://autotimes.hankyung.com/apps/news.sub_view?popup=0&nid=03&c1=03&c2=03&c3=00&nkey=202205031608151
10,"""내수보다 수출로 버텼다""…르쌍쉐, 시장 회복 반전 카드는",http://www.cstimes.com/news/articleView.html?idxno=497912
11,"[xEV 트랜드 코리아 2022] 르노코리아자동차, 전기차 '르노 조에'·'트위지' 적극 홍보",http://www.newswatch.kr/news/articleView.html?idxno=58528
12,"[xEV 트렌드 코리아] 르노코리아, 깜찍한 트위지 '女心' 저격",http://www.pinpointnews.co.kr/news/articleView.html?idxno=102976
13,"르노삼성차, 조에·트위지 'xEV 트렌드 코리아' 선보여",https://www.nocutnews.co.kr/news/5720163
14,"""배달·관광에 두각""…르노삼성, 트위지로 초소형 전기차시장 공략",http://www.edaily.co.kr/news/newspath.asp?newsid=03936006632233800
15,"르노 전기차 트위지, 배달·근거리 이동 호평",http://www.kookje.co.kr/news2011/asp/newsbody.asp?code=0200&key=20220304.22011000645
16,"미래에 머무는 시티 커뮤터, 르노 트위지",https://www.ceoscoredaily.com/page/view/2022022210224092585
17,"르노 ""트위지 활용 에코투어 서비스 ‘투어지’ 출범""",https://sports.hankooki.com/lpage/economy/202105/sp20210517175511136990.htm?s_ref=nv
18,[뉴스투데이 E] 르노 트위지 활용 에코투어 서비스 ‘투어지’ 출범,https://www.news2day.co.kr/article/20210514500034
19,르노 '트위지' 활용 에코투어 서비스 ‘투어지’ 출범,https://www.sedaily.com/NewsView/22MCVRYHIT
20,배달부터 관광까지…르노 트위지 ‘라스트마일 모빌리티’ 급부상,http://news.heraldcorp.com/view.php?ud=20220119000099
21,"""배달과 관광에 최적화""…르노삼성, '트위지'로 초소형 전기차 시장 공략",https://news.mtn.co.kr/news-detail/?v=2022010614470064483
22,시련의 계절 '르쌍쉐'…'신차' 출격 분위기 바꾼다,https://www.ekn.kr/web/view.php?key=20220502010000277
23,"EV시대, 독보적 실용성 '르노 트위지' 주목",https://www.paxnetnews.com/articles/68085
24,"르노삼성차, '2020 국제환경에너지산업전' 참가. 조에·트위지 전시.시승제공",http://www.autodaily.co.kr/news/articleView.html?idxno=423636
25,초소형 전기차 '르노 트위지' 출퇴근 세컨카로 제격,http://www.fnnews.com/news/202011101801310637
26,"'언택트 시대', 나만을 위한 초소형 EV 시티카 '르노 트위지' 인기",http://www.autodaily.co.kr/news/articleView.html?idxno=423531
27,"서울~부산, 초소형 전기차 르노 ‘트위지’ 레이스 펼친다..소외계층 지원!",http://www.dailycar.co.kr/content/news.html?type=view&autoId=38002
28,“대중교통 대신 초소형 전기차”...르노 '트위지' 주목,http://www.etnews.com/20201020000120
29,수입차량에서 수출차량으로 변한 르노 트위지,http://www.sportsseoul.com/news/read/969297?ref=naver
30,좁은 골목길도 씽씽… 르노 전기차 ‘트위지’ 배달 차량으로 인기,http://www.munhwa.com/news/view.html?no=2020101201072239176001
31,전기차 보조금 100% 지원..빠른 출고 가능한 전기차 ‘조에’·‘트위지’,http://www.dailycar.co.kr/content/news.html?type=view&autoId=43297
32,[시승기] '카트라이더 실사판' 르노삼성 트위지,https://www.ebn.co.kr/news/view/1507910/?sc=Naver
33,"""오토바이 보다 못하다""던 르노 트위지, 부산선 ""자신있네~""[시승기]",http://news.mt.co.kr/mtview.php?no=2021111207590991624
34,'반도체 부족' 車판매량 두달째 감소…4월 57.5만대 전년比 9.78%↓(종합),https://www.news1.kr/articles/?4669486
35,올해 부산 최고 관광기업은 르노 트위지 활용 '투어스태프',http://www.kookje.co.kr/news2011/asp/newsbody.asp?code=0200&key=20211222.99099006581
36,르노 조에·트위지·마스터 버스 온라인 구매시 30만원 추가 할인..300대 한정 판매,http://www.dailycar.co.kr/content/news.html?type=view&autoId=41936
37,"[체험기]르노삼성 ‘트위지’와 ‘투어’가 만나다…“투어지, 부산 넘어 전국으로”",http://www.newsway.co.kr/news/view?tp=1&ud=2021111114492415340
38,"퍼스널 이동 수단의 표본 '르노 트위지'.. ""지금은 트위지 탈 때""",http://www.wikileaks-kr.org/news/articleView.html?idxno=90513
39,"'디자인·실용성에 만족' 르노 트위지, 고객 만족도 조사 호평",http://www.autodaily.co.kr/news/articleView.html?idxno=419302
40,3월 차 판매 르노코리아 XM3 ‘훨훨’ 한국GM ‘먹구름’ 쌍용차 '선전',https://www.businesspost.co.kr/BP?command=article_view&num=276459
41,"'수출 호조' 르노코리아, 올 3월 1만409대 판매…전년비 21.4%↑",https://www.hankyung.com/economy/article/202204017889g
42,"트위지 빌려 부산곳곳 관광… 르노삼성, 스마트 투어 이끈다",http://www.fnnews.com/news/202110041944063249
43,"[단독] 르노코리아, 디피코와 첫 소형 전기트럭 출시",https://biz.chosun.com/industry/car/2022/03/28/LZAK4N7ZRZHPXPJRT3AWUMDQ3A/?utm_source=naver&utm_medium=original&utm_campaign=biz
44,"르노 트위지, 탄소중립 위한 스마트 그린관광 실시",https://sports.hankooki.com/lpage/economy/202109/sp20210917172146136990.htm?s_ref=nv
45,"르노 트위지, 오시리아 관광단지에서 카쉐어링 서비스…스마트폰으로 예약·반납",http://www.busan.com/view/busan/view.php?code=2021091614434255204
46,"르노삼성자동차, '르노코리아자동차'로 새로운 사명 확정",http://www.efnews.co.kr/news/articleView.html?idxno=94819
47,"르노삼성 르노 조에-xEV 트렌드 코리아 2022 참가, 전기차 보조금 100% 활용",http://www.sportsseoul.com/news/read/1104089?ref=naver
48,"르노삼성차, '2019 초소형 전기차 로드쇼' 참여…'트위지' 각광",https://asiatime.co.kr/news/newsview.php?ncode=1065571747521692
49,"르노삼성차, '2019 초소형 전기차 로드쇼'서 르노 트위지로 대중화 앞장",http://www.autodaily.co.kr/news/articleView.html?idxno=413831
50,"르노삼성차, '한-아세안 혁신성장 쇼케이스'서 트위지 전시...미래 모빌리티 제시",http://www.autodaily.co.kr/news/articleView.html?idxno=413616
51,"르노삼성, 한-아세안 행사장에 초소형 전기차 ‘트위지’ 전시",http://www.newstomato.com/ReadNews.aspx?no=935698
52,르노삼성 희망 불씨 '트위지·XM3' 뜨거워질 부산공장,http://www.newsprime.co.kr/news/article.html?no=482436
53,첫 수출길 오른 초소형 전기차 ‘트위지’ 르노 구원투수 될까,http://www.busan.com/view/busan/view.php?code=2019102418524417997
54,"르노삼성차, 부산공장서 생산한 '트위지' 유럽 수출 개시",http://www.updownnews.co.kr/news/articleView.html?idxno=210189
55,"[시승기] ""무서웠습니다, 그래도 관심폭발""… 초소형 전기차 '르노 트위지'",http://moneys.mt.co.kr/news/mwView.php?no=2019111515528039617
56,"르노삼성차, 초소형 전기차 '르노 트위지' 전시",http://asiatime.co.kr/news/newsview.php?ncode=1065601537672556
57,대구 미래차엑스포에 르노삼성 전기차 ‘트위지’ 뜬다,http://www.newstomato.com/ReadNews.aspx?no=926839
58,"르노삼성, SW 교육 페스티벌에 ‘트위지’ 전시",http://www.fnnews.com/news/201910161022075664
59,"르노삼성 ""초소형 전기차 '트위지' 보러오세요""",http://www.fnnews.com/news/201910161811485104
60,"문 대통령, 현대차 연구소서 '르노 트위지' 시승한 이유",http://moneys.mt.co.kr/news/mwView.php?no=2019101518148011757
61,'르노 트위지' 잘 나가는데… 이마트서 방 빼는 까닭,http://moneys.mt.co.kr/news/mwView.php?no=2019100115168046974
62,"르노삼성, 2월 전세계 판매 1만1513대…전년비 56.8% 증가",https://www.dailian.co.kr/news/view/1088887/?sc=Naver
63,"[타봤어요]""혹시 뒤집어지나요?""..르노 전기차 '트위지' 타보니",http://www.edaily.co.kr/news/newspath.asp?newsid=01361206622649640
64,"부산, 친환경 자동차 '르노 트위지' 세계 생산기지로",http://www.fnnews.com/news/201910021001158922
65,"르노삼성자동차, '2019 국제 환경·에너지 산업전' 참가...초소형 전기차 '르노 트위지' 시승 프로그램 진행",http://www.econonews.co.kr/news/articleView.html?idxno=87759
66,르노삼성車 '트위지' 시승현장을 가다,http://www.todayenergy.kr/news/articleView.html?idxno=217657
67,"르노삼성차, '2019 국제환경·에너지산업전' 참가...트위지 전시·시승 운영",http://www.autodaily.co.kr/news/articleView.html?idxno=411532
68,[포춘코리아 JOY RIDE] 르노삼성 '트위지' '마스터' '클리오',http://www.fortunekorea.co.kr/news/articleView.html?idxno=11598
69,"[시승기] 르노삼성 클리오·트위지의 반전 매력···""서킷에서 제대로 느꼈다""  ",http://www.seoulfn.com/news/articleView.html?idxno=353467
70,"르노삼성, 대학생 자작자동차대회 EV 부문 최우수팀에 '트위지' 제공",http://www.updownnews.co.kr/news/articleView.html?idxno=207295
71,"[리뷰] 세그먼트의 리더, 르노의 초소형 전기차 '트위지'",http://www.hankookilbo.com/news/npath/201908060717727969?did=NA
72,[서킷 시승기] ‘느리지만 재미있다!’ 르노 트위지로 인제스피디움을 달리다,http://www.hankookilbo.com/news/npath/201908040828383933?did=NA
73,"르노삼성차 쌍용차 판매 증가, 한국GM 내수부진으로 판매 줄어",https://www.businesspost.co.kr/BP?command=article_view&num=273302
74,"쌍용·르노삼성차, 3월 봄맞이 특별 할인. 최대 385만원 구매 혜택 車는?",http://www.autodaily.co.kr/news/articleView.html?idxno=432048
75,"르노삼성차, 청년 취업·창업 지원 위해 초소형 전기차 트위지 지원",http://www.sportsworldi.com/content/html/2019/05/30/20190530508476.html
76,"[SR사회공헌] 르노삼성차, 청년 취업·창업 위해 초소형 전기차 '트위지' 지원",http://www.srtimes.kr/news/articleView.html?idxno=40718
77,청춘과 함께하는 ‘르노 트위지’… 일루와 페스티벌서 전시,http://www.fnnews.com/news/201905121756360170
78,"르노삼성자동차, '대구 미래자동차 엑스포'에 전기차 '트위지' 등 전시",http://www.econonews.co.kr/news/articleView.html?idxno=91547
79,“르노 트위지가 청춘을 응원합니다”,http://www.hankookilbo.com/news/npath/201904221630323597?did=NA
80,"""이륜차의 새로운 대안""…르노 '트위지', 초소형 전기차 대중화 앞당긴다",http://www.viva100.com/main/view.php?key=20190411010004003
81,"르노삼성 트위지, 대형 마트에서 구매 가능해진다!",http://kr.aving.net/news/view.php?articleId=1499253&Branch_ID=kr&rssid=naver&mn_name=news
82,르노삼성 '트위지' 이제는 이마트에서도 산다,http://www.leaders.kr/news/articleView.html?idxno=88448
83,르노삼성 전기차 ‘트위지’ 이마트서 산다,http://www.kookje.co.kr/news2011/asp/newsbody.asp?code=0200&key=20190307.99099002378
84,"르노 '트위지 라이프' 출시...""기존모델 대비 최대 150만원 저렴""",http://news.mt.co.kr/mtview.php?no=2019022109563936020
85,"르노삼성, 가성비·상품성 개선한 ‘트위지 라이프’ 출시…블랙 스타일 돋보여",http://sports.khan.co.kr/news/sk_index.html?art_id=201902211018003&sec_id=563002&pt=nv
86,"르노삼성, 전기차 '2019년형 SM3 Z.E.·트위지' 가격 인하",http://digitalchosun.dizzo.com/site/data/html_dir/2019/02/18/2019021880135.html
87,"SM6, 르노삼성차 '고민' 다 보이네",http://www.econovill.com/news/articleView.html?idxno=565809
88,"괴물 트위지 ‘F1 에디션’ 등장, 도심형 익스트림 버전",http://www.thedrive.co.kr/news/newsview.php?ncode=1065589499325892
89,매력적인 초소형 전기차 트위지(TWIZY)…배달에 최적화 강점,http://www.kukinews.com/newsView/kuk202012090297
90,"르노삼성, ‘트위지’ 생산기지 부산 이전…“국내 첫 해외車 공장 유치”",http://www.viva100.com/main/view.php?key=20181218010006020
91,홈쇼핑 판매부터 카셰어링까지···르노 '트위지'의 혁신질주,http://www.sedaily.com/NewsView/1S8CIFSFPI
92,"르노삼성, '삼성' 떼도 엠블럼은 안 바꾼다?",http://www.sisaweek.com/news/articleView.html?idxno=150936
93,"르노 트위지, 온라인 車판매 실험 성공적…“홈쇼핑 상담 3700건”",http://www.edaily.co.kr/news/newspath.asp?newsid=01977846619378168
94,[단독]르노 '트위지' 부산서 생산한다,http://www.etnews.com/20181025000169
95,"CJ ENM 오쇼핑부문, 유통업계 최초 초소형전기차 르노 '트위지' 론칭",http://news.hankyung.com/article/201810248266g
96,"CJ ENM 오쇼핑, 유통업계 최초 르노 전기차 '트위지' 판매",http://www.ekn.kr/news/article.html?no=393263
97,르노삼성 초소형 전기차 '트위지' 홈쇼핑 판매,http://www.etnews.com/20181024000075
98,"'트위지' 전시...르노삼성, 부산 국제환경·에너지산업전 참가",http://www.asiatime.co.kr/news/articleView.html?idxno=198077
99,"르노삼성, 풍성한 할인 판매·빠른 출고",http://www.busan.com/view/busan/view.php?code=2022020312334372908
100,"[체험기]르노삼성 ‘트위지’와 ‘투어’가 만나다…“투어지, 부산 넘어 전국으로”",http://www.newsway.co.kr/news/view?tp=1&ud=2021111114492415340
101,"퍼스널 이동 수단의 표본 '르노 트위지'.. ""지금은 트위지 탈 때""",http://www.wikileaks-kr.org/news/articleView.html?idxno=90513
102,"'디자인·실용성에 만족' 르노 트위지, 고객 만족도 조사 호평",http://www.autodaily.co.kr/news/articleView.html?idxno=419302
103,3월 차 판매 르노코리아 XM3 ‘훨훨’ 한국GM ‘먹구름’ 쌍용차 '선전',https://www.businesspost.co.kr/BP?command=article_view&num=276459
104,"'수출 호조' 르노코리아, 올 3월 1만409대 판매…전년비 21.4%↑",https://www.hankyung.com/economy/article/202204017889g
105,"트위지 빌려 부산곳곳 관광… 르노삼성, 스마트 투어 이끈다",http://www.fnnews.com/news/202110041944063249
106,"[단독] 르노코리아, 디피코와 첫 소형 전기트럭 출시",https://biz.chosun.com/industry/car/2022/03/28/LZAK4N7ZRZHPXPJRT3AWUMDQ3A/?utm_source=naver&utm_medium=original&utm_campaign=biz
107,"르노 트위지, 탄소중립 위한 스마트 그린관광 실시",https://sports.hankooki.com/lpage/economy/202109/sp20210917172146136990.htm?s_ref=nv
108,"르노 트위지, 오시리아 관광단지에서 카쉐어링 서비스…스마트폰으로 예약·반납",http://www.busan.com/view/busan/view.php?code=2021091614434255204
109,"르노삼성자동차, '르노코리아자동차'로 새로운 사명 확정",http://www.efnews.co.kr/news/articleView.html?idxno=94819
110,초소형 전기차 '르노 트위지' 고객 만족도 조사 호평,https://www.nocutnews.co.kr/news/5347603
111,3월 차 판매 르노코리아 XM3 ‘훨훨’ 한국GM ‘먹구름’ 쌍용차 '선전',https://www.businesspost.co.kr/BP?command=article_view&num=276459
112,"'수출 호조' 르노코리아, 올 3월 1만409대 판매…전년비 21.4%↑",https://www.hankyung.com/economy/article/202204017889g
113,"트위지 빌려 부산곳곳 관광… 르노삼성, 스마트 투어 이끈다",http://www.fnnews.com/news/202110041944063249
114,"[단독] 르노코리아, 디피코와 첫 소형 전기트럭 출시",https://biz.chosun.com/industry/car/2022/03/28/LZAK4N7ZRZHPXPJRT3AWUMDQ3A/?utm_source=naver&utm_medium=original&utm_campaign=biz
115,"르노 트위지, 탄소중립 위한 스마트 그린관광 실시",https://sports.hankooki.com/lpage/economy/202109/sp20210917172146136990.htm?s_ref=nv
116,"르노 트위지, 오시리아 관광단지에서 카쉐어링 서비스…스마트폰으로 예약·반납",http://www.busan.com/view/busan/view.php?code=2021091614434255204
117,"르노삼성자동차, '르노코리아자동차'로 새로운 사명 확정",http://www.efnews.co.kr/news/articleView.html?idxno=94819
118,"르노삼성 르노 조에-xEV 트렌드 코리아 2022 참가, 전기차 보조금 100% 활용",http://www.sportsseoul.com/news/read/1104089?ref=naver
119,르노삼성차 ‘즉시 출고+100% 전기차 보조금’ 르노 조에… xEV 트렌드 코리아 2022 참가,http://www.sportsworldi.com/newsView/20220309501313
120,"트위지 빌려 부산곳곳 관광… 르노삼성, 스마트 투어 이끈다",http://www.fnnews.com/news/202110041944063249
121,"[단독] 르노코리아, 디피코와 첫 소형 전기트럭 출시",https://biz.chosun.com/industry/car/2022/03/28/LZAK4N7ZRZHPXPJRT3AWUMDQ3A/?utm_source=naver&utm_medium=original&utm_campaign=biz
122,"르노 트위지, 탄소중립 위한 스마트 그린관광 실시",https://sports.hankooki.com/lpage/economy/202109/sp20210917172146136990.htm?s_ref=nv
123,"르노 트위지, 오시리아 관광단지에서 카쉐어링 서비스…스마트폰으로 예약·반납",http://www.busan.com/view/busan/view.php?code=2021091614434255204
124,"르노삼성자동차, '르노코리아자동차'로 새로운 사명 확정",http://www.efnews.co.kr/news/articleView.html?idxno=94819
125,"르노삼성 르노 조에-xEV 트렌드 코리아 2022 참가, 전기차 보조금 100% 활용",http://www.sportsseoul.com/news/read/1104089?ref=naver
126,르노삼성차 ‘즉시 출고+100% 전기차 보조금’ 르노 조에… xEV 트렌드 코리아 2022 참가,http://www.sportsworldi.com/newsView/20220309501313
127,"르노 '조에', xEV 트렌드 코리아 2022 참가...“즉시 출고 가능”",http://www.etnews.com/20220308000024
128,"르노삼성차, '2019 초소형 전기차 로드쇼' 참여…'트위지' 각광",https://asiatime.co.kr/news/newsview.php?ncode=1065571747521692
129,"르노삼성차, '2019 초소형 전기차 로드쇼'서 르노 트위지로 대중화 앞장",http://www.autodaily.co.kr/news/articleView.html?idxno=413831
130,"르노삼성 '트위지' 기반 부산 스타트업 '투어지', 오시리아 본격 공략",https://www.busaneconomy.com/news/articleView.html?idxno=258395
131,"르노삼성자동차, '르노코리아자동차'로 새로운 사명 확정",http://www.efnews.co.kr/news/articleView.html?idxno=94819
132,새로운 친환경 관광법 제시한 '르노 트위지',http://www.fnnews.com/news/202110041312087482
133,"르노삼성 르노 조에-xEV 트렌드 코리아 2022 참가, 전기차 보조금 100% 활용",http://www.sportsseoul.com/news/read/1104089?ref=naver
134,르노삼성차 ‘즉시 출고+100% 전기차 보조금’ 르노 조에… xEV 트렌드 코리아 2022 참가,http://www.sportsworldi.com/newsView/20220309501313
135,"르노 '조에', xEV 트렌드 코리아 2022 참가...“즉시 출고 가능”",http://www.etnews.com/20220308000024
136,"르노삼성차, '2019 초소형 전기차 로드쇼' 참여…'트위지' 각광",https://asiatime.co.kr/news/newsview.php?ncode=1065571747521692
137,"르노삼성차, '2019 초소형 전기차 로드쇼'서 르노 트위지로 대중화 앞장",http://www.autodaily.co.kr/news/articleView.html?idxno=413831
138,"르노삼성차, '한-아세안 혁신성장 쇼케이스'서 트위지 전시...미래 모빌리티 제시",http://www.autodaily.co.kr/news/articleView.html?idxno=413616
139,"르노삼성, 한-아세안 행사장에 초소형 전기차 ‘트위지’ 전시",http://www.newstomato.com/ReadNews.aspx?no=935698
140,"르노삼성차, 전기차 트위지 활용한 부산 차량공유서비스 확대",https://www.businesspost.co.kr/BP?command=article_view&num=250898
141,"르노삼성자동차, '르노코리아자동차'로 새로운 사명 확정",http://www.efnews.co.kr/news/articleView.html?idxno=94819
142,새로운 친환경 관광법 제시한 '르노 트위지',http://www.fnnews.com/news/202110041312087482
143,"르노삼성 르노 조에-xEV 트렌드 코리아 2022 참가, 전기차 보조금 100% 활용",http://www.sportsseoul.com/news/read/1104089?ref=naver
144,르노삼성차 ‘즉시 출고+100% 전기차 보조금’ 르노 조에… xEV 트렌드 코리아 2022 참가,http://www.sportsworldi.com/newsView/20220309501313
145,"르노 '조에', xEV 트렌드 코리아 2022 참가...“즉시 출고 가능”",http://www.etnews.com/20220308000024
146,"르노삼성차, '2019 초소형 전기차 로드쇼' 참여…'트위지' 각광",https://asiatime.co.kr/news/newsview.php?ncode=1065571747521692
147,"르노삼성차, '2019 초소형 전기차 로드쇼'서 르노 트위지로 대중화 앞장",http://www.autodaily.co.kr/news/articleView.html?idxno=413831
148,"르노삼성차, '한-아세안 혁신성장 쇼케이스'서 트위지 전시...미래 모빌리티 제시",http://www.autodaily.co.kr/news/articleView.html?idxno=413616
149,"르노삼성, 한-아세안 행사장에 초소형 전기차 ‘트위지’ 전시",http://www.newstomato.com/ReadNews.aspx?no=935698
150,"르노 조에, 'xEV 트렌드 코리아' 참가…""전기차 보조금 100%에 즉시 출고""",http://www.newsis.com/view/?id=NISX20220308_0001785698&cID=13001&pID=13000
151,"르노삼성차, '2019 초소형 전기차 로드쇼' 참여…'트위지' 각광",https://asiatime.co.kr/news/newsview.php?ncode=1065571747521692
152,"르노삼성차, '2019 초소형 전기차 로드쇼'서 르노 트위지로 대중화 앞장",http://www.autodaily.co.kr/news/articleView.html?idxno=413831
153,"르노삼성차, '한-아세안 혁신성장 쇼케이스'서 트위지 전시...미래 모빌리티 제시",http://www.autodaily.co.kr/news/articleView.html?idxno=413616
154,"르노삼성, 한-아세안 행사장에 초소형 전기차 ‘트위지’ 전시",http://www.newstomato.com/ReadNews.aspx?no=935698
155,르노삼성 희망 불씨 '트위지·XM3' 뜨거워질 부산공장,http://www.newsprime.co.kr/news/article.html?no=482436
156,첫 수출길 오른 초소형 전기차 ‘트위지’ 르노 구원투수 될까,http://www.busan.com/view/busan/view.php?code=2019102418524417997
157,"르노삼성차, 부산공장서 생산한 '트위지' 유럽 수출 개시",http://www.updownnews.co.kr/news/articleView.html?idxno=210189
158,"[시승기] ""무서웠습니다, 그래도 관심폭발""… 초소형 전기차 '르노 트위지'",http://moneys.mt.co.kr/news/mwView.php?no=2019111515528039617
159,"르노삼성차, 초소형 전기차 '르노 트위지' 전시",http://asiatime.co.kr/news/newsview.php?ncode=1065601537672556
160,"르노삼성, '조에' xEV 트렌드 코리아 참가",http://autotimes.hankyung.com/apps/news.sub_view?popup=0&nid=03&c1=03&c2=03&c3=00&nkey=202203080912071
161,"르노삼성차, '2019 초소형 전기차 로드쇼' 참여…'트위지' 각광",https://asiatime.co.kr/news/newsview.php?ncode=1065571747521692
162,"르노삼성차, '2019 초소형 전기차 로드쇼'서 르노 트위지로 대중화 앞장",http://www.autodaily.co.kr/news/articleView.html?idxno=413831
163,"르노삼성차, '한-아세안 혁신성장 쇼케이스'서 트위지 전시...미래 모빌리티 제시",http://www.autodaily.co.kr/news/articleView.html?idxno=413616
164,"르노삼성, 한-아세안 행사장에 초소형 전기차 ‘트위지’ 전시",http://www.newstomato.com/ReadNews.aspx?no=935698
165,르노삼성 희망 불씨 '트위지·XM3' 뜨거워질 부산공장,http://www.newsprime.co.kr/news/article.html?no=482436
166,첫 수출길 오른 초소형 전기차 ‘트위지’ 르노 구원투수 될까,http://www.busan.com/view/busan/view.php?code=2019102418524417997
167,"르노삼성차, 부산공장서 생산한 '트위지' 유럽 수출 개시",http://www.updownnews.co.kr/news/articleView.html?idxno=210189
168,"[시승기] ""무서웠습니다, 그래도 관심폭발""… 초소형 전기차 '르노 트위지'",http://moneys.mt.co.kr/news/mwView.php?no=2019111515528039617
169,"르노삼성차, 초소형 전기차 '르노 트위지' 전시",http://asiatime.co.kr/news/newsview.php?ncode=1065601537672556
170,르노삼성 '르노 트위지' 앞세워 친환경차 대중화 선도,http://www.newsprime.co.kr/news/article.html?no=485731
171,"르노삼성차, '2019 초소형 전기차 로드쇼'서 르노 트위지로 대중화 앞장",http://www.autodaily.co.kr/news/articleView.html?idxno=413831
172,"""전기차 즉시 출고됩니다""…르노삼성, xEV 트렌드 코리아 참가",https://www.news1.kr/articles/?4608831
173,"르노삼성차, '한-아세안 혁신성장 쇼케이스'서 트위지 전시...미래 모빌리티 제시",http://www.autodaily.co.kr/news/articleView.html?idxno=413616
174,"르노삼성, 한-아세안 행사장에 초소형 전기차 ‘트위지’ 전시",http://www.newstomato.com/ReadNews.aspx?no=935698
175,르노삼성 희망 불씨 '트위지·XM3' 뜨거워질 부산공장,http://www.newsprime.co.kr/news/article.html?no=482436
176,첫 수출길 오른 초소형 전기차 ‘트위지’ 르노 구원투수 될까,http://www.busan.com/view/busan/view.php?code=2019102418524417997
177,"르노삼성차, 부산공장서 생산한 '트위지' 유럽 수출 개시",http://www.updownnews.co.kr/news/articleView.html?idxno=210189
178,"[시승기] ""무서웠습니다, 그래도 관심폭발""… 초소형 전기차 '르노 트위지'",http://moneys.mt.co.kr/news/mwView.php?no=2019111515528039617
179,"르노삼성차, 초소형 전기차 '르노 트위지' 전시",http://asiatime.co.kr/news/newsview.php?ncode=1065601537672556
180,르노삼성 희망 불씨 '트위지·XM3' 뜨거워질 부산공장,http://www.newsprime.co.kr/news/article.html?no=482436
181,첫 수출길 오른 초소형 전기차 ‘트위지’ 르노 구원투수 될까,http://www.busan.com/view/busan/view.php?code=2019102418524417997
182,"르노삼성차, 부산공장서 생산한 '트위지' 유럽 수출 개시",http://www.updownnews.co.kr/news/articleView.html?idxno=210189
183,"[시승기] ""무서웠습니다, 그래도 관심폭발""… 초소형 전기차 '르노 트위지'",http://moneys.mt.co.kr/news/mwView.php?no=2019111515528039617
184,"르노삼성차, 초소형 전기차 '르노 트위지' 전시",http://asiatime.co.kr/news/newsview.php?ncode=1065601537672556
185,대구 미래차엑스포에 르노삼성 전기차 ‘트위지’ 뜬다,http://www.newstomato.com/ReadNews.aspx?no=926839
186,"르노삼성, SW 교육 페스티벌에 ‘트위지’ 전시",http://www.fnnews.com/news/201910161022075664
187,"르노삼성 ""초소형 전기차 '트위지' 보러오세요""",http://www.fnnews.com/news/201910161811485104
188,"르노삼성, 'xEV트렌드 코리아' 참가…전기차 2종 전시",https://www.paxnetnews.com/articles/84530
189,"문 대통령, 현대차 연구소서 '르노 트위지' 시승한 이유",http://moneys.mt.co.kr/news/mwView.php?no=2019101518148011757
190,"르노삼성차, 국내생산 트위지 첫 수출 선적 개시",https://www.sedaily.com/NewsView/1VPNA4XA4P
191,"르노삼성차, 부산서 만든 '트위지' 142대 첫 수출 선적",http://www.etnews.com/20191024000146
192,"[시승기] ""무서웠습니다, 그래도 관심폭발""… 초소형 전기차 '르노 트위지'",http://moneys.mt.co.kr/news/mwView.php?no=2019111515528039617
193,"르노삼성차, 초소형 전기차 '르노 트위지' 전시",http://asiatime.co.kr/news/newsview.php?ncode=1065601537672556
194,대구 미래차엑스포에 르노삼성 전기차 ‘트위지’ 뜬다,http://www.newstomato.com/ReadNews.aspx?no=926839
195,"르노삼성, SW 교육 페스티벌에 ‘트위지’ 전시",http://www.fnnews.com/news/201910161022075664
196,"르노삼성 ""초소형 전기차 '트위지' 보러오세요""",http://www.fnnews.com/news/201910161811485104
197,"르노삼성, 'xEV트렌드 코리아' 참가…전기차 2종 전시",https://www.paxnetnews.com/articles/84530
198,"문 대통령, 현대차 연구소서 '르노 트위지' 시승한 이유",http://moneys.mt.co.kr/news/mwView.php?no=2019101518148011757
199,'르노 트위지' 잘 나가는데… 이마트서 방 빼는 까닭,http://moneys.mt.co.kr/news/mwView.php?no=2019100115168046974
200,"르노삼성, 부산 생산 ‘트위지’ 첫 유럽 수출길 올라",http://www.viva100.com/main/view.php?key=20191024010007913
201,"르노삼성차, 국내생산 트위지 142대 첫 수출 선적 개시… “유럽 시장 공략 시작”",http://www.hankookilbo.com/news/npath/201910241079798089?did=NA
202,"[시승기] ""무서웠습니다, 그래도 관심폭발""… 초소형 전기차 '르노 트위지'",http://moneys.mt.co.kr/news/mwView.php?no=2019111515528039617
203,"르노삼성차, 초소형 전기차 '르노 트위지' 전시",http://asiatime.co.kr/news/newsview.php?ncode=1065601537672556
204,대구 미래차엑스포에 르노삼성 전기차 ‘트위지’ 뜬다,http://www.newstomato.com/ReadNews.aspx?no=926839
205,"르노삼성, SW 교육 페스티벌에 ‘트위지’ 전시",http://www.fnnews.com/news/201910161022075664
206,"르노삼성 ""초소형 전기차 '트위지' 보러오세요""",http://www.fnnews.com/news/201910161811485104
207,"르노삼성, 'xEV트렌드 코리아' 참가…전기차 2종 전시",https://www.paxnetnews.com/articles/84530
208,"문 대통령, 현대차 연구소서 '르노 트위지' 시승한 이유",http://moneys.mt.co.kr/news/mwView.php?no=2019101518148011757
209,'르노 트위지' 잘 나가는데… 이마트서 방 빼는 까닭,http://moneys.mt.co.kr/news/mwView.php?no=2019100115168046974
210,"르노삼성, 국내생산 '트위지' 유럽으로 수출 시작",http://www.fnnews.com/news/201910241257300808
211,"르노삼성, 부산 생산 '트위지' 첫 수출 선적",http://news.mt.co.kr/mtview.php?no=2019102409503873190
212,"[시승기] ""무서웠습니다, 그래도 관심폭발""… 초소형 전기차 '르노 트위지'",http://moneys.mt.co.kr/news/mwView.php?no=2019111515528039617
213,"르노삼성차, 초소형 전기차 '르노 트위지' 전시",http://asiatime.co.kr/news/newsview.php?ncode=1065601537672556
214,대구 미래차엑스포에 르노삼성 전기차 ‘트위지’ 뜬다,http://www.newstomato.com/ReadNews.aspx?no=926839
215,"르노삼성, SW 교육 페스티벌에 ‘트위지’ 전시",http://www.fnnews.com/news/201910161022075664
216,"르노삼성 ""초소형 전기차 '트위지' 보러오세요""",http://www.fnnews.com/news/201910161811485104
217,"르노삼성, 'xEV트렌드 코리아' 참가…전기차 2종 전시",https://www.paxnetnews.com/articles/84530
218,"문 대통령, 현대차 연구소서 '르노 트위지' 시승한 이유",http://moneys.mt.co.kr/news/mwView.php?no=2019101518148011757
219,'르노 트위지' 잘 나가는데… 이마트서 방 빼는 까닭,http://moneys.mt.co.kr/news/mwView.php?no=2019100115168046974
220,"르노삼성, 부산소프트웨어교육 페스티벌서 ‘트위지’ 전시",http://www.dailycar.co.kr/content/news.html?type=view&autoId=34854
221,"르노삼성 ""초소형 전기차 '트위지' 보러오세요""",http://www.fnnews.com/news/201910161811485104
222,"르노삼성, 'xEV트렌드 코리아' 참가…전기차 2종 전시",https://www.paxnetnews.com/articles/84530
223,"문 대통령, 현대차 연구소서 '르노 트위지' 시승한 이유",http://moneys.mt.co.kr/news/mwView.php?no=2019101518148011757
224,'르노 트위지' 잘 나가는데… 이마트서 방 빼는 까닭,http://moneys.mt.co.kr/news/mwView.php?no=2019100115168046974
225,"르노삼성, 2월 전세계 판매 1만1513대…전년비 56.8% 증가",https://www.dailian.co.kr/news/view/1088887/?sc=Naver
226,"[타봤어요]""혹시 뒤집어지나요?""..르노 전기차 '트위지' 타보니",http://www.edaily.co.kr/news/newspath.asp?newsid=01361206622649640
227,"부산, 친환경 자동차 '르노 트위지' 세계 생산기지로",http://www.fnnews.com/news/201910021001158922
228,"르노코리아, 총 2만318대 판매 기록…전년比 117.4%↑",http://www.smartfn.co.kr/view.php?ud=202205031735403201ab334feeb3_46
229,"르노삼성자동차, '2019 국제 환경·에너지 산업전' 참가...초소형 전기차 '르노 트위지' 시승 프로그램 진행",http://www.econonews.co.kr/news/articleView.html?idxno=87759
230,"르노삼성, 2월 판매량 1만대 넘겼다…수출 전년比 126.3%↑",http://www.apnews.kr/news/articleView.html?idxno=3000388
231,"부산, 친환경 자동차 '르노 트위지' 세계 생산기지로",http://www.fnnews.com/news/201910021001158922
232,"르노코리아, 총 2만318대 판매 기록…전년比 117.4%↑",http://www.smartfn.co.kr/view.php?ud=202205031735403201ab334feeb3_46
233,"르노삼성자동차, '2019 국제 환경·에너지 산업전' 참가...초소형 전기차 '르노 트위지' 시승 프로그램 진행",http://www.econonews.co.kr/news/articleView.html?idxno=87759
234,르노삼성車 '트위지' 시승현장을 가다,http://www.todayenergy.kr/news/articleView.html?idxno=217657
235,"르노삼성차, '2019 국제환경·에너지산업전' 참가...트위지 전시·시승 운영",http://www.autodaily.co.kr/news/articleView.html?idxno=411532
236,[포춘코리아 JOY RIDE] 르노삼성 '트위지' '마스터' '클리오',http://www.fortunekorea.co.kr/news/articleView.html?idxno=11598
237,"[시승기] 르노삼성 클리오·트위지의 반전 매력···""서킷에서 제대로 느꼈다""  ",http://www.seoulfn.com/news/articleView.html?idxno=353467
238,"르노삼성, 대학생 자작자동차대회 EV 부문 최우수팀에 '트위지' 제공",http://www.updownnews.co.kr/news/articleView.html?idxno=207295
239,"르노 트위지, 오시리아관광단지에 관광용 차량 공유 서비스",https://busanmbc.co.kr/article/AWrpyt3XGQaMu9RTdtK
240,"르노삼성, 초소형 전기차 ‘트위지' 부산 시대 열었다",https://www.nocutnews.co.kr/news/5221867
241,"르노코리아, 총 2만318대 판매 기록…전년比 117.4%↑",http://www.smartfn.co.kr/view.php?ud=202205031735403201ab334feeb3_46
242,"르노삼성자동차, '2019 국제 환경·에너지 산업전' 참가...초소형 전기차 '르노 트위지' 시승 프로그램 진행",http://www.econonews.co.kr/news/articleView.html?idxno=87759
243,르노삼성車 '트위지' 시승현장을 가다,http://www.todayenergy.kr/news/articleView.html?idxno=217657
244,"르노삼성차, '2019 국제환경·에너지산업전' 참가...트위지 전시·시승 운영",http://www.autodaily.co.kr/news/articleView.html?idxno=411532
245,[포춘코리아 JOY RIDE] 르노삼성 '트위지' '마스터' '클리오',http://www.fortunekorea.co.kr/news/articleView.html?idxno=11598
246,"[시승기] 르노삼성 클리오·트위지의 반전 매력···""서킷에서 제대로 느꼈다""  ",http://www.seoulfn.com/news/articleView.html?idxno=353467
247,"르노삼성, 대학생 자작자동차대회 EV 부문 최우수팀에 '트위지' 제공",http://www.updownnews.co.kr/news/articleView.html?idxno=207295
248,"르노 트위지, 오시리아관광단지에 관광용 차량 공유 서비스",https://busanmbc.co.kr/article/AWrpyt3XGQaMu9RTdtK
249,"[리뷰] 세그먼트의 리더, 르노의 초소형 전기차 '트위지'",http://www.hankookilbo.com/news/npath/201908060717727969?did=NA
250,르노삼성車 '트위지' 시승현장을 가다,http://www.todayenergy.kr/news/articleView.html?idxno=217657
251,"르노삼성차, '2019 국제환경·에너지산업전' 참가...트위지 전시·시승 운영",http://www.autodaily.co.kr/news/articleView.html?idxno=411532
252,[포춘코리아 JOY RIDE] 르노삼성 '트위지' '마스터' '클리오',http://www.fortunekorea.co.kr/news/articleView.html?idxno=11598
253,"[시승기] 르노삼성 클리오·트위지의 반전 매력···""서킷에서 제대로 느꼈다""  ",http://www.seoulfn.com/news/articleView.html?idxno=353467
254,"르노삼성, 대학생 자작자동차대회 EV 부문 최우수팀에 '트위지' 제공",http://www.updownnews.co.kr/news/articleView.html?idxno=207295
255,"르노 트위지, 오시리아관광단지에 관광용 차량 공유 서비스",https://busanmbc.co.kr/article/AWrpyt3XGQaMu9RTdtK
256,"[리뷰] 세그먼트의 리더, 르노의 초소형 전기차 '트위지'",http://www.hankookilbo.com/news/npath/201908060717727969?did=NA
257,[서킷 시승기] ‘느리지만 재미있다!’ 르노 트위지로 인제스피디움을 달리다,http://www.hankookilbo.com/news/npath/201908040828383933?did=NA
258,"르노삼성차 쌍용차 판매 증가, 한국GM 내수부진으로 판매 줄어",https://www.businesspost.co.kr/BP?command=article_view&num=273302
259,"유럽이 사랑하는 XM3 덕분에…르노삼성, 2월 판매 전년比 56.8%↑",http://news.mt.co.kr/mtview.php?no=2022030215444379086
260,"르노삼성차, 2019 국제환경·에너지산업전에 초소형 전기차 '트위지' 전시",http://sports.chosun.com/news/ntype.htm?id=201909200100133490009085&servicedate=20190919
261,[포춘코리아 JOY RIDE] 르노삼성 '트위지' '마스터' '클리오',http://www.fortunekorea.co.kr/news/articleView.html?idxno=11598
262,"[시승기] 르노삼성 클리오·트위지의 반전 매력···""서킷에서 제대로 느꼈다""  ",http://www.seoulfn.com/news/articleView.html?idxno=353467
263,"르노삼성, 대학생 자작자동차대회 EV 부문 최우수팀에 '트위지' 제공",http://www.updownnews.co.kr/news/articleView.html?idxno=207295
264,"르노 트위지, 오시리아관광단지에 관광용 차량 공유 서비스",https://busanmbc.co.kr/article/AWrpyt3XGQaMu9RTdtK
265,"[리뷰] 세그먼트의 리더, 르노의 초소형 전기차 '트위지'",http://www.hankookilbo.com/news/npath/201908060717727969?did=NA
266,[서킷 시승기] ‘느리지만 재미있다!’ 르노 트위지로 인제스피디움을 달리다,http://www.hankookilbo.com/news/npath/201908040828383933?did=NA
267,"르노삼성차 쌍용차 판매 증가, 한국GM 내수부진으로 판매 줄어",https://www.businesspost.co.kr/BP?command=article_view&num=273302
268,"유럽이 사랑하는 XM3 덕분에…르노삼성, 2월 판매 전년比 56.8%↑",http://news.mt.co.kr/mtview.php?no=2022030215444379086
269,"쌍용·르노삼성차, 3월 봄맞이 특별 할인. 최대 385만원 구매 혜택 車는?",http://www.autodaily.co.kr/news/articleView.html?idxno=432048
270,"르노 트위지, 오시리아관광단지에 관광용 차량 공유 서비스",https://busanmbc.co.kr/article/AWrpyt3XGQaMu9RTdtK
271,"[리뷰] 세그먼트의 리더, 르노의 초소형 전기차 '트위지'",http://www.hankookilbo.com/news/npath/201908060717727969?did=NA
272,[서킷 시승기] ‘느리지만 재미있다!’ 르노 트위지로 인제스피디움을 달리다,http://www.hankookilbo.com/news/npath/201908040828383933?did=NA
273,"르노삼성차 쌍용차 판매 증가, 한국GM 내수부진으로 판매 줄어",https://www.businesspost.co.kr/BP?command=article_view&num=273302
274,"유럽이 사랑하는 XM3 덕분에…르노삼성, 2월 판매 전년比 56.8%↑",http://news.mt.co.kr/mtview.php?no=2022030215444379086
275,"쌍용·르노삼성차, 3월 봄맞이 특별 할인. 최대 385만원 구매 혜택 車는?",http://www.autodaily.co.kr/news/articleView.html?idxno=432048
276,"르노삼성, '국제환경·에너지산업전' 참가…'트위지' 알리기 나선다",http://www.ajunews.com/view/20190919100133825
277,"르노삼성차, 청년 취업·창업 지원 위해 초소형 전기차 트위지 지원",http://www.sportsworldi.com/content/html/2019/05/30/20190530508476.html
278,"[SR사회공헌] 르노삼성차, 청년 취업·창업 위해 초소형 전기차 '트위지' 지원",http://www.srtimes.kr/news/articleView.html?idxno=40718
279,꼬마 전기차 트위지로 '스마트 그린관광',http://news.mk.co.kr/newsRead.php?no=1193624&year=2021
280,꼬마 전기차 트위지로 '스마트 그린관광',http://news.mk.co.kr/newsRead.php?no=1193624&year=2021
281,청춘과 함께하는 ‘르노 트위지’… 일루와 페스티벌서 전시,http://www.fnnews.com/news/201905121756360170
282,"르노삼성자동차, '대구 미래자동차 엑스포'에 전기차 '트위지' 등 전시",http://www.econonews.co.kr/news/articleView.html?idxno=91547
283,“르노 트위지가 청춘을 응원합니다”,http://www.hankookilbo.com/news/npath/201904221630323597?did=NA
284,"""이륜차의 새로운 대안""…르노 '트위지', 초소형 전기차 대중화 앞당긴다",http://www.viva100.com/main/view.php?key=20190411010004003
285,"르노삼성, 대학생 자작자동차대회 후원..전기차 트위지 제공",http://www.dailycar.co.kr/content/news.html?type=view&autoId=34296
286,"르노삼성 트위지, 대형 마트에서 구매 가능해진다!",http://kr.aving.net/news/view.php?articleId=1499253&Branch_ID=kr&rssid=naver&mn_name=news
287,르노삼성 '트위지' 이제는 이마트에서도 산다,http://www.leaders.kr/news/articleView.html?idxno=88448
288,르노삼성 전기차 ‘트위지’ 이마트서 산다,http://www.kookje.co.kr/news2011/asp/newsbody.asp?code=0200&key=20190307.99099002378
289,"르노 '트위지 라이프' 출시...""기존모델 대비 최대 150만원 저렴""",http://news.mt.co.kr/mtview.php?no=2019022109563936020
290,"르노 트위지, 청춘카 시즌2 '청년창업 커피숍'으로 변신",http://www.gpkorea.com/news/articleView.html?idxno=51045
291,"""이륜차의 새로운 대안""…르노 '트위지', 초소형 전기차 대중화 앞당긴다",http://www.viva100.com/main/view.php?key=20190411010004003
292,"르노삼성, 대학생 자작자동차대회 후원..전기차 트위지 제공",http://www.dailycar.co.kr/content/news.html?type=view&autoId=34296
293,"르노삼성 트위지, 대형 마트에서 구매 가능해진다!",http://kr.aving.net/news/view.php?articleId=1499253&Branch_ID=kr&rssid=naver&mn_name=news
294,르노삼성 '트위지' 이제는 이마트에서도 산다,http://www.leaders.kr/news/articleView.html?idxno=88448
295,르노삼성 전기차 ‘트위지’ 이마트서 산다,http://www.kookje.co.kr/news2011/asp/newsbody.asp?code=0200&key=20190307.99099002378
296,"르노 '트위지 라이프' 출시...""기존모델 대비 최대 150만원 저렴""",http://news.mt.co.kr/mtview.php?no=2019022109563936020
297,"르노삼성, 가성비·상품성 개선한 ‘트위지 라이프’ 출시…블랙 스타일 돋보여",http://sports.khan.co.kr/news/sk_index.html?art_id=201902211018003&sec_id=563002&pt=nv
298,"르노삼성, 전기차 '2019년형 SM3 Z.E.·트위지' 가격 인하",http://digitalchosun.dizzo.com/site/data/html_dir/2019/02/18/2019021880135.html
299,"SM6, 르노삼성차 '고민' 다 보이네",http://www.econovill.com/news/articleView.html?idxno=565809
300,르노삼성 전기차 ‘트위지’ 이마트서 산다,http://www.kookje.co.kr/news2011/asp/newsbody.asp?code=0200&key=20190307.99099002378
301,"르노삼성, 전국 24개 이마트서 '트위지' 판매 개시",http://www.wikitree.co.kr/main/news_view.php?id=409390
302,"르노 '트위지 라이프' 출시...""기존모델 대비 최대 150만원 저렴""",http://news.mt.co.kr/mtview.php?no=2019022109563936020
303,"르노삼성, 가성비·상품성 개선한 ‘트위지 라이프’ 출시…블랙 스타일 돋보여",http://sports.khan.co.kr/news/sk_index.html?art_id=201902211018003&sec_id=563002&pt=nv
304,"르노삼성, 전기차 '2019년형 SM3 Z.E.·트위지' 가격 인하",http://digitalchosun.dizzo.com/site/data/html_dir/2019/02/18/2019021880135.html
305,"SM6, 르노삼성차 '고민' 다 보이네",http://www.econovill.com/news/articleView.html?idxno=565809
306,"르노삼성차 쌍용차 한국GM, 봄맞이 최대 300만 원 할인 프로모션",https://www.businesspost.co.kr/BP?command=article_view&num=273245
307,"르노삼성자동차, 'xEV 트렌드 코리아 2022' 참가",http://yna.kr/PYH20220308016100013?did=1196m
308,"괴물 트위지 ‘F1 에디션’ 등장, 도심형 익스트림 버전",http://www.thedrive.co.kr/news/newsview.php?ncode=1065589499325892
309,매력적인 초소형 전기차 트위지(TWIZY)…배달에 최적화 강점,http://www.kukinews.com/newsView/kuk202012090297
310,"르노 초소형 전기차 '트위지', 이마트서 산다",http://www.seoulfn.com/news/articleView.html?idxno=335805
311,"르노삼성, 이마트서 르노 전기차 ‘트위지’ 판매..‘주목’",http://www.dailycar.co.kr/content/news.html?type=view&autoId=32459
312,"르노 '트위지 라이프' 출시...""기존모델 대비 최대 150만원 저렴""",http://news.mt.co.kr/mtview.php?no=2019022109563936020
313,"르노삼성, 가성비·상품성 개선한 ‘트위지 라이프’ 출시…블랙 스타일 돋보여",http://sports.khan.co.kr/news/sk_index.html?art_id=201902211018003&sec_id=563002&pt=nv
314,"르노삼성, 전기차 '2019년형 SM3 Z.E.·트위지' 가격 인하",http://digitalchosun.dizzo.com/site/data/html_dir/2019/02/18/2019021880135.html
315,"SM6, 르노삼성차 '고민' 다 보이네",http://www.econovill.com/news/articleView.html?idxno=565809
316,"르노삼성차 쌍용차 한국GM, 봄맞이 최대 300만 원 할인 프로모션",https://www.businesspost.co.kr/BP?command=article_view&num=273245
317,"르노삼성자동차, 'xEV 트렌드 코리아 2022' 참가",http://yna.kr/PYH20220308016100013?did=1196m
318,"괴물 트위지 ‘F1 에디션’ 등장, 도심형 익스트림 버전",http://www.thedrive.co.kr/news/newsview.php?ncode=1065589499325892
319,매력적인 초소형 전기차 트위지(TWIZY)…배달에 최적화 강점,http://www.kukinews.com/newsView/kuk202012090297
320,"르노 '트위지', ""이마트서 사세요""",http://www.wikileaks-kr.org/news/articleView.html?idxno=49500
321,르노 초소형 전기차 ‘트위지’ 이마트서 판매,http://www.edaily.co.kr/news/newspath.asp?newsid=01685926622421024
322,"르노 '트위지 라이프' 출시...""기존모델 대비 최대 150만원 저렴""",http://news.mt.co.kr/mtview.php?no=2019022109563936020
323,"르노삼성, 가성비·상품성 개선한 ‘트위지 라이프’ 출시…블랙 스타일 돋보여",http://sports.khan.co.kr/news/sk_index.html?art_id=201902211018003&sec_id=563002&pt=nv
324,"르노삼성, 전기차 '2019년형 SM3 Z.E.·트위지' 가격 인하",http://digitalchosun.dizzo.com/site/data/html_dir/2019/02/18/2019021880135.html
325,"SM6, 르노삼성차 '고민' 다 보이네",http://www.econovill.com/news/articleView.html?idxno=565809
326,"르노삼성차 쌍용차 한국GM, 봄맞이 최대 300만 원 할인 프로모션",https://www.businesspost.co.kr/BP?command=article_view&num=273245
327,"르노삼성자동차, 'xEV 트렌드 코리아 2022' 참가",http://yna.kr/PYH20220308016100013?did=1196m
328,"괴물 트위지 ‘F1 에디션’ 등장, 도심형 익스트림 버전",http://www.thedrive.co.kr/news/newsview.php?ncode=1065589499325892
329,매력적인 초소형 전기차 트위지(TWIZY)…배달에 최적화 강점,http://www.kukinews.com/newsView/kuk202012090297
330,"르노삼성차 쌍용차 한국GM, 봄맞이 최대 300만 원 할인 프로모션",https://www.businesspost.co.kr/BP?command=article_view&num=273245
331,"르노삼성자동차, 'xEV 트렌드 코리아 2022' 참가",http://yna.kr/PYH20220308016100013?did=1196m
332,"괴물 트위지 ‘F1 에디션’ 등장, 도심형 익스트림 버전",http://www.thedrive.co.kr/news/newsview.php?ncode=1065589499325892
333,매력적인 초소형 전기차 트위지(TWIZY)…배달에 최적화 강점,http://www.kukinews.com/newsView/kuk202012090297
334,"마트서 자동차 파는 시대, 르노 ‘트위지’ 이마트서 산다",http://sports.donga.com/3/all/20190307/94429420/1
335,"르노삼성, ‘트위지’ 생산기지 부산 이전…“국내 첫 해외車 공장 유치”",http://www.viva100.com/main/view.php?key=20181218010006020
336,홈쇼핑 판매부터 카셰어링까지···르노 '트위지'의 혁신질주,http://www.sedaily.com/NewsView/1S8CIFSFPI
337,"르노삼성, '삼성' 떼도 엠블럼은 안 바꾼다?",http://www.sisaweek.com/news/articleView.html?idxno=150936
338,"르노 트위지, 온라인 車판매 실험 성공적…“홈쇼핑 상담 3700건”",http://www.edaily.co.kr/news/newspath.asp?newsid=01977846619378168
339,[단독]르노 '트위지' 부산서 생산한다,http://www.etnews.com/20181025000169
340,"르노 트위지, 온라인 車판매 실험 성공적…“홈쇼핑 상담 3700건”",http://www.edaily.co.kr/news/newspath.asp?newsid=01977846619378168
341,[단독]르노 '트위지' 부산서 생산한다,http://www.etnews.com/20181025000169
342,"CJ ENM 오쇼핑부문, 유통업계 최초 초소형전기차 르노 '트위지' 론칭",http://news.hankyung.com/article/201810248266g
343,"CJ ENM 오쇼핑, 유통업계 최초 르노 전기차 '트위지' 판매",http://www.ekn.kr/news/article.html?no=393263
344,르노삼성 초소형 전기차 '트위지' 홈쇼핑 판매,http://www.etnews.com/20181024000075
345,"'트위지' 전시...르노삼성, 부산 국제환경·에너지산업전 참가",http://www.asiatime.co.kr/news/articleView.html?idxno=198077
346,"르노삼성, 풍성한 할인 판매·빠른 출고",http://www.busan.com/view/busan/view.php?code=2022020312334372908
347,"겨울철 이륜차 안전주의보..트위지, 빠르고 안전한 초소형 전기차 ‘주목’",http://www.dailycar.co.kr/content/news.html?type=view&autoId=41718
348,"르노삼성차, 르노 트위지 활용한 부산 에코투어 서비스 '투어지' 출범",http://www.autodaily.co.kr/news/articleView.html?idxno=427490
349,"""트위지 타고 부산 관광 해볼까""…르노삼성, 모빌리티 쉐어링 서비스 참여",https://www.etoday.co.kr/news/view/2026049
350,CJ오쇼핑서 ‘르노 트위지’ 판다…초소형 EV 안방 공략 물꼬 트나,http://sports.khan.co.kr/news/sk_index.html?art_id=201810241545013&sec_id=563002&pt=nv
351,"'트위지' 전시...르노삼성, 부산 국제환경·에너지산업전 참가",http://www.asiatime.co.kr/news/articleView.html?idxno=198077
352,"르노 ‘트위지’, 홈쇼핑 첫 방송 1시간만에 3700 콜 접수",http://news.heraldcorp.com/view.php?ud=20181030000328
353,"르노삼성, 풍성한 할인 판매·빠른 출고",http://www.busan.com/view/busan/view.php?code=2022020312334372908
354,"겨울철 이륜차 안전주의보..트위지, 빠르고 안전한 초소형 전기차 ‘주목’",http://www.dailycar.co.kr/content/news.html?type=view&autoId=41718
355,"르노삼성차, 르노 트위지 활용한 부산 에코투어 서비스 '투어지' 출범",http://www.autodaily.co.kr/news/articleView.html?idxno=427490
356,"""트위지 타고 부산 관광 해볼까""…르노삼성, 모빌리티 쉐어링 서비스 참여",https://www.etoday.co.kr/news/view/2026049
357,"(시승기)""운전의 재미가 넘친다""…초소형 전기차 트위지",http://www.newstomato.com/ReadNews.aspx?no=1087009&inflow=N
358,"[뉴투분석] BBQ 배달 전기차 ‘르노 트위지’, 가맹점 배달비용 낮춰",http://www.news2day.co.kr/103430
359,"BBQ, 배달용 초소형EV '르노 트위지' 도입",http://www.newsprime.co.kr/news/article.html?no=415354
360,르노 트위지 활용 에코투어 서비스 ‘투어지’ 출범,https://www.ebn.co.kr/news/view/1483675/?sc=Naver
361,"""트위지 타고 부산 관광 해볼까""…르노삼성, 모빌리티 쉐어링 서비스 참여",https://www.etoday.co.kr/news/view/2026049
362,"르노 '트위지', 홈쇼핑 방송 한 시간만에 상담 예약 3,700건 기록!",http://kr.aving.net/news/view.php?articleId=1431581&Branch_ID=kr&rssid=naver&mn_name=news
363,"(시승기)""운전의 재미가 넘친다""…초소형 전기차 트위지",http://www.newstomato.com/ReadNews.aspx?no=1087009&inflow=N
364,"[뉴투분석] BBQ 배달 전기차 ‘르노 트위지’, 가맹점 배달비용 낮춰",http://www.news2day.co.kr/103430
365,"BBQ, 배달용 초소형EV '르노 트위지' 도입",http://www.newsprime.co.kr/news/article.html?no=415354
366,"깜찍한 트위지 타고 부산 씽씽 ""콧노래 절로"" [타볼레오]",https://view.asiae.co.kr/article/2021111410145868933
367,"르노삼성차, 제주도 '트위지' 알리기 '로드트립' 진행",http://www.etnews.com/20180209000211
368,[체험기] 부산 여행 동반자 트위지…이동수단 아닌 액티비티!,https://www.dailian.co.kr/news/view/1052063/?sc=Naver
369,[시승기] 작지만 강한 초소형 전기차 '트위지'..코너링·안정감 '깜놀',http://www.newspim.com/news/view/20211112000133
370,"르노삼성, 트위지 활용 에코투어 서비스 '투어지' 출범",http://www.ceoscoredaily.com/news/article.html?no=82197
371,"르노삼성차, 전기차 '트위지' 활용 에코투어 '투어지' 출범식 참여",http://www.shinailbo.co.kr/news/articleView.html?idxno=1411370
372,"르노 '트위지', 홈쇼핑 방송 한 시간만에 상담 예약 3,700건 기록!",http://kr.aving.net/news/view.php?articleId=1431581&Branch_ID=kr&rssid=naver&mn_name=news
373,"(시승기)""운전의 재미가 넘친다""…초소형 전기차 트위지",http://www.newstomato.com/ReadNews.aspx?no=1087009&inflow=N
374,"[뉴투분석] BBQ 배달 전기차 ‘르노 트위지’, 가맹점 배달비용 낮춰",http://www.news2day.co.kr/103430
375,"BBQ, 배달용 초소형EV '르노 트위지' 도입",http://www.newsprime.co.kr/news/article.html?no=415354
376,"깜찍한 트위지 타고 부산 씽씽 ""콧노래 절로"" [타볼레오]",https://view.asiae.co.kr/article/2021111410145868933
377,"르노삼성차, 제주도 '트위지' 알리기 '로드트립' 진행",http://www.etnews.com/20180209000211
378,[체험기] 부산 여행 동반자 트위지…이동수단 아닌 액티비티!,https://www.dailian.co.kr/news/view/1052063/?sc=Naver
379,[시승기] 작지만 강한 초소형 전기차 '트위지'..코너링·안정감 '깜놀',http://www.newspim.com/news/view/20211112000133
380,"르노삼성 ""전기차 '트위지' 카쉐어링해 부산 에코 투어하세요""",http://digitalchosun.dizzo.com/site/data/html_dir/2021/05/14/2021051480045.html
381,"르노삼성차, 부산 차량공유서비스 스타트업에 르노 트위지 50대 지원",https://www.businesspost.co.kr/BP?command=article_view&num=231575
382,"르노 '트위지', 홈쇼핑 방송 한 시간만에 상담 예약 3,700건 기록!",http://kr.aving.net/news/view.php?articleId=1431581&Branch_ID=kr&rssid=naver&mn_name=news
383,"(시승기)""운전의 재미가 넘친다""…초소형 전기차 트위지",http://www.newstomato.com/ReadNews.aspx?no=1087009&inflow=N
384,"[뉴투분석] BBQ 배달 전기차 ‘르노 트위지’, 가맹점 배달비용 낮춰",http://www.news2day.co.kr/103430
385,"BBQ, 배달용 초소형EV '르노 트위지' 도입",http://www.newsprime.co.kr/news/article.html?no=415354
386,"깜찍한 트위지 타고 부산 씽씽 ""콧노래 절로"" [타볼레오]",https://view.asiae.co.kr/article/2021111410145868933
387,"르노삼성차, 제주도 '트위지' 알리기 '로드트립' 진행",http://www.etnews.com/20180209000211
388,[체험기] 부산 여행 동반자 트위지…이동수단 아닌 액티비티!,https://www.dailian.co.kr/news/view/1052063/?sc=Naver
389,[시승기] 작지만 강한 초소형 전기차 '트위지'..코너링·안정감 '깜놀',http://www.newspim.com/news/view/20211112000133
390,"르노삼성, 전기차 '트위지'로 관광 스타트업 지원 나선다",https://www.hankyung.com/economy/article/202105143054g
391,"""르노 트위지 타고 부산 맛집 탐방""…에코투어 '투어지' 출범",https://www.news1.kr/articles/?4306673
392,"르노 '트위지', 홈쇼핑 방송 한 시간만에 상담 예약 3,700건 기록!",http://kr.aving.net/news/view.php?articleId=1431581&Branch_ID=kr&rssid=naver&mn_name=news
393,"(시승기)""운전의 재미가 넘친다""…초소형 전기차 트위지",http://www.newstomato.com/ReadNews.aspx?no=1087009&inflow=N
394,"[뉴투분석] BBQ 배달 전기차 ‘르노 트위지’, 가맹점 배달비용 낮춰",http://www.news2day.co.kr/103430
395,"BBQ, 배달용 초소형EV '르노 트위지' 도입",http://www.newsprime.co.kr/news/article.html?no=415354
396,"깜찍한 트위지 타고 부산 씽씽 ""콧노래 절로"" [타볼레오]",https://view.asiae.co.kr/article/2021111410145868933
397,"르노삼성차, 제주도 '트위지' 알리기 '로드트립' 진행",http://www.etnews.com/20180209000211
398,[체험기] 부산 여행 동반자 트위지…이동수단 아닌 액티비티!,https://www.dailian.co.kr/news/view/1052063/?sc=Naver
399,[시승기] 작지만 강한 초소형 전기차 '트위지'..코너링·안정감 '깜놀',http://www.newspim.com/news/view/20211112000133
400,"르노삼성, 제주서 트위지와 하이파이브 프로모션 실시",http://www.newscj.com/news/articleView.html?idxno=491573
401,[체험기] 부산 여행 동반자 트위지…이동수단 아닌 액티비티!,https://www.dailian.co.kr/news/view/1052063/?sc=Naver
402,[시승기] 작지만 강한 초소형 전기차 '트위지'..코너링·안정감 '깜놀',http://www.newspim.com/news/view/20211112000133
403,"르노삼성, 1월 1만3314대 판매…전년比 116% 증가",https://www.news1.kr/articles/?4574344
404,르노삼성 '트위지' 플랫폼 국내 中企에 개방한다,http://www.etnews.com/20171023000281
405,"르노삼성차, 2월 프로모션…전기차 '조에' 최대 300만원 할인",https://www.ddaily.co.kr/news/article.html?no=230493
406,BBQ 배달 전기차 올해 1000대 도입...르노 트위지,http://www.econovill.com/news/articleView.html?idxno=337169
407,"르노삼성자동차, 초소형 전기차 트위지로 신개념 차량공유",http://www.econonews.co.kr/news/articleView.html?idxno=172669
408,"르노삼성차, 부산시 관광용 차량 공유 서비스에 ‘르노 트위지’ 활용",http://www.nspna.com/news/?mode=view&newsid=502175
409,"""르노삼성 트위지 타고 부산 관광""",https://www.hankyung.com/economy/article/2021051454431
410,"르노삼성차, 부산시 관광용 차량 공유 서비스에 ‘르노 트위지’ 활용",http://www.nspna.com/news/?mode=view&newsid=502175
411,"""르노삼성 트위지 타고 부산 관광""",https://www.hankyung.com/economy/article/2021051454431
412,'킥라니'와는 달라…'트위지'라 가능한 차별화,http://news.bizwatch.co.kr/article/industry/2021/11/12/0019
413,"르노삼성도 수출이 살렸다, 효자 XM3 덕에 작년 실적 전년비 14.3% 증가",http://www.osen.co.kr/article/G1111733532
414,"르노삼성, 2021년 판매량 전년비 14.3%↑…""내수는 QM6 · 수출은 XM3가 견인""",http://apnews.kr/View.aspx?No=2169586
415,"르노삼성차 수출 호조로 작년 판매실적 개선, 쌍용차 한국GM은 부진",https://www.businesspost.co.kr/BP?command=article_view&num=267066
416,[신차드라이브]도시형 초소형 전기차 르노 '트위지',http://www.etnews.com/20170525000090
417,"1~2인용 르노 초소형 전기차 트위지, 올해 국내 출시하나",http://www.newscj.com/news/articleView.html?idxno=344849
418,"""이쁘다~ 저 차 뭐야"" 초소형 전기차 '트위지', 구매자 사로잡은 매력 무엇?",http://www.gpkorea.com/news/articleView.html?idxno=64332
419,"""전기차 트위지타고 부산 여행하세요""",http://www.naeil.com/news_view/?id_art=401594
420,"르노삼성, 작년 총 13만2769대 판매..전년 比 14.3% 증가",http://www.dailycar.co.kr/content/news.html?type=view&autoId=42345
421,"르노삼성차 수출 호조로 작년 판매실적 개선, 쌍용차 한국GM은 부진",https://www.businesspost.co.kr/BP?command=article_view&num=267066
422,[신차드라이브]도시형 초소형 전기차 르노 '트위지',http://www.etnews.com/20170525000090
423,"1~2인용 르노 초소형 전기차 트위지, 올해 국내 출시하나",http://www.newscj.com/news/articleView.html?idxno=344849
424,"""이쁘다~ 저 차 뭐야"" 초소형 전기차 '트위지', 구매자 사로잡은 매력 무엇?",http://www.gpkorea.com/news/articleView.html?idxno=64332
425,"""전기차 트위지타고 부산 여행하세요""",http://www.naeil.com/news_view/?id_art=401594
426,3월 국내외 車판매 60.8만대 전년比 10%↓…'반도체·러 침공 영향'(종합),https://www.news1.kr/articles/?4635246
427,"르노 초소형 전기차 '트위지', 치킨 배달한다",http://news.einfomax.co.kr/news/articleView.html?idxno=158763
428,2021년 현대-기아-한국GM-르노삼성-쌍용 자동차 판매 실적...반도체 품귀현상 여파 [모터그램],http://www.sisunnews.co.kr/news/articleView.html?idxno=155525
429,르노 `트위지` 잡을 한국형 초소형 전기차 나온다,http://www.etnews.com/20161130000282
430,"르노삼성차, 'XM3' 수출 물꼬 트다…지난해 13만2769대 판매 14.3%↑",https://www.ajunews.com/view/20220103171147035
431,"르노삼성차 수출 호조로 작년 판매실적 개선, 쌍용차 한국GM은 부진",https://www.businesspost.co.kr/BP?command=article_view&num=267066
432,[신차드라이브]도시형 초소형 전기차 르노 '트위지',http://www.etnews.com/20170525000090
433,"1~2인용 르노 초소형 전기차 트위지, 올해 국내 출시하나",http://www.newscj.com/news/articleView.html?idxno=344849
434,"""이쁘다~ 저 차 뭐야"" 초소형 전기차 '트위지', 구매자 사로잡은 매력 무엇?",http://www.gpkorea.com/news/articleView.html?idxno=64332
435,"""전기차 트위지타고 부산 여행하세요""",http://www.naeil.com/news_view/?id_art=401594
436,3월 국내외 車판매 60.8만대 전년比 10%↓…'반도체·러 침공 영향'(종합),https://www.news1.kr/articles/?4635246
437,"르노 초소형 전기차 '트위지', 치킨 배달한다",http://news.einfomax.co.kr/news/articleView.html?idxno=158763
438,2021년 현대-기아-한국GM-르노삼성-쌍용 자동차 판매 실적...반도체 품귀현상 여파 [모터그램],http://www.sisunnews.co.kr/news/articleView.html?idxno=155525
439,르노 `트위지` 잡을 한국형 초소형 전기차 나온다,http://www.etnews.com/20161130000282
440,"""이쁘다~ 저 차 뭐야"" 초소형 전기차 '트위지', 구매자 사로잡은 매력 무엇?",http://www.gpkorea.com/news/articleView.html?idxno=64332
441,"""전기차 트위지타고 부산 여행하세요""",http://www.naeil.com/news_view/?id_art=401594
442,3월 국내외 車판매 60.8만대 전년比 10%↓…'반도체·러 침공 영향'(종합),https://www.news1.kr/articles/?4635246
443,"르노 초소형 전기차 '트위지', 치킨 배달한다",http://news.einfomax.co.kr/news/articleView.html?idxno=158763
444,2021년 현대-기아-한국GM-르노삼성-쌍용 자동차 판매 실적...반도체 품귀현상 여파 [모터그램],http://www.sisunnews.co.kr/news/articleView.html?idxno=155525
445,르노 `트위지` 잡을 한국형 초소형 전기차 나온다,http://www.etnews.com/20161130000282
446,"‘르쌍쉐’, SUV·친환경차로 틈새공략",https://www.ekn.kr/web/view.php?key=20220330010005115
447,[CAR] 파리지앵의 애마 ‘르노 트위지’ 기아 모닝 값이네,http://news.mk.co.kr/news_forward.php?domain=news&no=307688&year=2015
448,"르노삼성, 지난해 13만2000대 판매…전년比 14%↑",http://www.segye.com/content/html/2022/01/04/20220104509207.html?OutUrl=naver
449,유럽서 '대박'난 XM3…르노삼성 年 내수·수출 판매 '쌍끌이',http://news.mt.co.kr/mtview.php?no=2022010316102888354
450,르노삼성 2021년 총 13만2769대 판매…14.3%↑,https://www.dailian.co.kr/news/view/1069820/?sc=Naver
451,"르노삼성차 수출 힘입어 11월도 판매 늘어, 쌍용차와 한국GM은 감소",https://www.businesspost.co.kr/BP?command=article_view&num=262294
452,"르노 조에,트위지 상주시청에서 시승 행사 호응",https://news.imaeil.com/Society/2021042816034703693
453,"""전기차 트위지로 치킨 배달한다"" … BBQ, 르노삼성과 MOU 체결",http://news.kukinews.com/article/view.asp?arcid=0009461529&code=41171811&cp=nv
454,"르노삼성, 내수와 수출 실적 엇갈린 이유는?",http://www.wolyo.co.kr/news/articleView.html?idxno=126815
455,"르노삼성, 12월에도 온라인 프로모션···""고민은 출고를 늦출 뿐""",https://www.sedaily.com/NewsView/22V78WYFE8
456,"[카드] '트위지 기반' 투어지 스테이션 ""친환경 관광 앞장""",http://www.newsprime.co.kr/news/article.html?no=552898
457,국내 완성차업계 4월 판매 6.6%↓…부품난 장기화에도 해외서 선방,http://news.einfomax.co.kr/news/articleView.html?idxno=4212017
458,"""반도체 부족 여파 지속"" 4월 국내완성차 판매 전년대비 9.8% 감소",http://www.gpkorea.com/news/articleView.html?idxno=85495
459,"'내수 반등' 쌍용차·르노삼성의 11월, 한국GM도 소폭 회복",http://www.newsprime.co.kr/news/article.html?no=557023
460,"르노삼성, 이달 이커머스 판촉 300대에 추가혜택",http://www.newsis.com/view/?id=NISX20211207_0001679158&cID=13001&pID=13000
461,"[카드] '트위지 기반' 투어지 스테이션 ""친환경 관광 앞장""",http://www.newsprime.co.kr/news/article.html?no=552898
462,국내 완성차업계 4월 판매 6.6%↓…부품난 장기화에도 해외서 선방,http://news.einfomax.co.kr/news/articleView.html?idxno=4212017
463,"""반도체 부족 여파 지속"" 4월 국내완성차 판매 전년대비 9.8% 감소",http://www.gpkorea.com/news/articleView.html?idxno=85495
464,"르노삼성자동차, 11월 총 1만7872대 판매…연중 최대 실적 달성",http://www.straightnews.co.kr/news/articleView.html?idxno=120709
465,"'내수 반등' 쌍용차·르노삼성의 11월, 한국GM도 소폭 회복",http://www.newsprime.co.kr/news/article.html?no=557023
466,"캠시스 쎄보-C, 초소형 전기차 1위… 르노 트위지도 제쳐",http://www.sisaweek.com/news/articleView.html?idxno=140738
467,"차야, 오토바이야?…'관광하다 구경거리' 르노삼성 야심작",http://www.edaily.co.kr/news/newspath.asp?newsid=01121766629245392
468,"르노삼성차, 부산 사회복지기관에 트위지·마스터 등 10억 원 상당 113대 기증",http://www.autodaily.co.kr/news/articleView.html?idxno=424298
469,"르노삼성차, 11월 '온라인 스페셜 픽' 프로모션 진행...차종 및 대상 확대",http://www.pinpointnews.co.kr/view.php?ud=2021110413135619179cdfed7945_45
470,"""QM6·XM3덕""르노삼성, 11월 1만7872대 판매…전년比121.4% ↑",http://www.edaily.co.kr/news/newspath.asp?newsid=03188166629274256
471,"캠시스 쎄보-C, 초소형 전기차 1위… 르노 트위지도 제쳐",http://www.sisaweek.com/news/articleView.html?idxno=140738
472,"차야, 오토바이야?…'관광하다 구경거리' 르노삼성 야심작",http://www.edaily.co.kr/news/newspath.asp?newsid=01121766629245392
473,"르노삼성차, 부산 사회복지기관에 트위지·마스터 등 10억 원 상당 113대 기증",http://www.autodaily.co.kr/news/articleView.html?idxno=424298
474,"르노삼성차, 11월 '온라인 스페셜 픽' 프로모션 진행...차종 및 대상 확대",http://www.pinpointnews.co.kr/view.php?ud=2021110413135619179cdfed7945_45
475,"초소형 전기차 르노 트위지…""'배달의 시대'에 최적화""",http://www.newstomato.com/ReadNews.aspx?no=1010637
476,"1대 공간에 3대, 르노 트위지는 주차난 해결사",http://news.mk.co.kr/news_forward.php?domain=news&no=1235073&year=2014
477,세금감면 막차 탈까…'XM3 하이브리드' 서두르는 르노삼성,https://www.hankyung.com/economy/article/202111020256g
478,"초소형 전기차 르노 트위지, 작아서 더 돋보이는 실용성",http://www.osen.co.kr/article/G1111481766
479,"""부산에서 생산한 트위지 유럽으로 첫 수출 시작""",http://www.leaders.kr/news/articleView.html?idxno=129236
480,"르노삼성차, 11월 1만7872대 판매…전년 동월比121.4%↑",http://www.nspna.com/news/?mode=view&newsid=541332
481,"캠시스 쎄보-C, 초소형 전기차 1위… 르노 트위지도 제쳐",http://www.sisaweek.com/news/articleView.html?idxno=140738
482,"차야, 오토바이야?…'관광하다 구경거리' 르노삼성 야심작",http://www.edaily.co.kr/news/newspath.asp?newsid=01121766629245392
483,"르노삼성차, 부산 사회복지기관에 트위지·마스터 등 10억 원 상당 113대 기증",http://www.autodaily.co.kr/news/articleView.html?idxno=424298
484,"르노삼성차, 11월 '온라인 스페셜 픽' 프로모션 진행...차종 및 대상 확대",http://www.pinpointnews.co.kr/view.php?ud=2021110413135619179cdfed7945_45
485,"초소형 전기차 르노 트위지…""'배달의 시대'에 최적화""",http://www.newstomato.com/ReadNews.aspx?no=1010637
486,"1대 공간에 3대, 르노 트위지는 주차난 해결사",http://news.mk.co.kr/news_forward.php?domain=news&no=1235073&year=2014
487,세금감면 막차 탈까…'XM3 하이브리드' 서두르는 르노삼성,https://www.hankyung.com/economy/article/202111020256g
488,"초소형 전기차 르노 트위지, 작아서 더 돋보이는 실용성",http://www.osen.co.kr/article/G1111481766
489,"""부산에서 생산한 트위지 유럽으로 첫 수출 시작""",http://www.leaders.kr/news/articleView.html?idxno=129236
490,"르노삼성, 11월 1만7872대 판매…""QM6·XM3로 연중 최대 실적""",http://news.mt.co.kr/mtview.php?no=2021120115220667438
491,"캠시스 쎄보-C, 초소형 전기차 1위… 르노 트위지도 제쳐",http://www.sisaweek.com/news/articleView.html?idxno=140738
492,"차야, 오토바이야?…'관광하다 구경거리' 르노삼성 야심작",http://www.edaily.co.kr/news/newspath.asp?newsid=01121766629245392
493,"르노삼성차, 부산 사회복지기관에 트위지·마스터 등 10억 원 상당 113대 기증",http://www.autodaily.co.kr/news/articleView.html?idxno=424298
494,"르노삼성차, 11월 '온라인 스페셜 픽' 프로모션 진행...차종 및 대상 확대",http://www.pinpointnews.co.kr/view.php?ud=2021110413135619179cdfed7945_45
495,"초소형 전기차 르노 트위지…""'배달의 시대'에 최적화""",http://www.newstomato.com/ReadNews.aspx?no=1010637
496,"1대 공간에 3대, 르노 트위지는 주차난 해결사",http://news.mk.co.kr/news_forward.php?domain=news&no=1235073&year=2014
497,세금감면 막차 탈까…'XM3 하이브리드' 서두르는 르노삼성,https://www.hankyung.com/economy/article/202111020256g
498,"초소형 전기차 르노 트위지, 작아서 더 돋보이는 실용성",http://www.osen.co.kr/article/G1111481766
499,"""부산에서 생산한 트위지 유럽으로 첫 수출 시작""",http://www.leaders.kr/news/articleView.html?idxno=129236
