,title,url
0,"“벤츠가 만들면 전설이 된다”...‘퓨전쿠페’ 벤츠 CLS, 아름다운 파괴자",https://www.mk.co.kr/economy/view/2022/399055
1,"내릴 때마다 ""아, 성공했구나""…'하차감 제왕' 벤츠S, '판매신화' 썼다 [왜몰랐을카]",http://news.mk.co.kr/newsRead.php?no=380110&year=2022
2,벤츠 세단·SUV 14만대 리콜…백업 카메라·접지 전선 이슈,https://news.koreadaily.com/2022/04/28/economy/economygeneral/20220428204536270.html
3,"심각한 반도체 수급난, 수입차 순위 1위 벤츠, 2위 테슬라...",http://www.mhns.co.kr/news/articleView.html?idxno=526039
4,"""MZ세대의 놀이터 될 것"" 벤츠 한성차, '즐거움·성장' 독려 마케팅 펼친다",http://www.autodaily.co.kr/news/articleView.html?idxno=433447
5,"벤츠, 후방카메라 ‘먹통’ 美서 14만대 리콜..한국은?",http://www.dailycar.co.kr/content/news.html?type=view&autoId=43992
6,더 잘달리는 벤츠 엔진의 비법은,http://news.bizwatch.co.kr/article/industry/2022/04/08/0020
7,"육중한 아름다움 간직한 벤츠 GLE 450, 폭발력은 덤[타봤어요]",http://www.edaily.co.kr/news/newspath.asp?newsid=01118486632267256
8,3월 수입차 2만4912대 판매…벤츠 1위,http://www.g-enews.com/ko-kr/news/article/news_all/2022040512233320427bdb7041ec_1/article.html
9,[핫이슈] '수입차 최강자' 벤츠 E클래스도 반도체 대란에 발목 잡혔다,https://www.news2day.co.kr/article/20211104500152
10,"더클래스효성, 이다연 프로 후원 연장",http://autotimes.hankyung.com/apps/news.sub_view?popup=0&nid=03&c1=03&c2=03&c3=00&nkey=202201111420241
11,작년 수입차 판매 역대 최다… ‘탑 10′ 중 5대는 벤츠,https://biz.chosun.com/industry/car/2022/01/05/L3JMCRGW3ZGVTAGITSNHG4LIDU/?utm_source=naver&utm_medium=original&utm_campaign=biz
12,지난해 수입차 27만 대 팔렸다…벤츠는 ‘1위’ 지켜,https://economist.co.kr/2022/01/05/industry/normal/20220105173447141.html
13,"10월 수입차 1만8764대 '22.6%↓'···BMW, 벤츠 체치고 1위",http://www.seoulfn.com/news/articleView.html?idxno=436543
14,하이브리드는 역시 일본?... 독일차 홍수 속 눈에 띄는 '렉서스',https://economist.co.kr/2022/04/27/industry/normal/20220427135908034.html
15,볼보 ‘조용한 질주’… 4월 수입차 판매 3위,http://www.fnnews.com/news/202205081800572468
16,"지난해 소비자 관심도 현대 '팰리세이드' 톱, 소비자 호감도 벤츠 'GLE클래스' 가장 높아",http://www.thebigdata.co.kr/view.php?ud=202001201032069205d0a8833aad_23
17,"더클래스 효성, 벤츠 ‘A클래스’·‘GLE’ 신형모델 론칭 이벤트",http://www.newstomato.com/ReadNews.aspx?no=921069
18,"""E클래스가 살렸다"" 3월 8,769대 출고한 벤츠, BMW 단숨에 역전",http://www.autodaily.co.kr/news/articleView.html?idxno=432670
19,"오토드림카, 벤츠E클래스·GLE·BMW·포드 수입차 오토리스 장기렌트 프로모션 가격비교 인기",http://www.mydaily.co.kr/new_yk/html/read.php?newsid=201908281556756194&ext=na
20,벤츠 질주에…브레이크 걸린 BMW,https://www.dnews.co.kr/uhtml/view.jsp?idxno=202107071428205190267
21,"12년 '열일' 보상··· 박기량, 회사서 1억원 상당 벤츠 받았다",http://www.getnews.co.kr/news/articleView.html?idxno=548146
22,벤츠 S클래스 2대 중 1대는 법인차…슈퍼카는 30%만 개인 소유,https://www.hankyung.com/economy/article/2022032974981
23,"벤츠코리아, A클래스.GLE.G클래스 등 11개의 신차 공개",http://www.autodaily.co.kr/news/articleView.html?idxno=408176
24,"[2019 서울모터쇼]벤츠, 'A클래스·더 뉴 GLE' 등 프리미어 모델 4종 공개",http://www.ekn.kr/news/article.html?no=421518
25,"데뷔 12주년 맞이한 박기량, 예상치도 못한 곳에서 '벤츠' 선물 받았다",https://www.wikitree.co.kr/articles/674985
26,"법인차도 벤츠 인기…E클래스, S클래스 나란히 1위",http://www.newspim.com/news/view/20220325000848
27,"[수입차 돌풍]벤츠 A클래스 세단·GLE, 날씨까지 알려주는 AI로 '정서 공감'",http://view.asiae.co.kr/news/view.htm?idxno=2019032110275885704
28,"""내릴때 더 뿌듯해, 이맛에 벤츠 탄다""…'에르메스급' S클래스, 품격도 판매도 '1호차' [세상만車]",https://premium.mk.co.kr/view.php?no=31627
29,벤츠 C클래스·GLE 등 8959대 리콜,http://www.cstimes.com/?mod=news&act=articleView&idxno=279202
30,10만대 육박 '잘 나가는 수입차'…벤츠 1~3위 휩쓸어,https://www.nocutnews.co.kr/news/5548121
31,벤츠-BMW 질주…현대차·기아 이어 내수 3·4위,http://www.fnnews.com/news/202105061002504854
32,"수입차판매 양극화 '벤츠-BMW 누가 막을쏘냐'...볼보, 3위 '점프'",http://www.gpkorea.com/news/articleView.html?idxno=84548
33,"[시승] 벤츠 '신형 E클래스', 디자인·엔진·MBUX 증강현실 등 '수입차 왕좌 다운 상품성'",http://www.autodaily.co.kr/news/articleView.html?idxno=423303
34,"[카 라이프] 벤츠 `더 뉴 GLE`, 시속 100km 넘어도 조용…정숙성 뛰어난 프리미엄 SUV",http://news.mk.co.kr/newsRead.php?no=47263&year=2020
35,'벤츠 vs BMW' 올해 승자는 누구,http://news.bizwatch.co.kr/article/industry/2022/04/07/0010
36,"'엎치락' 벤츠, '뒤치락' BMW…수입차 1위 경쟁 차이는 '단 99대'",http://www.newspim.com/news/view/20220406000412
37,반도체 대란 속 벤츠·BMW 독주 지속…3월 점유율 60% 넘겨,https://www.dailian.co.kr/news/view/1100043/?sc=Naver
38,"‘SUV계 S클래스’ 벤츠, GLS·GLE 쿠페 익스피리언스",http://car.donga.com/3/all/20161111/81278634/2
39,"벤츠, 2022년 부분변경 GLE 공개..달라지는 점은?",http://www.dailycar.co.kr/content/news.html?type=view&autoId=42193
40,"벤츠, 지난달 수입차 판매 1위… 테슬라 판매는 소폭 감소",https://biz.chosun.com/industry/car/2022/04/04/JSRBLCS4IFGGZIVOSRRY24MOAA/?utm_source=naver&utm_medium=original&utm_campaign=biz
41,"벤츠, G63 ·EQC·GLE 등 신차 7종 투입 계획..“멈추지 않는 공세!”",http://www.dailycar.co.kr/content/news.html?type=view&autoId=34263
42,"벤츠-BMW, 2022년 1분기 실적차 99대 '박빙'",http://www.econovill.com/news/articleView.html?idxno=571128
43,"3년간 1만대 팔린 벤츠 GLE, 신형 기세도 무섭다",http://autotimes.hankyung.com/apps/news.sub_view?popup=0&nid=03&c1=03&c2=03&c3=00&nkey=201910311015171
44,"[시승기]벤츠 GLE, E클래스 같이 안락한 SUV",http://www.edaily.co.kr/news/newspath.asp?newsid=01518646612520672
45,[시승기]벤츠 GLE클래스 ‘M의 유전자에 E의 안락함’,http://car.donga.com/3/all/20151207/75233490/3
46,[시승기] 우아한 오프로더…벤츠 G클래스·GLE,http://biz.newdaily.co.kr/news/article.html?no=10093234
47,"`격이 다른 SUV` 벤츠 GLE, 오프로드도 폼나고 편하게",http://news.mk.co.kr/newsRead.php?year=2019&no=691737
48,"벤츠, 고성능 GLE 63·GLB 45 스파이샷 포착..특징은?",http://www.dailycar.co.kr/content/news.html?type=view&autoId=34639
49,"[김훈기의 으라차차]미리 만나, 벤츠 ‘GLE·GLC 클래스’ 프리뷰",http://car.donga.com/3/all/20151201/75133340/3
50,"고가 법인차, 무슨 모델이 잘 팔렸나 봤더니…벤츠·BMW 인기",http://moneys.mt.co.kr/news/mwView.php?no=2022032517168089255
51,"G의 의지, 벤츠 GLA, GLC, GLE, GLS, G클래스",http://www.gqkorea.co.kr/?p=38926&_C_=18
52,M클래스 이상의 SUV…벤츠GLE 프리미엄 SUV 돌풍일으킬까,http://biz.heraldcorp.com/view.php?ud=20150622000665
53,눈길 달리는 벤츠 GLE F/L ‘작지만 큰 변화’,http://www.thedrive.co.kr/news/newsview.php?ncode=1065589997439405
54,"[서울모터쇼 기다리는 수입차] 벤츠 '더 뉴 GLE', E-액티브 보디 컨트롤 탑재...시속60㎞까지 반자율주행",https://www.sedaily.com/NewsView/1VGNFTQHAD
55,"[포토]벤츠 M클래스, '더 뉴 GLE'로 1월 출시",http://www.edaily.co.kr/news/newspath.asp?newsid=04362406609594584
56,"오토드림카, 2020 벤츠E클래스 E300 익스클루시브•아방가르드 벤츠 오토리스 특판",http://www.mydaily.co.kr/new_yk/html/read.php?newsid=201912271430657258&ext=na
57,"[2019 서울]벤츠, X5와 맞붙을 GLE 공개",http://autotimes.hankyung.com/apps/news.sub_view?popup=0&nid=07&c1=07&c2=07&c3=00&nkey=201903271531351
58,"오토드림카, 2020 벤츠 E클래스 300 아방가르드 익스클루시브 오토리스 특판",http://www.mydaily.co.kr/new_yk/html/read.php?newsid=201912201554443919&ext=na
59,프리미엄차 구입 제네시스 최종 경쟁상대는 벤츠. BMW는 2순위,http://www.autodaily.co.kr/news/articleView.html?idxno=425530
60,수입차 1위인데…“화재 위험” 벤츠 E·S클래스 6만 대 리콜,https://www.joongang.co.kr/article/25038327
61,"'베이비 S클래스' 벤츠, 신형 C클래스 예상도 등장...올 하반기 공개",http://www.autodaily.co.kr/news/articleView.html?idxno=417903
62,"벤츠 더클래스 효성, 스포츠 마케팅 강화",http://www.ezyeconomy.com/news/articleView.html?idxno=115764
63,"벤츠 튜닝쇼에도 참가…더클래스 효성, 오토살롱위크서 다양한 신차 전시",http://www.g-enews.com/ko-kr/news/article/news_all/20191005061004315250cb531085_1/article.html
64,"벤츠코리아, 냉각수 누출 인한 화재 위험성 이유로 E·S클래스 등 8개 차종 6만여대 리콜",http://www.newsworker.co.kr/news/articleView.html?idxno=143293
65,김지현 이다연 더클래스 효성 로고달고 벤츠 탄다,http://www.sportsseoul.com/news/read/907777?ref=naver
66,"오토드림카, 수입차리스 벤츠E클래스E300·E220d·C200 오토리스 장기렌트 9월 프로모션 할인",http://www.mydaily.co.kr/new_yk/html/read.php?newsid=201909061410903445&ext=na
67,"흔하디 흔한 벤츠 'E클래스', 디자인 이렇게 바뀐다...3월 제네바서 첫 공개",http://www.autodaily.co.kr/news/articleView.html?idxno=416017
68,"[사진으로 보는 파리모터쇼]벤츠, 신형 GLE부터 첫 전기차까지 공개",http://www.etnews.com/20181008000002
69,"""이 가격엔 '비교불가', 오감만족 SUV""…'벤츠심장' XM3 ""탈수록 건강해져요"" [왜몰랐을카]",http://news.mk.co.kr/newsRead.php?no=228360&year=2022
70,"BMW에 밀린 메르세데스-벤츠, 출고 정상화… 수입차 1위 복귀 ‘시동’",https://biz.chosun.com/industry/car/2022/02/24/GITR6HTXKVHMVKR7TKHMJRABKE/?utm_source=naver&utm_medium=original&utm_campaign=biz
71,수입차 최초로 단일 모델 10만대 돌파… 전문직 여성이 열광하는 벤츠 ‘E-클래스’,http://news.mk.co.kr/newsRead.php?year=2019&no=671450
72,[신차드라이브]'벤츠 A클래스' 3000만원대에 삼각별 누리다,http://www.etnews.com/20191114000155
73,"메르세데스-벤츠 코리아, 내비게이션 통해 '신속항원검사소' 정보 제공",http://kr.aving.net/news/view.php?articleId=1685296&Branch_ID=kr&rssid=naver&mn_name=news
74,"리더스카, 그랜저IG 제네시스G80 G90 K7 K9 벤츠e클래스 개인 법인사업자 리스 장기렌트 특판가격표 인기",http://www.mydaily.co.kr/new_yk/html/read.php?newsid=201908301308537763&ext=na
75,"벤츠 코리아, 이달 중 '더 뉴 GLS·GLE 쿠페' 국내 출시",http://www.zdnet.co.kr/ArticleView.asp?artice_id=20161010115029
76,벤츠 SUV 패밀리 `더뉴 GLS GLE쿠페` 출격준비 끝!,http://www.gpkorea.com/bbs/board.php?bo_table=gp_motorsports&wr_id=15973
77,"벤츠 코리아, 과징금 100억원…일부 E클래스 연비 부풀려",http://www.econovill.com/news/articleView.html?idxno=560629
78,"리스렌트닷컴 벤츠 C클래스,E클래스(e220d,e300)리스 ·장기렌트 프로모션 인기",http://www.gukjenews.com/news/articleView.html?idxno=1116291
79,혁신기술 담은 벤츠 '더 뉴 A클래스 세단' 아시아 최초 공개,http://news.hankyung.com/article/2019032651281
80,"오토드림카, 벤츠 E300 BMW 520d 수입차 오토리스 장기렌트 8월 할인",http://www.stardailynews.co.kr/news/articleView.html?idxno=278645
81,"전기모드 최대 66km 주행… 벤츠코리아, GLE 전동화 모델 첫선",https://www.donga.com/news/article/all/20210929/109475293/2
82,"[카닥터] 기분 좋은 변화, 메르세데스-벤츠 더 뉴 GLE",http://www.econovill.com/news/articleView.html?idxno=295897
83,"메르세데스-벤츠, 차량 시스템 통해 '코로나-19 신속항원검사소' 확인 및 길안내",http://www.sportsseoul.com/news/read/1100523?ref=naver
84,"오토드림카, 오토리스 벤츠E클래스 E300•E220d•C220d 수입차리스 장기렌트 8월 프로모션 할인",http://www.mydaily.co.kr/new_yk/html/read.php?newsid=201908081132626450&ext=na
85,"마이드림카, 2019 벤츠E클래스·렉서스ES300h·BMW520d 자동차리스 신차장기렌트 가격비교 할인 인기",http://www.gpkorea.com/news/articleView.html?idxno=47176
86,"올해도 가장 많이 팔렸다 국산차는 그랜저, 수입차는 벤츠 E클래스",https://www.chosun.com/economy/auto/2021/12/15/GTZ4HWAPIBH4XHPWGXQTYCUUVU/?utm_source=naver&utm_medium=referral&utm_campaign=naver-news
87,"마이드림카, 벤츠E클래스·렉서스ES300h·아우디A6 수입차리스 신차 장기렌트카 가격비교 특가 할인",http://www.gpkorea.com/news/articleView.html?idxno=46993
88,"오토드림카, 오토리스 벤츠E클래스E300·E220d·BMW520d 수입차리스장기렌트 프로모션 할인 가격비교",http://www.mydaily.co.kr/new_yk/html/read.php?newsid=201907261404161549&ext=na
89,"오토드림카, 수입차리스 벤츠E클래스E300·BMW520d 오토리스 장기렌트 7월 프로모션 할인 가격비교",http://www.mydaily.co.kr/new_yk/html/read.php?newsid=201907191626819031&ext=na
90,[맞수]격돌하는 프리미엄 SUV…벤츠 GLE vs. 렉서스 뉴RX,http://www.newspim.com/news/view/20160218000186
91,오토드림카 ‘2019 벤츠E클래스·디스커버리 스포츠’ 수입차리스 장기렌트 12월 프로모션 가격 할인,http://news.mtn.co.kr/newscenter/news_viewer.mtn?gidx=2018120714391360943
92,[주목! 이차] 벤츠 ‘더 뉴 메르세데스-AMG GLE 63 4MATIC’,http://www.sedaily.com/NewsView/1L1ADPZKOX
93,"오토드림카, '2019 벤츠E클래스·GLC 350e, BMW X5·X4' 수입차 리스 렌트 가격비교…12월 프로모션 할인",http://news.mtn.co.kr/newscenter/news_viewer.mtn?gidx=2018112917193432453
94,"BMW X6의 강력한 라이벌, 메르세데스 벤츠 GLE 및 GLE 63 AMG 공개",http://www.kbench.com/?q=node/148100
95,"오토드림카, '벤츠 E클래스E300·E220d, GLC350e' 수입차 리스 프로모션 할인가격 인기",http://www.gpkorea.com/news/articleView.html?idxno=47336
96,[시승기]벤츠SUV 'GLE'…70도 급경사길도 자유자재로,http://news1.kr/articles/?2294919
97,"오토드림카, 수입차 오토 리스·장기 렌트 '벤츠 BMW' 5월 프로모션 할인 인기",http://news.mtn.co.kr/newscenter/news_viewer.mtn?gidx=2020051110591818115
98,제네시스가 벤츠 눌렀다,http://sports.khan.co.kr/news/sk_index.html?art_id=202008171559003&sec_id=563002&pt=nv
99,"오토드림카, '벤츠 E클래스 300·BMW 520d' 수입차 자동차리스 신차장기렌트 할인 프로모션 인기",http://news.mtn.co.kr/newscenter/news_viewer.mtn?gidx=2018092813521561120
100,"벤츠 코리아, 차량 인포테인먼트 시스템 통해 ‘코로나19 신속항원검사소’ 정보 제공",http://www.segyebiz.com/newsView/20220224500466?OutUrl=naver
101,"""벤츠야, 코로나 신속항원검사소 알려줘""",https://www.hankyung.com/economy/article/202202232733g
102,"오토드림카, 오토리스 벤츠E클래스 E300•E220d•C220d 수입차리스 장기렌트 8월 프로모션 할인",http://www.mydaily.co.kr/new_yk/html/read.php?newsid=201908081132626450&ext=na
103,"마이드림카, 2019 벤츠E클래스·렉서스ES300h·BMW520d 자동차리스 신차장기렌트 가격비교 할인 인기",http://www.gpkorea.com/news/articleView.html?idxno=47176
104,"올해도 가장 많이 팔렸다 국산차는 그랜저, 수입차는 벤츠 E클래스",https://www.chosun.com/economy/auto/2021/12/15/GTZ4HWAPIBH4XHPWGXQTYCUUVU/?utm_source=naver&utm_medium=referral&utm_campaign=naver-news
105,"마이드림카, 벤츠E클래스·렉서스ES300h·아우디A6 수입차리스 신차 장기렌트카 가격비교 특가 할인",http://www.gpkorea.com/news/articleView.html?idxno=46993
106,"오토드림카, 오토리스 벤츠E클래스E300·E220d·BMW520d 수입차리스장기렌트 프로모션 할인 가격비교",http://www.mydaily.co.kr/new_yk/html/read.php?newsid=201907261404161549&ext=na
107,"메르세데스-벤츠, GLE 글로벌 첫선…명품 SUV 부활",http://news1.kr/articles/?2293232
108,"오토드림카, 수입차리스 벤츠E클래스E300·BMW520d 오토리스 장기렌트 7월 프로모션 할인 가격비교",http://www.mydaily.co.kr/new_yk/html/read.php?newsid=201907191626819031&ext=na
109,[맞수]격돌하는 프리미엄 SUV…벤츠 GLE vs. 렉서스 뉴RX,http://www.newspim.com/news/view/20160218000186
110,"벤츠, 차량 인포테인먼트 시스템 통해 코로나 19 신속항원검사소 정보 확인",http://www.autodaily.co.kr/news/articleView.html?idxno=431941
111,"오토드림카, 오토리스 벤츠E클래스 E300•E220d•C220d 수입차리스 장기렌트 8월 프로모션 할인",http://www.mydaily.co.kr/new_yk/html/read.php?newsid=201908081132626450&ext=na
112,"마이드림카, 2019 벤츠E클래스·렉서스ES300h·BMW520d 자동차리스 신차장기렌트 가격비교 할인 인기",http://www.gpkorea.com/news/articleView.html?idxno=47176
113,"올해도 가장 많이 팔렸다 국산차는 그랜저, 수입차는 벤츠 E클래스",https://www.chosun.com/economy/auto/2021/12/15/GTZ4HWAPIBH4XHPWGXQTYCUUVU/?utm_source=naver&utm_medium=referral&utm_campaign=naver-news
114,"마이드림카, 벤츠E클래스·렉서스ES300h·아우디A6 수입차리스 신차 장기렌트카 가격비교 특가 할인",http://www.gpkorea.com/news/articleView.html?idxno=46993
115,"오토드림카, 오토리스 벤츠E클래스E300·E220d·BMW520d 수입차리스장기렌트 프로모션 할인 가격비교",http://www.mydaily.co.kr/new_yk/html/read.php?newsid=201907261404161549&ext=na
116,"메르세데스-벤츠, GLE 글로벌 첫선…명품 SUV 부활",http://news1.kr/articles/?2293232
117,"오토드림카, 수입차리스 벤츠E클래스E300·BMW520d 오토리스 장기렌트 7월 프로모션 할인 가격비교",http://www.mydaily.co.kr/new_yk/html/read.php?newsid=201907191626819031&ext=na
118,[맞수]격돌하는 프리미엄 SUV…벤츠 GLE vs. 렉서스 뉴RX,http://www.newspim.com/news/view/20160218000186
119,오토드림카 ‘2019 벤츠E클래스·디스커버리 스포츠’ 수입차리스 장기렌트 12월 프로모션 가격 할인,http://news.mtn.co.kr/newscenter/news_viewer.mtn?gidx=2018120714391360943
120,"메르세데스-벤츠, 인포테인먼트 시스템으로 ‘코로나19 신속항원검사소’ 정보 제공",https://www.dnews.co.kr/uhtml/view.jsp?idxno=202202231511237010652
121,"오토드림카, 오토리스 벤츠E클래스 E300•E220d•C220d 수입차리스 장기렌트 8월 프로모션 할인",http://www.mydaily.co.kr/new_yk/html/read.php?newsid=201908081132626450&ext=na
122,"마이드림카, 2019 벤츠E클래스·렉서스ES300h·BMW520d 자동차리스 신차장기렌트 가격비교 할인 인기",http://www.gpkorea.com/news/articleView.html?idxno=47176
123,"올해도 가장 많이 팔렸다 국산차는 그랜저, 수입차는 벤츠 E클래스",https://www.chosun.com/economy/auto/2021/12/15/GTZ4HWAPIBH4XHPWGXQTYCUUVU/?utm_source=naver&utm_medium=referral&utm_campaign=naver-news
124,"마이드림카, 벤츠E클래스·렉서스ES300h·아우디A6 수입차리스 신차 장기렌트카 가격비교 특가 할인",http://www.gpkorea.com/news/articleView.html?idxno=46993
125,"오토드림카, 오토리스 벤츠E클래스E300·E220d·BMW520d 수입차리스장기렌트 프로모션 할인 가격비교",http://www.mydaily.co.kr/new_yk/html/read.php?newsid=201907261404161549&ext=na
126,"메르세데스-벤츠, GLE 글로벌 첫선…명품 SUV 부활",http://news1.kr/articles/?2293232
127,"오토드림카, 수입차리스 벤츠E클래스E300·BMW520d 오토리스 장기렌트 7월 프로모션 할인 가격비교",http://www.mydaily.co.kr/new_yk/html/read.php?newsid=201907191626819031&ext=na
128,[맞수]격돌하는 프리미엄 SUV…벤츠 GLE vs. 렉서스 뉴RX,http://www.newspim.com/news/view/20160218000186
129,오토드림카 ‘2019 벤츠E클래스·디스커버리 스포츠’ 수입차리스 장기렌트 12월 프로모션 가격 할인,http://news.mtn.co.kr/newscenter/news_viewer.mtn?gidx=2018120714391360943
130,"오토드림카, 수입차리스 벤츠E클래스E300·BMW520d 오토리스 장기렌트 7월 프로모션 할인 가격비교",http://www.mydaily.co.kr/new_yk/html/read.php?newsid=201907191626819031&ext=na
131,[맞수]격돌하는 프리미엄 SUV…벤츠 GLE vs. 렉서스 뉴RX,http://www.newspim.com/news/view/20160218000186
132,오토드림카 ‘2019 벤츠E클래스·디스커버리 스포츠’ 수입차리스 장기렌트 12월 프로모션 가격 할인,http://news.mtn.co.kr/newscenter/news_viewer.mtn?gidx=2018120714391360943
133,[주목! 이차] 벤츠 ‘더 뉴 메르세데스-AMG GLE 63 4MATIC’,http://www.sedaily.com/NewsView/1L1ADPZKOX
134,"오토드림카, '2019 벤츠E클래스·GLC 350e, BMW X5·X4' 수입차 리스 렌트 가격비교…12월 프로모션 할인",http://news.mtn.co.kr/newscenter/news_viewer.mtn?gidx=2018112917193432453
135,"BMW X6의 강력한 라이벌, 메르세데스 벤츠 GLE 및 GLE 63 AMG 공개",http://www.kbench.com/?q=node/148100
136,"오토드림카, '벤츠 E클래스E300·E220d, GLC350e' 수입차 리스 프로모션 할인가격 인기",http://www.gpkorea.com/news/articleView.html?idxno=47336
137,[시승기]벤츠SUV 'GLE'…70도 급경사길도 자유자재로,http://news1.kr/articles/?2294919
138,"벤츠, 인포테인먼트 MBUX에 ‘코로나-19 신속항원검사소’ 보인다",http://sports.khan.co.kr/news/sk_index.html?art_id=202202231452003&sec_id=563002&pt=nv
139,"오토드림카, 수입차 오토 리스·장기 렌트 '벤츠 BMW' 5월 프로모션 할인 인기",http://news.mtn.co.kr/newscenter/news_viewer.mtn?gidx=2020051110591818115
140,제네시스가 벤츠 눌렀다,http://sports.khan.co.kr/news/sk_index.html?art_id=202008171559003&sec_id=563002&pt=nv
141,"오토드림카, '벤츠 E클래스 300·BMW 520d' 수입차 자동차리스 신차장기렌트 할인 프로모션 인기",http://news.mtn.co.kr/newscenter/news_viewer.mtn?gidx=2018092813521561120
142,"오토드림카, 2019 벤츠E클래스 BMW520d 수입차리스 자동차 장기렌트 프로모션 가격 할인",http://www.gpkorea.com/news/articleView.html?idxno=44135
143,"오토드림카, '벤츠E클래스 BMW520d·520i·530i' 수입차 리스 장기렌트카 프로모션 주목",http://news.mtn.co.kr/newscenter/news_viewer.mtn?gidx=2018091910295630088
144,"오토드림카, 벤츠·BMW·아우디 수입차 오토리스 장기렌트 5월 할인 프로모션",http://news.mtn.co.kr/newscenter/news_viewer.mtn?gidx=2020042910223354890
145,"오토드림카, 2019 벤츠E클래스 E300·220d C200·C220d 수입차리스 장기렌트 프로모션 할인",http://www.gpkorea.com/news/articleView.html?idxno=45391
146,"오토드림카, 벤츠 E클래스·C클래스 BMW 수입차 리스 신차 장기렌트 11월 프로모션 가격 할인",http://www.gpkorea.com/news/articleView.html?idxno=45319
147,"오토드림카, 2019 벤츠 E클래스300·200 신형 C클래스220d 리스 장기렌트 수입차 프로모션 할인 가격",http://www.gpkorea.com/news/articleView.html?idxno=45213
148,"`리스랑 렌트랑`, 벤츠 BMW 수입차 자동차리스 8월 프로모션 선봬",http://www.dt.co.kr/contents.html?article_no=2020082002109919029013&ref=naver
149,"""널린 게 벤츠·BMW·포르쉐""라더니…'1억' 넘어야 수입차 대접받겠네 [세상만車]",https://premium.mk.co.kr/view.php?no=31425
150,"‘리더스카’ 2019 제네시스G80 G90·수입차 벤츠 E클래스·BMW X3 X4 X5, 자동차 리스 장기렌트 특판 프로모션",http://news.mtn.co.kr/newscenter/news_viewer.mtn?gidx=2019051012522811322
151,"오토드림카, 수입차리스 장기렌트 '벤츠 E클래스·BMW·아우디·폭스바겐' 가격 할인 특판 프로모션",http://news.mtn.co.kr/newscenter/news_viewer.mtn?gidx=2018101910493552520
152,"오토드림카, '벤츠 E클래스 300·BMW 520d' 수입차 자동차리스 신차 장기렌트 할인 프로모션 인기",http://news.mtn.co.kr/newscenter/news_viewer.mtn?gidx=2018101015512061085
153,"오토드림카, 2019 벤츠E클래스 BMW 아우디 폭스바겐 수입차 리스 장기렌트 가격 할인 프로모션 인기",http://www.gpkorea.com/news/articleView.html?idxno=44517
154,"오토드림카, '벤츠E클래스 300 · BMW 520d' 등 수입차 리스 장기렌트 가격 할인 프로모션 인기",http://news.mtn.co.kr/newscenter/news_viewer.mtn?gidx=2018100416150366064
155,“총 소리가 들려” 2억 달러 소송당한 벤츠,http://www.thedrive.co.kr/news/newsview.php?ncode=1065576716141730
156,"오토드림카, 2019 벤츠E클래스·렉서스·아우디 자동차리스 신차장기렌트 가격비교 컨설팅 인기",http://www.gpkorea.com/news/articleView.html?idxno=47694
157,"제네시스, 벤츠와 美서 격돌… ""올 가을 G80·GV80 출시""",http://moneys.mt.co.kr/news/mwView.php?no=2020081416298035981
158,"오토드림카, 5월 벤츠 BMW 수입차 오토리스 장기렌트 할인 프로모션 선보여",http://news.mtn.co.kr/newscenter/news_viewer.mtn?gidx=2020050415541593616
159,"벤츠, '7년 연속 판매 1위' BMW 기록 깰까...1만 대 격차 벌려 무난할 듯",http://www.consumernews.co.kr/news/articleView.html?idxno=641672
160,"[리뷰] 대담한 디자인, 강력한 퍼포먼스의 메르세데스-AMG GLE 53 4Matic+",http://www.hankookilbo.com/news/npath/201907110990337997?did=NA
161,"마이드림카, 벤츠•아우디•BMW 개인사업자 법인 자동차리스 장기렌트 가격비교 할인",http://www.mydaily.co.kr/new_yk/html/read.php?newsid=201912181532704316&ext=na
162,"오토드림카, 2020 벤츠E250•아우디A6 수입차 오토리스 렌트 프로모션 할인",http://www.mydaily.co.kr/new_yk/html/read.php?newsid=201912171654229129&ext=na
163,제네시스 EQ900·벤츠 S클래스..디자인 경쟁력 ‘으뜸’,http://www.dailycar.co.kr/content/news.html?type=view&autoId=31235
164,"오토드림카, 수입차 자동차리스 2020 벤츠E300•BMW520d 프로모션 1월 할인",http://www.mydaily.co.kr/new_yk/html/read.php?newsid=202001031352609202&ext=na
165,"오토드림카, 2020 벤츠E250•아우디A6 수입차 오토리스 장기렌트 12월 할인",http://www.mydaily.co.kr/new_yk/html/read.php?newsid=201912061629455194&ext=na
166,"오토드림카, 2018 벤츠 E클래스 BMW 520d 수입차리스 장기렌트카 프로모션 실시",http://it.chosun.com/news/article.html?no=2849924
167,"오토드림카, 벤츠E300·아우디A6 오토리스 장기렌트 12월 할인",http://www.kidd.co.kr/news/212411
168,"오토드림카, 벤츠 BMW 수입차 오토리스 장기렌트 가격비교 프로모션 할인",http://news.mtn.co.kr/newscenter/news_viewer.mtn?gidx=2020041717355220571
169,"오토드림카, 수입차오토리스 벤츠E250•아우디A6 리스장기렌트 12월 할인 프로모션",http://www.mydaily.co.kr/new_yk/html/read.php?newsid=201912021347396332&ext=na
170,품귀사태 ‘벤츠 E클래스’ 없어서 못 판다,http://www.newspim.com/news/view/20180906000170
171,"오토드림카, 수입차오토리스 벤츠E250•BMW520d 신차장기렌트 가격비교 할인 프로모션",http://www.mydaily.co.kr/new_yk/html/read.php?newsid=201911251504911463&ext=na
172,"오토드림카, 벤츠 E300 E220d GLC 수입차 오토리스 장기렌트 3월 할인",http://www.koreadaily.com/news/read.asp?art_id=8170189
173,"오토드림카,벤츠E220d E300GLC수입차오토리스 장기렌트 할인 프로모션",http://www.koreadaily.com/news/read.asp?art_id=8160013
174,"오토드림카, 수입차오토리스 벤츠E250•아우디A6 신차장기렌트 11월 프로모션 할인",http://www.mydaily.co.kr/new_yk/html/read.php?newsid=201911181358727293&ext=na
175,고급차 시장 강자는 '제네시스'…벤츠·BMW에 압승,http://isplus.live.joins.com/news/article/article.asp?total_id=24190184
176,"오토드림카, 아우디A6•벤츠E250 수입차오토리스 신차장기렌트 가격비교 할인",http://www.mydaily.co.kr/new_yk/html/read.php?newsid=201911121619953857&ext=na
177,"더클래스 효성, KLPGA 프로골퍼 이다연 후원 협약 진행",http://www.efnews.co.kr/news/articleView.html?idxno=93787
178,"오토드림카, 벤츠E300•아우디A6 수입차 오토리스 장기렌트 11월 할인 특판 프로모션",http://www.mydaily.co.kr/new_yk/html/read.php?newsid=201911041627127671&ext=na
179,"오토드림카, 오토리스 벤츠E300•BMW520d 수입차리스 장기렌트 할인 프로모션",http://www.mydaily.co.kr/new_yk/html/read.php?newsid=201910301322813128&ext=na
180,"오토드림카, 2020 벤츠E300•BMW520d•아우디A6 수입차오토리스 장기렌트 프로모션 할인",http://www.mydaily.co.kr/new_yk/html/read.php?newsid=201910231607386356&ext=na
181,"오토드림카, 수입차리스 벤츠E클래스·BMW520d·X5·X6 리스장기렌트 프로모션 할인",http://www.gpkorea.com/news/articleView.html?idxno=41989
182,올해 임기 만료 앞 둔 실라키스 벤츠코리아 대표…유종의 미 거둘까,http://www.newstomato.com/ReadNews.aspx?no=964041
183,"오토드림카, 수입차리스 BMW520d•530i•벤츠E300•E220d 오토리스 장기렌트 10월 프로모션 할인",http://www.mydaily.co.kr/new_yk/html/read.php?newsid=201910161426401522&ext=na
184,"오토드림카, 자동차리스 벤츠E300•E220d•BMW520d•320d 수입차리스 신차 장기렌트 할인 프로모션",http://www.mydaily.co.kr/new_yk/html/read.php?newsid=201910111520722889&ext=na
185,"오토드림카, 수입차리스 벤츠E300•E220d•BMW520d•320d 개인법인리스 장기렌트 10월 프로모션 할인",http://www.mydaily.co.kr/new_yk/html/read.php?newsid=201910101739106212&ext=na
186,"오토드림카, 수입차리스 벤츠E300·E220d·BMW520d·320d 오토리스 장기렌트 10월 프로모션 할인",http://www.mydaily.co.kr/new_yk/html/read.php?newsid=201910041516856740&ext=na
187,"오토드림카, 벤츠E300·E220d·C200·BMW520d 수입차 오토리스장기렌트 10월 프로모션 할인",http://www.mydaily.co.kr/new_yk/html/read.php?newsid=201910021549783749&ext=na
188,"오토드림카, 수입차리스 벤츠E300•C200•BMW520d•320d 오토리스 장기렌트 프로모션 할인",http://www.mydaily.co.kr/new_yk/html/read.php?newsid=201909271419992600&ext=na
189,"[2019 서울모터쇼] 벤츠, A클래스·EQ 실버애로우 등 신차 대거 발표",http://www.rpm9.com/news/article.html?id=20190402090032
190,"오토드림카, 수입차리스 벤츠E300·E220d·BMW520d 오토리스장기렌트 가격비교 프로모션 할인",http://www.mydaily.co.kr/new_yk/html/read.php?newsid=201909231517341038&ext=na
191,"오토드림카, 오토리스 벤츠E300·E220d·BMW520d 수입차리스 장기렌트 9월 프로모션 할인",http://www.mydaily.co.kr/new_yk/html/read.php?newsid=201909201559971240&ext=na
192,"현대차ㆍ벤츠, 2021년 왕좌…베스트셀링카도 석권",https://www.dnews.co.kr/uhtml/view.jsp?idxno=202201051255000580082
193,국내 수입차 판매량 톱10에 벤츠만 4종...BMW는 뭐하나?,http://www.pinpointnews.co.kr/view.php?ud=2022010510023965275d46bea725_45
194,벤츠 운행 중 화재 비상…냉각 펌프 과열 가능성,http://www.delighti.co.kr/news/articleView.html?idxno=32456
195,"더클래스 효성, KLPGA 프로골퍼 이다연 후원 협약",https://www.dnews.co.kr/uhtml/view.jsp?idxno=202201111357323000384
196,<시승기> 'SUV의 S클래스' 벤츠 '더 뉴 GLS',http://app.yonhapnews.co.kr/YNA/Basic/SNS/r.aspx?c=AKR20161111128900003&did=1195m
197,"[Biz & Now] 냉각수 유출로 화재위험, 벤츠 8개 차종 6만대 리콜",https://www.joongang.co.kr/article/25038524
198,벤츠 공화국? 국내 수입차 판매량 톱10에 벤츠만 4종,https://www.chosun.com/economy/auto/2022/01/04/CA3TGPZ7SZCMRJZ3ESYXMHL26M/?utm_source=naver&utm_medium=referral&utm_campaign=naver-news
199,"""무섭다, '묻지마 벤츠사랑'에 또다시 판매신화""…'뒤끝작렬' BMW ""두고보자"" [세상만車]",https://premium.mk.co.kr/view.php?no=31319
200,"[Biz & Now] 냉각수 유출로 화재위험, 벤츠 8개 차종 6만대 리콜",https://www.joongang.co.kr/article/25038524
201,벤츠 공화국? 국내 수입차 판매량 톱10에 벤츠만 4종,https://www.chosun.com/economy/auto/2022/01/04/CA3TGPZ7SZCMRJZ3ESYXMHL26M/?utm_source=naver&utm_medium=referral&utm_campaign=naver-news
202,"""무섭다, '묻지마 벤츠사랑'에 또다시 판매신화""…'뒤끝작렬' BMW ""두고보자"" [세상만車]",https://premium.mk.co.kr/view.php?no=31319
203,"오토드림카, 수입차리스 벤츠E300•E220d•BMW520d 오토리스 장기렌트 8월 프로모션 할인 가격비교",http://www.mydaily.co.kr/new_yk/html/read.php?newsid=201908161521123929&ext=na
204,"'판매 급감' 르·쌍·쉐, 벤츠·BMW에 밀렸다",http://www.newstomato.com/ReadNews.aspx?no=1098583&inflow=N
205,"2021 수입차 판매량 보니...벤츠 6년째 1위, 지프·볼보·BMW 큰 폭 상승, 쉐보레 1만대 클럽 탈락",http://www.consumernews.co.kr/news/articleView.html?idxno=640906
206,"더클래스 효성, KLPGA 프로골퍼 이다연 후원 협약식 진행...3년 후원 연장",http://thepublic.kr/news/newsview.php?ncode=1065593854707673
207,벤츠·BMW·수입자동차 프로모션 판매조건 전액할부 자동차리스 장기렌트 '신차114',http://www.gukjenews.com/news/articleView.html?idxno=1163958
208,"다임러, 메르세데스 벤츠 화재 위험 경고...냉각수 펌프 결함",https://biz.sbs.co.kr/article_hub/20000045139?division=NAVER
209,"‘리더스카’, 제네시스G80 G90 수입차 벤츠 BMW 개인 및 법인 개인사업자 리스 장기렌트 상품 선보여",http://www.mydaily.co.kr/new_yk/html/read.php?newsid=201911221558374745&ext=na
210,"‘리더스카’, 제네시스G80 G90 수입차 벤츠 BMW 개인 및 법인 개인사업자 리스 장기렌트 상품 선보여",http://www.mydaily.co.kr/new_yk/html/read.php?newsid=201911221558374745&ext=na
211,"리더스카’, 제네시스G80 G90 수입차 벤츠 BMW 개인 및 법인 개인사업자 리스 장기렌트 특판조건 선보여",http://www.mydaily.co.kr/new_yk/html/read.php?newsid=201911150949235355&ext=na
212,"‘리더스카’, 제네시스G80 G90 수입차 벤츠 BMW 법인 및 개인사업자 리스 장기렌트 특판가격 인기",http://www.mydaily.co.kr/new_yk/html/read.php?newsid=201911081729965148&ext=na
213,"이다연, 더클래스 효성과 후원 계약 3년 연장",http://www.fnnews.com/news/202201121220578900
214,"‘리더스카’, 제네시스G80 G90 수입차 벤츠 BMW 법인 및 개인사업자 리스 장기렌트 특판할인 가격표 선보여",http://www.mydaily.co.kr/new_yk/html/read.php?newsid=201911011425518287&ext=na
215,"더클래스 효성, KLPGA 프로골퍼 이다연 후원 협약식",http://www.newsis.com/view/?id=NISX20220111_0001720527&cID=13001&pID=13000
216,"‘리더스카’, 2020년형 현대 기아차 제네시스 벤츠 BMW 법인 및 개인 사업자 리스 장기렌트 할인상품 선보여",http://www.mydaily.co.kr/new_yk/html/read.php?newsid=202001101501254970&ext=na
217,"수입차 1등 벤츠, '신형 SUV 출시'예고…어떤 차 나오나?",http://www.mediapen.com/news/view/441010
218,"[IAA2019] BMW, 벤츠, 포르쉐…독일 3사 쿠페형 SUV 몸매 대결",http://www.digitaltoday.co.kr/news/articleView.html?idxno=215070
219,"‘리더스카’, 2020년형 제네시스 그랜져IG 벤츠 BMW 법인 및 개인 사업자 리스 장기렌트 특판가격조건 인기",http://www.mydaily.co.kr/new_yk/html/read.php?newsid=202001031348325844&ext=na
220,"‘리더스카’, 2020년형 현대 기아차 제네시스 벤츠 BMW 법인 및 개인 사업자 리스 장기렌트 할인상품 선보여",http://www.mydaily.co.kr/new_yk/html/read.php?newsid=202001101501254970&ext=na
221,"더클래스 효성, KLPGA 프로골퍼 이다연 후원 협약식 진행",http://www.segyebiz.com/newsView/20220111517555?OutUrl=naver
222,"수입차 1등 벤츠, '신형 SUV 출시'예고…어떤 차 나오나?",http://www.mediapen.com/news/view/441010
223,"[IAA2019] BMW, 벤츠, 포르쉐…독일 3사 쿠페형 SUV 몸매 대결",http://www.digitaltoday.co.kr/news/articleView.html?idxno=215070
224,"‘리더스카’, 2020년형 제네시스 그랜져IG 벤츠 BMW 법인 및 개인 사업자 리스 장기렌트 특판가격조건 인기",http://www.mydaily.co.kr/new_yk/html/read.php?newsid=202001031348325844&ext=na
225,"‘리더스카’, 제네시스G80 G80 K9 수입차 벤츠 BMW 지프 법인 개인사업자 리스 장기렌트 특가할인 선보여",http://www.mydaily.co.kr/new_yk/html/read.php?newsid=201910181558421465&ext=na
226,"""캠핑엔 SUV지""…쏘렌토 찾던 '슬의생' 채송화, 이젠 벤츠 GLE 탄다",https://www.hankyung.com/life/article/202106184346g
227,"오토드림카, 수입차리스 벤츠E300·E220d·BMW520d·520i 오토리스 장기렌트 프로모션 할인",http://www.mydaily.co.kr/new_yk/html/read.php?newsid=201908221600764967&ext=na
228,"국토부, 도심연비 과대 포장한 벤츠에 과징금 100억",https://www.etoday.co.kr/news/view/2091761
229,"‘리더스카’, 2020 제네시스 그랜져IG 벤츠 BMW 개인 법인 사업자 자동차 리스 장기렌트 특판가격표 인기",http://www.mydaily.co.kr/new_yk/html/read.php?newsid=201912171515603368&ext=na
230,"‘리더스카’, 2020 제네시스 그랜져IG 벤츠 BMW 개인 법인 사업자 자동차 리스 장기렌트 특판가격표 인기",http://www.mydaily.co.kr/new_yk/html/read.php?newsid=201912171515603368&ext=na
231,"벤츠 E클래스, 차 보험료 최고…인기 차종 평균 프리미엄 비교",http://www.koreadaily.com/news/read.asp?art_id=6041568
232,"‘리더스카’, 2020 그랜저IG 제네시스 벤츠 BMW 법인 개인사업자 자동차 리스 장기렌트 특판가격 선보여",http://www.mydaily.co.kr/new_yk/html/read.php?newsid=201912091640923175&ext=na
233,"‘리더스카’, 2020년형 더뉴 그랜저IG 제네시스 벤츠 BMW 개인 및 법인 개인사업자 리스 장기렌트 특판가격 선보여",http://www.mydaily.co.kr/new_yk/html/read.php?newsid=201912061425534784&ext=na
234,"더클래스 효성, 이다연 KLPGA 프로골퍼 후원 협약",http://www.thebigdata.co.kr/view.php?ud=2022011116570040989071791b3a_23
235,"'슬의생2' 채송화, GLE 뽑았네…벤츠, 드라마 제작지원",https://www.econovill.com/news/articleView.html?idxno=537195
236,"‘리더스카’, 2020 더뉴 그랜져IG 제네시스 벤츠 BMW 개인 및 법인 개인사업자 리스 장기렌트 특가 선보여",http://www.mydaily.co.kr/new_yk/html/read.php?newsid=201911291506835424&ext=na
237,'코로나19 및 차박 트렌드 확산에 'GV80' 관심도 '톱',http://www.efnews.co.kr/news/articleView.html?idxno=86483
238,리스렌트닷컴 BMW 벤츠 5월 프로모션 5시리즈 장기렌트 리스 견적비교 가능해,http://www.gukjenews.com/news/articleView.html?idxno=1117654
239,벤츠 SUV - G클래스 시승기… 한바퀴만 땅에 닿아도 거친 길 ‘질주’,http://news.khan.co.kr/kh_news/khan_art_view.html?artid=201512022335555&code=920508
240,리스렌트닷컴 BMW 벤츠 5월 프로모션 5시리즈 장기렌트 리스 견적비교 가능해,http://www.gukjenews.com/news/articleView.html?idxno=1117654
241,벤츠 SUV - G클래스 시승기… 한바퀴만 땅에 닿아도 거친 길 ‘질주’,http://news.khan.co.kr/kh_news/khan_art_view.html?artid=201512022335555&code=920508
242,벤츠가 만들면 픽업 트럭도 럭셔리? X클래스 콘셉트,http://www.osen.co.kr/article/G1110531505
243,벤츠 S클래스-포르쉐 마칸 등 14개 차종 7597대 리콜,http://www.gpkorea.com/news/articleView.html?idxno=78629
244,"이익준은 ‘CLS’, 채송화는 ‘더 뉴 GLE’… 벤츠 코리아, ‘슬기로운 의사생활 시즌2’ 지원",http://www.segyebiz.com/newsView/20210618513708?OutUrl=naver
245,"오토드림카, 벤츠E300·E220d·GLC350e 수입차리스 신차장기렌트카 가격 할인 프로모션 선봬",http://news.mtn.co.kr/newscenter/news_viewer.mtn?gidx=2019013116123797375
246,올해 베스트셀링카는 현대차 그랜저…수입차는 벤츠 E클래스,http://www.fnnews.com/news/202109171450250443
247,"벤츠, 韓 수입차 시장 1위 굳히기에 나서",http://www.g-enews.com/ko-kr/news/article/news_all/20190504024926828750cb531085_1/article.html
248,"오토드림카, 수입차리스 벤츠E300·E220d·BMW520d 오토리스 장기렌트 8월 프로모션 할인 가격비교",http://www.mydaily.co.kr/new_yk/html/read.php?newsid=201908071355138721&ext=na
249,"오토드림카, 수입차리스 벤츠E300·E220d·BMW520d 오토리스 장기렌트 8월 프로모션 할인",http://www.mydaily.co.kr/new_yk/html/read.php?newsid=201908021116191551&ext=na
250,"오토드림카, 수입차리스 벤츠E300·E220d·BMW520d 오토리스 장기렌트 8월 프로모션 할인",http://www.mydaily.co.kr/new_yk/html/read.php?newsid=201908021116191551&ext=na
251,"오토드림카, 수입차리스 벤츠E300·E220d·BMW520d 오토리스 장기렌트 가격비교 프로모션 할인",http://www.mydaily.co.kr/new_yk/html/read.php?newsid=201907261400494414&ext=na
252,"오토드림카, BMW520d·320d·벤츠E300·C220d 수입차 오토리스장기렌트 가격비교 프로모션 할인",http://www.mydaily.co.kr/new_yk/html/read.php?newsid=201907241423928585&ext=na
253,"벤츠-BMW, 벌어지는 플래그십 격차…S클래스 쾌속질주",https://www.dnews.co.kr/uhtml/view.jsp?idxno=202109120845497860128
254,"오토드림카, 벤츠E300•E220d•BMW520d 수입차리스 가격비교 오토리스 장기렌트 프로모션 할인",http://www.mydaily.co.kr/new_yk/html/read.php?newsid=201907180925878524&ext=na
255,"오토드림카, 벤츠E300·E220d BMW 랜드로버 수입차 자동차리스 장기렌트 프로모션 할인 인기",http://www.gpkorea.com/news/articleView.html?idxno=46218
256,"'리더스카', 제네시스G70 G80 G90 K9 수입차 벤츠 BMW 자동차 리스 장기렌트카 특판 가격표 인기",http://www.mydaily.co.kr/new_yk/html/read.php?newsid=201908051138774718&ext=na
257,"오토드림카, 수입차리스 장기렌트 2019 벤츠E220d·E300 GLC350e 리스 가격표비교 프로모션 할인",http://www.gpkorea.com/news/articleView.html?idxno=46077
258,"오토드림카, 벤츠E300·E220d 아우디A6 수입차리스 장기렌트 가격표비교 12월 프로모션 가격할인",http://www.gpkorea.com/news/articleView.html?idxno=45991
259,"오토드림카, 벤츠 E300·E220d·GLC350e·CLS400d 수입차리스 장기렌트 프로모션 가격할인",http://news.mtn.co.kr/newscenter/news_viewer.mtn?gidx=2019011816180917437
260,GV80 풀옵션 가격은 9000만원…벤츠·BMW·아우디에 가격경쟁력 '자신감',http://www.fntimes.com/html/view.php?ud=202001151531436287de3572ddd_18
261,"리더스카, 제네시스G80 G90 K7 K9 수입차 벤츠 BMW 자동차 리스 장기렌트 특판견적 가격표 선보여",http://www.mydaily.co.kr/new_yk/html/read.php?newsid=201907121432781060&ext=na
262,'리스렌트닷컴 BMW · 벤츠· 포르쉐 등 6월 판매조건 및 프로모션 비공식할인조회 서비스인기,http://www.gukjenews.com/news/articleView.html?idxno=1130056
263,"수입차 오토리스 장기렌트 가격비교 오토드림카, 벤츠E300·E220d·C220d 리스 할인 프로모션",http://news.mtn.co.kr/newscenter/news_viewer.mtn?gidx=2018112313483572167
264,"'아이젠카' 롯데렌터카 및 10개캐피탈사 통합가격비교로 초저가 견적, 신차장기렌트카 및 자동차리스 현대기아, 벤츠,bmw 특가 인기차종 프로모션공개",http://www.jejuilbo.net/news/articleView.html?idxno=121509
265,"BMW, 벤츠 제치고 11월 수입차 1위",http://www.fnnews.com/news/202112051723101361
266,"오토드림카, 신형 2019 벤츠·BMW·아우디 등 수입차 자동차리스 신차장기렌트 가격 할인 프로모션",http://news.mtn.co.kr/newscenter/news_viewer.mtn?gidx=2018110213494132464
267,"리더스카, '현대 제네시스G80 G90 G70 수입차 벤츠 BMW 지프' 리스 장기렌트 특판가 선보여",http://news.mtn.co.kr/newscenter/news_viewer.mtn?gidx=2019052417123351103
268,"리더스카, 고급 세단 '제네시스 K9'·수입차 '벤츠 BMW 520d X3 X4 X5' 자동차 리스 장기 렌트 저렴한 할인가 선보여",http://news.mtn.co.kr/newscenter/news_viewer.mtn?gidx=2019051715543938117
269,"벤츠 S클래스, 포르쉐 마칸 등 3개사 14개 차종 7,597대 리콜",http://www.autodaily.co.kr/news/articleView.html?idxno=429820
270,"그랜저·E클래스, 올해도 판매 1위 예약",http://www.newstomato.com/ReadNews.aspx?no=1091916&inflow=N
271,"오토드림카, 2019 벤츠 BMW 아우디 수입차 리스 장기렌트 10월 할인 프로모션 선봬",http://www.gpkorea.com/news/articleView.html?idxno=44301
272,"리더스카, '현대차·기아차·쌍용차, 수입차 벤츠·BMW·볼보' 자동차 리스 장기 렌트 특판가 선보여",http://news.mtn.co.kr/newscenter/news_viewer.mtn?gidx=2019050314510631176
273,"리더스카, '현대차 제네시스·기아차 K7 K9· 수입차 벤츠·BMW·볼보' 자동차 리스 장기 렌트 특판 프로모션 진행",http://news.mtn.co.kr/newscenter/news_viewer.mtn?gidx=2019042615035520908
274,"[리뷰] 메르세데스-벤츠, 상품성 더한 '2020 GLC' 공개",http://www.hankookilbo.com/news/npath/201903301361063288?did=NA
275,"‘리더스카’ 국산차 제네시스G80·G90·G70, 수입차 벤츠·BMW·볼보 자동차 리스 장기렌트 특판가격표 선봬",http://news.mtn.co.kr/newscenter/news_viewer.mtn?gidx=2019041915350863713
276,벤츠 S클래스·포르쉐 마칸 등 14개 차종 7597대 리콜,http://www.dt.co.kr/contents.html?article_no=2021100702109932064006&ref=naver
277,"리더스카, ‘제네시스G80·G90·렉스턴스포츠칸, 수입차 벤츠·BMW·볼보’ 자동차 리스 장기렌트 특판 인기",http://news.mtn.co.kr/newscenter/news_viewer.mtn?gidx=2019041214252817838
278,"리더스카, '제네시스G80 G90·K9·벤츠·BMW·볼보' 자동차 리스 장기렌트 특판 프로모션 선보여",http://news.mtn.co.kr/newscenter/news_viewer.mtn?gidx=2019040516542692744
279,"‘리더스카’, 2019 제네시스G80·G90·K9, 수입차 벤츠·BMW·볼보 자동차 리스 장기렌트 특판프로모션 선보여",http://news.mtn.co.kr/newscenter/news_viewer.mtn?gidx=2019032915283733435
280,"오토드림카, 수입차 자동차리스 신차 장기렌트 벤츠 BMW 프로모션 가격 할인 특가 이벤트 선봬",http://www.gpkorea.com/news/articleView.html?idxno=44827
281,"오토드림카, 벤츠 E300·220d  BMW 520d·320d 수입차리스 장기렌트 프로모션 가격 할인 인기",http://www.gpkorea.com/news/articleView.html?idxno=44645
282,"리더스카, '2019 제네시스G70 G80·쏘나타·수입차 볼보·벤츠·BMW' 리스·장기 렌트 특가 판매 프로모션",http://news.mtn.co.kr/newscenter/news_viewer.mtn?gidx=2019031516343344861
283,벤츠 S-클래스 등 비상통신시스템 미작동으로 리콜,https://www.dnews.co.kr/uhtml/view.jsp?idxno=202110070821359940286
284,"벤츠 등 3개사 7597대 리콜…""벤츠 S클래스, 시동꺼짐 가능성 확인""",https://biz.sbs.co.kr/article_hub/20000033340?division=NAVER
285,"오토드림카, 벤츠E300·E220d·C220d·BMW320d 수입차리스 장기렌트 프로모션 할인 가격비교 인기",http://news.mtn.co.kr/newscenter/news_viewer.mtn?gidx=2019012515570244996
286,"[최기성의 허브車]“벤츠, 이젠 좀 아프냐”…설움 한방에 떨쳐낸 BMW 아우디",https://www.mk.co.kr/opinion/columnists/view/2021/11/1057652/
287,"""벤츠라면 모든 게 용서""라더니 '혼쭐'났다…1위 빼앗은 BMW 아우디 ""복수는 나의 것"" [왜몰랐을카]",http://news.mk.co.kr/newsRead.php?no=1053173&year=2021
288,"'G클래스 라인업 대거 출동'… 벤츠코리아, GLA·GLB·GLE 쿠페 동시 공개",http://www.iminju.net/news/articleView.html?idxno=56685
289,[원성열 기자의 CAR & TRACK] 롤링 현상 지운 벤츠 ‘GLE 450’…승차감이 S클래스!,https://sports.donga.com/article/all/20200920/103020124/3
290,"BMW코리아, 10월 4,824대 판매…14개월만에 벤츠 추월",http://www.econovill.com/news/articleView.html?idxno=554219
291,"'넘버3'의 반란, 3년만에 벤츠 BMW 모두 잡았다…아우디 A6, 마침내 '수입차 1위' 차지",http://news.mk.co.kr/newsRead.php?no=1037769&year=2021
292,'제네시스 GV80 출시'로 본 국내 '대형 SUV'시장 빅데이터 동향,http://www.fintechpost.co.kr/news/articleView.html?idxno=99840
293,'제네시스 GV80 출시'로 본 국내 '대형 SUV'시장 빅데이터 동향,http://www.beyondpost.co.kr/view.php?ud=20200120082429452346a9e4dd7f_30
294,"제네시스 GV80, 수입차가 장악한 프리미엄 대형 SUV시장 판도 바꿀까?",http://www.consumernews.co.kr/?mod=news&act=articleView&idxno=536520
295,벤츠 차량 소유주에 '리콜 늑장통보' 조사,http://www.koreadaily.com/news/read.asp?art_id=6688517
296,"[집중분석] 벤츠 SUV 패밀리, 전년대비 183.66% 성장 ""다양하고 강력하다""",http://www.newsprime.co.kr/news/article.html?no=357718
297,포드 익스플로러 수입 SUV 1위 ...벤츠 GLC 제쳐,http://www.cstimes.com/news/articleView.html?idxno=232286
298,[반전 노리는 수입차] 벤츠 '더 뉴 GLS' 6개 주행모드·넉넉한 공간...운전이 즐겁다,http://www.sedaily.com/NewsView/1L2R8GEUFL
299,"’리더스카’ 수입차 2018 벤츠 E200, E220d, E300 리스 장기렌트카 특가 인기",http://www.dt.co.kr/contents.html?article_no=2018012902109923809028&ref=naver
300,"[집중분석] 벤츠 SUV 패밀리, 전년대비 183.66% 성장 ""다양하고 강력하다""",http://www.newsprime.co.kr/news/article.html?no=357718
301,포드 익스플로러 수입 SUV 1위 ...벤츠 GLC 제쳐,http://www.cstimes.com/news/articleView.html?idxno=232286
302,[반전 노리는 수입차] 벤츠 '더 뉴 GLS' 6개 주행모드·넉넉한 공간...운전이 즐겁다,http://www.sedaily.com/NewsView/1L2R8GEUFL
303,"’리더스카’ 수입차 2018 벤츠 E200, E220d, E300 리스 장기렌트카 특가 인기",http://www.dt.co.kr/contents.html?article_no=2018012902109923809028&ref=naver
304,벤츠 2세대 GLC..4기통 터보 하이브리드 달고 AMG 라인업 강화,http://www.dailycar.co.kr/content/news.html?type=view&autoId=41500
305,"X시리즈 활약에 BMW코리아, 1년 만에 벤츠 제치고 1위 탈환",http://www.autodaily.co.kr/news/articleView.html?idxno=430208
306,"잘 팔리고 평가 지표 상위권, 수입차 시장 꽉 잡은 벤츠",http://isplus.live.joins.com/news/article/article.asp?total_id=24159512
307,벤츠·포르쉐·두카티 리콜...14개 차종 7597대,https://zdnet.co.kr/view/?no=20211006221532
308,"벤츠, 드라마 '슬기로운 의사생활 시즌2'에 E클래스 등 차량 지원",http://www.consumernews.co.kr/news/articleView.html?idxno=629042
309,"‘SUV 굴기(起) 선언’, 메르세데스-벤츠가 새삼 일깨운 SUV의 정의",http://www.osen.co.kr/article/G1110312881
310,‘벤츠’도 배출가스 조작 파문 확산 兆단위 과징금 가능…‘제2의 폭스바겐’ 충격,http://news.mk.co.kr/v2/economy/view.php?year=2017&no=543883
311,"벤츠 사장 ""SUV 라인업 6종으로 확대…내년 한국 판매량 2배↑""",http://www.hankyung.com/news/app/newsview.php?aid=201512017616g
312,"벤츠, '온라인 구매' 직접 해보니…클릭 10번이면 주문 완료",http://www.mediapen.com/news/view/669714
313,"벤츠코리아, 카카오택시와 `무료 시승 이벤트` 실시",http://www.dt.co.kr/contents.html?article_no=2016113002109932808002
314,"현대차·BMW·벤츠 '신차' 출격 대기 중…""막판 스퍼트 낸다""",http://www.enewstoday.co.kr/news/articleView.html?idxno=625313
315,수입차 투톱 '벤츠·BMW' 9월 '르쌍쉐' 또 추월…4분기 전망은?,https://www.asiatoday.co.kr/view.php?key=20211006010002857
316,9월 신차 등록 작년보다 30%↓…벤츠·테슬라는 오히려↑,http://www.getnews.co.kr/news/articleView.html?idxno=553153
317,"[신차드라이브] ""클수록 더 좋다""...패밀리카 정석 벤츠 '더 뉴 GLE 450'",http://www.etnews.com/20210204000124
318,"박기량, 억대 벤츠 선물 받는 클래스에 입이 쩍 “회사 12주년‥보람 있어”",https://www.newsen.com/news_view.php?uid=202107312030306110
319,"벤츠, E클래스 48V 마일드하이브리드 '품질논란'…여기저기 '시동불능' 원성",http://www.koreastocknews.com/news/articleView.html?idxno=63872
320,하반기 독일 신차 18종 쏟아진다,http://www.ebn.co.kr/news/view/989165
321,"국산은 'RV', 수입은 '세단'",https://view.asiae.co.kr/article/2022042210112690389
322,수입차·외제 자동차 월별 비공식할인 프로모션 판매조건 비교사이트 ‘신차114’ 인기 요인은?,http://www.gukjenews.com/news/articleView.html?idxno=1139857
323,메르세데스-벤츠 딜러 '스타자동차' 사은행사,http://www.ksilbo.co.kr/news/articleView.html?idxno=561775
324,억대 수입차 '불티'…벤츠 플래그십 질주,http://www.m-i.kr/news/articleView.html?idxno=860250
325,벤츠 일부차량 백업카메라 먹통. 美서 A.E클래스 등 34만여 대 리콜,http://www.autodaily.co.kr/news/articleView.html?idxno=427588
326,질주하는 벤츠 vs 제동걸린 BMW,https://www.dnews.co.kr/uhtml/view.jsp?idxno=202109121059174300154
327,"벤츠, MBUX로 신속항원검사 확인 기능 추가",http://www.metroseoul.co.kr/article/20220223500385
328,[서울모터쇼 新모델②] 월드 벨라·최초 A클·보따리 푸는 BMW까지,http://www.ebn.co.kr/news/view/978125
329,"'더클래스 효성 후원' 이다연, 한화클래식 최소타 우승",http://www.efnews.co.kr/news/articleView.html?idxno=91936
330,수입차 투톱 '벤츠·BMW' 8월 '르쌍쉐' 또 추월…남은 하반기 전망은?,https://www.asiatoday.co.kr/view.php?key=20210905010002421
331,"다임러, 중국에서 벤츠 전기차 판매 나선다",http://www.newstomato.com/ReadNews.aspx?no=688269
332,[라이벌 명차] 벤츠 S63 AMG 4MATIC 쿠페 vs 벤틀리 컨티넨탈 GT스피드,http://www.it.co.kr/news/article.html?no=2795979
333,"‘더클래스 효성 후원’ 이다연, 한화클래식 최소타 우승!",http://www.thedrive.co.kr/news/newsview.php?ncode=1065593262313124
334,"마이드림카, 렉서스ES300h•아우디A6•BMW520d 자동차리스 신차 장기렌트 프로모션 가격비교 인기",http://www.gpkorea.com/news/articleView.html?idxno=47392
335,"벤츠·아우디·렉서스 판매, 세단이 주도… SUV는 벤츠보다 BMW",https://biz.chosun.com/industry/car/2021/08/24/FGDUAHNJNJANXPAJXFGNOUZXJU/?utm_source=naver&utm_medium=original&utm_campaign=biz
336,"[시승기]오프로더 최강자 G클래스…""한번만 타본 사람은 없다""",http://news1.kr/articles/?2507691
337,가장 안전한 자동차 순위 TOP 10,http://www.thedrive.co.kr/news/newsview.php?ncode=1065580801229790
338,BMW 점유율 상승은 속빈 강정?...1억 이상 프리미엄급에선 벤츠와 격차 더 벌어져,http://www.consumernews.co.kr/news/articleView.html?idxno=632519
339,1위싸움 벤츠-BMW 보다 '4위싸움 폭바-볼보' 관심가는 이유,http://www.gpkorea.com/news/articleView.html?idxno=77160
340,1위싸움 벤츠-BMW 보다 '4위싸움 폭바-볼보' 관심가는 이유,http://www.gpkorea.com/news/articleView.html?idxno=77160
341,억대 수입차 판매 74% 늘어…'벤츠 S클래스' 판 키운다,http://www.etnews.com/20210415000062
342,"마이드림카, 국산차 수입차 자동차리스 가격비교 신차장기렌트 개인·법인사업자 오토리스 장기렌터카 인기",http://www.gpkorea.com/news/articleView.html?idxno=45505
343,[CAR LIFE] SUV의 기준을 만들어가는 더 뉴 메르세데스-벤츠 GLE 450,http://news.kbiz.or.kr/news/articleView.html?idxno=73355
344,"벤츠·BMW, 격차 좁혀진 줄 알았더니···억대·SUV선 차이 더 벌어져",http://www.sisajournal-e.com/news/articleView.html?idxno=234407
345,"[시승기]벤츠 GLE 450, EQ부스트 활용한 '실키 드라이빙'",https://view.asiae.co.kr/article/2020092711204470929
346,"메르세데스-벤츠 공식딜러 더클래스 효성, 'The new A-Class'&'The new GLE' 론칭 이벤트 진행",https://www.insight.co.kr/news/247086
347,"[시승기] 여유로 이목을 끄는 SUV, ‘메르세데스-벤츠 GLE 450 4Matic",https://hankookilbo.com/News/Read/A2020081315020003551?did=NA
348,"벤츠, 'GLA·GLB·GLE' SUV 삼총사로 독주 굳히기",https://www.ebn.co.kr/news/view/1448352/?sc=Naver
349,"벤츠코리아, E클래스 제외한 디젤 판매 재개",http://autotimes.hankyung.com/apps/news.sub_view?popup=0&nid=03&c1=03&c2=03&c3=00&nkey=202102151123461
350,"벤츠, '또' 배짱 장사 구설수… 시동 불량·계기판 꺼짐, 리콜 대신 '무상수리'",http://www.sisaweek.com/news/articleView.html?idxno=145512
351,수입차 투톱 '벤츠·BMW' 7월 '르쌍쉐' 또 추월…하반기 전망은?,https://www.asiatoday.co.kr/view.php?key=20210804010002246
352,"메르세데스-벤츠, 더 뉴 GLA·더 뉴 GLB 그리고 더 뉴 GLE 쿠페 출시",https://hankookilbo.com/News/Read/A2020083112500004635?did=NA
353,"신형 A클래스·GLE가 궁금하다면...더클래스 효성, 일산 오토살롱위크서 벤츠 라인업 전시",http://www.fntimes.com/html/view.php?ud=2019100414491096127de3572ddd_18
354,"[박찬규의 1단기어] ‘벤츠’ 아니면 ‘BMW’… 쏠림현상 심해진 수입차, 대항마가 없다",http://moneys.mt.co.kr/news/mwView.php?no=2021072314458074872
355,"메르세데스-벤츠 코리아, 'GLB' 'GLA' 'GLE 쿠페' SUV 3종 융단폭격 ",http://www.osen.co.kr/article/G1111422996
356,"벤츠, tvN 인기 드라마 '슬의생 시즌2' 차량 지원",http://www.meconomynews.com/news/articleView.html?idxno=54621
357,잘나가는 벤츠 E-클래스…수입차 올 판매량 10만대 육박,https://www.dnews.co.kr/uhtml/view.jsp?idxno=202105061711257640170
358,"수입차, 올해 누적 10만대 육박…벤츠 ‘E-클래스’ 1위 굳건",https://www.dnews.co.kr/uhtml/view.jsp?idxno=202105061110506130975
359,"메르세데스-벤츠코리아, '서울모터쇼'에서 '더 뉴 A-클래스 세단'·'더 뉴 GLE' 등 공개",http://sports.chosun.com/news/ntype.htm?id=201903220100162570011509&servicedate=20190321
360,"메르세데스-벤츠코리아, '서울모터쇼'에서 '더 뉴 A-클래스 세단'·'더 뉴 GLE' 등 공개",http://sports.chosun.com/news/ntype.htm?id=201903220100162570011509&servicedate=20190321
361,"벤츠 코리아, 서울모터쇼서 신형 A클래스 세단. GLE. EQC 등 신차 8종 공개",http://www.autodaily.co.kr/news/articleView.html?idxno=408054
362,"다시 돌아온 '슬기로운 의사생활 시즌2', 캠핑 마니아 채송화가 새롭게 장만한 벤츠 차량은",http://kr.aving.net/news/view.php?articleId=1607509&Branch_ID=kr&rssid=naver&mn_name=news
363,韓소비자의 독일차 사랑…상반기 팔린 수입차 3대 중 1대는 벤츠,http://moneys.mt.co.kr/news/mwView.php?no=2021071614098019693
364,[시승기] '프리미엄 SUV의 기준을 제시하다'…벤츠 GLE 450 4MATIC,https://www.asiatoday.co.kr/view.php?key=20200629010018173
365,대형 SUV시장서 수입차가 승승장구하는 이유,http://www.sisajournal-e.com/biz/article/171306
366,‘벤츠 전성시대’ BMW의 굴욕…프리미엄 수입차 위상 흔들,https://www.dnews.co.kr/uhtml/view.jsp?idxno=202107071307139930219
367,갈수록 ‘닥치고 벤츠’…수입브랜드 첫 8만대 돌파 전망,https://www.ebn.co.kr/news/view/1490416/?sc=Naver
368,"길거리 흔해진 억대 수입차, 최고 인기모델은?",http://www.ebn.co.kr/news/view/907360
369,5년째 벤츠 못넘는 BMW…한상윤 리더십 ‘도마위에’,https://www.dnews.co.kr/uhtml/view.jsp?idxno=202107061643192050980
370,‘벤츠 전성시대’ BMW의 굴욕…프리미엄 수입차 위상 흔들,https://www.dnews.co.kr/uhtml/view.jsp?idxno=202107071307139930219
371,갈수록 ‘닥치고 벤츠’…수입브랜드 첫 8만대 돌파 전망,https://www.ebn.co.kr/news/view/1490416/?sc=Naver
372,"길거리 흔해진 억대 수입차, 최고 인기모델은?",http://www.ebn.co.kr/news/view/907360
373,"벤츠코리아, 서울모터쇼서 '신형 A클래스·GLE·EQC' 등 신차 공개",http://biz.newdaily.co.kr/site/data/html/2019/03/20/2019032000131.html
374,"벤츠 코리아, tvN `슬기로운 의사생활 시즌 2` 차량 및 제작 지원",http://www.edaily.co.kr/news/newspath.asp?newsid=02302566629083032
375,5년째 벤츠 못넘는 BMW…한상윤 리더십 ‘도마위에’,https://www.dnews.co.kr/uhtml/view.jsp?idxno=202107061643192050980
376,"BMW, 벤츠 못넘고 만년 2인자…한상윤 리더십 부족인가",https://www.dnews.co.kr/uhtml/view.jsp?idxno=202107061120039830801
377,"벤츠코리아, '한국서비스 품질지수' 2개 부문 석권",http://www.mediapen.com/news/view/648120
378,상반기 르·쌍·쉐 죽쑨 사이…벤츠·BMW·테슬라 질주,http://www.newspim.com/news/view/20210720000364
379,"수입차 프리미엄 SUV ''잘나가네""…요즘 뜨는 모델은?",http://www.ebn.co.kr/news/view/901369
380,"수입차 프리미엄 SUV ''잘나가네""…요즘 뜨는 모델은?",http://www.ebn.co.kr/news/view/901369
381,"벤츠코리아, tvN '슬기로운 의사생활 시즌 2` 차량·제작 지원",http://www.gpkorea.com/news/articleView.html?idxno=75163
382,"[시승기] 벤츠 더 뉴 GLE, 'SUV계의 E클래스'로 흥행 기대되는 이유",http://www.ebn.co.kr/news/view/963047
383,"수입차, 상반기 15만대 육박…벤츠·BMW 양강구도 지속",http://www.newstomato.com/ReadNews.aspx?no=1056810&inflow=N
384,"벤츠, 브레이크 없는 질주… '8만대의 벽' 넘을까",http://www.sisaweek.com/news/articleView.html?idxno=145137
385,2021년 4월 수입차 판매 11.5%↑… “두 자릿수 성장에도 웃지 못하는 이유”,https://www.donga.com/news/article/all/20210506/106792301/2
386,"'4000만원대 벤츠' A클래스, 크기·성능·감성 'A·C·E'",http://news.mk.co.kr/newsRead.php?no=70693&year=2021
387,"벤츠, S클래스 수준으로 풀체인지된 신형 GLE 공개",http://www.autodaily.co.kr/news/articleView.html?idxno=405054
388,"벤츠코리아 수입차 판매 1위 지킬까, 배터리 품질논란 대처가 열쇠",https://www.businesspost.co.kr/BP?command=article_view&num=233479
389,"메르세데스-벤츠, 서울모터쇼서 '더 뉴 A-클래스 세단'·'더 뉴 GLE' 아시아 최초 공개",http://www.asiatoday.co.kr/view.php?key=20190320010011942
390,"수입차, 상반기 15만대 육박…벤츠·BMW 양강구도 지속",http://www.newstomato.com/ReadNews.aspx?no=1056810&inflow=N
391,"벤츠, 브레이크 없는 질주… '8만대의 벽' 넘을까",http://www.sisaweek.com/news/articleView.html?idxno=145137
392,2021년 4월 수입차 판매 11.5%↑… “두 자릿수 성장에도 웃지 못하는 이유”,https://www.donga.com/news/article/all/20210506/106792301/2
393,"'4000만원대 벤츠' A클래스, 크기·성능·감성 'A·C·E'",http://news.mk.co.kr/newsRead.php?no=70693&year=2021
394,"벤츠, S클래스 수준으로 풀체인지된 신형 GLE 공개",http://www.autodaily.co.kr/news/articleView.html?idxno=405054
395,"벤츠코리아 수입차 판매 1위 지킬까, 배터리 품질논란 대처가 열쇠",https://www.businesspost.co.kr/BP?command=article_view&num=233479
396,"벤츠코리아, tvN 인기 드라마 '슬기로운 의사생활 시즌2' 차량 및 제작 지원",http://www.autodaily.co.kr/news/articleView.html?idxno=428124
397,"메르세데스-벤츠, 서울모터쇼서 '더 뉴 A-클래스 세단'·'더 뉴 GLE' 아시아 최초 공개",http://www.asiatoday.co.kr/view.php?key=20190320010011942
398,"벤츠코리아, 드라마 '슬의생 시즌2' 차량·제작 지원",http://www.fnnews.com/news/202106190737177710
399,"(영상)벤츠, 올해 수입차 최초 8만대 돌파할까",http://www.newstomato.com/ReadNews.aspx?no=1049502&inflow=N
400,"벤츠, tvN 드라마 '슬의생' 시즌2 차량·제작 지원",http://www.seoulfn.com/news/articleView.html?idxno=422953
401,"(영상)벤츠, 올해 수입차 최초 8만대 돌파할까",http://www.newstomato.com/ReadNews.aspx?no=1049502&inflow=N
402,"벤츠 E클 제친 테슬라 모델Y, 지난달 수입차 판매 1위",https://view.asiae.co.kr/article/2021060508510050939
403,"벤츠, 파리모터쇼서 신형 `GLE·B클래스` 등 월드프리미어 공개",http://news.mk.co.kr/newsRead.php?year=2018&no=607762
404,"벤츠 GLE 쿠페 ""고유의 중량감과 실루엣 통해 매력 발산""",http://www.econonews.co.kr/news/articleView.html?idxno=108382
405,"[시승기] 대담하고 화려하게 핀 대형 SUV, ‘메르세데스-벤츠 GLE 450 4Matic’",http://www.hankookilbo.com/news/npath/202004111124318656?did=NA
406,"""반도체 대란에 신차 대신 중고차로"" 벤츠·BMW·아우디 등 수입차도 인증중고차 인기",http://www.autodaily.co.kr/news/articleView.html?idxno=427716
407,"[자동차오늘] 토요타, '프리우스 리그' 온라인 이벤트 개최…벤츠 코리아, '슬기로운 의사생활 시즌2' 차량·제작 지원",http://www.sisaon.co.kr/news/articleView.html?idxno=128639
408,"[車블랙박스]'CLS·'GLE'…벤츠 모델명, 어떤 의미?",http://www.newsis.com/view/?id=NISX20200217_0000921863&cID=13001&pID=13000
409,현대차·기아 다음은 '벤츠·BMW'…수입차 시장 양강 체제 '굳건',http://news.mt.co.kr/mtview.php?no=2021060315014297089
410,"[시승기] 대담하고 화려하게 핀 대형 SUV, ‘메르세데스-벤츠 GLE 450 4Matic’",http://www.hankookilbo.com/news/npath/202004111124318656?did=NA
411,"""반도체 대란에 신차 대신 중고차로"" 벤츠·BMW·아우디 등 수입차도 인증중고차 인기",http://www.autodaily.co.kr/news/articleView.html?idxno=427716
412,"[자동차오늘] 토요타, '프리우스 리그' 온라인 이벤트 개최…벤츠 코리아, '슬기로운 의사생활 시즌2' 차량·제작 지원",http://www.sisaon.co.kr/news/articleView.html?idxno=128639
413,"메르세데스-벤츠 코리아, tvN 인기 드라마 〈슬기로운 의사생활 시즌2〉에 차량 지원",http://www.globale.co.kr/news/articleView.html?idxno=13482
414,"[車블랙박스]'CLS·'GLE'…벤츠 모델명, 어떤 의미?",http://www.newsis.com/view/?id=NISX20200217_0000921863&cID=13001&pID=13000
415,현대차·기아 다음은 '벤츠·BMW'…수입차 시장 양강 체제 '굳건',http://news.mt.co.kr/mtview.php?no=2021060315014297089
416,배터리 문제로 시동 꺼지는 벤츠…차주들 '뿔났다',http://www.newstomato.com/ReadNews.aspx?no=1041300&inflow=N
417,[크로스오버 차가 뜬다] ② SUV의 새로운 스타일을 창조한 ‘쿠페형 SUV’,http://www.it.co.kr/news/article.html?no=2794046
418,"현대차그룹, 美 IIHS 평가서 TSP+ 11개 차종 선정",http://autotimes.hankyung.com/apps/news.sub_view?popup=0&nid=02&c1=02&c2=02&c3=00&nkey=202202241427251
419,"'E클래스·5시리즈 격돌 예고' 벤츠, 한 달 만에 1위 재탈환",http://www.autodaily.co.kr/news/articleView.html?idxno=422660
420,"'E클래스·5시리즈 격돌 예고' 벤츠, 한 달 만에 1위 재탈환",http://www.autodaily.co.kr/news/articleView.html?idxno=422660
421,4기통도 충분할까? 포드 익스플로러 & 메르세데스 벤츠 GLE,https://www.motortrendkorea.com/sub/view.html?no=4513&cate1Name=WHICHCAR
422,"수입차, 4월 신규등록 2만5578대‥최다판매 모델 1~3위 모두 벤츠",http://www.edaily.co.kr/news/newspath.asp?newsid=01751526629046296
423,"벤츠, 올해 전기차 EQC 등 신차 14종 국내 투입…‘A클래스 세단·신형 GLE’ 출시",http://news.donga.com/3/all/20190117/93744228/2
424,"벤츠, 4월 국내 수입차 부동 1위",https://www.econovill.com/news/articleView.html?idxno=530858
425,[구상 칼럼] 왜건형 SUV와 쿠페형 SUV를 아우르는..벤츠 GLE,http://www.dailycar.co.kr/content/news.html?type=view&autoId=35081
426,코로나19 불황에도 억대 수입차 시장 대호황...벤츠 S클래스 1위,http://www.consumernews.co.kr/news/articleView.html?idxno=611393
427,벤츠의 대중모델 GLB… “합리적 가격과 부족함 없는 공간감” [시승기],http://www.segye.com/content/html/2021/05/23/20210523506572.html?OutUrl=naver
428,"[시승]농익은 내공 그러나 약간의 아쉬움, 벤츠 GLE450",http://autotimes.hankyung.com/apps/news.sub_view?popup=0&nid=06&c1=06&c2=06&c3=00&nkey=201911132205211
429,"벤츠, 4월 최다 판매 모델 1~3위 싹쓸이···1위 굳히기 나서",http://www.sisajournal-e.com/news/articleView.html?idxno=231882
430,"라르테 디자인, 메르세데스-벤츠 GLE를 위한 튜닝 프로그램 공개",http://www.hankookilbo.com/news/npath/202001022006789179?did=NA
431,"[IAA2019] 주행거리 '빅 점프' 벤츠 디젤 하이브리드 SUV, GLE 350de",http://www.digitaltoday.co.kr/news/articleView.html?idxno=215132
432,수입차 판매 질주…벤츠·BMW 1위대결 치열,http://www.newstomato.com/ReadNews.aspx?no=1042542&inflow=N
433,수입차 올해 누적 판매 10만대 육박…가장 많이 팔린 차는 '벤츠',https://ilyo.co.kr/?ac=article_view&entry_id=400525
434,커넥티드카·자연어 인식·MHEV…미래를 본 벤츠 더 뉴 GLE,http://www.edaily.co.kr/news/newspath.asp?newsid=03358726622654232
435,"[글로벌-Biz 24] 벤츠, 2세대 GLE 쿠페 3종 내놔",http://www.g-enews.com/ko-kr/news/article/news_all/20191125034154536950cb531085_1/article.html
436,"더클래스 효성, KLPGA 이다연·김지현에 GLE·CLS 후원",http://news.mk.co.kr/newsRead.php?no=409414&year=2020
437,"벤츠코리아, GLE 리콜 논란..전기차 EQC도 도마에",http://www.edaily.co.kr/news/newspath.asp?newsid=02909366622685064
438,"벤츠, 디젤라인 국내 판매 중단…올해 판매 타격 불가피",https://www.news1.kr/articles/?4207939
439,[뉴투분석] 올 연말엔 수입車 재고 할인 '눈 씻고 찾아봐도 없다'… 왜?,https://www.news2day.co.kr/article/20211203500065
440,[뉴투분석] 올 연말엔 수입車 재고 할인 '눈 씻고 찾아봐도 없다'… 왜?,https://www.news2day.co.kr/article/20211203500065
441,"제네시스 GV80, 코로나 확산기 대형 SUV 중 관심도 1위",http://www.beyondpost.co.kr/view.php?ud=20200904075932588446a9e4dd7f_30
442,"BMW·아우디, 벤츠 'GLE' 출시에도 미소 짓는 이유는?",http://www.gpkorea.com/news/articleView.html?idxno=58162
443,"벤츠 '더뉴 GLE', 출시 이틀만에 리콜…에어컨 제작 결함 때문",http://news.mtn.co.kr/newscenter/news_viewer.mtn?gidx=2019091114114573936
444,"벤츠, SUV로 1위 굳히기…'더 뉴 GLE'로 프리미엄시장 공략",http://www.newstomato.com/ReadNews.aspx?no=917908
445,"메르세데스-벤츠, 프리미엄 SUV 'GLE' 국내 출시…가격은 9030만원부터",https://view.asiae.co.kr/article/2019090308273737890
446,"'BMW 한달 천하?' 벤츠, 내달 '신형 E 클래스'이어 풀체인지 S클래스 투입으로 1위 재탈환 나선다",http://www.autodaily.co.kr/news/articleView.html?idxno=421996
447,벤츠 풀체인지 ‘더 뉴 GLE’ 타보니… 호화 요트 탄 듯 묵직하고 안락,http://www.segye.com/content/html/2019/10/13/20191013506814.html?OutUrl=naver
448,미국서 A·C클래스 생산 중단하는 벤츠..SUV 올인하나?,http://www.dailycar.co.kr/content/news.html?type=view&autoId=37130
449,"""S클래스만 있는 게 아냐""…벤츠코리아, SUV 풀 라인업 구축",https://www.asiatime.co.kr/news/newsview.php?ncode=1065596571823091
450,벤츠 풀체인지 ‘더 뉴 GLE’ 타보니… 호화 요트 탄 듯 묵직하고 안락,http://www.segye.com/content/html/2019/10/13/20191013506814.html?OutUrl=naver
451,미국서 A·C클래스 생산 중단하는 벤츠..SUV 올인하나?,http://www.dailycar.co.kr/content/news.html?type=view&autoId=37130
452,"""S클래스만 있는 게 아냐""…벤츠코리아, SUV 풀 라인업 구축",https://www.asiatime.co.kr/news/newsview.php?ncode=1065596571823091
453,"더클래스 효성, 'The new A-Class'&'The new GLE' 런치 이벤트 진행",http://www.autodaily.co.kr/news/articleView.html?idxno=411544
454,"[자존심 회복 나선 수입차] 벤츠 더 뉴 GLE, 프리미엄 SUV 가치 높이다",https://www.sedaily.com/NewsView/1VKGTMLASX
455,"더클래스효성, 전국 벤츠 전시장서 고객 초청 `GLE 쿠페·GLS` 시승 실시",http://www.etnews.com/20161128000257
456,"[수입車 가을대전]메르세데스-벤츠 GLE, 온·오프로드 넘나드는 럭셔리 SUV",https://view.asiae.co.kr/article/2019092411340164246
457,"벤츠, 한쪽으로 쏠리는 소프트웨어. 긴급호출 오류로 美서 134만대 리콜",http://www.autodaily.co.kr/news/articleView.html?idxno=425797
458,"국감장 '단골손님' 벤츠, '더 뉴 GLE' 리콜 은폐 논란에 올해도 증인채택 될까",http://www.updownnews.co.kr/news/articleView.html?idxno=208631
459,"더 클래스 효성, A클래스 · 뉴 GLE 시승 이벤트 마련",http://www.rpm9.com/news/article.html?id=20190920090003
460,"더클래스 효성, new A-Class'와 ‘The new GLE' 신차 출시 행사 실시",http://kbench.com/?q=node/202943
461,"다임러, 미국 이어 중국에서도 소프트웨어 결함으로 메르세데스-벤츠 260만대 리콜",http://www.g-enews.com/ko-kr/news/article/news_all/202103140919533534e8b8a793f7_1/article.html
462,"벤츠 더 뉴 GLE, MHEV 달고 출시",http://www.edaily.co.kr/news/newspath.asp?newsid=02637126622616840
463,벤츠 “GLE 출격…온·오프로드 넘나든다”,http://www.sentv.co.kr/news/view/560003
464,"다재다능한 4세대 ‘더 뉴 메르세데스-벤츠 GLE’, 음성 컨트롤로 '친숙'",http://www.osen.co.kr/article/G1111217432
465,[포춘코리아 JOY RIDE] 메르세데스 벤츠 '더 뉴 GLE',http://www.fortunekorea.co.kr/news/articleView.html?idxno=10834
466,"네 번째 진화한 '더 뉴 메르세데스벤츠 GLE', 가솔린·디젤 동시 출격",http://www.ohmynews.com/NWS_Web/View/at_pg.aspx?CNTN_CD=A0002567369&CMPT_CD=P0010&utm_source=naver&utm_medium=newsearch&utm_campaign=naver_news
467,"헉! 호날두 여자친구 조지나 한 달 용돈이...사우스차이나모닝포스트 ""“호날두는 여자친구 조지나를 다 망쳐놔”",http://www.maniareport.com/view.php?ud=2021110723342073974fed20d304_19
468,수입차도 반도체 수급난 '직격탄'…30만대 달성 '먹구름',http://www.etnews.com/20211103000141
469,"지난달 국내 신차 등록, 국산·수입 다 줄어...친환경차 '강세'",http://www.pinpointnews.co.kr/view.php?ud=2021110216210660329cdfed7945_45
470,"메르세데스-벤츠, 온·오프 아우르는 SUV '더 뉴 GLE' 출시",http://www.newsis.com/view/?id=NISX20190903_0000759010&cID=13001&pID=13000
471,"네 번째 진화한 '더 뉴 메르세데스벤츠 GLE', 가솔린·디젤 동시 출격",http://www.ohmynews.com/NWS_Web/View/at_pg.aspx?CNTN_CD=A0002567369&CMPT_CD=P0010&utm_source=naver&utm_medium=newsearch&utm_campaign=naver_news
472,"'뉴 벤츠GLE' 출시…""럭셔리·퍼포먼스 모두 갖춰""",http://www.greenpostkorea.co.kr/news/articleView.html?idxno=108639
473,"헉! 호날두 여자친구 조지나 한 달 용돈이...사우스차이나모닝포스트 ""“호날두는 여자친구 조지나를 다 망쳐놔”",http://www.maniareport.com/view.php?ud=2021110723342073974fed20d304_19
474,수입차도 반도체 수급난 '직격탄'…30만대 달성 '먹구름',http://www.etnews.com/20211103000141
475,"지난달 국내 신차 등록, 국산·수입 다 줄어...친환경차 '강세'",http://www.pinpointnews.co.kr/view.php?ud=2021110216210660329cdfed7945_45
476,"벤츠 소유주들, AMG 라디에이터 누수 집단 소송",http://www.thedrive.co.kr/news/newsview.php?ncode=1065579910149238
477,"메르세데스-벤츠코리아, 온·오프로드 아우르는 SUV '더 뉴 GLE' 출시",http://www.econonews.co.kr/news/articleView.html?idxno=84825
478,'반도체 수급난' 수입차 30만대 주춤…10월 판매 '뚝',http://www.newstomato.com/ReadNews.aspx?no=1084606&inflow=N
479,"'역시 벤츠 끝판왕' 신형 S클래스, E액티브 바디 컨트롤·후륜 조향 등 첨단사양 탑재",http://www.autodaily.co.kr/news/articleView.html?idxno=421081
480,"벤츠코리아, 국내 특화 MBUX 장착한 준대형 SUV ‘신형 GLE’ 9030만~1억1050만원 출시",http://www.hankookilbo.com/news/npath/201909031220394936?did=NA
481,[사진]메르세데스-벤츠코리아 '더 뉴 GLE' 출시…SUV 라인업 확장,http://www.ajunews.com/view/20190903150738606
482,"'뉴 벤츠GLE' 출시…""럭셔리·퍼포먼스 모두 갖춰""",http://www.greenpostkorea.co.kr/news/articleView.html?idxno=108639
483,"헉! 호날두 여자친구 조지나 한 달 용돈이...사우스차이나모닝포스트 ""“호날두는 여자친구 조지나를 다 망쳐놔”",http://www.maniareport.com/view.php?ud=2021110723342073974fed20d304_19
484,수입차도 반도체 수급난 '직격탄'…30만대 달성 '먹구름',http://www.etnews.com/20211103000141
485,"지난달 국내 신차 등록, 국산·수입 다 줄어...친환경차 '강세'",http://www.pinpointnews.co.kr/view.php?ud=2021110216210660329cdfed7945_45
486,"벤츠 소유주들, AMG 라디에이터 누수 집단 소송",http://www.thedrive.co.kr/news/newsview.php?ncode=1065579910149238
487,"메르세데스-벤츠코리아, 온·오프로드 아우르는 SUV '더 뉴 GLE' 출시",http://www.econonews.co.kr/news/articleView.html?idxno=84825
488,'반도체 수급난' 수입차 30만대 주춤…10월 판매 '뚝',http://www.newstomato.com/ReadNews.aspx?no=1084606&inflow=N
489,"'역시 벤츠 끝판왕' 신형 S클래스, E액티브 바디 컨트롤·후륜 조향 등 첨단사양 탑재",http://www.autodaily.co.kr/news/articleView.html?idxno=421081
490,프리미엄 SUV ‘더 뉴 메르세데스-벤츠 GLE’ 출시…9030만원부터,http://www.dailian.co.kr/news/view/823022/?sc=naver
491,"메르세데스-벤츠 코리아, 4세대 ‘더 뉴 메르세데스-벤츠 GLE’ 출시",http://sports.donga.com/3/all/20190903/97248143/1
492,"헉! 호날두 여자친구 조지나 한 달 용돈이...사우스차이나모닝포스트 ""“호날두는 여자친구 조지나를 다 망쳐놔”",http://www.maniareport.com/view.php?ud=2021110723342073974fed20d304_19
493,수입차도 반도체 수급난 '직격탄'…30만대 달성 '먹구름',http://www.etnews.com/20211103000141
494,"지난달 국내 신차 등록, 국산·수입 다 줄어...친환경차 '강세'",http://www.pinpointnews.co.kr/view.php?ud=2021110216210660329cdfed7945_45
495,"벤츠 소유주들, AMG 라디에이터 누수 집단 소송",http://www.thedrive.co.kr/news/newsview.php?ncode=1065579910149238
496,"메르세데스-벤츠코리아, 온·오프로드 아우르는 SUV '더 뉴 GLE' 출시",http://www.econonews.co.kr/news/articleView.html?idxno=84825
497,'반도체 수급난' 수입차 30만대 주춤…10월 판매 '뚝',http://www.newstomato.com/ReadNews.aspx?no=1084606&inflow=N
498,"'역시 벤츠 끝판왕' 신형 S클래스, E액티브 바디 컨트롤·후륜 조향 등 첨단사양 탑재",http://www.autodaily.co.kr/news/articleView.html?idxno=421081
499,"'자동차 안전기술의 미래' 메르세데스-벤츠, GLE 기반 안전실험 차량 'ESF 2019' 공개",http://www.autodaily.co.kr/news/articleView.html?idxno=409367
