,title,url
0,"""그랜저IG·벤츠 E클래스""…상반기 중고차시장 세단 인기",http://www.edaily.co.kr/news/newspath.asp?newsid=01810566629116816
1,[최기성의 허브車]‘BMW5와 벤츠E’ 고민되네…‘BMW E클래스’는 없나요?,https://www.mk.co.kr/opinion/columnists/view/2020/10/1114496/
2,"'휴먼다큐 사랑' 안현수♥우나리, 1억6천만 '벤츠 GL클래스' 인증? '억소리나네'",http://www.wowtv.co.kr/newscenter/news/view.asp?bcode=T30001000&artid=A201505120106
3,"우나리,푸틴이 선물한 안현수 벤츠 공개..""벤츠 GL클래스,소치 금메달 대가""",http://www.ajunews.com/view/20150512100306041
4,"안현수, 벤츠 GL클래스 선물 받아 ""금액도 장난 아니네!""",http://mbn.mk.co.kr/pages/news/newsView.php?category=mbn00011&news_seq_no=1682246
5,"안현수, 러시아로부터 받은 1억6000만원 벤츠 GL클래스는?",http://www.womennews.co.kr/news/view.asp?num=67492
6,"안현수·소트니코바, 벤츠 GL클래스 포상 “‘별그대’ 그들의 애마…”",http://economy.donga.com/3/all/20140228/61277840/3
7,'시가 1억 6천' 안현수가 받은 벤츠 GL클래스 살펴보니,http://www.wikitree.co.kr/main/news_view.php?id=161907
8,"안현수 부인 우나리, 벤츠 GL클래스 인증샷 공개 ""여보 축하해""",http://tvdaily.co.kr/read.php3?aid=1393649759660841017
9,"소트니코바, 벤츠 GL클래스 인증샷 '금메달리스트라 행복해요'",http://www.tvreport.co.kr/?c=news&m=newsview&idx=469499
10,[사진]뉴욕모터쇼 데뷔한 신형 벤츠 GL클래스,http://www.moneytoday.co.kr/view/mtview.php?type=1&no=2012040516473943483&outlink=1
11,"2013 프랑크푸르트 모터쇼 신차, 벤츠 SUV의 S클래스 'GL클래스'",http://www.osen.co.kr/article/G1109682059
12,"[시승기] S클래스 SUV, 벤츠 GLS",http://www.sporbiz.co.kr/news/articleView.html?idxno=54713
13,벤츠 '신형 GLS' 포착...차세대 디자인과 파워트레인으로 무장,http://www.autodaily.co.kr/news/articleView.html?idxno=407456
14,"[카라이프]벤츠의 고집 'GLA클래스', 알프스도 넘었다",http://view.asiae.co.kr/news/view.htm?idxno=2014091909592182991
15,"벤츠, PGA 챔피언십 S클래스 등 차량 공식 후원",http://biz.newdaily.co.kr/news/article.html?no=10044479
16,자동차광 김정은 때문에 난감한 벤츠..”공식판매 안했다”,http://www.edaily.co.kr/news/newspath.asp?newsid=03899926622486624
17,[콕 포인트] 도로가 아니어도 기품있네…SUV의 퍼스트클래스,http://news.mk.co.kr/newsRead.php?year=2017&no=442881
18,"벤츠, 국내 배출가스 조작 의심 차량 10만대 리콜..“단순 고객 서비스”",http://www.breaknews.com/sub_read.html?uid=521297§ion=sc3
19,벤츠 너마저···폭스바겐 이어 베출가스 조작 혐의,http://www.sedaily.com/NewsView/1OIGKTHEUO
20,"[벤츠, 배출가스 조작 파문]100만대 조작혐의…벤츠코리아 ""진상 파악 중""(종합)",http://www.asiae.co.kr/news/view.htm?idxno=2017071311153690376
21,"벤츠, 폭스바겐 이어 배출가스 조작 혐의..독일차 왜이러나",http://www.breaknews.com/sub_read.html?uid=519992§ion=sc3
22,"휴먼다큐 사랑 안현수♥우나리, '1억 6천만' 벤츠타고 데이트? SNS인증까지…",http://www.wowtv.co.kr/newscenter/news/view.asp?bcode=T30001000&artid=A201505190131
23,"안현수 벤츠, 정부 상금과 아파트…이제 車는 北김정은과 동격?",http://www.etoday.co.kr/news/section/newsview.php?idxno=877060
24,"‘SUV 굴기(起) 선언’, 메르세데스-벤츠가 새삼 일깨운 SUV의 정의",http://www.osen.co.kr/article/G1110312881
25,"北, ‘벤츠’ 사랑도 세습? 김정은 비밀 애마도…",http://car.donga.com/3/all/20120924/49640971/2
26,"[영상]안현수 1억 넘는 벤츠받고 어리둥절…""여보 축하해""",http://www.mt.co.kr/view/mtview.php?type=1&no=2014022814553819823&outlink=1
27,"소트니코바·안현수 벤츠 포상 '인증'…""한국은 초콜릿 메달""",http://www.mt.co.kr/view/mtview.php?type=1&no=2014022814054662833&outlink=1
28,"안현수 '벤츠' vs 김연아 '초콜릿 금메달' 누리꾼들 ""소트니코바도 벤츠 받았는데...""",http://www.wowtv.co.kr/newscenter/news/view.asp?bcode=T30001000&artid=A201402280416
29,"안현수 벤츠 받았다…러시아, 소치올림픽 메달리스트들에 차량 선물",http://news.donga.com/3/all/20140228/61272300/1
30,오바마 대북제재법안 서명…벤츠 맛들인 김정은 곤욕,http://www.etoday.co.kr/news/section/newsview.php?idxno=1290788
31,"메르세데스-벤츠, '2015 마스터즈 대회' 올해도 글로벌 스폰서 참여",http://www.osen.co.kr/article/G1110127394
32,김연아 `초콜릿 금메달` VS 소트니코바 `벤츠`,http://starin.edaily.co.kr/news/newspath.asp?newsid=01102086606019056
33,"통 큰 러시아, 안현수에 벤츠 포상",http://www.khan.co.kr/kh_news/art_view.html?artid=201402282129355&code=980901
34,"안현수, 벤츠에 아파트 돈방석, 판정시비 소트니코바는 운전기사 까지...",http://etv.donga.com/VIEW/?idxno=201402280065496&category=001006
35,"벤츠 첫 소형 SUV, 韓 8월 출시",http://view.asiae.co.kr/news/view.htm?idxno=2014072110364595896
36,"“근육질 몸매, 소리 없이 강해” 벤츠 GLK 220",http://news.donga.com/3/all/20120317/44838982/2
37,"BMW, 초대형 X7로 SUV 확대 “GL·Q7 나와!”",http://car.donga.com/3/all/20140324/61965437/2
38,"'휴먼다큐' 안현수 우나리, 애마는 벤츠 ""여보 축하해. 부릉부릉""...가격보니 '허걱'",https://news.naver.com/main/read.naver?mode=LSD&mid=sec&sid1=106&oid=011&aid=0002681295
39,'내셔널 트래져 2' 간접광고로 벤츠 등장,https://news.naver.com/main/read.naver?mode=LSD&mid=sec&sid1=104&oid=001&aid=0001857260
40,"바스프, 벤츠 엔진에 세계최초 엔지니어링 플라스틱 적용",http://www.dt.co.kr/contents.html?article_no=2013030702019932781001
41,"김정은, 요트·벤츠車 등 사는데 수천억 들여",http://www.ytn.co.kr/_ln/0101_201403111751550421
42,"[신차드라이브]벤츠 GLS, 성공하면 꼭 타야할 'S클래스급 SUV'",http://www.etnews.com/20210304000112
43,"""신형 벤츠, 바스프 특수 강화 폴리아마이드 장착""",http://www.ebn.co.kr/news/n_view.html?id=594247
44,"[시승기] 세단 챔피언 방어전의 '우아한 펀치', 벤츠 E-클래스 타보니",http://www.iminju.net/news/articleView.html?idxno=58920
45,정보 당국도 모르는 김정은의 비밀 SUV는 어떤 車?,http://www.etoday.co.kr/news/section/newsview.php?TM=news&SM=2302&idxno=634306
46,"""한달에 2억"" 10살 호주 소녀 사업가가 장난감 사업으로 15살에는 은퇴가 가능할 만큼 대박 성공했다 (사진)",https://www.huffingtonpost.kr/entry/girl-early-retire-own-business_kr_61aea371e4b02df7c6ab6001?utm_id=naver
47,"‘SUV에도 진짜 S-클래스를’, 더 뉴 메르세데스-벤츠 GLS ",http://www.osen.co.kr/article/G1111360067
48,"SUV계의 S-클래스, 벤츠 GLS 출시…1억3860만원부터",http://www.edaily.co.kr/news/newspath.asp?newsid=01915526625772856
49,"메르세데스-벤츠 코리아, 'SUV의 S-클래스'를 표방하는 '더 뉴 메르세데스-벤츠 GLS' 출시",http://sports.chosun.com/news/ntype.htm?id=202005260100222740015897&servicedate=20200525
50,상반기 국내 중고차 관심도는…SUV 보다 '세단',https://view.asiae.co.kr/article/2021072411035614311
51,"상반기 SUV 열풍, 그러나 트렌드는 세단?",http://www.thedrive.co.kr/news/newsview.php?ncode=1065575483058284
52,"중고차·신차 그랜저 돌풍, 하반기에도 '쭉?'",http://www.ezyeconomy.com/news/articleView.html?idxno=112030
53,5년 만에 확 바뀐 벤츠 '더 뉴 GLS'…'SUV의 S클래스'로 불리는 이유는?,http://www.asiatoday.co.kr/view.php?key=20200525010013629
54,최고의 미국산 럭셔리 SUV는?,https://www.motortrendkorea.com/sub/view.html?no=5496&cate1Name=WHICHCAR
55,벤츠 A 클래스 세단 '최고가 아니면 만들지 않는다'...'다이내믹한 디자인',http://www.econonews.co.kr/news/articleView.html?idxno=108889
56,삼각별 달린 미니밴 등장? 전기차 부활을 꿈꾸는 R클래스,http://www.dailycar.co.kr/content/news.html?type=view&autoId=38180
57,"벤츠, 젊은 감각 준중형 SUV ‘더 뉴 GLA’ 출시",https://www.seoul.co.kr/news/newsView.php?id=20201027021037&wlog_tag3=naver
58,"[하종선 칼럼]벤츠, 美정부·집단소송원고들과 민사벌금·손해배상 등 22억 달러에 합의",http://www.nspna.com/news/?mode=view&newsid=453678
59,"2012 뉴욕오토쇼, 주목할 신차는?",http://autotimes.hankyung.com/apps/news.sub_view?popup=0&nid=04&c1=04&c2=04&c3=00&nkey=201204051540431
60,갑부들이 선호하는 차 1위는?,http://www.edaily.co.kr/news/newspath.asp?newsid=01925366599627976
61,美 갑부들이 가장 선호하는 차 1위는?,http://www.fnnews.com/view?ra=Sent0601m_01A&corp=fnnews&arcid=201208120100097250005645&cDateYear=2012&cDateMonth=08&cDateDay=12&
62,삼각별·BMW 감성 품은 `쿠페형 SUV`,http://www.dt.co.kr/contents.html?article_no=2020030502150832052001&ref=naver
63,"`각` 잡힌 오빠들, 스마트 지프의 유혹",http://news.mk.co.kr/news_forward.php?domain=news&no=579096&year=2012
64,자동차 트렌드를 한눈에 ‘2012 뉴욕 모터쇼’,http://www.fnnews.com/view?ra=Sent0601m_01A&corp=fnnews&arcid=201204060100060200003615&cDateYear=2012&cDateMonth=04&cDateDay=06&
65,"[조창현의 新車, 名車시승기] 잘 빠진 근육질 몸매 역시 소리 없이 강했다",http://www.donga.com/docs/magazine/viewer.php?mgz_part=weekly&n=201203120500033
66,[시승기] 3열 공간 넉넉한 6인승 SUV..기아차 신형 쏘렌토,http://www.dailycar.co.kr/content/news.html?type=view&autoId=36262
67,[시승기] 르노삼성의 부활을 알리는 신호탄..쿠페형 SUV ‘XM3’,http://www.dailycar.co.kr/content/news.html?type=view&autoId=35997
68,"[워너비 카] 벤츠의 대형 럭셔리 SUV, GL 클래스",http://www.it.co.kr/news/mediaitNewsView.php?nSeq=2705910
69,르노삼성 XM3 흥행질주…임단협 타결 촉매 기대,http://www.kookje.co.kr/news2011/asp/newsbody.asp?code=0200&key=20200318.22013007053
70,르노삼성 크로스오버 XM3..사전계약 5천대 돌파!,http://www.dailycar.co.kr/content/news.html?type=view&autoId=35998
71,"‘클라쓰’가 다른 SUV, 메르세데스 벤츠 GLS",https://www.motortrendkorea.com/sub/view.html?no=4817&cate1Name=NEWCAR
72,"獨 검찰, 배출가스 초과 디젤차 판매한 다임러AG에 1조1천여억원 벌금 부과",http://www.autodaily.co.kr/news/articleView.html?idxno=411710
73,요즘 뜨는 ‘그 차’ 디자이너..그들의 과거 작품 살펴보니...,http://www.dailycar.co.kr/content/news.html?type=view&autoId=31304
74,"잘나가는 벤츠 GL, 이번엔 하이브리드 'GLC 350 e 4매틱' 출시",http://www.gpkorea.com/news/articleView.html?idxno=40997
75,김정은 ‘20억 짜리 롤스로이스 팬텀 아머드’ 어디서 났나?,http://www.newdaily.co.kr/site/data/html/2018/10/22/2018102200230.html
76,드디어 등장한 SUV의 S클래스 '뉴 GLS',http://www.fortunekorea.co.kr/news/articleView.html?idxno=12590
77,"2011년 모델, 미국에서 가장 안전한 자동차는",http://biz.heraldcorp.com/view.php?ud=20150130000124
78,"애스턴 마틴, 침묵 속 '라곤다' 이번엔 깨울까?",http://www.etnews.com/news/home_mobile/automobile/2855691_1485.html
79,"베이징모터쇼, 놓쳐선 안 될 ‘화제의 車’ 총 정리",http://car.donga.com/3/all/20140415/62783956/2
80,미국 자동차 시장에서 일본 브랜드의 건재함 과시,http://www.betanews.net/article/543247
81,"[車블랙박스]'CLS·'GLE'…벤츠 모델명, 어떤 의미?",http://www.newsis.com/view/?id=NISX20200217_0000921863&cID=13001&pID=13000
82,"""차 타고 날아봐?"" 그 자동차 뜨자마자…",http://www.asiae.co.kr/news/view.htm?idxno=2012040609064844203
83,‘최고 300km’ 6억원 짜리 초호화 SUV 공개,http://nownews.seoul.co.kr/news/newsView.php?id=20100126601014
84,"휴먼다큐 사랑 안현수 우나리, 러시아에서 얼마 받았나? '억'소리나네!",http://www.wowtv.co.kr/newscenter/news/view.asp?bcode=T30001000&artid=A201505120584
85,‘2015 LA 오토쇼’ 열려,http://www.radiokorea.com/news/article.php?uid=198174
86,[구상 칼럼] 벤츠의 럭셔리 대형 SUV..GLS 디자인의 특징은?,http://www.dailycar.co.kr/content/news.html?type=view&autoId=34963
87,"美 IIHS, 차량 별로 어린이 카시트 장착 난이도 평가한다",http://www.kbench.com/?q=node/152045
88,"기아차, 유아용 카시트 사용 편의 ‘형보다 나은 아우’",http://www.ebn.co.kr/news/view/768448
89,"재규어, 2019년 신형 SUV ‘J-페이스’ 출시 예정",http://car.donga.com/3/all/20150504/71064402/2
90,럭셔리 SUV 시장 '불꽃' 경쟁 예고,http://www.newspim.com/common/redirect.jsp?newsId=20140127000401
91,매경프리미엄 12월 인기기사,http://news.mk.co.kr/news_forward.php?domain=news&no=1360471&year=2013
92,"기아차 쏘렌토, 美 IIHS조사 사망률 제로 기록",http://car.donga.com/3/all/20150202/69435849/2
93,실체 드러낸 아우디 소형 SUV “BMW에 맞대응”,http://car.donga.com/3/all/20131203/59296939/3
94,실체 드러낸 아우디 소형 SUV “BMW에 맞대응”,http://car.donga.com/3/all/20131203/59296939/2
95,"쏘렌토, 美IIHS 선정 ‘운전자 사망 없는 차’",http://www.zdnet.co.kr/ArticleView.asp?artice_id=20150130083831
96,美 신형 차량 사망사고 3년 전 모델보다 40% 줄어,http://app.yonhapnews.co.kr/YNA/Basic/SNS/r.aspx?c=AKR20150130053200009&did=1195m
97,"브라부스, 620마력 GL63 AMG 공개",http://autotimes.hankyung.com/apps/news.sub_view?popup=0&nid=04&c1=04&c2=04&c3=00&nkey=201306171108131
98,"BMW, 럭셔리 SUV 'X7' 어떤 모습?",http://www.asiatoday.co.kr/view.php?key=20141014010007384
99,전세계 신차 '디트로이트 대전',https://news.naver.com/main/read.naver?mode=LSD&mid=sec&sid1=103&oid=011&aid=0000115033
100,"'휴먼다큐' 안현수 우나리, 애마는 벤츠 ""여보 축하해. 부릉부릉""...가격보니 '허걱'",https://news.naver.com/main/read.naver?mode=LSD&mid=sec&sid1=106&oid=011&aid=0002681295
101,"안현수 벤츠 인증샷, 아내 우나리 ""여보 축하해~""",http://www.newdaily.co.kr/news/article.html?no=194106
102,'내셔널 트래져 2' 간접광고로 벤츠 등장,https://news.naver.com/main/read.naver?mode=LSD&mid=sec&sid1=104&oid=001&aid=0001857260
103,"안현수 벤츠, 국내 출시되지 않아…가격 약 1억 6천",http://www.ajunews.com/view/20140228153406481
104,"바스프, 벤츠 엔진에 세계최초 엔지니어링 플라스틱 적용",http://www.dt.co.kr/contents.html?article_no=2013030702019932781001
105,"김정은, 요트·벤츠車 등 사는데 수천억 들여",http://www.ytn.co.kr/_ln/0101_201403111751550421
106,"[신차드라이브]벤츠 GLS, 성공하면 꼭 타야할 'S클래스급 SUV'",http://www.etnews.com/20210304000112
107,"""신형 벤츠, 바스프 특수 강화 폴리아마이드 장착""",http://www.ebn.co.kr/news/n_view.html?id=594247
108,"[시승기] 세단 챔피언 방어전의 '우아한 펀치', 벤츠 E-클래스 타보니",http://www.iminju.net/news/articleView.html?idxno=58920
109,정보 당국도 모르는 김정은의 비밀 SUV는 어떤 車?,http://www.etoday.co.kr/news/section/newsview.php?TM=news&SM=2302&idxno=634306
110,"""한달에 2억"" 10살 호주 소녀 사업가가 장난감 사업으로 15살에는 은퇴가 가능할 만큼 대박 성공했다 (사진)",https://www.huffingtonpost.kr/entry/girl-early-retire-own-business_kr_61aea371e4b02df7c6ab6001?utm_id=naver
111,"‘SUV에도 진짜 S-클래스를’, 더 뉴 메르세데스-벤츠 GLS ",http://www.osen.co.kr/article/G1111360067
112,"SUV계의 S-클래스, 벤츠 GLS 출시…1억3860만원부터",http://www.edaily.co.kr/news/newspath.asp?newsid=01915526625772856
113,"메르세데스-벤츠 코리아, 'SUV의 S-클래스'를 표방하는 '더 뉴 메르세데스-벤츠 GLS' 출시",http://sports.chosun.com/news/ntype.htm?id=202005260100222740015897&servicedate=20200525
114,상반기 국내 중고차 관심도는…SUV 보다 '세단',https://view.asiae.co.kr/article/2021072411035614311
115,"상반기 SUV 열풍, 그러나 트렌드는 세단?",http://www.thedrive.co.kr/news/newsview.php?ncode=1065575483058284
116,"엔카닷컴, ""상반기 SUV 열풍 속 여전히 세단 관심 높아""",http://www.thebigdata.co.kr/view.php?ud=202107211123493349d0a8833aad_23
117,"중고차·신차 그랜저 돌풍, 하반기에도 '쭉?'",http://www.ezyeconomy.com/news/articleView.html?idxno=112030
118,5년 만에 확 바뀐 벤츠 '더 뉴 GLS'…'SUV의 S클래스'로 불리는 이유는?,http://www.asiatoday.co.kr/view.php?key=20200525010013629
119,최고의 미국산 럭셔리 SUV는?,https://www.motortrendkorea.com/sub/view.html?no=5496&cate1Name=WHICHCAR
120,상반기 국내 중고차 관심도는…SUV 보다 '세단',https://view.asiae.co.kr/article/2021072411035614311
121,"상반기 SUV 열풍, 그러나 트렌드는 세단?",http://www.thedrive.co.kr/news/newsview.php?ncode=1065575483058284
122,"엔카닷컴, ""상반기 SUV 열풍 속 여전히 세단 관심 높아""",http://www.thebigdata.co.kr/view.php?ud=202107211123493349d0a8833aad_23
123,"중고차·신차 그랜저 돌풍, 하반기에도 '쭉?'",http://www.ezyeconomy.com/news/articleView.html?idxno=112030
124,"S클래스의 위용 고스란히 갖춘 3세대 '벤츠, 더 뉴 GLS' 국내 선보여… 어떻게 달라졌나?",http://digitalchosun.dizzo.com/site/data/html_dir/2020/05/25/2020052580266.html
125,5년 만에 확 바뀐 벤츠 '더 뉴 GLS'…'SUV의 S클래스'로 불리는 이유는?,http://www.asiatoday.co.kr/view.php?key=20200525010013629
126,"더 뉴 메르세데스-벤츠 GLS ""SUV의 S-클래스 표방""",http://www.newsprime.co.kr/news/article.html?no=505555
127,최고의 미국산 럭셔리 SUV는?,https://www.motortrendkorea.com/sub/view.html?no=5496&cate1Name=WHICHCAR
128,벤츠 A 클래스 세단 '최고가 아니면 만들지 않는다'...'다이내믹한 디자인',http://www.econonews.co.kr/news/articleView.html?idxno=108889
129,삼각별 달린 미니밴 등장? 전기차 부활을 꿈꾸는 R클래스,http://www.dailycar.co.kr/content/news.html?type=view&autoId=38180
130,"엔카닷컴 “세단, 상반기 SUV 열풍 속 여전히 높은 관심”",http://www.lawissue.co.kr/view.php?ud=20210721150725950267191f6c6e_12
131,"중고차·신차 그랜저 돌풍, 하반기에도 '쭉?'",http://www.ezyeconomy.com/news/articleView.html?idxno=112030
132,"S클래스의 위용 고스란히 갖춘 3세대 '벤츠, 더 뉴 GLS' 국내 선보여… 어떻게 달라졌나?",http://digitalchosun.dizzo.com/site/data/html_dir/2020/05/25/2020052580266.html
133,5년 만에 확 바뀐 벤츠 '더 뉴 GLS'…'SUV의 S클래스'로 불리는 이유는?,http://www.asiatoday.co.kr/view.php?key=20200525010013629
134,"더 뉴 메르세데스-벤츠 GLS ""SUV의 S-클래스 표방""",http://www.newsprime.co.kr/news/article.html?no=505555
135,최고의 미국산 럭셔리 SUV는?,https://www.motortrendkorea.com/sub/view.html?no=5496&cate1Name=WHICHCAR
136,벤츠 A 클래스 세단 '최고가 아니면 만들지 않는다'...'다이내믹한 디자인',http://www.econonews.co.kr/news/articleView.html?idxno=108889
137,삼각별 달린 미니밴 등장? 전기차 부활을 꿈꾸는 R클래스,http://www.dailycar.co.kr/content/news.html?type=view&autoId=38180
138,"벤츠, 젊은 감각 준중형 SUV ‘더 뉴 GLA’ 출시",https://www.seoul.co.kr/news/newsView.php?id=20201027021037&wlog_tag3=naver
139,"[하종선 칼럼]벤츠, 美정부·집단소송원고들과 민사벌금·손해배상 등 22억 달러에 합의",http://www.nspna.com/news/?mode=view&newsid=453678
140,'SUV의 S클래스' 벤츠 GLS 신형 출시,http://www.thedrive.co.kr/news/newsview.php?ncode=1065572570706994
141,최고의 미국산 럭셔리 SUV는?,https://www.motortrendkorea.com/sub/view.html?no=5496&cate1Name=WHICHCAR
142,벤츠 A 클래스 세단 '최고가 아니면 만들지 않는다'...'다이내믹한 디자인',http://www.econonews.co.kr/news/articleView.html?idxno=108889
143,삼각별 달린 미니밴 등장? 전기차 부활을 꿈꾸는 R클래스,http://www.dailycar.co.kr/content/news.html?type=view&autoId=38180
144,"벤츠, 젊은 감각 준중형 SUV ‘더 뉴 GLA’ 출시",https://www.seoul.co.kr/news/newsView.php?id=20201027021037&wlog_tag3=naver
145,"[하종선 칼럼]벤츠, 美정부·집단소송원고들과 민사벌금·손해배상 등 22억 달러에 합의",http://www.nspna.com/news/?mode=view&newsid=453678
146,'2012 뉴욕모터쇼'에 데뷔한 각종 신차들 보니,http://www.moneytoday.co.kr/view/mtview.php?type=1&no=2012040516473440475&outlink=1
147,"2012 뉴욕오토쇼, 주목할 신차는?",http://autotimes.hankyung.com/apps/news.sub_view?popup=0&nid=04&c1=04&c2=04&c3=00&nkey=201204051540431
148,갑부들이 선호하는 차 1위는?,http://www.edaily.co.kr/news/newspath.asp?newsid=01925366599627976
149,美 갑부들이 가장 선호하는 차 1위는?,http://www.fnnews.com/view?ra=Sent0601m_01A&corp=fnnews&arcid=201208120100097250005645&cDateYear=2012&cDateMonth=08&cDateDay=12&
150,삼각별·BMW 감성 품은 `쿠페형 SUV`,http://www.dt.co.kr/contents.html?article_no=2020030502150832052001&ref=naver
151,"`각` 잡힌 오빠들, 스마트 지프의 유혹",http://news.mk.co.kr/news_forward.php?domain=news&no=579096&year=2012
152,자동차 트렌드를 한눈에 ‘2012 뉴욕 모터쇼’,http://www.fnnews.com/view?ra=Sent0601m_01A&corp=fnnews&arcid=201204060100060200003615&cDateYear=2012&cDateMonth=04&cDateDay=06&
153,"[조창현의 新車, 名車시승기] 잘 빠진 근육질 몸매 역시 소리 없이 강했다",http://www.donga.com/docs/magazine/viewer.php?mgz_part=weekly&n=201203120500033
154,[시승기] 3열 공간 넉넉한 6인승 SUV..기아차 신형 쏘렌토,http://www.dailycar.co.kr/content/news.html?type=view&autoId=36262
155,"[사진]링컨 고급세단 MKZ, 뉴욕모터쇼 최초공개",http://www.moneytoday.co.kr/view/mtview.php?type=1&no=2012040516474950903&outlink=1
156,[시승기] 르노삼성의 부활을 알리는 신호탄..쿠페형 SUV ‘XM3’,http://www.dailycar.co.kr/content/news.html?type=view&autoId=35997
157,"[워너비 카] 벤츠의 대형 럭셔리 SUV, GL 클래스",http://www.it.co.kr/news/mediaitNewsView.php?nSeq=2705910
158,르노삼성 XM3 흥행질주…임단협 타결 촉매 기대,http://www.kookje.co.kr/news2011/asp/newsbody.asp?code=0200&key=20200318.22013007053
159,르노삼성 크로스오버 XM3..사전계약 5천대 돌파!,http://www.dailycar.co.kr/content/news.html?type=view&autoId=35998
160,[사진]토요타 신형 ES 뉴욕모터쇼서 공개,http://www.moneytoday.co.kr/view/mtview.php?type=1&no=2012040516480062921&outlink=1
161,[시승기] 르노삼성의 부활을 알리는 신호탄..쿠페형 SUV ‘XM3’,http://www.dailycar.co.kr/content/news.html?type=view&autoId=35997
162,"[워너비 카] 벤츠의 대형 럭셔리 SUV, GL 클래스",http://www.it.co.kr/news/mediaitNewsView.php?nSeq=2705910
163,르노삼성 XM3 흥행질주…임단협 타결 촉매 기대,http://www.kookje.co.kr/news2011/asp/newsbody.asp?code=0200&key=20200318.22013007053
164,르노삼성 크로스오버 XM3..사전계약 5천대 돌파!,http://www.dailycar.co.kr/content/news.html?type=view&autoId=35998
165,"벤츠 코리아, 더 넓어진 실내에 첨단 편의사양 더한 '더 뉴 메르세데스-벤츠 GLS' 출시",http://kr.aving.net/news/view.php?articleId=1575792&Branch_ID=kr&rssid=naver&mn_name=news
166,"‘클라쓰’가 다른 SUV, 메르세데스 벤츠 GLS",https://www.motortrendkorea.com/sub/view.html?no=4817&cate1Name=NEWCAR
167,"獨 검찰, 배출가스 초과 디젤차 판매한 다임러AG에 1조1천여억원 벌금 부과",http://www.autodaily.co.kr/news/articleView.html?idxno=411710
168,요즘 뜨는 ‘그 차’ 디자이너..그들의 과거 작품 살펴보니...,http://www.dailycar.co.kr/content/news.html?type=view&autoId=31304
169,"잘나가는 벤츠 GL, 이번엔 하이브리드 'GLC 350 e 4매틱' 출시",http://www.gpkorea.com/news/articleView.html?idxno=40997
170,벤츠도 SUV 시장 참전···플래그십 ‘GLS‘ 국내 출시,http://www.ekn.kr/news/article.html?no=501224
171,"獨 검찰, 배출가스 초과 디젤차 판매한 다임러AG에 1조1천여억원 벌금 부과",http://www.autodaily.co.kr/news/articleView.html?idxno=411710
172,요즘 뜨는 ‘그 차’ 디자이너..그들의 과거 작품 살펴보니...,http://www.dailycar.co.kr/content/news.html?type=view&autoId=31304
173,"잘나가는 벤츠 GL, 이번엔 하이브리드 'GLC 350 e 4매틱' 출시",http://www.gpkorea.com/news/articleView.html?idxno=40997
174,"벤츠, 대형 SUV ‘더 뉴 GLS’ 출시",https://biz.chosun.com/site/data/html_dir/2020/05/25/2020052501700.html?utm_source=naver&utm_medium=original&utm_campaign=biz
175,김정은 ‘20억 짜리 롤스로이스 팬텀 아머드’ 어디서 났나?,http://www.newdaily.co.kr/site/data/html/2018/10/22/2018102200230.html
176,드디어 등장한 SUV의 S클래스 '뉴 GLS',http://www.fortunekorea.co.kr/news/articleView.html?idxno=12590
177,"2011년 모델, 미국에서 가장 안전한 자동차는",http://biz.heraldcorp.com/view.php?ud=20150130000124
178,"애스턴 마틴, 침묵 속 '라곤다' 이번엔 깨울까?",http://www.etnews.com/news/home_mobile/automobile/2855691_1485.html
179,"러시아, 안현수·소트니코바 등 메달리스트에 최고급 차량 선물",http://xportsnews.hankyung.com/?ac=article_view&entry_id=424397
180,드디어 등장한 SUV의 S클래스 '뉴 GLS',http://www.fortunekorea.co.kr/news/articleView.html?idxno=12590
181,"2011년 모델, 미국에서 가장 안전한 자동차는",http://biz.heraldcorp.com/view.php?ud=20150130000124
182,"애스턴 마틴, 침묵 속 '라곤다' 이번엔 깨울까?",http://www.etnews.com/news/home_mobile/automobile/2855691_1485.html
183,"러시아, 안현수·소트니코바 등 메달리스트에 최고급 차량 선물",http://xportsnews.hankyung.com/?ac=article_view&entry_id=424397
184,"베이징모터쇼, 놓쳐선 안 될 ‘화제의 車’ 총 정리",http://car.donga.com/3/all/20140415/62783956/2
185,"바스프, 플라스틱 엔진 부품 상용화 돌입",http://autotimes.hankyung.com/apps/news.sub_view?popup=0&nid=06&c1=06&c2=06&c3=00&nkey=201303071721501
186,미국 자동차 시장에서 일본 브랜드의 건재함 과시,http://www.betanews.net/article/543247
187,"[車블랙박스]'CLS·'GLE'…벤츠 모델명, 어떤 의미?",http://www.newsis.com/view/?id=NISX20200217_0000921863&cID=13001&pID=13000
188,"""차 타고 날아봐?"" 그 자동차 뜨자마자…",http://www.asiae.co.kr/news/view.htm?idxno=2012040609064844203
189,‘최고 300km’ 6억원 짜리 초호화 SUV 공개,http://nownews.seoul.co.kr/news/newsView.php?id=20100126601014
190,‘최고 300km’ 6억원 짜리 초호화 SUV 공개,http://nownews.seoul.co.kr/news/newsView.php?id=20100126601014
191,"휴먼다큐 사랑 안현수 우나리, 러시아에서 얼마 받았나? '억'소리나네!",http://www.wowtv.co.kr/newscenter/news/view.asp?bcode=T30001000&artid=A201505120584
192,‘2015 LA 오토쇼’ 열려,http://www.radiokorea.com/news/article.php?uid=198174
193,[구상 칼럼] 벤츠의 럭셔리 대형 SUV..GLS 디자인의 특징은?,http://www.dailycar.co.kr/content/news.html?type=view&autoId=34963
194,"美 IIHS, 차량 별로 어린이 카시트 장착 난이도 평가한다",http://www.kbench.com/?q=node/152045
195,"기아차, 유아용 카시트 사용 편의 ‘형보다 나은 아우’",http://www.ebn.co.kr/news/view/768448
196,"김정은 사치생활, 아버지 능가",http://www.ytn.co.kr/_ln/0101_201403111619069318
197,"재규어, 2019년 신형 SUV ‘J-페이스’ 출시 예정",http://car.donga.com/3/all/20150504/71064402/2
198,럭셔리 SUV 시장 '불꽃' 경쟁 예고,http://www.newspim.com/common/redirect.jsp?newsId=20140127000401
199,매경프리미엄 12월 인기기사,http://news.mk.co.kr/news_forward.php?domain=news&no=1360471&year=2013
200,매경프리미엄 12월 인기기사,http://news.mk.co.kr/news_forward.php?domain=news&no=1360471&year=2013
201,"기아차 쏘렌토, 美 IIHS조사 사망률 제로 기록",http://car.donga.com/3/all/20150202/69435849/1
202,실체 드러낸 아우디 소형 SUV “BMW에 맞대응”,http://car.donga.com/3/all/20131203/59296939/3
203,실체 드러낸 아우디 소형 SUV “BMW에 맞대응”,http://car.donga.com/3/all/20131203/59296939/2
204,"쏘렌토, 美IIHS 선정 ‘운전자 사망 없는 차’",http://www.zdnet.co.kr/ArticleView.asp?artice_id=20150130083831
205,"사망률 0…美, 가장 안전한 車에 ‘쏘렌토’ 랭크",http://biz.heraldcorp.com/view.php?ud=20150130000481
206,美 신형 차량 사망사고 3년 전 모델보다 40% 줄어,http://app.yonhapnews.co.kr/YNA/Basic/SNS/r.aspx?c=AKR20150130053200009&did=1195m
207,"브라부스, 620마력 GL63 AMG 공개",http://autotimes.hankyung.com/apps/news.sub_view?popup=0&nid=04&c1=04&c2=04&c3=00&nkey=201306171108131
208,"BMW, 럭셔리 SUV 'X7' 어떤 모습?",http://www.asiatoday.co.kr/view.php?key=20141014010007384
209,전세계 신차 '디트로이트 대전',https://news.naver.com/main/read.naver?mode=LSD&mid=sec&sid1=103&oid=011&aid=0000115033
210,"브라부스, 620마력 GL63 AMG 공개",http://autotimes.hankyung.com/apps/news.sub_view?popup=0&nid=04&c1=04&c2=04&c3=00&nkey=201306171108131
211,"BMW, 럭셔리 SUV 'X7' 어떤 모습?",http://www.asiatoday.co.kr/view.php?key=20141014010007384
212,전세계 신차 '디트로이트 대전',https://news.naver.com/main/read.naver?mode=LSD&mid=sec&sid1=103&oid=011&aid=0000115033
213,"BMW X7 렌더링 이미지 공개, 더 커진 그릴·범퍼",http://car.donga.com/3/all/20140521/63636057/1
214,“더욱 길어진 차체” BMW X7 스파이샷 포착,http://car.donga.com/3/all/20140425/63050995/2
215,"BMW 'X7' SUV, 오는 4월 '2014 베이징모터쇼'서 첫선",http://www.mt.co.kr/view/mtview.php?type=1&no=2014032511131915685&outlink=1
216,"안현수 부인 우나리 졸업사진, 모태미모 '눈길'",http://tvdaily.co.kr/read.php3?aid=1393653669660851017
217,[이머징 이슈]슈퍼 엔지니어링 플라스틱,http://www.etnews.com/news/special/2899583_1525.html
218,벤츠 '친환경·고성능·럭셔리'로 5년 연속 1위 도전,http://www.ebn.co.kr/news/view/1017659/?sc=naver
219,“쌓아놔도 안 팔리는 차” 미국시장 1위는?,http://www.segye.com/Articles/NEWS/ECONOMY/Article.asp?aid=20130526001520&subctg1=&subctg2=&OutUrl=naver
220,“쌓아놔도 안 팔리는 차” 미국시장 1위는?,http://www.segye.com/Articles/NEWS/ECONOMY/Article.asp?aid=20130526001520&subctg1=&subctg2=&OutUrl=naver
221,중국 겨냥한 레인지로버 최초의 롱 휠베이스 버전!,http://news.donga.com/3/all/20120724/48003949/2
222,"람보르기니, 20년만에 SUV ‘우루스’ 공개",http://www.etoday.co.kr/news/section/newsview.php?TM=news&SM=3104&idxno=575286
223,"현대차, 인도 SUV '삼수'만에 대박?",http://www.asiae.co.kr/news/view.htm?idxno=2010112609474879543
224,현대차 싼타페 '인도 SUV 시장에 출사표',http://www.etoday.co.kr/news/section/newsview.php?TM=news&SM=0405&idxno=367133
225,2006 디트로이트 모터쇼 9일 개막,https://news.naver.com/main/read.naver?mode=LSD&mid=sec&sid1=103&oid=001&aid=0001191547
226,최근 10년간 출시된 벤츠 중 최고 모델 톱 10,http://www.thedrive.co.kr/news/newsview.php?ncode=1065592012825755
227,[시승기] SUV계의 S클래스 '벤츠 GLS',http://www.moneyweek.co.kr/news/mwView.php?type=1&no=2017060101208075649&outlink=1
228,"벤츠, 모델名 체계 바꾼다…'GL' 'CL' 등 심플명확",http://biz.newdaily.co.kr/news/article.html?no=10053126
229,"[2016 수입차 이들을 주목하라 (Ⅰ)] 메르세데스벤츠, 세련된 A클래스 젊은층 유혹… SUV 모델 전면 재정비도",https://news.naver.com/main/read.naver?mode=LSD&mid=sec&sid1=101&oid=011&aid=0002787741
230,"[2016 수입차 이들을 주목하라 (Ⅰ)] 메르세데스벤츠, 세련된 A클래스 젊은층 유혹… SUV 모델 전면 재정비도",https://news.naver.com/main/read.naver?mode=LSD&mid=sec&sid1=101&oid=011&aid=0002787741
231,"벤츠 SUV의 끝판왕,GLS 클래스 나온다",http://biz.heraldcorp.com/view.php?ud=20151020000097
232,"[시승기]벤츠 GLE, E클래스 같이 안락한 SUV",http://www.edaily.co.kr/news/newspath.asp?newsid=01518646612520672
233,[권녕찬의 車 탐구생활] 벤츠 GLC·CLA·SLC 헷갈리니?…'알면 보인다',http://www.ebn.co.kr/news/view/970217
234,"벤츠코리아, 6천만원대 왜건형 C클래스 내달 출시",http://www.seoulfn.com/news/articleView.html?idxno=230282
235,[JOY RIDE] 메르세데스 벤츠 더 뉴 S클래스 'S500롱휠베이스',https://news.naver.com/main/read.naver?mode=LSD&mid=sec&sid1=101&oid=011&aid=0002535502
236,"2012 벤츠 GL, GL63 AMG 스파이샷 포착",http://news.mk.co.kr/news_forward.php?no=696252&year=2011
237,"벤츠, X6 라이벌 M-클래스 쿠페 모델 만든다",http://news.mk.co.kr/news_forward.php?no=483788&year=2011
238,벤츠 M클래스 디자인 주인공은 한국계,http://www.hankyung.com/news/app/newsview.php?aid=2012052328981
239,"[시승]미국을 위한 8기통의 여유, 벤츠 GLS500",http://autotimes.hankyung.com/apps/news.sub_view?popup=0&nid=06&c1=06&c2=06&c3=00&nkey=201711131422241
240,"강력한 파워와 럭셔리한 실내 공간, 존재감 빛나는 벤츠 플래그십 SUV",http://www.sedaily.com/NewsView/1OL0WU3V6O
241,"[BIMOS 2018] 벤츠, 'SUV 신형 GLE'...부산서 세계 최초 공개?",http://it.chosun.com/site/data/html_dir/2018/06/06/2018060600264.html
242,벤츠 전기차 'EQ 한국상륙작전' 본격 속도낸다,http://www.gpkorea.com/news/articleView.html?idxno=42836
243,북한 지도층이 사랑하는 차는? '벤츠',http://autotimes.hankyung.com/apps/news.sub_view?popup=0&nid=01&c1=01&c2=01&c3=00&nkey=201804262224371
244,"[집중분석] 벤츠 SUV 패밀리, 전년대비 183.66% 성장 ""다양하고 강력하다""",http://www.newsprime.co.kr/news/article.html?no=357718
245,메르세데스-벤츠 미국에 10억달러 투자…전기차 생산 위해,http://it.chosun.com/news/article.html?no=2840413
246,"메르세데스-벤츠, 베트남에서 파워시스템 결함으로 1234대 리콜",http://www.g-enews.com/ko-kr/news/article/news_all/201709191022303310e8b8a793f7_1/article.html
247,[클릭!이 차]메르세데스-벤츠 더 뉴 GLS,http://www.etnews.com/20161013000088
248,"벤츠, 더 뉴 GLS와 GLE 쿠페 10월 국내 최초 출시...새로운 명명법 비밀은?",http://www.fnnews.com/news/201610101131028756
249,메르세데스-벤츠 GLE 쿠페 리뷰 - 더욱 매력적인 크로스오버 라인업을 완성하다,http://autoin.edaily.co.kr/news/newspath.asp?newsid=02030326615867256
250,[오늘의 자동차 소식] 10/10 메르세데스-벤츠 GLS와 GLE 쿠페 10월 출시 등,http://it.donga.com/25210/
251,메르세데스-벤츠 GLE 쿠페 리뷰 - 더욱 매력적인 크로스오버 라인업을 완성하다,http://autoin.edaily.co.kr/news/newspath.asp?newsid=02030326615867256
252,"""이건 무슨 뜻이야?"" 벤츠·BMW, 모델명의 의미는?",http://www.asiatoday.co.kr/view.php?key=20170107010004098
253,[THE CAR] 럭셔리세단 같은 SUV…벤츠의 영토확장,http://news.mk.co.kr/newsRead.php?no=806978&year=2016
254,[시승기]벤츠 SUV 성공신화 잇는다 'GLE 쿠페·GLS',http://www.zdnet.co.kr/ArticleView.asp?artice_id=20161114102810
255,"메르세데스-벤츠, 중국서 수입차 3만9458대 리콜",http://www.g-enews.com/ko-kr/news/article/news_all/20170911075627638e8b8a793f7_1/article.html
256,"벤츠, GLS와 GLE쿠페 10월 중 출시… SUV라인업 완성한다",http://www.moneyweek.co.kr/news/mwView.php?type=1&no=2016101109068065283&outlink=1
257,벤츠 SUV 패밀리 `더뉴 GLS GLE쿠페` 출격준비 끝!,http://www.gpkorea.com/bbs/board.php?bo_table=gp_motorsports&wr_id=15973
258,'SUV도 메르세데스-벤츠' 4분기 '더 뉴 GLS·더 뉴 GLE 쿠페' 출격,http://www.ajunews.com/view/20160922110841530
259,[럭셔리 수입차-메르세데스벤츠 GLC·GLE] 콤팩트서 대형까지···국내 판매 SUV 4개차종 11개 라인업,http://www.sedaily.com/NewsView/1L08P9BHU2
260,"메르세데스-벤츠, '더 뉴 GLS'·'더 뉴 GLE 쿠페' 이달 출시",http://www.ajunews.com/view/20161010120249393
261,벤츠 SUV 패밀리 `더뉴 GLS GLE쿠페` 출격준비 끝!,http://www.gpkorea.com/bbs/board.php?bo_table=gp_motorsports&wr_id=15973
262,'SUV도 메르세데스-벤츠' 4분기 '더 뉴 GLS·더 뉴 GLE 쿠페' 출격,http://www.ajunews.com/view/20160922110841530
263,[시승기] 벤츠 GLS·GLE 쿠페…1억원대 '럭셔리 SUV' 값어치 할까?,http://it.chosun.com/news/article.html?no=2826596
264,[럭셔리 수입차-메르세데스벤츠 GLC·GLE] 콤팩트서 대형까지···국내 판매 SUV 4개차종 11개 라인업,http://www.sedaily.com/NewsView/1L08P9BHU2
265,"급경사·눈길도 거침없이 '씽씽'… 벤츠 SUV ""확실히 달라졌다""",https://news.naver.com/main/read.naver?mode=LSD&mid=sec&sid1=103&oid=011&aid=0002774803
266,"[이탈리아서 벤츠를 만나다③] 아힘 바트스투프너 외관디자인 총괄 ""한국인 디자이너, 우리에게는…""",http://view.asiae.co.kr/news/view.htm?idxno=2016061315322908530
267,"벤츠 GLE & GLC, 수입 SUV 시장 흔들 강한 녀석들이 온다",http://sports.donga.com/3/all/20151215/75383380/3
268,"더 뉴 GLS·더 뉴 GLE 쿠페 출시…벤츠, SUV 풀라인업 완성 눈앞",http://sports.donga.com/3/all/20161010/80721011/3
269,"벤츠, 스티어링 휠 연결부위 결함으로 미국에서 5만8000대 리콜",http://www.g-enews.com/ko-kr/news/article/news_all/201704240848239196dc27ddea51_1/article.html
270,'SUV도 메르세데스-벤츠' 4분기 '더 뉴 GLS·더 뉴 GLE 쿠페' 출격,http://www.ajunews.com/view/20160922110841530
271,[시승기] 벤츠 GLS·GLE 쿠페…1억원대 '럭셔리 SUV' 값어치 할까?,http://it.chosun.com/news/article.html?no=2826596
272,[럭셔리 수입차-메르세데스벤츠 GLC·GLE] 콤팩트서 대형까지···국내 판매 SUV 4개차종 11개 라인업,http://www.sedaily.com/NewsView/1L08P9BHU2
273,"급경사·눈길도 거침없이 '씽씽'… 벤츠 SUV ""확실히 달라졌다""",https://news.naver.com/main/read.naver?mode=LSD&mid=sec&sid1=103&oid=011&aid=0002774803
274,"벤츠코리아, SUV 풀라인업 갖춘다...10월 'GLS·GLE 쿠페' 출시",http://it.chosun.com/news/article.html?no=2824948
275,"[이탈리아서 벤츠를 만나다③] 아힘 바트스투프너 외관디자인 총괄 ""한국인 디자이너, 우리에게는…""",http://view.asiae.co.kr/news/view.htm?idxno=2016061315322908530
276,"벤츠 GLE & GLC, 수입 SUV 시장 흔들 강한 녀석들이 온다",http://sports.donga.com/3/all/20151215/75383380/3
277,"더 뉴 GLS·더 뉴 GLE 쿠페 출시…벤츠, SUV 풀라인업 완성 눈앞",http://sports.donga.com/3/all/20161010/80721011/3
278,"벤츠, 스티어링 휠 연결부위 결함으로 미국에서 5만8000대 리콜",http://www.g-enews.com/ko-kr/news/article/news_all/201704240848239196dc27ddea51_1/article.html
279,"렉서스의 출사표 ""신형 LS 등장 그리고 제네시스와 벤츠""",http://www.hankookilbo.com/v/6fd3e6eb0f3e40918e9ac18df49168da
280,"벤츠, 스티어링 휠 연결부위 결함으로 미국에서 5만8000대 리콜",http://www.g-enews.com/ko-kr/news/article/news_all/201704240848239196dc27ddea51_1/article.html
281,"렉서스의 출사표 ""신형 LS 등장 그리고 제네시스와 벤츠""",http://www.hankookilbo.com/v/6fd3e6eb0f3e40918e9ac18df49168da
282,"벤츠, SUV 시장 공략 강화…GLS·GLE 쿠페 출시 예정",http://www.asiatoday.co.kr/view.php?key=20161010010005037
283,"벤츠코리아, SUV 전열 재정비.. ‘쿠페부터 대형까지’",http://www.edaily.co.kr/news/newspath.asp?newsid=01436646612554128
284,"메르세데스-벤츠, 마이바흐·AMG 서브브랜드로 확장",http://view.asiae.co.kr/news/view.htm?idxno=2014111407210107595
285,"벤츠 GLC, 약점을 단번에 날려 버린 秀作",http://www.asiatoday.co.kr/view.php?key=20160322010013009
286,"""국내 프리미엄 SUV 시장에 승부수""…벤츠, 내년 1월 GLE·GLC 국내 출시",http://news.mtn.co.kr/newscenter/news_viewer.mtn?gidx=2015120114384110705
287,"벤츠, 이달 중 ‘더 뉴 GLS·GLE 쿠페’ 국내 첫 출시",http://www.idaegu.co.kr/news.php?code=ec06&mode=view&num=209073
288,"다임러, 벤츠·밴 다카다 에어백 결함으로 84만여대 리콜",http://biz.chosun.com/site/data/html_dir/2016/02/10/2016021000904.html
289,"'벤츠 gl500'받은 러시아 선수들, 안현수 벤츠 인증에 이어 ""소트니코바까지?""",http://mbn.mk.co.kr/pages/news/newsView.php?category=mbn00012&news_seq_no=1680982
290,"메르세데스-벤츠 SUV 라인업 강화, 이달에 더 뉴 GLS와 더 뉴 GLE 쿠페 출시",http://news.mk.co.kr/newsRead.php?no=706902&year=2016
291,"다임러, 벤츠·밴 다카다 에어백 결함으로 84만여대 리콜",http://biz.chosun.com/site/data/html_dir/2016/02/10/2016021000904.html
292,"메르세데스-벤츠, 새로운 네이밍 규칙 공개",http://www.gpkorea.com/bbs/board.php?bo_table=gp_motorsports&wr_id=11060
293,"'벤츠 gl500'받은 러시아 선수들, 안현수 벤츠 인증에 이어 ""소트니코바까지?""",http://mbn.mk.co.kr/pages/news/newsView.php?category=mbn00012&news_seq_no=1680982
294,"안현수, 아파트·포상금·훈장 이어 벤츠까지 '돈방석'",http://www.dailian.co.kr/news/view/424322/?sc=naver
295,벤츠 코리아 디미트리스 실라키스 대표 “2016년 SUV 판매량 두 배로 성장시킬 것”,http://www.ajunews.com/view/20151202050622888
296,[오늘의 자동차] SUV 라인업 강화 나선 벤츠…GLC·GLE 국내 첫선,https://news.naver.com/main/read.naver?mode=LSD&mid=sec&sid1=101&oid=011&aid=0002769088
297,럭셔리 SUV의 끝판왕… 벤츠 더 뉴 GLS의 ‘취향저격’,http://www.dt.co.kr/contents.html?article_no=2016122202101232808001
298,"벤츠코리아, 올해 4만대 이상 판매…""하반기 SUV 주력""",http://news1.kr/articles/?2361236
299,[CAR]큰 덩치만큼 부드럽고 넉넉… 과연 SUV의 ‘S클래스’,http://news.donga.com/3/all/20161124/81497664/1
300,[오늘의 자동차] SUV 라인업 강화 나선 벤츠…GLC·GLE 국내 첫선,https://news.naver.com/main/read.naver?mode=LSD&mid=sec&sid1=101&oid=011&aid=0002769088
301,럭셔리 SUV의 끝판왕… 벤츠 더 뉴 GLS의 ‘취향저격’,http://www.dt.co.kr/contents.html?article_no=2016122202101232808001
302,"벤츠코리아, 올해 4만대 이상 판매…""하반기 SUV 주력""",http://news1.kr/articles/?2361236
303,[CAR]큰 덩치만큼 부드럽고 넉넉… 과연 SUV의 ‘S클래스’,http://news.donga.com/3/all/20161124/81497664/1
304,"우나리, 푸틴이 선물한 안현수 벤츠 인증샷…가격은?",http://www.sportsseoul.com/news/read/342434
305,BMW ‘선방’에 벤츠 ‘카운터펀치’ 격돌,http://weekly2.cnbnews.com/category/read.html?bcode=7842
306,"소트니코바 벤츠, 러시아 정부 부상에 누리꾼 ""선수들 대우는 반성해야""",http://tvdaily.co.kr/read.php3?aid=1393549877660334016
307,‘통 크게 쏜’ 러시아…소치 메달리스트들에게 벤츠 한대씩,http://www.hani.co.kr/arti/sports/sports_general/626274.html
308,"벤츠, 베일벗는 'GLE' 6가지 모델…라이벌은 'BMW X6'",http://www.edaily.co.kr/news/newspath.asp?newsid=02430486609307584
309,"휴먼다큐 안현수, 러 정부에 벤츠+아파트까지 받아 '특급 대우'",https://news.naver.com/main/read.naver?mode=LSD&mid=sec&sid1=106&oid=011&aid=0002685330
310,"휴먼다큐 안현수, 러 정부에 벤츠+아파트까지 받아 '특급 대우'",https://news.naver.com/main/read.naver?mode=LSD&mid=sec&sid1=106&oid=011&aid=0002685330
311,"""벤테이가·컬리넌 게 섰거라"" 벤츠, SUV의 끝판왕 GLS 공개",http://www.edaily.co.kr/news/newspath.asp?newsid=01869606609564080
312,"‘휴먼다큐’ 안현수, 러시아 정부서 선물 받은 벤츠 가격은?…1억대 ‘럭셔리’",http://star.mbn.co.kr/view.php?no=452252&year=2015&refer=portal
313,"벤츠, '간단 명료' 새 브랜드·모델 시스템…마이바흐 부활",http://www.newsis.com/ar_detail/view.html?ar_id=NISX20141114_0013295673&cID=10402&pID=10400
314,"[유레카]벤츠 GLA?CLA, 작아도 벤츠는 역시 벤츠다",http://mbn.mk.co.kr/pages/news/newsView.php?category=mbn00003&news_seq_no=1993642
315,"안현수 벤츠 선물, 가격이 무려 ‘억대’…아파트와 포상금까지",http://star.mk.co.kr/v2/view_arts.php?no=322058&year=2014
316,"‘휴먼다큐’ 안현수, 러시아 정부로부터 1억6천만원 벤츠 포상",http://sports.khan.co.kr/news/sk_index.html?cat=view&art_id=201505130000043&sec_id=540101&pt=nv
317,"메르세데스-벤츠, 새로운 명명법 세운다",http://www.newscj.com/news/articleView.html?idxno=265113
318,"벤츠, 새로운 마이바흐 실내사진 공개 “뒷좌석이…”",http://car.donga.com/3/all/20141112/67832838/2
319,"[포토]벤츠 'AMG GLE 63 S', 눈에 쏙 들어오는 리어램프",http://www.edaily.co.kr/news/newspath.asp?newsid=01226726609308240
320,"[포토]벤츠 SUV 'GLS 350d 4MATIC', 숨길 수 없는 질주본능",http://www.edaily.co.kr/news/newspath.asp?newsid=01830246609564080
321,"‘휴먼다큐’ 안현수, 러시아 정부서 선물 받은 벤츠 가격은?…1억대 ‘럭셔리’",http://star.mbn.co.kr/view.php?no=452252&year=2015&refer=portal
322,"벤츠, '간단 명료' 새 브랜드·모델 시스템…마이바흐 부활",http://www.newsis.com/ar_detail/view.html?ar_id=NISX20141114_0013295673&cID=10402&pID=10400
323,"[유레카]벤츠 GLA?CLA, 작아도 벤츠는 역시 벤츠다",http://mbn.mk.co.kr/pages/news/newsView.php?category=mbn00003&news_seq_no=1993642
324,"안현수 벤츠 선물, 가격이 무려 ‘억대’…아파트와 포상금까지",http://star.mk.co.kr/v2/view_arts.php?no=322058&year=2014
325,"‘휴먼다큐’ 안현수, 러시아 정부로부터 벤츠 선물 받아 ‘깜짝’",http://sports.khan.co.kr/news/sk_index.html?cat=view&art_id=201505191532023&sec_id=540101&pt=nv
326,"‘휴먼다큐’ 안현수, 소치 金 따고 최고급 벤츠 SUV 포상",http://sports.khan.co.kr/news/sk_index.html?cat=view&art_id=201505130000013&sec_id=540101&pt=nv
327,"메르세데스-벤츠, 새로운 명명법 세운다",http://www.newscj.com/news/articleView.html?idxno=265113
328,"벤츠, 새로운 마이바흐 실내사진 공개 “뒷좌석이…”",http://car.donga.com/3/all/20141112/67832838/2
329,"[포토]벤츠 'AMG GLE 63 S', 위에서 내려다보니..",http://www.edaily.co.kr/news/newspath.asp?newsid=01223446609308240
330,"[유레카]벤츠 GLA?CLA, 작아도 벤츠는 역시 벤츠다",http://mbn.mk.co.kr/pages/news/newsView.php?category=mbn00003&news_seq_no=1993642
331,"안현수 벤츠 선물, 가격이 무려 ‘억대’…아파트와 포상금까지",http://star.mk.co.kr/v2/view_arts.php?no=322058&year=2014
332,"‘휴먼다큐’ 안현수, 러시아 정부로부터 벤츠 선물 받아 ‘깜짝’",http://sports.khan.co.kr/news/sk_index.html?cat=view&art_id=201505191532023&sec_id=540101&pt=nv
333,"‘휴먼다큐’ 안현수, 러시아 정부로부터 1억6천만원 벤츠 포상",http://sports.khan.co.kr/news/sk_index.html?cat=view&art_id=201505130000043&sec_id=540101&pt=nv
334,"‘휴먼다큐’ 안현수, 러시아 정부로부터 벤츠 선물 받았다",http://sports.khan.co.kr/news/sk_index.html?cat=view&art_id=201505121721003&sec_id=540101&pt=nv
335,"메르세데스-벤츠, 새로운 명명법 세운다",http://www.newscj.com/news/articleView.html?idxno=265113
336,"벤츠, 브랜드 월드 확장 및 새 명명 체계 발표",http://news.mk.co.kr/news_forward.php?domain=news&no=1424747&year=2014
337,"벤츠, 새로운 마이바흐 실내사진 공개 “뒷좌석이…”",http://car.donga.com/3/all/20141112/67832838/2
338,"[포토]벤츠 'AMG GLE 63 S', 눈에 쏙 들어오는 리어램프",http://www.edaily.co.kr/news/newspath.asp?newsid=01226726609308240
339,"[포토]벤츠 'GLE 500e', 설원위 질주도 문제없어!",http://www.edaily.co.kr/news/newspath.asp?newsid=01207046609307912
340,"‘휴먼다큐’ 안현수, 러시아 정부로부터 벤츠 선물… 가격은?",http://sports.khan.co.kr/news/sk_index.html?cat=view&art_id=201505121623373&sec_id=540101&pt=nv
341,"메르세데스-벤츠, 새로운 명명법 세운다",http://www.newscj.com/news/articleView.html?idxno=265113
342,"벤츠, 브랜드 월드 확장 및 새 명명 체계 발표",http://news.mk.co.kr/news_forward.php?domain=news&no=1424747&year=2014
343,"벤츠, 새로운 마이바흐 실내사진 공개 “뒷좌석이…”",http://car.donga.com/3/all/20141112/67832838/2
344,"[포토]벤츠 'AMG GLE 63 S', 위에서 내려다보니..",http://www.edaily.co.kr/news/newspath.asp?newsid=01223446609308240
345,"[포토]벤츠 'GLE 500e', 카리스마 눈빛",http://www.edaily.co.kr/news/newspath.asp?newsid=01216886609307912
346,"[모터쇼]벤츠, X6 대항마 GLE 쿠페 선봬",http://autotimes.hankyung.com/apps/news.sub_view?popup=0&nid=04&c1=04&c2=04&c3=00&nkey=201503101413291
347,"메르세데스-벤츠, 2015 마스터즈 대최 글로벌 스폰서로 참여",http://www.ajunews.com/view/20150415172324530
348,"러시아 안현수에 포상한 벤츠 SUV, '별그대'도 탔다?",http://www.womennews.co.kr/news/view.asp?num=67495
349,"[시승]컴팩트 SUV의 새로운 기준, 벤츠 GLA",http://autotimes.hankyung.com/apps/news.sub_view?popup=0&nid=08&c1=08&c2=08&c3=00&nkey=201402241511471
350,"'휴먼다큐' 안현수, 러 정부서 받은 최고급 벤츠 가격이…'어마어마!'",http://www.hankyung.com/news/app/newsview.php?aid=2015051216567
351,"메르세데스-벤츠, 새로운 명명법 세운다",http://www.newscj.com/news/articleView.html?idxno=265113
352,"벤츠, 브랜드 월드 확장 및 새 명명 체계 발표",http://news.mk.co.kr/news_forward.php?domain=news&no=1424747&year=2014
353,"벤츠, 새로운 마이바흐 실내사진 공개 “뒷좌석이…”",http://car.donga.com/3/all/20141112/67832838/2
354,"[포토]벤츠 'AMG GLE 63 S', 눈에 쏙 들어오는 리어램프",http://www.edaily.co.kr/news/newspath.asp?newsid=01226726609308240
355,"[포토]벤츠 'GLE 500e', 잘빠진 디자인",http://www.edaily.co.kr/news/newspath.asp?newsid=01200486609307912
356,"[모터쇼]벤츠, X6 대항마 GLE 쿠페 선봬",http://autotimes.hankyung.com/apps/news.sub_view?popup=0&nid=04&c1=04&c2=04&c3=00&nkey=201503101413291
357,"메르세데스-벤츠, 2015 마스터즈 대최 글로벌 스폰서로 참여",http://www.ajunews.com/view/20150415172324530
358,"러시아 안현수에 포상한 벤츠 SUV, '별그대'도 탔다?",http://www.womennews.co.kr/news/view.asp?num=67495
359,"[시승]컴팩트 SUV의 새로운 기준, 벤츠 GLA",http://autotimes.hankyung.com/apps/news.sub_view?popup=0&nid=08&c1=08&c2=08&c3=00&nkey=201402241511471
360,[포토]거침없는 벤츠 'AMG GLE 63 S',http://www.edaily.co.kr/news/newspath.asp?newsid=01230006609308240
361,"[포토]벤츠 'GLE 500e', 잘빠진 디자인",http://www.edaily.co.kr/news/newspath.asp?newsid=01200486609307912
362,"[모터쇼]벤츠, X6 대항마 GLE 쿠페 선봬",http://autotimes.hankyung.com/apps/news.sub_view?popup=0&nid=04&c1=04&c2=04&c3=00&nkey=201503101413291
363,"벤츠, 내년부터 알파벳 신모델명 쓴다",http://www.asiatoday.co.kr/view.php?key=20141113010008471
364,"메르세데스-벤츠, 2015 마스터즈 대최 글로벌 스폰서로 참여",http://www.ajunews.com/view/20150415172324530
365,"러시아 안현수에 포상한 벤츠 SUV, '별그대'도 탔다?",http://www.womennews.co.kr/news/view.asp?num=67495
366,"[시승]컴팩트 SUV의 새로운 기준, 벤츠 GLA",http://autotimes.hankyung.com/apps/news.sub_view?popup=0&nid=08&c1=08&c2=08&c3=00&nkey=201402241511471
367,"벤츠, ML 명맥 잇는 GLE 공개",http://autotimes.hankyung.com/apps/news.sub_view?popup=0&nid=04&c1=04&c2=04&c3=00&nkey=201503261559061
368,"젊은 그대, 벤츠 `2030 라인업`",http://news.mk.co.kr/news_forward.php?domain=news&no=214610&year=2014
369,"[LA오토쇼]메르세데스-벤츠, 플래그십 SUV ‘GLS’ 북미시장 첫 공개",http://www.etoday.co.kr/news/section/newsview.php?idxno=1237413
370,"[포토]벤츠 'GLE 500e', 고급스러운 실내 디자인",http://www.edaily.co.kr/news/newspath.asp?newsid=01210326609307912
371,"[모터쇼]벤츠, X6 대항마 GLE 쿠페 선봬",http://autotimes.hankyung.com/apps/news.sub_view?popup=0&nid=04&c1=04&c2=04&c3=00&nkey=201503101413291
372,"벤츠, 내년부터 알파벳 신모델명 쓴다",http://www.asiatoday.co.kr/view.php?key=20141113010008471
373,"메르세데스-벤츠, 2015 마스터즈 대최 글로벌 스폰서로 참여",http://www.ajunews.com/view/20150415172324530
374,"러시아 안현수에 포상한 벤츠 SUV, '별그대'도 탔다?",http://www.womennews.co.kr/news/view.asp?num=67495
375,"[시승]컴팩트 SUV의 새로운 기준, 벤츠 GLA",http://autotimes.hankyung.com/apps/news.sub_view?popup=0&nid=08&c1=08&c2=08&c3=00&nkey=201402241511471
376,"벤츠, ML 명맥 잇는 GLE 공개",http://autotimes.hankyung.com/apps/news.sub_view?popup=0&nid=04&c1=04&c2=04&c3=00&nkey=201503261559061
377,"젊은 그대, 벤츠 `2030 라인업`",http://news.mk.co.kr/news_forward.php?domain=news&no=214610&year=2014
378,"[LA오토쇼]메르세데스-벤츠, 플래그십 SUV ‘GLS’ 북미시장 첫 공개",http://www.etoday.co.kr/news/section/newsview.php?idxno=1237413
379,"확 바뀐 벤츠 신모델...""와~"" 탄성 절로",http://www.wowtv.co.kr/newscenter/news/view.asp?bcode=T30001000&artid=A201205180061
380,"러시아 안현수에 포상한 벤츠 SUV, '별그대'도 탔다?",http://www.womennews.co.kr/news/view.asp?num=67495
381,"[시승]컴팩트 SUV의 새로운 기준, 벤츠 GLA",http://autotimes.hankyung.com/apps/news.sub_view?popup=0&nid=08&c1=08&c2=08&c3=00&nkey=201402241511471
382,"벤츠, ML 명맥 잇는 GLE 공개",http://autotimes.hankyung.com/apps/news.sub_view?popup=0&nid=04&c1=04&c2=04&c3=00&nkey=201503261559061
383,"젊은 그대, 벤츠 `2030 라인업`",http://news.mk.co.kr/news_forward.php?domain=news&no=214610&year=2014
384,"[LA오토쇼]메르세데스-벤츠, 플래그십 SUV ‘GLS’ 북미시장 첫 공개",http://www.etoday.co.kr/news/section/newsview.php?idxno=1237413
385,"확 바뀐 벤츠 신모델...""와~"" 탄성 절로",http://www.wowtv.co.kr/newscenter/news/view.asp?bcode=T30001000&artid=A201205180061
386,"벤츠코리아, 내년 SUV 4종 출시 라인업 강화...""SUV 두배 성장""",http://www.ebn.co.kr/news/view/805648
387,"다임러, 벤츠·밴 84만대 리콜…다카다 에어백 결함",http://www.etnews.com/20160210000050
388,"벤츠, GLK 후속 GLC 공개",http://autotimes.hankyung.com/apps/news.sub_view?popup=0&nid=04&c1=04&c2=04&c3=00&nkey=201506181308511
389,<시승기> '명차'의 대명사 벤츠의 'E 220 CDI',https://news.naver.com/main/read.naver?mode=LSD&mid=sec&sid1=101&oid=001&aid=0006518182
390,"[2015 LA오토쇼]메르세데스벤츠, SUV의 끝판왕 ‘GLS’ 공개",http://car.donga.com/3/all/20151124/74988594/1
391,Brand Story | 메르세데스-벤츠,http://www.outdoornews.co.kr/news/articleView.html?idxno=11937
392,"메르세데스-벤츠, 브랜드 월드 확장 및 신규 모델명 발표",http://kr.aving.net/news/view.php?articleId=1228629&Branch_ID=kr&rssid=naver&mn_name=news
393,[사진]메르세데스-벤츠 '플래그십 SUV' GLS의 위엄,http://www.mt.co.kr/view/mtview.php?type=1&no=2015111916013359905&outlink=1
394,"안현수 벤츠, 러시아 정부 금메달 포상으로 선물… 가격이 무려 '헉'",http://www.kyeongin.com/news/articleView.html?idxno=814125
395,"안현수 벤츠, 3관왕 통해 이미 '집'도 선물 받았다",http://www.osen.co.kr/article/G1109795257
396,"즐기기 바쁜 소트니코바, 벤츠 인증샷 “판정논란 관심 없어요”",http://www.dailian.co.kr/news/view/424254/?sc=naver
397,"벤츠에 안현수 이름이? 우나리 “여보 추카해 부릉부릉~""",http://biz.heraldcorp.com/view.php?ud=20140228000984
398,"안현수 벤츠, 1억6000만원 고급 SUV…‘럭셔리하네~’",http://reuters.donga.com/View?no=23875
399,"안현수 벤츠 주인됐다 ""최고급 SUV 모델…가격 무려 1억6000만원""",http://sports.donga.com/3/all/20140228/61273073/1
400,"안현수 벤츠, 3관왕 통해 이미 '집'도 선물 받았다",http://www.osen.co.kr/article/G1109795257
401,"즐기기 바쁜 소트니코바, 벤츠 인증샷 “판정논란 관심 없어요”",http://www.dailian.co.kr/news/view/424254/?sc=naver
402,"벤츠에 안현수 이름이? 우나리 “여보 추카해 부릉부릉~""",http://biz.heraldcorp.com/view.php?ud=20140228000984
403,"안현수 벤츠, 1억6000만원 고급 SUV…훈장도 받아",http://news.donga.com/3/all/20140228/61278523/1
404,"안현수 벤츠 주인됐다 ""최고급 SUV 모델…가격 무려 1억6000만원""",http://sports.donga.com/3/all/20140228/61273073/1
405,"러시아, 메달리스트들에게 최고급 벤츠 SUV 선물",http://www.dailian.co.kr/news/view/424159/?sc=naver
406,"벤츠, 벤타이가와 경쟁할 마이바흐 기반 ‘SUV’ 출시 고려",http://car.donga.com/3/all/20150924/73850003/2
407,"벤츠, 벤타이카와 경쟁할 마이바흐 ‘SUV’ 출시하나?",http://car.donga.com/3/all/20150409/70608303/2
408,"벤츠, 새로운 마이바흐 실내사진 공개 “뒷좌석이…”",http://car.donga.com/3/all/20141112/67832838/1
409,SLK 55 AMG? 도대체 무슨 뜻인지…5500㏄ 엔진 단 벤츠의 2인승 오픈카죠,http://www.hankyung.com/news/app/newsview.php?aid=2012062234421
410,"안현수 벤츠, 러시아 정부가 1억 6000만원 승용차 선물",http://www.sportsworldi.com/Articles/Sports/Total/Article.asp?aid=20140228021268&subctg1=30&subctg2=00&OutUrl=naver
411,"소트니코바, 러시아 정부서 받은 벤츠 앞에서 포즈",http://www.mt.co.kr/view/mtview.php?type=1&no=2014022810324742821&outlink=1
412,"우나리, 안현수 벤츠 인증샷 “‘여보 축하해’… 네티즌 ‘대박이야’”",https://news.naver.com/main/read.naver?mode=LSD&mid=sec&sid1=106&oid=011&aid=0002474740
413,"안현수 벤츠 주인됐다 ""최고급 SUV 모델…가격 무려 1억6000만원""",http://sports.donga.com/3/all/20140228/61273073/1
414,"러시아, 메달리스트들에게 최고급 벤츠 SUV 선물",http://www.dailian.co.kr/news/view/424159/?sc=naver
415,"벤츠, 벤타이가와 경쟁할 마이바흐 기반 ‘SUV’ 출시 고려",http://car.donga.com/3/all/20150924/73850003/2
416,"벤츠, 벤타이카와 경쟁할 마이바흐 ‘SUV’ 출시하나?",http://car.donga.com/3/all/20150409/70608303/2
417,"벤츠, 새로운 마이바흐 실내사진 공개 “뒷좌석이…”",http://car.donga.com/3/all/20141112/67832838/1
418,SLK 55 AMG? 도대체 무슨 뜻인지…5500㏄ 엔진 단 벤츠의 2인승 오픈카죠,http://www.hankyung.com/news/app/newsview.php?aid=2012062234421
419,[세기의 車 디자이너] 12. 벤츠의 ‘젊은 사령관’ 고든 바그너,http://www.khan.co.kr/kh_news/art_view.html?artid=201304161635452&code=920508
420,"안현수 벤츠, 쇼트트랙 3관왕에 대한 남다른 포상 ‘눈이 번쩍’",http://www.fnnews.com/newsview/starnews.jsp?newsid=20140228279680
421,"우나리, 안현수 벤츠 인증샷 “‘여보 축하해’… 네티즌 ‘대박이야’”",https://news.naver.com/main/read.naver?mode=LSD&mid=sec&sid1=106&oid=011&aid=0002474740
422,소트니코바 벤츠 인증샷…안현수도 같은 차량 받아,http://view.asiae.co.kr/news/view.htm?idxno=2014022815455631225
423,"안현수 벤츠 주인됐다 ""최고급 SUV 모델…가격 무려 1억6000만원""",http://sports.donga.com/3/all/20140228/61273073/1
424,"러시아, 메달리스트들에게 최고급 벤츠 SUV 선물",http://www.dailian.co.kr/news/view/424159/?sc=naver
425,"벤츠, 벤타이가와 경쟁할 마이바흐 기반 ‘SUV’ 출시 고려",http://car.donga.com/3/all/20150924/73850003/2
426,"벤츠, 벤타이카와 경쟁할 마이바흐 ‘SUV’ 출시하나?",http://car.donga.com/3/all/20150409/70608303/2
427,"벤츠, 새로운 마이바흐 실내사진 공개 “뒷좌석이…”",http://car.donga.com/3/all/20141112/67832838/1
428,SLK 55 AMG? 도대체 무슨 뜻인지…5500㏄ 엔진 단 벤츠의 2인승 오픈카죠,http://www.hankyung.com/news/app/newsview.php?aid=2012062234421
429,[세기의 車 디자이너] 12. 벤츠의 ‘젊은 사령관’ 고든 바그너,http://www.khan.co.kr/kh_news/art_view.html?artid=201304161635452&code=920508
430,"안현수, 푸틴에게 선물받아…`벤츠 VS 초콜릿 메달`",http://news.mk.co.kr/news_forward.php?domain=news&no=321419&year=2014
431,"안현수 벤츠, 우나리 ""여보 축하해"" 애정 샘솟네",https://sports.news.naver.com/news.nhn?oid=011&aid=0002474549
432,"안현수 벤츠 주인됐다 ""최고급 SUV 모델…가격 무려 1억6000만원""",http://sports.donga.com/3/all/20140228/61273073/1
433,"러시아, 메달리스트들에게 최고급 벤츠 SUV 선물",http://www.dailian.co.kr/news/view/424159/?sc=naver
434,"벤츠, 벤타이가와 경쟁할 마이바흐 기반 ‘SUV’ 출시 고려",http://car.donga.com/3/all/20150924/73850003/2
435,"벤츠, 벤타이카와 경쟁할 마이바흐 ‘SUV’ 출시하나?",http://car.donga.com/3/all/20150409/70608303/2
436,"벤츠, 새로운 마이바흐 실내사진 공개 “뒷좌석이…”",http://car.donga.com/3/all/20141112/67832838/1
437,SLK 55 AMG? 도대체 무슨 뜻인지…5500㏄ 엔진 단 벤츠의 2인승 오픈카죠,http://www.hankyung.com/news/app/newsview.php?aid=2012062234421
438,[세기의 車 디자이너] 12. 벤츠의 ‘젊은 사령관’ 고든 바그너,http://www.khan.co.kr/kh_news/art_view.html?artid=201304161635452&code=920508
439,"메르세데스-벤츠, 2014 PGA 챔피언십 후원",http://www.rpm9.com/news/articleView.html?idxno=20342
440,"벤츠, 벤타이카와 경쟁할 마이바흐 ‘SUV’ 출시하나?",http://car.donga.com/3/all/20150409/70608303/2
441,"벤츠, 새로운 마이바흐 실내사진 공개 “뒷좌석이…”",http://car.donga.com/3/all/20141112/67832838/1
442,SLK 55 AMG? 도대체 무슨 뜻인지…5500㏄ 엔진 단 벤츠의 2인승 오픈카죠,http://www.hankyung.com/news/app/newsview.php?aid=2012062234421
443,[세기의 車 디자이너] 12. 벤츠의 ‘젊은 사령관’ 고든 바그너,http://www.khan.co.kr/kh_news/art_view.html?artid=201304161635452&code=920508
444,"메르세데스-벤츠, 2014 PGA 챔피언십 후원",http://www.rpm9.com/news/articleView.html?idxno=20342
445,"벤츠, PGA 챔피언십 6회째 후원 “뉴 S 63 AMG 쿠페 공개”",http://car.donga.com/3/all/20140808/65643772/1
446,"‘다이하드5’의 벤츠들, 이게 다 얼마야?",http://www.etnews.com/news/home_mobile/automobile/2718396_1485.html
447,"벤츠 GLC, 최초 공개될 제품 스케치 미리보니",http://autotimes.hankyung.com/apps/news.sub_view?popup=0&nid=04&c1=04&c2=04&c3=00&nkey=201506151607301
448,"[Car& Car]메르세데스-벤츠 GLK, 직선라인·최적의 구동력 ""역시 벤츠""",http://www.etoday.co.kr/news/section/newsview.php?idxno=669305
449,"피겨 金 소트니코바, 부상으로 벤츠도 받아",http://www.mt.co.kr/view/mtview.php?type=1&no=2014022814062266770&outlink=1
450,"러, 소치올림픽 메달리스트들에 벤츠 승용차 선물",https://sports.news.naver.com/news.nhn?oid=001&aid=0006781694
451,벤츠도 ‘할인’을? 美 시장에서 살아남으려면…,http://news.donga.com/3/all/20121102/50582338/2
452,"안현수 우나리 부부, 과거 1억 6000만원 메르세데스 벤츠 셀카 화제",http://www.imaeil.com/sub_news/sub_news_view.php?news_id=26539&yy=2015
453,"벤츠 고성능 브랜드 'AMG', 2017년까지 3만대 판매..50%↑",http://www.asiae.co.kr/news/view.htm?idxno=2012101911074638343
454,"벤츠, 벤타이가와 경쟁할 마이바흐 기반 ‘SUV’ 출시 고려",http://car.donga.com/3/all/20150924/73850003/1
455,"안현수, 벤츠와 비교되는 한국 선수단 ‘포장도 안 된 초콜릿 메달’",http://www.breaknews.com/sub_read.html?uid=306665§ion=sc4
456,"안현수 벤츠 gl500, 운전면허없는 어린 피겨선수들까지",http://www.ccdailynews.com/n_v.html?uid=390932§ion=sc161
457,"벤츠, 2014 PGA 챔피언십 후원",http://autotimes.hankyung.com/apps/news.sub_view?popup=0&nid=04&c1=04&c2=04&c3=00&nkey=201408080957291
458,"벤츠, 벤타이카와 경쟁할 마이바흐 ‘SUV’ 출시하나?",http://car.donga.com/3/all/20150409/70608303/1
459,BMW “승부 이미 끝” vs 벤츠 “누구 맘대로?”,http://weekly2.cnbnews.com/category/read.html?bcode=8005
460,"안현수 벤츠 gl500, 운전면허없는 어린 피겨선수들까지",http://www.ccdailynews.com/n_v.html?uid=390932§ion=sc161
461,"벤츠, 2014 PGA 챔피언십 후원",http://autotimes.hankyung.com/apps/news.sub_view?popup=0&nid=04&c1=04&c2=04&c3=00&nkey=201408080957291
462,"벤츠, 벤타이카와 경쟁할 마이바흐 ‘SUV’ 출시하나?",http://car.donga.com/3/all/20150409/70608303/1
463,BMW “승부 이미 끝” vs 벤츠 “누구 맘대로?”,http://weekly2.cnbnews.com/category/read.html?bcode=8005
464,"벤츠, 4매틱 적용 확대한다",http://autotimes.hankyung.com/apps/news.sub_view?popup=0&nid=04&c1=04&c2=04&c3=00&nkey=201212210743151
465,"벤츠, 미국서 5개 디젤 모델 리콜",https://news.naver.com/main/read.naver?mode=LSD&mid=sec&sid1=101&oid=003&aid=0004140856
466,"벤츠, 모델명 체계 변경 '마이바흐' 부활",http://www.econovill.com/news/articleView.html?idxno=224558
467,"고성능 車 AMG 45주년, 벤츠 “한국 시장 수요 늘어날 것”",http://view.heraldm.com/view.php?ud=20120625000309
468,"안현수, 최고급 벤츠에 아파트, 수억원 상금까지...돈방석",http://etv.donga.com/VIEW/?idxno=201402280065457&category=001006
469,“와~ 안현수 벤츠車” 러시아 메달리스트에 화끈한 선물,http://news.kukinews.com/article/view.asp?page=1&gCode=spo&arcid=0008088579&cp=nv
470,"벤츠, 새로운 브랜드·모델명 시스템 발표…'마이바흐' 부활",http://www.fnnews.com/news/201411140832539524
471,"고성능 車 AMG 45주년, 벤츠 “한국 시장 수요 늘어날 것”",http://view.heraldm.com/view.php?ud=20120625000309
472,"안현수, 최고급 벤츠에 아파트, 수억원 상금까지...돈방석",http://etv.donga.com/VIEW/?idxno=201402280065457&category=001006
473,“와~ 안현수 벤츠車” 러시아 메달리스트에 화끈한 선물,http://news.kukinews.com/article/view.asp?page=1&gCode=spo&arcid=0008088579&cp=nv
474,"[영상] 안현수, 1억6천만원 벤츠받고 '어리둥절한 표정'",http://sports.chosun.com/news/ntype.htm?id=201402280100295510020001&servicedate=20140228
475,[시승기] 벤츠 CLS350·GLK220 CDI… 세련미와 터프함 ‘여성들이 꿈꾸던 車’,http://www.segye.com/Articles/NEWS/ECONOMY/Article.asp?aid=20110324005353&subctg1=&subctg2=
476,"소트니코바, 벤츠 부상받은 소식에 누리꾼들 “뻔뻔해”",http://www.ebn.co.kr/news/view/665904
477,"안현수 럭셔리 집·최고급 벤츠까지 받아…""대우가 장난 아니네!""",http://mbn.mk.co.kr/pages/news/newsView.php?category=mbn00012&news_seq_no=1680970
478,"안현수, 벤츠 받고 모스크바 집까지 받아…'화끈한 포상'",http://www.hankyung.com/news/app/newsview.php?aid=2014022806727
479,"벤츠, GLS450 최초 공개",http://news1.kr/photos/view/?1646149
480,"소치 동계올림픽 영웅 안현수,1억6000만원짜리 최고급 벤츠 승용차까지 ‘대박’",http://www.sportsworldi.com/Articles/SWIssue/Article.asp?aid=20140228020734&subctg1=10&subctg2=00&OutUrl=naver
481,"""간단하고 명확하게"" 벤츠, 모델명 대수술",https://news.naver.com/main/read.naver?mode=LSD&mid=sec&sid1=101&oid=011&aid=0002599601
482,[시승기] 벤츠 CLS350·GLK220 CDI… 세련미와 터프함 ‘여성들이 꿈꾸던 車’,http://www.segye.com/Articles/NEWS/ECONOMY/Article.asp?aid=20110324005353&subctg1=&subctg2=
483,"소트니코바, 벤츠 부상받은 소식에 누리꾼들 “뻔뻔해”",http://www.ebn.co.kr/news/view/665904
484,"안현수 럭셔리 집·최고급 벤츠까지 받아…""대우가 장난 아니네!""",http://mbn.mk.co.kr/pages/news/newsView.php?category=mbn00012&news_seq_no=1680970
485,"안현수, 벤츠 받고 모스크바 집까지 받아…'화끈한 포상'",http://www.hankyung.com/news/app/newsview.php?aid=2014022806727
486,"벤츠, GLS450 최초 공개",http://news1.kr/photos/view/?1646149
487,이번엔 벤츠…복 터졌구나 빅토르 안,http://www.koreadaily.com/news/read.asp?art_id=2366604
488,‘안현수-우나리 부부’ 선글라스 끼고 차 안에서 멋내며 인증샷…차가 1억 6000만원 메르세데스 벤츠?,http://www.ajunews.com/view/20150512100254038
489,"안현수 우나리 부부 차내 커플셀카, 1억6000만원 메르세데스 벤츠?",http://tvdaily.co.kr/read.php3?aid=1427184674874381017
490,"벤츠, GLS450 최초 공개",http://news1.kr/photos/view/?1646149
491,이번엔 벤츠…복 터졌구나 빅토르 안,http://www.koreadaily.com/news/read.asp?art_id=2366604
492,‘안현수-우나리 부부’ 선글라스 끼고 차 안에서 멋내며 인증샷…차가 1억 6000만원 메르세데스 벤츠?,http://www.ajunews.com/view/20150512100254038
493,"안현수 우나리 부부 차내 커플셀카, 1억6000만원 메르세데스 벤츠?",http://tvdaily.co.kr/read.php3?aid=1427184674874381017
494,"안현수 아파트 세계선수권 끝난 뒤 지급, 포상금·훈장·벤츠까지 '러 귀부'",http://tvdaily.co.kr/read.php3?aid=1394696126667109016
495,T스토어 가입자 2000만 돌파…'벤츠' 쏜다,http://www.cstimes.com/news/articleView.html?idxno=99478
496,"메르세데스 벤츠, 새 서브 브랜드와 모델명 도입",http://www.metroseoul.co.kr/news/newsview?newscd=2014111400058
497,'안현수 벤츠' '안현수 집' 쇼트황제 빅토르안 일거수일투족 관심,http://www.metroseoul.co.kr/news/newsview?newscd=2014022800079
498,"메르세데스 벤츠, 2014 PGA 챔피언십 후원",http://www.metroseoul.co.kr/news/newsview?newscd=2014080800177
499,소트니코바 벤츠 GL클래스는 얼마??,http://www.idomin.com/news/articleView.html?idxno=440070
