,title,url
0,"“벤츠가 만들면 전설이 된다”...‘퓨전쿠페’ 벤츠 CLS, 아름다운 파괴자",https://www.mk.co.kr/economy/view/2022/399055
1,반도체 공급난 속 벤츠·BMW 독주…4월 점유율 62.7%,https://www.dailian.co.kr/news/view/1110520/?sc=Naver
2,"메르세데스-벤츠, 전기차 플랫폼에 내연기관 얹는다",http://news.heraldcorp.com/view.php?ud=20220429000737
3,벤츠 세단·SUV 14만대 리콜…백업 카메라·접지 전선 이슈,https://news.koreadaily.com/2022/04/28/economy/economygeneral/20220428204536270.html
4,"돌풍의 폴스타, 두 달만 수입 전기차 판매 1위 '우뚝'",http://www.newspim.com/news/view/20220504000980
5,벤츠가 개발하는 '베이비 G클래스'는 이런 모습?,http://www.thedrive.co.kr/news/newsview.php?ncode=1065601922681138
6,벤츠가 새롭게 선보인 인포테인먼트 아키텍처 ‘MB.OS’..특징은?,http://www.dailycar.co.kr/content/news.html?type=view&autoId=43473
7,[독자와 함께] 두 달 지나도록 임시번호판 단 벤츠 지하주차장에 방치한 사연,https://www.yeongnam.com/web/view.php?key=20220304010000643
8,"벤츠 GLB 200d 등 3차종, 리콜 이어져",http://www.idsn.co.kr/news/articleView.html?idxno=54469
9,"'E·S클래스'로 버틴 벤츠, 새로운 '캐시카우' 모델에 'GLB' 등극",https://www.asiatime.co.kr/article/20210412500183
10,"""할인에 또 할인, 벤츠엔진까지""…'아반떼값' 중형차 SM6·QM6, 판매 역주행",http://news.mk.co.kr/newsRead.php?no=1206135&year=2021
11,"""이젠 '살맛'나네""…'벤츠엔진'에 아반떼값, 개소세 할인도 확실 '2022년형 SM6'",http://news.mk.co.kr/newsRead.php?no=1014713&year=2021
12,벤츠 엔진 달고도 '아반떼 가격'이라는 국산 신형 중형 세단의 정체,https://www.insight.co.kr/news/365008
13,"벤츠, 다목적 소형 SUV GLB클래스 공개",http://autotimes.hankyung.com/apps/news.sub_view?popup=0&nid=02&c1=02&c2=02&c3=00&nkey=201906111535231
14,"벤츠, 실용적인 7인승 SUV ‘GLB’ 공개..차별점은?",http://www.dailycar.co.kr/content/news.html?type=view&autoId=33581
15,"벤츠, 美서 판매부진으로 A클래스 판매중단..소형 SUV 빈자리 차지!",http://www.dailycar.co.kr/content/news.html?type=view&autoId=42944
16,"출시 임박한 벤츠의 새 컴팩트 SUV GLB, BMW X2와 경합",http://www.autodaily.co.kr/news/articleView.html?idxno=406939
17,"벤츠, 내년부터 美서 A 클래스 세단 단종… 국내는 영향 없어",https://biz.chosun.com/industry/car/2022/02/16/PERFD72FZNCE3KMPELWFXYGY5Y/?utm_source=naver&utm_medium=original&utm_campaign=biz
18,"벤츠코리아, 올해 전기차 ‘AMG EQS·EQB·EQE’ 3종 투입… 내연기관 신형 C클래스 출시",https://www.donga.com/news/article/all/20220125/111429268/2
19,"""이 가격엔 '비교불가', 오감만족 SUV""…'벤츠심장' XM3 ""탈수록 건강해져요"" [왜몰랐을카]",http://news.mk.co.kr/newsRead.php?no=228360&year=2022
20,"BMW에 밀린 메르세데스-벤츠, 출고 정상화… 수입차 1위 복귀 ‘시동’",https://biz.chosun.com/industry/car/2022/02/24/GITR6HTXKVHMVKR7TKHMJRABKE/?utm_source=naver&utm_medium=original&utm_campaign=biz
21,[서울모빌리티쇼]‘클래스’ 사라진 벤츠 전시관… 두 번째 세단 ‘EQE’ 아시아 최초 공개,https://www.donga.com/news/article/all/20211125/110463591/2
22,"올해도 가장 많이 팔렸다 국산차는 그랜저, 수입차는 벤츠 E클래스",https://www.chosun.com/economy/auto/2021/12/15/GTZ4HWAPIBH4XHPWGXQTYCUUVU/?utm_source=naver&utm_medium=referral&utm_campaign=naver-news
23,CEO 바뀐 벤츠코리아…브랜드 신뢰도 회복이 과제,http://www.newstomato.com/ReadNews.aspx?no=987268
24,벤츠 부식 현상 발견 방치하면 조향장치 이상 … 3만8천대 '리콜',http://www.safetimes.co.kr/news/articleView.html?idxno=105681
25,"벤츠, '7년 연속 판매 1위' BMW 기록 깰까...1만 대 격차 벌려 무난할 듯",http://www.consumernews.co.kr/news/articleView.html?idxno=641672
26,"더클래스 효성, ‘스타필드 하남 모빌리티 쇼’ 참가…벤츠 직접 체험 기회!",http://www.thedrive.co.kr/news/newsview.php?ncode=1065575349259446
27,"벤츠 딜러 더클래스 효성, ‘스타필드 하남 모빌리티 쇼’ 참가",http://www.dt.co.kr/contents.html?article_no=2021102102109932064004&ref=naver
28,작년 수입차 판매 역대 최다… ‘탑 10′ 중 5대는 벤츠,https://biz.chosun.com/industry/car/2022/01/05/L3JMCRGW3ZGVTAGITSNHG4LIDU/?utm_source=naver&utm_medium=original&utm_campaign=biz
29,지난해 수입차 27만 대 팔렸다…벤츠는 ‘1위’ 지켜,https://economist.co.kr/2022/01/05/industry/normal/20220105173447141.html
30,"""무섭다, '묻지마 벤츠사랑'에 또다시 판매신화""…'뒤끝작렬' BMW ""두고보자"" [세상만車]",https://premium.mk.co.kr/view.php?no=31319
31,"'판매 급감' 르·쌍·쉐, 벤츠·BMW에 밀렸다",http://www.newstomato.com/ReadNews.aspx?no=1098583&inflow=N
32,"2021 수입차 판매량 보니...벤츠 6년째 1위, 지프·볼보·BMW 큰 폭 상승, 쉐보레 1만대 클럽 탈락",http://www.consumernews.co.kr/news/articleView.html?idxno=640906
33,올해 베스트셀링카는 현대차 그랜저…수입차는 벤츠 E클래스,http://www.fnnews.com/news/202109171450250443
34,"'G클래스 라인업 대거 출동'… 벤츠코리아, GLA·GLB·GLE 쿠페 동시 공개",http://www.iminju.net/news/articleView.html?idxno=56685
35,벤츠의 대중모델 GLB… “합리적 가격과 부족함 없는 공간감” [시승기],http://www.segye.com/content/html/2021/05/23/20210523506572.html?OutUrl=naver
36,"[현장] 서울모빌리티쇼를 전기차로 다 채운 벤츠, ""한국은 주요 전쟁터""",https://www.businesspost.co.kr/BP?command=article_view&num=261615
37,"“아빠들의 현실적인 드림카”… 벤츠코리아, ‘AMG GLB35 4매틱’ 출시",https://www.donga.com/news/article/all/20210308/105778188/2
38,"벤츠, A클래스 플러그인 하이브리드 출시 계획..그 배경은?",http://www.dailycar.co.kr/content/news.html?type=view&autoId=40610
39,"벤츠 코리아 ""전 차종 전동화 지속 추진""…순수전기차 5종 공개",https://www.news1.kr/articles/?4504258
40,"벤츠, 650km 주행하는 E클래스 전기차 EQE 공개 계획..과연 특징은?",http://www.dailycar.co.kr/content/news.html?type=view&autoId=40487
41,"[수입차 이모저모] 포르쉐 AG, 롤스로이스모터카, BMW, 메르세데스-벤츠 등 소식",http://www.slist.kr/news/articleView.html?idxno=304811
42,"벤츠, 보급형 전기차 생산 계획···국내서도 팔릴까",http://www.sisajournal-e.com/news/articleView.html?idxno=240548
43,"벤츠 컴팩트카 질주, 선봉장은 GLB",http://autotimes.hankyung.com/apps/news.sub_view?popup=0&nid=03&c1=03&c2=03&c3=00&nkey=202012201832171
44,살까? 말까? 메르세데스 벤츠 GLB 250,https://www.motortrendkorea.com/sub/view.html?no=5223&cate1Name=NEWCAR
45,[시승기] 막내까지 이어진 DNA..벤츠 GLB 250,http://www.dailycar.co.kr/content/news.html?type=view&autoId=38022
46,주행거리 지적받은 벤츠 'EQA'···고객 체험기회 늘려 오점 만회한다,http://www.sisajournal-e.com/news/articleView.html?idxno=239477
47,"[시승]닮은 듯 다른 SUV 형제, 벤츠 GLA·GLB",http://autotimes.hankyung.com/apps/news.sub_view?popup=0&nid=06&c1=06&c2=06&c3=00&nkey=202010191640181
48,"[시승기] 공간 가치를 높이는 변화, 메르세데스-벤츠 GLB 250 4Matic",https://hankookilbo.com/News/Read/A2020101812330004695?did=NA
49,"벤츠코리아, 신차 온라인 판매 본격화… 딜러 비공식 할인은?",https://www.donga.com/news/article/all/20211008/109618470/2
50,[시승] '전륜까지 잘 만드네' 다재다능한 동급 최고 컴팩트 SUV. 벤츠 'GLB 250 4Matic',http://www.autodaily.co.kr/news/articleView.html?idxno=422525
51,"벤츠, SUV 3종 출시…멕시코산 GLB 5420만~6110만원",https://biz.chosun.com/site/data/html_dir/2020/08/27/2020082702181.html?utm_source=naver&utm_medium=original&utm_campaign=biz
52,"세단 이어 SUV도 벤츠가 휩쓴다..대박 GLA,GLB",http://www.edaily.co.kr/news/newspath.asp?newsid=01538326625901760
53,"[시승기] ""같은듯 다른 매력""... 메르세데스 벤츠 'GLB·GLA'",http://www.ceoscoredaily.com/news/article.html?no=73878
54,수입 세단 왕좌 벤츠···GLB로 SUV 시장까지 노린다,http://www.sisajournal-e.com/news/articleView.html?idxno=223086
55,"[시승기]소형 SUV도 벤츠가 휩쓴다..매력 만점 GLB, GLA",http://www.edaily.co.kr/news/newspath.asp?newsid=01446486625930624
56,"[리뷰] 체급의 한계를 뛰어넘는 메르세데스-벤츠의 SUV, ‘더 뉴 GLB’",https://hankookilbo.com/News/Read/A2020090609400000861?did=NA
57,"""이런 벤츠는 없었다""…`5000만원대 패밀리카` 벤츠 GLB, 매력 따져보니",http://news.mk.co.kr/newsRead.php?no=917347&year=2020
58,[Car봄]이 차 진짜 잘 팔리겠네... 화제의 ‘벤츠 GLB’ 관람기,https://www.chosun.com/economy/auto/2020/09/03/T6XPE3ANGBABRD7PCDUOLRUSVU/?utm_source=naver&utm_medium=referral&utm_campaign=naver-news
59,"‘벤츠와 유모차’ 간극 깬 GLB, 다재다능한 패밀리 SUV",http://www.osen.co.kr/article/G1111427293
60,벤츠 일부차량 백업카메라 먹통. 美서 A.E클래스 등 34만여 대 리콜,http://www.autodaily.co.kr/news/articleView.html?idxno=427588
61,"KAJA, 9월의 차에 '더 뉴 메르세데스-벤츠 GLB'",http://www.mediapen.com/news/view/553485
62,"메르세데스-벤츠, 더 뉴 GLA·더 뉴 GLB 그리고 더 뉴 GLE 쿠페 출시",https://hankookilbo.com/News/Read/A2020083112500004635?did=NA
63,"주목받는 벤츠 GLB 공간 활용성, 직접 보니",https://www.ebn.co.kr/news/view/1448729/?sc=Naver
64,벤츠 전략 신차 'GLB' 출시 임박…'가족용 SUV' 대박 예감,http://www.mediapen.com/news/view/545813
65,벤츠 컴팩트 SUV GLB 국내 데뷔 초읽기...이르면 3분기 출시 예정,http://www.autodaily.co.kr/news/articleView.html?idxno=420098
66,"GLB 이어 GLA도 환경부 인증 완료...벤츠, 하반기 컴팩트SUV 라인업 강화",http://www.autodaily.co.kr/news/articleView.html?idxno=420161
67,"벤츠·아우디·렉서스 판매, 세단이 주도… SUV는 벤츠보다 BMW",https://biz.chosun.com/industry/car/2021/08/24/FGDUAHNJNJANXPAJXFGNOUZXJU/?utm_source=naver&utm_medium=original&utm_campaign=biz
68,[영상]벤츠 다목적 SUV 'GLB 최초 시승',http://autotimes.hankyung.com/apps/news.sub_view?popup=0&nid=08&c1=08&c2=08&c3=00&nkey=202008271705461
69,1위싸움 벤츠-BMW 보다 '4위싸움 폭바-볼보' 관심가는 이유,http://www.gpkorea.com/news/articleView.html?idxno=77160
70,"벤츠·BMW, 격차 좁혀진 줄 알았더니···억대·SUV선 차이 더 벌어져",http://www.sisajournal-e.com/news/articleView.html?idxno=234407
71,"[박찬규의 1단기어] ‘벤츠’ 아니면 ‘BMW’… 쏠림현상 심해진 수입차, 대항마가 없다",http://moneys.mt.co.kr/news/mwView.php?no=2021072314458074872
72,韓소비자의 독일차 사랑…상반기 팔린 수입차 3대 중 1대는 벤츠,http://moneys.mt.co.kr/news/mwView.php?no=2021071614098019693
73,벤츠 질주에…브레이크 걸린 BMW,https://www.dnews.co.kr/uhtml/view.jsp?idxno=202107071428205190267
74,‘시대를 저격한 팔망미인’ 메르세데스-벤츠 GLB… 소형라인 첫 7인승 SUV,http://www.segye.com/content/html/2020/01/05/20200105502951.html?OutUrl=naver
75,‘벤츠 전성시대’ BMW의 굴욕…프리미엄 수입차 위상 흔들,https://www.dnews.co.kr/uhtml/view.jsp?idxno=202107071307139930219
76,5년째 벤츠 못넘는 BMW…한상윤 리더십 ‘도마위에’,https://www.dnews.co.kr/uhtml/view.jsp?idxno=202107061643192050980
77,"BMW, 벤츠 못넘고 만년 2인자…한상윤 리더십 부족인가",https://www.dnews.co.kr/uhtml/view.jsp?idxno=202107061120039830801
78,벤츠 GLB 개발자에게 직접 듣는 뒷이야기,http://autotimes.hankyung.com/apps/news.sub_view?popup=0&nid=03&c1=03&c2=03&c3=00&nkey=201912052320021
79,"[시승]7인승 소형 SUV의 등장, 벤츠 GLB",http://autotimes.hankyung.com/apps/news.sub_view?popup=0&nid=06&c1=06&c2=06&c3=00&nkey=201912060059331
80,[시승기] 벤츠가 낳은 우량아 ‘GLB’…“7인승 패밀리카로 진화한 소형차”,http://www.donga.com/news/article/all/20191220/98897858/3
81,상반기 르·쌍·쉐 죽쑨 사이…벤츠·BMW·테슬라 질주,http://www.newspim.com/news/view/20210720000364
82,"수입차, 상반기 15만대 육박…벤츠·BMW 양강구도 지속",http://www.newstomato.com/ReadNews.aspx?no=1056810&inflow=N
83,"벤츠, 브레이크 없는 질주… '8만대의 벽' 넘을까",http://www.sisaweek.com/news/articleView.html?idxno=145137
84,"고급화 전략 나서는 벤츠, 올해 8만대 넘긴다",http://www.newstomato.com/ReadNews.aspx?no=1053981&inflow=N
85,"[人터뷰]""벤츠 GLB는 7인승 MPV 아닌 SUV""",http://autotimes.hankyung.com/apps/news.sub_view?popup=0&nid=01&c1=01&c2=01&c3=00&nkey=201912050210511
86,"벤츠 딜러 한성모터스, 전시장·서비스센터 여름맞이 프로모션",http://www.newsis.com/view/?id=NISX20210709_0001507250&cID=13001&pID=13000
87,"벤츠 공식 딜러 한성모터스, 여름맞이 전시장 및 서비스센터 '특별 프로모션' 진행",http://digitalchosun.dizzo.com/site/data/html_dir/2021/07/09/2021070980052.html
88,"벤츠, 7인승 소형 SUV 'AMG GLB 35 4매틱'…유럽서 출시",http://www.edaily.co.kr/news/newspath.asp?newsid=01879446622720488
89,"벤츠, GLB 기반 전기 SUV 개발..EQB 출시 일정은?",http://www.dailycar.co.kr/content/news.html?type=view&autoId=34818
90,"[시승기] 더뉴 메르세데스-벤츠 GLB, 3040 아빠들 패밀리카로…벤츠가 다시 왔다",http://news.mk.co.kr/newsRead.php?year=2019&no=1043496
91,"더클래스 효성, 메르세데스-벤츠 '스타필드 하남 모빌리티 쇼' 참가한다",http://www.newslock.co.kr/news/articleView.html?idxno=32114
92,[시승기] 소형 SUV 맞아?...넓은 공간 갖춘 벤츠 GLB,http://www.zdnet.co.kr/ArticleView.asp?artice_id=20191206173534
93,"[신차드라이브]가족을 위한 벤츠 'GLB', 피카소 고향 말라가를 달리다",http://www.etnews.com/20191205000077
94,"벤츠, 7인승 SUV GLB 출시 계획..유럽 가격은 5100만원",http://www.dailycar.co.kr/content/news.html?type=view&autoId=34256
95,"리본카, 22일 KCC오토그룹과 '수입차 인증중고차 특집' 리본쇼",http://www.enewstoday.co.kr/news/articleView.html?idxno=1556912
96,"[2019 IAA]신개념 다목적 SUV, 벤츠 GLB",http://autotimes.hankyung.com/apps/news.sub_view?popup=0&nid=07&c1=07&c2=07&c3=00&nkey=201909101258201
97,2020년 11월 수입차 판매 7.5%↑… ‘벤츠 E클래스’ 돌풍,https://www.donga.com/news/article/all/20201203/104279245/2
98,"""S클래스만 있는 게 아냐""…벤츠코리아, SUV 풀 라인업 구축",https://www.asiatime.co.kr/news/newsview.php?ncode=1065596571823091
99,"[시승기] 부쩍 증가한 '뉴 GLA·GLB'… ""작지만 알차다""",http://biz.newdaily.co.kr/site/data/html/2020/10/27/2020102700008.html
100,"GLB 이어 GLA도 환경부 인증 완료...벤츠, 하반기 컴팩트SUV 라인업 강화",http://www.autodaily.co.kr/news/articleView.html?idxno=420161
101,"벤츠·아우디·렉서스 판매, 세단이 주도… SUV는 벤츠보다 BMW",https://biz.chosun.com/industry/car/2021/08/24/FGDUAHNJNJANXPAJXFGNOUZXJU/?utm_source=naver&utm_medium=original&utm_campaign=biz
102,[영상]벤츠 다목적 SUV 'GLB 최초 시승',http://autotimes.hankyung.com/apps/news.sub_view?popup=0&nid=08&c1=08&c2=08&c3=00&nkey=202008271705461
103,1위싸움 벤츠-BMW 보다 '4위싸움 폭바-볼보' 관심가는 이유,http://www.gpkorea.com/news/articleView.html?idxno=77160
104,"벤츠·BMW, 격차 좁혀진 줄 알았더니···억대·SUV선 차이 더 벌어져",http://www.sisajournal-e.com/news/articleView.html?idxno=234407
105,"[박찬규의 1단기어] ‘벤츠’ 아니면 ‘BMW’… 쏠림현상 심해진 수입차, 대항마가 없다",http://moneys.mt.co.kr/news/mwView.php?no=2021072314458074872
106,韓소비자의 독일차 사랑…상반기 팔린 수입차 3대 중 1대는 벤츠,http://moneys.mt.co.kr/news/mwView.php?no=2021071614098019693
107,벤츠 질주에…브레이크 걸린 BMW,https://www.dnews.co.kr/uhtml/view.jsp?idxno=202107071428205190267
108,‘시대를 저격한 팔망미인’ 메르세데스-벤츠 GLB… 소형라인 첫 7인승 SUV,http://www.segye.com/content/html/2020/01/05/20200105502951.html?OutUrl=naver
109,‘벤츠 전성시대’ BMW의 굴욕…프리미엄 수입차 위상 흔들,https://www.dnews.co.kr/uhtml/view.jsp?idxno=202107071307139930219
110,5년째 벤츠 못넘는 BMW…한상윤 리더십 ‘도마위에’,https://www.dnews.co.kr/uhtml/view.jsp?idxno=202107061643192050980
111,"BMW, 벤츠 못넘고 만년 2인자…한상윤 리더십 부족인가",https://www.dnews.co.kr/uhtml/view.jsp?idxno=202107061120039830801
112,벤츠 GLB 개발자에게 직접 듣는 뒷이야기,http://autotimes.hankyung.com/apps/news.sub_view?popup=0&nid=03&c1=03&c2=03&c3=00&nkey=201912052320021
113,"[시승]7인승 소형 SUV의 등장, 벤츠 GLB",http://autotimes.hankyung.com/apps/news.sub_view?popup=0&nid=06&c1=06&c2=06&c3=00&nkey=201912060059331
114,[시승기] 벤츠가 낳은 우량아 ‘GLB’…“7인승 패밀리카로 진화한 소형차”,http://www.donga.com/news/article/all/20191220/98897858/3
115,상반기 르·쌍·쉐 죽쑨 사이…벤츠·BMW·테슬라 질주,http://www.newspim.com/news/view/20210720000364
116,"수입차, 상반기 15만대 육박…벤츠·BMW 양강구도 지속",http://www.newstomato.com/ReadNews.aspx?no=1056810&inflow=N
117,"벤츠, 브레이크 없는 질주… '8만대의 벽' 넘을까",http://www.sisaweek.com/news/articleView.html?idxno=145137
118,"고급화 전략 나서는 벤츠, 올해 8만대 넘긴다",http://www.newstomato.com/ReadNews.aspx?no=1053981&inflow=N
119,"[人터뷰]""벤츠 GLB는 7인승 MPV 아닌 SUV""",http://autotimes.hankyung.com/apps/news.sub_view?popup=0&nid=01&c1=01&c2=01&c3=00&nkey=201912050210511
120,"벤츠 딜러 한성모터스, 전시장·서비스센터 여름맞이 프로모션",http://www.newsis.com/view/?id=NISX20210709_0001507250&cID=13001&pID=13000
121,"벤츠 공식 딜러 한성모터스, 여름맞이 전시장 및 서비스센터 '특별 프로모션' 진행",http://digitalchosun.dizzo.com/site/data/html_dir/2021/07/09/2021070980052.html
122,"벤츠, 7인승 소형 SUV 'AMG GLB 35 4매틱'…유럽서 출시",http://www.edaily.co.kr/news/newspath.asp?newsid=01879446622720488
123,"벤츠, GLB 기반 전기 SUV 개발..EQB 출시 일정은?",http://www.dailycar.co.kr/content/news.html?type=view&autoId=34818
124,"[시승기] 더뉴 메르세데스-벤츠 GLB, 3040 아빠들 패밀리카로…벤츠가 다시 왔다",http://news.mk.co.kr/newsRead.php?year=2019&no=1043496
125,"더클래스 효성, 메르세데스-벤츠 '스타필드 하남 모빌리티 쇼' 참가한다",http://www.newslock.co.kr/news/articleView.html?idxno=32114
126,[시승기] 소형 SUV 맞아?...넓은 공간 갖춘 벤츠 GLB,http://www.zdnet.co.kr/ArticleView.asp?artice_id=20191206173534
127,"[신차드라이브]가족을 위한 벤츠 'GLB', 피카소 고향 말라가를 달리다",http://www.etnews.com/20191205000077
128,"벤츠, 7인승 SUV GLB 출시 계획..유럽 가격은 5100만원",http://www.dailycar.co.kr/content/news.html?type=view&autoId=34256
129,"리본카, 22일 KCC오토그룹과 '수입차 인증중고차 특집' 리본쇼",http://www.enewstoday.co.kr/news/articleView.html?idxno=1556912
130,"리본카, KCC오토 손잡고 '수입차 인증중고차 특집' 리본쇼 진행",http://www.gpkorea.com/news/articleView.html?idxno=84000
131,"[2019 IAA]신개념 다목적 SUV, 벤츠 GLB",http://autotimes.hankyung.com/apps/news.sub_view?popup=0&nid=07&c1=07&c2=07&c3=00&nkey=201909101258201
132,"벤츠 딜러 더클래스 효성, '스타필드 하남 모빌리티 쇼' 참가",https://www.asiatoday.co.kr/view.php?key=20201027010015596
133,2020년 11월 수입차 판매 7.5%↑… ‘벤츠 E클래스’ 돌풍,https://www.donga.com/news/article/all/20201203/104279245/2
134,"""S클래스만 있는 게 아냐""…벤츠코리아, SUV 풀 라인업 구축",https://www.asiatime.co.kr/news/newsview.php?ncode=1065596571823091
135,"[시승기] 부쩍 증가한 '뉴 GLA·GLB'… ""작지만 알차다""",http://biz.newdaily.co.kr/site/data/html/2020/10/27/2020102700008.html
136,"[프랑크푸르트모터쇼] 벤츠, 더 뉴 GLB 등 월드프리미어 차종 일부 사전공개",http://biz.chosun.com/site/data/html_dir/2019/09/10/2019091000291.html
137,와우! 소형 SUV에 3열 시트..벤츠 7인승 GLB 공개,http://www.edaily.co.kr/news/newspath.asp?newsid=01977846622521392
138,"벤츠, 상하이서 공개된 ‘GLB’ 담금질 돌입..출시 일정과 가격은?",http://www.dailycar.co.kr/content/news.html?type=view&autoId=33245
139,송년특집④ 2020 오토타임즈 영상 조회수 톱10,http://autotimes.hankyung.com/apps/news.sub_view?popup=0&nid=01&c1=01&c2=01&c3=00&nkey=202012241410151
140,"[시승기] 부쩍 증가한 '뉴 GLA·GLB'… ""작지만 알차다""",http://biz.newdaily.co.kr/site/data/html/2020/10/27/2020102700008.html
141,"[프랑크푸르트모터쇼] 벤츠, 더 뉴 GLB 등 월드프리미어 차종 일부 사전공개",http://biz.chosun.com/site/data/html_dir/2019/09/10/2019091000291.html
142,와우! 소형 SUV에 3열 시트..벤츠 7인승 GLB 공개,http://www.edaily.co.kr/news/newspath.asp?newsid=01977846622521392
143,"벤츠, 상하이서 공개된 ‘GLB’ 담금질 돌입..출시 일정과 가격은?",http://www.dailycar.co.kr/content/news.html?type=view&autoId=33245
144,송년특집④ 2020 오토타임즈 영상 조회수 톱10,http://autotimes.hankyung.com/apps/news.sub_view?popup=0&nid=01&c1=01&c2=01&c3=00&nkey=202012241410151
145,[시승기] 감성과 가성비로 2030 공략 나선 '벤츠 클래스',http://www.iminju.net/news/articleView.html?idxno=57973
146,[시승기] '왕이 돌아왔다'...명성에 걸맞는 완벽 세단 신형 벤츠 E클래스,http://www.consumernews.co.kr/news/articleView.html?idxno=615205
147,"벤츠, 고성능 GLE 63·GLB 45 스파이샷 포착..특징은?",http://www.dailycar.co.kr/content/news.html?type=view&autoId=34639
148,벤츠 SUV 라인업 완성시켜줄 GLB..스파이샷 ‘포착’,http://www.dailycar.co.kr/content/news.html?type=view&autoId=32854
149,신차만큼 비싼 중고차..쏘렌토는 1년 타도 제값·테슬라는 웃돈 요구,http://www.dailycar.co.kr/content/news.html?type=view&autoId=43041
150,컴팩트 SUV인데 어떻게 7인승이? 벤츠 'GLB 컨셉트' 세계 최초 공개,http://www.autodaily.co.kr/news/articleView.html?idxno=408536
151,벤츠. 7인승 SUV GLB 콘셉트 ‘공개’..출시 일정은?,http://www.dailycar.co.kr/content/news.html?type=view&autoId=32943
152,"[시승기] 세단 챔피언 방어전의 '우아한 펀치', 벤츠 E-클래스 타보니",http://www.iminju.net/news/articleView.html?idxno=58920
153,"벤츠, 베이비 왜건 'GLB 콘셉트' 티저 공개...상하이모터쇼 데뷔",http://www.gpkorea.com/news/articleView.html?idxno=50298
154,"1년 탄 쏘렌토, 지금 팔아도 신차 가격과 비슷한 이유",http://www.edaily.co.kr/news/newspath.asp?newsid=03047126632231504
155,"더클래스 효성 ""스타필드 하남에서 벤츠 시승하세요""",http://moneys.mt.co.kr/news/mwView.php?no=2020102709228033985
156,"벤츠 GLB 유럽서 매력적인 가격 출시, 대체 얼마기에?",http://www.thedrive.co.kr/news/newsview.php?ncode=1065576612922182
157,"벤츠가 11일 '생중계' 예정중인 GLB, 어떻게 7인승 가능할까?",http://www.autodaily.co.kr/news/articleView.html?idxno=409345
158,"벤츠, '2019 오토 상하이' 참가… 콤팩트 SUV '콘셉트 GLB' 첫선",http://www.newscj.com/news/articleView.html?idxno=620836
159,"[상하이오토쇼] 벤츠, 7인승 콤팩트 SUV GLB 첫 선..신차 5종 공개",http://www.dailycar.co.kr/content/news.html?type=view&autoId=32920
160,"[상하이오토쇼] 벤츠, 7인승 콤팩트 SUV GLB 첫 선..신차 5종 공개",http://www.dailycar.co.kr/content/news.html?type=view&autoId=32920
161,"벤츠, 콤팩트 SUV GLB 35 AMG 개발 중.. 공개 일정은?",http://www.dailycar.co.kr/content/news.html?type=view&autoId=33605
162,미국서 A·C클래스 생산 중단하는 벤츠..SUV 올인하나?,http://www.dailycar.co.kr/content/news.html?type=view&autoId=37130
163,"'E클래스·5시리즈 격돌 예고' 벤츠, 한 달 만에 1위 재탈환",http://www.autodaily.co.kr/news/articleView.html?idxno=422660
164,수입차 판매 질주…벤츠·BMW 1위대결 치열,http://www.newstomato.com/ReadNews.aspx?no=1042542&inflow=N
165,"벤츠, 상하이오토쇼서 ‘GLB’ 세계 최초 공개 계획..‘눈길’",http://www.dailycar.co.kr/content/news.html?type=view&autoId=32887
166,작년 수입 전기차 판매 2만대 돌파,http://www.dt.co.kr/contents.html?article_no=2022011602109932064002&ref=naver
167,"'BMW 한달 천하?' 벤츠, 내달 '신형 E 클래스'이어 풀체인지 S클래스 투입으로 1위 재탈환 나선다",http://www.autodaily.co.kr/news/articleView.html?idxno=421996
168,수입차 '투톱' 벤츠·BMW 인기 고공행진…1분기 르·쌍·쉐 판매 추월,https://www.asiatoday.co.kr/view.php?key=20210405010002394
169,"BMW, 수입차 1위 벤츠 ‘맹추격’…판매량 격차 좁혀",http://thepublic.kr/news/newsview.php?ncode=1065578823544133
170,수입차 '투톱' 벤츠·BMW 인기 고공행진…1분기 르·쌍·쉐 판매 추월,https://www.asiatoday.co.kr/view.php?key=20210405010002394
171,"BMW, 수입차 1위 벤츠 ‘맹추격’…판매량 격차 좁혀",http://thepublic.kr/news/newsview.php?ncode=1065578823544133
172,"벤츠 턱밑 추격 나선 BMW, 6년 만에 1위 탈환 '절치부심'",https://www.news1.kr/articles/?4241567
173,벤츠 S클래스의 장점을 그대로 옮겨 놓은 전기차 EQS..주행거리는 700km,http://www.dailycar.co.kr/content/news.html?type=view&autoId=37607
174,"5년째 수입차 1위 벤츠, 점점 격차 좁혀가는 BMW",https://biz.chosun.com/site/data/html_dir/2021/04/12/2021041201695.html?utm_source=naver&utm_medium=original&utm_campaign=biz
175,"벤츠, 7인승 콤팩트 SUV ‘GLB 35 AMG’ 공개..306마력 파워",http://www.dailycar.co.kr/content/news.html?type=view&autoId=34411
176,'하차감' 벤츠 vs '손맛' BMW...1~2월 수입차 판매 '불꽃 경쟁',http://www.newspim.com/news/view/20210311000713
177,코로나 비켜간 수입차…하반기 더 강력한 신차 '30종' 격돌,http://www.etnews.com/20200708000265
178,[Car Test-Drive] 2022년형 SM6 TCe260 타보니… 가성비가 뭐 어때서? 이보다 좋을 수 없는 패밀리세단,http://news.mk.co.kr/newsRead.php?no=1128860&year=2021
179,르·쌍·쉐 넘어선 벤츠·BMW,http://autotimes.hankyung.com/apps/news.sub_view?popup=0&nid=03&c1=03&c2=03&c3=00&nkey=202103031519081
180,벤츠·BMW '수입차 왕좌' 놓고 불꽃 레이스,http://news.mk.co.kr/newsRead.php?no=211234&year=2021
181,[정찬수의 시승기 - 더 뉴 메르세데스-벤츠 GLA] 세단에 밀리지 않는 역동성…‘펀 드라이브’ 강자,http://news.heraldcorp.com/view.php?ud=20210302000524
182,"BMW 판매량, 국내 중견 3사 추월… 1위 벤츠 아성 넘본다",http://www.segye.com/content/html/2021/03/07/20210307507700.html?OutUrl=naver
183,"[2019 상하이]벤츠, SUV 영역 개척 GLB 컨셉트",http://autotimes.hankyung.com/apps/news.sub_view?popup=0&nid=07&c1=07&c2=07&c3=00&nkey=201904160303501
184,"할인에 할인을 더했다…중형세단 가성비 끝판왕, 르노삼성 2022년형 SM6",https://www.mk.co.kr/economy/view/2021/1066117
185,"""사고났는데 차량 위치는 엉뚱한 곳?"" 벤츠, 美서 129만대 리콜",http://www.bloter.net/archives/531136
186,GLB 45 AMG는 이런 모습(?)..하반기 출시 앞둔 고성능 7인승 SUV,http://www.dailycar.co.kr/content/news.html?type=view&autoId=36770
187,"수입차 살땐 무조건 벤츠?…""SUV 시장선 달라요""",http://news.mk.co.kr/newsRead.php?no=125703&year=2021
188,[김종훈의 차타GO]깜직하고 강한 벤츠SUV…승차감·공간·가격 하모니,http://www.dizzotv.com/site/data/html_dir/2020/12/11/2020121180179.html
189,"벤츠코리아, 올해는 '세단'에 집중",http://autotimes.hankyung.com/apps/news.sub_view?popup=0&nid=02&c1=02&c2=02&c3=00&nkey=202101312113581
190,"현대차·기아 다음엔 벤츠·BMW, 내수 시장 싹쓸이",https://www.dailian.co.kr/news/view/969306/?sc=Naver
191,[driving] 씨름 선수가 달리기도 잘하네! 더 뉴 벤츠 GLS,https://woman.donga.com/3/all/12/2473873/1
192,"SUV의 전설…벤츠, 베이비 G바겐 `GLB` 2019년 출시",http://www.edaily.co.kr/news/newspath.asp?newsid=02246806616060120
193,"벤츠, BMW 그란투어러 대적할 SUV GLB 골격 드러내",http://it.chosun.com/news/article.html?no=2845141
194,"오토드림카, 수입차 오토리스 장기렌트 4월 할인 프로모션",http://www.koreadaily.com/news/read.asp?art_id=8182126
195,'이번에도 벤츠가 점령' 수입차 판매 TOP10 'E클래스' 1위. 누적 1만대 돌파,http://www.autodaily.co.kr/news/articleView.html?idxno=419724
196,"[시승기] 차급 뛰어넘는 고급감 '벤츠, 더 뉴 A클래스 세단'",http://digitalchosun.dizzo.com/site/data/html_dir/2020/06/02/2020060280300.html
197,"'화재결함' 심리악재 극복 했나...BMW, 벤츠와 1월 판매량 격차 좁혀",http://www.sporbiz.co.kr/news/articleView.html?idxno=510025
198,"올해의 차 최종 후보 3, 메르세데스 벤츠 CLA",https://www.motortrendkorea.com/sub/view.html?no=5317&cate1Name=WHICHCAR
199,"‘가장 큰 럭셔리’ 벤츠코리아, 신형 GLS 출시… “SUV계 S클래스”",https://www.donga.com/news/article/all/20200525/101207413/2
200,"벤츠, 한쪽으로 쏠리는 소프트웨어. 긴급호출 오류로 美서 134만대 리콜",http://www.autodaily.co.kr/news/articleView.html?idxno=425797
201,5000만원대라고?… 벤츠 '가성비 패밀리카' 타봤습니다 [신차털기],https://www.hankyung.com/economy/article/202012119735g
202,"벤츠, GLC 풀모델 체인지 계획..BMW X3·아우디 Q5 견제!",http://www.dailycar.co.kr/content/news.html?type=view&autoId=38612
203,공개 D-1 벤츠 EQA..400km 주행거리 예고 ‘주목’,http://www.dailycar.co.kr/content/news.html?type=view&autoId=38627
204,"'꼬마 벤츠' A-클래스 세단, 인기몰이",http://www.digitaltoday.co.kr/news/articleView.html?idxno=229508
205,"오토드림카, 벤츠 E클래스 E300 E220d 수입차 오토리스 장기렌트 4월 프로모션 할인",http://www.koreadaily.com/news/read.asp?art_id=8176674
206,"벤츠 공식딜러 효성, '스타필드 하남 모빌리티 쇼' 참가",https://www.news1.kr/articles/?4099508
207,"[언택트 人터뷰]업계 1위, 벤츠코리아 제품전략을 엿보다",http://autotimes.hankyung.com/apps/news.sub_view?popup=0&nid=03&c1=03&c2=03&c3=00&nkey=202009291219531
208,"[디투피플] ""S클래스 전기차, 성공 확신"" 마크 레인 벤츠코리아 부사장",http://www.digitaltoday.co.kr/news/articleView.html?idxno=216299
209,증강현실·휘어진 디스플레이… ‘첨단 기술 신차’ 줄줄이 나온다,http://www.busan.com/view/busan/view.php?code=2019091717362287887
210,"벤츠, 1위는 탈환했는데… 힘겨운 3분기",http://www.sisaweek.com/news/articleView.html?idxno=138165
211,소형 SUV까지 넓어지는 벤츠의 전기차 개발..EQB 출시 일정은?,http://www.dailycar.co.kr/content/news.html?type=view&autoId=37796
212,새해 첫 車기자들의 선택은..'GV70' 벤츠 제치고 '1월의 차',http://news.mt.co.kr/mtview.php?no=2021010513535996601
213,"[시승]입문형도 대세는 벤츠, A클래스 세단",http://autotimes.hankyung.com/apps/news.sub_view?popup=0&nid=06&c1=06&c2=06&c3=00&nkey=202002271756091
214,벤츠딜러 효성 '스타필드하남 모빌리티쇼' 참가⋯렉서스 안양 서비스⋅시승센터 열어,http://www.newskr.kr/news/articleView.html?idxno=52181
215,"더클래스 효성, '스타필드 하남 모빌리티 쇼' 참가",http://www.cstimes.com/news/articleView.html?idxno=436037
216,"전기차 쏟아내는 벤츠, 2022년까지 세단·SUV 6종 출시",http://www.dailycar.co.kr/content/news.html?type=view&autoId=38364
217,벤츠 'SUV 폭격'… 수입차 1인자 굳히기,http://www.m-i.kr/news/articleView.html?idxno=742873
218,"벤츠, E클래스 순수 전기차 개발 계획..과연 출시 일정은?",http://www.dailycar.co.kr/content/news.html?type=view&autoId=36089
219,[박용환의 세상돋보기] 벤츠 ‘삼각별’ 위기에 빛난 김지섭 대행…한국인 사장 나올까,https://www.ebn.co.kr/news/view/1459982/?sc=Naver
220,"'新 SUV 3종 출격' 메르세데스-벤츠, 수입차 시장 1위 굳힌다",https://www.asiatoday.co.kr/view.php?key=20200827010014850
221,고성능 7인승 SUV ‘GLB 35 AMG’ 판매 돌입..가격은 7060만원,http://www.dailycar.co.kr/content/news.html?type=view&autoId=35458
222,"벤츠 ""A클래스·E클래스·GLA 등 올해 신차 15종 투입해 수입차 1등 지킨다""",http://weekly.cnbnews.com/news/article.html?no=132125
223,벤츠의 국내시장 '융단폭격'…간판급 SUV 3총사 동시 출격,http://www.newspim.com/news/view/20200827000616
224,"더클래스 효성, '스타필드 하남 모빌리티 쇼' 참가",http://www.weeklytoday.com/news/articleView.html?idxno=317615
225,차세대 파워트레인 개발에 합의한 벤츠·지리차..볼보까지 확대되는 ‘협력’,http://www.dailycar.co.kr/content/news.html?type=view&autoId=38149
226,'사장 교체·차량 화재·판매 감소'까지 벤츠 '삼중고',https://www.ebn.co.kr/news/view/1446649/?sc=Naver
227,"메르세데스-벤츠, ‘빼앗긴 왕관’ 되찾을까",http://www.sporbiz.co.kr/news/articleView.html?idxno=467550
228,벤츠·BMW·아우디가 미국·멕시코산이라고요?,https://biz.chosun.com/site/data/html_dir/2020/09/04/2020090403971.html?utm_source=naver&utm_medium=original&utm_campaign=biz
229,"[아주취향저격車리뷰]세단 명가 벤츠, 신형 SUV 모델 3종으로 시장 공략",http://www.ajunews.com/view/20200904142402785
230,"더클래스 효성, '스타필드 하남 모빌리티 쇼' 참가",http://www.thebigdata.co.kr/view.php?ud=202010271322149200d0a8833aad_23
231,"메르세데스-벤츠, ‘빼앗긴 왕관’ 되찾을까",http://www.sporbiz.co.kr/news/articleView.html?idxno=467550
232,벤츠·BMW·아우디가 미국·멕시코산이라고요?,https://biz.chosun.com/site/data/html_dir/2020/09/04/2020090403971.html?utm_source=naver&utm_medium=original&utm_campaign=biz
233,"[아주취향저격車리뷰]세단 명가 벤츠, 신형 SUV 모델 3종으로 시장 공략",http://www.ajunews.com/view/20200904142402785
234,'영앤리치' 다 잡겠다… 5000만원대 SUV 내놓은 벤츠,http://biz.newdaily.co.kr/site/data/html/2020/09/02/2020090200085.html
235,"벤츠, SUV 신차 3종 온라인 공개… SUV 라인업 한 단계 업그레이드",http://www.sisaweek.com/news/articleView.html?idxno=137046
236,"메르세데스-벤츠 코리아, 새 SUV 3종 국내 출시",https://www.etoday.co.kr/news/view/1934109
237,일본차 판매 두 자릿수 증가…벤츠는 1위 재탈환(종합),http://yna.kr/AKR20201007064351003?did=1195m
238,"차세대 벤츠 GLA 내부 스파이샷 공개, A 클래스 판박이?",http://www.thedrive.co.kr/news/newsview.php?ncode=1065598177011519
239,"BMW 5시리즈, 벤츠E·G70 제치고 '이달의 차' 선정",http://www.edaily.co.kr/news/newspath.asp?newsid=02338646625962112
240,일본차 판매 두 자릿수 증가…벤츠는 1위 재탈환(종합),http://yna.kr/AKR20201007064351003?did=1195m
241,"차세대 벤츠 GLA 내부 스파이샷 공개, A 클래스 판박이?",http://www.thedrive.co.kr/news/newsview.php?ncode=1065598177011519
242,"BMW 5시리즈, 벤츠E·G70 제치고 '이달의 차' 선정",http://www.edaily.co.kr/news/newspath.asp?newsid=02338646625962112
243,'E클래스 vs 5시리즈' 정면 승부…첫달 BMW 승기 잡았다,https://view.asiae.co.kr/article/2020110410473909662
244,"[까칠뉴스] 벤츠 코리아, 김지섭 사장대행 카드에 담긴 의미는?",http://www.sisaon.co.kr/news/articleView.html?idxno=119182
245,"현대·기아차 4개 모델, 유럽 올해의차 후보 올라 ",https://www.theguru.co.kr/news/article.html?no=17248
246,"더클래스 효성, '스타필드 하남 모빌리티 쇼' 참가",http://www.etnews.com/20201027000180
247,"벤츠, S클래스급 전기차 '비전 EQS'…프랑크푸르트서 공개",http://www.edaily.co.kr/news/newspath.asp?newsid=02230406622618480
248,BMW·벤츠 한국 시장 선두 경쟁의 이면,http://www.sisajournal.com/news/articleView.html?idxno=205013
249,"BMW 3년 만에 월간 판매 1위 탈환, “신차효과”… 벤츠도 신차 맞불",https://hankookilbo.com/News/Read/A2020090309460004342?did=NA
250,"BMW 3년 만에 월간 판매 1위 탈환, “신차효과”… 벤츠도 신차 맞불",https://hankookilbo.com/News/Read/A2020090309460004342?did=NA
251,벤츠 SUV 신차 3종 세트,https://news.chosun.com/site/data/html_dir/2020/08/27/2020082704628.html?utm_source=naver&utm_medium=original&utm_campaign=news
252,"벤츠, 유럽시장서 A·B 클래스 PHEV 버전 추가...친환경차 저변 확대",http://www.gpkorea.com/news/articleView.html?idxno=55427
253,"2년 반 만에 벤츠 잡은 BMW, 점점 더 커지는 수입차 시장 [김도형 기자의 휴일차(車)담]",https://www.donga.com/news/article/all/20200905/102803901/1
254,"벤츠, 10개 차종 전기차 쏟아진다..전기 SUV 라인업 강화(?)",http://www.dailycar.co.kr/content/news.html?type=view&autoId=37159
255,하반기 ‘신차’ 전쟁 개막…국산차 이어 수입차 가세,http://www.skyedaily.com/news/news_view.html?ID=106446
256,"벤츠, A클래스 라인업의 마침표..2세대 GLA 스파이샷 ‘공개’",http://www.dailycar.co.kr/content/news.html?type=view&autoId=33473
257,"[시승기] 벤츠의 고성능 소형차 '싹쓰리', AMG A35·A45·CLA45S",http://www.digitaltoday.co.kr/news/articleView.html?idxno=241799
258,"[글로벌-Biz 24] 다임러, 미국·멕시코에서 메르세데스 벤츠 세단 생산 중단",http://www.g-enews.com/ko-kr/news/article/news_all/2020071910360638236336258971_1/article.html
259,"BMW, 8월 7232대 판매… 23개월만에 벤츠 추월",http://www.dt.co.kr/contents.html?article_no=2020090402101232064001&ref=naver
260,"‘판매 두 배 뛴’ BMW, 23개월 만에 벤츠 역전",http://www.dt.co.kr/contents.html?article_no=2020090302109932064009&ref=naver
261,"“더 완벽해진 고성능 패밀리”… 벤츠코리아, ‘A35 4매틱 세단’ 등 AMG 신차 4종 공개",https://www.donga.com/news/article/all/20200716/102006621/2
262,"코로나 뚫은 수입차, BMW·벤츠·아우디·재규어 신차 '봇물'",http://www.newspim.com/news/view/20200710000839
263,저금리 덕에… 매출 정체에도 실적 재미본 벤츠파이낸셜,http://www.dt.co.kr/contents.html?article_no=2020083102101232064002&ref=naver
264,[시승기] 르노삼성 잠재력 보여준 ‘XM3’… “이유 있는 흥행돌풍”,http://www.donga.com/news/article/all/20200406/100522289/2
265,"벤츠, 원가절감 위해 세단 대신 SUV 만든다",http://it.chosun.com/site/data/html_dir/2020/07/17/2020071700736.html
266,제네시스와 벤츠 '작은 SUV 전쟁'이 다가온다,https://news.chosun.com/site/data/html_dir/2020/07/13/2020071303771.html?utm_source=naver&utm_medium=original&utm_campaign=news
267,[2019 IAA]프랑크푸르트 신차 언제 국내 출시되나,http://autotimes.hankyung.com/apps/news.sub_view?popup=0&nid=07&c1=07&c2=07&c3=00&nkey=201909111517091
268,억소리 나는 대형 SUV 경쟁…벤츠 'GLS'의 귀환,https://www.news1.kr/articles/?3944596
269,"'구겨진 자존심 회복할까' 제네시스, 4년 만에 벤츠 넘는다.",http://www.autodaily.co.kr/news/articleView.html?idxno=419674
270,"'구겨진 자존심 회복할까' 제네시스, 4년 만에 벤츠 넘는다.",http://www.autodaily.co.kr/news/articleView.html?idxno=419674
271,"[人사이트]마이클 바우어 벤츠 콤팩트카 개발총괄 ""고객이 사랑하는 車 만들겠다""",http://www.etnews.com/20191217000101
272,벤츠·BMW·폭스바겐 등 수입차 2020 키워드는 '콤팩트카',http://www.consumernews.co.kr/?mod=news&act=articleView&idxno=536156
273,"벤츠, 2세대 GLA 공개..BMW X1, 아우디 Q3 경쟁",http://www.dailycar.co.kr/content/news.html?type=view&autoId=35371
274,[카 라이프] 세바퀴 마차서 친환경 전기차로…벤츠 `최고의 품격` 잇는다,http://news.mk.co.kr/newsRead.php?no=412724&year=2020
275,"오토드림카, '벤츠 E300 E220d' 수입차 오토 리스·장기 렌트 특판가 조건 인기",http://news.mtn.co.kr/newscenter/news_viewer.mtn?gidx=2020040716045272244
276,"오토드림카, 벤츠E300, BMW520d 등 수입차 오토리스 4월 프로모션 할인",http://www.koreadaily.com/news/read.asp?art_id=8187915
277,"[人사이트]마크 레인 벤츠코리아 부사장 ""전기차 시대, 모던 럭셔리 브랜드 도약""",http://www.etnews.com/20200520000199
278,"벤츠 실라키스號, 코로나에 유종의 미 '빨간불'",http://news.bizwatch.co.kr/article/industry/2020/03/05/0011/naver
279,"[車블랙박스]'CLS·'GLE'…벤츠 모델명, 어떤 의미?",http://www.newsis.com/view/?id=NISX20200217_0000921863&cID=13001&pID=13000
280,"벤츠코리아, ""한국에서 세단은 SUV만큼 중요""",http://autotimes.hankyung.com/apps/news.sub_view?popup=0&nid=02&c1=02&c2=02&c3=00&nkey=202002122113351
281,박스형이라 실내 넉넉… 진동 적어 세단 같은 승차감,https://www.chosun.com/economy/auto/2020/10/14/EE5BXS4XRNHQFFH36YBXXVFXNI/?utm_source=naver&utm_medium=original&utm_campaign=news
282,"""벤츠, 글로벌 인력감축에도 한국선 감원 없다""",https://www.hankyung.com/economy/article/2020012925811
283,"벤츠 BMW 친환경차와 SUV 대거 내놔, 올해도 수입차는 ‘독일 천하’",http://www.businesspost.co.kr/BP?command=article_view&num=161030
284,"벤츠코리아, 서비스센터 체험 프로그램 진행",http://autotimes.hankyung.com/apps/news.sub_view?popup=0&nid=03&c1=03&c2=03&c3=00&nkey=201912060933201
285,반도체·원자재 대란에 부품 빼고 가격 더한 완성차,http://www.busan.com/view/busan/view.php?code=2022041219044539529
286,"벤츠, 2020년 신차 9종·부분변경 모델 6종 출시",http://www.segye.com/content/html/2020/01/14/20200114514234.html?OutUrl=naver
287,"年 8만대 시대 연다..메르세데스-벤츠, 신차 15종 출격(종합)",http://www.edaily.co.kr/news/newspath.asp?newsid=03650646625637720
288,"벤츠 코리아, 제품 포트폴리오·사회공헌 강화로 수입차 리더십 '가속페달'",http://www.sisaon.co.kr/news/articleView.html?idxno=107641
289,"벤츠, 4년 연속 글로벌 럭셔리카 판매 1위...獨·韓 등 16개국서 리더 유지",http://www.autodaily.co.kr/news/articleView.html?idxno=415405
290,"벤츠코리아 ""올해 신차 15종 출시…韓 스타트업 협력 강화""",http://news1.kr/articles/?3816447
291,"벤츠 코리아, 제품 포트폴리오·사회공헌 강화로 수입차 리더십 '가속페달'",http://www.sisaon.co.kr/news/articleView.html?idxno=107641
292,"벤츠, 4년 연속 글로벌 럭셔리카 판매 1위...獨·韓 등 16개국서 리더 유지",http://www.autodaily.co.kr/news/articleView.html?idxno=415405
293,"""밟아보니 알겠다… 왜 벤츠 SUV인지""",http://www.dt.co.kr/contents.html?article_no=2020021702151932052001&ref=naver
294,"벤츠코리아, 올해 신차 15종 쏟아낸다",http://autotimes.hankyung.com/apps/news.sub_view?popup=0&nid=03&c1=03&c2=03&c3=00&nkey=202001140935541
295,[시승기] 모자람 없는 상품성·망설여지는 선택..벤츠 GLC 쿠페,http://www.dailycar.co.kr/content/news.html?type=view&autoId=35734
296,벤츠 GLA·BMW 5시리즈…2020년 수입차 신차전략은?,https://view.asiae.co.kr/article/2020012615315781344
297,"벤츠, 패스트백으로 변신한 전기차 EQS..과연 출시 일정은?",http://www.dailycar.co.kr/content/news.html?type=view&autoId=35399
298,"벤츠코리아, 마이바흐로 상위 1% 잡는다",http://autotimes.hankyung.com/apps/news.sub_view?popup=0&nid=02&c1=02&c2=02&c3=00&nkey=202001142026591
299,[김양혁의 위키백카]올해도 SUV 전쟁…벤츠 정조준 한 `GV80`,http://www.dt.co.kr/contents.html?article_no=2020011902109932052001&ref=naver
300,"""밟아보니 알겠다… 왜 벤츠 SUV인지""",http://www.dt.co.kr/contents.html?article_no=2020021702151932052001&ref=naver
301,"[종합] 올해 신차 15종 투입 공세 펼치는 벤츠 ""수입차 1위 수성할 것""",http://www.newspim.com/news/view/20200114000763
302,"벤츠코리아, 올해 신차 15종 쏟아낸다",http://autotimes.hankyung.com/apps/news.sub_view?popup=0&nid=03&c1=03&c2=03&c3=00&nkey=202001140935541
303,"벤츠 ""올해 신차 15종 출시""…국내 수입차 1위 굳히기 나선다",http://www.asiatoday.co.kr/view.php?key=20200114010007745
304,[시승기] 모자람 없는 상품성·망설여지는 선택..벤츠 GLC 쿠페,http://www.dailycar.co.kr/content/news.html?type=view&autoId=35734
305,벤츠 GLA·BMW 5시리즈…2020년 수입차 신차전략은?,https://view.asiae.co.kr/article/2020012615315781344
306,"벤츠, 패스트백으로 변신한 전기차 EQS..과연 출시 일정은?",http://www.dailycar.co.kr/content/news.html?type=view&autoId=35399
307,"벤츠코리아, 마이바흐로 상위 1% 잡는다",http://autotimes.hankyung.com/apps/news.sub_view?popup=0&nid=02&c1=02&c2=02&c3=00&nkey=202001142026591
308,[김양혁의 위키백카]올해도 SUV 전쟁…벤츠 정조준 한 `GV80`,http://www.dt.co.kr/contents.html?article_no=2020011902109932052001&ref=naver
309,SUV 왕좌의 게임···'獨'한 전쟁,https://www.sedaily.com/NewsView/1Z7YETS3G7
310,SUV 왕좌의 게임···'獨'한 전쟁,https://www.sedaily.com/NewsView/1Z7YETS3G7
311,"벤츠, 소형 SUV ‘GLA’ 스케치 이미지 공개..특징은?",http://www.dailycar.co.kr/content/news.html?type=view&autoId=35348
312,[분석+] 벤츠의 유별난 한국 사랑…구조조정에도 투자 '팍팍',https://www.hankyung.com/economy/article/202001158121g
313,"[현장] 벤츠, 올해 사업 키워드는 '미래 모빌리티'",http://www.sisajournal-e.com/news/articleView.html?idxno=212084
314,"[천지일보 영상뉴스] 메르세데스-벤츠코리아 신년 기자간담회 ""함께 이끌어 나가는 미래""",http://www.newscj.com/news/articleView.html?idxno=699550
315,[스파이샷] 400km 달리는 벤츠 저렴한 전기차 ‘EQA’,http://www.thedrive.co.kr/news/newsview.php?ncode=1065581585663987
316,[하반기 자동차 전망] '세단 VS SUV' 다시 시작된 왕좌 쟁탈전,http://www.ajunews.com/view/20200831074634122
317,"벤츠, 획기적인 SUV 'EQB' 2021년 출시예정",http://www.gpkorea.com/news/articleView.html?idxno=53551
318,"벤츠, GLA 기반 전기차 EQA 개발 계획..소형 SUV 시장 공략",http://www.dailycar.co.kr/content/news.html?type=view&autoId=35434
319,"벤츠, 소형 SUV GLA 공개 계획..BMW X1·아우디 Q3와 경쟁",http://www.dailycar.co.kr/content/news.html?type=view&autoId=35222
320,[하반기 자동차 전망] '세단 VS SUV' 다시 시작된 왕좌 쟁탈전,http://www.ajunews.com/view/20200831074634122
321,"벤츠, 획기적인 SUV 'EQB' 2021년 출시예정",http://www.gpkorea.com/news/articleView.html?idxno=53551
322,"벤츠, GLA 기반 전기차 EQA 개발 계획..소형 SUV 시장 공략",http://www.dailycar.co.kr/content/news.html?type=view&autoId=35434
323,"벤츠, 소형 SUV GLA 공개 계획..BMW X1·아우디 Q3와 경쟁",http://www.dailycar.co.kr/content/news.html?type=view&autoId=35222
324,"벤츠, 中 '오토 상하이'서 SUV·세단 세계 최초 공개",http://www.newsis.com/view/?id=NISX20190411_0000617146&cID=13001&pID=13000
325,벤츠 신형 GLA 스파이샷 나왔다..근육질에 친숙한 느낌,http://www.edaily.co.kr/news/newspath.asp?newsid=03870406622525000
326,‘출시 코앞’ 벤츠 2세대 GLA 디자인 스케치 공개,http://www.thedrive.co.kr/news/newsview.php?ncode=1065593087546722
327,"메르세데스-벤츠, 12월 11일에 신형 GLA 공개",http://www.hankookilbo.com/news/npath/201911270957069318?did=NA
328,"벤츠, 덩치 키운 '신형 GLA' 공개...고성능 'GLA 35' 추가",http://www.gpkorea.com/news/articleView.html?idxno=59817
329,"벤츠, 상하이모터쇼서 7인승 SUV 쇼카 첫 선",http://news.mt.co.kr/mtview.php?no=2019041610410277640
330,"벤츠, 中 상하이모터쇼서 EQC 등 미래 주역 다수 공개",http://www.gpkorea.com/news/articleView.html?idxno=50460
331,"벤츠, 상하이모터쇼서 7인승 SUV 쇼카 첫 선",http://news.mt.co.kr/mtview.php?no=2019041610410277640
332,"AMG, EQC·B클래스 라인업 확장에 제동..왜?",http://www.dailycar.co.kr/content/news.html?type=view&autoId=34710
333,"벤츠, 수소전기차에 본격 착수한다",http://autotimes.hankyung.com/apps/news.sub_view?popup=0&nid=03&c1=03&c2=03&c3=00&nkey=201904161023361
334,벤츠가 오는 2023년까지 선보일 신차..과연 특징은?,http://www.dailycar.co.kr/content/news.html?type=view&autoId=32487
335,7인승 소형 SUV 등장… 날렵한 주행·패밀리카 ‘두토끼’ 잡는다,http://www.segye.com/content/html/2020/01/05/20200105507368.html?OutUrl=naver
336,마이바흐에 애스턴마틴도 ‘참전’… 프리미엄 SUV 전성시대,https://biz.chosun.com/site/data/html_dir/2020/01/23/2020012302766.html?utm_source=naver&utm_medium=original&utm_campaign=biz
337,"벤츠, 새로운 SUV 개발 가능성 제기..경쟁 상대는 레인지로버 스포츠",http://www.dailycar.co.kr/content/news.html?type=view&autoId=30624
338,"벤츠, 신년 기자간담회서 4년 연속 수입차 1위 자축…5년 연속 위한 전략은?",http://www.metroseoul.co.kr/news/newsview?newscd=2020011400147
339,2019 프랑크푸르트 모터쇼 빛낼 알짜배기 신차는?,http://autotimes.hankyung.com/apps/news.sub_view?popup=0&nid=07&c1=07&c2=07&c3=00&nkey=201909022249441
340,고급차 시장도 대세는 SUV… 마이바흐·애스턴마틴도 '출격 대기',https://news.chosun.com/site/data/html_dir/2020/01/23/2020012302787.html?utm_source=naver&utm_medium=original&utm_campaign=news
341,"벤츠, 새로운 SUV 개발 가능성 제기..경쟁 상대는 레인지로버 스포츠",http://www.dailycar.co.kr/content/news.html?type=view&autoId=30624
342,"벤츠, 신년 기자간담회서 4년 연속 수입차 1위 자축…5년 연속 위한 전략은?",http://www.metroseoul.co.kr/news/newsview?newscd=2020011400147
343,2019 프랑크푸르트 모터쇼 빛낼 알짜배기 신차는?,http://autotimes.hankyung.com/apps/news.sub_view?popup=0&nid=07&c1=07&c2=07&c3=00&nkey=201909022249441
344,"[IAA]2019 프랑크푸르트 모터쇼, 화려한 개막",http://autotimes.hankyung.com/apps/news.sub_view?popup=0&nid=07&c1=07&c2=07&c3=00&nkey=201909100640281
345,"메르세데스-벤츠, 2019 오토 상하이 참가",http://www.metroseoul.co.kr/news/newsview?newscd=2019041100151
346,2022 모터트렌드 신차 구매 가이드 4,https://www.motortrendkorea.com/sub/view.html?no=5998&cate1Name=ISSUE
347,"""AMG 체험 확대""…고성능차 시장 선도한다",https://www.hankyung.com/economy/article/2021042649371
348,판매량 강세 獨3사···반도체 대란 속 '신차효과' 주효,http://www.sisajournal-e.com/news/articleView.html?idxno=232351
349,고성능·실용성 다 잡은 '메르세데스-AMG'로 '찐 車맛' 느낀다,http://www.edaily.co.kr/news/newspath.asp?newsid=01151286629019072
350,"세단이냐 vs. SUV냐..수입차, 3월의 베스트셀링카 살펴보니",http://www.dailycar.co.kr/content/news.html?type=view&autoId=39291
351,선택 폭 넓어진 수입 전기차…경쟁도 격화,https://www.news1.kr/articles/?4632222
352,3월에 출시된 자동차 모아보기,http://www.esquirekorea.co.kr/article/54126
353,바람의 파이터,https://www.motortrendkorea.com/sub/view.html?no=6520&cate1Name=ISSUE
354,"다임러, '소프트웨어 결함' 미국서 차량 129만대 리콜",http://www.g-enews.com/ko-kr/news/article/news_all/2021021413374092906336258971_1/article.html
355,"[2020 자동차결산⑧] 독일 브랜드, 철벽수비로 수입차시장 장악",http://www.newsprime.co.kr/news/article.html?no=528458
356,폴스타 고급 수입 전기차 시장 판도 흔들까,http://www.dt.co.kr/contents.html?article_no=2022011102101632064001&ref=naver
357,"""보면 후회할텐데, 차 바꾸고 싶어서""…갖고 싶은 '올해 신차' 모아봤다",http://news.mk.co.kr/newsRead.php?no=2193&year=2022
358,2022년 우리를 설레게 할 수입 신차는?,http://autotimes.hankyung.com/apps/news.sub_view?popup=0&nid=02&c1=02&c2=02&c3=00&nkey=202112301126161
359,코로나에 '프라이빗 마케팅' 늘려가는 고급차 업계,https://biz.chosun.com/site/data/html_dir/2020/11/12/2020111200061.html?utm_source=naver&utm_medium=original&utm_campaign=biz
360,[새해 신차] 獨 3사 ‘전기차’ 대거 출시...브롱코·폴스타도 ‘주목’,http://www.pinpointnews.co.kr/view.php?ud=2022010313104082069cdfed7945_45
361,수입차 올해도 질주…BMW·볼보 약진,http://www.newstomato.com/ReadNews.aspx?no=1093939&inflow=N
362,"자동차 업계, 하반기도 SUV 공략 이어간다",http://www.viva100.com/main/view.php?key=20200831010005633
363,[하반기 자동차 전망] 국내외 업체 신차 출시 ‘봇물’... 코로나19 악재 넘어선다,http://www.ajunews.com/view/20200831074040119
364,하반기 신차 쏟아진다…스포츠 세단부터 SUV까지,http://www.ajunews.com/view/20200827163006177
365,"국내 車업계, 소형 SUV 시장 각축전에 수입차까지 가세",http://www.inews24.com/view/1294202
366,코로나·반도체 수급난 언덕 넘어···수입차 新나게 달렸다,https://www.sedaily.com/NewsView/22VAI3TTWG
367,"수입 승용차, 9월 신규 등록대수 2만1839대…전년동기 比 8.1% 증가",http://www.cnews.co.kr/uhtml/read.jsp?idxno=202010071833366840838
368,수입 소형 SUV '융단폭격'…국산차와 한판 대결,http://isplus.live.joins.com/news/article/article.asp?total_id=23863462
369,"자동차 업계, 하반기도 신차 출시 봇물...SUV 공략 이어간다",http://www.seoulwire.com/news/articleView.html?idxno=425726
370,"[THE CAR] ""1회 충전에 400km 기본이지""… 길어진 전기차 주행거리",http://www.dt.co.kr/contents.html?article_no=2021122002101832064001&ref=naver
371,“고성능·SUV부터 전기차까지”…내년 신형 수입차 흥분되네~,http://www.dt.co.kr/contents.html?article_no=2021121002109932064001&ref=naver
372,올 하반기 수입 신차 '봇물'…SUV·세단·전기차 격돌,https://biz.chosun.com/site/data/html_dir/2020/07/22/2020072201172.html?utm_source=naver&utm_medium=original&utm_campaign=biz
373,"수입차업계, 코로나 재확산에 '찾아가는 시승' 도입",http://www.mediapen.com/news/view/551106
374,코로나發 불황 우려 잠재운 ‘신차 효과’… 하반기 기대주는,http://www.segye.com/content/html/2020/07/12/20200712512279.html?OutUrl=naver
375,"[포토] 서울모빌리티쇼, 주목할 신차는?",https://www.asiatime.co.kr/article/20211126500175
376,"막 오른 전기차 시대, 순수전기신차 앞세워 경쟁 본격화",https://www.news1.kr/articles/?4504388
377,[이슈분석] 40종 '신차 레이스' 준비...SUV 10여종 등 선택폭 확대,http://www.etnews.com/20200602000165
378,(영상)씽씽 달린 수입차…'1만대 클럽' 최다 배출하나,http://www.newstomato.com/ReadNews.aspx?no=1078347&inflow=N
379,[알뜰정보] 샤넬 지갑ㆍ수분크림 선물 ‘펑펑’ 외',https://news.koreadaily.com/2021/10/21/economy/business/20211021203927657.html
380,"수입차, 9월 판매 6.6% 감소…""반도체 공급난 때문에""",http://www.fnnews.com/news/202110061010320609
381,수입차도 부익부 빈익빈…할인 공세 나서는 후발주자들,http://isplus.live.joins.com/news/article/article.asp?total_id=24140995
382,제네시스 GV80부터 아우디 첫 전기차까지…2020년 수놓을 신차는?,https://biz.chosun.com/site/data/html_dir/2020/01/02/2020010203020.html?utm_source=naver&utm_medium=original&utm_campaign=biz
383,(영상)반도체 수급난에…8월 수입차 판매 '주춤',http://www.newstomato.com/ReadNews.aspx?no=1071318&inflow=N
384,2020년 새로 나오는 차! - 3부,https://www.motortrendkorea.com/sub/view.html?no=4441&cate1Name=NEWCAR
385,"수입차, 누적 20만대 판매질주… 年 30만대 돌파 보인다",http://biz.newdaily.co.kr/site/data/html/2021/09/03/2021090300032.html
386,"수입차, 8개월새 20만대 팔렸다…올해도 '사상최대' 기록하나",http://www.fnnews.com/news/202109030944503395
387,제네시스 GV70부터 롤스로이스 고스트까지… 올해 도로 달굴 신차 면면 살펴보니,http://news.mk.co.kr/newsRead.php?no=232148&year=2020
388,"수입차, 올해도 SUV·전기차 출시 러시로 '대세'",http://www.newspim.com/news/view/20200106000965
389,'억' 소리 나는 드림카를 절반 값으로 느껴보는 '어포더블' 차들,http://www.iminju.net/news/articleView.html?idxno=74983
390,(영상)'17만대 돌파' 수입차 질주…일본차 회복세,http://www.newstomato.com/ReadNews.aspx?no=1064487&inflow=N
391,"[Car Special] 하루를 떠나도 특별하게… 여름휴가, 차박 한번 해볼까?",http://news.mk.co.kr/newsRead.php?no=750333&year=2021
392,[김준형의 오토 인사이드] 바우하우스 디자인의 부활,http://www.etoday.co.kr/news/section/newsview.php?idxno=1828859
393,매력 뽐내는 전기차… 보는 눈이 즐겁다,http://www.segye.com/content/html/2019/09/08/20190908506838.html?OutUrl=naver
394,그랜저가 포터2를 5:1로 이기다…상반기 자동차 판매 기상도,http://www.bizhankook.com/article/22185
395,커넥티드·자율주행·친환경…베일벗는 자동차의 미래,http://www.kookje.co.kr/news2011/asp/newsbody.asp?code=0200&key=20190911.22018004557
396,"한성모터스, 여름맞이 전시장·서비스센터 프로모션 진행",http://www.enewstoday.co.kr/news/articleView.html?idxno=1494871
397,올해 가장 인기를 끌었던 콘셉트카 BEST 10,http://www.thedrive.co.kr/news/newsview.php?ncode=1065595423683362
398,미래 전기車 향연… 프랑크프루트 모터쇼 오늘 개막,http://www.newscj.com/news/articleView.html?idxno=666006
399,[상하이오토쇼] ‘세계 최대의 모터쇼’ 개막..주목할 키워드 4가지,http://www.dailycar.co.kr/content/news.html?type=view&autoId=32928
400,"""미래車 향연 펼쳐진다""… 2019 프랑크푸르트 모터쇼 미리보기",http://biz.newdaily.co.kr/site/data/html/2019/09/09/2019090900107.html
401,[상하이오토쇼] ‘세계 최대의 모터쇼’ 개막..주목할 키워드 4가지,http://www.dailycar.co.kr/content/news.html?type=view&autoId=32928
402,수입차 판매 고공행진…독일 강세 지속,http://www.newstomato.com/ReadNews.aspx?no=1049061&inflow=N
403,"2019 상하이모터쇼, 대륙 사로잡을 신차 '집합'",http://autotimes.hankyung.com/apps/news.sub_view?popup=0&nid=07&c1=07&c2=07&c3=00&nkey=201904082205501
404,"“10대 중 6대”…獨 3사, 신차·SUV 타고 수입차 시장 ‘질주’",http://www.dt.co.kr/contents.html?article_no=2021050702109932064001&ref=naver
405,"2019 상하이, 대륙의 미래 이동성 담은 신차는?",http://autotimes.hankyung.com/apps/news.sub_view?popup=0&nid=07&c1=07&c2=07&c3=00&nkey=201904151907551
406,수입차 폭풍 질주…1분기 판매량 31.5% 증가,http://www.newstomato.com/ReadNews.aspx?no=1035793
407,"삼각별코리아, 국부 유출 심각…수익성 악화 불구, 모기업에 사상 최고 배당",http://www.ezyeconomy.com/news/articleView.html?idxno=110591
408,질주하는 독일차…쌍용·르삼·한국GM 판매 웃돌아,https://www.dailian.co.kr/news/view/979115/?sc=Naver
409,"[오정민의 세상만車]수입차 오너들, 인내심부터 키우자",http://www.enewstoday.co.kr/news/articleView.html?idxno=1458893
410,질주하는 독일차…쌍용·르삼·한국GM 판매 웃돌아,https://www.dailian.co.kr/news/view/979115/?sc=Naver
411,"[오정민의 세상만車]수입차 오너들, 인내심부터 키우자",http://www.enewstoday.co.kr/news/articleView.html?idxno=1458893
412,"'쾌속질주' 독일차, 2월 베스트셀링 모델 10위권 독식…점유율도 74% 근접",http://www.sisaon.co.kr/news/articleView.html?idxno=124704
413,2020년 국내 수입차 12.3% 성장… ‘코로나19 사태·닛산 철수’에도 역대 최대,https://www.donga.com/news/article/all/20210106/104798600/2
414,코로나 무색한 ‘수입차 판매량 사상 최대’,http://www.thepublic.kr/news/newsview.php?ncode=1065600351457713
415,'별들의 전쟁' 프랑크푸르트모터쇼서 새 얼굴 선보이는 독일車,http://www.metroseoul.co.kr/news/newsview?newscd=2019090800085
416,"폭스바겐, 신차 '또' 디젤만 출시… 한국 소비자는 봉?",http://www.sisaweek.com/news/articleView.html?idxno=141491
417,[김준형의 오토 인사이드] 2020년을 빛낸 한국 시장 주요 신차,https://www.etoday.co.kr/news/view/1976082
418,RPM9이 선정한 ‘2020 올해의 차’ 톱 10은?,http://www.rpm9.com/news/article.html?id=20201222090003
419,"세 번째로 1만대 클럽 가입한 '티구안', 소비자들이 가장 선호하는 수입 SUV",http://www.autodaily.co.kr/news/articleView.html?idxno=423851
420,"車기자협회, BMW 뉴 5시리즈 '11월의 차' 선정",https://www.ebn.co.kr/news/view/1457402/?sc=Naver
421,"KAJA, 12월의 차에 쌍용 올 뉴 렉스턴 선정",http://www.mediapen.com/news/view/579835
422,"'올 누적판매 1만대 돌파' 볼보코리아, 수입차 판매 5위. 1만2천대 목표 달성 눈앞",http://www.autodaily.co.kr/news/articleView.html?idxno=423452
423,"다임러트럭코리아, 전국 뉴 악트로스 전시 및 시승회 열어",http://autotimes.hankyung.com/apps/news.sub_view?popup=0&nid=10&c1=10&c2=10&c3=00&nkey=202010200956041
424,"[하반기 수입차]② 엔진과 전기 사이…고성능&친환경차 ""눈에 띄네""",http://www.newspim.com/news/view/20200731001018
425,"KAJA, 10월의 차 에 '현대차 신형 투싼'",http://www.mediapen.com/news/view/563096
426,‘코로나 영향 無’ 美서 가장 인기 있는 신차 TOP 12,http://www.thedrive.co.kr/news/newsview.php?ncode=1065572667044477
427,좌석 평평해지고 220V 쓸 수 있는 차가 '차박'에 최적,https://news.chosun.com/site/data/html_dir/2020/08/11/2020081104720.html?utm_source=naver&utm_medium=original&utm_campaign=news
428,"`5성급` 매장에 VIP 마케팅…외제차, 코로나 뚫고 판매질주",http://news.mk.co.kr/newsRead.php?no=803458&year=2020
429,코로나 가고 연말이 온다…판매 총력전 나선 車업계,http://news.kmib.co.kr/article/view.asp?arcid=0015096753&code=61172011&cp=nv
430,"자동차기자협회, 11월의 차에 'BMW 뉴 5시리즈' 선정",https://www.asiatoday.co.kr/view.php?key=20201103010001787
431,"KAJA, 12월의 차에 쌍용 올 뉴 렉스턴 선정",http://www.mediapen.com/news/view/579835
432,"'올 누적판매 1만대 돌파' 볼보코리아, 수입차 판매 5위. 1만2천대 목표 달성 눈앞",http://www.autodaily.co.kr/news/articleView.html?idxno=423452
433,"다임러트럭코리아, 전국 뉴 악트로스 전시 및 시승회 열어",http://autotimes.hankyung.com/apps/news.sub_view?popup=0&nid=10&c1=10&c2=10&c3=00&nkey=202010200956041
434,"[하반기 수입차]② 엔진과 전기 사이…고성능&친환경차 ""눈에 띄네""",http://www.newspim.com/news/view/20200731001018
435,"KAJA, 10월의 차 에 '현대차 신형 투싼'",http://www.mediapen.com/news/view/563096
436,‘코로나 영향 無’ 美서 가장 인기 있는 신차 TOP 12,http://www.thedrive.co.kr/news/newsview.php?ncode=1065572667044477
437,좌석 평평해지고 220V 쓸 수 있는 차가 '차박'에 최적,https://news.chosun.com/site/data/html_dir/2020/08/11/2020081104720.html?utm_source=naver&utm_medium=original&utm_campaign=news
438,"`5성급` 매장에 VIP 마케팅…외제차, 코로나 뚫고 판매질주",http://news.mk.co.kr/newsRead.php?no=803458&year=2020
439,코로나 가고 연말이 온다…판매 총력전 나선 車업계,http://news.kmib.co.kr/article/view.asp?arcid=0015096753&code=61172011&cp=nv
440,"자동차기자협회, 12월의 차에 '올 뉴 렉스턴' 선정",https://www.asiatoday.co.kr/view.php?key=20201202010001466
441,"'올 누적판매 1만대 돌파' 볼보코리아, 수입차 판매 5위. 1만2천대 목표 달성 눈앞",http://www.autodaily.co.kr/news/articleView.html?idxno=423452
442,"다임러트럭코리아, 전국 뉴 악트로스 전시 및 시승회 열어",http://autotimes.hankyung.com/apps/news.sub_view?popup=0&nid=10&c1=10&c2=10&c3=00&nkey=202010200956041
443,"[하반기 수입차]② 엔진과 전기 사이…고성능&친환경차 ""눈에 띄네""",http://www.newspim.com/news/view/20200731001018
444,"KAJA, 10월의 차 에 '현대차 신형 투싼'",http://www.mediapen.com/news/view/563096
445,‘코로나 영향 無’ 美서 가장 인기 있는 신차 TOP 12,http://www.thedrive.co.kr/news/newsview.php?ncode=1065572667044477
446,좌석 평평해지고 220V 쓸 수 있는 차가 '차박'에 최적,https://news.chosun.com/site/data/html_dir/2020/08/11/2020081104720.html?utm_source=naver&utm_medium=original&utm_campaign=news
447,"`5성급` 매장에 VIP 마케팅…외제차, 코로나 뚫고 판매질주",http://news.mk.co.kr/newsRead.php?no=803458&year=2020
448,코로나 가고 연말이 온다…판매 총력전 나선 車업계,http://news.kmib.co.kr/article/view.asp?arcid=0015096753&code=61172011&cp=nv
449,"기다려도 좋은, 신차 9대",https://www.motortrendkorea.com/sub/view.html?no=4839&cate1Name=NEWCAR
450,"KAJA, 10월의 차 에 '현대차 신형 투싼'",http://www.mediapen.com/news/view/563096
451,‘코로나 영향 無’ 美서 가장 인기 있는 신차 TOP 12,http://www.thedrive.co.kr/news/newsview.php?ncode=1065572667044477
452,좌석 평평해지고 220V 쓸 수 있는 차가 '차박'에 최적,https://news.chosun.com/site/data/html_dir/2020/08/11/2020081104720.html?utm_source=naver&utm_medium=original&utm_campaign=news
453,"`5성급` 매장에 VIP 마케팅…외제차, 코로나 뚫고 판매질주",http://news.mk.co.kr/newsRead.php?no=803458&year=2020
454,코로나 가고 연말이 온다…판매 총력전 나선 車업계,http://news.kmib.co.kr/article/view.asp?arcid=0015096753&code=61172011&cp=nv
455,"기다려도 좋은, 신차 9대",https://www.motortrendkorea.com/sub/view.html?no=4839&cate1Name=NEWCAR
456,"수입차 업계, 공격적인 신차 투입… 자리싸움 치열",http://www.sisaweek.com/news/articleView.html?idxno=134122
457,하반기 달릴 채비 마친 국내외 신차… 소비자 선택만 남았다,http://www.fnnews.com/news/202008021715458590
458,올해 최고의 7인승 가족용 SUV 톱 9,http://www.thedrive.co.kr/news/newsview.php?ncode=1065602761903992
459,"엔카닷컴, 2020년 상반기 가장 사고 싶은 신차는",http://kr.aving.net/news/view.php?articleId=1585551&Branch_ID=kr&rssid=naver&mn_name=news
460,자동차 기자들이 뽑은 10월의 차 '신형 투싼',http://www.inews24.com/view/1304242
461,‘코로나 영향 無’ 美서 가장 인기 있는 신차 TOP 12,http://www.thedrive.co.kr/news/newsview.php?ncode=1065572667044477
462,좌석 평평해지고 220V 쓸 수 있는 차가 '차박'에 최적,https://news.chosun.com/site/data/html_dir/2020/08/11/2020081104720.html?utm_source=naver&utm_medium=original&utm_campaign=news
463,"`5성급` 매장에 VIP 마케팅…외제차, 코로나 뚫고 판매질주",http://news.mk.co.kr/newsRead.php?no=803458&year=2020
464,코로나 가고 연말이 온다…판매 총력전 나선 車업계,http://news.kmib.co.kr/article/view.asp?arcid=0015096753&code=61172011&cp=nv
465,"기다려도 좋은, 신차 9대",https://www.motortrendkorea.com/sub/view.html?no=4839&cate1Name=NEWCAR
466,"수입차 업계, 공격적인 신차 투입… 자리싸움 치열",http://www.sisaweek.com/news/articleView.html?idxno=134122
467,하반기 달릴 채비 마친 국내외 신차… 소비자 선택만 남았다,http://www.fnnews.com/news/202008021715458590
468,올해 최고의 7인승 가족용 SUV 톱 9,http://www.thedrive.co.kr/news/newsview.php?ncode=1065602761903992
469,"엔카닷컴, 2020년 상반기 가장 사고 싶은 신차는",http://kr.aving.net/news/view.php?articleId=1585551&Branch_ID=kr&rssid=naver&mn_name=news
470,"기다려도 좋은, 신차 9대",https://www.motortrendkorea.com/sub/view.html?no=4839&cate1Name=NEWCAR
471,"수입차 업계, 공격적인 신차 투입… 자리싸움 치열",http://www.sisaweek.com/news/articleView.html?idxno=134122
472,하반기 달릴 채비 마친 국내외 신차… 소비자 선택만 남았다,http://www.fnnews.com/news/202008021715458590
473,올해 최고의 7인승 가족용 SUV 톱 9,http://www.thedrive.co.kr/news/newsview.php?ncode=1065602761903992
474,"엔카닷컴, 2020년 상반기 가장 사고 싶은 신차는",http://kr.aving.net/news/view.php?articleId=1585551&Branch_ID=kr&rssid=naver&mn_name=news
475,"제네시스 G80, 올해 가장 사고 싶은 신차로 선정",http://www.autodaily.co.kr/news/articleView.html?idxno=420372
476,하반기 신차 20여종 쏟아내는 수입차… 불꽃 튀는 신경전 예고,http://www.sisaweek.com/news/articleView.html?idxno=134810
477,코로나에도 식지 않는 신차경쟁…GV70·카니발 등 하반기 격돌,http://www.thepublic.kr/news/newsview.php?ncode=1065598867547960
478,하반기 '신차' 쏟아진다…GV70·카니발 등 관심,http://www.newsis.com/view/?id=NISX20200612_0001057983&cID=13001&pID=13000
479,"[베트남 리포트] 현대차 ""일본차 비껴""…베트남에서 1분기 판매 1위 '가속페달'",http://www.g-enews.com/ko-kr/news/article/news_all/202005010436224112428b74b45e_1/article.html
480,"엔카닷컴, ‘제네시스 G80’ 상반기 가장 사고 싶은 신차",http://www.lawissue.co.kr/view.php?ud=20200629135032927967191f6c6e_12
481,하반기 신차 20여종 쏟아내는 수입차… 불꽃 튀는 신경전 예고,http://www.sisaweek.com/news/articleView.html?idxno=134810
482,코로나에도 식지 않는 신차경쟁…GV70·카니발 등 하반기 격돌,http://www.thepublic.kr/news/newsview.php?ncode=1065598867547960
483,하반기 '신차' 쏟아진다…GV70·카니발 등 관심,http://www.newsis.com/view/?id=NISX20200612_0001057983&cID=13001&pID=13000
484,"[베트남 리포트] 현대차 ""일본차 비껴""…베트남에서 1분기 판매 1위 '가속페달'",http://www.g-enews.com/ko-kr/news/article/news_all/202005010436224112428b74b45e_1/article.html
485,"콧대 낮춘 프리미엄車 중국서 판매 회복세, 고급 차량으로 교체 '열풍'",http://www.newspim.com/news/view/20200428000919
486,침체 속 빛 발한 2월 수입차 판매 베스트3,http://autotimes.hankyung.com/apps/news.sub_view?popup=0&nid=03&c1=03&c2=03&c3=00&nkey=202003092344291
487,"""코로라19 후폭풍 분다""...자동차업계, 신차 마케팅 올스톱 위기",https://www.fetv.co.kr/news/article.html?no=48325
488,[최기성의 허브車]‘눈도장’ 찍어두세요…올해를 빛낼 신차 ‘베스트10’,https://www.mk.co.kr/opinion/columnists/view/2020/01/8364/
489,"""너만 믿는다, SUV""… 올해도 SUV 대전",http://www.dt.co.kr/contents.html?article_no=2020012002101932052001&ref=naver
490,"엔카닷컴, 올 상반기 가장 사고 싶은 신차는 제네시스 G80",http://www.busan.com/view/busan/view.php?code=2020062915260879251
491,하반기 신차 20여종 쏟아내는 수입차… 불꽃 튀는 신경전 예고,http://www.sisaweek.com/news/articleView.html?idxno=134810
492,코로나에도 식지 않는 신차경쟁…GV70·카니발 등 하반기 격돌,http://www.thepublic.kr/news/newsview.php?ncode=1065598867547960
493,하반기 '신차' 쏟아진다…GV70·카니발 등 관심,http://www.newsis.com/view/?id=NISX20200612_0001057983&cID=13001&pID=13000
494,"[베트남 리포트] 현대차 ""일본차 비껴""…베트남에서 1분기 판매 1위 '가속페달'",http://www.g-enews.com/ko-kr/news/article/news_all/202005010436224112428b74b45e_1/article.html
495,"콧대 낮춘 프리미엄車 중국서 판매 회복세, 고급 차량으로 교체 '열풍'",http://www.newspim.com/news/view/20200428000919
496,침체 속 빛 발한 2월 수입차 판매 베스트3,http://autotimes.hankyung.com/apps/news.sub_view?popup=0&nid=03&c1=03&c2=03&c3=00&nkey=202003092344291
497,"""코로라19 후폭풍 분다""...자동차업계, 신차 마케팅 올스톱 위기",https://www.fetv.co.kr/news/article.html?no=48325
498,[최기성의 허브車]‘눈도장’ 찍어두세요…올해를 빛낼 신차 ‘베스트10’,https://www.mk.co.kr/opinion/columnists/view/2020/01/8364/
499,"""너만 믿는다, SUV""… 올해도 SUV 대전",http://www.dt.co.kr/contents.html?article_no=2020012002101932052001&ref=naver
