,title,url
0,"메르세데스-EQ EQA, 흐르는 강물처럼",https://www.motortrendkorea.com/sub/view.html?no=6748&cate1Name=NEWCAR
1,"'벤츠 EQA250이 경품'…현대홈쇼핑, 창사 21주년 슈퍼H페스타 진행",http://www.econovill.com/news/articleView.html?idxno=574023
2,"""못 사서 안달, 그깟 '주행거리'쯤이야""…'덕심 폭발' 벤츠·미니, 흥행 돌풍[세상만車]",https://premium.mk.co.kr/view.php?no=31859
3,"[시승영상] 벤츠 ‘더 뉴 EQA’, 친환경 고급 전기SUV 시대 열어",http://theviewers.co.kr/View.aspx?No=2289026
4,1회 충전으로 600km '씽씽'…벤츠 럭셔리 SUV 타보니,http://news.mk.co.kr/newsRead.php?no=364373&year=2022
5,고성능 전기차 판매 이어가는 '아우디'···벤츠·BMW와 차별화하나,http://www.sisajournal-e.com/news/articleView.html?idxno=268144
6,미리 만나본 벤츠 ‘EQS SUV’… 세계 최초 전기 럭셔리 오프로더 등장,https://www.donga.com/news/article/all/20220419/112973012/2
7,메르세데스-벤츠 ‘더 뉴 EQS SUV’...7인승 WLTP 기준 600km,http://www.osen.co.kr/article/G1111819711
8,드라마 속 자동차 관심 급상승…PPL 효과 굿,http://www.enewstoday.co.kr/news/articleView.html?idxno=1568614
9,벤츠ㆍBMWㆍ포르쉐 등 수입 전기차 시장서 테슬라 추격,https://www.dnews.co.kr/uhtml/view.jsp?idxno=202204251134433230188
10,"""MZ세대의 놀이터 될 것"" 벤츠 한성차, '즐거움·성장' 독려 마케팅 펼친다",http://www.autodaily.co.kr/news/articleView.html?idxno=433447
11,올들어 전기차 국내 판매 10대중 4대 현대차그룹…테슬라 누르고 승기,https://www.news1.kr/articles/?4642355
12,"돌풍의 폴스타, 두 달만 수입 전기차 판매 1위 '우뚝'",http://www.newspim.com/news/view/20220504000980
13,"""이쯤되면 홀인원 장인~""..인주연, 벤츠 전기차 받는다",https://www.mhnse.com/news/articleView.html?idxno=99778
14,"'서른, 아홉' 손예진이 반한 차…'벤츠 전기차 EQA'",http://www.mediapen.com/news/view/703512
15,[찐차①] 제네시스 'GV60' vs 벤츠 'EQA' vs 볼보 'C40리차지',http://www.shinailbo.co.kr/news/articleView.html?idxno=1518555
16,"""지금 계약해도 1년 걸린다""…벤츠 EQA, 돌풍 이유 있네 [신차털기]",https://www.hankyung.com/economy/article/202202183265g
17,"BMW 전기차 i40 시승기…테슬라 모델3, 벤츠 EQA를 과연 뛰어 넘을 수 있을까? l 씨카고 리얼 시승기",http://www.enewstoday.co.kr/news/articleView.html?idxno=1559336
18,"벤츠, AI 음성인식 서비스 탑재···'EQA' 인기 더 늘어날까",http://www.sisajournal-e.com/news/articleView.html?idxno=255082
19,"[시승기] ""벤츠가 벤츠했네"" 소형 전기차 EQA 타보니",http://www.g-enews.com/ko-kr/news/article/news_all/2022021414465337847bdb7041ec_1/article.html
20,"[시승기] ""겨울에도 기대 이상이네"" 벤츠 EQA 타고 주행 해보니",http://www.g-enews.com/ko-kr/news/article/news_all/2022021810542174497bdb7041ec_1/article.html
21,"메르세데스-벤츠 EQA, 인천은 항구다",https://www.motortrendkorea.com/sub/view.html?no=6552&cate1Name=ELECTRICAR
22,"한성자동차, 브레이킹 국가대표 선수 3인방에 '벤츠 EQA' 공식 후원",https://www.asiatoday.co.kr/view.php?key=20220304010002417
23,"벤츠, “전기차 EQA 정부 보조금 발표 기다린다”..가격 인하 가능성!",http://www.dailycar.co.kr/content/news.html?type=view&autoId=42719
24,"'브레이킹 간판' 전지예·김종호·박민혁, 벤츠 '더 뉴 EQA' 탄다",http://moneys.mt.co.kr/news/mwView.php?no=2022030416548097200
25,벤츠 EQA·제네시스 GV60와 맞붙겠다는 'C40 리차지' 스펙은,http://moneys.mt.co.kr/news/mwView.php?no=2022021517408043445
26,"[자유로 연비] 프리미엄 컴팩트 EV, 메르세데스-벤츠 EQA 250 AMG 패키지의 자유로 연비는?",https://hankookilbo.com/News/Read/A2022012109070003269?did=NA
27,벤츠 전기차 EQA 250 구매 이틀 만에 '벽돌車'됐다,http://www.pinpointnews.co.kr/view.php?ud=2022011215571542099cdfed7945_45
28,"[시승기] 깔끔히 다듬어진 전기차, 메르세데스-벤츠 EQA 250 AMG 패지키",https://hankookilbo.com/News/Read/A2022010418160001489?did=NA
29,소프트웨어가 마른 수건 짜듯 에너지 아꼈다…벤츠 EQA250[주말車담],https://www.joongang.co.kr/article/25035382
30,국내 전기차 주행거리 인증 방식 논란… 전기차 실제 주행가능 거리는?,http://www.sisaweek.com/news/articleView.html?idxno=152582
31,"[TV 데일리카] 편안한, 너무나도 편안한 전기 SUV..벤츠 EQA",http://www.dailycar.co.kr/content/news.html?type=view&autoId=42498
32,"벤츠 EQA 소개란에 스포티지 사진이 왜?..국토부, KNCAP 허점 계속 노출!",http://m.dailycar.co.kr/content/news.html?type=view&autoId=42138
33,"벤츠 'EQA' 출고까지 최소 1년···""공급 재개했지만 물량 확보가 관건""",http://www.sisajournal-e.com/news/articleView.html?idxno=244697
34,[별별시승]벤츠 전기차 ‘EQA 250’ 화려한 디자인·유려한 주행감···역시 '명불허電',https://www.sedaily.com/NewsView/22U3QPF34D
35,"현대차 아이오닉5, 벤츠 EQA와 비교평가 '판정승'…""비교불가""",https://www.theguru.co.kr/news/article.html?no=27867
36,"벤츠사회공헌위원회, 한국로날드맥도날드하우스에 EQA 2대 기증",http://autotimes.hankyung.com/apps/news.sub_view?popup=0&nid=03&c1=03&c2=03&c3=00&nkey=202112061056491
37,깎이는 전기차 보조금… 내년 GV60·벤츠 EQA 더 비싸진다 [내년 車가격 본격 인상],http://www.fnnews.com/news/202112081751149995
38,‘5990만원’짜리 벤츠와 제네시스 전기차 격돌... “EQA VS GV60” [시승기],http://www.segye.com/content/html/2021/11/05/20211105507464.html?OutUrl=naver
39,5000만원대인데 벤츠에 전기차…도심형 럭셔리 전기차 'EQA',https://www.news1.kr/articles/?4470580
40,벤츠 EQA 잘 팔리니...이 車 판매가 '역주행',http://news.mt.co.kr/mtview.php?no=2021102411274363899
41,'벤츠 EQA' 전시 이벤트…대전·인천·서울 순차 전시,http://www.mediapen.com/news/view/673653
42,'주행거리 논란' 벤츠 전기차 EQA 인기 폭발...이유는 뭘까?,http://www.pinpointnews.co.kr/view.php?ud=2021101410124983675d46bea725_45
43,"볼보차 C40 리차지, 5일 만에 '완판'...GV60·EQA 보다 높은 경쟁력",http://www.pinpointnews.co.kr/view.php?ud=202202241056014719cdfed7945_45
44,겨울철 수입 전기차 움츠러든다..벤츠 EQA 주행거리 200km대 '뚝',http://kpenews.com/View.aspx?No=2092979
45,"[시승기] 5000만원대 벤츠 전기차 ‘EQA’, 306㎞ 주행거리는 아쉬워",https://biz.chosun.com/industry/car/2021/10/09/TXWLGXBYSFAOLEPCEHWYCNSNR4/?utm_source=naver&utm_medium=original&utm_campaign=biz
46,"메르세데스-벤츠, 2024년부터 EQA. EQB에 LFP 배터리 장착",http://www.autodaily.co.kr/news/articleView.html?idxno=430191
47,벤츠 ‘EQA’ 영하 날씨엔 주행거리 100㎞ 감소… 겨울이 싫은 전기차들,https://biz.chosun.com/industry/car/2021/10/27/A7LDICYYWJC3TPNYLB3SKRMUC4/?utm_source=naver&utm_medium=original&utm_campaign=biz
48,"볼보, GV60·EQA 대항마 ‘C40 리자치’ 공개…“1500대 판매 목표”",https://www.dailian.co.kr/news/view/1083296/?sc=Naver
49,벤츠 EQA 타보니... A클래스가 S클래스처럼 부드럽네,https://www.chosun.com/economy/auto/2021/10/02/CSEH6I7HCBEXBLGQYITNAGPXLQ/?utm_source=naver&utm_medium=referral&utm_campaign=naver-news
50,벤츠 전기차 EQA…'작지만 알차다',http://www.mediapen.com/news/view/665447
51,3월 수입차 판매 8.7%↓… ‘벤츠·BMW’ 출고 적체 일부 해소,https://www.donga.com/news/article/all/20220405/112701758/2
52,[영상] 벤츠가 제시하는 도심형 전기차...'더 뉴 EQA'를 타봤습니다,http://www.paxetv.com/news/articleView.html?idxno=127371
53,[시승기] 벤츠 EQA 250 '편안한 전기 SUV를 원한다면 이겁니다!',http://www.gpkorea.com/news/articleView.html?idxno=78329
54,"'5000만원대 초반' 벤츠 EQA 향해 쏟아진 질문…""주행거리는요?""",http://news.mt.co.kr/mtview.php?no=2021100611391479677
55,"볼보 C40 리차지, GV60·EQA와 비교해보니",http://www.econovill.com/news/articleView.html?idxno=565438
56,'삼각별' 달렸는데 4000만원대…벤츠 'EQA' 가격만 착한게 아니다[차알못시승기],http://news.mt.co.kr/mtview.php?no=2021090916312662016
57,EQA로 재미 본 벤츠..EQB 투입으로 쌍끌이 전략(?),http://www.dailycar.co.kr/content/news.html?type=view&autoId=40958
58,[문기자의 카리뷰] 벤츠가 만든 보급형 전기차 'EQA 250',https://zdnet.co.kr/view/?no=20210909165425
59,"[시승]삼각별 떼도 기대 이상, 벤츠 EQA",http://autotimes.hankyung.com/apps/news.sub_view?popup=0&nid=02&c1=02&c2=02&c3=00&nkey=202109061311371
60,"메르세데스 벤츠의 야심작, EQA",https://www.motortrendkorea.com/sub/view.html?no=5835&cate1Name=NEWCAR
61,"[시승기] 영앤리치 감성 ‘물씬’…벤츠 더 뉴 EQA, 도심형 전기차의 새 기준",http://www.dt.co.kr/contents.html?article_no=2021090302109932064002&ref=naver
62,"EQA·EQS 잇따라 투입..벤츠, 한국시장서 전기차 ‘EQ’로 승부수!",http://www.dailycar.co.kr/content/news.html?type=view&autoId=40741
63,전기차 시장 현대기아·테슬라만 있냐…'가성비' 대항마 풀린다,http://news.mt.co.kr/mtview.php?no=2022050814471335616
64,벤츠 EQA ‘날개’·EQS ‘기대’…전기차 게임 체인저 되나,https://www.ebn.co.kr/news/view/1497990/?sc=Naver
65,"'인기폭주'…벤츠 전기차 EQA, 물량 동났다",http://www.mediapen.com/news/view/657815
66,"벤츠 전기차 EQA, 동급 최고 상품성에 인기 몰이",https://biz.chosun.com/industry/car/2021/08/25/GCLG6KE5VBFQPBZR2UL24GU6DM/?utm_source=naver&utm_medium=original&utm_campaign=biz
67,"[리뷰]벤츠 EQA, 풀옵션 5800만원대…""예상보다 좋다""",http://www.mediapen.com/news/view/658954
68,"더클래스 효성, 22일까지 스타필드 하남서 '벤츠 더 뉴 EQA' 전시",https://www.asiatoday.co.kr/view.php?key=20210818010010060
69,"이윤모 볼보 대표 ""C40 리차지, EQA·GV60와 경쟁…올해 1500대 판다""",https://www.asiatoday.co.kr/view.php?key=20220215010007526
70,"[TV 데일리카] “주행거리 306㎞, EQA 문제 없나”..벤츠 전문가와 시승해보니...",http://www.dailycar.co.kr/content/news.html?type=view&autoId=40599
71,테슬라 주춤한 사이 반격 나선 아이오닉5·벤츠EQA,http://www.newspim.com/news/view/20210811000891
72,"벤츠 EQA 예비 차주에 '희소식'…""내일부터 취득세 감면""",https://www.hankyung.com/economy/article/202108116326g
73,"""벤츠니까 용서""…짧은 주행거리에도 전기차 EQA 샀다",http://news.mt.co.kr/mtview.php?no=2021081016213164840
74,"""벤츠니까요""...전기차 EQA, 306㎞ 주행거리에도 테슬라 판매량 앞질러",http://news.mt.co.kr/mtview.php?no=2021081011324619961
75,[시승기] 벤츠가 EQA에 적용한 드라이빙 어시스턴트 패키지..장단점은?,http://www.dailycar.co.kr/content/news.html?type=view&autoId=40505
76,[시승] '306km? 443km?' 벤츠 EQA의 진짜 주행거리는?,http://www.autodaily.co.kr/news/articleView.html?idxno=429006
77,"""벤츠, 진짜 잡고 싶어서""…'2200만원↓ 갓성비' 볼보 전기차, 운전도 안전도 '알아서 척척척' [카슐랭]",http://news.mk.co.kr/newsRead.php?no=257864&year=2022
78,"아이오닉5, 모델3 판매량 앞질렀다…벤츠 EQA보다 1000만원 싸",https://news.joins.com/article/olink/23716468
79,[시승기] 벤츠 EQA..공인 주행거리 짧아도 실내 정숙성 최강 전기차,http://www.dailycar.co.kr/content/news.html?type=view&autoId=40474
80,"벤츠 공식딜러 한성자동차, '전기차 EQA' 고객인도 시작",http://www.mediapen.com/news/view/649917
81,"EQA 경쟁력 충분, 5,000만원대 '벤츠+전기+SUV'",http://autotimes.hankyung.com/apps/news.sub_view?popup=0&nid=02&c1=02&c2=02&c3=00&nkey=202107271452311
82,"메르세데스 벤츠 뉴 EQA, 도심 전기 모빌리티 새 시대 연다",http://www.rpm9.com/news/article.html?id=20210727090004
83,[영상]작지만 고급스럽게 환경을 지키는 SUV 메르세데스 벤츠 EQA!,http://autotimes.hankyung.com/apps/news.sub_view?popup=0&nid=12&c1=12&c2=12&c3=00&nkey=202108271505181
84,보조금 줄고 취득세 감면 못 받고…논란의 중심에 선 벤츠 EQA,http://isplus.live.joins.com/news/article/article.asp?total_id=24111105
85,"더클래스 효성, 스타크루저 외관 ‘메르세데스-벤츠 더 뉴 EQA’로 리뉴얼 랩핑",https://www.dnews.co.kr/uhtml/view.jsp?idxno=202107211408087920942
86,"벤츠, 전기차 'EQA' 4000대 예약 돌파...""독일에 추가 물량 요청""",http://www.etnews.com/20210720000098
87,미지근한 EQA…벤츠 전기차 굴욕 이어지나,http://www.newstomato.com/ReadNews.aspx?no=1059987&inflow=N
88,"벤츠, EQA 보다 큰 대형 SUV..9월 공개 앞둔 플래그십 SUV",http://www.dailycar.co.kr/content/news.html?type=view&autoId=40393
89,"'보조금도 적은데...' 벤츠 EQA, 당분간 취등록세 감면 혜택 못 받는다",http://www.autodaily.co.kr/news/articleView.html?idxno=428596
90,"한성자동차, 벤츠 '더 뉴 EQA' 출시 기념 이벤트 진행",https://www.asiatoday.co.kr/view.php?key=20210715010008815
91,"""1회 충전에 300㎞밖에 못 간다니""…벤츠 EQA 예약자들 '고민'",https://news.sbs.co.kr/news/endPage.do?news_id=N1006392324&plink=ORI&cooper=NAVER
92,"""6천만원 넘을 필요있어?!"" 벤츠 EQA·DS E-텐스·테슬라 모델3 '3색 매력'",http://www.gpkorea.com/news/articleView.html?idxno=77105
93,"주행거리 짧은 벤츠 EQA, 정부 보조금도 대폭 삭감",http://it.chosun.com/site/data/html_dir/2021/07/13/2021071302142.html
94,[오늘의 신차] 기아 카니발 하이리무진 4인승ㆍ벤츠 더 뉴 EQAㆍBMW 온라인 에디션,http://www.ajunews.com/view/20210712152435337
95,"메르세데스-벤츠 코리아, ''더 뉴 EQA'' 출시 기념 디지털 라이브 콘서트 개최",http://kr.aving.net/news/view.php?articleId=1615073&Branch_ID=kr&rssid=naver&mn_name=news
96,[TV 데일리카] 감성 묻어나는 앰비언트 라이트..벤츠 EQA 야간에 시연해보니...,http://www.dailycar.co.kr/content/news.html?type=view&autoId=40492
97,[강병철의 셀럽앤카]⑲ 그냥 벤츠가 아니다…‘강남 피부과 원장’ 손예진 車,https://www.joongang.co.kr/article/25052865
98,"한성차, 첫 벤츠 '더 뉴 EQA' 첫 출고 기념식",http://www.newsis.com/view/?id=NISX20210726_0001526495&cID=13001&pID=13000
99,전기차만 내 놓으면 '굴욕'…벤츠 EQA 주행거리 2천만원 싼 '조에'보다 짧아,https://www.asiatime.co.kr/article/20210702500226
100,벤츠 전기차 ‘더 뉴 EQA’ 가격 콧대 낮추고 상품성 높였다,http://www.busan.com/view/busan/view.php?code=2021072718091217643
101,[영상]작지만 고급스럽게 환경을 지키는 SUV 메르세데스 벤츠 EQA!,http://autotimes.hankyung.com/apps/news.sub_view?popup=0&nid=12&c1=12&c2=12&c3=00&nkey=202108271505181
102,보조금 줄고 취득세 감면 못 받고…논란의 중심에 선 벤츠 EQA,http://isplus.live.joins.com/news/article/article.asp?total_id=24111105
103,"더클래스 효성, 스타크루저 외관 ‘메르세데스-벤츠 더 뉴 EQA’로 리뉴얼 랩핑",https://www.dnews.co.kr/uhtml/view.jsp?idxno=202107211408087920942
104,"벤츠, 전기차 'EQA' 4000대 예약 돌파...""독일에 추가 물량 요청""",http://www.etnews.com/20210720000098
105,미지근한 EQA…벤츠 전기차 굴욕 이어지나,http://www.newstomato.com/ReadNews.aspx?no=1059987&inflow=N
106,"벤츠, EQA 보다 큰 대형 SUV..9월 공개 앞둔 플래그십 SUV",http://www.dailycar.co.kr/content/news.html?type=view&autoId=40393
107,"'보조금도 적은데...' 벤츠 EQA, 당분간 취등록세 감면 혜택 못 받는다",http://www.autodaily.co.kr/news/articleView.html?idxno=428596
108,"한성자동차, 벤츠 '더 뉴 EQA' 출시 기념 이벤트 진행",https://www.asiatoday.co.kr/view.php?key=20210715010008815
109,"""1회 충전에 300㎞밖에 못 간다니""…벤츠 EQA 예약자들 '고민'",https://news.sbs.co.kr/news/endPage.do?news_id=N1006392324&plink=ORI&cooper=NAVER
110,"""1회 충전에 300㎞밖에 못 간다니""…벤츠 EQA 예약자들 '고민'",https://news.sbs.co.kr/news/endPage.do?news_id=N1006392324&plink=ORI&cooper=NAVER
111,"한성차, ‘더 뉴 메르세데스-벤츠 EQA’ 출고 고객 대상 ‘삼성 갤럭시 버즈 프로’ 제공",https://www.dnews.co.kr/uhtml/view.jsp?idxno=202107151241081120472
112,"""6천만원 넘을 필요있어?!"" 벤츠 EQA·DS E-텐스·테슬라 모델3 '3색 매력'",http://www.gpkorea.com/news/articleView.html?idxno=77105
113,"주행거리 짧은 벤츠 EQA, 정부 보조금도 대폭 삭감",http://it.chosun.com/site/data/html_dir/2021/07/13/2021071302142.html
114,[오늘의 신차] 기아 카니발 하이리무진 4인승ㆍ벤츠 더 뉴 EQAㆍBMW 온라인 에디션,http://www.ajunews.com/view/20210712152435337
115,"메르세데스-벤츠 코리아, ''더 뉴 EQA'' 출시 기념 디지털 라이브 콘서트 개최",http://kr.aving.net/news/view.php?articleId=1615073&Branch_ID=kr&rssid=naver&mn_name=news
116,[TV 데일리카] 감성 묻어나는 앰비언트 라이트..벤츠 EQA 야간에 시연해보니...,http://www.dailycar.co.kr/content/news.html?type=view&autoId=40492
117,[강병철의 셀럽앤카]⑲ 그냥 벤츠가 아니다…‘강남 피부과 원장’ 손예진 車,https://www.joongang.co.kr/article/25052865
118,"한성차, 첫 벤츠 '더 뉴 EQA' 첫 출고 기념식",http://www.newsis.com/view/?id=NISX20210726_0001526495&cID=13001&pID=13000
119,전기차만 내 놓으면 '굴욕'…벤츠 EQA 주행거리 2천만원 싼 '조에'보다 짧아,https://www.asiatime.co.kr/article/20210702500226
120,[오늘의 신차] 기아 카니발 하이리무진 4인승ㆍ벤츠 더 뉴 EQAㆍBMW 온라인 에디션,http://www.ajunews.com/view/20210712152435337
121,"메르세데스-벤츠 코리아, ''더 뉴 EQA'' 출시 기념 디지털 라이브 콘서트 개최",http://kr.aving.net/news/view.php?articleId=1615073&Branch_ID=kr&rssid=naver&mn_name=news
122,[TV 데일리카] 감성 묻어나는 앰비언트 라이트..벤츠 EQA 야간에 시연해보니...,http://www.dailycar.co.kr/content/news.html?type=view&autoId=40492
123,"한성차, 첫 벤츠 '더 뉴 EQA' 첫 출고 기념식",http://www.newsis.com/view/?id=NISX20210726_0001526495&cID=13001&pID=13000
124,"한성차, 벤츠 '더 뉴 EQA' 출시 기념 갤럭시 버즈프로 증정",http://www.newsis.com/view/?id=NISX20210715_0001513688&cID=13001&pID=13000
125,"""겨울엔 고작 200㎞?"" 벤츠 'EQA', 주행거리·보조금 실망에 예약자 '이탈'",http://www.newsworks.co.kr/news/articleView.html?idxno=560345
126,[강병철의 셀럽앤카]⑲ 그냥 벤츠가 아니다…‘강남 피부과 원장’ 손예진 車,https://www.joongang.co.kr/article/25052865
127,전기차만 내 놓으면 '굴욕'…벤츠 EQA 주행거리 2천만원 싼 '조에'보다 짧아,https://www.asiatime.co.kr/article/20210702500226
128,관심 모은 5000만원대 벤츠 전기차 EQA… 주행거리는 겨우 306㎞,https://biz.chosun.com/industry/car/2021/07/02/TDQAVSVSVBAGRJZ3SMADH3ZLDA/?utm_source=naver&utm_medium=original&utm_campaign=biz
129,"메르세데스-벤츠 코리아 공식딜러 한성모터스, The new EQA 전시 이벤트 진행",http://www.cstimes.com/news/articleView.html?idxno=466228
130,"벤츠코리아, 전기차 '더 뉴 EQA' 출시기념 라이브콘서트 개최",http://www.gpkorea.com/news/articleView.html?idxno=75888
131,"한성차, 첫 벤츠 '더 뉴 EQA' 첫 출고 기념식",http://www.newsis.com/view/?id=NISX20210726_0001526495&cID=13001&pID=13000
132,"한성차, 벤츠 '더 뉴 EQA' 출시 기념 갤럭시 버즈프로 증정",http://www.newsis.com/view/?id=NISX20210715_0001513688&cID=13001&pID=13000
133,"""겨울엔 고작 200㎞?"" 벤츠 'EQA', 주행거리·보조금 실망에 예약자 '이탈'",http://www.newsworks.co.kr/news/articleView.html?idxno=560345
134,[강병철의 셀럽앤카]⑲ 그냥 벤츠가 아니다…‘강남 피부과 원장’ 손예진 車,https://www.joongang.co.kr/article/25052865
135,전기차만 내 놓으면 '굴욕'…벤츠 EQA 주행거리 2천만원 싼 '조에'보다 짧아,https://www.asiatime.co.kr/article/20210702500226
136,관심 모은 5000만원대 벤츠 전기차 EQA… 주행거리는 겨우 306㎞,https://biz.chosun.com/industry/car/2021/07/02/TDQAVSVSVBAGRJZ3SMADH3ZLDA/?utm_source=naver&utm_medium=original&utm_campaign=biz
137,"메르세데스-벤츠 코리아 공식딜러 한성모터스, The new EQA 전시 이벤트 진행",http://www.cstimes.com/news/articleView.html?idxno=466228
138,벤츠 EQA 국내 주행거리가 유럽보다 120km 적게 나온 이유는?,http://www.autodaily.co.kr/news/articleView.html?idxno=428633
139,'겨우 306km' 벤츠 EQA 주행거리 흥행 적신호···EV6보다 170km 짧아,http://www.sisajournal-e.com/news/articleView.html?idxno=233698
140,"[자동차오늘] 현대차, '아반떼 N TCR' WTCR 3차전 우승…벤츠, '더 뉴 EQA' 출시 기념 디지털 라이브 콘서트 개최",http://www.sisaon.co.kr/news/articleView.html?idxno=129363
141,전기차만 내 놓으면 '굴욕'…벤츠 EQA 주행거리 2천만원 싼 '조에'보다 짧아,https://www.asiatime.co.kr/article/20210702500226
142,관심 모은 5000만원대 벤츠 전기차 EQA… 주행거리는 겨우 306㎞,https://biz.chosun.com/industry/car/2021/07/02/TDQAVSVSVBAGRJZ3SMADH3ZLDA/?utm_source=naver&utm_medium=original&utm_campaign=biz
143,"메르세데스-벤츠 코리아 공식딜러 한성모터스, The new EQA 전시 이벤트 진행",http://www.cstimes.com/news/articleView.html?idxno=466228
144,벤츠 EQA 국내 주행거리가 유럽보다 120km 적게 나온 이유는?,http://www.autodaily.co.kr/news/articleView.html?idxno=428633
145,'겨우 306km' 벤츠 EQA 주행거리 흥행 적신호···EV6보다 170km 짧아,http://www.sisajournal-e.com/news/articleView.html?idxno=233698
146,"200대 들어오는 벤츠 전기차 EQA, 대기만 800명 '흥행 조짐'",http://www.newspim.com/news/view/20210629000862
147,'인터배터리 2022' 현대·벤츠·페라리 등 'SK온' 부스에 다 모였다,http://www.koreastocknews.com/news/articleView.html?idxno=70911
148,"한성차, 벤츠 전기차 EQA 사면 갤럭시 버즈 프로 증정",http://www.fntimes.com/html/view.php?ud=2021071516052945357de3572ddd_18
149,"한성차, 벤츠 EQA 1호차 출고",http://www.fntimes.com/html/view.php?ud=2021072610065360847de3572ddd_18
150,'겨우 306km' 벤츠 EQA 주행거리 흥행 적신호···EV6보다 170km 짧아,http://www.sisajournal-e.com/news/articleView.html?idxno=233698
151,"200대 들어오는 벤츠 전기차 EQA, 대기만 800명 '흥행 조짐'",http://www.newspim.com/news/view/20210629000862
152,'인터배터리 2022' 현대·벤츠·페라리 등 'SK온' 부스에 다 모였다,http://www.koreastocknews.com/news/articleView.html?idxno=70911
153,"한성차, 벤츠 전기차 EQA 사면 갤럭시 버즈 프로 증정",http://www.fntimes.com/html/view.php?ud=2021071516052945357de3572ddd_18
154,"한성차, 벤츠 EQA 1호차 출고",http://www.fntimes.com/html/view.php?ud=2021072610065360847de3572ddd_18
155,"5000만원대 전기차 벤츠 EQA, 주행거리 306km 확정",http://www.edaily.co.kr/news/newspath.asp?newsid=03266886629110584
156,"벤츠 EQA, EQC와는 다르다. 벌써 1천여대 예약",http://www.autodaily.co.kr/news/articleView.html?idxno=428202
157,"더클래스 효성, 스타필드 하남서 '벤츠, 더 뉴 EQA' 전시 행사 성료",http://digitalchosun.dizzo.com/site/data/html_dir/2021/06/29/2021062980224.html
158,"1회 충전 426km 간다는 '벤츠 EQA', 국내 인증은 306km, 왜?",http://www.newspim.com/news/view/20210702000770
159,"5천만원대 벤츠 EQA 전기차, 사전예약 1천대 돌파",http://www.fortunekorea.co.kr/news/articleView.html?idxno=13786
160,"[영상] 벤츠 전기차 EQA 250, 직접 몰아봤습니다",https://zdnet.co.kr/view/?no=20210916160529
161,"[기자가 간다] ""가격 착한 럭셔리 전기차""...벤츠, 콤팩트 전기 SUV '더 뉴 EQA'",http://www.paxetv.com/news/articleView.html?idxno=119523
162,[르포] 가빛섬 카페에 앉아 벤츠 전기차 'EQA' 마셔볼까?,https://www.econovill.com/news/articleView.html?idxno=536491
163,"벤츠, ‘더 뉴 EQA’·‘MBUX 하이퍼스크린’ 공개",http://www.rpm9.com/news/article.html?id=20210614090002
164,"벤츠 EQA, 내연기관보다 싸다…전기차 시장 분수령",http://www.inews24.com/view/1375455
165,"메르세데스의 두 번째 도전… 벤츠코리아, 소형 SUV 전기차 ‘EQA’ 첫선",https://www.donga.com/news/article/all/20210612/107400155/2
166,"아이오닉5와 같은 보조금 받는 벤츠 EQA, 경쟁모델 견제 가능할까?",http://www.autodaily.co.kr/news/articleView.html?idxno=428025
167,"메르세데스-벤츠 코리아 ""더 뉴 EQA, 전기 모빌리티 새로운 시대""",http://www.newsprime.co.kr/news/article.html?no=546497
168,"벤츠 더 뉴 EQA, 전기차 보조금 100% 적용… 실구매 4,000만원대?",http://www.sisaweek.com/news/articleView.html?idxno=144810
169,제네시스 ‘eG80’ vs 벤츠 ‘EQA’…전기차 대전,https://www.dnews.co.kr/uhtml/view.jsp?idxno=202106101648598100659
170,제네시스 ‘eG80’ vs 벤츠 ‘EQA’…전기차 대전,https://www.dnews.co.kr/uhtml/view.jsp?idxno=202106101648598100659
171,"국산 전기차 가성비마저 넘보나…벤츠 EQA, 가격 콧대 낮추고 상품성은 UP",http://www.sisaon.co.kr/news/articleView.html?idxno=128401
172,"벤츠코리아, 드라마 '서른,아홉'에 다양한 라인업 차량 지원",http://daily.hankooki.com/news/articleView.html?idxno=793811
173,"""가격 같아도 테슬라 살래?""…'보조금 100%' 벤츠 EQA, 모델3처럼 '5990만원'",http://news.mk.co.kr/newsRead.php?no=564242&year=2021
174,"벤츠코리아, 출시 앞둔 럭셔리 전기 SUV '더 뉴 EQA' 국내 첫 공개",http://www.autodaily.co.kr/news/articleView.html?idxno=427978
175,"메르세데스-벤츠 콤팩트 전기차 'EQA', 韓 상륙…5990만 원으로 7월 출시",https://www.etoday.co.kr/news/view/2034548
176,"벤츠 'EQA' 최대 426㎞ 주행…5,990만원",https://www.econovill.com/news/articleView.html?idxno=536082
177,제네시스ㆍ벤츠 전기차 맞불…‘eG80’ vs ‘EQA’ 데뷔전에 초관심,https://www.dnews.co.kr/uhtml/view.jsp?idxno=202106101134146250510
178,"더클래스 효성, 카고트럭 전시 행사로 '벤츠 EQA' 궁금증 해소",http://www.edaily.co.kr/news/newspath.asp?newsid=01781046629086640
179,"경상북도, 국내 최초 LFP배터리 인프라 구축 나서",http://www.breaknews.com/892028
180,벤츠 전기차 더 뉴 EQA 공개…정부보조금 100% 대상,https://www.kgnews.co.kr/news/article.html?no=650787
181,"메르세데스-벤츠, '더 뉴 EQA' 및 'MBUX 하이퍼스크린' 국내 최초 공개",http://www.sportsseoul.com/news/read/1046711?ref=naver
182,"벤츠 'EQA' 최대 426㎞ 주행…5,990만원",https://www.econovill.com/news/articleView.html?idxno=536082
183,"벤츠, 전기SUV '더 뉴 EQA' 다음달 출시…5천990만원(종합)",http://yna.kr/AKR20210610032551003?did=1195m
184,제네시스ㆍ벤츠 전기차 맞불…‘eG80’ vs ‘EQA’ 데뷔전에 초관심,https://www.dnews.co.kr/uhtml/view.jsp?idxno=202106101134146250510
185,"더클래스 효성, 카고트럭 전시 행사로 '벤츠 EQA' 궁금증 해소",http://www.edaily.co.kr/news/newspath.asp?newsid=01781046629086640
186,"경상북도, 국내 최초 LFP배터리 인프라 구축 나서",http://www.breaknews.com/892028
187,"제네시스, 벤츠 EQA 공개에 'G80 전동화모델'로 맞불",http://www.inews24.com/view/1373939
188,"""내 눈엔 '벤츠'만 보여""…'파격가' 볼보 전기차, '2200만원↓' 속마음은 [왜몰랐을카]",http://news.mk.co.kr/newsRead.php?no=154290&year=2022
189,"[Bestselling Car] 벤츠 더 뉴 EQA, 5,000만원대 럭셔리 전기 SUV 탄생",https://www.sedaily.com/NewsView/22OWB76L3B
190,"전기 콤팩트 SUV '벤츠, 더 뉴 EQA'… 7월 국내 출시",http://digitalchosun.dizzo.com/site/data/html_dir/2021/06/10/2021061080203.html
191,벤츠 쿠페형 디자인 전기차 '더 뉴 EQA' 다음달 국내 상륙,http://www.cstimes.com/news/articleView.html?idxno=463833
192,"[포토] 벤츠, 더뉴 EQA 출시",http://www.seoulwire.com/news/articleView.html?idxno=444931
193,"더클래스 효성, 카고트럭 전시 행사로 '벤츠 EQA' 궁금증 해소",http://www.edaily.co.kr/news/newspath.asp?newsid=01781046629086640
194,"경상북도, 국내 최초 LFP배터리 인프라 구축 나서",http://www.breaknews.com/892028
195,"제네시스, 벤츠 EQA 공개에 'G80 전동화모델'로 맞불",http://www.inews24.com/view/1373939
196,"""내 눈엔 '벤츠'만 보여""…'파격가' 볼보 전기차, '2200만원↓' 속마음은 [왜몰랐을카]",http://news.mk.co.kr/newsRead.php?no=154290&year=2022
197,"[Bestselling Car] 벤츠 더 뉴 EQA, 5,000만원대 럭셔리 전기 SUV 탄생",https://www.sedaily.com/NewsView/22OWB76L3B
198,"벤츠, EQA 출시 기념 디지털 라이브 콘서트 개최",https://www.ebn.co.kr/news/view/1491392/?sc=Naver
199,"럭셔리 전기 컴팩트 SUV, 메르세데스-벤츠 ‘더 뉴 EQA’",http://www.discoverynews.kr/409588
200,"벤츠, '전략 전기차' EQA 국내 첫 공개…5990만원",http://www.mediapen.com/news/view/635996
201,"[포토] 벤츠, 더뉴 EQA 출시",http://www.seoulwire.com/news/articleView.html?idxno=444931
202,"벤츠, 전기 SUV '더 뉴 EQA' 공개…""1회 충전으로 426㎞ 주행""",https://news.mtn.co.kr/newscenter/news_viewer.mtn?gidx=2021061009443391385
203,"더클래스 효성, 카고트럭 전시 행사로 '벤츠 EQA' 궁금증 해소",http://www.edaily.co.kr/news/newspath.asp?newsid=01781046629086640
204,"경상북도, 국내 최초 LFP배터리 인프라 구축 나서",http://www.breaknews.com/892028
205,"제네시스, 벤츠 EQA 공개에 'G80 전동화모델'로 맞불",http://www.inews24.com/view/1373939
206,"""내 눈엔 '벤츠'만 보여""…'파격가' 볼보 전기차, '2200만원↓' 속마음은 [왜몰랐을카]",http://news.mk.co.kr/newsRead.php?no=154290&year=2022
207,"[Bestselling Car] 벤츠 더 뉴 EQA, 5,000만원대 럭셔리 전기 SUV 탄생",https://www.sedaily.com/NewsView/22OWB76L3B
208,"벤츠, EQA 출시 기념 디지털 라이브 콘서트 개최",https://www.ebn.co.kr/news/view/1491392/?sc=Naver
209,"럭셔리 전기 컴팩트 SUV, 메르세데스-벤츠 ‘더 뉴 EQA’",http://www.discoverynews.kr/409588
210,"벤츠, 전기 SUV '더 뉴 EQA' 공개…""1회 충전으로 426㎞ 주행""",https://news.mtn.co.kr/newscenter/news_viewer.mtn?gidx=2021061009443391385
211,"[서울 스마트 모빌리티 엑스포] 벤츠, ‘더 뉴 EQA’ ·‘MBUX 하이퍼스크린’ 국내 최초 공개",http://news.heraldcorp.com/view.php?ud=20210610000088
212,"더클래스 효성, 카고트럭 전시 행사로 '벤츠 EQA' 궁금증 해소",http://www.edaily.co.kr/news/newspath.asp?newsid=01781046629086640
213,"경상북도, 국내 최초 LFP배터리 인프라 구축 나서",http://www.breaknews.com/892028
214,"제네시스, 벤츠 EQA 공개에 'G80 전동화모델'로 맞불",http://www.inews24.com/view/1373939
215,"""내 눈엔 '벤츠'만 보여""…'파격가' 볼보 전기차, '2200만원↓' 속마음은 [왜몰랐을카]",http://news.mk.co.kr/newsRead.php?no=154290&year=2022
216,"[Bestselling Car] 벤츠 더 뉴 EQA, 5,000만원대 럭셔리 전기 SUV 탄생",https://www.sedaily.com/NewsView/22OWB76L3B
217,"벤츠, EQA 출시 기념 디지털 라이브 콘서트 개최",https://www.ebn.co.kr/news/view/1491392/?sc=Naver
218,"럭셔리 전기 컴팩트 SUV, 메르세데스-벤츠 ‘더 뉴 EQA’",http://www.discoverynews.kr/409588
219,실속형 전기 SUV '벤츠 더뉴 EQA'...보조금 받아 4천만원 후반대,http://www.gpkorea.com/news/articleView.html?idxno=74965
220,"럭셔리 전기 컴팩트 SUV, 메르세데스-벤츠 ‘더 뉴 EQA’",http://www.discoverynews.kr/409588
221,실속형 전기 SUV '벤츠 더뉴 EQA'...보조금 받아 4천만원 후반대,http://www.gpkorea.com/news/articleView.html?idxno=74965
222,"메르세데스-벤츠 코리아, 더 뉴 EQA 공개...올 7월 출시",https://hankookilbo.com/News/Read/A2021061019160000415?did=NA
223,"벤츠 전기차 EQA, 국내 주행 거리 토막난 이유",http://www.pinpointnews.co.kr/view.php?ud=2021070515445766519cdfed7945_45
224,벤츠전기차 사면 친환경 가습기 증정…한성자동차 '에코 캠페인',http://www.mediapen.com/news/view/704715
225,"아우디, 보조금 100％ 받는 Q4 e-트론..EQA 완판 신화 이어가나",http://www.dailycar.co.kr/content/news.html?type=view&autoId=41782
226,"메르세데스-벤츠 코리아, '더 뉴 EQA 코리안 프리미어' 개최",http://www.globale.co.kr/news/articleView.html?idxno=13097
227,‘5000만원대’ 벤츠 EQA…테슬라 밀어내고 전기차 지형 바꿀까,http://www.dt.co.kr/contents.html?article_no=2021061102109932064001&ref=naver
228,[클릭!이 차]벤츠 첫 전기 콤팩트 SUV 'EQA'…7월 국내 출시,http://www.etnews.com/20210610000096
229,"[자료] 더클래스 효성, 벤츠 ‘더 뉴 EQA 카고 트럭’ 전시행사",https://www.fetv.co.kr/news/article.html?no=89383
230,[포토] '미니 모터쇼'된 SK온 전시관…현대차·벤츠·페라리 총집합,https://www.dailian.co.kr/news/view/1094220/?sc=Naver
231,"벤츠, 반도체 수급난 뚫고 수입차 1위...전기차 1위는 `타이칸`",http://www.gpkorea.com/news/articleView.html?idxno=83521
232,"""뉴스 읽어 줘""…KT, 벤츠 차량에 AI 음성 인식 서비스 적용",http://www.upinews.kr/newsView/upi202202170010
233,"전기차 라인업 강화하는 벤츠코리아, 여름에 EQA. 연말에 EQS 각각 출시",http://www.autodaily.co.kr/news/articleView.html?idxno=427205
234,"BMW, 전기차 고급모델에 치중···벤츠와 판매 격차 벌어지나",http://www.sisajournal-e.com/news/articleView.html?idxno=251371
235,"'더 뉴 EQA', 메르세데스-벤츠 코리아의 순수 전기차",http://yna.kr/PYH20210610052500848?did=1196m
236,"KT, 메르세데스-벤츠에 AI 음성인식 탑재",http://www.brainmedia.co.kr/BrainTraining/22466
237,"벤츠 ""정부 전기차 정책 지지""...전기차 가격인하는 ""글쎄""",http://moneys.mt.co.kr/news/mwView.php?no=2022012517248068731
238,"벤츠, 올해 전기차 3종 국내 출시…전동화·온라인 판매 '박차'(종합)",http://yna.kr/AKR20220125076851003?did=1195m
239,"KT, 벤츠에 AI 음성인식 서비스 제공",http://www.newsfreezone.co.kr/news/articleView.html?idxno=363702
240,"[포토]벤츠 더 뉴 EQA, 효율적인 전기 구동 시스템",http://www.edaily.co.kr/news/newspath.asp?newsid=02676486629080408
241,"KT, 메르세데스-벤츠에 AI 음성인식 탑재",http://www.brainmedia.co.kr/BrainTraining/22466
242,"벤츠 ""정부 전기차 정책 지지""...전기차 가격인하는 ""글쎄""",http://moneys.mt.co.kr/news/mwView.php?no=2022012517248068731
243,"벤츠, 올해 전기차 3종 국내 출시…전동화·온라인 판매 '박차'(종합)",http://yna.kr/AKR20220125076851003?did=1195m
244,[최기성의 허브車]“벤츠 대신 벤츠 사겠네”…벤츠 EQE “전기차도 이(E)가 탄탄”,https://www.mk.co.kr/opinion/columnists/view/2022/01/50130/
245,"KT, 벤츠에 AI 음성인식 서비스 제공",http://www.newsfreezone.co.kr/news/articleView.html?idxno=363702
246,"KT, 메르세데스-벤츠 자동차에 ‘AI 음성인식 서비스’ 탑재",https://www.ciokorea.com/news/226089
247,[포토]GLA에 전동화 입힌 벤츠 EQA,http://autotimes.hankyung.com/apps/news.sub_view?popup=0&nid=02&c1=02&c2=02&c3=00&nkey=202106101636201
248,"KT, 'AI 음성인식 커넥티드카 솔루션' 메르세데스-벤츠 탑재",http://www.inews24.com/view/1452394
249,"[IT오늘] KT, 美 '세렌스'와 벤츠에 AI 서비스 제공…카카오, 日 웹툰 월간 거래액 역대 최고치",http://www.sisaon.co.kr/news/articleView.html?idxno=136393
250,"KT, 메르세데스-벤츠에 AI 음성인식 탑재",http://www.brainmedia.co.kr/BrainTraining/22466
251,"벤츠 ""정부 전기차 정책 지지""...전기차 가격인하는 ""글쎄""",http://moneys.mt.co.kr/news/mwView.php?no=2022012517248068731
252,"벤츠, 올해 전기차 3종 국내 출시…전동화·온라인 판매 '박차'(종합)",http://yna.kr/AKR20220125076851003?did=1195m
253,[최기성의 허브車]“벤츠 대신 벤츠 사겠네”…벤츠 EQE “전기차도 이(E)가 탄탄”,https://www.mk.co.kr/opinion/columnists/view/2022/01/50130/
254,"KT, 벤츠에 AI 음성인식 서비스 제공",http://www.newsfreezone.co.kr/news/articleView.html?idxno=363702
255,"KT, 메르세데스-벤츠 자동차에 ‘AI 음성인식 서비스’ 탑재",https://www.ciokorea.com/news/226089
256,[머니S포토] 순수 전기차 벤츠 '더 뉴 EQA',http://moneys.mt.co.kr/news/mwView.php?no=2021061013118067622
257,[포토]GLA에 전동화 입힌 벤츠 EQA,http://autotimes.hankyung.com/apps/news.sub_view?popup=0&nid=02&c1=02&c2=02&c3=00&nkey=202106101636201
258,"KT, 'AI 음성인식 커넥티드카 솔루션' 메르세데스-벤츠 탑재",http://www.inews24.com/view/1452394
259,"[IT오늘] KT, 美 '세렌스'와 벤츠에 AI 서비스 제공…카카오, 日 웹툰 월간 거래액 역대 최고치",http://www.sisaon.co.kr/news/articleView.html?idxno=136393
260,[머니S포토] 순수 전기차 벤츠 '더 뉴 EQA',http://moneys.mt.co.kr/news/mwView.php?no=2021061013118067622
261,[포토]GLA에 전동화 입힌 벤츠 EQA,http://autotimes.hankyung.com/apps/news.sub_view?popup=0&nid=02&c1=02&c2=02&c3=00&nkey=202106101636201
262,"KT, 'AI 음성인식 커넥티드카 솔루션' 메르세데스-벤츠 탑재",http://www.inews24.com/view/1452394
263,"[IT오늘] KT, 美 '세렌스'와 벤츠에 AI 서비스 제공…카카오, 日 웹툰 월간 거래액 역대 최고치",http://www.sisaon.co.kr/news/articleView.html?idxno=136393
264,"[포토] 벤츠, 더 뉴 EQA 국내 첫 공개",http://www.dt.co.kr/contents.html?article_no=2021061002109919035001&ref=naver
265,"벤츠, '7년 연속 판매 1위' BMW 기록 깰까...1만 대 격차 벌려 무난할 듯",http://www.consumernews.co.kr/news/articleView.html?idxno=641672
266,"""벤츠라면 무조건 용서"" 또 통할까…E클래스 노리는 EQE ""벤츠 킬러는 벤츠"" [왜몰랐을카]",http://news.mk.co.kr/newsRead.php?no=23789&year=2022
267,"벤츠, EQE·EQB로 韓 전기차 시장 공략…수입차 1위도 수성",http://news.mt.co.kr/mtview.php?no=2022012510070361173
268,"'1위 흔들린' 벤츠, 전기차 라인업 강화로 수입차 왕좌 지킨다",http://www.upinews.kr/newsView/upi202201250028
269,[자동차 연구소]벤츠 'EQA 250' 전기차 가성비 전쟁 5990만원,https://www.econovill.com/news/articleView.html?idxno=536673
270,KT AI 음성인식 커넥티드카 솔루션 '벤츠' 탑재,http://www.shinailbo.co.kr/news/articleView.html?idxno=1517889
271,"KT의 AI음성인식 기술, 벤츠에 탑재된다",http://www.fnnews.com/news/202202171211371825
272,[머니S포토] 순수 전기차 벤츠 '더 뉴 EQA',http://moneys.mt.co.kr/news/mwView.php?no=2021061013118067622
273,[포토]GLA에 전동화 입힌 벤츠 EQA,http://autotimes.hankyung.com/apps/news.sub_view?popup=0&nid=02&c1=02&c2=02&c3=00&nkey=202106101636201
274,"[포토] 벤츠, 더 뉴 EQA 국내 첫 공개",http://www.dt.co.kr/contents.html?article_no=2021061002109919035001&ref=naver
275,"벤츠, '7년 연속 판매 1위' BMW 기록 깰까...1만 대 격차 벌려 무난할 듯",http://www.consumernews.co.kr/news/articleView.html?idxno=641672
276,"""벤츠라면 무조건 용서"" 또 통할까…E클래스 노리는 EQE ""벤츠 킬러는 벤츠"" [왜몰랐을카]",http://news.mk.co.kr/newsRead.php?no=23789&year=2022
277,"벤츠, EQE·EQB로 韓 전기차 시장 공략…수입차 1위도 수성",http://news.mt.co.kr/mtview.php?no=2022012510070361173
278,"'1위 흔들린' 벤츠, 전기차 라인업 강화로 수입차 왕좌 지킨다",http://www.upinews.kr/newsView/upi202201250028
279,[자동차 연구소]벤츠 'EQA 250' 전기차 가성비 전쟁 5990만원,https://www.econovill.com/news/articleView.html?idxno=536673
280,"""안녕 벤츠, 집 가는 길 알려줘""... KT, 메르세데스-벤츠 차종에 AI 음성인식 지원",http://www.etnews.com/20220217000115
281,"KT, '세렌스'와 손잡고 메르세데스 벤츠에 AI 음성인식 서비스 적용",https://www.sedaily.com/NewsView/2626DJF0PY
282,[머니S포토] 순수 전기차 벤츠 '더 뉴 EQA',http://moneys.mt.co.kr/news/mwView.php?no=2021061013118067622
283,[포토]GLA에 전동화 입힌 벤츠 EQA,http://autotimes.hankyung.com/apps/news.sub_view?popup=0&nid=02&c1=02&c2=02&c3=00&nkey=202106101636201
284,"[포토] 벤츠, 더 뉴 EQA 국내 첫 공개",http://www.dt.co.kr/contents.html?article_no=2021061002109919035001&ref=naver
285,"벤츠, '7년 연속 판매 1위' BMW 기록 깰까...1만 대 격차 벌려 무난할 듯",http://www.consumernews.co.kr/news/articleView.html?idxno=641672
286,"""벤츠라면 무조건 용서"" 또 통할까…E클래스 노리는 EQE ""벤츠 킬러는 벤츠"" [왜몰랐을카]",http://news.mk.co.kr/newsRead.php?no=23789&year=2022
287,"벤츠, EQE·EQB로 韓 전기차 시장 공략…수입차 1위도 수성",http://news.mt.co.kr/mtview.php?no=2022012510070361173
288,"'1위 흔들린' 벤츠, 전기차 라인업 강화로 수입차 왕좌 지킨다",http://www.upinews.kr/newsView/upi202201250028
289,[자동차 연구소]벤츠 'EQA 250' 전기차 가성비 전쟁 5990만원,https://www.econovill.com/news/articleView.html?idxno=536673
290,"KT, 주행 중에도 이용 가능 AI 음성인식 서비스 출시-벤츠에 제공",http://www.techholic.co.kr/news/articleView.html?idxno=202480
291,"KT AI 음성인식 서비스, 메르세데스-벤츠에서 만난다",http://www.getnews.co.kr/news/articleView.html?idxno=572933
292,[머니S포토] 순수 전기차 벤츠 '더 뉴 EQA',http://moneys.mt.co.kr/news/mwView.php?no=2021061013118067622
293,[포토]GLA에 전동화 입힌 벤츠 EQA,http://autotimes.hankyung.com/apps/news.sub_view?popup=0&nid=02&c1=02&c2=02&c3=00&nkey=202106101636201
294,"[포토] 벤츠, 더 뉴 EQA 국내 첫 공개",http://www.dt.co.kr/contents.html?article_no=2021061002109919035001&ref=naver
295,"벤츠, '7년 연속 판매 1위' BMW 기록 깰까...1만 대 격차 벌려 무난할 듯",http://www.consumernews.co.kr/news/articleView.html?idxno=641672
296,"""벤츠라면 무조건 용서"" 또 통할까…E클래스 노리는 EQE ""벤츠 킬러는 벤츠"" [왜몰랐을카]",http://news.mk.co.kr/newsRead.php?no=23789&year=2022
297,"벤츠, EQE·EQB로 韓 전기차 시장 공략…수입차 1위도 수성",http://news.mt.co.kr/mtview.php?no=2022012510070361173
298,"'1위 흔들린' 벤츠, 전기차 라인업 강화로 수입차 왕좌 지킨다",http://www.upinews.kr/newsView/upi202201250028
299,[자동차 연구소]벤츠 'EQA 250' 전기차 가성비 전쟁 5990만원,https://www.econovill.com/news/articleView.html?idxno=536673
300,"[SR통신IT] KT, 세렌스와 벤츠 차량에 AI 음성인식 서비스 제공",http://www.srtimes.kr/news/articleView.html?idxno=108446
301,"KT, 'AI 음성인식 솔루션' 벤츠에 탑재",http://www.smartfn.co.kr/view.php?ud=202202171614506118b59c218c93_46
302,[머니S포토] 순수 전기차 벤츠 '더 뉴 EQA',http://moneys.mt.co.kr/news/mwView.php?no=2021061013118067622
303,[포토]GLA에 전동화 입힌 벤츠 EQA,http://autotimes.hankyung.com/apps/news.sub_view?popup=0&nid=02&c1=02&c2=02&c3=00&nkey=202106101636201
304,"[포토] 벤츠, 더 뉴 EQA 국내 첫 공개",http://www.dt.co.kr/contents.html?article_no=2021061002109919035001&ref=naver
305,"벤츠, '7년 연속 판매 1위' BMW 기록 깰까...1만 대 격차 벌려 무난할 듯",http://www.consumernews.co.kr/news/articleView.html?idxno=641672
306,"""벤츠라면 무조건 용서"" 또 통할까…E클래스 노리는 EQE ""벤츠 킬러는 벤츠"" [왜몰랐을카]",http://news.mk.co.kr/newsRead.php?no=23789&year=2022
307,"벤츠, EQE·EQB로 韓 전기차 시장 공략…수입차 1위도 수성",http://news.mt.co.kr/mtview.php?no=2022012510070361173
308,"'1위 흔들린' 벤츠, 전기차 라인업 강화로 수입차 왕좌 지킨다",http://www.upinews.kr/newsView/upi202201250028
309,[자동차 연구소]벤츠 'EQA 250' 전기차 가성비 전쟁 5990만원,https://www.econovill.com/news/articleView.html?idxno=536673
310,"[머니S포토] 벤츠, '더 뉴 EQA' 공개",http://moneys.mt.co.kr/news/mwView.php?no=2021061013028069707
311,"벤츠, '7년 연속 판매 1위' BMW 기록 깰까...1만 대 격차 벌려 무난할 듯",http://www.consumernews.co.kr/news/articleView.html?idxno=641672
312,KT AI 음성인식 커넥티드카 솔루션을 메르세데스-벤츠에서 만난다,http://sports.chosun.com/news/ntype.htm?id=202202170100117630007728&servicedate=20220217
313,"""벤츠라면 무조건 용서"" 또 통할까…E클래스 노리는 EQE ""벤츠 킬러는 벤츠"" [왜몰랐을카]",http://news.mk.co.kr/newsRead.php?no=23789&year=2022
314,"벤츠, EQE·EQB로 韓 전기차 시장 공략…수입차 1위도 수성",http://news.mt.co.kr/mtview.php?no=2022012510070361173
315,"'1위 흔들린' 벤츠, 전기차 라인업 강화로 수입차 왕좌 지킨다",http://www.upinews.kr/newsView/upi202201250028
316,"KT, 메르세데스-벤츠 차량에 AI 음성인식 서비스 제공",http://yna.kr/PYH20220217034200013?did=1196m
317,[자동차 연구소]벤츠 'EQA 250' 전기차 가성비 전쟁 5990만원,https://www.econovill.com/news/articleView.html?idxno=536673
318,G80 전동화모델 국내 공개… 벤츠는 전기차 EQA 첫선,https://www.chosun.com/economy/auto/2021/06/11/G5J2FVLCEBAQ3K5SLYCPDO3KEU/?utm_source=naver&utm_medium=referral&utm_campaign=naver-news
319,"[영상] 벤츠, 내연기관 이어 전기차도 수입차 1위 가능할까",http://www.sisajournal-e.com/news/articleView.html?idxno=248475
320,KT AI 음성인식 서비스 벤츠에 탑재,https://sports.donga.com/article/all/20220217/111875347/1
321,"KT, 메르세데스-벤츠 차량에 AI 음성인식 서비스 제공",http://yna.kr/PYH20220217034200013?did=1196m
322,[자동차 연구소]벤츠 'EQA 250' 전기차 가성비 전쟁 5990만원,https://www.econovill.com/news/articleView.html?idxno=536673
323,G80 전동화모델 국내 공개… 벤츠는 전기차 EQA 첫선,https://www.chosun.com/economy/auto/2021/06/11/G5J2FVLCEBAQ3K5SLYCPDO3KEU/?utm_source=naver&utm_medium=referral&utm_campaign=naver-news
324,[포토]순수 전기차 벤츠 '더 뉴 EQA',https://www.asiatoday.co.kr/view.php?key=20210610010006493
325,"벤츠, 올해 EQA·EQS 등 신차 9종 출시…""EV 인프라 투자도 지속“",http://www.electimes.com/article.php?aid=1611812216211786094
326,"벤츠 ""순수전기차 EQA 상반기 출시…놀라운 가치 제공할 것""(종합)",https://www.news1.kr/articles/?4193793
327,"벤츠 ""상반기 순수 전기차 EQA 출시…매력적인 가격일 것""(종합)",http://www.newstomato.com/ReadNews.aspx?no=1021509
328,"[영상] 벤츠, 내연기관 이어 전기차도 수입차 1위 가능할까",http://www.sisajournal-e.com/news/articleView.html?idxno=248475
329,"벤츠, 완충 시 420km 주행 가능한 콤팩트 순수 전기차 '더 뉴 EQA' 세계 최초 공개",http://kr.aving.net/news/view.php?articleId=1589305&Branch_ID=kr&rssid=naver&mn_name=news
330,"벤츠 ""순수전기차 EQA 상반기 출시…놀라운 가치 제공할 것""(종합)",https://www.news1.kr/articles/?4193793
331,"벤츠 ""상반기 순수 전기차 EQA 출시…매력적인 가격일 것""(종합)",http://www.newstomato.com/ReadNews.aspx?no=1021509
332,"벤츠, 완충 시 420km 주행 가능한 콤팩트 순수 전기차 '더 뉴 EQA' 세계 최초 공개",http://kr.aving.net/news/view.php?articleId=1589305&Branch_ID=kr&rssid=naver&mn_name=news
333,"벤츠, 콤팩트 순수 전기차 '더 뉴 EQA' 세계 최초 공개",http://www.m-i.kr/news/articleView.html?idxno=788027
334,"英보다 3000만원 싼 볼보 전기차 C40…""제네시스·벤츠 비켜""",http://news.mt.co.kr/mtview.php?no=2022021510472941760
335,공개 D-1 벤츠 EQA..400km 주행거리 예고 ‘주목’,http://www.dailycar.co.kr/content/news.html?type=view&autoId=38627
336,6년 연속 수입차 1위 벤츠 “올핸 전기차 강화”,https://www.joongang.co.kr/article/25043536
337,전기차 EQA 공개한 벤츠..다음 타자는 EQB(?),http://www.dailycar.co.kr/content/news.html?type=view&autoId=38681
338,"벤츠 ""EQE·EQB 등 전기차 3종 투입…7년 수입차 왕좌 지킨다""",https://www.hankyung.com/economy/article/202201251847g
339,"벤츠코리아, 올해 'EQE' 출시···전기차 공략 가속화",http://www.sisajournal-e.com/news/articleView.html?idxno=250928
340,"메르세데스-벤츠, 420km 주행 가능한 전기차 ‘더 뉴 EQA’ 세계 최초 공개",https://www.dnews.co.kr/uhtml/view.jsp?idxno=202101201523195540962
341,공개 D-1 벤츠 EQA..400km 주행거리 예고 ‘주목’,http://www.dailycar.co.kr/content/news.html?type=view&autoId=38627
342,"英보다 3000만원 싼 볼보 전기차 C40…""제네시스·벤츠 비켜""",http://news.mt.co.kr/mtview.php?no=2022021510472941760
343,전기차 EQA 공개한 벤츠..다음 타자는 EQB(?),http://www.dailycar.co.kr/content/news.html?type=view&autoId=38681
344,"벤츠, 전기차 ‘EQA’ 프로토타입 주행테스트 포착..크로스오버 스타일",http://www.dailycar.co.kr/content/news.html?type=view&autoId=38558
345,6년 연속 수입차 1위 벤츠 “올핸 전기차 강화”,https://www.joongang.co.kr/article/25043536
346,"메르세데스-벤츠, 콤팩트 전기차 ‘더 뉴 EQA’ 첫 공개",http://www.rpm9.com/news/article.html?id=20210122090001
347,"벤츠 ""EQE·EQB 등 전기차 3종 투입…7년 수입차 왕좌 지킨다""",https://www.hankyung.com/economy/article/202201251847g
348,"메르세데스-벤츠, 컴팩트 순수 전기차 더 뉴 EQA 세계 최초 공개",http://www.dailysportshankook.co.kr/news/articleView.html?idxno=235005
349,"벤츠코리아, 올해 'EQE' 출시···전기차 공략 가속화",http://www.sisajournal-e.com/news/articleView.html?idxno=250928
350,공개 D-1 벤츠 EQA..400km 주행거리 예고 ‘주목’,http://www.dailycar.co.kr/content/news.html?type=view&autoId=38627
351,6년 연속 수입차 1위 벤츠 “올핸 전기차 강화”,https://www.joongang.co.kr/article/25043536
352,전기차 EQA 공개한 벤츠..다음 타자는 EQB(?),http://www.dailycar.co.kr/content/news.html?type=view&autoId=38681
353,"벤츠 ""EQE·EQB 등 전기차 3종 투입…7년 수입차 왕좌 지킨다""",https://www.hankyung.com/economy/article/202201251847g
354,"벤츠코리아, 올해 'EQE' 출시···전기차 공략 가속화",http://www.sisajournal-e.com/news/articleView.html?idxno=250928
355,"벤츠, 전기차 ‘EQA’ 프로토타입 주행테스트 포착..크로스오버 스타일",http://www.dailycar.co.kr/content/news.html?type=view&autoId=38558
356,"메르세데스-벤츠, 콤팩트 전기차 ‘더 뉴 EQA’ 첫 공개",http://www.rpm9.com/news/article.html?id=20210122090001
357,"메르세데스-벤츠, 컴팩트 순수 전기차 더 뉴 EQA 세계 최초 공개",http://www.dailysportshankook.co.kr/news/articleView.html?idxno=235005
358,"메르세데스-벤츠, 컴팩트 순수 전기차 '더 뉴 EQA' 공개…완충시 426km 주행",http://sports.chosun.com/news/ntype.htm?id=202101210100140970008775&servicedate=20210120
359,"[찐차-국산vs외산] 아이오닉5 vs EQA, 실내 거주성 '정면승부'",http://www.shinailbo.co.kr/news/articleView.html?idxno=1456305
360,"벤츠코리아, 올해 'EQE' 출시···전기차 공략 가속화",http://www.sisajournal-e.com/news/articleView.html?idxno=250928
361,"메르세데스-벤츠, 컴팩트 순수 전기차 '더 뉴 EQA' 공개…완충시 426km 주행",http://sports.chosun.com/news/ntype.htm?id=202101210100140970008775&servicedate=20210120
362,"[찐차-국산vs외산] 아이오닉5 vs EQA, 실내 거주성 '정면승부'",http://www.shinailbo.co.kr/news/articleView.html?idxno=1456305
363,"벤츠, 올해 EQS·EQA 등 전기차 2종 비롯 9종 신차 출시",http://www.dizzotv.com/site/data/html_dir/2021/01/27/2021012780210.html
364,아우디·폴스타·벤츠…1회 충전 500km 이상 '전기차 줄출격',http://www.newspim.com/news/view/20220105000857
365,"컴팩트 순수 전기차, 메르세데스-벤츠 '더 뉴 EQA'",http://www.tourtimes.net/349712
366,"벤츠, 순수 전기차 더 뉴 EQA 최초 공개",http://www.segyebiz.com/newsView/20210121511304?OutUrl=naver
367,"[인터뷰]마르쿠스 쉐퍼 CTO ""벤츠 전기차 소음 완전히 사라질 것""",http://www.mediapen.com/news/view/694308
368,"[시승기] '감성·힘' 탑재 EQA, 아이오닉5·EV6와 '정면대결'",https://www.econovill.com/news/articleView.html?idxno=546546
369,"메르세데스-벤츠, 순수 전기차 EQA·EQS로 친환경 모빌리티 강화",http://news.heraldcorp.com/view.php?ud=20210127000079
370,"벤츠, 420km 달리는 순수 전기차 '더 뉴 EQA' 세계 최초 공개",http://news.mk.co.kr/newsRead.php?no=65873&year=2021
371,"[찐차-국산vs외산] 아이오닉5 vs EQA, 실내 거주성 '정면승부'",http://www.shinailbo.co.kr/news/articleView.html?idxno=1456305
372,아우디·폴스타·벤츠…1회 충전 500km 이상 '전기차 줄출격',http://www.newspim.com/news/view/20220105000857
373,"벤츠, 올해 EQS·EQA 등 전기차 2종 비롯 9종 신차 출시",http://www.dizzotv.com/site/data/html_dir/2021/01/27/2021012780210.html
374,"컴팩트 순수 전기차, 메르세데스-벤츠 '더 뉴 EQA'",http://www.tourtimes.net/349712
375,"벤츠, 순수 전기차 더 뉴 EQA 최초 공개",http://www.segyebiz.com/newsView/20210121511304?OutUrl=naver
376,"[인터뷰]마르쿠스 쉐퍼 CTO ""벤츠 전기차 소음 완전히 사라질 것""",http://www.mediapen.com/news/view/694308
377,"[시승기] '감성·힘' 탑재 EQA, 아이오닉5·EV6와 '정면대결'",https://www.econovill.com/news/articleView.html?idxno=546546
378,제네시스 VS 獨 3사…최대 승부처 '소형 럭셔리 전기 SUV 시장',https://www.asiatime.co.kr/article/20220322500227
379,"메르세데스-벤츠, 순수 전기차 EQA·EQS로 친환경 모빌리티 강화",http://news.heraldcorp.com/view.php?ud=20210127000079
380,"벤츠, 순수 전기차 더 뉴 EQA 최초 공개",http://www.segyebiz.com/newsView/20210121511304?OutUrl=naver
381,벤츠 콤팩트 전기차 ‘더 뉴 EQA’ 공개,http://www.busan.com/view/busan/view.php?code=2021012018595195624
382,"[인터뷰]마르쿠스 쉐퍼 CTO ""벤츠 전기차 소음 완전히 사라질 것""",http://www.mediapen.com/news/view/694308
383,"[시승기] '감성·힘' 탑재 EQA, 아이오닉5·EV6와 '정면대결'",https://www.econovill.com/news/articleView.html?idxno=546546
384,"메르세데스-벤츠, 순수 전기차 EQA·EQS로 친환경 모빌리티 강화",http://news.heraldcorp.com/view.php?ud=20210127000079
385,제네시스 VS 獨 3사…최대 승부처 '소형 럭셔리 전기 SUV 시장',https://www.asiatime.co.kr/article/20220322500227
386,"더클래스 효성, 스타필드 하남 사우스 아트리움서 '더 뉴 EQA' 전시",http://www.cstimes.com/news/articleView.html?idxno=471333
387,[이코노 브리핑] 벤츠 소형전기차 ‘더 뉴 EQA’ 공개 외,http://www.segye.com/content/html/2021/01/20/20210120515992.html?OutUrl=naver
388,"메르세데스 벤츠, 내년에 EQA. EQS 추가. 4개 라인업으로 전기차시장 공략",http://www.autodaily.co.kr/news/articleView.html?idxno=423814
389,벤츠 순수 전기차 'EQA' 도심 출현,http://www.shinailbo.co.kr/news/articleView.html?idxno=1338245
390,[이코노 브리핑] 벤츠 소형전기차 ‘더 뉴 EQA’ 공개 외,http://www.segye.com/content/html/2021/01/20/20210120515992.html?OutUrl=naver
391,"메르세데스 벤츠, 내년에 EQA. EQS 추가. 4개 라인업으로 전기차시장 공략",http://www.autodaily.co.kr/news/articleView.html?idxno=423814
392,[재계브리핑] 메르세데스 벤츠 전기차 '더 뉴 EQA' 공개 외,http://www.opiniontimes.co.kr/news/articleView.html?idxno=81366
393,벤츠 순수 전기차 'EQA' 도심 출현,http://www.shinailbo.co.kr/news/articleView.html?idxno=1338245
394,"벤츠, 드라마 '서른, 아홉'에 '더 뉴 EQA' 등 차량 지원",https://www.electimes.com/news/articleView.html?idxno=301255
395,"[서울모빌리티쇼] 전기차 시장서 진검 꺼낸 벤츠···""EQS·EQE 세단으로 승부""",http://www.sisajournal-e.com/news/articleView.html?idxno=244038
396,"벤츠, 400km 주행하는 소형 전기차 EQA 출시 계획..가격은 6천만원(?)",http://www.dailycar.co.kr/content/news.html?type=view&autoId=37931
397,'300km? 400km?' 플래그십 EV 벤츠 EQS와 BMW iX 진짜 주행거리는?,http://www.autodaily.co.kr/news/articleView.html?idxno=430591
398,"[자동차 연구소]말 많은 EQA, 나라면 과연 살까?",https://www.econovill.com/news/articleView.html?idxno=546597
399,EV6·EQA 전기차 신차 쏟아지는데...보조금 충분할까,http://news.mt.co.kr/mtview.php?no=2021072818061476737
400,"메르세데스-벤츠 코리아, JTBC 드라마 '서른, 아홉'에 차량 지원... 배우 손예진의 픽은 '더 뉴 EQA 250'!",http://kr.aving.net/news/view.php?articleId=1685952&Branch_ID=kr&rssid=naver&mn_name=news
401,"벤츠, 전기차 충전관리 앱…'메르세데스-벤츠 차지' 출시",http://www.mediapen.com/news/view/687911
402,英보다 2980만원 싸다…완판된 볼보 전기차 'C40 리차지'[신차털기],https://www.hankyung.com/economy/article/202203156313g
403,"벤츠 한성차, 전지예·김종호·박민혁 '브레이킹' 선수 후원. 더 뉴 EQA 전달",http://www.autodaily.co.kr/news/articleView.html?idxno=432103
404,"드디어 출시된 EQA, EQC보다 짧은 주행거리로 흥행할까?",http://www.autodaily.co.kr/news/articleView.html?idxno=428512
405,"올해 판매된 수입차 4대중 1대는 벤츠, '신차'로 1등 굳힌다",http://www.g-enews.com/ko-kr/news/article/news_all/2021122108360320227bdb7041ec_1/article.html
406,"메르세데스-벤츠 CASE 전략 선언, 5년 후 모습은?",https://www.motortrendkorea.com/sub/view.html?no=6282&cate1Name=COLUMN
407,"벤츠코리아, 첫 세단 전기차 ‘EQS’ 출고… “사전계약 물량 200대 수준”",https://www.donga.com/news/article/all/20211220/110876783/2
408,"""내 생애 첫 수입차, 너로 정했다""…벤츠 GLA 250 몰아보니 [신차털기]",https://www.hankyung.com/economy/article/202112175610g
409,"""테슬라·벤츠도 원해""…'中 독주' LFP 배터리 뛰어드는 한국",http://news.mt.co.kr/mtview.php?no=2022010616482152256
410,"LG엔솔·SK온, 테슬라·벤츠 잡으러 LFP 배터리 사업 강화",http://moneys.mt.co.kr/news/mwView.php?no=2022010709378087082
411,"현대홈쇼핑, 창사 21주년 맞아 '슈퍼H페스타' 진행",https://www.news1.kr/articles/?4666634
412,"벤츠, 보급형 전기차 생산 계획···국내서도 팔릴까",http://www.sisajournal-e.com/news/articleView.html?idxno=240548
413,"5900만 원대 벤츠 EQB, 테슬라 모델Y 잡는다.",http://www.autodaily.co.kr/news/articleView.html?idxno=430584
414,"제네시스 G70, 벤츠 C-클래스 비교평가 '무승부'",https://www.theguru.co.kr/news/article.html?no=27914
415,테슬라가 쏜 '5990'에 제네시스·벤츠·아우디도 동참..평준화된 전기차 가격,http://kpenews.com/View.aspx?No=2088733
416,"[신차열전] 벤츠ㆍBMWㆍ아우디, 내년 전기차 신모델 ‘풍성’",https://www.dnews.co.kr/uhtml/view.jsp?idxno=202112031802411000749
417,"현대차 아이오닉5·제네시스 GV70·벤츠 EQA·BMW iX , 내년 차시장 출격 준비 완료",http://mbnmoney.mbn.co.kr/news/view?news_no=MM1004222073
418,서울서 전기차 G80·EQA 사려면..추가 보조금 공고 확인은 ‘필수’,http://www.dailycar.co.kr/content/news.html?type=view&autoId=40193
419,"수입차 톱2 '벤츠 vs BMW', 끝판왕 전기차 몰고 격돌",http://www.newspim.com/news/view/20211018001057
420,"車업체, LFP 관심 집중…벤츠도 2024년부터 도입",http://www.edaily.co.kr/news/newspath.asp?newsid=03352166629217184
421,"한성자동차, 벤츠 전기차 EQ 브랜드 경험 위한 이벤트 진행",http://www.busan.com/view/busan/view.php?code=2021102513254635046
422,"볼보 리차지 XC40는 326만 원, 다른 전기차 보조금은?",http://www.upinews.kr/newsView/upi202203020009
423,"""고급 세단 전기차 없나""...벤츠, EQS 출시 임박",http://www.newspim.com/news/view/20211013001059
424,전기차 후드 열지 못하게 만든 벤츠 EQS·BMW iX..왜?,http://www.dailycar.co.kr/content/news.html?type=view&autoId=41789
425,'주행거리 402km' 벤츠 EV 크로스오버 'EQA' 위장막 포착. 하반기 출시 예정,http://www.autodaily.co.kr/news/articleView.html?idxno=419943
426,구불구불한 길 핸들링·차체 안정성 좋아...소음·진동 완벽차단 벤츠 이름값 ‘톡톡’,http://news.heraldcorp.com/view.php?ud=20211012000402
427,"벤츠, EQS 포함 5종 전기차 신규 모델 선봬",http://it.chosun.com/site/data/html_dir/2021/11/25/2021112502017.html
428,"벤츠·BMW, 4분기 전기차 선점 '올인'…테슬라 아성 깰까",https://www.asiatoday.co.kr/view.php?key=20211101010000716
429,"[최기성의 허브車]벤츠도 제네시스도 ‘5990만원’…‘990 마케팅’, 테슬라가 원조",https://www.mk.co.kr/opinion/columnists/view/2021/10/956667/
430,"""포르쉐, 벤츠 게 섰거라"" 럭셔리 전기차 시장 포문 여는 BMW 'ix'",https://www.news1.kr/articles/?4501770
431,"벤츠 공식 딜러 한성차, 대전·송도·강남서 EQ 브랜드 오프라인 전시",http://www.autodaily.co.kr/news/articleView.html?idxno=430040
432,"벤츠, 통원치료 환아 위해 '더 뉴 EQA' 2대 기증",http://www.metroseoul.co.kr/article/20211206500254
433,격전지된 준중형 전기 SUV…GV60 출고난에 속타는 제네시스,http://www.newspim.com/news/view/20220216000976
434,"벤츠 S클래스 전기세단 '더뉴 EQS'…1회충전에 478㎞, 값은 1억7700만원",http://www.newsian.co.kr/news/articleView.html?idxno=51985
435,"볼보 전기차 'C40 리차지', 폴스타2와 어떻게 다른가",http://www.sporbiz.co.kr/news/articleView.html?idxno=610658
436,EQA·모델3 구매하면 900만원 지원..서울시 전기차 보조금 살펴보니...,http://www.dailycar.co.kr/content/news.html?type=view&autoId=40282
437,"포르쉐, 새해에도 '타이칸' 인기몰이···전기차 흥행 이어갈까",http://www.sisajournal-e.com/news/articleView.html?idxno=252733
438,"아이오닉5 100%·GV60 50%…전기차 보조금, 계산이 필요해 [비즈360]",http://news.heraldcorp.com/view.php?ud=20220218000676
439,"""벤츠야, 길 안내해줘""…KT, S클래스·EQA에 AI음성인식 탑재",http://news.mt.co.kr/mtview.php?no=2022021709013933453
440,"벤츠 딜러 한성차, 브랜드경험 위한 이벤트",https://www.fetv.co.kr/news/article.html?no=98732
441,"아이오닉5 100%·GV60 50%…전기차 보조금, 계산이 필요해 [비즈360]",http://news.heraldcorp.com/view.php?ud=20220218000676
442,"""벤츠야, 길 안내해줘""…KT, S클래스·EQA에 AI음성인식 탑재",http://news.mt.co.kr/mtview.php?no=2022021709013933453
443,"“때 놓치면 늦으리”…진입장벽 낮아진 전기차 ‘구매욕 충전’ [헤럴드 뷰-보조금 100%의 유혹, 전기차]",http://news.heraldcorp.com/view.php?ud=20220218000447
444,4000만원대 '테슬라 벤츠 포르쉐 킬러' 등장?…'1타3피' 노리는 제네시스 GV60,http://news.mk.co.kr/newsRead.php?no=938874&year=2021
445,출고 잘 되는 '폴스타'···국내 전기차 시장서 입지 굳힐까,http://www.sisajournal-e.com/news/articleView.html?idxno=268795
446,[AT 통신 소식] SK텔레콤·KT,https://www.asiatime.co.kr/article/20220217500058
447,"1억 넘는 포르쉐 타이칸이 月 판매 1위…""보조금 없어도 잘 팔린다""",http://news.mt.co.kr/mtview.php?no=2022021615413399771
448,볼보 차세대 전기차 ‘C40 리차지’ 출시,https://www.chosun.com/economy/auto/2022/02/16/S7HSBLUOP5DPVIIJH7QFTV7FB4/?utm_source=naver&utm_medium=referral&utm_campaign=naver-news
449,"벤츠, '아픈손가락' 2030 공략 위해 온라인 판매, 전략 차종 출시 등 포문",http://www.consumernews.co.kr/news/articleView.html?idxno=635943
450,"""순수 전기차 C40 리차지 올 1500대 팔겠다""",http://www.dt.co.kr/contents.html?article_no=2022021502109932064003&ref=naver
451,개발 막바지인 벤츠 EQA 렌더링 살펴보니…,http://www.thedrive.co.kr/news/newsview.php?ncode=1065603133673241
452,"현대홈쇼핑, 구매 고객 경품 증정 '슈퍼H페스타' 진행",http://www.edaily.co.kr/news/newspath.asp?newsid=01558006632324656
453,"7만대 판매 돌파한 벤츠, 전기차 EQA·EQS 투입 계획..라인업 강화!",http://www.dailycar.co.kr/content/news.html?type=view&autoId=38700
454,"벤츠, 400km 이상 주행가능한 전기차 EQA 올해 말 내놓는다",http://www.autodaily.co.kr/news/articleView.html?idxno=416935
455,"[제네바모터쇼] 벤츠 소형 전기차 'EQA', SUV 바탕으로 나온다",http://www.digitaltoday.co.kr/news/articleView.html?idxno=223926
456,"벤츠·BMW, 연말 국내 차 시장서 '플래그십 전기차'로 '맞짱'",http://mbnmoney.mbn.co.kr/news/view?news_no=MM1004468112
457,"""벤츠라면 모든 게 용서""…그깟 주행거리쯤이야, 전기차도 '묻지마 벤츠사랑'",http://news.mk.co.kr/newsRead.php?no=878225&year=2021
458,"벤츠, C·E·S클래스·EQA·EQS 등 7종 신차 투입 계획..특징은?",http://www.dailycar.co.kr/content/news.html?type=view&autoId=35817
459,"전기차 보조금 축소에, 소비자도 차 회사도 눈치 게임",https://biz.chosun.com/industry/car/2022/01/26/4Q4IGL24GFCERBBCDXIHALPKUA/?utm_source=naver&utm_medium=original&utm_campaign=biz
460,‘얇은 헤드램프와 그릴’ 벤츠 전기차 EQA 감상,http://www.thedrive.co.kr/news/newsview.php?ncode=1065588518868510
461,"아이오닉5·EQA·모델3, KNCAP 전기차 안전도 평가 받는다..과연 결과는?",http://www.dailycar.co.kr/content/news.html?type=view&autoId=40286
462,"벤츠, ‘EQA’ 프로토타입 공개..출시 일정은?",http://www.dailycar.co.kr/content/news.html?type=view&autoId=35941
463,"벤츠, GLA 기반 전기차 EQA 개발 계획..소형 SUV 시장 공략",http://www.dailycar.co.kr/content/news.html?type=view&autoId=35434
464,"""동급 최강 성능·가심비 갑""…벤츠, 럭셔리 전기차 나가신다",http://www.edaily.co.kr/news/newspath.asp?newsid=01088966629151584
465,공개된 더 뉴EQA,https://www.news1.kr/photos/view/?4815274
466,"벤츠, 전기차 라인업 확대·EQE SUV 출시 계획..주행거리는?",http://www.dailycar.co.kr/content/news.html?type=view&autoId=41237
467,내년 설은 전기차 타고 고향갈까…올해 전기차 '봇물',http://www.newspim.com/news/view/20220128001397
468,"[세대교체] 벤츠코리아 MZ세대 놓치면 안 돼, 엔트리 전기차 더 싸게",https://www.businesspost.co.kr/BP?command=article_view&num=245240
469,"“모델3, 920만원 비싸졌다”…‘테슬라 값질’에 5239만원→6159만원, 보조금도 반토막[왜몰랐을카]",http://news.mk.co.kr/newsRead.php?no=66084&year=2022
470,"[세대교체] 벤츠코리아 MZ세대 놓치면 안 돼, 엔트리 전기차 더 싸게",https://www.businesspost.co.kr/BP?command=article_view&num=245240
471,"“모델3, 920만원 비싸졌다”…‘테슬라 값질’에 5239만원→6159만원, 보조금도 반토막[왜몰랐을카]",http://news.mk.co.kr/newsRead.php?no=66084&year=2022
472,"[특징주] 파워넷, 테슬라 수혜 부각 또 급등...벤츠도 LFP로 교체",https://www.asiatime.co.kr/article/20211028500063
473,"현대홈쇼핑, 창사 21주년 기념 '슈퍼H페스타' 진행",https://biz.newdaily.co.kr/site/data/html/2022/05/01/2022050100029.html
474,"""550만원 더 주고 살 판""…제네시스 GV60 계약자 '날벼락'",https://www.hankyung.com/economy/article/202201199417g
475,[하이빔]벤츠답지 않은 벤츠 전기차 출시의 내막,http://autotimes.hankyung.com/apps/news.sub_view?popup=0&nid=01&c1=01&c2=01&c3=00&nkey=202108021230571
476,[스파이샷] 400km 달리는 벤츠 저렴한 전기차 ‘EQA’,http://www.thedrive.co.kr/news/newsview.php?ncode=1065581585663987
477,[리뷰] 작은 차체에 담긴 전동화 기술의 매력…메르세데스-EQ 더 뉴 EQA,https://hankookilbo.com/News/Read/A2021012709170002109?did=NA
478,"메르세데스-EQ, 컴팩트 전기차 ‘더 뉴 EQA’ 공개",https://hankookilbo.com/News/Read/A2021012309240000941?did=NA
479,"벤츠, 2030년 완전 전기차 전환...'억' 소리 나는 내부",http://www.wowtv.co.kr/NewsCenter/News/Read?articleId=A202107230097&t=NN
480,'리콜 결함·주행거리·보조금 논란'...벤츠코리아 클라인號의 굴욕,http://www.g-enews.com/ko-kr/news/article/news_all/2021071911034851497bdb7041ec_1/article.html
481,"추위 잘 타는 벤츠 전기차 ""겨울되면 200km달리고 끝""··· 보조금도↓",http://www.facten.co.kr/news/articleView.html?idxno=203283
482,"메르세데스-벤츠 사회공헌위원회, 환아 이동 위한 '더 뉴 EQA' 기증",http://www.sportsseoul.com/news/read/1082428?ref=naver
483,"“팔 차 부족하지만 사회적 책임 완수”… 벤츠코리아, 환아 위해 인기 전기차 ‘EQA’ 2대 기증",https://www.donga.com/news/article/all/20211206/110649519/2
484,세계 최초 공개 '더 뉴 EQA' 메르세데스-EQ 미학 구현,http://www.newsprime.co.kr/news/article.html?no=531253
485,"""차는 이미 출고됐는데…"" 벤츠 전기차 구매자들 뿔났다",https://www.hankyung.com/economy/article/202107153372g
486,주행거리 ‘426㎞→302㎞’… 벤츠 전기차의 굴욕,https://www.chosun.com/economy/auto/2021/07/16/HAFYJ43XABCLJMA4FMOK3ZYSAE/?utm_source=naver&utm_medium=referral&utm_campaign=naver-news
487,"벤츠, 애매한 전기차 존재감…수입차 1위 자존심 ‘와장창’",http://www.newsway.co.kr/news/view?tp=1&ud=2021070920401659771
488,"벤츠 CEO “한국 배터리·디스플레이, 벤츠를 미래로 이끌 혁신의 원천”",https://www.joongang.co.kr/article/25005232
489,"벤츠 CEO, ""K-배터리·디스플레이는 벤츠 미래 혁신의 원천""",https://www.joongang.co.kr/article/25005127
490,"벤츠, 애매한 전기차 존재감…수입차 1위 자존심 ‘와장창’",http://www.newsway.co.kr/news/view?tp=1&ud=2021070920401659771
491,"벤츠 CEO, ""K-배터리·디스플레이는 벤츠 미래 혁신의 원천""",https://www.joongang.co.kr/article/25005127
492,"전동화 전환 속도 높이는 벤츠, 2024년까지 순수전기차 10종 투입",http://www.autodaily.co.kr/news/articleView.html?idxno=428719
493,SK이노베이션 1분기 매출 16조2615억 영업이익 1조6491억,http://www.m-i.kr/news/articleView.html?idxno=915449
494,"넉넉한 공간, 주행성능, 디자인 삼박자 갖춘 5천만원 벤츠…전기차 지각변동 오나",http://news.mk.co.kr/newsRead.php?no=711183&year=2021
495,벤츠 전기차가 5000만원대라고?,https://www.seoul.co.kr/news/newsView.php?id=20210705019003&wlog_tag3=naver
496,가격 내렸지만 … 벤츠 전기차가 벤츠스럽지 않은 까닭,http://www.thescoop.co.kr/news/articleView.html?idxno=51164
497,[시승기]군더더기 없이 깔끔한 전기 SUV ‘더 뉴 EQA’,http://moneys.mt.co.kr/news/mwView.php?no=2022031116378063065
498,"현대홈쇼핑, 창사 21주년 '슈퍼H페스타' 진행",http://www.m-i.kr/news/articleView.html?idxno=915670
499,"5년째 판매량 1위 벤츠·무섭게 추격하는 BMW, 하반기 전기차로 진검 승부",https://biz.chosun.com/industry/car/2021/07/13/4UGTMINGTVEADLBJRT6AAWCTYM/?utm_source=naver&utm_medium=original&utm_campaign=biz
