,title,url
0,"메르세데스-벤츠, 전기차 플랫폼에 내연기관 얹는다",http://news.heraldcorp.com/view.php?ud=20220429000737
1,벤츠 세단·SUV 14만대 리콜…백업 카메라·접지 전선 이슈,https://news.koreadaily.com/2022/04/28/economy/economygeneral/20220428204536270.html
2,"""MZ세대의 놀이터 될 것"" 벤츠 한성차, '즐거움·성장' 독려 마케팅 펼친다",http://www.autodaily.co.kr/news/articleView.html?idxno=433447
3,"벤츠, 후방카메라 ‘먹통’ 美서 14만대 리콜..한국은?",http://www.dailycar.co.kr/content/news.html?type=view&autoId=43992
4,"화려한 데뷔, 메르세데스 벤츠 A 클래스 세단 & CLA",https://www.motortrendkorea.com/sub/view.html?no=4583&cate1Name=NEWCAR
5,"벤츠, 신형 CLA, GLA, A클래스 모델에 'PHEV' 추가",https://www.theguru.co.kr/news/article.html?no=9186
6,벤츠의 컴팩트 세단 '더 뉴 A-클래스 세단 vs 더 뉴 CLA 쿠페 세단',http://www.hankookilbo.com/news/npath/202002150855063230?did=NA
7,"벤츠, 더 뉴 A클래스·CLA 쿠페 세단 출시",http://www.newsis.com/view/?id=NISX20200212_0000916808&cID=13001&pID=13000
8,"벤츠 한성자동차, A클래스·CLA 출시기념 '디제잉 파티'",http://www.mediapen.com/news/view/500249
9,[배틀카] 베르세데스-벤츠 코리아 '더 뉴 A-클래스 세단' '더 뉴 CLA 쿠페 세단' 동시 출시,http://ilyo.co.kr/?ac=article_view&entry_id=361612
10,"벤츠코리아, ‘A클래스 세단·신형 CLA’ 출시… “콤팩트카도 놓치지 않는다”",http://www.donga.com/news/article/all/20200212/99654574/2
11,"메르세데스 벤츠 코리아, '더 뉴 A클래스 세단', '더 뉴 CLA 쿠페 세단' 출시 ",http://www.fortunekorea.co.kr/news/articleView.html?idxno=12162
12,"메르세데스-벤츠, 더 뉴 A클래스·CLA 쿠페 출시…3980만원부터",http://news.heraldcorp.com/view.php?ud=20200212000040
13,"메르세데스벤츠, A클래스 세단·CLA 쿠페 신제품 출시",https://biz.chosun.com/site/data/html_dir/2020/02/12/2020021201760.html?utm_source=naver&utm_medium=original&utm_campaign=biz
14,"톡톡 튀는 개성, 메르세데스-벤츠 더 뉴 CLA 클래스",http://www.newspim.com/news/view/20200212000342
15,"[2019 서울모터쇼]벤츠, A-클래스·CLA 등 아시안 프리미어 3종 공개",http://www.ekn.kr/news/article.html?no=423196
16,[2020년 2월 12일 경제·산업 일정] 벤츠 A클래스 세단 및 CLA 신차발표회 등,http://www.betanews.net:8080/article/1132650.html
17,"[카 라이프] 벤츠 2세대 CLA 250 쿠페, 당돌한 벤츠네…2030 사로잡을 매력 넘쳐",http://news.mk.co.kr/newsRead.php?no=583175&year=2020
18,"2018 상반기 벤츠 E클래스, 벤츠 A클래스, CLA 등 할인 프로모션 시작",http://www.sisamagazine.co.kr/news/articleView.html?idxno=134666
19,"쏘렌토 잘나가네, 2월 국산 신차 등록 1위… 수입차는 벤츠 E클래스",http://moneys.mt.co.kr/news/mwView.php?no=2022030313258012003
20,"[시승] 벤츠 '신형 E클래스', 디자인·엔진·MBUX 증강현실 등 '수입차 왕좌 다운 상품성'",http://www.autodaily.co.kr/news/articleView.html?idxno=423303
21,“못생겼다고 누가 그래?” 벤츠 CLA PHEV 포착,http://www.thedrive.co.kr/news/newsview.php?ncode=1065594042248819
22,'실내는 S클래스급'…동급 중 가장 고급스러운 신형 C클래스 타보니,https://zdnet.co.kr/view/?no=20220407053357
23,"벤츠, 내년부터 美서 A 클래스 세단 단종… 국내는 영향 없어",https://biz.chosun.com/industry/car/2022/02/16/PERFD72FZNCE3KMPELWFXYGY5Y/?utm_source=naver&utm_medium=original&utm_campaign=biz
24,벤츠 'CLA 250e PHEV' 스파이샷 포착...세단&왜건,http://www.gpkorea.com/news/articleView.html?idxno=60056
25,"벤츠, 美서 판매부진으로 A클래스 판매중단..소형 SUV 빈자리 차지!",http://www.dailycar.co.kr/content/news.html?type=view&autoId=42944
26,[시승기] 시속 100㎞까지 딱 4초!..벤츠 AMG CLA 45 S 4MATIC+,http://www.dailycar.co.kr/content/news.html?type=view&autoId=41994
27,"벤츠 'A클래스' 'CLA' 소형車, 경쟁모델 판매량 한참 못미쳐",http://www.osen.co.kr/article/G1109922498
28,[시승기]'벤츠가 달라졌어요' CLA클래스,http://www.edaily.co.kr/news/newspath.asp?newsid=01164406606092856
29,[시승기]스포츠카 외모에 '착한연비'…벤츠 'CLA클래스',http://news1.kr/articles/1660690
30,"[시승기] '작지만 강한' 벤츠 CLA클래스, 주행성능까지 화려",http://www.newsprime.co.kr/news/articleView.html?idxno=278145
31,"오토드림카, 벤츠 E클래스 E300 E220d 수입차 오토리스 장기렌트 4월 프로모션 할인",http://www.koreadaily.com/news/read.asp?art_id=8176674
32,[뉴시스아이즈]시승기-벤츠 3번째 쿠페 'CLA-클래스',http://www.newsis.com/ar_detail/view.html?ar_id=NISX20140317_0012791820&cID=11204&pID=11200
33,[시승기]'문무겸비' 디자인에 실용성까지…벤츠 CLA-클래스,http://www.newsis.com/ar_detail/view.html?ar_id=NISX20140228_0012755248&cID=10402&pID=10400
34,"벤츠 뉴 CLA클래스 ""BMW 3시리즈, 아우디 A4에 안 밀려""",http://www.ebn.co.kr/news/n_view.html?id=662437
35,"A클래스가 구긴 메르세데스-벤츠 체면, CLA가 세웠다?",http://biz.chosun.com/site/data/html_dir/2014/02/12/2014021202841.html
36,벤츠 CLA클래스 앞세워 젊은층 공략 강화,http://www.mt.co.kr/view/mtview.php?type=1&no=2014011911501991715&outlink=1
37,"벤츠, CLA클래스 가격이 너무해… 한국 소비자는 ‘봉’",http://car.donga.com/3/all/20140116/60200428/1
38,"벤츠 CLA-클래스, 미국보다 2000만원 비싸…한국소비자는 봉?",http://www.ajunews.com/view/20140115115638420
39,"벤츠, 4도어 쿠페 '더 뉴 CLA-클래스' 출시",http://www.newspim.com/common/redirect.jsp?newsId=20140113000178
40,"메르세데스-벤츠코리아, A·B클래스 잇는 세번째 콤팩트카 '더 뉴 CLA 클래스' 출시",http://biz.chosun.com/site/data/html_dir/2014/01/13/2014011302139.html
41,<It Car - 벤츠‘ 더 뉴 CLA 클래스’> 다이내믹 디자인 4도어 쿠페…젊은 벤츠 1월 출격,http://biz.heraldcorp.com/view.php?ud=20131217000561
42,"벤츠 컴팩트카 A-클래스, CLA-클래스 선보여",http://www.tvreport.co.kr/?c=news&m=newsview&idx=327723
43,"<2013 서울모터쇼> 젊어진 벤츠, A-클래스·CLA-클래스 첫선",http://www.ajunews.com/common/redirect.jsp?newsId=20130328000077
44,"벤츠, 서울모터쇼서 CLA클래스 아시아 최초 공개",http://news1.kr/articles/1065140
45,"벤츠, 서울모터쇼서 CLA클래스 아시아 최초 공개",http://news1.kr/articles/1058311
46,"벤츠 더 뉴 CLA클래스, 가격이 A클래스와 비슷해?",http://economy.donga.com/dongAuto/3/0111/20130208/52911517/2
47,"메르세데스-벤츠, 뉴 CLA 클래스 첫 공개",https://news.naver.com/main/read.naver?mode=LSD&mid=sec&sid1=101&oid=011&aid=0002295918
48,벤츠 A 클래스 세단 '최고가 아니면 만들지 않는다'...'다이내믹한 디자인',http://www.econonews.co.kr/news/articleView.html?idxno=108889
49,벤츠 'A클래스·CLA클래스' 서울모터쇼 공개,http://www.mt.co.kr/view/mtview.php?type=1&no=2013032807425342287&outlink=1
50,"벤츠코리아, ""올해 전동화·디지털·ESG 집중"", 신형 C클래스·EQB·EQE 등 신차 출시",http://www.autodaily.co.kr/news/articleView.html?idxno=431508
51,벤츠 ‘더 뉴 CLA 클래스’ 2종… 콤팩트 4도어 쿠페 모델 출시,http://news.donga.com/3/all/20140113/60146367/1
52,"벤츠코리아, CLA클래스 4륜구동 출시…소형 쿠페 라인업 확대",http://www.hankyung.com/news/app/newsview.php?aid=201408044009g
53,"한성자동차, 벤츠 'CLA-클래스' 출시 기념 이벤트 진행",http://www.ajunews.com/view/20140114110622526
54,"벤츠, 드라마 '서른, 아홉'에 '더 뉴 EQA' 등 차량 지원",https://www.electimes.com/news/articleView.html?idxno=301255
55,"메르세데스-벤츠 코리아, JTBC 드라마 ‘서른, 아홉’에 차량 지원",http://www.segyebiz.com/newsView/20220302519650?OutUrl=naver
56,"'베이비 S클래스' 벤츠, 신형 C클래스 예상도 등장...올 하반기 공개",http://www.autodaily.co.kr/news/articleView.html?idxno=417903
57,"마이드림카, 벤츠E클래스•BMW520d 자동차 오토리스 장기렌트 개인법인사업자 할인",http://www.mydaily.co.kr/new_yk/html/read.php?newsid=202001161637956372&ext=na
58,[2013서울모터쇼] 벤츠 ‘더 뉴 CLA클래스’ 편의기능,http://www.fnnews.com/view?ra=Sent0601m_01A&corp=fnnews&arcid=201303280100275910015344&cDateYear=2013&cDateMonth=03&cDateDay=28&
59,"메르세데스-벤츠 코리아, JTBC 드라마 '서른, 아홉'에 차량 지원... 배우 손예진의 픽은 '더 뉴 EQA 250'!",http://kr.aving.net/news/view.php?articleId=1685952&Branch_ID=kr&rssid=naver&mn_name=news
60,벤츠 '신형 E-클래스' 티저 영상 공개...달라진 헤드라이트 눈길,http://www.gpkorea.com/news/articleView.html?idxno=62158
61,"'수입차 2월 위너' 벤츠, BMW는 1만대 고지 선점… 엎치락뒤치락 1위 쟁탈전",http://www.sisaweek.com/news/articleView.html?idxno=151520
62,반도체 대란 속 벤츠·BMW 달렸다…현대차·기아 이어 3·4위,https://www.dailian.co.kr/news/view/1089617/?sc=Naver
63,[강병철의 셀럽앤카]⑲ 그냥 벤츠가 아니다…‘강남 피부과 원장’ 손예진 車,https://www.joongang.co.kr/article/25052865
64,[호갱탈출] 사회초년생 '벤츠 리스'하려면 얼마나 필요할까?,http://www.dailypop.kr/news/articleView.html?idxno=46750
65,"벤츠 ""A클래스·E클래스·GLA 등 올해 신차 15종 투입해 수입차 1등 지킨다""",http://weekly.cnbnews.com/news/article.html?no=132125
66,‘신차114’ 벤츠E클래스·S클래스·C클래스 자동차리스 장기렌트카 할부대비 10% 저렴해,http://www.gukjenews.com/news/articleView.html?idxno=1151591
67,"벤츠 코리아, 드라마 '서른, 아홉'에 차량 지원",http://www.fnnews.com/news/202202260945446927
68,여심 사로잡는 벤츠 `더 뉴CLA클래스` 출시,http://www.dt.co.kr/contents.html?article_no=2014011302019965782001
69,"벤츠 7월 프로모션 판매조건 'C클래스,E클래스,S클래스'등 신차114에서 할인조건 확인가능 해",http://www.gukjenews.com/news/articleView.html?idxno=1142543
70,"리스렌트닷컴 벤츠 C클래스,E클래스(e220d,e300)리스 ·장기렌트 프로모션 인기",http://www.gukjenews.com/news/articleView.html?idxno=1116291
71,[단독] 벤츠 CLA등 싼 모델 소모품 무상 서비스 제외,http://www.consumernews.co.kr/?mod=news&act=articleView&idxno=512740
72,[T포토] 벤츠 더 뉴 CLA클래스 '신 감각 스포츠 쿠페'(서울모터쇼),http://www.tvreport.co.kr/?c=news&m=newsview&idx=327064
73,[mk서울모터쇼] 강렬한 멋 벤츠 CLA클래스 아시아 최초공개,http://sports.mk.co.kr/view.php?no=235218&year=2013
74,"AK렌트카 가격비교사이트, 외제차 BMW 520D & 벤츠 CLA-CLASS /국산차 코나&그랜져ig 무보증 장기렌트카 출시",http://www.leaders.kr/news/articleView.html?idxno=61575
75,"벤츠, 막내 A클래스 세단 2022년 부분변경 출시..달라지는 점은?",http://www.dailycar.co.kr/content/news.html?type=view&autoId=42135
76,"AK렌트카, BMW 520D & 벤츠 CLA-CLASS 무보증 장기렌트카 출고",http://biz.chosun.com/site/data/html_dir/2017/12/07/2017120702200.html
77,"AK렌트카 ""BMW 520D & 벤츠 CLA-CLASS 장기렌트카 특판 실시""",http://it.chosun.com/news/article.html?no=2841725
78,[시승기 ] 벤츠 더 뉴 CLA 200 CDI 4MATIC...작지만 날렵한 4도어 '쿠페',http://news.mtn.co.kr/newscenter/news_viewer.mtn?gidx=2015070600124232454
79,"메르세데스 벤츠 CLA250 4MATIC 부분 변경 모델, 국내 배출가스-소음 인증 통과",http://www.kbench.com/?q=node/166422
80,"[유레카]벤츠 GLA?CLA, 작아도 벤츠는 역시 벤츠다",http://mbn.mk.co.kr/pages/news/newsView.php?category=mbn00003&news_seq_no=1993642
81,"'2030 車心 잡자' 벤츠, CLA 등 소형차 4종 확대",http://biz.newdaily.co.kr/news/article.html?no=10065417
82,[라이벌 명차] 메르세데스-벤츠 CLA vs 아우디 A3 세단,http://www.it.co.kr/news/mediaitNewsView.php?nSeq=2696913
83,[NW시승기]혁신적인 스타일의 4-도어 쿠페 ‘벤츠 CLA',http://www.newsway.co.kr/view.php?tp=1&ud=2014040713405067202
84,"쿠페 미학의 난형난제 ‘벤츠 CLS·CLA’, 피는 못 속여!",http://news.mk.co.kr/news_forward.php?domain=news&no=444230&year=2014
85,"벤츠 코리아, 더 안전하고 스타일리시한 '뉴 CLA 250 4매틱' 출시",http://kr.aving.net/news/view.php?articleId=1052919&Branch_ID=kr&rssid=naver&mn_name=news
86,‘용호상박’ 아우디 A3 세단 vs 벤츠 CLA “가격이 관건”,http://www.fnnews.com/view?ra=Sent0601m_01A&corp=fnnews&arcid=14010714194425&cDateYear=2014&cDateMonth=01&cDateDay=07&
87,"오토드림카,벤츠E220d E300GLC수입차오토리스 장기렌트 할인 프로모션",http://www.koreadaily.com/news/read.asp?art_id=8160013
88,"오토드림카, '벤츠 E300 E220d' 수입차 오토 리스·장기 렌트 특판가 조건 인기",http://news.mtn.co.kr/newscenter/news_viewer.mtn?gidx=2020040716045272244
89,"아우디 A3·벤츠 CLA 판매 '대박'… ""흥행 조짐 심상찮네""",http://www.ajunews.com/view/20140128120441326
90,"QM3·트랙스·주크, 소형SUV 3인방 싸움 '주목'…아우디 A3·벤츠 CLA, 소형 세단 시장서 '격돌'",http://www.hankyung.com/news/app/newsview.php?aid=2014011594661
91,[카수다] '작은 놈들 전성시대' A3 vs CLA클래스,http://www.newsprime.co.kr/news/article.html?no=306826
92,벤츠 이어 BMW코리아도 '컴팩트 세단' 2시리즈 그란쿠페 출시,http://www.digitaltoday.co.kr/news/articleView.html?idxno=222852
93,벤츠 CLA45 AMG 슈팅브레이크 스파이샷 포착,http://car.donga.com/3/all/20140325/61980282/3
94,"오토드림카, 벤츠 E300 E220d GLC 수입차 오토리스 장기렌트 3월 할인",http://www.koreadaily.com/news/read.asp?art_id=8170189
95,[시승기] 독일 대표 소형세단이 붙었다…아우디 A3·벤츠 CLA 타보니…,http://www.hankyung.com/news/app/newsview.php?aid=201403286323g
96,"이지다이렉트카, 신차 자동차 리스 장기 렌트카 ‘제네시스·수입차 벤츠 BMW’ 특판 조건 선보여",http://news.mtn.co.kr/newscenter/news_viewer.mtn?gidx=2020050813342627872
97,제네시스 EQ900·벤츠 S클래스..디자인 경쟁력 ‘으뜸’,http://www.dailycar.co.kr/content/news.html?type=view&autoId=31235
98,"[시승기] 하드코어 컴팩트 AMG의 매력, CLA 45 S 4Matic+ 시승기",https://hankookilbo.com/News/Read/A2021112808540005709?did=NA
99,"[리뷰] 작지만 매력적인 세단, 메르세데스-벤츠 A 클래스 세단",http://www.hankookilbo.com/news/npath/201809200728046425?did=NA
100,"<2013 서울모터쇼> 젊어진 벤츠, A-클래스·CLA-클래스 첫선",http://www.ajunews.com/common/redirect.jsp?newsId=20130328000077
101,"벤츠, 서울모터쇼서 CLA클래스 아시아 최초 공개",http://news1.kr/articles/1065140
102,"벤츠, 서울모터쇼서 CLA클래스 아시아 최초 공개",http://news1.kr/articles/1058311
103,"벤츠 더 뉴 CLA클래스, 가격이 A클래스와 비슷해?",http://economy.donga.com/dongAuto/3/0111/20130208/52911517/2
104,"메르세데스-벤츠, 뉴 CLA 클래스 첫 공개",https://news.naver.com/main/read.naver?mode=LSD&mid=sec&sid1=101&oid=011&aid=0002295918
105,[포토]'여심 사로잡다'...벤츠 '더 뉴CLA클래스',http://www.bizwatch.co.kr/pages/view.php?uid=5018
106,벤츠 A 클래스 세단 '최고가 아니면 만들지 않는다'...'다이내믹한 디자인',http://www.econonews.co.kr/news/articleView.html?idxno=108889
107,벤츠 '더 뉴 CLA클래스' 2종 출시…4630만원ㆍ6970만원,http://www.smedaily.co.kr/news/articleView.html?idxno=44394
108,벤츠 'A클래스·CLA클래스' 서울모터쇼 공개,http://www.mt.co.kr/view/mtview.php?type=1&no=2013032807425342287&outlink=1
109,"""韓 밀레니얼 세대 잡는다""…벤츠, 콤팩트 'A클래스 세단' 국내 출시(종합)",https://view.asiae.co.kr/article/2020021211330449266
110,"메르세데스-벤츠, 4 도어 쿠페 ‘더 뉴 CLA 클래스’ 출시…시장 선택은?",http://sports.khan.co.kr/news/sk_index.html?cat=view&art_id=201401131648113&sec_id=563002&pt=nv
111,벤츠 'A클래스·CLA클래스' 서울모터쇼 공개,http://www.mt.co.kr/view/mtview.php?type=1&no=2013032807425342287&outlink=1
112,"벤츠 A클래스·CLA클래스, 서울모터쇼서 만난다!",http://www.ajunews.com/common/redirect.jsp?newsId=20130321000543
113,"""韓 밀레니얼 세대 잡는다""…벤츠, 콤팩트 'A클래스 세단' 국내 출시(종합)",https://view.asiae.co.kr/article/2020021211330449266
114,"벤츠, 가성비·퍼포먼스 갖춘 A클래스 최초 세단 모델 출시",http://www.econovill.com/news/articleView.html?idxno=385370
115,"벤츠코리아, ""올해 전동화·디지털·ESG 집중"", 신형 C클래스·EQB·EQE 등 신차 출시",http://www.autodaily.co.kr/news/articleView.html?idxno=431508
116,"프리미엄 콤팩트 4도어 쿠페, 벤츠 '더 뉴 CLA-클래스' 출시",http://www.moneyweek.co.kr/news/mwView.php?type=1&no=2014011308238082751&outlink=1
117,"벤츠, 더뉴 CLA 클래스 북미모터쇼에서 선봬",http://www.joseilbo.com/news/news_read.php?uid=168123&class=54
118,벤츠 ‘더 뉴 CLA 클래스’ 2종… 콤팩트 4도어 쿠페 모델 출시,http://news.donga.com/3/all/20140113/60146367/1
119,[MD포토] 벤츠 더 뉴 A-클래스 세단 '매끈한 라인',http://www.mydaily.co.kr/new_yk/html/read.php?newsid=202002121120283533&ext=na
120,"프리미엄 콤팩트 4도어 쿠페, 벤츠 '더 뉴 CLA-클래스' 출시",http://www.moneyweek.co.kr/news/mwView.php?type=1&no=2014011308238082751&outlink=1
121,"벤츠코리아, 더 뉴 CLA-클래스 출시…4630만원부터",http://www.joseilbo.com/news/news_read.php?uid=207779&class=54
122,"벤츠, 더뉴 CLA 클래스 북미모터쇼에서 선봬",http://www.joseilbo.com/news/news_read.php?uid=168123&class=54
123,벤츠 ‘더 뉴 CLA 클래스’ 2종… 콤팩트 4도어 쿠페 모델 출시,http://news.donga.com/3/all/20140113/60146367/1
124,[MD포토] 벤츠 더 뉴 A-클래스 세단 '매끈한 라인',http://www.mydaily.co.kr/new_yk/html/read.php?newsid=202002121120283533&ext=na
125,[서울모터쇼]벤츠코리아 A와 CLA-클래스로 젊은층 사로잡는다,http://www.etoday.co.kr/news/section/newsview.php?idxno=707003
126,"벤츠코리아, CLA클래스 4륜구동 출시…소형 쿠페 라인업 확대",http://www.hankyung.com/news/app/newsview.php?aid=201408044009g
127,"한성자동차, 벤츠 'CLA-클래스' 출시 기념 이벤트 진행",http://www.ajunews.com/view/20140114110622526
128,혁신적인 메르세데스-벤츠 더 뉴 A 클래스 세단 출시,http://www.newspim.com/news/view/20200212000349
129,[사진]'더 뉴 벤츠 A-클래스 세단'의 뒷태,http://news.mt.co.kr/mtview.php?no=2020021213241886380
130,[서울모터쇼]벤츠코리아 A와 CLA-클래스로 젊은층 사로잡는다,http://www.etoday.co.kr/news/section/newsview.php?idxno=707003
131,[2013 디트로이트 모터쇼]벤츠 4도어 쿠페 'CLA클래스' 공개,http://www.asiae.co.kr/news/view.htm?idxno=2013011508234725902
132,"벤츠코리아, CLA클래스 4륜구동 출시…소형 쿠페 라인업 확대",http://www.hankyung.com/news/app/newsview.php?aid=201408044009g
133,"한성자동차, 벤츠 'CLA-클래스' 출시 기념 이벤트 진행",http://www.ajunews.com/view/20140114110622526
134,혁신적인 메르세데스-벤츠 더 뉴 A 클래스 세단 출시,http://www.newspim.com/news/view/20200212000349
135,[사진]'더 뉴 벤츠 A-클래스 세단'의 뒷태,http://news.mt.co.kr/mtview.php?no=2020021213241886380
136,"벤츠, 드라마 '서른, 아홉'에 '더 뉴 EQA' 등 차량 지원",https://www.electimes.com/news/articleView.html?idxno=301255
137,"벤츠, CLA 클래스 출시.. 360마력 ‘AMG 4매틱’ 투입",http://car.donga.com/3/all/20140113/60126222/3
138,"메르세데스-벤츠 코리아, JTBC 드라마 ‘서른, 아홉’에 차량 지원",http://www.segyebiz.com/newsView/20220302519650?OutUrl=naver
139,<포토> 벤츠 'CLA-클래스' 출시…4000만원대 4도어 쿠페,http://www.ajunews.com/view/20140113145521779
140,[사진]낮고 긴 보닛 디자인 지닌 '벤츠 A-클래스 세단',http://news.mt.co.kr/mtview.php?no=2020021213202823413
141,"벤츠, 드라마 '서른, 아홉'에 '더 뉴 EQA' 등 차량 지원",https://www.electimes.com/news/articleView.html?idxno=301255
142,"벤츠, CLA 클래스 출시.. 360마력 ‘AMG 4매틱’ 투입",http://car.donga.com/3/all/20140113/60126222/3
143,"메르세데스-벤츠 코리아, JTBC 드라마 ‘서른, 아홉’에 차량 지원",http://www.segyebiz.com/newsView/20220302519650?OutUrl=naver
144,<포토> 벤츠 'CLA-클래스' 출시…4000만원대 4도어 쿠페,http://www.ajunews.com/view/20140113145521779
145,"'베이비 S클래스' 벤츠, 신형 C클래스 예상도 등장...올 하반기 공개",http://www.autodaily.co.kr/news/articleView.html?idxno=417903
146,"마이드림카, 벤츠E클래스•BMW520d 자동차 오토리스 장기렌트 개인법인사업자 할인",http://www.mydaily.co.kr/new_yk/html/read.php?newsid=202001161637956372&ext=na
147,[2013서울모터쇼] 벤츠 ‘더 뉴 CLA클래스’ 편의기능,http://www.fnnews.com/view?ra=Sent0601m_01A&corp=fnnews&arcid=201303280100275910015344&cDateYear=2013&cDateMonth=03&cDateDay=28&
148,"메르세데스-벤츠 코리아, JTBC 드라마 '서른, 아홉'에 차량 지원... 배우 손예진의 픽은 '더 뉴 EQA 250'!",http://kr.aving.net/news/view.php?articleId=1685952&Branch_ID=kr&rssid=naver&mn_name=news
149,벤츠 '신형 E-클래스' 티저 영상 공개...달라진 헤드라이트 눈길,http://www.gpkorea.com/news/articleView.html?idxno=62158
150,"'베이비 S클래스' 벤츠, 신형 C클래스 예상도 등장...올 하반기 공개",http://www.autodaily.co.kr/news/articleView.html?idxno=417903
151,"마이드림카, 벤츠E클래스•BMW520d 자동차 오토리스 장기렌트 개인법인사업자 할인",http://www.mydaily.co.kr/new_yk/html/read.php?newsid=202001161637956372&ext=na
152,[2013서울모터쇼] 벤츠 ‘더 뉴 CLA클래스’ 편의기능,http://www.fnnews.com/view?ra=Sent0601m_01A&corp=fnnews&arcid=201303280100275910015344&cDateYear=2013&cDateMonth=03&cDateDay=28&
153,[포토] 벤츠 ‘올 뉴 CLA클래스’ 역동성 강조한 뒷태,http://car.donga.com/3/all/20140113/60133281/1
154,메르세데스-벤츠코리아 '더 뉴 CLA 클래스' 출시,http://www.enewstoday.co.kr/news/articleView.html?idxno=312688
155,"메르세데스-벤츠 코리아, JTBC 드라마 '서른, 아홉'에 차량 지원... 배우 손예진의 픽은 '더 뉴 EQA 250'!",http://kr.aving.net/news/view.php?articleId=1685952&Branch_ID=kr&rssid=naver&mn_name=news
156,벤츠 '신형 E-클래스' 티저 영상 공개...달라진 헤드라이트 눈길,http://www.gpkorea.com/news/articleView.html?idxno=62158
157,"'수입차 2월 위너' 벤츠, BMW는 1만대 고지 선점… 엎치락뒤치락 1위 쟁탈전",http://www.sisaweek.com/news/articleView.html?idxno=151520
158,반도체 대란 속 벤츠·BMW 달렸다…현대차·기아 이어 3·4위,https://www.dailian.co.kr/news/view/1089617/?sc=Naver
159,[강병철의 셀럽앤카]⑲ 그냥 벤츠가 아니다…‘강남 피부과 원장’ 손예진 車,https://www.joongang.co.kr/article/25052865
160,"[포토] 벤츠, 올 뉴 CLA클래스 “흠잡을 데 없는 실내”",http://car.donga.com/3/all/20140113/60133414/2
161,메르세데스-벤츠코리아 '더 뉴 CLA 클래스' 출시,http://www.enewstoday.co.kr/news/articleView.html?idxno=312688
162,"메르세데스-벤츠 코리아, JTBC 드라마 '서른, 아홉'에 차량 지원... 배우 손예진의 픽은 '더 뉴 EQA 250'!",http://kr.aving.net/news/view.php?articleId=1685952&Branch_ID=kr&rssid=naver&mn_name=news
163,벤츠 '신형 E-클래스' 티저 영상 공개...달라진 헤드라이트 눈길,http://www.gpkorea.com/news/articleView.html?idxno=62158
164,"'수입차 2월 위너' 벤츠, BMW는 1만대 고지 선점… 엎치락뒤치락 1위 쟁탈전",http://www.sisaweek.com/news/articleView.html?idxno=151520
165,반도체 대란 속 벤츠·BMW 달렸다…현대차·기아 이어 3·4위,https://www.dailian.co.kr/news/view/1089617/?sc=Naver
166,[강병철의 셀럽앤카]⑲ 그냥 벤츠가 아니다…‘강남 피부과 원장’ 손예진 車,https://www.joongang.co.kr/article/25052865
167,[호갱탈출] 사회초년생 '벤츠 리스'하려면 얼마나 필요할까?,http://www.dailypop.kr/news/articleView.html?idxno=46750
168,"벤츠 ""A클래스·E클래스·GLA 등 올해 신차 15종 투입해 수입차 1등 지킨다""",http://weekly.cnbnews.com/news/article.html?no=132125
169,‘신차114’ 벤츠E클래스·S클래스·C클래스 자동차리스 장기렌트카 할부대비 10% 저렴해,http://www.gukjenews.com/news/articleView.html?idxno=1151591
170,에어백 7개 장착 벤츠 '더 뉴 CLA-클래스',https://news.naver.com/main/read.naver?mode=LSD&mid=sec&sid1=101&oid=011&aid=0002451658
171,"'수입차 2월 위너' 벤츠, BMW는 1만대 고지 선점… 엎치락뒤치락 1위 쟁탈전",http://www.sisaweek.com/news/articleView.html?idxno=151520
172,반도체 대란 속 벤츠·BMW 달렸다…현대차·기아 이어 3·4위,https://www.dailian.co.kr/news/view/1089617/?sc=Naver
173,[강병철의 셀럽앤카]⑲ 그냥 벤츠가 아니다…‘강남 피부과 원장’ 손예진 車,https://www.joongang.co.kr/article/25052865
174,[호갱탈출] 사회초년생 '벤츠 리스'하려면 얼마나 필요할까?,http://www.dailypop.kr/news/articleView.html?idxno=46750
175,"벤츠, JTBC 드라마 '서른, 아홉' 다양한 라인업 차량 지원",http://www.shinailbo.co.kr/news/articleView.html?idxno=1520964
176,"벤츠 ""A클래스·E클래스·GLA 등 올해 신차 15종 투입해 수입차 1등 지킨다""",http://weekly.cnbnews.com/news/article.html?no=132125
177,‘신차114’ 벤츠E클래스·S클래스·C클래스 자동차리스 장기렌트카 할부대비 10% 저렴해,http://www.gukjenews.com/news/articleView.html?idxno=1151591
178,"한성자동차, 벤츠 '더 뉴 CLA-클래스' 출시 기념 이벤트 진행",http://www.kbench.com/life/?no=128843&sc=1
179,"벤츠 코리아, 드라마 '서른, 아홉'에 차량 지원",http://www.fnnews.com/news/202202260945446927
180,"한성자동차, 벤츠 '더 뉴 CLA-클래스' 출시 기념 이벤트 진행",http://www.kbench.com/life/?no=128843&sc=1
181,"벤츠 코리아, 드라마 '서른, 아홉'에 차량 지원",http://www.fnnews.com/news/202202260945446927
182,"메르세데스 벤츠 코리아, JTBC ‘서른아홉’에 차량 지원",http://www.nspna.com/news/?mode=view&newsid=556557
183,여심 사로잡는 벤츠 `더 뉴CLA클래스` 출시,http://www.dt.co.kr/contents.html?article_no=2014011302019965782001
184,"벤츠 7월 프로모션 판매조건 'C클래스,E클래스,S클래스'등 신차114에서 할인조건 확인가능 해",http://www.gukjenews.com/news/articleView.html?idxno=1142543
185,"[사진]더 뉴 CLA, 아래쪽으로 이동한 번호판 위치",http://news.mt.co.kr/mtview.php?no=2020021213440032404
186,[사진]'더 뉴 CLA 쿠페 세단'의 뒷모습,http://news.mt.co.kr/mtview.php?no=2020021213364914868
187,"리스렌트닷컴 벤츠 C클래스,E클래스(e220d,e300)리스 ·장기렌트 프로모션 인기",http://www.gukjenews.com/news/articleView.html?idxno=1116291
188,<이슈픽> 메르세데스-벤츠 코리아 '더 뉴 CLA-클래스' 출시,https://news.naver.com/main/read.naver?mode=LSD&mid=sec&sid1=101&oid=001&aid=0006696414
189,[단독] 벤츠 CLA등 싼 모델 소모품 무상 서비스 제외,http://www.consumernews.co.kr/?mod=news&act=articleView&idxno=512740
190,<이슈픽> 메르세데스-벤츠 코리아 '더 뉴 CLA-클래스' 출시,https://news.naver.com/main/read.naver?mode=LSD&mid=sec&sid1=101&oid=001&aid=0006696414
191,[단독] 벤츠 CLA등 싼 모델 소모품 무상 서비스 제외,http://www.consumernews.co.kr/?mod=news&act=articleView&idxno=512740
192,"벤츠코리아, JTBC 드라마 '서른, 아홉'에 차량지원",http://www.gpkorea.com/news/articleView.html?idxno=83209
193,[T포토] 벤츠 더 뉴 CLA클래스 '신 감각 스포츠 쿠페'(서울모터쇼),http://www.tvreport.co.kr/?c=news&m=newsview&idx=327064
194,[mk서울모터쇼] 강렬한 멋 벤츠 CLA클래스 아시아 최초공개,http://sports.mk.co.kr/view.php?no=235218&year=2013
195,벤츠코리아 '더 뉴 CLA-클래스' 공개,http://news1.kr/photos/418483
196,"AK렌트카 가격비교사이트, 외제차 BMW 520D & 벤츠 CLA-CLASS /국산차 코나&그랜져ig 무보증 장기렌트카 출시",http://www.leaders.kr/news/articleView.html?idxno=61575
197,"벤츠, 막내 A클래스 세단 2022년 부분변경 출시..달라지는 점은?",http://www.dailycar.co.kr/content/news.html?type=view&autoId=42135
198,"AK렌트카, BMW 520D & 벤츠 CLA-CLASS 무보증 장기렌트카 출고",http://biz.chosun.com/site/data/html_dir/2017/12/07/2017120702200.html
199,"AK렌트카 ""BMW 520D & 벤츠 CLA-CLASS 장기렌트카 특판 실시""",http://it.chosun.com/news/article.html?no=2841725
200,[mk서울모터쇼] 강렬한 멋 벤츠 CLA클래스 아시아 최초공개,http://sports.mk.co.kr/view.php?no=235218&year=2013
201,벤츠코리아 '더 뉴 CLA-클래스' 공개,http://news1.kr/photos/418483
202,"AK렌트카 가격비교사이트, 외제차 BMW 520D & 벤츠 CLA-CLASS /국산차 코나&그랜져ig 무보증 장기렌트카 출시",http://www.leaders.kr/news/articleView.html?idxno=61575
203,"벤츠, 막내 A클래스 세단 2022년 부분변경 출시..달라지는 점은?",http://www.dailycar.co.kr/content/news.html?type=view&autoId=42135
204,"AK렌트카, BMW 520D & 벤츠 CLA-CLASS 무보증 장기렌트카 출고",http://biz.chosun.com/site/data/html_dir/2017/12/07/2017120702200.html
205,[사진]벤츠 더 뉴 CLA 클래스 출시,http://www.mt.co.kr/view/mtview.php?type=1&no=2014011310342840081&outlink=1
206,"벤츠, 드라마 차량 지원..전기차부터 플래그십 세단까지 전 라인업 총 출동",http://www.dailycar.co.kr/content/news.html?type=view&autoId=43130
207,"AK렌트카 ""BMW 520D & 벤츠 CLA-CLASS 장기렌트카 특판 실시""",http://it.chosun.com/news/article.html?no=2841725
208,[시승기 ] 벤츠 더 뉴 CLA 200 CDI 4MATIC...작지만 날렵한 4도어 '쿠페',http://news.mtn.co.kr/newscenter/news_viewer.mtn?gidx=2015070600124232454
209,"메르세데스 벤츠 CLA250 4MATIC 부분 변경 모델, 국내 배출가스-소음 인증 통과",http://www.kbench.com/?q=node/166422
210,"벤츠, 막내 A클래스 세단 2022년 부분변경 출시..달라지는 점은?",http://www.dailycar.co.kr/content/news.html?type=view&autoId=42135
211,"AK렌트카, BMW 520D & 벤츠 CLA-CLASS 무보증 장기렌트카 출고",http://biz.chosun.com/site/data/html_dir/2017/12/07/2017120702200.html
212,[사진]벤츠 더 뉴 CLA 클래스 출시,http://www.mt.co.kr/view/mtview.php?type=1&no=2014011310342840081&outlink=1
213,"벤츠, 드라마 차량 지원..전기차부터 플래그십 세단까지 전 라인업 총 출동",http://www.dailycar.co.kr/content/news.html?type=view&autoId=43130
214,"AK렌트카 ""BMW 520D & 벤츠 CLA-CLASS 장기렌트카 특판 실시""",http://it.chosun.com/news/article.html?no=2841725
215,[시승기 ] 벤츠 더 뉴 CLA 200 CDI 4MATIC...작지만 날렵한 4도어 '쿠페',http://news.mtn.co.kr/newscenter/news_viewer.mtn?gidx=2015070600124232454
216,"메르세데스 벤츠 CLA250 4MATIC 부분 변경 모델, 국내 배출가스-소음 인증 통과",http://www.kbench.com/?q=node/166422
217,"[유레카]벤츠 GLA?CLA, 작아도 벤츠는 역시 벤츠다",http://mbn.mk.co.kr/pages/news/newsView.php?category=mbn00003&news_seq_no=1993642
218,"'2030 車心 잡자' 벤츠, CLA 등 소형차 4종 확대",http://biz.newdaily.co.kr/news/article.html?no=10065417
219,[라이벌 명차] 메르세데스-벤츠 CLA vs 아우디 A3 세단,http://www.it.co.kr/news/mediaitNewsView.php?nSeq=2696913
220,벤츠 더 뉴 CLA클래스 출시,http://www.newsis.com/pict_detail/view.html?pict_id=NISI20140113_0009226075
221,"[유레카]벤츠 GLA?CLA, 작아도 벤츠는 역시 벤츠다",http://mbn.mk.co.kr/pages/news/newsView.php?category=mbn00003&news_seq_no=1993642
222,"'2030 車心 잡자' 벤츠, CLA 등 소형차 4종 확대",http://biz.newdaily.co.kr/news/article.html?no=10065417
223,[라이벌 명차] 메르세데스-벤츠 CLA vs 아우디 A3 세단,http://www.it.co.kr/news/mediaitNewsView.php?nSeq=2696913
224,[NW시승기]혁신적인 스타일의 4-도어 쿠페 ‘벤츠 CLA',http://www.newsway.co.kr/view.php?tp=1&ud=2014040713405067202
225,"쿠페 미학의 난형난제 ‘벤츠 CLS·CLA’, 피는 못 속여!",http://news.mk.co.kr/news_forward.php?domain=news&no=444230&year=2014
226,"벤츠, 더 뉴 CLA 250 4매틱 출시…100㎞/h까지 6.6초",http://view.asiae.co.kr/news/view.htm?idxno=2014080409105868277
227,"벤츠 코리아, 4도어 쿠페 더 뉴 CLA 출시…4630만~6970만원",http://www.dailian.co.kr/news/view/415353/?sc=naver
228,"벤츠 코리아, 더 안전하고 스타일리시한 '뉴 CLA 250 4매틱' 출시",http://kr.aving.net/news/view.php?articleId=1052919&Branch_ID=kr&rssid=naver&mn_name=news
229,‘용호상박’ 아우디 A3 세단 vs 벤츠 CLA “가격이 관건”,http://www.fnnews.com/view?ra=Sent0601m_01A&corp=fnnews&arcid=14010714194425&cDateYear=2014&cDateMonth=01&cDateDay=07&
230,"벤츠 코리아, 4도어 쿠페 더 뉴 CLA 출시…4630만~6970만원",http://www.dailian.co.kr/news/view/415353/?sc=naver
231,"벤츠 코리아, 더 안전하고 스타일리시한 '뉴 CLA 250 4매틱' 출시",http://kr.aving.net/news/view.php?articleId=1052919&Branch_ID=kr&rssid=naver&mn_name=news
232,‘용호상박’ 아우디 A3 세단 vs 벤츠 CLA “가격이 관건”,http://www.fnnews.com/view?ra=Sent0601m_01A&corp=fnnews&arcid=14010714194425&cDateYear=2014&cDateMonth=01&cDateDay=07&
233,"오토드림카,벤츠E220d E300GLC수입차오토리스 장기렌트 할인 프로모션",http://www.koreadaily.com/news/read.asp?art_id=8160013
234,"오토드림카, '벤츠 E300 E220d' 수입차 오토 리스·장기 렌트 특판가 조건 인기",http://news.mtn.co.kr/newscenter/news_viewer.mtn?gidx=2020040716045272244
235,"벤츠, 소형디젤 광풍 합류..CLA 2종 출격",http://www.newstomato.com/ReadNews.aspx?no=434516
236,"아우디 A3·벤츠 CLA 판매 '대박'… ""흥행 조짐 심상찮네""",http://www.ajunews.com/view/20140128120441326
237,"QM3·트랙스·주크, 소형SUV 3인방 싸움 '주목'…아우디 A3·벤츠 CLA, 소형 세단 시장서 '격돌'",http://www.hankyung.com/news/app/newsview.php?aid=2014011594661
238,[카수다] '작은 놈들 전성시대' A3 vs CLA클래스,http://www.newsprime.co.kr/news/article.html?no=306826
239,벤츠 이어 BMW코리아도 '컴팩트 세단' 2시리즈 그란쿠페 출시,http://www.digitaltoday.co.kr/news/articleView.html?idxno=222852
240,"벤츠 GLE 쿠페 ""고유의 중량감과 실루엣 통해 매력 발산""",http://www.econonews.co.kr/news/articleView.html?idxno=108382
241,"벤츠코리아, ""한국에서 세단은 SUV만큼 중요""",http://autotimes.hankyung.com/apps/news.sub_view?popup=0&nid=02&c1=02&c2=02&c3=00&nkey=202002122113351
242,"벤츠 사장 ""올뉴 A클레스 세단, 韓밀레니엄세대에 완벽한 선택""",http://news1.kr/articles/?3840376
243,"[현장] 벤츠코리아, 고객과의 약속 지켰다",http://www.enewstoday.co.kr/news/articleView.html?idxno=1367550
244,"""남편 지갑 열 A클이 나왔다""… 여심 저격 나선 벤츠",http://moneys.mt.co.kr/news/mwView.php?no=2020021207158018093
245,벤츠 CLA45 AMG 슈팅브레이크 스파이샷 포착,http://car.donga.com/3/all/20140325/61980282/3
246,"오토드림카, 벤츠 E300 E220d GLC 수입차 오토리스 장기렌트 3월 할인",http://www.koreadaily.com/news/read.asp?art_id=8170189
247,[시승기] 독일 대표 소형세단이 붙었다…아우디 A3·벤츠 CLA 타보니…,http://www.hankyung.com/news/app/newsview.php?aid=201403286323g
248,"치열해진 콤팩트 세단 시장, 우승자는 벤츠? BMW?",http://www.iminju.net/news/articleView.html?idxno=52038
249,"이지다이렉트카, 신차 자동차 리스 장기 렌트카 ‘제네시스·수입차 벤츠 BMW’ 특판 조건 선보여",http://news.mtn.co.kr/newscenter/news_viewer.mtn?gidx=2020050813342627872
250,"치열해진 콤팩트 세단 시장, 우승자는 벤츠? BMW?",http://www.iminju.net/news/articleView.html?idxno=52038
251,"이지다이렉트카, 신차 자동차 리스 장기 렌트카 ‘제네시스·수입차 벤츠 BMW’ 특판 조건 선보여",http://news.mtn.co.kr/newscenter/news_viewer.mtn?gidx=2020050813342627872
252,"벤츠코리아, 4도어 쿠페 뉴 CLA 250 4매틱 출시…5320만원",http://www.asiatoday.co.kr/view.php?key=20140804010001021
253,제네시스 EQ900·벤츠 S클래스..디자인 경쟁력 ‘으뜸’,http://www.dailycar.co.kr/content/news.html?type=view&autoId=31235
254,"[시승기] 하드코어 컴팩트 AMG의 매력, CLA 45 S 4Matic+ 시승기",https://hankookilbo.com/News/Read/A2021112808540005709?did=NA
255,"[리뷰] 작지만 매력적인 세단, 메르세데스-벤츠 A 클래스 세단",http://www.hankookilbo.com/news/npath/201809200728046425?did=NA
256,'유럽이 다시 움직인다' 현대기아·폭스바겐·토요타·벤츠 잇따라 생산 재개,http://www.autodaily.co.kr/news/articleView.html?idxno=418379
257,왜건 정리하는 벤츠..SUV·크로스오버로 대체,http://m.dailycar.co.kr/content/news.html?type=view&autoId=42539
258,화려한 디자인 자랑하는 더 뉴 A-클래스 세단,http://www.newspim.com/news/view/20200212000343
259,"[사진]더 뉴 A-클래스 세단, 다이아몬드 그릴 장착",http://news.mt.co.kr/mtview.php?no=2020021213222383350
260,"[출근길] ""출시 전 인기절정""… 벤츠 A220·A250 세단",http://moneys.mt.co.kr/news/mwView.php?no=2020021110178081695
261,"신종 코로나 악재 벤츠·토요타·폭스바겐은 신차 발표 강행, BMW는 연기",http://www.consumernews.co.kr/news/articleView.html?idxno=601149
262,"""벤츠, 글로벌 인력감축에도 한국선 감원 없다""",https://www.hankyung.com/economy/article/2020012925811
263,"신차포유, BMW 520D & 벤츠 C,E,S 클래스 보증금없는 장기렌트카 출고",http://www.leaders.kr/news/articleView.html?idxno=61649
264,벤츠·BMW·수입자동차 프로모션 판매조건 전액할부 자동차리스 장기렌트 '신차114',http://www.gukjenews.com/news/articleView.html?idxno=1163958
265,"年 8만대 시대 연다..메르세데스-벤츠, 신차 15종 출격(종합)",http://www.edaily.co.kr/news/newspath.asp?newsid=03650646625637720
266,"리스렌트닷컴,마세라티 기블리·벤츠 S클래스등 자동차리스 특판진행",http://www.gukjenews.com/news/articleView.html?idxno=857255
267,"꼬마 벤츠의 새로운 얼굴, A클래스 세단 컨셉트카",http://autoin.edaily.co.kr/news/newspath.asp?newsid=01669526615899728
268,"벤츠코리아, 마이바흐로 상위 1% 잡는다",http://autotimes.hankyung.com/apps/news.sub_view?popup=0&nid=02&c1=02&c2=02&c3=00&nkey=202001142026591
269,"오토드림카, 수입차리스 벤츠E300·E220d·BMW520d 오토리스 장기렌트 8월 프로모션 할인",http://www.mydaily.co.kr/new_yk/html/read.php?newsid=201908021116191551&ext=na
270,"리스렌트닷컴,마세라티 기블리·벤츠 S클래스등 자동차리스 특판진행",http://www.gukjenews.com/news/articleView.html?idxno=857255
271,"꼬마 벤츠의 새로운 얼굴, A클래스 세단 컨셉트카",http://autoin.edaily.co.kr/news/newspath.asp?newsid=01669526615899728
272,"벤츠코리아, 마이바흐로 상위 1% 잡는다",http://autotimes.hankyung.com/apps/news.sub_view?popup=0&nid=02&c1=02&c2=02&c3=00&nkey=202001142026591
273,"오토드림카, 수입차리스 벤츠E300·E220d·BMW520d 오토리스 장기렌트 8월 프로모션 할인",http://www.mydaily.co.kr/new_yk/html/read.php?newsid=201908021116191551&ext=na
274,[분석+] 벤츠의 유별난 한국 사랑…구조조정에도 투자 '팍팍',https://www.hankyung.com/economy/article/202001158121g
275,"벤츠코리아 ""올해 신차 9종 등 출시… 수입차 1위 자리 지킬 것""",http://www.fnnews.com/news/202001141705445956
276,"‘리더스카’, 고급세단 2020 제네시스 벤츠 BMW 리스 장기렌트 특판프로모션 가격표 인기",http://www.mydaily.co.kr/new_yk/html/read.php?newsid=202002281637962785&ext=na
277,"메르세데스-벤츠, 루마니아서 '화재 위험' ABCE클래스와 GLS모델 1449대 리콜",http://www.g-enews.com/ko-kr/news/article/news_all/201709061526354245e8b8a793f7_1/article.html
278,"오토드림카, BMW520d·320d·벤츠E300·C220d 수입차 오토리스장기렌트 가격비교 프로모션 할인",http://www.mydaily.co.kr/new_yk/html/read.php?newsid=201907241423928585&ext=na
279,"오토드림카, 벤츠E300•E220d•BMW520d 수입차리스 가격비교 오토리스 장기렌트 프로모션 할인",http://www.mydaily.co.kr/new_yk/html/read.php?newsid=201907180925878524&ext=na
280,"오토드림카, BMW520d·320d·벤츠E300·C220d 수입차 오토리스장기렌트 가격비교 프로모션 할인",http://www.mydaily.co.kr/new_yk/html/read.php?newsid=201907241423928585&ext=na
281,"오토드림카, 벤츠E300•E220d•BMW520d 수입차리스 가격비교 오토리스 장기렌트 프로모션 할인",http://www.mydaily.co.kr/new_yk/html/read.php?newsid=201907180925878524&ext=na
282,리스렌트닷컴 BMW 벤츠 5월 프로모션 5시리즈 장기렌트 리스 견적비교 가능해,http://www.gukjenews.com/news/articleView.html?idxno=1117654
283,벤츠 S클래스 등 수입차 3만2천여대 리콜..시정 내용은?,http://www.dailycar.co.kr/content/news.html?type=view&autoId=41531
284,"오토드림카, '벤츠·BMW·지프·랜드로버' 수입차 리스 자동차 장기 렌트 오토 리스 특가 프로모션 할인",http://news.mtn.co.kr/newscenter/news_viewer.mtn?gidx=2019052714532321488
285,"[시승기] AMG A45 4매틱+, 준중형 퍼포먼스의 '끝판왕'···얕보는 순간 '식은땀'",http://www.seoulfn.com/news/articleView.html?idxno=391920
286,"메르세데스-벤츠, 하반기 라인업 확대…수입차 1위 굳히기",http://www.asiatoday.co.kr/view.php?key=20190613010007876
287,"벤츠, 실용적인 7인승 SUV ‘GLB’ 공개..차별점은?",http://www.dailycar.co.kr/content/news.html?type=view&autoId=33581
288,"[글로벌-Biz 24] 獨 벤츠·BMW·아우디, 올해 누적 판매서 희비 교차",http://www.g-enews.com/ko-kr/news/article/news_all/20191111040134738550cb531085_1/article.html
289,"[2014부산모터쇼]벤츠, '더 뉴 C·GLA 클래스' 국내 첫 공개",http://view.asiae.co.kr/news/view.htm?idxno=2014052908283957876
290,"[2014부산모터쇼]벤츠, '더 뉴 C·GLA 클래스' 국내 첫 공개",http://view.asiae.co.kr/news/view.htm?idxno=2014052908283957876
291,와우! 소형 SUV에 3열 시트..벤츠 7인승 GLB 공개,http://www.edaily.co.kr/news/newspath.asp?newsid=01977846622521392
292,"[2013 서울모터쇼] 메르세데스-벤츠, A클래스 공개",http://www.seoulfn.com/news/articleView.html?idxno=159292
293,[트렌드줌인] '명품 자동차'인 메르세데스 벤츠로 '마리오 카트'를 한다고?,http://www.dailypop.kr/news/articleView.html?idxno=38329
294,"더클래스효성, 벤츠 컴팩트카 인증샷 이벤트 실시",http://www.newspim.com/news/view/20160401000381
295,"경기 서남부 프리미엄 수입차시장, '우리가 접수한다.' [벤츠 한성 수원권선전시장]",http://www.autodaily.co.kr/news/articleView.html?idxno=430792
296,"벤츠코리아, 서울모터쇼서 '더뉴 A-클래스' 국내 첫 공개",http://www.edaily.co.kr/news/newspath.asp?newsid=01856486602745616
297,"벤츠 5번째 SUV' 더 뉴 GLA-클래스, 내달 출격 대기 중",http://www.newsprime.co.kr/news/articleView.html?idxno=284576
298,"[2014 부산모터쇼] 벤츠, 풀체인지 'C클래스'·콤팩트SUV 국내 최초 공개",http://www.osen.co.kr/article/G1109855899
299,"벤츠, A클래스에 젊은층 고객 몰린다",http://www.mt.co.kr/view/mtview.php?type=1&no=2014042317005435283&outlink=1
300,"벤츠, 더 뉴 C 클래스-더 뉴 GLA 클래스 첫 공개",http://sports.chosun.com/news/ntype.htm?id=201405210100191230012652&servicedate=20140520
301,"벤츠, A클래스에 젊은층 고객 몰린다",http://www.mt.co.kr/view/mtview.php?type=1&no=2014042317005435283&outlink=1
302,"젊어진 벤츠, 컴팩트카 '더뉴 A-클래스' 하반기 출시",http://www.edaily.co.kr/news/newspath.asp?newsid=02023766602747584
303,"더클래스효성, 벤츠 소형 제품 대상 프로모션 시행",http://autotimes.hankyung.com/apps/news.sub_view?popup=0&nid=03&c1=03&c2=03&c3=00&nkey=201602111050201
304,벤츠 신형 GLA 스파이샷 나왔다..근육질에 친숙한 느낌,http://www.edaily.co.kr/news/newspath.asp?newsid=03870406622525000
305,[메르세데스-벤츠 `GLA클래스`] 산악길도 거뜬한 근육車,http://news.mk.co.kr/news_forward.php?domain=news&no=1198671&year=2014
306,"벤츠, 소형 SUV '더 뉴 GLA-클래스' 출시…4900만원",http://www.khan.co.kr/kh_news/art_view.html?artid=201408250919181&code=920508
307,"벤츠, 콤팩트 SUV ‘GLA클래스’ 출시…“콤팩트카 라인업 완성”",http://biz.heraldcorp.com/view.php?ud=20140825000156
308,[시승기]B클래스부터 SL클래스까지.. 벤츠 '극과 극' 체험,http://www.edaily.co.kr/news/newspath.asp?newsid=01167686606158456
309,"벤츠 코리아, 내달 ‘더 뉴 GLA-클래스’ 출시…4900만원부터",http://www.newsway.co.kr/view.php?tp=1&ud=2014072109305295510
310,[메르세데스-벤츠 `GLA클래스`] 산악길도 거뜬한 근육車,http://news.mk.co.kr/news_forward.php?domain=news&no=1198671&year=2014
311,"벤츠, 소형 SUV '더 뉴 GLA-클래스' 출시…4900만원",http://www.khan.co.kr/kh_news/art_view.html?artid=201408250919181&code=920508
312,"벤츠, 콤팩트 SUV ‘GLA클래스’ 출시…“콤팩트카 라인업 완성”",http://biz.heraldcorp.com/view.php?ud=20140825000156
313,[시승기]B클래스부터 SL클래스까지.. 벤츠 '극과 극' 체험,http://www.edaily.co.kr/news/newspath.asp?newsid=01167686606158456
314,"벤츠 코리아, 내달 ‘더 뉴 GLA-클래스’ 출시…4900만원부터",http://www.newsway.co.kr/view.php?tp=1&ud=2014072109305295510
315,[2014 부산국제모터쇼] 메르세데스-벤츠 '뉴 C클래스' '뉴 GLA클래스' 공개… 가격은?,http://www.newscj.com/news/articleView.html?idxno=242367
316,"메르세데스-벤츠, 더 뉴 C-클래스 국내 첫 공개",http://sports.chosun.com/news/ntype.htm?id=201405300100300710020091&servicedate=20140529
317,"벤츠코리아, 부산모터쇼서 '뉴 C클래스' 등 국내 첫 공개",http://www.ebn.co.kr/news/view/682785
318,"메르세데스-벤츠, 새 '클래스' 보여줄 것",http://www.rpm9.com/news/articleView.html?idxno=19776
319,[시승기] 벤츠의 첫 컴팩트 SUV…GLA클래스 200 CDI,http://biz.chosun.com/site/data/html_dir/2014/02/24/2014022401608.html
320,[2014 부산국제모터쇼] 메르세데스-벤츠 '뉴 C클래스' '뉴 GLA클래스' 공개… 가격은?,http://www.newscj.com/news/articleView.html?idxno=242367
321,"메르세데스-벤츠, 더 뉴 C-클래스 국내 첫 공개",http://sports.chosun.com/news/ntype.htm?id=201405300100300710020091&servicedate=20140529
322,"벤츠코리아, 부산모터쇼서 '뉴 C클래스' 등 국내 첫 공개",http://www.ebn.co.kr/news/view/682785
323,"메르세데스-벤츠, 새 '클래스' 보여줄 것",http://www.rpm9.com/news/articleView.html?idxno=19776
324,[시승기] 벤츠의 첫 컴팩트 SUV…GLA클래스 200 CDI,http://biz.chosun.com/site/data/html_dir/2014/02/24/2014022401608.html
325,`4기통 디젤엔진` 벤츠 GLA클래스…콤팩트SUV 대표주자,http://news.mk.co.kr/news_forward.php?domain=news&no=1104495&year=2014
326,"2030세대 겨냥, 수입차 '엔트리 모델' 확대",http://www.newstomato.com/ReadNews.aspx?no=963479
327,"디젤차 배출가스, '티구안' 적고 'CLA' 및 'i40' 많아",http://autotimes.hankyung.com/apps/news.sub_view?popup=0&nid=03&c1=03&c2=03&c3=00&nkey=201609051117441
328,"아슬란,4000만원대 초·중반 경쟁차 뭐있나? ""벤츠 C클래스 BMW 3시리즈""",http://www.ajunews.com/view/20140825134934980
329,"마그나파워트레인, 벤츠 '뉴 GLA클래스'에 4륜구동 시스템 공급",http://www.hankyung.com/news/app/newsview.php?aid=201406059460g
330,"벤츠, 부산모터쇼서 콤팩트 SUV ‘GLA클래스’ 최초 공개",http://car.donga.com/3/all/20140520/63602569/1
331,"2030세대 겨냥, 수입차 '엔트리 모델' 확대",http://www.newstomato.com/ReadNews.aspx?no=963479
332,"디젤차 배출가스, '티구안' 적고 'CLA' 및 'i40' 많아",http://autotimes.hankyung.com/apps/news.sub_view?popup=0&nid=03&c1=03&c2=03&c3=00&nkey=201609051117441
333,"아슬란,4000만원대 초·중반 경쟁차 뭐있나? ""벤츠 C클래스 BMW 3시리즈""",http://www.ajunews.com/view/20140825134934980
334,"마그나파워트레인, 벤츠 '뉴 GLA클래스'에 4륜구동 시스템 공급",http://www.hankyung.com/news/app/newsview.php?aid=201406059460g
335,"오토드림카, 수입차 자동차리스 신차 장기렌트 벤츠 BMW 프로모션 가격 할인 특가 이벤트 선봬",http://www.gpkorea.com/news/articleView.html?idxno=44827
336,"벤츠, 새로운 모습으로 찾아왔어요[포토]",http://xtorque.xportsnews.com/?ac=article_view&entry_id=1094381
337,"'중·대형 강자' 벤츠 ""소형차시장도 접수""",http://www.sedaily.com/NewsView/1OFUF4N6M6
338,"벤츠 코리아, 더 뉴 A-클래스 공개",http://news1.kr/photos/418617
339,"벤츠, 야마하 등 리콜",http://autotimes.hankyung.com/apps/news.sub_view?popup=0&nid=03&c1=03&c2=03&c3=00&nkey=202111041435111
340,"벤츠, 야마하 등 리콜",http://autotimes.hankyung.com/apps/news.sub_view?popup=0&nid=03&c1=03&c2=03&c3=00&nkey=202111041435111
341,"벤츠,리콜 S580등 7종 '조수석 에어백 작동 불량'",http://www.newsian.co.kr/news/articleView.html?idxno=51802
342,"올해의 차 최종 후보 3, 메르세데스 벤츠 CLA",https://www.motortrendkorea.com/sub/view.html?no=5317&cate1Name=WHICHCAR
343,BMW & 벤츠 신차 장기렌트카 ak렌트카 가격비교 사이트에서 구매!,http://www.leaders.kr/news/articleView.html?idxno=57498
344,“회장님차 는 옛말” 벤츠 콤팩트카 4총사 4색 매력,http://www.dt.co.kr/contents.html?article_no=2016042802101032808001
345,"벤츠, 영국서 에어백 작동 장치 결함 발견돼 40만대 차량 리콜",http://www.fntimes.com/html/view.php?ud=2017101710192658881ab245d71a_18
346,"벤츠코리아, 국내 컴팩트카 '응답받았다'",http://autotimes.hankyung.com/apps/news.sub_view?popup=0&nid=03&c1=03&c2=03&c3=00&nkey=201604221058351
347,대세는 컴팩트카...벤츠가 꺼내든 카드는?,http://www.asiatoday.co.kr/view.php?key=20141018010010664
348,"더클래스 효성, 야외 전시·시승행사 개최… ""체험형 서비스 강화""",http://www.asiatoday.co.kr/view.php?key=20171113010006583
349,벤츠는 왜 '작고 강한 차'를 내세울까,http://view.asiae.co.kr/news/view.htm?idxno=2015021822300257332
350,대세는 컴팩트카...벤츠가 꺼내든 카드는?,http://www.asiatoday.co.kr/view.php?key=20141018010010664
351,"더클래스 효성, 야외 전시·시승행사 개최… ""체험형 서비스 강화""",http://www.asiatoday.co.kr/view.php?key=20171113010006583
352,벤츠는 왜 '작고 강한 차'를 내세울까,http://view.asiae.co.kr/news/view.htm?idxno=2015021822300257332
353,[수입차 영역파괴]젊은 그대 벤츠를 타라…콤팩트 라인업 강화,http://www.edaily.co.kr/news/newspath.asp?newsid=01125046606191912
354,[Brand Story] 컴팩트 4총사…벤츠의 명성에 젊음을 입혔다,http://news.mk.co.kr/news_forward.php?domain=news&no=1104497&year=2014
355,"영화 ‘원라인’과 다른 현실, 벤츠는 사는데 강남 아파트는 못산다",http://www.econovill.com/news/articleView.html?idxno=312484
356,수입차·외제 자동차 월별 비공식할인 프로모션 판매조건 비교사이트 ‘신차114’ 인기 요인은?,http://www.gukjenews.com/news/articleView.html?idxno=1139857
357,BMW 수입차 1위 탈환 가능할까?…벤츠와 수입차 1위 놓고 경쟁,http://www.asiatoday.co.kr/view.php?key=20150525010013841
358,"中 벤츠 “별그대 PPL 고마워”, 韓 벤츠에 감사 메일",http://biz.heraldcorp.com/view.php?ud=20140320000173
359,"[시승]컴팩트 SUV의 새로운 기준, 벤츠 GLA",http://autotimes.hankyung.com/apps/news.sub_view?popup=0&nid=08&c1=08&c2=08&c3=00&nkey=201402241511471
360,"더클래스 효성, `찾아가는 전시장` 시승 행사 마련",http://www.gpkorea.com/bbs/board.php?bo_table=gp_motorsports&wr_id=18887
361,"[시승]컴팩트 SUV의 새로운 기준, 벤츠 GLA",http://autotimes.hankyung.com/apps/news.sub_view?popup=0&nid=08&c1=08&c2=08&c3=00&nkey=201402241511471
362,새파랗게 젊은 벤츠...소비자를 끄는 이유,http://www.mt.co.kr/view/mtview.php?type=1&no=2014102416590143348&outlink=1
363,"벤츠, '메르세데스 미' 열어 젊은층 공략(종합)",https://news.naver.com/main/read.naver?mode=LSD&mid=sec&sid1=101&oid=001&aid=0007200535
364,서울 한강서 만나는 명품 벤츠의 향연,http://www.edaily.co.kr/news/newspath.asp?newsid=03066806609435504
365,"메르세데스-벤츠 코리아, ‘더 뉴 A-클래스 세단’ 및 ‘더 뉴 CLA 쿠페 세단’ 출시",http://www.electimes.com/article.php?aid=1581476216194150094
366,"메르세데스-벤츠 코리아, ‘더 뉴 A-클래스 세단’·‘더 뉴 CLA 쿠페 세단’ 출시",http://www.sportsseoul.com/news/read/882716
367,"벤츠 코리아, 더 뉴 A클래스·CLA 쿠페 출시…3980만원부터",http://www.youthdaily.co.kr/news/article.html?no=28541
368,"메르세데스 벤츠, 판매 선두 질주…BMW ‘8년 아성’ 무너지나",http://www.ajunews.com/view/20150512074119693
369,"美 IIHS, 전방 추돌 방지 시스템 평가 발표, 메르세데스 벤츠가 우수",http://www.kbench.com/?q=node/154566
370,"벤츠 코리아, 민망한 3천만 원대 더 뉴 A-클래스 세단 & 더 뉴 CLA 쿠페 세단 출시",http://kr.aving.net/news/view.php?articleId=1545227&Branch_ID=kr&rssid=naver&mn_name=news
371,"벤츠 코리아, 더 뉴 A클래스·CLA 쿠페 출시…3980만원부터",http://www.youthdaily.co.kr/news/article.html?no=28541
372,"메르세데스 벤츠, 판매 선두 질주…BMW ‘8년 아성’ 무너지나",http://www.ajunews.com/view/20150512074119693
373,"美 IIHS, 전방 추돌 방지 시스템 평가 발표, 메르세데스 벤츠가 우수",http://www.kbench.com/?q=node/154566
374,"'무서운' 벤츠, 11월 누적 글로벌 판매 작년치 돌파…韓은 9월에 이미",http://www.osen.co.kr/article/G1110027022
375,"벤츠, 서울모터쇼서 프리미엄 컴팩트카 선보여",http://www.joseilbo.com/news/news_read.php?uid=175675&class=54
376,막판까지 신차 내놓는 벤츠 … BMW 따라잡나?,http://www.hankyung.com/news/app/newsview.php?aid=201411250412g
377,메르세데스-벤츠 분당 정자 전시장 새 단장 오픈,http://www.zdnet.co.kr/ArticleView.asp?artice_id=20160427094450
378,"벤츠, '아픈손가락' 2030 공략 위해 온라인 판매, 전략 차종 출시 등 포문",http://www.consumernews.co.kr/news/articleView.html?idxno=635943
379,벤츠 일부차량 백업카메라 먹통. 美서 A.E클래스 등 34만여 대 리콜,http://www.autodaily.co.kr/news/articleView.html?idxno=427588
380,"벤츠, 서울모터쇼서 프리미엄 컴팩트카 선보여",http://www.joseilbo.com/news/news_read.php?uid=175675&class=54
381,막판까지 신차 내놓는 벤츠 … BMW 따라잡나?,http://www.hankyung.com/news/app/newsview.php?aid=201411250412g
382,메르세데스-벤츠 분당 정자 전시장 새 단장 오픈,http://www.zdnet.co.kr/ArticleView.asp?artice_id=20160427094450
383,"벤츠, '아픈손가락' 2030 공략 위해 온라인 판매, 전략 차종 출시 등 포문",http://www.consumernews.co.kr/news/articleView.html?idxno=635943
384,벤츠 일부차량 백업카메라 먹통. 美서 A.E클래스 등 34만여 대 리콜,http://www.autodaily.co.kr/news/articleView.html?idxno=427588
385,"메르세데스 벤츠, 'Mercedes me' 연장 운영",http://www.asiatoday.co.kr/view.php?key=20141027010016743
386,[현장취재] 젊은 층 향한 '구애'…벤츠의 시간은 거꾸로 간다,http://www.newsprime.co.kr/news/article.html?no=290901
387,"벤츠코리아, 韓 공략 키워드는 소형차… “내년 비중 두 자릿수로 늘릴 것”",http://www.etoday.co.kr/news/section/newsview.php?idxno=1004180
388,"벤츠 체험공간 '메르세데스 미' 가 봤더니 … ""젊은이들 클럽이야""",http://www.hankyung.com/news/app/newsview.php?aid=201410221446g
389,"젊은 벤츠를 세로수 길에서 만나자, '메르세데스 미' 오픈",http://www.mt.co.kr/view/mtview.php?type=1&no=2014101409342165557&outlink=1
390,"젊은 벤츠를 세로수 길에서 만나자, '메르세데스 미' 오픈",http://www.mt.co.kr/view/mtview.php?type=1&no=2014101409342165557&outlink=1
391,"서울모터쇼서 살짝 선보였던 신차들, 언제쯤 소비자들 앞에?",http://www.autodaily.co.kr/news/articleView.html?idxno=408416
392,벤츠파이낸셜코리아 프리미엄 콤팩트카 특별 프로모션,http://www.mediapen.com/news/view/131341
393,[제네바모터쇼]현대차 정의선 부회장 벤츠 소형차에 큰 관심,http://www.etoday.co.kr/news/section/newsview.php?idxno=699490
394,[영상] 젊은 층 공략 나선 벤츠...'더 뉴 A클래스 세단' & '더 뉴 CLA' 출시,http://www.newspim.com/news/view/20200212000801
395,‘겨울에는 역시 사륜구동 인기’ 메르세데스벤츠 2대 중 1대가 사륜,http://car.donga.com/3/all/20160125/76117424/2
396,"벤츠, ‘젊은층 공략’ 컴팩트카 세그먼트 강화",http://www.breaknews.com/sub_read.html?uid=352335§ion=sc3
397,[2014 부산모터쇼] 메르세데스-벤츠 '한국시장 매혹',http://www.newsprime.co.kr/news/articleView.html?idxno=281599
398,벤츠‘더뉴A-클래스·CLA쿠페’출시···젊은 감성 고객 타깃,http://www.newsway.co.kr/news/view?tp=1&ud=2020021207290762849
399,실라키스 벤츠코리아 대표 “더 뉴 A클래스·CLA 쿠페는 엣지있고 역동적인 세대를 위한 세단”,http://www.electimes.com/article.php?aid=1581477091194152094
400,실라키스 벤츠코리아 대표 “더 뉴 A클래스·CLA 쿠페는 엣지있고 역동적인 세대를 위한 세단”,http://www.electimes.com/article.php?aid=1581477091194152094
401,"벤츠, '더 뉴 A-클래스 세단' 및 '더 뉴 CLA 쿠페 세단' 출시",http://www.iminju.net/news/articleView.html?idxno=51937
402,"[포토오늘] 메스세데스-벤츠코리아, '더 뉴 A-클래스 세단 & 더 뉴 CLA' 출시",http://www.sisaon.co.kr/news/articleView.html?idxno=109009
403,"쿠페인 듯 쿠페 아닌, 메르세데스 벤츠 CLA 250 & BMW 220d 그란쿠페",https://www.motortrendkorea.com/sub/view.html?no=5105&cate1Name=WHICHCAR
404,소형에서 세단까지…BMW-벤츠코리아 1위 경쟁,https://cnbc.sbs.co.kr/article_hub/10000738739?division=NAVER
405,메르세데스-벤츠 ' 부산모터쇼' 출품 모델 공개,http://www.enewstoday.co.kr/news/articleView.html?idxno=330569
406,"[포토] 메르세데스-벤츠 코리아, 벤츠 'A-클래스 세단'·'더 뉴 CLA 쿠페 세단' 출시",http://www.sisafocus.co.kr/news/articleView.html?idxno=232141
407,"벤츠, 고객 소통공간 ‘메르세데스 미’ 연장 운영",http://www.dt.co.kr/contents.html?article_no=2014102702109932808005
408,"벤츠 ""내년 고성능해치백 등 新車 2종 추가…소형차 비중 10%로 확대""",http://view.asiae.co.kr/news/view.htm?idxno=2014102215225444639
409,"벤츠, 콤팩트카를 위한 특별한 공간 ‘메르세데스 미’ 개장",http://biz.heraldcorp.com/view.php?ud=20141022000441
410,"[머니S포토] 벤츠, 감각적 순수미 'A 클래스 세단'과 독보적 라이프 스타일 'CLA'",http://moneys.mt.co.kr/news/mwView.php?no=2020021209548058979
411,"벤츠, 고객 소통공간 ‘메르세데스 미’ 연장 운영",http://www.dt.co.kr/contents.html?article_no=2014102702109932808005
412,"벤츠 ""내년 고성능해치백 등 新車 2종 추가…소형차 비중 10%로 확대""",http://view.asiae.co.kr/news/view.htm?idxno=2014102215225444639
413,"벤츠, 콤팩트카를 위한 특별한 공간 ‘메르세데스 미’ 개장",http://biz.heraldcorp.com/view.php?ud=20141022000441
414,"벤츠코리아, 팬들과 소통하는 '메르세데스 미' 개장",http://autotimes.hankyung.com/apps/news.sub_view?popup=0&nid=03&c1=03&c2=03&c3=00&nkey=201410141319331
415,"메르세데스 벤츠 코리아, 새로운 프리미엄 컴팩트 SUV 더 뉴 GLA 8월 말 출시",http://biz.heraldcorp.com/view.php?ud=20140721000338
416,"벤츠, 유럽 판매 소형차에 최신 클린디젤 접목",http://autotimes.hankyung.com/apps/news.sub_view?popup=0&nid=04&c1=04&c2=04&c3=00&nkey=201402101534521
417,벤츠 하반기 국내시장 공략 신차 공개,http://www.idomin.com/news/articleView.html?idxno=448284
418,"신차 '액셀' 밟는 벤츠, 13년 1위 BMW 제치나",http://www.hankyung.com/news/app/newsview.php?aid=2014052833841
419,"360마력 벤츠 신모델, 액셀 살짝만 밟아도…",http://www.dt.co.kr/contents.html?article_no=2014011302019932781007
420,"메르세데스 벤츠 코리아, 새로운 프리미엄 컴팩트 SUV 더 뉴 GLA 8월 말 출시",http://biz.heraldcorp.com/view.php?ud=20140721000338
421,"벤츠, 유럽 판매 소형차에 최신 클린디젤 접목",http://autotimes.hankyung.com/apps/news.sub_view?popup=0&nid=04&c1=04&c2=04&c3=00&nkey=201402101534521
422,벤츠 하반기 국내시장 공략 신차 공개,http://www.idomin.com/news/articleView.html?idxno=448284
423,"신차 '액셀' 밟는 벤츠, 13년 1위 BMW 제치나",http://www.hankyung.com/news/app/newsview.php?aid=2014052833841
424,"몸 낮춘 메르세데스 벤츠…""세로수길에서 만나요""",http://sbscnbc.sbs.co.kr/read.jsp?pmArticleId=10000695538
425,"360마력 벤츠 신모델, 액셀 살짝만 밟아도…",http://www.dt.co.kr/contents.html?article_no=2014011302019932781007
426,"벤츠, 젊은 감성 담은 특별한 공간 ‘Mercedes me’ 오픈",http://news.mk.co.kr/news_forward.php?domain=news&no=1343285&year=2014
427,"트렌디한 비주얼 자랑하는 신차 '더 뉴 A 클래스 세단', '더 뉴 CLA' 공개한 '벤츠'",https://www.insight.co.kr/news/267651
428,"홍준표, 서민 살리기 공약…“벤츠 유류세 반값 낮춘다(?)”",http://news.heraldcorp.com/view.php?ud=20170425001083
429,"벤츠, 韓 고성능 차 시장 성장세에 'AMG 서울' 오픈… 프라이빗한 특색 강조",http://www.sisaweek.com/news/articleView.html?idxno=147232
430,"메르세데스 벤츠, CLA 공개…콤팩트 세단 시장 경쟁 뜨거워진다",http://www.emetro.co.kr/news/newsview?newscd=2014011300126
431,"현대차·BMW 이어 벤츠, 도요타 고객 소통 공간 마련",http://www.asiatoday.co.kr/view.php?key=20141021010012189
432,"[포토] 벤츠코리아, 더 뉴 A-클래스 세단, 더 뉴 CLA쿠페 세단 출시",http://www.edaily.co.kr/news/newspath.asp?newsid=02863446625669864
433,"BMWㆍ벤츠, ""플랫폼 통합으로 소형차 비중 늘리고 가격 내린다""",http://news.mtn.co.kr/newscenter/news_viewer.mtn?gidx=2014042716571468741
434,"재규어-랜드로버·벤츠·인피니티, 부산모터쇼 주력 차종 총 출동",http://www.etoday.co.kr/news/section/newsview.php?idxno=917683
435,벤츠 vs 폭스바겐 수입차 2위 다툼 '엔진과열',http://www.cstimes.com/news/articleView.html?idxno=136379
436,벤츠는 온라인 판매 시작했는데 국산차는 안하는 이유는,http://biz.chosun.com/site/data/html_dir/2013/12/04/2013120402645.html
437,"곤 르노-닛산 회장 ""벤츠와 비고급차 공동개발 검토""",http://www.edaily.co.kr/news/newspath.asp?newsid=01170966602942088
438,수입차 성적표 뜯어보니 … 벤츠 아우디 성장세 무섭다,http://www.hankyung.com/news/app/newsview.php?aid=201412049851g
439,[시승기]곱상한 녀석이 힘도 세다…벤츠 CLA,https://www.nocutnews.co.kr/news/5385778
440,벤츠 vs 폭스바겐 수입차 2위 다툼 '엔진과열',http://www.cstimes.com/news/articleView.html?idxno=136379
441,벤츠는 온라인 판매 시작했는데 국산차는 안하는 이유는,http://biz.chosun.com/site/data/html_dir/2013/12/04/2013120402645.html
442,"곤 르노-닛산 회장 ""벤츠와 비고급차 공동개발 검토""",http://www.edaily.co.kr/news/newspath.asp?newsid=01170966602942088
443,수입차 성적표 뜯어보니 … 벤츠 아우디 성장세 무섭다,http://www.hankyung.com/news/app/newsview.php?aid=201412049851g
444,[시승기]곱상한 녀석이 힘도 세다…벤츠 CLA,https://www.nocutnews.co.kr/news/5385778
445,"제네바 온 정의선, 벤츠 고성능 모델 '정밀 분석'",http://www.mt.co.kr/view/mtview.php?type=1&no=2013030518270735655&outlink=1
446,"벤츠, AMG 4종 발표..400마력 넘는 ‘AMG CLA 45 S’ 눈길",http://www.edaily.co.kr/news/newspath.asp?newsid=03450566625836488
447,"[포토] 메르세데스-벤츠코리아, 신차 'A클래스 세단-CLA' 출시",http://biz.newdaily.co.kr/site/data/html/2020/02/12/2020021200031.html
448,"독일 다임러, 프랑스서 벤츠 차종 판매금지 취소 소송",http://news.sbs.co.kr/section_news/news_read.jsp?news_id=N1001916972
449,"독일 다임러, 프랑스서 벤츠 차종 판매금지 취소 소송",https://news.naver.com/main/read.naver?mode=LSD&mid=sec&sid1=101&oid=001&aid=0006410828
450,"독일 다임러, 프랑스서 벤츠 차종 판매금지 취소 소송",http://news.sbs.co.kr/section_news/news_read.jsp?news_id=N1001916972
451,"독일 다임러, 프랑스서 벤츠 차종 판매금지 취소 소송",https://news.naver.com/main/read.naver?mode=LSD&mid=sec&sid1=101&oid=001&aid=0006410828
452,"벤츠, 더 뉴 A-클래스 세단&CLA 출시",http://www.newscj.com/news/articleView.html?idxno=707799
453,[서울모터쇼] 벤츠 '미래차 비전' 비전EQ-A클래스 세단-더 뉴 CLA,http://www.fntimes.com/html/view.php?ud=2019032912461434417de3572ddd_18
454,"벤츠 코리아, 더 뉴 A-클래스·더 뉴 CLA 출시",http://yna.kr/PYH20200212047500013?did=1196m
455,"'고성능 시장 집중 공략' 벤츠코리아, A·CLA·GT 등 AMG 4종 공개. 韓 내달 출시",http://www.autodaily.co.kr/news/articleView.html?idxno=420806
456,LG 스테레오 카메라 장착한 벤츠 '신형 C클래스' 전격 공개,http://www.autodaily.co.kr/news/articleView.html?idxno=425808
457,"삶을 좀 더 섹시하게 바꿔준다, 메르세데스 벤츠 CLA 250",https://www.motortrendkorea.com/sub/view.html?no=4746&cate1Name=WHICHCAR
458,"벤츠, 노치백에서 패스트백으로 바뀐..‘신형 CLA 클래스’ 살펴보니...",http://www.dailycar.co.kr/content/news.html?type=view&autoId=31758
459,"2014년 신차, 예상하지 못했던 흥행작과 실패작은 무엇",http://www.it.co.kr/news/article.html?no=2793276
460,"메르세데스-벤츠, 더 뉴 A-클래스·더 뉴 CLA 출시",http://yna.kr/PYH20200212044000013?did=1196m
461,"메르세데스-벤츠, 더 뉴 A-클래스 세단&CLA 출시",http://www.newscj.com/news/articleView.html?idxno=707802
462,"'고성능 시장 집중 공략' 벤츠코리아, A·CLA·GT 등 AMG 4종 공개. 韓 내달 출시",http://www.autodaily.co.kr/news/articleView.html?idxno=420806
463,LG 스테레오 카메라 장착한 벤츠 '신형 C클래스' 전격 공개,http://www.autodaily.co.kr/news/articleView.html?idxno=425808
464,"삶을 좀 더 섹시하게 바꿔준다, 메르세데스 벤츠 CLA 250",https://www.motortrendkorea.com/sub/view.html?no=4746&cate1Name=WHICHCAR
465,"벤츠, 노치백에서 패스트백으로 바뀐..‘신형 CLA 클래스’ 살펴보니...",http://www.dailycar.co.kr/content/news.html?type=view&autoId=31758
466,"2014년 신차, 예상하지 못했던 흥행작과 실패작은 무엇",http://www.it.co.kr/news/article.html?no=2793276
467,2020년 11월 수입차 판매 7.5%↑… ‘벤츠 E클래스’ 돌풍,https://www.donga.com/news/article/all/20201203/104279245/2
468,"작지만 개성 있는 '콤팩트' 수입차, 무얼 고를까?",http://news20.busan.com/controller/newsController.jsp?newsId=20141229000047
469,'작고 강한차' 수입소형차 젊은 감성 잡다,http://www.nocutnews.co.kr/news/4022451
470,"벤츠, 노치백에서 패스트백으로 바뀐..‘신형 CLA 클래스’ 살펴보니...",http://www.dailycar.co.kr/content/news.html?type=view&autoId=31758
471,"2014년 신차, 예상하지 못했던 흥행작과 실패작은 무엇",http://www.it.co.kr/news/article.html?no=2793276
472,2020년 11월 수입차 판매 7.5%↑… ‘벤츠 E클래스’ 돌풍,https://www.donga.com/news/article/all/20201203/104279245/2
473,"작지만 개성 있는 '콤팩트' 수입차, 무얼 고를까?",http://news20.busan.com/controller/newsController.jsp?newsId=20141229000047
474,'작고 강한차' 수입소형차 젊은 감성 잡다,http://www.nocutnews.co.kr/news/4022451
475,착한가격에 효율성 높은 '수입 소형차'가 뜬다,http://www.newscj.com/news/articleView.html?idxno=238858
476,[포토] '완벽한 쿠페 비율로 돌아왔다' 베이비 CLS 메르세데스-벤츠 '더 뉴 CLA',http://www.autodaily.co.kr/news/articleView.html?idxno=416440
477,'별그대 김수현'이 탄 외제차 몇대 팔렸나 봤더니…,http://news1.kr/articles/1563575
478,"수입차 3인방, 예상밖 흥행몰이..조용히 웃는다",http://www.fnnews.com/view?ra=Sent0601m_01A&corp=fnnews&arcid=201402210100219420011780&cDateYear=2014&cDateMonth=02&cDateDay=20&
479,"수입차 소형 모델 공세 ""매섭네""",http://www.mt.co.kr/view/mtview.php?type=1&no=2014020909462686806&outlink=1
480,[카라이프]작은 놈의 쿠데타,http://view.asiae.co.kr/news/view.htm?idxno=2014012113114718583
481,[미리 보는 2014년 신차 대전]올해 승부처는 소형차와 SUV,http://news.mk.co.kr/news_forward.php?domain=news&no=100142&year=2014
482,독일 수입차 대공습…올해는 '작은 차'로 젊은층 노린다,http://www.hankyung.com/news/app/newsview.php?aid=201401146387g
483,"몸집 줄인 수입 소형차, 2030 소비자 유혹",http://www.ajunews.com/view/20140113143253547
484,[그 남자의 CAR]아우디A3 세단이 불지른 작은 고급차 열풍,http://news.donga.com/3/all/20140108/60041595/1
485,"메르세데스-벤츠 코리아, ‘인증 중고차 10주년 프로모션’ 마련",http://www.rpm9.com/news/article.html?id=20210517090035
486,"수입차 대중화 시대, 2014년을 질주할 車는?",http://biz.heraldcorp.com/view.php?ud=20131216000690
487,국산차 쉬는 틈에 ‘2000cc 수입차의 반란’,http://www.dt.co.kr/contents.html?article_no=2013121302011132781001
488,하반기 국산수입 신차 30여종 `디젤 SUV 슈퍼카 다양하네`,http://www.gpkorea.com/bbs/board.php?bo_table=gp_motorsports&wr_id=10247
489,수입차시장 '다크호스 삼인방' 뜬다···주인공은?,http://www.hankyung.com/news/app/newsview.php?aid=201403072812g
490,수입차시장 '다크호스 삼인방' 뜬다···주인공은?,http://www.hankyung.com/news/app/newsview.php?aid=201403072812g
491,'디젤차' 열풍…하반기에도 신차 쏟아진다,http://news1.kr/articles/1761481
492,"아우디 A3, 한국자동차전문기자협회 ‘1월의 차’ 선정",http://www.osen.co.kr/article/G1109785725
493,[포토]디미트리스 실라키스 벤츠코리아 사장 CLA '엄지척',http://www.mediapen.com/news/view/499943
494,[비즈니스 포커스] 새해 신차 키워드 ‘소형·고연비·SUV’,http://magazine.hankyung.com/business/apps/news?popup=0&nid=01&c1=1003&nkey=2014021000949000211&mode=sub_view
495,"디미트리스 실라키스 ""A클래스 세단·CLA 통해 밀레니얼 세대 공략할 것""",http://www.asiatoday.co.kr/view.php?key=20200212010007117
496,더 뉴 A-클래스 세단·더 뉴 CLA 쿠페 세단 출시,http://www.kookje.co.kr/news2011/asp/newsbody.asp?code=0200&key=20200212.99099004401
497,[제네바모터쇼]정의선 현대차 부회장 눈길 잡아끈 이 車에 주목,http://www.etoday.co.kr/news/section/newsview.php?idxno=700114
498,"'LF쏘나타·YP카니발', 2014 가장 기대되는 신차들은?",http://www.ajunews.com/view/20140102135231873
499,내년에 출시되는 車,http://www.yeongnam.com/mnews/newsview.do?mode=newsView&newskey=20131228.010120747140001
