,title,url
0,"아옳이 김민영, 2억 벤츠 샀다..키링은 명품 P사 커스텀",https://www.tvreport.co.kr/2099925
1,"조현범 원톱체제 마무리… 한국타이어, 수익성 개선에 역량 '집중'",https://biz.newdaily.co.kr/site/data/html/2022/05/09/2022050900058.html
2,삼각별 달린 미니밴 등장? 전기차 부활을 꿈꾸는 R클래스,http://www.dailycar.co.kr/content/news.html?type=view&autoId=38180
3,"벤츠, MBUX 내비로 '코로나19 신속항원검사소' 위치 안내",https://www.electimes.com/news/articleView.html?idxno=301046
4,[사진]'미니밴 or 왜건'? 벤츠 '뉴 R클래스',http://www.moneytoday.co.kr/view/mtview.php?type=1&no=2010032918175365899&outlink=1
5,"벤츠 신형 'R클래스', 디자인 유출됐다",http://www.hankyung.com/news/app/newsview.php?aid=201003292083g
6,"""이번에는 역대급 품절""…볼보 파격에 BMW 벤츠 충격, S60 한정판 15분만에 완판",http://news.mk.co.kr/newsRead.php?no=1200830&year=2021
7,"벤츠, 새로운 R클래스 공개",https://news.naver.com/main/read.naver?mode=LSD&mid=sec&sid1=104&oid=091&aid=0000125387
8,`람보르기니·마이바흐`도 클릭 구매…판 커지는 중고차 이커머스,http://www.dt.co.kr/contents.html?article_no=2022050602109932064001&ref=naver
9,K3 등 57개 모델 자차 보험료 오르고 투싼·K5·벤츠C클래스 등은 내린다,http://news.khan.co.kr/kh_news/khan_art_view.html?artid=201512172150115&code=920508
10,"'대한민국 세단의 자존심' 제네시스 G90 공개…""S클래스 긴장해""",http://www.gpkorea.com/news/articleView.html?idxno=80962
11,"[수입차 이모저모] 포르쉐 AG, 롤스로이스모터카, BMW, 메르세데스-벤츠 등 소식",http://www.slist.kr/news/articleView.html?idxno=304811
12,"[수입차 이모저모] 메르세데스-벤츠, BMW, 렉서스, 블루샤크, 모토라드, 미쉐린 등 소식",http://www.slist.kr/news/articleView.html?idxno=305420
13,"[포토] 벤츠, 메르세데스 -AMG GT 최초 공개(2017 서울모터쇼)",http://daily.hankooki.com/lpage/economy/201703/dh20170330182253138140.htm
14,"브레이크 풀린 車값… 티볼리 70만원, 벤츠 250만원 올랐다",https://www.chosun.com/economy/auto/2021/10/07/TGMJJUYQAJEIVCZHLZGMPEC7HY/?utm_source=naver&utm_medium=referral&utm_campaign=naver-news
15,"[자동차오늘] 벤츠 코리아, 완전 변경 '더 뉴 마이바흐 S-클래스' 가격 공개…랜드로버, '뉴 디스커버리' 사전 계약 시작",http://www.sisaon.co.kr/news/articleView.html?idxno=127030
16,"[2014 베이징모터쇼] 메르세데스벤츠, 쿠페형 SUV 콘셉트카 세계 최초 공개",http://biz.chosun.com/site/data/html_dir/2014/04/21/2014042101972.html
17,"[르포] 벤츠 AMG, 서울 중심에 '레이싱카 피트' 열다",https://www.econovill.com/news/articleView.html?idxno=548981
18,"벤츠, 고급차 이어 고성능차도 1위 노린다···국내 첫 AMG 전시관 열어",http://www.sisajournal-e.com/news/articleView.html?idxno=235785
19,자동차기자가 뽑은 ‘2022 올해의 차’는?… 아이오닉5·벤츠 등 13대 최종 후보,http://moneys.mt.co.kr/news/mwView.php?no=2021091313318057898
20,"""벤츠 잡았으니""…제네시스 ""포르쉐, 다음은 네 차례야""[카슐랭]",http://news.mk.co.kr/newsRead.php?no=809093&year=2021
21,"벤츠코리아, 고성능 전용 공간 'AMG 서울' 개장",http://autotimes.hankyung.com/apps/news.sub_view?popup=0&nid=03&c1=03&c2=03&c3=00&nkey=202109061037111
22,메르세데스-벤츠 My B `feel` 이 다른 벤츠의 별종,http://news.mk.co.kr/news_forward.php?no=715141&year=2008
23,"<AsiaNet> 메르세데스-벤츠, 4개 모델 최초 공개",https://news.naver.com/main/read.naver?mode=LSD&mid=sec&sid1=103&oid=001&aid=0001098255
24,쌍용車 ‘벤츠에 웃고 벤츠에 울고’,http://www.munhwa.com/news/view.html?no=2008030301031524302006
25,"폭스바겐 고성능 모델 ‘골프 R’, 비싼 몸값 할까?",http://www.breaknews.com/sub_read.html?uid=397007§ion=sc3
26,3천만원대 벤츠 나온다,http://news.mk.co.kr/newsRead.php?no=476960&year=2006
27,"유럽車, 11월 미국시장서 선전..벤츠.아우디 약진",https://news.naver.com/main/read.naver?mode=LSD&mid=sec&sid1=101&oid=013&aid=0000164143
28,"벤츠, 고급차 라인업 확대…차종별 '럭셔리' 중무장",http://www.shinailbo.co.kr/news/articleView.html?idxno=1427898
29,"스포티지R, 세계 곳곳서 '올해의 SUV' 선정",https://news.naver.com/main/read.naver?mode=LSD&mid=sec&sid1=101&oid=001&aid=0004796735
30,"벤츠로 다시 보는 ‘후륜조향’, 얼마나 쓸모있나",http://www.megaeconomy.co.kr/news/newsview.php?ncode=1065596831002519
31,"골퍼들의 자동차 ""내 애마를 소개합니다""",https://view.asiae.co.kr/article/2022011307434709549
32,[ESG 경영] 스타벅스·CJ제일제당·GS25·메가박스 外,http://www.dailypop.kr/news/articleView.html?idxno=59642
33,"'합리파' 폭스바겐 아테온, 탄탄한 제품력으로 벤츠 E클래스 다시 넘는다",http://www.autodaily.co.kr/news/articleView.html?idxno=421993
34,"한국앤컴퍼니㈜, 창립 80주년..미래 성장 전략 'S.T.R.E.A.M' 공개",http://www.dtnews24.com/news/articleView.html?idxno=704674
35,"한국앤컴퍼니㈜, 창립 80주년 기념해 미래 성장 전략 'S.T.R.E.A.M' 공개",http://www.ccnnews.co.kr/news/articleView.html?idxno=218288
36,"폭스바겐, 고성능 접목한 아테온 R 선봬",http://autotimes.hankyung.com/apps/news.sub_view?popup=0&nid=02&c1=02&c2=02&c3=00&nkey=202104280958161
37,"메르세데스-벤츠, EQ 중심 브랜드 강화… 올해 신차는 총 9종",http://www.sisaweek.com/news/articleView.html?idxno=141314
38,"벤츠 ""상반기 순수 전기차 EQA 출시…매력적인 가격일 것""(종합)",http://www.newstomato.com/ReadNews.aspx?no=1021509
39,"수입차업계,연말 신차대전 본격 점화… 벤츠·BMW·아우디·폭스바겐 등 총출동",https://www.ekn.kr/web/view.php?key=20201116010003676
40,"벤츠 ""A클래스·E클래스·GLA 등 올해 신차 15종 투입해 수입차 1등 지킨다""",http://weekly.cnbnews.com/news/article.html?no=132125
41,인공 지능을 탑재한 메르세데스 벤츠 A 클래스,http://www.gqkorea.co.kr/2019/11/20/%ec%9d%b8%ea%b3%b5-%ec%a7%80%eb%8a%a5%ec%9d%84-%ed%83%91%ec%9e%ac%ed%95%9c-%eb%a9%94%eb%a5%b4%ec%84%b8%eb%8d%b0%ec%8a%a4-%eb%b2%a4%ec%b8%a0-a-%ed%81%b4%eb%9e%98%ec%8a%a4/?utm_source=naver&utm_medium=partnership
42,5기통 450마력 앞세운 아우디 RS3..벤츠 A45 AMG에 ‘맞짱’,http://www.dailycar.co.kr/content/news.html?type=view&autoId=38469
43,"[언택트 人터뷰]업계 1위, 벤츠코리아 제품전략을 엿보다",http://autotimes.hankyung.com/apps/news.sub_view?popup=0&nid=03&c1=03&c2=03&c3=00&nkey=202009291219531
44,‘람보르기니·AMG’가 승합차를 만든다면?,http://www.thedrive.co.kr/news/newsview.php?ncode=1065587041572163
45,"뜨거운 해치백의 정석, BMW M135i",https://www.motortrendkorea.com/sub/view.html?no=4406&cate1Name=NEWCAR
46,"[시승기] 벤츠의 고성능 소형차 '싹쓰리', AMG A35·A45·CLA45S",http://www.digitaltoday.co.kr/news/articleView.html?idxno=241799
47,"벤츠도 디젤 배기가스 조작 혐의…C,E,R 클래스 100만대 대상",http://www.koreadaily.com/news/read.asp?art_id=5429010
48,벤츠 AMG vs 아우디 S·RS···8월 고성능 독일차 한판 승부,https://www.ebn.co.kr/news/view/1442939/?sc=Naver
49,"벤츠, 글로벌 판매 늘려라…'GLC·R클래스 위탁생산'",http://autotimes.hankyung.com/apps/news.sub_view?popup=0&nid=04&c1=04&c2=04&c3=00&nkey=201511271158061
50,"골프스타 ""명차에 푹 빠지다""",http://www.asiae.co.kr/news/view.htm?idxno=2018010507263163057
51,"내년 車 보험료, K3·포르쉐↓티볼리·디스커버리↑",http://www.sedaily.com/NewsView/1L5DU4XQSC
52,"르노삼성, '벤츠 심장' 이식한 '더 뉴 SM6' 출시…2401만 원부터",http://news.tf.co.kr/read/economy/1802116.htm
53,2019년 기해년 출시될 행운의 신차들⓵ 메르세데스-벤츠 A-클래스 & 7세대 BMW 3시리즈,http://www.seoulwire.com/news/articleView.html?idxno=39927
54,[카 라이프] 세바퀴 마차서 친환경 전기차로…벤츠 `최고의 품격` 잇는다,http://news.mk.co.kr/newsRead.php?no=412724&year=2020
55,뉴욕모터쇼 화제의 차,http://www.autotimes.co.kr/article_view.php?id=74785
56,"혼다코리아, CBR1000RR-R 파이어블레이드 출시",http://autotimes.hankyung.com/apps/news.sub_view?popup=0&nid=02&c1=02&c2=02&c3=00&nkey=202009281130201
57,21세기 첫 10년간 판매가 저조했던 車?,http://www.moneytoday.co.kr/view/mtview.php?type=1&no=2010011810453380052&outlink=1
58,"[2017 서울모터쇼] 벤츠코리아, E클래스 카브리올레·AMG GT-R 공개",http://www.sedaily.com/NewsView/1ODKLD8V69
59,하이브리드 카 '세계 전쟁' 막 올랐다,http://www.autotimes.co.kr/article_view.php?id=98240
60,외국엔 있는 국산차 한국엔 왜 없지?,http://www.heraldbiz.com/SITE/data/html_dir/2008/04/01/200804010007.asp
61,노출의 계절...컨버터블의 발칙한 속살 유혹,http://www.asiae.co.kr/news/view.htm?idxno=2010062210143775296
62,`2004 파리 모터쇼' 23일 개막,https://news.naver.com/main/read.naver?mode=LSD&mid=sec&sid1=103&oid=001&aid=0000771061
63,"까다로운 당신을 위한 차, 이 중에 꼭 있습니다",http://www.hankyung.com/news/app/newsview.php?aid=2012022059951
64,"지진에 토네이도까지… 車업계 ""떨고있니""",http://www.moneytoday.co.kr/view/mtview.php?type=1&no=2011042918594637299&outlink=1
65,유럽은 지금 '소형차大戰'‥디자인·성능 SUV급..크로스오버형 차 봇물,https://news.naver.com/main/read.naver?mode=LSD&mid=sec&sid1=101&oid=015&aid=0000744581
66,"메르세데스-벤츠 코리아, 마스크 판매처 알려주는 ‘마스크 맵’ 서비스",http://www.sentv.co.kr/news/view/571997
67,[2013 서울모터쇼 29일 개막] 올 트렌드는 소형차·다목적차…실용성이 대세,http://www.hankyung.com/news/app/newsview.php?aid=2013032843391
68,"벤츠 실라키스號, 코로나에 유종의 미 '빨간불'",http://news.bizwatch.co.kr/article/industry/2020/03/05/0011/naver
69,"""난 달라"" 수입차 틈새차종 속속 투입",https://news.naver.com/main/read.naver?mode=LSD&mid=sec&sid1=103&oid=001&aid=0005845127
70,[세계 자동차업계 '유럽 대혈전'] 한.일 공세에 유럽사 뼈깎는 원가절감,https://news.naver.com/main/read.naver?mode=LSD&mid=sec&sid1=101&oid=015&aid=0000745038
71,"벤츠코리아, MBUX 내비에 '마스크 맵' 서비스 제공",http://www.gpkorea.com/news/articleView.html?idxno=63539
72,"[2009 서울 모터쇼 개막] 마음껏 상상하라, 그 이상을 볼 것이다",http://www.hankyung.com/news/app/newsview.php?aid=2009040126851
73,2011년 최악의車? 한국서 잘나가는 그랜저 겨우…,http://news.donga.com/3/all/20120106/43136695/2
74,"푸조 HX1 컨셉트 모델, 608로 2014년 론칭",http://news.mk.co.kr/news_forward.php?no=676889&year=2011
75,"메르세데스벤츠코리아, 지난해 7만8133대 판매 '4년 연속 수입차 판매 1위 기록",http://www.sportsseoul.com/news/read/872256
76,"""벤츠 E클래스 잡는다"", 6년만에 확바뀐 '더 K9'",http://news1.kr/articles/?3279206
77,"""이번엔 A클""… 제네시스·BMW에 파상공세 나선 벤츠",http://moneys.mt.co.kr/news/mwView.php?no=2020020510358075842
78,메르세데스-벤츠코리아 신형 S클래스 출시…1억4550만~2억4350만원,http://it.chosun.com/news/article.html?no=2839584
79,"(키워드로 보는 세상)자살 안재환 ""편히 잠드소서""",http://www.imaeil.com/sub_news/sub_news_view.php?news_id=41943&yy=2008
80,비켜! SUV 달려! CUV,http://www.seoul.co.kr/news/newsView.php?id=20070903020006
81,"현대차, 미국 시장서 혼다 시빅에 밀려",https://news.naver.com/main/read.naver?mode=LSD&mid=sec&sid1=104&oid=001&aid=0001156142
82,"""벤츠, 글로벌 인력감축에도 한국선 감원 없다""",https://www.hankyung.com/economy/article/2020012925811
83,[시승기]2열 넉넉한 XM3 성공예감..벤츠 엔진 단 SUV 쿠페,http://www.edaily.co.kr/news/newspath.asp?newsid=03089766625702336
84,"年 8만대 시대 연다..메르세데스-벤츠, 신차 15종 출격(종합)",http://www.edaily.co.kr/news/newspath.asp?newsid=03650646625637720
85,"벤츠코리아, 마이바흐로 상위 1% 잡는다",http://autotimes.hankyung.com/apps/news.sub_view?popup=0&nid=02&c1=02&c2=02&c3=00&nkey=202001142026591
86,"잘나가는 메르세데스-벤츠, 올해도 1위 수성할까?",http://news.tf.co.kr/read/economy/1777614.htm
87,안방서 벤츠에 밀려… 제네시스의 앞날은?,http://moneys.mt.co.kr/news/mwView.php?no=2020032017348046749
88,"기아 '더 K9', 벤츠 E클래스 타깃 삼은 까닭",http://www.moneyweek.co.kr/news/mwView.php?type=1&no=2018040505368068026&outlink=1
89,"벤츠, 마이바흐 풀만 등 신차 15종 한국시장 투입 계획..‘주목’",http://www.dailycar.co.kr/content/news.html?type=view&autoId=35628
90,"실라키스 벤츠코리아 사장 ""한국서 감원 대신 충원…한국 스타트업과 협업 강화""",http://www.efnews.co.kr/news/articleView.html?idxno=82890
91,"벤츠코리아, 올해 신차 15종 쏟아낸다",http://autotimes.hankyung.com/apps/news.sub_view?popup=0&nid=03&c1=03&c2=03&c3=00&nkey=202001140935541
92,"[2017서울모터쇼] 벤츠, PHEV 'C클래스·GLC' 공개… 국내 공략 본격화",http://biz.newdaily.co.kr/news/article.html?no=10129174
93,CAR OF THE YEAR – 메르세데스-벤츠 A CLASS,http://www.gqkorea.co.kr/2019/11/22/car-of-the-year-%eb%a9%94%eb%a5%b4%ec%84%b8%eb%8d%b0%ec%8a%a4-%eb%b2%a4%ec%b8%a0/?utm_source=naver&utm_medium=partnership
94,"메르세데스-벤츠 코리아,'더 뉴 E-클래스'에 E 350d 추가",http://www.osen.co.kr/article/G1110611267
95,"메르세데스-벤츠 ‘더뉴 E클래스’, “향후 10년 지배할 기술적 쿠데타”",http://www.osen.co.kr/article/G1110445704
96,"벤츠, 사계절 오픈 드라이빙이 가능한 '더 뉴 C-클래스 카브리올레' 출시",http://www.fnnews.com/news/201612051047075903
97,"메르세데스-벤츠 '더뉴E클래스', 4000명에게 미리 보인다",http://www.osen.co.kr/article/G1110421347
98,[광고로 시장 읽기] 벤츠 E-클래스 “지능적으로 생각한다”,http://www.econovill.com/news/articleView.html?idxno=301384
99,"[2017 서울모터쇼]메르세데스-벤츠, 'E-클래스' 라인업 완성",http://www.asiatoday.co.kr/view.php?key=20170330010020432
100,"현대차, 미국 시장서 혼다 시빅에 밀려",https://news.naver.com/main/read.naver?mode=LSD&mid=sec&sid1=104&oid=001&aid=0001156142
101,"""벤츠, 글로벌 인력감축에도 한국선 감원 없다""",https://www.hankyung.com/economy/article/2020012925811
102,[시승기]2열 넉넉한 XM3 성공예감..벤츠 엔진 단 SUV 쿠페,http://www.edaily.co.kr/news/newspath.asp?newsid=03089766625702336
103,"年 8만대 시대 연다..메르세데스-벤츠, 신차 15종 출격(종합)",http://www.edaily.co.kr/news/newspath.asp?newsid=03650646625637720
104,"벤츠코리아, 마이바흐로 상위 1% 잡는다",http://autotimes.hankyung.com/apps/news.sub_view?popup=0&nid=02&c1=02&c2=02&c3=00&nkey=202001142026591
105,"벤츠, 올해 신차 9종·부분변경 6종 출시…“4년 연속 서비스 부문 1위”",http://www.segye.com/content/html/2020/01/14/20200114506445.html?OutUrl=naver
106,"잘나가는 메르세데스-벤츠, 올해도 1위 수성할까?",http://news.tf.co.kr/read/economy/1777614.htm
107,안방서 벤츠에 밀려… 제네시스의 앞날은?,http://moneys.mt.co.kr/news/mwView.php?no=2020032017348046749
108,"기아 '더 K9', 벤츠 E클래스 타깃 삼은 까닭",http://www.moneyweek.co.kr/news/mwView.php?type=1&no=2018040505368068026&outlink=1
109,"벤츠, 마이바흐 풀만 등 신차 15종 한국시장 투입 계획..‘주목’",http://www.dailycar.co.kr/content/news.html?type=view&autoId=35628
110,"메르세데스벤츠코리아, 2020년 신차 15종 출시로 수입차 1위 지킨다",http://www.ceoscoredaily.com/news/article.html?no=64908
111,"벤츠, 올해 신차 9종·부분변경 6종 출시…“4년 연속 서비스 부문 1위”",http://www.segye.com/content/html/2020/01/14/20200114506445.html?OutUrl=naver
112,"잘나가는 메르세데스-벤츠, 올해도 1위 수성할까?",http://news.tf.co.kr/read/economy/1777614.htm
113,안방서 벤츠에 밀려… 제네시스의 앞날은?,http://moneys.mt.co.kr/news/mwView.php?no=2020032017348046749
114,"기아 '더 K9', 벤츠 E클래스 타깃 삼은 까닭",http://www.moneyweek.co.kr/news/mwView.php?type=1&no=2018040505368068026&outlink=1
115,"벤츠, 마이바흐 풀만 등 신차 15종 한국시장 투입 계획..‘주목’",http://www.dailycar.co.kr/content/news.html?type=view&autoId=35628
116,"실라키스 벤츠코리아 사장 ""한국서 감원 대신 충원…한국 스타트업과 협업 강화""",http://www.efnews.co.kr/news/articleView.html?idxno=82890
117,"벤츠코리아, 올해 신차 15종 쏟아낸다",http://autotimes.hankyung.com/apps/news.sub_view?popup=0&nid=03&c1=03&c2=03&c3=00&nkey=202001140935541
118,"[2017서울모터쇼] 벤츠, PHEV 'C클래스·GLC' 공개… 국내 공략 본격화",http://biz.newdaily.co.kr/news/article.html?no=10129174
119,[분석+] 벤츠의 유별난 한국 사랑…구조조정에도 투자 '팍팍',https://www.hankyung.com/economy/article/202001158121g
120,안방서 벤츠에 밀려… 제네시스의 앞날은?,http://moneys.mt.co.kr/news/mwView.php?no=2020032017348046749
121,"기아 '더 K9', 벤츠 E클래스 타깃 삼은 까닭",http://www.moneyweek.co.kr/news/mwView.php?type=1&no=2018040505368068026&outlink=1
122,"벤츠, 마이바흐 풀만 등 신차 15종 한국시장 투입 계획..‘주목’",http://www.dailycar.co.kr/content/news.html?type=view&autoId=35628
123,"실라키스 벤츠코리아 사장 ""한국서 감원 대신 충원…한국 스타트업과 협업 강화""",http://www.efnews.co.kr/news/articleView.html?idxno=82890
124,"[종합] 올해 신차 15종 투입 공세 펼치는 벤츠 ""수입차 1위 수성할 것""",http://www.newspim.com/news/view/20200114000763
125,"벤츠코리아, 올해 '네트워크·서비스' 강화···""신차 15종 쏟아낸다""",http://www.seoulfn.com/news/articleView.html?idxno=368790
126,"벤츠코리아, 올해 신차 15종 쏟아낸다",http://autotimes.hankyung.com/apps/news.sub_view?popup=0&nid=03&c1=03&c2=03&c3=00&nkey=202001140935541
127,"[2017서울모터쇼] 벤츠, PHEV 'C클래스·GLC' 공개… 국내 공략 본격화",http://biz.newdaily.co.kr/news/article.html?no=10129174
128,[분석+] 벤츠의 유별난 한국 사랑…구조조정에도 투자 '팍팍',https://www.hankyung.com/economy/article/202001158121g
129,CAR OF THE YEAR – 메르세데스-벤츠 A CLASS,http://www.gqkorea.co.kr/2019/11/22/car-of-the-year-%eb%a9%94%eb%a5%b4%ec%84%b8%eb%8d%b0%ec%8a%a4-%eb%b2%a4%ec%b8%a0/?utm_source=naver&utm_medium=partnership
130,"벤츠, 올해 15종 국내 출시...""스타트업 발굴로 한국경제 공헌하고 수입차 1위 역할 할 것""",http://www.updownnews.co.kr/news/articleView.html?idxno=213707
131,"4년 연속 1위 벤츠 ""스타트업 발굴해 韓경제 이바지할 것""",http://www.newsis.com/view/?id=NISX20200114_0000887878&cID=13001&pID=13000
132,"벤츠코리아, 올해 신차 15종 쏟아낸다",http://autotimes.hankyung.com/apps/news.sub_view?popup=0&nid=03&c1=03&c2=03&c3=00&nkey=202001140935541
133,"[2017서울모터쇼] 벤츠, PHEV 'C클래스·GLC' 공개… 국내 공략 본격화",http://biz.newdaily.co.kr/news/article.html?no=10129174
134,[분석+] 벤츠의 유별난 한국 사랑…구조조정에도 투자 '팍팍',https://www.hankyung.com/economy/article/202001158121g
135,CAR OF THE YEAR – 메르세데스-벤츠 A CLASS,http://www.gqkorea.co.kr/2019/11/22/car-of-the-year-%eb%a9%94%eb%a5%b4%ec%84%b8%eb%8d%b0%ec%8a%a4-%eb%b2%a4%ec%b8%a0/?utm_source=naver&utm_medium=partnership
136,"메르세데스-벤츠 코리아,'더 뉴 E-클래스'에 E 350d 추가",http://www.osen.co.kr/article/G1110611267
137,"메르세데스-벤츠 ‘더뉴 E클래스’, “향후 10년 지배할 기술적 쿠데타”",http://www.osen.co.kr/article/G1110445704
138,"벤츠, 사계절 오픈 드라이빙이 가능한 '더 뉴 C-클래스 카브리올레' 출시",http://www.fnnews.com/news/201612051047075903
139,"메르세데스-벤츠 '더뉴E클래스', 4000명에게 미리 보인다",http://www.osen.co.kr/article/G1110421347
140,"벤츠코리아, 올해에만 신차 9종 선보인다",http://www.iminju.net/news/articleView.html?idxno=51369
141,"[2017서울모터쇼] 벤츠, PHEV 'C클래스·GLC' 공개… 국내 공략 본격화",http://biz.newdaily.co.kr/news/article.html?no=10129174
142,[분석+] 벤츠의 유별난 한국 사랑…구조조정에도 투자 '팍팍',https://www.hankyung.com/economy/article/202001158121g
143,"벤츠코리아 ""올해 신차 9종 등 출시… 수입차 1위 자리 지킬 것""",http://www.fnnews.com/news/202001141705445956
144,CAR OF THE YEAR – 메르세데스-벤츠 A CLASS,http://www.gqkorea.co.kr/2019/11/22/car-of-the-year-%eb%a9%94%eb%a5%b4%ec%84%b8%eb%8d%b0%ec%8a%a4-%eb%b2%a4%ec%b8%a0/?utm_source=naver&utm_medium=partnership
145,"메르세데스-벤츠 코리아,'더 뉴 E-클래스'에 E 350d 추가",http://www.osen.co.kr/article/G1110611267
146,"메르세데스-벤츠 ‘더뉴 E클래스’, “향후 10년 지배할 기술적 쿠데타”",http://www.osen.co.kr/article/G1110445704
147,"벤츠, 사계절 오픈 드라이빙이 가능한 '더 뉴 C-클래스 카브리올레' 출시",http://www.fnnews.com/news/201612051047075903
148,"벤츠 ""韓 스타트업와 미래 모빌리티 비전 공유""",http://www.etnews.com/20200114000183
149,"메르세데스-벤츠 '더뉴E클래스', 4000명에게 미리 보인다",http://www.osen.co.kr/article/G1110421347
150,"벤츠 ""올해 신차 9종 등 15차종 국내 출시..1위 지킨다""",http://www.fnnews.com/news/202001141352027757
151,"메르세데스-벤츠 코리아, 미래 모빌리티 비전, 전략을 밝히는 기자간담회 개최",http://www.hankookilbo.com/news/npath/202001141240044845?did=NA
152,CAR OF THE YEAR – 메르세데스-벤츠 A CLASS,http://www.gqkorea.co.kr/2019/11/22/car-of-the-year-%eb%a9%94%eb%a5%b4%ec%84%b8%eb%8d%b0%ec%8a%a4-%eb%b2%a4%ec%b8%a0/?utm_source=naver&utm_medium=partnership
153,"메르세데스-벤츠 코리아,'더 뉴 E-클래스'에 E 350d 추가",http://www.osen.co.kr/article/G1110611267
154,"메르세데스-벤츠 ‘더뉴 E클래스’, “향후 10년 지배할 기술적 쿠데타”",http://www.osen.co.kr/article/G1110445704
155,4년 연속 수입차 1위 ‘벤츠’…올해 신차 9종·부분 변경 6종 출시,http://sports.donga.com/3/all/20200114/99225571/3
156,"벤츠, 사계절 오픈 드라이빙이 가능한 '더 뉴 C-클래스 카브리올레' 출시",http://www.fnnews.com/news/201612051047075903
157,"벤츠 ""韓 스타트업와 미래 모빌리티 비전 공유""",http://www.etnews.com/20200114000183
158,"메르세데스-벤츠 '더뉴E클래스', 4000명에게 미리 보인다",http://www.osen.co.kr/article/G1110421347
159,[광고로 시장 읽기] 벤츠 E-클래스 “지능적으로 생각한다”,http://www.econovill.com/news/articleView.html?idxno=301384
160,"메르세데스-벤츠 코리아,'더 뉴 E-클래스'에 E 350d 추가",http://www.osen.co.kr/article/G1110611267
161,"메르세데스-벤츠 ‘더뉴 E클래스’, “향후 10년 지배할 기술적 쿠데타”",http://www.osen.co.kr/article/G1110445704
162,4년 연속 수입차 1위 ‘벤츠’…올해 신차 9종·부분 변경 6종 출시,http://sports.donga.com/3/all/20200114/99225571/3
163,"벤츠, 사계절 오픈 드라이빙이 가능한 '더 뉴 C-클래스 카브리올레' 출시",http://www.fnnews.com/news/201612051047075903
164,"메르세데스-벤츠, 올해 국내에 신차 15종 선보인다",http://www.ohmynews.com/NWS_Web/View/at_pg.aspx?CNTN_CD=A0002603838&CMPT_CD=P0010&utm_source=naver&utm_medium=newsearch&utm_campaign=naver_news
165,"'4년 연속 1위' 메르세데스-벤츠 코리아, 15종 쏟아내고 입지 굳히기",http://www.newsprime.co.kr/news/article.html?no=490104
166,"벤츠 ""韓 스타트업와 미래 모빌리티 비전 공유""",http://www.etnews.com/20200114000183
167,"메르세데스-벤츠 '더뉴E클래스', 4000명에게 미리 보인다",http://www.osen.co.kr/article/G1110421347
168,[광고로 시장 읽기] 벤츠 E-클래스 “지능적으로 생각한다”,http://www.econovill.com/news/articleView.html?idxno=301384
169,"[2017 서울모터쇼]메르세데스-벤츠, 'E-클래스' 라인업 완성",http://www.asiatoday.co.kr/view.php?key=20170330010020432
170,"메르세데스-벤츠 코리아, 2020년 미래 혁신 모빌리티 개척",http://www.electimes.com/article.php?aid=1578967289192850094
171,"메르세데스-벤츠 '더뉴E클래스', 4000명에게 미리 보인다",http://www.osen.co.kr/article/G1110421347
172,[광고로 시장 읽기] 벤츠 E-클래스 “지능적으로 생각한다”,http://www.econovill.com/news/articleView.html?idxno=301384
173,"[2017 서울모터쇼]메르세데스-벤츠, 'E-클래스' 라인업 완성",http://www.asiatoday.co.kr/view.php?key=20170330010020432
174,"메르세데스 벤츠, AMG GT 컨셉·AMG GT R 공개",http://www.sportsseoul.com/news/read/497264
175,제네시스 G70은 왜 벤츠 C클래스를 지목했을까,http://www.gpkorea.com/bbs/board.php?bo_table=gp_motorsports&wr_id=18320
176,"6년만에 풀체인지(완전변경) '더 K9' 판매돌입… ""가성비 앞세워 '벤츠 E-클래스' 잡는다""",http://www.kyeongin.com/main/view.php?key=20180403010001177
177,"벤츠, E 클래스 최상위 모델 '더 뉴 E 400 4MATIC' 출시",http://www.fnnews.com/news/201612221015283938
178,"[2017 서울모터쇼] 벤츠코리아, 친환경차 2종 출품...고성능차 AMG GT R 공개",http://biz.chosun.com/site/data/html_dir/2017/03/30/2017033002739.html
179,"벤츠 'S클래스', 수입 플래그십 최초 연간 판매량 1만 대 돌파",http://www.osen.co.kr/article/G1110323736
180,"6년만에 풀체인지(완전변경) '더 K9' 판매돌입… ""가성비 앞세워 '벤츠 E-클래스' 잡는다""",http://www.kyeongin.com/main/view.php?key=20180403010001177
181,"벤츠, E 클래스 최상위 모델 '더 뉴 E 400 4MATIC' 출시",http://www.fnnews.com/news/201612221015283938
182,"[2017 서울모터쇼] 벤츠코리아, 친환경차 2종 출품...고성능차 AMG GT R 공개",http://biz.chosun.com/site/data/html_dir/2017/03/30/2017033002739.html
183,"벤츠 'S클래스', 수입 플래그십 최초 연간 판매량 1만 대 돌파",http://www.osen.co.kr/article/G1110323736
184,내년 티볼리·SM6·벤츠C클래스 등 56개 모델 보험료 인상,http://www.asiatoday.co.kr/view.php?key=20161225010016662
185,"기아차 '더 K9' 차별화 포인트, 벤츠 S클래스 잡을까?",http://www.gpkorea.com/news/articleView.html?idxno=40269
186,"원조 컴팩트 SUV 르노 '캡처', 이번엔 벤츠 DNA 1.3 가솔린 터보로 승부",http://www.autodaily.co.kr/news/articleView.html?idxno=419010
187,"한국타이어, 벤츠 C클래스 PHEV에 신차용타이어 공급",http://www.mt.co.kr/view/mtview.php?type=1&no=2015092211052139210&outlink=1
188,"벤츠, 파리모터쇼에서 E클래스 올-터레인 등 30여종 출품",http://www.edaily.co.kr/news/newspath.asp?newsid=01584246612783400
189,[타 봤어요]'인공지능의 걸작' 벤츠 10세대 신형 E클래스,http://www.edaily.co.kr/news/newspath.asp?newsid=02010646612581680
190,[타 봤어요]'인공지능의 걸작' 벤츠 10세대 신형 E클래스,http://www.edaily.co.kr/news/newspath.asp?newsid=02010646612581680
191,내년 SM5·벤츠C클래스 보험료 오른다,http://www.mt.co.kr/view/mtview.php?type=1&no=2016122423124587185&outlink=1
192,"메르세데스-벤츠, 2016 파리모터쇼서 'E-클래스 올-터레인' 최초 공개",http://kr.aving.net/news/view.php?articleId=1371894&Branch_ID=kr&rssid=naver&mn_name=news
193,"벤츠, 파리모터쇼서 'E클래스 올-터레인' 등 30여종 전시",http://www.newspim.com/news/view/20160922000328
194,"BMW, 벤츠, 아우디, 폭스바겐, 랜드로버 등 유럽차 파격 프로모션",http://www.esquirekorea.co.kr/article/43675
195,"한국타이어, 벤츠 C클래스 PHEV 'C350e' 신차용 타이어 공급",http://www.osen.co.kr/article/G1110252293
196,"신차114 BMW,벤츠,아우디 7월 판매조건 프로모션 비공식할인 조회 장기렌트카 인기 요인은?",http://www.gukjenews.com/news/articleView.html?idxno=1152193
197,"베일 벗는 제네시스 G70 ""벤츠 C클래스와 맞붙겠다""",http://news.hankyung.com/article/2017090387321
198,"벤츠 코리아, 뉴 C-클래스 2종 출시",http://www.newstomato.com/ReadNews.aspx?no=583666
199,"벤츠 신형 E-클래스, 디젤도 들어왔다",http://sports.donga.com/3/all/20160821/79897084/3
200,"벤츠 코리아, 뉴 C-클래스 2종 출시",http://www.newstomato.com/ReadNews.aspx?no=583666
201,"벤츠 신형 E-클래스, 디젤도 들어왔다",http://sports.donga.com/3/all/20160821/79897084/3
202,“8년을 기다렸다” 벤츠 뉴 S클래스 출시,http://www.newspim.com/common/redirect.jsp?newsId=20131127000130
203,"메르세데스-벤츠, '더 뉴 S클래스' 출시",http://www.seoulfn.com/news/articleView.html?idxno=180610
204,[시승기] 메르세데스-벤츠 더 뉴 C클래스 ‘완전정복’,http://www.ajunews.com/view/20140701150722740
205,"'신차포유', 7월 신차할인 K5 K7 K9 제네시스G70 G80 벤츠e클래스 장기렌트카/자동차리스 특판 가격표 선보여",http://www.leaders.kr/news/articleView.html?idxno=70649
206,"벤츠, 신형 AMG-GT는 이런 모습?..2021년 출시 예정",http://www.dailycar.co.kr/content/news.html?type=view&autoId=35031
207,5기통 터보 적용한 해치백 아우디 RS3..벤츠 A45 S와 ‘격돌’,http://www.dailycar.co.kr/content/news.html?type=view&autoId=36181
208,드디어 모습 드러낸 제네시스 'G70' 20일 본격 판매… 경쟁차종은 벤츠C클래스·BMW 3시리즈,http://www.kyeongin.com/main/view.php?key=20170915010004815
209,"[사진]아시차 최초 공개된 벤츠 E클래스 쿠페-카리브올레, GT",http://www.mt.co.kr/view/mtview.php?type=1&no=2017033009561705142&outlink=1
210,"[사진]벤츠코리아, E클래스 쿠페-카브리올레 아시아 최총 공개",http://www.mt.co.kr/view/mtview.php?type=1&no=2017033009514829464&outlink=1
211,"메르세데스 벤츠, A클래스 부분 변경 모델 발표, 진정한 AMG 안 나왔다",http://www.kbench.com/?q=node/152298
212,"벤츠, 제네바모터쇼서 전기구동 '컨셉트 EQV' 최초 공개",http://news1.kr/articles/?3558712
213,"한국타이어, 벤츠 C클래스 PHEV에 타이어 공급",http://www.asiatoday.co.kr/view.php?key=20150922010014462
214,벤츠 C클래스에 도전장 낸 재규어 XE,http://news.khan.co.kr/kh_news/khan_art_view.html?artid=201508061259491&code=920508
215,[시승기] '믿고 타는' 벤츠 더 뉴 C클래스,http://www.newspim.com/common/redirect.jsp?newsId=20140702000427
216,8년만에 선보인 벤츠 뉴 S-클래스..럭셔리의 진수,http://www.newstomato.com/ReadNews.aspx?no=421880
217,"기아차, '스팅어' 제로백 '4.9초'…벤츠 'C클래스'보다 빨라",http://www.kpinews.co.kr/news/articleView.html?idxno=41960
218,"벤츠, S 클래스 '더 뉴 S63 AMG 4매틱 쿠페' 출시… 2억900만원",http://www.newsinside.kr/news/articleView.html?idxno=270342
219,메르세데스-벤츠 S-클래스 최상위모델 출시,http://news20.busan.com/controller/newsController.jsp?newsId=20140614000080
220,"한국타이어, 벤츠 ‘C클래스 플러그인 하이브리드’에 타이어 공급",http://biz.heraldcorp.com/view.php?ud=20150922000756
221,"메르세데스 벤츠, 7년만에 풀 체인지된 5세대 '더 뉴 C클래스' 출시",http://www.kbench.com/life/?no=134679&sc=1
222,럭셔리카 새 기준 ‘벤츠 뉴 S클래스’ 상륙,http://sports.donga.com/3/all/20131127/59186372/3
223,"벤츠, 신형 V클래스 인테리어 공개",http://autotimes.hankyung.com/apps/news.sub_view?popup=0&nid=04&c1=04&c2=04&c3=00&nkey=201310250645221
224,"벤츠, 더 뉴 E클래스 출시",http://sbscnbc.sbs.co.kr/read.jsp?pmArticleId=10000573442
225,"메르세데스-벤츠, 더뉴 E-클래스 쿠페 & 카브리올레 출시",http://www.sportsworldi.com/Articles/LeisureLife/Article.asp?aid=20130909022458&OutUrl=naver
226,벤츠 신형 E클래스 가격공개..디젤 하이브리드 장착,http://www.newspim.com/common/redirect.jsp?newsId=20130613000322
227,"벤츠 더 뉴 B클래스, 벤츠의 큰 엠블럼에 실용성과 착한 가격의 MLV",http://magazine.hankyung.com/money/apps/news?popup=0&nid=02&c1=2005&nkey=2013012200092070162&mode=sub_view
228,[서울모터쇼] 벤츠 'AMG GT-R' 공개… 스포츠감성 물씬,http://www.newscj.com/news/articleView.html?idxno=415105
229,"수입차 최초 7만대 돌파한 벤츠코리아, 만족없다...올해 14개 신차 출시",http://www.autodaily.co.kr/news/articleView.html?idxno=407126
230,[서울모터쇼] 벤츠 'AMG GT-R' 공개… 스포츠감성 물씬,http://www.newscj.com/news/articleView.html?idxno=415105
231,"수입차 최초 7만대 돌파한 벤츠코리아, 만족없다...올해 14개 신차 출시",http://www.autodaily.co.kr/news/articleView.html?idxno=407126
232,"벤츠 '뉴 E클래스' 8종 24일 출시, 가격은",http://www.segye.com/Articles/Car/NewCar/Article.asp?aid=20130613001570&subctg1=&subctg2=&OutUrl=naver
233,"수입차 거침없는 질주, 신차로 가속페달 밟는다...BMW i8, 벤츠 C63 AMG, 아우디 A1, 폭스바겐 골프R, 볼보 크로스컨트리, 지프 SUV 레니게이드...현대 올 뉴 투싼등 맞불",http://www.newsinside.kr/news/articleView.html?idxno=305755
234,"벤츠, 럭셔리 SUV ‘마이바흐 GLS’ 美서 생산 계획..왜?",http://www.dailycar.co.kr/content/news.html?type=view&autoId=32574
235,"벤츠, X6 라이벌 M-클래스 쿠페 모델 만든다",http://news.mk.co.kr/news_forward.php?no=483788&year=2011
236,"[모터그램] 기아-랜드로버-벤츠, 신차 출시...2020년형 스팅어 눈길",http://www.sisunnews.co.kr/news/articleView.html?idxno=104406
237,"메르세데스-벤츠 코리아, 더 세련된 ‘더 뉴 E 클래스’ 출시",http://www.sportsworldi.com/Articles/LeisureLife/Article.asp?aid=20130625025602&OutUrl=naver
238,"벤츠 견습생, 고성능 B클래스 만든다",http://news.mk.co.kr/news_forward.php?no=708698&year=2010
239,'투자가 선행돼야 성공도 있다'. 벤츠가 韓서 '최고'에 오를 수 있었던 이유는?,http://www.autodaily.co.kr/news/articleView.html?idxno=408114
240,"벤츠, 2017 서울모터쇼 통해 AMG GT 컨셉과 AMG GT-R 공개",http://news1.kr/photos/view/?2455431
241,"볼보 신형 S60 출시, C클래스·3시리즈 잡을 수 있을까",http://www.bizhankook.com/article/18415
242,"벤츠, 차세대 C클래스 북미서 생산",http://www.autotimes.co.kr/article_view.php?id=65507
243,"[취재] '재규어 XE' 9월 중 국내 출시, BMW 3시리즈와 벤츠 C클래스가 경쟁 모델",http://www.kbench.com/?q=node/153805
244,"재규어, 신형 XF로 벤츠 E클래스 따라잡나",http://autotimes.hankyung.com/apps/news.sub_view?popup=0&nid=03&c1=03&c2=03&c3=00&nkey=201602211455001
245,"'차량모델등급', 벤츠 C클래스 '웃고' BMW 5시리즈 '울고'",http://view.asiae.co.kr/news/view.htm?idxno=2015121711490678526
246,2012 메르세데스-벤츠 B클래스 첫 공개,http://news.mk.co.kr/news_forward.php?no=554794&year=2011
247,"2014 제네바 모터쇼, 포르쉐 BMW 벤츠 신형차 줄줄...혼다 '시빅 Type R 모델' 최초 공개",http://www.mediapen.com/news/articleView.html?idxno=21228
248,"애플사랑 종결車, 브라버스 튜닝 벤츠 S클래스",http://news.mk.co.kr/news_forward.php?no=181123&year=2011
249,"<AsiaNet> 메르세데스-벤츠, 2006년 뉴욕 국제 자동차 박람회에서 신세대 E-클래스",https://news.naver.com/main/read.naver?mode=LSD&mid=sec&sid1=104&oid=001&aid=0001270191
250,벤츠 A클래스 AMG 모델 스파이샷 포착,http://news.mk.co.kr/news_forward.php?domain=news&no=551446&year=2011
251,'슈퍼카 러쉬' 람보르기니 페라리 포르쉐 벤츠...주말 영암 스피드 전쟁,http://www.gpkorea.com/news/articleView.html?idxno=54811
252,"메르세데스 벤츠, S클래스의 최상급 모델, '더 뉴 S 600 L' 국내 출시",http://www.kbench.com/life/?no=134935&sc=1
253,"벤츠 코리아, 2015년형 E-클래스 국내 출시",http://www.newspim.com/common/redirect.jsp?newsId=20141121000250
254,브라버스 튜닝 벤츠 M-클래스 등장,http://news.mk.co.kr/news_forward.php?domain=news&no=766454&year=2011
255,"메르세데스 벤츠, 한층 더 업그레이드 된 '더 뉴 E클래스' 출시",http://www.kbench.com/life/?no=133490&sc=1
256,"[화보] 벤츠 S클래스, BMW 7시리즈 잡으러 왔다. EQ900의 모든 것",http://car.tvreport.co.kr/?c=news&m=newsview&idx=655270
257,[사진]'2010 EU올해의차' 최종후보- 벤츠 'E클래스',http://www.moneytoday.co.kr/view/mtview.php?type=1&no=2009110700270704791&outlink=1
258,"벤츠, C 클래스 9일 출시... ‘역동적인 디자인’",http://www.newspim.com/common/redirect.jsp?newsId=20110609000236
259,"벤츠, C 클래스 출시 4630만~5800만원",http://www.newspim.com/common/redirect.jsp?newsId=20110602000312
260,[시승기] 벤츠·BMW 긴장시킨 제네시스 G80 디젤,http://www.ekn.kr/news/article.html?no=371281
261,"피터 슈라이어 “신형 제네시스, 아우디 A6·벤츠 E클래스와 경쟁”",http://www.etoday.co.kr/news/section/newsview.php?idxno=828154
262,"벤츠, 302마력 고성능 소형 해치백 'AMG A35' 공개",http://www.gpkorea.com/news/articleView.html?idxno=44110
263,기아차의 미래 더 K9...벤츠와 BMW를 넘어라,http://www.ohmynews.com/NWS_Web/View/at_pg.aspx?CNTN_CD=A0002420690&CMPT_CD=P0010&utm_source=naver&utm_medium=newsearch&utm_campaign=naver_news
264,"제네시스 G70 출격··· BMW 3시리즈, 벤츠 C클래스 정조준",http://www.sedaily.com/NewsView/1OL1D65T22
265,"벤츠, 27일 S클래스 출시…1억2990만원부터",http://www.newspim.com/common/redirect.jsp?newsId=20131115000311
266,[2017 서울모터쇼] 완벽한 디자인으로 눈길 사로잡은 벤츠,http://www.econovill.com/news/articleView.html?idxno=311883
267,"메르세데스-벤츠 코리아, 사상 최대 규모로 서울모터쇼 참가",http://stoo.asiae.co.kr/news/naver_view.htm?idxno=2017033008493279871
268,"[2017 서울모터쇼] 메르세데스-벤츠, 압도적인 규모로 한국 시장 중요성 강조",http://www.ajunews.com/view/20170330104324339
269,현대차 야심작 제네시스 G70 출시…BMW 3시리즈·벤츠C클래스 등 럭셔리 세단과 전쟁,http://www.metroseoul.co.kr/news/newsview?newscd=2017091700036
270,"(서울모터쇼)벤츠, 미래비전 '메르세데스 미 커넥트’ 소개",http://www.newstomato.com/ReadNews.aspx?no=742455
271,"[2017 서울모터쇼] 메르세데스-벤츠, 압도적인 규모로 한국 시장 중요성 강조",http://www.ajunews.com/view/20170330104324339
272,현대차 야심작 제네시스 G70 출시…BMW 3시리즈·벤츠C클래스 등 럭셔리 세단과 전쟁,http://www.metroseoul.co.kr/news/newsview?newscd=2017091700036
273,메르세데스-벤츠 미국에 10억달러 투자…전기차 생산 위해,http://it.chosun.com/news/article.html?no=2840413
274,"벤츠 코리아 ""올해 신차 9종 및 신규 라인업 20여종 추가""",http://www.m-i.kr/news/articleView.html?idxno=380339
275,출시 앞둔 제네시스 G70 살펴보니 BMW·벤츠 경쟁모델에 주행 성능 앞서,http://www.consumernews.co.kr/?mod=news&act=articleView&idxno=520461
276,"'2인자' 벤츠, 컴팩트세단 'C클래스'로 젊은층 공략",http://news.etomato.com/pagelog/popup_log.asp?newsseq=164762
277,"[동영상뉴스] 서울모터쇼, 벤츠 BMW 토요타 수입차 향연",http://www.businesspost.co.kr/news/articleView.html?idxno=46141
278,"메르세데스-벤츠, 더 뉴 메르세데스-AMG C 63 카브리올레 출시",http://www.osen.co.kr/article/G1110608721
279,"메르세데스-벤츠, 서울 모터쇼서 메인-AMG관 운영",http://www.osen.co.kr/article/G1110604505
280,"[2017서울모터쇼] 벤츠, 아시아 최초 등 8종 전시… 역대 최다",http://www.ebn.co.kr/news/view/884390
281,"메르세데스-벤츠, 더 뉴 메르세데스-AMG C 63 카브리올레 출시",http://www.osen.co.kr/article/G1110608721
282,"메르세데스-벤츠, 서울 모터쇼서 메인-AMG관 운영",http://www.osen.co.kr/article/G1110604505
283,벤츠·BMW·재규어·혼다·포르쉐 등 수입차 “연말 소비자 心 잡아라” 총력,http://www.econovill.com/news/articleView.html?idxno=303899
284,"[서울모터쇼] 벤츠, 스포츠카 성능의 PHEV 콘셉트카 공개",http://app.yonhapnews.co.kr/YNA/Basic/SNS/r.aspx?c=AKR20170330041600003&did=1195m
285,"[車랑茶랑] 메르세데스 벤츠 GLE, 진격의 9단 초심의 9단",http://www.osen.co.kr/article/G1110498774
286,"메르세데스-벤츠, 더 뉴 E 400 4MATIC 출시",http://www.osen.co.kr/article/G1110556061
287,"재규어, 벤츠 'C클래스'·BMW '3시리즈' 경쟁 'XE' 공식 데뷔",http://www.osen.co.kr/article/G1110217741
288,"한국에선 절대 만날 수 없는 토요타, 벤츠, 폭스바겐 차들 [도쿄 오토 살롱 2017 ②]",http://www.hankookilbo.com/v/72deaa33b71043a0a9e093c61306ffba
289,메르세데스-AMG가 공개한 핫해치 A 35..골프 R과 경쟁,http://www.dailycar.co.kr/content/news.html?type=view&autoId=31083
290,"[車랑茶랑] 메르세데스 벤츠 GLE, 진격의 9단 초심의 9단",http://www.osen.co.kr/article/G1110498774
291,"[서울모터쇼] 메르세데스-벤츠, ‘빅2’ 저력 발휘…역대 최대규모 전시장",http://www.viva100.com/main/view.php?key=20170330010010474
292,"메르세데스-벤츠, 더 뉴 E 400 4MATIC 출시",http://www.osen.co.kr/article/G1110556061
293,"재규어, 벤츠 'C클래스'·BMW '3시리즈' 경쟁 'XE' 공식 데뷔",http://www.osen.co.kr/article/G1110217741
294,"한국에선 절대 만날 수 없는 토요타, 벤츠, 폭스바겐 차들 [도쿄 오토 살롱 2017 ②]",http://www.hankookilbo.com/v/72deaa33b71043a0a9e093c61306ffba
295,메르세데스-AMG가 공개한 핫해치 A 35..골프 R과 경쟁,http://www.dailycar.co.kr/content/news.html?type=view&autoId=31083
296,"벤츠, 파리모터쇼서 전기차 `마이바흐 6` 등 30종 선뵈",http://www.gpkorea.com/bbs/board.php?bo_table=gp_motorsports&wr_id=15947
297,"[2017서울모터쇼]벤츠, 고성능 PHEV 공개 ""스포츠카? 친환경차?""",http://www.mediapen.com/news/view/251524
298,"벤츠 45년만의 4인승 오픈탑, 카브리올레 출시",http://www.sporbiz.co.kr/news/articleView.html?idxno=42218
299,메르세데스-벤츠 '뉴 C200 AMG라인' 국내출시… 가격은?,http://www.newscj.com/news/articleView.html?idxno=382380
300,메르세데스-벤츠 '뉴 C200 AMG라인' 국내출시… 가격은?,http://www.newscj.com/news/articleView.html?idxno=382380
301,"[최기성의 허브車]애인에게 바라는 車 ‘남자는 벤츠, 여자는 미니’",http://news.mk.co.kr/newsRead.php?year=2016&no=508744
302,뉴K5·코란도C·벤츠C 등 56종 車보험료 오른다,http://www.finomy.com/news/articleView.html?idxno=41900
303,"벤츠, '2016년 파리모터쇼'에서 전기차 '마이바흐 6' 최초 공개..총 30여종 모델 출품",http://www.fnnews.com/news/201609221155533346
304,7년만에 풀체인지 '신형 E 클래스' 첫선.. 가격 6550만~7800만원,http://www.kbench.com/?q=node/163298
305,[남의 車를 탐하라④] 눈팅족 ‘BMW·벤츠’ 구매자 ‘그랜저·모닝’,http://www.econovill.com/news/articleView.html?idxno=306791
306,"한국타이어, 벤츠 PHEV 모델에 신차용타이어 공급",http://www.edaily.co.kr/news/newspath.asp?newsid=02233686609502744
307,"벤츠 심장 단 큐30, 부드럽지만 야성적",http://www.ohmynews.com/NWS_Web/View/at_pg.aspx?CNTN_CD=A0002320120
308,"[2017 서울모터쇼] 메르세데스-벤츠, 역대 최대규모 참가",http://www.ajunews.com/view/20170330084853084
309,"[2017서울모터쇼]벤츠, 메르세데스-AMG GT 콘셉트 등 슈퍼카로 시선 압도",http://www.dailian.co.kr/news/view/622358/?sc=naver
310,"[2017서울모터쇼]벤츠, 메르세데스-AMG GT 콘셉트 등 슈퍼카로 시선 압도",http://www.dailian.co.kr/news/view/622358/?sc=naver
311,"메르세데스-벤츠, 2016 파리모터쇼서 전기차 비전 제시",http://www.zdnet.co.kr/ArticleView.asp?artice_id=20160922135230
312,"한국타이어, 벤츠 플러그인 하이브리드에 신차용 타이어 공급하며 미래 친환경 드라이빙 동행",http://www.siminilbo.co.kr/news/articleView.html?idxno=414825
313,"한국타이어, 벤츠 플러그인 하이브리드에 신차용 타이어 공급",http://view.asiae.co.kr/news/view.htm?idxno=2015092211203585691
314,[서울모터쇼] 벤츠만 봐도 `모터쇼 본전` 뽑겠네…8개 차종 최초 공개,http://news.mk.co.kr/newsRead.php?&year=2017&no=217034
315,[베일벗은 G70] 3시리즈ㆍC-클래스 잡겠다…3750만~5230만원 출시,http://news.heraldcorp.com/view.php?ud=20170901000802
316,"제네시스 럭셔리 중형차 'G70' 첫선…""벤츠C·BMW3 나와라""",http://app.yonhapnews.co.kr/YNA/Basic/SNS/r.aspx?c=AKR20170903003300003&did=1195m
317,벤츠 SUV '더 뉴 GLC' 유로엔캡 안전평가 '최우수',http://www.newscj.com/news/articleView.html?idxno=333611
318,"메르세데스-벤츠, 안전장치 ‘ESP’ 개발 20주년 기념",http://www.newsway.co.kr/view.php?tp=1&ud=2015102915153657900
319,"[서울 모터쇼] E43 4매틱, E클래스 라인업 새로 추가…고성능 브랜드 AMG 전시관 별도 마련",http://www.hankyung.com/news/app/newsview.php?aid=2017033000331
320,"제네시스 럭셔리 중형차 'G70' 첫선…""벤츠C·BMW3 나와라""",http://app.yonhapnews.co.kr/YNA/Basic/SNS/r.aspx?c=AKR20170903003300003&did=1195m
321,벤츠 SUV '더 뉴 GLC' 유로엔캡 안전평가 '최우수',http://www.newscj.com/news/articleView.html?idxno=333611
322,"메르세데스-벤츠, 안전장치 ‘ESP’ 개발 20주년 기념",http://www.newsway.co.kr/view.php?tp=1&ud=2015102915153657900
323,"[서울 모터쇼] E43 4매틱, E클래스 라인업 새로 추가…고성능 브랜드 AMG 전시관 별도 마련",http://www.hankyung.com/news/app/newsview.php?aid=2017033000331
324,"다임러, 벤츠·밴 다카다 에어백 결함으로 84만여대 리콜",http://biz.chosun.com/site/data/html_dir/2016/02/10/2016021000904.html
325,"[모터쇼]벤츠, 크로스오버·SUV·컨버터블 등 다양한 차종 내놔",http://autotimes.hankyung.com/apps/news.sub_view?popup=0&nid=07&c1=07&c2=07&c3=00&nkey=201609291610241
326,"[별별★자동차] 임팔라 돌풍, 아반떼·더넥스트스파크·싼타페 '베스트셀링카' 약진 국산차 부활 이끈다! 티볼리·쏘렌토·K5·투싼·카니발·스포티지도 선전...수입차는 재규어 XE·BMW5·벤츠·아우디A6··폭스바겐 골프·티구안·렉서스 ES 인기",http://www.starseoultv.com/news/articleView.html?idxno=342796
327,"[서울모터쇼]메르세데스-벤츠, AMG GT 및 플러그-인 하이브리드 공개",http://news.mk.co.kr/newsRead.php?&year=2017&no=215835
328,"한국타이어, 벤츠 'C350e' 모델에 타이어 공급",http://www.m-i.kr/news/articleView.html?idxno=189273
329,갖고 싶은 이 차… 벤츠 '더 뉴 C 200 AMG Line' 출시,http://www.sportsworldi.com/content/html/2016/10/24/20161024000958.html?OutUrl=naver
330,"한국타이어, 벤츠 플러그인 하이브리드에 타이어 공급",http://www.newstomato.com/ReadNews.aspx?no=586931
331,갖고 싶은 이 차… 벤츠 '더 뉴 C 200 AMG Line' 출시,http://www.sportsworldi.com/content/html/2016/10/24/20161024000958.html?OutUrl=naver
332,메르세데스-벤츠 최고급 모델 '더 뉴 S 600 Long' 출시,http://www.sportsworldi.com/content/html/2014/06/13/20140613001588.html?OutUrl=naver
333,BWM·벤츠에 정면 승부 아우디폭스바겐…중형세단 전쟁,http://www.newstomato.com/ReadNews.aspx?no=641448
334,"벤츠 GLC, NCAP 안전성 평가서 최고 등급 획득",http://www.newstomato.com/ReadNews.aspx?no=624731
335,[시승기] 빠르고 안락한 'G70'…BMW3·벤츠C에 도전장,http://app.yonhapnews.co.kr/YNA/Basic/SNS/r.aspx?c=AKR20170920170200003&did=1195m
336,제네시스 럭셔리 중형차 'G70' 출시…벤츠C·BMW3와 경쟁(종합),http://app.yonhapnews.co.kr/YNA/Basic/SNS/r.aspx?c=AKR20170915063251003&did=1195m
337,벤츠 ESP® 개발 20주년…안전의 기준 바꾸다,http://sports.donga.com/3/all/20151029/74491214/3
338,"벤츠의 오픈카, 오픈탑 더 뉴 메르세데스-AMG S 63 4MATIC 카브리올레 출시",http://www.sportsworldi.com/content/html/2016/08/17/20160817001522.html?OutUrl=naver
339,"메르세데스벤츠, 마이바흐 4륜구동 모델 출시…2.3억원",http://news1.kr/articles/?2490901
340,"벤츠의 오픈카, 오픈탑 더 뉴 메르세데스-AMG S 63 4MATIC 카브리올레 출시",http://www.sportsworldi.com/content/html/2016/08/17/20160817001522.html?OutUrl=naver
341,"메르세데스벤츠, 마이바흐 4륜구동 모델 출시…2.3억원",http://news1.kr/articles/?2490901
342,"벤츠 코리아, 마이바흐 S 라인업에 사륜구동 모델 추가",http://www.kookje.co.kr/news2011/asp/newsbody.asp?code=0200&key=20151118.99002114139
343,[신차앤조이] 메르세데스-벤츠 쿠페의 '끝판왕' '더 뉴 S 63 AMG 4MATIC 쿠페',http://www.ajunews.com/view/20141016113541526
344,"메르세데스-벤츠, 고성능 '더 뉴 A 45 AMG 4매틱' 국내 출시… 가격은?",http://www.newscj.com/news/articleView.html?idxno=277403
345,"벤츠 코리아, 더 뉴 C 250 블루텍 4MATIC 출시",http://www.newspim.com/common/redirect.jsp?newsId=20141216000475
346,"[별별★자동차] 수입차 450여종, 성능·디자인·가격으로 승부한다! [벤츠 AMG, BMW 뉴3, 뉴아우디 A6·A7, 폭스바겐 골프, 혼다 뉴레전드, 시트로엥 C4피카소, 크라이슬러200, 재규어XE, 볼보 XC60, 렉서스 올뉴ES, 인피니티 Q50S에센스, 포드 올뉴몬데오 연비, 가격]",http://www.starseoultv.com/news/articleView.html?idxno=347723
347,‘그놈이 온다’…신형 E클래스 6월 출격,http://news.heraldcorp.com/view.php?ud=20160510000785
348,"[기업브리핑] 한국타이어, 벤츠 PHEV 신차용 타이어 공급外",http://www.consumernews.co.kr/?mod=news&act=articleView&idxno=505633
349,"한국타이어, 벤츠 'C350e' 모델에 신차용 타이어 공급",http://www.hg-times.com/news/articleView.html?idxno=96527
350,"한국타이어, 벤츠 PHEV 신차 타이어 공급",http://www.ekn.kr/news/article.html?no=167905
351,'BMW·벤츠·폭스바겐·아우디'…하반기 수입차 왕좌는?,http://www.it.co.kr/news/article.html?no=2803900
352,"벤츠, 엔트리급 디젤 ‘The New C 200d’ 출시",http://sports.donga.com/3/all/20150716/72522503/3
353,"메르세데스-벤츠 코리아, 더 뉴 C 200 d 출시",http://www.sportsworldi.com/content/html/2015/07/15/20150715003812.html?OutUrl=naver
354,"메르세데스 벤츠, 프리-세이프(PRE-SAFE®) 기술 개발 15주년",http://biz.heraldcorp.com/view.php?ud=20140723000819
355,"효율적이지만 더 역동적으로…메르세데스 벤츠, “콤팩트 세그먼트 강화한다”",http://biz.heraldcorp.com/view.php?ud=20140224000892
356,"벤츠 CLS 250 CDI, 소유욕을 자극하다",http://www.mt.co.kr/view/mtview.php?type=1&no=2014032010225079582&outlink=1
357,"다임러, 벤츠·밴 84만대 리콜…다카다 에어백 결함",http://www.etnews.com/20160210000050
358,"[CAR]빨리 팔린 차? 국산 ‘K3’ 17일, 수입 ‘E클래스’ 19일 기록",http://news.donga.com/3/all/20150425/70904968/1
359,Brand Story | 메르세데스-벤츠,http://www.outdoornews.co.kr/news/articleView.html?idxno=11937
360,"한국타이어, 벤츠 C350e에 신차용 타이어 공급",http://www.ebn.co.kr/news/view/791894
361,"벤츠 CLS 250 CDI, 소유욕을 자극하다",http://www.mt.co.kr/view/mtview.php?type=1&no=2014032010225079582&outlink=1
362,"다임러, 벤츠·밴 84만대 리콜…다카다 에어백 결함",http://www.etnews.com/20160210000050
363,"[CAR]빨리 팔린 차? 국산 ‘K3’ 17일, 수입 ‘E클래스’ 19일 기록",http://news.donga.com/3/all/20150425/70904968/1
364,Brand Story | 메르세데스-벤츠,http://www.outdoornews.co.kr/news/articleView.html?idxno=11937
365,"메르세데스-벤츠 코리아, '럭셔리 세단의 끝' 더 뉴 S600 롱 출시",http://www.ajunews.com/view/20140613093538620
366,[세기의 車 디자이너] 12. 벤츠의 ‘젊은 사령관’ 고든 바그너,http://www.khan.co.kr/kh_news/art_view.html?artid=201304161635452&code=920508
367,한국타이어 벤츠C클라스 신차 타이어 공급,http://www.daejonilbo.com/news/newsitem.asp?pk_no=1187192
368,"[단독] 벤츠가 설계한 쌍용차 창원공장, 20년만에 베일 벗는다",http://www.newspim.com/common/redirect.jsp?newsId=20150608000124
369,"베일 벗은 제네시스 G70 ""C클래스 등 독일 프리미엄과 경쟁""",http://www.newsprime.co.kr/news/article.html?no=386813
370,"메르세데스-벤츠 코리아, '럭셔리 세단의 끝' 더 뉴 S600 롱 출시",http://www.ajunews.com/view/20140613093538620
371,[세기의 車 디자이너] 12. 벤츠의 ‘젊은 사령관’ 고든 바그너,http://www.khan.co.kr/kh_news/art_view.html?artid=201304161635452&code=920508
372,한국타이어 벤츠C클라스 신차 타이어 공급,http://www.daejonilbo.com/news/newsitem.asp?pk_no=1187192
373,"한국타이어, 벤츠 플러그인 하이브리드에 신차용 타이어 공급",http://news.kukinews.com/article/view.asp?arcid=0009884899&code=41172011&cp=nv
374,"[단독] 벤츠가 설계한 쌍용차 창원공장, 20년만에 베일 벗는다",http://www.newspim.com/common/redirect.jsp?newsId=20150608000124
375,"베일 벗은 제네시스 G70 ""C클래스 등 독일 프리미엄과 경쟁""",http://www.newsprime.co.kr/news/article.html?no=386813
376,"재규어랜드로버, 가볍고 강력한 세단 'XE' 9월 출시…벤츠·BMW와 경쟁",http://biz.chosun.com/site/data/html_dir/2015/07/08/2015070801562.html
377,"벤츠, 유로 앤캡 안전부문 수상",http://www.ajnews.co.kr/uhtml/read.jsp?idxno=201010252126454710132
378,[시승기] 서래마을 20대 여성들이 '벤츠 GLK' 보면서 내뱉은 말이···,http://www.hankyung.com/news/app/newsview.php?aid=201209241878g
379,"[시승기]재규어 XE, 3시리즈·C클래스, A4의 새로운 대안",http://car.donga.com/3/all/20150828/73310537/1
380,[시승기] 서래마을 20대 여성들이 '벤츠 GLK' 보면서 내뱉은 말이···,http://www.hankyung.com/news/app/newsview.php?aid=201209241878g
381,"[시승기]재규어 XE, 3시리즈·C클래스, A4의 새로운 대안",http://car.donga.com/3/all/20150828/73310537/1
382,"BMW모토라드, 신형 R 나인T 시리즈 3종 출시",http://autotimes.hankyung.com/apps/news.sub_view?popup=0&nid=02&c1=02&c2=02&c3=00&nkey=201708081144401
383,벤츠·BMW 국내서 소형차로 승부수..왜?,http://www.fnnews.com/view?ra=Sent0601m_01A&corp=fnnews&arcid=201204300100254070015964&cDateYear=2012&cDateMonth=05&cDateDay=01&
384,벤츠는 온라인 판매 시작했는데 국산차는 안하는 이유는,http://biz.chosun.com/site/data/html_dir/2013/12/04/2013120402645.html
385,"<AsiaNet> 메르세데스벤츠, 상하이 자동차박람회에 4개 신 모델 출품",https://news.naver.com/main/read.naver?mode=LSD&mid=sec&sid1=104&oid=001&aid=0000983054
386,"벤츠, 국내 최초 디젤 하이브리드 E300 블루텍 출시",http://www.newspim.com/common/redirect.jsp?newsId=20131106000278
387,"[프랑크푸르트모터쇼] BMW·벤츠, 최고급 전기차로 승부",http://biz.chosun.com/site/data/html_dir/2013/09/10/2013091002856.html
388,"벤츠, 미국서 5개 디젤 모델 리콜",https://news.naver.com/main/read.naver?mode=LSD&mid=sec&sid1=101&oid=003&aid=0004140856
389,"신형 제네시스, BMW·벤츠 잡을 공격 무기는?",http://news.mk.co.kr/news_forward.php?domain=news&no=1298869&year=2013
390,"신형 제네시스, BMW·벤츠 잡을 공격 무기는?",http://news.mk.co.kr/news_forward.php?domain=news&no=1298869&year=2013
391,개별소비세 인하… 벤츠 등 최대 440만원 할인,http://www.newscj.com/news/articleView.html?idxno=305508
392,"수입차들의 기습, 3000만 원대로 벤츠를 살 수 있다?",http://www.osen.co.kr/article/G1109487000
393,"재규어, BMW·벤츠·아우디 '독일차 빅3'에 도전장",http://www.it.co.kr/news/article.html?no=2805269
394,‘더 뉴 제너레이션 CLS 클래스’…완성형 4도어 쿠페를 보다,http://car.donga.com/3/all/20141218/68623154/2
395,"[모터쇼]혼다 시빅 타입-R, 공도가 트랙으로 바뀌는 마법",http://autotimes.hankyung.com/apps/news.sub_view?popup=0&nid=07&c1=07&c2=07&c3=00&nkey=201703071829521
396,[The Test]메르세데스벤츠 ‘GLK 220CDI’-현대차 ‘싼타페 더 스타일’ 타보니,http://www.donga.com/fbin/output?n=200908180019
397,"그랜저 디젤 세단 누적계약 3000대, 벤츠·BMW와 맞짱",http://www.etoday.co.kr/news/section/newsview.php?idxno=955493
398,"[현장] 재규어·랜드로버 '올 뉴 XF', BMW·벤츠에 도전장",http://www.newscj.com/news/articleView.html?idxno=334662
399,"테크아트, 720마력 포르쉐 GT스트리트R 제네바에 출격",http://autotimes.hankyung.com/apps/news.sub_view?popup=0&nid=07&c1=07&c2=07&c3=00&nkey=201702200919041
400,"[현장] 재규어·랜드로버 '올 뉴 XF', BMW·벤츠에 도전장",http://www.newscj.com/news/articleView.html?idxno=334662
401,"테크아트, 720마력 포르쉐 GT스트리트R 제네바에 출격",http://autotimes.hankyung.com/apps/news.sub_view?popup=0&nid=07&c1=07&c2=07&c3=00&nkey=201702200919041
402,현대차 제네시스 JD파워 1위… 벤츠·BMW·렉서스 제쳐,http://www.etoday.co.kr/news/section/newsview.php?idxno=750366
403,"[시승기] 뉴 GLK 클래스…꼬불꼬불 한티재, 한쪽 쏠림 느낌없이 '가뿐'",http://www.imaeil.com/sub_news/sub_news_view.php?news_id=59711&yy=2012
404,"기아차 ""K7·K9, 벤츠와 비교해 보세요""",http://www.kookje.co.kr/news2011/asp/newsbody.asp?code=0200&key=20130828.22014201429
405,[스마트클라우드쇼] 벤츠 디젤 하이브리드 국내 최초 공개,http://biz.chosun.com/site/data/html_dir/2013/08/02/2013080202083.html
406,"[시승기] ""벤츠·BMW 잡으러 왔다""...재규어의 야심작 XE",http://www.newspim.com/common/redirect.jsp?newsId=20150831000012
407,[시승기]디젤로 심장바꾼 'B클래스'…주차도 알아서 '척척',http://biz.chosun.com/site/data/html_dir/2012/04/19/2012041903267.html
408,"센 녀석이 나타났다…바람 난 '베스트셀링카', 폭스바겐 골프 R",http://www.outdoornews.co.kr/news/articleView.html?idxno=18132
409,4도어 쿠페 벤츠 ‘뉴 CLS 350’ 국내 출시,http://www.fnnews.com/view?ra=Sent0601m_01A&corp=fnnews&arcid=110822110302&cDateYear=2011&cDateMonth=08&cDateDay=22&
410,"볼보 S60 T6 R-Design, 최고 306마력의 힘… 디자인·안전성도 매력",https://news.naver.com/main/read.naver?mode=LSD&mid=sec&sid1=101&oid=011&aid=0002669791
411,[CAR & BRAND]시승기/‘벤츠 E350 아방가르드’ 外,http://news.donga.com/3/all/20091023/23610468/1
412,"벤츠, 파리모터쇼 전시 차량 공개",https://news.naver.com/main/read.naver?mode=LSD&mid=sec&sid1=101&oid=001&aid=0000765305
413,“i40-E클래스 타고 고향 다녀오세요”,http://news.donga.com/3/all/20120910/49292248/1
414,[사진]2010유럽 카오브더이어- 벤츠,http://www.moneytoday.co.kr/view/mtview.php?type=1&no=2009062501081351402&outlink=1
415,"재규어, 프리미엄 콤팩트 세단 `XE` 내달 출시…3시리즈·C클래스와 격돌",http://www.etnews.com/20150806000176
416,[수입차 쾌속 질주] 폭스바겐 '골프R',https://news.naver.com/main/read.naver?mode=LSD&mid=sec&sid1=101&oid=011&aid=0002712011
417,‘아이패드+벤츠’…시속 350km 튜닝카 나왔다,http://mnm.seoul.co.kr/news/newsView.php?id=20110321040007
418,아우디 BMW 벤츠 등 외제차 자차보험료 10% 인상,http://sports.chosun.com/news/ntype.htm?id=201303120100068150005733&servicedate=20130311
419,[한-EU FTA효과]벤츠 최대 2000만원 가격 인하 기대,http://www.asiae.co.kr/news/view.htm?idxno=2010100616253382236
420,[한-EU FTA효과]벤츠 최대 2000만원 가격 인하 기대,http://www.asiae.co.kr/news/view.htm?idxno=2010100616253382236
421,[시승기] 안전한 볼보에서 잘 달리는 볼보로…S60 T5 R디자인,http://biz.chosun.com/site/data/html_dir/2014/11/30/2014113001476.html
422,전 세계 300대 한정…벤틀리 신형 '컨티넨탈 GT3-R',http://news.sbs.co.kr/news/endPage.do?news_id=N1002910905&plink=ORI&cooper=NAVER
423,"한국타이어, 벤츠 PHEV모델에 신차용타이어 공급",http://www.metroseoul.co.kr/news/newsview?newscd=2015092200085
424,"'베일벗은' 제네시스 G70…""벤츠C 보다 고급스럽고·BMW3 보다 주행성능 앞설것""",http://www.metroseoul.co.kr/news/newsview?newscd=2017090300065
425,[신차분석] 메르세데스-벤츠 `S500 4매틱 롱`,http://www.dt.co.kr/contents.html?article_no=2007012902011332614003
426,"[카테크] 지상으로 내려온 퍼스트 클래스, 체어맨W",http://www.ebuzz.co.kr/content/buzz_view.html?ps_ccid=67589
427,"[시승기] ""골프보다 한수 위"" 시로코 R라인 타보니…",http://biz.chosun.com/site/data/html_dir/2012/02/07/2012020700942.html
428,"현대차 투싼ix·기아차 스포티지R, 국제 환경인증",http://www.kyongbuk.co.kr/main/news/news_content.php?id=506314&news_area=050&news_divide=05010&news_local=&effect=4
429,"현대차 투싼ix, 기아차 스포티지R 국제 환경인증 획득",http://www.segye.com/Articles/NEWS/ECONOMY/Article.asp?aid=20100913001565&subctg1=&subctg2=
430,'투싼ix·스포티지R' 獨서 국제 환경인증 획득,http://www.moneytoday.co.kr/view/mtview.php?type=1&no=2010091311072118266&outlink=1
431,"시속 440km, 코닉세그 슈퍼카 `아제라R`",http://www.edaily.co.kr/news/newspath.asp?newsid=01141446599500384
432,"기아차 스포티지R, 세계 곳곳서 '올해의 SUV' 선정",http://www.segye.com/Articles/NEWS/ECONOMY/Article.asp?aid=20101201001755&subctg1=&subctg2=
433,쏘렌토Rㆍi20ㆍi30ㆍ스타렉스 '2010 호주 최고의 차',https://news.naver.com/main/read.naver?mode=LSD&mid=sec&sid1=101&oid=011&aid=0002114204
434,[모토 포커스]2010 올해의 트럭-스카니아 `뉴R시리즈`,http://www.etnews.co.kr/news/detail.html?id=201004280224
435,독일 자율 이동 로봇 도입 동향,http://robotzine.co.kr/entry/259537
436,(시승기)폭발적 힘에 안전성까지···쏘렌토R,http://www.edaily.co.kr/news/newspath.asp?newsid=01689206589686296
437,"[시승기]쏘렌토R ""주문량 넘치는 인기 비밀은...""",http://www.asiae.co.kr/uhtml/read.jsp?idxno=2009042611211513286
438,슈퍼 드래그 최고 클래스 한상우 우승,http://www.autotimes.co.kr/article_view.php?id=34374
439,"독일, 자율 이동 로봇, 코로나 19 위기를 틈타 본격 성장궤도 진입",http://dream.kotra.or.kr/kotranews/cms/news/actionKotraBoardDetail.do?SITE_NO=3&MENU_ID=180&CONTENTS_NO=1&bbsGbn=243&bbsSn=243&pNttSn=193184
440,[포토]코닉세그 `아제라R` 판타스틱한 옆모습,http://www.edaily.co.kr/news/newspath.asp?newsid=01151286599500384
441,"기아차 스포티지R, 세계 곳곳서 '올해의 SUV' 선정",http://www.segye.com/Articles/NEWS/ECONOMY/Article.asp?aid=20101201001755&subctg1=&subctg2=
442,쏘렌토Rㆍi20ㆍi30ㆍ스타렉스 '2010 호주 최고의 차',https://news.naver.com/main/read.naver?mode=LSD&mid=sec&sid1=101&oid=011&aid=0002114204
443,"투싼ix·스포티지R, 유럽서 '친환경車' 공인",http://www.cbs.co.kr/nocut/Show.asp?IDX=1578320
444,[모토 포커스]2010 올해의 트럭-스카니아 `뉴R시리즈`,http://www.etnews.co.kr/news/detail.html?id=201004280224
445,독일 자율 이동 로봇 도입 동향,http://robotzine.co.kr/entry/259537
446,(시승기)폭발적 힘에 안전성까지···쏘렌토R,http://www.edaily.co.kr/news/newspath.asp?newsid=01689206589686296
447,"[시승기]쏘렌토R ""주문량 넘치는 인기 비밀은...""",http://www.asiae.co.kr/uhtml/read.jsp?idxno=2009042611211513286
448,슈퍼 드래그 최고 클래스 한상우 우승,http://www.autotimes.co.kr/article_view.php?id=34374
449,"독일, 자율 이동 로봇, 코로나 19 위기를 틈타 본격 성장궤도 진입",http://dream.kotra.or.kr/kotranews/cms/news/actionKotraBoardDetail.do?SITE_NO=3&MENU_ID=180&CONTENTS_NO=1&bbsGbn=243&bbsSn=243&pNttSn=193184
450,"기아차 스포티지R, 세계 곳곳에서 '올해의 SUV'",http://www.autotimes.co.kr/article_view.php?id=98465
451,"투싼ix·스포티지R, 유럽서 '친환경車' 공인",http://www.cbs.co.kr/nocut/Show.asp?IDX=1578320
452,[모토 포커스]2010 올해의 트럭-스카니아 `뉴R시리즈`,http://www.etnews.co.kr/news/detail.html?id=201004280224
453,독일 자율 이동 로봇 도입 동향,http://robotzine.co.kr/entry/259537
454,(시승기)폭발적 힘에 안전성까지···쏘렌토R,http://www.edaily.co.kr/news/newspath.asp?newsid=01689206589686296
455,"[시승기]쏘렌토R ""주문량 넘치는 인기 비밀은...""",http://www.asiae.co.kr/uhtml/read.jsp?idxno=2009042611211513286
456,슈퍼 드래그 최고 클래스 한상우 우승,http://www.autotimes.co.kr/article_view.php?id=34374
457,"독일, 자율 이동 로봇, 코로나 19 위기를 틈타 본격 성장궤도 진입",http://dream.kotra.or.kr/kotranews/cms/news/actionKotraBoardDetail.do?SITE_NO=3&MENU_ID=180&CONTENTS_NO=1&bbsGbn=243&bbsSn=243&pNttSn=193184
458,"제네시스 G90, 수입 경쟁차보다 연비 낮지만 가격 경쟁력 높다",http://www.busan.com/view/busan/view.php?code=2022011818151947170
459,기상천외 콘셉트카가 말하는 미래 part.1,http://www.esquirekorea.co.kr/article/62729
460,"독일, 자율 이동 로봇, 코로나 19 위기를 틈타 본격 성장궤도 진입",http://dream.kotra.or.kr/kotranews/cms/news/actionKotraBoardDetail.do?SITE_NO=3&MENU_ID=180&CONTENTS_NO=1&bbsGbn=243&bbsSn=243&pNttSn=193184
461,"제네시스 G90, 수입 경쟁차보다 연비 낮지만 가격 경쟁력 높다",http://www.busan.com/view/busan/view.php?code=2022011818151947170
462,기상천외 콘셉트카가 말하는 미래 part.1,http://www.esquirekorea.co.kr/article/62729
463,2022 <모터트렌드> 올해의 차 - 최종 후보,https://www.motortrendkorea.com/sub/view.html?no=6356&cate1Name=WHICHCAR
464,가속 페달 밟는 ‘자율주행차’ 시대… ‘보안’ 중요성 커진다,http://www.sportsworldi.com/newsView/20220204513674
465,"[사진]2010유럽 카오브더이어- 기아 '쏘울', '쏘렌토R'",http://www.moneytoday.co.kr/view/mtview.php?type=1&no=2009062500571523348&outlink=1
466,"[시승기] 한국형 럭셔리의 자존심, 제네시스 ‘G90’",https://biz.newdaily.co.kr/site/data/html/2022/01/17/2022011700115.html
467,"LEVEL3 자율주행차 시대, 보안 중요성도 레벨업",http://www.cctvnews.co.kr/news/articleView.html?idxno=232092
468,2022 <모터트렌드> 올해의 차 - 위너_루시드 에어,https://www.motortrendkorea.com/sub/view.html?no=6361&cate1Name=WHICHCAR
469,전기차 디자인: 너의 얼굴은?,https://www.motortrendkorea.com/sub/view.html?no=6381&cate1Name=ELECTRICAR
470,자율주행 본격화에 따라 자동차 사이버보안 중요성 커져,https://www.dailysecu.com/news/articleView.html?idxno=133929
471,2022 <모터트렌드> 올해의 차 - 위너_루시드 에어,https://www.motortrendkorea.com/sub/view.html?no=6361&cate1Name=WHICHCAR
472,전기차 디자인: 너의 얼굴은?,https://www.motortrendkorea.com/sub/view.html?no=6381&cate1Name=ELECTRICAR
473,“평범한 도로는 가라… 우리는 거친 길만 달린다”,http://moneys.mt.co.kr/news/mwView.php?no=2022010714418044263
474,"""6년 기다린 3000만원대 독일차, 디젤인데 괜찮네""…잘 노는 '오빠차 전설', 신형 골프",http://news.mk.co.kr/newsRead.php?no=22117&year=2022
475,"폭스바겐 신형 아테온 국내상륙 ""200마력으로 UP! 연비 15.5㎞/ℓ""",http://www.gpkorea.com/news/articleView.html?idxno=81882
476,[비교] 세단을 원하는 이들의 시선을 끄는 5~6천만원대 수입 세단은?,https://hankookilbo.com/News/Read/A2022011322370000249?did=NA
477,"SURVIVING THE GAME, ‘2022 <모터트렌드> 올해의 차’ 비하인드 스토리",https://www.motortrendkorea.com/sub/view.html?no=6349&cate1Name=WHICHCAR
478,소유하고 싶은 국산 자동차 TOP 10,http://www.thedrive.co.kr/news/newsview.php?ncode=1065588418198695
479,현대차·기아 美서 구매해야 할 자동차 '싹쓸이'…카커넥션 6개 모델 추천,https://www.theguru.co.kr/news/article.html?no=29909
480,"[손석우의 바람] 파사트, 제타, 골프",https://www.hani.co.kr/arti/opinion/column/1024822.html
481,"G90 1만2000대 계약, 하루만에 1년치 팔았다",http://www.dt.co.kr/contents.html?article_no=2021121902109932064001&ref=naver
482,2022 모터트렌드 신차 구매 가이드 4,https://www.motortrendkorea.com/sub/view.html?no=5998&cate1Name=ISSUE
483,"[수입차 이모저모] 아우디, 람보르기니, 블루샤크, 미쉐린, 맵퍼스 등 소식",http://www.slist.kr/news/articleView.html?idxno=306405
484,"""5년만이다. 드디어 한국 온다""…'독일차 전설' 내년 1월 출시 확정, 신형 골프의 귀환[왜몰랐을카]",http://news.mk.co.kr/newsRead.php?no=1063817&year=2021
485,‘신차·R&D·IAA’ 국내외 전기차 시장 동향 알기,https://www.hellot.net/news/article.html?no=62698
486,“배출가스 제로 향해”… 전기차 기술 진보 ‘가속페달’,http://www.segye.com/content/html/2021/09/12/20210912507850.html?OutUrl=naver
487,미래 자동차들 시리즈 4,https://www.motortrendkorea.com/sub/view.html?no=5878&cate1Name=WHICHCAR
488,자동차 2400만대 시대… 외면 받는 ‘무개성’ 중형 세단,http://moneys.mt.co.kr/news/mwView.php?no=2021102210518048531
489,시동 건 AMG 서울,https://www.gqkorea.co.kr/2021/09/30/%ec%8b%9c%eb%8f%99-%ea%b1%b4-amg-%ec%84%9c%ec%9a%b8/?utm_source=naver&utm_medium=partnership
490,2022 모터트렌드 신차 구매 가이드 1,https://www.motortrendkorea.com/sub/view.html?no=5962&cate1Name=ISSUE
491,[2021 IAA] 뮌헨에서 절대 놓치면 안 될 車 8,http://www.thedrive.co.kr/news/newsview.php?ncode=1065585791234664
492,"[IAA 모빌리티 2021] 대세는 ‘전기차’…글로벌 기업, 앞다퉈 미래차 공개",http://www.ajunews.com/view/20210910150544357
493,"럭셔리카서 스포츠카까지…獨, 홈그라운드서 전기차 기술력 뽐내다 [TNA]",http://news.heraldcorp.com/view.php?ud=20210907000188
494,2022 올해의 차 최종 심사에 7개 브랜드 13대 진출,https://www.dailian.co.kr/news/view/1032628/?sc=Naver
495,"전기차 시대, 2~5년 빨라진다… 반도체·원자재 수급 불안이 관건",https://biz.chosun.com/industry/car/2021/09/08/UGGC7HJXENCO7MCWL67QPY6YMU/?utm_source=naver&utm_medium=original&utm_campaign=biz
496,"""1년 기다려도 꼭 사겠다""…'명불허전' 볼보 XC60, 신형도 벌써 2000대 계약 돌파",http://news.mk.co.kr/newsRead.php?no=944674&year=2021
497,한국자동차기자협회 '2022 올해의 차' 최종 심사…7개 브랜드 13대 진출,http://www.mediapen.com/news/view/663156
498,지형도 바뀐 車업계…전기차가 장악한 IAA 자동차전시회,https://weekly.hankooki.com/lpage/economy/202109/wk20210910100915146490.htm?s_ref=nv
499,잇단 전기차 출시에…타이어업계도 전용 타이어 선점 경쟁,http://news.einfomax.co.kr/news/articleView.html?idxno=4167109
