,title,url
0,벤츠 세단·SUV 14만대 리콜…백업 카메라·접지 전선 이슈,https://news.koreadaily.com/2022/04/28/economy/economygeneral/20220428204536270.html
1,"벤츠, 후방카메라 ‘먹통’ 美서 14만대 리콜..한국은?",http://www.dailycar.co.kr/content/news.html?type=view&autoId=43992
2,더 잘달리는 벤츠 엔진의 비법은,http://news.bizwatch.co.kr/article/industry/2022/04/08/0020
3,`람보르기니·마이바흐`도 클릭 구매…판 커지는 중고차 이커머스,http://www.dt.co.kr/contents.html?article_no=2022050602109932064001&ref=naver
4,"케이카, 모바일 쇼핑으로 3억 벤츠도 팔렸다 …최고가 판매 차량GLS-클래스",https://www.cnet.co.kr/view/?no=20220401092728
5,"[최기성의 허브車]“내릴 때 더 뿌듯해”…제네시스 vs 벤츠, ‘성공 끝판왕’ 경쟁",https://www.mk.co.kr/opinion/columnists/view/2022/02/165449/
6,"S클래스·마이바흐 GLS…벤츠, 진짜 럭셔리로 '수입차 1위' 지킨다",http://www.newstomato.com/ReadNews.aspx?no=1041010&inflow=N
7,"'대한민국 최고의 차' 막판 명승부 펼친다…""벤츠·BMW냐 제네시스·현대·기아냐""",http://news.mk.co.kr/newsRead.php?no=73406&year=2022
8,"SUV의 S클래스 표방…벤츠코리아, 마이바흐 GLS600 국내 출시",http://www.dizzotv.com/site/data/html_dir/2021/03/02/2021030280189.html
9,‘SUV계의 S클래스’ 벤츠 GLS… “크고 매력적인 차”,http://www.segye.com/content/html/2021/03/01/20210301505064.html?OutUrl=naver
10,"벤츠, 'BMW-아우디'가 부러워할 초고가 SUV 출시…'마이바흐 GLS' 국내 공개",https://www.asiatime.co.kr/article/20210224500187
11,벤츠 S클래스 럭셔리 그대로 GLS..BMW X7 비교,http://www.edaily.co.kr/news/newspath.asp?newsid=01164406625799424
12,기장 비싼 벤츠 SUV '마이바흐 GLS' 출시…가격 2억5660만원,http://www.etnews.com/20210302000095
13,"SUV계의 S-클래스, 벤츠 GLS 출시…1억3860만원부터",http://www.edaily.co.kr/news/newspath.asp?newsid=01915526625772856
14,S클래스 SUV '벤츠 GLS' 공식 출시···1억3860만원부터,https://www.ebn.co.kr/news/view/1435081?sc=Naver
15,"메르세데스-벤츠, S클래스 SUV `더 뉴 GLS 출시`",http://news.mk.co.kr/newsRead.php?no=532227&year=2020
16,'SUV의 S클래스' 벤츠 GLS 신형 출시,http://yna.kr/PYH20200525010400003?did=1196m
17,"[이주의 차] 벤츠, SUV의 S클래스 'GLS' 신형 출시",http://isplus.live.joins.com/news/article/article.asp?total_id=23787648
18,"인기의 대형 SUV 시장, 등급별 경쟁도 치열",http://www.iminju.net/news/articleView.html?idxno=75785
19,(영상)마이바흐 100주년…럭셔리 정수 선보이는 벤츠,http://www.newstomato.com/ReadNews.aspx?no=1055158&inflow=N
20,벤츠 S클래스 2대 중 1대는 법인차…슈퍼카는 30%만 개인 소유,https://www.hankyung.com/economy/article/2022032974981
21,아이오닉 5·K8·S클래스…'올해의 車' 1차 관문 통과,https://www.hankyung.com/economy/article/2021082438601
22,"법인차도 벤츠 인기…E클래스, S클래스 나란히 1위",http://www.newspim.com/news/view/20220325000848
23,"벤츠코리아, tvN '슬기로운 의사생활 시즌 2` 차량·제작 지원",http://www.gpkorea.com/news/articleView.html?idxno=75163
24,"'마이바흐 GLS' 국내 상륙, 럭셔리 브랜드 진가 발휘할까",http://www.sisaweek.com/news/articleView.html?idxno=142193
25,자동차 기자가 뽑은 4월의 차는… 마이바흐 GLS600,http://moneys.mt.co.kr/news/mwView.php?no=2021040710168045188
26,[시승기] SUV계의 S클래스 '벤츠 GLS',http://www.moneyweek.co.kr/news/mwView.php?type=1&no=2017060101208075649&outlink=1
27,[동영상] 벤츠 SUV 끝판왕 '마이바흐 GLS' 앉아본 소감,http://www.digitaltoday.co.kr/news/articleView.html?idxno=217821
28,[오토 포커스] 벤츠 SUV의 S클래스 '더 뉴 GLS',http://news.hankyung.com/article/2017112259921
29,"[시승기] S클래스 SUV, 벤츠 GLS",http://www.sporbiz.co.kr/news/articleView.html?idxno=54713
30,<시승기> 'SUV의 S클래스' 벤츠 '더 뉴 GLS',http://app.yonhapnews.co.kr/YNA/Basic/SNS/r.aspx?c=AKR20161111128900003&did=1195m
31,S클래스의 SUV 버전 ‘벤츠 GLS’시장 뒤흔드나,http://www.koreatimes.com/article/1030874
32,"SUV계의 S클래스 벤츠 GLS, 고급 SUV 시장 뒤흔드나",http://www.hankookilbo.com/v/8611485dab6d4d68b681d02d8e3f8bcf
33,"벤츠, S클래스급 SUV '더 뉴 GLS' 최상위 모델 출시",http://www.edaily.co.kr/news/related_article.edy?uid=1175094&mcd=01
34,"메르세데스-벤츠, S 클래스 기반 SUV 더 뉴 GLS 출시",http://news.mtn.co.kr/newscenter/news_viewer.mtn?gidx=2016101915342116167
35,"벤츠코리아, ""올해 전동화·디지털·ESG 집중"", 신형 C클래스·EQB·EQE 등 신차 출시",http://www.autodaily.co.kr/news/articleView.html?idxno=431508
36,"고가 법인차, 무슨 모델이 잘 팔렸나 봤더니…벤츠·BMW 인기",http://moneys.mt.co.kr/news/mwView.php?no=2022032517168089255
37,"벤츠 SUV의 끝판왕,GLS 클래스 나온다",http://biz.heraldcorp.com/view.php?ud=20151020000097
38,"벤츠, 부분변경 준비 중인 플래그십 GLS..어떤 점 달라지나?",http://www.dailycar.co.kr/content/news.html?type=view&autoId=41812
39,"벤츠코리아, 냉각수 누출 인한 화재 위험성 이유로 E·S클래스 등 8개 차종 6만여대 리콜",http://www.newsworker.co.kr/news/articleView.html?idxno=143293
40,수입차 1위인데…“화재 위험” 벤츠 E·S클래스 6만 대 리콜,https://www.joongang.co.kr/article/25038327
41,"메르세데스-벤츠 코리아, JTBC 드라마 ‘서른, 아홉’에 차량 지원",http://www.segyebiz.com/newsView/20220302519650?OutUrl=naver
42,"벤츠, 드라마 '서른, 아홉'에 '더 뉴 EQA' 등 차량 지원",https://www.electimes.com/news/articleView.html?idxno=301255
43,[강병철의 셀럽앤카]⑲ 그냥 벤츠가 아니다…‘강남 피부과 원장’ 손예진 車,https://www.joongang.co.kr/article/25052865
44,"메르세데스-벤츠 코리아, JTBC 드라마 '서른, 아홉'에 차량 지원... 배우 손예진의 픽은 '더 뉴 EQA 250'!",http://kr.aving.net/news/view.php?articleId=1685952&Branch_ID=kr&rssid=naver&mn_name=news
45,'큰 녀석들의 전쟁' 팰리세이드·GLS·X7·Q8 등 대형 SUV 전쟁,http://www.gpkorea.com/news/articleView.html?idxno=64495
46,"벤츠, JTBC 드라마 '서른, 아홉'에 다양한 차량 지원",http://www.newsis.com/view/?id=NISX20220225_0001773011&cID=13001&pID=13000
47,"[시승기] 벤츠 GLS 500, 최고급 무장한 `SUV 완결판`",http://news.mk.co.kr/newsRead.php?year=2017&no=680596
48,페라리ㆍ마이바흐 등 VVIP 초호화 수입차 출시 봇물,https://www.dnews.co.kr/uhtml/view.jsp?idxno=202103041250166980528
49,메르세데스-벤츠 ‘더 뉴 GLS’…주마가편,http://news.khan.co.kr/kh_news/khan_art_view.html?artid=201611202127005&code=920508
50,"벤츠, 더 뉴 GLS와 GLE 쿠페 10월 국내 최초 출시...새로운 명명법 비밀은?",http://www.fnnews.com/news/201610101131028756
51,[시승기] 벤츠 GLS·GLE 쿠페…1억원대 '럭셔리 SUV' 값어치 할까?,http://it.chosun.com/news/article.html?no=2826596
52,제네시스가 벤츠 눌렀다,http://sports.khan.co.kr/news/sk_index.html?art_id=202008171559003&sec_id=563002&pt=nv
53,"더클래스 효성, 고객초청 '더 뉴 GLS·GLE 쿠페' 시승 행사",http://www.mediapen.com/news/view/210461
54,마이바흐 100주년 기념 S클래스·GLS 공개..달라진 점은?,http://www.dailycar.co.kr/content/news.html?type=view&autoId=41085
55,"‘억 소리’ 라인업 강화… 벤츠코리아, ‘10억원’ 마이바흐 S650 풀만 국내 첫선",https://www.donga.com/news/article/all/20200522/101174037/2
56,"벤츠, 럭셔리 SUV 'GLS 600'…제로백 4.9초서 느끼는 '퍼스트 클래스'",http://www.newspim.com/news/view/20210305000746
57,"[신차드라이브]벤츠 GLS, 성공하면 꼭 타야할 'S클래스급 SUV'",http://www.etnews.com/20210304000112
58,[구상 칼럼] 왜건형 SUV와 쿠페형 SUV를 아우르는..벤츠 GLE,http://www.dailycar.co.kr/content/news.html?type=view&autoId=35081
59,"벤츠 S-클래스, SUV로 만든다?",http://www.econovill.com/news/articleView.html?idxno=302293
60,"벤츠코리아, ""S클래스는 커넥티드의 대표""",http://autotimes.hankyung.com/apps/news.sub_view?popup=0&nid=03&c1=03&c2=03&c3=00&nkey=201709042335371
61,GLS·에스컬레이드에 도전장…BMW X7 모델 공개,http://www.koreadaily.com/news/read.asp?art_id=6679192
62,"벤츠 '더뉴 GLE', 출시 이틀만에 리콜…에어컨 제작 결함 때문",http://news.mtn.co.kr/newscenter/news_viewer.mtn?gidx=2019091114114573936
63,"BMW, 벤츠, 아우디, 폭스바겐, 랜드로버 등 유럽차 파격 프로모션",http://www.esquirekorea.co.kr/article/43675
64,"벤츠-BMW, 벌어지는 플래그십 격차…S클래스 쾌속질주",https://www.dnews.co.kr/uhtml/view.jsp?idxno=202109120845497860128
65,[Car Special] 視線集中 새롭게 변신한 브랜드별 간판 모델,http://news.mk.co.kr/newsRead.php?no=690016&year=2020
66,'리스렌트닷컴 BMW · 벤츠· 포르쉐 등 6월 판매조건 및 프로모션 비공식할인조회 서비스인기,http://www.gukjenews.com/news/articleView.html?idxno=1130056
67,"[시승기] 벤츠 GLS 580 4매틱 ""주행과 공간성, 이보다 웅장할 순 없다""",http://www.gpkorea.com/news/articleView.html?idxno=73745
68,‘아이오닉5’부터 ‘마이바흐 GLS’까지… 자동차기자들은 ‘이 차’에 꽂혔다,http://moneys.mt.co.kr/news/mwView.php?no=2021091317248057491
69,"강력한 파워와 럭셔리한 실내 공간, 존재감 빛나는 벤츠 플래그십 SUV",http://www.sedaily.com/NewsView/1OL0WU3V6O
70,"[집중분석] 벤츠 SUV 패밀리, 전년대비 183.66% 성장 ""다양하고 강력하다""",http://www.newsprime.co.kr/news/article.html?no=357718
71,(영상)전세값과 맞먹네…럭셔리 SUV 벤츠 마이바흐 GLS,http://www.newstomato.com/ReadNews.aspx?no=1029148
72,"[고급차 대명사 ‘벤츠’의 질주] 사모님 車 ‘S-클래스’, 3대 명차 ‘마이바흐’…億소리 나는 매력",https://www.dnews.co.kr/uhtml/view.jsp?idxno=202106081413123570780
73,"벤츠, AMG·마이바흐·G클래스 브랜드 합병 계획..그 이유는?",http://www.dailycar.co.kr/content/news.html?type=view&autoId=40095
74,‘고품격’ 대명사 벤츠…S클래스부터 마이바흐까지 ‘억’소리,https://www.dnews.co.kr/uhtml/view.jsp?idxno=202106081240200560720
75,"S클래스의 장점만 모았다...마이바흐, 첫 SUV 'GLS 600' 출시",http://www.bloter.net/archives/533399
76,"메르세데스-벤츠, ‘뉴 메르세데스-마이바흐 S-클래스’ 출시",http://www.rpm9.com/news/article.html?id=20210624090007
77,"벤츠, 2세대 '마이바흐 S클래스' 출시…2억6,000만원",https://www.econovill.com/news/articleView.html?idxno=537737
78,[driving] 씨름 선수가 달리기도 잘하네! 더 뉴 벤츠 GLS,https://woman.donga.com/3/all/12/2473873/1
79,"벤츠, 럭셔리 리무진 끝판왕 '더 뉴 마이바흐 S-클래스' 출격…가격 2.6억원",https://www.theguru.co.kr/news/article.html?no=22588
80,"벤츠, 마이바흐 최초 SUV 'GLS 600 4매틱' 국내 출시..2억 5660만원",http://kbench.com/?q=node/218933
81,"벤츠, 하반기 신차로 수입차 1위 굳힌다",http://www.newstomato.com/ReadNews.aspx?no=688533
82,"벤츠, 국내 배출가스 조작 의심 차량 10만대 리콜..“단순 고객 서비스”",http://www.breaknews.com/sub_read.html?uid=521297§ion=sc3
83,"벤츠코리아, 신차 온라인 판매 본격화… 딜러 비공식 할인은?",https://www.donga.com/news/article/all/20211008/109618470/2
84,벤츠 너마저···폭스바겐 이어 베출가스 조작 혐의,http://www.sedaily.com/NewsView/1OIGKTHEUO
85,"[벤츠, 배출가스 조작 파문]100만대 조작혐의…벤츠코리아 ""진상 파악 중""(종합)",http://www.asiae.co.kr/news/view.htm?idxno=2017071311153690376
86,[시승기] 메르세데스-벤츠 V8 플래그십 SUV의 완성…메르세데스-벤츠 GLS 580 4Matic,https://hankookilbo.com/News/Read/A2021012309530000268?did=NA
87,자동차기자가 뽑은 ‘2022 올해의 차’는?… 아이오닉5·벤츠 등 13대 최종 후보,http://moneys.mt.co.kr/news/mwView.php?no=2021091313318057898
88,"벤츠, 폭스바겐 이어 배출가스 조작 혐의..독일차 왜이러나",http://www.breaknews.com/sub_read.html?uid=519992§ion=sc3
89,벤츠 일부차량 백업카메라 먹통. 美서 A.E클래스 등 34만여 대 리콜,http://www.autodaily.co.kr/news/articleView.html?idxno=427588
90,질주하는 벤츠 vs 제동걸린 BMW,https://www.dnews.co.kr/uhtml/view.jsp?idxno=202109121059174300154
91,[자유로 연비] 강렬한 퍼포먼스를 품은 메르세데스-벤츠 GLS 580 4Matic의 자유로 연비는?,https://hankookilbo.com/News/Read/A2021011309200002460?did=NA
92,[수입차대해부]2000cc 이하 소형 수입차 인기 속 벤츠만 역주행?,http://www.asiatoday.co.kr/view.php?key=20150615010009279
93,"(영상)고급세단 끝판왕, 벤츠 ‘더 뉴 S클래스’",http://www.newstomato.com/ReadNews.aspx?no=1041062&inflow=N
94,"""S-클래스, 단언컨대 세계 최고""... 자부심 보여준 토마스 클라인 벤츠 사장",http://www.ceoscoredaily.com/news/article.html?no=81523
95,2022 모터트렌드 신차 구매 가이드 4,https://www.motortrendkorea.com/sub/view.html?no=5998&cate1Name=ISSUE
96,"S 클래스 쿠페를 대체하는 벤츠 SL, 하반기 출격 준비",http://www.dailycar.co.kr/content/news.html?type=view&autoId=39034
97,"벤츠, 고급차 라인업 확대…차종별 '럭셔리' 중무장",http://www.shinailbo.co.kr/news/articleView.html?idxno=1427898
98,벤츠 S클래스·C클래스 보험료 5~10% 낮아진다,http://www.fnnews.com/news/202103040857364417
99,"벤츠코리아 ""뉴 S클래스 등 9종 신차 출시…전기차 충전 등 인프라도 확대""",https://daily.hankooki.com/lpage/industry/202101/dh20210127151515147980.htm?s_ref=nv
100,메르세데스-벤츠 ‘더 뉴 GLS’…주마가편,http://news.khan.co.kr/kh_news/khan_art_view.html?artid=201611202127005&code=920508
101,"벤츠, SUV 라인업 강화 ‘GLS 350d 4MATIC·GLE 350d 4MATIC 쿠페’ 출시",http://car.donga.com/3/all/20161019/80865185/2
102,"벤츠, 더 뉴 GLS와 GLE 쿠페 10월 국내 최초 출시...새로운 명명법 비밀은?",http://www.fnnews.com/news/201610101131028756
103,[시승기] 벤츠 GLS·GLE 쿠페…1억원대 '럭셔리 SUV' 값어치 할까?,http://it.chosun.com/news/article.html?no=2826596
104,제네시스가 벤츠 눌렀다,http://sports.khan.co.kr/news/sk_index.html?art_id=202008171559003&sec_id=563002&pt=nv
105,"더클래스 효성, 고객초청 '더 뉴 GLS·GLE 쿠페' 시승 행사",http://www.mediapen.com/news/view/210461
106,마이바흐 100주년 기념 S클래스·GLS 공개..달라진 점은?,http://www.dailycar.co.kr/content/news.html?type=view&autoId=41085
107,"‘억 소리’ 라인업 강화… 벤츠코리아, ‘10억원’ 마이바흐 S650 풀만 국내 첫선",https://www.donga.com/news/article/all/20200522/101174037/2
108,벤츠 SUV 출시…웨어러블로 운전자 분석해 맞춤 환경 제공,http://www.digitaltoday.co.kr/news/articleView.html?idxno=235467
109,"벤츠, 럭셔리 SUV 'GLS 600'…제로백 4.9초서 느끼는 '퍼스트 클래스'",http://www.newspim.com/news/view/20210305000746
110,제네시스가 벤츠 눌렀다,http://sports.khan.co.kr/news/sk_index.html?art_id=202008171559003&sec_id=563002&pt=nv
111,"더클래스 효성, 고객초청 '더 뉴 GLS·GLE 쿠페' 시승 행사",http://www.mediapen.com/news/view/210461
112,마이바흐 100주년 기념 S클래스·GLS 공개..달라진 점은?,http://www.dailycar.co.kr/content/news.html?type=view&autoId=41085
113,"‘억 소리’ 라인업 강화… 벤츠코리아, ‘10억원’ 마이바흐 S650 풀만 국내 첫선",https://www.donga.com/news/article/all/20200522/101174037/2
114,벤츠 SUV 출시…웨어러블로 운전자 분석해 맞춤 환경 제공,http://www.digitaltoday.co.kr/news/articleView.html?idxno=235467
115,"벤츠코리아, SUV 라인업 강화..GLS 및 GLE 쿠페 출시",http://autotimes.hankyung.com/apps/news.sub_view?popup=0&nid=02&c1=02&c2=02&c3=00&nkey=201610191109301
116,"벤츠, 럭셔리 SUV 'GLS 600'…제로백 4.9초서 느끼는 '퍼스트 클래스'",http://www.newspim.com/news/view/20210305000746
117,"[신차드라이브]벤츠 GLS, 성공하면 꼭 타야할 'S클래스급 SUV'",http://www.etnews.com/20210304000112
118,[구상 칼럼] 왜건형 SUV와 쿠페형 SUV를 아우르는..벤츠 GLE,http://www.dailycar.co.kr/content/news.html?type=view&autoId=35081
119,벤츠 운행 중 화재 비상…냉각 펌프 과열 가능성,http://www.delighti.co.kr/news/articleView.html?idxno=32456
120,벤츠 운행 중 화재 비상…냉각 펌프 과열 가능성,http://www.delighti.co.kr/news/articleView.html?idxno=32456
121,"[Biz & Now] 냉각수 유출로 화재위험, 벤츠 8개 차종 6만대 리콜",https://www.joongang.co.kr/article/25038524
122,"벤츠 S-클래스, SUV로 만든다?",http://www.econovill.com/news/articleView.html?idxno=302293
123,"벤츠코리아, ""S클래스는 커넥티드의 대표""",http://autotimes.hankyung.com/apps/news.sub_view?popup=0&nid=03&c1=03&c2=03&c3=00&nkey=201709042335371
124,"벤츠, 2억5000만원 마이바흐 GLS 600 출시…""SUV의 S클래스""",http://news.mt.co.kr/mtview.php?no=2021030209125036851
125,GLS·에스컬레이드에 도전장…BMW X7 모델 공개,http://www.koreadaily.com/news/read.asp?art_id=6679192
126,"벤츠 '더뉴 GLE', 출시 이틀만에 리콜…에어컨 제작 결함 때문",http://news.mtn.co.kr/newscenter/news_viewer.mtn?gidx=2019091114114573936
127,"BMW, 벤츠, 아우디, 폭스바겐, 랜드로버 등 유럽차 파격 프로모션",http://www.esquirekorea.co.kr/article/43675
128,"벤츠 딜러 더클래스 효성, 전시장서 신형 SUV 시승 행사",http://www.fnnews.com/news/201611281627263404
129,"벤츠-BMW, 벌어지는 플래그십 격차…S클래스 쾌속질주",https://www.dnews.co.kr/uhtml/view.jsp?idxno=202109120845497860128
130,"벤츠-BMW, 벌어지는 플래그십 격차…S클래스 쾌속질주",https://www.dnews.co.kr/uhtml/view.jsp?idxno=202109120845497860128
131,[Car Special] 視線集中 새롭게 변신한 브랜드별 간판 모델,http://news.mk.co.kr/newsRead.php?no=690016&year=2020
132,'리스렌트닷컴 BMW · 벤츠· 포르쉐 등 6월 판매조건 및 프로모션 비공식할인조회 서비스인기,http://www.gukjenews.com/news/articleView.html?idxno=1130056
133,"[시승기] 벤츠 GLS 580 4매틱 ""주행과 공간성, 이보다 웅장할 순 없다""",http://www.gpkorea.com/news/articleView.html?idxno=73745
134,‘아이오닉5’부터 ‘마이바흐 GLS’까지… 자동차기자들은 ‘이 차’에 꽂혔다,http://moneys.mt.co.kr/news/mwView.php?no=2021091317248057491
135,"강력한 파워와 럭셔리한 실내 공간, 존재감 빛나는 벤츠 플래그십 SUV",http://www.sedaily.com/NewsView/1OL0WU3V6O
136,"메르세데스-벤츠, ‘더 뉴 마이바흐 GLS 600 4MATIC’ 출시",http://www.rpm9.com/news/article.html?id=20210302090006
137,"[집중분석] 벤츠 SUV 패밀리, 전년대비 183.66% 성장 ""다양하고 강력하다""",http://www.newsprime.co.kr/news/article.html?no=357718
138,(영상)전세값과 맞먹네…럭셔리 SUV 벤츠 마이바흐 GLS,http://www.newstomato.com/ReadNews.aspx?no=1029148
139,"[고급차 대명사 ‘벤츠’의 질주] 사모님 車 ‘S-클래스’, 3대 명차 ‘마이바흐’…億소리 나는 매력",https://www.dnews.co.kr/uhtml/view.jsp?idxno=202106081413123570780
140,궁극의 럭셔리 SUV 나왔다...벤츠 '마이바흐 GLS' 2억5660만원,http://news.mk.co.kr/newsRead.php?no=201253&year=2021
141,"[집중분석] 벤츠 SUV 패밀리, 전년대비 183.66% 성장 ""다양하고 강력하다""",http://www.newsprime.co.kr/news/article.html?no=357718
142,(영상)전세값과 맞먹네…럭셔리 SUV 벤츠 마이바흐 GLS,http://www.newstomato.com/ReadNews.aspx?no=1029148
143,"[고급차 대명사 ‘벤츠’의 질주] 사모님 車 ‘S-클래스’, 3대 명차 ‘마이바흐’…億소리 나는 매력",https://www.dnews.co.kr/uhtml/view.jsp?idxno=202106081413123570780
144,디미트리스 실라키스 벤츠코리아 사장 “올해 5만대 판매목표 무난히 달성”,http://www.etnews.com/20161111000331
145,"벤츠, AMG·마이바흐·G클래스 브랜드 합병 계획..그 이유는?",http://www.dailycar.co.kr/content/news.html?type=view&autoId=40095
146,‘고품격’ 대명사 벤츠…S클래스부터 마이바흐까지 ‘억’소리,https://www.dnews.co.kr/uhtml/view.jsp?idxno=202106081240200560720
147,"S클래스의 장점만 모았다...마이바흐, 첫 SUV 'GLS 600' 출시",http://www.bloter.net/archives/533399
148,"벤츠, 드라마 '슬기로운 의사생활 시즌2'에 E클래스 등 차량 지원",http://www.consumernews.co.kr/news/articleView.html?idxno=629042
149,"메르세데스-벤츠, ‘뉴 메르세데스-마이바흐 S-클래스’ 출시",http://www.rpm9.com/news/article.html?id=20210624090007
150,"벤츠, '마이바흐 GLS 600' 국내 출시…마이바흐 최초의 SUV",http://www.inews24.com/view/1346725
151,"[고급차 대명사 ‘벤츠’의 질주] 사모님 車 ‘S-클래스’, 3대 명차 ‘마이바흐’…億소리 나는 매력",https://www.dnews.co.kr/uhtml/view.jsp?idxno=202106081413123570780
152,디미트리스 실라키스 벤츠코리아 사장 “올해 5만대 판매목표 무난히 달성”,http://www.etnews.com/20161111000331
153,"벤츠, AMG·마이바흐·G클래스 브랜드 합병 계획..그 이유는?",http://www.dailycar.co.kr/content/news.html?type=view&autoId=40095
154,‘고품격’ 대명사 벤츠…S클래스부터 마이바흐까지 ‘억’소리,https://www.dnews.co.kr/uhtml/view.jsp?idxno=202106081240200560720
155,"S클래스의 장점만 모았다...마이바흐, 첫 SUV 'GLS 600' 출시",http://www.bloter.net/archives/533399
156,"벤츠, 드라마 '슬기로운 의사생활 시즌2'에 E클래스 등 차량 지원",http://www.consumernews.co.kr/news/articleView.html?idxno=629042
157,"메르세데스-벤츠, ‘뉴 메르세데스-마이바흐 S-클래스’ 출시",http://www.rpm9.com/news/article.html?id=20210624090007
158,"벤츠, 2세대 '마이바흐 S클래스' 출시…2억6,000만원",https://www.econovill.com/news/articleView.html?idxno=537737
159,"럭셔리 대명사 마이바흐, GLS 600 출시…""벤츠 SUV 끝판왕""",https://www.ebn.co.kr/news/view/1474241/?sc=Naver
160,"메르세데스-벤츠, ‘뉴 메르세데스-마이바흐 S-클래스’ 출시",http://www.rpm9.com/news/article.html?id=20210624090007
161,"벤츠, 2세대 '마이바흐 S클래스' 출시…2억6,000만원",https://www.econovill.com/news/articleView.html?idxno=537737
162,"럭셔리 대명사 마이바흐, GLS 600 출시…""벤츠 SUV 끝판왕""",https://www.ebn.co.kr/news/view/1474241/?sc=Naver
163,[driving] 씨름 선수가 달리기도 잘하네! 더 뉴 벤츠 GLS,https://woman.donga.com/3/all/12/2473873/1
164,"벤츠, 럭셔리 리무진 끝판왕 '더 뉴 마이바흐 S-클래스' 출격…가격 2.6억원",https://www.theguru.co.kr/news/article.html?no=22588
165,"벤츠, 최상위 럭셔리 SUV ‘더 뉴 메르세데스-마이바흐 GLS’ 출시…가격 2억5660만원",https://www.dnews.co.kr/uhtml/view.jsp?idxno=202103021000121040538
166,"벤츠코리아, 마이바흐 첫 SUV GLS 600 국내 출시",http://www.viva100.com/main/view.php?key=20210302010000318
167,"‘SUV에도 진짜 S-클래스를’, 더 뉴 메르세데스-벤츠 GLS ",http://www.osen.co.kr/article/G1111360067
168,"벤츠, 마이바흐 최초 SUV 'GLS 600 4매틱' 국내 출시..2억 5660만원",http://kbench.com/?q=node/218933
169,"벤츠, 하반기 신차로 수입차 1위 굳힌다",http://www.newstomato.com/ReadNews.aspx?no=688533
170,"메르세데스-벤츠, '더 뉴 메르세데스-마이바흐 GLS 600 4MATIC' 국내 공식 출시",http://www.enewstoday.co.kr/news/articleView.html?idxno=1456573
171,"벤츠, 럭셔리 상징 마이바흐 최초 SUV 'GLS 600' 출시",https://daily.hankooki.com/lpage/industry/202103/dh20210304170329147980.htm?s_ref=nv
172,"‘SUV에도 진짜 S-클래스를’, 더 뉴 메르세데스-벤츠 GLS ",http://www.osen.co.kr/article/G1111360067
173,"벤츠, 마이바흐 최초 SUV 'GLS 600 4매틱' 국내 출시..2억 5660만원",http://kbench.com/?q=node/218933
174,"벤츠, 하반기 신차로 수입차 1위 굳힌다",http://www.newstomato.com/ReadNews.aspx?no=688533
175,"‘SUV의 S-클래스’, ‘궁극의 럭셔리’ 더 뉴 메르세데스-마이바흐 GLS 600 4MATIC 출시",http://www.segye.com/content/html/2021/03/02/20210302504173.html?OutUrl=naver
176,"벤츠, 국내 배출가스 조작 의심 차량 10만대 리콜..“단순 고객 서비스”",http://www.breaknews.com/sub_read.html?uid=521297§ion=sc3
177,“SUV의 S-클래스”…‘더 뉴 메르세데스-벤츠 GLS’ 출시,http://www.sportsworldi.com/content/html/2020/05/25/20200525510471.html
178,"벤츠코리아, 신차 온라인 판매 본격화… 딜러 비공식 할인은?",https://www.donga.com/news/article/all/20211008/109618470/2
179,벤츠 'SUV의 S 클래스' 3세대 완전변경 '더 뉴 GLS' 출시,http://www.fnnews.com/news/202005251337596891
180,[포토]마이바흐 GLS 600 소개하는 마크 레인 벤츠코리아 제품&마케팅 총괄 부사장,http://www.edaily.co.kr/news/newspath.asp?newsid=02696166628979712
181,"벤츠, '마이바흐 GLS 600 4MATIC' 출시…2억 5660만 원~",http://www.thedrive.co.kr/news/newsview.php?ncode=1065573733331980
182,"벤츠, 하반기 신차로 수입차 1위 굳힌다",http://www.newstomato.com/ReadNews.aspx?no=688533
183,"‘SUV의 S-클래스’, ‘궁극의 럭셔리’ 더 뉴 메르세데스-마이바흐 GLS 600 4MATIC 출시",http://www.segye.com/content/html/2021/03/02/20210302504173.html?OutUrl=naver
184,"벤츠, 국내 배출가스 조작 의심 차량 10만대 리콜..“단순 고객 서비스”",http://www.breaknews.com/sub_read.html?uid=521297§ion=sc3
185,“SUV의 S-클래스”…‘더 뉴 메르세데스-벤츠 GLS’ 출시,http://www.sportsworldi.com/content/html/2020/05/25/20200525510471.html
186,"벤츠코리아, 신차 온라인 판매 본격화… 딜러 비공식 할인은?",https://www.donga.com/news/article/all/20211008/109618470/2
187,벤츠 'SUV의 S 클래스' 3세대 완전변경 '더 뉴 GLS' 출시,http://www.fnnews.com/news/202005251337596891
188,벤츠 너마저···폭스바겐 이어 베출가스 조작 혐의,http://www.sedaily.com/NewsView/1OIGKTHEUO
189,벤츠 'SUV의 S-클래스'를 표방하는 'The New GLS' 출시,http://www.cstimes.com/news/articleView.html?idxno=415141
190,[포토]가장 비싼 벤츠 SUV '마이바흐 GLS' 출시…가격 2억5660만원,http://www.edaily.co.kr/news/newspath.asp?newsid=02784726628979712
191,"벤츠, '마이바흐 GLS 600 4MATIC' 출시…2억 5660만 원~",http://www.thedrive.co.kr/news/newsview.php?ncode=1065573733331980
192,"벤츠, 하반기 신차로 수입차 1위 굳힌다",http://www.newstomato.com/ReadNews.aspx?no=688533
193,"‘SUV의 S-클래스’, ‘궁극의 럭셔리’ 더 뉴 메르세데스-마이바흐 GLS 600 4MATIC 출시",http://www.segye.com/content/html/2021/03/02/20210302504173.html?OutUrl=naver
194,"벤츠, 국내 배출가스 조작 의심 차량 10만대 리콜..“단순 고객 서비스”",http://www.breaknews.com/sub_read.html?uid=521297§ion=sc3
195,“SUV의 S-클래스”…‘더 뉴 메르세데스-벤츠 GLS’ 출시,http://www.sportsworldi.com/content/html/2020/05/25/20200525510471.html
196,"벤츠코리아, 신차 온라인 판매 본격화… 딜러 비공식 할인은?",https://www.donga.com/news/article/all/20211008/109618470/2
197,벤츠 'SUV의 S 클래스' 3세대 완전변경 '더 뉴 GLS' 출시,http://www.fnnews.com/news/202005251337596891
198,벤츠 너마저···폭스바겐 이어 베출가스 조작 혐의,http://www.sedaily.com/NewsView/1OIGKTHEUO
199,벤츠 'SUV의 S-클래스'를 표방하는 'The New GLS' 출시,http://www.cstimes.com/news/articleView.html?idxno=415141
200,벤츠 'SUV의 S-클래스'를 표방하는 'The New GLS' 출시,http://www.cstimes.com/news/articleView.html?idxno=415141
201,“S클래스 표방 7인승 SUV”…벤츠 ‘더 뉴 GLS’ 국내 상륙,http://www.viva100.com/main/view.php?key=20200525010006905
202,"SUV의 S-클래스, ‘더 뉴 메르세데스-마이바흐 GLS 600 4MATIC’",http://www.discoverynews.kr/366788
203,"벤츠코리아, 마이바흐 최초 SUV ‘GLS 600 4매틱’ 출시",http://www.busan.com/view/busan/view.php?code=2021030218123828393
204,"메르세데스-벤츠 코리아, 'SUV의 S-클래스'를 표방하는 '더 뉴 메르세데스-벤츠 GLS' 출시",http://sports.chosun.com/news/ntype.htm?id=202005260100222740015897&servicedate=20200525
205,"수입차 1위 굳히기 나선 벤츠, SUV의 S-클래스 'GLS’ 출시",http://www.kukinews.com/news/article.html?no=791330
206,"[벤츠, 배출가스 조작 파문]100만대 조작혐의…벤츠코리아 ""진상 파악 중""(종합)",http://www.asiae.co.kr/news/view.htm?idxno=2017071311153690376
207,"[포토] 마이바흐 첫 SUV 'GLS 600', S클래스의 장점만 모았다",http://www.edaily.co.kr/news/newspath.asp?newsid=02801126628979712
208,"벤츠코리아, '더 뉴 메르세데스-마이바흐 S-클래스' 출시…2억6천60만원",http://news.einfomax.co.kr/news/articleView.html?idxno=4153993
209,[시승기] 메르세데스-벤츠 V8 플래그십 SUV의 완성…메르세데스-벤츠 GLS 580 4Matic,https://hankookilbo.com/News/Read/A2021012309530000268?did=NA
210,5년 만에 확 바뀐 벤츠 '더 뉴 GLS'…'SUV의 S클래스'로 불리는 이유는?,http://www.asiatoday.co.kr/view.php?key=20200525010013629
211,"[벤츠, 배출가스 조작 파문]100만대 조작혐의…벤츠코리아 ""진상 파악 중""(종합)",http://www.asiae.co.kr/news/view.htm?idxno=2017071311153690376
212,SUV 'S클래스' 더 뉴 메르세데스-벤츠 GLS 출시... 1억3680만 원부터,http://www.consumernews.co.kr/news/articleView.html?idxno=605627
213,"더 뉴 메르세데스-벤츠 GLS ""SUV의 S-클래스 표방""",http://www.newsprime.co.kr/news/article.html?no=505555
214,"[포토] 마이바흐 첫 SUV 'GLS 600', S클래스의 장점만 모았다",http://www.edaily.co.kr/news/newspath.asp?newsid=02801126628979712
215,"벤츠코리아, '더 뉴 메르세데스-마이바흐 S-클래스' 출시…2억6천60만원",http://news.einfomax.co.kr/news/articleView.html?idxno=4153993
216,[시승기] 메르세데스-벤츠 V8 플래그십 SUV의 완성…메르세데스-벤츠 GLS 580 4Matic,https://hankookilbo.com/News/Read/A2021012309530000268?did=NA
217,자동차기자가 뽑은 ‘2022 올해의 차’는?… 아이오닉5·벤츠 등 13대 최종 후보,http://moneys.mt.co.kr/news/mwView.php?no=2021091313318057898
218,"벤츠 코리아, 마이바흐 최초 SUV GLS 600 출시",http://yna.kr/AKR20210302051200003?did=1195m
219,"벤츠, 폭스바겐 이어 배출가스 조작 혐의..독일차 왜이러나",http://www.breaknews.com/sub_read.html?uid=519992§ion=sc3
220,자동차기자가 뽑은 ‘2022 올해의 차’는?… 아이오닉5·벤츠 등 13대 최종 후보,http://moneys.mt.co.kr/news/mwView.php?no=2021091313318057898
221,"벤츠 코리아, 마이바흐 최초 SUV GLS 600 출시",http://yna.kr/AKR20210302051200003?did=1195m
222,"벤츠, ‘SUV의 S 클래스’ 더 뉴 GLS 국내 출시",http://www.munhwa.com/news/view.html?no=2020052501072439176001
223,"벤츠, 폭스바겐 이어 배출가스 조작 혐의..독일차 왜이러나",http://www.breaknews.com/sub_read.html?uid=519992§ion=sc3
224,벤츠 일부차량 백업카메라 먹통. 美서 A.E클래스 등 34만여 대 리콜,http://www.autodaily.co.kr/news/articleView.html?idxno=427588
225,질주하는 벤츠 vs 제동걸린 BMW,https://www.dnews.co.kr/uhtml/view.jsp?idxno=202109121059174300154
226,[자유로 연비] 강렬한 퍼포먼스를 품은 메르세데스-벤츠 GLS 580 4Matic의 자유로 연비는?,https://hankookilbo.com/News/Read/A2021011309200002460?did=NA
227,[수입차대해부]2000cc 이하 소형 수입차 인기 속 벤츠만 역주행?,http://www.asiatoday.co.kr/view.php?key=20150615010009279
228,"(영상)고급세단 끝판왕, 벤츠 ‘더 뉴 S클래스’",http://www.newstomato.com/ReadNews.aspx?no=1041062&inflow=N
229,"""S-클래스, 단언컨대 세계 최고""... 자부심 보여준 토마스 클라인 벤츠 사장",http://www.ceoscoredaily.com/news/article.html?no=81523
230,"[포토] 벤츠 코리아, 마이바흐 첫 SUV ‘더 뉴 GLS 600 4매틱’ 출시",http://news.kmib.co.kr/article/view.asp?arcid=0924180923&code=11151700&cp=nv
231,"(영상)고급세단 끝판왕, 벤츠 ‘더 뉴 S클래스’",http://www.newstomato.com/ReadNews.aspx?no=1041062&inflow=N
232,"""S-클래스, 단언컨대 세계 최고""... 자부심 보여준 토마스 클라인 벤츠 사장",http://www.ceoscoredaily.com/news/article.html?no=81523
233,[포토]벤츠 S클래스 편안함을 SUV로…신형 GLS 출시,http://www.mediapen.com/news/view/527838
234,"메르세데스-벤츠, GLS 3세대 출시…""SUV의 S클래스""",http://www.ajunews.com/view/20200525093226348
235,"""더 고급스럽게""···벤츠, 마이바흐·S클래스로 최상위 시장 노린다",http://www.sisajournal-e.com/news/articleView.html?idxno=229742
236,"S클래스급 SUV 나왔다…벤츠, 3세대 '더 뉴 GLS' 풀체인지 출시",http://kbench.com/?q=node/210765
237,SUV의 S-클래스 '더 뉴 메르세데스-벤츠 GLS' 출시,http://yna.kr/PYH20200525027000013?did=1196m
238,2022 모터트렌드 신차 구매 가이드 4,https://www.motortrendkorea.com/sub/view.html?no=5998&cate1Name=ISSUE
239,"S 클래스 쿠페를 대체하는 벤츠 SL, 하반기 출격 준비",http://www.dailycar.co.kr/content/news.html?type=view&autoId=39034
240,"벤츠, 고급차 라인업 확대…차종별 '럭셔리' 중무장",http://www.shinailbo.co.kr/news/articleView.html?idxno=1427898
241,벤츠 S클래스·C클래스 보험료 5~10% 낮아진다,http://www.fnnews.com/news/202103040857364417
242,"다시 돌아온 '슬기로운 의사생활 시즌2', 캠핑 마니아 채송화가 새롭게 장만한 벤츠 차량은",http://kr.aving.net/news/view.php?articleId=1607509&Branch_ID=kr&rssid=naver&mn_name=news
243,"벤츠코리아 ""뉴 S클래스 등 9종 신차 출시…전기차 충전 등 인프라도 확대""",https://daily.hankooki.com/lpage/industry/202101/dh20210127151515147980.htm?s_ref=nv
244,[Hot!신차] <13> 마이바흐 최초의 SUV '뉴 GLS600' 국내 상륙…가격은 얼마?,https://daily.hankooki.com/lpage/column/202104/dh20210402112256145650.htm?s_ref=nv
245,[레알시승기]삼성태블릿 달린 슈퍼럭셔리SUV…마이바흐 GLS,https://www.nocutnews.co.kr/news/5515283
246,"""캠핑엔 SUV지""…쏘렌토 찾던 '슬의생' 채송화, 이젠 벤츠 GLE 탄다",https://www.hankyung.com/life/article/202106184346g
247,"‘클라쓰’가 다른 SUV, 메르세데스 벤츠 GLS",https://www.motortrendkorea.com/sub/view.html?no=4817&cate1Name=NEWCAR
248,"벤츠코리아, E클래스 제외한 디젤 판매 재개",http://autotimes.hankyung.com/apps/news.sub_view?popup=0&nid=03&c1=03&c2=03&c3=00&nkey=202102151123461
249,"마이바흐의 럭셔리, SUV에 담았다…2억5660만원 'GLS 600' 보니",http://www.newspim.com/news/view/20210304001100
250,"‘클라쓰’가 다른 SUV, 메르세데스 벤츠 GLS",https://www.motortrendkorea.com/sub/view.html?no=4817&cate1Name=NEWCAR
251,"벤츠 코리아, tvN `슬기로운 의사생활 시즌 2` 차량 및 제작 지원",http://www.edaily.co.kr/news/newspath.asp?newsid=02302566629083032
252,"벤츠코리아, E클래스 제외한 디젤 판매 재개",http://autotimes.hankyung.com/apps/news.sub_view?popup=0&nid=03&c1=03&c2=03&c3=00&nkey=202102151123461
253,"마이바흐의 럭셔리, SUV에 담았다…2억5660만원 'GLS 600' 보니",http://www.newspim.com/news/view/20210304001100
254,"마이바흐 GLS 600 실물 보니…""럭셔리 SUV 결정판""",https://www.asiatoday.co.kr/view.php?key=20210303010002284
255,"벤츠 코리아, 2021년 신년 계획 발표… 더 뉴 S-클래스, 순수전기차 2종 포함 9종 신차 출시한다",http://kr.aving.net/news/view.php?articleId=1589435&Branch_ID=kr&rssid=naver&mn_name=news
256,"벤츠코리아, S클래스 등 신차 9종 출시…전기차 인프라 확대(종합)",http://yna.kr/AKR20210127045851003?did=1195m
257,"벤츠코리아, 신형 S클래스·순수전기차 포함 신차 9종 출시한다",http://news.mk.co.kr/newsRead.php?no=86296&year=2021
258,신차 풍년 예고한 벤츠..신형 S클래스·C클래스·전기차 EQ 쏟아진다!,http://www.dailycar.co.kr/content/news.html?type=view&autoId=38702
259,마이바흐 최초의 SUV ‘더 뉴 GLS 600 4MATIC’ 국내 공식 출시,http://www.smartfn.co.kr/view.php?ud=2021030219543635457c01d83724_46
260,"벤츠, 올해 뉴 S-클래스·순수전기차 등 신차 9종 출시",http://www.consumernews.co.kr/news/articleView.html?idxno=619544
261,"벤츠코리아, S클래스 등 신차 9종 출시…전기차 인프라 확대(종합)",http://yna.kr/AKR20210127045851003?did=1195m
262,"벤츠코리아, 신형 S클래스·순수전기차 포함 신차 9종 출시한다",http://news.mk.co.kr/newsRead.php?no=86296&year=2021
263,신차 풍년 예고한 벤츠..신형 S클래스·C클래스·전기차 EQ 쏟아진다!,http://www.dailycar.co.kr/content/news.html?type=view&autoId=38702
264,마이바흐 최초의 SUV ‘더 뉴 GLS 600 4MATIC’ 국내 공식 출시,http://www.smartfn.co.kr/view.php?ud=2021030219543635457c01d83724_46
265,"이익준은 ‘CLS’, 채송화는 ‘더 뉴 GLE’… 벤츠 코리아, ‘슬기로운 의사생활 시즌2’ 지원",http://www.segyebiz.com/newsView/20210618513708?OutUrl=naver
266,[영상] 마이바흐 첫 SUV 'GLS 600' 상륙···억대 시장 노린다,http://www.sisajournal-e.com/news/articleView.html?idxno=229894
267,"벤츠, 브레이크 없는 질주… '8만대의 벽' 넘을까",http://www.sisaweek.com/news/articleView.html?idxno=145137
268,"고급화 전략 나서는 벤츠, 올해 8만대 넘긴다",http://www.newstomato.com/ReadNews.aspx?no=1053981&inflow=N
269,한옥에서 만난 ‘신형 메르세데스-마이바흐 S클래스’… “뒷좌석에 타야 하는 명확한 이유”,https://www.donga.com/news/article/all/20210624/107623343/2
270,"벤츠코리아, 올해 순수 전기차 2종·S클래스 완전변경 모델 출시",http://yna.kr/AKR20210127045800003?did=1195m
271,"메르세데스-마이바흐의 최초 SUV, ‘GLS 600’ 출시",https://daily.hankooki.com/lpage/industry/202103/dh20210302100555147980.htm?s_ref=nv
272,"이익준은 ‘CLS’, 채송화는 ‘더 뉴 GLE’… 벤츠 코리아, ‘슬기로운 의사생활 시즌2’ 지원",http://www.segyebiz.com/newsView/20210618513708?OutUrl=naver
273,[영상] 마이바흐 첫 SUV 'GLS 600' 상륙···억대 시장 노린다,http://www.sisajournal-e.com/news/articleView.html?idxno=229894
274,"벤츠, 브레이크 없는 질주… '8만대의 벽' 넘을까",http://www.sisaweek.com/news/articleView.html?idxno=145137
275,"고급화 전략 나서는 벤츠, 올해 8만대 넘긴다",http://www.newstomato.com/ReadNews.aspx?no=1053981&inflow=N
276,한옥에서 만난 ‘신형 메르세데스-마이바흐 S클래스’… “뒷좌석에 타야 하는 명확한 이유”,https://www.donga.com/news/article/all/20210624/107623343/2
277,"""완전히 새로운 GLS, 궁극의 럭셔리 SUV 한국 시장에 선보인다""",http://www.ajunews.com/view/20210303132740843
278,메르세데스-벤츠 GLS의 변신,http://www.gqkorea.co.kr/2020/07/04/%eb%a9%94%eb%a5%b4%ec%84%b8%eb%8d%b0%ec%8a%a4-%eb%b2%a4%ec%b8%a0-gls%ec%9d%98-%eb%b3%80%ec%8b%a0/?utm_source=naver&utm_medium=partnership
279,"'3억' 마이바흐 중고차, 온라인 거래로 팔렸다",http://www.fnnews.com/news/202204010927197529
280,'더 뉴 메르세데스-마이바흐 GLS 600 4MATIC' 국내 공식 출시,http://www.electimes.com/article.php?aid=1614666287213312094
281,"이익준은 ‘CLS’, 채송화는 ‘더 뉴 GLE’… 벤츠 코리아, ‘슬기로운 의사생활 시즌2’ 지원",http://www.segyebiz.com/newsView/20210618513708?OutUrl=naver
282,[영상] 마이바흐 첫 SUV 'GLS 600' 상륙···억대 시장 노린다,http://www.sisajournal-e.com/news/articleView.html?idxno=229894
283,"벤츠, 브레이크 없는 질주… '8만대의 벽' 넘을까",http://www.sisaweek.com/news/articleView.html?idxno=145137
284,"고급화 전략 나서는 벤츠, 올해 8만대 넘긴다",http://www.newstomato.com/ReadNews.aspx?no=1053981&inflow=N
285,한옥에서 만난 ‘신형 메르세데스-마이바흐 S클래스’… “뒷좌석에 타야 하는 명확한 이유”,https://www.donga.com/news/article/all/20210624/107623343/2
286,"""완전히 새로운 GLS, 궁극의 럭셔리 SUV 한국 시장에 선보인다""",http://www.ajunews.com/view/20210303132740843
287,메르세데스-벤츠 GLS의 변신,http://www.gqkorea.co.kr/2020/07/04/%eb%a9%94%eb%a5%b4%ec%84%b8%eb%8d%b0%ec%8a%a4-%eb%b2%a4%ec%b8%a0-gls%ec%9d%98-%eb%b3%80%ec%8b%a0/?utm_source=naver&utm_medium=partnership
288,"'3억' 마이바흐 중고차, 온라인 거래로 팔렸다",http://www.fnnews.com/news/202204010927197529
289,"한국자동차기자협회, 4월의 차에 '더 뉴 메르세데스-마이바흐 GLS' 선정",http://www.autodaily.co.kr/news/articleView.html?idxno=426757
290,"벤츠, 브레이크 없는 질주… '8만대의 벽' 넘을까",http://www.sisaweek.com/news/articleView.html?idxno=145137
291,"고급화 전략 나서는 벤츠, 올해 8만대 넘긴다",http://www.newstomato.com/ReadNews.aspx?no=1053981&inflow=N
292,한옥에서 만난 ‘신형 메르세데스-마이바흐 S클래스’… “뒷좌석에 타야 하는 명확한 이유”,https://www.donga.com/news/article/all/20210624/107623343/2
293,"""완전히 새로운 GLS, 궁극의 럭셔리 SUV 한국 시장에 선보인다""",http://www.ajunews.com/view/20210303132740843
294,메르세데스-벤츠 GLS의 변신,http://www.gqkorea.co.kr/2020/07/04/%eb%a9%94%eb%a5%b4%ec%84%b8%eb%8d%b0%ec%8a%a4-%eb%b2%a4%ec%b8%a0-gls%ec%9d%98-%eb%b3%80%ec%8b%a0/?utm_source=naver&utm_medium=partnership
295,"마이바흐 최초의 SUV 'GLS 600 4MATIC', 초 럭셔리 SUV로 국내 상륙 ",http://www.osen.co.kr/article/G1111530757
296,"'3억' 마이바흐 중고차, 온라인 거래로 팔렸다",http://www.fnnews.com/news/202204010927197529
297,"자동차기자협회, 4월의 차에 '더 뉴 메르세데스-마이바흐 GLS' 선정",https://www.dailian.co.kr/news/view/979968/?sc=Naver
298,억소리 나는 대형 SUV 경쟁…벤츠 'GLS'의 귀환,https://www.news1.kr/articles/?3944596
299,"벤츠, 대형 SUV ‘더 뉴 GLS’ 출시",https://biz.chosun.com/site/data/html_dir/2020/05/25/2020052501700.html?utm_source=naver&utm_medium=original&utm_campaign=biz
300,"한국자동차기자협회, 4월의 차에 '더 뉴 메르세데스-마이바흐 GLS' 선정",http://www.autodaily.co.kr/news/articleView.html?idxno=426757
301,억소리 나는 대형 SUV 경쟁…벤츠 'GLS'의 귀환,https://www.news1.kr/articles/?3944596
302,"벤츠, 대형 SUV ‘더 뉴 GLS’ 출시",https://biz.chosun.com/site/data/html_dir/2020/05/25/2020052501700.html?utm_source=naver&utm_medium=original&utm_campaign=biz
303,"벤츠 코리아, 더 넓어진 실내에 첨단 편의사양 더한 '더 뉴 메르세데스-벤츠 GLS' 출시",http://kr.aving.net/news/view.php?articleId=1575792&Branch_ID=kr&rssid=naver&mn_name=news
304,"KCC오토, '더 뉴 메르세데스-마이바흐 GLS' 국내 최초 전시",http://news.mt.co.kr/mtview.php?no=2021030510583698268
305,"[현장취재] 브랜드 첫 SUV, 메르세데스-마이바흐 GLS 론칭 이벤트 가보니",http://www.iminju.net/news/articleView.html?idxno=70750
306,[조재환의 카테크] 삼성전자 태블릿 장착한 ‘마이바흐 GLS’,https://zdnet.co.kr/view/?no=20210303152104
307,마이바흐 최초 SUV ‘GLS 600 4매틱’ 출시… “숭고한 아름다움 표현”,https://www.donga.com/news/article/all/20210302/105672309/2
308,"벤츠코리아, tvN 인기 드라마 '슬기로운 의사생활 시즌2' 차량 및 제작 지원",http://www.autodaily.co.kr/news/articleView.html?idxno=428124
309,"더 세지고 멋져졌구나…이 가을, 너와 함께 달리고 싶어",http://www.hankyung.com/news/app/newsview.php?aid=2016092780131
310,더 뉴 메르세데스-마이바흐 GLS 미디어 공개…최고급 럭셔리 SUV,http://www.sporbiz.co.kr/news/articleView.html?idxno=513689
311,마이바흐 최초 SUV ‘GLS 600 4매틱’ 출시… “숭고한 아름다움 표현”,https://www.donga.com/news/article/all/20210302/105672309/2
312,"벤츠코리아, tvN 인기 드라마 '슬기로운 의사생활 시즌2' 차량 및 제작 지원",http://www.autodaily.co.kr/news/articleView.html?idxno=428124
313,"메르세데스-벤츠, 대형 SUV ‘더 뉴 GLS’ 출시",http://www.rpm9.com/news/article.html?id=20200525090002
314,"KCC오토, '더 뉴 메르세데스-마이바흐 GLS' 국내 최초 전시",http://www.asiaa.co.kr/news/articleView.html?idxno=26182
315,"더 세지고 멋져졌구나…이 가을, 너와 함께 달리고 싶어",http://www.hankyung.com/news/app/newsview.php?aid=2016092780131
316,"벤츠코리아, 드라마 '슬의생 시즌2' 차량·제작 지원",http://www.fnnews.com/news/202106190737177710
317,벤츠 신형 'GLS' 출시…獨 프리미엄 3사 럭셔리 대형SUV 경쟁 가열,http://daily.hankooki.com/lpage/industry/202005/dh20200526070029147980.htm?s_ref=nv
318,"벤츠 ""세단 이어 SUV 왕좌 노린다""···대형 SUV 'GLS' 출시",http://www.sisajournal-e.com/news/articleView.html?idxno=218798
319,"벤츠, GLS 3세대 완전변경 모델 '더 뉴 메르세데스-벤츠 GLS'출시",http://www.fnnews.com/news/202005251720243176
320,벤츠도 SUV 시장 참전···플래그십 ‘GLS‘ 국내 출시,http://www.ekn.kr/news/article.html?no=501224
321,"KCC오토, '더 뉴 메르세데스-마이바흐 GLS' 국내 최초 전시",http://www.asiaa.co.kr/news/articleView.html?idxno=26182
322,"더 세지고 멋져졌구나…이 가을, 너와 함께 달리고 싶어",http://www.hankyung.com/news/app/newsview.php?aid=2016092780131
323,"벤츠코리아, 드라마 '슬의생 시즌2' 차량·제작 지원",http://www.fnnews.com/news/202106190737177710
324,벤츠 신형 'GLS' 출시…獨 프리미엄 3사 럭셔리 대형SUV 경쟁 가열,http://daily.hankooki.com/lpage/industry/202005/dh20200526070029147980.htm?s_ref=nv
325,"벤츠 ""세단 이어 SUV 왕좌 노린다""···대형 SUV 'GLS' 출시",http://www.sisajournal-e.com/news/articleView.html?idxno=218798
326,"벤츠, GLS 3세대 완전변경 모델 '더 뉴 메르세데스-벤츠 GLS'출시",http://www.fnnews.com/news/202005251720243176
327,"벤츠, tvN 드라마 '슬의생' 시즌2 차량·제작 지원",http://www.seoulfn.com/news/articleView.html?idxno=422953
328,"한국車기자협회, ‘더 뉴 메르세데스-마이바흐 GLS’ 4월의 차 선정",http://www.newsway.co.kr/news/view?tp=1&ud=2021040808370219581
329,상반기 새로 출시된 수입차 베스트셀링카는 벤츠 GLS...벤츠가 1~4위 싹쓸이,http://www.consumernews.co.kr/news/articleView.html?idxno=608949
330,"벤츠, 3세대 `더 뉴 GLS` 공식 출시…1억3860만~1억6360만원",http://www.edaily.co.kr/news/newspath.asp?newsid=01918806625772528
331,"벤츠, tvN 드라마 '슬의생' 시즌2 차량·제작 지원",http://www.seoulfn.com/news/articleView.html?idxno=422953
332,"한국車기자협회, ‘더 뉴 메르세데스-마이바흐 GLS’ 4월의 차 선정",http://www.newsway.co.kr/news/view?tp=1&ud=2021040808370219581
333,상반기 새로 출시된 수입차 베스트셀링카는 벤츠 GLS...벤츠가 1~4위 싹쓸이,http://www.consumernews.co.kr/news/articleView.html?idxno=608949
334,"KAJA, 4월의 차에 더 뉴 메르세데스-마이바흐 GLS",http://www.mediapen.com/news/view/616982
335,벤츠 관계자가 꼽은 GLS 특장점 7가지,http://autotimes.hankyung.com/apps/news.sub_view?popup=0&nid=03&c1=03&c2=03&c3=00&nkey=202005261143151
336,"KCC오토, '더 뉴 메르세데스-마이바흐 GLS' 국내 최초 전시",http://news.tf.co.kr/read/economy/1846601.htm
337,"마이바흐, 럭셔리 리무진 ‘더 뉴 S클래스’ 출시..가격은 2억6060만원",http://m.dailycar.co.kr/content/news.html?type=view&autoId=39952
338,"마이바흐 GLS 600 실제로 보니…""궁극의 럭셔리라 할 만하네""",https://www.news1.kr/articles/?4228717
339,‘이게 마이바흐다’ 마이바흐 최초 SUV ‘더 뉴 메르세데스-마이바흐 GLS 600 4매틱’ 국내 데뷔,http://sports.khan.co.kr/news/sk_index.html?art_id=202103021109003&sec_id=563002&pt=nv
340,"한국車기자협회, ‘더 뉴 메르세데스-마이바흐 GLS’ 4월의 차 선정",http://www.newsway.co.kr/news/view?tp=1&ud=2021040808370219581
341,상반기 새로 출시된 수입차 베스트셀링카는 벤츠 GLS...벤츠가 1~4위 싹쓸이,http://www.consumernews.co.kr/news/articleView.html?idxno=608949
342,"KAJA, 4월의 차에 더 뉴 메르세데스-마이바흐 GLS",http://www.mediapen.com/news/view/616982
343,벤츠 관계자가 꼽은 GLS 특장점 7가지,http://autotimes.hankyung.com/apps/news.sub_view?popup=0&nid=03&c1=03&c2=03&c3=00&nkey=202005261143151
344,"KCC오토, '더 뉴 메르세데스-마이바흐 GLS' 국내 최초 전시",http://news.tf.co.kr/read/economy/1846601.htm
345,"마이바흐, 럭셔리 리무진 ‘더 뉴 S클래스’ 출시..가격은 2억6060만원",http://m.dailycar.co.kr/content/news.html?type=view&autoId=39952
346,"마이바흐 GLS 600 실제로 보니…""궁극의 럭셔리라 할 만하네""",https://www.news1.kr/articles/?4228717
347,‘이게 마이바흐다’ 마이바흐 최초 SUV ‘더 뉴 메르세데스-마이바흐 GLS 600 4매틱’ 국내 데뷔,http://sports.khan.co.kr/news/sk_index.html?art_id=202103021109003&sec_id=563002&pt=nv
348,메르세데스-마이바흐 첫 SUV 'GLS 600' 출시…2억5660만원,http://www.newspim.com/news/view/20210302000225
349,드디어 등장한 SUV의 S클래스 '뉴 GLS',http://www.fortunekorea.co.kr/news/articleView.html?idxno=12590
350,마이바흐 첫 SUV ‘GLS 600’ 국내 상륙,https://www.donga.com/news/article/all/20210302/105688327/1
351,"KCC오토, ‘더 뉴 메르세데스-마이바흐 GLS’ 국내 최초 전시",http://www.munhwa.com/news/view.html?no=20210305MW145253371222
352,‘이게 마이바흐다’ 마이바흐 최초 SUV ‘더 뉴 메르세데스-마이바흐 GLS 600 4매틱’ 국내 데뷔,http://sports.khan.co.kr/news/sk_index.html?art_id=202103021109003&sec_id=563002&pt=nv
353,메르세데스-마이바흐 첫 SUV 'GLS 600' 출시…2억5660만원,http://www.newspim.com/news/view/20210302000225
354,드디어 등장한 SUV의 S클래스 '뉴 GLS',http://www.fortunekorea.co.kr/news/articleView.html?idxno=12590
355,"벤츠 코리아, 플래그십 SUV ‘GLS’ 풀체인지 출시…1억3860만원 부터",http://daily.hankooki.com/lpage/industry/202005/dh20200525102156147980.htm?s_ref=nv
356,"""슬기로운 의사 5인방 시즌2엔 벤츠 탄다""",http://news.mt.co.kr/mtview.php?no=2021061811184632199
357,"벤츠코리아 수입차 판매 1위 지킬까, 배터리 품질논란 대처가 열쇠",https://www.businesspost.co.kr/BP?command=article_view&num=233479
358,"'뭐가 달라졌나?' 벤츠, 럭셔리 끝판왕 '마이바흐 S클래스' 포착. 이달 공개 예정",http://www.autodaily.co.kr/news/articleView.html?idxno=423663
359,"[자동차오늘] 토요타, '프리우스 리그' 온라인 이벤트 개최…벤츠 코리아, '슬기로운 의사생활 시즌2' 차량·제작 지원",http://www.sisaon.co.kr/news/articleView.html?idxno=128639
360,[포토]마이바흐 GLS 600 소개하는 마크 레인 부사장,http://www.edaily.co.kr/news/newspath.asp?newsid=02692886628979712
361,"벤츠코리아 수입차 판매 1위 지킬까, 배터리 품질논란 대처가 열쇠",https://www.businesspost.co.kr/BP?command=article_view&num=233479
362,"'뭐가 달라졌나?' 벤츠, 럭셔리 끝판왕 '마이바흐 S클래스' 포착. 이달 공개 예정",http://www.autodaily.co.kr/news/articleView.html?idxno=423663
363,"벤츠 '모던 럭셔리' 더 뉴 GLS 출시…""지위의 상징될 것""(종합)",http://www.edaily.co.kr/news/newspath.asp?newsid=03591606625772528
364,"[자동차오늘] 토요타, '프리우스 리그' 온라인 이벤트 개최…벤츠 코리아, '슬기로운 의사생활 시즌2' 차량·제작 지원",http://www.sisaon.co.kr/news/articleView.html?idxno=128639
365,"벤츠, tvN '슬기로운 의사생활 시즌2' 제작 지원",http://www.newsis.com/view/?id=NISX20210618_0001481518&cID=13001&pID=13000
366,3열 대형 SUV 벤츠 GLS 출시임박..환경부 인증 완료,http://www.edaily.co.kr/news/newspath.asp?newsid=03365286625738088
367,2월 국산차 판매량 - 기아 K8 실내 공개 - 마이바흐 GLS 600 [모터그램],http://www.sisunnews.co.kr/news/articleView.html?idxno=138064
368,[2015 LA오토쇼]전시장 수놓은 최고의 신차 5선(選),http://car.donga.com/3/all/20151119/74869931/2
369,[최기성의 허브車]“포르쉐도 음메 기죽어”…‘끝판 SUV’ 완전체 출격,https://www.mk.co.kr/opinion/columnists/view/2021/02/117617/
370,[포토]마이바흐 최초 SUV 'GLS 600'의 옆라인,http://www.edaily.co.kr/news/newspath.asp?newsid=02781446628979712
371,"벤츠코리아 수입차 판매 1위 지킬까, 배터리 품질논란 대처가 열쇠",https://www.businesspost.co.kr/BP?command=article_view&num=233479
372,"'뭐가 달라졌나?' 벤츠, 럭셔리 끝판왕 '마이바흐 S클래스' 포착. 이달 공개 예정",http://www.autodaily.co.kr/news/articleView.html?idxno=423663
373,"벤츠 '모던 럭셔리' 더 뉴 GLS 출시…""지위의 상징될 것""(종합)",http://www.edaily.co.kr/news/newspath.asp?newsid=03591606625772528
374,"[자동차오늘] 토요타, '프리우스 리그' 온라인 이벤트 개최…벤츠 코리아, '슬기로운 의사생활 시즌2' 차량·제작 지원",http://www.sisaon.co.kr/news/articleView.html?idxno=128639
375,"벤츠, tvN '슬기로운 의사생활 시즌2' 제작 지원",http://www.newsis.com/view/?id=NISX20210618_0001481518&cID=13001&pID=13000
376,3열 대형 SUV 벤츠 GLS 출시임박..환경부 인증 완료,http://www.edaily.co.kr/news/newspath.asp?newsid=03365286625738088
377,2월 국산차 판매량 - 기아 K8 실내 공개 - 마이바흐 GLS 600 [모터그램],http://www.sisunnews.co.kr/news/articleView.html?idxno=138064
378,[2015 LA오토쇼]전시장 수놓은 최고의 신차 5선(選),http://car.donga.com/3/all/20151119/74869931/2
379,[최기성의 허브車]“포르쉐도 음메 기죽어”…‘끝판 SUV’ 완전체 출격,https://www.mk.co.kr/opinion/columnists/view/2021/02/117617/
380,"벤츠, tvN '슬기로운 의사생활 시즌2' 제작 지원",http://www.newsis.com/view/?id=NISX20210618_0001481518&cID=13001&pID=13000
381,"SUV의 S클래스 표방하는 3세대 GLS 출시...가격은 1억3,860만원부터",http://www.autodaily.co.kr/news/articleView.html?idxno=419383
382,3열 대형 SUV 벤츠 GLS 출시임박..환경부 인증 완료,http://www.edaily.co.kr/news/newspath.asp?newsid=03365286625738088
383,2월 국산차 판매량 - 기아 K8 실내 공개 - 마이바흐 GLS 600 [모터그램],http://www.sisunnews.co.kr/news/articleView.html?idxno=138064
384,[2015 LA오토쇼]전시장 수놓은 최고의 신차 5선(選),http://car.donga.com/3/all/20151119/74869931/2
385,[최기성의 허브車]“포르쉐도 음메 기죽어”…‘끝판 SUV’ 완전체 출격,https://www.mk.co.kr/opinion/columnists/view/2021/02/117617/
386,"더 뉴 메르세데스-마이바흐 GLS 600 4매틱, 국내 공식 출시...'가격은 2억5660만원'",http://www.econonews.co.kr/news/articleView.html?idxno=161011
387,"벤츠 GLS 신형 SUV 출시…가격 1억3,860만원부터",http://www.wowtv.co.kr/NewsCenter/News/Read?articleId=A202005250051&t=NN
388,"""성능선 포르쉐, 품질선 렉서스 이겼다""…정몽구·정의선 뚝심, 승전보 터졌다[세상만車]",https://premium.mk.co.kr/view.php?no=31546
389,"[영상] 벤츠 GLS ""SUV 공간성에 세단급 안락함 더하다""",http://www.sisajournal-e.com/news/articleView.html?idxno=219402
390,"벤츠 GLS 신형 SUV 출시…가격 1억3,860만원부터",http://www.wowtv.co.kr/NewsCenter/News/Read?articleId=A202005250051&t=NN
391,"벤츠 초호화 SUV 'GLS', 뒷좌석엔 어떤 기능이?",http://moneys.mt.co.kr/news/mwView.php?no=2020052508468070610
392,"""성능선 포르쉐, 품질선 렉서스 이겼다""…정몽구·정의선 뚝심, 승전보 터졌다[세상만車]",https://premium.mk.co.kr/view.php?no=31546
393,"[영상] 벤츠 GLS ""SUV 공간성에 세단급 안락함 더하다""",http://www.sisajournal-e.com/news/articleView.html?idxno=219402
394,[고급차 대명사 ‘벤츠’의 질주] 추월할 수 없는 우월함…6년째 판매 1위 가속도,https://www.dnews.co.kr/uhtml/view.jsp?idxno=202106081405585760771
395,"""대격돌, '한국 최고의 차' 뽑혔다""…제네시스 G90, '2022 올해의 차' 수상",http://news.mk.co.kr/newsRead.php?no=143382&year=2022
396,배터리 문제로 시동 꺼지는 벤츠…차주들 '뿔났다',http://www.newstomato.com/ReadNews.aspx?no=1041300&inflow=N
397,"벤츠코리아, 6년 연속 1위 수성 박차",https://www.dnews.co.kr/uhtml/view.jsp?idxno=202106080927591790573
398,"메르세데스-벤츠 GLS, 플래그십 SUV 지각변동 예고",https://view.asiae.co.kr/article/2020052811271696820
399,세계 3대 명차 '마이바흐' 첫 SUV 'GLS 600' 국내 나온다,http://www.smedaily.co.kr/news/articleView.html?idxno=198938
400,"메르세데스-벤츠 코리아, ‘더 뉴 GLS’ 출시",http://www.electimes.com/article.php?aid=1590382550199055094
401,세계 3대 명차 '마이바흐' 첫 SUV 'GLS 600' 국내 나온다,http://www.smedaily.co.kr/news/articleView.html?idxno=198938
402,'더 뉴 메르세데스-마이바흐 GLS' 소개하는 마크 레인 총괄 부사장,http://www.newspim.com/news/view/20210304001000
403,"""EV6·G90·아이오닉5"" 2022 올해의 차 최종 후보로…21종 경쟁",http://www.etnews.com/20220125000058
404,"[시승] 벤츠 '신형 E클래스', 디자인·엔진·MBUX 증강현실 등 '수입차 왕좌 다운 상품성'",http://www.autodaily.co.kr/news/articleView.html?idxno=423303
405,[리뷰] 하이엔드 럭셔리의 증명… ‘메르세데스-마이바흐 GLS 600 4Matic’,https://hankookilbo.com/News/Read/A2021010309070001830?did=NA
406,"벤츠코리아, '마이바흐 첫 SUV' 출시로 날개 달았다",http://moneys.mt.co.kr/news/mwView.php?no=2021030917528047367
407,2억대 ‘더 뉴 마이바흐’ GLS 600 국내 상륙,http://www.segye.com/content/html/2021/03/07/20210307507705.html?OutUrl=naver
408,럭셔리 SUV 시장 빠르게 커지자..벤츠 마이바흐도 참전,http://www.edaily.co.kr/news/newspath.asp?newsid=03345606628980368
409,"'E클래스·5시리즈 격돌 예고' 벤츠, 한 달 만에 1위 재탈환",http://www.autodaily.co.kr/news/articleView.html?idxno=422660
410,최고급 소재와 장인정신 엿볼수 있는 ''더 뉴 마이바흐 GLS' 인테리어,http://www.newspim.com/news/view/20210304001056
411,럭셔리 SUV 시장 빠르게 커지자..벤츠 마이바흐도 참전,http://www.edaily.co.kr/news/newspath.asp?newsid=03345606628980368
412,"'E클래스·5시리즈 격돌 예고' 벤츠, 한 달 만에 1위 재탈환",http://www.autodaily.co.kr/news/articleView.html?idxno=422660
413,"메르세데스-벤츠, 中 광저우 모터쇼서 '마이바흐 GLS 600' 세계 최초 공개",http://www.autodaily.co.kr/news/articleView.html?idxno=413554
414,"'막바지 담금질' 벤츠, 신형 S클래스 최종 티저 공개. 내달 2일 글로벌 데뷔",http://www.autodaily.co.kr/news/articleView.html?idxno=421757
415,"[Car Special] 하루를 떠나도 특별하게… 여름휴가, 차박 한번 해볼까?",http://news.mk.co.kr/newsRead.php?no=750333&year=2021
416,"[질주하는 수입 SUV] 벤츠-더 뉴 GLS, 강인하면서도 우아한 외관..'SUV의 S클래스'",http://www.sedaily.com/NewsView/1OIJC8SEBR
417,벤츠가 공개한 럭셔리 전기 세단 EQS..디자인 특징은?,http://www.dailycar.co.kr/content/news.html?type=view&autoId=39384
418,"김효준 그늘 벗어난 한상윤... BMW코리아, 올해 벤츠 넘어설까",http://www.ceoscoredaily.com/news/article.html?no=80924
419,"스킨알엑스랩, KCC오토 메르세데스-벤츠 한남 전시장 ‘마이바흐’ 쇼케이스 협찬",https://www.etoday.co.kr/news/view/2003817
420,"'E클래스·5시리즈 격돌 예고' 벤츠, 한 달 만에 1위 재탈환",http://www.autodaily.co.kr/news/articleView.html?idxno=422660
421,"메르세데스-벤츠, 中 광저우 모터쇼서 '마이바흐 GLS 600' 세계 최초 공개",http://www.autodaily.co.kr/news/articleView.html?idxno=413554
422,"'막바지 담금질' 벤츠, 신형 S클래스 최종 티저 공개. 내달 2일 글로벌 데뷔",http://www.autodaily.co.kr/news/articleView.html?idxno=421757
423,"[Car Special] 하루를 떠나도 특별하게… 여름휴가, 차박 한번 해볼까?",http://news.mk.co.kr/newsRead.php?no=750333&year=2021
424,"[질주하는 수입 SUV] 벤츠-더 뉴 GLS, 강인하면서도 우아한 외관..'SUV의 S클래스'",http://www.sedaily.com/NewsView/1OIJC8SEBR
425,벤츠가 공개한 럭셔리 전기 세단 EQS..디자인 특징은?,http://www.dailycar.co.kr/content/news.html?type=view&autoId=39384
426,"김효준 그늘 벗어난 한상윤... BMW코리아, 올해 벤츠 넘어설까",http://www.ceoscoredaily.com/news/article.html?no=80924
427,"스킨알엑스랩, KCC오토 메르세데스-벤츠 한남 전시장 ‘마이바흐’ 쇼케이스 협찬",https://www.etoday.co.kr/news/view/2003817
428,[구상 칼럼] 벤츠의 럭셔리 대형 SUV..GLS 디자인의 특징은?,http://www.dailycar.co.kr/content/news.html?type=view&autoId=34963
429,"마이바흐 뱃지 단 GLS, 가격은 2억955만원..출시 일정은?",http://www.dailycar.co.kr/content/news.html?type=view&autoId=37911
430,메르세데스-벤츠 '더 뉴 GLS 600 4MATIC' 최초 공개,http://www.newsprime.co.kr/news/article.html?no=484294
431,"김효준 그늘 벗어난 한상윤... BMW코리아, 올해 벤츠 넘어설까",http://www.ceoscoredaily.com/news/article.html?no=80924
432,"스킨알엑스랩, KCC오토 메르세데스-벤츠 한남 전시장 ‘마이바흐’ 쇼케이스 협찬",https://www.etoday.co.kr/news/view/2003817
433,[구상 칼럼] 벤츠의 럭셔리 대형 SUV..GLS 디자인의 특징은?,http://www.dailycar.co.kr/content/news.html?type=view&autoId=34963
434,"마이바흐 뱃지 단 GLS, 가격은 2억955만원..출시 일정은?",http://www.dailycar.co.kr/content/news.html?type=view&autoId=37911
435,"'역시 벤츠 끝판왕' 신형 S클래스, E액티브 바디 컨트롤·후륜 조향 등 첨단사양 탑재",http://www.autodaily.co.kr/news/articleView.html?idxno=421081
436,‘고급 세단의 끝판왕’ 마이바흐 S클래스 출시,http://www.segye.com/content/html/2021/05/03/20210503508911.html?OutUrl=naver
437,벤츠 GLS | 슈퍼맨 아빠를 위한 ‘가족용 SUV의 S클래스’,http://news.mk.co.kr/newsRead.php?no=897865&year=2016
438,"""S클래스만 있는 게 아냐""…벤츠코리아, SUV 풀 라인업 구축",https://www.asiatime.co.kr/news/newsview.php?ncode=1065596571823091
439,양산모델 그대로 노출된 벤츠 'GLS 마이바흐'...11월 LA 오토쇼서 공개,http://www.autodaily.co.kr/news/articleView.html?idxno=412785
440,'플래그십의 위엄' 벤츠 신형 S클래스 위장막 포착. 9월 글로벌 공개 예정,http://www.autodaily.co.kr/news/articleView.html?idxno=420767
441,"제네시스·벤츠·BMW, 국내 프리미엄차 시장 '삼국지' 본격화",http://www.kpinews.co.kr/news/articleView.html?idxno=139777
442,"마이바흐, 100년만에 첫 SUV GLS 출시…S클래스 녹였다",http://www.metroseoul.co.kr/article/20210302500302
443,"벤츠, 광저우 국제모터쇼에서 ‘마이바흐 GLS’ 세계최초 선보여",http://www.newstomato.com/ReadNews.aspx?no=935196
444,"벤츠, 럭셔리 SUV ‘GLS 63 AMG’ 공개..612마력 파워",http://www.dailycar.co.kr/content/news.html?type=view&autoId=35197
445,[포토]마이바흐 100년의 역사 소개하는 마크 레인 벤츠코리아 제품&마케팅 총괄 부사장,http://www.edaily.co.kr/news/newspath.asp?newsid=02706006628979712
446,벤츠 S클래스의 장점을 그대로 옮겨 놓은 전기차 EQS..주행거리는 700km,http://www.dailycar.co.kr/content/news.html?type=view&autoId=37607
447,"[신박한 車담] 자동차, 이동수단에서 탑승자 보호수단이 되다…메르세데스-벤츠(3)",http://www.enewstoday.co.kr/news/articleView.html?idxno=1460042
448,"벤츠 코리아, S클래스 기반의 대형 SUV '더 뉴 GLS' 공식 출시",http://kr.aving.net/news/view.php?articleId=1372778&Branch_ID=kr&rssid=naver&mn_name=news
449,"다임러, 미국 이어 중국에서도 소프트웨어 결함으로 메르세데스-벤츠 260만대 리콜",http://www.g-enews.com/ko-kr/news/article/news_all/202103140919533534e8b8a793f7_1/article.html
450,"벤츠, 중국서 프리미엄 SUV '더 뉴 메르세데스-마이바흐 GLS 600 4메틱' 최초 공개!",http://kr.aving.net/news/view.php?articleId=1539787&Branch_ID=kr&rssid=naver&mn_name=news
451,"다임러, 미국 이어 중국에서도 소프트웨어 결함으로 메르세데스-벤츠 260만대 리콜",http://www.g-enews.com/ko-kr/news/article/news_all/202103140919533534e8b8a793f7_1/article.html
452,"S-클래스 세단보다 편안한 뒷좌석, 디지뇨 가죽패키지 기본 적용",https://biz.chosun.com/site/data/html_dir/2021/03/25/2021032501965.html?utm_source=naver&utm_medium=original&utm_campaign=biz
453,"벤츠, 마이바흐 SUV 출시",https://www.hankyung.com/economy/article/2021030218621
454,"벤츠 코리아, S클래스 기반 SUV 출시... '더 뉴 GLS' 등 2종",http://www.kookje.co.kr/news2011/asp/newsbody.asp?code=0200&key=20161011.99002004745
455,"벤츠, 한쪽으로 쏠리는 소프트웨어. 긴급호출 오류로 美서 134만대 리콜",http://www.autodaily.co.kr/news/articleView.html?idxno=425797
456,"벤츠 신형 S클래스, 후석 탑승자 보호 '리어 프론트 에어백' 세계 최초 적용",http://www.autodaily.co.kr/news/articleView.html?idxno=421008
457,"공개 임박한 '벤츠 마이바흐 GLS', 위장막 없는 모습으로 도로에 불쑥",http://www.autodaily.co.kr/news/articleView.html?idxno=412185
458,"메르세데스-벤츠, 루마니아서 '화재 위험' ABCE클래스와 GLS모델 1449대 리콜",http://www.g-enews.com/ko-kr/news/article/news_all/201709061526354245e8b8a793f7_1/article.html
459,"벤츠, ‘더 뉴 메르세데스-마이바흐 GLS 600 4매틱’ 공개",http://www.electimes.com/article.php?aid=1574583955190228094
460,"메르세데스-벤츠, 루마니아서 '화재 위험' ABCE클래스와 GLS모델 1449대 리콜",http://www.g-enews.com/ko-kr/news/article/news_all/201709061526354245e8b8a793f7_1/article.html
461,"벤츠, ‘더 뉴 메르세데스-마이바흐 GLS 600 4매틱’ 공개",http://www.electimes.com/article.php?aid=1574583955190228094
462,"[광저우모터쇼] ""SUV계 퍼스트 클래스"" 메르세데스-마이바흐 GLS 600 공개",http://www.digitaltoday.co.kr/news/articleView.html?idxno=217856
463,미국서 A·C클래스 생산 중단하는 벤츠..SUV 올인하나?,http://www.dailycar.co.kr/content/news.html?type=view&autoId=37130
464,현대·기아 다음은 벤츠·BMW‥국산보다 잘 팔리는 수입차(종합),http://www.edaily.co.kr/news/newspath.asp?newsid=04221366628980040
465,"롤스로이스 컬리넌 등과 경쟁할 벤츠 GLS 마이바흐, 21일 광저우 모터쇼서 데뷔",http://www.autodaily.co.kr/news/articleView.html?idxno=413313
466,"메르세데스-벤츠, EQ 중심 브랜드 강화… 올해 신차는 총 9종",http://www.sisaweek.com/news/articleView.html?idxno=141314
467,`6년 연속 1위` 노리는 벤츠‥올해 `고급` 이미지 굳힌다(종합),http://www.edaily.co.kr/news/newspath.asp?newsid=04424726628921984
468,"벤츠 코리아, 올해 전기차로 승부수... EQA, EQS 포함 신차 9종 출시",https://www.chosun.com/economy/auto/2021/01/27/JQSESQBTKRHGDDVENMCRFQQUBY/?utm_source=naver&utm_medium=referral&utm_campaign=naver-news
469,'5년 연속 수입차 1위' 벤츠 따라잡는 BMW…선두 경쟁 '후끈',https://view.asiae.co.kr/article/2021030716100568328
470,"벤츠 ""올해 한국시장서 순수전기차 2종 포함 신차 9종 출시""",http://www.newspim.com/news/view/20210127000310
471,`6년 연속 1위` 노리는 벤츠‥올해 `고급` 이미지 굳힌다(종합),http://www.edaily.co.kr/news/newspath.asp?newsid=04424726628921984
472,"벤츠 코리아, 올해 전기차로 승부수... EQA, EQS 포함 신차 9종 출시",https://www.chosun.com/economy/auto/2021/01/27/JQSESQBTKRHGDDVENMCRFQQUBY/?utm_source=naver&utm_medium=referral&utm_campaign=naver-news
473,'5년 연속 수입차 1위' 벤츠 따라잡는 BMW…선두 경쟁 '후끈',https://view.asiae.co.kr/article/2021030716100568328
474,'이거 E클래스 아니야?' 벤츠 '신형 S클래스' 티저 공개. 하반기 출시,http://www.autodaily.co.kr/news/articleView.html?idxno=419438
475,"'럭셔리 끝판왕' 벤츠 신형 '마이바흐 S클래스', 뉘르부르크링 서킷서 포착",http://www.autodaily.co.kr/news/articleView.html?idxno=418628
476,"벤츠, S클래스 기반 플래그십 SUV '더 뉴 GLS' 국내출시",http://www.mt.co.kr/view/mtview.php?type=1&no=2016101914422598888&outlink=1
477,"메르세데스-벤츠, 美서 소프트웨어 결함으로 129만 대 리콜",http://www.g-enews.com/ko-kr/news/article/news_all/20210218072439205783a046ffa0_1/article.html
478,"""사고났는데 차량 위치는 엉뚱한 곳?"" 벤츠, 美서 129만대 리콜",http://www.bloter.net/archives/531136
479,'도대체 납득이 안되네' 외장디자인 퇴보한 벤츠 신형 S클래스 유출,http://www.autodaily.co.kr/news/articleView.html?idxno=419157
480,"벤츠, 디젤라인 국내 판매 중단…올해 판매 타격 불가피",https://www.news1.kr/articles/?4207939
481,"벤츠 소유주들, AMG 라디에이터 누수 집단 소송",http://www.thedrive.co.kr/news/newsview.php?ncode=1065579910149238
482,"수입차 2021년 1라운드 '지키려는 벤츠, 추월 나선 BMW'",http://www.gpkorea.com/news/articleView.html?idxno=71276
483,"“아빠들의 현실적인 드림카”… 벤츠코리아, ‘AMG GLB35 4매틱’ 출시",https://www.donga.com/news/article/all/20210308/105778188/2
484,"“올 전기차 2종, 최고의 벤츠 경험 될 겁니다”",https://www.chosun.com/economy/auto/2021/02/05/QQMGPBSKS5DMJO5OBDBOYIYEUI/?utm_source=naver&utm_medium=referral&utm_campaign=naver-news
485,"벤츠, 럭셔리 SUV '마이바흐 GLS 600 4매틱' 공개...최고 558마력",http://www.gpkorea.com/news/articleView.html?idxno=59041
486,"현대차·기아, 중고차로 신차 고객 모은다?",http://www.econovill.com/news/articleView.html?idxno=573480
487,"더클래스효성, 전국 벤츠 전시장서 고객 초청 `GLE 쿠페·GLS` 시승 실시",http://www.etnews.com/20161128000257
488,"5시리즈와 맞대결 할 벤츠 '신형 E클래스', 유럽 출시. 韓은 10월께 예정",http://www.autodaily.co.kr/news/articleView.html?idxno=419780
489,"[동영상] 벤츠 코리아, 순수 전기차 EQA·EQS로 미래 모빌리티 '정조준'",http://www.paxetv.com/news/articleView.html?idxno=109617
490,'이번에도 벤츠가 점령' 수입차 판매 TOP10 'E클래스' 1위. 누적 1만대 돌파,http://www.autodaily.co.kr/news/articleView.html?idxno=419724
491,"메르세데스-벤츠 코리아, 지속가능한 미래 모빌리티 환경에 무게 둔 신년 계획 발표",http://www.dailysportshankook.co.kr/news/articleView.html?idxno=235460
492,BMW 5시리즈 vs 벤츠 E클래스 '라이벌' 재격돌…승자는?,http://www.mediapen.com/news/view/529843
493,"메르세데스-벤츠, 올해 순수 전기차 포함 9종 모델 출시",http://www.newsworks.co.kr/news/articleView.html?idxno=523415
494,"5년 연속 수입차 시장 1위 벤츠코리아, 올해 9종 신차 출시로 왕좌 굳건히 지킨다",http://www.autodaily.co.kr/news/articleView.html?idxno=425310
495,"벤츠 ""상반기 순수 전기차 EQA 출시…매력적인 가격일 것""(종합)",http://www.newstomato.com/ReadNews.aspx?no=1021509
496,"[모빌리티 인사이트] 이제 고개 들고 운전하세요, 헤드업디스플레이",https://www.donga.com/news/article/all/20210805/108394492/1
497,움직이는 집무실이 된 SUV… ‘CEO 차’로 진화하다,http://www.munhwa.com/news/view.html?no=2021072601032903353002
498,벤츠 '신형 GLS' 포착...차세대 디자인과 파워트레인으로 무장,http://www.autodaily.co.kr/news/articleView.html?idxno=407456
499,"아우디, '문 잠금장치 오작동' 1년째… 리콜 왜 안할까",http://www.sisaweek.com/news/articleView.html?idxno=145635
