,title,url
0,"더클래스 효성, '더 뉴 E-클래스' 등 베스트셀링 모델 시승 행사",http://daily.hankooki.com/news/articleView.html?idxno=820124
1,"""못 사서 안달, 그깟 '주행거리'쯤이야""…'덕심 폭발' 벤츠·미니, 흥행 돌풍[세상만車]",https://premium.mk.co.kr/view.php?no=31859
2,"메르세데스-벤츠, 전기차 플랫폼에 내연기관 얹는다",http://news.heraldcorp.com/view.php?ud=20220429000737
3,벤츠 세단·SUV 14만대 리콜…백업 카메라·접지 전선 이슈,https://news.koreadaily.com/2022/04/28/economy/economygeneral/20220428204536270.html
4,"프리미엄 컴팩트 SUV, 벤츠 GLA 250 4MATIC[SS시승기]",http://www.sportsseoul.com/news/read/1115960?ref=naver
5,벤츠가 개발하는 '베이비 G클래스'는 이런 모습?,http://www.thedrive.co.kr/news/newsview.php?ncode=1065601922681138
6,"벤츠, 신형 CLA, GLA, A클래스 모델에 'PHEV' 추가",https://www.theguru.co.kr/news/article.html?no=9186
7,"벤츠 ""A클래스·E클래스·GLA 등 올해 신차 15종 투입해 수입차 1등 지킨다""",http://weekly.cnbnews.com/news/article.html?no=132125
8,"벤츠, A클래스 라인업의 마침표..2세대 GLA 스파이샷 ‘공개’",http://www.dailycar.co.kr/content/news.html?type=view&autoId=33473
9,"벤츠, A클래스 동생 2000만원대 ‘A시티’ 출시?",http://www.thedrive.co.kr/news/newsview.php?ncode=1065597125024399
10,쏘카 페어링 오너 신청하면 4분기 테슬라 '모델3' 인도...수입차 모델은 BMW 5시리즈-벤츠 GLA-벤츠 E클래스-미니 5도어-지프 레니게이드 등 구성,http://www.econonews.co.kr/news/articleView.html?idxno=87022
11,"NS홈쇼핑, '썸머 대축제' 프로모션…벤츠 GLA 220클래스 주인공은 누구?",http://sports.chosun.com/news/ntype.htm?id=201906040100014780000874&servicedate=20190603
12,"[10월 신차 열전] 벤츠, 더 뉴 GLA·S클래스 국내 상륙",http://www.fntimes.com/paper/view.aspx?num=190118
13,"벤츠, 美서 판매부진으로 A클래스 판매중단..소형 SUV 빈자리 차지!",http://www.dailycar.co.kr/content/news.html?type=view&autoId=42944
14,"벤츠, 내년부터 美서 A 클래스 세단 단종… 국내는 영향 없어",https://biz.chosun.com/industry/car/2022/02/16/PERFD72FZNCE3KMPELWFXYGY5Y/?utm_source=naver&utm_medium=original&utm_campaign=biz
15,벤츠 신형 GLA 스파이샷 나왔다..근육질에 친숙한 느낌,http://www.edaily.co.kr/news/newspath.asp?newsid=03870406622525000
16,[초이스잇/12월]프리미엄 소형 SUV ‘벤츠 GLA 클래스’,http://www.it.co.kr/news/article.html?no=2793269
17,[라이벌 명차] 미니 컨트리맨 vs 벤츠 GLA-클래스,http://www.it.co.kr/news/mediaitNewsView.php?nSeq=2762052
18,"10월의 차, 메르세데스-벤츠 GLA클래스 - 1",http://www.gqkorea.co.kr/content/view_02.asp?menu_id=04040100&c_idx=012305020000067&_C_=18
19,[수입차 전성시대]메르세데스-벤츠 더 뉴 GLA클래스,http://view.asiae.co.kr/news/view.htm?idxno=2014092410080061547
20,"[카라이프]벤츠의 고집 'GLA클래스', 알프스도 넘었다",http://view.asiae.co.kr/news/view.htm?idxno=2014091909592182991
21,[메르세데스-벤츠 `GLA클래스`] 산악길도 거뜬한 근육車,http://news.mk.co.kr/news_forward.php?domain=news&no=1198671&year=2014
22,[신차앤조이] 메르세데스 벤츠 ' 더 뉴 GLA 클래스'… 명차의 품격과 스타일을 지니다,http://www.ajunews.com/view/20140828095726522
23,"벤츠의 '더 뉴 GLA클래스', 스타일리쉬함으로 젊은 층 공략?",http://www.asiatoday.co.kr/view.php?key=20140825010012615
24,"벤츠, 프리미엄 콤팩트 SUV '더 뉴 GLA클래스' 출시… 가격은 4900만원",http://www.ajunews.com/view/20140825090114848
25,"벤츠, 소형 SUV 'GLA클래스' 출시…4900만원부터",http://www.mt.co.kr/view/mtview.php?type=1&no=2014082509025659536&outlink=1
26,"벤츠코리아, 8月 소형 SUV 'GLA클래스' 4900만원 시판",http://news1.kr/articles/?1780804
27,"벤츠 5번째 SUV' 더 뉴 GLA-클래스, 내달 출격 대기 중",http://www.newsprime.co.kr/news/articleView.html?idxno=284576
28,[2014 부산국제모터쇼] 메르세데스-벤츠 '뉴 C클래스' '뉴 GLA클래스' 공개… 가격은?,http://www.newscj.com/news/articleView.html?idxno=242367
29,[부산모터쇼 개막]더 젊어진 C클래스·GLA클래스…메르세데스 벤츠 ‘매혹’ 키워드 내세워,http://sports.khan.co.kr/news/sk_index.html?cat=view&art_id=201405301550243&sec_id=563002&pt=nv
30,"[2014부산모터쇼]벤츠, '더 뉴 C·GLA 클래스' 국내 첫 공개",http://view.asiae.co.kr/news/view.htm?idxno=2014052908283957876
31,"벤츠코리아, 부산모터쇼서 신형 C-클래스·GLA-클래스 국내 최초 공개",http://www.joongboo.com/news/articleView.html?idxno=923876
32,"메르세데스-벤츠, 'GLA-클래스'를 월 40만원대에…",http://www.rpm9.com/news/article.html?id=20140922090002
33,[뉴시스아이즈]시승기-벤츠 첫 콤팩트 SUV 'GLA-클래스',http://www.newsis.com/ar_detail/view.html?ar_id=NISX20140331_0012822666&cID=11204&pID=11200
34,"[시승기]""단단한 하체와 강인한 체력"" 벤츠 첫 콤팩트 SUV 'GLA-클래스'",http://www.newsis.com/ar_detail/view.html?ar_id=NISX20140224_0012745126&cID=10402&pID=10400
35,[시승기] 벤츠의 첫 컴팩트 SUV…GLA클래스 200 CDI,http://biz.chosun.com/site/data/html_dir/2014/02/24/2014022401608.html
36,"벤츠, GLA클래스 이달 25일 출시 “4900만 원부터”",http://car.donga.com/3/all/20140813/65724603/1
37,`4기통 디젤엔진` 벤츠 GLA클래스…콤팩트SUV 대표주자,http://news.mk.co.kr/news_forward.php?domain=news&no=1104495&year=2014
38,"벤츠, 콤팩트 SUV ‘뉴 GLA 클래스’ 국내 출시",http://www.it.co.kr/news/mediaitNewsView.php?nSeq=2722332
39,"벤츠 파이낸셜 코리아, '뉴 GLA-클래스' 특별 프로모션 선보여",http://kr.aving.net/news/view.php?articleId=1137642&Branch_ID=kr&rssid=naver&mn_name=news
40,"메르세데스 벤츠, GLA 클래스 이을 SUV, 'GLK' 내놓는다",http://www.kbench.com/?q=node/138389
41,"메르세데스벤츠, 콤팩트 SUV 뉴GLA클래스 첫선",http://www.econovill.com/archives/119431
42,사진으로 보는 벤츠 GLA-클래스 - 겉모습,http://www.etnews.com/20140827000260
43,"주행 성능 ‘수준급’, 뒷자리 ‘글쎄’…벤츠의 막내 SUV, GLA250",https://www.hani.co.kr/arti/economy/car/1020958.html
44,[부산모터쇼]벤츠의 화려한 부활 ‘GLA클래스’,http://car.donga.com/3/all/20140529/63850405/1
45,"메르세데스 벤츠 코리아, 날렵한 SUV 'GLA 클래스' 출시",http://www.kbench.com/?q=node/138111
46,"벤츠코리아, ""올해 전동화·디지털·ESG 집중"", 신형 C클래스·EQB·EQE 등 신차 출시",http://www.autodaily.co.kr/news/articleView.html?idxno=431508
47,[프랑크푸르트 모터쇼]벤츠 신형 GLA 클래스 “날카로운 맛을 더해”,http://car.donga.com/3/all/20130911/57605642/4
48,[시승기]벤츠 SUV ‘더 뉴 GLA 클래스’,http://news.donga.com/3/all/20140317/61794261/1
49,"벤츠, '뉴 GLA-클래스'로 젊은 고객층 공략 박차",http://www.newspim.com/common/redirect.jsp?newsId=20140919000286
50,"마그나파워트레인, 벤츠 '뉴 GLA클래스'에 4륜구동 시스템 공급",http://www.hankyung.com/news/app/newsview.php?aid=201406059460g
51,"[부산모터쇼] ""연인들 벤츠 GLA 클래스 타고 놀러가세요""",http://www.asiatoday.co.kr/view.php?key=20140529010013778
52,수입차 왕좌 ‘벤츠 E클래스’…중고차 시장서도 ‘톱’,http://news.heraldcorp.com/view.php?ud=20191129000630
53,"[시승기] 공간 가치를 높이는 변화, 메르세데스-벤츠 GLB 250 4Matic",https://hankookilbo.com/News/Read/A2020101812330004695?did=NA
54,"""벤츠라면 무조건 용서"" 또 통할까…E클래스 노리는 EQE ""벤츠 킬러는 벤츠"" [왜몰랐을카]",http://news.mk.co.kr/newsRead.php?no=23789&year=2022
55,메르세데스벤츠 수입 중고차 매물↑ E클래스 최다 등록,http://www.donga.com/news/article/all/20191129/98592095/2
56,벤츠 신형C클래스·GLA클래스 부산모터쇼 공개,http://news.mtn.co.kr/newscenter/news_viewer.mtn?gidx=2014052911211589781
57,‘신차114’ 벤츠E클래스·S클래스·C클래스 자동차리스 장기렌트카 할부대비 10% 저렴해,http://www.gukjenews.com/news/articleView.html?idxno=1151591
58,"10월의 차, 메르세데스-벤츠 GLA클래스 - 2",http://www.gqkorea.co.kr/content/view_02.asp?menu_id=04040100&c_idx=012305020000068&_C_=18
59,"벤츠 7월 프로모션 판매조건 'C클래스,E클래스,S클래스'등 신차114에서 할인조건 확인가능 해",http://www.gukjenews.com/news/articleView.html?idxno=1142543
60,'벤츠가 휩쓸었다' E클래스 부동의 1위...누적 판매 벌써 2만대 돌파,http://www.autodaily.co.kr/news/articleView.html?idxno=410437
61,"더클래스 효성, '스타필드 하남 모빌리티 쇼' 참가",http://www.etnews.com/20201027000180
62,[시승기]벤츠의 첫 소형 SUV 'GLA'로 도심 달려보니,http://www.edaily.co.kr/news/newspath.asp?newsid=01184086606286704
63,"벤츠, 中서 'GLA' 이을 현지화 크로스오버 소형차 개발",http://www.osen.co.kr/article/G1109986224
64,"[유레카]벤츠 GLA?CLA, 작아도 벤츠는 역시 벤츠다",http://mbn.mk.co.kr/pages/news/newsView.php?category=mbn00003&news_seq_no=1993642
65,"벤츠 GLA, 상하이모터쇼에서 첫 선",http://www.etnews.com/news/home_mobile/automobile/2752991_1485.html
66,"[시승기]'벤츠 GLA 200 CDI' 세단같은 승차감, 속도 낼수록 안정적",http://view.asiae.co.kr/news/view.htm?idxno=2014091910030405863
67,"메르세데스-벤츠 EQA, 인천은 항구다",https://www.motortrendkorea.com/sub/view.html?no=6552&cate1Name=ELECTRICAR
68,"더 뉴 GLA·더 뉴S클래스 쿠페, 스포티한 주행 극대화",http://view.asiae.co.kr/news/view.htm?idxno=2014062009173152832
69,"벤츠, 2014년 형 GLA 외관 스케치 공개",http://car.donga.com/3/all/20130813/57002022/3
70,"한성자동차, 더 뉴 GLA클래스 출시기념 경품 이벤트 실시",http://www.asiatoday.co.kr/view.php?key=20140904010002865
71,"[자유로연비] 프리미엄 컴팩트 SUV의 대명사, 벤츠 GLA 250 4Matic의 자유로 연비는?",https://hankookilbo.com/News/Read/A2021081112410002707?did=NA
72,"2018 상반기 벤츠 E클래스, 벤츠 A클래스, CLA 등 할인 프로모션 시작",http://www.sisamagazine.co.kr/news/articleView.html?idxno=134666
73,[최기성의 허브車]“벤츠 대신 벤츠 사겠네”…벤츠 EQE “전기차도 이(E)가 탄탄”,https://www.mk.co.kr/opinion/columnists/view/2022/01/50130/
74,제네시스 EQ900·벤츠 S클래스..디자인 경쟁력 ‘으뜸’,http://www.dailycar.co.kr/content/news.html?type=view&autoId=31235
75,[ANDA TV] 더뉴GLA-클래스 VS 아슬란 VS 플라잉스퍼 V8...하반기 최고의 명차는?,http://www.newspim.com/common/redirect.jsp?newsId=20141106000295
76,"인피니티의 소형 SUV 'QX30' 스파이샷 포착, GLA 클래스 닮은 듯",http://www.kbench.com/?q=node/141667
77,"[人사이트]마이클 바우어 벤츠 콤팩트카 개발총괄 ""고객이 사랑하는 車 만들겠다""",http://www.etnews.com/20191217000101
78,"벤츠, '더 뉴 E-클래스 쿠페' 첫 공개",http://www.newstomato.com/ReadNews.aspx?no=723206
79,"리스렌트닷컴,마세라티 기블리·벤츠 S클래스등 자동차리스 특판진행",http://www.gukjenews.com/news/articleView.html?idxno=857255
80,벤츠 EQA 타보니... A클래스가 S클래스처럼 부드럽네,https://www.chosun.com/economy/auto/2021/10/02/CSEH6I7HCBEXBLGQYITNAGPXLQ/?utm_source=naver&utm_medium=referral&utm_campaign=naver-news
81,"더클래스 효성, '벤츠 컴팩트카 인증샷 이벤트' 진행",http://www.ebn.co.kr/news/view/823724
82,"벤츠코리아, 마이바흐로 상위 1% 잡는다",http://autotimes.hankyung.com/apps/news.sub_view?popup=0&nid=02&c1=02&c2=02&c3=00&nkey=202001142026591
83,'리스렌트닷컴 BMW · 벤츠· 포르쉐 등 6월 판매조건 및 프로모션 비공식할인조회 서비스인기,http://www.gukjenews.com/news/articleView.html?idxno=1130056
84,"오토드림카, 수입차리스 벤츠E300·E220d·BMW520d 오토리스 장기렌트 8월 프로모션 할인",http://www.mydaily.co.kr/new_yk/html/read.php?newsid=201908021116191551&ext=na
85,"오토드림카, BMW520d·320d·벤츠E300·C220d 수입차 오토리스장기렌트 가격비교 프로모션 할인",http://www.mydaily.co.kr/new_yk/html/read.php?newsid=201907241423928585&ext=na
86,"오토드림카, 벤츠E300•E220d•BMW520d 수입차리스 가격비교 오토리스 장기렌트 프로모션 할인",http://www.mydaily.co.kr/new_yk/html/read.php?newsid=201907180925878524&ext=na
87,"벤츠 'A클래스' 'CLA' 소형車, 경쟁모델 판매량 한참 못미쳐",http://www.osen.co.kr/article/G1109922498
88,"[글로벌-Biz 24] 獨 벤츠·BMW·아우디, 올해 누적 판매서 희비 교차",http://www.g-enews.com/ko-kr/news/article/news_all/20191111040134738550cb531085_1/article.html
89,"[부산모터쇼] 조인성과 함께 등장, 벤츠 신형 C클래스 6월 출시",http://www.segye.com/content/html/2014/05/29/20140529001391.html?OutUrl=naver
90,"오토드림카, '벤츠·BMW·지프·랜드로버' 수입차 리스 자동차 장기 렌트 오토 리스 특가 프로모션 할인",http://news.mtn.co.kr/newscenter/news_viewer.mtn?gidx=2019052714532321488
91,"[시승기] 브랜드의 힘을 증명하는 컴팩트 SUV, 메르세데스-벤츠 GLA 250 시승기",https://hankookilbo.com/News/Read/A2021050207320001270?did=NA
92,"출시 임박한 벤츠의 새 컴팩트 SUV GLB, BMW X2와 경합",http://www.autodaily.co.kr/news/articleView.html?idxno=406939
93,"메르세데스 벤츠 A클래스 히스토리 - 벤츠, 컴팩트의 시대에 동참하다",http://www.edaily.co.kr/news/newspath.asp?newsid=02699446612652856
94,"더클래스효성, 벤츠 컴팩트카 인증샷 이벤트 실시",http://www.newspim.com/news/view/20160401000381
95,"메르세데스 벤츠, 중국서 '신형 E클래스 롱휠베이스' 양산 시작, 올 가을부터 판매 돌입",http://www.kbench.com/?q=node/165162
96,"벤츠 제휴로 만든 4천만원대 수입 SUV, ""1천만원 할인 판매中""",http://www.digitaltoday.co.kr/news/articleView.html?idxno=218351
97,"A클래스가 구긴 메르세데스-벤츠 체면, CLA가 세웠다?",http://biz.chosun.com/site/data/html_dir/2014/02/12/2014021202841.html
98,"더클래스효성, 벤츠 소형 제품 대상 프로모션 시행",http://autotimes.hankyung.com/apps/news.sub_view?popup=0&nid=03&c1=03&c2=03&c3=00&nkey=201602111050201
99,[Oh!쎈 LOL] ‘기아부터 벤츠까지’ e스포츠 뛰어든 자동차 브랜드,http://www.osen.co.kr/article/G1111201699
100,"메르세데스 벤츠, GLA 클래스 이을 SUV, 'GLK' 내놓는다",http://www.kbench.com/?q=node/138389
101,"벤츠코리아, 소형 SUV `GLA클래스` 출시",http://www.etnews.com/20140825000196
102,"메르세데스벤츠, 콤팩트 SUV 뉴GLA클래스 첫선",http://www.econovill.com/archives/119431
103,사진으로 보는 벤츠 GLA-클래스 - 겉모습,http://www.etnews.com/20140827000260
104,'벤츠 4번째 컴팩트카' 더 뉴 GLA-클래스 출시…4900만원부터,http://www.newsis.com/ar_detail/view.html?ar_id=NISX20140825_0013129177&cID=10402&pID=10400
105,"[부산모터쇼]벤츠코리아, C-클래스·GLA-클래스 신차 공개",http://www.newsis.com/ar_detail/view.html?ar_id=NISX20140529_0012949245&cID=10402&pID=10400
106,"메르세데스-벤츠, 콤팩트 SUV '더 뉴 GLA 클래스' 월 40만원대에 구입하려면",http://www.ajunews.com/view/20140922090637617
107,"메르세데스 벤츠, 컴팩트 SUV '더 뉴 GLA클래스', 8월에 국내 출시",http://www.kbench.com/?q=node/136538
108,"주행 성능 ‘수준급’, 뒷자리 ‘글쎄’…벤츠의 막내 SUV, GLA250",https://www.hani.co.kr/arti/economy/car/1020958.html
109,[부산모터쇼]벤츠의 화려한 부활 ‘GLA클래스’,http://car.donga.com/3/all/20140529/63850405/1
110,"메르세데스-벤츠코리아, 더 뉴 GLA-클래스 출시",http://www.enewstoday.co.kr/news/articleView.html?idxno=341591
111,"주행 성능 ‘수준급’, 뒷자리 ‘글쎄’…벤츠의 막내 SUV, GLA250",https://www.hani.co.kr/arti/economy/car/1020958.html
112,[부산모터쇼]벤츠의 화려한 부활 ‘GLA클래스’,http://car.donga.com/3/all/20140529/63850405/1
113,"[모터쇼]벤츠, C클래스-GLA 공개",http://autotimes.hankyung.com/apps/news.sub_view?popup=0&nid=03&c1=03&c2=03&c3=00&nkey=201405291016341
114,"메르세데스 벤츠 코리아, 날렵한 SUV 'GLA 클래스' 출시",http://www.kbench.com/?q=node/138111
115,"벤츠, 부산모터쇼서 콤팩트 SUV ‘GLA클래스’ 최초 공개",http://car.donga.com/3/all/20140520/63602569/1
116,벤츠 ‘더 뉴 GLA클래스’ 판매,http://www.fnnews.com/view?ra=Sent0601m_01A&corp=fnnews&arcid=201408260100268380013998&cDateYear=2014&cDateMonth=08&cDateDay=25&
117,"벤츠코리아, ""올해 전동화·디지털·ESG 집중"", 신형 C클래스·EQB·EQE 등 신차 출시",http://www.autodaily.co.kr/news/articleView.html?idxno=431508
118,벤츠코리아 신형 GLA클래스 출시,http://www.naeil.com/news_view/?id_art=119459
119,"벤츠파이낸셜서비스코리아, GLA클래스 월 40만원대 금융상품 내놔",http://www.edaily.co.kr/news/newspath.asp?newsid=01951606606222744
120,"벤츠파이낸셜서비스코리아, GLA클래스 월 40만원대 금융상품 내놔",http://www.edaily.co.kr/news/newspath.asp?newsid=01951606606222744
121,[프랑크푸르트 모터쇼]벤츠 신형 GLA 클래스 “날카로운 맛을 더해”,http://car.donga.com/3/all/20130911/57605642/4
122,[시승기]벤츠 SUV ‘더 뉴 GLA 클래스’,http://news.donga.com/3/all/20140317/61794261/1
123,"벤츠, 더 뉴 GLA 클래스",http://www.hankyung.com/news/app/newsview.php?aid=2014082543111
124,[사진]벤츠 더 뉴 GLA클래스 계기판,http://www.mt.co.kr/view/mtview.php?type=1&no=2014082511284885104&outlink=1
125,"벤츠, '뉴 GLA-클래스'로 젊은 고객층 공략 박차",http://www.newspim.com/common/redirect.jsp?newsId=20140919000286
126,"메르세데스-벤츠, 더 뉴 GLA 클래스 출시…4900만~7100만원",http://www.dt.co.kr/contents.html?article_no=2014082502109932781009
127,"마그나파워트레인, 벤츠 '뉴 GLA클래스'에 4륜구동 시스템 공급",http://www.hankyung.com/news/app/newsview.php?aid=201406059460g
128,"[부산모터쇼] ""연인들 벤츠 GLA 클래스 타고 놀러가세요""",http://www.asiatoday.co.kr/view.php?key=20140529010013778
129,수입차 왕좌 ‘벤츠 E클래스’…중고차 시장서도 ‘톱’,http://news.heraldcorp.com/view.php?ud=20191129000630
130,[사진]벤츠 더 뉴 GLA클래스 센터페시아,http://www.mt.co.kr/view/mtview.php?type=1&no=2014082511293977983&outlink=1
131,"벤츠, '뉴 GLA-클래스'로 젊은 고객층 공략 박차",http://www.newspim.com/common/redirect.jsp?newsId=20140919000286
132,벤츠 GLA-클래스를 월 44만5000원에…특별 할부금융,http://www.newsis.com/ar_detail/view.html?ar_id=NISX20140922_0013184085&cID=10402&pID=10400
133,연비 16.2km… 벤츠 ‘더 뉴 GLA 클래스’,http://news.donga.com/3/all/20140825/66000520/1
134,"메르세데스-벤츠, 더 뉴 GLA 클래스 출시…4900만~7100만원",http://www.dt.co.kr/contents.html?article_no=2014082502109932781009
135,"마그나파워트레인, 벤츠 '뉴 GLA클래스'에 4륜구동 시스템 공급",http://www.hankyung.com/news/app/newsview.php?aid=201406059460g
136,"[부산모터쇼] ""연인들 벤츠 GLA 클래스 타고 놀러가세요""",http://www.asiatoday.co.kr/view.php?key=20140529010013778
137,수입차 왕좌 ‘벤츠 E클래스’…중고차 시장서도 ‘톱’,http://news.heraldcorp.com/view.php?ud=20191129000630
138,"[시승기] 공간 가치를 높이는 변화, 메르세데스-벤츠 GLB 250 4Matic",https://hankookilbo.com/News/Read/A2020101812330004695?did=NA
139,"""벤츠라면 무조건 용서"" 또 통할까…E클래스 노리는 EQE ""벤츠 킬러는 벤츠"" [왜몰랐을카]",http://news.mk.co.kr/newsRead.php?no=23789&year=2022
140,연비 16.2km… 벤츠 ‘더 뉴 GLA 클래스’,http://news.donga.com/3/all/20140825/66000520/1
141,"메르세데스-벤츠, 더 뉴 GLA 클래스 출시…4900만~7100만원",http://www.dt.co.kr/contents.html?article_no=2014082502109932781009
142,"마그나파워트레인, 벤츠 '뉴 GLA클래스'에 4륜구동 시스템 공급",http://www.hankyung.com/news/app/newsview.php?aid=201406059460g
143,"[부산모터쇼] ""연인들 벤츠 GLA 클래스 타고 놀러가세요""",http://www.asiatoday.co.kr/view.php?key=20140529010013778
144,수입차 왕좌 ‘벤츠 E클래스’…중고차 시장서도 ‘톱’,http://news.heraldcorp.com/view.php?ud=20191129000630
145,"월 44만원에 '더 뉴 GLA 클래스'를…벤츠 파이낸셜,'더 컴팩트' 할부 금융",http://biz.newdaily.co.kr/news/article.html?no=10048139
146,"[시승기] 공간 가치를 높이는 변화, 메르세데스-벤츠 GLB 250 4Matic",https://hankookilbo.com/News/Read/A2020101812330004695?did=NA
147,"""벤츠라면 무조건 용서"" 또 통할까…E클래스 노리는 EQE ""벤츠 킬러는 벤츠"" [왜몰랐을카]",http://news.mk.co.kr/newsRead.php?no=23789&year=2022
148,메르세데스벤츠 수입 중고차 매물↑ E클래스 최다 등록,http://www.donga.com/news/article/all/20191129/98592095/2
149,벤츠 신형C클래스·GLA클래스 부산모터쇼 공개,http://news.mtn.co.kr/newscenter/news_viewer.mtn?gidx=2014052911211589781
150,벤츠 GLA클래스 할부금융상품 출시,http://news.mtn.co.kr/newscenter/news_viewer.mtn?gidx=2014092215230130199
151,"벤츠,'더 뉴 GLA-클래스' 출시",https://news.naver.com/main/read.naver?mode=LSD&mid=sec&sid1=101&oid=001&aid=0007084741
152,‘신차114’ 벤츠E클래스·S클래스·C클래스 자동차리스 장기렌트카 할부대비 10% 저렴해,http://www.gukjenews.com/news/articleView.html?idxno=1151591
153,"10월의 차, 메르세데스-벤츠 GLA클래스 - 2",http://www.gqkorea.co.kr/content/view_02.asp?menu_id=04040100&c_idx=012305020000068&_C_=18
154,"[MD포토] 메르세데스-벤츠, 'GLA 클래스, 시선집중!'",http://www.mydaily.co.kr/new_yk/html/read.php?newsid=201405291955574434&ext=na
155,"벤츠 7월 프로모션 판매조건 'C클래스,E클래스,S클래스'등 신차114에서 할인조건 확인가능 해",http://www.gukjenews.com/news/articleView.html?idxno=1142543
156,'벤츠가 휩쓸었다' E클래스 부동의 1위...누적 판매 벌써 2만대 돌파,http://www.autodaily.co.kr/news/articleView.html?idxno=410437
157,"더클래스 효성, '스타필드 하남 모빌리티 쇼' 참가",http://www.etnews.com/20201027000180
158,[시승기]벤츠의 첫 소형 SUV 'GLA'로 도심 달려보니,http://www.edaily.co.kr/news/newspath.asp?newsid=01184086606286704
159,"벤츠, 中서 'GLA' 이을 현지화 크로스오버 소형차 개발",http://www.osen.co.kr/article/G1109986224
160,벤츠 더 뉴 GLA클래스 화려한 실내 공간,http://news1.kr/photos/view/?988272
161,"[MD포토] 메르세데스-벤츠, 'GLA 클래스, 시선집중!'",http://www.mydaily.co.kr/new_yk/html/read.php?newsid=201405291955574434&ext=na
162,"벤츠 7월 프로모션 판매조건 'C클래스,E클래스,S클래스'등 신차114에서 할인조건 확인가능 해",http://www.gukjenews.com/news/articleView.html?idxno=1142543
163,'벤츠가 휩쓸었다' E클래스 부동의 1위...누적 판매 벌써 2만대 돌파,http://www.autodaily.co.kr/news/articleView.html?idxno=410437
164,"더클래스 효성, '스타필드 하남 모빌리티 쇼' 참가",http://www.etnews.com/20201027000180
165,[시승기]벤츠의 첫 소형 SUV 'GLA'로 도심 달려보니,http://www.edaily.co.kr/news/newspath.asp?newsid=01184086606286704
166,"벤츠, 中서 'GLA' 이을 현지화 크로스오버 소형차 개발",http://www.osen.co.kr/article/G1109986224
167,"[유레카]벤츠 GLA?CLA, 작아도 벤츠는 역시 벤츠다",http://mbn.mk.co.kr/pages/news/newsView.php?category=mbn00003&news_seq_no=1993642
168,"벤츠의 2리터 고성능 소형 SUV, GLA45 AMG 4MATIC",http://www.segye.com/content/html/2014/08/25/20140825003015.html?OutUrl=naver
169,"메르세데스 벤츠, 소형 SUV GLA 8월말 국내 출시…200 CDI 4900만원",http://biz.chosun.com/site/data/html_dir/2014/07/21/2014072101065.html
170,[시승기]벤츠의 첫 소형 SUV 'GLA'로 도심 달려보니,http://www.edaily.co.kr/news/newspath.asp?newsid=01184086606286704
171,"벤츠, 中서 'GLA' 이을 현지화 크로스오버 소형차 개발",http://www.osen.co.kr/article/G1109986224
172,"[유레카]벤츠 GLA?CLA, 작아도 벤츠는 역시 벤츠다",http://mbn.mk.co.kr/pages/news/newsView.php?category=mbn00003&news_seq_no=1993642
173,"벤츠의 2리터 고성능 소형 SUV, GLA45 AMG 4MATIC",http://www.segye.com/content/html/2014/08/25/20140825003015.html?OutUrl=naver
174,"메르세데스 벤츠, 소형 SUV GLA 8월말 국내 출시…200 CDI 4900만원",http://biz.chosun.com/site/data/html_dir/2014/07/21/2014072101065.html
175,"벤츠 GLA, 상하이모터쇼에서 첫 선",http://www.etnews.com/news/home_mobile/automobile/2752991_1485.html
176,"[시승기]'벤츠 GLA 200 CDI' 세단같은 승차감, 속도 낼수록 안정적",http://view.asiae.co.kr/news/view.htm?idxno=2014091910030405863
177,벤츠 뉴 GLA-Class 8월말 출시,http://sports.donga.com/3/all/20140721/65357456/3
178,"메르세데스-벤츠 EQA, 인천은 항구다",https://www.motortrendkorea.com/sub/view.html?no=6552&cate1Name=ELECTRICAR
179,180만㎞ 내구성 테스트 '더 뉴 GLA클래스' 韓 상륙,http://view.asiae.co.kr/news/view.htm?idxno=2014082508183154235
180,벤츠 뉴 GLA-Class 8월말 출시,http://sports.donga.com/3/all/20140721/65357456/3
181,"메르세데스-벤츠 EQA, 인천은 항구다",https://www.motortrendkorea.com/sub/view.html?no=6552&cate1Name=ELECTRICAR
182,180만㎞ 내구성 테스트 '더 뉴 GLA클래스' 韓 상륙,http://view.asiae.co.kr/news/view.htm?idxno=2014082508183154235
183,"더 뉴 GLA·더 뉴S클래스 쿠페, 스포티한 주행 극대화",http://view.asiae.co.kr/news/view.htm?idxno=2014062009173152832
184,"벤츠코리아, 아우디 Q3 경쟁차 GLA 내놨다 ··· 소형 SUV로 영역 확장",http://www.hankyung.com/news/app/newsview.php?aid=201408251958g
185,"벤츠, 2014년 형 GLA 외관 스케치 공개",http://car.donga.com/3/all/20130813/57002022/3
186,"한성자동차, 더 뉴 GLA클래스 출시기념 경품 이벤트 실시",http://www.asiatoday.co.kr/view.php?key=20140904010002865
187,"더클래스 효성, 벤츠 더 뉴 E-클래스 등 베스트셀링 시승 행사",http://www.slist.kr/news/articleView.html?idxno=351318
188,"[자유로연비] 프리미엄 컴팩트 SUV의 대명사, 벤츠 GLA 250 4Matic의 자유로 연비는?",https://hankookilbo.com/News/Read/A2021081112410002707?did=NA
189,"2018 상반기 벤츠 E클래스, 벤츠 A클래스, CLA 등 할인 프로모션 시작",http://www.sisamagazine.co.kr/news/articleView.html?idxno=134666
190,"2018 상반기 벤츠 E클래스, 벤츠 A클래스, CLA 등 할인 프로모션 시작",http://www.sisamagazine.co.kr/news/articleView.html?idxno=134666
191,[최기성의 허브車]“벤츠 대신 벤츠 사겠네”…벤츠 EQE “전기차도 이(E)가 탄탄”,https://www.mk.co.kr/opinion/columnists/view/2022/01/50130/
192,제네시스 EQ900·벤츠 S클래스..디자인 경쟁력 ‘으뜸’,http://www.dailycar.co.kr/content/news.html?type=view&autoId=31235
193,[ANDA TV] 더뉴GLA-클래스 VS 아슬란 VS 플라잉스퍼 V8...하반기 최고의 명차는?,http://www.newspim.com/common/redirect.jsp?newsId=20141106000295
194,"인피니티의 소형 SUV 'QX30' 스파이샷 포착, GLA 클래스 닮은 듯",http://www.kbench.com/?q=node/141667
195,"[人사이트]마이클 바우어 벤츠 콤팩트카 개발총괄 ""고객이 사랑하는 車 만들겠다""",http://www.etnews.com/20191217000101
196,"벤츠, '더 뉴 E-클래스 쿠페' 첫 공개",http://www.newstomato.com/ReadNews.aspx?no=723206
197,"리스렌트닷컴,마세라티 기블리·벤츠 S클래스등 자동차리스 특판진행",http://www.gukjenews.com/news/articleView.html?idxno=857255
198,벤츠 EQA 타보니... A클래스가 S클래스처럼 부드럽네,https://www.chosun.com/economy/auto/2021/10/02/CSEH6I7HCBEXBLGQYITNAGPXLQ/?utm_source=naver&utm_medium=referral&utm_campaign=naver-news
199,"더클래스 효성, '벤츠 컴팩트카 인증샷 이벤트' 진행",http://www.ebn.co.kr/news/view/823724
200,"벤츠코리아, 마이바흐로 상위 1% 잡는다",http://autotimes.hankyung.com/apps/news.sub_view?popup=0&nid=02&c1=02&c2=02&c3=00&nkey=202001142026591
201,"벤츠 공식 딜러 더클래스 효성, 컴팩트카 인증샷 이벤트 진행",http://www.fnnews.com/news/201603311635533892
202,'리스렌트닷컴 BMW · 벤츠· 포르쉐 등 6월 판매조건 및 프로모션 비공식할인조회 서비스인기,http://www.gukjenews.com/news/articleView.html?idxno=1130056
203,"오토드림카, 수입차리스 벤츠E300·E220d·BMW520d 오토리스 장기렌트 8월 프로모션 할인",http://www.mydaily.co.kr/new_yk/html/read.php?newsid=201908021116191551&ext=na
204,"오토드림카, BMW520d·320d·벤츠E300·C220d 수입차 오토리스장기렌트 가격비교 프로모션 할인",http://www.mydaily.co.kr/new_yk/html/read.php?newsid=201907241423928585&ext=na
205,"오토드림카, 벤츠E300•E220d•BMW520d 수입차리스 가격비교 오토리스 장기렌트 프로모션 할인",http://www.mydaily.co.kr/new_yk/html/read.php?newsid=201907180925878524&ext=na
206,"벤츠 'A클래스' 'CLA' 소형車, 경쟁모델 판매량 한참 못미쳐",http://www.osen.co.kr/article/G1109922498
207,"메르세데스-벤츠, 더 뉴 C-클래스 국내 첫 공개",http://sports.chosun.com/news/ntype.htm?id=201405300100300710020091&servicedate=20140529
208,"[2014 부산모터쇼] 벤츠, 풀체인지 'C클래스'·콤팩트SUV 국내 최초 공개",http://www.osen.co.kr/article/G1109855899
209,"[글로벌-Biz 24] 獨 벤츠·BMW·아우디, 올해 누적 판매서 희비 교차",http://www.g-enews.com/ko-kr/news/article/news_all/20191111040134738550cb531085_1/article.html
210,"[글로벌-Biz 24] 獨 벤츠·BMW·아우디, 올해 누적 판매서 희비 교차",http://www.g-enews.com/ko-kr/news/article/news_all/20191111040134738550cb531085_1/article.html
211,"[부산모터쇼] 조인성과 함께 등장, 벤츠 신형 C클래스 6월 출시",http://www.segye.com/content/html/2014/05/29/20140529001391.html?OutUrl=naver
212,"오토드림카, '벤츠·BMW·지프·랜드로버' 수입차 리스 자동차 장기 렌트 오토 리스 특가 프로모션 할인",http://news.mtn.co.kr/newscenter/news_viewer.mtn?gidx=2019052714532321488
213,"[시승기] 브랜드의 힘을 증명하는 컴팩트 SUV, 메르세데스-벤츠 GLA 250 시승기",https://hankookilbo.com/News/Read/A2021050207320001270?did=NA
214,"출시 임박한 벤츠의 새 컴팩트 SUV GLB, BMW X2와 경합",http://www.autodaily.co.kr/news/articleView.html?idxno=406939
215,"메르세데스 벤츠 A클래스 히스토리 - 벤츠, 컴팩트의 시대에 동참하다",http://www.edaily.co.kr/news/newspath.asp?newsid=02699446612652856
216,"더클래스효성, 벤츠 컴팩트카 인증샷 이벤트 실시",http://www.newspim.com/news/view/20160401000381
217,"메르세데스 벤츠, 중국서 '신형 E클래스 롱휠베이스' 양산 시작, 올 가을부터 판매 돌입",http://www.kbench.com/?q=node/165162
218,"벤츠 제휴로 만든 4천만원대 수입 SUV, ""1천만원 할인 판매中""",http://www.digitaltoday.co.kr/news/articleView.html?idxno=218351
219,"A클래스가 구긴 메르세데스-벤츠 체면, CLA가 세웠다?",http://biz.chosun.com/site/data/html_dir/2014/02/12/2014021202841.html
220,"더클래스효성, 벤츠 소형 제품 대상 프로모션 시행",http://autotimes.hankyung.com/apps/news.sub_view?popup=0&nid=03&c1=03&c2=03&c3=00&nkey=201602111050201
221,[Oh!쎈 LOL] ‘기아부터 벤츠까지’ e스포츠 뛰어든 자동차 브랜드,http://www.osen.co.kr/article/G1111201699
222,"[2014 부산모터쇼]벤츠, ‘뉴 C클래스’ 출시…4천860만~5천800만원",http://www.ebn.co.kr/news/view/684846
223,"벤츠, A클래스 플러그인 하이브리드 출시 계획..그 배경은?",http://www.dailycar.co.kr/content/news.html?type=view&autoId=40610
224,"'G클래스 라인업 대거 출동'… 벤츠코리아, GLA·GLB·GLE 쿠페 동시 공개",http://www.iminju.net/news/articleView.html?idxno=56685
225,하이클래스 소형 SUV 셀토스..BMW X1과 동급,http://www.edaily.co.kr/news/newspath.asp?newsid=03348886622585352
226,"NS홈쇼핑 ""'썸머 대축제' 벤츠 받아가세요""",http://www.wsobi.com/news/articleView.html?idxno=74922
227,"‘맞수’ 벤츠ㆍBMW, 미래차 투자 손잡았다",http://www.hankookilbo.com/news/npath/201901301545319152?did=NA
228,"벤츠, 보급형 전기차 생산 계획···국내서도 팔릴까",http://www.sisajournal-e.com/news/articleView.html?idxno=240548
229,[정찬수의 시승기 - 더 뉴 메르세데스-벤츠 GLA] 세단에 밀리지 않는 역동성…‘펀 드라이브’ 강자,http://news.heraldcorp.com/view.php?ud=20210302000524
230,"NS홈쇼핑 '썸머 대축제', 벤츠 받아가세요",http://www.fnnews.com/news/201906030910212566
231,"‘맞수’ 벤츠ㆍBMW, 미래차 투자 손잡았다",http://www.hankookilbo.com/news/npath/201901301545319152?did=NA
232,"벤츠, 보급형 전기차 생산 계획···국내서도 팔릴까",http://www.sisajournal-e.com/news/articleView.html?idxno=240548
233,[정찬수의 시승기 - 더 뉴 메르세데스-벤츠 GLA] 세단에 밀리지 않는 역동성…‘펀 드라이브’ 강자,http://news.heraldcorp.com/view.php?ud=20210302000524
234,주행거리 지적받은 벤츠 'EQA'···고객 체험기회 늘려 오점 만회한다,http://www.sisajournal-e.com/news/articleView.html?idxno=239477
235,"'중·대형 강자' 벤츠 ""소형차시장도 접수""",http://www.sedaily.com/NewsView/1OFUF4N6M6
236,"불황에도 고급차시장 쑥쑥...벤츠, 12년만에 글로벌 1위로",http://www.sedaily.com/NewsView/1OAW5RLOUZ
237,[단독] 벤츠 CLA등 싼 모델 소모품 무상 서비스 제외,http://www.consumernews.co.kr/?mod=news&act=articleView&idxno=512740
238,수입차 시장 2년 연속 벤츠 천하…올해는?,http://www.sisajournal-e.com/biz/article/178389
239,벤츠 2세대 GLC..4기통 터보 하이브리드 달고 AMG 라인업 강화,http://www.dailycar.co.kr/content/news.html?type=view&autoId=41500
240,"'중·대형 강자' 벤츠 ""소형차시장도 접수""",http://www.sedaily.com/NewsView/1OFUF4N6M6
241,"불황에도 고급차시장 쑥쑥...벤츠, 12년만에 글로벌 1위로",http://www.sedaily.com/NewsView/1OAW5RLOUZ
242,[단독] 벤츠 CLA등 싼 모델 소모품 무상 서비스 제외,http://www.consumernews.co.kr/?mod=news&act=articleView&idxno=512740
243,수입차 시장 2년 연속 벤츠 천하…올해는?,http://www.sisajournal-e.com/biz/article/178389
244,벤츠 2세대 GLC..4기통 터보 하이브리드 달고 AMG 라인업 강화,http://www.dailycar.co.kr/content/news.html?type=view&autoId=41500
245,"잘 팔리고 평가 지표 상위권, 수입차 시장 꽉 잡은 벤츠",http://isplus.live.joins.com/news/article/article.asp?total_id=24159512
246,"'상남자들' 메르세데스-벤츠 SUV 라인업, 모험·도전 DNA 듬뿍",http://www.newsprime.co.kr/news/article.html?no=324298
247,"벤츠 SUV 매력 한 자리에…""이 구역 프리미엄 SUV는 바로 나""",http://www.newstomato.com/ReadNews.aspx?no=605140
248,"벤츠파이낸셜코리아, 월 30만~50만원대 소형차 전용 금융상품 내놔",http://www.edaily.co.kr/news/newspath.asp?newsid=01456326612685984
249,"메르세데스-벤츠 파이낸셜, '1% 캠페인' '무이자 할부' 등 금융상품 선봬",http://www.ajunews.com/view/20160622150346053
250,작지만 역시 '벤츠'…단단하고 강인한 '체력',http://www.koreadaily.com/news/read.asp?art_id=2950119
251,"벤츠 코리아, ‘맨즈헬스 어반애슬론 서울 2014’...젊은 층 벤츠와 하나",http://www.newsway.co.kr/view.php?tp=1&ud=2014111011371943543
252,"벤츠, '젊음'과의 소통으로 소형차 판매 성장 이어간다",http://www.osen.co.kr/article/G1109988954
253,"벤츠, '메르세데스 미' 열어 젊은층 공략(종합)",https://news.naver.com/main/read.naver?mode=LSD&mid=sec&sid1=101&oid=001&aid=0007200535
254,대세는 컴팩트카...벤츠가 꺼내든 카드는?,http://www.asiatoday.co.kr/view.php?key=20141018010010664
255,"벤츠코리아, 국내 컴팩트카 '응답받았다'",http://autotimes.hankyung.com/apps/news.sub_view?popup=0&nid=03&c1=03&c2=03&c3=00&nkey=201604221058351
256,벤츠는 왜 '작고 강한 차'를 내세울까,http://view.asiae.co.kr/news/view.htm?idxno=2015021822300257332
257,[수입차의 유혹] 벤츠 명성에 참신함 조화… 2030도 반하는 콤팩트카,https://news.naver.com/main/read.naver?mode=LSD&mid=sec&sid1=103&oid=011&aid=0002565738
258,"더클래스 효성, 야외 전시·시승행사 개최… ""체험형 서비스 강화""",http://www.asiatoday.co.kr/view.php?key=20171113010006583
259,'삼각별' 달렸는데 4000만원대…벤츠 'EQA' 가격만 착한게 아니다[차알못시승기],http://news.mt.co.kr/mtview.php?no=2021090916312662016
260,"더클래스 효성, 야외 전시·시승행사 개최… ""체험형 서비스 강화""",http://www.asiatoday.co.kr/view.php?key=20171113010006583
261,'삼각별' 달렸는데 4000만원대…벤츠 'EQA' 가격만 착한게 아니다[차알못시승기],http://news.mt.co.kr/mtview.php?no=2021090916312662016
262,"[2014부산모터쇼] 메르세데스 벤츠, 신차보다 화려한 프리젠테이션에 눈이 간다",http://www.kbench.com/life/?no=134455&sc=1
263,"브리타 제에거 벤츠코리아 대표 ""수입車 1위 노린다""",http://news1.kr/articles/1698996
264,[2014 부산모터쇼] 메르세데스-벤츠 '한국시장 매혹',http://www.newsprime.co.kr/news/articleView.html?idxno=281599
265,"""젊은층 잡아라"" 벤츠의 승부수",https://news.naver.com/main/read.naver?mode=LSD&mid=sec&sid1=103&oid=011&aid=0002475117
266,"효율적이지만 더 역동적으로…메르세데스 벤츠, “콤팩트 세그먼트 강화한다”",http://biz.heraldcorp.com/view.php?ud=20140224000892
267,벤츠코리아 8월 콤팩트 SUV 출시,http://www.fnnews.com/view?ra=Sent0601m_01A&corp=fnnews&arcid=201407220100238580012162&cDateYear=2014&cDateMonth=07&cDateDay=21&
268,[현장취재] 젊은 층 향한 '구애'…벤츠의 시간은 거꾸로 간다,http://www.newsprime.co.kr/news/article.html?no=290901
269,벤츠 에어백 비상‥100만대 이상 리콜(종합),http://www.edaily.co.kr/news/newspath.asp?newsid=01161126616094232
270,[현장취재] 젊은 층 향한 '구애'…벤츠의 시간은 거꾸로 간다,http://www.newsprime.co.kr/news/article.html?no=290901
271,벤츠 에어백 비상‥100만대 이상 리콜(종합),http://www.edaily.co.kr/news/newspath.asp?newsid=01161126616094232
272,"벤츠 ""소형차 판매 비중 확대해 나갈 것""(종합3보)",https://news.naver.com/main/read.naver?mode=LSD&mid=sec&sid1=103&oid=001&aid=0007201066
273,[수입차 영역파괴]젊은 그대 벤츠를 타라…콤팩트 라인업 강화,http://www.edaily.co.kr/news/newspath.asp?newsid=01125046606191912
274,"[프랑크푸르트 모터쇼]전기차 강조한 BMW 회장, 소형차 내세운 벤츠 회장",http://www.asiae.co.kr/news/view.htm?idxno=2013091214361979766
275,"벤츠 파이낸셜 서비스 코리아, 월 40만원대 할부 금융 프로그램 출시",http://www.mediapen.com/news/articleView.html?idxno=48129
276,"리스렌트닷컴 K3,코나,베뉴,셀토스 등 신차장기렌터카 리스 상품 비교견적 가능해",http://www.gukjenews.com/news/articleView.html?idxno=1142987
277,벤츠 하반기 국내시장 공략 신차 공개,http://www.idomin.com/news/articleView.html?idxno=448284
278,"벤츠코리아, 도심 이색 장애물 달리기 대회 후원",http://www.edaily.co.kr/news/newspath.asp?newsid=01751526606284736
279,"벤츠, ‘맨즈헬스 어반애슬론 서울’ 뜨거운 호응 속 성황리 개최",http://car.donga.com/3/all/20141110/67775106/1
280,벤츠 하반기 국내시장 공략 신차 공개,http://www.idomin.com/news/articleView.html?idxno=448284
281,"벤츠코리아, 도심 이색 장애물 달리기 대회 후원",http://www.edaily.co.kr/news/newspath.asp?newsid=01751526606284736
282,"벤츠, ‘맨즈헬스 어반애슬론 서울’ 뜨거운 호응 속 성황리 개최",http://car.donga.com/3/all/20141110/67775106/1
283,"벤츠 첫 소형 SUV, 韓 8월 출시",http://view.asiae.co.kr/news/view.htm?idxno=2014072110364595896
284,벤츠 사장 “BMW 앞설 수 있을 것이라 확신”,http://www.mt.co.kr/view/mtview.php?type=1&no=2014052911322883300&outlink=1
285,"벤츠코리아, 지난해 수입차 최초 연매출 3조원 돌파",http://www.edaily.co.kr/news/newspath.asp?newsid=04303366612586928
286,"메르세데스 벤츠, 판매 선두 질주…BMW ‘8년 아성’ 무너지나",http://www.ajunews.com/view/20150512074119693
287,실라키스 벤츠코리아 사장 “올 두자릿수 성장...성공적인 한해”,http://www.sedaily.com/NewsView/1L3XH25527
288,"할인 인색하던 벤츠, 900만원 깎아준다",http://www.ohmynews.com/NWS_Web/View/at_pg.aspx?CNTN_CD=A0002236762
289,BMW 수입차 1위 탈환 가능할까?…벤츠와 수입차 1위 놓고 경쟁,http://www.asiatoday.co.kr/view.php?key=20150525010013841
290,BMW 수입차 1위 탈환 가능할까?…벤츠와 수입차 1위 놓고 경쟁,http://www.asiatoday.co.kr/view.php?key=20150525010013841
291,리스렌트닷컴 개인사업자·법인사업자 자동차리스 장기렌트카 전 차종 이용 가능해,http://www.gukjenews.com/news/articleView.html?idxno=1122962
292,"메르세데스 벤츠, 'Mercedes me' 연장 운영",http://www.asiatoday.co.kr/view.php?key=20141027010016743
293,벤츠가 소형차 판매 비중 확대에 나선 이유,http://news20.busan.com/controller/newsController.jsp?newsId=20141023000117
294,"메르세데스-벤츠 '메르세데스 미'오픈, 고객과의 소통 강화",http://sports.chosun.com/news/ntype.htm?id=201410230100278630017443&servicedate=20141022
295,메르세데스-벤츠 분당 정자 전시장 새 단장 오픈,http://www.zdnet.co.kr/ArticleView.asp?artice_id=20160427094450
296,"벤츠코리아, 韓 공략 키워드는 소형차… “내년 비중 두 자릿수로 늘릴 것”",http://www.etoday.co.kr/news/section/newsview.php?idxno=1004180
297,"젊은 벤츠를 세로수 길에서 만나자, '메르세데스 미' 오픈",http://www.mt.co.kr/view/mtview.php?type=1&no=2014101409342165557&outlink=1
298,벤츠 일부차량 백업카메라 먹통. 美서 A.E클래스 등 34만여 대 리콜,http://www.autodaily.co.kr/news/articleView.html?idxno=427588
299,"""벤츠라면 모든 게 용서""…그깟 주행거리쯤이야, 전기차도 '묻지마 벤츠사랑'",http://news.mk.co.kr/newsRead.php?no=878225&year=2021
300,"벤츠 분당 정자전시장, 콤팩트카 미니모터쇼 개최",http://www.newsis.com/ar_detail/view.html?ar_id=NISX20160427_0014049733&cID=10401&pID=10400
301,"젊은 벤츠를 세로수 길에서 만나자, '메르세데스 미' 오픈",http://www.mt.co.kr/view/mtview.php?type=1&no=2014101409342165557&outlink=1
302,벤츠 일부차량 백업카메라 먹통. 美서 A.E클래스 등 34만여 대 리콜,http://www.autodaily.co.kr/news/articleView.html?idxno=427588
303,"""벤츠라면 모든 게 용서""…그깟 주행거리쯤이야, 전기차도 '묻지마 벤츠사랑'",http://news.mk.co.kr/newsRead.php?no=878225&year=2021
304,벤츠파이낸셜코리아 프리미엄 콤팩트카 특별 프로모션,http://www.mediapen.com/news/view/131341
305,"수입차 신기록 행진, 7월 등록대수 1만81123대...BMW와 벤츠의 1위 싸움 속도 붙었다",http://biz.heraldcorp.com/view.php?ud=20140806000354
306,아우디 A6–볼보 S60–벤츠 C클래스–링컨 에비에이터–포르쉐 카이엔 등 리콜 [모터그램],http://www.sisunnews.co.kr/news/articleView.html?idxno=142501
307,"몸 낮춘 메르세데스 벤츠…""세로수길에서 만나요""",http://sbscnbc.sbs.co.kr/read.jsp?pmArticleId=10000695538
308,메르세데스-벤츠 ' 부산모터쇼' 출품 모델 공개,http://www.enewstoday.co.kr/news/articleView.html?idxno=330569
309,"재규어-랜드로버·벤츠·인피니티, 부산모터쇼 주력 차종 총 출동",http://www.etoday.co.kr/news/section/newsview.php?idxno=917683
310,4월 박스터S·파나메라·카이엔 포르쉐 자동차리스·장기렌트카 ‘리스렌트닷컴’ 통합비교견적 실시,http://www.gukjenews.com/news/articleView.html?idxno=1105858
311,"리스렌트닷컴,봉고3 포터2 자동차리스(1톤,트럭,화물차,탑차,냉동,냉장) 원스톱 비교견적 선봬",http://www.gukjenews.com/news/articleView.html?idxno=1104780
312,[NW시승기]메르세데스-벤츠 ‘GLE 350d 4매틱’ 품격 드라이빙 동반자,http://www.newsway.co.kr/view.php?tp=1&ud=2015120219490559945
313,"'리스렌트닷컴' 4월 싼타페TM,그랜져IG,봉고3(1톤)등 자동차리스 장기렌트카 특가진행",http://www.gukjenews.com/news/articleView.html?idxno=1103465
314,"[시승]닮은 듯 다른 SUV 형제, 벤츠 GLA·GLB",http://autotimes.hankyung.com/apps/news.sub_view?popup=0&nid=06&c1=06&c2=06&c3=00&nkey=202010191640181
315,특별한 곳에서 메르세데스-벤츠 콤팩트카를 만난다,http://it.donga.com/23357/
316,"메르세데스 벤츠, 서울 어반애슬론 성료",http://www.inews24.com/php/news_view.php?g_serial=862286&g_menu=022200&rrf=nv
317,"메르세데스 벤츠의 야심작, EQA",https://www.motortrendkorea.com/sub/view.html?no=5835&cate1Name=NEWCAR
318,[시승기+] '벤츠=세단' 공식 깬 스포티 SUV '벤츠 GLE 쿠페',http://www.hankyung.com/news/app/newsview.php?aid=201611225596g
319,"벤츠, BMW 제치고 2년 9개월만에 '점유율 1위' 탈환",http://www.seoulfn.com/news/articleView.html?idxno=205627
320,[시승기+] '벤츠=세단' 공식 깬 스포티 SUV '벤츠 GLE 쿠페',http://www.hankyung.com/news/app/newsview.php?aid=201611225596g
321,"벤츠, BMW 제치고 2년 9개월만에 '점유율 1위' 탈환",http://www.seoulfn.com/news/articleView.html?idxno=205627
322,소형에서 세단까지…BMW-벤츠코리아 1위 경쟁,https://cnbc.sbs.co.kr/article_hub/10000738739?division=NAVER
323,"[시승기] 즐겁게, 그리고 경쾌하게 즐기는 SUV, ‘메르세데스-벤츠 GLA 250 4Matic’",https://hankookilbo.com/News/Read/A2020100711450003326?did=NA
324,"벤츠, 1월 글로벌 판매량 15% 늘어..BMW·아우디 넘었다",http://www.newstomato.com/ReadNews.aspx?no=442663
325,"[인터뷰]""국내고객들이 벤츠 생애첫차로 고르는 그날이 목표""",http://www.edaily.co.kr/news/newspath.asp?newsid=01354646606320816
326,막판까지 신차 내놓는 벤츠 … BMW 따라잡나?,http://www.hankyung.com/news/app/newsview.php?aid=201411250412g
327,고급 세단 끝판왕 벤츠 ‘더 뉴 S클래스‘ 출시,https://www.seoul.co.kr/news/newsView.php?id=20210428500222&wlog_tag3=naver
328,"메르세데스-벤츠코리아, '메르세데스 미' 연장 운영",http://www.enewstoday.co.kr/news/articleView.html?idxno=349042
329,최덕준 벤츠 코리아 부사장 “독일서 큰 소리 친다”,http://www.newsway.co.kr/view.php?tp=1&ud=2014102217083458152
330,"벤츠, 고객 소통공간 ‘메르세데스 미’ 연장 운영",http://www.dt.co.kr/contents.html?article_no=2014102702109932808005
331,최덕준 벤츠 코리아 부사장 “독일서 큰 소리 친다”,http://www.newsway.co.kr/view.php?tp=1&ud=2014102217083458152
332,"벤츠 ""내년 고성능해치백 등 新車 2종 추가…소형차 비중 10%로 확대""",http://view.asiae.co.kr/news/view.htm?idxno=2014102215225444639
333,"벤츠코리아 ""벤츠에 관심있는 젊은이 신사동으로 오라""",http://www.asiatoday.co.kr/view.php?key=20141022010013185
334,"""더 고급스럽고 안전해졌다"" 벤츠, '더 뉴 S-클래스' 국내 출시(종합)",http://yna.kr/AKR20210428044851003?did=1195m
335,"벤츠코리아, 팬들과 소통하는 '메르세데스 미' 개장",http://autotimes.hankyung.com/apps/news.sub_view?popup=0&nid=03&c1=03&c2=03&c3=00&nkey=201410141319331
336,"곤 르노-닛산 회장 ""벤츠와 비고급차 공동개발 검토""",http://www.edaily.co.kr/news/newspath.asp?newsid=01170966602942088
337,"9月 수입車 '신차' 덕분에 판매량 '껑충'…벤츠, BMW 눌렀다",http://news1.kr/articles/?1892135
338,"디터 제체 벤츠 회장 ""현대차는 존경스러운 기업""",http://www.edaily.co.kr/news/newspath.asp?newsid=01105366602939464
339,"벤츠, 젊은 감각 준중형 SUV ‘더 뉴 GLA’ 출시",https://www.seoul.co.kr/news/newsView.php?id=20201027021037&wlog_tag3=naver
340,"벤츠코리아, 팬들과 소통하는 '메르세데스 미' 개장",http://autotimes.hankyung.com/apps/news.sub_view?popup=0&nid=03&c1=03&c2=03&c3=00&nkey=201410141319331
341,"곤 르노-닛산 회장 ""벤츠와 비고급차 공동개발 검토""",http://www.edaily.co.kr/news/newspath.asp?newsid=01170966602942088
342,"9月 수입車 '신차' 덕분에 판매량 '껑충'…벤츠, BMW 눌렀다",http://news1.kr/articles/?1892135
343,"디터 제체 벤츠 회장 ""현대차는 존경스러운 기업""",http://www.edaily.co.kr/news/newspath.asp?newsid=01105366602939464
344,"벤츠, 젊은 감각 준중형 SUV ‘더 뉴 GLA’ 출시",https://www.seoul.co.kr/news/newsView.php?id=20201027021037&wlog_tag3=naver
345,"벤츠, 月판매량 BMW 추월",http://news.donga.com/3/all/20141008/67016413/1
346,"수입차 9월 판매 34%↑…벤츠, 33개월만에 판매 1위",https://news.naver.com/main/read.naver?mode=LSD&mid=sec&sid1=101&oid=001&aid=0007171175
347,"벤츠, 2년만에 BMW제치고 '국내 수입차 판매량 1위' 등극",http://www.newsinside.kr/news/articleView.html?idxno=269250
348,"벤츠, 젊은 감성 담은 특별한 공간 ‘Mercedes me’ 오픈",http://news.mk.co.kr/news_forward.php?domain=news&no=1343285&year=2014
349,"현대차, SUV부터 세단까지 '콤팩트'에 꽂히다…'RK'로 BMWㆍ벤츠 잡는다",http://www.ajunews.com/view/20140223141459987
350,"수입차 9월 판매 34%↑…벤츠, 33개월만에 판매 1위",http://news.sbs.co.kr/news/endPage.do?news_id=N1002620793&plink=ORI
351,"벤츠, 2년만에 BMW제치고 '국내 수입차 판매량 1위' 등극",http://www.newsinside.kr/news/articleView.html?idxno=269250
352,"벤츠, 젊은 감성 담은 특별한 공간 ‘Mercedes me’ 오픈",http://news.mk.co.kr/news_forward.php?domain=news&no=1343285&year=2014
353,"현대차, SUV부터 세단까지 '콤팩트'에 꽂히다…'RK'로 BMWㆍ벤츠 잡는다",http://www.ajunews.com/view/20140223141459987
354,"세단 이어 SUV도 벤츠가 휩쓴다..대박 GLA,GLB",http://www.edaily.co.kr/news/newspath.asp?newsid=01538326625901760
355,"[시승기] ""같은듯 다른 매력""... 메르세데스 벤츠 'GLB·GLA'",http://www.ceoscoredaily.com/news/article.html?no=73878
356,"현대차·BMW 이어 벤츠, 도요타 고객 소통 공간 마련",http://www.asiatoday.co.kr/view.php?key=20141021010012189
357,"[시승기]소형 SUV도 벤츠가 휩쓴다..매력 만점 GLB, GLA",http://www.edaily.co.kr/news/newspath.asp?newsid=01446486625930624
358,"차세대 벤츠 GLA 내부 스파이샷 공개, A 클래스 판박이?",http://www.thedrive.co.kr/news/newsview.php?ncode=1065598177011519
359,[포토]벤츠 브리타 제에거 대표와 함께 포즈 취하는 배우 조인성,http://www.hg-times.com/news/articleView.html?idxno=67988
360,"[시승기]소형 SUV도 벤츠가 휩쓴다..매력 만점 GLB, GLA",http://www.edaily.co.kr/news/newspath.asp?newsid=01446486625930624
361,"차세대 벤츠 GLA 내부 스파이샷 공개, A 클래스 판박이?",http://www.thedrive.co.kr/news/newsview.php?ncode=1065598177011519
362,[포토]벤츠 브리타 제에거 대표와 함께 포즈 취하는 배우 조인성,http://www.hg-times.com/news/articleView.html?idxno=67988
363,"벤츠, 'GLA·GLB·GLE' SUV 삼총사로 독주 굳히기",https://www.ebn.co.kr/news/view/1448352/?sc=Naver
364,수입차 성적표 뜯어보니 … 벤츠 아우디 성장세 무섭다,http://www.hankyung.com/news/app/newsview.php?aid=201412049851g
365,"벤츠코리아, '맨즈헬스 어반애슬론 서울 2014' 개최",http://www.ebn.co.kr/news/view/718301
366,"메르세데스-벤츠 2세대 GLA, 다채로운 파워트레인 품는다",https://hankookilbo.com/News/Read/A2020081108230005457?did=NA
367,"메르세데스-벤츠, 더 뉴 GLA·더 뉴 GLB 그리고 더 뉴 GLE 쿠페 출시",https://hankookilbo.com/News/Read/A2020083112500004635?did=NA
368,"메르세데스-벤츠 코리아, 'GLB' 'GLA' 'GLE 쿠페' SUV 3종 융단폭격 ",http://www.osen.co.kr/article/G1111422996
369,"항속거리 780km 최고급 전기차 벤츠 EQS450, 11월 국내 출시",http://www.autodaily.co.kr/news/articleView.html?idxno=428814
370,"항속거리 780km 최고급 전기차 벤츠 EQS450, 11월 국내 출시",http://www.autodaily.co.kr/news/articleView.html?idxno=428814
371,"벤츠 딜러 모터원, 10주년 기념 시승이벤트 실시",http://www.rpm9.com/news/article.html?id=20140923090015
372,"메르세데스 벤츠 뉴 EQA, 도심 전기 모빌리티 새 시대 연다",http://www.rpm9.com/news/article.html?id=20210727090004
373,"GLB 이어 GLA도 환경부 인증 완료...벤츠, 하반기 컴팩트SUV 라인업 강화",http://www.autodaily.co.kr/news/articleView.html?idxno=420161
374,볼보 ‘더 뉴 XC40’ 글로벌 무대 본격 출격… 불붙는 고급 소형 SUV 시장,http://bizn.donga.com/car/3/0111/20171201/87546904/1
375,"전동화 전환 속도 높이는 벤츠, 2024년까지 순수전기차 10종 투입",http://www.autodaily.co.kr/news/articleView.html?idxno=428719
376,신차 풍년 예고한 벤츠..신형 S클래스·C클래스·전기차 EQ 쏟아진다!,http://www.dailycar.co.kr/content/news.html?type=view&autoId=38702
377,"벤츠, 6년 연속 1위 지킬 전략 3가지···'S클래스·전기차·온라인'",http://www.sisajournal-e.com/news/articleView.html?idxno=228578
378,"벤츠, 브레이크 없는 질주… '8만대의 벽' 넘을까",http://www.sisaweek.com/news/articleView.html?idxno=145137
379,"고급화 전략 나서는 벤츠, 올해 8만대 넘긴다",http://www.newstomato.com/ReadNews.aspx?no=1053981&inflow=N
380,"고급화 전략 나서는 벤츠, 올해 8만대 넘긴다",http://www.newstomato.com/ReadNews.aspx?no=1053981&inflow=N
381,벤츠·아우디· 볼보·포드·테슬라·포르쉐·랜드로버·스즈키 제작결함…리콜 ,http://www.koreastocknews.com/news/articleView.html?idxno=64504
382,[리뷰] SUV의 감성을 더욱 강조한 메르세데스-벤츠 GLA,http://www.hankookilbo.com/news/npath/202003190758087240?did=NA
383,車 메카 디트로이트를 놀래킨 신차의 향연,http://view.asiae.co.kr/news/view.htm?idxno=2017011114215743543
384,"메르세데스-벤츠 전기차 가격 확 낮춰, 한국에 고급차 확대 포석 깔아",https://www.businesspost.co.kr/BP?command=article_view&num=236874
385,"벤츠 딜러 한성모터스, 전시장·서비스센터 여름맞이 프로모션",http://www.newsis.com/view/?id=NISX20210709_0001507250&cID=13001&pID=13000
386,"벤츠 공식 딜러 한성모터스, 여름맞이 전시장 및 서비스센터 '특별 프로모션' 진행",http://digitalchosun.dizzo.com/site/data/html_dir/2021/07/09/2021070980052.html
387,"메르세데스-벤츠, 'A-클래스' 보다 작은 신차 출시계획?",http://www.gpkorea.com/news/articleView.html?idxno=71161
388,"M-벤츠 코리아, 콤팩트 전기차 ‘더 뉴 EQA’ 국내 첫 공개...6천 미만",http://www.osen.co.kr/article/G1111596761
389,"200대 들어오는 벤츠 전기차 EQA, 대기만 800명 '흥행 조짐'",http://www.newspim.com/news/view/20210629000862
390,"200대 들어오는 벤츠 전기차 EQA, 대기만 800명 '흥행 조짐'",http://www.newspim.com/news/view/20210629000862
391,"더클래스 효성, 메르세데스-벤츠 '스타필드 하남 모빌리티 쇼' 참가한다",http://www.newslock.co.kr/news/articleView.html?idxno=32114
392,"""가격 같아도 테슬라 살래?""…'보조금 100%' 벤츠 EQA, 모델3처럼 '5990만원'",http://news.mk.co.kr/newsRead.php?no=564242&year=2021
393,"[자동차 - 명품 SUV 대전] 롤스로이스, 111년 역사 첫 SUV 예고",http://weekly.cnbnews.com/news/article.html?no=115428
394,[초이스잇/12월] 보급형 UHD TV·SUV 차량·NAS 인기상품은?,http://www.it.co.kr/news/article.html?no=2793286
395,눈길 끄는 하반기 SUV 신차 어떤 게 있나,http://www.it.co.kr/news/mediaitNewsView.php?nSeq=2731983
396,유가하락에도 디젤車.. 아반떼 중 비중도 20%,http://www.edaily.co.kr/news/newspath.asp?newsid=01289046609504712
397,"벤츠, ‘더 뉴 EQA’·‘MBUX 하이퍼스크린’ 공개",http://www.rpm9.com/news/article.html?id=20210614090002
398,운전 편하고 경제적인 소형 SUV 국내외 자동차 시장 질주할 채비,http://www.khan.co.kr/kh_news/art_view.html?artid=201408312136375&code=920508
399,콤팩트 SUV 20~30대에 ‘마이카 붐’,http://www.fnnews.com/view?ra=Sent0601m_01A&corp=fnnews&arcid=201408290100309240016282&cDateYear=2014&cDateMonth=08&cDateDay=28&
400,"SUV도 이젠 '소형'시대, 수입차 업체 하반기 출시 러쉬",http://www.asiatoday.co.kr/view.php?key=20140825010013058
401,"유럽형 크로스오버 차, 20~30대를 유혹한다",http://www.hankyung.com/news/app/newsview.php?aid=2014082519311
402,"벤츠, 2세대 GLA 공개..BMW X1, 아우디 Q3 경쟁",http://www.dailycar.co.kr/content/news.html?type=view&autoId=35371
403,2020년 11월 수입차 판매 7.5%↑… ‘벤츠 E클래스’ 돌풍,https://www.donga.com/news/article/all/20201203/104279245/2
404,'더 넓고 더 쎄다' SUV 신차대전,http://www.hankookilbo.com/v/5365e907501f40b38e173d4361048f04
405,"수입차, 하반기 신차경쟁은 메이저와 마이너의 대결?",http://www.dailian.co.kr/news/view/451808/?sc=naver
406,아우디 신형 'Q3' 美 판매가 공개…3만3425달러부터,http://www.mt.co.kr/view/mtview.php?type=1&no=2014080417532570089&outlink=1
407,"하반기 내수 車 시장, 치열한 소형 SUV 각축전 예고돼",http://www.osen.co.kr/article/G1109918839
408,"벤츠, 소형 SUV ‘GLA’ 스케치 이미지 공개..특징은?",http://www.dailycar.co.kr/content/news.html?type=view&autoId=35348
409,"벤츠 딜러 더클래스 효성, '스타필드 하남 모빌리티 쇼' 참가",https://www.asiatoday.co.kr/view.php?key=20201027010015596
410,"벤츠 딜러 더클래스효성, '스타필드 하남 모빌리티 쇼' 참가",http://www.inews24.com/view/1310836
411,가을엔 신차를 타겠어요,https://news.naver.com/main/read.naver?mode=LSD&mid=sec&sid1=101&oid=011&aid=0002552178
412,눈여겨 볼만한 하반기 신차는?,http://www.it.co.kr/news/mediaitNewsView.php?nSeq=2691110
413,"벤츠의 지속가능한 미래, 전동화 가속페달을 밟다",http://www.ohmynews.com/NWS_Web/View/at_pg.aspx?CNTN_CD=A0002750929&CMPT_CD=P0010&utm_source=naver&utm_medium=newsearch&utm_campaign=naver_news
414,"부산모터쇼, 반드시 봐야 할 자동차는?",http://www.it.co.kr/news/mediaitNewsView.php?nSeq=2643401
415,"벤츠, 순수 전기 콤팩트 SUV '더 뉴 EQA' 국내 공개",http://www.shinailbo.co.kr/news/articleView.html?idxno=1422557
416,"벤츠코리아, 출시 앞둔 럭셔리 전기 SUV '더 뉴 EQA' 국내 첫 공개",http://www.autodaily.co.kr/news/articleView.html?idxno=427978
417,"벤츠코리아, 2년 만에 두번째 전기차 ‘더 뉴 EQA’ 韓 공개…7월 공식 출시",http://www.newsway.co.kr/news/view?tp=1&ud=2021061014372815460
418,"신차봇물 터진 SUV시장, 어떤 모델 있나?",http://www.asiatoday.co.kr/view.php?key=20140822010011699
419,"[카라이프]형, 좀 비켜봐",http://view.asiae.co.kr/news/view.htm?idxno=2014022811194744134
420,"메르세데스-벤츠 코리아, 7월 출시 럭셔리 전기 컴팩트 SUV '더 뉴 EQA' 공개…가격은 5990만원",http://sports.chosun.com/news/ntype.htm?id=202106110100094820005895&servicedate=20210610
421,"벤츠코리아, 2년 만에 두번째 전기차 ‘더 뉴 EQA’ 韓 공개…7월 공식 출시",http://www.newsway.co.kr/news/view?tp=1&ud=2021061014372815460
422,"신차봇물 터진 SUV시장, 어떤 모델 있나?",http://www.asiatoday.co.kr/view.php?key=20140822010011699
423,"[카라이프]형, 좀 비켜봐",http://view.asiae.co.kr/news/view.htm?idxno=2014022811194744134
424,"벤츠, 2020년형 소형 SUV ‘GLA’ 티저 이미지 공개..출시 일정은?",http://www.dailycar.co.kr/content/news.html?type=view&autoId=35224
425,"벤츠 딜러 더클래스 효성, ‘스타필드 하남 모빌리티 쇼’ 참가",http://www.thedrive.co.kr/news/newsview.php?ncode=1065572526486389
426,소형 SUV '글로벌 대전' 예고,https://news.naver.com/main/read.naver?mode=LSD&mid=sec&sid1=101&oid=011&aid=0002553192
427,"""S클래스만 있는 게 아냐""…벤츠코리아, SUV 풀 라인업 구축",https://www.asiatime.co.kr/news/newsview.php?ncode=1065596571823091
428,'해외도 대세'..SUV에 푹 빠진 독일 빅3 메이커,http://www.edaily.co.kr/news/newspath.asp?newsid=02935606602939464
429,8월은 SUV의 계절… 신차 4종 달려온다,http://news.kmib.co.kr/article/view.asp?arcid=0922747971&code=14140000&cp=nv
430,"""S클래스만 있는 게 아냐""…벤츠코리아, SUV 풀 라인업 구축",https://www.asiatime.co.kr/news/newsview.php?ncode=1065596571823091
431,'해외도 대세'..SUV에 푹 빠진 독일 빅3 메이커,http://www.edaily.co.kr/news/newspath.asp?newsid=02935606602939464
432,8월은 SUV의 계절… 신차 4종 달려온다,http://news.kmib.co.kr/article/view.asp?arcid=0922747971&code=14140000&cp=nv
433,하반기 국산수입 신차 30여종 `디젤 SUV 슈퍼카 다양하네`,http://www.gpkorea.com/bbs/board.php?bo_table=gp_motorsports&wr_id=10247
434,'디젤차' 열풍…하반기에도 신차 쏟아진다,http://news1.kr/articles/1761481
435,"벤츠, 소형 SUV GLA 공개 계획..BMW X1·아우디 Q3와 경쟁",http://www.dailycar.co.kr/content/news.html?type=view&autoId=35222
436,"대중화로 인기 끄는 디젤, 세분화로 잘나가는 SUV",http://www.segye.com/content/html/2014/06/02/20140602004239.html?OutUrl=naver
437,현대車 신모델 제네시스급 AG 첫 `레드카펫`,http://news.mk.co.kr/news_forward.php?domain=news&no=837048&year=2014
438,[2014 부산모터쇼] 꼭 봐야하는 신차·콘셉트카 - 해외편,http://www.osen.co.kr/article/G1109862165
439,'국산차 vs 수입차' 부산모터쇼서 대격돌,http://www.nocutnews.co.kr/news/4031054
440,'2014 부산모터쇼'서 신차 미리 본다 ··· 주목할 만한 차는?,http://www.hankyung.com/news/app/newsview.php?aid=201405207274g
441,3세대 쏘렌토·BMW X3·4·6…SUV '빅뱅',http://www.hankyung.com/news/app/newsview.php?aid=2014082519681
442,[상하이 모터쇼]독일 '車존심' 작아졌네,http://www.asiae.co.kr/news/view.htm?idxno=2013042309352008185
443,"'레저 바람' 타고 질주하는 SUV, 최종 승자는…",http://news20.busan.com/controller/newsController.jsp?newsId=20140825000056
444,"벤츠, 올해 신기록 세우나···수입차 최초 8만대 도전",http://www.sisajournal-e.com/news/articleView.html?idxno=231927
445,"신형 아우디 Q3, 美 판매가격 3454만 원부터",http://car.donga.com/3/all/20140804/65579392/1
446,"KIA 야심작 신형 쏘렌토, 수입 디젤 세단과 한판승부",http://sports.donga.com/3/all/20140723/65398614/3
447,[시승기] '왕이 돌아왔다'...명성에 걸맞는 완벽 세단 신형 벤츠 E클래스,http://www.consumernews.co.kr/news/articleView.html?idxno=615205
448,[시승기] 감성과 가성비로 2030 공략 나선 '벤츠 클래스',http://www.iminju.net/news/articleView.html?idxno=57973
449,"[시승기] 세단 챔피언 방어전의 '우아한 펀치', 벤츠 E-클래스 타보니",http://www.iminju.net/news/articleView.html?idxno=58920
450,"메르세데스-벤츠, 12월 11일에 신형 GLA 공개",http://www.hankookilbo.com/news/npath/201911270957069318?did=NA
451,"벤츠, 덩치 키운 '신형 GLA' 공개...고성능 'GLA 35' 추가",http://www.gpkorea.com/news/articleView.html?idxno=59817
452,"벤츠, GLA 기반 전기차 EQA 개발 계획..소형 SUV 시장 공략",http://www.dailycar.co.kr/content/news.html?type=view&autoId=35434
453,"'E클래스·5시리즈 격돌 예고' 벤츠, 한 달 만에 1위 재탈환",http://www.autodaily.co.kr/news/articleView.html?idxno=422660
454,벤츠 GLA·BMW 5시리즈…2020년 수입차 신차전략은?,https://view.asiae.co.kr/article/2020012615315781344
455,"[시승기] 부쩍 증가한 '뉴 GLA·GLB'… ""작지만 알차다""",http://biz.newdaily.co.kr/site/data/html/2020/10/27/2020102700008.html
456,"전기차 라인업 강화하는 벤츠코리아, 여름에 EQA. 연말에 EQS 각각 출시",http://www.autodaily.co.kr/news/articleView.html?idxno=427205
457,"'BMW 한달 천하?' 벤츠, 내달 '신형 E 클래스'이어 풀체인지 S클래스 투입으로 1위 재탈환 나선다",http://www.autodaily.co.kr/news/articleView.html?idxno=421996
458,‘출시 코앞’ 벤츠 2세대 GLA 디자인 스케치 공개,http://www.thedrive.co.kr/news/newsview.php?ncode=1065593087546722
459,"BMW, 수입차 1위 벤츠 ‘맹추격’…판매량 격차 좁혀",http://thepublic.kr/news/newsview.php?ncode=1065578823544133
460,"BMW, 수입차 1위 벤츠 ‘맹추격’…판매량 격차 좁혀",http://thepublic.kr/news/newsview.php?ncode=1065578823544133
461,"벤츠 턱밑 추격 나선 BMW, 6년 만에 1위 탈환 '절치부심'",https://www.news1.kr/articles/?4241567
462,"벤츠, 신형 GLA는 이런 모습..랜더링 이미지 살펴보니...",http://www.dailycar.co.kr/content/news.html?type=view&autoId=33231
463,벤츠 S클래스의 장점을 그대로 옮겨 놓은 전기차 EQS..주행거리는 700km,http://www.dailycar.co.kr/content/news.html?type=view&autoId=37607
464,"5년째 수입차 1위 벤츠, 점점 격차 좁혀가는 BMW",https://biz.chosun.com/site/data/html_dir/2021/04/12/2021041201695.html?utm_source=naver&utm_medium=original&utm_campaign=biz
465,"벤츠, 도심·오프로드 거침없는 ‘더 뉴 GLA클래스’ 출시",http://car.donga.com/3/all/20140825/65995925/1
466,"[신차]벤츠 코리아, ‘더 뉴 GLA-클래스’ 출시",http://www.newsway.co.kr/view.php?tp=1&ud=2014082517241859385
467,"다임러, 미국 이어 중국에서도 소프트웨어 결함으로 메르세데스-벤츠 260만대 리콜",http://www.g-enews.com/ko-kr/news/article/news_all/202103140919533534e8b8a793f7_1/article.html
468,"""이젠 충전소 경쟁""... 현대차·벤츠·테슬라, 올해 충전소 대폭 늘린다",https://biz.chosun.com/site/data/html_dir/2021/04/09/2021040902107.html?utm_source=naver&utm_medium=original&utm_campaign=biz
469,"벤츠, 소형 SUV ‘GLA 45 AMG’ 공개..421마력 파워",http://www.dailycar.co.kr/content/news.html?type=view&autoId=35951
470,BMW·아우디 소형車 공세…고급 수입차 '대중화' 꿈꾼다,http://www.econovill.com/news/articleView.html?idxno=557671
471,벤츠 컴팩트 SUV '더 뉴 GLA-클래스' 첫선,http://sports.chosun.com/news/ntype.htm?id=201408260100281730017945&servicedate=20140825
472,"메르세데스 벤츠, 젊은 감성과 호흡하며 ‘승승장구’",http://www.metroseoul.co.kr/news/newsview?newscd=2014102800125
473,"[오토캠핑③]메르세데스 벤츠, 차종 다양화로 수입차 선두 '질주'",http://www.metroseoul.co.kr/news/newsview?newscd=2014101700031
474,"벤츠, SUV도 날렵하게 콤팩트 SUV '뉴 GLA-클래스' 출시",http://news1.kr/articles/?1828919
475,"벤츠, 매일 타는 콤팩트 SUV ‘GLA클래스’ 내달 출시",http://car.donga.com/3/all/20140721/65343745/1
476,"메르세데스 벤츠, 젊은 고객 위한 'Mercedes me' 오픈",http://www.metroseoul.co.kr/news/newsview?newscd=2014102200106
477,'5년 연속 수입차 1위' 벤츠 따라잡는 BMW…선두 경쟁 '후끈',https://view.asiae.co.kr/article/2021030716100568328
478,공개 D-1 벤츠 EQA..400km 주행거리 예고 ‘주목’,http://www.dailycar.co.kr/content/news.html?type=view&autoId=38627
479,"메르세데스-벤츠, 美서 소프트웨어 결함으로 129만 대 리콜",http://www.g-enews.com/ko-kr/news/article/news_all/20210218072439205783a046ffa0_1/article.html
480,"메르세데스-벤츠, 콤팩트 SUV '더 뉴 GLA 클래스' 출시",http://www.moneyweek.co.kr/news/mwView.php?type=1&no=2014082511158079298&outlink=1
481,공개 D-1 벤츠 EQA..400km 주행거리 예고 ‘주목’,http://www.dailycar.co.kr/content/news.html?type=view&autoId=38627
482,"메르세데스-벤츠, 美서 소프트웨어 결함으로 129만 대 리콜",http://www.g-enews.com/ko-kr/news/article/news_all/20210218072439205783a046ffa0_1/article.html
483,"""사고났는데 차량 위치는 엉뚱한 곳?"" 벤츠, 美서 129만대 리콜",http://www.bloter.net/archives/531136
484,독일 3대 자동차 벤츠·BMW·아우디 중…SUV 꼴찌는 벤츠,http://www.metroseoul.co.kr/news/newsview?newscd=2015051700131
485,"벤츠, 프리미엄 소형 SUV 'GLA-클래스' 출시",http://www.etnews.com/20140827000261
486,"벤츠, 부산모터쇼서 콤팩트 SUV `GLA클래스` 첫 공개",http://www.gpkorea.com/bbs/board.php?bo_table=gp_motorsports&wr_id=9768
487,"벤츠, 소형 SUV '더 뉴 GLA-클래스' 출시..4900만원",http://www.econovill.com/news/articleView.html?idxno=219022
488,벤츠 작년 글로벌 플러그인카 판매 3배 증가한 16만여대. EU 배출기준 충족,http://www.autodaily.co.kr/news/articleView.html?idxno=425621
489,"수입차 살땐 무조건 벤츠?…""SUV 시장선 달라요""",http://news.mk.co.kr/newsRead.php?no=125703&year=2021
490,"수입차 살땐 무조건 벤츠?…""SUV 시장선 달라요""",http://news.mk.co.kr/newsRead.php?no=125703&year=2021
491,"삼각별 전기차 저변 확대… 벤츠, 소형 SUV 전기차 ‘EQA’ 공개",https://www.donga.com/news/article/all/20210121/105039138/2
492,"벤츠, 소형 SUV '더 뉴 GLA-클래스' 출시",https://news.naver.com/main/read.naver?mode=LSD&mid=sec&sid1=101&oid=001&aid=0007084389
493,"벤츠코리아 수입차 1위 수성 열쇠는 전기차, 긴 주행거리 앞세워 공략",http://www.businesspost.co.kr/BP?command=article_view&num=218308
494,"벤츠, 플러그인 하이브리드 올해 말까지 신형 S클래스 등 20개 차종으로 확대",http://www.autodaily.co.kr/news/articleView.html?idxno=420765
495,"“올 전기차 2종, 최고의 벤츠 경험 될 겁니다”",https://www.chosun.com/economy/auto/2021/02/05/QQMGPBSKS5DMJO5OBDBOYIYEUI/?utm_source=naver&utm_medium=referral&utm_campaign=naver-news
496,"G의 의지, 벤츠 GLA, GLC, GLE, GLS, G클래스",http://www.gqkorea.co.kr/?p=38926&_C_=18
497,"벤츠코리아, 올해는 '세단'에 집중",http://autotimes.hankyung.com/apps/news.sub_view?popup=0&nid=02&c1=02&c2=02&c3=00&nkey=202101312113581
498,[driving] 씨름 선수가 달리기도 잘하네! 더 뉴 벤츠 GLS,https://woman.donga.com/3/all/12/2473873/1
499,미국 자동차 평가 기관이 꼽은 최고의 차는?,http://autotimes.hankyung.com/apps/news.sub_view?popup=0&nid=02&c1=02&c2=02&c3=00&nkey=202003200914591
