,title,url
0,"""물량 공급이 관건""...벤츠 vs BMW, 치열한 1위 싸움",https://economist.co.kr/2022/05/04/industry/normal/20220504164255192.html
1,중고 수입차 시세 소폭 하락세…BMW 3시리즈는 상승,https://www.news1.kr/articles/?4671899
2,'즐거움 한가득'…데일리 펀카 BMW 'M235i' 타보니,https://zdnet.co.kr/view/?no=20220506120904
3,벤츠 `주춤` vs BMW `약진`…수입차 1위 패권싸움 점입가경,http://www.dt.co.kr/contents.html?article_no=2022050602109932031002&ref=naver
4,국산차보다 잘 팔리는 벤츠·BMW,https://economist.co.kr/2022/05/06/industry/normal/20220506104851409.html
5,"""중고 수입차는 5월이 적기"" BMW 3시리즈 뺀 모든 중고차값 떨어져",http://moneys.mt.co.kr/news/mwView.php?no=2022050616243031865
6,수입차 10대 중 6대는 벤츠·BMW… 3위 놓고 볼보·아우디·폭스바겐 격돌,https://www.asiatoday.co.kr/view.php?key=20220505010003092
7,"""고급 세단 전쟁 펼쳐진다""…S클래스·G90·7시리즈 '격돌'(종합)",https://view.asiae.co.kr/article/2022050215013975376
8,"BMW, 7세대 '뉴 7시리즈' 최초 공개…내연기관·PHEV·전기차까지",https://www.hankyung.com/economy/article/202204211571g
9,BMW “7시리즈 지금 구매하고 1년 반 후 신형으로 교체하세요”,http://www.rpm9.com/news/article.html?id=20220502090039
10,반도체 공급난 속 벤츠·BMW 독주…4월 점유율 62.7%,https://www.dailian.co.kr/news/view/1110520/?sc=Naver
11,"[biz car] 쌍용차, 쉐보레, 르노자동차코리아, 폭스바겐, 토요타, BMW",http://www.bizwnews.com/news/articleView.html?idxno=35706
12,"[BMW i4 시승기] 감각적 디자인, 긴 주행거리, 가성비 다잡았다",https://news.kmib.co.kr/article/view.asp?arcid=0017024478&code=61172011&cp=nv
13,[車뷰] 기아 ‘더 2023 K8’ 나와…BMW 뉴7시리즈 새차 교체 상품 선봬,http://theviewers.co.kr/View.aspx?No=2299979
14,"""CEO는 리콜 안되나요"" 한상윤 BMW코리아 대표 취임 3년",http://moneys.mt.co.kr/news/mwView.php?no=2022042123038036750
15,"제로백 3.9초, 정교한 코너링…BMW 중형 프리미엄 전기차 'i4'",http://www.edaily.co.kr/news/newspath.asp?newsid=04375526632300384
16,법인 사업자 80%는 벤츠 S클래스 탄다… 제네시스·BMW 판매량 압도,http://moneys.mt.co.kr/news/mwView.php?no=2022042816452213731
17,"BMW, '뉴 7시리즈' 최초 공개…하반기 국내 출시",https://www.yna.co.kr/view/AKR20220421115400003?input=1195m
18,"""반도체난 피했다""···BMW코리아, 올해 홀로 성장",http://www.sisajournal-e.com/news/articleView.html?idxno=268762
19,"""적어도 벤츠·BMW는 타야 ""…'묻지마 구입' 속사정, '적과의 동침' [세상만車]",https://premium.mk.co.kr/view.php?no=31795
20,"BMW, 3세대 X1 공개 임박..400㎞가는 전기차 iX1도 출격 대기",http://www.dailycar.co.kr/content/news.html?type=view&autoId=44085
21,"세계 3위 즈베레프, BMW 오픈 첫판서 70위에 덜미",https://sports.donga.com/article/all/20220428/113134865/2
22,"BMW '신형 X1', 프랑스서 첫 데뷔?...2일 공개",http://www.gpkorea.com/news/articleView.html?idxno=85393
23,"[단독] BMW 'EGR 쿨러' 리콜 중단…""우크라 사태로 부품 수급 차질""",https://www.news1.kr/articles/?4662575
24,"한국타이어, BMW 첫 순수전기차 i4 신차용 타이어 공급",https://www.yna.co.kr/view/AKR20220414052000003?did=1195m
25,[신차열전] BMW ‘7시리즈’ 출격…메르세데스-벤츠 ‘S-클래스’와 맞불,https://www.dnews.co.kr/uhtml/view.jsp?idxno=202204242226091740037
26,BMW 뉴 7시리즈 공개…순수 전기 모델 i7도 포함,https://sports.donga.com/article/all/20220424/113046209/1
27,고성능 전기차 판매 이어가는 '아우디'···벤츠·BMW와 차별화하나,http://www.sisajournal-e.com/news/articleView.html?idxno=268144
28,BMW i7 vs 메르세데스-벤츠 EQS…럭셔리 전기차 세단 승자는?,http://news.heraldcorp.com/view.php?ud=20220422000738
29,벤츠 S클래스 잡아라…BMW 7시리즈·제네시스 G90 출격,http://www.sporbiz.co.kr/news/articleView.html?idxno=617152
30,[시승기] 매력적인 드라이빙의 컴팩트 BMW – BMW M235i xDrive 그란 쿠페,https://hankookilbo.com/News/Read/A2022041919530000373?did=NA
31,"[인터뷰] 구승회 BMW 판매왕, ‘3200대’ 대기록… 20년 노하우 들어보니",https://www.asiatoday.co.kr/view.php?key=20220426010015954
32,"BMW, 4월 온라인 한정 에디션 2종 출시",https://www.ekn.kr/web/view.php?key=20220412010001918
33,수입車 판매 감소에도 '벤츠·BMW' 양강체제 강화,http://www.m-i.kr/news/articleView.html?idxno=911372
34,"[주차장] 4월 4주, 수입 럭셔리 세단 공개…BMW 외 4가지 자동차",http://www.shinailbo.co.kr/news/articleView.html?idxno=1543075
35,[이지경제의 한 컷] BMW '공공의 적?'…고객도 '공공의 적?',http://www.ezyeconomy.com/news/articleView.html?idxno=117710
36,수입차 1분기 판매량 감소했지만 BMW·푸조는 선방...신차·전기차 효과 톡톡,http://www.consumernews.co.kr/news/articleView.html?idxno=647051
37,[라이센스 자동차 PICK] 현대차·르노코리아·BMW·한국타이어,http://www.lcnews.co.kr/news/articleView.html?idxno=32019
38,[크크맨의 카 라이프] 가장 BMW다운 전기차 'i4',http://www.sisacast.kr/news/articleView.html?idxno=34770
39,[마켓파워] BMW 대비 '영업이익률' 40% 높은 벤츠…프리미엄값 or 과도한 마진?,https://www.asiatoday.co.kr/view.php?key=20220421010012818
40,"되살아난 BMW코리아, 996억 벌고 700억 본사배당",http://news.bizwatch.co.kr/article/industry/2022/04/11/0013
41,콕 짚어 BMW 지목한 알파로메오..X5·7시리즈 경쟁차 만든다!,http://www.dailycar.co.kr/content/news.html?type=view&autoId=43869
42,[시승기] 새롭게 출시된 6000만원대 BMW 전기차 'i4' 타보니…,http://daily.hankooki.com/news/articleView.html?idxno=809438
43,[시승기] 다이내믹한 주행감 돋보이는 전기차 BMW i4,https://biz.newdaily.co.kr/site/data/html/2022/04/15/2022041500116.html
44,"BMW, “테슬라 지배 끝났다”..후발주자 추격 자신",http://www.dailycar.co.kr/content/news.html?type=view&autoId=43860
45,"한국타이어, BMW ‘i4’에 신차용 타이어 공급",http://www.rpm9.com/news/article.html?id=20220415090027
46,"베일 벗은 신형 7시리즈, i7 동시 공개..극장으로 변신한 플래그십",http://www.dailycar.co.kr/content/news.html?type=view&autoId=43876
47,"이름이 곧 스펙, 변한 건 연료뿐···전기차의 단점? 전기차로 진화![BMW i4 시승기]",https://www.khan.co.kr/economy/auto/article/202204102224015
48,"한국타이어, BMW 최초 순수전기 그란쿠페 ‘i4’에 신차용 타이어 공급",http://www.sportsworldi.com/newsView/20220416501030
49,"한국타이어, BMW 그란쿠페 ‘i4’ 신차용 타이어 공급",http://amenews.kr/news/view.php?idx=48475
50,"하늘채에 BMW·볼보·아우디까지…코오롱글로벌, ‘제2의 전성기’ 맞아",http://www.fntimes.com/html/view.php?ud=2022041914083833370583674372_18
51,"[시승기] BMW i4, 일상부터 스포츠 드라이빙까지 ""언제나 Fun"" ",http://www.seoulfn.com/news/articleView.html?idxno=452095
52,[김지윤의 시승기-BMW i4] 폭발적 가속·부드러운 코너링…짜릿한 사운드는 ‘덤’,http://news.heraldcorp.com/view.php?ud=20220408000687
53,"[車뷰] 현대차 ‘더 뉴 팰리세이드’?기아 ‘더 뉴 텔루라이드’?제네시스 ‘엑스 스피디움 쿠페’ 콘셉트 공개… 한국타이어, BMW i4에 탑재",http://theviewers.co.kr/View.aspx?No=2277481
54,[조재환 칼럼] 테슬라 완속충전기 앞 일반 주차 괜찮다?..“과태료 10만원입니다”,http://www.dailycar.co.kr/content/news.html?type=view&autoId=44188
55,"벤츠·BMW·테슬라·볼보, 지난해 매출 일제히 두 자릿수 비율로 증가",http://www.consumernews.co.kr/news/articleView.html?idxno=647218
56,[최기성의 허브車]“아프냐 나도 아팠다”…벤츠E vs BMW5 더 독해졌다,https://www.mk.co.kr/opinion/columnists/view/2022/04/310750/
57,"""제네시스? 50대가 타는거죠""…3040은 BMW, 테슬라 꽂혔다",http://news.mk.co.kr/newsRead.php?no=288191&year=2022
58,"제네시스·BMW·기아, 삼성 갤럭시로 문 열고 시동 걸어",http://www.thedrive.co.kr/news/newsview.php?ncode=1065601920162586
59,반도체 수급난에도 굳건한 'E클래스'와 '5시리즈'···고수익 모델 판매전략 주효,http://www.sisajournal-e.com/news/articleView.html?idxno=264222
60,BMW 118d '작지만 매력 만점',http://www.g-enews.com/ko-kr/news/article/news_all/2021080211203423347bdb7041ec_1/article.html
61,"수제버거 창업 브랜드 프랭크버거, 신메뉴 출시 기념 BMW 경품 행사 개최",http://www.sisamagazine.co.kr/news/articleView.html?idxno=435273
62,"BMW 가솔린 모델, 화재 위험에 리콜",https://www.chosun.com/economy/auto/2022/03/16/YCGGEGYAPVFYLEOYKW3MTAGSRE/?utm_source=naver&utm_medium=referral&utm_campaign=naver-news
63,"수제버거 창업 브랜드 프랭크버거, 신 메뉴 출시 기념 BMW 경품 이벤트 진행",https://www.itbiznews.com/news/articleView.html?idxno=67207
64,"프랭크버거, 첫 신메뉴 출시 기념 BMW 경품 행사 이벤트 개최",http://www.segyebiz.com/newsView/20220318504961?OutUrl=naver
65,"벤츠, 신형 C클래스 1분기 출시..라이벌 BMW 3시리즈 잡는다!",http://www.dailycar.co.kr/content/news.html?type=view&autoId=42723
66,"'엔진 화재 위험' BMW, 100만대 이상 리콜…한국 1만8000대 포함",http://www.ntoday.co.kr/news/articleView.html?idxno=90972
67,수입차도 공급난 풀리나? 2월 판매 전월 대비 13% 증가. 벤츠. BMW가 62%,http://www.autodaily.co.kr/news/articleView.html?idxno=432095
68,"""신차 수요 갈증 해소될까?"" 신차급 BMW 인증중고차 300여대 쏟아진다",http://www.autodaily.co.kr/news/articleView.html?idxno=431924
69,"'벤츠 세상'이라더니 또 혼쭐났다…'겹경사' BMW, 7년만에 1위 노린다[왜몰랐을카]",http://news.mk.co.kr/newsRead.php?no=111438&year=2022
70,"BMW, 벤츠 꺾고 새해 첫 달 판매 1위",http://www.rpm9.com/news/article.html?id=20220209090001
71,1위 되찾은 BMW… 수입차 판매 급감에도 선방,http://www.fnnews.com/news/202202061754461378
72,"BMW, 올해 수입차 왕좌 탈환 가능할까",http://www.sisaweek.com/news/articleView.html?idxno=150874
73,"수원삼성 이한도, 2022 도이치모터스 4월 MVP 선정",http://www.joongboo.com/news/articleView.html?idxno=363538870
74,"BMW, 265마력의 스포티한 해치백, ‘128ti’ 고객 인도 시작",https://hankookilbo.com/News/Read/A2021021908230004676?did=NA
75,"국산차 전기차 뜨고, 수입차 하이브리드 민다",http://www.fntimes.com/html/view.php?ud=202205091519288547de3572ddd_18
76,"""무섭다, '묻지마 벤츠사랑'에 또다시 판매신화""…'뒤끝작렬' BMW ""두고보자"" [세상만車]",https://premium.mk.co.kr/view.php?no=31319
77,"엔카닷컴 ""5월 봄철 성수기 막바지, 수입차 시세 약세""",http://www.sportsseoul.com/news/read/1122043?ref=naver
78,"X시리즈 활약에 BMW코리아, 1년 만에 벤츠 제치고 1위 탈환",http://www.autodaily.co.kr/news/articleView.html?idxno=430208
79,"""이번에는 역대급 품절""…볼보 파격에 BMW 벤츠 충격, S60 한정판 15분만에 완판",http://news.mk.co.kr/newsRead.php?no=1200830&year=2021
80,"[히스토리] 발전을 이어가는 컴팩트 BMW, BMW 1 시리즈 히스토리",http://www.hankookilbo.com/news/npath/202005060897396372?did=NA
81,"'일본차 불매' 시들? 아님 차는 좋아서?…4년만에 벤츠 BMW 제치고 '수입차 1위', 렉서스 ES300h",http://news.mk.co.kr/newsRead.php?no=1115115&year=2021
82,"BMW M550d xDrive 등, 엔진컨트롤유닛 SW '제작결함'…배출가스 영향 '리콜'",https://idsn.co.kr/news/view/1065585002825190
83,"BMW, 1시리즈 판매 개시…주력 모델 '118d'",http://www.mediapen.com/news/view/491158
84,"덩치 커진 BMW 막내 '1시리즈' 출시…4,030만원부터",https://www.nocutnews.co.kr/news/5269834
85,"'넘버3'의 반란, 3년만에 벤츠 BMW 모두 잡았다…아우디 A6, 마침내 '수입차 1위' 차지",http://news.mk.co.kr/newsRead.php?no=1037769&year=2021
86,"[최기성의 허브車]“벤츠, 이젠 좀 아프냐”…설움 한방에 떨쳐낸 BMW 아우디",https://www.mk.co.kr/opinion/columnists/view/2021/11/1057652/
87,"BMW 또 리콜, 1 시리즈 Sport 등 35차종 8320대…고압 연료펌프 '설계결함'",http://www.idsn.co.kr/news/articleView.html?idxno=53938
88,"BMW, 1년 만에 벤츠 앞질러…수입차 판매량 1위 등극",http://www.enewstoday.co.kr/news/articleView.html?idxno=1523559
89,[리뷰] 새로운 플랫폼으로 다시 시작하는 BMW 1 시리즈,http://www.hankookilbo.com/news/npath/201909020593770008?did=NA
90,"BMW, 컴팩트 모델 브랜드 캠페인 시작…스우파 YGX 크루 등장!",http://www.thedrive.co.kr/news/newsview.php?ncode=1065593093251575
91,"BMW, 전륜구동으로 바뀐 ‘뉴 1시리즈’ 글로벌 공개",http://www.rpm9.com/news/article.html?id=20190530090003
92,"BMW, 9월 글로벌 출시 될 3세대 뉴 1시리즈도 공개",http://www.osen.co.kr/article/G1111152518
93,"BMW그룹, 프리미엄 '3세대 뉴 1시리즈' 오는 9월 글로벌 공개",http://www.thebigdata.co.kr/view.php?ud=201905271429528316d0a8833aad_23
94,볼보 ‘조용한 질주’… 4월 수입차 판매 3위,http://www.fnnews.com/news/202205081800572468
95,"BMW ‘1시리즈·X2’, 고성능 M 퍼포먼스 모델 국내 출격",http://www.lawissue.co.kr/view.php?ud=20210818131141447567191f6c6e_12
96,이 차가 BMW F/L 3시리즈일까?,http://www.thedrive.co.kr/news/newsview.php?ncode=1065595636911854
97,S 엠블럼 붙여도 되겠는데? BMW 120i M Sport,https://www.motortrendkorea.com/sub/view.html?no=5895&cate1Name=WHICHCAR
98,E클래스 제친 5시리즈...그래도 웃지 못하는 BMW,http://www.wowtv.co.kr/NewsCenter/News/Read?articleId=A202107050131&t=NN
99,"겟차, 4월 수입차 추천 모델로 BMW '1시리즈' 등 선정",http://www.asiatoday.co.kr/view.php?key=20190425010017252
100,"수원삼성 이한도, 2022 도이치모터스 4월 MVP 선정",http://www.joongboo.com/news/articleView.html?idxno=363538870
101,"BMW, 265마력의 스포티한 해치백, ‘128ti’ 고객 인도 시작",https://hankookilbo.com/News/Read/A2021021908230004676?did=NA
102,"국산차 전기차 뜨고, 수입차 하이브리드 민다",http://www.fntimes.com/html/view.php?ud=202205091519288547de3572ddd_18
103,"""무섭다, '묻지마 벤츠사랑'에 또다시 판매신화""…'뒤끝작렬' BMW ""두고보자"" [세상만車]",https://premium.mk.co.kr/view.php?no=31319
104,"엔카닷컴 ""5월 봄철 성수기 막바지, 수입차 시세 약세""",http://www.sportsseoul.com/news/read/1122043?ref=naver
105,"X시리즈 활약에 BMW코리아, 1년 만에 벤츠 제치고 1위 탈환",http://www.autodaily.co.kr/news/articleView.html?idxno=430208
106,"""이번에는 역대급 품절""…볼보 파격에 BMW 벤츠 충격, S60 한정판 15분만에 완판",http://news.mk.co.kr/newsRead.php?no=1200830&year=2021
107,"[히스토리] 발전을 이어가는 컴팩트 BMW, BMW 1 시리즈 히스토리",http://www.hankookilbo.com/news/npath/202005060897396372?did=NA
108,"'일본차 불매' 시들? 아님 차는 좋아서?…4년만에 벤츠 BMW 제치고 '수입차 1위', 렉서스 ES300h",http://news.mk.co.kr/newsRead.php?no=1115115&year=2021
109,"BMW M550d xDrive 등, 엔진컨트롤유닛 SW '제작결함'…배출가스 영향 '리콜'",https://idsn.co.kr/news/view/1065585002825190
110,"BMW, 1시리즈 판매 개시…주력 모델 '118d'",http://www.mediapen.com/news/view/491158
111,"덩치 커진 BMW 막내 '1시리즈' 출시…4,030만원부터",https://www.nocutnews.co.kr/news/5269834
112,"'넘버3'의 반란, 3년만에 벤츠 BMW 모두 잡았다…아우디 A6, 마침내 '수입차 1위' 차지",http://news.mk.co.kr/newsRead.php?no=1037769&year=2021
113,"[최기성의 허브車]“벤츠, 이젠 좀 아프냐”…설움 한방에 떨쳐낸 BMW 아우디",https://www.mk.co.kr/opinion/columnists/view/2021/11/1057652/
114,"BMW 또 리콜, 1 시리즈 Sport 등 35차종 8320대…고압 연료펌프 '설계결함'",http://www.idsn.co.kr/news/articleView.html?idxno=53938
115,"BMW, 1년 만에 벤츠 앞질러…수입차 판매량 1위 등극",http://www.enewstoday.co.kr/news/articleView.html?idxno=1523559
116,[리뷰] 새로운 플랫폼으로 다시 시작하는 BMW 1 시리즈,http://www.hankookilbo.com/news/npath/201909020593770008?did=NA
117,"BMW, 컴팩트 모델 브랜드 캠페인 시작…스우파 YGX 크루 등장!",http://www.thedrive.co.kr/news/newsview.php?ncode=1065593093251575
118,"BMW, 전륜구동으로 바뀐 ‘뉴 1시리즈’ 글로벌 공개",http://www.rpm9.com/news/article.html?id=20190530090003
119,"BMW, 9월 글로벌 출시 될 3세대 뉴 1시리즈도 공개",http://www.osen.co.kr/article/G1111152518
120,"BMW그룹, 프리미엄 '3세대 뉴 1시리즈' 오는 9월 글로벌 공개",http://www.thebigdata.co.kr/view.php?ud=201905271429528316d0a8833aad_23
121,볼보 ‘조용한 질주’… 4월 수입차 판매 3위,http://www.fnnews.com/news/202205081800572468
122,"BMW ‘1시리즈·X2’, 고성능 M 퍼포먼스 모델 국내 출격",http://www.lawissue.co.kr/view.php?ud=20210818131141447567191f6c6e_12
123,이 차가 BMW F/L 3시리즈일까?,http://www.thedrive.co.kr/news/newsview.php?ncode=1065595636911854
124,중고 수입차 5월 시세 약세… 국산 하이브리드는 상승,http://moneys.mt.co.kr/news/mwView.php?no=2022050613012190283
125,S 엠블럼 붙여도 되겠는데? BMW 120i M Sport,https://www.motortrendkorea.com/sub/view.html?no=5895&cate1Name=WHICHCAR
126,E클래스 제친 5시리즈...그래도 웃지 못하는 BMW,http://www.wowtv.co.kr/NewsCenter/News/Read?articleId=A202107050131&t=NN
127,"겟차, 4월 수입차 추천 모델로 BMW '1시리즈' 등 선정",http://www.asiatoday.co.kr/view.php?key=20190425010017252
128,"반도체 대란 BMW, 옵션 '맞춤 판매'로 돌파구",https://www.ebn.co.kr/news/view/1500767/?sc=Naver
129,"BMW, 1·2시리즈 디젤 대신 가솔린 판다",http://www.ceoscoredaily.com/news/article.html?no=82560
130,"겟차, 4월 수입차 추천 모델로 BMW '1시리즈' 등 선정",http://www.asiatoday.co.kr/view.php?key=20190425010017252
131,6월 '베스트 셀링' 모델 BMW5 시리즈…벤츠 E클래스 제쳐,https://www.nocutnews.co.kr/news/5582870
132,"반도체 대란 BMW, 옵션 '맞춤 판매'로 돌파구",https://www.ebn.co.kr/news/view/1500767/?sc=Naver
133,"BMW, 1·2시리즈 디젤 대신 가솔린 판다",http://www.ceoscoredaily.com/news/article.html?no=82560
134,[현장] E-pit·슈퍼차저 갖춘 판교 테크원타워..충전방해로 몸살,http://www.dailycar.co.kr/content/news.html?type=view&autoId=44100
135,"5월 중고차 시세, 수입차 구매 적기?",http://www.thedrive.co.kr/news/newsview.php?ncode=1065571045268839
136,"[Car&Fun] 작지만 강하다···5,000만~6,000만원대 BMW 고성능 'M' 출격",https://www.sedaily.com/NewsView/22QAD8OQSE
137,"[클릭!이 차]제로백 4.7초, 날쌘 고성능 해치백…'BMW M135i xDrive'",http://www.etnews.com/20210819000094
138,"BMW코리아, M135i x드라이브와 X2 M35i 공식 출시",http://autotimes.hankyung.com/apps/news.sub_view?popup=0&nid=02&c1=02&c2=02&c3=00&nkey=202108180959201
139,굳건한 인기 '벤츠 S클래스' 선두로 고급 세단 '쌩쌩',http://www.edaily.co.kr/news/newspath.asp?newsid=01531766632327280
140,"BMW코리아, 고성능 M 퍼포먼스 모델 M135i xDrive·X2 M35i 출시",http://www.paxetv.com/news/articleView.html?idxno=124812
141,굳건한 인기 '벤츠 S클래스' 선두로 고급 세단 '쌩쌩',http://www.edaily.co.kr/news/newspath.asp?newsid=01531766632327280
142,"BMW, 7시리즈 할인 '그랜저 1대값'···""신형 S클래스 나오기 전에 팔아야""",http://www.sisajournal-e.com/news/articleView.html?idxno=231266
143,"""에어팟 프로에서 주식 금액권, BMW 5시리즈까지""…오픈 1주년 맞은 '롯데온', 내달 2일까지 4000만개 상품 최대 50% 할인",http://www.bizwnews.com/news/articleView.html?idxno=24308
144,"[단독] BMW, 1시리즈 가솔린 모델 120i 도입 확정… 118d는 단종수순",http://www.sisaweek.com/news/curationView.html?idxno=142529
145,"테슬라, 상반기 누적판매 1만대 돌파… BMW5 제치고 1위",http://www.seoulwire.com/news/articleView.html?idxno=446378
146,‘벤츠 전성시대’ BMW의 굴욕…프리미엄 수입차 위상 흔들,https://www.dnews.co.kr/uhtml/view.jsp?idxno=202107071307139930219
147,벤츠 질주에…브레이크 걸린 BMW,https://www.dnews.co.kr/uhtml/view.jsp?idxno=202107071428205190267
148,'더 길어진' BMW 中 전용 EV 3시리즈 전격 공개,http://www.thedrive.co.kr/news/newsview.php?ncode=1065573806338488
149,[신차출시] 눈매 매서워진 'BMW 뉴 1시리즈'… 베트맨카 보닛은 그대로,http://www.newscj.com/news/articleView.html?idxno=293717
150,‘벤츠 전성시대’ BMW의 굴욕…프리미엄 수입차 위상 흔들,https://www.dnews.co.kr/uhtml/view.jsp?idxno=202107071307139930219
151,벤츠 질주에…브레이크 걸린 BMW,https://www.dnews.co.kr/uhtml/view.jsp?idxno=202107071428205190267
152,'더 길어진' BMW 中 전용 EV 3시리즈 전격 공개,http://www.thedrive.co.kr/news/newsview.php?ncode=1065573806338488
153,[신차출시] 눈매 매서워진 'BMW 뉴 1시리즈'… 베트맨카 보닛은 그대로,http://www.newscj.com/news/articleView.html?idxno=293717
154,"(주)멀티버스, 기네스북 챌린지 국민건강증진 면역력게임 개최",http://www.kdpress.co.kr/news/articleView.html?idxno=112664
155,"[포토]BMW '뉴 1시리즈', 날렵한 리어램프",http://www.edaily.co.kr/news/newspath.asp?newsid=02266486609241656
156,"달라진 뒷태와 개선된 엔진, 신형 'BMW 1시리즈' 공개",http://www.kbench.com/?q=node/145313
157,"날렵함에 더 넓어진 실내, 주행의 즐거움 갖춘 BMW 뉴 1시리즈",https://www.hankyung.com/economy/article/2021022331961
158,"엔카닷컴, 5월은 수입차 구매 적기",http://autotimes.hankyung.com/apps/news.sub_view?popup=0&nid=03&c1=03&c2=03&c3=00&nkey=202205060913561
159,하나의 차로 즐기는 '세 가지' 주행감…BMW 뉴 1시리즈 [시승기],https://www.hankyung.com/economy/article/202102080179i
160,"[포토]BMW '뉴 1시리즈', 매끄러운 옆라인",http://www.edaily.co.kr/news/newspath.asp?newsid=02263206609241656
161,"달라진 뒷태와 개선된 엔진, 신형 'BMW 1시리즈' 공개",http://www.kbench.com/?q=node/145313
162,"날렵함에 더 넓어진 실내, 주행의 즐거움 갖춘 BMW 뉴 1시리즈",https://www.hankyung.com/economy/article/2021022331961
163,"엔카닷컴, 5월은 수입차 구매 적기",http://autotimes.hankyung.com/apps/news.sub_view?popup=0&nid=03&c1=03&c2=03&c3=00&nkey=202205060913561
164,하나의 차로 즐기는 '세 가지' 주행감…BMW 뉴 1시리즈 [시승기],https://www.hankyung.com/economy/article/202102080179i
165,"BMW, '1시리즈 M스포츠 에디션’ 200대 한정 판매",http://www.mt.co.kr/view/mtview.php?type=1&no=2013092711384549883&outlink=1
166,BMW 1시리즈 출시…3대 고급차 중 최초 3000만원대 신차,http://view.heraldcorp.com/view.php?ud=20121019000474
167,"BMW코리아, 가격&품질&드라이빙 삼박자 갖춘 3000만원대 소형모델 '1시리즈' 출시!",http://kr.aving.net/news/view.php?articleId=367647&Branch_ID=kr&rssid=naver&mn_name=news
168,"BMW, 3000만원대 소형차 '뉴 1시리즈' 출시",http://www.seoulfn.com/news/articleView.html?idxno=147063
169,3000만원대 내 생애 첫 BMW '뉴 1시리즈 해치백',http://www.mt.co.kr/view/mtview.php?type=1&no=2012100909462233904&outlink=1
170,"BMW, 3000만원대 소형차 '뉴 1시리즈' 출시",http://www.seoulfn.com/news/articleView.html?idxno=147063
171,3000만원대 내 생애 첫 BMW '뉴 1시리즈 해치백',http://www.mt.co.kr/view/mtview.php?type=1&no=2012100909462233904&outlink=1
172,BMW 1시리즈 해치백 3000만원대에 들여온다,http://www.mt.co.kr/view/mtview.php?type=1&no=2012100218375760852&outlink=1
173,"올해의 차 최종 후보 1, BMW 8시리즈 그란쿠페",https://www.motortrendkorea.com/sub/view.html?no=5313&cate1Name=WHICHCAR
174,"(영상)파격적인 키드니 그릴, 차별화 시도한 BMW 4시리즈",http://www.newstomato.com/ReadNews.aspx?no=1024884
175,"BMW, 뉴 1시리즈 해치백 첫 공개 “내년 상반기 출시”",http://www.ajnews.co.kr/common/redirect.jsp?newsId=20110606000235
176,"현대차 쏘나타, 한국보다 미국 중고차 시장서 인기…BMW 5시리즈 이어 2위",https://www.kgnews.co.kr/news/article.html?no=637454
177,"韓 디자이너가 맡은 BMW 신형 4시리즈, 파격 디자인 화제",https://biz.chosun.com/site/data/html_dir/2021/02/04/2021020402343.html?utm_source=naver&utm_medium=original&utm_campaign=biz
178,"BMW, 뉴 4시리즈 국내 공식 출시…고성능 M440i로 선택폭 넓혀",http://www.newsis.com/view/?id=NISX20210201_0001325340&cID=13001&pID=13000
179,"BMW, '신형 4시리즈'…한국인 디자이너 '혼' 담겼다",http://www.mediapen.com/news/view/597793
180,BMW 스포츠쿠페 ‘4시리즈’ 8년 만에 완전 변경,https://www.donga.com/news/article/all/20210201/105221662/2
181,"BMW, '신형 4시리즈'…한국인 디자이너 '혼' 담겼다",http://www.mediapen.com/news/view/597793
182,[사진]스파이당한 BMW '1시리즈' M쿠페,http://www.moneytoday.co.kr/view/mtview.php?type=1&no=2010070918321160145&outlink=1
183,[시승기] 가장 작고 싼 'BMW 1시리즈' 타보니…,http://mnm.seoul.co.kr/news/newsView.php?id=20100428040007
184,[360도 카메라] 싹 바뀐 BMW 신형 4시리즈 속살 훔쳐보기,https://www.econovill.com/news/articleView.html?idxno=518437
185,[시승기] 생애 첫 BMW로 제격…‘뉴 118d M 스포츠 패키지’,https://www.dnews.co.kr/uhtml/view.jsp?idxno=202105291709099710907
186,"[자동차특집] ③BMW 520, 1분기 실적 이끈 '수입차 베스트 셀링카 3위'",http://www.g-enews.com/ko-kr/news/article/news_all/2021042614465614770d88486204_1/article.html
187,"차량 구독 서비스 모자이카, BMW 5시리즈 1시간 1달러 프로모션 론칭",http://www.etnews.com/20210106000189
188,BMW 소형차 '1시리즈' 한국 출시,http://mbn.mk.co.kr/news/newsRead.php?vodCode=310158&category=mbn00003
189,"BMW, 2030년 EV 판매 비중 50% 목표..5시리즈·7시리즈 전기차 투입!",http://www.dailycar.co.kr/content/news.html?type=view&autoId=43434
190,"BMW, 수직 키드니 그릴 '뉴 4시리즈' 국내 출시…5940만원부터",http://news.mk.co.kr/newsRead.php?no=105045&year=2021
191,[시승기] 가장 작고 싼 'BMW 1시리즈' 타보니…,http://mnm.seoul.co.kr/news/newsView.php?id=20100428040007
192,[360도 카메라] 싹 바뀐 BMW 신형 4시리즈 속살 훔쳐보기,https://www.econovill.com/news/articleView.html?idxno=518437
193,[시승기] 생애 첫 BMW로 제격…‘뉴 118d M 스포츠 패키지’,https://www.dnews.co.kr/uhtml/view.jsp?idxno=202105291709099710907
194,"[자동차특집] ③BMW 520, 1분기 실적 이끈 '수입차 베스트 셀링카 3위'",http://www.g-enews.com/ko-kr/news/article/news_all/2021042614465614770d88486204_1/article.html
195,"차량 구독 서비스 모자이카, BMW 5시리즈 1시간 1달러 프로모션 론칭",http://www.etnews.com/20210106000189
196,BMW 소형차 '1시리즈' 한국 출시,http://mbn.mk.co.kr/news/newsRead.php?vodCode=310158&category=mbn00003
197,"BMW, 2030년 EV 판매 비중 50% 목표..5시리즈·7시리즈 전기차 투입!",http://www.dailycar.co.kr/content/news.html?type=view&autoId=43434
198,"'엎치락' 벤츠, '뒤치락' BMW…수입차 1위 경쟁 차이는 '단 99대'",http://www.newspim.com/news/view/20220406000412
199,"""현대·기아차 다음 이게 뭐야""…안방서 '르쌍쉐'가 안보인다",https://www.joongang.co.kr/article/25069013
200,"'엎치락' 벤츠, '뒤치락' BMW…수입차 1위 경쟁 차이는 '단 99대'",http://www.newspim.com/news/view/20220406000412
201,"""현대·기아차 다음 이게 뭐야""…안방서 '르쌍쉐'가 안보인다",https://www.joongang.co.kr/article/25069013
202,"BMW 7시리즈, 4월 완전변경 앞두고 기대감↑..전기차 i7도 추가!",http://www.dailycar.co.kr/content/news.html?type=view&autoId=43428
203,[신박한 車담] 럭셔리 플래그십 세단에도 포기할 수 없는 스포티함-BMW(3),http://www.enewstoday.co.kr/news/articleView.html?idxno=1475285
204,"'2.1톤 짜리 로켓' BMW 전기차 i4 e드라이브, 이거 물건이네!",http://www.gpkorea.com/news/articleView.html?idxno=84513
205,"수입차판매 양극화 '벤츠-BMW 누가 막을쏘냐'...볼보, 3위 '점프'",http://www.gpkorea.com/news/articleView.html?idxno=84548
206,'벤츠 vs BMW' 올해 승자는 누구,http://news.bizwatch.co.kr/article/industry/2022/04/07/0010
207,"차량구독서비스 '모자이카', BMW5 시리즈 1시간 1달러 프로모션 진행",http://www.enewstoday.co.kr/news/articleView.html?idxno=1442021
208,"[신차드라이브]BMW i4, 작정하고 만든 '갓성비' 전기차",http://www.etnews.com/20220407000131
209,"[신박한 車담] 항공기 심장을 지닌 자동차, 라이더의 심장을 뛰게 하다-BMW(1)",http://www.enewstoday.co.kr/news/articleView.html?idxno=1468533
210,"BMW, 화재 위험에 글로벌 103만대 리콜… 1·3·5시리즈, SUV X3·X5 등 대상",http://moneys.mt.co.kr/news/mwView.php?no=2022031611158098916
211,[타봤어요]달리는 맛 제대로 살린 순수 전기차 BMW 'i4',http://www.edaily.co.kr/news/newspath.asp?newsid=03086486632294152
212,"차량 구독 서비스 ‘모자이카’, BMW 5시리즈 1시간 1달러 프로모션",http://news.mt.co.kr/mtview.php?no=2021010615140336162
213,"롯데호텔 ""1박하면 'BMW 뉴 6시리즈'도 시승""",http://mbnmoney.mbn.co.kr/news/view?news_no=MM1004174865
214,"""롯데호텔에서 1박하고 BMW 뉴 6시리즈도 타세요""",http://www.thebigdata.co.kr/view.php?ud=202011150933247929d0a8833aad_23
215,"BMW그룹, ""7시리즈도 전기차로""",http://autotimes.hankyung.com/apps/news.sub_view?popup=0&nid=03&c1=03&c2=03&c3=00&nkey=202203171114111
216,[신박한 車담] 엔진과 디자인으로 이어온 존재감-BMW(2),http://www.enewstoday.co.kr/news/articleView.html?idxno=1470867
217,[시승기] 'BMW i4' 언제 어디서나 편안한 다이내믹함,http://www.newsprime.co.kr/news/article.html?no=564483
218,"""수입 중고차 구매 5월이 적기""",http://www.enewstoday.co.kr/news/articleView.html?idxno=1568282
219,고급 세단 대결 1R 승리한 BMW 5시리즈‥브랜드 1위 자리도 바뀌나,http://www.edaily.co.kr/news/newspath.asp?newsid=03870406625962440
220,[신박한 車담] 엔진과 디자인으로 이어온 존재감-BMW(2),http://www.enewstoday.co.kr/news/articleView.html?idxno=1470867
221,[시승기] 'BMW i4' 언제 어디서나 편안한 다이내믹함,http://www.newsprime.co.kr/news/article.html?no=564483
222,"""수입 중고차 구매 5월이 적기""",http://www.enewstoday.co.kr/news/articleView.html?idxno=1568282
223,고급 세단 대결 1R 승리한 BMW 5시리즈‥브랜드 1위 자리도 바뀌나,http://www.edaily.co.kr/news/newspath.asp?newsid=03870406625962440
224,"벤츠-BMW, 2022년 1분기 실적차 99대 '박빙'",http://www.econovill.com/news/articleView.html?idxno=571128
225,"BMW코리아, 누적 판매 50만대 돌파 기념 1·2시리즈 등 감사 프로모션 실시",http://www.autodaily.co.kr/news/articleView.html?idxno=423424
226,반도체 대란 속 벤츠·BMW 독주 지속…3월 점유율 60% 넘겨,https://www.dailian.co.kr/news/view/1100043/?sc=Naver
227,"BMW, 전기세단 i4 한정판 ‘완판’에 판매율도 증가세",http://www.sportsworldi.com/newsView/20220407500451
228,정공법 '벤츠' vs 다변화 'BMW'···준중형급 수입 세단 승자는?,http://www.sisajournal-e.com/news/articleView.html?idxno=264797
229,"'영끌' 필요없다…벤츠 BMW가 500만원, 진짜 사도 문제없나",http://premium.mk.co.kr/view.php?no=30063
230,정공법 '벤츠' vs 다변화 'BMW'···준중형급 수입 세단 승자는?,http://www.sisajournal-e.com/news/articleView.html?idxno=264797
231,"'영끌' 필요없다…벤츠 BMW가 500만원, 진짜 사도 문제없나",http://premium.mk.co.kr/view.php?no=30063
232,벤츠 vs. BMW 국내 수입차 시장 '왕좌 대결' 점입가경,https://www.ekn.kr/web/view.php?key=20220405010000711
233,수입차 벤츠·BMW '양강체제' 굳히기…3월 점유율 63%,http://www.fntimes.com/html/view.php?ud=2022040516212661827de3572ddd_18
234,"BMW코리아, 롯데호텔 서울 투숙객에 신형 `5·6시리즈 시승` 제공",http://news.mk.co.kr/newsRead.php?no=1180731&year=2020
235,"BMW, 350마력을 자랑하는 핫 해치 'M140i'",http://autoin.edaily.co.kr/news/newspath.asp?newsid=02374726615933840
236,"BMW i4 퍼스트 에디션, 69대 한정 판매 순식간에 '완판'",http://www.gpkorea.com/news/articleView.html?idxno=84514
237,"케이카, ""너무 올랐나""…5월 중고차 전 차종 시세 하락 전망",http://www.newsis.com/view/?id=NISX20220503_0001857407&cID=13001&pID=13000
238,AS 접수하는데만 8개월...BMW 서비스센터 이용은 복권 당첨보다 어려워?,http://www.consumernews.co.kr/news/articleView.html?idxno=646651
239,"BMW -7%, 제네시스 -4%…잘나가던 중고차, 고유가에 ‘휘청’",https://www.joongang.co.kr/article/25060819
240,AS 접수하는데만 8개월...BMW 서비스센터 이용은 복권 당첨보다 어려워?,http://www.consumernews.co.kr/news/articleView.html?idxno=646651
241,"BMW -7%, 제네시스 -4%…잘나가던 중고차, 고유가에 ‘휘청’",https://www.joongang.co.kr/article/25060819
242,5월 하이브리드 중고차 가격 소폭 상승…수입차는 구매 적기,http://it.chosun.com/site/data/html_dir/2022/05/06/2022050600600.html
243,"[生生시승기] 'BMW i4', 전기차의 드라이빙 감성은 이런 것",http://www.sporbiz.co.kr/news/articleView.html?idxno=614327
244,[AUTO] 수입차 최강자는? | 새 모델로 맞붙은 벤츠 E-클래스와 BMW 5시리즈,http://economychosun.com/client/news/view.php?boardName=C26&t_num=13609837
245,3월 수입차 판매 8.7%↓… ‘벤츠·BMW’ 출고 적체 일부 해소,https://www.donga.com/news/article/all/20220405/112701758/2
246,"[시승]독보적인 위치, BMW i4 M50",http://autotimes.hankyung.com/apps/news.sub_view?popup=0&nid=02&c1=02&c2=02&c3=00&nkey=202204031942251
247,"마침내 `복수혈전’ 성공…BMW 5시리즈, 벤츠 E클래스 이겼다",http://news.mk.co.kr/newsRead.php?no=1131649&year=2020
248,벤츠 E클래스 vs BMW 5시리즈… '1인자' 자리 놓고 격돌,http://www.m-i.kr/news/articleView.html?idxno=751883
249,[시승기] 기민한 BMW 전동화 패러다임 전환의 선봉장 – BMW i4 eDrive 40,https://hankookilbo.com/News/Read/A2022040120180002094?did=NA
250,"5시리즈의 힘…BMW, 누적 판매 50만대 돌파",http://news.heraldcorp.com/view.php?ud=20201103001001
251,BMW 1시리즈에 추가된 고성능 버전 ‘128ti’..265마력 파워!,http://www.dailycar.co.kr/content/news.html?type=view&autoId=37805
252,[Car & Car] 명차의 격전...품격의 벤츠 E클래스 vs 역동성의 BMW 5시리즈,http://www.newspim.com/news/view/20201023000798
253,"""그간의 D세그먼트 전기차는 잊어라""…BMW i4 M50의 압도적 매력 [시승기]",http://www.sisaon.co.kr/news/articleView.html?idxno=137697
254,"[동승기]""로켓처럼 쓩…BMW 전기차 i4, 엄청난 속도에도 가볍게 달리네""",http://www.newsis.com/view/?id=NISX20220401_0001817922&cID=13001&pID=13000
255,BMW i7 전기차 최초 공개 무대는..베이징 대신 뉴욕·뮌헨 될까?,http://www.dailycar.co.kr/content/news.html?type=view&autoId=43642
256,원조 '강남 쏘나타'의 귀환…BMW 1등 공신 된 5시리즈 [車 UP & DOWN],https://www.hankyung.com/economy/article/202009183806i
257,"""이 가격에 이 성능 실화야?""…가성비 '갑' BMW 전기차 i4 [신차털기]",https://www.hankyung.com/economy/article/202203313853g
258,"[시승] ""전기차도 BMW가 만들면 다르다"" 성능·효율·가격 다 좋네! BMW 'i4 eDrive 40'",http://www.autodaily.co.kr/news/articleView.html?idxno=432591
259,"제네시스 G80, 준대형 승용차 중 관심도 1위…BMW '6시리즈' 호감도 톱",http://www.thebigdata.co.kr/view.php?ud=202009161004405177d0a8833aad_23
260,청춘기록 속 박보검 차는? BMW 1·2 시리즈,http://www.thedrive.co.kr/news/newsview.php?ncode=1065589350997841
261,[시승기]역동적 주행능력에 스포티한 외모… 전기차 ‘BMW i4’,http://moneys.mt.co.kr/news/mwView.php?no=2022033116448053541
262,BMW vs 벤츠 '정면승부'…5시리즈·E클래스 10월 동시 출격,http://isplus.live.joins.com/news/article/article.asp?total_id=23889060
263,"BMW, 2년 8개월 만에 수입차 1위 탈환···""5시리즈가 끌고 X시리즈 밀고""",http://www.sisajournal-e.com/news/articleView.html?idxno=223071
264,"BMW 730d 등 32차종, 엔진 컨트롤 유닛 '제작결함'…시동꺼짐 가능성 '리콜'",https://idsn.co.kr/news/view/1065588817352330
265,[시승기] 역동적인 외관에 뛰어난 가속성능…BMW 순수전기 그란쿠페 'i4',http://yna.kr/AKR20220401158300003?did=1195m
266,"BMW 5시리즈냐, 벤츠 E클래스냐…수입차 세단 왕좌 가린다",http://yna.kr/AKR20200929154100003?did=1195m
267,"BMW 7시리즈, 파격변신 예고..커진 그릴·분리형 램프 적용",http://www.dailycar.co.kr/content/news.html?type=view&autoId=43088
268,수입 중형세단 대격돌…벤츠 E클래스 vs BMW 5시리즈,http://www.kukinews.com/newsView/kuk202009290299
269,[리뷰] 드라이빙에 대한 BMW의 새로운 제안…BMW 128ti,https://hankookilbo.com/News/Read/A2021022608040003140?did=NA
270,“429km 달리는 BMW 전기차”…'BMW i4' 국내 6650만원부터 출시,http://news.mk.co.kr/newsRead.php?no=287519&year=2022
271,"[시승기] BMW i4, 주종목 '스포티 준중형 세단'에 전기차 감성 더해",http://www.sisajournal-e.com/news/articleView.html?idxno=263749
272,"'화재결함' 심리악재 극복 했나...BMW, 벤츠와 1월 판매량 격차 좁혀",http://www.sporbiz.co.kr/news/articleView.html?idxno=510025
273,"그랜저HG·BMW 5시리즈, 비교 견적 신청 1위",http://www.skyedaily.com/news/news_view.html?ID=110603
274,1회 충전에 429km 달린다… 순수전기 그란쿠페 BMW i4 공식 출시,http://moneys.mt.co.kr/news/mwView.php?no=2022032818298082387
275,"턱밑까지 쫓아온 BMW, '벤츠 천하 끝나나?'",http://news.mt.co.kr/mtview.php?no=2021030416504713418
276,"""10월 나란히 출격""…`신형` 벤츠 E클래스-BMW 5시리즈, `사생결단` 승부수",http://news.mk.co.kr/newsRead.php?no=968167&year=2020
277,"엔카닷컴, 2019년식 인기 중고차 시세 분석…""하락세 경향""",https://zdnet.co.kr/view/?no=20220506093648
278,"""전기차도 1위 노린다""…BMW, 6000만원대 가성비 갖춘 'i4' 韓 상륙",http://www.etnews.com/20220325000111
279,"""왕 콧구멍이라고?""…BMW 역사상 가장 혁신적인 도전이 달린다",http://news.mk.co.kr/newsRead.php?no=155066&year=2021
280,"BMW, 준중형 전기 세단 ‘i4’ 국내 출시…6650만원부터",http://news.heraldcorp.com/view.php?ud=20220328000566
281,"""전기차도 1위 노린다""…BMW, 6000만원대 가성비 갖춘 'i4' 韓 상륙",http://www.etnews.com/20220325000111
282,"""왕 콧구멍이라고?""…BMW 역사상 가장 혁신적인 도전이 달린다",http://news.mk.co.kr/newsRead.php?no=155066&year=2021
283,"BMW의 첫 준중형 순수 전기차 ‘i4’, 공식 데뷔",http://www.rpm9.com/news/article.html?id=20220329090001
284,"'벤츠 E클래스 vs BMW 5시리즈' 10월 격돌…""수입차 왕좌 가린다""",http://www.etnews.com/20200914000195
285,[단독] BMW 뉴 8·7시리즈 출시 일정 확정…고급차로 1위 탈환 시동,http://www.newspim.com/news/view/20220209000256
286,취임 3주년 맞은 한상윤 BMW코리아 대표...판매량은 끌어올렸는데 리콜 1위 불명예는 못벗어,http://www.consumernews.co.kr/news/articleView.html?idxno=645727
287,"케이카 ""5월 중고차 시세 하락 대세…하이브리드는 선방""",https://www.news1.kr/articles/?4668749
288,"BMW i4, 스포츠 e-드라이빙의 기준 제시",http://autotimes.hankyung.com/apps/news.sub_view?popup=0&nid=02&c1=02&c2=02&c3=00&nkey=202203291905091
289,"'레트로 스타일?' BMW, 과거 E38 7시리즈 닮은 순수 전기 세단 'i7' 포착",http://www.autodaily.co.kr/news/articleView.html?idxno=421950
290,"BMW 코리아, 브랜드 최초 순수전기 그란 쿠페 i4 공식 출시... 가격은?",http://kr.aving.net/news/view.php?articleId=1694908&Branch_ID=kr&rssid=naver&mn_name=news
291,"케이카 ""5월 중고차 시세 하락 대세…하이브리드는 선방""",https://www.news1.kr/articles/?4668749
292,"BMW i4, 스포츠 e-드라이빙의 기준 제시",http://autotimes.hankyung.com/apps/news.sub_view?popup=0&nid=02&c1=02&c2=02&c3=00&nkey=202203291905091
293,"'레트로 스타일?' BMW, 과거 E38 7시리즈 닮은 순수 전기 세단 'i7' 포착",http://www.autodaily.co.kr/news/articleView.html?idxno=421950
294,"[레알시승기]""일상 주행만으로는 아까운 성능""…BMW 전기 세단 i4",https://www.nocutnews.co.kr/news/5730533
295,차 가격 뛰자 소비자 등 돌려…이달 중고차 전 차종 시세 '뚝',http://moneys.mt.co.kr/news/mwView.php?no=2022050317115225055
296,[Story포토] 신형 BMW 그릴'돼지코?'...볼 수록 매력있는데?,https://www.econovill.com/news/articleView.html?idxno=518425
297,BMW ‘돼지코 디자인’ 논란··· 디자이너의 해명은?,https://www.chosun.com/economy/auto/2021/02/04/WYASAL4SYBEYFE6H2BZO7QPZA4/?utm_source=naver&utm_medium=referral&utm_campaign=naver-news
298,나오기 전부터 입소문 난 BMW 전기차 ‘i4’,http://www.busan.com/view/busan/view.php?code=2022032218043395268
299,친환경 바람에 저무는 디젤 시대...벤츠 · BMW 올해 디젤차 없을 듯,http://www.consumernews.co.kr/news/articleView.html?idxno=620154
300,"역동적 순수전기차 BMW i4, ‘스포츠 e-드라이빙’ 새 기준 제시",https://www.ebn.co.kr/news/view/1525066/?sc=Naver
301,"[레알시승기]""일상 주행만으로는 아까운 성능""…BMW 전기 세단 i4",https://www.nocutnews.co.kr/news/5730533
302,차 가격 뛰자 소비자 등 돌려…이달 중고차 전 차종 시세 '뚝',http://moneys.mt.co.kr/news/mwView.php?no=2022050317115225055
303,"BMW, 첫 순수전기 그란쿠페 i4 출시…6650만원부터",http://www.newsis.com/view/?id=NISX20220328_0001809840&cID=13001&pID=13000
304,[Story포토] 신형 BMW 그릴'돼지코?'...볼 수록 매력있는데?,https://www.econovill.com/news/articleView.html?idxno=518425
305,BMW ‘돼지코 디자인’ 논란··· 디자이너의 해명은?,https://www.chosun.com/economy/auto/2021/02/04/WYASAL4SYBEYFE6H2BZO7QPZA4/?utm_source=naver&utm_medium=referral&utm_campaign=naver-news
306,나오기 전부터 입소문 난 BMW 전기차 ‘i4’,http://www.busan.com/view/busan/view.php?code=2022032218043395268
307,친환경 바람에 저무는 디젤 시대...벤츠 · BMW 올해 디젤차 없을 듯,http://www.consumernews.co.kr/news/articleView.html?idxno=620154
308,BMW 신형 전기차 i4 출시 전 '완판'…추가 물량 도입은 언제?,https://www.asiatoday.co.kr/view.php?key=20220323010013385
309,"BMW, 딜러사 임직원들과 ‘BMW 그룹 코리아 어워드 2022’ 개최",https://www.ekn.kr/web/view.php?key=20220327010004456
310,"BMW 코리아, 첫 순수 전기 그란쿠페 i4 출시",http://www.fnnews.com/news/202203281033357329
311,BMW ‘돼지코 디자인’ 논란··· 디자이너의 해명은?,https://www.chosun.com/economy/auto/2021/02/04/WYASAL4SYBEYFE6H2BZO7QPZA4/?utm_source=naver&utm_medium=referral&utm_campaign=naver-news
312,나오기 전부터 입소문 난 BMW 전기차 ‘i4’,http://www.busan.com/view/busan/view.php?code=2022032218043395268
313,친환경 바람에 저무는 디젤 시대...벤츠 · BMW 올해 디젤차 없을 듯,http://www.consumernews.co.kr/news/articleView.html?idxno=620154
314,BMW 신형 전기차 i4 출시 전 '완판'…추가 물량 도입은 언제?,https://www.asiatoday.co.kr/view.php?key=20220323010013385
315,"BMW, 딜러사 임직원들과 ‘BMW 그룹 코리아 어워드 2022’ 개최",https://www.ekn.kr/web/view.php?key=20220327010004456
316,"한국타이어, BMW 드라이빙 센터 8년 연속 독점 공급",http://www.newsprime.co.kr/news/article.html?no=563478
317,526㎞ 달리는 3시리즈 전기차..10분 충전으로 97㎞ 주행,http://www.dailycar.co.kr/content/news.html?type=view&autoId=43641
318,"BMW 그룹, ‘혁신적인 기술 변화’와 ‘e-모빌리티 확대’에 주력",http://www.rpm9.com/news/article.html?id=20220321090001
319,"한국타이어, 'BMW 드라이빙센터' 8년 연속 타이어 독점 공급",http://www.efnews.co.kr/news/articleView.html?idxno=94952
320,"BMW, 브랜드 첫 순수전기 그란쿠페 'i4' 국내 출시",http://www.shinailbo.co.kr/news/articleView.html?idxno=1532381
321,BMW ‘돼지코 디자인’ 논란··· 디자이너의 해명은?,https://www.chosun.com/economy/auto/2021/02/04/WYASAL4SYBEYFE6H2BZO7QPZA4/?utm_source=naver&utm_medium=referral&utm_campaign=naver-news
322,나오기 전부터 입소문 난 BMW 전기차 ‘i4’,http://www.busan.com/view/busan/view.php?code=2022032218043395268
323,친환경 바람에 저무는 디젤 시대...벤츠 · BMW 올해 디젤차 없을 듯,http://www.consumernews.co.kr/news/articleView.html?idxno=620154
324,BMW 신형 전기차 i4 출시 전 '완판'…추가 물량 도입은 언제?,https://www.asiatoday.co.kr/view.php?key=20220323010013385
325,"BMW, 딜러사 임직원들과 ‘BMW 그룹 코리아 어워드 2022’ 개최",https://www.ekn.kr/web/view.php?key=20220327010004456
326,"한국타이어, BMW 드라이빙 센터 8년 연속 독점 공급",http://www.newsprime.co.kr/news/article.html?no=563478
327,526㎞ 달리는 3시리즈 전기차..10분 충전으로 97㎞ 주행,http://www.dailycar.co.kr/content/news.html?type=view&autoId=43641
328,"BMW 그룹, ‘혁신적인 기술 변화’와 ‘e-모빌리티 확대’에 주력",http://www.rpm9.com/news/article.html?id=20220321090001
329,"한국타이어, 'BMW 드라이빙센터' 8년 연속 타이어 독점 공급",http://www.efnews.co.kr/news/articleView.html?idxno=94952
330,"BMW 그룹, ‘혁신적인 기술 변화’와 ‘e-모빌리티 확대’에 주력",http://www.rpm9.com/news/article.html?id=20220321090001
331,"한국타이어, 'BMW 드라이빙센터' 8년 연속 타이어 독점 공급",http://www.efnews.co.kr/news/articleView.html?idxno=94952
332,"한국타이어, BMW드라이빙센터 시승차에 8년연속 타이어 독점공급",https://www.hankyung.com/economy/article/202203234202g
333,"BMW, 전기 SUV iX1 티저 공개..주행거리는 438㎞",http://www.dailycar.co.kr/content/news.html?type=view&autoId=43460
334,BMW 연초 맞이 최대 1500만원 할인해 3000만원에 구매할 수 있다,https://www.insight.co.kr/news/321008
335,"BMW, 올해 전기차 15종 내놓는다…'주행거리 600km' 전기 세단 i7도",https://www.hankyung.com/economy/article/202203171668g
336,"[단독] BMW 전기 세단 i7, 올해 4분기 국내 소비자 만난다",http://www.newspim.com/news/view/20220318000101
337,"[렌탈&파이낸스] BMW파이낸셜, X시리즈 1개월 할부 면제",http://news.mk.co.kr/newsRead.php?no=920198&year=2020
338,"""5월 A4, XC90 등 수입 중고차 시세 약화…구매 적기""",http://www.edaily.co.kr/news/newspath.asp?newsid=02696166632326296
339,위장막 씌운 BMW 신형 ‘4시리즈’ 서울 시내서 포착..출시 임박(?),http://m.dailycar.co.kr/content/news.html?type=view&autoId=37076
340,"한국타이어, 8년 연속 'BMW 드라이빙센터' 타이어 독점 공급",http://www.bizwnews.com/news/articleView.html?idxno=34065
341,"한국타이어, ‘BMW 드라이빙센터’ 8년 연속 타이어 독점 공급",https://www.donga.com/news/article/all/20220323/112487151/2
342,"BMW, 전기 SUV iX1 티저 공개..주행거리는 438㎞",http://www.dailycar.co.kr/content/news.html?type=view&autoId=43460
343,BMW 연초 맞이 최대 1500만원 할인해 3000만원에 구매할 수 있다,https://www.insight.co.kr/news/321008
344,"BMW, 올해 전기차 15종 내놓는다…'주행거리 600km' 전기 세단 i7도",https://www.hankyung.com/economy/article/202203171668g
345,"[단독] BMW 전기 세단 i7, 올해 4분기 국내 소비자 만난다",http://www.newspim.com/news/view/20220318000101
346,"[렌탈&파이낸스] BMW파이낸셜, X시리즈 1개월 할부 면제",http://news.mk.co.kr/newsRead.php?no=920198&year=2020
347,"""5월 A4, XC90 등 수입 중고차 시세 약화…구매 적기""",http://www.edaily.co.kr/news/newspath.asp?newsid=02696166632326296
348,위장막 씌운 BMW 신형 ‘4시리즈’ 서울 시내서 포착..출시 임박(?),http://m.dailycar.co.kr/content/news.html?type=view&autoId=37076
349,"BMW ""뉴 1시리즈 및 2시리즈 그란쿠페 월 25만원에 오너 된다""",http://sports.hankooki.com/lpage/economy/202006/sp20200603162529136990.htm?s_ref=nv
350,"한국타이어, ‘BMW 드라이빙센터’ 타이어 독점 공급…8년 연속",http://www.sentv.co.kr/news/view/614746
351,"한국타이어, 'BMW 드라이빙센터'에 8년 연속 타이어 독점 공급",http://www.kpinews.co.kr/news/articleView.html?idxno=172455
352,"BMW, 전기 SUV iX1 티저 공개..주행거리는 438㎞",http://www.dailycar.co.kr/content/news.html?type=view&autoId=43460
353,BMW 연초 맞이 최대 1500만원 할인해 3000만원에 구매할 수 있다,https://www.insight.co.kr/news/321008
354,"BMW, 올해 전기차 15종 내놓는다…'주행거리 600km' 전기 세단 i7도",https://www.hankyung.com/economy/article/202203171668g
355,"[단독] BMW 전기 세단 i7, 올해 4분기 국내 소비자 만난다",http://www.newspim.com/news/view/20220318000101
356,"[렌탈&파이낸스] BMW파이낸셜, X시리즈 1개월 할부 면제",http://news.mk.co.kr/newsRead.php?no=920198&year=2020
357,"""5월 A4, XC90 등 수입 중고차 시세 약화…구매 적기""",http://www.edaily.co.kr/news/newspath.asp?newsid=02696166632326296
358,위장막 씌운 BMW 신형 ‘4시리즈’ 서울 시내서 포착..출시 임박(?),http://m.dailycar.co.kr/content/news.html?type=view&autoId=37076
359,"BMW ""뉴 1시리즈 및 2시리즈 그란쿠페 월 25만원에 오너 된다""",http://sports.hankooki.com/lpage/economy/202006/sp20200603162529136990.htm?s_ref=nv
360,"한국타이어, 'BMW 드라이빙센터' 8년 연속 타이어 독점 공급",http://www.newsis.com/view/?id=NISX20220323_0001803685&cID=13001&pID=13000
361,"한국타이어, BMW 시승차량 8년 연속 독점 공급",https://www.fetv.co.kr/news/article.html?no=111164
362,"BMW, 전기 SUV iX1 티저 공개..주행거리는 438㎞",http://www.dailycar.co.kr/content/news.html?type=view&autoId=43460
363,BMW 연초 맞이 최대 1500만원 할인해 3000만원에 구매할 수 있다,https://www.insight.co.kr/news/321008
364,"BMW, 올해 전기차 15종 내놓는다…'주행거리 600km' 전기 세단 i7도",https://www.hankyung.com/economy/article/202203171668g
365,"[단독] BMW 전기 세단 i7, 올해 4분기 국내 소비자 만난다",http://www.newspim.com/news/view/20220318000101
366,"[렌탈&파이낸스] BMW파이낸셜, X시리즈 1개월 할부 면제",http://news.mk.co.kr/newsRead.php?no=920198&year=2020
367,"""5월 A4, XC90 등 수입 중고차 시세 약화…구매 적기""",http://www.edaily.co.kr/news/newspath.asp?newsid=02696166632326296
368,위장막 씌운 BMW 신형 ‘4시리즈’ 서울 시내서 포착..출시 임박(?),http://m.dailycar.co.kr/content/news.html?type=view&autoId=37076
369,"BMW ""뉴 1시리즈 및 2시리즈 그란쿠페 월 25만원에 오너 된다""",http://sports.hankooki.com/lpage/economy/202006/sp20200603162529136990.htm?s_ref=nv
370,"한국타이어, 'BMW 드라이빙센터' 타이어 독점 공급",http://autotimes.hankyung.com/apps/news.sub_view?popup=0&nid=03&c1=03&c2=03&c3=00&nkey=202203230924501
371,"한국타이어, BMW 드라이빙센터에 8년 연속 타이어 공급",http://news.einfomax.co.kr/news/articleView.html?idxno=4204787
372,"BMW, 전기 SUV iX1 티저 공개..주행거리는 438㎞",http://www.dailycar.co.kr/content/news.html?type=view&autoId=43460
373,BMW 연초 맞이 최대 1500만원 할인해 3000만원에 구매할 수 있다,https://www.insight.co.kr/news/321008
374,"BMW, 올해 전기차 15종 내놓는다…'주행거리 600km' 전기 세단 i7도",https://www.hankyung.com/economy/article/202203171668g
375,"[단독] BMW 전기 세단 i7, 올해 4분기 국내 소비자 만난다",http://www.newspim.com/news/view/20220318000101
376,"[렌탈&파이낸스] BMW파이낸셜, X시리즈 1개월 할부 면제",http://news.mk.co.kr/newsRead.php?no=920198&year=2020
377,"""5월 A4, XC90 등 수입 중고차 시세 약화…구매 적기""",http://www.edaily.co.kr/news/newspath.asp?newsid=02696166632326296
378,위장막 씌운 BMW 신형 ‘4시리즈’ 서울 시내서 포착..출시 임박(?),http://m.dailycar.co.kr/content/news.html?type=view&autoId=37076
379,"BMW ""뉴 1시리즈 및 2시리즈 그란쿠페 월 25만원에 오너 된다""",http://sports.hankooki.com/lpage/economy/202006/sp20200603162529136990.htm?s_ref=nv
380,"""5월 A4, XC90 등 수입 중고차 시세 약화…구매 적기""",http://www.edaily.co.kr/news/newspath.asp?newsid=02696166632326296
381,"BMW그룹 ""2025년까지 순수전기차 200만대 판매""",http://www.fnnews.com/news/202203171100595422
382,"한국타이어, BMW 드라이빙센터에 타이어 '독점 공급'",http://www.lcnews.co.kr/news/articleView.html?idxno=31295
383,위장막 씌운 BMW 신형 ‘4시리즈’ 서울 시내서 포착..출시 임박(?),http://m.dailycar.co.kr/content/news.html?type=view&autoId=37076
384,"BMW ""뉴 1시리즈 및 2시리즈 그란쿠페 월 25만원에 오너 된다""",http://sports.hankooki.com/lpage/economy/202006/sp20200603162529136990.htm?s_ref=nv
385,"BMW 그룹 코리아, 설립 25주년 기념 감사 프로모션...뉴 1시리즈 월 25만원",http://www.getnews.co.kr/view.php?ud=2020060212243970716a6b374224_16
386,"BMW 전기차 i4, 3700여대 사전 예약 완료…28일 출시 예정",http://www.wolyo.co.kr/news/articleView.html?idxno=202829
387,'아묻따' 특가 2월 중고차는 'SM6·BMW 3시리즈',https://www.ajunews.com/view/20220211145734490
388,"프리미엄 중고차 리본카, 초특가 경매 프로젝트 ‘리:본 럭키 옥션’ 7월 두 차례 BMW 5시리즈 특집 진행",http://www.getnews.co.kr/view.php?ud=2020070615222772404ecd436290_16
389,"BMW파이낸셜, X시리즈 구매시 1개월 할부면제 '감사보답'",http://www.mediapen.com/news/view/553310
390,"BMW, 올해 럭셔리 전기 세단 'i7' 출시",http://www.econovill.com/news/articleView.html?idxno=568857
391,"한국타이어, BMW 드라이빙센터에 타이어 '독점 공급'",http://www.lcnews.co.kr/news/articleView.html?idxno=31295
392,위장막 씌운 BMW 신형 ‘4시리즈’ 서울 시내서 포착..출시 임박(?),http://m.dailycar.co.kr/content/news.html?type=view&autoId=37076
393,"BMW ""뉴 1시리즈 및 2시리즈 그란쿠페 월 25만원에 오너 된다""",http://sports.hankooki.com/lpage/economy/202006/sp20200603162529136990.htm?s_ref=nv
394,"BMW 그룹 코리아, 설립 25주년 기념 감사 프로모션...뉴 1시리즈 월 25만원",http://www.getnews.co.kr/view.php?ud=2020060212243970716a6b374224_16
395,"BMW 전기차 i4, 3700여대 사전 예약 완료…28일 출시 예정",http://www.wolyo.co.kr/news/articleView.html?idxno=202829
396,'아묻따' 특가 2월 중고차는 'SM6·BMW 3시리즈',https://www.ajunews.com/view/20220211145734490
397,"프리미엄 중고차 리본카, 초특가 경매 프로젝트 ‘리:본 럭키 옥션’ 7월 두 차례 BMW 5시리즈 특집 진행",http://www.getnews.co.kr/view.php?ud=2020070615222772404ecd436290_16
398,"BMW파이낸셜, X시리즈 구매시 1개월 할부면제 '감사보답'",http://www.mediapen.com/news/view/553310
399,"EQA 꼼짝마, BMW iX1 티저 공개",http://autotimes.hankyung.com/apps/news.sub_view?popup=0&nid=02&c1=02&c2=02&c3=00&nkey=202203211654201
400,BMW “월 25만원으로 1시리즈 소유하세요”,http://www.rpm9.com/news/article.html?id=20200602090005
401,"BMW 전기차 i4, 3700여대 사전 예약 완료…28일 출시 예정",http://www.wolyo.co.kr/news/articleView.html?idxno=202829
402,'아묻따' 특가 2월 중고차는 'SM6·BMW 3시리즈',https://www.ajunews.com/view/20220211145734490
403,"프리미엄 중고차 리본카, 초특가 경매 프로젝트 ‘리:본 럭키 옥션’ 7월 두 차례 BMW 5시리즈 특집 진행",http://www.getnews.co.kr/view.php?ud=2020070615222772404ecd436290_16
404,"BMW파이낸셜, X시리즈 구매시 1개월 할부면제 '감사보답'",http://www.mediapen.com/news/view/553310
405,"EQA 꼼짝마, BMW iX1 티저 공개",http://autotimes.hankyung.com/apps/news.sub_view?popup=0&nid=02&c1=02&c2=02&c3=00&nkey=202203211654201
406,벤츠 E클래스 vs BMW 5시리즈… 수입차 '1인자'는?,http://www.m-i.kr/news/articleView.html?idxno=714614
407,BMW 올해 순수전기차 15종 출시...2025년까지 200만대 판매 목표,https://biz.chosun.com/industry/car/2022/03/17/EOXL5D2LW5GTNMS6AMHUJT4L6A/?utm_source=naver&utm_medium=original&utm_campaign=biz
408,"BMW, 지난해 온라인 판매 470대의 의미는",https://www.econovill.com/news/articleView.html?idxno=516463
409,이달 중고차 구매해볼까…가격 낮아진 SM6·BMW 3시리즈,http://moneys.mt.co.kr/news/mwView.php?no=2022020716438080336
410,'아묻따' 특가 2월 중고차는 'SM6·BMW 3시리즈',https://www.ajunews.com/view/20220211145734490
411,"프리미엄 중고차 리본카, 초특가 경매 프로젝트 ‘리:본 럭키 옥션’ 7월 두 차례 BMW 5시리즈 특집 진행",http://www.getnews.co.kr/view.php?ud=2020070615222772404ecd436290_16
412,"BMW파이낸셜, X시리즈 구매시 1개월 할부면제 '감사보답'",http://www.mediapen.com/news/view/553310
413,"EQA 꼼짝마, BMW iX1 티저 공개",http://autotimes.hankyung.com/apps/news.sub_view?popup=0&nid=02&c1=02&c2=02&c3=00&nkey=202203211654201
414,벤츠 E클래스 vs BMW 5시리즈… 수입차 '1인자'는?,http://www.m-i.kr/news/articleView.html?idxno=714614
415,BMW 올해 순수전기차 15종 출시...2025년까지 200만대 판매 목표,https://biz.chosun.com/industry/car/2022/03/17/EOXL5D2LW5GTNMS6AMHUJT4L6A/?utm_source=naver&utm_medium=original&utm_campaign=biz
416,"BMW, 지난해 온라인 판매 470대의 의미는",https://www.econovill.com/news/articleView.html?idxno=516463
417,이달 중고차 구매해볼까…가격 낮아진 SM6·BMW 3시리즈,http://moneys.mt.co.kr/news/mwView.php?no=2022020716438080336
418,지난달 국내 신차 등록 13만387대…아반떼·BMW 5시리즈 '인기',http://moneys.mt.co.kr/news/mwView.php?no=2022020414528090964
419,"르노삼성 SM6·BMW 3시리즈, 3월 대신 2월에 사야 하는 이유…중고차값 하락, 봄엔 오를듯",http://news.mk.co.kr/newsRead.php?no=108531&year=2022
420,BMW “올해 전기차 15종 생산...2025년까지 200만대 판매”,http://www.etnews.com/20220317000100
421,"BMW, 지난해 온라인 판매 470대의 의미는",https://www.econovill.com/news/articleView.html?idxno=516463
422,이달 중고차 구매해볼까…가격 낮아진 SM6·BMW 3시리즈,http://moneys.mt.co.kr/news/mwView.php?no=2022020716438080336
423,지난달 국내 신차 등록 13만387대…아반떼·BMW 5시리즈 '인기',http://moneys.mt.co.kr/news/mwView.php?no=2022020414528090964
424,"르노삼성 SM6·BMW 3시리즈, 3월 대신 2월에 사야 하는 이유…중고차값 하락, 봄엔 오를듯",http://news.mk.co.kr/newsRead.php?no=108531&year=2022
425,"BMW, 신형 5·6시리즈 업고 수입차1위 탈환할까",http://www.sporbiz.co.kr/news/articleView.html?idxno=441138
426,"'최애' BMW 5시리즈 신형, '1등' 한국서 세계 첫 공개",https://www.hankyung.com/economy/article/202005271173g
427,더 완벽해진 BMW 5·6시리즈...수입차 1위 탈환 나선다,https://www.dailian.co.kr/news/view/893056?sc=Naver
428,"캐딜락 CT5-V 블랙윙 ""E AMG·M5·포르쉐 한판 붙자""",http://www.econovill.com/news/articleView.html?idxno=574701
429,"리본카, '리:본 럭키 옥션' BMW 7시리즈 특집...1일 2회씩 입찰가 제출",http://www.slist.kr/news/articleView.html?idxno=162659
430,"르노삼성 SM6·BMW 3시리즈, 3월 대신 2월에 사야 하는 이유…중고차값 하락, 봄엔 오를듯",http://news.mk.co.kr/newsRead.php?no=108531&year=2022
431,"BMW, 신형 5·6시리즈 업고 수입차1위 탈환할까",http://www.sporbiz.co.kr/news/articleView.html?idxno=441138
432,"'최애' BMW 5시리즈 신형, '1등' 한국서 세계 첫 공개",https://www.hankyung.com/economy/article/202005271173g
433,더 완벽해진 BMW 5·6시리즈...수입차 1위 탈환 나선다,https://www.dailian.co.kr/news/view/893056?sc=Naver
434,"캐딜락 CT5-V 블랙윙 ""E AMG·M5·포르쉐 한판 붙자""",http://www.econovill.com/news/articleView.html?idxno=574701
435,"리본카, '리:본 럭키 옥션' BMW 7시리즈 특집...1일 2회씩 입찰가 제출",http://www.slist.kr/news/articleView.html?idxno=162659
436,[시승기] 밸런스 좋은 경쾌한 디젤 해치백…BMW 118d M 스포츠 패키지,https://hankookilbo.com/News/Read/A2020122522140004524?did=NA
437,"[별별시승] '펀 드라이빙'의 진수 BMW 118d M ···빠르고, 경쾌하고, 날렵했다",https://www.sedaily.com/NewsView/22HDOCJNU5
438,"“벤츠에 뺏긴 1위 탈환 의지”…BMW, 신형 5·6시리즈 국내서 세계 첫 공개",http://www.segye.com/content/html/2020/05/18/20200518518456.html?OutUrl=naver
439,"BMW, 올해 순수전기차 15종 생산…2025년까지 200만대 판매",http://news.mk.co.kr/newsRead.php?no=246765&year=2022
440,"BMW, 올해 순수전기차 15종 생산…2025년까지 200만대 판매",http://news.mk.co.kr/newsRead.php?no=246765&year=2022
441,"BMW 신형 5·6시리즈 한국서 첫 공개…""한국이 1위 시장""",http://yna.kr/AKR20200518082000003?did=1195m
442,"국내 수입차 판매량 2위 BMW, 산불 성금은 쏙 빠졌다",http://www.pinpointnews.co.kr/news/articleView.html?idxno=102648
443,[육동윤의 무비 더 카] 영화 ＜미션 임파서블＞ 시리즈와 함께한 차들,http://www.iminju.net/news/articleView.html?idxno=70650
444,"중고차 가격상승세 '쏘나타 티볼리 SM6, A4 티구안 5시리즈' 상승",http://www.gpkorea.com/news/articleView.html?idxno=84503
445,"돌풍의 폴스타, 두 달만 수입 전기차 판매 1위 '우뚝'",http://www.newspim.com/news/view/20220504000980
446,"'수입차 2월 위너' 벤츠, BMW는 1만대 고지 선점… 엎치락뒤치락 1위 쟁탈전",http://www.sisaweek.com/news/articleView.html?idxno=151520
447,"2월 중고차값 보합세, SM6?BMW3시리즈 구매 적기",http://it.chosun.com/site/data/html_dir/2022/02/07/2022020700810.html
448,"""월 25만 원 내면 BMW 뉴 1·2시리즈 탄다""…BMW코리아, 25주년 이벤트",http://mbnmoney.mbn.co.kr/news/view?news_no=MM1003994526
449,"[카 라이프] 화장을 고치고…BMW 5·6시리즈, 한국서 첫 공개",http://news.mk.co.kr/newsRead.php?no=583174&year=2020
450,BMW 中 판매량 신기록 경신...韓 점유율 하락과 대조적,http://www.newspim.com/news/view/20220318000834
451,[자유로 연비] 밸런스 좋은 디젤 엔진 품은 BMW 118d M 스포츠 패키지의 자유로 연비는?,https://hankookilbo.com/News/Read/A2020121309450001608?did=NA
452,BMW 5시리즈 36개월 '무이자혜택'…BMW코리아 25주년 감사행사,http://www.mediapen.com/news/view/530492
453,"법인 설립 25년 맞은 BMW그룹코리아, 뉴 2시리즈 그란쿠페 ‘월 25만원’",http://sports.khan.co.kr/news/sk_index.html?art_id=202006031330003&sec_id=563002&pt=nv
454,"[엔트리카 전성시대 ② 수입 신차 1분기 성적] 벤츠 A클래스, BMW 1시리즈에 압승",http://weekly.cnbnews.com/news/article.html?no=133620
455,BMW코리아 25주년 '2시리즈 그란쿠페' 月 25만원,http://www.consumuch.com/news/articleView.html?idxno=49028
456,"BMW '신형 4시리즈 쿠페', 글로벌 공개 하루 전 이미지 완전 유출",http://www.autodaily.co.kr/news/articleView.html?idxno=419616
457,"BMW 플러그인 하이브리드 '뉴 320e' 출시, 전국 시승행사 진행",http://www.sportsseoul.com/news/read/1104622?ref=naver
458,"BMW 코리아, 역동성·실용성 겸비한 PHEV '뉴 320e' 출시",http://www.lcnews.co.kr/news/articleView.html?idxno=30939
459,"'두꺼운 책자를 QR코드로'…BMW, 국내 최초 디지털 보증서 도입",http://www.mediapen.com/news/view/708184
460,"BMW 플러그인 하이브리드 '뉴 320e' 출시, 전국 시승행사 진행",http://www.sportsseoul.com/news/read/1104622?ref=naver
461,"BMW 코리아, 역동성·실용성 겸비한 PHEV '뉴 320e' 출시",http://www.lcnews.co.kr/news/articleView.html?idxno=30939
462,"'두꺼운 책자를 QR코드로'…BMW, 국내 최초 디지털 보증서 도입",http://www.mediapen.com/news/view/708184
463,한국인이 사랑한 BMW 5시리즈..신형 모델 PHEV 엔진 추가,http://www.edaily.co.kr/news/newspath.asp?newsid=03024166625773184
464,BMW i4부터 1000마력 허머EV·페라리까지… 모터쇼 넘보는 ‘인터배터리 2022’ 개막,https://www.donga.com/news/article/all/20220317/112385422/1
465,'시그니처 램프가 핵심' 이틀 뒤 韓서 공개될 BMW '6시리즈 GT 부분변경' 유출,http://www.autodaily.co.kr/news/articleView.html?idxno=419396
466,"BMW, 뉴 5·6시리즈 월드프리미어...비대면 행사로 진행",http://www.edaily.co.kr/news/newspath.asp?newsid=03030726625773512
467,"BMW, 신형 5시리즈·6시리즈 인천서 세계 최초 공개…출시는 4분기",https://news.chosun.com/site/data/html_dir/2020/05/27/2020052702282.html?utm_source=naver&utm_medium=original&utm_campaign=news
468,"""한국시장 중요"" BMW 뉴 5시리즈 영종도서 세계 첫 선",http://www.sporbiz.co.kr/news/articleView.html?idxno=442097
469,'자동차 극장' 연출한 BMW 뉴 5·6시리즈 세계 첫 공개..4분기 출시,http://www.edaily.co.kr/news/newspath.asp?newsid=02489526625773184
470,'자동차 극장' 연출한 BMW 뉴 5·6시리즈 세계 첫 공개..4분기 출시,http://www.edaily.co.kr/news/newspath.asp?newsid=02489526625773184
471,"BMW 신형 5·6시리즈, 한국서 베일 벗었다",http://www.m-i.kr/news/articleView.html?idxno=714218
472,"BMW 코리아, ‘뉴 5시리즈’와 ‘뉴 6시리즈 그란 투리스모’ 세계 최초 공개",http://www.electimes.com/article.php?aid=1590558744199221094
473,"코 세운 4시리즈·전투기 닮은 재규어… 가솔린, 살아 있네~",https://www.seoul.co.kr/news/newsView.php?id=20210215019002&wlog_tag3=naver
474,"[클릭!이 차]BMW 뉴 320e, 효율까지 잡은 'PHEV 스포츠 세단'",http://www.etnews.com/20220310000104
475,"케이카, 5월 중고차 시장 전망 발표…""전 차종 하락 예상""",http://www.edaily.co.kr/news/newspath.asp?newsid=04257446632325312
476,"완전히 새로운, BMW 뉴 1시리즈",http://www.allurekorea.com/2020/04/10/%ec%99%84%ec%a0%84%ed%9e%88-%ec%83%88%eb%a1%9c%ec%9a%b4-bmw-%eb%89%b4-1%ec%8b%9c%eb%a6%ac%ec%a6%88/?utm_source=naver&utm_medium=partnership
477,"""BMW, 부활하나?""… E클래스 잡을 5시리즈 온다",http://moneys.mt.co.kr/news/mwView.php?no=2020051816408042008
478,"""불이 날 위험""…BMW, 전 세계 103만 대 리콜",http://www.delighti.co.kr/news/articleView.html?idxno=34215
479,행복주택에 BMW7와 아우디?‥매달 260만 원 임대 수익까지,https://imnews.imbc.com/replay/2022/nwdesk/article/6350709_35744.html
480,"BMW 코리아, 뉴 5시리즈·뉴 6시리즈 그란 투리스모 전세계 최초 공개",http://www.getnews.co.kr/view.php?ud=2020052713250785106a6b374224_16
481,"코 세운 4시리즈·전투기 닮은 재규어… 가솔린, 살아 있네~",https://www.seoul.co.kr/news/newsView.php?id=20210215019002&wlog_tag3=naver
482,"[클릭!이 차]BMW 뉴 320e, 효율까지 잡은 'PHEV 스포츠 세단'",http://www.etnews.com/20220310000104
483,"케이카, 5월 중고차 시장 전망 발표…""전 차종 하락 예상""",http://www.edaily.co.kr/news/newspath.asp?newsid=04257446632325312
484,BMW 뉴 5시리즈 우리나라에서 세계 최초 공개한 이유 [모터그램],http://www.sisunnews.co.kr/news/articleView.html?idxno=125324
485,"완전히 새로운, BMW 뉴 1시리즈",http://www.allurekorea.com/2020/04/10/%ec%99%84%ec%a0%84%ed%9e%88-%ec%83%88%eb%a1%9c%ec%9a%b4-bmw-%eb%89%b4-1%ec%8b%9c%eb%a6%ac%ec%a6%88/?utm_source=naver&utm_medium=partnership
486,"""BMW, 부활하나?""… E클래스 잡을 5시리즈 온다",http://moneys.mt.co.kr/news/mwView.php?no=2020051816408042008
487,"""불이 날 위험""…BMW, 전 세계 103만 대 리콜",http://www.delighti.co.kr/news/articleView.html?idxno=34215
488,행복주택에 BMW7와 아우디?‥매달 260만 원 임대 수익까지,https://imnews.imbc.com/replay/2022/nwdesk/article/6350709_35744.html
489,"이 주의 신차, 벤츠 C클래스 6세대 – BMW 뉴 320e - 르노삼성 XM3 2023년형 [모터그램]",http://www.sisunnews.co.kr/news/articleView.html?idxno=159556
490,"BMW, 뉴 5시리즈·뉴 6시리즈 그란투스리모 전세계 최초 공개",http://www.newsis.com/view/?id=NISX20200527_0001038589&cID=13001&pID=13000
491,"코 세운 4시리즈·전투기 닮은 재규어… 가솔린, 살아 있네~",https://www.seoul.co.kr/news/newsView.php?id=20210215019002&wlog_tag3=naver
492,"[클릭!이 차]BMW 뉴 320e, 효율까지 잡은 'PHEV 스포츠 세단'",http://www.etnews.com/20220310000104
493,"케이카, 5월 중고차 시장 전망 발표…""전 차종 하락 예상""",http://www.edaily.co.kr/news/newspath.asp?newsid=04257446632325312
494,BMW 뉴 5시리즈 우리나라에서 세계 최초 공개한 이유 [모터그램],http://www.sisunnews.co.kr/news/articleView.html?idxno=125324
495,"완전히 새로운, BMW 뉴 1시리즈",http://www.allurekorea.com/2020/04/10/%ec%99%84%ec%a0%84%ed%9e%88-%ec%83%88%eb%a1%9c%ec%9a%b4-bmw-%eb%89%b4-1%ec%8b%9c%eb%a6%ac%ec%a6%88/?utm_source=naver&utm_medium=partnership
496,"""BMW, 부활하나?""… E클래스 잡을 5시리즈 온다",http://moneys.mt.co.kr/news/mwView.php?no=2020051816408042008
497,"""불이 날 위험""…BMW, 전 세계 103만 대 리콜",http://www.delighti.co.kr/news/articleView.html?idxno=34215
498,행복주택에 BMW7와 아우디?‥매달 260만 원 임대 수익까지,https://imnews.imbc.com/replay/2022/nwdesk/article/6350709_35744.html
499,"이 주의 신차, 벤츠 C클래스 6세대 – BMW 뉴 320e - 르노삼성 XM3 2023년형 [모터그램]",http://www.sisunnews.co.kr/news/articleView.html?idxno=159556
