,title,url
0,"BMW, 뉴8시리즈 선계약 구매 프로그램 '7 for 7' 출시",https://www.dailian.co.kr/news/view/1109556/?sc=Naver
1,'즐거움 한가득'…데일리 펀카 BMW 'M235i' 타보니,https://zdnet.co.kr/view/?no=20220506120904
2,"[시승]찬란한 유산, BMW M760Li",http://autotimes.hankyung.com/apps/news.sub_view?popup=0&nid=02&c1=02&c2=02&c3=00&nkey=202205050014041
3,"""고급 세단 전쟁 펼쳐진다""…S클래스·G90·7시리즈 '격돌'(종합)",https://view.asiae.co.kr/article/2022050215013975376
4,"BMW 파이낸셜 서비스 코리아 '7 for 7', 뉴 7시리즈 선 계약 구매 프로그램",http://www.sportsseoul.com/news/read/1121135?ref=naver
5,벤츠 `주춤` vs BMW `약진`…수입차 1위 패권싸움 점입가경,http://www.dt.co.kr/contents.html?article_no=2022050602109932031002&ref=naver
6,"[biz car] 쌍용차, 쉐보레, 르노자동차코리아, 폭스바겐, 토요타, BMW",http://www.bizwnews.com/news/articleView.html?idxno=35706
7,[車뷰] 기아 ‘더 2023 K8’ 나와…BMW 뉴7시리즈 새차 교체 상품 선봬,http://theviewers.co.kr/View.aspx?No=2299979
8,’BMW 뉴 7시리즈’ 출시 앞두고 선 계약 구매 프로그램 ‘7 for 7’ 출시,http://www.sportsworldi.com/newsView/20220504502543
9,"""CEO는 리콜 안되나요"" 한상윤 BMW코리아 대표 취임 3년",http://moneys.mt.co.kr/news/mwView.php?no=2022042123038036750
10,법인 사업자 80%는 벤츠 S클래스 탄다… 제네시스·BMW 판매량 압도,http://moneys.mt.co.kr/news/mwView.php?no=2022042816452213731
11,BMW “7시리즈 지금 구매하고 1년 반 후 신형으로 교체하세요”,http://www.rpm9.com/news/article.html?id=20220502090039
12,"BMW, 3세대 X1 공개 임박..400㎞가는 전기차 iX1도 출격 대기",http://www.dailycar.co.kr/content/news.html?type=view&autoId=44085
13,"세계 3위 즈베레프, BMW 오픈 첫판서 70위에 덜미",https://sports.donga.com/article/all/20220428/113134865/2
14,"[단독] BMW 'EGR 쿨러' 리콜 중단…""우크라 사태로 부품 수급 차질""",https://www.news1.kr/articles/?4662575
15,"BMW, 온라인 한정 에디션 2종 출시…총 45대 판매",https://www.news1.kr/articles/?4645410
16,"""적어도 벤츠·BMW는 타야 ""…'묻지마 구입' 속사정, '적과의 동침' [세상만車]",https://premium.mk.co.kr/view.php?no=31795
17,"[주차장] 4월 4주, 수입 럭셔리 세단 공개…BMW 외 4가지 자동차",http://www.shinailbo.co.kr/news/articleView.html?idxno=1543075
18,온라인으로만! ‘2시리즈 M 퍼포먼스 ’M240i xDrive 쿠페 한정판,http://sports.khan.co.kr/news/sk_index.html?art_id=202204131519003&sec_id=563002&pt=nv
19,[크크맨의 카 라이프] 가장 BMW다운 전기차 'i4',http://www.sisacast.kr/news/articleView.html?idxno=34770
20,"BMW, M240i xDrive 쿠페 등 온라인 한정 에디션 2종 출시",http://www.sportsseoul.com/news/read/1114683?ref=naver
21,[시승기] 매력적인 드라이빙의 컴팩트 BMW – BMW M235i xDrive 그란 쿠페,https://hankookilbo.com/News/Read/A2022041919530000373?did=NA
22,수입車 판매 감소에도 '벤츠·BMW' 양강체제 강화,http://www.m-i.kr/news/articleView.html?idxno=911372
23,"[車뷰] 현대차 ‘더 뉴 팰리세이드’?기아 ‘더 뉴 텔루라이드’?제네시스 ‘엑스 스피디움 쿠페’ 콘셉트 공개… 한국타이어, BMW i4에 탑재",http://theviewers.co.kr/View.aspx?No=2277481
24,"베일 벗은 BMW X7, 분리형 헤드램프·마일드 하이브리드로 재탄생",http://www.dailycar.co.kr/content/news.html?type=view&autoId=43759
25,[단독] BMW 뉴 8·7시리즈 출시 일정 확정…고급차로 1위 탈환 시동,http://www.newspim.com/news/view/20220209000256
26,"BMW, 8시리즈 부분변경..쿠페·컨버터블·그란쿠페 동시 출격",http://m.dailycar.co.kr/content/news.html?type=view&autoId=42816
27,"제네시스·BMW·기아, 삼성 갤럭시로 문 열고 시동 걸어",http://www.thedrive.co.kr/news/newsview.php?ncode=1065601920162586
28,"BMW, 플래그십 쿠페 8시리즈 부분변경..달라지는 점은?",http://www.dailycar.co.kr/content/news.html?type=view&autoId=42441
29,[단독]편의점 결제 이어 자동차까지?…페이코인으로 BMW8시리즈 산다,http://news.mt.co.kr/mtview.php?no=2021121210032832206
30,페이코인으로 BMW8시리즈 산다.. 삼천리모터스 제휴 등,http://news.mk.co.kr/newsRead.php?no=1131949&year=2021
31,"'벤츠 세상'이라더니 또 혼쭐났다…'겹경사' BMW, 7년만에 1위 노린다[왜몰랐을카]",http://news.mk.co.kr/newsRead.php?no=111438&year=2022
32,"BMW, 벤츠 제치고 1월 수입차 판매 1위",http://www.kukinews.com/newsView/kuk202202070172
33,"우리산업, BMW 마일드 하이브리드(MHEV)용 PTC히터 올해 공급 시작",http://www.fnnews.com/news/202201261138200554
34,"[2022 신차] BMW, 중형 전기차 i4·대형 X7 등 신차 6종 나온다",https://biz.chosun.com/industry/car/2022/01/02/MQUQLEE4PFB6BGNBWJQ2D4UEOE/?utm_source=naver&utm_medium=original&utm_campaign=biz
35,BMW 7·8시리즈·X7 판매 훨훨… 누적 4761대·전년比 174%↑,http://biz.newdaily.co.kr/site/data/html/2021/08/27/2021082700136.html
36,"BMW, 2023년 8시리즈 부분변경 예고..PHEV 추가!",http://www.dailycar.co.kr/content/news.html?type=view&autoId=40667
37,"M을 위한 부활 BMW 8시리즈, 무애인(無碍人)을 꿈꾸며 ",http://www.osen.co.kr/article/G1111267329
38,"""14.9인치 커브드 디스플레이 탑재"" BMW, '신형 5시리즈(G60)' 포착. 전기차도 출시",http://www.autodaily.co.kr/news/articleView.html?idxno=429585
39,BMW 8시리즈 국내 상륙 '20년만에 재도전',http://www.fntimes.com/html/view.php?ud=2019111116092084827de3572ddd_18
40,[화제의 키워드] BMW 8시리즈·메모리 가격·대형마트 초저가 전쟁,http://it.chosun.com/site/data/html_dir/2019/10/02/2019100202690.html
41,"'절치부심 20년' BMW 8시리즈, 11월 국내 상륙",http://www.fntimes.com/html/view.php?ud=2019100216354666467de3572ddd_18
42,"[블록체인 동향] ‘람다256’, 700억 규모 시리즈B 투자 유치 外",http://coinreaders.com/16308
43,볼보 ‘조용한 질주’… 4월 수입차 판매 3위,http://www.fnnews.com/news/202205081800572468
44,4분기 신차 풍년...제네시스 신형 G90·BMW 전기차 등 출격,http://www.newspim.com/news/view/20211001000972
45,BMW 머스탱? 포드 8시리즈?...같은 듯 다른 두 모델,http://www.autodaily.co.kr/news/articleView.html?idxno=402313
46,"BMW코리아, 7·8시리즈 고객 전용 'BMW 엑설런스 라운지' 운영",http://news.mk.co.kr/newsRead.php?no=403503&year=2021
47,새해 벽두에 나타난 BMW 8시리즈…3월 등장,http://it.chosun.com/news/article.html?no=2844685
48,"부활한 BMW 8시리즈 ""날렵하고 강한 외관""",http://www.g-enews.com/ko-kr/news/article/news_all/201707271330411638d6eb469fd3_1/article.html
49,"첫차, 8월 중고차 시세 공개…""벤츠·BMW 등 수입차 오를 것""",http://www.epnc.co.kr/news/articleView.html?idxno=213586
50,[오토포토+영상] BMW의 미래 진행형 '8시리즈 콘셉트' 공개,http://www.hankookilbo.com/v/cd92c0f3417e4c8f893906d8967ee24d
51,BMW 최고급형 '8시리즈' 내년에 등판,http://www.hankyung.com/news/app/newsview.php?aid=201705123522g
52,"[자동차 단신] 포르쉐, 美 리튬이온 배터리 기업 지분 인수 외",http://www.segye.com/content/html/2022/05/08/20220508507420.html?OutUrl=naver
53,BMW 스포츠쿠페 ‘4시리즈’ 8년 만에 완전 변경,https://www.donga.com/news/article/all/20210201/105221662/2
54,"올해의 차 최종 후보 1, BMW 8시리즈 그란쿠페",https://www.motortrendkorea.com/sub/view.html?no=5313&cate1Name=WHICHCAR
55,'더 길어진' BMW 中 전용 EV 3시리즈 전격 공개,http://www.thedrive.co.kr/news/newsview.php?ncode=1065573806338488
56,"BMW, 고객에 맞춤형 마케팅 강화",http://www.fnnews.com/news/202106271033142209
57,"한국자동차기자협회, 3월의 차에 BMW '뉴 4시리즈' 선정",http://www.autodaily.co.kr/news/articleView.html?idxno=426061
58,[Bestselling Car]BMW '엑설런스 라운지'로 맞춤형 프리미엄 마케팅 ‘액셀’,https://www.sedaily.com/NewsView/22NNBCCJQ2
59,"BMW코리아 부산 'BMW 엑설런스 라운지' 운영, 프리미엄 서비스 제공",http://www.sportsseoul.com/news/read/1046213?ref=naver
60,"BMW, 부산에서 럭셔리 클래스 고객 대상 ‘BMW 엑설런스 라운지’ 운영",http://www.rpm9.com/news/article.html?id=20210607090003
61,"BMW 코리아, 부산에서 럭셔리 클래스 고객 대상 'BMW 엑설런스 라운지' 운영",http://www.dailysmart.co.kr/news/articleView.html?idxno=45617
62,"BMW 코리아, 'BMW 엑설런스 라운지' 운영... 시그니엘 부산서 럭셔리 클래스 고객 및 잠재 고객 대상",http://kr.aving.net/news/view.php?articleId=1605940&Branch_ID=kr&rssid=naver&mn_name=news
63,[리뷰] BMW 더 8을 더욱 특별하게 구현하다…알피나 B8 그란 쿠페,https://hankookilbo.com/News/Read/A2021042022080005558?did=NA
64,[신차 타볼카] 독보적인 얼굴로 다시 태어난 BMW '뉴 4시리즈'… 다이내믹한 감성은 여전,http://www.newscj.com/news/articleView.html?idxno=827813
65,"BMW 엑설런스클럽, 프리미엄 마케팅의 진수",https://www.asiatoday.co.kr/view.php?key=20210527010014583
66,4000만원대로 타는 BMW 8시리즈 그란쿠페 '축소판' [신차털기],https://www.hankyung.com/economy/article/202011118048g
67,"BMW코리아, 뉴 7·8시리즈 소비자 대상 문화 행사 열어",http://autotimes.hankyung.com/apps/news.sub_view?popup=0&nid=03&c1=03&c2=03&c3=00&nkey=202011111153191
68,"""프라이빗하게, 프리미엄하게""…BMW, 럭셔리고객 心 잡는다",http://www.edaily.co.kr/news/newspath.asp?newsid=01151286629046624
69,BMW 2021~2022년 신모델 생산 계획 유출,http://www.thedrive.co.kr/news/newsview.php?ncode=1065580063218633
70,AS 접수하는데만 8개월...BMW 서비스센터 이용은 복권 당첨보다 어려워?,http://www.consumernews.co.kr/news/articleView.html?idxno=646651
71,BMW의 '특별대우'…럭셔리 클래스 프리미엄 강화,http://www.mediapen.com/news/view/625645
72,"BMW코리아, 럭셔리 클래스 혜택 강화",http://autotimes.hankyung.com/apps/news.sub_view?popup=0&nid=03&c1=03&c2=03&c3=00&nkey=202105040947121
73,'벤츠 vs BMW' 올해 승자는 누구,http://news.bizwatch.co.kr/article/industry/2022/04/07/0010
74,"BMW 코리아, 서울과 부산에서 'BMW 엑설런스 라운지' 운영 풍성한 행사 마련",http://www.cbci.co.kr/news/articleView.html?idxno=414642
75,"BMW, 서울과 부산에서 ‘BMW 엑설런스 라운지’ 운영",http://www.rpm9.com/news/article.html?id=20210429090003
76,서울·부산 ‘BMW 엑설런스 라운지’ 운영···프라이빗 행사로 진행,http://www.newsway.co.kr/news/view?tp=1&ud=2021042808410463790
77,"[신차드라이브]BMW i4, 작정하고 만든 '갓성비' 전기차",http://www.etnews.com/20220407000131
78,"BMW, 차 맡기고 인천공항 이용 ‘BMW 엑설런스 클럽’ 업그레이드",https://www.ebn.co.kr/news/view/1482451/?sc=Naver
79,"알피나, BMW 8 그란 쿠페를 매력적으로 다듬은 ‘B8 그란 쿠페’ 공개",https://hankookilbo.com/News/Read/A2021032710200001135?did=NA
80,[최기성의 허브車]“아프냐 나도 아팠다”…벤츠E vs BMW5 더 독해졌다,https://www.mk.co.kr/opinion/columnists/view/2022/04/310750/
81,[시승기] 'BMW i4' 언제 어디서나 편안한 다이내믹함,http://www.newsprime.co.kr/news/article.html?no=564483
82,[시승]BMW 8시리즈 그란쿠페의 8가지 매력,http://autotimes.hankyung.com/apps/news.sub_view?popup=0&nid=06&c1=06&c2=06&c3=00&nkey=202009091913151
83,반도체 대란 속 벤츠·BMW 독주 지속…3월 점유율 60% 넘겨,https://www.dailian.co.kr/news/view/1100043/?sc=Naver
84,[영상]BMW 8시리즈의 8가지 매력,http://autotimes.hankyung.com/apps/news.sub_view?popup=0&nid=08&c1=08&c2=08&c3=00&nkey=202010071611281
85,수입차 벤츠·BMW '양강체제' 굳히기…3월 점유율 63%,http://www.fntimes.com/html/view.php?ud=2022040516212661827de3572ddd_18
86,BMW 창립 25주년 기념 '3·5·7·8시리즈 특별 에디션' 출시,https://www.ebn.co.kr/news/view/1448983/?sc=Naver
87,미드엔진? 신비한 BMW 8시리즈 프로토타입,http://www.thedrive.co.kr/news/newsview.php?ncode=1065591822734916
88,"BMW 그룹, 2020 실적 및 미래 비전 발표...전기차 시대 가속",https://hankookilbo.com/News/Read/A2021031911190001051?did=NA
89,"[시승]독보적인 위치, BMW i4 M50",http://autotimes.hankyung.com/apps/news.sub_view?popup=0&nid=02&c1=02&c2=02&c3=00&nkey=202204031942251
90,"['카'이벌] ""얼굴 바꿔 돌아왔다"" 벤츠 E클래스 vs BMW 5시리즈 신형",http://moneys.mt.co.kr/news/mwView.php?no=2020101607168097676
91,"한국타이어, BMW 드라이빙 센터 8년 연속 독점 공급",http://www.newsprime.co.kr/news/article.html?no=563478
92,"한국타이어, 'BMW 드라이빙센터' 8년 연속 타이어 독점 공급",http://www.efnews.co.kr/news/articleView.html?idxno=94952
93,"""타도 벤츠""…`칼 갈은` 신형 BMW 5시리즈, 6360만원부터 판매",http://news.mk.co.kr/newsRead.php?no=1015863&year=2020
94,[영상]신형 BMW 5시리즈 핵심요약집,http://autotimes.hankyung.com/apps/news.sub_view?popup=0&nid=08&c1=08&c2=08&c3=00&nkey=202010071623021
95,"BMW 7시리즈, 파격변신 예고..커진 그릴·분리형 램프 적용",http://www.dailycar.co.kr/content/news.html?type=view&autoId=43088
96,429km 가는 'i4 e드라이브40'…BMW 고유의 운전 재미도 살려,https://zdnet.co.kr/view/?no=20220329085243
97,"벤츠 E-클레스 vs BMW 5시리즈, 베이징모토쇼서 정면승부",https://www.theguru.co.kr/news/article.html?no=14234
98,"BMW 코리아, 브랜드 최초 순수전기 그란쿠페 BMW i4 출시",http://www.sportsworldi.com/newsView/20220330500849
99,‘블링블링’ BMW 8시리즈 골든 썬더 에디션,http://www.thedrive.co.kr/news/newsview.php?ncode=1065597708998248
100,"[자동차 단신] 포르쉐, 美 리튬이온 배터리 기업 지분 인수 외",http://www.segye.com/content/html/2022/05/08/20220508507420.html?OutUrl=naver
101,BMW 스포츠쿠페 ‘4시리즈’ 8년 만에 완전 변경,https://www.donga.com/news/article/all/20210201/105221662/2
102,"올해의 차 최종 후보 1, BMW 8시리즈 그란쿠페",https://www.motortrendkorea.com/sub/view.html?no=5313&cate1Name=WHICHCAR
103,'더 길어진' BMW 中 전용 EV 3시리즈 전격 공개,http://www.thedrive.co.kr/news/newsview.php?ncode=1065573806338488
104,"BMW, 고객에 맞춤형 마케팅 강화",http://www.fnnews.com/news/202106271033142209
105,"한국자동차기자협회, 3월의 차에 'BMW 뉴 4시리즈'",http://www.mediapen.com/news/view/607252
106,[Bestselling Car]BMW '엑설런스 라운지'로 맞춤형 프리미엄 마케팅 ‘액셀’,https://www.sedaily.com/NewsView/22NNBCCJQ2
107,"BMW코리아 부산 'BMW 엑설런스 라운지' 운영, 프리미엄 서비스 제공",http://www.sportsseoul.com/news/read/1046213?ref=naver
108,"BMW, 부산에서 럭셔리 클래스 고객 대상 ‘BMW 엑설런스 라운지’ 운영",http://www.rpm9.com/news/article.html?id=20210607090003
109,"BMW 코리아, 부산에서 럭셔리 클래스 고객 대상 'BMW 엑설런스 라운지' 운영",http://www.dailysmart.co.kr/news/articleView.html?idxno=45617
110,[Bestselling Car]BMW '엑설런스 라운지'로 맞춤형 프리미엄 마케팅 ‘액셀’,https://www.sedaily.com/NewsView/22NNBCCJQ2
111,"한국車기자협회, BMW 뉴 4시리즈 ‘3월의 차’ 선정",http://www.newsway.co.kr/news/view?tp=1&ud=2021030809434291795
112,"BMW코리아 부산 'BMW 엑설런스 라운지' 운영, 프리미엄 서비스 제공",http://www.sportsseoul.com/news/read/1046213?ref=naver
113,"BMW, 부산에서 럭셔리 클래스 고객 대상 ‘BMW 엑설런스 라운지’ 운영",http://www.rpm9.com/news/article.html?id=20210607090003
114,"BMW 코리아, 부산에서 럭셔리 클래스 고객 대상 'BMW 엑설런스 라운지' 운영",http://www.dailysmart.co.kr/news/articleView.html?idxno=45617
115,"BMW 코리아, 'BMW 엑설런스 라운지' 운영... 시그니엘 부산서 럭셔리 클래스 고객 및 잠재 고객 대상",http://kr.aving.net/news/view.php?articleId=1605940&Branch_ID=kr&rssid=naver&mn_name=news
116,[리뷰] BMW 더 8을 더욱 특별하게 구현하다…알피나 B8 그란 쿠페,https://hankookilbo.com/News/Read/A2021042022080005558?did=NA
117,[신차 타볼카] 독보적인 얼굴로 다시 태어난 BMW '뉴 4시리즈'… 다이내믹한 감성은 여전,http://www.newscj.com/news/articleView.html?idxno=827813
118,"BMW 엑설런스클럽, 프리미엄 마케팅의 진수",https://www.asiatoday.co.kr/view.php?key=20210527010014583
119,4000만원대로 타는 BMW 8시리즈 그란쿠페 '축소판' [신차털기],https://www.hankyung.com/economy/article/202011118048g
120,"BMW 코리아, 부산에서 럭셔리 클래스 고객 대상 'BMW 엑설런스 라운지' 운영",http://www.dailysmart.co.kr/news/articleView.html?idxno=45617
121,"BMW 코리아 ""15일까지 부산에서 ‘BMW 엑설런스 라운지’ 운영""",https://sports.hankooki.com/lpage/economy/202106/sp20210608165812136990.htm?s_ref=nv
122,"BMW 코리아, 'BMW 엑설런스 라운지' 운영... 시그니엘 부산서 럭셔리 클래스 고객 및 잠재 고객 대상",http://kr.aving.net/news/view.php?articleId=1605940&Branch_ID=kr&rssid=naver&mn_name=news
123,"BMW, 부산서 BMW 액설런스 라운지 운영…지역 프리미엄 마케팅 강화",http://www.busan.com/view/busan/view.php?code=2021060715325023683
124,"한국자동차기자협회, 3월의 차에 BMW 뉴 4시리즈 선정",https://www.asiatoday.co.kr/view.php?key=20210308010004466
125,[리뷰] BMW 더 8을 더욱 특별하게 구현하다…알피나 B8 그란 쿠페,https://hankookilbo.com/News/Read/A2021042022080005558?did=NA
126,[신차 타볼카] 독보적인 얼굴로 다시 태어난 BMW '뉴 4시리즈'… 다이내믹한 감성은 여전,http://www.newscj.com/news/articleView.html?idxno=827813
127,"BMW 엑설런스클럽, 프리미엄 마케팅의 진수",https://www.asiatoday.co.kr/view.php?key=20210527010014583
128,4000만원대로 타는 BMW 8시리즈 그란쿠페 '축소판' [신차털기],https://www.hankyung.com/economy/article/202011118048g
129,"BMW코리아, 뉴 7·8시리즈 소비자 대상 문화 행사 열어",http://autotimes.hankyung.com/apps/news.sub_view?popup=0&nid=03&c1=03&c2=03&c3=00&nkey=202011111153191
130,"BMW 코리아, ‘부산 BMW 엑설런스 라운지’ 운영",http://www.segyebiz.com/newsView/20210604512856?OutUrl=naver
131,‘BMW 엑설런스 라운지’ 부산서 VIP 고객 운영,http://www.newsway.co.kr/news/view?tp=1&ud=2021060610551823154
132,"한국자동차기자협회, 3월의 차에 BMW 뉴 4시리즈 선정",http://www.dt.co.kr/contents.html?article_no=2021030802109932064006&ref=naver
133,[리뷰] BMW 더 8을 더욱 특별하게 구현하다…알피나 B8 그란 쿠페,https://hankookilbo.com/News/Read/A2021042022080005558?did=NA
134,[신차 타볼카] 독보적인 얼굴로 다시 태어난 BMW '뉴 4시리즈'… 다이내믹한 감성은 여전,http://www.newscj.com/news/articleView.html?idxno=827813
135,"BMW 엑설런스클럽, 프리미엄 마케팅의 진수",https://www.asiatoday.co.kr/view.php?key=20210527010014583
136,4000만원대로 타는 BMW 8시리즈 그란쿠페 '축소판' [신차털기],https://www.hankyung.com/economy/article/202011118048g
137,"BMW코리아, 뉴 7·8시리즈 소비자 대상 문화 행사 열어",http://autotimes.hankyung.com/apps/news.sub_view?popup=0&nid=03&c1=03&c2=03&c3=00&nkey=202011111153191
138,"""프라이빗하게, 프리미엄하게""…BMW, 럭셔리고객 心 잡는다",http://www.edaily.co.kr/news/newspath.asp?newsid=01151286629046624
139,BMW 2021~2022년 신모델 생산 계획 유출,http://www.thedrive.co.kr/news/newsview.php?ncode=1065580063218633
140,"BMW, 부산에서 ‘엑설런스 라운지’ 운영",http://www.thedrive.co.kr/news/newsview.php?ncode=1065573141350166
141,"한국자동차기자협회, 3월의 차에 BMW 뉴 4시리즈 선정",http://www.dt.co.kr/contents.html?article_no=2021030802109932064006&ref=naver
142,"BMW코리아, 부산서 'BMW 엑설런스 라운지' 운영",https://www.sedaily.com/NewsView/22NJ4KRNEC
143,[리뷰] BMW 더 8을 더욱 특별하게 구현하다…알피나 B8 그란 쿠페,https://hankookilbo.com/News/Read/A2021042022080005558?did=NA
144,[신차 타볼카] 독보적인 얼굴로 다시 태어난 BMW '뉴 4시리즈'… 다이내믹한 감성은 여전,http://www.newscj.com/news/articleView.html?idxno=827813
145,"BMW 엑설런스클럽, 프리미엄 마케팅의 진수",https://www.asiatoday.co.kr/view.php?key=20210527010014583
146,4000만원대로 타는 BMW 8시리즈 그란쿠페 '축소판' [신차털기],https://www.hankyung.com/economy/article/202011118048g
147,"BMW코리아, 뉴 7·8시리즈 소비자 대상 문화 행사 열어",http://autotimes.hankyung.com/apps/news.sub_view?popup=0&nid=03&c1=03&c2=03&c3=00&nkey=202011111153191
148,"""프라이빗하게, 프리미엄하게""…BMW, 럭셔리고객 心 잡는다",http://www.edaily.co.kr/news/newspath.asp?newsid=01151286629046624
149,BMW 2021~2022년 신모델 생산 계획 유출,http://www.thedrive.co.kr/news/newsview.php?ncode=1065580063218633
150,"BMW코리아, 부산서 'BMW 엑설런스 라운지' 운영",https://view.asiae.co.kr/article/2021060409461436878
151,"BMW 엑설런스클럽, 프리미엄 마케팅의 진수",https://www.asiatoday.co.kr/view.php?key=20210527010014583
152,4000만원대로 타는 BMW 8시리즈 그란쿠페 '축소판' [신차털기],https://www.hankyung.com/economy/article/202011118048g
153,"BMW코리아, 뉴 7·8시리즈 소비자 대상 문화 행사 열어",http://autotimes.hankyung.com/apps/news.sub_view?popup=0&nid=03&c1=03&c2=03&c3=00&nkey=202011111153191
154,"""프라이빗하게, 프리미엄하게""…BMW, 럭셔리고객 心 잡는다",http://www.edaily.co.kr/news/newspath.asp?newsid=01151286629046624
155,BMW 2021~2022년 신모델 생산 계획 유출,http://www.thedrive.co.kr/news/newsview.php?ncode=1065580063218633
156,AS 접수하는데만 8개월...BMW 서비스센터 이용은 복권 당첨보다 어려워?,http://www.consumernews.co.kr/news/articleView.html?idxno=646651
157,BMW의 '특별대우'…럭셔리 클래스 프리미엄 강화,http://www.mediapen.com/news/view/625645
158,"BMW코리아, 럭셔리 클래스 혜택 강화",http://autotimes.hankyung.com/apps/news.sub_view?popup=0&nid=03&c1=03&c2=03&c3=00&nkey=202105040947121
159,'벤츠 vs BMW' 올해 승자는 누구,http://news.bizwatch.co.kr/article/industry/2022/04/07/0010
160,"BMW코리아, 럭셔리 클래스 혜택 강화",http://autotimes.hankyung.com/apps/news.sub_view?popup=0&nid=03&c1=03&c2=03&c3=00&nkey=202105040947121
161,'벤츠 vs BMW' 올해 승자는 누구,http://news.bizwatch.co.kr/article/industry/2022/04/07/0010
162,"BMW 코리아, 서울과 부산에서 'BMW 엑설런스 라운지' 운영 풍성한 행사 마련",http://www.cbci.co.kr/news/articleView.html?idxno=414642
163,"BMW 코리아, 서울·부산에 ‘BMW 엑설런스 라운지’ 운영",https://www.ebn.co.kr/news/view/1481285/?sc=Naver
164,"BMW, 서울과 부산에서 ‘BMW 엑설런스 라운지’ 운영",http://www.rpm9.com/news/article.html?id=20210429090003
165,서울·부산 ‘BMW 엑설런스 라운지’ 운영···프라이빗 행사로 진행,http://www.newsway.co.kr/news/view?tp=1&ud=2021042808410463790
166,"BMW 코리아 ""프리미엄 혜택 강화, 'BMW 엑설런스 클럽' 선봬""",https://sports.hankooki.com/lpage/economy/202105/sp20210507163453136990.htm?s_ref=nv
167,"[신차드라이브]BMW i4, 작정하고 만든 '갓성비' 전기차",http://www.etnews.com/20220407000131
168,"BMW, 프리미엄 혜택 강화한 'BMW 엑설런스 클럽' 선보여",http://www.rpm9.com/news/article.html?id=20210506090009
169,"BMW, 차 맡기고 인천공항 이용 ‘BMW 엑설런스 클럽’ 업그레이드",https://www.ebn.co.kr/news/view/1482451/?sc=Naver
170,서울·부산 ‘BMW 엑설런스 라운지’ 운영···프라이빗 행사로 진행,http://www.newsway.co.kr/news/view?tp=1&ud=2021042808410463790
171,"BMW 코리아, 럭셔리 클래스 고객 대상 서울과 부산에서 'BMW 엑설런스 라운지' 운영",http://www.dailysmart.co.kr/news/articleView.html?idxno=43706
172,"BMW 코리아 ""프리미엄 혜택 강화, 'BMW 엑설런스 클럽' 선봬""",https://sports.hankooki.com/lpage/economy/202105/sp20210507163453136990.htm?s_ref=nv
173,"[신차드라이브]BMW i4, 작정하고 만든 '갓성비' 전기차",http://www.etnews.com/20220407000131
174,"BMW, 프리미엄 멤버십 '엑셀런스 클럽' 혜택 강화",https://www.ekn.kr/web/view.php?key=20210504010000719
175,"BMW, 프리미엄 혜택 강화한 'BMW 엑설런스 클럽' 선보여",http://www.rpm9.com/news/article.html?id=20210506090009
176,"BMW, 차 맡기고 인천공항 이용 ‘BMW 엑설런스 클럽’ 업그레이드",https://www.ebn.co.kr/news/view/1482451/?sc=Naver
177,"알피나, BMW 8 그란 쿠페를 매력적으로 다듬은 ‘B8 그란 쿠페’ 공개",https://hankookilbo.com/News/Read/A2021032710200001135?did=NA
178,"BMW 파이낸셜 서비스 코리아, 뉴 7시리즈 선 계약 프로그램 출시",https://www.etoday.co.kr/news/view/2129619
179,[최기성의 허브車]“아프냐 나도 아팠다”…벤츠E vs BMW5 더 독해졌다,https://www.mk.co.kr/opinion/columnists/view/2022/04/310750/
180,"BMW코리아, 럭셔리 클래스 고객 대상 'BMW 엑설런스 라운지' 운영",https://daily.hankooki.com/lpage/industry/202104/dh20210427105159147980.htm?s_ref=nv
181,"BMW 코리아 ""프리미엄 혜택 강화, 'BMW 엑설런스 클럽' 선봬""",https://sports.hankooki.com/lpage/economy/202105/sp20210507163453136990.htm?s_ref=nv
182,"[신차드라이브]BMW i4, 작정하고 만든 '갓성비' 전기차",http://www.etnews.com/20220407000131
183,"BMW, 프리미엄 멤버십 '엑셀런스 클럽' 혜택 강화",https://www.ekn.kr/web/view.php?key=20210504010000719
184,"BMW, 프리미엄 혜택 강화한 'BMW 엑설런스 클럽' 선보여",http://www.rpm9.com/news/article.html?id=20210506090009
185,"BMW, 차 맡기고 인천공항 이용 ‘BMW 엑설런스 클럽’ 업그레이드",https://www.ebn.co.kr/news/view/1482451/?sc=Naver
186,"알피나, BMW 8 그란 쿠페를 매력적으로 다듬은 ‘B8 그란 쿠페’ 공개",https://hankookilbo.com/News/Read/A2021032710200001135?did=NA
187,"BMW 파이낸셜 서비스 코리아, 뉴 7시리즈 선 계약 프로그램 출시",https://www.etoday.co.kr/news/view/2129619
188,[최기성의 허브車]“아프냐 나도 아팠다”…벤츠E vs BMW5 더 독해졌다,https://www.mk.co.kr/opinion/columnists/view/2022/04/310750/
189,"아트 더한 BMW, 서울·부산서 ‘BMW 엑설런스 라운지’ 연다",http://sports.khan.co.kr/news/sk_index.html?art_id=202104281049013&sec_id=563002&pt=nv
190,"BMW, 프리미엄 혜택 강화한 'BMW 엑설런스 클럽' 선보여",http://www.rpm9.com/news/article.html?id=20210506090009
191,"BMW, 차 맡기고 인천공항 이용 ‘BMW 엑설런스 클럽’ 업그레이드",https://www.ebn.co.kr/news/view/1482451/?sc=Naver
192,"알피나, BMW 8 그란 쿠페를 매력적으로 다듬은 ‘B8 그란 쿠페’ 공개",https://hankookilbo.com/News/Read/A2021032710200001135?did=NA
193,"BMW 파이낸셜 서비스 코리아, 뉴 7시리즈 선 계약 프로그램 출시",https://www.etoday.co.kr/news/view/2129619
194,"BMW 코리아, 프리미엄 혜택 한층 강화된 'BMW 엑설런스 클럽' 선보여",http://kr.aving.net/news/view.php?articleId=1605035&Branch_ID=kr&rssid=naver&mn_name=news
195,"BMW, 5~6월 서울·부산서 '엑설런스 라운지' 운영",http://www.fnnews.com/news/202104271005123237
196,[최기성의 허브車]“아프냐 나도 아팠다”…벤츠E vs BMW5 더 독해졌다,https://www.mk.co.kr/opinion/columnists/view/2022/04/310750/
197,"아트 더한 BMW, 서울·부산서 ‘BMW 엑설런스 라운지’ 연다",http://sports.khan.co.kr/news/sk_index.html?art_id=202104281049013&sec_id=563002&pt=nv
198,[시승기] 'BMW i4' 언제 어디서나 편안한 다이내믹함,http://www.newsprime.co.kr/news/article.html?no=564483
199,[시승]BMW 8시리즈 그란쿠페의 8가지 매력,http://autotimes.hankyung.com/apps/news.sub_view?popup=0&nid=06&c1=06&c2=06&c3=00&nkey=202009091913151
200,"BMW 코리아, 프리미엄 혜택 한층 강화된 BMW 엑설런스 클럽 선보여",http://kbench.com/?q=node/220939
201,"BMW, 5~6월 서울·부산서 '엑설런스 라운지' 운영",http://www.fnnews.com/news/202104271005123237
202,[최기성의 허브車]“아프냐 나도 아팠다”…벤츠E vs BMW5 더 독해졌다,https://www.mk.co.kr/opinion/columnists/view/2022/04/310750/
203,"아트 더한 BMW, 서울·부산서 ‘BMW 엑설런스 라운지’ 연다",http://sports.khan.co.kr/news/sk_index.html?art_id=202104281049013&sec_id=563002&pt=nv
204,[시승기] 'BMW i4' 언제 어디서나 편안한 다이내믹함,http://www.newsprime.co.kr/news/article.html?no=564483
205,[시승]BMW 8시리즈 그란쿠페의 8가지 매력,http://autotimes.hankyung.com/apps/news.sub_view?popup=0&nid=06&c1=06&c2=06&c3=00&nkey=202009091913151
206,반도체 대란 속 벤츠·BMW 독주 지속…3월 점유율 60% 넘겨,https://www.dailian.co.kr/news/view/1100043/?sc=Naver
207,[영상]BMW 8시리즈의 8가지 매력,http://autotimes.hankyung.com/apps/news.sub_view?popup=0&nid=08&c1=08&c2=08&c3=00&nkey=202010071611281
208,"BMW, 전기세단 i4 한정판 ‘완판’에 판매율도 증가세",http://www.sportsworldi.com/newsView/20220407500451
209,수입차 벤츠·BMW '양강체제' 굳히기…3월 점유율 63%,http://www.fntimes.com/html/view.php?ud=2022040516212661827de3572ddd_18
210,"BMW코리아, 프리미엄 멤버십 '엑설런스 클럽' 선봬",http://www.kpinews.co.kr/news/articleView.html?idxno=145894
211,"BMW, 5~6월 서울·부산서 '엑설런스 라운지' 운영",http://www.fnnews.com/news/202104271005123237
212,[최기성의 허브車]“아프냐 나도 아팠다”…벤츠E vs BMW5 더 독해졌다,https://www.mk.co.kr/opinion/columnists/view/2022/04/310750/
213,"아트 더한 BMW, 서울·부산서 ‘BMW 엑설런스 라운지’ 연다",http://sports.khan.co.kr/news/sk_index.html?art_id=202104281049013&sec_id=563002&pt=nv
214,[시승기] 'BMW i4' 언제 어디서나 편안한 다이내믹함,http://www.newsprime.co.kr/news/article.html?no=564483
215,[시승]BMW 8시리즈 그란쿠페의 8가지 매력,http://autotimes.hankyung.com/apps/news.sub_view?popup=0&nid=06&c1=06&c2=06&c3=00&nkey=202009091913151
216,반도체 대란 속 벤츠·BMW 독주 지속…3월 점유율 60% 넘겨,https://www.dailian.co.kr/news/view/1100043/?sc=Naver
217,[영상]BMW 8시리즈의 8가지 매력,http://autotimes.hankyung.com/apps/news.sub_view?popup=0&nid=08&c1=08&c2=08&c3=00&nkey=202010071611281
218,"BMW, 전기세단 i4 한정판 ‘완판’에 판매율도 증가세",http://www.sportsworldi.com/newsView/20220407500451
219,수입차 벤츠·BMW '양강체제' 굳히기…3월 점유율 63%,http://www.fntimes.com/html/view.php?ud=2022040516212661827de3572ddd_18
220,"'엎치락' 벤츠, '뒤치락' BMW…수입차 1위 경쟁 차이는 '단 99대'",http://www.newspim.com/news/view/20220406000412
221,[시승기] 'BMW i4' 언제 어디서나 편안한 다이내믹함,http://www.newsprime.co.kr/news/article.html?no=564483
222,[시승]BMW 8시리즈 그란쿠페의 8가지 매력,http://autotimes.hankyung.com/apps/news.sub_view?popup=0&nid=06&c1=06&c2=06&c3=00&nkey=202009091913151
223,반도체 대란 속 벤츠·BMW 독주 지속…3월 점유율 60% 넘겨,https://www.dailian.co.kr/news/view/1100043/?sc=Naver
224,[영상]BMW 8시리즈의 8가지 매력,http://autotimes.hankyung.com/apps/news.sub_view?popup=0&nid=08&c1=08&c2=08&c3=00&nkey=202010071611281
225,"BMW, 전기세단 i4 한정판 ‘완판’에 판매율도 증가세",http://www.sportsworldi.com/newsView/20220407500451
226,수입차 벤츠·BMW '양강체제' 굳히기…3월 점유율 63%,http://www.fntimes.com/html/view.php?ud=2022040516212661827de3572ddd_18
227,BMW 창립 25주년 기념 '3·5·7·8시리즈 특별 에디션' 출시,https://www.ebn.co.kr/news/view/1448983/?sc=Naver
228,미드엔진? 신비한 BMW 8시리즈 프로토타입,http://www.thedrive.co.kr/news/newsview.php?ncode=1065591822734916
229,"BMW 그룹, 2020 실적 및 미래 비전 발표...전기차 시대 가속",https://hankookilbo.com/News/Read/A2021031911190001051?did=NA
230,"'한국법인 설립 25년' BMW, 3·5·7·8시리즈 한정판 출시…클래식 외장색 복원",http://www.fntimes.com/html/view.php?ud=2020090111311167017de3572ddd_18
231,미드엔진? 신비한 BMW 8시리즈 프로토타입,http://www.thedrive.co.kr/news/newsview.php?ncode=1065591822734916
232,"BMW 그룹, 2020 실적 및 미래 비전 발표...전기차 시대 가속",https://hankookilbo.com/News/Read/A2021031911190001051?did=NA
233,"[시승]독보적인 위치, BMW i4 M50",http://autotimes.hankyung.com/apps/news.sub_view?popup=0&nid=02&c1=02&c2=02&c3=00&nkey=202204031942251
234,"['카'이벌] ""얼굴 바꿔 돌아왔다"" 벤츠 E클래스 vs BMW 5시리즈 신형",http://moneys.mt.co.kr/news/mwView.php?no=2020101607168097676
235,"한국타이어, BMW 드라이빙 센터 8년 연속 독점 공급",http://www.newsprime.co.kr/news/article.html?no=563478
236,"한국타이어, 'BMW 드라이빙센터' 8년 연속 타이어 독점 공급",http://www.efnews.co.kr/news/articleView.html?idxno=94952
237,"""타도 벤츠""…`칼 갈은` 신형 BMW 5시리즈, 6360만원부터 판매",http://news.mk.co.kr/newsRead.php?no=1015863&year=2020
238,[영상]신형 BMW 5시리즈 핵심요약집,http://autotimes.hankyung.com/apps/news.sub_view?popup=0&nid=08&c1=08&c2=08&c3=00&nkey=202010071623021
239,"BMW 7시리즈, 파격변신 예고..커진 그릴·분리형 램프 적용",http://www.dailycar.co.kr/content/news.html?type=view&autoId=43088
240,"한국타이어, BMW 드라이빙센터에 8년 연속 타이어 독점 공급",http://www.autodaily.co.kr/news/articleView.html?idxno=432395
241,"한국타이어, ‘BMW 드라이빙센터’ 8년 연속 타이어 독점 공급",https://www.donga.com/news/article/all/20220323/112487151/2
242,"""타도 벤츠""…`칼 갈은` 신형 BMW 5시리즈, 6360만원부터 판매",http://news.mk.co.kr/newsRead.php?no=1015863&year=2020
243,[영상]신형 BMW 5시리즈 핵심요약집,http://autotimes.hankyung.com/apps/news.sub_view?popup=0&nid=08&c1=08&c2=08&c3=00&nkey=202010071623021
244,"BMW 7시리즈, 파격변신 예고..커진 그릴·분리형 램프 적용",http://www.dailycar.co.kr/content/news.html?type=view&autoId=43088
245,429km 가는 'i4 e드라이브40'…BMW 고유의 운전 재미도 살려,https://zdnet.co.kr/view/?no=20220329085243
246,"벤츠 E-클레스 vs BMW 5시리즈, 베이징모토쇼서 정면승부",https://www.theguru.co.kr/news/article.html?no=14234
247,"BMW 코리아, 브랜드 최초 순수전기 그란쿠페 BMW i4 출시",http://www.sportsworldi.com/newsView/20220330500849
248,‘블링블링’ BMW 8시리즈 골든 썬더 에디션,http://www.thedrive.co.kr/news/newsview.php?ncode=1065597708998248
249,"BMW, 8시리즈를 위한 특별판 ‘골든 썬더 에디션’ 출시..특징은?",http://www.dailycar.co.kr/content/news.html?type=view&autoId=36851
250,"한국타이어, 'BMW 드라이빙 센터' 8년 연속 타이어 독점 공급",http://www.shinailbo.co.kr/news/articleView.html?idxno=1530126
251,"한국타이어, 'BMW 드라이빙센터'에 8년 연속 타이어 독점 공급",http://www.kpinews.co.kr/news/articleView.html?idxno=172455
252,"""타도 벤츠""…`칼 갈은` 신형 BMW 5시리즈, 6360만원부터 판매",http://news.mk.co.kr/newsRead.php?no=1015863&year=2020
253,[영상]신형 BMW 5시리즈 핵심요약집,http://autotimes.hankyung.com/apps/news.sub_view?popup=0&nid=08&c1=08&c2=08&c3=00&nkey=202010071623021
254,"BMW 7시리즈, 파격변신 예고..커진 그릴·분리형 램프 적용",http://www.dailycar.co.kr/content/news.html?type=view&autoId=43088
255,429km 가는 'i4 e드라이브40'…BMW 고유의 운전 재미도 살려,https://zdnet.co.kr/view/?no=20220329085243
256,"벤츠 E-클레스 vs BMW 5시리즈, 베이징모토쇼서 정면승부",https://www.theguru.co.kr/news/article.html?no=14234
257,"BMW 코리아, 브랜드 최초 순수전기 그란쿠페 BMW i4 출시",http://www.sportsworldi.com/newsView/20220330500849
258,‘블링블링’ BMW 8시리즈 골든 썬더 에디션,http://www.thedrive.co.kr/news/newsview.php?ncode=1065597708998248
259,"BMW, 8시리즈를 위한 특별판 ‘골든 썬더 에디션’ 출시..특징은?",http://www.dailycar.co.kr/content/news.html?type=view&autoId=36851
260,"한국타이어, 'BMW 드라이빙센터' 8년 연속 타이어 독점 공급",https://www.asiatoday.co.kr/view.php?key=20220323010012948
261,"한국타이어, BMW 드라이빙센터에 타이어 8년 연속 독점 공급",http://www.newspim.com/news/view/20220323000399
262,"""타도 벤츠""…`칼 갈은` 신형 BMW 5시리즈, 6360만원부터 판매",http://news.mk.co.kr/newsRead.php?no=1015863&year=2020
263,[영상]신형 BMW 5시리즈 핵심요약집,http://autotimes.hankyung.com/apps/news.sub_view?popup=0&nid=08&c1=08&c2=08&c3=00&nkey=202010071623021
264,"BMW 7시리즈, 파격변신 예고..커진 그릴·분리형 램프 적용",http://www.dailycar.co.kr/content/news.html?type=view&autoId=43088
265,429km 가는 'i4 e드라이브40'…BMW 고유의 운전 재미도 살려,https://zdnet.co.kr/view/?no=20220329085243
266,"벤츠 E-클레스 vs BMW 5시리즈, 베이징모토쇼서 정면승부",https://www.theguru.co.kr/news/article.html?no=14234
267,"BMW 코리아, 브랜드 최초 순수전기 그란쿠페 BMW i4 출시",http://www.sportsworldi.com/newsView/20220330500849
268,‘블링블링’ BMW 8시리즈 골든 썬더 에디션,http://www.thedrive.co.kr/news/newsview.php?ncode=1065597708998248
269,"BMW, 8시리즈를 위한 특별판 ‘골든 썬더 에디션’ 출시..특징은?",http://www.dailycar.co.kr/content/news.html?type=view&autoId=36851
270,"한국타이어, 'BMW 드라이빙센터' 8년 연속 타이어 독점 공급",https://www.ngetnews.com/news/articleView.html?idxno=407045
271,"한국타이어, ‘BMW 드라이빙센터’에 8년 연속 타이어 독점 공급",http://moneys.mt.co.kr/news/mwView.php?no=2022032313398011936
272,"""타도 벤츠""…`칼 갈은` 신형 BMW 5시리즈, 6360만원부터 판매",http://news.mk.co.kr/newsRead.php?no=1015863&year=2020
273,[영상]신형 BMW 5시리즈 핵심요약집,http://autotimes.hankyung.com/apps/news.sub_view?popup=0&nid=08&c1=08&c2=08&c3=00&nkey=202010071623021
274,"BMW 7시리즈, 파격변신 예고..커진 그릴·분리형 램프 적용",http://www.dailycar.co.kr/content/news.html?type=view&autoId=43088
275,429km 가는 'i4 e드라이브40'…BMW 고유의 운전 재미도 살려,https://zdnet.co.kr/view/?no=20220329085243
276,"벤츠 E-클레스 vs BMW 5시리즈, 베이징모토쇼서 정면승부",https://www.theguru.co.kr/news/article.html?no=14234
277,"BMW 코리아, 브랜드 최초 순수전기 그란쿠페 BMW i4 출시",http://www.sportsworldi.com/newsView/20220330500849
278,‘블링블링’ BMW 8시리즈 골든 썬더 에디션,http://www.thedrive.co.kr/news/newsview.php?ncode=1065597708998248
279,"BMW, 8시리즈를 위한 특별판 ‘골든 썬더 에디션’ 출시..특징은?",http://www.dailycar.co.kr/content/news.html?type=view&autoId=36851
280,"한국타이어, 'BMW 드라이빙센터' 8년 연속 타이어 공급",http://www.newsworker.co.kr/news/articleView.html?idxno=151788
281,"벤츠 E-클레스 vs BMW 5시리즈, 베이징모토쇼서 정면승부",https://www.theguru.co.kr/news/article.html?no=14234
282,"BMW 코리아, 브랜드 최초 순수전기 그란쿠페 BMW i4 출시",http://www.sportsworldi.com/newsView/20220330500849
283,‘블링블링’ BMW 8시리즈 골든 썬더 에디션,http://www.thedrive.co.kr/news/newsview.php?ncode=1065597708998248
284,"BMW의 첫 준중형 순수 전기차 ‘i4’, 공식 데뷔",http://www.rpm9.com/news/article.html?id=20220329090001
285,"BMW, 8시리즈를 위한 특별판 ‘골든 썬더 에디션’ 출시..특징은?",http://www.dailycar.co.kr/content/news.html?type=view&autoId=36851
286,"BMW 코리아, 순수전기 그란쿠페 i4 출시…6650만원부터",https://www.dailian.co.kr/news/view/1097291/?sc=Naver
287,"BMW i4, 출시도 전에 3700대 완판…프리미엄 전기차 돌풍 예고",https://www.dailian.co.kr/news/view/1096815/?sc=Naver
288,친환경 바람에 저무는 디젤 시대...벤츠 · BMW 올해 디젤차 없을 듯,http://www.consumernews.co.kr/news/articleView.html?idxno=620154
289,나오기 전부터 입소문 난 BMW 전기차 ‘i4’,http://www.busan.com/view/busan/view.php?code=2022032218043395268
290,"BMW 코리아, 브랜드 최초 순수전기 그란 쿠페 i4 공식 출시... 가격은?",http://kr.aving.net/news/view.php?articleId=1694908&Branch_ID=kr&rssid=naver&mn_name=news
291,"BMW i4, 출시도 전에 3700대 완판…프리미엄 전기차 돌풍 예고",https://www.dailian.co.kr/news/view/1096815/?sc=Naver
292,친환경 바람에 저무는 디젤 시대...벤츠 · BMW 올해 디젤차 없을 듯,http://www.consumernews.co.kr/news/articleView.html?idxno=620154
293,나오기 전부터 입소문 난 BMW 전기차 ‘i4’,http://www.busan.com/view/busan/view.php?code=2022032218043395268
294,"한국타이어, 'BMW 드라이빙센터' 타이어 독점 공급",http://autotimes.hankyung.com/apps/news.sub_view?popup=0&nid=03&c1=03&c2=03&c3=00&nkey=202203230924501
295,"""전기차도 1위 노린다""…BMW, 6000만원대 가성비 갖춘 'i4' 韓 상륙",http://www.etnews.com/20220325000111
296,"한국타이어, BMW드라이빙 센터 시승차량에 타이어 독점 공급 이어간다",http://www.joongdo.co.kr/web/view.php?key=20220323010005144
297,고성능 왜건 BMW M3 투어링 이렇게 생겼다?,http://www.thedrive.co.kr/news/newsview.php?ncode=1065597574775080
298,"'출시 임박' BMW 전기차 i4, 3700여대 사전 예약 완료",http://www.newsis.com/view/?id=NISX20220322_0001803343&cID=13001&pID=13000
299,"BMW 신형 7시리즈, i7과 함께 플래그십 세단 선두 노린다",http://www.rpm9.com/news/article.html?id=20220207090016
300,"BMW, 최초 순수전기 그란쿠페 i4 한국 상륙..보조금은 얼마까지?",http://m.dailycar.co.kr/content/news.html?type=view&autoId=43541
301,"BMW i4, 출시도 전에 3700대 완판…프리미엄 전기차 돌풍 예고",https://www.dailian.co.kr/news/view/1096815/?sc=Naver
302,친환경 바람에 저무는 디젤 시대...벤츠 · BMW 올해 디젤차 없을 듯,http://www.consumernews.co.kr/news/articleView.html?idxno=620154
303,나오기 전부터 입소문 난 BMW 전기차 ‘i4’,http://www.busan.com/view/busan/view.php?code=2022032218043395268
304,"한국타이어, 'BMW 드라이빙센터' 타이어 독점 공급",http://autotimes.hankyung.com/apps/news.sub_view?popup=0&nid=03&c1=03&c2=03&c3=00&nkey=202203230924501
305,"""전기차도 1위 노린다""…BMW, 6000만원대 가성비 갖춘 'i4' 韓 상륙",http://www.etnews.com/20220325000111
306,"한국타이어, BMW드라이빙 센터 시승차량에 타이어 독점 공급 이어간다",http://www.joongdo.co.kr/web/view.php?key=20220323010005144
307,고성능 왜건 BMW M3 투어링 이렇게 생겼다?,http://www.thedrive.co.kr/news/newsview.php?ncode=1065597574775080
308,"'출시 임박' BMW 전기차 i4, 3700여대 사전 예약 완료",http://www.newsis.com/view/?id=NISX20220322_0001803343&cID=13001&pID=13000
309,"BMW 신형 7시리즈, i7과 함께 플래그십 세단 선두 노린다",http://www.rpm9.com/news/article.html?id=20220207090016
310,"'출시 임박' BMW 전기차 i4, 3700여대 사전 예약 완료",http://www.newsis.com/view/?id=NISX20220322_0001803343&cID=13001&pID=13000
311,"한국타이어, BMW 드라이빙 센터에 타이어 공급",http://www.ggilbo.com/news/articleView.html?idxno=902717
312,"BMW 신형 7시리즈, i7과 함께 플래그십 세단 선두 노린다",http://www.rpm9.com/news/article.html?id=20220207090016
313,BMW 최초의 M3 투어링 출시하나?,https://www.motortrendkorea.com/sub/view.html?no=6603&cate1Name=NEWCAR
314,'드디어 온다!' BMW 전기차 `i4` 3700대 사전예약 완판 ,http://www.gpkorea.com/news/articleView.html?idxno=84070
315,"BMW X7, 앞모습 교체로 부분변경..위, 아래로 나뉜 파격변신",http://www.dailycar.co.kr/content/news.html?type=view&autoId=43523
316,4도어 쿠페+495마력+4시리즈=알피나 B4 그란 쿠페,https://www.motortrendkorea.com/sub/view.html?no=6623&cate1Name=NEWCAR
317,이달 중고차 구매해볼까…가격 낮아진 SM6·BMW 3시리즈,http://moneys.mt.co.kr/news/mwView.php?no=2022020716438080336
318,"BMW, ""이것이 바로 8시리즈 신형""",http://autotimes.hankyung.com/apps/news.sub_view?popup=0&nid=02&c1=02&c2=02&c3=00&nkey=202201261655561
319,"국내 수입차 판매량 2위 BMW, 산불 성금은 쏙 빠졌다",http://www.pinpointnews.co.kr/news/articleView.html?idxno=102648
320,이달 중고차 구매해볼까…가격 낮아진 SM6·BMW 3시리즈,http://moneys.mt.co.kr/news/mwView.php?no=2022020716438080336
321,"BMW, ""이것이 바로 8시리즈 신형""",http://autotimes.hankyung.com/apps/news.sub_view?popup=0&nid=02&c1=02&c2=02&c3=00&nkey=202201261655561
322,"국내 수입차 판매량 2위 BMW, 산불 성금은 쏙 빠졌다",http://www.pinpointnews.co.kr/news/articleView.html?idxno=102648
323,[육동윤의 무비 더 카] 영화 ＜미션 임파서블＞ 시리즈와 함께한 차들,http://www.iminju.net/news/articleView.html?idxno=70650
324,"[왜이럴카] ""또 시작이군""…벤츠 E↔BMW 5, 대를 이은 `복수혈전`",http://news.mk.co.kr/newsRead.php?no=1248929&year=2020
325,"""한국 고객이 최우선"" BMW 뉴 5·6시리즈...수입차 시장 '들썩'",https://www.dailian.co.kr/news/view/892989?sc=Naver
326,"BMW코리아, 3시리즈 플러그인하이브리드 '뉴 330e' 추가",http://www.fntimes.com/html/view.php?ud=2020070817592753227de3572ddd_18
327,"""한국시장 중요"" BMW 뉴 5시리즈 영종도서 세계 첫 선",http://www.sporbiz.co.kr/news/articleView.html?idxno=442097
328,BMW i4부터 1000마력 허머EV·페라리까지… 모터쇼 넘보는 ‘인터배터리 2022’ 개막,https://www.donga.com/news/article/all/20220317/112385422/1
329,"BMW, '최대 9년' 정비보증 서비스 도입…소비자 신뢰↑",http://www.mediapen.com/news/view/582245
330,“세단+SUV+왜건 장점만 뽑아”…BMW 뉴 6시리즈,http://www.edaily.co.kr/news/newspath.asp?newsid=03093046625773184
331,"""한국시장 중요"" BMW 뉴 5시리즈 영종도서 세계 첫 선",http://www.sporbiz.co.kr/news/articleView.html?idxno=442097
332,BMW i4부터 1000마력 허머EV·페라리까지… 모터쇼 넘보는 ‘인터배터리 2022’ 개막,https://www.donga.com/news/article/all/20220317/112385422/1
333,"BMW, '최대 9년' 정비보증 서비스 도입…소비자 신뢰↑",http://www.mediapen.com/news/view/582245
334,"돌풍의 폴스타, 두 달만 수입 전기차 판매 1위 '우뚝'",http://www.newspim.com/news/view/20220504000980
335,"코로나시대, BMW가 소비자와 소통하는 방법",http://autotimes.hankyung.com/apps/news.sub_view?popup=0&nid=03&c1=03&c2=03&c3=00&nkey=202012162103521
336,"고성능 알피나, BMW 품에 안긴다",http://autotimes.hankyung.com/apps/news.sub_view?popup=0&nid=03&c1=03&c2=03&c3=00&nkey=202203131641531
337,'코평수' 만큼은 최고...막판 담금질 나선 새 BMW 4시리즈,http://www.digitaltoday.co.kr/news/articleView.html?idxno=233225
338,'미술과 깐부' 맺은 BMW…국내 8개 아트 갤러리와 협업,https://www.sedaily.com/NewsView/2625GDYQWP
339,최고시속 305㎞…20년 만에 부활한 BMW 8시리즈,https://www.hankyung.com/economy/article/201912298461i
340,"고성능 알피나, BMW 품에 안긴다",http://autotimes.hankyung.com/apps/news.sub_view?popup=0&nid=03&c1=03&c2=03&c3=00&nkey=202203131641531
341,'코평수' 만큼은 최고...막판 담금질 나선 새 BMW 4시리즈,http://www.digitaltoday.co.kr/news/articleView.html?idxno=233225
342,'미술과 깐부' 맺은 BMW…국내 8개 아트 갤러리와 협업,https://www.sedaily.com/NewsView/2625GDYQWP
343,최고시속 305㎞…20년 만에 부활한 BMW 8시리즈,https://www.hankyung.com/economy/article/201912298461i
344,BMW코리아 “럭셔리급 다 모여라”,http://sports.khan.co.kr/news/sk_index.html?art_id=202011161422013&sec_id=563002&pt=nv
345,'진짜 이렇게 나올까?' 완성도 높은 BMW '4시리즈 그란쿠페' 예상도 등장,http://www.autodaily.co.kr/news/articleView.html?idxno=418479
346,"BMW코리아, 럭셔리 클래스 고객 대상 '콜렉터스 하우스' 운영",http://www.newspim.com/news/view/20201111000744
347,"케이카 ""고향 갈 때 타고 싶은 차는 '그랜저'·'BMW 8시리즈'""",http://www.newspim.com/news/view/20200122000551
348,"'수입차 2월 위너' 벤츠, BMW는 1만대 고지 선점… 엎치락뒤치락 1위 쟁탈전",http://www.sisaweek.com/news/articleView.html?idxno=151520
349,"BMW, 럭셔리 클래스 고객 대상 ‘BMW 콜렉터스 하우스’ 운영",http://www.kukinews.com/newsView/kuk202011130275
350,고향 갈 때 타고 싶은 차는?…1위 그랜저·BMW 8시리즈,http://news.wowtv.co.kr/NewsCenter/News/Read?articleId=A202001220139&t=NN
351,"'수입차 2월 위너' 벤츠, BMW는 1만대 고지 선점… 엎치락뒤치락 1위 쟁탈전",http://www.sisaweek.com/news/articleView.html?idxno=151520
352,"BMW, 럭셔리 클래스 고객 대상 ‘BMW 콜렉터스 하우스’ 운영",http://www.kukinews.com/newsView/kuk202011130275
353,"BMW코리아, 창립 25주년 기념 3·5·7·8에디션 한정 출시",http://news.mk.co.kr/newsRead.php?no=899235&year=2020
354,"BMW 코리아 ""럭셔리 클래스 고객 대상 ‘컬렉터스 하우스’ 운영""",http://sports.hankooki.com/lpage/economy/202011/sp20201112132518136990.htm?s_ref=nv
355,"BMW, 12기통 7시리즈 단종 선언..12대 한정 판매 후 역사 속으로...",http://www.dailycar.co.kr/content/news.html?type=view&autoId=42627
356,[체험기] BMW 럭셔리 클래스에서 승효상 건축가를 만나다,http://www.rpm9.com/news/article.html?id=20201111090022
357,"SKY 출신도 줄었다…90년대생 CEO들, 학연 대신 택한 것 [90년대생 창업자가 온다]",https://www.joongang.co.kr/article/25068301
358,'BMW의 뒷심'…벤츠 E클래스 또 제쳤다 [車 UP & DOWN],https://www.hankyung.com/economy/article/202011062618i
359,"[엔트리카 전성시대 ② 수입 신차 1분기 성적] 벤츠 A클래스, BMW 1시리즈에 압승",http://weekly.cnbnews.com/news/article.html?no=133620
360,"BMW 코리아, 럭셔리 클래스 고객 대상으로 'BMW 콜렉터스 하우스' 운영",http://kr.aving.net/news/view.php?articleId=1587806&Branch_ID=kr&rssid=naver&mn_name=news
361,"SKY 출신도 줄었다…90년대생 CEO들, 학연 대신 택한 것 [90년대생 창업자가 온다]",https://www.joongang.co.kr/article/25068301
362,'BMW의 뒷심'…벤츠 E클래스 또 제쳤다 [車 UP & DOWN],https://www.hankyung.com/economy/article/202011062618i
363,"[엔트리카 전성시대 ② 수입 신차 1분기 성적] 벤츠 A클래스, BMW 1시리즈에 압승",http://weekly.cnbnews.com/news/article.html?no=133620
364,[신차브리핑!]'궁극의 럭셔리 스포츠카' BMW 뉴 8 시리즈,http://sports.hankooki.com/lpage/economy/201912/sp20191213162626136990.htm
365,"BMW 320i, 메카트로닉스 나사체결 '제작결함'…주차잠금 해제위험 '리콜'",https://idsn.co.kr/news/view/1065621723036852
366,[라이드온] 크리스털 입고 20년 만에 부활한 BMW ‘뉴 8시리즈’,https://www.seoul.co.kr/news/newsView.php?id=20191213022001&wlog_tag3=naver
367,"(시승기) BMW, ‘뉴 8시리즈’ 20년만에 컴백한 최상위 럭셔리 스포츠 세단",http://www.electimes.com/article.php?aid=1576076921191239110
368,[타봤어요]‘드림카’ 리스트에 쏙…BMW 8시리즈,http://www.edaily.co.kr/news/newspath.asp?newsid=03663766622717864
369,"한국자동차기자협회, 12월의 차에 'BMW 뉴 8시리즈'",http://www.newsprime.co.kr/news/article.html?no=485630
370,"BMW 코리아, 럭셔리 클래스 고객 대상 ‘BMW 콜렉터스 하우스’ 선봬",https://www.cnet.co.kr/view/?no=20201111123506
371,'BMW의 뒷심'…벤츠 E클래스 또 제쳤다 [車 UP & DOWN],https://www.hankyung.com/economy/article/202011062618i
372,"[엔트리카 전성시대 ② 수입 신차 1분기 성적] 벤츠 A클래스, BMW 1시리즈에 압승",http://weekly.cnbnews.com/news/article.html?no=133620
373,[신차브리핑!]'궁극의 럭셔리 스포츠카' BMW 뉴 8 시리즈,http://sports.hankooki.com/lpage/economy/201912/sp20191213162626136990.htm
374,"BMW 320i, 메카트로닉스 나사체결 '제작결함'…주차잠금 해제위험 '리콜'",https://idsn.co.kr/news/view/1065621723036852
375,[라이드온] 크리스털 입고 20년 만에 부활한 BMW ‘뉴 8시리즈’,https://www.seoul.co.kr/news/newsView.php?id=20191213022001&wlog_tag3=naver
376,"(시승기) BMW, ‘뉴 8시리즈’ 20년만에 컴백한 최상위 럭셔리 스포츠 세단",http://www.electimes.com/article.php?aid=1576076921191239110
377,[타봤어요]‘드림카’ 리스트에 쏙…BMW 8시리즈,http://www.edaily.co.kr/news/newspath.asp?newsid=03663766622717864
378,"한국자동차기자협회, 12월의 차에 'BMW 뉴 8시리즈'",http://www.newsprime.co.kr/news/article.html?no=485630
379,'올해의 차 선정' BMW 뉴 8 시리즈...1억3800만~2억3950만원,http://www.newspim.com/news/view/20191203000875
380,[신차브리핑!]'궁극의 럭셔리 스포츠카' BMW 뉴 8 시리즈,http://sports.hankooki.com/lpage/economy/201912/sp20191213162626136990.htm
381,"BMW 320i, 메카트로닉스 나사체결 '제작결함'…주차잠금 해제위험 '리콜'",https://idsn.co.kr/news/view/1065621723036852
382,[라이드온] 크리스털 입고 20년 만에 부활한 BMW ‘뉴 8시리즈’,https://www.seoul.co.kr/news/newsView.php?id=20191213022001&wlog_tag3=naver
383,"(시승기) BMW, ‘뉴 8시리즈’ 20년만에 컴백한 최상위 럭셔리 스포츠 세단",http://www.electimes.com/article.php?aid=1576076921191239110
384,[타봤어요]‘드림카’ 리스트에 쏙…BMW 8시리즈,http://www.edaily.co.kr/news/newspath.asp?newsid=03663766622717864
385,"한국자동차기자협회, 12월의 차에 'BMW 뉴 8시리즈'",http://www.newsprime.co.kr/news/article.html?no=485630
386,'올해의 차 선정' BMW 뉴 8 시리즈...1억3800만~2억3950만원,http://www.newspim.com/news/view/20191203000875
387,"BMW, 8시리즈 전기차 개발(?)..타이칸·EQS와 직접 경쟁",http://www.dailycar.co.kr/content/news.html?type=view&autoId=35490
388,[시승기] 부드럽지만 强하다… BMW 뉴 8시리즈,http://biz.newdaily.co.kr/site/data/html/2019/11/29/2019112900071.html
389,"[카 라이프] BMW 뉴 8시리즈, 돌아온 `럭셔리 세단`…스포티한 주행 살아있네",http://news.mk.co.kr/newsRead.php?year=2019&no=996668
390,"한국자동차기자협회, 12월의 차에 BMW 뉴 8시리즈 선정",http://www.autodaily.co.kr/news/articleView.html?idxno=413907
391,"BMW, 8시리즈 전기차 개발(?)..타이칸·EQS와 직접 경쟁",http://www.dailycar.co.kr/content/news.html?type=view&autoId=35490
392,[시승기] 부드럽지만 强하다… BMW 뉴 8시리즈,http://biz.newdaily.co.kr/site/data/html/2019/11/29/2019112900071.html
393,"[카 라이프] BMW 뉴 8시리즈, 돌아온 `럭셔리 세단`…스포티한 주행 살아있네",http://news.mk.co.kr/newsRead.php?year=2019&no=996668
394,"[신차드라이브]BMW 뉴 8시리즈…20년 만의 부활, 럭셔리 스포츠카 새 길을 닦다",http://www.etnews.com/20191128000119
395,[Best Selling Car] BMW '뉴 8시리즈' 625마력에 3초대 제로백···럭셔리 스포츠카? 그냥 '괴물',https://www.sedaily.com/NewsView/1VQYNMTH9B
396,보다 더 섹시해진 BMW 뉴 8시리즈 쿠페 시승기,http://www.esquirekorea.co.kr/article/43376
397,"[시승기] '실용성, 주행감각 고루 갖춘 진짜 아빠차' BMW 뉴 8시리즈 그란쿠페",http://www.efnews.co.kr/news/articleView.html?idxno=82019
398,[시승기]다이나믹·럭셔리 손잡다…BMW 뉴 8 시리즈,http://www.newsis.com/view/?id=NISX20191122_0000838655&cID=13001&pID=13000
399,"오토드림카, 벤츠 E300 BMW 520d 수입차 오토리스 장기렌트 8월 할인",http://www.stardailynews.co.kr/news/articleView.html?idxno=278645
400,[Best Selling Car] BMW '뉴 8시리즈' 625마력에 3초대 제로백···럭셔리 스포츠카? 그냥 '괴물',https://www.sedaily.com/NewsView/1VQYNMTH9B
401,보다 더 섹시해진 BMW 뉴 8시리즈 쿠페 시승기,http://www.esquirekorea.co.kr/article/43376
402,"[시승기] '실용성, 주행감각 고루 갖춘 진짜 아빠차' BMW 뉴 8시리즈 그란쿠페",http://www.efnews.co.kr/news/articleView.html?idxno=82019
403,[시승기]다이나믹·럭셔리 손잡다…BMW 뉴 8 시리즈,http://www.newsis.com/view/?id=NISX20191122_0000838655&cID=13001&pID=13000
404,"오토드림카, 벤츠 E300 BMW 520d 수입차 오토리스 장기렌트 8월 할인",http://www.stardailynews.co.kr/news/articleView.html?idxno=278645
405,[시승기] BMW 2시리즈 그란쿠페 | ‘운전의 즐거움’ 그 본능에 충실,http://economychosun.com/client/news/view.php?boardName=C05&t_num=13608668
406,"[시승기] BMW 8시리즈, 20년만에 비교불가 럭셔리 스포츠카로 부활",http://www.ceoscoredaily.com/news/article.html?no=62791
407,[시승기] ‘BMW 8 시리즈’… “스포츠카 DNA 살아있네”,http://www.ajunews.com/view/20191120140235018
408,[시승기]왜 부자 아빠는 GT카를 탈까..부활한 BMW 8시리즈,http://www.edaily.co.kr/news/newspath.asp?newsid=01334966622688016
409,[구상 칼럼] 4도어 럭셔리 쿠페..BMW 8시리즈의 디자인 특징은?,http://www.dailycar.co.kr/content/news.html?type=view&autoId=35179
410,"[生生 시승기] BMW 뉴8시리즈, 20년을 기다렸다. (영상)",http://www.sporbiz.co.kr/news/articleView.html?idxno=392588
411,"[자유로 연비] 510마력을 과시하는 매력적인 쿠페, BMW M4 컴페티션 쿠페의 자유로 연비는?",https://hankookilbo.com/News/Read/A2022030608250003695?did=NA
412,"""20년만에 부활"" BMW 럭셔리 스포츠카 뉴 8시리즈 공식 상륙",http://www.efnews.co.kr/news/articleView.html?idxno=81911
413,BMW 뉴 8시리즈 '어떤 차길래 초미의 관심',http://www.gpkorea.com/news/articleView.html?idxno=58823
414,20년 만에 돌아온 BMW '뉴 8시리즈'가 호텔 로비에,https://biz.chosun.com/site/data/html_dir/2019/11/17/2019111700021.html?utm_source=naver&utm_medium=original&utm_campaign=biz
415,'초대형 키드니 그릴' 적용된 BMW 신형 4시리즈 테스트카 포착...올 3분기께 출시,http://www.autodaily.co.kr/news/articleView.html?idxno=417559
416,[시승기] 이기적이고 독보적인 존재로 돌아온 BMW '뉴 8시리즈',http://www.dailian.co.kr/news/view/843127/?sc=naver
417,"[시승기] 부활한 '럭셔리 스포츠카' 뉴 8시리즈…BMW, 진정한 드라이빙 즐거움 선사",http://www.newsworks.co.kr/news/articleView.html?idxno=411233
418,"완패는 면했다, BMW 840i 그란쿠페 vs. 아우디 S7 TDI",https://www.motortrendkorea.com/sub/view.html?no=5103&cate1Name=WHICHCAR
419,[클릭!이 차]BMW 스포츠카 역사 다시 쓴다 '뉴 8시리즈',http://www.etnews.com/20191114000154
420,'최상 8'+'최고 M' 공유결합…뉴 8시리즈 먼저 타보니 [BMW의 미래 下],https://www.hankyung.com/economy/article/201911159874g
421,"완패는 면했다, BMW 840i 그란쿠페 vs. 아우디 S7 TDI",https://www.motortrendkorea.com/sub/view.html?no=5103&cate1Name=WHICHCAR
422,[클릭!이 차]BMW 스포츠카 역사 다시 쓴다 '뉴 8시리즈',http://www.etnews.com/20191114000154
423,"'8'자가 돌아왔다, BMW 럭셔리 스포츠카 '뉴 8시리즈'",http://www.osen.co.kr/article/G1111260337
424,[최기성의 허브車]‘BMW5와 벤츠E’ 고민되네…‘BMW E클래스’는 없나요?,https://www.mk.co.kr/opinion/columnists/view/2020/10/1114496/
425,"BMW 코리아, 럭셔리 스포츠카 뉴 8시리즈 공식 출시",http://www.dailysmart.co.kr/news/articleView.html?idxno=17983
426,"20년만 부활한 BMW 8시리즈, 국내 공식 출시...가격은 1억3,410만원부터",http://www.autodaily.co.kr/news/articleView.html?idxno=413206
427,20년만에 부활한 BMW 8시리즈…1억3500만원부터,http://news.mtn.co.kr/newscenter/news_viewer.mtn?gidx=2019111116400812930
428,"최고의 금의환향용 차는...국산은 '그랜저', 수입은 'BMW 8시리즈'",http://www.newsis.com/view/?id=NISX20200123_0000898433&cID=13001&pID=13000
429,BMW 럭셔리 클래스 최상위 ‘8시리즈’ 고성능·안전성·편의성’ 3박자 갖춰 [손재철의 이 車를 말한다],http://sports.khan.co.kr/news/sk_index.html?art_id=201911070700003&sec_id=563002&pt=nv
430,"BMW 코리아, 20년 만에 부활한 럭셔리 스포츠카 '뉴 8시리즈' 출시",http://kr.aving.net/news/view.php?articleId=1539593&Branch_ID=kr&rssid=naver&mn_name=news
431,"20년만 부활한 BMW 8시리즈, 국내 공식 출시...가격은 1억3,410만원부터",http://www.autodaily.co.kr/news/articleView.html?idxno=413206
432,20년만에 부활한 BMW 8시리즈…1억3500만원부터,http://news.mtn.co.kr/newscenter/news_viewer.mtn?gidx=2019111116400812930
433,"최고의 금의환향용 차는...국산은 '그랜저', 수입은 'BMW 8시리즈'",http://www.newsis.com/view/?id=NISX20200123_0000898433&cID=13001&pID=13000
434,BMW 럭셔리 클래스 최상위 ‘8시리즈’ 고성능·안전성·편의성’ 3박자 갖춰 [손재철의 이 車를 말한다],http://sports.khan.co.kr/news/sk_index.html?art_id=201911070700003&sec_id=563002&pt=nv
435,"케이카, 금의환향용 차는? ‘현대 그랜저’·‘BMW 8시리즈’ 1위",http://www.electimes.com/article.php?aid=1579654690193246094
436,"[시승기] 625마력을 품은 럭셔리 쿠페, BMW M8 컴페티션",https://hankookilbo.com/News/Read/A2020102011220005576?did=NA
437,"BMW, 벤츠 제치고 8월 수입차 판매 선두로 나서",http://www.rpm9.com/news/article.html?id=20200903090004
438,"<시승기>BMW 8시리즈, 이런 속도감은 처음",http://fn.segye.com/content/html/2019/12/04/20191204510174.html?OutUrl=naver
439,반도체 대란 속 벤츠·BMW 달렸다…현대차·기아 이어 3·4위,https://www.dailian.co.kr/news/view/1089617/?sc=Naver
440,"BMW, 뉴 8시리즈 출시",http://www.fetv.co.kr/news/article.html?no=40139
441,20년만에 부활한 BMW 8시리즈…1억3500만원부터,http://news.mtn.co.kr/newscenter/news_viewer.mtn?gidx=2019111116400812930
442,"최고의 금의환향용 차는...국산은 '그랜저', 수입은 'BMW 8시리즈'",http://www.newsis.com/view/?id=NISX20200123_0000898433&cID=13001&pID=13000
443,BMW 럭셔리 클래스 최상위 ‘8시리즈’ 고성능·안전성·편의성’ 3박자 갖춰 [손재철의 이 車를 말한다],http://sports.khan.co.kr/news/sk_index.html?art_id=201911070700003&sec_id=563002&pt=nv
444,"케이카, 금의환향용 차는? ‘현대 그랜저’·‘BMW 8시리즈’ 1위",http://www.electimes.com/article.php?aid=1579654690193246094
445,"[시승기] 625마력을 품은 럭셔리 쿠페, BMW M8 컴페티션",https://hankookilbo.com/News/Read/A2020102011220005576?did=NA
446,"BMW, 벤츠 제치고 8월 수입차 판매 선두로 나서",http://www.rpm9.com/news/article.html?id=20200903090004
447,"<시승기>BMW 8시리즈, 이런 속도감은 처음",http://fn.segye.com/content/html/2019/12/04/20191204510174.html?OutUrl=naver
448,반도체 대란 속 벤츠·BMW 달렸다…현대차·기아 이어 3·4위,https://www.dailian.co.kr/news/view/1089617/?sc=Naver
449,"벤츠, 수입차 판매 1위 '탈환'…BMW와 선두경쟁 치열",http://www.inews24.com/view/1457353
450,"BMW코리아, 럭셔리 스포츠카 뉴 8시리즈 공식 출시",http://www.ceoscoredaily.com/news/article.html?no=62374
451,20년만에 부활한 BMW 8시리즈…1억3500만원부터,http://news.mtn.co.kr/newscenter/news_viewer.mtn?gidx=2019111116400812930
452,"최고의 금의환향용 차는...국산은 '그랜저', 수입은 'BMW 8시리즈'",http://www.newsis.com/view/?id=NISX20200123_0000898433&cID=13001&pID=13000
453,BMW 럭셔리 클래스 최상위 ‘8시리즈’ 고성능·안전성·편의성’ 3박자 갖춰 [손재철의 이 車를 말한다],http://sports.khan.co.kr/news/sk_index.html?art_id=201911070700003&sec_id=563002&pt=nv
454,"케이카, 금의환향용 차는? ‘현대 그랜저’·‘BMW 8시리즈’ 1위",http://www.electimes.com/article.php?aid=1579654690193246094
455,"[시승기] 625마력을 품은 럭셔리 쿠페, BMW M8 컴페티션",https://hankookilbo.com/News/Read/A2020102011220005576?did=NA
456,"BMW, 벤츠 제치고 8월 수입차 판매 선두로 나서",http://www.rpm9.com/news/article.html?id=20200903090004
457,"<시승기>BMW 8시리즈, 이런 속도감은 처음",http://fn.segye.com/content/html/2019/12/04/20191204510174.html?OutUrl=naver
458,반도체 대란 속 벤츠·BMW 달렸다…현대차·기아 이어 3·4위,https://www.dailian.co.kr/news/view/1089617/?sc=Naver
459,"벤츠, 수입차 판매 1위 '탈환'…BMW와 선두경쟁 치열",http://www.inews24.com/view/1457353
460,"BMW, 럭셔리 스포츠카 '뉴 8시리즈' 출시… 1억3500만~2억395만원",http://biz.newdaily.co.kr/site/data/html/2019/11/11/2019111100169.html
461,"BMW 코리아, 스포츠카 시장 판 흔들 뉴 8시리즈 공식 출시",http://www.nspna.com/news/?mode=view&newsid=392932
462,"최고의 금의환향용 차는...국산은 '그랜저', 수입은 'BMW 8시리즈'",http://www.newsis.com/view/?id=NISX20200123_0000898433&cID=13001&pID=13000
463,BMW 럭셔리 클래스 최상위 ‘8시리즈’ 고성능·안전성·편의성’ 3박자 갖춰 [손재철의 이 車를 말한다],http://sports.khan.co.kr/news/sk_index.html?art_id=201911070700003&sec_id=563002&pt=nv
464,"케이카, 금의환향용 차는? ‘현대 그랜저’·‘BMW 8시리즈’ 1위",http://www.electimes.com/article.php?aid=1579654690193246094
465,"[시승기] 625마력을 품은 럭셔리 쿠페, BMW M8 컴페티션",https://hankookilbo.com/News/Read/A2020102011220005576?did=NA
466,"BMW, 벤츠 제치고 8월 수입차 판매 선두로 나서",http://www.rpm9.com/news/article.html?id=20200903090004
467,"<시승기>BMW 8시리즈, 이런 속도감은 처음",http://fn.segye.com/content/html/2019/12/04/20191204510174.html?OutUrl=naver
468,반도체 대란 속 벤츠·BMW 달렸다…현대차·기아 이어 3·4위,https://www.dailian.co.kr/news/view/1089617/?sc=Naver
469,"벤츠, 수입차 판매 1위 '탈환'…BMW와 선두경쟁 치열",http://www.inews24.com/view/1457353
470,"BMW, 럭셔리 스포츠카 ‘뉴 8시리즈’ 출시",http://www.viva100.com/main/view.php?key=20191111010003621
471,BMW 코리아 '뉴 8시리즈' 출시…포르쉐 파나메라 정면 겨냥,http://www.etoday.co.kr/news/section/newsview.php?idxno=1820781
472,"최고의 금의환향용 차는...국산은 '그랜저', 수입은 'BMW 8시리즈'",http://www.newsis.com/view/?id=NISX20200123_0000898433&cID=13001&pID=13000
473,BMW 럭셔리 클래스 최상위 ‘8시리즈’ 고성능·안전성·편의성’ 3박자 갖춰 [손재철의 이 車를 말한다],http://sports.khan.co.kr/news/sk_index.html?art_id=201911070700003&sec_id=563002&pt=nv
474,"케이카, 금의환향용 차는? ‘현대 그랜저’·‘BMW 8시리즈’ 1위",http://www.electimes.com/article.php?aid=1579654690193246094
475,"[시승기] 625마력을 품은 럭셔리 쿠페, BMW M8 컴페티션",https://hankookilbo.com/News/Read/A2020102011220005576?did=NA
476,"BMW, 벤츠 제치고 8월 수입차 판매 선두로 나서",http://www.rpm9.com/news/article.html?id=20200903090004
477,"<시승기>BMW 8시리즈, 이런 속도감은 처음",http://fn.segye.com/content/html/2019/12/04/20191204510174.html?OutUrl=naver
478,반도체 대란 속 벤츠·BMW 달렸다…현대차·기아 이어 3·4위,https://www.dailian.co.kr/news/view/1089617/?sc=Naver
479,"벤츠, 수입차 판매 1위 '탈환'…BMW와 선두경쟁 치열",http://www.inews24.com/view/1457353
480,‘20년만에 돌아온 BMW 8시리즈’…M은 가장 빠르다,http://www.dt.co.kr/contents.html?article_no=2019111102109932052009&ref=naver
481,"BMW 코리아, 하이엔드 전략 지속…고급 스포츠카 신형 8시리즈 도입",http://www.g-enews.com/ko-kr/news/article/news_all/20191111182309736250cb531085_1/article.html
482,"최고의 금의환향용 차는...국산은 '그랜저', 수입은 'BMW 8시리즈'",http://www.newsis.com/view/?id=NISX20200123_0000898433&cID=13001&pID=13000
483,BMW 럭셔리 클래스 최상위 ‘8시리즈’ 고성능·안전성·편의성’ 3박자 갖춰 [손재철의 이 車를 말한다],http://sports.khan.co.kr/news/sk_index.html?art_id=201911070700003&sec_id=563002&pt=nv
484,"케이카, 금의환향용 차는? ‘현대 그랜저’·‘BMW 8시리즈’ 1위",http://www.electimes.com/article.php?aid=1579654690193246094
485,"[시승기] 625마력을 품은 럭셔리 쿠페, BMW M8 컴페티션",https://hankookilbo.com/News/Read/A2020102011220005576?did=NA
486,"BMW, 벤츠 제치고 8월 수입차 판매 선두로 나서",http://www.rpm9.com/news/article.html?id=20200903090004
487,"<시승기>BMW 8시리즈, 이런 속도감은 처음",http://fn.segye.com/content/html/2019/12/04/20191204510174.html?OutUrl=naver
488,반도체 대란 속 벤츠·BMW 달렸다…현대차·기아 이어 3·4위,https://www.dailian.co.kr/news/view/1089617/?sc=Naver
489,"벤츠, 수입차 판매 1위 '탈환'…BMW와 선두경쟁 치열",http://www.inews24.com/view/1457353
490,"설 명절, 어깨 으쓱할 내차? '현대 그랜저, BMW 8시리즈'",http://www.gpkorea.com/news/articleView.html?idxno=61149
491,"[시승기] 625마력을 품은 럭셔리 쿠페, BMW M8 컴페티션",https://hankookilbo.com/News/Read/A2020102011220005576?did=NA
492,"BMW, 벤츠 제치고 8월 수입차 판매 선두로 나서",http://www.rpm9.com/news/article.html?id=20200903090004
493,20년만에…BMW 럭셔리 스포츠카 '뉴 8시리즈' 부활,https://www.hankyung.com/economy/article/201911119126g
494,"<시승기>BMW 8시리즈, 이런 속도감은 처음",http://fn.segye.com/content/html/2019/12/04/20191204510174.html?OutUrl=naver
495,반도체 대란 속 벤츠·BMW 달렸다…현대차·기아 이어 3·4위,https://www.dailian.co.kr/news/view/1089617/?sc=Naver
496,"벤츠, 수입차 판매 1위 '탈환'…BMW와 선두경쟁 치열",http://www.inews24.com/view/1457353
497,"`BMW 레이디스 챔피언십` 홀인원 상품, 억소리 나는 `7·8시리즈`",http://news.mk.co.kr/newsRead.php?year=2019&no=848374
498,"[시승기] BMW 8시리즈, 고급스러움과 성능 겸비한 스포츠카",http://www.etoday.co.kr/news/section/newsview.php?idxno=1823414
499,"'폭풍 전야' 벤츠·BMW, 신형 출시 앞두고 치열한 선두경쟁",http://www.sisajournal-e.com/news/articleView.html?idxno=224233
