,title,url
0,[타볼레오]BMW 'X6 M'…폭발적인 성능의 질주 본능,https://view.asiae.co.kr/article/2022050211173486916
1,"BMW, '애플 카플레이·안드로이드 오토' 빠진 채 출고. ""반도체 공급난 심각""",http://www.autodaily.co.kr/news/articleView.html?idxno=433677
2,"""이게 다 기본 옵션?"" BMW X6 M50i '1억' 돈값 하지만…[차알못시승기]",http://news.mt.co.kr/mtview.php?no=2022042115222137820
3,최고 출력 530마력 탱크 수준… 장거리 고속 주행에 제격,http://www.busan.com/view/busan/view.php?code=2022042618245873639
4,[시승기] 압도적 퍼포먼스로 질주하는 BMW의 중전차 – BMW X6 M 컴페티션,https://hankookilbo.com/News/Read/A2022032208140001950?did=NA
5,콕 짚어 BMW 지목한 알파로메오..X5·7시리즈 경쟁차 만든다!,http://www.dailycar.co.kr/content/news.html?type=view&autoId=43869
6,"내릴 때마다 ""아, 성공했구나""…'하차감 제왕' 벤츠S, '판매신화' 썼다 [왜몰랐을카]",http://news.mk.co.kr/newsRead.php?no=380110&year=2022
7,"[시승]올 라운드 플레이어, BMW X6 M50i",http://autotimes.hankyung.com/apps/news.sub_view?popup=0&nid=02&c1=02&c2=02&c3=00&nkey=202202021727361
8,BMW코리아 X6 등 7547대 등화장치 관련 리콜,http://www.consumuch.com/news/articleView.html?idxno=54066
9,"짚 체로키,  BMW X6 등 26개 차종 2만9천대 리콜",http://www.newsfc.co.kr/news/articleView.html?idxno=50035
10,"BMW X6, 싼타페 등 2만9092대 제작결함 리콜",https://view.asiae.co.kr/article/2022012101014044375
11,"[시승기] '쿠페형 SUV의 원조, 괴물의 심장을 품다'…BMW X6 M50d",https://www.asiatoday.co.kr/view.php?key=20200914010008039
12,[시승기] 괴물의 심장을 품다 …쿠페의 날렵함 SUV 실용성 조화 'BMW X6 M50d',https://www.asiatoday.co.kr/view.php?key=20200916000948542
13,"[시승기] BMW X6, 육중한 차체에 날렵한 주행성능",https://biz.chosun.com/site/data/html_dir/2020/07/05/2020070501967.html?utm_source=naver&utm_medium=original&utm_campaign=biz
14,"벤츠·BMW·테슬라·볼보, 지난해 매출 일제히 두 자릿수 비율로 증가",http://www.consumernews.co.kr/news/articleView.html?idxno=647218
15,"BMW, 올해 들어 3차례 잇단 리콜 ... 3월 출시한 전기차 BMW i4 결함 발견!",http://kr.aving.net/news/view.php?articleId=1696158&Branch_ID=kr&rssid=naver&mn_name=news
16,[시승기] 장도연은 벤츠… 금수저는 'BMW X6' 탄다,http://moneys.mt.co.kr/news/mwView.php?no=2020040309058073036
17,‘X6’ 카시트 결합부 이탈·118d 에어백 지적 등 BMW 15개 차종 ‘1만4천대’ 리콜,http://sports.khan.co.kr/news/sk_index.html?art_id=202004281409003&sec_id=563002&pt=nv
18,BMW 320d 등 '엔진 컨트롤 유닛' 결함…6028대 리콜,http://www.consumuch.com/news/articleView.html?idxno=54569
19,"고가 법인차, 무슨 모델이 잘 팔렸나 봤더니…벤츠·BMW 인기",http://moneys.mt.co.kr/news/mwView.php?no=2022032517168089255
20,"BMW SAC의 아이콘, 'X6' 해외 판매 가격 공개",http://www.hankookilbo.com/news/npath/201908300987051198?did=NA
21,"프랑크푸르트서 베일벗는 BMW 신형 X6, 벤츠 GLE 쿠페 넘어설까?",http://www.autodaily.co.kr/news/articleView.html?idxno=410977
22,"만하트, BMW X6을 기반으로 한 'MHX6 700 WB’ 공개",https://hankookilbo.com/News/Read/A2021100211180001153?did=NA
23,"BMW 'X6' 주행 중 불 나, 인명피해는 없어",http://www.businesspost.co.kr/BP?command=article_view&num=138617
24,에어백 오작동 '현대 마이티' 3만대 리콜…BMW X6 '시동 꺼짐',http://www.newstomato.com/ReadNews.aspx?no=1069319&inflow=N
25,"Manufacturing defects were confirmed in 45,714 cars including Hyundai Motor Mighty and BMW X6",http://www.g-enews.com/ko-kr/news/article/news_all/202108261712135140c4c1a19e2e_9/article.html
26,BMW X6·벤츠 E220 D·벤틀리 뉴컨티넨탈 등 58개 차종 4만5714대 리콜,https://view.asiae.co.kr/article/2021082606592381006
27,"BMW X6, 신차구입 후 2년간 고속도로상 엔진 꺼짐 두 차례...중대결함인데 교환·환불은 안돼?",http://www.consumernews.co.kr/news/articleView.html?idxno=628953
28,"BMW, X5·X6 M 등 온라인 한정판 11차종 출시..특징은?",http://www.dailycar.co.kr/content/news.html?type=view&autoId=39872
29,BMW 'X5·X6' 온라인 특별 한정판…총 70대만 판다,http://www.mediapen.com/news/view/630545
30,세단×쿠페×SUV...‘착한 욕심쟁이’ BMW 6시리즈 GT,https://www.mk.co.kr/economy/view/2022/155580
31,[이지경제의 한 컷] 통닭 2만마리 팔아 BMW X6 구매…수준은?,http://www.ezyeconomy.com/news/articleView.html?idxno=111826
32,"BMW X6, 고속도로 주행중 두번이나 시동 꺼져 '아찔'",http://www.newsquest.co.kr/news/articleView.html?idxno=85493
33,现代汽车Mighty和BMW X6等45714辆，发现制造缺陷,http://www.g-enews.com/ko-kr/news/article/news_all/202108261705267440c4c1a19e2e_10/article.html
34,"BMW코리아, 13일 M3·M4·X5·X6 등 한정판 5종 온라인 판매",http://www.fntimes.com/html/view.php?ud=2021041216263940437de3572ddd_18
35,보닛·계기판 제조 불량…현대차·BMW·아우디·테슬라 등 26개 차종·2만 9092대 리콜,http://kbench.com/?q=node/229374
36,"BMW, X5·X6 M 컴페티션 퍼스트 에디션 출시..30대 한정 판매",http://www.dailycar.co.kr/content/news.html?type=view&autoId=39066
37,"Tesla, BMW, Stellantis are recalling over 29,000 vehicles in South Korea",https://www.econotimes.com/Tesla-BMW-Stellantis-are-recalling-over-29000-vehicles-in-South-Korea-1625582
38,차박을 위한 자동차 4,https://www.gqkorea.co.kr/2022/03/27/%ec%b0%a8%eb%b0%95%ec%9d%84-%ec%9c%84%ed%95%9c-%ec%9e%90%eb%8f%99%ec%b0%a8-4/?utm_source=naver&utm_medium=partnership
39,[카 라이프] 질주 본능 깨우는 최강 성능 SUV…정숙미까지 갖췄다,http://news.mk.co.kr/newsRead.php?no=276842&year=2022
40,"[시승기+] 섹시한 헐크 BMW 'X6'…""헤어지기 아쉬운 차""",http://www.hankyung.com/news/app/newsview.php?aid=201505094758g
41,유리와 열애 인정 오승환 애마 ‘BMW X6’도 눈길… ‘어떤 차길래?’,http://sports.donga.com/3/all/20150421/70815901/2
42,"‘끝판대장’ 오승환, 유리와 열애 인정…데이트때 애마 보니…‘BMW X6’",http://sports.khan.co.kr/news/sk_index.html?cat=view&art_id=201504201709493&sec_id=540101&pt=nv
43,"BMW의 신형 크로스오버 'X6', 과연 기존 모델과 무엇이 다른가?",http://www.kbench.com/?q=node/142540
44,"유리와 열애 오승환, 연봉 95억+1억상당 BMW X6 애마+깡패어깨 ""다 갖춘 남자""",http://www.ajunews.com/view/20150421161653498
45,‘SUV+쿠페=BMW X6’ 차세대 모델 최초 공개,http://car.donga.com/3/all/20140609/64120448/2
46,"BMW, X6 페이스리프트 출시 계획..실내 디자인 변화 예고!",http://www.dailycar.co.kr/content/news.html?type=view&autoId=38860
47,"BMW, 더 강해지고 화려해진 '뉴 X6' 선보여",http://kr.aving.net/news/view.php?articleId=295559&Branch_ID=kr&rssid=naver&mn_name=news
48,[SUV'용쟁호투' '바캉스로드'점령]갖고 싶은 모델 “BMW X6·기아 모하비’ 이용자 65% “외산차로 갈아타고 싶다”,http://er.asiae.co.kr/erview.htm?idxno=2012062201185114625
49,[스타의 차①] 네티즌이 찾아낸 정형돈의 ‘BMW X6’,http://nownews.seoul.co.kr/news/newsView.php?id=20100122601011
50,"BMW, 고성능SUV 'X5 M', 'X6 M' 출시",http://www.moneytoday.co.kr/view/mtview.php?type=1&no=2009120310134688797&outlink=1
51,<시승기>“힘·주행성능을 한 몸에”‥BMW ‘X6’,http://www.ajnews.co.kr/uhtml/read.jsp?idxno=200905191304061040447
52,"브리지스톤 런플랫 타이어, BMW X6에 표준장착",http://www.betanews.net/article/446138
53,"[시승기]""이젠 SAC로 승부""..'BMW X6 30d'",http://www.moneytoday.co.kr/view/mtview.php?type=1&no=2008082810325655963&outlink=1
54,사진으로 보는 'BMW X6' - 외관,http://aving.net/atc/read.asp?c_num=92276&Branch_ID=kr
55,"[동영상] BMW, 스포츠 액티비티 쿠페 'X6' 국내 출시",http://sports.chosun.com/news/ntype.htm?ut=1&name=/news/life/200806/20080627/86768104.htm
56,"BMW X6, '특별한 런칭파티'",https://news.naver.com/main/read.naver?mode=LSD&mid=sec&sid1=101&oid=003&aid=0002159887
57,"BMW코리아, BMW X6출시",http://www.etnews.co.kr/news/detail.html?id=200806250150
58,"BMW, 스포츠 액티비티 쿠페 'X6' 국내 출시",https://news.naver.com/main/read.naver?mode=LSD&mid=sec&sid1=101&oid=003&aid=0002158000
59,BMW 'X6' 앞모습은 SUV 뒤는 쿠페…6월 국내 판매,http://news.mk.co.kr/news_forward.php?no=260790&year=2008
60,"올해의 SUV 후보 3, BMW X6",https://www.motortrendkorea.com/sub/view.html?no=5188&cate1Name=WHICHCAR
61,'콩팥' 본떠 만든 BMW 그릴…새 전기차에도 '이식'했네,http://news.mk.co.kr/newsRead.php?no=1119339&year=2021
62,수입 SUV 중 중고차값 가장 좋은 차는? ‘BMW X6’,http://biz.heraldcorp.com/view.php?ud=20130802000355
63,BMW Korea to release its sports activity coupe 'X6',http://aving.net/atc/read.asp?c_num=90438&Branch_ID=kr
64,"[시승기] ""눈과 귀가 즐겁다""…럭셔리 전기차 'BMW iX'의 매력",https://www.dailian.co.kr/news/view/1057171/?sc=Naver
65,"BMW X5 xDrive40d 등 2차종, 발전기+·-배선 고정단자 '제작결함'…리콜",http://www.idsn.co.kr/news/articleView.html?idxno=57984
66,"BMW ‘iX’, 강풍 속 고속질주에도 내부는 조용",https://www.donga.com/news/article/all/20211124/110444484/1
67,"[민기자의 '드라이빙'] BMW 플래그십 전기차 iX, 아쉬운 점이 더 많다",http://www.sisaweek.com/news/curationView.html?idxno=149021
68,"[신차 브리핑!]BMW 코리아 ""신형 순수전기 모델 iX 및 iX3 출시""",https://sports.hankooki.com/lpage/economy/202111/sp20211124161016136990.htm?s_ref=nv
69,"""네 바퀴 달린 호텔 혹은 생활공간"" BMW 7년만의 전기차 iX 타보니[시승기]",http://news.mt.co.kr/mtview.php?no=2021112315244385944
70,"[시승기] ""전기차에서도 달리는 맛 그대로""···육각형 전기차 'BMW iX'",http://www.sisajournal-e.com/news/articleView.html?idxno=243857
71,"[현장] ""돼지코는 잊어라""…BMW 순수 전기차 iX 대박 조짐",http://www.enewstoday.co.kr/news/articleView.html?idxno=1529114
72,"BMW코리아, i시리즈에 X까지 달았다...전기차만으로 풀 라인업",http://www.osen.co.kr/article/G1111698766
73,"[시승기] 호화스럽게, 그리고 더욱 대담하게 달리는 SAC ‘BMW X6 M50d’",https://hankookilbo.com/News/Read/A2020092112100001064?did=NA
74,"[히스토리] 스포츠 액티비티 쿠페의 시작과 현재, ‘BMW X6′",https://hankookilbo.com/News/Read/A2020091908480002034?did=NA
75,"BMW코리아, 지속 가능성과 미래 럭셔리를 절묘하게 녹여낸 플래그십 순수전기 모델 'iX' & 'iX3' 출시",http://kr.aving.net/news/view.php?articleId=1656885&Branch_ID=kr&rssid=naver&mn_name=news
76,"BMW, 국내 처음으로 X5 M50i 및 X6 M50i 모델 출시",http://www.newsian.co.kr/news/articleView.html?idxno=42928
77,"BMW 코리아, 25주년 한정 3종 출시…X5 M50i·X6 M50i 100km/h까지 4.3초",https://www.ebn.co.kr/news/view/1447803/?sc=Naver
78,"국토부, BMW 'X5'·'X6', 지프 '랭글러', 아우디 'A8' 리콜",http://www.betanews.net:8080/article/1238329.html
79,"BMW 동성모터스, 뉴 X5 M 및 뉴 X6 M 전격 공개",http://www.ksilbo.co.kr/news/articleView.html?idxno=767429
80,"BMW 공식 딜러 동성모터스, '뉴 X5 M·뉴 X6 M 론칭 이벤트' 실시",http://www.sportsseoul.com/news/read/936547?ref=naver
81,[포토]BMW X6 M 컴페티션,http://autotimes.hankyung.com/apps/news.sub_view?popup=0&nid=08&c1=08&c2=08&c3=00&nkey=202011222119561
82,쿠페형 SUV의 자존심 대결! BMW X6 vs. 아우디 Q8,https://www.motortrendkorea.com/sub/view.html?no=4802&cate1Name=WHICHCAR
83,[시승기] BMW 3세대 '뉴 X6 M50d' 쿠페형 SUV를 정의한다!,http://www.gpkorea.com/news/articleView.html?idxno=65299
84,"BMW 코리아, ‘뉴 X5 M’ 및 ‘뉴 X6 M’ 국내 출시..1억6천만원대",http://www.edaily.co.kr/news/newspath.asp?newsid=02574806625805656
85,"BMW, ""고성능 SUV 끝판왕""…X5 M·X6 M 판매 개시",http://www.mediapen.com/news/view/534997
86,"BMW 코리아, 초고성능 SUV ‘뉴 X5 M·뉴 X6 M’ 국내 출시",http://daily.hankooki.com/lpage/industry/202006/dh20200622164300147980.htm?s_ref=nv
87,"[자동차오늘] BMW, 초고성능 모델 '뉴 X5 M·뉴 X6 M' 출시…넥센타이어, 내마모 강화 신제품 '마일캡 2' 출시",http://www.sisaon.co.kr/news/articleView.html?idxno=114622
88,"BMW X5·X6·X7 M50i 인증 완료 ""고성능 가솔린 SUV 줄줄이""",https://www.ebn.co.kr/news/view/1437292?sc=Naver
89,"1년 탄 BMW 620D GT, 엔진 내부 손상으로 주행 중 '시동 꺼짐'",http://www.wolyo.co.kr/news/articleView.html?idxno=124416
90,BMW X5·X6 6100여대 주차등 부적절한 설치로 리콜,http://news.kmib.co.kr/article/view.asp?arcid=0015160408&code=61141111&cp=nv
91,"[이주의 차] BMW, X5 M·X6 M 출시…1억6460만원부터",http://isplus.live.joins.com/news/article/article.asp?total_id=23809992
92,BMW X6 겨냥한 포르쉐 새로운 카이엔 쿠페 첫 포착,http://www.thedrive.co.kr/news/newsview.php?ncode=1065595960608295
93,"무기를 갈고닦다, BMW X6 M50d",https://www.motortrendkorea.com/sub/view.html?no=4654&cate1Name=NEWCAR
94,"제네시스·벤츠·BMW, 연말 신차대전…키워드는 EV",https://www.ebn.co.kr/news/view/1503106/?sc=Naver
95,"[콕 포인트] BMW 뉴 X6, `창조적 파괴`란 이런 것…`쿠페형 SUV` 리더답네",http://news.mk.co.kr/newsRead.php?no=317005&year=2020
96,BMW X6 xDrive30d 등 3만2951대 리콜,http://www.cstimes.com/news/articleView.html?idxno=411885
97,"현대차 팰리세이드·BMW X6, 패밀리카 선호도 ‘1위’ 등극",http://www.newsway.co.kr/news/view?tp=1&ud=2020052911182471027
98,"[시승기]BMW X6 M50d, '디젤 끝판왕' 적재공간도 엄지척",http://www.mediapen.com/news/view/527486
99,"BMW 또 리콜, 1 시리즈 Sport 등 35차종 8320대…고압 연료펌프 '설계결함'",http://www.idsn.co.kr/news/articleView.html?idxno=53938
100,"유리 열애 인정한 오승환, 데이트에 이용한 애마는 'BMW X6'…가격만 1억 이상 '헉'",http://www.ajunews.com/view/20150420223204340
101,"‘끝판대장’ 오승환, 유리와 열애 인정…데이트때 애마 보니…‘BMW X6’",http://sports.khan.co.kr/news/sk_index.html?cat=view&art_id=201504201709493&sec_id=540101&pt=nv
102,"BMW의 신형 크로스오버 'X6', 과연 기존 모델과 무엇이 다른가?",http://www.kbench.com/?q=node/142540
103,"국토부, 스텔란티스·BMW·혼다·아우디·현대 등 2.9만대 리콜",https://news.mtn.co.kr/news-detail/?v=2022012016325128747
104,BMW•혼다•테슬라•현대차 등 7개사 2.9만여대 리콜,https://www.fetv.co.kr/news/article.html?no=106807
105,"유리와 열애 오승환, 연봉 95억+1억상당 BMW X6 애마+깡패어깨 ""다 갖춘 남자""",http://www.ajunews.com/view/20150421161653498
106,‘SUV+쿠페=BMW X6’ 차세대 모델 최초 공개,http://car.donga.com/3/all/20140609/64120448/2
107,"BMW, X6 페이스리프트 출시 계획..실내 디자인 변화 예고!",http://www.dailycar.co.kr/content/news.html?type=view&autoId=38860
108,"BMW, 더 강해지고 화려해진 '뉴 X6' 선보여",http://kr.aving.net/news/view.php?articleId=295559&Branch_ID=kr&rssid=naver&mn_name=news
109,[SUV'용쟁호투' '바캉스로드'점령]갖고 싶은 모델 “BMW X6·기아 모하비’ 이용자 65% “외산차로 갈아타고 싶다”,http://er.asiae.co.kr/erview.htm?idxno=2012062201185114625
110,"국토부, 스텔란티스·BMW·혼다·아우디·현대 등 2.9만대 리콜",https://news.mtn.co.kr/news-detail/?v=2022012016325128747
111,BMW•혼다•테슬라•현대차 등 7개사 2.9만여대 리콜,https://www.fetv.co.kr/news/article.html?no=106807
112,"유리와 열애 오승환, 연봉 95억+1억상당 BMW X6 애마+깡패어깨 ""다 갖춘 남자""",http://www.ajunews.com/view/20150421161653498
113,"오승환 유리와 열애 인정, 두 사람이 이용한 BMW X6 보니...",http://wowstar.wowtv.co.kr/news/view.asp?newsid=60998
114,‘SUV+쿠페=BMW X6’ 차세대 모델 최초 공개,http://car.donga.com/3/all/20140609/64120448/2
115,"BMW, X6 페이스리프트 출시 계획..실내 디자인 변화 예고!",http://www.dailycar.co.kr/content/news.html?type=view&autoId=38860
116,"BMW, 더 강해지고 화려해진 '뉴 X6' 선보여",http://kr.aving.net/news/view.php?articleId=295559&Branch_ID=kr&rssid=naver&mn_name=news
117,[SUV'용쟁호투' '바캉스로드'점령]갖고 싶은 모델 “BMW X6·기아 모하비’ 이용자 65% “외산차로 갈아타고 싶다”,http://er.asiae.co.kr/erview.htm?idxno=2012062201185114625
118,[스타의 차①] 네티즌이 찾아낸 정형돈의 ‘BMW X6’,http://nownews.seoul.co.kr/news/newsView.php?id=20100122601011
119,"BMW, 고성능SUV 'X5 M', 'X6 M' 출시",http://www.moneytoday.co.kr/view/mtview.php?type=1&no=2009120310134688797&outlink=1
120,‘SUV+쿠페=BMW X6’ 차세대 모델 최초 공개,http://car.donga.com/3/all/20140609/64120448/1
121,"BMW, 더 강해지고 화려해진 '뉴 X6' 선보여",http://kr.aving.net/news/view.php?articleId=295559&Branch_ID=kr&rssid=naver&mn_name=news
122,[SUV'용쟁호투' '바캉스로드'점령]갖고 싶은 모델 “BMW X6·기아 모하비’ 이용자 65% “외산차로 갈아타고 싶다”,http://er.asiae.co.kr/erview.htm?idxno=2012062201185114625
123,"국토부, BMW·테슬라 등 26개 차종 3만여대 리콜",http://www.newsis.com/view/?id=NISX20220120_0001731762&cID=10401&pID=10400
124,"국토교통부, 스텔란티스∙BMW 등 제작결함으로 2만9천대 리콜",https://www.onews.tv/news/articleView.html?idxno=109312
125,[스타의 차①] 네티즌이 찾아낸 정형돈의 ‘BMW X6’,http://nownews.seoul.co.kr/news/newsView.php?id=20100122601011
126,"BMW, 고성능SUV 'X5 M', 'X6 M' 출시",http://www.moneytoday.co.kr/view/mtview.php?type=1&no=2009120310134688797&outlink=1
127,<시승기>“힘·주행성능을 한 몸에”‥BMW ‘X6’,http://www.ajnews.co.kr/uhtml/read.jsp?idxno=200905191304061040447
128,"브리지스톤 런플랫 타이어, BMW X6에 표준장착",http://www.betanews.net/article/446138
129,"[시승기]""이젠 SAC로 승부""..'BMW X6 30d'",http://www.moneytoday.co.kr/view/mtview.php?type=1&no=2008082810325655963&outlink=1
130,"국토부, 스텔란티스·BMW·혼다·아우디·현대차 등 26개 차종 리콜",http://www.sentv.co.kr/news/view/610190
131,BMW·테슬라·현대차 등 26개 차종 3만여대 리콜,http://news.tf.co.kr/read/economy/1914036.htm
132,[스타의 차①] 네티즌이 찾아낸 정형돈의 ‘BMW X6’,http://nownews.seoul.co.kr/news/newsView.php?id=20100122601011
133,"BMW, 고성능SUV 'X5 M', 'X6 M' 출시",http://www.moneytoday.co.kr/view/mtview.php?type=1&no=2009120310134688797&outlink=1
134,<시승기>“힘·주행성능을 한 몸에”‥BMW ‘X6’,http://www.ajnews.co.kr/uhtml/read.jsp?idxno=200905191304061040447
135,"브리지스톤 런플랫 타이어, BMW X6에 표준장착",http://www.betanews.net/article/446138
136,"[시승기]""이젠 SAC로 승부""..'BMW X6 30d'",http://www.moneytoday.co.kr/view/mtview.php?type=1&no=2008082810325655963&outlink=1
137,사진으로 보는 'BMW X6' - 외관,http://aving.net/atc/read.asp?c_num=92276&Branch_ID=kr
138,"BMW, 스포츠 액티비티 쿠페 'X6' 국내 출시",http://osen.co.kr/news/Enter_View.asp?gisano=G0806260018&code=400000
139,"BMW X6, '특별한 런칭파티'",https://news.naver.com/main/read.naver?mode=LSD&mid=sec&sid1=101&oid=003&aid=0002159887
140,"[시승기]""이젠 SAC로 승부""..'BMW X6 30d'",http://www.moneytoday.co.kr/view/mtview.php?type=1&no=2008082810325655963&outlink=1
141,사진으로 보는 'BMW X6' - 외관,http://aving.net/atc/read.asp?c_num=92276&Branch_ID=kr
142,"[동영상] BMW, 스포츠 액티비티 쿠페 'X6' 국내 출시",http://sports.chosun.com/news/ntype.htm?ut=1&name=/news/life/200806/20080627/86768104.htm
143,"BMW X6, '특별한 런칭파티'",https://news.naver.com/main/read.naver?mode=LSD&mid=sec&sid1=101&oid=003&aid=0002159887
144,"BMW코리아, BMW X6출시",http://www.etnews.co.kr/news/detail.html?id=200806250150
145,"BMW, 스포츠 액티비티 쿠페 'X6' 국내 출시",https://news.naver.com/main/read.naver?mode=LSD&mid=sec&sid1=101&oid=003&aid=0002158000
146,BMW 'X6' 앞모습은 SUV 뒤는 쿠페…6월 국내 판매,http://news.mk.co.kr/news_forward.php?no=260790&year=2008
147,"올해의 SUV 후보 3, BMW X6",https://www.motortrendkorea.com/sub/view.html?no=5188&cate1Name=WHICHCAR
148,'콩팥' 본떠 만든 BMW 그릴…새 전기차에도 '이식'했네,http://news.mk.co.kr/newsRead.php?no=1119339&year=2021
149,수입 SUV 중 중고차값 가장 좋은 차는? ‘BMW X6’,http://biz.heraldcorp.com/view.php?ud=20130802000355
150,BMW 'X6' 앞모습은 SUV 뒤는 쿠페…6월 국내 판매,http://news.mk.co.kr/news_forward.php?no=260790&year=2008
151,"올해의 SUV 후보 3, BMW X6",https://www.motortrendkorea.com/sub/view.html?no=5188&cate1Name=WHICHCAR
152,사진으로 보는 'BMW X6' 신차발표회 현장,http://aving.net/atc/read.asp?c_num=90441&Branch_ID=kr
153,"BMW, 쿠페의 디자인에 SUV 실용성 살린 'X6' 출시",http://aving.net/atc/read.asp?c_num=90381&Branch_ID=kr
154,'콩팥' 본떠 만든 BMW 그릴…새 전기차에도 '이식'했네,http://news.mk.co.kr/newsRead.php?no=1119339&year=2021
155,수입 SUV 중 중고차값 가장 좋은 차는? ‘BMW X6’,http://biz.heraldcorp.com/view.php?ud=20130802000355
156,BMW Korea to release its sports activity coupe 'X6',http://aving.net/atc/read.asp?c_num=90438&Branch_ID=kr
157,"[시승기] ""눈과 귀가 즐겁다""…럭셔리 전기차 'BMW iX'의 매력",https://www.dailian.co.kr/news/view/1057171/?sc=Naver
158,"BMW X5 xDrive40d 등 2차종, 발전기+·-배선 고정단자 '제작결함'…리콜",http://www.idsn.co.kr/news/articleView.html?idxno=57984
159,"BMW ‘iX’, 강풍 속 고속질주에도 내부는 조용",https://www.donga.com/news/article/all/20211124/110444484/1
160,수입 SUV 중 중고차값 가장 좋은 차는? ‘BMW X6’,http://biz.heraldcorp.com/view.php?ud=20130802000355
161,BMW Korea to release its sports activity coupe 'X6',http://aving.net/atc/read.asp?c_num=90438&Branch_ID=kr
162,[사진]BMW의 야심작 'X6' 출시(화보),http://www.moneytoday.co.kr/view/mtview.php?type=1&no=2008062514010760353&outlink=1
163,"[시승기] ""눈과 귀가 즐겁다""…럭셔리 전기차 'BMW iX'의 매력",https://www.dailian.co.kr/news/view/1057171/?sc=Naver
164,"BMW X5 xDrive40d 등 2차종, 발전기+·-배선 고정단자 '제작결함'…리콜",http://www.idsn.co.kr/news/articleView.html?idxno=57984
165,"BMW ‘iX’, 강풍 속 고속질주에도 내부는 조용",https://www.donga.com/news/article/all/20211124/110444484/1
166,"[민기자의 '드라이빙'] BMW 플래그십 전기차 iX, 아쉬운 점이 더 많다",http://www.sisaweek.com/news/curationView.html?idxno=149021
167,"[신차 브리핑!]BMW 코리아 ""신형 순수전기 모델 iX 및 iX3 출시""",https://sports.hankooki.com/lpage/economy/202111/sp20211124161016136990.htm?s_ref=nv
168,"""네 바퀴 달린 호텔 혹은 생활공간"" BMW 7년만의 전기차 iX 타보니[시승기]",http://news.mt.co.kr/mtview.php?no=2021112315244385944
169,"[시승기] ""전기차에서도 달리는 맛 그대로""···육각형 전기차 'BMW iX'",http://www.sisajournal-e.com/news/articleView.html?idxno=243857
170,"웅장한 외관, 넓은 실내공간… BMW, ‘ix’로 전기차 시장 공략",https://www.donga.com/news/article/all/20211124/110436545/1
171,"[현장] ""돼지코는 잊어라""…BMW 순수 전기차 iX 대박 조짐",http://www.enewstoday.co.kr/news/articleView.html?idxno=1529114
172,"BMW코리아, i시리즈에 X까지 달았다...전기차만으로 풀 라인업",http://www.osen.co.kr/article/G1111698766
173,"[시승기] 호화스럽게, 그리고 더욱 대담하게 달리는 SAC ‘BMW X6 M50d’",https://hankookilbo.com/News/Read/A2020092112100001064?did=NA
174,"[히스토리] 스포츠 액티비티 쿠페의 시작과 현재, ‘BMW X6′",https://hankookilbo.com/News/Read/A2020091908480002034?did=NA
175,"BMW코리아, 지속 가능성과 미래 럭셔리를 절묘하게 녹여낸 플래그십 순수전기 모델 'iX' & 'iX3' 출시",http://kr.aving.net/news/view.php?articleId=1656885&Branch_ID=kr&rssid=naver&mn_name=news
176,"BMW, 국내 처음으로 X5 M50i 및 X6 M50i 모델 출시",http://www.newsian.co.kr/news/articleView.html?idxno=42928
177,"BMW 코리아, 25주년 한정 3종 출시…X5 M50i·X6 M50i 100km/h까지 4.3초",https://www.ebn.co.kr/news/view/1447803/?sc=Naver
178,"국토부, BMW 'X5'·'X6', 지프 '랭글러', 아우디 'A8' 리콜",http://www.betanews.net:8080/article/1238329.html
179,"BMW 동성모터스, 뉴 X5 M 및 뉴 X6 M 전격 공개",http://www.ksilbo.co.kr/news/articleView.html?idxno=767429
180,"BMW코리아, 지속 가능성과 미래 럭셔리를 절묘하게 녹여낸 플래그십 순수전기 모델 'iX' & 'iX3' 출시",http://kr.aving.net/news/view.php?articleId=1656885&Branch_ID=kr&rssid=naver&mn_name=news
181,"BMW, 국내 처음으로 X5 M50i 및 X6 M50i 모델 출시",http://www.newsian.co.kr/news/articleView.html?idxno=42928
182,"BMW 코리아, 25주년 한정 3종 출시…X5 M50i·X6 M50i 100km/h까지 4.3초",https://www.ebn.co.kr/news/view/1447803/?sc=Naver
183,"국토부, BMW 'X5'·'X6', 지프 '랭글러', 아우디 'A8' 리콜",http://www.betanews.net:8080/article/1238329.html
184,"BMW 동성모터스, 뉴 X5 M 및 뉴 X6 M 전격 공개",http://www.ksilbo.co.kr/news/articleView.html?idxno=767429
185,"BMW 공식 딜러 동성모터스, '뉴 X5 M·뉴 X6 M 론칭 이벤트' 실시",http://www.sportsseoul.com/news/read/936547?ref=naver
186,[포토]BMW X6 M 컴페티션,http://autotimes.hankyung.com/apps/news.sub_view?popup=0&nid=08&c1=08&c2=08&c3=00&nkey=202011222119561
187,쿠페형 SUV의 자존심 대결! BMW X6 vs. 아우디 Q8,https://www.motortrendkorea.com/sub/view.html?no=4802&cate1Name=WHICHCAR
188,[시승기] BMW 3세대 '뉴 X6 M50d' 쿠페형 SUV를 정의한다!,http://www.gpkorea.com/news/articleView.html?idxno=65299
189,"BMW 코리아, ‘뉴 X5 M’ 및 ‘뉴 X6 M’ 국내 출시..1억6천만원대",http://www.edaily.co.kr/news/newspath.asp?newsid=02574806625805656
190,"BMW코리아, 순수전기 SUV 모델 'iX·iX3' 공식 출시…주행 거리는?",http://news.mk.co.kr/newsRead.php?no=1088195&year=2021
191,"BMW, 국내 처음으로 X5 M50i 및 X6 M50i 모델 출시",http://www.newsian.co.kr/news/articleView.html?idxno=42928
192,"BMW 코리아, 25주년 한정 3종 출시…X5 M50i·X6 M50i 100km/h까지 4.3초",https://www.ebn.co.kr/news/view/1447803/?sc=Naver
193,"국토부, BMW 'X5'·'X6', 지프 '랭글러', 아우디 'A8' 리콜",http://www.betanews.net:8080/article/1238329.html
194,"BMW 동성모터스, 뉴 X5 M 및 뉴 X6 M 전격 공개",http://www.ksilbo.co.kr/news/articleView.html?idxno=767429
195,"BMW 공식 딜러 동성모터스, '뉴 X5 M·뉴 X6 M 론칭 이벤트' 실시",http://www.sportsseoul.com/news/read/936547?ref=naver
196,[포토]BMW X6 M 컴페티션,http://autotimes.hankyung.com/apps/news.sub_view?popup=0&nid=08&c1=08&c2=08&c3=00&nkey=202011222119561
197,쿠페형 SUV의 자존심 대결! BMW X6 vs. 아우디 Q8,https://www.motortrendkorea.com/sub/view.html?no=4802&cate1Name=WHICHCAR
198,[시승기] BMW 3세대 '뉴 X6 M50d' 쿠페형 SUV를 정의한다!,http://www.gpkorea.com/news/articleView.html?idxno=65299
199,"BMW 코리아, ‘뉴 X5 M’ 및 ‘뉴 X6 M’ 국내 출시..1억6천만원대",http://www.edaily.co.kr/news/newspath.asp?newsid=02574806625805656
200,"BMW, X5·X6 M50i 한정판 모델 국내 첫 출시",http://www.dizzotv.com/site/data/html_dir/2020/08/24/2020082480210.html
201,"국토부, BMW 'X5'·'X6', 지프 '랭글러', 아우디 'A8' 리콜",http://www.betanews.net:8080/article/1238329.html
202,"BMW 동성모터스, 뉴 X5 M 및 뉴 X6 M 전격 공개",http://www.ksilbo.co.kr/news/articleView.html?idxno=767429
203,"BMW 공식 딜러 동성모터스, '뉴 X5 M·뉴 X6 M 론칭 이벤트' 실시",http://www.sportsseoul.com/news/read/936547?ref=naver
204,[포토]BMW X6 M 컴페티션,http://autotimes.hankyung.com/apps/news.sub_view?popup=0&nid=08&c1=08&c2=08&c3=00&nkey=202011222119561
205,쿠페형 SUV의 자존심 대결! BMW X6 vs. 아우디 Q8,https://www.motortrendkorea.com/sub/view.html?no=4802&cate1Name=WHICHCAR
206,[시승기] BMW 3세대 '뉴 X6 M50d' 쿠페형 SUV를 정의한다!,http://www.gpkorea.com/news/articleView.html?idxno=65299
207,"BMW 코리아, ‘뉴 X5 M’ 및 ‘뉴 X6 M’ 국내 출시..1억6천만원대",http://www.edaily.co.kr/news/newspath.asp?newsid=02574806625805656
208,"BMW, ""고성능 SUV 끝판왕""…X5 M·X6 M 판매 개시",http://www.mediapen.com/news/view/534997
209,"BMW 코리아, 초고성능 SUV ‘뉴 X5 M·뉴 X6 M’ 국내 출시",http://daily.hankooki.com/lpage/industry/202006/dh20200622164300147980.htm?s_ref=nv
210,"BMW 공식 딜러 동성모터스, '뉴 X5 M·뉴 X6 M 론칭 이벤트' 실시",http://www.sportsseoul.com/news/read/936547?ref=naver
211,BMW X5·X6·3시리즈 25주년 기념 한정판 온라인 판매,https://biz.chosun.com/site/data/html_dir/2020/08/24/2020082401831.html?utm_source=naver&utm_medium=original&utm_campaign=biz
212,[포토]BMW X6 M 컴페티션,http://autotimes.hankyung.com/apps/news.sub_view?popup=0&nid=08&c1=08&c2=08&c3=00&nkey=202011222119561
213,쿠페형 SUV의 자존심 대결! BMW X6 vs. 아우디 Q8,https://www.motortrendkorea.com/sub/view.html?no=4802&cate1Name=WHICHCAR
214,[시승기] BMW 3세대 '뉴 X6 M50d' 쿠페형 SUV를 정의한다!,http://www.gpkorea.com/news/articleView.html?idxno=65299
215,"BMW 코리아, ‘뉴 X5 M’ 및 ‘뉴 X6 M’ 국내 출시..1억6천만원대",http://www.edaily.co.kr/news/newspath.asp?newsid=02574806625805656
216,"BMW, ""고성능 SUV 끝판왕""…X5 M·X6 M 판매 개시",http://www.mediapen.com/news/view/534997
217,"BMW 코리아, 초고성능 SUV ‘뉴 X5 M·뉴 X6 M’ 국내 출시",http://daily.hankooki.com/lpage/industry/202006/dh20200622164300147980.htm?s_ref=nv
218,"[자동차오늘] BMW, 초고성능 모델 '뉴 X5 M·뉴 X6 M' 출시…넥센타이어, 내마모 강화 신제품 '마일캡 2' 출시",http://www.sisaon.co.kr/news/articleView.html?idxno=114622
219,"BMW X5·X6·X7 M50i 인증 완료 ""고성능 가솔린 SUV 줄줄이""",https://www.ebn.co.kr/news/view/1437292?sc=Naver
220,BMW X5·X6·3시리즈 25주년 기념 한정판 온라인 판매,https://biz.chosun.com/site/data/html_dir/2020/08/24/2020082401831.html?utm_source=naver&utm_medium=original&utm_campaign=biz
221,[포토]BMW X6 M 컴페티션,http://autotimes.hankyung.com/apps/news.sub_view?popup=0&nid=08&c1=08&c2=08&c3=00&nkey=202011222119561
222,쿠페형 SUV의 자존심 대결! BMW X6 vs. 아우디 Q8,https://www.motortrendkorea.com/sub/view.html?no=4802&cate1Name=WHICHCAR
223,[시승기] BMW 3세대 '뉴 X6 M50d' 쿠페형 SUV를 정의한다!,http://www.gpkorea.com/news/articleView.html?idxno=65299
224,"BMW 코리아, ‘뉴 X5 M’ 및 ‘뉴 X6 M’ 국내 출시..1억6천만원대",http://www.edaily.co.kr/news/newspath.asp?newsid=02574806625805656
225,"BMW, ""고성능 SUV 끝판왕""…X5 M·X6 M 판매 개시",http://www.mediapen.com/news/view/534997
226,"BMW 코리아, 초고성능 SUV ‘뉴 X5 M·뉴 X6 M’ 국내 출시",http://daily.hankooki.com/lpage/industry/202006/dh20200622164300147980.htm?s_ref=nv
227,"[자동차오늘] BMW, 초고성능 모델 '뉴 X5 M·뉴 X6 M' 출시…넥센타이어, 내마모 강화 신제품 '마일캡 2' 출시",http://www.sisaon.co.kr/news/articleView.html?idxno=114622
228,"BMW X5·X6·X7 M50i 인증 완료 ""고성능 가솔린 SUV 줄줄이""",https://www.ebn.co.kr/news/view/1437292?sc=Naver
229,"1년 탄 BMW 620D GT, 엔진 내부 손상으로 주행 중 '시동 꺼짐'",http://www.wolyo.co.kr/news/articleView.html?idxno=124416
230,"BMW, M퍼포먼스 초고성능 SUV '뉴 X5 M', '뉴 X6 M' 국내 출시",https://www.dailian.co.kr/news/view/899370?sc=Naver
231,"[자동차오늘] BMW, 초고성능 모델 '뉴 X5 M·뉴 X6 M' 출시…넥센타이어, 내마모 강화 신제품 '마일캡 2' 출시",http://www.sisaon.co.kr/news/articleView.html?idxno=114622
232,"BMW X5·X6·X7 M50i 인증 완료 ""고성능 가솔린 SUV 줄줄이""",https://www.ebn.co.kr/news/view/1437292?sc=Naver
233,"1년 탄 BMW 620D GT, 엔진 내부 손상으로 주행 중 '시동 꺼짐'",http://www.wolyo.co.kr/news/articleView.html?idxno=124416
234,BMW X5·X6 6100여대 주차등 부적절한 설치로 리콜,http://news.kmib.co.kr/article/view.asp?arcid=0015160408&code=61141111&cp=nv
235,"[이주의 차] BMW, X5 M·X6 M 출시…1억6460만원부터",http://isplus.live.joins.com/news/article/article.asp?total_id=23809992
236,"국토부, BMW X6과 쌍용차 체어맨 포함 28개 차종 3만2천 대 리콜",http://www.businesspost.co.kr/BP?command=article_view&num=175849
237,BMW X6 겨냥한 포르쉐 새로운 카이엔 쿠페 첫 포착,http://www.thedrive.co.kr/news/newsview.php?ncode=1065595960608295
238,"무기를 갈고닦다, BMW X6 M50d",https://www.motortrendkorea.com/sub/view.html?no=4654&cate1Name=NEWCAR
239,"제네시스·벤츠·BMW, 연말 신차대전…키워드는 EV",https://www.ebn.co.kr/news/view/1503106/?sc=Naver
240,BMW '뉴 X5 M' 및 '뉴 X6 M' 국내 출시... 1억6460만 원부터,http://www.consumernews.co.kr/news/articleView.html?idxno=607230
241,"BMW코리아, '제로백 3.9초' 뉴 X5 M·X6 M 출시…1억6000만원대",http://www.newspim.com/news/view/20200622000595
242,"BMW X5·X6·X7 M50i 인증 완료 ""고성능 가솔린 SUV 줄줄이""",https://www.ebn.co.kr/news/view/1437292?sc=Naver
243,"1년 탄 BMW 620D GT, 엔진 내부 손상으로 주행 중 '시동 꺼짐'",http://www.wolyo.co.kr/news/articleView.html?idxno=124416
244,BMW X5·X6 6100여대 주차등 부적절한 설치로 리콜,http://news.kmib.co.kr/article/view.asp?arcid=0015160408&code=61141111&cp=nv
245,"[이주의 차] BMW, X5 M·X6 M 출시…1억6460만원부터",http://isplus.live.joins.com/news/article/article.asp?total_id=23809992
246,"국토부, BMW X6과 쌍용차 체어맨 포함 28개 차종 3만2천 대 리콜",http://www.businesspost.co.kr/BP?command=article_view&num=175849
247,BMW X6 겨냥한 포르쉐 새로운 카이엔 쿠페 첫 포착,http://www.thedrive.co.kr/news/newsview.php?ncode=1065595960608295
248,"무기를 갈고닦다, BMW X6 M50d",https://www.motortrendkorea.com/sub/view.html?no=4654&cate1Name=NEWCAR
249,"제네시스·벤츠·BMW, 연말 신차대전…키워드는 EV",https://www.ebn.co.kr/news/view/1503106/?sc=Naver
250,M퍼포먼스 X패밀리 `BMW 뉴 X5·X6 M` 국내 출시,http://news.mk.co.kr/newsRead.php?no=637061&year=2020
251,"BMW코리아, '제로백 3.9초' 뉴 X5 M·X6 M 출시…1억6000만원대",http://www.newspim.com/news/view/20200622000595
252,"BMW X5·X6·X7 M50i 인증 완료 ""고성능 가솔린 SUV 줄줄이""",https://www.ebn.co.kr/news/view/1437292?sc=Naver
253,"1년 탄 BMW 620D GT, 엔진 내부 손상으로 주행 중 '시동 꺼짐'",http://www.wolyo.co.kr/news/articleView.html?idxno=124416
254,BMW X5·X6 6100여대 주차등 부적절한 설치로 리콜,http://news.kmib.co.kr/article/view.asp?arcid=0015160408&code=61141111&cp=nv
255,"[이주의 차] BMW, X5 M·X6 M 출시…1억6460만원부터",http://isplus.live.joins.com/news/article/article.asp?total_id=23809992
256,"국토부, BMW X6과 쌍용차 체어맨 포함 28개 차종 3만2천 대 리콜",http://www.businesspost.co.kr/BP?command=article_view&num=175849
257,BMW X6 겨냥한 포르쉐 새로운 카이엔 쿠페 첫 포착,http://www.thedrive.co.kr/news/newsview.php?ncode=1065595960608295
258,"무기를 갈고닦다, BMW X6 M50d",https://www.motortrendkorea.com/sub/view.html?no=4654&cate1Name=NEWCAR
259,"제네시스·벤츠·BMW, 연말 신차대전…키워드는 EV",https://www.ebn.co.kr/news/view/1503106/?sc=Naver
260,"불똥 튀기는 초고성능 BMW 뉴 X5 M, X6 M 국내 출시",http://www.iminju.net/news/articleView.html?idxno=54586
261,"BMW X5·X6·X7 M50i 인증 완료 ""고성능 가솔린 SUV 줄줄이""",https://www.ebn.co.kr/news/view/1437292?sc=Naver
262,"BMW코리아, 608마력 'X5 M·X6 M' 출시...제로백 3.9초",http://www.gpkorea.com/news/articleView.html?idxno=65187
263,"1년 탄 BMW 620D GT, 엔진 내부 손상으로 주행 중 '시동 꺼짐'",http://www.wolyo.co.kr/news/articleView.html?idxno=124416
264,BMW X5·X6 6100여대 주차등 부적절한 설치로 리콜,http://news.kmib.co.kr/article/view.asp?arcid=0015160408&code=61141111&cp=nv
265,"[이주의 차] BMW, X5 M·X6 M 출시…1억6460만원부터",http://isplus.live.joins.com/news/article/article.asp?total_id=23809992
266,"국토부, BMW X6과 쌍용차 체어맨 포함 28개 차종 3만2천 대 리콜",http://www.businesspost.co.kr/BP?command=article_view&num=175849
267,BMW X6 겨냥한 포르쉐 새로운 카이엔 쿠페 첫 포착,http://www.thedrive.co.kr/news/newsview.php?ncode=1065595960608295
268,"무기를 갈고닦다, BMW X6 M50d",https://www.motortrendkorea.com/sub/view.html?no=4654&cate1Name=NEWCAR
269,"제네시스·벤츠·BMW, 연말 신차대전…키워드는 EV",https://www.ebn.co.kr/news/view/1503106/?sc=Naver
270,BMW '뉴 X5 M·뉴 X6 M' 국내 출시…1억6천460만 원대,http://mbnmoney.mbn.co.kr/news/view?news_no=MM1004017380
271,"국토부, BMW X6과 쌍용차 체어맨 포함 28개 차종 3만2천 대 리콜",http://www.businesspost.co.kr/BP?command=article_view&num=175849
272,BMW X6 겨냥한 포르쉐 새로운 카이엔 쿠페 첫 포착,http://www.thedrive.co.kr/news/newsview.php?ncode=1065595960608295
273,"무기를 갈고닦다, BMW X6 M50d",https://www.motortrendkorea.com/sub/view.html?no=4654&cate1Name=NEWCAR
274,"제네시스·벤츠·BMW, 연말 신차대전…키워드는 EV",https://www.ebn.co.kr/news/view/1503106/?sc=Naver
275,"[콕 포인트] BMW 뉴 X6, `창조적 파괴`란 이런 것…`쿠페형 SUV` 리더답네",http://news.mk.co.kr/newsRead.php?no=317005&year=2020
276,BMW X6 xDrive30d 등 3만2951대 리콜,http://www.cstimes.com/news/articleView.html?idxno=411885
277,"현대차 팰리세이드·BMW X6, 패밀리카 선호도 ‘1위’ 등극",http://www.newsway.co.kr/news/view?tp=1&ud=2020052911182471027
278,"[시승기]BMW X6 M50d, '디젤 끝판왕' 적재공간도 엄지척",http://www.mediapen.com/news/view/527486
279,"BMW 또 리콜, 1 시리즈 Sport 등 35차종 8320대…고압 연료펌프 '설계결함'",http://www.idsn.co.kr/news/articleView.html?idxno=53938
280,"현대차 팰리세이드·BMW X6, 패밀리카 선호도 ‘1위’ 등극",http://www.newsway.co.kr/news/view?tp=1&ud=2020052911182471027
281,핸들 잠기는 체어맨…BMW X6·320d도 리콜 명령,https://www.hankyung.com/economy/article/202004274350g
282,"[시승기]BMW X6 M50d, '디젤 끝판왕' 적재공간도 엄지척",http://www.mediapen.com/news/view/527486
283,"BMW X6, 어린이보호 미비..닛산·쌍용차 등 28개 차종 3만2951대 리콜",http://kpenews.com/View.aspx?No=831163
284,"BMW 또 리콜, 1 시리즈 Sport 등 35차종 8320대…고압 연료펌프 '설계결함'",http://www.idsn.co.kr/news/articleView.html?idxno=53938
285,"BMW, X5·X6 PHEV 추가·라인업 강화..특징은?",http://www.dailycar.co.kr/content/news.html?type=view&autoId=35822
286,키드니 그릴에 조명 들어오는 BMW 3세대 X6 출시,http://www.edaily.co.kr/news/newspath.asp?newsid=03188166622723768
287,신형 BMW X6는 돈값을 할까?,http://www.esquirekorea.co.kr/article/43766
288,"BMW, 韓 시장 공략 강화···뉴 X6·530e i퍼포먼스 등 ‘신차풍년’",http://www.ekn.kr/news/article.html?no=470786
289,"BMW, 첨단 기술로 업그레이드된 ‘뉴 X6’ 출시",http://www.rpm9.com/news/article.html?id=20191218090003
290,"국토부, 카시트·에어백 결함 'BMW X6·118d' 등 3만대 '리콜'",http://kbench.com/?q=node/209959
291,"BMW, X5·X6 PHEV 추가·라인업 강화..특징은?",http://www.dailycar.co.kr/content/news.html?type=view&autoId=35822
292,키드니 그릴에 조명 들어오는 BMW 3세대 X6 출시,http://www.edaily.co.kr/news/newspath.asp?newsid=03188166622723768
293,신형 BMW X6는 돈값을 할까?,http://www.esquirekorea.co.kr/article/43766
294,"BMW, 韓 시장 공략 강화···뉴 X6·530e i퍼포먼스 등 ‘신차풍년’",http://www.ekn.kr/news/article.html?no=470786
295,"BMW, 첨단 기술로 업그레이드된 ‘뉴 X6’ 출시",http://www.rpm9.com/news/article.html?id=20191218090003
296,"BMW 코리아, 3세대 뉴 X6 공식 출시...강렬하고 고급스러운 존재감",http://www.getnews.co.kr/view.php?ud=2019121713344740316a6b374224_16
297,"BMW코리아, 온라인샵 오픈…BMW 1시리즈·X6 한정판매",https://view.asiae.co.kr/article/2019121716083001257
298,"[자동차오늘] BMW, 3세대 뉴 X6 공식 출시…한국지엠 한마음재단, 사회 취약 계층에 스파크 10대 기증",http://www.sisaon.co.kr/news/articleView.html?idxno=106248
299,BMW 3세대 ‘뉴 X6’ 출시…1억550만원부터,http://www.lawissue.co.kr/view.php?ud=20191217140622265067191f6c6e_12
300,"BMW 코리아, 3세대 뉴 X6 공식 출시",http://sports.donga.com/3/all/20191218/98853771/1
301,"BMW 코리아, 3세대 뉴 X6 공식 출시...강렬하고 고급스러운 존재감",http://www.getnews.co.kr/view.php?ud=2019121713344740316a6b374224_16
302,"BMW코리아, 온라인샵 오픈…BMW 1시리즈·X6 한정판매",https://view.asiae.co.kr/article/2019121716083001257
303,"[자동차오늘] BMW, 3세대 뉴 X6 공식 출시…한국지엠 한마음재단, 사회 취약 계층에 스파크 10대 기증",http://www.sisaon.co.kr/news/articleView.html?idxno=106248
304,BMW 3세대 ‘뉴 X6’ 출시…1억550만원부터,http://www.lawissue.co.kr/view.php?ud=20191217140622265067191f6c6e_12
305,"[시승]더 완벽해진 퍼즐조각, BMW X6",http://autotimes.hankyung.com/apps/news.sub_view?popup=0&nid=06&c1=06&c2=06&c3=00&nkey=201912111731451
306,"BMW X6, 키드니 그릴 진화의 끝판왕?",http://autotimes.hankyung.com/apps/news.sub_view?popup=0&nid=01&c1=01&c2=01&c3=00&nkey=201912092031121
307,"허각, 새 차 BMW X6 인증샷…출고가도 `어마어마`[똑똑SNS]",http://mksports.co.kr/view/2020/449110/
308,타고 싶은 패밀리카 1위 '팰리세이드·BMW X6',https://www.ebn.co.kr/news/view/1435921?sc=Naver
309,체어맨·BMW X6·KATO 기중기 등 3만3천여대 리콜,http://news.einfomax.co.kr/news/articleView.html?idxno=4084873
310,"BMW, 뉴 X6 출시..가격은 1억1030만~1억5200만원",http://www.dailycar.co.kr/content/news.html?type=view&autoId=35412
311,"[자동차오늘] BMW, 3세대 뉴 X6 공식 출시…한국지엠 한마음재단, 사회 취약 계층에 스파크 10대 기증",http://www.sisaon.co.kr/news/articleView.html?idxno=106248
312,BMW 3세대 ‘뉴 X6’ 출시…1억550만원부터,http://www.lawissue.co.kr/view.php?ud=20191217140622265067191f6c6e_12
313,"[시승]더 완벽해진 퍼즐조각, BMW X6",http://autotimes.hankyung.com/apps/news.sub_view?popup=0&nid=06&c1=06&c2=06&c3=00&nkey=201912111731451
314,"BMW X6, 키드니 그릴 진화의 끝판왕?",http://autotimes.hankyung.com/apps/news.sub_view?popup=0&nid=01&c1=01&c2=01&c3=00&nkey=201912092031121
315,"허각, 새 차 BMW X6 인증샷…출고가도 `어마어마`[똑똑SNS]",http://mksports.co.kr/view/2020/449110/
316,타고 싶은 패밀리카 1위 '팰리세이드·BMW X6',https://www.ebn.co.kr/news/view/1435921?sc=Naver
317,체어맨·BMW X6·KATO 기중기 등 3만3천여대 리콜,http://news.einfomax.co.kr/news/articleView.html?idxno=4084873
318,"[간추린 뉴스]BMW코리아, ‘3세대 뉴 X6’ 국내 출시 外",http://www.donga.com/news/article/all/20191217/98849177/1
319,"[비즈+] BMW코리아, 3세대 뉴 X6 공식 출시 外",https://www.paxnetnews.com/articles/54974
320,BMW '스포츠 쿠페' 3세대 X6 국내 출시…1억550만원부터,https://view.asiae.co.kr/article/2019121710591359403
321,"BMW, 쿠페를 품은 SUV…신형 X6 판매개시",http://www.mediapen.com/news/view/485634
322,"[시승]더 완벽해진 퍼즐조각, BMW X6",http://autotimes.hankyung.com/apps/news.sub_view?popup=0&nid=06&c1=06&c2=06&c3=00&nkey=201912111731451
323,"BMW X6, 키드니 그릴 진화의 끝판왕?",http://autotimes.hankyung.com/apps/news.sub_view?popup=0&nid=01&c1=01&c2=01&c3=00&nkey=201912092031121
324,"허각, 새 차 BMW X6 인증샷…출고가도 `어마어마`[똑똑SNS]",http://mksports.co.kr/view/2020/449110/
325,타고 싶은 패밀리카 1위 '팰리세이드·BMW X6',https://www.ebn.co.kr/news/view/1435921?sc=Naver
326,체어맨·BMW X6·KATO 기중기 등 3만3천여대 리콜,http://news.einfomax.co.kr/news/articleView.html?idxno=4084873
327,"[간추린 뉴스]BMW코리아, ‘3세대 뉴 X6’ 국내 출시 外",http://www.donga.com/news/article/all/20191217/98849177/1
328,"[비즈+] BMW코리아, 3세대 뉴 X6 공식 출시 外",https://www.paxnetnews.com/articles/54974
329,현대차 마이티·BMW 등 4만5천여대 리콜,http://www.yonhapnewstv.co.kr/MYH20210826011400038/?did=1825m
330,"BMW, 3세대 뉴 X6 출시…1억550만원부터",http://www.kukinews.com/news/article.html?no=729009
331,"BMW 코리아, 3세대 뉴 X6 출시…가격 1억 550만원부터",http://news.wowtv.co.kr/NewsCenter/News/Read?articleId=A201912170228&t=NN
332,"[시승]더 완벽해진 퍼즐조각, BMW X6",http://autotimes.hankyung.com/apps/news.sub_view?popup=0&nid=06&c1=06&c2=06&c3=00&nkey=201912111731451
333,"BMW X6, 키드니 그릴 진화의 끝판왕?",http://autotimes.hankyung.com/apps/news.sub_view?popup=0&nid=01&c1=01&c2=01&c3=00&nkey=201912092031121
334,"허각, 새 차 BMW X6 인증샷…출고가도 `어마어마`[똑똑SNS]",http://mksports.co.kr/view/2020/449110/
335,타고 싶은 패밀리카 1위 '팰리세이드·BMW X6',https://www.ebn.co.kr/news/view/1435921?sc=Naver
336,체어맨·BMW X6·KATO 기중기 등 3만3천여대 리콜,http://news.einfomax.co.kr/news/articleView.html?idxno=4084873
337,"[간추린 뉴스]BMW코리아, ‘3세대 뉴 X6’ 국내 출시 外",http://www.donga.com/news/article/all/20191217/98849177/1
338,"[비즈+] BMW코리아, 3세대 뉴 X6 공식 출시 外",https://www.paxnetnews.com/articles/54974
339,현대차 마이티·BMW 등 4만5천여대 리콜,http://www.yonhapnewstv.co.kr/MYH20210826011400038/?did=1825m
340,"BMW, 3세대 뉴 X6 공식 출시…조명식 키드니그릴 최초적용",http://www.dailian.co.kr/news/view/853584/?sc=naver
341,BMW 3세대 ‘뉴 X6’ 출시… 1억 550만원~,http://www.thedrive.co.kr/news/newsview.php?ncode=1065601119335390
342,"[시승]더 완벽해진 퍼즐조각, BMW X6",http://autotimes.hankyung.com/apps/news.sub_view?popup=0&nid=06&c1=06&c2=06&c3=00&nkey=201912111731451
343,"BMW X6, 키드니 그릴 진화의 끝판왕?",http://autotimes.hankyung.com/apps/news.sub_view?popup=0&nid=01&c1=01&c2=01&c3=00&nkey=201912092031121
344,"허각, 새 차 BMW X6 인증샷…출고가도 `어마어마`[똑똑SNS]",http://mksports.co.kr/view/2020/449110/
345,타고 싶은 패밀리카 1위 '팰리세이드·BMW X6',https://www.ebn.co.kr/news/view/1435921?sc=Naver
346,체어맨·BMW X6·KATO 기중기 등 3만3천여대 리콜,http://news.einfomax.co.kr/news/articleView.html?idxno=4084873
347,"[간추린 뉴스]BMW코리아, ‘3세대 뉴 X6’ 국내 출시 外",http://www.donga.com/news/article/all/20191217/98849177/1
348,"[비즈+] BMW코리아, 3세대 뉴 X6 공식 출시 外",https://www.paxnetnews.com/articles/54974
349,현대차 마이티·BMW 등 4만5천여대 리콜,http://www.yonhapnewstv.co.kr/MYH20210826011400038/?did=1825m
350,"BMW코리아 대형SUV 3세대 뉴 X6 내놔, 가격은 1억550만 원부터",http://www.businesspost.co.kr/BP?command=article_view&num=155592
351,"BMW, 3세대 뉴 X6 공식 출시..1억550만원부터",http://www.fnnews.com/news/201912171445036316
352,"[시승]더 완벽해진 퍼즐조각, BMW X6",http://autotimes.hankyung.com/apps/news.sub_view?popup=0&nid=06&c1=06&c2=06&c3=00&nkey=201912111731451
353,"BMW X6, 키드니 그릴 진화의 끝판왕?",http://autotimes.hankyung.com/apps/news.sub_view?popup=0&nid=01&c1=01&c2=01&c3=00&nkey=201912092031121
354,"허각, 새 차 BMW X6 인증샷…출고가도 `어마어마`[똑똑SNS]",http://mksports.co.kr/view/2020/449110/
355,타고 싶은 패밀리카 1위 '팰리세이드·BMW X6',https://www.ebn.co.kr/news/view/1435921?sc=Naver
356,체어맨·BMW X6·KATO 기중기 등 3만3천여대 리콜,http://news.einfomax.co.kr/news/articleView.html?idxno=4084873
357,"[간추린 뉴스]BMW코리아, ‘3세대 뉴 X6’ 국내 출시 外",http://www.donga.com/news/article/all/20191217/98849177/1
358,"[비즈+] BMW코리아, 3세대 뉴 X6 공식 출시 外",https://www.paxnetnews.com/articles/54974
359,현대차 마이티·BMW 등 4만5천여대 리콜,http://www.yonhapnewstv.co.kr/MYH20210826011400038/?did=1825m
360,패밀리카 선호도 1위···국산차 '팰리세이드'·수입차 'BMW X6',http://www.seoulfn.com/news/articleView.html?idxno=384191
361,체어맨·BMW X6·KATO 기중기 등 3만3천여대 리콜,http://news.einfomax.co.kr/news/articleView.html?idxno=4084873
362,"[간추린 뉴스]BMW코리아, ‘3세대 뉴 X6’ 국내 출시 外",http://www.donga.com/news/article/all/20191217/98849177/1
363,"[비즈+] BMW코리아, 3세대 뉴 X6 공식 출시 外",https://www.paxnetnews.com/articles/54974
364,"BMW, 3세대 뉴 X6 출시…판매價 1억550만~1억5200만원",http://www.econovill.com/news/articleView.html?idxno=380305
365,"BMW, 3세대 뉴 X6 모델 출시..5년만에 완전변경 모델",http://kpenews.com/View.aspx?No=355953
366,현대차 마이티·BMW 등 4만5천여대 리콜,http://www.yonhapnewstv.co.kr/MYH20210826011400038/?did=1825m
367,벤츠 킬러 BMW 라인업 출격…풀체인지 '뉴 X6' 등 신차 3종 연말 출시,http://www.dizzotv.com/site/data/html_dir/2019/11/15/2019111580190.html
368,‘쿠페 품은 SUV’ BMW 신형 X6-디자인도 성능도 ‘카리스마’ 넘치네,http://news.mk.co.kr/newsRead.php?year=2019&no=937854
369,"BMW 신형 X6, ‘SUV+쿠페→SUV×쿠페’…카리스마 넘치는 ‘SUV 제왕’",http://news.mk.co.kr/newsRead.php?year=2019&no=913396
370,"""대형 고해상도 계기판 적용"" … BMW, 3세대 뉴 X6 출시",http://www.dt.co.kr/contents.html?article_no=2019121802101332052003&ref=naver
371,현대차 마이티·BMW 등 4만5천여대 리콜,http://www.yonhapnewstv.co.kr/MYH20210826011400038/?did=1825m
372,벤츠 킬러 BMW 라인업 출격…풀체인지 '뉴 X6' 등 신차 3종 연말 출시,http://www.dizzotv.com/site/data/html_dir/2019/11/15/2019111580190.html
373,‘쿠페 품은 SUV’ BMW 신형 X6-디자인도 성능도 ‘카리스마’ 넘치네,http://news.mk.co.kr/newsRead.php?year=2019&no=937854
374,"BMW 신형 X6, ‘SUV+쿠페→SUV×쿠페’…카리스마 넘치는 ‘SUV 제왕’",http://news.mk.co.kr/newsRead.php?year=2019&no=913396
375,덩치는 커졌는데 더 날렵해졌다…싹 바뀐 BMW 뉴 X6 출격,https://www.hankyung.com/economy/article/201912276765i
376,[클릭!이 차]3세대로 진화한 스포츠 액티비티 쿠페 'BMW 뉴 X6',http://www.etnews.com/20191226000103
377,"BMW, 스포츠 쿠페 '3세대 뉴 X6' 출시",http://www.gukjenews.com/news/articleView.html?idxno=1214410
378,"국토부, 현대·BMW·벤츠 등 6개사 차종 '4만여 대' 리콜",http://news.tf.co.kr/read/economy/1883995.htm
379,정비불량·품질결함 불만 속출…BMW 한상윤 관리부실 도마,http://www.skyedaily.com/news/news_view.html?ID=135744
380,"국토부, 현대·BMW·벤츠 등 6개사 차종 '4만여 대' 리콜",http://news.tf.co.kr/read/economy/1883995.htm
381,정비불량·품질결함 불만 속출…BMW 한상윤 관리부실 도마,http://www.skyedaily.com/news/news_view.html?ID=135744
382,"""대세는 전기차""…BMW·벤츠·아우디, 럭셔리 EV 총공세",https://www.ebn.co.kr/news/view/1497453/?sc=Naver
383,"BMW 쿠페형 SUV ‘X6’, 카시트 부착 장치 결함으로 대규모 리콜",http://www.hankookilbo.com/news/npath/202004280618086100?did=NA
384,현대차·BMW·벤츠 등 4만8797대 무더기 리콜…시동꺼짐·누수 등 각양각색,http://moneys.mt.co.kr/news/mwView.php?no=2021082617078047390
385,"BMW, '2019 프랑크푸르트 모터쇼'서 X6, X1등 신차 7종 공개...첨단 신기술. 비전 제시",http://www.autodaily.co.kr/news/articleView.html?idxno=411229
386,BMW가 '세상에서 가장 어두운' 검정색을 입힌 X6 밴타블랙을 공개했다,https://www.huffingtonpost.kr/entry/story_kr_5d68bae0e4b02bc6bb374037?utm_id=naver
387,"BMW, 풀체인지 단행한 3세대 'X6'…데뷔 무대는 프랑크푸르트",http://www.edaily.co.kr/news/newspath.asp?newsid=01157846622592240
388,"BMW 코리아, 순수 전기차 3종 출시...고객 선택폭 확 넓힌다",https://www.sedaily.com/NewsView/22Q82X42P9
389,"""환영해""..허각, 1억↑ 드림카 BMW X6 뽑았다",http://biz.heraldcorp.com/view.php?ud=202004301921014838429_1
390,내 차 또 리콜?… 현대차·BMW 등 58개 차종 4만8797대 대상,http://moneys.mt.co.kr/news/mwView.php?no=2021082607588055716
391,BMW가 '세상에서 가장 어두운' 검정색을 입힌 X6 밴타블랙을 공개했다,https://www.huffingtonpost.kr/entry/story_kr_5d68bae0e4b02bc6bb374037?utm_id=naver
392,"BMW, 풀체인지 단행한 3세대 'X6'…데뷔 무대는 프랑크푸르트",http://www.edaily.co.kr/news/newspath.asp?newsid=01157846622592240
393,"BMW 코리아, 순수 전기차 3종 출시...고객 선택폭 확 넓힌다",https://www.sedaily.com/NewsView/22Q82X42P9
394,"""환영해""..허각, 1억↑ 드림카 BMW X6 뽑았다",http://biz.heraldcorp.com/view.php?ud=202004301921014838429_1
395,BMW X6 어린이 보호 미비…28개 차종 3만3천여대 리콜,http://yna.kr/AKR20200427172800003?did=1195m
396,‘가장 완벽한 검은색’ 입은 BMW X6..내달 獨서 공개,http://www.dailycar.co.kr/content/news.html?type=view&autoId=34407
397,"[2019 IAA]화려한 복귀, BMW X6",http://autotimes.hankyung.com/apps/news.sub_view?popup=0&nid=07&c1=07&c2=07&c3=00&nkey=201909101508021
398,"[단독] ""화재 위험""…BMW서비스센터, EGR 쿨러 미조립 된 채 차량 출고?",http://www.wolyo.co.kr/news/articleView.html?idxno=120085
399,신형 BMW X6 M50i..523마력 괴물로 내년 등장,http://www.edaily.co.kr/news/newspath.asp?newsid=02748646622555176
400,BMW X6·쌍용차 체어맨 등 28개 차종 3만2951대 리콜,http://theviewers.co.kr/View.aspx?No=831126
401,‘가장 완벽한 검은색’ 입은 BMW X6..내달 獨서 공개,http://www.dailycar.co.kr/content/news.html?type=view&autoId=34407
402,"[2019 IAA]화려한 복귀, BMW X6",http://autotimes.hankyung.com/apps/news.sub_view?popup=0&nid=07&c1=07&c2=07&c3=00&nkey=201909101508021
403,"[단독] ""화재 위험""…BMW서비스센터, EGR 쿨러 미조립 된 채 차량 출고?",http://www.wolyo.co.kr/news/articleView.html?idxno=120085
404,BMW 벤츠 아우디 등 6개사 4만8797대 리콜…시동꺼짐 제동 밀림 현상 등,http://news.mk.co.kr/newsRead.php?no=825432&year=2021
405,신형 BMW X6 M50i..523마력 괴물로 내년 등장,http://www.edaily.co.kr/news/newspath.asp?newsid=02748646622555176
406,"BMW, 프랑크푸르트서 X6 등 신차 7종 공개..미래 비전 제시",http://www.dailycar.co.kr/content/news.html?type=view&autoId=34492
407,"BMW 코리아, 4∼5월 완판했던 ‘한정 에디션’… 6월에도 11종 출시",http://www.segyebiz.com/newsView/20210614512221?OutUrl=naver
408,"BMW, 얼굴 바꾼 3세대 'X6'…""더 커지고 넓어졌다""",http://www.edaily.co.kr/news/newspath.asp?newsid=01085686622551896
409,"BMW, 3세대 신형 X6 공개..쿠페형 SUV 특징은?",http://www.dailycar.co.kr/content/news.html?type=view&autoId=33777
410,신형 BMW X6 M50i..523마력 괴물로 내년 등장,http://www.edaily.co.kr/news/newspath.asp?newsid=02748646622555176
411,"BMW, 프랑크푸르트서 X6 등 신차 7종 공개..미래 비전 제시",http://www.dailycar.co.kr/content/news.html?type=view&autoId=34492
412,"BMW 코리아, 4∼5월 완판했던 ‘한정 에디션’… 6월에도 11종 출시",http://www.segyebiz.com/newsView/20210614512221?OutUrl=naver
413,"BMW, 얼굴 바꾼 3세대 'X6'…""더 커지고 넓어졌다""",http://www.edaily.co.kr/news/newspath.asp?newsid=01085686622551896
414,"BMW, 3세대 신형 X6 공개..쿠페형 SUV 특징은?",http://www.dailycar.co.kr/content/news.html?type=view&autoId=33777
415,"'8시리즈 닮았네?' BMW, 3세대 신형 'X6' 외관 공개...국내 하반기 출시",http://www.autodaily.co.kr/news/articleView.html?idxno=409751
416,"BMW X6 화재…BMW코리아 ""노후차량 관리 미숙 가능성""",http://www.wolyo.co.kr/news/articleView.html?idxno=90740
417,BMW X6 차량 주행 중 화재…엔진룸 불에 타,http://www.cstimes.com/?mod=news&act=articleView&idxno=312145
418,"차주 생명 위협하는 BMW, 잇따른 ‘주행 중 시동꺼짐’ 2년 째 원인 불명?…‘저 품질 연료’ 탓만",http://thepublic.kr/news/newsview.php?ncode=1065595159732349
419,"BMW, '뉴 X6' 완전변경 모델 출시",http://yna.kr/PYH20191217078000003?did=1196m
420,BMW X6 차량 주행 중 화재…엔진룸 불에 타,http://www.cstimes.com/?mod=news&act=articleView&idxno=312145
421,"BMW, 고성능 SUV X6 M 출시 계획..600마력 파워",http://www.dailycar.co.kr/content/news.html?type=view&autoId=33922
422,"차주 생명 위협하는 BMW, 잇따른 ‘주행 중 시동꺼짐’ 2년 째 원인 불명?…‘저 품질 연료’ 탓만",http://thepublic.kr/news/newsview.php?ncode=1065595159732349
423,"BMW, '뉴 X6' 완전변경 모델 출시",http://yna.kr/PYH20191217078000003?did=1196m
424,"허각 드림카, BMW X6 인증…출고가 억 단위 ""환영해, 1440번 생각할게”",http://www.etoday.co.kr/news/section/newsview.php?idxno=1890159
425,"BMW, 프랑크푸르트 모터쇼서 X6 등 신차 대거 공개",http://autotimes.hankyung.com/apps/news.sub_view?popup=0&nid=07&c1=07&c2=07&c3=00&nkey=201909051757331
426,1억원 넘는 BMW 리스해 매달 130만원 쏟아붓는 '월급 300만원' 25살 청년,https://www.insight.co.kr/news/341560
427,쿠페형 SUV 원조 BMW 뉴 'X6 실내 디자인 유출..연말 출시,http://www.edaily.co.kr/news/newspath.asp?newsid=02040166622489248
428,‘8시리즈 닮은?’ BMW X6 완전 공개…가격은?,http://www.thedrive.co.kr/news/newsview.php?ncode=1065598314205146
429,"BMW 신형 X6, 실내·주행모습 스파이샷 공개",http://www.thedrive.co.kr/news/newsview.php?ncode=1065590159657859
430,‘8시리즈 닮은?’ BMW X6 완전 공개…가격은?,http://www.thedrive.co.kr/news/newsview.php?ncode=1065598314205146
431,"BMW 신형 X6, 실내·주행모습 스파이샷 공개",http://www.thedrive.co.kr/news/newsview.php?ncode=1065590159657859
432,[자동차 단신] 세계 첫 스포츠 액티비티 쿠페 'X6' 외,http://www.segye.com/Articles/NEWS/ECONOMY/Article.asp?aid=20080627001780&subctg1=&subctg2=
433,"BMW, '불자동차' 공포 또 이어지나…용인서 달리던 'X6'서 불",http://www.edaily.co.kr/news/newspath.asp?newsid=01954886622682440
434,‘BMW 화재’ 이번엔 SUV X6…일주일새 수도권서만 6건 발생,http://www.busan.com/view/busan/view.php?code=2019110408463192525
435,"‘불차 오명’ BMW, 이번엔 바퀴 이탈…꺼지지 않는 품질 논란",https://www.dnews.co.kr/uhtml/view.jsp?idxno=202107051630232320599
436,'불차 BMW' 악몽 되살아나나…품질 결함 도마 위,https://www.dnews.co.kr/uhtml/view.jsp?idxno=202107051131336070438
437,"[영상]BMW X6, 쿠페형 SUV 원조의 귀환",http://autotimes.hankyung.com/apps/news.sub_view?popup=0&nid=08&c1=08&c2=08&c3=00&nkey=201912171121231
438,"겟차, 5월 수입차 최저가 정보...""재고소진 나선 BMW 1시리즈·구형 X6 추천""",http://www.fntimes.com/html/view.php?ud=2019052117203161517de3572ddd_18
439,둔촌사거리서 주행 중이던 BMW X6 엔진룸에 화재,http://www.gokorea.kr/news/articleView.html?idxno=321987
440,"[영상]BMW X6, 쿠페형 SUV 원조의 귀환",http://autotimes.hankyung.com/apps/news.sub_view?popup=0&nid=08&c1=08&c2=08&c3=00&nkey=201912171121231
441,용인 수지서 달리던 BMW X6 화재… 최근 수도권만 6번째,http://www.newsworks.co.kr/news/articleView.html?idxno=408098
442,"겟차, 5월 수입차 최저가 정보...""재고소진 나선 BMW 1시리즈·구형 X6 추천""",http://www.fntimes.com/html/view.php?ud=2019052117203161517de3572ddd_18
443,둔촌사거리서 주행 중이던 BMW X6 엔진룸에 화재,http://www.gokorea.kr/news/articleView.html?idxno=321987
444,"BMW, 벤츠 시동·계기판 꺼지고 볼보는 급발진 논란…끊임없는 외제차 결함",http://www.kdfnews.com/news/articleView.html?idxno=77166
445,"BMW코리아, 오늘 '뉴 X5' 등 온라인 한정판 모델 판매",https://www.asiatime.co.kr/article/20210525500013
446,"BMW 이번엔 ‘주행 중 시동꺼짐’, 한상윤 판매량 회복에 찬물 맞나",https://www.businesspost.co.kr/BP?command=article_view&num=237462
447,"BMW, 주행 중 돌연 엔진파손… BMW코리아 ""일상 중 발생할 수 있는 고장""",http://www.sisaweek.com/news/articleView.html?idxno=143763
448,BMW 연이은 결함... 이번엔 시동 꺼짐 발생,http://www.newsworker.co.kr/news/articleView.html?idxno=119103
449,고속도로 한복판서 시동 꺼진 BMW…차주들 '불안',http://www.smedaily.co.kr/news/articleView.html?idxno=206473
450,"BMW 이번엔 ‘주행 중 시동꺼짐’, 한상윤 판매량 회복에 찬물 맞나",https://www.businesspost.co.kr/BP?command=article_view&num=237462
451,"BMW, 주행 중 돌연 엔진파손… BMW코리아 ""일상 중 발생할 수 있는 고장""",http://www.sisaweek.com/news/articleView.html?idxno=143763
452,BMW 연이은 결함... 이번엔 시동 꺼짐 발생,http://www.newsworker.co.kr/news/articleView.html?idxno=119103
453,고속도로 한복판서 시동 꺼진 BMW…차주들 '불안',http://www.smedaily.co.kr/news/articleView.html?idxno=206473
454,"BMW코리아, 6월 온라인 한정 에디션 11종 출시…X5 M·X6 M 등",http://www.metroseoul.co.kr/article/20210614500350
455,"""고속도로 한복판서 시동 꺼져"" BMW 차주들 '불안'",http://yna.kr/AKR20210618140900004?did=1195m
456,"오토드림카, 수입차리스 'BMW520d·X6·X5 벤츠E클래스 아우디A6' 리스장기렌트 프로모션 특판",http://news.mtn.co.kr/newscenter/news_viewer.mtn?gidx=2018071814293635217
457,"5월 추천 ‘15% 이상 할인’ 수입차는…BMW ‘X6’ 8000만원대, ‘118d’ 3000만원대",http://www.electimes.com/article.php?aid=1558431571179436094
458,BMW 또 차량 화재…이번엔 'X6',http://www.asiatime.co.kr/news/articleView.html?idxno=262744
459,"'오토드림카' BMW 520d·X5·X6, 랜드로버, 재규어, 렉서스 수입차·장기렌트 리스 가격비교 프로모션",http://news.mtn.co.kr/newscenter/news_viewer.mtn?gidx=2018061210552695715
460,BMW 디젤 차량 일부 기종서 '시동 꺼짐' 현상… 차주들 '불안',http://www.getnews.co.kr/news/articleView.html?idxno=536122
461,'오토드림카' 수입차 리스 BMW 520d X5 X6 랜드로버 재규어 지프 리스 장기렌트카 가격비교 인기,http://www.gpkorea.com/news/articleView.html?idxno=41756
462,"오토드림카, 수입차 자동차리스 BMW 520d·X6·X5 디스커버리 장기렌트카 리스 프로모션 가격 인기",http://it.chosun.com/site/data/html_dir/2018/06/01/2018060101139.html
463,"BMW, 중국 내 X5·X6 가격 4~7% 인상 '미중 무역전쟁 여파'",http://www.newspim.com/news/view/20180730000445
464,용인 도로 달리던 BMW X6 차량서 불…인명피해 없어,https://www.hankyung.com/society/article/2019110414867
465,"[자동차 리콜] BMW 118d 등 20차종, 상부 타이밍 체인 관련",http://www.00news.co.kr/news/articleView.html?idxno=66125
466,"BMW, 3월 온라인 한정판 에디션 2종 출시…""전 세계 250대 한정""",http://www.bizwnews.com/news/articleView.html?idxno=23586
467,오토드림카 BMW 520d· X5·X6 수입차 리스 장기렌트 특가 할인 진행,http://www.betanews.net:8080/article/794773.html
468,"BMW 코리아, 3월 온라인 한정 에디션 2종 출시… 국내에는 각 15대씩 총 30대 한정 판매",http://kr.aving.net/news/view.php?articleId=1597905&Branch_ID=kr&rssid=naver&mn_name=news
469,"벤츠, 신형 ′GLE 쿠페′·′AMG GLE 53′ 공개..BMW X6와 경쟁",http://www.dailycar.co.kr/content/news.html?type=view&autoId=34391
470,"용인서 달리던 BMW X6 차량서 불…""엔진룸서 연기""",http://mbn.mk.co.kr/pages/news/newsView.php?category=mbn00009&news_seq_no=3975754
471,"[자동차 리콜] BMW 118d 등 20차종, 상부 타이밍 체인 관련",http://www.00news.co.kr/news/articleView.html?idxno=66125
472,"BMW, 3월 온라인 한정판 에디션 2종 출시…""전 세계 250대 한정""",http://www.bizwnews.com/news/articleView.html?idxno=23586
473,오토드림카 BMW 520d· X5·X6 수입차 리스 장기렌트 특가 할인 진행,http://www.betanews.net:8080/article/794773.html
474,"BMW 코리아, 3월 온라인 한정 에디션 2종 출시… 국내에는 각 15대씩 총 30대 한정 판매",http://kr.aving.net/news/view.php?articleId=1597905&Branch_ID=kr&rssid=naver&mn_name=news
475,"벤츠, 신형 ′GLE 쿠페′·′AMG GLE 53′ 공개..BMW X6와 경쟁",http://www.dailycar.co.kr/content/news.html?type=view&autoId=34391
476,"오토드림카 2018 BMW 3GT, X3, X5, X6 수입차 리스 장기렌트 인기",http://www.dt.co.kr/contents.html?article_no=2018020102109923809004&ref=naver
477,"오토드림카, 수입차리스 벤츠E클래스·BMW520d·X5·X6 리스장기렌트 프로모션 할인",http://www.gpkorea.com/news/articleView.html?idxno=41989
478,"리더스카, 2019 현대 제네시스G80 G70 G90 리스 BMW X3 X4 X5 X6 벤츠 개인 법인사업자 리스 장기렌트카 특판가격 인기",http://www.gpkorea.com/news/articleView.html?idxno=47402
479,"동성모터스, ‘뉴 X5 M·뉴 X6 M 런칭 고객 이벤트’ 실시",http://www.thedrive.co.kr/news/newsview.php?ncode=1065576373631690
480,"동성모터스, ‘뉴 X5 M·뉴 X6 M 런칭 고객 이벤트’ 실시",http://www.thedrive.co.kr/news/newsview.php?ncode=1065576373631690
481,"오토드림카, '벤츠E300·E220d·C220d, BMW X5·X6' 등 수입차 자동차리스 장기렌트 가격비교 할인 실시",http://news.mtn.co.kr/newscenter/news_viewer.mtn?gidx=2018122116402171947
482,"BMW중국, 샤프트 베어링 결함 'X5 X6' 시리즈 리콜…수입 자동차 8만6778대 대상",http://www.g-enews.com/ko-kr/news/article/news_all/201706121558321066d6eb469fd3_1/article.html
483,"BMW, X4·X6 한정판 SAC 에디션…각 450대 판매",http://www.dailian.co.kr/news/view/618138/?sc=naver
484,"""제로백 단 3.9초""···'M' 뱃지 단 '뉴X5·X6' 국내 상륙",https://www.sedaily.com/NewsView/1Z44JZXQEA
485,벤츠 GLS와 BMW X6 등 리콜,http://autotimes.hankyung.com/apps/news.sub_view?popup=0&nid=03&c1=03&c2=03&c3=00&nkey=201802140956031
486,"오토드림카, 장기렌트카 수입차리스 2018년 BMW 520d, X3, X5, X6 리스 인기",http://www.fsnews.co.kr/news/articleView.html?idxno=26093
487,"BMW X6 M50d, 짜릿하면서도 안전한 주행 성능 강점",http://www.sedaily.com/NewsView/1OASXVKSXE
488,[시승기] ‘태양을 품은 차’ BMW 뉴 X6 M50d 타보니,http://www.ajunews.com/view/20170103112016056
489,"[시승기] ""도로를 뒤집어 놓으셨다"" BMW X6 M, 극강의 주행퍼포먼스",http://www.newsprime.co.kr/news/article.html?no=359814
490,"BMW, X4·X6 한정판 SAC에디션 출시",http://www.newstomato.com/ReadNews.aspx?no=738111
491,"""제로백 단 3.9초""···'M' 뱃지 단 '뉴X5·X6' 국내 상륙",https://www.sedaily.com/NewsView/1Z44JZXQEA
492,벤츠 GLS와 BMW X6 등 리콜,http://autotimes.hankyung.com/apps/news.sub_view?popup=0&nid=03&c1=03&c2=03&c3=00&nkey=201802140956031
493,"오토드림카, 장기렌트카 수입차리스 2018년 BMW 520d, X3, X5, X6 리스 인기",http://www.fsnews.co.kr/news/articleView.html?idxno=26093
494,"BMW X6 M50d, 짜릿하면서도 안전한 주행 성능 강점",http://www.sedaily.com/NewsView/1OASXVKSXE
495,[시승기] ‘태양을 품은 차’ BMW 뉴 X6 M50d 타보니,http://www.ajunews.com/view/20170103112016056
496,"[시승기] ""도로를 뒤집어 놓으셨다"" BMW X6 M, 극강의 주행퍼포먼스",http://www.newsprime.co.kr/news/article.html?no=359814
497,"BMW 파이낸셜 서비스 코리아, X5·X6 대상 무이자 할부 혜택 제공",http://view.asiae.co.kr/news/view.htm?idxno=2016120510272265847
498,"[카닥터] 진짜 괴물, BMW X6 M",http://www.econovill.com/news/articleView.html?idxno=303360
499,"국토부, BMW X6ㆍ320dㆍ투리모스 등 2만1000여대 대거 리콜",http://www.newspim.com/news/view/20161124000301
