,title,url
0,"中 CATL, 美 배터리 공장설립 가속도…“포드·BMW와 협상중”",https://biz.chosun.com/international/international_general/2022/05/06/PCMJKMXEB5AUFI6ZXQFOGCET7M/?utm_source=naver&utm_medium=original&utm_campaign=biz
1,"BMW, '애플 카플레이·안드로이드 오토' 빠진 채 출고. ""반도체 공급난 심각""",http://www.autodaily.co.kr/news/articleView.html?idxno=433677
2,"CATL, 美에 공장 구축으로 BMW·포드에 배터리 납품한다",https://www.hellot.net/news/article.html?no=67956
3,"한국타이어, BMW 첫 순수전기차 i4 신차용 타이어 공급",https://www.yna.co.kr/view/AKR20220414052000003?did=1195m
4,"한국타이어, BMW ‘i4’에 신차용 타이어 공급",http://www.rpm9.com/news/article.html?id=20220415090027
5,"한국타이어, BMW 최초 순수전기 그란쿠페 ‘i4’에 신차용 타이어 공급",http://www.sportsworldi.com/newsView/20220416501030
6,"한국타이어, BMW 그란쿠페 ‘i4’ 신차용 타이어 공급",http://amenews.kr/news/view.php?idx=48475
7,콕 짚어 BMW 지목한 알파로메오..X5·7시리즈 경쟁차 만든다!,http://www.dailycar.co.kr/content/news.html?type=view&autoId=43869
8,"[車뷰] 현대차 ‘더 뉴 팰리세이드’?기아 ‘더 뉴 텔루라이드’?제네시스 ‘엑스 스피디움 쿠페’ 콘셉트 공개… 한국타이어, BMW i4에 탑재",http://theviewers.co.kr/View.aspx?No=2277481
9,억소리 나는 우주선 BMW iX[車~알칵],https://www.joongang.co.kr/article/25063028
10,볼보 ‘조용한 질주’… 4월 수입차 판매 3위,http://www.fnnews.com/news/202205081800572468
11,"내릴 때마다 ""아, 성공했구나""…'하차감 제왕' 벤츠S, '판매신화' 썼다 [왜몰랐을카]",http://news.mk.co.kr/newsRead.php?no=380110&year=2022
12,하이브리드는 역시 일본?... 독일차 홍수 속 눈에 띄는 '렉서스',https://economist.co.kr/2022/04/27/industry/normal/20220427135908034.html
13,"BMW, 中 전용 X5 롱 휠베이스 공개..X7 만큼 커진 중형 SUV",http://www.dailycar.co.kr/content/news.html?type=view&autoId=43212
14,"BMW, 한겨울 끄떡 없는 X5 수소차..연말 생산 돌입",http://m.dailycar.co.kr/content/news.html?type=view&autoId=43350
15,"BMW X5, F/L 모습 최초로 공개",http://www.thedrive.co.kr/news/newsview.php?ncode=1065604258474978
16,새 단장하는 BMW X5..과연 어떤 점 달라지나,http://www.dailycar.co.kr/content/news.html?type=view&autoId=42492
17,깔 게 없는데?…'돈값' 하는 BMW X5 M50i 직접 타보니[차알못시승기],http://news.mt.co.kr/mtview.php?no=2021122413574471317
18,"[시승]슈퍼 SUV의 정석, BMW X5 M 컴페티션",http://autotimes.hankyung.com/apps/news.sub_view?popup=0&nid=02&c1=02&c2=02&c3=00&nkey=202112162202521
19,"BMW, 中 겨냥 ‘X5 롱 휠베이스’ 출시..5M 길이 초과한 중형 SUV",http://www.dailycar.co.kr/content/news.html?type=view&autoId=41983
20,"[영상]오분타임즈 솔직히 과하게 빠름, BMW X5 M 컴페티션",http://autotimes.hankyung.com/apps/news.sub_view?popup=0&nid=12&c1=12&c2=12&c3=00&nkey=202112161648301
21,"국토부, BMW 'X5'·'X6', 지프 '랭글러', 아우디 'A8' 리콜",http://www.betanews.net:8080/article/1238329.html
22,"BMW X5 xDrive40d 등 2차종, 발전기+·-배선 고정단자 '제작결함'…리콜",http://www.idsn.co.kr/news/articleView.html?idxno=57984
23,"벤츠·BMW·테슬라·볼보, 지난해 매출 일제히 두 자릿수 비율로 증가",http://www.consumernews.co.kr/news/articleView.html?idxno=647218
24,아빠들의 슈퍼카… BMW X5 M50i [시승기],http://www.segye.com/content/html/2021/10/28/20211028506702.html?OutUrl=naver
25,"""역시 BMW""…하이브리드 SAV '뉴X5 xDrive45e'에 홀린 관객들",http://news.mt.co.kr/mtview.php?no=2021100616324777749
26,벤츠 'GLE' vs BMW 'X5' 승자는?… 프리미엄 SUV 시장서 '격돌',http://www.asiatoday.co.kr/view.php?key=20200518010009354
27,"벤츠-BMW, 2022년 1분기 실적차 99대 '박빙'",http://www.econovill.com/news/articleView.html?idxno=571128
28,"""E클래스가 살렸다"" 3월 8,769대 출고한 벤츠, BMW 단숨에 역전",http://www.autodaily.co.kr/news/articleView.html?idxno=432670
29,BMW 320d 등 '엔진 컨트롤 유닛' 결함…6028대 리콜,http://www.consumuch.com/news/articleView.html?idxno=54569
30,"심각한 반도체 수급난, 수입차 순위 1위 벤츠, 2위 테슬라...",http://www.mhns.co.kr/news/articleView.html?idxno=526039
31,"제네시스·BMW·기아, 삼성 갤럭시로 문 열고 시동 걸어",http://www.thedrive.co.kr/news/newsview.php?ncode=1065601920162586
32,"고가 법인차, 무슨 모델이 잘 팔렸나 봤더니…벤츠·BMW 인기",http://moneys.mt.co.kr/news/mwView.php?no=2022032517168089255
33,"3시리즈·X5 호조에 BMW코리아, 2개월 연속 수입차 판매 1위 차지",http://www.autodaily.co.kr/news/articleView.html?idxno=430704
34,"한국타이어, 'BMW 드라이빙센터' 8년 연속 타이어 독점 공급",http://www.efnews.co.kr/news/articleView.html?idxno=94952
35,"한국타이어, BMW드라이빙센터 시승차에 8년연속 타이어 독점공급",https://www.hankyung.com/economy/article/202203234202g
36,"'수입차 2월 위너' 벤츠, BMW는 1만대 고지 선점… 엎치락뒤치락 1위 쟁탈전",http://www.sisaweek.com/news/articleView.html?idxno=151520
37,[레알시승기]대형SUV의 아이콘 'BMW X5'…힘에선 따라올 자가 없다,https://www.nocutnews.co.kr/news/5306817
38,"BMW, X5 수소차 생산 임박..차명은 ‘iX5 하이드로젠’",http://www.dailycar.co.kr/content/news.html?type=view&autoId=40626
39,"""신차 수요 갈증 해소될까?"" 신차급 BMW 인증중고차 300여대 쏟아진다",http://www.autodaily.co.kr/news/articleView.html?idxno=431924
40,"'벤츠 겨우 꺾었는데'…BMW코리아, 잇단 화재·리콜에 '적신호'",http://www.sisaon.co.kr/news/articleView.html?idxno=137089
41,전기차 비켜! BMW 수소차 iX5 하이드로젠,http://www.thedrive.co.kr/news/newsview.php?ncode=1065590360940868
42,수입차 1분기 판매량 감소했지만 BMW·푸조는 선방...신차·전기차 효과 톡톡,http://www.consumernews.co.kr/news/articleView.html?idxno=647051
43,[신차 브리핑!]스포츠 액티비 비히클의 창시자 'BMW X5' 4세대는?,http://sports.hankooki.com/lpage/economy/201906/sp20190626150147136990.htm
44,"[영상] 말해 뭐해 X5 M인데, 게임 끝났지 뭐",http://autotimes.hankyung.com/apps/news.sub_view?popup=0&nid=12&c1=12&c2=12&c3=00&nkey=202112221653561
45,'올블랙' BMW X5 2022 블랙 버밀리온 출격,https://www.theguru.co.kr/news/article.html?no=23216
46,"벤츠, 수입차시장 1위 탈환…벤츠·BMW 1위 대결 '치열'",http://www.kukinews.com/newsView/kuk202203040147
47,"BMW 코리아, 1~2월 판매 1위…벤츠 2위",http://www.econovill.com/news/articleView.html?idxno=567487
48,충남 논산시 인근 호남고속도로서 BMW차량 화재...1억1300만 원 피해,http://www.newsfreezone.co.kr/news/articleView.html?idxno=364680
49,"BMW, 수입차 1위 탈환 비결은 '재고 관리'…'車 반도체 대란' 뚫을까",https://www.asiatoday.co.kr/view.php?key=20220220010010389
50,"BMW, X5 M·430i 컨버터블 등 한정 에디션 11종 출시",https://www.ebn.co.kr/news/view/1487598/?sc=Naver
51,"BMW, X5 등 주력모델 中서 파격 할인…한국 할인폭 축소",https://www.theguru.co.kr/news/article.html?no=22808
52,"피렐리, 세계 최초 FSC인증 친환경 타이어 생산. BMW X5 PHEV에 장착",http://www.autodaily.co.kr/news/articleView.html?idxno=427902
53,"BMW코리아, 뉴 X5·X6 xDrive40i M 온라인 모델 출시",http://www.fnnews.com/news/202105240946231827
54,AK-47 공격 막는 호주 경찰의 방탄 BMW X5,http://www.thedrive.co.kr/news/newsview.php?ncode=1065593565630239
55,"BMW, 올해 수입차 왕좌 탈환 가능할까",http://www.sisaweek.com/news/articleView.html?idxno=150874
56,"BMW, 수소차 X5 생산 향해 '일보 전진'…프로토타입 도로 주행 테스트 실시",http://apnews.kr/View.aspx?No=1822881
57,"'벤츠 세상'이라더니 또 혼쭐났다…'겹경사' BMW, 7년만에 1위 노린다[왜몰랐을카]",http://news.mk.co.kr/newsRead.php?no=111438&year=2022
58,1월 수입차 판매량 '뚝'…BMW 최다 판매 '1위',http://www.newspim.com/news/view/20220207000728
59,"'수소차 시장에 진출하나?' BMW, 내년 X5 FCEV 소량 양산",http://www.autodaily.co.kr/news/articleView.html?idxno=427496
60,"BMW ""내년 X5 기반 수소차 생산""…현대차 넥쏘 '대항마' 되나",https://www.theguru.co.kr/news/article.html?no=21449
61,"BMW, 5월 뉴 X5·X6 온라인 익스클루시브 2종 한정판매",http://www.newsis.com/view/?id=NISX20210524_0001450688&cID=13001&pID=13000
62,지난달 국내 신차 등록 13만387대…아반떼·BMW 5시리즈 '인기',http://moneys.mt.co.kr/news/mwView.php?no=2022020414528090964
63,"파파야나인 BMW X5 푸쉬카, 여름 특별할인 기획전 진행",http://www.discoverynews.kr/409440
64,[시승기] '부드러운 강함' BMW X5 40i,https://www.dnews.co.kr/uhtml/view.jsp?idxno=202104251526399940981
65,"어린이자동차 ‘파파야나인’, 2021년형 BMW X5 유아전동차 출시",http://thepublic.kr/news/newsview.php?ncode=1065591498832665
66,"파파야나인, '2021 BMW X5 유아전동차' 출시",http://www.gvalley.co.kr/news/articleView.html?idxno=578948
67,[자유로 연비] 340마력을 품은 BMW X5 xDrive40i M 스포츠 패키지의 자유로 연비는?,https://hankookilbo.com/News/Read/A2021041908000003826?did=NA
68,"파파야나인, 아기자동차의 완성 ‘2021 BMW X5 유아전동차’ 출시",http://www.globalepic.co.kr/view.php?ud=202104161333437094992c130dbe_29
69,기괴한 BMW X5 콘셉트에 Z4 인테리어 있어,http://www.thedrive.co.kr/news/newsview.php?ncode=1065601305760893
70,"[시승기]BMW 'X5 xDrive 30d', 겉은 근육질 '마초남' 속은 젠틀한 '신사'",http://www.sisaon.co.kr/news/articleView.html?idxno=49781
71,"BMW코리아, 13일 M3·M4·X5·X6 등 한정판 5종 온라인 판매",http://www.fntimes.com/html/view.php?ud=2021041216263940437de3572ddd_18
72,BMW X5 xDrive30d 시승기 - 선택할 수 밖에 없는 BMW의 매력적인 제안,http://autoin.edaily.co.kr/news/newspath.asp?newsid=01810566612845720
73,‘메이드 인 차이나’ 볼보·BMW “잘 팔리네”… 폴스타도 출격,https://biz.chosun.com/industry/car/2021/12/16/TXHFWBPBUVGE7FZLYWBKX4E32A/?utm_source=naver&utm_medium=original&utm_campaign=biz
74,고급차 시장 강자는 '제네시스'…벤츠·BMW에 압승,http://isplus.live.joins.com/news/article/article.asp?total_id=24190184
75,"BMW 코리아, 오늘 뉴 X5 M 온라인 한정 에디션 2종 출시",http://www.newsis.com/view/?id=NISX20210315_0001370262&cID=13001&pID=13000
76,"[신차열전] BMW 코리아, ‘뉴 X5 M’ 및 ‘뉴 X6 M’ 컴페티션 퍼스트 에디션 출시",https://www.dnews.co.kr/uhtml/view.jsp?idxno=202103151103561840126
77,"[시승]헬스보이가 깜짝 놀란 차, BMW X5 M50d",http://autotimes.hankyung.com/apps/news.sub_view?popup=0&nid=08&c1=08&c2=08&c3=00&nkey=201602162259321
78,"디젤차 배출가스 조작 제기된 'BMW X5', 美 EPA는 문제 없다고 조사 결과 밝혀",http://www.kbench.com/?q=node/158069
79,"파파야나인, 'BMW X5 푸쉬카' 여름 특별할인 프로모션 진행",http://www.nbntv.co.kr/news/articleView.html?idxno=929980
80,[이훈 기자의 시승車-‘BMW X5’] 남성 본능 깨우는 강력한 힘… SUV 진수 만끽,http://news.kmib.co.kr/article/view.asp?arcid=0923047080&code=14140000&cp=nv
81,[이훈 기자의 시승車] 남성 본능을 깨워주는 ‘BMW X5',http://news.kukinews.com/article/view.asp?arcid=0009375255&code=41141111&cp=nv
82,[라이벌 명차] 메르세데스-벤츠 'M-클래스' vs BMW 'X5',http://www.it.co.kr/news/article.html?no=2793066
83,"""무섭다, '묻지마 벤츠사랑'에 또다시 판매신화""…'뒤끝작렬' BMW ""두고보자"" [세상만車]",https://premium.mk.co.kr/view.php?no=31319
84,[신차와 역사]BMW 최초의 ‘SAV 개척자’ X5,http://www.khan.co.kr/kh_news/art_view.html?artid=201403061643402&code=920508
85,[시승기] 태백산 곡선주로에서도 완벽한 코너링…BMW X5 M50d의 '위엄',http://biz.chosun.com/site/data/html_dir/2014/01/13/2014011300410.html
86,"한국타이어, BMW X5 신차용 타이어 공급 확정",http://www.etnews.com/news/home_mobile/automobile/2877346_1485.html
87,"한국타이어, 프리미엄 시장 공략 박차…‘뉴제네시스·BMW X5’ OE 공급",http://sports.khan.co.kr/news/sk_index.html?cat=view&art_id=201311271253493&sec_id=563002&pt=nv
88,"BMW코리아, SAV 시초 3세대 '뉴 X5' 출시.. 9330만~1억3790만원",http://www.edaily.co.kr/news/newspath.asp?newsid=01807286603002768
89,"확바뀐 2014년형 BMW X5, 6천만원대 미국 출시가격 공개",http://www.edaily.co.kr/news/newspath.asp?newsid=03024166602845984
90,"‘보복운전’으로 사람 친 구본성, 아워홈 경영 복귀 시도하나",https://vop.co.kr/A00001612356.html
91,[시승기]SUV를 뛰어넘는 SAV 'BMW X5 30d',http://www.inews24.com/php/news_view.php?g_serial=703843&g_menu=022200&rrf=nv
92,"[시승기] BMW X5 xDrive 40i M 스포츠 패키지, 중대형 프리미엄SUV 최강자…근육질 몸매에 정숙함을 더했다",http://news.mk.co.kr/newsRead.php?no=70870&year=2021
93,"[시승기] '총알' 우샤인 볼트 탄 BMW 'X5'···""총알처럼 스타트""",http://www.hankyung.com/news/app/newsview.php?aid=201110073135g
94,"BMW 그룹, 중국 시장 적극 공략 나선다...""포기할 수 없는 필수 선택지""",http://www.onews.tv/news/articleView.html?idxno=103853
95,"똑똑한 4륜구동 갖춘 BMW 'X5', 눈길운전 이상무",http://www.moneytoday.co.kr/view/mtview.php?type=1&no=2010121411563257950&outlink=1
96,"[시승기]3년만에 출시된 BMW '뉴X5', 바뀐점은?",http://www.moneytoday.co.kr/view/mtview.php?type=1&no=2010072819111941045&outlink=1
97,"슈퍼 가솔린 SUV 'BMW X5', 유명산 오르다",http://kr.aving.net/news/view.php?articleId=161665&Branch_ID=kr&rssid=naver
98,"BMW, 더욱 강력해진 '뉴X5' 국내출시",http://www.moneytoday.co.kr/view/mtview.php?type=1&no=2010051909375592243&outlink=1
99,"[포토]넓어지고, 더 빨라진 3세대 'BMW X5'",http://autotimes.hankyung.com/apps/news.sub_view?popup=0&nid=03&c1=03&c2=03&c3=00&nkey=201311051647041
100,전기차 비켜! BMW 수소차 iX5 하이드로젠,http://www.thedrive.co.kr/news/newsview.php?ncode=1065590360940868
101,수입차 1분기 판매량 감소했지만 BMW·푸조는 선방...신차·전기차 효과 톡톡,http://www.consumernews.co.kr/news/articleView.html?idxno=647051
102,[신차 브리핑!]스포츠 액티비 비히클의 창시자 'BMW X5' 4세대는?,http://sports.hankooki.com/lpage/economy/201906/sp20190626150147136990.htm
103,"[영상] 말해 뭐해 X5 M인데, 게임 끝났지 뭐",http://autotimes.hankyung.com/apps/news.sub_view?popup=0&nid=12&c1=12&c2=12&c3=00&nkey=202112221653561
104,'올블랙' BMW X5 2022 블랙 버밀리온 출격,https://www.theguru.co.kr/news/article.html?no=23216
105,"벤츠, 수입차시장 1위 탈환…벤츠·BMW 1위 대결 '치열'",http://www.kukinews.com/newsView/kuk202203040147
106,"BMW 코리아, 1~2월 판매 1위…벤츠 2위",http://www.econovill.com/news/articleView.html?idxno=567487
107,충남 논산시 인근 호남고속도로서 BMW차량 화재...1억1300만 원 피해,http://www.newsfreezone.co.kr/news/articleView.html?idxno=364680
108,"BMW, 수입차 1위 탈환 비결은 '재고 관리'…'車 반도체 대란' 뚫을까",https://www.asiatoday.co.kr/view.php?key=20220220010010389
109,"BMW, X5 M·430i 컨버터블 등 한정 에디션 11종 출시",https://www.ebn.co.kr/news/view/1487598/?sc=Naver
110,"BMW, X5 등 주력모델 中서 파격 할인…한국 할인폭 축소",https://www.theguru.co.kr/news/article.html?no=22808
111,"BMW, X5·X6 M 등 온라인 한정판 11차종 출시..특징은?",http://www.dailycar.co.kr/content/news.html?type=view&autoId=39872
112,"피렐리, 세계 최초 FSC인증 친환경 타이어 생산. BMW X5 PHEV에 장착",http://www.autodaily.co.kr/news/articleView.html?idxno=427902
113,"BMW코리아, 뉴 X5·X6 xDrive40i M 온라인 모델 출시",http://www.fnnews.com/news/202105240946231827
114,AK-47 공격 막는 호주 경찰의 방탄 BMW X5,http://www.thedrive.co.kr/news/newsview.php?ncode=1065593565630239
115,"BMW, 올해 수입차 왕좌 탈환 가능할까",http://www.sisaweek.com/news/articleView.html?idxno=150874
116,"BMW, 수소차 X5 생산 향해 '일보 전진'…프로토타입 도로 주행 테스트 실시",http://apnews.kr/View.aspx?No=1822881
117,"'벤츠 세상'이라더니 또 혼쭐났다…'겹경사' BMW, 7년만에 1위 노린다[왜몰랐을카]",http://news.mk.co.kr/newsRead.php?no=111438&year=2022
118,1월 수입차 판매량 '뚝'…BMW 최다 판매 '1위',http://www.newspim.com/news/view/20220207000728
119,"'수소차 시장에 진출하나?' BMW, 내년 X5 FCEV 소량 양산",http://www.autodaily.co.kr/news/articleView.html?idxno=427496
120,"BMW, 뉴 X5·X6 온라인 익스클루시브 출시…1억 2470만원~",http://www.thedrive.co.kr/news/newsview.php?ncode=1065572899406888
121,AK-47 공격 막는 호주 경찰의 방탄 BMW X5,http://www.thedrive.co.kr/news/newsview.php?ncode=1065593565630239
122,"BMW, 올해 수입차 왕좌 탈환 가능할까",http://www.sisaweek.com/news/articleView.html?idxno=150874
123,"BMW, 수소차 X5 생산 향해 '일보 전진'…프로토타입 도로 주행 테스트 실시",http://apnews.kr/View.aspx?No=1822881
124,"'벤츠 세상'이라더니 또 혼쭐났다…'겹경사' BMW, 7년만에 1위 노린다[왜몰랐을카]",http://news.mk.co.kr/newsRead.php?no=111438&year=2022
125,1월 수입차 판매량 '뚝'…BMW 최다 판매 '1위',http://www.newspim.com/news/view/20220207000728
126,"'수소차 시장에 진출하나?' BMW, 내년 X5 FCEV 소량 양산",http://www.autodaily.co.kr/news/articleView.html?idxno=427496
127,"BMW ""내년 X5 기반 수소차 생산""…현대차 넥쏘 '대항마' 되나",https://www.theguru.co.kr/news/article.html?no=21449
128,"BMW, 5월 뉴 X5·X6 온라인 익스클루시브 2종 한정판매",http://www.newsis.com/view/?id=NISX20210524_0001450688&cID=13001&pID=13000
129,지난달 국내 신차 등록 13만387대…아반떼·BMW 5시리즈 '인기',http://moneys.mt.co.kr/news/mwView.php?no=2022020414528090964
130,1월 수입차 판매량 '뚝'…BMW 최다 판매 '1위',http://www.newspim.com/news/view/20220207000728
131,"'수소차 시장에 진출하나?' BMW, 내년 X5 FCEV 소량 양산",http://www.autodaily.co.kr/news/articleView.html?idxno=427496
132,"BMW ""내년 X5 기반 수소차 생산""…현대차 넥쏘 '대항마' 되나",https://www.theguru.co.kr/news/article.html?no=21449
133,"BMW, 5월 뉴 X5·X6 온라인 익스클루시브 2종 한정판매",http://www.newsis.com/view/?id=NISX20210524_0001450688&cID=13001&pID=13000
134,"BMW코리아, X5·X6 '온라인 익스클루시브' 모델 2종 출시",http://www.etnews.com/20210524000139
135,지난달 국내 신차 등록 13만387대…아반떼·BMW 5시리즈 '인기',http://moneys.mt.co.kr/news/mwView.php?no=2022020414528090964
136,"파파야나인 BMW X5 푸쉬카, 여름 특별할인 기획전 진행",http://www.discoverynews.kr/409440
137,[시승기] '부드러운 강함' BMW X5 40i,https://www.dnews.co.kr/uhtml/view.jsp?idxno=202104251526399940981
138,"어린이자동차 ‘파파야나인’, 2021년형 BMW X5 유아전동차 출시",http://thepublic.kr/news/newsview.php?ncode=1065591498832665
139,"파파야나인, '2021 BMW X5 유아전동차' 출시",http://www.gvalley.co.kr/news/articleView.html?idxno=578948
140,"어린이자동차 ‘파파야나인’, 2021년형 BMW X5 유아전동차 출시",http://thepublic.kr/news/newsview.php?ncode=1065591498832665
141,"BMW, 뉴 X5·X6 온라인 전용 모델 출시",https://biz.chosun.com/industry/car/2021/05/24/XDK3VDSBB5EMLN7MYL3XYHEJPQ/?utm_source=naver&utm_medium=original&utm_campaign=biz
142,"파파야나인, '2021 BMW X5 유아전동차' 출시",http://www.gvalley.co.kr/news/articleView.html?idxno=578948
143,[자유로 연비] 340마력을 품은 BMW X5 xDrive40i M 스포츠 패키지의 자유로 연비는?,https://hankookilbo.com/News/Read/A2021041908000003826?did=NA
144,"파파야나인, 아기자동차의 완성 ‘2021 BMW X5 유아전동차’ 출시",http://www.globalepic.co.kr/view.php?ud=202104161333437094992c130dbe_29
145,"BMW, X5 수소차 2022년 출시 계획..토요타와 협업",http://www.dailycar.co.kr/content/news.html?type=view&autoId=39618
146,기괴한 BMW X5 콘셉트에 Z4 인테리어 있어,http://www.thedrive.co.kr/news/newsview.php?ncode=1065601305760893
147,"[시승기]BMW 'X5 xDrive 30d', 겉은 근육질 '마초남' 속은 젠틀한 '신사'",http://www.sisaon.co.kr/news/articleView.html?idxno=49781
148,"BMW코리아, 13일 M3·M4·X5·X6 등 한정판 5종 온라인 판매",http://www.fntimes.com/html/view.php?ud=2021041216263940437de3572ddd_18
149,BMW X5 xDrive30d 시승기 - 선택할 수 밖에 없는 BMW의 매력적인 제안,http://autoin.edaily.co.kr/news/newspath.asp?newsid=01810566612845720
150,BMW X5 xDrive30d 시승기 - 선택할 수 밖에 없는 BMW의 매력적인 제안,http://autoin.edaily.co.kr/news/newspath.asp?newsid=01810566612845720
151,‘메이드 인 차이나’ 볼보·BMW “잘 팔리네”… 폴스타도 출격,https://biz.chosun.com/industry/car/2021/12/16/TXHFWBPBUVGE7FZLYWBKX4E32A/?utm_source=naver&utm_medium=original&utm_campaign=biz
152,고급차 시장 강자는 '제네시스'…벤츠·BMW에 압승,http://isplus.live.joins.com/news/article/article.asp?total_id=24190184
153,"BMW 코리아, 오늘 뉴 X5 M 온라인 한정 에디션 2종 출시",http://www.newsis.com/view/?id=NISX20210315_0001370262&cID=13001&pID=13000
154,"[신차열전] BMW 코리아, ‘뉴 X5 M’ 및 ‘뉴 X6 M’ 컴페티션 퍼스트 에디션 출시",https://www.dnews.co.kr/uhtml/view.jsp?idxno=202103151103561840126
155,"[시승]헬스보이가 깜짝 놀란 차, BMW X5 M50d",http://autotimes.hankyung.com/apps/news.sub_view?popup=0&nid=08&c1=08&c2=08&c3=00&nkey=201602162259321
156,"디젤차 배출가스 조작 제기된 'BMW X5', 美 EPA는 문제 없다고 조사 결과 밝혀",http://www.kbench.com/?q=node/158069
157,"파파야나인, 'BMW X5 푸쉬카' 여름 특별할인 프로모션 진행",http://www.nbntv.co.kr/news/articleView.html?idxno=929980
158,"파파야나인 BMW X5 푸쉬카, 여름 특별 프로모션 진행",http://www.globalepic.co.kr/view.php?ud=2021062115575616036cf2d78c68_29
159,[이훈 기자의 시승車-‘BMW X5’] 남성 본능 깨우는 강력한 힘… SUV 진수 만끽,http://news.kmib.co.kr/article/view.asp?arcid=0923047080&code=14140000&cp=nv
160,"BMW, '뉴X5·뉴X6 컴페티션 퍼스트 에디션' 15대씩 온라인 한정 판매",https://www.news1.kr/articles/?4240784
161,"[시승]헬스보이가 깜짝 놀란 차, BMW X5 M50d",http://autotimes.hankyung.com/apps/news.sub_view?popup=0&nid=08&c1=08&c2=08&c3=00&nkey=201602162259321
162,"디젤차 배출가스 조작 제기된 'BMW X5', 美 EPA는 문제 없다고 조사 결과 밝혀",http://www.kbench.com/?q=node/158069
163,"파파야나인, 'BMW X5 푸쉬카' 여름 특별할인 프로모션 진행",http://www.nbntv.co.kr/news/articleView.html?idxno=929980
164,"파파야나인 BMW X5 푸쉬카, 여름 특별 프로모션 진행",http://www.globalepic.co.kr/view.php?ud=2021062115575616036cf2d78c68_29
165,[이훈 기자의 시승車-‘BMW X5’] 남성 본능 깨우는 강력한 힘… SUV 진수 만끽,http://news.kmib.co.kr/article/view.asp?arcid=0923047080&code=14140000&cp=nv
166,[이훈 기자의 시승車] 남성 본능을 깨워주는 ‘BMW X5',http://news.kukinews.com/article/view.asp?arcid=0009375255&code=41141111&cp=nv
167,[라이벌 명차] 메르세데스-벤츠 'M-클래스' vs BMW 'X5',http://www.it.co.kr/news/article.html?no=2793066
168,"""무섭다, '묻지마 벤츠사랑'에 또다시 판매신화""…'뒤끝작렬' BMW ""두고보자"" [세상만車]",https://premium.mk.co.kr/view.php?no=31319
169,[신차와 역사]BMW 최초의 ‘SAV 개척자’ X5,http://www.khan.co.kr/kh_news/art_view.html?artid=201403061643402&code=920508
170,"디젤차 배출가스 조작 제기된 'BMW X5', 美 EPA는 문제 없다고 조사 결과 밝혀",http://www.kbench.com/?q=node/158069
171,"파파야나인, 'BMW X5 푸쉬카' 여름 특별할인 프로모션 진행",http://www.nbntv.co.kr/news/articleView.html?idxno=929980
172,"파파야나인 BMW X5 푸쉬카, 여름 특별 프로모션 진행",http://www.globalepic.co.kr/view.php?ud=2021062115575616036cf2d78c68_29
173,[이훈 기자의 시승車-‘BMW X5’] 남성 본능 깨우는 강력한 힘… SUV 진수 만끽,http://news.kmib.co.kr/article/view.asp?arcid=0923047080&code=14140000&cp=nv
174,[이훈 기자의 시승車] 남성 본능을 깨워주는 ‘BMW X5',http://news.kukinews.com/article/view.asp?arcid=0009375255&code=41141111&cp=nv
175,[라이벌 명차] 메르세데스-벤츠 'M-클래스' vs BMW 'X5',http://www.it.co.kr/news/article.html?no=2793066
176,"""무섭다, '묻지마 벤츠사랑'에 또다시 판매신화""…'뒤끝작렬' BMW ""두고보자"" [세상만車]",https://premium.mk.co.kr/view.php?no=31319
177,[신차와 역사]BMW 최초의 ‘SAV 개척자’ X5,http://www.khan.co.kr/kh_news/art_view.html?artid=201403061643402&code=920508
178,[시승기] 태백산 곡선주로에서도 완벽한 코너링…BMW X5 M50d의 '위엄',http://biz.chosun.com/site/data/html_dir/2014/01/13/2014011300410.html
179,"한국타이어, BMW X5 신차용 타이어 공급 확정",http://www.etnews.com/news/home_mobile/automobile/2877346_1485.html
180,"한국타이어, 프리미엄 시장 공략 박차…‘뉴제네시스·BMW X5’ OE 공급",http://sports.khan.co.kr/news/sk_index.html?cat=view&art_id=201311271253493&sec_id=563002&pt=nv
181,"BMW코리아, SAV 시초 3세대 '뉴 X5' 출시.. 9330만~1억3790만원",http://www.edaily.co.kr/news/newspath.asp?newsid=01807286603002768
182,"확바뀐 2014년형 BMW X5, 6천만원대 미국 출시가격 공개",http://www.edaily.co.kr/news/newspath.asp?newsid=03024166602845984
183,"‘보복운전’으로 사람 친 구본성, 아워홈 경영 복귀 시도하나",https://vop.co.kr/A00001612356.html
184,[시승기]SUV를 뛰어넘는 SAV 'BMW X5 30d',http://www.inews24.com/php/news_view.php?g_serial=703843&g_menu=022200&rrf=nv
185,BMW '뉴 X5' '뉴 X6' 한정 판매… 16일 각각 15대씩,http://biz.newdaily.co.kr/site/data/html/2021/03/15/2021031500186.html
186,"[시승기] BMW X5 xDrive 40i M 스포츠 패키지, 중대형 프리미엄SUV 최강자…근육질 몸매에 정숙함을 더했다",http://news.mk.co.kr/newsRead.php?no=70870&year=2021
187,"[시승기] '총알' 우샤인 볼트 탄 BMW 'X5'···""총알처럼 스타트""",http://www.hankyung.com/news/app/newsview.php?aid=201110073135g
188,"BMW 그룹, 중국 시장 적극 공략 나선다...""포기할 수 없는 필수 선택지""",http://www.onews.tv/news/articleView.html?idxno=103853
189,"똑똑한 4륜구동 갖춘 BMW 'X5', 눈길운전 이상무",http://www.moneytoday.co.kr/view/mtview.php?type=1&no=2010121411563257950&outlink=1
190,"BMW 그룹, 중국 시장 적극 공략 나선다...""포기할 수 없는 필수 선택지""",http://www.onews.tv/news/articleView.html?idxno=103853
191,"똑똑한 4륜구동 갖춘 BMW 'X5', 눈길운전 이상무",http://www.moneytoday.co.kr/view/mtview.php?type=1&no=2010121411563257950&outlink=1
192,"[시승기]3년만에 출시된 BMW '뉴X5', 바뀐점은?",http://www.moneytoday.co.kr/view/mtview.php?type=1&no=2010072819111941045&outlink=1
193,"슈퍼 가솔린 SUV 'BMW X5', 유명산 오르다",http://kr.aving.net/news/view.php?articleId=161665&Branch_ID=kr&rssid=naver
194,"한국타이어, BMW에 'X5' 신차용 타이어 공급",http://www.etoday.co.kr/news/section/newsview.php?idxno=828180
195,"BMW, 더욱 강력해진 '뉴X5' 국내출시",http://www.moneytoday.co.kr/view/mtview.php?type=1&no=2010051909375592243&outlink=1
196,"[포토]넓어지고, 더 빨라진 3세대 'BMW X5'",http://autotimes.hankyung.com/apps/news.sub_view?popup=0&nid=03&c1=03&c2=03&c3=00&nkey=201311051647041
197,[사진]BMW 'X5' 사고로 형체를 알 수 없네,http://www.moneytoday.co.kr/view/mtview.php?type=1&no=2011030116292555811&outlink=1
198,"BMW X5를 기반으로 한 824마력 튜닝카, 만하트 MHX5 800",https://hankookilbo.com/News/Read/A2021021108170000137?did=NA
199,"제네시스 GV80 vs BMW X5, 해외 평가는?",http://www.thedrive.co.kr/news/newsview.php?ncode=1065587836244054
200,[사진]정면 충돌로 크게 부서진 BMW 'X5',http://www.moneytoday.co.kr/view/mtview.php?type=1&no=2011030116293060585&outlink=1
201,"BMW X5를 기반으로 한 824마력 튜닝카, 만하트 MHX5 800",https://hankookilbo.com/News/Read/A2021021108170000137?did=NA
202,"제네시스 GV80 vs BMW X5, 해외 평가는?",http://www.thedrive.co.kr/news/newsview.php?ncode=1065587836244054
203,평택 주행하던 BMW X5 승용차에 불…인명피해 없어,http://www.kyeonggi.com/news/articleView.html?idxno=2356171
204,"[시승기]볼보 XC90 B6 ""참 편하고 좋은차""(벤츠 GLE, BMW X5랑 비교했어요)",http://www.mediapen.com/news/view/622154
205,"BMW코리아, 'X5' 페이스리프트 모델 국내출시",https://news.naver.com/main/read.naver?mode=LSD&mid=sec&sid1=101&oid=008&aid=0000373982
206,평택서 주행하던 BMW X5 승용차에 불…인명피해 없어,http://yna.kr/AKR20210402146900061?did=1195m
207,"BMW, 순수 전기차 ‘더 iX’·‘뉴 iX3’ 출시",http://www.segye.com/content/html/2021/11/22/20211122514251.html?OutUrl=naver
208,"‘한 달새 3건’ 화력 여전한 BMW, 전기차 출시 앞두고 또다시 화재…한상윤 대표 리더십 시험대 오르나",http://thepublic.kr/news/newsview.php?ncode=1065589916788478
209,BMW 미국서 시동 꺼진 상황에서 화재,http://www.g-enews.com/ko-kr/news/article/news_all/2021112010435956542bb03d9507_1/article.html
210,"‘한 달새 3건’ 화력 여전한 BMW, 전기차 출시 앞두고 또다시 화재…한상윤 대표 리더십 시험대 오르나",http://thepublic.kr/news/newsview.php?ncode=1065589916788478
211,BMW 미국서 시동 꺼진 상황에서 화재,http://www.g-enews.com/ko-kr/news/article/news_all/2021112010435956542bb03d9507_1/article.html
212,"BMW, 헤드업디스플레이. 하만카돈오디오 이어 터치스크린도 뺀다.",http://www.autodaily.co.kr/news/articleView.html?idxno=430305
213,[시승기] 급이 다른 BMW 'iX xDrive40' 럭셔리 전기차의 시작!,http://www.gpkorea.com/news/articleView.html?idxno=80563
214,"BMW, 신제품「X5」에「플렉스레이」채용","http://www.zdnet.co.kr/news/enterprise/etc/0,39031164,39153095,00.htm"
215,"BMW, 플러그인 하이브리드 '콘셉트 XM' 공개",http://www.g-enews.com/ko-kr/news/article/news_all/20211130141545235f67c3fc824_1/article.html
216,"[시승기]BMW iX, 럭셔리 순수 전기차…‘7년 기다린 보람 있네’",http://www.newsway.co.kr/news/view?tp=1&ud=2021112913185306353
217,[시승기] 절정으로 치닫은 가솔린 8기통..BMW X5 M50i,http://www.dailycar.co.kr/content/news.html?type=view&autoId=38101
218,평택서 BMW X5 주행중 불…인명피해 없어,https://www.news1.kr/articles/?4262605
219,"[시승기]BMW X5, 준대형 SUV 최강자 ""단점이 없다""",http://www.mediapen.com/news/view/589360
220,"[민기자의 '드라이빙'] BMW 플래그십 전기차 iX, 아쉬운 점이 더 많다",http://www.sisaweek.com/news/curationView.html?idxno=149021
221,"[신차 브리핑!]BMW 코리아 ""신형 순수전기 모델 iX 및 iX3 출시""",https://sports.hankooki.com/lpage/economy/202111/sp20211124161016136990.htm?s_ref=nv
222,"""포르쉐, 벤츠 게 섰거라"" 럭셔리 전기차 시장 포문 여는 BMW 'ix'",https://www.news1.kr/articles/?4501770
223,"BMW코리아, i시리즈에 X까지 달았다...전기차만으로 풀 라인업",http://www.osen.co.kr/article/G1111698766
224,"[시승기]폭스바겐 투아렉, 벤츠 GLE·BMW X5·아우디 Q7과 비교결과는?",http://www.mediapen.com/news/view/611297
225,테슬라 압도할 BMW 차세대 전기차 iX와 iX3 출시. i4는 내년부터 판매,http://www.autodaily.co.kr/news/articleView.html?idxno=430498
226,BMW코리아 X5 등 23개 차종 1만233대 리콜,https://www.asiatime.co.kr/news/newsview.php?ncode=1065571786076848
227,"부분변경 준비 중인 BMW X5, 외유내강(外柔內剛) 변화 예고",http://www.dailycar.co.kr/content/news.html?type=view&autoId=38183
228,"국토부, BMW X5·현대차 코나 등 총 8만대 리콜",http://www.wolyo.co.kr/news/articleView.html?idxno=112858
229,"[자동차 특집⑧] BMW X5 ""차박 위한 '한 뼘' 디테일, 주행 성능도 완벽""",http://www.g-enews.com/ko-kr/news/article/news_all/20201026104327741383a046ffa0_1/article.html
230,테슬라 압도할 BMW 차세대 전기차 iX와 iX3 출시. i4는 내년부터 판매,http://www.autodaily.co.kr/news/articleView.html?idxno=430498
231,BMW코리아 X5 등 23개 차종 1만233대 리콜,https://www.asiatime.co.kr/news/newsview.php?ncode=1065571786076848
232,"부분변경 준비 중인 BMW X5, 외유내강(外柔內剛) 변화 예고",http://www.dailycar.co.kr/content/news.html?type=view&autoId=38183
233,"국토부, BMW X5·현대차 코나 등 총 8만대 리콜",http://www.wolyo.co.kr/news/articleView.html?idxno=112858
234,"[자동차 특집⑧] BMW X5 ""차박 위한 '한 뼘' 디테일, 주행 성능도 완벽""",http://www.g-enews.com/ko-kr/news/article/news_all/20201026104327741383a046ffa0_1/article.html
235,BMW X5·지프 랭글러 등 6개사 1만233대 리콜,http://www.newsis.com/view/?id=NISX20201028_0001214208&cID=10401&pID=10400
236,"[시승기] 국내 첫 출시된 BMW X5 M50i, 육중한 차체에 민첩한 주행성능 '반전 매력'",https://biz.chosun.com/site/data/html_dir/2020/10/20/2020102002741.html?utm_source=naver&utm_medium=original&utm_campaign=biz
237,"BMW코리아, 17대 한정판 'X7 M50i 프로즌 블랙 에디션' 1.7억 출시",http://www.gpkorea.com/news/articleView.html?idxno=78863
238,기대감 높이는 BMW SUV 전기차…'게임체인저' 될까?,http://www.mediapen.com/news/view/668330
239,SUV만큼 넉넉한 공간에 경제성도 갖춘 왜건,http://www.busan.com/view/busan/view.php?code=2022050318564131127
240,"BMW코리아, 순수전기 SUV 모델 'iX·iX3' 공식 출시…주행 거리는?",http://news.mk.co.kr/newsRead.php?no=1088195&year=2021
241,"부분변경 준비 중인 BMW X5, 외유내강(外柔內剛) 변화 예고",http://www.dailycar.co.kr/content/news.html?type=view&autoId=38183
242,"국토부, BMW X5·현대차 코나 등 총 8만대 리콜",http://www.wolyo.co.kr/news/articleView.html?idxno=112858
243,"[자동차 특집⑧] BMW X5 ""차박 위한 '한 뼘' 디테일, 주행 성능도 완벽""",http://www.g-enews.com/ko-kr/news/article/news_all/20201026104327741383a046ffa0_1/article.html
244,BMW X5·지프 랭글러 등 6개사 1만233대 리콜,http://www.newsis.com/view/?id=NISX20201028_0001214208&cID=10401&pID=10400
245,"[시승기] 국내 첫 출시된 BMW X5 M50i, 육중한 차체에 민첩한 주행성능 '반전 매력'",https://biz.chosun.com/site/data/html_dir/2020/10/20/2020102002741.html?utm_source=naver&utm_medium=original&utm_campaign=biz
246,"BMW코리아, 17대 한정판 'X7 M50i 프로즌 블랙 에디션' 1.7억 출시",http://www.gpkorea.com/news/articleView.html?idxno=78863
247,기대감 높이는 BMW SUV 전기차…'게임체인저' 될까?,http://www.mediapen.com/news/view/668330
248,SUV만큼 넉넉한 공간에 경제성도 갖춘 왜건,http://www.busan.com/view/busan/view.php?code=2022050318564131127
249,[제네시스 성공 방정식①]정의선의 꿈 '제네시스'···'글로벌 名車'가 되다,http://www.newsway.co.kr/news/view?tp=1&ud=2022042322054281036
250,"BMW코리아, 17대 한정판 'X7 M50i 프로즌 블랙 에디션' 1.7억 출시",http://www.gpkorea.com/news/articleView.html?idxno=78863
251,기대감 높이는 BMW SUV 전기차…'게임체인저' 될까?,http://www.mediapen.com/news/view/668330
252,SUV만큼 넉넉한 공간에 경제성도 갖춘 왜건,http://www.busan.com/view/busan/view.php?code=2022050318564131127
253,[제네시스 성공 방정식①]정의선의 꿈 '제네시스'···'글로벌 名車'가 되다,http://www.newsway.co.kr/news/view?tp=1&ud=2022042322054281036
254,BMW '불자동차 불씨' 여전...한 달 사이 3대 '전소',http://www.pinpointnews.co.kr/view.php?ud=2021111116035947755d46bea725_45
255,[포토]BMW SUV '전기차 iX'…X5 대체할 차세대 전기차,http://www.mediapen.com/news/view/575190
256,'BMW X5' 리콜 실시,http://www.joseilbo.com/news/news_read.php?uid=107463&class=1
257,"[최기성의 허브車]“벤츠, 이젠 좀 아프냐”…설움 한방에 떨쳐낸 BMW 아우디",https://www.mk.co.kr/opinion/columnists/view/2021/11/1057652/
258,"[시승기]BMW X7, '최고의 SUV' 평가받는 이유는?",http://www.mediapen.com/news/view/676541
259,"BMW, 화재 위험에 글로벌 103만대 리콜… 1·3·5시리즈, SUV X3·X5 등 대상",http://moneys.mt.co.kr/news/mwView.php?no=2022031611158098916
260,"BMW, 화재 위험에 글로벌 103만대 리콜… 1·3·5시리즈, SUV X3·X5 등 대상",http://moneys.mt.co.kr/news/mwView.php?no=2022031611158098916
261,화난다고 달리는 BMW X5 부순 10대 사이클리스트 [영상],http://www.thedrive.co.kr/news/newsview.php?ncode=1065571601856872
262,BMW X5·지프 랭글러 등 23개 차종 1만233대 리콜,http://news.tf.co.kr/read/economy/1821245.htm
263,반도체 수급난에 10월 수입차 22.6% 감소…BMW 1위 탈환,http://www.fnnews.com/news/202111031529532120
264,"BMW, 국내 처음으로 X5 M50i 및 X6 M50i 모델 출시",http://www.newsian.co.kr/news/articleView.html?idxno=42928
265,"BMW 코리아, 25주년 한정 3종 출시…X5 M50i·X6 M50i 100km/h까지 4.3초",https://www.ebn.co.kr/news/view/1447803/?sc=Naver
266,"BMW, PHEV 라인업 다양화한다! X5 xDrive45e 출시",http://www.edaily.co.kr/news/newspath.asp?newsid=02719126625866008
267,쿼드터보와 작별하는 BMW..마지막 주인공은 X5·X7,http://www.dailycar.co.kr/content/news.html?type=view&autoId=37263
268,"BMW 코리아, 플러그인 하이브리드 SAV 뉴 X5 xDrive45e 출시",http://www.gukjenews.com/news/articleView.html?idxno=2048799
269,"BMW코리아, 뉴 X5 x드라이브45e 출시… 고성능 친환경 SAV",https://www.donga.com/news/article/all/20200803/102273422/2
270,"BMW코리아, 25주년 한정판 `X5·X6 M50i` 출시…""망설이면 품절""",http://news.mk.co.kr/newsRead.php?no=868619&year=2020
271,"BMW, PHEV 라인업 다양화한다! X5 xDrive45e 출시",http://www.edaily.co.kr/news/newspath.asp?newsid=02719126625866008
272,쿼드터보와 작별하는 BMW..마지막 주인공은 X5·X7,http://www.dailycar.co.kr/content/news.html?type=view&autoId=37263
273,"BMW 코리아, 플러그인 하이브리드 SAV 뉴 X5 xDrive45e 출시",http://www.gukjenews.com/news/articleView.html?idxno=2048799
274,"BMW코리아, 뉴 X5 x드라이브45e 출시… 고성능 친환경 SAV",https://www.donga.com/news/article/all/20200803/102273422/2
275,전기차와 내연기관의 장점만 담은 'BMW 뉴 X5 xDrive45e' 출시,http://www.sportsseoul.com/news/read/942597?ref=naver
276,BMW X5-아우디 A8 등 리콜...이미 수리한 경우라면? [모터그램],http://www.sisunnews.co.kr/news/articleView.html?idxno=132654
277,"1년 탄 BMW 620D GT, 엔진 내부 손상으로 주행 중 '시동 꺼짐'",http://www.wolyo.co.kr/news/articleView.html?idxno=124416
278,"BMW, 무책임에 부도덕까지...화재 사건 의도적 시간 끌기 '의혹'",http://www.pinpointnews.co.kr/view.php?ud=2021102210582189405d46bea725_45
279,"BMW 6개 차종, 고전압 배터리 셀 제작결함 '리콜'",http://www.koreastocknews.com/news/articleView.html?idxno=67562
280,"BMW코리아, 뉴 X5 x드라이브45e 출시… 고성능 친환경 SAV",https://www.donga.com/news/article/all/20200803/102273422/2
281,전기차와 내연기관의 장점만 담은 'BMW 뉴 X5 xDrive45e' 출시,http://www.sportsseoul.com/news/read/942597?ref=naver
282,"BMW코리아, X5 M50·X6 M50·M340i 스페셜 에디션 3종 출시",http://www.gpkorea.com/news/articleView.html?idxno=66805
283,BMW X5-아우디 A8 등 리콜...이미 수리한 경우라면? [모터그램],http://www.sisunnews.co.kr/news/articleView.html?idxno=132654
284,"1년 탄 BMW 620D GT, 엔진 내부 손상으로 주행 중 '시동 꺼짐'",http://www.wolyo.co.kr/news/articleView.html?idxno=124416
285,"BMW, 무책임에 부도덕까지...화재 사건 의도적 시간 끌기 '의혹'",http://www.pinpointnews.co.kr/view.php?ud=2021102210582189405d46bea725_45
286,"BMW 6개 차종, 고전압 배터리 셀 제작결함 '리콜'",http://www.koreastocknews.com/news/articleView.html?idxno=67562
287,"BMW 동성모터스, 뉴 X5 M 및 뉴 X6 M 전격 공개",http://www.ksilbo.co.kr/news/articleView.html?idxno=767429
288,"BMW 동성모터스, '뉴 X5 M·뉴 X6 M 런칭 고객 이벤트' 실시",http://www.newscj.com/news/articleView.html?idxno=758445
289,"BMW, X5 PHEV 출시임박…전기로만 '54km' 간다",http://www.mediapen.com/news/view/540235
290,BMW 뉴X5 xDrive45e출시···1억1230만원~,http://www.newsway.co.kr/news/view?tp=1&ud=2020080314171411679
291,"BMW코리아, X5 M50·X6 M50·M340i 스페셜 에디션 3종 출시",http://www.gpkorea.com/news/articleView.html?idxno=66805
292,BMW X5-아우디 A8 등 리콜...이미 수리한 경우라면? [모터그램],http://www.sisunnews.co.kr/news/articleView.html?idxno=132654
293,"1년 탄 BMW 620D GT, 엔진 내부 손상으로 주행 중 '시동 꺼짐'",http://www.wolyo.co.kr/news/articleView.html?idxno=124416
294,"BMW, 무책임에 부도덕까지...화재 사건 의도적 시간 끌기 '의혹'",http://www.pinpointnews.co.kr/view.php?ud=2021102210582189405d46bea725_45
295,"BMW 6개 차종, 고전압 배터리 셀 제작결함 '리콜'",http://www.koreastocknews.com/news/articleView.html?idxno=67562
296,"BMW 동성모터스, 뉴 X5 M 및 뉴 X6 M 전격 공개",http://www.ksilbo.co.kr/news/articleView.html?idxno=767429
297,"BMW 동성모터스, '뉴 X5 M·뉴 X6 M 런칭 고객 이벤트' 실시",http://www.newscj.com/news/articleView.html?idxno=758445
298,"BMW, X5 PHEV 출시임박…전기로만 '54km' 간다",http://www.mediapen.com/news/view/540235
299,"[이주의 차] ""전기로 최대 54km""…BMW, '뉴 X5 x드라이브45e' 출시",http://isplus.live.joins.com/news/article/article.asp?total_id=23842254
300,전기로 54km 가는 BMW PHEV X5…1억1230만원부터,https://www.hankyung.com/economy/article/202008036026g
301,"BMW코리아, X5 M50·X6 M50·M340i 스페셜 에디션 3종 출시",http://www.gpkorea.com/news/articleView.html?idxno=66805
302,BMW X5-아우디 A8 등 리콜...이미 수리한 경우라면? [모터그램],http://www.sisunnews.co.kr/news/articleView.html?idxno=132654
303,"1년 탄 BMW 620D GT, 엔진 내부 손상으로 주행 중 '시동 꺼짐'",http://www.wolyo.co.kr/news/articleView.html?idxno=124416
304,"BMW, 무책임에 부도덕까지...화재 사건 의도적 시간 끌기 '의혹'",http://www.pinpointnews.co.kr/view.php?ud=2021102210582189405d46bea725_45
305,"BMW 6개 차종, 고전압 배터리 셀 제작결함 '리콜'",http://www.koreastocknews.com/news/articleView.html?idxno=67562
306,"BMW 동성모터스, 뉴 X5 M 및 뉴 X6 M 전격 공개",http://www.ksilbo.co.kr/news/articleView.html?idxno=767429
307,"BMW 동성모터스, '뉴 X5 M·뉴 X6 M 런칭 고객 이벤트' 실시",http://www.newscj.com/news/articleView.html?idxno=758445
308,"BMW, X5 PHEV 출시임박…전기로만 '54km' 간다",http://www.mediapen.com/news/view/540235
309,"[이주의 차] ""전기로 최대 54km""…BMW, '뉴 X5 x드라이브45e' 출시",http://isplus.live.joins.com/news/article/article.asp?total_id=23842254
310,BMW X5·지프 랭글러 등 1만233대 제작결함 리콜,http://www.newspim.com/news/view/20201028001553
311,"1년 탄 BMW 620D GT, 엔진 내부 손상으로 주행 중 '시동 꺼짐'",http://www.wolyo.co.kr/news/articleView.html?idxno=124416
312,"BMW, 무책임에 부도덕까지...화재 사건 의도적 시간 끌기 '의혹'",http://www.pinpointnews.co.kr/view.php?ud=2021102210582189405d46bea725_45
313,"BMW 6개 차종, 고전압 배터리 셀 제작결함 '리콜'",http://www.koreastocknews.com/news/articleView.html?idxno=67562
314,"BMW, X5 xDrive45e 출시..플러그인 하이브리드 품은 SAV",http://www.dailycar.co.kr/content/news.html?type=view&autoId=37218
315,"BMW 동성모터스, 뉴 X5 M 및 뉴 X6 M 전격 공개",http://www.ksilbo.co.kr/news/articleView.html?idxno=767429
316,"BMW 동성모터스, '뉴 X5 M·뉴 X6 M 런칭 고객 이벤트' 실시",http://www.newscj.com/news/articleView.html?idxno=758445
317,BMW X5·X6·3시리즈 25주년 기념 한정판 온라인 판매,https://biz.chosun.com/site/data/html_dir/2020/08/24/2020082401831.html?utm_source=naver&utm_medium=original&utm_campaign=biz
318,"BMW, X5 PHEV 출시임박…전기로만 '54km' 간다",http://www.mediapen.com/news/view/540235
319,"[이주의 차] ""전기로 최대 54km""…BMW, '뉴 X5 x드라이브45e' 출시",http://isplus.live.joins.com/news/article/article.asp?total_id=23842254
320,[배틀카] '향상된 순수 전기 주행거리' BMW코리아 SAV 뉴 X5 xDrive45e 출시,http://ilyo.co.kr/?ac=article_view&entry_id=376438
321,"BMW 동성모터스, 뉴 X5 M 및 뉴 X6 M 전격 공개",http://www.ksilbo.co.kr/news/articleView.html?idxno=767429
322,"BMW 동성모터스, '뉴 X5 M·뉴 X6 M 런칭 고객 이벤트' 실시",http://www.newscj.com/news/articleView.html?idxno=758445
323,BMW X5·X6·3시리즈 25주년 기념 한정판 온라인 판매,https://biz.chosun.com/site/data/html_dir/2020/08/24/2020082401831.html?utm_source=naver&utm_medium=original&utm_campaign=biz
324,"BMW, X5 PHEV 출시임박…전기로만 '54km' 간다",http://www.mediapen.com/news/view/540235
325,"[이주의 차] ""전기로 최대 54km""…BMW, '뉴 X5 x드라이브45e' 출시",http://isplus.live.joins.com/news/article/article.asp?total_id=23842254
326,"BMW코리아, '뉴 X5 xDrive45e' 사전계약…다음달 국내출시",http://www.newsis.com/view/?id=NISX20200710_0001090656&cID=13001&pID=13000
327,"[자동차오늘] 기아차, 대학생 서포터즈 '레드 크리에이터' 3기 모집…BMW, 뉴 X5 xDrive45e 사전계약 실시",http://www.sisaon.co.kr/news/articleView.html?idxno=115398
328,"BMW, 플러그인 하이브리드 '뉴 X5 xDrive45e' 출시",http://yna.kr/PYH20200803078600003?did=1196m
329,"BMW X5, Jeep 랭글러, 아우디 A8 등 '23개 차종 1만233대' 리콜",http://news.kbiz.or.kr/news/articleView.html?idxno=74105
330,"BMW, 1억원대 '뉴 X5 PHEV' 사전계약···친환경차 라인업 강화",http://www.sisajournal-e.com/news/articleView.html?idxno=221036
331,"BMW, 플러그인 하이브리드 '뉴 X5 xDrive45e' 출시",http://yna.kr/PYH20200803078600003?did=1196m
332,"BMW X5, Jeep 랭글러, 아우디 A8 등 '23개 차종 1만233대' 리콜",http://news.kbiz.or.kr/news/articleView.html?idxno=74105
333,"BMW 코리아 ""8월 출시 뉴 X5 xDrive45e 사전계약 실시""",http://sports.hankooki.com/lpage/economy/202007/sp20200715125356136990.htm?s_ref=nv
334,"BMW, 뉴 X5 xDrive45e 사전계약 실시",http://www.rpm9.com/news/article.html?id=20200714090005
335,"BMW 코리아, ‘뉴 X5 M’ 및 ‘뉴 X6 M’ 국내 출시..1억6천만원대",http://www.edaily.co.kr/news/newspath.asp?newsid=02574806625805656
336,"BMW 코리아, 뉴 X5 xDrive45e 사전계약 실시",https://sports.donga.com/article/all/20200712/101930422/2
337,"BMW 코리아, 전기모드로 최대 54km 주행 가능한 '뉴 X5 xDrive45e' 사전계약 실시!",http://kr.aving.net/news/view.php?articleId=1585704&Branch_ID=kr&rssid=naver&mn_name=news
338,"BMW, ""고성능 SUV 끝판왕""…X5 M·X6 M 판매 개시",http://www.mediapen.com/news/view/534997
339,"BMW 코리아, 초고성능 SUV ‘뉴 X5 M·뉴 X6 M’ 국내 출시",http://daily.hankooki.com/lpage/industry/202006/dh20200622164300147980.htm?s_ref=nv
340,"BMW 코리아, ‘뉴 X5 xDrive45e’ 사전계약 실시",http://www.sporbiz.co.kr/news/articleView.html?idxno=453790
341,"BMW, 플러그인 하이브리드 '뉴 X5 xDrive45e' 출시",http://yna.kr/PYH20200803078600003?did=1196m
342,"BMW X5, Jeep 랭글러, 아우디 A8 등 '23개 차종 1만233대' 리콜",http://news.kbiz.or.kr/news/articleView.html?idxno=74105
343,"BMW 코리아 ""8월 출시 뉴 X5 xDrive45e 사전계약 실시""",http://sports.hankooki.com/lpage/economy/202007/sp20200715125356136990.htm?s_ref=nv
344,"BMW, 뉴 X5 xDrive45e 사전계약 실시",http://www.rpm9.com/news/article.html?id=20200714090005
345,"BMW 코리아, ‘뉴 X5 M’ 및 ‘뉴 X6 M’ 국내 출시..1억6천만원대",http://www.edaily.co.kr/news/newspath.asp?newsid=02574806625805656
346,"BMW 코리아, 뉴 X5 xDrive45e 사전계약 실시",https://sports.donga.com/article/all/20200712/101930422/2
347,"BMW 코리아, 전기모드로 최대 54km 주행 가능한 '뉴 X5 xDrive45e' 사전계약 실시!",http://kr.aving.net/news/view.php?articleId=1585704&Branch_ID=kr&rssid=naver&mn_name=news
348,"BMW, ""고성능 SUV 끝판왕""…X5 M·X6 M 판매 개시",http://www.mediapen.com/news/view/534997
349,"BMW 코리아, 초고성능 SUV ‘뉴 X5 M·뉴 X6 M’ 국내 출시",http://daily.hankooki.com/lpage/industry/202006/dh20200622164300147980.htm?s_ref=nv
350,"BMW, PHEV '뉴 X5 xDrive45e' 사전계약",http://www.inews24.com/view/1280751
351,"BMW, 플러그인 하이브리드 '뉴 X5 xDrive45e' 출시",http://yna.kr/PYH20200803078600003?did=1196m
352,"BMW X5, Jeep 랭글러, 아우디 A8 등 '23개 차종 1만233대' 리콜",http://news.kbiz.or.kr/news/articleView.html?idxno=74105
353,"BMW 코리아 ""8월 출시 뉴 X5 xDrive45e 사전계약 실시""",http://sports.hankooki.com/lpage/economy/202007/sp20200715125356136990.htm?s_ref=nv
354,"BMW, 뉴 X5 xDrive45e 사전계약 실시",http://www.rpm9.com/news/article.html?id=20200714090005
355,"BMW 코리아, ‘뉴 X5 M’ 및 ‘뉴 X6 M’ 국내 출시..1억6천만원대",http://www.edaily.co.kr/news/newspath.asp?newsid=02574806625805656
356,"BMW 코리아, 뉴 X5 xDrive45e 사전계약 실시",https://sports.donga.com/article/all/20200712/101930422/2
357,"BMW 코리아, 전기모드로 최대 54km 주행 가능한 '뉴 X5 xDrive45e' 사전계약 실시!",http://kr.aving.net/news/view.php?articleId=1585704&Branch_ID=kr&rssid=naver&mn_name=news
358,"BMW, ""고성능 SUV 끝판왕""…X5 M·X6 M 판매 개시",http://www.mediapen.com/news/view/534997
359,"BMW 코리아, 초고성능 SUV ‘뉴 X5 M·뉴 X6 M’ 국내 출시",http://daily.hankooki.com/lpage/industry/202006/dh20200622164300147980.htm?s_ref=nv
360,"BMW 코리아, ‘뉴 X5 M’ 및 ‘뉴 X6 M’ 국내 출시..1억6천만원대",http://www.edaily.co.kr/news/newspath.asp?newsid=02574806625805656
361,"BMW 코리아, 뉴 X5 xDrive45e 사전계약 실시",https://sports.donga.com/article/all/20200712/101930422/2
362,"BMW 코리아, 전기모드로 최대 54km 주행 가능한 '뉴 X5 xDrive45e' 사전계약 실시!",http://kr.aving.net/news/view.php?articleId=1585704&Branch_ID=kr&rssid=naver&mn_name=news
363,"BMW, ""고성능 SUV 끝판왕""…X5 M·X6 M 판매 개시",http://www.mediapen.com/news/view/534997
364,"BMW 코리아, 뉴 X5 xDrive45e 사전계약 실시",http://www.nspna.com/news/?mode=view&newsid=440517
365,"BMW 코리아, 초고성능 SUV ‘뉴 X5 M·뉴 X6 M’ 국내 출시",http://daily.hankooki.com/lpage/industry/202006/dh20200622164300147980.htm?s_ref=nv
366,"[자동차오늘] BMW, 초고성능 모델 '뉴 X5 M·뉴 X6 M' 출시…넥센타이어, 내마모 강화 신제품 '마일캡 2' 출시",http://www.sisaon.co.kr/news/articleView.html?idxno=114622
367,"BMW코리아, 1억원대 PHEV X5 xDrive45e 출시",http://news.einfomax.co.kr/news/articleView.html?idxno=4100714
368,BMW X5·지프 랭글러 등 6개사 23개 차종 1만233대 리콜,http://www.wsobi.com/news/articleView.html?idxno=107306
369,"BMW X5·X6·X7 M50i 인증 완료 ""고성능 가솔린 SUV 줄줄이""",https://www.ebn.co.kr/news/view/1437292?sc=Naver
370,"BMW, '뉴 X5 xDrive45e' 사전계약 실시",http://www.newsworks.co.kr/news/articleView.html?idxno=471457
371,"BMW 코리아, 초고성능 SUV ‘뉴 X5 M·뉴 X6 M’ 국내 출시",http://daily.hankooki.com/lpage/industry/202006/dh20200622164300147980.htm?s_ref=nv
372,"[자동차오늘] BMW, 초고성능 모델 '뉴 X5 M·뉴 X6 M' 출시…넥센타이어, 내마모 강화 신제품 '마일캡 2' 출시",http://www.sisaon.co.kr/news/articleView.html?idxno=114622
373,"BMW코리아, 1억원대 PHEV X5 xDrive45e 출시",http://news.einfomax.co.kr/news/articleView.html?idxno=4100714
374,BMW X5·지프 랭글러 등 6개사 23개 차종 1만233대 리콜,http://www.wsobi.com/news/articleView.html?idxno=107306
375,"BMW X5·X6·X7 M50i 인증 완료 ""고성능 가솔린 SUV 줄줄이""",https://www.ebn.co.kr/news/view/1437292?sc=Naver
376,'차량 밑에서 연기가…' 대구 한 공터에 주차된 BMW서 화재,https://news.imaeil.com/page/view/2021101409560436369
377,BMW launches the new X5 M and X6 M,https://news.naver.com/main/read.naver?mode=LSD&mid=sec&sid1=101&oid=640&aid=0000001487
378,"제네시스·벤츠·BMW, 연말 신차대전…키워드는 EV",https://www.ebn.co.kr/news/view/1503106/?sc=Naver
379,차세대 BMW ‘X5’도 초대형 그릴? 렌더링 공개,http://www.thedrive.co.kr/news/newsview.php?ncode=1065601082108741
380,"BMW 코리아, 초고성능 SUV ‘뉴 X5 M·뉴 X6 M’ 국내 출시",http://daily.hankooki.com/lpage/industry/202006/dh20200622164300147980.htm?s_ref=nv
381,"BMW, 뉴 X5 x드라이브45e 계약..1억1300만원부터",http://www.fnnews.com/news/202007101029203928
382,"[자동차오늘] BMW, 초고성능 모델 '뉴 X5 M·뉴 X6 M' 출시…넥센타이어, 내마모 강화 신제품 '마일캡 2' 출시",http://www.sisaon.co.kr/news/articleView.html?idxno=114622
383,"BMW코리아, 1억원대 PHEV X5 xDrive45e 출시",http://news.einfomax.co.kr/news/articleView.html?idxno=4100714
384,BMW X5·지프 랭글러 등 6개사 23개 차종 1만233대 리콜,http://www.wsobi.com/news/articleView.html?idxno=107306
385,"BMW X5·X6·X7 M50i 인증 완료 ""고성능 가솔린 SUV 줄줄이""",https://www.ebn.co.kr/news/view/1437292?sc=Naver
386,'차량 밑에서 연기가…' 대구 한 공터에 주차된 BMW서 화재,https://news.imaeil.com/page/view/2021101409560436369
387,BMW launches the new X5 M and X6 M,https://news.naver.com/main/read.naver?mode=LSD&mid=sec&sid1=101&oid=640&aid=0000001487
388,"제네시스·벤츠·BMW, 연말 신차대전…키워드는 EV",https://www.ebn.co.kr/news/view/1503106/?sc=Naver
389,차세대 BMW ‘X5’도 초대형 그릴? 렌더링 공개,http://www.thedrive.co.kr/news/newsview.php?ncode=1065601082108741
390,"BMW, 초고성능 모델 ‘뉴 X5 M’ 및 ‘뉴 X6 M’ 국내 출시",http://www.rpm9.com/news/article.html?id=20200622090024
391,"[자동차오늘] BMW, 초고성능 모델 '뉴 X5 M·뉴 X6 M' 출시…넥센타이어, 내마모 강화 신제품 '마일캡 2' 출시",http://www.sisaon.co.kr/news/articleView.html?idxno=114622
392,"BMW코리아, 1억원대 PHEV X5 xDrive45e 출시",http://news.einfomax.co.kr/news/articleView.html?idxno=4100714
393,BMW X5·지프 랭글러 등 6개사 23개 차종 1만233대 리콜,http://www.wsobi.com/news/articleView.html?idxno=107306
394,"BMW코리아, PHEV 얹은 X5 사전계약 돌입",http://it.chosun.com/site/data/html_dir/2020/07/10/2020071002950.html
395,"BMW X5·X6·X7 M50i 인증 완료 ""고성능 가솔린 SUV 줄줄이""",https://www.ebn.co.kr/news/view/1437292?sc=Naver
396,'차량 밑에서 연기가…' 대구 한 공터에 주차된 BMW서 화재,https://news.imaeil.com/page/view/2021101409560436369
397,BMW launches the new X5 M and X6 M,https://news.naver.com/main/read.naver?mode=LSD&mid=sec&sid1=101&oid=640&aid=0000001487
398,"제네시스·벤츠·BMW, 연말 신차대전…키워드는 EV",https://www.ebn.co.kr/news/view/1503106/?sc=Naver
399,차세대 BMW ‘X5’도 초대형 그릴? 렌더링 공개,http://www.thedrive.co.kr/news/newsview.php?ncode=1065601082108741
400,"BMW, 뉴 X5 M·뉴 X6 M 국내 출시…초고성능 스포츠 액티비티 모델",http://www.inews24.com/view/1275402
401,"BMW코리아, '제로백 3.9초' 뉴 X5 M·X6 M 출시…1억6000만원대",http://www.newspim.com/news/view/20200622000595
402,"BMW코리아, 1억원대 PHEV X5 xDrive45e 출시",http://news.einfomax.co.kr/news/articleView.html?idxno=4100714
403,BMW X5·지프 랭글러 등 6개사 23개 차종 1만233대 리콜,http://www.wsobi.com/news/articleView.html?idxno=107306
404,"BMW코리아, PHEV 얹은 X5 사전계약 돌입",http://it.chosun.com/site/data/html_dir/2020/07/10/2020071002950.html
405,"BMW X5·X6·X7 M50i 인증 완료 ""고성능 가솔린 SUV 줄줄이""",https://www.ebn.co.kr/news/view/1437292?sc=Naver
406,'차량 밑에서 연기가…' 대구 한 공터에 주차된 BMW서 화재,https://news.imaeil.com/page/view/2021101409560436369
407,BMW launches the new X5 M and X6 M,https://news.naver.com/main/read.naver?mode=LSD&mid=sec&sid1=101&oid=640&aid=0000001487
408,"제네시스·벤츠·BMW, 연말 신차대전…키워드는 EV",https://www.ebn.co.kr/news/view/1503106/?sc=Naver
409,차세대 BMW ‘X5’도 초대형 그릴? 렌더링 공개,http://www.thedrive.co.kr/news/newsview.php?ncode=1065601082108741
410,"BMW코리아, 초고성능 모델 '뉴 X5 M'·'뉴 X6 M' 국내 출시",http://www.m-i.kr/news/articleView.html?idxno=722090
411,"BMW코리아, '제로백 3.9초' 뉴 X5 M·X6 M 출시…1억6000만원대",http://www.newspim.com/news/view/20200622000595
412,"BMW코리아, 1억원대 PHEV X5 xDrive45e 출시",http://news.einfomax.co.kr/news/articleView.html?idxno=4100714
413,BMW X5·지프 랭글러 등 6개사 23개 차종 1만233대 리콜,http://www.wsobi.com/news/articleView.html?idxno=107306
414,"BMW코리아, PHEV 얹은 X5 사전계약 돌입",http://it.chosun.com/site/data/html_dir/2020/07/10/2020071002950.html
415,"BMW X5·X6·X7 M50i 인증 완료 ""고성능 가솔린 SUV 줄줄이""",https://www.ebn.co.kr/news/view/1437292?sc=Naver
416,'차량 밑에서 연기가…' 대구 한 공터에 주차된 BMW서 화재,https://news.imaeil.com/page/view/2021101409560436369
417,BMW launches the new X5 M and X6 M,https://news.naver.com/main/read.naver?mode=LSD&mid=sec&sid1=101&oid=640&aid=0000001487
418,"제네시스·벤츠·BMW, 연말 신차대전…키워드는 EV",https://www.ebn.co.kr/news/view/1503106/?sc=Naver
419,차세대 BMW ‘X5’도 초대형 그릴? 렌더링 공개,http://www.thedrive.co.kr/news/newsview.php?ncode=1065601082108741
420,"불똥 튀기는 초고성능 BMW 뉴 X5 M, X6 M 국내 출시",http://www.iminju.net/news/articleView.html?idxno=54586
421,"BMW코리아, 1억원대 PHEV X5 xDrive45e 출시",http://news.einfomax.co.kr/news/articleView.html?idxno=4100714
422,BMW X5·지프 랭글러 등 6개사 23개 차종 1만233대 리콜,http://www.wsobi.com/news/articleView.html?idxno=107306
423,"BMW코리아, PHEV 얹은 X5 사전계약 돌입",http://it.chosun.com/site/data/html_dir/2020/07/10/2020071002950.html
424,"BMW X5·X6·X7 M50i 인증 완료 ""고성능 가솔린 SUV 줄줄이""",https://www.ebn.co.kr/news/view/1437292?sc=Naver
425,'차량 밑에서 연기가…' 대구 한 공터에 주차된 BMW서 화재,https://news.imaeil.com/page/view/2021101409560436369
426,BMW launches the new X5 M and X6 M,https://news.naver.com/main/read.naver?mode=LSD&mid=sec&sid1=101&oid=640&aid=0000001487
427,"제네시스·벤츠·BMW, 연말 신차대전…키워드는 EV",https://www.ebn.co.kr/news/view/1503106/?sc=Naver
428,차세대 BMW ‘X5’도 초대형 그릴? 렌더링 공개,http://www.thedrive.co.kr/news/newsview.php?ncode=1065601082108741
429,"""가장 강력한 X"" BMW 신형 X5 M·X6 M 출시",http://it.chosun.com/site/data/html_dir/2020/06/22/2020062201814.html
430,BMW launches the new X5 M and X6 M,https://news.naver.com/main/read.naver?mode=LSD&mid=sec&sid1=101&oid=640&aid=0000001487
431,"제네시스·벤츠·BMW, 연말 신차대전…키워드는 EV",https://www.ebn.co.kr/news/view/1503106/?sc=Naver
432,차세대 BMW ‘X5’도 초대형 그릴? 렌더링 공개,http://www.thedrive.co.kr/news/newsview.php?ncode=1065601082108741
433,"BMW코리아, PHEV 버전 X5 사전계약 개시",http://www.iminju.net/news/articleView.html?idxno=55132
434,"""가장 강력한 X"" BMW 신형 X5 M·X6 M 출시",http://it.chosun.com/site/data/html_dir/2020/06/22/2020062201814.html
435,"BMW코리아, PHEV 얹은 X5 출격",http://it.chosun.com/site/data/html_dir/2020/08/03/2020080303396.html
436,BMW X5·X6 6100여대 주차등 부적절한 설치로 리콜,http://news.kmib.co.kr/article/view.asp?arcid=0015160408&code=61141111&cp=nv
437,"[이주의 차] BMW, X5 M·X6 M 출시…1억6460만원부터",http://isplus.live.joins.com/news/article/article.asp?total_id=23809992
438,BMW ‘뉴 X5 M’·‘뉴 X6 M’ 국내 데뷔,http://sports.khan.co.kr/news/sk_index.html?art_id=202006231435003&sec_id=563002&pt=nv
439,"BMW ""전기차 주력…수소차 틈새 불과""…수소차 포기선언(?)",https://www.theguru.co.kr/news/article.html?no=25615
440,BMW '뉴 X5 M·뉴 X6 M' 국내 출시…1억6천460만 원대,http://mbnmoney.mbn.co.kr/news/view?news_no=MM1004017380
441,"BMW, '뉴 X5 x드라이브45e' 사전계약 돌입",https://www.news1.kr/articles/?3991823
442,"BMW ""전기차 주력…수소차 틈새 불과""…수소차 포기선언(?)",https://www.theguru.co.kr/news/article.html?no=25615
443,"제네시스·벤츠·BMW·포르셰, 전기차·SUV 앞세워 연말 판매 총력전",https://biz.chosun.com/industry/car/2021/10/01/VCYWXSFU2NEYDGOI2AEPRT55YI/?utm_source=naver&utm_medium=original&utm_campaign=biz
444,하이브리드 상승세 어디까지…1분기 판매 172% 증가,http://www.edaily.co.kr/news/newspath.asp?newsid=01899126632297104
445,"한국타이어, BMW ‘i4’에 신차용 타이어 공급",http://www.sentv.co.kr/news/view/617024
446,"SK- 아이오닉5.F-150, LG-타이칸, 삼성-X5. 배터리 3사, 대표차종으로 기술력 과시",http://www.autodaily.co.kr/news/articleView.html?idxno=427985
447,BMW X5·지프 랭글러·아우디 A8 등 23개 차종 1만233대 리콜,https://zdnet.co.kr/view/?no=20201028230617
448,"BMW 또 리콜, 1 시리즈 Sport 등 35차종 8320대…고압 연료펌프 '설계결함'",http://www.idsn.co.kr/news/articleView.html?idxno=53938
449,"BMW, X5 수소차 i-하이드로젠 넥스트 세부사항 공개",http://www.thedrive.co.kr/news/newsview.php?ncode=1065600410668580
450,[시승기] 대형 SUV의 미덕을 더해가는 BMW X5 xDrive30d M 스포츠 패키지,http://www.hankookilbo.com/news/npath/202003050706088546?did=NA
451,질주하는 벤츠 vs 제동걸린 BMW,https://www.dnews.co.kr/uhtml/view.jsp?idxno=202109121059174300154
452,"벤츠-BMW, 벌어지는 플래그십 격차…S클래스 쾌속질주",https://www.dnews.co.kr/uhtml/view.jsp?idxno=202109120845497860128
453,"알칸타라, 50대 한정 BMW X5 공개",http://www.thedrive.co.kr/news/newsview.php?ncode=1065595934092794
454,알칸타라 입은 'BMW X5 타임리스 에디션' 50대 한정판,http://www.gpkorea.com/news/articleView.html?idxno=61936
455,알칸타라 'BMW X5 타임리스 에디션' 공개,http://www.cstimes.com/news/articleView.html?idxno=403520
456,"니로 EV, 네덜란드서 BMW·폭스바겐 제치고 1위",http://www.thedrive.co.kr/news/newsview.php?ncode=1065584163665019
457,대세는 친환경…BMW도 'ESG 경영' 나선다,http://www.mediapen.com/news/view/661085
458,"[시승]대형 SUV 효율이 놀라워, BMW X5 x드라이브 45e",http://autotimes.hankyung.com/apps/news.sub_view?popup=0&nid=06&c1=06&c2=06&c3=00&nkey=202001291800431
459,"벤츠·BMW도 할인하는데… 美 소비자, 제네시스는 웃돈 주고 산다",https://biz.chosun.com/industry/car/2021/08/11/FFIPWQTHQFHILCSGEDABKNTUJE/?utm_source=naver&utm_medium=original&utm_campaign=biz
460,BMW X5 타임리스에디션…알칸타라 '콜라보' 한정모델,http://www.mediapen.com/news/view/501679
461,"니로 EV, 네덜란드서 BMW·폭스바겐 제치고 1위",http://www.thedrive.co.kr/news/newsview.php?ncode=1065584163665019
462,대세는 친환경…BMW도 'ESG 경영' 나선다,http://www.mediapen.com/news/view/661085
463,"[시승]대형 SUV 효율이 놀라워, BMW X5 x드라이브 45e",http://autotimes.hankyung.com/apps/news.sub_view?popup=0&nid=06&c1=06&c2=06&c3=00&nkey=202001291800431
464,"벤츠·BMW도 할인하는데… 美 소비자, 제네시스는 웃돈 주고 산다",https://biz.chosun.com/industry/car/2021/08/11/FFIPWQTHQFHILCSGEDABKNTUJE/?utm_source=naver&utm_medium=original&utm_campaign=biz
465,"BMW, 다시 찾은 '전성기'…7월까지 전년 대비 44.6%↑",http://www.mediapen.com/news/view/653956
466,"BMW코리아, 서비스센터 부실정비·차량결함 등 소비자 불만 사례 계속",http://www.koreastocknews.com/news/articleView.html?idxno=65584
467,'GV80' 럭셔리 SUV 판도 흔든다… 벤츠 GLE·BMW X5 정조준,http://biz.newdaily.co.kr/site/data/html/2020/01/16/2020011600054.html
468,"BMW, PHEV 상반기 판매 작년 3배↑",http://www.fnnews.com/news/202108310954209440
469,"BMW ""X5 PHEV는 가장 이상적인 친환경차""",http://autotimes.hankyung.com/apps/news.sub_view?popup=0&nid=02&c1=02&c2=02&c3=00&nkey=202001131818271
470,"BMW, PHEV 상반기 판매 작년 3배↑",http://www.fnnews.com/news/202108310954209440
471,"BMW ""X5 PHEV는 가장 이상적인 친환경차""",http://autotimes.hankyung.com/apps/news.sub_view?popup=0&nid=02&c1=02&c2=02&c3=00&nkey=202001131818271
472,출시 D-2 GV80 경쟁 차종은 BMW X5?...현대차 로비서 나란히 목격,http://www.ebn.co.kr/news/view/1017500/?sc=naver
473,"BMW, X5·X6 PHEV 추가·라인업 강화..특징은?",http://www.dailycar.co.kr/content/news.html?type=view&autoId=35822
474,"롯데시티호텔 대전, 'SALON DE BMW - PHEV 패키지' 출시",http://www.g-enews.com/ko-kr/news/article/news_all/2021082416243228559a4b6f8849_1/article.html
475,[자유로 연비] 완성도를 높인 BMW X5 xDrive30d M 스포츠 패키지의 자유로 연비는?,http://www.hankookilbo.com/news/npath/201912230859088027?did=NA
476,"롯데시티호텔 대전, 'BMW 컬래버레이션 패키지' 출시",https://www.theguru.co.kr/news/article.html?no=24672
477,"‘기름↓ 재미↑’ BMW X5 PHEV “전기차 왜 사나요?”…“전기차, 친환경적이지만 아직은 불편해서”",http://news.mk.co.kr/newsRead.php?no=1061051&year=2019
478,"국내 출시 임박 `BMW X5 PHEV` 타보니 ""전기차 왜 사나요?""",http://news.mk.co.kr/newsRead.php?no=1053035&year=2019
479,BMW '100% 비대면 AS'…앱으로 예약부터 픽업까지 한번에,https://www.hankyung.com/economy/article/2021082438431
480,"롯데시티호텔 대전, ‘살롱 데 BMW - PHEV 패키지’ 출시",https://www.fetv.co.kr/news/article.html?no=94182
481,"""대세는 전기차""…BMW·벤츠·아우디, 럭셔리 EV 총공세",https://www.ebn.co.kr/news/view/1497453/?sc=Naver
482,"혼다·BMW 등 11개사, '안전기준 부적합' 총 62억원 과징금",http://www.sisaweek.com/news/articleView.html?idxno=146009
483,“우린 안 깨져요” 테슬라 조롱? BMW X5 장갑차 공개,http://www.thedrive.co.kr/news/newsview.php?ncode=1065600458318391
484,현대차 마이티·BMW X6 등 58개 차종 리콜,http://autotimes.hankyung.com/apps/news.sub_view?popup=0&nid=03&c1=03&c2=03&c3=00&nkey=202108261130271
485,"BMW 코리아, 순수 전기차 3종 출시...고객 선택폭 확 넓힌다",https://www.sedaily.com/NewsView/22Q82X42P9
486,"[시승기] ""구겨진 독일차 자존심 회복""… BMW X5의 매력은?",http://moneys.mt.co.kr/news/mwView.php?no=2019112814148051113
487,벤츠 GLE·BMW X5 게 섰거라! 베일 벗은 제네시스의 첫 SUV ‘GV80’ 뜰까?,http://news.mk.co.kr/newsRead.php?no=117053&year=2020
488,어제(23일)자 대전 시내 달리던 'BMW X5'에 또 불 붙어 차량 전소됐다,https://www.insight.co.kr/news/264658
489,"""캠핑가자""…어떤 차 타고 갈까? [궁금타]",http://www.wowtv.co.kr/NewsCenter/News/Read?articleId=A202111270011&t=NN
490,"롯데시티호텔 대전, 'SALON DE BMW - PHEV 패키지' ",http://www.pressm.kr/news/articleView.html?idxno=47824
491,"""대세는 전기차""…BMW·벤츠·아우디, 럭셔리 EV 총공세",https://www.ebn.co.kr/news/view/1497453/?sc=Naver
492,"혼다·BMW 등 11개사, '안전기준 부적합' 총 62억원 과징금",http://www.sisaweek.com/news/articleView.html?idxno=146009
493,“우린 안 깨져요” 테슬라 조롱? BMW X5 장갑차 공개,http://www.thedrive.co.kr/news/newsview.php?ncode=1065600458318391
494,현대차 마이티·BMW X6 등 58개 차종 리콜,http://autotimes.hankyung.com/apps/news.sub_view?popup=0&nid=03&c1=03&c2=03&c3=00&nkey=202108261130271
495,"BMW 코리아, 순수 전기차 3종 출시...고객 선택폭 확 넓힌다",https://www.sedaily.com/NewsView/22Q82X42P9
496,"[시승기] ""구겨진 독일차 자존심 회복""… BMW X5의 매력은?",http://moneys.mt.co.kr/news/mwView.php?no=2019112814148051113
497,벤츠 GLE·BMW X5 게 섰거라! 베일 벗은 제네시스의 첫 SUV ‘GV80’ 뜰까?,http://news.mk.co.kr/newsRead.php?no=117053&year=2020
498,어제(23일)자 대전 시내 달리던 'BMW X5'에 또 불 붙어 차량 전소됐다,https://www.insight.co.kr/news/264658
499,"""캠핑가자""…어떤 차 타고 갈까? [궁금타]",http://www.wowtv.co.kr/NewsCenter/News/Read?articleId=A202111270011&t=NN
