,title,url
0,세단×쿠페×SUV...‘착한 욕심쟁이’ BMW 6시리즈 GT,https://www.mk.co.kr/economy/view/2022/155580
1,"BMW코리아, 뉴 5시리즈 및 뉴 6시리즈 그란투리스모 출시 ",http://www.sisafocus.co.kr/news/articleView.html?idxno=248659
2,"BMW, 뉴 5·6시리즈 그란 투리스모 국내 출시",http://www.gukjenews.com/news/articleView.html?idxno=2084465
3,"'48V MHEV 탑재' BMW코리아, '뉴 5시리즈·뉴 6시리즈 그란 투리스모' 출시",http://www.autodaily.co.kr/news/articleView.html?idxno=422639
4,"BMW 코리아, 5시리즈·6시리즈 그란 투리스모 국내 출시",http://www.nspna.com/news/?mode=view&newsid=456859
5,BMW코리아 | 뉴 5시리즈·뉴 6시리즈 그란 투리스모 사전계약,http://news.mk.co.kr/v2/economy/view.php?year=2020&no=971461
6,"BMW, 신형 5시리즈·6시리즈 그란 투리스모 사전계약",https://view.asiae.co.kr/article/2020091014352724904
7,SUV? 세단? 쿠페?…그냥 세 개를 동시에 타볼까,http://news.mk.co.kr/newsRead.php?no=68860&year=2022
8,도원에 피어난 그란 투리스모 7,https://www.motortrendkorea.com/sub/view.html?no=6631&cate1Name=ISSUE
9,"[리뷰] 더욱 높은 경쟁력을 품은 존재, ‘BMW 뉴 6 시리즈 그란 투리스모’",http://www.hankookilbo.com/news/npath/202006031375097536?did=NA
10,"[BMW 월드 프리미어] 뉴 6시리즈 그란 투리스모, 럭셔리 세단ㆍ스포티한 쿠페 감성 '동시에'",http://www.ajunews.com/view/20200527100052341
11,[영상] BMW 뉴 5시리즈 및 뉴 6시리즈 그란 투리스모 전세계 최초 공개,http://www.sporbiz.co.kr/news/articleView.html?idxno=442212
12,"[포토]만능 재주꾼, BMW 6시리즈 그란 투리스모",http://autotimes.hankyung.com/apps/news.sub_view?popup=0&nid=08&c1=08&c2=08&c3=00&nkey=202005271854411
13,"[e런게임] '그란 투리스모' 출격, 리얼 레이싱 경험 선사…자동차 역사는 덤",http://www.enewstoday.co.kr/news/articleView.html?idxno=1553066
14,[신차 브리핑!]더욱 강력해진 BMW 뉴 6시리즈 그란 투리스모,http://sports.hankooki.com/lpage/economy/201806/sp20180622163409136980.htm
15,BMW 뉴6시리즈 그란 투리스모 호응 이어져,http://www.cstimes.com/?mod=news&act=articleView&idxno=278578
16,GT (2)BMW 뉴 6시리즈 그란투리스모,http://jmagazine.joins.com/forbes/view/321549
17,"[수입차 전성시대]BMW, 그란 투리스모 내세워 국내 소비자 공략",http://www.newsis.com/view/?id=NISX20180524_0000317453&cID=13001&pID=13000
18,[시승기]‘사장님 차ㆍ아빠 차’ 오해는 그만…드라이빙 재미 더한 BMW6 그란투리스모,http://news.heraldcorp.com/view.php?ud=20180403000006
19,"BMW 뉴 6시리즈 그란 투리스모, 수입차 시장서 호평",http://www.etoday.co.kr/news/section/newsview.php?idxno=1609238
20,"[질주하는 수입차]BMW 뉴 6시리즈 그란 투리스모, 세단의 안락함·넓은 적재공간에 스포티한 외관까지",http://view.asiae.co.kr/news/view.htm?idxno=2018032010594174562
21,더 날렵하고…더 넓고…더 빠르게…BMW 6시리즈 그란투리스모,http://news.hankyung.com/article/2018052936101
22,BMW 뉴 6시리즈 그란 투리스모,http://jmagazine.joins.com/forbes/view/318425
23,BMW 뉴 6시리즈 그란 투리스모 '세단의 안락함+왜건의 활용성',http://www.dailian.co.kr/news/view/663939/?sc=naver
24,"BMW코리아, 뉴 6시리즈 그란투리스모 사전예약 받아",http://www.businesspost.co.kr/BP?command=article_view&num=59864
25,"[신차 브리핑!]BMW 뉴 6시리즈 그란 투리스모 ""대형 세단 버금가는 안락함 갖춰""",http://sports.hankooki.com/lpage/economy/201709/sp20170919165702136980.htm
26,"BMW, 뉴 6시리즈 그란 투리스모 사전 예약 ‘스타트’",http://www.rpm9.com/news/article.html?id=20170914090016
27,BMW '뉴 6시리즈 그란투리스모' 베일 벗었다…9290만원부터~,http://daily.hankooki.com/lpage/economy/201709/dh20170913192026138070.htm
28,"BMW '뉴 6시리즈 그란 투리스모', 7시리즈 플랫폼 '우아해진 실용성'",http://www.osen.co.kr/article/G1110730748
29,[리뷰] ‘첨단사양 총집합’ BMW 6시리즈 그란 투리스모,http://www.zdnet.co.kr/ArticleView.asp?artice_id=20170913135659
30,"BMW 하반기 신차러시, 6시리즈 그란투리스모부터 3세대 X3까지",http://www.ftoday.co.kr/news/articleView.html?idxno=79640
31,[오토파이낸스] BMW '뉴 6시리즈 그란 투리스모' 뒷좌석 적재 공간 최대 1800리터,http://biz.chosun.com/site/data/html_dir/2017/09/27/2017092702909.html
32,"BMW, 파리모터쇼서 뉴 3시리즈 그란투리스모·주행거리 늘린 i3 등 공개",http://www.sedaily.com/NewsView/1L1EYJ6L3E
33,"BMW, 2016 파리 모터쇼서 '뉴 3시리즈 그란 투리스모' 공개",http://www.newsway.co.kr/view.php?tp=1&ud=2016091314130296075
34,"BMW 서비스센터, 부품 입고 '함흥차사'…소비자 발만 동동",http://www.wolyo.co.kr/news/articleView.html?idxno=118686
35,[정태일의 시승기] 세단에 올라탔는데 SUV 상남자로 돌변…100㎞ 이상 주행시 풍절음 증가 아쉬워 - BMW ‘뉴 그란투리스모’,http://news.heraldcorp.com/view.php?ud=20160628000552
36,(시승기)모범생의 탈을 쓴 상남자…BMW 뉴 그란 투리스모,http://news.heraldcorp.com/view.php?ud=20160116000016
37,"[탐난다, 수입차] BMW 그란투리스모",http://www.fnnews.com/news/201503231702451740
38,완전히 새로운 개념의 BMW 뉴 3시리즈 그란 투리스모,http://daily.hankooki.com/lpage/economy/201503/dh20150316070042138140.htm
39,"[포커스!]BMW 뉴 3시리즈 그란 투리스모, 스타일과 실용성 ‘두 마리 토끼’ 잡다",http://sports.hankooki.com/lpage/economy/201503/sp20150313171206136990.htm
40,[서울모터쇼] BMW 뉴 3시리즈 그란 투리스모 국내 최초 공개,http://www.gukjenews.com/news/articleView.html?idxno=682664
41,[그란투리스모6]BMW 비전 그란 투리스모를 '그란 투리스모 6'에서 공개,http://www.inven.co.kr/webzine/news/?news=110011
42,[시승기]스타일리쉬와 넓은공간 돋보이는 BMW 뉴 그란투리스모,http://www.asiatoday.co.kr/view.php?key=20140407010003907
43,"그란투리스모6, 亞 지역 BMW Z4 챌린지 개최",http://www.hankyung.com/news/app/newsview.php?aid=201402180707v
44,BMW 뉴 320d xDrive 그란 투리스모 등 신차 3종 출시,http://www.fnnews.com/view?ra=Sent0601m_01A&corp=fnnews&arcid=201311210100229350011973&cDateYear=2013&cDateMonth=11&cDateDay=21&
45,"폭스바겐, BMW도 했으니까 우리도? '비전 GTI 그란 투리스모' 티저 공개",http://www.kbench.com/life/?no=133961&sc=1
46,"[시승]진보한 럭셔리 GT, BMW 그란투리스모",http://autotimes.hankyung.com/apps/news.sub_view?popup=0&nid=08&c1=08&c2=08&c3=00&nkey=201310140954011
47,"BMW 뉴 5시리즈, 뉴 그란투리스모...″또 다른 성공신화″",http://weekly2.cnbnews.com/category/read_news.html?bcode=236223
48,"BMW, 더 완벽해진 ‘뉴 5시리즈·그란투리스모’ 출시…가격은?",http://www.ajunews.com/kor/view.jsp?newsId=20130925000335
49,"BMW 코리아, 더 완벽해진 '뉴 5시리즈 · 뉴 그란투리스모' 출시",http://kr.aving.net/news/view.php?articleId=722101&Branch_ID=kr&rssid=naver&mn_name=news
50,"BMW 코리아, ‘뉴 5시리즈’ 및 ‘뉴 그란투리스모’ 공식 출시",http://www.fnnews.com/view?ra=Sent0601m_01A&corp=fnnews&arcid=201309250100245480013414&cDateYear=2013&cDateMonth=09&cDateDay=25&
51,[포토엔]BMW 뉴 그란투리스모 ‘매력적인 뒤태’,http://www.newsen.com/news_view.php?uid=201309251130162920
52,"편안한 주행과 실용성이 뛰어난 'BMW, 그란투리스모'",http://biz.chosun.com/site/data/html_dir/2013/07/24/2013072400483.html
53,스타일·실용성 겸비 'BMW 뉴 3시리즈' 그란 투리스모 7월 출시,http://kr.aving.net/news/view.php?articleId=718319&Branch_ID=kr&rssid=naver&mn_name=news
54,"BMW 320d 그란투리스모, 5430만원에 판매",http://biz.heraldcorp.com/view.php?ud=20130607000195
55,BMW 뉴 3시리즈 그란 투리스모 시승 행사 개최,http://news.mk.co.kr/news_forward.php?domain=news&no=444303&year=2013
56,"[모터쇼]BMW, 3시리즈 그란 투리스모 어떻게 바뀌었나",http://autotimes.hankyung.com/apps/news.sub_view?popup=0&nid=07&c1=07&c2=07&c3=00&nkey=201609291600571
57,"기대작 그란 투리스모 6월 출시 준비하는 BMW, 업계 1위다운 통큰 행보",http://sports.chosun.com/news/ntype.htm?id=201304230100174830013872&servicedate=20130422
58,BMW 뉴 3시리즈 그란 투리스모,http://www.segye.com/Articles/Car/NewCar/Article.asp?aid=20130415001477&subctg1=&subctg2=&OutUrl=naver
59,<시승기> BMW 그란투리스모 “품격에 실용성을 더했다”,http://www.ajunews.com/common/redirect.jsp?newsId=20130411000368
60,"[2013 서울모터쇼] BMW, '뉴 3시리즈 그란 투리스모' 등 26종 전시",http://www.seoulfn.com/news/articleView.html?idxno=159345
61,"BMW코리아, '320d 그란투리스모' 6월 출시",http://www.mt.co.kr/view/mtview.php?type=1&no=2013032812323177665&outlink=1
62,"[2013 서울모터쇼] BMW, 뉴 320d 그란투리스모 등 아시아 최초 공개",http://www.newspim.com/common/redirect.jsp?newsId=20130327000143
63,[서울모터쇼] BMW① 뉴320d 그란투리스모 등 아시아 최초 공개,http://biz.chosun.com/site/data/html_dir/2013/03/25/2013032501870.html
64,"BMW 신형 3시리즈 그란투리스모·Z4, ‘제네바 모터쇼’서 최초 공개",http://www.mydaily.co.kr/news/read.html?newsid=201302281541594430&ext=na
65,[BMW 그란투리스모의 3가지 매력] SUV의 넉넉함에 세단의 편안함까지 갖췄다,http://sports.donga.com/3/all/20131031/58578746/3
66,"BMW 그란 투리스모 디젤, 연비마저 사람 홀리네",http://sports.chosun.com/news/ntype.htm?id=201210080100036810003485&servicedate=20121008
67,BMW그룹 코리아 '2013년형 그란 투리스모' 출시,http://www.inews24.com/php/news_view.php?g_serial=693988&g_menu=022200&rrf=nv
68,BMW 코리아 2013년형 그란 투리스모 출시,http://www.asiae.co.kr/news/view.htm?idxno=2012100515003713782
69,[시승기] BMW 320d 그란 투리스모,https://news.naver.com/main/read.naver?mode=LSD&mid=sec&sid1=101&oid=011&aid=0002347799
70,"BMW 코리아, 3시리즈의 실용성 극대화한 '뉴 3시리즈 그란 투리스모' 선보여!",http://kr.aving.net/news/view.php?articleId=609182&Branch_ID=kr&rssid=naver&mn_name=news
71,"SCEK, 그란 투리스모 6 아시아 지역 온라인 대회 BMW Z4 챌린지 개최",http://www.technoa.co.kr/news/articleView.html?idxno=80898
72,"[시승기] 새로운 種의 출현, BMW 그란투리스모 30d",http://www.edaily.co.kr/news/newspath.asp?newsid=01105366596442440
73,[타봤어요]`역대급 가성비`‥`패밀리 세단` BMW 6시리즈 GT,http://www.edaily.co.kr/news/newspath.asp?newsid=01216886628982664
74,"BMW, 그란투리스모 첫 디젤 출시 및 7시리즈 옵션강화",http://sports.chosun.com/news/ntype.htm?id=201108110100084440007298&servicedate=20110810
75,"BMW 코리아, 그란투리스모 디젤 및 7시리즈 옵션강화 모델 선보여",http://kr.aving.net/news/view.php?articleId=205952&Branch_ID=kr&rssid=naver&mn_name=news
76,"아우디와 BMW, '그란투리스모' 자존심 대결",http://news.mk.co.kr/news_forward.php?no=441576&year=2011
77,[시승기] BMW 뉴 3시리즈 그란투리스모 “요괴를 닮았네”,http://car.donga.com/3/all/20130823/57193355/2
78,"""BMW 6시리즈 그란투리스모 구경왔어요""",http://www.iusm.co.kr/news/articleView.html?idxno=763064
79,[포토] BMW 6시리즈 그란투리스모 구경 왔어요,http://www.thegolftimes.co.kr/news/articleView.html?idxno=29763
80,"""BMW 6시리즈 그란투리스모 구경왔어요""",http://app.yonhapnews.co.kr/YNA/Basic/SNS/r.aspx?c=PYH20170915176700013&did=1196m
81,BMW `그란투리스모`…휴가철 장거리 여행에 `딱`,http://www.dt.co.kr/contents.html?article_no=2011012102011132718003
82,"BMW, 증강현실 앱으로 뉴3 그란 투리스모 광고",http://www.itdaily.kr/atl/view.asp?a_id=42815
83,"BMW 5시리즈와 그란투리스모, 모델 다양화",http://www.etnews.co.kr/news/detail.html?id=201012020017
84,BMW 뉴 5시리즈 및 그란 투리스모 라인업 확대!,http://www.segye.com/Articles/NEWS/ECONOMY/Article.asp?aid=20101201001817&subctg1=&subctg2=
85,[시승기] '야성(野性)과 정숙' 두 얼굴의 'BMW 그란투리스모',http://osen.mt.co.kr/news/view.html?gid=G1011300290
86,[시승기] 1억원대 BMW ‘그란투리스모’ 타보니…,http://mnm.seoul.co.kr/news/newsView.php?id=20101112040007
87,[시승기] BMW 그란투리스모,https://news.naver.com/main/read.naver?mode=LSD&mid=sec&sid1=101&oid=011&aid=0002107745
88,"[시승기]BMW 그란투리스모, 5시리즈? or 7시리즈?",http://www.moneytoday.co.kr/view/mtview.php?type=1&no=2010101318360819689&outlink=1
89,"BMW 그란 투리스모, '김중만' 마음을 사로 잡다",http://kr.aving.net/news/view.php?articleId=165408&Branch_ID=kr&rssid=naver
90,스타일·실용성 겸비한 'BMW 그란 투리스모' 시승기,https://news.naver.com/main/read.naver?mode=LSD&mid=sec&sid1=103&oid=001&aid=0006302979
91,[신차드라이브] BMW 그란투리스모의 신선함,http://www.etnews.co.kr/news/detail.html?id=201008180188
92,"BMW코리아, 1억대 '그란투리스모' 9대 리콜",http://www.moneytoday.co.kr/view/mtview.php?type=1&no=2010071915351193595&outlink=1
93,"'수소차 시장에 진출하나?' BMW, 내년 X5 FCEV 소량 양산",http://www.autodaily.co.kr/news/articleView.html?idxno=427496
94,BMW 그란 투리스모 국내 출시,http://er.asiae.co.kr/erview.htm?idxno=2010061510562713521
95,"BMW 그란 투리스모, 국내 출시!",http://www.pressian.com/article/article.asp?article_num=60100610091526
96,비즈니스와 레저 모두 만족시키는 BMW 그란투리스모 출시,http://www.newsen.com/news_view.php?uid=201006090127002004
97,"양복도, 셔츠도 찰떡궁합 'BMW 그란 투리스모'",http://www.asiae.co.kr/news/view.htm?idxno=2010060808483060411
98,"BMW, '그란 투리스모' 출시…비즈니스·레저 모두 만족",http://www.mydaily.co.kr/news/read.html?newsid=201006081027454433&ext=na
99,[포토엔]완전히 새로은 장르의 자동차 BMW 그란 투리스모,http://www.newsen.com/news_view.php?uid=201006081204312004
100,"[포토] BMW 뉴 6시리즈 그란 투리스모, '날렵한 라인 선보이며'",http://news.hankyung.com/article/2017091329437
101,"BMW 하반기 신차러시, 6시리즈 그란투리스모부터 3세대 X3까지",http://www.ftoday.co.kr/news/articleView.html?idxno=79640
102,[오토파이낸스] BMW '뉴 6시리즈 그란 투리스모' 뒷좌석 적재 공간 최대 1800리터,http://biz.chosun.com/site/data/html_dir/2017/09/27/2017092702909.html
103,"[포토] BMW 그룹 코리아, 뉴 6시리즈 그란 투리스모 공개",http://www.segye.com/content/html/2017/09/13/20170913001830.html?OutUrl=naver
104,BMW 뉴 6시리즈 그란 투리스모 공개,http://www.hankookilbo.com/v/94528862ecde43d292dc45e35086e92e
105,"BMW, 파리모터쇼서 뉴 3시리즈 그란투리스모·주행거리 늘린 i3 등 공개",http://www.sedaily.com/NewsView/1L1EYJ6L3E
106,"BMW, 2016 파리 모터쇼서 '뉴 3시리즈 그란 투리스모' 공개",http://www.newsway.co.kr/view.php?tp=1&ud=2016091314130296075
107,"BMW 서비스센터, 부품 입고 '함흥차사'…소비자 발만 동동",http://www.wolyo.co.kr/news/articleView.html?idxno=118686
108,[정태일의 시승기] 세단에 올라탔는데 SUV 상남자로 돌변…100㎞ 이상 주행시 풍절음 증가 아쉬워 - BMW ‘뉴 그란투리스모’,http://news.heraldcorp.com/view.php?ud=20160628000552
109,(시승기)모범생의 탈을 쓴 상남자…BMW 뉴 그란 투리스모,http://news.heraldcorp.com/view.php?ud=20160116000016
110,[포토]럭셔리 세단의 편안함과 쿠페의 매력을 결합한 BMW '뉴 6시리즈 그란 투리스모' 사전예...,http://www.edaily.co.kr/news/newspath.asp?newsid=02689606616059792
111,"BMW 하반기 신차러시, 6시리즈 그란투리스모부터 3세대 X3까지",http://www.ftoday.co.kr/news/articleView.html?idxno=79640
112,[오토파이낸스] BMW '뉴 6시리즈 그란 투리스모' 뒷좌석 적재 공간 최대 1800리터,http://biz.chosun.com/site/data/html_dir/2017/09/27/2017092702909.html
113,"[포토] BMW 그룹 코리아, 뉴 6시리즈 그란 투리스모 공개",http://www.segye.com/content/html/2017/09/13/20170913001830.html?OutUrl=naver
114,BMW 뉴 6시리즈 그란 투리스모 공개,http://www.hankookilbo.com/v/94528862ecde43d292dc45e35086e92e
115,"BMW, 파리모터쇼서 뉴 3시리즈 그란투리스모·주행거리 늘린 i3 등 공개",http://www.sedaily.com/NewsView/1L1EYJ6L3E
116,"BMW, 2016 파리 모터쇼서 '뉴 3시리즈 그란 투리스모' 공개",http://www.newsway.co.kr/view.php?tp=1&ud=2016091314130296075
117,"BMW 서비스센터, 부품 입고 '함흥차사'…소비자 발만 동동",http://www.wolyo.co.kr/news/articleView.html?idxno=118686
118,[정태일의 시승기] 세단에 올라탔는데 SUV 상남자로 돌변…100㎞ 이상 주행시 풍절음 증가 아쉬워 - BMW ‘뉴 그란투리스모’,http://news.heraldcorp.com/view.php?ud=20160628000552
119,(시승기)모범생의 탈을 쓴 상남자…BMW 뉴 그란 투리스모,http://news.heraldcorp.com/view.php?ud=20160116000016
120,"[포토]BMW, '뉴 6시리즈 그란 투리스모' 공개",http://www.edaily.co.kr/news/newspath.asp?newsid=02656806616059792
121,"BMW 하반기 신차러시, 6시리즈 그란투리스모부터 3세대 X3까지",http://www.ftoday.co.kr/news/articleView.html?idxno=79640
122,[오토파이낸스] BMW '뉴 6시리즈 그란 투리스모' 뒷좌석 적재 공간 최대 1800리터,http://biz.chosun.com/site/data/html_dir/2017/09/27/2017092702909.html
123,"[포토] BMW 그룹 코리아, 뉴 6시리즈 그란 투리스모 공개",http://www.segye.com/content/html/2017/09/13/20170913001830.html?OutUrl=naver
124,BMW 뉴 6시리즈 그란 투리스모 공개,http://www.hankookilbo.com/v/94528862ecde43d292dc45e35086e92e
125,"BMW, 파리모터쇼서 뉴 3시리즈 그란투리스모·주행거리 늘린 i3 등 공개",http://www.sedaily.com/NewsView/1L1EYJ6L3E
126,"BMW, 2016 파리 모터쇼서 '뉴 3시리즈 그란 투리스모' 공개",http://www.newsway.co.kr/view.php?tp=1&ud=2016091314130296075
127,"BMW 서비스센터, 부품 입고 '함흥차사'…소비자 발만 동동",http://www.wolyo.co.kr/news/articleView.html?idxno=118686
128,[정태일의 시승기] 세단에 올라탔는데 SUV 상남자로 돌변…100㎞ 이상 주행시 풍절음 증가 아쉬워 - BMW ‘뉴 그란투리스모’,http://news.heraldcorp.com/view.php?ud=20160628000552
129,(시승기)모범생의 탈을 쓴 상남자…BMW 뉴 그란 투리스모,http://news.heraldcorp.com/view.php?ud=20160116000016
130,이것이 BMW 뉴 6시리즈 그란 투리스모,http://app.yonhapnews.co.kr/YNA/Basic/SNS/r.aspx?c=PYH20170913097000013&did=1196m
131,"[포토] BMW 그룹 코리아, 뉴 6시리즈 그란 투리스모 공개",http://www.segye.com/content/html/2017/09/13/20170913001830.html?OutUrl=naver
132,BMW 뉴 6시리즈 그란 투리스모 공개,http://www.hankookilbo.com/v/94528862ecde43d292dc45e35086e92e
133,"BMW, 파리모터쇼서 뉴 3시리즈 그란투리스모·주행거리 늘린 i3 등 공개",http://www.sedaily.com/NewsView/1L1EYJ6L3E
134,"BMW, 2016 파리 모터쇼서 '뉴 3시리즈 그란 투리스모' 공개",http://www.newsway.co.kr/view.php?tp=1&ud=2016091314130296075
135,"BMW 서비스센터, 부품 입고 '함흥차사'…소비자 발만 동동",http://www.wolyo.co.kr/news/articleView.html?idxno=118686
136,[정태일의 시승기] 세단에 올라탔는데 SUV 상남자로 돌변…100㎞ 이상 주행시 풍절음 증가 아쉬워 - BMW ‘뉴 그란투리스모’,http://news.heraldcorp.com/view.php?ud=20160628000552
137,(시승기)모범생의 탈을 쓴 상남자…BMW 뉴 그란 투리스모,http://news.heraldcorp.com/view.php?ud=20160116000016
138,"[탐난다, 수입차] BMW 그란투리스모",http://www.fnnews.com/news/201503231702451740
139,완전히 새로운 개념의 BMW 뉴 3시리즈 그란 투리스모,http://daily.hankooki.com/lpage/economy/201503/dh20150316070042138140.htm
140,"[사진]BMW 뉴 6시리즈 그란 투리스모, 비즈니스와 레저 모두 만족",http://www.mt.co.kr/view/mtview.php?type=1&no=2017091311181989791&outlink=1
141,"BMW 서비스센터, 부품 입고 '함흥차사'…소비자 발만 동동",http://www.wolyo.co.kr/news/articleView.html?idxno=118686
142,[정태일의 시승기] 세단에 올라탔는데 SUV 상남자로 돌변…100㎞ 이상 주행시 풍절음 증가 아쉬워 - BMW ‘뉴 그란투리스모’,http://news.heraldcorp.com/view.php?ud=20160628000552
143,(시승기)모범생의 탈을 쓴 상남자…BMW 뉴 그란 투리스모,http://news.heraldcorp.com/view.php?ud=20160116000016
144,"[탐난다, 수입차] BMW 그란투리스모",http://www.fnnews.com/news/201503231702451740
145,완전히 새로운 개념의 BMW 뉴 3시리즈 그란 투리스모,http://daily.hankooki.com/lpage/economy/201503/dh20150316070042138140.htm
146,"[포커스!]BMW 뉴 3시리즈 그란 투리스모, 스타일과 실용성 ‘두 마리 토끼’ 잡다",http://sports.hankooki.com/lpage/economy/201503/sp20150313171206136990.htm
147,[서울모터쇼] BMW 뉴 3시리즈 그란 투리스모 국내 최초 공개,http://www.gukjenews.com/news/articleView.html?idxno=682664
148,[그란투리스모6]BMW 비전 그란 투리스모를 '그란 투리스모 6'에서 공개,http://www.inven.co.kr/webzine/news/?news=110011
149,[시승기]스타일리쉬와 넓은공간 돋보이는 BMW 뉴 그란투리스모,http://www.asiatoday.co.kr/view.php?key=20140407010003907
150,BMW '뉴 6시리즈 그란 투리스모' 공개,http://www.newsis.com/view/?id=NISI20170913_0013377276
151,(시승기)모범생의 탈을 쓴 상남자…BMW 뉴 그란 투리스모,http://news.heraldcorp.com/view.php?ud=20160116000016
152,"[탐난다, 수입차] BMW 그란투리스모",http://www.fnnews.com/news/201503231702451740
153,완전히 새로운 개념의 BMW 뉴 3시리즈 그란 투리스모,http://daily.hankooki.com/lpage/economy/201503/dh20150316070042138140.htm
154,"[포커스!]BMW 뉴 3시리즈 그란 투리스모, 스타일과 실용성 ‘두 마리 토끼’ 잡다",http://sports.hankooki.com/lpage/economy/201503/sp20150313171206136990.htm
155,[서울모터쇼] BMW 뉴 3시리즈 그란 투리스모 국내 최초 공개,http://www.gukjenews.com/news/articleView.html?idxno=682664
156,[그란투리스모6]BMW 비전 그란 투리스모를 '그란 투리스모 6'에서 공개,http://www.inven.co.kr/webzine/news/?news=110011
157,[시승기]스타일리쉬와 넓은공간 돋보이는 BMW 뉴 그란투리스모,http://www.asiatoday.co.kr/view.php?key=20140407010003907
158,"그란투리스모6, 亞 지역 BMW Z4 챌린지 개최",http://www.hankyung.com/news/app/newsview.php?aid=201402180707v
159,BMW 뉴 320d xDrive 그란 투리스모 등 신차 3종 출시,http://www.fnnews.com/view?ra=Sent0601m_01A&corp=fnnews&arcid=201311210100229350011973&cDateYear=2013&cDateMonth=11&cDateDay=21&
160,[서울모터쇼] BMW 뉴 3시리즈 그란 투리스모 국내 최초 공개,http://www.gukjenews.com/news/articleView.html?idxno=682664
161,[그란투리스모6]BMW 비전 그란 투리스모를 '그란 투리스모 6'에서 공개,http://www.inven.co.kr/webzine/news/?news=110011
162,[시승기]스타일리쉬와 넓은공간 돋보이는 BMW 뉴 그란투리스모,http://www.asiatoday.co.kr/view.php?key=20140407010003907
163,"그란투리스모6, 亞 지역 BMW Z4 챌린지 개최",http://www.hankyung.com/news/app/newsview.php?aid=201402180707v
164,BMW 뉴 320d xDrive 그란 투리스모 등 신차 3종 출시,http://www.fnnews.com/view?ra=Sent0601m_01A&corp=fnnews&arcid=201311210100229350011973&cDateYear=2013&cDateMonth=11&cDateDay=21&
165,"폭스바겐, BMW도 했으니까 우리도? '비전 GTI 그란 투리스모' 티저 공개",http://www.kbench.com/life/?no=133961&sc=1
166,"[시승]진보한 럭셔리 GT, BMW 그란투리스모",http://autotimes.hankyung.com/apps/news.sub_view?popup=0&nid=08&c1=08&c2=08&c3=00&nkey=201310140954011
167,"BMW 뉴 5시리즈, 뉴 그란투리스모...″또 다른 성공신화″",http://weekly2.cnbnews.com/category/read_news.html?bcode=236223
168,"BMW, 더 완벽해진 ‘뉴 5시리즈·그란투리스모’ 출시…가격은?",http://www.ajunews.com/kor/view.jsp?newsId=20130925000335
169,"BMW 코리아, 더 완벽해진 '뉴 5시리즈 · 뉴 그란투리스모' 출시",http://kr.aving.net/news/view.php?articleId=722101&Branch_ID=kr&rssid=naver&mn_name=news
170,"폭스바겐, BMW도 했으니까 우리도? '비전 GTI 그란 투리스모' 티저 공개",http://www.kbench.com/life/?no=133961&sc=1
171,"[시승]진보한 럭셔리 GT, BMW 그란투리스모",http://autotimes.hankyung.com/apps/news.sub_view?popup=0&nid=08&c1=08&c2=08&c3=00&nkey=201310140954011
172,"BMW 뉴 5시리즈, 뉴 그란투리스모...″또 다른 성공신화″",http://weekly2.cnbnews.com/category/read_news.html?bcode=236223
173,"BMW, 더 완벽해진 ‘뉴 5시리즈·그란투리스모’ 출시…가격은?",http://www.ajunews.com/kor/view.jsp?newsId=20130925000335
174,"BMW 코리아, 더 완벽해진 '뉴 5시리즈 · 뉴 그란투리스모' 출시",http://kr.aving.net/news/view.php?articleId=722101&Branch_ID=kr&rssid=naver&mn_name=news
175,"BMW 코리아, ‘뉴 5시리즈’ 및 ‘뉴 그란투리스모’ 공식 출시",http://www.fnnews.com/view?ra=Sent0601m_01A&corp=fnnews&arcid=201309250100245480013414&cDateYear=2013&cDateMonth=09&cDateDay=25&
176,[포토엔]BMW 뉴 그란투리스모 ‘매력적인 뒤태’,http://www.newsen.com/news_view.php?uid=201309251130162920
177,"편안한 주행과 실용성이 뛰어난 'BMW, 그란투리스모'",http://biz.chosun.com/site/data/html_dir/2013/07/24/2013072400483.html
178,스타일·실용성 겸비 'BMW 뉴 3시리즈' 그란 투리스모 7월 출시,http://kr.aving.net/news/view.php?articleId=718319&Branch_ID=kr&rssid=naver&mn_name=news
179,"BMW 320d 그란투리스모, 5430만원에 판매",http://biz.heraldcorp.com/view.php?ud=20130607000195
180,"BMW코리아, 뉴 5시리즈·그란투리스모 출시",http://www.moneyweek.co.kr/news/mwView.php?type=1&no=2013092510418014954&outlink=1
181,"BMW 코리아, 뉴 5시리즈 및 그란투리스모 공식 출시",http://www.newscj.com/news/articleView.html?idxno=205578
182,[포토엔]BMW 뉴 그란투리스모 ‘매력적인 뒤태’,http://www.newsen.com/news_view.php?uid=201309251130162920
183,"편안한 주행과 실용성이 뛰어난 'BMW, 그란투리스모'",http://biz.chosun.com/site/data/html_dir/2013/07/24/2013072400483.html
184,스타일·실용성 겸비 'BMW 뉴 3시리즈' 그란 투리스모 7월 출시,http://kr.aving.net/news/view.php?articleId=718319&Branch_ID=kr&rssid=naver&mn_name=news
185,"BMW 320d 그란투리스모, 5430만원에 판매",http://biz.heraldcorp.com/view.php?ud=20130607000195
186,BMW 뉴 3시리즈 그란 투리스모 시승 행사 개최,http://news.mk.co.kr/news_forward.php?domain=news&no=444303&year=2013
187,"[모터쇼]BMW, 3시리즈 그란 투리스모 어떻게 바뀌었나",http://autotimes.hankyung.com/apps/news.sub_view?popup=0&nid=07&c1=07&c2=07&c3=00&nkey=201609291600571
188,"기대작 그란 투리스모 6월 출시 준비하는 BMW, 업계 1위다운 통큰 행보",http://sports.chosun.com/news/ntype.htm?id=201304230100174830013872&servicedate=20130422
189,BMW 뉴 3시리즈 그란 투리스모,http://www.segye.com/Articles/Car/NewCar/Article.asp?aid=20130415001477&subctg1=&subctg2=&OutUrl=naver
190,"BMW 320d 그란투리스모, 5430만원에 판매",http://biz.heraldcorp.com/view.php?ud=20130607000195
191,BMW 뉴 3시리즈 그란 투리스모 시승 행사 개최,http://news.mk.co.kr/news_forward.php?domain=news&no=444303&year=2013
192,"[모터쇼]BMW, 3시리즈 그란 투리스모 어떻게 바뀌었나",http://autotimes.hankyung.com/apps/news.sub_view?popup=0&nid=07&c1=07&c2=07&c3=00&nkey=201609291600571
193,"기대작 그란 투리스모 6월 출시 준비하는 BMW, 업계 1위다운 통큰 행보",http://sports.chosun.com/news/ntype.htm?id=201304230100174830013872&servicedate=20130422
194,BMW 뉴 3시리즈 그란 투리스모,http://www.segye.com/Articles/Car/NewCar/Article.asp?aid=20130415001477&subctg1=&subctg2=&OutUrl=naver
195,<시승기> BMW 그란투리스모 “품격에 실용성을 더했다”,http://www.ajunews.com/common/redirect.jsp?newsId=20130411000368
196,"[2013 서울모터쇼] BMW, '뉴 3시리즈 그란 투리스모' 등 26종 전시",http://www.seoulfn.com/news/articleView.html?idxno=159345
197,"BMW코리아, '320d 그란투리스모' 6월 출시",http://www.mt.co.kr/view/mtview.php?type=1&no=2013032812323177665&outlink=1
198,"[2013 서울모터쇼] BMW, 뉴 320d 그란투리스모 등 아시아 최초 공개",http://www.newspim.com/common/redirect.jsp?newsId=20130327000143
199,[서울모터쇼] BMW① 뉴320d 그란투리스모 등 아시아 최초 공개,http://biz.chosun.com/site/data/html_dir/2013/03/25/2013032501870.html
200,BMW 뉴 3시리즈 그란 투리스모,http://www.segye.com/Articles/Car/NewCar/Article.asp?aid=20130415001477&subctg1=&subctg2=&OutUrl=naver
201,<시승기> BMW 그란투리스모 “품격에 실용성을 더했다”,http://www.ajunews.com/common/redirect.jsp?newsId=20130411000368
202,"[2013 서울모터쇼] BMW, '뉴 3시리즈 그란 투리스모' 등 26종 전시",http://www.seoulfn.com/news/articleView.html?idxno=159345
203,"BMW코리아, '320d 그란투리스모' 6월 출시",http://www.mt.co.kr/view/mtview.php?type=1&no=2013032812323177665&outlink=1
204,"[2013 서울모터쇼] BMW, 뉴 320d 그란투리스모 등 아시아 최초 공개",http://www.newspim.com/common/redirect.jsp?newsId=20130327000143
205,[서울모터쇼] BMW① 뉴320d 그란투리스모 등 아시아 최초 공개,http://biz.chosun.com/site/data/html_dir/2013/03/25/2013032501870.html
206,"BMW 신형 3시리즈 그란투리스모·Z4, ‘제네바 모터쇼’서 최초 공개",http://www.mydaily.co.kr/news/read.html?newsid=201302281541594430&ext=na
207,[BMW 그란투리스모의 3가지 매력] SUV의 넉넉함에 세단의 편안함까지 갖췄다,http://sports.donga.com/3/all/20131031/58578746/3
208,"BMW 코리아, 뉴 5시리즈 및 그란투리스모 공식 출시",http://www.nocutnews.co.kr/Show.asp?IDX=2624473
209,[사진]비지니스와 레저를 모두 충족시키는 BMW 뉴 그란투리스모,http://www.osen.co.kr/article/G1109689541
210,[BMW 그란투리스모의 3가지 매력] SUV의 넉넉함에 세단의 편안함까지 갖췄다,http://sports.donga.com/3/all/20131031/58578746/3
211,"BMW 코리아, 뉴 5시리즈 및 그란투리스모 공식 출시",http://www.nocutnews.co.kr/Show.asp?IDX=2624473
212,[사진]청명한 가을 하늘 아래 출시된 BMW 뉴 5시리즈 및 그란투리스모,http://www.osen.co.kr/article/G1109689546
213,"BMW 그란 투리스모 디젤, 연비마저 사람 홀리네",http://sports.chosun.com/news/ntype.htm?id=201210080100036810003485&servicedate=20121008
214,BMW그룹 코리아 '2013년형 그란 투리스모' 출시,http://www.inews24.com/php/news_view.php?g_serial=693988&g_menu=022200&rrf=nv
215,BMW 코리아 2013년형 그란 투리스모 출시,http://www.asiae.co.kr/news/view.htm?idxno=2012100515003713782
216,[시승기] BMW 320d 그란 투리스모,https://news.naver.com/main/read.naver?mode=LSD&mid=sec&sid1=101&oid=011&aid=0002347799
217,BMW 뉴3시리즈 그란투리스모 내달 출시...5430만~6050만원,http://www.asiae.co.kr/news/view.htm?idxno=2013060707503254530
218,"BMW 코리아, 3시리즈의 실용성 극대화한 '뉴 3시리즈 그란 투리스모' 선보여!",http://kr.aving.net/news/view.php?articleId=609182&Branch_ID=kr&rssid=naver&mn_name=news
219,[2013서울모터쇼] BMW 뉴 3시리즈 그란 투리스모의 실내 공간,http://www.fnnews.com/view?ra=Sent0601m_01A&corp=fnnews&arcid=201303280100278270015424&cDateYear=2013&cDateMonth=03&cDateDay=28&
220,BMW그룹 코리아 '2013년형 그란 투리스모' 출시,http://www.inews24.com/php/news_view.php?g_serial=693988&g_menu=022200&rrf=nv
221,BMW 코리아 2013년형 그란 투리스모 출시,http://www.asiae.co.kr/news/view.htm?idxno=2012100515003713782
222,[시승기] BMW 320d 그란 투리스모,https://news.naver.com/main/read.naver?mode=LSD&mid=sec&sid1=101&oid=011&aid=0002347799
223,BMW 뉴3시리즈 그란투리스모 내달 출시...5430만~6050만원,http://www.asiae.co.kr/news/view.htm?idxno=2013060707503254530
224,"BMW 코리아, 3시리즈의 실용성 극대화한 '뉴 3시리즈 그란 투리스모' 선보여!",http://kr.aving.net/news/view.php?articleId=609182&Branch_ID=kr&rssid=naver&mn_name=news
225,[2013서울모터쇼] BMW 뉴 3시리즈 그란 투리스모의 실내 공간,http://www.fnnews.com/view?ra=Sent0601m_01A&corp=fnnews&arcid=201303280100278270015424&cDateYear=2013&cDateMonth=03&cDateDay=28&
226,"SONY, BMW 비전 그란 투리스모를 그란 투리스모 6에서 공개",http://www.hankyung.com/news/app/newsview.php?aid=201405155079v
227,BMW 뉴 6 시리즈 그란투리스모 미디어 프리뷰 현장스케치 - '이기적인 이를 위한 GT의 등장',http://autoin.edaily.co.kr/news/newspath.asp?newsid=03273446616059792
228,"SCEK, 그란 투리스모 6 아시아 지역 온라인 대회 BMW Z4 챌린지 개최",http://www.technoa.co.kr/news/articleView.html?idxno=80898
229,제네바모터쇼서 'BMW뉴3 그란투리스모' 공개,http://news1.kr/articles/1030816
230,[포토]BMW `그란 투리스모` 다양한 색상!,http://www.edaily.co.kr/news/newspath.asp?newsid=01115206599690296
231,BMW 코리아 2013년형 그란 투리스모 출시,http://www.asiae.co.kr/news/view.htm?idxno=2012100515003713782
232,[시승기] BMW 320d 그란 투리스모,https://news.naver.com/main/read.naver?mode=LSD&mid=sec&sid1=101&oid=011&aid=0002347799
233,BMW 뉴3시리즈 그란투리스모 내달 출시...5430만~6050만원,http://www.asiae.co.kr/news/view.htm?idxno=2013060707503254530
234,"BMW 코리아, 3시리즈의 실용성 극대화한 '뉴 3시리즈 그란 투리스모' 선보여!",http://kr.aving.net/news/view.php?articleId=609182&Branch_ID=kr&rssid=naver&mn_name=news
235,[2013서울모터쇼] BMW 뉴 3시리즈 그란 투리스모의 실내 공간,http://www.fnnews.com/view?ra=Sent0601m_01A&corp=fnnews&arcid=201303280100278270015424&cDateYear=2013&cDateMonth=03&cDateDay=28&
236,"SONY, BMW 비전 그란 투리스모를 그란 투리스모 6에서 공개",http://www.hankyung.com/news/app/newsview.php?aid=201405155079v
237,BMW 뉴 6 시리즈 그란투리스모 미디어 프리뷰 현장스케치 - '이기적인 이를 위한 GT의 등장',http://autoin.edaily.co.kr/news/newspath.asp?newsid=03273446616059792
238,"SCEK, 그란 투리스모 6 아시아 지역 온라인 대회 BMW Z4 챌린지 개최",http://www.technoa.co.kr/news/articleView.html?idxno=80898
239,제네바모터쇼서 'BMW뉴3 그란투리스모' 공개,http://news1.kr/articles/1030816
240,"BMW 코리아, 2013년형 그란 투리스모 출시",http://kmomnews.hankyung.com/news/apps/news.sub_view?popup=0&nid=02&c1=02&c2=01&c3=00&nkey=201210051818051
241,[시승기] BMW 320d 그란 투리스모,https://news.naver.com/main/read.naver?mode=LSD&mid=sec&sid1=101&oid=011&aid=0002347799
242,BMW 뉴3시리즈 그란투리스모 내달 출시...5430만~6050만원,http://www.asiae.co.kr/news/view.htm?idxno=2013060707503254530
243,"BMW 코리아, 3시리즈의 실용성 극대화한 '뉴 3시리즈 그란 투리스모' 선보여!",http://kr.aving.net/news/view.php?articleId=609182&Branch_ID=kr&rssid=naver&mn_name=news
244,[2013서울모터쇼] BMW 뉴 3시리즈 그란 투리스모의 실내 공간,http://www.fnnews.com/view?ra=Sent0601m_01A&corp=fnnews&arcid=201303280100278270015424&cDateYear=2013&cDateMonth=03&cDateDay=28&
245,"SONY, BMW 비전 그란 투리스모를 그란 투리스모 6에서 공개",http://www.hankyung.com/news/app/newsview.php?aid=201405155079v
246,BMW 뉴 6 시리즈 그란투리스모 미디어 프리뷰 현장스케치 - '이기적인 이를 위한 GT의 등장',http://autoin.edaily.co.kr/news/newspath.asp?newsid=03273446616059792
247,"SCEK, 그란 투리스모 6 아시아 지역 온라인 대회 BMW Z4 챌린지 개최",http://www.technoa.co.kr/news/articleView.html?idxno=80898
248,제네바모터쇼서 'BMW뉴3 그란투리스모' 공개,http://news1.kr/articles/1030816
249,"[시승기] 새로운 種의 출현, BMW 그란투리스모 30d",http://www.edaily.co.kr/news/newspath.asp?newsid=01105366596442440
250,[시승기] BMW 320d 그란 투리스모,https://news.naver.com/main/read.naver?mode=LSD&mid=sec&sid1=101&oid=011&aid=0002347799
251,BMW 뉴3시리즈 그란투리스모 내달 출시...5430만~6050만원,http://www.asiae.co.kr/news/view.htm?idxno=2013060707503254530
252,"BMW 코리아, 3시리즈의 실용성 극대화한 '뉴 3시리즈 그란 투리스모' 선보여!",http://kr.aving.net/news/view.php?articleId=609182&Branch_ID=kr&rssid=naver&mn_name=news
253,[2013서울모터쇼] BMW 뉴 3시리즈 그란 투리스모의 실내 공간,http://www.fnnews.com/view?ra=Sent0601m_01A&corp=fnnews&arcid=201303280100278270015424&cDateYear=2013&cDateMonth=03&cDateDay=28&
254,"SONY, BMW 비전 그란 투리스모를 그란 투리스모 6에서 공개",http://www.hankyung.com/news/app/newsview.php?aid=201405155079v
255,BMW 뉴 6 시리즈 그란투리스모 미디어 프리뷰 현장스케치 - '이기적인 이를 위한 GT의 등장',http://autoin.edaily.co.kr/news/newspath.asp?newsid=03273446616059792
256,"SCEK, 그란 투리스모 6 아시아 지역 온라인 대회 BMW Z4 챌린지 개최",http://www.technoa.co.kr/news/articleView.html?idxno=80898
257,제네바모터쇼서 'BMW뉴3 그란투리스모' 공개,http://news1.kr/articles/1030816
258,"[시승기] 새로운 種의 출현, BMW 그란투리스모 30d",http://www.edaily.co.kr/news/newspath.asp?newsid=01105366596442440
259,[타봤어요]`역대급 가성비`‥`패밀리 세단` BMW 6시리즈 GT,http://www.edaily.co.kr/news/newspath.asp?newsid=01216886628982664
260,"BMW, 비즈니스와 레저를 아우르는 뉴 6 시리즈 그란투리스모 공개",http://autoin.edaily.co.kr/news/newspath.asp?newsid=03348886616059792
261,"SCEK, 그란 투리스모 6 아시아 지역 온라인 대회 BMW Z4 챌린지 개최",http://www.technoa.co.kr/news/articleView.html?idxno=80898
262,제네바모터쇼서 'BMW뉴3 그란투리스모' 공개,http://news1.kr/articles/1030816
263,"[시승기] 새로운 種의 출현, BMW 그란투리스모 30d",http://www.edaily.co.kr/news/newspath.asp?newsid=01105366596442440
264,[타봤어요]`역대급 가성비`‥`패밀리 세단` BMW 6시리즈 GT,http://www.edaily.co.kr/news/newspath.asp?newsid=01216886628982664
265,"BMW, 뉴 그란투리스모 출시 “효율에 완벽을 더해”",http://car.donga.com/3/all/20130925/57819263/2
266,"BMW, 그란투리스모 첫 디젤 출시 및 7시리즈 옵션강화",http://sports.chosun.com/news/ntype.htm?id=201108110100084440007298&servicedate=20110810
267,"BMW 코리아, 그란투리스모 디젤 및 7시리즈 옵션강화 모델 선보여",http://kr.aving.net/news/view.php?articleId=205952&Branch_ID=kr&rssid=naver&mn_name=news
268,"아우디와 BMW, '그란투리스모' 자존심 대결",http://news.mk.co.kr/news_forward.php?no=441576&year=2011
269,BMW 뉴320d 그란투리스모 등 신차 출시,http://www.fnnews.com/view?ra=Sent0601m_01A&corp=fnnews&arcid=201311220100237520012403&cDateYear=2013&cDateMonth=11&cDateDay=21&
270,BMW 그란투리스모 첫 디젤 출시 및 7시리즈 옵션강화,http://news.mk.co.kr/news_forward.php?no=517063&year=2011
271,"아우디와 BMW, '그란투리스모' 자존심 대결",http://news.mk.co.kr/news_forward.php?no=441576&year=2011
272,BMW 뉴320d 그란투리스모 등 신차 출시,http://www.fnnews.com/view?ra=Sent0601m_01A&corp=fnnews&arcid=201311220100237520012403&cDateYear=2013&cDateMonth=11&cDateDay=21&
273,[시승기] BMW 뉴 3시리즈 그란투리스모 “요괴를 닮았네”,http://car.donga.com/3/all/20130823/57193355/2
274,"BMW, 뉴 6시리즈 그란 투리스모 첫 선",http://sports.donga.com/3/all/20170918/86389009/3
275,"""BMW 6시리즈 그란투리스모 구경왔어요""",http://www.iusm.co.kr/news/articleView.html?idxno=763064
276,[포토] BMW 6시리즈 그란투리스모 구경 왔어요,http://www.thegolftimes.co.kr/news/articleView.html?idxno=29763
277,"""BMW 6시리즈 그란투리스모 구경왔어요""",http://app.yonhapnews.co.kr/YNA/Basic/SNS/r.aspx?c=PYH20170915176700013&did=1196m
278,BMW ‘뉴 6시리즈 그란 투리스모’ 공개,http://news.donga.com/3/all/20170913/86317561/1
279,BMW `그란투리스모`…휴가철 장거리 여행에 `딱`,http://www.dt.co.kr/contents.html?article_no=2011012102011132718003
280,BMW 그란투리스모 첫 디젤 출시,https://news.naver.com/main/read.naver?mode=LSD&mid=sec&sid1=101&oid=001&aid=0005203976
281,"아우디와 BMW, '그란투리스모' 자존심 대결",http://news.mk.co.kr/news_forward.php?no=441576&year=2011
282,BMW 뉴320d 그란투리스모 등 신차 출시,http://www.fnnews.com/view?ra=Sent0601m_01A&corp=fnnews&arcid=201311220100237520012403&cDateYear=2013&cDateMonth=11&cDateDay=21&
283,[시승기] BMW 뉴 3시리즈 그란투리스모 “요괴를 닮았네”,http://car.donga.com/3/all/20130823/57193355/2
284,"BMW, 뉴 6시리즈 그란 투리스모 첫 선",http://sports.donga.com/3/all/20170918/86389009/3
285,"""BMW 6시리즈 그란투리스모 구경왔어요""",http://www.iusm.co.kr/news/articleView.html?idxno=763064
286,[포토] BMW 6시리즈 그란투리스모 구경 왔어요,http://www.thegolftimes.co.kr/news/articleView.html?idxno=29763
287,"""BMW 6시리즈 그란투리스모 구경왔어요""",http://app.yonhapnews.co.kr/YNA/Basic/SNS/r.aspx?c=PYH20170915176700013&did=1196m
288,BMW ‘뉴 6시리즈 그란 투리스모’ 공개,http://news.donga.com/3/all/20170913/86317561/1
289,BMW `그란투리스모`…휴가철 장거리 여행에 `딱`,http://www.dt.co.kr/contents.html?article_no=2011012102011132718003
290,"BMW, 뉴 6시리즈 그란 투리스모 첫 선",http://sports.donga.com/3/all/20170918/86389009/3
291,"""BMW 6시리즈 그란투리스모 구경왔어요""",http://www.iusm.co.kr/news/articleView.html?idxno=763064
292,[포토] BMW 6시리즈 그란투리스모 구경 왔어요,http://www.thegolftimes.co.kr/news/articleView.html?idxno=29763
293,"""BMW 6시리즈 그란투리스모 구경왔어요""",http://app.yonhapnews.co.kr/YNA/Basic/SNS/r.aspx?c=PYH20170915176700013&did=1196m
294,BMW ‘뉴 6시리즈 그란 투리스모’ 공개,http://news.donga.com/3/all/20170913/86317561/1
295,BMW `그란투리스모`…휴가철 장거리 여행에 `딱`,http://www.dt.co.kr/contents.html?article_no=2011012102011132718003
296,"BMW, 증강현실 앱으로 뉴3 그란 투리스모 광고",http://www.itdaily.kr/atl/view.asp?a_id=42815
297,"BMW 5시리즈와 그란투리스모, 모델 다양화",http://www.etnews.co.kr/news/detail.html?id=201012020017
298,BMW 뉴 5시리즈 및 그란 투리스모 라인업 확대!,http://www.segye.com/Articles/NEWS/ECONOMY/Article.asp?aid=20101201001817&subctg1=&subctg2=
299,[시승기] '야성(野性)과 정숙' 두 얼굴의 'BMW 그란투리스모',http://osen.mt.co.kr/news/view.html?gid=G1011300290
300,"BMW 5시리즈와 그란투리스모, 모델 다양화",http://www.etnews.co.kr/news/detail.html?id=201012020017
301,BMW 뉴 5시리즈 및 그란 투리스모 라인업 확대!,http://www.segye.com/Articles/NEWS/ECONOMY/Article.asp?aid=20101201001817&subctg1=&subctg2=
302,[시승기] '야성(野性)과 정숙' 두 얼굴의 'BMW 그란투리스모',http://osen.mt.co.kr/news/view.html?gid=G1011300290
303,[시승기] 1억원대 BMW ‘그란투리스모’ 타보니…,http://mnm.seoul.co.kr/news/newsView.php?id=20101112040007
304,[시승기] BMW 그란투리스모,https://news.naver.com/main/read.naver?mode=LSD&mid=sec&sid1=101&oid=011&aid=0002107745
305,"[시승기]BMW 그란투리스모, 5시리즈? or 7시리즈?",http://www.moneytoday.co.kr/view/mtview.php?type=1&no=2010101318360819689&outlink=1
306,"BMW 그란 투리스모, '김중만' 마음을 사로 잡다",http://kr.aving.net/news/view.php?articleId=165408&Branch_ID=kr&rssid=naver
307,스타일·실용성 겸비한 'BMW 그란 투리스모' 시승기,https://news.naver.com/main/read.naver?mode=LSD&mid=sec&sid1=103&oid=001&aid=0006302979
308,[신차드라이브] BMW 그란투리스모의 신선함,http://www.etnews.co.kr/news/detail.html?id=201008180188
309,"BMW코리아, 1억대 '그란투리스모' 9대 리콜",http://www.moneytoday.co.kr/view/mtview.php?type=1&no=2010071915351193595&outlink=1
310,[시승기] '야성(野性)과 정숙' 두 얼굴의 'BMW 그란투리스모',http://osen.mt.co.kr/news/view.html?gid=G1011300290
311,[시승기] 1억원대 BMW ‘그란투리스모’ 타보니…,http://mnm.seoul.co.kr/news/newsView.php?id=20101112040007
312,[시승기] BMW 그란투리스모,https://news.naver.com/main/read.naver?mode=LSD&mid=sec&sid1=101&oid=011&aid=0002107745
313,"[시승기]BMW 그란투리스모, 5시리즈? or 7시리즈?",http://www.moneytoday.co.kr/view/mtview.php?type=1&no=2010101318360819689&outlink=1
314,"BMW 그란 투리스모, '김중만' 마음을 사로 잡다",http://kr.aving.net/news/view.php?articleId=165408&Branch_ID=kr&rssid=naver
315,스타일·실용성 겸비한 'BMW 그란 투리스모' 시승기,https://news.naver.com/main/read.naver?mode=LSD&mid=sec&sid1=103&oid=001&aid=0006302979
316,[신차드라이브] BMW 그란투리스모의 신선함,http://www.etnews.co.kr/news/detail.html?id=201008180188
317,"BMW코리아, 1억대 '그란투리스모' 9대 리콜",http://www.moneytoday.co.kr/view/mtview.php?type=1&no=2010071915351193595&outlink=1
318,"'수소차 시장에 진출하나?' BMW, 내년 X5 FCEV 소량 양산",http://www.autodaily.co.kr/news/articleView.html?idxno=427496
319,BMW 그란 투리스모 국내 출시,http://er.asiae.co.kr/erview.htm?idxno=2010061510562713521
320,BMW 그란 투리스모 국내 출시,http://er.asiae.co.kr/erview.htm?idxno=2010061510562713521
321,"BMW 그란 투리스모, 국내 출시!",http://www.pressian.com/article/article.asp?article_num=60100610091526
322,비즈니스와 레저 모두 만족시키는 BMW 그란투리스모 출시,http://www.newsen.com/news_view.php?uid=201006090127002004
323,"양복도, 셔츠도 찰떡궁합 'BMW 그란 투리스모'",http://www.asiae.co.kr/news/view.htm?idxno=2010060808483060411
324,"BMW, '그란 투리스모' 출시…비즈니스·레저 모두 만족",http://www.mydaily.co.kr/news/read.html?newsid=201006081027454433&ext=na
325,"럭셔리 GT의 전형, BMW 그란투리스모",http://www.autotimes.co.kr/article_view.php?id=78518
326,"신차 미리보기 ""BMW 그란투리스모""",http://www.moneytoday.co.kr/view/mtview.php?type=1&no=2010052619163902306&outlink=1
327,‘장거리+고속’ 능력에 연비도 탁월… BMW ‘뉴 320d 그란 투리스모’,http://news.kukinews.com/article/view.asp?page=1&gCode=kmi&arcid=0007105031&cp=nv
328,<It Car - BMW ‘ 뉴 5시리즈 · 그란투리스모’> 뉴 5시리즈 月1200대 판매 ‘베스트셀링카’ 우뚝,http://biz.heraldcorp.com/view.php?ud=20131217000560
329,편안함·고성능이 공존…BMW 그란 투리스모,http://www.khan.co.kr/kh_news/art_view.html?artid=201005171708292&code=920508
330,BMW `고성능에 편안함까지` 그란 투리스모 출시,http://www.edaily.co.kr/news/newspath.asp?newsid=01728566592999752
331,"[포토] 성능, 효율성, 활용성, 디자인 모두 갖춘 'BMW 그란 투리스모'",http://bntnews.hankyung.com/apps/news?popup=0&nid=05&c1=05&c2=05&c3=00&nkey=201006081327083&mode=sub_view
332,"럭셔리 GT의 전형, BMW 그란투리스모",http://www.autotimes.co.kr/article_view.php?id=78518
333,"신차 미리보기 ""BMW 그란투리스모""",http://www.moneytoday.co.kr/view/mtview.php?type=1&no=2010052619163902306&outlink=1
334,‘장거리+고속’ 능력에 연비도 탁월… BMW ‘뉴 320d 그란 투리스모’,http://news.kukinews.com/article/view.asp?page=1&gCode=kmi&arcid=0007105031&cp=nv
335,<It Car - BMW ‘ 뉴 5시리즈 · 그란투리스모’> 뉴 5시리즈 月1200대 판매 ‘베스트셀링카’ 우뚝,http://biz.heraldcorp.com/view.php?ud=20131217000560
336,편안함·고성능이 공존…BMW 그란 투리스모,http://www.khan.co.kr/kh_news/art_view.html?artid=201005171708292&code=920508
337,"BMW코리아, 그란투리스모 디젤 출시··연비 15㎞/ℓ",https://news.naver.com/main/read.naver?mode=LSD&mid=sec&sid1=101&oid=003&aid=0004011561
338,[사진]BMW 5시리즈 그란 투리스모,http://www.moneytoday.co.kr/view/mtview.php?type=1&no=2010010710544222610&outlink=1
339,"BMW 코리아, 뉴 5시리즈 및 그란투리스모 공식 출시",http://www.segye.com/content/html/2013/09/25/20130925002559.html?OutUrl=naver
340,1억원대 BMW ‘그란 투리스모’ 직접 살펴보니…,http://mnm.seoul.co.kr/news/newsView.php?id=20100608040002
341,"[사진]BMW 그란 투리스모, '실내공간과 분리된 트렁크'",http://www.moneytoday.co.kr/view/mtview.php?type=1&no=2010060812173520600&outlink=1
342,"럭셔리 GT의 전형, BMW 그란투리스모",http://www.autotimes.co.kr/article_view.php?id=78518
343,"신차 미리보기 ""BMW 그란투리스모""",http://www.moneytoday.co.kr/view/mtview.php?type=1&no=2010052619163902306&outlink=1
344,‘장거리+고속’ 능력에 연비도 탁월… BMW ‘뉴 320d 그란 투리스모’,http://news.kukinews.com/article/view.asp?page=1&gCode=kmi&arcid=0007105031&cp=nv
345,<It Car - BMW ‘ 뉴 5시리즈 · 그란투리스모’> 뉴 5시리즈 月1200대 판매 ‘베스트셀링카’ 우뚝,http://biz.heraldcorp.com/view.php?ud=20131217000560
346,편안함·고성능이 공존…BMW 그란 투리스모,http://www.khan.co.kr/kh_news/art_view.html?artid=201005171708292&code=920508
347,"BMW코리아, 그란투리스모 디젤 출시··연비 15㎞/ℓ",https://news.naver.com/main/read.naver?mode=LSD&mid=sec&sid1=101&oid=003&aid=0004011561
348,[사진]BMW 5시리즈 그란 투리스모,http://www.moneytoday.co.kr/view/mtview.php?type=1&no=2010010710544222610&outlink=1
349,"BMW 코리아, 뉴 5시리즈 및 그란투리스모 공식 출시",http://www.segye.com/content/html/2013/09/25/20130925002559.html?OutUrl=naver
350,"[포토엔]BMW 그란 투리스모, 뛰어난 개방감의 파노라마 선루프",http://www.newsen.com/news_view.php?uid=201006081246122004
351,"[사진]BMW 그란 투리스모, '실내공간과 분리된 트렁크'",http://www.moneytoday.co.kr/view/mtview.php?type=1&no=2010060812173520600&outlink=1
352,"럭셔리 GT의 전형, BMW 그란투리스모",http://www.autotimes.co.kr/article_view.php?id=78518
353,"신차 미리보기 ""BMW 그란투리스모""",http://www.moneytoday.co.kr/view/mtview.php?type=1&no=2010052619163902306&outlink=1
354,‘장거리+고속’ 능력에 연비도 탁월… BMW ‘뉴 320d 그란 투리스모’,http://news.kukinews.com/article/view.asp?page=1&gCode=kmi&arcid=0007105031&cp=nv
355,<It Car - BMW ‘ 뉴 5시리즈 · 그란투리스모’> 뉴 5시리즈 月1200대 판매 ‘베스트셀링카’ 우뚝,http://biz.heraldcorp.com/view.php?ud=20131217000560
356,편안함·고성능이 공존…BMW 그란 투리스모,http://www.khan.co.kr/kh_news/art_view.html?artid=201005171708292&code=920508
357,"BMW코리아, 그란투리스모 디젤 출시··연비 15㎞/ℓ",https://news.naver.com/main/read.naver?mode=LSD&mid=sec&sid1=101&oid=003&aid=0004011561
358,[사진]BMW 5시리즈 그란 투리스모,http://www.moneytoday.co.kr/view/mtview.php?type=1&no=2010010710544222610&outlink=1
359,"BMW 코리아, 뉴 5시리즈 및 그란투리스모 공식 출시",http://www.segye.com/content/html/2013/09/25/20130925002559.html?OutUrl=naver
360,"[포토엔]BMW 그란 투리스모, 클래식하면서도 스타일리시한 쿠페형",http://www.newsen.com/news_view.php?uid=201006081210112004
361,"[사진]BMW 그란 투리스모, '실내공간과 분리된 트렁크'",http://www.moneytoday.co.kr/view/mtview.php?type=1&no=2010060812173520600&outlink=1
362,"럭셔리 GT의 전형, BMW 그란투리스모",http://www.autotimes.co.kr/article_view.php?id=78518
363,"신차 미리보기 ""BMW 그란투리스모""",http://www.moneytoday.co.kr/view/mtview.php?type=1&no=2010052619163902306&outlink=1
364,‘장거리+고속’ 능력에 연비도 탁월… BMW ‘뉴 320d 그란 투리스모’,http://news.kukinews.com/article/view.asp?page=1&gCode=kmi&arcid=0007105031&cp=nv
365,<It Car - BMW ‘ 뉴 5시리즈 · 그란투리스모’> 뉴 5시리즈 月1200대 판매 ‘베스트셀링카’ 우뚝,http://biz.heraldcorp.com/view.php?ud=20131217000560
366,편안함·고성능이 공존…BMW 그란 투리스모,http://www.khan.co.kr/kh_news/art_view.html?artid=201005171708292&code=920508
367,"BMW코리아, 그란투리스모 디젤 출시··연비 15㎞/ℓ",https://news.naver.com/main/read.naver?mode=LSD&mid=sec&sid1=101&oid=003&aid=0004011561
368,[사진]BMW 5시리즈 그란 투리스모,http://www.moneytoday.co.kr/view/mtview.php?type=1&no=2010010710544222610&outlink=1
369,"BMW 코리아, 뉴 5시리즈 및 그란투리스모 공식 출시",http://www.segye.com/content/html/2013/09/25/20130925002559.html?OutUrl=naver
370,"새로운 장르의 자동차, BMW 그란 투리스모 출시",https://news.naver.com/main/read.naver?mode=LSD&mid=sec&sid1=101&oid=003&aid=0003279690
371,BMW '그란투리스모' 출시,http://news20.busan.com/news/newsController.jsp?subSectionId=1010020000&newsId=20100608000167
372,"럭셔리 GT의 전형, BMW 그란투리스모",http://www.autotimes.co.kr/article_view.php?id=78518
373,"신차 미리보기 ""BMW 그란투리스모""",http://www.moneytoday.co.kr/view/mtview.php?type=1&no=2010052619163902306&outlink=1
374,‘장거리+고속’ 능력에 연비도 탁월… BMW ‘뉴 320d 그란 투리스모’,http://news.kukinews.com/article/view.asp?page=1&gCode=kmi&arcid=0007105031&cp=nv
375,<It Car - BMW ‘ 뉴 5시리즈 · 그란투리스모’> 뉴 5시리즈 月1200대 판매 ‘베스트셀링카’ 우뚝,http://biz.heraldcorp.com/view.php?ud=20131217000560
376,편안함·고성능이 공존…BMW 그란 투리스모,http://www.khan.co.kr/kh_news/art_view.html?artid=201005171708292&code=920508
377,"BMW코리아, 그란투리스모 디젤 출시··연비 15㎞/ℓ",https://news.naver.com/main/read.naver?mode=LSD&mid=sec&sid1=101&oid=003&aid=0004011561
378,[사진]BMW 5시리즈 그란 투리스모,http://www.moneytoday.co.kr/view/mtview.php?type=1&no=2010010710544222610&outlink=1
379,"BMW 코리아, 뉴 5시리즈 및 그란투리스모 공식 출시",http://www.segye.com/content/html/2013/09/25/20130925002559.html?OutUrl=naver
380,"[사진]BMW 그란 투리스모, '깔끔하고 세련된 계기판'",http://www.moneytoday.co.kr/view/mtview.php?type=1&no=2010060812393890524&outlink=1
381,[포토엔]완전히 새로은 장르의 자동차 BMW 그란 투리스모,http://www.newsen.com/news_view.php?uid=201006081204312004
382,"럭셔리 GT의 전형, BMW 그란투리스모",http://www.autotimes.co.kr/article_view.php?id=78518
383,"신차 미리보기 ""BMW 그란투리스모""",http://www.moneytoday.co.kr/view/mtview.php?type=1&no=2010052619163902306&outlink=1
384,‘장거리+고속’ 능력에 연비도 탁월… BMW ‘뉴 320d 그란 투리스모’,http://news.kukinews.com/article/view.asp?page=1&gCode=kmi&arcid=0007105031&cp=nv
385,<It Car - BMW ‘ 뉴 5시리즈 · 그란투리스모’> 뉴 5시리즈 月1200대 판매 ‘베스트셀링카’ 우뚝,http://biz.heraldcorp.com/view.php?ud=20131217000560
386,편안함·고성능이 공존…BMW 그란 투리스모,http://www.khan.co.kr/kh_news/art_view.html?artid=201005171708292&code=920508
387,"BMW코리아, 그란투리스모 디젤 출시··연비 15㎞/ℓ",https://news.naver.com/main/read.naver?mode=LSD&mid=sec&sid1=101&oid=003&aid=0004011561
388,[사진]BMW 5시리즈 그란 투리스모,http://www.moneytoday.co.kr/view/mtview.php?type=1&no=2010010710544222610&outlink=1
389,"BMW 코리아, 뉴 5시리즈 및 그란투리스모 공식 출시",http://www.segye.com/content/html/2013/09/25/20130925002559.html?OutUrl=naver
390,"[사진]BMW 그란 투리스모, '개성 넘치는 뒷모습'",http://www.moneytoday.co.kr/view/mtview.php?type=1&no=2010060812080278278&outlink=1
391,[포토엔]완전히 새로은 장르의 자동차 BMW 그란 투리스모,http://www.newsen.com/news_view.php?uid=201006081204312004
392,"럭셔리 GT의 전형, BMW 그란투리스모",http://www.autotimes.co.kr/article_view.php?id=78518
393,"신차 미리보기 ""BMW 그란투리스모""",http://www.moneytoday.co.kr/view/mtview.php?type=1&no=2010052619163902306&outlink=1
394,‘장거리+고속’ 능력에 연비도 탁월… BMW ‘뉴 320d 그란 투리스모’,http://news.kukinews.com/article/view.asp?page=1&gCode=kmi&arcid=0007105031&cp=nv
395,<It Car - BMW ‘ 뉴 5시리즈 · 그란투리스모’> 뉴 5시리즈 月1200대 판매 ‘베스트셀링카’ 우뚝,http://biz.heraldcorp.com/view.php?ud=20131217000560
396,편안함·고성능이 공존…BMW 그란 투리스모,http://www.khan.co.kr/kh_news/art_view.html?artid=201005171708292&code=920508
397,"BMW코리아, 그란투리스모 디젤 출시··연비 15㎞/ℓ",https://news.naver.com/main/read.naver?mode=LSD&mid=sec&sid1=101&oid=003&aid=0004011561
398,[사진]BMW 5시리즈 그란 투리스모,http://www.moneytoday.co.kr/view/mtview.php?type=1&no=2010010710544222610&outlink=1
399,"BMW 코리아, 뉴 5시리즈 및 그란투리스모 공식 출시",http://www.segye.com/content/html/2013/09/25/20130925002559.html?OutUrl=naver
400,‘장거리+고속’ 능력에 연비도 탁월… BMW ‘뉴 320d 그란 투리스모’,http://news.kukinews.com/article/view.asp?page=1&gCode=kmi&arcid=0007105031&cp=nv
401,<It Car - BMW ‘ 뉴 5시리즈 · 그란투리스모’> 뉴 5시리즈 月1200대 판매 ‘베스트셀링카’ 우뚝,http://biz.heraldcorp.com/view.php?ud=20131217000560
402,편안함·고성능이 공존…BMW 그란 투리스모,http://www.khan.co.kr/kh_news/art_view.html?artid=201005171708292&code=920508
403,"BMW코리아, 그란투리스모 디젤 출시··연비 15㎞/ℓ",https://news.naver.com/main/read.naver?mode=LSD&mid=sec&sid1=101&oid=003&aid=0004011561
404,[사진]BMW 5시리즈 그란 투리스모,http://www.moneytoday.co.kr/view/mtview.php?type=1&no=2010010710544222610&outlink=1
405,"BMW 코리아, 뉴 5시리즈 및 그란투리스모 공식 출시",http://www.segye.com/content/html/2013/09/25/20130925002559.html?OutUrl=naver
406,[사진]BMW 뉴 5시리즈 및 그란투리스모 국내출시,http://www.mt.co.kr/view/mtview.php?type=1&no=2013092511200437680&outlink=1
407,[뉴시스아이즈]시승기-BMW 뉴 3시리즈 '그란 투리스모',http://www.newsis.com/ar_detail/view.html?ar_id=NISX20130902_0012325734&cID=11204&pID=11200
408,"BMW, 더 강력해진 ‘2013년형 그란 투리스모’ 출시",http://www.ajunews.com/common/redirect.jsp?newsId=20121005000458
409,"BMW, 뉴 3시리즈 그란 투리스모, 영종도서 사전 시승행사",http://www.nocutnews.co.kr/Show.asp?IDX=2517978
410,[뉴시스아이즈]시승기-BMW 뉴 3시리즈 '그란 투리스모',http://www.newsis.com/ar_detail/view.html?ar_id=NISX20130902_0012325734&cID=11204&pID=11200
411,"BMW, 더 강력해진 ‘2013년형 그란 투리스모’ 출시",http://www.ajunews.com/common/redirect.jsp?newsId=20121005000458
412,"BMW, 뉴 3시리즈 그란 투리스모, 영종도서 사전 시승행사",http://www.nocutnews.co.kr/Show.asp?IDX=2517978
413,"[2013 서울모터쇼] BMW, 아시아 최초 '뉴 3시리즈 그란 투리스모' 등 공개",http://www.newscj.com/news/articleView.html?idxno=178655
414,"[포토]BMW, '뉴 6시리즈 그란 투리스모' 탄생",http://www.asiatoday.co.kr/view.php?key=20170913010006382
415,비즈니스와 레저 두 가지를 위한 BMW 그란 투리스모 출시,http://biz.heraldm.com/common/redirect.jsp?category_id=010802000000&news_id=20100609000425
416,국내에 상륙한 'BMW 그란 투리스모 익스클루시브',https://news.naver.com/main/read.naver?mode=LSD&mid=sec&sid1=101&oid=003&aid=0003280056
417,"BMW, 7시리즈·그란투리스모 '핵안보정상회의' 의전차 지원",http://news.etomato.com/pagelog/popup_log.asp?newsseq=230871
418,"BMW, 그란투리스모 디젤 출시",http://www.autotimes.co.kr/article_view.php?id=126392
419,쿠페와 승용을 결합한 트랜스포머 ‘BMW3 그란투리스모’ 출시,http://www.econovill.com/archives/97301
420,[포토] BMW 뉴 6시리즈 그란 투리스모 출시,http://news.mk.co.kr/newsRead.php?year=2017&no=616175
421,비즈니스와 레저 두 가지를 위한 BMW 그란 투리스모 출시,http://biz.heraldm.com/common/redirect.jsp?category_id=010802000000&news_id=20100609000425
422,국내에 상륙한 'BMW 그란 투리스모 익스클루시브',https://news.naver.com/main/read.naver?mode=LSD&mid=sec&sid1=101&oid=003&aid=0003280056
423,"BMW, 7시리즈·그란투리스모 '핵안보정상회의' 의전차 지원",http://news.etomato.com/pagelog/popup_log.asp?newsseq=230871
424,"BMW, 그란투리스모 디젤 출시",http://www.autotimes.co.kr/article_view.php?id=126392
425,"BMW, 2013년형 그란 투리스모 출시",https://news.naver.com/main/read.naver?mode=LSD&mid=sec&sid1=101&oid=001&aid=0005853520
426,쿠페와 승용을 결합한 트랜스포머 ‘BMW3 그란투리스모’ 출시,http://www.econovill.com/archives/97301
427,BMW그란투리스모와 사진작가가 만나면?,http://www.moneytoday.co.kr/view/mtview.php?type=1&no=2010080310151929823&outlink=1
428,BMW 그란투리스모 자발적 리콜,http://www.zdnet.co.kr/ArticleView.asp?artice_id=20100719162242
429,BMW 그란투리스모를 타고 하늘까지 이어진 길을 달렸다,http://www.gqkorea.co.kr/content/view_02.asp?menu_id=04040100&c_idx=010911000000004
430,"BMW, 2013년형 그란 투리스모 출시",https://news.naver.com/main/read.naver?mode=LSD&mid=sec&sid1=101&oid=001&aid=0005853522
431,쿠페와 승용을 결합한 트랜스포머 ‘BMW3 그란투리스모’ 출시,http://www.econovill.com/archives/97301
432,BMW그란투리스모와 사진작가가 만나면?,http://www.moneytoday.co.kr/view/mtview.php?type=1&no=2010080310151929823&outlink=1
433,BMW 그란투리스모 자발적 리콜,http://www.zdnet.co.kr/ArticleView.asp?artice_id=20100719162242
434,"장거리 여행에 딱 좋은 차…""BMW `그란 투리스모`""",http://www.dt.co.kr/contents.html?article_no=2010060902011032718001
435,BMW 그란투리스모를 타고 하늘까지 이어진 길을 달렸다,http://www.gqkorea.co.kr/content/view_02.asp?menu_id=04040100&c_idx=010911000000004
436,‘전혀 새로운 장르 창조’ BMW 그란투리스모,http://www.khan.co.kr/kh_news/art_view.html?artid=201005171705542&code=920508
437,BMW 뉴 5시리즈·그란투리스모 출시,https://news.naver.com/main/read.naver?mode=LSD&mid=sec&sid1=101&oid=001&aid=0006499868
438,[포토엔]김중만 ‘BMW 그란 투리스모 침대처럼 너무 편했어요’,http://www.newsen.com/news_view.php?uid=201008261329052004
439,예술작품으로 바뀐 BMW 뉴5시리즈 그란투리스모,http://www.moneytoday.co.kr/view/mtview.php?type=1&no=2010042118351450767&outlink=1
440,[포토엔]김중만 ‘BMW 그란 투리스모 침대처럼 너무 편했어요’,http://www.newsen.com/news_view.php?uid=201008261329052004
441,"사진작가 김중만, BMW 그란 투리스모와 만나다",http://kr.aving.net/news/view.php?articleId=163671&Branch_ID=kr&rssid=naver
442,예술작품으로 바뀐 BMW 뉴5시리즈 그란투리스모,http://www.moneytoday.co.kr/view/mtview.php?type=1&no=2010042118351450767&outlink=1
443,"[레알시승기]BMW 뉴 320d 그란 투리스모, ""시판 전 타보니..""",http://www.nocutnews.co.kr/Show.asp?IDX=2522761
444,"BMW 뉴 3시리즈 그란 투리스모, 중국 최초 공개",http://www.newscj.com/news/articleView.html?idxno=182425
445,BMW 그란 투리스모? ‘세단+레저’ 두 얼굴 매력,http://sports.donga.com/3/all/20130407/54266536/3
446,BMW 코리아 뉴5·그란투리스모 출시,https://news.naver.com/main/read.naver?mode=LSD&mid=sec&sid1=102&oid=086&aid=0002170083
447,BMW 그란투리스모 30d,https://news.naver.com/main/read.naver?mode=LSD&mid=sec&sid1=101&oid=003&aid=0004011629
448,"BMW 코리아, 뉴 5시리즈 및 그란투리스모 공식 출시 外",http://sports.donga.com/3/all/20130925/57818953/1
449,[포토] BMW 뉴 3시리즈 그란투리스모 ‘실용성에 중점’,http://car.donga.com/3/all/20130715/56459698/2
450,"[레알시승기]BMW 뉴 320d 그란 투리스모, ""시판 전 타보니..""",http://www.nocutnews.co.kr/Show.asp?IDX=2522761
451,"BMW 뉴 3시리즈 그란 투리스모, 중국 최초 공개",http://www.newscj.com/news/articleView.html?idxno=182425
452,BMW 그란 투리스모? ‘세단+레저’ 두 얼굴 매력,http://sports.donga.com/3/all/20130407/54266536/3
453,BMW 코리아 뉴5·그란투리스모 출시,https://news.naver.com/main/read.naver?mode=LSD&mid=sec&sid1=102&oid=086&aid=0002170083
454,BMW 그란투리스모 30d,https://news.naver.com/main/read.naver?mode=LSD&mid=sec&sid1=101&oid=003&aid=0004011629
455,"BMW 코리아, 뉴 5시리즈 및 그란투리스모 공식 출시 外",http://sports.donga.com/3/all/20130925/57818953/1
456,[포토] BMW 뉴 3시리즈 그란투리스모 ‘실용성에 중점’,http://car.donga.com/3/all/20130715/56459698/2
457,"[포토] “역동적 디자인, 효율성은 기본” BMW, 뉴 3시리즈 그란 투리스모",http://car.donga.com/3/all/20130607/55699389/2
458,"BMW코리아, 2013년형 그란투리스모 판매",http://autotimes.hankyung.com/apps/news.sub_view?popup=0&nid=03&c1=03&c2=03&c3=00&nkey=201210051458251
459,"[시승기]BMW 그란투리스모(GT), 4륜구동의 힘",http://www.moneytoday.co.kr/view/mtview.php?type=1&no=2011121419530068546&outlink=1
460,"[포토] BMW, 뉴 3시리즈 그란 투리스모 “궁금했던 실내는…”",http://car.donga.com/3/all/20130607/55699455/2
461,"BMW코리아, 2013년형 그란투리스모 판매",http://autotimes.hankyung.com/apps/news.sub_view?popup=0&nid=03&c1=03&c2=03&c3=00&nkey=201210051458251
462,"[시승기]BMW 그란투리스모(GT), 4륜구동의 힘",http://www.moneytoday.co.kr/view/mtview.php?type=1&no=2011121419530068546&outlink=1
463,"[2009 상하이모터쇼]BMW, 5시리즈 '그란 투리스모' 아시아 최초 공개",http://aving.net/atc/read.asp?c_num=123784&Branch_ID=kr
464,<포토> BMW 뉴 5시리즈·그란투리스모 공식 출시,http://biz.heraldcorp.com/view.php?ud=20130925000568
465,"BMW코리아, 폴포츠에 액티브하이브리드7, 그란투리스모 제공",http://www.newspim.com/common/redirect.jsp?newsId=20110107000356
466,[BMW와 함께하는 명품 CAR TALK] 바흐의 음악 같은 그란 투리스모 “여행 떠나고 싶어져요”,http://sports.donga.com/3/all/20130407/54266530/3
467,"사진작가 김중만, BMW 그란투리스모에 반했다",http://www.hankyung.com/news/app/newsview.php?aid=201008037065g
468,"<오토 브리핑>BMW코리아, 그란투리스모 자발적 리콜",http://biz.heraldm.com/common/redirect.jsp?category_id=010107041300&news_id=20100720000142
469,"BMW코리아, 그란투리스모 9대 리콜 실시",http://www.autotimes.co.kr/article_view.php?id=83173
470,"사진작가 김중만, BMW 그란투리스모에 반했다",http://www.hankyung.com/news/app/newsview.php?aid=201008037065g
471,"<오토 브리핑>BMW코리아, 그란투리스모 자발적 리콜",http://biz.heraldm.com/common/redirect.jsp?category_id=010107041300&news_id=20100720000142
472,"BMW코리아, 그란투리스모 9대 리콜 실시",http://www.autotimes.co.kr/article_view.php?id=83173
473,"BMW 그란 투리스모, 다이내믹과 우아함의 공존",http://www.newspim.com/sub_view.php?cate1=6&cate2=5&news_id=365091
474,"[그란투리스모6]그란 투리스모 6, BMW Z4 챌린지 및 1.04 업데이트 실시",http://www.inven.co.kr/webzine/news/?news=103382
475,BMW，그란 투리스모 신차 발표회,http://www.fnnews.com/view?ra=Sent0601m_01A&corp=fnnews&arcid=0922007612&cDateYear=2010&cDateMonth=06&cDateDay=08&
476,"[서울모터쇼] BMW, 뉴 3시리즈 그란 투리스모 아시아 최초 공개",http://www.ebn.co.kr/news/n_view.html?id=597650
477,BMW 그란투리스모 美서 6천대 리콜,http://www.etoday.co.kr/news/section/newsview.php?TM=news&SM=0405&idxno=340390
478,[CAR & BRAND] 시승기/BMW ‘그란투리스모’,http://news.donga.com/3/all/20100721/30022335/1
479,"[포토on] BMW 그란 투리스모, '감각적인 디자인'",http://www.segye.com/Articles/NEWS/ECONOMY/Article.asp?aid=20100608002176&subctg1=&subctg2=
480,BMW 그란투리스모 美서 6천대 리콜,http://www.etoday.co.kr/news/section/newsview.php?TM=news&SM=0405&idxno=340390
481,[CAR & BRAND] 시승기/BMW ‘그란투리스모’,http://news.donga.com/3/all/20100721/30022335/1
482,"BMW, 그란투리스모 9대 자발적 리콜",http://www.hankyung.com/news/app/newsview.php?aid=201007195464g
483,"[포토on] BMW 그란 투리스모, '감각적인 디자인'",http://www.segye.com/Articles/NEWS/ECONOMY/Article.asp?aid=20100608002176&subctg1=&subctg2=
484,"[경향포토]BMW 코리아, 뉴5 그란투리스모 출시",http://www.khan.co.kr/kh_news/art_view.html?artid=201309251343561&code=920508
485,"BMW, 뉴 그란투리스모 출시",http://news.kukinews.com/article/view.asp?page=1&gCode=kmi&arcid=0007590760&cp=nv
486,['카'이벌] ‘짐차’ 이미지 벗은 ‘변종’… 볼보 V60 CC vs BMW 3 GT,http://moneys.mt.co.kr/news/mwView.php?no=2021031116568044737
487,[자동차 단신]BMW ‘그란 투리스모’ 外,http://www.khan.co.kr/kh_news/art_view.html?artid=201006131716445&code=920508
488,BMW '그란 투리스모' 국내 출시,https://news.naver.com/main/read.naver?mode=LSD&mid=sec&sid1=101&oid=001&aid=0003319164
489,<제네바 모터쇼>BMW의 컨셉트카 '그란 투리스모',https://news.naver.com/main/read.naver?mode=LSD&mid=sec&sid1=104&oid=003&aid=0002557296
490,"[포토on] BMW 그란 투리스모, '넓은 트렁크 공간'",http://www.segye.com/Articles/NEWS/ECONOMY/Article.asp?aid=20100608002174&subctg1=&subctg2=
491,"[경향포토]BMW 코리아, 뉴5 그란투리스모 출시",http://www.khan.co.kr/kh_news/art_view.html?artid=201309251343561&code=920508
492,"BMW, 뉴 그란투리스모 출시",http://news.kukinews.com/article/view.asp?page=1&gCode=kmi&arcid=0007590760&cp=nv
493,['카'이벌] ‘짐차’ 이미지 벗은 ‘변종’… 볼보 V60 CC vs BMW 3 GT,http://moneys.mt.co.kr/news/mwView.php?no=2021031116568044737
494,[자동차 단신]BMW ‘그란 투리스모’ 外,http://www.khan.co.kr/kh_news/art_view.html?artid=201006131716445&code=920508
495,BMW '그란 투리스모' 국내 출시,https://news.naver.com/main/read.naver?mode=LSD&mid=sec&sid1=101&oid=001&aid=0003319164
496,<제네바 모터쇼>BMW의 컨셉트카 '그란 투리스모',https://news.naver.com/main/read.naver?mode=LSD&mid=sec&sid1=104&oid=003&aid=0002557296
497,"그란투리스모 6, BMW의 최신 모델! 게임에서 먼저 맛보다",http://www.gamemeca.com/mv.php?inflow=naver_s&gid=462858
498,"BMW 코오롱 모터스 ""롯데호텔 서울과 ‘BMW SUITE 6 패키지’ 선봬""",http://sports.hankooki.com/lpage/economy/202011/sp20201119174731136990.htm?s_ref=nv
499,"BMW 코오롱 모터스, 롯데호텔 서울과 'BMW SUITE 6 패키지' 출시",http://www.dailysmart.co.kr/news/articleView.html?idxno=35935
