,title,url
0,"GV70, 美서 BMW, 렉서스보다 우수 평가",http://news.mk.co.kr/newsRead.php?no=381637&year=2022
1,"""당당히 경쟁할 수 있다""... 제네시스 GV70, 美 전문지 평가서 BMW·렉서스 제쳐",https://economist.co.kr/2022/04/29/industry/normal/20220429143108306.html
2,"中 CATL, 美 배터리 공장설립 가속도…“포드·BMW와 협상중”",https://biz.chosun.com/international/international_general/2022/05/06/PCMJKMXEB5AUFI6ZXQFOGCET7M/?utm_source=naver&utm_medium=original&utm_campaign=biz
3,"제네시스 GV70, BMW·렉서스 눌렀다… 해외 매체 비교평가 1위",http://moneys.mt.co.kr/news/mwView.php?no=2022042916335097894
4,"CATL, 美에 공장 구축으로 BMW·포드에 배터리 납품한다",https://www.hellot.net/news/article.html?no=67956
5,"Genesis GV70 rated above BMW X3, Lexus RX350",http://www.koreaherald.com/view.php?ud=20220429000498
6,제네시스 GV70 스포츠 vs. BMW X3 M40i..과연 품질력 평가 결과는?,http://www.dailycar.co.kr/content/news.html?type=view&autoId=44040
7,"제네시스 GV70, 美 ‘카앤드라이버’ 비교평가서 BMW, 렉서스 제치고 1위",http://www.sportsworldi.com/newsView/20220502500843
8,"한국타이어, BMW 첫 순수전기차 i4 신차용 타이어 공급",https://www.yna.co.kr/view/AKR20220414052000003?did=1195m
9,"이종호 과기장관 후보자 재산 160억…서초 아파트, 합천 논, BMW X3 등",https://news.imaeil.com/page/view/2022041421583988212
10,"BMW, 전기차 1000만대 공급 '순환경제' 가속폐달 밟는다",https://www.ajunews.com/view/20220501124653458
11,"한국타이어, BMW ‘i4’에 신차용 타이어 공급",http://www.rpm9.com/news/article.html?id=20220415090027
12,"[인터뷰] 구승회 BMW 판매왕, ‘3200대’ 대기록… 20년 노하우 들어보니",https://www.asiatoday.co.kr/view.php?key=20220426010015954
13,"한국타이어, BMW 최초 순수전기 그란쿠페 ‘i4’에 신차용 타이어 공급",http://www.sportsworldi.com/newsView/20220416501030
14,"한국타이어, BMW 그란쿠페 ‘i4’ 신차용 타이어 공급",http://amenews.kr/news/view.php?idx=48475
15,"[車뷰] 현대차 ‘더 뉴 팰리세이드’?기아 ‘더 뉴 텔루라이드’?제네시스 ‘엑스 스피디움 쿠페’ 콘셉트 공개… 한국타이어, BMW i4에 탑재",http://theviewers.co.kr/View.aspx?No=2277481
16,볼보 ‘조용한 질주’… 4월 수입차 판매 3위,http://www.fnnews.com/news/202205081800572468
17,"""수입차도 반도체 타격"" 4월 판매, 지난해보다 9.8% 감소",http://www.gpkorea.com/news/articleView.html?idxno=85496
18,"되살아난 BMW코리아, 996억 벌고 700억 본사배당",http://news.bizwatch.co.kr/article/industry/2022/04/11/0013
19,"BMW, 스포티 매력 UP '뉴 X3·4' 국내 공식 출시",http://www.slist.kr/news/articleView.html?idxno=307339
20,[시승기] 다이내믹한 주행감 돋보이는 전기차 BMW i4,https://biz.newdaily.co.kr/site/data/html/2022/04/15/2022041500116.html
21,"`블랙 위도우` BMW X3, 마블 슈퍼 히어로 카 첫 등장",http://www.gpkorea.com/news/articleView.html?idxno=75429
22,"[시승기] BMW X3 M40i, 안팎으로 꿈틀대는 ‘젊은 피’",https://www.asiatoday.co.kr/view.php?key=20210524010012340
23,[단독] X3 M40i 신차 국내 포착…마일드 하이브리드 출시하나,http://www.econovill.com/news/articleView.html?idxno=571351
24,수입車 판매 감소에도 '벤츠·BMW' 양강체제 강화,http://www.m-i.kr/news/articleView.html?idxno=911372
25,[신차탐방]'2022 BMW X3 M스포츠' 구석구석 살펴봤습니다,http://www.mediapen.com/news/view/690036
26,[시승기]신형 BMW X3 20i M스포츠…GV70과 어떻게 다를까?,http://www.mediapen.com/news/view/690618
27,"BMW코리아, 12월‘뉴 X3 M·뉴 M4 쿠페 M’ 온라인 출시",http://www.newsway.co.kr/news/view?tp=1&ud=2021113009243171504
28,[시승기] 일타쌍피 노리는 BMW X3 xDrive 30e,http://www.iminju.net/news/articleView.html?idxno=58130
29,[이주의 차] BMW 뉴 X3 한정판 외,http://isplus.live.joins.com/news/article/article.asp?total_id=24173849
30,"[주간 차차차] ""내가 M이다"" 성능 키운 두형제 'BMW X3, 4 M 컴페티션'",http://www.seoulwire.com/news/articleView.html?idxno=454962
31,"BMW, 뉴 X3 M 컴페티션 · 뉴 X4 M 컴페티션 출시",http://www.rpm9.com/news/article.html?id=20211111090009
32,BMW 뉴 X3 M 컴페티션과 뉴 X4 M 컴페티션 국내 공식 출시,http://www.autodaily.co.kr/news/articleView.html?idxno=430318
33,"M을 만나 강력해진 BMW X3와 X4, 최고출력 510마력",http://www.osen.co.kr/article/G1111427165
34,"[수입차 이모저모] BMW-렉서스-포르쉐, 뉴 X3·X4 출시 外",http://www.koreastocknews.com/news/articleView.html?idxno=67850
35,"""신형만 기다렸다""…BMW X3, 출시하자마자 '대박'",http://www.mediapen.com/news/view/675550
36,"더 커진 코, 더 얇아진 눈… 더 세련된 BMW ‘뉴 X3·X4’",https://www.seoul.co.kr/news/newsView.php?id=20211115019003&wlog_tag3=naver
37,"BMW, 스타일 확 바꾼 뉴 X3 · 뉴 X4 국내 공식 출시",http://www.rpm9.com/news/article.html?id=20211102090001
38,"BMW, 뉴 X3·뉴 X4 국내 출시…6440만원부터",http://www.newsis.com/view/?id=NISX20211101_0001635204&cID=13001&pID=13000
39,"BMW '뉴 X3' '뉴 X4' 국내 출시, 디자인 바꾸고 편의사양 강화 ",http://www.osen.co.kr/article/G1111684044
40,"BMW코리아, 뉴 X3·X4 국내 공식 출시…각 6640·6670만원부터",https://view.asiae.co.kr/article/2021110109462179808
41,"BMW, 고성능 SUV '뉴 X3' '뉴 X4' 출시",https://www.ebn.co.kr/news/view/1506266/?sc=Naver
42,"BMW코리아, '뉴 X3·뉴 X4' 국내 출시…6천440만원부터",http://news.einfomax.co.kr/news/articleView.html?idxno=4174721
43,역동적인 주행성능 ‘BMW 뉴 X3·뉴 X4’ 최대 9600만원,http://moneys.mt.co.kr/news/mwView.php?no=2021110208328088967
44,BMW 320d 등 '엔진 컨트롤 유닛' 결함…6028대 리콜,http://www.consumuch.com/news/articleView.html?idxno=54569
45,운전자 보조기능·새 디자인 장착...BMW 뉴 X3·X4 라인업 강화,http://news.heraldcorp.com/view.php?ud=20211102000480
46,"BMW코리아, ‘X3·X4’ 부분변경 모델 출시… ‘M 스포츠프로’ 트림 신설",https://www.donga.com/news/article/all/20211101/110022692/2
47,"BMW, 뉴 X3·X4 국내 공식 출시…6440만원부터",http://www.inews24.com/view/1417185
48,BMW ‘뉴 X3-뉴 X4’ 국내 공식 출격,http://www.lawissue.co.kr/view.php?ud=20211101170718187267191f6c6e_12
49,"BMW코리아, 뉴 X3·X4 출시…'최신 운전자 보조' 기본 탑재",http://www.etnews.com/20211101000037
50,"한국타이어, 'BMW 드라이빙센터' 8년 연속 타이어 독점 공급",http://www.businesskorea.co.kr/news/articleView.html?idxno=89491
51,"한국타이어, BMW 드라이빙센터 시승 차량에 8년 연속 타이어 독점 공급",http://www.consumernews.co.kr/news/articleView.html?idxno=645795
52,"한국타이어, 'BMW 드라이빙 센터' 8년 연속 타이어 독점 공급",http://www.shinailbo.co.kr/news/articleView.html?idxno=1530126
53,"한국타이어, ‘BMW 드라이빙센터’ 타이어 독점 공급…8년 연속",http://www.sentv.co.kr/news/view/614746
54,"한국타이어, 'BMW 드라이빙센터'에 8년 연속 타이어 독점 공급",http://www.kpinews.co.kr/news/articleView.html?idxno=172455
55,"한국타이어, ‘BMW 드라이빙센터’ 8년 연속 타이어 독점 공급",https://www.dailian.co.kr/news/view/1095723/?sc=Naver
56,"한국타이어, ‘BMW 드라이빙센터’에 8년 연속 타이어 독점 공급",http://moneys.mt.co.kr/news/mwView.php?no=2022032313398011936
57,"한국타이어, 'BMW 드라이빙센터' 8년 연속 타이어 독점 공급",http://www.seoulwire.com/news/articleView.html?idxno=465392
58,"한국타이어, BMW 드라이빙 센터 8년 연속 독점 공급",http://www.newsprime.co.kr/news/article.html?no=563478
59,"한국타이어, ‘BMW 드라이빙센터’ 8년 연속 타이어 독점 공급",http://www.thedrive.co.kr/news/newsview.php?ncode=1065574720027591
60,"한국타이어, BMW 고성능 브랜드 'X3 M'·'X4 M'에 신차용 타이어 공급",http://www.paxetv.com/news/articleView.html?idxno=122176
61,"한국타이어, BMW X3·X4 M에 신차용 타이어 공급",http://www.seoulfn.com/news/articleView.html?idxno=425853
62,"한국타이어, BMW 'X3 M, X4 M'에 신차용 타이어 공급",http://www.newspim.com/news/view/20210716000609
63,"한국타이어, BMW ‘X3 M, X4 M’ 신차용 타이어 공급",http://www.edaily.co.kr/news/newspath.asp?newsid=01889286629115176
64,"한국타이어, BMW M 'X3 M'·'X4 M'에 신차용 타이어 공급",https://www.news1.kr/articles/?4373572
65,"한국타이어, BMW 고성능 브랜드 M 라인업 'X3 M, X4 M'에 신차용 타이어 공급",http://www.getnews.co.kr/news/articleView.html?idxno=540438
66,"한국타이어, BMW X3·X4 M에 신차용 타이어 제공",http://news.heraldcorp.com/view.php?ud=20210716000164
67,"한국타이어, BMW 'M' 도 뚫었다… 고성능 SUV ‘X3 M-X4 M’ 신차용 타이어 공급",http://moneys.mt.co.kr/news/mwView.php?no=2021071610008018655
68,"한국타이어, BMW 'X3 M·X4 M'에 신차용 타이어 공급",http://www.inews24.com/view/1386047
69,"한국타이어, BMW 고성능 모델 ‘X3 M’·'X4 M’에 신차용 타이어 공급",https://www.sedaily.com/NewsView/22OYKQI10H
70,"BMW X3, 벤츠 GLC 넘을까…수입 중형 SUV 경쟁 '후끈'",http://www.mediapen.com/news/view/313384
71,"[별별시승] 묵직한 주행감, 넓은 뒷좌석···BMW X3 xDrive30e",https://www.sedaily.com/NewsView/22L9TP7SWL
72,"제네시스 GV70, 美권위지 비교평가서 BMW, 렉서스 앞질러",https://www.etoday.co.kr/news/view/2129070
73,BMW 3세대 뉴 X3 글로벌 베일을 벗다,http://sports.hankooki.com/lpage/economy/201706/sp20170629171642136980.htm
74,"BMW, 3세대 뉴 X3 글로벌 공개",http://www.gukjenews.com/news/articleView.html?idxno=736307
75,"BMW, 올해 하반기 국내 시장에 선보일 3세대 '뉴 X3' 글로벌 공개",http://kr.aving.net/news/view.php?articleId=1379055&Branch_ID=kr&rssid=naver&mn_name=news
76,"BMW, 3세대 뉴 X3 최초 공개",http://car.tvreport.co.kr/?c=news&m=newsview&idx=656699
77,"BMW, 3세대 뉴 X3 공개…""SUV 제로백이 4.8초""",http://www.dailian.co.kr/news/view/642830/?sc=naver
78,"BMW, 3세대 뉴 X3 글로벌 공개…올 겨울 국내 출시",http://www.ebn.co.kr/news/view/898232
79,"BMW, 3세대 뉴 X3 글로벌 공개… 국내 겨울 출시",http://www.kukinews.com/news/article.html?no=464208
80,"[시승기] BMW 'X3', 소형 SUV가 흉내낼 수 없는 '즐거움'",http://www.khan.co.kr/kh_news/art_view.html?artid=201502081702121&code=920508
81,"""38세 무직인데, BMW""…매달 21만 원 이자+원금 2천 원 갚아",http://mbn.mk.co.kr/pages/news/newsView.php?category=mbn00009&news_seq_no=4663187
82,"BMW 코리아 12월 온라인 한정 에디션 출시, 8~9대 한정 판매",http://www.sportsseoul.com/news/read/1081695?ref=naver
83,"BMW 코리아, 12월 온라인 한정 에디션 2종 출시",http://www.rpm9.com/news/article.html?id=20211201090002
84,"BMW 코리아, 12월 온라인 한정 에디션 2종 출시",http://kr.aving.net/news/view.php?articleId=1659349&Branch_ID=kr&rssid=naver&mn_name=news
85,"BMW코리아, 12월 온라인 한정 에디션 2종 출시",http://apnews.kr/View.aspx?No=2132334
86,"BMW, 12월 한정 모델 '온라인으로만' 판다",https://www.sedaily.com/NewsView/22U7U55EWL
87,"BMW 코리아, 12월 온라인 한정 에디션 2종… 7일 오후 3시 출시",http://www.segyebiz.com/newsView/20211130518678?OutUrl=naver
88,"BMW코리아, 12월 온라인 에디션 2종 출시",http://autotimes.hankyung.com/apps/news.sub_view?popup=0&nid=02&c1=02&c2=02&c3=00&nkey=202111300951381
89,"BMW 코리아, 12월 온라인 한정 에디션 출시",https://www.dnews.co.kr/uhtml/view.jsp?idxno=202111301527213830758
90,"[시승기] 17.2㎞/ℓ 연비의 SUV, BMW X3",http://www.fnnews.com/view?ra=Sent0601m_01A&corp=fnnews&arcid=110615174911&cDateYear=2011&cDateMonth=06&cDateDay=15&
91,"8천만원 BMW '올 대출'로 산 38세 무직男..""내년엔 직업 구할 것""",http://www.fnnews.com/news/202112210824051893
92,"신형 4륜구동, 17.2km/ℓ 발휘하는 BMW 뉴X3 출시",http://www.moneytoday.co.kr/view/mtview.php?type=1&no=2011021710544037290&outlink=1
93,"BMW, 고성능 SUV ‘X4 M’·‘X3 M’ 부분변경 계획..과연 파워는?",http://www.dailycar.co.kr/content/news.html?type=view&autoId=38632
94,"BMW코리아, 인천시·IFEZ와 'R&D센터 건립' MOU 체결",http://www.mediapen.com/news/view/686708
95,"제네시스, 고성능 `GV70 N`으로 BMW X3 M에 도전하나",http://www.gpkorea.com/news/articleView.html?idxno=73119
96,중형 SUV로 경쟁력 강화한 BMW···벤츠와 간격 더 좁히나,http://www.sisajournal-e.com/news/articleView.html?idxno=241843
97,GV70 선호옵션 장착 5800만원…벤츠 GLC·BMW X3 저격,https://www.ebn.co.kr/news/view/1464122/?sc=Naver
98,"주행거리는 344㎞..BMW iX3, 국내 판매가격은 7590만원",http://www.dailycar.co.kr/content/news.html?type=view&autoId=41724
99,"[신차 소식] 렉서스, BMW, 아우디, 폭스바겐",http://www.bizwnews.com/news/articleView.html?idxno=28910
100,"한국타이어, BMW 그란쿠페 ‘i4’ 신차용 타이어 공급",http://amenews.kr/news/view.php?idx=48475
101,"제네시스 GV70, 미 자동차전문지 평가서 BMW·렉서스 제쳐",https://www.businessplus.kr/news/articleView.html?idxno=34740
102,"[車뷰] 현대차 ‘더 뉴 팰리세이드’?기아 ‘더 뉴 텔루라이드’?제네시스 ‘엑스 스피디움 쿠페’ 콘셉트 공개… 한국타이어, BMW i4에 탑재",http://theviewers.co.kr/View.aspx?No=2277481
103,볼보 ‘조용한 질주’… 4월 수입차 판매 3위,http://www.fnnews.com/news/202205081800572468
104,"""수입차도 반도체 타격"" 4월 판매, 지난해보다 9.8% 감소",http://www.gpkorea.com/news/articleView.html?idxno=85496
105,"제네시스 GV70, 스포츠모델 美매체 평가 1위",http://news.heraldcorp.com/view.php?ud=20220429000400
106,"되살아난 BMW코리아, 996억 벌고 700억 본사배당",http://news.bizwatch.co.kr/article/industry/2022/04/11/0013
107,"BMW, 스포티 매력 UP '뉴 X3·4' 국내 공식 출시",http://www.slist.kr/news/articleView.html?idxno=307339
108,[시승기] 다이내믹한 주행감 돋보이는 전기차 BMW i4,https://biz.newdaily.co.kr/site/data/html/2022/04/15/2022041500116.html
109,"`블랙 위도우` BMW X3, 마블 슈퍼 히어로 카 첫 등장",http://www.gpkorea.com/news/articleView.html?idxno=75429
110,"제네시스 GV70, 美 중소형 럭셔리 SUV 모델 비교 평가 1위",http://www.kukinews.com/newsView/kuk202204290098
111,"`블랙 위도우` BMW X3, 마블 슈퍼 히어로 카 첫 등장",http://www.gpkorea.com/news/articleView.html?idxno=75429
112,"[시승기] BMW X3 M40i, 안팎으로 꿈틀대는 ‘젊은 피’",https://www.asiatoday.co.kr/view.php?key=20210524010012340
113,[단독] X3 M40i 신차 국내 포착…마일드 하이브리드 출시하나,http://www.econovill.com/news/articleView.html?idxno=571351
114,수입車 판매 감소에도 '벤츠·BMW' 양강체제 강화,http://www.m-i.kr/news/articleView.html?idxno=911372
115,[신차탐방]'2022 BMW X3 M스포츠' 구석구석 살펴봤습니다,http://www.mediapen.com/news/view/690036
116,[시승기]신형 BMW X3 20i M스포츠…GV70과 어떻게 다를까?,http://www.mediapen.com/news/view/690618
117,"BMW코리아, 12월‘뉴 X3 M·뉴 M4 쿠페 M’ 온라인 출시",http://www.newsway.co.kr/news/view?tp=1&ud=2021113009243171504
118,[시승기] 일타쌍피 노리는 BMW X3 xDrive 30e,http://www.iminju.net/news/articleView.html?idxno=58130
119,[이주의 차] BMW 뉴 X3 한정판 외,http://isplus.live.joins.com/news/article/article.asp?total_id=24173849
120,"BMW코리아, 12월‘뉴 X3 M·뉴 M4 쿠페 M’ 온라인 출시",http://www.newsway.co.kr/news/view?tp=1&ud=2021113009243171504
121,[시승기] 일타쌍피 노리는 BMW X3 xDrive 30e,http://www.iminju.net/news/articleView.html?idxno=58130
122,[이주의 차] BMW 뉴 X3 한정판 외,http://isplus.live.joins.com/news/article/article.asp?total_id=24173849
123,"[주간 차차차] ""내가 M이다"" 성능 키운 두형제 'BMW X3, 4 M 컴페티션'",http://www.seoulwire.com/news/articleView.html?idxno=454962
124,"BMW, 뉴 X3 M 컴페티션 · 뉴 X4 M 컴페티션 출시",http://www.rpm9.com/news/article.html?id=20211111090009
125,BMW 뉴 X3 M 컴페티션과 뉴 X4 M 컴페티션 국내 공식 출시,http://www.autodaily.co.kr/news/articleView.html?idxno=430318
126,"M을 만나 강력해진 BMW X3와 X4, 최고출력 510마력",http://www.osen.co.kr/article/G1111427165
127,"[수입차 이모저모] BMW-렉서스-포르쉐, 뉴 X3·X4 출시 外",http://www.koreastocknews.com/news/articleView.html?idxno=67850
128,"""신형만 기다렸다""…BMW X3, 출시하자마자 '대박'",http://www.mediapen.com/news/view/675550
129,"더 커진 코, 더 얇아진 눈… 더 세련된 BMW ‘뉴 X3·X4’",https://www.seoul.co.kr/news/newsView.php?id=20211115019003&wlog_tag3=naver
130,"BMW코리아, 고성능 모델 `뉴 X3 M·뉴 M4 쿠페' 12월 온라인 판매",http://www.gpkorea.com/news/articleView.html?idxno=80462
131,[시승기] 일타쌍피 노리는 BMW X3 xDrive 30e,http://www.iminju.net/news/articleView.html?idxno=58130
132,[이주의 차] BMW 뉴 X3 한정판 외,http://isplus.live.joins.com/news/article/article.asp?total_id=24173849
133,"[주간 차차차] ""내가 M이다"" 성능 키운 두형제 'BMW X3, 4 M 컴페티션'",http://www.seoulwire.com/news/articleView.html?idxno=454962
134,"BMW, 뉴 X3 M 컴페티션 · 뉴 X4 M 컴페티션 출시",http://www.rpm9.com/news/article.html?id=20211111090009
135,BMW 뉴 X3 M 컴페티션과 뉴 X4 M 컴페티션 국내 공식 출시,http://www.autodaily.co.kr/news/articleView.html?idxno=430318
136,"M을 만나 강력해진 BMW X3와 X4, 최고출력 510마력",http://www.osen.co.kr/article/G1111427165
137,"[수입차 이모저모] BMW-렉서스-포르쉐, 뉴 X3·X4 출시 外",http://www.koreastocknews.com/news/articleView.html?idxno=67850
138,"""신형만 기다렸다""…BMW X3, 출시하자마자 '대박'",http://www.mediapen.com/news/view/675550
139,"더 커진 코, 더 얇아진 눈… 더 세련된 BMW ‘뉴 X3·X4’",https://www.seoul.co.kr/news/newsView.php?id=20211115019003&wlog_tag3=naver
140,BMW '뉴 X3 M 컴페티션' 및 '뉴 X4 M 컴페티션' 국내 상륙,http://www.gpkorea.com/news/articleView.html?idxno=79794
141,BMW 뉴 X3 M 컴페티션과 뉴 X4 M 컴페티션 국내 공식 출시,http://www.autodaily.co.kr/news/articleView.html?idxno=430318
142,"M을 만나 강력해진 BMW X3와 X4, 최고출력 510마력",http://www.osen.co.kr/article/G1111427165
143,"[수입차 이모저모] BMW-렉서스-포르쉐, 뉴 X3·X4 출시 外",http://www.koreastocknews.com/news/articleView.html?idxno=67850
144,"""신형만 기다렸다""…BMW X3, 출시하자마자 '대박'",http://www.mediapen.com/news/view/675550
145,"더 커진 코, 더 얇아진 눈… 더 세련된 BMW ‘뉴 X3·X4’",https://www.seoul.co.kr/news/newsView.php?id=20211115019003&wlog_tag3=naver
146,"BMW, 스타일 확 바꾼 뉴 X3 · 뉴 X4 국내 공식 출시",http://www.rpm9.com/news/article.html?id=20211102090001
147,'기본 옵션' 대폭 늘린 BMW 뉴 X3·X4 출시…6440만원부터,http://news.mt.co.kr/mtview.php?no=2021110109341136574
148,"[포토]X3에 전동화 입힌, BMW iX3",http://autotimes.hankyung.com/apps/news.sub_view?popup=0&nid=02&c1=02&c2=02&c3=00&nkey=202111221709361
149,BMW 320d 등 '엔진 컨트롤 유닛' 결함…6028대 리콜,http://www.consumuch.com/news/articleView.html?idxno=54569
150,"BMW코리아, 최고출력 510마력 뉴 X3·X4 M 컴페티션 출시",https://www.donga.com/news/article/all/20211110/110178392/2
151,"M을 만나 강력해진 BMW X3와 X4, 최고출력 510마력",http://www.osen.co.kr/article/G1111427165
152,"[수입차 이모저모] BMW-렉서스-포르쉐, 뉴 X3·X4 출시 外",http://www.koreastocknews.com/news/articleView.html?idxno=67850
153,"""신형만 기다렸다""…BMW X3, 출시하자마자 '대박'",http://www.mediapen.com/news/view/675550
154,"더 커진 코, 더 얇아진 눈… 더 세련된 BMW ‘뉴 X3·X4’",https://www.seoul.co.kr/news/newsView.php?id=20211115019003&wlog_tag3=naver
155,"BMW, 스타일 확 바꾼 뉴 X3 · 뉴 X4 국내 공식 출시",http://www.rpm9.com/news/article.html?id=20211102090001
156,'기본 옵션' 대폭 늘린 BMW 뉴 X3·X4 출시…6440만원부터,http://news.mt.co.kr/mtview.php?no=2021110109341136574
157,"[포토]X3에 전동화 입힌, BMW iX3",http://autotimes.hankyung.com/apps/news.sub_view?popup=0&nid=02&c1=02&c2=02&c3=00&nkey=202111221709361
158,BMW 320d 등 '엔진 컨트롤 유닛' 결함…6028대 리콜,http://www.consumuch.com/news/articleView.html?idxno=54569
159,"BMW코리아, 신형 X3·X4 출시…6440만원부터",https://zdnet.co.kr/view/?no=20211101094630
160,"[수입차 이모저모] BMW-렉서스-포르쉐, 뉴 X3·X4 출시 外",http://www.koreastocknews.com/news/articleView.html?idxno=67850
161,"""신형만 기다렸다""…BMW X3, 출시하자마자 '대박'",http://www.mediapen.com/news/view/675550
162,"BMW 코리아, 뉴 X3·X4 M 컴페티션 출시…1억1750만원부터",https://www.dailian.co.kr/news/view/1051431/?sc=Naver
163,"더 커진 코, 더 얇아진 눈… 더 세련된 BMW ‘뉴 X3·X4’",https://www.seoul.co.kr/news/newsView.php?id=20211115019003&wlog_tag3=naver
164,"BMW, 스타일 확 바꾼 뉴 X3 · 뉴 X4 국내 공식 출시",http://www.rpm9.com/news/article.html?id=20211102090001
165,'기본 옵션' 대폭 늘린 BMW 뉴 X3·X4 출시…6440만원부터,http://news.mt.co.kr/mtview.php?no=2021110109341136574
166,"[포토]X3에 전동화 입힌, BMW iX3",http://autotimes.hankyung.com/apps/news.sub_view?popup=0&nid=02&c1=02&c2=02&c3=00&nkey=202111221709361
167,BMW 320d 등 '엔진 컨트롤 유닛' 결함…6028대 리콜,http://www.consumuch.com/news/articleView.html?idxno=54569
168,"BMW코리아, 신형 X3·X4 출시…6440만원부터",https://zdnet.co.kr/view/?no=20211101094630
169,3월 수입차 빈부격차 커져···벤츠·BMW 점유율 60% 넘어,http://www.sisajournal-e.com/news/articleView.html?idxno=265016
170,'기본 옵션' 대폭 늘린 BMW 뉴 X3·X4 출시…6440만원부터,http://news.mt.co.kr/mtview.php?no=2021110109341136574
171,"[포토]X3에 전동화 입힌, BMW iX3",http://autotimes.hankyung.com/apps/news.sub_view?popup=0&nid=02&c1=02&c2=02&c3=00&nkey=202111221709361
172,"""제로백 3.8초""… BMW 뉴 X3·X4 `M 컴페티션` 떴다",http://www.dt.co.kr/contents.html?article_no=2021111002109932064005&ref=naver
173,역동적인 주행성능 ‘BMW 뉴 X3·뉴 X4’ 최대 9600만원,http://moneys.mt.co.kr/news/mwView.php?no=2021110208328088967
174,BMW 320d 등 '엔진 컨트롤 유닛' 결함…6028대 리콜,http://www.consumuch.com/news/articleView.html?idxno=54569
175,"BMW코리아, 신형 X3·X4 출시…6440만원부터",https://zdnet.co.kr/view/?no=20211101094630
176,3월 수입차 빈부격차 커져···벤츠·BMW 점유율 60% 넘어,http://www.sisajournal-e.com/news/articleView.html?idxno=265016
177,‘로봇 닮은 신형 디자인’ BMW 뉴 X3 및 뉴 X4 국내 공식 출시,http://sports.khan.co.kr/news/sk_index.html?art_id=202111011547003&sec_id=563002&pt=nv
178,"BMW, 인기모델 'X3' 플러그인 하이브리드 추가",http://www.mediapen.com/news/view/512075
179,"한국타이어, 'BMW 드라이빙센터' 8년 연속 타이어 독점 공급",http://www.efnews.co.kr/news/articleView.html?idxno=94952
180,"BMW, 디자인·편의성 강조한 '뉴 X3·X4' 페이스리프트' 출시",https://www.cnet.co.kr/view/?no=20211101130756
181,"[포토]X3에 전동화 입힌, BMW iX3",http://autotimes.hankyung.com/apps/news.sub_view?popup=0&nid=02&c1=02&c2=02&c3=00&nkey=202111221709361
182,"""제로백 3.8초""… BMW 뉴 X3·X4 `M 컴페티션` 떴다",http://www.dt.co.kr/contents.html?article_no=2021111002109932064005&ref=naver
183,역동적인 주행성능 ‘BMW 뉴 X3·뉴 X4’ 최대 9600만원,http://moneys.mt.co.kr/news/mwView.php?no=2021110208328088967
184,BMW 320d 등 '엔진 컨트롤 유닛' 결함…6028대 리콜,http://www.consumuch.com/news/articleView.html?idxno=54569
185,"BMW코리아, 신형 X3·X4 출시…6440만원부터",https://zdnet.co.kr/view/?no=20211101094630
186,3월 수입차 빈부격차 커져···벤츠·BMW 점유율 60% 넘어,http://www.sisajournal-e.com/news/articleView.html?idxno=265016
187,‘로봇 닮은 신형 디자인’ BMW 뉴 X3 및 뉴 X4 국내 공식 출시,http://sports.khan.co.kr/news/sk_index.html?art_id=202111011547003&sec_id=563002&pt=nv
188,"BMW, 인기모델 'X3' 플러그인 하이브리드 추가",http://www.mediapen.com/news/view/512075
189,"한국타이어, 'BMW 드라이빙센터' 8년 연속 타이어 독점 공급",http://www.efnews.co.kr/news/articleView.html?idxno=94952
190,강인하고 스포티한 매력 강화한 BMW ‘뉴 X3 및 뉴 X4’ 국내 공식 출시,http://www.thedrive.co.kr/news/newsview.php?ncode=1065580212482452
191,"[포토]X3에 전동화 입힌, BMW iX3",http://autotimes.hankyung.com/apps/news.sub_view?popup=0&nid=02&c1=02&c2=02&c3=00&nkey=202111221709361
192,"""제로백 3.8초""… BMW 뉴 X3·X4 `M 컴페티션` 떴다",http://www.dt.co.kr/contents.html?article_no=2021111002109932064005&ref=naver
193,역동적인 주행성능 ‘BMW 뉴 X3·뉴 X4’ 최대 9600만원,http://moneys.mt.co.kr/news/mwView.php?no=2021110208328088967
194,BMW 320d 등 '엔진 컨트롤 유닛' 결함…6028대 리콜,http://www.consumuch.com/news/articleView.html?idxno=54569
195,"BMW코리아, 신형 X3·X4 출시…6440만원부터",https://zdnet.co.kr/view/?no=20211101094630
196,3월 수입차 빈부격차 커져···벤츠·BMW 점유율 60% 넘어,http://www.sisajournal-e.com/news/articleView.html?idxno=265016
197,‘로봇 닮은 신형 디자인’ BMW 뉴 X3 및 뉴 X4 국내 공식 출시,http://sports.khan.co.kr/news/sk_index.html?art_id=202111011547003&sec_id=563002&pt=nv
198,"BMW, 인기모델 'X3' 플러그인 하이브리드 추가",http://www.mediapen.com/news/view/512075
199,"한국타이어, 'BMW 드라이빙센터' 8년 연속 타이어 독점 공급",http://www.efnews.co.kr/news/articleView.html?idxno=94952
200,"BMW 코리아, 뉴 X3·X4 국내 출시",http://www.kpinews.co.kr/news/articleView.html?idxno=161171
201,"[포토]X3에 전동화 입힌, BMW iX3",http://autotimes.hankyung.com/apps/news.sub_view?popup=0&nid=02&c1=02&c2=02&c3=00&nkey=202111221709361
202,"""제로백 3.8초""… BMW 뉴 X3·X4 `M 컴페티션` 떴다",http://www.dt.co.kr/contents.html?article_no=2021111002109932064005&ref=naver
203,역동적인 주행성능 ‘BMW 뉴 X3·뉴 X4’ 최대 9600만원,http://moneys.mt.co.kr/news/mwView.php?no=2021110208328088967
204,BMW 320d 등 '엔진 컨트롤 유닛' 결함…6028대 리콜,http://www.consumuch.com/news/articleView.html?idxno=54569
205,"BMW코리아, 신형 X3·X4 출시…6440만원부터",https://zdnet.co.kr/view/?no=20211101094630
206,3월 수입차 빈부격차 커져···벤츠·BMW 점유율 60% 넘어,http://www.sisajournal-e.com/news/articleView.html?idxno=265016
207,‘로봇 닮은 신형 디자인’ BMW 뉴 X3 및 뉴 X4 국내 공식 출시,http://sports.khan.co.kr/news/sk_index.html?art_id=202111011547003&sec_id=563002&pt=nv
208,"BMW, 인기모델 'X3' 플러그인 하이브리드 추가",http://www.mediapen.com/news/view/512075
209,"한국타이어, 'BMW 드라이빙센터' 8년 연속 타이어 독점 공급",http://www.efnews.co.kr/news/articleView.html?idxno=94952
210,'최신 주행보조·편의사양 탑재' BMW 뉴 X3·X4 국내 출시,https://www.hankyung.com/economy/article/202111017219g
211,역동적인 주행성능 ‘BMW 뉴 X3·뉴 X4’ 최대 9600만원,http://moneys.mt.co.kr/news/mwView.php?no=2021110208328088967
212,BMW 320d 등 '엔진 컨트롤 유닛' 결함…6028대 리콜,http://www.consumuch.com/news/articleView.html?idxno=54569
213,"BMW코리아, 신형 X3·X4 출시…6440만원부터",https://zdnet.co.kr/view/?no=20211101094630
214,3월 수입차 빈부격차 커져···벤츠·BMW 점유율 60% 넘어,http://www.sisajournal-e.com/news/articleView.html?idxno=265016
215,‘로봇 닮은 신형 디자인’ BMW 뉴 X3 및 뉴 X4 국내 공식 출시,http://sports.khan.co.kr/news/sk_index.html?art_id=202111011547003&sec_id=563002&pt=nv
216,"BMW, 인기모델 'X3' 플러그인 하이브리드 추가",http://www.mediapen.com/news/view/512075
217,"한국타이어, 'BMW 드라이빙센터' 8년 연속 타이어 독점 공급",http://www.efnews.co.kr/news/articleView.html?idxno=94952
218,"한국타이어, BMW드라이빙센터 시승차에 8년연속 타이어 독점공급",https://www.hankyung.com/economy/article/202203234202g
219,"[車가격 고공행진②]팰리세이드 300만, BMW X3 197만원 ↑…중고차값도 꿈틀",http://www.newsis.com/view/?id=NISX20211009_0001608717&cID=13001&pID=13000
220,"BMW코리아, 뉴 X3·X4 출시…'최신 운전자 보조' 기본 탑재",http://www.etnews.com/20211101000037
221,"BMW코리아, 신형 X3·X4 출시…6440만원부터",https://zdnet.co.kr/view/?no=20211101094630
222,3월 수입차 빈부격차 커져···벤츠·BMW 점유율 60% 넘어,http://www.sisajournal-e.com/news/articleView.html?idxno=265016
223,‘로봇 닮은 신형 디자인’ BMW 뉴 X3 및 뉴 X4 국내 공식 출시,http://sports.khan.co.kr/news/sk_index.html?art_id=202111011547003&sec_id=563002&pt=nv
224,"BMW, 인기모델 'X3' 플러그인 하이브리드 추가",http://www.mediapen.com/news/view/512075
225,"한국타이어, 'BMW 드라이빙센터' 8년 연속 타이어 독점 공급",http://www.efnews.co.kr/news/articleView.html?idxno=94952
226,"한국타이어, BMW드라이빙센터 시승차에 8년연속 타이어 독점공급",https://www.hankyung.com/economy/article/202203234202g
227,"[車가격 고공행진②]팰리세이드 300만, BMW X3 197만원 ↑…중고차값도 꿈틀",http://www.newsis.com/view/?id=NISX20211009_0001608717&cID=13001&pID=13000
228,"제네시스 GV70, 美 ‘카&드라이버’ 비교평가서 1위 차지",http://thepublic.kr/news/newsview.php?ncode=1065591884506355
229,수입차 1분기 판매량 감소했지만 BMW·푸조는 선방...신차·전기차 효과 톡톡,http://www.consumernews.co.kr/news/articleView.html?idxno=647051
230,"한국타이어, ‘BMW 드라이빙센터’ 8년 연속 타이어 독점 공급",http://www.edaily.co.kr/news/newspath.asp?newsid=01764646632266272
231,"한국타이어, BMW드라이빙센터 시승차에 8년연속 타이어 독점공급",https://www.hankyung.com/economy/article/202203234202g
232,"[車가격 고공행진②]팰리세이드 300만, BMW X3 197만원 ↑…중고차값도 꿈틀",http://www.newsis.com/view/?id=NISX20211009_0001608717&cID=13001&pID=13000
233,"제네시스 GV70, 美 ‘카&드라이버’ 비교평가서 1위 차지",http://thepublic.kr/news/newsview.php?ncode=1065591884506355
234,수입차 1분기 판매량 감소했지만 BMW·푸조는 선방...신차·전기차 효과 톡톡,http://www.consumernews.co.kr/news/articleView.html?idxno=647051
235,[리뷰] 더욱 강인한 하드코어 러너…BMW X3 M 컴페티션 & X4 M 컴페티션,https://hankookilbo.com/News/Read/A2021071923190003810?did=NA
236,"한국타이어, BMW 고성능 M 라인업 'X3 M, X4 M'에 타이어 공급",http://www.efnews.co.kr/news/articleView.html?idxno=90944
237,"한국타이어, BMW 고성능 모델 ‘X3 M’·'X4 M’에 신차용 타이어 공급",https://www.sedaily.com/NewsView/22OYKQI10H
238,"BMW코리아, '어린이 교육기부' 우수기관 3연속 수상",http://www.mediapen.com/news/view/703527
239,"BMW, 美서 X3 등 3.7만여대…'브레이크 오류' 대규모 리콜",http://www.koreastocknews.com/news/articleView.html?idxno=65889
240,"한국타이어, BMW드라이빙 센터 시승차량에 타이어 독점 공급 이어간다",http://www.joongdo.co.kr/web/view.php?key=20220323010005144
241,"한국타이어, ‘BMW 드라이빙센터’ 8년 연속 타이어 독점 공급",https://www.donga.com/news/article/all/20220323/112487151/2
242,"[車가격 고공행진②]팰리세이드 300만, BMW X3 197만원 ↑…중고차값도 꿈틀",http://www.newsis.com/view/?id=NISX20211009_0001608717&cID=13001&pID=13000
243,"제네시스 GV70, 美 ‘카&드라이버’ 비교평가서 1위 차지",http://thepublic.kr/news/newsview.php?ncode=1065591884506355
244,수입차 1분기 판매량 감소했지만 BMW·푸조는 선방...신차·전기차 효과 톡톡,http://www.consumernews.co.kr/news/articleView.html?idxno=647051
245,[리뷰] 더욱 강인한 하드코어 러너…BMW X3 M 컴페티션 & X4 M 컴페티션,https://hankookilbo.com/News/Read/A2021071923190003810?did=NA
246,"한국타이어, BMW 고성능 M 라인업 'X3 M, X4 M'에 타이어 공급",http://www.efnews.co.kr/news/articleView.html?idxno=90944
247,"한국타이어, BMW 고성능 모델 ‘X3 M’·'X4 M’에 신차용 타이어 공급",https://www.sedaily.com/NewsView/22OYKQI10H
248,"BMW코리아, '어린이 교육기부' 우수기관 3연속 수상",http://www.mediapen.com/news/view/703527
249,"BMW, 美서 X3 등 3.7만여대…'브레이크 오류' 대규모 리콜",http://www.koreastocknews.com/news/articleView.html?idxno=65889
250,"한국타이어, 'BMW 드라이빙센터'에 8년 연속 타이어 독점 공급",http://www.kpinews.co.kr/news/articleView.html?idxno=172455
251,"한국타이어, 'BMW 드라이빙센터' 8년 연속 타이어 독점 공급",http://www.seoulwire.com/news/articleView.html?idxno=465392
252,"[車가격 고공행진②]팰리세이드 300만, BMW X3 197만원 ↑…중고차값도 꿈틀",http://www.newsis.com/view/?id=NISX20211009_0001608717&cID=13001&pID=13000
253,"제네시스 GV70, 美 ‘카&드라이버’ 비교평가서 1위 차지",http://thepublic.kr/news/newsview.php?ncode=1065591884506355
254,수입차 1분기 판매량 감소했지만 BMW·푸조는 선방...신차·전기차 효과 톡톡,http://www.consumernews.co.kr/news/articleView.html?idxno=647051
255,[리뷰] 더욱 강인한 하드코어 러너…BMW X3 M 컴페티션 & X4 M 컴페티션,https://hankookilbo.com/News/Read/A2021071923190003810?did=NA
256,"한국타이어, BMW 고성능 M 라인업 'X3 M, X4 M'에 타이어 공급",http://www.efnews.co.kr/news/articleView.html?idxno=90944
257,"한국타이어, BMW 고성능 모델 ‘X3 M’·'X4 M’에 신차용 타이어 공급",https://www.sedaily.com/NewsView/22OYKQI10H
258,"BMW코리아, '어린이 교육기부' 우수기관 3연속 수상",http://www.mediapen.com/news/view/703527
259,"BMW, 美서 X3 등 3.7만여대…'브레이크 오류' 대규모 리콜",http://www.koreastocknews.com/news/articleView.html?idxno=65889
260,"한국타이어, 'BMW 드라이빙센터' 8년 연속 타이어 독점 공급",http://www.newsis.com/view/?id=NISX20220323_0001803685&cID=13001&pID=13000
261,"한국타이어, BMW 시승차량 8년 연속 독점 공급",https://www.fetv.co.kr/news/article.html?no=111164
262,"[車가격 고공행진②]팰리세이드 300만, BMW X3 197만원 ↑…중고차값도 꿈틀",http://www.newsis.com/view/?id=NISX20211009_0001608717&cID=13001&pID=13000
263,"제네시스 GV70, 美 ‘카&드라이버’ 비교평가서 1위 차지",http://thepublic.kr/news/newsview.php?ncode=1065591884506355
264,수입차 1분기 판매량 감소했지만 BMW·푸조는 선방...신차·전기차 효과 톡톡,http://www.consumernews.co.kr/news/articleView.html?idxno=647051
265,[리뷰] 더욱 강인한 하드코어 러너…BMW X3 M 컴페티션 & X4 M 컴페티션,https://hankookilbo.com/News/Read/A2021071923190003810?did=NA
266,"한국타이어, BMW 고성능 M 라인업 'X3 M, X4 M'에 타이어 공급",http://www.efnews.co.kr/news/articleView.html?idxno=90944
267,"한국타이어, BMW 고성능 모델 ‘X3 M’·'X4 M’에 신차용 타이어 공급",https://www.sedaily.com/NewsView/22OYKQI10H
268,"BMW코리아, '어린이 교육기부' 우수기관 3연속 수상",http://www.mediapen.com/news/view/703527
269,"BMW, 美서 X3 등 3.7만여대…'브레이크 오류' 대규모 리콜",http://www.koreastocknews.com/news/articleView.html?idxno=65889
270,"한국타이어, BMW 드라이빙센터에 8년 연속 타이어 공급",http://news.einfomax.co.kr/news/articleView.html?idxno=4204787
271,"[車가격 고공행진②]팰리세이드 300만, BMW X3 197만원 ↑…중고차값도 꿈틀",http://www.newsis.com/view/?id=NISX20211009_0001608717&cID=13001&pID=13000
272,"제네시스 GV70, 美 ‘카&드라이버’ 비교평가서 1위 차지",http://thepublic.kr/news/newsview.php?ncode=1065591884506355
273,수입차 1분기 판매량 감소했지만 BMW·푸조는 선방...신차·전기차 효과 톡톡,http://www.consumernews.co.kr/news/articleView.html?idxno=647051
274,[리뷰] 더욱 강인한 하드코어 러너…BMW X3 M 컴페티션 & X4 M 컴페티션,https://hankookilbo.com/News/Read/A2021071923190003810?did=NA
275,"한국타이어, BMW 고성능 M 라인업 'X3 M, X4 M'에 타이어 공급",http://www.efnews.co.kr/news/articleView.html?idxno=90944
276,"한국타이어, BMW 고성능 모델 ‘X3 M’·'X4 M’에 신차용 타이어 공급",https://www.sedaily.com/NewsView/22OYKQI10H
277,"BMW코리아, '어린이 교육기부' 우수기관 3연속 수상",http://www.mediapen.com/news/view/703527
278,"BMW, 美서 X3 등 3.7만여대…'브레이크 오류' 대규모 리콜",http://www.koreastocknews.com/news/articleView.html?idxno=65889
279,"BMW가 고성능 SUV, 'X3 M 컴페티션' 및 'X4 M 컴페티션' 업데이트",https://hankookilbo.com/News/Read/A2021061708120001156?did=NA
280,BMW 고성능 M 라인업 'X3 M'·'X4 M'이 선택한 한국타이어,http://www.gpkorea.com/news/articleView.html?idxno=76034
281,"한국타이어, BMW 고성능 모델 ‘X3 M’·'X4 M’에 신차용 타이어 공급",https://www.sedaily.com/NewsView/22OYKQI10H
282,"BMW코리아, '어린이 교육기부' 우수기관 3연속 수상",http://www.mediapen.com/news/view/703527
283,"BMW, 美서 X3 등 3.7만여대…'브레이크 오류' 대규모 리콜",http://www.koreastocknews.com/news/articleView.html?idxno=65889
284,"BMW가 고성능 SUV, 'X3 M 컴페티션' 및 'X4 M 컴페티션' 업데이트",https://hankookilbo.com/News/Read/A2021061708120001156?did=NA
285,"BMW, '뉴 X3·4' → '430i 쿠페' 온라인 한정 에디션 11종 출시",http://www.slist.kr/news/articleView.html?idxno=259338
286,"'벤츠 세상'이라더니 또 혼쭐났다…'겹경사' BMW, 7년만에 1위 노린다[왜몰랐을카]",http://news.mk.co.kr/newsRead.php?no=111438&year=2022
287,"""경쟁률 6060대 1""…'샤넬급 수입차' BMW 온라인 한정판, 또 3종 나온다",http://news.mk.co.kr/newsRead.php?no=127253&year=2022
288,브리지스톤 BMW X3 표준타이어 선정,http://news20.busan.com/controller/newsController.jsp?newsId=20180627000090
289,"BMW, 중국발 X3 페이스리프트(LCI) 디자인 유출..달라진 점은?",http://www.dailycar.co.kr/content/news.html?type=view&autoId=39634
290,"한국타이어, BMW 고성능 모델 ‘X3 M’·'X4 M’에 신차용 타이어 공급",https://www.sedaily.com/NewsView/22OYKQI10H
291,"한국타이어, BMW 고성능 브랜드 'X3 M, X4 M'에 타이어 공급",http://www.newsis.com/view/?id=NISX20210716_0001515225&cID=13001&pID=13000
292,"BMW코리아, '어린이 교육기부' 우수기관 3연속 수상",http://www.mediapen.com/news/view/703527
293,"BMW, 美서 X3 등 3.7만여대…'브레이크 오류' 대규모 리콜",http://www.koreastocknews.com/news/articleView.html?idxno=65889
294,"BMW가 고성능 SUV, 'X3 M 컴페티션' 및 'X4 M 컴페티션' 업데이트",https://hankookilbo.com/News/Read/A2021061708120001156?did=NA
295,"BMW, '뉴 X3·4' → '430i 쿠페' 온라인 한정 에디션 11종 출시",http://www.slist.kr/news/articleView.html?idxno=259338
296,"'벤츠 세상'이라더니 또 혼쭐났다…'겹경사' BMW, 7년만에 1위 노린다[왜몰랐을카]",http://news.mk.co.kr/newsRead.php?no=111438&year=2022
297,"""경쟁률 6060대 1""…'샤넬급 수입차' BMW 온라인 한정판, 또 3종 나온다",http://news.mk.co.kr/newsRead.php?no=127253&year=2022
298,브리지스톤 BMW X3 표준타이어 선정,http://news20.busan.com/controller/newsController.jsp?newsId=20180627000090
299,"BMW, 중국발 X3 페이스리프트(LCI) 디자인 유출..달라진 점은?",http://www.dailycar.co.kr/content/news.html?type=view&autoId=39634
300,"BMW, '뉴 X3·4' → '430i 쿠페' 온라인 한정 에디션 11종 출시",http://www.slist.kr/news/articleView.html?idxno=259338
301,"'벤츠 세상'이라더니 또 혼쭐났다…'겹경사' BMW, 7년만에 1위 노린다[왜몰랐을카]",http://news.mk.co.kr/newsRead.php?no=111438&year=2022
302,"한국타이어, BMW X3 M·X4 M에 신차용 타이어 공급",http://autotimes.hankyung.com/apps/news.sub_view?popup=0&nid=03&c1=03&c2=03&c3=00&nkey=202107160934311
303,"""경쟁률 6060대 1""…'샤넬급 수입차' BMW 온라인 한정판, 또 3종 나온다",http://news.mk.co.kr/newsRead.php?no=127253&year=2022
304,브리지스톤 BMW X3 표준타이어 선정,http://news20.busan.com/controller/newsController.jsp?newsId=20180627000090
305,"BMW, 중국발 X3 페이스리프트(LCI) 디자인 유출..달라진 점은?",http://www.dailycar.co.kr/content/news.html?type=view&autoId=39634
306,'BMW X3' '아우디 A4' '포르쉐 911' 등 746대 리콜,http://www.businesspost.co.kr/BP?command=article_view&num=89586
307,"'반도체 한파'에 수입차 판매랑 22.2% ↓…BMW, 월 판매 1위 탈환",https://www.ajunews.com/view/20220207110152144
308,실수로 빨리 공개된 BMW F/L ‘X3’ 이미지,http://www.thedrive.co.kr/news/newsview.php?ncode=1065601500040587
309,"BMW, X3 페이스리프트 디자인 유출..출시 임박(?)",http://www.dailycar.co.kr/content/news.html?type=view&autoId=39543
310,"한국타이어, BMW 고성능 SUV X3·X4 신차용 타이어 공급",https://biz.sbs.co.kr/article_hub/20000023384?division=NAVER
311,실수로 빨리 공개된 BMW F/L ‘X3’ 이미지,http://www.thedrive.co.kr/news/newsview.php?ncode=1065601500040587
312,"BMW, X3 페이스리프트 디자인 유출..출시 임박(?)",http://www.dailycar.co.kr/content/news.html?type=view&autoId=39543
313,알알이 꽉찬 중형 SUV `BMW 뉴 X3` 연비가 옥에 티,http://premium.mk.co.kr/view.php?no=20733
314,"[시승기] 밟으면 나가는 '토크', 제대로 알고 싶다면 'BMW X3'",http://www.ajunews.com/view/20171120113534273
315,"[시승기]BMW 뉴 X3, 세세한 배려로 완성도 높인 준중형 SUV 아이콘",http://www.sisaon.co.kr/news/articleView.html?idxno=65697
316,"BMW X3, 벤츠 GLC 넘을까…수입 중형 SUV 경쟁 '후끈'",http://www.mediapen.com/news/view/313384
317,"[별별시승] 묵직한 주행감, 넓은 뒷좌석···BMW X3 xDrive30e",https://www.sedaily.com/NewsView/22L9TP7SWL
318,"제네시스 GV70, 美권위지 비교평가서 BMW, 렉서스 앞질러",https://www.etoday.co.kr/news/view/2129070
319,BMW 3세대 뉴 X3 글로벌 베일을 벗다,http://sports.hankooki.com/lpage/economy/201706/sp20170629171642136980.htm
320,"BMW, 3세대 뉴 X3 글로벌 공개",http://www.gukjenews.com/news/articleView.html?idxno=736307
321,"BMW, 올해 하반기 국내 시장에 선보일 3세대 '뉴 X3' 글로벌 공개",http://kr.aving.net/news/view.php?articleId=1379055&Branch_ID=kr&rssid=naver&mn_name=news
322,"BMW, 내년까지 X3·X2 등 신차 40종 출시",http://news.mk.co.kr/newsRead.php?&year=2017&no=195075
323,"BMW, 3세대 뉴 X3 글로벌 공개",http://www.kookje.co.kr/news2011/asp/newsbody.asp?code=0200&key=20170629.99002112029
324,"BMW, 2021년형 ‘X3 M 컴페티션·X4 M 컴페티션’ 출시..특징은?",http://www.dailycar.co.kr/content/news.html?type=view&autoId=39838
325,"한국타이어, BMW 고성능 X3·X4 M에 제품 장착",https://www.hankyung.com/economy/article/202107165529g
326,"BMW 그룹 코리아, 'X3' 'X4' 스페셜 에디션 출시",http://www.osen.co.kr/article/G1110665863
327,"롯데호텔 월드, ‘BMW M 시승 패키지’ 출시…X3·4 M 준비",https://daily.hankooki.com/lpage/industry/202105/dh20210525091513148000.htm?s_ref=nv
328,"BMW X3 부분변경, 벤츠 GLC·아우디 Q5 ‘경쟁’",http://www.dailycar.co.kr/content/news.html?type=view&autoId=39194
329,"신형 'BMW X3' 실내 스파이샷 포착, 아이드라이브 디스플레이 등 변경돼",http://www.kbench.com/?q=node/162337
330,"BMW, 3세대 뉴 X3 글로벌 공개..올겨울 국내 출시",http://www.gpkorea.com/bbs/board.php?bo_table=gp_motorsports&wr_id=17847
331,"BMW, 내년까지 X3·X2 등 신차 40종 출시",http://news.mk.co.kr/newsRead.php?&year=2017&no=195075
332,"BMW, 3세대 뉴 X3 글로벌 공개",http://www.kookje.co.kr/news2011/asp/newsbody.asp?code=0200&key=20170629.99002112029
333,"BMW, 2021년형 ‘X3 M 컴페티션·X4 M 컴페티션’ 출시..특징은?",http://www.dailycar.co.kr/content/news.html?type=view&autoId=39838
334,"한국타이어, BMW 고성능 X3·X4 M에 제품 장착",https://www.hankyung.com/economy/article/202107165529g
335,"BMW 그룹 코리아, 'X3' 'X4' 스페셜 에디션 출시",http://www.osen.co.kr/article/G1110665863
336,"롯데호텔 월드, ‘BMW M 시승 패키지’ 출시…X3·4 M 준비",https://daily.hankooki.com/lpage/industry/202105/dh20210525091513148000.htm?s_ref=nv
337,"BMW X3 부분변경, 벤츠 GLC·아우디 Q5 ‘경쟁’",http://www.dailycar.co.kr/content/news.html?type=view&autoId=39194
338,"신형 'BMW X3' 실내 스파이샷 포착, 아이드라이브 디스플레이 등 변경돼",http://www.kbench.com/?q=node/162337
339,고급차 시장 강자는 '제네시스'…벤츠·BMW에 압승,http://isplus.live.joins.com/news/article/article.asp?total_id=24190184
340,"한국타이어, BMW 고성능 X3·X4 M에 제품 장착",https://www.hankyung.com/economy/article/202107165529g
341,"BMW 3세대 뉴 X3, 11월 전세계 동시 출시",http://www.sportsworldi.com/content/html/2017/06/27/20170627001498.html?OutUrl=naver
342,"BMW 그룹 코리아, 'X3' 'X4' 스페셜 에디션 출시",http://www.osen.co.kr/article/G1110665863
343,"롯데호텔 월드, ‘BMW M 시승 패키지’ 출시…X3·4 M 준비",https://daily.hankooki.com/lpage/industry/202105/dh20210525091513148000.htm?s_ref=nv
344,"BMW X3 부분변경, 벤츠 GLC·아우디 Q5 ‘경쟁’",http://www.dailycar.co.kr/content/news.html?type=view&autoId=39194
345,"신형 'BMW X3' 실내 스파이샷 포착, 아이드라이브 디스플레이 등 변경돼",http://www.kbench.com/?q=node/162337
346,고급차 시장 강자는 '제네시스'…벤츠·BMW에 압승,http://isplus.live.joins.com/news/article/article.asp?total_id=24190184
347,"독일 아우트빌트지, “BMW X3 배출가스 초과 의혹은 사실 아냐” 정정 보도",http://www.osen.co.kr/article/G1110255477
348,"신형 'BMW X3' 포착, 스파이샷 치곤 대 놓고 보여준 느낌",http://www.kbench.com/?q=node/147629
349,"[시승기] BMW 'X3', 소형 SUV가 흉내낼 수 없는 '즐거움'",http://www.khan.co.kr/kh_news/art_view.html?artid=201502081702121&code=920508
350,"""38세 무직인데, BMW""…매달 21만 원 이자+원금 2천 원 갚아",http://mbn.mk.co.kr/pages/news/newsView.php?category=mbn00009&news_seq_no=4663187
351,"BMW 코리아 12월 온라인 한정 에디션 출시, 8~9대 한정 판매",http://www.sportsseoul.com/news/read/1081695?ref=naver
352,"BMW 코리아, 12월 온라인 한정 에디션 2종 출시",http://www.rpm9.com/news/article.html?id=20211201090002
353,"[biz car] BMW, 스텔란티스, 혼다코리아",http://www.bizwnews.com/news/articleView.html?idxno=29939
354,[수입차 특집] BMW ‘X3’,http://www.segye.com/content/html/2014/04/07/20140407004454.html?OutUrl=naver
355,현대 펠리세이드 가격에 탈 수 있는 중고 BMW X4 m 현실 체험기,https://www.chosun.com/economy/2021/12/27/6QHGKBNJPJBBZKJTOZIRUW56XE/?utm_source=naver&utm_medium=referral&utm_campaign=naver-news
356,"BMW X3, 넉넉한 실내공간과 고연비로 인기몰이",http://www.mt.co.kr/view/mtview.php?type=1&no=2013031409104898035&outlink=1
357,‘영끌’로 8000만원짜리 BMW 뽑은 38세 무직자 “매달 원금 2000원·이자 21만원 상환”,http://www.segye.com/content/html/2021/12/20/20211220513229.html?OutUrl=naver
358,‘억’소리 나는데 가성비가 좋다고?..BMW iX 상품구성 살펴보니,http://www.dailycar.co.kr/content/news.html?type=view&autoId=41731
359,[화요 명차]‘수지 타산’ 맞는 BMW 뉴 X3 x드라이브30e,https://www.donga.com/news/article/all/20210119/104996568/2
360,"BMW 코리아, 12월 온라인 한정 에디션 출시",https://www.dnews.co.kr/uhtml/view.jsp?idxno=202111301527213830758
361,"영끌로 BMW 산 38세 무직男 ""시간이 알아서 해결해 주겠죠""",https://www.hankyung.com/society/article/2021122017217
362,[수입차 특집] BMW ‘X3’,http://www.segye.com/content/html/2014/04/07/20140407004454.html?OutUrl=naver
363,현대 펠리세이드 가격에 탈 수 있는 중고 BMW X4 m 현실 체험기,https://www.chosun.com/economy/2021/12/27/6QHGKBNJPJBBZKJTOZIRUW56XE/?utm_source=naver&utm_medium=referral&utm_campaign=naver-news
364,"BMW X3, 넉넉한 실내공간과 고연비로 인기몰이",http://www.mt.co.kr/view/mtview.php?type=1&no=2013031409104898035&outlink=1
365,‘영끌’로 8000만원짜리 BMW 뽑은 38세 무직자 “매달 원금 2000원·이자 21만원 상환”,http://www.segye.com/content/html/2021/12/20/20211220513229.html?OutUrl=naver
366,‘억’소리 나는데 가성비가 좋다고?..BMW iX 상품구성 살펴보니,http://www.dailycar.co.kr/content/news.html?type=view&autoId=41731
367,[화요 명차]‘수지 타산’ 맞는 BMW 뉴 X3 x드라이브30e,https://www.donga.com/news/article/all/20210119/104996568/2
368,"[시승기] 17.2㎞/ℓ 연비의 SUV, BMW X3",http://www.fnnews.com/view?ra=Sent0601m_01A&corp=fnnews&arcid=110615174911&cDateYear=2011&cDateMonth=06&cDateDay=15&
369,"8천만원 BMW '올 대출'로 산 38세 무직男..""내년엔 직업 구할 것""",http://www.fnnews.com/news/202112210824051893
370,현대 펠리세이드 가격에 탈 수 있는 중고 BMW X4 m 현실 체험기,https://www.chosun.com/economy/2021/12/27/6QHGKBNJPJBBZKJTOZIRUW56XE/?utm_source=naver&utm_medium=referral&utm_campaign=naver-news
371,"BMW X3, 넉넉한 실내공간과 고연비로 인기몰이",http://www.mt.co.kr/view/mtview.php?type=1&no=2013031409104898035&outlink=1
372,"BMW코리아, 12월 온라인 한정 에디션 2종 출시",http://sports.chosun.com/news/ntype.htm?id=202111300100224730014980&servicedate=20211130
373,‘영끌’로 8000만원짜리 BMW 뽑은 38세 무직자 “매달 원금 2000원·이자 21만원 상환”,http://www.segye.com/content/html/2021/12/20/20211220513229.html?OutUrl=naver
374,"8000만원 BMW 산 38세 백수 ""매달 원금 2000원씩 갚는다""",https://www.joongang.co.kr/article/25033747
375,‘억’소리 나는데 가성비가 좋다고?..BMW iX 상품구성 살펴보니,http://www.dailycar.co.kr/content/news.html?type=view&autoId=41731
376,[화요 명차]‘수지 타산’ 맞는 BMW 뉴 X3 x드라이브30e,https://www.donga.com/news/article/all/20210119/104996568/2
377,"[시승기] 17.2㎞/ℓ 연비의 SUV, BMW X3",http://www.fnnews.com/view?ra=Sent0601m_01A&corp=fnnews&arcid=110615174911&cDateYear=2011&cDateMonth=06&cDateDay=15&
378,"8천만원 BMW '올 대출'로 산 38세 무직男..""내년엔 직업 구할 것""",http://www.fnnews.com/news/202112210824051893
379,"신형 4륜구동, 17.2km/ℓ 발휘하는 BMW 뉴X3 출시",http://www.moneytoday.co.kr/view/mtview.php?type=1&no=2011021710544037290&outlink=1
380,"신형 4륜구동, 17.2km/ℓ 발휘하는 BMW 뉴X3 출시",http://www.moneytoday.co.kr/view/mtview.php?type=1&no=2011021710544037290&outlink=1
381,"8천만원 BMW '올대출'로 산 38세 무직男 ""매달 이자 21만원 원금 2천원 갚는다""",http://news.mk.co.kr/newsRead.php?no=1147711&year=2021
382,"BMW, 고성능 SUV ‘X4 M’·‘X3 M’ 부분변경 계획..과연 파워는?",http://www.dailycar.co.kr/content/news.html?type=view&autoId=38632
383,"BMW코리아, 인천시·IFEZ와 'R&D센터 건립' MOU 체결",http://www.mediapen.com/news/view/686708
384,"제네시스, 고성능 `GV70 N`으로 BMW X3 M에 도전하나",http://www.gpkorea.com/news/articleView.html?idxno=73119
385,BMW 코리아 'M 하이 퍼포먼스 모델' 출시,http://www.enewstoday.co.kr/news/articleView.html?idxno=1525358
386,중형 SUV로 경쟁력 강화한 BMW···벤츠와 간격 더 좁히나,http://www.sisajournal-e.com/news/articleView.html?idxno=241843
387,GV70 선호옵션 장착 5800만원…벤츠 GLC·BMW X3 저격,https://www.ebn.co.kr/news/view/1464122/?sc=Naver
388,"BMW 전기 SUV 'iX' 1억2,260만~1억4,630만원…iX3 7,590만원",http://www.econovill.com/news/articleView.html?idxno=556344
389,"주행거리는 344㎞..BMW iX3, 국내 판매가격은 7590만원",http://www.dailycar.co.kr/content/news.html?type=view&autoId=41724
390,"[신차 소식] 렉서스, BMW, 아우디, 폭스바겐",http://www.bizwnews.com/news/articleView.html?idxno=28910
391,"BMW, 2세대 ‘X3’ 공개…무엇이 달라졌나",http://mnm.seoul.co.kr/news/newsView.php?id=20100716040005
392,"[시승기] BMW ‘iX’ | BMW, ‘iX’로 고급 전기차 시장에 도전장…주행거리는 짧아",http://economychosun.com/client/news/view.php?boardName=C05&t_num=13611912
393,"BMW코리아, 11월 순수 전기차 'iX·iX3' 내놓는다",https://zdnet.co.kr/view/?no=20211029143035
394,BMW·아우디 소형車 공세…고급 수입차 '대중화' 꿈꾼다,http://www.econovill.com/news/articleView.html?idxno=557671
395,"BMW코리아, 전기차 포트폴리오 확대…'iX·iX3·i4' 출시 예정",http://sports.chosun.com/news/ntype.htm?id=202111030100020650001208&servicedate=20211102
396,"BMW코리아, 부산서 'X3' 발표회",https://news.naver.com/main/read.naver?mode=LSD&mid=sec&sid1=102&oid=001&aid=0000657253
397,"[신차드라이브]제네시스 'GV70', 벤츠 GLC·BMW X3와 견줘도 '오버 스펙'",http://www.etnews.com/20201217000151
398,"BMW, 플러그인 하이브리드 '콘셉트 XM' 공개",http://www.g-enews.com/ko-kr/news/article/news_all/20211130141545235f67c3fc824_1/article.html
399,iX3와 XC40 리차지가 특별부록? 또 하나의 선택지,http://www.econovill.com/news/articleView.html?idxno=566330
400,[시승기] ‘고성능 패밀리 전기차’ BMW iX… 313㎞ 주행거리는 아쉬워,https://biz.chosun.com/industry/car/2021/11/27/HGZ57RQPKFGY5DNHBT4EYZWYGA/?utm_source=naver&utm_medium=original&utm_campaign=biz
401,"BMW코리아, 내년 초까지 iX3 등 순수 전기차 3종 출시",https://biz.chosun.com/industry/car/2021/10/28/QXEK55S5JNA6BERXZ7RYBGDZMI/?utm_source=naver&utm_medium=original&utm_campaign=biz
402,"제네시스 전기차 GV60, BMW iX 제치고 '12월의 차'로 선정",http://news.mk.co.kr/newsRead.php?no=1117669&year=2021
403,하이브리드는 역시 일본?... 독일차 홍수 속 눈에 띄는 '렉서스',https://economist.co.kr/2022/04/27/industry/normal/20220427135908034.html
404,[사진]실내가 가장 아름다운 車 '톱10'- BMW 'X3',http://www.moneytoday.co.kr/view/mtview.php?type=1&no=2011041312383557976&outlink=1
405,"BMW '320d' 등 13개 차종, 연료펌프 '설계·제작 결함'…리콜",http://www.koreastocknews.com/news/articleView.html?idxno=67914
406,[시승기] 벤츠 GLC·BMW X3 부럽잖은..제네시스 GV70,http://www.dailycar.co.kr/content/news.html?type=view&autoId=38418
407,"한국타이어, BMW 고성능 M 라인업에 신차용 타이어 공급",https://biz.chosun.com/industry/car/2021/10/21/VWELF4QETJFIJMROKCIITSME6M/?utm_source=naver&utm_medium=original&utm_campaign=biz
408,'전동화 리더십 강화나선' BMW코리아…내년초까지 순수전기 모델 3종 출시,https://www.asiatoday.co.kr/view.php?key=20211028010016941
409,기대감 높이는 BMW SUV 전기차…'게임체인저' 될까?,http://www.mediapen.com/news/view/668330
410,"벤츠·BMW·아우디, 韓 시장 두고 속도내는 전기차 출시 경쟁",https://news.mtn.co.kr/news-detail/?v=2021111215031449260
411,"BMW, 부분변경 단행하는 X3..어떤 점이 달라질까?",http://www.dailycar.co.kr/content/news.html?type=view&autoId=37680
412,"제네시스 GV70, 美 비교평가서 BMW·렉서스 제쳤다",https://www.viva100.com/main/view.php?key=20220429010007672
413,"BMW, 화재 위험에 글로벌 103만대 리콜… 1·3·5시리즈, SUV X3·X5 등 대상",http://moneys.mt.co.kr/news/mwView.php?no=2022031611158098916
414,"[최기성의 허브車]“벤츠, 이젠 좀 아프냐”…설움 한방에 떨쳐낸 BMW 아우디",https://www.mk.co.kr/opinion/columnists/view/2021/11/1057652/
415,[원성열 기자의 CAR & TRACK] BMW ‘M’ 만난 X3·X4…SUV야? 스포츠카야?,https://sports.donga.com/article/all/20200906/102813407/3
416,"[시승기] BMW `X3 xDrive30e`, 차체는 근육질·주행은 날렵…""BMW가 또 BMW 했네""",http://news.mk.co.kr/newsRead.php?no=920195&year=2020
417,"BMW 코리아, 뉴 X3·뉴 X4 고성능 라인업 출시",http://www.dailysmart.co.kr/news/articleView.html?idxno=32322
418,"BMW, 뉴 X3‧X4 고성능 라인업 출시…지프‧링컨, SUV 하이브리드 모델 공개",http://www.newsian.co.kr/news/articleView.html?idxno=43151
419,BMW 사상 가장 강력한 X3·X4 고성능 라인업 국내 출시,http://www.sportsseoul.com/news/read/954361?ref=naver
420,BMW 고성능 '뉴 X3 M·뉴 X4 M' 출시···최고출력 510마력,https://www.ebn.co.kr/news/view/1449311/?sc=Naver
421,[시승기] 손에 잡힌 미래..BMW X3 30e,http://www.dailycar.co.kr/content/news.html?type=view&autoId=37761
422,반도체 수급난에 10월 수입차 22.6% 감소…BMW 1위 탈환,http://www.fnnews.com/news/202111031529532120
423,"여름에는 더운바람, 겨울에는 악취 내뿜는 BMW",http://www.joongdo.co.kr/web/view.php?key=20211103010000764
424,"10월 수입차 신규등록 1만8764대…BMW, 벤츠 꺾고 1위",http://www.edaily.co.kr/news/newspath.asp?newsid=01804006629242112
425,"[시승]BMW도 합리적으로 타고 싶다면, X3 x드라이브30e",http://autotimes.hankyung.com/apps/news.sub_view?popup=0&nid=06&c1=06&c2=06&c3=00&nkey=202008171914301
426,"X시리즈 활약에 BMW코리아, 1년 만에 벤츠 제치고 1위 탈환",http://www.autodaily.co.kr/news/articleView.html?idxno=430208
427,"벤츠, GLC 풀모델 체인지 계획..BMW X3·아우디 Q5 견제!",http://www.dailycar.co.kr/content/news.html?type=view&autoId=38612
428,"SUV도 고성능 시대, BMW X3와 X4에 M컴페티션 추가",http://www.edaily.co.kr/news/newspath.asp?newsid=02020486625897824
429,"제네시스 GV70, 美 '카앤드라이버' 비교평가서 BMW, 렉서스보다 앞섰다",http://www.econonews.co.kr/news/articleView.html?idxno=244810
430,"BMW, 뉴 X3·뉴 X4 고성능 라인업 출시..가격은?",http://www.dailycar.co.kr/content/news.html?type=view&autoId=37516
431,[시승기] 손에 잡힌 미래..BMW X3 30e,http://www.dailycar.co.kr/content/news.html?type=view&autoId=37761
432,반도체 수급난에 10월 수입차 22.6% 감소…BMW 1위 탈환,http://www.fnnews.com/news/202111031529532120
433,"여름에는 더운바람, 겨울에는 악취 내뿜는 BMW",http://www.joongdo.co.kr/web/view.php?key=20211103010000764
434,"10월 수입차 신규등록 1만8764대…BMW, 벤츠 꺾고 1위",http://www.edaily.co.kr/news/newspath.asp?newsid=01804006629242112
435,"[시승]BMW도 합리적으로 타고 싶다면, X3 x드라이브30e",http://autotimes.hankyung.com/apps/news.sub_view?popup=0&nid=06&c1=06&c2=06&c3=00&nkey=202008171914301
436,"X시리즈 활약에 BMW코리아, 1년 만에 벤츠 제치고 1위 탈환",http://www.autodaily.co.kr/news/articleView.html?idxno=430208
437,"벤츠, GLC 풀모델 체인지 계획..BMW X3·아우디 Q5 견제!",http://www.dailycar.co.kr/content/news.html?type=view&autoId=38612
438,"SUV도 고성능 시대, BMW X3와 X4에 M컴페티션 추가",http://www.edaily.co.kr/news/newspath.asp?newsid=02020486625897824
439,"제네시스 GV70, 美 '카앤드라이버' 비교평가서 BMW, 렉서스보다 앞섰다",http://www.econonews.co.kr/news/articleView.html?idxno=244810
440,반도체 수급난에 10월 수입차 22.6% 감소…BMW 1위 탈환,http://www.fnnews.com/news/202111031529532120
441,"여름에는 더운바람, 겨울에는 악취 내뿜는 BMW",http://www.joongdo.co.kr/web/view.php?key=20211103010000764
442,"10월 수입차 신규등록 1만8764대…BMW, 벤츠 꺾고 1위",http://www.edaily.co.kr/news/newspath.asp?newsid=01804006629242112
443,"BMW 코리아, 뉴 X3 & 뉴 X4 고성능 라인업 출시... X패밀리 라인업 확대!",http://kr.aving.net/news/view.php?articleId=1586601&Branch_ID=kr&rssid=naver&mn_name=news
444,"[시승]BMW도 합리적으로 타고 싶다면, X3 x드라이브30e",http://autotimes.hankyung.com/apps/news.sub_view?popup=0&nid=06&c1=06&c2=06&c3=00&nkey=202008171914301
445,"X시리즈 활약에 BMW코리아, 1년 만에 벤츠 제치고 1위 탈환",http://www.autodaily.co.kr/news/articleView.html?idxno=430208
446,"벤츠, GLC 풀모델 체인지 계획..BMW X3·아우디 Q5 견제!",http://www.dailycar.co.kr/content/news.html?type=view&autoId=38612
447,"SUV도 고성능 시대, BMW X3와 X4에 M컴페티션 추가",http://www.edaily.co.kr/news/newspath.asp?newsid=02020486625897824
448,"제네시스 GV70, 美 '카앤드라이버' 비교평가서 BMW, 렉서스보다 앞섰다",http://www.econonews.co.kr/news/articleView.html?idxno=244810
449,"BMW코리아, 10월 온라인 한정 모델 'X7 M50i 프로즌 블랙' 출시",http://www.newspim.com/news/view/20211014000790
450,"BMW코리아, 뉴 X3·X4 고성능 라인업 4종 출시…8천880만원부터",http://news.einfomax.co.kr/news/articleView.html?idxno=4105715
451,"[시승]BMW도 합리적으로 타고 싶다면, X3 x드라이브30e",http://autotimes.hankyung.com/apps/news.sub_view?popup=0&nid=06&c1=06&c2=06&c3=00&nkey=202008171914301
452,"X시리즈 활약에 BMW코리아, 1년 만에 벤츠 제치고 1위 탈환",http://www.autodaily.co.kr/news/articleView.html?idxno=430208
453,"벤츠, GLC 풀모델 체인지 계획..BMW X3·아우디 Q5 견제!",http://www.dailycar.co.kr/content/news.html?type=view&autoId=38612
454,"SUV도 고성능 시대, BMW X3와 X4에 M컴페티션 추가",http://www.edaily.co.kr/news/newspath.asp?newsid=02020486625897824
455,"제네시스 GV70, 美 '카앤드라이버' 비교평가서 BMW, 렉서스보다 앞섰다",http://www.econonews.co.kr/news/articleView.html?idxno=244810
456,"BMW코리아, 10월 온라인 한정 모델 'X7 M50i 프로즌 블랙' 출시",http://www.newspim.com/news/view/20211014000790
457,[단독]주행 중 핸들 잠기는 BMW X3···환불 받으려면 더 타보라고?,http://www.todaykorea.co.kr/news/articleView.html?idxno=278525
458,"BMW 코리아, 10월 온라인 한정 모델로 ‘X7 M50i 프로즌 블랙’ 출시",http://www.rpm9.com/news/article.html?id=20211018090002
459,"BMW, 10월 온라인 한정 모델 'X7 M50i 프로즌 블랙' 출시",http://www.bizwnews.com/news/articleView.html?idxno=28376
460,"BMW, 뉴 X3·뉴 X4 고성능 라인업 출시",https://view.asiae.co.kr/article/2020090309153332150
461,"BMW코리아, 10월 온라인 한정 모델 'X7 M50i 프로즌 블랙' 출시",http://www.newspim.com/news/view/20211014000790
462,[단독]주행 중 핸들 잠기는 BMW X3···환불 받으려면 더 타보라고?,http://www.todaykorea.co.kr/news/articleView.html?idxno=278525
463,"BMW 코리아, 10월 온라인 한정 모델로 ‘X7 M50i 프로즌 블랙’ 출시",http://www.rpm9.com/news/article.html?id=20211018090002
464,"BMW, 10월 온라인 한정 모델 'X7 M50i 프로즌 블랙' 출시",http://www.bizwnews.com/news/articleView.html?idxno=28376
465,"BMW 코리아, 10월 온라인 한정 모델 ‘X7 M50i 프로즌 블랙’ 출시",https://www.ebn.co.kr/news/view/1504066/?sc=Naver
466,"[수입차 이모저모] 벤틀리모터스, 포르쉐, BMW, 만트럭 등 소식",http://www.slist.kr/news/articleView.html?idxno=302653
467,"BMW 코리아, 10월 온라인 한정 에디션 'X7 M50i 프로즌 블랙' 출시",http://kr.aving.net/news/view.php?articleId=1644335&Branch_ID=kr&rssid=naver&mn_name=news
468,"한국타이어, BMW ‘i4’에 신차용 타이어 공급",http://www.sentv.co.kr/news/view/617024
469,"[영상] 완성도 높은 제네시스 GV70, BMW X3·벤츠 GLC 넘을 수 있을까?",http://www.autodaily.co.kr/news/articleView.html?idxno=424548
470,"BMW, 10월 온라인 한정판 'X7 M50i 프로즌 블랙 에디션' 출시",https://www.asiatoday.co.kr/view.php?key=20211014010007930
471,"한국타이어, BMW ‘i4’에 신차용 타이어 공급",http://www.sentv.co.kr/news/view/617024
472,"[영상] 완성도 높은 제네시스 GV70, BMW X3·벤츠 GLC 넘을 수 있을까?",http://www.autodaily.co.kr/news/articleView.html?idxno=424548
473,"[클릭!이 차]BMW X3·X4, 고성능 'M' 만나 더 강력해졌다",http://www.etnews.com/20200903000151
474,영화 속 ‘샹치’가 탄 그 BMW… 4분기에 국내에도 나온다,https://biz.chosun.com/industry/car/2021/09/19/PSRU2NYHOBESVDCFFQ6T54YBWU/?utm_source=naver&utm_medium=original&utm_campaign=biz
475,"제네시스 GV70, 외신들 ""BMW X3와 충분히 경쟁""",http://www.gpkorea.com/news/articleView.html?idxno=69607
476,"Genesis unveils GV70 SUV to vie with BMW X3, MB GLC",https://www.koreatimes.co.kr/www/tech/2020/12/419_300571.html
477,"BMW·아우디, SUV 대신 세단으로 '고성능 EV' 개발…왜?",https://www.econovill.com/news/articleView.html?idxno=547943
478,"렉서스, 美서 BMW·벤츠 제치고 판매 1위",https://view.asiae.co.kr/article/2021100709002210061
479,9월 수입차 판매 2만406대…벤츠·BMW·볼보 순,http://autotimes.hankyung.com/apps/news.sub_view?popup=0&nid=03&c1=03&c2=03&c3=00&nkey=202110061004531
480,"BMW 코리아, 10월 14대 한정판 ‘X7 M50i 프로즌 블랙’ 출시",http://www.segyebiz.com/newsView/20211014509596?OutUrl=naver
481,"한국타이어, BMW ‘i4’에 신차용 타이어 공급",http://www.sentv.co.kr/news/view/617024
482,"[영상] 완성도 높은 제네시스 GV70, BMW X3·벤츠 GLC 넘을 수 있을까?",http://www.autodaily.co.kr/news/articleView.html?idxno=424548
483,"[클릭!이 차]BMW X3·X4, 고성능 'M' 만나 더 강력해졌다",http://www.etnews.com/20200903000151
484,영화 속 ‘샹치’가 탄 그 BMW… 4분기에 국내에도 나온다,https://biz.chosun.com/industry/car/2021/09/19/PSRU2NYHOBESVDCFFQ6T54YBWU/?utm_source=naver&utm_medium=original&utm_campaign=biz
485,"제네시스 GV70, 외신들 ""BMW X3와 충분히 경쟁""",http://www.gpkorea.com/news/articleView.html?idxno=69607
486,"Genesis unveils GV70 SUV to vie with BMW X3, MB GLC",https://www.koreatimes.co.kr/www/tech/2020/12/419_300571.html
487,"BMW·아우디, SUV 대신 세단으로 '고성능 EV' 개발…왜?",https://www.econovill.com/news/articleView.html?idxno=547943
488,"렉서스, 美서 BMW·벤츠 제치고 판매 1위",https://view.asiae.co.kr/article/2021100709002210061
489,9월 수입차 판매 2만406대…벤츠·BMW·볼보 순,http://autotimes.hankyung.com/apps/news.sub_view?popup=0&nid=03&c1=03&c2=03&c3=00&nkey=202110061004531
490,"[영상] 완성도 높은 제네시스 GV70, BMW X3·벤츠 GLC 넘을 수 있을까?",http://www.autodaily.co.kr/news/articleView.html?idxno=424548
491,"[클릭!이 차]BMW X3·X4, 고성능 'M' 만나 더 강력해졌다",http://www.etnews.com/20200903000151
492,영화 속 ‘샹치’가 탄 그 BMW… 4분기에 국내에도 나온다,https://biz.chosun.com/industry/car/2021/09/19/PSRU2NYHOBESVDCFFQ6T54YBWU/?utm_source=naver&utm_medium=original&utm_campaign=biz
493,"BMW, 블랙 감성 더한 10월 한정판 'X7 M50i 프로즌 블랙' 출시",http://www.etnews.com/20211014000261
494,"제네시스 GV70, 외신들 ""BMW X3와 충분히 경쟁""",http://www.gpkorea.com/news/articleView.html?idxno=69607
495,"Genesis unveils GV70 SUV to vie with BMW X3, MB GLC",https://www.koreatimes.co.kr/www/tech/2020/12/419_300571.html
496,"BMW·아우디, SUV 대신 세단으로 '고성능 EV' 개발…왜?",https://www.econovill.com/news/articleView.html?idxno=547943
497,"렉서스, 美서 BMW·벤츠 제치고 판매 1위",https://view.asiae.co.kr/article/2021100709002210061
498,9월 수입차 판매 2만406대…벤츠·BMW·볼보 순,http://autotimes.hankyung.com/apps/news.sub_view?popup=0&nid=03&c1=03&c2=03&c3=00&nkey=202110061004531
499,"제네시스 'GV70', 벤츠 GLC. BMW X3와 경합. 8일 세계최초 공개. 출고는 내년 초",http://www.autodaily.co.kr/news/articleView.html?idxno=424285
