,title,url
0,중고 수입차 시세 소폭 하락세…BMW 3시리즈는 상승,https://www.news1.kr/articles/?4671899
1,국산차보다 잘 팔리는 벤츠·BMW,https://economist.co.kr/2022/05/06/industry/normal/20220506104851409.html
2,"""중고 수입차는 5월이 적기"" BMW 3시리즈 뺀 모든 중고차값 떨어져",http://moneys.mt.co.kr/news/mwView.php?no=2022050616243031865
3,'부품난'에 수입차 판매량 전년비 9.8% 감소…BMW·볼보는 '선전',https://www.hankyung.com/economy/article/202205042809g
4,"비싼 신차 대신 중고차 사볼까…""그랜저·BMW 6시리즈 값 떨어진다""",https://www.hankyung.com/economy/article/202205030355g
5,'즐거움 한가득'…데일리 펀카 BMW 'M235i' 타보니,https://zdnet.co.kr/view/?no=20220506120904
6,"벤츠·BMW, 르·쌍·쉐 제치고 3·4위…하이브리드 전략 먹혔다",http://www.fntimes.com/html/view.php?ud=2022050618201279567de3572ddd_18
7,"BMW 뉴 7시리즈, 하반기 국내 출시…전기차 i7도 공개",http://www.newsis.com/view/?id=NISX20220421_0001842565&cID=13001&pID=13000
8,"""CEO는 리콜 안되나요"" 한상윤 BMW코리아 대표 취임 3년",http://moneys.mt.co.kr/news/mwView.php?no=2022042123038036750
9,"BMW·MINI, '전 차종 무상점검' 캠페인…6월 11일까지",http://www.mediapen.com/news/view/720801
10,"""반도체난 피했다""···BMW코리아, 올해 홀로 성장",http://www.sisajournal-e.com/news/articleView.html?idxno=268762
11,반도체 공급난 속 벤츠·BMW 독주…4월 점유율 62.7%,https://www.dailian.co.kr/news/view/1110520/?sc=Naver
12,"[biz car] 쌍용차, 쉐보레, 르노자동차코리아, 폭스바겐, 토요타, BMW",http://www.bizwnews.com/news/articleView.html?idxno=35706
13,"[단독] BMW 'EGR 쿨러' 리콜 중단…""우크라 사태로 부품 수급 차질""",https://www.news1.kr/articles/?4662575
14,수입차 10대 중 6대는 벤츠·BMW… 3위 놓고 볼보·아우디·폭스바겐 격돌,https://www.asiatoday.co.kr/view.php?key=20220505010003092
15,"""포르쉐 이젠 망했다""…'배신자' 욕먹던 파나메라, 벤츠·BMW '충격' [왜몰랐을카]",http://news.mk.co.kr/newsRead.php?no=336210&year=2022
16,"제로백 3.9초, 정교한 코너링…BMW 중형 프리미엄 전기차 'i4'",http://www.edaily.co.kr/news/newspath.asp?newsid=04375526632300384
17,"캐딜락, 5월 특별 프로모션…금호타이어, 마제스티X 출시 기념 사은 이벤트 [자동차오늘]",http://www.sisaon.co.kr/news/articleView.html?idxno=138506
18,법인 사업자 80%는 벤츠 S클래스 탄다… 제네시스·BMW 판매량 압도,http://moneys.mt.co.kr/news/mwView.php?no=2022042816452213731
19,"BMW, '뉴 7시리즈' 최초 공개…하반기 국내 출시",https://www.yna.co.kr/view/AKR20220421115400003?input=1195m
20,BMW·MINI 보증 만료된 전 차종 무상 점검,http://www.lcnews.co.kr/news/articleView.html?idxno=32726
21,"""적어도 벤츠·BMW는 타야 ""…'묻지마 구입' 속사정, '적과의 동침' [세상만車]",https://premium.mk.co.kr/view.php?no=31795
22,"세계 3위 즈베레프, BMW 오픈 첫판서 70위에 덜미",https://sports.donga.com/article/all/20220428/113134865/2
23,"BMW 럭셔리 플래그십 세단 뉴 7시리즈 공개, 순수전기차까지",http://www.sportsseoul.com/news/read/1117628?ref=naver
24,"한국타이어, BMW 첫 순수전기차 i4 신차용 타이어 공급",https://www.yna.co.kr/view/AKR20220414052000003?did=1195m
25,[신차열전] BMW ‘7시리즈’ 출격…메르세데스-벤츠 ‘S-클래스’와 맞불,https://www.dnews.co.kr/uhtml/view.jsp?idxno=202204242226091740037
26,BMW·볼보 잘 팔리면 중견 건설사 웃는 이유는… [김은정의 클릭 부동산],https://www.hankyung.com/realestate/article/202204183649i
27,"'투 트랙' 박차 BMW, 7시리즈 전기차 i7 공개",http://www.wowtv.co.kr/NewsCenter/News/Read?articleId=A202204210072&t=NN
28,"[인터뷰] 구승회 BMW 판매왕, ‘3200대’ 대기록… 20년 노하우 들어보니",https://www.asiatoday.co.kr/view.php?key=20220426010015954
29,중고 싼타페·말리부 시세 7% 하락… 수입차는?,http://moneys.mt.co.kr/news/mwView.php?no=2022050913024471520
30,"BMW, 플래그십 세단 뉴 7시리즈 최초 공개… 국내 시장엔 하반기 출시",http://www.sportsworldi.com/newsView/20220422500953
31,BMW 신형 7시리즈 가평서 포착..국내 출시 임박했나(?),http://www.dailycar.co.kr/content/news.html?type=view&autoId=43940
32,수입車 판매 감소에도 '벤츠·BMW' 양강체제 강화,http://www.m-i.kr/news/articleView.html?idxno=911372
33,"[주차장] 4월 4주, 수입 럭셔리 세단 공개…BMW 외 4가지 자동차",http://www.shinailbo.co.kr/news/articleView.html?idxno=1543075
34,수입차 1분기 판매량 감소했지만 BMW·푸조는 선방...신차·전기차 효과 톡톡,http://www.consumernews.co.kr/news/articleView.html?idxno=647051
35,"[車뷰] 현대차 ‘2022 코나’·토요타 RAV4 HEV 출시… BMW, M시리즈 온라인판 선봬",http://theviewers.co.kr/View.aspx?No=2275308
36,[크크맨의 카 라이프] 가장 BMW다운 전기차 'i4',http://www.sisacast.kr/news/articleView.html?idxno=34770
37,"되살아난 BMW코리아, 996억 벌고 700억 본사배당",http://news.bizwatch.co.kr/article/industry/2022/04/11/0013
38,콕 짚어 BMW 지목한 알파로메오..X5·7시리즈 경쟁차 만든다!,http://www.dailycar.co.kr/content/news.html?type=view&autoId=43869
39,[시승기] 새롭게 출시된 6000만원대 BMW 전기차 'i4' 타보니…,http://daily.hankooki.com/news/articleView.html?idxno=809438
40,"BMW, “테슬라 지배 끝났다”..후발주자 추격 자신",http://www.dailycar.co.kr/content/news.html?type=view&autoId=43860
41,"엔카닷컴 ""5월 봄철 성수기 막바지, 수입차 시세 약세""",http://www.sportsseoul.com/news/read/1122043?ref=naver
42,반도체 수급난에도 굳건한 'E클래스'와 '5시리즈'···고수익 모델 판매전략 주효,http://www.sisajournal-e.com/news/articleView.html?idxno=264222
43,"국산차 전기차 뜨고, 수입차 하이브리드 민다",http://www.fntimes.com/html/view.php?ud=202205091519288547de3572ddd_18
44,"BMW 코리아, 래퍼 빈지노 '프렌드 오브 더 브랜드' 선정",http://www.sportsseoul.com/news/read/1113343?ref=naver
45,"한국타이어, BMW ‘i4’에 신차용 타이어 공급",http://www.rpm9.com/news/article.html?id=20220415090027
46,[타볼레오] 전기차에 흐르는 명가의 혈통…'짜릿'한 BMW i4,https://view.asiae.co.kr/article/2022041111143764511
47,"BMW, 차세대 M5 전기모터 달고 750마력으로 껑충..소리 없이 50㎞ 주행",http://www.dailycar.co.kr/content/news.html?type=view&autoId=43889
48,"BMW M550d xDrive 등, 엔진컨트롤유닛 SW '제작결함'…배출가스 영향 '리콜'",https://idsn.co.kr/news/view/1065585002825190
49,"이름이 곧 스펙, 변한 건 연료뿐···전기차의 단점? 전기차로 진화![BMW i4 시승기]",https://www.khan.co.kr/economy/auto/article/202204102224015
50,"한국타이어, BMW 최초 순수전기 그란쿠페 ‘i4’에 신차용 타이어 공급",http://www.sportsworldi.com/newsView/20220416501030
51,"하늘채에 BMW·볼보·아우디까지…코오롱글로벌, ‘제2의 전성기’ 맞아",http://www.fntimes.com/html/view.php?ud=2022041914083833370583674372_18
52,"한국타이어, BMW 그란쿠페 ‘i4’ 신차용 타이어 공급",http://amenews.kr/news/view.php?idx=48475
53,신형 7시리즈 파격 변신 예고한 BMW..전기차 ‘i7’는 610㎞ 주행,http://www.dailycar.co.kr/content/news.html?type=view&autoId=43780
54,"[시승기] BMW i4, 테슬라 아성 깰 '3번 타자'",http://www.econovill.com/news/articleView.html?idxno=571195
55,"[시승기] BMW i4, 일상부터 스포츠 드라이빙까지 ""언제나 Fun"" ",http://www.seoulfn.com/news/articleView.html?idxno=452095
56,"[최초시승]BMW i4…""3시리즈 재미·5시리즈 승차감까지 다 가졌네""",http://www.mediapen.com/news/view/711673
57,[김지윤의 시승기-BMW i4] 폭발적 가속·부드러운 코너링…짜릿한 사운드는 ‘덤’,http://news.heraldcorp.com/view.php?ud=20220408000687
58,"[車뷰] 현대차 ‘더 뉴 팰리세이드’?기아 ‘더 뉴 텔루라이드’?제네시스 ‘엑스 스피디움 쿠페’ 콘셉트 공개… 한국타이어, BMW i4에 탑재",http://theviewers.co.kr/View.aspx?No=2277481
59,"BMW, 2030년 EV 판매 비중 50% 목표..5시리즈·7시리즈 전기차 투입!",http://www.dailycar.co.kr/content/news.html?type=view&autoId=43434
60,[최기성의 허브車]“아프냐 나도 아팠다”…벤츠E vs BMW5 더 독해졌다,https://www.mk.co.kr/opinion/columnists/view/2022/04/310750/
61,"BMW코리아, 엔진화재 우려 3. 5시리즈 등 1만8천여대 리콜. 국토부와 시기 조율 중",http://www.autodaily.co.kr/news/articleView.html?idxno=432203
62,"""현대·기아차 다음 이게 뭐야""…안방서 '르쌍쉐'가 안보인다",https://www.joongang.co.kr/article/25069013
63,"수입차판매 양극화 '벤츠-BMW 누가 막을쏘냐'...볼보, 3위 '점프'",http://www.gpkorea.com/news/articleView.html?idxno=84548
64,"벤츠·BMW·테슬라·볼보, 지난해 매출 일제히 두 자릿수 비율로 증가",http://www.consumernews.co.kr/news/articleView.html?idxno=647218
65,중국發 자동차 산업 충격 확산...BMW·폭스바겐 공장도 ‘셧다운’,https://biz.chosun.com/international/international_economy/2022/04/07/DQC6AYW6GBE2FDKK3P4YQDNH5M/?utm_source=naver&utm_medium=original&utm_campaign=biz
66,수입차 벤츠·BMW '양강체제' 굳히기…3월 점유율 63%,http://www.fntimes.com/html/view.php?ud=2022040516212661827de3572ddd_18
67,AS 접수하는데만 8개월...BMW 서비스센터 이용은 복권 당첨보다 어려워?,http://www.consumernews.co.kr/news/articleView.html?idxno=646651
68,"""E클래스가 살렸다"" 3월 8,769대 출고한 벤츠, BMW 단숨에 역전",http://www.autodaily.co.kr/news/articleView.html?idxno=432670
69,"BMW -7%, 제네시스 -4%…잘나가던 중고차, 고유가에 ‘휘청’",https://www.joongang.co.kr/article/25060819
70,"벤츠-BMW, 2022년 1분기 실적차 99대 '박빙'",http://www.econovill.com/news/articleView.html?idxno=571128
71,세단×쿠페×SUV...‘착한 욕심쟁이’ BMW 6시리즈 GT,https://www.mk.co.kr/economy/view/2022/155580
72,"고가 법인차, 무슨 모델이 잘 팔렸나 봤더니…벤츠·BMW 인기",http://moneys.mt.co.kr/news/mwView.php?no=2022032517168089255
73,지난달 국내 신차 등록 13만387대…아반떼·BMW 5시리즈 '인기',http://moneys.mt.co.kr/news/mwView.php?no=2022020414528090964
74,[단독] BMW 뉴 8·7시리즈 출시 일정 확정…고급차로 1위 탈환 시동,http://www.newspim.com/news/view/20220209000256
75,"중고차 가격상승세 '쏘나타 티볼리 SM6, A4 티구안 5시리즈' 상승",http://www.gpkorea.com/news/articleView.html?idxno=84503
76,"BMW 그룹, ‘혁신적인 기술 변화’와 ‘e-모빌리티 확대’에 주력",http://www.rpm9.com/news/article.html?id=20220321090001
77,[렉서스 ES300h F스포츠 시승기] 렉서스 정숙함에 주행 재미 더한 ‘연비왕’,http://www.fntimes.com/html/view.php?ud=202205070549356191dd55077bc2_18
78,"BMW, '양재 인증중고차' 전시장 새 단장…고객 편의↑",http://www.mediapen.com/news/view/709446
79,BMW의 굴욕...5시리즈 할인공세에도 벤츠 E클래스보다 판매량 60%나 뒤져,http://www.consumernews.co.kr/news/articleView.html?idxno=622528
80,"'두꺼운 책자를 QR코드로'…BMW, 국내 최초 디지털 보증서 도입",http://www.mediapen.com/news/view/708184
81,"돌풍의 폴스타, 두 달만 수입 전기차 판매 1위 '우뚝'",http://www.newspim.com/news/view/20220504000980
82,"'수입차 2월 위너' 벤츠, BMW는 1만대 고지 선점… 엎치락뒤치락 1위 쟁탈전",http://www.sisaweek.com/news/articleView.html?idxno=151520
83,"BMW 코리아, 1~2월 판매 1위…벤츠 2위",http://www.econovill.com/news/articleView.html?idxno=567487
84,4월 신차 등록 작년 동기보다 10.6%↓…국산·수입 모두 줄어,https://www.yna.co.kr/view/AKR20220503124200003?input=1195m
85,"벤츠, 수입차시장 1위 탈환…벤츠·BMW 1위 대결 '치열'",http://www.kukinews.com/newsView/kuk202203040147
86,"벤츠, 수입차 판매 1위 '탈환'…BMW와 선두경쟁 치열",http://www.inews24.com/view/1457353
87,수입차도 공급난 풀리나? 2월 판매 전월 대비 13% 증가. 벤츠. BMW가 62%,http://www.autodaily.co.kr/news/articleView.html?idxno=432095
88,"BMW, 수입차 1위 탈환 비결은 '재고 관리'…'車 반도체 대란' 뚫을까",https://www.asiatoday.co.kr/view.php?key=20220220010010389
89,"""연봉 5000에 BMW, 카푸어인가요?"" 직장인 '와글와글' [이슈+]",https://www.hankyung.com/society/article/2022022598877
90,"""신차 수요 갈증 해소될까?"" 신차급 BMW 인증중고차 300여대 쏟아진다",http://www.autodaily.co.kr/news/articleView.html?idxno=431924
91,'미술과 깐부' 맺은 BMW…국내 8개 아트 갤러리와 협업,https://www.sedaily.com/NewsView/2625GDYQWP
92,"BMW코리아, 올해 7년 만에 수입차 1위 거머쥘까",http://www.m-i.kr/news/articleView.html?idxno=897307
93,"'벤츠 세상'이라더니 또 혼쭐났다…'겹경사' BMW, 7년만에 1위 노린다[왜몰랐을카]",http://news.mk.co.kr/newsRead.php?no=111438&year=2022
94,"BMW, 올해 수입차 왕좌 탈환 가능할까",http://www.sisaweek.com/news/articleView.html?idxno=150874
95,"BMW, 벤츠 꺾고 새해 첫 달 판매 1위",http://www.rpm9.com/news/article.html?id=20220209090001
96,1위 되찾은 BMW… 수입차 판매 급감에도 선방,http://www.fnnews.com/news/202202061754461378
97,반도체 부족 못피한 수입차…BMW 판매량으로 벤츠 제쳤나?,http://www.nbntv.co.kr/news/articleView.html?idxno=953164
98,벤츠 E클래스 vs BMW 5시리즈 핵심 신차 격돌…연말 진검승부,https://www.news1.kr/articles/?4114544
99,"BMW 5시리즈, 서울~양양고속도로에서 또 화재…최근 잇따른 화재",http://www.koreastocknews.com/news/articleView.html?idxno=68458
100,[크크맨의 카 라이프] 가장 BMW다운 전기차 'i4',http://www.sisacast.kr/news/articleView.html?idxno=34770
101,"되살아난 BMW코리아, 996억 벌고 700억 본사배당",http://news.bizwatch.co.kr/article/industry/2022/04/11/0013
102,콕 짚어 BMW 지목한 알파로메오..X5·7시리즈 경쟁차 만든다!,http://www.dailycar.co.kr/content/news.html?type=view&autoId=43869
103,[시승기] 새롭게 출시된 6000만원대 BMW 전기차 'i4' 타보니…,http://daily.hankooki.com/news/articleView.html?idxno=809438
104,"BMW, “테슬라 지배 끝났다”..후발주자 추격 자신",http://www.dailycar.co.kr/content/news.html?type=view&autoId=43860
105,"엔카닷컴 ""5월 봄철 성수기 막바지, 수입차 시세 약세""",http://www.sportsseoul.com/news/read/1122043?ref=naver
106,반도체 수급난에도 굳건한 'E클래스'와 '5시리즈'···고수익 모델 판매전략 주효,http://www.sisajournal-e.com/news/articleView.html?idxno=264222
107,"국산차 전기차 뜨고, 수입차 하이브리드 민다",http://www.fntimes.com/html/view.php?ud=202205091519288547de3572ddd_18
108,"BMW 코리아, 래퍼 빈지노 '프렌드 오브 더 브랜드' 선정",http://www.sportsseoul.com/news/read/1113343?ref=naver
109,"한국타이어, BMW ‘i4’에 신차용 타이어 공급",http://www.rpm9.com/news/article.html?id=20220415090027
110,‘이젠 뒷좌석에 탈 때 팝콘도 챙길까?’ 대형 스크린 넣은 신형 7시리즈 출시!,https://www.motortrendkorea.com/sub/view.html?no=6707&cate1Name=NEWCAR
111,[타볼레오] 전기차에 흐르는 명가의 혈통…'짜릿'한 BMW i4,https://view.asiae.co.kr/article/2022041111143764511
112,"BMW, 차세대 M5 전기모터 달고 750마력으로 껑충..소리 없이 50㎞ 주행",http://www.dailycar.co.kr/content/news.html?type=view&autoId=43889
113,"BMW M550d xDrive 등, 엔진컨트롤유닛 SW '제작결함'…배출가스 영향 '리콜'",https://idsn.co.kr/news/view/1065585002825190
114,"한국타이어, 전기 그란쿠페 'BMW i4'에 신차용 타이어 공급",http://digitalchosun.dizzo.com/site/data/html_dir/2022/04/14/2022041480218.html
115,"이름이 곧 스펙, 변한 건 연료뿐···전기차의 단점? 전기차로 진화![BMW i4 시승기]",https://www.khan.co.kr/economy/auto/article/202204102224015
116,"한국타이어, BMW 최초 순수전기 그란쿠페 ‘i4’에 신차용 타이어 공급",http://www.sportsworldi.com/newsView/20220416501030
117,중고 수입차 5월 시세 약세… 국산 하이브리드는 상승,http://moneys.mt.co.kr/news/mwView.php?no=2022050613012190283
118,"하늘채에 BMW·볼보·아우디까지…코오롱글로벌, ‘제2의 전성기’ 맞아",http://www.fntimes.com/html/view.php?ud=2022041914083833370583674372_18
119,"한국타이어, BMW 그란쿠페 ‘i4’ 신차용 타이어 공급",http://amenews.kr/news/view.php?idx=48475
120,"5월 중고차 시세, 수입차 구매 적기?",http://www.thedrive.co.kr/news/newsview.php?ncode=1065571045268839
121,신형 7시리즈 파격 변신 예고한 BMW..전기차 ‘i7’는 610㎞ 주행,http://www.dailycar.co.kr/content/news.html?type=view&autoId=43780
122,"[시승기] BMW i4, 테슬라 아성 깰 '3번 타자'",http://www.econovill.com/news/articleView.html?idxno=571195
123,"[시승기] BMW i4, 일상부터 스포츠 드라이빙까지 ""언제나 Fun"" ",http://www.seoulfn.com/news/articleView.html?idxno=452095
124,"엔카닷컴, 5월은 수입차 구매 적기",http://autotimes.hankyung.com/apps/news.sub_view?popup=0&nid=03&c1=03&c2=03&c3=00&nkey=202205060913561
125,"[최초시승]BMW i4…""3시리즈 재미·5시리즈 승차감까지 다 가졌네""",http://www.mediapen.com/news/view/711673
126,[김지윤의 시승기-BMW i4] 폭발적 가속·부드러운 코너링…짜릿한 사운드는 ‘덤’,http://news.heraldcorp.com/view.php?ud=20220408000687
127,"[車뷰] 현대차 ‘더 뉴 팰리세이드’?기아 ‘더 뉴 텔루라이드’?제네시스 ‘엑스 스피디움 쿠페’ 콘셉트 공개… 한국타이어, BMW i4에 탑재",http://theviewers.co.kr/View.aspx?No=2277481
128,"BMW, 2030년 EV 판매 비중 50% 목표..5시리즈·7시리즈 전기차 투입!",http://www.dailycar.co.kr/content/news.html?type=view&autoId=43434
129,[최기성의 허브車]“아프냐 나도 아팠다”…벤츠E vs BMW5 더 독해졌다,https://www.mk.co.kr/opinion/columnists/view/2022/04/310750/
130,"BMW, 2030년 EV 판매 비중 50% 목표..5시리즈·7시리즈 전기차 투입!",http://www.dailycar.co.kr/content/news.html?type=view&autoId=43434
131,[최기성의 허브車]“아프냐 나도 아팠다”…벤츠E vs BMW5 더 독해졌다,https://www.mk.co.kr/opinion/columnists/view/2022/04/310750/
132,"BMW코리아, 엔진화재 우려 3. 5시리즈 등 1만8천여대 리콜. 국토부와 시기 조율 중",http://www.autodaily.co.kr/news/articleView.html?idxno=432203
133,"""현대·기아차 다음 이게 뭐야""…안방서 '르쌍쉐'가 안보인다",https://www.joongang.co.kr/article/25069013
134,"수입차판매 양극화 '벤츠-BMW 누가 막을쏘냐'...볼보, 3위 '점프'",http://www.gpkorea.com/news/articleView.html?idxno=84548
135,"벤츠·BMW·테슬라·볼보, 지난해 매출 일제히 두 자릿수 비율로 증가",http://www.consumernews.co.kr/news/articleView.html?idxno=647218
136,"""수입 중고차 구매 5월이 적기""",http://www.enewstoday.co.kr/news/articleView.html?idxno=1568282
137,중국發 자동차 산업 충격 확산...BMW·폭스바겐 공장도 ‘셧다운’,https://biz.chosun.com/international/international_economy/2022/04/07/DQC6AYW6GBE2FDKK3P4YQDNH5M/?utm_source=naver&utm_medium=original&utm_campaign=biz
138,수입차 벤츠·BMW '양강체제' 굳히기…3월 점유율 63%,http://www.fntimes.com/html/view.php?ud=2022040516212661827de3572ddd_18
139,AS 접수하는데만 8개월...BMW 서비스센터 이용은 복권 당첨보다 어려워?,http://www.consumernews.co.kr/news/articleView.html?idxno=646651
140,5월 하이브리드 중고차 가격 소폭 상승…수입차는 구매 적기,http://it.chosun.com/site/data/html_dir/2022/05/06/2022050600600.html
141,수입차 벤츠·BMW '양강체제' 굳히기…3월 점유율 63%,http://www.fntimes.com/html/view.php?ud=2022040516212661827de3572ddd_18
142,AS 접수하는데만 8개월...BMW 서비스센터 이용은 복권 당첨보다 어려워?,http://www.consumernews.co.kr/news/articleView.html?idxno=646651
143,"""E클래스가 살렸다"" 3월 8,769대 출고한 벤츠, BMW 단숨에 역전",http://www.autodaily.co.kr/news/articleView.html?idxno=432670
144,"BMW -7%, 제네시스 -4%…잘나가던 중고차, 고유가에 ‘휘청’",https://www.joongang.co.kr/article/25060819
145,"벤츠-BMW, 2022년 1분기 실적차 99대 '박빙'",http://www.econovill.com/news/articleView.html?idxno=571128
146,[김지윤의 시승기 - BMW 순수전기 그란 쿠페 ‘i4’] 폭발적 가속·부드러운 코너링…웅장한 음향효과 운전이 재밌다,http://news.heraldcorp.com/view.php?ud=20220412000364
147,세단×쿠페×SUV...‘착한 욕심쟁이’ BMW 6시리즈 GT,https://www.mk.co.kr/economy/view/2022/155580
148,"고가 법인차, 무슨 모델이 잘 팔렸나 봤더니…벤츠·BMW 인기",http://moneys.mt.co.kr/news/mwView.php?no=2022032517168089255
149,지난달 국내 신차 등록 13만387대…아반떼·BMW 5시리즈 '인기',http://moneys.mt.co.kr/news/mwView.php?no=2022020414528090964
150,지난달 국내 신차 등록 13만387대…아반떼·BMW 5시리즈 '인기',http://moneys.mt.co.kr/news/mwView.php?no=2022020414528090964
151,[단독] BMW 뉴 8·7시리즈 출시 일정 확정…고급차로 1위 탈환 시동,http://www.newspim.com/news/view/20220209000256
152,"중고차 가격상승세 '쏘나타 티볼리 SM6, A4 티구안 5시리즈' 상승",http://www.gpkorea.com/news/articleView.html?idxno=84503
153,"""5월 A4, XC90 등 수입 중고차 시세 약화…구매 적기""",http://www.edaily.co.kr/news/newspath.asp?newsid=02696166632326296
154,"BMW 그룹, ‘혁신적인 기술 변화’와 ‘e-모빌리티 확대’에 주력",http://www.rpm9.com/news/article.html?id=20220321090001
155,[렉서스 ES300h F스포츠 시승기] 렉서스 정숙함에 주행 재미 더한 ‘연비왕’,http://www.fntimes.com/html/view.php?ud=202205070549356191dd55077bc2_18
156,"BMW, 올해 전기차 15종 내놓는다…'주행거리 600km' 전기 세단 i7도",https://www.hankyung.com/economy/article/202203171668g
157,"BMW, '양재 인증중고차' 전시장 새 단장…고객 편의↑",http://www.mediapen.com/news/view/709446
158,BMW의 굴욕...5시리즈 할인공세에도 벤츠 E클래스보다 판매량 60%나 뒤져,http://www.consumernews.co.kr/news/articleView.html?idxno=622528
159,"'두꺼운 책자를 QR코드로'…BMW, 국내 최초 디지털 보증서 도입",http://www.mediapen.com/news/view/708184
160,"BMW 그룹, 올해 전기차 15종 생산…e-모빌리티 시장 선도",http://www.sentv.co.kr/news/view/614288
161,"BMW, '양재 인증중고차' 전시장 새 단장…고객 편의↑",http://www.mediapen.com/news/view/709446
162,BMW의 굴욕...5시리즈 할인공세에도 벤츠 E클래스보다 판매량 60%나 뒤져,http://www.consumernews.co.kr/news/articleView.html?idxno=622528
163,"'두꺼운 책자를 QR코드로'…BMW, 국내 최초 디지털 보증서 도입",http://www.mediapen.com/news/view/708184
164,"돌풍의 폴스타, 두 달만 수입 전기차 판매 1위 '우뚝'",http://www.newspim.com/news/view/20220504000980
165,"엔카닷컴, 5월 수입차 시세 하락…아우디 A4 최소 5% 떨어져",https://www.ebn.co.kr/news/view/1529632/?sc=Naver
166,"'수입차 2월 위너' 벤츠, BMW는 1만대 고지 선점… 엎치락뒤치락 1위 쟁탈전",http://www.sisaweek.com/news/articleView.html?idxno=151520
167,"BMW 코리아, 1~2월 판매 1위…벤츠 2위",http://www.econovill.com/news/articleView.html?idxno=567487
168,4월 신차 등록 작년 동기보다 10.6%↓…국산·수입 모두 줄어,https://www.yna.co.kr/view/AKR20220503124200003?input=1195m
169,"벤츠, 수입차시장 1위 탈환…벤츠·BMW 1위 대결 '치열'",http://www.kukinews.com/newsView/kuk202203040147
170,"BMW그룹 ""순수전기차 올해 15종 생산…2025년 누적 200만대 판매""",https://www.dailian.co.kr/news/view/1094050/?sc=Naver
171,"BMW, '양재 인증중고차' 전시장 새 단장…고객 편의↑",http://www.mediapen.com/news/view/709446
172,BMW의 굴욕...5시리즈 할인공세에도 벤츠 E클래스보다 판매량 60%나 뒤져,http://www.consumernews.co.kr/news/articleView.html?idxno=622528
173,"'두꺼운 책자를 QR코드로'…BMW, 국내 최초 디지털 보증서 도입",http://www.mediapen.com/news/view/708184
174,"돌풍의 폴스타, 두 달만 수입 전기차 판매 1위 '우뚝'",http://www.newspim.com/news/view/20220504000980
175,"엔카닷컴, 5월 수입차 시세 하락…아우디 A4 최소 5% 떨어져",https://www.ebn.co.kr/news/view/1529632/?sc=Naver
176,"'수입차 2월 위너' 벤츠, BMW는 1만대 고지 선점… 엎치락뒤치락 1위 쟁탈전",http://www.sisaweek.com/news/articleView.html?idxno=151520
177,"BMW 코리아, 1~2월 판매 1위…벤츠 2위",http://www.econovill.com/news/articleView.html?idxno=567487
178,4월 신차 등록 작년 동기보다 10.6%↓…국산·수입 모두 줄어,https://www.yna.co.kr/view/AKR20220503124200003?input=1195m
179,"벤츠, 수입차시장 1위 탈환…벤츠·BMW 1위 대결 '치열'",http://www.kukinews.com/newsView/kuk202203040147
180,"BMW, e모빌리티 확대 박차…""2030년 전기차 1000만대 인도 목표""",http://www.edaily.co.kr/news/newspath.asp?newsid=03089766632264304
181,"BMW, '양재 인증중고차' 전시장 새 단장…고객 편의↑",http://www.mediapen.com/news/view/709446
182,BMW의 굴욕...5시리즈 할인공세에도 벤츠 E클래스보다 판매량 60%나 뒤져,http://www.consumernews.co.kr/news/articleView.html?idxno=622528
183,"'두꺼운 책자를 QR코드로'…BMW, 국내 최초 디지털 보증서 도입",http://www.mediapen.com/news/view/708184
184,"돌풍의 폴스타, 두 달만 수입 전기차 판매 1위 '우뚝'",http://www.newspim.com/news/view/20220504000980
185,"엔카닷컴, 5월 수입차 시세 하락…아우디 A4 최소 5% 떨어져",https://www.ebn.co.kr/news/view/1529632/?sc=Naver
186,"'수입차 2월 위너' 벤츠, BMW는 1만대 고지 선점… 엎치락뒤치락 1위 쟁탈전",http://www.sisaweek.com/news/articleView.html?idxno=151520
187,"BMW 코리아, 1~2월 판매 1위…벤츠 2위",http://www.econovill.com/news/articleView.html?idxno=567487
188,4월 신차 등록 작년 동기보다 10.6%↓…국산·수입 모두 줄어,https://www.yna.co.kr/view/AKR20220503124200003?input=1195m
189,"벤츠, 수입차시장 1위 탈환…벤츠·BMW 1위 대결 '치열'",http://www.kukinews.com/newsView/kuk202203040147
190,"BMW, '양재 인증중고차' 전시장 새 단장…고객 편의↑",http://www.mediapen.com/news/view/709446
191,BMW의 굴욕...5시리즈 할인공세에도 벤츠 E클래스보다 판매량 60%나 뒤져,http://www.consumernews.co.kr/news/articleView.html?idxno=622528
192,"BMW, 올해 순수전기차 15종 생산…2025년까지 200만대 판매",http://news.mk.co.kr/newsRead.php?no=246765&year=2022
193,"'두꺼운 책자를 QR코드로'…BMW, 국내 최초 디지털 보증서 도입",http://www.mediapen.com/news/view/708184
194,"돌풍의 폴스타, 두 달만 수입 전기차 판매 1위 '우뚝'",http://www.newspim.com/news/view/20220504000980
195,"엔카닷컴, 5월 수입차 시세 하락…아우디 A4 최소 5% 떨어져",https://www.ebn.co.kr/news/view/1529632/?sc=Naver
196,"'수입차 2월 위너' 벤츠, BMW는 1만대 고지 선점… 엎치락뒤치락 1위 쟁탈전",http://www.sisaweek.com/news/articleView.html?idxno=151520
197,"BMW 코리아, 1~2월 판매 1위…벤츠 2위",http://www.econovill.com/news/articleView.html?idxno=567487
198,4월 신차 등록 작년 동기보다 10.6%↓…국산·수입 모두 줄어,https://www.yna.co.kr/view/AKR20220503124200003?input=1195m
199,"벤츠, 수입차시장 1위 탈환…벤츠·BMW 1위 대결 '치열'",http://www.kukinews.com/newsView/kuk202203040147
200,4월 신차 등록 작년 동기보다 10.6%↓…국산·수입 모두 줄어,https://www.yna.co.kr/view/AKR20220503124200003?input=1195m
201,"벤츠, 수입차시장 1위 탈환…벤츠·BMW 1위 대결 '치열'",http://www.kukinews.com/newsView/kuk202203040147
202,"벤츠, 수입차 판매 1위 '탈환'…BMW와 선두경쟁 치열",http://www.inews24.com/view/1457353
203,"""중고차도 힘 못쓰네"" 국산차 수입차 동반 가격 안정세",http://www.gpkorea.com/news/articleView.html?idxno=85582
204,수입차도 공급난 풀리나? 2월 판매 전월 대비 13% 증가. 벤츠. BMW가 62%,http://www.autodaily.co.kr/news/articleView.html?idxno=432095
205,"BMW, 수입차 1위 탈환 비결은 '재고 관리'…'車 반도체 대란' 뚫을까",https://www.asiatoday.co.kr/view.php?key=20220220010010389
206,"""연봉 5000에 BMW, 카푸어인가요?"" 직장인 '와글와글' [이슈+]",https://www.hankyung.com/society/article/2022022598877
207,"""신차 수요 갈증 해소될까?"" 신차급 BMW 인증중고차 300여대 쏟아진다",http://www.autodaily.co.kr/news/articleView.html?idxno=431924
208,'미술과 깐부' 맺은 BMW…국내 8개 아트 갤러리와 협업,https://www.sedaily.com/NewsView/2625GDYQWP
209,"BMW코리아, 올해 7년 만에 수입차 1위 거머쥘까",http://www.m-i.kr/news/articleView.html?idxno=897307
210,'미술과 깐부' 맺은 BMW…국내 8개 아트 갤러리와 협업,https://www.sedaily.com/NewsView/2625GDYQWP
211,"BMW코리아, 올해 7년 만에 수입차 1위 거머쥘까",http://www.m-i.kr/news/articleView.html?idxno=897307
212,4월 수입차 판매 2만3070대…9.8%↓,https://www.dnews.co.kr/uhtml/view.jsp?idxno=202205041058187680514
213,"'벤츠 세상'이라더니 또 혼쭐났다…'겹경사' BMW, 7년만에 1위 노린다[왜몰랐을카]",http://news.mk.co.kr/newsRead.php?no=111438&year=2022
214,"BMW, 올해 수입차 왕좌 탈환 가능할까",http://www.sisaweek.com/news/articleView.html?idxno=150874
215,"BMW, 벤츠 꺾고 새해 첫 달 판매 1위",http://www.rpm9.com/news/article.html?id=20220209090001
216,1위 되찾은 BMW… 수입차 판매 급감에도 선방,http://www.fnnews.com/news/202202061754461378
217,반도체 부족 못피한 수입차…BMW 판매량으로 벤츠 제쳤나?,http://www.nbntv.co.kr/news/articleView.html?idxno=953164
218,벤츠 E클래스 vs BMW 5시리즈 핵심 신차 격돌…연말 진검승부,https://www.news1.kr/articles/?4114544
219,"BMW 5시리즈, 서울~양양고속도로에서 또 화재…최근 잇따른 화재",http://www.koreastocknews.com/news/articleView.html?idxno=68458
220,벤츠 E클래스 vs BMW 5시리즈 핵심 신차 격돌…연말 진검승부,https://www.news1.kr/articles/?4114544
221,"BMW 5시리즈, 서울~양양고속도로에서 또 화재…최근 잇따른 화재",http://www.koreastocknews.com/news/articleView.html?idxno=68458
222,PHEV 급성장한 'BMW'···전기차 시장 확대에 꺾일까,http://www.sisajournal-e.com/news/articleView.html?idxno=253842
223,1월 수입차 판매량 '뚝'…BMW 최다 판매 '1위',http://www.newspim.com/news/view/20220207000728
224,"올해 수입차 1위 탈환나선 BMW, 새해 첫 달 1위로 출발",http://www.autodaily.co.kr/news/articleView.html?idxno=431657
225,"벤츠 1위 속사정은 '아내의 유혹'…BMW, '오빠' 믿고 복수혈전 [세상만車]",https://premium.mk.co.kr/view.php?no=31458
226,"수입차 1월부터 판매 급감…BMW, 1월 수입차 판매 1위",http://www.busan.com/view/busan/view.php?code=2022020712571963816
227,"'나란히 신차' 벤츠 E클래스-BMW 5시리즈, 주요 스펙 비교해보니...",http://www.consumernews.co.kr/news/articleView.html?idxno=612731
228,"'반도체 직격탄' 올 들어 수입차 판매 22% 급감…BMW, 벤츠 꺾고 1위",https://www.hankyung.com/economy/article/202202075724g
229,"BMW 5시리즈, E클래스·G70 제쳤다…한국자동차기자협회 '11월의 차' 선정",http://www.etnews.com/20201103000035
230,"""시작이 좋네"" BMW, 1월 판매서 벤츠 누르고 1위 달성",http://www.g-enews.com/ko-kr/news/article/news_all/2022020710515494557bdb7041ec_1/article.html
231,[안민구 기자의 온로드] 더 똑똑해진 BMW '뉴 5시리즈',http://isplus.live.joins.com/news/article/article.asp?total_id=23894750
232,"BMW코리아, 희망나눔학교 성료…'돌봄 공백' 아동 직접지원",http://www.mediapen.com/news/view/698069
233,10월 'BMW 5시리즈 vs 벤츠 E클래스' 동시출시…수입차 얼마나 할인되나,http://daily.hankooki.com/lpage/industry/202010/dh20201008171004147980.htm?s_ref=nv
234,BMW vs 벤츠 '정면승부'…5시리즈·E클래스 10월 동시 출격,http://isplus.live.joins.com/news/article/article.asp?total_id=23889060
235,[단독]편의점 결제 이어 자동차까지?…페이코인으로 BMW8시리즈 산다,http://news.mt.co.kr/mtview.php?no=2021121210032832206
236,"""널린 게 벤츠·BMW·포르쉐""라더니…'1억' 넘어야 수입차 대접받겠네 [세상만車]",https://premium.mk.co.kr/view.php?no=31425
237,4월 수입차 판매 2만3천70대…반도체 수급난에 작년보다 9.8%↓,https://www.yna.co.kr/view/AKR20220504060000003?input=1195m
238,"3시리즈·X5 호조에 BMW코리아, 2개월 연속 수입차 판매 1위 차지",http://www.autodaily.co.kr/news/articleView.html?idxno=430704
239,"BMW, 5시리즈 페이스리프트 한국 출시…하이브리드 추가",http://www.fntimes.com/html/view.php?ud=2020100514103069727de3572ddd_18
240,"[기자수첩] BMW 코리아 홍보社 웰컴, ""10년간 고인 물에 소통창구는 썩고 있다""",http://www.pinpointnews.co.kr/view.php?ud=2022012710354335735d46bea725_45
241,"BMW, 차세대 5시리즈는 이런 모습(?)..전기차 i5도 동시 출격",http://www.dailycar.co.kr/content/news.html?type=view&autoId=41589
242,"우리산업, BMW 마일드 하이브리드(MHEV)용 PTC히터 올해 공급 시작",http://www.fnnews.com/news/202201261138200554
243,"[김도형 기자의 일편車심]전기차 시대, 밋밋해지는 車 작명법",https://www.donga.com/news/article/all/20220506/113253954/1
244,"벤츠, '7년 연속 판매 1위' BMW 기록 깰까...1만 대 격차 벌려 무난할 듯",http://www.consumernews.co.kr/news/articleView.html?idxno=641672
245,"BMW, 신형 7시리즈에 레벨3 자율주행 탑재..5시리즈·X7 등으로 확대",http://www.dailycar.co.kr/content/news.html?type=view&autoId=41572
246,"BMW, '뉴 4시리즈 그란쿠페' 등 5종 온라인 한정 출시…6430만원부터",http://www.newsis.com/view/?id=NISX20211109_0001644776&cID=13001&pID=13000
247,"그랜저HG·BMW 5시리즈, 비교 견적 신청 1위",http://www.skyedaily.com/news/news_view.html?ID=110603
248,"BMW 한상윤號, 끊임없는 잡음...이번엔 공조기 균열 문제",http://www.pinpointnews.co.kr/view.php?ud=202201121619087745d46bea725_45
249,수입차 판매 ‘벤츠-BMW’ 양강 굳건… 중위권은 지각변동,http://www.fnnews.com/news/202201161803207099
250,수입차 판매 ‘벤츠-BMW’ 양강 굳건… 중위권은 지각변동,http://www.fnnews.com/news/202201161803207099
251,"""BMW, 부품난에도 잘 나갔다""…한국서 인기 폭발한 車는?",https://www.hankyung.com/economy/article/202201136783g
252,고급차 시장 강자는 '제네시스'…벤츠·BMW에 압승,http://isplus.live.joins.com/news/article/article.asp?total_id=24190184
253,"""무섭다, '묻지마 벤츠사랑'에 또다시 판매신화""…'뒤끝작렬' BMW ""두고보자"" [세상만車]",https://premium.mk.co.kr/view.php?no=31319
254,"리본카, ‘BMW 5시리즈’ 초특가 경매 진행",http://www.thedrive.co.kr/news/newsview.php?ncode=1065571863639755
255,반도체 수급난에 '타격'··· 4월 수입차 판매 2만3070대 전년比 10%가량 '급감',http://www.getnews.co.kr/news/articleView.html?idxno=583015
256,"'판매 급감' 르·쌍·쉐, 벤츠·BMW에 밀렸다",http://www.newstomato.com/ReadNews.aspx?no=1098583&inflow=N
257,"유진투자증권, 주식레이스 2.0 연말 이벤트···""BMW 5시리즈 쏜다""",https://www.sedaily.com/NewsView/22TVG9O89R
258,"수입차, 2년 연속 '사상최대' 판매…벤츠·BMW 양강구도",http://www.fnnews.com/news/202201051040340375
259,국내 수입차 판매량 톱10에 벤츠만 4종...BMW는 뭐하나?,http://www.pinpointnews.co.kr/view.php?ud=2022010510023965275d46bea725_45
260,BMW 5시리즈 vs 벤츠 E클래스 '라이벌' 재격돌…승자는?,http://www.mediapen.com/news/view/529843
261,"BMW, 시장 경쟁력 높인 ‘5시리즈’ 출격..달라진 점은?",http://www.dailycar.co.kr/content/news.html?type=view&autoId=36649
262,"벤츠·BMW 잡았던 '그랜저값' 독일세단, 출시 확정…'역대급 가심비' 신형 폭스바겐 아테온",http://news.mk.co.kr/newsRead.php?no=1144988&year=2021
263,'E클래스 잡을까?' 부산 데뷔 불발된 BMW 5시리즈 부분변경 유출,http://www.autodaily.co.kr/news/articleView.html?idxno=418748
264,수입차 올해도 질주…BMW·볼보 약진,http://www.newstomato.com/ReadNews.aspx?no=1093939&inflow=N
265,"BMW, 한국이 디젤차 EGR쿨러 시험장?…소비자 생명·안전 위험 여전",http://www.idsn.co.kr/news/articleView.html?idxno=60690
266,BMW ‘540i X드라이브’ 타 보니…후진도 알아서 척척,http://www.busan.com/view/busan/view.php?code=2020120818001472341
267,"""14.9인치 커브드 디스플레이 탑재"" BMW, '신형 5시리즈(G60)' 포착. 전기차도 출시",http://www.autodaily.co.kr/news/articleView.html?idxno=429585
268,"iX 앞세운 BMW그룹, 전기화 모델 누적 판매 100만 대 넘겼다",http://sports.khan.co.kr/news/sk_index.html?art_id=202112151217013&sec_id=563002&pt=nv
269,"씨 마른 'E클래스'…BMW·아우디, 벤츠 고객 쟁탈전",https://www.ebn.co.kr/news/view/1511161/?sc=Naver
270,"이젠 페이코인으로 차량도 구매..다날핀테크, BMW 딜러 '삼천리모터스'와 제휴",http://kpenews.com/View.aspx?No=2144870
271,안방 점령한 제네시스… 벤츠·BMW와 격차 더 벌렸다,http://www.fnnews.com/news/202112161746550497
272,"BMW코리아, 화재원인 지목 EGR쿨러 교체, ""이번이 마지막 개선품이다.""",http://www.autodaily.co.kr/news/articleView.html?idxno=430897
273,벤츠 'E클래스' vs BMW '5시리즈' 신형 프리미엄 세단 한판대결,http://www.etnews.com/20200204000346
274,"11월 수입차 판매 31.4%↓, BMW 2달 연속 판매량 1위",https://sports.donga.com/article/all/20211205/110615632/1
275,"BMW, 두 달 연속 벤츠 제치고 '1위'..11월 수입차 1.8만대 판매",http://news.mt.co.kr/mtview.php?no=2021120310071999793
276,반도체난에 수입車 지각변동···BMW·볼보의 반란,http://www.sisajournal-e.com/news/articleView.html?idxno=244966
277,"""재고도 할인도 없다""…6개월 대기 '벤츠·BMW', 신차 미룬 '폭스바겐'",http://www.etnews.com/20211126000126
278,"이제는 '쓸모 있는' 코인들…BMW 사고, 영화도 본다",https://www.hankyung.com/economy/article/2021121479791
279,"'BMW 5시리즈', 2018년 화재사건 딛고 중고 수입차 경매 인기도 1위",http://www.efnews.co.kr/news/articleView.html?idxno=82586
280,"'BMW 5시리즈', 2018년 화재사건 딛고 중고 수입차 경매 인기도 1위",http://www.efnews.co.kr/news/articleView.html?idxno=82586
281,"[영상] '서울모빌리티쇼' BMW, 신형 전기차 iX·i4·뉴 iX3 공개",https://www.dailian.co.kr/news/view/1057427/?sc=Naver
282,"BMW, 벤츠 제치고 두달 연속 1위···11월 수입차 판매 1만8810대",http://www.seoulfn.com/news/articleView.html?idxno=439898
283,"평범한 승용차와 어려운 고성능 차량 사이 어디쯤, BMW M340i",https://www.hani.co.kr/arti/economy/car/1021066.html
284,"'일본차 불매' 시들? 아님 차는 좋아서?…4년만에 벤츠 BMW 제치고 '수입차 1위', 렉서스 ES300h",http://news.mk.co.kr/newsRead.php?no=1115115&year=2021
285,[시승기] 디즈니의 ‘스타워즈 시퀄 트릴로지’ 역시 성공 했다. ‘BMW 530i xDrive M 스포츠 패키지’,https://hankookilbo.com/News/Read/A2020100909400005908?did=NA
286,"포르쉐한테 밀렸던 벤츠·BMW, 전기차 체면 회복 시동 건다",http://www.sisajournal-e.com/news/articleView.html?idxno=243632
287,"‘한 달새 3건’ 화력 여전한 BMW, 전기차 출시 앞두고 또다시 화재…한상윤 대표 리더십 시험대 오르나",http://thepublic.kr/news/newsview.php?ncode=1065589916788478
288,"[최기성의 허브車]“벤츠, 이젠 좀 아프냐”…설움 한방에 떨쳐낸 BMW 아우디",https://www.mk.co.kr/opinion/columnists/view/2021/11/1057652/
289,"1·2위만 살아 남는다?...현대차+기아 국산차 점유율 90% 육박, 벤츠+BMW 수입차 과반 넘어",http://www.consumernews.co.kr/news/articleView.html?idxno=638183
290,"""벤츠라면 모든 게 용서""라더니 '혼쭐'났다…1위 빼앗은 BMW 아우디 ""복수는 나의 것"" [왜몰랐을카]",http://news.mk.co.kr/newsRead.php?no=1053173&year=2021
291,수입차 업계 뒤흔든 2·3인자의 반란… 10월의 주인공은 BMW·아우디,http://www.sisaweek.com/news/articleView.html?idxno=148479
292,"아우디 A6, 10월 1271대 판매왕 차지 '벤츠 BMW 제쳤다'",http://www.gpkorea.com/news/articleView.html?idxno=79636
293,"[단독] 고금리 유혹하는 BMW···""파이낸셜 써야 출고 빨라""",http://www.sisajournal-e.com/news/articleView.html?idxno=242589
294,"BMW 5시리즈 중고 시세, 전월 대비 8.9% 상승… 국산차는?",http://moneys.mt.co.kr/news/mwView.php?no=2021081113088013702
295,"'넘버3'의 반란, 3년만에 벤츠 BMW 모두 잡았다…아우디 A6, 마침내 '수입차 1위' 차지",http://news.mk.co.kr/newsRead.php?no=1037769&year=2021
296,"내릴 때마다 ""아, 성공했구나""…'하차감 제왕' 벤츠S, '판매신화' 썼다 [왜몰랐을카]",http://news.mk.co.kr/newsRead.php?no=380110&year=2022
297,"BMW, 차세대 5시리즈 전기차·하이브리드 나온다..출시 일정은?",http://www.dailycar.co.kr/content/news.html?type=view&autoId=40420
298,"벤츠, 반도체 대란에 BMW에 1위 뺏겨",http://www.sisajournal-e.com/news/articleView.html?idxno=240966
299,"BMW 또 리콜, 1 시리즈 Sport 등 35차종 8320대…고압 연료펌프 '설계결함'",http://www.idsn.co.kr/news/articleView.html?idxno=53938
300,"車반도체 부족에… 벤츠, BMW에 밀려 수입차 시장 2위",https://www.seoul.co.kr/news/newsView.php?id=20211110021001&wlog_tag3=naver
301,"BMW, 1년 만에 벤츠 앞질러…수입차 판매량 1위 등극",http://www.enewstoday.co.kr/news/articleView.html?idxno=1523559
302,[혼돈의 車시장]④ 중고차 가격 더 오르나?…대기업 진출에 '기대 반 우려 반',http://www.newspim.com/news/view/20220428001166
303,하이브리드는 역시 일본?... 독일차 홍수 속 눈에 띄는 '렉서스',https://economist.co.kr/2022/04/27/industry/normal/20220427135908034.html
304,"'반도체 덕분에'…BMW, 벤츠 제치고 '1위' 탈환",https://www.asiatime.co.kr/article/20211103500113
305,"BMW '320d' 등 13개 차종, 연료펌프 '설계·제작 결함'…리콜",http://www.koreastocknews.com/news/articleView.html?idxno=67914
306,"BMW·미니, 11월 한 달간 '보증연장' 20% 할인",http://www.mediapen.com/news/view/675551
307,반도체 수급난에 10월 수입차 22.6% 감소…BMW 1위 탈환,http://www.fnnews.com/news/202111031529532120
308,"유진투자증권 ""주식 거래하고 BMW·캐스퍼 타세요""",https://www.ebn.co.kr/news/view/1506702/?sc=Naver
309,"유진투자증권, BMW·캐스퍼 등 총 1억원 경품 이벤트",https://www.fetv.co.kr/news/article.html?no=99775
310,"유진투자증권 ""주식 거래하고 BMW·캐스퍼 타세요""",https://www.ebn.co.kr/news/view/1506702/?sc=Naver
311,"유진투자증권, BMW·캐스퍼 등 총 1억원 경품 이벤트",https://www.fetv.co.kr/news/article.html?no=99775
312,"국산은 'RV', 수입은 '세단'",https://view.asiae.co.kr/article/2022042210112690389
313,"[2021결산]올해를 빛낸 IT제품: 맥북 프로, Z 플립3, 아이오닉 5",http://www.ddanzi.com/715202209
314,E클래스 제친 5시리즈...그래도 웃지 못하는 BMW,http://www.wowtv.co.kr/NewsCenter/News/Read?articleId=A202107050131&t=NN
315,[자유로 연비] 530마력의 퍼포먼스…BMW M550i xDrive의 자유로 연비는?,https://hankookilbo.com/News/Read/A2021101207580003226?did=NA
316,"“계약하면 내년에나”…BMW 5시리즈 출고대란, 왜?",https://www.ebn.co.kr/news/view/1492007/?sc=Naver
317,“초대형 아님?” BMW 차세대 5시리즈 예상 렌더링,http://www.thedrive.co.kr/news/newsview.php?ncode=1065591136827427
318,"BMW, 5시리즈 최상위 모델 '뉴 M5 CS' 8월 온라인 한정 출시",https://daily.hankooki.com/lpage/industry/202108/dh20210812160401147980.htm?s_ref=nv
319,볼보 ‘조용한 질주’… 4월 수입차 판매 3위,http://www.fnnews.com/news/202205081800572468
320,"유진투자증권, 주식거래하면 'BMW·캐스퍼' 경품",http://www.newspim.com/news/view/20211103000077
321,"[2021결산]올해를 빛낸 IT제품: 맥북 프로, Z 플립3, 아이오닉 5",http://www.ddanzi.com/715202209
322,E클래스 제친 5시리즈...그래도 웃지 못하는 BMW,http://www.wowtv.co.kr/NewsCenter/News/Read?articleId=A202107050131&t=NN
323,[자유로 연비] 530마력의 퍼포먼스…BMW M550i xDrive의 자유로 연비는?,https://hankookilbo.com/News/Read/A2021101207580003226?did=NA
324,"“계약하면 내년에나”…BMW 5시리즈 출고대란, 왜?",https://www.ebn.co.kr/news/view/1492007/?sc=Naver
325,“초대형 아님?” BMW 차세대 5시리즈 예상 렌더링,http://www.thedrive.co.kr/news/newsview.php?ncode=1065591136827427
326,"BMW, 5시리즈 최상위 모델 '뉴 M5 CS' 8월 온라인 한정 출시",https://daily.hankooki.com/lpage/industry/202108/dh20210812160401147980.htm?s_ref=nv
327,볼보 ‘조용한 질주’… 4월 수입차 판매 3위,http://www.fnnews.com/news/202205081800572468
328,"테슬라 모델3, BMW 5시리즈 제쳤다…6월 수입차 판매 1위",http://yna.kr/AKR20210706128200003?did=1195m
329,"""벤츠, 넌 내게 모욕감을 줬어""…'별이 5개' 내릴 때 뿌듯한 '신형 제네시스 G90' 역공",http://news.mk.co.kr/newsRead.php?no=1136197&year=2021
330,"지난달 수입차 판매 '4.2%'↓…BMW 5시리즈, E클래스 제치고 '1위'",http://www.etnews.com/20210705000106
331,"""벤츠, 넌 내게 모욕감을 줬어""…'별이 5개' 내릴 때 뿌듯한 '신형 제네시스 G90' 역공",http://news.mk.co.kr/newsRead.php?no=1136197&year=2021
332,"""돼지코·토끼이빨""…각종 닮은꼴 등장한 BMW '뉴4 시리즈', 판매량은",https://www.etoday.co.kr/news/view/2044352
333,"""잘나가니 배짱장사?""···BMW, 반도체 대란에 할인 줄이고 옵션 빼",http://www.sisajournal-e.com/news/articleView.html?idxno=237261
334,"수입차 30만대 눈앞…벤츠-BMW, 9달간 6만대 돌파",https://www.dailian.co.kr/news/view/1038986/?sc=Naver
335,"[전기차시대] BMW ‘뉴 530e’, 플러그인하이브리드카 시장 주도하는 인기요인은…",https://daily.hankooki.com/lpage/column/202109/dh20210929083021148550.htm?s_ref=nv
336,"""돼지코 같다"" 싸늘한 반응…BMW 4시리즈 참혹한 결과",https://www.hankyung.com/economy/article/202107136677g
337,9월 수입차 판매 2만406대…벤츠·BMW·볼보 순,http://autotimes.hankyung.com/apps/news.sub_view?popup=0&nid=03&c1=03&c2=03&c3=00&nkey=202110061004531
338,"금호타이어, BMW '5시리즈'에 신차용 타이어 공급",http://www.etnews.com/20181205000254
339,"수입車, 벤츠·BMW 쏠림 심화…E클래스·5시리즈 '저력'",http://www.m-i.kr/news/articleView.html?idxno=835224
340,"금호타이어, BMW '5시리즈'에 신차용 타이어 공급",http://www.ekn.kr/news/article.html?no=401773
341,"수입車, 벤츠·BMW 쏠림 심화…E클래스·5시리즈 '저력'",http://www.m-i.kr/news/articleView.html?idxno=835224
342,4월 국산ㆍ수입 신차 등록 14만5830대…전년동기 比 10.6% 감소,https://www.dnews.co.kr/uhtml/view.jsp?idxno=202205031631480120328
343,"그랜저보다 2배 비싼 BMW5 시리즈, 자동차세는 오히려 13만원 낮아",http://sports.chosun.com/news/ntype.htm?id=202105310100233000015343&servicedate=20210530
344,판매 1위 BMW 7세대 뉴 5시리즈…많이 팔리는데는 이유가 있다,http://news.mtn.co.kr/newscenter/news_viewer.mtn?gidx=2018062715033219195
345,고장난 BMW 신차 수리하는데 1년 기다리라고?...보증기간을 AS센터서 날릴 판,http://www.consumernews.co.kr/news/articleView.html?idxno=635317
346,질주하는 벤츠 vs 제동걸린 BMW,https://www.dnews.co.kr/uhtml/view.jsp?idxno=202109121059174300154
347,"벤츠-BMW, 벌어지는 플래그십 격차…S클래스 쾌속질주",https://www.dnews.co.kr/uhtml/view.jsp?idxno=202109120845497860128
348,[수입차 신차 공습] BMW '뉴 5시리즈' 더 고급스러워진 실내···올해도 '질주' 예고,http://www.sedaily.com/NewsView/1RY7RQWP2F
349,억대 외제차 불티나게 팔렸다…벤츠·BMW 등 '보복 소비',https://www.hankyung.com/economy/article/202109143161g
350,"중고차 값 상승세, 벤츠·BMW 처분 최적기는?",https://www.ebn.co.kr/news/view/1499956/?sc=Naver
351,수입차 투톱 '벤츠·BMW' 8월 '르쌍쉐' 또 추월…남은 하반기 전망은?,https://www.asiatoday.co.kr/view.php?key=20210905010002421
352,BMW “앞으로 10년 동안 전기차 1000만대 공급”,https://biz.chosun.com/industry/car/2021/09/02/Z67Y3RS5FZDXNLVTVQ5TXSBDCI/?utm_source=naver&utm_medium=original&utm_campaign=biz
353,국산차 판매 정체인데 수입차는 성장세…벤츠·BMW·테슬라 1~3위,http://www.newsis.com/view/?id=NISX20210902_0001570202&cID=13001&pID=13000
354,"BMW, '5시리즈' 상품성 강화…벤츠 추격의지 '활활'",http://www.wolyo.co.kr/news/articleView.html?idxno=60153
355,BMW 리콜 대수 판매량 10배 많은 현대차도 넘어서...'리콜왕' 불명예 언제까지?,http://www.consumernews.co.kr/news/articleView.html?idxno=634765
356,"BMW·미니, '빌드 유어 드라이브' 캠페인 진행",http://www.mediapen.com/news/view/663066
357,대세는 친환경…BMW도 'ESG 경영' 나선다,http://www.mediapen.com/news/view/661085
358,"벤츠·BMW, 르노·쌍용·GM 누르고 국내 '빅4' 등극",https://www.dailian.co.kr/news/view/1029367/?sc=Naver
359,[맞수 열전] 수입 프리미엄 세단의 자존심 대결…BMW 5시리즈 vs 벤츠 E클래스,http://it.chosun.com/news/article.html?no=2841133
360,8월에도 수입차 질주…벤츠·BMW 이어 테슬라 3위로,http://www.etnews.com/20210902000158
361,[맞수 열전] 수입 프리미엄 세단의 자존심 대결…BMW 5시리즈 vs 벤츠 E클래스,http://it.chosun.com/news/article.html?no=2841133
362,배출가스 많은 디젤차 韓에 밀어내는 BMW. 친환경차는 구색 맞추기?,http://www.autodaily.co.kr/news/articleView.html?idxno=429148
363,"[시승기] ""잘 팔리는 수입 세단의 기준"" BMW 5시리즈 페이스리프트",http://www.efnews.co.kr/news/articleView.html?idxno=89749
364,"BMW 5시리즈 ""청도 고속도로에서 활활 불타""",http://www.idsn.co.kr/news/articleView.html?idxno=44959
365,BMW 뉴5시리즈의 5가지 매력,http://www.sportsworldi.com/content/html/2017/07/04/20170704003367.html?OutUrl=naver
366,"BMW 꺾은 벤츠, 볼보 제친 폭스바겐…8월 수입차 시장",http://www.fntimes.com/html/view.php?ud=202109031615185247de3572ddd_18
367,"‘최첨단’ 5시리즈, BMW 月 판매 1위 만들다",http://www.zdnet.co.kr/ArticleView.asp?artice_id=20170607141816
368,1위싸움 벤츠-BMW 보다 '4위싸움 폭바-볼보' 관심가는 이유,http://www.gpkorea.com/news/articleView.html?idxno=77160
369,"""안심하세요...5시리즈는 이렇게 나와요""",http://www.wowtv.co.kr/NewsCenter/News/Read?articleId=A202108290085&t=NN
370,尹 ‘연두색 번호판’ 도입에 '초고가' 수입차 불티 이유는,http://news.mk.co.kr/newsRead.php?no=372801&year=2022
371,"BMW 뉴 530i, 정숙성·프리미엄 앞세워 '5시리즈' 성공 이끈다",http://www.ajunews.com/view/20170629085838051
372,"BMW, 다시 찾은 '전성기'…7월까지 전년 대비 44.6%↑",http://www.mediapen.com/news/view/653956
373,"벤츠 맹추격하는 BMW, '5시리즈'로 승기잡나?",http://www.inews24.com/php/news_view.php?g_serial=1020517&g_menu=022200&rrf=nv
374,"E클래스 턱밑까지 추격한 5시리즈, BMW 승부가 통했다",http://www.sportsseoul.com/news/read/503833
375,[타볼레오]전기? 가솔린? 장점만 섞었다!…최강 PHEV BMW 530e,https://view.asiae.co.kr/article/2021080911224409987
376,"BMW, 대기 밀려 수리 못 받는데...보증기간 끝나면 유상이라고?",http://www.consumernews.co.kr/news/articleView.html?idxno=633699
377,"BMW 5시리즈, '한국 고객 우대' 앞세워 왕좌 되찾는다",http://www.dailian.co.kr/news/view/622050/?sc=naver
378,[시승기] 제네시스 G80 전동화 모델…기대를 뛰어넘는 만족감,https://www.dnews.co.kr/uhtml/view.jsp?idxno=202205021408404300908
379,[라이벌명차] BMW 5시리즈 vs 벤츠 E클래스,http://it.chosun.com/news/article.html?no=2831855
380,"[시승기]BMW 뉴 5시리즈, 스포티한 럭셔리 세단 매력적",http://www.ceoscoredaily.com/news/article.html?no=27528
381,[BMW 뉴 5시리즈 시승기] 'BMW의 자존심'에 '반자율 주행' 매력을 더했다,http://news20.busan.com/controller/newsController.jsp?newsId=20170222000311
382,"BMW 7세대 뉴 5시리즈 공식 출시··· ‘M 스포츠 패키지’ 기본 장착, 가격은?",http://news.khan.co.kr/kh_news/khan_art_view.html?artid=201702211738001&code=920508
383,"BMW코리아, 소외된 아이들에게 희망을…10년째 선행",http://www.mediapen.com/news/view/657057
384,굳건한 인기 '벤츠 S클래스' 선두로 고급 세단 '쌩쌩',http://www.edaily.co.kr/news/newspath.asp?newsid=01531766632327280
385,"BMW 신형 '5시리즈' 사전계약 스타트…""벤츠 E클래스와 한판승부""",http://www.greenpostkorea.co.kr/news/article.html?no=71467
386,"BMW, '5시리즈' 등 2100여대 무더기 리콜",http://www.viva100.com/main/view.php?key=20161229010009839
387,"""에어팟 프로에서 주식 금액권, BMW 5시리즈까지""…오픈 1주년 맞은 '롯데온', 내달 2일까지 4000만개 상품 최대 50% 할인",http://www.bizwnews.com/news/articleView.html?idxno=24308
388,"BMW, 올해도 멀어진 1위 탈환… 계속되는 '2인자의 설움'",http://www.sisaweek.com/news/articleView.html?idxno=146138
389,BMW ‘뉴 5시리즈’…와신상담,http://news.khan.co.kr/kh_news/khan_art_view.html?artid=201611202127015&code=920508
390,"BMW 신형 '5시리즈' 사전계약 스타트…""벤츠 E클래스와 한판승부""",http://www.greenpostkorea.co.kr/news/article.html?no=71467
391,"BMW, '5시리즈' 등 2100여대 무더기 리콜",http://www.viva100.com/main/view.php?key=20161229010009839
392,"""에어팟 프로에서 주식 금액권, BMW 5시리즈까지""…오픈 1주년 맞은 '롯데온', 내달 2일까지 4000만개 상품 최대 50% 할인",http://www.bizwnews.com/news/articleView.html?idxno=24308
393,"BMW, 올해도 멀어진 1위 탈환… 계속되는 '2인자의 설움'",http://www.sisaweek.com/news/articleView.html?idxno=146138
394,BMW ‘뉴 5시리즈’…와신상담,http://news.khan.co.kr/kh_news/khan_art_view.html?artid=201611202127015&code=920508
395,"5년째 판매량 1위 벤츠·무섭게 추격하는 BMW, 하반기 전기차로 진검 승부",https://biz.chosun.com/industry/car/2021/07/13/4UGTMINGTVEADLBJRT6AAWCTYM/?utm_source=naver&utm_medium=original&utm_campaign=biz
396,BMW 118d '작지만 매력 만점',http://www.g-enews.com/ko-kr/news/article/news_all/2021080211203423347bdb7041ec_1/article.html
397,"[반전 노리는 수입차]BMW 7세대 뉴 5시리즈 ""차선 컨트롤···장애물 인식···첨단 기술 장착""",http://www.sedaily.com/NewsView/1L2R785P1G
398,[BMW 5시리즈 신형 7세대 공개] 자동 가속·제동에 원격 주차… 돋보이는 자율주행기술,http://news20.busan.com/controller/newsController.jsp?newsId=20161017000264
399,"벤츠 'E클래스' 가고 BMW '5시리즈' 온다…""차체 커지고 뒷좌석 더 넓어졌다""",http://www.greenpostkorea.co.kr/news/article.html?no=68035
400,BMW ‘뉴 5시리즈’ 세계 첫 공개…최대 시속 210km/h까지 자율주행,http://news.heraldcorp.com/view.php?ud=20161013000079
401,13일 전세계 첫 공개될 BMW 신형 '5시리즈'…영상으로 먼저보니?,http://www.greenpostkorea.co.kr/news/article.html?no=67992
402,벤츠 E클래스. BMW 5시리즈. 아우디 A6 인증중고차값 '엄청난 차이',http://www.autodaily.co.kr/news/articleView.html?idxno=427070
403,"벤츠·BMW, 수입차 2대 중 1대꼴···비결은 중고차 활성화?",http://www.sisajournal-e.com/news/articleView.html?idxno=234798
404,"잘 팔리는 벤츠·BMW·아우디, 韓중견차 3사 판매량 추월",http://www.skyedaily.com/news/news_view.html?ID=137977
405,[화요 명차]하이브리드에 ‘M’까지… BMW 5시리즈 최종 진화,https://www.donga.com/news/article/all/20210413/106391153/2
406,"첫차, 8월 중고차 시세 공개…""벤츠·BMW 등 수입차 오를 것""",http://www.epnc.co.kr/news/articleView.html?idxno=213586
407,"벤츠·BMW, 격차 좁혀진 줄 알았더니···억대·SUV선 차이 더 벌어져",http://www.sisajournal-e.com/news/articleView.html?idxno=234407
408,"BMW, 럭셔리 플래그십 세단 뉴 7시리즈 최초 공개",http://www.sentv.co.kr/news/view/617680
409,"BMW, 7시리즈 할인 '그랜저 1대값'···""신형 S클래스 나오기 전에 팔아야""",http://www.sisajournal-e.com/news/articleView.html?idxno=231266
410,"첫차, 8월 중고차 시세 공개…""벤츠·BMW 등 수입차 오를 것""",http://www.epnc.co.kr/news/articleView.html?idxno=213586
411,"벤츠·BMW, 격차 좁혀진 줄 알았더니···억대·SUV선 차이 더 벌어져",http://www.sisajournal-e.com/news/articleView.html?idxno=234407
412,"BMW, 럭셔리 플래그십 세단 뉴 7시리즈 최초 공개",http://www.sentv.co.kr/news/view/617680
413,"BMW, 7시리즈 할인 '그랜저 1대값'···""신형 S클래스 나오기 전에 팔아야""",http://www.sisajournal-e.com/news/articleView.html?idxno=231266
414,"BMW 5시리즈, 깜빡이 안켜면 주인에게 '떨림' 경고",http://www.mt.co.kr/view/mtview.php?type=1&no=2016041115503970091&outlink=1
415,"BMW코리아, 5시리즈 무이자 할부 프로그램 실시",http://www.sportsseoul.com/news/read/378366
416,"[자동차 단신] 포르쉐, 美 리튬이온 배터리 기업 지분 인수 외",http://www.segye.com/content/html/2022/05/08/20220508507420.html?OutUrl=naver
417,5년째 벤츠 못넘는 BMW…한상윤 리더십 ‘도마위에’,https://www.dnews.co.kr/uhtml/view.jsp?idxno=202107061643192050980
418,BMW파이낸셜 “3월 5시리즈 36개월 무이자 할부 판매”,http://www.edaily.co.kr/news/newspath.asp?newsid=03929446612582008
419,"내년 출시될 BMW i5...""닮은듯 다른듯""",http://www.wowtv.co.kr/NewsCenter/News/Read?articleId=A202107200158&t=NN
420,"내년 출시될 BMW i5...""닮은듯 다른듯""",http://www.wowtv.co.kr/NewsCenter/News/Read?articleId=A202107200158&t=NN
421,BMW 5 시리즈 3년 무이자 프로모션....최대 62% 중고차 가치 보장,http://www.kookje.co.kr/news2011/asp/newsbody.asp?code=0700&key=20160408.99002005548
422,"BMW코리아, 100주년 기념 ‘5시리즈’ 파격 프로모션 진행",http://www.nspna.com/news/?mode=view&newsid=167582
423,"테슬라, 상반기 누적판매 1만대 돌파… BMW5 제치고 1위",http://www.seoulwire.com/news/articleView.html?idxno=446378
424,"[박찬규의 1단기어] ‘벤츠’ 아니면 ‘BMW’… 쏠림현상 심해진 수입차, 대항마가 없다",http://moneys.mt.co.kr/news/mwView.php?no=2021072314458074872
425,'벤츠·BMW·아우디' 獨 3사 고속 질주…7월에만 38% 늘었다,http://www.etnews.com/20210804000133
426,BMW M550i xDrive 타보니,http://news.mk.co.kr/v2/economy/view.php?year=2021&no=710353
427,상반기 르·쌍·쉐 죽쑨 사이…벤츠·BMW·테슬라 질주,http://www.newspim.com/news/view/20210720000364
428,수입차 리콜 쇄도…강남 쏘나타 'BMW 5시리즈' 시정명령,http://www.hankyung.com/news/app/newsview.php?aid=201505294945g
429,"BMW '5시리즈', 후부반사기 빛 반사율 부족 3488대 리콜",http://www.osen.co.kr/article/G1110164590
430,수입차 리콜 쇄도…강남 쏘나타 'BMW 5시리즈' 시정명령,http://www.hankyung.com/news/app/newsview.php?aid=201505294945g
431,"BMW '5시리즈', 후부반사기 빛 반사율 부족 3488대 리콜",http://www.osen.co.kr/article/G1110164590
432,벤츠 질주에…브레이크 걸린 BMW,https://www.dnews.co.kr/uhtml/view.jsp?idxno=202107071428205190267
433,‘벤츠 전성시대’ BMW의 굴욕…프리미엄 수입차 위상 흔들,https://www.dnews.co.kr/uhtml/view.jsp?idxno=202107071307139930219
434,"BMW, ‘벤츠 아성’ 턱밑 추격",http://www.busan.com/view/busan/view.php?code=2021070519074327387
435,BMW·미니 '무상점검' 서비스…부품 20% 할인까지,http://www.mediapen.com/news/view/645138
436,BMW 신형 5시리즈 스파이샷 “7시리즈 축소판?”,http://car.donga.com/3/all/20150424/70896829/1
437,"'역대급 폭탄 할인'에 벤츠도 BMW도 당했다…폭스바겐 티록, 1위 돌풍",http://news.mk.co.kr/newsRead.php?no=649337&year=2021
438,[라이벌 명차] BMW 5시리즈 vs 마세라티 기블리,http://www.it.co.kr/news/mediaitNewsView.php?nSeq=2687671
439,[시승기] ’강남 아줌마 차’로 불려온 렉서스 ES300h..직접 타보니...,http://www.dailycar.co.kr/content/news.html?type=view&autoId=44073
440,"'역대급 폭탄 할인'에 벤츠도 BMW도 당했다…폭스바겐 티록, 1위 돌풍",http://news.mk.co.kr/newsRead.php?no=649337&year=2021
441,"국토부, BMW 5시리즈 3400여대 리콜 조치",http://www.ajunews.com/view/20150528175349198
442,[라이벌 명차] BMW 5시리즈 vs 마세라티 기블리,http://www.it.co.kr/news/mediaitNewsView.php?nSeq=2687671
443,[시승기] ’강남 아줌마 차’로 불려온 렉서스 ES300h..직접 타보니...,http://www.dailycar.co.kr/content/news.html?type=view&autoId=44073
444,"벤츠·BMW·아우디, 상반기 국내 판매량 '르쌍쉐' 앞질렀다(종합)",http://yna.kr/AKR20210705143451003?did=1195m
445,"벤츠-BMW-아우디-테슬라, 상반기에만 10만대 판매 '질주'",http://www.fnnews.com/news/202107181135443261
446,"BMW, 상반기 133만9080대 판매 '신기록'…한국 기여도 2.7%",https://www.theguru.co.kr/news/article.html?no=22996
447,"국내 수입차 시장, 상반기 출고 2대 중 1대는 벤츠·BMW…1위는 ‘E클래스’",http://thepublic.kr/news/newsview.php?ncode=1065576160783907
448,"수입차, 상반기 판매 사상 최대 14.7만대…""벤츠-BMW, 내수 3·4위""",http://www.gpkorea.com/news/articleView.html?idxno=75690
449,"벤츠-BMW, 상반기 점유율 격차 4.0%P…용호상박 경쟁치열",https://www.econovill.com/news/articleView.html?idxno=539326
450,"벤츠·BMW·아우디, 상반기 국내 판매량 '르쌍쉐' 앞질렀다",http://yna.kr/AKR20210705143400003?did=1195m
451,"수입차, 상반기 판매 사상 최대 14.7만대…""벤츠-BMW, 내수 3·4위""",http://www.gpkorea.com/news/articleView.html?idxno=75690
452,"벤츠-BMW, 상반기 점유율 격차 4.0%P…용호상박 경쟁치열",https://www.econovill.com/news/articleView.html?idxno=539326
453,"BMW, 벤츠 못넘고 만년 2인자…한상윤 리더십 부족인가",https://www.dnews.co.kr/uhtml/view.jsp?idxno=202107061120039830801
454,BMW 매출 40% 증가...완전 전기차로 승부수,http://www.g-enews.com/ko-kr/news/article/news_all/202107081641411606e8b8a793f7_1/article.html
455,"""노면을 꽉 움켜잡다""…'5시리즈' 최강자 BMW 'M550i xDrive'",https://www.news1.kr/articles/?4209468
456,"(주)멀티버스, 기네스북 챌린지 국민건강증진 면역력게임 개최",http://www.kdpress.co.kr/news/articleView.html?idxno=112664
457,"그랜저 자동차세 65만원, 2배비싼 BMW5 보다 비싸",https://www.sedaily.com/NewsView/22MK7VZVMR
458,[2021 올해의 차] 중형세단 부문..BMW 뉴 5시리즈,http://www.dailycar.co.kr/content/news.html?type=view&autoId=38922
459,"BMW, 새로운 ‘5시리즈’로 1위 타이틀 방어 나선다",http://www.etoday.co.kr/news/section/newsview.php?idxno=788864
460,"상반기 수입차 판매 15%↑…벤츠-BMW, 국내 중견 3사 추월",http://www.fnnews.com/news/202107050956572435
461,"그랜저 자동차세 65만원, 2배비싼 BMW5 보다 비싸",https://www.sedaily.com/NewsView/22MK7VZVMR
462,[2021 올해의 차] 중형세단 부문..BMW 뉴 5시리즈,http://www.dailycar.co.kr/content/news.html?type=view&autoId=38922
463,"BMW, 새로운 ‘5시리즈’로 1위 타이틀 방어 나선다",http://www.etoday.co.kr/news/section/newsview.php?idxno=788864
464,자동차 기자들이 뽑은 3월의 차 'BMW 뉴 4시리즈',http://www.newsis.com/view/?id=NISX20210308_0001362263&cID=13001&pID=13000
465,"BMW 뉴 5시리즈, 간큰男 시리즈가 왔다",http://www.asiae.co.kr/news/view.htm?idxno=2013070211281677384
466,"BMW 신형 5시리즈 공개, 벤츠와 ‘한판승부’ 벌인다",http://www.fnnews.com/view?ra=Sent0601m_01A&corp=fnnews&arcid=201306290342016554201655&cDateYear=2013&cDateMonth=06&cDateDay=29&
467,"BMW 신형 5시리즈 공개, 벤츠와 ‘한판승부’ 벌인다",http://www.fnnews.com/view?ra=Sent0601m_01A&corp=fnnews&arcid=201306290100279060016072&cDateYear=2013&cDateMonth=06&cDateDay=28&
468,"테슬라, '값질'하다 망신살…한국차에 굴욕, 모델3도 '넘버3' 추락 [왜몰랐을카]",http://news.mk.co.kr/newsRead.php?no=357729&year=2022
469,"현대차 쏘나타, 한국보다 미국 중고차 시장서 인기…BMW 5시리즈 이어 2위",https://www.kgnews.co.kr/news/article.html?no=637454
470,"현대차 쏘나타, 한국보다 미국 중고차 시장서 인기…BMW 5시리즈 이어 2위",https://www.kgnews.co.kr/news/article.html?no=637454
471,벤츠·BMW 양강 구도···상반기 수입차 점유율 50% 넘겨,http://www.sisajournal-e.com/news/articleView.html?idxno=233862
472,"BMW 5시리즈 vs 벤츠 E클래스, 내년 신차 '맞짱'",http://www.mt.co.kr/view/mtview.php?type=1&no=2012111112001916908&outlink=1
473,남편에게 선물하고픈 차 1위는? BMW 5시리즈,http://news.mk.co.kr/news_forward.php?domain=news&no=391458&year=2013
474,지난해 중고차 시장 매물로 가장 많이 나온 수입차는 BMW 5시리즈였다 (순위),https://www.huffingtonpost.kr/entry/used-car-top-selling_kr_600a407ac5b6a46978cfcad6?utm_id=naver
475,"벤츠·BMW·아우디, 상반기 국내서 질주…르노·GM·쌍용 앞질러",http://www.ajunews.com/view/20210706073258769
476,"겟차, ‘지금 사면 좋을 수입차’ 선정…BMW 5시리즈 5천만원대~",http://www.thedrive.co.kr/news/newsview.php?ncode=1065572078100533
477,[비교시승기] 현대 제네시스 vs BMW 5시리즈 타보니…,http://mnm.seoul.co.kr/news/newsView.php?id=20101118040008
478,국산차는 SUV가 대세인데 수입차는 세단이 주류...5대 베스트셀링카 모두 세단,http://www.consumernews.co.kr/news/articleView.html?idxno=635632
479,"BMW 뉴 5시리즈, 세단의 역사를 새로 쓰다",http://kr.aving.net/news/view.php?articleId=159881&Branch_ID=kr&rssid=naver
480,"BMW 뉴 5시리즈, 세단의 역사를 새로 쓰다",http://kr.aving.net/news/view.php?articleId=159881&Branch_ID=kr&rssid=naver
481,"BMW 뉴5 시리즈, 사전 계약 2천대 돌파",http://www.etoday.kr/news/section/newsview.php?TM=news&SM=0405&idxno=295131
482,"BMW 뉴 5시리즈, 이렇게 변했구나",http://news.mk.co.kr/news_forward.php?no=118593&year=2010
483,"[사진]BMW 6세대 신형 '5시리즈', 23일 완전공개",http://www.moneytoday.co.kr/view/mtview.php?type=1&no=2009112309265146832&outlink=1
484,"올해 최고판매 BMW '5시리즈', 12월에 단종?",http://www.moneytoday.co.kr/view/mtview.php?type=1&no=2009100710025001175&outlink=1
485,[시승기] 파격변신 BMW 4시리즈…그릴부터 비교불가 존재감,https://www.ebn.co.kr/news/view/1472051/?sc=Naver
486,"(영상)파격적인 키드니 그릴, 차별화 시도한 BMW 4시리즈",http://www.newstomato.com/ReadNews.aspx?no=1024884
487,[ER포토] 세로형 그릴 장착한 BMW 신형 4시리즈,https://www.econovill.com/news/articleView.html?idxno=518341
488,‘520d 화재 직격탄’ BMW “3분기 어쩌나”,http://www.mediapen.com/news/view/371276
489,"수입차, 5월 2만4080대 판매… 벤츠·BMW 양강 체제 '굳건'",http://biz.newdaily.co.kr/site/data/html/2021/06/03/2021060300145.html
490,"‘그랜저’보다 2배 비싼 벤츠ㆍBMW, 자동차세는 더 낮아",https://www.dnews.co.kr/uhtml/view.jsp?idxno=202105301018424910952
491,[ER포토] 컨버터블이라 더 섹시한 BMW 신형 4시리즈,https://www.econovill.com/news/articleView.html?idxno=518342
492,"만성 할인판매 BMW코리아, 재고부족으로 출고 차질. '할인 폭 줄어든다.'",http://www.autodaily.co.kr/news/articleView.html?idxno=427742
493,"차량 구독 서비스 모자이카, BMW 5시리즈 1시간 1달러 프로모션 론칭",http://www.etnews.com/20210106000189
494,"[시승기] ""으르렁"" BMW 뉴 4시리즈, 아스팔트를 물어뜯는 품격있는 야수",https://www.dailian.co.kr/news/view/962561/?sc=Naver
495,"BMW, 5시리즈 디젤세단 2종 출시",https://news.naver.com/main/read.naver?mode=LSD&mid=sec&sid1=101&oid=003&aid=0002382364
496,현대차·기아 다음은 '벤츠·BMW'…수입차 시장 양강 체제 '굳건',http://news.mt.co.kr/mtview.php?no=2021060315014297089
497,"벤츠·BMW에 밀린 외국계 완성차, 수출로 '활로' 모색",http://news.einfomax.co.kr/news/articleView.html?idxno=4151431
498,"[모토 포커스] BMW 신형 5시리즈 공개,2010년 봄부터 유럽시판 개시",http://www.etnews.co.kr/news/detail.html?id=200911260037
499,"6세대 BMW 5시리즈, 무엇이 달라졌나",http://nownews.seoul.co.kr/news/newsView.php?id=20091125601015
