,title,url
0,"팝핀현준, 2억원 BMW 슈퍼카 인증..문짝이 위로 열리네",http://biz.heraldcorp.com/view.php?ud=202204121636243142249_1
1,"'투 트랙' 박차 BMW, 7시리즈 전기차 i7 공개",http://www.wowtv.co.kr/NewsCenter/News/Read?articleId=A202204210072&t=NN
2,"BMW, 세상에서 딱 하나뿐인 컬러 18대..결국 단종된 ‘i8’",http://www.dailycar.co.kr/content/news.html?type=view&autoId=36906
3,"팝핍현준, 억대 BMW i8 '쿵' 사고에도 ""쿨하게 가시라고...,""",http://www.gpkorea.com/news/articleView.html?idxno=80345
4,[부산모터쇼] 로드스터 디자인의 정수ㆍ개성 강조한 'BMW 뉴 i8 로드스터',http://www.seoulfn.com/news/articleView.html?idxno=310680
5,"[영상] ""뭔가 특별하게 대접받았다""...‘2억대’ 럭셔리 스포츠카 ‘BMW i8’",http://www.newspim.com/news/view/20180530000310
6,"애플, 전기차 프로젝트에 BMW i8 개발자 영입...속도 붙나?",http://www.gpkorea.com/news/articleView.html?idxno=75043
7,국가별 가장 사랑받는 스포츠카 2위는 BMW i8..그럼 1위는?,http://www.dailycar.co.kr/content/news.html?type=view&autoId=40055
8,"애플, BMW i3·i8 개발 주역 영입…“전기차 개발 분명한 신호”",http://news.heraldcorp.com/view.php?ud=20210611000160
9,"'슈퍼카 6대' 팝핀현준, 이번엔 4억 람보르기니…""관절아 고마워""",http://news.mt.co.kr/mtview.php?no=2022050617225189445
10,[신차드라이브]전기차로 다시 태어나길 바라는... BMW 'i8',http://www.etnews.com/20170622000046
11,"[김대훈기자의 리얼시승기] BMWi8, 2억원이 넘는 슈퍼카로서 가치가 있어?… ""충분히""",http://www.g-enews.com/ko-kr/news/article/news_all/201706151834068375993986ad55_1/article.html
12,[이 차를 말한다]플러그인 하이브리드 대안으로 떠올라…경쟁우위 서열 바꾼 BMW ‘i8’,http://sports.khan.co.kr/news/sk_index.html?art_id=201611091836003&sec_id=563002&pt=nv
13,"BMW i8 ""내가 친환경·고성능 미래차""",https://news.naver.com/main/read.naver?mode=LSD&mid=sec&sid1=101&oid=011&aid=0002799261
14,수입 소형차 평균단가 중형차보다 비싸…‘BMW i8’ 인기탓?,http://www.newsway.co.kr/view.php?tp=1&ud=2016020818185724152
15,"BMW i8, 자동차전문기자협회 선정 ‘올해의 디자인’상 수상",http://www.viva100.com/main/view.php?key=20160105010000963
16,[직접 타봤어요]BMW 스포츠카 ‘i8’,http://news.donga.com/3/all/20151201/75110521/1
17,BMW 레이디스 챔피언십 2015서 'BMW i8' 주인공 탄생,http://www.finomy.com/news/articleView.html?idxno=25622
18,"[단독] BMW, 한국에만 i8 50대 추가 공급한다...아시아서 유일",http://biz.chosun.com/site/data/html_dir/2015/07/13/2015071302527.html
19,"포르쉐 제친 'BMW i8', 5월 수입 스포츠카 판매 1위",http://www.it.co.kr/news/article.html?no=2802466
20,"[PHEV가 뜬다] ③BMW i8 완판, 요즘 핫한 '플러그인 하이브리드차'는?",http://www.it.co.kr/news/article.html?no=2801115
21,PHEV 뜰까? BMW i8 계약 몰렸지만…슈퍼카 업계는 ‘글쎄’,http://www.ebn.co.kr/news/view/757000
22,"BMW i8 ""없어서 못 판다""...차값만 2억원, 사실상 '완판'",http://biz.chosun.com/site/data/html_dir/2015/04/28/2015042802662.html
23,1억 9900만원 BMW i8 `190대 완판`,http://www.gpkorea.com/bbs/board.php?bo_table=gp_motorsports&wr_id=12236
24,[스타CAR토] 김수현의 '별에서 온 i8'…BMW 최초의 플러그인 하이브리드 스포츠카,http://mbn.mk.co.kr/pages/news/newsView.php?category=mbn00012&news_seq_no=2292338
25,[포토] BMW 첫 플러그인하이브리드 'i8' 직접 보니…,http://www.segye.com/content/html/2015/04/02/20150402001083.html?OutUrl=naver
26,"미래서 온 스포츠카 'BMW i8', 양산량 두 배 늘려도 넉 달 기다려야",http://www.kbench.com/?q=node/148248
27,BMW 플러그인 하이브리드카 ‘i8’ 출시,http://sports.donga.com/3/all/20150326/70354176/3
28,"BMW i8, 벤츠 S 500...플러그인 하이브리드차 한국 도로 달린다",http://www.khan.co.kr/kh_news/art_view.html?artid=201503261744311&code=920100
29,BMW 하이브리드 스포츠카 i8 '1억9990만원'...예약주문만 벌써 100대,http://biz.chosun.com/site/data/html_dir/2015/03/26/2015032602482.html
30,BMW 최초 PHEV 'i8' 국내출시…판매가 1억9990만원,http://www.seoulfn.com/news/articleView.html?idxno=220240
31,BMW 'i8' 출격 준비 완료...플러그인 하이브리드 시대 개막,http://www.asiatoday.co.kr/view.php?key=20150209010005530
32,"BMW 코리아, 2억 원대 플러그인 하이브리드 'i8' 사전 계약만 100대 넘어",http://kr.aving.net/news/view.php?articleId=1244449&Branch_ID=kr&rssid=naver&mn_name=news
33,[THE CAR] 슈퍼카의 새로운 미래 BMW i8,http://news.mk.co.kr/news_forward.php?domain=news&no=42019&year=2015
34,BMW 하이브리드 슈퍼카 i8 `국내 1호차가 중고차로?`,http://www.gpkorea.com/bbs/board.php?bo_table=gp_motorsports&wr_id=11435
35,"첫 번째 미국 판매 BMW 'i8', 가격 82만달러…공식가 6배",http://www.mt.co.kr/view/mtview.php?type=1&no=2014081914154636540&outlink=1
36,"오스람, BMW i8에 ‘레이저 라이트’ 시스템 적용",http://www.cctvnews.co.kr/atl/view.asp?a_id=12413
37,어린이날 구경거리 됐네..팝핀현준 '2억 슈퍼카' 몰고 강남 한복판,http://sports.chosun.com/news/ntype.htm?id=202205050100045900003051&servicedate=20220505
38,"고성능 플러그인 하이브리드 'BMW i8', 드디어 일반 소비자들에게 인도 시작",http://www.kbench.com/life/?no=134741&sc=1
39,"BMW, 루이비통과 'i8' 전용 여행가방 선봬",http://www.inews24.com/php/news_view.php?g_serial=806721&g_menu=022200&rrf=nv
40,"미션 임파서블로 흥분시킨 바로 그 차, 'BMW i8', 특징은 무엇?",http://www.kbench.com/life/?no=128494&sc=1
41,"내년 출시 BMW i8, ""이미 다 팔렸어요""",http://www.etnews.com/news/home_mobile/automobile/2876804_1485.html
42,"[포토] BMW, 제로백 4.5초 전기 스포츠카 `i8` 공개",http://www.edaily.co.kr/news/newspath.asp?newsid=01095526602905352
43,"""소형차 연비로 스포츠카 탄다""…BMW 전기 스포츠카`i8` 다음달 공개",http://news.mk.co.kr/news_forward.php?domain=news&no=681219&year=2013
44,BMW i8 전복사고로 날개 부러져…이를 어떡해,http://car.donga.com/3/all/20150701/72212160/1
45,BMW i8 등 충전식 하이브리드차 국내상륙 임박,http://www.asiatoday.co.kr/view.php?key=20141009010004877
46,"[현장+] 삼성 이재용 타는 'BMW i8', 5월부터 출고",http://www.hankyung.com/news/app/newsview.php?aid=201503262801g
47,"BMW 하이브리드 수퍼카 i8 “내년 7월, 1억7000만 원에”",http://car.donga.com/3/all/20131115/58912519/1
48,[프랑크푸르트 모터쇼]이 車가 바로 ‘BMW i8’ 상용 모델… 연비 39km/ℓ,http://car.donga.com/3/all/20130904/57458831/2
49,"BMW, 223마력 오픈형 `i8 스파이더 콘셉트카` 공개",http://www.edaily.co.kr/news/newspath.asp?newsid=01111926599492840
50,미션 임파서블 속 ‘BMW i8’..도로서 포착,http://osen.mt.co.kr/article/G1109335520
51,미션 임파서블 속 ‘BMW i8’..도로서 포착,http://sports.chosun.com/news/ntype.htm?id=201112300100200460017493&servicedate=20111229
52,"랑세스, 고성능 컴포지트 테펙스 BMW i8 배기구에 적용",http://www.etoday.co.kr/news/section/newsview.php?idxno=1104259
53,주차한 BMW i8 트렁크에 물웅덩이가 생겼다?,http://www.thedrive.co.kr/news/newsview.php?ncode=1065573837188464
54,"팝핀현준, 7번째 슈퍼카 계약… 지금까지 쏟은 돈만 17억원 이상",https://www.wikitree.co.kr/articles/754045
55,"알피나, 고성능 스포츠카 ‘i8’ 출시 계획 무산..그 배경은?",http://www.dailycar.co.kr/content/news.html?type=view&autoId=33770
56,미드십 차체를 개발 중인 BMW..i8의 후속 모델 데뷔 가능성은?,http://www.dailycar.co.kr/content/news.html?type=view&autoId=37445
57,"'수퍼카만 5대' 팝핀현준, 이번엔 2억원 BMW…""형 또 샀다""",http://news.mt.co.kr/mtview.php?no=2021093017221442430
58,"BMW i8, 판매 부진으로 단종",http://autotimes.hankyung.com/apps/news.sub_view?popup=0&nid=03&c1=03&c2=03&c3=00&nkey=202006162144191
59,"BMW, i8 마지막 18대를 끝으로 생산 종료",http://www.dailycar.co.kr/content/news.html?type=view&autoId=36799
60,"이가영, BMW챔피언십에서 ‘차’없는 홀인원",http://news.heraldcorp.com/sports/view.php?ud=202110222043528836469_1
61,"[LPGA]이가영, BMW 2R서 홀인원…그러나 아쉽게도 '빈손'",http://www.newsis.com/view/?id=NISX20211022_0001624201&cID=10504&pID=10500
62,"BMW, 수요 적은 'i8 후속' 개발 지연",http://autotimes.hankyung.com/apps/news.sub_view?popup=0&nid=03&c1=03&c2=03&c3=00&nkey=202005031608061
63,하이브리드카의 즐거움을 만끽하다! BMW i8 vs. 렉서스 LC vs. 폴스타 1 vs. 어큐라 NSX,https://www.motortrendkorea.com/sub/view.html?no=4689&cate1Name=WHICHCAR
64,"BMW 첫 PHEV i8, 데뷔 6년만인 내달 역사 속으로 사라진다",http://www.autodaily.co.kr/news/articleView.html?idxno=417344
65,"BMW, 하이브리드 스포츠카 'i8' 4월 단종 예고",http://www.theguru.co.kr/news/article.html?no=8257
66,"BMW, 플러그인 하이브리드 스포츠카 i8 생산 중단..왜?",http://www.dailycar.co.kr/content/news.html?type=view&autoId=35653
67,"""슈퍼카가 영감 준다""...약속 가다 말고 '1시간' 동안 차고서 춤춘 팝핀현준 (영상)",https://www.insight.co.kr/news/376660
68,[레알시승기] 여전히 시대를 앞서간 BMW i8…로드스터인데 연비가?,https://www.nocutnews.co.kr/news/5267873
69,"알칸타라, 원오프 BMW i8 로드스터 라임라이트 에디션 공개",http://www.wikileaks-kr.org/news/articleView.html?idxno=72674
70,"BMW i8, 양산 개시 5년만 2만번째 차량 생산...후속모델 여전히 불투명",http://www.autodaily.co.kr/news/articleView.html?idxno=414353
71,[리얼시승기] 운전하는 재미가 ‘쏠쏠’…BMW i8 로드스터,http://www.g-enews.com/ko-kr/news/article/news_all/20191213021935702150cb531085_1/article.html
72,'슈퍼카만 5대' 팝핀현준… 람보르기니 CEO랑 무슨 사이?,http://moneys.mt.co.kr/news/mwView.php?no=2022050315563177069
73,알칸타라로 치장한 BMW i8 로드스터 ‘라임라이트 에디션',http://www.thedrive.co.kr/news/newsview.php?ncode=1065604372643469
74,"팝핀현준, 2억원 BMW 이어 180만원대 전기자전거 '플렉스'",http://news.mt.co.kr/mtview.php?no=2021100516041355870
75,"[글로벌-Biz 24] 伊 알칸타라, BMW i8 로드스터 라임라이트 에디션 공개",http://www.g-enews.com/ko-kr/news/article/news_all/20191218035546560850cb531085_1/article.html
76,‘617마력 이상’ BMW i8 뒤를 이을 i12 만드나?,http://www.thedrive.co.kr/news/newsview.php?ncode=1065573847008609
77,"[자동차리콜] BMW i8 Roadster, 최저지상고 관련 서브프레임 부분",http://www.00news.co.kr/news/articleView.html?idxno=58902
78,"[글로벌-Biz 24] BMW, i8 고성능 모델 출시 예정",http://www.g-enews.com/ko-kr/news/article/news_all/20190709023308797750cb531085_1/article.html
79,"BMW, i8 후속 ′비전 M 넥스트′ 콘셉트 공개..600마력 파워",http://www.dailycar.co.kr/content/news.html?type=view&autoId=33696
80,"팝핀현준, 수억원 슈퍼카가 2대..람보르기니 사장이랑 인맥 자랑",http://biz.heraldcorp.com/view.php?ud=202205030725482099585_1
81,"BMW, 포뮬러E 최초 로드스터 세이프티카 'i8 로드스터' 공개",http://www.gpkorea.com/news/articleView.html?idxno=52149
82,"[영상뉴스] BMW, 네덜란드서 전기차 i8 화재로 또 리콜 악몽",http://www.g-enews.com/ko-kr/news/article/news_all/201903311224567443e8b8a793f7_1/article.html
83,"포르쉐 918스파이더 vs BMW i8로드스터, 당신의 드림카는?[카POLL]",https://www.hankyung.com/article/201903290432g
84,"[글로벌-Biz24] BMW, 네덜란드서 전기차 i8 화재로 또 리콜 악몽",http://www.g-enews.com/ko-kr/news/article/news_all/2019032816465489381e71ea687c_1/article.html
85,"[시승]숨은 매력 찾기, BMW i8 로드스터",http://autotimes.hankyung.com/apps/news.sub_view?popup=0&nid=06&c1=06&c2=06&c3=00&nkey=201903261845001
86,"BMW 코리아, 뉴 i8·X7·7시리즈 고객 제주도 X7 렌터카 무상 제공",http://www.ebn.co.kr/news/view/992349
87,"BMW i8 로드스터, 렉서스 LC 500h, 테슬라 모델 X가 날 수 있다면?",http://www.gqkorea.co.kr/?p=138475
88,"BMW '비전 M 넥스트' 티저 공개, i8 후속 미리 보기",http://www.thedrive.co.kr/news/newsview.php?ncode=1065607083408471
89,"한타 '튠 잇! 세이프!' 캠페인 차량, BMW i8 쿠페 경찰차2 선보여",http://www.joongdo.co.kr/main/view.php?key=20181218010007558
90,20년이 지났어도..BMW Z8 ‘브라이트 레드’의 계속되는 약진 비결은?,http://www.dailycar.co.kr/content/news.html?type=view&autoId=40082
91,"BMW, 신형 i8 2종 연말 국내 출시…친환경차 강화",http://news.mtn.co.kr/newscenter/news_viewer.mtn?gidx=2018092109353027609
92,BMW 11월 i8 2종 국내 출시...친환경 PHEV 모델 최다 보유,http://www.etnews.com/20180907000179
93,"[손진석의 HEV 이야기 ③] ""전기차+내연기관 장점만 쏙""…BMW '플러그인 하이브리드'",http://www.bizwnews.com/news/articleView.html?idxno=24325
94,"[시승기] 기술로 다듬어진 드라이빙, BMW i8 쿠페",http://www.hankookilbo.com/v/5496FDE6D1F6FAB32C4DA47C4D1D6128
95,"BMW, 전기차 i3 단종 계획..그 배경은?",http://www.dailycar.co.kr/content/news.html?type=view&autoId=40018
96,"BMW 코리아, 뉴 X2부터 i8 로드스터까지 하반기 신차 출시",http://www.sporbiz.co.kr/news/articleView.html?idxno=257286
97,'황금 포장한' BMW i3ㆍi8 스타라이트 에디션,http://www.gpkorea.com/news/articleView.html?idxno=42233
98,[개성 경쟁 치열한 수입차] BMW 'i8 로드스터',http://www.sedaily.com/NewsView/1S0T1PA6BC
99,"[BIMOS 2018] BMW, 15초 만에 하늘과 만날 수 있는 'i8 로드스터' 국내 최초 공개",http://kr.aving.net/news/view.php?articleId=1387452&Branch_ID=kr&rssid=naver&mn_name=news
100,"알칸타라, ‘BMW i8 로드스터 라임라이트 에디션’ 공개",http://www.electimes.com/article.php?aid=1576574198191498094
101,"BMW i8, 양산 개시 5년만 2만번째 차량 생산...후속모델 여전히 불투명",http://www.autodaily.co.kr/news/articleView.html?idxno=414353
102,[리얼시승기] 운전하는 재미가 ‘쏠쏠’…BMW i8 로드스터,http://www.g-enews.com/ko-kr/news/article/news_all/20191213021935702150cb531085_1/article.html
103,PHEV 스포츠카 'i8' 국내 상륙…가격 2억원,http://www.hankyung.com/news/app/newsview.php?aid=201503262387g
104,'슈퍼카만 5대' 팝핀현준… 람보르기니 CEO랑 무슨 사이?,http://moneys.mt.co.kr/news/mwView.php?no=2022050315563177069
105,알칸타라로 치장한 BMW i8 로드스터 ‘라임라이트 에디션',http://www.thedrive.co.kr/news/newsview.php?ncode=1065604372643469
106,"팝핀현준, 2억원 BMW 이어 180만원대 전기자전거 '플렉스'",http://news.mt.co.kr/mtview.php?no=2021100516041355870
107,"[글로벌-Biz 24] 伊 알칸타라, BMW i8 로드스터 라임라이트 에디션 공개",http://www.g-enews.com/ko-kr/news/article/news_all/20191218035546560850cb531085_1/article.html
108,‘617마력 이상’ BMW i8 뒤를 이을 i12 만드나?,http://www.thedrive.co.kr/news/newsview.php?ncode=1065573847008609
109,"[자동차리콜] BMW i8 Roadster, 최저지상고 관련 서브프레임 부분",http://www.00news.co.kr/news/articleView.html?idxno=58902
110,"[자동차리콜] BMW i8 Roadster, 최저지상고 관련 서브프레임 부분",http://www.00news.co.kr/news/articleView.html?idxno=58902
111,"[글로벌-Biz 24] BMW, i8 고성능 모델 출시 예정",http://www.g-enews.com/ko-kr/news/article/news_all/20190709023308797750cb531085_1/article.html
112,"BMW, i8 후속 ′비전 M 넥스트′ 콘셉트 공개..600마력 파워",http://www.dailycar.co.kr/content/news.html?type=view&autoId=33696
113,"팝핀현준, 수억원 슈퍼카가 2대..람보르기니 사장이랑 인맥 자랑",http://biz.heraldcorp.com/view.php?ud=202205030725482099585_1
114,"BMW, 포뮬러E 최초 로드스터 세이프티카 'i8 로드스터' 공개",http://www.gpkorea.com/news/articleView.html?idxno=52149
115,"[영상뉴스] BMW, 네덜란드서 전기차 i8 화재로 또 리콜 악몽",http://www.g-enews.com/ko-kr/news/article/news_all/201903311224567443e8b8a793f7_1/article.html
116,"포르쉐 918스파이더 vs BMW i8로드스터, 당신의 드림카는?[카POLL]",https://www.hankyung.com/article/201903290432g
117,"[글로벌-Biz24] BMW, 네덜란드서 전기차 i8 화재로 또 리콜 악몽",http://www.g-enews.com/ko-kr/news/article/news_all/2019032816465489381e71ea687c_1/article.html
118,"[시승]숨은 매력 찾기, BMW i8 로드스터",http://autotimes.hankyung.com/apps/news.sub_view?popup=0&nid=06&c1=06&c2=06&c3=00&nkey=201903261845001
119,"BMW 코리아, 뉴 i8·X7·7시리즈 고객 제주도 X7 렌터카 무상 제공",http://www.ebn.co.kr/news/view/992349
120,"BMW i8 로드스터, 렉서스 LC 500h, 테슬라 모델 X가 날 수 있다면?",http://www.gqkorea.co.kr/?p=138475
121,"BMW '비전 M 넥스트' 티저 공개, i8 후속 미리 보기",http://www.thedrive.co.kr/news/newsview.php?ncode=1065607083408471
122,"한타 '튠 잇! 세이프!' 캠페인 차량, BMW i8 쿠페 경찰차2 선보여",http://www.joongdo.co.kr/main/view.php?key=20181218010007558
123,"[머니네버슬립] 애플, BMW 출신 전기차 연구개발 임원 영입",https://www.paxnetnews.com/articles/75080
124,20년이 지났어도..BMW Z8 ‘브라이트 레드’의 계속되는 약진 비결은?,http://www.dailycar.co.kr/content/news.html?type=view&autoId=40082
125,"BMW, 신형 i8 2종 연말 국내 출시…친환경차 강화",http://news.mtn.co.kr/newscenter/news_viewer.mtn?gidx=2018092109353027609
126,BMW 11월 i8 2종 국내 출시...친환경 PHEV 모델 최다 보유,http://www.etnews.com/20180907000179
127,"[손진석의 HEV 이야기 ③] ""전기차+내연기관 장점만 쏙""…BMW '플러그인 하이브리드'",http://www.bizwnews.com/news/articleView.html?idxno=24325
128,"[시승기] 기술로 다듬어진 드라이빙, BMW i8 쿠페",http://www.hankookilbo.com/v/5496FDE6D1F6FAB32C4DA47C4D1D6128
129,"BMW, 전기차 i3 단종 계획..그 배경은?",http://www.dailycar.co.kr/content/news.html?type=view&autoId=40018
130,"BMW, 전기차 i3 단종 계획..그 배경은?",http://www.dailycar.co.kr/content/news.html?type=view&autoId=40018
131,"한국타이어, 독일 車 튜닝 캠페인 후원 ‘BMW i8 경찰차’에 벤투스 타이어 장착",http://www.sedaily.com/NewsView/1S8IGN09TN
132,"BMW 코리아, 뉴 X2부터 i8 로드스터까지 하반기 신차 출시",http://www.sporbiz.co.kr/news/articleView.html?idxno=257286
133,"알칸타라, BMW와 i8 로드스터 라임라이트 에디션 제작",http://autotimes.hankyung.com/apps/news.sub_view?popup=0&nid=02&c1=02&c2=02&c3=00&nkey=201912170949151
134,'황금 포장한' BMW i3ㆍi8 스타라이트 에디션,http://www.gpkorea.com/news/articleView.html?idxno=42233
135,[개성 경쟁 치열한 수입차] BMW 'i8 로드스터',http://www.sedaily.com/NewsView/1S0T1PA6BC
136,"[BIMOS 2018] BMW, 15초 만에 하늘과 만날 수 있는 'i8 로드스터' 국내 최초 공개",http://kr.aving.net/news/view.php?articleId=1387452&Branch_ID=kr&rssid=naver&mn_name=news
137,"[글로벌-Biz 24] 전기 보트 업체 토퀴도, BMW i3와 i8 전기 배터리 모듈 모터에 적용 성공",http://www.g-enews.com/ko-kr/news/article/news_all/20190805040131470294b5829de2_1/article.html
138,[부산모터쇼] 'BMW 뉴 i8 로드스터'에 한번 더 눈길 주는 VIP,http://www.seoulfn.com/news/articleView.html?idxno=310660
139,"[부산모터쇼] BMW, ‘i8 로드스터’ 앞세워 20종 공개.. 부산갈매기 心 잡는다",http://www.newsway.co.kr/view.php?tp=1&ud=2018060800180122475
140,"[2018 부산모터쇼] BMW 'i8 로드스터' '콘셉트 Z4', 세련미의 극치",http://www.osen.co.kr/article/G1110920219
141,"[2018 부산국제모터쇼] BMW코리아, i8로드스터‧Z4등 차량 20종 전시",http://www.ezyeconomy.com/news/articleView.html?idxno=83660
142,"[부산모터쇼] BMW, i8 로드스터 · X2 등 국내 첫 6개 모델 공개",http://www.seoulfn.com/news/articleView.html?idxno=310410
143,알바트로스에 BMW i8까지..로스 피셔 '잭팟',http://biz.heraldcorp.com/sports/view.php?ud=201909220836543754767_1
144,"BMW, 2018 부산 모터쇼서 i8 로드스터·X2 등 국내 첫 6개 모델 공개",http://www.getnews.co.kr/news/articleView.html?idxno=73904
145,LA 오토쇼-BMW i8,http://www.gukjenews.com/news/articleView.html?idxno=1202425
146,"홀인원 이색 상품 ""자동차는 기본, 오피스텔, 우주여행권까지"" …""톡톡 튀기 위해서""",https://view.asiae.co.kr/article/2021102806533821585
147,[포토] 2019 서울모터쇼 'BMW i8 로드스터',http://www.viva100.com/main/view.php?key=20190328002020265
148,"BMW, 차세대 전기차 출시로 i3·i8 단종하나",http://it.chosun.com/news/article.html?no=2849332
149,"다임러 떠난 '디터 제체 前회장', 창고에 숨겨둔 BMW i8 타고 질주",http://www.gpkorea.com/news/articleView.html?idxno=52545
150,[부산국제모터쇼] BMW 전기 스포츠카 ‘i8로드스터’ 공개…‘제로백 4.6초’,http://www.newspim.com/news/view/20180607000305
151,"[부산모터쇼] BMW, i8 로드스터 · X2 등 국내 첫 6개 모델 공개",http://www.seoulfn.com/news/articleView.html?idxno=310410
152,알바트로스에 BMW i8까지..로스 피셔 '잭팟',http://biz.heraldcorp.com/sports/view.php?ud=201909220836543754767_1
153,"BMW, 2018 부산 모터쇼서 i8 로드스터·X2 등 국내 첫 6개 모델 공개",http://www.getnews.co.kr/news/articleView.html?idxno=73904
154,LA 오토쇼-BMW i8,http://www.gukjenews.com/news/articleView.html?idxno=1202425
155,"홀인원 이색 상품 ""자동차는 기본, 오피스텔, 우주여행권까지"" …""톡톡 튀기 위해서""",https://view.asiae.co.kr/article/2021102806533821585
156,[포토] 2019 서울모터쇼 'BMW i8 로드스터',http://www.viva100.com/main/view.php?key=20190328002020265
157,"BMW, 차세대 전기차 출시로 i3·i8 단종하나",http://it.chosun.com/news/article.html?no=2849332
158,"다임러 떠난 '디터 제체 前회장', 창고에 숨겨둔 BMW i8 타고 질주",http://www.gpkorea.com/news/articleView.html?idxno=52545
159,"애플, 애플카 프로젝트 담당할 전 BMW 전기차 최고 실력자 영입",http://www.autodaily.co.kr/news/articleView.html?idxno=428007
160,[포토] 2019 서울모터쇼 'BMW i8 로드스터',http://www.viva100.com/main/view.php?key=20190328002020265
161,"BMW, 차세대 전기차 출시로 i3·i8 단종하나",http://it.chosun.com/news/article.html?no=2849332
162,"다임러 떠난 '디터 제체 前회장', 창고에 숨겨둔 BMW i8 타고 질주",http://www.gpkorea.com/news/articleView.html?idxno=52545
163,"애플, 애플카 프로젝트 담당할 전 BMW 전기차 최고 실력자 영입",http://www.autodaily.co.kr/news/articleView.html?idxno=428007
164,"[2018 부산 국제모터쇼] BMW, i8 로드스터 등 6가지 모델 국내 최초 공개",http://www.joseilbo.com/news/news_read.php?uid=354716&class=80&grp=
165,"BMW, '부산모터쇼'서 i8 로드스터 등 20개 모델 전시…윤성빈 선수 '홍보대사' 선정",http://sports.chosun.com/news/ntype.htm?id=201806080100058330004260&servicedate=20180607
166,BMW가 부산모터쇼서 공개하는 i8 로드스터..특징은?,http://www.dailycar.co.kr/content/news.html?type=view&autoId=30243
167,'신차 폭격' BMW…뉴 X2부터 i8 로드스터까지 14종 출시,http://www.enewstoday.co.kr/news/articleView.html?idxno=1148830
168,[2018 디트로이드 모터쇼] 더욱 거세진 친환경차 바람…BMW `뉴 i8 쿠페` 세계 첫선,http://news.mk.co.kr/newsRead.php?year=2018&no=46854
169,"BMW, i8 최대 8200만원 할인…중고차 보다 저렴",http://www.newstomato.com/ReadNews.aspx?no=800622
170,[2018 디트로이드 모터쇼] 더욱 거세진 친환경차 바람…BMW `뉴 i8 쿠페` 세계 첫선,http://news.mk.co.kr/newsRead.php?year=2018&no=46854
171,"BMW, i8 최대 8200만원 할인…중고차 보다 저렴",http://www.newstomato.com/ReadNews.aspx?no=800622
172,"BMW, '2018 북미국제오토쇼'서 뉴 X2·뉴 i8 쿠페 세계 최초 공개",http://www.asiatoday.co.kr/view.php?key=20180112010006966
173,"BMW, 신형 'i8 쿠페' 북미토오쇼서 공개…""친환경 강화""",http://www.edaily.co.kr/news/newspath.asp?newsid=02112326616160488
174,[2018 부산모터쇼]벤츠 E300e·아우디 뉴A8·BMW i8로드스터…신차 대거 첫 선,http://www.newsis.com/view/?id=NISX20180607_0000329597&cID=13001&pID=13000
175,"BMW, 뉴 X2·i8 쿠페 공개",http://www.iusm.co.kr/news/articleView.html?idxno=783102
176,"BMW i8 쿠페, 초고성능 한국타이어 장착..‘눈길’",http://www.dailycar.co.kr/content/news.html?type=view&autoId=31759
177,[시승기] BMW 드라이빙 센터에서 만난 짜릿한 i8,http://autoin.edaily.co.kr/news/newspath.asp?newsid=01371046616092592
178,[2018부산국제모터쇼] 영상-BMW i8 로드스터,http://www.kookje.co.kr/news2011/asp/newsbody.asp?code=0500&key=20180611.99099004743
179,"[2018부산모터쇼] BMW코리아, 'i8 로드스터' 국내 최초 공개",http://www.wolyo.co.kr/news/articleView.html?idxno=62209
180,[2018 부산모터쇼]벤츠 E300e·아우디 뉴A8·BMW i8로드스터…신차 대거 첫 선,http://www.newsis.com/view/?id=NISX20180607_0000329597&cID=13001&pID=13000
181,"BMW, 뉴 X2·i8 쿠페 공개",http://www.iusm.co.kr/news/articleView.html?idxno=783102
182,"BMW, 뉴 X2·i8 쿠페 공개",http://app.yonhapnews.co.kr/YNA/Basic/SNS/r.aspx?c=PYH20180112049400013&did=1196m
183,"BMW i8 쿠페, 초고성능 한국타이어 장착..‘눈길’",http://www.dailycar.co.kr/content/news.html?type=view&autoId=31759
184,[시승기] BMW 드라이빙 센터에서 만난 짜릿한 i8,http://autoin.edaily.co.kr/news/newspath.asp?newsid=01371046616092592
185,"[포토]BMW 'i8 쿠페', 날렵한 디자인",http://www.edaily.co.kr/news/newspath.asp?newsid=02154966616160488
186,[2018부산국제모터쇼] 영상-BMW i8 로드스터,http://www.kookje.co.kr/news2011/asp/newsbody.asp?code=0500&key=20180611.99099004743
187,"[2018부산모터쇼] BMW코리아, 'i8 로드스터' 국내 최초 공개",http://www.wolyo.co.kr/news/articleView.html?idxno=62209
188,오픈 톱의 즐거움‘ BMW i8 로드스터 티저 공개,http://www.zdnet.co.kr/ArticleView.asp?artice_id=20170704090205
189,[CES 2018 이모저모] 아리아호텔서 만난 BMW 친환경 오픈카 'i8 로드스터',http://www.asiatoday.co.kr/view.php?key=20180109010005117
190,"[포토]BMW 'i8 쿠페', 제로백 4.4초",http://www.edaily.co.kr/news/newspath.asp?newsid=02151686616160488
191,[2018부산국제모터쇼] 영상-BMW i8 로드스터,http://www.kookje.co.kr/news2011/asp/newsbody.asp?code=0500&key=20180611.99099004743
192,"[2018부산모터쇼] BMW코리아, 'i8 로드스터' 국내 최초 공개",http://www.wolyo.co.kr/news/articleView.html?idxno=62209
193,오픈 톱의 즐거움‘ BMW i8 로드스터 티저 공개,http://www.zdnet.co.kr/ArticleView.asp?artice_id=20170704090205
194,[CES 2018 이모저모] 아리아호텔서 만난 BMW 친환경 오픈카 'i8 로드스터',http://www.asiatoday.co.kr/view.php?key=20180109010005117
195,"BMW, 2019 i8 쿠페 및 2019 i8 로드스터 공개",http://autoin.edaily.co.kr/news/newspath.asp?newsid=01305446616161472
196,"[HK영상] BMW, 눈길 사로잡는 드림카 'BMW i8 로드스터' (2019 서울모터쇼)",https://www.hankyung.com/article/2019033033607
197,[서울모터쇼]BMW i8 로드스터 섹시한 뒤태,http://news.mk.co.kr/newsRead.php?year=2019&no=188214
198,"BMW, 2017 상하이 모터쇼서 'i8 프로토닉 프로즌 옐로우 에디션' 세계 최초 공개",http://kr.aving.net/news/view.php?articleId=1377398&Branch_ID=kr&rssid=naver&mn_name=news
199,BMW i8 로드스터 `달리는 스마트카`,http://www.gpkorea.com/bbs/board.php?bo_table=today_photo&wr_id=1990
200,[서울모터쇼]BMW i8 로드스터 섹시한 뒤태,http://news.mk.co.kr/newsRead.php?year=2019&no=188214
201,"BMW, 2017 상하이 모터쇼서 'i8 프로토닉 프로즌 옐로우 에디션' 세계 최초 공개",http://kr.aving.net/news/view.php?articleId=1377398&Branch_ID=kr&rssid=naver&mn_name=news
202,BMW i8 로드스터 `달리는 스마트카`,http://www.gpkorea.com/bbs/board.php?bo_table=today_photo&wr_id=1990
203,"[LA모터쇼]BMW, ‘i8 로드스터’ 공개… 친환경 오픈카 등장",http://bizn.donga.com/car/3/0111/20171130/87515842/1
204,"BMW, 제네바 모터쇼…‘뉴 4시리즈·뉴 5 투어링·i8 블랙에디션’ 최초 공개",http://www.viva100.com/main/view.php?key=20170204010001208
205,"[주목이車]BMW, 中서 'i8 에디션' 첫 공개…폭스바겐은 전기차 'I.D. 패밀리'",http://www.g-enews.com/ko-kr/news/article/news_all/20170416141827892a74922b82d_1/article.html
206,"BMW코리아, 한정판 i8 프로토닉 레드 에디션 국내 출시",http://www.sedaily.com/NewsView/1L598ZFLGV
207,"BMW 코리아, i8 프로토닉 레드 에디션 출시",http://view.asiae.co.kr/news/view.htm?idxno=2016121411010504019
208,[BMW 스포츠카 i8 시승기] 묵직한 배기음과 폭발적 가속력… 친환경 연비는 '덤',http://news20.busan.com/controller/newsController.jsp?newsId=20161024000214
209,[훈기자의 시승車-BMW i8] 날지 못해도 미래에 초점 맞춰,http://news.kmib.co.kr/article/view.asp?arcid=0923630944&code=14140000&cp=nv
210,"BMW 코리아, i8 프로토닉 레드 에디션 출시",http://view.asiae.co.kr/news/view.htm?idxno=2016121411010504019
211,[BMW 스포츠카 i8 시승기] 묵직한 배기음과 폭발적 가속력… 친환경 연비는 '덤',http://news20.busan.com/controller/newsController.jsp?newsId=20161024000214
212,[훈기자의 시승車-BMW i8] 날지 못해도 미래에 초점 맞춰,http://news.kmib.co.kr/article/view.asp?arcid=0923630944&code=14140000&cp=nv
213,[훈 기자의 시승車] 날지 못하지만 가장 미래적인 차… BMW i8,http://www.kukinews.com/news/article.html?no=402307
214,"[시승기] 전기차는 얌전하다?...BMW i3, i8 스포츠카 안부러워",http://www.consumernews.co.kr/?mod=news&act=articleView&idxno=513723
215,사이드미러·백미러 없는 BMW i8 콘셉트카,http://www.digitaltoday.co.kr/news/articleView.html?idxno=106402
216,[4K] 삼성SDI 배터리가 탑재된 BMW i8,http://ilyo.co.kr/?ac=article_view&entry_id=333637
217,"“형 또 차 샀다” 외제차 5대 있는 남자 가수, 엄청난 '플렉스' 자랑했다",https://www.wikitree.co.kr/articles/693572
218,"[시승기] BMW i8 ""못 말리는 질주 DNA, 미래를 품다""",http://www.newsprime.co.kr/news/article.html?no=351130
219,[시승기]BMW에서 제공하는 다른 두 개의 아이... 순수 i3· 스포츠 i8,http://car.donga.com/3/all/20161007/80678838/3
220,"‘국내 딱 10대’ BMW, 한정판 i8 프로토닉 레드 에디션 출시",http://bizn.donga.com/car/3/all/20161214/81831361/2
221,[BMW 스포츠카 i8 시승기] 묵직한 배기음과 폭발적 가속력… 친환경 연비는 '덤',http://news20.busan.com/controller/newsController.jsp?newsId=20161024000214
222,[훈기자의 시승車-BMW i8] 날지 못해도 미래에 초점 맞춰,http://news.kmib.co.kr/article/view.asp?arcid=0923630944&code=14140000&cp=nv
223,[훈 기자의 시승車] 날지 못하지만 가장 미래적인 차… BMW i8,http://www.kukinews.com/news/article.html?no=402307
224,"[시승기] 전기차는 얌전하다?...BMW i3, i8 스포츠카 안부러워",http://www.consumernews.co.kr/?mod=news&act=articleView&idxno=513723
225,사이드미러·백미러 없는 BMW i8 콘셉트카,http://www.digitaltoday.co.kr/news/articleView.html?idxno=106402
226,[4K] 삼성SDI 배터리가 탑재된 BMW i8,http://ilyo.co.kr/?ac=article_view&entry_id=333637
227,"“형 또 차 샀다” 외제차 5대 있는 남자 가수, 엄청난 '플렉스' 자랑했다",https://www.wikitree.co.kr/articles/693572
228,"[시승기] BMW i8 ""못 말리는 질주 DNA, 미래를 품다""",http://www.newsprime.co.kr/news/article.html?no=351130
229,[시승기]BMW에서 제공하는 다른 두 개의 아이... 순수 i3· 스포츠 i8,http://car.donga.com/3/all/20161007/80678838/3
230,"BMW, i8 프로토닉 레드 에디션 국내 출시... 단 10대 판매",http://www.osen.co.kr/article/G1110552083
231,[BMW 스포츠카 i8 시승기] 묵직한 배기음과 폭발적 가속력… 친환경 연비는 '덤',http://news20.busan.com/controller/newsController.jsp?newsId=20161024000214
232,[훈기자의 시승車-BMW i8] 날지 못해도 미래에 초점 맞춰,http://news.kmib.co.kr/article/view.asp?arcid=0923630944&code=14140000&cp=nv
233,[훈 기자의 시승車] 날지 못하지만 가장 미래적인 차… BMW i8,http://www.kukinews.com/news/article.html?no=402307
234,"[시승기] 전기차는 얌전하다?...BMW i3, i8 스포츠카 안부러워",http://www.consumernews.co.kr/?mod=news&act=articleView&idxno=513723
235,사이드미러·백미러 없는 BMW i8 콘셉트카,http://www.digitaltoday.co.kr/news/articleView.html?idxno=106402
236,[4K] 삼성SDI 배터리가 탑재된 BMW i8,http://ilyo.co.kr/?ac=article_view&entry_id=333637
237,"“형 또 차 샀다” 외제차 5대 있는 남자 가수, 엄청난 '플렉스' 자랑했다",https://www.wikitree.co.kr/articles/693572
238,"[시승기] BMW i8 ""못 말리는 질주 DNA, 미래를 품다""",http://www.newsprime.co.kr/news/article.html?no=351130
239,[시승기]BMW에서 제공하는 다른 두 개의 아이... 순수 i3· 스포츠 i8,http://car.donga.com/3/all/20161007/80678838/3
240,"BMW,‘i8 프로토닉 레드 에디션’ 국내 10대 판매",http://www.edaily.co.kr/news/newspath.asp?newsid=02761766612878520
241,[BMW 스포츠카 i8 시승기] 묵직한 배기음과 폭발적 가속력… 친환경 연비는 '덤',http://news20.busan.com/controller/newsController.jsp?newsId=20161024000214
242,[훈기자의 시승車-BMW i8] 날지 못해도 미래에 초점 맞춰,http://news.kmib.co.kr/article/view.asp?arcid=0923630944&code=14140000&cp=nv
243,[훈 기자의 시승車] 날지 못하지만 가장 미래적인 차… BMW i8,http://www.kukinews.com/news/article.html?no=402307
244,"[시승기] 전기차는 얌전하다?...BMW i3, i8 스포츠카 안부러워",http://www.consumernews.co.kr/?mod=news&act=articleView&idxno=513723
245,사이드미러·백미러 없는 BMW i8 콘셉트카,http://www.digitaltoday.co.kr/news/articleView.html?idxno=106402
246,[4K] 삼성SDI 배터리가 탑재된 BMW i8,http://ilyo.co.kr/?ac=article_view&entry_id=333637
247,"“형 또 차 샀다” 외제차 5대 있는 남자 가수, 엄청난 '플렉스' 자랑했다",https://www.wikitree.co.kr/articles/693572
248,"[시승기] BMW i8 ""못 말리는 질주 DNA, 미래를 품다""",http://www.newsprime.co.kr/news/article.html?no=351130
249,[시승기]BMW에서 제공하는 다른 두 개의 아이... 순수 i3· 스포츠 i8,http://car.donga.com/3/all/20161007/80678838/3
250,[4K] 삼성SDI 배터리가 탑재된 BMW i8,http://ilyo.co.kr/?ac=article_view&entry_id=333637
251,"“형 또 차 샀다” 외제차 5대 있는 남자 가수, 엄청난 '플렉스' 자랑했다",https://www.wikitree.co.kr/articles/693572
252,"[시승기] BMW i8 ""못 말리는 질주 DNA, 미래를 품다""",http://www.newsprime.co.kr/news/article.html?no=351130
253,[시승기]BMW에서 제공하는 다른 두 개의 아이... 순수 i3· 스포츠 i8,http://car.donga.com/3/all/20161007/80678838/3
254,"뉴 X2·M5·i8까지… BMW, 내년 14종 신차 출격",http://www.asiatoday.co.kr/view.php?key=20171204010001362
255,"독일의 튜너 GSC, 무광회색을 더해 강렬한 존재감을 갖춘 BMW i8 공개",http://autoin.edaily.co.kr/news/newspath.asp?newsid=02286166612784712
256,[오토 뉴스] 이재용·김수현이 고른 BMW i8…세계 첫 PHEV 스포츠카의 위엄,http://www.hankyung.com/news/app/newsview.php?aid=2016092779961
257,"[시승]친환경으로 미래 100년 달린다, BMW i3·i8",http://autotimes.hankyung.com/apps/news.sub_view?popup=0&nid=06&c1=06&c2=06&c3=00&nkey=201609270837091
258,"BMW i8, 제로백 단 4.4초…폭발적 질주본능",http://www.ceoscoredaily.com/news/article.html?no=23518
259,[수입차 전략차종]고효율 성능 자랑하는 PHEV 'BMW i8·뉴 X5 x드라이브 40e',http://view.asiae.co.kr/news/view.htm?idxno=2016092114570582615
260,"[자동차] 김래원 하지원, 도끼, 김수현까지 탄다는 그 슈퍼카는 ‘BMW i8’",http://www.joongdo.co.kr/jsp/article/article_view.jsp?pq=201608250825
261,[화제화보] BMW i8 19대 선물한 레스터시티 구단주,http://sports.khan.co.kr/news/sk_index.html?art_id=201608081511003&sec_id=520401&pt=nv
262,"""BMW, 최대 400km 주행 i8 전기차 개발중""",http://www.zdnet.co.kr/ArticleView.asp?artice_id=20160624083923
263,[서울모터쇼 ER포토]2인승 스포츠 전기차 BMW I8 로드스터,http://www.econovill.com/news/articleView.html?idxno=359694
264,"[사진]BMW i8 로드스터,'눈부신 뒤태'(2019 서울모터쇼)",http://www.osen.co.kr/article/G1111109333
265,"BMW, i8 고성능 모델 계획 중? 독일서 시험 주행 차량 포착돼",http://www.kbench.com/?q=node/163563
266,"BMW ""전고체배터리 도입""…삼성SDI와 또 손잡나 촉각",http://news.mk.co.kr/newsRead.php?no=390350&year=2021
267,외장막 두른 450마력 PHEV BMW i8 포착,http://it.chosun.com/news/article.html?no=2842884
268,"BMW i8 페이스리프트, 무선충전 지원된다",http://www.zdnet.co.kr/ArticleView.asp?artice_id=20160504082518
269,"BMW 코리아, 한정판 i8 프로토닉 레드 에디션 출시",http://www.fnnews.com/news/201612141507540442
270,BMW i8 로드스터,http://yna.kr/PYH20190328067400003?did=1196m
271,"BMW, i8 고성능 모델 계획 중? 독일서 시험 주행 차량 포착돼",http://www.kbench.com/?q=node/163563
272,"BMW ""전고체배터리 도입""…삼성SDI와 또 손잡나 촉각",http://news.mk.co.kr/newsRead.php?no=390350&year=2021
273,외장막 두른 450마력 PHEV BMW i8 포착,http://it.chosun.com/news/article.html?no=2842884
274,"BMW i8 페이스리프트, 무선충전 지원된다",http://www.zdnet.co.kr/ArticleView.asp?artice_id=20160504082518
275,"BMW 코리아, 한정판 i8 프로토닉 레드 에디션 출시",http://www.fnnews.com/news/201612141507540442
276,[신차드라이브]미래에서 온 듯한 친환경 스포츠카 BMW `i8`,http://www.etnews.com/20160428000091
277,"BMW, 주행거리 늘린 신형 'i8' 올 하반기 유럽 출시",http://www.g-enews.com/ko-kr/news/article/news_all/201704021440018382a74922b82d_1/article.html
278,[동영상 시승기] 친환경 품은 고성능 스포츠카 BMW i8,http://car.tvreport.co.kr/?c=news&m=newsview&idx=655500
279,"[포토]BMW 'i8 프로토닉 레드 스페셜 에디션', 날렵한 디자인",http://www.edaily.co.kr/news/newspath.asp?newsid=01115206612554784
280,[신차드라이브]미래에서 온 듯한 친환경 스포츠카 BMW `i8`,http://www.etnews.com/20160428000091
281,"BMW, 주행거리 늘린 신형 'i8' 올 하반기 유럽 출시",http://www.g-enews.com/ko-kr/news/article/news_all/201704021440018382a74922b82d_1/article.html
282,[동영상 시승기] 친환경 품은 고성능 스포츠카 BMW i8,http://car.tvreport.co.kr/?c=news&m=newsview&idx=655500
283,"[포토]BMW 'i8 프로토닉 레드 스페셜 에디션', 날렵한 디자인",http://www.edaily.co.kr/news/newspath.asp?newsid=01115206612554784
284,"bmw i8, 래퍼 도끼 ""BMW에서 i8 한국 1호차를 저에게 출고해주셨습니다"" 인증",http://www.etnews.com/20160226000178
285,BMW '뉴 M760Li·i8 스페셜 에디션' 첫 공개...'2016 제네바 모터쇼'서,http://biz.chosun.com/site/data/html_dir/2016/02/23/2016022300635.html
286,"[포토]BMW i8 프로토닉 레드, 제네바모터쇼 최초 공개",http://www.edaily.co.kr/news/newspath.asp?newsid=03899926612553144
287,"'능력자들' 일리네어 도끼, 슈퍼카 BMW I8 앞에서 스웨그…가격은?",http://www.newspim.com/news/view/20160205000295
288,"[진車승부] 하이브리드 슈퍼카 대전, BMW i8 VS 렉서스 LC500h",http://www.sporbiz.co.kr/news/articleView.html?idxno=147617
289,"BMW, '사이드미러' 없는 i8 콘셉트카 공개, 폭스바겐 XL1이 먼저다",http://www.kbench.com/?q=node/158817
290,"[포토]BMW 'i8 프로토닉 레드 스페셜 에디션', 늘씬한 옆라인",http://www.edaily.co.kr/news/newspath.asp?newsid=01111926612554784
291,"bmw i8, 래퍼 도끼 ""BMW에서 i8 한국 1호차를 저에게 출고해주셨습니다"" 인증",http://www.etnews.com/20160226000178
292,BMW '뉴 M760Li·i8 스페셜 에디션' 첫 공개...'2016 제네바 모터쇼'서,http://biz.chosun.com/site/data/html_dir/2016/02/23/2016022300635.html
293,"[포토]BMW i8 프로토닉 레드, 제네바모터쇼 최초 공개",http://www.edaily.co.kr/news/newspath.asp?newsid=03899926612553144
294,"'능력자들' 일리네어 도끼, 슈퍼카 BMW I8 앞에서 스웨그…가격은?",http://www.newspim.com/news/view/20160205000295
295,"[진車승부] 하이브리드 슈퍼카 대전, BMW i8 VS 렉서스 LC500h",http://www.sporbiz.co.kr/news/articleView.html?idxno=147617
296,"BMW, '사이드미러' 없는 i8 콘셉트카 공개, 폭스바겐 XL1이 먼저다",http://www.kbench.com/?q=node/158817
297,"BMW 'i8', 자동차전문기자협회 선정 '올해의 디자인' 수상",http://www.sportsseoul.com/news/read/341329
298,BMW i8 ‘올해의 디자인상’ 받았다,http://www.econovill.com/news/articleView.html?idxno=276499
299,"BMW 상복 터졌네 `i8 7시리즈 M2 M3 M4...,`",http://www.gpkorea.com/bbs/board.php?bo_table=gp_motorsports&wr_id=14086
300,"BMW i8, 자동차전문기자협회 선정 ‘올해의 디자인’상 수상",http://sports.hankooki.com/lpage/economy/201601/sp20160106080019136990.htm
301,BMW i8 ‘올해의 디자인상’ 받았다,http://www.econovill.com/news/articleView.html?idxno=276499
302,"BMW 상복 터졌네 `i8 7시리즈 M2 M3 M4...,`",http://www.gpkorea.com/bbs/board.php?bo_table=gp_motorsports&wr_id=14086
303,"[부산모터쇼] BMW코리아, 플러그인하이브리드 스포츠카 i8 공개",http://www.viva100.com/main/view.php?key=20160602010000750
304,"'아프리카티비' 로이조 애마 BMW i8 ""없어서 못 팔 정도""... ""도끼도 갖고 있네""",http://www.ajunews.com/view/20151223075415636
305,[시승기]'석세스 블루' BMW i8…스포츠카도 하이브리드 전성시대,http://www.asiatoday.co.kr/view.php?key=20151210010007248
306,[2018 북미오토쇼] BMW 뉴 i8 쿠페 …369마력 뿜어내는 하이브리드 스포츠카,http://www.etoday.co.kr/news/section/newsview.php?idxno=1584108
307,"[뒤끝뉴스] ‘BMW i8’, 너의 정체는 뭐냐",http://www.hankookilbo.com/v/818ae92b648b4451ac40d1162c8949bf
308,"BMW, 환상속의車 ‘i8 스파이더’ 양산 결정",http://car.donga.com/3/all/20151204/75185812/2
309,"[포토] BMW, '북미국제오토쇼'서 뉴 i8 쿠페 공개",http://www.fntimes.com/html/view.php?ud=201801121340149831ab245d71a_18
310,"BMW i8, 자동차전문기자협회 선정 '올해의 디자인 상' 수상",http://www.ebn.co.kr/news/view/810450
311,"BMW 상복 터졌네 `i8 7시리즈 M2 M3 M4...,`",http://www.gpkorea.com/bbs/board.php?bo_table=gp_motorsports&wr_id=14086
312,"[부산모터쇼] BMW코리아, 플러그인하이브리드 스포츠카 i8 공개",http://www.viva100.com/main/view.php?key=20160602010000750
313,"'아프리카티비' 로이조 애마 BMW i8 ""없어서 못 팔 정도""... ""도끼도 갖고 있네""",http://www.ajunews.com/view/20151223075415636
314,[시승기]'석세스 블루' BMW i8…스포츠카도 하이브리드 전성시대,http://www.asiatoday.co.kr/view.php?key=20151210010007248
315,[2018 북미오토쇼] BMW 뉴 i8 쿠페 …369마력 뿜어내는 하이브리드 스포츠카,http://www.etoday.co.kr/news/section/newsview.php?idxno=1584108
316,"[뒤끝뉴스] ‘BMW i8’, 너의 정체는 뭐냐",http://www.hankookilbo.com/v/818ae92b648b4451ac40d1162c8949bf
317,"BMW, 환상속의車 ‘i8 스파이더’ 양산 결정",http://car.donga.com/3/all/20151204/75185812/2
318,"[포토] BMW, '북미국제오토쇼'서 뉴 i8 쿠페 공개",http://www.fntimes.com/html/view.php?ud=201801121340149831ab245d71a_18
319,"[시승기] 재미를 위해 태어난 차, BMW i8",http://www.moneyweek.co.kr/news/mwView.php?type=1&no=2015111921508069391&outlink=1
320,"BMW, 환상속의車 ‘i8 스파이더’ 양산 결정",http://car.donga.com/3/all/20151204/75185812/1
321,"[포토] BMW, '북미국제오토쇼'서 뉴 i8 쿠페 공개",http://www.fntimes.com/html/view.php?ud=201801121340149831ab245d71a_18
322,"[시승기] 재미를 위해 태어난 차, BMW i8",http://www.moneyweek.co.kr/news/mwView.php?type=1&no=2015111921508069391&outlink=1
323,"[시승기]미래에서 온 자동차, BMW i8",https://cnbc.sbs.co.kr/article_hub/10000767503?division=NAVER
324,"[시승기] BMW의 방향성, 친환경·퍼포먼스를 i8과 750Li로 경험",http://car.tvreport.co.kr/?c=news&m=newsview&idx=655151
325,[주목! 이차] BMW 'i8',http://www.sedaily.com/NewsView/1L3YET4N4D
326,"BMW 골프대회, 홀인원 경품 '대박'... 지난해 i8 이어 올해 7시리즈",http://biz.newdaily.co.kr/news/article.html?no=10108862
327,"도끼, ""BMWi8 시승도 안하고 사...반전기차라서 소리가 하나도 안나"" 문콕 사고",http://sports.hankooki.com/lpage/entv/201510/sp20151015115733136710.htm
328,"도끼, 최근 구매한 2억원짜리 BMW i8 공개! ""시승도 안하고 산 내 차""",http://mbn.mk.co.kr/pages/news/newsView.php?category=mbn00012&news_seq_no=2520839
329,"도끼, 최근 구매한 2억원 BMW i8 공개! ""시승도 안하고 산 내 차""",http://mbn.mk.co.kr/pages/news/newsView.php?category=mbn00012&news_seq_no=2519638
330,"도끼, 최근 구매한 2억원 BMW i8 공개! ""시승도 안하고 산 내 차""",http://mbn.mk.co.kr/pages/news/newsView.php?category=mbn00012&news_seq_no=2519638
331,"도끼, 2억원 `BMW i8` 구입 인증영상 공개.. ""망했다. 어떻게 타지?""",http://starin.edaily.co.kr/news/newspath.asp?newsid=01252966609472240
332,"도끼, 2억원 `BMW i8` 구입 인증영상 공개.. 벤츠 마이바흐 S600도 `겟`",http://starin.edaily.co.kr/news/newspath.asp?newsid=01515366609471912
333,"BMW i8, 수입차 단가 '역전현상' 견인",http://www.asiatoday.co.kr/view.php?key=20160209010005050
334,"도끼, BMW i8 인증샷 보니 '부러움 가득'…가격 보니 '입이 쩍'",http://www.sportsseoul.com/news/read/266021
335,홀인원 보다 빛난 ‘BMW i8’,http://www.newsway.co.kr/view.php?tp=1&ud=2015072011010678699
336,"KLPGA 루키 서하경, 홀인원 한방에 'BMW i8' 주인공",http://www.mt.co.kr/view/mtview.php?type=1&no=2015071917204844614&outlink=1
337,"서하경, 홀인원 한방으로 '2억 BMW I8' 수상...획득한 시즌상금의 10배 '횡재'",http://www.joongboo.com/?mod=news&act=articleView&idxno=1003619
338,[시승기] 스포츠카 BMW i8 `가장 빠른 장난감`,http://www.gpkorea.com/bbs/board.php?bo_table=gp_motorsports&wr_id=14187
339,"BMW i8, 멕시코서 기자 시승 중 차량 전복, 차체는 의외로 멀쩡",http://www.kbench.com/?q=node/152553
340,[BMW여자골프]루키 서하경 홀인원으로 2억원 짜리 부상‘하이브리드 BMW i8 스포츠카를 보니’,http://www.sportsworldi.com/content/html/2015/07/19/20150719001296.html?OutUrl=naver
341,"서하경, 홀인원 한방으로 '2억 BMW I8' 수상...획득한 시즌상금의 10배 '횡재'",http://www.joongboo.com/?mod=news&act=articleView&idxno=1003619
342,[시승기] 스포츠카 BMW i8 `가장 빠른 장난감`,http://www.gpkorea.com/bbs/board.php?bo_table=gp_motorsports&wr_id=14187
343,"BMW i8, 멕시코서 기자 시승 중 차량 전복, 차체는 의외로 멀쩡",http://www.kbench.com/?q=node/152553
344,"도끼, 국내 1호 BMW i8 인증샷 '눈길'...충전 모습까지 ""쩔어""",http://www.newspim.com/common/redirect.jsp?newsId=20150702000416
345,"獨콘티넨탈, ‘올해의 엔진’ BMW i8에 터보차저 공급",http://www.edaily.co.kr/news/newspath.asp?newsid=01597366609406968
346,"도끼, BMW i8 인증샷 화제 '무려 한국 1호차'",http://fpn119.co.kr/sub_read.html?uid=37958§ion=sc115
347,가장 미래에 근접한 자동차 BMW i8,http://www.gqkorea.co.kr/content/view_04.asp?menu_id=04010100&c_idx=012308040000048&_C_=18
348,"BMW, i8보다 빠른 500마력짜리 `i8S` 개발한다",http://www.gpkorea.com/bbs/board.php?bo_table=gp_motorsports&wr_id=12626
349,BMW i8을 오픈카로? 콘셉트카 'BMW i8 스파이더' 공개,http://www.kbench.com/?q=node/151299
350,"래퍼 도끼, 2억 달하는 BMW i8 인증샷… 날개처럼 열리는 문 ‘눈길’",http://studio.donga.com/View?idxno=201507020039&c=00620001
351,"獨콘티넨탈, ‘올해의 엔진’ BMW i8에 터보차저 공급",http://www.edaily.co.kr/news/newspath.asp?newsid=01597366609406968
352,"도끼, BMW i8 인증샷 화제 '무려 한국 1호차'",http://fpn119.co.kr/sub_read.html?uid=37958§ion=sc115
353,가장 미래에 근접한 자동차 BMW i8,http://www.gqkorea.co.kr/content/view_04.asp?menu_id=04010100&c_idx=012308040000048&_C_=18
354,"BMW, i8보다 빠른 500마력짜리 `i8S` 개발한다",http://www.gpkorea.com/bbs/board.php?bo_table=gp_motorsports&wr_id=12626
355,BMW i8을 오픈카로? 콘셉트카 'BMW i8 스파이더' 공개,http://www.kbench.com/?q=node/151299
356,"BMW, 새로운 i8 스파이더 콘셉트 “영화속 그 車 현실로”",http://car.donga.com/3/all/20151209/75268685/2
357,"BMW i8, BMW 이피션트 다이내믹 결정체",http://www.cnbnews.com/news/article.html?no=293631
358,"래퍼 도끼, BMW i8 한국 1호차 뽑고 충전과정 소개…""이렇게 발전하다니""",http://www.etoday.co.kr/news/section/newsview.php?idxno=1131676
359,PHEV 유류·전기 연비 따로 표시한다...BMW i8 첫 사례,http://biz.chosun.com/site/data/html_dir/2015/05/27/2015052702020.html
360,"BMW, 새로운 i8 스파이더 콘셉트 “영화속 그 車 현실로”",http://car.donga.com/3/all/20151209/75268685/2
361,"BMW i8, BMW 이피션트 다이내믹 결정체",http://www.cnbnews.com/news/article.html?no=293631
362,"래퍼 도끼, BMW i8 한국 1호차 뽑고 충전과정 소개…""이렇게 발전하다니""",http://www.etoday.co.kr/news/section/newsview.php?idxno=1131676
363,PHEV 유류·전기 연비 따로 표시한다...BMW i8 첫 사례,http://biz.chosun.com/site/data/html_dir/2015/05/27/2015052702020.html
364,BMW i8 한국 1호차는 도끼에게!(사진),http://www.huffingtonpost.kr/2015/05/24/story_n_7430002.html
365,"[리뷰] BMW i8 : 우리를 미래로 안내하는 슈퍼카 (사진, 동영상)",http://www.huffingtonpost.kr/2015/05/22/story_n_7419616.html
366,"도끼 ""BMW i8 한국 1호차 인증샷""",http://www.wikitree.co.kr/main/news_view.php?id=219520
367,"BMW, 영종도 드라이빙센터에 PEHV 스포츠카 'i8' 투입",http://news1.kr/articles/?2244903
368,[수입차의 질주] i8의 후계자…BMW X5 x드라이브40e,http://www.newsis.com/ar_detail/view.html?ar_id=NISX20150517_0013667703&cID=10414&pID=10400
369,"BMW i8, 이렇게 튜닝하면 안 될까? 무게는 줄이고 안정성은 높이고",http://www.kbench.com/?q=node/150320
370,"BMW i8, 드라이빙 센터 교육 대상 차량에 추가",http://www.zdnet.co.kr/ArticleView.asp?artice_id=20150522145246
371,[수입차의 질주] i8의 후계자…BMW X5 x드라이브40e,http://www.newsis.com/ar_detail/view.html?ar_id=NISX20150517_0013667703&cID=10414&pID=10400
372,"BMW i8, 이렇게 튜닝하면 안 될까? 무게는 줄이고 안정성은 높이고",http://www.kbench.com/?q=node/150320
373,"BMW i8, 좋기만 한가? 독일서 평가한 내용은 '5분짜리 스포츠카에 불과'",http://www.kbench.com/?q=node/150095
374,미래에서 온 차 BMW i8,http://www.gqkorea.co.kr/content/view_02.asp?menu_id=04050100&c_idx=012305020000099&_C_=18
375,"BMW i8, 전기차학술대회서 더 가까이 본다",http://www.zdnet.co.kr/ArticleView.asp?artice_id=20150503230405
376,'대세 하이브리드카'..BMW i8 vs 아우디 A3 e-트론,http://www.newspim.com/common/redirect.jsp?newsId=20150430000477
377,1년치 한달만에 팔아치운 BMW i8 ...보조금 없는 인기 비결은,http://www.fnnews.com/news/201504301123381695
378,"'2억원 슈퍼카' BMW i8 인기몰이 ""한달새 190대 계약""",http://www.edaily.co.kr/news/newspath.asp?newsid=02810966609341040
379,<박스>루이비통과 BMW가 만나면? i8 전용 가방 콜라보레이션 선보여,http://www.hankookilbo.com/v/37d75cb5b108453f88bd4c470f899f04
380,"'2억원 슈퍼카' BMW i8 인기몰이 ""한달새 190대 계약""",http://www.edaily.co.kr/news/newspath.asp?newsid=02810966609341040
381,<박스>루이비통과 BMW가 만나면? i8 전용 가방 콜라보레이션 선보여,http://www.hankookilbo.com/v/37d75cb5b108453f88bd4c470f899f04
382,‘첨단 기술의 집약’ 플러그인하이브리드 스포츠 쿠페 BMW ‘i8’,http://sports.khan.co.kr/news/sk_index.html?cat=view&art_id=201504221617453&sec_id=563002&pt=nv
383,[서울모터쇼 주목!이차]이재용 삼성전자 부회장도 샀다 'BMW i8',http://news1.kr/articles/?2180138
384,"랑세스, 고성능 복합재 BMW i8에 적용",http://www.viva100.com/main/view.php?key=20150407010000980
385,[주말엔 서울모터쇼!] BMW '미션임파서블4'의 그 차…최초 플러그인하이브리드모델 i8 공개,http://www.starseoultv.com/news/articleView.html?idxno=311304
386,[2015 서울모터쇼] 미래서 온 플러그인하이브리드 ‘BMW i8’로 이목 쏠려,http://sports.khan.co.kr/news/sk_index.html?cat=view&art_id=201504040842263&sec_id=563002&pt=nv
387,"[2015 서울모터쇼] BMW, 뉴 6시리즈·i8 등 23종...고성능 M라인업 한눈에",http://www.osen.co.kr/article/G1110117382
388,2015 서울 모터쇼 BMW i8 공개,http://www.gukjenews.com/news/articleView.html?idxno=234204
389,[2015서울모터쇼]미래에서 온 BMW ‘i8’,http://biz.heraldcorp.com/view.php?ud=20150402000144
390,[포토]BMW 최초의 PHEV모델 'i8',http://biz.heraldcorp.com/view.php?ud=201504021758544497951_1
391,[2015서울모터쇼]미래에서 온 BMW ‘i8’,http://biz.heraldcorp.com/view.php?ud=20150402000144
392,"[2015 서울모터쇼] BMW i8, 미니 수퍼레제라 비전",http://www.segye.com/content/html/2015/03/30/20150330001866.html?OutUrl=naver
393,"［포토］ BMW i8, 미래형 스포츠카 국내도심 달린다",http://www.breaknews.com/sub_read.html?uid=357924§ion=sc3
394,"[車엿보기]BMW i8, '레이저 라이트' 국내모델에 없는 이유",http://www.edaily.co.kr/news/newspath.asp?newsid=01174246609308568
395,"[슈퍼리치] 정용진 부회장, 김수현이 기다리던차 BMW i8",http://biz.heraldcorp.com/view.php?ud=20150328000005
396,"BMW i8 출시, '한류스타' 김수현·삼성 이재용도 사전계약했다…가격은?",http://www.etoday.co.kr/news/section/newsview.php?idxno=1097766
397,"BMW, 362마력 그룹 최초 PHEV 'i8' 공식 상륙…1억 9990만 원",http://www.osen.co.kr/article/G1110110025
398,"BMW, 플러그인 하이브리드 스포츠카 'i8' 출시…1억9990만원",http://www.newspim.com/common/redirect.jsp?newsId=20150326000232
399,"BMW, 2억 하이브리드 스포츠카 i8 출시..사전계약만 100대 '대박'",http://www.newspim.com/common/redirect.jsp?newsId=20150326000331
400,"BMW 코리아, BMW i8 공식 출시",http://www.gukjenews.com/news/articleView.html?idxno=229287
401,"BMW, 플러그인 하이브리드 스포츠카 'i8' 출시…1억9990만원",http://www.newspim.com/common/redirect.jsp?newsId=20150326000232
402,"BMW, 2억 하이브리드 스포츠카 i8 출시..사전계약만 100대 '대박'",http://www.newspim.com/common/redirect.jsp?newsId=20150326000331
403,BMW i8 출시...국내車 시장 PHEV 대전 막 올랐다,http://www.fnnews.com/news/201503261129576954
404,[사진]블랙과 블루의 조화 BMW i8 스티어링 휠,http://www.osen.co.kr/article/G1110110080
405,이재용 부회장이 선택한 車 BMW i8…사전계약 100대,http://news1.kr/articles/?2155703
406,BMW i8 품고 기술력 '완충'…삼성SDI 車배터리 글로벌 질주,http://www.asiatoday.co.kr/view.php?key=20150326010016437
407,"수입차 거침없는 질주, 신차로 가속페달 밟는다...BMW i8, 벤츠 C63 AMG, 아우디 A1, 폭스바겐 골프R, 볼보 크로스컨트리, 지프 SUV 레니게이드...현대 올 뉴 투싼등 맞불",http://www.newsinside.kr/news/articleView.html?idxno=305755
408,"BMW코리아, i8로 PHEV 시장 연다…보조금은?",http://autotimes.hankyung.com/apps/news.sub_view?popup=0&nid=03&c1=03&c2=03&c3=00&nkey=201503091149241
409,전기차 BMW i8 국내상륙에 관심이 쏠리는 이유?,http://biz.heraldcorp.com/view.php?ud=20150218000011
410,"BMW 첫 플러그인 하이브리드 i8 출시, 가격은?",http://sports.chosun.com/news/ntype.htm?id=201503270100331310021709&servicedate=20150326
411,"[MW사진] BMW i8, '모터+엔진 둘 다 장착되어 있다고?'",http://www.moneyweek.co.kr/news/mwView.php?type=1&no=2015032618318019011&outlink=1
412,"BMW, 2억 하이브리드 스포츠카 i8 출시..사전계약만 100대 '대박'",http://www.newspim.com/common/redirect.jsp?newsId=20150326000331
413,BMW i8 출시...국내車 시장 PHEV 대전 막 올랐다,http://www.fnnews.com/news/201503261129576954
414,[사진]블랙과 블루의 조화 BMW i8 스티어링 휠,http://www.osen.co.kr/article/G1110110080
415,이재용 부회장이 선택한 車 BMW i8…사전계약 100대,http://news1.kr/articles/?2155703
416,BMW i8 품고 기술력 '완충'…삼성SDI 車배터리 글로벌 질주,http://www.asiatoday.co.kr/view.php?key=20150326010016437
417,"수입차 거침없는 질주, 신차로 가속페달 밟는다...BMW i8, 벤츠 C63 AMG, 아우디 A1, 폭스바겐 골프R, 볼보 크로스컨트리, 지프 SUV 레니게이드...현대 올 뉴 투싼등 맞불",http://www.newsinside.kr/news/articleView.html?idxno=305755
418,"BMW코리아, i8로 PHEV 시장 연다…보조금은?",http://autotimes.hankyung.com/apps/news.sub_view?popup=0&nid=03&c1=03&c2=03&c3=00&nkey=201503091149241
419,전기차 BMW i8 국내상륙에 관심이 쏠리는 이유?,http://biz.heraldcorp.com/view.php?ud=20150218000011
420,"[MW사진] BMW i8, '비전을 현실로 만든 꿈의 차'",http://www.moneyweek.co.kr/news/mwView.php?type=1&no=2015032618528081580&outlink=1
421,"BMW, 미래에서 건너온 PHEV 'i8' 국내 상륙",http://www.rpm9.com/news/article.html?id=20150326090034
422,"BMW, 2억 하이브리드 스포츠카 i8 출시..사전계약만 100대 '대박'",http://www.newspim.com/common/redirect.jsp?newsId=20150326000331
423,BMW i8 출시...국내車 시장 PHEV 대전 막 올랐다,http://www.fnnews.com/news/201503261129576954
424,[사진]블랙과 블루의 조화 BMW i8 스티어링 휠,http://www.osen.co.kr/article/G1110110080
425,이재용 부회장이 선택한 車 BMW i8…사전계약 100대,http://news1.kr/articles/?2155703
426,BMW i8 품고 기술력 '완충'…삼성SDI 車배터리 글로벌 질주,http://www.asiatoday.co.kr/view.php?key=20150326010016437
427,"수입차 거침없는 질주, 신차로 가속페달 밟는다...BMW i8, 벤츠 C63 AMG, 아우디 A1, 폭스바겐 골프R, 볼보 크로스컨트리, 지프 SUV 레니게이드...현대 올 뉴 투싼등 맞불",http://www.newsinside.kr/news/articleView.html?idxno=305755
428,"BMW코리아, i8로 PHEV 시장 연다…보조금은?",http://autotimes.hankyung.com/apps/news.sub_view?popup=0&nid=03&c1=03&c2=03&c3=00&nkey=201503091149241
429,전기차 BMW i8 국내상륙에 관심이 쏠리는 이유?,http://biz.heraldcorp.com/view.php?ud=20150218000011
430,"BMW코리아, 국내 첫 PHEV i8 출시.. ""올해 180대 판매""(상보)",http://www.edaily.co.kr/news/newspath.asp?newsid=02519046609307256
431,"[사진]BMW i8,'세련된 후미등'",http://www.osen.co.kr/article/G1110110062
432,"BMW, 국내 첫 PHEV 스포츠카 `i8` 출시",http://www.etnews.com/20150326001128
433,이재용 부회장이 선택한 車 BMW i8…사전계약 100대,http://news1.kr/articles/?2155703
434,BMW i8 품고 기술력 '완충'…삼성SDI 車배터리 글로벌 질주,http://www.asiatoday.co.kr/view.php?key=20150326010016437
435,미래서 온 PHEV 스포츠카 ‘BMW i8’ 살펴보니…“벌써 100대 사전계약 주문”,http://sports.khan.co.kr/news/sk_index.html?cat=view&art_id=201503261250163&sec_id=563002&pt=nv
436,"BMW, PHEV 스포츠카 i8 출시",http://www.fnnews.com/news/201503261713072200
437,"수입차 거침없는 질주, 신차로 가속페달 밟는다...BMW i8, 벤츠 C63 AMG, 아우디 A1, 폭스바겐 골프R, 볼보 크로스컨트리, 지프 SUV 레니게이드...현대 올 뉴 투싼등 맞불",http://www.newsinside.kr/news/articleView.html?idxno=305755
438,"BMW코리아, i8로 PHEV 시장 연다…보조금은?",http://autotimes.hankyung.com/apps/news.sub_view?popup=0&nid=03&c1=03&c2=03&c3=00&nkey=201503091149241
439,전기차 BMW i8 국내상륙에 관심이 쏠리는 이유?,http://biz.heraldcorp.com/view.php?ud=20150218000011
440,하이브리드 스포츠카 'BMW i8' 출시,http://www.betanews.net/article/611295
441,"BMW, 국내 첫 PHEV 스포츠카 `i8` 출시",http://www.etnews.com/20150326001128
442,이재용 부회장이 선택한 車 BMW i8…사전계약 100대,http://news1.kr/articles/?2155703
443,BMW i8 품고 기술력 '완충'…삼성SDI 車배터리 글로벌 질주,http://www.asiatoday.co.kr/view.php?key=20150326010016437
444,미래서 온 PHEV 스포츠카 ‘BMW i8’ 살펴보니…“벌써 100대 사전계약 주문”,http://sports.khan.co.kr/news/sk_index.html?cat=view&art_id=201503261250163&sec_id=563002&pt=nv
445,"BMW, PHEV 스포츠카 i8 출시",http://www.fnnews.com/news/201503261713072200
446,"수입차 거침없는 질주, 신차로 가속페달 밟는다...BMW i8, 벤츠 C63 AMG, 아우디 A1, 폭스바겐 골프R, 볼보 크로스컨트리, 지프 SUV 레니게이드...현대 올 뉴 투싼등 맞불",http://www.newsinside.kr/news/articleView.html?idxno=305755
447,"BMW코리아, i8로 PHEV 시장 연다…보조금은?",http://autotimes.hankyung.com/apps/news.sub_view?popup=0&nid=03&c1=03&c2=03&c3=00&nkey=201503091149241
448,전기차 BMW i8 국내상륙에 관심이 쏠리는 이유?,http://biz.heraldcorp.com/view.php?ud=20150218000011
449,"전기차 BMW i8에 쏠리는 관심, 미래카를 엿보다",http://biz.heraldcorp.com/view.php?ud=20150216000312
450,"BMW 코리아, BMW i8 공식 출시",http://www.segye.com/content/html/2015/03/26/20150326003278.html?OutUrl=naver
451,"BMW i8 국내 출시, 미래차 느낌이 물씬~",http://biz.heraldcorp.com/view.php?ud=20150326000335
452,BMW i8 품고 기술력 '완충'…삼성SDI 車배터리 글로벌 질주,http://www.asiatoday.co.kr/view.php?key=20150326010016437
453,미래서 온 PHEV 스포츠카 ‘BMW i8’ 살펴보니…“벌써 100대 사전계약 주문”,http://sports.khan.co.kr/news/sk_index.html?cat=view&art_id=201503261250163&sec_id=563002&pt=nv
454,"BMW, PHEV 스포츠카 i8 출시",http://www.fnnews.com/news/201503261713072200
455,"수입차 거침없는 질주, 신차로 가속페달 밟는다...BMW i8, 벤츠 C63 AMG, 아우디 A1, 폭스바겐 골프R, 볼보 크로스컨트리, 지프 SUV 레니게이드...현대 올 뉴 투싼등 맞불",http://www.newsinside.kr/news/articleView.html?idxno=305755
456,"BMW코리아, i8로 PHEV 시장 연다…보조금은?",http://autotimes.hankyung.com/apps/news.sub_view?popup=0&nid=03&c1=03&c2=03&c3=00&nkey=201503091149241
457,전기차 BMW i8 국내상륙에 관심이 쏠리는 이유?,http://biz.heraldcorp.com/view.php?ud=20150218000011
458,"전기차 BMW i8에 쏠리는 관심, 미래카를 엿보다",http://biz.heraldcorp.com/view.php?ud=20150216000312
459,"미래서 온 'BMW i8' 올해 국내 출시된다, 일단 185대만 팔릴 예정",http://www.kbench.com/?q=node/146202
460,BMW 최초 플러그인 하이브리드 i8 국내 상륙,http://www.consumernews.co.kr/?mod=news&act=articleView&idxno=500840
461,"[NW포토]BMW코리아, 미래 지향적 디자인 ‘i8 출시!’",http://www.newsway.co.kr/view.php?tp=1&ud=2015032614140720853
462,BMW i8 품고 기술력 '완충'…삼성SDI 車배터리 글로벌 질주,http://www.asiatoday.co.kr/view.php?key=20150326010016437
463,미래서 온 PHEV 스포츠카 ‘BMW i8’ 살펴보니…“벌써 100대 사전계약 주문”,http://sports.khan.co.kr/news/sk_index.html?cat=view&art_id=201503261250163&sec_id=563002&pt=nv
464,"BMW, PHEV 스포츠카 i8 출시",http://www.fnnews.com/news/201503261713072200
465,"수입차 거침없는 질주, 신차로 가속페달 밟는다...BMW i8, 벤츠 C63 AMG, 아우디 A1, 폭스바겐 골프R, 볼보 크로스컨트리, 지프 SUV 레니게이드...현대 올 뉴 투싼등 맞불",http://www.newsinside.kr/news/articleView.html?idxno=305755
466,"BMW코리아, i8로 PHEV 시장 연다…보조금은?",http://autotimes.hankyung.com/apps/news.sub_view?popup=0&nid=03&c1=03&c2=03&c3=00&nkey=201503091149241
467,전기차 BMW i8 국내상륙에 관심이 쏠리는 이유?,http://biz.heraldcorp.com/view.php?ud=20150218000011
468,"전기차 BMW i8에 쏠리는 관심, 미래카를 엿보다",http://biz.heraldcorp.com/view.php?ud=20150216000312
469,"미래서 온 'BMW i8' 올해 국내 출시된다, 일단 185대만 팔릴 예정",http://www.kbench.com/?q=node/146202
470,"전기차 BMWi8에 쏠리는 관심, 미래카를 엿보다",http://biz.heraldcorp.com/view.php?ud=20150216000293
471,"미래서 온 'BMW i8' 올해 국내 출시된다, 일단 185대만 팔릴 예정",http://www.kbench.com/?q=node/146202
472,"BMW i8, 자동차전문기자협회 선정 ‘올해의 디자인’ 수상",http://news.kukinews.com/article/view.asp?arcid=0010225827&code=41172011&cp=nv
473,BMW ‘i8’ 한국자동차전문기자협회 선정 ‘올해의 디자인’상 수상,http://www.newsway.co.kr/view.php?tp=1&ud=2016010518121219472
474,BMW 이끌 i8·뉴미니 JCW는 어떤 차?,http://www.zdnet.co.kr/ArticleView.asp?artice_id=20150205151643
475,"롯데호텔제주, ‘BMW i8 X 풀 빌라 스위트 패키지 내놔",http://www.newspim.com/news/view/20160613000067
476,"[서울모터쇼] 톰크루즈의 차, 'BMW i8'",http://www.metroseoul.co.kr/news/newsview?newscd=2015040300153
477,"아프리카 시상식 로이조, 애마가 2억여원 BMWi8...수입이 얼마나 되길래",https://news.naver.com/main/read.naver?mode=LSD&mid=sec&sid1=106&oid=011&aid=0002779424
478,BMW i8 프로토닉 레드 한정판,http://www.iusm.co.kr/news/articleView.html?idxno=705122
479,BMW i3ㆍi8 `80년대 복고컬러` 눈길,http://www.gpkorea.com/bbs/board.php?bo_table=today_photo&wr_id=1938
480,BMW i8 프로토닉 레드 한정판,http://www.iusm.co.kr/news/articleView.html?idxno=705121
481,BMW i3ㆍi8 `80년대 복고컬러` 눈길,http://www.gpkorea.com/bbs/board.php?bo_table=today_photo&wr_id=1938
482,"BMW, 한정판 'i8 프로토닉 레드 에디션' 한국 출시",http://www.naeil.com/news_view/?id_art=220646
483,"BMW코리아, 'i8 프로토닉 레드' 출시…10대 한정판매 '1억9680만원'",http://biz.newdaily.co.kr/news/article.html?no=10121030
484,"47.6km/ℓ, 슈퍼 스포츠카 BMW i8 “국내 중고차 시장에..”",http://car.donga.com/3/all/20150108/68968683/2
485,"M4 쿠페와 BMW i8의 트랙 배틀, 솔직히 M4 쿠페의 적수는 아냐",http://www.kbench.com/?q=node/144901
486,"BMW, 내년 i8 비롯한 다양한 신차로 국내 시장 공략",http://car.donga.com/3/all/20141226/68776589/1
487,"[남태화의 GOCAR] BMW i8, 탑 기어 ‘2014 올해의 차’ 수상",http://news.mk.co.kr/news_forward.php?domain=news&no=1507113&year=2014
488,"독일 '빅3' 잇따라 신차 발표, 아우디 'S3'· 벤츠 '뉴CLS'· BMW 'i8' 앞세워 국내시장 침공",http://www.newsinside.kr/news/articleView.html?idxno=285328
489,"BMW i8, CJ 슈퍼레이스 세이프티카로 등장",http://www.ajunews.com/view/20150719125112077
490,"M4 쿠페와 BMW i8의 트랙 배틀, 솔직히 M4 쿠페의 적수는 아냐",http://www.kbench.com/?q=node/144901
491,"BMW코리아, 'i8 프로토닉 레드 에디션' 10대 한정판매",http://news1.kr/articles/?2857755
492,"BMW, 내년 i8 비롯한 다양한 신차로 국내 시장 공략",http://car.donga.com/3/all/20141226/68776589/1
493,"[남태화의 GOCAR] BMW i8, 탑 기어 ‘2014 올해의 차’ 수상",http://news.mk.co.kr/news_forward.php?domain=news&no=1507113&year=2014
494,"독일 '빅3' 잇따라 신차 발표, 아우디 'S3'· 벤츠 '뉴CLS'· BMW 'i8' 앞세워 국내시장 침공",http://www.newsinside.kr/news/articleView.html?idxno=285328
495,"BMW i8, CJ 슈퍼레이스 세이프티카로 등장",http://www.ajunews.com/view/20150719125112077
496,"[시승]미래형 친환경 스포츠카, BMW i8 PHEV",http://autotimes.hankyung.com/apps/news.sub_view?popup=0&nid=08&c1=08&c2=08&c3=00&nkey=201411302338181
497,"BMW `i8` 최초 시승 ""이것이 미래의 차""",http://www.etnews.com/20141130001305
498,"도끼, BMW i8 인증샷 눈길 '어마어마하네!'",http://www.rpm9.com/news/article.html?id=20150702090091
499,"BMW 'i8', 'LF쏘나타' 플러그인하이브리드 내년 시장 돌풍 일으키나?",http://www.asiatoday.co.kr/view.php?key=20141111010006731
