,comments,likes
0,GT 타고 있는데 정말 넓고 좋습니다!,2
1,5gt 차주입니다.영상 잘봤습니다~!,2
2,5gt 도 좋치만  깜직 발랄 예쁘고 귀여우시고 말도 잘하고! 실물이 더 예쁘실듯! 수고 하세요 ~,3
3,우와 너무 좋은 차네요,2
4,ㅎㅎ그전엔 520d가 그렇게 좋다고 하더만!!그렇다구요..!!,2
5,lf소나타가더넓어요.한번비교해보세요.,2
6,13:16 제대로 된 카메라 시야. 차 보여주는 방송에선 차 위주로 보여주는 게 맞음,2
7,좋은정보네요,2
8,우 왕   고생하셨습니다  추운데 감기 조심하세요      ,3
9,Gt 오너인데 이런 접근도 재밋네요 ^^ .. suv 타다 gt 타는데  쥐티도 좁아요^^;;;,1
10,짱 좋타  괸찬네요  좋아요 추운데감기조심하세요,2
11,에어서스 아니구 에어스프링 입니다 후륜만..교체비용 저렴하구요.,2
12,GT는  차량가격이얼마예요?,2
13,5gt 구매 한다면  가솔린으로  추천합니다,3
14,통풍시트 얘기하려다가 마는.. 아쉬움 ㅋㅋㅋ,1
15,gt 가격 얼만가요??,2
16,5gt 에어스프링 한짝 인터넷 oem제품 8만원정도 뜨네요,1
17,GT차주로서장점: 넓다. 엉덩이가 예쁘다. 단점: 무겁다. 뒤쪽하바가 가끔씩 주저앉는다,1
18,gt 팔렸나요?,2
19,가격이얼마입니까?,3
20,,2
21,신형 gt가 7시리즈 플랫폼 기반이 아닌가요? 구형은 5시리즈 기반이 아닌가요?,2
22,판매완료 된 차량입니다 ^^,1
23,차 리뷰하실때 데루등같은 단어보단 후미등같은 용어를 사용하시는게 더 멋져보일거 같습니다~,1
24,차량 트렁크 혹시 구매어디서 한지 알수있을까요?,1
25,3gt 예정인데 잘봤습니다 감사합니다 ^^,3
26,"3gt,  5gt 모두 멋잇고 좋은차... 카저씨.. 보다보면 웃음이 절로 나오네요..ㅎㅎㅎ",1
27,5gt관심있는데요... 몇년식부터 봐야할까요? 페리나옵션이나,2
28,목소리톤이나 리뷰하시는게 너무 편하네요 구독합니다 ^^  3GT 너무 취향저격이네요 ㅠ,2
29,요소수는 몇년식부터 들어갈까요?,4
30,카저씨님은 참 해박하신거 같아요..~ 다방면으로 재주가 많으실듯 합니다..~,4
31,GT 좋죠~ 근데 전 디자인은 안끌리더라구요 ㅋㅋ 날추운데 고생하셨어요 카저씨님!! ㅎㅎ,3
32,5gt 리뷰가 마렵습니다,4
33,나름 재미있는 3GT네요ㅎㅎㅎ 5GT도 올려주세요~,2
34,"다음에 5gt도 업로드할 예정입니다..날씨가 추워서 야외촬영에 단점이 많네요 ㅠㅠ날씨 풀리는대로 자주 업로드 하겠습니다.15:40 쯤에서 lci(페리) 언급을 하는데 터치네비라던지 차선이탈부분이편집과정에서 빠졌네요 페리 되면서 차선이탈 적용 18년부터 터치네비 적용등약간씩 달라지며, 추후에 lcd계기판 추가 및 m스포츠 프리미엄이나 프리미엄이추가 되면서 또 옵션이 약간씩 변경 됩니다... 참고하시면 되겠습니다. 조금있으면 중고차에 대한 기가막히고 코가막히는 영상 업로드 예정입니다.^^",3
35,올뉴 말리부 터보 2.0구매자 입니다 너무 잘타고 다녀요~ 친잘하시고 아주 맘에들어요 ㅋ,16
36,"이런분만 딜러분들이 계시면 이쪽도 인정 받고, 대접 받는 직종이...영상 잘보고 있습니다!!",6
37,이 영상이 100% 진실이라면 차 살땐 무조건 카클릭에서 사야겠네요.!,3
38,그날  정말  고생  많이  하셨습니다.  새해  봇많이  받으세요~~,3
39,골프치는사람으로써 골프장에 생각보다 gt차량 많이 보이고 주변에도 타는거보니 트렁크가 너무 매력입니다!,4
40,10년된차가 외관이 ㄷㄷ아주깨끗하네 신형이라해도믿겟음,3
41,연식 감안하고 1인소유가 아닌 차라면 2천 밑으로 가능.. 중고 특성상 관리상태는 알수없고..복불복. 5gt 차는 좋다.,12
42,수리비용은 김팀장님께서 모두 부담하시는 건가요? 저정도면 수입차 중고로도 매입할 만 할 것 같습니다.^^,5
43,"이정도 수리 해주는정도면 믿고 구매할 가치가 되네요 다른 딜러들은 원래 이정도엔 새요 라고 하지 수리는 절대 안해주는곳도 많음 오로지 구매자의 몫으로만 돌림.배터리, 라이닝, 타이어!!!!!!! 만약 여기까지 김팀장님이 책임 진거라면 닥치고 사야되는건 맞음!!!저도 구매자욕심헤 c클팔고 2000(모든부대비용포함) 제네시스DH 모델보고있는데..현실앞에 좌절...2000 만에 모든비용포함하니;;; 이건 차가 차가 아닌것만 소개해줘서 조용히 버스타고 다님;;",2
44,5 GT 가 1000 만원대 매물이 있긴 있군요...,2
45,bmw 8만정도면 잔고장 오지게날때인데.. 그냥타지말고 200~400만원정도 들여서 교체할껀 다교체하고 수리할껀다하고 타는게 정신건강에 좋음.. 수리다해도 잔고장 열나게날텐데.. 그래도 그렇게하면 큰고장은 안나서 탈만할꺼임,5
46,이렇게 확인하는 과정에서 문제가 발생하면 고객이 수리비 부담하나요 카클릭에서 부담하나요? 궁금합니다,2
47,와 상세내역 뽑으면 그외정비내역쭉나올듯싼데 진짜,3
48,아무리 열심히 일해도 의심하는 사람 많아서 속상한 직업이네 어쩔수 없지만서도 승프겠네요,12
49,와 돈들어갈부분 다갈아주네요추가금 안받는다면 좋네요.배터리 타이어 오일류는 웬만하면 무조건 갈아야되는부분인데타이어는 더쓸수있는상태면 굳이 안갈아도 되지만 앞뒤중 마모심한데는 안전상 무조건 갈아야됨문제는 오일새는거랑 유류비 수리비 보험료같은거일듯 10만키로 초반이면 괜찮은차인데 이건 몇키로나 뛴건지 모르겠지만 독일차는 10만키정도뛰어도 엔진상태는 짱짱하드라구요,6
50,정비도 차값에 다들어 갔나요?아니면 사용자 부담입니까?,3
51,라디서포트만 갈았다는 차가 앞유리를 왜 갈았으며 본넷 단차는 왜 안맞으며 휠은 왜 도색됐고 본넷 여니 기름 튄 자국들에 안그래도 유지관리 나쁜 헬54 난 좀 공포스럽네요 ㅋㅋㅋㅋ,8
52,와 싸고 좋내여,3
53,시트보니 관리잘했을듯,4
54,영상속 베라크루즈 청색 정보요청합니다.딱 제가 찾던 내외관 색상이라서요..,2
55,키로수가 아마 2십만키로 아닐까요,4
56,디젤차 사면 스트레스 확정!,1
57,궁금한게잇는데여 엔카보다카클릭가격이백만원더비싼이유는멀까여,2
58,GT 괜찮은 매물 없나요?...,7
59,싸고 좋은 중고차는 없다,7
60,라지에이터 교환이면 앞쪽 충격있는사고차량입니다,2
61,수리비 많이 나오지 않을까요...,5
62,",gt구입하고싶네요 ㅜㅜ",2
63,혹시 천만원대로 k5있을까요 님?,4
64,저도 님과 거래하고 싶네요..,2
65,헐..Gt 는 1억이 넘는 가격인데,3
66,엔진커버도 안뜯어 보고 상태를 보는건가...,7
67,언더커버를 왜 열어보고 구멍으로만 하다닝ㄷㄷ,2
68,엥? 저차가 천만원데라구요??이천만원은 다 넘던데 모지?!??,4
69,카클릭 보니 죄다 딜러이름이 김성찬인데.해위매물인가요?,5
70,시작부터 대놓고 단차 안맞음 ㅋㅋㅋㅋㅋㅋㅋㅋ,14
71,1인 아님 절대 사면 ㅗ거됨,1
72,벨n  매물있나요,4
73,휘발유끌었는데 오일 겁네먹습니다.,4
74,,2
75,수고믾이했어요ᆢ,3
76,이거 재수없음 불나는 차량 아닌가요??,4
77,ㅋㅋㅋㅋㅋㅋㅋㅋㅋ,2
78,BMW가 장점 ㅎㅎ 솔직리뷰 좋습니다~!,4
79,차가 상당히 이쁘네요!! 역시 BMW인가봐요~~,6
80,고장률 만 적다면 괜찮은 차 이겠네여.연비가 좋겠네여.,3
81,사촌형분이 자세하게 알려주셔서 너무 좋네요ㅋㅋㅋ BMW 사고싶어요~~,3
82,BMW 2020년식 3GT차주입니다. 너무 만족하고 있구요ㅎ 최근 것은 차문도 자동으로 열리고 약간 더좋아졌습니다ㅎㅎ 강추합니다,5
83,마지막 말이 와닿네요 3gt타고 있는데 너무 만족해서 6gt기변병 왔습니다 젠장,2
84,실제 실내 사이즈가 국산 중형 정도 될까요??,3
85,뒷좌석에 앉아보고. 트렁크도 좀더 보야주시지. 공간때문에 사는 차라서요..,2
86,두 분의 케미 잘 보고 있습니다. 세단과 SUV의 절묘한 조화를 한 번에 누릴 수 있는 BMW 6GT인 듯 합니다. 시승 한 번 해보고 싶네요!~,1
87,[구독중] 이전 5GT 보다 훨씬 후방 디자인이 날씬하고 군더더기 없어서 좋아요 ㅎㅎ이전 모델의 경우 전면만 제외하면 측면 후면이 웨건도 아니고 suv 도 아닌게 좀 둔해보였는데 이번 6GT 는 정말 깔끔한 것 같아서 전면 측면 디자인보다 계속 뒷모습에 머무네요 :)그리고 열렸을때 보이는 공간과 열린후 가장자리 마감이나 바닥이 단단해보이고 깔끔해서 박기돈 편집장님이 들어가시고 송은기자님이 웃는 중에도 계속 뒷 공간에 시선이 머물러서 푹 빠져있었습니다 ㅎㅎ7시리즈의 플랫폼에 높이를 높여서 더 공간을 확보한게 시승 시작하자마자 잡히는 전면 카메라에서 느껴지는게 너무 기대됩니다 :)2부에서 소개될 더 많은 주행감각을 기대하며...기승전6만구독돌파 축하드리며 항상 응원하는 구독자 되겠습니다 ㅎㅎ10만 구독자 가즈아~ :),1
88,"[구독중] 와~ 소소하지만 정말 유용한 기능들이 많네요~ 정말 신기술도 많이 들어갔지만, 뒷좌석 전동시트부터 원터치로 보닛을 열수 있는 럭셔리 하지만 소소한 기능까지..놀랍습니다.유려하고 날렵한 C 필러 디자인이 정말 압권입니다. 정말 엘레강스한~ 모델이네요!군더더기 없고, 딱 맞는 슈트 같은 실내 디자인은 봐도 봐도 질리지 않고 오랫동안 새 차처럼 느껴질 것 같네요~실제로 드라이빙을 해보진 않지만, 김송은 기자님이 이것저것 알려주시고 박기돈 편집장님이 친절하게 부연 설명을 해주시니..'아~이런 느낌이겠지~?'라는 생각을 하게 되네요 이제 1부 지만 2부도 기대됩니다!",3
89,[구독중]진짜 suv의 실용성과 세단의 낮고 안락함을 다 갖춘차네요 무엇보다 gt가 한단계 위에 플랫폼을 가지고 왔다는걸 첨 알았어요 항상 gt볼때마다 같은 플랫폼인데 커보인다는 느낌이 디자인이 달라서 그렇다 생각했는데 뼈대자체가 틀린 거였다니 하나 배우고 갑니다,1
90,[구독중]  가격이 좀 현실적이지 않지만 가성비 측면에서 봤을때 정말 잘나온거 같습니다  디자인도 정말 딱 남자! 느낌나네요~~  크롬도 적절히 많이 쓰여서 더 고급진 느낌이듭니다.  두분의 캐미도 갈수록 더 좋아지고 있어서 재밌게 잘보고 있네요,1
91,[구독중] 이번 리뷰는 6GT군요! 가장 먼저 6을 달고 있어서 기대를 안했는데 7시리즈 플랫폼을 공유한다고 하니 의외네요! 전면부 디자인은 뭔가 7시리즈가 많이 생각나는 디자인인 것 같습니다. 기존 5GT는 너무 뒤가 딱 짤려있어서 별로였는데 이번에는 조금 더 이뻐졌네요. 실내는 역시 7시리즈 플랫폼을 공유하고 높이가 높아서 아~주 넓네요! 트렁크도 뒷유리까지 시원하게 열리니 짐 넣기가 좋을 것 같습니다. 휠베이스도 길고 높이가 높아서 와인딩로드에서 불안하지 않을까 싶었는데 전혀 뒤뚱거리지 않고 나름 날렵한 운동성능을 보여주는 것이 역시 BMW 차 답습니다! 개인적으로 730d 보다는 6GT가 더 마음에 드네요! 이번 리뷰도 감사히 잘봤습니다!,1
92,[구독중]6시리즈인데 7시리즈의 프레임이 적용되어 크고 웅장하며 고급스러운느낌을 받을 수 있어서 좋은것같다가격을 생각하면 조금 ... 그렇지만 7시리즈의 공간감과 고급감을 느낄수 있다는점은 만족스럽다,1
93,"[구독중] 우선 구독자 6만명 돌파를 축하드립니다.박기돈 편집장님과 김송은 기자님의 케미가 점점 더 살아나는 것 같아 구독자로서 기분 좋고, 함께 영상 만드시는 분들도 노고가 크십니다. ^^저는 아이 둘의 아빠인 '3gt' 오너인데 'BMW'에서 'gt'는 특별한 포지션을 차지하고 있지요.사실 '아빠차'라는 별명에서 볼 수 있다시피 본인의 만족과 가족을 위한 포지션 사이의 애매한(?) 지점에 있는데 오너들은 다들 대만족하는 것을 보면애매한 지점이 아닌 정확한 타겟팅으로 구매층을 만들어냈다고 생각합니다.이번 '6gt'는 기존 '5gt'(프로모션 감안하면 체감폭이 상승)보다 가격이 꽤 올라 해 출시 초기에는 부정적인 반응도 많았지만,크게 개선된 디자인('3gt'에만 있던 스포일러, 보다 날렵해진 디자인 등 + 새로 적용된 신기술과 사용자 편의성 등)으로 관심들이 많은 것 같습니다.리뷰에서도 잘 표현해주셨지만 주행질감이야 'BMW'이니 말할 것도 없고, 아무래도 주된 타겟층에 맞추다보니 승차감도 좋게 잘 나온것 같습니다.종합하자면 적당히 펀-드라이빙을 즐기면서 가족과 함께 안락하게 여행도 다닐 수 있는 'gt'의 매력이 잘 드러난 것 같네요.나와 가족 모두 만족할 수 있는 차를 찾는 구독자들은 '6gt'에 관심을 가져보셔도 좋겠습니다. 시승 추천합니다! ^^",1
94,담에는 무조건 6gt 로 갑니다.. 차가 보면 볼수록 실용적이기도 하면서 편안한 느낌도 들고 무엇보다 엄청 조용한것 같네요,1
95,[구독중] 차량교체 고려하며 suv 알아보고 있었는데 6gt가 있었네요.. 전세대랑 비교시 외관의 변화가 매우 눈에띄는군요! 하루빨리 시승하고싶네요ㅋ 언제나 시청자입장에서 알기쉽게 상세히 리뷰해주셔서 감사해요~~ 더하여 내일 드디어 양평 펠리시아 카페 방문합니다. 소나무 구경할 생각에 매우 기대됩니다^^,1
96,"[구독중]5GT때부터 사고 싶은차였는데, 6GT로 업그레이드 되면서 더 좋아진것 같은데, 가격이 문제네요. GT 탄생 배경 동영상을 보고 BMW가 SUV와 세단, 해치백의 장점을 두루 갖춘차로 고민많이 했다는 느낌을 가졌었는데, 여유가 된다면 사고 싶은차입니다. 6주년 축하드리요^^",1
97,[구독중] 송은기자님에 표현방법 정말 좋네요!이해도 잘 되고 호기심이 생기네요. 편집장님에 도움말이 객관성을 보충해주셨어 더 좋은것 같네요.차량 설명이나 비교해주실때 비교사진 좀 같이 올려주시면 좋을것 같습니다.특히 라인별로 차이점 같은 사항이나 차 이름 말씀해두실때 비슷한 이름이 많아서 헷갈리는 경우가 많습니다.,4
98,[구독중] 5GT는 실용성은 몰라도 디자인은 정말 취향이 아니었습니다. 후속모델인 6GT는 훨씬 균형잡인 모습이네요. 다만 가격도 많이 올라 부담스럽네요. 예전처럼 조금 더 접근성이 좋은 가격으로 돌아와 주었으면 좋겠습니다.,1
99,스포츠모드로 변경시 가변댐퍼는 아니지만 기본적으로 서스펜션의 감쇄력이 좀 더 단단해지는 것이 맞나요? 아니면 핸들이 무거워짐에 따라 운전자가 그렇게 느끼는 것인가요? 다른 시승기에선 주행모드변화에 따른 감쇄력 변경이 없다고 해서 여쭤봅니다.ㅎㅎ,1
100,[ 구독중 ] 6GT 파나메라와 같이 아직 꿈의 드림 패밀리카네요. 내외부 디자인이며 성능 트렁크공간 딱 원하는 스타일인데 가격대가 많이 올라가서...요즘 모터리언이 점점 영상 퀄리티가 좋아지네요 마지막 구호도 아직 어색하지만 점점 적응되겠죠! 재밌게 잘 봤습니다~!,1
101,전체구독맨~~  입니다 gt 시리즈 의 맹점은 넓은 공간 풍푸한 실내 인테리어 인듯 합니다. 항상 느끼는 거지만 외관보다 내장제 의 모습들이 많이 와닿는듯 합니다. 5라고 불렀는데 7처럼 느껴진다 라는 것과 의견에 강한 공감이 느껴집니다 ~~부드럽고 담백하다 라는 것도 또하나의 감성표현 이네요 ~~~,1
102,"[구독중] 차를 1~2년 탈거면 몰라도 오래 운전할 사람은 이 시승기만으로 판단하지 않을거같아요. 겉은 화려하게 꾸밀 수 있지만 보이지 않는 곳까지 얼마나 신경썼느냐가 중요하기 때문이죠. 그런면에서 타매체의 경우 하체를 올려서 기존 모델과 얼마나 달라졌는지 비교하니 좋더라구요. 방청, 녹, 소재, 구조 등등. 이런 부분을 보완하면 더 좋을거같습니다.",5
103,[구독중] 5GT에서 6GT로 한단계 올라가며 바디 프레임을 7시리즈 바디를 적용한것이 가장 큰 변화인것 같습니다. 제가 듣기로는 5시리즈 가장 비싼 모델과 가격 차이가 많이나지 않는다고 들었던것 같습니다. 가격 차이가 많이 나지않는다면 5시리즈와 비슷한 가격으로 7시리즈의 바디를 가진점이 가장 큰 매력인것 같습니다. 디자인은 bmw의 신형 모습을 잘 적용한것 같습니다.,1
104,"모터리언은 미디어로서의 신뢰감과 진중함을 가지는 유일한 매제인듯~~. 날 탱이로 장난하듯 리뷰하는 매제가 대부분인 요즘유튜브에, 늘 일관성있는 믿음을 주는 매체. 마지막으로 꼭 정리해주는 박기돈 편집장의 분석이 화룡점정이지요~~",1
105,와우~~~범접할 수 없는 위엄이 풍기는군요~~~,3
106,확실히 가정이 있는 남자에게는 참 가성비가 좋은차. 공간도 좋고 SUV가 주는 불안함이 없어서 개인적으로는 좋은것 같습니다.,1
107,자동차의 라인과 사람의 머리결 라인은 매혹적이다. 배기량 높은 설명 짱~,1
108,[구독중]항상 좋은 시승기 감사합니다. 기존 5gt 가솔린 오너인데 신형이 정말 잘 나온거 같습니다. 리뷰중에 3gt가 5시리즈 베이스라고 하셨는데 아마 중국형 3시리즈 롱휠베이스가 베이스일겁니다. 5gt와 6gt는 7시리즈 베이스가 맞구요. 리뷰를 보고 드는 생각이 7시리즈 이상의 크기와 공간을 주었지만 6이라는 네이밍으로 인해 급 차이를 비엠측에서 뒀다고 보네요. 7에서 보이는 유광크롬 재질의 스위치류를 배제한것과 윈도우스위치 부분의 마감소재가 따로 놀고 있는게 그 증거라고 보이네요. 비엠측에 한가지 바라는점이 있다면 어차피 이런 그랜드투어러 차를 만들었다면 엠팩은 그 자체로 스포티하게 만들고 럭셔리 라인은 말 그대로 럭셔리하게 스피커부터 b&w 넣어줬으면 합니다. 그리고 스탠다드 서스펜션이 전륜 더블위시본에 후륜 멀티링크 에어스프링으로 알고 있는데요. 이것도 승차감이 좋긴 하지만 해외 출시 모델들은 에어서스를 전후륜 다 장착할 수 있어서 승차감을 더 극대화 해주는데 국내사양은 그런 옵션은 선택조차 불가하니 아쉬운 부분입니다. 롤억제를 해주는 역할을 하면서 이그제큐티브 드라이브라는 명칭까지 있는데 말이죠.어찌됐든 항상 감사한 마음으로 시승기 보면서 2부도 기대하겠습니다^^,1
109,"[구독중]객관적인 지표라 할 수 있는 실내 소음 측정이 있었으면 합니다공회전, 80km/h, 120km/h가솔린과 경유의 소음 비교를 알고 싶네요",1
110,[구독중] 6gt  곧 계약예정인 차라서 관심이많았습니다. 신형차라서 그런지 아직 국내리뷰영상이 많이 없는편인데 모터리언에서 저의 갈증을 해소해주시네요 ㅋㅋ 직접 전시장에가서 두번의 시승을 했지만 전문가가 아닌 저로써는 자동차의 모든부분을 섬세하게 캐치할수 없는부분인데 항상 모터리언의리뷰는 이해도 쉽고 정확한정보전달로 도움이 많이 되는것 같습니다. 첫 영상을 봤을때가 생각이 나네요. 송은기자님 자동차제원설명에서 긴장한말투 얼굴로 보는 제가 다 조마조마했었는데 ㅋㅋㅋㅋ이젠정말 짬?이 차서인지 진행도 매끄럽고 중간중간 애드립도 재미있습니다.  두분의 캐미가 저는 좋네요 ㅎㅎㅎ기회가 온다면 영상에서 박기돈편집장님이 말씀하신 행사자리에도 꼭 참석해보고싶습니다 ㅎㅎ모터리언 사랑합니다♡,1
111,'두꺼운 문을 두드리는 느낌'이란 김송은기자님의 표현이 확! 와닿네요.Good!,2
112,"[구독중]현 3GT 오너입니다 ^^  작년에 구매하였는데 5GT는 단종, 6GT는 아직 미출시.. 아직 싱글이고 캠핑낚시 좋아하는사람이라트렁크가 큰 3GT로 선택하였는데요. 이번에 3GT대란도 있었는데 인기가 없는지 국내에 3GT 리뷰는 없더라구요..모터리언에서 3GT리뷰 한번 해주심 좋겠어요 ㅎㅎ 다음차는 무조건 6GT로 갑니다!!구독자 6만명 축하드려요^^",1
113,[구독중] 김송은기자의 필터링 없는 시승느낌이 베테랑 기자들보다 뭔가 믿음직스럽네요  김송은 기자 보러 양평 가즈아~!!!,2
114,신차 발표회 이후에 시승기가 안올라와서 엄청 기다렸습니다김 기자님 표현도 점점 다양해지고 좀 더 여성의 시각에서 느끼는 점을 잘 전해주려 노력하시는게 느껴집니다더불어 운전할 때 점점 여유가 느껴지는게 보여서 재밌네요ㅋㅋ편집장님과 김 기자님 구분 두 분이 시승한 전해주시니 더 시승기가 풍부하게 다가옵니다기회 되시면 640i의 시승기가 알려주세요ㅎㅎ너무 궁금합니다,1
115,이장님과 송기자님의 케미가 ^^  자연스러워서 좋아요.  돼지티라고 불리던 5GT 가 참 예뻐졌어요~,1
116,"[구독중]BMW 6GT 이제야 리뷰를 보내요출시한지 한참 지났는데 리뷰가 잘 보이지 않아서 문의 드릴 참이 었는데 ^^구매 대상에 있는 차량이었는데 잘봤습니다.역시 공간활용 및 럭셔리 옵션이 독보이는 차량입니다.^^박 편집장님, 송 기자님 앞으로 계속 잘 부탁드립니다.화이팅",1
117,오늘의 킬링포인트 15:06미끄럼틀 타세욬 ㅋㅋㅋㅋㅋ송은기자 매력터지심,2
118,이장님 이발 했네요..  이장님 스타일에 딱 맞는 6GT 이런 차는 하체를 봐야 하는데 .. 부탁 드려요 이장님 !,1
119,이장님 혹시 기회가 되신다면 시청자와 함께 차를 한번 시승하게 해주시는 이벤트도 해주셨으면 하네요 말만 들어서는 그런가보다 하는데 진짜 시승해보면 재미가 배가 될거 같습니다..,1
120,[구독중]시작할때의 편집 영상이 쏙 맘에 드네요.역동적인 차의 컨셉에 맞게 다이나믹한 BGM과 편집으로 시작부터 기분좋게 시청했네요.,1
121,BMW가 아름다운 작품을 내놓았네요~~,2
122,gt는 정말로 뒷부분이 되게 이쁜 것 같내요 봐도봐도 보고 싶은 차,2
123,(구독중) 모터리언 항상 잘 보고 있습니다 앞으로도 좋은 영상 부탁드리고 김송은 기자님 박기돈 편집장님더 앞으로도 힘내시고 너무 알아듣기 쉽고 재밌게 보고 있습니다. 김송은 기자님 박기돈 편집장님 앞으로도 힘내시고 앞으로 좋은 영상 부탁드립니다 모터리언 파이팅!!!,1
124,"(구독중)3GT 관심있게 보고 있었는데 이 영상보니 6GT가 더 땡기는데요,, 2부가 기다려져요^^",1
125,(구독중) 잘보고 있습니다 항상 차분하고 편안한 진행 좋아요,1
126,[구독중]이거 진짜 제 현실적 드림카. 얼른 20모델이 나오길 바래봅니다.,3
127,개인적으로 박기돈 편집장님은 어떤차을 소유 하고 계신지 궁굼합니다.,1
128,5GT  참 좋게 타고 있는데 가격이 너무 올라  아쉽네요..이미 기능은 충분하니  네비나 업 잘해주었으면,2
129,"[구독중]모터리언은 2가지 관점이 존재해서 참 좋네요 일반 여성 운전자 혹은 일반 남자 운전자 시선에서의 차량에 대한 느낌좀 더 차에 대해 많이 알고, 운전을 좋아하는 운전자 시선에서의 차량에 대한 느낌 이런 2가지가 있어서 여러 시선에서 차를 선택할 수 있어 좋은 듯하네요패밀리카로 6GT탐나네요. 3GT 단종 소식이 있는거 같던데 꾸준히 나와준다며 좋겠어요",1
130,[구독중] BMW 6시리즈 그란투리스모 BMW전시장에서 봤을때 정말 고급져서  7시리즈 보는줄 알았습니다 6시리즈 그란투리스모 진짜 이쁜것 같습니다ㅎㅎ,2
131,편집장님 덕분인가? 송은기자가 예전보다 말도 부드럽고 청산유수처럼  막힘없이 잘하는거 같아요.,1
132,[구독중] . bmw 6gt 왠지 5시리즈보다 올드 하지 않을까 하면서 영상을 봤는데 세련되 보입니다 5시리즈는 뒷좌석이 좀 답답한 반면에 bmw7을 베이스로 하다보니 뒷자석도 넉넉해보이고 530GT랑 비교했을때 가격차가 그렇게 안나는거 같으니 충분히 가격경쟁에 있어서도 불리할게 없어보이네요 끝으로 영상 잘보고 있습니다.  잘 모르는 소비자 입장을 이야기 해주는 김송은 기자와 그런 박기돈 편집장님의 보완 설명이 잘 어울리는거 같습네요. 예전보다 훨씬 밝고 부드러워 보이는점이 좋습니다.,1
133,[구독중]5GT에서 6GT로 명칭을 변경하면서 신형 7시리즈 플랫폼을 사용하여 공간이 확 늘어난건 환영....세단을 선호하지만 트렁크 용량이 큰것을 원하는 분들이 구입을 하면 좋을것 같음...실내 디자인이나 편의사양  구성들은 좋은것 같습니다.  특히 시트 색상이나 스티치 그리고 포인트로 넣은 하얀색 줄무늬 너무 마음에 듭니다.요즘 BMW  승차감이 예전에 비해 너무 물렁하다고들 하는데 어떤가요?가격이 9천부터 시작을 하던데 비싼면이 있지 않나요. 뭐 차량 구잎을 할때 활인은 해주겠지만 조금 내리는 편이 구매력을 올리는데 좋다고 생각을 합니다.리뷰영상 2부 빨리 올려주세요...보고싶어요...ㅎㅎㅎ,2
134,"주행할 때 송은기자님 카메라 앵글이랑 얼굴선, 의상 너무 예쁘네요 ㅋㅋㅋㅋ 잘 어울려요 비엠 디렉터같은 느낌임 ㅋㅋ",1
135,[구독중] gt 인만큼 실내 공간과 안정성은 뛰어나 보이는데 후면라이트 디자인말고는 전체적으로 밋밋해보이네요 머플러쪽이나 측면 디자인 변경이 조금 필요해보입니다.,1
136,"[구독중] 송은기자님의 주행질감의 설명이 이론적으로는 모르겠는데 느낌적으로 무슨뜻인지 알꺼같은 느낌적인 느낌이 드네요 ㅎㅎㅎ 요즘들어 오디오성능에 관련된 리뷰가 좀 줄어든거같은 느낌은 제 기분탓이겠죠...?? ㅠㅠ오디오성능에 대한 평가는 타 어떤 자동차리뷰보다 모터리언이 가장 신뢰가 갔었는데, 그 부분을 조금 더 보강해주셨으면 하는 작은 바램입니다 ^^",1
137,[구독중]밤에 멀리서 가고있는 브레이크등을 보고 무슨차지? 하고 따라가봤더니 6gt 더라구요ㅎㅎ 브레이크등 라인이 비엠에서는 볼 수 없었던 모습이라 저는 좋게느껴졌습니다 그리고 차량 뒷면 라인의 굴곡도 실물로 보니 놀랄만큼 깊더군요ㅋㅋ 깜짝놀랐어요ㅋㅋ 정말이쁨니다ㅜㅜ,1
138,나중에 한달에 2번정도라도 라이브로 질문답 시간 갖어도 좋을것 같네요~,1
139,정말잘보고있습니다~  아들둘 아빠입니다 차를 정말좋아합니다^^  기자님들이 정말부럽습니다 여러차종들을탈수있어서~♡♡  일도시승기도같이할수있으니 부럽습니다산타페 신형을 유심히보고있지만  또 차를바꾸면  이혼당할것같습니다^^;  앞으로도 열심히보겠습니다,1
140,[구독중] 편집장님 저 엄청 열심히보고있어요 !! 영상너무 재미있고 빨리 테슬라s 90d 시승기 빨리업로드 됬으면 좋겠어요 !!,1
141,다른 bmw에 비해서 더 편안한 느낌이라고 해야하나요? 뒤도 넓어보이고 아버지 사드리면 좋아하실것같아요!,1
142,송은기자님 이제 달리기도 잘하시네요. 역시 최고 여성리뷰어 십니다. ㅎㅎㅎ박기돈기자님께서 잘키우신듯 ㅋㅋ,1
143,(구독중)모터리언을 항상 즐거 보는 시청자입니다 BMW를 살 순 없지만 모터리언 시승기를 보면서 BMW를 타는 생각을 항상 합니다 언젠가 나이가 들어 여유가 된다면 BMW를 사서 전국 여행을 다니고 싶네요 모터리언도 로고 스티커가 있으면 보내 주시면 고맙겠습니다,1
144,[구독중] 오래전에 랜드로버 열쇠고리 이벤트에 당첨된적 있었습니다. 한동안 잘사용했고 지금도 보관하고 있습니다.5GT때부터 타고싶었던 차여서 시승기가 반갑네요.,1
145,"[구독중]  BMW 630d xDrive 관심 많았는데 잘되었네요. 일단 보고 다시 댓글 달께요.^^ 송기자님 화이팅!!저 스타일은 한국에서는 실패임. 현대에서도 많이 내 놓았지만 전부 실패하고 지금도 그리 판매량이 높지 않음. 뭐 BMW는 다르겠지만 가격대비 그냥 일반 세단 살듯 아님 X6이나 X5 시리즈 구매하는게,,,,,,",1
146,[구독중]역시 모터리언 리뷰입니다 bmw정말 좋아졌내요 언젠간 사고 싶은 드림카 ㅠㅠ 애독자입니다 번창하시길...,1
147,6만돌파 축하드립니다 ㅋ언제나 잘볼께요^^감사합니당,1
148,구독중.항상 멋진 기사 감사드립니다;^,1
149,항상 잘 보고 있습니다~ 고마워요,2
150,"[이벤트 종료]그 동안 모터리언 채널을 아끼고 지켜봐주신 모든 구독자분들 덕분에 모터리언은 꾸준히 성장할 수 있었고, 이벤트 시작 후 구독자 6만명을 돌파했습니다. 이에 작은 감사의 선물을 준비했으니 많은 참여 부탁드립니다. - 선물 1 : 매빅 에어 (단품, 제세 공과금 당첨자 부담) 1명- 선물 2 : 기프티콘 2만원 권 (10명) * 선물은 협찬 받은 것이 아닙니다. 직접 구입하여 보내드립니다.- 참여 방법 : 모터리언 유튜브 채널을 구독해 주시고, [구독중]이라는 말머리와 함께 '영상에서 소개한 모델에 대한 소감'을 댓글로 달아 주시면 됩니다. (기존 및 신규 구독자 동일)- 선정 방법 1 : 매빅 에어를 받으실 분은 이벤트 기간 동안 가장 정성어린 댓글을 달아 주신 분으로 선정하겠습니다. (시승한 차에 대한 진솔한 소감 부탁드립니다. 길이는 중요하지 않습니다. 꼭 칭찬이 아니어도 됩니다. 신형 싼타페 외에 다른 동영상에 댓글을 달아주셔도 됩니다. 소중한 댓글 부탁드립니다.)- 선정 방법 2 : 기프티콘을 받으실 10분은 추첨을 통해 선정합니다. - 기간 : 2018. 02. 21~ 03.13 - 발표 : 2018. 03. 14 - 이 영상에 댓글로 발표하겠습니다.- 수령 방법 : 발표 시 공지하는 이메일로 본인 확인과 연락처를 보내 주시면 선물을 보내드리겠습니다.",16
151,[구독중] 6GT!!! 완전 기다리던 리뷰 모터리언 감사합니다! 6만 구독자 축하드려요!!,1
152,[구독중]오~~~이장님....양평 카페에서 행사 꼭 했으면 합니다.행사하면 회사에 연차내고 무조건 갑니다....ㅎㅎㅎ전 가평에 있거든요....꼭 행사 주최해주세요...가겠습니다...,4
153,"[이벤트 당첨자 발표]추운 겨울이 지나고 벌써 완연한 봄입니다. 구독자님들 모두 행복한 봄 맞으세요. 지난 3주간 진행된 모터리언 채널 구독자 6만 명 기원 '구독 및 댓글 이벤트'에 정말 많은 분들께서 참여해 주셨습니다. 관심 가져 주시고 참여해 주신 모든 분들께 진심으로 감사 드립니다. 부족한 가운데도 그 동안 많이 응원해 주시고, 아껴 주신 것에 대해 깊이 감사드리는 마음을 담아 진행한 이벤트이지만, 매번 저희가 준비한 선물이 너무 적은 것이 정말 아쉬운 이벤트입니다. 다음에 또 다시 감사의 마음을 전할 수 있는 기회 만들어 보도록 노력하겠습니다. 그럼 궁금해 하실 선물 받으실 분들을 알려드리겠습니다. - 매빅 에어 (단품, 제세공과금 본인부담) : '박현우' 님- 기프티콘 2만원 권 : 'Jason Lee' 님, 'kyodong Choppa'님, 'of korea대힌민국'님, '조성은'님, '빼밀리쪼쭈담은서'님, '치킨히어로'님, 'LCH0228'님, '김기태'님, '류경렬'님, '장용희'님 이상 10분입니다. 축하 드립니다. 이 분들 외에도 정말 많은 분들께서 정성을 다해 댓글을 달아 주셨는데, 그 분들께 다 선물 드리지 못해서 정말 죄송합니다. 너그러운 양해 부탁 드립니다. 선물 수령 방법을 알려드리겠습니다. 당첨되신 분들은 motorianpost@naver.com 으로 본인의 이름과 닉네임, 전화번호, 선물 받으실 주소를 보내 주세요. 그리고 형식상 구독 확인을 위해 본인의 스마트 폰에서 모터리언 유튜브 채널 홈 화면을 캡쳐하신 후 그 사진을 메일에 첨부해서 보내주시면 감사하겠습니다. 혹시 이해가 잘 안 되시는 분들은 그냥 이름과 전화번호만 보내주시면 저희가 전화드려서 확인해 드리겠습니다. 메일 확인 후 선물 발송까지는 다소 시간이 걸릴 수도 있다는 점도 양해 부탁 드립니다. 다시 한 번 모터리언을 아껴주시고, 이벤트에 참여해 주신 모든 분들, 그리고 모든 구독자님들께 진심으로 감사 드립니다. 새롭게 시작하는 여러 코너들에도 더 많은 성원 부탁드립니다. 자동차와 삶을 사랑하는 사람들, 바로 당신이 모터리언입니다.",1
154,오 드디어 주행편 잘보고 갈께요,1
155,[구독중]개인적으로 6그란쿠페를 좋아했는데 단종됐다고 하니 슬프네요,1
156,정말 잘보고있어요 정말 사고 싶은 차인데 가격이 넘 비싸네요 남성들이 타고싶어하는 그런차인것 같아요 특히 가정이 있는 30 -40대가 타기에 좋을듯   날도 좋아지는데 아이들 태우고 여기저기 가고싶네요,1
157,5GT가 CLS와 A7과 경쟁하기 위해 나온 4도어 쿠페라는 설명은 잘못된 것 아닌가요? BMW에서 CLS와 A7과 경쟁하기 위해 나온 4도어 쿠페 모델은 6 시리즈 그란쿠페였으니까요....,2
158,구독중 저 630 GT 앞모습만 보면 7시리즈 인정!,1
159,"[구독중] 송은기자는 자동차전문기자가 되어서 안된다 (2탄)편집장님 시승기 너무 좋네요  편집장님 기존의 시승기보다 보다는 확실히  말씀하시는것도 부드럽고  알아듣기 좋게 약간 느리게 집중력 떨어지지않게 너무 길게도 안하시고 아주 좋습니다. (개인적인 생각입니다)송은기자님은 회를 거듭할수록 말솜씨도 좋아지시는데 너무 좋아지지마세요 ㅎ  차량제원소개할때  아직도 어색한데(저만그런가 ㅎ)  이런거 너무 매력있습니다.  시승하면서 느낀점은  능숙한 자동차기자가 나열하는 열단어보다 송기자님하는 콩콩콩 ㅎㅎ  이런거 완전 와닿네요  , 모자라는 부분은 편집장님이 어시스트해주시고  앞으로도 이런 시승기 부탁합니다.  사실 틀에박힌 시승기는 다른데서도 볼 수 있잖아요  모터리언 너무 좋아요",2
160,오토가이드 차살때 참고할께요 감사합니다 :D,1
161,우와 리어 렘프 보니 구식 벤츠 리어 렘프 생각 나네요.  울툭불툭 독특했었는데.,1
162,530d는 어댑티브서스가 적용되었지만 630d는 빠진 걸로 아는데요? 스포츠모드에서 서스느낌 바뀐다는건?,1
163,3시리즈 GT는 중국형 3시리즈 롱휠베이스 모델을 기반으로 만들어졌다고 하는데 확인 부탁드립니다~~^^,1
164,양평에서 두분 한번 꼭 뵙고 싶네요.아내 몰래 휴가내서라도 가겠습니다.ㅋㅋ,1
165,안개등과 헤드램프의 불일치하는 디자인 깨진 유리 조각을 연상케하는 안개등의 디자인 정말 별루네요...조화롭지 않고 어색하게 만드네요...전체적인 디자인은 괜찮지만 아쉽네요,1
166,킬링파트 16:20,1
167,14:50 트렁크 눕는 모습 아주 인상깊습니다 ㅋㅋㅋ 그리고 둘이 뭔가 어색한 캐미 괜찮습니다. 웃김,2
168,좋은영상감사합니다,1
169,29:30 송은기자님 콩콩콩 영상하이라이트.,10
170,박기돈 은 포터에 적합할것같다,1
171,양평이라는게 개장점,1
172,잘보겠습니다우~,1
173,차 이쁘다...,3
174,"[구독중] 이번 6GT는 6시리즈가 단종이 되고 BMW가 새롭게 만든 차입니다. 저는 이제 중3되는 차에 관심이 무척이나 많은 학생입니다. 이 차는 가격대가 좀 있긴 하나 연비, 트렁크용량, 실내 크기가 동급 최대인거 같습니다. 앞모습은 5시리즈 럭셔리와 7시리즈 중간즘 되는거 같습니다. 특히 GT 시리즈에 있는 리어 스포일러는 제가 제일 좋아하는 부분이 아닐까 싶습니다. 리어테일렘프는 제가 이때껏 본 차중에 제일 아름답네요 ㅎㅎ 고급스러움과 스포티함이 잘 어우러진 세단인거 같습니다.모터리언이 제생각에는 가장 직관적이고 정확한 정보를 저에게 전달해주는거 같네요..  모터리언 영상들을 보며 많은 정보를 얻어가고 자동차에 대한 지식도 얻어갑니다~~ 감사합니다(매빅 에어 갖고 싶어용ㅜㅠ)",5
175,행사 기대하겠습니다...~~^^,1
176,5지티와 플랫폼 동일 엔진동일(약간업) 내부 5가 넓음(높아서) 1년안된 중고가가 5지티가 5000 6지티가 8000이던데... 어렵네요... 이게 고민할 부분인지...,1
177,아 이차 매일 아침 우리 아파트 주차장에서 보는차(같은동에 사시는분의 차),1
178,Bmw 640i가 좋나요 레인지로버 벨라가 좋나요? 아무리 비교해봐도 모르겟네요,1
179,3gt는 3시리즈 롱바디 플랫폼으로 알고있는데 아닌가요?,1
180,볼보 크로스컨트리가 경쟁할수있지않을까요?,1
181,송 기자님 미끄럼틀에 빵터지신건가ㄲㄱㅋ,2
182,광고 '끝까지  보기' 합시다. 모터리언에 도움이 될 듯!,3
183,가솔린 모델도 리뷰 해줘요,1
184,[구독중]2:15초 보면 김송은 기자때그래도 나온지 꽤 된거 같은데 다 초보라는 말은 빼주셨으면 해요그 옆에 사진도 되게 오래된거같고...,3
185,630d가 왜 660d로 보였을까. 괜히 들어왔네. 디젤 OUT!,1
186,여기 장소가 M7리뷰했던곳 아닌가요? 역시 예쁘시네요 송은기자님 ㅎ,1
187,3gt는 3시리즈 롱바디 플랫폼이죠...?,1
188,잘볼께요,4
189,됐고~ 5gt보다 안팔리는이유.1. 궁디빵빵없어짐.2. 가격또라이짓.,1
190,미끄럼틀이라닠ㅋㅋㅋㅋㅋㅋㅋㅋㅋ,2
191,아니 이시간에 영상이 올라오다니!!!,1
192,3gt는 3시리즈 롱휠베이스로 만듭니다5시리즈 플폼아님,1
193,처음에 나오는 배경음악 먼가요? 신난다ㅎ,1
194,5GT는 실제로 보니깐 엄청 없어보이던데 그런 없어보ㅇ는 차가 5천씩이나 한다는 사실에 어이가......,1
195,물들어올때 노젓는거죠. 구독중 입니다,2
196,여기자님 다른 곳에서 드릴하시던데요 ㅋ,1
197,[구독중] 예전부터 종종보는데 남성분과 여성분의 케미가 잘 안맞는거같아요. 여성분께서 설명하려고하면 남성분께서 치고들어와 하고싶은말을 해버려서 진행이 끊기는게 이번편 뿐만아니라 많이보이네요. 여성분께선 직장상사의눈치를 많이보는 느낌도 들어서 불편해보여요. 각자의 역량은 뛰어나나 같이있으면 불편한 느낌,4
198,2부는요??? ㅋㅋㅋㅋ,1
199,8시 출근하자마자 올리셨나요?,1
200,음~~송은  AI   ㅎㅎ,1
201,송은 이뻐..,1
202,플랫폼이 무슨 뜻인가요?,1
203,하마 트렁크,1
204,말소리가 작게 녹음됬나보네;;,1
205,김송은기자 남친있을듯,3
206,송블리 ㅋㅋ,1
207,개18  뭔소린지  이분야의갑은노사장인듯!,1
208,"편집장님은 은근이 자기자랑을 많이하시는편..내가 앉은키가 크지않다고 하는 멘트며..자주모터리언 리뷰보지만 대놓고 자랑질은 안하시지만,은근히 독선적인 성향도 크고..잘난척 많이하심.그래도 아직 우리나라에서는 겸손의미덕이 보기좋습니다.",1
