,comments,likes
0,여러분 좋은 주말 보내세요~,48
1,리뷰중  우파님이  섭외를 젤 잘하시는거 같아요...  늘 응원합니다..,2
2,디자인은 진짜 잘나왔네요~,9
3,디자인 진짜 군더더기 하나없이 개깔끔 존잘이네,2
4,와 제가 원하던차 드디어 영상에 나왔네요!!! 이번에 정말 사려고 하는차입니다.기가 막힌 리뷰 감사합니다!,7
5,22년형 x6m도 디자인 살짝 변경됐는데 너무 만족하고 타고 다닙니다 최고.. 엑포도 이쁘네요;;ㄷㄷ,4
6,디자인 너무 이쁘다!!!,28
7,x3랑 같이 비교리뷰해주시면 좋을거 같아요!!ㅎㅎ,3
8,진짜 개인적으로 독3사중에 bmw를 가장 선호하지않았었는데 x4실물보고 생각이 달라졌습니다….,2
9,실제로 한 번 봤는데 페리 전 x4보다 그릴이 좀 커진게 눈에 띄고 예쁘더라구요,2
10,우파님이 소개하는 차는 다 사고 싶어져~ ㅎ,4
11,우파님 때문에 꿈에 BMW를 대리만족 하면서 봅니다^^항상 감사합니다ㅎㅎ,3
12,디자인이 참 좋네요ㅋㅋ,8
13,진짜...넘 사고싶은 차 ㅜㅜ,2
14,잊고있었는데 보증기간 끝나면 개작살이란말에 다시한번 다짐하고갑니다 ㅎ,1
15,흑 진짜 x시리즈는 봐도봐도 너무 이쁘네요 내 로망카인데 빨리 성공해서 타고싶네요!!,3
16,21년식 20i msp 작년 출고해서 타는데 왠만한 옵션은 다 있어요. 단점은 출력이고  나머지는 만족합니다.,7
17,와 카푸어해서라도 사고싶다 ㄷㄷ,1
18,진짜 로망인 차다..,1
19,Bmw 외관은 아주 미세하게 바뀌는것같아요 보면 항상,1
20,우파형 gv70과 비교영상 부탁해요. 가격 디자인 성능등.. 짐 넘 고민이라서...,1
21,비엠은 첨살때 뭐지 왜이리 안바꼈지 하지만 사고나서 좀지나면 만족감이 젤 높지않을까싶음.. 한결같고 많이 변하지않아서,15
22,1월 계약후 12월에 출고받앗네요잊고살다가 받으니 참 기분좋습니다서라운드뷰는 없고 웬만한옵션 다있습니다좋네요ㅎㅎㅎ,2
23,"전 x3 하고 볼보 xc60 두대 계약 해 놨는데, 결론은 xc60 b6 가기로 했습니다. 1년 기다려야 한다는게 젤 큰 단점이네요 ㅜㅜ",2
24,능력되믄 젤 사고싶은 차 ㅎㅎ,3
25,"와 내가 1번으로 받아서 우파형님한테 리뷰 부탁맡길려고 했는데.. 아직도 1번... 차 빨리 받고싶습니다,.",4
26,디자인 굳..,6
27,bmw x4 차 정말멋있네요 주말 잘보내세요,5
28,전 개인적으로 20.21년형 페리전이 더 이쁘네요 앞모습,6
29,진짜 사고싶은차 ㅋㅋ,4
30,혹시 이후에 옵션 변경추가되서 하만카돈이나 서라운드뷰나 원격시동이나 이런 옵션들 변경되서 출고 될 가능성이 있을까요?,2
31,에디션 모델 구입하면 서라운드뷰나 하만카돈 오디오 들어간 옵션들이 있으니까 딜러들한테 문의 한번 해보세요 ㅎ,1
32,페리전 모델도 뒷태는 ㅎㄷㄷ하게 이뻤는데 이제 앞모습까지 이뻐졌네,10
33,고등학생때 항상 슈트입고다니는 50대의 멋진 영어쌤이 파랑색 x4타고 다녔는데 참 젊어보이시고 멋졌죠 ㅎㅎ 저희가 토니스타크라고 불렀었는데 이 차는 늘 멋지네요,1
34,신형 디자인이 훨씬 더 좋네요.,2
35,올초에 페리전모델 xline이랑 비교하다가 그냥 같은 가격으로 옵션 좀 더 좋은 gv70 왔는데 그냥저냥 만족하며 탑니다. 페리전엔 서라운드뷰 있었는데 빠졌나보군요. 아무래도 저 덩치에 20i는 좀 답답한 느낌 주더라구요.,7
36,대기 1년 다되가는데.. 넘 지쳐요ㅠㅠ 근데 다른 기종은 쳐다보이지도 않아서 더 힘들어요... 휴,3
37,"X3,x4계약하려고 했는데 딜러가 대기가 답이 없다고 말했던 사고 싶어도 못사는 차잖어 ㅠㅠ",11
38,"혹시 이번 X3,X4에 48V 마일드 하이브리드 적용되나요??",1
39,대기기간 얼마나 걸리나요?,2
40,차바꿀려고 차고민했는데 영상보고 x4맘 먹었네요,1
41,코로나 풀려서 마이너스옵 없어지면 x4 꼭사야지,2
42,쿠페형 suv...진짜 예쁘죠,7
43,21년식 x5도 남친이 타는데 x4도 너무 잘나왔네용,1
44,320i는 그래도 꽤 재밌던데 4천만원대,2
45,x3은 안나오더라도 x4는 30i가 나왔어야...,4
46,역시 뒷모습이 빵빵하게 보여서 좋네요 ^^,4
47,크..x라인 예약했는데 msp도 이쁘네여,1
48,X 시리즈가...  역시 이쁘내요,1
49,x3 신형도 해주세유ㅠ,3
50,X4 사러갔다가.. 무기한 대기가 싫어X6 6개월 기다려 샀습니다.,1
51,그릴 너무 안커서 좋다 ㅋㅋㅋㅋㅋㅋㅋㅋ ㄹㅇ,3
52,i4에 대해서도 정보 주세요,1
53,참~ 넘나 예쁘네요 눈이라도 즐기고갑니다,1
54,타고싶은 차..,2
55,디자인 보면 gv70사야지 싶다가 브랜드빨 보면 그래도 bm사봐야지 하다가 옵션보면 그래도 g70이.... ㅋㅋㅋㅋ,12
56,"3인가족 패밀리카로 x3, q5, gv70, xc60, glc 중 하나를 추천한다면 뭘 추천하시겠어요??",1
57,4시리즈 그란쿠페도 해주세요ㅠㅠㅠㅠ,1
58,비엠아 비엠아 그릴 사이즈 정상이니까 얼마나 이쁘니,3
59,시트포지션이  안락해보이는데 우파씌 키가 어케되세요?,1
60,안정적인 콧구녕...감기몸살 걸려서 아무데도 못가요 ㅠㅠC 결과는 내일...,1
61,우파형 개그가 늘었네,1
62,내가 꿈구는 자동차.. 언제 한번 몰아 볼수 있을까...,1
63,X3 엠팩프로도 리뷰해주세요~,2
64,2열 등판 각도좀 조절 되게좀 했음2열 겁나 좁고 이등병자세로 타야되서 디게 불편해요^^!!,3
65,M팩이면 옵션 들어간 휠일거 아니야... 1인치만 더 키워주지 차 크기에 많이 작아보임..,1
66,X3도 리뷰해 주시면 안돼나요? ㅠㅠ,1
67,X3 30e 모델 2022 lci 시승기 부탁드립니다. ^^,1
68,잘보고가요 ~~,1
69,만족도 최고,1
70,X3는 진짜 별로인데 x4는 선녀네,1
71,우파님 콜뱃도 리뷰해주세여...!,1
72,디자인은 이쁜데 나같음 GV80갈것같아용,4
73,너무 이쁜데 문잠그는 고리 플라스틱이십년전 택시에 박혀잇는게 너무 심해요 ㅠ,2
74,저희 아버지차가 드디어 나오네요...,1
75,트렁크 사이즈 보니 1.1 우파 군ㅋㅋ,1
76,차는 정말 이뻐요. 근데 뒷자리 의자 각도가 조금 과장해서 90도 정도로 서있고 고정입니다. 뒷자리 좁고 불편해도 너무 불편해요.뒷자석 사람 태울일이 거의 없는분은 좋은차라 생각합니다.,10
77,GV70 3.5 거의 풀옵 vs BMW X3 20i M pro고민이네요,3
78,오늘의 차차 포인트 : 🥲,1
79,우파형 계속 보니까 정드네,2
80,역시 페리전이🤣,1
81,어우.요즘국산차가 너무이쁘게나오니 이차는 눈에 안들어오네,3
82,"헉 우파님... 저 어머니 바꿔드리려고 계약했는데, 서라운드뷰랑 하만카돈 들어가는거로 알고 있는데 아닌가요? ㅠㅠ msp 20i 입니다...",2
83,잘봤어요~~,1
84,올검 코디 안한 영상 보고싶네요 ㅋ,2
85,입문용으로 x4라... ㅎㅎ,1
86,계약한지 10개월 되었는데 아직도 못받았어요 ㅠㅠ 근데 누구는 10일 만에 받았데요... 이상합니다 ㅜ,3
87,너무 타고싶어요,1
88,멋찌네요~ 캐간지,1
89,좋네요...,1
90,너무이쁘구만,1
91,누님 블랙으로 젤 먼저 받으셧던데,2
92,저 가격에 180마력은 하 진짜 우롱하는것도 아니고 ㅋㅋ,1
93,코평수가 점점 커지는게 이상해보였는대계속 보다보니 이쁘네,1
94,대기가 그렇게 기나요?..,1
95,서라운드노노 어라운드 올해모델엔있었는데 없어졌군,1
96,Gv79 gv80보단 bmw x4지 ㅇㅅㅇ,7
97,진짜 예뻐졌다,1
98,보배에 올라온 빨간 G바겐 동생분거 아닌가요??,1
99,x4 사고싶었지만 뒷자리가...하아...그리고 하이브리드도 읍고..x3 잘타고있음..,1
100,자세 나오네 자세...,1
101,내가 어제 제네시스전시장 다녀왔는데가격을 잘못 알고 있는듯Gv70이 x4랑 가걱이 비슷하다고?잘 알아보고 방송하시징,1
102,시트 색상좀 어떻게 안되나?잘팔린나고 너무 짬때리는거같네,1
103,아 개이쁘다..,2
104,일년 대기 ㅜㅜ,1
105,골프백 몇개 들어가용?,1
106,와 이쁘다,1
107,30i 출시 왜 안해주냐 ㅡㅡ,1
108,GV80 으로 ..,1
109,불금에도 우~~~ 하 입니다!,2
110,뒷자리는 정말 노답인차...,1
111,옵션이 좀 너무하네 ㅋㅋ,2
112,공간 팰리 나은딧,1
113,중간음악이  낮익네요..ㅎㅎ,1
114,우파님 채널일등 첨이다,1
115,불 나는거 아님?,1
116,지렷다,1
117,우파형은 근데 왜 검은색 옷만 입나요,1
118,꺼벙이눈에서 잘생겨졌네,1
119,타보면 알겠지만 출력 개쓰레기임...반값 밖에 안되는 다른 국산차들한테 직빨 딸리는거 보고있으면 현타 오지게옴,5
120,오잉 ????? BMW,1
121,뒷자리 모닝~~~,1
122,suv는 뱀~~,1
123,솔찍히 가격대비 내부공간이나 옵션을 보면 너무 과한것 갔읍니다 스포티지의 두배값인데 스포티지가 더 공간이나 옵션들이 더 낳아보입니다 저 또한 x4나 볼보 넥서스 쪽으로보고 있었지만 아무리봐도 브랜드값으로 저 금액대는 아닌것 갔네요 그래서 전 스포티지 시그니처로 합의보고 기다리고 있네요 내부공간만이라도 스포티지급만큼만 나왔어도 바로 x4로 선택했을테지만요,1
124,그릴이상해 새로 그릴이 훨이쁜데,1
125,졸라좁음..패밀리카 비추..,1
126,제목 오타!!,1
127,ㅋㅋㅋㅋㅋ,1
128,X4는 좀 애매한거 같음 ᆢ 저런 쿠페형suv는 x6처럼 웅장한 맛이 있어야 예쁜거같음,2
129,내유외강...엉덩이만 젤 이쁘고..나머진 싹 별로다,1
130,호오..,1
131,콧구멍이... 작아졌네? 난 ㄹㅇ 짤에 나온대로 가는줄..;;,1
132,쿠페형 SUV는 벤츠가 ㄱㄹ,1
133,일등,1
134,오,2
135,1,1
136,gv80>>gv70>>>>>>x3>>x4,1
137,오,1
138,BMW 최저가 딜러소개는?카톡 chapaguri,9
139,차량리뷰가 기존 리뷰보다 재미있게 진행하시네요.,2
140,"차 리뷰 중 가장 마음에 들어요, 재밌게 보고 갑니다.",1
141,아낌없이 모두 까주세요~~👍❤️,2
142,벤츠딜러와 합승으로 bmw를 까다니?! 이런 컨셉 너무 좋은데요ㅋㅋ,2
143,스킵없이 재미있게 봤습니다^^,1
144,이 귀한 차 시승차가 있군요!!!! 주말에 가볼까합니다,1
145,차파구리님 영상보면 웃는소리가 너무 중독적임 ㅋㅋㅋ,1
146,주말에 시승하러 가볼게요 감사합니다.,1
147,아 깜짝이야~ 투어링 주행리뷰인줄 알았는데 ㅋㅋㅋx4라니~ !!,2
148,핸들 잡으라고 알려 줄때 핸들을 흔들지 않고 그냥 손만 올려 놓아도 됩니다. ㅎㅎㅎㅎㅎ,2
149,X3 신형도 해주세요 엠프로 버전으로 ㅎㅎㅎ,4
150,좋은 정보 감사합니다!,2
151,영상 너무 잘 보았습니당^^,1
152,"Q5, XC60이랑 고민중인데.. 쉽지않네요",1
153,와우!!최곱니다!,1
154,12월 물량부터 옵션이 빠지나요?,1
155,X4 개이쁘당,2
156,전방카메라가 계속 켜져 있는 것이 설정에서 가능한가요?,1
157,q5랑 비교하면 어떤가요?,1
158,Bmw  옵션사용법도  리뷰해줘요 ㅋ,5
159,아저 시승차사고싶네요,1
160,주행시 전방카메라 어떻게 하나요??,2
161,운전자지원제한은 요즘도 저러네 ㅋㅋ,1
162,"비엠의 특성이긴 해도 내 느낌은 너무  통통 튀고 딱딱한 느낌,",1
163,좋아ㅡ요   선택에 도움되네요,2
164,12:37 GLC가 역전하네요 ㅋㅋㅋㅋㅋㅋㅋ,7
165,"구독, 좋아요 누르고 영상 봅니다~현재 gle450 4개월째 운용 중인데 와이프가 차가 커서 운전을 못하겠다고 해요~세컨카로 신형 C클 C300 대기 or 330i or 430i 차파구리 님이라면 어떤 선택하실까요??",1
166,pro 예약 했습니다 블랙 대기6 화이트 대기 11 4개월 정도 걸린다네요 ㅠㅠ빨리 받고파,1
167,터치빠지는겈ㅋㅋ오반데 7천만원짜리차에,1
168,뭘 작동하면 디스플레이에 저 주행 화면이 나와요?,1
169,m이 아니라 msp아닌가요?,1
170,터치없다구요? 어렵네/,1
171,홈쇼핑 혹시 나오셨나요?,1
172,어 목소리 들으니깐 알겠는데 분당oo 전시장 딜러 맞죠?,1
173,언제 타보니 너 비엠이,2
174,결국 하나도 안까는데???,2
175,무게를 고려하면 30i 엔진을 올리는게 출력이 여유롭고 연비도 잘 나올듯 합니다. 그나마 토크가 높아 탈만한 20d로 가자니 디젤이라 관리성 때문에 걸리고 좀 타협해서 20i로 가자니 출력이 두고두고 아쉬울것 같아요. 20i   엔진이 약30마력 정도만 높이면 딱 좋을것 같은데 말이죠.,3
176,오늘 X4 20i m 스포츠패키지 시승을 하고 계약을 했습니다. 184마력인데 5명타고 운전을 했는데 생각보다 힘이 부족하다는 것을 못느꼈습니다. 고속 주행을 하면 힘이 부족하겠지만 일상 주행 영역인 100키로 전후에서는 상당히 만족했습니다. 타이어가 245 50 19 였는데 공기압이 앞 41psi 뒷타이어 43psi로 많이 주입된 상태인데도 승차감이 좋았고 브레이크 능력도 좋았습니다.  시승 키로수와 시간이 적어 다양하게 경험은 하지 못했지만 만족했습니다. 단점은 역시 실내 마감이 별로였습니다 고급스런 느낌은 전혀 없더라구요 그리고 예상은 하고 있었지만 키큰 사람이 뒷자석에 탑승하는 것은 불편할거 같아요 제차인 gv70과 비교시 힘이 부족하다는 것은 느낄수 있었습니다 실내 인테리어 네비 등 모든 것이 부족해 보였네요,7
177,"세단보다 편하거나 비슷하다고 할정도면, 승차감이 제법인가봐요.자세한 리뷰 감사합니다!",5
178,21년식 x4 1년3개월 운행중입니다. 뻥 뚫린 고속도로에서 악셀 쭉 밟아주는 상황이라면 150까진 잘 올라갑니다 다만 시내 주행이나 차량 소통이 많은 고속도로에서는 답답한 면이 있긴하죠. 말씀 해주신것처럼 80km 이하인 상황이라면 차 ㅈㄴ 안나가네 라는 말이 나옵니다. 만약 차량 선택시 출력에도 어느정도 중점을 두신다면 20i 말고 다른 대안을 생각해보시는것을 추천드려요.맵핑을 해야하나라는 생각도 드네요ㅎㅎ혹시 저속에서 핸들이 가벼워서 불안하다는 느낌은 없으셨나요??,3
179,매번 보는데 장단점을 잘 설명해주시네요! 멋져요!,2
180,리뷰가 완전 취향저격이예요ㅎ 관심차량 리뷰해주셔서 감사합니다^^,3
181,리뷰를 하시는게 귀에 쏙쏙 들어오네요 영상 잘봤습니다!,3
182,Bmw 처음 구매 예정인데 Msp 차량과 아닌 차량 디자인말고 승차감이나 기능적으로 차이가 어떻나요??,1
183,gv80과 승차감 차이가 어떨까요?,2
184,공차중량 1900에 사람1명 + 물건 하면 2000인데... 184마력이면... 너무 아쉽다... 가끔은 달려주고싶을때도 있는데,4
185,"520i msp랑 x4 msp 놓고 계속 고민중인데, 동일엔진임에도 520i비해 suv가 주는 공차중량, 4륜 등등으로 x4가 치고나가는게 많이 딸리나요?",2
186,현재 320i 타고 있습니당 530i 랑 x4msp 대기 걸어놨는데 고민이 끝나질 않네요 ㅎㅎ,2
187,맞습니다. 국내에는 왜 30i가 안들어오는지 모르겠네여 ㅎ,6
188,아 리뷰너무 맛있었어요!! 소나타 지금 타고있는데 출력면에서는 비슷한것같은데 사게되면 만족스럽게 탈수있을까요? 외관은 너무 취향인데ㅜㅜ,1
189,시승기 잘 봤습니다 ㅎ 궁금한게 있는데 혹시 서라운드 뷰는 있나요?,3
190,제가 118d 타고 있는데 이번에 x4 계약 고민하고 있습니다. 근데 제가 달리는걸 좋아해서 118d보다는 출력이나 치고 나가는게 좋겠죠..??,1
191,리뷰 정말 잘봤어요! 혹시 이거랑 같은 가격이라고했을때 추천해주실만한 차 잇을까요?,2
192,2톤에 20 가솔린은 노답이죠.. 최소 디젤은 돼야 토크빨로 커버칠듯,2
193,좋은 영상 감사합니다~,2
194,20i pro대기중입니다! 2012 k3타는중인데 출력의 아쉬움이 느껴질까요..? 상대적으로 k3보다는 잘 느껴졌음 좋겠습니다 ㅠ,2
195,안녕하세요 차읽남 너무 잘보고 있어요 목소리도 너무 좋으시구요!  저는 지금 x3 pro x4pro두개를 몇일 잠을 설쳐가며 고민하고 있습니다.ㅜㅜ 두개 다 대기가 2번이라 빠르면 1월엔 받을것 같은데 혹시 이상님이 사신다면 어떤 선택을 하실지 의견 여쭤도 될까요? 아이 임신 예정입니다!,2
196,제가 1빠네요.BMW 최고입니다.시승기 영상은 처음보네요.ㅎㅎ 앞으로도 종종 시승기 해주시면 좋을꺼 같습니다.화이팅하세요~응원합니다 (구독자)🤗👍,3
197,차읽남님 x4 20d 시승도 좀 해주세요,2
198,k7 2.4에서 21년 10월에 온라인에디션으로 x4구입했는데힘딸린거 전혀모르겠고요고속도로에서 밟으면 170금방 올라가고  차 잘나가요실내는 가격대비 후집니다고속도로 달려보세요우리나라180이상 얼마나 달릴수 있는지 곳곳에 과속카메라입니다속도 낼곳 마니 없어요속도 내고 달리고 싶어 불법저지르며 차운행  잠시했는데ㅜㅜ며칠뒤 바로 9만냥 과속스티커 날라왔어요 근데 솔직히 gv70이 훨씬  낫습니다실내외 가격대비 다 나아요힘도 좋고,3
199,X4m말고 x4m40i 는 괜찮을까요?,2
200,최고의방송 감사합니다   360도업는게   마음안들어,2
201,아무리 비엠이라지만 그래도 프리미엄 suv인데 184마력은 좀….,4
202,x3영상있나요?? 비교해서 보고싶셉니다~,2
203,2000cc 에 200마력도 못 넘는데 터보라니...,2
204,키가 어떻게 되사나요?뒷좌석 보니 신장을 알고싶습니다,2
205,520d 타다가 타도 많이 아쉬울까요?,2
206,184마력은 520i까지가 마지노선 40i 9600 너무 비싸요 30i 있으면 딱인데 쩝,3
207,이거 살 돈이면 보태가 x4m 살 것 같아요 출력때문에요,2
208,디젤도 리뷰해주시면 안되나요?!😭,2
209,키가 186인데 차 너무 작아서 못타겠음 시승하러갔는데 허리 진짜아픔 ㅜㅠㅜ,1
210,이상하리만큼 유툽에 20d리뷰가 없네요 디젤규제때문일까요,2
211,x4 30d 였나? 외관 보고 뻑~ 갔죠..,2
212,X4m진리죠,2
213,상타페보다 안 밀어줍니다. 겁나답답해요. 디자인 빼고 재미없는 차입니다. ㅠ,2
214,앞이  옹졸하게 바뀜.,2
215,가족용차에요,1
216,유튜브의 이진욱,8
217,현재 일부 모바일에서 재생이 안되는 현상이 나오고 있습니다문제해결 될 때까지 가능하면 PC에서 시청해 주시길 부탁드립니다.,63
218,미니 jcw타고있는 사람으로서 송도 매장에서 x4m을 시승 해봤습니다!!!  느낀점이 정말 많이 공감이 갑니다 그러나 저는 승차감은 제차에 비해선 완전 에쿠스급이라 너무 좋았어요 ㅋㅋㅋㅋ 성로형 화이팅!!!!,3
219,"벤,비,아 시승하고 비를 고른 이유가 여기서 말했듯이 밟으면 렉이 느껴지지 않고 밟는 만큼 즉각 반응한 그점이 너무 좋아서 구매함.. 근데 g바디로 넘어오면서 큰차들은 좀 아쉽네유..",1
220,좋은영상리뷰 감사합니다 사람하나잘못만나서 고생하면서도 열심히 일하시는거보면 감동입니다 응원합니다!!,4
221,"일반 X3 타면서 아쉬운 부분이 있어 X3M 기변 고민 중인데, 큰 도움이 됐습니다 ㅎㅎ",1
222,발음이 너무 좋고 리뷰가 점점 좋아지네요 이제 사기꾼 없이도 회사 흥할수 있을거 같아여 화이팅입니다,12
223,여기는 아니고 고양 스타필드가서 한번 디자인도 보고 뒷자리도 타보고 해보니 생각보다 실메도 좋더라구요 ㅋㅋㅋ,12
224,대표님과 다르게 전 후면 디자인이 너무너무 예쁘네요....  잘보고갑니다,3
225,"모트라인의 리뷰가 마음에 드는 이유는 '솔직함'. 몇몇 유튜버들은 협찬사에 대한 듣기 힘들정도의 찬양 리액션 때문에 보기 힘든데, 솔직하고 거침없어서 맘에 듭니다. 저는 개인적으로 X4M 디자인 맘에 들어요 X6보다 담백하게 빠진느낌 역시 디자인은 개취인가봐요.",1
226,아하!!의정부 전시장이군요~ㅋㅋ 안구래도 리콜이랑 bsi때문에 방문 해야 되는데 점검 받는 시간동안 한번 경험 해보고 싶어지네요^^ㅎ 리뷰 잘 봤습니다!!ㅎㅎ 근데 오늘은 앵그리햄토리 안나온듯....ㅋㅋㅋㅋ기대하고 있었는데....ㅋㅋㅋ 모트라인 윤성로 파이팅!!!ㅋㅋ 흥해라!흥!,3
227,막상 드래그나 뉘르부르크링에선 GLC63s가 X시리즈 싹 다 압도하고 suv 1위 기록까지 보유 중인데 코너링이 glc가 더 떨어진다고 판단하시는게 좀 의아하네요.심지어 GLC63은 구형 사제 튜닝카로 리뷰를 하셨는데..,1
228,리뷰 넘 객관적이고 좋네요,2
229,그냥 모든 세그먼트에서 드라이빙은 벤츠보다 닥 BMW....성능이든 효율이든 수치상으로도 좋지만 실제는 더 좋은... 디자인이나 인테리어는 개취라지만 드라이빙은 무조건이다,22
230,와 변속감 지려버리쥬?ㅎㅎㅎ,19
231,제가 예전에 즐겨보던 유튜버 한명이 곧 유치장에 갈것 같은데 옛정을 생각해서 저런 멋진 차로 데려다 주면 좋겠네요.,4
232,언제부터가 리뷰가 좋아진뒤로 구독했는데 가면 갈수록 좋아지는 리뷰,2
233,X3M 시승도 꼭 부탁드립니다!!,3
234,진짜 진정한 펀카를 타고싶으면 무조건 m버젼 타야쥬ㅋㅋㅋㅋㅋ,14
235,영상 잘 봤습니다. 늘 응원합니다.^^,2
236,마지막 이병헌 언급ㅋㅋㅋㅋㅋㅋㅋㅋㅋㅋㅋ 모트라인 보면서 이렇게 웃은 적 처음이네요,2
237,우왕 bmw코리아 의정부전시장 에서 모트라인을위해 협찬을해주다니!!지렸다으...,17
238,갠적으로  암쥐 배기음만의 매력이 있고엠  배기음만의 매력이 달라서 뭐가 더 좋다보기보단 둘다 갖고싶음ㅋㅋ,3
239,"M버튼은 따로 셋팅하셔야 됩니다ㅎ저는 M1은..스플 m2는 에코...그래야 그 엠 느낌(?) 납니다! 진짜 목디스크 생깁니다,뒷자리포기 공감!이상..x1 18조이 엠블럼 붙이고 다니는..구독자가!",24
240,명불허전 M인데ᆢ 엔진이 정말 좋은가봐요,1
241,윤형 리뷰 보면서 문득문득탑기코 김진표형 느낌이 나네유..리뷰대사 치는 억양이나 느낌이..전문가적 느낌 물씬👍,4
242,차알못인데 잘 설명하고  캠에다 인사하는거 너무 신박해요,1
243,즐겁게 잘 봤습니다ㅎㅎ 개인적으로는 혹 기회가 되시면 람보르기니 우르스도 한 번 해주시면 좋겠습니다,1
244,M3 기대됩니다 꼭 순정으로 리뷰해주세용,2
245,마지막 인사 제일 맘에듭니다..ㅋㅋㅋㅋ,28
246,ㅎ ㅏ역시 비엠빨시트 개오짐 ...x4시승차는.처음보는거같네용 ㅋㅋㅋ3시리즈살때 구형 x3 x4타보고싶엇는데 없어서못탓는데 ㅠㅠ,13
247,혹시 고급유 넣어야하나요???2열공간은 소형 suv (코나)보다는 당연히 넓겠죠?,1
248,성로형에게 진표형의 영혼이 깃들어있네,3
249,x4m 사고싶다,6
250,목디스크 관리 잘 하세요은근 몸관리 잘 하시네요요즘 운동에 현타오기 시작했는데 자극이 되네요노땅씨 보다 좋은 귀에 감기는 멘트 계속 응원합니다,1
251,M아니여도 차선바꿀때 진짜  영점1초도안걸린다,5
252,저는 시내에서 항상 M1으로 다닙니다. 펀카 ~~ㅎㅎㅎ X4M 후면 디자인 저는 머시써 보입니다.,18
253,고민중인 차인데 반갑네요 고마워요 잘봤어요~,2
254,갠적으로 과거 드림카였.. 요즘 외관 디자인은 쩜 그렇더라구요,11
255,amg 들은 앞대가리가 너무 무거워서m 을 따라 갈래야 따라갈 수가 없어요.무게배분도 그렇거니와끝없이 계속되는 가속감속가속감속과 코너링에서m 의 민첩함을 도저히 따라갈 수가 없다는...,2
256,의정부전시장쪽   bmw종류들 많아서  구경하는맛  좋아요,1
257,인사성밝은 우리성로씨 ㅋㅋㅋㅋㅋㅋ,2
258,성로형 첫인사 왤케 얌생이같아??ㅋㅋㅋㅋ,4
259,63은 데일리로 못 타는 수준입니다 ㅋㅋ 43 정도가 데일리로 타기에는 딱 적당한듯 차체 거동 느껴보면 suv같지도 않음,12
260,모닝 타고 있어도 괜찮다. 윤성로가 재밋다.,1
261,타본사람만알죠ㅎ 예술적인 코너링,6
262,진짜 디자인 개취가 많이 다르구나 .... 난 x4 개 예쁘던데,10
263,x4 빨간색 진짜 이쁘던데,1
264,윤성로님 얼굴이 편해 보여서 보기 좋네요... 앞으로도 좋은 리뷰 부탁드립니다.,1
265,벤츠 gt43과 x4m 중에 어떤 차가 승차감이 더 하드할까요?,1
266,ㅋㅋㅋ와RPM소리가 안내려와요 ㅋㅋㅋㅋ 열심히 쏘셨네요,9
267,이번에 E63이랑 M5도 새로 나오는데 슈퍼세단 대결 부탁드립니다,2
268,40d 40i의 장단점이 뭐가있을까요?,1
269,자막이 생겨서 훨씬 보기 좋아졌습니다,3
270,와.. 대박.. 어디서 많이본 번호판이다고 생각했는데 이 시승차 저번주 계약 목요일날 픽업하는데 참 웃기네요 ㅋㅋ,7
271,네비게이션등 급정거 핸들 돌릴때 고장 없는 차인가요???? 옆동네가 아니고 같은 BMW에서 XM5인가???(이름 잘몰라서 죄송합니다.) 이런 문제로 유튜브에 몇개씩 올라왔더라구요. 심지어 운전자 아내분이 산모이신데 급정거에 저도 깜짝놀란,1
272,ㅋㅋㅋㅋ이 형은 성격도 좋은데 인사성도 좋으시네,1
273,저 질문있습니다.제가 현재 패밀리카로 X7 40i DPE 계약하고 대기하고 있습니다.그런데 출고대기가 너무 긴 것 같아서 X6 40i MSP도 계약했는데요....원래 작고 빠른 차를 좋아하는지라 가격적으로 X4M와 X3M에도 끌립니다.이 시승기를 보고 X4M 뒷좌석에는 가족들을 태우면 안될 것 같다는 생각이 들어 깨끗이 단념했고요...ㅋ하지만 X3M에 대해 언급하셔서 여쭤보는데...이 차는 패밀리카로 탈만 한가요?참고로...4인 가족에 2열에 탈 와이프와 딸이 멀미를 좀 합니다. 캠핑은 안다니고요.윤성로님이 X3M도 아니라고 하면 더 이상 달리기 성능에 미련 안갖고 X7 탈게요.(X7이 현재 대기 1번이라 대기 5번인 X6보다 가능성이 더 높아보여요.),6
274,"왠지 마무리 멘트...카메라 끄고 ""래수 오늘 함 맞자"" 할거 같애..",3
275,매번 영상 잘보고있는데로고랑 자막 위치 조금만 올려주실수있나요??좋은 영상 전체화면으로 시청하고싶습니다😂😂,6
276,진짜  차보다 형이 더 싸나워 보입니다... ㅎㅎ,1
277,형 영상 고마워~,6
278,믿고보는모트라인 따봉,2
279,ㅎㅎ 저희집 근처에 있는 전시장에서 협찬 해주셧네요 ㅋㅋ,8
280,저희 홈그라운드에 오셨었구요. ^^ 감상전 선리플! ^^ 잘보겠습니다!,1
281,이병현씨를 광고모델로 쓰기위해 그 부담은 전부고객에게?!,1
282,암만봐도 x4가 뒷태는  x3보다 더 예쁜데,3
283,리뷰 좋습니다.관심없는 차량도 다보고 있습니다.이보크신형 가솔린 리뷰계획 없나요?어떻게 까일지 궁금해서요.제가 지원할까요?,4
284,ㅋㅋㅋ이정도면되겠지 하고맹글었다가 성로형한태 일침맞았네ㅋㅋ그래도다행이라고생각해야지 횬키는 이런걸바라지도않음,4
285,극공감...X시리즈는 홀수가 진리,2
286,배경에 저희 회사가 자주 보이네요 ㅋㅋ,1
287,역시 노레기랑 영상퀄리티가 다릅니다.,7
288,X4  보다는 Glc 쿠페  Gle  쿠페 보다는  x6이건 진리임,1
289,x4m은 통풍시트 들어가있나여?,4
290,고속 무섭다고하는거 컨셉이지?Rs6로 공도에서 y00그냥 쏘던사람이자누ㅠ,1
291,영상 밑에 자막 매우 환영합니다^^,6
292,Id7 강원도병(비상호출오류) 한번 다뤄주시죠 ㅠㅠ,1
293,현대gv80 3.5t 380마력 x4m 3.0t 500 마력....아무리 스포츠 모델 뭐 어쩌구저쩌구라 해도 마력수 너무차이나네.....,1
294,판교 잘달리게 생기셨네요,1
295,역시 비엠 현대는 지들 차 좋타 하는 사람만 차 빌려주던데 역시,1
296,잘 보겠습니다^_^,1
297,이 세그먼트 최강자,4
298,"amg는 구형 고배기량에 구형엔진 직빨머신이 다임. m과 연비, 차량 무게에서 게임이 안됨",9
299,1:58 뒤 타이어도 255밖에 안되요..?,1
300,엔진음 S55엔진 하고 거의 같게 들리는데요.,1
301,부부2인 데일리카로 괜찮을까요?,3
302,https://www.youtube.com/watch?v=KBplpWABIDg  전문가분들이 힘을 합쳐야 할때입니다.,1
303,코너링에 무거워서 무섭다 이거 진짜 벤츠 종특입니다.아무리 신형 좋아졌다고 해도 아직 m에비해 몇수 아래입니다.현재 c63s amg 보유중인데 그부분이 너무싫어 한달에 한번도안타요. 배기음도 금방질리고,13
304,성로씨 만나서 너무 반가웠어요 ㅎ갑자기 인사드려서 당황하셨죠? 너무 반가운 나머지...  죄송했어요...,1
305,그래도 빌려줬는데... 3~4배 경쟁사꺼 이쁘다고 하면 어떻게 합니까?? 1.5~2배정도만 이쁘다고 하시지...ㅋㅋㅋ,1
306,형님. . .이번에 투싼 신형 살려고 기다리는중인데 차 출시되면 1빠로 리뷰해줄수있어요???,1
307,광고 건너뛰지  않코  다봤어요..,1
308,저기 구리포천 암행 순찰차 조낸 돌아요..조심..,1
309,인트로 ㅋㅋ 귀엽네 ㅋㅋ,1
310,시트에 m뱃지(?) 라고 해야하나 비닐 신경쓰이네요 허허,1
311,드림은 m 현실은 m자 탈모,11
312,오 의정부네. 의정부에 저런곳이 있었다니.ㅎㅎ,9
313,이차도 딱딱하구나 ㅠ,1
314,80형제 빨아주기만 하고 문제되는건 시청자들에게 알려줄 필요가 없어서 않하는건가 궁금함,4
315,장점을 너무 쫄깄하게 설명해서 기변병 걸리겠어요,1
316,Glc가 이쁘면 모하누 아직도 구식 노터치네비에 다가 옵션도 구데기인데 으...,16
317,성로형 파나메라 지티에스 언제 리뷰해용?,3
318,그랜져 화재낫는데  분석좀 안해주나요? 현대가 무섭나요,4
319,이차가 레인지로버차와 같이 유럽서 실시한 전세계 신뢰도 바닥 10위권 차량임?? 왜 이렇게 신뢰도 낮은지는 모르겠는데,2
320,"한가지 확실한건, 이분 운전실력이 좋지는 못함.뒷바퀴 조향들어간거같다고 하는거보면.",7
321,C8은 언제 나오남요....,1
322,장래희망 : 또치감독,5
323,이형은 볼때마다 조정석 느낌이야,1
324,그나저나 성로님 곧 결혼하신다는 댓글 봤는데 그래서 그런지 뱃살이 좀 빠지신거 같네요,21
325,마칸좀 리뷰해주세요 마칸리뷰 정말 없네요 ㅠㅜ,21
326,하아.....그래서 포천 - 외곽순한 넘어가는 곳에 아주 거지같이 운전하는 X4M 이 보이는거구나.............,1
327,의정부 코오롱 모터스내요..생긴지 얼마 안돼요...bmw 는 코오롱이 갑인듯,1
328,이분잘생기셨다,1
329,22년식 X3M cp 구매했음다,1
330,성로형 노사장이랑 합방뭐야? 진짜야?,2
331,형 이거 제보를 어떻게 하는지 몰라서 여기다 글올림유튜버 와나나(작가겸 만화가)k5하이브리드  고속도로주행중 멈춤당일 저녁 또 멈춤 이거 뭐 원인분석? 이런거 가능??,3
332,1:14 오 소리봐미쳣어 ㄱㅋ,11
333,M 버튼누르면.. 전... X친 야생마 갈퀴잡고 있는 느낌이던데..  어우 좀....  긴장풀어.. 적게좀 먹고..,1
334,성로 형님 노사장님이랑 라이브 합방소리는 먼가요????????????.........,3
335,ㅋㅋㅋㅋㅋㅋ벤츠 까기,1
336,갠적 glc,1
337,차박가능?,1
338,혹시~^^  다자녀도 다 탈수 있을지?,1
339,앙 성로띠,3
340,뒷태는 아이언맨이네,1
341,카라티 카라는 내려주세요.... 몇년전유행이였던거같은데..,1
342,뒷목 땡기면 너 쥬거..,1
343,왜 안나오지...?!,7
344,17:25,1
345,ㅎㅎㅎ사이다 리뷰에 좋게 봤었는데 비엠 편파 리뷰어로 밖에 안보이네요. 공짜 협찬 받아서 기분 좋아서 하는 리뷰인거 같고.벤츠는 오래된차로 리뷰하고 비엠은 신차로 리뷰하고 이건 좀 사심 리뷰가 들어가 있는거같아요. 본인이 비엠 좋아 하는건 알겠는데 사심이 들어가니 리뷰가 점점 산으로 가는 느낌이에요.GLC신형 시승신청이라도 해서 다시 해보는건 어때요? 돈좀써요,1
346,목..... 뒷목 저런식으로 자주 잡으시나요..... 단순 디스크일수도 있지만  뇌종양일수도 있습니다... 제 스승님께서 같은 상황에 매일 망치로 목뒤 자극하면서 참으셨는데 결국 뇌종양 판정받고 얼마 지나지 않아 소천하셨습니다. 검사한번 받아보심이...,2
347,9:47,1
348,목소리좀 작게 항상떠있는거 같아요,3
349,배기음 하나도 안들리고 실내스피커에서나는 가상사운드만 들리는데...,3
350,😄😄😄😄😄😄😄😄😄😄😀😀😀😀😀😀,3
351,재생은 되는데 화질이ㅜㅜ,1
352,의정부 멀어서 ㅠ,3
353,저기가 박형식이네 집안 거기냐,1
354,합방 해요?,1
355,장암동이네요...,1
356,나도어제차나왓는데 오줌쌀뻔함,3
357,그 의정부에 있는곳인가보네,1
358,영상이늦었네용ㅋㅋ,4
359,솔직히 뒷모습 못생기긴 했어...ㅋ,3
360,옷깃이  너무 거슬림... 보기전까진 몰랐는데 보고나니까 그것만보여..,4
361,합방 ㅎ,3
362,차를알고리뷰하는거임?,2
363,안유정 헤이딜러 광고 극혐,1
364,머임? 오류인가 재생이 안되네요,4
365,영상 어디감??,5
366,정신이 하나도없네 무슨말을하는건지 ...,1
367,일빠 하기 힘드네 ㅋㅋ,3
368,참 리뷰... 수준...,4
369,영상이 안나와요,5
370,차도 모르는애가..,3
371,토크가 오줌쌈,3
372,제 프사 어때요,9
373,개인적으로 벤츠가 10배는 구려보임.. ㅋㅋㅋ 벤츠좀 적당히 빠세요 m4를 타봣지만 고속에서 차선칠때 뒤가 돈다는 느낌은 전혀 못받아봤는데. 어디서 도데체 뒤가 돈다는 느낌이 든다는건지. 이해할수가없네,9
374,영상날라갔어요,2
375,이게 리뷰냐,5
376,현대차에 스폰 받았아요?????,4
377,저도 트랙스 운핸하고잇는데 요즘 x4로 바꿀까 하고있네요 ㅎㅎ 같은 입장이신분이 리뷰해주셔서 도움 되었습니다~~,2
378,GV70이랑 고민중인데 올해 말 페리 + 국내 입고 기간 계산하니 1년이 넘을 듯 해서 70으로 갑니다... 미련 남을 것 같아요.,11
379,진짜 몇년타면서 디딸만 아니라면 디젤이긴헌디ㅜㅜ,2
380,"이제보니 주황3매번타시는군요~M팩은얼마나 단단할까궁금하네요,럭셔리왈",2
381,썬팅 반사로 몇하신거에요?,2
382,부탄가스를 차에 두면 아니되옵니다... 저도 레드시트 출고 시트는 무조건 레드시트 ㅎㅎㅎ,3
383,트렁크 판때기 탈거 되는거 아니에요??,2
384,5분 중반쯤에 갑자기 차주분 새로 소개하는게 쌩뚱맞네요ㅋㅋㅋ,11
385,이차량 몇년식인가요?1. 애플카플레이는 무선인가요?유선인가요?2. 통풍시트는 되나요?3. 스피커는 하만카돈 지원되나요?4. 어라운드뷰는 21년식부터 지원인가요?몇년식 부터 지원 인가요?,1
386,초보운전 아니면 답답해서 못 탐. 제로백 8초라니....,6
387,오너님이 잘생기셨네요...,4
388,저기 카페 이름 알 수 있을까요?,4
389,앞에 내벤츠가 ㅋㅋ,5
390,국정원 대학원 근처네요! ㅋ,3
