,comments,likes
0,영상 속의 차량은 적재함길이 9.7m 현대 파비스 축차입니다파비스의 제원상 톤수분류는 중형~준대형의 포지션이지만 단순 크기로만 분류하면 전장과 축간거리가 대형 포지션의 그것과 차이가 없기 때문에 대형트럭이라고 표현하였습니다처음 일을 접하는 일반인 입장에서 '승용차가 아닌 화물차 운전은 이렇게 한다' 를 중점으로 진행한 영상이니이에 오해 없으시길 바랍니다,17
1,"좋은 영상 감사합니다. 지금 트럭커가 되려고 준비중입니다. 많은 도움이 됐네요..ㅎㅎ그리고, 설명을 너무 잘 해주시네요... 다음 영상도 기대합니다.",1
2,6개월전에 회사에서 5톤을 운전하라고 해서 이 영상을 여러번 봤습니다 덕분에 많은 도움이 됐고 지금은 큰 어려움 없이 잘 운전하고 있어요 감사합니다 트럭청년 화이팅입니다!!,1
3,재미도 있고 트럭운전시 유익한 정보를 알기쉽게 하나하나 설명해주셔서 너무 좋았어요,2
4,영상 잘 봤습니다. 7:32 경사로 주차시 바퀴의 방향이 인도쪽이나 턱 방향으로 돌려야합니다. 그래야 차가 뒤로 밀릴때 차도로 나가는걸 방지합니다. 7:49 영상에서는 오르막길에서 오른쪽에 주차 했으면 핸들을 왼쪽으로 돌려 뒤로 밀릴시 인도쪽으로 차가 가게끔 만들어야합니다. 근데 영상에서는 핸들을 오른쪽으로 돌리더라구요. 유사시 차가 차도쪽으로 돌아 사고발생합니다,2
5,유익한 정보 감사드립니다 ^^,5
6,오늘 영상 몰아보기 완주했네요...저렇게 큰 차 까지는 안몰아봤지만 유익한 정보네요~!다음 영상 기대할께요!!,3
7,너무 유익합니다 감사합니다ㅎㅎ,1
8,좋은 정보 감사합니다 ~~~,1
9,정성스런 영상 잘 봤습니다 ~~,1
10,유익한 영상 잘 보았습니다 ㅎㅎ,3
11,정말 좋은 영상 이네요~~노고가 많았읍니다,2
12,이분 설명 너무 잘합니다요.,4
13,유익한 설명이네요~감사~,2
14,뒷바퀴 기준 잡는 것은 버스하고 화물 차랑 마찮가지로 해야 되네요,3
15,큰차 사각지대 없다고 하는 사람들에게 이 영상 보여줘야겠군요.,5
16,마이티 2.5톤 냉동탑차 5톤 노부스를 군대에서 타고 있는데 마이티 경우엔 고속주행시 바람에 밀려 차선에서 좌우로 흔들거리는 경우가 가끔 있는데 어떻게 해야 할까요?? 차선유지가 살짝 걸립니다..,1
17,영상 감사드립니다^^,1
18,내 차 차축이 4.4미터인데 그래도 급커브면 1.5차선을 먹음 ㅋㅋ진짜 쉬엄쉬엄 운전해야 함..,2
19,경사로 주차 기어 넣어 놓은 상태로 하면 에어로 움직이는 차량의 경우 에어가 다 빠지면 기어 빼기가 힘들수 있어요 에어 없음 클러치가 밟히지 않습니다,4
20,ㄹㅇ 아무도 책임 안져줌 오롯이 내 책임됨 .. 9.5톤 코너머리 조향 급하게 하다가 외측 후미로 지게차 문짝 야무지게  박살내고 들어 와서 보는중 ...,4
21,유익한 영상 잘보았습니다. 현재 5톤 운송업쪽으로 일을할려고 알아보고 있는데 처음이다 보니 아무것도 알지 못해서 시작할 준비를 못하고 있는데....도움을 좀 받아 볼수 있을까요?,2
22,잘하시네요 후진주차 더 구체적으로 영상 가능한가요. 좋아요 구독 알림설정하고 갑니다^^,2
23,자세한 설명에 많은 도움이 되섰네요감사 합니다,1
24,에어  잘 빠지는 구식차 경사로 주차했다가 에어 빠지면 기어중립 굉장히 애먹습니다.기어들어갔다고 시동도 안걸려요.,6
25,알고리즘덕에 시청했는데 설명잘하시네요 ㅎㅎ,1
26,확실히 저런 큰 트럭은 핸들도 같이 크다지만 계속 돌리면서 컨트롤할려면 봉은 필수인것같네요 괜히 트럭타는사람들마다 핸들봉이 있는게 아니었어 ㅋㅋㅋㅋㅋㅋㅋㅋㅋㅋㅋㅋㅋㅋㅋ,1
27,운전하면서 다 맞는 말만 하시는거는 맞는데요..이분도 운전중 앞만 보시네....자가용..화물차..대형차..버스..사각지대 존재하지 않아요..본인이 운전하면서 인식을 못할뿐이에요..썬팅..핸들앞에 물건..네비불빛..핸드폰..모든게 사각지대를 방해하는 물건들입니다..,1
28,오늘 영상 역대급이네요,3
29,도움되어 고맙습니다,1
30,"청년님.^^ 저는 3.5톤 윙바디 지입으로 들어간지 이제 3주째입니다. 의류 회사가 힘들어져서 그만두고, 지인의 소개로 했는데, 주류 운반을 합니다. 완전 화물은 처음 운전 초보인데, 주류 회사에서 활동 중인데, 술 빠렛트 8개 싫으면, 브레이크 제어도 힘들고, 내리막이 나오면 초긴장 상태로 돌입하고, 무사히 도착하면, 온 몸에 힘이 다 빠져서 요즘은 이게 내가 적성에 맞는건지 생각중입니다.ㅠ돈을 많이 들여서 한거라 이러지도 저러지도조언 좀 부탁드려요  청년님이 존경스럽습니다.^^",3
31,1톤트럭은 별 노하우 필요없이 소나타 운전하듯이 하면 될까요?,1
32,4.5톤에서 16톤으로 바꾸고 우회전하면서 바로 보도블럭 올라타서 보러 왔습니다.,8
33,좋은 영상 잘 보고 있습니다,3
34,평소   운전업을 하시는분들 대단하고  감사하게 생각합니다   고속도로  차선변경하실때  도대체   앞차와의 속도랑  별차이도 안나시면서  1차로  달리는 차들   없는데도 꼭 다와가면 차선변경을 하셔서 쓸데없이  브레이크 발올리게 하시는지요?꼭  보면 300 1km 앞 1차선 차없어서 달리는데  2차선만 있는  중부내륙구간엔 꼭  다와갈쯤 깜빡이 켜고 급 끼어드는 이유가 궁금 합니다.  진짜 궁금합니다    지금까지 급차로 변경으로 신고  몇번 하였습니다 제가 사고날뻔한게  몇번있었습니다,2
35,완벽한  영상입니다,3
36,많은도움이 될것같습니다,2
37,10년동안 다마스 운전하다가 오늘 2.5톤 트럭 인수 받았습니다. 후방 안 보여서 돌아버리겠습니다 정신나갈 것 같습니다,2
38,영상 깔끔하게 잘 보았읍니다. 영상속 차량은 빠비스아닌가요? 빠비스는 중형차량임니당.영상깔끔하여 좋아여 누질렀읍니다.,2
39,아무도 책임져 주지 않아요!!!,4
40,잘 보았읍니다.도움이 되었읍니다.  안전운전.,1
41,영상에 나오는 화물차는 몇톤 화물차인가요?,2
42,안녕하세여 5톤~11톤 준비중입니다혹시 지게차 면허가 필요한가여?그렇다면 몆톤을 따야할까여?,1
43,"4.5톤 프리마윙. 브레이크를 승용차밟는것처럼하니  짐이밀리고 , 운전석이  높고 길어서 너무무서워요.  개인택시판거 후회되지만   그래도 화물차와 번호를 이미 샀으니해야될거같아여  ㅠ 100%  콜입니다",1
44,유턴할때가 힘들어요 ㅜ,1
45,오돈축차는 중형트럭이예요!크기가 크다고 대형트럭아닙니당~,1
46,"영업용 화물차 운송멉 절대 경재적 도움않됨,15년 유 경험자 후회와 내 원망뿐~.",4
47,일감은 어디서 구하시나요?,1
48,"트럭청년님 저는 우선 자가용 운전 2년, 대형면허(장롱면허)만 있습니다 자차가 가솔린 수동이라서.. 수동 운전은 어떻게 해야 되는지?는 알고 있는데 앞서 말한 큰 차는 몰아본 적도 없고, 걍 무작정 맨 땅에 헤딩하듯 일자리 알아보다가 ""5톤트럭 운전"" 일을 접할 것 같은데.. 제 상황에서 해도 괜찮을까요? 일단 회사에서는 누구를 가르쳐주고 할 여건이 안 돼서 오로지 혼자서 납품 업체까지 차 끌고 나가야 된다고 하던데; 지금 저의 수준이 ""짐을 싣었을 때 브레이크가 얼마나 밀리는지?"" 영상에서 말씀하신 ""우회전 / 좌회전 시 외륜차 / 내륜차 감각"" 또한 부족?한 것 같습니다 그냥 무작정 도전하는게 맞을까요.. 아니면 2.5톤 트럭 일자리부터 시작해서 톤 수를 단계별로 올라가는게 괜찮을까요;",2
49,30초반 장농면허 입니다배우면서 하고 싶은데 가능 한가요??,1
50,초짜인데 너무무서워요. 특히 밤에 정신이없고 멍해요,1
51,자 좋습니다~,2
52,와 씨 감사해요 꿀팁,1
53,이해가 안되는건 나뿐인가?,1
54,운전의 시작은 완전한 노예계급으로 진입하는거다노가다 하더라도 운전하지 마라운임이 십년전과 비슷하다  요금체계를 정부가 방치해서 중간에서 다 빼먹는다이럴때 자신들의 권익을 위해서 노조를 결성해서 대항하지만 개인 사업자라 노조 결성이 안된다 화물연대에도 가입하지 않기 때문에 계속 노예계급으로 살아야 한다삼일 모든차를 세워버리면   나라 경제가 마비되서 정부에서는 문제 해결을 위해 뛰어든다하지만 파업을 하면 참여윸은 5프로도 안된다운전자들이 무식한 자들도 많고해서 절대 단합이 안된다이런 좃만한 나라에서 차에서 잠을 자고 돈벌일 있나그것도 최소 돈을  벌기위해'잠도 못자고  최악의 생활을 해야한다운전직은 누구나 뛰어들수 있는 진입장벽이 낮지만 차를  사고 진입하는 순간 인생 좃될수 있다노예처럼 일한 만큼의 대우를 못받든지 다시 운전직을 때려치우면 한 순간에 몇 천만원 손실날수 있다그리고 운전을 이런 방송으로 처배우지 마라병신되는거 한순간이다그리고 결국 한번은 졸움 운전으로 한순간에 인생 종칠수 있는 직종이다,2
55,통화 한번 해보고 싶은데 가능할까요?,2
56,머리참 좋으신듯  영상감사합니다,1
57,마이티.......대형???,2
58,"한달간 외부세차 전혀안했는데 ,전자제품도싣고하니 차는 깨끗하게 하고다닐려구여",1
59,좋은영상이네요. 근데 일반차 입장에서는 양쪽도로 다막고 천천히 후진하거나 비상등만 켜면 천하무적되는 화물차들보면 좀 짜증납니다. 물론 천천히 안전하게 운행하는게 맞지만 적어도 남에게 피해는 안줘야하지않을까요?,1
60,,1
61,내차네,3
62,폰거치대가 먼가요?,1
63,왠만한 승용차들보다 기능이 더좋네요 ㅎㅎ 특히 뒤에 침대공간하고 조수석앞으로 접어서 배드확장되는기능 멋지네요. 현대가 마음먹고만들면 저렇게까지 만들어낼수있군요.,2
64,트럭 리뷰가 이렇게 재미있다니 ㅎ예전부터 느꼈는데이광환 기자님은 차덕후가 확실하네요. ^^,4
65,형님 기능이 참 다양하네요뒷공간에 편히 쉴수 있어 참 편리하구요,4
66,내용도 좋고 설명도 좋네요 ^^ 구독과 좋아요 드리고 갑니다.파비스 번호판과 적재물을 보니 HKMC 시험차량인가 보네요 ^^,1
67,카랩 항상 잼있게 잘보고 있습니다. 앞으로도 더 좋은 영상 기대하겠습니다~,3
68,ㅋ 요소수 만트럭이랑 같이 운전석쪽 이거 진짜 귀찬구요 배터리랑 특장시 추가에어탱크 설치시 무게배분 충분히 놔눠놓을수 있습니다 진짜 귀찬음,3
69,파비스 설명  너무 자세히 해주셔서 감사합니다,3
70,디자인 깔려고 들어왔는데영상이랑 설명 잘 듣고 보고 갑니다.,5
71,유튜버 중에 최고입니다앞으로도 좋은영상 기대합니다!,1
72,요즘 트럭 정말 좋네요 ㅎ,1
73,우와 화물차리뷰까지 잘봤습니다 감사합니다,1
74,파비스트럭 은 윙바디은적재함이  후레임 약해서적재시 후레임 이처지는현상이  나타남니다확인해보고 보세요,7
75,여름에 방충망도 하나 있어으면 ㅠㅠ,1
76,감사합니다 잘봤습니다,1
77,현대가 변화를 추구하는군요,1
78,아직 미성년자인데 커서 이 차를 사야겠다는 생각울 했다이유는 아빠가 현대차를 다니기 때문에,2
79,아무리설명잘하시고  깔끔해봐야  그래봤자  현대차잖아요  믿을수있는차가아님,1
80,이걸로 캠핑카만들어서 세계여행가고 싶네요,2
81,특장에서 윙바디 만들고있는거봤는데 완성전인데도 후래임이처지든데 특장직원분들도 차못쓰것네하든데,10
82,아 고장력 강이라서 유난히 현대차가 후레임이 꺽이는구나,2
83,뒤 범퍼는 뒤에서 승용차가 받으면 후레임에 연결된 볼트가 부러져서 후레임에 박히기 딱 좋은위치.흉기차가 잔 고장이 많아서 수입차 사는게 훨씬 이득이지,1
84,자동차 채널 중 승용차랑 상용차까지 다뤄주는 채널이 많지 않은데..카랩은 역시 찐.,4
85,"좋은 영상을 보여주시는데, 구독자가 적어 아쉽습니다. 즐감하고 있습니다.",3
86,소방차 특장업체가 좋아할 요소가 많이 있는것 같군요.  예를 ㄷ 정공이라는 특장업체는  메가트럭 양산형 더블캡을 만들고 있지요파비스도  그럴싸한 더블캡이 나올것 같군요.  만약 유럽형태의 소방차 특장을 원한다면 단연 파비스가 딱일것 같습니다. 8.5톤 구조공작차 버전은 대우 노부스나 프리마가 독식하는 마당에 파비스 8.5톤이 나오면 경쟁이 될법합니다.,1
87,영상잘보았습니다  수고하셨습니다^^,1
88,현기차는 무조건 건너뛰고나같으면 스카니아로 간다,1
89,모르는 분야는 하지 마세요 모르는 사람은 아~하는데 일하는 사람은  보면,4
90,300 마력이네.근데 현대 상용차는 침대칸이 너무 좁아.국내 출시되는 국산.수입산 중 최고 좁은게 단점.,2
91,트럭엔 관심 없었는데 설명왕 이광환 기자 보러 왔습니다 ㅎㅎㅎㅎ,1
92,왜 상용트럭이 땡기는가..,11
93,2021년에 메가트럭을 대체합니다,1
94,전주 현대 버스공장 전주현대 트럭공장에서 만든것이군요,1
95,기본적으로 수입차들도 하는겁니다^^,1
96,좌우 미러보소   저가  얼마나 남길 러고  프리마랑 비스무리  하내 현대  리어카,7
97,이제 아이도있으니 우리도 큰차로 바꾸자고 와이프가 그러더라구요.이걸로 해야겠어요,4
98,제가볼때는 별로네요...내구성 ×수입차 따라쟁이(프레임)...1년지나면 서서히 (가스겟트..에어라인...호스부분) 옵션이 너무 많음...외국차비해..사이드밀러 너무 옛날방식..,2
99,영상  잘보고 정보감사합니다  자동차의 배기가스는  냉각수불량으로 배기가스가 나온다는걸 전문가도 잘 이해못하는 것이 고정관념 때문에 외면하고 있는 것입니다 냉각수 활성제 세스바이오는 주입즉시 어느차종과 관계없이 소음감소 출력증강 연비절감 에어컨이 더 시원해지고 부동액악취도 사라지고 녹방지도 되는 발명특허받은 획기적인 제품입니다 모든분들이 엔진오일만  중요하게 생각하지만 냉각수가 더 중요하다는걸 알아야 할때입니다 모든자동차의 고장원인 냉각수불량으로 고장이 납니다 세스바이오 검색해 보시고 주입해 보세요 병들어가는  자동차가 혈관청소 때문에  더좋은 성능을 유지시켜  줍니다  감사합니다 ,1
100,수입차를이길순없지,1
101,Se đẹp quá,2
102,형님 근데 이건 대형면허를 따야지 몰수 있겠죠?,2
103,파비스팔기전에 현대는그전에 나온 불량차들잘못되었음에도 리콜 안하고이미  가격이나 제질에서고생좀하실듯 합니다,1
104,파비스는 개별넘버 못다나요?,2
105,희미 자가용 사려 했는대 이거 사야긋다 ;;;,9
106,빨리간다고  돈 더주는거 아닙니다요즘 상용차는  3.5톤부터는  90키로 리밋 걸려있기때문  빨리가고싶어도  못가요,10
107,버튼들 확대해서 보여주지..조수석에 앉아서 줌만 쪼매 땡기고 마네..귀찮은가..,1
108,엑시언트는 전면 ㅈㄴ멋있는데파비스는 좀 그럼 근데 개인적으론 프리마보단 나은듯,3
109,절대 사지마세요운행 3개월 째에어콘 두번이나 고장브레이크 EBS 경고등 수시로 고장더웃긴건 정비 해주는 정비공장이 거의 없고 잇다 하더라도 부품 없다고며칠씩 기다 리라고 하네요차 가 어디 동네 마트 에서 파는것도 아니고 화물차 차주들 일못하고 왔다갔다한마디로 아직 현대차 쓰레기,2
110,차값만 8천 만원이상 가겠구만,1
111,스카니아 추천,2
112,상용차는 그냥 외재차여 돈더주고무조건이지,1
113,워매   요거는   웡바디용  기냥탑만올리면  끝,2
114,10톤을 싣고다니는 트럭에 무게배분? 무슨 슈퍼카인가요...어차피 밟아도 90키론데....개가웃을 일입니다 요소수 넣을때마다 욕 나오구만....기름탱크옆에 있는게 정상이죠,1
115,설명 좋아 아주좋아,1
116,왜 안팔리지요?,1
117,무게 배분은 개뿔.  요소수탱크. 소음기 랑 한쪽. 반대쪽엔 기름 탱크만 설치해야 무게 배분이 되지,1
118,디피에프를 운전석으로 해야지 무게 배분은 개뿔,2
119,현대차 또 그랴 것만 멀쩡하던 뭐하나요 속은 절대 아닙니다 현대차 는 절대로 안변한다 이겁니다,1
120,문짝이 왜이리 얇아??ㄷㄷ 종이 보다 얇네?,1
121,빽미러 일체형으로 좀 하지 ㅉㅉㅉ,2
122,영업사원들이 팔고 서비스문제로 겁나 출고 시키기 싫어한다는 그트럭이네요 메가트럭사길 잘했네요 역시 첫빠로 사면 베타테스터가 되는구만유,3
123,파비스 고질병은 리뷰안하시내요?,1
124,프레임이 약하다고 들엇는디,1
125,스벌 볼보  파비스에 비하면 완전 거지같네 뭐 하나만 할래도 돈 수억 들어가고 서비스는 아예 평판이고 뭐고 할 게 없네 볼보 절대 사지 마세요 너무 불편해요,3
126,에어컨만 부럽네요,1
127,나름 이쁘긴한데...,3
128,나온지가 언젠데 길가서 본적이없다 얼마나 인기가없으면,9
129,두꺼운 쇄파이프? 파이프하면 둥근 것인데 둥근것보고 두껍다 얇다 이렇게 국어공부했나? 두껍다  얇다는 평면을 말할때 표현이고 파이프는 굵다 가늘다 로 표현하는게 맞는말이다 이것도 방송으로 봐야하는데 방송용 촬영을 하면서 유치원생도 않쓰는 말을 사용하는가???,1
130,유튜브나  현대직원이나  똑같은사람이죠..많이팔아야 돈떨어지니ㅋ,3
131,스카니아 타는 한사람으로써내인생에 죽어도 국산차 안삽니다. 완전 싼마이 아니고선 엑시언트삿다 진짜 개고생해서 차는 값조금더 비싸도 수입트럭이 기술력 확실히 좋습니다. 섬세하고 운전자를 위한 시스템 확실하고 같은돈이면 전 수입트럭 삽니다.,2
132,Xe nay giá bao nhiêu,1
133,이가격이면 적재함문짝 알미늄으로  해도 될건데 ~~~판매회사 만든회사 고물이 떨어져야니 알미늄 문짝 생각을 못 하시는건지,1
134,장점만쏙골라서 이야기하네요 이게리뷰인가요?,2
135,차 사고 3개월 운행 중인데현대 차 개쓰레기,1
136,현대상용차 소달구지 인거 다아시죠?메가트럭 단종이랍니다. 대놓고 팔아먹기버전 가실게요.스렉현기~~~~!!!!,1
137,차축 가운데 동그라미 버튼 그거 PTO장착했을때 PTO작동 버튼 같은데요,2
138,콜바리 운임이 더 개같은데...,1
139,부식이 문제지,3
140,코주부 디자인 ㅠ,2
141,이번에나온파비스는개판 아닌가요좋타고리뷰하시는데모델바귄거빼고내부는이전차가 더나은듯,1
142,내차네,2
143,야  디자인 진짜 난감하네아 디자인만 보고는개적으로 절대 사고싶지않은디자인이네 디자인 짱나네ㅡㅡ,6
144,타타대우 프리마 복사판이네요,5
145,운전자 최적화가 되야하는데 특장 최적화는 무슨 소리인지..ㅋㅋ특장 작업 최적화라는 소리인가요? 그리고 탑쇼바 없는차가 국내없다고 하시는데 현대만 없는소리겠죠.무슨 탑쇼바를 옵션으로 넣는 생각을 하는거지..,5
146,그지같은...빽미러...쫌 어찌바꿔봐라..현대야....그래서...난 만차 타능기야..,1
147,현대 5톤  7.5톤   신형 와이드7.5   소유주 입니다내가  다시 현대차  사면   스스로  죽겠습니다  가성비 좋은  수입차로  가세요   수입차  서비스 개판이다  부품수급 안된다  해도   현대  대우  보다  좋타  이게  내  결론이다,12
148,겉만 번지르르~,5
149,"ㅋㅋㅋ프리마 70%에 메가 20%, 나머지는 10%만창작이구만 ㅋㅋㅋ",2
150,Tay gương làm xấu .,1
151,콜바리 뜻을 모르는 분이시네요 ㅋㅋ,4
152,이차는 적재함문 녹이 몇년후부터,1
153,졸라시끄러움 차,1
154,요즘은 현대차  안삽니다. 볼보등 등 수입트럭이 얼마나많이 수입되는데 그가격에 이 후진 트럭을 살까요. 껍데기만.,5
155,쓰레기차임,4
156,말이 안되는부분1.차값이올라간다(옵션으로 LED헤드램프넣어서돈받으면됨)2.좁은골목길을다니기때문에수리용이성때문에 할로겐을넣었다?(어디 LED전조등을 부서질것까지생각하서 적용한답니까?아니면 덤프트럭처럼전조등에 철망으로 보호하는방법도있음)그냥 LED안해준건 핑계라고봅니다...역시 원가절감하면 현대아이가 크으...,10
157,적재함이 약해서 가운데가활이됨.,2
158,개쓰레기현대차.엔진하자 절대인정안하고 as안해주는현대.차수리하다일못합니다.,1
159,현대차 정말로 처다보기다 싫다 겉만 뻔지르하고 무슨 차체 프레임은 염전 소금덩어리에서 발효를 시켜서 만드나 10년 이상 타면 부식이 정말 장난아니지 대형트럭이 무슨 1~2천만원 하는 것도 아니고 원~~,9
160,타사차량도 비교 해주시면 초보가 알기 쉬울거 같아요 항상 좋은 영상 감사합니다 ^^,5
161,요즘 스카니아에서 신형 770이 나욌다는 소식이 있던데요. 스카니아 770은 뭔가 많이 개선되지 않았을까요? 그리고 이베코와 만에서도 신형이 나온 듯 합니다. 그 차량들도 리뷰해 보시면 좋을 것 같습니다.P.S 역시 사이드 미러는 벤츠!,3
162,오늘도 안전 운행하십시요~,3
163,기가막힙니다형님~ 신항에 살고있는데 언제한번 기회되면 조수석 시승한번 부탁드릴게요....ㅋㅋㅋㅋ,2
164,Volvo for  life !,1
165,볼보 540은 타 차하고 다른 장점 중 두가지가 듀얼 클러치죠..변속 충격이 없이 쭉 치고 나가니깐..모터 핸들은 정말 신세계입니다..다람쥐가 돌리는 핸들 영상이 유명하죠^^그리고 뭐..복을복 치고는 차가 단단하고 디자인이 전 갠적으로 좋습니다단점은 실내가 좁고 운전석 시트가 너무 딱딱하고  ㅎ모터 핸들 고장나니 2천만원 이야기 한다고 하고... ㅜㅜ실내 잡소리 잡느라고 문풍지 들고 온통 난리 부르스를  ㅋㅋ그래도 전 볼보가 좋습니다,2
166,영상 잘 보았습니다 저두 볼보25톤 윙으로 준비 하고 있습니다 수고하십시오,1
167,핸들이  가벼운대신  모다 고장나면 가격이  ㅎㄷㄷ,2
168,"엑시언트 타는데 어깨,엘보나가서 모조건 두손모도시 영감운전해야 잠잘옵니다. ㅜㅜ파워봉이 핸들이 무거워서인지 뿌사진것도 몇개되고 이젠 포기요.",1
169,1년2년지날수록 차밑에마이들어갑니다 ㅎㅎ 제동생동 볼보만두번활부다찍고 이번에 스카니아로 계약했는데 아무리관리한다고해도 볼보는 돈이많이든다고하더라구요,4
170,힘은 같은마력이면 스카니아 못따라갑니다. 스카니아 신차들이 기름이 남아서 고속도로에서 빨리 다니는게 아닙니다. 토크 영역대와 크기.미션도 스카니아 승입니다.,8
171,화물차 외제차는...제생각입니만..자기가 타고 싶은걸 타야된다고 생각합니다. 메이커마다 장.단점이 확실해서 타고 싶은걸 타야 후회도 없죠..,1
172,이런 차들 운전하고 돈버니까 다른 현장일 같은게 눈에 들어오겠나 졸라 좋네...,2
173,스카니아가 더 좋다 볼보가 안좋다 라기보다 그냥 내가 타는 차량이 좋다인거 같네용ㅋㅋㅋ아무튼 팩트는 본인이 무슨 차로 일을 시작했는지 입니다.볼보타는 분은 계속 볼보 타고요.스카니아 타는분은 또 스카니아 탑니다ㅋㅋㅋ,6
174,차종마다 장단점이  다 있습니다  사람마다 다 다르고요  저는 볼보덤프 2020년식 덤프타고 있습니다   저는 만족하고 타고있 습니다  운전습관에따라 소모품교체시기도   고장도 천차 만별이라고 생각합니다 고장이나 단점만그렇게 따질려면 한도 끝도없어요  자기가 만족하고 타면그만입니다,2
175,볼보는 핸들이 속도 감응식 핸들인가요?암튼 좋으네요스카니아랑 비교시 어느정도 가벼운지 궁금하네요스카니아가 100이라 가정하면볼보는 70정도 될까요?,1
176,"추레라 카고는 모르겠는데 덤프유로6기준 요소수 마이묵고 하부베어링 약하고, 라디에터 40만키로 되모 터지고, 브레키라이닝 빨리닳고, 라이트 어둡고, 짐실고 내리막 배기당기면 브레이크자동잡혀서 앞으로 처박히고, 밋션 약하고, 에어콤푸 30만넘어가면 나가고, 파워핸들 호스 30만되면 터지고, 요소수녹스센서 잘나가고",9
177,볼보는 보링교체 안해도 된다던데 맞나요,1
178,액션아우님 올만에 얼굴보니 좋네요.   언제 부대찌개 한번 같이 먹어아는데 ㅎ,3
179,볼보도 차 괜찮죠 행님 ㅎㅎ,2
180,안녕하세요동영상 잘보고 잇습니다.카고차로 일을 해보려고준비중인데어떻게 해야할지 좀 알려주시면감사하겟습니다,2
181,스카니아 540 볼보540 벤츠2653 다같이 비교 한번 해주세요,3
182,제자리에서 핸들을 그렇게돌면 어떡합니까...,9
183,스카니아도 올해부터 전자식핸들이라던데.. ㅇㅅㅇ,3
184,볼보 안전때문에 창 크게 안냅니다. 운전석도 비교적 창과 거리를 둡니다. 시인성이 안좋은 이유지요.,3
185,4 채널 모니터 정보좀 알수있을까요?,2
186,저하고 똑같네요ㅋ저는트라고덤프인데 다른형님꺼 차빼줄려고 볼보540잠깐올라탔다가 핸들돌려보고 핸들빠진줄알았네요;;;;,1
187,혹시 씨씨티비 띄어놓으신 모니터 정보좀 알수 있을까요?,1
188,타기엔 제일이죠수리비가 죤내비싸서 글지,2
189,사람이 솔직해야지 화물차로 밥은 먹고 살아야지 스카사자니 비싸지 그나마 만만한게 볼보거든! 아닌가 ㅎㅎ,5
190,신형 540도 듀클이예여?,1
191,볼보시트 달구지인데;; 시멘트일 해보시면 알게되요 딱3일만 일해보세요,2
192,사장님 실례지만 혹시 해병대출신 이신지 여쭈어보아도 되는지요?유튜브 제목이 귀신잡는 제목이 보여서 물어보게 되었습니다.,2
193,완전새로나온볼보네여저는벤츠악트로스미러캠여유로트럭은하지만나왔으면좋겠네여ㅠㅠ,2
194,하부 베어링 정비안되고 통으로 갈아야하는디. 중량물 싣고다니기에는 영... 꽝 입니다. 데후도 겁나게 약하고 수리비 장난아님,4
195,왜 트러커분들 죄다 테블릿 한대씩 갖다놓는거에요?,1
196,볼보가 괜히 스웨덴의 자랑이 아니죠,2
197,개깡통 ㅋㅋㅋㅋㅋ,1
198,재미있네요,1
199,그모터 고장나면800입니다,1
200,"배기브레이크, 리타드, 써스.. 이게 뭐죠?  잘몰라서..",1
201,외제차는사면 거지된다 부속값에 맞아죽는다 서비스좋은 현대로,2
202,저런차도있는데?비아하냐?,1
203,처죽이는영상이군요,1
204,☆거아닌데,1
205,어버이날 선물 준비하셨나요??,43
206,미국에서 텔루라이드 탑니다! 대만족입니다 . 예전엔 도요타 혼다 등 일본 차들이 미국에서 이미지가 좋았지만 요즘은 기아 차가 핫해요!,52
207,"페리전 모델 실제로 타봤는데, 특히 팰리세이드 실내가 정말 별로였는데 그거보단 훨씬 좋아보였고, suv를 좋아하는 사람이라면 특성상 좋아할만한 구석이 많아서 이거 한국 출시되면 gv70,80 판매량에도 약간은 영향이 있겠다 싶을정도로 마음에 들었어요",17
208,개인적으론 현대 펠리 전면 디자인 보다 기아 텔루가 더 괜찮음그리고 진짜 현기 노조는 씨바 아주 상전이네ㅋㅋㅋㅋㅋ,12
209,와.. 우파님은 정말 대단하시네요...ㄷㄷ,6
210,15년식 쏘렌토 타는데 애들이 커감에 따라 대형SUV를 사려고 생각중입니다 그치만 펠리세이드는 아무리봐도 너무 못 생겼고 모하비는 승차감 적응이안될것같고 디자인 가성비 다 따져도 텔루라이드가 딱인데 제발 국내출시됐음좋겠네요,20
211,텔루라이드 올블랙으로 튜닝하거나 에디션 나오면 ㅈㄴ멋질듯...,1
212,모하비 2세대가 나오면 멋지고 크기도  커지면서 텔룰보다 인기가 더 많을 거 같네요.,1
213,제가 사는 대구 북구 도남동쪽에서 4월 24일에 텔루라이드 페이스리프트 된 흰색 차량 봤습니다. 처음에는 미국모터쇼에서 공개된지 몇일 안됐는데 국내에서 보니 국내 출시도 되는건가 싶더군요. 국내 출시 되면 사고 싶은 모델이네요. 현재 쏘렌토 하브 계약 중이라서 텔루라이드로 재계약하고 싶네요..ㅎㅎ,18
214,우와 최고다 ㅠㅠ 느므 이쁘네 저게 suv 디자인이지 ㅠㅠ,1
215,우리나라 나오면 좋겠네요 ~~,4
216,저 호박등이 진짜 매력적임….국내에서는 장착 불가한 부분이지만…..,1
217,디자인은 진짜 좋네요,11
218,헐 텔루라이드 국내출시되길 기다렸는데 !,1
219,사지도 않을껀데 내가왜 고민되죠!?!?!? 둘다 이뻐요,2
220,차량 멋지네요.,1
221,부모님두분다 돌아가셨네요ㅠㅠ어머님은5년전아버님은 3월에...다들 부모님께 화이팅입다.어차피 제 능력으론 저 차 못사겠지만요^^*,11
222,텔루라이드 너무 좋게 만든거같은데..ㅠ 모하비 없어지면 쓸쓸할듯...,6
223,레이가 페이스리프트 되서 출시된다던데미니 텔루라이즈로 나올 가능성이 있음..얼마전에 가림막으로 공개되었죠..,1
224,이렇게나 기대감이 큰데 국내에 출시를 못한다는게 함정...,7
225,모하비 없애면 텔루라이드 로 채우면 좋으련만 그놈의 노조 땜시 ㅜㅜ ev9으로 채울려나 모르겠지만 디자인 너무 좋네요 ,17
226,우아~ 모하비 같다 훨 좋다,2
227,"스포티지, k8,텔룰라이드 에 들어가는 긴 일자형 디스플레이 하나로 기아가 현대 제대로 한방먹였지.저거 기획한 사람은 특진시켜야한다.",1
228,(기아)더뉴 텔루라이드 멋있다.(기아)더뉴 텔루라이드/(기아)모하비 더마스터(기아)더뉴 텔루라이드 (앞)전면부 멋짐.(컬러:오로라블랙 펄)블랙실내도 멋짐.,1
229,우리나라에서 주차하기 빡세겟다 크기가 ㅎㄷㄷ,7
230,번창하세요!!!!!!,3
231,모하비 후속으로 텔루라이드 나오면 엔진을 3.0디젤로 나오면100%나는 산다,2
232,국내엔 모하비플랫폼으로 군용차가 납품되기에 당분간 단종은 안될꺼 같으니 한편으론 쫌 아쉽네요ㅎ,1
233,텔룰라이드가 곡선 위주의 부드러운 디자인이었다면 페이스리프트는 모하비의 모티브를 많이 가미했네. 오리지널 모델이 더 낫다.,10
234,사고싶당ㅠㅠㅋㅋ,1
235,요즘 형의진심이느껴진다...화이팅입니다,1
236,텔루라이드 나왔으면 살사람많았을건디 에스컬로만족할란다,1
237,우파님! 신차 차량 속보가 나왔습니다.바로! 2023 (기아SK3)더뉴쏘울 입니다.2023 (기아SK3)더뉴쏘울 예쁘긴하죠.(기아)더뉴 텔루라이드/(기아)더뉴쏘울2대차량도 같이 국내 출시할까?,1
238,왜 저는 이전 모델 외관이 더 예쁘죠 ㅋㅋㅋㅋ,2
239,환골탈테 모하비 만세!!!!!난 그래도 모하비가 너무 좋다~^^,2
240,텔루라이드 궁금 합니다~^^,2
241,저도 얼마 전에 텔룰라이드 페이스리프트 버전 지나가는거 봤네요.,2
242,노조때문에 텔루라이드는 국내 출시 절대 안되는게 아쉽네요,4
243,와 엄청 이뻐져서 국내 출시하는건가요!!!,1
244,그런데 저런 차들은 제보를 받고 가서 촬영을 하시나요? 아니면 현대기아차의 관계자로 부터 제공받나요?,1
245,펠리보다는 텔루가 승리다!!,3
246,기아텔루라이드멋있네요,1
247,소비자 입장에선 선택지가 많아지면 좋죠,1
248,펠리세이드 보다 마음에 드는데 국내 출시를 안하다니,1
249,텔루가 모하비보다 커보이는데..  모하는 그렇게크진않죠...근데 텔루 뒷모습은 정말괜찮네..,1
250,진작에 이걸 출시했어야,2
251,전면부 하단이랑 휠은스포티지 그래비티 모델이랑 비슷하네요,2
252,오우... 멋지당,1
253,3주전인가 해운대에서도 텔룰라이드봤어요. 주차장아니고 공도에서,1
254,텔루라이드 이제 넘 옛날 디자인인데…,1
255,그릴이 좀 허전해서 아쉽네요,4
256,이미 윤순님이 먼저 리뷰한 모하비 ㅎㅎ,1
257,폭스바겐 eos도 리뷰해주세요,1
258,저거 사야겠네요,2
259,내눈에 전 로그가 지금 로그 보다  이뻐보이는데,1
260,노조행님들이 있는 이상 이 차가 출시가 가능할까,2
261,이 차 한국출시 된건가요?,1
262,이전 모양이 더 낫다는 1인,1
263,기아는 마크만 좀 어케  잘했어도..,1
264,우파님...2분23초에 팰리세이드 하이브리드는 미래의 빅피처 큰그림 티저...?,1
265,디자인 너무 예쁜데 그릴이 왜저래,1
266,도대체 한국에 왜 안나와ㅠ,4
267,한국에는 왜 ㅠㅠㅠ 팔아줘,3
268,이게 정말 이쁜데 국내출시 왜 안하지,5
269,텔루가 팰리보다 훨씬 이쁘네국내 출시 학정이네텔루 옆에 서면 팰리 오징어,1
270,근데  차주분 동의하에 리뷰를 하시는건가요?,1
271,텔루라이드가 이렇게 큰차였나요??,2
272,국내에서 안파는 국내차...,1
273,펠리세이드보다 훨씬이쁘다,5
274,쏘렌토 페이스리프트 프런트디자인이 텔룰라이드 페이스리프트 이전 프런트디자인과 비슷하게해서 나옵니다 리어디자인도 비슷하게 나옵니다,2
275,모하비 업그레이드 버전,1
276,아빠차 -> 삼촌차 로 변신완료!,1
277,디자인은 호불호라지만 저는 전면부 디자인은 좀..별루네요,1
278,국내 출시 안하나... 쏘렌토 건너뛰고 사고싶은데,1
279,앞면이 둘리에 나오는 마이콜 닮았어요,1
280,그놈의 노조를 때려잡아야함.,2
281,모하비를왜단종합니까신개발안하고영원히해먹을수있는데 알수가없네지금까지버티다,1
282,영상에 팰리세이드 하이브리드?? 안나온다고 하던데 뭐가 진실인가요;,1
283,아 한국 출시한다는줄,5
284,미쳤다,1
285,멋진 최신 디자인 가운데 튀어나온 기어봉이 영 어색하네요...전자식이나 버튼식이면 좋을텐데,4
286,팰리가 훨 이쁘네,2
287,신차 탐지견  있으신듯,1
288,현기차전차종뼈대공유하면좋을땐대,1
289,국내 출시 안하는것좀 리뷰하지마세요 좀 헷갈리게,10
290,이게 뭐얔ㅋㅋㅋㅋㅋ 모하비 계속 생산해라...ㅋㅋㅋ,3
291,앞에 그릴부분이 뭔가 듬성듬성 된거 같아서 아쉽네요,1
292,아 기아 마크를 그릴말고 그릴위로 올렸으면 안되나... ㅠ,1
293,뻥태기형이 5일 먼저 올렸네 같은 위치에서 ㅋㅋㅋㅋㅋㅋ 형 그나저나 커뮤에 올렸던 브롱코 시승기는 갑질회사차라 ㄴ ㄴ?,1
294,"난 진짜 텔루 디자인 별론데, 왜 텔루하는지 오늘도  이해안됨!",1
295,라바에서 나오는 쇠똥구리 캐릭터네요.ㅜ전 모델이 더 신형 같음.,1
296,아니 미틴 차는 나오지도 않는데 신차만 오지게 뽑아내고 있네,2
297,굿,1
298,형 어린이날 선물로 나 이거사줘,1
299,앞 하단 은색그릴 때문에 차를 병신 만들어 버렸네 ㅋ라이트 는 나쁘지 않아 기어봉   전자식으로 작게 만들고 뒤 은색은 그냥  바디랑 같은 색으로똥꼬 듀얼로 해,1
300,그래서 출시하나요ㅡㅡ?,1
301,디자인 별로인데....모하비 하위 트림 느낌,2
302,오랜만에 보는데.. 저 티는 아직도 입고 있으시네요,1
303,오히려 마이너 디자인... 이전 디자인만 못합니다...!!!!️️️앞범퍼.. 뒤범퍼.. 아주 촌스럽습니다....!!!!,3
304,흥!,1
305,02:23 펠리세이드 하이브리드가 어딨냐!!!!! 팰리세이드 캘리그라피겠자 ㅋㅋㅋㅋㅋ 제발 피디들 공부좀 하자!!!!!,1
306,"왠 노조??기아는 예초부터 텔룰라이드국내 판매할 계획이 없었음모하비 k3 단종후PBV,픽업트럭 생산예정EV9은 소하리 생산 예정",4
307,ㅋㅋㅋㅋ 탈룰라 생각나네 이름이,1
308,이차 프런트도어 금형 품질&개발 담당 한지가 언제인지...그만좀 울궈먹자...그만해...이러다 다죽어...ㅋㅋㅋ,1
309,8:45 저번에 누기 하회탈이라고 했냐.... 계속 볼때마다...떠오르잖나....,1
310,텔루 디자인이 별로..,2
311,타보지는 못하나요? 왜 겉에만 설명하는지..,1
312,도우너같다,1
313,뒷태는  x7,1
314,그림의떡,1
315,해외자동차,1
316,텔룰라가 좋아? 별로 안예쁜데... 호불호 갈리는 디자인인가?,2
317,와 지리넹,1
318,돌출입 에디션,2
319,모하비보다훨씬별로네,1
320,아 이쁘다,1
321,팰리세이드  장갑두른 삼엽충 같은데,1
322,1등!! 한국 출시 하는건가요!?,1
323,비슷하노 모아비랑별차이 업는거 같네,1
324,텔룰라이드 앞모습보다가 팰리세이드 앞모습 보니 ㄷㄷㄷ.......,1
325,05:56 진짜 쏘렌토 인테리어는 극혐..,1
326,못생겻는데. 모하비가 더이쁨,2
327,어?? 텔루라이드????,1
328,모하비 단종하고 텔루라이드로 나옴 좀 이상하네요모하비는 후륜구동이고 텔룰은 전륜이니..왠지 더 구형이 된것같아요,1
329,텔'루'라이드 텔'루'라이드 텔'루'라이드,1
330,전이남.마이너..,1
331,우와 멋있네요,1
332,외국에서 다팔고 남는거 출시하는건가?ㅎㅎㅎ자국민을 위해 국내 출시가 먼저였어야지 그놈의 노조가 뭐라고 앉아서 떠드는시끼들인데..암튼 자국민을 우선순위로 하지 않는 기업껀 관심읍다잉돈있어도 저거 사주느니 트래버스 갈꺼같음,2
333,텔룰라이드 -> 텔루라이드조금더더 -> 조금더훨씬더더 -> 훨씬더,1
334,팰리=텔루라이드모하비 윗급입니다.,1
335,1등!,1
336,당연히 모하비지 펠리=텔루인데,4
337,2등,1
338,2,1
339,Wait?? it's now Available to buy in Korea or is this just an import?,1
340,안녕하세요. 아이트럭입니다.많은 분들의 성원과 문의에 저희 아이트럭이 카카오톡 플러스친구 채널을 오픈하였습니다.https://bit.ly/3EdsQWq카카오톡 플러스 친구추가를 하시면중고트럭 구매/판매 영업용 번호판을 한번에 해결해 드리겠습니다.감사합니다.,1
341,깔끔한 정리 좋네요. 저는 포터만 소유해 봤는데 봉고랑 비교해 봤을때 은근 디테일은 봉고가 더 좋더라구요. 예를 들면 더블캡의 경우 봉고는 천장내장재가 보강이 되어있어 주저앉지 않지만 포터 더블캡은 천장내장재가 시간이 지날수록 주저 앉아서 나중에는 엄청난 소음을 만듭니다. 그냥 눈으로만 봐도 재질이 더 고급스러워 보이기도 하구요. 또 봉고의 실내 발판은 고리가 기본적으로 달려서 미끄러짐이 거의 없지만 포터는 그딴거 없이 얹혀만 있어서 엄청나게 잘 미끄러집니다. 차는 봉고가 더 좋은거 같은데 승차감이랑 디자인 때문인지 포터가 훨씬 잘 팔리네요.,13
342,튼튼한거는 봉고3! 포터2랑 봉고3 둘이 전면충돌했는데 다행히 운전자두분 모두무사하셨고 포터2는 탑전체교체 봉고는 전카울판넬 본네뜨 밤바 레일교체한 견적본적있음,5
343,서스펜션 과 토크 세팅이 조금 다른것같아요가벼운짐에 고속주행은 포터가 좀더편하더라구요약간의 비포장 이나 중량짐 싣고 언덕챔질 할때는 확실히 봉고가 좀더 파워풀하게 움직이는거같구요 그래도 예전 한 20년전? 보다는 두차량의 세팅차이가 많이좁혀졌더라구요,3
344,제가 느낀 포터와 봉고 1톤의 가장큰 차이는 차량 높이와 시트고 엿어요. 하루에도 수십번씩 빠르게 타고 내려야 하는 택배업 기준에서는 봉고가 시트고가 높아서 봉고를 오래타면 무릎 연골에 대미지가 많았고 물건을 많이 실은 상태에서 고속주행을 하면 봉고가 더 많이 휘청거려요,17
345,"둘다 판스프링보강차량 운행중,둘다 오토1톤입니다. 봉고3는 핸들링이 가볍고 중량짐에 좋지만 차가 많이 튀어요 공차 운행시 코너에 조금 안정적임(고속도로램프구간 기준) 포터2는 핸들링기 조금 무거워요 적당한 짐에 장거리 운행하기 좋고, 코너에 좀 불안정합니다. 엔진소음 4-5단 주행중 소음이 갈라짐",2
346,저에게는 유용한 정보였습니다.정말 감사드립니다.항상 좋은 일만 가득하길^^,1
347,진짜 좋은 정보 많이 알아가네요 이렇게 자세한 영상은 첨인거같아요!!,20
348,"포터, 봉고 20년식 둘다 몰아본 느낌으로는 봉고가 압승.. 일단 내장재가 봉고가 훨씬 좋은 느낌, 그리고 핸들 그립감, 액셀 밟았을 때 치고나가는 느낌 등등 봉고 포터 고르라고 하면 나는 무조건 봉고",3
349,디폴트 타이어 사이즈 다릅니다~봉고 앞195 80 15/뒤5.00r12..포터 앞195 70 15/뒤145r13-봉고가 타야가 좀더 큽니다. 그래서 전고도 높고 좀 껑충합니다. 적재함도 봉고가 조금더커서 같은 짐 실었을때 약간 여유가 있다는거. 주유구는 봉고가 오른쪽 포터 왼쪽. 주유소에서 봉고가 빨리 넣을 수 있어요. 하지만 애프터마켓 액세서리가 포터가 월등히 많고 설치하기도 좋습니다. 배터리 위치도 달라서 추가 적재함달기도 포터가 수월합니다. 나머진 개취,8
350,봉고3 초창기때 3000cc엔진이였고 포터와 봉고3 휠 pcd도 다릅니다. 에어필터도 다르구요. 연료탱크도 다릅니다. 생긴건 비슷할지 몰라도 구조가 달라요.,3
351,1.2톤과 1.4톤 모델(기아)도 이와 똑같은 디자인으로 출시했으면 좋겠네요!,3
352,포터 봉고 다 운전해 본 결과...사람마다 느끼는건 다 다르지만 저의 의견은..승차감은 포터가 좀 더 좋고 힘은 봉고가 더 좋은 느낌.고만고만한 중량 싣고 운행을 하면 포터가 좋고..일의 특성상 중량초과를 해서 운행이 많을 경우 봉고가 더좋습니다.제가 두 대 다 몰아본 결과 그렇더라구요.그리고 봉고는 1톤 보다 1.2톤이 더 좋습니다.,2
353,봉고는 안타봤지만 포터가 존나 잘나간다는건 안다..ㅋㅋ재밌게탔지ㅋㅋ컨테이너로 건축자재 오면 받아서 100미터 오르막 거리 4톤씩 실어다녔는데 오토임에도 말짱했다.. 미친트럭.. 도로에선 모르겠음,3
354,"16년도에 4륜구동 봉고3 한대 구매후이번에 봉고3 2wd 한대 구매 예정입니다.지금 있는 4wd 160에서 리밋이 걸려있는지160에서 끝까지 밟아도 그 이상 안나갑니다...근데 같은 유로 5모델의 4wd 방식의 포터2는보강이 되어 있지 않아 봉고3로 구매를 했었습니다.예젘에 저희 아버지께서 봉고 프런티어를 타셧고,아는 분이 뉴포터여서 압니다..구형 차량 두대만 보더라도포터는 차가 가벼운 반면 실내와 적재함이봉고 프런티어보다 좁더라구요,프런티어가 무거웠던걸로 압니다..(유로 4모델 봉고3는 j모델 3000cc엔진)기아 봉고 시리즈 엔진만 본다면 JT엔진 J2엔진프레지오도 프런티어와 같은 JT엔진세피아랑 카니발도 J계열 엔진인걸로 알구요,(20년 전쯤 기아 버스는 현대 엔진)(1톤트럭은 유로 5모델부터 현대 엔진)지금이야 포터나 봉고나 똑같은 엔진이라 봉고3로 결정했구요짐을 많이 싣는다거나,중량물 위주로 짐을 싣는다면 봉고3가 낫다는 생각이 듭니다봉고 프런티어만 봐도 그렇습니다..(차 계약할때 6만원짜리 하드 서스펜션 필수로 선택하심이...)이건 뒤차축 판스프링 양쪽으로 한개씩 덧대는거에요대신 승차감은 버려야 합니다..넓고 보강 되어 있는 차체를 원하신다면 봉고3를...",3
355,봉고랑 포터랑 비교중인데 많은 도움이 되었습니다!,5
356,프레임차이가 가장 큰 차이점이죠. 그로인해 운적석의 높이 승차감이 차이나게되는거죠. 무겁게 다니면 봉고 가벼운짐이라면 포터.,38
357,요즘 나오는 포터 봉고는 잘 모르겠고 군대에서 둘 다 몰아봤는데 포터는 기어변속이 부드럽고 좀 흐느적 거린 느낌이었고 봉고는 약간 뻑뻑하고 탄탄한 느낌이었음,2
358,좋은 정보 알아갑니다~감사요:-),9
359,프레임 형상이 다릅니다. 외형만 다르지 않고봉고가 앞범퍼가 껑충한 디자인이라 약간 주행성이 떨어지니왠만하면 포터 사세요. 중고도 봉고 12인치 휠 들어간거 사지 마세요.,4
360,더블캡뒷 쪽 2열 의자 공간이봉고가 약간 넓고 편해요포터는 2열 가운데 아주 쥐약 입니다포터가 민첩하고(과속 만이함) 말랑 말랑하다면봉고는 정속 주행 듬직하고 단단한 느낌 장거리 주행시포터 보단 피곤한 느낌,1
361,승차감과 엔진 정숙성 부드러움 포터 압승 봉고는 그냥 힘만쎄요 같은 엔진인데 베라와모하비처럼 현대쪽이 정숙하고부드럽게 만드는 느낌,8
362,10년던 포터2와 봉고3  1톤 다  운행한 경험자로 똑같은 차체라지만  이상케 봉고3가 뭔가 더 하체가 탄탄한 느낌이었습니다 롤링도  없궁진짜 2.5톤씩 실고 다녀도 까딱 없었음,9
363,가구업에 종사하는데 포터를 4대째 바꿀때까지 수동으로만 몰았는데 확실히 나이들면서 피로감이 너무 오더라구요 이번에 오토로 바꿨는데 피로감이 눈에 뛰게 확실히 줄었습니다. ㅋㅋㅋ,2
364,자세한 설명 감사드립니다.,2
365,대우 쌍용 삼성도 화물차 생산해야 가격대비 품질 향상에 도움이 될것입니다.  수요성이 있기 때문에 3사도 생산에 동참 해주길 소비자 입장에서 기대합니다.,6
366,포터 봉고 출고때부터 타이어가 달라요 포터는 도심형 봉고는 깍뚝스러운 타이어 껴줘요 택배같은거는 포터고 자재같은거 운반하면 봉고가 더 좋아요 둘다 시멘트 한파렛트 싦고 타봤는데 봉고는 원래 차고 찾은마냥 잘가고 승차감도 좋아져요,13
367,유용한 정보 항상 감사합니다! 아이트럭 앱에서 중고 봉고랑 중고 포터도 취급하나요?,2
368,이런 정보 처음이네요 ,2
369,"요즘에는 1톤도 중량짐 실을수 있게 보강하는 부품이 많습니다... 쇼바,타이어가 있고 1톤 초장축 차량(적재함길이 3.7m~4.4m)1.2톤 초장축 차량(적재함길이 4m)단, 1톤은 오토변속기를 사용할수 있어 운전의 피로감이 덜하겠죠~~오토가 간절하신분은 초장축도 생각해보시면 좋을듯 합니다위 영상 내용은 없지만 1.2톤으로 카고가아닌 윙,탑으로 출고하시면 적재중량 1톤미만으로 소형화물로 취급 유가보조는 작아집니다단 카고로 출고후 윙,탑 구조변경은 중형으로 유지된다는점도 기억해 두시구요~~",1
370,저희 아버지께서 1톤트럭 구매를 고민하시는 중인데 트읽남 s 님 덕분에 구매하는데 조금 더 수월할 거 같네요 ^*^,15
371,진짜 중요한 건 1톤과 1.2톤의 보험료가  엄청나게  차이가   난다는 것.,4
372,좋은 정보네요~~^^,1
373,포터 쇼바는 부드럽고 봉고는 단단하다 1톤기준으로  조금더 무거운짐을 실고다닐땐 봉고 조금더 가벼운 짐을실을때 포터 이런기준은 있어야한다  써스펜스가 차이가 많이남,2
374,잘못 알고있는것이 있네요 1.2톤은 1년에 한번 검사받습니다1초장축 킹캡 슈퍼캡 차량도 파렛드 3개 씩 실을수 있는걸로 알아요.. 다만 무게도 그렇지만 힘 차이때문에 봉고3를 선호해요!  포터는 장거리운전하기 편하고 봉고는 묵직하고 딱딱해서 짐실고 다니기 딱 좋은차이어요...단점은너무 딱딱해서 봉고3 1.2톤은 몸에 충격을 준다는것이어요...포터 봉고3 봉고3 1.2톤  몰아본 후기입니다 농가에서도 요즘 봉고3를 많이타요!,8
375,1톤하고1.2톤 차이점 비교 정말 나이스네요,29
376,두개 차종에서 고민 중이었는데 상세한 설명 좋아여!,13
377,봉고 더블캡.22년 탔는데 엔진은 멀쩡하더라. 정말 알짜게 써 먹었다. 차량 부식이 진행되어 폐차시켰지만 봉고는 좋은 차!,1
378,1.2톤과 1톤은 뼈대가 다르고요.1.2톤이 더 두껍고 중량짐에 강합니다.그리고 현재 1.2톤은 소형트럭으로 법이 개정되었습니다.용달영업용 넘버로 1톤에서~1.2톤까지 선택 가능하게 되었습니다.기존에 1.2톤개별넘버 차량을 가지고 계신 분들은 증톤이나 넘버를 매도후용달넘버를 매입하여 다시 차량을 선택 구매 하셔야 합니다.,6
379,영상 감사히 봤어요 ㅎ근데 한가지 빼먹은게있는.....유가보조금과 파렛트를 적재하는 개수는 잘 말씀해주셨는데...1톤도 화주나 주선사나..1.5톤인데 1.7톤인데 3톤인데 괜찬으시겠어요??이런말이 자주나오거든요...1톤이 이런데 1.2톤은 ....진짜 모르긴해도 1.2톤 사장님들 고충말도 못할듯 ㅎ무게짐 심하면 안실으면되잖아 소리하시는분들 있겠지만...그런거 다 고려하면 화물일을 못해요...ㅠㅠ태클아닙니다 ㅎ아래 댓글님들 보니까 좀더 많이 실으면 더 많이번다고 생각하는 분들 있으실까봐 ㅎ,8
380,와..정말 꿀팁 얻어가네요,16
381,튼튼한프레임차체 과적도 허용되는성능 휼룡한 정비성 둘다휼륭하지만 짐적재량 과 용도에따라 구별하셔야,1
382,제원만 비슷합니다.구성 부품은 정말 다릅니다..현기차는 내수 수출도 다르답니다.,2
383,승차감...리무진시트 시공히니 좋던데..승용차보다는 못한건 당연하지만 시트만 바꺼도 피곤하지는 않음...실제로 바꾸고 운전 잘하는중,1
384,"유용했어요. 고맙습니다,",1
385,포터는 주행할때 편하고 봉고는 차체가높고 좀더 튼튼함,1
386,요새 짐차들 중고가 미쳤습니다.1.2 50만탄게 550에 수출 나가는거 보고 기절할뻔 했습니다.,1
387,오 완전 유용한 영상이네요감사합니다,1
388,포터는 주행 질감이 경쾌합니다.봉고는 포터에 비해 조금 묵직한 주행을 합니다.차량 세팅의 문제인데 포터에 비해 봉고가 조금더 무거운 짐에 유리 합니다.과거 기아가 현대에 합병하기 전부터 기아 트럭이 짐 싣기에 용이 했던게 작용한거 같습니다.1.2톤의 경우 흔하게 점사라고 합니다. 과거 기아에서 1.4톤으로 판매 되다가 합병후 감톤 된 경우 입니다.1.2의 경우 출고후 타이어 보강을 해야하는 단점이 있습니다 . 그렇지 않으면 롤링이 심해 피해를 봅니다.휠보강도 하는게 좋습니다.,14
389,포터는  봉고보다 브레이크가 더잘잡히고 봉고는 급브레이크 밟으면 외쪽으로 솔림현성이있다.또  포터는 기름탱크가 플라스틱으로 되었으며 차대프레임안쪽에 장착되어있어 죄우 흔들림이 덜하며  적재함 밑부분에 다용도 박스를 장착할수 있어  작은공구나 깔깔이등 수납의 편의성이 봉고보다 좋다.봉고는 눈에 보이는 적재함 겉면에 기름통이 있고 주유구가 조수석쪽 위치에있어 주유시 불편한점이 있다  봉고의 장점이라면 포터보다 옵션이 많다프레임이 튼튼해 포터보다 더무겁게 실어도 잘나간다 단 브레이크는 ...ㅠ,2
390,1톤과 1.2톤의 운임차이가 없고 1톤은 들어갈수있는데 1.2톤은 들어갈수없고 일은 큰차이가 없는데요 연비는 1톤이 약 10키로나오고 1.2톤이 6~7키로 나오고 과적은 1.2톤을 더 많이 시키고...ㅋ 톤수가 올라가면 올라갈수록 수작업이 적지만...1.2톤은 번외....제 생각에는 그냥 1톤 알반캡 슈퍼캡에서 선탹하시길...ㅎ,2
391,아주 좋은 정보네요 감사^^,1
392,산판차 봉고3 4륜 복륜개조+적재함 보강해서나무 5톤이상 싣고다님근데 보강재 무게가 1톤이 넘어버림 토탈무게 감잡힐꺼임미친차임,8
393,둘다 운영했었는데 승차감 차이는 좀 있는 편입니다. 짐이 없다는 가정하에는 포터가 전체적으로 승차감이 단단한 느낌이라 주행감이 더 안정적입니다 봉고는 기본 승차감은 좀 낭창낭창한 느낌입니다. 푹들어갔다 나오는 느낌..? 다만 짐을 실고있다면 봉고 승차감이 더 좋습니다. 참고로 포터랑 봉고랑 바디프레임 부분에서 차이점이 꽤나 있습니다. 그래서 연료통 위치도 틀립니다. 그리고 포터나 봉고 타고다니실 분들 대부분이 수동이니 말씀드리는건데 포터보다 봉고 클러치가 더 무겁습니다. 이건 부속이 다른건지 구조가 다른건지 봉고가 훨씬 무거워서 발에 피로가 더합니다.,7
394,2000년도 초에 현대차량 만들고 남은 부속으로 기아차량 만든다는 생각을 한적이 있슴.,2
395,영업용 번호도 1.2톤은 화물 번호라 4.5톤 까지 쓸수 있잖아요. 1톤은 용달이라 1톤만 가능하잖아요. 그게 제일 큰 문제 아닐까요?,2
396,1.2가 지금은 더 많이 싣고 더 무거운걸 싣는다고 해서 운송료가 더 높지 않다는 단점이 있지요,1
397,작년연말쯤 비가와서 빗길미끌려서 앞을 박았는데공업사직원이 진짜 괜찮냐고 병원 응급실 일단 가보자고 날 끌고가려고 하더라왜냐면 앞이 반파가 나서 발도 겨우 뺄정도였는데 사고후 기억잃고 발겨우빼고 쉬고있었음공업사 같이 가는데 얘기하기를 진짜 기아차여서 다행이었다고...같은사고로 현대꺼였으면 진짜 반신불수나 사망할수도 있었다고 하더라...같은차체 아니냐고 물어봤더니 기아꺼  A필러가 조금더 튼튼하다고 함...(그분 피셜로는)앞을 통째로 도려내 잘라붙이고 용접했다는데 그거보고 비교를 해볼순 없지만 기아차는 튼튼하다고 느낌,3
398,도움이  많이 됩니다최고입니다,1
399,1.2톤에 자동없는게 매우 아쉽네요ㅠ,3
400,포터  봉고  다타보면   포터를  선택하는이유가  확실하게 있음   한국사람은   기동력이라고생각됨  포터르기니!!,1
401,1.2가 왜 많이 없는지 타보면 알겁니다변속기 수동과 달구지 승차감은 기본으로 깔고가고 차자체에 구조적 결함들이 많이 있습니다. 예를들어 핸들유격 타이어 편마모 등등.. 물론 이런 증상은 1톤에도 있지만 비교불가! 구입하고 나서 후회하죠,4
402,포터와 봉고에 대해 잘 알고가요~,14
403,같은 1톤기준 포터 봉고라고 할지라도승차감은 무조건 포터승입니다. 저는 포터와 봉고3 운행중입니다.,2
404,제 키가176입니다 허리 펴고 앉으면 시야 확보가 많이 제한됩니다 .장거리 운행시 거북목에 허리도디스크 유발 가능성이 높습니다.이것 말고는 다른 부분은 포터가 다 좋다고 알고있습니다봉고 뒷바퀴 복륜사이가 좁아서적제 초과시 타이어끼리 붙어서 완전 위험합니다부식은 봉고가 더 빠른것 같습니다중고차 기준으로 가격방어율은 포터가 더 좋습니다최고속도는 포터가 더 잘나가고토크빨은 봉고가 더 낫습니다이것은 기어비 차이 인것 같습니다,2
405,제 키 가 180인데요  포터는 운전석에 앉으면 시야가 낮아서 답답하고 신호대기시 맨 앞에 있으면 신호등이 잘 안보입니다.반면에 봉고는 시야가 넓어서 운전하기가 편합니다. 키 큰 사람은 이점도 고려해 보시면 좋을 것 같습니다.,1
406,농업용 4륜 모델은 봉고3가 편해요 pto 버튼이 핸들 왼쪽에 있어 편함,12
407,많은 도움이 되었습니다,1
408,봉고타다 포터타고 용달하는데  승차감차이가 어마어마함 장거리운행많이하는 분들은 무조건포터,21
409,봉고 3운행자로 제일 마음에 안드는부분운 방지턱 넘을때  많이 튀는점이랑 탑부분 도색이  불량 이라  녹이 쓴다는점 운행하다보면   제차말고도  포터보다  봉고에탑 녹쓴차량이더  많더군요기아현대에서   좀신경 섰으면 좋겠습니다 ㆍ,2
410,1톤 기준 적재함 높이도 같나요?봉고가 체감적인지 몰라도 더 높아 보이던데요,1
411,정말좋은 내용감사합니다. 저도 그게 궁금했어요,1
412,타이어도 조금식틀리고 기름통위치도 좌우 틀림... 뒤쪽 판스프링이 틀린거같고..예전에는 봉고는 텔파이 포터는 보쉬 연료 시스템이였는데 지금은 보쉬로 통일 된듯,1
413,개인적인 느낌인지 모르겠지만 포터는 운전석에 앉았을때 높이가 낮고 봉고는 높이가 훨씬 높던데요,1
414,정확한 정보를 제가 2018년 봉고3 냉동탑 제일 기본형을 구매했습니다. 포터2와 가격 비교를 하고 봉고3를 선택을 햇는데 포터2 기본형은 2천100정도 가격  봉고3기본형은 1800만대엿습니다. 그리고 탑차경우 룸미러를 볼수없어 후방카메라를 달고 싶엇는데. 봉고3 냉동탑차 경우 2컴프 즉 에어컨용 냉동용 컴프가 따로잇는걸 할경우 +30만에 후방카메라가 까지 달려나왓음. 근데 포터2 냉동탑차 기본형은 2컴프비용은 같지만 후방카메라를 달기위해선 네이게이션 패키지를 구매해야 후방카메라 장착이 가능함 당연히 가격도 더 비싸고. 즉 전 봉고3 냉동탑차 가장 기본형을 투컴프만 달아 추가비용+30만으로 후방카메라까지 장착하여 신차 출고함. 포터2 냉동탑차를 후방카메라를 달려면 200만 넘게 더 비쌉니다. 큰차이는 없지만 가격이도 그렇고 약간 차이 납니다.,2
415,포터가 조금낮아서 짐 싣기가 편하고 봉고는 힘이 좋아서 특장많이 합니다,6
416,1톤 사서 스프링 튜닝하고 타이어 큰걸로 끼우면 됨 아 물론 그렇다고 1톤으로 3톤 4톤 운반하라는게 아님 다른분 말씀대로 차 프레임 데미지감,1
417,오~~~ 좋은 비교입니다. 고맙습니다,1
418,키 180이상 몸무게 90이상 봉고 마른체형에 키작으면 포터차고차이가 은근납니다,4
419,일반 이랑 슈퍼캡 차이가 큼ㅜㅠ잠깐 쉴때 의자가 많이 재껴져야 좋은데일반캡이면 의자 앞으로 땡기고 등받이 재끼야 하는데 불편함..,1
420,포터랑 봉고는 프레임 두께도 차이가 있습니다. 과거는 봉고가 더 프레임이 좋았고 프레임이 찢어지거나 부러지는게 포터였습니다 실제로도 헤드와 적재함이 꺽여 부러지는 포터도 여러대 보았구요현재 기준으로는 봉고보다 포터가 프레임이 더 두껍다고 합니다ㅎㅎ,3
421,포터는 승차감 봉고는 더욱 무거운 짐을 더 버텨 줍니다,4
422,광고없이  현대 기아를  먹여 살리는 차,1
423,승차감 :봉고가  헐씬딱딱합니다  계속 쭉포터만타오다가  봉고로 바꿨는데  후회중이에요  과속방지턱지나갈때  포터같이 지나가면  차전체가  튀어오릅니다 ㅠㅠ,2
424,좋은.정보 감사합니다,2
425,땅으로부터 시트높이가 차이가 있는거 같던데...봉고는 많이 올라가야 하고 포터는 아닌거 같던데요.. 아닌가요?,1
426,좋은 정보 감사합니다. 영상을 보면서 살짝 아쉬운건 코멘트하시는 목소리가 넘 작게 들리는데 중간중간 음악과 효과음은 넘 크게 들려서 목소리 들을려고 소리 높여놨다가 깜짝 놀라게 되는 경우가 생깁니다. 벨런스를 좀 맞춰주시면 고맙겠습니다.,4
427,포터 사고 싶지만 1.2톤이 없어서 아쉬움,2
428,1.2톤이 많은짐실을때는좋습니다 그리고 짐실고 오르막등차고올라갈때스틱1단기어가좋죠 오토는짐이많을땐오르막치고나가는힘이쫌약하죠 아직도화물차는수동기어많이선호합니다,5
429,"난 계기판이 붉은색인 기아 한 표.붉은색이 야간에도 눈이 편하고, 낮에도 파란색보다 시인성이 좋음.",1
430,같은듯하지만 봉고가 왠지 내구성이 조금더좋은듯 했습니다 이유는 모르겠구요 ㅎㅎ,4
431,포터는 도심에서 막타기좋고봉고는 현장에서 막타기좋음,2
432,적재함 문짝들이 봉고가 더 무거워요 그만큼 튼튼하다는거겠죠?,2
433,아는 분들은 절대 봉고 안사더라구요.같은 가격이나 별차이없는 가격이라면 88%포터더라구요.한단계 낮은 차가 봉고로 보시면 될거같습니다.,3
434,두 차는 성격이 아예 다릅니다 디자인만 다른게 아닙니다 부속도 아예 다른부분이 더 많습니다,6
435,포터와봉고가장큰 차이는후레임구조입니다포터는 과적시 후레임  부러져요,4
436,1.2톤은 정말 1톤 차랑 비교하기에 정말 다른 차 입니다. 핸들 정말 뻑뻑하고 지칩니다. 현재 1톤 오토랑 1.2톤 스틱 타는데 편한 1톤 타세요. 몸 상합니다.,1
437,1.2가 되는순간 디지털차량운행 기록장치가 의무.,16
438,"포터 : 좀더 자가용같은 느낌, 고속주행가능 170까진 그냥 밟힘봉고 : 힘이 좀 더 좋아 중량 3톤 싣는데 문제없음(기어비세팅차이인듯)포터만큼 고속주행 안됨.",14
439,프레임차이나 벨트라인같은것들그리고 세팅값부터도 다르다고 알고있습니다,1
440,더큰 제일큰 차이 as나 리콜 차이 예를 들어 같은 인젝터 리콜이라도 포터는해주누데 봉고는 안해준다는거,8
441,중량짐 싣고 다닐 거 아니면 걍 포터가 답이죠,1
442,다른거 하나더 있습니다같은조건이면 보험료도 다릅니다포터2가 봉고3에 비해 보험료가 비쌉니다제가 경험했습니다봉고3 타고 다니다가 포터2로 바꾸고 보험들려고 하는데 차이가 많이 나더라구요상담사한테 물어보니 신차기준으로 포터2가 비싸다고 하네요미리알았으면 그냥 봉고3 사는건데..ㅠ,1
443,1톤이든 1.2톤이든 승차감은 봉고쪽이 낫습니다.기름통은 포터가 작습니다.,4
444,"비교분석 정보유익 하네요,다만 효과음은 다운이 필요한 것 같아요",1
445,봉고3가 3파렛이 들어가서 콜 잡는분들은 봉고3이 좋죠,1
446,포터2 는 뼈대가 봉고보다 약하다하는데 사실인가요?,2
447,포터 2대째 운영하고 있습니다. 제원상의 능력보다 2배이상 싣을 수 있어요~,4
448,시내바리아니면 오토보다 수동이 더 났던데,1
449,솔직하게 차는 현대가맞음 둘다몰아보니까 외관은 기아인데 주행은현대 아물론 이것도나중갈수록 개선되겟지만,1
450,두차량 프레임두께를 비교해보면 포터가 눈으로볼땐 거의 두배는 두꺼운거같아요,5
451,개인적으로 봉고 1.4t이 레전드라 생각합니다,1
452,1톤 봉고가 포터보다 뒤차축이 높아요그래서 택배차가 포터가 많아요 타고내리기 쉽거든요,2
453,짜장vs짬뽕 처럼   선택이 어려운  문제죠ㅎㅎ좋은 정보영상 감사합니다!,4
454,골프장에 근무합니다.  우리는 무조건 봉고입니다. 포터틑 좋은길이나  다녀야죠.,1
455,봉3은 무게짐 승차감 안좋음포2  승차감좋음  무게짐 판스프링 보강,1
456,봉고와 포터는 타고내릴때 높이차이가 많이납니다.,1
457,잘 봤습니다.,3
458,택배차는봉고 카고는포터 그리고 키크면 175넘어가면 봉고가답이다 전고 2.5무시못하지 전방시야부터 봉고가넓음 포터는 내리기편함,4
459,원래  봉고로 포터 만든거 아닌가?  현대가 기아를 흡수한 뒤로 포터가 좋아 졌다는 말이 있었던데...,1
460,와우 좋은 컨턴츠,1
461,포터는 쿠팡인것의 차이로 정의가 됩니다,1
462,최고 최고감사합니다,1
463,1.2톤도 오토가 나오면 좋은데,8
464,지금은 더더욱이 꼬마들구하기힘들꺼다 학교에서 차량에대한관심으로시작했던친구들이 환상이랑틀리구 자기주관확실해서야 ㅎㅎㅎ편의점에서 편안하게일하는친구들하고 동급으로 수준맞춰주는거일텐데 현타가 오지게올뿐이지 용접두해야되고 글라인더질이나 자격증따구학교에서배운거랑 너무틀리구 현장선배들은 너무짜증날수밖에없고..외국인들이 감히 들어오지못하는직업이니까 아무리힘들어두 노력좀해주세여 나도 막내탈출좀;;ㅎㅎㅎㅎ,2
465,봉고 vs 포터 차이점 비교  종결 영상,1
466,봉고 핸들돌리는게 가벼움포터 핸들돌리는게 무거움(장거리 포터 단거리봉고),3
467,승차감은 절대 포터가 짱임. 요철 지나면 봉고는 머리가 아픔.,3
468,1톤 더블캡 포터에 10p  타이어  끼고 3톤까지 적재가능 한가요?  2.5톤 굴착기와 어태치먼트  같이 실어야 하는데..    인되면 1.7톤 굴착기와 어태치먼트 합 2톤까지는 가능할지요?,1
469,초보 새차 사는분들 도움 되겠다,2
470,엔진은 같아도 엔진 배치가 다른니다. 쉽게 설명하면 포터는 엔진 열이 좀더 받습니다.봉고는 차 하부가 약간이지만 바람 순환이 좀더 잘되기에 열로 인한 고장이 조금 덜합니다. 특히 포터 운행하시는 사장님들 에어컨 컴프레셔 컨디션 어떠신지요.저도 포터를 장시간 운행을 하고 있으나 에어컨 컴프레셔가 3년을 못넘깁니다.,7
471,"중량짐 = 봉고장거리 , 비교적 가벼운짐 = 포터",11
472,포터나 봉고나 그게 그거인듯.. 그것도 차라고..정말 선택지가 없는게 안타깝네요 일단 상하전후좌우 너무 낮고 좁고 내 목은.....,1
473,자형에게 1.2톤이 있고 저에게 1톤이 있는데 박스묶음 10개짜리를 실으면 자령껀 120개 실리고 제꺼는 딱 100개 실립니다. 위로한칸씩 올리면 더 실리기야 하겠지만  포터와 봉고의 차이는 차의 짐칸도 짐칸이지만 차체가 높아서 더 실리는것도 있어요 뒷문걸고 파레트 하나 더 싩을 수도 있고 차값 차이가 나지 않는 이상에야 1.2톤 봉고가 이득입니다. 오토고 차 흔들림이고 할거 없이 1톤기사로 돈벌어 먹으려면 봉고를 선택하는게 이득임 파레트 하나당 5만원 해준다고 할때 포터는 10만원이고 봉고는 15만원 비슷한 기름값이니만큼 봉고가 시간당 수익이 훨씬높아요,1
474,포터는 일단 중고차시장에서 봉고와는 상대가안됨,1
475,깔끔 명료,1
476,무거운짐(봉고)  가벼운짐(포터),1
477,음 사개국 살지만 한국에 여의도 제외하고 대구북구4집에 12대차량을 운행함 전원주택은 모터홈 트래블미니멀카 주차공간... 그중에 1톤포터 1.2톤봉고노랑번호 있음... 색다른 정보도 알아갑니다^^ 기업용은 아님...1톤포터는 흰번호판이구요... 활용성으로 씀...한집은 개독교건물이 있어서 자주안감...마트가 가까워 다른집에서 감....다른집은 주차장에 포화라 자주안가고...한 아파트에 2집있는곳만 있음...그런데 이곳도 단점이 많음....,1
478,풀체인지 언제 나오나요... 16년째 기다리고 있는데,5
479,봉고추천 승차감이 좋음,1
480,탑차는 1톤의 탑을 달고 다니니까 봉고가 나은건가?,2
481,참고로  나도  포터 봉고 총세대있는데  3톤씩   폐기물버리는데   둘다 버티긴하는데  확실히   무겁게달고다니면 프레임 버틴다지만ㅋㅋ 엔진 소리만들어도고생한차인지아닌지알수있음  체인 너덜해짐  ㅋㅋ  결국  1톤은 우유유통기한같이 여유를둔거지만  많이먹으면 탈나는건마찬가지인듯   여기서엔진미션걱정하시는분한분도없음ㅋㅋ,1
482,1.2톤 꿀렁꿀렁거려서 1톤이 좋은듯요 1톤도 2톤정도는 실습니다,2
483,틀립니다 1톤은 과거 2.9랑 2.5차이엿지만지금은 A2엔진그대로쓰는데도 1.2톤이나 이런거는 앞축도 판스프링으로들어가고 귀찬아여그냥 ㅎㅎㅎㅎ그냥 포터1톤사세여 ㅎㅎㅎ그게답임 ㅎㅎㅎ똑같은엔진써도 공유하는부분이틀리고손보는게까다로운게 기아쪽임 1.2톤만하더라두 그냥 무난하게 포터2 A엔진으로가시는게 무난하십니다 수리비나 공임비나 ㅎㅎㅎㅎ좋아하는할수잇는사람은 그냥 오너일뿐임 ㅎㅎㅎㅎ어차피 원래 1톤두 3톤들구다니는분들두많아여 ㅎㅎㅎㅎ,1
484,어느분 글대로 승차감이 크게 치이남 ...포터가 승차감이 훨씬좋음...,13
485,봉고 말뚝기아 최고임,1
486,제일큰차이점이 봉고는 사륜있다는거아닌가?,1
487,포터가 잘팔리는 이유가 다 있어,1
488,한밤중에 무심코보다가 배경음악과 호과음 때문에 깜짝 놀랍니다. 불쾌감이 들정도로.컨텐츠가 차분한 내용인데 배경음과 목소리 볼륨을 맞춰주신다면 훨씬 보기편한 영상이될듯 합니다,1
489,정리 감사합니다,1
490,포터 -> 짐도 싣지만 이걸 주로 많이 사용한다. 일할때도 사용하지만 일상적으로 사용한다. 멀리다니기도 한다.봉고 -> 짐을 많이 싣는다. 세컨카고 일할때만 사용한다. 멀리 가지 않는다.포터의 단점 -> 쇼바가 물렁거림 / 꿀렁거림 심함 / 짐을 많이 실으면 힘이 약간 모자름봉고의 단점 -> 쇼바가 단단함 / 롤링이 심함 / 짐을 안실으면 잘안나감,3
491,포터와 봉고의 큰차이 에어컨콤프 가는게 봉고3 가 지랄임...,1
492,둘다 맨날 타는데포터는 서스 물렁물렁하고 엔진 부드럽게 속도 잘나가고 봉고는 서스 더 딱딱하고 핸들이 더 잘돌아감포터는 ㅅㅂ 무파워 핸들수준.. 포터 신차를 안타봐서 원래 그런지 아닌진 몰겠음,1
493,아......쩜이는 스틱뿐이었구나,1
494,봉고와포터1.2t정보좋아요,2
495,1.2톤은 앞서스도 적재함 서스랑 같은 판스프링이 들어갑니다. 1톤과 비교하면 경운기 확실합니다. 맨홀꺼진곳이나 페인곳 고속으로 지나가면 심장마비 동반되요,1
496,목소리는 작은데 갑자기 브금 엄청 큰소리로 나와서 밤인데 개당황,1
497,오 처음알앗네요 감사합니다 좋은정보,1
498,"두대를 돌려가면서 몰고다닌 경험으로봉고는 중량짐을 싣고 고속도로 달릴때 안정적임. 이때만큼은 포터 승차감 부럽지 않음.대신 공차가 너무 하드해서 승차감 엄청 튐.포터는 공차일때부터 승차감이 굉장히 편안함.대신 중량물 실었을때 확실히 주행감이 불안함.유리집 트럭들은 포터가 많고, 고철집 트럭들은 봉고가 많은 이유.",1
499,"주행감은 미세하나 포터가 낫고 오토기준 변속감은 봉고 압승, 진짜 포터 오토 말타기는 이해가 안감",1
500,자동차유리업자 인데요 포터2는 차가 노후화되도 전면유리가 괜찮지만 봉고3은 아래 받침대를 끼기위해 키가 있는데 그게 녹슬면서 유리 깨지는 사고가 아~~~주 많습니다 포터를사세요ㅋㅋ,1
501,봉고 3 더좋음. 짐2톤 정도실고나면 차이남  튼튼 하고 ㅋㅋ저는 1.2톤 탑니다 ~현대차는 너무약하게만듬,10
502,봉고1.2t사시면후회 합니다 짐 1톤넘으면 넘나흔든리고 브레이크도 제대로 작동을안합니다 특히ABS여름 에도 방지턱넘어가면서 브레이크를 밟아면그냥밀림니다   그레서저는브레이크ABS 없습니다카센터에서 아주죽여습니다,1
503,와~  처음 알게된 사실이네요,4
504,현기  다 똑같다.   시동 불량  에어컨 불량  등 누가 그러턴가 뽑기 잘해야 한다고. 현기는 다 같다.써비스는 통 고객은 팔면 그때뿐..  죽던 살던 고객 책임 계약 하면 끝 알아서 해야지..그나마 아직 까지  내소유 차량중 기아가 더 많은편   더 줄이고 현기 탈출하련다..  안전을 생각하려면 조금더  생각후 구매하시길...,3
505,기아 봉고는 2년만 타면 다 삭아서 없어져요.. 라는 영상을 어디서 본듯..,1
506,티비에서 연탄무겁다면서 봉고트럭에 싣는거 봤는데...계산해보니 5톤... 5톤싣고 달동네 오름... 과적을 넘어선 무엇인가를 봤음..ㄷㄷ;;;,5
507,봉고는 4륜도 있는데요.,1
508,다  떠나서  승차감은  포터.,1
509,1.2톤 랜덤으로 측면쏠림있다고합니다. 센터에서도 못고친다고 그냥타시거나 파시라고.ㅜㅜ,1
510,1톤트럭도 다른회사나 수입이있었으면 어땠을까싶다1톤트럭 독점이라 사골이여도 ㅈㄹ 잘팔림,2
511,포터나 봉고나 결함은 없나요?대안책이없어서 찝찝하긴한데 계약은해야되고...,2
512,포터2 봉고3 모두 타 봤는데 봉고 3 에어컨 개떡 회사에 봉고 쩜2도 있는데 이것도 에어컨 개떡.,1
513,똑 같다 햇는데 승차감 차이는 뭘까요? 기아 승차감 쓰레기던데 차이점?,1
514,1.2톤봉고 2톤정도 싫고 90이상밝으면 차가왔다갔다 하는데 저만 그럼 운전하기 무서울정도,1
515,기아1.2톤 사지마세요롤링이 심하고 한번은 브레이크가 밀려서 죽을뻔 했습니다 또 한번은 다시방에서 연기가나서 화재가 날뻔했습니다,1
516,포터와 봉고 높이 차이 있음,1
517,1.2톤은 1종 보통 면허로 운전가능한가요?,2
518,1.2톤 봉고 3 봉고3 소형차에 속하나요? 중형차에 속하나요?,1
519,1톤차에 1톤 싣는 사람 잘없슴 .봉3이에 기본 3톤 싣고 다님,12
520,잘 보고 갑니다......,1
521,음성 소리는 너무 작고.. 사운드는 너무 크고... 다음에는 일치하게 녹음하세요.,4
522,목소리가 작으셔서 볼륨 올렸다가 음악나올때 너무커져서 깜짝놀랐네요 ㅋㅋㅋㅋ,3
523,전 무조건 포터입니다.,1
524,무조건 포터.... 봉고 완전 구려 왼팔 걸때도 포터가 편해,1
525,포터가 짱이지,1
526,기아 ㆍ1톤 후래임 깡통 넘잘삭음현대ᆢ고강 파이프 사용ᆢ,4
527,그래도 1.2톤 탈거같은데요. 일할때는.. 물류 일햇지만. 어차피 거기서가기,1
528,,1
529,과속은 포터과적은 봉고,39
530,내용은 많은 도움이 되었는데요편집하실때 오디오  신경좀 쓰세요효과음은 너무 크기 목소리는 잘안들려요,1
531,좋은 정보나쁜 음질,1
532,1.2톤이 최고지.,1
533,일점이톤은 포바이포 가 없어요 쇼바 크기가 더 큽니다 일톤보다,3
534,포터 사세요 운전석 차체가 낮아 타고 내리기 편합니다,1
535,감사합니다,1
536,허리디스크가 생기느냐 안생기느냐의 차이를 빼먹으셨네요,1
537,가장중요한건가격인데요.,2
538,영상이.. 음성은 너무 작고 효과음?은 너무 크고.. 음성기준으로 맞춰놓고 보다가 효과음?이 나오면 큰소리에 놀래 자빠짐.. ㅋㅋ 사운드 평준화좀 시켜주세요.  조용한 곳에서 영상보기 힘듬.. ㅠㅠ,1
539,우리껀 포터 슈퍼캡그리고 봉고더블캡(둘다 파란색 ㅋㅋㅋ),1
540,이니 연예인급인 분이 나와서 뜬급 포터 봉고애길 하다니~,2
541,"자동차검사는 1.2톤도 연 1회입니다,",2
542,음량차이가 너무 심해요 ㅠ 마이크녹음이 너무작아요,1
543,포터르기니 ㄷㄷ,1
544,잘 보겠습니다. 음악 소리는 그나마 좀 들을만 한데 목소리가 너무 작네요.,1
545,알고사도 후회....,1
546,200키로라구 차이두는 부분이 절대로;;ㅎ크지못해서그래여 ㅎㅎㅎㅎ1.2톤으로 3톤을 들구다니나 1톤으로하구다니나 대한민국성향상 그냥 그정도 무리해서 다닐수밖에없고정비할때 에어컨콤프레셔나 단순교환엔진오일교환할대도 틀린부분 단순한부분으로 비용이틀리게받을수밖에없음 그렇다구엔진이틀린것두아니구 기어기만바꾼부분인데 ㅎㅎㅎ걍 1톤기준으로뽑으시구 무거운짐 끌구다닌다구 주류회사나 수동으로 강제로 초반에 알피엠올려서하는거보다 오토가 훨씬효율적임 어설프게 조금기다려야된다구 가스차나 전치가뽑지 않앗으면하는바램임..당장은 괜찬을지몰라두 핸드폰두 수명이 시간지나면줄어드는데 그게 꾸준히 유지가될기술력아직멀엇어여 그냥 디젤뽑으세여 1톤으로;;오토로;;,3
547,현대차 얼마나 이득만 챙기는 회사인지 간략하게 하면 2021년1월식 뽑앗는데 풀옵션 2200만원가량 방석히터랑 송풍 방석이 운전석밖에 안된다 티볼리 2020년식 초상트립 아랫단계 대략 2200만원 가격이 비슷한데 티볼리는 보조석 송풍.히터 잇음1톤 트럭이 2200만원  싼개아닌데 현대승용차는 안산다 썩을 현기차,1
548,Subscriber from Philippines ,4
549,포터는 대체로 미션이 ㅄ임 반박자 늦음 그리고 캡과 적재함 사이가 약함 봉고는 차고가 높아 빈차일때 속도내면 개 불안함결론 봉고가 가격도 조금 싸고 짐차의 역활로는 나음 포터2 쓰레기,1
550,마이크 볼륨 키워서 다시 업로더 요청합니다,1
551,근데 옛날에 봉고3 1.4톤도 있지않았나요?,1
552,봉고랑 포터 두대 다 가지고 있습니다.착좌감   봉고승차감   봉고소음  봉고진동  봉고장거리  봉고적재공간  봉고레그룸  봉고 키 180  이상은 무조건 봉고장거리  봉고시야  봉고가속성  포터연비  포터 1정도 차이남기어비가 봉고가 촘촘함에어컨필터교환  포터    봉고는 지랄임결과..   포터산걸 엄청후회함..봉고3  사세요,4
553,"잘 보았습니다  끝날때 갑자기 커진 효과음악 소리에 고막 터질뻔,,,,, 조절좀  하시오",1
554,세렉스도 1톤화물인데용,1
555,작년9월에 뽑은 포터도  승차감 개판인데..  1.2톤 봉고는  얼마나 개판이라는거야...,1
556,소형 화물차는 쉐보레 다마스 아닌가 ㅋㅋㅋ,1
557,음악소리는 너무크고 말소리는 너무작음...조절 못 하면 음악 빼면 됩니다,41
558,부식 나면 포터 해주고 봉고안해주던데,1
559,봉고포터 외장과 하체는 공유가 안됩니다,1
560,"세금,   보험금이 빠졌네요",1
561,음악이랑 말소리의 데시벨차이가 엄청많이나서 듣기 불편합니다 음악소리를 줄이든 마이크볼륨을 좀더 키우시는게 좋을거같네요,1
562,정작 중요한  구조적 이야기 안하고...ㅋㅋ,1
563,볼륨 밸런스가 하나도 안맞네요 ㅠㅠ 음악은 귀 찢어질만큼 큰데 목소리는 안들리고...,1
564,뭔 평생후외까지야..잘 몰고 다니면 그만인것을,1
565,봉고는 포터 똥꾸멍도 못따라옴 타보면 암,1
566,보닛없는 1톤 사고당해보니 후회~;,1
567,인트로등 효과음이 진행목소리에 비해 너무 큽니다,3
568,중요한게 엔진cc가 다른데,1
569,14년식운 뭐가 다름메?내가 그거타는데 다른거 있나요?,1
570,장거리 모두거 기아 봉고가 최고 포터 너무좁아,1
571,포터은 당연히 1톤만있고 봉고은1.5톤이있지 하지만 봉고은 적재함이 높아 ㅋㅋ 불편하고 포터은 적당해서 좋아 하지만 둘다 쓰레기차다 다 썩어 특히 봉고가 더 심하지 길거리에서 많이 보잔아 썩은차 봉고 ㅋㅋ 그담이 포터 ㅋㅋㅋㅋㅋㅋㅋㅋㅋㅋㅋㅋㅋㅋㅋ,2
572,1톤으로 1.2톤 일을 못한다는데서 그냥 거름.. 1톤포터에 3톤 싣고다니는 사람도 쌨는데,2
573,스페어 타이어호환 안됩니다,5
574,좋아요,2
575,대형차들이 유로6기준으로 사실엔진오일기준이란부분이 왜길어졌냐하면 메뉴얼을 1도읽지못해서그래여 일에 얽매이고...저는양심있는새기라 사실상 엔진오일기준도 현재보단 조금더 맞는부분으로알려주고싶은데..이걸 메뉴얼정비라구 읽어보는부분이 공부안한정비사보다 나을수도잇다라구얘기해주고싶어 회사차라면 읽지지마 그냥 때되면가서 자기돈안들으니까그냥하면되니까 불편하면 왜말을못하는지모르겟어 아무리월급받아두 차로돈벌어다주는부분이고 그런부분인데 정비를제대로못해서 사고를일으킬수잇지 그냥그만큼조심하는거잔아회사에서는 정비비용을 최소화해야되고...근데 그책임은 온전히 다받을자신잇어??차라리 말은제대로 해놓고 몰란말이야 그래야지 책임회피하지 바쁜가게는 하나하나 신경서줄수가없으니까 해달라는거 최소한의 위험만 봐준단말이지..차라리 운전직이라면 단골가게가있으면 몰릴시간에오지말고 전화를해보고 확인하고 오길 추천합니다,1
576,4륜1톤럭가격,2
577,목소리가 너무 작고 효과음이 너무 커서 볼륨 조절좀 하면서 영상 올려주세요;,3
578,말소리랑 효과음브금 차이가 너무 커요 목소리에 비해 효과음이 시끄러워요,6
579,똑같은자동차지만 현재 현대차 4륜 포터 타고있는데 가끔 기아차 4륜 옆집아저씨 차타보면 아 ㅅㅂ 기아차 살껄 생각든다 절때 똑같은차아님 현대차 말타기가 더심함,4
580,마이크좀 차고 했으면 정말 좋았겠다,1
581,이 모든게 땡중이의 작품 입니다. IMF때  현대 기아를 합쳐 놓아 이렇게 독점. 차량 가격만 발달 했죠! 성능 기능은 거의 제자리.....,4
582,Брат киа бонго лучше хундай портер..,3
583,1.2톤 검사1년에 1번입니다 잘알고 방송해라,1
584,목소리 음성은 음량이낮고 브금은 왤케큰지영상보기 너무 불편하네요,2
585,봉고 롤링 심합니다,1
586,목소리가 뭔가 깨끗하게 안들리는데 내폰이 문제인가,2
587,말소리에 비해 효과음과 음악이 넘 커요,1
588,봉고 와 포터는하늘과 땅차이가나요승차감평스프링강원도는 봉고가 우세하고평지도심 포터1톤차만봉고 포터40 50년 사용 해 네요봉고는 빗길에  취약하고요포터는 강원도 언덕에취약합니다,2
589,узбекистонга жонатинг хамкорлик киламиз,1
590,말소리 크기랑 음악소리 크기 차이 너무 심한거 아닌가요? 귀 터질뻔 했네요....,1
591,운전석의자 엔진때문에 더러게 뜨거워서 장거리 운전하기힘든어 차값 왜 올리냐 변하거 하나없는데 아 하나 잇네 요소수,1
592,마이크 끼고 했으면 더 좋았을거 같은데 별루~~,1
593,오디오가  영  ㅜㅜ 안좋아 발음도 ㅜㅜ,1
594,목소리 작아서 소리 크게 올려야하는데 중간에 효과음만 더럽게크네,1
595,음악소리 너무커요 깜짝 놀랐네~~,1
596,목소리는 작은데...배경음이 겁나게 크네요...중간중간 잠깨우시려고 일부러 그러신건가?,1
597,베리구뜨 ,1
598,Сколка стоыт новий кия бонго на $$$ ??,1
599,목소리가 너무 작아요,1
600,마이크가 좀 이상한거같은데요 목소리만 너무 작네요,1
601,목소리가 너무 작아요,1
602,내용은 참 좋은데 유튜브는 기본적으로 마이크 부터 좋은거 사야합니다 ㅎ,3
603,제대로 안타봣네 승차감과 엔진소리차이 알려나,1
604,жавоб кутаман,1
605,목소리는 작은데 효과음이랑 비쥐엠이 너무 커요,1
606,s님 잘생겼어요,3
607,1톤 오토 츄,1
608,음악 조절  해주셔요,4
609,봉고 지,1
610,판스프링틀려요,1
611,오토냐 스틱이냐에서 끝,3
612,목소리는 작은데 효과음만 왜리리 큼?,1
613,기아 못쓴답니다.,1
614,목소리는 존나 작고 음악은존나 크고 좀 일관성있게좀해주세,1
615,말소리가 너무 작아요,1
616,음악소리를 줄이던 목소리를 키워야지.. 볼륨 조절을 뭐에 맞춰야함????????,1
617,어딜보고 말씀하세요??,2
618,뭐야 이거 알맹이 없잖아....,1
619,화음안들여요,1
620,에혀 직업이운전직이구 자기 사업같은사람들이 왠만큼안다구 깝쳐두 절대로 정비사들 수준을 넘나들수없는부분은 꼬마처음배우는부분부터도 정말 많은경험을쌓은선배들이교육자체를 과거랑틀려서 잘가르쳐주는부분이생겻지 선배들이 많은경험과 머리가좋아서 고객유지는해야되면서도 후배들양성에 중간에서 머리터질꺼다 ㅎㅎㅎㅎ과거같이 많이 할려는친구들이없어서 동생들 많이 떠나더라두 가르쳐놓아야지 누가와도 자기가 덜고생하구 같이 마음맞으면 일할수잇으니까,1
621,브금소리 욕나오게 크네 사운드 벨런스좀 맞춰,1
622,안들려,1
623,우아 최희 화장빨이였네 첨보고 빡터짐 ㅋㅋㅋ,1
624,제원읽어주는남자인가요?,1
625,아유 말소리는 작고 음악소리는 크고;;,1
626,음악소리는졸라큰데 목소리는쥐똥만하내 애휴 ㅋ,1
627,무슨 이야기하는지,1
628,Não entendi bulhufas,1
629,"1톤 포터2와 봉고3 10년이상 번갈아 가며 운행 중 느낀점.1. 가장 뚜렸한 차이는 차고 높이와 좌석 높이 차이봉고3 - 좌석 높이가 상대적으로 높다-----> 장점 : 운전석에 앉았을 때 전방 시야가 더 넓게 더 멀리 보여서 시야 확보가 더 도움이 됨.                                                                                     장거리 운행시 속도감이 덜 느껴져서 시각적 피로감이 덜함                                                                         단점 : 좌석이 높으니 승하차시 상대적으로 힘이 더 듬. 착석시 안정감이 떨어짐(공중에 붕 떠 있는 느낌) 포터2 - 좌석 높이가 상대적으로 낮다 -----> 장점 : 승하차 하기 편함, 착석시 안정감 있는 편안한 좌석                                                                          단점 : 장거리 운행시 시각적 차이에서 봉고3 보다 피로감이 빨리 오는 느낌 고로 장거리일땐 봉고3가, 단거리 시내 운행일때는 포터2가 아주 조금 더 유리하게 느껴지지만 단지 개인적 취향에 따른 운행상 느낌일수도 있음.2. 가속력에서 봉고3가 조금 더 시원시원하게 잘 나가는 느낌, 액셀페달을 조금만 밟아도 잘 나감.    (한 종류 차만 타면 잘 모를 수 있는데 포터2 몰다가 바로 봉고3 바꿔서 몰면 그 차이를 알수 있음)3. 오프로드(비포장) 험로에서 차체가 높은 봉고3가 조금 더 유리함. 4. 기타 승차감, 내구성 등은 대동소이 하다고 느껴짐. 참고로 차량의 승차감은 차 자체보다도 타이어 종류(8p 부드러움, 10p 딱딱함)와 공기압 상태에 따라 차이가 크므로 타이어 정비 교환시 반드시 고려 할 필요가 있다고 봄.",4
