,comments,likes
0,와~ 댓글 달았더니  정말 세레스 다뤄주셨네요! 감사합니다^^기회가 되신다면 군용으로 쓰였던 록스타와 그 후신인 레토나 같은 군용과 민수용 겸하였던 자동차 시리즈도 한번 다뤄주세요. 국방의 의무를 다하셨던 분들께는 많은 추억이  깃든 차량이라의미가 있을 것 같습니다.,65
1,이건 진짜 농업의 여신이죠. 진짜 여유 된다면 세레스 하나 사서 복원해두고 싶음. 못 가는 길이 없는 트럭. 기계식이라 고장도 잘 안남,78
2,"세레스가 2010년에 들어서기 전까지는 제주도에서 꽤나 많이 보였던 것으로 기억합니다. 비단 제주도 뿐만 아니라 강원도 산간지방에서도 2010년에 들어서기 전까진 자주 보였죠. 지금은 봉고 3 고상형이 자리를 이어받고 있지만, 당시엔 정말 농민들에겐 독보적인 포지션이 아니었을까 생각해봅니다",37
3,저게 이후에 나온 봉고4륜보다 등판능력은 더 좋았다죠 ㅋㅋ연천에서 군복부 할 때 민통선 위병근무 나가면 경운기 바퀴 끼고 비료포대 싣고 밭 올라가는 모습 자주 봤는데 엄청나더군요.,10
4,내가 처음으로 몰았던 차가 바로 세레스 .... 1989년 진흙밭 과 산길을 다녀야했던 직업 특성상  진짜 이만한 차가없었음  .... 지금 생각해도 이 차가 없었다면 아마 엄청 고생 했을거임  .... 나중에 이차의 진가를 알고 머드타이어 끼고산악 오프로드 다닌사람도 있었음 ..... 진짜 최고의 차 ~!  세레스 만큼은 진짜진짜  인정 .... 오프로드 끝판왕 !,20
5,시골이나 공사장에서 아주 가끔씩 보이는 세레스 트럭 볼때마다 아직도 잘 굴러가는게 신기합니다ㅋㅋ,8
6,진짜 시골에 어느정도 녹슬어있는 세레스 보면 군대 주임원사 느낌,5
7,3년전에 92년식 세레스 시골집에 있었는데 아버지 돌아가시면서 동네 형님한테 팔아버렸네요.등판능력도 좋지만 힘이 좋아서 어떤 물건을 실고도 못올라가는 곳이 없었죠. 제가 운전을 아버지한테 세레스로 처음 배웠는데...,27
8,상품명이 일반 명사로 굳어지는 경우는 흔치않습니다.   봉고. 그 이름만 들어도 얼마나 우리 사회에 친숙했는지 다들 공감할 정도입니다.우린 차를 산 것이 아니라  새로운 가족을 얻었다. 라고 할 만큼이라면 말 다 했죠.,7
9,어릴때 부산 자갈치시장에 가면 삼륜차를 봤고 90년대까지도 세레스는 심심치 않게 볼 수 있었지 지금도 아주 가끔 세레스를 보면 반가운 기분이...국내서 상용차부문에선 기아하던 시절이 있었는데 지금은 참 아쉬운 형국이지,9
10,저희 아버지 차를 여기서 볼 줄이야ㅋㅋㅋㅋ 아버지 중고로 구입하셔서 지금도 시골가실 때 잘 타고 다니시네요 대신 일반적인 도심 도로 주행은 극악입니다 정말,24
11,마더러시아의 카마즈 메르세데스 벤츠의 유니목! 조선의 유니목 세레스ㅎㅎ 군대 있을때 (강원도 양구) 세레스가 진심 좋았어요 험한 언덕에도 잘 올라왔었던 기역이 나내요ㅎ,29
12,이차는 말이 필요없습니다.. 그냥 여신이 아니라 농신 !!어릴적 시골에 살았는데 많이보았죠.. 지금도 간혹 볼수 있죠. 너튜브에서 ㅋ근데 균용도색한 세렉스는 ㅋㅋㅋ 진짜 군용차인줄.,12
13,유니목도 농기계로 시작했는데 세레스와 다르게 브랜드 벨류로 지금도 팔리는걸 생각하면 묘하네요.,1
14,"96학번~ 40대 중반의 아재입니다.제가 국민학교 다닐 때,아버지께서 저 쎄레스로통학도 시켜주시고이것저것 여러 일들을 하셨던기억이 나네요~추억 속의 한 장면을 소환해주셔서 감사합니다~^^",4
15,잘모르던 승합차 역사까지 꼼꼼하게 찾아주셨네요~저 어려서 차인데 브로스님 태어나기전 자료까지ㅎㅎㅎ좋은 정보 감사합니다,12
16,1998년식 울 집에선 아직도 사용중. 진짜 천하무적 입니다.  가성비로만 따지면 유니목은 절대 못따라옴,1
17,세레스 많이 기억나네요.. 1998년식 1년탄거 아는 사람한테 중고로 싸게 가져와서 2018년도까지 열심히 제주에서 저랑 같이 다녔네요.. 매연때문에 검사를 통과를 못해서 어쩔 수 없이 폐차 후 봉고3 중고 구입해서 다니는 중이네요. 요쪽에선 봉고3+4륜구동=세레스입니다..ㅋㅋㅋㅋ 요쪽 분들은 다 세레스라고 부르시네요,2
18,"반갑습니다. 제주에서 꽤 오래 볼 수 있었던 차량입니다. 뭔 규정이 생긴건지 20~21년을 기점으로 거의 대부분의 차는 폐차된 듯 하더라구요. 이제 개체수가 거의 없습니다.초기엔 호루탑이었고 4륜이 중간에 나왔고 페리때까지 뒷좌석이 있었다는 사실, 이 영상으로 배우고 갑니다. 잘 봤습니다.",9
19,"고장없는 기계식 세레스같은게 진정 트럭이고 농업에 딱맞는것이지... 지금이라도 예전같이 부활하면 촌사람들은 전부 한대씩 뽑을것이다,",7
20,실내 물세척도 가능하고 시골에서 경운기가 다니는 비포장 도로 폭을 생각하면은 봉고3보다 조금이라도 작은 세레스 선호도가 아직도 높은것일지도 과수원 중간까지 차가 들어갈수 있는것도 여전히 선호도가 높은 이유인듯 유로6 생각하면 디젤로는 안될꺼고 가격경쟁력도 없으니 전기차 토크값을 생각하면 이런 걸로 만들어도 괜찮을지도...?,1
21,이게 진정한 트럭인거 같습니다..,2
22,"시골에서 세레스 강점? 차폭이 포터에 비해 좁아서 농로 굉장히 편하게 다닐 수 있다는 것! 경운기 다닐것만 생각해서 좁게 만들어둔 농로도 요리조리 잘가고, 4륜이라 눈비와도 끄떡없고 정말 좋았쥬",1
23,89브로스 덕분에 많은 것들을 배워가네요 ㅎㅎ 그래서 말인데 헤네시도 다뤄주세요!,1
24,세레스만 보면 친구 할아버지가 생각나네요.. 나무싣고 읍내가다 마을버스랑 부딛혔는데 두 다리가 절단된 채로 친구 집에서 뵀을 때 그 충격이 아직까지 사라지지가 않네요 트럭 운전하시는 분들 안전운전 하시길 정말 위험합니다..!,1
25,산판(벌목)의 황제 세레스군요 ㅋㅋㅋㅋㅋㅋㅋㅋ 시골에서도 아주 유용한 녀석입죠 ㅋㅋㅋㅋ 특장도 많은차 ㅋㅋㅋㅋㅋ 2 단덤프도 되던  무서븐 녀석 ㅋㅋㅋㅋ,7
26,기회가 된다면 우리나라 이륜차 산업에 대해서도 다뤄주셨으면 좋겠습니다.,5
27,크으.... 농촌의 동반자 세레스... 어릴 적 경기도 광주군(그때는 군ㅋㅋ)에 살았는데 시골마을이라 세레스 몇 대 있었죠.비포장 논두렁도 잘 달리고 옆에 달린 무언가로 물도 막 뿜어대고 짐칸에 땡크 싣고 다니면서 농약도 치고 그런 거 자주 봤었는데추억 돋네요 !,1
28,제가 옛날차를 잘 몰랐는데 저희 동네에 자주 다니는 세레스가 그렇게 귀한차인줄 몰랐네요...,2
29,경기 연천입니다. 동네에만 2대 남아있었는데 재작년 비 많이올때 침수되서 물빠지고 견인됬었는데 주인아저씨가 조금 고치더니 며칠만에 다시 타고다니셨습니다.,5
30,국내에서 유일하게 적자로 판매한 차량이 쎄레스죠. 차체가 가볍고 4륜모델은 정말 못가는곳이 없는 오프로드 머신이고 최신 suv도 못 올라가는 눈길언덕길도 가볍게 주파하는 성능으로 눈오는 겨울에는 포르쉐도 안부럽다는 ㅎㅎㅎ,3
31,시골에 살아서 웬만한 트럭은 다 몰아봤는데 세레스 등판력은 다른 트럭들 찍어누르더군요 ㄷㄷ,11
32,와 저희 아버지 출장차 도 나오내요 ㅋㅋㅋㅋ 진짜 어린시절에 항상 멋져보였던..,3
33,"이걸 진짜 컨테츠화 해주실줄이야....세레스의 진짜 압도적인 능력은 전후륜 모두 리지드 액슬, 고장날 구석이 없는 리프스프링 방식의 터프한 구동부와 짤막한 휠베이스에서 나오는 좁은 회전반경, 엄청난 등판각과 함께 믿기 힘들 정도의 탈출각 그리고 시트를 젝끼면 모습을 드러내는 탈곡용 작두와 같이 친 농업화 이스터에그를 두루 갖춘 상품성 덕분이죠..",5
34,"지금은 세레스에서 물려받은 DNA로 봉고4WD가 탄생했고, 세레스의 빈자리는 트랙터들이 채웠죠. 추억의 세레스 잘봤습니다.",1
35,아쉬운게 현대가 기아를 인수하면서 이런 특색있는 차들이 많이 없어진거 같네요대다수가 찾는 팔릴 것 같은 차만 만든다는 점이 아쉽습니다,3
36,시리아에서   중동 쪽에서 좋아했다는 것에서   좀 쌔한데     사용되는 중동에서는    세레스는  간단한 구조 4륜구동  높은 차고 군용 으로 최적화  되어있는   소위  테크니컬   아이템이 같습니다,15
37,본집이 제주도 인데 아직 세레스 보유 중 입니다 ㅎㅎ 뒤에 물탱크 싣고 PTO 연결 해서 농약 뿌릴때 씁니다 밭에 왔다갔다 할때만 써서 그런지 아직 키로수가 7만 대 입니다 세렉스 너무 반갑네요 ㅎㅎ,3
38,시골 농촌지역 가면 여전히 많이볼수 있는 세레스! 3년전에는 세레스 초기형을 봤었죠..,2
39,아버지집에 93년식 쎄레스가 있어요....올해 제가 봉고3 사드렸는데도 아직도 폐차를 안하고 가지고 계십니다. 봉고3는 기름값이 너무 많이 들어간다고 잘 안타시네요...ㅎㅎ올해 폐차해야 할듯 한데....참 아까운차에요 ㅎㅎ,1
40,정말 우리나라에서는 못가는 길이 없었음. 차고 엄청 높고....ㅎㅎ 기아가 현대에 먹히지만 않았어도 무언가 새로운 시도의 차량을 많이 개발했을텐데 이점이 진짜 아쉬움....,4
41,세레스 진짜 좋죠 제천에있는 저희 우사에 세레스 덤프 지금까지도 아주 잘 굴러다니고 있습니다. 현재 할아버지 소유로 있는데 나중에 차량 팔지 마시고 그대로 놔둬두라고 할라고요 제가ㅋㅋㅋ 조금씩 복원하고 타고다니고 싶어서욬ㅋㅋ,1
42,"아직도 5,60세 이상이신 분들은 봉고나 포터 4륜(덤프 되는거)을 세레스라고 부르시더라고요ㅋㅋㅋㅋ",11
43,내 기억에서 트럭중 최고의 명차  아버지 차였는데 크레인인지 펌프인지도 달렸고 차고도 높고 바퀴도 커서  비포장  산길도 올라갔음...  진짜 포터 봉고 가 못따라옵니다,1
44,트럭의 탈을쓴 고급 경운기이거 재출시 하면 사랑 무지 받을텐데!,9
45,자료찾기가 쉽지 않으셨을텐데 고생하셨습니다~,5
46,아직도 시골산동네는 세레스 아니면 못가는 길이 많이 있죠저차의 놀라운 점 중 하나는 수동기어인데 RPM게이지가 계기판에 없고 옆쪽 구석에 있다는 거죠,5
47,그 이후로 봉고프론티어-봉고3가 4륜구동모델로는 후신이라고 할수 있고 한식구가 된 봉고랑 비슷한듯 다른 포터도 근래들어서는 4륜구동모델이 나오고 있지만 역시 세레스가 넘사벽이긴하죠. 그리고 승합차는 봉고 코치 후속모델인 베스타도 4륜구동모델이 있었지만...(어느 유튜버분이 나름 복원하며 타고 다니다가 결국은 매각했다고...)그레이스의 원판 델리카 4륜구동모델도 미국쪽 JDM에서 간간히 언급되는듯하지만 그땐 4륜구동차도 없던 현대차가 들여올 상황도 아니였으니...,1
48,세레스...정말 최고죠 일하면서 많이.탔습니다 제가 탔던건 4륜까지 됬던 차량이었네요.20대를 함께.보냈던 차량이네요 ㅎ,2
49,세레스는 여전히현옄이고 농사의신이 맞다 딱필요한 에어콘만 추가되어 새로출시하면  좋겠음ㅋㅋ,2
50,부모님이 농사지으실때 사용했어서 밭에서 운전연습하고 도로주행도 하고 면허 따고 했던 기억이 ㅋㅋ 농촌에서 진짜 만능 트럭,1
51,95년도에 세레스로 운전 배웠는데 고난이도 코스에서 배웠어요. 시골 산길 지금 생각해도 아찔하네요.,1
52,우리집에도 세레스 있었습다  가성비도 좋아요,2
53,세레스 그 유명한(?) 오프로드 트럭  진짜 ㄹㅇ 조선의 유니목이죠 ㅋㅋㅋㅋ 옛날엔 많이 쓰였는데 ㅠㅠ 지금은 보기힘든차져 ㅠㅠ 우리 할머니집에도 예전에 있었는데 지금은 없는걸로아는데 ㅠㅠ 한번 보고싶네요 ㅠㅠ,16
54,영상 중에 본가 동네가 나오네요ㅋㅋ 세레스 영상 보러 왔다가 깜짝 놀랬네요!!대통령 하사품에 나오는 동네에서 태어나고 자랐는데.. 아직도 본가가 같은 동네인데 마을 회관 배경 추억 돋습니다,2
55,"요 채널에 국산 상용차가 나오길 원했는데 드디어 나왔네요~언제한번 ""뉴슈퍼에어로시티의 거의 모든것""도 나오면 좋을거같습니당",1
56,아직도 세레스는 가격 방어가 제일 좋은차기도하죠,2
57,세레스 아직 많죠 ㅋㅋ 아직까지도 인기차량임 공사현장에선,3
58,2007년에 세레스 4륜 떰프를 접했지요 추억이새롭내요시골에서 콤바인으로 탈곡하면 싣고가서 논주인 집이나 벼말릴수있는 곳까지 배달까지. ㅋㅋ덤브로 부어주는 센쓰 논두 막들어가고 ㅋㅋ진짜로 농촌에 특화된차 ^^영상으로보니 새롭내요 감사합니다 예전추억을 떨올리게 해주시네요 ㅋ,2
59,추억이네 이 차.. 클러치가 둔해서 운전연습용으로 좋았는데,1
60,와.. 강원도 큰엄마 차였는데 저기 안에서 엄청 놀았던 기억이 있네요 ㅋㅋㅋㅋ,2
61,영상에 잠깐보이던 복서.... 초등시절 연탄차로 대활약 했었는데. 추억돋네요,2
62,전남 해남에 아직 세레스 진짜 많습니다 배추밭에서 큰 트럭이나 가까운 집하장으로 나를 때 세레스만한게 없거든요,4
63,세레스... 산골 어드메 가면 아직도 현역으로 많이 굴러다니죠예전에 1박 2일에서 적재함에 2열 시트 만들어서 다섯이 타고간적도 있는데,1
64,기회가 되신다면경운기도 영상으로 다뤄주세요.,1
65,다목적은 오바고.. 등판 능력과 어디든 갈수있는 주행능력이 최고였지.. 지금 시골이야.. 왠만한곳도 시멘트로 공사를 했지만 세렉스가 활동할 시절에는..시골길이 그야말로 그냥 등산로 수준이었었고.. 비가오면 진흙탕이 되기 일수였는데.. 세레스는 그런곳을 다 올라갔지.. 삼판도 그냥 막 올라 갔고..그정도로 안정적인 오지주행이 가능 했다는거지.,1
66,시골에서는 특히 덤프트럭이 인기가 많았어요. 그래서 후속으로 나온 봉고프론티어 덤프모델 보고 할아버지들이 세레스라고 불렸죠. 어릴때 농사지러 다니시던 아버지와 어머니품에 안겨 논밭을 누비던생각이 나네요.,2
67,한국 자동차는 전통 없고무조건 이익만 추구하는 회사일뿐입니다 쎄레스 정말건설 현장 농촌 등좋은차였습니다,4
68,저는 아직도 세레스 덤프 모델을 가지고 있습니다. 축분 운반용으로 사용하는데 가끔 문제도 있지만 엔진과 변속기는 아직도 괜찮습니다.,1
69,세레스 두대를 소유하고 현재 운행중인 오너로서 말씀 드리자면 … 갬성이 있는 차입니다. 비록 오래된 차이지만 구조가 간단해서 고치기가 쉽고 아직도 중고부품 리셀시장이 있더라구요. 저는 주로 부품을 폐차장에서 구하긴 했습니다만 큰 불편은 없었습니다. 덤프형과 일반형 두대를 쓰고 있는데 정말 아껴서 쓰고 싶고 다음에라도 세레스가 있다면 더 사서 유지하고 싶은 맘입니다. 승차감은 포기해야 하지만 운용능력이나 오프로드 주행능력은 정말 타의 추종을 불허합니다. 제 차중 하나는 110킬로까지 나오는거 보면 엔진도 쌩쌩한거 같습니다 정말 강추합니다!,32
70,지금은 1톤 4륜구동 버전이 세레스를 대체하고 있지요. 1톤 4륜트럭도 세레스가 하는일을 그대로 이어받아서 그대로 가고 있으니 시골동네에 가보면 4륜구동 트럭이 많죠. 저같은경우 직업특성상 4륜1톤트럭을 두대를 운용중이지요. 차 승차감은 실로 쇼킹합니다. 오로지 짐싣고 험지를 이동하기 위해 만들어진 차죠.,3
71,여름에 저차 앞이나 뒤에 붙어오면 진짜 실명한다. 판때기유리는 진짜..  ㅎㅎㅎ,2
72,"저희동네 아직 세레스 몰고 다니시는분 계십니다. 시골도 아니고 서울 바로 옆인데...배밭에서 사용하시더군요.부품이 없어서 같은규격의 해외부품을 수입해드리고 있습니다. 보통 1톤들이 2012년식 이전 1톤차들 녹이 심하게 나서 패널이 구멍나고 그러는데, 세레스는 아직 괜찮습니다.아 적재함 상판은 한번 교체했다고 하시더군요.",2
73,가성비 좋은 K-유니목이네요.다른분들 말씀처럼 GMC도 좋을 것 같네요...,1
74,배출가스 규제야  포터 A2엔진 적용해서 해결하면 그만인거고 2005년 당시에도 농촌에서 포터보다 세레스를 더 선호했었습니다 세레스가 더 잘나가고 못가는 곳이 없었죠,1
75,봉고는 전설이다세레스같은 트럭도 파생하고,3
76,세계 자동차 역사에 남을 스포티지 1세대 기다리고 있습니다!,1
77,지금도 배추철만 되면 5톤차에 실려 전국으로 이동하며 배추 수획에 큰힘을 보태고 있습니다,3
78,초딩때 탔던 세레스가 세렉스인줄알았는데 세레스였군요... 이러다 조만간 미국의 유니목 재무시도 나오겠습니다...,2
79,어릴때 시골가면 무조건 있는차!!!!,1
80,세레스는 단종 됐지만 그 계보를 봉고 4륜이 이어가고 있죠. 어느 순간 현대에서도 설계 가져다 포터 4륜 만들었구요. 그냥 단종 됐다고 마무리하지 말고 이 부분도 다뤘으면 좋았겠네요,1
81,K-유니목... 하지만 이제 단종된...만약 나중에 세레즈가 다시 출시된다면 어떨까하네요... 생각보다 수요층은 있을거 같은데...,5
82,제 작은아버지 첫차가 이차였지요 트랙터 기능이 있는 다목적차량 이라고 말씀을 하셨던 기억이 나네요,4
83,어릴 때 시골에 벌초하러 갔을 때 사륜 세레스 뒤에 타고 말도 안 되는 경사를 올랐던 기억이 나네요그 경사를 사람 싣고 어떻게 올랐는지.. ㅋㅋ,1
84,농로 공구리칠때 많이 쓰는 세레스 만능이여 ㅎㅎ,1
85,광주에서 21년에만 2대를 봐서 너무 좋죠..,1
86,멋진 세레스동영상볼때마다 느껴지는 배경음악웅장하고  신비롭네요,1
87,와 이차 시골 산소가는길에 세워져 있었는데이게 이차였구나,1
88,제 첫 차입니다 ㅠㅠ 엔진이 망가져서 더 타지 못할 때까지 정말 잘 탔습니다 ㅋㅋㅋ,3
89,"제주도는 쎄렉스라 합니다. 밭농사나 과수원서 지금도 씁니다.Pto로 농약도 치고, 양배추, 무, 당근, 귤농사 다 잘썼죠. 제가 세레스로 운전 배웠습니다. 비포장 길은 지금 포터나 봉고 사륜보다 잘탔습니다.",1
90,실제 차량을 보면 차량고를 높인 라보 정도의 사이즈라 봉고나 포터에 비하면 엄청 작지요. 요새도 시골엔 가끔 한두어대 다니긴 하지만 종합검사지역에 편입되는 지방도시들이 넓어지는 추세여서 배출검사 통과문제로 점차 사라지고 있습니다.,1
91,저희 외갓집 아랫집 할아버지께서 축사일 할때 타시던 차였습니다. 저도 몇번 얻어타봤었는데 어렸을때라 그저 저랑 사촌동생들한테는 똥차 그 이상도 이하도 아니었지만(실제로 축사에서 쓰던차라 똥내도 엄청났습니다) 지금 생각해보면 길도 아닌곳도 잘가고 경사도 잘올라가고 다재다능한 차였네요 ㅎ,2
92,"아... 마쯔다 봉고하니까... 현대 각포터, 그레이스의 원형인 미쯔비시 델리카는 아직 필리핀등에서 미쯔비시 L300으로 생산판매하고 있는게 생각나네요",1
93,제주도에 살고있어서 농사하시는 외삼촌이 세레스 소유하고 계셨는데 진짜 차량 농촌에 맞게 나옴.ㅋㅋㅋ 시속60km 달리면 대화불가ㅋㅋㅋㅋ 두돈반급ㅋㅋㅋㅋㅋ 오프로드용으로 딱이고 진짜 좋았었는데 부식은 못피하지 못함...ㅠㅠㅠ 부식만 잘 안났으면 탈만했었는데 운전석 발판이 부식되서 없어지는 바람에 폐차...ㅠㅠㅠ,1
94,지금도 98년식 쎄레스 덤프 타고다닙니다. 4륜넣으면 못갈곳 없습니다.,1
95,봉고3와 라보의 중간급이라고 봐야겠네요..ㅎㅎ,1
96,세레스도 괴물이지만 포터가 너무 개사기임..,1
97,차진짜 이쁘다 ㅜㅜ,1
98,소규모 건설업 하는분들! 덤프차는  2000년대 마땅히 대체차가 없어 계속 수리하면서 유지했던 기억이...,1
99,세렉스라고도 불렀죠 ㅋㅋㅋㅋㅋㅋㅋ  이게 찐 조선의 유니목이죠  스키장 안전요원 일할때 이거로 슬로프 겁나댕겻는데,2
100,세레스는 벤츠 g바겐의 그것처럼 볼타잎 스티어링 입니다 ㅎㅎㅎ  그리고 라이트 작동 상향등 비상깜빡이등 조작계가 좀 많이 다릅니다 ㅎㅎ,1
101,"자! 트럭RV전문리뷰로 갑시다.ㅋㅋ내용 좋아요.ㅎㅎ 다마스,라보도 해주세요^^ ㅎ",1
102,세레스 영상 잘보고 좋아요 와 구독 꾸욱 누르고 갑니다.,1
103,"시골에 가면 형님께서 지금도 세레스를 농약 살포용으로 굴리고 있는데, 형님 왈: 이만한 놈이 없지.단종을 늘 아쉬워 하더군요.",1
104,회사에서 덤프사용하고 있는데 봉고 4륜모델이라고 하나 차폭등이 다르더군요 차폭이 좀더 좁습니다.,1
105,다 떠나서 디자인이 솔직히 간지임,2
106,4:00 하지만 현실은 90년대 초반까지 적재함에 10명 정도씩은 그냥 타고 다녔었습니다. 그때는 다들 그게 잘못된거라는 생각을 안했었지요 ㅎㅎ 저는 무서웠었지만...,2
107,예전에 이모할아버지도 흰색 세렉스 타셨는데 미션인가 나가서 폐차 하셨어요ㅠ 지금은 봉고타고 계세요,2
108,세레스같은 트럭을 전기로 만들면 참 좋을 텐데 ㅎㅎ,1
109,저게 강원도 산지뿐만아니라 대한민국 어느 시골농촌마을에 가도 흔한 트럭이었죠 ㅎㅎ 제주도에는 아직 저 트럭이 많이 남아있다는점도 흥미롭죠 ㅎㅎ,1
110,조선 유니목.....정비나 유지는 쉬웠을지 몰라도 녹이 너무 잘 슬어서 오래 유지를 못 했었던 기억이,1
111,세레스로 찔떡한 논을 달려도 나오고 그랬죠!현재는 기아 봉고 더블캡이 달리고 있네요!,1
112,옛날아버지 차량이었는데 돌돌이로 창문돌아가는거ㅋㅋㅋ 그때 난 고급차만 자동인줄알았습니다,1
113,"이야... 저희 할아버지차를 여기서 볼 줄이야... 참고로 저희 할아버지 세레스는 약 50년된 찬데.. 저희 아버지가 중학생 떄 할아버지께서 세레스를 구매하셨다고 하네요. + 무려 조수석 바닥 철판이 녹슬어서 떨어져나가 빵꾸뚫려 겨울애타면 추운게 흠,, (근데 굴러가는게 더 신기)이네요",1
114,저희집에 아직도 굴러다녀용.. 참고로 저희집은 시골입니다... 퇴비등등 실어서 밭에 일할떄 좋아요..핸들이 파워핸들이 아니라 손목 나가는거는 덤...,4
115,강원도에선 밭 작업 할때 경운기 바퀴 달고 산에서 작업하는 차량은 복륜으로 달고 다닙니다. 여름철 강가 모래에 차 빠지면 쎄랙스로 꺼내죠. 쎄랙스 사륜의 최고는 영동고속도로에 눈 많이 오던 2017년인가? 겨울에 대관령 지날때 이차만 눈을 뚫고 지나가는걸 봤습니다.,2
116,PTO는 아직도 생생히 기억하고 있습니다,1
117,국산 오토바이  대림혼다..  효성스즈키시절도 다뤄주세요^^,1
118,아직도 현역 뛰는게  대단 ㅎ,1
119,아부지가  첫출고 받으셔서 한5년전 보내는데 아쉽더라구요  덤프도 되고 좋았는데 다썩었는데 500주고 떠갔어요,1
120,2009년 까지만 해도 시골 가면 정말 자주 보이던 거의 필수품급이었음,4
121,포터2 4륜 같다 다카르랠리 출전하면 대박일텐데요.,1
122,마! 이게 조선의 유니목이다!!!,2
123,완성차 업체가 아닌 농기계 업체에서도 세레스 대체할만한 것 좀 만들면 좋겠눈디,1
124,나 초등학교 시절 우리 집도 세레스가 있었다. 아직도 기억난다.,1
125,세레스 외관은 역시 녹슬어야 간지죠,2
126,저게 봉고가 아니였구나...나는 봉고나 포터 고상+사륜구동 모델이 있구나 싶었음...,1
127,지금까지 세렉스 인줄알았네요 ㅎ아빠가 탓던 에어컨없는차,1
128,넘 좋아요 감사합니다,1
129,2500대의 차중에 100번째 출고 기아에서 선물도 받았지요 저의집 첫번째 차 10년간 잘 타고 매연이 심해  폐차 했죠,1
130,오늘 세레스 한대 봤는데 이런 우연이 ㅋㅋ 라보 같아 보인다 하면서 웃었는데 ㅋㅋ,2
131,처음 89영상을 봤을때 무슨말인지 이해가 안 갔는데 이젠 아? 이게 들어갔다고?로 이해하게 됐네요 감사합니다.,1
132,저희 외할아버지께서 제가 태어났을때 저 세레스 트럭으로 아산에서 부천까지 오시다가 과속으로 경찰관에게 걸렸었다는 이야기를 들려주셨던 기억이 나네요,1
133,현대 손에 닿으면 먼가 이상해지는거 같아나도 어릴때는 엑셀 보다는 세피아나 콩코드가 좋았고 스타렉스 보다는 프레지오가 더 관심이 갔는데...,1
134,이니xx 봉고차최고였는데 갑자기이름이 생각나지않네요저는 봉고차가 다시 출시됫음좋겠어요,1
135,세레스 덤프도 좋았었음,1
136,명절에 시골 가면 녹슨 경운기랑 같이 보였던 곳곳이 녹슬어 파란색 페인트가 벗겨진 녹색 번호판의 세레스,1
137,"작년에 암소 한마리 6,681,000원. 세레스가 소 한마리 가격이었다니. 지금 봉고차 1500~2000만원 정도.",1
138,세레스... 대단한 인지도를 가진 좀비 트럭 ㅋㅋㅋㅋㅋㅋ,2
139,아ㅡ오랜만에 보는 반가운차ㆍ다목적용 세레스 ㆍ저 차  기아의 걸작품 내 손으로 만들고 검사했었는데ᆢ,1
140,조선의 유니목 ㅋㅋㅋㅋㅋ 작명센스 좋네요,2
141,GMC  제무시도 한번 하셔야되는거 아닙니까?ㅋㅋ,2
142,옛날에 진짜 감자국 산촌에서 유일하게 돌아다니던 차였음,1
143,세레스가 처음에는 농협을 통해 팔았다는 말이 있어요,1
144,세렉스가 아니고 세레스였네요. 세렉스가 입에 붙어 바꾸기에 시간이 걸리겠네요.  세레스 타시는 분들에게 왜 봉고나 포터4륜 안타시고 세레스 타시냐고 여쭈어보면 포터가 못 올라가는 곳을 세레스는 올라가서 어쩔 수 없이 타신다고 하는 경우가 많습니다. 그리고 부품도 안나와서 진짜 손재주+실력있는 정비사분들만 수리가 가능하고 사이드 브레이크는 거의 안 듣는다고 생각하시면 됩니다. 조기폐차 전제로 자동차검사를 하기 때문에 요즘 정기검사지역인 강원도외에 종합검사지역에서는 보기 진짜 힘듭니다.,1
145,아직도 강원도 안흥지역같은 산간지역에서는 자주 보이는 멋진차량입니다,1
146,세레스 정말 야무진차였죠 아직도 농촌에서 사용중인곳 많아요,1
147,"아기자기하고 귀여워보이기까지 하면서 언제 어디서건 활동할 수 있는 다목적 소형트럭은 세레스만한게 없네요 ㅎ영상을 보다가 드는 생각인데 하이퍼카 수퍼카에서 트럭같은 다양한 소재가 있었지만 특수직종에 사용되는 차량들중 가장 흔하게? 볼수 있는 차량들 소개가 안보이는데 국내를 비롯해서 세계의 경찰, 소방, 구조에 관련된 차량은 어떤게 있고 어떤성능을 가졌을지 궁금해 지더라구요.( 해외에서 T사 전기차와 경찰SUV의 드레그레이싱 영상을 봤더니만... )과거와 현재, 통상적으로 사용되는 차량부터 특수차량까지 하면 독특하기도하고 의외로 다양하다라고 봤는데 차분하고 좋은 발음에 훌륭한 정보전달력을 가지신 브로스님께서 설명해주시면 더 재미있을것 같거든요.",1
148,세레스에 경운기타이어 레전드 ..,1
149,세레스..고향에 향기를 부르는 그 차젊은이들은 이차를 모를텐데..이차는 한국에 유니목..카르마...라고 보면된다한국에 험난한 지형과 논두렁을 쓸고다니던 그차다제주도와 강원도..중부내륙 농촌에 지금도 있는 차다근데 기아는 이차를 다시 안만든다 안타깝고 아쉽다..,1
150,중간에 경운기바퀴 끼운거 개간지네요,1
151,전기세레스 나오면 판매 1등 가능,1
152,쎄렉스 대관령 고냉지 배추밭에서 앞뒤에 체인 감고 비온뒤 푹푹빠지는 데 언덕을 오르내리더만 참대단했지 신형1톤트럭 사륜은 들이대지를 못한다고 하더만.,1
153,시골에서 타봤더니 천장이 너무 낮아서 목을 꺾은채로 타야했던 기억이 나네ㅋㅋㅋㅋ,1
154,세레스 소방차.ㅠ.ㅠ벌써 25년전 이야기네요,1
155,인치공학은 내다버린...차...오직 내구력과 성능에만 몰빵....그로인해 랭글러를 씹어먹는 4륜성능이....,1
156,스키장 비시즌에 상급자코스 작업 하려면 무조건 세레스...,1
157,설에 가다 본거 같은데 다른 사람 집이였는데 소키우고 그러는데인데 거기 세워져있어서 처음에는 포터인가 했는데 찾아보니 세레스네요,1
158,"세레스, 늪처럼 빠지는 밭에서 배추 한가득 실어 나르는거 생각나네 아직도 가끔 시골에서 돌아다님",1
159,세레스 같은 차가 또 나왔으면 좋겠다,1
160,봉고3 포터2  4륜 시판중인데 오프로드 가 젤 적합함 안전성은  쌍용차 가 젤좋음,3
161,저희집도 99년식 세렉스 사용중인데 정말 시골에 특화된 트럭이에요 ㅋㅋㅋ전고가 높아 밭고랑 같이 요철이 심한곳도 하부가 쓸리지 않아 정말 요긴합니다. 게다가 구조도 단순해서 어지간한 부속들은 쉽게 교체가 가능한것도 장점이죠. 다만 년식이 오래된 탓도 있겠지만 운행해보면 시트 바로 아래있는 엔진에서 올라오는 소음과 진동이 어마무시합니다....그리고 RPM게이지도 없어서 감각으로만 기어를 변속해야 하는것도 단점이죠...이제 6만 조금 안되게 끌고 다녔는데 정말 험하게 굴려서 곧 자연사 해 버릴거 같지만 시동걸고 초크로 RPM 올려서 예열해주면 잘 굴러갑니다 ㅋㅋㅋ,4
162,미쯔비시 현대. 마쯔다 기아지프 쌍용. 시보레 대우. 닛산 삼성..이게 대한민국 자동차 역사,1
163,오 세레스 어릴때 자주 봤던 차량인데 영상으로 보니 반갑네요 제 기억 으로는 세렉스가 탑차도 있었던 걸로 기억 하고 있네요  지금도 시골 같은데 가면 세렉스를 볼수 있더라구요,3
164,대림은 이때 꽁짜로 기아 기술력 받아왔지만 오늘은 중국 오토바이 보따리상 수준으로 전락했죠기아가 계속 오토바이 생산 했으면 우리나라도 오토바이 산업 커질수도 있었을텐데요,2
165,세레스에 경운기 타이어 꽂으면 오프 머신 됩니다 ㅋㅋㅋ,1
166,최곱니다 !!!!,1
167,포터는 아니고 봉고는 아니고 기아마크 박혀있던데 시골에서 본적있는데 세레스였군요....,2
168,좁은데는 세렉쓰 담푸에 공구리 받아서 치고 그랬는데 ㅋㅋㅋ,1
169,조선유니목 세레스!!!!!,2
170,세레스에 봉고 프론티어 JT엔진 스왑하면 진짜 완전 괴물입니다,3
171,이젠 증기기관 트랙터도 소계 해주세요.2트,2
172,저 옛날 차가 아직도 굴러다니는 이유는 최신4륜트럭(봉고)보다 험지 주파능력이 더 좋음 ㅋㅋ10여년전에 전라도에서 경상도로 저거 끌고 왔던적 있는대 허리 뿌셔지는줄 알았어요 ㅋㅋㅋ애초에 밭을 다니는 트럭이라 타이어도 깍두기라서요-_-저 고물차가 아직도 시골에 가면 많은 이유는 저게 저렴해서가 아니라 저게 필요해서입니다 ㅎㅎ최신트럭도 안되지만 저건 여러가지 있거든요 ㅋㅋ,1
173,지금은  봉고 4륜이  대체한다고  보면  되겠네요,1
174,이런 영상 좋다아….옛날차의 역사맨..신차 리뷰 같은 질리는 컨텐츠 별로..,1
175,구형코란도세레스 단종이  개인적으로 제일 아쉽던대나도 세레스 몰았었는대,1
176,인트로 때마다 억지로 로고 넣은게 진짜 개웃김ㅋㅋㅋ,1
177,옆동네에 세워져있던 법인대포차 가져다가 경운기엔진올려 딸딸이 만들려고 부속해체하여 보관하고 있습니다. 앞 통데후를 레지드 엑슬이라하는군요. 이젠 찾아보기 힘들죠.앞데후 분해해 봤는데 좌우 회전부가 유니버설 조인트를 공처럼 감싸고 있고흙이나 오물로부터 보호하게 되어 있더군요.,1
178,쎄레스... 처음 중고차수출일할때  이거 잡으러 강원도 많이다녔죠..값을 많이준다해도 안팔던..대체할만한 차가없어 못판다던 어르신이 샘각나네요,4
179,저희 시골에 아직 쎄렉스 보유중입니다 바닥에 구멍 뚤려있습니다,2
180,세레스는 단종 전까지도 노파워였죠?,1
181,0:14 뭔가 억지스럽게 등장하는 채널사진 ㅋㅋㅋㅋㅋㅋㅋ 이런 인트로가 이 채널의 매력임,3
182,"와. 예전에 군대동기 (김정민)가 항상하던말 ""제대하면 세레스한대사서 캠핑카로 개조할거다""ㅎㅎㅎ.궁금하네 진짜 했는지? 특이한놈이였는데...",2
183,어머나 조선의 유니목 이자나!!!! 갬덩,1
184,강원도 정선 곳곳에 세레스가 보였던거 기억나네요,1
185,2:30 왜 어르신들이 승합차보고 봉고차라고 했는지 이제 알겠네,1
186,아직도 농촌에서는 세레스를 찾고 있지요.그러나 단종되어 살수가 없지요.98년이후로도 계속 개발되었다면 농촌경제에 큰 역할을 했을텐데..봉고와 포터는 절대로 세레스를 딸아 올 수 없습니다.,1
187,카마즈와 유니목과 비교되니 구지 민망해지네요^^;;발군 기능형 vs 가성비 보급형,1
188,1:34 다음 에피소드는 기아 프라이드로 가시죠,1
189,다음편은 투스카니 해주세요,2
190,조선의 유니목 ㅋㅋㅋㅋㅋㅋㅋㅋ제목이 클릭을 안할수가 없네,1
191,"기아는 세레스 단종을 봉고4륜으로 때웠으며 1톤 트럭중 4륜과 동력을 뺄수 있는 트럭은 또 기아 봉고뿐이여서 농,임업에서는 기아가 유일한 해법이였으나 기아가 현대로 넘어가고 봉고3 포터2 시절이 되면서 포터도 4륜이 나오면서 이쪽 파이를 많이 뺏기어 버렸죠",1
192,강원도사람입니다 아직도 시골가면 아직 굴러다니는 세레스들 꽤 보입니다,1
193,다음편은 제무시 인가요~,3
194,6:43 국내에서 가장 작은 1량 디젤동차네요 ㅋ,1
195,아직도 강원도에선 간간히 보이는 차량이죠.,1
196,단종 되다니 아깝네요 저역시도 하나 샀어요 그레도 전 세레스가좋슴니다,1
197,"저희 집안 차량이기도 했는데, 이게 85년인지 88년인지 모르겠는데, 4륜 덤프에, 4단 수동변속기가 장착된 모델이었습니다.세레스가 역사적으로 사라졌다고 생각할 수 있지만, 봉고 프론티어 4륜구동으로 넘어가면서 껍데기만 봉고 프론티어지, 차체와 휠 등의 하부 설계는 세레스의 것을 개량해서 내놓았기에 사실상 봉고 4륜 모델이 세레스의 후손이라 봐야 합니다. 이게 봉고 3까지 이어지게 되었고, 후에 포터 2 4륜 모델도 나오게 되었죠.세레스는 사라졌지만, 세레스의 영혼은 지금도 살아 숨쉬고 있습니다. 봉고 라인업으로 통폐합되었지만, 그만큼 편의사양이 대폭 추가가 되었죠.",1
198,엌ㅋㅋ  오늘 우리마을에 낡은 기아트럭이 서 있길래 뭔가 했더니 이거였구나 ㅋㅋㅋ,1
199,"1986년도에  386만원이  저렴하다니,,,,,,,,,,,,,,,,,,,,,,이때  9급 즉  당시  5급을?의  공무원  한달월급이   10만원  미만이었을것,,,,,,,,,,,,,당시물가을  생각하지않은  현제 가치로  평가하면  이런  오류가  발생하는것,,,,,,,,,,,,,,,,,,,,,,,,,,,,,,,,,,,,,,,,,,,,,,,,,,,,,,,,,,,,,",2
200,저거 1박2일에서 나왔었죠. 6명중 3명은 짐칸에 타고갔어야 했던걸로.. ㅋㅋㅋㅋ,2
201,시골에세 커는데 좋은데 단점이 외간 부식이 많다는점 ㅎㅎ 그런데 국민학교 하교시간에 비오면 태우러 오시 부모님들이 어쩌나 부럽던지ㅋㅋ 죄다 세렉스 ㅋ,1
202,시골가면 세레스가 많았지요....참고로 시골버스에선 대우 BF가 있지요...,1
203,캘리포니아 길에서 저놈을 수입해 차박카로 개조한 용자 미국 아재를 우연히 길에서 본적 있습니다. 한국에서 개조된 것을 수입했는지.. 너무 이쁘게 잘 꾸몄더군요.,1
204,시골에선 세레스라고 안부르고 쎄렉쓰라고 불렀죠ㅋㅋ,1
205,전문경영인 덕분에 현기가 있다는 겁니다.,1
206,"전두환 때문에 혼다한테 잘 배우던 한국 이륜차 산업 아작나서 요즘은 기술도없고 중국제 수입사가 되었지..자동차산업 통합조치, 이륜차 고속도로 금지 이 미친 독재짓이 아직도 이어지고 있는 답답한 한국ㅎㅎ",3
207,대한민국 4륜 구동의 전설!,1
208,저희 시골집에서는 세레스 덤프가 아직도 굴러다닙니다 저보다 효자예요 ㅋ,1
209,운전경험으로 핸들유격이 너무심해 핸들을 똑바로 잡고 달려도 타이어가 노면 골을 타고 좌우로 흔들림...80키로 이상은 현실적으로 무리... 힐캡허브도 수동이라 4륜전환하려면 휠허브를 손으로 돌린후 후진한번 했다 가야함...ㅋ,1
210,나도 세레스 있네요덤프지만요 ㅎ힘은 좋아ㅛ,1
211,아버지 친구분 복장에 있는 세레스 몰아봤는데...바닥이 녹슬어 구멍나서  길바닥이 보이는거에 충격...ㅋㅋㅋㅋ,1
212,"제발 닛산 해주세요ㅠㅠ VQ엔진,,,",1
213,처가집 큰아버님이 감농사를 하시는데 30년이넘은 세레스를 아직 운행하시는데 감나무가 전부 가파른 산등성이에 잇는데 거기를 겔겔 거리면서 올라가서 감을 한짐싣고 겔겔 내려오는걸 봣는데 유니목 저리가라 더라구요~장인어른이 카센터를 운영하셔서 세레스의 명줄이 30년이 넘는 명줄을 이어가고 잇는 이유도 잇구요 ㅎㅎ,1
214,경웅기 타이어가 전설이지,2
215,친구놈하고 어릴적 세레스타고 코너돌다 전복사고로 죽을뻔한적이세레스 영상으로 간만에보네요,1
216,95년식 세레스 현제까지 타고 있습니다주6일  거의  매일 타고  일합니다내 젎은날을  함께한 녀석이지요  가끔 사촌형님 봉고3 사륜 끌고 겨울 산에  오느다보면 이녀석 왜  여기서 미끄러지지.??세레스만큼  겨울 산에서  믿음을  주지  못 합니다드림카가  스포츠가아닌  정통 사륜차가  드림카이신분들만 아시는 갬성이 있는 차죠친구가  카센타해서  관리를 잘 했는데  이젠  부속 구하기가  쉽지 않네요봉고3  사륜 구매  생각하고 있지만  세레스는 계속  가지고 있을 껍니다조선유니목 이라는 평이  있는데마인드는  비슷합니다  농민을 위한차!!하지만 26년동안  운전하면서  개인적 제일 아쉬운건   사륜능력입니다한때는 오랬동안   드림카가  유니목 였습니다유니목 동영상  많이  보면서 느낀건 세레스도  저 정도만 됐어도 하는 부러움였습니다오프능력만  보면  순정갤로퍼 만도  못 합니다,1
217,세렉스 울집에서 아직 쓰고있는대 농사지을때ㅋㅋㅋㅋㅋ,1
218,4:20 와 이거 실내보니깐 기억 확나네 할아버지랑 시내갔다 할아버지 은행갔다온다고하고 가셨는데 조수석앞에있는 수납함에서 ㅈㄴ 개큰 거미나와서 울면서 차에서 뛰쳐나간 기억이…ㅋㅋ,1
219,기아의 실수,3
220,세레스 우리 할아버지도 끌고 다니셨는데,1
221,우리회사 아재 아직도 세레스 타고 댕기는데 ㅋㅋㅋ,1
222,지난주에 제주도 갔는데 제주도에도 세레스 가끔 봄,1
223,빵빵 울어라~ 농업의 여신 세레스,1
224,"우리집도 세레스,있어다 못가는데가 없어지최고",1
225,그때당시 농군트럭이라  불렸죠....,1
226,세렉스 85년도인가 아버지가 구매해서 07년도까지씀 참고로 본인 91년생 ㅋㅋ,1
227,94년까지도 세레스 4단 입니다,1
228,울 아버지 첫차. 히터 위치가 기어박스 위였나 그래서 작은 화상을 입었던가 함. 본인 4살때 기억이라 확실치는 않음.,1
229,4:17 신차 같은데... 뭔가 박살나있는 저건 뭐지.. 기분탓인가..ㅋㅋ,1
230,지금 다시나와도 팔린다….,1
231,세레스 인정 ㅇㅇ,1
232,세렉스오너여서 영상보러왔다가 구독좋아요 누르고가요~~!혹시 bgm 제목 알고싶은데 알수있나요?.?,1
233,조선유니목 ㄷㄷ,1
234,조선의 세단 체어멘을 부탁드립니다,1
235,그럼 이제 제무시(GMC) 할 차례네요.,1
236,저희삼촌도타고다니시드라구요ㄷㄷ,2
237,이참에 트럭시리즈 가자,2
238,지금은 잊혀진 바네트가 있지 않습니까언젠가 해주면 좋겠네....!ㅎ,1
239,6:40 다연장 로켓포인줄 ㄷㄷ,1
240,동네 카센터에 한대씩 꼭있는차 ㅋ,1
241,다 삭은 세레스에 귤 포대 1.5톤씩 싣고 다녔는데 ㅋㅋㅋ,1
242,"저녀석 앞길을 모르는건가?이 앞은 급격한 농두렁이다!감속하지 않으면 논밭에 추락하고 말거라고!너무 늦었어, 감속할만한 공간은 이제 없어!뭐라고!? 농부 드리프트!?",2
243,쎄렉스 요즘 잘 안보이더라구요 ㅠㅠ 불과 몇년 전 까지만 해도 많이 보였는데요.,1
244,저는 자갈밭농장에서 사용할 세렉스를 구하고있습니다.  혹시 좌/우 덤프형 세렉스를 매각하실 분은 댓글로 연락처를 주시면 6월초에 찾아뵙고 싶습니다.,1
245,강원도 횡계ㆍ평창 일원에 지금도 여러대,3
246,세레스다!!,2
247,세레스. 울동네에 많습니다.제주도,1
248,첫 영상... 프라임도 이제 옛날티 나네 ㅜㅜ,1
249,쌍용은 뭐하나 무주공산인 농촌트럭 시장 전용 4×4 다목적 트럭 같은거 안만들고. 안팔리는 쌍용 이스타나 혹은 코란도 투리스모  베이스에 개발하면 될듯.,1
250,브레이크 휠실린더가 두 개라 발꼬락 냄새만 맡아도 급브레이크가... ㅋㅋㅋ,2
251,그래 바로 이기다!,2
252,"89브로스님~~ 이제 온로드로 돌아오실 때 입니다~  자이제  희대의  슈퍼카  맥라렌 F1 리뷰 준비하시죠~ 그 다음엔 모든걸 다갖췄지만 망해버린 부가티 EB110,  그리고 90년대를 풍미한 제네바 모터쇼의 터줏대감 ""린스피드"" , 미국의  람보르기니를 꿈만꿨었던 ""벡터"" , 벤츠는 손도 안댔었지만 결국 벤츠의 마크를 단 슈퍼카  "" 이스데라 임페라토르 108i "" 까지...그리고 음...",1
253,이건 차가아니다 농기계다 번호판달린 농기게!,1
254,이따금씩 길에서 보면 오! 합니다,1
255,환경이 자동차를 만드는 법인가..이제 이 대한민국은.어디 앵간한 시골마을들도 ..구석구석매끈한 검은 아스팔트나 최소 희뿌연 몰탈 시멘트 포장도로에..울퉁불퉁 덜컹덜컹 흙날림도 없고 또 길도 넓히고 ..트랙터 깍두기 타야 같은 지상고 높은 오프로드 4륜 차량들은 사랑받지 못하고 이제 외면되는듯,3
256,헐... 말이 씨가 됐군요 ㅎㅎㅎ,1
257,제무시정도는되면 벌목의신쯤 될듯,1
258,제주도의 또 다른 상징 중 하나,2
259,우리동네서는 세렌져라고 ~~^^,1
260,저희집 첫차네요...,2
261,세레스가 유니목이랑 비교할만한가?,1
262,지금도 외할머니집가면 동네에 보이는데,2
263,시골가면 아직 현역입나다 저희집도 한대 있는데..,1
264,이스타나도 해주세요.,3
265,테라칸 해주세요~~~,1
266,기아는 세레스 재생산해라,1
267,썸네일 대통령하사품  존나 킹받네ㅋㅋㅋㅋㅋㅋㅋㅋㅋㅋㅋㅋㅋㅋㅋ,1
268,봉고 라면 또봇 ZERO.....,1
269,24년전 아부 새레스 기어 완전 뻑뻑,1
270,"현재, 아 차량을 대채하는 차량이 뭐죠??? 4륜 봉고....",1
271,이제 f1은 안다루시는건가요..,2
272,6:43 세레스: 기차만 철길로 다니나?,1
273,종로입구쪽가면 저걸로 꼬치나 군밤 붕어빵 파는대 쓰이던대,1
274,그레이스 리뷰 도 할꺼죠?^^,1
275,좋아요,1
276,  ,1
277,라보 닮은건 저만그런가요?,2
278,악 내 최애 영상인데 댓을 안달다니 이건 치욕이야ㅏ,1
279,봉고 ㅡ핸들 기어.,1
280,저거 우리 할아버지 건데 차가 터졋음,1
281,아니  형... 오랜만에 댓글다는데 인트로 무엇???? 맥주먹다가 흘려버렷다..,1
282,이야 세레스 닷,1
283,시리야…넌 빠져있어….,1
284,내 지역 광명이다,1
285,현대 N 해주세요,1
286,2:50 무사 울하르방차올렴수과? 남바도 보이게시리 겅허지맙써게~,1
287,없었습니다이유는2015년생이니까,1
288,조선시대로가면 너나 나나 모두 노예. 말똥이나치우자.,1
289,자동차공업통합조치 진짜 개병신같은 정책;;,1
290,아.. 세레스.. 짖어버리지..,1
291,자동차산업합리화 이후 정부에서 ‘합리화’라는 이름을 붙인 정책에 의문이 든다는….; 어디를 봐서 합리화인지.,1
292,"1:01 저 차를 ""딸딸이""라고 불렀었는데 ㅎ ㅎ",1
293,6:43 이...이거 맞아???,2
294,(2012년생)이거 무슨차?,1
295,조선 유니목 누가 그러던데,1
296,5:20 내가 보배에 올린사진이네ㅋㅋ,1
297,이거 원팔이 아니여 ㅋ,1
298,브금 정보좀.. 흠흠,1
299,ㅋㅋㅋㅋㅋㅋㅋㅋㅋㅋㅋㅋㅋ,1
300,원팔이 김주혁 이 떠 오름,1
301,출시가가 워낙 낮은대다 그사이 경제발전속도가 빨라 중고가도 잘안떨어지고 팔려고 내놓는 사람도 잘없음 소는 자식놈 대학갈때 팔아도 세레스는 안팜 ㅋㅋ,1
302,그놈에 유로3456,1
303,오,2
304,1951 1951 1951 1951,1
305,4WD 세레스는 높은 차고에 순정으로 달려나오는 머드타이어. 트럭치고는 숏바디에 엄청짧은 접근각과 이탈각.. 그야말로 오프로드의 최강자였습니다.,33
306,저 조선유니목이 이후에 나온 프론티어나 봉고3 4륜 보다 좋다고 하죠.각지고 투박한 인테리어가 마성의 차 인듯 합니다 게다가 도장도 예쁘긴 한데..문제의 소지가 생길거 같….,4
307,"이 차량 이름은 ""세레스(Ceres)"" 입니다.  당시 기아산업에서 농촌용 다목적 저가격 차량으로 개발하며 이름도 그리스신화에 나오는  ""곡식의 신"" 인 Ceres로 명명했던 것입니다.",14
308,정말 오랜만에 보는 차네요. 어릴적에 타고 다녔던 시절이 생각나게 하네요. 비포장도로의 최강이었던것 같네요. 1톤 트럭치고는 크기가 작지만 지금의 포터 4륜구동이나 봉고3 4륜구동보다 세레스가 더 험난한 길을 잘 빠져 나오는것 같네요. 그리고 왼쪽에 깜빡이 스위치와 윈도우 브러시가 같이 있었고 오른쪽에는 비상등이 있었지요. ㅎㅎ,1
309,안녕하세요!세렉스하면 우리나라전천후 만능 화물차라할수 있죠.^^차 관리를 넘 잘 하셨네요.옛날 배추밭에서 활약하던세렉스가 생각 나네요.^^,6
310,운전석 톱실링이 천으로 되어 있는데 조립하다 잘 찢어져 꼭 두 번 세번 납품하고 머플러도 풀세트로 납품하던 게 엊그제 같은데 벌써 60대 말이 되었네요.새삼 인생무상을 느끼게 해준 영상이네요.,9
311,우와..세렉스.. 정말 오랜만에 봅니다!!옛날에 저희 아버지가 자주타고다니시던ㅋㅋ 트럭이었는데ㅋ이차량은 덤프까지 되네요ㅋㅋ신기하기도하고 아직까지이런 올드카?가 운행이 되고있다는게 너무 신기해요ㅋㅋ 캡틴님 항상 응원하는거 아시쥬?!! 내일도 좋은하루 되세요~!!,8
312,저도 90대년대 초반에 기아 1톤봉고 핸들기어로 운전 배웠는데..세렉스도 추억 돋네요...저...땡기는 주차브레이크...기아 1.4톤 타이탄까지 저 방식의 일명사이드프레이크 였는데요ㅎㅎ,7
313,전설의 명차죠 세렉스~운전면허따서 처음 운전배웠던 차여서 감회가 새롭네요 앞대우 뒷대우 다넣으면 탱크입니다 ㅎㅎㅎ,7
314,추억에 쎄렉스군요정말 좋은차죠적재함에 짐400키로 정도싣고 가면 천하 무적입니다소싯적에  벽돌공장에 일할때  많이 썼던차입니다,12
315,3년전에 아버지께서 복사 4톤덤프 갖고계셨는데 옛날 파워핸들이라서 그런가 핸들돌릴때 엄청 힘들었네요 ㅎㅎ 부품 구하기도 어렵고 해서 폐차했는데 그립네요!!,18
316,저도 2001년도 군입대 전까지 타던 차 세렉스!!! 운전병으로 가서 이차 타다 왔다고 하니 고참들 ㅇㅈ 해줌!! 무파워핸들..ㅋㅋ rpm 조절도 가능!!  이 차량은 4륜 넣을때 내려서 앞바퀴 휠쪽에 스위치 안돌려도 그냥 되네요!!,5
317,정말 4륜의 명차 입니다.아직도 저희 일하는곳에 간간히 들어옵니다.산에 산소 작업할때....잘보고 갑니다.,22
318,"포터,봉고,리베로랑은 또 다른 갬성이네요. 저도 한번 타보고싶지만 요즘은 거의 폐차장행이라 저 어릴때만큼 흔하지 않아요. 초등학생때만 해도 중고차시장 한켠에 10대정도씩 있었을 정도로 흔한 차였는데ㅜㅜ",9
319,시골집  93년식 세렉스 올해 폐차했는데...밭에서 논에서 많이 끌고다닌 기억이 세록세록 나네요울 아부지 돈 많이 벌게 해준차 세렉스  신차 뽑아서 폐차까지...,5
320,"클러스트, 센터페시아, A필러, 사이드 브레이크, 라디오 기타 등등옛 추억이 새록새록 떠오릅니다.촌에서는 최고의 명차였지요재미지게 잘보고 갑니다",12
321,ㅎㅎ 세레스..25년전 처음으로 공사현장에서 일할때 장비 옮겨다 주고 하면서 타던 기억이...,2
322,저는 세렉스로 운전연습했었는데 괴물입니다^^,3
323,변속할때 엔진소리 들어보니 변속도 잘되는가 보네요아직 미션상태도 좋은가 봅니다,5
324,대박~~세레스 겁나 올만인데요ㅎㅎ촌이라 이런차도 ㅎㅎ,6
325,기아에서 젤 잘만든 명차입니다~,5
326,세렉스 오래된 골동품 명차 영상 잘봤습니다 감사합니다  세스바이오는  어느차종과 관계없이  성능을 신차같이 발휘합니다,3
327,1989년도에 봤던 세렉스가 아직도 있네요.,7
328,힘조코 옛날에 시골에서 겁나 잘타고 댕깃는데 짱인차쥬,5
329,외국에서는 견인차량으로도 사용합니다 ㅋㅋ,6
330,아 저차~~ 옛날에 고등학교 다닐때 선생님이 저걸 타고 학교 오시더라고요.. ㅋㅋ  웃긴다 ㅎㅎ 닭다리 돌려서 창문 열고 닫고 ㅋㅋㅋ 4단이라 40키로 ㅎㅎ 우와 볏짚으로 끈 잘 만드시네요 신기~캡틴아재가 더 신나하시는거 같아서 보는 내내 저도 즐거웠습니다.,3
331,오늘도좋은영상 감사합니다.캡틴님 보면고향이 영천이신예전 고1  담임선생님뵙는듯 합니다. 말투 행동 제일 중요한건 마음♡진짜 무서운 선생님 이셨는데요.뒤에서는 혼자 몰래 눈물흠치시는 천사 선생님.월급쪼개서 어려운친구들 도움도 많이주시고. 저도 혼 많이났었는데요.졸업식날 꼭 끌어안아주시더라고요^^니가 내를 안찾으면내가 니를 언제 안아보나?하시면서요.,4
332,"왔다, 세렉스 4륜구동 맞는거 같아요 옛날에 저도 15살에 경운기 딸딸이 운전도 하고 다녔던 생각이 나네요 어렴풋이 한마디로 경운기 엔진 소리 들어보면 온동네에 소리 퍼져나가 욕을 한바가지로 들었는데 ,,, 그때가 엿 추억이죠 ~!~",3
333,4단이면 진짜 오리지날 구형이네용초기모델이 4단중신형부터5단ㅋ,11
334,4WD 세렉스 산이나 골목에 공구리칠때 많이 사용하는 차량이지요 날씨가 춥네요 건강유의 하시고 감기조심 하이소,7
335,초창기 저차 세레스는 농사짓누 사람들만 구매 가능했답니다 농토가 없다면 농사짓는 사람 명의를 빌려 구입했답니다 사륜구동 이라서 전천후 차량 좋습니다,6
336,수동 초크 오랜만에 보네요~^^ 악셀 스위치라고도 하나 보네요..제가 어렸을 때 아버지가 타던 베스타 밴에 초크 스위치가 있어서 겨울에 시동걸 때 당겨서 걸곤 했던게 기억나네요 ^^ 세레스 오래된 트럭인데 그래도 짱짱해 보이네요,12
337,우리아버지차였던 세렉스  차고도 높고 바퀴도 크고 산길도 올라가던 무시무시하던놈 추억의 세렉스 명차 세렉스,4
338,덕분에눈이 호강했습니다고맙습니다~,6
339,세레스로 운전배운 1인입니다산길에서 호박돌 잘못밟으면 손목 억수로 아픕니더!잘보고갑니더항상 수고많으십니더예!,8
340,역시 강한자들만 살아남던 시대의 물건,3
341,돌 싣고 산에 석축싸으러 갔었던 기억이 나네요. 진짜 오랜만에 보네요.,5
342,명차 입니다~~~ 핸들 돌리기 진짜 어려운데 잘 돌리시네요^^ㅋ,8
343,20년전에  충주에서 운전했는대   너무  좋은차~어디든지  올라가죠,4
344,추억의  세렉스  수동 참 오랜만이네요  힘좋은 이놈 ㅎㅎ ㅎ,4
345,세레스는 순정이 오버액슬인 차량입니다구형 코란도보다 사실 오프로드성능은 한수 위인 순정상태로는 극강의 오프로드 머신입니다,5
346,와아 진짜 힘 좋은 사륜트럭이네요 잘봤습니다!,7
347,진짜 이거  우리나라에서  탱크라고 불리는  차인데   진짜  최고다   ,6
348,오랜만에 추억의 차를 봅니다.날씨가 많이 춥습니다.건강에 유의 하시고...오늘 귀한 영상 감사 합니다.~*,4
349,쎄렉스도 귀한 구경인데.. 군용(?) 도색까지.ㅎㄷㄷ,4
350,비가 와서 언덕이 온통 진흙밭에도잘 올라가더만유 하나 구입하고 싶은 매력있는 트럭입니다,8
351,어떤 경로든 자동차정기검사를 무사히통과하고 아직 건재함은관리가 잘된 명차임을증명합니다.팔목관절만 조심하면나무랄 데 없을 겁니다.ㅎ^^,13
352,군용트럭처럼 페인트를 희한하게 해놨네요 ㅋㅋㅋㅋㅋ창문 수동으로 돌리는건 20여년전 초등학교때 아버지가 끌고 다니시던 포크레인 싣은 트럭이나 옛날 승용차 타고다닐때 돌려서 열던거 생각나네요 ㅎㅎㅎㅎㅎ,3
353,경운기 같은 완전수동차 10년갑니다  경상도  특히 대구쪽이 보수적이라  옛 한국을 지키는   심성 분들이 많지요,3
354,85년도에 세랙스 뽑아서  90년 10월까지 타고다녔지요 나의 첫차였는데.....그때는 지붕이 천으로 된차였는데..,10
355,제가 학교 들어가기도 전에 나온차를 리뷰하시는거 보고 신기하기도 하고 재미도 있었네요 덕분에 많이 웃고 갑니다~ 대성아찌짱^^ㅎㅎ,4
356,87년에 운전학원 갈 돈 없어서  저 세레스 가지고  회사 마당에서 운전연습 해서 한번만에 면허 취득 했습니다.처음에 나온 모델은 차량 지붕을 두꺼운 캔버스 천으로 해놓았죠.소리나 생김새가 탱크 같아 옆에 일반차가 근처에 오지 않았지요.한번은 고속도로에서 로얄살롱을 굉음을 울리며 추월을 하니 그 차 운전자의 황당한 웃음이 생각납니다. 에어컨은 물론 없었고 히터도 지금의 온풍기 같이 생긴 히터가 발아래 있었지요.얼마전 까지 골프장  코스 관리 하는 용도로 골프장 가면 보이더만 요즘은  잘 보이지 않더군요.,3
357,영상 잘보고 갑니다수고많으셨어요~~,4
358,1991년에 (4wd)에 지붕이 soft top으로 기억됨(내위에 형이 소유) 와이프랑 부산에서 강릉까지 동해안 지방도로타고 갔던 기억이 납니다  출발전에 귀에 꼽는 플러그 준비를 미리미리 해야한다고 했는데  잊어버렸음 (소음)때문에 죽는줄 알았음 소음 말고는 왕복 했는데도 아무문제 없었음.....벌써 30년이 지나버렸네요.....나만의 기아 세레스 4wd  추억 입니다,4
359,베스트 드라이버네요  멋지십니다,4
360,와 이게 아직도 다닌다니... ㄷㄷㄷ,4
361,오늘도 좋은리뷰 감사합니다,4
362,이런명차를 대성캡틴님이보여주시네요ㅋ파워핸들아니라운전은 힘들겠네요,5
363,오늘도영상 잘보고갑니당^^세렉스로 오프하러가면되겟다ㅎㅎ요즘오프로드에푹빠져있어성ㅎ겁나게재밋네유,7
364,경운기소리가~~^^예전에 저희동네에도 뚜껑없이 다니던경운기도 차도아닌 경용차가 생각나네요뚜껑이없었던걸로~^^,4
365,"옛 추억이 떠오르네요 ㅎㅎ 영상잘봤습니다..,^^",4
366,혹시! 시간이 되신다면!핸들의 파워 유무가 얼마나 차이 나는지 리뷰 해주실수 있나요?전 운전할때 파워핸들도 했는데 주위 형님들이 라떼는 핸들 저리 돌리도 못했다~ 하시는데노파워가 먼지 모르겠습니다 ㅠ.ㅠ,7
367,견인 영상보다 이게 더 좋심더^^ㅎ,3
368,대성캡틴님 늘 항상 안전과조심히하시길바라고늘 영상잘보고있어요,2
369,대한민국 최초의 사륜구동 농촌트럭 세레스!저걸로 좁은 농촌길로 후진100m 논에 객토할 적에 목에 깁스했든 기억이 새록 새록!^^,3
370,아부지께서 15년이상을 타시면서 저에겐 어릴적 추억이 많은차종입니다. 차량 대시보드랑 주행영상을 보니 어렸을적 아부지와 함께 밭일과 목욕하러 나갈때 끌고나가던 기억이 새록새록 떠올라 울컥하기도하고 반갑기도하네요ㅎ,2
371,광고하던거 생각나네요농촌형 다목적 트럭  세레스그리스신화 농업의 여신관리 잘하셨네요,7
372,"국방컬러 위장무늬.수송부시절에 도색할때 에어건 많이 썼는데, 무늬가 약간 아쉽네요.ㅎㅎㅎ",4
373,세렉스리뷰 끝내주게 잘 달리네요,3
374,시속70km넘어가면 온몸이 뒤틀리는 승차감 노파워 에어컨도 없는 차지요 근데   공사현장에서 더러쓰였죠 파워스티어링 만 되었어도 하는 아쉬움이 있었어요 후륜을 더블타이어로 개조한 모델도 있어요 ᆢ,2
375,"거의  뭐 경운기길은 다 다닙니다에어컨도 ,창문도,핸들도 조금은 불편했지만~~산,임도 길에 사용하여서보니깐 반갑습니다영상 잘 보고 갑니다  쵝오",3
376,요소수가 필요 없는 디젤사륜 농촌 에선 최고에 일꾼,4
377,사이드브레이크 추억돋네요  옛날 타이탄이나 복사 랑 같은방식,4
378,"ㅋㅋㅋ파워핸들도 아닌.완젼 군용차량각.짧은 축거에 전후오버행 좋구댓끼린데 나이가 꽤 되서적재함은 부식되지 않았을까요,오래된게 멋있을 때도 있습니다.아마 록스타 하체를 이용했을거 같아요잘 쓰십시오.배기가스 검사는 잘 통과하실지...매연잡는 귀신을 알고 있습니다.",2
379,대성 캡틴님 수고 많으십니다 전에 한번댓글  남겼습니다  화물차 폐차하고 건설쪽에  일하고 있는데  저희 현장에도 1톤 덤프  세렉스 있습니다,3
380,ㄹㅇ 조선벤츠 유니목 갓차 라쥬,5
381,무파워 핸들은 정차시 안움직여요ㅋㅋㅋ 움직이면서 돌려야해요ㅋㅋㅋ 그거 죽어요ㅋㅋㅋ 차에서 줄다리기? 씨름? 해야해요ㅋㅋㅋ 저도 해봐서 알죠. 느끼고 싶다면 라보! 아마도 그게 요즘에 찾기 가장 쉬울꺼에요ㅋㅋㅋㅋ,12
382,옛날생각나네요^~촌에 사과밭에서 운전하는생각이힘끝네주죠^^,3
383,"고령갔다가 엑셀2봤는데요, 외제차인줄 알았심더, 깜짝 놀랬뿟심더. 대단하신분이지요, 존경시럽데예.",3
384,안전운전하세요코로나조심하세요,2
385,탑위에가 천막으로된거보니 내첫차로 뽑아서 기억이새록하네요  대우를 앞바퀴에 넣고빼고가 번거러웟는데,3
386,제주도 촌에 아직도 간간히 보입니다. 기회가 되면 구매하고 싶은 차량이예요 ㅎㅎ,7
387,와~~ 진짜 소리 대박 ㅋㅋㄱ,5
388,대성캡틴님  감기조심하시고 코로나조심해요 힘내셔요렉카일 힘내용,2
389,오~자동차 이제 영화에서 자주 볼 수 있겠습니다,2
390,질문있슴돠! 혹시 세레스 최대등판각이 얼마나 되나요?,2
391,봉고프론티어 JT엔진 올리면 더욱 재미있게 탈수있습니다5단미션 세렉스차량 엔진을 내리고 프론티어 엔진스왑하는 차량있는데그차량 타는분들께 물어보면세레스 지치엔진보다 프론티어올리니까계기판 넘기고 댕기고 힘도 더 쎄다고 하네요저도 프론티어 엔진 변경차량 몇번 타 봤는데  괴물처럼 힘도쎄고 잘 나가더라구요ㅎㅎ,7
392,코로나조심하시구사랑해요 건강하세요 ㅎㅎ 사랑해요,3
393,"정확한 이름은 세레스 입니다.  하지만 대부분 세렉스로 부른다는 ㅋㅋㅋ, 그리스 로마신화의 농업의 신의 이름이죠 ㅋㅋㅋ",8
394,어렷을때 무면허로 아버지차 끌고 나다니던 생각나네요..ㅋㅋ,6
395,쎄랙스는 경운기타이야를 끼워야 뽀다구가 난다요!,5
396,반말한다고 불편한거 없습니다 대성캡틴님 ~짱입니다 세렉스 에어컨이 안되서 여름에 타면 더울긴데~괜찬은교??,6
397,잘보고갑니다 고생하셨습니다,3
398,허미~~ 세렉스 올만에 보네요방송에 말씀처럼 딸딸이라고(경운기 엔진을 올린 저 세렉스 차와 비슷한모양)저도 기억이 나네요 6~7살때 쯤인듯그 이후 제 기억이 핸들 바로 및에 핸들바에 말뚝처럼 기어를 넣는 차가 있었던듯...짚단과 새끼꼬우는건 ㅎㅎㅎ  어릴때 시골은 저 새끼꼬은 줄과 산에 칡넝쿨을 끈어다 끈으로 사용을 다방면으로 사용을 했었죠 ㅎㅎㅎ 잘 봤습니다 ㅎㅎㅎ (현풍 특별시) 올림대성 화이팅~~~~!!!!,4
399,ㅋㅋㅋ 세레스 대박이네유,5
400,세레스와 복사가 생각이 나는 영상입니다~~,4
401,와. ㅋ 대박...ㅎ가야면 황산리에  안마의자 설치 때문에 갔는데  오후 2시에  갓길에 차 세워두고  앞에 오는 차 보며   오~ 세렉스 !!!  이랫던 차가집에와서 유툽 켜니  딱 나오네요 ㅋㅋ대성캡틴님 반갑습니다 ㅎ  눈팅 팬 입니다 ^^,5
402,부셔지면 끝이 아니라 새로롭게 개조해야합니다,4
403,재밌었어요ㅎㅎ,4
404,89면허 입니다 예전에. 첫차로 끌고. 다녔던 세렉스 이네요  정말 지금봐도 방갑네요.,1
405,밭에서 포터 4륜구동하고 세레스 4륜구동 같이 작업하면 세레스가 효율이 훨씬 잘나옵니다,2
406,역시 힘은 옛날끼 지지준다 카이~~,7
407,세레스 이지요.. 요즘 봉고3 사륜에는 없는 감성이 있는 차네요...,4
408,이런게 상남자의 차인가 싶습니다. 대충어디 망가져도 대충고쳐도 오래쓰는 그런 ㅋㅋ,3
409,세레스 오랜만이네요 ㅎㅎㅎㅎ,1
410,산판하던 제무시끼 생각나네요 추억의  차네요 강원도 글금낼때  최고니더,3
411,"세레스 단종되는 차량 대신해 제가 중1인 2000년도 프런티어 4WD버젼으로 시작해 포터4WD도 부활하게 되었습니다. 프런티어 4WD는 초기에 세레스휠과 같은거 쓰다 봉고3로 모델변경되며 똑같은 전륜휠 사용하게 되었죠... 명맥 끊긴것이 아닌 봉고3가 대신해주는 것도 있고 가끔씩 봉고4WD를 세레스라 부르기도 하며 1박2일 1기에선 이수근이 ""세레스 세레스~~"" 그런 경우도 있지요...ㅎㅎㅎ 리뷰 잘 감상했습니다^^",2
412,지금은 봉3이 4륜이 있지만 쎄레스는 못따라가지 ㅋ 소리부터 웅장해요 ㅋ,2
413,최고다 대성프로.,3
414,강원도 정선입니다. 아직 현역으로 활동하는 세렉스 많습니다! 산비탈 농업을 위해 마개조 된 차량들이 많지요.. 요즘 왠만큼 관리된 세레스 아니면 검사가 안되는 지라 폐차 전에 벌금 30만원 낸다는 생각으로 자동차검사 패스 하는 차들 많습니다. 혹시 촌에서 세레스 보면 피해다니세요..,4
415,조선유니목 최고!!!!,2
416,그레이스 12인승 핸들기어 뽑아서동해안 가족 데리고 여름 휴가 때 뒷자석 전체 폴딩하면 침대 ㅎㅎ나만 잠 못자고 한계령 넘어 오던 추억이 새롭네요,2
417,국내최고지 세렉스~스키장도 그냥 막치고 올라가는 국내 유일?차지ㅋㅋ,2
418,"세레스는 로마의 농업,작물의 여신의 이름이죠 기아도 그걸 따서 이름지은게 맞고요 기아가 정말 용도를 맟추어 생산한 차이죠",4
419,앞에 말씀하신것처럼 겉으로는 자동차 아닌데경운기 엔진달고 달달거리면서수제 제작 차량인가 생각이 드는 문짝도 없고 짐실는곳은 지금 포터 비슷하고하여튼 어릴적 동네 골목도로&일반도로에서연탄실고 천천히 달리던 시커먼 차가 생각나네요,6
420,영상 보면서 익숙하다 했는데고령읍이네요 소방서 옆에~부모님이 쌍림에 계신데정비하러 매번 가신다 하시더군요ㅎ,8
421,새끼 꼬시는 분 오랜만에 봅니다. 시골에 노인 분이 잘 하시는데.... 대성캡틴 항상응원합니다.,5
422,요즘 나오는거는  운전석에서 2륜 4륜  바꿀수있도록 안에  기어가  있습니다  건설현장에도  유용하게  쓰입니다 흙 돌  철근 자제 유용하게 싣고 옮깁니다 아무튼 안전작업  하시고 감기 조심하세요 대구 서변동 에  까페공사하고 있습니다 내년  5월준공납니다  커피한잔하러 오이소  ^^,2
423,"안 좋은 일 있다고 힘 빠지고 텐션 떨어지면 대성 캡틴 아니지! 힘 내소,",4
424,여름에 스키장 슬로프 보수할때 올라다니는 차는 쎄렉스뿐입니다~,4
425,참 이차에대해 어릴적 추억이 많은 차를 보니 좋네요 ㅎㅎㅎ 어린시절 새벽에 부모님을깨워 목욕탕을 가는걸 참좋아하던때에 ... 세레스 시동이 안결러 보니 배터리를 누가 훔쳐갔더군요 ㅎㅎㅎ 목욕탕못가서 참 슬퍼했던 기억이 나네요,3
426,세레스 멋지네요 라디오만 나오는 데크까지 4단에 허브를 보니 94년식 끝물4단 94년식 2200cc네요,6
427,세렉스 4륜 기반이 된 차량이 지금 현대 2.5t 사륜입니다.,4
428,내가 면허취득한 다음 처음 운전해본 차...저차로 운전을 배웠음... ㅋㅋㅋ,2
429,멋있다,3
430,이거슨 러시아 군용임까? 연변 국민 화물차입니까 ? 국제적으로 나아가시네요 ㅋㅋㅋ 색다른 리뷰 멋집니다,3
431,아저씨 재밌어요 억시 정겹네요ㅎㅎ,4
432,세렉스... 학교다닐때 우리집에 기아봉고차가 있었고 이웃집에 저차가 있었지요 뭐 비스무리하겠거니 하고 세렉스 얻어탈일있어서 타봤는데 완전 땡크... 소리하고 나가는느낌이 봉고차하고는 또다름... 근래도 강원도 배추밭에 지나가는데 세렉스에 경운기발통달고 배추밭안에 들어갔다나왔다 합니다,2
433,19년식이 지난 64만km될때까지 건재했었네요 지금은 폐차해서 없네요,6
434,아버지 친구분차가 세렉스였는데 논에서 손벼짚실고 나오다가 누운거 세우고 시동걸어주니 언제 무슨일이 있어냐는듯이 멀쩡하게 시동걸림~ㅋㅋ저는 지금 포터4륜타고 다님~,4
435,5:47 11:47 오늘은 여기네요~ㅋㅋㅋ근데 그냥 반말로 해주세요~(제 개인의견입니다!)ㅋㅋㅋㅋ처음 나오는 영상에서 영상 잘못 붙힌줄 알았어요ㅋㅋㅋ암튼 깔깔이랑 차랑 캡틴이랑 찰떡이네요~,5
436,솔직히 명차는 아니죠  회사차로 5~6년 참 많이 타봤는데  그냥 경운기 수준입니다  이차 폐차하고 봉고3  4륜덤프 신차로 바꾸니  이건  뭐 모든게 신세계 였지요,1
437,내가사는 지역엔 아직도 마니있죠  나도 98년식사용하고있고  아직도 평지에선 100나옵니다. 요즘나오는 4륜들은 절대로 따라올수없죠.,2
438,번창하세요!!!!!,3
439,조선 유니목 오랜만에 봅니다~,4
440,4단 세레스면 94년식으로 알고있습니다..집에서 가지고있던 차였고 집 차는 95년식인데 5단기어였습니다.그보다 세레스라면 농로 주파성능 하나만큼은 요즘 나오는 봉고나 포터 4륜구동보다 최고죠,3
441,도시루  겨울에 경상도에서 살아 남아야 될낀데 제주도는 따뜻해서 잘 커는데,6
442,제가 사고싶네요,6
443,아세아여쓰면..더좋았을건데..ㅠ,4
444,"대성캡틴님! 해당차량 적재함에 문제가 있어 보이는데, 괜찮은 건가요?  여느 트럭에 보이는 뒤에 적재함 벽면이 없는 것 같은 느낌....ㅋ",5
445,,3
446,세레스임. 세렉스가 아니라..... 화면에 나온 거는 한....92년식 정도??그거 단종되고 나서 이어 받은 것은 봉고3 4WD.,3
447,저 차가 아직도있네옛날  자연농원이었을때잠깐 식물원에서 일하면서 몰던 덤프차네 장미축제끝나면 시든꽃 현재 경주장만든곳에 버리다 빠지고 헛바퀴돌고 기어빠지고 쌩난리에 고생하던기억이저차 그래도 오프로드 부럽지 않았는데 ㅋ,2
448,아직도 구독자 10만이... 빨리 구독 좋아요 눌러둬 ~~,2
449,"약 1개월 전에 1종보통 취득한 구독자입니다. 출발할 때 반클러치를 사용하시는 모습이 보이는데, 옛날 자동차들은 클러치가 제때 잘 안 붙습니까?",2
450,경운기 대신에 쓸만할거 같네요,2
451,옛날식집차코스대단하녜요,3
452,직이네요 ㅎ 멋지가 궁둥이가 들썩들썩 하네요 ㅎ 뉴코란도 소프트탑 저도 한개 구해 주세요 ㅎㅎㅎ,2
453,글구보니 캡틴님은 구독만 눌러달라고 하시고 좋아요는 말씀이 없으시네요ㅎㅎ,3
454,유일하게짐칸에사람이타도되는차였는데ᆢ짐칸에안전띠도있었는데ᆢ,2
455,ㅎ.   갬성이.  짱 짱한.  차네요.   !!!!,2
456,저 세렉스 오랜만에보내요 초등학교때 아버지차였는데,2
457,사이드 오랜만에 보네요 ㅎㅎㅎㅎ,5
458,멋지네요,3
459,"이차의 원조는, 일본인데, 마쓰다에서 기술과 금형을 가지고 와서 만든차입니다",2
460,다시 대성캡틴송을 들어서 좋네요~유툽에서 저작권문제 있다고해서 내심걱정을..,5
461,힘내세요,4
462,조심히몰고다니셔요,3
463,세레스 원팔이가  전설이죠,3
464,도색...ㅋㅋ문제의 소지가 있네요...괜히 카모플라주 밀리터리 도색을 하시는분들이 파란색계열 검은계열로 하시는게 아닙니다,2
465,아지야 갈수록 인물납니데이~^^,2
466,하차감 포람페 3대장 버금가겠네ㅋㅋㅋ,2
467,우왘ㅋㅋ신발이 98건담이시네요..,2
468,승차감이 군대 통차수준같네요.,2
469,대성캡틴방장님 안녕하세요 방가워용오랜만에 영상올라왔군요늘 조심해요 위험합니다좋은하루되시고 식사챙겨드시고 힘내세요 감기조심하시고 즐거운밤되요어머  구름아이뻐수고해유 대성캡틴방장님보조개가 굿,3
470,가~끔 배추밭에가면 저런타입에 차량들 쪼매보고 그랫드래요~,3
471,,2
472,"추억의 차 세렉스네요,,아주 간만에 봅니다,,중간에 새끼 꼴때는 물에 적사가꼬 손에 춤 퉤퉤 밭아가면서 하면 잘 꼬아지는데,,ㅎㅎ 댓글투척하고 갑니데이,,",4
473,핸들이 뻑뻑해서 파이던데,2
474,,6
475,대성 캡틴 겁나 밀고 있대요^^,3
476,딸딸이 98년까지도 저희동네에 있었.....,2
477,이것이 진짜 날것 그대로인것인가... 날것...음............수컷냄새 ㅋㅋㅋㅋ,2
478,괜히 농경의 여신님이 아니시죠,2
479,강원도 산골짝 배추작업 할 때 끝내줬었다는..,3
480,궁금한거있는데요~~ 민간이 저렇게 국방도색 해도되나요 ??  시비나 태클 아니고 궁금해서요 ㅜㅜㅜㅜ,2
481,지에무씨 수준 ㅋ 산판하러가도 되겠슴!ㅋ,3
482,간지나네요,2
483,"정기검사 어케 통과해요?법이 이상해요, 1년에 이틀써도 매연나온다고 폐차해야 하고",1
484,아..'20년전에 고향집 농사일 도와준다고 약통 싣고 무밭 배추밭 논에 약치고 음네에 동생 태우고 아스크림 사먹으로 훌치고 나가다 방지턱에서  천장 뚫고 나갈뻔한 기억이,2
485,와 즥이네요 :D,2
486,노래도 잘하시네요ㅋ,3
487,참 어렵네요. 달이는  경운기  엔진. 그리고   자동차  엔진  올린 경훈기다   불법  차랑  개조입니다. 님도  아시 아시조  경운기 엔   조항 클러치 와  급저동  할수 있는거아시죠  차 같음   싸이드브러크  .,2
488,연료첨가제를 넣어보시면 어떻신지요?,2
489,아 이딴 차보급이나하지요즘 쓰잘떼기 없는 차들만 만드는지좋아요  누루고 감,2
490,양쪽으로 뜸푸도 있는데,3
491,조선의 유니목,2
492,지금도강원도오지에는몇대돌아다니네요,2
493,오늘도 코란도랑 싸우고 계시던데 인사도 못하고 엔진오일 갈고 갑니다^^,2
494,세레스 고속도로는 갈수있을라나 모르겠네요.,2
495,노파워라고 하시는군요. 저는 휴먼파워라고 합니다~ ㅎㅎ~,2
496,제차는라이노91년식30년된차인데시동도잘걸리고검사맡고검사하는사장님분깨서타이어는60%남았고문검사도하고말하시는데문에약간끼~이런소리가나나봐요제가중고로2004년식카고를샀는데어느날시동이잘안걸리더라고요그래서배터리갈고집에가는길에그날이비가왔거든요미끄러워서2009뉴쏘랜토가좌회전하다가타이어가펑크가나고미끄러져가지고제차랑박았어요수리비2800만원입니다쏘랜토차량은제가자차보험으로1200만원보상해줬고제트럭은수리가잘되어서자굴러갑니다.,2
497,세레스!,3
498,사람냄새 나는 영상 고맙습니다 !!,4
499,눌라도   가   반말  아입니더애교  있게 들려서좋은데예힘내시소응원 하게씸더,2
500,한국판 유니목,2
501,세레스일걸요 ㅎ,4
502,강원도 대관령쪽엔 아직많이 살아있습니다,3
503,대성캡틴  언근히 귀여운데요ㅎㅎㅎ,2
504,잘보고갑니다,2
505,군용 세렉스,2
506,대성캡틴항상응원합니다,3
507,세럭스죽여주네요 수고했어요,3
508,노파워ㅋㅋ  눈오면 파워 ㅋ,2
509,군용도장 불법아닌가요?,2
510,대성캠틴   날아가보자  짱,4
511,저거 미쓰비시 차량입니다,2
512,내가 바로 조선 유니목 이다,3
513,지바겐 못가는데 갈수있는차,3
514,세렉스 아니라 세레스 입니다,2
515,목소리 잘 들립니다,2
516,그차처분하실때저가구매하고싶내요싸게주셰요?,2
517,아 해외에서 저기에 다연장로켓 얹어서 다닌다는 그건가...,2
518,헬리곱타 소리 주깁니더 ㅋ,3
519,국방 도색 저거 불법이지 않음??,4
520,아이고 새끼를 겅구  칠라고 왼짝뻬기 새끼를 꾸신다요오른손이 앞으로 가야 정상이지요왼쪽 새끼는 애 낳으면 대문앞이줄치고 숯꼽고 고추꼽고 하는 거라요 새끼는 오른손이 위에오게해서 오른손이 앞으로 밀어야정상 새끼 입니다 ㅎㅎㅎ,2
521,코리안 유니목,2
522,언덕길 순간변속은 어케 하나요?,1
523,2.4 65마력최대110km? 세렉스 엔진 1톤2륜 내가 내차로 운전한적있어요 노파워 기아변속도 케이블아니고 쇠파이프로연결해서 변속기까지 노파워에다 강릉까지 놀러도 다녔지요 에어콘없음ㅋㅋ국토도로만. 세렉스가 강원도 밭에서 엄청좋아하지요~ 4륜 끝내주네요~우리집도요   새끼줄기계도있어요  사장님 새끼줄잘하시네요~  옷내옷과 또같으시고요 귀엽게 말씀하실때 귀여워요^^,4
524,니들도 반말해라 마! ㅋㅋㅋㅋㅋㅋㅋㅋㅋㅋㅋㅋ,2
525,파쇼 얼마요,2
526,"""주세요 라고하면 격에 않맞지요.",2
527,노인학대죄로 고발당합니다 조심하이소,2
528,대성캡틴방장님안녕하세요반갑습니다전에 스누피프사 다솜ㅡ닉이게 누가 하나도안틀리게 똑같이 방송마다인사 하트하고다니고  제가 아니였는데누가 해킹해서  저  보람이 프사 이거로가려합니다바로 바꿨어요 무섭네요 사람들늘 렉카일 조심해요식사잘드시고 힘내요감기조심하세요,2
529,구독누르는데돈되나함눌러둬가,3
530,와 직이네,2
531,"왼새끼를 꼬는데요,반대로돌리는겁니다,",2
532,남조선G바겐,2
533,대성사장님 새끼꼬는 것 보이 왼손잡이네 ㅎㅎ,3
534,정신 못차렸네 신문고에 한번더 신고해줘야할듯,1
535,배경음이 넘커요,2
536,장안평× 장한평○,2
537,왼(左)새끼를  꼬신다.  무속. 주술에나 쓰는데 .,2
538,진짜 유니목 나오면 오줌 지릴거면서.,1
539,새끼줄 꼬는게 짝배기...왼손잡이?,2
540,타코메타,2
541,K유니목,2
542,관심좀 주는데 자꾸 그라노? 댓댓성 캡틴,3
543,새끼꼬는것이왠새끼꼬네요?반대로하이소!,2
544,관심좀가지도,3
545,오! 뭐야,3
546,세상엔 바보들 많구나..,1
547,군용 덤프트럭인가?,1
548,아재요 이차름이뭐요?아재: 세엑스...네?,1
549,자,2
550,눌라도.....,2
551,양아치,1
552,구독취소,1
553,"촌놈촌놈하지마소오리지날촌놈은무슨,",1
554,대성이네,1
555,좋은영상 감사합니다. ^^ 클래식한 느낌 아주 좋아요!,1
556,저도 세레스(최후기형) 타봤습니다.,1
557,점보 타이탄도 해주세요,1
558,세레스이쁘다.,1
