,comments,likes
0,우리 아빠들 국내 출시하면 구입하실건가요??,237
1,가성비 끝판왕이였죠.2015년에 사려고 견적 냈을때 그당시 2100만원에 프레스티지 깡통이 가능했는데 그당시 타던 2013년식 올란도 젠2보다 옵션도 많고 2열시트 슬라이딩도 가능하고 좋더라구요.올란도에서 카렌스는 옆그레이드 같아서 구매로 이어지진 않았는데(전시장에 있던 K5에 눈돌아가 k5구매 ㅋㅋ) 타고 내리기 편한 적당한 크기와 높이에 suv에 버금가는 실내공간이지만 suv보다 가격이 저렴한 차급이라 개인적으로 만족도가 참 높았던게 mpv였네요.,26
2,"와... 전 초기 프로토타입 시절에 위장막 씨운 모델을 연구소에서 한번 보고저희 집 앞 도로에서 어쩌다 한번 봤던게 끝인데...역시 우파님답게 빠르게 카렌스 실물도 보여주시네요~카렌스를 뛰어넘는 ""그"" 테스트카도 기대하겠습니다^^",45
3,카렌스나 올란도나 신형 엄청 이쁘게 나왓던데 차박이 유행인 지금 딱인데 업무용 차량으로도 좋구요.신형들 다시 나왓으면 좋겟네요. 현재 뉴카렌스 LPG 업무용으로 타지만 신형 너무 이쁘네요. 좋은 영상 잘 보고 갑니다~~^^,36
4,2015년에 올뉴카렌스 구매후에 아직도 운행중인데 잔고장없이 아주 잘타고 있습니다 ㅎㅎㅎ디자인이며 평탄화후에 차박도 진짜 재미있게 하고 있고 가구 및 짐을 옮길때도 2열을 접어서 짐을 넣으면 많이 들어가서 놀랍니다 ㅎㅎㅎ,5
5,우리집 두번째차ㅋㅋ프라이드를 타고다니다가 카렌스를 뽑아왔을때 아버지가 그렇게 멋있어보일수가없었죠ㅋㅋ뒷자석 폴딩하면 초등학생 두명정도는 누워서 탈수도있었고 15년을 타고 보내주었지만 참 추억이많은 카렌스입니다,98
6,카렌스가 대박 났던건 당시 7인승부터 승합으로 들어갔기 때문입니다. 승합 세금이 6만 5천원으로 동급 승용차(카렌스 최초는 1800cc)에 비해 저렴한 세금으로 폭발적으로 인기를 끌었죠. 그래서 현대는 트라제 9인승을 내놓으며 승합이면서 승용으로 쓰는 차량이 인기를 끌게 되죠. 이후 카렌스가 망한 이유는 정부에서 11승 미만은 승용으로 해버렸기 때문입니다.,18
7,"앞으로 인도와 남미, 인도네시아 같은 신흥국에만 출시된다고 합니다. 여러모로 쓸모가 많은 차인데 국내에는 포지션이 겹치는 차량이 많아서 출시할지 미지수네요.",13
8,진짜 디자인이 미쳤다니까요!!!!,39
9,저희 어머니가 옛날에 카렌스2  (그 카렌스 1.5세대라고 부르는  풀 스킨 체인지 모델) 처음부터 폐차 하실때까지 타시다가 이번에 나온 쏘렌토로 가셨는데 다시 보니 반갑군요,10
10,99년식 T8D 1.8 LPG 모델 차박용 캠핑카로 써드로 굴리고 있는데 4세대 신형이 나온다니 ㄷㄷ  올란도처럼 전고가 좀 높고 풀 폴딩 가능하면 다용도로 좋을거같음,14
11,07년식 뉴카렌스 LPG를 2013년에서 2020년까지 7년간 타고다녔는데 그래서인가 저와 제일 추억이 많았던 차인것 같아요. 실용성도 좋았고요.,7
12,16년식 중고로 사와서 타고 있는데 가성비는 참 좋은 차...,26
13,우와 디자인 진짜 잘뽑는다 기아,3
14,진짜 나오면 괜찮을듯디자인도 이쁘고,2
15,가격이 중요하겠지만 디자인도 깔끔하고 실내또한 괜찮네요,7
16,기아가 확실히 디자인을 잘 뽑네요,1
17,09년 카렌스 2.0LPG 지금도 잘 타고 있습니다.당시 1700만원짜리를 이리저리 무슨 프로모션에 세금에.잘 기억은 나진 않지만 1350정도에 구입햇어요...정말 지금은 찾아볼수 없는 가격이죠..ㅎㅎ,2
18,아직 시판이 안된 니로 풀체인지도 주차장에 주차돼있는 영상 본적이 있는데요...카렌스도 인도에서만 판매하는거라는데 이렇게 벌써 모델이 주차돼있는게 신기하네요,2
19,헐...대박!!기아 카렌스 추억이네요.올란도랑 대결하던 그녀석!!레전드 기아 7인승MPV 미니밴국내에서 단종되고 인도에서 다시 카렌스라는 이름으로 부활할줄이야...ㄴㅇㄱ(상상도 못한 정체)제발 국내출시 가즈아~,4
20,사이즈 디자인 매우 매력적이네요.,8
21,카렌스는 신형 나올때 마다 당시 기준으로 차가 이쁘게 나오는 것 같네요,8
22,카렌스 lpg차중에서도 명차지요....2세대를65만 운행하는내내 불만이었던적이 한번도 없었던차라서 3세대 살려고타 보니까 정말로 아주 과관이었던 차라서 그당시 그냥 ql 을 출고 했던 기억이있습니다. 만약 정말로 카렌스가 다시 나온다면 기존 2세대보다 넒은 공간과 높은 상품성을 가지고 나왔으면 하는바램입니다.,2
23,카니발이 부담되고  7인승 필요한 분들에게  나오면 좋은 대안이 될거 같습니다.,42
24,"쏘렌토 6인승, 7인승이 카렌스 자리를 먹고 있는거라 카렌스 출시가 기아끼리 팀킬 나지 않을까 싶네요. 소비자야 출시되면 이득이지만 과연 기아가 내줄지는... 그리고 시대가 시대이니만큼 휘발유, 가스, 하브로 출시될듯한데 하브의 연비가 궁금해지네요.",5
25,카렌스의 시트는 지금도 예술이지...180도가 움직이니...,1
26,아ㅠ.... 진짜 4세대라면 나와야된다ㅠ,5
27,추억의 차네요아빠가 저 6살때 1세대 타셨는데 ㅋㅋ만약 나온다면 제 첫차가 더ㅣ었으면 좋겠네요,5
28,저는 단종된 마지막 2017년식 쓰고 있습니다. 평가는 폭망일지 몰라도 실내를 보고 타면 탈수록 좋은차에요. 한번도 저급하다는 느낌 못받았습니다. 가성비 갑이고 연비10km정도 나옵니다. 4인이상은 LPG에선 비추지만 1~2인 정도의 주로사용은 최고입니다. 실내도 높고 한번도 문제된적없었네요. 더 커졌는데 3천초반이면 좋은가격 기대해봅니다,2
29,차 이쁘네요 진짜 사고 싶다 ㅋㅋ 취저취저,33
30,개인적으로 검은색 보단 밝은색이 라인도 잘 보이고 앞에 디자인 포인트가 젤보여서 더 이쁠거 같네용,1
31,다시 LPG모델로 나오면 좋을것 같네요...예전에 한번 시도했었던 LPG 디젤 겸용 모델로 나오면 더 좋고...ㅎㅎㅎ...그럼 산타페 팀킬 각 입니다,1
32,산타모.카스타.카렌스 .레조  lpg 차 전성기일때 나왔던 차들이네요 아 그립다 그시절 ㅠ.ㅠ,17
33,카렌스 lpg 유치원 시절 2000년도에 가져와 아버지가 타시고 어머니가 현재까지 계속 관리하며 나들이 마실 용으로 타십니다 가끔 어머니랑 같이 시장 가면 가게 주인분 들이 아직도 굴러다닌다고 엄지 척 날리십니다 조금은 부끄럽지만 ㅎㅎ 다시 출시한다니 웃프면서 반갑네요,13
34,클리어타입 후미등때문에 검사 통과 못하던건 카렌스의 곁가지 버전인 X-Trek모델이었습니다,11
35,지금 3세대 카니발 오너인데요. 예전에 카렌스는 제가 꼭 타고 싶은 차 중에 하나 였는데 단종이 되면서 그 사이 카니발을 경험한 입장에서... 더 작은 카렌스로 가기는 힘들듯요.,5
36,힘내요 우파형님~ 제작진분들~영상 감사히 잘 시청하겠습니다~^^,4
37,10년 전에2세대 카렌스 탔었는데..추억이다,3
38,확실히 기아가 패밀리 라인을 잘 하고 있는거 같아서 통일성 있어 보여서 더 예뻐 보이는 거 같네요 ㅎ,6
39,저희 아버지도 1세대 카렌스 LPG 탔는데 기가막힌건 2열 시트가 뒤로 완전히 눕혀져서 3열 시트랑 합치면 방처럼 변해서 자고 놀고 하면서 여행도 가고 그랬었는데,6
40,디자인 ㄷㄷㄷㄷ,2
41,이건 충분히 잘팔릴거같은데ㅎㅎㅎ 저는 아직 처자식이 없는 그냥 30대인데도 실용성과 디자인면에서 사고싶네요 ㅎㅎ,1
42,카렌스 3세대 세컨으로 쓰지만 참 실용적인 차량입니다 차값싸고 크기 적당해 주차 편하고 유지비 싸고 시야좋고 공간도 넓고 수리쉽고 부품값 저렴하고 간혹가다 단거리로 예닐곱명 이동해야 할때도 좁긴해도 유용하고(장거리는 절대 무립니다)캠핑도 문제없고 여튼 팔방미인인 차임에는 틀림없습니다 하지만 국내에서 인기가 하락한 치명적 단점이라면 폼이 안난다는거뿐 실용적이고 경제적인면에서는 깡패인차 맞습니다,22
43,카렌스 좋아했는디 3세대는 너무 아니었어요 ㅋ그래도 다시 나왔으면 하는 그리운 차입니다,1
44,인테리어 작업용 차로도 좋겠네요,1
45,뉴카렌스 타고 있는데 실내공간 넓고 트렁크공간 넓고 친환경연료라서 조용하고 좋아요,1
46,우리가족에서 2003년부터 2016년까지 사용한 패밀리카가 기아 카렌스 1세대 풀스킨체인지 모델이었습니다.진짜 추억 많은 자동차입니다...,3
47,지금 나오는것도 괜찮을듯 합니다.차박하기에 운전도 편하겠고,1
48,카렌스 디젤7인승있습니다 5인승에 3열시트옵션추가로 가능했었습니다.기존카렌스 7인승도 3열 좁다고 난리였기에7인승은 소렌토급은 되야할겁니다.신형카렌스는 인도에서만 생산할것같습니다,4
49,실내 자세히 봤으면ㅜㅜ 너무 이쁘다,16
50,카렌스의 라이벌 레조도 있었는데 레조 리뷰 보고 싶네요. 95마력 16토크 최고속도 경험상 170키로.,17
51,카니발이 부담스럽고 차박이 넉넉한 가족용 차를 원한다면 카렌스가 딱이겠네요~ 잘팔릴듯합니다,28
52,디자인 이뿌당 ㅎㅎ,5
53,"2017 더뉴카렌스 LPI 보유자. 휘발류 경유 LPG모델 다 타봤더니 앞으로도 계속 LPG로가고 싶어요~.아이들 셋이라 6인승 모델을 원하는데 LPG 선택지가없어서 못 바꾸고있음.트레버스를 사서 LPG로 개조를할까 고민도 해보지만아직까진 좀더 기다려봅니다국내에도 6,7인승 LPG모델좀 제발....",1
54,(인도형/기아)더올뉴카렌스 멋있다!더올뉴카렌스 멋았다! 카렌스 최고!(앞)전면부가 쏘울부스터 비슷하네요.,6
55,개인적으로 전면부는 쏘울을 연상시키네요^^,6
56,카니발처럼 뒷도어를 자동문으로 하면 더욱더 좋을텐데 아쉽네요 일단 싼타페 쏘렌토처럼 문을 여는식이니 아무래도 싼쏘로 대부분이 가지 않을까 합니다,1
57,디자인 이쁘네요 ㅎㅎ,1
58,"카렌스, 옛날 순풍산부인과 출연 배우들을 모델로 다시 광고를 찍어 부활했으면 좋겠다.",2
59,"예전에 카렌스, 카니발, 카스타... 이른바 카3형제가 기아에 효자였었지요 ㅎㅎ",1
60,신형 카렌스 멋지네요 ㅎㅎ,10
61,기아차는 로고 바뀌고 진짜 멋있어진것 같아요,27
62,쏘울부스터가 생각나는 디자인이네요 귀여우면서 멋있었는데..,2
63,국내에선 나오자마자 즉시 버로우할 비운의 차량.. 3세대의 실책이 너무 컸음. 나와도 가격 때문에 기아 현대 SUV에게 개처발리고 돈 좀만 더 쓰면 카니발 ㄷㄷ,2
64,와~ 2세대 지금와서 보니 완전 현대차구나,1
65,투싼 싼타페 스포티지 소렌토 처럼 카니발 미니버전처럼 슬라이딩도어였으면 더 좋겠네요,3
66,카니발은 솔직히 커서....이게 쫌더 효율적인거같다^^,4
67,카렌스 나오면 좋겠다~~~,1
68,나오면 대박날 차인데.. 스포티지보다도 더 패밀리카입니다...,1
69,차량 멋지네요.,1
70,개인적으로는 셀토스보다 더 실용성도있어보이고디자인도더이뻐보이네요..어디까지나 개인취향^^;;,1
71,"하이브리드,LPG 모델로 한국 출시했으면 좋겠네요.",1
72,참 실용적인차.,1
73,"진정한 리얼 패밀리카의 제왕완전한 도심형 가족 자동차의 표본카렌스, 카니발에 비하면 다른 suv들은 군더더기가 너무 많게 느껴질정도임",1
74,할아버지차가 1세대 lpg 수동모델이셨고 진짜 추억이 많았던 차였는데 2달 전 너무 부식도 심하고 그래서 폐차시켰습니다.  진짜 어릴적부터 추억이 많았던 찬데 많이 아쉽네요,2
75,"개인적으로 2, 3세대가 가장 예뻤던",1
76,"지금 나온다면 5 세대아닌가요?1세대 이후에 디젤은 엑스트랙이라는 이름으로 나오고 LPG는 카렌스2로 나온 모델이 2 세대, NF 쏘나타 플랫폼으로 나왔던 뉴카렌스가 3세대, 마지막으로 단종됬던 아반떼 MD 플랫폼 기반의  4세대 이후, 영상에 나온 신형이 5세대 가 아닌가 싶네요..",1
77,국내출시하면 사고싶어요아이들이랑놀러다니기좋겠네요^^,1
78,다들 이쁘다는데 전 모르겠어요 ㅋㅋㅋ ;;  하지만 선택폭이 많아지면 좋죠 출시되길!,1
79,할아버지차였었는데참 추억.. 2001년식..트렁크칸에서 장난치던기억이..,1
80,슬라이이딩도어에 2열 2인 3열 3인 으로 3열은 바닥으로 아예 폴딩된다면.. 인기가 많을텐데..,1
81,일단 외관이 너무 잘빠졌네요 데이라이트는 k5도 생각이납니다. 가격만 괜찮으면 한대 사고싶네요,2
82,솔직히 잘 팔리고있는 기아 입장에서 굳이 애매하게라도 겹치는 차를 파는건 안하지 싶어요…. 없어서 못파는 상황인데…,5
83,스포티지와 겹치는데 상품성은 떨어져서 없어지는 게 당연한 수순이었죠,1
84,국내 생산이 아니라 힘들지 않을까 싶네요,1
85,3세대 카렌스 후속이 셀토스였는데그걸 베이스로 다시 늘린 모양이네요전면은 니로 2세대와 비슷해 보입니다,2
86,5인승으로 가족 세컨카로 너무 쓰고싶네여...,3
87,중요한건 가격그리고 멀티링크도 들어가길,2
88,슬라이딩 도어로 나온다면 승산이 있을 듯,4
89,오...이쁘네요 사고싶당...,1
90,팀킬 꽤나 할 것 같은 디자인이네요,1
91,시트가 평평한거보니  풀플랫될듯~~,1
92,"'저 크기로 나오면 굳이 카렌스가 있어야되나?'라는 생각이 드네요.크기만큼 가격이 오를텐데, 애매한 가격대면 절대 국내에선 안팔릴 것 같네요.",1
93,카렌스 1세대의 차주였던 경험으로.. 엘피지 모델로 나온다면 구매의 유혹이... 가격도 저렴하다면.. ㅎ,1
94,앞에는 ev6 뒤에는 스포티지같이 생겼네용 상당히 매력적입니다ㅎㅎㅎㅎ,1
95,"뉴카렌스 잘 타고 있습니다.  234,000KM 넘음 30만키로 까지만 잘 타자....",2
96,이야…카렌스 뭐야 왜이리 잘나왔어,1
97,옛날 올란도 전에 레조 있었습니다~~~ ㅎㅎ,1
98,"카렌스 3세대 오너입니다. 면세가스차 출고 가능해서 뽑았지만, SUV 라인업에 lpg차만 나왔어도 suv샀을거에요. 역할이 많이 겹쳐서 애매합니다. 그랜저 승차감으로 suv에서 볼 수 없는 승차감으로 승부하지 않으면 안될거 같아요.LPDI엔진 가스차의 출시가 된다면 지금 한국에서 많이 팔리는 디젤차 비중도 줄일 수 있을 것 같고요.출산율이 낮아서 SUV로도 실내공간은 충분하고 유럽도 우리보다는 가족들이 함께 온로드로 장거리 크루징하는 상황이 많아서 BMW에서 2시리즈 나왔지만 x시리즈가 더 잘팔리잖아요.",1
99,늘 응원합니다.,1
100,지금은 카니발만 있지만예전에 기아에 카 3형제 가 있었죠~카렌스 카니발 카스타,1
101,3세대 카렌스LPG인데 나름 괜찬은데,2
102,카렌스 나오면 구매하고싶네요 1.6 하이브리드 나왔으면,2
103,"카렌스는 1~2 뉴카렌스, 올뉴카렌스, 22년 카렌스가 있지만 경쟁 했던건 GM대우 레조와 경쟁하다 레조 후속작 올란도랑도 경쟁을 했서죠 ㅋ RV차 다시 출시 된다면 신혼부부들 한테 인기 있을듯요",1
104,디자인 오졌다,1
105,카렌스 2004년식 LPG 구매했는데 극악의 연비... 220KM 달리는데 가스비 5만원 넘게 나옴 ㅠㅠ,2
106,현재3세대 디젤 타고있는데 나름 만족스럽네요,1
107,우리나라에 출시되면 많이 팔릴거 같네요 안팔면 또 텔루라이드처럼…,3
108,가족형 소형(이라해야하나) SUV(맞겠지?) 옛날의 그 가성비는 정말....(lpg 모델에서 기어가 특이하게 운전스티어링 옆에 있었던데.ㅎㅎㅎ;;)근데 어느순간 잊혀졌던 이름이었던 카렌스가 드디어 새모델이 나오는구나...나도 잊고있었는데 이걸봐서야 알게되네;;;;^^a,1
109,"9인승에 7명 ,7인승에 7명탑승시고속도로 전용차로달릴수있도록해줘야한다 안그러니께 맨날 카니발타령만...전용차로달리는 카니발,스타렉스,코란도투리스모기타...중과연몇명이나 조건에 충족될까",2
110,셀토스 와 쏘울의 퓨전~,1
111,딴건 몰라도 엠블럼 바꾼건 진짜 잘한거 같다,1
112,컬럼식 기어 아직까지 기억에 남습니다ㅎ,1
113,카니발과 쏘렌토 사이 겨냥한 패밀리카,1
114,오~~인물좋다..앞모습 포스있네..약간 전면부는 쏘울닮았네요..,1
115,승훈이형~~사랑해~~❤️❤️❤️,1
116,mpv 를 좋아해서 다른차가 나와도  아버지께 물려받은 뉴카렌스 13년식(실질적인 3세대 )  유지중인데  출시한다면 이 카렌스 팔고 바로 4세대로 넘어갑니다 4세대 까지 탄다면 카렌스만 3대 굴리게 되는거네요 카렌스 1 뉴카렌스 카렌스4세대 까지 요,1
117,"제 두번째 차가 카렌스2세대 lpg넉넉한 공간~ 차박도 하고 오만데 다 댕김옆집 아지야 3세대 카렌스 뽑았기에 구경함...실내공간 급 쪼바짐.lpg가격이 많이 상승해있음.지난달 lpg충전(현재 올란도) 리터당 경유와 비교시 200원정도 차이...새롭게 나올거면 아직 차박이 대세니널널한 내부공간, 실내 전기사용 등 좀 챙겨봐유",2
118,실용성 좋을거라 생각하는 분들많겠지만 괜히 인기없고 단종된게아님 모든부분이 무난하다 생각하는 분들은 안타봤으니ㅜㅜ 모든게 무난한게아니고 모든게 애매하고 부족함 7인승 절대7명6명이건 3열은 짐칸인데 딱히 많이실리지도않고 스타일은 요즘니오는 suv에비해 너무떨어지고 이도저도 아니고 모든게 조금씩 부족해서 인기없었음,2
119,이제 여기에 하이브리드 출시하면 판매량 떡상,1
120,아.....2세대가 우리 아빠차여서 더 정겹네요...,2
121,카렌스 진짜 실속형 ㅋㅋㅋ,1
122,파격적으로 LPG 전기 하이브리드로나왔슴 하는 간절한 바램입니다,1
123,전면부는 ev6를 많이 연상되게하는듯,1
124,저희아버지 2세대 카렌스  아직타시며난 이차가 또 나왔으면 좋겠어하셨는데....카롱이 가롱이  갈흉..이렇게 불렀답니다^^,2
125,초창기 카렌스는 대우 레조와 판매댓수가 엇비슷한걸로 알고있는데...,3
126,팀킬은 셀토스 살까 카렌스 살까 아닐까요?쏘렌토랑 스포티지랑은 경쟁이 안되지 않을까요?,3
127,카렌스 ㄹㅇ 원함.I40가 단종된 지금 저 포지션의 차는 볼보 제외하면 없음.전기차로 나오면 무조건 갈아탄다,1
128,오늘 왤케 차분 하십니까~ 아프신건 아니죠?ㅠ,2
129,울 아부지 1세대 수동 카렌스 아직도 타시는데 카렌스 나오면 솔깃하시겠다..,1
130,현대는 디자인 너프수준이고 기아는 스포티지만 빼고 잘나가네요.. 대체 왜 스포티지만 곤충룩...,1
131,엑스트랙이었나?? 진짜 가성비 최고였는데,1
132,카렌스2도있지않나요?  1번째카렌스 그다음에 카렌스2 인걸로알고있는데,4
133,카렌스6인승 나오면 살만하겠다,1
134,사고싶드아!!!!!,2
135,사실상 좁아터진 대한민국에서 카니발보다 카렌스급이 훨씬 실용적이고 이상적인데..,7
136,와 디자인이 완전 요즘 아이돌이네 ㅎㅎ 다 거기서 거기여,1
137,출시해주면 정말 좋겠다.,2
138,카렌스가 생애첫차현재 올란도카렌스던 올란도던 신형모델 출시되었으면 좋겠네요,1
139,1:44우리 옛날차다~~~~~~~~~~LPG차로 08년도 5월에 출고해서 21만뛰고 19년도 4월까지 잘타고다님내 어린시절을 같이 보냈던 차 14년도 초3때시절 안전벨트에 코피 묻혔었는데 팔때까지도 안지워졌었지ㅋㅋ지금 우리차는 팰리지만 뉴카렌스 넘 그립다ㅠㅠ,3
140,전면 니로+소울후면 스포티지짬뽕해놓은거 같은 디자인이네요,3
141,"셀토스, 니로와 포지션이 너무 겹쳐서 출시해줄지ㅠㅠㅠ 해주면 좋겠네요ㅜㅜ",1
142,옛날 1세대 스포티지 보는거같네요 ㅎㅎ,1
143,7인승 정도 크기에 후석 슬라이등 도어 장착후 국내 판매하면 어느 정도 성공 보장 가능.,1
144,Lpg로 국내 출시 해주세요^^,1
145,"디자인이.. 셀토스 늘린것 같네요. 공간, 사이즈만 올란도 만큼이면 구입할만하겠네요.",1
146,오늘 부쩍 부드러운 우푸하님 음성. 이유가 뭘까요~.~  실용성은 이미 입증됐죠.,1
147,2000년식 초년생때 구입해서 14년도에 폐차 했는데 38만 탔는데 그때는 1100만원이었는데 요즘 차값이 넘올랐으 ㅎㅎ,1
148,우리나라에서 팔릴 가능성 50 우라나라에서 안팔릴 가능성 50 우리나라에서 원래 팔던 차니까 팔수도있고 니로랑 겹쳐서 둘중에 하나라도 안팔릴수있기때문에 안팔수도있지 팔리면 좋지,2
149,내 2번째 차. .카렌스ㅎ. . 태풍매미때 바닷물들어와서 차가 한바퀴돌아서 . 폐차했는데ㅎㅎ 반갑네요,1
150,셀토스랑 비슷할것. 같아요! 셀토스도 풀체인지 예정이라,1
151,"투싼, 스포티지랑 가격 동일하면 구매합니다. 산타페 쏘렌토랑 가격 비슷하면 카니발 삽니다.  가격이 스포티지랑 쏘렌토 사이면 좀더 고민할거 같네요.",1
152,안녕하세요 ! 새해에도 복 많이 받으세요!!,1
153,17:30 원래가 3형제죠... 카쓰리 해가지고... ㅋ카니발이 큰형이고.. 둘째가 카스타.. 막내가 카렌스... 친척누나 매형이 카스타 몰고다녔는데.. 친척누나가 크레도스 위에 프라이드 올린거 같다고..싫다고 했던... ㅋㅋ,1
154,앞부분은 스포티지 보다는 쏘울 닮은 것 같네요,2
155,아근데 3세대 나락간게 2세대 까지는 높고 suv다운  그런(?)게 있었는데 3세대 되면서 가로로만 쭉 늘여서 i40느낌 났음,1
156,오랜만에 영상보는데 음성톤이 차분해서 좋게 영상봤네요ㅎ,1
157,다좋은데  휠 타이어는  너무 작게 나온듯한 느낌이네요^^,3
158,3세대 카렌스 졸망한 이유가장큰이유는  가격이죠,2
159,우파 파이팅!,1
160,당시 기아의 쓰리카중 카스타가 있었는데 디자인은 제일 멋졌던 기억이 있습니다 단종된 이유는 모르겠지만,2
161,투싼 2세대랑 카렌스랑 뭘 살까 고민 했었는데...옵션빨 기아! ... 2900만원 풀옵...하지만 투싼을 샀...3400만원...,3
162,포지션이 너무 애매한데 ..선택폭이라도 넓어지면 좋겠디만기업 입장에선..,1
163,기괴한 스포티지 보다는 이게 훨 나아보입니다,3
164,카렌스 2 테일램프 이슈는 디젤모젤엑스트랙이 그랬죠  차동제한장치까지LSD달고,1
165,현기는 디자인이나 성능이나 다 좋은데  아쉬운게 불량으로 만들어진거 잘 못 뽑으면  대처를  똑바로 안해준다는게 엄청난 단점,1
166,MPV는목적에 맞게 박싱하고실용적인 디자인으로 출시되는게 오히려 디자인적으로 더좋지요괜히SUV스타일로 삐쭉삐쭉하게가는거보다는 올란도같은 박싱한 실용적인 느낌으로 가는게 맞다 봅니다무조건공간.실용성 입니다,3
167,딱 실용적인차,1
168,오늘따라 말 엄청 잘하시네요 ㅎㅎ 인강들은 기분 입니다,1
169,확실히 카렌스가명차인듯15년식 lpg올란도벌써 상태빌빌거림,1
170,제발 나와라 그래야 올란도 3 나온다 카렌스가 올란도에 밀린 이유는 여러가지가 있지요 철판 자체가 틀리다 골격 자체가 틀리가 조립식이랑 H 자체 드라이브 자체 맛이 틀림 고속 도로 주행시 알수 있음 의자 폴딩시 평평함과 편차 차이 공간차이가 난다 올란도가 더 들어감 올란도 단점은 편의사향이 부족과 미션 문제 (이건 좀 개선됨)그래서 카렌스 나오면 올란도 2 중국에서 파는거 들어왔으면 한다 제발 카렌스 나와야 올란도 나오기를,1
171,전면이 코나+쏘울..뒤는 스포티지+쏘렌토..ㅇ은 모하비,1
172,슬라이딩 도어였다면 더좋을텐데,1
173,왠지 모르게 가장 기아스러운 디자인 같다.. 뭔가 설명할 순 없는데 그냥 그런 생각이 든다.. 잘 빠졋네~ ㅋ,1
174,진짜 예쁜데요? 여태 봤던 카렌스가 아닌데?ㅋㅋㅋㅋㅋ,1
175,"동남아에서 먹힐지 모르겠네요?7인승 MPV경쟁이 너무 치열한대 과연 버틸지 모르겠네요.동남아에사 스즈키 XL7과 에트리가, 미쯔비시 익스펜더, 도요타 아반자 및 러쉬 판매가가 1천5백에서 2천500만원 사이며 불티나게 팔리는중임.위의 차량 3열을 직접 시승해 봤는데 산타페보다 더 편함(단 도요다 아반자는 카렌스 유사).카렌스 3열은 최악임.. 그래서 동남아에서 밀림.금번 뉴 카렌스가 익스펜더의 전폭 + XL7의 3열 승차감을 결함시키면 1위 독주 가능. 연비도 에트리가(5L/100Km주행)와 비비면 금상첨화임.",1
176,스포티지 처럼 그냥 실내 예쁘게 하면 잘 팔릴켄데,1
177,쿠스토가 더 좋아보이네요....쿠스토 국내출시하면 좋겠네요,1
178,국내 가능성은 없습니다. 이미 미니밴 시장은 카니발 빼놓곤 망했고 엔진라인업 조차도 국내에선 그냥 심장병이라 욕얻어 먹기 쉽상임. 그리고 측면에서 보면 비율이 참 딱 개발도상국 차처럼작은 바퀴에 껑충한 높이를 가지고 있죠. 인도는 터번인가 그것을 쓰고 운전을해야 되기 때문에 저렇게 높은 차를 선호 합니다. 국내 가능성은 그냥 없다고 봐야.그리고 3세대 카렌스가 망한건 간단합니다. 차가 작아요.기존 중형 플랫폼에서 다시 준중형 플랫폼으로 내려 왔죠 길이는 그럭저럭 나왔는데 폭이 좁았습니다.,1
179,"아직도 지방 가면 지방 공단 출퇴근 차량, 대리운전 기사 픽업용으로 많이 쓰입니다... 그리고 노래방에서도 많이 씁니다....ㅋㅋ",1
180,국내 출시해도 카니발이 부담스러운 사람에게 좋은 선택이 될듯한데 suv시장을 잡아먹을까봐 안할까요?,1
181,회사 이사님이 19년정도 된 카렌스타고 다니는데 한번몰아보니 차가 나 좀 죽여줘라는듯 소리나던데ㅋㅋ,1
182,카렌스 나오면 산다,1
183,"디자인이 ev6, 스포티지랑 비슷한거보니 패밀리룩으로 가려나요",1
184,신형 올란도가 중국에서만 출시했는데 카렌스라도 국내에 도입됐으면 좋겠네요. 카렌스 국내 출시하면 올란도도 국내 들어와서 또 경쟁할라나 ㅎㅎ,3
185,그시절..개인적으로는 카스타 디자인이. 더 좋았음,1
186,전면부는 쏘울 부스터 얼굴이 좀 보이네실용성 가성비 갑,1
187,디자인이 그냥 고만고만하네요~늘 보던  가아차 디자인 ^^ 조금 다르게 박스형으로 각진 디자인으로 나오면 좋겠는데..,1
188,솔직히 기아는 옵션 거의 돈이라서요..,1
189,사고싶네요.,1
190,하브로 3000부터 시작해야 고민할듯;;; 이거 넣고 저거 넣으면 4천 후딱 올라가는데,1
191,그냥 DN9존버 해야겠따,1
192,디자인 좋으네.,1
193,한국엔 무조건 비싼차만....갓성비는 해외에,1
194,"6인승으로 보면 팰리, 쏘렌토, 싼타페 4000만원 이상의 가격대로 좀 부담스럽고 카니발은 사이즈도 부담스러움. 올란도, 카렌스 풀옵 3500만원대 이하 하브로 출시하면 좋을 듯 ㅋㅋ",2
195,올뉴카렌스 타는데 좋긴한데 애가둘이라 다음은.. 카니발이나 타호... 거거익선..일듯요,1
196,키가 유달리 큰 운전자들에게 유일한 대안이였던 카렌스.,1
197,솔직히 말하면 잘 안팔릴것 같아요 디자인도 뒷쪽은 셀토스 그대로 붙여놓은것 같고 영 옛날차 같네요,1
198,우리나라 버전도 있으면 출시 했을때 구매 할게요.,2
199,요즘 진짜 기아 디자인 물 올았네,2
200,오피러스 다시 출시 드가즈아,1
201,카렌스 전기차 가자!!!!,1
202,카렌스는 내수시장엔 나오지 않고 인도같은 신흥국에만 출시됩니다,2
203,셀토스 롱버전 같네요^^,1
204,전기차로나와죠 제발!,1
205,"기아는 포지션이,카렌스 셀토스 스포티지 소렌토...많이 겹치기는거 같아요",2
206,좋은 차지만 포지션이 애매할 듯카니발....,2
207,저희 엄마 첫 차가 1세대 카렌스 GX였었는데...,1
208,참 실용적이고 좋은찬데...3세대를 왜 그렇게 만들어서...,1
209,전ㄱㅣ차로 나오면 대박날듯,1
210,갑자기 카스타 보고 싶네..,1
211,16타이어가 구하기 힘들고. 2열 3시트면 좋겠는데.카렌스는 앞이 너무 투박하구. 카스타처럼 쿠션방향폴딩이 아닌게 아쉽고. 가스차인지 뭔지 결국 말은 안함..,1
212,전면부소울부스터 베이스에K5헤드라이트+스포티지 레이어드 룩 입힌듯측면 외형각은 벤츠 glb라인 닮은듯후면은 스포티지,1
213,와 카렌스 내가 태어나고 탔을때 첫차였는데..ㅋㅋ,1
214,국내 판매는 안되지 않을까요?국내 배출가스 규제가 인도보다 더 빡세서 인증 받으려면 공수가 많이 들텐데지금 내연기관 축소 선언 한 마당에 굳이..,1
215,"초창기 카렌스  경쟁모델이라면, 현대 싼타모 아닐까요?? 카스타가 싼타모 후속 격이니 싼타모가 윗급이였을라나ㅋㅋ??",1
216,예쁜데 이거 나오면 좋겠다,1
217,"솔직히 이쁜지는 모르겠고, SUV를 싫어하는 사람이라 레저용차량중에 카렌스나 올란도같은 포지션은 꼭 있었으면 하는 바램이긴 합니다",1
218,흠..주차 된 바닥 사이즈 길이를 보면 생각보다 넓지는 않을 듯...주차 라인 안에서 끝난거 보면...스포티지 길이정도?,1
219,리어는..폭망. 스포티지랑 똑같..ㄷㄷㄷ,1
220,앞은 쏘울부스터 뒤는 스포티지같네요..,2
221,아쉽지만 카렌스는 국내에 안 들어옵니다..,1
222,카렌스도 생산햇음하네요,2
223,다시 올란도 카렌스 나온면 해요....,1
224,와우 반갑내요 ㅋ 근데 싼타페 풀체가 나온다는데 ............,1
225,크~ 아빠차가 un이지,1
226,3세대 카렌스 디젤 7인승 있습니다.,3
227,카렌스2가 역대디자인 크지도작지도않고 suv같지도않으면서 cuv이쁜디자인,2
228,4륜은 아니죠?마력은 얼마인가요?,1
229,약간 앞쪽이 스포티지랑 쏘울 닮았다,1
230,카렌스 추억의차죠.. 승용차주제에 버스전용차로 탔던 ㅋㅋ 실제로 서울에서 살고계시지만 명절때 지방으로 가시는분들에게는 개꿀템의 차였죠 ㅋㅋ,3
231,싼맛에 나와주면 좋을 것 같은데왠지 국내출시는 안할 것 같음실질적으로 SUV 모델이 많기도 하고그리고 굳이 내연기관 신차를 더 투입하기도 그렇고,1
232,👍🏻👍🏻👍🏻👍🏻👍🏻,1
233,쿠스토나 국내출시 해줘 현대 이샊들아 ㅠㅠ,1
234,디자인나쁘지않은데!!!!오!!!,1
235,2011전에 트라제XG는 아닌가요? 9인승인가?,1
236,카렌스 예쁘네. 국내출시해라.,1
237,한국출시하면 사려고했는데ㅠㅠ왜 역차별함ㅠㅠ,1
238,카렌스 이미지가 세상 애매해서 안나올듯...카렌스가 3000만원 초반이면 그돈이면 다른거 사지가 되니깐...,1
239,쏘나타 플랫폼 쓸땐 좋았는데아반떼 플랫폼 쓰면서 진짜 개똥차됨극한의 원가절감,2
240,카렌스. 카스타. 카니발. 원래 카3형제입니다 ^^,1
241,길에서 테스트가로 보였던게 이거였군 난 쏘울 인지 알았는데,1
242,오늘의 차차 포인트 : 🥲,1
243,"쏘렌토와 비교하시는분들 계시는데 아얘 급이 다른차입니다. 전장(카렌스4540, 쏘렌토(2022)4810), 전폭도 10센티나 차이나요..전폭 10센티 차이면 완전 다른급입니다.. 가격은 더 말씀 안드리겠습니다.",1
244,쏘울도 앙망합네다...,1
245,벤츠 처럼 칼럼식 기어 개편한데,1
246,카렌스 느낌보다 쏘울과 k5를 섞은 느낌?,3
247,전면부가 살짝 소울같기도하네요,1
248,카렌스 나오면 차값이 얼마정도할까여.. 노블레스정도의 느낌으로,1
249,하하..2세대 카렌스 자리를 넘겨받을 수 있으려나??ㅋㅋㅋㅋ,1
250,나오면 스포티지 힘들듯,2
251,제 3번째 차 카렌스2디젤모델(엑스트렉)지금차 올뉴카렌스카렌스 좋아요,1
252,이번 카렌스 전고가 1700이더라 폴딩하고 허리펴고 앉을수있을듯.  1인 차박목적이면  이만한 차가 없을듯,1
253,전자식계기판 들어갈까요?,1
254,소울 느낌 나네요,1
255,"카렌스  우수식  운전대인데  영국,일본사람들위해 만든 차인것 같아요네이버  2022카렌스포토 사진 보여지네요",1
256,와ㅠ이차는 좀 탐나네,1
257,끌리네요 요즈음 기아 왜이러지 사고싶게,1
258,스포티지보단 훠어얼 낫다,2
259,카니발 카렌스 카스타 삼형제 생각나네요,1
260,실용적인 크기가 되야지 이전 카렌스는 경차만해서 망한것이다.7인승에 맞게 올란도 크기로 닥치고 만들어라.올란도2 나오길 바란다.,1
261,지금나에게 딱 맞는건 부담없는 카렌스가 좋긴할듯..한데..디자인이 예전디자인은 완전 버렸넹..흠... 그냥 suv모양인데...,1
262,디자인이........기아표 쏘나타 같은데 ??ㅋㅋㅋ,1
263,올란도 재출시 ㄱㄱ,1
264,"이 카렌스는 롱바디 , 숏바디 네요.",2
265,풀옵션 4천2백 본다 ㅎㅎ,3
266,1세대 카렌스가 디자인 이뻐서 그랬지 뭐 이제는 카렌스가 이름빨 있는것도아니고~,1
267,24년전 6월 1일 카렌스가 탄생 했습니다.,2
268,카렌스 같은 근본차는 당연히 재출시 해야지. 애초에 단종이 이해안되는 모델임. 기아가 한국출시  하기를 기대하고 바로 구매각임!,1
269,"이런 시장조사 하려고 이 영상이 나온게 아닌가 싶은데, 아빠 입장으로는 정말 꼭 사고 싶은 차 입니다. 가격대가 부담스럽지 않아야 할텐데. 일단 카니발은 너무 크고 부담스러운 가격대인데, 간단하게 근교 바람쐬러 가거나 할 때 아이와 함께 할머니, 할아버지 모시고 가면 꼭 차를 두 대를 가져가야하는 아쉬움이 있습니다. 차에서 아이와 시간 보내는 것도 큰 즐거움인데 차가 두대라 늘 아쉽네요. 그렇다고 산타페나 소렌토같은 차는 넘 부담스러운 가격대라.. 왠만한SUV 2열에는 카시트 + 성인2명 못 앉아서.. 7인승인 올란도 중고로 사려다가 단종이라 부품 수급 등이 걱정되어 사지 못하고 적당한 차가 없더군요. 올란도 2열은 앞 뒤 움직이지 못해 3열이 너무 좁은 문제도 있어서 구매 안 한 이유도 있는데, 2열 앞뒤 레일 조정 가능+7인승 모델이면 대박 나지않을까 싶습니다.",3
270,이런차가 많이 나와야되 허영심에 차서 4기통 딸딸이 벤츠나 사는 호구나라엔 이런차가 많이 필요하다. 엔진 끝내줌 승차감 좋고 15년 타고 있는데 4단 미션이 좆같은거 빼면 좋음,3
271,차...이쁜데????,1
272,니로 2세대랑 쏘울이 생각나내요,1
273,lpg가격이 너무올라 메리트가 너무없어요45리터에 35000이던게 작년부처올라 5만원이 넘음 연비도 안좋고 lpg하이부리두아니면 안삼,2
274,이야 카렌스ㅋㅋ,1
275,3세대 카렌스는 정말 개망작..단종시키려고 만들었다해도 됨..ㅋㅋ,1
276,우파님 4:32 이 리뷰 하는 차가 카니발 아니고 카렌스요,1
277,카니발 카렌스 카스타 음 ......갑자기기억나네 ㅋㅋㅋ,1
278,괜찮게 생겼는데... 쏘울이랑 앞쪽비교샷보고나서 쏘울만 생각남ㄷㄷ,1
279,출시하면 좋겠다 근데 현기노조가 출시방해할걸 아마,2
280,텔루라이트  반응은 초초대박이지만  안들어와요 ㅜㅜ,1
281,기아 카렌스 정말 예쁘네요 나오면 저도사고싶네요,1
282,흠 3500정도하겠네ㅜㅜ,1
283,경쟁모델 싼타모 아닌가요?ㅎ,1
284,나와도 가격대가 비싸게 나올듯ㅎㅎ 니로만봐도,1
285,이거 잘팔릴듯 출시하면,1
286,살짝 벤츠 glb모습이ㅋㅋ,1
287,20년전 맨뒷자리 개꿀~,1
288,"국내출시안하면 르노 에스파스에게 뺏기겠죠. 카니발보다 작고 저렴하게 나오면 선출시하는 회사가 선점할겁니다. 카니발은 너무비싸고 무겁습니다.기아카렌스, 르노 에스파스 경쟁력은 가격입니다.",1
289,한국에 출시할 바퀴 사이즈가 아닌데…,1
290,존예다 스포팆대신에 저걸 팔지,2
291,2000년대초반 lpg미니밴 3인방카스타 카렌스 레조,1
292,국내 판매할꺼면 덩치 좀 살짝 더 키워서 나왔으면 좋겠네요. 인도기준 사이즈라 한국인 체형에는 좀 작지 않을까하는... 6인승은 몰라도 7인승은 좀 답답할듯,3
293,3세대 금붕어 닮아서 망했습니다..막눈 아니면 견디기 힘들어..ㅋ,1
294,타서 유튜버 언급 죄송하지만 과거 카렌스의 모델의 자세한점이 궁금하시면 멜론 머스크님의 채널 방문을 추천드립니당!,1
295,작고 빠르고 많이태우고 연비좋쿠,1
296,전 왜 전면....소울느낌이날까요...소울좋아해서 그런가,1
297,3세대 카렌스 나락간 이유는 디자인 그리고 모닝늬앙스를 풍기는 소형크기,2
298,가격이 문제지요.  겹치는 차종이 너무많아서,1
299,트라제 신형 안나오나  ? 괜찮은듯  그차,1
300,셀토스 에어입니다. 셀토스 플랫폼에 조금 긴 차... 길이도 티볼리 에어와 비슷,1
301,카렌스를 삼천만원대 초중반에 출시? 미쳤냐?그돈이면 그랜저 사지!,1
302,니로랑 디자인이 비슷하네요,1
303,이거 얼마전에 주행하는 걸 봤는데 22년형 이였나? 위장막도 없던데 출시한거네 소리소문없이....,1
304,카렌스가 신형이 나왔네여?,1
305,이거다  카렌스  와 이뿌다ㅋ  구형7년잘탓는데ㅋ,1
306,우파님 LPG가 아니고 LPI입니다옛날 LPG 1~2세대는 각실린더에 점화플러그와 인젝트 그리고 연료필터가없어서 폭발출력이 약하고 연비도안좋고 겨울철 기화기에 액화가 결로성으로 변해서 시동이잘안걸려엇지요 이후 3세대부터는 LPI 방식으로나와서 각실린더마다 점화플러그.인젝트. 연료필터가나오고 LPG의 고질적인 출력과 시동문제를 해결햇죠 여담으로 실제로 가솔린과 디젤 출력부분에서  큰차이가없엇습니다만 다이노 그래프 테스트에서 4500RPM 구간에서 약간의 3~5% 성능차이외는 크게뒤떨어지는부분이 없엇습니다...게다가 평균적으로 4500RPM을 밟고다니는사람잇겟습니까? 보통 3000치고다니는데 당연하겟지만 꼭 절때적이라고 할순없지만 제가봤을때는 여러모로 LPG가  압도적인 압승이라고 봅니다 정비업체들이 왜 디젤차를 수리선호하는줄아시죠? 바로 돈이된다는겁니다사람들이 단순히 경유차를 유류비와 출력만보고 디젤 특유의 불안전한 연소실 진흙덩어리 카본누적을 안보고 정기적인크리닝과 소모품 고장율 유지비가 크다는 뒷전을 생각안해서 이게문제가 더욱 크다는겁니다 참으로 답답하지요ㅎㅎ 요즘은 아무리 촉매에다 DPF보조가달려나와도 연소실이 엔진부터 시작하기때문에 흡배기 매니폴더에 나오는 블로바이가스 매연을막는데도 카본누적은 절 때 막을수가없지요 가득이나 세계환경 단체에서 디젤차 없애야한다고 난리치는마당에  요소수 교환요? 이유야어찌됏던 저같으면 ㅈㄴ번거로울것같습니다 게다가 디젤차 오래될수록 특유의 경운기 소음으로걷는데 아침에 공회전소음은 완전 개극혐이고 요즘은 디젤차 신차개발이 점점 없어져가는 추세라지요?^^,3
307,와 코리안 x3,1
308,쏘울 부스터 를  늘려 놨네 길~~~ 게~ ㅋㅋㅋ,1
309,확실히 현대보다 디자인은 잘뽑네,1
310,4:33 3세대 카니발?,3
311,나 지금 카니발 계약하고 대기중...인데 대기중에 만약 카렌스출시되면 카니발취소하고 카렌스 계약   ~~,2
312,04:33 3세대 카니발 단종??ㅎㅎㅎ,1
313,이전새대는 준중형을 뼈대로 만든 삽질을함...존내좁음 뉴카렌스는 nf플럇폼...,1
314,슬라이딩도어가 없는 mpv는 mpv가 아님,1
315,아쥼마들 타기좋은디쟈인 .  잘나왓네요,1
316,"카렌스는 이름 좀 바꿔주지 개인적으로 카렌스의 초기 모델의 이미지가 이름으로도 너무 깊이 박혀 있어서 ㅜ,ㅜ",1
317,중간에 카렌스2가 빠짓네요??엄밀히 말하면 카렌스2가 2세대 아닌가요?,1
318,아니 근대 진짜 웃긴게 차공급 대란이대도 신차를 만들고 있네..어휴..내 카니발은 언제 나올까....,1
319,우파님 아직 어리시구나 레조랑 비교 해줘야지 라비타?헐  레조는 동호회 탑이였어 그당시 일단 광고로 보여지는구만 아!!!,2
320,배부르게 팀킬할 생각할때 르쌍쉐에서 저런거 삼천만원대에 나와줘야지.,1
321,쏘울부스터랑 비슷하게 생겼네 ㅋㅋ,1
322,우파님은 언제부턴가? 세일즈맨이 되신거같아요  현기 직원 같아요  안타갑네요,1
323,기아와현대는왜 디자인이 나락과떡상할가... 기아는 디자인이 정말 각지고 멋진데 현대는왜입이겁나커지지 그릴이 그냥 전면부 절반을 먹고 들어가니 좀 이상함 진짜 현대차가 기아타 디자인 2분의1만이라도 짜라같의면 좋겠다 제발,1
324,몬가  소형 레인지 로버 느낌이  나는;; 듯한 이제 감성의  시장인가보내요 차량들이,1
325,스포티지보다 이쁜데?,2
326,후면 스포티지 디자인을 억지로 꾸겨넣어서 만든 디자인같다,1
327,앞모습은 쏘울 닮았다,1
328,니로.셀토스.스포티지.쏘렌토.카니발 여기에 카렌스까지? 절대 출시 안할듯,1
329,ㅋㅋㅋ 3세대 카니발 단종..ㅋㅋㅋ,1
330,정면 왜케 쏘율같냐요,1
331,캠핑 차박용  만들면 대박난다  다용도 차량  만들어라 요즘 누가 세단 타고 다닌냐  갑질 하는놈들이나 세단 팄지 지ㅡ금은   아니지,1
332,아ᆢ 금방 K5영상보고왔는데ᆢ 다시 시작ᆢ,1
333,역쉬~ 우~파,1
334,카렌스 레죠 였지!,1
335,현대차 노동조합원전부 해외로 이민가지않는한 없을듯.,1
336,20년전 2세대 lpg카렌스 내첫차..온갖튜닝에 당시내차가 최고인줄 알았던시절...지금나이면 쳐다도안보겠지만 당시엔 내차가 최고였다카렌스에 20인치 사제휠만 달아도 온갖시선을 느낄수있었던...지금생각하니 부끄럽다 ㅋㅋ,1
337,카스타도있었는데,1
338,무슨 2세대 3세대 lpg모델이 연비가 25가 나와요? ㅋ  차  잘 모르시는것같아요,1
339,아버지 전차 카렌스 2 지금차 카렌스 3 저거 출시하면 안됩니다,1
340,캐스퍼를 쭉 늘려논듯한 느낌이네,1
341,"저희 학교에 장애 애들과 중~들   ....2000,2001,2002,2003,2004년생 학생들과 저와 상현이의 파트너 , 친구들 , 형제들 , 상현이 , 제가 구입을 했습니다.",2
342,카렌스 가솔린모델 없나? 중국에도 나올가능성 있을수도 있음 단 이름 바뀌어서? 예를들면 한국 현대 아반떼라고 부르지만 중국에서는 엘란트라(伊兰特) 라고 부름,1
343,카렌스말고 쿠스토!,1
344,쏘울이 벌크업 한거 같네?!ㅋ,2
345,영상으로 봐서 그런가 난 왜 쏘울같지,1
346,우파님 혹시 저차 주차장에 세워져 있는거 붙잡고 방송하는건가요?,1
347,mpv 왜 안나오나?,1
348,위장막 다까고 출시전 모델이 돌아다니는거는 국내에 거의 안나오던데..,1
349,앞모습 쏘울인줄 알았네,1
350,카니발 소짜 느낌,1
351,올란도에 밀렸던거지...지금은 올란도도 안나오고...,1
352,약간 티볼리 느낌이...,1
353,"서울선수 아가씨들 콜차가 카니발,스타렉스 지방변두리 콜차가 카렌스,이스타나였지",1
354,근데 수출형 차량에다 한국출시 할지도 모르는데 저렇게 디자인 유출을 유투버가 막해도 되나? 뭐 위장막 벗겨놓은거 생각하면 이미 유출해도 될수도 있단 생각도 들고 어차피 한국출시 안할거니 맘데로 찍어라 대놓고 주차한거 같지만 유투버들 돈 벌려고 도둑영상 찍는거 보면 참 ....,1
355,4:32초 카니발 이라고 말함 ㅋㅋㅋ,1
356,뒤에 너무 저렴한 소프티지 버전인데 너무;;ㅋ,1
357,딱봐도 이거슨 카렌스네요....,1
358,와,2
359,난왜...셀토스가 보이지;;;ㅋㅋ 셀토스형님같네요?ㅋ,1
360,형 그거 투명테일램프 엑스트랙이야,1
361,2025년부터 단종된다는데지금 내연기관차 사는사람들은 돈 많거나 바보거나 둘중 하나 아닐까?,1
362,후면부 이쁘다,1
363,디자인 뭐냐 미쳤네,1
364,고생했어요,1
365,전기차로 나오면.,1
366,이름만 들어도 순풍산부인과가 생각나는 이름이다,1
367,쏘울 대짜 같이생겼네 ㅎㅎ,1
368,그런데 티볼리 같냐ㅋㅋㅋㅋ디자인이ㅋㅋㅋ,1
369,카렌스는 아빠차 아니고 엄마차,1
370,"매번 잘 보고 있습니다. 그런데 하나만 고쳐줬으면 좋겠어요. 제가 예민해서 그런지 몰라도 계속 귀에 거슬려서 그럽니다: 습관이신것 같은데 말씀하실 때 한번더 더 --> 한번 더, 조금더 더 --> 조금 더. 라고 이야기 많이 하시는데 고쳐 주셨으면....",1
371,얼핏 앞 티볼리...,1
372,1초... 중볼리인줄,1
373,카렌스 카스타 카니발 카3형제,1
374,웬 카렌스ㅋㅋㅋㅋㅋ ????,1
375,제발 갤로퍼 만들라고,1
376,우루스 아님?,1
377,쏘울 형님 처럼 생김,1
378,이거 얼마전에 위장막 봤는데ㅋㄱㅋ,1
379,카렌스 살 바엔 스포티지가 훨 좋지,1
380,4:32 카니발?,1
381,카렌스도 그냥 죽이기 아깝주,2
382,그래도 차고 티비고 거거익선이라 생각하는 사람들이 있는 한 저 포지션은 좀...,1
383,뭐야 겁나이뻐,2
384,정말 인도형으로 기깔나게 다 뽑으면서 한국은 없네,2
385,근데 사이드브레이크..머지,1
386,올란드가 몆대나팔렸다고 헐,1
387,전면부  소울 구형인줄,1
388,차는 전체적으로 괜찮은데...ㅏ...뒤는 어케 안되나..?스포티지같아서 극혐인데...아 요즘 기아차 디자인 진짜 맘에안드네...너무 기괴해...,1
389,앞대가리는 완전 쏘울이네,1
390,올란도??,2
391,B필러 C필러를 너무 억지스럽게 우겨 넣은 듯한...,1
392,니로 디자인이 저래야되는데..,1
393,"좀더각졌으면,심한진분수머리",1
394,카니발 동생 같다,1
395,싼타크루즈 출시한다고 몇번을 영상올리더만 대체 언제함?,2
396,기아는 죄다 에어리언 대가리로 가는구나..,1
397,쉐입은 x3 네 계속 만들지,1
398,뭐야 모양이 티볼리에어랑 비슷하네.,1
399,르노삼성은 출시,1
400,그냥 이름만 카렌스인거네,1
401,쏘울이랑 개 똑같이 생겼넹 ㅋㅋ,1
402,스포티지보다 전장 작음,1
403,면상gv60빵디 스포티지,1
404,안나와요ㅜㅜ,1
405,그냥 중국차네. 좋은차 나올때까지 뚜벅이로 살아야겠다,1
406,나 중대장은 카렌스 단종에 실망했다,2
407,쏘울같은디 ㅋ,1
408,스포티지 둘째형,1
409,박영규랑 미달이가광고해야되는데,1
410,ㅋㅋ 카렌스 예정이라고?,1
411,운전석이 오른쪽이네요,1
412,완전 suv네,1
413,굿입니다. 인도 전락형이니 지붕은 겁나 높을테니 저같이 키큰 사람(190근접)을 위한 차량이군요. ^^~! 제발 좀 판매 해 주세요. 머리가 다서 카니발과 스타렉스를 혼자 탄다는게 말이나 됩니까?,1
414,카렌스라..,1
415,어? 나 이거 오늘 고속도로에서 봤는데ㅋ,1
416,쏘울  늘린거,1
417,그냥 이름을 바꿔서  출시하지,1
418,스포티지  망하게 생김 저거나오면,1
419,차는안보여 주고 쓸데없이 없는 말만 하넹,1
420,"끼어들 포지션이 있을까, 가격대가 풀옵션3400이상이면 옵션적당히넣고 쏘렌토7인승타는게 낫고 중간옵션정도 넣으면 3000이상 나올거같은데, MPV차량이라한들 자체가 작아서 SUV랑 다를게없고 7인승이 필요없다면 이번에  스포티지 크기가 커져서 애매하고 결국""금액은 3천만원밖에없는데 7인승차량이 필요하다""이 타겟인데  요즘7인승이 필요한사람이 몇있을까 금액도 3천넘을거같고",3
421,너무 컨셉을 아줌마를 겨냥한게 컷음... 이번꺼는 충분히 남자들도 끌여드릴수 있을듯,1
422,망한말나올때갑자기나락이나와서시청자욕하는줄알,1
423,쏘울생각나노 단종 가즈아,1
424,기아현대 겉은 멀쩡하고 속은 위암4기 국산차는 거르자,1
425,자체광고 뭔데ㅡㅡ,1
426,차같지도않은걸자꾸 찍어내는구나,1
427,남의집차인가요?ㅋ,1
428,니로 아닌가여,1
429,싼타모,1
430,눈은 이쁘네,1
431,목소리가  작게 들립니다.,1
432,ㅈㄴ이쁘다,1
433,기아가 KNN부산방송으로 흡수됐나? 로고가 부산방송이네.,1
434,바보같은 쉐보레...올란도후속을 중국에다... 어휴..,1
435,우핸들,1
436,니로 닮음,1
437,야 이상한사람아 우리말이 모자라서 영어를 아무데나쓰는거냐 ? 의자를 접힌상태라하면되지 폴딩이뭐야 폴딩 !정말뭐 이젠 영어떠나 우리말못할 꼴이됬어 ! 😝😝😝😝,4
438,조잡하다,1
439,카돌이..,1
440,난왜티볼리가보이지,1
441,1등,1
442,왜 저런건 국내에 안 파는지 이해가 안감,2
443,오,1
444,일등,1
445,니로?,1
446,아,1
447,지하주차장 돌아다니면서 차 찾나보네ㅋㅋ 안쪽은 잠겨서 당황했네?ㅋ,1
448,지금 상황에서 카렌스 다시 내놔봐야 팔릴기나 할까요. 2천만원 이하로 팔면 모를까.. 메리트가 하나도 없어요.,1
449,카렌스 그냥 단종해라 도로정체된다..,1
450,"카렌스의 장점은 SUV인데, 차체가 승용차 처럼 낮은거 입니다. 이건.. MPV가 아니죠. 그냥 SUV죠.. 이건 의미 없죠.. 무릎안좋으신 분들이나, 몸안좋으신분들, 연세있으신 분들이  SUV, 카니발,승합 얼마나 타기 힘드신지..구 카렌스가 최고였는데... 왜 이런건 안만드는건지...하.. 참.. 답답하네요..",1
451,1등,1
452,오,1
453,"더뉴 카렌스 상당히 장점들이 많은 차라고 생각됩니다. 카렌스와 (니로,스포티지) 등의 차들과 실내외 비교, 성능테스트 그리고 가격대비 효율성을 비교하여 올려주시면 구독자들의 니즈를 만족시킬 수 있을것같습니다!! 깐깐하고 심도있게 파헤쳐주세요 ㅎㅎ",3
454,신차리뷰도좋지만 한달에한번 비인기차종 시증기 없는차종도 간단시승기 만들어주셨으면 합니다,5
455,와.. 진짜.. 작년 시승기에서 맨날 사진찍으시고.. 피하시고.. 뒤에서 '막내기자의 복수!' 하시면서 뒤에서 종이칼로 찔렀단 기역이..  대뷔 작이 아주 좋습니닿ㅎ2015 9월달 기자님이였나.. 그때 밤 늦게 까지 기사쓰시던 기역이.. 너무 옛날인가..,1
456,사실 가격 생각하면 나름 실용적인 차라고 생각하네요,1
457,김민범기자님이 리뷰하시는거 첨봤어요! 잘하시네요,3
458,풀체인지가 되어야 잘 팔릴려나요.....정말 매력적인 차임에도 불구하고 안 팔리는게 이상하네요.,1
459,처음보는 기자님이신데 말씀을 천천히 하시는게 맘에 드네요 ㅎㅎ 잘 보고갑니다 :),1
460,전장 전고 전폭 전부다 약간 늘리지 않고선  이점이 없어요 ㅜㅜ차가 모닝 큰차느낌이라 사람들이 잘 안사는듯,1
461,짧고굵은 알찬설명 뭔가 색다른느낌이 들어서 좋았습니다. 약간 경직된 느낌이 있었지만 그래도 정보전달받는데에는 아무 무리 없었습니다~^^,1
462,디자인이 더 예뻐진것 같네요,1
463,이런 존잘 기자님이 계셨다니.. 지금은 어디서 일하고 계시려나요,1
464,완전 멋지다.!,2
465,카렌스 시승기궁금하네요 ㅎㅎ,1
466,기자님 리뷰 정말 잘봤습니다^^ 한가지 아쉬운건 설명 하실때 너무 힘이없고 귀에 잘안들어오네요...ㅜㅜ 다음에는 힘찬 기자님으로 보여주세요^^ 리뷰 잘봤습니다~~,1
467,김상영 기자님 부사수인줄...멘션이 같네요. ㅎㅎ,2
468,"제 업무용차가 이 모델 전 카렌스 lpg입니다. 완전 깡통이라 고장이 안납니다 ㅋㅋ. 다행인게 스틱이라 급발진 걱정 뚝, 유압식 스티어링이라 헨들링 좋습니다(?)",1
469,와...초등학생도 이정도 발표능력은 아닐듯...,8
470,엔진배선마감이라도 깔끔하게 정리해줬으면 하는데..아쉽네요 이게 국산차의 최선인가 싶기도..,1
471,처음 보는 기자님이시네요🙌 목소리에 힘이 좀 더 있었으면 해요,5
472,한때는 눈 돌리면 보일만큼 많이 보였는데....이제와서는 포지션이 애매해져 버린...버리자니 아깝고 안고 가자니 안팔리고...계륵이로구나..가솔린 좀 밀어주라~~~~여기저기 가솔린 좀 만들어~~~,3
473,구매계회있어 어제도 보고왔는데 괜찬터라구요//김한용기자님은 아니지만 그래도 그래도 잘보고갑니다ㅎ,1
474,사골이라도 차는 참 매력있게 나온것 같은데...너무 읽고만 끝내신다...,1
475,디자인문제가 아닌데...미니밴 이라면서 헤드룸이랑 레그룸이 그모양이면 뭐 어쩌라는건지,2
476,현장 취재가셔서 더빙을 하셨네ㅠㅠ,1
477,신형 카렌스 주차 브레이크 전자식 이네요^^,1
478,카렌스와 올란도 중에 어떤게 나아요?가격은 카렌스가 좀더 싸던데...,1
479,상당히 말솜씨가 좋으시네요..ㅎㅎ 조금만 더 연습하신다면 더 잘하실것 같네요~^^,1
480,인기없는 차종은 리뷰역시 인기없게 만드네요;;;,13
481,이거 풀옵이 3천여만원 비엠 액티브투어러 년말에 3중반으로 날리던데 선택은 알아서,1
482,시승은 언제 나오나요?,1
483,아슬란만큼 도로에서 보기 힘든 차...,1
484,앞에는 프로씨드 뒤에는 카니발,1
485,카렌스를 팔려면 올란도를 단종시키는 수밖에 없다,1
486,이분 말투 뭔가 끈적한 느낌이라 맘에든다 ㅋㅋㅋ,2
487,죄송합니다. 외국분인줄 알았습니다. 그래도 인기없는차 페리가 어떻게 됐나 궁금했는데 소식 감사합니다 ㅎ,1
488,카랜스가 안팔리는 이유:1.과거에 비하여 차체가 작아젔다(큰차를 선호하는 국내 시장에는 맞지않는 변화이다) 2.현기차의 쓸데없는 편의사양(개인적인 관점으로 봤을때는 mpv나 미니밴을 사는 사람들은 편의장비보다는 실용성을 위주로 타기때문에 맞지 않다)3 현대기아차의 c-mdps 4.옵션장난,3
489,카렌스는 진짜 그냥 할말이 없다...,1
490,카렌스를 RV차라하죠. 레져용. 자꾸 작아지는 사이즈가 카렌스의 실제 실용성은 떨어뜨려서 인기도 떨어진것같네요,1
491,카렌스 페이스리프트 했다면 카스타와 산타모 도 한다는건가? 카스타좀 한번해보지..카렌스보다 더 좋은차인데,2
492,오... 이쁘네요,2
493,이런 또... 카렌스가 사골을 또...,1
494,후륜 서스펜션은 토션빔인가요?,1
495,와 카레스 다!,2
496,고생 하셨어요,1
497,"DCT달고 14.5Km라... ㅡ,.ㅡ! 연비를 개선시키지 않고는 어필하기가 그닥...",1
498,이런식이면 죽어도 올란도 못이길듯,1
499,전보다 훨씬났네 특히 그릴,1
500,신차도 녹차 한 3년타면~,2
501,이 차 lpi 모델도 일반인은 구입 못하나요?,1
502,미니밴은 안전이담보되지않으면 팔릴수가있나 흉기이미지로는 그닥 . . 올란도에게발릴것같은데,1
503,카렌스 괜찮아짐 ..,1
504,차보다 김기자가 더 잘 생긴 것이 함정,2
505,맥퍼슨이라.. 그냥 싼마이 쌩 맥퍼슨 아닌가 싶네요 하나마나한...,1
506,"현대 기아차의 상품성 이란..!? 모양 바꾸고 옵션 더하고. 끝.. 솔직히 파워 트레인 변경 했다고 하는대 ㅡ,.ㅡ;; 더이상 말은 안하것습니다. 제발좀. 옵션과 크기 모양 이런걸로 더뉴 더올뉴 더더뉴 이런건 좀..!?",2
507,차가 맘에안드셔서...ㅎㅎ좀 대충하신건 아니지요????,1
508,"페이스 리프트나, 풀체인지는 기간 5~6년인데 카렌스가 페이스리프트로 나왔다는건 출시 된지 5년 이상됬다는 거잖아?",1
509,카렌스  녹차로 임명합니다,1
510,그냥 올란도 사는게 머리안아픔,2
511,손을 카렌스 가리키시고 내려놓을실때 너무 불량해보이네요...;;;;,2
512,올란도님을도저히막을수없습니다.,1
513,기자님 번호좀....❤️,4
514,아... 김민범 기자도 계셨구나 죄송,1
515,위장막쒸어 놓은거 봤는데 ㅎㅎ 거의 맨날보는데 ㅎㅎ 아빠가 테스트드라이버여서 ㅎㅎ,1
516,별로 모르겟네 차이는 ㅋ 고질병들이 고쳐진다면..모를까 살짝만바꾸곤 뭘..,1
517,꿀 한번 먹은다음 말 하시는거 같네요,1
518,좀 부드러운 리뷰를...;;;,1
519,볼터치 했다고 몰라볼줄 알았니!!!!,2
520,약간 일을 하기 싫은 듯한 목소리랄까? 많이 트레이닝 받아야할 듯 하네요,1
521,이분 인턴아니었나요??인턴에서 기자된건가,1
522,카니발인줄,1
523,목소리 톤 좀 올리시면 좋을것 같습니다.,1
524,말레이시아에서도 보는 중,1
525,김한용 기자는 어디에 ?,1
526,그냥 광고네요~,1
527,신입이신가..... 아이고 어살퍼라,1
528,인턴기자도 아니 새 기자님이시네요목소리가 조금 어벙벙 하다그래야 하나? 조금 답답한 목소리 인듯,1
529,다다다다다다다다다다다다다다다다다다다다다다다다다다,1
530,디자인이 망둥어는 그대로내요... 그리고 기자님 말투?억양을 좀 부드럽게 수정하시면 좋을것 같아요,4
531,리어램프 진짜 희대의 쓰레기디자인,1
532,new face 인가요?ㅋㅋ,1
533,발음 발성이..더운날씨에 더 답답하게 느껴지게 하네요,13
534,카렌스....;;;;;;,1
535,초등학생이 교과서읽으면서 발표하는거같네요 지루해요,2
536,bmw 2시리즈 따라한거보소,1
537,기자님 ... 책읽는 소리 참 그렇습니다 너무 성의없음,1
538,이전세대 모델은 그나마 팔렸는데  이차는 디자인이 작아보여서 그런가.. 실제 차 크기가 줄어들었나,1
539,아 답답하다  2열이 완전 폴딩이 안되서 차박이 불가능하군. 이러니 올란도한테 깨지지,1
540,볼펜물리고 발음교육좀 시키셔야겠어요~,1
541,오 페리,1
542,목소리가 너무 ........졸립니다....,1
543,목소리가 박력이 음써요 잠옴,1
544,ㅅㄱ했어요,1
545,올란도 시승보다 풍절음이 확실히 많이나네요,3
546,예전 카렌스2를 엄청 좋게 타고다녔던 제가 올뉴카렌스 나온다 했을때 무저건 살려고했는데 저까지 외면하게 했던 이유는 가장큰게 일단 내부공간이 어찌 그전모델보다 작아진거 같고. 좁다는 느낌을 받았습니다. 또한 외형이 이건머 남성적인 이미지보다 여성적인 이미지가 더어울려 이거 쪼팔려서 못타고 다닐거 같아서 . 저또한 올란도를 택했었죠.  카렌스유저들도 뉴카렌스가 더 낫다라는 말들이 많았으니깐여 ;; 저거 디자인 총괄한사람 진짜 어휴 ;; 카렌스 유저들의 소비자층을 분석도 못하고 낸 모델같음. 솔까 rv라 하기도 민망한 그냥 어찌보면 경차 같기도 하고 참 ㅋㅋ,2
547,md 플랫폼에 현대초기형 c- mdps  대항마가 올란도 왜 실패했는지 말다했죠 전세대  카렌스가 우위,1
548,올란도냐  카렌스냐두차종 고민하다이영상보고 이차로 구매햇습니다감사합니다^^주행질감  감수해야쥬 올란도 미션ㅠㅠ수리비용 ㅠㅠ,3
549,핸들링 보타가 많이 심한가요? 구매고민중인데 가장신경쓰이는 부분입니다. 장거리 피곤할까바요...,2
550,구매대행 하면 수수료 얼마인가요?,2
551,그 맥동음이란걸 없애고 싶음 어떻게해야하나요?,1
552,올뉴 카렌스 엘피지 프레스티지 파선으로 구입하려합니다 프레스티지는 오토라이트있겠져ㅋ 3열은 꼬마들 탈수있죠?가상비 갑인차인듯,4
553,구매대행 신청하고 싶은데 어떻게 하면 되는가요,2
554,올란도는밋숀이 ㅂ ㄹ  밋숀이여서???????,2
555,"인도 🇮🇳 하이데라바드에 거주하고 있습니다.1) 카렌스 흰색 모델을 거리에서 봤습니다. 너무 😱 예쁘더군요. X3 보다는 크고 X5 보다는 작아보였습니다. BMW와 비교한 이유는 외관만 봤을때 BMW급이였습니다2) 자동차 수입관세가 너무 높아 럭셔리 수입차들은 대부분 CKD라인을 인도에 두고 있습니다3)카니발 직전 모델도 CKD로 인도 판매중인데 카니발이 이렇게 고급 모델이었나 싶습니다. 대부분 7인승 모델인데 초반에는 비싼 가격때문에 공장에 재고가 넘친다고 했는데 지금은 많이 판매되고 있다고 합니다4) 파키스탄 이슈가 초반에도 좀 심각했는데 인도가 워낙 큰 나라고 인구도 많아서 이를 심각하게 받아들이는 사람도 많겠지만, 현대기아차 파키스탄 본사가 아닌 단순 딜러사의 잘못임을 인지하는 사람도 많습니다",5
556,개인적으로 트라제XG 다시 나왔으면 좋겠습니다,9
557,"카렌스는 실내공간과 적재용량이 중요한 MPV임에도 준중형급으로 작아져서 인기가 떨어진 것이다. 경쟁자였던 올란도는 인기가 많았지만, 어느 순간부터 중형급에 1.6 경유엔진을 넣어놨기 때문에 문제였음.",1
558,어릴때 아버지 차가 카렌스2 였는데 이걸 한국에서 판다면 사고 싶네요,8
559,구형차들처럼 풀플랫만 되게 해주면 차박용 차로 인기있을텐데,5
560,우리나라에도 출시했으면 하는 차 1순위였는데 드뎌 희망적인 늬앙스가 보이네요!!,4
561,디자인 이쁘네요 휠이 조금 더 커지면 좋겠어요 ㅎㅎ,2
562,디자인 역대급이넹판다면 신다.,1
563,15년식 카렌스 타는데..2.0 가스라고해서 차가안나가는것도 아니고3열접으면 골프백 4개 실리고 문튼 차 진짜 좋음...가스값도 싸서 유지비도 괜춘하고....가스 하이브리드 좀 만들어봐라...지금도 연비 만족하는데...하이브리드면 대박이지,3
564,카렌스 저 디자인이면 당장 산다.,8
565,"작년 10월쯤 위장막차량 지나다녔는데 사진 보낼까말까 하다 안보냈는데 인도서는 공개되고 울나라는 안되서 서운했습니다, 크기가 크고 높아서 SUV느낌이었습니다",1
566,개인적으로 카렌스는 포메이션이 애매~~함,2
567,3:00 골프공 굴러가는 장면과 그 후에 등장하는 차는 카니발 입니다. 카렌스가 아니라 카니발 CM이  삽입되었네요.,20
568,이게 다둥이 있는 집엔 정말 실용적이고 좋은 차인데.!!,2
569,평택 미군부대 근처오면 기아텔루라이드 같은 차종도 많이 보이네요,2
570,외부인이 카슈미르 건드리는건 인도에서나 파키스탄에서나 선 넘은거지... 그런 정서도 이해를 못하고 장사를 하나... 물론 그 sns 관리자는 파키스탄인 이겠지만 회사차원에서 무조건 금지시켰어야지.,5
571,Suv가 높이 높으니 카렌스급으로 지금 스포티지 사이즈로 나오면 잘팔릴듯요,6
572,1.6 터보 하브나 2.0 가스로 출시되면 좋겠네요 ㅎㅎ,6
573,와... 쏘하 지금 문제 넘 많은데 저거 나오면 쏘하 대체로 가기 좋겠네요..,2
574,바퀴는 작고 차체는 여럿 탑승을 위한... 동남아시아에서 많이 보이는 MPV 스타일. 한국에선 디자인이 구려서 인기끌긴 힘들듯.,1
575,원래 카렌스 3세대 끝물 모델 사려고 했었는데..정작 제가 사려고 할때 단종 되버려서 결국 K3 샀었는데..4세대 나오면 2년 뒤에 꼭 바꾸고 싶네요.,3
576,르노는 에스파스를 진작 들여왔어야한다,4
577,차체에 비해서 휠이 너무 작아 보이는건 저만 그런건가요??,5
578,휘발유 쩜오 cvt 스틱 둘다 타봤는데 디젤이나 터보면 탈만할껍니다다둥이 가정엔 카니발 대용으로 괜찮을듯 생각보단 실내 넓어요,1
579,디자인이 국산차 라기보다는 동남아 시장에 팔리는 중국차 같은 느낌이네요,1
580,카렌스란게 아직까지 있을줄이야....,1
581,지난달인가에 어머니가 무슨차냐고 찍어서 보내주셨길래 보니까 카렌스더라고요 ㅋㅋ,6
582,슬라이딩 도어 없으면~ 그냥 SUV이죠... 3열시트~ 슬라이딩 도어... 이거만 가지고 있어도.. 왠만큼 판매량 확보 가능한데 안만드네.... 쌍용이 지금 이거라도 하면 될텐데... 카니발은 솔직히 북미 MPV시장을 겨냥해서 울나라...맘들이나 초보 아빠들이 운전하기는 좀 부담이 크죠...,1
583,카렌스 광고중에 순풍 산부인과 편 :예쁘게 바뀌었어요~ 카렌스~ 멋지게 바뀌었어요 카렌스~ 편안 하게 카렌스 카렌스~~  이 광고가 생각나네요,3
584,디자인이 산으로 가고있네요 ㅎ,1
585,1세대 카렌스 설명(3:00)에 1세대 카니발인데요? 카렌스는 2열이 단독씨트가 아니었습니다! 2열 일반 승용차와 같은 3인 일자 씨트였어요~,8
586,저렴한 버전과 2인승 밴도 만들어주면 업무용으로 참 좋을텐데요 레이는 너무 작고..카니발은 너무크고,8
587,예전 트라제xg 정도 크기로 나왔으면...,2
588,낮은 rv차량은 무릎이 너무 접힘. 특히 3열좌석은 무릎이 거의 가슴팍까지 올라와서... 카렌스 사러가서 카니발 사서 나오게될듯,3
589,이차는 인도전략모델이고 우측핸들만 있으며 가솔린 디젤만 개발되었습니다LPG당근 안나옵니다 스포티지LPI가 대체할겁니다,1
590,솔직히 판매된다면 베스트카 반열에 오를 듯.,1
591,"부모님, 자녀, 6인용 차를 카니발 살 돈이 없어서 뉴카렌스 중고 사서 3년 타고 있는데, 5인 이상 자주 타려면 카렌스 사는거는 절대 아닙니다 ㅠ",1
592,옆모습이 G4렉스턴 느낌나는… ㅎㅎ,3
593,셀토스의 적재공간을 늘린 셀토스 에어네요....  티볼리의 적재공간을 늘린 티볼리 에어처럼,2
594,길거리에서 이차봤는데 디자인은 기아차인데 스포티지는 아니고 뭔차인가 했더니 카렌스였군요 차가 커서 놀랬어요 렉스턴이랑 느낌비슷,1
595,레이 쏘울 카렌스 카니발 괜찮은 라인아님?,2
596,그럴일없지만 스타트가 2천대에서 시작했으면 실제는 스타트가3천대예상,4
597,엄청 비쌀듯.. 2세대부터 엄청 비싸졋는데.. 요즘 차 가격 생각하면..,7
598,일본 미니밴들이 많이 들어왔으면 좋겠다,1
599,약간 인피니티 QX80 닮은거 같기도 하고.....,1
600,번창하세요!!!!!!!,2
601,쏘렌토 카니발에 치어 안팔릴게 뻔한데나오면 산다는분이 많으시네,2
602,아직도 fuel car ㅋㅋ 현기차 진짜 대단함,1
603,갖고는 싶다,1
604,이 차가 멋있다고요,2
605,국내 출시좀 해주지 카니발은 너무 커서조금 작은게 좋은데,5
606,신차만 나오면 무엇 합니까~~출고 되기까지 1년을 기다려야 하는데 ~~~,1
607,이시점에 하브 아니면 내연기관 차량 사는건 정말 아까울거 같아요..이제 전기차 시대이지 않나 싶내요,1
608,휠이 작아서 그런가 너무 껑충한 느낌이네요,1
609,가격이 또 ㅎㄷㄷ하것지?,1
610,우리나라에 팔지도 않는차를 왜이렇게 자세히 보는건지..,4
611,현기차도 참 엉뚱한 불똥을 맞네요. 중국에서 잘 나가다가 사드 직격탄을 맞고 판매량 뚝 떨어지고 인도에서 파키스탄분쟁불똥 떨어지고...,3
612,트라제 기억에 전 무조건 삽니다,2
613,출시 해주면 당장 산다 특) 안 사줘서 칼단종 됨,208
614,카렌스 포지션이  좀 애매한듯.  이미 나와있는 카니발. 쏘렌토. 스포티지  사이에 비집고 들어가기가 ...,9
615,생각보다 괜찮네,1
616,개인적으로 카렌스 볼때마다 뭔가 비율이 안맞아보이는거 같네요,1
617,카스타 사이즈느낌 나네요.,1
618,음량이 너무 작아요…ㅜ잘 안들립니다!!,1
619,3:01 카렌스X 카니발 광고영상이 들어갔네요...모카 영상들 보면 영상마다 이렇게자료화면 실수가 하나씩은 보이는 듯....,3
620,기아판 렉스턴이라 불러도 믿겠네ㄷㄷ;;,1
621,작은 카니발이라고 해봐야... 슬라이딩 도어가 아니면 의미가 없다고 생각합니다.,4
622,카렌스보다 뭔가 그랜드 니로 또는 스포티지 7시터 이런 느낌이네요,1
623,쌍용차가 끼어들 틈이 없네요,1
624,기아차는 갈수록 기괴해....,2
625,이번영상은 갑자기 오디오가 너무 낮네요..,1
626,난민을 받기 꺼려하는 이유가 있었군요...ㅠㅠ,1
627,후면 범퍼 크롬 들어간 디자인 ..안했으면 좋겠다. 펠리세이드 페리처럼 간결하게 일자로,1
628,카렌스는 앞모습은 쏘울같구요 뒷모습은 스포티지 같네요 제 마음에는 안드네요,2
629,이런 디자인으로 차를 만들어 판다?? ㅠㅠ,1
630,소랜토보다 1000만원싸면 팔리지,1
631,헉! 내가원하는 차가 드디어 나오는건가.카니발크기 너무 부담~ 근데 뒷태가 왜이래 ㅋㅋ,1
632,지금 살꺼면 전기차사는게 나은듯,1
633,뒷쪽 디자인은 좀... 너무 억지로 스포티지 디자인을 넣은 느낌,1
634,3:04ㅋㅋ 카니발 1세대 등장,1
635,렉스턴 페이스리프트인줄..,1
636,디자인이 산으로가네,1
637,중형suv네요 완전!,1
638,카렌스 인데.... 가격이 배신 때릴듯............,1
639,국내 출시 안하는 이유 ㅋㅋ현대에서 같은 포지션 차량 국내 출시 할거니까 ㅋㅋㅋㅋ,1
640,카렌스하면 lpg가 떠오르네,1
641,요즘들어 Qm6  하고 쌍용차들이 더이뻐보이냐  말리부랑,1
642,"전 세대 카렌스는 디자인이 너무 별로였는데, 이번 카렌스는 너무 예쁘게 나왔네요.. 국내출시도 해줬으면 좋겠습니다",3
643,전체적인 디자인도 이상하지만 투 컬러도 쫌...,1
644,기괴하다.. 차가.. 점점 1도 안이쁜데..,1
645,아 안되요 세컨카 대안이 없어서 주말에 카렌스주워왔단 말예요 5년탈껀데.....이제보니 이게 올라왔엉...,1
646,진짜 카렌스인가,1
647,중국 출시? 그런 걸로 예전에 본거 같아요..,1
648,최근 모카 영상들마이크 소리가 작고화이트노이즈가 너무 심합니다.,5
649,현대에서 트라제 후속나온다고 이미지 돌아다니던데 소식이 없네요.,1
650,와실내 넘이쁘네..,1
651,렉스턴 닮았네,2
652,3세대 카렌스 우리나라에서 폭망하고 4세대를 인도에서 생산판매하나보네..,1
653,휠 크기도 어정쩡하고 차도 겅중한게 3세계 인도 판매용 같은데,1
654,애매한데... 요즘 국산차 시장보면 초기엔 잘팔릴듯,1
655,당시에 삼성에서 기아를 인수했다면 양강대결이 가능했을텐데 아쉽습니다.,1
656,휠이 너무 작음..,1
657,현기차. 중국도 잃고 인도까지..😭,1
658,뒷모습 진짜 좋다고 생각하시는건가?ㅋㅋㅋㅋㅋ최악인데ㅋㅋㅋㅋㅋ,1
659,바퀴가 너무 작아보임 ㅋ,2
660,인도 전용 모델입니다,1
661,괜찮네요,1
662,그래도 카니발산다 한표(카니발도좁다),1
663,"파키스탄 현대에서 글올린거 현대차가 한게 아닙니다.  파키스탄 협력업체 니샤트가 올린겁니다....장사꾼이 바보도 아니고, 13억 인도시장을 포기하고 1억 파키스탄시장을 선택할리가 없죠!~~~",1
664,레이 확장판 너무 투박하다 ㅡㅡ,1
665,이제는 SUV랑 CUV 랑 경계가 모호하네.. ㅋㅋ 저것도 AWD 지원하나?,1
666,가만히 있으면 중간은 간다...군요.,1
667,배경음악이 없으니 좀 심심하네요,2
668,딱보니.. 도요타  이노바  킬러로 데뷔하는듯,1
669,이걸 한국에서 팔았어야지! 그럼 이걸 샀을거야!,1
670,옆태는 렉스턴 닮음..,2
671,앞 소울옆 셀토스 뒤 스포티지 가 보이는데 뭐지,1
672,9:37 코란을 꾸란...원레 발음이 꾸란인가요? 코란인가요?오타인가요?저는 상관없지만...그 분들은...🤔,1
673,한국에 왜 있는지가 더 궁금한데..,1
674,카렌스 문콕전문 아저씨가 생각나네..,1
675,"x247, g4, nq5가 섞인 것 같이 생겼네요 ㅋㅋ",1
676,셀토스 페리나  빨리 나와라,1
677,카렌스 못참지,1
678,카렌스 다 예쁜데 휠이 너무 작고 얇은거 아니냐 하체부실이여 완전 비리비리해보임,1
679,어째서 mpv지ㅜㅜsuv같은데,1
680,좀 제대로 만들어라막상 출시되면 항상뭔가 부족한느낌,1
681,뒷모양 뷰티풀코란도같아,1
682,렉스턴인줄,1
683,파키스탄 이슈가 큰듯,1
684,바퀴가 작아도 너무작아서 이건 뭐 개쓰래기처럼 보이는데 - -;?,1
685,현대.. 삽질혔네.. 중국에이어 인도 시장 다 날리면..,1
686,비율이 이상해요,1
687,야!됐다!휠하우스 더 안키우면 국내에선 폭망각이다!사진 화면으로 봐도 다리짧은애가  상의 내어입은것 처럼 보인다!,1
688,차가 좀 어벙해 보이는데?..,1
689,"왜자동차들이 똥구멍에돈을처들일까?배기구가 치레를할만큼 대단한가?눈에엄청거슬리는데,디자이너들취향이이상하네ㅡ똥구멍 안보이는것이 훨씬더 심플한데",1
690,요즘 시대는... 그냥 큰차가최고. 차에서 이것 저것 할 수 있는게 너무 많다. 어중간한 크기 차사서 나중에 사이즈업 하지말고.. 무조건 큰차로. 아마 저 카렌스가격에 천만원 더주면 카니발. 물론 혼자 차타면 아무거나 타도됨... 결혼하고 애놓고 짐많고. 애데리고 차박도 하고 캠핑도 하고 이것저것 등등등 점점 늘어나고 스케일이 커지면 결국 차 삼.. ㅋㅋ,2
691,모카에서 소렌토 하브 엔진오일에 휘발유섞인다고 해서 구매 취소 했습니다.사기 당할뻔 한걸 막아주셔서 감사요.ㅋ다른 자동차 유투버들은 꿀먹은 벙어리처럼 모르쇠인데 모카에서는 좋은 정보줘서 신뢰가 갑니다.다른유투버들 반성하세요 모카 빼고 모조리 구독취소 합니다.,1
692,옆 모습이 뭔 g4렉스턴같음;;,1
693,한문철 블박 영상보면 카니발 타는사람들 대부분 정신병자 수준이던데..,1
694,렉스턴 배겼네  ~~,1
695,카렌스 치고는 크네?,1
696,국내 출시도 안하는건 그냥 소개도 안했으면 좋겠,1
697,엔지이나   사다써라..옛날 일본기술 들어간거  쓰던가,1
698,디자인 개같네 안 사~ 공짜로 줘도 안받아 ~ 앞 모델이 훨씬 낫겠다,1
699,웬 코란도투리스모 로디우스,1
700,국내팔지도 않을꺼면 카렌스 이름왜씀?아마 나올가능성있음,1
701,국산차들을 면을 너무 분할해요 촌스러워요~,1
702,진짜 디자인 ㅈ같다,1
703,범퍼색상이 차체와 다른걸보면 또 옵션장난질 시작인가???,1
704,어딜가나 극우 극좌들이 문제임,1
705,티볼리 에어?,1
706,나만 디자인 별론가?,1
707,중요한건 한국인이보기에 안이뻐요..,1
708,옆모습은 뭐가 엄청 둔해보이고 별로네요,1
709,현대 마케팅이 국내뿐이 아니고 전 세계적으로 일자무식한 사람들만 뽑는구나..... 회사가 개념없네 물거만 팔려고하지 마음은 사려하지 않네,1
710,팰리세이드 모하비 티볼리 ev시리즈... 거시기 쌍용에 못생긴승합이랑도...ㅎㄹ 카렌스였어?환골탈퇴(1) 했네요..,1
711,.....저게 이쁘다고?,1
712,스포티지가 있는데~~ 굳이~~,1
713,티볼리?,1
714,스포티지덩치키워놓은 디자인이네ㅡㅡ,1
715,어차피 출시해봐야 수요는 그리 많지 않을거임.왜냐고? 카니발 쪽으로 수요가 몰려있으니까!,1
716,옆태가 산타페랑 비슷하네,1
717,중국차같아서 별로...,1
718,인도에도 조중동 있구만 ㅋ,1
719,"이미 라인업이 촘촘한 기아가뭣하러 카렌스를 출시?셀토스,스포티지,니로가 있는데",3
720,니로가 있는데 카렌스를?,1
721,내가보기에는 카렌스 아니지요카니발이구먼 아자씨가 거짓말 하는구나,1
722,쫌..  별로;;,1
723,아..  솔직히 구리다,1
724,중국차냐,1
725,낚였다,1
726,안 나온다.,1
727,오호,1
728,별 루랴,1
729,현기에서 국내 내줫으면 하는 차가 딱 두개인데기아 카렌스랑 현대 I30CW 이 두차 수소차로 부활시켜줬으면 좋겠다 ㅠㅡㅠ아니면 기아 프로씨드나 제네시스 G70슈팅브레이크,1
730,교회끝나고 나서 교회 이태형 선생님차량 올뉴카랜스 시승했는데 승차감이 good좋아요,2
731,ㅋㅋㅋ 믿고 유튜브 밥풀소울 가봣는데 ㄹㅇ 좋더라 개굳이었음,1
732,카렌스  미니밴이 팔리지않아그런건 아니고 디자인때문에 망했다생각함,2
733,최근까지 세계에서 출시된 패밀리형 컴팩트카 중 저 정도의 뛰어난 외모를 가진 차는 보지 못했습니다 정말 기아자동차 카렌스 칭찬해주고 싶군요,6
734,아니 유튜브 밥풀소울 댓글머지 하고 들어갔는데 ㄹㅇ 감사 ...덕분에 1일1따ㄹ,1
735,아닠ㅋㅋㅋ 유튜브 밥풀소울 아직도 모르는 사람있음 ?bj 지리더라 ㄷㄷ,1
736,와...너희들 때문에 밥풀소울 애들이 다 알아버렷다 책임져라,1
737,유튜브 밥풀소울 들어가면 나유에 보는 방법 나와있음,1
738,남자라면 유튜브 밥풀소울을 모를 수 없지 ;;,1
739,유튜브 밥풀소울 아직도 모른다고 ? 가보셈 여캠 지리는영상있음,1
740,kamsa hamnida!,3
