,comments,likes
0,두분 호흡이 점점더 좋아져서 더 재미있어지네요~ 좋은 영상 계속 기대하겠습니다~~!!,2
1,결론은 예쁘고 가성비가 좋은차^^ 토션빔이 싫으면 멀티링크가 장착된 GT모델이 있지만 해치백 스타일이라 호불호가 있지요,9
2,"안그래도 며칠전에 기아자동차 전시장가서 K8, K3 동시에보고 왔는데 두차량모두 거의깡통에 가까운수준의 전시차량이었지만 기본기가 탄탄한 차량이라고 느낀게 깡통에 가까운데도 기본옵션이 탄탄하더라구요^^ 그리고 탔을때느낌은 가격차이 인지는몰라도 K8이 고급지고 깔끔하면서 편했고 K3는 경쟁모델인 아반떼와 비슷했으나 센터페시아가 확바뀌어버린 아반떼 대비해서 물리버튼이나 공조장치가 훨씬더 직관적이었고 좋았습니다^^",5
3,비피디님 솔님 케미는 언제나 보기좋네요.솔님은 차선변경할때 얼굴내밀면 다른차들이 다 비켜줄거같은데요.ㅎㅎ잘봤습니다.,5
4,가격이 좀 되긴 하지만 그만큼 가치는 있는거 같습니다. 제 지인은 고민하다가 그냥 훅 내려서 경차로 결정했네요,2
5,플라티늄그라파이트 색상이 무난하고 좋은거 같습니다.ㅎㅎ 지난번 블루톤도 좋지만 블루는 살짝 튀는듯 같습니다.ㅎㅎ 주로 시내용 광역버스용 정도 좋을듯 하고요.ㅎㅎ 오렌지브라운 시트보니 고속버스 저리가라 할정도로 가끔 장거리용으로 해도 될듯 같습니다.ㅎㅎ,2
6,K3 가격을 보니까.. 비피디님 제타가 정말 가성비가 좋아보입니다 제타열심히 타세용,2
7,"영상 시작과 동시에 차량을 손수 뜯어주시는 솔님, 차량은 뜯는 맛(?) 이 있어야 신차라고 불리죠 ㅎㅎ전 첫차가 k3이 아니어서... 느낌이 뭔지 잘 몰라요 ㅜ ㅜ",4
8,이 채널은 분명히 차량 리뷰 채널인데 저는 이 채널이 웃겨서 봅니다ㅋㅋ 죄송해요. 비피디님과 솔님의 캐미가 넘 재밌어욧ㅎㅎ 개그 리뷰 ㅠㅇㅠ,11
9,늘~~좋은 정보 고맙습니다^^♡,2
10,와 진짜 올뉴k3 차주로써 더뉴k3 실내가 압도적으로 이쁘네요 ㅠㅠ,22
11,ㅎㅎ 잘봤습니다  기회되시면  아우디 Q7 도 해주세요  순정상태로 차박하기가 좋아서  몰고다닌지 9년이 지났습니다  아주 맘에들기에  Q8이 나왔어도 괸심도 없습니다  다음도 무조건 Q7으로 갈겁니다혹시 시승도 가능하시면 55 TFSI 로 부탁드립니다   항상  응원합니다,6
12,첫차로 올뉴k3사서 3년간 타고있어요. 제 생각엔 연비머신이 아닌가 싶어요. 대만족합니다~,1
13,이번 K3 실내가 이쁘네요영상 잘 봤습니다~^^,7
14,차정말 맘에 드네요^^,1
15,1세대 k3 중간트림 신차로 사서 3년 잘 탔네요. 제 몸에 작은 차라서 장거리 뛰면 온몸이 아프던.. ㅠㅠㅜ,2
16,cn7 차주인데 전면 led램프 정말 잘 나왔네요 !,4
17,운전을  잘 하니 좋아보이네요,1
18,솔님은 너무 구엽게  리뷰해서 좋네요 실래지만 나이가  어려보이네요 ^^,1
19,팔당 드라이브 좋죠~~ 재미있는 주행기 감사합니다,3
20,잘 봤어요~응원합니다!,2
21,무난하게 잘나온거 같아요 내부 오렌지 브라운 색상은 희소성이 있고 예뻐서 인기가 많을거 같아요 저도 솔님의 신발에 관심이 없었는데 여자들은 저거 샤넬인거 알더라구요^^ 솔님과 샤넬 잘 어울려요~~,3
22,저도   지금구임해서    타고다니는대   너무부드럽고  좋아요   정말잘나왓어요  감사합니다,3
23,감사합니다. 친절한 설명!,4
24,뭘느끼는거죠? 솔직하시다 ㅎㅎㅎㅎ,3
25,역시 디자인은 KIA지,2
26,실내  컬러 차이 하나만으로 80% 이상 만족감이 커짐,2
27,비피디 솔님 안녕하세요 촬영하신다고 수고하셨어요 ,6
28,이번 K3 마크하나는 기똥차게 잘 만들었다 마크 멋지다.,2
29,오늘 K3 봤는데 앞에는 구형이 더 좋은거 같아요.아반떼는 너무 디자인이 맘에 드는데 K3는 아반떼보다 더 비싸고 K3는 뭔가 아쉽습니다ㅠㅠ,2
30,비피디님 역시 목소리 좋으세요^-^,1
31,"내 주변에 없어... 솔님 같은 분 귀여움이 있어  자꾸 보게되고 ""bpd~ㅎ""자꾸 귀에 맴도네",12
32,와 진짜 샤* 이군요... 저도 실내화인줄...비싼거라서 요즘 자주 신으셨군요,3
33,"첫차는 디자인,연비,유지비..가 정답인듯..",3
34,"""오 주온이다 주온이다!"" ㅋㅋㅋㅋㅋ 되게 재미있게 잘봤습니다!!!",6
35,전자식파킹브레이크부럽다ㅠ15년식차에는평행주자해주는거있는데..이번차에는이기능이빠졌나고네!!!,1
36,"전부 신차 예약으로 구매 했는데(모닝, k3, k7) 개인적인 만족도는 모닝이 쵝오였음...다음차는  시녕G80D....",3
37,4:12 트렁크손잡이 실화임??ㄷㄷ k5에도 없는데...,41
38,오렌지 시트 이쁘네요.  풀 옵션에만 있는 시트겠죠  ㅠㅠ.,3
39,기어봉은 현대 N으로 바꾸고 싶네요 ㅎ,1
40,티격태격 모습 좋습니다,1
41,Very nice interior and also nice leather color     nice video  guys,3
42,나는 초기형 k3랑 지금타는 올뉴k7이랑 방지턱 느낌 차이 모르겟음싱기하게 초년생때 6년동안 타던 모닝은 무사고 였는데 k3때부터 사고 많이남...세븐이도 글콩...,2
43,우와 이 시간에도 영상 올라오네요잘 볼께요 ^^,2
44,"빨리 달릴곳은 고속도로가 그나마 과속카메라 없는 구간뿐,,, 실제적으로는 거의 없는 듯요... 답답함 없이 달릴 수 있으면 될 듯요. 가격은 그나마 저렴한 편이니 괘않을 듯 하내요.",1
45,변한건 껍데기뿐이겠지만 그 껍데기를 정말 이쁘게 바꿨네요,1
46,하..솔님.졸라.귀여워요 ㅠㅠ 같이있으면 심심하지않을듯,2
47,솔님 트렁크다부수시네  얼마나 기아차에 한이 맺혔으면 다부수시네,1
48,솔님 은근 매력덩어리~  잘 보고갑니다,1
49,K3 GT 출고하고싶은데 진짜 정보가 너무 없네요 ㅎㅎ 아무래도 헤치백 무덤인 우리나라에선 어쩔수 없는 현상인가보네요 이거로 만족해야허나...,1
50,솔님 넘 예쁘고 귀엽다,2
51,오렌지브라운?시트 넘 이쁘네요~~,1
52,승차감 많이 안좋나요?,1
53,K5 신형엔 도대체 왜 드렁크 손잡이가 없는 것인가,1
54,유치원 선생님들이 자동차 설명해주는거 같아요 ㅎ,3
55,구여울 등치(?)는 아니신데 증말 쵝오예요^^,6
56,안녕하세요혹시 유튜브에서 보이는 날씨 계기판 변경은시그니처 모델에서만 변경돼는건가요?,1
57,저는 2016년식 더뉴k3 차주인데요~ 깡통차임에도 트렁크에 손잡이가 똑같이 생긴 것이 있어요~~~ㅋㅋㅋ,2
58,갓차님 소환해서 솔님 실물예상도 그려볼 수 없을까?ㅎㅎ,1
59,아반떼 이기기엔 먼가 아쉬운 부분이잇네,1
60,오늘의 명언: 난 아무것두 모른다...ㅎㅎ아 근데 두분 넘 잘맞네여 아주 찰떡궁합이넹여 ㅋㅋㅋ잘 봤어여~^^,2
61,주차할때 핸들이 무겁다는 말이 있던데 어떤가요?,1
62,진짜  굿이다사람이,1
63,그리고 혹시 시그니처 모델에 풀옵이면기아 유보어플로 시동 및 에어컨 히터 켤수있나요?,1
64,트렁크 손잡이는 올뉴 k3도 있어요~!!,3
65,K3에는 손잡이 전에두 잇엇어요~~ 근데 애k5는..,1
66,하남 스타필드 야외 주차장 이나 풍산동 단독주택가 장소가 주 촬영지 인거같아요 ㅎㅎ,2
67,아반떼랑 너무 고민되는 차..,3
68,스타리아 로보캅 닮았다고 했던 순간부터차 외형 비유만 하게 되네ㅜㅜ스타리아 회색 로보캅흰색 무민이번 K3 뭔가 서양인들이 동양인 비하할때 하는 나쁜 제스처 하는거 닮았어기아 전 로고:즐기아 현 로고:킨 사이다,1
69,이번년엔 아반떼승인듯.. 디자인은 개인취향이라 치고 실내랑 승차감차이 나는듯..,1
70,솔님 귀여움 ㅋㅋㅋㅋ,2
71,k3도 전면부 그릴이 블랙 유광인데 왜 Dl3는 플라스틱 같은 색상인지 모르겠네요 ㅠ ㅠ,1
72,K3랑 아반떼는 에이필러가 너무 답답 ㅜㅜ 그것만 참 좋겠는데,4
73,솔님 운전할때는~의사소통이 좀 안되는..ㅋㅋ,2
74,아반떼보다는 디자인압승 잘봤습니다,3
75,솔님 BPD남방의상 제일 섹시하네요 실내화는 아사히 ㅋㅋㅋ맞죠?주온 차박  몸개그 대박요,2
76,휠빼고 괜찮네요,2
77,남자를 녹이는 여자님이구나...매력이 블랙홀이네...차를 좋아해서 채널을 즐겨보는데 지금은 내가 차를 보러 들어오는게 아닌거 같음...걍 힐링하러 오는듯ㅋㅋㅋ,5
78,현대 식칼떼 망둥어 쏘나타 디자인 보다가신형 k3보니까 눈 정화가 된다ㅋㅋㅋㅋ,6
79,솔님 귤색 옷 너무 잘어울리네요 상큼하고 더 예뻐보여요,1
80,k3도 전면부 그릴이 블랙 유광인데 왜 Dl3는 플라스틱 같은 색상인지 모르겠네요 ㅠ ㅠ,1
81,K3는 준중형에서 1등 가능?하다면차 리뷰는 BPD가 1등 가능!!하다,4
82,이쁘긴한데 아반떼는 못이길거같다,1
83,오토홀드 한번도 안써본사람은 있어도오토홀드 한번만 쓴사람은 없...제가 안쓰고  있습니다전 이상하게 오토홀드가 별루더라고여 ㅎㅎ,3
84,,3
85,잘보겠습니다~~,2
86,k3 이쁘고 좋네요 아반떼 보다 이쁘네 요 그리고 항상 솔님은 귀요미네요,2
87,k3는 트렁크손잡이 구형신형 전부 원래있었어요,1
88,"밥 머그자, 배가 꼬르륵해, 잠이가 와 등의 기괴한 대리님이 생각나는 솔림이시네여. 기괴하다...",2
89,헉... 백만원 넘는 신발....   바지 살 돈까지 신발에 몰빵하셨군요. ㅠㅠ,1
90,저 신발이 남자들 눈에는 실내화(?)로 보이는구나.. 저는 솔님 신발 완전 이쁘다 나도 사고싶다 진짜 샤ㄴ일까?이러고있었거든요ㅋㅋㅋ,13
91,솔님 ,3
92,연비는 최고,1
93,K3는 풀체인지를 기다리기로ㅠㅠ,4
94,K5 에도 없는 트렁크 손잡이가 있네 ㅋ⫬ㅋ⫬ㅋ⫬ㅋ⫬ㅋ⫬ㅋ⫬ㅋ⫬ㅋ⫬ㅋㅋ⫬ㅋ⫬ㅋ⫬ㅋ⫬ㅋ⫬ㅋ⫬ㅋ⫬ㅋ⫬ㅋ아 현타온다,1
95,솔님이랑 성격 비슷한 분 찾기 어렵네요ㅋㅋ비피디님 어서 결혼하이소!!ㅎㅎ,7
96,솔님 진짜 많이 이쁘다 거짓말안하고 예쁘셔서 댓글 안할수가없네요 ㅎㅎ,2
97,이두분은 무조건.  현대 기아 폭스에서 차한대씩 기증해야 한다.   무조건이다.  이분들.    분위기 탓다.  나도 이두분보고 차삿음,4
98,주온이다 주온 너무 무섭다 납량특집 ㅋㅋㅋ,7
99,샤넬 메리제인 ㅋㅋ 전세계 품절이라서 구하기 엄청 힘들어요ㅋㅋ,5
100,솔님 애교는 진짜 대한민국 남자들 다~~넘어가겠어요ㅎ,7
101,사실 솔님 맞아요 맞아요 하는거랑 애교 장난 치시는거때문에 더 차에 관심도 가지게 되고 쏙쏙 들어오는거같아요! 언제쯤 마스크 벗으실라나.. 혹시 마스크를 벗으면 장난 + 애교 가 사라져서 그러는건 아니겟지요??,5
102,엄청난 열정 ㅋ 4:59,3
103,멍청이. 옛날 버전 다시한번봐야겠다. 넘웃겨,3
104,K8핸들보다 k3핸들이더나은거같은느낌,3
105,여잔데 솔님한테 반하겠어욬ㅋㅋㅋㅋ너무 귀여우세요....,3
106,이제 말 배운 딸과 아빠의 대화 같아요 ㅋㅋ (귀욤),3
107,올뉴k3에도 트렁크 손잡이 같은위치에 있어요...,4
108,"부탁이 있습니다. 솔님 의상을 안 추워 보이고 감기 걸리지 않도록, 솔님 부모님이 보셔도 걱정되시지 않게 고려 바랍니다.",4
109,솔님님 키가 180넘어 분거 같어요그사이에 키가 커부럿나 보네요왐마 근방 2미터 되불것는디요,2
110,K3 nobless 계약해놓고 기다리는중.gravity blue - orange brown세컨카로도 제격입니다.,1
111,솔님~ 샤넬 구두~ 290mm,2
112,가격 아반떼랑 비슷하네요,2
113,솔님 멍청이 짤로 구독자 5만명은 만들었음ㅋㅋㅋ솔님 목소리가..감기?ㅜㅜ,2
114,솔님 귀여우시네 솔며든다ㅋㅋ,3
115,솔뉨~! 멍췅이 멍췅이~!!! 너무 귀엽자나요ㅋㅋㅋㅋㅋㅋ,14
116,Omg why do those front seats look soooo small? The tiny girl is wider than the seats,2
117,진짜 여신,3
118,솔님 오늘 많이 졸려보이시네요 ㅋㅋㅋㅋㅋ,4
119,디자인 아주 잘나왓으 현대 쏘나타 아반테 그랜져 개흉물,3
120,"아반떼,K3,제타  순위는 어떨까요??",1
121,하브로도 나올려나?,1
122,4:37 ㅋㅋㅋㅋㅋㅋㅋㅋㅋㅋㅋㅋㅋㅋㅋㅋㅋㅋㅋ 찐당황하셨네ㅋㅋㅋ,10
123,안녕하세요 지금 24살이고 차를 살려하는 데 K3와 아반떼중에 어떤 차를 사야 할 지 고민중입니다ㅜㅜ 추천하시는 차를 답글에다 적어주시면 감사하겠습니다!! 둘다 풀옵이고 가솔린으로 결정할 예정입니다 외관은 K3가 더 이뻐보이고 내관은 아반떼가 더 이뻐보이는 데 당최 결정을 지을 수가 없네요.. 추천 부탁드립니다..,2
124,썸넬 너무 좋으다,3
125,솔님 귀엽네염.. 근데 실내화는 좀 아닌듯,1
126,,2
127,굽 낮은 신발은 약간 나이든 느낌이랄까요??ㅋㅋㅋ귀여운 90솔님이랑 안어울려요!ㅋㅋ,2
128,다들 좋아요 구독 부탁드립니다,3
129,형 나가있으라니깐 왜자꾸 투샷나오는거에요 ㅋㅋㅋ,2
130,대한민국 남바완 자동차유튜버 비피디,9
131,이쁘네여.,3
132,토션빔ㅋㅋㅋ일반인은 진짜 못느낀다,1
133,k3단점이라고 구지  꼽으면 뒷쪽 깜빡이가 하단에 있다는거...,4
134,아반떼보다 좋습니까?,2
135,기아차 매장가니까 k8. K3. 다봣어여ㅎㅎk5... ㅠㅠ 구형 엠블..,2
136,아반떼가 있는한 절대 1등 못합니다 디자인부터가 넘사인데,3
137,"준중형은 아반테 따라가기 어렵지..,",1
138,Nice car and beautiful girl! ,1
139,깜박이 진짜 깬다..,1
140,솔님 개그에욕심내시네요ㅋㅋㅋ기,5
141,손잡이 인터넷에서 5천원주고 부품 시켜서 십자 드라이버로 다신 거 같은데요,1
142,외부 디자인이 메기 수염  느낌.   부조화.    소나타   처럼 판매율 나올 듯..   아반떼가 디자인은 더 남.    성능은 업그레드. 안전성 업그레이   없음   그냥 외부만 ...,2
143,가격이 가성비차~~~,2
144,그양 딱 그정도...차,1
145,샤눨~~~♡♡,8
146,K3는 사회 초년생분들에게 첫차로 정답 같은 차네요?,39
147,처자가 아주 귀엽게도 생겼네유~,1
148,ㅋ 정말 다보고 가요 ㅋ,1
149,페이스리프트라 아반떼는 못잡습니다. ㅋㅋㅋ,2
150,깜박이 아쉽다,2
151,어 이차... 번호가 제가 사업소에서 대차받은 차 번호랑 똑같네요! 솔님이 탔던 차를 제가 타고 있네요!,1
152,내부가 왤케 이쁘지...,1
153,피디님이 마스크를 쓰시고  솔님이 마스크를 벗으시면 안되나요??촬영하면 풀메이컵하실 텐데 보람을 좀 느껴 보셔야죠,1
154,5도어도 나올까요,1
155,나이가멈춤예솔누나︎♡♡,2
156,솔님 그자체 솔님....솔님 차는 뭔가요 !??,2
157,인트로보고 순간 훼사원님인줄... ㅋㅋㅋ,5
158,이 영상 촬영한 곳이 어디인가요?,2
159,제발 트렁크에 신발 벗고 타주세요 ㅠㅠ,2
160,자동차 리뷰채널이 채널이 되어감,2
161,"K3디자인완결판!...상품성개선해서 판매량 쑥쑥 늘어날 차량 입니다!...결혼전 20대 남,녀 직장인들이 타야될 K3...나의 첫차! 2000년식 경차를 22년째 타고 있읍니다!...이제는 자동차를 바꿀시기가 됐습니다!...K3 적극추천!...사회초년생☞ 모닝,레이,리오,스토닉, 그리고 K3...솔님만 보입니다...오토랜드광명에 출,퇴근하는 도장,조립품질 선봉장☞ 홍반장 씀~시흥시에 살아요~또봐용...",2
162,bpd님 솔님이 즐 이라고 하시는건 무슨 의미인가요?,3
163,이 여자 매력있다 결혼했겠지. 이 여자 갖고싶다 애인있겄지.이 여자 백치미있다ㅡ인기 쩔겠지~^^멋있음,3
164,캐스퍼살려다 k3보고있음ㅋ,1
165,오늘은 카멜레온 솔님~~^^,3
166,내 첫차각이네 ㅋㅋ,1
167,Ami ppl 같네요 ㅎㅎ,2
168,ㅋㅋㅋ 졸귀,1
169,Về Việt Nam nó cắt phanh tay điện tử ,1
170,마지막 엔딩 음악 제목좀 알려주세요  ㅡㅜㅡㅜㅡ,2
171,9:08 윙크,39
172,5:51 ㅋㅋㅋㅋㅋㅋㅋ 주온이다 주온이다,15
173,K3 미국에와주세요~~,1
174,썸내일이 ㅋㅋㅋㅋ,3
175,이누나는 유모차에타도 차박 된다고할겨,2
176,5:00 차박?ㅋㅋㅋ,5
177,전주문 신청    햇어요      6월   12일쯤출고된다하는   될지모르갯네  ㅎㅎ,1
178,코로나가 낳은 괴물~♡,3
179,비피디님 김정은머리해서 나이많아보임,5
180,과학 3호기...,1
181,하남 스타필드 주변에서 영상 찍으셨네요,1
182,사회 초년생만 타야하나 K3 이니까 어이가없네요,1
183,아반떼   승,2
184,사초년생들을위한차량  과학3 아방 베뉴,2
185,유튜버들 사치품 진짜 많으네,2
186,비몽사몽이셔 ㅋㅋ,1
187,그놈의 토션빔타령은 ㅉㅉㅉ,6
188,비피디!!!!,2
189,솔직히 두분 사귀는거 맞죠??,3
190,ㅎㅎㅎ 아니 뭐시이래 귀여워,1
191,아반떼cn7 승,2
192,왜 아빠 와이셔츠 입고오셨나여?,2
193,그래서 얼굴공개는..,1
194,촬영장소는 어딘가요  카페 같은데..,1
195,"차리뷰를..꽤나 많이 한거같은데 진짜 차에 관심은 없으시구나뭔소리하는지 하나도 모른다라...ㅡ,.ㅡ;;",2
196,솔님의 눕방,4
197,한국이 보다더예쁜,1
198,나는 오렌지색이 왜 올드해보이지 ㅠ,2
199,둘이 연인인듯,21
200,두분이 부부죠?,2
201,내 드림카...,4
202,ʢ∩_∩ʡ乃,1
203,"배피디 솔님 고소합니다 ㅡㅡ절도죄 내맘을.멋데로 가져가냐, ㅡㅡ솔님 넘조아 인누왕",1
204,형미안  오늘  너무 늦게왔넹,3
205,차리뷰에  잡담좀..;;,1
206,음 이누나 정말 무서워,2
207,두분이친하게지내시줘?,2
208,عبدالرحمن الخالدي فرع كوريا,2
209,부부에요?,3
210,50대,1
211,바지는 안입고 왔어요?,4
212,1등,1
213,오 이,1
214,일등,3
215,Come tu việt nam,2
216,chào mn,1
217,차 너무 이쁜데... ㄷㄷㄷ 최근나온 국산차 디자인 중에 가장 잘나온듯.. 깔끔하게 균형있네.. 싸보이지 않고..,31
218,Luckily there is auto translation. This 2022 Forte looks really good. Thanks for the good review. Hopefully the right hand drive version comes soon.,2
219,엠블럼 바꾼건 정말 신의 한수야..,75
220,야간 시인성을 중요시해서 헤드램프 영상 넣어주어서 좋습니다.,30
221,정말 자세하고 유용한 리뷰네요. 감사합니다.,2
222,"기존에 타던 셀토스 어머니께 토스하고, 나오자마자 바로 계약했습니다. 솔직히 별 기대 안하고 아반떼랑 동급이다보니 괜찮을까? 싶었는데... 매장에 가보고나서 확 맘에 들더라구요 특히 트렁크 열어보고 손잡이 있는거보고 이게..? 여기서?? 싶더라구요 :) 갠적으로 엔진스타트 버튼도 셀토스랑 비교했을때 이게 더 낫더라구요",9
223,좋은 리뷰 감사합니다 혹시 되신다면 차들의 후진등도 찍어봐 주시면 감사드리겠네요 주니티비 화이팅!!!,2
224,"K3 외부,내부 디자인 정말 이쁘네요. 제취향을 제대로 저격한것 같애요ㅎㅎ 다만 궁금한게 있습니다! 가속력에 대해서 궁금한데,같은 준중형라인인 아반떼cn7같은경우엔 100km였나? 그이상은 힘겹고 특히 사람들이 타면 더 무거워서 잘 안나간다고 들었어요. 그리고 중형차지만 k5는 2.0가솔린같은 경우는 사람들 마다 다르겠지만 대게 답답함을 많이 느낀다고 들었습니다.아반떼cn7 vs k3k5 2.0가솔린 vs k3이렇게 비교했을때 비교되는 부분이 있다면 k3는 가속력 부분에서 어떤부분에서 비교되는지 또 가속력 부분에서는 대게 어떻게 느껴지는지 궁금합니다. 혹시 100km이상 밟았을때 힘겹다거나, 속도내는걸 좋아하시는 분들은 답답하다고 느끼신다거나 등등 궁금 합니다.",2
225,차량색상은 정말 이쁘네요 영상 잘 보았습니다 ^^,2
226,주니님 동영상 보고 전에 2019아반테 스포츠 구매해서 잘 타고 있습니다. 곧 아반테N이 나오니 기변할까 생각중입니다.  항상 지금처럼 객관적이고 유익한 동영상 앞으로도 수고스럽겠지만 많이 만들어주세요. 감사합니다.,2
227,"주니tv 항상 잘 보고 있네요! 울아들 2주전에 구형 구입했는데 신형과 비교하면 가격이 많이 올랐네요. 프레스티지+드라이브와이즈, uvo선택했는데 신형은 드라이브35만》95만, uvo 130》155만으로 올랐네요. 물론 오토홀드와 네비화면이 8에서 10인치로 커졌습니다.",3
228,우와 영상 잘 봤습니다! Gt.시승때는 배기음도 부탁드립니다 ㅎㅎ,2
229,K5 dl3에도 없는 2열폴딩이라니..ㄷㄷ,5
230,옛날 포르테 수준에서 내장제와 편의장비만 업그레이드 된 느낌입니다. 다만 주행소음이 중형차 수준으로 잡었으면 했는데 아쉽네요. 후면 방향등 위치는 정말 이건 아닌 것 같습니다. 스피코도 좀 별로인 듯.... 하지만 앞모습과 가격은 마음에 듭니다.(앗 송파 탄천길이네요.^^ㅋ),4
231,"기아차들의 장점은  신호대기시 정지후 출발할때  부드럽게  밝아도 엔진의 꿀렁임 없지.  단점은  크기가 작아.현대,르노삼성차에 비해서",4
232,운전중에 촬영 어떻게 한건지 궁금해요!!~~ ㅠㅠ 영상 넘 예뻐요. 차소개도 좋지만 운전 영상이 중독성있네요 ㅠㅠ,2
233,k3도 램프와 계기판이 이쁘게 변화했네요,3
234,첫차 구매하시는 젊은 분들에게는 좋은 차 같네요. 갠적으로 아반떼는 오래타면 질리는 디자인이라고 보는데 이건 그렇지도 않을거 같고.,7
235,뒷모습 개이쁘네 ㄷㄷㄷ 역대 한국차중에 제일발란스가 좋은듯,1
236,주행영상  올려주세요.  역시빠르십니다!  편집응원합니다!,5
237,야간 시인성을 중요시해서 헤드램프 영상 넣어주어서 좋습니다.,2
238,올뉴k3 차주입니다 올뉴k3 구입당시에도 리뷰하신 영상 덕분에 잘 구입하였습니다 재밌게 보고 갑니다,3
239,드디어! 2열 폴딩+ 트렁크손잡이! k5와 쏘나타 2022년형이 기대됩니다,3
240,"설명 정말 상세하게 잘하시네요~ 너무 감사해요! 이차로 사려고 하는데 트림과 옵션은 무엇으로 하면 좋을까요? 전 여성이고 30대 중반이고~ 한달에 두번 2시간 거리의 고속도로 이용하고 그외엔 주로 출퇴근용 입니다~ 10년 무사고이지만 혼자서 이리저리 잘 박고 다녀요. 돌, 철, 블럭 이런거 용~ 트림 옵션 잘 읽어봐도 무슨 차이인지 잘 모르겠어용~ 첫차를 선물로 받아서 ㅠ 신뢰가 가서 여쭈어 봅니당~",1
241,5년뒤엔 더 개쩌는차들이 많겠지아방이 열심히끌다가 바꿔야징,1
242,혹시 16인치 바퀴를 선택했을 시 장단점과 17인치 바퀴를 선택했을 때의 장단점을 얘기해주실 수 있을까요 ㅠ,3
243,역시 헤드라이트 리뷰는 이 집이 최고 맛집 ㅋㅋㅋㅋㅋㅋㅋㅋㅋㅋ,19
244,범퍼에 방향지시등 그냥 없애지 주차하면 이래저래 가장 많이 부딪히는 부위인데그냥 테일등이랑 합쳐서 깔끔하게 디자인하는게 낫지않나,1
245,올뉴에서 바뀐게 별로 없어서 아쉬우면서도 다행이네요. 올뉴 오너로서 ㅋㅋㅋㅋㅋ,4
246,123마력이면 스포티하게 밟고 다니기에 부족할까요?,5
247,야간 주행등 리뷰 정말 좋은것같습니다 주니님 리뷰보고 k3 계약합니다,2
248,"와.. 스티어링 휠, 이제까지 나온 국산차 중에서 제일 이쁘네여 ㅋㅋ 스티어링 휠은 3스포크가 제일 이쁜듯",4
249,영상 잘보았습니다기어노브 우측쪽에후방센서설정 버튼 아래에 있는 버튼은어떤기능과 관련된 건가요?,2
250,셀토스랑 내부는 정말 비슷하네요 ㅋㅋ,2
251,방향지시등 아래있는거 대부분 불호다... 그게 디자인이 아니라 안전상의 문제이기때문...,1
252,후미 방향 지시등 아쉽네요브레이크 사이에 led점등 이면 더 좋아보었을텐데,2
253,현대 아반떼 소나타 그랜저처럼 디자인 들쭉날쭉한거보다기아 k라인처럼 디테일만 손봐서 내놓는게  좋네요  첫차 산다면 아반떼 계약할거 같습니다,8
254,충분히 이쁘네요~,2
255,엠블럼 바꾼게 제일 좋다.... 성능이야 시간이가면 저절로 상향평준화 되는거고.........,1
256,디자인 잘나왔네요,4
257,"이러나저러나 프로젝션->MFR은 원가절감, 헤드램프 수동레벨링하면서 타는사람이 얼마나있다고 오토레벨링을 빼는지도 이해가 안되는 부분.",1
258,올뉴K3 핸들 엄청 무거운편인데 더뉴에서 많이 가벼워졌나요?,2
259,기존 k3는 개인적으로 그릴이 스토닉 처럼 붕어 입술 같아서 좀 별로였는데 페리되면서 진짜 멋지네요.,11
260,무난무난하면서도 멋있네요,12
261,와 ㅋㅋㅋ k3가 정말 좋아졌네요,1
262,"기다리고 있었는데, 더 뉴 K3 이쁘네요ㅎㅎㅎ",4
263,K3 의 최대단점. 시트포지션이 높고 시트가 불편함.. 이거 빼고는 CN7 아반떼보다 훨신 정숙하고 코너링도 좋음 근데 지금 페리된 K3는 소음부분은 모르겠네요.페리전  k3 1.6가솔린 운전해보고 정숙성에 깜짝 놀랬습니다.,5
264,ㅎ요즘 관심있게 보는 차 인데. 시승기 가 없어서 궁금했는데 . 잘봤습니다,2
265,둘다깡통모델로햇을때아반떼랑비교햇을때 k3가옵션  가죽시트에전동접이기본으로들어가던데 아반떼보다k3사는게더낫을가요?,2
266,로고가 기존꺼보다 훨씬 낫네요,2
267,잘봤습니다ㅎ 오르간페달이 아닌게 아쉽군요 엠비언트도 아방이는 있는데ㅜㅜ,3
268,"K3엄청 가속하고 있는데,옆에 K8여유롭게 치고나가버리네요.",10
269,엠블럼 하나로 차가 이렇게 괜찮아 보일 수 있다는~,3
270,21년형 올뉴k3 타고있는데 딱 두가지가 너무 부럽네요 10.25인치 네비에다가 오토홀드..ㅠㅠ,3
271,실내디자인도 아반떼 압승!,1
272,영상 잘봤습니다 ㅠㅠ 전 아반떼 보다 k3가 더 끌리더라고요.... 9월에 살려고 우선 존버 중 입니다 ㅠㅠ,7
273,에르메스 시트 이쁘네요~,4
274,이쁘게 잘 나온듯,5
275,실내는 마크빼고 큰 차이 없는 거 같은데 완성도 확 올라가네;;,6
276,기회가 되신다면 k3 gt 모델도 소개 부탁드립니다.,7
277,아반떼보다 나은듯,6
278,아반떼 CN7 차주로서 부러운 것 2가지1. LED  방향지시등2. 트렁크 손잡이끝,4
279,미국에서 2022년 lxs트림 운용하는데 스마트키도 없고 전동시트 미포함 헤드라이트 led부재에 통풍열선시트빠지고 그냥 개깡통인데 등취및 자동차세 포함 $24500이네요 한국은 왜이렇게 옵션이 좋죠 ㅠㅠ 뚁땅해,2
280,어제 k3 계약햇는데 기다려지네요 요거보면서 대리만족하고잇겟습니다.ㅎㅎ,3
281,개인적으로 외관 내관 아반떼가 훨씬 이쁜것같다 주행성이나 그런건 어차피 아반떼나 과학3호기나 거기서 거기일테고,1
282,솔직히 아반떼가 좀 더 나은듯,4
283,카메라 앵글각도는 신의 한수네요...,1
284,실내에 메뉴얼등이 빨강색이라 옛날 기아차 포르테 K5 느낌나서 올드해보이네요 ㅠㅠ 차라리 화이트로 하지 그럼 더 이쁠텐데,2
285,풀옵션 기준으로 아반떼cn7 이랑 k3중 어떤차를 추천하시나요???,2
286,전시차 보고 왓는데  실내등이 LED가 아니라  그건 아쉬움.,1
287,"K5는 길에서 많이 봤는데, k3는 처음봤는데.. 미친 개이쁘네.. 지금 베뉴랑 아반떼랑 보고있었는데 다 째끼고 k3 가야하나 고민되네요..",3
288,영상보고 더뉴k3시승해봤습니다. 핸들도 묵직하고 주행성도 좋더군요. 요즘 나오는 차들은 그냥 다 좋은 것 같네요 ㅎㅎ제가 suv는 베뉴 세단은 k3 중 선택할려고 하는데 급이 베뉴가 한단계 낮긴하지만 주차하기도 편하고 suv를 안타봐서 동일선상에 올렸네요.거주하는 곳에 카쉐어링으로 베뉴가 없어서 그런데 k3와 핸들감도는 어느정도 차이 날까요? 엄청 가볍나요? 8년전 경차 모닝 구매시 핸들이 너무 가벼워서 실망을 했거든요.,1
289,실내 디자인이 너무 아쉬운듯...,1
290,K3랑 제타 추천좀요,4
291,혹 외관만 바꾸었지 엔진이나 미션 바꾼것 있나요?,2
292,풀옵이라 이러지 준중형에 풀옵 사는 사람 거의 없음... 결론은 풀옵 아니면 그냥 기존이랑 별반 차이 없을듯..,1
293,"솔직히 출력은 10년전 그대로것인데 연비하나로 가기에는 차량 가격이 너무 창렬해졌음.. 결국에는 준중형 차량 라이벌이 없으니깐 깡통부터 가격인상이 두드러짐 AD 벨류플러스, K3트렌디 풀옵.. 딱 여기까지는 가성비가 좋았는데 그 이후로 올뉴아반떼,더뉴K3는 준중형의 가격을 뛰어넘었다고 생각함.. 오히려 경쟁사들 1.4T 같은 높은출력이 이제는 더 저렴하다고 느껴짐 정말 이제는 준중형 살돈이면 소형SUV 중형 세단이 저렴하다고 생각이 들정도임.. (과거에는 준중형이 가성비가 제일좋았는데..)",5
294,확실히 페이스리프트라그런지 가다듬은 느낌이네요,2
295,“아반떼 승”,4
296,후면 깜빡이가 너무 아래로 처져있는 게 별로네요.,3
297,신규앰블럼 2번째 신차7:10 아니 k5도 없는 손잡이가 있다고!? 중형급 솔직 전동 해도 될 듯한데... 물론 추가옵하던 해서....물론 세단.... suv는 전동이던데... 음...,2
298,목소리가 째지네요 ㅜㅜ,1
299,3:03가솔린 터보 엔진이라고 잘못 멘트 하셨네요 ㅠㅠㅠㅠ그래도 시승기는 만족합니다,3
300,언제나 KIN사이다 같다면서요 ㅋ,1
301,아방이 ad 오너인데요. 기변 생각중인데 크게 차이있을까요??  ivt 너무 느껴보고싶네요,1
302,기다리고 있었습니다 선댓글 후감상 잘보겠습니다~~,4
303,Cvt는 나중에 수리비가 장난이 아닌가요,4
304,9초대면 훌륭한데요저배기량 자연흡기 급에서는요 예전 140마력짜리 1.6gdi도 제로백 10초 넘었는데,4
305,2021년이다 이제 전구 깜빡이 좀 버립시다,1
306,리어 방향지시등 범퍼에 박아두지좀 말지 ㅜㅜㅜ,2
307,17년도 k3 탔었는데 오르간 폐달이었는데 바뀌었네요,2
308,아반떼 신형플랫폼 k3페이스리프트 구형 플랫폼주행시에 느껴지는 부분이 많을까요??,2
309,1. 아반떼 보다 플랫폼이 구형임에도 가격차이 거의 x2. 방향지시등 위치 불만디자인 이뻐서 사고싶은데  꺼려지네 ..,2
310,후측방모니터의 옵션은 없나요?,2
311,엠비언트 있지 않나요? 도어 손잡이 쪽에 점 형태로 있다고 하던데,2
312,아반떼는 풀체인지 때 이겨보자!,1
313,와 엠비언트 안들어가네 풀체인지 될때까지 존버인가,12
314,원래 머플러가 나와있는 타입이였는데 바뀌었네요,3
315,아반떼vs k3하면 그래도풀체인지된 아반떼가 좋겟죠?,5
316,솔직히 아반떼가 이겼다 이번엔,2
317,아반떼 cn7보다 심플하면서 균형있게 생겨서 더 예쁜 것 같아요 과하지 않으면서 멋있는?,6
318,그래도 아반떼가 한수위네요 풀체인지도 아니고 페리라..,3
319,이거보고 이번에 구매했습니당,3
320,gt도 궁금합니다~~,2
321,잘 보이지도 않는 후진등은 왜 밑에다가 자꾸 넣는지...,1
322,역시 준중형 이나 suv구나 ㅜㅜ경차라서  슬픈,1
323,이번 K3는 하이브리드 모델이 있나요??,4
324,내부가 너무 아쉬워옆동네 아반떼는 외형이 아쉬운데,1
325,방음은 어떤가요??,1
326,와우,1
327,내부 인테리어 빨간조명좀 바꾸지 십년넘게 안바꾸네요 야간운전할때 너무 눈아프던데,1
328,앞모습은 아반떼보다 예뻐요,1
329,잘봤습니다.,2
330,뒤에도 일자테일램프 해주지페리된거 보고 일자면 사서 작업할려고 했는데 무산ㅠㅠ,1
331,감사합니다!!,3
332,K3,2
333,다른 차들 앞부분 LED같은거  믿고 밤에 스텔스짓 하는 새끼들때문에 주행하다 놀란게 한두번이 아님.,1
334,방향지시등 뒤 led좀 해주지 ㅡㅡ,2
335,버튼led색상 붉은색 하나때문에 현대로 눈길이감...,1
336,Có êm như Acsen huydai không,1
337,"앞에방행지시등은이렇게잘만들었는데..뒤에방향지시등으뉴,ㅠ",2
338,HUD는 없나요 주니님?,2
339,F바디 3시리즈 엠팩 실내랑 느낌이 비슷합니다시트색상때문인가,2
340,확실히 못생긴 아반떼보다 k3가 이뻐,5
341,디자인은 솔직히 아반떼가 씹압승,1
342,오디오 테스트할때 노래제목좀 알려주세요,2
343,하이브리드를   장착하는   기술이   없는  가바?,1
344,오ㅓ 빠르다! 감사합니다,2
345,K3살껄.아쉽...,10
346,아니 실내 bmw 냐고 ㅋㅋㅋㅋㅋㅋㅋㅋㅋ  너무 햇자나 진짜 ㅋㅋㅋㅋ,2
347,추천 후 감상,2
348,내나이에도  이차 욕심나는거 이상한건가요?,2
349,"다맘에드는데 후방 방향지시등 극혐 제발 좀 위로 올려라....  제발휠만 15  ,16다운하면더좋을듯아반떼처럼 조수석 바 손잡이 없어서 너무좋음아반떼비해부족하지만 나머지는 괜춘",1
350,K5제발 손잡이....,1
351,수동차매물있어요?,1
352,04:00 비엠 5씨리즈인지 알앗다,10
353,트렌디 사도 될까요?,3
354,변속 rpm이 썩...,1
355,실내보조등이왜레드빨간색실어눈에안좋아이거만개조하면굿,1
356,이 차는 언제 칠면조에 올까요?,3
357,그래봤자 k3 ㅋ플라스틱 덩어리  바뀐게 막크게바뀐게없어ㅋㄱ,1
358,첫차후보가 생겼습니다,8
359,Chạy trên đường VN sẽ biết,1
360,어제 아반떼 계약하러 가버렷지뭐야 ㅋ,1
361,소나타 dn8 보다 재고 더 쌓이겠는데 이거;;,4
362,1:26 차 리뷰보다  먼가 빡치네    저기  주차마크   진짜인가요?저 표시가 저렇게나 많이있나 지들이 장애인도 아니고 참,1
363,0:05 k8 이다,13
364,깡통이 2425만원 컼 ㅋㅋㅋㅋ  볼가치가 없다. 걍갑니다.,2
365,사지마,1
366,韩国🇰🇷上市了吗？,1
367,오 아반떼 잘팔리겠다,3
368,"앞뒤디자인 이쁩니다,,  근데뒤 방향지시등은 왜그렇게 아래에다,  뒤로 주차하다 딱 흠나게, 차밀렸을때 뒤높은차에서 보면 방향지시등 잘보일지, 방항지시등만 아니면 이거로주문했을텐데,. 아반떼로 가야겠네요",1
369,이걸 2천중후반에 살바에 벤츠e클 중고삼,3
370,마이팔리것네,1
371,안녕하세요!!,2
372,룸미러 구식이네,2
373,산.다,1
374,"""오빠 나 달라진거 없어?""",3
375,뒤에서 받치면 접혀져 버리는 k3 위험한 자동차.,1
376,기아차는 묵직함이 장점인듯..,6
377,이전 140마력 k3와 비교하면 동력성능은 조금 어떤가요?,2
378,개인적으로 아반때 각지고 한것보다 이뻐보이는데..,6
379,아 !  예뻐 !하면서  사고싶은 1인ㅋㅋ,2
380,17인치 휠 아반떼AD 스포츠 휠이랑 매우 흡사해보이네요,6
381,1.4t삼공이 수리넣고 삼각떼 타보니 신형cvt가 물건은 물건이더라구요.현기 최신 건식dct들어간 아반떼 엔라인은 낫겠지만 일단 아니니까...수동차마냥 엑셀링하는 dct몰다...아무 생각없이 밟아도 되고 나름 빠릿한 느낌 정말 잘 구현해서 감격했네요하지만 20마력도 차이안나는데 저속 토크 차이가 많이나서인지...i30몰듯 엑셀링하면 바로 엔진이 비명지르는게 예전에 몰던 4단 미션 포르테 생각났어요. 오르먹에서 그러면 좀 안쓰러워요. 주말에 기름태우는 감성일때나 신나지 출근길에선....,2
382,세컨차로 사기에 딱 좋음 연비도 나쁘지 않음,3
383,풀체인지로 경쟁해도 아반떼 이길까 말까인데 2세대 플렛폼 가지고 경쟁하기엔 역부족.,2
384,페리 k3 gt 도 리뷰 꼭 해주세요 ㅠㅠ 아반떼 N 이랑 너무 고민됩니다!,4
385,휠이 아방스것과 모양세가 유사하네요.,1
386,주차할때 핸들이  무겁다는 말이 있던데 어떤가요?,1
387,"흉기차 보다는 ,, 예전부터 튼튼하기로 소문난 동급이라면 기아가 좋죠!.. 단,, 크루즈컨트롤이 스마트가 아니라는..ㅡ.ㅜ",3
388,센터페시아만 아반떼급이였으면 고민 많이 했을거 같은데 아쉽네용 센터페시아빼곤 상타취인듯,2
389,으아아아아아아 박기돈 편집국장님이다~!!@$!@#!@#날이 엄청 덥네요 건강 조심하세요,3
390,휠은 이쁘네요,1
391,리뷰는 이장님이지~,7
392,6:10 항상 잘 보고있습니다 타이어 225 45R 17.. ㅎㅎ,2
393,"외관은 괜찮은 편, 실내는 별로",2
394,저 k3페리 노블레스 등급인데 스마트트렁크 기능 있습니다!!  영상에는 없다고 소개하셔서요^^;,5
395,블루색 이쁘다,1
396,예쁘다,1
397,뭔가 상어처럼 생김. 휠은 옛날 아방스랑 비슷하네,1
398,2세대 플랫폼이라 힘들듯 ㅠㅠ,2
399,아반떼보다 200싸면 살까 같은가격에는 아반떼 고를거 같아요,1
400,과속 너무 위험해보인다,2
401,아반떼는 신형가면서 모양이 진짜 별로여서 k3주문한1인 ㅋ 아반떼는 AD스포츠가 갑이지요 ㅋ,14
402,좋아요,1
403,페리전이 이쁜거같음..,3
404,그냥 풀체인지갔어야지 돈을 엉뚱한곳에 쓰네,2
405,아반떼 이기긴 힘들어 보이네,2
406,저는 개인적으로 페리전모델이 더 좋습니다.. 점선 디자인이 너무 과해서 눈에 잘 안익는거 같아요;; 실내 오렌지 시트는 진짜 탐남..,1
407,아방이랑 케뜨리랑 외관은 그지 같이 해놓고 실내는 괜찮은데 디자이너가 같은 인간인가.... 어쩜 이리 못생기게 만들어 놨냐,1
408,1등? 잘보겠습니다,2
409,그냥 아반떼 사야겠다,2
410,기존 해드램프가 뭔가 밋밋해서 아쉬웠는데 확실히 페리를 하고 나니까 엄청 예뻐진 것이 느껴지더군요,2
411,2열 승차감 부분도 평가가 가능한게 되게 좋은것 같습니다,6
412,우와 진짜 개인적으로디자인 깔끔하고너무 예쁘다,7
413,"디자인도 좋고, 소비자층에 맞는 세팅도 좋은데, 경쟁차인 아반떼가 워낙 잘 나와서 아쉬운 차네요잘 보고 갑니다 =)",3
414,풀체인지된 후에도 이 색상이 있었으면 좋겠네요,2
415,뒷좌석 등받이 각도가 조절되지 않는경우엔 무릅공간 보다 등받이 각도가조금 더 중요한 거 같습니다ㅎ,4
416,디자인 넘나 맘에든다. 요새 K5나 아반떼나 너무 뾰족뾰족 강렬한 이미지가 잘 나가는데 난 좀 부담스러운 느낌 .. 더뉴K3 처럼 동글동글한 귀여운맛이 좋다.,8
417,구형플랫폼에.. 가격도 경쟁력이 없어서 아쉽습니다.연식변경때 가성비 트림이 신설될것 같습니다.,5
418,휠 패턴 이쁘다.. 시트색도 좋네요. 수납공간 2층으로 나눈것도 영리하네요. 원래 핸드폰 하나 두면 끝인데. 그릴모양도 이전꺼는 사다리꼴이 넘 넙대대했는데 괜찮아졌네요. 근데 아반떼가 워낙 잘나와서 k3만의 메리트가 있어야할듯. 실내는 막상막하이고 시트색은 더 취향인데 외관은 아반떼승. 휠은 k3승,1
419,9:44 언제나 매력적인 한상기 트렁크K5가 잘나가니 디자인 많이 따왔네요,4
420,차 리뷰중에 리뷰 제일 잘 하시는거같아요ㅎㅎ 잘 보고있습니다! 캐딜락ct4도 한상기님이 하는 리뷰를 보고싶습니다,3
421,수동트렁크가 영원 했으면 좋겠어요09:43 박력있어서 좋아요,41
422,새로 바꾼 기아로고는 언제봐도 멋지네요 이제 바뀐 로고가 점점 늘어나겠네요 영상 재밌게 잘봤습니다.,3
423,상품성 강화가 된거같긴 하지만 같은가격이라면 역시 2세대보단 3세대 플랫폼인 cn7이 더 좋아보이네요,9
424,페이프리스트 신상k3  앞범퍼가하이그러쉬에 날카로움이 돋보이네요♡,1
425,더 좋아보이네요 확실히 다음 올뉴k3가 더 기대됩니다  마지막 내연기관  k3일지도 모르니까 엄청 잘나올꺼 같아요,1
426,제가 한상기님 영상 보고 18년 말에 올뉴 K3 첫 신차로 구입헸는데 페이스리프트가 나오니 감회가 새롭네요..,2
427,꼬냑 색상 느낌의 시트가 이쁘네요^^,1
428,"리어램프 미등 적용시 일자로 쭉 이어지는 디자인인지, 실내 내부 엠비언트라이트 존재 유무가 가장 궁금했는데제일 중요하게 보고싶었던 이 두가지가 전부 빠져있네요..아얘 설명조차 누락이라 아쉽습니다...",2
429,풀옵 기준 이지만준중형이 2600 까지 가는군요..점점 차값이 비싸지는거 같네요감사히 잘 보겠습니다!남은 주말 편히 보내세요,6
430,오늘도 재밌게 잘 보겠습니다!!감사합니다️,1
431,뒷좌석 폴딩은 이제라도 넣어줘서 다행이지만 5도어 해치백에 mpi-cvt조합은 참 고집스럽게 안 넣어주는 기아네요,2
432,그런데 디자인만보면 k3가 아반떼보다 더 차분해보여서 뭔가 전형적인 노말차같은 느낌이네요. 성능도 노말 내장도 노말 디자인은 기존보다 훨씬 낫고 그리고 로고는 솔직히 예전로고보다 지금이 낫다고 생각합니다. 본드질만 잘한다면,5
433,K3 정말 맘에듬니다.꼭사고싶네요.,4
434,아쉬운게 공조장치와 내비 그리고 핸들에 화이트 LED가 아닌 레드 LED라 아쉽고 뒷태 절취선 LED가 안들어와서 아쉽다..,1
435,항상 잘 보고 있습니다 !! 전 k3는 뒷좌섯 폴딩이 안됐는데 요번 케삼이는 폴딩이 되네요 ㅎㅎ,1
436,시승기 잘보겠습니다. 감사합니다.,1
437,분명 괜찮은 차인데 저번 세대에도 그렇고 아반떼랑 비교하면 뭔가 부족하게 출시되는 거 같네요 ㅋㅋㅋ,3
438,한상기 기자님 응원하고 있는 구독자입니다. 몇가지 여쭤 보려 합니다. 1. 하체 단단함이 구형 크루즈와 비교 했을때 어떤가요?2.1.6엔진 이슈가 있는 것으로 알고 있는데 문제점이 개선 되었나요?3. 일반 모델과 gt모델 중 추천을 해 주신다면 어느쪽 이신가요?가능하시다면 댓글로 알려 주시면구매 대상으로써 큰 도움이 될 것 같습니다.,1
439,디자인 상당히 잘빠졌네. 아반떼보다 훨 낫네..ㅠ,3
440,올뉴K3가 4640으로 출시했다가 연식변경으로 4655로 길어졌다가 다시 4645로 짧아졌나보군요,3
441,테일램프 형상 보면 하단 부분에 깜빡이랑 후진등 충분히 넣을만한데 왜 빼놨는지 모르겠단말이죠 ㅋㅋㅋ,1
442,시승기 하느라 수고하십니다.,1
443,"기아는 작은차도 LED 깜빡이를 잘넣어주는것같습니다.모닝도 경차인데 전면 깜빡이 LED이고 소형 SUV인 셀토스,스포티지도 전면 깜빡이 LED구요. 이건 칭찬해줘야할점같습니다^^",15
444,아.. 결국 페리하면서 소음부분에서 원가절감 했나보네요 기존 k3 겁나 조용했는데,3
445,언제나 편안하고 듣기좋은 목소리의 멋진남자~건강하세요,1
446,와 근데 풀옵 2600....ㄷㄷ,12
447,CN7 하고 라이벌 이네요 잘봤어요 ,2
448,트렁크 천장 원가절감 ㄷㄷㄷ,2
449,"실제로보면 디자인 꽤 괜찮습니다, 다만 2세대플랫폼 (아반떼ad)를 아직까지 사용하고있는데 cn7을 잡는건 무리일듯합니다",25
450,예전엔 이정도 변경이면 우와~ 할텐데 요즘은....^^'휠은 아반떼 AD 스포츠랑 같은 종류 같아요...,1
451,근데 플랫폼 차이가 큰가요?? Cn7플랫폼이랑 현k3 플랫폼 차이를 알고싶네요,3
452,항상고생많으십니다.,27
453,아반떼와 플렛폼 완성도 차이가 크기 때문에 대폭 할인을 하지 않는 이상은 판매량 회복이 어려울 거 같습니다전통적으로 세단은 현대와 기아차에서 서스팬션 셋팅이 상반되는 데 현대는 부드러운 셋팅이고 기아는 단단한 셋팅이죠현재 몰고 다니는 아이오닉은 부드러운 셋팅인 데 이전 차 포르테 하이브리드는 단단한 셋팅이어서 체감 차이가 확 나더군요,1
454,GT모델도 리뷰 부탁드리겠습니다!!,1
455,믿고보는 성기형,2
456,1.6 디젤도 효율좋았는데 아쉽네요,2
457,K3는 참맘에드는게 센터페시아가 낮아서 공간감이 큼 대형차도 센터페시아 높은 차는 공간감 꽝인데 아반떼도 센터 개높지,2
458,AD에 비해 보강을 했다지만 아직 K3는 아반떼 신형의 플랫폼이 아닌 전세대 AD의 플랫폼을 계속 유지중이죠. 실제로 느껴지는 차이가 없을수도 있겠지만 차이가 없다면 굳이 신형 플랫폼을 만들이유가 없겠죵.,3
459,시그니처와 노블레스 시트차이가 있나요?,1
460,"지금 k3말고 구k3, 아방 둘다 운전해봤는데 뭔가 차체가 묵직하니 k3가 운전하기 더 좋던데 기분탓인가요??",5
461,"정말 궁금해서 그런데 플랫폼 차이(2,3세대)로 인해 소비자가 직접 피부로 느낄 수있는 점이 있나요?",2
462,상기형님 건강보다 영상이 우선입니다.,1
463,클러스터는 기본으로 장착인가요?아니면 옵션으로 추가해야하나요?,1
464,아반떼 대비 좋은점은 led 방향지시등 밖에 없는듯 합니다 기대했던 gt모델도 구형 1.6 터보엔진이고 이번 페리는 실망,1
465,오렌지 브라운 시트색상도 의외로 괜찮이 보이네요.,3
466,간만에 트렁크샷 진짜 사이다,3
467,방향지시등이 처음이는 왜 아래 쪽으로 옮겨서 불편하게 했을까라고 생각 했는데.. 안개 낀날 멀리서 더 잘 보이더라구요. 장단점이 있는 듯 합니다.,10
468,Cn7 비교시 승차감 차이가 많이 나나요?,2
469,아반떼 풀옵에 비해 비싸네요......아반떼랑 엔진 변속기 차이도 없고...페리모델에 플렛폼도 구세데인데다.. 실내공간도 더 작은데........왜 가격이 더 비쌀까요? ㅎㅎ 풀옵사양은 아반떼랑 비교해서 가격경쟁력이 없는듯...,1
470,이 디자인으론 아반떼는 못이기지만 가격은 의외로 싸네요ㅋㅋ,1
471,ㅋㅋㅋㅋㅋㅋ오랜만에 나오는 트렁크에 한번 웃고 영상 끝나고 헤이딜러 광고에 두번 웃고 갑니다.,5
472,나중에 k3 gt도 해주세요!,17
473,폴딩 하나는 정말좋다,1
474,K5 작은 형태의 차량 같은 느낌...,2
475,오랜만에 트렁크 닫는 걸 보니 속이 시원하네요,2
476,"1:03 기아차 LED DRL 패턴은 X자, Z자, ㄴ(니은)자, 마름모, 6포인트 중구난방 난리도 아니네요. 이제 한가지로 정해서 아이덴티티 잡고갈때도 되지않았나 합니다.",1
477,K3 내부 색상이 너무이쁘네요 단종은 안되길 바라내요 ㅎ,7
478,현 시점에서 아반떼 대신 살 만 할까요? 내부 인테리어가 2세대라 조금 고민은 되네요... 외장은 참 예쁜데 ㅠㅠ,3
479,신형아반떼 대비 나은점이 전혀 없어보이네요.. 뒤에 깜빡이 위치는 정말 최악인듯..,2
480,잘보겠습니다 감사합니다,2
481,GV70 S 사태 이후로 엠블렘 부착 상태를 보시는군요ㅎㅎ,3
482,GT 모델도 기다리겠습니다. ^,2
483,기자님은 투싼과 k5중에 뭐가 좋으세여?,1
484,솔직히 디자인은 케삼. 하지만 여러가지를 봤을때 아반떼가 나은듯.,2
485,한상기 트렁크 간만에 보네요 ㅎㅎ,1
486,어지간 하면 10km이상의 연비                                K3어지간 해도 10km이상의 연비는 안나와요                 gv70 2.5t,1
487,나중에 5도어도 해주세요!,3
488,09:43 오랜만에 보는 박력있는 한상기 트렁크,59
489,이번k3는 k3gt가 이뻐보이네여,2
490,형님 첫차사려고하는데  i30이랑 k3중에 어떤걸 추천하시나요?,1
491,"어려운 질문하나 .예산.   5천~7천 , 주로 출퇴근에 데일리, 캠핑 차박 가끔 2인부부 가족, 어떤거 사야될까요?",1
492,플랫폼 차이때문에 왠만하면 아반떼 사는게 나을 듯..,4
493,기자님의 트렁크는 너무 박력.. 혼다 신형 어코드 하이브리드도 해주십쇼....ㅠ,1
494,고속주행 안정성은 괜찮은가요?,1
495,14:04 한상기 코너 올림맛,49
496,가격이나 옵션을 빼고 봤을때 아반떼 cn7 k3어떤게 더 나을까요? cn7가 더 좋으려나요,1
497,모든 차량에 그럴진 몰라도 올뉴 케삼 타고 잇는데 3개월 지나니 시트나 차체 진동은 점점 커집니다 신차효과 사라지고 나면 ㅎㅎ 준중형은 그냥 소형급으로 보고 접근하시길 바래요 ~. 안구러면. 기변병옵니다 ...,3
498,한 : 국의 도로상 : 황에서 타기 좋은기 : 기아 K3,3
499,영상잘보고갑니다 ^^,1
500,13:33 한상기 코너 내림맛,15
501,많이 이뻐졌네요~~~,1
502,9:37 드디어 수동트렁크!!!,49
503,제가 보수적인가봐요. 지금 이 모델 실내가 구형 디자인에 최고치를 찍은거 같아 아반떼 보다 좋와 보이네요.,1
504,K3가 2600만원 ㄷㄷ,1
505,.... 항상 한상기코너만..보고.. 넘김..,1
506,9:42 케삼의 의문의1승,2
507,후미등 깜빡이 제발 위에 달아줘라.. 다른 차입장에서 너무 위험함 저거,4
508,킹상기니뮤ㅠ킹조니니뮤ㅠ,9
509,터치시 항상 가운데 손가락 이용하시는 이유가 궁금합니다.,2
510,오늘 꿀잠각입니다 트렁크 오랜만이었네요,1
511,9:42 한상기 애덤스미스,15
512,"요즘 댓글에 신형 아반떼랑 비교해서 k3가 욕을 많이 먹던데 3세대 플랫폼과 2세대 플랫폼 차이가 심하게 느껴지시나요? 저는 디자인은 k3가 마음에 드는데 댓글에는 k3를 워낙 죽일듯이 욕을해서 아반떼를 사야하나 생각드네요,, 그렇게 안좋은지 궁금하네요 ㅠㅠ",2
513,계기판 테마 4가지가 변경될 때 레드존이 나타나는데 왜 정작 테마에선 하나도 보이질 않는걸까요??ㅋㅋ..,1
514,2600이라니 와....,1
515,킹상기니뮤ㅠ,3
516,05:08 한상기 법규준수20:42 한상기 쩍벌,44
517,와 k3가 2600만원..,2
518,K3가 2600이라니...,23
519,맛있는 저녁 되세요 ㅎ,1
520,이걸 2600만원에 풀옵션을 사느니 쏘울부스터 풀옵션을 사겠다 진심,1
521,수동만 나왔으면 별 고민 안할텐데,1
522,K3가 2600? K3 타다가 이번에 모3으로 넘어가는 내가 위너다,3
523,상기형님 K3GT도 궁금합니다!!!!!!!!!!!!!!!!!!!!!!!!!!!!!!!!!!,1
524,GT도 해주세요~,1
525,기자님 gt도 해주세요 gt가 얘보다 이쁘던데,1
526,엠비언트라도 넣어줬으면..ㅋㅋㅋ,1
527,바뀐 k3gt도 올려주세요,3
528,네비게이션 기반 크루즈 보고싶었는데...,1
529,"이번 아반떼 처럼,고급차 만드는 공정이나 중소형차 만드는 공정이나 다 똑같은 공정인데, 소재 차이는 있겠지만 ....이왕 만드는거 디자인도 좀 이쁘게 만들면 어디가 덧나나??",1
530,킹상기니뮤ㅠ,20
531,내 1세대 k3도 트렁크열면 마지막에 저렇게 출렁거리는데 저건 개선 안하나보네,3
532,방향등을 싼타페랑 같이 밑에 달아놔서정체구간에서 끼어들기 들어올 때 깜빡이를 켰든 비상등을 켰든 내 바로 앞에서 끼어들면 안 보여서그냥 노깜빡이로 끼어드는 거 같이 보임,27
533,세단에 방향지시등과 후진등을 범퍼하단에 달아놓는건 진짜 극혐입니다 앞에서 후진기어 넣어도 보이지도 않고 높이자체가 낮은데 왜 세단에 저러는지..,1
534,부드럽고  잘나가드만요트렁크 한쪽 귀퉁이   그물망 좀  하나 마드는게 그리 힘든가?,2
535,제가 아직 운전 면허가 없는데 나중에 운전면허 따면 중고차던 신차던 첫차로 K3나 아반떼를 고민중인데 한상기 기자님이라면 어떤차를 추천하실건가요??,2
536,K3 GT도 시승기 찍을 계획이신가요?,1
537,이야 2시간전은 못참지,1
538,이번에도 조수석 수동 높낮이 조절은 없나 보군요,1
539,아반떼랑 차이점을 모르겠더군요,1
540,FL을 K5처럼 하지...아쉽네요.,1
541,제발 뒤에도 led로 넣어주면 안되나 앞에는 led고 뭔가 좀 일체감이 없네,2
542,쩜육이 2600만원 시대를 살고 있구나....,3
543,아반떼 K3 영상 다 봤는데 주행소음이 거의 같네요,1
544,"범퍼에있는 후면 방향지시등  정말별로입니다, 실내도 그저그렇군요, 앞쪽은 봐줄만하지만",1
545,아아늬 쏘나타도 없는 2열 폴딩이...,1
546,휠 디자인이 어디서 본 것 같은데 기분탓 이겠지...,1
547,K3 어라운드뷰 설치 가능한가요? 옵션 목록에 안보이던데,1
548,페이스리프트를해도 아반떼보다 매력이 떨어짐 판매량 바닥일 것으로 예상 됨.,2
549,2600이면 k5...풀옵이면 k7....풀옵이면 k8.....풀옵이면 제네시스 ㅋㅌㅌㅋㅋ,6
550,원터치 깜빡이 되나요?,1
551,1.6 기아레기가 2600만원씩이나 ㄷㄷㄷ,2
552,2600...조만간 3천찍을 기세네,1
553,후 2600이면 닥신형 f10...,2
554,9:44 한상기 타임,10
555,잘 보겠습니다!,1
556,안녕하세요 한상기 오토프레스님 왜 기아자동차 준중형차K3 은 LPG모델이 없나요 궁금합니다,1
557,아우디 A4랑 비슷한 크기인가?,1
558,의선이형 왜 k3를 낳고 아반떼를 또 낳으셨습니까 ㅜㅜ,4
559,이번에 나온 k3 페이스리프트랑 지금 신형 아반떼랑은 플랫폼이 그럼 다른건가요??,3
560,9:45 트렁크 왜케 세게 닫아요. ㅎㅎ잘보고 갑니다.,2
561,k3신형은 엔진소리가 왜 클까요 터보엔진이라 그렇다는데 맞나요?,2
562,우연히 클릭했는데!!! 1분전에 올리셨네요 ㅎㅎㅎ,4
563,손잡이 트렁크에 k5 유저는 웁니다..,6
564,9:43 한상기 터프~,1
565,2600이라니 너무 비싸다,2
566,상기형 항상 잘보고 있어요.저도 구독 좀 부탁드려요.,1
567,준중형세단이 2600이라니,1
568,깜빡아 ㅜㅜ  잘하고  마무리를  잘못..,2
569,솔직히 다좋은데 너무비싸....,1
570,잘 보겠습니다!,3
571,아 진짜 후면  방향지시등 벌브타입에 아래쪽 극혐..,3
572,트렁크상단 마감좀 제대로해주지.. 하다만거같잖아ㅋㅋ,2
573,도대체 깜빡이 왜 아래로 내리는걸까 ㅡㅡ,22
574,K3 아반떼 프레임 쓴 올뉴는 언제 나오냐?페이스 리프트 나오고 당분간 또 안나오겟네,2
575,아반떼 대비 살 이유를 못찾그따... 시트포지션이 조금 더 높나?,1
576,아반뗴보다 예쁘당,5
577,"09:45 그래, 이거지!",16
578,기자님은 아반떼가 더 나아요?아니면 k3가 더 나아요?의견이 궁금합니다,1
579,제발 깜빡이좀... 올려서 달아줘...,39
580,후방깜박이 잘 안보이겠네,2
581,졸비싸네.ㅋㅋ풀옵이라 비싼가 ..,1
582,가격이 좀...사악하네요,1
583,2600만원주고 이차보다 친구 소나타1.6터보 300 할인 받아 2700만원 줬어요,5
584,신차가격표 22년형 기준으로 너무 사악한데 ㅡㅡ cn7나온지 꽤 됐는데 아직 정신 못차렸네,2
585,준중형은 아반떼몰아주기 중형은 k5몰아주긴가,2
586,7:14 RTX3080 레퍼런스,13
587,너무 비싸다 2600,1
588,하이브리드를   장착하는   기술이   없는  가바?,1
589,후방 방향지시등.... 위치...어휴,2
590,18:57 스포츠모드,28
591,굳이 빠큐 손꾸락으로 누를 필요있나요...ㅎㅎ 검지로 좀 해주세요,1
592,9:38 한상기 오!,9
593,전면보다가 후면 시그널 보니 입맛이 떨어짐ㅡㅡ,1
594,09:57상남자의  po폴딩wer,26
595,대박 1분 전!!!!!!!!!!!!,1
596,잘 보겠습니다,4
597,선 따봉 후 시청,1
598,근데 앞 모양이 왜 모닝을 연상케 하는지 ㅋㅋㅋ,2
599,저는 계기판 테마 네개가 안뜨고 안바뀌는데 왜이러는걸까요?ㅠㅜ 답변주세여,1
600,2600이면 그냥 .k5 사겠다 ㅋㅋ,3
601,차가 작아서 그런가 뭘해도 안이쁘네 아반떼는 나름 이쁘던데,2
602,썸넬 저만 깨져보이나요.?,2
603,아반떼  vs  k3,1
604,9:44 얼마만에보는...,3
605,형 이제 형 영상에 광고 좀 넣어..형은 이제 그래두 돼..ㅇㅋ ? 광고넣는거 함 생각해보라구,1
606,09:43 한상기 남성미,18
607,05:08 한상기 법규준수,23
608,왜 중국 타이어 금호타이어를?,1
609,즐 KIN,1
610,방향등 왜 죄다 밑에 있노;;;,1
611,킹상기니뮤ㅠ 킹조니니뮤ㅠ 가 무슨 밈임?,2
612,안녕하세요 1분전은 못참아서 왔습니다,3
613,엠비언트가없네,1
614,K3 2600주고사는 호구없제? 저돈이면 소나타 모던트림산다ㄹㅇㅋㅋ,1
615,이거 살빠엔 최신형 아반떼를 사지!!구닥다리 구형 k3사는 호구도 분명 있긴 있지만ㅎㅎ,1
616,1등!,2
617,1등입니다,2
618,1빠,2
619,엉덩이가어색해여,1
620,실내 왜저럼,1
621,오랜만에 들어왔는데 김상영기자님 목소리도 차분해지셨고 뭔가 여유로워지셨네요.~ 듣기에 좋습니다~ 모터라인 편집부도 점점 좋아지구요~ 잘 봤습니다.. 이제 실질적으로 아반떼와 k3를 사야하는 시기가 왔는데요. 도움이 되었습니다. 감사합니다~,4
622,개인적으로 소형차에 1.6엔진이 달린게준중형 차량보다 좋은 점이 많다고 생각합니다프라이드 1.6과 K3를 비교한다면작은 차체에 같은 엔진이 달렸기 때문에세금은 동일하지만 가속감 연비 측면에서는프라이드가 조금 더 나을 것이고실내가 K3보다는 좁겠지만못견게 불편한 수준은 아니기 때문이죠,10
623,이번 페리는 페리의 정석을 보여준거같습니다 적당히 잘 다듬어서 그전에 약간 멍해보이던 인상을 날렵하게 바꾸고 확실히 k5의 동생이라는 이미지를 잘 심어준거같아요,5
624,"매번 서로 비교 대상이지만 아반때는 점점 고성능,친환경 버젼도 나오는데 k3는 아반때에 비해 없다는게 아쉽네요...",18
625,k3는 다른 분들이 말씀 하신 것처럼 다음 세대가 기대가 되네요,12
626,모델 체인지 되는 건 판매량에 따라 달라집니다. 새로운모델차량을 출시하려면 금형을 제작해야하는데 제작비가 엄청 들어간다고 합니다.  그래서 어느정도 손익분기점나올때까지는 모델체인지를 함부로 못하는겁니다. 예전에 멀모르는분들이 인기가 좋아서 모델이 안변한다고 했는데 안팔려서 함부로 모델체인지를 못하는겁니다. 아반떼경우도 만으로 5년에 한번씩 체인지 됐구요.,19
627,K3페리보디 '캔보의아버지' 김상영 기자의 페이스(벌초)리프트가 더욱 인상적이었습니다!!캔보600 산 사람들 잘 타고 있나..ㅎ,4
628,플랫폼 부터 아반떼에 밀려서 너무 아쉬움.. 세단 하면 역시 바닥에 쫙 깔리는 맛인데 K3는 그게 부족해서 아쉽..,19
629,개인적인 의견이지만 비교할때 흰색으로 비교하는게 디자인도 잘보이고 더 좋을거같아요.,7
630,기아가 확실히 디자인은 잘 뽑네요 ㅎ.ㅎ,22
631,만약 CN7아반떼와 CL3 K3와 비교라면이야기가 달라지겠네요,4
632,이러다가 K3가 독한 맘 먹고 풀체인지 하면 진짜 이쁘게 나올 거 같은데,41
633,나는 갠적으로 다른건 모르겠고 새로나온 k3디자인 이뿌던데.. 특히 흰색!아반떼는 첨에 궁둥이가 이뻐서 좋았는데 지금은 디자인이 금새질렸어요특히 삼각대같은 옆라인이..,31
634,K3 의 앞면디자인은 신형K9과같은 디자인이면 최고의 선택이 될것이다!,9
635,내후년 k3 풀체인지때 진짜 칼 갈고 잘 나올듯ㅋㅋㅋㅋㅋ 매우 기대됨,49
636,다들 페리 전면을 칭찬하던데 저도 페리전이 균형이 확실히 좋은거 같습니다.,3
637,3세대 플랫폼vs2세대 플랫폼비교대상이 아닌듯...전 케3이 이쁘긴하지만....케삼은 풀체를 기다려야...,82
638,그전 k3도 지금 신형 아반떼보다 마음에 들었는데풀체인지는 어떨런지 궁금함ㅋ,6
639,"아반테는  날렵하면서 스포티하고,K3는 전체적으로 세련되고 중후함.",1
640,제 차가 아반떼cn7 저희 엄마차가 k3페리 모델인데 외형만 나란히 놓고보면 k3가 더 예쁘더라구요 근데 실내는 개인적으로 아반떼가 훨씬 예뻐요,5
641,아반떼도 잘나왔는데 기아가 너무 디자인 잘해서ㅎㅎ 디자은 확실히 기아네,2
642,K3는 페이스리프트가 아쉽네요.K3는 풀체인지를 기다리기로 해요.,5
643,k3 리어쪽 깜빡이 위치만 위로 올려줬어도 지금보다는 많이 팔렸을텐데..왜 항상 하지말라는걸 하는걸까.. 디자인적인 요소가 안좋으면 안좋았지 더 좋은것도 없음,19
644,와 뉴k3 너무 이쁘네요 ㅠㅠ,33
645,아마 길들이기해도 엔진소리는 비슷할거 같은데요. 그냥 대충타면 되는차.,2
646,아반떼가 젊은느낌이라면 k3는 올드하지만고급스러운느낌,3
647,Cn7 하도 많이 보여서 K3 더 예쁘고 신선하네~,18
648,K3는 옵션이라도 가성비로 나와야될 거 같은데. 아니면 외장 비필러 씨필러 하이그로시재질 채용으로 차별성이라도 주던가.,1
649,K3는 마치 첫 신입사원의 아른한 눈빛같이 서글서글해 보여서 너무 슬퍼 ㅠ,54
650,디자인은 k3 압승 이긴한데….어쩔수 없음 현대 개발자들이 아반떼 타고 댕겨서 좋게 만듬,9
651,풀체인지와 페이스리프트를 비교하는게 의미가 있는지 모르겠네요..그리고 리뷰 전에 등급도 알려주세요. 뒷자석 폴딩은 최고등급만 가능한걸로 알고 있습니다. 디자인은 개인적으로 앞은 k3 뒤태는 아반떼가 나은것 같네요. 그리고 준중형급을 최고등급으로 사는 사람이 얼마나 될까요?k3는 깡통도 인조가죽에 사이드미러 전자동 접이식입니다.,6
652,K3가 이렇게 좋게 나와주면 저는 당연히 아반떼,3
653,k3는 아반떼가 좀 식상해질때 이쁘게 딱 내놓으면 히트칠수 있을듯,2
654,k3 미네랄 블루에 오렌지 브라운 시트 넣으면 진짜 이쁘던데ㅠㅠ,8
655,오늘 좁은 골목에서 마주오는 차랑 마주쳤는데..내인생 살면서 차보고 반하기는 첨이었다...무슨 포르쉐 스포츠카 같은게 뭔지는 모르겠는데..뭐 암튼 멋있고 살짝 기죽고 했는데...알고보니 k3신차더라..색깔이 검은색 아님 짙은 색이었는데...와..아직도 기억나서 검색하고 댓단다.ㄷㄷㄷ,6
656,이발하니까 이삔그~~~~,3
657,이번 아반떼 디자인은 진짜 역대급,93
658,디자인은 주관적이라 ㅎㅎ 전 k3 더 이쁘네요~,20
659,아n라인하고 gt선택하라면 무조건 gt,6
660,사람들은 아반떼가 이쁘다고 하는데 개인취향은 k3가 더 이뻐용,91
661,이거 영어 모터그래프 에서 봤던 리뷰다!,6
662,오토 홀드는 브레이크 밟는 강도에따라서 파킹브레이크 걸리는 강도도 달라지나요?,1
663,아반떼  노면소음 장난 아닌데지하주차장  나올때  바닥에  다을수 있음키큰사람은 머리쪽이 불편할수 있음,7
664,중간에 안전운전 캠페인이 다소 아쉽습니다. 오히려 이러한 캠페인이 초보운전자들을 더 압박하는 기분이 듭니다. 가다가 내비를 미처 못 보는 분들도 계시고 뒷쪽에서 부터 미처 끼어들지 못 하는 초보운전자들도 계실겁니다. 물론 실력이 되는데 고의로 이러시는 분들은 잘 못 됐지만 분명한건 다른나라에 비해 초보운전자가 운전하기 힘든 대한민국이라 생각합니다. 마음에 여유가 없는 대한민국에서는 양보하는 방향쪽의 캠페인이 어떨까 생각합니다. 부족하지만 끄적여봅니다..,3
665,비교를 하려면 동일한 도색 제품으로 했어야..,3
666,한줄요약 아반떼가 더좋음 기아는 영원한서자,14
667,아반떼는 역대급 디자인이죠,4
668,K3 구매한 사람인데아반떼가 90 k3가 10K3 사지말라고 하는 멘트는 좀 그렇네요ㅠㅠㅠㅠ속상 ㅠㅠㅠ 케삼이도 예뻐요........,6
669,남자는 아반때가 더 어울리고 여자는 케이스리가 더 잘 어울리는듯 합니다,7
670,기자님 하시는 말씀에 계속 모순이 있네요. 완벽하게 풀체인지 되었다는 아반떼인데 디자인만 바뀐 k3과 부품도 공유하고 레이아웃도 같고… 풀체인지 개념이 좀 이상해져버린 현기..,8
671,아반떼가 훨씬 좋다 플렛폼도 3세대라서 고속주행 시에도 안정적이고 마감 처리도 깔끔 k3는 아반떼가 싫은 사람용,7
672,아반떼 깜빡이  데일라이트에 led로 나왓으면 더 잘팔렷을듯,2
673,k3gt 신형도 구형파워트레인이라 디자인에 꽂힌거 아니면 아반떼 n line이 훨씬 좋음,13
674,두차종중 고민 했었는데 감사합니다 ㅎ,1
675,플랫폼차이뺴곤 k3이 더 이뻐보이긴하는데,38
676,난 k3한 표.저 디자인 오래 지나도 질리지 않을듯,4
677,아반떼..실내가 너무 사기급외부는 개인적으로 k3가 더 좋음,5
678,두차량 다 어떻게 보면 젊은사회 초년생들이 많이 타는 차인데.. 그들이 작은 배기량의 퍼포먼스를 느끼며 재미나게 탈수 있어야 하나.. 작은 엔진에 차체는 크고 무게는 나가니 언덕 만나면 빌빌빌.. 차라리 쓸데없는 옵션을 좀 빼고 터보를 장착해 줬으면...,1
679,k3 진짜 디자인 잘 뽑았다 굿 ㅋㅋ 아반떼 솔직히 오함마로 본넷한방 후려쳐서 얼굴 눌린거같네요,36
680,본인 차량에 비교해 봅니다 ,1
681,구형k3모델이 더 괜찮은건 아닌듯..,33
682,헤드라이트는 이뻣는데.......다 보고 나니 헤드라이트만 이쁜차였군..,2
683,플랫폼도 차이가 있지 않나요?,2
684,K3 초창기모델타면서 풀체기달리고있는중입니다만.. 풀체되면 하자많지않기를 기도할따름 글고 이번 케3 방향지시등 뒷범퍼 하부에서 나오는게 좀 거슬립니다,1
685,K3는 200만원 할인 계속 해야함 구형을 신형처럼 팔아먹음 k3는 깡통급사는게 이득임  옵션넣으면 넣을수록 기아차에 용돈주는 거임,6
686,난둘다 타봤는데 아반때가 디자인이 굿그리고 크기는 k3,3
687,아반떼가 그 가격대에서는 깡패 이긴함.......,1
688,K3이 더 예뻐보였는데모아놓고 비교하니 아반떼가 압도적으로 훨씬 예쁘넼ㅋㅋ,48
689,CN7 아반떼: 파격적이다.BD K3: 심플하다.,4
690,디자인 예쁘당,1
691,디자인은 K3가 이쁜데 전체적으로 보면 아반떼 승,4
692,K3하이브리드 나왔으면 좋겠댜ㅠㅠ,1
693,K3가 더 이쁜데.. 나만 그런가,74
694,"K3는 범퍼 깜빡이 후진등하고 조수석, 운전석에 있는 ㄹㅇ 개못생긴 송풍구 이 두개가 제일 욕 먹고 있던데 두개만 개선하면 아반떼 턱 밑까지 쫒아갈걸….. K3는 트렁크에 번호판이 있어서 더 좋던데….. 거의 대부분이 번호판이 트렁크에 있는걸 선호하지 요즘 현대기아가 번호판을 자꾸 범퍼로 내려서 욕 엄청 먹더라;;",4
695,K3가 훨씬 예쁘네요.,4
696,K3 내부는 아반떼랑 비교 해야지 왜 GT 랑 비교를 해 .. 가격부터 다르구만..,1
697,풀체인지 전까지는 아반떼.근데 K3 풀체인지 할때 아반떼도 할거라 결국 아반떼,2
698,k3가 훨 이쁜거 같은데…,102
699,아반떼가 훨씬 좋으니 K3 사지말라고 하네요,1
700,현기 서로 머리쓰는거지...다음 풀체는 k3확정인데 풀체k3되면k3 판매량 확늘어나겠지 뭐,9
701,K3가 더 이쁘네. 아만떼는 급에 비해 과한듯ㅋㅋ,1
702,아반테n라인 오렌지 수동 사려고 하는데... 한번사면 10년은 탈 생각인데..그냥 돈 조금 더 모아서 투싼사야하나 고민입니다..30대 중반이라..,2
703,그래도 난 fl k3가 이전모델보다 훨 예쁜데,5
704,김상영 천재,2
705,k3는 언제 플레폼 바뀌나요 ? 예정일없나..,1
706,"개인적으로 현대, 기아가 준중형은 그냥 아반떼 사고!! 중형세단은 k5사고!! 그 위는 알아서해!! 이렇게 제시하는 느낌 ㅋㅋㅋ",1
707,솔까.... 디자인 빼면 현대차인데.. 서자기아.. 요즘은 디자인차이가 너무크다.. 현대 디자인.... 역주행.... 케이 쓰리 풀체인지 하면 소나타 꼴난다ㅋㅋㅋㅋㅋㅋ,4
708,K3 너무비싸 담부턴 좀 가성비로 내자 ;;;,3
709,난 깡통살거고 그냥 차가 잘 굴러가기만 하면되지. → K3그외 아반떼,11
710,k3 옛날 모델도 그렇고 지금 구형된것도 그렇고 그릴이랑 헤드라이트 떨어져있는거 별로. 똑같은 실수 반복했쥬,1
711,2:57 제 눈에도 구형 디자인이 더 좋습니다. 제 차라서 그런 것 같아요.,2
712,아반떼는 무거워 보이는 엉덩이. 그리고 어떤 휠을 달아도 어색한 디자인때문에 별로네요,1
713,CN7 대쉬보드소재만 기존 ad정도로해주지ㅠ,1
714,내외부 옵션 공간 잘함,1
715,사람마다 보는 시각의 차이,2
716,"11:45 아반떼 전장 1,825️4,650 ",22
717,아반떼는 초기ad가 역대급이지 아반떼는 가면갈수록 폭망수준이지 이번새로나온아반떼도 어딘가 어색해,6
718,아반떼는 대체 팔려는 마음이 있는건지 궁궁하다 ...디자인측면에서..,3
719,아반떼 바닥에 깔린 디자인 개인적으로 그닥... k3는 인테리어가 완전 굿,1
720,"지금은 외관 k3 내부 아반떼 근대 k3 풀체인지나오면 외,내부 다 먹을듯",7
721,너무아반떼가 더좋다고얘기를 해서 좀듣기그레네요 중립적으로 설명하면도좋을거같아서 남김니다,4
722,다자인이 k3  압승,3
723,역시 차체는 낮아야 이쁨,3
724,앞면은 k3.. 뒷면은 아반떼..,2
725,K3는근데 하이브리드가 안나오나요??,4
726,실제로보면 k3가 훨 예쁨.실제로 보면 k3가 저정도라고? 살만한데 이런 생각듬,6
727,확실히 아반떼가 더 날럽해졌네,2
728,플렛폼에서 비교대상이 아님니다 ㅋㅋ,2
729,더이쁜거 사면 됨,9
730,아반떼 압승인데 페리랑 풀체인지 차이라해도 ㅋㅋㅋㅋㅋ 디자인적으로도 아반떼가 훨 압승 ㅋㅋㅋㅋ,20
731,아반떼 압승 k3 실물보니 꼭 안맞는 옷 입은거마냥 안 어울림 디자인 꾸겨넣은 느낌,3
732,일부러 못생기게 만드는것도 능력이다 중형차 살릴려고….,1
733,페이스리프트 하면 차값만 올라감,1
734,아예 대놓고 너무 편파적으로 k3 까네.,3
735,아반떼 앞태 에스페로 느낌,2
736,두 모델 지향점이 틀리지다만 k3신모델이 나오면 잡아먹겠지,1
737,아반떼cn7 모던 등급 1948만원 타이어 휠 15인치 룸미러 하이패스시스템 옵션 별도k3 프레스티지 등급 1958만원타이어 휠 16인치 룸미러 하이패스 시스템 포함아반떼가 9대1이라고 알고 말하세여저같으면 성능과 옵션볼때 k3 사겠어여,8
738,현대가 기아한테 유일하게 이기는 디자인 하나가 아반떼임 아반떼가 예쁘다는건 아니고..,3
739,기아 = 즐차,2
740,너무 아반떼를 미는느낌인데….,2
741,K3신형 이쁘네,3
742,비교자체가안되는데판매량부터 아반떼 압승 ㅅㄱ,12
743,구형보다 훨훨 세련되고 예쁜데....절레절레..억지는 누가 부린다?,19
744,차는 준중형   수리비는  대형,1
745,하..아반테 신형 사고싶었는데..옆라인이 심각하게  맘에 안들어...',1
746,아반데 N라인.   K3GT 둘중 결정을 못내려서 구입을 못하고있어요... 기자님은 어떤걸 구입하시겠어요?..,1
747,아반떼 cn7 디자인 별루. 역시 디자인은 기아 승.,2
748,아반떼는 모양 별로던데...,2
749,국산 준중형이 3천만원 시대를 살고있구나,13
750,아반떼급 준중형에서 1세대 플랫폼 따지기엔 유치한듯.그냥 같은 차임. 가격 디자인 보고 사셈,7
751,이영상보고 아반떼사겠습니다,2
752,미안하다 고맙다 실례했다 라는 표시로 비상등 켜는 대신 방향지시등으로 표현하라는걸 봤는디 그이유가 뭐죠???,3
753,K3 gt뒷태갑이네,4
754,K3더좋네....,1
755,기아마크 이뻐,9
756,어디 오토에서 봤던 것 같은 k3gt,76
757,K3 승아반테 납작 대가리라 어디든 밑으로 파고 들어갈듯,6
758,다른유튜버에비해 k3가 훠얼씬 안좋다하네,1
759,k3가 더이쁜데;;;일부러 k3만 까는 영상같음,9
760,아반떼 웨건 출시 좀 ㅠㅠ,2
761,앞면 k3 뒷면 아반뗴 ㅋ,3
762,gt랑 그냥k3랑 비교하는거 자체가 그냥 노답인듯 ㅎ,1
763,아반떼가 너무이쁘게나왓어..,4
764,요약: 18:13  <---------------------------------------------------------------------------------------시간 아까우신분,46
765,둘중에고를라면 난아반떼하겠따~ 머둘다사지는않겠지만~,1
766,풀옵션이면 아반떼겠지만,2
767,아벤떼가 훨씬 이픔,2
768,너무 편파비교하신다 k3 차주분등 민망하게 ㅠ,3
769,현대차 헤드라이프 할로겐  극혐  LED도 아니고  소비자 전가 부담,2
770,"K3는  실패작읻  듯 해요 옛날 포르테와 같은 차  같아요. 포르테 4차 페이스리프트 차량같아요. 요즘 기아차가 현대차보다   잘 나가는데, 그 K3는 반대 같아요. 폴쿱오너입장에서  생각에서요.ㅠㅠ",4
771,12:25 바퀴는 가만히 있는데 왜 앞으로가냐,4
772,실내가 장난감 프라스틱인디,1
773,디자인은 아반떼승?,1
774,K3 뭔가 응애..나 아기 k3 하고있는거 같아..,1
775,아반떼란 이름 자체가 마음에 안들어서 k3,1
776,기아는 엠블럼이 왤케 없어보이나...,4
777,k3 lde빼고 이쁜게 하나 없음 내부는 아반떼가 압승 외부도 아반떼가 더 이쁨 생각차이 이기는 한데 아반떼가 전체적으로 더 이쁨,1
778,뭘 K3를 사지말래 너무 만족해서 페리시그니쳐로 샀구만 어처구니가 없네,10
779,k3 너무 구리다...아반떼와 경쟁이 안되겠다.,5
780,뭐가 어색하다...뭐뭐 같다...이런 멘트는.....,1
781,k3는 기아가 버린 자식임..,2
782,페리한지 얼마나 됫다고 벌써 바꾸노..,2
783,k3 디자인 왜 저래 ㅋㅋㅋㅋㅋㅋㅋ,2
784,둘다 개구려 ㅋㅋ,1
785,메기가 지금이야 당분간 신차 플랫폼빨일뿐 첨엔 디자인에 혹했는데 시간이 흐르고 보니 질리고역시나 못생김,1
786,답정너 네여  아반떼 편파 방송 ~~,4
787,아니 근데 진짜 아방이가 이뻐? 난 진짜 아닌거같아 ad가 젤이뻣고 가면갈수록 난좀 그래..,1
788,아반떼 승엠비언트 라이트 때문에,3
789,18:10,3
790,당근  현대 아반떼지. 물어볼 가치도 없음,7
791,k3신형 엉망이고만,1
792,애도 억지다.. 솔직히 디자인 지금 나온게 낫지 무슨... 대도않은.. 차 모양하고 디자인 더 구형 잘어울린다... 극히 주관적인 소감이고... 사실이라고 본다면 디자인 감이 없는거고 ... 디자인 후방디자인 선형자체는 그냥엠디이후론 대부분 비슷재탕인대... 무슨 얼어죽을.... . 문짝에 선그면.. 디자인 형태가 변하는건가... . 케이3 선글라스 케이스 있으므로 케이3신형이 낫다고본다 아반떼 없다...3세대 플랫폼 머하냐.. 무게 너무가볍고.. 문짝 팅팅 쇠판팅기는 소리 나는데... . 실제타봤지만... 솔직히... 별로에요... . 무게도 너무 가볍고 프라스틱 사구려... 문짝에 너무 사구려.. 피부 감촉도 별롭니다.. .,13
793,삼각대는 어디갓노?,2
794,ㅋㅋㅋ 케쓰 안좋다고만 ㅈㄴ하네 ㅋㅋ 그럴거면 유튜브 왜 하세요 ㅋㅋ,4
795,ㅎㅇ,1
796,본넷쇼바좀 달라주지 얼마나 한다고,1
