,comments,likes
0,스펙트라 첫차 였습니다... 신호대기중 출발 하면 1등... 고속도로 에서 왠만한차 전부 추월 했습니다..운전하기 편했던 차로 기억 합니다.,4
1,저희네 첫차는 2006년식 아반떼^^13년타고 팔아서 지금은 그렌저lg 2016 타고다닙니다요,4
2,반갑습니다. 저도 2001년식 타고 있어요~아버지께서 물려주셔서 잘 타고 다닙니다. 스포츠카 타는 느낌이라는 말 동의합니다. 차체가 낮아서 승차감도 괜찮구요 ㅎㅎ 이제 막 십만키로 탔는데 한 십년은 더 탈수 있을 듯합니다.,3
3,차분하고 조리있는설명 인상깊네요~^^,2
4,02년식jr을 휠도바꾸고 이것저것 하면서14년까지 탔는데 소음.브레이크.출력 전부 답답하고 부족하다 생각했는데 좋게 리뷰해주셨네요.잘보고갑니다~~,2
5,기아 엘란 때문에 로터스와 계약을 기아가 맺었다고 합니다 그래서 스펙트라의 바디를 로터스에서 제작 했다고 하네요,2
6,대전... 홍도육교지나가셨군요...ㅋㅋㅋ 지금은 공사중인... 저도 스펙트라 첫차였고 좋은 차입니다.전 수동^^ 수동은 좀 치고 나가는 맛은 좋습니다 차가 가벼워서,6
7,"03년식 스펙트라 골드 타고있는데, 아직까진 좋습니다. 승차감도 2~3년전에 나온 경차랑 비슷하고요.",1
8,등속을 정품으로 갈았는데  핸들링이 엄청 부드러워요,1
9,https://m.bobaedream.co.kr/board/bbs_view/best/36164믿을 수 없지만 나라에서 인정했으니~~공식적으로 199km를 한 손으로 여유롭게 운전할수있는 차...,1
10,오토 사고5번 내고도 고쳐서 타고 있어요 고속도로에서 160km이상은 안나오네요 오르막에서 힘 무지 딸리네요 타이밍벨트 교환 유의하세요 한번 끊어먹어 수리비 70만인가 나왔네요,2
11,제 첫차 스펙트라 수동 지금타는차입니다ㅋㅋㅋㅋㅋㅋㅋ,3
12,저의 첫차!!^^,5
13,난 프린스 에이스 첯차~~ㅎㅎㅎ,4
14,제가 타는 차입니다!!ㅋㅋ,1
15,코너링 죽여요 고성능도 아닌것이 구조적으로 원체 낮아서 시속 50정도로 코너 말이들어가면 뒷바퀴 다 들어올때 끼익하면서 밖으로 나갔다가 들어와요그냥 하는 말 아니구요 코너링 진짜죽입니다  아반때hd  탈때는고속도로 ic로 인 아윗할때30이상 으로 진행하면 그냥 전체가 밖으로 밀려납니다 펙트라 진짜죽이구요연식대비 옵션도 죽여요01년식 인가요?  그 연식에 1.5인데 귀 접히고 열선 앞  좌우 되고 편의공간 컴펙트하게 전개되있구요 아고 그게 다네요::근대 저시대때 귀접히고 열선들서오는건ㅈ2.0~  였던걸로 기억나요 하튼 코너링과 디자인 끝장남,6
16,2000년식 Mr아주잘타고있어요,1
17,모트라인에 이 차 나왔음 좋겠네요 ㅋㅋㅋ,5
18,첫차 운전연습용으로 6개월째 끌고다니고있어요.시내주행 80프로 다닐만하고 고속도로는 불편해요.,1
19,저의첫차 스펙트라 오토,4
20,아빠가 말하길 세피아1을 큰아버지한테 받아서 탔는데 2005년 후반되니까 시동이 자꾸 꺼지더라(수동이였음) 그러다가 어느날에 퇴근하다가 강남대로 사거리 한가운데에서 차가 퍼져버렸..그래서 키잡고 계속 돌리면서 어떻게어떻게 렉카까지 부르고 첫차를 보내고 중고차시장에서 갓 30000키로채운 스펙트라를 업어오셨단다(1500씨씨 오토) 그 쪼꼬만거를 15만이나 타는데 10만 넘어가니 계속 애가 아프더라..(고치다가 300날림) 결국에 지하주차장에서 나가다가 시동꺼지고 퍼져버려서 잘 보내주고(난 그날 우리차 죽는다며 엄청 울음)(tmi:아빠도 폐차장에 보내주고 울었다함) 로체를 업어왔다 카더라,1
21,쎄라토 에게자리를 물려주고역사속으로 들어가버린안타까운 세단ㅠ뉴스펙트라가 트렁크 비상탈출구를 삭제한 이유는?원가절감!~ㅠ페리후 딱! 1년 팔아먹구쎄라토가 후임 차량!~ㅋ,2
22,지금으로 치면 k3 정돈 됩니다,2
23,어버이날 선물 준비하셨나요??,43
24,미국에서 텔루라이드 탑니다! 대만족입니다 . 예전엔 도요타 혼다 등 일본 차들이 미국에서 이미지가 좋았지만 요즘은 기아 차가 핫해요!,45
25,"페리전 모델 실제로 타봤는데, 특히 팰리세이드 실내가 정말 별로였는데 그거보단 훨씬 좋아보였고, suv를 좋아하는 사람이라면 특성상 좋아할만한 구석이 많아서 이거 한국 출시되면 gv70,80 판매량에도 약간은 영향이 있겠다 싶을정도로 마음에 들었어요",17
26,와.. 우파님은 정말 대단하시네요...ㄷㄷ,6
27,저 호박등이 진짜 매력적임….국내에서는 장착 불가한 부분이지만…..,1
28,개인적으론 현대 펠리 전면 디자인 보다 기아 텔루가 더 괜찮음그리고 진짜 현기 노조는 씨바 아주 상전이네ㅋㅋㅋㅋㅋ,11
29,텔루라이드 올블랙으로 튜닝하거나 에디션 나오면 ㅈㄴ멋질듯...,1
30,모하비 2세대가 나오면 멋지고 크기도  커지면서 텔룰보다 인기가 더 많을 거 같네요.,1
31,15년식 쏘렌토 타는데 애들이 커감에 따라 대형SUV를 사려고 생각중입니다 그치만 펠리세이드는 아무리봐도 너무 못 생겼고 모하비는 승차감 적응이안될것같고 디자인 가성비 다 따져도 텔루라이드가 딱인데 제발 국내출시됐음좋겠네요,19
32,제가 사는 대구 북구 도남동쪽에서 4월 24일에 텔루라이드 페이스리프트 된 흰색 차량 봤습니다. 처음에는 미국모터쇼에서 공개된지 몇일 안됐는데 국내에서 보니 국내 출시도 되는건가 싶더군요. 국내 출시 되면 사고 싶은 모델이네요. 현재 쏘렌토 하브 계약 중이라서 텔루라이드로 재계약하고 싶네요..ㅎㅎ,18
33,우리나라 나오면 좋겠네요 ~~,4
34,모하비 후속으로 텔루라이드 나오면 엔진을 3.0디젤로 나오면100%나는 산다,2
35,우와 최고다 ㅠㅠ 느므 이쁘네 저게 suv 디자인이지 ㅠㅠ,1
36,헐 텔루라이드 국내출시되길 기다렸는데 !,1
37,디자인은 진짜 좋네요,11
38,멋진 최신 디자인 가운데 튀어나온 기어봉이 영 어색하네요...전자식이나 버튼식이면 좋을텐데,4
39,사지도 않을껀데 내가왜 고민되죠!?!?!? 둘다 이뻐요,2
40,부모님두분다 돌아가셨네요ㅠㅠ어머님은5년전아버님은 3월에...다들 부모님께 화이팅입다.어차피 제 능력으론 저 차 못사겠지만요^^*,11
41,레이가 페이스리프트 되서 출시된다던데미니 텔루라이즈로 나올 가능성이 있음..얼마전에 가림막으로 공개되었죠..,1
42,요즘 형의진심이느껴진다...화이팅입니다,1
43,텔루라이드 너무 좋게 만든거같은데..ㅠ 모하비 없어지면 쓸쓸할듯...,5
44,이렇게나 기대감이 큰데 국내에 출시를 못한다는게 함정...,6
45,"스포티지, k8,텔룰라이드 에 들어가는 긴 일자형 디스플레이 하나로 기아가 현대 제대로 한방먹였지.저거 기획한 사람은 특진시켜야한다.",1
46,우아~ 모하비 같다 훨 좋다,2
47,우리나라에서 주차하기 빡세겟다 크기가 ㅎㄷㄷ,7
48,(기아)더뉴 텔루라이드 멋있다.(기아)더뉴 텔루라이드/(기아)모하비 더마스터(기아)더뉴 텔루라이드 (앞)전면부 멋짐.(컬러:오로라블랙 펄)블랙실내도 멋짐.,1
49,모하비 없애면 텔루라이드 로 채우면 좋으련만 그놈의 노조 땜시 ㅜㅜ ev9으로 채울려나 모르겠지만 디자인 너무 좋네요 ,15
50,국내엔 모하비플랫폼으로 군용차가 납품되기에 당분간 단종은 안될꺼 같으니 한편으론 쫌 아쉽네요ㅎ,1
51,번창하세요!!!!!!,3
52,사고싶당ㅠㅠㅋㅋ,1
53,텔룰라이드가 곡선 위주의 부드러운 디자인이었다면 페이스리프트는 모하비의 모티브를 많이 가미했네. 오리지널 모델이 더 낫다.,10
54,텔루라이드 나왔으면 살사람많았을건디 에스컬로만족할란다,1
55,우파님! 신차 차량 속보가 나왔습니다.바로! 2023 (기아SK3)더뉴쏘울 입니다.2023 (기아SK3)더뉴쏘울 예쁘긴하죠.(기아)더뉴 텔루라이드/(기아)더뉴쏘울2대차량도 같이 국내 출시할까?,1
56,왜 저는 이전 모델 외관이 더 예쁘죠 ㅋㅋㅋㅋ,2
57,환골탈테 모하비 만세!!!!!난 그래도 모하비가 너무 좋다~^^,2
58,텔루라이드 궁금 합니다~^^,2
59,저도 얼마 전에 텔룰라이드 페이스리프트 버전 지나가는거 봤네요.,2
60,노조때문에 텔루라이드는 국내 출시 절대 안되는게 아쉽네요,4
61,와 엄청 이뻐져서 국내 출시하는건가요!!!,1
62,그런데 저런 차들은 제보를 받고 가서 촬영을 하시나요? 아니면 현대기아차의 관계자로 부터 제공받나요?,1
63,펠리보다는 텔루가 승리다!!,3
64,기아텔루라이드멋있네요,1
65,소비자 입장에선 선택지가 많아지면 좋죠,1
66,진작에 이걸 출시했어야,2
67,전면부 하단이랑 휠은스포티지 그래비티 모델이랑 비슷하네요,2
68,오우... 멋지당,1
69,3주전인가 해운대에서도 텔룰라이드봤어요. 주차장아니고 공도에서,1
70,텔루라이드 이제 넘 옛날 디자인인데…,1
71,그릴이 좀 허전해서 아쉽네요,4
72,이미 윤순님이 먼저 리뷰한 모하비 ㅎㅎ,1
73,이게 뭐얔ㅋㅋㅋㅋㅋ 모하비 계속 생산해라...ㅋㅋㅋ,3
74,폭스바겐 eos도 리뷰해주세요,1
75,저거 사야겠네요,2
76,내눈에 전 로그가 지금 로그 보다  이뻐보이는데,1
77,노조행님들이 있는 이상 이 차가 출시가 가능할까,2
78,이 차 한국출시 된건가요?,1
79,이전 모양이 더 낫다는 1인,1
80,기아는 마크만 좀 어케  잘했어도..,1
81,우파님...2분23초에 팰리세이드 하이브리드는 미래의 빅피처 큰그림 티저...?,1
82,디자인 너무 예쁜데 그릴이 왜저래,1
83,도대체 한국에 왜 안나와ㅠ,4
84,한국에는 왜 ㅠㅠㅠ 팔아줘,3
85,이게 정말 이쁜데 국내출시 왜 안하지,5
86,텔루가 팰리보다 훨씬 이쁘네국내 출시 학정이네텔루 옆에 서면 팰리 오징어,1
87,근데  차주분 동의하에 리뷰를 하시는건가요?,1
88,텔루라이드가 이렇게 큰차였나요??,2
89,펠리세이드보다 훨씬이쁘다,5
90,쏘렌토 페이스리프트 프런트디자인이 텔룰라이드 페이스리프트 이전 프런트디자인과 비슷하게해서 나옵니다 리어디자인도 비슷하게 나옵니다,2
91,모하비 업그레이드 버전,1
92,아빠차 -> 삼촌차 로 변신완료!,1
93,디자인은 호불호라지만 저는 전면부 디자인은 좀..별루네요,1
94,국내 출시 안하나... 쏘렌토 건너뛰고 사고싶은데,1
95,앞면이 둘리에 나오는 마이콜 닮았어요,1
96,그놈의 노조를 때려잡아야함.,2
97,모하비를왜단종합니까신개발안하고영원히해먹을수있는데 알수가없네지금까지버티다,1
98,영상에 팰리세이드 하이브리드?? 안나온다고 하던데 뭐가 진실인가요;,1
99,아 한국 출시한다는줄,5
100,미쳤다,1
101,신차 탐지견  있으신듯,1
102,현기차전차종뼈대공유하면좋을땐대,1
103,국내 출시 안하는것좀 리뷰하지마세요 좀 헷갈리게,10
104,앞에 그릴부분이 뭔가 듬성듬성 된거 같아서 아쉽네요,1
105,아 기아 마크를 그릴말고 그릴위로 올렸으면 안되나... ㅠ,1
106,뻥태기형이 5일 먼저 올렸네 같은 위치에서 ㅋㅋㅋㅋㅋㅋ 형 그나저나 커뮤에 올렸던 브롱코 시승기는 갑질회사차라 ㄴ ㄴ?,1
107,"난 진짜 텔루 디자인 별론데, 왜 텔루하는지 오늘도  이해안됨!",1
108,라바에서 나오는 쇠똥구리 캐릭터네요.ㅜ전 모델이 더 신형 같음.,1
109,아니 미틴 차는 나오지도 않는데 신차만 오지게 뽑아내고 있네,2
110,굿,1
111,팰리가 훨 이쁘네,1
112,형 어린이날 선물로 나 이거사줘,1
113,앞 하단 은색그릴 때문에 차를 병신 만들어 버렸네 ㅋ라이트 는 나쁘지 않아 기어봉   전자식으로 작게 만들고 뒤 은색은 그냥  바디랑 같은 색으로똥꼬 듀얼로 해,1
114,그래서 출시하나요ㅡㅡ?,1
115,디자인 별로인데....모하비 하위 트림 느낌,2
116,오랜만에 보는데.. 저 티는 아직도 입고 있으시네요,1
117,오히려 마이너 디자인... 이전 디자인만 못합니다...!!!!️️️앞범퍼.. 뒤범퍼.. 아주 촌스럽습니다....!!!!,3
118,흥!,1
119,02:23 펠리세이드 하이브리드가 어딨냐!!!!! 팰리세이드 캘리그라피겠자 ㅋㅋㅋㅋㅋ 제발 피디들 공부좀 하자!!!!!,1
120,"왠 노조??기아는 예초부터 텔룰라이드국내 판매할 계획이 없었음모하비 k3 단종후PBV,픽업트럭 생산예정EV9은 소하리 생산 예정",4
121,ㅋㅋㅋㅋ 탈룰라 생각나네 이름이,1
122,이차 프런트도어 금형 품질&개발 담당 한지가 언제인지...그만좀 울궈먹자...그만해...이러다 다죽어...ㅋㅋㅋ,1
123,8:45 저번에 누기 하회탈이라고 했냐.... 계속 볼때마다...떠오르잖나....,1
124,텔루 디자인이 별로..,2
125,타보지는 못하나요? 왜 겉에만 설명하는지..,1
126,도우너같다,1
127,뒷태는  x7,1
128,그림의떡,1
129,해외자동차,1
130,텔룰라가 좋아? 별로 안예쁜데... 호불호 갈리는 디자인인가?,2
131,와 지리넹,1
132,돌출입 에디션,2
133,모하비보다훨씬별로네,1
134,아 이쁘다,1
135,팰리세이드  장갑두른 삼엽충 같은데,1
136,1등!! 한국 출시 하는건가요!?,1
137,비슷하노 모아비랑별차이 업는거 같네,1
138,텔룰라이드 앞모습보다가 팰리세이드 앞모습 보니 ㄷㄷㄷ.......,1
139,05:56 진짜 쏘렌토 인테리어는 극혐..,1
140,못생겻는데. 모하비가 더이쁨,2
141,어?? 텔루라이드????,1
142,텔'루'라이드 텔'루'라이드 텔'루'라이드,1
143,전이남.마이너..,1
144,우와 멋있네요,1
145,외국에서 다팔고 남는거 출시하는건가?ㅎㅎㅎ자국민을 위해 국내 출시가 먼저였어야지 그놈의 노조가 뭐라고 앉아서 떠드는시끼들인데..암튼 자국민을 우선순위로 하지 않는 기업껀 관심읍다잉돈있어도 저거 사주느니 트래버스 갈꺼같음,2
146,텔룰라이드 -> 텔루라이드조금더더 -> 조금더훨씬더더 -> 훨씬더,1
147,팰리=텔루라이드모하비 윗급입니다.,1
148,1등!,1
149,당연히 모하비지 펠리=텔루인데,4
150,2등,1
151,2,1
152,Wait?? it's now Available to buy in Korea or is this just an import?,1
153,"저렇게 창문과 함께 열리는 트렁크는 다름아닌 해치라고 부릅니다. 해치백할 때 그 해치요. 사실상 넓은 의미에서의 해치백은 해치 도어를 가진 모든 차량을 의미하기도 합니다.지금은 쬐끔은 나아졌지만 저 당시 정서는 해치백은 격식을 안 차린 차 수준의 부정적인 정서가 많아서, 또 미국의 영향인지 3박스 세단을 선호하는 경향이 있어서 당시 국산 소/준중형 해치백들은 대다수가 세단과 비슷한 형식에 트렁크만 해치 방식인 테라스 해치백 (일명 세미 노치백) 형식으로 나왔습니다. 예외로 라노스 로미오/줄리엣, 누비라D5 (솔직히 누비라D5는 세미노치백인지 해치백인지 쪼금 애매하지만, 범퍼 길이를 보면 정통 해치백임을 알 수 있습니다.), 라세티 해치백 등 대우에서 생산한 차량들은 개발 과정에서 영국 물을 많이 먹어서 그런지 (2001년 매각할 때까지 대우가 가지고 있던 영국의 워딩 연구소의 영향으로 보임) 정통 해치백의 모습을 띠고 있죠.스펙트라윙/슈마 외에도 베르나 5도어/구형 베르나 스포티 (베르나MC 스포티는 정통 해치백), 아반떼XD 스포츠/레이싱, 액센트 유로/프로 액센트 정도가 테라스 해치백이라고 부를 수 있습니다.티뷰론/티뷰론 터뷸런스, 투스카니는 쿠페이면서 해치 도어를 채택한 모양이라고 볼 수 있습니다. 티뷰론과 티뷰론 터뷸런스는 아마도 당시 기술의 문제로 창문과 트렁크 라인이 조금이라도 더 유선형으로 떨어지게 하려면 해치 도어를 채택했어야 했기 때문이 아닌가 예상해보고요 (기반 섀시가 구아방 세단), 투스카니는 티뷰론/티뷰론 터뷸런스의 맥락을 잇는다는 점과 (이 때쯤 기술이면 트렁크를 세단처럼 열리게 하면서도 쿠페 라인 구현이 가능했을 겁니다.) 아예 기반 섀시가 테라스 해치백 차량인 아반떼XD 스포츠/레이싱이기 때문에 자연스럽게 해치 도어가 적용된 것으로 보입니다.여담으로, 제네시스 쿠페는 쿠페임에도 기반 섀시가 제네시스라서 그런진 몰라도, 의외로 트렁크가 유리까지 열리진 않습니다. 세단처럼 유리 뒤쪽만 열려요.",5
154,"재밌있는 설명으로 잘보고 있어요,,^^",2
155,뒷 부분이 닷지 차저 구형 닮은것 같네요ㅎㅎ,3
156,슈마가 먼저입니다.윙 당대 가장 세련됐던 차지금보니 ㅎㅎㅎ,1
157,이차는 처음 보는 차량인거같네요....ㅎㅎ 거의 전멸했다시피 안보이더라구요..ㅎㅎ,3
158,차 외간에있는마크하고 앤진 마크가 왜다르죠?,3
159,오 스펙트라! 오랜만에 보내요ㅎㅎ,3
160,아! 일단 올리고 제목을 수정하시나 보네요. 저런 트렁크는 그때도 되게 특이했죠. 포니도 저런 타입이었다고 하는데 제가 포니는 몰라서...,3
161,스팩트라윙 이름이 신기해요,3
162,스팅어의 조상이다....,2
163,기아로고가 저 상태에서 바뀐이유는 BMW로고와 너무비슷해서 BMW측에서 고소를해서 이겼기 때문에 결국엔 저 로고를 쓰지못하게 된거죠 난 저게더 이쁜데.,2
164,스펙트라윙 굿,3
165,아까 시동걸때 그소리는 시동모터 나갔어요. 갈면 정상이고요,4
166,저희 아는이모차 스펙트라윙이였는데 타본적 몇번 있거든요 ㅋㅋㅋ,1
167,버스도 수출이 나가나요?,3
168,이 기아 엠블럼이 BMW랑 배껴서 만들었다는데......!!!!!!!!!,3
169,저 혼다어코드 수출 가능한가요?,3
170,이거 우리 아빠차였는데..,3
171,스펙트라->스페액트라아,4
172,스펙트라 제가싫어하는 차네요,3
173,Looks like Kia Shuma,3
174,wowthis car for ahmed gashgash form benghazi ibya i know him its my friend,5
175,스펙트라 우리학교 1반 선생님차,3
176,0:01 잘보면 올뉴아반떼 린번있음,1
177,울 고모차 전차 지금은 제네시스,3
178,안녕하세요혹시 편집자 구하시나요???도와드리고 싶습니다.돈은 받지 안겠습니다.프로그램은 에프터이펙트 프리미어프로 사용합니다감사합니다,2
179,제가중고차수출박준규님영상처음본영상이아토즈영상,3
180,14:29 뿡~방귀소리,3
181,4등!!,3
182,준규형님!  옆쪽에 CJ대한통운택배차 리뷰해주세요!!  그리고 도색바꾸는 비용도요!!,6
183,이차 진짜 오랜만에 본다..,3
184,항상 재미난 리뷰 감사 합니다,1
185,패스트백이라는 타입이죠. 슈마의 페이스 리프트 버전이 스팩트라윙입니다. 세피아2의 페이스 리프트가 스팩트라죠.,1
186,"뭔가 재밋음 말로만 듣던 중동 수출 현장 보는것도 재밋고요 , '구독자가 요즘 늘어요' 듣고 댓글담",1
187,오늘은 1센트를 득템 ㅋㅋㅋㅋㅋ,2
188,저 포르테도 키로수가 많아서 들어왔겠죠?!,5
189,세탁기ㅋㅋ,2
190,엇! 스펙트라윙 저희아빠 첫차인데 새차로샀었데요!2~3년쯤 전에폐차했지만....,1
191,"난 왜 상용차나, 버스.트럭.리뷰안해주는지모르겟다.",1
192,준규형님  cj대한통운  택배탑차찍어 주시면 감사하겠습니다,1
193,우리아빠 옛날차......,2
194,골드이면 최상인데,3
195,스펙트라윙 = 슈마,1
196,저 빨간 포르테 얼마인가요?,1
197,뒷모습이 예전에 슈마라는 차량과 비슷,1
198,스펙트라발음이햇갈림,3
199,썸네일 빨간색 차이름 머에요??,1
200,윙이 있엇 윙~하고 날수있구나~(?),1
201,이미 6000명인데요? 4월기준,1
202,뒷유리가 승천하는것처럼 되있는 패스트백 차량들은 좀만타도 뒷유리에서 잡소리가 생기더군요 17000km탄 스팅어에서도 잡소리가 많이 나요ㅠ,1
203,ㅋ,1
