,comments,likes
0,유투브에서 봤던 큐브 리뷰 중에 제일 좋네요~ 3세대 오너 인데 잘 봤어요~ 단점도 있지만 분명 매력적인 차량 입니다~ ^^,2
1,혹시 보험료가 외제차로 빠져서 비싸나요?차가 너무 예뻐서 바꿀까 고민중인데욤^^,2
2,좋은정보네요 혹시 부품은 구하기 쉬운가요?,2
3,닛산 큐브 친구가 처음으로 탔던 차량 ㅋㅋㅋㅋㅋ 우핸들이라 너무 불편했어욬ㅋㅋㅋㅋ 그리고 1년만에 레이 타다 또 1년만에 cla 이렇게 넘어가더라구요! 저 또한 5gt 가솔린 오나 로써 쌀롱님 영상 기달립니다 ㅎㅎ 쥐티도 많이 올려주세요!,2
4,이거 너무 연식이ㅜ오래되서 중고차 탈만할까요?  수리비가 더드는거 아닐가 망설여지네요  ...ㅎㅎ,2
5,수리비가 얼마나비싸나요 현대차 소나타비해,2
6,이렇게 작았는데 모터그래프 이렇게 까지나 커졌구낭 멋있당,2
7,쥬크가 상당히 독특하게 생겼네요. 설치류 같이 생겼어요. 마치 돌연변이 들쥐 같은 느낌입니다.,1
8,예쁘고 잘나가고 ..  가격이 조금아쉽,1
9,모터그래프의 신석기 시절 영상이네요. 주크는 가격대비 별로네요.ㅎ,1
10,제가 쥬크를 타는데요..주행해보면정말 잘 만들었다는 느낌이 듭니다..옵션은 깡통수준이지만 자동차로서 기본기는 확실한거 같습니다..pm3비교 하시는분 있는데ㅋ 같은 뼈대지만 성격이 완전 다른 찹니다...,8
11,이건.. 모터그래프 단칸방시절?..이랫던 시절이 있꾸나...,2
12,ㅋㅋㅋㅋㅋㅋ 차 ㄹㅇ 개웃기게생김 ㅋㅋㅋㄱㅋㅋ,5
13,도대체 뭐로 찍었길래 저렇게 울렁거릴까요..,2
14,김한용씨가 차를 직접 만드시지,3
15,뭐라해도 흉기보다 낫다,6
16,카메라 녹화한거 멀미할꺼 같아요....ㅠㅠ,3
17,탑기어 해먼드가 경악하는거 보고 알게됬지만 디자인은 봐도봐도 경악이다..,1
18,외관 디자인이 좀 그러네요,1
19,차 진짜 개얄밉게 생겼네 ㅋㅋㅋㅋ,2
20,다시보니 선녀,1
21,즣더구나?그렇더나?,1
22,사실.. 저차를 보면서 느끼는거지만.. qm3를 사는게 낫다고 봅니다. 아니면 올뉴쏘우..아이건좀 아닌거 같네요 ,2
23,"닛산 알티마 하체 리뷰 1,2를 두세번씩 돌려보면서 참 감탄을 많이 했습니다. 전체적으로 봤을때 일체형 서브프레임과 차체 보강 형상을 보면 노사장님이 말한대로 처음부터 다 계산하고 설계한 것처럼 보이지만 엔진 마운트 중 서스펜션 마운트쪽에서 잡고 있는 형상과 후륜 인테그랄 링크 서스펜션이 양쪽으로 나누어져 잡고 있는 면을 보면 이것은 최초 설계로 차를 만들어서 팔디가 문제점이 나타나서 다시 보강 설계를 한 것으로 보입니다. 이건 요즘 현대자동차의 행보와는 대조적입니다.이차에서 눈에 띄는 점들은 5개정도 되는 것 같습니다.1. 4점식 엔진 마운트2. 하부코팅이 프리미엄 브랜드 수준으로 되어있다는 점3. 휠하우스 설계    - 인사이드 패널을 안으로 굽혀서 만들어서 공간을 매우 넓게 뽑은 점. 서스펜션의 움직임의 폭과 휠타이어의 회전 한계를 개선했다는게 훌륭해보입니다. 후륜구동 시스템에 비해 전륜구동 시스템의 약점 중 하나인데 개선을 위한 연구가 엿보입니다.4. 하체보강- 스트럿바, 언더바 등이 기본적으로 잘 되어있음5. 전륜 로워암 양쪽 볼방식 + 후륜 인테그랄 링크 방식의 조합- 닛산 알티마 하체 1편을 봤을때 후륜을 어떻게 설계했길래 전륜 로워암을 양쪽 다 볼방식 체결했을까 매우 궁금해서 거기에 촛점을 맞추어 보았는데 후륜을 노사장님은 큰 범주에서 더블 위시본이라고 했지만 인테그랄 링크 방식의 서스펜션이었습니다. 노사장님과 마찬가지로 트레일링 암이 없는 것에 놀랐는데 잠시 생각을 해 보니 공감이 갑니다. 트레일링 암이 있었으면 코너링시에 후륜이 차체와 체결돠어 눌리는 형상이므로 전후륜간에 하중분배가 원활하지 않게 될텐데 그러면 전륜 로워암앞뒤로 비틀림이 발생항 것이고 그러면 하중을 더 받는 부싱은 쉽게 파손될 것이라 그 부분은 롤방식으로 설계가 되어야할 것입니다. 그런데 인테그랄 링크 방식으로 설계되고 트레일링 암도 없어서 회전시 전후륜이 하중을 나누어서 버티게 되고 비틀림도 없기때문에 양쪽 다 볼방식 체결이 가능해 보입니다. 정말 인상적이고 끊임없는 연구를 했을 것이라 생각됩니다. 하지만 시국이 시국이기도 하고 기술적인 것은 참고하더라도 일본차를 사고 싶은 생각은 없습니다. 2200만원이 아니고 1000만원에 준다고 해도 안 살 생각입니다. 닛산이라는게 한자를 풀어보면 ""일본산업"" 이런 뜻인데 그냥 싫네요. 재고 다 떨지도 못하고 배로 실고 돌아가게 해야한다고 생각합니다.",81
24,껍데기랑 실내만 신경쓰는 현기는 아직 한참 멀엇다 가성비 쥭이네 ㄷㄷ,72
25,얼마전까지 2010년식 알티마 3.5 타다가 지금은 현대차 타고 있는데.. 차에 대한 구조나 그런거 잘 모르더라도.. 주행할 때 느낌이 참 다르더군요..저도 일본은 싫지만.. 인정할 건 인정해야 한다고 생각합니다.  우리나라 차들도 더 발전했으면 좋겠네요..,23
26,일본에 배워야 할건 배워야지 그들을 따라잡는다 차에 정성이 들어있고 성의가 있다  일본 우습게 보는건 한국 밖에 없다,86
27,노사장님 앞으로도 이정도 분량으로 뽑으면 편하게 볼것같아요 본편도 기대할게요!,1
28,미국갔다가 렌트해서 탔는데요. 코너에서 민첩한 느낌? 잘 모르지만 국산차에서 느끼지 못했던 걸 느겼던 기억이 있네요. 이유가 있었던 듯.,23
29,"현대도 배기라인 단열소재,  방청등 기본적인것에 더 신경쓰자! 눈에 안보인다고 대충하면 안되지!  독일, 일본등은 눈에 안보이는 곳에 꼼수를 부리지 않고 꼼꼼히 차를 만드니 신뢰감이 더 상승한다!",21
30,"아주 오래 전에 모터트렌드에서 여러 드라이버가 운전하며, 동급 차량 비교한 기사가 있었는데, 그때도 닛산 알티마 서스펜션 만큼은 탁월한 평가를 받았던걸로 기억하는데, 노사장 평가가 정확한 거 같습니다.",12
31,국뽕없는 리뷰 잘봤습니다일본차 진짜 가성비 갑이네요,12
32,인피니티 타고 다니는 오너입니다. 가성비 정말 좋습니다. 기술력 인정 할 건 인정 해야 됩니다. 그래야 흉기도 현실을 직시 하고 발전의 원동력이 될테니까요.,8
33,일본을 감정적으로만 까서는 답이없지..   차든 경제든 일본을 뛰어넘으면 그게 진짜 일본을 이기는 법이다..,52
34,"배울점은 배워서 우리의 것에 적용하고, 나머지는 버리면 된다. 타산지석이란 이야기지. 노사장!!! 잘 들었습니다.",9
35,그래도 이렇게 인정할거 하는모습 보니 정말 보기좋고 신뢰 갑니다 .,1
36,감정은감정차는차좋으면 인정하는게 사나이...,24
37,현대기아도 원감절감 같은거 목 매달지 않고 저렇게 했으면 충분히 만들수 있다고 생각함. 문제는 현실은 원감절감에 집착하고 있으니,3
38,정말 자동차 그차제에 충실한 차네요. 노사장님이 일본 브랜드라 자꾸 얌스럽다 얌스럽다 했지만 이제 얌스러운건 현기가 아닌가 싶습니다. 알티마는 정직하게 잘 만든 차 같네요. 더군다나 상황이 안좋다보니 큰 할인까지 들어가서 2천만원 초반대면 소비자에겐 최고네요. 저는 한국 살지 않아서 그런지 몰라도 저 같으면 신형 아반떼 사느니 알티마 살 것 같습니다. 요즘이야말로 제대로 흉기차가 되어가는 이 상황에 스트레스 받으며 현기 타느니 차라리 일본차를 타는게...엠블럼을 떼버리고 타던가...,5
39,역시 닛산~~꼼꼼한 리뷰!!!!!!역시 은규형님  쵁오 ^#^~~,13
40,리뷰는 역시...... 👍👍,4
41,박수를 쳐 줘야 되는 차네요. 현기는 좀 잘 배웠으면 합니다. 기본이 충실한 차...,34
42,"알티마가 이러면 맥시마나 인피니티는 어떨지..  맥시마나 무라노, q60s 리뷰 부탁드려요",28
43,듣다 보면 역시 일본이 품질강국이 맞다는 생각이 드네요 .  우리나라 기업들은 대기업이나 중소기업이나 품질에 관한 비용은 줄이거나 겉만 보여주기식인데 일본은 아직도 진짜로 하는군요..,2
44,회사차로 제공되어 타고 있는데 어쩐지 다르더라구요.. 고속도로에서 상당히 안정감이 있고 과속방지턱도 아무렇지 않게 넘어갑니다. 코너링도 무리 없구요.. 핸들링도 날카로와요.. 근데 안습인 실내와 조수석 문짝의 잡소리는 이차가 신경쓰는것과 신경 쓰지 않는 것을 여실히 보여주네요..,2
45,직접 타봐야 압니다  전문가가 아니여도 느낄 수 있습니다.,8
46,g80 하체부터 리뷰 너무잘봤습니다. k9하체리뷰도 보고싶습니다 ㅜㅜ 이제 곧 기변해야하는데 k9이냐 g80이냐 기로에서 흔들립니다..,1
47,하체가 전륜 투어링 타미야 RC카 보는듯 하내요견고 합니다.일본 이런 기술들인 인정합니다.ㅠㅠ,10
48,"소재공학, 뼈대, 설계, 다 좋은데 미션이 원가 절감형 CVT",2
49,믿고 보는 영상 노보스 풀악셀!,6
50,확실히 불매를 떠나서 객관적으로 차만을 볼때 10년이상은 국산 모브랜드보단 기술적으로 앞서있네요... 인정할건 인정하고 불매를 합시다... 묻지마 불매는 의미가 없지요... 국뽕도 적당히 해야져 어느나라도 한회사가 자동차 점유율60%이상인나라는 매우 드물죠....,43
51,실제로 어머니차 구매를 부추겨서 당시 2016년형 2990만원에 구매하여 제가 약 5만키로 이상 혼자 운행해본 사람입니다. 영상이나 댓글에 나오지 않은 장점 하나 말씀드립니다. 현재 약 4년이 넘어가고 있지만 외형 도장은 물세차만해도 세차느낌 그대로 광택이 나오고 있습니다. 아예 국산차량이랑 도장느낌 자체가 다릅니다..현재는 아이들 때문에 카니발 2019 새차사서 어머니차 안타지만 카니발 1년타고 물세차만해도 세차느낌 안납니다..정말 도장기술 또한 분명히 뛰어납니다..기타 알티마 궁금하신분들 댓글달아주시면 답해드리겠습니다.,3
52,닛산차 승차감 단단하고 좋습니다.,3
53,차를 저렇게 잘 만들아놓고 경영을 잘 못해서 르노한테 먹힌거 보면.... 경영능력이 정말 중요한듯요.,16
54,저두 2.5   13년식 타고 있습니다.탈수록 차좋네!!하는 소리가 절로나옵니다고장도 없네요 ....,31
55,정말 차가 좋아서 사는거다 일본이 좋아서 사는 사람 한명도 없다 일본차산다고 매국노 아님니다,28
56,인정하기는 싫지만 일본은 차는 잘만드네 ㅠ,3
57,미국이나 남미. 아시아국가들에서 일본차가 잘 팔리는건 다 이유가 있는겁니다. 내구성좋고 좋으니까 믿고 사는거죠. ㅎㅎ.,18
58,일본 싫지만. 정말 배울게 많은 나라인건 맞는거 같습니다.저도 일본여행 예전에 몇번 가봤지만. 정말 놀란적이 많았습니다. 지금 우리 아이들이 향후 30-40대가 된다면 충분히 일본을 넘어 설거라 믿습니다.,4
59,일본에 나쁜건 강력히 항의하고 좋은건 받아들어야 대한민국도 발전합니다.,2
60,닛산이  CVT 만드느 미션회사 자트코를 가지고 있어서 .CVT를 안쓸수가 없음..    닛산라인에는 일단 CVT쓰고 .인피니티는 그래도 오토미션 넣으면서 ... 생산하는데. CVT는 계속 개선 해서 나오니.. 기다려봐야죠.,1
61,태국 푸켓에서 사회 초년생때 1.2 닛산 마치라는 차를 6년 동안 타면서 보냈던 시절이 떠오릅니다. 잔고장 제로였습니다.6년 타면서 엔진오일과 필터 교환이 전부.,8
62,와~~여윽시 현기는 멀었다,7
63,주변에 닛산 차 타는 사람들 보면 CVT 미션이 3~4만 정도가면 문제가 꼭 생기더라고요.  나중에 기회가 되시면 subaru차 리뷰도 해주시면 감사하겠습니다!,4
64,"일본을 좋아하지 않지만 일본의 기술력은 독일 다음으로 좋은거 같음, 현기도 기본에 충실하면 좋을텐데 말이죠.",23
65,닛산의 cvt밋션은 구형 qm5휘발유 2.0에도 쓰입니다.십수년 전부터 쓰던 밋션입니다.,5
66,항상 응원합니다!,1
67,명차가 바로 이 차네요!,12
68,노사장님 단결~~~!!!,2
69,짜증나서 퇴장하는 노사장님ㅋㅋㅋㅋ,7
70,닛산 맥시마 구입하고 싶습니다. LA에서 지인이 탔는데 정말 만족하셨습니다.,9
71,노노재팬에 선동되지 않고 노사장의 자동차 이해에 정확한 리뷰이다. 굿 !,4
72,훗날 우리나라 기업이 일본 차 인수하는 날이 오기를 바래봅니다 ㅋ,1
73,일제 차 좋다 ~~노사장 일제차 칭찬 많이 하는 건 이유가 다 있다.,2
74,진짜 일본 싫어 하지만 현기는 보고 배워야 할듯. 현기는 차 가격에 맞는 설계를!,8
75,마지막 한마디에 모든게 압축 되있네.아놔 일본애들 짜증나...( 니뽄은 싫은데 차는 왜 이렇게 잘 만드는 거야),31
76,유튜브나 일상생활에서 요즘들어 애국가를 처음 들어본것 같네요...비극이 아닐수 없네요,4
77,솔직히 일제차(알티마or어코드)를 사고팟는데 일본이 너무 비열하게 굴어서 비엠 삿습니다.. 좋은건 인정. 그러나 탈 수는 없어요..,1
78,노사장님 혹시 리뷰를 자주보지만 로턴이궁금해서 그러는데 로턴리뷰는 안하시나요? 팰리세이드 로턴좀 부탁드려요,1
79,일본 숨은 기술력은 우리나라 보다 100년 이상 앞선다고 봅니다예전 아이와 테이프로 하는 건데 음악 음질이 현장에서 듣는 듯 듣기 너무 좋은 거였는데 회사가 그 기술들을 명품으로 다시 나온다면 충분히 잘 팔리고 가치를 인정받을 물건인데 내가 돈만 있으면 그 기술만 인수해서 만들고 싶은 기술들.,8
80,일산 좋은중고차 있으면 소개하나 해주세요..ㅎㅎ싸고좋은차.,4
81,잘 만들었네요 인정해야죠 이건,3
82,역시 아직도 일본차 못따라가네...,6
83,노 사장님 안녕하세요애국가 오랜만에 듣습니다행복하세요,2
84,믿고 보는 노보스~~~,3
85,기술의 닛산엔진의 혼다마케팅의 도요타,3
86,이 영상을 보니 갑자기 든 생각인데요. 현기의 핑계거리가 생기겠습니다. 우리도 이렇게 만들수 있는데 국민들의 워낙 많은 니즈를 충족하기위해 옵션에 목숨을 걸었다. 라고 생각이 듭니다 . 막상 차량의 옵션보다도 안정성에 중점을 두는 니즈를 받아들여야는데 그만큼 수요자들은 안정성 보다는 옵션에 취중된 니즈에 무게를 많이 싣는거 같네요. 운동성능 바라는 소비자는 소수인건 맞으니..안타까운 현실입니다.,1
87,평균연봉  9500에 파업한다는 자동차 회사도 있다네요~~렉서스보다 잘만드나,10
88,"괜히 미국 국민차가 아니죠..리뷰 잘봤습니다. 일본을 싫어하지만, 확실한건 차는 잘만드는걸로 세계가 인정하죠.",2
89,알티마 7년째 타고 있습니다. 고장 한번도 안났습니다. 옵션은 별로 없어요. 그래도 기본에 충실합니다. 180Km 까지는 무리 없고요. 코너링도 좋습니다. 솔직히 우리 큰형님 에쿠스 최고사양과 코너링과 주행성능이 별로 차이 나지 않더군요. 우리 형님이 타보더니 내 차랑 별로 차이 안난다고 인정했었죠. 반일 감정만 아니면 진짜 추천하고 싶은 차입니다.,2
90,2300 이면 재고품이라도 완판할만하네ㄷㄷㄷ아반떼살바엔 이거사겠네요,19
91,cvt는 닛산이 최곱니다. 다른 회사 cvt와는 다릅니다.,4
92,역시 차는 일본..,9
93,어코드  3.5공팔년식  지금도고장없고 넘좋아요,11
94,세계 전무하게 성능으로 포르쉐랑 맞짱뜨던 기술의 닛산....너무나도 기술과 품질에 집약적이라 경영에 소홀했고 그덕에 기술에 목말라있던 르노에 헐값으로 빨려나간 비운의 브랜드...코스트맞추려 미국 헤네시에서 제작되어미국감성 넘치는 마감수준으로 떨어졌지만경쟁차종 소나타에 2배이상 판매량이 썩어도 준치인 성능을 증명함.지금 닛산이 병신인 이유는 브랜드 방향성이 예전 기술우선정책도 아니도 르노의 합리성도 아닌 두가지가 섞여 어설픈 상태라 그런거라 봄. 이게 정확하게 매칭되는시기가 오면 다시 올라서리라 봄.,1
95,일본차 타보면 인정할수밖에 없다 뚜벅이들이 흉기 까고 일본차 안타본놈들이 깐다,8
96,예로 suv 의 주행 성능 테스트에서 포르쉐나람보기니에 필적하는 ㄷ 자 급선회 핸들링 성능을보여주는 유일한 중형 SUV 가 닛산 Rogue (X trail) 이고 소형 suv는 닛산 쿼시콰이예요시속 83km 까지 전복되지 않고 주파합니다한국차는 기아 소렌토가 76km 가 최대치 였지요스페인 차량 성능 테스트 기관인 www.77km.com 에 들어가보면 확인할수있어요이번에 2021년 신형 닛산 로그가 연말에 출시되는데 뛰어난 강성의 새 차체 프레임과 이미 인정받은 더 개선된 엔진에다 멋진 인티리어와 최신 기능까지 더해져서 현대 기아가 가뜩이나 밀리고 있는 해외 시장서 정신 차려야할 겁니다한국내서 국뽕하는 리뷰를 많이 보는데 왜 해외서일본차가 그 오랜 세월 절대적 매출 우위를 지키고있고 중고차 시장에서도 가격이 높은지 알아야 합니다또 한국차 사는 교민이 불과 10% 정도에 지나지않는 이유도 깨달아야 합니다,2
97,참 차 잘만들었네. 일본음..,2
98,제품경쟁력외 다른 요인으로 기업이 떠날수 밖에 없다면 그 나라는 투자처로서 매력을 잃를 수 밖에 없습니다. 결국 국가적 손해입니다,6
99,자동차는 차다워야 자동차지.,12
100,노보스 풀악셀 ♡,1
101,GV80 보다가 이거 보니깐 더 한심해지네.....현기는 공장 자동화 해놓으면 뭐하냐....귀족 노조 치우고 자동화 해놓은걸로 차 원가 절감 말고 저렇게 좀 만들어봐라....,17
102,리뷰 빨리 보고싶네요,1
103,인피니티 q50s 리뷰도 보고싶네요 노사장님 차량지원 가능합니다,4
104,아.마지막 짜증나 소리들으니까 더 사고싶어~,10
105,머플러 색상보소 ㄷㄷㄷㄷㄷ,1
106,이렇게 좋은차를... 안타깝다,27
107,사고싶다,7
108,현기가 좀 배웠으면ㅋㅋ 기술력 차이 봐라쉽세들이 원가절감밖에 모르는것들이라ᆢ일본차만 아니라면 저 가격에 정말 괜찮은 차 인듯ᆢ,4
109,일본 얄밉고 분노도 나지만 인정할건 해야죠.전세계적인 자동차 강국입니다. sm520시리즈만해도 엄청납니다...,2
110,국뽕에 취해서 차를 품질로 사는게 아니라 감성으로 저질 차 사주는것들은 답이 없다,3
111,굿...일본좋아하지는 않지만 독일차 비교하기전에 일본차부터 따라잡고 독일3사 비교하시길..제네시스 잘만들었죠..근데 벤츠 bmw 아우디에 막  비교불가입니다..차를 적어도 아시는 분이라면...,20
112,일본 우습게 보지 말자,11
113,노노 제펜하지만 그것도 기술력을로 다이다이를 깔때해야지 흉기가 지금 저모양인걸 지들도 알아서 디자인으로만 승부를 할려고 하는데 솔직히 자동차 만큼은 노제펜 안했으면 한다..흉기차타다가 언제 뒤질지 모르는데 욕쳐먹더라도 싸고 내구성 좋은 일본차 타는게 낫지..,3
114,노사장님 🇰🇷👍,1
115,우리나라 자전거도 못 만들때 항공모함 만들어 미국과 맞장뜨던 기술력... 답답하지만 인정할건 해야 겠지요,22
116,영상 잘 봤습니다.o^^o,1
117,흉기차같은건 없어저야해요,5
118,이래서  일본차에  안되는겨!   ㅎㄱ차는  원가절감은 잘 배움,7
119,노사장님 현기차 급발진 어떻게 생각하세요??,1
120,노일본은 좋은 기술력 앞에서는 패스하세요왜냐고요? 우리나라 기업들 정신 차리라고요!,21
121,아직 팔고있나? 사러 간다.,11
122,현기야 일하자 제발..,4
123,알티마 산 사람들이 진정한 승리자인가 노사장도 짜증내는데 나도 짜증나네,17
124,감정적으로 까며 정신승리 하는건 2ch애들이나 하라고하고 우린 배울건 배우고 개선할건 개선하며 더 나아가야죠ㅋㅋ,1
125,인피니티 qx60도 리뷰 부탁드려요 가성비 중고차입니다,1
126,동맹이던 나찌 차 는 어떤가요 노사장님 ? 좋아 죽던대 ㅋㅋ,1
127,답나왔네. 르삼이 현재 tce300에 알티마차체 가져다가  쓰면  게임 체인지된다 끝,2
128,일본차 사고싶어요..정말좋음..ㅜㅜ,6
129,"얼마전 이젠 한국차가 일본차를 넘어섰다는 말을 들었다; 대채 어디서 누구한테 어떤영상 몇분대에서 그런소릴 들었냐고 묻자, 넘어선건 아니고 이제 비빌정도 되었다고 정정한다... 일본이 아무리 싫어도, 국뽕이 아무리좋아도 아닌건 아니라고 본다. 억지소리 없는소리하면 그게 중국이랑 다를게 뭔가?...  좋은건 좋은거다 그리고 흉기차 사려면 사라  아반떼 산타페 그랜져는 탈만한차라고 생각한다 ^^;... 근데 난 싫다 ..;",3
130,CVT 닛산에서 발명한걸루 알고 있어요.. 그래서 죄다 cvt를 쓰는건지...난 갠적으로 cvt 겁나 싫어함.. 쳐다보기도 싫음.,4
131,이나라는ㅋ다돈쓰면ㅋㅋ현대에게그냥해줌ㅋㅋㅋ분명히ㅋㅋ배기가스문제있을꺼임ㅋ인터넷보니디젤dpf달렸는데도ㅋㅋ 매연나와서빠꾸당한적도있는차들이꽤되더만요ㅋ,2
132,우리나라 모 기업은 차부심 아니라 돈부심  와이파이부심,1
133,일본이 싫건 좋건 인정할건 인정해야지.,2
134,노사장님 가게 어디있나요?차고치러 가야것네요,1
135,굵고 긴데 예전에 하던 멘트들이 다 사라졌네요? 인피니티에 GTR로 이어지니....게임이 안되죠.,2
136,솔직히 일본이 정상처럼 사는거같냐? 중국 정상적으로 사능거긑냐? 한국이 정상같냐? 잘생각하고 행동하자 우리는 사람이다.,2
137,아무리 팔이 안으로 굳는다해도 인정할껀 인정하자 솔직히 국산보다 일본차가 더좋음,12
138,"르노삼성의  초창기  sm5  sm7 이  그렇게  고장 안나기로 유명했던게설계 플랫폼이  알티마 플랫폼이라서그랬던 것이고   이 모델을 적용한 사유도 고성능이 아니라  내구성을 추구 하는 전략때문에  설정되었던거임.특히 삼성차가   용납 안되었던  것이""부식"" 임.잠깐 생산됬다가  단종된  1톤화물트럭 ""야무진"" 도  적재함과 프레임 의 방청처리가  현기  포터,봉고하고는 비교도 안될 정도로  잘되어있기로 유명했음",5
139,가성비 찐이다,5
140,아닙네다 아닙네다 그럴 리 없습네다~~~ 동영상보면서 발로 만든 차일 겁니다.....,4
141,불매하실분은 하시고 조은 제픔 사실부는 사시면 됩니다. 그게 자유민주국가입니다.,52
142,구독.좋아요^^,5
143,현기댓글부대 보배ㅎㅎㅎ,5
144,일본 짜증나고 싫다고 하시면서 한 손에 들고 계신 건 삼성 캠코더인가요?,3
145,ㅋㅋㅋㅋㅋㅋㅋㅋ 하 빡친다 근데 알차네..,5
146,"와 끝내주네 ,, 현대 제네시스 gv80 도로에서 멈췄는데 고객응대하는꼬라지 보면 , 니산 대박인데 이거~",3
147,언제까지 영상 업로드 하실수있나요?,7
148,전 타브랜드 일제차 차주입니다국산차하고 많이고민하다가 안전하고 오래타고싶은마음에 이번달 초에 신차출고했구요이래서 일본차 독일차하나보다  실감하고 있어요차출고하고나서 업체에 하부코팅문의했더니 일본차는 워낙 강판이좋아서 부식이 잘안되기때문에 할필요가 전혀없데요ㅎㅎ,13
149,렉서스 타고 싶은데 못탄다.... 주변 사람들 시선땜에,2
150,의선이형 분발해라 제네시스가 니들이 아무리 프리미엄 브랜드라고 해도 사람들이 인정 안해준다면 그냥 노가리야 ㅋㅋㅋㅋㅋㅋ 안빡치냐? 차 개판으로 만들지말고 안전을 위해 하나하나 최선으로 만들어라 일본은 실지만 차만 보면 일본차 타고싶으니깐 현대 사발련들아,1
151,"인정할건인정해야죠,저도일본 좋와하진 안치만요?",1
152,진짜 현기는 방청이나 소재좀.. 신경쓰자 이제 가격도 그리 싼거도 아니잔아?,23
153,잘 한건 칭찬해줍시다. 차는 이렇게 만들어야 한다는 생각이 뇌를 치네요.현대차는 일본차를 주로 카피했고 bmw나 벤츠등등 좋아보이는건 다 카피했지만 소비자에게 지탄받는 현대차가 되어 버렸죠. 이를 어쩌나,3
154,님좀 짱!!!!!!!!!!!,4
155,현기차 놈들아 좀 배위라 옵션질로 국민들 등처먹을 생각만 하지 말고.일본차 지만 기본에 충실한거 좀 배우란 말이다,1
156,부러워서 이미 졌다.,3
157,감사합니다,4
158,"반일운동동참 - 언더코팅업체""일본차사면 우리 업체 망함""",6
159,일본은 싫은데 일본차는 사고싶다... 현기는 사기싫고... 독3사는 너무 비싸고ㅠ,2
160,현대는 일본 못된것만 배움주유구 위치따위 ㅎㅎㅎㅎ,3
161,급 애국가. ㅎ노사장 리뷰중에 인피니티 하나도 없더라구요. 인피니티도 한번 해주시면... 욕먹을까요 ? ㅎㅎ,8
162,굿,4
163,이걸보고도흉기차를 사라고? ㅋ gv80 얼마죠?,4
164,현대 반성해라,3
165,혼다 닛산차 타면 흉기하고 너무 다르더라,2
166,차는 독일본이 잘 만들죠,2
167,닛산은 일본차 브랜드가 아니라 프랑스 브랜드 아닌가요?  르노삼성처럼 일본 브랜드가 아니라 일본에서 생산하는 프랑스 브랜드 아닌가요?  A/S??  닛산 철수한다고 해도 큰문제될거 없습니다.  일부소모품은 르노삼성제와 호환되고 아마존뿐아니라 알리에도 부품들 많고 무엇보다 사설 전문 정비업체들 있습니다.수리도 잘하고요.,5
168,일본 싫지만 현대가 더 싫음 no japan no no no 현대,3
169,노사장님 리뷰보고 어코드 타고 있습니다. 캐나다라 일본차든 한국차든 가격이 비슷한데다 같은 가격이면 가족이 안전한 차를 사자는 마음에도 구입하였습니다. 전차가 시빅이었는데 정말 잔고장 없이 잘 탔거든요. 한국차를 사볼까도 했지만 주위의 한국차 오너들이 절대 사지말라고 말리더군요. 여기선 한국차 안 사는게 애국하는 길이단 말이 나올 정도입니다. 왜그런진 다들 아시겠지만요. 이 리뷰가 빨리 나왔다면 알티마도 고려해봤을텐데 요샌 4륜 구동도 나오더라구요. 제네시스나 현기차 결함사태보면 더 사고 싶어지지 않습니다. 언제 정신 차릴까요?,5
170,모르면 일본차보고 배워라국산차회사들아!헛짓거리하지말고,15
171,흉기는 닛산 인피니티 부터 넘어봐라 제네시스는 뉘미 풉,25
172,반일은 정신병 인데 미안할게 뭐 있나요?  유별하신듯,3
173,쏘나타 사는 흑우 없제?,8
174,사장님 호송차 리뷰점 해주세요,1
175,반일선동질 하면 국산차 판매량이 늘어난다는거 이젠 대부분이 아는 안비밀이죠 ?  지난번엔 독일차 화제건 까지 . ㅋㅋ.,5
176,ㅋㅋ리뷰보는와중에 내앞에차 알티마네...,2
177,지나가다 봤는데 닛산매장 간판만 있고 내부는 텅텅 비었던데  일본차영업딜러들 어디로갔을까,1
178,차밑뒤에 불판 잇넹,2
179,기분은 더럽지만 인정은 해야할듯..,13
180,사고 싶네. 애국?? 목숨이 중하다,4
181,무조건 일본이라고 깔게아니라 잘한건 인정하고 부족한부분은 배워야 발전할수있는겁니다 잘한것마져 인정못하고 까내린다면 앞으로 발전도없을겁니다,11
182,하. ᆞ ᆞ. 일본~~~,4
183,미션 뭐 나가는분들 확률로는 거의 1퍼되려나요 다른차량들도 대부분 그정도 결함률은 있지않나요 운이없으신건데 자기차 고장났다고 싸잡는건 아닌듯합니다 거의 대부분 다 만족하고 잘타고 계시고 20만30만도 타고 다니시는분들이 있는데요 알티마가 옵션제외하곤 딱히 크게 깔거라던지 결함이 없으니 미션문제가 너무 도드라져서 크게 보일뿐... 확실한지는 모르겠지만 요즘은 또 미션 문제점들 개선품들이라는데  알티마 인피니티 불만없이 두대 잘만굴리고 있습니다  우리나라에 이가격에 이런차? 없습니다...,4
184,cvt미션이 진짜 안좋아요,1
185,정말 ㅎㅎㅎㅎㅎㅎ 나는 노빠인가 짜증나게 정가네 노형,4
186,미션 ㅠ,2
187,리뷰어라는 탈을쓰고 겉만뻔지르하게 광고하는 쓰래기 유투버들과는 확실히 틀리다..보면볼수록  노사장님의 리뷰는....  명품이네요..광고하는 쓰래기 유투버들을 몰아냅시다..,2
188,울트라 닝뽕,3
189,현기는 왜 눈에보이는 외관 내부인테리어만 휘황찬란하게 만드는걸까 .? 눈에 안보이는곳도좀 독일 일본처럼 휘황찬란하게 만들순 없나..아니면 그냥 국민수준이 그런것만 보고 차를 구매하니까 그렇게 만드는건가?그렇다면 기업으로써의 마인드는 개굿 ㅇㅈ,6
190,일본제품 사지말라고 국산제품 할인을 해준것도아닌데 불매운동? 오히려 품질논란이나 일으키네ㅋ 어이가없다.,2
191,306 원따봉!,1
192,애국가와 태극기 바탕의 알림글 좀 아니다잘만든거하고. 반일하고. 관계없음닛산 르노는. 어덯하구요,3
193,무조건 사야되. 사서 닛싼베지 떼고 노보스 스티커 붙이고 나닐께요...ㅋ,4
194,82호!!!!!!!!!!!!!,5
195,흉기차 사느니 ᆢ,1
196,시국이형.. 잠깐 나가있어...;;,5
197,"현기충들은 말한다 엔진 인증내구성,하체는 중요하지않다 실내가이뻐야하고 편의사양만많이넣어주면댄다 그럼 곧그차는 벤츠e.s클래스급실내같은느낌을받아서 최고라칭한다 중국이 그러하다 현기의길을걷고있다 5년안에 중국한테 밀릴것이 훤히보인다",2
198,죄송할거 하나도 없습니다.일본차면 어떻고 중국차면 어떻습니까.리뷰는 국가불문  계속해야 된다.,2
199,인트로 ㅋㅋ,1
200,솔직히 일본차는 10년 타도 까딱없음 한국사는 3년만타도 삐걱거림 미안 욕해도 어쩔수없어,2
201,"역시 닛산. 일본에서도 미친 공돌이 정신의 표본으로 불리는 닛산이 경영진의 판단미스로 헤메는거 보니 가슴이 아프네요.현대. 기아차를 타면서 녹스는 차체, 헐렁한 핸들감, 말도 안되는 연봉 받으면서 만든 조립, 해마다 하는 데모에 염증을 느껴서 인피니티로 선택해서 타고 있습니다. 만5년3개월에 16만 타고 다니지만 흠 잡을데가 없습니다.현대차도 언론플레이 그만하고 이런 설계에 생산에 집중하며 차를 생산해야 합니다.이제는 애국심에 차사는 시절이 아닙니다.그리고, 정치인들이 토종왜구니 하면서 편가르기 하는데, 이런거 그만하고  정정당당하게 겨루어야 합니다.실력이나 품질이 안좋으면 소비자가 외면하면 됩니다. 노사장이 애기하는 한라봉법 만들고, 기존의 PL법 개정해서 소비자가 권리를 찾아야 합니다.제발, 옵션신공에 애국심에 현대차노조 배불리는 짓 그만 합시다.",3
202,"깔건까고, 배울건 배워야겠죠~ 일본은 여전히 자동차 선진국인건 맞는것 같습니다만... 머지 않았습니다...",1
203,아~짜증나~,1
204,노노 재팬 진짜 한심하다 ㅋㅋ,8
205,지금 못삼,5
206,그래도 안사,1
207,하~,1
208,결론은 어차피 아반떼가격짜리 차타는 이미지,2
209,신형은 아니지만 구형 닛산을 4년타다 거의 버린 1인으로써 닛산의 품질에 동의하지 않습니다. 특히 CVT 트랜스미션의 결함으로 미국에선 집단 소송 가능성이 아주 큽니다. 저도 트랜스미션이 4년만에 나가서 워런티3년 지나 보상 못닫고 그냥 헐값에 트레이드했습니다. 미국에선 근래 닛산차 헐값에 팔아도 잘 안팔립니다. 바디가 아무리 단단하면 뭘합니까? 트랜스미션이 결함인데.,10
210,알티마 7세대였나?? 그거 타느데 개 열받음...  잔진동 엄청 많음 엔진미미가 안좋은건지 부싱이 안좋은건지 d  드라이븡에서 정차시 엄청난 진동.. 디젤차보다 심함  알터네이터 매우 안좋아서 전체적으로리콜 한번 들어갔고  알티마 동호회 가보면 7-10 만 타면  cvt 미션 나가서 교환 해야 하는데 200-300 백이 우스움  실내도 사골이고.. 고속 도로 타보면 120 에서 차 그립이 없어짐  차선 변경할때 흐른다는 느낌이라고 해야 하나. 매우 미끄러움 .. 고속 주행 능력도 매우 떨어짐  네비도 심심하면 고장나고  실내잡소리도 너무 많고..  그때 3400인가 했었는데  다시 타라고 하면 절대 다시 못차는 차 임,2
211,..,1
212,불매 게속돼어야 함니다,1
213,"어이가없네 일본 디스마라 당신이 정치인이야? 정치, 역사 1도 모르잖소. 잘모르면 입다뭅시다. 진짜 바보처럼 보입니다 노사장님아",3
214,구형 엔진에 CVT 미션인데 뭐가 엄청 대단한 차라는 건지 잘 이해가 되질 않습니다. 게다가 닛산 철수하면 A/S 등 얼마나 불편해질지도 모르는 상황이고요.,1
215,일본에선 한국차 전자제품등 많은 분야에서 사지고 않고 처다보지도 않은지 몇십년일본차 사라고 지금 광고하시는 겁니까?   결혼 하셨나요? 남의 자식이 잘해도 절대 자기자식과 비교하면 않되여!  못해도 칭찬하고 그러면 천재이상 합니다. 돈 그까이꺼 뭐 아낀다고 한국에서 니뽕차 삽니까.. 수포츠 카도 아니고 소모품인데요제작년 일본에서 한국차 200대 한국에서 일본차 40000대 이상,1
216,진택이형은 항상 이유 모를 정감이 간다. 현대 설명회에서 여러 제지에도 굴하지 않고 날카로운 질문을 하던 모습에 팬이 되기로 했다.,102
217,진택이형꺼는 의리로 무조건 광고 끝까지 본다,71
218,"몇년째 보고있지만, 정말 장진택 기자님의 꾸밈없이 담백한 차량 리뷰는 너무너무 보기 좋습니다. 항상 응원합니다. 기자님! 아니, 유튜쁘 꿈나무님! ㅋㅋ",5
219,장기자님은 허접하게 혼자 리뷰해도 최상의 리뷰를 만드는 국내 유일의 디자인 리뷰어입니다. 화이팅!!! --------- 구독---꾹꾹꾹,2
220,리프 차량을 자세히 알수있어 좋습니다. 차리뷰는 장진택 기자님이 최고^^,3
221,화질보다 중요한건 장진택 기자님이 하신다는게 팩트입니다.항상 응원합니다.^^,4
222,"진택이형은 자동차 리뷰계의 ""순수한 영혼"" 그 자체 이다.",1
223,이제 점점 본 궤도에 오르고 있는 듯 합니다. 이대로 쭉 가시죠!~,6
224,"장진택 기자, 앞으로도 계속 응원합니다!지치지 말고, 많은 영상 부탁드립니다.",4
225,무직이라뇨? ㅠㅠ 여전히 최고의 기자이자 인기 유튜버이자 자동차 전문가이자 칼럼니스트.,6
226,정진택 기자님 응원합니다 좋은영상 많이 올려주세요차 좋아하는 입장에서 늘 재밌게 유익하게 보고있습니다,1
227,디자인에 대한 설명은 정말 갑이네요~ 항상 응원합니다.,1
228,지금도 충분히 보기 좋아요.친근하고 정감가는 편집느낌(?)입니다 ㅎㅎㅎ,1
229,"진택 횽아.....환절기 감기, 비염 조심하세요,,,훌쩍 거릴때 마다 아쉬움이 들어요~~~ㅠㅠ 늘 관심있게 보고 있습니다...! 덕분에 자동차를 보게되는 디자인적 관점의 수준이 높아지는거 같습니다!!!",1
230,잘 보았습니다. 영상 좋습니다. ^^ 이 정도시면 조금 지나면 손색 없으실듯 합니다.중간에 아찔한 상황이 있었네요. 생생한 생동감 있어서 좋기는 한데. 안전운전  기원합니다.우연히 들은 리프의 클락션 소리지만 싱글 혼인가 보네요. 소리가 조금 가벼운듯...,1
231,뒤늦게 검색하다 아주 훌륭한 리뷰를 하시는 님을 보게 됐네요닛산 일본 홈페에지를 보면 제대로된 리프E+가 있는데도 불구하고 그얘기를 하는 유튜버가 없었는데 님은 그것부터 언급하고 가시는걸 보고 감탄했어요좋아요 구독 꾸욱 누르고 갑니다,1
232,진택이형 싸랑해요 ㅎㅎ 문짝리뷰 오래오래 해주세요!!!!!!!!!,1
233,진택이 형님 카미디어장진택 기자입니다 때부터 봐왔는데 용기 잃지 마시고 언제나 좋은 영상 감사드립니다.,1
234,카메라 잡아주신 동네형님 감각 좋으신데요^^,1
235,구독자 쭉쭉 늘어나니 왠지 제가 배부릅니다. 잘 보고 가요.,1
236,그냥 편리한 그냥 전기차군요ㅎㅎ잘봤습니다.,1
237,저도모르게 장진택 기자님 팬이되었습니다..  자주좀 올려주십쇼!!! 감사합니다,1
238,아... 영상 보는데 진택이형님 너무 짠해요...ㅠㅠ유감독님 없었음 지금의 미디어오토도 없지 않았을까.........,2
239,진택이형 구독자 엄청 빠르게 늘고 있다 100만 가즈아,1
240,장진택 무직 ㅋㅋㅋㅋㅋ 형님센스는 언제나 굿이지요.,1
241,좋은 영상 잘 봤습니다 고생 하셨습니다,2
242,아...현기가 전기차를 잘만드는군요 몰랐습니다,1
243,디자인은 아주 마음에 들지만 가격을 맞출려고 너무 낮은 등급으로 들어온게 아닌가 하는 아쉬움은 크내요...,1
244,형님 오늘도 좋은 정보 얻고 갑니다~,1
245,곧 구독자 50 만 돌퐈~~진택짱,1
246,진택이형 화이팅!,1
247,언제나 응원합니다!^^,2
248,그전에 영상에 비해 이질감 없어요 꼭 화면전환이나 자료화면 삽입필요없고 그냥 이대로만 해주세요^^,26
249,진택이형...흥하자....,1
250,장진택(무직) 하지마시고 ㅋㅋㅋ (자유의몸) 하십쇼 ㅎㅎ그게 멋집니다. 형님을 부러워 하는 사람도 있습니다 ㅋㅋㅋ,13
251,오늘도 열일하는 진택님. 홧팅.,1
252,장진택(무직)ㅋ항상 응원합니다10만 구독자 가즈아~~,1
253,일본에 있는 일본인 친구가 리프 있어서 타 봤는데 ㅋ승차감 좋고  튼튼해 보이던데 ㅋ 일본에서는 튼튼한차를 좋아한다고 하더라구여,1
254,무직은요.. 이 정도면 아티스트지🚙👍🏿👍🏿,1
255,진택이형 오늘도 파이팅!,3
256,난 한번도 광고를 끝까지 본적이 없다. 진택이형 영상 빼고.,3
257,잘 봤습니다.감사합니다.,1
258,일본차 안보는데 기자님 보러왔어요 ^^,1
259,동네아저씨 같아서 좋네요 친근감 굳굳!,1
260,멀리서 잘보고 있습니다..,9
261,무직아니고 전문리뷰어라고 해야죠~!!^^ 항상 잘보고 갑니다~~,3
262,화이팅입니다!! 벌써 2.5만 정도갔네요!!!,1
263,행님  화이팅♥♥,1
264,장진택(문짝감별사) 낄낄항상응원하겠습니다! 화이팅입니다!,1
265,빨리 100만 갑시다.,1
266,갈수있는거리가 두배차이나는데 가격이 비슷하다면 니로를 사는게 낫지 않나요?,3
267,진택이형은 채널은 무조건 닥치고 추천이야,2
268,2세대라곤 하지만 국내 출시한 주행거리가 아쉽네요. 실질적으로 전기차는 주행거리 400km 대가 아니면 불안해 하는 게 대부분 현재 국내 소비자들 인식이니..,1
269,악 센스!! ㅎㅎ 장진택 (무직),1
270,Great! !광고는 끝까지 봅니다!!,8
271,무직 아프게 들리네요... 응원합니다.,1
272,장진택(무직) X     장진택(기자 겸 유튜버 겸 애 둘 아빠) 0,113
273,제주도 가서 타봐야겠다ㅎㅎ코나 전기차보단 좋을듯,1
274,카미디어때부터 영상 잘 챙겨보고 있습니다. 영상 잘 보고 있습니다.한가지 화면 전화 하는 방식이 좀... 어지러워요.. 시선분산과 혼란이 생깁니다.좀더 노말한 전환이 좋지 않을까 합니다.,1
275,잘봤습니다. ^^,1
276,무직..슬픈데 웃기고웃긴데 슬프고..하아ㅜ응원합니다!,1
277,영상이 점점 좋아지네요 ㅋ 무직 이라니 ㅋ니로보다 싼만큼 부족한면이 있군요 ㅜ,2
278,뭔가.. 뒷좌석 얘기하다가 급 주행으로 넘어간듯한 느낌적인 느낌인데..,3
279,대충대충이 없는 리뷰 좋아요~ 응원합니다.~,1
280,휠이 예전 K3 하고 비슷하네요,2
281,진택이형 자기 소개할때 굳이 무직이라고 적지맘 가슴아파 ㅠㅠ,1
282,"""안녕하세요 장진택입니다"" 여기부터 맘이 편안해지고 재미있기 시작함",1
283,동네 형님 느낌있으시다 ㅋㅋ,1
284,새벽부터 일어나 일하시네요 감사히 잘 보겠습니다,2
285,충전방식이 한국현실에서 많이~ 문제라고 합니다.,1
286,13:09 졸귀택ㅋㅋㅋㅋ❤️,1
287,아니 형님... 무직 이 웬말이십니까 제가 다 자존심 상합니다,1
288,드디어 채널 아이콘이!,1
289,미안해요.. 진택이형 빨리 보고 싶어서 나도 모르게 광고를 스킵했어요.. ㅠㅠ,1
290,일어나자마자 업됐길래 그냥 바로 들어왔습니다ㅎㅎ,2
291,리프ev는 니로ev와 비교가 아니고 아이오닉ev랑 비교해야지 급이 맞을듯 하네요. 잘봤습니다~,2
292,"""본인이 디자인했으면 결정권자라면 이렇게 했을것이다""  이런 멘트들도 섞어주세요  참고가 될것같습니다",1
293,쏘울도 전기차 2세대용~!!!,1
294,편집 해드리고 싶은데 학생이라서 ..컴도 뿌셔짐 ㅋ,3
295,주행거리230km로는 경쟁력이없어보입니다차라리 phev를 알아보겠어요,5
296,진택이 형이 하면리어카 리뷰라도 끝까지 볼꺼임.진택이형 흥해라~~~!!!,1
297,40kwh 에바... 3년동안 열화 쩔던거 해결됐는쥐...,1
298,"현직 전기공학자는 아니고 전기안전관리사입니다 kWh는  단위인데 k=1000  W= 전력 h=시간을 뜻하는 단위입니다여기서 k와 h는 단위이기때문에 소문자로 쓰고  W는 단위가 아니고 기호입니다 그래서 대문자로 쓰는거고 단위는 소문자로 씁니다 그래서 정확하게 자막에 기재하셨고 kWh는 학계및 학교현장 에서는 ""키로와트아우어""라고 외래어로 부르긴 하는데 키로와트시도 틀린건 같진 않습니다 전기는 외국사람이 발명해서 용어가 다 영어 일본어라서 그대로 차용하는 경향이 있습니다한 예로 태권도는 우리가 종주국 이기때문에 태권도 용어 차려 경례 지르기 앞차기 돌려차기를 우리말 그대로 외국인들도 우리말로 합니다 같은 맥락 아닐까하는 생각이 듭니다",1
299,화이팅입니다 감사합니다,1
300,이제 직업란에 프리랜서 자동차전문기자라고 써도 될것같습니다,1
301,구독합니다. 건승하세요,1
302,디자인 지린다 ㄷ ㄷ  ㄷ ㄷ 우리나라 저렇게 못만드냐??좀,1
303,썸넬 왕대두볼캡♥,1
304,예능보다 재밌음,1
305,잘봤습니다,1
306,형님화이팀,2
307,진택이형 보러 왔써요~~~^^,3
308,형... 나도 하트줘 ㅠㅠ다른 구독 채널에서 하트 안 받아도 되는데 형한테는 꼭 받고싶어,1
309,형 화이링,1
310,무직 왤케 커여움? ㅋㅋㅋ,1
311,모터는 그렇다 치더라도 배터리는 좀 넉넉해야 하지 않으련지... 좀 배터리가 빡빡한 것 같네요.,1
312,무직! 팬클럽입니다^^,1
313,차선유지장치를 맘놓고 쓰나요,1
314,잘볼게요,2
315,기자님두 서울 모터쇼 오세요?,1
316,감사합니다....,1
317,뭔 댓글들이 다 진택이형 진택이형 이럼 ㅋㅋㅋ,3
318,가격 싼게 아니라. 다 뺏군요 ㅎㅎ,1
319,관심있는 차종이네요... 잘 볼께요~근데 현기차가 전기차에 대해서 특별하다는 듯한 말은 동의 못하겠네요. 특히 요즘 수소차에다가 투자 한답시고 정부랑 꿍짝대는 꼴은 정말 미래가 너무 뻔히 보여서 짜증이 날 정도죠. 거기에 가장 중요한 안전은 절대 보장 못하는게 현기차 아닌가요?? 가장 걱정되는 지점이 안전인데 과연 안전에 대해서도 현기차가 만족을 줄지~ 의문입니다.,2
320,기능을 빼면 가격이 낮아지는 것은 당연한 것 같은데요. 닛산은 이것을 경쟁력이라고 하기엔 부족한 것 같아요. 니로보다 매리트가 그닥...,1
321,무직x  한국의 최고 자동차기자 (도어성애자) ㅎㅎ,1
322,해상도 360p가 맥스인데 레코딩때 해상도 잘못하셨나봐요,2
323,디자인은 참 맘에드는데...니로가 페리 해도 전 보단 나아졌지만 여전히 못생긴 축에 속하는건 변함없는거 같아요.근데 얘는 잘생겼네...근데 생긴거 외엔...,1
324,잘봣습니다,2
325,ㅋㅋㅋ 왜 자꾸 무직이라 자막 쓰시나요 ㅠㅠㅠ 차라리 원탑리뷰어로 자신감있게 가죠,3
326,무직... 유튜버라고 하시지 ㅎㅎ,1
327,무직 ㅜㅜㅜㅜ,2
328,썸네일보고 차 도둑인줄,1
329,잘보았습니다.,1
330,닛산리프 몰라요좋아요 누르러 왔어요,8
331,직업: 자동차 유튜버,1
332,친근한 형같아요 불러봐도 되요?형 ㅋㅋㅋ,1
333,"진택이형, 영상틀고 샤워하고 올게여",2
334,장진택 (가수),10
335,장진택 (무죄)라고 읽었어요 ㅋㅋㅋ 죄송합니다.,4
336,아!!리플e+ 말고는 관심 없어요,1
337,가격대만 맞추고 상품성이 구리니 결과적으로 가격경쟁력이 없음 ㅎ~ 그냥 200km 주행가능 전기차를 400km 주행가능 전기차보다 조금 저렴하게 파는 건데 ㅋㅋㅋㅋ 이게 무슨 경쟁력이 있어 ㅎ이거 사면 호구다 호구64kWh버전을 지금 가격에 팔아야 개념인 것이지 ㅎ 소비자는 뭐 땅 파서 차 사냐?,2
338,장진택(가수),2
339,무직 ㅋㅋㅋ,1
340,화면에 '장진택'로고 크기가 조금 작은거 같아요,2
341,해상도가 360P로만 나오는데 의도하신건가요?,3
342,장진택의 저 두툼하고 섹시한 손가락 ㅗㅜㅑ...,1
343,조회수 3이라서 설레면서 들어왔는데 이미 댓글이 4개네요 ㅋㅋ 잘볼게용,2
344,ㅁㅉㅈㅇ~ 최고!,1
345,시기가 적절치 못한 일본차 리뷰네요...  일본아웃 대세에 흉내라도 내주세요.  전기차동회회 내에서도 좋은 분위기는 아닙니다,1
346,뿌잉뿌잉,2
347,가수데뷔준비중이시라들었습니다. 타이틀곡은뭔가요?,1
348,파주 모텔촌의 단골 손님,1
349,영상 촬영 편집이나 배울걸...,1
350,아이나비!,1
351,기아 니로  : 멀티 링크닛산 리프  : 토션빔  (승차감 떨어지고 피쉬테일 확률 높고 사고 나면 갔다 쳐박기 쉬움),2
352,차는 모르겠고 광고보고 나감 .,1
353,무직..ㅠㅠ,3
354,이시간에 댓글 수 무엇,5
355,닛산광고내려라,1
356,형 나왔어,5
357,1등이네여ㅎㅎ,1
358,1빠~!!,2
359,이차는 주행거리를 보면 팔마음이 없는건지 ... 아이오닉 2백키로 짜리가 나온지 몇년이 지났는데 ...,2
360,6빠^^,2
361,진택이형 리뷰는 좋은데저는 일본차리뷰는 안봅니다.,1
362,이 형은 문짝 성애자만 아니면 딱 보기 좋겟는데 .. 볼떄마다 아쉽단,1
363,깔끌함 리뷰 항상 감사합니다. 정확한 데이터를 기반으로한 리뷰이기에 차량 구매에 있어선 가장 합리적인 판단의 기준이 될 리뷰로 보입니다. 항상 감사합니다.,17
364,리뷰의 구성이 좋고객관적인 설명으로 해줘서 차량에 대한 대응을  하게 만드네요 잘보고 있습니다,14
365,오토뷰 리뷰는 항상  잘 보고 있습니다.   객관적인 수치 제시도 좋고...  좋지 않은 부분에 대한 정확한 지적도 좋구요.  화이팅하세요~,10
366,언제나 잘 보고있습니다. 오토뷰 보면서 차에 관심을 갖게 되었어요 ㅎㅎㅎ 다른 리뷰들이랑 다른 디테일과 전문성에 감탄하게되네요 미국시장에서도 affordable large size 중에선 맥시마 임팔라가 제일 괜찮아보이네요 PD님 매번 감사합니다,4
367,실제 보면 진짜 잘 빠졌고 세련미가 철철..퍼포먼스 좋은 뽀대나는 차,5
368,항상 잘보고 응원합니다..이제 겨울인데 운전조심하시고요...건강하십시요..오토뷰 화이팅,2
369,오오오~~~ 맥시마  좋아 보이네요 외관이 살짝 캐시카이 풍이면서 닛산 디자인 중에 꽤 진보해 보이네요 잘봤습니다^^  꾸벅,7
370,ㅋㅋ정지상태에서 핸들이 무겁다고하니까 예전에 ef쏘나타타는데 파워스티어링 펌프가 고장나서 저속에서 돌리기 정말 힘들었던 게 생각나네요 ㅋㅋ 조금 rpm을 띄우면 핸들이 그래도 가벼워지고요..ㅋㅋㅋㅋ,11
371,이 영상을 보고 나니...뒷좌석 좁은 스포츠 세단에 대한이해심이 생겼습니다!,5
372,시승기 잘 보고 갑니다. 팬으로써 앞으로도 기대해봅니다.^^,4
373,오토뷰의 리뷰는 항상 최고입니다. 잘보고 있습니다. 맥시마 구입하고 싶어지네요^^,3
374,"내가 요즘 이넘한테 확 꽂혔다. 퍼포먼스, 옵션, 전륜구동  거기다 가격대도 딱 맘에든다..다만, 고속에서 급제동에 관한 것이 빨리 해결되기를 바란다.",26
375,급브레이크시 차량 떨림이 심해 문제가 된 것으로 알고 있습니다. 리뷰에서도 급제동시 떨림이 발생한다 하셨는데 다른 차에서는 느낄 수 없는 확연한 차이인가요? 아니면 수용해줄만한 범위의 떨림인가요?,12
376,이 리뷰 보고 구매했습니당. 스티어링 휠 답력은 개선 된듯 해요.,3
377,단점  뒤에서 터보차량들이 들이대는것도 있어요고속주행시 160키로 이상 밟았을때 가속력도 엄청납니다알피엠 6500이 맥스구요고속도로 연비 잘나오구요 실내 우드 바꾸는데 35만원 선입니다원격시동 걸리구용 무튼 생각나는건...요런거네요,12
378,정말 외형 실내디자인 멋지네요.,7
379,독일 의 대표적인 4도어 쿠페 세단을 구입하기에는 너무 부담이 있고.. 맥시마 가 하나의 대안인거 같습니다...!좋내요.. 무늬만 4도어 스포츠 세단이 아니라 가속력과 주행 감각만 놓고 본다면.. 타고 즐기기엔 좋은거 같습니다.,15
380,스포츠세단이라기에는 조금 뭔가 모자라는 것 같네요. 하지만 차는 좋아 보입니다.,5
381,맥시마보러 왔다가 시승하시는 분 목소리에 반하고 갑니다.,2
382,차좋네요리뷰 감사 합니다.,5
383,영상 언제나 잘보고 있습니다. 노이즈캔슬링 때문에 소음측정이 안된점은 좀 아쉽네요. 글들 보면 조용하다고 하는대 sm5보다는 조용하겠죠?,3
384,시승리뷰가좋네요작은거하나하나까지알려주시고,5
385,대한민국 최고 시승기,9
386,항상  리뷰 기다리고 있습니다^^🐳,4
387,핸들 무거움은 아마 스포츠 모드에서 돌려서 그런 듯 합니다. 핸들이 무겁긴 하지만 여자가 못 몰 정도까지는 아닙니다.,6
388,동일 비교선상은 아니지만 비엠 320i랑 가성비면에서는 어떤가요 ?,2
389,VQ엔진... 진짜 최고 명 엔진...,6
390,pd님 올뉴k5 디젤 시승해주시면 좋겠어요 ㅠ어떤 평가가 나올지 궁금합니다..,3
391,간혹 서킷을 가는데도 괜찬은 세팅일까요? 영상 잘보고갑니다,4
392,가속은 연비신경안쓰고 밟으면 부족함 느낄일이 별로없음 앞바퀴 타이어 그립이 약해서 스핀이 가끔나는게 흠,3
393,쉐보레더뉴말리부보다 수리비가 더 들어가는편인가요?,2
394,Ats에서 넘어가면 만족감이 많이 떨어질까요 ? ㅎㅎ,2
395,오토뷰 김기태피디님의 시승기영상을 즐거보는 한사람입니다  피디님의 시승기를 참고로 차도 구입하였습니다 항상 잘 보고 있고요 건의사항이 있어 글 남깁니다 스마트폰으로 주로 시청하는편인데 얼마전부터 전체화면으로 볼수있는 기능이 사라졌네요 (유투브말고 오토뷰홈피에서.. ) 이 기능좀 다시 살려주시기를 살짝궁 부탁드려봅니다 앞으로도 객관적이고 좋은 시승기 부탁드리구요 날추워지는데 건강들 조심하시구요 이만 줄입니다,3
396,Q50s vs 맥시마면 어떤차를 사는게 나을까요??,3
397,조만간 맥시마 지르려고 하는데 브레이크문제 아직도 발생되는건가요?,10
398,알티마와 현대 LF소나타랑 비교하면  어떤차가 더 나은지?  한상기라는 분은 리뷰 댓글에 현대 소나타가 더 낫다고 하던데,6
399,멋있다,3
400,맥시마 좋쥬,5
401,안녕하세요 ~!파사트 2013 12월식 2.5 자연흡기 가솔린 운행중인데(중고로) 맥시마로 넘어가면 후회할런지요..?,3
402,차 세워놓고 사진찍었을때의 장소를 알 수 있을까요,1
403,Cvt가 수동도 가능한가요??,1
404,https://youtu.be/WafAzlSqXlM 여기서 오토뷰시승기 도용한거 같은데요,2
405,닛산 맥시마,2
406,"후속모델""프리마""",2
407,"저는 이걸 스포츠 세단으로 봐야될지, 아니면 그냥 운동성능이 특줄한 중대형 세단으로 봐야될지 참 궁금합니다.... 저는 미국에서 구형모델을 타본적이 있었는데, 구형모델은 확실히 편한함 위주로 세팅되었지만 어느정도 스포티한 모습을 보여주고 싶어하는 차량이였거든요, 덕분에 저는 닛산이 이 편안한 차량을 스포티한척 꾸밀려고 하는지 참 의문이 많았습니다.  저는 구형 맥시마 덕분에 맥시마을 볼때마다 제네시스 생각이납니다..... 그 좋은차을 구지 스포티함에 목매서 장점을 버릴려고 하는지... 아, 그리고 북미 모델과 한국모델이 다른가요? 북미 모델에서는 브래이크 애기가 한번도 안나온걸로 아는데..; 한국에서는 계속 브레이크 애기가 나오네요;",3
408,이분 목소리가 ㄷㄷ,2
409,맥시마,3
410,연비가그렇게쓰레기인가요,2
411,임시남바네,4
