,comments,likes
0,"이쯤되면 그냥 다같이 줄자들고 팔다리 길이, 앉은키 측정하는 컨텐츠해서 서열정리 한번 해야할듯",273
1,웬지 다른 시승기보다 텐션 업이 되신건 역시나 슈퍼카이기 때문이겠지요? ㅋㅋㅋ플로시님 대한민국에 1대라는 차주의 자부심이 느껴지네요~,5
2,정말 차에 대한 애정과 지식이 느껴지네요,2
3,돈이 있어도 쉽게 못타는 차네요 ㄷㄷ 그저 드림카 입니다 ㅎㅎ영상 잘 봤습니다~,9
4,GTR 얘기하면서 일본의 망가까지 연결되는 터보님의 TMI 스킬은 넘사벽이다 ㅋ,4
5,다른 일본 슈퍼카 영상도 보고 싶네요. 제가 돈 많으면 꼭 사고 싶은 차인데.. 진짜 멋지고 부럽네요,4
6,언변맛집!!! 귀호강!!! 유튜브 이따금씩 보면서 늘 느끼지만 말씀을 조리있게 잘 전달하여 제가 시승하고 있는듯합니다.GTR은 시대를 아우르는 건담 느낌인거죠...우리머리 속에 거북선이 늘 존재하는것 같은? 그런 감성이 아닐까 싶네요. 잘 봤습니다.,2
7,진짜 전설의 차 GTR그것도 니스모...진짜 타보고싶네요,5
8,고질라... 정말 매력적인 차량 입니다.흥미로운 리뷰 잘 봤습니다~~,3
9,"스카이라인 1세대 출시 당시 기술력으로는 곡선을 넣을 수 없었지만 R32까지 스카이라인은 직선 위주의 디자인이었죠. R33때 직선을 죽여 곡선을 넣었는데 여기서 디자인에 관해 욕이 엄청났습니다;; 이후 R34가 다시 직선 위주의 디자인으로 출시하면서 그 명성이 다시 부활했죠. 그렇기에 R35에서도 직선 위주의 디자인으로 나오게됐죠. 스카이라인에 있어서 직선은 그 자체만으로 스카이라인입니다. 스카이라인을 디자인으로 욕하는건 스카이라인을 무시하는거죠. 하지만...R35 출시 당시 R34와 달라서 욕이...;; 그래도 테일램프의 그 형상은 4세대부터 현재까지 계승했으며 또 후속모델 R36까지도 계승할 예정입니다. 이런 아이덴티티는 정말 중요하죠. 포르쉐에게 아이덴티티는 개구리눈, BMW의 아이덴티티는 돼지코 등 상징성이기에...근데 아우디의 아이덴티티는...LED?;; LED말고 떠오르는게 없네...색깔로도 아이덴티티가 될 수 있는데 페라리는 빨간색, 람보르기니는 노란색 이런식으로요 ㅎ현대는 메기...",4
10,즐거운 촬영이었습니다 ㅎㅎㅎ 니스모의 맛을 영상으로 100% 설명 못드린거 같아서 아쉽네요 ㅠㅠ,67
11,닛산 GT-R(NISMO)는 가성비로 끄는 슈퍼카이죠....  아쉬운건 국내에서 정식으로 출시를 하지 못하는게 좀 안타까울 뿐입니다.,3
12,바이크의 혼다 HRC와 함께 자동차에서는 니스모.. 진짜 전설..,1
13,아니 이게 국내에 있었어요?!?! 화이트가 간지라고 생각했는데 흑간지도 장난아니군요ㄷㄷ,5
14,미국 차덕들은 저런 차에 몇억을 더 부어 엔진 스왑에 가까운 무지막지한 개조를 한다는게 신기하죠 ㅎㅎ,4
15,다른 시승기도 좋지만 터보님께 가장 보기 좋다?재밌다 빠져든다라는 느낌이에요ㅎㅎ,2
16,영상제작자님~ 아주 재미있게 잘보고 갑니다판매하는것보다 일본차 오너로써소장하셨으면 해요~,3
17,폐활량이 대단하신것 같네요...,6
18,"페라리의 아나로그 계기판,특히 속도계바늘 움직임은 가장 리니어함.",2
19,GTR 후속 빨리 나왔으면 좋겠네요어떻게 나올지 너무 궁금한데설마 개발 안하고 있는건 아닌지...영상 잘 봤습니다~,3
20,영상 명언 12:53 나이가 조금 있는 사람들이라면 백퍼 공감되는 명언이네요.,3
21,예전에 탔던 르망 감성의 느낌이 좋아었던 기억이 가물 가물 나는 것 같은데 그런거겠지요^^ 차 리뷰인데 차는 안보고 터보님의 말하는 것만 집중해서 듣게 되네요.^^; 영상 잘 봤습니다.,1
22,터보님~ 평소 팬으로서 영상들 잘 보고 있습니다^^ 혹시 터보님 포드 대 페라리 란 영화 보셨나요? 그 영화에 대한 터보님의 감상이나 포드와 페라리란 회사에 대한 터보님의 지식등과 개인적 견해등을 영상으로 올려주시면 정말 재밌을것 같아요~~ ㅎㅎ,3
23,니스모보면 포르쉐가 생각나서뜬금 없지만 어제 공개된 gt3디자인이 진짜 이쁘더라고요ㅋㅋㅋㅋ,2
24,진짜 멋있다 니스모,3
25,캬 911을 성능으로 이긴차~  대단하네요,3
26,캬 진짜 리뷰하는거 보고 싶었는데 드디어ㅠㅠ,5
27,막판에 가야르도는 사골이라도 욕이라도 먹었는데 요녀석은 그 관심마저 없는 느낌..ㅎㅎ 07년도에 997과 경쟁한다고 처음 본 그 플랫폼이 아직도 현역으로 3장에 팔고있다니... 플로시 님 용자 인정합니다.,2
28,청소년기 드림카가 두 가지였는데 하나가 골프r 그리고 하나가 gt-r이였는데 그래서 그런지 이번 영상 너무 좋고 감사합니다. 현재 뚜벅이 취준생이구요...,2
29,"일본의 문화가 담긴 차가 있다는게 부럽네요. 우리도 우리만의 문화와 정서, 전통이 담긴 차가 나올 수 있을까요..",1
30,그래도 콜벳이나 911 처럼 저가라인 없는 슈퍼카중에 유일하게 살아남은 게 GTR.  바이퍼도 단종 nsx도 단종 r8도 단종이라고 하고 bmw 는 이시장에서 못 버티죠 그나마 amg gt가 상황이 낫고. 이 미친듯한 넷상의 인기가 그래도 GTR을 저 시장에서 살아남게 만드는 원동력이라고 생각합니다 7 DCT 에 마력 업해서 신형이 나올거란 카더라는 돌고 있습니다.,1
31,국내에서 한국인보다 외국인이 환장하는차ㄱㅋㅋ 정말 멋집니다,5
32,3억 3천ㄷㄷㄷㄷ911 터보s값이네요ㅋㅋㅋ진짜 매니아분들을 위한 차네요,6
33,세상 고상하고 나긋나긋하며 지적으로 동생들 맥이는데는 이 형만한 사람이 없음 ㅋㅋㅋㅋㅋㅋㅋㅋ 바나나우윸ㅋㅋㅋㅋ,4
34,스카이라인... 아시아의  진리죠.   바이크를  잘 만드는 나라가  차도  잘 만든다...  다른 건  다  까도..정말  두가지는  절대  못   까 겠네요.   정말 정말  부럽습니다.   영상 잘 봤습니다.,2
35,한솔형이 GT-R 몰고있으니까 웬지모르게 그냥 잘어울린다 ㅋㅋㅋㅋㅋ,2
36,와.....진짜 너무 멋쪄요....ㅎㅎ,3
37,이제 점점 자동차 회사들의 100프로 전기차생산이 이 늘어나서 저런 자동차가 앞으로 얼마나 나올지....,2
38,길에서 본다면 이차도 피해야겠군ㅋㅋ좋은 정보네요,7
39,3억주고 이차를 산다는게 대단한 용기다,1
40,국내 단 1대 ㄷㄷ 역시 니스모,1
41,형한테 꾸중 한시간만 들어보고 싶어요 . 잘살수 있을거 같아요 ㅋㅋ,1
42,호우~ Nismo!!! ,2
43,뒤에 MX-5 미아타 리뷰도 해주시면 ㅠㅠ 북미에서는 많이 보이는데 한국에서는 정말 보기 힘든 차... ㅠㅠ,2
44,"옛날에  370z  300마력 맵핑 한 차로 gtr 똥꼬붙었다가 처참하게 참교육 당했던거 생각나네요. 보통 벨엔,a45,박스터 등 언급하셨던 모델들 타는 사람들이 딱 내차 빠르다고 착각하는 사람 많아요 ㅠ",2
45,지나가다가 gtr r 35 니스모를 보게되면 그날 로또를 한번 사봐도 될거같네요,2
46,터보님 에스컬레이드 리뷰 영상만 기다리고 있습니다!!,3
47,gtr R34 각진 모델이 더 신형 같아보이는 현상 ㅋㅋ 아 타보고 싶네요 s2000 amuse  튜닝회사도 최고라고 하던대요,3
48,300대 붕뜨는 느낌에서 빵터짐ㅋㅋ 터보님은 300경험 없으신듯^^,1
49,잘보고 갑니다 엄청 비싼 차군요 ㄷㄷ,1
50,공도의 제왕 악마의 z 시리즈도 보고싶습니다..완간미드나이트 만화 보셧다면 알꺼에용,1
51,GT3RS 같은경우 본넷 나카덕트는 브레이크 냉각쪽으로 연결 되어있는걸로 알고있습니다 ㅎㅎ 엔진이 뒤에있으니 ㅋㅋㅋ gtr은 엔진냉각해주는게맞나요? 6:10초,1
52,"일본가서 GT R 니스모 본적 있는데, 오지드라구용ㄷㄷ",1
53,23분 긴 영상 행복..,4
54,아무리좋은차도중고차세차도관리 잘했야,1
55,니스모 정말 최고입니다,2
56,23:20 그래서 저는 34GTR 소장하고 있습니다 ㅎㅎ,9
57,대박이다 Nismo ..... 드림카였는데 ㅜ,3
58,엔진장인을 타쿠미라하니  이니셜D  두부집 아들내미가 떠오르네요ㅎㅎㅎ,2
59,와! 터보님은 사랑입니다,2
60,찬호 형님 출현하는 날이 오길....,2
61,"아니 근데 , 형님 앞뒤가 너무 다른거 아니요 ? ㅋㅋㅋㅋ 센터디스플레이는 너무 요즘 시대에 뒤쳐져있다 하면서 갑자기 사이드브레이크랑 아날로그 계기판은 또 아날로그라서 좋다카시고 ㅋㅋㅋㅋㅋ 내로...남불...읍읍",2
62,이영상의 핵심은 그누구도3억 몇천을주고 니스모사는사람은없다그돈이면 페라리. 포르쉐산다고그래서 큰용기가필요하다,1
63,매니아를 위한 차량이네요. 특별해서 더욱 재미있게 봤습니다,1
64,에스컬레이드 구형 신형 리뷰해주세요.. 유지비도 궁금합니다,1
65,밀리는시간엔 우면산터널을 타시는게 절반정도 빠릅니다 ㅠㅡㅠ,1
66,영상을 집중 하다 보면 털보형 얼굴이 살짝살짝 보여지네요 ^^영상 잘 보고 갑니다,1
67,마력도  튜닝안하고  800이하로  조종이  된다고요  340키로이상도   나간다는  이야기인데,3
68,박찬호씨랑 수다떠는거 보고싶네요. 그때까지 구독할게요 ㅎㅎ,2
69,R34에 환장하는 1인,3
70,무패신화의 GTR,1
71,악 바나나우유ㅋㅋㅋ재경님과 한솔님을 동시에 타격!ㅋ,3
72,매니아 시군요. 지샥 gtr에 니스모 ap..,1
73,에스컬레이드 시승긴 왜 안올리시나요궁금터져요,2
74,멋있다....,1
75,감성 마력   플러스 100 이상 ㅋㅋㅋㅋ,1
76,배기음 들어보라고 하시고는 말을계속하셔서 배기음이 안들림ㅋㅋㅋㅋㅋㅋㅋㅋㅋㅋㅋㅋ뭔가 이상한 매력이 있어요~~ㅋㅋㅋㅋ,2
77,r34도 시승기 들려주세요 제가 젤좋아하는 차예요,1
78,"유동성 버블로 부동산 주식 코인 벼락 부자들이 많이 생기니 슈퍼카, 부동산 수요도 같이 늘고 환경 아다리 맞게 컨텐츠 짜서 사업하니 수익도 챙겨가네 질투는 안나고 부럽다. 건강하시길.",1
79,3:16 터보형 얼굴 최초 공개군요 ㅎㅎ,50
80,영상 보면서 내내 드는 생각말 진짜 많다,2
81,터보님 찬호형 만남 주선 하고 싶다 누구 귀에서 피 먼저 나나 ㅋ 찬호형이 질듯 ㅎ 넝담입니다 잘 보고 있습니다 ㅎ,2
82,엔진이 가장 아쉬운 차,1
83,0:35 Nismo는 마력이 좀 틀리지 않나요?,1
84,"터보형은 언제부터 여성호르몬 과다분비로 말이 많아졌을까?1,중딩때부터2,고딩때부터3,태어났을때부터",78
85,드림카가 r35니스모로 바뀌었습니다 터보님 리뷰잘보았습니다,1
86,진짜 이쁘다...,1
87,얘도 r34마냥 gtr의 최종판인 z튠이 나오면 좋겠군요,1
88,"아.. 뭐가 좋아서 3억3천은 아니구. 이래저래 세금 때문에 차가조아선 아니구, 어프티 뮈시기때문에, 차가뭐가 존 좋아선 아니구. 그래서 비싼거구나..",1
89,와 궁금했는데 감사합니다,2
90,내 드림카ㅠㅠㅠㅠ,1
91,터보 님 블로그 부터 잘 보고 있습니다,1
92,A1 인터네셔널 이라는 곳에 가면 저런차들 구경이 가능한건가요?타볼수도있죠?시승같은건 신청해야되나요?,2
93,에스켈레이드 시승기는 언제 보여 주나요??,3
94,그... RX-7도 궁금하네요 ㅋㅋ,5
95,렉서스 빼고 디자인은 기괴하거나 절대 평범하진 않음일본차는 디자인 보단 기능보고 사는 차같음,1
96,터보님화이팅,2
97,크흐..... 소리 죽인다,5
98,12:41 GTR시계 모델이름이 뭔가요? 한정판 인가요?,2
99,편집하느라 고생하시겠네요 ㅋㅋ,1
100,역시 팔다리 맛집..,1
101,와 한국에 니스모가 있구나......,2
102,이상하게 이 말많은 형한테 빠져 버렸어...,45
103,터보님 궁금한게 있는데 자동차에서 팝콘소리가 나는 이유 기어변속시 어떨때 나는지? 등 요런것좀 영상으로 알려주실수있나요?,1
104,와 이차 ㄹㅇ 보기 힘든데 돈이 ㅈㄹ이였구나..,1
105,남산에 왔는데 오렌지커스텀을 안들리다니...,3
106,차아무것도모르는대 이차가격 보는대 넘사벽이내 ㅋㅋㅋㅋㅋㅋ,1
107,좋은영상 잘 보겠습니다,2
108,반영이 없다고는 할 수 없지어쨌든 일본애들은 평범한 애들이 아님 정밀부품 세계 강국이니 일제산은 최고수준이긴 함,2
109,3억3천;; 지티알이 아니라 건담을 산다고 생각하는게 편하겠네요,1
110,터보님 요즘 논란이 되고 있는 슈퍼카 렌트사업 사기꾼 빅보스맨에 대해 아시는정보있으시면 관련영상하나 찍어주시면 좋을것같아요 ㅜㅜ피해자분들도 너무 불쌍하고ㅜㅜ또한 터보님에 생각은 어떠신지 궁금하네요,2
111,터보형은 못참지,2
112,어떻게하면 이렇게 박식해지나요?,1
113,한솔님도 마이크 하나 채워주세요 ㅋㅋㅋ,7
114,성인 되면 사러 가겠습니다,1
115,gtr 그리고 스푸라는 전설이지,3
116,GT-R 탄 김에 그랜드세이코 가야지,1
117,rx7 존버합니다,2
118,"차가 너무 섹시하다,,",2
119,후드가 자동식이면 따로 또 모터가 들어가니간저 후드 여는법은 차 무게를 줄이기 위해 저런식으로 햇데요,1
120,터보님 국어쌤하면 될꺼같아요,2
121,일본의 단점은 너무 미세한거에만 집중해서 큰 그림을 못 그리는것 같음,7
122,ㅋㅋㅋㅋ 바나나우유 ㅋㅋㅋㅋㅋㅋㅋ,5
123,7분전은 못 참지.,4
124,3억ㄷㄷㄷ 포르쉐 사겠다,1
125,젠쿱 380기본에 터빈업  맵핑 한차는 따라가지 멀놋따라와 맘만먹으면 다따라가내차는 380 존나 무시하네 ㅋㅋ,1
126,니스모가  제로백이  아벤보다 더  빠른걸로 아는데,1
127,꼭 페라리 람보12기통 아니더 라도 마력이 6~7백 정도는 되야지 슈퍼카 소리 듣지않나??,1
128,귀아파 ㅠㅠ,1
129,힙합이네요,1
130,신형에스컬레이드는 언제쯤...,2
131,키가. 150. ?,1
132,호잉호잉호잉 에스컬레이드 보고싶어요잉요잉요잉,1
133,찌찌알 니스모 파시던데 다시타기로하신건가요!소장!,1
134,날개를 k5같은데 다니 의미가 없죠..,5
135,6분전은 못참지,2
136,말이 쉬질않네,3
137,슈퍼카중에서 연비개쩌는차 아님?? 22라던데,1
138,공기역학 개나줘버려우리는 공기를 찢고나간다는 찌찌알,1
139,아 2010년에 못산게 한.,1
140,바나나우유 ㅋㅋㅋㅋㅋ,3
141,어 뭐야!?GTR 이제 인증 안됨!??,1
142,3:15초쯤 털보형 얼굴 나오셨어요ㅜ 약간 깨박이 느낌 있으시네,4
143,뭔가 일본만의 고집과 정체성이 결집된 자동차..같은 느낌,2
144,2분전은 못참지,1
145,17:45 ㅋㅋㅋ 의정부에서 서울 넘어올때쯤 뒤꽁무늬에 몇 명 따라붙던데 바로 6기통에서 12로 전환해주고 쫙 밟아주면 엄마 젖먹으러갔나 안보여요 ㅋㅋ,1
146,차좀 봅시다 너무 시끄럽게 떠드니까 집중이 안되요..,1
147,0:11 와 v2다 저게 그 유튜브에 올라온 사고난바이크죠?,2
148,아오 귀아퍼 귀마개 끼고 들어야겠네요,2
149,GTR에 제국주의 사상이 많이 들어갔죠 상징과 같은 리어 테일 램프 동그라미 4개가 일본 욱일승천기를 상징한다고 하네요,1
150,3억을 넘는 찌찌알이 있다? 삐쓩빠쓩뿌쓩,1
151,플로시 어케 말 좀 해볼라고 치고나오지만 어림도없쥬바로 터보가 도륙내버리쥬,1
152,와 졌다나보다 말많네 ㅠㅠ,2
153,터보님!!!에스컬레이드 보고싶다구예아시겠어요?,2
154,말투에서 터보님이 지티알좃밥처럼 보시네요ㅋㅋ,1
155,아이폰 1이랑 동갑인 차가 있다?,1
156,넘길다말,1
157,이형 침안마르나말하다 조상님보러가겠어,1
158,9:19 패스하지 말고 얘기해주세요.,2
159,날것의 차 지티아르...,1
160,한국에선 저 돈 주고 저걸 살사람이..,1
161,14:43 nomal......노말....노말!!!!!,1
162,아니  키가  150 이여 ?  ㅋ,1
163,앗 철수기업꺼네요 ㅋ,1
164,귀에서 피날 것 같아요 ㅠ,1
165,이 형 돈 그리 많은데 광고를 왤케 넣음ㅡㅡ,1
166,너무 사골이지  지티이로,2
167,불쌍하다.  한솔씨 ㅋ ㅋ왜 터보인줄 불쌍 한솔씨,1
168,어제 울산 정자에 한커피솝에 왔었는지 물어봐주세요,1
169,아 ..911살껄,1
170,자동차에 군국주의 민족주의까지ㅋㅋ,2
171,드림카,1
172,와 말 진짜 많네.,4
173,Gtr 니스모가 그냥 gtr보다 출력과  토크가 더 높습니다,1
174,말이 많은건 그렇다치는데 말이 너무 빠르단다. 쫒기는 고양이마냥 급해. 말을 조금 천천히 차분하게.,3
175,일반인들 GTR GTR이 최고라고 말하더래도 막상 돈생기면 독일차로 가죠뭐. 10이면 9이 그렇죠. 1명은 GTR선택합니다. 세상이 다 그렇죠 뭐,4
176,박찬호만큼 하는데?,2
177,귀에서 피나겟다 ㅡㅡ,1
178,보여주기위해 사는 슈퍼카보다 진또배기 트랙쟁이를 위한 차같네..,1
179,빠르면 뭐하냐 30km 50km로 구간 많은데,2
180,언변은 훌륭하신데 말의 간격과 호흡이 너무 짧아서 영상보는 내내 맘이 불안함 ㅋㅋ,1
181,ㅈㄴ강남아줌마들도 이거보단조용하겟다 ㄹㅇ... 어케 주둥이가 한번을못쉬지 대단하다진짜..ㅋㅋ,1
182,와..이형 말 진짜 많네..제발 조용히 해줘.. 배기음을 듣는지 아가뤼쓰를 듣는건지 모르겠어요,3
183,이런 희귀직수입차 메인터넌스는 어떻게 하나요?,1
184,ㅋㅋ 누가gtr 을 슈퍼카 웃겻다 쳐주지도 않는대  보기힘든 차일뿐이지,1
185,해설하시는 분이 이상함 차알못,1
186,일본차 패스,1
187,먼  내용  인지...,1
188,GTR35は絶対にポルシェには勝てない。値段も質も技術も。だって日本車だもん。,1
189,저 가격이면 다들 포르쉐 살거 같은데,1
190,Talk way too much,1
191,말이너무많다,1
192,말 ㅈㄴ 먾네 ㅋㅋㅋㅋ,1
193,오,1
194,외국노,1
195,아 터보 말 진짜 준내 빠르네 귀 아프네 딱따구리처럼 말 x나 많어 차주가 말 좀 하게 해줘라,1
196,설명충....,1
197,"GTR 은 멋진 일본의 괴물차입니다!  제 채널에 와인딩 영상과 , GTR에 여자BJ태우고 서킷에서 풀악셀 조진 영상도 있습니다. 재밌게 즐감해주세요!",63
198,그동안 국내 GTR 생생리뷰가없어 너무 아쉬웠는데오늘 운좋게 잘봤습니다^^차주분 말씀도 진정성이 느껴지구요진짜 차를 좋아하시는거 같아요2편 기대할께요,24
199,평범한 리뷰 같으면서도 생생함과 실제 차주의 정보전달력이 인상 깊네요 리뷰의 퀄이 준수하네요~,1
200,와 지티알 리뷰 처음보네요 차주분이 자세히 설명 해주셔서 정말 재밌습니다. 개인적으로 굉장히 궁금했던 차라 감사합니다,37
201,솔직히 생각안하고 틀었는데 계속 보고 있네요 ㅎㅎㅎ.   이번편은 차주분 입담이 아주 쥑이네요.  잘봤어요 감사합니다,1
202,직접 동호회 가서 놀러온 느낌.. 여타 리뷰보다 솔직한 리뷰가 좋네요..2부는 언제 올라오나요?,1
203,GTR차 너무 좋죠 빠르고 성능좋고 배기는 순정이 아니네여 그래도 배기는 역시 갑이네요,1
204,M6에 대해서 말해주니까 참 좋았습니다.현실적인 말씀 감사합니다.,2
205,"미친차 맞쥬..요코하마 닛산 프린스에서 18년 블랙에디션 시승했는데 미션-노멀, 뎀퍼-R,자세제어-C모드인데도4단 60km/h주행중 킥다운 없이 이븐스로틀로 240km/h까지 순식간에 밀어버리는 미친 힘.계기판 안보면 Y존인거 모를정도로 안정감있고.. 좋습니당.. Nismo팩은 대체 어떨지.. +ECU제한 풀면 어떤 미친상태가 될지 상상도 안됩니다 ㅋㅋ",1
206,진짜... gtr.... 10번을 돌려봐도... 너무재밌어요 너무잘보고있숩네다!,1
207,거진 이 영상을 세번째 돌려봤는데 두분캐미가 너무 잘맞는 것 같아요 ㅋㅋ 여윽시 데젓 영상은 시간가는줄 모르고 봅니다ㅋㅋ,1
208,이형 영상 심심해서 보는데 끝까지 보게되네. 걍 대화에서 자동차매니아인게 느껴짐.,7
209,대영 말고 익산에 아민레이싱이 있습니다. JDM쪽으론 역사가 있습니다 제작완료된 시퀸샬34와 HKS 35 제작중에 있습니다 감사합니다,4
210,"저번주 인천 송도터널 지날때 지티알이 앞에 가길래ㅎㅎ 바로 뒷꽁무늬 쫓아가면서 옆에 앉은 친구한테 ""이러면 저 배기음 내껀줄 알아ㅋㅋㅋ""했는데ㅋㅋㅋㅋ정말 멋진 차입니다ㅎㅎ",34
211,상당히 좋은 리뷰 잘봤습니다. 아주 자세하게 좋은 리뷰네요. 정말 유익한 진짜 리뷰네요!!차주분이 차량에 대한 전문가네요!,2
212,실내는 좀 아쉽지만 여전히 멋지다..,2
213,"가성비 쩌는 슈퍼카급 대형 스포츠카, 미션관리만 잘하면 되는 데일리카!",2
214,시승해보니까 진짜로 말이안나오더라구요ㅋㅋㅋㅋ시트에 파묻힌다 라는말이 맞는거같네용,1
215,차주분께서 여러 브랜드를 경험하시면서 느낀 경험들이 녹아나오는 살아있는 리뷰인 것 같아 재미있게 봤습니다. 닛산 코리아의 정책에는 정말 한숨이 나오는군요...,2
216,"노보스 vs 모트라인 영상보고 이분 사회 보시는 분인줄 알았는데, 동종업계 리뷰어시네요! 수고 하셨습니다. 리뷰 잘보고 갑니다.",1
217,보다가 너무재밌어서 바로 구독눌렀네요 약간 형식적인 기자님들의 시승기보단 이런 리얼한 시승기 신선하고 좋네요 응원합니당!,1
218,같은 닛산 타는 사람으로써 말씀도 잼나게 잘하시고 시원시원한 배기음과 영상 잘보고가여  구독&따봉 하고 가여 ㅋㅋ,1
219,"와우할때 봤던 데글님이군요 놀랍네요거기다가 보기 힘든 불패의 닛산 Gtr까지, 차주분 입담은 덤이군요",3
220,말씀을 너무 다이나믹하게 재밌게해주셔서 주행중인줄알았는데 엔진룸 여는거 보고 깜짝놀랐어요!,1
221,GTR을 타보면 7명의 장인들이 매일 엔진만 만드게 어떤건지 알게 해줄꺼다.,1
222,아 잼있다. 지티알 차주분도 진행하시는분도 잼납니다. 좋은 영상 감사합니다. 좋아요와 구독 누르고 갑니다. 화이팅 해주십쇼 ~!,2
223,차주님이 설명 잘해주시네 여러 여담과 아주 재밋다,2
224,죽기 전에 꼭 GTR 몰아봤으면 좋겠다 ㅠㅜ,1
225,스카이라인gtr 이니깐 언젠가 인피니티에 들어가면 좋겠네요,2
226,"신선하다.. 차알못 여자게스트 내밀어서 지루한 동영상보다 차주분들 인터뷰까지, 보기 힘든 찌찌알 잘 보고 가요~ 구독할게요 업로드 자주 올려주세요~ 차리뷰 홍수에서 진주를 발견한듯ㅋㅋㅋ",52
227,찌찌알 리뷰 제대로 된거 처음봅니다 다른리뷰도 정말 신선하게 하시네요 ㅎㅎ 저는 이런걸 원했습니다 흥하시고 구독신청하구 갑니다 ㅎㅎ,1
228,누가 일제차를1억6천 주고 사냐.. 그런 인식이 있는듯... 그나 저나 차리뷰도 하시는군요  얼마전부터 카카오티비에서 자주 봤는데 재미가 쏠쏠하네요,1
229,gtr....겉은 얌전해보일지 모르지만 심장이 괴물인 차..!!,1
230,영상 잘봤습니다 한번쯤 타보고 싶은 차량이네요 2편빨리 올려주세요~~~,2
231,GTR은 드리프트 할 때가 젤 매력이라는거 ㅋㅋ,1
232,전에 타시던차에 e63 m6 말씀하신게 공감되네요ㅎㅎ저도 e60 m5 v10인데클러치유압유닛등등ㅡㅡ ㅋㅋ,1
233,gtr 특유의 나팔소리가 참 좋음ㅋㅋㅋ뒷모습도 예쁨,3
234,진짜 재밌게 잘봤습니다,1
235,느낌으로 입터는 시승보단 직접 차주가 전달하는 정보와 느낌이 다른 리뷰보단 재밌네요....ㅋㅋㅋㅋ,3
236,아 이때 이분이 지금의 카센타사장님이구나....ㅎ,1
237,21:50 저건 닛산 갬성인데... gtr을 멋으로 타시네요!,2
238,인터뷰 2부 언능 보고싶어요 ㅋㅋ,1
239,저도 지금 Lexus IS200 을 17년째 몰고있는데 (22만 키로)  단한번 잔고장도 없었습니다. 그냥 오일만 갈아주면됨.,13
240,지티알 차주분 재밌으십니다 ....ㅎㅎㅎ 개인적으로도 알고 지내고싶네요 ㅎㅎ 개인적으로 드림카라 방송 잼나게 봤습니다...,1
241,근데진짜재밌게리뷰하시네ㅋㅇㅋ,6
242,외제차 중고 사지말라  와 그말이 제일  진짜 1천씩 통장에 있으면 타라는.....  지티아르는  사랑입니다..... ㅎㅎㅎㅎㅎ,1
243,멋지시당.. 부럽습니다 ㅎㅎ 열심히 사신 대가로 찌찌알도 타시구 안전운전 하십쇼~~^^ 뭘좀 아시네 지티알 굿굿ㅋ 이런영상 찍어주셔 감사하고 2편도 기대할게요~~ㅎㅎ ,2
244,저도 남자지만 니싼 GTR은 환장합니다... 공도에서 몇번 보긴했지만서도...저도 타고싶을정도로..드림카,1
245,설명이 그냥 확 와닿네요,1
246,기술의 닛산엔진의 혼다마케팅의 도요타,3
247,와  독수리사막님이  드디어  해내셧군요!!,1
248,차주님 말 잘하시네 ㅎㅎ GTR 개오집니다,8
249,드립트는 관객을 흥분시키는 퍼포먼스다.,2
250,영상 재미있게 보았습니다 혹시 2편도 올라오나요?ㅎㅎ,1
251,신형 m6를 사면 마음 편할것을..  구형사서 고생 하셨네,1
252,아우토반 영상 보니까 같은 속도에서 AMG는 거의 흔들림이 없는데 GTR은 매우 많이 흔들리던데 차가 작아서 그런 것 같아요.,2
253,차주님 서글서글 하니  너무 좋으네요,1
254,풍차돌리기....난 무슨 체위인줄 알았눼....ㅋㅋㅋㅋㅋㅋ,1
255,GTR의 엠블렘은 불패신화의 R이다!!!!,2
256,gtr 리뷰가신선하네,8
257,"우스갯 소리로 디자인만 뺀 포르쉐, 람보르기니 소리듣죠. 저는 개인적으로 괜찮은 디자인이라 봅니다. ㅋㅋ지금 세대 GTR은 전면은 좀 아쉽지만구형이지만 R34보구 쌈. ㅠㅠ전면이 마치 중후하고 묵직한 맛이 일품이죠.(빠르기도 하고!)*개인적인 의견입니다.!",2
258,구형 m6맵만해도  구형 911터보는 이길텐데. Pdk아닌 구형 순정 터보는 느림,1
259,지금봐도 디자인 깡패네..gtr이란 벳지가 붙으면? 명차 그자체다,1
260,진행 무척 잘하십니다 구독할게요,1
261,모터쇼에서 gtr이 왜 없나 했더니 저런 이유도 있겠군요 하 매년 서울 부산 가서 파란색 gtr보는 맛으로 갔었는데 내년에도 못볼 수도 있겠군요,1
262,믿고타는 재패니즈 고질라NISSAN Skyline GT-R/NISSAN GT-R,3
263,이거는 조회수 잘 뽑을 수 있을거 같은데요. 지티알 시승기가 워낙 없어서,2
264,GT-R의 R은 불패신화의 R이다!,2
265,아 이붓 점점 마음에 드네요 친해지고 싶어요 ㅋ,2
266,역시 일본차 잔고장없죠,4
267,긴시간 잼있게 봤어요,1
268,진짜 레알 풀튠 생각 밖에 안난다...,1
269,GTR 계기판이 저런 이유는 이거에요GT-R을 100Km따위로 몰지 말라는거지,1
270,재미있게 보고가요,1
271,보면 볼수록 이쁩니다... 드림카입니다 r35,1
272,구속됐었다는 불법레이싱 동호회장이 저번에 겁나 웃기게 말씀하시던 그분이구나ㅋㅋㅋ전과 있으세요?어떤거루요?띵언ㅋㅋㅋ,2
273,GTR  보는것 만으로 피가끓어오르는 느낌이드네요 개인적으로 정말 사고싶은 차지만 현실은K5에 만족하고 있습니다,1
274,독일차 전자장비가 예민해서  진짜 짱나긴함저아는분  미션 뻑나고 as교체하고 파신분 계심 ,3
275,R32나 R34타고싶은데.....실비아S15도 괜찮고....RX7FD3S도좋고....,1
276,와... 운전자와 이글님이 형제 아닌가요? 똑같이 생겼습니다.,2
277,10 년씩.  찌찌알이면..제로백 3.5초  최고속315km  나오네요.  순정12년씩부터 제로백  2.7  까지나오죠 .545마력에,9
278,남자는 죽을때까지 지티 아르다!,1
279,데글님! 혹시 r34도리뷰예정있으신가요? ㄲㄲ 영상잘보고있습니다!!,2
280,차주 골때리네 ㅋㅋㅋㅋㅋㅋㅋㅋㅋㅋㅋㅋㅋㅋㅋㅋㅋㅋㅋㅋㅋㅋ,25
281,2편은 언제 나오나요,1
282,이런분이 구독자수가이렇게 낫다니 화가나넹 ㅠ 구독했습니다 ㅎ,1
283,뒤에 동그란 램프가 일장기 마크 인건 처음알고 좀 크게 실망입니다... 좌우지간 g35쿱 타다가 너무 마음에들어서 2년뒤에 g37s쿱으로 바꾸고 현재까지 타고있는데 gtr이랑 비교불가이긴하다만 제가 말하고자 하는 포인트는 인피니티 (닛산계열) 스포츠카는 정말 잔고장 하나없고 내구력 끝내주고 가성비 와따인건 인정입니다 .. 단점이있다면 기름 많이먹습니다 ...,5
284,하...드림카..언제쯤 살수있을까..,1
285,GTR차주 분이 하셨다는 미션어퍼프로그램 정비소 이름과 정보좀 부탁드립니다,1
286,닛산이 좋은이유가있죠,2
287,대한민국 모든샵을 경험해 보신게 아니라면.. 이차는 어디밖에 못한다는 말은 함부로 하지 않으셨으면 좋겠네요.. 단순히 맵핑만 말핻ㆍ실제로 국내 맵핑세팅 전문가분들은 해외 원정다니시는분들도 많습니다. 하드웨어.소프트웨어 전문가들 많아요.100마력도 안되는 현대 2.0베타엔진으로도 650마력 넘게 뽑아내고 합니다,1
288,요새 어지간한 DSLR이나 미러리스 카메라들은 동영상 모드에서 엄청난 손떨림 방지기능을 가지고 있습니다. 진행자 분이 셀카봉에 스마트폰을 달아서 찍지 말고 DSLR이나 미러리스 중에 하나만 쓰시면 지금 보다 훨씬 보기 좋아질 거 같네요 ^^ 지금은 스마트폰의 동영상 기능을 이용해서 찍다보니까 손떨방이 적용이 안 되서 화면이 너무 많이 흔들리고 좀 보다보면 너무나 어지럽습니다 TT 전문 인력의 서포트 없이 혼자 만드셔서 힘든 건 알지만 화면이 너무 흔들려서 보기 힘든 우리도 좀 생각해 주세요 TT,3
289,DBA-R35 포르쉐를 능가할려나 ㅋVR38DETT엔진은  인정 ^^,2
290,글구 리뷰어분  은근 말씀 적절히 잘하시능거 같아서 좋았습니다^^,1
291,Gtr35 연비 얼마나 나오나요?,1
292,모트라인 노사장이 GTR 리뷰 하고 싶다고 GTR오너분을 그렇게 찾으십니다.GTR차주님하고 친분이 많이 두터우신거 같은데. 한번 정중히 부탁드려보는건 어떠신가요?영상 잘 보고 갑니다^^ 역시 고성능 슈퍼카들은 유지비도 힘드네요.,5
293,2011년까지는 미션 트러블도 많고 2012년부터 완전 다른찹니다.,1
294,차주 분 말하는거 재밌네,1
295,GTR 아무나타는차가 안닌게..다른차랑 다르게..유지비가.. 엄청나요  많이타면 월 2000까지도 나온답니다..,1
296,중랑구에 검은 gtr 데일리로 쓰시는거같다가 최근에 안보이던데 ㅠㅠㅠ,2
297,GTR의R은 불패신화의 R이다!,1
298,저번주.자휴서 집 복귀했을 때 63입니다 재미졌네요 역시 지티알!,1
299,저분도 대단하네요 구아방에서 gtr,12
300,재밌게 보고갑니당~ 구독도 꾸욱~,2
301,말진짜 재밌게하신다 ㅋㅋㅋ,2
302,닛산 GTR이 5.0 ㄷㄷㄷ 34까지는 2.6 사용했는데...,1
303,",밋션온도 때문에 밟을 수 있나요?대영모터스 는 어떻게 찾아요?",1
304,오 생각보다 전문적이어서 깜놀하고 갑니다,1
305,헷갈리네 ㅠ ㅠ 이 차주분말씀들으면 E63보다 유지가 괜찮은것같은데 ㅋㅋㅋ 내가듣기로는 관리가 후덜덜이라고햇는데  뭐지...ㅋㅋㅋ,1
306,데저트님  Gtr은  운전테크닉이 따로 있어야 하나요?,1
307,GTR 왠만한 가혹주행아니면 100도 넘기  힘듭니다;;; 100도 넘어도 바로 센터들어가면 ;;;워런티는 하직안함;;;단 영상에서도 나오는 초기형 GTR은 VDC끄고;;;주행하면;;; 미션보증도 쫑;;; 런치컨도 하면안됨...닛산코리아는 판매가 안된다는 이유만으로 14년이후 인증조차 안받고 판매도 안함...,1
308,음음젠쿱으로 만족해야지,1
309,흠 닛산 GTR 배기량도 머.. 괜찮은데.. V6엔진쓰고 하 존나좋아,1
310,아시아의 자존심,3
311,"죽기전에 타보고 싶은차,",1
312,실제 G35 차주들 까페에서 하는말 G35는 고질라다 더럽게 뚱뚱하고 못달리는 돼지에 휠 스피드 센서가 더럽게 잘나가는데 워런티 안해준다 못고친다 ㅋㅋㅋㅋ,1
313,"남자들만 좋아하는차 GT-R , Z4 , 370z ... 흙...",2
314,몸을 가만히 안두시네 ㅋㅋ,72
315,오 계산택지네요ㅎㅎ,1
316,차주잘생겼다 ㅋㅋㅋㅋㅋㅋ,1
317,기아차는 스팅어 있는데 먼 세단이 4.8초여...,1
318,무슨배기인가요??,1
319,아 이분 ytn에 나오신 분이구나......,1
320,바람이 세게부나. . . 몸이 계속 흔들리네. . .,1
321,"옹오 대젖님이다,, 방송 하시는군요 잘보겠습니다.",1
322,12년씩.8500정도합니다저도 3년 정도 고생해서  20년도에  13년? 4년식 입양해 올려구 생각중  ㅠ 죠지고싶어서 미치겠음.  찌찌알 렌트샾도없음 ㅠ,1
323,M6도 오일 누유 되는가 보네. 수리비 800만원 불쌍하다. 도대체 독일차 왜 타나,1
324,역시 일본애들이 차는 잘만들어,1
325,에이 그짓말 370z도 눈길가는데 GTR이 안간다니 겸손이 과하시굴요,4
326,중간에 전화번호가 나오는데 모자이크 처리해야 되지 않을까요?,1
327,34:40가속 지.........리...네.......요..............,11
328,저거 마샤배기인가요 ??,1
329,오조산 공원이네요..,1
330,전번 안가려도 괜찮을까요..,1
331,풍차돌리기가 뭔가요??,1
332,31:50,66
333,말좀 끊지 마시길..,5
334,계산동 사는데 반갑습니다 ㅋㅋㅋㅋ,1
335,남자는 죽을때까지 찌찌알이다!!!을 왜치며 서킷을 달리고싶지만 찌찌알은 제가사기엔 턱이너무 높아요  ㅋㅋㅋㅋ,1
336,이분이 이글님이 해먹은 아베오 차주님 아닙니까??,1
337,계양구 계산동 오조산 공원 앞 육개장집이군요,1
338,이차 팔았나요 데젖형,1
339,건들 건들 건들... 쩌업 쩌업 쩌업,1
340,상남자네 ㅋㅋ,1
341,불법 레이싱 한 걸 마치 자랑처럼 이야기하네 ㅋㅋㅋㅋㅋ신문에 났는니 벌금을 냈느니 ㅋㅋㅋㅋㅋㅋㅋㅋㅋㅋ,1
342,"데저트이글님, 상대분 말할 때 말 좀 끊지맙시다. 얘기 들어볼려면 말끊고 다른 얘기하고 중간중간 또 그러고...",1
343,닛산GTR 엔진 튜닝만 하면 부가티 어떠한 오토바이 차도 못쫒아온다고함,1
344,48:41,18
345,두사람이 닮아서 누가 누군지,1
346,39:33,1
347,나도 저거살건데,2
348,대건모터스?대영모터스?,1
349,두 분 쌍둥인줄ㅋ,1
350,옆에 파란색 젠쿱에도 눈이가네,1
351,대x?모터스? 대영?대건?어디죠?,1
352,21:00 영상요약,2
353,남자둘이서 우와와아 ㅋㅋㅋㅋ,3
354,2부는 어디있나요?,1
355,R35........고질라다,1
356,바람소리 ㅜㅠ,1
357,지티아르다,1
358,한놈은 이빨하나 빼먹고 한놈은 가죽찐따가 있냐 ㅋㅋ,2
359,여기 인천 오조산공원 옆인뎅,1
360,남자들만 좋아하는차 ㅋㅋㅋㅋㅋ,1
361,공부 잘하셨나보네요 ㅠㅠ,1
362,ㅋㅋㅋㅋㅋㅋ차주분말하는게넘재밋으시냐,1
363,^ㅇ^돈보형,2
364,인터뷰는 패쓰;;; 가만히 계시질 못하네ㅜㅜ,1
365,110파이래ㅋㅋ,2
366,스페차알렛???,1
367,Gtr 중고로 얼마정돈가요?,3
368,여자들의 어그로를 못끄는건 슬프네,1
369,두분 닮으셨어여 ^^,1
370,모자 안경...........패션이 죄다 유니폼 ㅋㅋㅋ,1
371,사람 말 끊을 때 마자 제가 더 화나여;;.. 딱 관심사 말 할려라는데 딱 끊어버리고 화남,2
372,"30:05  PDK 그,것",2
373,범죄자라고 자랑하네ㅋㅋ,1
374,자동 ㅋㅋ,1
375,"뭐야... 오토였잖아???ㅡ.,ㅡ",1
376,37분 19초에 전화번호 아님?,2
377,아 데저트이글 말 끊지마라 별거 아닌지식가지고 나대지말고 차주말좀 듣고싶은데,1
378,이놈 g70 3.3 타는 놈이구나ㅋㅋ 2.0은 패션카다???????? ㅋㅋㅋㅋㅋㅋㅋ 털이나 심자,1
379,어 여기 계양구 오조산공원이죠?,1
380,차주분 썰이 너무많음 ㅡㅡ,1
381,가만히좀계시지카메라가자두도네,1
382,찌찌알 리뷰귀한데,15
383,잠깐...오토..야..?,1
384,차주 말하면서 머리 와리가리 겁나해대네,7
385,오 계양구네,1
386,에휴 데저트이글 젠쿱 ㅋ,1
387,말좀 끊지마세요...,1
388,영상 보는데 포터 문콕 할까봐 내가 신경쓰이네 ㅋ,2
389,차주 번호 보였다 ㅅㄱ해라,2
390,가만히좀서서 얘기해라,1
391,차주 점마는 와 건들건들 거리노?,1
392,뭐 젠쿱에 500마력 만들바엔 R35 사는게 좋다곤 하는데 일본에서 부품시키면 기본 한달..그것때문에 국산차 이래저래 만져서 타는거지 R35 좋은거 몰라서 그러는거 아님;,11
393,나도 모르게 한국차무시하는데 옆에 모닝 왤캐 걸리적거리냐??,1
394,능력 안되는것들이 몰려고 하니깐 버벅거리지 카푸어냐?,1
395,왜자꾸말을끊어요,2
396,건들 건들 화면보기 정신없다,1
397,내구성은 좀아니지않나? 닛산 유리미션인거 소문이 파다한데..ㅎㅎ 소프트웨어에 추가 쿨러까지 냉각쪽도 취약ㅜㅜ,1
398,차타고다니실때 창문양쪽다열고 다니지말아주세요ㅜㅜ 운전하다가 사고날뻔했네요.....휴 애기도 울고불고 경기를 일으키고 난리도아니였네요,1
399,요즘 와우안합니까?ㅋ,1
400,차에대한지식도없는게 차리뷰하노 겜방송이내해라,1
401,틱장애 있냐?,1
402,gtr은신선한데 리뷰하는건 섞었네,1
403,하 말존나많네 ㅋㅋㅋ 데졋님은 진행해야하니 오너말도중끊고 ㅋㅋ 글고 차보러 들어왔지 니얼굴불려고 들어온거아님;,1
404,말좀자르지마시지.,5
405,gtr 차주님 운전스킬은 별로이신데 차만 졷네요,1
406,이딴 영상을 왜 봤는지 자괴감이 든다차주는 한시도 가만있지 못하고 오뚜기냐카메라도 같이 따라 움직이는건 또 뭐여 ㅡㅡ,1
407,건들건들 어지러워 못보것네 정신사납다,1
408,영상 수준 ㅉㅉ,1
409,비유를해도참  대포동미사일이 뭡니까??   말조심하세요 앞으로,4
410,"페라리, 람보 스티커 붙인거 이니셜D에 나오는 배틀에서 이기면 마크 붙이는거 같아요 ㅎㅎㅎ슈퍼카 절반 가격에 슈퍼카를 이기는 차를 만든 닛산도 대단...더욱 대단한건 엔진을 제외한 나머지는 일반 자동화생산 차량과 같이 생산하는것이죠...이가격에 이성능에 디자인까지 이뻣으면 얼마나 좋았겠습니까마는 ㅎ(그래도 나름 공기저항계수는 낮더군요 0.26Cd)",5
411,리뷰 하시는 차량 역사도 간략하게 ㅎ해주시면 감사하겠습니다 ><,1
412,GT-R 의 튜닝은 멋이지.,8
413,튜닝 예쁘게 잘 됐네요. 좋아요 누르고 갑니다.,2
414,아 진짜 돈있으면 지티알사고싶다ㅎㅎ그냥 여러가지의미에서 꿈의차.,1
415,일본의 대표적 명기죠 GT-R 멋집니다ㅎ,7
416,아.. 사장 보고싶었던 차 감사합니다 좋아요 누르고 갑니다,3
417,이 영상은 곧 JDM  매니아들의 성지가 됩니다.,5
418,와우~~~귀한차량을...잘보고가여~,4
419,진행 재미나네여...겸손 하시고...수고하세용~~,1
420,형님 구독 좋아요  하고 가요 ㅋㅋㅋ  잼나는데 중간중간 나오는 영상이 넘 과하게 많은거 같아요 ㅋㅋㅋ,3
421,롤링해보면 220까진 발군의 성능!!,1
422,Gtr리뷰 진짜 없는데 잘 보고 갑니당 구독 좋아요,3
423,뻥태기형님이랑 잘 어울림!,3
424,팔때마다 5억씩 손해라는 명차임,1
425,지티알을 마음에 안 품어본 사람은 자동차 메니아라 할수 없다,15
426,ㄹㅇ GT-R은 명차 그이상이다 역시 내 드림카,2
427,gtr36이 출시된게 아니라 gtr50입니다,5
428,잘만하면 BNR32가 R35잡습니다(BNR32는 에바고 BNR34정도),2
429,직수로도 구할수없는차가 됫나요?,2
430,차는좋아하는데 아베라는 사람떼매 일본이별로임 그래도GTR짱이야!,1
431,"보험료는 1년에 1,700만원 정도 할려나",1
432,양아치운전 슈퍼카오너도 이차보이면 그냥 조용히 다녀야할차죠,4
433,남자는 죽을때까지 GTR,15
434,지티 알 좀 웃겼다ㅋㅋ,1
435,정말 제 꿈의차 입니다.  최고속도가 260이라 할지라도  이미 제 마음에  드림카로 자리잡았음을..... 람보르기니 대신 이거 가질래요,2
436,파파파파파파파팝... 좋네요.^^,3
437,방지턱 어떻게 넘어요?,1
438,운전못해도 탈수있나요?^^,1
439,와 팝콘티비 지리네요.. 아니 팝콘소리여,5
440,성능으로. 압도하는차.  수퍼카 킬러,1
441,몇년식인가욤?,1
442,람보가더힘들어요,2
443,스포일러가  내 스탈은 아냐. ㅠ,1
444,인트로 노래 뭐에요?!?!,1
445,고질라라부르고 괴물이라쓰죠,5
446,지티아르,4
447,저희동네네유 저도태워주셔요 !,3
448,강변태님 차량이네용,1
449,"5:09 , 5:50",3
450,일본꺼니까 마크때고 다녀야지,1
451,람보는좀,2
452,재밋네,1
453,제 드림카죠 gtr35,1
454,아벤s는740마력인데,3
455,꾹꾹,1
456,제드림카입니다 쥐티알르,1
457,죽이네,1
458,중간중간 짤 좀 안넣으시면 안됄까요?... 보면서 그런 짤때문에 인상 찌뿌리게되네요...;,1
459,Apparently,1
460,근대 차를 어떻게 하고 다니냐에 따라. 대충 차주의 정신상태를 알수 있습니다.,1
461,Don't fully understand,1
462,지티알   설명 진짜  못하네,1
463,시내에서는 조용히좀 다닙시다 한밤에 여의도 한강공원 나갈때 조지고 나가드만  다 자는 시간에 팝콘 존나 터트리고 다녀 개 민폐 차만 좋으면 뭐함?#렌트돼지 님아,1
464,일본은 오랜기간 철을 생산하여 지금까지 특수강의 기술은 뛰어납니다. 절대 일본을찬양하는 발언이 아닙니다! 국내기술로엔진핵심부품을 만들었다가는 커넥팅로드와 피스톤이 견디지 못하겠죠...,17
465,나중에 괜찮으시면 Q&A 컨텐츠도 진행해주세요!,3
466,메이커 닛산만 아니였으면...ㅋㅋㅋ 많이 팔렸을텐데ㅜ매니아 아니면 안끌고 다니니ㅜㅜ죽기전에 타보고 싶다..,2
467,하체는 낮습니다. 시트포지션 자체가 높아서 엄청 높은 느낌이 들긴하지만요.프론트 립의 높이도 순정높이가 10센티 뿐이 안됩니다.,6
468,이것도 감가방어 잘되던데 유니크한 차량이라 직수입 해서 사야되죠?? ㅠ,4
469,차는 역시 일본이 날 만든다니까. 이건 인정해야한다.(그렇가고 일본차를 강요하는 것은 아님),1
470,^^ 초창기부터 구독중인데 차량 업뎃주기가 짧아지시네요 ㅎㅎ 화이팅 !,2
471,일본vs한국 자동차기술 4~5년 차이난다고 5년후 따라잡는다는 생각은 아니겠죠?? 100년후에도 4~5년 차이 입니다..낚시대 캠핑장비 골프채 큰기술 필요없는 분야도 따라잡기 힘든데....,2
472,도요타 86이나 370z같은 나름저가차량은 궁금하지않으신가요?,1
473,일본차.. 솔직히 정비사 입장에서 우리나라와는 100년 정도 차이가 있다고 봅니다. 내구성 성능. 도장 등등.,6
474,GTR 가격  얼마인가요?,1
475,조선의 스포츠카는 기껏해야 투스카니 젠쿱정도인데 일본은 슈퍼카급 스포츠카들이 즐비....,1
476,"한국 국산:젠쿱일본 국산:수프라,닛산 GTR,86,rx7",1
477,오사카 에서 교토가는길아닌가요?,1
478,lc500 스포츠카gtr 스포츠카 인데 성능이 슈퍼카lfa nsx 슈퍼카,6
479,Lfa가 있는데 lc500이라뇨 ㅠ,5
480,실내 낚시터 갔는데 어떤 아저씨 돈내고 낚시는 안하고 ㅂIㅂI화보 보면서 계속 남대문 열닫 하던데 문제아님?,1
481,나의 드림카 GTR....니스모,8
482,유튜브 ㅂIㅂI화보 베베라 치니까 진짜 핫한거 많아서 랄중독 걸렸네 야발ㅋㅋㅋㅋ,2
483,잼민이들은 ㅂIㅂI화보 못봐서 어떡하냐 진짜 불쌍하다 베베라 ㅈ나 이쁜데,1
484,요즘같은 시국에 나가지말고 ㅂIㅂI화보 잔다다나 보면서 욕구 채워야함,1
485,데일리슈퍼카라 보기엔 좀 과분한가요?,1
486,우리집 옆집아저씨 ㅂIㅂI화보 네코코 보고 밤마다 혼자 신음 내면서 자기위로 하던데 시끄러워서 잠을 못자겠다,1
487,하 진짜 ㅂIㅂI화보 네코코에 빠져산다고 내 할일을 잘 못하네 끊어야하는데 안끊어진다 마약인가 싯팔,1
488,ㅂIㅂI화보 그냥 맛집 그 자체 골라보는 그 재미를 너희들은 알까?,2
489,요새 누가 vpn써가면서 야덩을찾냐 ㅂIㅂI화보 보면되는걸 다보여주던데,1
