,comments,likes
0,해외에서 X trail 3열 구매한지 5개월 됐답니다. 아주 만족입니다. 엔진.변속기 외 실내가 타 모델에 비해 상당히 길고  지상고 높아서 요철 않좋은 현지 사정에도 좋답니다. 타사 경쟁 모델보다 싸고요.한마디로 가성비가 좋죠...,4
1,언제나 믿고 보는 오토뷰^^ 제작진여러분 새해 복 많이 받으세요~,13
2,자기 브랜드만의 디자인을 가졋다는 측면에서 실내.외 디자인 괜찮은 것 같구요. 실내 고급성도 좋은 것 같네요. 마지막 멘트인 '왜 잘팔리는지 알겟다'로 바로 이해가 되는 것 같습니다. 현명한 소비자가 많아지고 잇다는 거겟지요. 리부 잘봣습니다~,10
3,실내좋다... 오토뷰 2019년도 홧팅요08년도 오토조인스 부터 리뷰보기시작했는데어느덧10년이지났네요ㅎㅎ오토뷰만의 1년간 총정리랄까베스트카워스트카이런 이벤트성 영상도 한해마무리할겸나오면좋겠어요개인적인의견입니다.ㅋ피디님 스탭분들 항상 고생이십니다~새해복많이받으세요,9
4,역시 오토뷰는 19년이 되어도 여전히 명품입니다.폼은 일시적이지만 클래스는 영원하다.,4
5,와 디자인만 빼면 진짜 장점이 너무 많네요 너무 구매욕이..5세대알티마 구입한지 5년4개월차인데아직도 고장이 한번도 안나고 잘타고있습니다일본산이니 품질이 더욱 꼼꼼하겠네요할인들어가면 완전 노려봐야겠네요^^;,4
6,좋은 리뷰 감사합니다. 출력이 뛰어나지도 않은데  배기량이 미국적인 2.5라 세금 측면에서 망설여지긴 할 듯한데 검증된 부품 조합에 최적화는 완벽에 가깝게 된 듯한 차 같네요..,1
7,역시 오토뷰의 영상미와 깔끔한 시승기는 명불허전이네요 !!,3
8,거의 방송국에서 제작한 퀄리티...박수 칩니다.,2
9,오토조인스 부터 구독했는데 개인적으로 가장 신뢰가는 시승기라고 생각됩니다 오토뷰 화이팅,5
10,선추천 후감상!!십만구독이 얼마남지 않았습니다 대한민국 대표 원조 자동차리뷰 오토뷰화이팅 김기태화이팅!!,9
11,자동차 전문 오토뷰.....요즘같은 지저분한 시장에서 정도의길 계속가는 오토뷰 믿고 봅니다.와이프 하나 사주고 싶네요.....,1
12,호주에서 랜트했던 엑스트레일 그때는 2016년식이었는데 작은 충격이 너무 많이 들어왔었는데 지금은 개선된 것 같네요ㅎㅎ,7
13,닛산 로그 미국에서 베스트 SUV중 하나였죠. 공격적인 가격에 동급중에선 실내공간도 괜찮고. Rav4 천하인건 부정못하지만 Cr-V나 로그 모두 훌륭한 준중형 SUV 같아요.,3
14,진짜 영상이랑 설명에 관한 전문적인 부분은 최고네요항상 잘 보고 있습니다,7
15,뭐랄까... 어느 시점을 기준으로 닛산이 잘 갈아둔 칼을 하나씩 꺼내고 있다는 느낌이 들 정도로 많은 변화를 보여주고 있어서 즐겁습니다.^^,1
16,오토뷰리뷰 체계가 잘 잡혀있어 시청자를 편안하게 해줍니다,22
17,믿고보는 오토뷰2019년도 유익한시승기 부탁드립니다,3
18,닛산의 전략은 항상 가성비고 실용임. 옵션에 쩌든 한국시장 입맛에 맞으려나...,1
19,갠적으로 자동차 시승기중 갑은 오토뷰 같음. 이번편도 잘 봤어요,4
20,"호주에서 2세대 18만킬로 짜리 사서 2년간 무탈하게 잘타고 다녔었는데.. 차못알이였지만 일본차에 대한 인식이 확실히 좋아진 계기가 되었습니다. 실용성과, 공간 활용성, 연비 정말 저에겐 좋은 차였습니다. 시야도 정말 좋았구요 by 차못알초짜",4
21,군더더기가없고 깔끔한 그리고 디테일한 설명 정말 최고의리뷰,2
22,엔진룸 열었을때 눈오는 풍경 너무 좋네요~^^,4
23,15년 팬입니다. 요즘은 김선웅 기자 설명이 최고 재밌네요,11
24,자동차리뷰는 최고네영상이나 음향 깔끔하고 군더더기 없네객관적이고 간결한 리뷰는 타의 추정을 불허하네,16
25,"보면볼수록 캐시카이의 어마어마한 가성비만 더더욱 느껴지네요,,,,정말 아까워요 캐시카이",1
26,이런 정확하고 깔끔한리뷰 처음봅니다 구독 추천 박고 갑니다.,1
27,닛산 엑스트레일 중간 트림은 별점 만점이네요!,11
28,닛산의 엑스트레일의 장점은 캐시카이와 마찬가지로 르노삼성에서도 간단한 메인터넌스가 가능하다는거고 수리비도 수입차들중에는 저렴한축에 속하니 좋은 조건으로 구매가 가능한 타이밍을 노리면 가성비 좋은  수입SUV를 만나실수 있을것으로 생각됩니다. 캐시카이의 경우 자잘한 병맛같은 단점이 있지만 로그나 엑스트레일은 좀 낫겠죠? ㅋㅋ,14
29,잘 보겠습니다~세계 최고의 자동차 리뷰 오토뷰^^기태형 새해 복 많~~~이 받으세요*^^*,14
30,믿고 보는 오토뷰. 진화하는 CVT. 신형 알티마는 언제 나온디야? 신형 라브4도 언능 나왔으면...,3
31,"이런 고급영상이 구독자 십만을 넘지 못하다니,,,,흐흑",12
32,좋은 영상 감사합니다 ㅎ 좋은 차로 보이네요. 가격할인만 좀 받으면 말이죠...,10
33,새해 첫 리뷰는 별이 5개군요! 올해 닛산이 얼마나 선전할지 정말 궁금합니다.,2
34,저 닛산 패밀리룩의 디자인  좀 더 세련되게 다듬어지지 않는 것이 안타깝네요.,1
35,오! 캠핑용으로 탐나는데요...2019년도 갓리뷰 부탁드려요!~~,2
36,항상 잘보고있습니다ㅡ 개인적으로 차는 전세계판매량도 매우 중요하다고 생각합니다ㅡ 국내만 봐서는 안되요ㅡ 그리고 부탁사항있습니다ㅡ 혹여 나중에 팰리세이드 리뷰하실때 안전성.. 즉 현대가 자량하던 초고장력강판 사용비율. 충돌테스트 등도 확인부탁합니다ㅡ 가솔린 무게줄였다하는데 예전 아반떼 앰디처럼 철판으로 장난좀 친거같네요ㅡ 충돌테스트 이야기는 아예 없고ㅡㅡ,3
37,잘 보고있습니다. 인피니티 QX50 도 시승기 부탁드립니다!,5
38,언제봐도 인트로는 캬 감탄이절로나옵니다,3
39,"미국서 사는 거라면 라브4, cx-5, cr-v, 현기suv, 티구안, 로그 중에서 여러 전문가 집단의 리뷰로는 다른 차들이 점수는 높겠지만(돈먹어서 그런거고) 실제 사용자의 만족도에서는 로그가 압도적 이더라~~ 그리고 SUV의 한계가 있는데 운전하는 손맛 운운하지 마라 조금 아주 조금 더 나운 수준인것이다. 어짜피 세단이나 스포츠카 와의 비교는 안된다. 아는 동생은 SUV 타면서 빠른 속도로 칼치기 같은게 안된다고 지롤을 하더라...... 이건 그냥 사람 뇌가 바보인 경우고;; 쨋든 나역시 몇일전 데일리카 하나 구해야 해서 일주일 정도 차쇼핑을 했는데...... 첨엔 도요타나 혼다 이러고 다녔고 cx-5 가 리뷰가 좋길래 이 역시 테스트 드라이브 해봤고...... 그러다 아는 동생이 하도 닛산 로그 로그 노래를 하길레 타봤더니...... 이게 다른 차들과 과연 비교가 되냐? 미국 기준으로 가격대 성능비 그리고 여러 편의 시설이 비교 자체가 안된다. 성능 역시도 마찬가지 이고 타보고 옵션&내장 외장 마감 꼼꼼히 보고 가격 비교해 보면 왜 요 몇년간 로그가 판매 1위 하는지 알게 될거다. 성능도 압도적이다. 일단 가서 확인해 보시길.",18
40,첫 인트로가 자동차 광고 같아요~ 영상미 대박입니다! 리뷰 잘보고 있습니다.,6
41,디자인은 그렇지만 나머진 칭찬일색 이네요.숨은진주,2
42,온니 가솔만 있는듯 하브나 전기 있음 딱 좋을것 같은데 과연 라브4랑 CRV랑 경쟁이 될지 CRV는 엔진 결함으로 리콜 말 나와서 빠염......담부턴 차량 제원도 좀 명시해주심 감사하겠네요,2
43,구독자 10만명 가즈아오토뷰 화이팅,2
44,4WD 하나 추가되고 신상으로 중국에서 뽑아 나온차가 가격이 3천 4백 이라면  고민좀 해봐야 되는 가격이군요... 조금 재미있는건 형제 차량인 QM6 풀옵도 3천 4백 풀옵션 시그니쳐 인데중국생산 가격이라면 조금더 가격적인 면에서 타협이 되었으면 좋지않았을까 합니다.,1
45,새해 복 많이 받으세요 항상 좋은 영상 감사합니다,1
46,날이갈수록 광고같은 오프닝~~!!!^^ 10만구독자 얼마안남았습니다~!!! 가즈아~~,4
47,고퀄 리뷰 잘봤습니다,2
48,"마티즈CVT떄문에 CVT 이미지가 안좋았는데, 요즘 CVT는 기술이 많이 좋아졋네요..  더뉴말리부1.3 리뷰 기다리고 있습니다. ...언제해주시나요.",21
49,미국에 살고 있습니다. 로그 잘 팔리는 차죠.  저도 가족을 위해서 세컨카로 요번에 구입하려고하는 후보 중 하나 입니다. 이거 아님 무라노 인데... 로그가 더 맘에 드네요.,6
50,네이게이션은 수입 딜러사에서 장착한 거 같은데 좀 더 좋은게 들어갔으면 좋겠네요.,1
51,"호주에서 x-trail 타고 있는 오너 입니다 바로 전 모델(3년)과 새로나온 모델(2년) 총 5년째 타고 있습니다 엑스트레일이 잘생기지 않았다는 거에 저도 한표를 던집니다 하지만 내구성(5년간 단한번 문제 없었습니다) 실내 공간이 넓어서 가족용(4인 캠핑)으로 좋습니다  cvt 미션은 호불호죠 너무 부드럽기에 촥촥 감기는 맛은 없습니다 저는 suv 차로 스피드를 즐길것이 아니라서  미션에 대한 불만은 없습니다 그렇다고 반응이 느리거나 힘이 딸려서라던가 하는 문제가 있었던적은 없습니다  2년전 개인적인 사정으로 현금이 필요해서 전모델을 팔고 이참에 다른차도 타고 싶어서 혼다나 토요타,스바루, 마쯔다 현대 기아에서 시승도해보고 견적 비교 해보았는데 다시 엑스트레일로 가더군요",5
52,의외로 실내가 괜찮네,2
53,오토뷰 오프닝은 거의 비슷하네요...근데 멋져요..ㅋㅋ,3
54,시승기는 김기태가 가장 정확하다. 요새  도그나 카우나 자동차리뷰 하더라.,31
55,오토뷰에서 간만에 별5개 나왔네요 매번 잘보고있어요~,1
56,2019닛산 알티마랑 맥시마 나오면 시승기 부탁드려요~~♡♡,8
57,Qm5 2.5 사는게 합리적인거같아요,4
58,"확실히 차량 앞도어 생김새, 도어손잡이, 사이드미러 등이 QM6와 비슷하게 생겼군요.",3
59,이차의 인텔리전트크루즈컨트롤은 정차후 재출발도  지원하나요?,3
60,"음~~~  하는 감탄사가 타차종보다 거의 없네요.  그렇다면.. ㅎㅎ근데, qm6보다는 나은듯 싶습니다.",3
61,미션문제만 없으면 라브4 crv 올킬이네 ㅋㅋ,1
62,오토기어 오토뷰한상기 밖에 읎네.ㅎ새해복많이 받으세요,9
63,cx-5 랑 x트레일 고민하다 cx-5로 선택!! 아맞다 헬죠선에는 cx5가 없구나,1
64,현/기 SUV 는 경쟁모델에 말도 안나오네요.  경쟁상대조차 안댄다는 말인가.  가격은 비슷해 보이는데...,1
65,일본산이 좋은 이유는 미국산의 녹문제가 없는게 가장  크죠,3
66,leesee..   믿고 보는 오토뷰!!!,2
67,오토뷰는 최고,3
68,qm6 가솔린과 비교했을때 승차감 차이는 어떤가요?,12
69,팰리세이드도 리뷰해 주세요!!,3
70,개인적으로 닛산은 르노로 넘어가고 난뒤부터...영 안내키네요...,2
71,저녁에 타면 안정성 있는 차계속타고 싶은차이차는 다장일단이다그 단은Made in japan 이라는것,4
72,오토뷰는 일단 추천!!ㅋ,2
73,사골 로그.엑스트레일..2019년 말 풀체인지...르노클리오등 재고정리..,2
74,실내 버튼이 구형 sm5에서 보던 버튼 같네요,2
75,보닛안에 보수형배터리가 들어있는거 보고 진작에 일본산 차라는걸 일아챘네요 ㅋ,3
76,수리가 발생할 때 르노삼성쪽에서 만드는 로그와 동일한 차니 부품을 좀더 싸게 구할 수 있으니 유지관리가 좀더 용이하지 않을까 합니다,3
77,실내는 고급스럽긴한데 관리하기 너무 힘든 색상이다...좀 지나면 어휴..ㅠㅠ 차라리 브라운계열로하지...,1
78,김기태 피디님 “사랑합니다~”라고 김선웅 기자한테 전해주세요,2
79,벨로스터랑 벨로스터n 비교시승부탁드려요,2
80,X-trail  에어컨 필터 교체 어떻게 하나요?QM6  로그 처럼 캐빈박스 다 뜯고 억지로 꾸겨서 지벙 넣으나요? QM6 처럼 병맛이면 X-trail 안살래오.,2
81,싼타페tm 가슐린과 비교하면 어떨지,2
82,씨바 현기도 이제 스마트스트림 1.6 2.5 GDI라인 엔진 다 바꾸던데 일본이 현명한 선택을 한건 부정할수없는 사실인듯 MPI로 내구성 합격하면서 일본차 타면서 알게모르게 스트레스 안받는 분들 많음.. 반면에 7~9년전에 ㅎㄱ 사서 엔진오일 줄어들어서 봉인하고 체크하고 그래도 빠꾸먹고 이런분들 많은것 보면 참 .. 싫은 나라지만 저런게 기술력이지,11
83,시국이 안좋아서 구매를 주저하게 되네요ㅜㅜ,2
84,"근데, 닛산은 스마트키 디자인이 정말 극혐....ㅎㅎ...  그거 빼고는 대중성 있는 가성비 차량으로는 닛산 자동차가 최고 수준....",1
85,이번에는 회사에서 후원을 해줬나봐요 다른 색 보고 싶었는데ㅠㅠ멋진 리뷰 감사합니다,3
86,닛산차의 차그릴 V자는 왜군장수의 투구이미지를 연상시켜서 그다지 마음이 가지 않습니다.,5
87,1:42 느끼기 시작,1
88,이쯤됐으면 벨로스터나 k3gt둘중 하나는 리뷰해주셔야 하지 않나요?? 제 드림카인데 ㅠㅠ,13
89,엑스트레일 엄청 빨리 리뷰 되었군요ㅋ,3
90,혼다 파일럿 페이스리프트 리뷰 부탁드려요.^^,7
91,알티마2019도 해주세요..,2
92,닛산은 다 좋은데 노면소음 타이어구동음만 좀 줄여주면 정말 최고일듯 하다. Qm6 가솔린도 160tce 엔진에 스마트크루즈 넣고 오토홀드만  넣어줘도 될텐데...,4
93,비슷한 가격의 일본차 놔두고 국산 사는것들 노이해,5
94,지금 내가 타고 있는 차^^,3
95,제니시스 G90 시승 해주세요,2
96,잘봤습니다.ㅎ,4
97,트렁크 사이즈 5분 부터 나옴,3
98,왜 유투브에 올라온 엑스트레일 영상은 다 비추천하듯이 말할까요...옵션에 쩌들어있는 우리나라의 전형적인 체질에 반감인가요...이가격이면 산타페 또 이러는건가 ...,4
99,디자인 전면이 ...특히 주간주행등 좀 길게 빼면안되나 ㅜ 혼다가 디자인은 최고낫다,4
100,앞자리 저렇게 B필라 다 보일 정도로 밀어놓고 뒷자리 무릎공간 넓다고 하는 건 좀 아니지 않나요?,1
101,아 별5개 간만에 보네요.,4
102,왔다!! 엑스트레일!!! 르노삼성은 국내에도 2.5리터 가솔린 qm6를 출시하라!!,23
103,호평이 많으시내여...차도 좋아보이고~~(틱톡광고 더럽다 벗고 춤추는것 좀...없애라 유툽),1
104,베스트 마크 간지다,4
105,선추천 후감상,4
106,멋있다.,2
107,리뷰를  해줘도  이러네  저러네  ㅎ이상한분들  참  많어야~~~,10
108,"기태성, 알라븅♡",4
109,말할 때 BGM 빼주세요.,3
110,처음 인트로 배경음악좀 알 수 있을까요??,2
111,닛산차를 별로 안좋아하는데 오토뷰라서 본다.,1
112,앞모습이 중국산느낌,1
113,닛산 중형 스포츠 유틸리티 차량,2
114,녹은 없나요?,1
115,올해까지팔고 단... 읍읍,2
116,잘보았습니다,1
117,김선웅 기자님 헤어스타일이 스팍 같아요;; 아님 노진구 ;^^,8
118,1등!! 항상 감사합니다,6
119,차랑 여자는 일제가 최고여,1
120,닛산 디자인은 참....구려,1
121,전자파킹.오토홀드 없는건 좀...그리고 국내에 르노삼성이 있는데닛산코리아가 따로있는게 웃김,6
122,디자인 별로,1
123,아발론 안해주시나요 ㅠ,5
124,"CVT는 추월가속이 개병맛80~100 정도로 달리다가 추월하려고 악셀을 밟아도 rpm만 풀로 뜨고 속도계는 제자리걸음, 완전 개극혐이다",2
125,디자인은 개인적으로 참 허허,5
126,19:00,5
127,멋지내요...ㅅㅅ,3
128,이 리뷰는 칭찬을 많이하네요? 어떤 리뷰는 가격의한계로 쿼러티 떨어진다고 하던데. 국산차에도 잘안쓰는 발로밟는 파킹브래이크를 넣질않나.. 앞열과뒷열 문짝 안쪽  재질이다르질않나..리뷰에따라 너무다르니 독자는 헷갈림..,2
129,ㅇㅇ차 시승기 좀 올려달라 이런 댓글들이 종종 있던데..  관심있는 차는 본인들이 영상 찾아서 보세요.  오토뷰 제작진도 시승차가 있어야 시승해보고 올려줄거 아닙니까.  무슨 땡깡부리는  초딩도 아니고.. ㅁㅁ차 시승기 올려달라 x x 차 시승기 올려달라. 별로 보기좋지 않습니다.,3
130,이 아자씨는 외제차는 전혀 아쉬운게  없구나Qm6 시승 할때 cvt  아쉽다더니,1
131,닛산,1
132,좀 이상하게 생김,1
133,"와... 진짜 댓글들이 상상초월이네요. 영상 올라온지 얼마 안됐는데, 영상속에서의 극찬에도 불구하고구매의욕 떨어뜨리는 악의적인 댓글들만 한 가득... 거의 대다수가 타사 영맨으로 보이는데 제 생각이틀릴리는 없겠죠? 도요타나 혼다 영맨들인가? 아니면 수입차 견재하려는 현기차 인터넷대응팀?진짜 바닥인생들 한심하기 그지 없습니다. 내가 올린 영상은 아니지만, 이런 고퀄리티 리뷰에 달아논댓글들이 이따위라니 오토뷰팀도 댓글보면서 얼마나 짜증나고 어이가 없을지 짐작이 가고도 남습니다.뭐, 그렇다고해도 어쩔 수 없는거겠죠. 어차피 보나마나 여기에 댓글단 허접한 영맨들처럼 닛산 영맨들도다른 수입차 영상에 똑같이 댓글달게 뻔하니... 왜들 저러고 사는지 원. 요즘엔 게시판마다 이해관계자들이점령안한 게시판이 없네요. 심지어 오토뷰 댓글마저도 이 지경이니... 에휴... 리뷰 잘 봤습니다.",118
134,Made in Japan 차라는 사실이 불리한 지구상 유일한 나라가 한국일듯.,8
135,자트코 미션내구성이 그렇게 갸쓰래기인가요?,2
136,닛산의 전면부 디자인은 정말 적응하기 힘드네요ㅠㅠ차는 참 좋은데.....알티마도 그렇고......뭐라 표현을 못하겠네요...저만 그런가요 ㅎㅎㅎ,7
137,광고에서 부산사투리 쓰는놈 때문에 극혐,2
138,국내에서 생산되고있는 차를 돌고돌아 웃돈 주고 사야한다는 현실이 안타깝군요..,3
139,닛산 엑스트레일 구입하고 두주정도 운행한사람입니다.첫날부터 엑셀을 밟으면 덜거턱 거리는소음으로 두주동안 두번이나 서비스센터에 보내졌고 소음을 녹음을해서 들려줘도 못믿더니 직접태우고 확인시켜주고나니 이제와서 원래소리가 덜거덕 거린답니다.저는 큰맘먹고 새차뽑아덜거덕거리는소리를 들으며 운행을해야할처지입니다.원래 나는 소음이 어딧으며 그런것은 미리 고지를해야하는것아닙니까.완전 사기당한기분이고 디젤소음커서 휘발유차산건데디젤만도못한꼴이 되엇습니다.저는 어찌해야할까요정말 억울하고 이런차라는걸 알앗다면 절대사지않앗을겁니다 방법이 없을까요,1
140,중국차처럼생김,1
141,"16년식 알티마 차주입니다. 지금 이 cvt는 얼마나 개선되었는지 모르겠지만 지금까지 솔직히 닛산카페에서는 논란이 큽니다. 저는 올해 처분할 예정입니다만 다른 차주분들은 미션이 나가버릴까 조마조마 하십니다. 좀 더 자세히 설명드리자면 저알피엠에서 울컥거리는데 시기적으로는 여름에 정말 심합니다. 이게 전조증상인데 이러다가 아예 시동이 꺼지면서 미션이 나가버리죠. 수리비는 1500-3000만원으로 차종별로 상이합니다. 알티마만 아니라 패스파인더, 무라노, 맥시마 등 닛산 차 전반적으로 이런 상황입니다. 추가적으로 녹문제도 있고요. 이건 혼다와 마찬가지인데 혼다는 그나마 적극적으로 대응하고 보상했지만 닛산은 모르쇠를 일관합니다. 자세한 사항은 닛산클럽카페에 가입하셔서 보세요. 저는 닛산에 학을 뗐네요. 닛산 다시는 안 삽니다.",17
142,2등,3
143,디자인이 너무 구려서,5
144,저런것도 차라고 굳이 시승씩이나 해야되나요? cvt 개짜증,2
145,디자인이 투싼 3세대보다구리다. 이게 현디자인  수준이라는게 한심하다 닛산 . 카를로스곤은 이제 닛산으로 오지마라,1
146,닛산차 타다가 다시 현대차 탑니다.,1
147,투싼차를 가지고 펠리세이트 쌈싸다구 때리는 가격봐라.. 푸하하하하하 조또니뿡 에휴~~~~,4
148,닛산차 디자인 너무 별로임 개인적으로,6
149,틀에박힌 리뷰~~색깔도 맛도없고기억에남지도않을리뷰~~,1
150,유투브에서 봤던 큐브 리뷰 중에 제일 좋네요~ 3세대 오너 인데 잘 봤어요~ 단점도 있지만 분명 매력적인 차량 입니다~ ^^,2
151,혹시 보험료가 외제차로 빠져서 비싸나요?차가 너무 예뻐서 바꿀까 고민중인데욤^^,2
152,좋은정보네요 혹시 부품은 구하기 쉬운가요?,2
153,닛산 큐브 친구가 처음으로 탔던 차량 ㅋㅋㅋㅋㅋ 우핸들이라 너무 불편했어욬ㅋㅋㅋㅋ 그리고 1년만에 레이 타다 또 1년만에 cla 이렇게 넘어가더라구요! 저 또한 5gt 가솔린 오나 로써 쌀롱님 영상 기달립니다 ㅎㅎ 쥐티도 많이 올려주세요!,2
154,이거 너무 연식이ㅜ오래되서 중고차 탈만할까요?  수리비가 더드는거 아닐가 망설여지네요  ...ㅎㅎ,2
155,수리비가 얼마나비싸나요 현대차 소나타비해,2
156,송기자님 새로운 차들 볼 때마다 신기해 하는 모습 너무 귀염 ^^ 감탄사 드는 재미가 있네요~,2
157,모터라인 시승기 처음 봤습니다. 두 분이서 설명과 대화가 자극적인 표현 없이 객관적인 자료를 근거로 하고 있어서 보고 듣기 편하고 좋습니다. 표현도 너무 전문적이지 않게 하는 편이라 이해가 쉽습니다. 혼다 파일럿도 시승해 주셨으면 좋겠습니다.,2
158,정말 오랫만이네요 ㅎ  영상이 한번에 몇개씩 몰아나오기보단 1주일에 한두개라도 꾸준히 나오는게 좋다고 생각합니다 홧팅~!!,1
159,진짜 디자인은 넘사네 와 ㅋㅋㅋㅋ,1
160,오래 기다렸는데오랜만에 업데이트네요~잘보고 갑니다~~~^^,1
161,오랜만에 올리셔서 반갑네요 ㅎㅎ 잘봤습니다. 2부도 기대할게요.,1
162,여름에 피서 가기 좋은 장소같아요~,1
163,모터리언에 뭔 일 있는 줄 알았습니다. 지속적인 업데이트 부탁 드립니다. 감사합니다.,1
164,2열의 취약함을 잘 지적해주셨네요. 2열의 안락함이 좀 부족한듯 해요.,1
165,오랫만에 영상 잘 보고 갑니다^^2부시승기가 궁금하네요~~~,1
166,송은 기자님 점점 자연스러워지는거 같아요 보기 좋네요 ㅎㅎ,2
167,포드 익스플로러랑 캐딜락 에스컬레이드 시승 좀 해주세요 카랩때부터 댓글 남겼는데 기돈님 시승편을 봐야 겠어요,2
168,연휴가 언제인데 지금... ㅜㅜ 엔진을 너무 우려먹어서 더 싸져도 될거같은 느낌이...,1
169,오랜만의 영상 잘봤습니다. 감사합니다. ㅎㅎㅎ 기다렸어요~,1
170,잘 보았습니다 ~ 유익한 정보 감사합니다 : ),1
171,송은기자님 매력 터지시는듯,3
172,60프레임의 김송은 기자님이 보고 싶어요. 모터리언도 60프레임 업로드를 해주셨으면 좋겠습니다.,3
173,패스파인더는 디자인이 좀 올드한 느낌이 들어서... 페리되서 좀 나이지긴 했지만요.,1
174,너무 반갑습니다. 얼마나 기다렸는지 몰라요. 박기돈 편집장님 여행 잘 다녀오셨죠? 본 영상도 잘 볼게요.그리고 포르쉐 뉴 파나메라 4S 영상도 조만간 부탁해요. 감사합니다! : ),1
175,겉모양은 중국에 켄보600이랑 비슷 하네요 ㅎ,1
176,재미교포인데 2019년형 패스파인더 타다가 작년에 2022년형 패스파인더로 바꿨습니다.  2019년형도 정말 편하게 탔었습니다.  인테리어도 넓고 씨트도 편하고 여러면에서 실용적이었는데 굳이 흠을 잡자면 CVT 변속기였습니다. 그런데 현재 타고있는 2022년형 패쓰파인더의 9단자동변속기는 정말 부드럽고 조용하게 잘 나가요.,1
177,촬영장소가 어딘가요? 잘 봤습니다...^^,1
178,리뷰 기다렸습니다.,1
179,혹시 패밀리카는 안하세요???  오딧세이 VS 시에나  너무 유명한 대결인데 실제 신형을 본적이 없어서 너무 궁금합니다.,1
180,잘보고 갑니다 ㅎ,1
181,기돈이형 사랑해 잘볼게~,2
182,박기돈 편집장님 김송은 기자님 리뷰 잘봤습니다.근데 '과격송은님의' 패션은 언제쯤 매력적으로 변할까요?,1
183,모터리언 영상 기다렸습니다 ^^,1
184,김송은 기자님~ 오랜만에 리뷰 감사드립니다. 혹시 촬영하신 장소가 어딘가요?? 한번 가보고 싶네여 ㅎㅎ,2
185,송은기자님 진짜 롱다리 ㅎㅎ,3
186,인피니티 qx60의 마이너 버전인 모델인데 qx60은 그래도 호감가는 면이 있는데 이 차는 투박한 면이 강하네요. 미국에서도 대형 suv 중 가장 안팔리는 편이라 슬프다는,1
187,설명거장ㅋㅋㅋ 인정,1
188,화성에 있어야 하는^^ ㅎㅎㅎㅎ. 오지탐험을 하기엔 연비가 무서운,2
189,링컨 suv도 부탁합니다.,1
190,"나는 닛산은 GTR ,300Z빼곤 별로인것 같음..",1
191,송은기자님 ㅋ 리뷰 잘봤습니다~~,1
192,가족과 함께하는 패밀리 suv!가족과 나들이 가고 싶은데장소 좀 부탁드립니다 ~~~정말 아이들과 가보고 싶은데요.,2
193,멋집니당... 6기통 3.5찌찌,3
194,장소공개해주세요오~,2
195,돈벌어서 이차 사겟어요,2
196,오호~~드론 구매하셨구나,2
197,잘보고갑니다,1
198,혹시 시작 bgm 알 수 있을까요,1
199,촬영장소가 어디죠?,1
200,아쉽다 휘발유라서,1
201,닛산은 원숭이차가 아닙니다... 옛날에 르노에 팔렸습니다.,4
202,이장님과 조카 ^^,7
203,기자님 왤케 이쁨,1
204,여기 어딘가요,1
205,김송은 기자님 혀가 아주 약간? 짧으신것같네요 발음이 귀여우세요 ㅎㅎ,7
206,요즘 뜸 하다. 모터리언,25
207,실내가 10년전 현대차 같네 ..,2
208,첫 좋아요,1
209,1빠,1
210,첫댓,2
211,아나 환경 오염되게 뭐하는 짓입니까,1
212,머하는 짓이냐 일본서 한국제품 전혀 안팔리는대 이런 내용 우린 굿이 일반인 까지 나서서 광고까지 해야되나? 일본차 나서서 팔아 줄려고하니 참 어이없다 비교된다 !  이런말하면 국뽕이니 현기가 어떻고 일본차가 좋다니 시부리지!,5
213,닛산 쥬크/알티마/맥시마/캐시카이를 타본바로는...닛산차가 상당히 좋습니다...가성비도 좋고..엑스트레일 풀옵 살바엔...뉴무라노가 좋을듯 싶기도 한데...가격차이가 좀 크긴 하네요..캐시카이가 판매금지된게 제일 아쉽긴하네요..쥬크와 엑스트레일 사이에 캐시카이가 가격이 딱 좋앗는데...,4
214,개인적으로 엑스트레일도 제대로 된 하이브리드 하나 만들어서 연비도 좋았으면..,2
215,로그 미국있을 때 렌트로 몇번 몰아봤는데 차 진짜 좋긴 함. 운전감이 좋음.반면 닛산의 다른 차종은 다소 실망했었음..,1
216,오랜만에 뵈니 너무반갑고 좋네요^^ 앞으로도 리뷰많이해주세요~~!!!!,4
217,일본여행때 이차 렌트해봤는데 참 한국에 들어오면 좋겠다 했는데 딱 들어오더군요^^ 탐나던 차였었죠. 그땐 가솔린차를 렌트했었죠^^,1
218,"캐나다에서도 잘 팔리는 로그입니다~ 이번에 구입하고 크루즈기능 살펴보려고 검색하였습니다.. 아쉽게도 크루즈기능 설명이 없네요.. 차량설명서 읽어보기 귀찮은 사람인지라~~ 영상 잘 보았습니다. 생각없이 탔는데, 영상보고나서 제차를 더 사랑해야겠다는 생각이 듭니다~~",1
219,"2,3년된 중고로 사면 딱 합리적임. 감가도 심하고. 그때쯤이면 풀체인지 모델 나올거고. 차는 좋을 듯. 근데 성능 외 어필하는데에는 한국 suv라인이 너무 막강해.",1
220,김한용기자님 오랜만이에요~ 오랜만에 김기자님 리뷰를 보니 반갑네요~~,4
221,김한용기자님이 리뷰하는 엑스트레일 보고싶었는데 잘보고 갑니다,3
222,이번 신형 시승해봤는데 좋더군요 다만 풍옵션도 통풍 시트와 행들 열선이 없는 거랑 네비 화면이 데비보드 위쪽이 아니라 통풍구 아래에 있는점이 아쉬운 것 말고는 다 좋았습니다,1
223,기자님 최근소식 페이스북으로  접했습니다.아프로도 하시는 모든일 잘되시길 바라고 항상 응원하겠습니다!,1
224,꺄~ 김한용편집장님이다.. 리뷰 너무 기다렸어요.. 김상용씨리뷰.. 너무 재미없었는데.. 정말 좋네요.. 앞으로 계속 리뷰해주세요.. 김상용씨 너무 졸려..,2
225,최근 기변고민에  국산5사 외 저가외제 브랜드까지. 많이 가봤는데 왜 현기가 잘 팔리는지 알았습니다.,1
226,조근조근  자세한 설명 너무 좋아요.,3
227,닛산엔진 미션은 세계최고죠디자인은.....,1
228,기자님 참조아라 하는데 근데 시승차들 다넘좋다고만 하시는듯 한데 장단점 확실잉 설명 해주심을 부탁드립니다.,4
229,뒷자리 슬라이딩 진짜 신의한수...,1
230,이번에도 김상영기자님이 리뷰하는줄 알았네,8
231,이게 로그였구나... x trail 이라길래 다른 차인줄 알았네요,1
232,참.. 자주 느끼는 거지만 독일 삼사나 한국 차량을 제외하고는 무성의하게 방송을 하는것 같습니다. 많이 팔리는데 가격이 저렴한 이유가 전부는 아닐테구요.. 좀 더 성의있는 방송 부탁합니다..,17
233,마즈다 cx-5를 리뷰하는건 어떨까요. 호주에선 베스트셀러랩니다,1
234,잘 보고 갑니다!~,2
235,닛산 베이스로 삼성차들이 나올때가 좋았는디 ㅜ,29
236,QM6가솔린이랑 비교하면 어떤가요 2열및 트렁크공간. 엔진같은거 어떤가요?,1
237,현재 미국서 이차타는데 그냥 무난하게 부담없이 타는차,3
238,전 차라리 펠리세이드 탈래요....ㅋㅋ 4천초반이면 경쟁할 수 있지 않을까요?,4
239,최고!,1
240,보고싶어습니다 김한용 기자님~~~,2
241,이번 영상 편집 재밌네요 ㅋㅋ,5
242,아 승차감은 장난아님 이찬진짜뒷자리가,2
243,저는 4천 초반이면 펠리 살겁니다  개인적인 의견입니다,2
244,디자인은 결코 가장 많이 팔릴차가 아닌데....,10
245,센테페시아가 람보아벤 닮은건 기분탓??,2
246,김한용 기자님 떠나지 말아주세요,13
247,저가격이면 쏘렌토가 낫지않을까요?,1
248,인테리어는 쌍용보다 조금 나은 수준인 듯... 요새 현기가 인테리어를 하도 잘 뽑아놔서 일본 3사도 별거 없는 느낌,11
249,계속 김한용 기자님이 해주세요 제발요,24
250,"마력, 토크, 디자인 다 별로인데 가격이 싸군요.. 잘팔리는 이유가 그거였어 ㅎㅎ",2
251,오 김한용 기자님 자주 나와주세요~~~~~~~~~~~오오오~~~,2
252,으...디자인보소..90년대 고급차 같다...,2
253,엄지 꾹 누르고 갑니다,2
254,김상영기자님이 좋은데....,1
255,전반적으로 qm5하고 비슷하넹요 의자나 내부까지,1
256,해외용 연비4등급 더러운 차 보유세 300만원 요망 클리오 나왔네 디자인은 퇴보,1
257,오오오 오랜만에  김한용기자님이다,15
258,부산공장에서 로그를 바로 가져올 수 없나,1
259,저기 초반에 배경 파주 영어마을 맞죠? 예전에 군대있을때 영어마을 파견 갔었는데 비슷한듯 해서요.,1
260,이분이 그 유명한 김한용 기자님 인가요?,20
261,기마뇽 ,1
262,요즘 영상이 너무 안올라와서 심심합니다.,1
263,"브리즈스톤 망해라,,,무슨 뜻인지? 타이어가 안좋단 뜻인지? 뭐지?",1
264,닛산의단점: 버튼이  다지워짐  시간지나면 ㅋㄱㅋ,1
265,쓸데없이 장난하는 느낌이 강하네,1
266,미국 처음이민와서 36000달러에 구매해 타던차네요.미국 판매명은 로그죠차는 괜챤은데 앞바퀴 스티어링을 완전히 꺾으면 드르륵소리가 나는 결함이 있죠.A/S 에서도 원인을 못찾더군요.제차만그런게 아니라 다른 오너들도 항의를 많이 했지만 닛산에서도 원인을 못찾더군요.그래서 정 떨어져 손해보고 팔았는데.지금은 괜챤은지 모르겠네요,3
267,리뷰는 후배들에게 넘기고 편집만 하시길...,4
268,처남차가 닛싼 에쿠스토라이아루인데 타보니깐 승차감이 그렇게 좋진않음;;; 까를로스곤 프렌치놈이 사장하고나서 망함 80-90년대 닛산이 최고다,1
269,4:34 편집 귀엽네요,4
270,요즈음에 foot 파킹 브레이크 채택도 합니까????,1
271,개인적으로 편집이 좀 유치하고 잔망스러워 진 느낌이네요,1
272,악플러들 때문에...,1
273,왜 계기판을 가려놔요?,1
274,너무 간략간략 지나가네요.. 너무 성의 없이 진행하는 느낌... 일본차 시승때마다 대충한다는 느낌이 드네요... 안타깝습니다.,2
275,카뮤니티 다시 시작 하세요,2
276,이거 니산 Rogue 아니에요?,1
277,아휴...대놓고 스폰 받았다고 티내네. 준비도 없이 드립으로만 진행되는 리뷰....한국 닛산 마케팅 팀장 시말서 내라.,1
278,일명 마징가 제트카,1
279,근데 중간중간에 속도 게이지는 왜 모자이크 처리하는건가요,2
280,일본차 이제는 국산차와 비교해도 별 차이없어요. 국산차도 그만큼 차를 잘만들죠.그래도 일본차가 더 땡기네요~혼다 토요타 닛산 > 포드 볼보 푸조 > 현대 기아 르노삼성 쉐보레 > 벤츠 BMW 아우디 순으로,2
281,이 자는 눈탱이가 맨날 부은겨? 맞은겨? 참 밉상이네요 적어도 저에게는...쏘리~~~ 참 한번의 낙인이 꽤 깊네요.. 이러는 나도 참 모지리인가보구요...ㅎㅎㅎ,2
282,"병맛 cvt, 미쿡에서는 싼맛에 타는거지 성능이 좋거나 뭐 그딴 이유 없음",2
283,홍보인가...?,6
284,와 생긴거 진짜 별로네 ㅋㅋ,5
285,믿거,1
286,촉바리차  광고하는 친일  구독취소한다,2
287,전륜기반 4륜은 일반 주행중에는 거의 영향을 미치지 않습니다,2
288,잘보고 갑니다,2
