,comments,likes
0,유투브에서 봤던 큐브 리뷰 중에 제일 좋네요~ 3세대 오너 인데 잘 봤어요~ 단점도 있지만 분명 매력적인 차량 입니다~ ^^,2
1,혹시 보험료가 외제차로 빠져서 비싸나요?차가 너무 예뻐서 바꿀까 고민중인데욤^^,2
2,좋은정보네요 혹시 부품은 구하기 쉬운가요?,2
3,닛산 큐브 친구가 처음으로 탔던 차량 ㅋㅋㅋㅋㅋ 우핸들이라 너무 불편했어욬ㅋㅋㅋㅋ 그리고 1년만에 레이 타다 또 1년만에 cla 이렇게 넘어가더라구요! 저 또한 5gt 가솔린 오나 로써 쌀롱님 영상 기달립니다 ㅎㅎ 쥐티도 많이 올려주세요!,2
4,이거 너무 연식이ㅜ오래되서 중고차 탈만할까요?  수리비가 더드는거 아닐가 망설여지네요  ...ㅎㅎ,2
5,수리비가 얼마나비싸나요 현대차 소나타비해,2
6,I think you really did a well done job on this one! Very impressed with the new Titan and hope that excitement and energy spreads throughout your lineup!! It would make for a home run again.,30
7,"I thought I was going to buy a tundra but now I’m considering a Titan, good job Nissan!",92
8,"I have a 2021 Titan SV and I must say, I love my truck. I had an issue with the battery, but Nissan came through with that great warranty. It meets and exceeds everything I wanted to do with this truck so far..the financing options are great as well.",2
9,That’s a major improvement! Way to go Nissan!,11
10,"Love the styling, engine and transmission improvements.  I'm not big on all the tech features though; to me all the tech is screaming *look at all the things that can break*.  Though having said that all the features in my 2012 Titan still work, when in most other brands stuff like the automatic seat would be worn out by now.  So maybe I'm overthinking things",2
11,It looks awesome. And the safety features are great 👍,2
12,"This is an amazing truck. But, I would suggest finding a way to increase payload, towing capacity, and truck configurability if you really want to compete with the big three. same goes for the titan xd",1
13,"I’m a Chevy guy and I must admit, I am impressed.",31
14,"My wife and I currently have a first gen Titan, a 2013 Nissan Titan SL. We love it but will soon be in the market for one of these. We are considering a platinum reserve. I’ve always loved the look and performance of Titans.",1
15,Good job Nissan. I will definitely be test driving one,5
16,Bought a 2020 titan a month ago. Always been a Chevy guy but I am in love. My truck rides so nice and the engine is a monster. The safety features are awesome. I really do love it and I plan to have er a long long time. Thanks Nissan!,1
17,"That baja storm pro 4x is B-E-A-Utiful! And you know what's pretty terrible to think is that if one of the big three were to have sold this first and changed nothing but the brand from Nissan to ford or chevy ect, this thing would sell like wildfire. Americans are very wierd when it comes to trucks, the competition is extreme and most sales are due to us being very loyal to our associated brand. Not even because it's a good one at that, just becoase ""thats what all my friends have.. that's what grandpa had.. and his grandpa... and so on it's almost a social stigma at this point.  And I'd dare say this is more american of a truck than most! Its complete eye candy! It's an extremely capable overlooked and underrated pickup truck that's being held back because of Nissan's hardships with the american market. I hope this titan is a success because I know theyve put in a ton of work improving things and actually listening to what their customers want! And I mean who can beat that warranty!?!?",15
18,"I love my 2017 Titan SL, maybe in 2021 I'll have to trade in after this badass refresh.",4
19,"Best looking truck inside and out. Good Job for not overdoing the interior. First truck that I actually like the interior. Ford to blocky,  Rams to luxurious(overkill),  Toyota ok, and Chevy to bland.  Nissan interior has perfect balance, not to much not to little. Looks GREAT!",2
20,"Both Tundra, Ram and this one are my favorites I am currently redesigning the Titan",2
21,Can’t wait for the new Nissan Frontier redesign 2021! Awesome!,64
22,Holy shit this actually looks sick. Nissan is coming back!,14
23,I’m in love. I want this exact truck. I’ve loved the Toyota Tundra over the years but this is so far ahead it’s not even funny.,1
24,"All I want is a Titan warrior don’t care about price as long as it’s reasonable. I’ve owned 2 titans but, I’m still holding off buying a new one as long as there is a chance for the Warrior.",4
25,"Well done Nissan, this truck should be introduced in the Middle east, 100% will get one of these amazing trucks 😘❤",4
26,I'm sad you guys dropped the Regular cab Titan. I called the dealer last week to set up a test drive and they told me they weren't making them anymore.Update: Managed to find a used 2018 single cab! Love it!,1
27,"I’m researching trucks right now for my first full-size truck, and must say based on what I find out here in the truck world, I have to consider this! This actually is leading as  number 1 choice.",2
28,The whole 2020 Lineup Nissan clean!!! 👏🏻👏🏻👏🏻👏🏻👏🏻💪🏻,6
29,"Best looking/sounding truck on sale, hands down.",3
30,That my dream car wish to own it,3
31,"Nissan should put the frontier, titan, and Nissan commercial vans under a separate brand away from the sedans and suvs",5
32,I hope they bring it to Philippine market. I already owned a terra and i love it.,1
33,Going to buy a Titan!,22
34,Hell I’ve been a Chevy guy all my life but this truck is fucking Elegant and fierce looking good job nissan,2
35,This truck is right 😎,30
36,"Come out with the Titan Warrior!! I will trade in my Ram. Cmon, stop missing the opportunity",1
37,Do you have to use Premium gas? Or can you use Regular?,2
38,I just brought  me a 2019 titan  I digs it.. I'll wait for 2022 to swop out.,1
39,On the S model you have no power adjusting mirrors. What a technology,1
40,Nissan Rocks!!!,5
41,How do these surround view cameras create an overhead view of the vehicle's surroundings?? That's really advanced image manipulation!!,2
42,Looks really good,1
43,Damn i want one!!!!!!!!,7
44,If I were one of those truck guys I'll definitely get this. Nissan has been at the bottom of the stack and it's good that they're really stepping up their game!!,1
45,Good review & great Titan.,1
46,🥰😍🙌,2
47,Can't wait for the Cybertruck,1
48,I want one.,5
49,I was waiting  on the new titan before I purchase a ram  until I found out there will be no incentives plus interior still lags behind ram. Still that warranty is something serious though,1
50,Well done review.,2
51,Make me want to trade in my 2018 pro 4x! lol,1
52,Good looking truck,2
53,Is this truck is exclusive for the Us? This is the first time I hear about it,2
54,A legend !!! 🤣🤣,2
55,Wow great looking,1
56,2020 Titan Pro4x is the truck.,3
57,I NEED A 2020 PRO4X!,9
58,I take this but in a Diesel 4x4 and a 9 Speed trans and a tow package,1
59,Can you tell us how sway control works on this truck?,1
60,Love 💖 you Nisan,2
61,Please!!! We need the Titan in Dubai 😭,1
62,Awesome Looks way better than an F150,3
63,Looks sexy I like it. Same ugly steering wheel.,2
64,Nissan titan the best truck ever built,2
65,How can you compete when your pricing is way off?! Went to  a dealer in Texas and they are barely giving $3k worth of discounts for cash purchase. GM and FORD I can easily get 10k+ off MSRP on their 2020 model,1
66,You guys need to make a truck to compete with a raptor and ram trx little competition in that market. Put the gtr motor in it don't cheap out. Just do it you'll be selling hotcakes.,3
67,awesome.,3
68,"Damn, I was looking at the Sierra Denali but now idk. Does anyone know if this has a diesel option?",2
69,All of this tech and even more thn this you can find in Ford Rnager Wildtrak 3.2 2017 model. I was expecting more and new.,2
70,Hopefully they can get it out before they go bankrupt,1
71,"What a rip !!!! it never showed the odometer at 1,000,000 miles they just showed it 1 mile before?!",1
72,Looks like an f150,1
73,Queremos nisan de 3 toneladas en México,1
74,fucking beauty!,2
75,I just saw one! It brought me here.,2
76,Do I have to use premium fuel?,1
77,Good job Nissan,2
78,Without a diesel option no thanks,1
79,Nissan Motor Indonesia should bring this car to Indonesia,1
80,Why am I watching something that I can't afford..,13
81,We need these in Africa too,1
82,unfortunate  you can’t even fit a bicycle with two wheels in the box...,1
83,Basically a FORD,1
84,Nissan you have a great truck in the Titan but you need to advertise and market it.,1
85,Wish this was in the Asian Market :(,1
86,Should've went with the warrior headlights. These have the same stupid shape as the last gen.,2
87,日本で販売してくれぇぇぇえ！！！,1
88,That is one sexy truck.,2
89,😌👍,2
90,Is this a Titan pro4x or is this a Titan XD?,2
91,That is very good for me 1,1
92,Why it is not realesed in Qatar....////????would love to buy one if available.,2
93,Please bring the truck to Turkey,2
94,Indonesia market doesnt have this,1
95,"They got ride of the Cummins  not my truck, go dodge ecodesiel.",1
96,I  LIKE NISSAN,2
97,"nissan design going to american model like ford,ram,chevorlet,gmc,linclon, etc... japanese  motors vehicle are different design model like toyota, lexus, nissan, mitsubhisi . its changed into GENERAL MOTORS design..",1
98,Ship this to ph,1
99,The Titans were not available in the Arab countries.,1
100,สวยออฟชั่นจัดเต็มต่างกับนาวาร่าไทยมาก,1
101,Is it possible that I officially come from the agency in the Middle East?,1
102,This guy can't drive!,1
103,"semoga yang like bisa beli wong, istimiwirr",2
104,Can a man drive this car or that would be racism? Or was it misogyny? I'm not good at those bs words.,2
105,if only it was as smart on the inside as a tesla,1
106,I’m sold,2
107,that guy is a bad driver,2
108,This man is the worst driver,2
109,Faron young,1
110,Firefox vvx,1
111,Make an electric truck,1
112,Just that cvt worries me tho,1
113,송기자님 새로운 차들 볼 때마다 신기해 하는 모습 너무 귀염 ^^ 감탄사 드는 재미가 있네요~,2
114,모터라인 시승기 처음 봤습니다. 두 분이서 설명과 대화가 자극적인 표현 없이 객관적인 자료를 근거로 하고 있어서 보고 듣기 편하고 좋습니다. 표현도 너무 전문적이지 않게 하는 편이라 이해가 쉽습니다. 혼다 파일럿도 시승해 주셨으면 좋겠습니다.,2
115,정말 오랫만이네요 ㅎ  영상이 한번에 몇개씩 몰아나오기보단 1주일에 한두개라도 꾸준히 나오는게 좋다고 생각합니다 홧팅~!!,1
116,진짜 디자인은 넘사네 와 ㅋㅋㅋㅋ,1
117,오래 기다렸는데오랜만에 업데이트네요~잘보고 갑니다~~~^^,1
118,오랜만에 올리셔서 반갑네요 ㅎㅎ 잘봤습니다. 2부도 기대할게요.,1
119,여름에 피서 가기 좋은 장소같아요~,1
120,모터리언에 뭔 일 있는 줄 알았습니다. 지속적인 업데이트 부탁 드립니다. 감사합니다.,1
121,2열의 취약함을 잘 지적해주셨네요. 2열의 안락함이 좀 부족한듯 해요.,1
122,오랫만에 영상 잘 보고 갑니다^^2부시승기가 궁금하네요~~~,1
123,송은 기자님 점점 자연스러워지는거 같아요 보기 좋네요 ㅎㅎ,2
124,포드 익스플로러랑 캐딜락 에스컬레이드 시승 좀 해주세요 카랩때부터 댓글 남겼는데 기돈님 시승편을 봐야 겠어요,2
125,연휴가 언제인데 지금... ㅜㅜ 엔진을 너무 우려먹어서 더 싸져도 될거같은 느낌이...,1
126,오랜만의 영상 잘봤습니다. 감사합니다. ㅎㅎㅎ 기다렸어요~,1
127,잘 보았습니다 ~ 유익한 정보 감사합니다 : ),1
128,송은기자님 매력 터지시는듯,3
129,60프레임의 김송은 기자님이 보고 싶어요. 모터리언도 60프레임 업로드를 해주셨으면 좋겠습니다.,3
130,패스파인더는 디자인이 좀 올드한 느낌이 들어서... 페리되서 좀 나이지긴 했지만요.,1
131,너무 반갑습니다. 얼마나 기다렸는지 몰라요. 박기돈 편집장님 여행 잘 다녀오셨죠? 본 영상도 잘 볼게요.그리고 포르쉐 뉴 파나메라 4S 영상도 조만간 부탁해요. 감사합니다! : ),1
132,겉모양은 중국에 켄보600이랑 비슷 하네요 ㅎ,1
133,재미교포인데 2019년형 패스파인더 타다가 작년에 2022년형 패스파인더로 바꿨습니다.  2019년형도 정말 편하게 탔었습니다.  인테리어도 넓고 씨트도 편하고 여러면에서 실용적이었는데 굳이 흠을 잡자면 CVT 변속기였습니다. 그런데 현재 타고있는 2022년형 패쓰파인더의 9단자동변속기는 정말 부드럽고 조용하게 잘 나가요.,1
134,촬영장소가 어딘가요? 잘 봤습니다...^^,1
135,리뷰 기다렸습니다.,1
136,혹시 패밀리카는 안하세요???  오딧세이 VS 시에나  너무 유명한 대결인데 실제 신형을 본적이 없어서 너무 궁금합니다.,1
137,잘보고 갑니다 ㅎ,1
138,기돈이형 사랑해 잘볼게~,2
139,박기돈 편집장님 김송은 기자님 리뷰 잘봤습니다.근데 '과격송은님의' 패션은 언제쯤 매력적으로 변할까요?,1
140,모터리언 영상 기다렸습니다 ^^,1
141,김송은 기자님~ 오랜만에 리뷰 감사드립니다. 혹시 촬영하신 장소가 어딘가요?? 한번 가보고 싶네여 ㅎㅎ,2
142,송은기자님 진짜 롱다리 ㅎㅎ,3
143,인피니티 qx60의 마이너 버전인 모델인데 qx60은 그래도 호감가는 면이 있는데 이 차는 투박한 면이 강하네요. 미국에서도 대형 suv 중 가장 안팔리는 편이라 슬프다는,1
144,설명거장ㅋㅋㅋ 인정,1
145,화성에 있어야 하는^^ ㅎㅎㅎㅎ. 오지탐험을 하기엔 연비가 무서운,2
146,링컨 suv도 부탁합니다.,1
147,"나는 닛산은 GTR ,300Z빼곤 별로인것 같음..",1
148,송은기자님 ㅋ 리뷰 잘봤습니다~~,1
149,가족과 함께하는 패밀리 suv!가족과 나들이 가고 싶은데장소 좀 부탁드립니다 ~~~정말 아이들과 가보고 싶은데요.,2
150,멋집니당... 6기통 3.5찌찌,3
151,장소공개해주세요오~,2
152,돈벌어서 이차 사겟어요,2
153,오호~~드론 구매하셨구나,2
154,잘보고갑니다,1
155,혹시 시작 bgm 알 수 있을까요,1
156,촬영장소가 어디죠?,1
157,아쉽다 휘발유라서,1
158,닛산은 원숭이차가 아닙니다... 옛날에 르노에 팔렸습니다.,4
159,이장님과 조카 ^^,7
160,기자님 왤케 이쁨,1
161,여기 어딘가요,1
162,김송은 기자님 혀가 아주 약간? 짧으신것같네요 발음이 귀여우세요 ㅎㅎ,7
163,요즘 뜸 하다. 모터리언,25
164,실내가 10년전 현대차 같네 ..,2
165,첫 좋아요,1
166,1빠,1
167,첫댓,2
168,아나 환경 오염되게 뭐하는 짓입니까,1
169,머하는 짓이냐 일본서 한국제품 전혀 안팔리는대 이런 내용 우린 굿이 일반인 까지 나서서 광고까지 해야되나? 일본차 나서서 팔아 줄려고하니 참 어이없다 비교된다 !  이런말하면 국뽕이니 현기가 어떻고 일본차가 좋다니 시부리지!,5
170,"이쯤되면 그냥 다같이 줄자들고 팔다리 길이, 앉은키 측정하는 컨텐츠해서 서열정리 한번 해야할듯",273
171,웬지 다른 시승기보다 텐션 업이 되신건 역시나 슈퍼카이기 때문이겠지요? ㅋㅋㅋ플로시님 대한민국에 1대라는 차주의 자부심이 느껴지네요~,5
172,정말 차에 대한 애정과 지식이 느껴지네요,2
173,돈이 있어도 쉽게 못타는 차네요 ㄷㄷ 그저 드림카 입니다 ㅎㅎ영상 잘 봤습니다~,9
174,GTR 얘기하면서 일본의 망가까지 연결되는 터보님의 TMI 스킬은 넘사벽이다 ㅋ,4
175,다른 일본 슈퍼카 영상도 보고 싶네요. 제가 돈 많으면 꼭 사고 싶은 차인데.. 진짜 멋지고 부럽네요,4
176,언변맛집!!! 귀호강!!! 유튜브 이따금씩 보면서 늘 느끼지만 말씀을 조리있게 잘 전달하여 제가 시승하고 있는듯합니다.GTR은 시대를 아우르는 건담 느낌인거죠...우리머리 속에 거북선이 늘 존재하는것 같은? 그런 감성이 아닐까 싶네요. 잘 봤습니다.,2
177,진짜 전설의 차 GTR그것도 니스모...진짜 타보고싶네요,5
178,고질라... 정말 매력적인 차량 입니다.💪🙂흥미로운 리뷰 잘 봤습니다~~,3
179,"스카이라인 1세대 출시 당시 기술력으로는 곡선을 넣을 수 없었지만 R32까지 스카이라인은 직선 위주의 디자인이었죠. R33때 직선을 죽여 곡선을 넣었는데 여기서 디자인에 관해 욕이 엄청났습니다;; 이후 R34가 다시 직선 위주의 디자인으로 출시하면서 그 명성이 다시 부활했죠. 그렇기에 R35에서도 직선 위주의 디자인으로 나오게됐죠. 스카이라인에 있어서 직선은 그 자체만으로 스카이라인입니다. 스카이라인을 디자인으로 욕하는건 스카이라인을 무시하는거죠. 하지만...R35 출시 당시 R34와 달라서 욕이...;; 그래도 테일램프의 그 형상은 4세대부터 현재까지 계승했으며 또 후속모델 R36까지도 계승할 예정입니다. 이런 아이덴티티는 정말 중요하죠. 포르쉐에게 아이덴티티는 개구리눈, BMW의 아이덴티티는 돼지코 등 상징성이기에...근데 아우디의 아이덴티티는...LED?;; LED말고 떠오르는게 없네...색깔로도 아이덴티티가 될 수 있는데 페라리는 빨간색, 람보르기니는 노란색 이런식으로요 ㅎ현대는 메기...",4
180,즐거운 촬영이었습니다 ㅎㅎㅎ 니스모의 맛을 영상으로 100% 설명 못드린거 같아서 아쉽네요 ㅠㅠ,67
181,닛산 GT-R(NISMO)는 가성비로 끄는 슈퍼카이죠.... 👍👍👍👍 아쉬운건 국내에서 정식으로 출시를 하지 못하는게 좀 안타까울 뿐입니다.,3
182,바이크의 혼다 HRC와 함께 자동차에서는 니스모.. 진짜 전설..,1
183,아니 이게 국내에 있었어요?!?! 화이트가 간지라고 생각했는데 흑간지도 장난아니군요ㄷㄷ,5
184,미국 차덕들은 저런 차에 몇억을 더 부어 엔진 스왑에 가까운 무지막지한 개조를 한다는게 신기하죠 ㅎㅎ,4
185,다른 시승기도 좋지만 터보님께 가장 보기 좋다?재밌다 빠져든다라는 느낌이에요ㅎㅎ,2
186,영상제작자님~ 아주 재미있게 잘보고 갑니다판매하는것보다 일본차 오너로써소장하셨으면 해요~,3
187,폐활량이 대단하신것 같네요...,6
188,"페라리의 아나로그 계기판,특히 속도계바늘 움직임은 가장 리니어함.",2
189,GTR 후속 빨리 나왔으면 좋겠네요어떻게 나올지 너무 궁금한데설마 개발 안하고 있는건 아닌지...영상 잘 봤습니다~,3
190,영상 명언 12:53 나이가 조금 있는 사람들이라면 백퍼 공감되는 명언이네요.,3
191,예전에 탔던 르망 감성의 느낌이 좋아었던 기억이 가물 가물 나는 것 같은데 그런거겠지요^^ 차 리뷰인데 차는 안보고 터보님의 말하는 것만 집중해서 듣게 되네요.^^; 영상 잘 봤습니다.,1
192,터보님~ 평소 팬으로서 영상들 잘 보고 있습니다^^ 혹시 터보님 포드 대 페라리 란 영화 보셨나요? 그 영화에 대한 터보님의 감상이나 포드와 페라리란 회사에 대한 터보님의 지식등과 개인적 견해등을 영상으로 올려주시면 정말 재밌을것 같아요~~ ㅎㅎ,3
193,니스모보면 포르쉐가 생각나서뜬금 없지만 어제 공개된 gt3디자인이 진짜 이쁘더라고요ㅋㅋㅋㅋ,2
194,진짜 멋있다 니스모,3
195,캬 911을 성능으로 이긴차~  대단하네요,3
196,캬 진짜 리뷰하는거 보고 싶었는데 드디어ㅠㅠ,5
197,막판에 가야르도는 사골이라도 욕이라도 먹었는데 요녀석은 그 관심마저 없는 느낌..ㅎㅎ 07년도에 997과 경쟁한다고 처음 본 그 플랫폼이 아직도 현역으로 3장에 팔고있다니... 플로시 님 용자 인정합니다.,2
198,청소년기 드림카가 두 가지였는데 하나가 골프r 그리고 하나가 gt-r이였는데 그래서 그런지 이번 영상 너무 좋고 감사합니다. 현재 뚜벅이 취준생이구요...,2
199,"일본의 문화가 담긴 차가 있다는게 부럽네요. 우리도 우리만의 문화와 정서, 전통이 담긴 차가 나올 수 있을까요..",1
200,그래도 콜벳이나 911 처럼 저가라인 없는 슈퍼카중에 유일하게 살아남은 게 GTR.  바이퍼도 단종 nsx도 단종 r8도 단종이라고 하고 bmw 는 이시장에서 못 버티죠 그나마 amg gt가 상황이 낫고. 이 미친듯한 넷상의 인기가 그래도 GTR을 저 시장에서 살아남게 만드는 원동력이라고 생각합니다 7 DCT 에 마력 업해서 신형이 나올거란 카더라는 돌고 있습니다.,1
201,국내에서 한국인보다 외국인이 환장하는차ㄱㅋㅋ 정말 멋집니다,5
202,3억 3천ㄷㄷㄷㄷ911 터보s값이네요ㅋㅋㅋ진짜 매니아분들을 위한 차네요,6
203,세상 고상하고 나긋나긋하며 지적으로 동생들 맥이는데는 이 형만한 사람이 없음 ㅋㅋㅋㅋㅋㅋㅋㅋ 바나나우윸ㅋㅋㅋㅋ,4
204,스카이라인... 아시아의  진리죠.   바이크를  잘 만드는 나라가  차도  잘 만든다...  다른 건  다  까도..정말  두가지는  절대  못   까 겠네요.   정말 정말  부럽습니다.   영상 잘 봤습니다.,2
205,한솔형이 GT-R 몰고있으니까 웬지모르게 그냥 잘어울린다 ㅋㅋㅋㅋㅋ,2
206,와.....진짜 너무 멋쪄요....ㅎㅎ,3
207,이제 점점 자동차 회사들의 100프로 전기차생산이 이 늘어나서 저런 자동차가 앞으로 얼마나 나올지....,2
208,길에서 본다면 이차도 피해야겠군ㅋㅋ좋은 정보네요,7
209,3억주고 이차를 산다는게 대단한 용기다,1
210,국내 단 1대 ㄷㄷ 역시 니스모,1
211,형한테 꾸중 한시간만 들어보고 싶어요 . 잘살수 있을거 같아요 ㅋㅋ,1
212,호우~ Nismo!!! 🔥🔥🔥,2
213,뒤에 MX-5 미아타 리뷰도 해주시면 ㅠㅠ 북미에서는 많이 보이는데 한국에서는 정말 보기 힘든 차... ㅠㅠ,2
214,"옛날에  370z  300마력 맵핑 한 차로 gtr 똥꼬붙었다가 처참하게 참교육 당했던거 생각나네요. 보통 벨엔,a45,박스터 등 언급하셨던 모델들 타는 사람들이 딱 내차 빠르다고 착각하는 사람 많아요 ㅠ",2
215,지나가다가 gtr r 35 니스모를 보게되면 그날 로또를 한번 사봐도 될거같네요🙀,2
216,터보님 에스컬레이드 리뷰 영상만 기다리고 있습니다!!,3
217,gtr R34 각진 모델이 더 신형 같아보이는 현상 ㅋㅋ 아 타보고 싶네요 s2000 amuse  튜닝회사도 최고라고 하던대요,3
218,300대 붕뜨는 느낌에서 빵터짐ㅋㅋ 터보님은 300경험 없으신듯^^,1
219,잘보고 갑니다 엄청 비싼 차군요 ㄷㄷ,1
220,공도의 제왕 악마의 z 시리즈도 보고싶습니다..완간미드나이트 만화 보셧다면 알꺼에용,1
221,GT3RS 같은경우 본넷 나카덕트는 브레이크 냉각쪽으로 연결 되어있는걸로 알고있습니다 ㅎㅎ 엔진이 뒤에있으니 ㅋㅋㅋ gtr은 엔진냉각해주는게맞나요? 6:10초,1
222,"일본가서 GT R 니스모 본적 있는데, 오지드라구용ㄷㄷ",1
223,23분 긴 영상 행복..,4
224,아무리좋은차도중고차세차도관리 잘했야,1
225,니스모 정말 최고입니다👍,2
226,23:20 그래서 저는 34GTR 소장하고 있습니다 ㅎㅎ,9
227,대박이다 Nismo ..... 드림카였는데 ㅜ,3
228,엔진장인을 타쿠미라하니  이니셜D  두부집 아들내미가 떠오르네요ㅎㅎㅎ,2
229,와! 터보님은 사랑입니다,2
230,찬호 형님 출현하는 날이 오길....,2
231,"아니 근데 , 형님 앞뒤가 너무 다른거 아니요 ? ㅋㅋㅋㅋ 센터디스플레이는 너무 요즘 시대에 뒤쳐져있다 하면서 갑자기 사이드브레이크랑 아날로그 계기판은 또 아날로그라서 좋다카시고 ㅋㅋㅋㅋㅋ 내로...남불...읍읍",2
232,이영상의 핵심은 그누구도3억 몇천을주고 니스모사는사람은없다그돈이면 페라리. 포르쉐산다고그래서 큰용기가필요하다,1
233,매니아를 위한 차량이네요. 특별해서 더욱 재미있게 봤습니다,1
234,에스컬레이드 구형 신형 리뷰해주세요.. 유지비도 궁금합니다,1
235,밀리는시간엔 우면산터널을 타시는게 절반정도 빠릅니다 ㅠㅡㅠ,1
236,영상을 집중 하다 보면 털보형 얼굴이 살짝살짝 보여지네요 ^^영상 잘 보고 갑니다🙏,1
237,마력도  튜닝안하고  800이하로  조종이  된다고요  340키로이상도   나간다는  이야기인데,3
238,박찬호씨랑 수다떠는거 보고싶네요. 그때까지 구독할게요 ㅎㅎ,2
239,R34에 환장하는 1인,3
240,무패신화의 GTR,1
241,악 바나나우유ㅋㅋㅋ재경님과 한솔님을 동시에 타격!ㅋ,3
242,매니아 시군요. 지샥 gtr에 니스모 ap..,1
243,에스컬레이드 시승긴 왜 안올리시나요궁금터져요,2
244,멋있다....,1
245,감성 마력   플러스 100 이상 ㅋㅋㅋㅋ,1
246,배기음 들어보라고 하시고는 말을계속하셔서 배기음이 안들림ㅋㅋㅋㅋㅋㅋㅋㅋㅋㅋㅋㅋ뭔가 이상한 매력이 있어요~~ㅋㅋㅋㅋ,2
247,r34도 시승기 들려주세요 제가 젤좋아하는 차예요,1
248,"유동성 버블로 부동산 주식 코인 벼락 부자들이 많이 생기니 슈퍼카, 부동산 수요도 같이 늘고 환경 아다리 맞게 컨텐츠 짜서 사업하니 수익도 챙겨가네 질투는 안나고 부럽다. 건강하시길.",1
249,3:16 터보형 얼굴 최초 공개군요 ㅎㅎ,50
250,영상 보면서 내내 드는 생각말 진짜 많다,2
251,터보님 찬호형 만남 주선 하고 싶다 누구 귀에서 피 먼저 나나 ㅋ 찬호형이 질듯 ㅎ 넝담입니다 잘 보고 있습니다 ㅎ,2
252,엔진이 가장 아쉬운 차,1
253,0:35 Nismo는 마력이 좀 틀리지 않나요?,1
254,"터보형은 언제부터 여성호르몬 과다분비로 말이 많아졌을까?1,중딩때부터2,고딩때부터3,태어났을때부터",78
255,드림카가 r35니스모로 바뀌었습니다 터보님 리뷰잘보았습니다,1
256,진짜 이쁘다...,1
257,얘도 r34마냥 gtr의 최종판인 z튠이 나오면 좋겠군요,1
258,"아.. 뭐가 좋아서 3억3천은 아니구. 이래저래 세금 때문에 차가조아선 아니구, 어프티 뮈시기때문에, 차가뭐가 존 좋아선 아니구. 그래서 비싼거구나..",1
259,와 궁금했는데 감사합니다,2
260,내 드림카ㅠㅠㅠㅠ,1
261,터보 님 블로그 부터 잘 보고 있습니다,1
262,A1 인터네셔널 이라는 곳에 가면 저런차들 구경이 가능한건가요?타볼수도있죠?시승같은건 신청해야되나요?,2
263,에스켈레이드 시승기는 언제 보여 주나요??,3
264,그... RX-7도 궁금하네요 ㅋㅋ,5
265,렉서스 빼고 디자인은 기괴하거나 절대 평범하진 않음일본차는 디자인 보단 기능보고 사는 차같음,1
266,터보님화이팅,2
267,크흐..... 소리 죽인다,5
268,12:41 GTR시계 모델이름이 뭔가요? 한정판 인가요?,2
269,편집하느라 고생하시겠네요 ㅋㅋ,1
270,역시 팔다리 맛집..,1
271,와 한국에 니스모가 있구나......,2
272,이상하게 이 말많은 형한테 빠져 버렸어...,45
273,터보님 궁금한게 있는데 자동차에서 팝콘소리가 나는 이유 기어변속시 어떨때 나는지? 등 요런것좀 영상으로 알려주실수있나요?,1
274,와 이차 ㄹㅇ 보기 힘든데 돈이 ㅈㄹ이였구나..,1
275,남산에 왔는데 오렌지커스텀을 안들리다니...,3
276,차아무것도모르는대 이차가격 보는대 넘사벽이내 ㅋㅋㅋㅋㅋㅋ,1
277,좋은영상 잘 보겠습니다,2
278,반영이 없다고는 할 수 없지어쨌든 일본애들은 평범한 애들이 아님 정밀부품 세계 강국이니 일제산은 최고수준이긴 함,2
279,3억3천;; 지티알이 아니라 건담을 산다고 생각하는게 편하겠네요,1
280,터보님 요즘 논란이 되고 있는 슈퍼카 렌트사업 사기꾼 빅보스맨에 대해 아시는정보있으시면 관련영상하나 찍어주시면 좋을것같아요 ㅜㅜ피해자분들도 너무 불쌍하고ㅜㅜ또한 터보님에 생각은 어떠신지 궁금하네요,2
281,터보형은 못참지,2
282,어떻게하면 이렇게 박식해지나요?,1
283,한솔님도 마이크 하나 채워주세요 ㅋㅋㅋ,7
284,성인 되면 사러 가겠습니다,1
285,gtr 그리고 스푸라는 전설이지,3
286,GT-R 탄 김에 그랜드세이코 가야지,1
287,rx7 존버합니다,2
288,"차가 너무 섹시하다,,",2
289,후드가 자동식이면 따로 또 모터가 들어가니간저 후드 여는법은 차 무게를 줄이기 위해 저런식으로 햇데요,1
290,터보님 국어쌤하면 될꺼같아요,2
291,일본의 단점은 너무 미세한거에만 집중해서 큰 그림을 못 그리는것 같음,7
292,ㅋㅋㅋㅋ 바나나우유 ㅋㅋㅋㅋㅋㅋㅋ,5
293,7분전은 못 참지.,4
294,3억ㄷㄷㄷ 포르쉐 사겠다,1
295,젠쿱 380기본에 터빈업  맵핑 한차는 따라가지 멀놋따라와 맘만먹으면 다따라가내차는 380 존나 무시하네 ㅋㅋ,1
296,니스모가  제로백이  아벤보다 더  빠른걸로 아는데,1
297,꼭 페라리 람보12기통 아니더 라도 마력이 6~7백 정도는 되야지 슈퍼카 소리 듣지않나??,1
298,귀아파 ㅠㅠ,1
299,힙합이네요,1
300,신형에스컬레이드는 언제쯤...,2
301,키가. 150. ?,1
302,호잉호잉호잉 에스컬레이드 보고싶어요잉요잉요잉,1
303,찌찌알 니스모 파시던데 다시타기로하신건가요!소장!,1
304,날개를 k5같은데 다니 의미가 없죠..,5
305,6분전은 못참지,2
306,말이 쉬질않네,3
307,슈퍼카중에서 연비개쩌는차 아님?? 22라던데,1
308,공기역학 개나줘버려우리는 공기를 찢고나간다는 찌찌알,1
309,아 2010년에 못산게 한.,1
310,바나나우유 ㅋㅋㅋㅋㅋ,3
311,어 뭐야!?GTR 이제 인증 안됨!??,1
312,3:15초쯤 털보형 얼굴 나오셨어요ㅜ 약간 깨박이 느낌 있으시네,4
313,뭔가 일본만의 고집과 정체성이 결집된 자동차..같은 느낌,2
314,2분전은 못참지,1
315,17:45 ㅋㅋㅋ 의정부에서 서울 넘어올때쯤 뒤꽁무늬에 몇 명 따라붙던데 바로 6기통에서 12로 전환해주고 쫙 밟아주면 엄마 젖먹으러갔나 안보여요 ㅋㅋ,1
316,차좀 봅시다 너무 시끄럽게 떠드니까 집중이 안되요..,1
317,0:11 와 v2다 저게 그 유튜브에 올라온 사고난바이크죠?,2
318,아오 귀아퍼 귀마개 끼고 들어야겠네요,2
319,GTR에 제국주의 사상이 많이 들어갔죠 상징과 같은 리어 테일 램프 동그라미 4개가 일본 욱일승천기를 상징한다고 하네요,1
320,3억을 넘는 찌찌알이 있다? 삐쓩빠쓩뿌쓩,1
321,플로시 어케 말 좀 해볼라고 치고나오지만 어림도없쥬바로 터보가 도륙내버리쥬,1
322,와 졌다나보다 말많네 ㅠㅠ,2
323,터보님!!!에스컬레이드 보고싶다구예아시겠어요?,2
324,말투에서 터보님이 지티알좃밥처럼 보시네요ㅋㅋ,1
325,아이폰 1이랑 동갑인 차가 있다?,1
326,넘길다말,1
327,이형 침안마르나말하다 조상님보러가겠어,1
328,9:19 패스하지 말고 얘기해주세요.,2
329,날것의 차 지티아르...,1
330,한국에선 저 돈 주고 저걸 살사람이..,1
331,14:43 nomal......노말....노말!!!!!,1
332,아니  키가  150 이여 ?  ㅋ,1
333,앗 철수기업꺼네요 ㅋ,1
334,귀에서 피날 것 같아요 ㅠ,1
335,이 형 돈 그리 많은데 광고를 왤케 넣음ㅡㅡ,1
336,너무 사골이지  지티이로,2
337,불쌍하다.  한솔씨 ㅋ ㅋ왜 터보인줄 불쌍 한솔씨,1
338,어제 울산 정자에 한커피솝에 왔었는지 물어봐주세요,1
339,아 ..911살껄,1
340,자동차에 군국주의 민족주의까지ㅋㅋ,2
341,드림카,1
342,와 말 진짜 많네.,4
343,Gtr 니스모가 그냥 gtr보다 출력과  토크가 더 높습니다,1
344,말이 많은건 그렇다치는데 말이 너무 빠르단다. 쫒기는 고양이마냥 급해. 말을 조금 천천히 차분하게.,3
345,일반인들 GTR GTR이 최고라고 말하더래도 막상 돈생기면 독일차로 가죠뭐. 10이면 9이 그렇죠. 1명은 GTR선택합니다. 세상이 다 그렇죠 뭐,4
346,박찬호만큼 하는데?,2
347,귀에서 피나겟다 ㅡㅡ,1
348,보여주기위해 사는 슈퍼카보다 진또배기 트랙쟁이를 위한 차같네..,1
349,빠르면 뭐하냐 30km 50km로 구간 많은데,2
350,언변은 훌륭하신데 말의 간격과 호흡이 너무 짧아서 영상보는 내내 맘이 불안함 ㅋㅋ,1
351,ㅈㄴ강남아줌마들도 이거보단조용하겟다 ㄹㅇ... 어케 주둥이가 한번을못쉬지 대단하다진짜..ㅋㅋ,1
352,와..이형 말 진짜 많네..제발 조용히 해줘.. 배기음을 듣는지 아가뤼쓰를 듣는건지 모르겠어요,3
353,이런 희귀직수입차 메인터넌스는 어떻게 하나요?,1
354,ㅋㅋ 누가gtr 을 슈퍼카 웃겻다 쳐주지도 않는대  보기힘든 차일뿐이지,1
355,해설하시는 분이 이상함 차알못,1
356,일본차 패스,1
357,먼  내용  인지...,1
358,GTR35は絶対にポルシェには勝てない。値段も質も技術も。だって日本車だもん。,1
359,저 가격이면 다들 포르쉐 살거 같은데,1
360,Talk way too much,1
361,말이너무많다,1
362,말 ㅈㄴ 먾네 ㅋㅋㅋㅋ,1
363,오,1
364,외국노,1
365,아 터보 말 진짜 준내 빠르네 귀 아프네 딱따구리처럼 말 x나 많어 차주가 말 좀 하게 해줘라,1
366,설명충....,1
367,닛산 알티마 편은 지난 2019년 제작되었습니다. 그동안 비공개 컨텐트였지만 순수한 차량 정보로 봐주실 분들을 위해 공개 전환하게 되었습니다. 또한 지금 당장 인기가 있는 신차에만 국한하지 않고 다수의 브랜드가 보유한 많은 다양한 차량들에 대한 정보를 확대 적용해 나갈 예정입니다.,279
368,알티마 프레임과 하체 정말 좋더라구요~,8
369,닛산알티마 역시 듣던대로 손색이 없는 명차 입니다.  가성비로 따지면 거의 최고 입니다,3
370,"이번 알티마의 매력은 맥시마보다 더 큰 휠베이스와 2.0 VC터보가 아닐까 합니다.다만 아쉬운건 2.5na에는4륜 옵션이 다른 나라는 있는데국내는 삭제를..긴 휠베이스가 주는 옆모습의미적 비율이 특히 좋은데,4륜 옵션 넣구 옵션가격을 저렴하게했다면 요즘의 분위기에도 판매를좀 올리지 않았을까 합니다.",11
371,2.0T 모델은 꽤 재미있으셨던 모냥입니다. 트레드옆에 물결무늬 많은거 보니 꽤나 조지신듯..ㅎㅎ,13
372,2200 에 산사람들 개부럽다 진짜,40
373,잘봤습니당~ 무난하게 이쁘고 기본기도 좋아보이네요,10
374,"안녕하세요, 알티마 테크랑 터보 사이에서 고민하다 오토뷰 시승기를 보고 터보로 구매했습니다.평소 와인딩이랑은 인연이 없고 연비주행하며  얌전하게 타고 다니고 승차감을 중시하는 편인데, 2.5 순정휠인 17인치로 인치다운해도 출력 대비 제동성능 등에서 큰 문제는 없을까요?",6
375,"자동차 리뷰는 오직 오토뷰만 보고 있습니다. 다양한 비인기 차종 리뷰하겠다는 제작의도 너무 감사합니다. '인류'를 사랑하는 사람은 나이팅게일처럼 적군과 아군을 가리지 않고 모든 사람을 보살피는 것처럼, '자동차'를 사랑하는 사람들은 국가와 정치이념에 휩쓸리지 않고 오직 '자동차' 그 자체를 사랑하고 평가해야 한다고 생각합니다. 중국차도, 일본차도,  잘 알려지지 않은 제 3세계의 차도 많이 리뷰해 주시면 감사하겠습니다.~~",5
376,일본 대중브랜드 중형차 중에 그나마 마음에 들게 생겼습니다. 다른 것들은 알티마보다 더 너무 요상하게 생겨서...,31
377,기태성. 평생 사랑해유~♡앞으로 오십년이상만 더 활동해주세요.항상 응원하겠습니다^^,24
378,예나 지금이나 자동차 리뷰는 많은 유튜브채널이 만들어 졌지만 오토뷰가 최고인듯,3
379,차 멋지네요차도 비싸지도 않고멋지네요리뷰 고맙습니다.,5
380,건담 보고 디자인 연감 받나봐요.실재로 보면 생각 보다 좋아보이지만SM5 초기형(닛산차량)에서 시국타령 전에 알티마로 기변한 지인이 있어..,8
381,잘봤습니다   좋은 리뷰 감사합니다어디가나 반대편은 한두명 있지요그러려니 하시구  계속 리뷰해주세요,18
382,기술의 닛산엔진의 혼다마케팅의 도요타,7
383,이 급에선 타이어만 바꾸면 어코드가 달리기는 제일 빠를 것 같습니다.,7
384,VC TURBO 가변 압축비 터보 엔진    기술의 닛산이라는것을 바로 알게 해주는 엔진이죠,19
385,알티마 사고싶다,17
386,출발전에 Vdc를 끄는 이유가 있을까요? 급궁금하네요ㅎㅎ,1
387,일단 과속안하고 안정적으로 속도내고 운전했을때 극한의 이득(2200)을  볼 수 있는 이득충들의 자동차,3
388,이런 순수하고 객관적인 리뷰에대한 의지 너무 칭찬합니다,10
389,디자인이...옛날 감성이,2
390,누구는 영상용 일제품 사용하면서 차리뷰어가 이시국 저시국하면서 정치성향인거같았는데 오토뷰보니깐 오로지 차에대한 리뷰만하니깐 자동차 채널에있어 더욱 신뢰가 가지게 되네요,16
391,네비없는 부분은 참 마음에 드네요.,7
392,안녕하세요. 십년? 더 오래전인가 티비에서 리뷰 하시는거 보고 그때부터 펜입니다. 그때부터 티비로 꾸준히 보다 한동안 리뷰가 없어 너무 슬프게 지내다 몇년전부터 본격적으로 유튜브로 리뷰도 올려주시고 저는 얼마나 행복한지 모르겠습니다. 관심차종리뷰를 보며 비교를 하다 십대와 이십대에 드림카인 BMW G바디 530i를 타고있네요.. 대기가 싫어 540을 포기한게 아직까지 후회중이긴 하지만요......  브리지스톤 티셔츠 너무 이쁜거같아요.저도 입고싶습니다. ㅎㅎㅎㅎ,10
393,나중에 중고로도 사도 괜찮나요?지인이 알티마 전 모델 타시는데 잔고장없이 엔진오일만 갈고 타더라구요현기가격도 엄청올라서 ㅠ기본기 탄탄하다고 하길래 어떤가요?,3
394,닛산 알티마 좋은차였는데 철수여서 아쉽네요,3
395,알티마 알고보면 가성비 정말 좋은차 입니다.궁금했었는데 오토뷰에서 리뷰해주시네요.잘보고 갑니다.맥시마 리뷰도 기다리겠습니다.,17
396,일본차 인테리어를 보니 미국에 전념하는 모습... 별 신경안쓰네요.,2
397,리뷰 잘 봤습니다. 믿고보는 오토뷰~,7
398,마크를 떼어내면 모든 네바퀴굴림은 일류의 안전과 행복에 기여하는 장치일겁니다. 그냥 그자체로 보면 됩니다~ 수고많으십니다!,3
399,빨간색 개이쁘네 진짜...,1
400,한떄 알티마 캠리 어코드 비교 하다가 렉서스 구입 했었는데.. 알티마도 타보고 싶네요,7
401,갓직히 다른거 필요없음 달리기성능 코너링 다개소리지 그냥 일본차처럼 준수하게 달리고 고장안나고 기본기탄탄하고 있을기능만 딱있고 대부분의 시민들은 이정도면됨 가격도 착하고 ...,28
402,차량내 USB포트 암페어 수치 알려주는건  오토뷰뿐 아닐까요 ㄷㄷ평소 아주 궁금하던 부분이라 아주 반갑네요,14
403,와 라브4랑 알티마 진짜 기다렸어요!!!감사합니다.형 건강해!,9
404,갖고싶다,5
405,"오토뷰의 전문성과 흥미진진한 영상미로 10년 넘게 봐온 애청자입니다. 다름이 아니라 혹시 김기태 기자님과 김선웅 기자님의 자차 리뷰를 올려주실 계획은 없으신가 궁금해서 댓글 달아봅니다.각양각색의 차들을 몰아 보시면서 어떤 차들을 타시고, 타오셨는지 궁금하네요.",15
406,잘 보고 갑니다!,3
407,일본차라  차별하기싫지만... 따봉만 찍고 갑니다,3
408,저 알티마 2.0터보와 어코드 스포츠. 이 2 차종. 성능만 놓고 봤을 때 독일 3사로 가면 독일3사에선 차량가격이 얼마가 되나요?,5
409,알티마 2.0  터보 관심 많아요소유하고싶은    차량입니다,2
410,"인피니티Q50 디젤 2016년 4월에 신차 뽑아서 아직 타고 있는 오너입니다. 그때 당시도 고민 많이 하고 샀는데.. 유튜브 보면서 조립하는 현기차냐.. 당시 철수 이슈 상당하던 쉐보레냐..르노..어차피 얘도 닛산이나 마찬가지고...쌍용..세단없고.. 그래서 그냥 차만 딱 보고 결정하자 결론이 나와서 Q50샀었습니다. 불매를 하는 것도 사실 워낙 그 범위가 애매한 부분이 있어서..  뭐라하기 힘든 부분이 있다고 생각합니다. 채식주의도 생선은 먹는 사람 달걀은 먹는 사람 이렇게 나눠지는거 처럼요. 플스는 열심히 하면서 일본차 구매는 까는 희안한 경우도 있지요.  본인의 신념대로 각자 할 수 있는대로 하는게 맞다고 생각되네요. 불매안한다고 욕하지말고 불매한다고도 또 욕하지 말았음 합니다.  불매안하는 사람도 불매 하는 사람의 신념..그거 욕할 자격없고, 불매 하는 사람도 정도의 차이지 일본 제품 쓸 수 밖에 없습니다.  각자 신념대로 합시다~",30
411,최고의 차,3
412,항상 잘 보고 있습니다. 살 마음은 없지만 ....있었지만...그냥 이런차가 있다....라고 잘 보겠습니다.,15
413,소나타 센슈어스랑 비교하면 어떤가요?,2
414,팩트: 장진택 기자는 오히려 구독자가 늘었다 ^^,30
415,엔진이 너무 구식이긴 한데 싸게사서 상당히 좋음 어코드가 조금 더 낫긴함,4
416,👏👏👏,6
417,컨셉 이뻐도 양산 죠지는건 여기나 저기나구나,1
418,2열 시트 폴딩은 정말 큰 메리트가 있네요,5
419,앞은 구형 k7 느낌나고 뒷 데루등 아슬란 같네 ~,1
420,와우 !!  편집 포인트 멋찌다박자에맞춰 다른영상과 음악 무슨 광고찍는줄쵝오 오토뷰 보고있슴 귀에 쏙 들어와욤 🤗🤗🤗🤗🤗🤗🤗🤗🤗🤗,3
421,여윽시~^^,7
422,좋은 자료 감사합니다.  2.0 T 에 대한 브레이킹 성능이 빠진부분이 좀 아깝긴 하네요.,2
423,리뷰가 궁금하던 차 였는데 드디어 공개 됐네요~ 잘 보겠습니다!,12
424,이 차가 아반떼보다 싸다는 차인가요,16
425,일본차도 어지간히 디자인 포기한것 같은데 경쟁모델 메기나타 보다는 낫다.갓토뷰 잘 보고 갑니다.,19
426,잘 봤습니다 후미등이 아쉽네요,6
427,정말 만족도 좋습니다^^ 10년은 거뜬히 탈수 있는 차량이에요 ~ 너무 편합니다. 참고로 저는 벤츠 이클 차량도 가지고 있는데  알티마가 더 편하네요~,18
428,35:31 총평,8
429,cvt내구성은 좀 나아졌으려나...,2
430,5.5세대 알티마 오너입니다  //  일본차의 가장 큰 장점은 잔고장없고 그냥 무난하나 브랜드는 있는 것입니다 // 가족용 차로 재격입니다,26
431,생중계는 안하시나요그리고 예전에 골프R시승기 할때 차량이 지금 k카에 매물로 올라왔던데 추억입니다. ㅋㅋ,2
432,재미있게 잘보았습니다~!오토뷰는 사랑입니다♡,6
433,믿고보는 오토뷰!!,20
434,우리같은 월급쟁이는 가성비 따지고 고장없이 오래 탈려면 일본차,21
435,"알티마 나오게되면 시승 및 계약을 생각하고 있었는데 일제불매가 시작되는바람에 아얘 잊고지냈었네요^^오토뷰입장에서는 시승기 업로드를 포기했었던거 충분히 이해가 가고, 지금와서 뒤늦게 업로드한것도 차를 좋아하는 사람으로써 충분히 이해가 갑니다.비록 사지는 않겠지만 재미있게 보겠습니다^^",6
436,다 좋아졌는데 후미등 너무 저렴해보여요 ㅠㅠㅋㅋㅋㅋ,7
437,"기다렸던 리뷰, 잘 보겠습니다.",5
438,용기있게 공개를 하셧군요. 감사합니다.😄👏,17
439,일본차로는 경적소리 '대~한민국'을 안하는 센스 ㅋ,1
440,이젠 일본차 리뷰 하셔도될듯킹시국이 이제 일본에서 중국으로 넘어가서 ㅋㅋㅋ,11
441,드디어 올리왓네,5
442,외부세력의 농간질에 같은 대한민국사람들끼리 싸우고 헐뜯는 일이 없으면 좋겠습니다.,15
443,나빠요든 좋아요든 민주주의 국가에서 자유지만아직은 기본과 내실에 충실한 일본차는 꼭 사지 않더라도 국산차와 좋은 비교대상이 되고 또 선한 경쟁이 있어야 국산차의 발전도 있지 않나 생각됩니다.역사와 현 시국에 어떤 흐름을 거스르지 않고자 하는 정신도 분명 필요하지만 배우고 흡수하고 또 아닌것에 대해선 아니라고 할수있는 자세도 필요하지 않을까요?알티마는 일본브랜드 차량인걸 넘어서가격대비 기본기와 성능이 분명 우수한 차량임은 확실하다 생각합니다!옵션이나 편의사양 실내 내장제하부나 엔진룸 소재는 원가절감의 흔적이 굉장히 많이 느껴지긴 합니다.기본에 아주 충실한 전륜기반의 가솔린 세단이 아닐까 합니다! 좋은 정보 늘 감사합니다!아!  ㅎ 많이 바쁘시고 코로나로 인해 지금은 많이 어수선하지만 2019~2020 530I MSP는 엠스포츠 서스펜션이 들어갔는데요 여력이 되신다면 한번 시승해주시고 리뷰해주시면 감사하겠습니다! 제가 타고 있기는 하지만 전문가분들의 날카로운 분석과 차량의 대해서 좀 디테일하게 알고싶습니다^^곧 페이스 리프트가 되긴하지만17~18년식 모델에 빠진 요소들 때문에 차량이 가진 장점에 비해 너무 단점들만 부각이 되어서요!항상 감사드립니다^^*,8
444,CVT...정말 가루가 되도록 까이지만 연비하나는 기똥찬 차..,13
445,알티마 살려다가 너무 늦게 나와서 어코드로 넘어온..,4
446,근데...알티마는  옆동네 캠리나 어코드 하이브리드한테  대차게 까이고있어서 ㅜㅜ 심지어 다운사이즈도아니고  점점  판매는 저조해질듯 ㅜ,31
447,차는 기본기가 중요하긴 하지만 디자인도 중요한 구매요소인데 실내외 디자인이 뭔가 한 세대 뒤쳐지는 느낌이네요...,7
448,저는 사지 않을테지만.. 혹시라도 구매하실 분들 혹은 정보를 전달하는 채널이라는 차원에서는 안가리고 전부 다 업로드 하시는게 맞지않나 생각합니다. 항상 응원합니다.,15
449,닛산 인피티니 안타깝다 돌아와라 미쯔비시 마쯔다 스바루 프리미엄 어큐라까지 모두 와라 이기야!!!!,9
450,불매운동 선동하던 고위공직자 상당수가들 렉서스 혼다 차량보유중인 현실에서 좋은 리뷰입니다,17
451,닛산 없어진거 개오바네 ㄹㅇ 시부레,2
452,차는 순수하게 차로 판단되었으면 좋겠다는게 차덕후인 제 생각입니다,19
453,살 일은 전혀 없겠지만.. 여튼 잘 보고 갑니다.,5
454,그유명한니산,1
455,무조건 일본차라면 나몰라라 신경안쓰고 있다면 그게 바로 우물안 개구리죠. 우리가 가장 따라잡아야하고 알아야하는게 일본브랜드인데도요. 이렇게 다양한 정보를 공개하고 공유하는게 결국 우리나라 자동차 전반에 큰 도움이 되는 일이라고 생각합니다!,27
456,30:57 소나타 2.0T 개안습...현대 지못미,30
457,국민감정을 떠나서 기자의 보도 정신을 지키는 오토뷰는 진정한 언론입니다.,11
458,"왜구차는 싫어하지만 배울건 배우고 우리나라차가 앞선 부분도 있고 , 현기,쌍용 , 르노삼성, 쉐보레가 더 발전했으면 좋겠어요",26
459,좋은리뷰 감사합니다^^,8
460,자동차 채널의 본질에 충실하는게 우선이죠.리뷰에는 성역이 없어야 합니다.개인적으로 그랜저 구입 예정이고 앞으로도 계속 일본산 소비재는 안살 계획이지만 그래도 이런 리뷰는 정보 차원에서 필요하다고 봅니다.마지막 판단은 소비자가 하는것이고 소비에 대한 결정 또한 각자 개인의 몫.리뷰 재미있게 잘 봤습니다.,7
461,요즘 난리난 차....,1
462,현기 쌍용 르노삼성 쉐보레가 이런 왜구 차보다 인테리어 내장은 더 좋아졌다 생각합니다 내구성이나 주행질감도 더 좋아지길!!,3
463,자동차 정보에 정치색이 드러나면 안되죠.오토뷰팀의 용기에 박수를 드립니다.,11
464,흉기 아방이 사느니 알티마 사는게 정상인이지~ㅋ,20
465,구독자가 16만  가까이 되어가는 결코 영향이  적지 않은 컨텐츠인데 객관적 정보전달믜 취지라지만 그 영향력을 제작자 관계자분들이  너무 과소 평가 하신듯 합니다.,7
466,알티마 타보면 안다. 편하고 내구성 좋고. 미국놈들이 많이 사는 이유가 있다,3
467,"닛산이 日産이란 뜻이죠. 단어자체가 ""made  in(by) Japan"" 을 표명합니다.치우침이 나쁘다고 하지만 일본차에 대해서는 받아들이기 힘드네요. 제국주의 침략자들~!!!오토뷰의 컨텐츠 품질과 열의는 항상 감사합니다",5
468,이러면 정신병자들 몰려 올텐데..,16
469,아 진짜 2200ㅇ아 ㅋㅋㅋㅋㅋ 아 ㅋㅋㅋ 뛰어가? 진짜 뛰어가? 앜ㅋㅋㅋㅋㅋㅋ,35
470,차 좋네요 vc터보 미국가서 사고싶네요,7
471,플래쉬 라는 관종은 오늘도 관심을 못받았는지 혼자 베들베들 거리는군요 관라자님^^ 정리를 하심이 좋을듯하네요.,30
472,알티마 궁금했었는데 감사합니다!,6
473,닛산 정말 좋은 차죠^^~,10
474,벤츠나 BMW도 가짜 머플러 쓰는데... 듀얼머플러라니...,4
475,딱 불매때 올릴려다 마셨네,2
476,이 시국충= 쿠팡은 잘도 이용중,11
477,역시 오토뷰 ^^,3
478,관리자님.. 오토뷰 홈피 오래된 시승기 재생이 안되요 모바일 pc버전다요 최신꺼 유튜브만재생대용ㅠㅠ,6
479,2.5인데 연비가 잘나오네요!? 살아있네~,8
480,cvt라니요 아 치명적인 약점으로 작용할거 같은데요 ㅡㅡ;;;,3
481,차는 괜찮은대... 판매량보면 정비망 자체가 없어질듯 ㅋ,3
482,잘 보겠습니다!,5
483,뭔가 닛산에서 만든 캠리같네가격이 비슷하면 한번 타보고 사야지,13
484,요즘 가격생각하면 혹하죠 ㅎ..,5
485,리뷰하라니까 또 cf만들었네,23
486,순수 오토뷰만 봅니다. ㅎ,15
487,"닛산 알티마,맥시마~는 애초에 이름 지을때 말'마'자 쓰는걸까요?적토마처럼ㅎ 네~다음 아재개그!",11
488,잘볼게요~,3
489,쏘나타랑 K5보다가 이거보니까 되게 심심해 보이네....;; 리뷰 감사합니다!,1
490,차는 참 좋은데 안타깝...,10
491,굿바이 닛산,1
492,어코드 1.5타고있는데 .. 알티마 1.5도 같이 나왔음 삿을텐데.. 2.0은 세금이 너무 비싼거 같아요디자인은 이만하면 나이쓰! 캠리도 다운사이징됬음 좋겟답..,8
493,뭔가 느낌이 아반떼 비슷한 것 같은데... 차잘모르는 개인적인 생각입니다.,1
494,이게 아반떼 경쟁모델인가요,21
495,일본차를 떠나 별로 매력이이 없네요,6
496,현재 미친할인율 거진7002500~2600에 파는중그래두 안팔리는중,7
497,2.0 t 사고 싶네요. ㅋㅋ,21
498,일본차들좀 많이 리뷰 해주세요.반일 정신병자들 말 무시 하시구요^^;,36
499,저 v자를 보니 왠지 마징가 z인가 오래된 만화가 생각이 나네요,1
500,23살 닛산 알티마 6세대 신형 2.0t 차주입니다 차 가성비 좋습니다~~^^다만 내장 재질이 아쉽드라고요,8
501,불과 3년전까지만 하더라도일본차 한번 사볼까생각했는데..,19
502,2200에 겟 데헷,37
503,디자인은 이전보다 망했음,3
504,역시 일본차 좋네요 닛산 한번 고려해볼게요 곧 차사는데,7
505,영상 잘 보겠습니다,4
506,지옥에서 온 듯한 디자인,9
507,오늘도 온라인 독립투사들은 거품을 물고 일본차 리뷰를 찍은것마저 역적취급을 하지만..그시간에 일을 해서 세금으로 애국을 하세요~ 본인들의 삶이 나라에 해가 되는지 이익이 되는지 잘 생각해보시고..,7
508,어찌보면 가성비 최고의 차가 될 수 있었건만 시대를 잘못탔네요,18
509,닛산 차량팔려면 르노마크 붙여서 파는수밖에,4
510,영상보고 욕하는 애들은 개념이 없는 애들인가..영상 잘보고 갑니다~,8
511,다들 리뷰는 리뷰로 봐주세용,6
512,평소 반일타령 하던 청와대 공직기강비서관도 일본차중 가장 비싼  4600cc  렉서스 타고 다닌다는데 ㅋㅋㅋ 일본불매타령하는  애들의 실상이지,17
513,알티마 디자인 괜찮게 나와서 눈여겨보고 있었는데 사건이 터지면서 제외....,4
514,gv80리뷰는 언제 나오나요?현대에서 차 안빌려주던가여?,5
515,근데 일본차 굳이 산다면 토요타나 혼다인거같은데..ㅋㅋ,4
516,오토뷰에 '좋아요' 를 드립니다!,9
517,이시국이란 말 쓰는것들 들어와 지랄할려나?ㅋㅋㅋ 차 잘나왔었군요...내구성과 기본기는 뭐 정평이나있는,17
518,알티마 vs 쏘나타알티마가 나으면 좋아요쏘나타가 나으면 댓글,81
519,이시국충 특) 폰카메라 이미지센서 소니꺼임 엌ㅋㅋㅋㅋㅋㅋ,38
520,일본불매!!!!근데땡기네ㅡㅡ,3
521,순수 자동차로만 봅시다 다들 브랜드 빼고,9
522,일본차 불매운동하던 그시국은 이제 지났죠  디자인이 전세대에 비해 많이 이뻐진거 같네요,12
523,알티마 신형 사려고 햇엇능데.... 시국이...,3
524,잘보고 갑니다 알티마 사고싶네요,7
525,순수 컨텐츠로만 보십시다. 뭐가 그리들 불편하신지? 일본 쪽국 겁나 싫어하는건 누구나 마찬가지이지만 기술에서 배울점이 있는건 벤치마킹해야죠,7
526,또 몰려와서 킹시국씨 찾는 불편러들 잔뜩보일거같아서 살짝 불안합니다만 언제나 응원합니다 오토뷰!,62
527,"오토뷰가 정치 시사 리뷰도 아니고 자동차의 상품성을 평가하는 곳인데 거기다 대고 리뷰에서 ‘일본차니까 낙제점’ 주는게 더 이상하죠 ㅋㅋㅋㅋ 상품 리뷰, 정보 제공용 영상과 실차 구입 상담 사이의 선을 못 그으시는 분들이 간혹 보이는데...리뷰는 정보 제공용이고, 소비자는 그 정보를 바탕으로 본인의 의견과 합쳐 바라보아 구매 판단을 내리면 됩니다. PC(정치적 올바름)를 굳이 신경쓰지 않고 도요타, 혼다, 렉서스, 인피니티, 닛산 등등이 취향에 맞는다면 구매할 수도 있죠. 리뷰에서는 좋은 평가를 받지만 PC를 신경쓰는 편이라 일본차는 피하겠다면 피하면 되고요. 영상 어디서도 ‘알티마가 더 나으니까 사세요’라는 말 없었습니다.",49
528,자동차 전문 매체로서 다양한 차종을 리뷰하는게 맞죠. 일본차라고 리뷰를 안하면 그 순간에 반쪽짜리 매체가 되는겁니다. 그리고 자동차 구매여부 판단은 소비자의 몫이고 일본차 싫은 사람은 어차피 구매하지 않겠죠. 개인적으로 일본을 좋아하진 않지만 이번 리뷰를 욕하는건 이해가 되질 않네요.,11
529,곧 댓글많이달릴거같은데 시국타령 마시길자동차정보 채널로서 소비자에게 많은정보를 알리는것은 당연한일입니다.,4
530,이시국에 좀 그렇지만.일본차 너무좋아요 토요타 빼고 너무못생김 도요타는 ㅠㅠ제가 2번째 차 살땐 혼다 어코드 아니면 닛산 알티마 가 될것같아요,7
531,닛산 cvt 미션 ... 내구성 극악이죠,4
532,풀옵 2100인가 2200에 판다 해서 타봤는데 아반떼보단 낫고 소나타보단 못하더라,2
533,정보공개 정도로 가볍게 보겟습니다,5
534,ㅋㅋㅋㅋ 방구석 항일투사들이 또....,36
535,일제차 좋아하는 사람은 리뷰를 하든 안하든 그냥 살겁니다.작년에 혼다 파일럿 폭풍할인 하니깐 욕먹을 각오하고도 그냥 다 팔리는 거 보세요.불매운동에 찬성하는 사람들은 리뷰만 보고 참고한 다음에 안 사면 되는 거죠. 대신 잘못된 점은 엄격한 잣대를 가지고 맹렬히 비판하면 되는 겁니다.,18
536,저 같으면 그랜저말고 요거 사겠어요 ^^,26
537,일본차 디자인 저세상이네... 현기 죽도록 깟는데 미안할정도네 ㅋㅋㅋㅋ내장제도 싸구려써도 안싼것처럼 보이는것이 칭찬이 될수도 있겠다는 생각도 해봄,6
538,닛산 디자인은... 하....저 크롬좀 치워봐,2
539,와 이제 실내디자인이나 여러모로일본차가 현대한테 밀린다고 생각단 주행질감 제외,12
540,여기서도 반일 타령... 질린다 질려,16
541,대충맹글지 일본차 cf를 맹글었내 ㅋㅋㅋ잘보았습니다 ^^,3
542,알티마 괜찮네요요즘 할인 많이 하던데  사러 가야겠네요,19
543,"리뷰어가 본인 주관없이 어떤모델,어떤브랜드에 대해서도 동일한 기준으로 객관적인 평가를 하는게 리뷰어로서의 좋은 자질, 올바른 자세고 본인의 정치적 성향이나 편견, 주관적 시선을 리뷰에 반영시키는건 하류 리뷰어라는걸 광고하는 꼴일뿐이죠. 객관적인 시각을 위해 노력조차안하는 사람이 무슨 리뷰어에요 그냥 방구석커뮤니티 활동하는사람이지",3
544,갑자기 무슨 소리야? 너희 저번에는 천안문 사건 잊지 말고 민주주의를 되찾자고 말했잖아. 你这是什么意思？你上次不是说你不会忘记天安门而且必定找回民主主义吗,21
545,후.. 오토뷰니까 봐드립니다,2
546,"아사히 맥주마시면서 보고있는데 역시 차는 일본차지.   LFA, NSX, GTR 만 봐도 한국차는 아직 일본차랑 한 30년 격차",16
547,일본이라고만 하면 눈까집고 거품물며 달려드는 그런 사람이 없기를.. 오토뷰가 무슨 정치적인 목적을 가지고 영상을 올리지는 않을테고.. 오직 자동차 리뷰를 위해 올리는걸텐데 걱정이네요,57
548,왜놈차고 아니고를 떠나서 기계가 무슨죄입니까..  좋은 자동차를 사랑하는 성숙한  자동차 문화가 됬음 좋겠습니다.,8
549,"일본차 불매운동이 한창일 때, 충분한 고민해서 안 올리신 거라...게다가 최근 코로나사태라...재활용하는 것도 괜찮아요",2
550,닛산 한국시장 철수한다더만,18
551,꼭 해외생활 안해본넘들이 일제 욕하더라..ㅋㅋㅋㅋㅋㅋㅋ웃겨서 참,31
552,"일본차 올렸다고 뭐라 그러는 사람도 없구만, 지들이 오히려 제발 저려 거품물고 반일선동이니 이시국충이니 대깨문이니 하는건 뭔가요. 본인들이 더 프로 불편러 같은데..",12
553,으이그 아직도 반일선동 프레임에 갇혀있는 조선시대를 찬양하는 사람들이 있구만......,55
554,일본은 차는 참 잘만드는데 참.........,6
555,닌텐도  플스 하면서 동숲 파판7리메이크 애타는 사람들은 자동차 불매라는 변태 애국 금지,12
556,곧 그들이 몰려오겠군...아 이미 벌써 와있나?,9
557,배우는자세로 보세요,2
558,자유경제시장에서 자기가 사고싶은차 사겠다는건데 굳이 거기다가 남에게 자신의 정치성향을 걍요하는거지?,21
559,이시국에 왜구 지껄이는 놈들 라멘 스시 잔치국수 맛나게 먹겠재? 선택적 반일 응원한다 ㅋㅋㅋ,10
560,"일본차는 성능, 내구성 등 나무랄데가 없음",7
561,이번에 방사능 퍼스트 코리안 에디션이 출시됬다고 하던데요?,5
562,뭘 이렇게 열을 내시나.... 이 영상을 보니 동급 국산차가 현명한 선택이란걸 알 수 있는 영상인데...,1
563,"어느순간 오토뷰 수입차만 빨음,,",4
564,"사는 차가 아닌, 보는 차로서 리뷰겠죠?저걸 누가 사;;",7
565,일본차라 보지 않고 싫어요만 박고 ㅌㅌ,9
566,대한민국이 우짜다 이렇게...무슨 전체주의 속으로 빨려들어다들 괴물이 되어버린것 같다. 산은 산인데 왜 거기에다 의미를 부여해서 분쟁하는지 스트레스가 쌓인다. 자동차 리뷰어 자동차를 전문성있게 리뷰하면 됩니다. 눈치보는 순간 은퇴를 해야한다고 생각합니다. 응원합니다.,26
567,"에고... 결국 공개로 올라왔네요. 그렇게 공지를 했는데도 이 시국에 일본차 리뷰 올리다니 제정신이냐 하는 애국자들 분명 있겠지요. 고조선, 고구려, 발해, 신라, 고려, 조선이 망한 것도, 우리 민족이 분단된 것도 유니클로 입고 아사히 마시면서 토요타를 몰아서 그랬으니까요.",13
568,2019년에 제작했으며 기타설명을 추가해야한다는 작금의 현실이 믿기지가 않네요...... 지금 대한민국이 독재국가나 공산국가도 아니고......맞나?,32
569,2019년 제작은 무슨 의미인가요?,1
570,일본이 저럴게 기술이 발전한건 우리나라를 착취하고 동아시아를 점령하고 전쟁의수혜를 입어서인데 그결과물인 차를 이용도못한다면 그거야말로 우리의 손해요  이득볼껀 이득보고 경쟁력을 가져서 이겨야지 덮어놓고 쓰지말자는 단순한 생각이오 이용할건 이용합시다,2
571,결국 재고 털고 철수^^여기 댓글 보면 참 가관.,4
572,러시아에서 방사능검출되서 반송된 물량 일부가 우리나라에 들어온거 같은데 일본차라는건 둘째치더라도 방사능 ㄷㄷ,8
573,시국이형들은 등판시 블락좀 부탁드립니다 일본산 부품으로 떡칠된 폰을들고 방구석에서 독립투사빙의해 여포짓하는 정신이상자들은 그에 합당한 대우를 해줘야죠 확고하게 선을 그어줘야 순수한 독자들이 피해를 입지않죠,37
574,차를 차로 본다. 맥주를 맛으로 본다. 옷을 실용성과 가격 등등을 고려한다. 맞는 말입니다. 그런데 일본이라는 나라와 국민들은 우리나라에서 만든 상품을 단지 상품으로 보나여?  반추한다면 답은 명확할 것입니다.,6
575,참... 괜찮은 차인 것 같긴한데 시국이 아쉽네요.,1
576,일본 차잘만든다는게 언제적 소리인데ㅋㅋㅋㅋ그리고 저가격주고 사는거자체가 씹호구한국엔 에어백도 싸구려 어댑티드도 안넣어줘 다빼놓고 개비싸게팔아도 사주는 놈들많지,9
577,리뷰 잘 봤습니다.예전 미국에 있을때 담당교수 차가 알티마 1세대 2400cc  수동이었는데 몇번 몰아보고 괜찮다 생각이 들었던 기억이 나네요...당시만해도 소나타와 비교하면 넘사벽이었는데...ㅎ 지금은 상황이 많이 바뀌었죠.그나저나 일베충들 여기도 꽤나 나와서 조선족 프레임 전파에 여념이 없네요 ㅎ정신차려 하등 인생들아...ㅉㅉㅉ,3
578,역시 중앙일보태생 오토뷰ㅋㅋ,9
579,사실상 일본차는 끝났다고 봄. 디자인이나 뭐나 미래가 없어보임,2
580,기태형 흠 이 시국에?,5
581,근데 솔직히 개인적으로 살돈있어도 안살듯합니다 일본꺼라서 안사다기보다 일본차를 사야하는 메리트가 없어보입니다 이제 국산차도 일본차동등할정도로잘만들고 인테리어및 편의기능도 국산차가 더 좋은것같습니다 그렇다고 가격이 매우싼것도아니고...뭐어디까지 제개인적생각입니다,7
582,구독취소합니다.보든 안보든 모든 컨텐츠에 좋아요 클릭했는데 앞으로는 그럴일도  없겠네요. 벌써 혹해서 차 사겠다는 댓글도 보이고 참나...,15
583,"일본은 의도적으로 우리나라제품을 안쓰고 있죠...경쟁력이 없는 제품이 아니라 그냥 우리나라꺼여서 안쓰는 겁니다.하다못해 세계1위 삼성제품도 일본에선 안씁니다. 휴대폰,메모리도 삼성껀 안쓰죠...하물며 자동차야 뭘 더 말할 필요 있나요...의도적으로 안쓰는데 굳이 우리나라사람이 일본차를 사야 할 이유가 있을까요?저는 그렇게 생각합니다.",12
584,광고가 되지는 않았으면 하는 작은 바램이 있네요,13
585,일본차는 페스........,15
586,댓글에 일베충들 많이 보이네. ㅉㅉㅉ,8
587,안보고 싫어요 눌렀습니다 이제 점점 유튜브 안에서 일본차 나오는거 보니 이때면 된다고 생각하고 이런 리뷰 올리는  겁니까??  일본 언론 객관적으로 우리 한국을 보도 하지않고 혐한을 부추기는데 우리나라 왜 이런부분에 대해서 개관적이란 미명하에 왜이런 영상을 올리는지 전혀 이해할수  없습니다 혹 현 상황이 안좋을 띠ㅐ라 대중에 관심 줄어 들때를 생각  한건가요?? 대묻고  싶습니다,6
588,오토뷰에게 큰실망입니다 이영상 올리면 분명 댓글로 서로 으르렁 될걸 예상 못하시고 올리신거가요??? 예견된거 아닙니까???,5
589,일본차 리뷰도 하지 맙시다!,14
590,구.독.취.소,6
591,일본차 ? 싫어요나 머겅..보지도 않을거여.,2
592,실망하고 구독취소하고 갑니다,6
593,장진택 기자도 니뽄차 다뤘다가 영혼까지 탈탈 털려서 소송까지 가는 걸로 아는데... 쫌 안타깝네요. 굳이 지금. 흠...,5
594,구독취소합니다,15
595,현시국을 제대로 인식하지 못하는 안타까운 방송내용.,7
596,일본 싫다,9
597,굳이 이시국에 왜구 차를. . . .,3
598,일본차 사서 많이 타고 다니세요~ 신호위반이나 불법주차 불법유턴 등등 하면 바로 바로 신고 해드릴게요.,3
599,오토뷰 실망스럽네...,2
600,아무리 생각해도 지금 일본차를 올리는건 아니라고 보는데.,10
601,굳이??? 왜??? 이런차가 있다는 것도 궁금하지 않은데...,8
602,진짜 눈치도 없다. 지금 상황에서 일본차 리뷰를 올려야 겠냐.. 그러니까 니들이 2류로 머물러 있는거지. 분위기 파악!!!,1
603,이시국에?,3
604,여기도 토착왜구들 많네...  니네 나라로 돌아가라 !!!,4
605,이거 사는 ㅄ은 없을거라 믿음..,4
