,comments,likes
0,참고로 나침반 온도계 그리고 고도계가 아닌 차체 기울기를 나타내 주는 계기입니다.,1
1,영돈이형이 카랩에 계셨었구나..ㅎㅎ,1
2,저 이거 샀어요. 흰색으로. 대박이에요.,1
3,머야 카렙에 박기돈기자님이??!! •ㅇ•,7
4,갖고싶긴한데..,1
5,양지은님 진짜이뻐요 ~~~,2
6,06:22 OFF LOAD 라니요..,5
7,지방에서 오신분이 직접 가셔서 1000만원대 후반에 거래가 되었다고 연락이 왔습니다 앞으로도 이런 좋은차나 좋은 가격에 직거래차량은 종종 영상 올려드릴께요참고로 저는 수출업자기에  개인 직거래에 있어서는 그어떤 수수료나 관여를 하지않습니다 단지 저희 구독자님들끼리 좋은 가격에 좋은 차량을 마치 경매장처럼 중간 중계인없이 거래가  이루어졌으면 하는 바램으로 시작한것입니다 .,30
8,필리핀에서 3개월전에 구매해서 지금 타고 있습니다. 운전 무지 재미있고 튼튼한 차 입니다. 대만족이에요.한국에 돌아가서도 구할 수만 있다면 타고싶은 차에요 ㅠㅠ,8
9,멋지네요...  좋은 차량들 올려주세요...,4
10,fj크루저~ 꼭 한번 소유하고 싶은 차입니다.  지금 여유가 없다보니 정말 아쉽네요~,7
11,항상 설명하시는게시원합니다  굿!!!!!!!!!!정말 좋아하는차량인데요.......,5
12,돈만있으면 사고 싶네요. 그러나 진짜 매니악한 차라 적당한 오너분이 나왔으면 좋겠네요.,8
13,외국에 있어서 너무나 아쉽습니다 ㅠㅠ 지금 인도네시아에선 저정도 연식 스펙에 컨디션 이라면 우리돈 8천만원 줘야 구입 가능 합니다. 놀랍죠?!,8
14,실용적인사람은 절대 사면 안될차... 매니아는 꼭 사야할차,2
15,싼타페랑 비교 하시면 곤란해요. 스펙과 사용 목적성 자체가 달리 생산된 오프로드 차량이에요~~,10
16,세계어서 젤 사고싶은 차네요 넘 맘에들어요,4
17,빨리 사세요 좋은차에요 미국에서 인기 많은 차로 시간이 지나면 가치가 올라갈 차 입니다,10
18,코란도를 저렇게 만들었어야지..,4
19,감사합니다잘 보았습니다,3
20,와~ 차 진짜 이쁘다,2
21,이차를 꼭 산다...,5
22,저 가격대면 매니아들이 못참고 질르겠네요... 저렴하게 구매해서 입맛에 맞게 튜닝하면 휼륭하겠네요,3
23,국산차도 저렇게 클래식한 모델이 나오면 좋겠네요.,1
24,진짜좋은차입니다 도요타4런너랑똑같은차라고보시면 되죠 20년더타셔도될껍니다,7
25,많은 사람들이 잘 모르는 어마어마한 사실이 있는데... 이 차가 뉴코란도 후속이란 겁니다... ㄷㄷㄷ,1
26,켐핑 마니아들 에게  없어서 못파는 차입니다 견인력 토크력으로 타는 차이죠 승차감 생긴거 다르게 부드럽습니다,2
27,투싼이  저거  똑같이  만들면 좋겠다,1
28,"제가 해외에서 거주한지 13년째이고, 사는곳이 길이 안좋아서 오프로드차가 많습니다. 여기서도 이차는 가오잡으려고 사는 사람들이 있으나, 오래 못타고 처분합니다. 일단 오프로드용이라서 우리나라처럼 도로가 잘 되어 있는곳에서는 효용성이 적고, 뒷문을 열때 앞문을 우선 열어야해서, 뒤좌석에 누구를 태우고 다닐수가 없습니다. 그리고 연비도 그렇고요..",3
29,평소 영상 잘 보고 있습니다. 찾고 있던 차량인데 혹시 fj 매물 있나요?,2
30,차는 좋아요. 정말 오프로드 차량중에서 손에 꼽을정도로요.,2
31,"헐, 난 2017년에 한국 돈으로 약 5천만원정도 주고 샀는데...루비콘도 봤는데 할인도 많이 해줘서 이 차보다 훨씬 저렴했어요. 모하비 풀옵션도 이 차량보다 저렴했구요...참고로 여기는 두바이 입니다.",2
32,FJ 크루저 수입하시는분께서 또 수입 계획은 없으시겠죠?,3
33,색상은 사고싶었던색인데... 기본 4륜에 딸려오는 디퍼락뿐... 아무것도 없네용 ..엔진도 구형엔진... 와 이렇게 옵션하나 안넣은 차량은 첨보네요 ㄷ ㄷ ㄷ 1900에 옵션추가하려면 1900들어갈텐데.. 걍 외관만 fj 다 라고 타야하는 차군요,7
34,이미.사가셨다니 아쉽네요~^^ 좋아보입니다~^^,7
35,저차가 한국인이 디자인한걸로알고있습니다.원래는 국산브랜드에 판매을원했으나.까여서 도요타에 판매한걸로 들었어요.,1
36,내친구 이거 있는데 4.0 engine이고 힘좋고 텡크 같음. 앞에 와이퍼 세개 달려있음. 그리고 삼심만 킬로 탔는데 고장 잘 안남. 참고로 저는 뱅쿠버에 삽니다,3
37,요즘 여자분들은 젊으면 젊을수록 국산차만 아니면 좋아할수도 있습니다 ㅎㅎㅎ,5
38,일반유 말고 고급유 먹는 차 연비 장난 없음근데 이쁨 ㅋㅋㅋ,1
39,기회가 되시는 분 어서 사세요사고싶어도 없어서 못삽니다.,5
40,"저도 미국에서 한때 소유함, 4000cc...연비 5-6km, 그러나 한국에서는 엄두가...일단 세금과 연비측면에서...그리고 주차도...에효...",4
41,제가 미국에서 2008년식 새차 사서 파란색 가지고 있었는데 딜러에서 웃돈 주고 가져 갔습니다 판거 아직도 후회하고 있습니다,9
42,일단 불편하던데.... 나름 디자인은 리트로 해서 좋은데.... 엄청 불편하다고 하던데,1
43,도요타구나 처음보는 차예요멋있네요 확실히 한국에 안들어오는 차들이 많아서 ㅎㅎ,1
44,가격이 엄청 싸네요~~,7
45,헤이맨님~~이런 차 또 없나요??,2
46,이차 다시나오면 올려주세요,3
47,크루져 사고 싶습니다,5
48,매물이 또 있을까요?,2
49,사고나면 차한대값 수리비나오겟네 우와~~~~~,3
50,단종이면 나중에 수리하거나 부품 구하기 어려울듯,1
51,헐.. 깡통차인데.. 타보면 느끼실수...,2
52,개인적으로 연락은 어찌해야하나요FJ크루즈 구매때문에,3
53,가솔린인가요?  디젤이라면 몃등급 인가요,2
54,"우리나라에 오프로드용 차가 필요할까 하는 의문을,,,",1
55,하도  ㅅㅏ고r티ŀ비 무료라길래 구란줄 알았는데 진짜 무료네..?,1
56,와 진짜 이쁘다,6
57,1000만원이면 생각해볼만 하네용1000만원 밖에 없네 ㅠ,4
58,"도요다 랜드쿠루져;  유튜브에 6,70 년대 같은 차 restoration  영상 많이 올라 오던데'그많큼 내구성 큳판왕이라 이거죠",2
59,더비틀 중고 살까하는데... 더비틀은 어떨까요?,3
60,작년 10월에 올리셨던fj옆에 있던 그 노랭이 fj인가요? 그때부터 안팔렸던건가요?,3
61,헤이맨님 요중 fj크루즈  중고시장에 나오나요,1
62,렉서스 GX470 오프로드용이나 캠핑용 으로 중고 구할수있나요?  유튜버 시골쥐TV님이 타는 챠량~~~싼걸로요~~,1
63,그 차는 4×4 사륜구동으로 기름값이장난않이다 한국에서 타기는 무리다,2
64,부품 수급이 어려울듯 ㅠ,3
65,오만킬로 ㄷㄷ,2
66,실제보면   무지 이쁘던데,2
67,니로 하이브리드 중고 알아봐주세요.,3
68,어쩌다 이게 나오는지 모르겟네 ㅋㅋ해외에살아서 타봣던찬데 내부인테리어나 앞유리 좁아서 시야가 완존 꽝 ㅋ 연비 헬임. 시내에서 3~4km 정도. 장난감 같앗다는. 뒤에사람 태우는차아님. 뽀대용으론 좋앗음,1
69,판매중인가욤?,1
70,제. 드림카네요. 남성스럽고 뒤에 타이어 달려있는 그차.!!!,3
71,엔카에 밑에 댓글다신 김영균님이 차주로 나오시는데 헤이맨 님이 또 댓글 달아 주시고 지금 두분 뭐하시나요?? 헤이맨님 어디까지 가신건가요...,6
72,앞 세자리 번호판 달고 기분 좋겠다 ㅋㅋㅋㅋㅋ,12
73,FJ 또 있을까요?,2
74,한대 구입할려고 하는데도움 부탁드릴게요,1
75,전화번호 남겨주세요 감사합니다,4
76,중공사람들과 비슷한 생각을 가진 사람들이 많네요...맹목적인 민족주의  및  애국주의...좀비같다는 생각....,2
77,랜드크루즈 프라도  수입하나요,1
78,몇년째 미국에서 fj 시세를 계속 지켜봤던 사람입니다. 저 차 미터기 돌린게 의심됩니다. 조심하세요.,7
79,보면 볼 수록 쌍용이 밉다...,2
80,이쁘다ㅡㅡ,2
81,"캠핑을 좋아 하는지라 사고 싶은마음은 들지만,  (제돈주고 구입) j라서 패스...",2
82,1999마넌?,2
83,유튜버 혹시 춘천 국짐당 후보로 물먹었던 분 동생아니야 넘 달맞네,1
84,차량이. 팔렸나요?,1
85,이쁘다,3
86,헤이맨님. 밥살테니까요 경매 같이 가줘요,3
87,경매로  차 사고 싶은데  연락처  올 려주세요,2
88,나한테 딱인데 정말 딱인데 어떻게 더 이상 내꺼라고 말 할 수가 없네요정말 나한테 딱인데....,1
89,1천만원 후반이면 1800?ㅋㅋㅋㅋㅋㅋㅋㅋㅋㅋㅋㅋㅋ,4
90,팔렷겟죠?,2
91,단종된걸로 알고있는데......,2
92,2007년형입니다,1
93,FJ크루져 찾고 있긴한데...,1
94,연락 기다립니다,2
95,좀.알아봐.주셔요.,2
96,방사능차는..ㅋ 그리고 대한민국에서 일본차 타는건 매국이다.,1
97,사고Γ티ㅂł가 수위 젤 쎈거같은데..이제 알아버렸네,1
98,이런 똥차를 ㅋㅋ,1
99,토요타 좋습니다. FJ크루저 왜 단종이지?,1
100,상품권 많이 날라가겠네요 외놈차 오너들은 꼭 안전운전하시길 바랍니다.,2
101,미리알았다면 내가무조건구매했을건데 ㅠ,1
102,장사꾼이 장사꾼일수바께 없는 이유 일본차 ㅋㅋ,3
103,그냥 일본으로보내세요.....,4
104,일본 차하고 일본 여자는 사용해도 괜찮아요,4
105,본인이 사세요,1
106,랭글러 짭^^,2
107,욕먹을 일만 남겠죠그렇게 팔고 싶나,2
108,그래봐야 일본차 교통준수 하지않기만 해봐라..  조금만  무조건 신고각이다.~~,2
109,일본차를 것두 도요다를...헤이맨님 실망입니다...,12
110,으이그... 싸다구~~~ 구지 일본차~~ 그냥 돌려보내시지불질르지/// 차라리... 구독 취소감,3
111,똘추도 아니고 저런거 사는 사람이 어딧냐  또 사기로 저차 팔아치울려는 동영상 얼마받고 올리는지 몰라도 실망,4
112,이 시국에 ~,3
113,오늘부터 구독 취소,4
114,쪽     ......빠리차를,5
115,이시국에 일본차는 사지말아야죠 항상뒤통수에 욕은욕대로 먹는차가 일본인데ㅡㅡ,13
116,일본차는 걸러주세요...빨리 사라는 분께는 일본이 한국제품을 무조건 거른다는 뉴스를 보셨면 합니다...,7
117,아직도일본차 를리뷰하는 분도계시내요  헐,8
118,그차 지금 엔카에 2190만원 광고 나오는데 벌써  딜러가 떠가서 광고하는건가요? 아님 그딜러분이 차주라서 싸게 직거래 해주시는건가요? 그리구 엔카광고에 보험이력 미공개 성능기록부 미첨부인데 이런차 조심하라고 전에 헤이맨님이 말씀하지 않으셨나요? 우리나라에 몇대 없는차라고 하셨는데 똑같은 차가 두대라 제가 오해한거면 죄송합니다.그리구 제가볼땐 웃돈 소장가치 전부 개인 취향이긴 하지만 오바같습니다. 일본차 좋아봐야 일본차 입니다.우리나라에서 소장가치 웃돈 없다 봅니다. 딱 시세네요...,10
119,ㅅr고r티ㅂł 댓글 왤케많은가 했더니 그럴만한 이규가 있었네,1
120,정신 나간늠자존심도 없냐?일본차를..,4
121,일본놈 차잖아 .정신차려라,4
122,차 파는 넌  친일 후손이지???,2
123,이시국에 도요타를???,1
124,일제차는 좀 리뷰를 자제하는게 어떨까,1
125,실망입니다 어쩔수없이 구독취소합니다,9
126,색다른 차량리뷰에 밝은목소리가 더해졌고 솔직한 차주분 덕분에 잼나게 봤어요,3
127,연비 진짜 미쳤네요... 쌍용 구형 코란도 디자인이랑 닮았네요...,3
128,오잉?!!? 한국 FJ쿠르저시승기를 처음봅니다신기하네용 ㅋㅋㅋㅋㅋㅋ,2
129,차주 예능감 개웃깁 ㅋㅋㅋㅋㅋㅋㅋㅋ,5
130,차가 신기하네요 ㅋㅋ그보다 영상보는데 재미있네요 ㅋㅋ정말 차가 투박해보이네요 ㅎㅎ,2
131,"잘 만들어진 차 가지고 계시네요.. 이차 디자이너가 한국 사람입니다. 제대로 타실려면 흙바닥, 물바닥, 돌바닥 가서 타시면서 영상한번 부탁드려요",2
132,디퍼락을 차주분이 반대로 설명해주셨네요Fj크루저는 승용차죠..,9
133,넘 멋진차,2
134,아나님 유튜브재밌어요! 더재밌는영상 많이 만들어 주세요!!,2
135,제차도 fj cruiser 입니다. 저도 공도 자주 이용합니다. 탈만 합니다,3
136,저두이차 작년에미국에서 타다가 한국가지고왔는데  고장없는 차  제차는  상시사륜 6단 수동인데요  고속도로에서  치고나가는건 정말 발군 수동이 오토보다 언덕길도 더유리  암튼  오래되어 도 닳치않는차,4
137,인트로 시밬ㅋㅋㅋㅋㄱㄱㄱㅋㅋㅋㅋㅋㅋㅋㅋㅋ 진짜 차주님 “마 내차는 오프로드다!“ 하시는거 같았음ㅋㅋㅋ,2
138,이아나님 예쁘네요 차 재밌네요,2
139,지프랑 비슷한 디자인이네요,2
140,"저역시 타코마 서브로 타고 있는데, 만족합니다.",1
141,차주님 매력있다 ㅎㅎㅎ,2
142,와.. 성능은 좋은데 ㅋㅋ 진짜 일본차는 편의가 개똥망이야..,1
143,몬스터 트럭 도 리뷰 해주실 수 있을까요?,1
144,차주가 존나 차알못 락을 반대로 존나 당당하게 설명하네 ㅋㅋㅋㅋㅋ 뒷창문은 간단한물건 트렁크 전부 열지않고 위에문만 열고 넣을수잇게 한건데 뭘 빼려고해 저기서 ㅋㅋㅋ 2000년 중반에 나온차인데 티맵이 다있는데 쓸대없는 장치들이래 ㅋㅋ 시바 오프로드 들어가는 차인데 쓸모존나있는 장비들을 가지고 ㅋㅋ,3
145,리뷰 끝장 ㅋㅋ,1
146,높은곳 올라가는거 보고싶었는데 아쉽네요,1
147,꾸겨넣으면 9명도 가능ㅋㅋㅋㅋ,2
148,디프랙션ㅋㅋㅋㅋㅋ 차주도 개념 제대로 모르고있네요ㅋㅋㅋ LSD랑 다른건데...,2
149,저 어제 용임 강남대에서 다크그린색상 모델 봤어요,1
150,역~시~이아나님? 예~뻐~,2
151,내가  이거 검해보니 이차랑유튜브 어그로 끌어서 엔카에 매물올림 안팔리니 시바 지금엔카에 나온매물다저지랄,1
152,안녕하세요. 룡케이TV입니다.구독자 빨대 좀 꼽아보겠습니다. 푹.,10
153,"이 차는 달릴 때 동전을 졸졸졸 떨어트리며 타는 차임에도 불구하고 일본 특유의 타이트한 기름통 사이즈로 장거리 달릴 때 자주 기름을 넣어야하는 것이 단점인 차이지만, 이뻐~",9
154,이번에 코란도 새로 나오는것도 이거 디자인한 디자이너 불러서 만들었으면 대박일듯,2
155,추가로 사이드 미러에 등은 차폭등입니다. 국내 정발은 저 위치에 마커가 없습니다. 정발 모델이랑 정식수입 모델은 옵션에 차이가 있고 2014정발은 오프로드 패키지가 적용되지 않았습니다. 크로울 컨트롤러가 없어요~,4
156,뉴질랜드에서 옆집 농장 아저씨  FJ크루저로 소몰이 개들하고 같이 언덕에서 소를 몰더라구요. 도요타 오프로드 퀄리티가 좋은거 같음,5
157,나도 넘 사고싶었던 차네요  정말 멋진차!!  꼭 사고야 만다,2
158,"1,800이라고라고??? 지금 유명 중고차 사이트에서 2014년식도 3,000이 넘는데?? 와 대박으로 싸게 사셨네...사고차인가?",3
159,"야쿠자가 상남자로  인식하는  마인드,,,,,,,,제정산으로  살고 있는건지,,,",3
160,저두 .FJ현제 타고있어요 전 지금 한국에서 주거하고잇는데요 전 미국 에서 타고잇는차를 가지고왓는데 fj 정말  튼튼하고 고장없고. Timeless 디자인  시간이 흘러도 질리지않는 외형  제차는  6단 메뉴얼 수동기어  트란스미숀인데  풀타임 4륜구동 상시사륜인데  연비이야기 많이 잘하는데 국산차 펠리세이드 3.8 9키로.   fj.  8.6키로 고속 연비 많이차이나는거아닌데. 100키로 정속주행하면 10키로 뽑아요.  무조건 100키로미만주행,2
161,뷰티풀 코란도가 저렇게 나왔어야 했는데,2
162,트랑크보니 산타모랑 갤로퍼가 떠오르네요 ㅋㅋㅋ 도어는 또 i3같고 ㅋㅋㅋㅋ,3
163,쌍용 요렇게 만들면 다시 살아난다,9
164,이차로 두분같이 차박해주세요!!!!,2
165,이차 신기하게 생겼네요? 그런데 가격이 엄청싸네요?,3
166,차주님이랑 잘 어울려요!ㅎㅎ,5
167,모든뉴타운에서 집을뺐겨버린원주민들에게 입주권이라도 찾아주어야 진짜민주주의정부 한다는것 입니다 저는 정말 정말 정말 정말 정말 정말 정말 정말 정말 정말,1
168,1800 정도 구입했는데엔카에 3000 중반에 올라있네요,3
169,친구가 저 닮았다고 사진 보냈었는데...... 정말 저인줄 알았습니다ㅋㅋㅋㅋㅋㅋㅋㅋ,3
170,유럽에서  오프로드용  1위차,1
171,난 저거 새 차를 4천 5백정도 주고 샀는데...,1
172,코란도이엏게 만들었으면절대 안 망했다.휸다이 흉내내다 뒈짐,4
173,"첫 조회수, 첫 따봉, 첫 댓글은 내가 가져간다!",7
174,,5
175,차는 싸고 좋은데 차주 얼굴은 왜이렇게 싸고 안좋아보이나요??,4
176,일본차라고 불편해할 거면 자동차 영상을 찍지 말고 그냥 태극기 덮고 잠이나 쳐 자라,1
177,"14년 FJ 크루저가 무슨가격이 1800만원에 살수있단건지 도대체 이해가 안가는데,사고차인지 뭔가 이유가 있을거같네요 말이안됨..여긴 호준데 12년식 ~14년식 Kms 랑 이것저것에 따라 다르지만,15만km 탄거부터 시작해도 최소 3만 3천불 대략 3천만원 정도입니다 이해가안가네미국은 fj크루저 매니아성 희소성때문에 오히려 5천불씩 가격상승했다는데",4
178,차폭등,2
179,불메운동해서 패스~,3
180,3년째 타는데 몇몇 단점빼고는 좋아요토요타의 극강의 내구도로 때맞춰 서비스만 하면 50만키로도 거뜬 없어용,2
181,넘 멋지네요,3
182,이차. 강서에 아직있나요.,3
183,드림카 중 하나,3
