,comments,likes
0,놀러갈때 하이랜더 렌트해서 잘타고 다녔었는데 디자인이 예쁘게 싹 바뀐거 같아요!! 길이도 더 길어진거 같고 ㅋㅋㅋ자세한 리뷰 감사해용😆,1
1,리뷰 잘봤습니다. 역시 토요타는 디자인을 신경안쓰는듯합니다.,1
2,차가 너무 멋져요^^ 디자인이 포스있어 보이네요,2
3,와~드뎌 오토탁이 시작되는군요^^  쌍용차 뒤태같은 하이랜더. 더넓고 더세련되고 공간이 넉넉한..기름먹어도 좋은 새차! 근데 탁님 텐션 업되셔서 좋네요^^ 오~중간광고  길다요 2of2  남김없이~~~장농면허지만  좋은거 타고 싶으다요~자율주행자동차도 해주시나요?ㅎㅎ,2
4,미국은 이런 다양한 자동차문화가 좋습니다ㅎ,7
5,좋아요 #10번으로 감상했습니다 자동차부품 제조업체에서 해외영업을 맡고 있기 때문에 이런 영상은 언제나 관심있게 봅니다. 종합적인 리뷰영상 훌륭합니다. 고맙습니다,1
6,실내가 거의 쉐보레 수준인데요.대박,1
7,안녕하세요~토요타에 관심많아서 검색하다가 좋은 영상 보고 갑니다~한국은 장기간 계속되는 일본불매 때문에일본차 리뷰하는 유튜버가 거의 없는데요미국 현지신거 같은데 앞으로 일본차 리뷰 많이 부탁드려봅니다^^요즘 한국에서는 현기차 포함 자동차 품질문제나 AS 고객에 대한 사후문제들이 많이 공론화되고 있거든요자국민에 대해 행동하는 패턴이 너무 괘씸해서차를 산다면 토요타나 혼다쪽으로 알아볼려고 합니다차는 정말 일본차가 좋은데 말이죠구독 좋아요 누르고 갑니다^^,2
8,영상 잘 보고있습니다~~!! 지금 아리조나에서 중고차를 보고있는데요!! 잔고장 잘안나는 도요타를 보고있는데 하이랜더가 참 크고 좋더라구여 도요타가 아무래도 다른 차종들 보다 잔고장도 덜하고 수리비도 싸죠?? 궁금합니다!!,2
9,디자인이 예뻐 ㄹㅇ,2
10,와우 자동차 참 멋지네요 영상 잘봤습니다 좋은하루 보내세요,2
11,하이랜드.랜드크루저.렉서스LX.프라더...등등 진짜 좋은 SUV차량인데 한국에선 진짜 보기 힘듬...거의 없는 수준...왜일까요..??,2
12,한국에도 내년 상반기에 들어온다는데 실물 보고싶네요,2
13,차 리뷰도 너무 깔끔하시네요.잘 보고 갑니다. 좋은 기능들이 눈에 띄네요.좋은건 카피죠 ㅎㅎ,1
14,이웃님멋진 영상 잘보고응원하고갈게요.응원은좋아요입니다,2
15,와~모르는게 없으심..차를 꽤 알아야 할수 있는 시승기~멋있어욤~ㄱㅋ,1
16,도요타 코리아는 안팔리는 아발론 말고 하이랜더를 들여와야 함,2
17,차 리뷰영상 잘보고갑니다.^^,1
18,토요타에서 새로운 모델이 출시 됐네요~!2020년 모델 5년만에 업글 멋지네요~~사양도 고급지고 7인승이라 가족형으로 좋겠어요~쌍용차 처럼~~ㅎ 엔진이 작은데도 룸이 커서 외관은 멋져 보여요~~탁님 시승 완죤 멋지심요~🥳🥳,2
19,탁님 까꿍😆🙋‍♀️ 츤츤🙋‍♀️탁님의 차리뷰 넘나 자연스러운 이 분위키 무엇?~🤔,2
20,캐나다에 들렀다가 2019 하이랜더를 타보고 정말 마음에 들었어요. 랜트카여서 깡통이었지만 제가 하는 주행질감과 안정감이 마음에 들었네요. 2020은 더 멋지네요!,2
21,와 그 기본이 탄탄하다는 토오타 차량이군요 웅장한느낌이 있네요 하이랜더리미티드~!! 잘보고갑니다.,2
22,진짜 현대차 디자인 보다가 도요타 보니 넘나 이뻐보이네...메기차 현대차 극혐...,2
23,저도 너무 좋아하는 차 중에 하나죠~~~토요타가 확실히 가성비가 좋은거 같습니다~,3
24,Like28 좋은 정보 많이 알려주시네요 손잡고 갑니다👍🔄✅🛎,1
25,하일랜더 나쁘지 않네... ㅎㅎ 자.. 다음은 롤스로이스 컬리넌 리뷰 고고~~ ㅎㅎ,2
26,차가 정말 멋지게 잘 나왔네요. 길이도 길어 보이고  가격도 참 좋고 디자인도 좋네요. 갈아 타고 싶은 리뷰 정말 고맙습니다.,1
27,방금 2022년식 2.5 하이브리드 계약하고 왔습니다 허허허,1
28,캐나다에서는6만불이 넘는데...미국이 차 가격이 더 저렴한건가요?,1
29,"탁님~ 노래가 아닌 자동차 리뷰라서 조금,,,어색? ㅎㅎ하지만 좋아요~",1
30,+2 like brother 🙏,2
31,미션이 아이신8단인가요?,1
32,오몽낭 차좋네요 똥차타는 1인입니 당 ㅋ자동차 구경도 재밌네요 ^^,2
33,차 바꿀 때 됐는데...,1
34,일단 1등으로!!! 그리구 시청할게요!!,3
35,목소리가 완전 씩씩해요 ㅋㅋ오토탁? ㅋㅋ저희두 가족이 많아서 하이랜더로 하려구 했었는데.. 보면서 댓글좀 남길게요^^블라인드 스팟 모니터 필요해요 전. ㅋ원래 이렇게 말이 빠르신 분이었어요? ㅋㅋ전 그래두 suv보다 세단이 편해용기름많이 먹는건 싫음 ㅠㅠ광고 무지 길다 ㅠㅠ(다 듣는중)안전벨트 누가 안했어? ㅋㅋ좋당 ㅋㅋ저두 알아서 급정거해요..나도 탁님때매 내차 리뷰 해야겠당..ㅎㅎ Heated seat 필요해요. 저...내꺼랑 인테리어가 비슷해요  신기하네차에 대해 아는게 없으니 먼 댓글을 달아야 하는지 모르겠어요..제 수준안에서만..ㅋ탁님 시승두 했네요? ㅋ와~~~ 한손으로 운전하는거 멋짐 ㅋ차가 무거운데 잘 나가네요 진짜..토요타 엔진이 좋긴하죠. (갠히 아는척 ㅋ)나두 둥글둥글이 좋아요안전이 최고죠! 뒷자석 공간 넓어야 해요.머리가 크대 ㅋㅋㅋㅋㅋ아웃겨요 ㅋㅋ풀시청 완료!!!어려운 차 리뷰 끝까지 듣느라 저 엄청 고생했네요..잘했다 해주세요..ㅎ이상 베스트 스패너 아티조아였습니다~~~~♡,2
36,차 좋네요 근데 국내에서 요즘 이런거 타면 큰일나요 ㅎ 테러당합니다😅😅😅 행복한 하루 되세요👍😁👍,2
37,도요타도  타는구나ㅋ,1
38,친구하려고 왔습니다 삼종 선물 놓고갑니다 제 채널에도 놀러오세요 같이 잘되기를 응원합니다 오늘도 좋은 하루 되세요...,1
39,차주한테는 미안한 소리지만  와 정말 대가리에 총맞지 않는이상 일본차를 누가 타나 디자인 성능 인테리어 옵션 as 뭐하나 좋은게 하나도 없네...,1
40,"차량 정보~!하이랜더Length: 4.96 mWidth: 1.93 mHeight: 1.73 mWheelbase: 2.85 m(2020 미국 판매량: 212,276)*팰리세이드Length: 4.98 mWidth: 1.97 mHeight: 1.75 mWheelbase: 2.9 m(2020 미국 판매량: 81.905)*텔루라이드Length: 5 mWidth: 1.9 mHeight: 1.75 mWheelbase: 2.9 m(2020 미국 판매량: 75.129)**판매량 출처: CarSalesBase차량 가격유럽: 50,000 ~ 64,000 유로 (₩ 6700 ~ 8600 만)미국: 38,000 ~ 48,000 달러 (₩ 4200 ~ 5300 만)**하이브리드 모델엔진 스펙유럽 (하이브리드만 판매)2.5 l R4 Hybrid with 248 hp미국2.5 l R4 Hybrid with 248 hp3.5 liter V6 with 295 hp혹시라도 일본차라서 불편하시면 우선 죄송합니다.미국에서 텔루라이드 & 팰리세이드와 비교해 어떤 점이 좋고 나쁜지 정도만 비교해서 가볍게 보시면 될 것 같아요.감사합니다 ㅎㅎ",22
41,역시 토요타 하이브리드도 마음에 너무 든다,11
42,훌륭한 차네요!!!,11
43,현대의 약점중 하나는 4WD나 AWD 시스템 현대 자체가 전통 4WD 수요가 별로 없어서 투자 안하기도 하지만 기어박스와 트랜스퍼 케이스간에 정밀한 조합과 드라이버 샤프트 그리고 후륜차축 간에 연계성 기술이 너무 떨어진다 미쯔비시 보다도 못만듬 토요타는 핸드크루저 기술 데이터 축적으로 후륜구동에서는 정평이 나있음 예전 나 싼타페 AWD 트랜스퍼 케이스 2번이나 바꾸었음 문제 많음…,3
44,"사고싶다타고싶다,",7
45,외관 디자인이 너무 멋져요 럭셔리하고 멋지네요,1
46,올해 들어오면 좋겠네요... 2열은 벤치시트로...,3
47,2500cc 하이브리드 국내 출시되면 팰리세이드는 타격 좀 받을 듯..,12
48,곧 한국에  22년 8월 하이랜더 하이브리드 출시한다고 도요타 판매점들렸더니 말하더군요.전 오프로드 차를 좋아 해서랜드크루져나 타코마등4륜구동 차도 수입해달라고 말했습니다,3
49,하이랜더 출시해주세요....,4
50,도요타던 프리미엄브랜드라는 렉서스던얘네들이 더 신경써야 하는 점은엔진도 변속기도 디자인도 아닌바로 서스펜션임...80년대 생산모델과 지금 모델과서스펜션을 비교해보기 바람...달라진 점이 있나...,8
51,실내 디스플레이 신형 렉서스nx네 와우 가성비지리누,2
52,차넘버가 벨기에네요.,3
53,2020하이랜더 xlt 타고있는데 서스펜션이 이보다 더 않좋을순 없음.,6
54,이거 보다가 펠리세이드 보니까 펠리세이드 졸라 오징어 같네,5
55,일본차를 타보면 다른 브랜드의 차는 못타죠.,4
56,일본은 진짜 내부인테리어를 어떻게 못 하나.... 인재가 그렇게 없나...일본차는 정말 기본에 충실하지만 기본외의 것들이 너무 준비가 안된다는 느낌...그래서 신뢰성은 높은데. 요즘 차를 타도 옛날차를 타는 느낌이라 그게 좀 싫어요....,11
57,3년된 중고 일제를 탈래 한국산 새차를 탈래 그러면 저는 3년된 일제차를 탑니다.,8
58,"✔ 초특가 할인 3만원대! 마일론 방향제 갤러리3! 출시!https://bit.ly/3poBuej✔ 차량 제보, 전차종 커뮤는? 네이버 남차카페 가입하기!http://cafe.naver.com/motorsjason/276 ✔  남차 공식 인스타그램 https://www.instagram.com/motorsjason✔  남차 공식 페이스북https://www.facebook.com/motorsjason",6
59,라브4 현재 2년 타고 있습니다.포니 부터 안 타본 차가 없는데아주 만족 합니다. 특히 연비가 아주 좋습니다 👍,6
60,"라브 3세대 9년간 14만키로 탔습니다. 솔직히 센터 간적이 한번도 없습니다. 편의시설이나 내장재는 아쉽지만 내구성은 정말 어마합니다. 가장 큰 장점은 새차일때와 지금과 상태가 같습니다. 좋은차의 기준을 새 차 컨디션을 얼마나 유지하냐로 본다면 도요타와 렉서스가 원탑입니다. 해외에 있다보니 주변 오너들 보면 라브,하이랜더,캠리 20-30만키로 타시는 분들도 많더라구요.",11
61,2.5  랑 1.6T세금 비교하시는 분들 많은데 터보모델 고장과 안정성생각하면 수리비로 충분히 따라잡지 않을까요 특히나 1.6T하이브리드 엔진오일문제도 있으니까요,14
62,저는 es300h 7세대 너무 만족하고 타고 있어서 아빠가 싼타페DM 타시다가 기변 원하셔서 RAV4추천 하여 구입하셔서 현재 실내 옵션은 아쉽지만 다른면으론 너무 만족 하시고 타고 다니십니다.,2
63,연비도 디자인도 괜찮 일본차만 아니었다면 국내에서 훨신더 잘팔렸을듯,20
64,"하이브리드는 역시 토요타,렉서스네요. 5월쯤에 신형nx하이브리드 풀체인지모델과 플러그인하이브리드인 450h+가 추가된다고합니다.올해하반기에 도요타 하이랜더 하이브리드가 출시한다는 말을 들었습니다. 늦어도11월~12월이요.도요타 하이브리드모델 다양하게들어오면 좋겠네요.",12
65,지온공국에서 탈피하고 기계적인느낌인 건담으로 탈바꿈되서 더잘팔림 역시 차는 건담스타일은 뭐가되건 세계적으로 잘팔림 건담의 후광은 역시 어마무시함,3
66,"너무 튀지도 않고, 너무 화려하지도 않고 무난무난한 흰 티셔츠같은 느낌이라 좋은것같아요. 미국서 차량은 장거리 운전에 편안하면 장땡이고 생활밀착형이라 고급스러운것보다 무난하게 실용적인 기능이 많으면 좋드라고요. 장거리 운전 많으면 비싼차는 괜히 가다가 사슴치면 수리비 많아지거나, 오염이나 벌레를 그릴에 잔뜩 머금으면 고급차의 경우 엄청 신경쓰지만.. 도요타 같이 무난한 느낌의 경우 직진만 잘하면되지, 승객 멀미안나고 편안한 차면 된다 라는 맘도 있어서 돈많은 사람도 고급차의 필요성을 잘 못느끼는것같아요.무난한 가성비와 브랜드 이미지에 디자인 예쁘게 뽑고 실용적이면 장땡땡",7
67,1997년도 쏘나타2 10만키로 넘어가니 그때부터 경유차로 변신 했습니다지금은 많이 좋아졌겠지만...내구성은 일본 차들 정말 좋은것 같아요,1
68,나도 애국심 있고 국내 기업들이 잘되기 바라지만. 현기차는 불매 운동이라도 했으면 좋겠음. 그래야 세계속에 빛나는 자랑스런 대한민국의 메이드인 코리아 현댜차 기아차 됨,21
69,확실히 실물이 더 멋짐,2
70,투싼 하이브리드 계약했다가 해약했어요 아무리 생각해도 똑같은 1.6 터보 엔진이 코나에도 들어가고 투싼 싼타페 쏘렌토에 들어간다는게 이해가 안됩니다 코나 무게 vs 쏘렌토 무게를 생각할때 똑같은 엔진이 둘다 밀어준다는게 신기할 뿐입니다 참고로 2006년 투싼 디젤 15만 키로  아무 문제 없이 잘 타고 있습니다 단지 매연검사에서 5등급 받고 불합격이라 새차 사려고 하는겁니다 미국에서 프레비아 40만 마일 (64만  키로) 탄 경험이 있어서 토요타 RAV-4 계약했습니다,26
71,결혼하고 나면.. 와이프 얼굴은 1년 몸매는3년 마음씨는 평생간다고 했다 ..디자인은 1년이면 따라잡지만 기본기는 10년지나도 따라잡을까 말까다,20
72,"렉서스 nx에 있던 하이브리드를 라브4에 탑재하여 판매효과를 보긴했지만 토요타는 인테리어도 그렇고 뜯어보면 재료, 설계가 1-2세대 뒤떨어짐",16
73,"시간 지나면 사용하지도 않는 그리고 없어도 크게 불편하지도 않는 옵션질만 진탕 해놓고 차 가격 그 따위로 받는, 하물며 인간의 뇌에 해당하는 엔진에서 문제가 심각하다고 하는 브랜드 보다는 객관적으로 봐도 훨씬 우수한것 같음. 외부 디자인? 한국 브랜드 곤충페이스에비하면 훨씬 괜찮아 보이는것 같음. 가격? 불필요한 옵션 빼고 시간이 지나도 지겹지 않은 디자인이 호불호는 있겠지만 그래도 괜찮음. 연비? 국내브랜드 친환경차로 승인 받을려고 법까지 바꾼건 다 아는 사실일테고 ㅠㅠ, 끝으로 하리브리드 시스템의 원조격 조상은 일산이지. 이미 겪을것 다 겪은 일산이 압승.",15
74,1:161년전에도 완충시 123킬로 주행가능한 차를 내놓은 회사도 있습니다그런 놈들이 겨우 몇달 뒤에 렉스턴을 1000킬로 주행가능한 전기차로 바꿀 기술을 갖고있다는 헛소리도 내뱉었죠,3
75,"어차피 차주들 네비 올인원으로 사제 10인치 짜리 달고 다님 고장안나고 고속주행 안전성 높고 그냥 걱정없이 무난하게 타고 다니기에는 좋은 차, 옵션은 어차피 쓰는 거는 다 달려서 나옴 , 통풍 시트 없는게 함정인데 사제 설치 가능",6
76,보통 일본자동차는 좀 괴상하게 생겼는데 이차는 그나마 깔끔하고 멋있네 ㅎ,15
77,기술의 혼다를 최고라고 생각했는데 도요다도 좋은가 봅니다.,2
78,뭔가 디자인 이쁘게 만든 개발도상국 맞춤차량 같네,18
79,차 좋으면서 가격도 합리적이던데,21
80,좀 비싸긴 한데 좋은차는 맞는듯,4
81,차를 바꿔야해서 전시장 가서 봤는대... 도저히 구매를 못하겠더라구요. 특히 Cd 입구가 인상깊내요.,3
82,날고 기어도 대한민국 하이브리드는 일본 하이브리드 기술력 못 따라간다ㅋㅋ,3
83,"""전 세계에서 가장 많이 팔린 SUV""이 타이틀이 굉장히 경이로우면서 웅장하네요그치만 스포티지, 투싼이 더 끌리는 것 같습니다 ㅋㅋㅋ",29
84,"2018 캠리 하이브리드 가지고 있었습니다 첫해에 풀 주유로 950km 주행 가능하고 두 번째 해에는 850km, 세 번째 해에는 750km 점점 주행거리가 줄었습니다. 운전석 브레이크와 악셀의 불편한 위치 좁은 실내, 운전 중 창문에 송풍구 크롬이 반사, 뒷좌석 안전벨트 센서 불량, 블루 투스 불량 등등 연비 때문에 산 차가 연비도 점점 떨어지고 해서 작년에 팔았습니다 다시는 안사고 싶은 도요타",5
85,"5.5세대라해야하나요? 5세대 페리라 해야하나요? 작년에 2009년식 라브4 3세대를 26년차 장롱면허로 구입하면서 잠시 티려고했는데... 1년 다되어가는 지금.. 사고만 없으면 최소 5년은 더 타도 될 듯 하네요. 정식센터 수리는 국산대비 1.5~3배 정도 드는 것 같은데... 괜찮은 사설이용하거나 미국에서 부품 직구하면 비슷하거나 오히려 저렴하네요. 1년 동안 8000km 조금 못되게 탔는데... 미션오일, 데후(앞뒤), 엔진오일 2회, 타이어 4짝 교환, 헤드커버 가스켓교환, 점화플러그4개 등 100만원 조금 더 소요된 듯 합니다.",1
86,"미국이면 모르겠는데 2.5 자동차세도 있고, 엔진 결함만 해결되면 투싼이나 스포티지가 더 유지면에서 경쟁력이 있어 보이네요.",18
87,일제차라서가 아니라 이브랜드도 예전 kia 처럼 마크가 안티인거 같아요.,2
88,"오늘 북창원터널 들어가기 전 ""어? 저게 무슨차지?"" 하면서 토요타의 RAV4가 어떤차인지 찾아서 정보를 알아보았던, 처음본 차를 남차카페에서 오늘 또 다루는 일이 생겼네요. 살면서 한번도 듣도 보도 못한차를 하루에 두번 접하게 되는 신기한일",4
89,역시 도요다 현기 대항마는 도요다 뿐이니라,8
90,현기 엔진 오일 이슈 터져서 라브4 살까했는데 실내가 개썩창임 ㅋㅋㅋㅋ 시트는 그렇다쳐도 네비는 진짜 너무 심한거 아니냐,14
91,라브4 판매가격은 쏘렌토와 비교대상인데 엔진 성능만 빼고 쏘렌토가 월등히 좋습니다전기모터와 엔진 마력 합산으로 1.6 이면 한국에서는 충분합니다2.5 는 오버 스펙으로 생각됩니다엔진 결함만 없으면 쏘렌토 사지만 안전과 엔진 결함은 치명적이죠이슈화 된게 좀 지났는데도 아직도 쉬쉬하는것도 맘에 안들고라브4로 이동하는 사람들 꽤 있을겁니다,5
92,스포티지 2WD 풀옵션하면 4059만원.    이거 2WD 할인받으면 스포티지보다 300만원정도는 더 싸게 사겠네.,5
93,2.5세금 VS 1.6세금스포티지 승,9
94,RAV4 나 CR-V 는 전세계적 베스트셀러인건 맞는데 투싼이나 스포티지가 더 세련되어 보임..,12
95,라브4의 형인 한국에 6월정도에 출시되는 렉서스 nx 풀체인지 알아봐 주세요,2
96,"투산이 커진건지, 라브4가 작아진건지 ㅠㅠ",1
97,여기 댓글 상태 왜이럼?.... 하이브리드는 토요타인거 맞는데... 다 현기 칭찬밖에없네.. 나만 다른세상에 살고있었나?.,5
98,겨울철 평균연비 18~19km여름철 평균연비  24~26km타본사람만 안다,4
99,직병렬 풀하브 suv가 4천만원대면 국산차에 비해서 겁나게시리 개싼거임 ㅋㅋㅋ 싼맛에 사기좋은차가 수입차라니…,7
100,일제는 무조건 다 좋아,1
101,토요타 많이 사야해요~~~조금만 법규 위반하면 바로 신고하기 때문에 아주 법규 잘 지킬 수밖에 없거든요! ㅎㅎㅎ,3
102,114만원 오른건...... 나쁜놈들!!!!!  옵션그대로이고 실내 led 안개등 led 휠 디자인  바뀐게 이게 다인데?? 도둑넘들!!,2
103,겉으론 다 반일 불매 해도 누구보다 일본을 좋아하는 그 분들,2
104,"기아봉도 반대이고, 디자인도 ...",1
105,사지말자 넘 비싼듯,1
106,내부 내부 내부 이게 최고 문제 아닌가..,3
107,진짜 실내는 개선 안하네 요즘 차 실내 힘쓰던데,8
108,댓글 민심을 보아하니 결국 터져나네요. 자국기업이라고 무지성으로 빠는 사람들은 반성을 좀 해야..( 억까들도 분명히 문제 있음)역시 명불허전 일미독의 벽은 높네요.현기 전기차도 지금 말 많아지던데 전기차는 아직 중립기어 대치중,4
109,스포티지 구매하려다  숨 넘어 갈 것  같아라브4 하이브리드  신청 했읍니다,2
110,라브4 사러가야지,3
111,일본차는 옛날 디자인이 최고였음!! 지금은 다 괴상하고 못생겼다.,6
112,도요타는 라인업 좀 늘려달라한국에 차팔기 싫은가봄,3
113,일본 유튜버도 이 차 겁나 까던데,1
114,하도 국산운운해서  쏘하 주문하려니 반도체 수급문제로 13개월 기다리란다. 그반도체가 일본산이네? 좃나 아이러니,4
115,네비 크기 안습....해외에선 한국 버젼보다는 크던데 한국만 옵션이 좀 짜요..,1
116,Saludos amigosss,1
117,7인치요??? 17인치가 아니라 7인치가 말이가;;,3
118,토요타 특유의 공학생들 좋아죽는 디자인은 여전하구나. ㄹㅇ 사진보다 실물로 봐야 토요타는 그 진가를 안다. 아 물론 본인은 혼다지만은...😉.그래도 토요타로 바꿀것.,1
119,도요타에 소렌토 6인승같은차는 없을까요?,1
120,투싼하브=언제나올지모름스포하브=18개월 뒤에 나옴쏘렌토하브=18개월 뒤에 나옴...이거땜에 rav4 보고있음 ㅠㅠ.,2
121,연비 뻥입니다.20~25 나옵니다.,2
122,헤드랩프 디자인 아우디 q5 카피...,1
123,네비 보면 한국에서는    많이 팔릴거같지않은데.. 미국에서는 실내디자인은 그리  신경쓰지않는가   보네요.,4
124,코란도인줄,2
125,포드가 생각나는 전면부 입니다.,1
126,요즘 누가 7인치 모니터 쓰나 에휴,1
127,현기 오일이슈 덕좀 보겄네 마니파세요~,4
128,자 가슴에 손을 올리고 생각해 봅시다.유니클로에서 옷 한번도 안샀다다이소 따위는 절대로 가지도 사지도 않는다포켓몬빵 처먹는 애들은 귀싸대기 때리고 싶다내 아들이 닌텐도 사달라고 하면 호적을 파버리겠다 하시는 분들은 차 사는 거 가지고 이래라 저래라 해도 이해하겠습니다.그렇지 않으시면서 욕하시고 싶은  분들은 뇌  검사 받아 보셔야 할 듯요,7
129,그런다고 일본차는  살수없지않은가,1
130,정말 이해할 수 없는게 저 센터 모니터는 미국애들도 다 까기 바쁜데 참...첨에 좀 타다가 애프터마켓 안드로이드 모니터로 바꾸고 세대 뒤떨어진 시스템이나 하부차체도 결국 내구성으로 커버한다 쳐도 실내는 너무 하잖아,1
131,진짜 ㅡ.ㅡ 디스플레이좀 어떻게 해봐 실내는 진짜 더럽게 맘에 안듬. 4천이 넘는데  왜그냐,7
132,디자인이좀.....,2
133,티볼리같아서 gg임,11
134,디자인은 영 아닌것 같다. 복고풍도 아니고 안쪽 디자인은 더 깬다.,1
135,여전히 민주당 대깨들 테러 위험 존재합니다그리고 다소 비싼 가격 고속시 시끄러운편특히 실내 네비는 최악 너무 한거 아닌가ᆢ시승기에 봤네요 외관 디자인 좋은데 실내가머뭇 거리게 만드네요 HUD는 아예 없고 선택이라도 할수 있음 좋은데 미국 수출 모델이라 다소 그런면이 있다고 하는데요즘 시대 맞게 개선만 해도 더 잘 팔릴듯,2
136,"차알못인데 전면디자인 왤캐 티볼리,코란도같은애랑 비슷한것같지",1
137,디자인 좀 바꿔라이렇게 구린 디자인으로 어떻게 차 팔아먹나?,1
138,코란도...,2
139,아 내부 왜그러냐,3
140,15km 연비가 먼 고효율? 풋!,1
141,그래도 죽어라 현기만 타시는분들호구되는거지 머,1
142,도요타 철수하지 않았음??? 다시 들어온다구요?,1
143,네비7인치에 2.5하이브리드22토크 4700만원 ㅋㅋㅋ장난하냐!!!!!,2
144,실내가 구리다,2
145,차는 정말 좋은데 국내출시분 상품구성이.. 4wd말고 2wd 선택하면 조수석 전동시트가 빠지는... 요상한 구성...,4
146,"네비 cd플레이어좀 존나 어질어질하네왜자꾸 똥꼬집 부리냐 이새끼들은 학습능력이 안되나 고집부리다가 소니,파나소닉,샤프,NEC꼴난다 도요타야 세계트렌드에 맞춰 라브4  사고싶다가도 실내디자인 보면 싹사라짐",1
147,현기아도 드럽게비싸게팔거면 직병렬식으로 만들어라2모터로 가격은비싸게처팔면서 아직도병렬식이냐,1
148,300마력에 리터당 30키로가도 저런거 안삽니다. 독일차였으면 모를까..,1
149,남차형님. 객관적이지 않네,2
150,토요타 연비 조작질 부터 체크해 보는게 순서일듯. 저건 또 뭔 조작질을 해서 팔아 먹었을까?,1
151,내비가 왜 스포티지 깡통같냐 ㅋㅋㅋ,7
152,동남아에서 먹어주는 모델 아닌가요?? 한국에선 경쟁력이 없을거같은데요?,5
153,토요타의 기술력을 날이 가면 갈수록 과거에 비해 계속 퇴보하는듯,11
154,일본차 빨아주고 싶나...,1
155,스포티지 투싼 안보나? 저런 걸 한국에 내놓게.,5
156,1,2
157,일본차만 사지맙시다.,1
158,도요타는 전기차를 못 만드는게 아니라 안 만드는거지..,6
159,"별로임 스포,투싼 하브한테 안된다 일본차 안삼",5
160,실내외는 그냥 음...연비는 명성에 비하면 15?  조금 실망가격은 그냥 적절,5
161,2,1
162,차좋은건 인정해요일제라서 못사겠어요...일본이 시비걸때마다 일제는 꼴도보기 싫거든요 근데 1.6터보 하브 오일증가때매 억장 무너지네요 k8하브..대기중인데 고민입니다,3
163,차를 인테리어 .디스플레이 크기로 판단하는 바보들 많네중국차도 인테리어. 디스플레이 크기는 좋더만 ㅋㅋ,7
164,연비는.. 우리나라 하이브리드 차가 더 나을 것 같은데,10
165,연비 20도 안넘어가는데?내가잘못봣나,4
166,무지성으로 니로하브가 연비더좋은데? 현기하브suv연비가 더 좋은데? 하는사람들 뇌구조가 궁금하네.. 난 일뽕도아니고 국뽕도아니라 현기가 분명히 잘하고있는 부분도 있다고 생각하지만 하이브리드로 도요타에 국내표시연비 기준으로 비교하면서 차급도 생각 안하고 저런댓글 싸지르는사람들 이해가 안감.하브 실내옵션으로 현기를 빨던가 아니면 전기차로 현기를 빨면 그거는 인정...,10
167,"현기도 별로지만 전범기업은....,",5
168,니로 19인데,6
169,한국에서 팔꺼면 인테리어도 한국식으로 바꿔서팔면 안되겠니,3
170,굳이 일본차를.....????,5
171,일본차는 선전도 사지도 맙시다. 일본 사람들 한국차 한국거라고 사지도 않는다는데 우리나라는 광고에 사는 사람이 적지 않다는데 ...... 우리나라 사람들이 정신 차려야 하는게 일본에서는 한국제픔을 무시하는게 아니라 한국사람을 아랫사람 취급한다는 겁니다. 한국은 옛날에 자신들 식민지 국가이기에 아직도 자신들 신민국가로 생각하는 사람이 많고 아이들에게 그렇게 알린다는거죠. 근데 우리는 일본차 좋다고 그걸 아무 거리낌 없이 사고 있죠. 솔직히 일본제품은 일본이란 나라가 변하기 전까지 광고도 않했음 하는게 바랍입니다. 어떻게 내나라 땅을 자기꺼라 우기고 한국에서 전쟁이 나야 자신들이 다시 일어설수 있다는 나라의 것을 거리낌없이 살수 있는지 ...... 이제는 우리가 바뀌지 않으면 안된다 생각합니다. 국산을 고집하라는게 아니라 일본을 제대로 보고 일본이란 나라를 저들이 아닌 우리 스스로 버려나가야 한다고 생각합니다.,1
172,토요타 아발론 하이브리드  타고있는데 탈수록 만족합니다.^^~디자인도 실물이 굿이고요^^~하이랜더 웅장하네요~~,4
173,차 성능 내구성은 진짜 국산이랑은 비교대상이 아닌데 문제는 저놈의 디자인,1
174,역시 일본차 디자인은 제 취향과 거리가 있네요,2
175,디자인이랑 색상에 훅 갑니다!,4
176,캘리포니아 로드트립하기 좋은차 ^^,3
177,자세한 성능이나 옵션은 모르겠지만개인적으론 외관 내부 디자인 다 펠리가 낫네요,3
178,이젠 현기차가 많이 올라와서굳이 일본차 안사도 될것 같아요국내에선 어지간한 가격경쟁력없인 자국산 서비스 인프라가격등 경쟁이 안될것으로예상됩니다,2
179,랜드크루져 나와야혀,1
180,멋있다,3
181,요즘 도요타 디자인은 기괴한 민물고기같은 인상....도대체 왜 라브가 인기있는지 모르겠다.,2
182,한국에도 들어오면 좋겠다.,4
183,이차 엔진룸 완전구식이에요~요즘 밧데리가 훤히 다보이는 차 첨봤음.실내는 쉐보레 수준이고 하체는 보나마나 사골 보강했을듯 이게 최신차가 맞나싶네요~요즘 일본차들 보면 사골 보완만하고 껍데기 바꿔서 신차로 출시하더라고요~그걸 고장 안난다고 사람들을 기만하죠ㅋㅋ일본의 한계가 보이는듯,1
184,아베만세 천황만세 토요타만세,5
