,comments,likes
0,"** 공지 **  주말에 직접 만나요!여러분들 시청해주셔서 감사합니다. 또한  노예 피디님과 CG팀의 노고에도 감사드려요. 더 열심히 해야겠다는 생각이 듭니다. 세가지 드릴 말씀이 있어요. 1) 이번에도 오타가 조금 남았는데요. 제가 한번에 오타를 다 잡지 못하고 몇번 더 잡으려니까 또 야근을 하시게 돼서 그냥 릴리즈 하기로 했어요. 다음번에는 저희 야근을 조금 줄이고 한번에 다 볼 수 있도록 더 열심히 하겠습니다.2) 레인지로버 이보크는 차 자체만 봤어요. 마일드하이브리드로 파워트레인도 바뀌고 디자인이나 첨단 기능도 많이 바뀌었는데, 제가 충분히 담아내지 못한 부분이 있는 것 같아요. 나중에 기회가 생기면 또 한번 다뤄볼 수 있으면 좋겠어요. 그런데 서비스센터는 전혀 다른 문제. 제가 모르는 분야입니다. 좋아졌다고는 하는데, 제가 알 길이 없고 소비자들의 평가가 더 정확할테니 동호회나 주변의 오너분들께 한번 물어보시는게 좋겠습니다. 3) 제가 내일 프랑스 니스로 출장입니다. 그리고 이번 주말에 롯데월드 잠실점에서 강연이 있어요. 이거 많이 오신다고 제가 강연료 더 받는건 아니긴 한데, 그래도 많은 분들 뵐 수 있으면 좋죠. ^^ 아직 10자리 정도 남았다고 하는데, 신청해주시고 주말에 만나뵐 수 있으면 좋겠습니다. https://culture.lotteshopping.com/course/search/detailView.do?strCd=0002&kisuNo=124&classCd=9545항상 응원해주셔서 감사합니다.",31
1,와..디자인이 진짜..많이 팔릴수 밖에 없겠네요. 전작보다도 더 이뻐진것 같습니다.  편집전문직원이 새로 들어오셨는지 CG에 놀랬네요 ㅎㅎ,20
2,SUV 디자인으로만 보면 정말이쁜차...  물론 돈없어서 사지는못하지만 영상으로 쉽게설명해주셔서 항상감사합니다 ^^ ㅎ,22
3,언제나 시청해도 편안한 목소리와 영상 진행 감사합니다SUV는 특유의 둔탁한 외모때문에 별로 안 좋아하는 데 이보크는 그나마 디자인이 제일 나은 거 같아 관심갖고 보게 되네요,2
4,그래픽으로 저렇게 두고 비교하니까 보기가 더 편합니다 감사합니다!,1
5,오~ 바뀐차량이 확실히 멋지네요~,1
6,전세대 이보크 CG처리 편집보고 역시 김한용 기자 영상은 다르다 느꼈습니다~ ;) 멋집니다! 앞으로도 멋진 영상 부탁드려요 (이왕이면 재미도 좀 넣어주세요 ㅎㅎㅎㅎㅎ....ㅎㅎㅎㅎㅎㅎ><),38
7,ㄹㅇ 돈만 있으면 이보크 너무 탐나는데 디자인도 너무 예쁘고,2
8,피디님 기자님 한마디에 뭐든 가능하신거 같아요 ㅋㅋㅋㅋㅋㅋㅋ,4
9,현기가 이정도 수준의 디자인을 했으면 좋겠다.,3
10,차만 그냥 놓고 봤을땐 참 멋있는데..워낙 안좋은 이슈가 많으니...,1
11,오~~~~~ 이보크 비교샷 진짜 멋진데요!!!!!+ㅁ+ 고급스러운 영상+ㅁ+,3
12,"신형 정말 괜찮고,잔고장 전혀없어요 타는게 즐겁습니다.",4
13,"레인지로버 이보크 2016년식 타는데, 다시 또 사고싶어집니다. 좋은 영상 감사합니다 ㅎ",1
14,개인적으로 오프로드는 기계의 힘을 빌리는것도 좋지만 나 자신만의 컨트롤과 스킬로 (등반?) 올라가고 내려가는게 본연의 재미라 생각합니다.,2
15,다른분들보다 목소리가 차분하셔서 자주 보네요. xf 타고 있는데 영상보고  이보크 시승해 보았는데 뒷자리가 많이 좁네요. 시승기 자주 부탁드려요.,1
16,세단 아우디 suv 랜드로버 디자인의 끝판왕 두회사다 인식이 안좋은게 아쉬울뿐 막상 오너들은 그래도 만족하더라고요  이보크정도는 큰 리스크없이 한번 도전해볼만 할듯하네요 벨라는 특히 블랙 실물 엄청납니다,2
17,차 이쁘네요 ㅎㅎ 영상 잘 보고 갑니다^,2
18,좋은 영상 잘 봤습니다~ 고맙습니다!,1
19,수리할려면  수리비 장난 아닐듯하네요~,2
20,이해 잘되게 말씀을 잘하시네요~!감사합니다,2
21,와우 자동차보호필름3M PPF 필수차량이네요~멋있는 영상 감사합니다 :),1
22,꼭 2대를 구입해야 한다는 바로 그 차!!!!!!!!,2
23,"26:25 저는 항상 ""그래 차가 뭐 중요하냐 드라이버가 중요하지"" 이렇게 자존감을 끌어 올리곤 합니다 ㅋ",1
24,다음주에 이보크 차량이 나오는데 시승기 너무 잘보고갑니다 기분이 좋아지네요 ㅎㅎ 번창하세요!,2
25,모든 수입차가 다 그렇지만 레인지는.. 정말 써비스가 개쉇 임,2
26,CG팀의 활약이... 아주 칭찬해~,67
27,AR기술을 활용해 구형이랑 비교하는것 신기하네요ㅋㅋ 나중에는 차 없이 AR로 차 모델만 띄어놓고 리뷰할려나요 ㅋㅋㅋㅋㅋ,1
28,나중에 영상에 재원설명이랑 가격설명하는 그런거 넣어주시면 안될까요 ??한번에 보기 좋을거 같아서요!,1
29,항상 잘 보고 있습니다. 가솔린 모델 시승기도 꼭 올려주세요!!!ㅠ 넘 고민이라,1
30,디자인은 정말 갑,2
31,"인기가 있으면 안좋은 말도 나오기 나름인가 봅니다. 랜드로버는 잘 모르지만 그래도 타시는 분들은 또 사서 타시고 하시더라구요. 왜 그럴까요? 요즘 서비스 문제도 많이 개선된 거 같고, 저도 여유만 된다면 이보크는 정말 사고 싶네요. 휠이 큼지막한게 정말 멋지네요.",2
32,신형은 아니지만 18년형 오너로써 이보크 만족하면서 타고 있습니다 suv의 승차감이 아니죠 디젤이라 소음은 있지만 소나타보다는 더좋은 승차감이라고 생각합니다 서비스는 창원점에서 받는데 대접받는 느낌납니다 예약대기는 2주일정도로 현대자동차에 비해 대기시간이 짧지요 (블루핸즈는 사설 정비입니다 옛날 현대차서비스센터 최소 한달대기였네요) 고장얘기많은데 장거리가 많아서 현재 8만키로탓습니다만 잘타고있습니다,1
33,모그 때부터 궁금한게 있어요. 영상초기에 알아보도록 하시죠! 하고 쏵 사라지시는게 김한용님 시그니쳐 같은데 몇걸음 갔다가 되돌아 오시는거에요? ㅎㅎ,1
34,"랜드로버 이보크 D180 SE 오너입니다이차 고민하시는분들 에게 장단점 알려드릴게요,장점1. 클리어 사이트 룸미러좋습니다, 디자인때문인지 뒷유리가 좁아서 뒷차량이 아예 안보였는데 아주 선명한화질로 뒤에 교통상황을 읽어줍니다.2. 디자인새벽에 잠이안와서 드라이브나 나갈까 하고시동을 키는순간, 헤드라이트가시크하게 켜지고 문옆에 웰컴라이트가 켜집니다 멋져요.( 제 차 옵션에는 실내 엠비언트라이트가 없어요.. )3. 연비마일드 하이브리드라고 뭐 출발할때 , 정지할때 , 에어컨킬때 등등을 전기로 해결해주니까 연비감소에 음... 획기적으로 줄여주진못하지만시내주행 10~11 에 고속주행 15좀넘는게 뭐.. 쓸만한것같습니다4. 감성측면플래쉬도어 : 이거 차 모르는사람이 문한번 열고닫으면 작살납니다. 간지나요터치 프로 듀오 디스플레이 : 테슬라만큼은 아니지만, 그래도 밤에볼때 아주 좋습니다 굉장히 크고 멋집니다기어봉 :  다른 기어봉은 우두둑? 우두두둑 소리나는데 얘는 뽈깍.   뽈깍. 이런소리납니다 이해는안되시겠지만 중독됩니다.단점 설명드릴게요.1. 통풍시트도대체왜일까요 통풍시트가없습니다.( 최상위옵션에도 없더군요 )2. 디스플레이 반응속도너무너무느린정도는 아니지만답답합니다. 3. 고객센터기본적으로 전화걸면, 15분정도는 대기해야합니다. 그래도 친절하게 잘 서비스해주는건 맞지만 급하게 처리해야될 부분은 거의 못한다고 보시면됩니다.4. 의자 각도피곤해서 의자 뒤로눕히고 쉬려고했는데,세상에 의자각도가 180도까진 바라지도않는데 120도? 130도? 까지밖에 안뉘어집니다.5. 에어컨 / 히터 송풍구너무 좁습니다.좁다보니 바람도잘안나오고빠르게 안시원해지고그렇다고 쎄게키자니 너무 시끄럽습니다.+ 좁아서 송풍구에 디퓨저를 꼽거나 차량용휴대폰 거치대를 설치하기 되게어렵습니다.2019년 8월중순에 출고했으니 이제거즘 7개월 넘게 타네요7개월 넘게타본 오너입장으로서총평은"" 구입하는게 너무 고민되지만 , 타고보면 정이들고 하나하나 신경쓴게 많아보입니다.가격대비 나름 괜찮은거같고요 남들과는 다른, 유니크한 외제차를 타고싶다.그러면 이차 추천드립니다. 저는 도로에서 이보크신형을 만나본적이없어요 "" 감사합니다.",22
35,"이보크, 레인지로버 두대가자고 있지만 뽑기운이 정말 좋은지 모르겠지만  소모품말고 센터 들어간적 없어요. 타이어 갈러 들어가고 이거뿐이 없었네요.",6
36,이번 풀체인지되는 쏘렌토가 이보크와 비슷하게ㅡ나오지않을까싶어요. 셀토스가 이보크와 비슷한점이 많은데 아무래도 크기면에서 뭔가 아쉬웠는데 쏘렌토가 그걸 매꿔주지않을까싶어요 ㅋ 디자인이 예쁘면 실내은 솔직히 국내차가 갑이니까요,1
37,예쁘고 멋진 차지만 as때문에 문제될것 같은 불안감을 지울수가 없는 차... 이죠?,28
38,사고싶다...  역시 SUV는 랜드로버,2
39,실제로 구입해서 정말 잔고장이많은지 직접확인하신다구요?? ,1
40,근데 궁금한게 레인지로버 잔고장은 차문제라치고 해외에서도 as개판인가요??,1
41,도로에서 보면.. 자꾸 보게 된다 이쁘네요,2
42,이게 바로 사면 2대 사야되는 차인가,2
43,CG죽인다~ 앞으로도 계속 활용해주세요,2
44,영상 제작자도 풀체인지 됐나봐요 ㅎㅎ 훨씬낫네,1
45,편집하는 PD님이 새로 바뀌었나요.?? 기존에 영상과는 다른 느낌이네요 ㅎㅎ들릴듯 말듯한 음성 추가가 센스가 좋으신것 같습니다,1
46,재규어랑 레인지로버는 as에 민감해지지 않으려면 같은차 2대를 사야함.... 문제생기면 괜찮은 한대를 문제 생긴차 고치는동안 써야하거든,1
47,한대쯤 가지고 싶은 차네요,1
48,이동영상을보고 제생각에는A/s를 잘 안해주는이유가 너무 차를 잘만들어서 유저들이 너무 험악하게타서 계속 a/s문의가 오니까 너무 힘들어서 a/s를 안해주는거 아닌가... 2초 생각해 봅니다진짜 잘 생각해보면 언로드 다닐사람들은 포르쉐나 GLS타겠고 랜드로버는 항상 오프로드로 광고찍고 강조하니까 오프로드 즐기는 사람들은 랜드로버를 타니까 고장이 많이 나겠....죠,2
49,근데 시승차는 단한개의 결함이라도발견된거 없나요?어디어디 매체에서는 블루투스기능면에서 결함이 발견됫다는데.다른 매체도 그렇고 랜드로버종류의시승차는 뽑기율이 좋아서 그런지몰라도 결함에대한 언급은 단한건도없네요.솔까말 결함없다는것은 거짓인것같은데 말이죠!,1
50,형 진짜 편집자 잘구한거 같아요 ;; 볼때마다 깨알요소 오지네요 ㅋㅋ에어백에서 에이스 침대라니 ;;;;;;;;;;;;;;;;,18
51,현재 김한용은 대한민국에서 가장 영향력있는 카 리뷰어가 됬다,1
52,레인지로버 좋지~SUV명가 랜드로버~   레인지로버스포츠 다이나믹 4년차 잔고장 전혀없고 멋있게 잘~~타고 있음.,1
53,쿼드라킬 ㅋㅋㅋㅋㅋㅋㅋㅋㅋㅋㅋ 아진짜 지하철에서 개빵터짐 ㅋㅋㅋㅋㅋㅋㅋㅋㅋ,4
54,충돌을 보행자만치는게 아니죠. 만약 도로주행중에 어떤 물체를 쳤는데 보행자사고용 에어백이 터져서 시야를 가려서 2차사고로 이어질거 같습니다...,1
55,잔고장만 없으면 참 사고싶은 차인데...,52
56,"디지털화 좋지만.. 에어컨,히터 기능은 물리버튼으로 남겨줘 ㅋㅋㅋ",1
57,차진짜이쁘네ㅜ,2
58,서비스센터 언제든 자주갈수있는 백수수준으로 시간적여유가 많고  금전적 여유가 있는사람드만이 살수있는차....,1
59,디자인은 구형이 이미 완벽했기때문에 새롭긴해도 구형보다 이쁘단생각은 안드네..,2
60,솔직히 내 뽑기운을 믿고 사고싶긴하다,3
61,와 cg 죽인다..ㅋㅋㅋ그리고 벨라 선잡이는 소프트 터치로 문열리게 되면 좋겠네요..그럼 간지날건디,1
62,랜드로버는 통계가 말해준다. 미국에서 차 파는 모든 회사 중 고장률 1위. 지난 십수년간 변치 않는다. 센터 들어가는 횟수가 3년에 평균 6회쯤 된다. 내 차는 고장 안 났다고 항변해봐야 의미 없다.,1
63,레인지로버는 직원들 풀체인지 해야할 판인데ㅋㅋㅋㅋㅋㅋ,77
64,김한용 기자님  차 리뷰 쭈윽 봤는데   안좋은차가 하나도 없네요.. 김한용 기자님 손에만 들어가면  차는 다 좋아집니까?,6
65,"2000년 초반에 만들어진 엔진모든 모델들을 같이쓰려고만든 확장만 시킨 플랫폼, 툭하면 고장나는 전기장치외관에만 돈 투자하는 제규어&랜드로버",1
66,현기에서 레인지로버를 인수해서A/S를 보강한다면잘 팔릴듯 ^^,1
67,랜드로버가 전자식으로 가면갈수록 잔고장 쩌는듯공조장치도 디스플레이 오류 생기면 쓰지도 못하겠네?ㅋ,1
68,한용이형의 칭찬 레인지로버 굿,3
69,차는진짜 이쁘내 지르고싶은 충동이 드는차!하지만  사면 웬지  원형탈모가  생길꺼 같은 느낌?,8
70,재네들이 첨단장비는많은데 센서라든지 전기배선쪽은 설계및제작이 약합니다..솔직히 전자제어같은 경우는 정비사들도 스캐너에 뜨지않으면 진단하기힘들고요...그렇다고 전기배선을 통채로 바꿀수도없구..그래서 결론은 뽑기운이죠..,1
71,장점 - 레인지로버단점 - 레인지로버,1
72,왜 앞뒤 같이타면 위험한건가요?,2
73,숙제 빼고 냉정하게 정말 좋아졌나요?,1
74,as처리기술과 잔고장만 없으면 구입하고싶은차,1
75,2대 살 돈 있으면 사서 타고 싶다.... 하나는 센터 보낼 차 하나는 센터에서 수리하는 동안 끌구 다닐 차,1
76,이보크는 1세대부터 다이나믹에 20인치였습니다,1
77,회사차? 입사 어찌하나요? ㅎㅎ늘 잘보고 있습니다!!모카!!,5
78,"지금 해외 거주하면서 이보크 거의 2년째 타고 있는데 잔고장 거의 없고 다른 문제 없이 아주 잘 타고 있습니다. 레인지로버는 상시용 대기용 공장용 3대를 운용해야 한다는 말들을 하는데, 뽑기 운이 좋다고 하기에는 제 주위에 레인지로버를 타는 오너들이 꽤 많음에도 차에 문제 있다고 말하는 사람들은 거의 못 봤습니다.원래 링컨을 타다가 이보크로 바꿨는데 굉장히 만족하고 있습니다.",4
79,ㅋㅋㅋㅋ 편집자님 열일하시네,2
80,진짜 서비스만 어떻게 되면 많이 살건데.. 외관은 이쁘긴 진짜 이쁨,1
81,이게 그 타고다닐려면 한대는 수리 들어가고한대는 부품용으로 총 2대를 타고다녀야되는 그 브랜드 입니까,1
82,벨라인줄알았네요 갖고싶다..,1
83,제가 알기로는 머플러가 물에 잠기면 배기가 안되기 때문에 시동이 꺼집니다.,2
84,돈많고 시간많고 차량자주안쓰면살수있는차량잔고장 장난아닙니다.,1
85,여기는 우르스살거아니면 ㄹㅇ suv로 차는 1빠딴데 서비스마인드가 ㅈㄹ아니놐ㅋㅋㅋㅋㅋㅋㅋ,1
86,신차발포회때마다 시승하는 비결은 제조사를 빨아주는 대단한 힘때문이지.김성주씨 닮음,1
87,이차가 오프로드 강하다고 막 호우때 주행하다 침수차 될까도 걱정되네유 ㅎㅎ;;(물론 안그러시꺼죠?),1
88,악명높은 AS와 잔고장만 없으면 디자인적으로는 최고의 차같다..,3
89,디자인만 겁나부럽다,2
90,저 손잡이가 안튀어나와서 차를 못타는 잔고장이 있지않을까 보자마자 생각됨,35
91,이차가 물이 밑으로 들어오는게 문제가 아니라 위에서 내리는게 문제아닌가요?>> ㅋㅋㅋㅋ,2
92,서비스센터 들어가는차서비스받고 나오는 레인지로버네요ㅋㅋ,1
93,돈 없으면 짭보크 셀토스도 괜찮음,3
94,랜드로버는 쓸대없이 비싸서 우리나라에선 많이 안팔리는듯 특히 서비스 0점,1
95,오늘도 뚜벅이들의 분노의 열등감은 폭발한다ㅋㅋ,6
96,타보고 까라  튼튼하고 잘만든차다 현대보다는 비엠보다는 잔고장없다,2
97,이보크가 최고의 준중형 SUV였구나...욕 먹는건 그저 이보크라서인거...?,3
98,이걸 사는 인간에 심리를 알고 싶다 ㅎㅎㅎ,1
99,디자인만보고 구매욕구가 장난아닌 차량!그런데 욕구에서만 끝나는 차량!사는순간 스트레스가 쌓일거란 마인드부터 벗겨내야하지 않을까?,1
100,디자인 하나만 놓으면 너무도 갖고싶은차! 그러나 인식이 너무 안좋은차! 파생차량의 문제점! 고르기 운에 맡기고 사야하는 차! 서비스 문제!디자인만보고 사기엔...ㅠㅠ,1
101,11:14  침대는 과학이다 에이스침대 ㅋㅋㅋㅋ,3
102,혹시 이차 승차감 좋나요?,1
103,두대를 사야 정상적으로 탈수 있는차 ㅋㅋㅋㅋㅋㅋㅋ,7
104,Cg는 정말 세련되옷다고 생각하는데 근데 화질이 좀 어둡고 좀 어색하네요..저만의 생각인가?ㅋ,1
105,신모델이 사용성은 좋아졌는지 몰라도 외부 디자인은  구형이 훨 나은듯.,2
106,랜드로버는 시승기 찍어주면  머니가 두둑하다는 얘기가 있던데.....,1
107,한대가 망가졌을 때를 대비해 2대가 필요한 차.,1
108,길에서 보는 차들은 1. 공장 들어가는 차2. 공장 나오는 차,56
109,비싸고 이쁜 쓰레기차 아직도 좋다고 하는 사람들 있나 해외에서도 욕 바가지 먹는 차인데 우리나라에서는 A/S센터 가길 기다리는차.. 웃긴건 A/S에 가도 할 수 있는게 없어서 하염없이 기다려야 하는 그 차,1
110,이보크 굴리려면 1억6천 필요한거 아닌가요. 랜드로버는 한대 수리 들어가있는동안 한대를 굴려야 한다고..,2
111,셀토스 vs 이보크 뭐가 더 좋아요?,5
112,참 쓸자데기 없이 비싸기만한 차,1
113,이것이 잉글랜드의 셀토스입니까?,3
114,과연 소프트웨어가...좋을지...,1
115,그렇군... 하부 문짝에 있는 웨더 스트립을 아낌없이 쓰다보니 윗 천장에는 도강할 이유가 없기에 아깝다는 생각에 천장에서 물이 새는 기하학적인 상황이 발생한 거였군.고로 존재하지만 나는 거른다.,7
116,욕먹으면서도 잘팔리는이유가 저정도 가격에 고급감 프리미엄 suv 선택지가 없음...0,2
117,곧 all new randwind x7이 나오겠네요...,1
118,그리고 그 후방 안개등은 일반 승용차 운전자 눈뽕용으로 한국에서 쓰이겠죠 ㅋ 실내 전자 장비 안정성은 많이 올라갔나요??,1
119,2대 있어야함,2
120,저희 옛날 연식의 이보크 있는데ㅋㅋ,2
121,참 진짜 이쁜데...,7
122,정말 부자여야 살 수 있는 그 차.,43
123,이보크 1년정도 운행중인데 단점이하나 있는디 너무 거대해서 장점이 묻혀버림 세차할때 물뿌릴때 트렁크 두번열림 거품 미트질할때 정확히 3번열림 하도열받아서 물기제거고 지랄이고 그냥 와버렸다 자동세차를 못들어감 혹시 트렁크열릴까봐,1
124,izy 달라달라 넣은거보고 영상팀 직일까 하다가 구 레인지로버 비교 이미지 트래킹 보고 봐줍니다 ...,12
125,올뉴카랜스좀 리뷰래주새여 ㅠㅠ,1
126,차는 진짜 이뻐근데 잔고장이 너무 심하지,12
127,레인지로버 거른다고 댓글 단거 모두 타메이커 알바들이 올린 거짓말입니다.거를거면 아까운 시간에 이 영상은 뭐하러 보고 댓글은  뭐하러 달겠습니까?사고싶은데 돈없어서 못사는 불쌍한 사람들이 자기 위안 삼느라고 악플 많이 달고있네요...,3
128,차는 이쁜데.. 품질은 참..?,1
129,레인지로버 오너분들 계신가요?잔고장 유무가 어느정도 인지 궁금합니다.,2
130,차량번호가 빨리사라고 알려주네요 ㅋㅋㅋㅋ,7
131,이보크 시승까지하고왔는데 너무 좋은데  너무 짝아요... 2인승suv같은 느낌?,5
132,레인지로버이보크컨버터블도 그대로 출시인가요 그리고 블루투스오류 있나요 오토뷰에서 먹통이던데 잔고장이라던가,1
133,편집자 급여 많이 주세요.,1
134,이번 시승차는 고장 없나요?,1
135,풀첸되고 1년까지 믿거  ㅋㅋ 랜드로버 결함 또 나오긋지요,1
136,벨라랑 디자인이 똑같네요,1
137,솔까말 이보크 와이프 차로 2년 타고 3300받고 넘겨 버렸다...다시 내가 랜드로버 사면 개새끼다...,4
138,렌지로버가 잔고장이.그렇게 많나요? 뽑기운이 아니라? 이쁘긴 진짜이쁜뎅,5
139,굳이 사줘도 불안해서 안탈차 아닙니까 ㅋㅋㅋㅋ,3
140,여기 장소가어떻게되나요 풍경이너무예쁘네요,1
141,이젠 as괜찮을라나요? 잔고장은요?,5
142,딱 F/L 수준,1
143,센터에서 막나온차인가보다 이제 다시 들어갈 차례다,2
144,디스커버리 3년 타다가 X5로 갈았타고병이 났다는 사람 있어요.,10
145,나만 그런건지 모르겠는데 저 휠 싼타페 tm꺼 같음..,8
146,망해가는 브랜드 서비스 악플 가득한 브랜드 딜러권도 내 놓는 브랜드,1
147,풀체인지는 모양만 바뀐것인지? 네비게이션부분에 있는  프로그램도 전부바뀐건가요? 잔고장이 너무많아요  구형오너,1
148,오프닝이 모터그래프느낌 ㅋㅋ,1
149,겉모습이아니라 중요장치 오류로인해서…,1
150,도어 손잡이 안나오면 골때리것다.,1
151,그냥 벨라화 되어 가네요,2
152,통풍시트가 안 된다고? ㅠㅠ 사타구니 땀 많은 사람은 어쩌라구?,1
153,절대 사면 않됨2년에 4번 퍼지고원인도 모르고미안해 하지 않음,1
154,1억짜리 구대기. 2대 사서 돌려써야되는 차.,1
155,고라니박아도 보닛 에어백 터지나요?,2
156,부자차죠! 차가 한대면 절대 사면 안되는 차이니~,11
157,8:30 ....트렁크에...단차는 저만 보이는 건가요...?,7
158,잉?? 왠지모르게 셀토스가 떠오르네..,1
159,P250 추천,7
160,아깝다 lpg모델있으면 바로 살려고했는데 ㅎㅎ,1
161,우와 채신기술 오진당.. AR인가 그건가요?,5
162,한국에서 장사할려면 이런식으로 언플때릴게 아니라 as 부분 확실히 짚고 가야할텐데? 그냥 멋진 쓰레기 같은 느낌이라,1
163,수입사부터 바꿔야할듯 무슨 1억짜리 뽑기하는것도 아니고 인식이 너무 안 좋은듯,4
164,이쁘네요,4
165,디자인만 이쁜차 ?,1
166,쿼드라킬 ㅋㅋㅋㅋ,1
167,벨라랑 똑같이 생겼네요,1
168,우리나라에선 비싼차,1
169,모카님 로고 스티커 구독자 이벤트 좀 해주세요,4
170,한용이형~~~ 이번 레인지로버는 고장 안날가여??? 잔고장 개판인데~~ AS는 더개판 ~~ 이제 한국에서 아무도 안살듯...,3
171,저 후방카매라 탐나는 구먼,1
172,번호판 빨리사삼ㅋㅋㅋ,4
173,이건 뚜껑안열리나요?,1
174,GV80 vs 2020 Evoque 여러분의 선택은?,2
175,머플러 숨기는게 대세라고 하는건 좀 오바져,1
176,고장 타령하는 사람들중 실제 오너는 몇명이나될까? 갑자기 궁금하네,1
177,두 대 사야된다는 그 차 맞나요?ㅋㅋ,8
178,차가 좋으면 뭐해요......비싸면 뭐해요....a/s가  말아 먹는데..,3
179,아니 현기만도 못한차를 ...왜 ??,1
180,"2017년형 이바크 기본형  으로 미국 에서38000불 주고 구입 햇읍니다.2달전 22000불 주고 팔고 기아 텔루라잇 으로 바꾸엇읍니다.쓰래기 타다 최고 의차를 몰고있읍니다.렌지로바 산다는 사람 있으면 변또싸들고가서 말립니다.변또가 아니고 도시락..절대사지말아야 될차 2위 가 랜지로바..1위는 피앗,닷지.짚,크라이슬러계열 의전차종",1
181,쿼드라킬 ㅋㅋ,1
182,레인지로버는 어떤 모델이든 비호감.,1
183,그래도 돈있는 사람들은 다 사니까 니들이 부들거릴 이유는 없을것 같은데 ?? ㅋㅋㅋㅋ,1
184,다른말 하지않겠다~~영국차~ 이말 한마디면 끝남~,6
185,한용행님 레인지로버 재규어는 비싼쓰레기라는데 행님우째 생각하니꺼?,2
186,이쁘긴 더럽게 이쁘다,2
187,디자인만 이쁜 쓰레기ㅋㅋ <<<<믿고. 거르는. 랜드로버!!>>>> 디자이너들만 빼내오고 싶다ㅋㅋ,1
188,어우 랜드로버 극혐~~!!  김한용님 객관적인 자동차 리뷰어 이시지만... 이따위 브랜드의 차는 리뷰 안해주셨으면 합니다.!!! 이 영상을 보고 구입하는 피해자가 양성되자나요!!!,2
189,Yo! 이보크 벨라 같아요?,1
190,동승석 앉으신분은 엠지님 아닌가여? 뿌우,1
191,원플러스 원으로 사야하는 차 ㅋㅋㅋ 이쁜쓰레기,1
192,외관빼고 나머지는 다 개쓰레기인 차,1
193,"아 이때 편집자가 좀 조잡하게 편집했네 ㅎ ㅎ 지금이랑 동일한 편집자인지모르겠지만 쓸데없는 효과음, 자막 굉장히 보기불편쓰 ㅋ ㅋ",1
194,마지막에 본심? 드러내시면..앞서 좋다고 한 얘기는 다 뭐임??,1
195,휠이 참 ㅆㅌㅍ랑 닮았는데누가 먼저일지..?,1
196,어차피 사업소들어갈 차...,1
197,타보지도 않은 놈들이 또 신나서 나대고 앉아있네 ㅋㅋㅋㅋㅋㅋㅋㅋㅋㅋㅋㅋㅋ,6
198,나만 구형 익스테리어가 나아보이나? 그래도 돈있으면 다른차살듯 ㅋ,1
199,SUV라면 오프로드를 간다? 누가? 얼마나? 김한용기자는 다 좋은데 가끔 공감이 안되는 얘길 잘해...솔직히 오프로드 갈려구 이보크 구입하남?ㅋㅋ,1
200,8:27 ㅋㅋㅋ 깨알 같은 소리로 으악내눈!,7
201,다 좋은데... 중앙에 조그맣게 있는 어색한 기어봉.......,2
202,졸렵게 하네진짜,1
203,하지마요....욕해요.....,1
204,볼보 xc60 vs 랜드로버 이보크,5
205,15:33 부분에서 이상한소리 저만들려요?? 흠...,4
206,PD 양반이 쿠엔틴 타란티노 인가?유머감각이 ㅓㅜㅑ~,1
207,믿고 거르는 랜드로버,1
208,전부 렌지 타다가 데인것처럼 얘기하고들있네ㅋㅋㅋㅋ현실 흉기면서ㅋㅋ,40
209,사지마라 후회 겁나하게 될거다,1
210,텔루라이드는 랜드로버 본넷 앞모양 베꼈고 이보크 손잡이는 테슬라 베낀 거 맞죠? ㅋㅋㅋㅋㅋ,1
211,희안하다===>희한하다,1
212,세...세...셀토스!,1
213,레인지로버 타고싶으면 집에 차한대 더 있어야한다던데ㅋㅋ 잔고장이 많아서 맨날 수리들어간다고,1
214,11:14 부대찌게..?ㅋㅋ,20
215,as문제와 소프트웨어 고질적인 문제가 남았네여,14
216,11:14 부대찌개 !,19
217,이쁜거는 최고다,2
218,번호판 빨리사삼 ㄷㄷㄷ,3
219,벨라 페리네요...,2
220,넘버가 8243 빨리사삼,1
221,잔고로버.,1
222,본사에서는 한국에서  서비스 개거지 같이 하는거 알고있으려나 난아직도 대표랑 나눈 카톡 내용이 잊혀지지 않는다. 내가 안만듦...,1
223,시승에서 블루투스 먹통되는 하이테크요?,2
224,예쁜쓰레기 잘봤습니다 유일하게 모터쇼 가서 거른 브랜드,2
225,이쁘고 이쁘다,1
226,번호판이 8243(빨리사삼)이넹ㅋㅋㅋ,2
227,그렇죠 벨라,1
228,걸러야하는차 렌지,1
229,믿고 거르는 랜드로바,10
230,이차얼마죠?,6
231,11:15 머리를 여기와서 부대찌개 되요??? ㅋㅋ 부딪히게 되요,5
232,개판 as 에 믿고거른다,1
233,인도차 아닌가,1
234,그분이 싫어하는 브랜드다 ㅋㅋㅋ,3
235,호구인정되는차,1
236,리뷰 할 차가 없나요,1
237,기자님 컨텐츠도 좋고 다 좋은데 자막좀 어떻게 해주세요.. 싱크도 안맞고 맞춤법도 안맞고 오타 남발에.. 좋은 영상에 똥을 뿌리는거 같아요. 투덜되는이 뭡니까 도데체,2
238,이쁜 쓰...,2
239,8천짜리램프사지마시길,1
240,쓰레기차 이거샀다가겁나후회함,1
241,한대는 센터 들어가고 한대는 센터에서 나온다는 그 차 맞나요?ㅋㅋ,4
242,랜드로버 차  사면  삶이 비참해 짐니다2년14만 주행동안 도로에서 운행 중단  2~3회공장에 4개월이상엔진 2번째 갈아야 한답니다평균6만에 엔진교체 해야 하는 차를수리비 요구 합니다딜러는 랜드로버의 결정이라 하고상의할 랜드로버 연락처는 아무때도 없고 딜러 수리센타는 유상수리 할꺼냐 차를 뺄꺼냐 만 묻습니다랜드로버 민원센타는 없고어린직원은 딜러 수리센타로 전회만 연결해줍니다아주버림받은 사람으로 만드는 회사입니다,1
243,벨....라?...,1
244,인도차내,5
245,아버지가 8개월가량 타다가 처음으로 제 앞에서 쌍욕을 하셨다는....그 차..,2
246,너무 빠네. 협찬 티가 넘 나네요,1
247,문 닫는 소리가 맘에 안드넹,2
248,믿고거르는차,1
249,아 이거 또 셀토스 베꼈네,1
250,아보크,1
251,저걸  왜사나요 이런차는  리뷰도 해주지 말아야 합니다,1
252,랜드로버를 지금까지 총3번 소유했을정도로 충성도 높은 고개이였는데 지금 랜드로버는 레인지로부터 이보크까지 다 똑같이 생겼어요. 특징도 없고 전혀 매력이 없는 일본차 브랜드 느낌.,1
253,ㅋㅋㅋㅋㅋㅋ 여기 90프로는 레인지로버 타본적도 없는놈들이 대다수인데 데인척 하는거 개역겹네 ㅋㅋㅋㅋㅋ 그냥 어디서 잔고장많단 소리듣고와서 겪어본척ㅋㅋㅋㅋㅋㅋㅋㅋㅋㅋㅋㅋ 귀엽다 참 ㅋㅋㅋ,10
254,예민은 개뿔 미국차가 갑임,1
255,언락 unlock은 열다에여 계속 닫혔는데 언락이래,1
256,이것슨 아니지,1
257,난 왜 전 모델이 더 나은거 같냐,1
258,자막 참...사고관련에 부대찌개돼요가뭐냐,1
259,머리가 부대찌개가 되면 무서운데,1
260,1빠 인가!!,2
261,레인지로버 쓰레기죠 ㅋㅋ사후처리는 더 말할것도없고 ㅋㅋㅋ이걸사는 호9어딨으려나,2
262,문닫히는 소리 머임?,1
263,에이스침대 이런 뭐같은 효과음 넣는거는 무슨센스지...좋은영상 다망치네,1
264,잔고장 1위로 많은 이보크이지요고장이나도 A/S 도 안해주는 더러운 차량이죠 답은 안사는게 정신건강에 좋아요 불매운동 해야할 차량이죠A/S안해주고 환불도안해주고  최고로 악덕업체 차량이죠,4
265,머리가 부대찌개?,1
266,반자율 주행은 현기차 소나타의  반도 못하다고 하던데...호평하시네누구말이 맞는겁니까??,1
267,하아...듣기도 싫다.. 토나올꺼같다..6개월만에 처분..센터에서 늘 하는말..고객님 예민하시네요고객님 저희도 어쩔 수 없네요고객님 원래 그렇습니다고객님 저희는 잘 모르겠습니다ㅆㅂ...운전석 창문이 안 닫히고...트렁크 안열리고..운전석 문 안열려서 조수석으로 내리고..터치요?에어컨 여름에 먹통 ..찜통 드라이브~고치면 뭐 함 센터만 나오면 또 먹통다행히 겨울에 팔때 히터는 나왔었는데..그차 올해 여름 우째 보냈을려나,117
268,2빠인가,1
269,문제는 AS 들어가면 고치지를 못해요. 소프트웨어 문제! 사지마시길...,6
270,정비소 4~5  들어갔다 나와야 완성 됀다는 그브랜드 아니던가 ㅋ ㅋ 이렇게 단시간 리뷰는 의미 없는 브랜드 ㅋ ㅋ,1
271,12:47 김일성,2
272,돈받고 리뷰하는것같은데 ㅋㅋㅋㅋㅋ 전혀 공감이 안되네요 자꾸 이쁘다 이쁘다 하는데 전혀 안이쁜데 ㅋㅋㅋㅋㅋㅋㅋㅋ 얼마받으셨나요,1
273,ㅅ,1
274,3빠인가,1
275,미션부분은 저도 동감합니다 그거 외에는 다 만족이었던 차,4
276,"이보크 처음 나왔을때, 3도어 모델의 디자인 보고 신선한 충격을 받은 적이 있습니다.후륜의 세팅 및 댐퍼/스프링에 대한 기술적 설명 고맙습니다!!",2
277,연휴에도 리뷰를 올려주시다니 감사합니다 ㅎㅎ이보크는 이차의 디자인에 꽂혀야지 구매까지 이어질 수 있을것 같네요 ㅋㅋ,2
278,"영상 잘 보았습니다 !혹시 레인지로버와 같은 그룹인 재규어도 리뷰 가능하신가요?차읽남님 덕분에 상당히 관심 많던 a6정보도 유용하게 얻었습니다만, 이번에 xf가 페이스리프트 되면서 또 고려가 되더군요.여타 리뷰들 보면 xf(페리전) 디젤모델만 리뷰가 있어서 혹시 여건이 되신다면 xf가솔린모델도 리뷰 부탁드립니다  기다리고 있겠습니다 늘 잘보고 있습니다늘 힘내십시오 !",3
279,재규어 모델들도 리뷰 부탁해요~,3
280,전문가님 의견 여쭤봅니다.패밀리카로 x7 40i msp 보고 있습니다. 승차감 및 옵션 등 이 차량에 대해 어떻게 생각하시는지요? 내년에 페이스리프트 된다는데 기다리는게 좋을까요?추가로 추천해 주실 차량 있으실까요?,1
281,10년전에 이보크 보고 정말 충격이었는데 .,4
282,코세어랑 비교하면 2열 공간 어떤가요?,1
283,"유명한 차량 유투버분이 ""길에서 보이는 랜드로버 차량들은, AS센터에 고치러 들어가는 차량과, AS센터에서 고치고 나오는 차량이다""라고 했던 말이 생각나네요 ^^",4
284,이보크가 전륜베이스 였나요? 가격만 보면 후륜 같았는데 ㅎㅎ 디스커버리 스포츠가 아니여서 아쉽긴하지만 잘봤습니다,1
285,요새도 랜드로버 잔고장 많고 as 구리고 그런가요?,2
286,읽남님 국산차는 시승 안하시나요~?,1
287,최곱니다 정말,2
288,디스커버리 스포츠는 언제 다시해주시나요,1
289,요즘도 랜드로버 차들 결함이있나여? 하도 고장잘난다해서요 개인적으로 이차는 진짜 타고싶은데 nx300h 가 내년중반쯤 풀체인지나오는데 이차랑 둘중 고민입니다,2
290,재규어 랜드로버 서초전시장이 그 예술의전당 앞 맞나 바로옆에 아우디 벤츠매장 그 근처에 쫙 다른 자동차 매장 있어서 재규어 랜드로버쪽에는 항상 사람이 없던데...,2
291,올 4월 P250 알다이나믹 이보크 출고받았습니다 ..딴차 사세요 ..,1
292,이보크 타고 고생하는일인입니다다른차 사세요,1
293,얼굴이안보여요,1
294,1빠,1
295,리뷰 잘봤습니다.제가 협찬한 와이프차량입니다.^^서비스관련누유건은 서비스 예약함(1달걸림)센터 전화잘안되고 수리오래걸림(대차서비스는 잘됨)서비스 기술력 및 피드백은 안좋아요48V마일드하이브리드는 디젤에만 들어갑니다.이차는 가성비로 타는차가 아님니다.예뻐서 여성들이 타기 좋은차 같습니다.협찬차량은 퍼스트에디션입니다.기본차량 구매시 스티어링휠 및 시트색상 디자인 및 마감 꼭 확인하세요(기본차량핸들 많이 저렴해 보이고 안이뻐요)구매당시 할인은 250받았습니다.,136
296,리뷰 보면서 항상 느끼지만 재밌습니다. 어려운 말 안하고 쉽게 차의 장점과 단점을 잘 말해줍니다. 차 살 때 많은 참고가 될 것 같습니다. 좋은 리뷰 감사합니다~~,5
297,항상 레인지로버 리뷰시에는 자동차에대한 본질은 포기하더라도 승차감이랑 디자인만으로 너무 매력적이라고 하시는게 좋네요,4
298,아무튼 코퀄 리뷰 영상 잘 봤습니다! 그렇게 악명높은 랜드로버 차량을 아직도 신차출고 하시는 분들이 계시다는게 믿기지 않습니다..,3
299,윤성로 대표 리뷰실력 엄청 늘었네요 잘봤어요,9
300,"""디자인""  관점에서만 보면 살만한 차.그 외의 것까지 생각하면 여전히 물음표 ㅎㅎ",1
301,2016 이보크 구입해서 4년째 잘 타고 있습니다. 전 해외인데 랜드로버 차랑만의 매력이 참 좋은데 여기서도 딜러 서비스 센터가 이상해서 다음차도 신형 이보크 고민하는데 또 딜러랑 싸울일 생길까봐 고민중이에요.  제가 10간 탄 차중 가장 오래타고 있는차에요 이보크,14
302,항상 생각하지만 랜드로버 레인지로버 디자인은 정말 멋지네요,3
303,랜드로버 재규어차량이 참 이쁘지만 특히나 레인지로버같은 경우 그 가격대에선 대체품이 없다는건 인정하고 개인취향도 존중합니다만.기본이 안된 차량이라는건 어쩔 수 없는 현실이라고 봅니다. 잘가고 잘서고가 안될뿐더러 AS까지 안되는 차량이라는게 팩트라고 생각합니다.,8
304,영상 잘봤습니다~!!! 리뷰가 날이갈수록 너무 좋네요~,4
305,랜드로버랑 쌍용이랑 제휴해서 쌍용이 조립이랑 as하면 문제가 대부분 해결되고 서로 윈윈이 될거 같은 상상을 해보게 되네요 ㅋㅋㅋ 쌍용차 힘내라!!,6
306,매번 듣지만 리뷰 정말 깔끔하신듯..!멋있어요 ㅎㅎ,13
307,진짜 리뷰만큼은 이분이 가장 정확한듯,1
308,성로형 늘 응원해~차 제대로 까주어 감사합니다,3
309,매번 랜드로버는 확실히 후하게 리뷰하는 느낌ㅎㅎ 랜드로버 팬이라고 하니까 이해는 합니다.저도 좋아하는 메이커라 욕하면서도 매번 관심은 갖지만 이보크는 모르겠어요.,4
310,"24:30 리뷰하신차량은 풀체인지모델 처음 출시때 한정판으로 나온 퍼스트에디션 차량입니다. 매트릭스LED, 에보니헤드라이닝, 퍼스트에디션 전용휠 등이 추가되었고 저도 이해할 수 는 없지만 차선유지 어시스트 기능이 빠지고 차선유지보조 기능만 들어가 있습니다.현재 판매되고있는 이보크 전 트림에는 차선을 벗어나면 핸들을 돌려주는 어시스트 기능이 모두 들어가 있습니다. 퍼스트에디션에만 빠져있으므로 이보크에는 이 기능이 빠져있다고 볼 수 없습니다. 정정해주셨으면 좋겠습니다^^",5
311,그래도 두 대면 나은데요(?) 전 세 대씩 사서 갖고 있어야 한다고 들은거 같은데 ㅎㅎㅎ ㅠ 요즘 차들 왜 이렇게 맘 편히 탈 수가 없는지 원...,7
312,악명높은데도 사는거 보면 디자인이 판매량에 미치는 영향이 크긴큰듯...,4
313,2016년식 HSE 가솔린 모델 타는데 엊그제도 후진하는데 카메라 꺼지더라고요ㅋ 이젠 그러려니 합니다 시동다시켜면 되니까요ㅋ아직 6만 밖에 안타서 바꾸긴 아까워서 더 타긴해야 되는데 가끔씩 이 돈주고 살 차였다하는 아쉬움이 들긴합니다,2
314,믿고보는 모트라인~♡,10
315,랜드로버 욕하는사람많지만 물론 잘못된점은 욕먹고 고치게 해야죠 윤대표님도 잘못된거는 가감없이 까신다고 하셨고 그렇게 하시구요 하지만   윤대표님은 랜드로버차량을 오너로서 타오셔서 그런지 렌드로버 차량들만의  그장정을 아신다는게 믿음이 갑니다 그래서 랜빠아니냐고 오해와 욕을 들으시는듯 pta플랫폼 아주무겁지만 굉장히 튼튼하다는 장점은 있네요 무엇보다 실외내 디자인갑 이고 승차감도 동급보다 윗급들이 보여주는 고급스러운 승차감을 가지고 있고 비싼 앞뒤 전자식 4륜시스템  2세대는 1세대에비해 상당히 많이 좋아진거임 2세대는 그래도 레인지로버라는 네임에 어울려지려고 발전된 모습이 많이 보이네요 말씀대로 크기만으로 평가하기에는 어려운차량 경쟁자들도 x1 gla q3 보다는 x3 glc 볼보xc60등으로 잡으면 좀더 맞는거 같기도 하고,10
316,디자인 하나만으로도 매력적인차!성로형 신형 Q5도 리뷰해주면 안되 ?,8
317,"전장은 비슷하지만 전폭은 싼타페와 비슷한 사이즈임..... 문짝이 두꺼워서 2열 실 좌우 폭공간은 투싼 정도.... 그리고 X1, GLA도 전륜기반이라지만 컴팩트 SUV를 바가지 가격 받는 레인지로바.... 참 심각한듯 벤츠보다 소비자 호구로 보는 레인지로버..... 20% 할인 안해주면 고려해줄만한 가치도 없을듯",2
318,이보크는 마징가제트같은 뒷모습이 1세대가 더 멋졌슴,2
319,맞아요^^ 인제니움엔진은 고급유 넣으면 소리안나요ㅠㅠ 재규어 xf와 같은 엔진이죠.. 그래도 인제니움엔진 소리 맘에 들어요.. 3만 탔는데 엔진이 새차같네요.. 디젤차에서 넘어오니 좋기만 하던데.. 할인하면 사고 아님 안사면 되겠네요,2
320,더 유명한 말도 있습니다 랜드로버가 오일이 새지 않는다면 그 차에 오일이 없는 거다 !! 영국에서도 유명한 말이에요 ㅋ,171
321,오늘 고속도로에서 레인지로버 갓길에 멈춰있더라구요.. 라이트보니 완전 신차던데. .,1
322,정신차려야죠 처음에 나올때야 경쟁차가 없으니까 럭셔리 suv 탈려면 레인지 로버밖에 없없지만 지금은 시장 상황이 바뀌었고 럭셔리suv 차들이 차이고넘치는데 아직도 과거 수준에 머물러 있으면 답없죠,44
323,"저 진심으로 궁금해서 리플 남깁니다. 제가 이보크를 살까 고민해서 리뷰도 많이보고 찾아보는데 일단 레인지로버 카페에는 이보크 특히 2020년 신형을 까는 분들은 많이 못봤습니다. 지금 이 리뷰 차량도 2020년 신형같은데 다들 정말 타보고 까는건지 아니면 카더라, 누가 그러더라 아니면 옛날 이보크는 그랬으니 이번에도 그럴것이다 하고 까는건지 궁금합니다. 신형도 오일이 많이 세는지... 카더라 말고 진짜 2020년 신형 타고 다니시는 분들의 의견 듣고싶습니다. 디자인과 연비(디젤기준) 제법 좋게 나와 진짜 사려고 고민하고 있습니다... 말씀들이 정말 사실이라면 당연히 구매하지 않을 것이구요... 차량을 2대 굴릴만큼 여유로운 삶은 아닙니다... ㅜㅜ",3
324,"대표님 리뷰 잘 보고 있는데, 랜드로버 리뷰때는 유독 편애가 좀 많이 느껴지긴 해요. 리뷰라는 것도 주관에 기인한 부분이라 어쩔 수는 없지만, 항상 디자인은 주관이라고 늘 말씀하시면서도 대놓고 멍청한 디자인 말할 때 gv80 예시 드는건 좀 악의적 느낌도 들었습니다. 그래도 리뷰는 항상 잘 보고 있고, 좋은 입담도 좋습니다. 다만 이번에는 좀 많이 아쉽네요.",2
325,48V 시스템 도입이 언능 되어야 할것 같아요. 전자장비 문제고 결국 전력이 부족해서 일건데.. ㅠ,3
326,이번 리뷰에서도 느낀거지만 윤성로는 어쩔수 없다....랜드로버 빠임..이차는 수많은 단점이 있지만...감성적인 장점 그리고 랜드로버 마크에 다 지네...ㅋㅋㅋ 인정..랜드로버 빠돌이 인정함..,3
327,"랜드로버 레인지로버 이보크 가솔린 모델 PE250을올해 4월 말에 출고하여 현재까지 타고 다니는 유저입니다.6월에 하체에서 소음이 들리는 하자가 발생한 상황인데 처음엔 미미하다가 지금은 거슬릴 정도로 커진 상태입니다.(골목길, 방지턱, 도로 상태 안 좋은 곳 등)관련하여 서비스센터로 갔었고 소음이 난다는 결과가 나왔고부품을 교체해야 한다고 했는데 영국에서 부품이 와야한다고 시간이 걸린다고 합니다.(코로나19 때문이라고는 하는데...)그럼 부품 수리 할 때까지 대차가 가능한지 문의했으나사고차가 아니라서 힘들다고 하더라구요(하체 하자인데 주행 중 사고나면 어쩌라는건지...)일단 9월에 가능하다고 연락이 왔고 최근에 다시 8월에 가능하다고 연락이 온 상태입니다제 첫 차이기도 하고 '이쁘긴 이쁜 차긴 하니까...' 라는 생각으로 타고 있긴 합니다https://www.youtube.com/watch?v=yaW9fOXXBQw&t=630s",1
328,4개월째 타고 있는데 신차라 잔고장은 아직은 없고 반자율 주행되는데요... 앞차거리 조정하고 차선 따라서 핸들 움직이고... 물론 차선 희미한곳에선 인식은 잘 안돼지만... 다른건 후회안되는데 너무작아요...,1
329,다른 문제면 모를까 오일 누유 가 생긴가는건 정말 심각하네요..돈 있어도 사고싶지 않는 차량,1
330,음... 두대 6년째 타고 이제 리스 끝나는데 아직 센터 갈일이 한번도 안생겨서 한번 더 벨라로 가볼까 하는데... 확률상 이번엔 잘못 뽑을려나 ㅋ 아니 근데 동호인중엔 또 고장으로 고생하는 사람이 별로 없는게 또....,1
331,리스끝나가서 이보크 신형보고있는데 역시 아닌가...ㅠㅠ,1
332,ㅠㅠ이보크 왜 벨라라인 따라가려하는지 딱 페이스리프트 한번했을때가 참 이쁜거같은데 레인지로버 DNA도 그나마 같고있는거같고했는데 너무 도시형으로 바뀌었어..흑,1
333,오일이 샌다니..ㅋ 랜드로버는 전기차로 빨리 변경해야 할듯합니다.,2
334,솔직히 돈 많으면 타보고싶긴한데. . .    전장이 약한 회사가 자꾸만 이상한곳에 자동화를하네 저 손잡이 고장나서 안나오는건 아닐까싶다  흠. . . 10년탈수있을까 부품값도 후덜덜할텐데,1
335,랜드로버타려면 차를 두대사야한다.하나는 주행용나머지 하나는 수리용,1
336,영국차보단 독일차가 그나마 에프터가 좋을듯,1
337,석로형 최고!,2
338,시승해보면진짜 혹할정도로 내부 외부 디자인 짱 좋음근데 차주분들 글보면 항상 욕해그리고 또 삼 미스테리한 차,46
339,항상 잘 보고 있지만... 요새 너무 고급차 리뷰만 나오는 것 같아요 ㅜㅜ요새 대중차들도 많이 출시되는데...,1
340,무게 늘리고 마일드하이브리드는 빼고 ㅋㅋㅋ역시 랜드로버 코리아!!!박수!!!!!!!,3
341,24:40 왼쪽 핸들리모컨으로 차선이탈방지 메뉴에서 진동알림 -> 스티어링 어시스트 켜놓으시면 차선이탈방지 됩니당..,3
342,진짜 좋아하는브랜드인데 두번은 사기 싫은 브랜드네요,1
343,도로에 보이는 레인지로버는 딱 2개로 분류됨.1. 수리 들어가는 차량2. 수리 끝나고 나오는 차량,2
344,아부지가 멀쩡한 차들은 정말 좋다고 하시긴 했는데ㅠ 멀쩡한 친구가 별로 없나봐요.,2
345,레인지로버 스포츠도 리뷰 부탁드려요~,1
346,형 레인지로버 스포츠도 리뷰한번 해주시면 안되나요ㅠ 너무 궁금한데,9
347,12:40 자막에 시내주행 연비 7kg/l 로 표기됐군요. 7 km/l 가 맞는 표현입니다.,3
348,랜드로버 디스스 탑니다. 황구님 얘기 공감 저는지금 해탈의경지입니다 ㅋㅋ 고장은 일상  경고등 일상 센테들어가면 좀 심한고장이면 최소 한달 . 수리 다되고 차받아서타고다니면 다른곳이 고장나고 ㅋㅋ,1
349,엔진오일 세는거까진 참을수 있나요?  전 단점 시작할때부터 이미 탈락인데요.,29
350,욕밖에 해줄게 없어서 칭찬만 늘어놓는 성로씨..,1
351,형~~와이프차로 이보크보고 있는데 모델y가 나온 시점에서도 이보크 가는게 맞을까?진지한 댓글 부탁드려요,1
352,좋은건 알겠는데 단점이 장점보다 더 큰거같네여 사자마자 고장나서 수리도 안되면 결국 못타는거니까요,1
353,결론. 다자인 고급스러움 빼곤 장정이 없다 ㅋㅋㅋ,2
354,이분 리뷰 매력있어,1
355,제네시스 gv80과 랜드로버 이보크는 개인적으로 성능에 비해서 가격이 날강두임,1
356,트레일블레이저RS 고민하고 있는데...리뷰 좀 부탁드립니다..리뷰라기보단 신나게 까주세요,3
357,예전부터 말도 많았구..비공식으로 테슬라 조사한 기관에서..테슬라 고장 다음으로 많은게 랜드로버라고 나와있던데..,2
358,그 세상이 어느땐데 노킹은 현기에선 흔한거 같은.. 저도 새찬데 노킹이...,1
359,성로 랜드로버 좋아하는거 티날정도로 화도 덜내고근데 아쉬운 랜드로버... bmw정도만큼만 나와도 성로가 물고 빨고 할텐데..,1
360,리뷰채널은 성로형님 리뷰만 봅니다ㅋㅋ,3
361,차는 거대하고 차량내부는 모닝인 신기한차,2
362,차가 이쁘긴함 ㅎㅎ,2
363,랜드로버는 패스만의 답인가,3
364,저렇게 잔고장이 심하면 정부에서 규제같은거 없나요?? 어쩌면 위험한 차량이란건데...,1
365,근데 와이퍼 갈기 어려울듯..,5
366,길에서 랜드로버를 본다면 그건 둘중하나다. 서비스센터에 가는 차량이거나 서비스센터에 갔다오는 차량이거나,1
367,X3.X4 / GLC(쿱) 보다 비싼놈....디자인 하나만큼은 10년이 지났어도 인정이지만 한두달만 탈것도 아니고 그냥 X3나 GLC로 가자,2
368,오늘 주행 실내 측면 영상은 좀 뿌옇네요 ^^자연 뽀샤시 효과로 윤대표님 얼굴에서 광이나요.에어컨 땜에 렌즈에 성애라도 꼈을까요?만약 그렇다며나안티포그 한방울 바르고 찍으시면 뽀샤시 방지 될 겁니다.아님 각도문제로 빛이 렌즈에 많이 들어간 것일까요??,2
369,내구성만 좋으명 타보고싶은차,1
370,흉기보다 한술 더뜨는게 재규어 랜드로버 ㅋㅋㅋㅋㅋ,1
371,제가 3월 19일에 저 차를 받아서 1주일 3일차 지나서 계속 고장나더니 고속도로에 서더니 지금까지 센터에서 출고를 안시켜주고 있어요!,184
372,하여튼 해외 시장에서 판매되는 가격과 비교시에 한국에서 랜드로버 차량은 다 비싸게 판매 합니다. 품질 악명도 높고...... 나도 당해 봤기 때문에....절대 비추,2
373,나도 이거 디젤모델 시승했지만 승차감이 고급지다는건 동감을 못하겠네요 그리고 랜드로버 브랜드를 볼때마다 드는 생각은 디자이너가 불쌍하다 입니다 저렇게 완벽하게 디자인 했는데 만드는 것들이 못 만들어서 욕먹는차 아 그리고 프로모션이 없다네요 브랜드 가치를 더 중요시 한다나 뭐라나 그렇데요,1
374,SUV=짐차=거거익선소형SUV=구두신고 등산하는 패션피플,1
375,트레일블레이저RS 고민하고 있는데...리뷰 좀 부탁드립니다..리뷰라기보단 신나게 까주세요,2
376,그랜저 한대에...벨로스터N을 살 수 있는가격이라...음?,2
377,구형모델 2.0 인데 핵심이 빠진거구먼......,1
378,레인지로버의 가장 문제는.  한국에 특히 비싸게 파는데 그럭저럭 팔리고 있는것이 문제.,5
379,엔진 미션 샤시를 제외한 모든것에 신경쓴차인듯..?! 8000 주고 나는 못사겠다..ㅎㅎ,2
380,랜드로버는 4대가 기본1대:견인1대:서비스센터1대 불량 테스트1대 도로에서 타는용1대 오프로드용,2
381,5:06 제 복구 오랜만에 보니 감회가 새롭네요 ㅠ ㅋㅋㅋ,2
382,이쁜거 빼곤 없다는 이야기를 30분동안 하시는거 같네요 ㅎㅎ,77
383,"“도로 위 랜드로버는 딱 두종류로 나눌 수 있다 서비스센터 가는 차와 서비스센터를 나오는 차”“랜드로버 동호회 회원들은 도로에서 만나도 서로 인사하지 않는다 오늘 아침 이미 서비스센터에서 만났기 때문이다”  “랜드로버는 총 3대를 뽑아야 한다. 수리 받고 있을차,수리받는동안 타고나딜 차,수리에 쓸 부품용 차”나무위키 펌",6
384,이쁘긴 너무이쁘다. 진짜 국내브랜드 차들 제발 꼰대들이 결제좀 안했으면… 어휴 단한대도 살수가 없을지경...,1
385,디젤모델 퍼스트에디션 1만키로 째 운행중인데 헤드라이트 잔고장 때문에 센터 두번 갔었는데 기다리는거나 이런 문제는 전혀 불편하지 않았고 문제도 해결 됐습니다! 저는 운행 하면서 너무 만족하면서 타고 있습니다! 그냥 차 외관을 보며 예뻐서 감탄하고 실내에 타면 또 예뻐서 감탄하고 여자친구도 예쁘다고 감탄하고 주행 성능이나 승차감도 훌륭하지만 8300만원에 애플 카플레이 안되고 뒷열 열선 시트 없다는게 좀 속상하지만 저는 너무 만족합니다! 차는 타는 사람이 만족하면 된거라고 생각합니다 ㅎㅎ,4
386,마세라티 :디자인 배기 서비스굳  랜드로버 : 디자인,6
387,돈이 정말 남아 돌면 한번 생각해볼 차,1
388,모트라인 성로씨 리뷰 영상은 클릭해놓고 무조건반사로 스피커 볼륨 조금 낮춰놓게 됨,2
389,솔직히 디자인때문에 사는차근데 저 디자인 하나보고 저만한 차를 78천주고.산다는게 좀 그렇긴 하죠,1
390,세계지도에 일본을 지워주는 센스!! ㅋㅋㅋㅋㅋ,1
391,마약왁스 7초래 ㅋㅋㅋㅋㅋ 개욱김 ㅋㅋㅋㅋㅋㅋㅋㅋㅋㅋㅋ싸랑해요>.<,1
392,"저는 17년식 디젤타는데, 아 소프트웨어쪽 결함이 장난아니네요..벨트 맸는데 경고음 계속 나고, 패들 잘 안쓰는 편인데 드라이브에서 주행중에 갑자기 스포츠모드로 바뀌고, 블루투스 인식 제대로 못하고, 이모빌라이저쪽 문제인지 문이 잘 안잠기고..업그레이드 받으라해서 3주 지나 업그레이드 받았는데, 이젠 블루투스 핸즈프리 마이크가 말썽이라 스피커폰으로 받고, 별건 아니지만 주행중에 한번씩 후방카네라 켜져서 흠칫흠칫거리고..센터 다시 입고하려하는데 또 한달이상 대기고..이게 레인지로버는 세번째인데 여태 운이 좋았던건지 이런증상 다른모델에선 경험한적이 없어서 당황..랜드로버 서비스센터 반성 좀 했으면 좋겠습니다 ㅠㅠ",1
393,플랫폼 페이스리프트!이건마치 내가 살빼려고 헬스시작했다가어설프게 물돼지와 근돼지사이의 그냥돼지가되었던것과 같군,2
394,랜드로버는 결함이 없는 차가 결함이라고...,32
395,여윽시. 믿.거.랜.,2
396,지금판매되는 차량은  차선이탈 기본 옵션사양이고  등급에따라 acc기능이 들어가있습니다. 잘못된 옵션애기로 다른분들이 잘못알고계실까 남깁니다.,3
397,내 참을성을 테스트 해보기 딱 좋은차량이다.,38
398,윤성로 대표의 랜드로버 사랑은 변태스럽죠. 시동이 꺼져 사람이 디질 수도 있을 것 같은데 그 단점을 커버할 만한 장점?ㅋ 그런게 있을 수 있나요? 타 브랜드라도 그렇게 넘길건가요?,2
399,"영국자동차들은 여저저기 팔려 다니면서,  연구기술개발 숙성이 되지 못한듯....",1
400,정말 이쁘긴한데...  내 운이 로또 1등 10번될 정도가 아니라면 엄두가 안날듯,1
401,랜드로버 차주들은 아침에 서비스센터에서 이미 봐서 점심에는 만나도 인사 안한다는 소문이....,41
402,항상 잘보고있습니다 포드 브롱코 리뷰해주세요,2
403,13:55 더러운 기름ㅋㅋㅋ 들어온 기름이 아닌가요??ㅋㅋㅋ,1
404,리뷰 좀 자주해라. 여러 리뷰어 리뷰를 보지만 니가 젤 낫다. 그리고 랜드로버는 빨리 비엠이나 벤츠에 팔렸으면 좋겠다. 그래야 차를 제대로 만들고 as도 잘될듯.,12
405,근데 이쁜거 빼고는 암것도 없는거라는건데..그냥 압도적으로 차가 넘이뻐ㅜㅜ내가 돈이 있으면 속는셈치고 한 번 사볼까 할 정도로 이쁨..,16
406,랜드로버 잘 하자..현기보다는 나은차가 되야지,5
407,차는 정말 이쁨니다 디자인만...,12
408,"예전엔 장점만 말하다가 이번엔 AS가 최악이란 결점을 분명히 밝히시니 사이다네요.글고 랜드로버,재규어는 영국브랜드로 유명하지만 이젠 인도차가 되었죠~",7
409,쏘렌토도 이번엔 없앴더라구요 허허허허렌지로버 급이군!!!!! ㅡ.ㅠ,2
410,"2.0L 준중형급 차량인데 연비가6~7? 아무리 가격이 비싼차량이고 돈많은 사람들이 타는 차이지만, 고급유 타고다니면서 기름값이 아까울수밖에",1
411,울 아파트 레인지로버 세대정도 타고다니던데 잘 만 타고다니는것같던데ㅋㅋ 그렇게 고장이 많나,3
412,ㅋㅋ역시 성로형 광고도 어썸티브 7초만 보고 오실게요 나가지마세요!,2
413,레인지로버는 언제까지 이 결함 들을 해결 안하는건지 못하는건지,1
414,ㅋㅋㅋㅋㅋ맞다 햄토리님 랜드로버 오너셔서 더 발끈하신 것 같네요 ㅋㅋㅋ,3
415,이거 거르고 E클래스로 가길 잘했네요 ㅋㅋㅋㅋㅋ,1
416,그어마어마한 단점들이있음애도 좋다는게 참 이해가 안가네요. 승차감. 고급스러움하나만으로. 타면서 만족도가 구렇개 놓다고요??,1
417,서비스도 그런데 차라도 잘만들자 !,43
418,난왜... gv80이 더 이쁜거같지...,1
419,13:54 자막이 잘못들어갔어요. '들어온' 을 '더러운' 으로 잘못 적으시는 바람에 일반유는 상대적으로 고급유보다 더러운 기름이 되버렸습니다.,3
420,어째 1세대가 디자인은 더 낫냐...이번껀 물 안새나요?,1
421,차고가 높아서 그런가..셀토스보다 훨 커보이는데..,1
422,플랫폼을 완전히 바뀌었어야 하네요.이도저도 아닌..,1
423,욕먹으면 오래산다고 해서 불로장생하고 싶으셔서 이 차 리뷰한거죠?살다살다 랜드로버 빨아주는 분은  첨보네 ㅋㅋㅋ방송에서 이보크를 잘 모르면서 폄하하시는 분들이 많다고 하셨는데... 랜드로버가 가지고 있는 프리미엄 SUV라는 이미지....다 좋은데....그 프리미엄 이미지를 누가 다 깎아먹었나요?작년 5월 신문기사 기준으로 이미 5조 5천억 적자를 달성해서 매각 시나리오는 난무하는 제조사....아니 차가 그렇게 좋은데 왜?  디자인 하나만으로도 충분히 살만한 차가 왜?,2
424,랜드로버 탄다 = 특급호구,1
425,까도 타고 싶은 이모부.,1
426,진짜 궁금한게 ....유튭만 봐도 진짜 잔고장 심하고 답없는 차라는 영상이 많은데 차주들은 타보고 얘기해라 탈돈도 없는 애들이 깐다. 이러고 누가 진짜일까요ㅋㅋㅋㅋㅋ 리뷰하는 분들이 거짓말 칠리는 없고,2
427,후륜 솔리드디스크 들어가는거 보고 좀 놀랏음..가격이 얼만데..,11
428,똑같은거 두대가지고있어야할차..,1
429,이보크는 스포티지정도 크기인데,1
430,이형 요즘 이야기하는 스탈이 진표형 탑기어할때 느낌이 묻어나..,1
431,외관 말고 좋은게 없다는거 같은데,1
432,마약왁스 종류가 뭔가요? 모트몰에 가보니 유리막같은거라구 하는데. 광택효과가 있는건가요? 제가 세차 초보라.. 조만간 구매 예정입니다,1
433,"아니근데 차를 검증도안하나? 어떻게 만들길래 잔고장,결함이 수입차가 저리많을수있지? 영국애들 기술력이 진짜 쓰레기인가",2
434,너무이쁜 이보크 가격만 천만원씩 다 깎아줘라,1
435,기름을 파악해서 노킹이 안일어나게 하는게 아닌 노킹이나면 노킹을 감지해서 점화 시점을 변경해 노킹이 일어나지 않게 하고 시간이 지나면 다시 원래 점화시점으로 다시 변경했을때 노킹이 또 일어나면 점화시점을 바꾸고 노킹이 일어나지 않으면 그대로 시점을 유지하는 방식 아닌가요? 기름 분석을해요? 내가 너무 옛날 방식을 알고 잇는건가;;,2
436,이보크는 처음나왔을때만 혹하고 그후론 왠지 정이안감....,1
437,오래된 차도 아니고 뽑은지 얼마 안되는 차가 오일 새고 냉각수 새고 하는건 잔고장의 범주가 아니라고 생각합니다. 비엠도 누유가 고질병이라고 하던데.. 쓰레기를 쓰레기라고는 차마 못하고 실더분들이 고질병이라고 애둘러 표현들을 하시는거죠. 살아 숨쉬는게 아닌 자동차에 사실 고질병이 어딨습니까.. 잘못 만든거지..,10
438,차량계에 블랙베리 입니다 이쁜쓰레기 레인지로버중에 제일 하급형이지만 2년타고 팔았는데 질리지않은 이쁨은있는데 경고등보면 질릴수밖에없게 만드는차,1
439,아니 랜드로버가 바보도아니고 48v 뺼이유가 있었겠지. 딱생각해보면 답나옴 48v 그거추가하면 1년에 as 5번갈꺼 10번가야해서 뺀거.,1
440,세대가 넘어갔는데 무게가 늘어나는차가 있다?삐슝빠슝,1
441,절대 사면 않됨2년에4번 퍼짐퍼진지 2개월이 되어도원인을 모름,1
442,내다버린 8천 ㅋㅋㅋㅋㅋㅋㅋㅋㅋㅋㅋㅋㅋㅋㅋㅋㅋㅋㅋㅋㅋㅋㅋㅋㅋㅋㅋㅋㅋㅋㅋㅋㅋㅋㅋㅋ,1
443,100kg이무거워졌다가아니라100kg만무거워졌다ㅠㅠ,1
444,이 차 리뷰 들어와서 까는 분들은 랜드로버에 대한 어떤 관심과 미련 때문에 아까운 시간에 여기와서 댓글을 달고있나요? ㅋㅋㅋ돈없어서 사고싶은던 못 사는건가?,1
445,타보면 안다  얼마나 스트레스인지,28
446,근데 영국차는 돈아쉬울거 없는 사람이 타는거라고 했음 ㅋㅋㅋㅋㅋㅋㅋㅋ,1
447,동네 돌아다니고 아이들 픽업용으로 쓰다니 ㅜ,1
448,아무리 들어봐도 디자인 말고는 차 존나 못만들었다. 안전성도 럭셔리급이 아니라 일반수준에 도달했다. 진동등을 잘 잡았다고 하는데 무게 상승생각하면 기술력 그지라는걸 입증하는거 같다. 동일 조건일때 무게로 감쇄값 올린거 밖에 못하는 기술력,1
449,정비뭐.. 그런 문제가 있는건 알지만..세컨드.차량으로 지금 3개월타고 있는데.. 아무런 이상없고 잘타고 다녀요그리고 랜드오버 차량 아예깔려고 만든 영상 같아서 속상하네요,1
450,"아무리 빨아줘도 쓰레기인것은 안바뀜,,, 차값에는 완성도  및 서비스품질도 포함된 것이고, gv80 결함이 쓰레기라면 렌지로버는 비싼 개쓰레기,  인제니움엔진도 사골인데 오일이 센다는 것은 연기 못하는 외모만으로 출연료 비싼   연애인일뿐,,,,디자인은 예전 디자인이 독보적이고, 신형은 비만한 엉덩이로 샤프한 맛도 안보이고 느려터져보임,,,,",6
451,벨라도 해주세요..가솔린,1
452,한마디로 모든걸 용서하고 포용해주고 이해해줄수 있는 사람만 사라.  난 그만한 인성이안되니까 패스.,1
453,디스커버리 스포츠 이쁘던데구형,1
454,차를 못만들면 서비스라도 좋던가뽑기 잘하면 고장없이 잘타기는 하는데몇천만원에서 억대차량을 뽑기라ㅡㅡ이건 아니지 않나 한다그런데 21년식 차종부터는 다타ecu가아닌 lgecu가 들어간다 합니다,2
455,영국차는 영국음식과 같은 존재임,40
456,랜드로버 비싸고 문제많은 인도차임!!!,1
457,성로형 운중동 살아요? 맨날 서판교에서 찍으시네 ㅋㅋㅋ 저 살던곳인데.. 밟을곳 참많죠,1
458,아직까지도 게선이안되서 나오는군 이쁜쓰레기ㅜㅜ,1
459,폭이 얼만데 셀토스급이라 하긴 ...좀,2
460,쌍용차 티볼리로 반짝 살아나듯 이보크로 반짝 살아나던차 이보크로 패망하나요...아 둘다 인도회사네...,3
461,"영상 13:55, 부분에 '들어온' 인데 '더러운' 으로 잘못 표기된듯합니다...편집하시는분이 국어 독해력에 문제가 좀 있으신듯... 선비질 이라고 생각하겠지만 이런 작은부분의 실수들이 모여 제가 좋아하는 모트라인의 수준을 떨어트리는 요소가 됩니다. 마치 예전 모트라인의 그...사기꾼 노모씨 막말하던 시절과 같이 폄하될까 걱정됩니다.  편집자 의 좀더 세심한 주의가 필요할것 같습니다.",1
462,결론 : 마실용 SUV에 강호동을 태워놨습니다!,2
463,레인지로버.재규어는 전시용차타는동안 절반이상은 센터에 주차되어있는 모두가아는고치다가 끝나는 차!알면 쫌 그돈주고 사지마라믿고거르는차  레인지로버.G80.GV80.싼타페.팰리세이드.셀토스.그렌져...??어라?국산이 더많네 ㅋㅋㅋㅋㅋㅋ,1
464,신형 이보크는 정말 안보이던데,1
465,저렇게 문제많은차를 도대체 왜사는걸까? 이해가안가네,1
466,차1대팔아   포드먹고  타타먹고   재규어랜드로버  먹어야되니품질  떨어진  고급화전략만  한거,9
467,알아서 잘 써요 ㅋㅋ 광고 그만좀 넣어요 ㅋㅋ,1
468,있는데 구형제네시스 200kg 늘어났었지 않나요,2
469,관상용 화초같은차,6
470,와 이영상을 카와우가보다니...ㄷㄷ,2
471,얘는 항상 리뷰를 하는 것 같지 않고연기자가 꿈인 것 같지?,1
472,진심 차이뻐서 눈갔다가 잔고장 as문제때문에 절레절레 한차 진짜이뿐데  그런대 자동차 모든 브랜드가 똑같아서 살차가 없는 ㅜㅜ 그리고  풀체인지였는데 똑같은거는 한국에도 있었죠^^ k5ㅋㅋㅋ,1
473,제네시스 bh에서dh로넘어갈때 100kg증가 하지 않았나요? ㅋㅋㅋㅋ,1
474,차같지도 않은거 완전 비싸게 팜,1
475,레인지로버는 오일누유 결함에도 죽자고 달려드는 사람이 없네요?   이미지고착화인가?  혹시 현기도 이거 따라하는거 아냐?,1
476,성로형 토크 단위 계속 그렇게 쓸 거야? ㅋㅋ 나름 메이저 차량 유튜븐데 민망하다 ㅠ,8
477,6~7kg/l ??,2
478,제네시스가 저 따구로 나왔으면 진짜 개같이 까였을텐데...,1
479,8천만원주고 bmw6gt사세요 ~,1
480,엔진오일  줄줄새는데....감수할만큼 좋단다.....그지같다...리뷰.....,6
481,진짜  돈값 못하는차~,1
482,얘네보면 현기는 양반인것같기도하고..,8
483,큰맘먹고 8300주고 샀다가 정확히1년 타다 ㅅㅂ 더애기않할용기도 없다,1
484,진짜 사고싶은데 as때문에ㅜㅜ 못사고 있어요,1
485,연비 kg 아니죠 km 죠 ㅎㅎㅎ,1
486,이건 패스하자 인간적으로 너무 개판임 서비스,1
487,한문철티비인줄 ㄷㄷ,1
488,진짜 사기싫다 ㅋㅋㅋ,2
489,트렉리뷰는 이제 안하나요?,1
490,모트라인 노사장 떠나고 새로운 분이 모트라인으로 운영할때 관심 가져 시청했습니다.시간이 꽤나 지나고 더좋은 모트라인 이라고 생각해왔는데..요세는 레인지로버 영상이 나오니 보기 싫어지네요..보기 싫으면 가라고 하시면 가겠습니다..그렇게 한분씩 사라지겠죠..,1
491,저거 살빠에 gv80 백번천번살랭ㅋ,1
492,8천만원인데 1인승 suv네 엌ㅋㅋㅋㅋㅋㅋ,1
493,???: 조선의 이보크가 있다고?? 제가 영국의 셀토스입니다..,1
494,처음에 오일 누유 시동 꺼짐을 참을 수 있다 ??차 리뷰하는건지 미술품 리뷰하는건지 모르겠네,2
495,다른 리뷰에는 마일드 있던데,1
496,이영상을 랜드로버코리아에서 대응좀 해주시지요. 제발 쫌!! 일좀해요 !!,2
497,엔진오일 새는 것부터 참고 시작한다고?.? 내 상식으론 이해가.......,1
498,7초 광고 맘속으로 숫자생각한사람 손... 전7...6..5셋네요 ㅋ,4
499,부자들의 차.,3
500,누가 영국차 타노^^ 특히 이보크 이런 잡종류는 타지말아야지지금 좋은 SUV많은데....포르쉐 강추합니다!,1
501,무슨 중국차도 아니고ㅋㅋ 현기보다 품질이 떨어지냐,1
502,이형 보수우파가 확실하다. 노사장의반대니까 ㅋㅋㅋㅋ,8
503,유튜브 레드 쓰는데... 광고가 갑자기 ..ㅋㅋㅋ,4
504,앞에 주저리주저리하는 거 보니 거지 같은 차가 맞네요.참기는 뭘 참아요. 호구지.,2
505,영국꺼는 모자랑 우산빼고 사는게 아니라능,2
506,그냥 저 차만 봐도 눈 아프다 ㅈ 같이 만드는 차 왜 만드는지 몰라 갮들,1
507,뭐지 마약왁스 광고를 더 보고 싶은 심리는??? 마약광고답네요 >_<,2
508,한마디로 존나 비싼 이유가 컨셉트카 그대로 나와서 그런거네  품질은 그지같다,1
509,말씀을 종합해보면....예쁜 쓰레기네요,1
510,"사이즈 대비 가격 비교는 뭐니..람보,페라리는 넓어서 비싸니?",1
511,장래희망: 또치감독,1
512,아이구...이건 뭐...티코보다 내구성이 약하네.,1
513,저가격대차 쓸만한거많은데 왜굳이 렌지로버를사는지 노이해,2
514,이쁜건 존나게 이쁘다.,4
515,사주는게 문제인거임..,2
516,솔직히 말해주세요.구입 해야될까요? 구입하지 말아야 될까요?  개인이 선택하세요 이런말 말고요.,1
517,안봐도 알거같다 성로형 화조금냈을거 같다,5
518,4000키로 짜리 신차가 엔진오일이 새고 냉각수가 새고 서비스센터도 숏같은데 랜드로버는 좋은차임? ㅋㅋㅋㅋㅋㅋㅋㅋㅋㅋㅋㅋㅋㅋㅋㅋㅋㅋㅋㅋㅋㅋㅋㅋㅋㅋㅋㅋㅋㅋㅋ 이거는 무슨 사이비 광신도 같네,1
519,재규어랜드로버 2019년에 5조 적자나서 모기업 휘청했었어요. 인도 역사이래 단일기업 최대 적자라고 하더라구요. 이래저래 공격적인 투자을 할 여유가 없을겁니다. 그러니까 돈 많이 드는 플랫폼 재탕하고 돈 적게드는 디자인만 손봐서 내놓은 거죠. 지리가 볼보를 2조에 인수했는데 랜드로버는 연간 적자가 5조라니... 모기업이 매각해버릴거란 소문도 계속 나오구요.,9
520,윤성로가 참겠지뭐,1
521,아직 랜드로버 팔고있네,1
522,목숨걸고 타야 하는 랜드로버네. 개쓰레기차 ㅋㅋㅋㅋㅋㅋ,1
523,조수석 구멍난 구두사진 누구인가요? ㅋㅋㅋㅋㅋㅋㅋㅋㅋㅋㅋㅋㅋㅋㅋ,1
524,왜 가격대비 사이즈로 비교하면 안되는데? 금 발라 놨어?? (인도로 넘어간) 영국 차라서??,1
525,이쁘고 고급스럽고 승차감 머 이런거 다떠나서 기본이안되어 있습니다 엔진오일하나만 센다 해도무조건 걸러야 하는 차인데 물새고 시동도 꺼진다?답이없습니다 안사야합니다.,1
526,3:23초에 일본은 안보이네요ㅋㅋ,38
527,그냥 이쁜 쓰레기~,1
528,10:37 음? 지나가는 거지를 태운건가요?ㅋㅋㅋㅋㅋㅋㅋ구멍이 ㅋㅋㅋㅋㅋㅋㅋ,1
529,이보크의 장점이 디자인빼고 뭐가 있지?조수석 2열 공간도 쓰레기 가격  쓰레기 as쓰레기변속기 쓰레기뭐가 있을까?,4
530,그냥 비엠한테 먹히셈ㅋㅋ,6
531,이건 버튼 잘 눌리나보네.. 졸라 성질내면서 누르지 않네,1
532,홧병나서 못탈듯,2
533,휠이 싼타페TM휠 아닌가,1
534,사던지 말던지 왠 참견 ㅋ,2
535,애썼네요 ㅋㄷ,1
536,이보크를 누가8천에사 할인 이빠이때리는데,1
537,"랜드로버그룹 제 개인적인 생각인데 인도그룹 타타가 들고있어서 저렇게 생산제대로 못하는거같아요.... 믿고 거르는 인도, 중국산...",2
538,8월 9일까지 이벤트중!! 철분저격수 잘가~ http://naver.me/xWoRF6Lk모트라인 엔진 핸드폰 케이스 ~ http://naver.me/FveyR843,8
539,엔지 .미션 오일누유 있는차는 최악이지 먼 장점타령,1
540,너나사라,1
541,노적노 신작은 언제쯤?,18
542,아니 보그는 시동 7번꺼져도 참고타고 있는옵션 제대로 작동안해도 참고 탈만큼 좋다고 빨더니 갑자기? 태새전환 오지네 ㅋㅋㅋㅋㅋ,3
543,마약왁스 어디서사유?,1
544,얘네들 왜 정신을 못 차리는거지?? 차 좆같은데 장점도 많으니까 살 사람만 사라 이건가??????,1
545,호구들이 타는차 랜드로버,2
546,이쁜 쓰레귀~~~~~,2
547,이게 이쁜가ㅠ 특히 컨버모델은 욕조에 바퀴달린 것 같아요..,4
548,성로형 이번편은 좀 심했다 랜드로버팬보이네 완전다른 브랜드가 엔진오일 누유있었으면 아주 가루였을텐데,2
549,형 sm6 해줄꺼지..?,1
550,와이프는 한명 랜드로버는 두대,1
551,이중적이시네,1
552,24:31,1
553,제목 장난치냐..ㅋㅋㅋ셀토스랑비교냐,3
554,목 나오는거 봐라 거북이인줄알았네 ㅋ,1
555,소유해보지 않은 것들이 더 ㅈㄹ하는 차,10
556,모든 자동차회사 서비스센타는 다 개판이다.왜?다 한국사람이 근무하고 한국사람이 대응하니까.그 사람들은 왜 그렇냐고?현기보고 배웠겠죠.,1
557,"신형 이보크 d180 r다이나믹 차주 입니다 퍼스트 에디션 차량을 가지고 리뷰하신 이유가 궁금하네요 출시 직후에 리뷰하신것도 아니고 일년정도된 시점에서 하신거를 봐서는 까려고 일부러 그러신건지 아니면 절대 그럴일 없겠지만 차량에대한 조사나 트림에대한 이해도가 낮은채로 그냥 하신건지...왜냐면 지금 판매하지 않는 모델이고 정식 판매 모델과 차이점이 다소 있는것으로 압니다 정확히 나열 할수는 없지만 48볼트 마일드 하이브리드, 차선이탈방지가 정식판매 모델에는 있구요 퍼스트에디션이 어떤 목적으로 판매되었던 것인지는 상세히 모르나 정식판매 모델과 차이가 존재하는것이 사실이고 이부분에 혹시 구매예정이신분들께 혼동되지 않도록 수정 영상이 필요할듯 합니다 원하시면 제 차량 협찬 해드릴게요 그리고 제 차를 보신다면 말씀하신대로 한대 사셔야 할듯 합니다 ^^.          (수정 추가)자동차 구매를 위해서 어느 차량이던지 기능이나 장단점을 객관적으로 파악하시려고 유튜브를 보시는 분들은 모트라인은 볼필요없습니다 김한용님이나 장진택님 또는 카가이 영상 보시는게 객관적이고 디테일한 정보가 훨씬 많습니다 차라리 아에 재미는 카진성 보세요 모트라인 윤성로님은 자극성 등등 때문에 보는거니까요 이번 영상 뿐만아니라 거의 모든영상이 그래요 화내고 자극적이고 격앙되고... 그래야 조회수 장사가 되니까 객관성과는 조금 거리가 있습니다 물론 일반인보다 지식은 많습니다 그래서 개인채널(주관적) 일수도 있구요 제 말의 핵심은 구매전 관심차량 리뷰를 보기위한건 이집은 맛집이 아니다 라는겁니다",5
558,솔까  프리미어 suv 이름 잃은지  오래!!,1
559,이렇게 오너가 직접 문제점을 말해도 랜드로버는 타봤냐 차 살 돈은 있고?이러면 감가 방어 하려하는 오너들인지 부모님이 랜드로버 타는지 커버치는 애들있는데 그러니까 개돼지 호구 소리 듣는거야 진짜 1억초중반 suv중에 내부 인테리어 갑이라 생각하고 실제로 가서 시승하면 사고 싶어지는 차는 맞는데 결국은 그나마 고장덜한 독3사 가는게 현실,1
560,뭐가 덜덜 거리네요 계속,1
561,똥차...,1
562,가짜 리뷰어 인가요?,1
563,15:17 더러운 -> 들어온,3
564,거지같은 차를 왤케 빨아,1
565,광고는 더럽게 많이 넣어놨네,1
566,오 쓰레기차량이네요ㅋ,2
567,혹시 결혼 안하셨거나 아이 없으신가봐요 ^^;;;; 충돌 안정성도 부족하고 엔진오일 줄줄새는 차에 아내와 아이를 태우고 싶다고요.........아내가 디자인 보고 혹해서 사달라고 조르면 마지못해 사주면 몰라도요...,4
568,이거 예쁘다는 년들이 대부분 티볼리도 예쁘다고 하더라 ㅋㅋㅋㅋㅋㅋㅋㅋㅋㅋ,5
569,"본인,와이프 용으로 두대 구입해서 두대다 입고 되는 차가 (제 지인분이 실제로 이럼)얘네 차입니다(둘다 보그) 두대 굴려도 절대로 유지 못함말씀하신 미니 ,롤스로이스는 영국 마크만 달고있는 독일차입니다 (구동계가 독일껀데요 뭐)영국 관련 속담이 있는데 '영국 산은 모자만 빼고 모든것이 고장난다'사지마세요 뼈대고 특성이고 플렛폼이고 승차감이고 간애 얘네는 안됨현대 보다 더 한 2억 짜리(보그 경우)사는 사람을 '돈많은 등신'이라고 하는겁니다그 두대 입고 시키신 분이 어떻하냐고 저한테 묻길래'현 한대 사면 흑우고 두대사면 병-신 이니까 이왕에 세대사서 개-등-신이 되는거야 어때?' 라고 진지하게 (웃음기 싹빼고 진짜로 )조언해드렸습니다이런 쓰레기 사시는 (등신)분들이 입에달고 사는 말이 '차는 참 좋은데'뒤에 as가 어떻다는 둥 하는 말을 하시는데출고품질 ,운행품질,사후관리 가 조화가 이루어 져야 '좋은 차'가 되는겁니다'일단 됐고 승차감이 참 조으다' 라고 하는건 좀 정신나간 생각이에요진짜 차를 소유 한다는거는 그 차를 운행하고 폐기 하고 괜찮았다라고 생각하는 정도는 되야 한다고 생각합니다그냥 랜드로버는 거르세요 니가 타보고 그러는거냐 라고 하실까봐 보그는 이전세대 까지 포함해서 빌려타고 얻어타고 (물론 제 정신으로 이걸 사질 않을꺼라)한 두어달 타봤는데운행하다 계기판이 꺼지는 경험은 정말 처음해봄 (그래도 굴러는 가드라구요)다시 말씀 드리지만 사면 후회하실 겁니다",6
570,- 대표번호 1899-5875- 홈페이지 :  http://www.a1auto.co.kr/- 블로그 : https://blog.naver.com/tjqorfh12- 오픈카톡 : https://bit.ly/2CbEoxN- 이메일: a1auto1@naver.com,2
571,레인지로버 시리즈 중에선 하드(hard)한 승차감을 갖고있다고 들었는데 그럼에도 불구하고 배타는 느낌이 드는군요!,4
572,단점이 많아도 타보고싶다,4
573,디스커버리5에서 벨라로 넘어온 실차주인데 전체적으로 장단점은 영상과 같은생각이네요단점이 영상에서도 말씀하신거처럼 메인 인포테이먼트 컴퓨터가 엄청 구립니다 반응 늦은건 뭐 당연하고 오류툭하면 뜨고 후방카메라 영상출력안되고 카플레이나 안드오토도 유선인데 뻑하면 연결안되고 개쓰레기수준이딴게 1억넘는차량이라니 소리 허구헌날나옵니다 그외에 a/s 센터 대한건bmw 벤츠 랜드로버 이렇게 3브랜드 타봤지만 비엠 벤츠도 빠르면 1주일 보통 2주정도 아주 길어야 한달잡히는데 랜드로버는 기본 최소 1달 평균 2달후 입고예약잡아주고 개판에어드바이저들 하자에대해서 상담해도 원래그래요 원래 이런겁니다 이말만할줄아는 앵무새들임 참고하시길 ㅋ,4
574,멋져요. 누가 뭐래도 본인이 만족하면 그만이요 ^^,2
575,좋은 정보 감사합니다,3
576,승차감 배타는 느낌 최고의 표현인듯구입하신다면 승차감은 포기하고 타야 될듯…시트 좁고 딱딱합니다.결함 별로 없고요 AS 문제 없어요재규어랑 센터 운영 같이 합니다두 브랜드가 한번에 몰려서 그래요서비스 괜찮아요전자장비가 큰 오류는 없는데반응오류 반응속도 딜레이 있어요. 전자장비는 진짜 별로예요시각적으로 실내외 디자인 보고사시는 분이 가장 많은 차 입니다그리고 차 뒤에서 보면  소형 SUV 같아요저는 오늘 팔았습니다~.~ 감가 500 띠딩~영상 잘보고 갑니다~,5
577,승차감이 없다면 문제 아닌지,2
578,잖고장은 많은가요??,1
579,직업이 뭐유,3
580,외관 디자인은 진짜 제 취향저격이네요 좋은 시승기 잘보고 갑니다! 요즘 장마철이라 테스트 하실때 고충이 있으실거 같아요 ㅎㅎ,1
581,한상기님 리뷰는 c class 때부터 봐왔는데 그때에 비해서 카메라 구도와 화면 멘트가 많이 자연스러워졌고 유연해졌네요. 항상 캔커피를 자주 드시고 파주 문산읍에서 자주 시승하시는 한상기님 혼자 편집 촬영하시는거 같은데 처음에는 블로그 영상 정도 수준이었는데 그래도 준 리뷰프로그램 정도로 영상이 발전해 나가는 모습이 좋습니다. 리뷰 애청자로 팬으로 응원하고 있습니다.,2
582,정말 잘보고있습니다 ㅎㅎ 항상 힘내세요!,3
583,리뷰 잘 봤습니다. 디테일한 설명 좋네요. 그리고 장소가 반구정이네요 ㅎ,1
584,제가 파주 살아서 그런지 길들이 참 낯익네요...ㅎㅎ 이보크가 생각보다 차가 큰듯한 느낌이네요..소형 suv라고 생각했는데 말이죠.,1
585,갈수록 변화되시네요내용이 초반에 비해 풍성하고필요한 정보만 쏙쏙 뺀느낌입니다.영상잘봤습니다~,1
586,리뷰가 섬세해서 좋아요^^*,1
587,스펙에 비해 가격이 상당하네요... ㄷㄷ,13
588,이보크 가지고 싶네요 .화이트시승차 색상이 조금 아쉽네요. 갈수록 멘트가 좋아지십니다^^  잘보겠습니다. 추천드립니다.,1
589,차 디자인은 상당히 좋군요ㅋ 디자인 때문이라도 괜찮은것 같네요. 뭐 살 돈도 없지만요ㅋㅋ 잘봣습니다^^,1
590,"이 차는 마칸이나 BMW x4하고 많이 비교하던데 가격대가 비슷한거 말고 동급은 아닌거같네요. 흔히 디자인 좋고 성능이 기대 이하이면 패션카라고 부르던데, 또 그렇게 말하기엔 세부 디자인이 아쉽게느껴집니다. 특히 영상 초반에서 큰 디자인은 직선을 시원하게 잘써서 짜임새 있는데 세부적인 버튼 디자인이나 폰트에서 마무리가 아쉽네요. 또 수납공간을 보면서 자꾸 실용성이 떨어진다는 느낌도 받았습니다. 아우디 q5하고 비교하자면 이건 좀 둥글둥글하니까 다른 맛이 있지만 실내 마감이나 짜임새는 훨씬 낫거든요. 그리고 디젤 대 디젤로 봐도 주행성능은 8단미션이라 엇비슷하고, 영상 후반부에 가솔린 경험이 좋았다고 하시는거보면서 아우디 가솔린 모델과 대동소이한거같습니다. 아우디를 특히 좋아하는건 아닌데 ㅎ 길게 글을 남기는 이유는 값이 너무 뻥튀기 됐다, 그말이 하고싶어서네요.ㅎㅎ 브랜드 가치다 라고 생각하실 분들도 계시겠지만요, 이 값에 마칸/ 엑스포 하고는 또 동급은 억지같습니다 ^^ 시승 너무 잘봤습니다. 빗길안전운행하시구여~",1
591,투싼 1.6 터보 계획은 없으신지 궁금해요. 매번 리뷰 아주 흥미롭게 잘 보고 있습니다!!,1
592,역시 한상기님 ㅎ 언제가될진몰라도 캐딜락 에스컬레이드시승기도 볼날이 오겠죠?,1
593,대시보드가 책상같이 뉘어져 있는게 보기 이쁘네요 편안하고 탁 트여 보이고요,1
594,운전을 잘하시네요  ㅋ,1
595,디스커버리 스포츠랑 둘중에 비교한다면 어느 차를 추천하시나요?,1
596,예쁘긴 정말 예쁘네요 영상 잘봤습니다!,1
597,"이제 장마철이고 태풍하나씩 올라올텐데 그러면 지금보다 시승기가 띄엄띄엄 업데이트되나요?그나저나 이보크 실내가 생각보다 플라스틱이 많은 듯하네요. 그래도 비싼 값때문에 가죽,메탈소재나 우드트림으로 꾸밀줄 알았는데...",1
598,시승기 잘 봤습니다. 혹시 랜드로버 다른 모델도 시승기 하신 것이 있나요? 찾다가 못 찾아서요,1
599,볼때마다느끼지만 직업 참 부럽습니다,3
600,"항상 좋은 영상 감사합니다^^관련없는 얘기지만,, 맥라렌 570s 시승해보셨나요??현재 991 4gts 타고 있는데 꽂혀서....우라칸이랑 저울질하다 쌀벌한 가속력과 위로 열리는 도어에 꽂혀서 계약했는데 잘한짓일까요ㅠㅠ",1
601,정말 맘에듭니다. 이보크는 얼마나 할지..ㅎ,2
602,영상 잘 봤습니다.o^^o,1
603,컨버터블 시승기 부탁합니다 ~~,1
604,사구 싶따요 잘 볼게요,4
605,이보크 1세대 16년식 솔직히 어떠신가요?,2
606,잘 봤습니다. 라이크누릅니다.궁금한게 하나 있는데 비머 랜드 벤츠 혹은 타 브랜드포함 suv 타본것중에 이차는 참 괜찮다고 생각하는 차가 있나연? 있다면은 어떤 브랜드 어떤차인지 궁금하네연^^,1
607,이차량이랑 520d 고민되네요ㅠㅠ,1
608,아우디 tts는 잇는데 아우디 tt는 없더라구요 ㅠㅠ 자세히좀 알고싶은데 시승해주세요!!! 항상 재밋게 잘보고있습니다 ㅎㅎ,1
609,제 차는 아니지만 아버지가 이 차를 뽑으셔서 재미좀 보네요 ㅋㅋ,1
610,x3와의 운동성능은 어떤가요? 물론 최고속도는 x3가 높겠지만 150이하에서의 주행안정감 이런 측면에서용.질문이 많아서 죄송합니다.,1
611,돈있어도 이 차는 안탈거같아요디자인 빼고는 메리트가 없다고 느껴집니다 ㅠㅠ 이따 집가서 보겟습니다,3
612,차 가격에 들어가는 돈이 대부분 스펙보단 디자인이라는 농담까지 나온 차..ㅎㅎㅎ이 차를 사기위해 들어가는 돈이면..더 좋은 스팩에 차가 많아서 선택 폭이 엄청 많은...아이러니 한 상황이 생김..,1
613,영상 잘 보고 있습니다.  사프드 패드 사용법 알려주심 감사하겠습니다. 영상으로.,1
614,설마...통풍시트는 있겠죠?!,3
615,처음 한상기 님 시승기를 볼 땐 말을 더듬거리시는거랑 1인칭 시점이 되게 불편했는데 .. 요샌 잠 자기 전에 자꾸 생각나네요 .. 많이 해주세요,2
616,잘볼게요~,2
617,운전할 때 제발 깜빡이좀 켜주세요,1
618,투싼 1.6터보가 궁금합니다,2
619,ㅋㅋㅋㅋ 기어레버 폼은나죠,4
620,프린랜더치고 너무 비쌈... 디자인만 최고,2
621,"포르쉐 행사에서 이다일, 김한용기자가 한상기 선배가 뒤에서 계속 똥침놓는다고 머라고 하더라구요 ㅋㅋㅋㅋㅋ.",1
622,시승기 잘 보았습니다... 근데 넘 조용조용 말씀하시니 보다 깜빡 잠들었어요..ㅡㅡ;;,1
623,이보크 이번에 사려는데 주위에서 말리네요,4
624,좁은 도로에서는 쫌 천천히 달립시다!!!!!!!!!!!!!!!!!!!!!! 골목에서 이런차 확지나가는거 보면 세워서 떄리고싶음,1
625,저는 다음주차나옵니다,2
626,감기 걸리셨나요?? 목소리가 바뀌셨어요 ㅠㅠ,2
627,차값이 심각하게 비싸네,2
628,저의드림카...ㅠ,1
629,랜드로버가 차는 좋은데...가격이 항상..너무 비쌈..영국놈들 특유의 비쌈이 후덜덜..ㅡㅡ;;,3
630,말을 많이 더듬어서 듣기불편,1
631,좀 재밌게 가자 ㅆ,1
632,말을너무 버벅거리세요 답답해영,1
633,저거 살빠에 수입차줌 돈 아끼고 멋나고 부품 수급 쉬운 티구안을 고를듯;;,1
634,가죽쓸리는소리가 거슬리네요,1
