,comments,likes
0,요즘 디펜더 디자인하고 컨셉에 꽂혀서 디펜더영상만 찾아다니는데 오토뷰에서도 디펜더를 다뤄주시는군요..어반팩으로 한대 사고싶은 심정입니다 ㅋㅋㅋ(3리터 가솔린터보가 들어와주면 좋겠습니다)영상 감사히 보겠습니다,7
1,고장이고 뭐고간에 디자인은 진짜 이쁘다,19
2,백미러 크기가 어마어마 한거보니차 크기가 정말 큰가보네요 ㄷㄷ,1
3,이런 디테일한 리뷰 넘 좋아여..디펜더 오너로서 잘봤습니다..^^ 구독했습니다.,1
4,디자인때문에 사야하는 차 가다서든 말든 넘 이쁘다,10
5,오토뷰에서 디펜더 리뷰를 드디어 보게되는군요.언제나 퀄리티 넘치는영상 잘보겠습니다.,8
6,오 이건 크리스마스 선물인가요? 크리스마스에도 열일하시는 오토뷰! 내년에는 더욱 더 흥하시기를 기원합니다! :),6
7,무게비슷한 디스커버리4 3리터 디젤 제로백이9초중반인데 이녀석은 2리터엔진임에도 꽤나 빠른편이네요,3
8,"일단 약간 각을 줬던 이전 모델들의 디자인과 달리 모서리의 각도 부드럽게 다듬었고, 전체적으로 차의 디자인이각을 줄이고, 부드럽고, 단순 깔끔한 디자인으로 바뀐 느낌인데요... 전 개인적으로 2도어의 숏바디 모델에 관심이가네요...",1
9,어느새 구독자20만이 다되어 가네요. 하지만 리뷰퀄리티나 원조 카리뷰의 명성에 비해 턱없이 부족 합니다.^^ 100만 구독자를 위하여~~,3
10,"공도에서 본 뒷모습은 생각보다 크고 세련된 느낌, 매장에서 본 실내인테리어는 프레임 강조된 간결한 느낌가격이 조정되었으면 하는 아쉬움, 프모가 들어간다면 분명 판매량이 늘것  선뜻 구매하기엔 어정쩡한 포지션, 활용도 보다는 크고 이쁜 패션 오프로드카,브랜드 공신력도 발목,,",2
11,온로드에서 귀여운 맛에 탈 수 있는 최고의 차,1
12,깜찍하게 생겼네 하고 보니 5미터가 넘네요...ㄷㄷㄷ  저거타고 시원한 야외에 나가서 프라모델 도색하면 좋겠네요~^^,2
13,역시 리뷰는 기태형님 ㅎㅎㅎ,2
14,팰리세이드보다 크다니..실제보면 진짜 듬직하겠네요,1
15,색깔이 이래서 그런가 엄청 멋있어 보였는데..,1
16,정확히 짚어 주셨네요.. 맞습니다. 1천만원은 내려야 한다고 생각합니다.일본하고 가격을 맞춰 줬으면 좋았을텐데.. 꼭 구매 하실분들은 1천 할인 할때까지 기다렸다 구매하시는것이현명 할듯 보입니다.(적어도 700) 국내 소비자 입맛에 맞는 SE 모델의 할인은 빨라야 2021년 말일테고.. 옵션이 빠진 S 모델의 경우는 21년 3월경에 할인을 좀 할것 같습니다. 현재 얻은 정보에 의하면 21년에는 가솔린 모델만 들여온다는 정보가 있어서 더욱 구매가 어려워 질것 같습니다.현재의 가격으로 구매하는것은 그냥 호구가 되는것이라 저는 포기!,3
17,디자인은 작아보이는데 5미터가 넘는 큰차였네요,2
18,궁금한게 있습니다~  요즘 디지털계기판으로 바뀌면서 그런거같은데 속도계가 왼쪽 알피엠계 오른쪽으로 바뀐이유가 있나요?,1
19,크기는 겁나크고 무게는 준중형 2배... 코너에서는 휘청휘청.. 심장병걸린 엔진... 한국사람들 묵직하다며 좋아라할듯.,1
20,"행복한 크리스마스 되십시오 오토뷰, 오토뷰 시청자분들! 즐거운 연말되시길 바랍니다. 내년에도 좋은 영상 부탁드립니다",9
21,디펜더는 진짜 끌림,6
22,오토뷰 최고!,4
23,저 감성을 언제쯤 이해할수있을까,1
24,뒤에 스페어타이어 달려 있는거 뭔가 상남자 느낌리라 갠적으로 디자인만은 좋음.!!,1
25,잘 봤습니다. 가방 멘 쏘울 같은 느낌적인 느낌이네요. ㅎ,2
26,디펜더는...랜드로버 중에서 고급지거나 세련된 이미지를 기대하지 않는 포지션이었는데...디스커버리를 레인지로버급으로 올리면서 그자리를 차지했다는 느낌이 강하네요.옵션을 더 빼고 랭글러나 브롱코처럼 튜닝의 여지를 더 많이 남겨줬으면 좋았을텐데,1
27,그놈의 개차반같은 품질과 사후서비스로 적자를 면하지 못하고 있는 랜드로버 ㅋㅋㅋㅋ솔직히 자업자득이죠. 오늘도 좋은 리뷰 잘 봤습니다!,2
28,LCD 계기판은 시인성이 좋은것 같습니다.,1
29,비싼 디펜더로 오프 뛰기는 ㅎㄷㄷ,11
30,"기태형님이 산타클로스 였네.선물같은 리뷰, 고맙습니다!메리크리스마스 ~!",7
31,최고네요 디펜더 ㄷ ㄷ,1
32,에어서스펜션 지금 20014년형 레인지로버 보그 가솔린 타고 있는데 그정도 속도 나옵니다. 영상으로 봤을 때 딱히 빨라졌다고 느껴지지 않고 실제로 느리다고 느낀적도 없네요,1
33,suv 기술력은 세계 원탑이죠. 좋은 평가를 받는 현재의 bmw x시리즈를 있게 만든 장본인...,4
34,쏘울인줄... 근데 무겁고 크네요 ㄷㄷㄷ,3
35,2.5톤이 8초대면 엄청 빠른거네요. 저차가 0-100은 의미는 업지만서도,2
36,ㅋㅋㅋㅋ 김선웅 기자 입에서 '후지다'는 얘기가 나오다니 ㅎㅎㅎㅎ  바른생활 사나이 이미지였는데 의외의 귀여움 ㅎㅎㅎ,4
37,클스마스에도 업로드를 해주시다니...마음이 따뜻해지네요.,8
38,랜드로버는 전자장비 오류가 워낙 많이 이슈가 되서 그냥 봐도 믿고 거르는 차라고 들었습니다. 이쁜 쓰레기...,1
39,쏘울을 저렇게좀 만들어줘봐...바로사준다,1
40,한2년후 브롱코스포츠랑 비교시승기  기다리겠습니다.,2
41,하고 싶은거만 하며 살순 없죠.. 고생하셨습니다.,1
42,영상 잘 보고 있습니다 크리스마스 잘들 보내고 계시죠들?~,2
43,"쌍용차 렉스턴 리뷰 부탁드립니다. 늘 감사합니다. 상대적으로 르노, 현기는 상대적으로 업데이트가 빠르단 느낌은 받습니다.",1
44,실제로보면 크기에놀라실겁니다.,5
45,2.0 4기통 디젤 240마력이라니..,9
46,머야. 왤케 귀엽지..!! 처음으로 사고 싶은 SUV ..! 얼말까...,1
47,기아자동차의 신형 레토나가 보고싶네요,1
48,랜드로버는 그냥 디자인만 감상하는 차인걸로,7
49,가볍게 생겼는데 2.5톤... 작게 보이는데 펠리세이드 보다 크다? ㅎ 귀엽네요.,29
50,외로운 크리스마스인데 오토뷰때문에 그나마 덜 외롭네요...ㅠ,9
51,오늘은 리뷰가 복잡하네요 ㅎㅎ 심플하게 명료하게 표현해주셨으면 좋겠습니다,2
52,랜드로버 디펜더를 온로드에서만 시승하다니 아쉽군요.   용도에 맞게 리뷰해야지요,2
53,돈이 여유가 되면.. 레인지로버는 꼭 한번 타보고 싶긴하죠..현실은 그림으로만...,5
54,4천만원대 러브리 디자인 SUV이지만 1억원 가까이 돈을 주고선듯 산다는건 과감한 돈낭비를 각오한 돈여유많은 사람이 선택하는 차,1
55,오프로드는 갤로퍼 숏바디나 테라칸 바디업하고 33인치 튜닝하면 최고죠 어디 부서셔도 부담안되고 윈치 락작업까지하면 진짜 랭글러 안부럽습니다ㅋㅋㅋㅋ,1
56,15:02 휠 디자인이 ㄷㄷㄷ 일부러 옛날 차 느낌으로 만든거 아닐테고 ;;,2
57,앞모습 쏘울인줄 ㄷㄷ,1
58,이 채널 100만 넘어야하는데..,4
59,역시 랜드로버. 신발 밑창 닳으면 갈면 그만.,5
60,프라모델 도색이라니!!!,1
61,네모라  은근 귀엽고 이쁘네요,2
62,디자인 좋네요 .랜드로버 디젤 이라 ..  ;;,4
63,대한민국 유일무이 원탑 카리뷰 오토뷰,7
64,행복한 크리스마스되세요 : ),2
65,개인적으로 코란도가 이런식으로 정체성 이어가야 했음 그럼 인기 끌었을꺼임,2
66,디자인 만큼은 정말 잘 뽑은 레인지로버,1
67,21:06 기자님 프라모델 만드시나 보네요,2
68,가솔린 엔진이 들어오면 좋겠네요.............가솔린 3리터 엔진이 들어온다면 좋을텐데 말이죠....,1
69,고장만 없으면 2배이상 더 팔릴듯,1
70,랜드로버 참 좋습니다그러나 고장나면 돈마니들어갑니다 자동차는 내구성 좋은차가 최고입니다소문난잔치 먹을거없단말은 자동차 시장에서 딱맞는말임,1
71,재규어 랜드로버는 아무리 시승해봐도 왜 이가격이지 하는 의문이 늘 따름... 고급스러운것도 아니고 성능이 독삼사에 비해 뛰어난것도 아니고 내구성이 좋은것도 아니고 서비스가 좋은것도 아니고... 독삼사는 그래도 시승해보면 비싼 돈값한다는 느낌있는데 진짜 모르겠음...,21
72,기어다이얼식으로 하면 더이뻐보일듯.,1
73,구형 쏘울 느낌.. 물론 앰블렘 파워가 다르니 ㅋㅋㅋ,2
74,디자인 하나는 나무랄때 없네요ㅎ하지만..ㅜ믿거재랜이쥬ㅜㅜㅜㅜ,4
75,이게 그유명한 뭐 같아도 다른 SUV못탄다는 그 메이커인가요??,20
76,앵글로 대영제국의 감성이 나오나현,3
77,프레임바디도 아닌 디펜더가 과연…,1
78,오프로드 탈거면 랭글러가 더 좋을듯여ㅠ,1
79,이쁘긴 진짜 이쁘다..,2
80,3대를 구매해야하고 오너들은 서비스센터에서 전부 만날수 있다는 우스갯소리를 듣는 랜드로버지만 리뷰나 공도에서 볼때마다 참 갖고싶은 마성의 브랜드같습니다.,11
81,랜드로버는 한번 타면 다른 SUV 는 못탐.,6
82,잔고장만 없으면 괜찮은데,1
83,오프 로딩에서 가장 존경받는 오프 로딩 차량은 Toyota Land Cruiser 입니다. Land Rover 는 수리점에있을 가능성이 가장 높은 것으로 알려져 있습니다.,1
84,뒷모습이 멋짐,1
85,도어캐치부터 단차가 보임ㅋㅋㅋㅋㅋ,2
86,"지바겐은 너무 비싸고 랭글러는 투머치, 오프로드와 온로드를 모두 갖춘 디펜더 굿.. 에어서스도 있고",4
87,지나가는거 봤는데 이쁘던데...,2
88,공허한 얘기겠지만...! 브랜드 떼고 4000초반 정도가 적당한 가격이 아닐까 생각해 봅니다. 물론 이 가격도 저한테는 만만치 않지만...,4
89,P400 모델이 기다려 지는..,3
90,소울 디자인이 묻어있네.....소울 디자이너 당신은 대체??? 몇년을 앞서가신게요,2
91,사긴 아깝고 보고 있자면 괜찮아보이는 차. A/S 수듄은 당연 기대 못하고 솔직히 어떤 결함 및 고장이 많을지 상상이 안 가는 브랜드.이 브랜드의 이 차만을 반드시 사야한다 이런 느낌이 드는게 없다는게 가장 큰 문제. 사실 차 가격이 5천이 넘어가면 자동차의 실성능도 중요하지만 브랜드 가치도 중요하게 생각하는게 일반적인데 랜드로버라는게 그냥 들으면 폭스바겐하고 동급으로 느껴짐.,1
92,차로 중앙유지기능이 없다니..,1
93,차의 길이는 스페어타이어 까지 포함한거라 실제 덩치는 싼타페 정도로 보는게 맞는 듯 합니다.,4
94,투아렉 디팬더   고민 되네요 ㅋ,2
95,디펜더 시승해보니 생긴거하곤 다르게 승차감이 얄쌍얄쌍한게 너무 좋아서 반전매력에 놀랐습니다 볼보xc90 취소하고 디펜더 계약했습니다.,4
96,전 이거 살봐엔...차라리 쏘울 부스터를 색깔별로두대 사서 아내와 함께 타겠습니다!,6
97,전세대 쏘울같다,2
98,와 고장나면 끔찍..,1
99,디펜더 도장 현기보다안좋은거같냐..,3
100,아까워서 오프로드 어떻게 타지..ㅎㅎㅠㅠ,3
101,문제는 서비스 개판이란거...개드로버,1
102,"너무 미니멀리즘으로 바뀌었음디펜더는 지바겐, 지프같이 투박한게 아이덴티티인데",1
103,함께 ~ 느껴보시겟습니다,3
104,"뭔가 약간 도요타 suv같아요^^,;",2
105,가방메고 달리는거 같아 귀엽구먼 ㅋ,43
106,20만 코앞. 영차영차,9
107,썸네일 보고 쏘울인줄 알았어요ㄱ,1
108,썸네일만 보고는 구형쏘울인줄....,2
109,ㅋ..  동물의 왕국에  나오던  그 디팬더....,1
110,미국에서는 시승기 찍기 시작하면서 고장나서 시승기 내내 고치러 다니더만...여전히 고장은 안되나벼,7
111,랜드로버는.. 차 품질 자체도 문제지만..   서비스 센터의  능력문제가 제일 큰 것 같습니다.  자사차량에 대한 지식과 이해도가 상상초월 수준이었고... 결국 이런 저런 모든 문제는  센터의 숙련된 인력부족에서 기인하는 것 같습니다.  한국랜드로버는 팔기 위한 딜러사보다 기존 고객들에게 기본적인 정비 점검이라도 제대로 해주는 것에 집중하는 것이  가장 중요하지 않을까 싶습니다.현재의 랜드로버 서비스 수준은  랜드로버 좋아서 산 사람도  드로버 악플러가 되게 만드는 수준입니다.,3
112,타보고  까세요  평생가도  못탈거면서 ㅋ랜드로버까는  사람듵  평생가도  못탄다자격지심에  어서  주서들은건있어가지고난 5년째타고있지만  그냥  suv끝판왕이다  모든거  다   감수한다,5
113,인터넷 뉴스보며 고장때문에 절대 사면 안되지 다짐하다 도로에서 돌아다니는 차량보면 그새 까먹고 아~ 사고싶다 하게 만드는 차ㅋ,9
114,휠 디자인이차를 망친듯,7
115,뻥 안치고 썸네일 진짜 쏘울인줄 알았다,15
116,아~~~~진짜 저거 내찬데 ㅜ 비싸,1
117,곧 쌍용 할거 같은데...,1
118,썸네일 쏘울인줄...;;,1
119,현대나 랜드나 쓰레기회사라는 공통점이있지.,1
120,가솔린 좀 들여오지,1
121,현대차가 차가 잘 안 나가서 안 사냐?안 고쳐주니까 안 사지..ㅋ,1
122,테일게이트 방향 안바꿔서 들어오는거 보면 아직 멀었음...,3
123,두대살거 아니면 안사는걸로 ㅎㅎ,1
124,한국 도로에서 그만좀 보고싶다...,1
125,브롱코가 나오기 전까진 이게 이뻐보였지,8
126,팰리세이드보다 크다??스페어타이어까지 길이때문에 그렇지...실제크기는 4700대 입니다.몇번 시승하면서 느낀점은...길이가 짧다는 점 입니다.  물론 우리나라엔 않들어 왔지만 더 짧거나 긴 모델들도 있습니다.,2
127,랜드로버 잔고장 넘 많아서 오프로드 할 엄두나 날까?,1
128,정비지옥 인제니움...ㅋ,18
129,오른쪽 뒷창문 왜저래. 홍진호도 아니고 이거 살땐 두 대 사야된다고 해요.,5
130,넘사벽인 넘들은 까기바뿌고..있는넘들은 안살꺼같꾸ㅎ,1
131,쏘울처럼 생겼네;,1
132,영국산 기계랑 음식은 돈주고 사는게 아닌데...,21
133,너무 비싸 ㅋㅋㅋㅋ,3
134,외국에선 고장때메 개욕먹는중,3
135,오프닝 선곡은 누가하시나요??ㅋㅋㅋ,1
136,비싸ㅠ ㅠ,9
137,영구차불안해서 사것어여 ㅋㅋ,2
138,어처구니없는 가격에다 백번 양보해서 산다면 이 어이없는 가격의 차를 반드시 두대는 사야하는게 가장 치명적인 단점...믿고 거르는게 최고!,2
139,못살림오토뷰만 살면 됨,2
140,길가에 지나가는 랜드로버차를 보면 두가지 중 하나라 햇습니다고장나서 서비스센터를 가는 차거나서비스센터에서 고치고 나오는 차라고 ㅋㅋ,15
141,크리스마스에도 1등합니다,1
142,레인지로버  제규어  망하던가  아님  어디로 팔려가겠지,3
143,다른건 모르겠고 휠 타이어 사이즈 저게뭐냐... 디자인 다 망치고 한심하네,2
144,어케 통풍이없지,1
145,디자인만 괜찮고 나머지는 뭐....믿음이 안가서.....아프리카 탐험 갈때 가져가세요....아프리카 갈 일 없으면 뭐...나가리고......이 가격대 SUV 선택지는 넘쳐나죠...,1
146,요즘도 랜드로버 사는 인간들이 있나?ㅋㅋ,2
147,우리나라만 들여오면 가격이 호구가 되네,1
148,걍 너무 비싸요,3
149,메리 크리스마스.,2
150,근데 이거 언제 찍은거길래 반팔티를 입고 계시지,1
151,너무 비싸게 나왔음.,19
152,기아 쏘울,1
153,소울 아님? ㅋㅋ,2
154,정통 오프로더가 모노코크???포드엔진가져다 만졌는데 꾸져졌누 ㅋㅋㅋ,2
155,결론 : 브롱코 사자,5
156,자꾸 구 소울이 생각나.....,3
157,쏘울페리버젼,3
158,"사면 골치아플거같은 느낌이,,,,",86
159,Wheel 졸라 구림잔고장 여전히 많을 것이고,2
160,뽀대는 좋은데 as 나 고장면에서,1
161,부잣집차 같다,1
162,열선.통풍시트만 넣고 3천에 팔면 고장 잘나도 사볼만은 하겠네.,3
163,2리터 디젤을 어디갔다쓰노..,3
164,디자인이 쪼매 별로,2
165,"센터가는 차, 센터에서 나오는 차 ㅋㅋㅋ주어는 없습니다.",1
166,이쁜 쓰레기라는 오명을 벗을 수 있을까?,2
167,인트로부터 고장날거같아서 불안함ㅋㅋ,26
168,브롱코 사는게 나을듯,19
169,"길에 보이는 레인지로버는 두종류다,입고하러 가는 차입고 후 출고된 차",5
170,영국차는 거르는게 답. 전과가 있는데 사람들이 살리가 없지 ㅋ 랜드로버 이미지는 똥이나 다름 없음,3
171,기어봉 실화냐... 지금 때가 어느때인데..  저게 인도감성인지는 모르겠지만 디펜더는 디스플레이가 국내꺼가 들어간걸로 알고있는데.. 예를들어 다른 더 비싼모델들 같은경우 헤드라이트경우도 LED가 나왔을때 HID쓰고 레이저가 나왔을때 LED쓰고... 이렇게 한박자씩 느린것도 별루인데..  그냥 지겨워도 크게 외관 내관 럭셔리해보이지 않아도 BMW탈래요^^,1
172,디자인 왜 이렇게 됐노?,1
173,아프리카에서 다큐멘터리 찍던 차 느낌이 안나네,1
174,세컨카로 사세요 1달에 최소1주일은 정비소에 들어가있어야하니까요,1
175,음 소울인데...,1
176,믿고 거르는.....,3
177,일단 디젤딸딸이 오바..공조장치 왜저렇게 만들었나 싶을 정도로 보기만해도 쌉불편공도에서 랜드로버는 총 3대하나는 센터 입고하러 가는차하나는 센터 출고하고 나오는차하나는 센터에있는거 가지러가는데가다가 고장나서 가지러 가면서 맡기고수리한걸로 타고 나오는차 ㅋㅋㅋㅋㅋㅋㅋ,3
178,망하려고 작정하고 만든 차.디펜더 더블캡 소유했던 내 판단.트렌드가 레트로로 가는데이따위 차를 디펜더라니?G바겐 브롱코 보고 좀 배워라,1
179,소울?,2
180,주행드라이브 하는 분충농증인가요 목소리가 왜 그러죠?,1
181,제규어 랜드로버는 거르세요,2
182,영국차라 그런지 핸들위치는 좌측이지만 트렁크열리는 방향은 안바꾼거 같네요. 옛날에 갤로퍼트렁크가 반대로 열리게 그대로 수입한거랑 같네요,1
183,마감극혐  실내 편의장비부실 연비극혐,4
184,타는사람들은 잘타고 다니던데 인터넷에서는 고장많이 난다고 난리던데 그거 경험해보고 하는 말이에요?,4
185,여름에 촬영하구  이제 내놓는게 스폰서 출연료 받아야 올리나요  그렇게 밖에 이해가 안돼네요,3
186,"신형 디펜더 주행중에 실제로 봤는데 확실히 길이가 길고 차고가 높아 커보였습니다.  전면, 측면, 후면 어느 각도에서 봐도 디자인 멋지고요 다만 국내에서의 랜드로버 서비스 실태와 결함률을 디펜더는 비켜갈수 있을지 궁금 하네요",9
187,다른 차 리뷰는 왠지 모르게 보기 부담스럽고 불편한데 박기돈 편집장님 리뷰는 보기가 너무 편하고 재밌습니다^^,2
188,진심 도로에서 디펜더 검정색 봤는데 포스 개지립니다 그거에 지려서 영상 찾아보러 왔습니다 영상에 그포스가 다 담기지 못하는게 너무 슬프네요ㅠㅠ 진심 디펜더는 무조건 블랙이 진리,3
189,크으.. 멋진 자태입니다 편집장님 ;)한번 그린 적이 있었는데.. 멋진 포스를 다 담아내지 못했네요.저는 자동차 그리는 유튜버 카드로잉이라고 합니다^^부족하지만 자동차를 사랑하는 마음으로 열심히 노력하고 있으니 관심 주시면 최선을 다해 더 다양한 자동차 소개하고 그릴 수 있도록 노력하는 카드로잉 되겠습니다!,3
190,"디자인은 꽤 간결하고, 깔끔하게 잘 뽑은 느낌이 드네요... 디펜더가 위장 무늬 전투복을 벗고, 깔끔하게  행사용 제복을 차려 입은 그런 느낌이 드네요...",5
191,랜드로바가 전면은 고급스럽게 디자인을 참 잘하는.. 튼튼해보이는 안정감..,2
192,아~전자장비가 안들어갔어야 대박인데... 디자인은 멋지다!!,1
193,디펜더를 구매해서 장기보유시 나중에 후회하지 않을까 조심스럽네요이제 전기차가 쏟아져 나올 시점에 디젤엔진을 선택하기란 너무 고민됩니다50중반에 장기보유를 생각하고 이차를 구매해도 괜찮을지 편집장님의 의견을 듣고싶습니다,1
194,편집장님 이번에도 반가운 마음으로 보고 가겠습니다.,2
195,14:20 과거에 갤로퍼 트렁크도 똑같이 열렸죠. 일본이 영국의 영향을 상당히 많이 받았지요. 중절모에 콧수염에 지팡이까지..,1
196,음 뭔가 푸근하고 친근해서 너무 좋습니다. 잘 보겠습니다~,3
197,잘 보겠습니다.이전 영상에서 치수가 틀렸는지도 몰랐네요  ^^,2
198,뒷도어가 저쪽 방향으로 열리는거 한국에선 확실히 문제겠네요,1
199,쏘울이 suv가 되고 싶다면 이랬어야 했죠 ㅎㅎ,1
200,참 영국차는 디자인 튼튼해보이게 잘 하는거 같네요. 탐나네요 ㅎㅎ,2
201,뒷도어는 지프도 같은 방향이에요.영국산이라 그런게 아니고  군용차량의 dna때문입니다. 차량안의 병사들이 오른손에 총기를 파지한 상태에서 왼손으로 열면서 뛰어내리게 하기위한 것입니다.예전 군용지프의 뒷좌석에 양옆  세로로  병사들이 타고 있던 모습을 떠올려 보면 이해가 될듯합니다.,1
202,디자인 너무 이쁘고 거실 벽에 걸어두고 관상용으로 기가 막힐듯! 하지만 랜드로버는 타고다니는 차는 아니라는ㄱㅓ! 어드바이저를 와이프보다 자주 볼수 잇는 기회를 주는 훌륭한 자동차,1
203,도강  가능 깊이가 90mm라고 하셨는데..맞나요? 차체 높이에   비하면 좀이상해 보이는데..,1
204,총알부족 ㅠㅠ    내년 중고가격으로 사야지 . . . .   열일해서 꼭 산다,1
205,"그 가격에 그걸 사실겁니까? 진심 궁굼합니다... 4기통 2,000CC를...그 가격에.....",1
206,이번에 디펜더 출고한 사람입니다 좋습니다 망설이지 말고 고민이신분들 후회없습니다 사세요,4
207,16:35 변명 빠른편집ㅋㅋㅋㅋㅋ,2
208,이장님 잎이 귀에 걸리셨네요~ㅋㅋㅋ 차가 좋긴한가보네요~^^,2
209,우아아아아!@#!$ 박기돈 편집장님이다!@#!@#검은색의 디펜더.. 편집장님하고 너무 잘어울립니다.,3
210,쌍용에서 수년전 컨셉트카 XAV 선보였었죠저 디펜더랑 닮음꼴이던데...뷰티풀코란도를 XAV 스타일로 내놓았었더라면.....오늘도 편집장님 리뷰 잘보고 갑니다!!,3
211,기돈이형 곧 살듯한 리뷰네요. ㅋ,3
212,90밀리면...9센치..인데...도강 의미가 있을까요?... 900밀리 아닌가요? 90센치...?...,1
213,저게 전장 5m에 전폭 2m 높이 196이라고? 안그래보이는데 의외네,1
214,키큰 삼촌이 성심껏알려주네요,1
215,3천cc디젤에  풀옵션이면  사고싶네여.  디자인 남자다워서  너무 사고싶네여 ㅋㅋ,1
216,번창하세요!!!!!!!,4
217,수동기어 바꾸시는데 자꾸만 손이 아래에서 노브를 한번 더듬고 올라오는모습 ㅋㅋㅋ  참 적응안될거같아요,1
218,도강 900mm입니다90mm 아닙니다실수가 많네요,1
219,2000엔진이급조한거같고문제도많은거아닌가요?휘발유엔진도안어울리고요랜드로버터보엔진은문제있지않나요?,1
220,도강 900mm 인데 90mm라고 하셨습니다. 자막도 90mm ㅠㅠ,11
221,واصل متابعك المخلص من الجزائر,1
222,카키색 사서 캠핑 다니고 싶다,2
223,사기통이 아쉽다,1
224,뭘 그런걸로요 ㅎㅎ 잘보겠습니다,1
225,가격 포지션이  많이 애매해서 잘 안팔릴듯하네요.  디스커버리5 보다 많이 싸던지 것도 아니고 가격은 비싸고 오프로드성향의 차량을 누가 저돈주고 살꺼며 그가격이면 대안은 아주 많은데 오프로드 뛸꺼면 차라리 랭글러가 더 좋아보이고 저차로 누가 오프를 댕길까 싶습니다,1
226,너무 좋아하시는 것 아닙니꽈?,1
227,,2
228,랜드로버하면생각나는이미지가 그냥고장난차,1
229,도강깊이 900mm죠.. 90mm가 아니고,1
230,900미리 90미리 아닙니다,2
231,디펜더는 블랙이다,3
232,하 뒷문...미국이나 우리나라처럼 우측통행은 고려 안하네,1
233,그래서 얘네 아직도 한 번 살때 두대 사야 하나요? 하도 잘 고장나서 두대 사서 번갈아 타야 한다던데,7
234,응 흉기차,1
235,"도강이 90미리라고똑바로 하소,,,,도강능력이 한뼘 밖에 안된다고요  900미리 가아니고",1
236,신형번호판이 제일 이상해보임,4
237,16:11,2
238,결함덩어리 랜드로버  아닌가용,2
239,씨끄럽네,1
240,ㅡ,1
241,"뭔지 아냐? 힘드네.. .공부좀  하세요..ㅉ,ㅉ,",1
242,갈수록 리뷰가 형편없읍니다,2
243,제로백 9초짜리 고물차를 1억주고 사야하나??,2
244,진짜 디자인 너무 멋있네요,2
245,디자인 미쳤고 색상 죽입니다....,12
246,우와...색깔 정말 예쁘네요. 좋은 시승기 잘 봤습니다.,2
247,솔직한 리뷰 너무 좋네요,1
248,뭔가 디펜더보다는 디스커버리의 느낌이 많이 녹아 들어있는거 같습니다. 하드코어/와일드보다는 아웃도어에 가까워진 차 같네요 그래도 상당히 매력적인 차 인것 같습니다. 예쁘네요 ㅎㅎ,1
249,길거리에서 볼때마다 눈길이가는 멋진차에요,4
250,실내디자인 짱인듯...,1
251,색상이 참 이쁘네요~!,1
252,다들 랜드로버 잔고장 때문에 타지 말라지만그냥 한번쯤은 타보고 싶다,16
253,"가격 대비 옵션이 상당히 후진 건 맞는데, 저는 디자인만 가지고도 정말 사고 싶은 차입니다 ㅎㅎ차알못인 와이프가 고장나서 못 쓰겠다고 말릴 정도의 내구성(이나 브랜드 이미지)는 개선했으면 좋겠습니다 ㅠㅠㅋㅋ시승기 잘 봤습니다 =)",4
254,참  디자인이 좋아  영국의 디자인성은  뭔가를 알아,2
255,드라이브 모드는 한번만 누르면 되네요. 모든차가 다 한번은 눌러야 접근이 되니까 불편해 보이지 않는데요. 오히려 다이얼식이라 편할듯. 잘봤습니다. 차가 참 멋지네요,1
256,기자님과 너무 잘어울리는 차네요,1
257,헤이리 카페 주차장에서 디펜더  옆에서 지인과 말씀나누는 모습을 목격^^ 했습니다. 반가웠습니다.,1
258,한번쯤은 타고보고 싶은차,1
259,"매장가서 봤을때 ""디자인이 세련되었다."" 를 느낄 수 있었고실내 재질감은 아 오프로더구나!? 오프로더 계열 차량 중에 가장 이뻐요",3
260,누가 뭐라해도 참 매력있습니다.랜드로버,1
261,한번쯤은 진짜 타보고싶네요,1
262,진짜 캠핑족들한테 어울리는 차입니다..갠적으로 유니크한 디자인이 너무 맘에 듭니다,1
263,2022년식 렌드로버 디펜더 멋지네요 ㅎㅎ,2
264,도시에선 가솔린이 훨씬 낫을듯......디젤은 가다 서다를 반복하면 잔고장이 많을수도  색상이 ...........,2
265,기자님 입장에서 구입하신다면 3.0 디젤과  2.0 가솔린 어떤걸 선택 하시겠나요?,1
266,이런게 suv지... 색상 너무 예쁘네요,1
267,너무 좋은 리뷰입니다. 기회되시면 D300 HSE 와 비교도 부탁드리고 싶습니다. 참 도움이 됩니다..!,1
268,하던대로 외관은 변형없이 갔으면 좋겠다,2
269,뒤에 스페어커버 바디컬러랑 맞추면 진짜이쁘겠네요 와이퍼떨림 소리나 a필러 소리는 부품이 새로 나온거같더라구요 22년식은 후반에 나온 모델들은 소리안난다고 하더라구요가솔린 모델은 고급유넣고안넣고 차이도 많이나더라구요,4
270,북미 디팬더는 22년형 모니터 크기가 더 크던데 국내 출시 는 아직 적용이 안된다 봅니다,1
271,시승기 잘 봤습니다,1
272,역대급 디자인인 디4가 부활해야 되는데 디펜더는 덩치에 비해 장난감같은 느낌이 강해..,2
273,푸른색도 나쁘지않네요.,1
274,2열 평평하게접혀요~헤드레스트분리하면요~각이되게있게 접혀있는것처럼보여서요,1
275,타스만 블루 색상 인상 어떤가요? 흔한 블루계열보다는 다크느낌이 고급감드는데 용달블루싼티는 없나요?,1
276,댓글에 디자인 별로라는건 진짜 이해가 안되네 ... 실물보면 진짜 지리는데,1
277,디펜더 VS 랭귤러 VS 브롱코 중에 선택하신다면 어떤 거를 선택하실건가요?,1
278,예쁘다 디스커버리와 함께 갖고픈차 ㅠㅠ,1
279,너무 이뻐요 정말루 ㅋㅋ!,2
280,따끈따끈한 새영상 ㅎㅎ 잘 감상하겠습니다~~,1
281,실제로 운전석에 타면 거대하죠...ㅎㅎ잘 보겠습니다.,1
282,뭔가 갱년기에도 든든한 이름...디펜더,21
283,컬러가 맘에 들어용,3
284,아 ㅠㅠ 추후 유상으로 라도 옵션 원복해주먄 좋겠네요,2
285,기자님 2열 시트 좌판들어서 눕혀지지않던가요 d240모델은 좌판들어올리고 풀플랫 가능하던데..,1
286,와 사이드미러는 엄청크네요.무슨 얼굴만하네요.사이드미러가 크면 클수록 시야가 넓어서 보기 좋죠!!!,1
287,근데 랜드로버/재규어가 진짜 사면 골치아플정도로 고장이 잦나요?? 아님 그냥 과장된 농담인가요?,2
288,1억이 넘는차가 통풍시트가 없다니,2
289,킹상기니뮤ㅠ,2
290,번창하세요!!!!!!!,2
291,지바겐 보다 이 색깔에 이차를 뽑고싶네요 돈이 많으면 대박이다,2
292,여유만 있으면 레인지로버든 디펜더든 타보고 싶다 ㅠㅠ x3나 잘타야지 흑흑,2
293,분명히 랜드로버 홈페이지에서는 디펜터가 11.9인치로 나와있었는데 시승차는 네비크기가 작네요,2
294,예쁘긴 진짜 예쁘네요,1
295,숏바디가 더 이쁘더군요,3
296,"배달의 딜러  란곳에서 절대 주문하지마세요.  주문할때에 비흡연 차량이라고 하더니, 실재로 받아보니깐 흡연된 차량이어서 탁송으로 받자마자 곧바로 바로 반품한다고 하니깐,  단순변심이라고 하면서 위약금 40만원을 메기네요!  흡연차량을 비흡연차량으로 거짓말을 해놓고 차량을 보내놓고서 고객의 단순변심이라고 하면서, 단순변심 인정을 안하면 환불을 안해주겠다고 강요를 하더군요. 어쩔수없이 단순변심 인정한다고하니 그때서야 환불을 해줬습니다. 이거 그냥 당할수밖에 없는 구조더군요. 비대면 플렛폼으로 절대 중고차 구입하지 마세요..~~~~",1
297,오프로드가 왜 오프로드인지를 알아야 하는 거 아닌가요? 오프로드를 위해 엔진 흡입구를 지붕 굴뚝처럼 뚫어서 위로 올리는데요...?,1
298,"통풍시트랑 차선중앙유지 기능 있어요, HUD랑 클리어사이트, 전자계기판이 빠졌어요",1
299,항상 꼭 저 코너를 저렇게 돌아야하나요? 스포츠카로 서킷에서 아니면 타이어 소리 날 정도로 돌아 나간다는게 비정상...,1
300,이쁘긴 한데... 4기통 2000cc가 1억이라........,3
301,날짜 맞추어서 올리셨네요.,1
302,디팬더 자체가 통풍시트가  없나요?,2
303,이거 페리버전아니죠?? 디스플레이 커졌던데.. 리뷰차는 작네요,2
304,"기다렸숩니다,,,,후웅",2
305,잘 보겠습니다.,2
306,엄청이쁘네,1
307,색때문에 그런가 왜케 플라스틱 덕지덕지 느낌이들지,1
308,아 1억 200만원 부족해서 못사겠다 ㅎㅎ,1
309,넘나 비싼거.....,1
310,1분전은 못참지!,1
311,"104,000,000 인데 4기통 2.0",1
312,한상기 유압프레스,2
313,"저 가격에 싸구려 내장제..... 돈 값어치 한참 못합니다,, 그리고 뒤에 마후라 달리다가 빠지는 기사가 많네요 조심하세요 사실분들은요...",1
314,흠 그닥,1
315,꽁지머리 오이형 좀비 오이형,1
316,실내는 정말 구리네..,1
317,쓰레기 차;;;  이거 살바에야 다른거 삼,3
318,생김새가 오묘하네요. 지난번에 올라온 현기 제네시스가 1.3억이라는데... 그거 살 바엔 누구라도 이거 사는게 낫겠죠? ㅋㅋㅋ 아주 댓글로 난리 치던 애들 몇 웃기던데... 1.3억에 현기를 사는 망상을 하는 호구들이 많다는 증거일까~ 인생사 대충 사는대로 생각하며 지내는 애들의 수준일까? 우습더라는~ ㅋ아참 랜지로버는 곧 철수한다는 말이 있긴 해도~ 어쨋든 현기보단 브랜드이미지나 헤리티지도 백배는 낫고~ 물론~ 프로모션도 꽤 해준다는거~ 1억 안되는 돈에도 살 가능성이 매우 높죠.,2
319,"자동차 리뷰어 들은 아주 무책임 한 걸, 이 채널 보면 알 수 있음, 특정 브랜드 제외하면서, 게다가 자동차는 소모품인데, 유지비 말하는 놈들이 한 놈도 없음. 타이어/엔진/디자인 뻔한 레퍼토리이구 모양 보고, 재질 보고 말하는 거면, 멘트가 정해져있고, 특히 여기 채널은, 자기한테 대주는 차량에 따라서, 맞춰 줄 뿐일 개인 법인급 아닌가? 소위 말하는 옛날 파워 블로거?",4
320,진짜 랜드로버에서 이렇게 디자인 개후진 차를 만들거라곤 생각못했다. 무슨 시트로엥보다 못해,1
321,안녕하세요. 도어 핸들 사용에 대해 간혹 오른손으로 열면 된다고 말씀하시는 분들의 이해를 위해 글을 남깁니다. 물론 오른손으로 열 수 있습니다. 하지만 제가 말씀드리고 싶은 부부은 일단 좌측 운전석의 경우 도어핸들은 무조건 왼손으로 열도록 설계하는 것이 기본입니다. 또한 좁은 주차 공간에서는 오른손으로 도어핸들을 이용할 경우 탑승을 위한 자세를 취하는 것이 어렵거나 불가능 하기도 합니다. 이 부분을 이해하시면 쉽게 이해되시리라 생각합니다. 또한 최근 랜드로버 차의 도어핸들은 팝업방식을 많이 취함으로써 기본적으로 손을 아래로 넣어 이용하도록 합니다. 디펜더 역시 핸들의 모양은 차이가 있으나 이 연장선으로 설계를 한 것입니다. 이 부분을 말씀드리기 위한 영상이었음을 알려드려요:),16
322,저 차를 다 유지하실 수 있는 능력이 더 멋있으신 거 같아요 ㄷㄷㄷㄷㄷ 유튜버들이 잘 알려주지 않던 불편함과 세세한 리뷰 감사해요~,4
323,리뷰 정말 잘해주시네요. 진짜진짜 필요한 리뷰네요.ㅎ 디펜더가 오프로드 용으로 나온 차라서 차가 옆으로 많이 기울거나 앞뒤로 많이 기울경우에는 트렁크 입구가 좁은게 나을수도 있기는 하겠네요. 하지만 평상시에는 쫌 그렇겠네요. 리뷰 정말 감사합니다.,6
324,"미국에서 2년째 디펜더 타고 있는데, 한번도 생각해 본적 없던 문제인데 이렇게 생각할수도 있겠군요. 오프로드를 많이 다니고 있는데 정말 최고의 차량 같습니다. 영상 잘봤습니다.",12
325,선루프 가림막의 경우 센터모니터의 설정들어가셔서 실내온도->자동블라인드 해제 하시면 됩니다.저도 초반에 그거 해제 어떻하나하고 엄청 찾았네요 ㅎ새해복 많아 받으시고 응원합니다~,15
326,작년부터 한국에서 P400X를 계약해 놓은 상태인데 좋은 정보 감사해요 길들이기 끝내시고 주행감이나 출력부분도 언능 올려주셨으면 좋겠어요 6월에 인도 예상인데 너무너무 고민이여서요,6
327,재밌게 잘 봤습니다. 저도 재규어를 타고 있지만 진짜 재규어 랜드로버 엔지니어들은 줄빠따 좀 맞아야 합니다.,49
328,"안 살 건데, 디테일 한 리뷰 아주 잘 봤습니다. 사실 분들에겐 좋은 정보네요 ㅎ",1
329,진짜 오너가 아니면 할 수 없는 좋은 영상이네요. 항상 잘 보고 있습니다.,3
330,어떤 리뷰어도 그런 리뷰를 해줄순 없어요.. 대부분은 불편하다고 느끼지 못하니까요.^^ 디펜더 보고 있는데 재미있었습니다.,1
331,멋집니다!! 굿굿! 안전운전 하시고 재밌게 타셨으면 좋겠네요^^ 다음 영상도 더욱더 기다려집니다!!,3
332,"음식평론가가 맛집을 하도 많이 다니다보니 음식이 나와도 별 관심없고 접시 무늬나 젓가락 재질 들여다보고 있는 느낌의 리뷰에요..,일반인은 상상키 힘든 주기로 차를 바꾸시니 신차를 마주해도 관심사가 우리랑 많이 다르신듯해요ㅋ 잘 보고는 있습니다 ㅎ",9
333,저도 랭글러 몇년 탔더니 딴차 생각이 좀 났는데 덕분에 디펜더 지름신이 물러가고 있습니다.^^항상 재밌게 보고 있습니다. 감사합니다~~,3
334,디펜더 탄 지 9개월 되었는데 하나도 느끼지 못한 불편함들을 말씀하시니 신기하긴 하네요??,4
335,"아..KMan님 리뷰를 보고 재작년 7월에 X7 40i 사서 잘 타고 다니는데요...이 리뷰를 보고 있으니 앞으로 저는 다른 브랜드를 못탈 것 같다는 생각만 듭니다...ㅠ,.ㅠX7을 타면서 코딩실력이 많이 늘었는데, 그러다보니 이 리뷰에서 지적한 불편한 기능들이 코딩으로 개선될 여지가 있어 보이거든요.하지만 BMW가 아니면 오너가 능동적으로 이렇게 하기 어려우니.....BMW에 완전히 코꿰였네요....ㅠ,.ㅠ",3
336,다른 리뷰가 짚어주지 못한 중요한 내용들이 있네요. 정말 관심있었는데 미련없이 다른차 선택해도 될것 같아요.,1
337,"P400좋은영상 정보 감사합니다.  번호판설치시 번호판, 봉인 녹 방지 봉인구어셈블리 추천드립니다. 더멋진 차가 유지될거예요.",1
338,G바겐도 후방카메라 위치 때문에 스페어타이어 커버 깨먹는분들 많더라구요. 잘봤습니다~,3
339,엄청 섬세하시네요. ㅎㅎ 디팬더 하나 구입해볼까하는데 잘 봐야겠어요 ㅎ,1
340,아하.. 모니터가 바꼈네요.저번 모니터가 디펜더 이미지에는 더 맞았는데사용하기에는 현행 모니터가 더 좋아 보이긴 하네요.g 바겐 살 돈이 없을 땐 디펜더.. 너무 이쁘고 좋아 보이네요.,2
341,우와~ 좋은차  다 갖고계시네요~~,1
342,"영상 너무 잘보고있습니다어쩜 취향 저격차들만 리뷰/구매하시는지 ㅠㅠ디펜더p400, gt3, 박스터 스파이더 모두 좋은 정보 감사합니다~!문여는법에 관해선 이번 기회에 생각해보니 저는 한번도 왼손으로 열어본적이없네요 ㅎㅎ",4
343,P400 국내에서는 못 보는 차량이네요. 리뷰 기대됩니다!,3
344,"저는 곧 차량을 받게 되는데(d300), 오히려 이런 리뷰 정말 좋습니다 ~~ 삐----- 소리날때 후진 중지 !! (저 정도 여유면 됐죠 뭐 ㅋ)  저에겐 좋은 Tip 입니다",1
345,신차 출고 축하드립니다!,4
346,정말 유익한 영상 이었습니다!!!!!!,2
347,오늘도 편안히 잘보고 갑니다. 수고하셨어요!,3
348,디펜더 오너입니다. ㅎㅎ. 뭐 그렇게 다는 차 아닌가요~~ 전 스탑엔고 꺼진 상태로 고정이 안되는거... 후방카메라는 완전 공감합니다.,5
349,랭글러 파워탑이랑 디팬더 110랑 고민하고 있어요. 가격대가 비슷해지는 바람에 이런고민도 하게되네요ㅎㅎ  케이맨님 디팬더 몇개월 사용 리뷰 듣고싶어요!,1
350,디펜더  너무 사고싶어요..1년뒤 집사람차 할부끝나면 사려고 보고있어요..,1
351,랜드로버는 예전 2000년 초반 구형이 갑이였습니다.,1
352,"이런 리뷰가 좋네요~ 제가 구입했으면 스트레스 받았을만한 요소들이 어쩜 이렇게 똑같을까요.  성격이 급해서 차 문열때 그냥 손만 슥 넣으면 바로 잠금해제 되어야하는데 영상만 봐도 속터지네요 트렁크 바닥 재질 내지 적재물 고정장치 선택여부, 열리는 방향, 실내 마감재질 등.. 영상 감사합니다",2
353,항상리뷰 잘 보고있습니다.,2
354,디펜더 디자인은 예전 코란도와 너무 비슷하네요,1
355,말씀하신 단점들이 차의 단점인가요 아님 사용자의 요구사항일까요? 참 민감한 부분일거라 생각합니다.,3
356,"디테일한 부분이 문제가 있어 보이네요.차쳬결함 이런 것들 엔진결함, 오디오결함 > 이런게 사실 제일 중요하죠.",1
357,진짜 문 열림버튼이랑 후방카메라는 진짜 아무 생각없이 설치했네요....^^,3
358,번호판이 BC주네요^^ 한국와서 보니 더더 반가운~!!,1
359,90 계약하고 기다리고 있는데 너무 좋은 정보네요~ 감사합니다~,4
360,어느 나라에서 출고한건가요?? 신기하게 한글로 나오네요?? 차 자체에서 언어설정이 가능한가요,2
361,축하드립니다 가솔린이여서 큰 문제가 없을듯 합니다만  큰 기대하겠습니다디젤쪽은 고장이 많다고 소문이 나서ᆢ 디펜더  네이밍만으로는 구매각인데 ᆢ,2
362,ㅋㅋ 오늘 도 유익한 영상 감사합니다 ^^,2
363,새해 복 많이받으세요^^,2
364,랜드로버는 뽑기 잘해야됨 ㅋㅋㅋㅋ랜도로버 동호회는 카센타에서 한다던대,2
365,디자인만 조금 좋은차가 아닐까하는 생각이 잠시 들었습니다,1
366,ㅋㅋ잘 봤습니다.. 여러가지로 골때리는점이 있네요,1
367,구매결정에는 거의 영향이 없을 소소한 리뷰,1
368,랜드로버 엔진 결함으로 고생한 경험때문에 랜드로버는 쳐다도 안 봄,1
369,단점은 장님으로 만드는 저 디자인보소 가슴이 아프다..돈없어서...,1
370,차량구매에 관심 생기는데 고급유 넣어야하나요???,1
371,랜드로버..슈트레스 걸린거  생각하면 그냥 맘편히 쉐보레 타는게 더 나은 생각도 들고..음..,1
372,워 케이맨님 오랜만에 왔네요 오늘도 영상 잘 보내겠습니다!!,1
373,디펜더에 관심이 많습니다 추울때 집에서 무선으로 핸드폰 어플이나 차 열쇠로 시동걸수 있나요?,1
374,차기 드림카 ... 리뷰 잘 부탁드려요..,3
375,좋아하는 채널인데...이번건 조금 억지 같았어서 아쉽네요도어 왼손열기는 당연한 말씀이십니다!,1
376,잘보고 있습니다. 구독도 눌렀네요.,2
377,초반에 운전석 도어 오른손으로 열면 되는 거 아닌가요?,1
378,오른손 써서 열면 되는거 아니에요?,2
379,뒤쪽 디자인이  코란도 구형 이네요,2
380,,1
381,문제도아닌걸 문제라고하는듯하네요,3
382,제차는 디5인데 문손잡이 잡고 댕기면 바로열리는데....어떻게 신형디펜더가....,2
383,진짜 레인지로버 오토바이오그라피 고속도로에서 좀밟을려고 급가속햇는대 니미 배기에서 흰연기나더니  dpf 경고등뜨더니 엑셀 잠기고 죽는줄알앗음 수리맡겻는대 보증도 끝나고  서비스센터갓더니 문제도 모르고 사설에맡기니 터보두개 망가지고 배기 중통도 문제잇다고  수리비 2천나옴,1
384,두대 사셨으면 될것을요 ㅋㅋ,1
385,Amazing good               ,1
386,오른손으로 문 열면 엄지로 누를수 있지않나,1
387,도어핸들 스위치 ~! 의도가 뭘지 궁금하네요,1
388,들리는 소문때문에 사기 꺼림직 할듯,1
389,타라고 만든차가 아닌갑다....보라고 만든차지,1
390,디지털계기판 빠지는건가보내요 이번에ㅜㅠ,1
391,쌍용은 왜 이렇게 못만들가,1
392,아 디포 다시 사야되나,1
393,시승갔는데 딸그락 거리는 잡소리 나갈래 저소라는 뭔가요? 하니 하자라고 하던데 ㅋ,2
394,천장 물 안새는게 어디임,1
395,왼손아닌 오른손으로 열라고 만든거같은데....,1
396,손잡이요~ 주관적이세요~ 더 많은 사람들이 오른손으로 문을 열어요 요즘은 프랜치 도어라 양쪽이지만 옛날 냉장고들이 왼손으로 잡고 열어야 오른손으로 바로 물건을 꺼낼수 있어 더 합리적인거 같지만 오른손잡이인 사람들이 습관적으로 오른손을 먼저 쓰게 되기때문에 오른손으로 잡고 열게 냉장고 문이 나왔죠~ 님처럼 왼손으로 차문을 열면 차에 탑승하기엔 더 합리적이겠죠~ 그러나 왼손잡이가 아니라면 자동차 문고리 왼손으로 여는 오른손잡이는 거의 없어요,4
397,기가찬다... 에라 설명서좀 읽어라 선루프 사용법도 모르고 이걸 트집이라고....,1
398,아따 불만 많소 ㅋ,6
399,카메라를 너무 가까이 대서 어지러워요,1
400,일부러 단점 찾아내는 사람같음,1
401,여러모로 손이 많이 가네요 ㅜㅜ,1
402,ㅋㅋ 정말 이상한걸 ㅋㅋ지적하셨네요,1
403,왼손잡이 신가..,1
404,프로불편러,1
405,중국산,1
406,ㅋ,1
407,트렁크 길이가 D4보다 몇센치 짧은게 키큰 차박러에게 가장 큰 마이너스,1
408,이런 차는 제 취향은 아니네 하고 있다가 갑자기 너무 매력적이어서 시승리뷰 찾아보는데 6기통 디젤 리뷰는 거의 없네요오프로드 컨셉이지만 그런 차들 중에서 가장 온로드 승차감이 좋다는게 장점이네요디자인이 너무 아이코닉하고 정말 갖고 싶은 차에요!!!,2
409,제가 차리뷰에서 바라는것들이 대부분 있는 리뷰어중 한분 잘 보고갑니다,2
410,테일게이트만 위로 열리거나 지프처럼 2단으로 열 수 있으면 좋겠다,3
411,랜선드라이브만 보다 시승기는 처음보는데 굉장히 상세하네요! 감사합니다!!,2
412,멋잇어요 특히 휀다 하부영상 스타워즈 같네여~ 에어서스 주부 진짜 철스프링이 아닌 고무주부 느낌나서 좋아요 승차감,5
413,꼼꼼한 리뷰 잘보고 갑니다! ,2
414,디펜더 110se분양받은지2달넘어갑니다 가끔 세컨으로 타고다니는데 만족합니다 차가너무 이뻐요,2
415,항상 영상 잘 보구 있어요! 감사합니다 ️ (14:45 에서 열선핸들 불 안 들어와서 잠시 당황하신건가요? ㅎㅎ..),3
416,꺅 인스타보고 기다리고있었어요 ! 열심히 잘 보겠슴미다 헤헤 수고하셨어요 형님!,1
417,디펜더 간지..ㄷㄷㄷ,2
418,한 4개월 정도 탔는데 엄청 만족 중입니다. 랜드로버인데 언제 고장나려나 하는 쓸데없는 고민되는 부분말곤 대만족,5
419,주차장에서 봤는데 차가 크더라구요~,3
420,개인적으로 내부 디자인만 봤을때는 1억 넘는게 믿기지않네요,2
421,디펜더90은 시승계획이 없으실까요?! 비교시승도 참 궁금하네용,3
422,디스커버리5 HSE 타고 있는데 5인 가족 아니면 디펜더 타고 싶습니다..^^랜드로버가 지난 몇년간 전장류 잔고장과 AS대응으로 오명(?)을 갖고 있는데..이번 디펜더와 뉴 디스커버리.. 그리고 신형 레인지로버를 통해 오명을 벗기를 기대해봅니다..,3
423,볼륨 컨트롤은 조수석 자리 위한 것입니다.그래서 우측에 있는게 당연하죠.운전석은 핸들에 있지 않나요?,1
424,반자율주행 옵션이 있나요?,1
425,줗은 영상 감사합니다^^,2
426,근데 se모델은 통풍 기본옵션은 아님… ㅜㅜ,1
427,가격이 어느정도 영역대잉가유? 7~8천대?,1
428,이차가격이 왜 1억이라는 말인지 이해가 안가네,2
429,가격에서 지지,2
430,누가 날보고 롤스로이스 컬리넌 가질래 랜드로버 디펜더 가질래 하고 물어본다면 나는 망설임 없이 <랜드로버>요 할 거시었떤 거시었따-걸걸걸걸️,1
431,방지턱 지날때 앞 bmw는 여진이 있는데 디펜더는 없네요,1
432,이차 바디온 프레임아니죠?,3
433,Hud없나요?,1
434,7000하면 딱임,2
435,번창하세요!!!!!!!!,3
436,정말 내가 딱 좋아하는 디자인이라서 정말 정말 사고 싶지만................ 딱하나 걸리는게 랜드로버라는거......,10
437,Lg 가 참여 했다는데 어느 뷰분인가요,1
438,보증기간때 잘타고다니길 끝나면 수리비 폭탄맞을테니  이번 11월달 오토바이오그라피 수리비 1200나와서 랜드로버 레인지로버 이름만들어도 토나오네,2
