,comments,likes
0,이런 편안한 주행영상 찾았는데 딱이에요 편하게 잘 보고갑니다,1
1,내 첫차... 좋은추억이 담긴 차... 예전 주행하던 느낌 나네요.,2
2,예전 차라 그런지 내부 인테리어가 뭔가 클래식해 보이네여,1
3,sm3 디젤이 이렇게 조용한가요? 엔진소리가 거의 들리지 않을정도이네요.주행할때는 좀 들리지만 공회전때 이렇게 조용하다니...  dct 미션은 느낌이 어떤가요?늘 안전운전 하세요~,1
4,첫차 살 시기에 유튜브 탐험다니고있는데 이채널은 운전석 볼수있는거랑 개인적으로는 필요한거만 다들어있음 ㅋㅋㅋ,3
5,영상 재미있게 보고있습니다신차들도 시승해 주세요,1
6,"현존하는 한국 준중형 세단은 K3,아반떼CN7,SM3 제일 좋은거 같음~ SM3 최고짱!",4
7,하ㅜㅜ SM3 딱 내취향이야ㅠㅠ 싼타페 연습으로 타다 폐차하고 이거 사야겠다ㅎㅎ,4
8,카메라는 어떤걸로 사용하고 계시는건지 여쭤봐도 될까요? ㅎㅎ,1
9,스프링 안끼우셨네요 ㅋㅋㅋ SM3는 무조건 다운스프링 끼워야됨 ㅋㅋㅋ SM3 한국 슈퍼카 화이팅!!!,1
10,혹시 창문열려있나요? 풍절음이 되게 크네요..,1
11,왼쪽 백밀러에 점 지우세요!!! 사고 납니다!!! 죽습니다!!!,1
12,스마트키 차량인가요?,1
13,주행중 계기판은 왜 모자이크 하는거죠??????,3
14,혹시  이도로 상주인가요?,2
15,렌트카인가요,1
16,직업이 어떻게 되십미깡,2
17,2010년식 le모델 첫차로 타는데 다 좋아요. 미션도 11년차인 올해 슬슬 이상해진 거 빼곤 아직 큰 수리비 안 들고 오일 갈고 브레이크 라이닝 갈아주는 정도로 타고 있습니다. 아 힘딸리는 건 팩트고 그 외에 에어컨 소리 살벌 큰 거 정도입니다. 아직도 큰 이상 없이 잘 타고 있어요. 못생기긴 했어도 이 녀석 덕에 르노삼성차 이미지가 제게 좋아졌어요,8
18,뭐든 뽑기운이 중요하다고 생각합니다. 현기차를 이용하는 이유는 적당한 수리비와 빠른 as가 아닐까 싶네요,3
19,10년식 sm3 le 타는데 연식대비 차 진짜 튼튼하고 잔고장 별로 없고 다른 준중형이랑 비교해서 실내 더 넓고 차 자체가 큽니다 아직도 밟으면 새차처럼 싹 나가요 개인적으로 느끼는 유일한 단점 두개 열선 버튼이 조수석 오른쪽 밑에 있는거 그리고 컵홀더 하나 작은거... 이건 진짜 하,1
20,디젤이 변속기때문에 울렁거리는게 있는거죠. 가솔린차량은 CVT가 들어가는데 디젤에는 게트락 6단 DCT가 들어가죠. 이 DCT가 수동기반 자동화변속기라 그 특유의 꿀렁거림이 있는겁니다. 저는 주행거리가 많아서 같은차량 디젤과 가솔린으로 고민하다가 가솔린으로 선택했습니다. 2018년 1월식인데 큰 고장없이 잘타고있습니다.,1
21,영상 잘봤어요저도15년3월식 네오 풀옵타다가지지난주에팰리세이드로 바꿨어요.약5년가까이 잔고장없고 다좋았는데수리비가 많이비싸고 힘좀딸리고 에어컨콤푸소리 엄청큰거만빼면 다좋았네요 .디젤은 어떤지 궁금하네요항상 안운하시고 행복하세요,2
22,sm3neo 16년식 가솔린오너입니다. 잘봤습니다. 디젤은 어떨지 모르는데 가솔린 모델은 XCVT 미션 조합으로 저알피엠 항속주행 하기 정말 편합니다. 60-80km 1500RPM미만으로 항속하면 정말 조용하고 연비도 최강,10
23,게트락의  DCT미션입니다. 쉽게 설명하면 수동미션을 자동으로 변속해주는 거라고 생각하면 됩니다. 이 미션의 특징이 저속에서 울렁거리는게 특징입니다. 일반적인 오토미션에 비해 부드러움이 떨어집니다.,2
24,저도 어머니 Sm3 자주 운행합니다. 가장 큰 단점은 AS비용 매우 비싸고 자가수리가 힘든거죠.,1
25,저는 sm5 노바 디젤인데 확실히 뭔가 꿀렁거리는게 있어요 이게 뭔가 고장은 아닌것같고 원래 이런건가 하기에도 애매하고 ㅋㅋ 근데 겁나게 잘치고 나가더라구요 ㅎㅎ 그냥 그려러니 타고있습니당,1
26,전 만족하면서 탑니다 2016년에 사서 이제 막 10만 넘었는데 고장 한 번 없었네요 꿀렁이는건 솔직히 순정 합성유로 바꾸고 그런일 없었구요 힘딸리는건 인정 근데 시내에서 쏘고 다닐일 없으니 괜찮고 저는 잡소리도 안나고 차 좋은데 주변 평가는 그닥이네요ㅋㅋㅋㅋㅋ 저만 좋으면 그만이죠 뭐^^ 탄력 받으면 그거대로 답답한거 없으니 만족합니다~ㅎㅎ 센터 기준으로 현기 르삼 쉐보레 자잘한 정비비들은 다 비슷합니다... 전 정비비 비싸다는거 사실 좀 노이해이긴 합니다ㅎㅎ 안타보고 주변에서 그냥 비싸다 비싸다 하니까 비싼것 처럼 느끼는거지 센터 기준으로는 다 비슷합니다 자가 수리하기 빡센거 인정 그렇다고 아주 못할 수준은 아니라고 생각되네요 근데 qm6로 바꾸고 싶은건 안비밀ㅠㅠ,6
27,첫발매 당시에는 옵션이 좋았음.중간에 현기가 풀체인지 두번세번할동안 제자리라 그렇지 그리고 준중형 차에서 hud는 아직 현기도 없음,3
28,K3/SM3 현존하고 있는 차중에 디자인은 제일 멋짐~,4
29,"2018년식 같은차 가장깡통인 가솔린PE 등급에 가죽시트, 안개등, 전동접이사이드미러, 알로이휠 넣어서 타고있습니다.지금차 전에 09년 11월식 같은차 SE등급 타고 넘어왔습니다.CVT미션이 망가져서요.개인적으론 CVT변속기 빼곤 만족합니다. 이 CVT가 의외로 고장이 잦더라구요.",8
30,사골 12년째 골격 외판 엔진 미션 같죠 ㅎ 09년식 사서 21년식으로 만들 수 있을걸요 ㅎ,1
31,힘은 없지만 비슷한 등급중 가장 넓고 가성비도 좋지요,13
32,나의 첫차가 sm3 였는데... 전기차를 알아보는중 다시 보니 기분이 묘함ㅋ,2
33,현기대비대 단점 악셀이 무거워 차가 잘안나감 장점 하체가 무거워 승차감은 좋은편 동급 현차는 밟음 무지 날림가격대비 깡통차라도 옵션이 좋음,8
34,Sm3승차감은 다른 등급에 차보다 승차감이 좋던데~~,1
35,저기 핸들에 있는 R/O랑 왼쪽 +\- 무슨 옵션인지 궁금합니다 ㅠㅠ,2
36,sm3 2010년식 타고있는데 다좋은데 힘이좀 많이약하긴 합니다,13
37,핸들 열선 없는게 다 좋은데 르노차는 사제로 달려해도 안되는곳이 많아서 그게 단점인듯 ㅠㅠㅠ,2
38,Sm3 가솔유저인데 가솔린도 조금꿀렁여요17~20때 변속기가 멍때리는거같던데 제차는 2단바꿔야하나?말아?이런느낌으로 두다다다다 진동오는.... 그외는 편하게탈수잇는차라...타는거죠..단종되서아쉽지만..ㅠ,1
39,디젤산지 3년조금넘었는데 저속에서 수동급울컥거림ㅠ   연비하나에 만족합니다,5
40,1:58 ㅋㅋㅋ 성격이 급해서 여기로 넘겼는데넘기자마자 “안이뻐요”이래서 겁나 웃었네 ㅋㅋㅋ 보통 차 리뷰는 장점 말하기 바쁜뎈ㅋㅋㅋㅋㅋㅋㅋ,6
41,지금도 여전히 타고 계신가요? 아니면 기변하셨나요?,1
42,르노는 프랑스회사임푸조 시트로엥  프랑스 회산데 3개 모두 디자인이...,2
43,11년식 오너:연비는최강 근데 차 졸라 안나감 부품값 졸라비쌈 끝. 현기가 가성비 짱,2
44,우리 아빠차가 sm3인대요 솔칙히말해서 사람이5명하고 집이꽉차있다면 꿀렁이는건 감소할것입니다 다만 힘이 딸려서 앞으로 천천히가속이됍니다아빠 차가 2012 년애 삿습니다 그래도지금도잘달립니다최대180km나옵니다하지민 계기판은 많이달라졋내요내비 업대이트안하면 오류 가점좀많아집니다 그래서 지금은 내비를 안쓰고 카카오내비를 씁니다아그리고 핸들도많이봐겻어요,10
45,주행거리가 많으셔서 디젤가신건가요???,2
46,Sm3 12년식 휘발유인데도 가끔 저속일때 엄청 꿀렁거려요..,3
47,11년식 se 블랙 신차로 구입해서 아직도 타고있는데.. 두번다시 르삼은 없다.는게 제 생각.,1
48,2000만원 주고 사는 차에 4000만원 옵션을 요구하면 되나요? 저는 3년 째 타는데 엄청 만족하며 탑니다.,2
49,"차 디자인은 10년이 지나도 아주 만족함수리비, 부속비용  정말정말 더러운 수준.",2
50,저도sm3 그냥 가성비가 줗아서 탑니다가성비 하나만큼은 최고조 솔직히 ㅋ,15
51,디젤이신가보네요 rpm게이지를 보니 저도 이차를 9년정도 몰고있는데. 2.0모델인데 탈만합니다,1
52,회사차가 sm3라서 출장으로 인천에서 포항까지 갔는대시트가 왜이리 딱딱해요 허리 병신되는줄 ㅡㅡ차는 또 왜이리 힘이없는지....쌀한가만메고 가는줄...실내도 현기나 타 브랜드에비해 싼마이느낌 가득하네요 연비는 그나마 좋네요..,3
53,sm3르너삼성 자동차부품값은 괜찮아요??저렴한가요??,1
54,동급에비해 아반떼 md보다sm3는항상신차느낌으로~~,9
55,신림동 사시는구나ㅋSM3는 안밖 디자인이 호감이 안가요 이젠 단종됐다죠?ㅋ준중형은 K3가 젤 무난한듯.. 아반떼가 가장 무난했지만 이번 디자인 너무 과하더라고요ㅋ,2
56,제와이프 이번에 2014년형 sm3사줬는데시동끄면 라디오랑 계기판점화등이 한5분?에서10분뒤에 나중에꺼지나요?이게정상이나요?,1
57,우와 크루즈있는 sm3네요 첨본다,1
58,무례한 댓글 엄청 많네요 무식한거 티내는것도 아니고~ 후기 잘보고가요,2
59,내장에 저 플라스틱 쌈마이 감성은 증말... 모양이나 배치 좀 신경써줬으면하는 아쉬움 ㅠㅠ,1
60,"유상수리시  수리비가 많이 비쌉니다,참고하세요!",1
61,면허 따면 첫차 고민중인데 괜찮나요???,1
62,연식이 어떻게 되나요?,1
63,11년식 집에 있는데 신형이 안나오니 얼마나 좋은지?? ㅋㅋㅋㅋㅋㅋㅋ10년된차나 지금나오는거나 똑같 ㅎㅎㅎㅎ,1
64,ㅋㅋ 인트로하나 더만듭시다 재밋게찍어서 하나 보내주세요,2
65,조아요 구독 꾸욱누름니다 알람설정 하고감니다 행복한 시간 보내세요,1
66,"출퇴근용으로 스파크,레이,sm3중 고민중인데... 흠....",3
67,있는집 자식인듯 sm3 개럭셔리카,3
68,요~~~~맨 좋습니다,3
69,나도 15년식 이만 삼천 탓는뎀 저속 꿀렁 꿀렁 되공 브리이크 밟으면 끼익끼익 소리나궁 내장재 개 쓰래기 근대 고장은 안나더라구욤 고장이 안나~~,1
70,단점을 잘 못말하네요,2
71,우리아빠 차기종...,1
72,인트로가 마약이네.. ㅋㅋㅋㅋ,10
73,왜 사셨어요?단점 모르셨죠??,2
74,계기판부터 맘에 안듬ㅎ,11
75,멘트가 추잡해요...  고급스럽게 가시죠....,1
76,Sm3 개쓰렉 다신 sm안산다,2
77,컵홀더...,6
78,내가 제일 싫어하는차가 현기차임,5
79,관악구군여,1
80,난 예뻐 개구리가 이쁜데,8
81,나는 이뻐만보임,1
82,이차차주들 측징 김여사이거나 남자들은 짠돌이 ㅋㅋㅋ,2
83,차 개썩었네,3
84,하체 셋팅이랑  벤츠합작엔진은 다 칭찬하더라 가성비는 진짜 갑인듯,6
85,상품성이 엄청 강화됐네요. 특히나 제가 제일 좋아하는 블랙 헤드라이닝이 들어간 점 칭찬~ 아쉬운 점은 여전히 작은 콘솔박스 ㅠㅠ,6
86,"전문가는 아니지만 자동차 애호가라 국내외 다수 프리미엄부터 볼륨 모델 차량들 몰아봤는데 최근에 구매한 차량이 xm3 인스파이어네요! 물론 시승은 구매 전 해봤고, 현재까지 차량 중 제 개인적인 주행 성향이나 선호도와 가장 잘 맞는 차라는 생각이 듭니다. 일단 속도를 내기 시작하면 차량이 아래로 깔려서 안정적으로 도로를 잡는다는 느낌이 듭니다. 핸들링은 고속에서와 저속에서 딱 알맞게 무거워지기도, 조향성이 좋아지기도 하죠. 제일 놀란 부분은 코너링인데, 심지어 와인딩 시에 속도를 내봐도 차체를 제어해 주는 능력이 탁월합니다. 펀드라이빙 즐기는 편인데도 뒤가 털린다거나, 펄럭인다거나 하는 걸 전혀 느낀 적이 없고요, 롤이 있긴 하지만 말씀하신 것 처럼 그 롤이 오히려 운전 재미를 주는 희한하게 기분 좋은 롤입니다!^^ 최저 지상고가 높은데도 불구하고 쿠페형이라 그런지 마치 골프 운행할 때 처럼 쫀득쫀득한 주행 질감을 느낄 수 있죠.^^ 말씀처럼 정말 서스 세팅에 깜짝 놀랐습니다. 한 달째 운행 중인데 이건 적응이 된 건지 기분탓인지 모르나, dct 미션의 초반 꿀렁임도 지금은 거의 못 느끼고요.단점은.....딱 한 번 네비가 말을 안 들었던 거랑, 통풍, 열선 2단계의 성가심, 차박을 하기에는 살짝 낮은 전고 정도?어쨌든 전체적으로는 대만족 차량입니다!^^",8
87,XM3에서 아쉬운 점1. 하이브리드가 아니라는 점2. 전장과 휠베이스가 다소 짧다는 점3. 기아커넥트와 같은 운영서비스가 없다는 점4. 실내디자인과 추가 옵션이 기아에 비해 열세라는 점위 4가지 문제만 없었다면 이미 XM3  구매했을 텐데.. 아쉽습니다,1
88,배기량 엄청 작은데 출력이 엄청 좋으니,4
89,하체 세팅은 정말좋은데 qm6랑 금액이 같다는게 함정,1
90,처음 인사드립니다 편집장님의 영상 늘잘 보고 있습니다비슷한 연령대인 듯하고 구수하고 자세한 설명에 감사드립니다과연 사심의 끝판왕은 무엇일까요? 혹시 저와 같은 고민은 아닐까요?너무 고민스럽습니다,1
91,영상 잘 봤습니다  늘 응원합니다,2
92,와아 멋지네요 리뷰 잘보고갑니다!,2
93,좋은리뷰! 즐감할게요:),8
94,아르카나 RS라인 나오면 리뷰 해주세요 ㅋ 기대 많이 되요.,3
95,언제나 인상좋으신 언어구사에 친근감을 느낍니다,7
96,내일 계악하러 갑니다.감사합니다~~~^^,5
97,이차는 다음모델 부터는 르노의 로장주달고 아르카나로 가는게 맞지.,8
98,"SM6 와 QM6 의 중간 높이 ,,,,, 시트포지션도 중간 높이 .... 타이어 그립력이 약간 아쉽습니다.",1
99,1:48 오류 정정합니다.전면 차음유리는 기본형(SE)부터가 아니라 LE부터 적용됩니다.,2
100,그릴이랑 엠블럼만 바뀌면 디자인면에선 동급에서 짱먹을듯…,3
101,1.3 le 차주입니다.. 상품성올라간거 기쁘고도 배아픕니다...,1
102,또 최고급형 나왔대서 보러갔다가 그냥 qm6로 옮겨가는 사람들 많을 것 같네요,4
103,곧 보여주실 모델이 xm3 하이브리드겟죠??ㅋㅋ,4
104,르노 마크 다는게 더 상품성 개선의 외관에 일조 할듯.,3
105,1.3 인데 잘나가네요이런차들은 파워풀하게 엄청 나가진 않아도경쾌하게 나가는 재미가 있더라고요  ㅎㅎ코나 같은건 좀 고속에서 밸런스가 흐트러지는 느낌이 있던데이차는 괜찮은가 모르겠네유,3
106,1.6은 어떨까요. 요즘 dct 피하려고 계약 늘어난다던데요,2
107,17:50 위장막 그렌져 인가요?,4
108,dct... 연비 좋은데 8-10만 정도 타면 플라이휠 갈아줘야하고.. 변속기 무겁고.. 흠..,4
109,르노 특. 4륜에 굉장히 인색함.,1
110,하브 나올때까지 숨참는다 합!,2
111,선루프는 아직도 없나요?,1
112,d딸 없나요? 르노 고질병이 궁금하네욤,1
113,진짜 이제는 로고만 바꾸면..,2
114,물들어올때 노 잘젓는 르노삼성,1
115,Xm3는 김혜연 기자와 함께해야 되는데,1
116,우아아아아아앙 박기돈 편집국쟌님이다아아아아아~!@!!@#XM3 생각보다 잘 안보이더라구용...,3
117,실내가 많이 좁나요??,2
118,돈 조금 더 받아먹으려는 수작. 오우야 그럼 그렇지.,1
119,저놈의 뻐드렁니 르노차의 폭망 디자인인데 왜 고집을 하는지 모르겠다.크게 느낌은 오지 않는다. 실내 디자인도 별로다. 느낌이 안 온다.,1
120,빨간줄 진심 내가 튜닝했어도 저렇게는 않한다 ㅋㅋ,1
121,르노야 로고만 좀.. 바꾸쟈~,2
122,"이 모델은 너무 아쉬운게, (부담스러운) 빨간색 외에는 흔하디흔한 흰색, 그레이, 블랙밖에 없다는거...",4
123,빨간줄이 너무 촌스러워요,2
124,도로 한가운데서 정차해도 괜찮은가요? 너무 위험해 보이네요,1
125,빨간줄 촌스럽,1
126,이차는 매력이 없음,1
127,rs라인은 안나오나?,1
128,기술력좋습니다.  유럽에서 반응도 좋고 일본에서 수출도 한다고합니다. 일본은 하이브리드차량으로 잘아려진나라라고알고있습니다. 국내에는 출시 타이밍이 너무 늦은것같습니다.,13
129,내년으로 연기됐다는 얘기가 있었는데 올해 출시되니 넘 반갑네요. 국내 연비는 20km/L만 넘으면 만족하겠고요. RS라인 디자인은 옵션으로 라도 꼭 나왔으면 합니다. 넘~~기대됩니다.,7
130,경쟁력있는 가격으로 얼렁 나오기를,2
131,근데 rs디자인으로 과연 나올까요? 찐르노 아르카나 최고 트림인데...,2
132,xm3하이브리드빨리 적당한가격에출시됬으면,3
133,"이거보다 니로/아반이 공간, 가격측면에서 낫지 않아요??",3
134,개인적으론 오스트랄 E-Tech가 아르카나(XM3)보다 더 좋고 연비까지 더 훌륭하던데... 오스트랄 출시는 할 생각이 없나...,8
135,올해출시된다니 너무반가운소식이네요,10
136,저거 사서 서울 부산 왔다갔다 2주마다 하면 하브 뽕 뽑지 않을까여?!,1
137,적어도 니로보다 60~70만원이상 싸게 시작하겠죠!!,1
138,그냥 르노 마크 달았으면 좋겠다.,5
139,르노 마름모 대신    그대로 유지되어 다행 스럽습니다,8
140,차로고모양등  똑같이나오면잘나갈듯,1
141,혹시 이거 외관이 국내도 저렇게 나올까요??? 범퍼저렇게 바꿔서?,1
142,미션정보는따로 없을까요??,1
143,가을 출시 사측 오피셜 발표인가요??,2
144,프리우스보다 더 많이 나오네요 ㄷㄷ,1
145,500 비싸도 일반 승용탈때비교 할부기간내 회수가능연비 아닌지,1
146,르노는 xm3는 차가문제가아니다 서비스랑 부품 가격이 문제임....그것만 해결되면 솔까좋음해결안되면 똑같음 브랜드파워가 이래서 중요함 현기가 고급외쳐도 여전히 가성비 브랜드인 이유 ㅋㅋ,1
147,영맨피셜. 500~700정도 더 비쌀거라고 하네요.,2
148,하브 나온다고? Wow,2
149,투싼 하브 계약 하려고 했는데 이거로 가야겠군요,8
150,XM3 re등급 지금 사는게 좋을까요가을을 기다렸다가 하이브리드 사는게 좋을까요?,1
151,가격올라도 dct는 버려야지..,1
152,배터리가 약한데?,1
153,돈벌려면 여름전에 출시해라,1
154,오스트랄이 나올까? 안나올까?,2
155,현대 뻥연비 보다 좋겠지요,6
156,와이프용 세컨차로딱이네요,4
157,르쌍쉐는 항상 느리다,1
158,35km까지만 ev   시내 배달차용입니다.,1
159,일하는 차가 따로 있어서 1년에 5000km 이하 타는데 하이브리드 뽕 못뽑겠죠??,1
160,국내인증 연비는 16~18 예상입니다. 유럽 인증연비는 뻥연비가 심합니다. 비추 하고 갑니다.,3
161,연비가 좋으면 머해 감가에서 연비 다 까먹을텐데,2
162,"르노 부품쓰래기 네비 쓰래기,정비 쓰래기,중거차판매 쓰래기",4
163,"차체 완성도랑 안정성은 모르겠지만 성능, 디자인, 내부 인테리어 정도만 보면 아반떼랑 K3 비교 했을때 구매욕이 들만한게 없는것 같아요ㅠ르삼이 너무 신경 안쓰고 성의없이 만든 느낌ㅠ근데 초기 SM3는 닛산 블루버드를 들여온 차라 꽤나 좋았다네요~완전 차알못 시절 이 SM3 보고 르노를 완전 허접한 자동차 회사로 알았다니깐요ㅋㅋㅋㅋ",4
164,한때  2.0 이 잠깐 나왔다 사라졌었죠.개인적으로 관심있어서  반갑게 시청했습니다.딱 예상한대로 그대로 나와주는 차 였네요~^,4
165,엔진 회전질감이 좋다는데.. 엔진이 분당 몇천번 실린더가 왔다갔다하는데 그 질감을 어떻게 느끼신다는건지ㅎㅎ,3
166,"홍시님의 SM3에 대한 평가 궁금했는데 자세한 해설에 감사드립니다. CVT보다 수동이 좋을듯한데, 명절잘보내시길 바랍니다. ",4
167,일반인눈높이에  잘맞춰주는 리뷰같아서좋네요  리뷰고맙습니다,2
168,에어컨필터 및 정비성편의는 최악이지만 무난하게 탈 수 있는차ㅎㅎ,3
169,탑승공간 제스쳐로 설명해주시는거 넘나 귀엽따링~,2
170,"악평 뚜드려 맞을 줄 알았는데, 가속력 빼고는 평이 나쁘지 않군요.코너링이 나쁜 차는 아닌데, 조향감은 실망스러운가봐요.여튼 두세대 이전 차량같은 느낌입니다.",7
171,홍시누님오늘도즐거운영상보고갑니다항상재미있는영상만들어주세요,2
172,ㅎㅎㅎ 칭찬즙 짜내시느라 고생하신 느낌? ㅎㅎㅎ 중고차 리뷰도 신선하네요 푸롹셀 때 소리만 웅 하는거 넘 웃겼습니다 :),2
173,저렇게 활발해보이지만 속은 안그렇겠지.. 항상 활발해보여서 좋네요,1
174,우와 이 리뷰 은근 중독성이 있네요ㅎㅎ,3
175,홍씨님 리뷰는 일관성이 있어서 편하고 끝까지 보게돼요~,4
176,잘보고 구독하고 갑니다. 앞으로도 쭈욱 찍어주세요~~ 리뷰영상 좋아요,2
177,중고차 고려 중인데sm3보다 올뉴크루즈 가 좋겠죠?안전과 기본기를 중요하게 봅니다,2
178,역시 홍시님은 활봘해서 너무 보기좋아요~^^항상 화이팅,2
179,아는형이 sm3 네오 17년식 탔었는데내장이랑 엔진출력 부족한거랑 디자인 조금 별로인거 빼곤 아반떼 k3 크루즈보단 위라고 얘기하던데 진짜인가요? 연비도 좋다하더라구요,2
180,"sm3 내장, 가속감은 그닥인데..세시는 아반떼보다 우수합니다. 가속감을 원하시면 sm3 수동을 추천합니다.",3
181,sm3 2019년까지 진짜 생애첫차였는데 2020년에 좋은 SUV가 나와서 진짜 좋아요.,4
182,항상 믿고보는 홍시님!!,2
183,앗 어느덧  홍시님 보러  오는듯하네요매력이  넘치시네요Sm3이전차인데차 좋아요 잔고장8년동안  한번도 없어서,2
184,차급에서 내용 만큼은 정확하고 확실한데요~,2
185,사회초년생 여성분들에게 모닝보다는 sm3 추천해드리고 싶네요 ㅎ,2
186,장점 : 10년된 차도 1년된거 같음단점 : 1년된 차도 10년된거 같음무난무난한 느낌의 평범한 준중형 세단이라고 보면 되겠네요ㅎ,7
187,Sm3네오 16년식 가솔린 탑니다홍시님 리뷰잘하시네요제입장으로 간단요약합니다차에서 먹고자고하는거도 아이고(내부디자인 단조로움) 자동차레이싱 경주하는거도 아이고(밟는데로 바로안나갑니다)묵직한차 고속에서 안정감 문짝 두껍 차에기본이 중요하다 강추입니다다아실테지만 잔고장ㄴㄴ 삼성차기본에 충실하니 이부분에맞다면 추천현기차처럼 디자인날리고 난 차가 악세사리다!  밟는데로 숭숭 나가는차내부에도 이리저리 디자인이 이뻣으면 좋겠다 하는분들 비추입니다!ㅎㅎ,2
188,오늘도 참 멋쟁이♡추석연휴 잘 보내주세요!,3
189,홍시님 방송 재밌네요 얼굴도 이쁘시고 항상 밝은 미소  너무너무 좋아요   굿이에요,2
190,가격은 싸서 첫차로 살만할듯 침수차가 많아서 중고차 사기도 힘들고..,2
191,홍시님 영상보면 기분이 좋아지네요 밝으셔서~^^항상 화이팅 하세요~~,8
192,이번주 차량은 르노 삼성 SM3 네오 입니다 구독 좋아요 눌렀습니다 홍시님 사랑해요빵,2
193,차량지식과 언어의 구사능력이 뛰어나고굉장히 수준높아 보입니다.잘보았습니다.,4
194,"개인적으로 주행 질감,  핸들, 조향감, 서스펜션은 아반떼, k3 따위와는 비교불가고 2세대 k5보다도 좋다고 느껴졌음..  확실히 엔진의 출력이 딸려서  재밌게 탈 수 있는 차는 아님..",5
195,"저도 k3사려다가 sm3 타고다녀요ㅎ,가성비때에ㅠㅠ 옵션조건 동일조건 따져보니 300만원 이상차이 그런데 막상 타고보니 꽤 만족하고 다닙니다",3
196,"전반적인 리뷰를 보아하니 고속주행 밑 장거리출장, 레저용 보다는 시내공도 출퇴근전용 세단인 것 같네요",2
197,영상 감사합니다 ^^  행복한 한주 즐거운 추석연휴 되세요 ~~~,2
198,개다리소반정말 오랜만에 듣는...나이속인거 아닙니까ㅋㅋ,2
199,16년식 sm3 아반떼 k3 중에 어떤걸 제일 추천하시죠?,2
200,으악 ㅋㅋsm3 내장은 정말 ㅋㅋㅋ지켜줄수 없겠네요 ㅋㅋㅋ무조건 앞만 보고 타야할 듯 ㅋㅋ,6
201,개인적으로 최애 표정 8:59,3
202,sm3 더 첫차로 고려중인데 수리비가 너무 비싸다는 얘기가 많아서ㅠㅠ,3
203,홍시님 추석 잘보내세요 안전운전 하시구요. 맛있는 음식 많이 드세요,3
204,길 잘들이면 알피엠 3000정도만 올려도가속하셨을때 꽤나 잘올라가더라고요부족하다 느낀 출력도 길들인걸로 타시면부족함 못느끼실듯!실내는 어휴..,3
205,겸손한 차 겸손하지 못한 썸네일,3
206,썸네일보고 안누를 수가 없었습니다...입으신 룩이...어우 ㅠㅠ 제 최애,3
207,2018년식인데 차안이 촌스럽네요. ㅋㅋ!호불호가 갈리겠지만 sm3는 국산 세단중에서 젤 못생긴차인거같아요ㅎㅎ,2
208,중고차구매하려고 여기저기 알아보다시청하게됐네요^^유트브에혹시SM3중고차리뷰!!그나마도움이됐습니다감사합니다^^,3
209,넘 재미있어여!!! 홍시 최고~~,3
210,뭔가 sm3는 차체가 뒤가 올라가고 앞이 내려간 느낌...앞뒤가 수평이 안맞는 느낌,1
211,톡톡 쏘는 억양과 함께 유쾌하게 본 리뷰였습니다,2
212,밝은 모습 보기 좋습니다!,2
213,2018년식 내부ㅋㅋㅋㅋㅋㅋㅋㅋ,3
214,1번이네요!!!뭐 이쁘다는 말만 나오네요차와는다른 디자인~~~~~,2
215,10년 전 모델을 구매해도 얼굴만 약간 다른 너란 자동차...,7
216,쿠궁 할때 삐빅 소리 국룰ㅋㅋ,2
217,홍시님 항상 잘보고있어요! 저속에서 꿀렁임이랑 D딸이 있다던데 많이 체감하셨나요??,3
218,목소리 들으면 들을수록 중독된다...,3
219,말리부 2.0터보도 리뷰해주세여~~,2
220,홍시님~~~화이팅스~~^^,2
221,Sm3지금도팔리면 사골에서탑인데 단종됐겠죠?,2
222,홍시씨!오랜만에  봐서 반갑네요.수고하세요.,3
223,먼가 리뷰찍고나면 현타 오지게올듯,1
224,"브레이크 발을때 끽~~, 소리, 에어컨필터교체 아주 까다로움 정비소에서도 회피 하려함, 부품 가격이 현대 기아보다 엄청 비쌈, 에어컨 소리 심함,",2
225,SM3 차가 단종된걸로 아는데 신차는 이제 없겠죠??,2
226,무난한데 데일리카로 딱이에요!,2
227,이거 살빠엔 k3가 나은거 같음...,2
228,"그냥 굴러가면 됍니다 출력 ,안전따지면 운전못하죠 비싼차를 싸야하니깐 그냥 돈조금투자하는것은 sm3 ㅋㅋㅋ",3
229,굿굿리뷰,3
230,아니 하라는 차리뷰는 안하고 왜 개그를 하심? 잘보고 있다가 갑분 휴게소 메들리ㅋㅋㅋㅋㅋㅋㅋ,4
231,차렌트하시랴 촬영 하시느라 힘드시겠어요 ㅠ,2
232,실내 실화냐...,2
233,이쁘다. . 차말고..ㅋ  굿,2
234,저속에서 풀악셀!   뻥터졌네요 ㅎ ㅎ ㅎ,2
235,XM3  1.3 추천요~~~~~,2
236,잘봐씀다,2
237,으이구 이쁘다. 차말고.,8
238,역시 이차도 안사요 !,3
239,안녕하세요 저는 홍시팬입니다~,2
240,으악 다보고 나니까 손발이 오글 ㅋㅋㅋ,3
241,선생님 안녕하세요병아리반 학생 입니다저도 sm3 몰고 싶습니다.,2
242,사랑해 홍시,4
243,긔염긔염,3
244,Babyyy️,2
245,안산다에 300원 ᆢ^~^,2
246,어우 ㅋㅋ 기여우심 ㅋㅋ 재밌내여,2
247,디젤인가영,2
248,열심히히시는건 좋은데.... 편집하시는분 힘드시겠.....,2
249,죄송요 저는 아반떼 계속 탈게요 ^^;;,3
250,몸매 조으시다. 래쉬가드 입고 리뷰점...,3
251,안살거예요~~ㅋ,4
252,아오 귀여워 나랑 사겨요,2
253,저 삼성차 관심없어요 근데 왜보냐구요?홍시라는 미녀가 리뷰하니까 안볼수가 없네요,5
254,홍시 점점 치마가 짧아지네요.차로만 승부 하셔야죠 ㅎㅎ,2
