,comments,likes
0,안녕하세요? 모터피디 민철기입니다. 지난 4월 25일 업로드된  동일 영상은 시스템상의 문제로 저화질(360p)로만 재생이 되어 부득이하게 다시 업로드하게 되었습니다. 고화질로 많은 시청 부탁드립니다. 감사합니다!,3
1,Nice Car!,1
2,정말 서민을 위한 최고의 차 입니다  고맙습니다!  르노삼성자동차  만세 .,2
3,정기자님 저도 응원 합니다 저도 사랑합니다 ,1
4,블링블링 합니다 ㅎㅎ,1
5,,1
6,남자  피디님 영어로 하시지 않나요??,2
7,동급차량들이랑 비교해봤을때 qm6 가격 대비 상풍성 따져보면 솔직히 정말 우수한 편이죠 suv 타고싶은데 가격 부담스러운 사람들한테 최적화된차라고 생각합니다 승차감도 좋고 디자인도 이쁜차,68
8,"현 QM6 오너인데, 영상에서 말씀하셨다시피 확실히 기본기가 강한 차입니다. 정말 품질과 기본기, 디자인은 정말 인정! 다만, 유럽 태생이어서 그런건지 편의사항이나 기능은 다른 국산차에 비해 아쉬움이 많습니다. 프랑스 사람드링 이렇게 소박한가? 란 생각이 들 정도 ㅋㅋㅋ 진짜 가성비는 훌륭하고 결함이나 잔고장 없이 좋습니다. 근데 르노삼성이 마케팅을 너무 못하는 느낌...",32
9,QM6는 국내소비자들에게 가스차로 만들어서 SUV에 가솔린은 미스매칭이라던 당시의 인식을 바꿔준차..싼타페의 여유로운 공간을 투싼가격에 느끼게 해주던 차죠 정말 매력적인 차에요투싼 신형은 아직 안타봤지만 신형이랑 붙어도 충분히 경쟁력이 있는 차죠 산타페랑 가격표 때고 붙기엔 좀 모자라지만;,61
10,공간대비 가격이 우리나라에서 가장 좋은 차다 정리가 너무 좋네요 기자님 ㅎㅎ 영상 너무 잘봤습니다 QM6가 여전히 경쟁력 있는 SUV인지 궁금하네요.,1
11,제 경우엔 출퇴근 거리도 짧아서 지금 엄청 구형차 몰고 있는데도 LPG인데 한번 넣으면 14일정도는 타거든요. 여차저차 이번에도 LPE 몰아보자하고 딜러분에게 견적 문의하니 2800정도면 살 수 있겠더라구요.근데 너무 변한게 없어서 갑자기 실망감이...ㄷㄷ,3
12,qm6 부모님 타시는데 생각보다 이쁘고 괜찮더군요 공조기 시동키면 바람 나오는거 그거하고 디스플레이 반응속도 느린거 소프트웨어 업데이트 하니까 한결 좋아졌고 나름 탈만 하더라구요,7
13,"QM6가 부분변경을 거첬지만 눈에띄는 변화는 없다지만 적어도 SM6 부분변경처럼 1.3, 1.8 터보를 넣어주었으면 좀더 좋았을거라 봅니다.",48
14,앞 그릴이 더 과감했으면 하는 아쉬움이 있네요. 외관은 살짝 머슬틱했으면 예벘을 것 같아요. 실내는 인테리어도 노코멘트지만 금액과 기본기를 따져 보면 충분히 메리트가 있네요.,1
15,항상 밝게 리뷰해주셔서 보기도 듣기도 좋아요.  그게 모카의 매력인듯.,15
16,작년 11월 가솔린 프리미에르 풀옵 구매 했는데 지금까지 넘 만족합니다. 힘도 충분하고. 연비는 10이상이라 부담도 없어요.,25
17,예전 qm5처럼 qm6도 닛산 로그의 영향을 많이 받은거 같아요. 미국내에서 로그는 약간 싼맛에 사는 차.. ㅎㅎ,4
18,르노의 저배기량 엔진들이 잘 장착되서 나오고 있어서 QM6 또한 저배기량 터보 기대했는데.. 많이 아쉽습니다.,1
19,이가격에 이런차 더 없습니다. 아주 만족하며 타고 있습니다.,5
20,르노삼성 에도 3열 좌석있는 산타페 나 펠리세이드 급 나왓으면 합니다.  현기차보다 기본기충실한 르노삼성이 좋아요~,2
21,LPG터보 하이브리드로 나오면 좋을 것 같네요. LPG의 출력부족을 채워줄 수 있을 것 같아요.,10
22,김한용기자님 리뷰가 시청하기 참 편합니다 ㅎㅎ,13
23,QM6 정말 만족하며 삽니다 ㅎㅎ공격적으로 과속하시는 분들이라면 비추,7
24,기존 Qm6 오너만 어디가 바꼇는지 알수있는 차네요 ㅎㅎ,13
25,S링크 생각보다 편함 다만 길찾기 가끔 이상하게 알려줘서 그게 불편할 뿐. 가장 불편한건 초반 악셀링에서 울렁거림 아무리 발끝신공을 펼쳐도 몸이 인지할 정도의 조금의 울렁거림도 있음... 부드럽게 세팅을 바꿔주면 만족감 몇배는 클듯..,3
26,신형 투싼이 커지는 바람에 더이상 가성비로만은 경쟁이 힘들고 LPG가 유일한 장점이겠네요 하지만 투싼 하이브리드는 정숙성과 연비 두 마리 토끼를 잡을 수 있다보니... 아무래도 QM6는 모델이 오래되어 대폭 개선이 필요했는데 소폭 개량에 그쳐서 휘발유 모델의 경쟁력은 내년 나올 스포티지 풀체인지까지 상대하기에는 많이 버겁겠습니다,4
27,그냥 네비 달지 말고 LPE RE등급 7인치 안드로이드 오토 쓰시면 나름 괜찮아요. 옵션은 매직테일게이트만 넣어주시구요.,11
28,하이브라드로 착실한 가격 나오면 대박이겠네요,1
29,"차량이 좋고 나쁨은 중고차에서 판명됩니다.싼타페 중고차는 거의 쓰레기 품질이나, QM6는 4년이 되어도 아주 훌륭한 승차감을 유지합니다.단, 싼타는 내부 장식은 잘되어 있지요.",2
30,저는 무슨 차를 타든 네비는 휴대폰으로 쓰고 나머지는 기능 조작용으로만 쓰는데 S링크에 딱히 불편함을 느낀적은 없습니다. 다만 아무래도 s링크로 네비게이션까지 이용하시는 분들은 불만이 크실것은 예상이됩니다. 현 qm6차주로써 테일램프만 바꾸고싶네요 ㅎㅎ,7
31,그러면 이전 LPG모델이랑 이번 LPG모델의 방음이 차이나는 건가요?,3
32,"정말 좋은 차 같아요...유럽과 미국은 가성비로 차를 구매한다는데..물론 대다수가 그렇단거죠..내부 디자인만 현대차처럼 현란하다면, 참 많이 팔렷을 차인데...아쉽네요...전륜에 4p를 국산차로는 처음 적용햇던 차로 알고있어요..",2
33,출력 약해도 엔진  말썽없이 탈 수 있다는게 최대 장점직분사엔진 모시고 사는 사람은 잘 알 듯,11
34,Qm6는 싼타페보단 투싼과 붙여 비교해보면 상당히 매력적인 차량임이 느껴지죠,14
35,"그릴이 작지 않은 듯 한데, 요즘 현기차 신차의 거대한  그릴들이 많아서 그런지... 그릴이 왠지  작아보이네요.^^",2
36,여담이지만 로그에는 2.5 노멀 엔진 들어가는데도 출력이 좀 아쉬워요. 2.0은 로그 스포츠에 들어가쥬.. cvt 랑 na 조합은 부드럽게 타는 맛이죠..,2
37,"스마트크루즈 컨트럴 정차및 재출발차선유지기능, 오토홀드 이기능만 모든트림에 옵션으로라도 넣어주면 가성비 끝판왕 될듯해요",3
38,"차분하게 말씀을 정말 잘하시네요,qm6영상 잘보고 갑니다.",2
39,점점 기아차처럼 디자인이..ㄷㄷ,1
40,현기가 점점 비싸지는건지 2400만원부터 시작이면 엄청나군요,1
41,안전 관련이랑 터치페널 ...좀.... 바뀌면 더 좋을탠댕 ㄷㄷㄷ,1
42,qm6 차는 정속성이 있고 좋습니다. ㅎ 전 볼드에디션 1600대 한정판을 타고 있습니다.,1
43,기아 로체 수동 2006년형 LPG 14년 타고 QM6 LPG로 금년 2월에 교체.연비는 확실히 기아 로체 수동이 낫고승차감도 승용이 낫고차체가 높아서 시각적으로 좋은거.얼마 안 밣은거 같은데... 150km/h.비상등 스위치가 너무 작아서 불만. 큼직막하게 중앙에 떡하니 붙어 있으면 좋을듯.만족하고 타고 있습니다.담엔 테슬라 모델Y 살겁니다.,4
44,지금 르삼은 외관문제가 아님ㅋㅋㅋ s링크 빨리 갈아치우고 실내디자인 센터페시아만 좀더 고급스럽게 바꿔도 판매량 확 늘텐데... 현대기아에 비해 한세대정도 뒤쳐진 차를 타는 느낌임,3
45,모카 잘보고있습니다 늘 고맙습니다!,1
46,SUV중 큼식이 디자인이 최고인거 같음. 물론 내 주관적인 생각임...,6
47,5월에 출고했는데 에스링크는 그냥 라디오  화면으로 고정해 놓고  후방 카메라 작동할 때나 봅니다. 네비는 폰  사용하구요. 그게 정신 건강에 좋습니다. 대신 나머지는 거의 만족합니다.,14
48,시승을 할 기회가 생겨서 영상을 보는중인데 저는 계속 현차를 탈거 같습니다ㅋㅋ,1
49,"SM3 3대 타 본 입장으로품질이슈, 결함, 소모품 공임 비싼 거개선해야 함.싸다고 좋은 게 아니며 중고차시장에서 저평가, 정비업소에서는비호감 차임",4
50,룸미러를 왜 꼭 프레임 리스로 해야하는지 알려주세요. . 디자인말고 기능적으로 장점이 있나요?어제 계약할때  룸미러 추가를안했거든요,5
51,백밀러의 차량 감지되어도 현대차는 경고음이 나는데 qm은 경고음은 없습니다. 아쉽죠.,3
52,전 모델에서 s링크와 뒷선 열선 버튼 바꿨으면 훨씬 좋았을텐데~ㅠㅠ,2
53,LE등급에 영업사원한테 사제 네비 매립해달라고해서 타니까 좋아요,1
54,한마디로 열나게 안 나가는 차.. 충격 받을 정도.,2
55,에코파워캡이랑 접지 설치하면 출력이랑 전자장비들 오류도 적어진데요,1
56,터보를 넣을수가없는게 그럼 당연히 비싸지것죠 미션도바꿔야하고 무엇보다 쏘렌토 싼타페 압살할만한 포텐셜이없음. 끝.,2
57,잘봤습니다~ 7:51 루프랙이 아니라 루프박스가 있기때문이죠!,1
58,나오자마자 디젤 샀는데 3년째 잘타고다닙니다 소음이 심해서 고막이 좀 아프긴한데 고장없이 딴딴합니다,4
59,그릴은 페이스리프트 전이 더 예쁘네요.그릴 때문에 한 체급 낮은 차 같아보여요.,3
60,구형 오너분들 솔직히 기쁠듯,112
61,구형에도 룸미러 교체할 수 있으면 교체하고 싶군요 ㅋ,17
62,너무 이쁜데다 가격도 착하고 ㅠㅠ,1
63,영삼이만 아니었어도 차덕 이건희 성격에 삼성차 세계 10위권 으로 만들었을텐데,33
64,Xm3는 좋은데.. qm5 qm6도 xm3처럼 출고시키면 좋으련만,2
65,풀체는 되야 터보 넣을 듯,3
66,확실히 S링크 보다는 예전 처럼 작은 네비에 밑에 버튼식이더 나은거 같아요...ㅠ한달정도 사용중이지만 적응 안됨요...하아;;,3
67,LPG 가가솔린보다싼이유 가솔린은GDI 엔진 LPG는 MPI 엔진이라서 좀더싸지아닐까요,2
68,QM6 차대가 약해서 견인력 거의 없을텐데요공간만 본다면 가성비 쩔긴 합니다,2
69,실내는.. 쌍용이 이뻐보일줄이야.... 하지만 가성비는 엄청나는거같네요,1
70,현기 이길 수 있는 방법이 있는데 왜 안하는지...참....이해하기 힘든 브랜드..,2
71,LPe 오너입니다. 차 정말 좋아요!! 넓고 차도 조용합니다. 물론 S링크는....,42
72,3개월 전에 샀는데살짝 바뀌며 가격 오르기 전에 사기 잘한듯ㅎㅎ,4
73,LPG는 잔여 연료량에 따라서 액셀전개량과 차량의 토크가 지속적으로 변합니다 어댑티브 크루즈같이 주행보조장치를 안정적으로 사용하기에는 너무 변수가 많아요가스차를 타본사람이면 다 알겁니다 계기판에 순간연비가 가솔린은 나오는데 가스차는 안나오는거,3
74,모카님 현기는 전동식 트렁크 있으면와 들어갔어했는데 역시... 이랬는데Qm6는 왜 당연히 들어가야하죠가격도 더 싼데,9
75,"프레임리스가 그렇게 중요한건가요 ?? 보통 연식변경이면 디자인+편의사양 증가, 파워트레인 마력 및 토크 소량 증가로 주행감 증가 이런거 아닌가요 ?",4
76,요즘은 내비가 운전자 시야에 맞게 위로 올라오는추세인데 qm6는 아직도 저상태이네...,4
77,"어린아이들을 둔 가정을 위해 2열과 3열에 직접 카시트를 달고, 2열 카시트 사이에 앉아본다던지, 3열에 카시트가 여유있게 달리는지 같은 정보를 알려주는곳이 없네요.시승맛집에서 알려주시면 감사하겠습니다.",1
78,"요즘 이슈화되고 있는 현대차가 오토포스트,  인싸케이채널을 고소한 상황에 대해서 국낸자동차리뷰 최다구독자를 보유한 모카는 어떻게 생각하시는지 궁금합니다",2
79,앞서 르노삼성을 까자는것이 아닌 느낀점을 말 하고자 합니다. 르노삼성 홈페이지 가서 내차만들기(견적) 뽑아 보았습니다....!  말처럼 타사 차량보다 가성비(뜻:금액 대비 성능)가 좋다는데 머가 좋은지 전 모르겠습니다. 내차만들기 해보면 연비? 옵션? 그닥....! 결국 관심사는 비용의 문제 더군요 할부를 100% 이용  36개월 기준  타사들과 월납입금  몇 7~5만원 차이...!그래서 전....!  가성비에 방점은 아닌것 같다.....! 결론을 내렸습니다.가성비? 는 아닌것 같습니다.,1
80,08:55 운전석 1열 뒤에 설치된 트레이는 어디 제품일까요?,2
81,싼타페나 쏘렌토가 외부디자인은 뛰어넘을수없는차 qm6흥해라 내부인테리어랑옵션 엔진마력 차사이즈만6인승만들면 더 대박날차,1
82,한용님~ 요즘 쓰시는 카메라 특징이 그런건가요?? 저번 GV70 스파이샷님이랑 함께 찍은 영상부터 뭔가 영상이 뿌옇게 보이네요ㅜㅜ 뭔가 또렷한 영상느낌이 아니라 좋게 말하면 부드러운 느낌?? 근데 솔직히 뿌옇다. 가 더 맞는거 같아요ㅜㅜ,18
83,Qm6는 이제 풀체인지를 기다려야하나.... 2년씩 페이스리프트를 하는데... 2년있으면 벌써 6년차...ㅇ.ㅇ,3
84,디젤 엔진 출시 안 하는것 보니...   곧 바로 1.8T나 1.3T로 출시 할지 모르겠군요.지금 연식  변경은....   뭔가 5프로 부족한...,4
85,현기차 싫어하시는 분들  가격 성능 디자인 무난하게 타실수 있는 찹니다.,4
86,느낌이  Qm6디젤나오고  조만간  위장막차  또 돌아다닐듯,1
87,연식변경말고 페리로 알고잇어요!! 딜러가 페리라고하더라구요,1
88,10:42 23:42 23:47 이 소형 트레일러들 정보 아시면 공유 좀 부탁드립니다.,1
89,기자님 오늘도 영상 잘봤습니다 혹시 g70 시승기는 언제쯤 올라오려나요? 계획에 없으신가요?,1
90,담백하게 잘봤어요 !!,3
91,싸고 좋은차 없는대 세상에 am6를 이거 보고 완벽한 차라고 생각하고 그놈에 가성비 타령하면서 사면 나가리 되는차.. 싼건 이유가 있다.,1
92,실제로 보면 정말 너무이뻐요!  영상으로 다 못담는점..,4
93,저 얼굴로 인기를 제대로 끌었는데저 얼굴도 분명히 몇년안에완전히 바뀔첸데르노는 참 고민 많을듯,9
94,s link는 업데이트 속도가 너무 느립니다. 다른 네비게이션처럼 외장메모리칩을 꽂으면 바로 인식되면 좋을텐데.. 아쉽습니다.,1
95,패밀리카로 생각중인데   가솔린 가스 둘중에 고민입니다.1년 1만5천키로 안팎으로 탑니다   거의 시내 위주 ......,1
96,S링크와 터치식 공조기 변화가 없어서 실패군요.,12
97,공조기 - s 링크 -  뒷좌석 열선 암레스트 내려야 있는거 3박자만 없애도 1000대는 더팜,16
98,7인승 나오면 좋을거같아요,8
99,다음버전은 요전모델기준으로 다시생산하면되겠네요 다다음모델은 다시지금처럼 그냥왔다리갔다리 하면서 우야~신모델이란 감도없는신모델,1
100,디자인 바뀌지 않으면 절대로 르노 안산다..,1
101,차 이쁘네~아날로그 감성 개좋앟ㅎ,12
102,쏘렌토 대기 기간이 1년이 넘는다기에 한 번 보러 왔는데 그냥 갑니다.,1
103,프레임리스는 룸밀러는 카드를 못넣습니다. 그래서 신용카드형 하이패스를 사용못합니다.,10
104,오? 저 가격대에 풀 LED인거 별로 없을텐데 풀LED가 들어갔네요.,1
105,서골사골사골... 크루즈도 반쪽짜리 ㄷㄷㄷ,1
106,외부디자인은 신차도 괜찮아 보이는데.. 내부..ㅜㅜㅜㅜ외부보면사고싶다가도 내부 편의기능이 너무별로여서 현기로가요.. 현기보다 르노가뭔가 취향인데 결국 선택은현기..,1
107,엘피지에 왜 크루즈를 못 넣게 한 건지 너무 궁금...,16
108,르노관계자님들아!!!!!!!!!!!!!!!!!메간해치백 좀 들여와주세요!!!!!!!!!!!!!!!!!!!!!!!!!! ㅜ_ㅠ  제발 ㅠㅠ ~~~~~~~~~~~,1
109,S링크 안좋으면 옵션 안넣으면 되지 않나요?,9
110,ACC가 50km/h에서 꺼저버린다는 말에서 비디오 보기를 멈췄다. 아아... 이게 르노의 수준이구나... 하면서...,2
111,부분변경이 아닌 연식변경.. 쌍용의 렉스턴 보면서 느끼는게 없는건지....투싼한테 내년에 처참히 발리고 정신차릴건지..,4
112,시승 가면 르노는 영맨이 외국 마인드 같음.너는 그저 손님. 난 일하는 중.,14
113,너튜브 아무리 둘러봐도 QM6 좋게 얘기하는 사람은 김한용기자뿐이네요.   ㅋㅋㅋㅋ,1
114,판매부진 장기전되겠네요.파격적인 디자인 안하는듯,8
115,등급별로 놓고 볼수 있으면 더 좋을듯...Le re ....,1
116,르노가 프랑스 자동차인데 르노삼성 이라고 하며 마크만 바꿔달고 판매하는건가요? 삼성이 르노 욕먹게하는 주된 원인이라고 들었는데 저러고 생긴 수입은 나눠 같은건지 뭔지도 궁금하네여..,1
117,14:20 계기판 모자이크가 좌측 유리반사에 무색해지네요 ㅎㅎㅎㅎㅎ,8
118,뒤쳐진다뒤쳐져...암만봐도 옛날거타는느낌이야..,8
119,1.8 터보 달고 나오면 좋겠네^^*,38
120,프레임리스 룸미러는 뭐가 좋은거에요?,1
121,기존 디자인이 훨씬 예쁩니다 ㅠㅠ qm5 네오때인가? 처럼 성의없는 디자인..,19
122,개인적으로 sm이나 qm 을 선택하지 않는 단 하나의 이유.. 센터페시아 디자인 및 s 링크.. ..임..,3
123,프레임리스면 하이패스는 어떻게 하나요?,1
124,타보면 안다 얼마나 주행기본기가 충실한지옵션개발만 하는 회사랑은 다르지,4
125,qm6 오너인데 s링크 적응하니 불편한거 없던데 저는...,8
126,은근 아집있는 브랜드라서 사랑을 더 받지못하는 브랜드죠,18
127,딜러가 그러는데 LPG 특성상 안된다 그럼ㅋㅋㅋㅋㅋㅋㅋㅋㅋㅋㅋㅋㅋㅋㅋㅋㅋㅋㅋ\,3
128,qm6 알아보공 있는데 s링크 느낌이 도대체 어떤가요 차주님들,3
129,르노삼성은 제발 하이브리드 좀 출시하자,4
130,티코엔진은 그대로인가?오르막에서 후덜덜덜,1
131,모카님도 한번 뽑기운이 없어봐야하는데그래야차에서 이상한 행위한 직원출퇴근용 편하기위한 새차 타기인지할 수 있을건데그 흉기들이,2
132,SM6(2016) 4년반 타다가 이번에 스포티지 더볼드 가솔린으로 넘어오고 시승도 해봤습니다.QM6 Lpe 초기에 나온 버젼 시승해봤는데.. 정숙한 면에서는 좀 아쉬웠어요.(가솔린은 모르겠음)SM6 타면서 너무 스트레스 받아서 그런가.. 르노는 신뢰가 안됩니다 이제.노사장이 그랬죠. QM의 하부 뼈대는 코나보다 작다고.. ㅎ,1
133,"Koleos is it!The philosopher Whitehead said that the deepest definition of youth in the world is a living, breathing soul, not yet tainted by tragedy. Are you also young at this moment?",1
134,타보고 사세요생각보다 잘 안 나가더라구요,1
135,삼성차 좋은건 알겠는데 소비자의 말에귀를 기울여줘야지~~~~,9
136,차박할수있게 완전 평평하게 좀 만들지... 약간 경사가 있어서 그게 그렇네,2
137,ㅋㅋㅋㅋ ㄹㅇ 팔면 손해보는 5만원 옵션...ㅠㅠ,1
138,Sm6 부분변경 모델 공도에서 정말 안보이는거같에요. Qm6 부분변경은 어떨지,2
139,Lpg모델은 왜 acc를 옵션으로도 못 넣게 할까요~~~ acc때문에 안 사는 사람도 많을 것 같은데요 저처럼요....,3
140,디자인진짜 개깡패다,3
141,설명 감사합니다,2
142,르노삼성에 바란다.. QM6 LPE타는 오너로서.. 제발 QM6 S링크 바꾸고 SM6 토션빔좀 바꾸자.. 현기좀이겨보자,81
143,차박하기엔 너무 아쉽네요  덩치를 좀더 크게  했으면  짱이다 ?,1
144,거울에 프레임은 있는게 심리적으로는 좋데요.,1
145,요즘차들에 비해 진짜 실내는 올드하네요 ㅎ  근데 르노삼성 차는 무개념이 왜이렇게 많냐?  특히 구형 슴오 슴칠 큐씩,2
146,디자인은 정말 이쁜데 실내가... 하... 너무 옛날차 느낌이라 사기가 망설여짐,2
147,내년엔 1.8t 답시다.,1
148,내가 봤을땐 르노삼성은 sm6 페이스리프트에 돈 들이지 말고 qm6 페이스리프트에 돈들였어야하지 않나...,1
149,Lpg 에 크루즈와 방음은 왜 빼는지???,1
150,길이 익숙해서보니 가평이었네요. 저 오르막길좀 가파르죠..,1
151,SM6 LPG 보스스피커 옵션 차량 2월 새차구입했는데 잔기스  생활기스 잔뜩난 20년 8월에 생산된차 받았어요 ㅠ 분당 이메 르노,1
152,가솔린 터보는 진짜 드럽게 안내놓네. 파워트레인만 지나 몇 년을 우려먹나 ㅋㅋ 진짜 너무 차에 투자를 안함. 근데 차는 진짜 이쁨.,4
153,자세히 안보면 머가 변경인지 잘 모르겟네요..가격 빼곤.. 그닥 경쟁력 있어보이진 않습니다..,2
154,"제에에에에발 내년 xm3연식 변경되면 차로’유지’보조 좀 꼭 넣어주라 베뉴도 있는건데,,,,,",1
155,ACC가 50이하에서 꺼진다니....언제쩍 차냐..안타깝다,1
156,근데 s링크 8인치 안넣고타면 되는거아님? 돈도 절약되고,1
157,에스링크 그냥 반응속도만 좋게함 공조장치는 auto버튼으로 켜고끄게 해줌 아주아주아주 미세하게 바뀜...변명은 플랫폼이 닛산 로그 플랫폼이라서 변경이 힘들다나 뭐라나.......,2
158,저 s링크랑 계기판은 sm6에 들어간 이지커넥트 안넣어줘야 속이 후련했....냐!,6
159,QM6 너무 예쁘네용,23
160,입소문으로 팔리고 있는차입소문은 절대 무시 못함,1
161,현기보다 못파는건 이유가 있다,6
162,르노는 오디오시스템때문에 안티들이 많음^^,4
163,진짜 가성비 하나만 보고 사는차 크루즈 시내에서도 쓰는 차주입장에서 도저희 못탈차 시내 막히는길 ... 체감은 어마어마 크루즈 하나만 신경써줫으면 하는 아쉬움 하체나 엔진 등등 운운할 필요가 없는듯 가성비로 타는차이기에...,2
164,앞부분 쏘렌토 느낌 나네요 ㅎㅎ,1
165,S링크 내비는 스마트폰 티맵과 연결하여서 사용하길 추천한다고 들었어요 s링크 단독으로 사용하는건...,1
166,"르노삼성은 투싼, 싼타페 인테리어 보고 반성해야 한다. 너무 ‘올드함’",2
167,넘 바뀐게없는게 ...... 전략인건가?,1
168,솔직히 디테일이 바뀐거지 진짜 페이스리프트는 아닌듯,4
169,Sm6 탔었는데 삼성차 잔고장 너무 많아서 1년만에 바꿨네요....구형 sm5시절 어디갔는지..,3
170,데이라이트 밑에 턴시그널은 안바뀌네?!주간에 깜박이가 잘안보이던데,1
171,힘순찐 르노삼성 ㅋㅋㅋㅋ,2
172,S링크는 안드로이드 기반이 아니에요. 리눅스 기반이에요.,1
173,20년형 재고 할인 받아서re시그 취등록세 포함 3150에 끊었는데감사합니다 감사합니다 감사합니다 감사합니다,12
174,qm6는 뭔가 자주 나오는 느낌이야,1
175,헐 50KM이하 스마트 크루즈 컨트롤 꺼진다구요?ㄷㄷㄷ...;;;,1
176,협찬받은 차를 리뷰하는 채널이라 그런가...뭔가 밋밋하고 영업사원이 설명해주는 느낌.,3
177,부분변경..껍데기만 바뀌는? 엔진에 변화는 왜 안주는가? 140마력..너무하자너? 소형suv보다도 못한마력은...노답,4
178,조깟튼 에스링크만 업그레이드해주면 괜찮은차,1
179,르노 쌍용 쉐보는 망하면 망하는 이유가 있어요 왜 고객의 리즈를 무시하는지... 그리곤 맨날 노조타령만하고 개발자나 운영자는 뭐하죠?????,1
180,계기판만좀 바꿔주지 가격진짜메리트있는데 애매하네 ㅠ 그리고 실내가너무 투박,1
181,음 가지고싶지않은 생각이안드는 옵션들이네요 ㅋ,1
182,이차는  차체가 기가스틸인가요?,1
183,s링크 바뀌면 그때 구매 생각해보겠습니다^^,31
184,한강 고수부지보단 둔치라고 쓰심좋을거같아요 영상 잘보고갑니다,1
185,페리를 두 번 한다 = 사골 디자인이다.,1
186,달리는 스타일에운전을 하지않아서 S링크만 아니면 뒤도안보고 돈싸들고나가겠지만 하.. 언제바뀔지,1
187,진짜 조금 변했네,4
188,조용하고 편안한차란다 티비에서는잡소리엄청난 차인데구입한거 후회함,2
189,"계기판이 ㅡ.,ㅡ 풀 lcd가 아니네요. ...Sm6도 바꼈던데",2
190,도대체 르노랑 쉐보레는 윗대가리들은 배운분들일건데...참 옵션보소;;; 어댑티브 50에서 풀리는건  뭐냐,2
191,몇키로까지 달릴 수 있나요?,1
192,뒤 테일램프가 아우디q7이 보인다,1
193,이거 2열 열선시트 아직도 암레스트에 숨겨뒀나요?,2
194,일본 르노메간 그릴같다이쁘다,2
195,하루에 영상 두 개 ㄷㄷㄷ,5
196,g70 화재사건 국가수 결과가 나왔습니다. 팩트가 나왔으니 영상으로 다뤄 주시면 감사드리겠습니다..,1
197,와 르노 사골 외관 디자인 진짜 징글징글하다ㅋㅋㄷㄷㄷㄷ한 번 잘 뽑았다고 도대체 몇 년을 우려먹는거냐ㅋㅋㅋㅋㅋㅋ,3
198,그릴은 전에게 나은듯...,2
199,인포테인먼트 보고 구매욕이.... 네. 다음 페리요...,1
200,3명타면 가기싫어하는 차ᆢ!,1
201,어댑티드 크루즈 컨트롤 정지 안돼는 기능 절대 사지마세요 후회하고 중고차값 똥값 수년내,1
202,오 후면부는 벤츠 cls 닮은거 같다,1
203,속도계는 왜 가리는건가여?,4
204,가솔린강통가격  얼마세요  ?,1
205,S링크 바뀌길 기대했는데...,22
206,그놈의 가성비타령ㅋㅋㅋㅋ씹극혐솔직하게 말해서 옵션딸리지 파워트레인 딸리지 이게 가성비냐??ㅋㅋㅋ그냥 개후진스펙에 맞는 가격으로 나온거 가지고 쌈마이를 가성비라고 포장하는 구오너들 보소ㅋㅋㅋ,3
207,기다렸는데 저놈의 s링크... 투싼은 센터페시아 조작감이 개판이고... 스포티지는 우찌나올라나~,3
208,s링크는 패스하고 중국산 안드로이드 박는게 답,1
209,카달로그보고왔는데  LPE는 뭘해도 BOSE스피커 못넣네 ㅋㅋㅋㅋ,1
210,QM6는 가솔린터보엔진 안나오나;;,5
211,왜 몇천만원 짜리 차에고성능 안드로이드 패드를 못다는거지?국내차도 외제차도 한박자 느린 답답한 순정 오디오뿐..,2
212,근데 왜 안개등 없어진거는 얘기를 안하시나요?안개등없어진거 얘기하는 유튜버는 하나도 없는듯,1
213,솔찍히 qm6는 코너링 너무 개판이다,2
214,트렁크가 작아보이는데 몇리터죠?,1
215,qm6에 트레일러 달면 강원도 언덕을 넘을 수는 있나요,3
216,QM6타는데 이쁩니다~S링크는 노코멘트합니다~ 홀리쉿~,55
217,팩트는 전혀 바뀐것 같지않음 !,1
218,솔직히 그릴은... 쏘렌토가...,1
219,안개등에 습기차서 교환요구햇더니 원래그런거라며 그냥타라고하십니다 기가막혀 말이안니옴 a/s 후회하실겁니다,1
220,은근  이쁘네그나저나 저  문콕  방지 스픈지 저건 왜  국내 모든차가  같은 색깔인겨요?차 깔 별로  붙임  안되남?,1
221,"자 일단,반쪽짜리 크루즈는 둘째치고 과속카메라 연동안되는건 진짜 넘 그지같네요.LF에도 있는기능인데..s링크 적응하면 괜찮다...이게 문제죠적응이 안되도 버튼이 필요한곳에 정위치해야하는게 맞는겁니다.공조기 조정을 하는데 몸이 적응을 해야한다니 이게 뭔소리임...그리고 이차는 외계인이 디자인한거임.뒷자석 열선 스위치를 차주밖에 몰라ㅋㅋㅋㅋ열살짜리 애한테 디자인하라해도 저기에는 안넣을듯ㅋㅋ이차를 가성비가 좋다고 영상열개중에 열명이 그소리를 하는데 그것도 틀린말임.왜냐하면....제가 엘피지 프리미에르 계약전이거든요ㅋㅋㅋㅋㅋ맘에 드는 옵션박으니까 그랜져 르블랑이랑 가격이 같음.사골에 골다공증 엔진에 말들이 많은 차임에도 불구하고 상당히 매력적이라는 생각이 듭니다^^ㅋㅋ",3
222,그 두대를 타는 채널은 과연...,1
223,벌집 트롬이라. 합니다. 한마디로. 벌이먹고. 쏘는 변기.    ㅎㅎㅎㅎ농담이고요. 르노에서. 한거라면. 좋은거고요. 한용님께서. 이쁘다면. 이쁜겁니다,1
224,13:17 그냥 담당자의 부주의이라 유추해봅니다...,48
225,실내는 밤에 보면 훨씬 예쁘더라고요,2
226,탈수록  후회하는차,1
227,앞모습이 왜이리 쏘렌토 느낌이 나지 기분탓인가..,5
228,고수부지 ㅋㅋㅋㅋㅋㅋ 오랜만에 듣습니다,1
229,고수부지는 삼촌들이 쓰는말 ㅋㅋ,1
230,아직까지는삼성자동차는아니네요..아직멀었네요..디자인이너무구려!,1
231,s링크도 안버리고 페리내네 ㅋㅋㅋㅋㅋㅋㅋ 미쳤나봄,40
232,마트나 백화점 주차장오르막에서 밀림있나요??,3
233,요즘 지엠하는 꼬라지보면 별로 팔고 싶지 않아하는거 같아 디자인에 2천억 처박으면 뭐하냐 토션빔 보면 주빵을 날려버리고 싶은데 그돈으로 차를 싸게 내보내주던가 하는짓거리보면 니들은 아직도 멀었단 생각이든다 s링크는 도대체 왜 달고 나오는거냐 차라리 직관적으로 밖에다 다 붙여서 차라도 싸게 팔던가 멍청한것도 정도것이지,1
234,잘몰라서 그러는데 S링크가 뭐에요?,1
235,프레임리스 하이패스 룸미러를 단돈 5만원!  5만원에  드리고 있습니다~  개꿀,1
236,도대체 뭐가 바뀐건지 일부러 찾기도 힘들다,2
237,큼식이 사려다가 s링크 때문에 타차량 샀습니다..,1
238,고수부지 > 둔치 로 변경하면 좋을것같슽니다,1
239,신차사면 바로 똥값되서....,2
240,후미등이 Q7...읍읍,1
241,베젤리스 휴대폰을 사용해서 그런가 네비너무 촌스럽게 보이네요,1
242,솔직히 실내는 오래된 만큼 못생긴건 사실임,1
243,디자인 뭐가 바뀐거지,1
244,현기 암만 욕해본들... ㅋㅋ 잘팔리는 이유가 여기있네 ㅋㅋ,3
245,진찌 qm6  s 링크 뽑아버리고 갤럭시탭 보급형모델 하나 꽂으면 안되나 ㅋㅋㅋ,18
246,걍 투싼 사야징,1
247,qm6 국산차인가요 수입차인가요? 누가 답변좀..,1
248,차를 자주바꾸시는 분이라면 사지마세요1년에.400넘게.떨어집니다그것도.헤이딜러가격에차박은. 꿈도안꾸는거로,1
249,부식에... 덜컹거림에 결함 없이 만들어라...  SM6도 진짜 쓰레기던데,1
250,LPG GAS BRING ME HERE ,1
251,뭐가 달라진거지....,1
252,형 열일,1
253,"믿고 거르는 르노삼성, 르노삼성하는 짓을 보니...현대, 기아가 왜 그러고 있는지 알겠네. 경쟁이 안되네.",1
254,그냥 싸서 사는차,4
255,S링크 때문에 안팔리는차,2
256,1.8 가솔린 터보  4wd   좀.,1
257,내가 생각하는 한국 사람들이 르노와 현기를 대하는 마음의 차이? 르노는 싫은거고 현기는 미운거다 싫은데는 이유가 없고 미운거는 애정이 있을때 생기는 감정이 아닐까?현기는 어떻게든 팔아보겠다고 노력하는 모습에 애정이 생기는데 르노는 장사하기 싫은 사장님 마인드 같다 한국인들에 취향에는 1도 관심없어 보인다 그래서 싫다 현기가 저따구로 년식변경행사 했으면 가루가 됐을텐데..,1
258,As기간에 센터가도 엔지니어가 바보인지? 차를모름 다신 삼성차안삼,2
259,에스링크 여전히 버벅이는데요ㅎㅎ,7
260,차값이 싸면 뭐하나요범퍼 라이트 휀다 도어 미러 살짝 부딧쳤는데 수리비360만원 나오더라는정면 충돌하면 기본 수리비 천만원우습게 나옵니다.,4
261,lpe샀으면 조땔뻔 acc가 못들어간다니 참나,1
262,10:22 한강 고수부지 (X) -> 일본식 한자 표현이라 요새는 사용 안합니다.한강 둔치(O),3
263,근데 부분 변경인데 르노 삼성은 삼성임...,1
264,지금도여전히 느리내s링크ㄷㄷ...,1
265,전면그릴이 고야드 무늬네,3
266,아 이건 아니다 ㅋㅋㅋㅋㅋㅋ,2
267,아니SM6는 S링크 업글해놓고 이건왜 그냥그대로야 ㅡ.ㅡ? 귀찮냐?,1
268,제미다,2
269,자본주의 칭찬 힘들다,8
270,진짜 맨날 똑같네 디자인이,1
271,1시간이면 마산에서 진주거리다시외!만원?,1
272,내가 S링크때문에 SM를 극협합니다.,3
273,그릴에 qm6은 왜 박은거야,1
274,도어캐치가 구식 느낌이...;;,3
275,s링크는 용서가 안됨,1
276,투싼승,2
277,s링크 좋은뎀 휴대폰 세워서보는거 마냥,2
278,바뀌나마나 못생긴 그릴빼고 어디가 바뀜,2
279,실내느누정말뱔로다..,1
280,도대체 뭐가 바뀐거여ㅋㅋ,1
281,오넌데요 아직도 s링크는 뭐하는 종자인지 모르겠어요ㅎ내가 검사면 책임자 구속시킴,1
282,빨래판! 드르륵!,3
283,S링크좀 바꿔 ㅡㅡ,6
284,야무지게. 잘생겼네요.,1
285,"S링크,,,LKA없다....선넘네",7
286,s링크 쉴드 칠려는 저 노력 ㅠ,13
287,리뷰는 무슨 광고지..에휴,1
288,디자인만좀바꼇으면참 좋을텐데.디자인리 진짜별로내 ㅋ다똑같노,1
289,그릴왜저래 갈매기야 뭐야;;,1
290,핸드폰 연동 안되요!다좋은데 핸드폰 연동 안되는건 정말 불편해요!,2
291,그래서 sm6는 죽었나요?? 유튜브 다 뒤져도 시승기 못찾겠던데요 ㅋㅋ,1
292,솔직쓰래기차,1
293,안개등...어디갔니...?,1
294,개뿔머 바뀐것도 업구만 암튼 s링크안쓰고 폰내비로한다,2
295,와.. 광고 진짜 몇개냐... 영상 보지를 못하겟네 진짜 계속 뜨네;,17
296,실내디자인ㅋㅋㅋㄱㅋㄱ최악,1
297,대체 어디가 변한건지,1
298,하...S링크가 왠말이냐;;,1
299,진짜 차 존나못만든다 ㅋㅋ,1
300,로장주가 뭐져???,1
301,3분50초 귀신소리남,2
302,acc 없죠?,1
303,이양반 포르쉐만 얘기하네,1
304,조져놨네,3
305,?? : 오빠 나 뭐 달라진거 없어?,7
306,똑같아 ㅋㅋ,1
307,음~ 진짜 별로네,8
308,이딴 차 왜 사는거?,1
309,별로네요,1
310,크롬 크롬 크롬 크롬 크롬,2
311,역시 별루야 ㅡ,2
312,으.. 완전별로다,1
313,아따 광고,1
314,너무 뚱글뚱글함,1
315,침팬치 ㅎㅇ,2
316,왜 이걸 보는지?,1
317,사,2
318,"1. 차량 판매에 목적이 없는 채널이기 때문에 견적, 납기 등 차량 구매 관련 문의에 답해드리기 어려운 점 양해 부탁 드립니다.구매 관련 상담은 가까운 전시장을 이용해 보세요.^^ 2. 글은 글쓴이의 얼굴입니다.긍정적인 의견, 부정적인 의견 모두 자유롭게 작성하실 수 있지만 맹목적 비방에 목적이 있거나 반말을 하는 댓글은 서로의 정신 건강을 위해서 삭제 처리 하겠습니다. 3. 촬영에 큰 도움을 주는 전시장 측에 뜻하지 않은 피해가 갈 수 있기에 전시장 위치 관련 댓글은 삭제 처리 하겠습니다. 4. 부족한 영상에 관심 가져 주셔서 진심으로 감사드립니다^^",5
319,궁금했던 내용인데 명확히 짚어주셔서 감사합니다! 오스트랄 메간e테크로 23년도를 메꿨으면 참 좋겠는데 현재 결정된 바는 없어도 현지에서 차량인도가 시작되고부터는 한국에도 빠르게 들여와줬으면 좋겠다는 생각이 끊이질 않네요. ㅠㅠ 새로운 신차소식 있으면 또 이렇게 부탁드려도 될지 모르겠어요 ㅎㅎ 감사합니다!,2
320,나오더라도 그랜드 오스트랄이 나오고...과거 투싼급인 오스트랄은 미정인게...큼식이 밴은 의외인듯...과거 갤로퍼.무쏘밴은 있었지만...얼마만에 suv형 밴인지..,3
321,오스트랄 며칠전 고속도로에서 위장막쓰고 테스트중인차량 목격했습니다. 차 크기는 큐엠식스보다 작긴하더라구요  테스트중이니까 판매할 가능성도 있다는데 희망을 걸어봅니다,3
322,역시 현실적이고사실적인이야기  해주셔서좋네요.뻥안치고 이렇게해야좋아요,5
323,이 차는 내부 디자인 맘에 드네요.,5
324,Xm3 하이브리드는 가격만 적절히 잡으면 성공할것 같네요 니로가 가격 논란이 있었던 만큼 니로 계약자를 흡수할수 있겠네요,4
325,신뢰있는  정보 감사합니다.수고하셨습니다 ~,3
326,ㅇㅈ..16년도 부터 거의 디자인 변화도 없어서 르노 직원들이 차를 잘만듬.. 5000탔는뎌 아직 멀쩡..,4
327,솔직한 리뷰 감사 드립니다.ㅎ 조회수에 급급한 사실확인없는 유투버들의 말들이 좀 아쉽네요ㅎ 암튼 QM6 후속이든 오스트랄이든 좋은 신차가 들어왔음 좋겠네요 마지막 평화메세지 굿입니다,5
328,오스트랄 경쟁 모델이 푸조 3008 정도 되는 것 같던데 실제로 나오면 사이즈가 좀 답답하지 않을까 그런 생각이 듭니다.,5
329,우리나라에서도   르노 하브 팔면 엄청 팔린것 같은대   르노는  디자인 괘찮아서,2
330,SM6 24년 페이스 리프트 계획도 있나요?개인적으로 실내는 오픈R 형태로 출시되면 좋을듯 합니다,2
331,캡처 이어 트위지 단종되어 안타깝네요 ㅜㅜ  그래도 xm3 하브 기대됩니다,6
332,에어컨 필터 자가교체 쉽게 구조만 변경되도 한달에 백대는 더 팔릴거임 르노...,3
333,"싱유에 L 의 도어 4개만 공용하고 .... 앞 뒤 디자인과 인테리어는 다 바꿀 듯 합니다. ..... 2024년 상반기 이후에나 출시되겠지요,,,",2
334,오스트랄 존버할까 생각하다가 언제나올지 몰라서 4월 21일 qm6 re 엘피지 계약했습니다본문중에 자율주행 말씀 하시는데 전기차 사더라도 운전은 저만믿고 한다는 주위라서 전 아쉽진않네요ㅎㅎㅎ그래서 큠식이로!,6
335,아쉽지만 큼식이님이 말해주신거라 신뢰도 100프로,2
336,캡쳐가 이쁘긴했는대수입해서 들어오는거라가격이 ㅎㄷㄷ해서 ㅜ,2
337,전시장 딜러분 말로는 24년정도로 예상한대요,2
338,개인적으로 에스파스를 qm7으로 출시해서 카니발의 크기를 부담스러워 하는 분들이 원하는 트라제xg 급의 수요를 가져왔으면 좋겠다는 생각이 듭니다물론 가격이 관건이겠지만요,6
339,르쌍쉐는 항상보면 현기에 비해 타이밍이 반년에서 1년 이상 느린것 같네요. xm3 하이브리드도 진작에 출시했다면 셀토스 랑 비벼볼만 했고 판매량 나와주니 오스트랄 출시도 봐볼만 했는데.. 참 아쉽네요,2
340,23년식 qm6 출고대기중인데 디자인이 살짝이라도 바뀐다니 아쉽네요ㅠ 오너들만 알아볼 정도라구해도 바로 구형이 되버리기때문에..ㅠ취소하고 24년식 기다려야 하나..ㅠ,3
341,볼보와지리합작차 손대지 말고 걍 들여와라 대박이다~~~ 소랭이 산타  마이긴장되긋네요~~,4
342,MIT 및 GNT 내용은 대외비 아닌가요..? 사전예약 비율도 다른 영상처럼 정확하게 딜러가 아니면 알 수 없습니다. 영상 올리신분이 딜러가 아니라면 그 지점 누군가 일반인 유튜버에게 공유하고 있다는건데 이 영상 및 유튜브 주소 전체 정도영업위반으로 신고해도 무리 없는거죠?,2
343,출시햇으면 좋겟는데,2
344,우야든동 오스트랄 빨리 팔아주세요.,2
345,포기하고 xm3 사야겠당,2
346,아 르노브랜드 중 마스터  하나뿐이네요 조에 단종 설도 나오고요,3
347,에펠탑 보이는 사거리?!! ㅋㅋㅋㅋㅋ,4
348,르노 딜러입니다. 오스트랄 계획없습니다제발 방문및 연락좀하지말아주세요 순번날립니다.,2
349,아무리 봐도 안들어올것 같음 ㅋㅋ,2
350,삐때꾸스는언제나옴?,2
351,세심한 시승기 잘 봤습니다~^^ 2분 10초대에서 속도를 약간 늦췄다가 가속하실 때 시원스럽게 낚아채지 못한다고 하셨는데 저는 그 순간 툭툭 끊기는 느낌이 미세하게 느껴지더라구요ㅠ기자님께서도 비슷한 게 느껴지셨나요? 결함은 아닌지 여기저기 찾아보다 커멘트 달아보아요~^^,2
352,"QM6 타고 다니는데 고속에서 추가 가속할 때 힘들어하는 부분만 제외하면 나머지는 그냥 적응해서 그럭저럭 타고 다닐만 하네요. 현기차가 확실히 옵션에서 압살하긴 하지만, 그게 없다고 차를 못타는건 또 아니니까 착한 가격에 넓은 공간 필요하신 분들에게는 강추합니다~그나저나 리뷰 실력이 갈수록 좋아지시는 것 같아서 보기 좋네요! 앞으로도 좋은 리뷰 많이 부탁드립니다 ^^",10
353,귀한 시승기 찍느라 고생하셨습니다.QM6가 잘 버텨냈군요. 따뜻한 방에 들어가서 몸 좀 녹이세요. 영상 잘 봤습니다.,12
354,눈길운전도 잘하시네요 계약해놓았는데 빨리 나왔어면 좋겠습니다^^,2
355,수정기자님 처럼 운전 잘하시는 여성분 좋아요! ,6
356,48V LPG 마일드 하이브리드라도 나와서  저속토크를 3~4kg.m 이라도 개선해 주었으면 하네요 ....,4
357,마지막 부분 패딩 모자 쓰시고 추워하시는 모습 귀여우셔요~ ㅋㅋ,5
358,온탕냉탕을 번갈아가면서 들락날락하면 건강에 그렇게 좋다네요핸들 하프열선 강추합니다.,5
359,성인3명타고 저 정도 출력이면 잘나가는거같아욤 ㅎㅎ,2
360,시동이 곧잘이아니고 브레이크 안밟은 상태에서 스타트 누르시고 전자기기 들어오고 그담 브레키 밟고 스타트 하시면 바로 걸립니다... 가솔린 디젤과 다르게 바로 누르면 딜레이가 좀있삽니당,1
361,등급은 RE등급인가요?옵션이 궁금해여~,3
362,신형 니로와 가격대가 비슷하다는 QM6 .... 유지비는 비슷?  1100원 LPG vs 1800원 휘발유,2
363,lpg 풀충전시몇키로 주행가능한가요??,3
364,"안녕하세요 , 저도 lpe모델 관심있게 고려중입니다. 시내 주행연비 사용해보신 진짜 조언이 필요해서요,,, 실제 얼마 연비가 얼마 나오던가요",1
365,오호 액상화로 뿌려준다고? 기술 좋아졌네.,2
366,겨울에 lpg는 추운곳에서는 얼어서 힘들건데.,4
367,스티어링 열선은 키면 어느정도 뜨거워지면 자동으로 꺼집니다. 그것도 모르냐...다른 차는 안그런가요?,2
368,혹시  삼성폰에  S링크 연동 하여 쓰는 방법좀  알수있을까요  그 방법좀  리뷰를   부탁합니다,5
369,여신입니다,6
370,?? 안녕! 하던 하얀 텔레토비 어디간겨?,2
371,원래 액체인데 ''액상화'란다ㅋㅋ,2
372,뭐냐,3
373,급가속이나 고속주행에는 큰 관심 없는 분들에게는 이런 차종이 딱 좋은거 같네요.저도 20대 초중반때만 해도 슈퍼스포츠 바이크 타고 속도 내는게 즐거웠는데 이젠 30대 후반이 되니 네이키드 바이크 타고 느긋하게 경치 구경하고 다니는게 좋네요.차도 그래서 요즘은 이런 차들이 더 끌리네요 ㅎ,26
374,"최대토크가 발휘되는 RPM 시점이 다릅니다. LPG가 더 낮은 RPM 영역에서 최대토크가 나오기 때문에 더 경쾌하다거나 잘 나간다고 느낄 수 있어요. 대충 기억에 LPG가 3700RPM, 가솔린이 4400RPM인걸로 생각나네요.",31
375,"네비는 직관적인게 좋죠. 요즘 버튼을 줄이고  최대한 터치식으로 만드는데, 디자인은 그게 유리할지 몰라도 사용자 편의성은 더 떨어지는 듯 싶습니다.",15
376,가솔린이 더 조용하다고 느끼신 이유중에 하나는가솔린 최상위 프리미에르 모델은 유리가 차음유리인걸로 알고있어요.lpg는 re시그니쳐가 최상위인데 유리의 차이도 있을거같아요.소음의 정확한 비교를 위해서는 가솔린과 lpg 두개 모두 동일 트림으로 비교해야겠습니다,21
377,르노삼성차가 잔고장이 적습니다. 새차 QM6외 추가 뉴SM3 있는데 11년 18만KM이 되어서야 처음으로 큰 수리했습니다. 그전에는 거의 고장이 없었지요.,24
378,오래된 영상이지만 크르즈  사용했을때와 악셀로 주행했을때 연비의 차이는 얼마나 있을까요?QM6 LPG 사용자 입니다,1
379,궁금하기도해서 렌트해서 몇일 운행해보니.. 디자인 주행능력 가격 다 무난하니까 어느정도 선방하고있는거같네요 qm6가 그쪽을 잘파고들은거같음 어느한쪽이 확 후달리면 그단점이 장점을커버를못함,2
380,본인 직장이 20.30대  비중이 60%이상인데 QM6 신차가 가장 많이 보이더라구요.어떤 주차라인에는 3대가 모여있어서 ㅋㅋ디자인은 최곱니다,48
381,저처럼 차를 잘못타는 사람도 lpg가 묵직한 느낌이 말씀처럼 트렁크에 연료탱크가 있다보니 무게배분때문에 그런거였군요..가솔린은 좀 텅텅 이런느낌 이 느낌이 가볍다고 느껴지는거였군요 역시 배우고가요,2
382,내가 QM6 가솔린을 구매한 이유를 완벽하게 말씀해주셨네....1 가성비2 외관 ( 내 차지만 정말 만족함)3 조용함....(세단같음)도대체 사지 말아야 할 이유....아무리 생각해봐도 없음.아 있다....색상리스트가 많이 아쉬움.은색 없어졌지 골든베이지도 없어졌지....대신 와인색 들어감....색상이 좀 다양하게 있었으면 함.,57
383,대박 진짜 이런게 필요한 리뷰입니다!!ㅜㅜ 가성비 때문에 여전히 제 다음차 버킷리스트에 올라있는 큼식이.. 영상 감사합니다 큰 참고사항이 됩니다!!,41
384,디자인이 잘뽑고 크게 안변해서 아직 신형 느낌인게 최고 장점임ㅋ,4
385,시승 후기 너무 좋습니다^^,2
386,가성비갑인 차인거 같습니다. 셀토스와 비교 가능한 가격대니...,70
387,"첨에 셀토스, 투싼, 스포티지중에고민하다가 QM6가솔린 풀옵 샀어요.르노삼성 처음 사봐서걱정했는데 저흰 맘에 쏙듭니다!가솔린인데 연비 괜찮고, 차도 조용하고,뒷자리, 트렁크도 넓고, 흰색샀는데 차도 예뻐요. 현기차에 비해 디자인도 자주안바뀐다는장점도 있네요.나파가죽시트에 보스 오디오인데다 좋아용~~부품값 비싸다는 분들도 있는데A/S 연장 7년하면 걱정없어요!요번에 실수로 어디박았는데차도 멀쩡해요. 튼튼함.요즘 QM6 많이보이던데괜찮습니다.",5
388,저도qm6가솔린차량 타고있지만 차 정말 좋습니다 솔직히 이렇게 후회안하는 차량 진짜 처음입니다 무조건 현기만 빠는사람들이 르노삼성이라는 이유로 까는데 솔직히 지인들차 타본결과 제 개인적으로는 qm6가 제일 좋았습니다 그리고 qm6re트림삿는데 저는 개인적으로 re트림에 s link 옵션만 다시면 옵션부족한건 없습니다 물론 브라운시트 안한걸 좀 후회하긴하지만..,4
389,김한용 기자님! 항상 잘 챙겨보고 있는 구독자입니다 qm6 19년식 차량 몰고 있는데 최근 동호회 카페에서 운전석 시트프레임 유격 및 잡소리로 인해서 문제가 많습니다 이런 경우 어떻게 대처하는게 좋을까요?? 관련 증상으로 센터에 입고 시키면 본인들도 이제 이골이 났는지 바로 시트프레임 교체해줍니다 문제는 얼마 안가 또 이런 유격 및 잡소리가 발생한다는 거에요 ㅠㅠ 보증 기간 내에 시트를 3번이나 교체하고 보증기간 이후로 수리비 부담때문에 그냥 참고 타는 회원분들도 있더라구요 본사에 문의하면 매뉴얼대로만 대응하기 일ㅆ 입니다.. 시트 자체가 계속 흔들리는 증상이 있는데 이건 진짜 운전자 목숨과도 직결되는 부분 아닌가요 ㅠㅠ,28
390,"QM6가솔린도 AWD나 4WD를 넣어주고디젤은 찬바람 안들어오게 만들고 소음좀줄여주고 2,2 3.5도 나왔으면",2
391,요즘  꼭 필요 옵션이 반자율 주행인데  이런건  페리때는  넣어줬어야 하는 아쉬움이 있내여~~,46
392,디자인도 느낌 있고 좋은데.. 왠지 풀체인지 될거 같은 느낌이 많이 듭니다..현재 디자인이 처음에 나왔을때 정말 멋지고 놀라웠는데 하두 많이 봐서 이젠 질린 느낌이랄까..?? 아무튼 차는 좋네요~,1
393,정말 주행성능 좋습니다 때려밟으실꺼면 다른차 알아보시고 가고서고 하는데 기본기가 탄탄한 차량을 원하시면 만족할겁니다 정말 살스고 잘갑니다,19
394,"중요한 하체, 서스펜션 부분도 리뷰해주세요.",6
395,"직진안정성이란 말을 해외에 살 때는 몰랐다. 젊은시절 10년 넘게 살면서 갖가지 차를 소유했는데 당연히 모두 다 직진을 잘 했으니 그 단어를 알 필요가 없었지. 우리나라에 돌아와서 K7을 사면서부터 싼타페, 쏘나타, 그랜저, 쏘렌토에 이르기까지 똑바로 가는차가 하나도 없다. 돈 더 벌어서 수입차 사라는 걸까....",26
396,네비 바로가는 버튼 있어요..이번 페리부터는 공조기도 홈위젯 가능해서 좀 더 편해졌구요,53
397,직진 안정성이라니 생각나네2년전 기아차를  처음 인도받을 때는 미처 체크를 못해서 몰랐는데 어는 날 보니 타이어를 반듯하게 놓고 봤더니 핸들이 살짝 틀어져 있더라그래서 카센타가서 수리받았는데 그 다음부터 편마모가 생겨서 공명음이 들리는데 타이어를 2번을 갈아도 편마모는 안 잡히더라핸들을 정중앙으로  놓아도 차가 비스듬이 가고.오늘 이 영상보니 그  원인을 알겠네바로가는 차를 만들줄 모르는 현기차.결국  차를 팔았다,1
398,"가솔린이 더 조용한이유는 프리미에르트림 일수도 있을거같아요앞, 뒷 유리모두 이중접합유리가 적용되었기때문이죠",12
399,가솔린3년차 오너입니다   가솔린suv중에 가성비 원탑   가격저렴 연비좋음 내구성좋음  잔고장없음  엔진  미션 내구성 최고,3
400,직진안정성 완전 공감!! 현기는 팔이 아플지경입니다,17
401,솔직히 외관은 suv중 최고인데 현기 보다 약간의 첨단사양이 딸리는게조금 아쉽,9
402,키가몇인지 여쭤봐도되나요~~?시승할때 운전하신분요!!전체적인 차 높이와 크기가 궁금해 묻는겁니당,3
403,궁금한게 suv 는 승용차와 달리 2열을 뒤로 어느정도 넘길수있는데..뒷휠하우스땜에 넘기는데  한계가있잖아요? 그럼 2열아래쪽을  앞좌석 처럼 위치를 앞당길수있는 레일?을 설치하면더 눕힐수있을 텐데 왜 안하는건가요?,6
404,QM6는 정말 잘 나온듯합니다. 저도 살꺼예요.,42
405,가솔린은 직분사(GDI) 엔진이고.. LPG는 MPI엔진입니다.. 그래서 엔진음이 다른겁니다..직분사 엔진이 조금 날카롭지요..그리고.. s link 화면 우측에 내비를 바로 갈 수 있는 터치 메뉴가 있습니다..,10
406,"모든차가 개개인의 호불호인데요QM6도 그렇구요개인적인 생각은  외관중 전면 그릴포함전면디자인과  실내에 터치스크린과 터치스크린부분의 디자인 , 첨단안전사양 미흡때문에라도 QM6는 안땡김 ,리뷰에서 차가 르노삼성 이라는거에도 동감",2
407,르노의 최고 장점은 페리가 거의 없어요 현기에 비해서..5년이 지나도 차 외관 디자인이 거의 똑같음ㅋㅋㅋㅋ,66
408,르노삼성차가 잔고장은 없는데 한번 고장나면 부품값이..너무 비싸지만 잔고장 없이 잘 타고있습니다 저도~,1
409,첨단사양을 넣게 되면 가격이 오르게되니 어쩔 수 없는듯 ㅜㅜ,15
410,요즘 자율주행 기능이 없는 차량은 완전 시대에 뒤떨어진 후진국형 차량이라고 생각함. 차의 품질은 요즘 대부분 상향 평준화되어서  크게 차이가 없음. 신차이면서 자율주행 기능이 없다는 건 이해가 안가네요.,1
411,역시 믿고보는 김한용,3
412,주행느낌이 다른게 가스통 무게때문이아니라 연료차이 아닐까요?,5
413,요번에 배우 주지훈이 광고하고있는 신형 말리부도 리뷰해주세요 !!! 1.3 2.0 둘다요 !! 영상 늘 재미나게 보고있어요 !!,2
414,수리하느라 셀토스 타봤는데 큼식이가 훨 넓고 승차감 좋은걸 느꼈음.. 셀토스가 훨 요새껀데,3
415,어머니께서 qm6 lpg를 사신다길래 괜찮은차인가 알아보려고 이영상을 봤네요lpg 생각보다 괜찮은 차인거 같더라구요무엇보다 가격이랑 디자인 이 두가지가 다른걸 다 무시할정도,2
416,오늘 시승식 해보고 왔는데 엄청 좋아요! 선입견부터 가지지 말고 시승 해보고 결정하세요 전 계약하고 왔어요!!ㅋㅋ,39
417,예전부터 삼성 lpg차는 헤드가 잘 나가요. 사골엔진 그대로 사용했을듯헤드 배기밸브에 금이  가서 압축이 샙니다 개선 됬나 모르겠네요미션도 내구성 문제 많죠,8
418,가솔린에는 방음 2중창? 옵션이가능해서 소음이 더 적다고 알고있어요,3
419,영상 재미있게 잘 봤습니다~,1
420,같이 동승자들은 차알못이네.....lpg 가 무게중심이 잘잡혀있어서 승차감이나 운전감이 더 좋은데.. 가솔린이 좋다니,3
421,도장 색감이 확실히 타 회사차량보다 고급지네,28
422,첨단사양만있으면 싼타페 넘어설텐데 정말 아쉬운차량,41
423,어댑티브 스마트 크루즈 컨트롤이 없는게 너무 아쉽네요. 리뷰 잘봤습니다 감사합니다,29
424,직진 안정성이 없는 차들 조수석에 타봤는데 보타를 계속해서 나중에 멀미까지 오더라고요;;,5
425,실내에어필터위치 설계 개선이 시급 합니다.,9
426,르노는 좀 서비스센터를 늘리던지 대중적인 부품을 쓰던지 개선 좀 하면 현기 비빌만함,1
427,솔직히 리뷰를 떠나 3~4천 근처 차 사면서 승차감이라던가 편안함 따지는거 욕심이라고 느꼈음그랜저 소나타 sm6 qm6 말리부 아반떼타보고 장거리도 뛰어보고 확실하게 안게 운전자 입장에서 다 똑같음그냥 그게 그거임다른건 가속도랑 차마다 약간의 커브링차이 커브링도 80정도로 ic같은데 나갈 때나 느끼지 그 밑 속도에서 무슨 커브링을 느낌핸들 덜 돌려서 나는 운전미숙이지,2
428,운전에 집중하고 기계를 믿지말고 자신을 믿으라는 의미? 크루즈컨트롤 없는 이유??ㅎㅎ 잘 보고 있습니당ㅎㅎ,2
429,가솔리은 직분사 lpg는cvtc2 그래서다른느낌 나는거 아닐까요?,1
430,Qm6 lpe는 왜 저공해를 못받았을까요ㅠ공영주차장 써야하는 사람은 아쉬움,26
431,QM6가솔린 구매할까하는데 주변 지인들이 정비하는데 불편하다는데 요즘은 어떤가요?,1
432,SM5 11년12만 타는동안 고장이 한번도 없었어요 튼튼했어요,3
433,"직진안정성에서 현기차가 조금 부족하다구요? 무슨 말이세요? 조금 부족한게 아니라 아예 없죠. 니산, 혼다, 포드 등을 10여년 몰다가 최근 몇년 동안 현기차 몰고 있는데 고속도로에서 정말 부숴버리고 싶은 정도예요. 쉴틈없는 보타가 필요해요. 길이 조금만 기울어져 있으면 그쪽으로 차가 꼬나박아 버리고... 아무리 얼라인먼트와 영점을 조정해도 소유했던 모든 차가 그랬어요. 쏘나타, K7, 싼타페, 쏘렌토.... 똑바로 달리는 차를 만들다가 도저히 기술이 안되니까 현기차가 LFA에 목숨거는 겁니다. 덕분에 운전히 편해지기는 했지만...",49
434,LPG차 총알 택시랑 똑같다~~~★★★겨울철 시동은 더잘걸리고~힘은 더 좋다~~~^^^,12
435,르노삼성 자동차는 소모품 교체 비용 비싸요..그렇다고 더 좋은것도 아닌데.,13
436,추후 디젤모델에는 개선된 ADAS기능이 들어간다고합니다,23
437,다음차를 qm6보고있는데머리로는 사지말라그러고 눈으로는 언는 지르라고 하네요옵션좀 추가해줬으면 좋겠는데 ㅠㅠ 충돌방지랑 주행보조 등등,14
438,진짜 맵 / MP3 두개로 원클릭으로 왔다갔다 할 수 있었음 좋겠습니다. 진짜로... 그거 저 다른차 타면서도 그런걸 느꼈어요,4
439,노사장 qm6 리뷰보고나니 차살마음이 싹사라지네요...제대로된 진짜리뷰는 누구일까요..,7
440,르삼은 그래도 현기 점유률 빼앗아 보려고 노력이라도 하는데 쉐보레는 ^^; ㅎㅎ,30
441,제가 97년도에 아벨라 산 이후에 계속 중고차만 타다가 qm6 20년 만에 새 차를 샀어요 17년도에 구형 모델이구요 교통사고 나서 03년형 싼타페 패차시키고 샀어요 기아 쏘렌토 현대 싼타페 다 봤는데 좀 맘에 안들어서 르노삼성 매장을 갔는데 qm6를 보고 첫눈에 반해서 내일 바로 계약했습니다. 일단 qm6 의 장점은 디자인과 성능입니다. 제가 보험을 하고 있어서 고객님을 만나러 가야 되서 차를 많이 이용해3만 km 탔는데 잔고장이 진짜 하나도 없습니다. 그리고 디자인도 예뻐서 정말 만족하고 있고요 다만 저희 가족이 코로나 이전에는 캠핑을 다녔었는데 트렁크 공간이 작아서 아쉽더군요 그리고 slink 의 클릭이 가끔씩 안되거나 느립니다. 이것도 좀 아쉽고.. 어쨋든 이만하면 만족하고 타고 있어요 ㅎㅎ,1
442,어댑티브 크루즈 컨트롤과 디젤이 생기면 좋겠네요...,3
443,리뷰중인 모델은 프리미에르 등급으로 옵션 다 넣으면 3700 훌쩍 넘어요. 가성비 깡패라니.. 2500모델은 보셨나요? 깡통입니다. 정말 아무것도 없어요,2
444,안녕하세요. 혹시 뒷자석 가운데 시트 내리면 버튼들이 보이는데 그건 어떤 버튼인가요?,2
445,오른쪽에 네비버튼 있지 않나요? 터치식이지만 바로 네비 나오는거 같던데요.. 네비 오른쪽 볼륨 스위치쪽 아래에 있는거 그거 였던거 같은데..,22
446,"부품비 비싸다는 사람 많은데, 내가 12년째 타고 있는데, 르삼의 부품 품질이 좋다. 현기보단 3배는 더 오래 버틴다.",33
447,기능이랑 버튼좀 추가해줬으면....,2
448,역시 르노지,10
449,보스 오디오 말고 일반오디오도 들을만한가요?,2
450,얘는 언덕밀림 방지 ? 잘 되나요?? sm6초기모델 2년운행하다가 언덕에서 주차할때 또는 언덕주차되어있는상태에서 후진할때 앞으로 또는 뒤로 자꾸밀려서 쿵한적있어서 팔았네요얘는 이상 없으려나요,3
451,QM6 가솔린 구입한지 2달 됐는데요솔직히 생각보다 괜찮아요~~~가격 동급에 비해서 정말 싸요.엔지이 자연흡기 방식이라 힘은 조금 약하지만터보엔진처럼 예열또는 후열이 필요없어서 관리하기 편한 차에요.외관 디자인도 맘에들고 운전도 편하고 연비도 생각보다 잘나와요. 그리고 보스 오디오가 정말 괜찮아요. 따로 비싼돈 들어가면서 튜닝 안해도 되니까요.물론 고급사제 오디오는 못따라가지만요.,15
452,맵으로 바로 가는 버튼 있습니다.. 촬영 전에 먼저 알아보시고 하면 좋았을텐데 아쉽네요.,19
453,가솔린사서 트렁크에 쌀 한가마니 싣고 다니면 lpg처럼 벨런스 좋아지나요?,21
454,신형rav4도 시승기해주세요~~,1
455,LPG차의 가격은 얼마되나요?,1
456,가격까진 좋은데 수리비가 졸비싸!!,34
457,닛산 로그처럼 2500cc 들어갔으면 좋았을 텐데....,3
458,풀옵으로 3200만원이면 다른차를 구매하는게 낫지않나요,1
459,목소리만 들어도 신뢰가 감,1
460,10:29 맵으로 바로가는 버튼 있습니다~ 센터페시아 오른쪽 드라이빙 어이스트 버튼 밑에 버튼누르시면 맵으로 바로 넘어가요~ㅎㅎ^^,4
461,19년형 가솔린인데 혹시 애플카플레이 화면 세로로 전체 다 나오게 못하는지.. 아시는 분..,2
462,중간에 맵버튼이 있으면 좋겠다고하셨는데 터치 버튼 중 가장 아래버튼이 맵버튼입니다...그리고 긴급제동도 없다고하셨는데 그것도 있구요^^...,15
463,Qm6 잘봤습니다. 르노 선택 안한건 잘한거같네요^^,1
464,4:28 100키로의 엉덩이 큰 아재 깨알출현 ㅋㅋㅋㅋㅋㅋㅋㅋㅋㅋㅋㅋㅋㅋㅋㅋㅋㅋㅋㅋㅋㅋㅋㅋㅋㅋㅋㅋㅋ,1
465,어느 유튜브 보닌까 싼타페 풀옵션 저렵한가격 이라고 자랑하던데 소형차가격이라고  하던데  허무맹랑하게 100%뻥티기 축소하여 해설자도 있어요,1
466,"언제까지 저 “태풍의 눈깔”을 박고 다닐는지....우리나라 국민들이 삼성차에 대해 좋은 이미지를 갖고 있다고 해서 천문학적인 비용을 대여료로 지불하며 삼성 이름을 쓰고 있다고 본 것 같은데, 이해가 안 되네요.좋았던 이미지야 닛산 차 그대로 가져와서 조립 판매할 때 변경에 얘긴데 말입니다. 르삼차 사서 르노 엠블럼으로 변경해서 다니는 차는 많이 봤어도, 르노 엠블럼을 르삼 엠블럼으로 바꿔놓은 클리오는 보지 못했네요. 물론 절대적인 판매량이 적기도 하지만, 많이 팔려도 그럴 사람은 없을 거 같습니다. 아무튼 얼른 태풍의 눈깔 좀 떼어 버렸으면 좋겠네요.",9
467,Qm6차주입니다.도움이되고자 댓글을 남깁니다.네비로 바로한번에 연결되는 버튼은 s링크 우측하단에 네모모양 누르시면 바로네비화면으로 넘어갑니다!도움이 되었으면 좋겠네요~항상 파이팅입니다!,96
468,"큐엠6 LE 2019년형을 중고로 산지 두달째입니다. 가솔린차인데 아주 만족하며 타고 있습니다. 에스링크는 부트업을 해서 공조기를 직접 조절할수 있게 하였습니다.그리고, 현기 싼타페 반자율주행 체험해봤는데요 솔까말 불안했습니다. 차가 지 맘대로 앞차에 부딪힐거 같은 느낌을 받았습니다. 그냥 운전자 스스로 제어하는 일반 크루즈콘트롤이 더 좋아요!!",3
469,전설의 토션빔,6
470,큐엠식스 이번에 구입했는데  산지 2일만에 연료게이지 오류뜨네요연료 절반잇는데 바닥이라고 뜨는 오류..주유구 열고 닫으면 정상복귀 되긴한데잔잔한 문제거리이긴 하네요..,3
471,가성비갑이라고 하는데 그냥 옵션 차이라고 보이는데?; 싼타페가 최신 옵션이 더 많아서 가격이 비싼거지 qm6급으로 옵션 낮추면 싼타페도 싸게 살수 있음그리고 터치로 뭘 조작한다는거 자체가 불호,3
472,Qm 6년오너입니다..르노최대 장점이 내구성이에요..현재 9만타고있는데.잔고장하나없어요참고로 제가 낚시꾼이에여^.^ㅋㅋ,62
473,김한용기자님이 오토바이리뷰하는거보고싶다,1
474,조수석시트가 많이 앞으로가있어서 뒤가 넓어보이네요,17
475,좋아 타보니 확실히,8
476,우측하단 네모 누르시면 반네비가 아닌 풀네비 됩니다,12
477,장점 실제 값보다 비싸보인다 Sm6랑 똑같이 생겼는데 멀티링크다 싼타페는 펠리세이드 나와서 모니터도 작고 그랜져 값인데  그정도 네임밸류로 느껴지지도 않음 쏘렌토는 벨루가 같이 생겨서 귀여운제 풀체인지 앞두고 있어 걍 호구 됩니다 그리고 현대 안에 기아라 굳이 하면 무리해서 펠리세이드가 답입니다 드림카 펠리세이드 ..단점 1.핸들 왼쪽에 풀옵션도 멍텅구리 칸이 있습니다 아주 거슬립니다 디젤 2020 옵션 높은거 크루즈 옵션 들어간것만 멍텅구리 아닙니다 2. 운전석 시트 6way 입니다 궁둥이 푹 넣고 싶은데 취향마다 다르지만 이건 불편합니다3.보험료 수입차로 분류되어 쪼금 더 냅니다 내장제 이런더 떠나서 번지르르 한데 가성비 값인 차인거 같습니다,3
478,QM 은 보다보면 보면볼수록 정이가는 디자인..  현대는 보다보면 보면볼수록 질리는..,5
479,시트에서 나는 찌그적등 잡소리가 있다던데이번 페이스리프 후에는 좀 사라질까 싶네요..,1
480,Re시그니처 오늘 전시차 인도 받습니다.Sm3 10년차타고있는데 잔고장없습니다.좋아요 어머니 sm6 우리가족 3번째 구매입니다만족해요^^,2
481,sm6 17년식인데도  우측 네모난거 터치 한번하면 네비맵 풀사이즈 화면으로 바로 넘어갑니다..  한때 sm6 차주셨는데 모르셨나보네요??,4
482,옥탄가가 다르니까 폭발음 차이나죠,1
483,다음에는 sm7 프리스티지 2008년 리뷰해주세요^^,4
484,디젤하고가솔린하고가격비교ㆍ늘하면안되죠가소린은산타페도가솔 린으로해야죠,1
485,"개인적입니다만, 공조 액정 따로 없고 통합인 차량은 절대 사지 않는 1인.",9
486,만족하고 탑니다~,8
487,방금 다른영상 보다왔는데 추가옵션건으로 품질보증기간 장난질한다고 나오더군요,5
488,Qm6관심있게 보고있는 현재 싼타페2013년식 유저입니다 ㅈ금 가장 관심사가 qm6인데 주변사람들이 소음이 심하다는 이야기를 들었는데 디젤모델에 한한 경우였을까요 물론 제가 직접 겪은것도 아니고  소음에 무던한 성격이라 크게 관여하진 않지만요 그리고 몇유튜버들 말로는 170이상 가속이 힘들다 . 가속반응이 느리다는 말이 많던데 이것에 불편함은 없을까요,1
489,이정도면 현기차 같으면 어거지라도 3열배치각,24
490,경정비비용과 부품값이 너무비쌈,13
491,8:25 흉기라고 중요한게 아니라고 생각했겠습니까? 아직 그걸 할 기술이 안되는거죠.,5
492,가성비는 좋으나 에어컨 필터 교체 diy 몇번해보면 결국 그 차값이 내 노가다 값이라는 ㅋ,12
493,렉스턴 빠돌이인데 실망감이 커서 보러옴  현기는 이상한 가루 날린대서 거들떠도 안보고. Qm6 널 유심히 관심있게 보겠노라.,10
494,이차 뒷자석에 한번타봣는데 멀미나던데...,2
495,제껀 2018년식인데 풀맵 버튼 한번에 되요...잘못 아신게 아닐까요,2
496,차체강성이 약한 거 아닌가요?,1
497,2021년형 QM6 페이스리프트 소식은 없나요?,1
498,CG 들어간 영상은 언제 쯤 볼 수 있을까용...?,3
499,르노신차개발팀들 김한용기자한테 정신교육좀 받아야할듯 국내성향을 모르는 듯,1
500,2019 Qm6 GDE 내비 등록지 변경이나 삭제 어떻게 하나요?,1
501,직접 판매 도 하시는지요   다음달 차바꿔야해서요,3
502,같은급의 투싼이나 싼타페는 엘피지모델나올 계획은 아예없는건가요,1
503,혹시 2020년버전도 acc없나요?,1
504,완전 만족~~,2
505,QM6 디젤은 단종인가요?,1
506,어뎁티브 그런거는 급발진이나 생기지그리고 단가 낮추기위한거죠,5
507,올해 나온신형 qm6 는 시동켜자마자 뜬금없이 라디오가 켜지는건 수정이 되었나요?,4
508,보조석을 이빠이 앞으로해놓으면 코나도 커요,9
509,고장나서 수리비생각은 왜 하세요 고장이 없는 데 현기처럼고장잘나고 수리비싼게좋아요 이해가안감,4
510,4친만원 넘어가는데 싼타폐 저렴한가격이라고 어느유튜브 허풍쨍이도 있어요,3
511,8:10 정말 당연한얘기이기 때문인거같네요..,25
512,르노가작은회사는 아닌데ㅋㅋ,3
513,튜싼 하고 비교 중입니다.,4
514,편집자가 바뀐건가요. 정신 차린건가요정신 없던 편집 스타일이 좀 개선된듯,10
515,S-link 기가지니가 나온다고 하던데,1
516,어댑티브 크루즈 컨트롤 프리미르에는 있는데 유투브 보면 없다고 해서요 궁금해요,1
517,르노는 공임이 왜 그렇게 비싼지부터 밝혀 주삼,1
518,아... 이제봤네 옆에 모자쓰신분 존잘님 아닌가요? 허허,1
519,다른건 모르겠고..연비가 .,6
520,Qm6페리좀 알려주세요 ㅠㅠ,1
521,쌩뚱맞게 골때린차죠,2
522,안녕하세요 지금 가족3명입니다  투싼 1.6 T. 가솔린과 ＱＭ６가솔린 2.0 자연흡기 선택 도와주세요 감사합니다,4
523,Sm 탄양반 맞나유??,1
524,전부터 생각했는데... 김한용 기자님이랑 성시경 닮았어요...,2
525,전자첨단옵션 사양 따지고 차를 사는데 그거 다 필요 없다 차는 기본에 충실하고 탄탄하게 안정성있게 만들면 되는겨...옵션 때려넣고 비싸게 파는거? 다 부질 없어 운전을 전자적업션 믿고 하냐? 운전 은 내가 하는거야 구지 필요 없는 옵션 빼고 다른거에 투자한 차가 좋은 차다,15
526,저차 잠깐만타도  엉덩이  ㅈㄴ 아픔,1
527,셀토스 사느니 이거 사겠다,51
528,주위에서 쓰레기라던데... 진짜 그 정돈가요,3
529,4:26 장기자님 ㅋㅋㅋ,33
530,기자가 아니라 영업사원 승차감 열라 안좋음,1
531,출력 겁나 딸려요 고속도로 타면 추월하기 힘들어요 1년타다 팔려고 내놨습니다,2
532,안사 돈아까워  새차 살돈없다,2
533,QM6 가솔린 정말 가성비좋고 휼륭한 차입니다    흉기차는 공짜로줘도 타기싫다  호구들만모르는 흉기차의비밀 그리고 니들댓글  달지마 어차피 안봐,19
534,맵버튼 있어요...,2
535,Wow,3
536,김한용은 빨대야.다좋테 ....제조사들 한테 사랑받겠어..ㅋㅋㅋ,15
537,수리비 유지비 비쌈,18
538,qm6  가솔린 관심있어서 리뷰  검색하다가   들어왔는데..  역시...  참    못한다.  어정쩡한 색깔의 리뷰... ..차량 구입에 도움 안되네..    노사장까지는 바라지도 않는데....  한상기정도만 하시오....   트림 고민 하다가...한상기 리뷰보고 프리미에르로  결정했다..,2
539,르쌍쉐는 일단 거르고 가라는데 레알 트루? 수리비 엄마 없다든데 레알?,1
540,기마뇽의 목하,1
541,이것도 토션빔인가요??,1
542,구독하면 남친 여친이 생기는군요 ㅋㅋㅋ,5
543,22:22,4
544,셀토스 광고가 나오네여,3
545,현제 재가 타고 있는데 최악의 차입니다.산지 2년도 안되었어요1.연비 최악2.트렁크 안닫힘3.핸들에서 끽끽 소리 계속남4.사이드미로 안접힘5.기어봉 변속 버튼 빠짐 최악입니다 이차 살돈으로 차라리 외제차 사세요 차사고 평생 후회합니다.주변에서도 삼성차 사고 후회하는 사람들 전부입니다,1
546,부탁인데 에어백 터트리지마세요거지같은 삼성차에어백터지면 앞판넬 통째로 갈고 앞판넬갈면 앞유리까지 갈아야됨 선팅도 다시해야되고서무수리소 리얼수리비 천만원 나옴 진짜로,1
547,르노삼성을 왜샀는지설명해야한다? 이세기도라인가? 소설을쓰노 논리도없고,1
548,SM영업사원으로 전직하셨나봐요.. 기자보다는 영업사원이 낫겠네요,3
549,가속력 쓰레기 ㅋㅋㅋ,1
550,별로,2
551,ㅎㅎ,1
552,팔고나면 쌩까는 르노 삼성 절대사지마세요,1
553,쓰레기 차 홍보하지마세요,1
554,싼타페.쏘렌토 살 돈없는사람들이 사는차동급옵션에서 보면 투싼보다 쌈 ㅋ,3
555,웃기고  있네앞자석을   앞으로   땅겨놓고뒷자석이  넗다고  시기  치고  있네,2
556,디자인 아니었으면 진짜 개쪽박찻을 차량.. 그리고 이차를 왜 싼타페하고 비교하는거죠? 투싼한테 비빌만한거 같은데,2
