,comments,likes
0,빠르게 달리지 않아도 감속하고 가속하며 코너를 돌아나가는 내내 너무 즐거웠던 기억이 있는 차였습니다! 출중한 운전실력과 어휘력으로 표현해주셔서 더욱 몰입하며 볼 수 있었네요:) 좋은 영상 감사합니다!,72
1,운전 진짜 잘하시네 강병휘 선수 ... 미아타 순정 진짜 컨트롤하기 힘든 차죠,80
2,"nc까지 나왔을때만 해도 개인적으로 디자인이 성능에 비해 별로라고 생각해서 큰 기대 안하고 있었는데 nd 처음 나왔을때 진짜 디자인에 홀딱 반해버렸었습니다. 룸메이트가 nd 사러 갈떄 따라가서 처음 운전 해봤을 떄 확실히 nc 보다 덜 부담스럽고 가볍게 느껴졌지만 기계적인(mechanical)한 느낌이 많이 사라져서 살짝 실망했다가 친구가 차를 사고 난뒤에 드리프트도 해보고 코너링을 좀 빡빡하게 해보니까 아... 갓 미아타가 또 탄생했구나 싶었습니다. 그 이후로 nd 엄청 빌려 탔던 기억이 있습니다. 당시 rx8 유저라 다른 차 타도 예전만큼 신나는 경우가 드물었는데 nd는 두근두근 거리는 차 였어요. 헬켓 챌린저 같은 700hp 넘는 괴물들 보다 순정 미아타가 더 재밌다고 생각합니다.미아타 자체가 정말 너무너무 즐겁고 보기만 해도 아주 큰 미소를 얼굴에 걸어주는 그런 차죠. na부터 nd까지 순정으로 드리프트 해도 너무 안정적이라 지금 내가 드리프트를 하고 있는데 마치 일반 주행 하는 것 같은 그런 매력을 많이 느낀 차였습니다. 차체 밸런스가 너무 카트 같기도 하고 앞뒤 비율 끝내주는 섀시 밸런스에 대한 믿음 덕분에 좁은곳에서 차를 사이드로 과감하게 후려도 전혀 무섭지 않은 펀카! 제로백은 na부터 nd까지 순정 RX8이랑 비슷했어요. 그리고 스포츠카를 다양하게 못 타보신 분들에겐 과장으로 보일 수도 있지만 정말 과장 1도 안섞고 R8 V10같은 온갖 슈퍼카들을 코너나 속도의 한계로 밀어붙이는 것 보다 그냥 미아타 좀 집중해서 타면서 요리조리 실험해보는게 훨씬 더 재밌습니다. 하지만 몇번을 타봐도 결국 몇년이 지난 지금 그리운건 역시 na네요 ㅎㅎ na로 사이드 브레이크 남발하던 그 느낌이 너무 그리워지네요. 현실반영 좀 해서 세컨카 없으시면 na보단 nd, nd 보단 4 seat coupe인데 혼자 살고 트렁크 거의 안쓰시면 nd 지르세요. 만약 소프트탑 관리를 정말 잘 할 자신이 있다? 그럼 깔끔하고 곰팡이 없는 (*아주 중요*) na 도전해보세요. 근데 na는 관리를 넘어서 갓....",3
3,"역시 프로 드라이버시네요~!MX5 4년째.. 이제는 생활차로 막 굴리고 있지만, 아직도 시동 걸 때 설렘이 남아있습니다. ㅎㅎ리뷰에 나온 MX5 색상이 meteor gray였나.. 제가 출고하고 싶던 색상이네요^^",65
4,"오히려, 포르쉐 보다 더 즐길수 있는 차라고 생각합니다.고출력 스포츠차는.. 힘은 좋은데, 막상 그 힘을 사용하기에 적합한 곳이 많지 않아,  서킷이나 가야 좀 밟아 보지만, 180마력 언저리라, 막 밟아도, 진짜 재미있게 탈수 있는 최고의 펀카로 최고라 생각되네요.",71
5,미아타를 컨트롤하면서 귀엽다는 평을 하시다니.. 클라스가 남다르시네요 역시👍,26
6,"과거에 m3탔었지만 지금 이 차를 보니 이차가 저에게 모든면에서 맞게 느껴지네요 수동, 무게, 금액, 운전의 재미까지 !! 지금은 형편상 펠리를 타지만 꼭 서브카로 들이고 싶네요 강병휘선수의 리뷰중 최고라고 느껴집니다 영상만 봐도 스트레스가 풀리는 느낌이네요 10번째 보는중인데 너무 즐거워하는 모습이 보기좋고 몇년뒤에 저 또한 저런 행복감을 느끼고 싶네요!!",6
7,계약 9개월만에 이제 곧 차가 옵니다. ND2빨간색 얻기가 참 힘들었습니다.  역시 강병휘사마의  운전은 공도에서도 감춰지지 않습니다.,28
8,"저는 캐나다에 살고 있고 마쯔다 cx3, cx5 두대 보유하고 있습니다.  개인적으로 마쯔다라는 브랜드가 참 생소 했는데 워낙 차 브랜드가 많은 캐나다이고 저도 차를 정말 사랑하는 사람으로써 이것저것 다 타보고 선택했는데 너무 만족해서 2대를 구매 했습니다.  개인적으로 미야타 mx5 빨간색 수동으로 하나 수동하고 평생 소유 하고 싶습니다 ㅋㅋㅋㅋ 한국에서 판매 했으면 정말 좋겠습니다.  개인적으로 모든 mx5 해외 리뷰보면 다들 운전하면서 미소가 빵빵 터지는게 참 신기했습니다 ㅋㅋㅋㅋ 만족도가 참 높은차…",12
9,사우디 파견근무 시절  사우디 안에서만 플랜트 프로젝트를 8개 동시 진행해서 회사차로만 현장마다 50대 이상 굴렸는데.. 현대차도 운영하고 기아차도 운영하고 도요타도 운영하고 포드 bmw 등등 회사안에서 정비소도 직접 운영할정로 차를 많이 굴렸는데.. 각 현장 공무들 다 인정하던 마쯔다3.. 사우디 모래바람속에서도 가장 잔고장이 없었던..,8
10,박스터 중고 가격과 새차 가격이 비슷해서 살려다가 못산 미야타네요 ㅎㅎ 나중에 오토모델이 나오기도 했지만 역시나 미야타는 86과 더불어 수동이어야 하죠 ^^,8
11,ND 수동도 자동도 잠깐씩 운전해봤는데 정말 너무 좋지만... 덩치가 크면 많이 힘든 차라서 아쉽습니다. 온 몸이 꽉 끼어서 다니는 느낌..,9
12,"잠깐씩이지만 NA,NC,ND 다 타봤는데 원초적인 재미는 NA를 못따라오지만 세대를 거쳐도 재밌는 몇 없는 차 임에는 틀림없는것 같네요",10
13,차가 막 미끄러지고 있는데 환호를 하는 저 미친 실력과 자신감...하.. 부럽다 ㅠㅜ,1
14,mx-5.편집본 잘봤습니다~ㅎ드라이버가 누구냐에따라서정말 재미있을수도 있고....흐르는 리어가 무서울수도 있고 ㅎ3년째 탑니다만....아직도 저에게는  다루기가 어렵네요..하지만 차와 교감한다는 느낌은 다른차에선 느끼기 어려운 그런거....,12
15,8:59 완전 예술이네요..ㄷㄷㄷ,48
16,빨리 달리지않아도엄청 빠르게 느껴지고.그만큼 느린속도로도 재밋음..코너링 스피드는 말도안될정도임.코너링에함타보면 뽕맞음,5
17,"저는 필리핀에서 마즈다 CX-9 signature모델을 타고 있는데 차는 정말 만족할만한 성능을 보여줍니다. 7인승 SUV에 4기통 2.5리터 터보를 달았는데 순간 가속력이나 정숙성,연비 등이 그동안 타봤던 토요타,혼다 차들을 능가합니다. 마즈다 차가 달리는 재미는 쏠쏠한거 같습니다. 그런데 정말 인기가 없어서 중고차 값이 3년타면 반값보다 더 까입니다. 왜 인기가 없는지 이유를 모르겠는데 암튼 차는 정말 좋습니다.",1
18,8:38 esp 콕 눌러서 바로 꺼지는거 편한거 너무너무너무 공감갑니다. DSC ESP 항상 끄고 다니는 저에겐 항상 꾹 눌러서 꺼야하는게 너무 귀찮았습니다. ecu로 끌까 했는데 그 당시 전자쪽 문제가 너무 많아서 결국 못 했었는데 친구 nd 몰때마다 톡 누르고 끄는게 너무 편리했습니다! bbb,1
19,정말 살면서 한번쯤 소유해보고싶은차 ㅜㅜ 로또되면 노려봐야지 ㅜㅜ,4
20,아N이랑 비교대상인지는 모르겠지만 투도어 차 디자인 정말 깐지네요...!!,2
21,와........... 아반떼N 출고 대기중인데 계약 취소를 고민해보게 하네요!! 엄청 재밌어 보입니다! 느낌 전달을 정말 잘 하시네요! 선수셔서 운전도 잘 하시구요! MX-5가 왜 그렇게 인기 있는 모델인지 이 영상을 통해 제대로 배웠습니다!,3
22,이거보고 주말에 산길타러 가면 사고납니다..ㅋㅋㅋㅋㅋ.....,165
23,차진짜 너무이쁘다.. 뒷태 앞태 진짜 하나도 빠지는게없다,6
24,뒤가 털릴때 악셀 OFF하면 바로 전손클럽이고 무조건 풀악셀로 차를 컨트롤 해야하는 신기한차... 첨 타보고 전손낼뻔 했어요 ㅋㅋㅋㅋㅋ,7
25,진짜 차잘알들은 아반떼N같은거보다도 미아타를 사죠 ㅋㅋ 세계적인 명작이니까요 ㅎㅎ 비교불가,5
26,늘 추천이 뜨던데 영상은 처음 봤는데 영상이 너무 좋네요. 말씀도 너무 잘하시고 운전도 엄청 잘하시고.. 간만에 차를 다시 봤습니다. 저는 운전을 잘 못하지만요 ㅎㅎ버드뷰는 어떻게 찍는건가요? 차 주변으로 드론이 따르는건가요? 신기하네요,2
27,운전을 시작한지 얼마 안된 시절에 수동5단 변속기가 달린 스타렉스 9인승을 자주 타는 일이 있었습니다.한 차량만 꾸준히 타다 보니 어느 순간 몸에 익으면서 차와 내가 동시에 물려돌아간다는 느낌을 받을 때의 짜릿함이 ㅈ금도 기억이 나네요.,1
28,운전하기 어려웠던 기억이..저런 실력 부럽네요,1
29,타보고 한눈에 반했더 차네요 ㅎㅎ,1
30,저렇게 즐거울 수 있게 운전을 해야 즐거운겁니다. 컨트롤이 되지 않는 상황에 무작정 밟는 오너에겐 위험한 차량입니다.,9
31,웃으시면서 운전하는걸 보니 같이 재밌어지네요 ㅋㅋㅋㅋㅋ역시 미아타!!,1
32,리어가 너무 흐르네요...그걸 컨트롤 할수  있는 실력만 되면 정말 재미있고 멋진 차 인거 같아요.한번 타 보고 싶어지는 차네요~,1
33,"ND1 ND2 두대 다 산 유저인데요ND2 보다 ND1이 더 낮습니다ND2가 마력이 올랐지만 낮은 알피엠때 너무 허당이 심해요. 초반 저 rpm에서는 마치 경차 운전하는 느낌처럼 힘이 엄청 딸리는게 완전 저급차로 느껴지더라구요... 저는 ND1중고로 수동모델로 사는걸 추천드려요. 참고로 nd2가 중고 시세가 더 비싼데 전 nd1이 비싸도 nd1으로 갈꺼같아요~ 서스는 롤링감이 있어서 그런 승차감이 싫으면 서스정도 하면 도움이 많이 됩니다. 배기 소리는 너무 작아서 엔드 정도만 하먼 좋습니다 ~ 배기는 볼라배기 괜찮아요~참고로 86하고도 고민 하시는 분도 계실꺼 같은데요, Mx5사기전 86도 고려해서 시승을 해봤었는데 86은 너무 무겁고 느려서 mx5릉 더 추천드립니다. 변속기 느낌도 mx5가 더 좋습니다.",5
34,우리나라에도 출시되면 좋을텐데,1
35,나도 첨엔 이색상과 빨간색에서 엄청 고심했었는데 역시 그레이색상 완전 고급스럽고 오지네요.ㅠㅠ,3
36,"그란투리스모 스포트에서 싱글리그 중 이 차로 달리는 원메이크 레이스가 초급리그에도 있고 중급 리그에도 있어서 말하신대로 고작 100마력대인데 왜 그런가 했는데, 영상을 보고 또 ""911 GT3와 추구하는 방향성이 똑같다""라는 말씀을 들으니 알 것 같습니다.",15
37,운전 진짜 잘하네,1
38,내가 탔다간 커브에서 컨트롤못해서 가드레일박을듯...대단하시네 역시...,4
39,"LSD없고 서스펜션도 일반차량용으로 들어간 깡통모델 몰고 있습니다, 뚜껑이 열리고 가벼운것만으로도 차가재밌네요",4
40,현재 매일 데일리로타고 다니고있습니다.차 정말예쁘고 드라이빙 재미지지만 출퇴근시간이랑 주말 나들이시 국도나 고속도로 막히는 구간이면 무릎도가니탕이 간절히 생각나게하는 놈입니다. ㅋㅋ,8
41,잘 봤습니다.아무나 컨트롤 못하는 차 대리만족함ㅋㅋ,1
42,사고싶다..,1
43,이형 진짜 재밋어하시네 ㅎ,2
44,저도 미아타 가지고 있습니다.정말 재미있는 차입니다.,2
45,이 영상이 업로드된 날 저도 새 미아타를 픽업했네요~ 즐겁게 타고 있습니다 ㅎㅎ,2
46,역시 오픈카 리뷰 👍👍👍,1
47,"Miata 는 제가 주말에만 타는차 입니다. 직장갈때 금요일에만 몰고 나가는거.  한달에 몇번, 날씨 좋을때  바닷가나 산으로 몰고 나갑니다. 그거 탈때에는 항상 지붕을 열고, 또한 날씨가 추울수록 더 재미있습니다.  해가 쨍쨍 뜰때에는 타지 않습니다. 이거보다 더 비싼차 필요 없어요.  돈이 아주아주 많지 않는이상. MX-5 는 미국에서 가장 ""재미있는"" 자동차라고 알려진 차입니다 (Porsche 를 재끼고).  관리하는 돈도 적게들고 (어른 돈으로).. 내가 만족하고 즐기는 차입니다.",6
48,미아타 ~ 정말 최고의 장난감...,4
49,MX-5 Roadster실제로 빨간색깔로 봤는데 세컨카로 리스트에 올리고싶네요.😄😄,3
50,MX-5 리뷰들 특) 타면서 리뷰어들 겁나웃음. 스펙 숫자 들이대면 별로 내세울거 없는데 그냥 좋음.,11
51,그냥 표정만 봐도 재밌는 느낌이 팍팍 드네요!,3
52,제차네요~! 탈때마다 행복합니다 ㅎㅎ 독일에서 신차내려서 타다가 이삿짐으로 한국에 들고왔죱 1.5 좌횐들  mx5nd2,6
53,타고 싶어도 덩치가 커서 도저히 운전하기 불편하더군요 ㅠㅠ 실내가 조금만 더 넓었으면 좋겠....ㅠㅠ그나저나 뒤가 털리고 있는데 아무렇지도 않게 조타로 터는거 잡으시면서 잔잔한 목소리로 리뷰를 하시는게 넘 부럽.....역시 강병휘 선수 클라스!!!!!,6
54,전기차 버전으로 소형 로드스터 만들면 어떨까요,1
55,도심 일상에서 즐기기 딱좋은 마력인듯,1
56,어이어이 기다리고 있었다구-! 혹시 선수님 차량리뷰 하실때 트렉션 컨트롤 끄고 타시나요?,1
57,잠시 잊고 있었습니다. 이전 세대가 이니셜D에 2종류나 나왔다는걸요...ㅎㅎ,2
58,키만 작았어도 이거 타는건데...  와인딩하기 최고의 차..,2
59,아 보고있으니 빠져드네요 수동mx5 갖고싶네요,4
60,와~ 병휘형 탁쿠형이네.ㄷㄷ 저 컵홀더에 물통이 앞으로 안넘어가다니......,13
61,뒤타이어가 앞타이어에게 하는말.....이표현 넘좋습니다,2
62,우리나라에 정식 수입되면 좋을텐데..아쉬운 차량 중 한 모델,7
63,아반떼n과 mx5 고민중입니다.둘 중에 어느것을 구매하는게 좋을까요?그리고 mx5 운전이 좀 어렵다고들 하시던데 운전도 어디서 좀 배울 수 있을까요?,2
64,토요타 GR86 한국에 판매한다고 하네요.... 나중에 이것도 꼭 좀 부탁드려봅니다!!,1
65,인제가보면 딱히 기록이 느리지도 않음 한국지형에선 잴 잼나다고 자부함,2
66,70킬로로 달릴때 가장즐거운차,1
67,아반떼n 진지하게 보다가 이걸보니.. 병휘선수도 미아타처럼 늙지않는다,2
68,"NC 오너입니다. 퓨어 드라이브의 신선놀음의 세계라는 말에 공감합니다. 살랑살랑 가다 적당한 곳에서 지붕을 열고 싶을 때가 있다면, 그때가 스포츠모드입니다.",1
69,MX5 너무 좋아요~~,1
70,초보자에게 지옥을 보여주는...,1
71,그래도 우리 칸코쿠노 횬다이 아바느떼에느를 사야죠,1
72,진짜 차쟁이의 차,2
73,진정한 스포츠카는 애초에 자세 제어장치도 없습니다,2
74,1:52 미아타 뚜껑 미쳤나ㅋㅋㅋ,9
75,약시 선수답게 와인딩 실력이 츠 지기네요. 근데 아무리 달리는 차라고 해도 차도 놀라겠다,3
76,도시 한복판에서 깔짝깔짝 타는 리뷰만 보다가다운힐 드리프트 조지는 모습보고 구독 누르고 갑니다,1
77,여기에다가 LS3엔진 스왑해서 타는게 목표입니다 ㅎㅎ,1
78,운전자와 교미하는 날것의 재미,4
79,"너무 타고 싶은차인데,,,,운전 잘하는 주변지인들도 사고가 그리 잘나는...다루기 어려운차라서 망설여지는 차임....s2000과 거의 동일한 움직을 보여준다는.....과부제조기......",3
80,4900만원... 아반떼 N이 갓성비 이긴하다... 로드스터와 컨버터블 매력을 포함하더라도. 아쉬운 가격.. ㅠㅠ,10
81,친구놈이 딱 저색 뽑아다가 타고 있는데 타이어는 어느정도 넣어주면 좋을까요?,2
82,마즈다 차 진짜 수동 개재밌지,1
83,그래서 그mx-5 설명말고 아반떼 n말고 이차를 사야되는 이유는 뭔가요?,1
84,아반떼n과 이 차랑 실제 엄청 고민하고있습니다,1
85,뒤가 날아가는걸 보니까 내가 쳐다도 보면 안되는 차구나 ㅋㅋㅋㅋ,5
86,현대에서 요런거 하나만 만들어주지 ㅠㅠ,4
87,감성의 시대는 끝 아쉽지만,1
88,미아타는 프론트 디저인좀  클래식 디자인으로 바꿧으면 더 많이 팔릴텐데,1
89,Sliding은 우리가 보지 못해서 조금 아쉽습니다 🤔,1
90,르노 알핀도 어떤차인지 궁금합니다,2
91,MX-5 과 GT3가 추구하는건 크게보면 운전의 묘미지만 방식이 너무 다른거 아닌가요... MX-5는 서스 튜닝이 일부러 weight transfer 가 과장되게 느껴지도록 해서 운전의 재미와 기본기를 배울 수 있는거고 GT3는 racing car와 같이 weight transfer / body movement를 더 확실히 제어하는 방식이고... MX-5는 서킷가려면 하체 튜닝 거의 필수...,2
92,역시 mx5,1
93,어차피 운전 저렇게 못하는데 생긴것만으로도 갖고싶다,1
94,사고싶어지자나 ㅠㅠ,1
95,말하면서 그냥 가볍게 카운터 툭툭,1
96,미아타는 뭐만하면 처형모드라...,3
97,들리는 사운드가 꼭 바이크 사운드 같네요ㅎㅎ,1
98,유쾌단은 미아타네,1
99,수동기어 넣는 방식이 특이합니다.,1
100,"사과, 오렌지 처럼 애초에 비교대상이 아님",1
101,"오빠, 이거 살 돈으로 아반떼N 샀어야지!",1
102,힐링받고 갑니다,1
103,와...한국에 당신같은 사람도 있군요...정말정말 잘 보고듣고갑니다 ..미국꼰대가...,2
104,장항준씨 운전 잘 하시네여..,3
105,"이제 자유롭게 일본차를 추천하고, 구매하고 싶다고 말해도 되는 시대가 돌아와서 진심으로 행복하네요....조만간 출시 될 GR86도 꼭 리뷰 부탁드릴게요!!",2
106,살림살이만 넉넉해도 세컨카로 하나 두고싶은데..,1
107,이 차만보면 이제 아반떼n만 생각나네요ㅋㅋㅋ,2
108,가장 작지 않아요..코펜이랑 s660이 있어요,1
109,미아타👍👍,3
110,일반인이라면 황천길 한3번 갔을듯요ㅋㅋ,1
111,미국에서 1세대 미아타 윙크 할수 있도록 튜닝하고 다니는 애들 많았는데,1
112,미아타 타고싶어요,1
113,아... 후륜.... 갑자기.... 후륜차 타고 싶네요 ㅎㅎㅎ,1
114,촬영지가 어딜까요?  아시는분...와인딩 하기에 넘 좋아보여서요,3
115,와정말 이쁘네요,1
116,기아 마즈다도 만들어라~ 감성없는 돈현기 히로시마 마즈다,2
117,드뎌~ 미아타ㅎㅎ,1
118,오 멋집니다.줘도 못 타겠군요. 저는,1
119,1 : 53  오픈할때후드를 손으로 밀어서 내리던데그것에 대한 언급은 없네요,3
120,180 이상은 즐거움이 없다는거,1
121,혼다s2000 하고는 또다른 무언가가 있나요??,1
122,관성 드리프트 가능한가요,1
123,몸무게를  70kg을  맞추어서 타야겠어요 완벽한 발란스를 위해서요,1
124,0:23 오우야 왜 이렇게 빨리가(실제로 한 말),5
125,미쯔다 로 바꿉시다 마쯔다는 ㅋㅋㅋㅋㅋㅋ 근데 수동 모델 밖에 없네요 수동 오너들은 ㅈㄴ게 좋아하겠네요,1
126,제 드림카... 진짜 타고 싶은 차입니다ㅠ,4
127,이차도 고급유 세팅인가요 ?,1
128,🔥🔥🔥,1
129,고장나면  마쯔다는 어디서 고치나요? 부품있나요?지역은 경남창원입니다,1
130,피아트 124도 리뷰해 주세요,1
131,키186정도면 순정시트로 탈수없는차.. 앞도안보이고 소프트탑을 머리로 밀어눌러서 차밖에서 보면 머리모양보임,1
132,왠지 모르게 끌리지가 않네요 다들 좋다고 하지만,3
133,일반 사람들 운전하면 사고 나겠네요ㅋㅋㅋ,1
134,너무 재밌어 보인다 ㅎㅎㅎ,1
135,팝업달린 미아타가 표정이 멍청해서 귀여움,1
136,재미있는건 인정..그러나생긴거때문에 항상 쪽팔리는차,1
137,스포츠카.슈퍼카는 선수들이 리뷰하는게 맞음. 타 리뷰어들은 운전도 못하면서 이곳저곳에서 들은 말들 끼워 허세부리는 리뷰뿐임,4
138,200 보태서 이 차를 샀어야지,2
139,이게..자동차지...,2
140,이거 보고 산길가면 바로 사망 ㅋㅋㅋㅋㅋㅋㅋㅋ 운전자가 다르단걸 알아야됨 ㅠㅠ,2
141,와 ㅁㅊ날렵하다,1
142,제1세대 NA 96년형 3만 마일 주행 M-edition 전북에 한대 등록되어 있습니다.,2
143,난 일본차는 다 별론데 마쯔다는 너무 좋더라,1
144,많이 올랐던데... 비쌈,1
145,인트로찍다 급발진인줄ㅋㅋㅋㅋㅋㅋㅋㅋ,1
146,뚜껑 연고 닫다가 사고 날수도,1
147,이차가 점화 플러그 없는 그찬가?,1
148,와우,1
149,선수님도 수동차 시동 꺼먹어본적 있으신가요?,1
150,???:200만원이면 이거말고 저걸 샀어야죠의 그차,4
151,오토는 스포츠모드 있는데ㅠ,1
152,날것의 맛 ㅎㅎ,1
153,여기 장소 알려쥬세요 달리고싶어지네요,1
154,그나저나.. 삼다수는 광고인가요..? ㅋㅋ,1
155,"???: 마츠다, 누굴 쏘는거야!",1
156,로터리엔진의역작,1
157,아닠ㅋㅋ 시동걸자마자 튀어나가는거 괜히 신경쓰이네 ㅋㅋㅋㅋㅋ,1
158,일반인분들 Esp 키고 타세요...,1
159,가격과 구입과정이 문제 입니다 그걸 설명 안해주시네요,3
160,200만원밖에 차이 안나? 오빠 그럼 200을 더 내고 저걸 사야지,1
161,차를 잘 몰라서요..! 이 차 국내에서도 구입이 가능한건가요?😯,1
162,아반떼n 플옵이랑 가격 비슷한데 뭐가 좋을까...? 흠,2
163,드라이브 코스가 어디에요?,1
164,미야타 솔직하게 말씀해주세요 출력이 아쉽다 생각이 안들만큼 매력적인가요?,4
165,어우 차랑 교감하려면 전 살부터 빼야 겠어요 ㅋㅋ,1
166,2016년 모델.. 트레이드인 해서 2022식  GR86으로 왔습니다만.. (일주일차) 자꾸 차 잘못 바꿨나 생각이 듭니다..,2
167,재밌겠다,1
168,강병휘선수만큼 차를 운전한다... 그게 아니면 n이지 뭐...,1
169,같은 시리즈중에서 미니는 안보이네요? 안올리신거 맞겠죠?,1
170,앗 jcw 컨버는 리뷰없나요?ㅎ,1
171,우리나라에서는 그림의 떡??,1
172,아... 나도 뇌를 거치지 않고 반사신경만으로 즉각 즉각 카운터 치고싶다.뇌를 거치고 카운터 치면 이미 차가 반 돌아가있다능요... 흐규ㅠ,1
173,이 부러운 사람.,1
174,오늘 하타형 출근이 늦네...,2
175,이런거이런거이런거!!!,2
176,작은포르쉐느낌,1
177,수입 하나요?,1
178,ㅇㅇ 나도 스포츠 모드 없어..,2
179,수동 고자(?)분들은 수동부터 따고 오세요~^ ^,1
180,? : 차는 옆으로 가야죠...,1
181,마쓰다 로드스터 신형 나왔어요 이번에는 자동 컨버터블  나왔어요 뿌~,1
182,와이프차 라브4 제차 mx 5,1
183,아바스124타는데 내차는 왜 저렇게 안굴러가지?? ㅋㅋㅋㅋㅋㅋㅋㅋ,1
184,너무 맛있네요,1
185,??:오빠 저 차 뭐야 뚜껑도 열리네?아N:아 저차 내차랑 300만원밖에 차이안나~ 내차라 마력도 더 높고 제로백도??:오빠 300만원차이면 저 차 삿어야지 뭐하는거야?아N:내려,1
186,미아타,1
187,미니로드스터S 가 빠르나요  애가  빠르나요? 둘다 가벼워서 ㅋ,1
188,드라이브 코스가 어딘가요,1
189,솔직히 서킷같은 코너나 내리막 코너가 강원도 살지 않는 한 별로 마주칠일이 없음. 현실에선 엑셀 풀로조지면서 다녀도 개답답함... 맨날 강원도 내리막 다닐 수 있는 사람이 아니라면 비추...,1
190,미얏하 !,1
191,코너마다  카운터  치는  재미?,1
192,1:50 내가 뭘본거지 ㅋㅋㅋㅋ,1
193,6:09    :),1
194,배후령옛길 인가요?,1
195,이 차가 바로 그 오빠 병x이야? 나온 차인가요?!,1
196,“그럼 200보태서 저걸 사야지 오빠 병신이야 진짜?”,1
197,마즈다 한국에 없어,1
198,일본 스포츠카는 ㄹㅇ 드림카인데,1
199,크으으으으으으,1
200,내가 좀 작았더라면 ...,1
201,현기차 부들부들,2
202,오빠 X신이야? 주인공 ㅋㅋㅋㅋㅋㅋㅋㅋㅋㅋㅋㅋ,1
203,헤헹,1
204,헤헤,1
205,Goat,1
206,이차는 오토는 없나요?,1
207,입이  언거 같은데요,1
208,매일같이 F87 M2랑 Miata ND 유튜브 영상만 찾아보고 있네요.. 영상 잘 봤습니다~,2
209,오늘 하드탑 예약걸었습니다.빨리 받아서 타고 싶네요 ㅋㅋㅋ,3
210,좀더 안전한 자세제어 로직일텐데 어차피 제대로 타려면  끕니다. 무선충전이 된다해서 핸드폰 바꿔야 하나 하고 있습니다.,2
211,"mx5 19년식 1.5L 한국에서 타는오넙니다. 혹시 2022년식은 오토라이트,오토와이퍼,무선카플레이가 달렸나요?",2
212,저혹시 혼다 아큐라 nsx 도 가능한가요? 가능하면 예약생각중입니다. 예약하게되면 출고하는데 얼마정도 나올까요??,2
213,소울레드가 이쁘긴이쁜대 긁히면 도색비가 아~휴 색코드는 41v인대 펄가루 비율 맞추기가 어려워 자가도색불가능 41v만 칠하면 차이 너무나서 다른차페인트칠한거같음,2
214,지금 계약시 언제 받을수 있을까요?,2
215,지금 구매 가능하나요?,2
216,감지기는 필수같은데 ㅠㅠ,2
217,재고 있나요? 고민중이에요.,3
218,명차 4700만원인가요?,2
219,그래서 가격이 얼마에요?,2
220,저도 사고 싶었던 MX-5 시승기 잘봤습니다~(물론 말씀하신 박스터 중고를 샀...ㅎ)정말 무게가 깡패인거 같습니다. 모든면에서 이차를 이길수가 없는게 무게네요~,1
221,컨셉인지는 너무 잘사시니까그런진 모르겠지만 ㅠㅠㅠ좋은차 너무 뭐라고 하지마세유ㅠㅠㅠㅠ 누구에겐 꿈의 차인뒈 ㅠㅠㅠㅠㅋㅋㅋㅋ 잼께잘봤습니다 ㅎㅎ,12
222,0:50 이거 미국 동영상 보시면 rpm올라가는게 정말 감성적입니다.트랙에서 타는 동영상 있는데 힐앤토 할수 있는 분들은 너무 좋은 차량,2
223,"미아타는 무게를 가볍게 하려고 플라스틱을 많이 사용한건대... 그리고 오토보다는 스틱을 가는게 RPM 을 끝까지 가서 운전하는 묘미로 운전하는 차지요. 50/50 비율로 기어 2,3에서 가지고 노는 재미가 엄청난 차죠. 키가 180미만이면 불편한거 없는 차일텐데",4
224,진짜 꿈의 차다... 초경량스포츠카,2
225,MX5는 소프트 탑에 스틱으로 운전해야 제맛이죠...ㅋㅋ스틱운전이 그렇게 맛있고 재밌다는데... 진짜 느껴보고 싶어요..ㅋ,2
226,한솔님 짱입니당~~ 잘보고있어요차 취향도 비슷하고 나이도같고 같은 과천사람 ㅋㅋ 스카이라인 r34 리뷰도 언젠가 해주시길~,1
227,이 차는 진짜 갖고 싶긴 하네요~,1
228,통풍이라 해서 통풍시트가 운전석에만 있다는 줄 알았네요ㅋㅋㅋㅋ,6
229,ㅋㅋㅋㅋㅋ오늘도 고통받는 한솔님ㅋㅋㅋ,30
230,주한솔님 자주 아프셔서 쓰러진다니 걱정이네요.... 무리하시지 마시길!!,1
231,MX5를 타고 한적한 날 강화도 서쪽 해변을 달리니 이보다 더 좋을 수 없더군요 ㅎㅎ,3
232,통풍... 진짜 겪어본 사람만 그 고통 알죠,1
233,"차를 타보니 스포츠성과 펀카는 일단 경쾌해야하고 경쾌하다는 것은 휠베이스가 짧고 말씀처럼 무게가 가벼워야 하더라구요. 그런데 휠베이스가 짧고 무게가 가벼우려면 엔진 무게를 덜어야 하니 기통수를 줄여하고 차가 작아지니 경차 스타일의 차량이 나올수 밖에 없는것 같습니다. 무게, 휠베이스,엔진의 무게와 출력 이 세가지의 조합을 가장 잘 버무린게 슈퍼카 혹은 스포츠카가 아닌가 생각해봅니다. 그러나 극단적으로 코너를 타고 차량과 일체화되어 공감하는 능력은 가벼움에서오는 운동성과 노면을 읽어내는 차량과 드라이버의 엉덩이와 손에서 오다보니 제조사에서는 하드코어 버전에서만큼이라도 최대한 덜어보려고 노력하는것 같습니다. 그런데 이러한 공식들이 전기차 시대가 오면 또 어떻게 바뀔지 궁금하기도 하고 오지 않았으면 하는 속상함과 아쉬움도 있습니다. ㅎㅎ 요즘들어 부쩍 재밌어진 채널 항상 잘보고 있습니다!",1
234,한솔 차량취향이 나랑 비슷하네요 nd주말용으로 타지만 요즘은 바이크키에 손이더가는 바린이됨,1
235,머스탱도 플랫크랭크를 사용하는군요! 고급정보네요,1
236,1.5 nd2 수동 독일에서타는 오넌데.. 조져도 15이하로 안떨어지고.. 정속주행하면 18~20나오더라구요 ;; 아우토반에서 속터지는거빼고 만족합니다.. 중간옵션 마쯔다 딜러한테 2600마넌 신차줫습니다 2019년도에 신차로.. 가지고가려고합니다. 5월중으로..,2
237,오픈도 되고 작고 가볍고 재밋는차네요,3
238,오늘도 투덜 리뷰 넘 잼나요 ㅎ,1
239,Gt500 가지고오고싶다........ ㅠㅠ,1
240,웃으면서 재미있게 영상 잘 봤습니다..^^;,1
241,한솔님이 자랑하고 싶어서 탑 오픈할때 터보님이 “야 멋있다 이렇게 여니까 이쁘네” 라고 멘트쳐주는데 터보님 진짜 착하구나 라는 생각이 들었습니다.,13
242,쏘는 맛이 원효대사 해골물 맛이네요 ㅋㅋ,2
243,미아타가 전세계에서 제일 많이 팔린 초경량 로드스터인게 단순히 싸서 그런게 아닐텐데 ㅎ,1
244,경량 스포츠카 살 돈은 없으니체중 감량하고 기름 조금씩 넣어서 타야 겠네요. ㅠ.ㅠ,1
245,아니 터보님ㅋㅋㅋ 새우깡 박스는 너무 했자나요ㅋㅋㅋㅋ 한솔님 현타 씨게 왔겠는데요?ㅋㅋㅋ,15
246,터보님 재규어 차 디자인 어떻게 생각하시나요??,1
247,총 평 맘에 듬!!,1
248,참고로 쉘비의 현재쓰이는 코브라마크는 한국인분이 디자인하였다고합니더,1
249,이차 생각보다 미국에서 많이 보입니다ㅋㅋ,1
250,더도 말고 덜도말고 딱 이정도로만 얘기하시면 ㅋㅋㅋ 옛날 터보도 좋았지만 너무 강하면 부러지더라고요 ㅎㅎ 또 너무 유해지진 말아주세요,1
251,이런거 넘 좋아요,1
252,자동기준 가격이 얼마인가요?? 관심이가네요!,1
253,3천만원대 펀카 얘기나와서그런데 벨로스터N 수동 한번 타고 시승기 올려주셔도 재밌을거같아요,1
254,고맙습니다.잘보았어요. 한솔님s660추천합니다.^ ^,1
255,아니 뚜따는 자동이면서 사이드는 왜 수동인겨 ㅋㅋㅋㅋㅋㅋㅋ,4
256,기다렸던 영상임미다!!,1
257,11:06 JDM 명차도 가셔야죠~(수프라),3
258,한솔이 나보다 형 같네 ㅜㅜ,7
259,엔딩이 너무 매정하세요 ㅋㅋ,1
260,오늘도 잘보겠습니다,1
261,ㅋㅋㅋㅋㅋ  결론은 뚜따저두 세컨카로 뚜따 한대 있네요,1
262,gt350.....;;; 우와...!!!,1
263,요약 : 리뷰를 가장한 주한솔 이사 후둘겨패기,1
264,812랑 같이가도 안꿀리게 비슷한 디자인이니 ㅋㅋㅋ,1
265,쌈박하게 끝나네요,2
266,185인데 데일리로 탐. 전혀 노불편. 일본에서 중고라 사서 가격도 2천만원대로 구입,1
267,통풍은 나이도 그렇게 상관없고 운동 열심히해도 옵니다 운동이라면 죽고 못사는 김종국씨도 통풍있어요 저는 고등학교때 엄지발가락이 아파서 병원 가봤더니 통풍이라고 하더군요 식습관 좀 신경쓰면 관리 가능합니다,1
268,전형적인 4기통 사운드네욬ㅋㅋㅋㅋ,2
269,터보님 진심 라면먹방이나김밥천국먹방보고싶어요,1
270,와... 일본차 좋아하네.....나도 좋아하는데 ㅋ,5
271,총평 뿜었네요 ㅋㅋㅋ,2
272,머슬카는 잘 몰렀는데. 당연히 스포츠카는 플릿샤프트 라고 생각했는데. 아니였나보내요.,1
273,앗 서킷 가는줄 ㅎ,1
274,"1년전 영상이라,,,지금도 수동 3천 후반대 구입 가능합니까?",1
275,압구정상가..? ㄷㄷ,4
276,"5:04 가운데 가림막 차량 범상치 않다,,,,",9
277,터보님 신형 제규어f타입 리뷰해주세요,1
278,터보님이 젤 많이 괴롭히시는거 같습니다만 ㅎㅎㅎ,1
279,쉘비옆에있는 갈색차는 뭔차인가여?,1
280,쉘비는 너무 탐난다....,4
281,@17:57 : 터보832식 엔딩,1
282,ㅋㅋㅋ  한솔님 계속 잔소리들음 ㅋㅋ,1
283,한솔님 코리안 마우이 오일학 선수 닮으셨어요 ^^,1
284,mx5 대체재로 벨n도 껴주세영,1
285,다 갖고 싶은데 다 팔아 버리네요 ㅋㅋㅋ gt4도 결국 홍보용,2
286,터보님한테 스트레스받아서 또 쓰러질듯ㅋㅋㅋㅋㅋㅋㅋ,1
287,한솔이형 키 몇이에여..?,1
288,채널 제목 터보 832에서. 롱다리832로.. 바꾸셔야겠네요!,1
289,0:29 94년생입니다.... 통풍 3년차입니다ㅠㅠ,1
290,터보님은 정치하면 안되겠다. 서민의 삶을 너무 몰라.,1
291,저 실내에 브라운올드카는 이름이 뭔가요?,3
292,와............,1
293,행님 mx5 라이벌 피아트 124 스파이더 아바스 리뷰 가능하신다면 헤주십셔5천만원대 이딸리아감성,2
294,터보님 때문에 스트레스 받는거 아닌가요? ㅋ,2
295,ㅜㅜ 나 머스탱지티타는데 주머니사정이 안좋대 ㅋㅋ,2
296,투털보스머프...ㅎㅎ,1
297,ㅋㅋㅋㅋ 악질 ㅎㅎ,1
298,ㅎㅎㅎ 박스 박스 ㅋㅋㅋㅋㅋㅋㅋㅋㅋㅋ,1
299,요즘은 아카사카 맨션에 야스쿠니 뷰 정도 안되면 친일파 되기 힘듭니다.,5
300,유튜버가 텀 없이 쉴 새 없이 말하는 스타일이어서 듣는 사람입장에선 좀 피곤하네요.,1
301,표현 하나하나 들으면 들을수록 싸가지는 참 없다..  뭐해서 얼마나 부자인지 참 궁금.,5
302,쉘비 코브라!,1
303,차값의 절반은 탑인데 탑이 새우깡박스?,3
304,A: 내가 설명을 다했네 ??B: 원래 그렇죠 뭐.....ㅋㅋㄱㅋㄱㄱㅋㄱㅋㅋㅋㄱㄱㅋㄱㅋ,24
305,너무 까지좀 마세요,1
306,염따 (존시나)중...저스디스:(일본차) 마저 까라 까던 좆이나~,2
307,6:31 진짜 구라아니고 미아타 까는 리뷰어 처음봄...뭣땜에 미아타를 타는지 포인트못잡고 쓸데없는 트집잡으시네,5
308,둘이 떠드니까 듣기싫은데도 참고 봤다,1
309,조회수 나온걸로 새치염색좀 해줘라,1
310,우옹ㅎㅇ,2
311,일본차 산다고 친일파라고 하고 난리치는 거는 거의 정신병인데;;,13
312,ㅋ아는거 많아..머리에...,1
313,1등,2
314,일본차탄다고 매국노는아니죠 ㅋㅋ 특히 보배드림에서 그러더라고요 수준이너무낮음ㅋㅋ,21
315,일본차 보기 싫다,2
316,일본차를 사는데 왜 친일파가 아니라는걸 변명처럼 해야되는지 잘 생각해보세요...,2
317,북미버젼 차량은 2016년 launch edition (첫 출시 한정) 스펙인 것 같습니다.화면 터치는 주행중 조작 불가능하고 멈춰있을 때에는 다 됩니다.운전석과 조수석 시트 뒤에 숨겨진 수납공간도 있다는 것 잘 모르시는 분들 많네요 :),7
318,깔끔하게 잘 설명해주셨네요ㅎㅎ 대학생 입장에서 꼭 사고 싶은 드림카입니다ㅠㅠ,3
319,RS트림을 2년정도 소유 했다 방출했는데 다시 구매하고 싶은 차량입니다 ^^,3
320,혹시 소프트탑 하드탑 가격대가 요즘은 어떻게 되어있는지 여쭤볼 수 있을까요? 아그리구 하드탑은 수동모델은 없는지도 여쭙고싶습니다,2
321,일본에서 2015년식 타는데 오토라이트 오토와이퍼 공조 오토랑 크롬 기본으로 달려있는데 북남미판은 좀 옵션이 안좋네요. 중고로 15천키로 마츠다에서 중고로 200만엔주고 샀네요.,2
322,제 인생 드림카네요 구독누르고 갑니다 충성 충성,4
323,182인데 순정시트에서 헬멧 쓰면 소탑에 머리 닿겠네요... 버킷 필수인건가요,1
324,로드스터는 사랑 입니다.,3
325,리뷰하신 분 키가 몇 cm 되시나요? 시트포지션이 궁금하네요,3
326,열선이 없다니.. 옵션은 그냥 없다고 보면 되겠군요. 수납공간이 적긴하네요 ㅋㅋ..,1
327,오 소탑에 오토도 있구나.,3
328,북미버전 오토미션 중고매물 아직 있나요?,2
329,스포츠 카. 느낌이 나는지. 승차감이 참 궁금합니다. 근데 미국 길거리에선 참 보기 힘든차 입니다,2
330,북미형도 수동을 수입하나요?,1
331,북미형CS도 수입하시나요?,1
332,북미형 모델 얼만가요?? 좋네요,3
333,오토 모델도 혹시 수입 하나요?,3
334,구독합니다.,2
335,북미차량 팔렸나요?,2
336,수동이면 변속시 클러치 밟아야되네요?,4
337,오토미션은 dct처럼 빠른편인가여 아님 현대미션처럼 바보같나요?,1
338,자동되나요?,1
339,혹시 일본 내수용 1500cc는 안들어오나요??,1
340,에어백 ....혹시 없는건 아니죠?,2
341,남미형도,1
342,프로모션은 끝난건가요?,4
343,미아타 딜러분이신가여?,2
344,다시방이라니 ...오십대인 나도 안쓰는 용어를....,2
345,구독취소합니다.,3
346,진짜 기능은 매력적인데 도대체 디자인을 누가 저리 만든건지 너무 안타깝습니다.. 하지만 저 또한 초석이 되겠죠. 앞으로 일렉기타의 편리함이 무궁무진하게 발전하면 좋겠어요,10
347,기타의 비젼은 다양성과 편리성을   만들어주는 IT성능과의 하이브리드 융합으로 많이 발전할것 같네요.새로운 장르의 악기가 될것 같다는 생각이..말랑기타님 새해는 더욱 발전하기를 기원합니다.,4
348,디자인만 야마하 사일런트 정도만 됐어도참 사고싶은기타인데 참 생긴게 안타깝네요그래도 기능은 참 매력적이라 외출용으론 괜찮아 보이네요,13
349,말랑기타 새해 더욱더 발전을 기원해요 ♡♡♡,5
350,저돈으로 통기타나 야마하 사일런트를 안사고 모가비를 사는 사람이 있다니😅,9
351,이 기타는 디자인이 문제입니다...특이한거 좋아하는 저도 힘듭니다.,9
352,괜찮아 보여요  헤드특이하니 좋아보임   개인취향   하나갖고싶다.,2
353,뭔가 히피 느낌 나는듯ㅋㅋ쿠키영상에 선생님이랑 진짜 찰떡인거 너무 웃기고 ㅋㅋㅋㅋ,3
354,처음 펀딩부터 봤었는데 디자인이 너무 이상해요. 전 헤드가 더 적응이 안되더라구요. 근데 연주감이나 소리는 어떤지 궁금하네요,5
355,펀딩 주소는?https://www.wadiz.kr/web/wcomingsoon/rwd/136444,10
356,스피커 튀어나온거만 어떻게 해결해도 괜찮을 것 같은데 디자인이 너무....하...아쉽네요,3
357,치시려다가 저작권때매 못친다는 연주곡 이름이 뭔가요??ㅜㅜ,2
358,기능을 떠나서 디자인이 황당합니다. 용서가 않되네요....헤드는 코로나 같기도허고...,1
359,감사합니당,2
360,스피커달린 기타 있습니다ㅋ 페르난데스 zo3  ㅋ,2
361,이 영상은 어코스틱인가요?,2
362,저 대머리 까진 할아버지 두상 모양의 저것만 아니면 퍼펙트 한데... 하................... 저걸 어찌 들고 다녀..... 쪽팔리게.. 애덜 장난감 같고,1
363,광고표기는 개나 줰ㅅ나,1
