,comments,likes
0,미쓰비시 RVR 보닛속애는 2.0가솔린터보앤진애탑재되최고출력151마력2WD모델은최고출력146마력이며최대토크는38.3토크2WD48.5토크를발휘한다!가격은7000만원~9000만원이다,2
1,미쓰비씨 RVR버리셈,2
2,다른 매체에선 잘 다루지 않는 차들도 잘 알고계시고 소개해주셔서 매번 재미있게 보네요. 진짜 맘같아선 자동차 궁금한거 하루종일 이야기하고싶네요 ㅜㅜ기자님이랑,6
3,"저도 잠깐 타본 적이 있었는데....(말레이시아 거주)좋은 좋은 점이 거의 없다시피 한 차량은 처음 보았네요...소음은 솔직하게 경차만도 못하고, 허둥대는 움직임에, 시트는 90년대 국산차 수준... 차는 덩치인데 엔진 150마력... 낮은 토크.... 추월하다 포기했어요.미쓰비씨의 현주소를 잘 알려주는 모델입니다.",1
4,한기자님께서 이렇게 전체적으로 혹평을 하신 차는 매우 드물었던 것 같은데요 ^^편안하면서도 핵심을 짚어주시는 한기자님의 시승기 언제나 알차게 잘 보고 있습니다 ~ 감사합니다.,1
5,호주에 파리가 많다고 하시더니 2:40쯤부터 스티어링휠 설명하실때 가운데 파리 한마리가 계속 앉아있네요ㅋㅋㅋ 이미 망하긴 했지만 우리나라에 도저히 팔릴만한 차가 아닌듯요. 잘봤습니다^^,2
6,오늘도 유니크한 시승기네요 잘보겠습니다,3
7,갓상기형 자막 팩폭 오진다...ㅋㅋㅋㅋㅋㅋㅋㅋㅋㅋㅋㅋㅋㅋㅋ,4
8,파리가 많리 날아다니긴 하네요 ㅋㅋ 시승기 감사합니다 ㅎ,1
9,저도 호주여행 갔을때 허즈에서 닛산 캐시카이를 빌렀는데 이차가 나왔네요 그리고 저는 중국에서 ASX 잠깐타고 사고나가지고 팔았고 지금 타는차는 뷰익 라크로스 타고있습니다,2
10,여행중 시승기라 그런지 여행기에서만 볼 수 있는 유쾌한 자막이 많네요ㅋㅋ,2
11,미쓰비시 생각하니 좋은 기억이 없었는데당시 청담동에 매장이 있던시절 지인분이 아웃랜더를 보러 지인차를 타고 전시장에 갔었는데 직원들이 5명인가 줄지어 나오면서 담배를 피면서 주차하려는 지인차를 물끄러미 바라만 보고 주차를 하고 내렸는데도 인사없이 뭐지하는 인상으로 쳐다만 보고 있었네요.저와 지인분도 어이가 없어 차보려 왔는데요 말하자마자 어서오라고 그랬었던..........하도 기분나빠서 그냥 차만 둘러보다 나와버렸습니다...,1
12,재밌는 인생을 사시는것 같아서 부럽습니다 ㅎ,1
13,문득 다치아 더스터 생각나네요ㅎ영상 잘 봤습니다~,1
14,"이 차량까지 리뷰하셨을줄은 몰랐습니다. 러시아 자동차 사진 좀 보다가(이 차량이 러시아제라는 건 아니고 국산차와 사고가 난 차량이라...) 갑자기 궁금해져서 찾아본 차량인데 구글 코리아에 검색하니 유튜브에 업로드한 기자님 영상이 바로 뜨네요. Small size SUV 중 가장 넓다고 해서 투싼과 비교되기도 하고 코나랑 비교하기도 해서 차급만 알아보고 싶었는데 덕분에 훨씬 자세하게 배우고 갑니다. 엔진은 86x86의 스퀘어라면 명기 시리우스가 아닌 현대 세타인가요? 쨋든 감사합니다:)(+ 가끔 유튜브로 자동차 영상들 찾아보는데 그때마다 기자님 보여서 깜짝깜짝 놀랍니다. (한국인이 리뷰했으리라고 상상도 못한)i30N 가속영상도, ASX도 그렇고 한강 Vlog도 그렇고요. 어쩌다 보니 스토킹 아닌 스토킹을... ㅎㅎ)",1
15,ㅋㅋㅋ 결국 시승기 찍으셨네요. 이거 시승기 찍으신다고 고생하셨습니다.,1
16,"아이러니 하게도, 이제는 본인들이 차만드는 기술전수해준 흉기차 보다 차를더 못 만드는 미쯔비씨,  물론 란에보는 빼고",2
17,재밌게 봤습니다,1
18,다치아 더스터와 막상막하라니 ㅋㅋㅋㅋㅋ,1
19,중국자동차기업이 이기업 엔진을 자주쓰고 현대초창기에 기여를 한기업이라궁금했는데...조잡하네요전범기업이라 밉긴했어도 궁금했는데 기대이하네요 잘봤습니다 기자님♡기자님덕분에 보조석앞 글러브박스에 봉지 끼어두고다녀요ㅋㅋ완전편함👍,1
20,풍절음이 엄청나네욬ㅋㅋㅋㅋㅋ 잘보고갑니다 기자님,1
21,혼다 hrv와 비교했을 때 어떤 차가 더 시끄럽던가요?,1
22,근데 찍은날짜를 보니 시간이 참빠른것 같네요.(벌써 하반기),1
23,예전에 우리나라에 들어왔다가 폭망ㅋ 그나마 란에보가 팬층들 땜에 좀팔았고 다른차종들은 본적도 없음,1
24,싼마이가 좀 많이나네요영상 잘봤습니다.,1
25,F3 신신 스바루는 언제 다시 전투기 만드나,1
26,다치아 때도 그러셨던것 같은데 차않좋다고 ㅋ ^^,1
27,nsx도 해주세요,1
28,우핸들 운전이 어렵나요? 궁금하네요,1
29,잘보겠습니다.,3
30,미쓰비시 하면 성룡이죠,1
31,전범기업수준 조수석 디자인 개싱겁네;;,1
32,"하하, 근데 매번 렌터카는 좀 안좋은, 값싼차만 타시는거 같네요",1
33,미쯔비시 전범기업인데 현대가 첨 차만들때 미쯔비시 엔진가꼬와서 만들지 않았나요?  이차는 후지네요;,1
34,옛날과 다르게 무척 못생겨졌네요90~00년대가 일본차 최고의  전성기이지 않았을까싶습니다,1
35,핸들바에 파리앉았다.. ㅌㅌ,1
36,스팅어 시승기는 언제올리시는지??,1
37,현대차의 스승(?)인데 지금은 현대차보다 상품성이 한참 떨어져보이네요..ㅋㅋ,6
38,한국인이 절대로 사지 말아야할 자동차가 미쓰비시죠,18
39,"전범기업은 맞는데 미쓰비시라는 기업을 욕하시죠 미쓰비시차를 타는사람한테 욕하지말고,일부러 전범기업이라는걸 노리고 사는것도 아닌데 .....안그론가요?미쓰비시 랜서는 뭔죄냐 도대체(영상 제작자분께 하는말은 아닙니다)",6
40,실내 재질이 별로네요,2
41,미쓰비시 전범기업입니다....,1
42,전범기업차 리뷰왜하나요,1
43,스팅어 내일 올라오나요 기자님,2
44,전범기업 아닌가요?,3
45,파리,1
46,A급 전범기업.. 정치와 문화는 별개라는 소리는 개소리죠,31
47,현대엔진 같은데 안터지겠지,2
48,хорошая машина. Жаль что сейчас такую не купить),4
49,"Митсубиси РВР керемет тамаша автоколик! менде де осындай автоколик,👍👍👍",3
50,Всегда хотел себе такую👍,2
51,do they always drive on 4wd or no?,1
52,Зачёт👍👍👍,2
53,does this car uses a 100 octane fuel? from japan?,1
54,What are the tire specs?,1
55,do yu mind if i ask...how many motor mountings do you have on ua engine?,1
56,"Yes, full time 4 wheel drive. ",2
57,The turbo version is very fast,1
58,Can the gearbox of this car be fixed or you have to replace it with a new.one,1
59,Я тоже купил такую тачку очень крутая тачка,1
60,Quiero comprar uno pero nose que tal son. Alguien que me recomiende por favor,1
61,"I am looking for an Airflow sensor for this vehicle, can anyone help?",1
62,Is the rvr are fuel efficient?,1
63,Thanks for the video. I;m looking for an automatic transmission for this vehicle can someone help please.,1
64,4G63 <3,1
65,Me gusta rvr,1
66,"Сегодня буду запускать акпп после ремонта , переживаю как на экзамене.",2
67,we're is the  cabin air filter ??? does any one know,2
68,how do I change the front indicators OMG there's no way into them?? the side clear not orange,1
69,RVR YES !,2
70,I am looking for an exhaust system for a 96 rvr 2.0 diesel HELP?,1
71,Вот япы делали тачки !  Наши до сих пор не умеют .,1
72,ask q lng mgkano ang starter ng rvr x.1993 model.1994,1
73,How do reset the compas,1
74,Mitsubishi RVR OK!!!!!!!!!,3
75,set na po ng starter rvr x 1993 model.mgkano po pls help,1
76,А у меня такая тачка!,3
77,How much this car I want,1
78,My Mitsubishi rvr petrol engine manual transmission can't pick up after wrongly connecting battery what can be  the problem,1
79,153 km.,1
80,Whow this car has been santamo,1
81,Всем привет! Помогите пожалуйста печь дует холодным воздухом не греет.дайте совет.что делать смотрел трубки верхняя горячая нижняя чуть тёплая.рвр96г.,1
82,Como tehubico o cel,2
83,Агафокл привет из США,1
84,Is this car santamo,1
85,Está cruel,1
86,{Shervin Delamo Smith},2
87,"These are great cars. Very dependable and drive nicely. They are an old design now and it shows in some ways, especially the interior, but it's a solid vehicle and great value. My Mom has a 2015 GT and my Dad just bought a 2019 ES. They're both very satisfied. It's small outside, so easy to park and maneuver, but roomy up front and has a lot of cargo space for the size, though the back seat is quite cramped. Best left for children.",13
88,"I'm a Mitsubishi fan, they are really realiable  cars.",4
89,"I was loaned one of these as a rental. The best I can say about this and any other Mitsu I’ve driven is that it’s like a homely, overweight wife with a huge heart. Nothing to write home about, but you know it’ll take good care of your family.",6
90,"We have owned 5 Mitsubishis now and we loved our 2016 Mitsubishi Outlander Sport GT AWC (RVR) and just traded it and our 2017 Mitsubishi Mirage G4 SE 3 months ago on 2 new 2019 Mitsubishi Eclipse Cross SELs with Touring Package and S-AWC (USA) in Red Diamond and Octane Blue.  Mitsubishi vehicles are very sturdy, reliable, feature packed and safe.  We buy new every 3 years and have owned many new cars from Kia, Hyundai, and Chevy but when we switched to Mitsubishi in 2016 they are our go to brand now and have treated us better than any vehicles we have ever owned and we have liked them better than any we have owned plus great dealership experiences.",8
91,It's 2020 and the dash still has the same dash as my 2010 lancer 😂,15
92,"Great review, thanks!",2
93,"The front and back looks excellent, but the back is just so underwhelming...😒👎🏼It outta look way more rugged and boxy.",2
94,"It's worthwhile mentioning, if you have an RVR with a glass roof, don't feed large birds peanuts.",2
95,Nice Review!,2
96,カッコいい,2
97,it was impressive until I heard CVT Transmission :(,2
98,no sunroof???,1
99,Recorded horizontally:),2
100,Background music very very annoying. No need to speak so fast. More measurement figures would be appreciated.,5
101,Why this car have so many names?,1
