,comments,likes
0,솔직히 지금 나오는 벤츠 SUV보다 이 차 디자인이 더 멋진 것 같습니다. 왜 단종시켰는지 이해할 수가 없어요...,5
1,glk 개인적으로 디자인 맘에드는 모델이네요… 전에 끝물에 고민하다가 다른차 샀는데… 오랜만에 보니 이쁘네요,2
2,이모델 다음버전 4년 탔는데 잔고장도 없고 디자인 여전히 멋지고 저만한 가성비 찾기 힘들거같아요.그 단단한 느낌 역시 벤츠.,1
3,전기형 중고차사서 타고있는데옵션이 구리고 좁지만 딱히 별문제는 없는거같아요. 엊그제 인터쿨러 호스 누유수리 했어요. 기본이 탄탄합니다,5
4,14년식 glk 프리미엄 신차로 사서 아직까지잔고장없이 잘타고 있습니다. 벤츠만 수리하는 정비소에서도 glk 는 잔고장없다고 하시네욥.,4
5,도봉구미남님~ 벌써 6개월 시간이 순삭이네요~저도 후기형 2대 스탠다드랑 프리미엄 둘다 타봤지만 정말 갓성비는 glk전기형 추천합니다. 천만원이 적지않다는말씀 공감합니다총알 여유 되시는 분들은 후기형 프리미엄요~ 통풍 키리스고 옵션이 목말라집니다. 꼭 가세요~ 감기조심하세요남은한해도 화이팅,10
6,"SLK GLK 같이 타고 있는데..  벤츠 LK  시리즈가 딱 내 스타일인듯.. 합리적이지만 개성은 강한..    LK  시리즈는 내연기관의 완성도가 가장 높은 시기의 벤츠로 기억될듯,..  CLK 아직 못 타 봄.  헤헤",12
7,Glk는 후기형이 디자인이 갑이죵뒷좌석 플랫으로 접혀서 차박도 개꿀,3
8,형님 영상 잘봤습니다 ㅎㅎ ev6 gt line 이번에 출고받아서 전기차 타고 다니는데 신세계네요 ㅠ 정말 좋습니다 예전에 어릴때 glk가 너무 예뻐서 제 드림카였는데 벌써 세월의 무게를.. 느끼네욬ㅋㅋㅋㅋㅋㅋㅋ,4
9,실생활 suv. 세단 리뷰 너무조아요~2년전 차주분들 차들 리뷰할때영상도 그립네요 ㅎㅎ;;,3
10,영상 보고 반해서 구입 예정입니다 ㅎㅎ 저도 좋은 차 구했으면 좋겠네요 영상 감사합니다,1
11,쿠페형 SUV 보다는 각지고 투박한 SUV 디자인을 선호하는데 저도 GLK 디자인 호네요.ㅋㅋ 멋집니다. 도봉구주민님이랑 잘 어울리는 차 같아요.,1
12,연식이 있는 디젤 차량이라 dpf 가 걱정이긴 하네용 의견 궁금합니다 ㅎㅎ,7
13,저에 20대를 같이한 화이트색상GLK 정말좋은차 였습니다. 정말 쫀쫀한 맛이있는 차죠.살짝각진 디자인도 정말좋아요.다만 뒷자리가 좀좁다정도..,1
14,매우 실용적인 차량인거 같아요.  그렇게 실내 트림?을 우드에서 카본이나 다른 무늬로 수전사 하게 되면 비용은 얼마 정도나 들까요?  추천할만한 샾이 있거든 알려주세요.,1
15,현실적인 리뷰 감사합니다~ 이런 차량들 리뷰가 더 좋네요. 냄새도 못 맡는 차량들 말고..,1
16,sq5 타고 있지만 여력되면 sq5 가 소형suv 에선 최강이더라구요. 감가 심해서 싸구요.벤츠도 궁금하네요 ^^,1
17,미국에서 후기형 glk350탔는데 잘나가고 좋았던 기억이 있네요 ㅎ,2
18,11년형 glk350 9년넘게 타다가 일년여전에 미션오일누유땜에 기변했지만 매력이 넘치는 차죠. 다시 사고싶은차. 블루투스는 있지만 통화만 가능하고 aux 글러브박스 안쪽에 있어요.,5
19,저때 디자인이 진짜 벤츠답지..지금은 너무 장개스러운,15
20,"glk 14년식 신차로 구매한 오너 입장해서 장점은 부드러운 승차감, 각진 디자인 그리고 무엇보다도 잔고장이 없는게 최대 장점인 듯 해요",25
21,슬슬 그'각'을 잡는 도주형 ㅎㅎㅎ,85
22,가성비 좋군요~^^ㅎㅎ,1
23,전기형 구매후 부족한 부분을 안드로이드오토하고 몇가지 작업해도 괜찮을듯하네요 ^^,2
24,저도 어머니께 물려받은 12 년식 220 CDI GLK 타고있어요 한 6만 정도 ~~ 정말 장고장 없는거 장점 ~~,6
25,저도 쓰잘데기 없는 옵션 없는걸 더 선호합니다 구매비용은 피해갈수 없기 때문에대신 무조건 기본이 좋은차를 구매합니다옵션은 없어도 되고 있으면 좋다? 정도옵션 좋은차는 많은데 기본이 좋은차는 많이 없고 비싸죠..,1
26,하.. 수리비 폭탄 맞은적있지만 그래도 뽐뿌온다 ㅜ,2
27,도봉구님 보구 뽐뿌 받아서 glk구매하려고 알아보고 있는데 영상 보고 사람들이 구매를 많이 해서 그런지 쓸만한 매물이 없는거 같아요. 900 언더로 매물 찾기 힘드네요 ㅜㅜ 이런  칭찬영상 좋은영상은 올리지 말아주세요 ㅜㅜ,1
28,오랜만에 리뷰보고 갑니다,1
29,전 실내도 앤틱하고 맘에 들던데요 ㅋㅋ,1
30,19만이면 거의 고칠게 많지 않나요??,1
31,전기형 후기형 800까지는 차이 안 납니다 500언저리 정도 차이나는데 저 같으면 후기형 갈 듯 합니다,1
32,GLK 좋아요 ,1
33,신차 GLE 400d 또는 450 어떻게 생각해요? 구매 고민중이라서요 ㅎ,1
34,GLK에 brabus 바디킷 튜닝해주세요 ㅎㅎ,1
35,인드로이드 네비 매립하면 쓸만함,2
36,"동건이가 베티라고 부르며 귀여워하던게 엊그제같구만,,,,",3
37,아직 가든모터스처럼 믿을만한 정비소를못찾아 구매하지못하고있네요 경남 이라,3
38,롱텀 시승기 = 팔때 다가온다는 신호각도기 돌리는 소리 여기까지 나네 ㅋㅋㅋ,1
39,수리비 감당되시나요? ㅎ,1
40,좀더 빨리 봤어야 하는 영상 ㅠ ㅠ,1
41,이제 세라믹만 남은거같은데 기대합니다,1
42,알리 안드로이드는 썸즈로 가는건가요..? 은근 설치 지옥이라,2
43,오 이슈없는 모델...매물검샥한번..ㅎ,1
44,영상잘보고갑니다  ,4
45,이형 10만가야하는데....,2
46,이 언니는 영상 가끔 보는데... 볼때마다 차가 바껴있심 ㅇㅅㅇ;;,2
47,어디서 구매하셨을까요?  구매 팁좀부탁드립니다,1
48,Glk 정리할려고하는데 정말아깝네요ㅜㅜㅜ수리다하고팔려니깐 후기형,1
49,인터쿨러 호스 고질병 없나요?,1
50,구형 벤츠C 클래스 너무 아까워용.. 그거 사고팟어용 ㅠㅠ,1
51,엠블럼떼면 트랙스느낌이,1
52,뒷좌석에..아이오픽스꼽을수있는좌석인가요?,1
53,도봉구 거주 GL450 X164 바디 차주 입니다 이번에 메인터넌스.... 돈좀 먹이고 왔습니다 ㅋㅋㅋㅋ,1
54,지나가면서 봤는데 도로에 선 이유가 있나요?,1
55,괜춘한 애덜이 없더라구요~,1
56,초기형 GLK,1
57,dpf 청소는 언제 해줘야하나요?,2
58,영상잘봤어요^^,2
59,"도주님,매매 하셨나요?",1
60,공개 매각으로 가시져.,2
61,사고싶은데 와이프가 너무 반대함 ㅠㅠㅠㅠㅠㅠㅠㅠㅠㅠㅠㅠㅠㅠ,1
62,팔려면 형한테 팔아라... 흠... 젭알 ㅠㅠ::,2
63,형!goodchoice!,3
64,도주님 사랑해요,1
65,일단 좋아요 박고 시청 합니다,1
66,잘 보겠습니다!,3
67,미션 빼고 완벽한차 7g트로닉스 ㄹㅇ 토나옴 1억미만 무도건 bmw,1
68,,4
69,벤츠라~~,3
70,차 삽니다ㅋㅋㅠ 매물이 없네요,1
71,목소리는 들리는데... 눈은 계속 바지로 가는 ㅋㅋㅋㅋㅋ,2
72,glk 져도 항상 생각하는 차인데 정말 각디자인  연식이 중요한가요 키로수가 중요 한가요?,1
73,수전사와 모니터는 제가 하겠습니다. 빨리 엔카올려주세요!,5
74,키레스고가 뭐예요?,1
75,그래서 얼마에 파시는데요 ㅋㅋㅋ,2
76,형님 저한테 파시죠농담아니고 진지합니다,1
77,750콜??,2
78,도봉님 제가 1M E92 M3 F10 M5 가지고 있는데 리뷰 관심 있는지요?,1
79,조인성 나오는 드라마에서 조인성이 타던 차인대~,1
80,"전기 일반이랑 후리미엄, 후기 일반이랑 후리미엄도 비교분석해주라 도주야",1
81,도주님 점점 살이 빠지시나봐요 ㅎㅎㅎ~^^,1
82,,2
83,에이형~ 2.2디젤 엔진 OM651 델파이 인젝터 문제 있을텐데 왜그래요~,1
84,승차감이 떡인데... 타고 싶지 않아.,1
85,"이제 가는군요,,,",2
86,이차 팔았어요?,1
87,형 그래서 얼마에 팔건데?,1
88,형님 모자 안쓰니까 어색해요 다시 쓰세요,5
89,신고 나오신 신발 궁금해요,1
90,"그래서  이제  뭐 사요?이거 파시는거죠,",2
91,슬ㅡ슬ㅡㅡ팔때가 왔다~~~ㅋㅋ,4
92,타지마세요.  후회 합니다,1
93,슬슬 광택 돌리시나ㅋㅋㅋㅋㅋㅋㅋㄴ,3
94,이제 벤츠 지겹다.,3
95,도주야 광고 그만하고 차리뷰 좀 하자,1
96,차 또 삿어 ㅋㅋㅋㅋ,1
97,선좋아요 선댓글 후시청!,1
98,시동걸어~~,3
99,줄서봅니다. ^~^///,1
100,넘기시죠,2
101,요새는 볼게읍네,2
102,야호 1빠닷,3
103,별루. !,1
104,첫 출시됐을 때는 디자인이 별로라고 생각했는데요즘 각진 차량이 거의 없다보니 보면 볼 수록 디자인에 매력을 느끼게 됩니다,9
105,중고차 리뷰 너무 좋습니다. 앞으로도 다양한 차종 많이 부탁드려요~,62
106,정말 정확하게 OM651 차량에 대해서 잘 짚어부셨습니다. 역시 모터라인이죠! GLK220CDI 를 세단으로 만들어 놓은게 W212 E클입니다. 전 후기형 W212 CDI 오너인데 확실히 비슷하게 전자제어 부분에서 에러가 나더군요. 세단 이클 마찬가지 후미등 나가는건 마찬가지 고쳐도 고쳐도 그부분만 고장나서 무조건 애꾸눈 되기 일수인데 이건 납땜 냉땜으로 잡을수 있죠. 그리고 후방카메라 부분ㅋㅋ 저건 네비게이션 자체를 바꿔서 후방부분과연결해줘야하는데 바뀐국산네비도 반응이 느려서 후진시 후방카메라에서 전진으로 변경해서 갈때 후방카메라가 계속들어오는경우가 간혹있어요 한템포 느리게 꺼진다거나 ㅎㅎ 정말 비슷하네요! 본 리뷰의 차량을 세단으로 만든게 W212전기형 모델일텐데... 엔진하나 120키로 이상 직진 고속감만은 가히 최고라 할 수 있지요. 인젝터 총 4개 들어가는데 하나당 150만원에 네개 다 고체할 시 육백만 깨진다 생각하심 됩니다. ㅎㅎ 연료필타의 경우 자가정비 가능하구요 :) 요즘 애프터 마켓도 잘되어있습니다. 결론은 관리 잘된차는 확연히 좋다 이겁니다:) 잘보았습니다.,6
107,14년식 glk 작년 12월까지 탔었습니다.물론 개인차가 있겠지만  차 좋습니다 잘나갑니다 .떠나보낼때까지 잔고장없이 잘 탔었습니다..물론 지금 x5로 갈아타면서 차원이 다른걸 느끼고있지만 연비도 괜찮고  아이하나정도 있는 가족이 타기에는 좋은 사이즈입니다,12
108,10년전 정말 사고싶었던 suv 인데... 너무 크지도 않고 단단하고 알차보이고 실제 시승해봐도 탄탄해서 매우 좋았음.,3
109,벤츠 glk 후기형 2번째 대려왔네요.. 이녀석은 가격대비 만족도가 매우 높아요️ 전기형도 좋지만 조금 더 보태서 후기형으로!! 고민하시는 분들 무조건 지르세요,8
110,70대인 저희 어머니도 타고계신 엄마차로는 나무랄데없이 최고인 차입니다. 운전이 일단 편하고 디젤같지않게 조용하고 시내나 국도에서 악셀반응도 아주 좋습니다. 시야가 진짜 좋아서 엄마차로는 비교할 대상이 없네요. 근데 glk팔고 어떤거로 갈아타시는지 궁금하네요.^^,1
111,오~GLK 반갑네요^^ GLK 명차죠. 전 7년 탓었는데 냉각수라인의 워터펌프 말고는 별 문제 없었습니다ㅋㅋㅋ 지금 카이엔 타도 편하게 막 타는데는 GLK가 더 나앗단 생각도 듭니다,3
112,이렇게 옛날차 리뷰해주는데가 너무 없어서요 너무나 너무나 좋았어요 이렇게 옛날차 리뷰 많이해주시면 정말 좋을거 같아요,30
113,"W213이후로 방음, 방진이 개판이 된 이유는 원가절감이 원인입니다. 중국자본에 미치도록 의존하기 시작한 이후부터 벤츠는 예전의 프리미엄 브랜드로서의 자존심은 없어졌어요. 독3사 중 아우디가 가장 원가절감이 적습니다.",3
114,이분 정말 양심적이네요리뷰란 이런게 아닐까 생각합니다잘보고 갑니다 감사합니다 덕분입니다,3
115,썽로형 형의 리뷰는 믿어도 형의 디자인 취향은 존중해드릴게요 ㅋㅋㅋㅋㅋ,78
116,현행 벤츠는 이때 모델들에 비하면 원가절감도 더하면 더했지 퀄리티 자체가 우상향은 아닌듯W222 s500 엔진 스크래치 문제도 저때까진 상상도 못할 일이었는데 ㅋㅋㅋ이런거 보면 규제의 효용성에 대해서 의문이 생길 정도임 환경규제라는 명목으로 제품 내실이 약해지면 안되는 것도 사실이지만 과잉규제가 아닌가 싶기도 함,4
117,"15만이면.. 사실 독일차에서는 아무 문제도 없어야 하는게 정상이라고 봅니다.몇년전 팔았던 저의 F30 320d는 5년 16만 탈때까지 엔진오일과 브레이크 디스크+패드, 타이어 외에 교체한것이 전혀 없음.",4
118,그리고 W212시절에 나온 벤츠들은 짱츠로 넘어가기전 마지막 벤츠의 내구성을 보여준 모델들입니다.,4
119,10:58 격하게 공감하는 부분입니다.. ㅋㅋㅋㅋㅋㅋㅋㅋㅋㅋㅋㅋ 세상에서 제일 에어컨필터 갈기 쉽다는 현기차 에어컨 필터 교체도 아들한테 맡기시는 우리네 부모님들 ㅋㅋㅋ,53
120,중고차 리뷰 진짜 재밌는데 자주해줘 형 ㅎㅎ,11
121,아버지 차 12년식 e300 엘레강스인데 지금도 너무 조용하고 잘가고 잔고장 없습니다. 주행감 정말 좋아요.,5
122,마지막에 초보운전자에게 해주신 조언 정말 공감합니다.,3
123,"저희 어머니 차량도 glk 220 cdi 2009년식 8만키로 뛴 차량인데 시트 고장이 2번이 발생했고, 브레이크 등도 자주 나가고 , 많은 문제가 있는데 저희 차량만 그런 줄 알았는데 아니였네요 ㅎㅎ",3
124,엄마 중고차를 리뷰하는 저세상 텐션 너무 재미있게 잘봤습니다 ㅋㅋ,1
125,10년된 엄마차 팔아오라고 줬더니 엄마차 사지 말라고 팩폭 때리는 우리의 앵그리윤,412
126,이런 중고차 리뷰 너무 좋아요~,4
127,"초보운전자일수록 전방충돌방지보조 후방충돌방지보조,  달린 차를 사는 것이 맞다는 것에 적극 공감합니다.   오래된 중고차는 시내 주로 다니는 운전잘하는 사람이 타야 합니다.",2
128,첨에 디자인이 너무 각지고 멋져서 꼭 사고싶었는데ㅎㅎㅎ,1
129,미등 배선과 후진등 배선이 같이 문제가 생긴게 아닐까요?오른쪽 후진등을 뽑아버리면 미등 나가는것과 후방카메라 들락거리는거 동시에 잡을 수 있을지도요.,1
130,찜콩 해 놓았던 모델인데 고민이 싹 날라갔습니다 ㅋ솔직한 리뷰 정말 감사합니다!!!,1
131,GLK 오너로서  W213 E220 유지비보다 덜들어가네요.... 잔고장도 적고 너무 만족하며 타고있습니다.,3
132,12년식 w204 c220 탔었는데 저희는 미션 개튀었어요ㅠ엔진도 말씀처럼 주행중엔 진짜 훌륭하지만 아이들시에 뭐 이건.. 경운기였어요ㅠㅠ아마 천천히 타셔서 상태가 좋은가봐요,3
133,동시대인 W212 E220 CDI 타고 다닐 때 정말 냉각수 질질 새서 그냥 잡는거 포기하고 타고 다녔습니다 ㅋㅋㅋㅋㅋㅋ 그래도 디자인은 그 시대가 너무 좋은거 같습니다,2
134,1500에 15만달린 수입중고차 왠만하면 사지마세요.. 성로형 직언.이말씀은 진리인거같다..,1
135,제가 여태까지 본 차 리뷰중 최고인것 같습니다~ 화이팅~~~,4
136,어머님 좋으시겠어요~~아드님이 차에대해 지식이 빠삭하시니 문제있으면 물어볼 수도 있고 차구입할때 좋은차를(?)살수있고.근데 어머님이 마실용으로만 타셨었나봐요.10년간15만이면...1년에1.5만키로모트라인 윤성로님 매 영상마다 재밌게 영상찍으셔서 즐겁고 설명하나하나 도움이 많이 됩니다. ^^^♡^^^,3
137,이 차 동네에 세워져 있는 걸 보고 혹해서 이 영상까지 찾아봤네요.디자인은 각진게 딱 제 취향입니다.적재공간이라든지 확인은 못했지만...,1
138,와 저 차 사고싶다…!,1
139,이 차 처음 나왔을때 길에서 우연히 보고 완전 반해서... 내 드림카였......나한테는 가격이 현실적이지 않아서 잠시 잊고 살았던 차.지금 1500만원이라면 꼭 타보고 싶네요. ㅎㅎ,1
140,"결론 : 벤츠 중고차는 괜찮다내구성, 수리비, 엔진 질감, nvh 등등이 굉장히 좋기 때문에하지만 결국은 벤츠도 새차가 더 좋기는 하다",5
141,"저 당시 공산품들까지만 해도, 그래도 오래탈 수 있을 정도로 내구성이 좋은게 좀 있었음.지금은 뭐 ㅋㅋㅋ 환경 규제에 따른 전자장비와 하드웨어 대거 투입과 그놈의 디자인 감성 때문에 공산품들 수명 그지임 ㅋㅋ 그렇게 해서 소비 순환도 더 높인 것도 있고",3
142,10년된 디젤 잔고장 심했다고 보이는 외제차가 7년간 500만원이면 괜찮은거 같은데... 물론 잔고장 자체가 스트레스가 심하기 때문에 돈이 문제가 아닐수도 있지만,3
143,현재 2013년식 GLK220 4matic 타고있습니다. X204 는 봐도봐도 질리지가 않네요. 그리고 오른쪽 후미등은 납땜 만 다시해주면 괜찮아지는 것으로 알고있습니다.,4
144,GLK 220CDI 4MATIC BlueEFFICIENCY 2009년식이 꿈의 차였죠... 테일램프가 잎사귀같은 디자인으로 바뀌기전... 사실 지금도 사고 싶다는...,2
145,정말 사고 싶었던차 벤츠다운 디자인,1
146,10년전이면 조용한 차가 비싼 차라는 인식이 있었던 시대였죠...,1
147,진짜 그당시에는 glk 진짜 좋아보였는데 세월이 많이 흘렀구나ㅠㅠ,1
148,그래..이런리뷰를많이해야지..타지도못하는몇억씩하는차들만리뷰하지말고..서민들의눈높이에맞춰서...국산이나수입중고차리뷰아주좋아..,1
149,카메라 앞에서 말씀 잘하시는거 보니 시간이 흐른게 느껴지네요.리뷰재밋고 잘하십니다~,2
150,Q50탈때도 이 엔진이었는데 가속 할 때 엔진소리 느낌좋았죠 ㅎㅎㅎ... 마력이 너무 적어서 글치..,1
151,1000만원짜리를1500만원에 팔아보려는성로형의 노력 ㅋㅋㅋ,9
152,와 GLK 페이스 리프트차 디자인 엄청 이쁘네,1
153,21:36 전국의 초보 운전자들이 명심했으면 하는 구간 시작저와 생각이 완전 동일해서 놀랐네요 ㅋㅋ,3
154,2011년식 4년정도 탔는데 워터펌프만 갈고 다른고장없이 잘탔어요근데 램프는 진짜 왜이리 잘나가는건지 미스테리,13
155,10년정되면 전자적인 문제는 어느 전자제품이든지 마찬가지죠.. 하물며 가만히있는 냉장고도 오래쓰면 아래에 물이새는데 ㅋㅋㅋ 그정도는 각오하고 사야되는거 같습니다 ㅎㅎ,35
156,대략 저 차 나오던 즈음해서 벤츠가 원가절감 많이 하기시작했다고 들었어요. 그래서 그런가.요즘 벤츠는 고급모델에 고급옵션 넣은거 아니면...,1
157,아무리 어머니 차라도  팩트의 피가 치고 올라와서 조져버리네 ㅋㅋㅋ 레알 태생부터 리뷰어다 !!!,1
158,유튜브에 이 모델 리뷰 제대로된게 없어서 아쉬웟는데 ㅜㅜ종종 이런 옛날 모델들 리뷰도 해주시면 조을것 같아요,1
159,인젝터는 부품 직구해서 직접 교체하면 매우 쌉니다.또한 후방등은 통째로 직구해서 교체해 보세요.,4
160,디젤 요소수 넣지 않는모델들이 더좋더라구요환경이슈가 있겠지만..,2
161,명쾌 하네요~~ 역시 GLK 새롭습니다.,1
162,제 차는 GLK 13년식인데 18만 KM 주행중인데. .고질병인 워터펌프 라인 수리 1회. . 네비 블랙아웃 수리 2회가 전부입니다~뽑기가 잘됐을까요?? 최고의 차라고 생각합니다~,4
163,초보운전용 막탈차는 그냥 2천중반 정도 주고 준중형 옵션 좀 넣어서 새차 사서 3년 정도 막 타다가..... 사고 싶은 차 사는게 제일 좋은거 같습니다....,3
164,갠적으로 이런거 사서 3~4년 더 타고 전기차 사는게 최선이라 생각..,7
165,"""중고차 업계를 발칵 뒤집어놓은 10년된 엄마GLK의 충격적인 반전""",5
166,지금은 GLB가 엄마(와이프)차로 최고죠 ㅎ,2
167,아닌거는 아니라고 분명히 짚어 주는 리뷰어 스타일이 변속기가 있다 없다 한다는 노모씨하고 확실히 클라스가 다르네요,1
168,스포티지 10만키로 10년 4기통 디젤도 소리 좋아요. 국산차 4기통 디젤도 한반 타보시는것도 좋을듯요,1
169,"저 차는 아니지만솔까 소모품 수리비(하체 및 고무류)만큼 더 감가된 차라면 12만km 정도 개꿀이지. 10만 넘었으니 이런 저런 결함, 문제 다 검증됐고 전차주도 탈만하니 10만넘게 탄거고, 정비 기록까지 있으면 쿨거래ㅋㅋ5년 20만km 넘게 타고 또 12km로 넘어가고...",4
170,"이래서 제네시스 사는 사람들이 차를 더 잘아는 사람이다에 한표! 디자이너와 노조만 어떻게 아작을 낼 수 있으면 훨씬 많이 팔릴텐데 말이지,,,현기차와 삼전메모리로 먹고사는 나라라 정의선이 이상으로 신경쓰인단 말이지",1
171,이차 사야겠다. 맘에 들어요,1
172,"GLK랑  X1랑 고민하다가 X1로 가서 한 3년타고 있는데, 후회 많이함...  X1은 아무문제 없는데, 정이 안감. 아마도 GLK 디자인에 꼳쳤던건같음... 왜이리 각진게 좋지?... ㅎㅎㅎ",2
173,디자인 하나만은 정말 잘빠진듯 해요,1
174,이당시 모델들이 그래도 벤츠 DNA가 더 잘 나타난 시절 같음,1
175,네...그 급에서는 E바디가 최고긴하지만 잔고장은 개뜨뤠기,2
176,아ㅋㅋㅋㅋ 어머니차를 이렇게 시원하게(?) 까다니ㅋㅋㅋㅋ 효놈리뷰어 윤대표님ㅋㅋ+ GLK만 그런지 모르겠는데 저 안개등 LED 아니고 동그랗게 전구 박혀있으면 진짜 개 많이 고쳐야됨ㅋㅋ,1
177,페이스 리프트 된 GLK 이후로 벤츠 디자인은 그다지~~~,1
178,단점 하나만 더 추가하면 실내 공간이 정말 더럽게 좁습니다…,8
179,중고가 방어력 버프 걸어주는 효도방송이네요 ㅋ,2
180,신사의품격 김수로 차.. 그때 인기 대박!!!,2
181,신사의품격 임태산차여서 되게 사고 싶었지ㅋㅋㅋㅋㅋㅋ,1
182,와 감가진짜 얼마 안됐네,1
183,이차 내가 사고싶다...,1
184,테일램프 안에 레지스터랑 캐패시터 문제라서 램프나가는듯,4
185,다음은 10년된 파나메라 리뷰좀ㅎㅎ,3
186,겨울에 시동 안 걸리는거 때문에 강원도 같이 추운 곳 에서 타지 말라고 했던 기사가 있던거 같은데,1
187,21:40 굉장히 중요한 말씀이네요공감합니다,5
188,멋진 차네요 ㅋㅋ,1
189,화난형 안녕하세요. 제가 요즘 e82 120d 쿠페에 빠져서 진짜로 선수금 넣기 바로 전 까지 왔거든요리스토어 해가며 타려고 하는데 자동차에 무지한 제가 과연 20만 키로 탄 거기에 엔진오일 과 라지에타 누유가 기본인 n47 디젤 엔진을 감당 할 용기가 없어 하루하루 고민 하고 있습니다. 어찌하면 좋을까요. 성로형의 현명한 답변 듣고 싶어요.,1
190,역시 디젤은 저 RMP에서 최고 토크가 나와야쥬?,1
191,기회만 되신다면 렉서스 is리뷰도 보고싶네요,2
192,1500이면 좀더 보태서 트레이블레이져가 어떨지?,1
193,독일차들도 원가 절감 많이한다고 봐야죠.,1
194,요즘 리뷰 듣다보면 김진표 + 잇섭 느낌이 나네성로형멋져,37
195,엄마차 리뷰 라고 말할때 귀엽ㅋㅋ,5
196,이세대 glk는 진짜 못생겼는데이다음 페리버젼 GlK는 진짜 이쁨특히 5스포크 휠 진짜 이뻐요,8
197,벤츠 전 차종중에 가장 이쁜 차네요. (개취),2
198,효자시다~ 10년 15만키로 달릴동안 어머니차 관리해드는 것도 보통일 아닌데,1
199,개방감 오진다.. ㄷ,1
200,22:07 개공감하네요 ㅎㅎ,33
201,OM651 정비성 나쁘지 않은데 ㅎㅎ,3
202,김진표 리뷰는 좀 뭔가 애둘러 말하는게 심란데 이 분은 직설적이라 더 보기좋죠. ㅋㅋ,8
203,저 연식 벤츠는 진짜 경고등에 맛이갑니다 스트레스..,3
204,하지만 이건 성로띄라는 아들을 둔 어머님차니까 관리가 잘된차잖아..난관리못하는데,1
205,"항상 보면서 느끼지만, 오프닝 음악이나 아웃트로 음악 !진짜 센스 너무 좋아!",8
206,차가 10년 다가가니까 전자장비 나가는게 참...ㅠ,1
207,아 저 화면 저희차도 못고쳐서 미치겟음...ㅠㅠ 내용 100% 공감 합니다~,1
208,보통 10년된차 보면 진짜 누가봐도 오래되보이는데 얘는 그렇게 올드하지않네요,2
209,10년탄 16만 산타페... 누유누수 1도 없었다는건... 독일차보다 내구성은 더 좋다는 뜻?,2
210,엄마차 리뷰는 뭔가 목소리가 차분하신듯한 느낌 ㅋㅋㅋㅋ 언젠가 드라마의 장동건 차죠,2
211,GLK는 13년식부터 이쁜데요,4
212,엔진 예열 코일이 얇아서 매인트시 잘 끊어짐...,1
213,사고싶당,1
214,집이 대단히 유복하셧나봄.. ㅜㅜ,24
215,옛날에 드라마에서  이민호가 타고 나와서 정말 사고 싶었는데 ㅎㅎ,1
216,난 성로씨 아무리 봐도 호감임.....,3
217,아빠차로는 벤츠 엄마차로는 렉서스가 짱인 듯 싶음ㅋㅋㅋ엄마들은 차에서 뭔 소리나면 차 다 박살나는 줄 아셔서..,32
218,모트라인에서 glk리뷰를 보게되네여 ㅎㅎ12년말 페리스리프트 glk구입하고 3년정도 타다가 누님한테 넘겨주고 지금 9년차 타는동안 다행히 고장없이 오일/배터리만 교환해서 잘 타는중이네요 ^^아!! 에어백 경고등이 뜨고 겨울철 깜빡이 표시오류 메세지 뜨는건 있네요 ㅋㅋ,2
219,02:10 시선강탈ㅋㅋㅋㅋ,40
220,이형 영상 특징 : 유튜브 영상 다른거에 볼륨 맞춰놓고 틀면 0초부터 귀아픔,4
221,"정비성은 아우디 폭바에 비하면 벤프는 양호한것임. 등 문제 못잡은게 아니라 안잡는거에요. 계속나간다는건 누가봐도 하네스나 그라운드쪽으로 쇼트가 난것 같은데 와이어 갈거나 리페어 하는거 지체가 돈보다 노동시간이 많이 들어가요. 와이어 다이어그램 보고 여러 선들이랑 테이프로 돌돌 묶여 있으니까 그 문제 되는 선 하나를 찾고자 하는 노력을 정비사들이 안하는거에요. 못고치는게 이세상에 어딨습니까. 벤츠 서비스센타야 당얀히 돈되는것 쉬운것 할테고 다들 전기쪽 다이그노시스를 꺼려함. 그건 지식도 부족하고 게을러서 그래요. 한국에선 마치 10만이넘어가면 무서워 하는데 외국에선 20, 30만 타는 차 많습니다.",2
222,후기형은... 전륜 쇼바가... 좋지않음,1
223,벤츠 좋아요. 렉스턴 벤츠엔진 16년 타도 수리비 3백만원 안들었음..,1
224,2:09 강인해보이고 단단해 보이는 봉고,1
225,19:45 이래서 아들 낳아야 함 ㅋㅋ저도 부모님 차량 및 IT전담 AS센터 입니다. ㅋ,2
226,20년을타도 경험해보지 못하면 차량결함 모르는 사람 수두룩함 차라리 이것저것 경험 해보고 새차사는것도 괜찮음 그냥 사람마다 생각차이니 참고로만 듣는게 좋음,1
227,저거 네비고장은 안드로이드로 교체하는 방법이 최고입니다.,1
228,저는 GLK 페이스리프트가 좀 더 멋지더라고요,7
229,9:22 포르쉐 키 감성 저리가라네요,9
230,뜬금없지만요520i msp    g80 2.5t  둘중 어느게 더나을까요??애기둘있는 4인가족입니다.너무 고민되네요,1
231,저도 GLK이쁘다 생각하는디ㅠ ㅋㅋ 사람들이 다 거르라네요 ㅋㅋㅋ..,1
232,자기는 좋은차 타면서불효자 햄토리!!!!,1
233,튼튼한차,2
234,엔진은 독3이랑 꼬레아랑은 비교가안됭 ㅠ,1
235,우와 ^^ 윤성로님 가족 부자 였어 ㅎㅎ,5
236,에스컬레이드도 시승기 리뷰 부탁드려요,1
237,ㅋㅋㅋㅋㅋ 불속성 효자 맵다 매워,5
238,sls amg?? 워매 쿠키가 아주 강력하네요 !!,2
239,신사의 품격에서 장동건이 탔던차가 이건가요??,1
240,엄마차도 까버리는 효오자 앵그리윤,2
241,모트라인 50만 빨리찍자.. 현기증난다,1
242,5:48 그 망할 놈의 피스톤 ㅋㅋㅋㅋㅋㅋㅋㅋ,21
243,형 다음엔 W221 해줘 꼭!!,4
244,24:30 와 설렌다 ㅎㅎ,18
245,화창한 토요일을 모트라인과 함께,2
246,아니 예상과 다르게 칭찬하길래 엄마차쉴드인가? 했는데 왠걸 마지막이 반전ㅋ팔라고 하는 차인데 사지말래 ㅋㅋㅋㅋㅋ엄마한테 등짝 스메싱각 ㅋㅋㅋㅋㅋㅋㅋ역시 엄마차도 윤성로의 까방권이 없군,1
247,02:13 GLK 디자인 좋다는 사람 처음 봄ㅋ,4
248,내 2016년식 임팔라도 1500 인가 1700인가 그 정도인데10년된 GLK 보다도 못하다니... 슬프고술푸네 ㅠ,1
249,잘봤습니다.ㅎ쏘렌토r 초기모델 10년 넘게 타는데..소모품 외에는 돈든적 한번도 없네요.'.잔고장 아직까지 제로.누유도 제로.잡소리는 있지만.ㅎ,1
250,기아 소렌토 신차 출고 녹스 센서인가 뭔가 이상으로 3주째 수리 안되어 차량 운행 못하고 있습니다. 기아차 측에선 방법이 없다고 합니다. 녹스센서 이상이 확실한지도 모르는 상황입니다.혹시 같은 증상 있으신분 있나요?,1
251,3:20 ㅇㅈ 저때 나오던 이클 씨클은 확실했었음.요즘 이클 씨클은 방음? 터보 다운사이징엔진? ㅋ,31
252,보증기간 지난 독일차 7년 타면서 수리비가 5백 나왔다고? 생각보다 할만한데?,2
253,일본차 가져와서 만든 sm7 뉴아트. 12년동안 15만 탔는데 소모품 간거 제외하고 0원 씀.,2
254,차박용으로 구매 고려했는데..안되긋다ㅋㅋㅋ,3
255,10년된 i40 22만키로 리뷰 부탁드립니다 ㅋㅋ,1
256,디자인은... YF도 좋다고 생각할만큼 호불호 상황에서 거진.호 인데 GLK는 좀...,2
257,뒷모습 쏘렌토 1세대랑 너무 닮았다 ㅋㅋ,1
258,엄마차 팔아볼려는 리뷰냐 생각했는데 역시 믿을만한(?) 윤성로^,1
259,궁금한개있어요ㅜㅜ저도이차타고있는데 계속냉각수보충이경고가떠요..수돗물과부동액넣어도보충이떠요어떻게해야되나요?,1
260,편집자님...어딘가 갇혀 일하고 계신다면 설명란에 당근을 흔들어주세요...ㅋㅋㅋㅋㅋㅋㅋ 자막 오타 머선일이야 ㅠㅠㅠㅋㅋㅋㅋㅋ,1
261,이 정도 결함이 있으면 얼마가 되나요,1
262,램프 경고등 계속 뜨는데 그 이유를 모르는걸 팔면 우뜩해요 ㅠ_ㅠ,2
263,19:10 끝의 시작이기 때문에 사지말라는 거네요.,13
264,"삼각별은 200,000km도 못타는 차인가요 나도 수입 중고차 타고 있지만 별로 그런 문제없이 잘 타고 있습니다. 투아렉 2.5세대 오너",2
265,부동산하는데 시내만 거의 탑니다~ 가끔 장거리하기도 하는데 이녀석 데려오고싶네요 차박하기도 괜찮을지요?,1
266,엄마차 수리 관리 담당=아들 ㅋㅋㅋㅋㅋ,1
267,전원사 한번 가보시죠! 그곳에서도 못고칠까요?,2
268,전자제어불량이라니 ㅠㅠㅠㅠ,1
269,형... 엄마차라고 너무 칭찬일색인거 아니야?ㅋㅋㅋㅋ,3
270,아 엄마차는 무적이지 ㅋㅋㅋㅋㅋㅋㅋ,290
271,"GLK면 벤츠의 배기가스 치팅 모델이네요. 별로 보도가 안되서 폭바만 치팅한줄 아시던데,페리 모델이 치팅을 한거라서 이 차량에는 해당이 안되겠지만요. 언급을 한 마디도 안하시다니.. 음.",1
272,명작이긴 명작이다,2
273,GLK페리 진짜 개이쁜데,2
274,나도 첫차를신차로 뽑아서 무사고 12년탔음그리고 중고차삼ㅋㅋㅋ,1
275,결론: 있는집 아들 성로형이 시절  벤츠는 실내 디자인도 구려서 외관 디자인밖에 볼게 없다고 생각함. 센터페시아 정중앙 전화기버튼 극혐,3
276,골프도 리뷰 해주세요.,1
277,"독일3사는 10년되도, 헐거워지는 느낌없는데,국산차는 3년 지나면, 헐거워지는 느낌남ㅋ ㅋ이게 팩트임 ㅋ ㅋ ㅋ",1
278,브레이크등 나가는거 납땜불량이라고 메르카바 채널에서 본 것 같은데요,1
279,아이오닉 급발진 사고 다뤄주세요,1
280,2:12 믿고 거르는 윤성로 디자인 취향,9
281,우리 애들 엄마차... 잘타고 지금은 XC90,1
282,외제차 상태가 암만 좋아도 10년된 중고차는 타지마;;국산차 10년된거 타면 그냥 가난한가보다 생각하는데외제차 10년된거 중고로 사서타면 “꼴값하네 애지간히 타보고싶었나보네 ㅋㅋㅋㅋㅋㅋㅋㅋㅋㅋ”하고 오해받음 특히나 bmw 5시리즈 f바디~닥신같은 경우는 집도 부자고 본인도 의사고 자존감 높으니 남의눈 신경안고 타는거고,2
283,취향존중 합니다,2
284,뒤데루 계속 나갑니다 c250도 똑같아요,1
285,진짜 부자시구나 10년전 엄마차라면.... 부자지,1
286,도봉구주민님 800만원 glk 생각나네요ㅋㅋ,4
287,오늘은 부모님 차라서 스윗한 형...,1
288,첫차는 아버지의 45만타신 택시 yf 소나타ㅎ1년좀 안되게 탄듯 ㅋㅋㅋㅋ근본 차알못이라 쓸데없는 수리에 200만원 넘게 쓴듯 ㅋㅋㅋㅋㅋㅋㅋ,1
289,현기차 디젤 3년만 지나면 엔진이랑 미션 컨디션이 절반은 떨어지지. 타본 사람은 안다.,2
290,저희 아부지차랑 같은차네요 ㅎㅎ 어머님차 기름 넣어 주세용..,2
291,여기서 차 파시면 안됩니다..ㅋㅋㅋㅋㅋ,3
292,딱 10년 전에 샐러리맨 초한지에서 유방이 성공해서 타던 차인데 ㅋㅋ,1
293,기본적으로 돈 있는 집 아들 이였구나...,5
294,엄마차리뷰 ㄷㄷ 사람을 남기자~,3
295,렉서스도 해주세요,1
296,7200현찰 주고 8년 타면서일단 차가 너무 무거움인젝터 재생 4개 120스로틀바디 200전방미등 뻔데기 전구  한쪽만 계속계속나감 못잡음워터펌프.누유.기타 누수암튼 한도 끝도 없엇슴ㆍㆍ 참고하세요,1
297,없는사람= 저걸 왜사!!!!!!!!  저돈이면  좀더 할부넣어서 국산신차사지.....있는사람= 내 어릴적 꿈이였는데 ......  가져와!!  싹~~~   고쳐서 노썬팅에 가끔!!  기분이나 내보자 ~,2
298,올수리해서 구독차이벤트 싸게 주기 ㅋㅋㅋ,1
299,ㅋㅋㅋ우리회사에 이 중고차 타는 부장님있는데.. 그것도 벤츠라고 어깨가 하늘에 솟아있으심ㅋㅋㅋ,1
300,요즘 응규 줘패버려서 그런지 날라다는듯 ㅋㅋ,51
301,여태껏 안 갈앗으면. 이제부터는 돈 억쑤로  들어간다는... 징조인듯...,2
302,어설푼 마음으로 싸게 외제차 타겠다는 마음 가지면 ㅈ되는거임;,4
303,저희엄마차도 14년식GLK 인데ㅋㅋ,1
304,8:02 여기 RPM인데 RMP라고 오타났어요,9
305,성로횽 이차타고 수능보러 갔을까나..,1
306,이 차가 170마력이란건가?,1
307,윤성로님은 에픽모터스와 10년 관계 인 건가요?,1
308,엄마차도 까는 불효 리뷰어 ㅋㅋㅋㅋㅋㅋㅋㅋㅋㅋㅋㅋㅋㅋㅋㅋㅋㅋㅋㅋㅋㅋ,344
309,ㅋㅋㅋㅋㅋ오오 어머니 차량이라니ㅋㅋㅋ,11
310,오른쪽 테일램프쪽으로 나가는 전원선에서 후방카메라 전원 딴 듯 ㅋ,2
311,뽑기가 좋은거임 십년전 7단미션 탈떄도 뒤에서 누가 박은줄 안게 한두번이 아니었음 벤츠는 영훤한 미션똥임,1
312,사고 싶네요. 저한테 파세요~~ GLK,3
313,불속성 효자시네 ㅋㅋㅋㅋㅋㅋㅋㅋㅋ,1
314,차는 7년만 넘어가도 고장 오지게 생깁니다. 예를들어 뒷자리 문이 안에서 안열리고 본넷 펌프가 고장나고. 타이밍벨트 이제 갈라지기 시작하고 각종 소모품. 오지게 부서지는 시기. 물론 8년차쯤 10년차쯤 다 갈아놓은 중고차는 1만대중 8대도 안나온다는 사실 ㅋㅋㅋㅋㅋㅋㅋㅋ 그냥 새 차 사셈. 중고차 사더라도 3만 미만,2
315,그냥 가져오면 수리비 천만원은 생각하고 가져오셈,1
316,중고차 타다가 쉽게 바꿔야지 하지만 현실은 한번 차사면 쉽게 못바꿔요 ㅋㅋ 그냥 신차로 사세요 저렴이로,10
317,형 그래서 다음 엄마차는 뭘로 구입 예정 이야??,1
318,테일램프의 문제점은 밴츠가 알고 있고 그라운드가 잘못된것임!!!  밴츠가 그것을 고치는 리와이어링하는 킷트를 팔고있다.  유투브 영어 영상도 있음.  내밴츠를 그렇게 다시 와어링해서 고쳤음!!!https://www.youtube.com/watch?v=e40e_8_4N_Ahttps://www.youtube.com/watch?v=wjPEkhgRUNQhttps://www.youtube.com/watch?v=906rJgQLWcQ,3
319,으아.. 내 꿈의 차였는데.. 앵그리성로님께 퐉퐉 까이고 있네요ㅋㅋ,1
320,이차는 몇등급 차량인가요? 4등급 되나요?,1
321,7:59 자막에 RPM부분 오타있네요^^,2
322,불량원인 납땜불량 가능성 80% 뜯어보삼,1
323,중고차 리뷰 겸 신차 구입 예고네과연 어떤 신차를 살 것인가~~~이건 투표 안함?ㅋㅋ,20
324,인근에삽니다 4710 glk 차선변경하시면 에스코트해드릴께요ㅎㅎ,2
325,"쏘x, 명x은요? 마무리가 안되나요?",1
326,어머니차.....이군요..,2
327,아우디 2.0tdi 엔진도 끝내줌,1
328,불속성(패시브) 리뷰,1
329,탈룰라 조심 ㅋㅋㅋ,2
330,오래된 디젤차는 제한되는 도로가 많지 않나요?,1
331,엄마차는 못 참지 ㅋㅋ,14
332,신사의 품격 생각나넼ㅋ,14
333,??? 엄마 차도 가루가 되도록 까는 이분 .....ㅋㅋㅋㅋㅋㅋ,1
334,일단 차가 너무 안나가서 남자들은 화가 날 정도고 미션이 좀 그렇고 코나링도 별로임 근데 벤츠라는것으로 게임 셋,1
335,초보운전은 새차중에 싼거!,1
336,2011년식이면 새거지 10년 된자가 하부 나갈일이 머가 있냐,1
337,엄마 차 였어? ㅋㅋㅋㅋㅋㅋㅋ햄또리 상상초월한다,2
338,벤츠라도  3년  되면  차에서  썩은 냄새 나요..차라리  돈  없으면  모닝 사세요..,2
339,기름은 채워 드렸겠죠?ㅋㅋㅋㅋㅋ,2
340,"일하면서 듣기만했는데, 잇썹 리뷰인줄ㅋ",1
341,"23:07 누가 연습용으로 저런걸 중고로 사요?400이하로 엑센트나 아반떼,중고사죠 ㅋㅋㅋ",1
342,엄마차 팔려는 리뷰가 맞나요? ^^엄마찬스 리뷰 잘봤습니다.,1
343,형 es300h 리뷰 해주세용,1
344,4:46초 되새김질 왜이렇게 웃겨 ㅋㅋㅋㅋㅋ,26
345,?? : 고객님...리뷰는 잘 봤고요...매입은 취소할께요..팔 자신이 없어요..죄송욤!!,1
346,인천 예술회관역 지나다닐때 본차같네,1
347,회사 근처 삼평동에서 주로 촬영 하시네요,1
348,정말로 신발 같이 생겼다 ㅋㅋ ㅋㅋ,1
349,14만이면 길들이기 이제 끝낫네,1
350,엄마차는 천하무적,1
351,누유는 노답이죠.,1
352,어머 얘 차가 이상한거같애~~~싱크로율... 100...,19
353,알콘 광고 소리없어지기 기도 3회차,2
354,뭐 진심이긴 하겠지만..중고차값 올리려고 칭찬.....인 줄 알았으나 결국엔....ㅋㅋㅋ,1
355,뒷바퀴 캠버각 들어가있는거 개웃기네 ㅋㅋㅋㅋ,2
356,나 저거 보고 테라칸인줄 알았음,1
357,엄마차 구매 가능한부분인가요 ㅋㅋ,1
358,엄마차 리뷰ㅋㅋㅋㅋㅋㅋ,1
359,500이면 그냥 다른차 사겠음,1
360,이거 판다고 하지 않으셨나요 -_-,1
361,제 드림카입니다.~ ㅎㅎㅎ 페랄리 타지만,2
362,4k 리뷰도 ㄱㄴ? 6일차.,7
363,그래서 이차 어디올라옵니까? 엔카? 차차차? 윤성로 보증 중고차! 1인신조 에픽정비 믿을만하지,2
364,8:00 RMP 오타,1
365,판매하셧나여,1
366,전구 나가는거 유투브 어디선가 납땜하면 된다고 했는데 그거 아닌가요?,2
367,형 내차도 쫌해줘 2106년 6월식 520d 에어로다이나믹 엑드 43000킬로 얼마에 팔아야되?,1
368,서울 시장 갖다줘. 좋아할지도.,1
369,엄마차 신차리뷰 예고편?ㅎ,1
370,아들 엄마 차 팔게 좋게 좋게 말하고와~,1
371,0:10 스윗성로,2
372,유튜버 메르카바님이 후미등 해결책 올리신듯,1
373,화좀 안냈으면좋겠다ㅠ 자주보는데 귀아파요,1
374,신발 ㅋㅋㅋㅋㅋㅋ,2
375,오랫만에 왔는데 모트라인이 왜 이렇게 됐지?,1
376,팔렸나요 형님?,1
377,10:32 알콘 광고 음악 정보 알수있을까요?,2
378,닥신이 보면 큰일날 영상,7
379,엄마 차 ㅋㅋㅋㅋㅋㅋㅋㅋㅋㅋㅋㅋㅋㅋㅋㅋㅋㅋㅋㅋㅋㅋㅋㅋ,8
380,ㅋㅋㅋ아 치트키쓰네 이형,2
381,지금봐도 참 이쁘네예,1
382,아니 나 이거 살려고 했는데,1
383,탈룰라 가불기 쓰네...,2
384,오 10분도 안 됐네 ㅋㅋ,2
385,까야 제 맛~~~(?) ㅋ,1
386,주인한테 엉덩이 보여주는걸 참 좋아하는 차네요,1
387,엄마차는 못까지 ㅋㅋㅋ,1
388,등짝스매싱,1
389,결론: 사지마,1
390,아니 형 서론이 왜케 길어 ㅋㅋㅋㅋㅋㅋㅋㅋㅋ그래서 얼마에 팔건데 ㅋㅋㅋㅋㅋㅋㅋㅋㅋㅋㅋㅋㅋㅋㅋㅋ,8
391,성로형 엄마차끌고왔어,1
392,나한테 싸게 줘유 - 1000,1
393,맘스카 까다가 맘스터치 씨게 맞게스,1
394,오늘은 기분 좋아보이시네요~,1
395,04:44  미쳤냐고 ㅋㅋㅋㅋㅋㅋㅋㅋㅋㅋㅋㅋㅋㅋㅋㅋㅋㅋㅋㅋㅋㅋㅋㅋ,1
396,이제 돈드러갈때~안사요,1
397,ㅋㅋㅋㅋㅋㅋㅋㅋㅋㅋㅋㅋㅋㅋ이런건 도봉구 전문아니냐??,5
398,17:28 계~속 계~속 계~속 계~속 계~속,20
399,"샘모듈땜에 깜빡이 나가고, 브레이크등 나가고, 후카 ㅈㄹ발광한적 있는데 hoxy...",1
400,8:00  저 RMP,1
401,님 목소리 상태안좋은거같은데 검사받아보세요,2
402,5:47 PTSD,2
403,그래서 얼마에 ?? ㅋㅋ,1
404,아 엄마차는 뭐라 못하지 ㅋㅋㄹㅇ,1
405,엄마차 훔쳤다! 리뷰 받으러가~~ skrrrrr,1
406,도..도봉구주민,2
407,수동차매물있어요?,1
408,어머니: ...,1
409,그냥  시끄러운  분.....,1
410,이런 리뷰는 응구는 못하쥬?,1
411,이분 참 나..........서운하네,1
412,어... 엄마차 같은데?,1
413,4:06  밀짚모자 루피,2
414,1500주고 이차사면 수리비 2천은다 ㅋㅋㅋㅋㅋㅋㅋ,1
415,베티???,1
416,왜 계속 화나있는것같으시죠 ㅡ.ㅡa,2
417,딱따구리차,2
418,이건 14만이면 500짜리인데ㅠㅠ,1
419,자막 오류 ㅋㅋㅋ RMP??,2
420,은은한 살냄새 오리지널 페로몬 향수 존아자르를 만나보세요!,1
421,보증지난 수입차는 사는거 아니랬어요 특히 저런차,1
422,뭐하시는거임 ㅠㅠ,1
423,되겠냐고ㅋㅋ,1
424,수입차 제대로 데인적있어서 국산차면 모를까 수입차는 중고 절대로 안삽니다 ㅋㅋㅋㅋㅋ,1
425,ㅋㅋㅋㅋㅋㅋㅋㅋㅋㅋㅋㅋㅋㅋ,1
426,솔직히 디자인 개구림ㄹㅇㅋㅋ,1
427,엄마차 안팔꺼야?,1
428,1:48 네 형??,1
429,형 화낼꺼지....?,1
430,뒷빵  사고있네,1
431,EGR 이지랄,1
432,너같음 베뉴 타겟냐,1
433,벤츠한테 미안한대 저거 쌍용처럼 생김,1
434,안사요 아저씨,2
435,어머님이랑 화해하세요,1
436,목소리 톤을 낮췄음~~부동산투기 국짐 윤희숙이 악쓰는 모습과 비교됨!!,1
437,모하~,1
438,1,2
439,엄마차.팔라고 무자게 빨아제끼네,2
440,찌질하군~~  굿바이,1
441,.,1
442,디자인이 진짜 그냥 조오오오옷나 못생김,1
443,차 비싸게 팔고 싶나바 ㅎㅎ,3
444,똥디젤 찬양하고있네...,3
445,좋은정보 감사합니다,3
446,"""미리 공부해서 다가올 시련을 대비합시다."" 이 말 참 좋네요 ㅎㅎㅎ",4
447,차량 구입으로 알아보는중 감사합니다,1
448,다른 차에 비하면 진짜 애교네요,2
449,"이 정도는 사실 고질병이라고 부르기에도 간지러운 수준인데, 1. DPF는 도자기 관 비슷해서 조금씩 막히므로 적정 시점에서 재생 작업 해줘야 합니다. 고속으로 밟고 다니면 그 시기가 조금 늦춰지는것 뿐입니다. 대략 10-15만 넘기지 말고 재생 작업 해야 합니다. 돈 백 들어갑니다. 약품으로 다 뚫어주는 작업 2. 워터 계열, 이게 진짜 고질병일텐데 사실 현기차는 7만 마다 교체하는 경우가 많아서 놀랍지도 않습니다. 이건 그냥 교체해주면 되는 문제 3. 네비: 어차피 쓰레기 지니맵인데 한개도 아쉬울것 없습니다. 알리에서 12.5인치 올인원 안드로이드 사서 교체하면 T맵도 쓰고 세상이 다 편해집니다. 아낌 없이 바꾸시면 됩니다.",7
450,350은.어떤가요? 가솔린 ㅎ,1
451,후기형 glk 생각중인데 추천하시나요~~?!!,4
452,이쁜데.....패스,2
453,"12ㆍ22212.ㆍ2,",1
454,8년전이 아니라 18년전 아님? ㄷㄷㄷ,18
455,알고리즘이란... 대단하다!,4
456,앵그리윤 GLK가 날 여기로 이끌었다ㅏㅏ,5
457,윤성로 GLK리뷰 보고 오니까 알고리즘 ㅋㅋ,11
458,이차 끌엇던오너 엿는데 군더더기없이 만족햇던 차엿습니다연비도 괜찬앗구요 ㅋ,3
459,영해 보이긴한데.... 뭔가 없어 보인다... 나이먹고 있어보이는군...,4
460,와 한용이형 ㅋㅋㅋ,9
461,아 왜케 또 젊어ㅋㅋㅋ 8년전이라,1
462,이땐 참 영했네 ㅋㅋㅋ,11
463,와 이게머얔ㅋㅋ,6
464,이야..... 언제적..... 되게 차분하게 말하시네....,1
465,담백하이좋네여,4
466,여기어디에요??? 배경이너무젚아요 구경가고싶어요 꼭알려주세요,2
467,저거 보다가 윤성로 리뷰보면 아주 제레미 클락슨이 따로 없음 ㅋㅋㅋㅋ,1
468,"2012년도의 벤츠는  2016년의 국산차보다  처지는 디자인과 마감상태........................한국차 욕할것 없다,,,,,,한국의 기술이 정말 빠르구나",1
469,ㅋㅋㅋㅋㅋㅋㅋㅋㅋㅋㅋㅋㅋㅋ모야이겈ㅋㅋㅋㅋㅋㅋㅋㅋㅋㅋㅋㅋㅋㅋㅋㅋㅋㅋㅋㅋㅋㅋ,4
470,백날떠들어도 번호가업는데연락을어데로하나,1
471,ㅅㅂ ㅋㅋㅋㅋㅋㅋㅋㅋㅋㅋㅋㅋ 앵그리윤 여기에요,2
472,ㅋㅌㅌㅋㅋㅋㅋㅋ윤성로 때문에 들어온 사람 손 ,24
473,형 여기야,1
474,판매완료,2
475,영상잘보고잇습니다ㅎㅎBmw X1 좋은차량 소개좀해주세요~~,2
476,glk는 사랑이죠️,2
477,사고싶은차,1
478,"믿고 보는 오토모빌 ,,,",3
479,,2
