,comments,likes
0,"내부 인테리어는 A클래스 시리즈/GLC클래스에 쓰이는 벤츠의 엔트리 모델용 부품으로 짜집기해놨더라고요, 매출을 보장받을 수 없는 세그먼트라 단가를 줄이려 했기 때문이었을 겁니다.이미 국내에서도 리뷰가 썩 안 좋게 되어서 그런지 벤츠 출고 검수 알바하면서 딱 한 대 봤습니다.",1
1,친절 유쾌 말고 이런 진심리뷰 너무 좋음 ㅎㅎ,2
2,저도 이거 미국 놀러갔을때 캐년갈때 탓엇는데요ㅎㅎ slc300이었어요 미션은 진짜 공감은합니다ㅋㅋ진짜 차가 이쁘고 어느정도나가고 가성비있게 만들었는데 결정적인건 렌트해서 탈차지 사서 탈차는 아니라는걸느꼈습니다그래두 빌려타기엔 감성있습니다 팝콘도 제법터지고 뚜껑도열리고 ㅋㅋㅋ그리구 말씀하신대로 승차감은 진짜좋아요 하루만에 베가스서 캐년까지(사우스엿나 노스엿나 제일먼곳 왕복900km정도) 왕복했을정도로 몸에 피로감이 생기지않는 승차감이란걸 느꼈으니까여ㅎㅎ그갬성을 못잊어 찾아보니 한국엔 slc300이없고 slc43amg로 넘어가드라구요리뷰잘봤어요!,1
3,솔직한 리뷰 ' 생생한 리뷰 젬나요^^항상 즐거운 방송 부탁드려요,2
4,자동차 영상 올려주셔서 감사드려요.자동차에 설명을 잘해주셔서 감사드려요.,2
5,2014년식 slk 200 타봤는데.... 그냥 멋진차다라는 느낌...,3
6,형ㅠㅠ 영상 항상 잘 보고 있어요^^  그런데 걱정되는게 있어서 댓글 남겨요! 안전벨트 메실 때 꼬여있으면 벨트의 성능이 떨어진다는 글을 봐서요ㅠㅠ항상 응원합니다!ㅎㅎ,1
7,Slc200 17년식 오너입니다. 가격생각하세요 6천짜리차한테 무슨 변속타이밍을 기대해요 벤츠에 뚜껑열리고 겉멋부리기 6천이면 충분하죠^^가격 생각합시다 고출력 빠른악셀반응 원하시면 1억이상 갑시다~,7
8,Slc200은 안타봤지만 Slc43amg 타는데 치고 나가는건 충분하네요 amg도 시승 부탁드려요~,1
9,에이든 형님 SLC리뷰같지 안은 리뷰 참 재미있네욬ㅋㅋ,5
10,오늘 너무 재밌네요 자주 자동친 리뷰 해주세요 속시원 하게 얘기 해줘서 굿,2
11,형 이런 리뷰 너무 재밌다!,3
12,ㅋㅋㅋㅋㅋㅋㅋㅋㅋㅋ 완전 공감해요 트랜스미션 어리버리까는거 혈압상승,1
13,에이든형 요즘 영상 자주올려줘서 너무 좋아,4
14,엔진이 좀 궁금했는데 트랜스미션얘기만 하다 끝나니 조금 아쉽긴 하네요 ㅎㅎ,1
15,차형 스뽈츠 주행은 컴뽈트 모드가 아닌 스뽈트 플러스 모드로 해야죠.  북미형은 모드 변환이 안되나용.,4
16,시원하게 칭찬할건하고 깔껀까는거 좋습니다ㅎㅎ,15
17,아우디 25년 타다가 더이상 안타는 이유는 정말 잘 망가진다. 예전 대학교때 A100부터 탇는데(그 때는 미국에서 안타는 똥차) 진짜 아우디는 비 필러에서 달그락부터 내 A6같은경우 1년 동안 3개월동안 수라를 받았다.. 너무 화딱지가 나서 팔아버라고 지금은 Ford pickup 타는데 후회 없다. 독일차가 뭐가 좋은지 더이상 모르겠다....BMW 는 불나고 말이다,1
18,결론: 상대적으로 저렴한 벤츠로고 박혀 있는 로드스터 하지만 그만큼 좀 많은 걸 포기해야 하는 차,2
19,"SM6이후에 처음 차를 바꾼 차가 이 차예요. 주행성능 되게 좋다고 생각했는데,,, 제가 차알못이었네여 ㅠ",1
20,잘보고 가요 형️,2
21,"그냥 봐줄만 하고, 하드탑을 즐기고 싶다면 나쁘지 않을듯...",2
22,차 리뷰 너무좋당.. 형 그래두 SLC AMG버전은 좋겠지??,3
23,2000년식 slk 230k 있는데 한번씩 마트 갈때 탑니다...ㅋㅋ...리뷰는 거의 맞습니다..Amg 아니면 그냥 패션카로 보심 됩니다...,32
24,그래도 타보고 싶네요. ^^,2
25,"전 4일간 렌트로 slk200 탔는데요 글세 제가 뭐쏘고 트렌스미션을 못느끼는건지모르겠는데 그냥 패션카로 잘나가고 괜찮다 싶었네요. 아무래도 차를 보통개념으로 아는 사람은 만족하고 잘알고 도 깊게 느껴보려는 사람에겐 부족함이 느껴질거같아요. 그래도 4만불에 이런차면 가성비는 좋은거같아요 ㅎㅎ 중고는 2,3만불이니 괜츈죠",1
26,요약: 겉멋든 스포츠카 느낌내고싶어하는 브랜드좋아하는 젊은사람이 스타벅스 갈때 타기 좋은차,58
27,형.... 리뷰 너무 잘 어울리는데??ㅋㅋㅋ 형  차 협찬받아서 리뷰하자,1
28,SLK200타는데 터보렉이 꽤 심해요SLK는 SLC랑 다르게 7단변속기라서 그런건지는 모르겠지만 조금 불편해서 E450카브리올레로 갈아탈려고 계약했어욤 항상 재밌게 보고 있어여 에이든 화이팅,1
29,헉... 맞아요...나갈때 나가 줘야하느디....ㅋㅋ 아님 달려있지를 말던가....장식용 인듯....열을 시키세요..ㅎㅎ,1
30,최고의 사이다 SLC 리뷰  좋아요~~♡♡,2
31,역시 형이야. 다른 사람들이랑 달리 깔땐 제대로 까네요 ㅋㅋㅋㅋㅋ 너무좋아,1
32,"2013년 미국 출장와서 첨타봄(회사차) 뚜따할줄 몰라서 1시간 고생했던 기억이, 나름 한달동안 잘탔었습니다. ㅎㅎ 열변토하시는거 보니 원하는 퍼포먼스가 안나왔나봐요...그래도 Mercedes인데ㅋㅋ 갬성으로 운전...삑~",3
33,깊은 빡침이 잘 느껴지는 영상이였습니다.ㅋㅋㅋ 역대급 아닌가요?ㅋㅋㅋㅋㅋㅋㅋㅋㅋㅋㅋㅋㅋㅋ,2
34,우리나라차도 리뷰해주세요,1
35,ㅋㅋㅋㅋㅋㅋ존1나 웃기네요ㅋㅋㅋㅋㅋㅋㅋㅋㅋㅋㅋㅋㅋㅋㅋㅋㅋㅋㅋ뚝배기 깨버리기ㅋㅋㅋㅋㅋㅋ 영상 잘 봤습니다,3
36,"3:28, 7:10, 8:20 에이든님 분노 폭팔.. 근데 웃기다 ㅋㅎ(죄송해요 근데 너무 웃겨서..)그래도 재미있는 영상입니다ㅎㅎ",2
37,렌트카라 미션학습이 늘어져있을수도 있어요... ㅋㅋ,3
38,벤츠는 미션이 성능보다는 내구성 위주의 세팅이라 고성능 차량 아니면 하드한 미션 반응이 없이 안전 안전 안전 내구 내구 내구,1
39,SLC 많이 까였죠 ㅎㅎ 내용 짐작은 했지만 재밌게 봤습니다 ㅎㅎㅎㅎ,2
40,이런스타일 영상 좋아요 잘봤습니다,2
41,형 새로운 컨테츠 각 이예요. 재밌어욬ㅋㅋㅋㅋㅋ,1
42,slc는 스타벅스 갈 때 타는 차가 맞는 거 같아요^^,1
43,진짜 SLC 대신 미야타를 선택하는 당신은 진정한 차쟁이 ㅋㅋㅋ 미야타는 진짜 국내에 팔았음 좋겠다... 1톤 짜리 후륜구동 느껴보고 싶음....현대에서 1톤짜리 후륜 쿠페 하나 싸게 만들어주면 소원이 없을듯...,2
44,55 amg는 다르던데. 한번 타보고 까주시길. 초반 모델만 55 amg가 있고 후반기에 45amg 가 나왔으니 참고하시길..,1
45,가끔씩 이런 영상도 좋은것 같아요 ㅋㅋㅋ,6
46,박스터 타보니 MX-5궁금해요 ㅎ벤츠는 안중에도 없어요~,1
47,여러 벤츠차량 내명의로 소유했었지만 glb만큼 실망이 큰차였음.. 솔직히 의미를 모르겟,1
48,"까만형이 그러는데, SLC AMG도 뚜껑 빼고 다 쓰레기레요...Z4 랑은 말을 석을 수 없다...그런데, 벤츠 트렌스 미션이 원래 예전부터 듀얼클러치나 ZF 미션처럼 동작을 하지 않음...효율의 대분분을 벤츠 트렌스 미션이 갈가먹는다고 예전부터 그랬음... 할아버지 차라고...요즘 벤츠가 멀티클러치 개발해서 적용된 차만 많이 다르다고 합니다.듀얼클은 초기 울컥거림을 잡을 수 없고...ZF 미션은 초기 울컥거림을 잡을 수 있고 락업을 이용해서 듀얼클의 효율에 근접한는 것 같기는 함...벤츠도 락업을 늦게 추가는 했는데 최적화는 ....걍 벤츠 멀티클로 방향 전환...",2
49,이게 바로 리뷰지!!!! 스포츠는 스포츠 다워야 하지요... 벤츠 이름이 아깝네요 난감하네요잉..,1
50,패션카에 가까운가 봅니다.SLK모델로 한참 잘 나가던 시절엔 진짜 꿈의차였는데..그나저나 반팔 입은게 젤 부럽네요.ㅋㅋ,2
51,요즘 영상 자주 올리니까 좋네오,5
52,와 ㅎㅎㅎ 에이든님 승질내시는거 처음봅니다 ㅋㅋ 얼마나 답답하셨으면 ㅜㅜ,1
53,역시 수동이 진리인듯MX-5도 오토는 거르고꼭 메뉴얼로 사야된다고 그러던데아흑 MX-5 사고싶다!!!,1
54,미국에도 렌터카 전용 번호판이있나요?,1
55,에이든의 인간미다운 영상ㅎㅎ 귀여워요~,1
56,에이든형 이제 영상올려주니깐 현기증이 사라졌어 ㅠㅠ몸생각하면서 일해요~,4
57,순정은 거릅시다 ㅋㅋㅋㅋ..타고 싶다면칼슨키트에 AMG 에어로 파츠끼면 좋긴 한데 그냥 다른 차 사는게 더 가성비 좋아요,1
58,브이텍 수동타다가 삼각별감성을 타면 당연히 그러지..,1
59,저번 영상 바퀴작은 지프차 같은 느낌이군요 ㅋㅋ,2
60,ㅋㅋㅋㅋ똥떵어리 미션 ㅋㅋㅋ 분노의 리뷰네요 ㅋㅋㅋ 매니저 뚜따 ㅋㅋ,1
61,9g트로닉 쳠만들었을때낀건가…지금 amg든들도 9g인데 엄청빠른건같은데 우린그냥퓨어하게 수동을…,1
62,벤츠 소유하고 있지는 못하지만 팬으로서... 뭔가 고장난거였다고 원래는 그렇지 않다고 해줘요 엉엉... ㅠㅠ,1
63,컨텐츠가 다양해지셨네요 ㅋㅋㅋㅋㅋㅋ,5
64,안전벨트 꼬여있는데 안 불편했어요??그리고 저렇게 꼬인 상태에서 사고나면 위험해요,1
65,형 스푸라엔진 넣는 컨탠츠 찍읍시다ㅋㅋㅋ,1
66,제가 이분 영상을 다 본건 아니지만 진짜 역대급 찐텐 ㅋㅋㅋㅋㅋ,1
67,안타봐서 모르겠지만... 트랜스미션이 그 정도였다니... ㅡ.ㅡ,1
68,에이든님 말대로 벤츠중에 스포츠카를 원하고 스포티한 드라이빙을원한다면 누가  SLC를 탑니까ㅋㅋㅋㅋ차라리 AMG GT를 타고말죠 제가봤을땐 4기통에 9단 미션넣은게 잘못일수도있는데 7단미션모델이었으면 괜찮았을수도? (아니면 진짜 미션문제라든가)밸브바디 작동불량일수도있을거라 생각합니다 (중고차나 렌트카나 거기차들이 좀떨떠름하긴하죠),1
69,약간 헷갈리는데 다운시프트하면 rpm이 올라가잖아요? Rpm내려가는 제스쳐랑 마지막 영상에 rpm보면 업쉬프트 한것같은데 아닌가요? 다운쉬프트할때도 저정도로 멍때리나요? ㅎㅎㅎ,1
70,이번 영상 컨셉 좋네~~ㅎㅎ,2
71,slk r171 350 전 오너입니다 ㅎ 어느정도는 공감합니다 200은 심하죠... r171 slk350은 괜찮은데요..  대신 r171은 r172에 비해 밸런스가 떨어집니다 ㅋㅋ 저도 2년타다가 팔아치웠습니다 z4 샀었어야했는데 후회많이했었어요 ㅋㅋ,1
72,저의 꿈의 차였는데 다른차를 생각해봐야겠네요..,2
73,The bottom line: Miata Is Always The Answer,1
74,아니 에이든님 ㅎㅎ s2k도 컨버터블이잖아요 ㅎㅎㅎ 데이트를 위해 굳이 컨버터블을 ㅋㅋㅋ,3
75,근데 mx-5는 진짜 이래저래 평이 좋네여.. ㅋㅋㅋㅋ,1
76,기업 마인드의 차이벤츠 : 야 미션 만들면 얼마 안하자나 그냥 우리가 쓰던거 좀 바꿔서 써 ㅂㅅ미션비엠 : 야 우리는 zf/getrag 에서 최신식 미션 항상 받아쓰자 ㅈㄴ빠름이해를 돕기위해 고잉패스터 이고잉형의 벤츠 C클래스가 3시리즈를 절대 이길 수 없는 이유 영상 한번 보시는걸 추천드립니다,2
77,말 그대로 Sports Looking Car ㅎㅎ,3
78,벤츠 특유의 굼뜨는거 ECU 칩튠 하면 조금 괜찮아져요.,1
79,형 표현이 딱 좋아요 스타벅스 갈때 좋은차 ㅋㅋ,1
80,에이든 소나타 그랜저 리뷰 들어보고싶다 ㅋㅋㅋㅋ,2
81,형님 오늘 뭔가 목쉬신 느낌 영상잘봤습니다~,2
82,가속해야 할때 안되면 짜증나죠.. 아무튼 안전벨트 꼬였네요...,1
83,"9:50 ㅋㅋㅋㅋㅋㅋㅋ너무 웃겨요보면서도 이게 뭐지,,,, 했네요 ㅋㅋㅋ",7
84,Slc 진짜 여러 유튜버한테 먼지나오도록 털리네 ㅋㅋㅋㅋㅋㅋㅋ 진짜 모트라인에서 엄청까던데,2
85,현대 파워텍 8단....패들다운은 연타쳐도 방....바앙.........방 엄청 느려요 미션을 보호해서ㅠ  7단 dct도 다운 잘 안되요ㅠPdk나 m들은 그냥 무자비하게 방방방 가능한데ㅠ,2
86,경량의 로드스터 보다 저건 패션카에 가까워서 미션 세팅이 저런게 아닐까 싶은데요. 뚜따하고 커피받을때나 좋겠네요,1
87,S2000 얼른보고싶어요 진행상황 어떻게되나요,1
88,9:50 부터 암 걸릴준비 ㅋㅋㅋㅋㅋ사고나겠어요 진짜,5
89,50만원에 중고로 파는데 진짜 50만원에 살 수있는 건가요?,1
90,뭔가 차를 계속욕해서  흥분할까봐 안전벨트가 그만그만!!하고 형 잡고있는 것 같아 ㅎㅎ,1
91,형 꼬인 안절벨트 다시 채워주고 싶다 ㅠㅠ,1
92,ㅋㅋㅋㅋㅋㅋㅋㅋ넘 재밋게 말씀하시네옇,7
93,그냥 뚜껑열리는 세단 입니다. 퍈해요 그냥 ㅎㅎ 실오너 입니다. 데일리카로 써요 ㅋㅋ,2
94,멋부리기용인거같아요. 호구들 잡는용.. ㅋㅋㅋ앗 저 차주 급호구됨 ㅠㅠ,1
95,이런 걸로 컨텐츠 만들면 재미있을 것같아요.ㅎㅎ,1
96,"오늘은 진심.. 카튜브 느낌이 물씬났어(?)요... ㅋㅋ진짜..벤츠가.. 미션이 다 망친듯..ㅠㅠ AMG빼고는..밴츠는... 걸러야지.ㅋㅋ 우리 같은 차쟁이들은 이런차 거부합니다.ㅋㅋ진심... 미아타 MX-5 이런 시국이지만. 더 좋음.ㅋㅋ서킷달리는 고객님이 MX-5로 타시는데.. 확실히 재미있다고 하셨어요..격주로 서킷을 가시는데 모닝, MX-5, 맥라렌 3개 가지고 가시는데...재미는 MX-5가 가장 좋다고....다음에 오시면 인캠달라고 해봐야겠네요.ㅎㅎ 오늘 영상도 잘보고 갑니다. 에이든님의 화난(?) 모습 잘봤어요...",4
97,스타벅스 갈때 타고 가는 차 ㅋㅋㅋㅋㅋㅋ,1
98,ㅋㅋㅋㅋㅋ 옷 끌어당기기 비유 쩐다 ㅋㅋㅋ,6
99,Z4도 해줘요,3
100,요약: 하지만 주면 감사합니다 바로 하고 타는 차,17
101,"원래 그렇습니다 트란스미숀. 이차는 뚜껑이랑 배기음(육기통) 으로 타는차. 근데 팔때 중고로 샀는데도 거의 천만원 손해봤지 팔지 말았어야 했다. 아님 사질 말든가근데 하늘에 캠트레일 자국 진짜 많네요. 예전에도 la갔었을때 캠트레일 진짜 많이 뿌리던데, 한국으로 오던날에는 아예 아침에 하얀가루같은게 떨어져 있더라고요 그게 캠트레일 성분 굳은거라던데건강하세요.",1
102,"우리나라 렌터카는 번호판에 허,하,호등등 으로표시하는데 외국은 렌터카표시를 어떻게하나요?",1
103,오랜만에 왔는데 구독자 수가 10배 이상 올랐네요 ㅋㅋ굿굿,2
104,이 차랑 비엠Z4(구형) 고민중인데 어떻게 생각하세요..?,1
105,믿고 보는 에이든! ʕ>ᴗ<ʔ乃,2
106,점심시간에 보는 빵 터짐 ㅋㅋ빵빵빵빵 ㅋ,1
107,우어 중량급 리뷰어 탄생,2
108,"저 Mercedes Benz Product expert 인데 뭔가 제가 죄송해요....역시 미쑌은 PDK, ZF .......Mercedes는 변속기의 반응이 항상 한박자 느린....정말 말씀대로 Comfort한? 그런 미쑈오온입니디....7G-MCT/7G-DCT/신형9G-MCT 전부 downshift가 한숨 쉬어야 반응합니다ㅠㅠ현재 w204 amg coupe를 타고있지만...한박자 느린지라 한박자 얼른 밟아유~~~~~~~~",1
109,slc43 amg 저도 같은 이유로 3주타고 처분했습니다 ㅎ ㅎ,1
110,마지막 광클 탁탁탁소리 ㅋㅋㅋㅋㅋ앜ㅋㅋㅋㅋㅋ페들쉬프트는 ㅋㅋㅋㅋㅋㅋㅋㅋㅋㅋㅋㅋ악기가되었다,1
111,그냥 차는 콜벳이랑 박스터가 짱이야,1
112,"안전밸트 꼬였어요.  ㅎㅎㅎ 미국은 렌트카에 부여하는 남바가 없는가봐요.  한국 렌트차엔 하, 허, 호에이든님과 시청자들은 돈 벌어도 이차는 안사는걸로... 렌트비용이 비쌋는데 차가 똥.떵.어.리 라 흥분하셨나?  ㅎㅎㅎ",1
113,이 차량은 뚜껑 열리고 삼각별에 눈에 튀는 디자인.. 끝!!!!  알만한 사람들은 다안다는 오픈카~ 절대로 조지는 차량이 아님.. ㅎ,1
114,172 slk200 타고잇는데요...7단미션도 그래요 ㅋㅋㅋㅋㅋㅋㅋ밟아도 킥다운을 한단이상안함ㅋㅋ..,1
115,5:00 방방방방5:11 효과음 장인,45
116,예전에 진표형이 탑기코에서 A amg 탈때도 미션조작이 마음대로 안됬었는데결론: 벤츠 미션은 필터링하자,1
117,저는 slc200 slc43 두대 다 있는데 고놈이 고놈 이더라구요 ㅋㅋㅋㅋ 하루에 5키로미터도 안타서 먼지만 쌓이고,1
118,골프처럼 스포츠넣으면 킥다운느낌대로 미션내려가는데... 이차는 그런게 없겠죠?ㅜ,1
119,밟으면 2초 뒤에 나가는차..공감합니다ㅋㅋㅋ,1
120,에이든님 차기변한거에요?? 저는22살인데 부럽네요 20대의 성공하셔서,1
121,형 너무 흥분했어요ㅋㅋㅋ,1
122,형s2000도좀 찍어줘요ㅠㅠ,2
123,발음이 좋아서 구독,1
124,미국은 따로 렌트카 번호판에 표시가돼있나요??한국처럼 하 호 허처럼??,1
125,콘버로블 야스야스!!! 분노의 리뷰네여 형,1
126,요즘 왜 클로징멘트안해줘요..ㅠㅜ레츠기릿 젤좋은디 ㅠㅠ,1
127,잘보고있습니다,3
128,감사합니다.  똥을 피할수 있어서 너무 진짜 감사합니다.,1
129,에이든형 돈 많이 벌어서 이차에 zf사 dct 스왑하자!!!,1
130,형이랑 잘아울린당,3
131,SLC ... Sports Looking Car ? (농담입니다.....)벤즈는 대부분 점잖은 신사분들이 타는 그냥 승차감 좋은 브랜드입니다. 덕분에 스포티한감은 전혀 없죠 그래서 SLK가 처음 나왔을때 설마 했는데....... 주위 사람들 이야기 들어보니 역시나........그냥 모양만 스포츠카입니다.,1
132,방방방 하면 2단이 들어가야되는데 안들어감 1단들어가거나 3단 들어감 ㅠ,1
133,이 미션 알피엠을 높게 쓰면 탈만한데... 넘 잠깐타고 심하게 까신다..ㅋㅋㅋ,2
134,말이 많앗죠...9지 트로닉스 ㅋㅋㅋㅋ 말타기도 한목 하죠......,1
135,그와중에 시트는 몸꽉잡고있는거보소...,1
136,워워~~~ 우싸~~~~ Let’s get it S2000가즈아~~~,1
137,오오오 시승기닷!,3
138,ㅋㅋㅋㅋㅋㄱㅋㅋ무슨 상황인지 이해되네요일반인이면100%이해못함,3
139,"이 밋션이 좋아요,s2000 밋션이 좋아요?",1
140,엔진보호때문에 안들어가는게 아닌가 다운되는 RPM구간만 이해하고 다운치고 다니면 안되나요,1
141,솔직히 누가 그냥 주면 그냥 감사하게 받을듯 ㅋㅋㅋㅋㅋㅋ,1
142,8:20 8:20 마약 장면 ㅋㅋㅋㅋㅋ9:52 9:52,1
143,ㅋㅋㅋㅋㅋ감정이입ㅋㅋㅋㅋㅋ,1
144,SLC43AMG 를 타야지~~ㅋㅋ,1
145,탑기어 잡지에도 돈 많은 60대 한량이나 타는 차라고 말하는 찹니다.,1
146,slc사고 슈퍼카를 원하시네slk가 독일에서 고장없는차 1위입니다,1
147,인기없는 차는 뭐 다 이유가있는거죠,1
148,현기차로 치면 7단dct인건가..?,1
149,안전벨트가 꼬여있어서 .. 자꾸 눈이 벨트로 가요 ㅎ,1
150,그차 타니까 뭔가 있어보임ㅎ 왜 까는 이유를 영상 끝에 보구 알았다.....,2
151,마지막 ㅋㅋㅋ미틴ㅋㅋㅋ 처참하넼ㅋㅋㅋㅋ,2
152,6천 언더로 벤츠 컨버를 탈 수 있다? 삐쓩 빠쓩,1
153,벤츠..단수높여서 주행할때 편하게 만든건 좋은데...스포티한 차량에는 좀 다른것좀 넣어줬으면...솔직히 TCU만 제대로 된거 달아줘도 저러진 않을텐데..많이 아쉽죠..,1
154,6천만원+ 벤츠+로드스터+ 편안한승차감인데  뭘 더 바래  그럼 포르쉐끌던가 ㅉ,3
155,ㅋㅋㅋ형 이렇게 답답해하는거 처음봐요 ㅋㅋㅋㅋㅋ,1
156,마지막 보고 쉬프팅이 트럭보다 느린차같음,1
157,형 s2k 영상좀 많이 올려줘요,1
158,오늘 리뷰(?)는 노보스 에디션 느낌납니다,1
159,마지막에 패들시프트 탁탁탁탁탁탁탁탁탁 치는데 부우우우우우우우웅............... 붕..........  아 ㅋㅋㅋㅋㅋㅋㅋㅋㅋㅋㅋㅋ 웃기네 ㅋㅋㅋㅋㅋㅋㅋㅋ,1
160,무조건 벤츠라고 좋은 건 아닌 이유,1
161,2000년정도 일본 차정보는 어디서 알수있을까요,1
162,에이든은  Ford V Ferrari  봤나?  미국은 3주 전에 개봉했다는데.  여기는 오늘 개봉해서 보고 왔는데  베가스 쉘비 아메리칸 갔던 생각이 많이 나네.,1
163,화내는거 첨보네 ㅋㅋㅋ 정말 짜증이 전해져 느껴진다.,1
164,5:11 봐봥방 방방방~벤츠는 안타봐서 모르겠따..,1
165,에이든님 얼굴보니깐 좋네요,3
166,오옹 아퍼서 유튭 못 받는데 정밀 잼밌어요,1
167,정답은: 싸니깐 부속도 싼거지 ㅋ,1
168,형 사랑해,3
169,그 와중에 싫어요가 읎다,1
170,화가 나는게 느껴지네요....ㅋㅋ,1
171,현대도 똑같애요 ㅋㅋ,1
172,이형 개웃기네 ㅋㅋ,1
173,편집하시면서 또 화내셨을 것 같은 느낌이 든다  ㅋㅋ,2
174,벤츠는 amg 미만 패션카.,1
175,벤츠가 이영상을 싫어함니다,2
176,"1:06 기본형 램프같은데 전체적인 현상은 멋있지만  등화 구성이며 내부 모습이...못봐주겠다..특히 상향등,미등,깜빡이>전구로 된 부분이 너무 부각됨...Too ugly",1
177,다운쉬프팅 왜저러지... 마티즈 수동보다 변속반응이 느린거같네,1
178,원가절감. 내구성확보.,1
179,이차는 뚜껑 열고 여유롭게 달리는 차지 달리는 차가 아닙니다. 스포츠 주행을 원하면 amg를 타야죠.,2
180,review보다는 평가네요...,1
181,극공감 ㅋㅋㅋㅋ,3
182,본ㅇㄴ 차 어디가고.... 한눈을 파시는가요 형!,1
183,턱시도 차려입고 잭다니엘 병나발부는 독일형이네요,2
184,안전밸트 불편해요,1
185,텐션 ㄷ;,1
186,형님 r171 은 어떤 차인가요..?,1
187,박스터디자인... 근데 삼각별....ㅋㅋ,1
188,형 궁금한게 갑자기 생각났는데 콜벳C8 미국 출시 햇어?,1
189,안전벨트 꼬인거 나만 불편해..?,1
190,행님! 행님은 역시 올드카 똥차 가 어울리십니다.,1
191,너무 흥분해서 까는게 웃기다 ㅋㅋㅋㅋㅋㅋㅋㅋㅋ,2
192,이미 단종된 차에 화내봤자,1
193,형 안전벨트 나만계속 눈에밟혀?,1
194,ㅇㅈ이용 ㅠㅠ,1
195,이제 탑기어 같은데 ?누구의 차인가~,1
196,감정  전달이  확실하게  됩니다 ㅋ똥떵어리가  확실하군요 ㅎㅎㅎ,1
197,아니 SLC리뷰라뇨,1
198,형 화나따 화나따 ㅋㅋㅋㅋㅋㅋ,1
199,어떻게 렌트할 수 있나요?저도 렌트해 보려구요...,1
200,현대파워텍5단은웁니다.....,2
201,나도 벤츠타느니 mx5탐,1
202,차를 논하기전에 안전벨트나 똑바로 메시길...ㅡㅡ;,1
203,벤츠는 쉩이다... 메모...,1
204,와우!!! 트래쒸!!!!,1
205,스웩이느껴지는데 ㅋ,1
206,4분부터 개분노ㅋㅋㅋ,1
207,타겟층이 달라서겟죠ㅎ,1
208,형 성공한거야? 어?아 시승기 어ㅇㅇ,1
209,차라리 아우디ttrs타야겠다,1
210,그래서718s샀습니다,1
211,9:50패들쉬프트: 탁탁탁탁탁탁미션: 붕..........부웅........,66
212,요약 : 방방방방 이거 안좋다,10
213,slc 체어맨급 벤츠 사골 아닌가여?,1
214,7:27 요약 - 뚝배기,2
215,1:10 앞에 밑에 범퍼?가 좀 나갔네요;,1
216,Slc가 slk후속인가요?,1
217,이그 ㆍ타신차가 ㆍ미션이 고장난거같아요 ㆍ,1
218,뉴 컨탠츠야 형?? 잘볼게,1
219,벨트 꼬아서 끼면 위험한 순간에 안좋다 그러던데...,2
220,멀티태스킹 진짜 안되시네 ㅋㅋㅋㅋ서스 예기하는데 트랜스미션 ㅋㅋㅋㅋㅋ,2
221,나는 아적꺼정 물건너온 차는 안타봐서리원 .... 패션카로는 괜챦아 보이긴 하누만 빤스차도 불량품이 인는가보네 ... 에구 난 국산차나 열심히 타야긋다,1
222,탑기어 출연하는거 어떤가요?ㅎ,1
223,원래 차이름이  slk였는데...말씀하시네 (머쓱),1
224,저러다가 다음엔 본사까지 찾아가것네 ㅋ,1
225,인트로 보고 그래픽안좋은 게임인줄,1
226,이차는 말이죠 똥덩어리에요 똥!덩!!어!!!리!!!!!지금까지 에이든의 탑기어 였습니다 ㅋㅋㅋ,1
227,미쳤네.,2
228,형 벨트꼬인거 불편해요~,1
229,amg가아닌데 뭘바람?,3
230,에이든 에이 왓섭!! 오랫만인듯 ㅋ,1
231,후반영상보니....제대로 미션이 멍청이로 보이네요..;;,1
232,하...ㅡㅜ 오늘 이거 계약하구 왔는데  ㅠㅠ,1
233,미아탸는 ㅋㅋㅋㅋ킹정이지,1
234,에이든님 노말버젼 타신듯요~~AMG 어메이징 타야지요~~^^;;S2000타면서 Slc 노말을 타면;;;;너무 하셨습니다~~~,1
235,선댓글 후감상!!,4
236,유튭판 제레미 클락슨,1
237,와...,1
238,차는 bmw,1
239,형 화낼때 스눕독이 랩하는거 같아요...,1
240,마니 흥분하셨네 ㅋㅋㅋㅋㅋㅋㅋㅋ,1
241,그차타니까 이상해?? 당신같지않아!!,1
242,랩 하듯이 쏟아낸다,2
243,Seatbelt is bothering me.,1
244,아....저건 쫌,1
245,형.. 저 e클 타는데 진짜 19년 e클도 솔직히 안좋아요. 스포츠 플러스 기어렉? 개심하고 딱히 정숙한것도아니고 승차감도 어머니 차 제네시스보다 떨어지고; 21살에 벤츠타면 뭔가 성공? 한거같다 생각해서 샀는데 강남에 택시보다 많아요.. 참고로 다 제돈으로 차량샀고 보험 다 제가냅니다. 혹시 불편러 있으시면 그냥 지나가세요~ 용돈은 중2때부터 끊겼습니다.,1
246,방방 방밴츠를 빤츠로 만들었군요,1
247,벨트꼬인거 거슬린다ㅋㅋ,1
248,,1
249,승차감,1
250,갬성차구만,1
251,대계 아이드 님이랑 어울리네요,1
252,트랜스미션 바꿀수없나?,1
253,개빡쳣네 ㅎㅎ,1
254,8:47 저는 영국남.... 아 이게 아닌가?,1
255,형님 이번에 선셋GT 가셨습니까?? https://youtu.be/RPMdQ2ZRkMc,1
256,진짜 이 라인은 빨리 폐기해야함. 디자인이랑 성능개선도 너무 안하면서 과거 명성으로 팔려고 남겨둔 모델 같음.,2
257,ㅋㅋㅋㅋ 꿀잼 허니잼 ㅎㅎ^^ 저는왜 하트안주나여  시원섭섭,2
258,ㅋㅋㅋ똥덩어리 ㅋㅋㅋ,1
259,미션 개빡나네 ㅡ ㅡ 어우 토나와,1
260,선댓후감상,2
261,다임러판 보령밋션,1
262,트랜스미션을이따위로 만들어가지고,1
263,욕을 먹더니 밀린 영상 연달아 올리네요주3회 공약 못지키면 미리 코멘트 하나 남김뭐라 하는 사람 아마 아무도 없을겁니다초심을 잃지 맙시다,1
264,8:45 ??? : 제 이름은 조쉬이구요. 전 영국남자예요.,14
265,인트로에 ayo~ 다음에 뭐라구하는거에요..?,1
266,머셀덱스벤쓰,1
267,극대노ㅋㅋㅋㅋㅋㅋㅋㅋ,1
268,형이제 부자된거야??,1
269,멕라렌이 트랜스미션이 쓰래기임,2
270,에이든님이 말하는 똥덩어리 = piece of sheet,1
271,222222형오랸만에 뜨자마자 왔어,2
272,3:35 pile of shxt 이라는 거지 형? ㅋㅋㅋㅋ,1
273,SLC뿐만 아니라 모든 벤츠가 미션이 저래요 ㅋㅋㅋㅋㅋ SLS 타보면 그냥 엄청 빠른 병신미션이구나 하실거예요 ㅋㅋㅋㅋ 물론 좀 낫긴해요 ㅋ,1
274,렌터카리뷰는 좀 아닌듯 합니다 이사람저사람 손탄차가 제대로 리뷰가될수가없죠특히나 트랜스미션 딱히관심도 없는차이지만..,1
275,신개념 극대노 리뷰,1
276,ㅋㅋ,2
277,한글 배우고 올려라. 듣기 ㅈㄴ 거북하다.,1
278,그차살돈으로 콜벳 c8 산다 ㅋㅋ,1
279,4:32 이시국에?,2
280,안녕하세요,1
281,오,1
282,1,1
283,ㅂS,1
284,한국  시골에 사는  차쟁이입니다에이든님  첨부터 지금까지계속시청한  애독자구요뭔가  한국의 노보스채널과 모트라인채널에  향기가 나서  속상합니다이런분위기에  채널  아니시잖아요여기저기  까대는  채널들  많습니다평소처럼  좋은차보며  와!~  하고후진건  쉣더뻑하며  넘겨버리고 헬라플러쉬와  제이디엠스탈  예뻐하고  미국에 자가정비 자동차문화도 보여주고 했던  차쟁이들에  리뷰를  계속해주세요제품 까는 리뷰는  널리고 널렸어요우리들 그런거보면  굵은 욕한마디로  쳐다보지않자나요리뷰만드시느라 고생하셨는데에이든님동영상올라와서 바로클릭하고 보는데...  속이좀  상하더라구요쓴소리죄송하고  더좋은  카라이프들  많으니  즐기시며  영상올려주시면  열심히  구독하겠습니다영상들 감사합니다,2
285,흔하지 않으니 뭐지 하고 봤다가 좀 아는 사람들은 병신같은차를 샀네 하고 생각하죠. 돈은 없는데 좀 보여주고 싶어서 샀나보네 하는차.,1
286,와우.. 예상못했던 . . 까임이. . ㅋㅋ 최신의! !  버바팀 무선기를 회사에 홍보물품으로 추천했어요 ~ 많은 수량은 아니지만 승인 떨어지면 구매할것같아요 ㅎㅎ 모트라인 앞으로도 파이팅하세요 ! 까만형 푸사장님도 파이팅 !,2
287,SLC43 타고 있는데..정말 가루가 되어버렸네요ㅋㅋ공감하는부분도 많지만 하드탑2인승 로드스터 선택에 있어 SL을 제외하면 선택권이 없는게 안타깝습니다..그 위로는 가격이 넘사벽이라ㅠ 개인성향의 차이가 있어서 정답은 없는것 같네요ㅎㅎ 리뷰 감사히 잘 보았습니다!,27
288,리뷰 잘 봤습니다.와인딩할때 뚜껑을 열고 닫고의 차이를 리뷰해주셨으면 좋았을텐데 아쉽네요 정말 궁금했는데 하드탑이라서 무게이동이 꽤 있을 것 같아서..시트에서 소리나는 것은 범스님이 타면서 시트뒤 벽에 닿아서 그렇습니다. 벽에 닿으면 자동으로 앞으로 가게 돼있는데 아슬아슬하게 안닿는 상태에서 범스님이 타니까 닿아서 소리나는 겁니다. 시트를 앞으로 살짝 밀거나 등받이를 살짝 올리면 안닿아서 안날겁니다. 그리고 오픈할때 헤드레스트 뒤에 있는 윈드디플렉터를 접고 타고 계시네요.. 창문 뒤에 쪽창문(쿼터글래스)도 내리고 타시네요.. 그러니 바람이 많이 들이닥치죠.. ㅎㅎ올드카인건 맞는데 사실 오너 입장에서는 slc/slk 만한 차가 없어요. 1억 미만에서 하드탑에 배기음에 각종 안전장비에 에어스카프 달린 편안한게 탈 수 있는 로드스터.. 없습니다.. ㅠㅠ운동성능이 그다지 크게 중요하지 않은 사람에겐 좋은 선택인것 같습니다.거기다 단종된다고 하니 그냥 희소성? 도 있는 것 같구요.암튼 잘봤습니다.,6
289,이전에 SLK55 AMG를 아버지하고 같이 시승을 해본적 있었는데 한여름이었음에도 뚜껑을 열고 달리는 오픈 에어링의 감성과 조금더 사이즈가 큰 배기량의 배기음을 들으며 달리는 기분이 아주 짜릿했던 경험이었던 기억이 있긴 하네요 ㅋㅋㅋ,4
290,리뷰도 좋고 차도 좋고...  곧 절판 된다고 하니 아쉽네요.  첫 데뷔 후 20년이 지났지만 한번 사보지를 못하고 지났습니다.  그 모든 것을  이 리뷰로 아쉬움을 달래고 보낼려고 합니다.,26
291,이런 솔직한 리뷰 너무 좋습니다 까만형 최고에요~~~ 항상 좋은영상 감사드립니다,3
292,요즘 영상이 전체적으로 아쉬운느낌 저만 드나요...까만형 초창기때 비교하면 뭔가 영상이 단조로워지는거 같아요 개인적인 생각입니다 항상 고생하시는 편집자분 감사하고 모트라인 빠이팅,5
293,전모델 R172 slk 55amg 탔었습니다 응삼이랑 씨육삼도 타보고 했지만 개인적으론 전 너무나 만족했던 차량입니다 일단 차체가 큰 차를 선호하지도 않기도 하지만 개인적으론 작은 너무 딱 취향이었던 차였습니다일단 잘나가고 잘 섰습니다 솔직히 일반 도로에서 그렇게까지 한계를 느낄만큼 스포츠성을 테스트 할수 있을지도 의문이지만 일반적인 차를 모는 느낌에선 더할나위 없이 좋았네요 당시에도 주변에선 이건 벤츠가 아니다 등 까이는 말을 많이 들었지만 개인적으론 너무 만족했던 차량이었기에 재차 강조합니다 지금 바뀐 모델은 마력도 내려갔고 사실 잘 모르겠네요참고 하실분들을 위해 글 남깁니다,4
294,"3세대 출시때무터 이미 당시 타리뷰에서도 3세대가 아니라 2.5세대같다는 말이 나왔습니다, 그리고 10년이 흘렀죠. 이름과 디자인만 바꾼 페이스리프트버전인데 좋은 말이 나온다면 페리제작 개발진은 연금술사죠. 이정도면 꽤 인내심을 가지고 만든 리뷰라고 생각합니다. 새차를 추천하지 않는 물건이고, 굳이 산다고 하면 스포츠성보다는 편하게 타는 오픈카라고 생각하시는 게 마음편해요.",1
295,SLC43오너입니다.. 서스 빼곤 개인적으론 만족하고 타고 있습니다!  예전에 모터리언에선 괜찮은 평을 받았습니다...그리고 SLK시리즈는 잔고장 없기로 유명한 차입니다.. 차는 개인차가 많으니 직접 타보고 선택하시길 바래요~ 아 그리고 어짜피 차는 단종되었으니 신차는 구입 못하세요~,10
296,까만형 차 타다가 이렇게 화난 거 처음 보네요 ㅎㅎㅎ 시승기 시승 잘 하고 갑니다 ♡,1
297,"컨버터블은 적당한 오픈에어링과 크루징이 주가 되야합니다... 저도 소탑하드탑 여러개 타봤지만 z4, 박스터 빼고는 밟고 돌리면 날아갑니다...",1
298,까만형 리뷰에 전적으로 공감이 가는군요. AMG 이름에 먹칠만 하는 최악의 모델!! 인정 합니다.,2
299,저는 SM6 타다가 처음 SLC200으로 차를 바꿨는데 비교군이 없어서 만족스러웠던 거군요 ㅋㅋㅋㅋ. 좋은차 많이 타보신 분들은 SLC가 별로이신가봐요 ㅜㅜ,5
300,2000년 초반에 Slk 정말  멋진 차였는데 ㅎ 추억돋네용,2
301,이러나 저러나. 이렇게. 솔직한 리뷰 정말마음에 들어요~~~잘보고있습니다.   응원할게요~~,2
302,벤츠의 오픈카라는 메리트 말곤 없는 차인것 같네요..2세대 slk가 정말 역대급이었는데..한편으로 씁쓸하기도..,7
303,와~ 진짜 가루가됐네요 전 처음에 SL이랑 헷갈려서 이게 그렇게나 안좋다고? 했는데 SLC였네요 ㅎㅎ,1
304,해외 리뷰들 보면 SLC로 오면서 의외로 한계 핸들링 성능이 많이 좋아졌다는 이야기도 있어서 써킷 리뷰를 기대했는데... 생략되어서 아쉽네요 ^^;;,4
305,점점 퀄리티는좋아지는데 보는시간이 짧아져서 아쉽네요그래도 모트라인 항상퐈이팅,2
306,잘 봤습니다 기회 되시면 요즈음 가스차에 관심이 많은데 소나타 lpg 출시되면 sm7 lpg  sm6 lpg랑 비교시승하면 인기많을거 같네요,1
307,소탑으로만 바꿔도 최소 100kg는 감량될텐데차의 거동이 약간 2000년대 초반에 나온 국산 차들 같네요,5
308,분량 채운다고 고생하셨어요^^. 잘 봤습니다.,1
309,신랄하게 까버렸네ㄷㄷㄷ 까만형 차타면서 화난건또 첨인듯ㄷㄷㄷ희귀차량 리뷰잘보고 갑니닷!담주를 기다리며~ 모트라인가즈아,2
310,제 로망은 무조건 sl63 amgS63 카브리는 너무 재미없고 slc는 너무 아쉽고다른 클래스는 좀 애매하고 그래서 하드탑에다 성능도 줫나 좋지Amg 드라이빙 아카데미 다녀오신 분들은 트랙에서 가장 안정적이고 코너가 좋은건 amg gt가 아닌 sl이라고 하네요,3
311,이번에도 잘 보고 갑니다~~그리고 또 다른 승리 축하!!!,2
312,역시 모트라인 선추천후감상~!갈수록 영상미가 ㅎㄷㄷ,6
313,SLC 43  중고 매물 보고 있습니다. 관심 많은 차입니다.좋은 리뷰 감사드립니다.  역시 718 갑이네요새로나오는 Z4 도 리뷰부탁드려요  감사합니다.,3
314,카만형 리뷰중 가장 많이 까이고 한숨과 헛웃음이 역대급이네요 ㅋ,1
315,이젠 slc말고 하드탑은 없다!!,4
316,벤츠의 어두운 역사 하나가 추가되는 시승기네요...,1
317,리뷰 잘 봤습니다. Slc43amg 오너입니다만 흥미로운 리뷰였네요. 차가 잘달리고 잘 서는거 잘 해야죠 그래야 차죠~ 이 부분에서는 저도 이견이 없습니다만 차를 타고 일상을 즐기는 사람들이라면 차를 그런 관점에서만 차를 고르고 돈을 지불하진 않잖아요..? 분명히 그 차가 가지고 있는 이미지와 성능 가격 등등을 종합적으로 생각해서 개인의 취향에 따라 고르실꺼에요~^^ 잘달리고 재미있는 차를 저렴하게 사려면 벨로스터N을 사야하겠지만 이런저런 이유로 미니를 고르시는 분들이 계시는 것처럼요.. 그런 관점에서 저는 이차에 매우 만족하고 있어요~^^ 신형 z4 도 시승해봤는데요. 저같으면 아무리 구형이어도 slc43amg 를 고를것 같네요. 잘봤습니다~^^,10
318,그나마 페이스리프트 되면서 외관은 나아졌는데... 저 실내... 아무리 비위가 좋아도 저 실내 디자인 때문에라도 절대 못 타는 차. 도대체 벤츠가 왜 저렇게 디자인을 했는지 지금도 의문이다. 그동안 너무 많은 수익을 올려서 한동안 경쟁사를 밀어주기 위해 마음 먹고 디자인 개망쳐놓은건가란 생각을 들 정도.,4
319,진실성있는 리뷰 감사합니다,2
320,차가 얼마나 안좋으면 범스형이 저정도로 ... ㄷㄷ오히려 너무 까이니까 궁굼하네요 !!하드탑인게 부러운 모델이죠 SLC 43,2
321,항상 잘보고 있습니다~^^,2
322,그래도 꾸준히 구독자 늘고있네ㅎㅎ 좋습니다.,1
323,잘봤습니다 ^^ 까만형 싸인감사해요^^,2
324,정직한 리뷰. 재밌었어요.,2
325,영상 재미있게 잘 봤습니다~!,2
326,완벽한무게배분에~무거운느낌 안정감있어요.,1
327,모트라인과 노보스는 페라리와 람보르기니의 역사를 보는 듯 하다두 회사가 앞으로 나아갈길이다,1
328,미니 SLR이였던 2세대 SLK가 정점을 찍고 그이후론 말아먹은 SLK.....,1
329,모든 사람이 까도 저는 능력이 없어 그냥 부럽기만 합니다. ㅠㅠ차주님 부럽습니다.,2
330,까만형 리뷰하면서 화난적은 처음인거 같아요ㅋㅋ 보통 차가 아니라 AMG라는 브랜드에 애착이 있는 상태에서 그 기준을 두고 리뷰해서 그런거 같네요,6
331,9천이면... 718 노말 최소옵션 사는게 훨씬 나을가요? 마력으로는 노말이 300마력이라 낮지만 무게가 가벼우니 어떨가요 전문가님들..선상에 있던 차량인데 ㅠㅠ,1
332,ㅋㅋㅋ차넘 잘나가고 조아요~~,2
333,차량 수리 맡기고 대차로 타봤는데까만행님 말대로 시트 겁나 삐그덕 거리고불안불안 합니다 승차감은 로드스터다 보니구런가보다 하고 뚜따 하고 배기음 들으면서타기만? 좋은차인듯해여,1
334,ㅋㅋ 진짜 까만형이 이렇게까지 짜증내고 까는 차는 이차가 처음인것 같다.,2
335,와 이랗게 전력으로 까는 까만형 처음봐요.,3
336,SLC가 가루가 된날... ㅋㅋㅋ 재밌게 잘 봤습니다!!!,5
337,ㅋㅋㅋㅋ벤츠가 점점 패션카의길을 가는듯,3
338,흠...입문 amg인 43amg라지만 그래도 2인승로드스터 amg인데 무거운 느낌이면좀 많이 아닌건데...,4
339,"이번영상 요약 : 박스터사세요, 끝.모트라인 항상응원합니다!",5
340,현대차인줄 실내칭찬이 더 많네요 ㅋㅋㅋㅋ 로망이었는데 명치때리셨넼ㅋㅋ,10
341,오픈카는 포르쉐부터(박스터 제외) 라는 말이 있죠... m이나 63 amg 까지는 인정합니다. 속도가 나오니.  남들 눈엔 그냥 독일3사 가지고 애쓴다 이정도 일수도 있겠지만요. 물론 전 독일3사 존나 좋아합니다.,1
342,보통 저런차는 본격 스포츠성이나 펀드라이빙을 추구하는 사람들이 아닌 뚜껑을 열리는 고급 외제차를 타는 그 자체에 만족하는 분들이 사는지라..ㅎㅎ,5
343,"저도 slc 차주이지만.,. 이정도로 까이다니 ㅎㅎ 일부 공감되는 부분은 있지만 씁쓸하네요..ㅎㅎ실내디자인은 차주인 저에게도 제일 큰 아쉬움이고 스포츠카가 스포츠카답지 않은듯한 느낌적인 느낌을 주는것도 일부 공감이 되네요 ㅎㅎ전 외부 디자인과 1억이하 하드탑 로드스터 마지막으로 고속주행과 와인딩을 즐기지도 않고 벤츠라는 브랜드를 좋아하는 마음에 이차를 선택하고  여유로운 마음으로 타면서 아주 만족하며 타고있어요.그렇다고 치고 나갈때 못나가는것도 아니고원래 오픈하고 탈때는 중저속으로 느긋한 드라이빙이 진리입죠.너무 까여서 가슴 아픕니다...에구구 ㅋㅋㅋ",12
344,요즘 편집 좋네요 보기도 편하고,3
345,Slk 가지고 있는데 거의 똑같이 생겼네요 ㅎㅎ,1
346,항상 응원과 격려를 보냅니다.,1
347,amg면요 amg 답게 만들라는 부분 왤케 조진웅 행님 같으실까요 ㅋㅋㅋㅋㅋㅋ,2
348,E400카브리 신형 오너임.. 차가 너무좋아 출퇴근시간이 하루일상에서 제일 즐거운시간^^,5
349,"솔까 하드하게 째는차가아니라..투어러 성향이 짙은차같던데..박스터,slc 비교대상일지라도 서로 성향이 많이 다른듯한데..",6
350,이럴거면 그냥 4기통터보로 다운하고 다른곳을 개선하는게 낫다고느껴짐...,1
351,slc는 아니고 slk랑 e89 z4를 고민하다가 z4를 구입해 타고있는 차주입니다. slk 때도 직접 타보면 z4가 비교도 안되게 재미있어서 뒤도 안돌아보고 선택했었지요ㅎㅎ 차를 고르는 기준은 사람마다 다 다르겠지만 적어도 운전 재미에 있어서는 z4가 압승이었습니다.,1
352,그냥젊은사람들 sls대신 재미라도느껴라라고 나온차를 진지하게 리뷰하시니 젊은친구들 의기소침..,1
353,모트라인 화이팅 까만형화이팅,2
354,벤츠본사에 항의나 건의편지 작성해 개선해야하는 점들 요목조목 알려주세요,2
355,차는 이쁜거 같은데 얼마나 별로면 ㅠㅠㅠ,2
356,왠지모르게 이 형 리뷰 맘에든다..,1
357,굿굿 보기좋으다!!진행매끄럽️,2
358,벤츠 안에서도 뭔가 버려지고 벤츠도 포기한 것 같은 차,1
359,서로  개싸움할때  졸  잼입니다윤대표님  지난번 처럼  개인체널로  욕하고  으르렁  거릴때  팝콘먹으며  이쪽 저쪽  봤는데  동영상  없으니깐  넘  심심해요  개싸움  다시 해주세요  화이팅,10
360,중고 2500에 사면좋은차군요,2
361,역시 까만형의 모트라인의 리뷰는 정통 자동차 리뷰!!,3
362,잘봤습니다^^,1
363,제 드림카인데 엄청 까이네요 ㅠ 역시 하드탑은 무리인걸까요 소프트탑은 관리할 자신이 없는데,2
364,저거 판 딜러는 다른 딜러 들에게 박수 한번 받았을 듯.   slc를 팔다니,5
365,모트라인 역사상 먼지가 되도록 까인차 등극한거 같네요 ㅋamg가 패션카라니....,1
366,"이차의 목적 : 소형로드스터 붐이 일었을 때, 소형GT카 라는 영역을 개척함...(의도가 그것밖에 해석이 안됨)",1
367,ㅋㅋㅋㅋㅋㅋㅋ역대급 트레쉬카,1
368,SLC는 엄청 유명하죠 다좋은데 트랜스미션이 역대급 개쓰레기란걸,2
369,직빨은 포르쉐보다 좋아요 난 최고의 이예요 난 내차라서가아니라 넘만족해요~~,1
370,혹시 아우디 tt도 리뷰해주실 수 있나요ㅎㅎㅎㅎ,1
371,배기음 중저음 넘매력적입니다.,1
372,실제로 보면 넘나 이뿐고,19
373,근데 김범훈씨도 점점 노사장화가 되는 느낌이 들어서 안타깝네요ㅠㅠ언더 로어바디가 10년전꺼인것은안타깝지만 좀더 객관적으로 설명해주셨으면ㅠ,5
374,10:28 휠하우스쪽 도장벗겨짐 맴찢 ㅜㅜ,19
375,넘매력있는차는 맞는데... 아쉽네요 ㅠㅠ,2
376,내가 할 수 있는건 광고 스킵하지 않고 다 봐주는것뿐..ㅋㅋㅋㅋ,26
377,××××: 코너링 한번 타보고조금 차 한번 타봤다고 지오메트리 운운하지마세욧!!! 연구진들을 모욕하는일입니다!! 옆에있는 쓸떼없는 여자: 넹!! 맞습니당~~,2
378,모트라인 다시 날자~,21
379,깊은 빡침이 느껴집니다 ㅎ,5
380,차주입니다...ㅋㅋㅋㅋ가루가되었네요 제가 예전부터 로망이었던차라 718박스터랑 고민중에 금액적인부분과 실용적인부분의 타협으로 slc를선택하고 올현찰박고 샀는데 아쉽네요 그래도 저는 만족하고탑니다! 잘나가주고 잘서니깐요 ㅎㅎ저같이 로드스터 선택길로에 놓이신분들이 꽤있으실텐데 z4 718박스터 slc f타입 이 넷중에 처음에 고민많이했어요 일단 첫번째 기준은 하드탑이어야했고 (z4가 하드로나왔으면 아마z4샀을지도.. 그래서 바로z4는패스) f타입은 재규어랜드로버 잔고장이 너무무서워서패스...박스터는 소프트탑이지만 일단 워낙좋은차로 유명하니깐요 두개로좁혀진상황에서 여기선 두번째로 금액을 생각하게되더라구요신차를뽑아야하는입장에서 박스터는 쓸만한옵션갖다붙히면 1억2~3천되더라구요 차는좋은데 옵션구린건 정말싫거든요 억소리나는차에서 동승자를태웠는데 시트를 수동으로땡기는 그민망함이란...어쨋든  안전장비 기본적인편의장비등등했을때가격대비 slc로 좀더마음이 기울었어요배기음도 좀더 제스타일이고..주관적이지만 외관은 롱노즈숏테크가 제스타일이라 또한몫했었구요 남는차액으로는 바이크구매하려고했었는데 시간이좀지난 저번주에 바이크계약을했네요ㅋㅋ결론은 많이까였지만 저는 나름만족스럽게 타고다녀요  타는사람마다  다똑같게 느끼지는않으니 여러분들 너무안좋다라고만 생각하진마세요!ㅋㅋ다음차는 amg gt로 갈예정입니다!,360
381,"모트라인 애청자로서 댓글을 달아봅니다. 모트라인을 좋아하는 이유가 김범훈 선수의 전문성과 차에 대한 열정을 알기에 좋아한다고 생각합니다.  그런데 이번 리뷰는 객관성과 전문성을 벗어나서 개인적인 차에 대한 선호도만을 일방적으로 나열해서 보는내내 불편했습니다. 1. 옛날 차대의 헐렁헐렁한 느낌 : 예전 차는 차량 세팅을 어떻게했고 최근에 차들은 어떤 세팅을해서 이런점이 운전중에 드러나서 그러한 느낌을 말해줘야 보는이가 정보를 받아들이는데...차의 세팅과 주행거리, 타이어나 기타 어떤 것들이 변했는지 알지 못하는 상태에서 그러한 느낌을 말할때 공감이 안되었습니다. 2. 지오메트리 : 서스펜션의 지오메트리는 엄청 심오하고도 어렵습니다. 가령, 똑같은 차량의 서스펜션 지오메트리를 공차 범위를 5%만 변하게 설계를 하더라도 차량은 완전 다르게 세팅할 수 있습니다. 국산차량들이 독일차들과 비교할 때 공차 관리가 타이트하지 못해서 품질의 편차가 크게 느껴질때가 많습니다. 그리고 더블위시본의 형상과 굵기, 소재의 변화, 부싱 강성으로 얼마든지 다르게 세팅가능하다는 것은 레이서로 더 잘 알고 있을거라 판단됩니다.    3. 차량 선택의 관점 : 차주님의 댓글을 보니 차주님이 차량을 선택하는 이유는 명확해 보였습니다. 하드탑과 가격적인 면을 고려해서 선택한 차주의 니즈를 생각해서 차량을 평가했다면 더욱 좋은 리뷰가 되지 않았나 생각됩니다. 박스터처럼 무조건 잘 달리는차가 좋은것만이 아닌 차량을 보는 관점에 따라서 차의 성격이나 특성을 반영해서 리뷰를 했으면 하는 바람입니다. 끝으로 이렇게 장문의 글을 남기는 이유는 앞으로 더 전문적이고 객관성있는 리뷰를 계속해서 보기를 원하기 때문입니다. 감사합니다.",30
382,그냥 패션카네 .  브랜드밸류로 적당히 잘 팔리겠다.  여성오너들이 선호하겠다.   달리는 차는 아니라는 결론.  리뷰잘보았습니다.  이분 리뷰는 신뢰감이 감.    벤츠도 아주 영리하게 장사를 잘 해먹네.   신발로 친다면 나이키  =  benz퍼포먼스는 아이다스  = bmw선수들이 인정하는 아식스  =  subaru,2
383,와 리뷰해주시는분 조진웅 느낌 물씬~,2
384,"SLC 43 AMG 차주입니다. 우선 리뷰 잘 봤습니다.메인카로 S7을 타고 있어서, 세컨카로 로드스터를 알아보니까 최신차량 중에서는 박스터S 와 SLC 43 AMG로 좁혀지더군요.제가 최종적으로 SLC 43 AMG를 선택한 이유는, 우선 소프트탑보다는 하드탑이 내구성면에서나 소음부분에서 훨씬 나은걸 경험했기 때문이구요.두번째는 제가 메인카를 8기통을 타고 있어서인지 모르겠지만 배기량,기통수는 정말 깡패라고 생각합니다. 그래서 제아무리 포르쉐라도 4기통은 타기 싫더군요.세번째는 옵션입니다. 리뷰에서 전혀 다루지 않은 부분이 있는데 SLC 43 AMG에는 어댑티브 크루즈컨트롤, 충돌경보&자동제동장치, 사각지대경보시스템, 어텐션어시스트, 프리세이프, LED인텔리전트 라이트, 에어스카프, 에어가이드, 매직스카이컨트롤 등등 박스터에는 들어가있지 않은 최신편의사항과 안전옵션들이 대거 들어가 있습니다.물론 운동성능으로만 본다면 박스터가 월등히 앞선다는건 누구나 다 아는 사실이죠. 하지만 뚜껑이 열리는 로드스터를 가지고 주구장창 써킷만 달릴것도 아니고, 하드코어한 스포츠주행만 하는건 아니잖아요. 저 또한 그렇게만 할 거 같으면 애초에 뚜껑열리는 로드스터가 아니라 그냥 잘달리는 쿠페를 생각했겠죠.로드스터를 구매하려고 하는 분들은 적당히 오픈에어링을 즐기고, 한번쯤은 데일리카처럼 편하게 타면서 근거리 여행도 가고, 또 가끔은 뚜껑열고 상쾌한 바람쐬면서 산길에서 가볍게 와인딩 뛰는 정도로 생각하고 구매를 하려는 분들이 대부분이라고 생각합니다.리뷰에서 지적한것처럼 SLC는 구형 플랫폼에, 구형 지오메트리를 가지고 있기때문에 요새 나오는 신형AMG의 그런 운동성능을 구현해낼 순 없겠지요. 맞는 말입니다.하지만 SLC는 어쩌면 벤츠의 마지막 하드탑 로드스터 모델로 기억될 역사적인 차량이기도 합니다. 이러한 점을 리뷰에서 언급해줬으면 참 좋았을텐데 그런부분은 아쉽기도 하네요.리뷰를 하실때는 차량의 성격과 특성에 맞게 전체적인 관점에서 평가를 해주셨으면 합니다^^아무튼 SLC 43 AMG 국내리뷰는 정말 보기힘든데 시간내어 리뷰해주셔서 잘 봤습니다.",24
385,싼타페도 재업해주세요!!,1
386,8개월전 영상이지만slc43amg 시승해보고 계약까지 할뻔했다가시승했던 날 저녁에 친구 718박스터s시승해보고 x발 x될뻔 했네를 느끼고여전히 지나가는 slc&slk 보면서x될뻔했다고 참 다행이다 생각합니다.현재는 718박스터 2년넘게 만족하며 타는중!여러분 스포츠카 살 계획이면 몇천 더 보태더라도평 좋은거 타십쇼 순간 가격 따지다가차 타는 내내 후회할겁니다.,2
387,"차량이 갖는 컨셉은 무시하고, 너무 달리기위주로 하여 까는듯 해  안타깝네요. 마치 할리바이크를 가지고 R차와 비교하며 모든 성능이 꽝이다 하는식의 일방적인 리뷰와 까만형의 다른 리뷰와 비교시 조금은 비아냥 거리는 듯 한 말투로 보여 객관성이 떨어져 보이네요~ 부연 설명을 하자면 하드탑이 갖는 특성과 오픈시 무게의 중심이동이라든지 등등 여러가지의 소탑과 하드탑의 비교등 구체적인 리뷰를 기대하였는데.....",11
388,2인승 로드스터에서 완전 저 가격대에 라이벌이 누가있죠...? Z4가 유일한거 같은데,1
389,차 좋네요  어느정도  까시려고 영상 만드신 티가 좀 나네요  그걸 감안하고 걸러서 리뷰 해석하겠습니다 고속안정성 안좋다는건 인정못하겠습니다 저는 벤츠중에 고속안정성 안좋은차 단 한개도 못봤습니다  벤츠는 무조건 고속안정성은 먹고감   고속안정성좋지 잘나가지  코너에서 회두성좋지   끝내주는 배기음에 팝콘까지 있지  이만하면 된거죠 하드탑이라 Z4나 박스터보단 경쾌한 감각은 떨어지지만 대신 전복사고때 훨씬 안전하죠   그리고요  휠베이스 짧은 로드스터면요 분명히 일반 차랑 다른 재밌는 거동의 느낌도 분명히 있습니다 이부분까지 더해졌는데 과연 별로일까요? 실내가 살짝 촌스러운 부분도 있다는거 과거 전화기같은 부분 그건 인정,11
390,난 넘나 만족하면서 아직 타고 있는데..ㅎㅎ,1
391,얼마나 좋은차를 타시길래.. 그럼이차는 장점이 없나요?ㅎ국산차타는 저에겐 드림카고 타보니 너무나도 좋던데..,1
392,응원합니다진실은 이깁니다,2
393,가성비넘조아요.,1
394,예전 55amg가 차라리 다 나을라나요 흠,3
395,시트가 다였으니 소리가 나죠 ㅋㅋㅋ,4
396,너무 감정적으로 까신듯한 기분도 드는 영상이였어욤 ㅎ 다른 영상은 이렇진 않았는데 ㅎㅎ,7
397,"실소유 2년 차 입니다. 너무 까기만하는 유튭임, 박스터에 밀려 당연 2등 로드스터임. 그러나 어느 부분에서는 박스터보다 좋음. 장점1. 하드탑 , 자동 세차가능 관리 편함보증 연장만 해두면 소탑 대비 대만족2. 제 위치에 있는 멀쩡한 컵홀더 3. 나름 쓸만한 트렁크 4. 벤츠 나름 마크빨 ㄱㅊ5. 희소한 컨버터블 6. 에어스카프 , 한겨울 뚜따 ㅆㄱㄴ단점1. 내부 디자인 올드함 2. 차가 박스터 대비 작음 3. 하드탑 잡소리 4. 박스터에 밀리는 2인자 5. 순정 윈드 디플렉터 6. Slk 55에 iwc 없음 결론981 718 중고 살바엔Slc 43 사는게 개이득 감가 다 쳐먹은 상황이라 개꿀띠임",2
398,확실히 1억초반이하는 bmw...,5
399,박스터에비하면 당연히.. 주행성능이나 모든부분에서 부족하지않을까싶네요 다만 하드탑이고 연비도 나쁘지않고 메인터넌스측면에서 좋은평을 받는게 멜세데스아닐까합니다. 저는 더 가루가 되도록 까이는 렉서스 컨버를 타고있는데.. r172보다 더 안나가지만 더조용해서만족합니다. 사실 일반인들이 오픈하고 130이상밟기어렵고 닫아도 끽해야 200인데..ㅎㅎ 오픈감성과 편한 유지보수로 타는차가 아닐까싶어요,3
400,윈드디플렉터가 안올라오나요? 그것만 올라와도 저렇게 모자가 날아갈 정도는 아닐텐데,1
401,딱 내스타일인데ㅎ 어차피 운전 살살하고 뚜껑만 열리면 만족함.   이제 9천만원만 있으면 살수있겠다,1
402,이렇게 까신적이 없었는데.... 벤츠가 잘못했네....,1
403,제가   2세대 모델부터  slk55  sls43 타는데요 ㅋㅋㅋ  ㅋ물론 지금 타고 있지만ㅋㅋ그냥  차입니다 그냥  감성 으로 타는 차입니다,3
404,인테리어가 너무 구형인거빼곤 괜찮은데ㅜㅜ,2
405,고객님의 뚜껑을 열어드리겠습니다 ^^   benz,8
406,이것만 최악은 아닌듯,1
407,SLC 180으로 리뷰 했어야 하는 거 아닌가요? 그게 더 가벼운데....,1
408,와 ㅋ 김범훈 선수가 이렇게 까는건 처음이네요,15
409,준다면 탈 의향있습니다,2
410,트랙이 빠진건 좀 아쉽네요.,3
411,리뷰어가 저날 안좋은 일이 있었나 보내요.,1
412,혹시 운전석 타신분 신장이 어떻게 되시나요 ?,1
413,본진인가 뭔가또 누구돈으로 했을지 참 기가찹니다,9
414,경량항공기자격증딸려고 공부할때 경량항공기 주인인아저씨가 구형slk55amg타고오셨을때가 오픈카를첨타본기억있네요 그땐 너무좋았는데ㅋㅋㅋ,2
415,SL 리뷰 궁금하네요,1
416,여긴 무슨 교주 모시듯하네~  리뷰가 곧 정답인듯 ㅋㅋㅋ,3
417,차라리 이실장하고 하던 투톱 방식이 더 재미있는거 같다. 검둥이횽 눈높이나 실력은 인정한다만 좀 심심하다. 간을 좀 더 쳐야 맛이나,2
418,역시 아엠게는 직빨만? 예전에서 발전된거 없이 이름만 SLC 로 바뀐겨?,1
419,패션카는 = 비싸고 후진 성능이지만 난 이돈 주고 샀다. 간지나지? 이런 느낌??,2
420,어지간히 안좋은가보다...이렇게 까는건 첨인데...,2
421,간만에 빠꾸없이 까네... ㄷㄷㄷ,4
422,잘 보도록하겠습니다.,3
423,slk 타고 광주까지 갔다가 허리뿌러지는줄....,2
424,파이팅!,6
425,안 좋다고만 하는듯 ㅋ 돈 많이 벌어서 슈퍼카 타시길 ㅋ,1
426,윈드디플렉터도를 사용해아 바람이 안들어가지ㅡㅡ  사용도안하면서 모자가 날라갈거같다니 말이여 방구여ㅋㅋ그냥 벤츠를 까려고 영상찍었구만ㅋㅋ,5
427,차주 새됐네 ㅎㅎ,6
428,젠쿱이랑 경차로 레이스하시는분이 머 경력은 인정합니다만 이분 리뷰는 객관성도 떨어지고 특히 벤츠 리뷰를할때의 그 특유의 비아냥부터 시작. 왠지 아우디차주라 그런가 일단 까고보는 그런느낌.,8
429,어차피 9천 박을거면 좀 보태서 박스터 사라는 영상인가요 ㅠㅠ,1
430,얼마나 차가 얼마나 단점이 많으면 ㅋㅋ까만형 극대노,6
431,Slk보다 마니업그레이드됨~~뭘모르네~~ㅋㅋㅋㅋ,1
432,총적으로 까만형  제일 마음에 안드는 차..,1
433,저라면 차라리 새로나온 Z4살거같아요,2
434,졸라까네 그래도 벤츠에서는 심혈을 기울여 만든거구 한번시승하고 모든 주관적인 감성에  의존하는 리뷰 잘 봤습니다 리뷰 중에 제일 꽝이네요,4
435,잘 볼께요^^,2
436,진짜 정말 별로인가보다 ㅋㅋㅋㅋㅋㅋㅋㅋㅋ5분 내내 칭찬이 없네,3
437,벤츠:고...고만좀 때려...,1
438,4천에 팔아라 ~~ 벤츠,2
439,돈있으면 sl400사고싶은데...ㅠ/ㅠ저모텔은 째그마서 싫은데..차주님 sl400이어떠신지.,1
440,가즈아♡♡,2
441,우물안의 개구리 내차가 최고여~~,1
442,굿~!,3
443,오프닝때 멘트왠지 의미심장한...,1
444,"1년 전이면 SLC가 단종되고 안팔릴 때인데 왜 굳이 리뷰한 것인가 생각되기도 하고 물론 안할 이유는 없겠지만 그렇다면 왜 굳이 최신 차량에 비해 뒤떨어짐을 왜 얘기한 건지 우습기도 하고.. 그냥 까면 본인이 우위를 점한다고 느끼는 유튜브 관종 같은 느낌?세월의 흐름에 따라 인, 익스테리어적인 부분과 주행 시 느낌 인정합니다.저는 SLK55와 C43을 타는데 찌그덕 소리? 90킬로에 모자가 날아간다?찌그덕 소리 날 정도로 뒤로 밀려면 190cm정도의 아주 큰 체격이신가봅니다.전 전직 전문운동인이고 키는 185에 105킬로 나가는데 그렇게 뒤로 안밀어도 충분히 탈만합니다.모자? 저 주말에 사회인 야구하러 갈 때 모자쓰고 뚜따하고 가는데 같은 바디의 SLK임에도 모자 날아가는 느낌? 받아본 적 없습니다.전 실 오너예요.차에 대해서 저보다 많이 아실테지요.근데 이건 거짓이 너무 많이 들어가 있기에 이 리뷰영상에 있는 정보 모두가 신뢰 안갑니다.반론 해주시려면 해주시고 직접 만나 이야기도 가능합니다.",13
445,제목 바꾸시면 어떨까요? 첨에 까만형이 인사할때 지금까지 이런 채널은 없었다 내가 호구인가 사업가인가 라고 하신거 재밌던데 따라해서 지금까지 이런 차는 없었다 내가 호구인가 고객인가,1
446,1일 1까만형이야~,7
447,뭐여 ㅋㅋ 좋던 안좋던 달리기찬데 서킷리뷰 안하는거?? 혹시 아나 멕라렌도 바를지 ... 한번만 해보지 ...,3
448,츄리닝입고 뛰는데 주머니에 스마트폰있는느낌 츄리닝바지 점점내려가고,3
449,Z4 중고가 안낫나,1
450,어? 이게뭐야? 가루네?! SLC가루..ㅠㅠ,6
451,ㅎㅎㅎ. 지붕만. 열리는. 차. ???     로드스터 하면.  포르쉐. 아닌가요 !!!,3
452,시발 좋기만 하구만 .. 그림의 떡이네,6
453,예전 계정은 없어진건가요;;; 아이구야;;; 항상 잘 보고 있습니다,1
454,벤츠 호되게 혼나는중 ㅋㅋㅋ,4
455,slk 마지막연식 차주인데..소탑과 하드탑의 무게 차이도 설명을 해줫음 하는데 너무 달리기 성능만 가지고 얘기하는건 리뷰같지 않네요리뷰라는건 달리기 성능만 얘기하는게 아닌데..감성적인 부분이나 이런 부분으로 타는 사람이 더 많을텐데요 이건 ㅎㅎ,7
456,와. 저 사고나서 대차로 이차타면서 증말 욕이란욕은다하고 가격듣고도 진짜 너무하다했는데.오늘바로올라와서 봤더니. 까만형도 똑같이말하내요.진심 타면서느낀게1. 팝콘소리? 팝콘소리도아닌 어중간한 배기음.2. 셋팅이잘못된듯한 느낌이 많이듬 알피엠이 가끔 허당치고 퐉티나갈때가많음3. 브레끼잡을시 혼자 다운을치내요.4. 고알피엠을 끌고가지 못합니다.5. 롤링이엄청심함. 불안함그자체6. 차량이 벨런스가 엉망이라 뒤가 많이 둔하고 무릅니다.7. 오픈감성 별로느껴지지도않음8. 다른 로드스터에비해 수납공간 엄청부족9. 실내 귀신나올거같음. 이게 신형? 9천만원짜리라고?10. 걍 사면 ㅈ 되는 차량,7
457,결론 : 갬성카다,1
458,하드탑은 삐걱거리는 소리있음,1
459,먼지가~~ 되어 사라졌다..,2
460,차주 시무룩 ㅜ,3
461,차주 속상하겠네요. ㅋ,1
462,점점 분노게이지가 오르는게 느껴짐...어이구야...,3
463,AMG dress up 이라고 한단다,1
464,알람설정러입니다 헤헷 모트라인 화이팅,16
465,윈드 디플렉터.....,1
466,페라리도 소리남요.,1
467,까만형 화나셧네 ㅎㅎ 전 광고 3연타에 화가 나서 갑니다 ㅎㅎ,10
468,윤xx 을 욕하세요.까만형까는 사람들 이해안되네..윤xx 과 노xx의 싸움인데..,3
469,Amg는 63부터지요,2
470,김광석이 부릅니다먼지가 되어...,2
471,벤츠 모르는 인간들한테 설명좀 해주리라.  지금 SLC는 SLk의 풀체인지가 아녀.  이 멍청한 것들아.  ML과 GL이 GLE GLS됐을때 풀체인지였냐? 페리였지. 이제 GLE 풀체인지 나왔고 곧 GLS풀체인지 나와. 그러면 가장 많이 안팔리는 SLC는 가장 늦게 풀체인지 된다는 말여. 벤츠에서 팔아먹을려고 마지막까지 디자인 쪼매 바꿔서 팔어먹는거야.  뭐 옛날 차량? 아니 옛날 차를 탔으니까 옛날차지!!!!!!! C클사스 풀체인지 처음 나왔을때 E클라쓰는 2년이나 더 페리로 우려먹은후 풀체인지 나왔어.  지금 리뷰 차량이 새로운 풀체인지 SLC가 아니란 소리여.  답답하네 답답해.  차량 조사 안하냐????? 지금 GLS가 GL페리인디 그거 타면서 옛날 차 느낌 납니다 하는거랑 똑같은 소리자나.  SLC 쪼매 있으면 풀체인지 나올겨.  돌긋네. 지금 모하비 리뷰하면 신형이냐????? 돌긋네 그리고 43 AMG는 퍼포먼스야.  M235 같은 얘라고. 63. 65. 같은 얘들이 1인 엔진 정통이라고.  뭐 아무것도 모르는 리뷰어랑 댓글들이 판치냐????,6
472,까만형 개빡쳤어 벤츠 니네 잘해라,1
473,이건 패쇼니카죵?ㅋ,2
474,레이서가 일반인 눈높이가 되려나..윤땡땡이가 돈 많이준다고 x처럼 헥헥거리지말고,2
475,오프닝멘트 듣다가 오그라들어서 없어졌어요  책임지세요 ㅜㅜ,3
476,"난 200d 쿠페 타고다니는게 제일이해안되더라,,,8000주고 왜 디젤 아반떼 쿠페사는지...",2
477,자체 광고를 넣던지 유튜브 광고를 넣던지 둘중 하나만 하세요 제발,1
478,걍 타지마삼..싫으면,1
479,와.. 차 진짜 안좋나보다...ㄷㄷㄷ 범훈씨가 이렇게 까는거 드문데... 차주님 슬프시겠단.....,4
480,뭐 어떱니까.... 트위지보단 나아요....,1
481,너무 작다 ㅠㅠ,1
482,앙 까만띠♡,5
483,햄톨아~ 요즘 먹고 사는게 바쁘다 보니... N색히 나가리 된거 지금에야 알았다. 축하한다. ,152
484,여기 애들특징 어짜피 살수없는 능력인데  기블리때도 그렇고 좀만까주면 아 다행이다 배안아파도되겠다 이러면서 공감하는척함 ㅋㅋㅋ그냥  드림카 아방이나 쫒아가세여 다리찢어져여,21
485,ㅋㅋㅋㅋㅋㅋㅋㅋㅋㅋㅋㅋㅋㅋㅋㅋㅋㅋㅋㅋㅋㅋㅋㅋㅋㅋㅋㅋㅋㅋㅋㅋㅋㅋㅋㅋㅋㅋㅋㅋㅋㅋㅋㅋㅋㅋㅋㅋ,1
486,20분짜리 리뷰에 무슨 광고를 4번이나 걸어,17
487,ㅋㅋㅋㅋㅋㅋㅋㅋㅋㅋㅋㅋㅋㅋ N 스러우셨나보네여 ㅋㅋㅋ,3
488,이번편은 보다 중도 포기...,3
489,난 모트만 볼수 있어서 좋다 보지도 않는 그곳 비추 누르러 갈 일 없어서 더 좋다,16
490,이차는 똥차입니당,1
491,광고 왜캐 많지 아 불편해 ㅆㅂ 보다끈다,15
492,N색히 나가리 됬나요?!!!소식좀 알려줘요!!!,5
493,어떤차 타시는게   차가 좃같다고 하시는디 ㅋㅋㅋ,1
494,해외 포럼들을 봐도 까만형 의견과 같은 내용들이 많이 보이더군요. AMG명성에 똥칠하는 최악의 모델이 되었군요,6
495,12:25 시리,8
496,slk 잔고장없기로 유명한데 뭔 고장많은 뚜껑열리는 ㅋㅋㅋㅋ 그냥 레이스나해라,3
497,취향 문제인데,1
498,차알못이라 앞에 인트로에 몇세대이며 몇년식모델인지 소개글좀 가격도 덤으로 출고가정도 소개해주면 좋을듯해요,11
499,리뷰영상이냐 광고영상이냐?,4
500,댓글삭제건에 대하여 공식적인 입장표현좀 부탁드립니다. 댓글삭제건 꼭 설명부탁드립니다,1
501,햄톨아 국제전화 계속온다 ㅋㅋㅋ 그만좀해라,5
502,Slc43 안좋다해도 여기 댓글다는 너네들 차보단 100배이상 좋은건 사실일듯. ㅋㅋㅋㅋㅋㅋㅋㅋㅋㅋㅋㅋㅋㅋㅋㅋ,18
503,저분은 그래서뭐타나?,1
504,아니 이분은 차리뷰어라고 영상찍으면서 달리는거말고는 모르는사람인가요? ㅋㅋㅋㅋㅋㅋㅋㅋ,6
505,가짜 amg,1
506,사상 최악에 오픈카랴~~  표현이 벤츠 리뷰할때랑 다른차 리뷰할때랑 확연히 틀린거 알지? 제목자체부터~~~^^,1
507,리뷰가 정말 저질이네요,12
508,이차가 달리기만위해 만든차가아닌데왜 달리는걸가지고 쓰레기차라고 단정짓죠? 마치 경차리뷰할때 차존나작고 안나간다고 까는것같은느낌이네Slc는 가격대비 오픈에어링즐길수있는 가성비좋은차인데 못달린다고 쓰레기차취급하네노사장이그립다,3
509,포르쉐타가가 이거타니까 당연이 차이나는걸 일반적이고객관적으로 비교를해야지 보는사람도 거북하고 보라는건지 광고는졸라.짜증나게많고 정내미떨어지내 모트라인 나락으로가네,4
510,이쉐리 댓글 다 지우네~,9
511,순수하게 일반인 입장에서 말합니다저는 slk200타는데요뭐성능이니 몇기통이니 cc니  이런거  아무 의미없습니다보통의 저같은 일반인은 slk200만 타도 무서워서 밟지도 못해요제가 최고속도 180한번 밟아본게 다고풀로 악셀 그때한번 밟아본게 다고4년째  그한번뿐입니다보통 자동차 좋아하고 슈퍼카 좋아하는사람 기준일뿐이에요일반인들 무서워서 slk200만 해도 악셀 풀로 못밟습니다보통 자동차 좋아하고 슈퍼카 타고 이런분들은 속도를 즐기는분들입니다보통사람들하고는 관계없는 이야기니그냥 오픈카 잼나게 탈분들에게는 아무 상관도 없고 당신이 강심장이 아닌이상경주 속도를 즐기는분이 아닌이상slk200만 가따줘도 악셀 다 못밟습니다사람에 따라 느끼는게 다르겠지만일반 국산차 풀악셀 밟는거랑slk200 s모드 풀악셀 밟는거는 느낌자체가 다르고 무섭습니다우리같은 일반인은 전문가들이 말하는 성능은 무용지물일뿐이니 고려 안하셔도 됩니다제친구들에게 차키주고 밟아봐 해봐야 저랑 별반 다르지않습니다  무서워서 밟지도 못합니다지금자동차 사려는분들 bj분들이 성능 속도 이런게에 대해서는 본인들에게 해당사항 없는겁니다평소에 180씩 밟고 다니는강심장 아니면 페라리8기통 가따줘도 아무소용없으니 성능은 고려하지마세요slk200  제로백7초인데도 훅나갑니다감당하실수 있는분들이나 고려하심됩니다우리같은 일반인은 포르쉐가 어떻느니 페라니가 어떻느니 아무상관 없습니다그냥 디자인 가격 이런거만 고려해도 일반인에게는 차고 넘칩니다옆에 여친 태우고 150만 밟아도 무서워합니다속도150이 무서운게 아닙니다가속도가 빠르게 붙으니  적응하기전에 속도가 올라가버리니 무서움을 느끼는겁니다그만큼 일반일에게는 넘치는 성능이에요리뷰하시는분은 저이상에 차를 타오던분들이니 거거에 익숙해서 가볍게 느끼는거지 일반인은 다릅니다프로가 아닌이상 우리같은 사람은 그냥 일반인이에요 브레이크가 어떻고 코너링이 어떻고 별루 느끼지도 못합니다일반인에게 저차주고 리뷰해보라멱 먼말을 할까요 아는게 없고 감각도 무디죠차사실분들 일반인분들은 그냥 디자인 가격보고 구입하세요리뷰차주님과 마찬가지로 저도 만족합니다 잼있어요굳이 후회라한다면 색상 시트커버 색상 이런정도고 어차피 저가격대에서 하드탑중에 고려해볼 차가 널린것도 아니고요 선택의 폭은 가격을 생각하면 의외로 좁습니다저는 차살때 고려한게 박스터랑 slk  z4 tt 였는데 1억선에서 골라야 했으니까요그게 제가 가진 능력에서 고를차였고박스터는 성능은 좋을지 몰라도 소프트탑과 옆디자인이 싫었고요tt 랑 z4는 디자인이 제스탈이 아니였고slk200산 이유는 어차피 속도는 나랑 관계 없는거라 200산거구요1억정도 준비하면 중고차 제외하면 선택의폭은 고작 4~6개중에 골라야하며 여기서 하드탑을 고려하면slk말고는 보이는차가 없어요 ㅡㅡㅋ저도 마음은 페라리캘리포니아가 1번이였지만 능력이 안되니 ㅋㅋ지금은 i8스파이더를 목표로 달리는중입니다이차도 리뷰하는분들에게 엄청까이는차인데요 ㅋㅋㅋ위에도 길게 이야기했지만 성능은 나랑은 상관없어서 오직 디자인이 마음에 들어서 입니다한번 오픈카타면 그맛에 오픈카만 타게됩니다 i8스파이더 뚜껑열린 모습에 반해서 목표 설정중입니다 ㅋ,11
512,8:08 ??????,2
513,코미디네ㅋ최악의 차라말할수 있는 자격들이 되나?한국많이 컸네.현대하나 달랑싸게파는 나라평민이 벤츠를 평하다.트럼프를 논하는게,3
514,벤츠 slk때부터 하체 거지같은거 어제 오늘 이야기가 아닙ㄴ다 ㅎㅎㅎㅎ 뭐 당연한 이야기를 ㅎㅎㅎ 차알못 애들이나 사는게 slk죠 ㅎㅎㅎ,1
515,이거사느니 머스탱사는게 낫겠다,1
516,광고 오직 넣어놨네 돈독올랐지 저거,9
517,댓글도 지울 수 있냐?,4
518,극대노.,2
519,"이분은 자동차 리뷰하는 분들중에 최악이군 허접하고 까는것에 집중하는군 수 많은 엔지니어가 이렇게 만든것에는 이유가 있죠 변하지 않는다는것은 그 만 큼 이차에 완벽하다는 것을 말해주는 경우도 있죠, 리뷰하는 차를 한계까지 끌어올려 운전 해 보셨는지? 최소한 한 달은 조저대고 리뷰하세요 그리고 잔 고장 많다고요?? 개풀 뜯어먹는 소리 하지마셔요 윈드디플렉터도 없는 차 몰면서 바람들어온다고 개소리 하지않나 도대체 이런 리뷰를 왜 하는거야?",4
520,관심 없음~~  추가~~^^,2
521,참 진짜 재미없다  그냉 서킷이나 타라 아~~ 언더입니다 밋션이 반응을 안하네요 아~~ 타이어가 ~~끝,8
522,"익스테리어 구려, 인테리어 구려, 성능구려 보통 이거 타시는 분들은 돈 없어서 중고로 싸게 나온매물 허세부리면서 타시는 분들",1
523,벤츠를 유독 많이 까네~~  리뷰스탈 진짜 맘에 안든다~ 그냥 양아치스러워요~  말도 거칠고~~  x5 리뷰할때랑 틀리네~~ cls리뷰도 보다 말았음~  x5도 트랙가서 타보지? 경주용 차 처럼 몰아보지?그리고 운전 진짜 못 하는거같아요.  인코스로  들어와서 인코스로 돌리는 인간이 어딨냐? 그리구 차 좃나 않좋다구 까냐?Bmw  빠~~~^^,9
524,노사장이 리뷰를 진짜 기가막히게 하긴 했구나.. 재미가 일도없네,10
525,이분은 진짜 차를 좋아하고 본인이 좋아해서 제작하고 영상올리는것 같아서 응원하게 되네요^^  앞으로도 좋은 차 영상 많이올려주시면 감사하겠습니다!,5
526,디자인 깔끔하고 하드탑에 뚜껑만 열려도 감사하죠,40
527,이차 실물 얼마전에 처음 봤는데 전체적으로 뭔가 미니멀한게 독특하게 멋있더라고요.,7
528,저희 아부지가 70이 넘으셨는데.. 3년쯤 됐나?(확실히 기억은 니지않음) 528i 모델을 타시다가 혼자타는 일이 거의 전부인데 굳이 세단을 필요치 않다고 생각하셔서.. 어머니는 비틀을 원하셨지만(두분이 번갈아타심) SLC200을 구매하셨어요. 주변에서 되게 신기하게 보신다더라구요..ㅋㅋㅋ 심심하실때나 시간 나실땐 혼자서 포항 달려가셔서..뚜껑열고 드라이브 즐기시곤 하신다더라구요.ㅎㅎ 젊게 사시는것 같아서 좋은거라고 생각하고있어요..ㅎㅎ,24
529,전 약간 다른 생각입니다 slk타다 911넘어왔때 차이가 엄청나더군요100전중반까지는 비슷하겠지 했는데 slk보다 더 높은 출력을 타본적이 없다면 모를까 생각보다 많이 차이가나더라구요,6
530,z4랑 차이점은 뭔가요??,1
531,카마로SS도 나름 괜찮은 것 같네요(453마력임.....)운전하는 재미도 있고 가격이 5098만원이라 꽤 좋더라고요,5
532,이쁘다. 맥라렌같은건 좀 남성적인 디자인인데 저건 조금 여성적인 느낌이 있네용. 럭셔리한 느낌이 드네요. 생각해보니 이런 느낌이 벤츠자체만의 느낌인건가 싶기도 하네용.,18
533,개인적으론 카마로 추천합니다..6200cc에 453마력이라..연비도 생각보단 괜찮고요,1
534,"혹시 slc200  시승하셨을때, 그 데일리성이 맥라렌과 비슷하시나요?  승차감이 편한지, 전 박스터 빌려서 타봣는데 하루타니 허리아프더라구요",1
535,"만약 여러분의 나이가 20살이고 520d m매키지 플러스,slc200,s4(전부 풀옵션)이라면 어떤걸 선택 하시나요??저는 자동차 캠핑이 로망이고 디자인도 5시리즈가 제일 멋있다 생각하는데 suv는 별로라서.. 무조건 큰 520d구매했을때 친구들이 틀딱차라 놀리고 저도 후회 엄청 했지만 옵션을 보고 다시 생각해 보니까 제일 좋았던 선택이라고도 생각하고요;;여러분의 의견을 듣고 싶네요",4
536,전 기아 스팅어도 예쁘다 생각합니당 ㅎㅎ첨에 디자인보고 외제 스포츠카인줄 알았어요,1
537,허리디스크 환자이다보니 타고내릴때와 승차감 부분이 고려대상이더군요~ 어떠신가요? 맥라렌과 비교는 더 안락하겠지만 객관적으로 보았을때?,2
538,저도 SLC타는데 대만족 :),4
539,스포츠카 할증이 붙나요? 동일 가격 세단이랑 차이가 많이나나요?,1
540,"시간이 지나긴 했지만 slc43,z435중 어느 모델을 추천해주실지요~",1
541,3:49 여기 혹시 도촌동인가요?   많이 익숙한 터널이 보여서   신기하네요^^,2
542,사고싶다,1
543,"아버지 지인분이 서킷용으로 타신댓는데 미션.... 미션튠, 교체 필수랍니다. 유리미션이라고...",1
544,SLC 하드탑에 프레임리슨데 혹시 운전중 창문이나 탑에서 잡소리는 안나나요??,10
545,6000만원대에 예쁘고 거기에다가 뚜껑도 열리고 닫히기까지도 하는...!,4
546,Slc 200 19년형 vs bmw z4 20i뭐 추천하시나요?,1
547,차 이뿌네요 작은데 쌔고,2
548,"슈퍼카 정의는 시속300km 이상 제로백 4초대 이하 최대출력 400마력 이상 이정도 되야겠죠,,",1
549,근데 죄송한데.. 유지비랑 연비는 한 얼마나 되나요 아무리 찾아도 자세하게 나오지가 않아서요,2
550,결국 모닝이 젤 잘나가네,1
551,음? 탑 오픈 모듈 사제로 다신건가요? 차 키로도 탑 오픈이 가능하네요...?혹시 랜트카 업체에서 사설로 달은건가요!.? 정말 궁금합니다ㅠㅠ,1
552,우리동네에 저차 빨간색으로 랩핑한거 있는데 확실이 멋있음,4
553,스팅어가  갑!!!,12
554,헉ㅋ 이차 지금 제가 사고대차로 타고있어용!ㅋㅋㅋ 차번호 보고 깜놀함ㅋ,3
555,슈퍼카느낌이면 한 500마력 나오나요?,1
556,윽 타고싶다 ㅠ,1
557,겉은 남자스타일 비슷한데 6천만원이면 만족이네요.역시 벤츠,1
558,차선변경할때 깜빡이 안키신거죠??,1
559,요즘 D컷 핸들에 꽂혔다능..ㅋㅋ,2
560,Slc너무 좋음 그래서 빨리 실내 좀...ㅠ 전화기좀 갈아줬으면,3
561,슈퍼카가 아니라 고성능차라고 표현하는게 맞는말 아닙니까? ㅋ,9
562,45 amg도 좋을거 같아요,6
563,이 모델은 연 유지비 어느정도나 나가나요?,3
564,내 전의 차가 SLC200. 디자인만족도 최상..성능 글쎄..주행감 중상.지금은 BMWZ4  성능 재미 굿. 디자인은 남성적..주행감 상.,2
565,여긴라오스라서 저 차살려면 1억넘게 줘야함 ㅜㅜ,1
566,제네시스 g70 3.3을 사면 450만원이 남음,1
567,나 이차 길가면서 봤는데 씹지림..,17
568,하지만 서울시내에서 낮에 종나게 쏠곳은 없다는 ㅋㅋㅋㅋㅋㅋㅋㅋ운전대만 잡으면 스트레스 ..아오 ..,1
569,멋있다!!,2
570,좋네요 ~^^,2
571,6000만원이면 카마로하고 포드 머스탱도 구매 가능한 가격 아닌가,4
572,울남편이 4인용 컨버러블 사라고 했는데 이거 샀다기 후회..내부좁아서..난 43키로 나가는 아담몸집인데 울집 두 뚱땡스들이 이 차탈때 몸을 구겨서 넣느라 힘들어함 ㅋㅋ이 가격에 이 정도 사양 만족함..비오고난 후 상쾌한 바람 맞으면서 오픈해서 다니는 기분은 안타본사람은 모름 ㅋㅋ 오디오 스피커는 불만족 ..좀따 튜닝예정..차 잘나가고 브레이크 부드럽게 잘 먹음..하지만 다음차는 세단으로 살 예정..주행충격과 마찰을 온몸으로 받음.,2
573,기름이줄줄셉니다 마넌에 오십키로정도 고급유기준,1
574,slk200 잘나감,2
575,스팅어가 나을듯..,1
576,슈퍼카는 젊을 때 타야지 나이 드니깐 세단을 타게되네,1
577,배기가.. 순정인가요..??,1
578,우리 삼촌 차랑 같다,1
579,슈퍼카느낌이 아니고 오픈카느낌 아닌가요? amg도 아닌데 슈퍼카느낌?;;,1
580,6천만원이면 a6가 더 현명할수도..?,1
581,저차 정말로 6천만원 입니까????,2
582,포드 머스탱..,2
583,육천이면 slk amg 사죠....,2
584,차가좋았으면 공도에 많이보였겠지 ㅋㅋㅋ 안보인다 결론은,1
585,"댓글 상태가 왜 이런가...실제 slc200 오너에요.슈퍼....카 느낌은 오바는 맞고...182마력의 낮은 제원수치 치고는 꽤나 준수한 엑셀링과 1700키로에 육박하는 무게치고는 꽤나 민첩한 거동을 취하고있어마치 250마력대의 차량을 운용하는듯한 착각?을 주는 정도 인거 같아요. ㅋㅋㅋㅋㅋSlc200을 운용하면서 제일 큰 장점들은1. 6천만원대에 하드탑 스포츠?(패션!!)카를 !!2. 희소성이 있다. 고로 slc를 아는 사람은 일반인 기준 10명중 1명 꼴로 극히 적다. 이말인즉슨 2인승 하드탑 로드스터 + 벤츠 엠블렘 = 뭔가 비싸고 좋아보이는 벤츠 스포츠카 로 취급 받는다.정말이다;;; 오히려 이차 6천이라하면 상대방이 놀랜다...;; 더 비싼줄알았다고;;3. 기본 amg팩이 장착되어 나온다. (배기포함) 순정 배기음 굉장히 좋다. 소리크기도 적당하다. 여기저기 붙어있는 amg 로고들은 slc43오너에게 정~말 미안하지만 내가 먼저 커밍아웃 하지 않으면 amg 대우를 받는다. (Slc를 몰라서 생기는 또 다른 헤프닝ㅎㅎ)4. 요즘 추세인 스마트한 편의사양은 거의 없지만 amg팩, 사각지대 어시스턴트, 후카, 어시스턴트 라이팅, 풀led 헤드램프 등등 실제로 가장 많이 쓰고 필요한 옵션은 다 들어있다.방음도 하드탑 오픈카치고 굉장히 잘되있다. 여지껏 탑 이음새나 주변부 풍절음은 거의 못들음.단점도 있는데1. 가뜩이나 낮은 마력의 엔진에 벤츠 특유의 성향인데 디튠이 크게 걸려있다. 182마력도 완전히 낮은 수치가 아닌데 순정상태에서 180마력을 여유는 커녕 극한으로 짜내지않는 이상 뭔가 안나간다.거기에 연비는 잘나오는데 스포츠성과는 상극의 조합을 보여주는 9단 미션은 가뜩이나 낮고 디튠이 걸린 엔진과 짝짝꿍해서 더 답답한 가속감과 승차감을 제공하고 운전자로 하여금 급가속을 망설이게 만든다...2. 실내 겁나 좁고 트렁크 낮고 어중간한 크기 거기에 사골 전화번호 기판 달아놓은 센터페시아...페리 신형인데 실내는 계속 구형이다...요즘 벤츠 실내 비교당해서 시무룩.....3. 희소성 있댔는데..이게 외국에서도 희소성이 있는거같다...고로 애프터마켓에 slc 전용 악세사리 및 튜닝 파츠...그리고 자료도 전부 없다. 아예 없는 수준...이건 서럽다..ㅜ곧 slc 라인업 자체를 단종시킬수도 있다고 뇌피셜이 계속 나오는데...오피셜 가능성도 충분하다.신형 z4 기본 8천 후반대에 나올거란 가정하에 6천만원대에 꽤나 알찬 옵션구성에 준수한 디자인, 은근히 재미진 운전, 스포즈카치고 편한 승차감을 제공하는 마지막 하드탑 로드스터여유가 있다면 소장하고 소소하게 재미있게 노는 용도로 아주 메리트있다고 본다.P.s> 유지비는 2.0 터보차라서 딱히 메인터넌스 비용 그닥 들어가는거없음. 보험은 스포츠카 할증, 탑은 리모컨으로 오픈가능(순정상태기능)",19
586,크 재미ㅛ게 보겟슴다,2
587,영상 항상 잘보구 있읍니다!!!~~!!근데 하드탑 잡소리 신경 많이 쓰이나요???,1
588,천만원 더할인해서  5천정도스팅어 3.3도  혜자아닐까요 ㅋㅋ,8
589,전 소프트탑이 취향이라 카브리를..,1
590,이게 무슨 슈퍼카느낌이야ㅋㅋㅋ,1
591,Slc를 슈퍼카라고 하고 있네 ㅋㅋㅋㅋ,1
592,분당사세요?,1
593,Slc 뒷태 좀만 바꼇으면 ㅠㅠ,2
594,나의 삼성 sm5가 슈펴카다!!,2
595,맥라렌 팔았나요?,1
596,편집할때 그냥 자막말고 말을 해야 될꺼같은데,1
597,slc200보단 slc43amg,6
598,세계 미세먼지 top인 나라에서 컨버터블 어따써,2
599,ㅂIㅂI화보 네코코년 1년만 기다려라 진짜 20살되면 혼내준다 미성년자라서 못보는게 너무아쉽다 ... 하 !!,1
600,역시ㅋㅋㅋ 근데 ㅂIㅂI화보 네코코보다는 베베라가 난 더좋던데?,1
601,3:36 안전벨트 미착용,40
602,정자동사시는듯?,1
603,꼴랑 slc200에서 슈퍼카 느낌은 너무 과장이네...   120은 커녕 정지상태에서부터 시작부터 안 나가던데,1
604,형님 브금좀 어뜨케해줘요,1
605,6분부터 나오는 흰색 모닝 뭐냐.... 혼자서 서킷도네,8
606,살빠에 e카브리 산다,1
607,5:36 눈뽕,4
608,"렌탈인가요? 번호가 ""호""네요",1
609,이매동 지나가시네,1
610,근데 솔직히 슈퍼카 느낌을 받을순있찌만암만봐도 z4 ..쯤,1
611,도로위에서 내가저차를 타면  앙 가성비 개꿀 맛도리,2
612,돈없으면 스팅어 돈많으면 벤츠,7
613,꼽으면 같은 suv 차량인데 속도따라와보시든지 ㅋ,1
614,에이.. 이건아니자나!!!!!!C8!!!!!! 아니 뭔 제로백 아스보다 느린차 가지고ㅡㅡ.. 이차 마력이 190도 안되는건 알고 올린건지.. 출력은 그냥 320d같은차랑 거의 비슷하다고 보면된느데.. 어쩌면 320d한테 질수도ㅋ 디젤차 토크가쌔서 제로백320d한테 질지도몰러ㅋㅋㅋㅋㅋ,2
615,우와 너무어이없다..,1
616,유튜브 댓글에 뭐만하면 ㅂIㅂI화보 베베라 거리길래 검색해보니까 왜 그런지알겠다^^,1
617,요새 유튜브댓글만보면 ㅂIㅂI화보 네코x 잔다x 베베x 뭐시기로 가득하던데,1
618,그래서 너네만 ㅂIㅂI화보 본다고? 좋은건 좀 나눠보자 이 정없는 샛기들아,1
619,슈퍼카? 6천에 머스탱이나 카마로가 가장 근접이지ㅋ,1
620,6천만원으로 R8 중고 타는게 나을수도있음,1
621,벤츠계의 알팔,8
622,SLC가 무슨 수퍼카야 그냥 스포츠 느낌의 차지 아 정말 장난치는 거도 아니고.,1
623,ㅂIㅂI화보 개오지던데 ㅋㅋㅋㅋ 너네봤냐?,1
624,"단점 옆라인 못생김, 스피커 쓰레기중에 쓰레기 탑에서 잡소리 약간들림 브레이크 잡소리 심함 이거말곤 없는듯",1
625,응니넨 경차난 스포츠카 ^^,1
626,항상 지나가다 보면서 느끼는거지만 slk slc 왜 사는지 모르겠던데... 크기도 쥐꼬리만해가지고 ...,1
627,스팅어가최고다,15
628,"저도 몇 년전에 r172모델 slk200, 최근?에는 slc43amg 뽑아서 참 재밌게 탔었는데..ㅎㅎ 주행성능은 경쟁사 대비 떨어져도 감성으로 타기는 참 좋죠! 젊을때 타봐야한다는 말에 공감합니다..즐거운 슬기라이프되세요!!",5
629,"어렸을땐 막연히 드림카가 람보, 페라리 정도 였는데 25살인 현재 시점에서 현실적인 드림카를 찾게 된것이 slc200이네요...ㅋㅋ 물론 비싸지만 ㅠ 개꿀 오픈카라고 생각합니다 부럽네요ㅠㅠ",4
630,Slc200 정보가 많이 없는데 감사합니다.혹시 slc200돼 매직 스카이 루프 있나요?amg43은 기본이던데요.,1
631,어디 싸이트에서 구매 하셨나용?ㅠㅠ 엔카는 너무 비싸게 올라와있던데,2
632,z4를 늘 고민하다가...slc를 보고나서는  고민을 하게 되더군요..,2
633,slc200 비슷한연식에 비슷한키로수로 구매고민중인데 혹시 지금까지 수리비많이 들으셧나요 ? 고질병이나...,1
634,거진 몇 달전부터 보간 차량인데 왜 중고가가 올랐을까요?,1
635,하드탑 찌그덕찌그덕 거리는거는 좀 어떤가요? 그리고 보증기간이 이미 지났을텐데 사설에서 오일갈고 부품갈고 이러시나요?,1
636,혹시 몇만키로 몇년식을3430만원에 구매하신지 알수있을까요? 옛날보다 차값이 올랐네요ㅜㅜ,1
637,15년 전인가 파주 헤이리에서 노년부부가 내리는대 … 여자는 짜증나는 투로 내리고 남잔 내리면서 차 보면서 내리고 마치 slk200이 와이프마냥 애지중지…ㅋㅋ,2
638,내차는slc43amg는 오픈묘듈있는데 200도있나요#?,1
639,어떤제품영업하세요?,2
640,아 실내가근데진짜왜이러죠 너무아쉽다 년식에비해,1
641,실내가 slk200랑 비슷해서 ㅅㅂ,1
642,차도이쁘고 모델윤지님도 너무 이쁘네요~~~,6
643,윤지모델님 너무 사랑스럽네요,4
644,작은사이즈 여성전용카인데 색깔이 검은색이면 난감하다,3
645,윤지 차랑  옷을 맞춰 입엇네...ㅋㅋㅋㅋ,5
646,판매완료,1
647,크고 탄탄...단단?,7
648,윤지누나 보고 구독합니다~~,2
649,윤지님 눈부시네요~,2
650,판매되었는지요?,2
651,마음에 드네요 저와 같은 마음이시면 쪽지주세요 ^^~,5
652,윤지언니 싸란해여 ღ’ᴗ’ღ,4
653,특별게스트 개 이뿌다,4
654,윤지에게  관심이  가네요ㅋㅋㄲㅋㅋ,2
655,쩐다,1
656,윤지 너무 섹시하네 ㅎㅎ,4
657,윤지만보여요! ㅗㅜㅑ,4
658,241번째 ㅎㅎ,4
