,comments,likes
0,우아~ 나다!!,1
1,구떠여형 '자세' 살아난다.. 우파님 채널까지 출연하다니,282
2,우파님 역시 슈퍼카에 진심이신게 보이시네요.,5
3,이게 맞나..우리 구떠여형님  우파형님 유튜브에서도 자세는 지키신다,43
4,구떠여님 “자세”는 못 참지 ㄹㅇㅋㅋ,6
5,"992s하고 비교하면 실출력, 발란스는 조금 모자라고, 마초감성은 더 좋습니다.  992쿠페는 그냥 골프채 두개 들어 갑니다. 까브리는 우드 빼야 하지만 뒷자리 두개 들어가요.하체는 992 보다 조금 낮아서 까짐 주의하셔여 함.Sls에 비하면 발란스 너무 좋습니다. 1.4~1.8억 정도에서 선택은 베스트 일 것 같습니다.",1
6,역시 월클이네요 떠여형님,4
7,벤츠amg gt  역시 멋있네요 구떠여님 찐팬이에요 영상잘보고갑니다 감기조심하세요 화이팅,2
8,최근에 계속 구떠여님 영상 많이 봤었는데 구떠여님의 amg gt를 보고 우파님이 리뷰 해주셨으면 좋겠다 했는데 이렇게 올라오네요!,26
9,킹떠여 떡상을 축하드립니다,2
10,자세에 최선인 떠여형님 ㄷ ㄷ,1
11,ㅋㅋㅋㅋ형 오늘 왤케 신났어 ㅋㅋㅋㅋㅋㅋㅋㅋ,5
12,역시 자세의 근본이져….,1
13,자세가 잡혀있는 영상이군요! 잘 봤습니다 :),153
14,예전에나 911이랑 동급이었지 지금은911이 한수위인거같다 신형터보랑 gt3가 너무잘나와서 amg gt가 단종됐으니 후속작으로 엄청난차가 나왔으면..,2
15,역쉬 창문을 위해 자세를 내려야죠.스근하게 잘보고 갑니다.,7
16,와!!!!!자세를 위해 창문을 내리는 구떠여님이 우파tv에!!!!우와!!근데 잼민이2님 ㅋㅋㅋㅋㅋㅋㅋㅋㅋㅋㅋㅋㅋㅋ트렁크에 할로윈 총이 있네요,2
17,우파님!! 911 Turbo S 도 리뷰 부탁드립니다!!!!,3
18,진짜 꼭 갖고싶다.. amg gt.. 도로위에 세이프티카 느낌으로 amg gtr도 ,86
19,아 그래서 부산에 오신거군 구떠요님 떡상 ㄱㅈㅇ!,2
20,저게 저렇게 작은 차였나 우파형 생각보다 헤비머신..,1
21,구떠여는 못참지 ... 코지하게 영상시청 간다 ...,1
22,구떠여님 방송도 잘 보고있습니다   ,1
23,썸넬을 보자마자 구떠여형님의 '자세'가 생각났습니다..... 자랑스럽구먼,3
24,구떠여 화이팅~~!!,1
25,AMG GT 라인업에서 저는 개인적으로 GTS 에디션1 모델이 좋더라고요...열심히 일해서 열심히 돈 모아야지...,1
26,자세를 위해 창문열고 달리시는 형님창문을 위해 자세를 연다,3
27,타면 창문을 열어야 하는 차 ㅋㅋㅋ,4
28,아 요즘 구떠여 엄청 봤는데 너무 기쁘자너 ㅠㅠ,1
29,구떠여까지.. 우파가 이렇게 성장할줄이야...,1
30,이렇게 멋진 차가 인기가 없다니 ㅠㅠ,29
31,아 타임라인 표시 안되어있는 gt영상은 또 오랜만이네ㅋㅋㅋㅋ,3
32,구떠여 최고!!!!,1
33,와 우파 많이 성장했네요ㅜㅜ 구떠여 콜라보도 하고,133
34,'자세'를 위해 우파채널까지 출연하는 구떠여 ㅋㅋ,1
35,라인이 유니크한데 ㅈㄴ 멋있다...이런차를 왜 단종시키지;;;,20
36,우와… 설마하고 봤는데 우파님 채널에 나오실 정도로 성장세가 놀랍네요,1
37,'자세'를 위한 차,14
38,Sls는 위로 열게해주고Gt는 문 옆으로 여는거 킹받네,2
39,구떠여님 차인데? 하고 왔는데 진짜 구떠여님 본인차였네 ㅋㅋㅋㅋ,4
40,12:26 영혼실종 ㅋㅋㅋㅋㅋㅋㅋㅋ,2
41,담번엔 우파님보다 잘나가는 백마님 명팔님 차량도 리뷰부탁드려용~,2
42,역시 '자세',66
43,13:50 촬영하니까 호다닥 도망가는 형광슬리퍼,16
44,GTR도 아니고 GTC도 아닌 GT를 R8에 비교하시는건 좀ㅎㅎ가격도 20%이상 차이날텐데,5
45,제주페리에 슈퍼카 싣고 여행가는 영상은 없던데 .. 우파님 도전해주세요 ... 과연 범퍼가 긁히지 않고 갈수있느냐 ... 엄청 궁금함 ㅠ,2
46,드디어 엠쥐티라니ㅜㅜ 그것도 구피ㅜㅜ,1
47,와 구떠여형님 대박,1
48,와이씨 역시 암그gt...드림카는 역시 드림카,1
49,갓떠여당 ㅎㅎ 오늘만 영상두개본당,3
50,형 부산까지가서 영상 찍고 오는 클라뜨,1
51,주변에 벤츠가 너무 흔해져서삼각별의 아우라가 감소되어 불만입니다벤츠판매량 축소를 위하여벤츠의 단점을 많이 부각시켜주시길부탁드립니다그대신 자금난으로 인하여폭스바겐그룹의 자회사에 머물고 있는포르쉐회사를 살려주시는 마음으로포르쉐차량의 장점부각  잘 부탁드립니다,3
52,구떠여님... 무서운 성장속도,1
53,13:50 구떠여:으아닛~! (카메라 눈 마주침) 돔황챠!!!,61
54,Amg gt 라고 하니까 한분 생각났는데 역시나 그분이네ㅋㅋㅋㅋㅋㅋㅋㄱㅋㅋ 차가 엄청 날쎄게 생김,3
55,구떠여님 영상에서 다른버전으로 우파님이랑 잼민이의 일기 12쯤해서 내일 봤으면  좋겠네요 ㅎㅎㅎㅎㅎ,4
56,911보다 생긴거랑 럭셔리 크기는 확실이 나은듯,2
57,설마 했는데 진짜 구떠여차네 ㅋㅋㅋㅋ,6
58,구떠여차다… !!!어제 광안리 에서 봤는데8181이 아니라 안타까웠어 ㅠㅜ,1
59,님들!! 저 저거 타봤어요!!!! 부럽죠!!!,1
60,연애하고싶으니 벤츠 안사야겠네요.좋은 정보감사합니다.못사는거 아니고 안사는겁니다...네...,3
61,'자세' 가 살아나는구만,2
62,본넷만 봐도 구떠여님차네요 잼민이~,1
63,잼민이2분이 계셔서 잼민이1은 괜찮다.,37
64,자세를 위해 우파가 내린다,1
65,번창하세요!!!!!!!!!,2
66,우파님 차의 완성은 얼굴이라구요!!!!!! ㅋ ㅋ 벤츠 타도 안생기는 남자는 안생김 ㄷㄷㄷ,3
67,오늘의 차차 포인트: ,1
68,‘자세’가 유지된 구피다!,1
69,와우 벤츠 AMG GT카네 ㅋㅋㅋㅋㅋ,2
70,순정 그대로타서 더 있어보이고 고급스러운듯...,1
71,우파형 sl나오면 자세 콜라보 할때까지 숨참음,1
72,자세.. 한마디로 종결,1
73,gtr gtc gts 종류 여러개던데 차이가 뭔가요?,1
74,사랑해요 구떠여!,2
75,"역쉬 뺀츠다,옆에지나가는데 간지 작살이더라,",1
76,이게 단종이라니 ㅠㅠ,16
77,"""짜세"" 를 위해 출발 전 창문을 열어줘야 합니다!",3
78,매니저님 말고 다른 여자분이 옆자리 탈수가 없는 이유가 매니저님이 여ㅊ...,1
79,구떠어어어어엉 너무 좋앙,1
80,이런 시팔니미조또   넘나 멋진거,2
81,잼민이2는 등장 안하나요? 나름 기대했는데 ㅠㅠ,5
82,처음 보자마자 설마 구떠여 형인가 했더니 찐이네 ㅋㅋㅋㅋㅋ,1
83,ㅋㅋㅋㅋㅋㅋㅋ자세 떴다,1
84,신형 amg sl 63도 리뷰해줘요,1
85,"우파형님채널에서 잼민이1,2보는건 못참지",1
86,"저게 왜 인기가없지,,,?",1
87,진짜 자세 뒤진다,1
88,AMG GT 는 2도어가 간지임,1
89,자세를 위해 창문을 열고 리뷰했어야되는데,1
90,구떠여! 구떠여! 구떠여! 부산식 `자세` 널리널리 퍼지길,1
91,오오 구떠여님 차다~,1
92,오우 “자세”를위해 창문을 열어보도록 하자,4
93,간김에 롯데월드도 보여주지,1
94,차가 너무 잘생겼네요 ㅎ,1
95,어?? 하면서 처음에 ㅎ 구떠여님 차량이었네요 ~ 잘봤습니다^^,1
96,AMG가 남자들의 차긴 하지...저번에 노란펄색 amg gt 본적 있는데ㅈㄴ 예쁘던데....,1
97,저는 강남에서 40대 초중반으로 보이는 아주머니께서 타고 가는거 본 적 있습니다만 ㅎㅎㅎ,1
98,'자세'를 위해 창문을 내린다!!,2
99,아 설마 했는데 진짜였네 '자세',1
100,창문을위해 자세를 내리는차 '구떠여',1
101,"""자세""의 근본",3
102,환장 대파티라니~~,3
103,구떠여 사랑해,6
104,5분36초 비비탄 총 ㅋㅋㅋㅋㅋ,1
105,싼타페dm 2016 도 리뷰해주세요,1
106,이야 우파형 구떠님만나러 부산까지왔넹,2
107,구독자 떡상하겠네  ㄷ ㄷ,1
108,115고 8181 ㅋㅋㅋㅋ유명한 차 ㅋㅋㅋㅋㅋ,3
109,아~~~싸다구 하다가 싸다구 맞구 정신줄 놓습니다,1
110,911에는 없는 V8! V8!,1
111,여자친구가 안 생길수가 없는데 저거면..,2
112,뭐여 구떠여의 짜세 차량이내 ㄷㄷ,1
113,아..이건 진짜 실물로 보면 자세가...어후...,2
114,썸넬 자세 보자마자 바로 구떠여님,1
115,오 잼민이님이 우파채널에 나오시다니,1
116,운전하기 많이 불편하다는 소리를 듣긴했는데 왜인지 몰랐는데 시트가 낮군요;; 시트는 낮고 앞은 길고 ㄷㄷ,1
117,와....'자세'...5:36 근데 이건...?또....뭐지....,1
118,여자들한데 인기 없차..인정.ㅋㅋㅋ,1
119,뭔가 구떠여님 차 같아서 들어왔더니만 진짜 구떠여님이네..,3
120,창문을 위해 “자세”를 내린다,2
121,구떠여가 여기에 나오다니 신기하네,1
122,남자는 꼬인다는 전설의 차,4
123,51초전은 못참지!,1
124,요즘같은 미세먼지 앞에서도 '자세'를 위해 창문을 내려야하는 차,1
125,"""창문을 위해 자세를 내린다.""",1
126,딱보고 구떠여~차다!!,1
127,벤츠 타면 여친 안생기죠 와이프가 생기죠,2
128,자세 ㅋㅋ,1
129,911이 제일 나은듯,2
130,구떠여 구피 갓피!!!!!!!!!!!!!!소리질러,1
131,ㄷㄷ,1
132,벤츠오너분들 옆에 남자만 타는거 사실인가요??,62
133,GT 형님 ㄷㄷ,1
134,이게 그 여자보다 남자들이 환장한다는 그 차인가요?,2
135,옆에 남자 태우면 좋은 차라해서 버스나 타고 다녀야지,1
136,이거 중고 얼마정도 하나요?,1
137,이뿌네,1
138,4:56 100명앞에서 빤스바람으로 춤가능하시다면...흠...혹시 구독자100만 찍으시면 100만기념 빤스바람으로 제로투 가능하실까요? 엌ㅋㅋㅋㅋㅋㅋㅋㅋㅋㅋㅋ,3
139,"구떠여!!구피다아!!!(잼민이1,잼민이2)",9
140,ㄷㄷ,1
141,잼민이 2는 예외인걸요..,1
142,쿠키영상 ㅋㅋㅋ,1
143,5:54 그 매니저를 빼면 아니되옵니다..,8
144,저거 타면 1주일 안에 갓길에 세우다 조수석쪽 범퍼 백퍼 긁겄다ㅋ,1
145,2:58 잼민이 형광쓰레빠,33
146,구떠여?와우,1
147,9:59 형 거기서 뭐해???,4
148,아 터치가 안되네 거참이러면 안사지터치 잘되는 캐스퍼나 사야겠데 므흣 ♡,1
149,구피다!!!,1
150,구떠여!!!@!!,1
151,시동을 안켜서 자세가,1
152,"아니 이거슨 ""자세""를 위한 차 아니여",2
153,구떠다 ㅋㅋㅋㅋㅋ,1
154,구떠여!,2
155,8181보고 딱 알았지!!,1
156,구떠여? 그냥 금수저지 뭐ㅋㅋㅋㅋ,7
157,자세!!!!!!!,1
158,잘보갑니다,1
159,울딸이 amg gtc 몰고 다닙니다.옆자리? 울사위가 탑니다. ㅋㅋㅋ,1
160,구떠여님 AMG!!,1
161,5:39 비비탄 왜있어욬ㅋㅋㅋ,1
162,구피 ~,1
163,??? : “자세” 를 위해 창문을 열어 줍니다.,1
164,기장 롯데월드 앞이네요!!!,1
165,‘자세’,1
166,13:51 도망가는 잼민이1,21
167,"""자세""라고 써있길래 바로 눌렀다..",1
168,예전에 조인성이가 이 모델 탔을거에요,1
169,과연 차 때문일까?,1
170,'코지한편',2
171,짜세가 올라간드아~!,1
172,"""자세""",1
173,구떠여...,1
174,자세,3
175,부산인가요???,1
176,뭐야 구떠여님 차네,1
177,구피맞네,1
178,5:37 비비탄총을 갖고다니신다고?,2
179,5:37 ㄷㄷ 총이다,3
180,구떠여님이 이 영상을 싫어합니다.,1
181,기장에 루지 타는곳 근처네요 오시리아 테마파크쪽,1
182,포드 머스텡 6세데 5.0 타고싶다…,1
183,남자들이 모이는 차 AMG GT & GT-R,1
184,잼민이2님 남자였나..?,1
185,찐 구피가 왔넹,1
186,히이이이익!,1
187,우파님 100명 앞에서 빤쓰만 입고 춤 가능합니까?,2
188,드림카,1
189,어... 구떠여님 차네???,1
190,요기 부산롯데월드,1
191,어 구피다  잼민이형차네,1
192,구 피다,1
193,우파 많이 컸네..'자세'님의 차를 리뷰하고..,1
194,5:35 총은 왜....?,1
195,왜 여자들한테 인기가없지?,1
196,잼민이3우파,1
197,동부산 근처에서 본거같은데 저 촬영때매 가신거였네,1
198,구떠여 옆자리엔 남자가아닌 잼민이2가 타고있습니다 ㅋㅋㅋㅋㅋㅋㅋㅋ,1
199,내차였음 여친생길까,1
200,amg gt 43도 타보니 정말정말 잼있는 차였는데 gt면 아주 기냥 다 쵝오 아니겠습니까? 타보고 싶네요~,1
201,디자인은 정말 포르쉐랑 벤짜이가 쵴오야~~,7
202,ㅋㅋㅋ 카트 타실떄 애니메이션 조합! 너무 최고인데요?! 편집자 분들의 편집력이 점점 돋보이는듯 합니다.,29
203,디자인은 GT 로드스터가 최고 ~!,2
204,GT 43 개간지 나네요 ㄷㄷㄷ,9
205,오늘은 성공한 덕후 컨셉이네….ㅎㅎㅎ,1
206,"엌ㅋㅋ 카트 ""나니?! 관성드리프트!!"" 13:53 날개를 펴면! 뽀대나죠 ㅋㅋㅋ 아 멘트",1
207,100만가즈아!!!!,1
208,"43, 53 라인을 찐 AMG 로 보기엔 아쉬운점이 많죠.. 대체 왜 BMW 랑 AUDI 처럼 차별화를 두지 않았는지 의문...",2
209,로또 맞으면 사고 싶은 차... 다시 팔 수 없고 무조건 타기만 해야 하는 차 하나 고르라면 AMG GT 63,4
210,와 진짜 amg차량들 등장할때 너무 멋있네요,7
211,일하면서 한용이형 amg타고 좋아하는거 보니 너무 킹받는다,2
212,저렇게  시승차량도 다시 판매가 되는건가요?,1
213,좋은 차로 서킷만 가면 신나는 한용쿤... 귀엽다,10
214,이 차때문에..아반떼N이 허접하게 느껴진거군요 ㅋㅋㅋ,3
215,벤츠와 잘어울리는 모카멋있어요^^,3
216,편집자님 인센티브 좀 주셔야 할 것 같네요ㅋㅋㅋ,18
217,AMG냐 M이냐.... 갠적으로 BMW 타면 무조건 양아느낌ㅠㅠ 넘 좋은 브랜드라는건 알겠는데ㅠㅠ,1
218,벤츠는 언제봐도 멋지네요!!,4
219,아파트에 얼마 전부터 AMG GT 63S  보이던데 자세가 진짜  멋진것 같아요,4
220,ㅋㅋ 영상 전반에 43GT 4Dr 정말 싫어하시는게 뚝ㄸ뚝 묻어나는군요.,1
221,GT를 CLS보다 윗급으로 잡아서 GT43이 CLS53보다 가격이 높습니다,8
222,제 엄마차가 인피니티인데 중고차 값이 너무 떨어져서 슬프네요ㅠㅠ,2
223,휠에 붙어있는 플라스틱 검은색은 공기저항을 줄여준다고하네요,2
224,슬슬질렸었는데....갑자기 내차에 더애착이생긴다 ㅎㅎㅎ빨리퇴근하고싶다,1
225,오 마치 벤츠 부사장님 같은 오프닝 앵글 좋아요,12
226,gt43 하실분들 꼭 에어서스 넣으셔요 채감이 확실히 다르네요,1
227,ㅋㅋㅋㅋㅋㅋㅋㅋ 너무 귀여우심,2
228,개인적으로 F1 의 세계를 슬슬 건드려 주시면 앞으로의 컨텐츠도 쏟아지고 새로운 분들도 더 많이 유입되지 않을까 싶네요~ 항상 대리 만족 감사드려요~ !!,8
229,ㅋㅋ관성 드리프트~~,1
230,3:08 프레임리스 도어에서 고급감이 확 오네. 풍절음은 괜찮은가.. AMG니까 풍절음도 헤비메탈처럼 신나게 뇌이징 되려나..,5
231,번창하세요!!!!!,2
232,오 43도 배기버튼이 생겼네,1
233,"포르쉐 파나메라랑 비교하시면 어떤 느낌인가요~? 저는 파나메라를 패밀리카 겸 드림카로 꿈꾸고 있는 대한민국 아빠 중 한명인데, 이 영상보니 amg gt 43 이나 cls 53 amg도 너무 멋진 차 같아요!",7
234,63GT 하고 포르쉐하고 비교 좀,1
235,둘다 아주 멋집니다. AMG SL63 은 언제 출시되겠습니까?  그차도 기대됩니다.,4
236,에디슨 모터스는 이렇게 그냥 묻고 넘어가시는 건가요? 영향력 있는 유튜버가 되셨는데 그렇게 에디슨모터스 다른 사람들이 의혹 제기해도 홀로 회장 초대해서 개미들 결집에 큰 기여를 하셨는데 지금은 전혀 그런 언급이 없군요,1
237,내 로망차!!,1
238,45엔진과 63엔진은 수제작으로 만들어지고조립자 명판이 붙습니다. 이 두엔진이 리얼 AMG엔진이고요. AMG의 저변 확대를 위해 만들어지는 35  43  53엔진은  공장에서 찍어내는 엔진입니다.,1
239,제가 현장 led스텝이였는데..저 전광판에 모카 띄워드렸는데 못보셔서 아쉬웠습니다 ㅠㅠ,3
240,와우 와이프가 지금 엄청 고민중인 두 차종이네요 역시 가려운곳 팍팍 긁어주시는 모카 최고입니다,1
241,짱츠 되고 디자인에 군더더기가 많아진 듯,1
242,Gt43은 256엔진이라 아마 사인이없는거 같네요..,1
243,수입차도 좋지만 차후 사후관리도 그렇고 저는 국산차량으로 구매하고 싶네요,1
244,3:23 v6아니구 i6.... ㅎㅎ...,1
245,관성 도리프트~~ ㅋㅋ,1
246,살수는있는데유지비랑 수리비랑 많이나와서 안탑니다...버스나타야지,1
247,혹시 저 박스 ppl? ㅋㅋㅋㅋ,1
248,관성 드리프트~ㅋㅋ,1
249,gh6광고이지만.. 와 저 포커스 정신없는거 중간중간 나오는데 어질어질하네요...,1
250,역시 암쥐는 투도어네여 ㅋㅋ 관성드리프트으으 촤르륵,1
251,gt43 cls53은  v6아니고 인라인6 입니다~~~~~,5
252,와 내 드림카,1
253,드림카...,2
254,13:49 '자세' on,3
255,굿ㆍ,1
256,오늘 영상이 이상해요. 초점 너무 못 잡네요...,1
257,대부분이 못 살 차에 회사가 열어준 시승행사 다녀와서 뽐뿌질만 박는..,3
258,재밌겠다.,1
259,19:16내 거친 생각과,1
260,넘  비싸서,1
261,놀이동산에서 놀다온거같네요 ㅋ,1
262,아니 카트가 더 재미지겠는데,2
263,아반테N 7대 가는값인데 어쩔수 없죠ㅋ,4
264,12:50 후지와라 김한용 뭐임 ㅋㅋㅋㅋ,2
265,신났군,1
266,머리좋은사람들이 머리가 크데요,1
267,저...저렴합...니다ㅎㅎㅎ,1
268,형 법인카 이제 조진다던데 형 잡혀가는거 아니야?,1
269,포루쉐팔고 기변한다 vS 무슨소리 포르쉐지,1
270,그르케.에디슨 얘기하더니.이제 쌩...쌍방울은 왜 얘기안하지?,6
271,???: 쫘세가 중요해요 쫘세가,2
272,구피가 이런 애였어??,1
273,아..늦었네,1
274,소유하고 싶으시면 한번쯤은 소유해 보는것도 나쁘지않겠죠.,3
275,"초청행사 문자왔었는데,,, 안간게 아쉽네요",1
276,이런거 찍을때가 아니라 에디슨 모터스 먹튀 사건 하셔야 한다니까요,2
277,훗 우주명차 현기에 비하면 다들 시레기죠 by 철교수,1
278,현금으로 살수잇음 근데 유지가 불가능해서 못삼,1
279,2,1
280,사세요~빨리 사세요~안사면 내가 안부러워 할꺼에요.,2
281,구피 많네요,2
282,"영상 잘 봤습니다 요즘 고유가시대에 황금연소비율(14.7:1)의 완전연소 유도장치인 아스티즈 에코원을 장착하면 아주 좋습니다  연비 31.33%상승효과와 출력 상승  매연감소 엔진소음진동 감소 효과를 확실하게 봅니다얼마전에 에코원 장착한 사람으로써 좋은 정보 알리기 위해 댓글에 한번 달아봅니다 참고로 유투브 검색란에 ""아스티즈 에코원""치면 나옵니다~^^",1
283,"모카tv 뇌물 받았나 싶을정도로, 주변 구매자분들 관점과 반대로 gt43 맘에 안드는거 칭찬 해주시더니 찰지게 까시는거보니 관점이 살아있으시군요",1
284,이제는 과거의 영광,1
285,1억3천이 저렴하냐?,1
286,쌍용차나 사거라 쌍용차컨텐츠 안만듭니까? 새로 쌍용인수에 뛰어든 애들이 돈을 안줘서 에디슨만 빨아주셨나 왜그러지? 80만을바라보는 채널이 파급력도 생각안하고 컨텐츠만들었나?,2
287,그래서 43은 얼마면됩니까?,2
288,노사장이 오지게 깐 차가 GT 43 아닌가여...,1
289,전기차가   아니네요   이제는   전기차로,2
290,하체후리기 봐..벤츠는 s 부터,1
291,비엠 엠  더좋타,1
292,요즘 벤츠별로라던데,1
293,"소식가의 배고픔을 배려한, 벤즈코리아의 노력에 경의를 표합니다!!",9
294,진짜 간 략 시승기네요. 그래도 미디어 행사인데 짧아서 아쉽네요.,1
295,파나메라 amg gt 진짜 디자인 끝판왕들 ㅠㅠ,23
296,감사합니다 기자님 잘 보겠습니다!개인적으로 이번 gt 앞모습은 정말 마음에 드네요,11
297,오 휠디자인이 엄청 멋져졌네,5
298,라인에 진심 이세요~^^멋진시승기항상감사드려요~!,3
299,나를 위해서 만든 차 같아요딱 내 스타일입니다. 그런데 돈이 없네요.너무 좋타.,6
300,감질나는 시승기네요 ㅋㅋㅋㅋㅋㅋㅋ,2
301,영상 잘보겠습니다 cls 53이상 gt43 둘중에 하나 고르라면 기자님은 뭐타시나요?,1
302,소중한 영상 감사합니다.,1
303,이번 영상은 뭔가 화면에 꽉차는듯한 느낌이있네요 ㅎㅎ 잘 보았습니다,4
304,어제 에버랜드 놀러갔었는데 옆에 서킷 보니까 행사하는거 같더라니 기자님이 있었군요티익스프레스도 AMG 부럽지 않게 짜릿했습니다,18
305,진짜 1랩만 돌리네..서킷에서 쌔게 돌리는것도 아니면서..  너무 박하네요.  시승차를 중고차로 팔모양인가,4
306,벤즈는 내연기관까지만 함께하는걸로ㅋㅋ빠빠이,3
307,21년형부터 43도 에어서스 들어간다길래 기본들어가는줄알았는데 아니였구나 ㅠ,1
308,"아 너무 멋지네요..cla 차주로서 드림카입니다,,",5
309,8시리즈랑 비교해서 승차감은  어떤가요?,1
310,얼핏봐서는 변화의 폭을 보기가 어렵겠네요?,1
311,카푸어형들 1년 리스 쌉가능 계약하셈.,1
312,신형 AMG 핸들 너무 이쁘다..,1
313,1등 한상이임 최고..!!,2
314,신형 씨클래스는 언제쯤 시승하시나요?,1
315,벤츠 GT 네요 잘했어요 ,1
316,멋있다는 말밖엔 ㅋㅋㅋ,4
317,스팅어가 싸게 느껴진다.,3
318,잘봤습니다.근데 저는 개인적으로 디자인만 봐서는 아우디Rs가 훨씬 이쁘네여.ㅎ,3
319,킹상기니뮤!! 진심은 퇴근길영상에서 ㅎ !!,2
320,킹상기 20만가즈아,1
321,킹상기니뮤ㅠ,1
322,소리 죽이네요,4
323,언제나 기자님의 4도어 5도어 발음이 아름답습니다. 포도어 파이브도어 라고 안 하셔서 더 좋아요,6
324,쿠페는 2도어가 쿠페이거늘요즘 세단도 쿠페를 붙이고심지어SUV에도 쿠페를 붙이니쿠페 오너로서 참을 수 없군 \ o /,5
325,기자님 요즘 연비 영상은 안올려주시나요 ㅠㅠ,1
326,운전이 재밋겟습니다,3
327,역시 GT는 아무데나 부치면  안됨,1
328,억~~~~ㅜㅜ... 잘 보고만 갑니다아~ 어차피 다음차는 전기차라~,1
329,amg 스티어링 휠은 개인적으로 참 별로 인 거 같아요.. 왜 갈라졌는지 ㅠㅠ,5
330,잘보겠습니다.,1
331,이거 오픈카가 이쁘던데,1
332,와 소리진짜 죽이네...가슴이 뛴다 ..,4
333,킹상기니뮤ㅠ,4
334,뉘르 랩타임 보니까 무겁고 육중해보이는 AMG GT63S 4Door Coupe 이 M5cs 보다 빠르더라구요 ㅋㅋㅋ 물론 랩타임이 전부는아닌데 대단합니다...;;,6
335,잘보겠습니다 수고하셧습니다 퇴근 브이로그 기다리겠습니다 ㅎㅎ,1
336,63도 리뷰해주세욤!!,1
337,한상기 카운터스티어,1
338,10분전은 못참지,1
339,이렇게 미디어데이에 들이는 돈을 AS 망과 차량의 한국형 커스텀 소프트웨어에 투자하지,1
340,어느새 끝나버렸네요..,1
341,야..아름답네요.,3
342,안녕하세여 한상깁니다,1
343,이차량은 에어서스가 아닌거죠??,1
344,CLA45s 출고는 그래서 도대체 언제쯤 시작한데요?,1
345,잘 보겠습니다,3
346,감사합니다.  한기자님 !,3
347,아니 근데 이게 돈겁니까? ㅋㅋㅋㅋㅋㅋㅋ 음식 냄새만 맡은 정도인데요?????,5
348,도깡터보가 달린게 아쉬울뿐 ㅜㅜ,2
349,내워너비 ㅠ,2
350,국내에는 43 들어오고 53 안들어오나요?,1
351,할루,1
352,로망이걸로 끝,3
353,앞휀다좀 얇았으면 훨씬예쁠텐데... 특별한 고급모델인데 밑에급 cls랑 프레임이 같아서 그런가.. 고게좀  아쉽네요....,1
354,1억4천짜리에 하이그로시라니...,1
355,367마력에 305mm 타이어는 너무 오바아닌가요;;,3
356,통풍 시트 핸들 열션 있나요?,1
357,48v나 제대로 만들고 차를 팔아먹던지...ㅎㅎ,1
358,gt는 63탑시다 43 뼈저리게 후회,3
359,Cls  껍데기에 대강 손만본차,2
360,43은 패션카 63이 찐임.,2
361,amg gt63s 파나메라 터보s  amg 요즘 뱔로라고 하던대 중국자본 때문에 이쉽네요,1
362,볼때마다 느끼는데 혀가 진짜 짧다.... 발음이...;;,2
363,한번쯤 타보고 싶네요 ㄷㄷ 진짜 ㄷㄷ 와우,2
364,요즘 SUV전문기자라는 별명이 생각나지 않을만큼 드림카들을 많이 시승하고 계시네요 :)...그나저나삼각떼 계약하신...?ㅎㅎ,6
365,아 역시 우리 갓상영기자님♡,8
366,리뷰 재밌게 잘봤습니다,1
367,나도 타보고 싶다...,1
368,옛날차지만 좋은차였던 기아쎄라토 골드나 아반떼등 그런 옛명차들도 소개좀간단히 해주세요,1
369,영상 재미있게 잘 봤습니다~!,3
370,볼때마다 가지고싶은 차,1
371,강병휘 선수님이 벨로스터N으로 서킷 달리는것도 리뷰 해주세요,1
372,저 오늘 학교가는길에 마이바흐랑 하교길에 한 59년된 벤츠가 길거리 주행하는거 봤어요 ㄷㄷ,1
373,개인적으로 디자인은 람보 페라리 맥라렌 다 씹어먹는듯 굴곡 너무 이쁘다,1
374,디터 제체 회장님 리스펙트,2
375,AMG리뷰할때 역사는 항상 나오네,4
376,너무 멋있어서 반해버렸다~~한번쯤 타보고 싶네요  근데 영상에 ㅋㅋㅋ 까마귀가 ㅋㅋㅋ 벌레가 ㅋㅋㅋㅋㅋㅋㅋㅋㅋㅋㅋㅋㅋ 그리고 짐이 충분히 잘 들어가군요,2
377,카미디어 amg gts 리뷰차량이랑 같은차량이네요리뷰 잘봤습니다.,3
378,조낸멋있다ㅜㅜ,2
379,벤츠에서 젤 갖고 싶은 차! 완벽,23
380,AMG GT-C 로드스터는 왜 출시 안하는건지.... 참 아쉽습니다...그러고 보니 통풍시트가 없다니...T.T 통풍은 완소 옵션인데..,7
381,보닛 보이게 액션캠 단거 좋은거 같아요 실감남!,1
382,구독 엄청 늘었네요 축하드려요~,2
383,"김상영 , 김한용 기자님 리뷰가 젤 재밌는듯",17
384,패들시프트로 중립 후진 다 들어가는데 사실상 기어노브 쓸일 없죠,1
385,벤츠는 AMG가 붙는 순간 더이상 얌전하지 않게 된다,3
386,인테리어  amg gt 4door 처럼 바뀌기만 기다리는 일인 가장 아쉬운건 헤드램프 눈매가  진짜  후미등처럼  날카로웠다면  정말  더이쁘고 대박일텐데,3
387,오 김상영 기자님 베이스 기타 치시나요!? 저도 베이시스트입니다! 연주영상좀 보고싶어요! ㅋㅋ,1
388,AMG의 브랜드가 없었다면 지금의 AMG GT는 기대 이하였을것이다. 지금의 AMG에 철학은 그분들 덕분이다.,19
389,어 이차 ! 9월22일 저녁 11시쯤  구리다산셀프세차장에서 본거같은데 ..그날 혹시 구리벤츠매장서 시승차 받으신건가 ㅋㅋ드라잉존으로 차량 이동할때 소리듣고 감탄했던기억이..두두두..,6
390,일반인들이 쉽게 접근할 수 있는 가격대가 아니라뇨 기자님;; 접근금지명령 떨어진 수준인데요ㅠㅠ,2
391,웬지 닷지에서 만든 닷지 바이퍼랑 비슷해보이는차,2
392,가끔 우리회사 주차장에 있던차뽈뽈거리면서 팝콘 엄청싸고다님..,1
393,호명산길은 amg gt같은 크고 고성능의 차가 성능을 느낄정도로 달릴수 없는 노면과 노폭 입니다. 또한 대항차와의 위험도 많은 곳이라고 생각합니다.차에 맞는 장소를 찾아가서 리뷰하셨으면 하는..아쉬움이있네요..,2
394,오마이갓 홀리...말ㅇ안나온다,1
395,동생한테 cls 하나 선물했는데 녀석 친구들이 눈이 없는지 이걸로 착각 하더라구요....ㅋ,1
396,와... 2018년 형.. 검은색을 길에서 본적있는데 흑백조같았어요 진짜... 실물 대이쁩니다..,4
397,"2018 메르세데스-AMG GT   1억7,060~2억900만원 ;;",1
398,"다 좋습니다. 좋은 차이죠... 그렇죠....그런데 우리같은 일반인이 가까이 하기에는 너무 먼 당신....그림의 떡,,, ㅠㅠ90년대 부터 이런 드림카들 사진들과 영상만 보고 설레이는 마음 추스리다가 어느덧 내 나이가 불혹을 넘어 지천명을 향해... ㅠㅠ그저 하루하루 먹고살기 바쁜 일상에 치다보니 이제는 저도 나이가 들고 현실에 지쳐버렸는지 별다른 감흥이 없네요. ㅠㅠ",1
399,"시승기 잘 봤습니다.^^  다만 와인딩이 로코 코스로 보이는데 주민분들이 와인딩 차량으로 인해 고통을 호소하고 있는 것이 이슈화된 상태이라, 좋은 선택은 아니지 않았나 싶네요.^^;",4
400,GT는 솔직히 깔게 없음...운전하는 재미의 장점이 너무 커서단점이 싹다 가려짐,2
401,카리뷰는역시노보스~!!,2
402,초반이 메이세에스로만 들림ㅋㅋㅋ,4
403,기어노브 불편하긴 하겠지만 전진 후진은 패들시프트로 바꿀 수 있지 않나요?,1
404,김한용 기자님 리뷰가 보기 편하네요,2
405,스팅어가 졸라베꼈네요 매우흡사,1
406,오~엄청 포스 있네요...앞모습 하고 가성비는G70 압승 이네요...,8
407,오랜만에 영상보네요 2억ㄷㄷ,1
408,뭐 이렇게 까마귀가 울어ㅋㅋㅋ,12
409,호명리 주민분들 양해해 주실꺼에요!,1
410,오늘은 쫌 빨랐네ㅎㅎ,1
411,역시 암쥐..,1
412,세이프티카~세이프티카~,5
413,너무 예쁘다,1
414,리프트기능 있나요?,2
415,최고봉은 GTR 아니요...,5
416,드림카,1
417,이 차는 뒷태가 너무 예뻐...,11
418,명준이형 이영상봤다네,1
419,노엘 보고 왔습니다,67
420,노엘차? ㅋㅋㅋㅋㅋㅋㅋ,1
421,기어노브위치가 어찌....저리불편하게 기자님 설명이 쏙쏙들어오네요!!,1
422,911팔고 가볼랫더니 말아야겟다,1
423,기어노브는.. 좀 그러네..,1
424,목소리가 김택용이네,3
425,해밀턴 : 세이프티카가 너무 느려!,2
426,일반적인 소비자라면 저 가격이면 S클래스를 사죠...,1
427,까마귀가 계속 우네요 ㅎㅎㅎㅎ,2
428,조회수없음에서 보는 짜릿함 ㅋㅋ,1
429,개인적인 생각인데 남에차에 앉거나 기대는거 쫌 ... 바지때문에 기스날스도 있고 차주입장에서는 빡칠만한 일 일수도 있지않나 싶네요,2
430,설명 하는 사람이 참 거스기 하네600마력도 안돼는걸 무슨 그리깔꺼는 시원하게 꺄고좋은건 좋타그게 그리 안돼는가?,1
431,ㅇㅎ,1
432,메르세에스라고 발음하시네 그게 원래 발음인건가 발음이 안되시는건가,2
433,177?,1
434,무슨 도로인가요?,1
435,오버행이 너무 길어,1
436,AMG,2
437,얘,2
438,Amg,1
439,바이터보가 뭔지 설명해주실분?,2
440,햐...저런차로 무슨 시골길에서 시운전을 하나....,1
441,엠블럼 평면 ...,2
442,7:20 까마귀 침투력 무엇?,4
443,차가 별로네요,1
444,솔직히 독특한 외형과 벤츠amg라는것만 빼면 가격대비 실내 사용자 편의사양이나 인터페이스는 구리다. 비슷한 느낌으로 가성비까지 생각하면 머스탱이 훨씬 낫다는.,2
445,본인차도 아닌데 본넷에 앉아 있는꼴 보기 안좋네요,9
446,왜이렇게됬냐 모터그래프,2
447,정말  촌티나는 리뷰네,1
448,왜 차에 걸터앉아..,1
449,공부 좀 하고 차량 소개하시는 게 좋을 것 같습니다!,2
450,후방추돌 즉사 각ㅋㅋㅋㅋㄱㅋㄱㅋㅋ,3
451,계기판은 왜 모자이크처리하신건가요?,3
452,아우디 R8이 더 나은 듯,7
453,그릴이 좀 깨네 k7랑 겹치는 느낌이라 그런가,1
454,저거 살 바에 차라리 벤츠 AMG C63 S COUPE을 살듯...,4
455,팝콘소리를 벨n에 갖다 대는건 좀 아닌듯;; 마력이 두배가 넘고 차값은 열배가 가까운데;;,6
456,계기판 왜가렸어요?,2
457,발음 진짜 샌다.. 멜셀뎃뜨 쥐티에뜨.. 옛날리뷰때보다 더심해진듯..,2
458,이분 리뷰는 개인적으로 별로..,3
459,차주님이 차를 잘 아셔서 잘 봤습니다. 차분하게 잘 설명 해주시네요. 좋은차 좋은 설명 잘 봤습니다,6
460,진짜 디자인이 너무 예뻐서 꼭 인생에 한번은 몰아보고 싶은 차 중 하나였는데 실제 차주는 불만이 많군요... AMG라 그런건지 만듬새에서 하자가 많군요.,2
461,CLS 랑 고민하다 GT가 서스펜션이 딱딱하다고 해서 CLS 로 왔는데 정말 딱딱한가 보네요.. 저는 패밀리카로 사서 지금에 만족합니다.  차주님 리뷰 잘 봤습니다~,29
462,솔직한 리뷰인 것 같아요. 잘 봤습니다.,2
463,오우 22살 목소리 미쳤.. 주행감 미션 떠나서 디자인이 넘사임 너무 이쁜듯 8시리즈도 이뻐서 고민은 될듯,12
464,차 너무..예쁘네요^^ 차주님도 말씀..잘 하시구^^ 잘 보구 갑니다~,4
465,AMG이다보니 세단형이라고 승차감이 좋을수가없죠ㅠ 정말 아쉬운,1
466,제가 진짜 좋아하는차 !!,13
467,저도  rs7이랑이차가 가장 관심을 가졌던차였는데 승차감이 너무 안좋다니,1
468,디자인은 인정!!!,3
469,패밀리카 하기 위해 전 e53으로 온걸 다행이라 생각합니다 이걸 보니까,4
470,차도 멋진데 차주님 목소리가 진짜 성우같이 매력적이네요 ㅎㅎ 부럽습니다,47
471,우와 서우토반님 차 엄청좋아보여요 영상좋아요,3
472,진짜 디자인은 쥑이다..근데 타보면  다른차가 너무 잘  만듬...,4
473,참 말도 또박또박 멋있네요 차주분 ^^,2
474,이말이 딱이네요. Amg답다! 차주 분이 차에 대해 잘 알고 있고 말도 잘하고 얼굴도 잘생기고 목소리도 부드러워서 영상 볼 맛이 났네요~ 추천 누르고 가요 ^^,10
475,22살에 차 설명을 저 정도로 한다면...차에 대한 대단한 관심과 정보를 갖고 있는거 같네요...부럽네요 ^^,1
476,승차감만 좀 좋았으면 ㅠㅠㅠ,3
477,Cls53 2022 계약했는데 이거 보니깐 참 잘한거같아요..,1
478,에어서스옵션넣으시면 탈만하다고 하더라구요대신 터지면 가격은ㅎㅎㅎ,2
479,뒷자리는 840i가 더 승차감이 좋은거 같아요....,8
480,멋있습니다 차주님,5
481,26살 쏘렌토mq4 이마 부여잡고 보고있습니다 눈물이 위아래로 나오네요,1
482,차주님이 진짜 목소리랑 외모랑 뭐 꿀리는게 없네요,18
483,에어서스 인디오더해서 패밀리카로 잘 타고 있습니다.벤코가 53을 안들여온게 제일 아쉬운 부분입니다.,19
484,서우토반님 gt43과 cls53 정말 고민 하고 있지만 gt는 포기하고 cls53리뷰 정말 부탇 합니다,1
485,차보다 차주 님이 상남자같네요..말도 잘 하고 차 지식도 해박하고...객관적 입장에서  설명까지....,1
486,디자인 다 좋은데 스포일러 윙이 넘 빈약해서 포스가 덜 남ㅋ 매립식이라 어쩔수없지만 사제로 좀 더 큰 윙 다는 사람도 많을듯요ㅎ갠적으로 bmw 퍼포먼스윙 같은 적당한 크기의 윙이 이쁘다고 생각함ㅎ,1
487,잘생기고 어리고 목소리좋고 돈많고 ㄷㄷㄷ,3
488,차주분이 차잘알이시넹,4
489,43모델은 에어서스 안들어가죠? 오래 탈 차량이면 파나메라나 8시리즈 비교했을때 워런티 끝나면 수리나 관리비용이 43이 더 괜찮을것 같아요,4
490,"외모, 언변. 목소리. 부모님재력까지 겁나 부럽다",22
491,gt43 고민하다 e53 으로 갔습니다..물론 디자인은 gt가 월등합니다.,1
492,"장점에 ""벤츠다"" 라는거 안나와서 정말 좋앗구요 22살 이신데 차에 대해 상당히 지식히 해박하신듯 하네요 설명도 조근조근 자세히 이해 쉽게 잘 해주시는것 같습니다 영상 정말 잘 보고 갑니다",23
493,오 43에도 마일드 하이브리드가 있었나요? 63만 들어있는 줄 알았는데 새로 알았네요,3
494,역시 인생은 복불복이 진리!,4
495,말씀 너무 잘하시네요,1
496,금수저 부럽다...1억 4천을 올 현금으로 사고...다른 차를 본게 BMW 8시리즈 X6를 봤다니...난 22살에 일병. 상병 이였는데...,6
497,차주님 목소리 진짜 서윗하다...,2
498,Cls차주 인데 이 차는 정말 부럽네요,1
499,3:40  20토크가 아니라 20마력입니다.48V는 그렇게 큰 힘을 내지 못합니다.,24
500,하 뭐가 어찌 됐든 디자인으로 봐서는 사고 싶다 ㅠㅠ애때문에 포기하고 큐팔을 ㅠㅠ,4
501,부모가 스펙이다,12
502,부러운점1. 젊은 나이2. 부모님의 재력3. 목소리4. 말을 잘함5. 왠지 잘 생길거 같음,79
503,갠적으로 gts gtr에 문 두개 더 억지로 넣은 느낌이라 디자인은 별로인듯하네요,2
504,하…22살에….미쳤네….현타오네,6
505,22년식 페리 계약하고 기다리는중인데 에어서스랑 어쿠스틱 컴포트 넣길 정말 잘했다는 생각이 드네요 얼마나 차이가 있으려나 모르겠지만요 차주님의 리얼한 후기 감사합니다.,5
506,벤츠!! 넘 이뻐용 ㅎㅎ,4
507,목소리 진짜 좋네요..,5
508,말씀을 하시는게 22살같지 않으세요 ㅋㅋ 여러모로 멋지십니다,4
509,다른건 모르겠는데 목소리는 진짜 좋으시네..,7
510,파나메라 대항마 쩐다,2
511,부모를 잘 만나야되요^^ 차도 그렇지만 인생 출발선이 틀림  ,4
512,부자들 많다.......부럽네요ㅜㅜㅜ 솔직히 부자집에 태어난 사람들 일단 하고싶은거 갖고싶은걸 가능한 선에서 다 할 수 있어서 부럽다........아직 학생인 저는 저런거보면 그래도 공부 열심히해서 30살에  amg gt끌어보려고 노력하는중인데.......쩝...,4
513,22살이 1.4억 현금으로 차를 사고 골프를 치러 다닌다? 와.........,25
514,제가 잘 몰라서 그러는데 43  63  gt 4도어 무슨 차이인가요? 설명해 주실 분 계신가요?,1
515,진짜 저 디쟌은 어정쩡해서 별로던데개취인정,7
516,차가 간지네,2
517,역시 이번에도 금수저..  항상 영상보기전에 이번엔 어떤 금수저일까 하고 봅니다,59
518,부럽습니다,3
519,어린 나인데도 불구하고 말을 너무 잘하시네요. 얼굴 안보고 나이 유추하면 거의 모든사람이 최소 30살 이상으로 볼듯.,11
520,오늘 차 받아서 집에와서 유튜브로 찾아서 보는 중이에요 ㅎ 파나메라 타다가 바꿨는데 여자인 제가 타긴 확실히 하드한 느낌이에요 차도 엄청 오래 걸려서 받았네요ㅠ,4
521,22살때 k3 탔었는데… 저긴 다른 세상이구나 ㄷㄷ,6
522,와 목소리 빠져든다...,2
523,22살에 GT43ㅋㅋㅋㅋㅋ 이젠 부모님 재력도 스펙인 세상... 전 22살때 K-911 트레일러 타고 댕겼는데ㅂㄱㅋ,37
524,GT 모델은 옵션도 그렇고 63이 진리인거같습니다. 43은 진짜 패션카로 팔려는 목적이 커보였어요.. CLS가 인기많은 이유중 하나ㅎ,16
525,그나저나 서우형 진행 거의 참기름 수준이네 엄청 매끄럽네 와 서우mc,3
526,전 사삼지티보다는~ 오삼쿠페가 더 예쁜 거 같네요^^,1
527,워후... 목소리 상당한 중저음이시네,3
528,요즘 금수저 분들이 진짜 많이 나오긴 하네요.......얼마 전 에비에이터 차주분도 24살에 차 2대째 기변하고 부모님과 골프 치고 다니신다 했는데.,11
529,벤츠는 222에서 정점을 찍고 내려오는중,1
530,20살인데 진짜 ㅈ네 부럽다 인생…,36
531,개인적으로는 gt43 신차보다는 파나메라 중고로 가는것이...,1
532,오늘 무광블랙을 봤는데 크헉~ 옆라인과 뒷태가 특히 끝내줌....,4
533,22살 amg gt43 현금박치기....골드....의 삶,3
534,8 오너입니다. 나름의 이유로 gt4도어 아닌 8 선택했는데 영상 보니 정말 잘했다는 생각이 듭니다.각자에게 만족감 주는 차가 있으니 무조건 8이 낫다는 건 아니고 gt4도어가 더 만족스러운 분들도 당연 있을 겁니다.다만 연비 잡소리 옵션 승차감 소음 등 지적된 모든 부분이 8에게는 일체 없는 문제이긴 합니다.참고로 8 시내연비 8~9 고속크루징 15까지 나옵니다. 디자인과 삼각별에 매우 큰 가치를 느끼는 분들과 딱딱한 승차감으로 좀 더 스포티한 느낌을 느끼고자 하는 분들은 gt4도어 선택하시고 요모조모 비교해서 일상에 더 편안하고 합리적인 선택을 하고자 하는 분들에게는 8이 더 만족스러울 겁니다. 그리고 Amg도 있는지 모르겠지만 8은 Bmw에서 7시리즈 이상 차량에 제공되는 프리미엄 회원 서비스 대상이고 이게  현금가치로 환산해도 500만원은 족히 넘습니다.,9
535,"맞습니다. 저는 43오너입니다. 사실 벤츠amg중에서 제대로 타려면 63가야합니다. 43은 amg중에서도 gt모델 중에서도 가장 엔트리이기때문에 63이랑 차별성을 두기위해 많이 빼넣은것 같습니다. 뒷자리옵션이 없다고 하는데 열선있고 통풍은 옵션넣으면 되고 아니면 통풍튜닝하시면 됩니다. 5인승이나 뒷자리 중앙 컵홀더 있고 중앙에 팔받침대있고 뒷자리는 사실 배려가 좀 없긴합니다만,amg엔트리 치고는 옵션이 생각보단 많이 들어가 있습니다. S클에서나 들어가는 부메스터 스피커 들어가있고핸따, 엉따, 통풍들어가있고 등받이 전동 , 밴츠고질병인 네비게이션이 똑똑해졌고 AI연동 되고 터치도 됩니다. 중앙에 조작대가 생각보다 편리하고 디컷핸들에 중앙 액정패널도 큽니다. 뭐 나름 벤츠만 타온저로서는 뒷자리는 좀 배려가 없는건 사실인데 옵션이 그렇게 없거나 하지는 않다고 생각합니다. 천장 썬루프쪽 수동으로 왓다갔다 팔로 움직여야 하는건 좀 아쉬운데 그게 뭐 운행하는데 크게 불편함은 없습니다. 잡소리 하는데 저는 잡소리가 없습니다. 프레임리스라 가끔 고무맞닿는 소리가 방지턱에서 아주 가끔들릴때가 있긴한데 불퍈한 정도는 아니고 찌그덕 거리는 소리 썬루프에서 나는 소음도 저는 경험하지 못했습니다. 아마 영상차주님깨서 겪으신 문제점은 아마 구모델이라 그러지 않나 생각합니다. 다만 트렁크 뒷자리와 광폭타이어로 인해 노면에서 타고올라오는 공명음은 있습니다. 그건 저도 공감합니다. 그거는 대신 방음튜닝을 하면 다 해결됩니다. 출력면에서는 파나메라4보다 빠르고 718박스터와는 제로백 동급입니다. 출력은 367마력에 마일드하이브리드 합치면 389마력으로 근 400마력대의 차입니다. 공도에서 왠만하면은 다땁니다. 연비는 63에 비하면 63은 연비 3-4인데 그에 비하면 43은 6-8정도는 나오는것 같고, 고급유넣어야 해서 그런면에선 좀 안타깝습니다. 물론 스포츠카에 연비보고 타는건 아니지만요 ㅎ그리고 타이어가 과스팩이라 타이어 구하기 힘들다는 단점있고, 공명음이 거슬리면 윈터타이어 끼면 소리가 많이 줄어듭니다. 이상 지티43차주 7개월째 타고있는 오너였습니다 ㅎ 다들 자기가 만족하는 차 타시길 바랍니다!",2
536,22살때 겜방 한시간더하려고 라면안먹었음,71
537,흰둥43타고있습니다 진짜 솔직하게 피나메라가 답입니다ㅎㅎ,4
538,부모 잘만나서 좋겠다,2
539,Gt랑 고민하다 GLS 580으로  넘어왓는데 만족,3
540,질투심들 덕분에 댓글이 흐려지네요시기 증오보다는 본인도 부자가 되거나 저런 차를 사줄 사람이 되겠다고 맘먹는게 좋지 않을까요?저는 마흔 살에 911타는걸 목표로 하고 있습니다 출연하신 분 차멋있습니다 안전운전하세용,18
541,22살에  1억 3천  짜리  차를  타고  다닝  ㅎㄷㄷ  부럽구먼,4
542,범죄로 번돈 아니면 인정하면 될걸 잘산다고 까고보는 것들 겁나 많네 ㅋㅋ 그래서 평생 그지로살고 자식들한테도 같은삶을 물려주는거지 ㅋㅋㅋ,6
543,22살인데 차잘알ㄷㄷ,1
544,부모 잘 만나 좋은 차 타서 좋은 평은 좋긴하나 문제는 20대때 이차를 타면 30대때는 포르쉐나 벤틀리 포르쉐인데 본인 능력으로 감당 할수 있으려나..그나 저나 연비는 진짜 쓰레빠네..ㅜㅜ4만원으로 100키로 간다는거네.신형 나온다해서 고민 스러웠는데 s클350d로 가는게 이득일듯..,2
545,목소리 좋아서 계속 봤네,4
546,와 제드림카..,3
547,1억 4천 올 현금... 부럽습니다!,14
548,아버지 잘 만나서 부럽다,1
549,ㅈㄴ 부럽다,1
550,전국 수저 자랑. 반박시 부러워서 그럼.,5
551,오늘 구매했는데요 백미러 접으면 양쪽이 접히는각도가 다르지않나여?,1
552,이야…이런말하기 진짜 싫은데 부럽다 ㅋㅋ,11
553,역시 금수저... 현실은 저나이에 차가 어딨어 에효,12
554,음.... 비싸고 이쁜 쓰레기차? ㅎㅎㅎ 저는 그랬습니다!!,1
555,ㅋㅋㅋㅋ 난 사지도 못할껀데 왜 엔카에서 구경중인가..?ㅋㅋㅋㅋ,2
556,6개월째 타보고 있지만 저는 너무 물렁가려서 싫던데 ;;;,1
557,디자인하나만보고산다가아니고 가격하나만보고 못산다.,2
558,굿^^,1
559,서우토반님 마스크 정보좀 알려주세요..ㅠㅠ,3
560,부럽긴하다..ㅋㅋ,2
561,혹시 둔산동 근처에 차를 주차하신 적이 있으신가여? 차를 저번주 일요일에 한번 본거같은데 ㅋㅋㅋㅋ,4
562,개이쁘다,2
563,와..연비;;,1
564,48v는 20토크 아닙니다,2
565,8시리즈 대비 완성도가 너무 떨어지는데 ㅋㅋ,1
566,시발.. 개부럽다..,1
567,오ㅏ..22살에…,2
568,나도 열심히 해서 내 아들 22살에 비싼차 사줘야징ㅎㅎ,20
569,우째 그래도 공부를꽤한티나네ㅋㅋㅋ아빤티 다른차사주라하셔요,2
570,부모가 스펙이다,20
571,금수저 ㄷㄷ,3
572,하..22살에 난 뭘 탔나..인생 ㅈ..,1
573,대전에사는 22살 대학생 amg gt 43amg 차주입니다..(??),3
574,젠장 차보러 왔는데 차주 목소리만 듣고가네,1
575,돈만있음다사는데 무슨 희소성이야기하는가 ㅎㅎ,1
576,안재현 배우분 닮으셨네요,2
577,금수저가아닌 다이아몬드다..ㅋ,1
578,금액에 비해 단점이 정말 깨네요. 특히 뒷자리 옵션이 4천만원대 국산차보다 못하네요.,4
579,부모 잘 만나 좋겠다. 니 팔자지머.,4
580,승차감 너무구림..새차할때 간쥐는 좔좔,1
581,외관디자인 뭔가 어정쩡하던데 특히 뒤쪽이 못생김 차라리 s쿱이나 까브리가 완성형 디자인,2
582,차주  카리뷰어임? 말 존나 잘하네,1
583,팩트 : 키작남들만 탈 수 있음,1
584,파나메라 페리됐는되요...,2
585,진짜 파나메라 안부럽다 너무 예쁘네,7
586,마력 토크 g70 3.3급인데 개비싸네 역시 벤츠인가... 그돈씨 911 인증중고,2
587,금수저들 많이 나오시네^^,2
588,2021년식 gt 43 패밀리카로 쓰는데 전 소음 잘 크게 안느껴지는데요? 약간 노면이 거칠때 노면음을 타고오는건 있습니다만.. 그리고 뒷자석 가족들 태우고 2시간 3시간 다녀와도 크게 별말 없엇습니다. 전 패밀리카로 몰고 다니고 매우 만족중이에요그리고 8시리즈하고 차이는 솔직히 내외관에서 너무 디자인에서 압도해서 전혀 8선택할 수가없었네요 cls53 마찬가지 개취로 공도에서 볼때 포스에서 나머지 경쟁차종 압도해버린다고 생각..,6
589,므ㅓ 디자인 하나는 ㅋ 근데 목소리가 영업사원 목소리 같다 ㅋㅋ,1
590,딱!,2
591,1.4 억에 마력이나 연비나 딱딱에 잡솔 별루인듯,1
592,22살이............,10
593,아이고 배야...ㅎ,3
594,아반떼n라인 차주와 대비대는 댓글들. 역시남자는 잘생기고 돈이많아야. ㅋ,1
595,현금출고에서 겜 끝 ㅋㅋㅋㅋㅋ,15
596,Amg sl 43도 나올까요..,2
597,틴팅이 예쁘네요 틴팅정보좀 알수 있을까요?,2
598,금수저 특집이냐,4
599,22살이 멀 이레 차를잘알어,1
600,듣다보니 디자인 빼곤 볼거없단 얘기네.,1
601,22살에 차가진것도 신기한데 1억 4천ㅋㅋㅋㅋ 거의 부모님이 로또네 개부럽,5
602,"금수저는 맞긴한데, 차잘알 이라서 쵸큼 용서(?)가 됩니다? 아빠 나 벤츠 사줭~ 딴애들도 다 벤츠 탄단말이야~ 이런건 아닌거 같고 확실한 카매니어 맞네요. 복받은 금수저...",3
603,마일드하이브리드로 20토크 상승 ㅋㅋㅋㅋㅋㅋㅋㅋㅋㅋㅋㅋㅋㅋㅋㅋㅋㅋㅋㅋㅋㅋㅋㅋㅋㅋㅋㅋㅋㅋㅋㅋ 20마력이겠지,3
604,"3년 안에 중고 매물 나올거 같은데?응, 그래도 못 사",2
605,"진짜 이런거에 열폭하는 애들은 수준이 나온다. 가난이란 피해의식에 쩔어서 세상탓, 현실탓만 하면서 노력할 생각 안하고 열심히 살 생각 하지 않는 ㅋㅋ 돈이 많음에 부러워 할 순 있어도 도대체 왜 분노하고 짜증내는걸까? 수준;;",18
606,코인대박인가요?22살 현금일시불ㄷㄷ,7
607,벤츠는 중국묻어서 애매해,1
608,26살에 DN8 타는데 현타 쌉오지네,2
609,열폭이 많네 ㅋㅋㅋㅋ,3
610,1,2
611,중고차 딜러보다 차를 더잘아노ㅋㅋ,1
612,새끼.. 기합!!,3
613,패션카,6
614,짜증나네,11
615,ㅋㅋ,2
616,법인차량 뽑아서 아들내미 타라고 준거 끌고나온 느낌이네,6
617,제발 벤츠가 비엠보다 좋은차다라고 말하는놈들은 진짜 차알못이고 디자인은호불호이지만 그것빼고는 비엠이 절대질게없는데 바보들이..,2
618,2주 안에 받은건 취소 차량 받은거구만...차주 여기 나온다고ㅋ 공부 겁나게 했네ㅋㅋ,5
619,이거보고 이재명 뽑는다 ㅋㅋ,9
620,인터뷰내내 목소리 까느라 고생했닼ㅋㅋ,3
621,외관 촌스러운데 나만 그런가?,3
