,comments,likes
0,드뎌 여행 하실때 자주 보이는 벤츠 R 클래스 소개 영상 올라왔네요!  수리비가 거의 장난아니네요. 한국에는 정식 수입이 안되었던  모델이라 개인적으로 궁금했는데   R350 4 matic 영상 잘 봤습니다.   어떤 분이 댓글에서 NSX 이야기도 하시던데 기다리고 있겠습니다.,2
1,엔진 오일과 필터만 잘 갈아줘도 오래 타나요? 자동차는 연식 좀 되면 계속 수리해가며 타는 걸로 알고 있는데 존님은 별다른 정비 없이 깔끔하게 오래 타시는 것 같아서요 ㄷㄷ,2
2,이 차량들 다 인슈런스 내고 계신거죠? Liability 만 내도 한달에 몇백불일거 같은데. 대단하십니다.,2
3,명심 해야겠군요ㅎ  중고차는 옵션이 적은차ㅎ 영상 잘봤습니다.,2
4,"오늘은 영상을 한국에서 보내요... 어제 LA에서 돌아 왔네요. 저도 차를 좋아하지만, 영상 참 좋습니다. 화이팅요~~~",2
5,R350 비싼거아니에요? 아무리중고러도,2
6,"저역시 사회생활 시작하고 많은;; 차를 타고 다니다 지금은 그냥 무난하게 현대 그렌저를 탁고 다니는대 같은 부서 대리가 구매하고 싶다고 조르네요;;      잔, 아직 한국엔 r350 이 없는거 같은대 저한테 넘기실 생각없으신가요^^  전에 애마 중 일부 정리한다고 하신거 같으신대,, 물론 차값외 이삿짐으로 한국으로 보내는대 들어가는 비용은 제게 부담합니다. 혹 한번 생각해보아주세요,,  알다시피 저가 이젠 한국에서 새차를 타기는 힘들어서^^ 미국가더라도 새차보단 중고차를 사야될것 같은대 r350 맘에 드네요~~",2
7,오늘도 실용적인 벤츠를 가지고 오셨네요 ㅎ,2
8,처음보는 차네요 ㅎR클래스라니 ㅋ,2
9,판매되었나요?,3
10,연락처좀 알려주세요.~^^,3
11,이쁘네요 역시 고급스러움,1
12,와우 ㅎㅎ,8
13,이뻐 이쁜데.. 가격이 좀;;;,7
14,저 가격에 c클을 누가사ㅋㅋㅋ 인데 대기가 1년이라네요ㅋㅋㅋ 다들 부자인가봐,11
15,??? : S처럼 만들었지만 E 가격만 받을께~ 고맙지?,10
16,렉서스 es보다 한참작은 차를 더 비싼가격에 ㄷ ㄷ  게다가 풀가솔린을 저값에? ㄷ ㄷ 차라리 모델3을 사것음..,6
17,실상은 졸라 잘팔린다는거지,6
18,이제 아재님들은 안나오시나요,2
19,적당히 하시지 T T,1
20,"c클래스가 편의성이나 기능등이 많이 발전했지만 아무래도 사이즈에서 준중형의 한계가 느껴지는것 같네요그리고 전기차가 많이 출시하고 보급되는 시점에서 가격 경쟁력이 오히려 더 떨어지는 느낌입니다.(물론 전기차와 내연기관차라는 차이가 있지만..)결론적으로 벤츠 C클은 운전을 해보면 항상 맛보기라는(다양한 맛을 느껴볼 수 있지만 감질맛 나는) 느낌이 듭니다. 그걸 E클래스에서 어느정도 만족하게 되고, S클래스를 선망하게 만드는 좋은 엔트리 모델이란 느낌은 확실합니다.",14
21,어제 전시장가서 보고 왔는데 타사 경쟁사랑 비교해도 역시 벤츠를 고르고 싶게 만드는 예쁜디자인에 감탄…,9
22,오! 드디어 c클래스 시승기를 보게되었네용^^!!! 저는 4륜이 좋아서 c200대기했어요! 구매에 도움되는 후기 감사합니다!,16
23,가격의 클래스가 남다르네요 👍,73
24,트렁크에 상자같은거 기본 제공이 진짜 별거 아닌데 엄청 활용도큰 물건은 진짜 좋은 듯,3
25,"디자인은 역시 벤츠~~ 이제 엔진,미션만 잘 만들면 되겠네요..",2
26,제가 모카방송은 거의 챙겨보지만 댓글은 안쓴데요. 썸넬 베이비 한용 이미지 만드시분은 상당한 똘끼와 재능이 많으신거 같습니다 한번 보고싶군요.. 엄청난 센스와 재치와 하극상을 갖고계신분같아요,5
27,지금껏 c클중에 가장 이쁘고 멋진 느낌저 디자인의 e클과 s클은 그닥인 느낌인데C클에 저 디자인이 잘 어울리는 느낌,16
28,한용 피규어 하나 나와야 할듯… ㅋㅋㅋ 어딜 갖다놔도 다 어울려 ㅋㅋㅋ,4
29,와 s클래스의 세계최고 내부를 이제 c클래스에서 볼수있다니!,4
30,연비가 좋지요 현기차가 동급대비 마력이 좋아진건 사실 8~9년정도는 된듯..,2
31,"13:08 역시 벤츠 C클래스도 모하비실버 색상도 너무 예쁘네요그리고, EQC400도 있는지 없는지 잘 모르겠네요",3
32,c300AMG LIn 인데 HUD 없다는게 아쉽네요 증강현실 네비는 헤드업으러 봐야지 제맛인데 그리고 진짜 차리뷰 너무 잘해주셔서 보는 재미가 솔솔하네요,5
33,가격이 높아서 마크값이다 뭐다 하는 글들도 공감은 합니다20대때 첫 차를 벤츠로 입문해서 c250d e300 c43 순으로 타다가 살면서 비엠도 한번 타보자는 마음에 작년에 비엠 8시리즈 구입해서 타는데 차급을떠나 확실히 브랜드별로 장단점 및 추구하는바가 다르다고 봅니다와이프 차량용으로 다음주 c300 받는데 실차주 입장에서 압도적으로 비엠이 좋았다면 세컨카도 비엠을 샀을텐데 다시 벤츠를 구매하게 되네요,3
34,S클래스에 디자인 변화를 미리 적용해서 익숙해진 다음에 아래등급으로 내려온다. 이게 참 좋은것 같습니다.반면 현대는 아래등급(스타리아)에 디자인을 미리 적용하고 윗등급에 같은 헤리티지를 심어서 고급차가 싼티나게 만들어버렸음,3
35,김한용 기자님이 좋아하는 정도의 서스펜션 강도(약간 단단하고 쫀쫀한~)는 50대 이상에게는 부담감(딴딴하게 느껴지는)이 있습니다.,5
36,"디스플레이는 S-Class는 OLED, C-Class는 LCD 입니다. 그 때문에 색과 화질차이가 느껴지는 것일 겁니다.",38
37,잘 보고 갑니다.진짜 시승기,4
38,C200 사전계약하고 어제 연락와서 시승다녀옴. 아내차로 선물할거라 아내랑 같이 다녀왔는데 실제로 보면 반함. 승차감 나쁘지않음. 아내가 시승해보고 좋다고 하네요. E클래스 익스클루시브도 타본사람인데 C클이 맘에 든다고 해서 출고 기다리기로함.,6
39,와잎차로 c300계약해놓고 기다리고는 있는데 진짜 너무 비싸진듯합니다.. 340i 민트중고도 보이는 가격이라 고민되네요..,13
40,"올해 물량 빠지면 내년부터는 c200도 후륜으로만 나온다던데... 쨌든 신차효과, 통풍시트, 반자율주행, 마일드하브, GPF 등등 가격 올릴요인은 많죠...  우린 이걸 실질적 가격 인하 라고 부르기로 약속당했습니다ㅋ",4
41,C63 4기통의 시작을 알리는 세대교체.. 왠지모를 씁쓸함이 느껴지네요 ㅋㅋㅋ,1
42,C클래스 장난아니다ㄷㄷ,1
43,여전히 지도 퀄리티는 현지화가 아직 멀었네요.ㅠ,1
44,우리나라 차들도 시트 좀 424로 접혔으면 좋겠다 SUV 뒷 유리 열리는 것도 어느 순간부터 사라져버렸고,1
45,가격빼고 다 맘에드네요 ㅎㄷㄷ,1
46,"S클 느낌이 난다 -> 그만큼 C클 가격을 올리겠다 -> 다음 나올 E클, S클 등 윗급 가격도 올릴거다 요런 빌드업일려나",7
47,"김한용 모카님 혹시 e클래스 w214풀체인지 소식에 관련해 영상 제작 가능하신가요?? w214언제 출시가 되고 내외관 디자인, 기능 ,차량제원등 매우 궁금한 게 많습니다 !!",2
48,어제 C 300 30분정도 탔는데하체도 그렇고 힘도 그렇고 엄청좋음...E보다 좋은거같은데 진심 구매가능하다면5시리즈안사고 이거살거같음,5
49,궁금한게 a클래스랑 아반떼랑 준중형급 차고 전륜구동인데 왜 아반떼가 공간효율성이 월등한가요?,2
50,C200 - 5500C300 - 6100이었으면 역대급이었을거같은데....,2
51,세상에 싸고 좋은차는 없다는실구매 8천 다되는 차인데 안좋을리가...,3
52,와 5시리즈사야겠네  ....,212
53,베이비 S 라고 하지만 저번 세대도 그렇고 막상 앉으면 플라스틱 덕지덕지... E클도 그랬고... 이번엔 좀 나아졌나??,2
54,와씨 가격이 ㄷㄷㄷㄷ,1
55,가격책정을 잘한게 아니라 C200이 너무 비싸게 책정된 것이 아닐까요?,8
56,이게바로 그돈씨 레전드 차입니다..  진짜 개열받,18
57,벤츠는 s클래스셋팅 즉 뒷자리 오너 위주의 셋팅의 차고 주행중 느껴지는 모든 불편한  자극들을 거세시켜버린 굉장한 브랜드임 다만 그 불편한 자극중 스포츠성이 있는데 누군가에게는 즐거움이지만 누군가에게는 두려움이 될수있는 자극이다 벤츠는 스포츠성을 살리면서 두려움은 제거하는 수술을 시도했으나 그건 현대의학이 닿을수 없는 영역이기에 결국 양쪽 모두를 제거하면서최고의 컴포트차량을 만들었다차가 스포츠성이 부족하다는게 아니라 운전의 짜림함이 없는것 결국 3시리즈 a4같은 젊은 오너들은 애 아빠가 되지 않는한 c를 사랑할수 없지 왜냐 그 나이때는 피가 끓거든이 급에서는 언제나 3시리즈가 답이였고 완전 전동화가 되는 그 시점에서도 아마도 3시리즈가 왕일것이다혹 벤츠기 때문에 가격이 비슷하다고  c랑 5시리즈랑 고민을 한다면 그건 아주 미친짓이다 bmw보다 벤츠가 급나누기가 훨씬 뛰어나다 s클래스 e클래스 c클래스 돌아가면서 타보면 각 클래스마다 이렇게 넘사벽이구나 싶다 근데 bmw는 3시리즈 5시리즈 7시리즈 번갈아 타보면 잉? 3시리즈 사이즈만 키웠네 이런 생각이 든다 bmw는 엔진 미션 하체에는 돈을 안아끼는 예술가라서 그렇다 c는 벤츠의 아반테일 뿐이고 소나타인 5를 이길수 있는부분이 약간의 컴포트와 고급성뿐 아반테는 결국 아반테일뿐임다만 운전자들중 편안하고 안락한주행을 싫어하는 사람은 없다 더 스포티한 주행을 좋아하는 사람이 있을뿐 본인이 운전을 스포티한걸 좋아한다면 무조건 bmw고 아니면 벤츠다가즈아 bmw,1
58,코너링 장면에서 진짜 저런곳에 가신줄 ㅋㅋ 10:29,2
59,장난아닌데 가격도 장난아님 ㅋㅋㅋㅋㅋㅋㅋㅋㅋ,151
60,"6000만원 만들려고 c200에 4륜 넣은 벤츠코리아의 가격 정책이 가장 큰 문제. c로 시작해서 모든 모델의 가격을 대폭 올릴듯. 또 벤츠 따라 bmw도 가격 올릴거고, 수입차 대부분의 가격 인상 도미노가 예상됨.",12
61,기가 텍사스 오픈했는데 기자님의 시각으로 썰 풀어주면 잼 있을듯,1
62,근데 너무 비싼거 같아서 3시리즈 매력이 더 커진 느낌인데 근데 bmw가 디자인을 좀 어떻게 하긴 해야할듯,1
63,2열 열선없는거 너무한거 아닌가?? 실내 인테리어는 진짜 이쁜데...내년엔  2열열선이랑 4륜 들어가면 좋겠네요,1
64,와..엄청나네가격이,1
65,이젠 3시리즈랑은 완전 결이 다르네요. 또 다른 판매시장이 형성된듯합니다.,9
66,진지하게 가격미친 씨클사느니 아우디 A6 나 A7 가솔린 할인받아서 사는게 맞는듯..,1
67,한국은 비싸야 잘 팔린다는 소비형태가 바뀔듯싶다.,1
68,외관은 15년넘게 페리만 하는 느낌  현기차 페리 풀체 변화폭이 워낙크니 상대적으로 변화폭이 작게느껴짐,2
69,"가격 가격 그러는데 10년전 최저임금 4,580원 딱 10년만에 두배 올랐는데 아파트값, 식비등 대부분 수입 늘어난것에 맞게 다 올랐음. 물런 국산차도 마찬가지고..",1
70,8:00 전장 소리들 다 꺼버릴수 있습니다.ㅋㅋㅋ e53타는데 알림음 경고음 등등으로  저도 처음엔 미치는줄 알았어요.,24
71,와우!! 기다렸던 소식이에요,2
72,근데 w204 때부터 5천만원이상이었고 w205때는 무려 5500이상이었음  심지어 디젤깡통이 그가격부터 였는데 이번 신형도 시간이 흐르고 그에 맞는 가격이라고 생각함....원래 십년 전부터 c클래스는 비싼차가 맞는데... 우리나라 사람들 허영심에 쩔어서 개똥차 취급하고 카푸어 취급해대니 뭐 씨클이 6천? 누가사냐 이렇게 생각하는듯....그럼 이게 비싸다고 국산차 탈꺼냐? 그러면 죽어도 안타려고 함. 말 그대로 브랜드에 눈이 절어있음 우리 부모세대에는 생각도 못하던 브랜드들이 이제는 허리 졸라매면 살 수 있는 상황이면 비싸다고 찡찡대지 말고 국사차 사면 됨. 차가 이상하게 비싼게 아니라 우리나라사람들의 인식이 허영심에 쪄든거임.,7
73,작은 엠블럼 갯수 위 110개 +아래 130개= 총 240개 입니다.( 레이더 센서 엠블럼 큰거 포함 그릴 엠블럼 총 갯수 241개입니다. 5개가 반복되는 패턴입니다.),3
74,내비게이션 설정을 통해 하이패스 잔액 안내 해제 할 수 있긴 합니당. 근데 진짜 거슬리긴 하더라구요,7
75,왠만해서는 댓글 안달고 영상 열심히 보는데 광고가 진짜 미친듯이 많이 나오네요..,3
76,뒷자리 열선만 있었으면 정말 더 역대급인데 ㅠ,2
77,"근데 간과하시는 부분들이 차기 변경에서E클 가격이 그대로일거라고 생각하는건 아니시죠?그돈e가 안되도록 e클도 가격이 10퍼센트정도 인상될거 같습니다그리고 벤비아가 프리미엄 브랜드였다는걸염두에 두셔야 할 것 같아요프리미엄 브랜드는 너도 나도 갖고 있다면 값어치가 적죠과연 돈이 충분하게 있는 사람들은 600올랐다고 씨클 이클을 포기하실까요..?오히려 희소성은 높아지니 좋아할것 같은데요ㅎㅎ가격 인상은 무리해서 살 수있는 사람들에게 무리하면 닿을만한 높이였는데, 닿을 수 없게 되었으니 문제인거지애초에 본인의 눈높이에서 적당한 수준의 지출이었던 사람에게는 문제될게 없을것 같네요.그리고 사라졌던 하차감도 다시 생길테니 좋으면 좋지 나쁘진 않을것 같네요유사사례가 명품백 이잖아요너도나도 샤넬백등 고급백 오픈런하니 1년지나니까 고급백 인기가 시들해졌잖아요 ㅎㅎ그러니까 브랜드들은 대응방법으로 가격을 올려주고 ㅎㅎ 이 차가 프리미엄 브랜드였다는걸 잊고 계셨던 분들께 벤비아가 프리미엄한 가격을 갖춘 브랜드였다는 것을 상기시켜 줄 출발점이라고 생각합니다다른 브랜드들도 벤츠가 10%올렸으니 5%이상 인상할것 같습니다.",7
78,11:38 런투유 ㅋㅋㅋㅋㅋㅋㅋ날마나 연기력이 늘고있네요..올해 연기대상 기대합니다👍,7
79,저 가격이면 5시리즈 a6 타것다 ㄷㄷ,2
80,흠~이제 벤츠도 매력이 떨어져 가네요.....벤츠가 앞으로 어떤 방향으로 가는지 살짝 알 수 있는 C클 리뷰 잘 봤습니다.,3
81,런투유에 톰보이까지...🤩,6
82,시간 지나면 기본 모델도 2륜 나오고 할 거 같은데,1
83,벤츠그릴 로고의 개수는 칸마다 65개씩 있네용 총 260개 ㅋ,1
84,벤츠 엠블럼은 전면 후드 후면 스티어링휠 포함 총 243개 입니다.,2
85,돈은없고 벤츠는타고싶고 아무튼 타고싶다,1
86,"나는 꼭 무조건 삼각별이여야한다! 나는 무조건 삼각별!! 이 아닌이상.. 5시리즈, a6 이런 준대형세단들이 더 나을수도있을 것 같다 라는 생각이 드네요",1
87,와 씨클인데 뭔 이제 7천이네요 ㄷㄷ,5
88,와이프 차로 GV60과 C클래스 고민 중인데 어느 쪽이 좋 까요?,1
89,브레이크가 이상하다는 거는 회생제동기능이 있어서 그런걸까요?,1
90,자막 넣으시는 분~  29:31에서 한용님은 담력이 아니라 답력을 말씀하신겁니다.,15
91,이번 영상이  한용님다운 리뷰입니다.아니면 아니다 말하고기면 기다고 말하고 이런상태로  리뷰부탁드립니다^^,2
92,카튜브 한용맛집형 백만가즈아~~,1
93,모카님 c클래스는 어떤엔진이 들어가나요?,3
94,차좋아하던 1인 전기차 등장하고 이제 차 유튜버를 거의 안보게되네 내연기관은 이제 😂,2
95,위에는 5개씩 22줄 아래는 5개씩 30불  260개 가운데 왕별까지 하면 261개,1
96,"이돈이면 전기차를 사거나 bmw 4,5를 사는 것이 더 젛겠네요.  마크가 필요하다면 어쩔수 없지만",9
97,"인포 스크린은 참.. 운전할때 만지면 위험하게 되있.. 벤츠 gle350까지 5대 몰아봤지만 전자장치 잔고장.. 절대 다시는 안삼후방카메라는 돌튈일도 없는데 벤츠 마크가 열리면서 나온다, 전방카메라는 날라오는돌 다 맞는다.바꿔야 한거 아닌가? 쓸데없는 여닫히는 후방카메라 모터 잔고장 지지.",3
98,"특이하다, 섭섭하다, 이상하다 - 안좋다를 돌려말하는 모카식 화법",1
99,차만들기 보다 장사를 더잘하는듯,7
100,내부 소리 모두 off 가능해요. 흰색은 언제나 질리죠 ㅋㅋ,1
101,그돈이면~ 저돈이면~ 하는사람들이 제일 웃기긴함ㅋㅋ,13
102,bmw 4시리즈 유저들 진짜웁니다 ..,1
103,하뇽아재가 방송을 잘하긴 잘해~~,1
104,가격이 이젠 정말로 수입차다운 가격으로 나왔네 같은 독일차인 5시리즈까지 씹어먹는가격이네,2
105,확실이 이 급은 3시리즈가 최고다,2
106,엠블럼 240개!! + 대짜 1개 총 241!!! ㅋㅋㅋㅋ,5
107,앞에 작은벤츠로고 총 220개!외 모든 벤츠엠블럼은 229개!(앞 뒤 타이어 핸들 엔진 포함)이상입니다! :),3
108,무선충전특 아무도 안쓰고 사제로 단다,1
109,아무리 많은 옵션이 달리고 많이 바뀌었다지만 가격이 너어어어어어어무 과하다,1
110,기자들은 말을 참 잘 하네요..묵직한 고급감이 없는 싸구려 가벼운 맛을 경쾌하다고 표현하고같은 말을 아다르고 어 다르게 해서 하고싶은 말을 하면서도스폰해주고 시승행사 불러주는 회사는 기분 나쁘지 않게.. 캬..s 타다가 e만 타도 쓰레기 같은데c 타면 이걸 내가 왜 타나 싶은..c보다는 무조건 3시리즈인데c도 벤츠라고 저 돈 내고 사람들 타는 거 보면 대단함.,6
111,260개!!!!! 중앙 로고 포함하면 262개!!!,1
112,진짜 5시리 사는게.맞지 휠베이스가.더 넓어서 승차감 차이도 오지게 날텐데 ㅋㅋ,1
113,사운드는 바꾸지만 가변댐퍼는 없다???  ㅋㅋ그냥 뺀거네 원가절감 ㅎ,2
114,감가만 아니면 걍 이제는 걍 미국차탄다...,2
115,14:07 쩜쩜쩜만 240개 이걸 세고있었다니... 불금되세 용~^^,1
116,11:07 인공능지라도 있는건가 음악 추천이 귀신같네요.16:51 ㅋㅋㅋㅋㅋㅋㅋㅋㅋㅋㅋㅋㅋㅋ,1
117,ㅋㅋㅋㅋㅋ 저걸 저 가격에? 애매한게 딱 졸부차네요.,1
118,번창하세요!!!!!,2
119,아 뭔가 배아프다...ㅅㅂ e클 ex 출고한지 1년 신형 c클이랑 차이가 나네...형들 진지하게 지금 당장 e클c클 고르라하면 뭐선태구할건가요?이유도 알려주세요!!!!!,1
120,갓성비란 말을 입에 담아봅니다,1
121,G80을 대신 사는사람이 더 많겠다,2
122,작고옹골지고좋네/ 클래스가 중요하나 c도팔구천할수있지,1
123,실내 소재도 생각보다 엄청 고급스럽진 않네요특히 뒷좌석 공조장치 좀 너무 하네,3
124,amg라인은 스포티해보이려고 했었는데 이제 전혀 스포티하진 않네,1
125,진짜 다 좋은데 c300 4메틱이 너무 아쉽네여,2
126,c클래스가 저렇게 고급스러우면 .. 어떡 하라는거냐 이쁜거보다 그냥 고급 스럽다,1
127,"어차피...요새는 잘사는집안 자식들,자수성가,코인,주식등 대박 난 사회초년생들 한 20대중후에서 30대초중까지 많으니많이 팔리겠네요.타보지는 못했으나 영상만 보고서는음...퍼포먼스카,패밀리카 있고 약간어머니들차?엄마들차로 좋아보이네요그리고 저라도 e250살빠에 c200살듯요크기차이는 있으나 옵션...차이가. .흠..X6m 아n c클...음 약갸 현실적인 드림카조합...3대",1
128,김한용씨 택시를 모르면 가만히 계세요 밤 12시에 택시잡기 힘든건 개인택시 부제때문이랍니다 상당히 존중하고 바라보았는데 실망이 큽니다,1
129,풍절음이 장난아닌듯...,6
130,가격이 c클이아니네 ㄷㄷ,1
131,전자식브레이크로 변경된듯하군요,1
132,그래봤자 C클 가격보소ㅋㅋ,1
133,이야 3년전 E클이랑 비비네,1
134,진짜 카메라가 너무 떨리네요 손떨림방지의 중요성 느껴집니다,2
135,C200는 범퍼 왜 저렇게 한 건가요 진짜…. 공식 매체에서는 사진도 일부러 잘 안 보여주는 것 같던데요 ㅋㅋㅋㅋ,6
136,이거 전기차 버전은 없나요?,1
137,3도 그렇고 차가 자꾸 커져. 스포티한 맛이 사라진 중형세단 같아. 미아타로 가야하나.,2
138,와이퍼는 어디로 작동시켜요? ㅎㅎ,1
139,현기차가 5천 넘어가는데 밴츠도 더 올려야지,3
140,가격이 c클이아니네 ㄷㄷ,1
141,저 가격이면 전기차 산다,3
142,쌍용 에디슨모터스 인수불발에 대해선 따로 영상안찍는 이유가 있으신가요?,3
143,bmw가 가성비가 있어보이는 이 느낌,3
144,벤츠 로고 240개네요!가운데 큰 로고까지 하면 241개!,1
145,이러면 3시리즈도 저가격 따라가는건가,1
146,살돈은 없지만 살돈이 있어도 저가격에 c클은 못사겠음ㅋㅋㅋㅋ,2
147,"c200 후륜에 열선핸들, 통풍시트 유지하고 가격 다운시키면 3시리즈 잡아먹을듯한데요물론 저는 못삽니다 ㅋ",2
148,가격은 e클 하극상인데...,1
149,걍 5호 사는게 정답이다,1
150,당연히 있어야할게 이제까지 없었다고한다,1
151,6천 후반이면 gv70 사고 천만원 남네,4
152,"아니 이쁜건 알겠는데;; 씨클이 6800 세금 낼거 내고 칠천 넘기는거 실화냐,,,벤츠에서 시승카 주는 대신 s클이랑 비교하도록 영상찍으라고 한건가요??",1
153,c클래스에 저정도 돈을 쓸 수 있는 사람이면 더 무리해서 s클 가고말지,1
154,14:10벤츠마크 240개요!레이더센서 포함 하면 241개욥,21
155,7000돈이면 m340i를 사지 c300은 진짜ㅈ선넘네..,4
156,가격이 선넘었는데 이거,1
157,아우디 a6 사는게 나을듯,6
158,국산차는 돈 몇백 오른게 갑자기 이해가 가게되고 거이 7천짜리 차에 시트가죽이 아직도 인조가죽이라는거에 할말이 없어진다 c200은 데쉬보드 이런곳에도 걍 우레탄 마감했던데 프리미엄 브랜드가 그돈받고 할짓인가 엠비언트 대형 디스플레이  그런 겉멋에 돈쓸시간에 거기다 돈좀 쓰지 쏘나타보다 못한 실내재질보면 ㅈㄴ 어이없음,8
159,벤츠 차주들은 왜 방향지시등을 아끼나요.테일램프 예쁘니까 좀 켜주세요~~,1
160,C클래스가 원래 저렇게 비쌌음?,1
161,저가격에 d세그먼트ㅋㅋㅋㅋ 무조건 5시리즈지,1
162,뒷자리에 공조장치 조절하는게 없는거 실화냐???선 넘네.,1
163,c클은 나올때마다 베이비s클래스 소리c클은 c클일뿐...가격 책정도 그렇고 별로에요,4
164,걍 타고싶은거 타 ~~ 뭘 그리 말이 많냐ㅋㅋ가성비가 어쩌구 저쩌구예산 되는데로 사세요 오지랖 떨지말고걍 브랜드 이미지 보고 사는거지 벤츠는 ㅋㅋ,10
165,저 돈이면 bmw3 이나 제네시스 g80 사고 남는 돈을 잘 활용하는게 정답.,7
166,은근 썸네일 맛집이라니까.@,1
167,7000가까이 육박 하는데... c클..ㅋㅋㅋㅋ,2
168,두둠탁!!  차 가격 애바참치~,1
169,썸내일 오마이갓ㅋㅋ 보스베이비ㅋㅋ,4
170,정답 ! 벤츠 그릴 로고 갯수 240개요!,2
171,미쳣냐 c클이 무슨 7천스타트냐,3
172,"14:14 240개 입니다~!    윗줄= 5개짜리* 11줄*양쪽으로  +아랫줄=5개짜리*12줄*양쪽으로 + 양끝5개*양쪽으로------------------------------------------------------------------------------------------------------=240,가운데 대문짝 로고까지 241개",1
173,돈만 있고 운전 잘한다는 사람들이 고급이 아니라서 소리로 알려주는 거지ㅋㅋㅋㅋㅋㅋ,1
174,E250이 보이는 가격이라는게 ...,1
175,"그릴에 벤츠 로고 240개 입니다, 큰 로고 포함 241개 이구요 ^^ ㅋㅋㅋ",3
176,와 s전 모델이 보이는 가격 쿨럭 ㅡㅡ,1
177,hud 없는거 선 겁나 넘네요가격도 비싸면서,1
178,아무리좋아도 c클래스는 c클래스,1
179,와따메 가격이,1
180,차음소리가 쫌 거슬리네요 직접 촬영하면서 실내 소음이 얼마나 잘 들어오는지 궁금하네요??? 차내 소음도 얼마나 들어오는지 알려주세요??,3
181,C만올라가는게아니라e도 저만큼올라간단뜻임,1
182,이클을 얼마나 눈탱이 칠려고 씨클 가격이 이클 가격 빰땨귀 때리냐.,1
183,216개 인듯 한데요? 가운데별까지 하면 217개,1
184,전자장비 다 빼고 후방카메라만 넣어줘라 ㅋ,1
185,거지같은 c클래스  칭찬 나무하셨어 ㅜㅜ  3시리즈보다 나은구석을  찾을수가없던데  인테리어는  확실히 이쁘지만   자동차로서  3시리즈  비교 대상도 아니고  천만원 비싸고  쩝,1
186,오 씨클 괜츈한데용 +_+,2
187,알루미늄 잔뜩넣은 5시리즈 사겠네요 ㅎ,1
188,중고 M3나 봐야지,1
189,ㅎㄷㄷ,1
190,통풍시트가 있다니 ㅋㅋ,3
191,봐도봐도 뒷모습이 k5같네요..,2
192,한용이형 신세대시네,1
193,점점 벤츠가 실망스러워지는군요...,5
194,오늘 인도받는날이에요 기대되네요,5
195,담 이클 깡통은 7500시작이겠네,2
196,이전비 포함 7300만원 정도인데 눈을 돌리면 520 530 e클라스 페이스버전 제네시스g80 gv80 등 많네여 개인적으로 저 돈으로 c클 안삼,7
197,어느 유튜버가 플러그인 하이브리드라고 해서 구매고려했는데 걍 가솔린이라네요ㅡㅡ가격적인 메리트가 없음.,1
198,35분이사라지는마법,1
199,이젠 그돈씨가 아니라 그돈 5씨네 ㅋㅋㅋㅋㅋㅋㅋ,3
200,한체급높은 520i로~~~~,1
201,디젤은 나올필요가있지,1
202,"여기서 그돈씨하는 사람특1.돈도 없고 오지랖만 오지게 부림2.그돈씨하면서 무조건 높은급가지~하고 그저 차사이즈가 크면클수록 좋다고 생각함사람마다 취향이 다른거지.3.차로 사람 사이즈재고 판단함. 그렇기때문에 저거살빠에 무조건 윗급,더 큰차사지 주절주절거림.",1
203,편집오류도 많고 해당이미지와 다른 영상사용이 집중이 안되네요ㅠㅠ 전에 편집과 너무 다른느낌..,1
204,삐삐 소리 자다가도 들릴 듯. 그냥 g80 타자,1
205,c 카브리는 이제 안나오는걸까요??,1
206,띵띵하고 나는 소리는 과속단속카메라 제한속도보다 높아서 그런거에요. 다른 네비들 경고음 처럼.,1
207,그래도 벤츠 샀는데 젤 자주 듣는 말 그돈씨...,3
208,엔트리답게 차가 너무 시끄럽네요.,1
209,양카 감성...,1
210,"모카,김한용 에디슨관련 영상만 수두룩한데 얜왜 조사안받음?",1
211,가격도 최고 잔머리도 최고  잔머리는 이미 현기차를 뛰어 넘었다  장사꾼 색히들,2
212,1:09 뻥태기형ㅋㅋㅋㅋㅋㅋ,3
213,k5 사서 엠비언트 라이트 작업하고 수천만원 남은거 저금 하는게 훨씬 나을듯,2
214,620d 살수있는가격임 ㅋㅋㅋ,3
215,'그돈씨'가그돈이면 씨클래스를 산다이건지 그돈주고 씨클래스를 산다고?이건지 모르겠네요어쩌다 '그돈씨'라는 단어가 나온건가용?-----씨가 c클래스가 아니고 욕이였네요...,1
216,자주 입으시는 저 재킷 알수있을까요?,1
217,쌍용차 사태 뉴스도 한번전해야죠?,1
218,벤츠 엠블럼갯수 .. 여러개 ..,1
219,그릴 벤츠 마크 240개요! 중앙 큰엠블럼까지하면 241개!,1
220,벤츠는 s부터지 c e는 그돈주고 타는차 아님,2
221,14:10240개네요ㅎ,1
222,벤츠 그릴 로고는 240개~~~,1
223,대충 250개 정도...,1
224,6800이면 bmw 530i를 읍읍,2
225,벤츠 전기차로...,1
226,카메라 깨질듯ㅋㅋㅋ,1
227,"0:57 여기 가서 좋은 말, 저기 가서 좋은 말. 아주 시승행사 안 불러줘서 컨텐츠 딸리고 직원들 못 굴릴까봐 있는 말 없는 말 다 하심.",1
228,운전석주변 좀 꾸며놓고 아반떼를 7천에 팔다니,1
229,C클은 진짜 여자들한테 인기 많다고 대충만드는지 의심 들정도로 외관 빼고 정상이 없음 주변에 C클 타는 사람중에 잡소리 안나는 차가 없음,1
230,괜히 어린척하고 그러는게 더 없어보여요 ㅋㅋ,2
231,벤츠 C오디오?아주 저급한 품질입니다.뜯어보면 트위트는 원가 몇천원하는지!벤츠답지않게 오디오는 너무 저급합니다.돈좀 쓰시죠!,1
232,뻥태기님 ㅋㅋ 컴포트 강조 하고 있어요 설명중 ㅎㅎ,1
233,240개요 한쪽에 120개씩이네요,1
234,오 귀요미 콘셉트 오프닝이네요,1
235,저 가격에 C클이면 제네시스를....,4
236,bmw가 낫다..,1
237,썸내일 이거 맞는건가욬ㅋㅋㅋ,5
238,카푸어들이 많이사겠네ㅋㅋ,1
239,이 사람이 G70 나오면 이런식으로 G90과 비교하며 내리깍는 방향으로 설명할지 의문이 드네 ㅋㅋㅋㅋㅋㅋ,1
240,진짜 볼땨마다 아반떼ad같음 앞에헤드라이트,1
241,어느 호구가 200마력을 6천 넘게 주고 살지....,1
242,작은별 240개!! 큰스타로고1개,1
243,벤츠엠블럼 140개네요,1
244,차에서 온갖 소리.... ㅋㅋㅋ,2
245,엠블럼갯수 269 + 가운데 큰거 1개 총 270개 입니다.주세요 선물!!,1
246,썸네일😂😂,1
247,굿,1
248,벤츠마크 240개입니다!!,1
249,6천주고...차라리s사지...ㅡㅡ,1
250,런투유 ㅎㅎㅎㅎㅎ 재미있네요 ㅋ,1
251,어우 역시 c 실내 개좁네,1
252,씨클을 저돈주고 사기에는 좀..,1
253,영종도나봐요 시승하는곳이,1
254,14:12 240개입니다,1
255,가격이 너무 사악하다,1
256,이가격주고 살 이유가 있음? ㅋ,2
257,하뇽아~~ 에디슨 모터스 해명은 왜 안하늬?  ㅋㅋㅋㅋㅋㅋㅋㅋㅋㅋㅋㅋㅋㅋ,1
258,썸네일 ㅋㅌㅌㅋㅋㅋㅋㅋㅋ,1
259,런투유는 위트니 휴스턴 아닙니까,1
260,쩨,1
261,그돈씨 m340i,1
262,"삐삐거리는 소리는 끌수있는데 , 신경질내는 유튜버 참 지식이 얕고 성깔만  있어보입니다.",1
263,하브1.6t 하이브리드 엔진이 좋다고하는사람인데 리뷰믿을만해?,1
264,5시리즈 가격,1
265,c클 너로 정햇다,1
266,디자인은 진짜 별로다,1
267,작긴하다,1
268,제네시스요?  제네시스 지금 유투브에 급발진 사고때문에 심각하던데 ㄷㄷ,1
269,벤츠는 벤츠네C클라스도 고급져.15년전에 C클라스를 첨 타보고 느꼈던 게... 아반테가 길거리에서 나눠주는 볼펜이라고 하면 C클은 몽블랑 만년필임.그 전에 '소형수입차 타는 놈들은 수입차부심 때문에 아반테 같은 차를 저 값 주고 사는 허영심 쩌는 인간들'이라고 생각했던 내가 ㅄ이었음을 깨달음 ㅎ,7
270,벤츠는 s 부터,1
271,너무 눈티친다 뒷좌석좁아터진게 E클가격 고대로따라갔네?,1
272,ㅎ 이미 화나셨네 ㅋㅋ,1
273,어? E클 왜 안샀어?,1
274,저크기에 저가격은,1
275,가격이 선 씨게넘네 ㅡㅡ,1
276,까꿍 ㅋㅋㅋ,1
277,드릅게 비싸네,1
278,이상한 합성좀 그만해요✋,3
279,240개,1
280,썸네일에 저 귀여운 놈은 누구죵~~~??,1
281,벤츠는 이제 뭔가 좀 예전 영광이 없어진 기분...요즘엔 아우디가 제일 일 잘하는듯,3
282,이돈c,1
283,5안사고  이거사는  호구읍제?,2
284,아무리봐도 실내 너무 조잡하고 지저분한데...좀 심플하게 디자인하지 저거 대쉬보드 왜 저럼 그리고 가격은????????? 정신 처리고 살 만한 차를 사자!,1
285,c클이 아무리 좋아져봤자 c클래스다..c클을 탄다는 그 인생은 C급이다라고 광고하는 꼴,1
286,ㅇ,1
287,.,1
288,왜건이  없네,1
289,240개,1
290,한용아 브레이크 저렇게 셋팅하는게 대세란다벤츠엔지니어들이 바보라 저렇게만들었겠니?제발 아는척좀 그만해라,1
291,"많이 궁금해하고 있던 모델이었는데, 드디어 나왔군요. 시승기 상으로 보면 c300인테리어가 훨씬 좋아보이는군요. 오랜만에 탐나는 차가 하나 생겼네요. 한 번에 두가지 사양을 다 볼 수 있어서 더 좋았습니다. 시승기 감사히 잘 봤습니다.",3
292,시승기 잘 봤습니다. C300 amg라인이 여러모로 아주 매력적인 차네요. 사륜이 아닌 게 특히 좋고요. 근데 가격이 많이 비싸고 하이브리드 때문인지 공차중량도 꽤 많이 나가는 편이네요. 500~300만 원은 깎아야 적당할 것 같다는 생각 드네요. ㅎㅎ,12
293,상기형님 항상 잘 보고있습니다!독일 현지에서 처럼 외관 패키지와 별개로서스펜션 옵션을 선택할수 있다면 실 구매자에게 훨씬 좋을 것 같네요 ㅎㅎ,1
294,20:26 부터 나오는 차는 앞으로 움직이고 카메라가 옆에서 찍는 장면(?)은 뭔가 되게 멋있네요 ㅎㅎ앞으로 다른차들도 가능하시다면 이렇게 부탁드립니다 ㅎㅎ,2
295,인테리어 미쳤다.. 그리고 가격도 미쳤고.. 차는 아무리 벤츠라지만 7천이면 530i도 가능한데..,37
296,진짜 S 클래스처럼 우아하네요~ 전기차도 좀 이렇게 만들었으면...,8
297,향후 C300도 4matic이 들어온다면 가격이 7000만원을 넘어서게되겠군요. 시승기 잘보겠습니다.,42
298,마일드 하이브리드 합산출력을 표기하니잘 모르는 사람들은 출력이 좋다고 착각할 소지가 크군요배터리가 작은만큼 출력을 보탤 수 있는 시간과 정도가 굉장히 작을텐데 말이죠,1
299,전세대 C클래스는 작은 차체에 S클래스의 중후함을 우겨넣은 듯해서 이질감이 들었는데 이번 C클래스는 젊어진 S클래스의 얼굴을 넣어서 그런지 이질감 없이 괜찮네요. 가격과 2000년대 초중반이 생각나는 디스플레이 UI는 안괜찮구요 ㅠㅠ,1
300,C클래스가 확실히 좋아졌지만 가격이…저라면 끝물이라도 E250 살꺼 같아요 ㅎ,26
301,5:16 하이그로시에 비친 그의 모습... 왜 하이그로시를 싫어하는지 알 것 같은 부분 입니다.5:54 C200과 C200의 큰 차이점 하이그로시!7:49 통풍시트!!...하지만 가격을 생각해보면 당연히 있어야죠.9:00 전동트렁크가 기본이라서 트렁크 씬(?)은 생략 입니다.9:30 가솔린 엔진이지만 공회전 소리는 디젤 소리(??)10:10 철도 지나가는거 이쁘네요.,2
302,이번 신형은 상품성이 굉장히 좋네요 ^^ 오늘도 잘보고 갑니다!,5
303,편의사항도 많아지고 좋아지긴 했는데 C클 급에 비해서 가격대가 쫌 망설여지는 금액이네요,4
304,이번 C클래스는 진짜 인테리어 분위기 말고는 상품성 면에서 경쟁력이 있나...,9
305,어차피 가격이 선을 넘었으니 C300을 선택하도록 유도하는 가격정책이네요. C200은 호구 잡으려고 일부러 더 비싸게 파는 것 같습니다.,50
306,d컷핸들 미쳤네요 근데 가격이 m340i랑 별 차이가 없네요ㄷㄷ,2
307,외관과 실내는 S-CLASS 미니사이즈라 해도되겠어요.😄😄,1
308,화려한 인테리어 빼고 다른건....^^시승기 잘 봤습니다. 감사합니다!,2
309,"소음, 풍절음 부분에서 역시 짱츠라고 생각됩니다. 심각한 흡음재 생략 및 싸구려 플라스틱을 또 사용했나보군요. 가격은 저리 받으면서 참..",4
310,"디젤 가져올 자신은 없고, 애매한 플러그인하이브리드로 세팅하는군요. 억세게 운좋은 벤츠..",2
311,C200 시승해보고 계약했습니다. 차는 작은데(레그룸은 생각보다 크고 폭은 생각보다 작음) 승차감이나 방음은 D세그먼트 이상인거 같았습니다. 좋은 의미로요. 출고 받으면 올웨더 타이어로 교체할 예정이고요. 고속도로 출퇴근 하는 와이프 차로는 완벽해보였습니다. 영상 참고하고 계약했습니다. 항상 잘 보고 있습니다 ^^,1
312,디자인이 이건 c300 무조건 선택해야할 수준이네요,7
313,비엠이 330i를 공격적으로 투입한거에 자극을 받았나 c300을 다가지고 들어오네ㅎ근데 가격이 미쳤군,2
314,예전에는 엘레강스 그릴 여러줄 아방가르드 1줄로 나름의 단정함과 스포티함을 구분했는데 요즘엔 그릴 메쉬로와 인테이크 디자인으로 바뀌었네요? 시승기 감사합니다.,1
315,C클이 출시했군요. 꼭 AMG 에디션 같은 디자인이네요.빠른 시승기 잘 보겠습니다. 감사합니다. ^^,3
316,C200 가격이 5년전 신형 E200이랑 똑같군요. 같은 4기통 엔진이라 성능은 좋은데 특유의 사운드는 포기하고 타야 되는...,24
317,설명 잘 하시네요 좋은 정보 감사합니다. 실내 인테리어는 괜찮지만 외관은 확실히 퇴보했네요,3
318,저 외장디자인이 신기하게 C클래스하고는 잘 어울리네용,2
319,C클래스는 리얼 깡패네요..ㅎㅎ 시승기 잘봤습니다!,1
320,와 들어오자마자 시승기가!! 너무 잘보겠습니다. 감사합니다.,6
321,퀄리티가 넘 좋네요!노력한다는게 느껴집니다.300 부품소재 퀄리티가 S에 비해 떨어진다는 얘기도 있던데 어떤가요?,4
322,드디어 시승회를 했군요.많이 기다렸습니다.잘 보겠습니다. 추천꾸욱,3
323,c클래스 쿠페 나오면 라인이 잘빠져서 인기 많을거 같네요 이번 벤츠는 가격이 비싸서,1
324,아 역시 이번 C클 이쁘네요.,3
325,"옵션 살짝 빠지는 거랑 가격 빼면 깔 게 없는 거 같습니다 ㅎㅎ이 세그먼트에서 bmw나 아우디가 경쟁할 수 있을까 싶을 정도의 상품성이네요승차감이나 가격, 옵션 보면 저는 c200에 마음이 더 갑니다신모델 시승기 빠르게 올려주셔서 감사합니다! =)",2
326,"어차피 강남사모님들은 가격 신경 안쓰시니까 인기 많을 것 같네요ㅋㅋㅋㅋ 어제 실물 보고 이거 잘팔리겠다 싶더라고요ㅎ 가성비나 차급, 엔진출력은 강남 사모님들한테는 별 상관없는 부분이라..",1
327,이 디자인은 S클이아닌 C클을 위한거였어...,3
328,"과연 불호가 있을까? 의구심이 드는 인테리어와 익스테리어를 가지고 나왔는데, 가격이 차급 대비해서 지나치다는 생각이 드네요.... 전 세계 차값이 상승중이긴 하지만 메르세데스 딱지를 감안해도 과한 가격인 것 같습니다.",8
329,벤츠긴하지만 c클이 이가격이라면 전 g80이나 gv70 옵션 호화롭게 넣고 살거같습니다 ㅋㅋ 시승기 잘봤습니다^^,3
330,"진짜 C클 하나로 3,5 시리즈 실내 다 발라버리네요 ㅋㅋㅋㅋㅋㅋ. 킹상기님도 520i보다 c200을 선택 하신다고 하시니 실물도 좋은 것 같네요.",3
331,한상기 존 도실 때 보통 속도 몇으로 도시나요? ㅎㅎ,2
332,5시리즈 e클과 고민하게 만든것만 해도 이미 성공한 듯 합니다. 잘 팔리겠네요 패밀리카보다는 강남 사모님 동네 마실용으로 줄 설것같네요,1
333,가격이 선넘었네..기자님 잘 봤습니다..근데 해외 무한 운전은 계획이 없으실지요?,1
334,C200실내 센터는 정장 줄무늬 바지👖느낌이네요.후륜조향 넣고 보면 7200정도 나오겠네요. 차급이 낮다보니 g80 후륜조향만큼 꺽일거 같습니다. S클만큼 앉아서 돌릴때 꺽인다는 느낌이 들었는데 지게차급으로 꺾이지 않을거 같습니다.,1
335,2열 온도 조절도 안되고주행 중 실내소음이 상당히 크네요.,1
336,6천도 비싼데 7천 ㅋㅋㅋ갠적으로 a c e중에 이번 c클이 최고인것같아요 근데문제는 가격인듯,3
337,오우 이번에 차 잘나온듯가격이 좀 마니쎄네요ㅋㅋ,4
338,C200이 520i 랑 맞먹는 가격까지 왔네요..,3
339,좋은영상 항상감사합니다.,1
340,<질문>아우디 신형 A6와 비교하면 소음과 주행느낌은 어느 쪽에 더 나으신가요?,5
341,"가격면에서 3시리즈와 매우 고민되네요, 센터페시아 LCD 발열이 다소 뜨겁다는말도 있는데 어떤지요",2
342,언제나 그렇듯 옵션 장난질은 👍 그리고 스타일리시가 아니라 지저분한데.,2
343,기자님 잘 봤습니다 감사합니다.,1
344,c200은 포매틱 c300amgline은 이륜  그래도 벤츠코리아에서 선택은 잘한듯 싶네요.   근데 씨클 수요층을 생각해봤을땐 c200이 훨씬 잘팔리긴 하겠네요. 가격보고 왠만하면 e클이나 5시리즈 가겠지만...좀 더 스포티한 감성을 느끼려는 사람은 c300는 안살거같은... 잘봤습니다.,1
345,c200에 hud도 없지만 어라운드뷰가 없는게 너무 아쉽네요..,4
346,진짜 빨리 올려주셨네요ㅎㅎ잘보겠습니다 대표님:)근데 진짜 가격이 너무 비싸요...,3
347,빠르게 올려주셔서 감사해요!!,1
348,C 클래스 네요 너무 이쁘다 🚙🚘🚗👍👍👍👍👍,1
349,확실히 주위 여자애들은 무조건 c클 원픽이더라구요ㅎㅎ근데 저라면 다른차를 살것 같네요…실내디자인은 확실히 예쁘네요,1
350,e클은 얼마나 비싸질지 걱정이네요,3
351,영상감사합니다 기자님은 비슷한 실구매가 c200 vs 520i 하시면 뭐 하시나요?,1
352,대기4번이라 시승기 궁금했는데 ~국내첫 시승기 라니~ 감사합니다,2
353,역시 내연기관은 벤츠죠.,4
354,C클에 저 스티어링휠은 너무 감사하다 생각했는데............6800.... 이라니계기판이랑 스티어링휠이 아무리 예쁘다고 해도 330i가 있었다면 그걸 사고도 남을 금액.A5를 사도 돈 남네 ㄷㄷ그래도 핸들 잡는 맛은 너무 좋을듯ㅠ,4
355,시승기 기다렸습니다.,1
356,재마나게 보겠습니다 상기씨 : ),1
357,"가격이 진짜 미쳤네요ㅋㅋ g80+awd+20인치휠4P브레이크+시그니쳐디자인셀렉션2+파퓰러패키지+파노라마선루프+렉시콘패키지=6,950만원",15
358,신차고 반도체 이슈로 할인 없을텐데 아무리 벤츠고  AMG 라인 이라도 가격이 6천8백은 선넘은거 같네요 저라도 그돈이면 E클 사겠네요,14
359,형님 안녕하세요 몸건강히 전역하고 댓글답니다!gv70을 계약했다가 너무안나와서 320i로 전향해서 차 나와서 잘 타고다니고있는데요! c클래스도 고민했엇는데 제가 살 시기에는 풀체인지가 안나와서 포기했습니다 비엠이랑 관계가 없으신건 잘 알고있지만 c클이랑 3시리즈 간단하게 느낀점 댓글로 달아주실수 있으신가요 항상 잘보고있습니다 건강하세요!,3
360,운전석 시트 좌판의 길이가 궁금합니다,1
361,"독일 현지에서도 ... C300 후륜 옵션이 거의없는 깡통의 Base Price 가 ...6,484만원 이니까, 벤츠코리아가 명색이 풀체인지 인데 깡통소리 듣긴 싫어서 옵션은 300만원가량 발라서 겨우 6,800 에 맞춘거같네요 물론 등취세하면 7 장 이지만 아무튼 독일 현지 가격 자체가 매우 올랐군요 ㅎㅎㅎ C300 4M 깡통 베이스모델 독일현지 기본가격은 ..  6,801만원 이네요",2
362,세그먼트차이가잇다지만 이건 무조건 g80이죱..ㄷㄷ,3
363,왜 뒷자리 좌판 개선을 안할꼬 3시리즈 정도만해도 좋은데,2
364,세계 자동차의 표준 벤츠벤츠가 세로형 내비게이션을 채택했으니앞으로 나올 신차들은 모두 세로형 내비게이션으로 할듯.,2
365,가격이 제정신이 아니네요.,3
366,디자인 미쳤다 그런데.....가격도 미쳤다,13
367,와 c클래스에 후륜조향되면 회전반경 대박이겠다 ㅋㅋㅋㅋ,4
368,솔직히... 인테리어든 성능이든 다 너무 좋은데가격도 가격이고 익스테리어(외부 디자인)가 전 모델에 비해 진짜 너무 별로라 정이 안가네요.무슨 찌그러진 쭈꾸미 구형 아반떼같음,2
369,3시리즈는 발라버렸는데 대신 가격이 5시리즈를 뺨 때려버렸네..ㅋㅋㅋㅋㅋㅋㅋㅋㅋㅋㅋㅋㅋㅋㅋㅋ 가격이 너무 애매하다...,19
370,비싸도 타고싶은거타는게 스트레스안받죠,2
371,혹시 c300에서 휠을 18인치로 인치 다운 한다면 c200의 승차감과 비슷해 지지 않을까요?,1
372,테일램프 디자인 킹받네,1
373,디자인 미쳤는데 가격은 개미쳤네 소비자눈탱이겁나치네,1
374,오늘도 잘보겠습니다.,1
375,"최근 출시한 BMW 320e도 할인 받으면 M스포츠 풀옵으로 5300이면 뽑는데, 가격 너무 산으로 갔네...c클 플하는 출시되면 8천 갈 듯...",2
376,내년 e클 풀체는 8~9천 시작이겠네,3
377,이 세그먼트에선 3시리즈가넘사벽근데 가격으로는 5시리즈 ㄷㄷ,12
378,최근 벤츠는 사진빨이 영... 실물로 보면 참 예쁜데 말이죠,1
379,E클래스 풀체인지 나오면 9000천 시작하겠네ㅋㅋ,11
380,좋긴한대 너무 비싸네요 천만원 빼야 적정가격인거 같아요,5
381,200이 난듯 4륜선호라,1
382,C200 포매틱 vs 520i 럭셔리  기자님은 어떻게 선택하시겠어요..?,1
383,전세대 이클가격이 씨클가격됐네,1
384,서울사투리 듣기너무조아~,2
385,C클은 싼맛에 타는찬데 ㅋㅋ이제  E클 가격대랑 겹치네요,3
386,그냥 머랄까 멋진건 알겠는데 40대 넘는 사람이 지금 사고 싶은 생각 있으면 킵하고 이클 체인지 나올때까지 추가금 모아서 사는게 좋을듯.. c라는 클래스의 한계 때문에 40대 이하를 위한 차라고 생각 되네요 안에서 아무리 베이비 s클 어쩌고 만족해 봐야 내릴땐 c에서 내린다는 건 변함 없으니,5
387,부모님이 저도가끔 몰고 하는 용도로 세컨카로 c클래스고민중이시던데 이번에 3시리즈 풀체인지 나오시는거 땜시 고민중이시더라고요... 참 뭘사야좋은건지 모르겠네요 ㅎㅎ.... C200은 안드로이드 오토가 옵션인가요 아니면 기본탑재일까요?,2
388,벤츠라곤 하지만..6800이면 국산 고급라인으로 갈거같당,1
389,영상 잘보겠습니다,2
390,벤츠 시트 와 핸들의 중앙이 일치가 안되서 불편하다는데 진짜 그런지 확인좀 해주실수 있나요...기자님.. 진찌 궁금한데 그걸 다루는 컨텐츠를 못봐서 궁금증이 생겨서요...,3
391,킹상기니뮤ㅠ,3
392,아무리 신모델이지만..c클이 amg라인이 7천에 육박하는거보면 벤츠베짱장사는 도를 넘는거 같네요..,1
393,우리나라 정서상 엠비언트 라이트 한국이 가장 잘 만들것 같은데...   네비는 독3사 현기 못 따라옴.   몇년후 현기도 이 정도 엠비엔트 충분히 만들 수 있다에 한표.,2
394,6000짜리에 허드가 없다니.. 요즘 기본아닌가;;,2
395,이건 봐야지 시간 녹이기 쌉각이노 고맙습니다,1
396,번창하세요!!!!!,2
397,시승기 잘 보겠습니다,1
398,"그래봐야 C클....신형이 이뻐도 잘나와도그래도 C클....3년뒤에도 지인은""너 C클타자나 내 k8이 더 넓으니까~내차로 가자"" 라는 소리듣기싫어서C클산돈이면 E클이나 G80살거 같아요ㅎㅎ",1
399,5000초반에  c200후륜 깡통 기다려봅니다 ㅋ,1
400,안녕하세요 문산 사는 20살 대학생입니다 어렸을때부터 자유로에서 촬영을 하시는 걸 보고 계속 봤었는데 항상 잘 보고 있습니다! 질문이 하나 있는데 i30n라인과 1.4t랑 고민중인데요…혹시 무슨 차를 추천 하시나요?? 1.4t영상을 많이 봤는데 1.6t보다 1.4t를 추천 하시는 걸 많이 봤는데 1.4t가 더 좋을까요?? 외관 퍼포먼스도 화려한 걸 좋아해서 1.6이 더 끌리는데 현실적으로 추천해주시면 정말 감사하겠습니다! 진주에서 대학생활을 하게 돼서 고민입니다ㅠㅠ  항상 응원합니다 !,1
401,인테리어랑 인포테인먼트 시스템 디자인이 너무....,2
402,지금 잘 타고 있습니다^^  거의 1년 가까이 기다렸다가 받았네용 ㅋ  C300 4Matic 나오면 갈아탈까  ㅡㅡㅋ,1
403,C200이 6100이면...저라면 520i 럭셔리를 살거같네요...,1
404,벤츠는 왜 머플러 장식을 쓰는지 모르겠네요.. 안해두 멋있는데,1
405,코너링 13:22~13:42,4
406,후륜 조향 에어서스는 빠졌나보네요 언급이 없는걸보니,1
407,언뜻 동영상을 펼쳐 봤더니수입차 전용채널처럼 보이는 ... ㅠㅠ사실 절대 그런건 아니지만왠지 서글프다 난 국산차 마니아,3
408,나같으묰 530i msp 프로모션 받고산다.. c를 저가격은 선 너무 넘었는데..요새 다들 차량가격 너무 올린다,1
409,솔직히 저 가격이면... 크흠 이쁘긴 ㅈㄴ 이쁘다,2
410,동급 압살~!!!가격은 작살~!!!,3
411,킹상기니뮤ㅠ,2
412,c200 6100만웒ㅎㅎㅎ4기통 200마력 ㄷㄷ 포매틱 제로백7초 ㄷㄷc클타는분들은 5시리즈 a6랑 비교하시나요?내가 c클차주면 3시리즈랑 비교? 이거 기분나쁘겠는데요,1
413,짱차 가격 실화???? ㅋㅋㅋㅋㅋㅋ선넘네 진짜 씨클이 6천중반,1
414,바로 전세대가 벤츠 이미지의 절정이었던거 같아요벤츠가 못생겨 보이기 시작함 ㅎㄷㄷ,1
415,다들 비싸다비싸다 하는데 지금 계약함 흰색은 내년에 받는다고 하던데요? ㅋㅋ 실내가 압도적이고 e클 5시리즈는 내년에 구형되서 잘 팔릴거 같아요.,3
416,c300 6800주고살바엔 e클사는게 답인듯하네요:,1
417,출력이 그닥 센 것도 아니고 차가 큰 것도 아니니 5년 지나면 카푸어 이미지 풀풀 나고 감가 절반 쳐먹겠구나,1
418,S칼보다. C클이 더이쁘네요,1
419,난 c200 4매틱삼굳이 50마력높은거 필요없고사륜선호하고실내 하이그로시 떡칠보다 200대시보드가 더 보기좋고잠자리핸들보다 내눈엔 200핸들이 더 이쁨,5
420,c200 패밀리카로도 괜찮을까요??,1
421,"얼핏,,,,뒷모습이,,,,구형 k5인줄,,,",2
422,가격이..520i가 현명할듯,3
423,C200 300 둘다 통풍있나요?,1
424,잘 보겠습니다. 그런데 가격이 좀 사악합니다 ㅜ.ㅡ,3
425,전기차 아닌건 구형 같다 이제는.. 전용전기차 아니면 노매력,1
426,형님 재생속도1.5배 설정한줄알았습니다,2
427,아...근데 c클을 취등록세며 뭐며 7천을 넘게주고 산다라.....;;,12
428,이가격으로 bmw 530i msp를 사는게 현명하겠죠…?,3
429,뒷모습은 이상하게 1세대 K5가 연상되네;;,2
430,가격 살벌하네....,2
431,실내디자인 빼고 저차를 살 이유가 한개도 없네,2
432,6천 오바는 절대 용납이 안된다...좀 더써서 e를 사고말지,2
433,일반유 넣어도 되나요?,2
434,전동시트 조절버튼이 터치 맞나요?,1
435,c200에 hud 는 옵션사양인가요?,1
436,고속안정감은어떤가요 전세대에비해,1
437,차가 커져서 그런가 중형세단 값이네,1
438,와 6천만원대면 ㅋㅋㅋㅋㅋ 벤츠 도라이네..;,3
439,09:00 한상기 트렁크 아쉽..ㅠㅠ,1
440,이클 하체  넘하든데 더이상 예전벤츠는 아닌듯,1
441,5시리즈 살수있겠네 ㄸ,2
442,👏👏👏👏,1
443,두상기 클래스~,2
444,차는 후퇴하고 가격은 올리고 ㄷㄷ,1
445,e클보다 훤 좋아보여요. e클 뒷태는 정말 왜그렇게 만들었는지. ㅉㅉㅉ,1
446,잘 보겠습니다!,1
447,620d 도 살수있네,2
448,6800ㅋㅋㅋㅋㅋㅋㅋㅋㅋㅋㅋㅋ 벤츠가 점점 미쳐가는구나,3
449,살사람은 사는차,2
450,3시리즈긴장해야겠네ㅋㅋㅋ,1
451,C클래스가 좋아봤자 c클래스 아닌가요 ? 같은 가격이면 e클 사는게 더 나은거 같은데,2
452,상기형이 c200이 520i보다 좋다면 좋은거지 이돈이면 5시리즈 사네 이런애들 뭐냐,3
453,과장좀 해서 5시리즈급 가격이군요,4
454,진짜 거짓말 안하고 아반떼엔 산다,6
455,"C는 C같지 않고, S는 S같지 않네",1
456,벤츠 최근 차량 플라스틱 및 내장제 잡소리가 제법 있습니다. 잡소리는 어떠신가요?,13
457,1.25배속인가요?,2
458,실내는 이쁜데 외장이...차가 좀 외소해보이고 뒷태는 정말 멋없네요...차라리 현행 E클이 끝물이라도 훨씬 나은듯..,1
459,가격이 선넘네 저같으면 저돈 주고 5시리즈삼 물론 실내디자인인 인정하나 너무 비싼게 팩트,4
460,ㄹㅇ 그돈씨네요..,1
461,가격이 점점 올라가네요,2
462,벤츠 4기통 엔진 갤갤거리는거만 없으면 참 좋을텐데,1
463,저 송풍구  좀 이해 불가 ..네비를  좀더 위로 올리지..,1
464,씨클이 6000 ㅋㅋㅋㅋㅋ 와,1
465,벤츠는 저 가격에 팔아도없어서못삼,2
466,한대표님. 선추후감!  ㅋㅋ,2
467,c클래스 amg 또는c클래스 쿠페 카브리올레는 안나와요?,3
468,AMG와 상관없는차에 AMG?M과 상관없는차에 M?돈독이 어디까지 올랐누?,1
469,Baby S-Class,2
470,나도 c200탔었지만 좁아터져서 비추,2
471,올드해 보인다..,1
472,가격이 좀 :: 그냥 이클 가는게 ㅋㅋ,1
473,원자재가격이 올랏습니다.,1
474,...? 하이브리드 연비 상태가,1
475,비싸다 사실........,1
476,가격 무엇?,1
477,벤츠는 6기통부터,1
478,아 외관 디자인이 정말 이상해요 ㅠ ㅠ,1
479,방음이 너무 안좋은듯한데 왜이리 시끄럽지,1
480,C300 어댑티브서스펜션인가? 그거 빠졌구만 시승기를 보니까 역시 벤츠코리아 양아치,1
481,가즈아 선좋아요 닥감상,2
482,와..........,2
483,530i M팩 가격인데...,1
484,G80 승,1
485,마지막 내연기관 역대급 디자인 c클이네요 전기차 수소차로 넘어가는 과도기에 마지막으로 선보이는 내연기관 c클일수도 소장각이네요 품절되기전에 어서들 계약금 넣으시고 구매합시다~,1
486,야리꾸리한 조합 왜이러는걸까요,1
487,플라스틱 개 많네 진자...,1
488,외관은 진짜별론데 ㅋㅋ뒤테는 걍 케파같애,1
489,5시리즈 살 가격이네요,4
490,상단에 있던 아이패드를계기판에 갖다놨네..,1
491,베이비 S클래스,1
492,이 가격이면? 이 가격이라면? ㅋㅋ,1
493,디자인은 진짜 먹어주네 ㅋㅋ,1
494,그돈씨....i4 m50,1
495,C클래스 가격이..벤츠는 한국에서 호구잡는 ㅋㅋ 마크만봐도 사주니,1
496,에스테이트가  없네   젠장,1
497,뒷모습 구형 k5,1
498,8:42  ⚪️       ⚪️                                                                                          🔳,1
499,오 이쁘다,2
500,대쉬보드 고래수염같네ㅋ,1
501,c300 amg 4matic 올해 하반기 한국에 들어 오냐?,1
502,한줄요약 돈값못함 갈수록 나빠지는거같어 ㅋ,1
503,방음이 어우,1
504,목소리 빨리감기 하셨어요? ㅎ,1
505,인테리어 미친거 같은데 자세히 보면 싼티 풀풀난다   뒷모습은 아반테고 시끄럽고  승차감 별로고  뭐가 잘나서 가격이 비싼거야,1
506,오늘은 1빠 잘볼게요,3
507,1000만원씩 다 올렸어,2
508,"흐흐~ 어디가 스포티하쥬???? 이번에 대놓고 마진땜에 성능을 말하지도 못하고 """" 컴포트 """"라고 장사하는데요!  소음도 너무 심하고 이건 경차 레이와 소음과 풍절음 비슷한 수준.기계로 측정하면 레이보다 못할수도~~~~~~ 신형 C200 4MATIC 204마력 ,,,,신형 C300 AMG 라인 258마력   <<<<<넘사<<<<<< 벨로스터 가솔린 1.6 터보스포츠 204마력  2106만원,,,,,,,,,,, 아반떼N 280마력 3200만원,,,,,,,,,  소나타N라인 290마력 3053만원~3400-3500 ㅋㅋㅋㅋㅋㅋㅋ  꼬레아 개꾸울   2016년에 출시한 아반떼 스포츠가 200마력인가 ㅎㅎ 이것도 스포티?",1
509,c300이 6800....????????????????????????????????????????????????????????????????????????????????,1
510,야. 한상기야C는 차가아니고 고철 딸떨이 경운기다.그리고 벤츠는 이제 중공놈이다 따가리 차로 전락한지 오래다.,4
511,강남 아방이,1
