,comments,likes
0,안녕하세요 영상속 인터뷰한 cls차주입니다. 긴장해서 깜빡하고 몇가지 빠뜨린 점 말씀드리려고 합니다1. 나이는 아직 만 26세가 안됐다라고 말하는걸 날씨가 너무 더위먹워서 헷깔렸습니다ㅋㅋ2. 벤츠 20인치 마차휠은 편평비 수치가 낮아서 런플랫타이어와 더불어 승차감을 해치는 요소중에 하나입니다3. 벤츠 차량은 좌우깜빡이를 안켜고 차선을 바꾸면 차선이탈방지 옵션 때문에 이탈부위에 급브레이크를 살짝 밟습니다. 깜빡이를 켜고 차선변경을 해도 가끔 브레이크를 밟아서 위험할 때가 있습니다!4. 벤츠 반자율주행은 직선거리나 살짝 휘어진 곡선은 인식을 잘하는 편인데 회전구간이나 각져서 휘어진 도로나 사거리에서 차선이 끊긴다던지 그러면  갑자기 모드를 풀어버리기 때문에 항상 주시하고 있어야합니다.혼자만 알고 있었는데 임금님귀는 당나귀귀처럼 서우토반님 채널 인터뷰를 통해 속시원하게 말할 수 있는 기회를 주셔서 감사합니다 항상 안전운행 하세요,200
1,차주님 젊은 나이에 현금완납이라니 부럽기도 하고  색안경끼고 보기 시작했는데 정말 재밌게 보고 갑니다. 조곤조곤 아쉬운 점들 잘 짚어주셔서 시청자들이 벤츠를 냉정하게 바라볼 기회가 될거 같네요. 굉장히 디테일한 서우토반에 딱맞는 실차주 리뷰라는 생각이 듭니다.,10
2,제가 본 실차주 리뷰중에 가장 냉철하고 진심이 느껴지는 리뷰인거 같네요.,20
3,솔직한 후기 감사합니다. 차를 많이 타지않으면 나오질 않을 시승기 잘들은거같아요~~아우디 비엠 벤츠까지 고루 다 타시고 시승기까지 부럽습니다~~ㅎ,21
4,"말씀을 정말 잘하시네요. 저는 차주님과 같이 G80, 8시리즈, cls450 중에서 고민하다가 G80 3.5T 모니터만 제외하고 샀습니다. 올해 1월 출고하여 특별한 하자없이 잘 타고 다니고있습니다. G80 3.5T는 정말 가성비가 최고인것같습니다. 인터뷰 잘 봤습니다. 안전운전하세요 ~",8
5,오......전에 분들도 다 리뷰 좋았지만 이번분은 정말 정말 뭔가 와닿는게 많네요 ,4
6,설직한 후기 너무 좋습니다 ! 차주님 인터뷰 감사해요!,4
7,부럽습니다. 저도 3년뒤에 CLS로 갈아탈 예정입니다. 다른거 다 제쳐두고 디자인이 너무 좋아요.,2
8,옛날에 차에 대해서 아무것도 모를때는(지금도 차알못이지만) 벤츠에 대한 막연한 환상같은게 있었는데 많은 차주분들의 말씀을 들어보면 그냥 외국에서 만들어진 차일뿐이다..라는 생각이 드네요 그나저나 차주분 아쉬운점 자판기인줄 ㅋㅋㅋㅋㅋㅋㅋㅋㅋㅋㅋㅋ,28
9,외관은 확실히 2세대가 이쁘구나..실내는 신형이 확실하네,2
10,"요즘 벤츠는 원가절감이 좀 심합니다. 구형cls는 문짝 내부패널이 금속이었는데 이것도 플라스틱으로 바꼈죠. 벤츠뿐이 아니라 전반적으로 요즘 자동차회사들이 다 그런 추세인듯하네요.2000년대 초중반 독일산 플래그십들은 단가생각안하고 두껍게, 튼튼하게 만들었었는데 말이죠. 다 옛날일이 되었네요.",22
11,그래도 6기통 가솔린 + 에어서스라... 이급부터는 벤츠가 확실히 좋긴합니다 물런 단점도 있겠지만.... 페달위치에따른 허리통증의 경우 정확한 시트포지션만 잘 잡으면 괜찮다는 이야기도 있던데 이게 해결이 안되는분은 정말 치명적이죠,14
12,최고의 리뷰라 생각합니다 ,2
13,같은 연식 같은 달 차주인데요. 지금까지 본 cls450 영상 중에 가장 장단점을 잘 지적한 영상입니다. 20인치 마차휠. 런플렛 타이어 때문에 방지턱 충격음. 포트홀이 항상 신경쓰이는거 100키로 이상에서의 풍절음. 요 두가지만 아니면 진짜 흠 잡을데 없는 차입니다.,20
14,원격시동으로 히터/에어컨 안 되는건 쫌 아쉽네요.  겨울에 따듯한 차에 타고 여름에 시원한 차에 타고.. 이거 진짜 꿀인데..ㅜ,6
15,"에어서스가 그리 좋나요?예전 a7 55tdi, 아우디 s6 에어서스 타봤는데, 후진기어 넣을때 차고조절 되는거 빼고는 그닦 모르겠던데요 오히려 터질까봐 걱정, 잡소리 걱정. 승차감도 최근 가변 댐퍼(s7) 타고 있는데, 이게 더 좋더라구요. 최근 리뷰어들이 에어서스가 성능에 끝판왕처럼 말하는게 좀 의아했습니다 심지어 모 리뷰어는 rs7에 에어서스 들어갔다고 스포츠성이 없다고 까더라구요 지금은 그 반대지만",2
16,항상 응원과 격려를 보냅니다.,3
17,차주님이 아무리 이렇게 말해도 벤츠뽕에 취한분들은 오늘도.. 고급감이~ 기본기가~ 핸들링이~ 정숙성이~ 응답성이~ ㅋㅋㅋ,27
18,젊으신데 겸손하게말해서 좋으네요 앞으로 더좋은차만 타시길~,2
19,CLS는 호불호가 명확한 차라서 젊은나이니 차라리 AMG쪽을 가시거나 승차감을 위해 S350D이상으로 가셨다면 어땠을까 하네요..너무 뽕빨에 취해서 사신거같아요ㅠ,7
20,진짜 450은 무조건 시승 해봐야 하는 차,14
21,저번 재규어 차주랑은 정말 다르다현실적이고 벤츠의 현주소를 짚어준 느낌이랄까? 디테일했지만 주행적 내용이 좀적어 아쉽지만 잘보고갑니다,61
22,서우토반 채널 너무 좋움 1일 5영상 갔으면 ㅋㅋㅋㅋㅋ 기다리기 힘듬,6
23,"20년식cls450 6개월타고 너무 스트레스 받아 다른차로 갈아탄 차주로써 너무 공감하고 갑니다. 1.방지턱 포트홀 20-30키로로만 지나가도 퍽하고 차깨지는 소리들립니다(코드절상와서미쉐린ps4s 200만원정도주고바꿈 구매후2개월만에)벤츠카페에서도 코드절상으로 이미 난리난상태(휠도휨) 2. 승차감이 에어서스때매 좋다고 하는데 20인치마차휠때문에 서스가 뭔소용인가싶음(100키로넘으면에어서스자동풀림)3. 풍절음 고속주행시 정말잘들림4. 주차장 이나 내리막길 갈때 정말 살짝만 높다는생각들면 차앞밑부분 바로 쓸립니다.(수시로)5. 비엠 아우디는 무선카플레이가 되는데 cls450 유에스비선 핸드폰에 꼭 꽂아줘야 화면이랑 연동이됩니다;;;6. 뒷자석도 좁은데 앞좌석도 좁아요7. 선루프 덮게 수동(손으로열어야해요1억짜링데...)8. E클은 너무흔해서 cls타보자 라는 마음을 갖고 구매하시는분들이많은데 1.1억이라는 차가격에 비해 메리트가없엇어요(주행감옵션등)9. 1년마다 본내트 파워돔, 뒤스포일러 등 1년마다 페리되는 느낌... 바로구형만들어버림...10. A7등 다른 동급차에비해 너무 주행감이 안좋음(산타페tm타다가(가솔린) cls450으로 변경한건데 산타페가 더 주행감좋앗음결론. 정말 벤츠 마크 하나만 보고 타는 이쁜 쓰레기... 차라리 e클래스 타시면서 돈아끼시는게 나아요 벤츠를 생각하시는분들은... 1500-2000정도 더주고 53 가셔서 진짜 에엠쥐를 느끼셔도 되구요 (cls450 스포츠 모드 아니면 모르겟어뇨 차가 꿀렁거리고 굼떠요) 많은분들 참고하셨으면 좋겟네요.",31
24,20대면 까불거릴수도 있는데 저보다 동생이신데 점잖게 얘기 잘하시네요 오랜만에 차에 맞는 차주 느낌..,22
25,이 채널 리뷰가 가장 맘에 와닿습니다.,4
26,벤츠 이쿱450 cls 450 에어쇼바들어간거 승차감은 좋은데  저속에서 둔덕넘을때 차깨지는 소리듣고 이게 정상은 아닌데 할정도로 이 단점하나로도 사지말아야할  충분한 이유가 될정도에요,3
27,"자극이 되네요 좋은 영상입니다,",2
28,송풍구 센터 가시면 다 잡아 줍니다 저도 잡았습니다 풍절음은 s클 급으로 가야 이중접합유리 들어가서 포기해야 됩니다 와이퍼 드드득 소음은 벤츠순정 인증이라 생각 하시고 타면 됩니다차주님 53 사셨으면 더욱 만족 했을거 같네요 21년식 cls53은 amg핸들+어질리티컨트롤 들어갑니다,3
29,gt43도 해주세요~궁금합니다~^^x6도 궁금한데 bmw는 실내디자인이 너무 별루라서...,1
30,cls450정말 만족하면서 타고 있어요 디자인 좋고 승차감 좋고 마일드 하브라 가속도 정말 부드럽고요,2
31,Iwc시계는 벤츠에서 마이바흐랑 amg아니면 원래 안들어가고 e클이랑 cls 심지어 s560이하 모델 전부 벤츠 기본시계 들어가는 걸로 알고 있습니다,4
32,저 무거운 무게에 고출력 3000cc 터보차량이 20인치휠까지 장착하고 공인연비가 9.8 이 나온다는게 그냥 말도안되게 입이 벌어진다....ㅋㅋㅋㅋG70 스팅어 3.3 차량들 사이즈도 한체급 낮은 차들인데도 19인치 휠달고도 공인연비 8.8 ~ 9.2 나오는데 ㅋㅋㅋㅋㅋㅋ 이게 말이되나,6
33,풍절음이 심한건 이번 풀체인지된 cls는 이중접합유리가 아닙니다,3
34,장점이 너무 없네 진짜 뽕맛이구나,4
35,21년식 E450 타고있습니다.HUD 좌우조절이나 각도절안되는게 좀 아쉽네요ㅜㅜ,1
36,E450 리뷰가 기대되네요 ㅎㅎ,5
37,"25살에 8시리즈 A7 6GT 다 타보고 벤츠 재구매 할인 받으셨다 하니 전에 타시던 벤츠 한대까지 해서 차량 총 5대20살에 면허 따셨을 테니 1억대 차량을 타면서 평균 교체주기 1년, 차 살때 가격은 아예 생각 안 하시고 구매하고.....저는 올해 막 20살 되었는데, 제가 저 정도 급 차량을 구매할 재력을 갖추게 될 때는 이미 내연기관차의 시대가 끝난 후겠지요다이아수저 여러모로 부럽습니다 ㅠㅠ",3
38,단점을 들으니 구입할 마음이 싹가시네요,6
39,요즘 벤츠 아쉬운 점이 많죠. 폴쉐로 오시면 맞으시겠네요.,3
40,8시리즈가 평이 좋았던 이유가 있었는갑네;;,19
41,간만에보는 차주의 리얼리뷰보니 재밌네요~포트홀 알고갑니다ㅋㅋ 내가맨날 요리조리 피해다니는게 포트홀이였군,4
42,작년 여름에 사고나서 400d대차 받았는데 네비 터치안되고 선루프 뚜껑 수동 이 두개만봐도 타면 안될차라고 생각했음 비엠타다보니 인터페이스도 불편하고 개인적으로 에어서스도 멀미났었네요,4
43,언덕에서 밀린거는 스탑앤고 때문에 엔진 꺼진 상태에서 브레이크 떼서 그런거 같은데...언덕에서는 스탑앤고 끄던지 섰다 갈때는 오토홀드 잡았다가 악셀로 출발하면 문제없음...,2
44,"하 마차휠 코드절상 너무 스트레스죠,, e450 쿱 타는중인데 불과 며칠전에 앞바퀴 코드 절상 나서 다 갈고 왔죠,, 런플랫 타이어도 승차감 너무 안좋아서 그냥 금호타이어 ps71로 바꿨는데 승차감 많이 좋아졌네요 만족하면서 타고 있습니다 가격도 싸고 ㅎㅎ",2
45,이분정도 능력이면 550i타셨어야 했어... ㅠㅠ,12
46,마하이슈가 해결되기전까진 리스크가 있어 할인폭이 큰듯합니다. 조립품질에 대한 문제는 여전해서 잡소리가 나죠,1
47,벤츠뽕이고 뭐고 25세에 cls를 샀다는 것 자체가 대박 ㅋㅋㅋㅋㅋ 군대전역할 나인데 초초능력남이시네,3
48,원격 공조되고 원하시는 기능 따져보면 소나타면 충분하실거 같은데....,1
49,21년식 벤츠 cls 차주입니다전에 재규어를 타다가 벤츠타니까ㅡ넘 좋기만 하네요.. 이런 단점들이..,4
50,내가 530imsp 사기 전에 시승을 8대 했는데 벤츠는 이클 한대 타보고 그 후로 벤츠 매장 근처도 안갔음~ 8대 중에 비엠 차량만 m2~ m760li까지 6대 시승해보고 고른게 530i~!!,3
51,14년식 cls350을 첫차로 지금까지타고잇는데      직빨이면 직빨 연비면 연비 코너면 코너 완벽합니다 수리한적도 한번도 없고 최고입니다!,3
52,벤츠e클 렌트해서 차수리할동안 2주정도 탔는대  차가 꽉막힌도로에서 앞차 조금씩 출발할때  브레이크레 발만때서 조금씩 이동되던대 e클은 즈레이크 발때도 아예움직이지를 않아서 엑셀 자꾸 조금씩 밟아줘야되서 불편하던대 벤츠가 다 그런가여 차종은 e클 300 가솔린이엇던거같은대,1
53,벤츠 보면서 궁금했는데 비상등 크기도 작고 위치도 끝에 있는데 누르기 괜찮나요?,1
54,돈 생각안하고차만 놓고 고른다는 말이쌉 다이아,39
55,벤츠도 이제 예전 벤츠가 아닌듯 마크만 빼면 3천만원은 쭉 빠지는 퀄리티...,17
56,cls도 e클처럼 핸들이 치우쳐 있나요?? 차주님 답변 부탁요,11
57,20대 중반에 1억넘는차를 일시불로.... 나는 군대 전역하고 등록금 보태려고 학교다니면서 알바했는데 부럽네요,5
58,정답 : 아무리 뭐같이 나와도 삼별만 박으면 차주분처럼 그래도 다들 사니까 그렇게 파는 겁니다 ^^ 남들도 다 그렇게 사요,4
59,껴주는거 차종에 관계없는 것 같은데.. 차좋다고 잘껴주거나 그러지 않아요. 그냥 차종말고 상황에 따라 다른거지..,2
60,차주의 단점들 대부분 들어보면 벤츠 단점이 아니라 cls단점이 많네요.,2
61,저도 그때쯤 견적 뽑았는데 ㅋㅋ살뻔하다가 안사길 잘했네요 쫌더 존버해서 파나로...,4
62,와...1억을 현금으로...건물있으시죠?^^부럽습니다!!! 남들한테 부러움을받으시니 안전운전 하세요^^,2
63,사람들이 저마다 그러지 S클래스부터 진짜 밴츠다,28
64,단점만 들엇을때는 저차는 사면 안돠는 거 같네요 ㅎㅎ 물론 못사지만 ㅋㅋ,7
65,서우토반님 살 빠지신 거 같아 잘생기셨다 ~~,1
66,저도 450인데 휠 두개 부셔져서 한짝에 200씩 즈고 ㅎㅎ 교환했어요,3
67,차주분 아쉬움이 너무 많은거 같네요 ㅎ 다른차를 타시는게..,3
68,ㅋㅋㅋㅋ 아 웃깁니다 역시 벤츠뽕,3
69,참  20대가   차주  허~  부럽네요,1
70,벤츠가 빛좋은 개살구 였네요. 카플레이에 찌그덕에 풍절에 8천만원이 아반떼 수준이니... 뺄찌값이 6천만원...역시 벤츠는 S클레스가 답이었네요...,2
71,25살에 군대 제대해서 복학하고 버스타고 통학했는데ㅠ 25살에 1억 넘는 차를 완납! 능력자십니다! 벶츠남 부럽네요 ㅠ,9
72,"단점 진짜 많네,,,그래도 갖고싶다",4
73,마지막에 허리아시고 발아프고 그런거는 차에 문제가아니고 시트포지션을 조절해보시는건 어떠신지요?,1
74,Cls 가 전세대까지는 진짜 멋졌는데 이번 세대 꺼 지나가는거 보면 이상한 어류같이 생김. A7이 더 나은거 같음,9
75,틱! 탁! 잡소리는 온도 차이에 의해 플라스틱이 일시적으로 변형되거나 플라스틱 접합부가 비틀리는 소리입니다.그정도는 비엠 플라스틱이나 배선 떠는 소리에 비하면 애교입니다 ㅋㅋ,3
76,여기 나오시는 게스트분은 2/3가 금수저인듯,45
77,19년식 쫌만 손보니 기가막힘,1
78,"이번에 530i msp 처분하고 cls450으로 계약하고 다음주 출고 합니다. 너무 기대됩니다 저랑 나이가 비슷하신데 차량 리뷰를 잘해주셔서 차를 구매하기전에 장단점 알 수 있어서 도움도 되고 좋았네요. 530i m도 개인적으로 정말 만족스러운 차였는데 1년만에 기변이라..좀 당황스럽긴 한데 스포츠쿠페세단을 너무 타고 싶었어요 그래서 A7, cls450, 8시리즈 중에 고민 끝에 cls450으로 구매 결정했어요 처음에는 뒤에가 대체 왜이렇게 생겼지? 만들다 만 느낌이 강했는데 보면 볼 수록 적응이 되는거 같아요. 아직 에어서스를 경험해보지 못해서 그런지 기대도 많이 됩니다~^^*  벤츠도 이번이 처음이라 비엠에서 넘어왔느니 뽕에 한번 취해보겠습니다 ㅎㅎ",3
79,25세??? 나이에 놀랍니다,1
80,스물다섯에 cls450 타면 세상을 다가졌고 그 어떤 것도 무서울 것 없는 ㅋㅋㅋㅋ 느낌이 들거야. 왜냐면 내가 25에 NF소나타 하루렌트하고 세상을 다 가진 느낌이었거든 ㅋㅋㅋㅋ,8
81,"영상에 나오는 모든단점 < ""6기통 + 에어서스""",3
82,550i 리뷰 기다리겠습니다!!,2
83,이래서 사람마다 개취인거 같음  저는 벤츠나 삼각별에 대한 로망도 전혀 없고 길에 널린 독일 3사 차량 별 관심도 없던데......  독일차가 그렇게 좋은가요?  저는 제네시스 시리즈나 기아 스팅어 뭐 이런 차들이 이쁘고 좋던데....  역시 차는 개취     1억넘는 차는 사치.....,1
84,"저도400디 타는사람입니다,제차는 하부 잡소리가 너무 심합니다.특히 뒤쪽이 더심하더라고요.다시는 세대 째는 벤츠 안삽니다.차라리 국산차로갈 겁니다.",1
85,"만 20대 중반도 안된 사람이 1억짜리 타면 인성에 어떤 영향을 미칠까? 끓리지 않는 차라... 그럼 극산차 타면 꿀린다고 생각하고 경차타면 어떤 시각으로 보여질까... 살짝 위험한 발언인데 나  조차 그 어린 20,30 대에는 몰랐으리라...  50대들은 공감하리라 내 이야기의 본질을..  지나가는 아들 둔  아저씨가... 다만 리뷰의 질은 최상급이네요...",2
86,"여기 평택인데,,,, 서우토반님 영상보면 g70때도 평택에서 안성 넘어가는 길이 였는데 평택에 거주하시나봐요,,,?",5
87,시작하자마자 아오늘은 30대 중년능력자가 cls 타는거구나 안부러워해도되겟다 했는데 25살 ㄷㄷ? 급슬퍼짐,36
88,보험이 엄청 저렴하게 나오시네요..동갑인데 g70 3.3 텁 부모님 밑으로 260 나오는데.. 20살부터 차를 몰으신건지경력때매 싸게 나오시나요??,1
89,25살인데 인생 경험이 많은것처럼 보이네,1
90,와 쌉 금수저네...,72
91,추가 삭제 부분 하나 더 말씀드립니다.같은 21년식이라도 12월 생산분부터 계기판 윗쪽 앰비언트 빠집니다.,7
92,아~25살에 cls450 완납. 인생반성하게되네요.더열심히살걸,1
93,20대에 벤츠 CLS 450 ? 이야.. 말다했네,31
94,비싸게 주고 사셨는데 자꾸 E 클하고 비교를 왜?  ㅜㅜ,4
95,벤츠 뒤로밀리는건 여전하네 ㅋㅋㅋㅋㅋㅋ낮은각의 언덕에서도 뒤로밀려서 운전할때 겁나 신경쓰임ㅋㅋㅋㅋ벤츠의 만족도는 운전하고 20km정도 운행할때까지만ㅋㅋㅋㅋ그이후에 계속 불만이 끝없이 터져나옴 소소한거부터 안전관련까지 ㅋㅋㅋ,3
96,25세에 1억1천짜리cls450 완납 대박 ㅋㅋㅋㅋㅋ .....나빼고 다 부자인 세상 ㅠㅠ,151
97,메르세데스미 어플로 원격시동 되지않나요???,6
98,가격 생각 안하고 골랐다더니 3시리즈를 7-8천 주고 사는게 납득이 안된다니?,4
99,잡소리는 어쩔수없어요.벤츠만 4대째인데 브레이크소음 와이퍼 소음 풍절음 실내 인테리에 찌그덕 소리왜 안잡히는지ㅠㅠ,2
100,이 차 사려고햇는데 ㅠ경사로에서 뒤로 밀리면 후덜덜 하네요 같은 가격대 추천좀 해주세요 여러분들 결정장애 때문에 bmwx530d 어떻나요? 여성인데...,1
101,7천짜리 15년식 중고 sl사고  데일리로  k5하나 살거같습니다   제 소망입니다,2
102,"그돈주고는 안산다는게 결론이시군요,, 솔직한리뷰감사해요근데 벤츠 브랜드가있는데 왜 저렇게 만들었지,,,,",1
103,450amg 예뻐서 샀는데 ..집사람이 제X7 뺐어갔어요. 편안함은 글쎄요. 여자가족 운전함 렉서스 사세요검증된 파워유닛 저렴하지만 최고의짜임새.  고장없고 낮은 유지비,1
104,mbux 모터 팬 소음이 심한데 정상인가요? 주행중에도 정차중에도 ㅜ,1
105,나랑 동갑데 신현cls 현금완납이라니 더 놀랍다..,1
106,아 cls450 진심 졸라이쁨..,2
107,비엠 따블류가 간지긴하다,1
108,벤츠는 겜성으로~~~,4
109,천백만원...최근 알아본 할인가격..,24
110,아쉬움이 너무 많네요ㅋㅋㅋㅋ,1
111,벤츠가 s클 제외하고 타면탈수록 만족도가 떨어지는차같음..,2
112,"사실 벤츠 차주가 되면 차를 타면 탈 수록 드는 생각이 ""이게 벤츠냐 ㅅㅂ"" ㅋㅋㅋㅋㅋㅋㅋㅋ",3
113,Cls 450 ㄹㅇ 땅에 뭐있을때랑 과속방지턱높으면 운전하기 무서움. 이돈으로 차라리 g80가는게 나은등,1
114,20대가 완납이라니 씁쓸하네.50에 억연봉 도달해도 힘들구만..,1
115,스타일의 문제인건지 원래 그런건진 모르겠지만 20대로 보이진 않는데 좀 꾸밀 필요가 보이네요. 40초반인줄 알았네요.,2
116,1억현금..ㅜㅜ 쩐다,30
117,CLS 보험료 300 더 나올거 같은데..,4
118,저분이 550i 타셨으면 만족하셨을듯아~~~~~~난 언제 비엠타보나,3
119,cls 로 하차감이 생기지는 않.....근데 찌걱찌걱 소음은 파나메라가 갑입니다. 파나메라 절대 사지 마시...,3
120,서우토반님 살 완전 많이 빠지신것 같아요,38
121,차는 벤츠지.. 하시는 분들에게 묻고 싶습니다.왜 차는 벤츠인가요?제 경험상 본인 소유가 되면 이게 벤츠냐? 라는 말이 절로 나오실겁니다. 물론 s는 논외로 하겠습니다.,16
122,환상을 와장창! 독일차 다 비슷비슷 한가요?,1
123,인생 치트키 쓰고 사는 기분이겠구만 ㅎㅎ 부럽다,7
124,벤츠 좋지 근데 왜 안끌리지? 디자인이 회사에 악감정 있거나 실력있는 직원들이 퇴사한것 같음,6
125,천만원할인 아마 니스해야 나오는거 아닌가요?일반할부나 현금은 그렇게까지 않된다고하네요,1
126,차주인터뷰....대박 ㅋㅋㅋㅋ 조곤조곤 단점 말하는데 다듣고 나니 뭐야....이거 쓰레기네 벤츠뽕,6
127,25세에 1억이넘는차를 현금완납이라...현타오네 ^^;;,47
128,25살 벤츠 1억 완납ㅋㅋㅋㅋㅋㅋㅋ그사세네요ㅜㅜ,5
129,아쉬운점 겁나많앜ㅋㅋㅋㅋㅋㅋㅋㅋㅋㅋㅋㅋㅋㅋ,16
130,지대로네 아쉬운점 굿굿,1
131,다이아수저 ㄷㄷ,12
132,씨쿠페 타고 있는데 저는 더 합니다.ㅜㅜ 비엠 타다 넘어왔는데... 다시 가야하나 싶습니다. 벤뽕에 그만 취하렵니다.,1
133,개인적으로...벤츠는 63amg랑 s8기통 아닌이상..살이유가 없음,1
134,와 현금 완납...,22
135,벤츠남 되고 싶네요ㅠㅠ,1
136,저나이에 1억이넘는걸타네 부럽다 ㅜㅜㄴ,10
137,이분은 비엠탔어야 햇네 ㅋㅋ,10
138,아~~뽑을까 생각중이였는데..정리되네요 ㅎㅎ,1
139,와 저 나이에 현금완납 ㄷㄷ,1
140,주행하는거보니 공도에서 레이싱하네;;,4
141,불평이 왤케 많지 생각했는데 1억이면 아쉬울만 하네,1
142,1억 넘는차 현찰구매하고 보험료 아까워서 부모님 밑으로 들어가다니 ㅋㅋㅋ,1
143,450이고 모고 기아 전기차가 다 바름,3
144,서우토반님 살빠지셨나요??,1
145,평택 소사벌레포츠 주차장이네요아는데라 깜짝놀랐어요넘 반갑네요,1
146,나의 드림카인데..,5
147,차가 정말 멋있는데 경사로 홀딩 안되는게 좀 크네요.,1
148,말은 요리조리 잘하는데 40대아저씨 같음 ㅋㅋ,3
149,30대 40대 인줄 알았는데 25살...,14
150,벤츠도 중국차라그래요 이제,12
151,실내잡소리풍절음휠 벤츠카페불만글많습니다.벤츠두세번구입해보면별거없는거 압니다.벤츠경험없는사람들만이 마크와실내로많이부러워함니다,17
152,30후 40초인줄...,1
153,어차피 대한민국에선 금수저면 노안도 살만한곳이지,1
154,결론 :   비엠사라,15
155,벤츠도 결국 차다.,5
156,CLS가 하차감이?,1
157,벤츠 오너가 말하는 실내 잡소리 “찌걱 찌걱”,17
158,25....??? 40대인줄,2
159,아니 근데 차값이 1억이 넘는데 무선카플레이 안되는건 좀 심한듯..,1
160,평택.. 땅부자인가 ....,1
161,오프닝 배경노래좀 알려주세요,1
162,m340i 가 저렴하고 가성비 같은 느낌?,5
163,1억대 차가 저정도수준인데 벤츠라 묵인하고 제네시스 한가지 결함나오면 역시제네시스라고 무작정까버리는 모지리들..아직도 90년대 벤츠시대인줄아네ㅋㅋㅋ,1
164,마스크가 커진건가요 얼굴이 작아지신건가요ㅜㅜ홀쭉해지신거같아요^^;,1
165,포르쉐나 람보르기니 타세요,1
166,세월을 얼마나 맞은거야20대라고 듣고 깜짝 놀랬네,8
167,cls에 대한 고민이 적으셨군요 ㅎㅎ관종끼가 있어야 만족할 수 있는 차...제가 그 관종입니다만...저도 이제 힘드네요... ㅋㅋ이제 이런 변태같은 세그먼트는쳐다도 보기 싫습니나.물론 인간은 늘 같은 실수를 반복하지만요...,1
168,저돈이면뽀르쉐사것다값어치를못하녜,6
169,아 포트홀!!!!!!!!!!!!!!!!!!!!!!!!!!! 쉣 ㅠㅠ 조심하세요 마차휠,30
170,이번 cls는 시트 불편함 하나로 개 정떨어지는차임 모든걸 다떠나서 시트 하나 불편한걸로 1억짜리차가 욕나오게만드는게 신기할정도로 불편함,2
171,웃기는차죠,1
172,진짜 우리나라 사람들  나빼고  다 돈많아 ㅋㅋㅋ,15
173,금수저구만,1
174,벤츠...찌그덕찌그덕...,3
175,나이가 20대 중반이라는 거에서 놀랬다... 30대 중반인 줄 알았는데...,2
176,중국산이야? 넘 비싸네,1
177,댓글들 참그러네요 나이 어리면 다 금수저인가.. 내가하면 자수성가 남이하면 금수저 본인들이 25에 놀아서 못해놓고,6
178,벤츠가 가격으로 우롱하는거 젤 유명한거 아닌가??ㅋㅋ,1
179,차 리뷰어하셔도 좋을듯..,1
180,,3
181,이젠 cls도 못믿겟네.. 요즘 메르세데스 진짜 아닌듯,1
182,얼마 안 하네요. 1억 정도 모자라네요.,1
183,"25라고여...?  머지,.",25
184,7:48 자꾸 딩동 하면서 울리는 소리 뭔가요?,1
185,뽕뽀로뽕뽕뽕,1
186,53을가시지 완전다른차입니다ㅠ,2
187,살 엄청빼셨네,1
188,X6저사향 가격이네요^^,1
189,집이나 사라,1
190,E클이나 CLS나 같은 프레임에..실내 시트 대시볻. 내장재 다 똑같고..송풍구 모양 좀 다른정도..E450도 6기통에 에어서스인데..뭐 CLS는 E클이랑 다르다고 선을 그으시네..ㅎㅎ,11
191,금수저가 맞든 아니든 본인의 경쟁력을 키우세요 ... 돈 많이 벌고싶다 생각만하지말고 실천도 좀 하고 .. 돈벌구조는 많지 노력들을 안하는 평범한 사람이 90%이상 일뿐,10
192,차는 BMW,6
193,저는 이미 포르쉐 바이러스에 걸려서...,5
194,쓰레기차구만,1
195,경사로에서 차가 밀려?? 기본이 안됐네,1
196,벤츠는 S클 부터,1
197,20대야???????,1
198,36살이 아니라 26....?,1
199,그냥 타지마,1
200,뒷좌석이야긴 아예없네 ...,1
201,설운도 스타일인데 25세라고?,1
202,개나소나 다 타는 벤츠 ㅋ,2
203,16분 순삭,1
204,저정도급 차로 잘껴주는거는 기분탓입니다 ㅋㅋㅋㅋㅋㅋ나만 그런가,5
205,차 보고 판단하노 주유소 사장하고 타이어 사장,1
206,20년식 CLS450 차추입니다제 대답은 : M550i,11
207,십아재같은데 나이실화냐 ㅋㅋ,1
208,e250 판매량만 봐도 우리나라에서 똥삼각별 거품이 얼마나 껴있는지 알 수 있죠.,7
209,평택인가,1
210,25세에 1억1천만원짜리 벤츠를 타다니..그것도 현금 완납으로 구매하다니..자수성가하긴 넘 어리고 금수저네~~,6
211,Cls까는사람: 없는사람Cls좋아하는사람: 타본사람ㆍ있는사람,6
212,솔직히 19년 이상부터는 bmw 가 위인 것 같다 ...,10
213,6:387:397:518:068:419:159:379:5810:3610:5912:0712:33,6
214,벤츠 모터원 일산전시장에 근무하는 김명준 주임입니다~! CLS차량을 비롯해 벤츠 모든 차량 궁금하신점 문의주시면 친절하게 답변드리겠습니다 감사드립니다~^^ 010 3879 9636,6
215,영상 찍는걸 옆에서 봤는데 솔님의 열정과 비피디님의 능숙함에 놀랐습니다.50만 100만 가능하실것 같습니다. 조만간 좋은일로 찾아뵙겠습니다.수고 많으셨습니다.,14
216,최근에 차를 바꿀까 고민하다가 리뷰하는 영상을 쭉 봐왔는데 섬세하게 잘해주시네요 ,5
217,범퍼만 달라졌지만.. 페이스리프트 전보다 훨 이쁜거같네요!오늘도 영상 재밌게 잘 봤습니다~!,9
218,전면부는 진짜 이뻐졌는데 후면부 리어램프만 신형 SL 처럼 나왔으면 진짜 완벽했을텐데,5
219,솔님 차 열정에 대단해요 ,6
220,항상 기분 좋게 찍어주셔서 보는 사람도 기분이 좋네요^^,7
221,E클래스보다는 고급스럽고 S클래스보다는 낮은 등급으로 기획 했지만 사이에 같은 쿠페로 GT43AMG도 있기 때문에 CLS 포지션이 애매 하긴 합니다^^;,4
222,3세대 CLS는 C 필러에서 트렁크로 연결되는 부위의 어색함을 해결하지 못하는 이상 2세대 CLS의 완벽한 라인을 넘어설 수 없다.,13
223,마감 타임에 매장 방문하셔서 촬영하시는 모습 대단하십니다. 싸인은 차마 말씀 못드렸지만 떡상하시길 바랍니다,6
224,cls참 예쁜차량이죠 ㅎㅎ 영상 잘보고 갑니다,4
225,예전 솔님 차알못 시선으로 말하는 리뷰가 진짜 재있었는데...이제는 자동차전문리뷰어 다됐어...,2
226,cls 깔끔하고 단순하면서 고급스럽고 예쁘네요~,7
227,우와 솔직담백한 진행  넘재밌어요~  이번에 이차샀는데 만족스러워요~,2
228,크 비피디님 채널이 어느덧 20만을 훌쩍 넘기셨군요,3
229,이건 멋지네 갖고싶다,5
230,CLS는 1세대 디자인이 레전드였는요.,10
231,대한민국 최고의 자동차 유튜버 비피디!!!!,6
232,핸들은 정말 잘 바뀌었습니다 ,4
233,"2:50 옆, 앞, 뒤 삼방 매력 미인 솔님 3:06 이번에도 호불호가 갈릴듯한 방향지시등?! 3:51 CLS는 450으로 가야 하는 이유! ㅠㅠ 7:21 트렁크 넓은 cls 8:30 그래! 이게 바로 벤츠다! 9:20 설마... 수동이야? ㅠㅠ 12:58 헤드룸 좁아요 ㅠㅠ  14:39 막간 댄스 타임... ㅇ.ㅇ?",1
234,오늘도 예쁨예쁨~~Cls는 첨 출시했을때 실물보고 충격앞좌석 문열자마자 답답함이 엄습 타보니 좁다..보조석도..뒷좌석 문열자마자 타보고싶은생각이 없게만드는 공간감..차만커.....,5
235,CLS 진짜 예쁘네요 매력적인 은색이에요.,6
236,차 진짜 고급지다,4
237,저두 어제 같은색상 CLS 보고 왔습니다ㅋㅋㅋ대박 멋지더라구요,6
238,잘보고갑니다 앞으로도좋은영상부탁합니다 감사합니다 ^~^,2
239,갠적으로 CLS는 12년식이. .최고인듯ㅋ,4
240,전반적으로 별로 바뀐게 없네요 ㅎㅎ 페리니까 당연한거겠지만요 ㅎ,3
241,근 1억짜리 차에 MFR(반사판) 헤드라이트는 진짜 너무한거 아닌가 싶네요멀티빔 까진 아니더라도 기본 프로젝션 타입은 넣어줘야하지 않나벤츠가 옵션에 인색한건 알고있지만 이래도 물량이 없어 옵션 장난질을 해놔도 물량이 달릴만큼 잘팔리는게 문제;;,5
242,솔님 스쾃까지 하시면 안 됩니다. 너무 완벽해지심 부족함이 있으셔야 매력있음! ㅎㅎㅎ 오늘도 즐감했습니다,4
243,국내 모든 자동차리뷰채널 다 구독중입니다. 비피디 님께서 국내최초입니다.,2
244,깔끔하게 바뀌고  고급져 졌네요,1
245,비피디님 사랑합니다건강보단 영상이 늘 우선입니다.아파도 업로드 하고 쉬세여,3
246,술.담배 안하지만  빨고 리뷰하는 솔님 ㅋㅋㅋㅋㅋ애교젱이 백만가이즈!!!!!,3
247,리뷰해주시는 차마다 이건 사야되 이걸로 끝이야나의 다음차 등극  이차가 답이다  이러시면 곤란합니다요 ㅎㅎ,1
248,"예쁘긴 예쁜데 불편하단 소리가 워낙 많아서 계속 고민중이네요,,ㅠ 리뷰 잘 봤습니다~",2
249,비피디님안녕하세요~ㅎㅎ영상잘봤습니다..비피디님.건강이.우선이에요.푹쉬세요..,3
250,현 300d 1호차 오너 입니다 (아마도) 일단 차 자체는 최고입니다 마일드 하브까지 도입 돼서 디젤 특유의 부족한 후빨을 마일드하이브리드의 모터가 잡아줘서 그런지 밀어주는 힘이 아주 좋습니다. 제기준 양산차중에서는 이 친구가 가장 예쁜 것 같습니다. 물론 제눈에는요 크헤헤헤헤,4
251,다음휴가때도 벤츠구만^^ 전시장안가려고 했는데 신형 CLS나 보러가야지,6
252,오우 CLS 페리 하이테크 실버!! 저두 보고왔는데 그릴만 때가고싶었슴다,1
253,cls 역시 ,3
254,그릴이 너무 이쁘네요 ^^,3
255,내 드림카 CLS. 옆라인이 예술적이다.... 다음 생엔 꼭....,1
256,6:45 전동트렁크 없는 차 타도 저렇게 세게는 안닫는데 저거는 팔끼면 다시 열리더라도 엄청 아플거 같네요.,2
257,여기가 그 유명한 부부 리뷰 맛집인가요??? 굿!!!,5
258,진짜 예쁘다...,3
259,깜박이 저기서 켜지는거 킹받누ㅋㅋㅋ,1
260,오... 다음차 cls생각중인데 감사합니다,4
261,저 벤츠실내는 2014 S클래스때부터 시작해서 지금까지 우려먹고있는데도 아직도 예쁘다 얼마나 앞서간건지,1
262,너무 안 바뀌었네. Cls 사려고 시승해보고 고민해본결과.. 살 이유가없는 차임. 너무 애매해 차가,1
263,퇴화되는게 아이덴티티인 벤츠 ㅎㅎㅎㅎㅎ휠 참 처참하다~이건 벤츠 퇴사앞둔 디자이너놈이 디자인 했다는게 학계의 정설~!!!,3
264,쿠페모델디자인은 구형a7이 젤이쁜듯,4
265,믈세디스 부~엔츠 솔님 발음 예술 ㅋㅋ,1
266,오늘도 멌있는 자동차영상 잘보고갑니다.,3
267,다음 영상이 벌써 기다려져요,4
268,승차감이 어떤지 궁금하긴하네요20인치휠낀거 한번타보고 깜놀했는뎅,1
269,오늘도 잘보고 갑니다   최고 !,1
270,솔님 귀엽네ㅋㅋㅋ,1
271,역시 더 예뻐졌네요 벤츠는 벤츠네요^^,5
272,스타그릴의 스타로고는 270개~!(가운데 왕 스타 제외),3
273,트렁크에 들어가는 집착,1
274,솔님 발음... 항상 밝은 리뷰 구독자 증가 하는거 보는 재미도...,1
275,오늘도 영상 잘보고갑니다,2
276,1억짜리 4기통디젤딸딸이라니 ㅋㅋㅋㅋㅋㅋㅋㅋ,16
277,솔님은 모자란 애 같아서 좋다,5
278,개이쁘다,3
279,저도 아직은 2세대 모델이 더 이뻐보여요 특히 슈팅브레이크 모델 개취입니다,1
280,솔님 매력덩어리,1
281,역쉬️비피디️솔님️,1
282,사랑스러운 솔님함께하는 당신이 승자,1
283,풀옵션하면 얼마면 살까요?,3
284,어자피 못살차지만..... 벤츠 고급스러움은 실내만......,1
285,언니가 젤 섹쉬해여~엉 진심^^,3
286,근데... 확실히 제네시스 g80이랑 비교하면 g80이 압승이네요;;; 가격이나 전체적인 디자인이나,3
287,프리미엄 브랜드가 헤드라이트 ㅈㄴ 싼거 넣어줬네 저가격에 프로젝션 타입이 아닌 mfr타입을 넣어주다니,5
288,와 이쁘다 하면서 보고있는데 트렁크 닫히는거보고.. 살 맘 없어짐.. 안 사는거임! 안사는거!,1
289,저 트렁크 닫히는 건 진짜 안바꾸네... 급에 안맞는 마무리... 검은색 안하면 AMG스티어링휠이 안되는 그지같은 구성... 요즘 벤츠 참 맘에 안드네요...,3
290,좋아요 구독 부탁드립니다,3
291,뒷자석 175센치 남성 못타요..ㅠ.ㅠ아반떼보다 작습니다..외관은 페이스전모델이랑 95%동일하네요..,1
292,19년째 여자 손도 못잡아본 45세 불쌍한 착한남자입니다 넘 아름다우십니다 알라뷰 아이씨때루,2
293,오늘은 귀염솔님으로 변신ㅎㅎ,2
294,트렁크 짐넣다가 누가 닫으면 허리 짤릴지도 ㅋㅋㅋ,1
295,전자파 엄청 나겠다 ^^,1
296,영삼 잘 보구 있습니다.의문?왜 항상  미니 스커트를 입고 아슬아슬하게  촬영 하시는지요?컨셉인가요?,3
297,난 제네시스 신형(g90)이 더 좋다!!,3
298,비싸다 비싸도 너무비싸다,2
299,다이아몬드 그릴보드 예쁘네요,2
300,하...이젠 벤츠도 중국차 다됐네...,3
301,또 얼마나 기다려야되는건지,1
302,은색살생각은 절대하지마세요 중고값 -300먹고 시작합니다,1
303,벌써3세대 페리 가..  난 겨우 2세대 중고 알아보고있는데 ㅜㅜ,1
304,구형이나 신형이나.,2
305,근데 차사면 옵션 몇개 빼서 줄거잖아,1
306,벤츠는 왜 2열 공조기 돈 진짜 아끼네..아니 1억이 넘는데 공조기 정도는 넣어줘야지 참..,1
307,솔직히 이쁘진 않지… cls 역대 디자인중 최악인건 맞음 그리고 저거 살바에 8시리즈가 맞지,1
308,가격 사악하네ㅋㅋㅋ 트렁크는 얍삽...,1
309,연식변경됐나요?앞디자인이 바뀐거같네요;;,2
310,솔님 촬영핲때 반사광 없는 화장 해요 더 이뻐 보여요,3
311,비피디!!,3
312,솔님 멋져요,1
313,리뷰능력 좋은신데 굳이 매번 이런 썸네일로 ..좀 실망입니다,2
314,키큰여자분이제이상형입니당 ㅎㅎㅎ 뒤도 말할것없습니다 솔림님  판사님 아무말 안했습니다,2
315,진짜 지금 사면 바보당,1
316,여기 썸네일은 지나칠수가 없네,1
317,오늘은 벤츠 ㅋㅋㅋㅋㅋㅋㅋ,2
318,예배 끝나고 이제 영상보네요,3
319,디젤2천씨씨에 9500ㅜㅜ,3
320,,2
321,내연기관의 벤츠는 짱인정...전기차에서는 쓰레기지만...,1
322,마일드 시스템 결함은 어떻게 되었나요?,1
323,벤츠는 다 좋은데 기어 변속 레버가 컬럼에 붙어있는게 맘에 안들어요. 정말 꼴보기 싫을 정도,2
324,뒷 데루등 좀 제발 바꿔라 벤츠야,1
325,개취지만 디자인 정말 별로네요ㅜㅜ,1
326,디젤..,3
327,"비피디, 앙!",3
328,리어램프는 어찌안대나..,1
329,女主持人不要戴口罩，男主持要戴口罩才對。,3
330,실내 너무 지겹따~,2
331,제발 차만 좀 구경햐. 먼 여자한테 이러쿵 저러쿵이여. 이 여성분 얼굴이 궁금하면 인스타 찾아봐... 인스타에 얼굴 있다.. 차는 정말 맛깔나게 설명하시는것 같음,4
332,휠 에러~~  마차휠 넣어줘,1
333,국내만 4기통 가솔린 안들어오네,1
334,아마도  못생긴듯그런데말을  언어표현이  정말 아트,2
335,요즘 개나소나 다 국내최초드립치네;; 영상 CLS 검색만 해도 먼저 올린 사람들 수두룩하구만;; 그렇게 강조해서 얻고싶은 조회수 얻었나,3
336,,2
337,비피디!'ㅜㅜ,2
338,담배는요래ㅋㅋㅋㅋㅋㅋㅋㅋㅋㅋㅋ,2
339,이딴차에 1억 주느니 ㅋ C300 사것다 ㅋ 썬루프가 수동이여 ㅋㅋ,1
340,와 출력이 왤케 낮어 ;;,1
341,신형 ㄴㄴ부분변경 ㅇㅇ,2
342,벤츠는다이쁜데 저휠좀어떻게해줬으면좋겠네요 휠이너무못생겼어요 .... ㅋㅋ,1
343,이름이 솔 뭐라고 하시는 거에요? 솔 담이 뭐에요 솔이? 솔린?,2
344,비피디 앙  킁ᆢ,3
345,아 솔님 너무예뻐...,2
346,cls는 별루야 a7이 훨이쁘지,1
347,너나사라.난 그돈으로 미국주식 산다.돈이 썩었냐...젊은 친구들...이런거에 눈독 들이지 말고 투자를 잘해서 경제적 독립에 전렴하라.,7
348,"못생긴 EQ시리즈 보다가,  안구정화되네요.",2
349,키가 별루네요.^^ 안사 ㅋ,2
350,아무리 생각해도 난 너를..,1
351,두분사귄다에 손모가지건다,7
352,ㅋㅋㅋㅋㅋㅋㅋㅋㅋㅋㅋㅋ,2
353,솔님 스포애니?,1
354,십등!!,2
355,여자 나이가 너무 많아보인다,1
356,3등,2
357,솔님이제 마스크벗어요,3
358,술드신듯,1
359,"아..벤츠는 디자인은,...참..구려",3
360,굿ㆍ,3
361,ㅇ,1
362,디젤을 누가 사나 아직도????......그리고 벤츠 s클아니면 진짜 사지마세요저도 그렇고 주위친구들도 e클은 말할것도없이구리고cls는 아직 접해보지 못했는데풍절음 너무 심하고 옵션구리고 뒷좌석은 물론 좁다던데,4
363,벤츠 좋은차 이긴하나 내구성은 현대보다 못함... 여긴 미국인데 기아가  이번에 내구성 품질 조사에서 렉서스를 제치고  1등 했고 현대가 2등 프리미엄 브랜드에서는 제네시스가 일등함. 캬 국산 진돌이 베이비카 개멋져부러 근데 미국산 도요타 혼다 벤츠 비머 현대기아는 마감이 개판이고 조립풀질이 쓰레기임.. 그래서 차살때 미국산은 사면 안됨,8
364,"영상 연출과 편집, 차량에 대한 설명이나 정보전달, 시승기 등 뭐 하나 허접하지 않고 좋네요. 처음부터 끝까지 드라이버 면상만 비추는 자칭 시승기와는 차원이 다른 오토뷰 시승기. 앞으로도 기대할게요",7
365,리뷰 퀄리티가 두말할것도 없이 최고수준인 오토뷰. 대부분의 리뷰어들이 개인의 느낌으로 리뷰하지만 오토뷰는 수치를 기반으로 판단하기 때문에 다른 리뷰보다는 신뢰성이 높습니다.  또한 마지막에 알아보기 쉽도록 표로 정리해주고 메시지 분석또한 날카롭습니다. 개인취향에 대한 의견을 약간은 객관적으로 말씀해주시면 더 좋을것 같네요. 오토뷰 너란리뷰..... 정말 최고,32
366,차 기가 막히네요  ㄷ ㄷ,16
367,오토뷰가 대단한게 이렇게 짜임새 있고 다양한 정보를 알려주는  영상 구성을 10년 전부터 이어왔다는 점 ㄷㄷㄷㄷ (웹사이트 들어가면 예전 리뷰 엄청 많음)달라진 건 영상기술의 발달에 따른 화질 변화와 김기태 피디의 헤어스타일 ㅋㅋㅋㅋㅋ,45
368,역시 객관적이고 퀄리티있는 리뷰 잘봤습니다. 항상 잘보고 있어요~~ 화이팅~,9
369,패밀리카로는 적합하지 않지만 20~40대 솔로라면 정말 사고 싶은차이지 않을까싶네..흔하디 흔한 e클라스가 아니고 매력적 헤드라이트 디자인과 전면부가 진짜 멋찌다~벤츠감성과 스포츠성도 느낄수 있는 멋진차다~,2
370,김기태pd님10년전부터 시승기바왔지만  디테일한 시승기 예전이나지금이나변함이없어좋습니다 우리나라에  이런 리뷰유일무이 오토뷰한곳밖에없습니다 감사합니다,8
371,9:38 운전실력 실화냐?ㄷㄷㄷ,51
372,"뒷모습도 보면 볼수록 마음에 드는데, 마치 탱크를 보듯 단단한 모습이 넘 좋습니다.",4
373,리뷰가 참 직관적이고 좋습니다 ㅎㅎ차는 정말 좋은거 같네요 ㅎ,3
374,믿고보는 오토뷰 모두 구독 버튼 한번씩 부탁드리고 가급적 광고 건너 띄지 말고 봐주세요~솔직히 어딜가서 이런 좋은 리뷰를 보겠습니까 ㅜㅜ맘 같아선 돈 주고 보고 싶네요,14
375,올해로 오토뷰 리뷰를 본지 14년 째군요.우리나라 최고의 자동차 리뷰 방송 인 것 같습니다.,7
376,기다리던 차중에하나~!!^^ 오토뷰만큼 다양한정보를 주는곳도 없죠~~!!!!,19
377,너무 뛰어난 퀄 품격... 항상 응원합니다,3
378,"이 영상보고 와이프차로 선택을 했었죠... 한상기 리뷰와 이 리뷰를 보고 선택했고 2019년 2월에 출고했습니다. 뒷모양은 아쉽지만, 전체적으로 상당히 만족합니다.",1
379,코너를 공략하는 모습에서 감탄합니다 저 부드럽다는 차가 저렇게 코너에서 잘버틸수가 ㅋㅋㅋ,2
380,최고의 리뷰군요. 성능부분은 거의 단점을 지적받지 않은것을 보면 기대가 큽니다.. 디자인은 앞모습이 상당히 심플하고 다이아몬드 그릴과 조화가 잘 이루어지는 것 같습니다. 다만 적으로 리어의 디자인은 좀 심하네요. 뒤만 보면 이걸 누가 벤츠라고 할까요 ㅡ.ㅡ. 터치 미지원은 이정도면 정말 고집이 아니라 아집 수준이군요.,2
381,오토뷰는 리뷰가 깔끔한 느낌이라 좋아요,6
382,지금 나오는 1억차중에서 완성도최고  뒷모습도 자꾸보니까 우아함 스포츠성도 2세대보다 훨씬좋고 승차감은 여전히편함,1
383,오늘 아침 출근길에 마을버스 안에서 옆에 지나가는 cls 400d 4 matic  봤는데 운전석에 흰셔츠 소매만 슬쩍 비치던 차주분 분명 샤프하게 생겼을것 같은 느낌적인 느낌의 차. ㅈㄴ 멋있다는 말이 저절로 나옴,1
384,잘만든 cls400  어찌 디젤인데 시동걸리는 소리가 안나냐?  가격만 빼만 흠이 없네. 리뷰에 충실한 오토뷰 항상 응원합니다.,10
385,E400이랑 비교해서 승차감이 어떨지 궁금하네요..,2
386,"정숙성이 엄청나네요 오토뷰가 퀄리티에,비해 유튜브에서는 저평가 되는거같은ㄴ데 구독자 많이 늘기바랍니다",9
387,차이쁘네요. 역시 갓토뷰 리뷰^^,3
388,오..엄청좋은 차군요~~,3
389,복합연비 12.5km면 진짜 괜찮네요,1
390,cls400d오너입니다. 외관 세로그릴에 배기4구짜리 해주면 보는사람마다 눈을떼지 못합니다. 엔진은 너무 마음에 들고요. 앞자리가 타차량보다 뒤로 쭉밀수있어 차에서 누웠을때 앞발이 악셀에 닿지않고 편합니다. 엄청난장점임. 주행느낌 장난없고요. 스포츠성이 가미된 세단이라 보시는게 맞습니다. 강추,1
391,오토뷰 구독자가 10만이 안되는게 말이안된다. 다들 구독 한번씩누르고 가즈아~,70
392,시승  해본결과    가속성능  장난아님  대단해용,3
393,이렇게 칭찬이 많은차가 언제있어나 할정도네요. ^^ 안 사면 큰일 날듯... 하지만 가솔린 모델 나올때까진 기다려봐야 할듯요.언제 나올려나...,9
394,공도에서 몇번 봤는데 실물이 훨신 낫더군요,7
395,시승기는 오토뷰!! 잘 보고 갑니다.^^,6
396,뒷테...그래도 2세대보단 훨 나아보이는데요~ 전반적으로 참 이쁘네요.,4
397,최고의 리뷰 감사합니다.,2
398,역시 오토뷰 입니다. 잘보고 갑니다,1
399,오토뷰. 정말 최고 수준 좋은 리뷰 라 생각 됩니다. 너무 감사히 잘 봅니다. 북아매리카 판매되는 모델들도 리뷰 해주시면 얼마나 좋을까 하는 욕심 팍팍 생깁니다,4
400,역시 독일이구나 디젤도 기술이 진화하는구나,3
401,과열이 되서 충전 안되는 이유...기아 스팅어도 무선충전중 발열이 엄청 심하다는군요. 결론은 밀폐된곳에서 무선 충전을  하다보니 환기 문제인듯 싶네요,1
402,최근에 만들어진 벤츠중에 직렬6기통은 처음인거죠? ㄷㄷㄷ,1
403,터치도 되고 버튼도 되고 하면 좋겠군요 ㅎㅎ,5
404,김피디님의 이정도 극찬이면 디자인이 더더욱 아쉬워 지네요.  관심 있는 모델인데 이정도 평가면...  신형 A7리뷰가 더욱더 기대되는 순간입니다.,1
405,모든 리뷰어가 극찬했던 모델이군요... 정말 꼭 갖고 싶네요,16
406,300마력이 넘고 토크는 70이 넘는데100키로 주행연비 1818 내차보다 힘도 좋으면서연비도 좋네 18,68
407,이영상은 시승기라기보다는 다큐네요 ^^♡,1
408,최고의 믿고 보는 리뷰~,2
409,와....이 한마디에 모든게 담겨있군요 ㅎㅎ,7
410,정말 오토뷰 짱입니다..,2
411,와 기태형이 ......2가지 깐거 처음보네  그것도 무선충전이랑 터치 패널 ㅋㅋ  그만큼 좋다는건데 .......ㅅㅂ 돈이 읍네 ;,5
412,믿고 보는 오토뷰!!,2
413,김기태 피디님 말씀에  공감합니다. 아쉬운 뒷태 ..,25
414,김기태 기자님의 오토뷰가 진땡이지,2
415,6분 전후에 벤츠의 감성 사운드라고 들려 주는데 디젤엔진 달달달에서 깨네요. ㅎㅎ,1
416,오토뷰 구독안하고 무슨 리뷰를 보는거야 이게 필수고 시작임 !!  구독 좋아요!!,9
417,3리터 70토크 !믿고보는 오토뷰,3
418,디자인 cls 개쩜 드림카 ㅠㅠ,1
419,난 두 기자님 길에서 보면 진짜 싸인해달라고 두손모아 공손하게 부탁할거임. 이댓글보고 기분 좋아지셨다면 제발 i8리뷰도 부탁드립니다. 오토뷰에서 다뤄지는 i8영상 보고 싶네요.,1
420,개인적으로 기다리던 차!,3
421,역시 벤츠는 넘사벽인가요,3
422,영상미 최고 믿고보는 오토뷰,4
423,항상 잘보고 있습니다 !감사합니다 ^^ 구독신청 했어요 !,3
424,리뷰는 오토뷰만 봐도 충분함,2
425,믿고 보는 오토뷰. 장안의 화재인 횬다이 팰리세이드도 한번 해주세요. 아무리 미워도 화재의 주인공이니까요.,1
426,1억 넘는차가 이중접합 유리가 아니란게ㅠ소음이 장난아니라던데...,4
427,매번 보지만...오프닝 영상은 짱인듯...CLS의 감각적 소리는...그닥이내여...NVH능력은 진짜 대단한가보내여 신기신기...돈있으면 벤츠~근데 소모품 너무 비싸서ㅜ.ㅜㅋㅋㅋ차값이 얼만데~터치가 안됩니까...거기에 하나더...차값이 얼만데 네비가 무쓸모입니까,11
428,"이 성능에, 이 연비가 되는차는 없습니다.",3
429,오토뷰는 무조건 추천먼저 박고 시작한다!,3
430,디젤이라고 다 씨끄러운게 아니었군요ㅋㅋ 잘봤습니다,2
431,김기태기자님 개인적인 차량은 무엇인지 궁금합니다.,1
432,혼다 시빅에 대한 평가가 보고싶습니다. 리뷰예정이 있으신가요?,1
433,Cls400 사고싶다 e클타는데 사진으로 볼때는 별루인데 실제로 보면 엄청이 이쁘던데,1
434,역시 자동차 리뷰는 오토뷰 미만 잡..,26
435,터치 모니터를 개발 해놓고도 안달아 주는건... S클래스 풀체인지때 부터 달아주려는 고도의 전략인듯... 음...,1
436,뒷태 호불호가 갈릴진 몰라도 ㅎㅎㅎ 성능은 깔게 없네요,3
437,구독자 10만 돌파 축하합니다!!!,1
438,구동손실률측정은 왜 빠졌나요?,4
439,영상 잘 봤습니다!!!!,1
440,자동차 리뷰의 교본수학의 정석느낌,6
441,김기태pd님께선 cls랑 ct6중 어떤것을 선택하시겠습니까?,1
442,오토뷰 리뷰는 왠지 돈 내고 봐야 할 것 같음...,5
443,예전에 영광을 되찾기 힘들 뒷걸음질친 디자인..,3
444,CLS 1세대 모델 출시됐을때 정말 센세이션 했는데...2세대까지도 디자인 좋았는데 어쩌다가 디자인이 이모양 된건지...,11
445,명불허전 명차 맞습니다.셀레나이트 그레이..역시 벤츠는 이 색이 딱입니다.,8
446,뒷태는 특히 리어램프 디자인이 개인적으로 상당한 옥의 티로 보여집니다. 너무 아쉽습니다...,1
447,아이들링 음색도 녹음해주시면 좋겠어요~ 조용하다고 하시지만 영상 마지막에 수치만 보고서는 아무것도 느낄 수 없네요ㅜ 다른 리뷰를 봐도 그렇고... 시승하지 않으면 모르는 부분이긴 하지만;;,1
448,우리아파트에 흰색있는데 엄청 이쁘던데 나도 갖고 싶다ㅠㅠ,1
449,터치 스크린 안되서 벤츠 좋아하는 분들이 많아요. 손자국 나고 지저분해지는거 싫어하는 분들은 벤츠밖에 살 차가 없어요.,1
450,일단 선추천하고 시간나면 감상하겠습니다,2
451,차는괜찮은데가성비가넘안좋더라구요.........차자체만놓고보면훌륭하니가성비안따지시는분들은많이들구매하셔서인기가많더군요.,1
452,cls가솔린 리뷰도 꼭 부탁드립니다..,1
453,나의 드림카 멋있다!!!,3
454,cls 리뷰는 오토뷰가 젤 낫다,14
455,도입 부분 음악 너무 좋습니다,1
456,잘 보고 갑니다~,3
457,"차에 대한 평가는 다각도로 객관적으로 잘 해주시는데 밑에 댓글처럼 리뷰 자체의 재미는 떨어지는 게 사실임편안하고 자연스러운 분위기에서 목소리 전달력을 높이시고 '어떤, 그런, 이런' 같은 반복적인 추임새를 없애시면 더 좋은 리뷰가 될 거 같습니다",1
458,팰리세이드 빨리 리뷰 부탁드립니다. 현기증나요ㅎㅎ,1
459,10만 가즈아!!!!!!!!!,2
460,까만형 리뷰에선 엄청까이던데 극과극이네요 흠 ㅋㅋㅋㅋㅋㅋㅋㅋㅋㅋㅋㅋㅋㅋㅋㅋㅋㅋㅋ,1
461,요것도 e클래스처럼 악셀 위치가 허리통증 유발하나요?,1
462,cls 400d 소유하신 많은 분들이...엔진 오일 감소 현상이 있다고 하던데 해결이 되었나요?.. 사야 할지 고민되네요.,1
463,보면서도 우와...  하는중입니다ㅎ,7
464,딜러에 나오자마자 시승하고 그 자리에서  가격도 안깍고 사왔음. 미국은 CLS 450 인데 8만불 OTD .,1
465,기자님 토크 단위 읽으실때 토크 단위 kg-m 이거 킬로그램 미터가 아니고 킬로그램 중 이닌가요? 저 m 이 미터가 아니라 중량을 뜻하는 거 같은....,1
466,Cls 후면 볼때마다 느끼는건데 나디아의 그 두건쓴 패거리 눈..,1
467,벤츠 깜박이 소리가 의외로 싼마이 소리네요,1
468,오토뷰... 부업으로 자동차 광고 만들어도 될듯...,2
469,"오토뷰 리뷰는 역시 최고다. 노사장 본인이  자동차리뷰에 한 획을 긋고, 본인이 최고라고  하는데, 오토뷰 초창기부터 본사람들은  다 알거다    노사장이 한 말은 개소리라는걸.",158
470,점점 잠시 후 함께 ~~~~~~~~~~~~~~~~~~~~~~~~~~~~~ 느껴보시겠습니다가 느려져요,5
471,진짜 사고싶어도 대기가..1억 줘도 기다려야되는게 너무 짜증남,1
472,이차급에 연비가 좋으면 좋은점은 출장나가서 주유소 찾아 삼만리 안해도 되고디젤이라 고급유 찾아서 안넣어도 되는게 정말 좋을것 같아요.5년뒤엔 돈 많이 벌어서 저차 살려고요,1
473,네 차는좋은데 승하차시 힘듭니다 머리가 닿아요,2
474,이번만큼은 신형 A7이 전반적으로우월해보이는구만요 실내만 빼면,7
475,올해 29 중딩?시절 오토조인스일때부터 보며 자동차를 알아왔습니다ㅋㅋ,2
476,아름답다는 말뿐이 안나오네요..,3
477,판매가격이 얼마인지는 알려  줄수는 없는지요 소비자들은 제일 중요한 부분 이기도 합니다 정확하진 안트라도 어느정도만  이라도...,1
478,밖에서 듣는 엔진소리는 정말 혹 하더라구요,1
479,트렁크 하단 유격 큰 게 자꾸 눈에 들어오네요.,1
480,S400d  랑 같은엔진 같은데 맞나요,3
481,Cls모델은 디젤밖에없나보네요...,2
482,Inttroooooooooo.. 기가막히네요 ㅎㅎ,4
483,출고타이어 굿이어 런플렛인거 빼고는 다 좋음ㅡㅡ...,1
484,3.0 디젤인데... 가속력이 3.0 가솔린 터보 수준이네 ;,2
485,앞모습보는데 헤드렘프쪽이 삼각떼 느낌이 나네요.,1
486,이멋있는차가 디젤ㅋ,1
487,너무 예뻐요,1
488,이차 존나가지고싶다 ㅅㅂ,1
489,초반부 바이올린 연주곡 먼지알수없을까요? 너무좋은데..ㅜㅜ 이번편에 쓰신 연주곡들이름좀알려주세요,1
490,잘보고 갑니다~깔게 없네요(i phone x 큰거는 충전 안되는거~^^),2
491,진짜 단종인가요? 명쾌한 해명이 있었으면 하네요어설픈 블로거나 네타즌 잡배들은 단종이라 떠들고 벤츠코리아나 한성은 아니라고 하고,1
492,요약 : 벤츠야 고집 좀 부리지 마라 ㅋㅋㅋㅋㅋㅋ,8
493,기태성~ 저 이거 하나 사주세요^^♡,3
494,오토(갓 리)뷰 잘 봤습니다. 뒷모습은 폭망... 브랜드빨...이군요. 아쉽군요,2
495,선댓글 후 감상좋아요 구독ㅎㅎㅎ,1
496,좋긴한데~ 너무 비싸~~,1
497,디자인이 왜케 점점 퇴화가 되어가지...  폭스바겐 아테온이 더 나은거같은데,2
498,스포티지더볼드1.6디젤 부탁 드립니다~,1
499,오프닝 bgm 정보좀 알 수 있을까요?리뷰 잘보겠습니다^^감사합니다~,2
500,와...,2
501,뒷좌석 키 181기자님!키크시네요 부럽습니다. 머리 닿고싶다...ㅜㅜ,1
502,외장색 이름이 뭔가요???,1
503,도대체 왜 이 퀄리티 높은 시승기 구독자가 10만명도 안될까? 헛소리하는 어중이 떠준이들도 수 십만인 데... 알다가도 모르겠네... 오토뷰도 고민 좀 해봐야 할 듯...,25
504,아파트에 넘 많이버여서 궁금해서 보게됬는데 이거 s클래스 같은 차량인가 아기들 뒤에 태워서 다니던대,1
505,휠이 너무커서 브레이크가 휑~한데 뭘 꽉 채워요!!!,1
506,뒤가 왜저래 했더만 오토뷰에서도...,1
507,개인적으로 데일라이트등 넘 안예쁘다 ..,1
508,노트8 무선충전 잘 됩니다~! 수정해주세요,1
509,와~,1
510,왜 오토뷰는 전차량에 뒷모습을 보기가힘든가.. 엄청 적게나오거나 부분만나오거나 너무 답답하다..,1
511,오프닝 보소 ㄷ ㄷ,3
512,차값이 얼만데 이게 터치가 안됩니까. ㅋ ㅋ,1
513,크락션소리 들려주실 때 디젤 딸딸이소니는 감성적이지 않네요 ㅎ,1
514,짱츠...가 된 이후 기업이미지 하락...덤으로 리콜도 중국만,1
515,차를 보고 흥분을 하네...,3
516,내 드림카..,2
517,자동차가 아니라 아트다,2
518,뒷모습이 별루라니 안목이 없으시네,1
519,잘보았습니다,2
520,색상 이름이 뭐죠?,1
521,신형 a7나오면 게임끝이겠는데요?ㅎㅎ,1
522,테일램프ㅠㅠㅠㅠㅠㅠ,1
523,기태형님 그렇다면 그런거다.,14
524,실물은 어떨지 몰라도 왠지 벤츠라인업의 아랫쪽에 있는차같네요 4도어쿠페의 원조의 품격은 어디가고  A클이나 B클같은 느낌이...,1
525,앞모습 상어 뚜루뚜뚜루,10
526,ㅜㅜ흠디젤.....,1
527,돈값하는 차,3
528,"Cls400d 연비 좋음,직빨 오지게 좋음,실내 겁나 이쁨,에어서스 올린체로 시내다니면 거짓말 조금 보태서 구름위를 다니는 느낌다만브레이크 병신,코너링 병신,뒷좌석 직각에 가까워서 불편함",1
529,11:01,1
530,고집 좀 부리지 말래 ㅋㅋㅋㅋㅋㅋㅋ,1
531,뒤가 별로,1
532,22분 30초 잘못된 말이네,1
533,경유차는 사절ㅋ,1
534,1빠 하는줄 ㅋ,1
535,1등!,1
536,그죠? ^^,3
537,1,2
538,진짜 역대급으로 못생겼다. 삼각반떼 욕할게 아님;;; 실내 아이패드는 볼수록 비호감...,3
539,Cls 항상 패북에서 보면서 궁금했었는데 시승기찍어주셔서 정말 좋아요!! 사실 S90 D5랑 cls를 조금 고민했는데 조금 더 비싸기도 하고 연식도 좀 되어서 s90으로 가게되었는데 이렇게라도 cls 만나보니깐 좋네요ㅎㅎ앞으로도 좋은시승기 많이 기대할께요!!,5
540,시승기 잘봤읍니다 ^^ 다음차량의 시승기를 기대합니다 !,7
541,시승기 괜찮네요! 앞으로 시승기  기대하겠습니다!,6
542,시승기 영상 잘 봤어용 ㅎㅎ 우왕 ㅎㅎ 럭스티비 잼 있네요 ㅎㅎ 앞으로 더 기대가 됩니다. 담엔 알팔로 부탁드려요 ㅎㅎ,5
543,럭스님 영상 잘 봤습니다.감사합니다.^^,3
544,차안에서 소음땜에 둔하게 들리네요.처음 올리신 영상 치고는 재밌게 잘 봤습니다.앞으로 구독하고 열심히 응원하겠습니다!,2
545,멋져요!,4
546,디자인 미쳤다 진짜지리것노,3
547,벤츠 CLS랑 제네시스 G70 둘중에 뭐가 끌리나요?~~,7
548,남양주 사시는지 남양주 풍경이 자주 보이네요,2
549,ㅂrㅂr티비 지금당장 보러 뛰어간다 .. 확실한건 인방수위중에 ㅂrㅂr티비 따라올곳 없다는거다 여캠 외모가 진짜 ㅆㅅㅌㅊ,1
550,"디젤, 가솔린중 왜 디젤을 선택 하셨나요? 전 연2만km주행인데 고민입니다.. 고급유부담도좀 있어서요 차량을 5년이상 끌계획인데..",1
551,너무짧은느낌 벌써끝나..? 약간 차량의전문성보다는 오너의느낌그대로를 설명해주셔서 나쁘지않았어요 근데 내부촬영과 외부촬영의 사운드크기가 매칭이되지않아서 맞춰주시면 감사하겠습니다.,7
552,16년식 인데 8만키로 넘어서 엔진복원제 넣어서 좀 조용히 타려했는데 더 시끄러워진 기분이 드네요 하도120 인가? 기분탓인가도 싶은데 이거 넣고 오늘 한 400키로 달렸는데 짜증나서 그냥 플러싱 하고 엔진오일 갈아버릴까 생각중입니다 진짜 조용했는데 기대가 컸던갈까요 아님 진짜 엔진 오일을 이상하게 만든걸까요?? 실상 이거 넣구나나까 차 상태가 가 많이 이상해진 기분이 드네요 ㅡㅡ; 아님 기분탓인가,1
553,음량이 너무 아쉽네요. 노래 나올때 소리가 3~4배 더 커집니다..,4
554,bmw4 시리즈 리뷰좀 해주세요,1
555,소리키고 보고있다가 음악소리 너무 커서 깜놀,8
556,차량실내에서 말하시는거 녹음만잘해주시면 괜찮을것같네요 ㅠ,19
557,ㄷㅣ젤자체가 토크빨입니다,1
558,나한테는 얼마안하는차군....,3
559,사골디자인이죠. 근데 신형 디자인이 x망이라....,1
560,할인 말씀하시는거죠?,1
561,영상에 쓰인 BGM좀 알려주세요... ㅎㅎ,2
562,풋파킹 브레이크 ㅋㅋ,1
563,활인이 아니고 할인입니다,2
564,rs7 더 났죠,2
565,음악소리좀 줄여 시끄럽네요,2
566,ㅂrㅂrㅌㅣㅂㅣ가 진짜 성지긴하네 .. 유명한 이유가있으 여캠BJ들이 옷안입고 댄스추는게 진짜 하이라이트인듯,1
567,롱텀 시승기라더니 차 싸게샀다는 얘기만 드럽게 길게하네,1
568,ㅂΓㅂㅏ티비보다보면 다른인방 손이 잘 안감 솔직히 남자로써 야ㄷ 막히고나서 답답했는데 ㅂΓㅂㅏ티비보고나서는 사이다먹은듯 쫙 내려가네,1
569,뭐 들리질 않으니...,3
570,이 불경기에 뭔 새차냐,1
571,영어강사이신대 돈이 왜이리만ㅅ으셔요 금수저인가염,2
572,브금살짝아쉽네여,3
573,마이크 상태 왜 이래??,1
574,비추,1
575,바ㅂㅏㅌlㅂl 는 진짜 대한민국 남자들이 다알아야됨 요새 야ㄷ 규제로 힘든데 바ㅂㅏㅌlㅂl 가 그 해결창구인듯 .. 그냥 한마디로 개쩜,1
576,오빠 나 바뀐데 없어?,203
577,애들 이제 다 독립했고집사람과 멋지게 제2의 인생 즐기려고 2020년에 사서 지금 3만키로째 운행중인데...고속직발 그리고 주행안정성이 너무좋습니다.거제도 진해 광양 ...장거리 엄청 다녀도 피곤한지 모를만큼 편하고 재밌는 차입니다!!!,34
578,cls는 2세대 때도 페리 전후 라이트랑 범퍼 디테일 정도만 바뀌고 거의 똑같이 생겼던데이번 세대도 페리 전후 차이 미묘하게 했네용,2
579,cls300d 1000만원 할인받고 사고 1년타고 산가격보다 100만원 더받고 팜..ㅋㅋㅋ 진짜 잘나가요 디젤느낌도 안날정도로 조용함 힘좋고.. 400d도 좋지만 300d도 진동 없어요 1억 언더에서 살 차중엔 가성비 최고임 연비좋고 빠르고 상대적으로 저렴하고 cls 마크붙고,9
580,크.....  역시 이래서 벤츠 벤츠 하는구나저도 예전에 벤츠 탔었는데 정말 그 감성이있긴하더라구요.다른 브랜드는 없는.지금은 x7사서 잘 타고 다니고 있습니다 ^^,13
581,솔직히.. 바뀐거 너무 없어서 중고차값 방어 해줘서 정말 고마워요ㅠ,8
582,이쁘긴 이쁜....질리지 않는 디자인....,24
583,진짜 돈만 있으면 꼭 사고싶다..돈이 없어 돈이 ㅠ,5
584,20년식 450타는데 핸들은 진짜 부럽네요 ㅠㅠ,2
585,와!! 이미 찍은신건데 올려주신건지 요청에 찍어주신건지 모르겠지만 너무너무 감사합니다! 정보가 많이 부족했는데 잘보겠습니다 초창기부터 우파팬~,3
586,같은 디젤이지만 그래도 400d가 훨 낫죠... cls 이번 페리전 모델 출고해서 3년 7만여 키로 타는중인데 디젤차라고 말 안하면 대리기사님이나 동승자분들 디젤인지 전혀 못느낍니다 데일리로는 6기통 디젤이 관리나 유지면에서 젤 편한거 같아요 4기통은 다타가 진동땜에 짜증날듯 하네요,6
587,설명 진짜 예술이네요,4
588,CLS리뷰 정말 감사합니다! 크 역시 리뷰는 우파네요ㅋㅋ,2
589,우와…벤츠 정말 예쁩니다,1
590,신형 디젤 4기통인가 보네요 평생 타실거 아니면 젊은 오너들한테 최고인듯X3리뷰 연달아 보는데 실내는 안구정화 수준이네요..  450은 그돈이면.. 딱 e클 올드해서 싫은분들 타겟인듯,4
591,영상 잘보고 있습니다 ^^,2
592,몇가지 오류가 있네요.시트컬러에 따라 스티어링 디자인이 바뀌는건 맞는데 영상에 나온 이미지가 아닌 가오리형(신형 s클 c클)이 들어갑니다.시계는 작년 신형 e클에서부터 빠졌구요.본넷에 있는 파워돔 두줄또한 2020년형에도 들어가 있었습니다!,3
593,진짜 내연기관 벤츠는..최고죠..솔직히 밴츠 엠블럼처럼 잘 만든 엠블럼은 몇 없다고 생각합니다! ㅋㅋ,8
594,흠..디자인은 미쳤지만 디젤은...나중에 몇년만 지나면 감가 오지게 후려칠듯... 그때되면 중고차 널린게 디젤...예상함,7
595,오늘도 멌있는 CLS 300d 시승기 잘보고갑니다.,3
596,디자인 실내 다 좋은데 4기통인게 흠..장거리 다녀서 디젤 꼭 사야한다 하면 A7 45TDI 추천집근처 고급유 주유소 있고 가솔린도 상관없으면 민트급 450도 나쁘지않을듯,18
597,고븝유 넣기 귀찮음만 극복하면 450이나 53amg가 답인듯요,1
598,슈팅 브레이크도 들어왔으면 좋겠어요,2
599,비싼 차들을 보는데 다 보면 현타 오네요ㅠㅠ,2
600,이야 벤츠 gls300d  차 정말멋있습니다  벤츠 한번 타보고싶네요,5
601,bmw 530i랑 비교하면 어떤가요? 이차도 멋진데 전 갠적으로 디자인은 5시리즈인데..,1
602,라인이 정말정말 예쁘네요 CLS는 늘 그런듯,2
603,오늘의 차차 포인트 22:26,3
604,휠이 어디서 본 것 같이 정말 멋지네용,85
605,"e클, cls, g80 ,630d 고민하다가g80  3.5 풀옵 샀습니다.7천조금더준거같은데 너무만족합니다.",2
606,갠적으루 이가격이면 a7 이 나은듯요..브랜드 이미지만 뺀다면 ...,1
607,멀티빔이 아니라 주간상시등 모양이 달라요. 이게.. 너무.. 진짜 너무 눈에 띕니다. 그냥 마주오면 바로 알아요.300d의 최고 단점.,3
608,ㅋㅋㅋ직관적으로 봤을때 달라진곳은 진짜 많이 안보임  ㅜㅜㅠ,1
609,E클래스는 송풍구에 불안들어오는데 cls는 송풍구에  led불이들어온다는거밤에 정말 멋집니다,4
610,Cls는 결혼을 안한 싱글 혹은 결혼은 했지만 애기가없는분들 애기가 있으신분들은 아내들의 눈치를 버기에 아우디a7을 사신다… 근데 cls디젤은 4기통이라 갠적으로 a7디젤로가서 6기통 맛을 보는것도?,4
611,CLS옆 클래식카 느낌나는 옆차가 더 시강이네 ㅋㅋㅋㅋ,2
612,개인적으로 1억 언저리면 BMW 550i 타요.  4.4 터보 523마력  2.0 디젤 260마력  하늘과 땅 차이니까..,3
613,아무리그래도 4기통 디젤이 9000만원대인건 좀 ㅜㅜ,7
614,cls살까하다가 m3샀는데 재밌게잘타고있음,6
615,400d도 있었으면...ㅜㅠ,1
616,4기통중에 젤재밌었던차ㅋㅋ 값어치함,2
617,bmw 6시리즈하고 비교하면 어떤게 더 좋나요?,1
618,겉은 벤쭈.. 안은 4기통디젤딸딸이인디ㅠㅠ 여유되는 능력자들이 타는차,10
619,CLS는 전모델이 더이쁨,7
620,"아니 9300짜리에 왜이리 옵션이 없죠...? 뒷좌석 에어밴트 온도 조절도 안되고, 썬루프 가림막 수동에다가 고작 4기통 디젤이라니... 정말 저세상 가성비:)",14
621,디젤이라 갱운기 소리는 어쩔수 없네ㅠㅠ,4
622,우리가 볼때 저 사람 옷 왜 저렇게 입었지? 라고 생각드는 사람도. . 그 본인들은 나름 집에서 나오기 전에 거울보며. . 이정도면 좋네. . 라고 생각하고 나온거 랍니다 ㅋㅋㅋㅋ,2
623,벤츠 잘 않는 사람이라며 CLS 을 싸라 고급 라인업이 1억 있지 대체로 1억 미만 연비도 좋다... 연비 생각하는 한국인 CLS 있다..,1
624,9천인데 포존안해주는건 진짜 에바아니냐 ㅠ,11
625,e350이랑 진짜 고민 많이했던...디젤 ㅠ,5
626,9천주고 디젤살거면 630d가 최고 아님?,3
627,1세대때는 관심있게 봤는데 2세대오고부턴 관심밖의차 ㅋㅋㅋㅋㅋㅋ,7
628,세로그릴로 바꿔줘야 제맛이제~,3
629,cls300d 좋은점 휠바꾸고 머플러바꾸면 cls53amg 변신가능,2
630,cls조립품질 문제가 많아서 오너들 불만 엄청 많아요,1
631,17:15 안전벨트꼽혀있는거 뭔가요?,1
632,이쁘다잉,3
633,2018년식인데 똑같습니다계기판 디자인변경 똑같이 됩니다 ㅋㅋ,6
634,같은등급으론 a7이 최고인데….,19
635,9천만원 미만이면.....8천만원대인데;;;;; 9300만원이면 1억 미만이라고 해야함,11
636,E클 쿠페 4년타니까 실내디자인이 질림Cls 외관 이쁜데 실내가 똑같은게 아쉽네ㅜㅜ,2
637,400d amgline 운행중인데 이게 물건입니다. om656엔진은 진짜.. 미친엔친,6
638,라이트 앞면 이제 좀 이쁘네,2
639,Cls 450 디지뇨 2년 가까이 타는중인데 안질리고 볼매에요 ㅋㅋ,3
640,내차네ㅋㄱㅋ 갖고싶다ㅠ,1
641,하위트림 헤드라이트는 원래저랬는데요ㅎㅎㅎ상위트림 멀티빔 헤드라이트는 갠적으로 안이쁨,1
642,520D 연비 ,2
643,라이트 이쁘다..,1
644,Cls는 벤츠중 감가 제일심한차라 여유없으시면 중고사는게 개꿀입니다 이상 14년식 cls350차주 내차도 똥값ㅜ,2
645,4기통 디젤이 너무 비싼거 같습니다;;,4
646,디자인이 아쉬움. Amg gt 팔아먹으려고 cls 디자인을 망쳐버렸단 게 업계의 정설,4
647,혹시 앞자리 왼쪽에 달려있는 휴대폰 거치대 어디 제품인지 아시는 분 있나요?,2
648,애가 둘이라...그림에 떡입니다...구형이라도 사보고 싶은데...,2
649,이거 그냥 블랙 인가요??? 색상 너무 이쁘다,1
650,Cls는 점점 퇴보 하는듯요..,6
651,5월 출고예정입니당~~!!,2
652,차가 이제 아무리 좋아도....솔직히...디젤은 이제....,3
653,450도 리뷰영상 나오나요??,2
654,우파가 추천하면 그건 맞는거야. 두말거 없지.,1
655,좋아요누르고갑니다,2
656,흠... 450아닌이상 300d보단 6GT나 a7이 나아보이는데...,2
657,53amg가 그렇게 이쁘던데,1
658,Bmw 6gt가 왜 가성비차 라는지 알겠네.,3
659,옵션 다 빠진거 아닌가?에어쇼바...400d가 좋은데^^,2
660,라인이 딱 나랑 똑같네ㅋㅋ,34
661,우파님. 디펜더 리뷰 부탁해요..,2
662,우하!진심이십니까? 최고 맞습니까?,1
663,개인적으로 cls는 2세대 페리가 가장 이쁜듯 옆라인부터 해서 특히 뒷모습 째려보는것 같은 뒷라이트 진짜 이쁜듯 신형은 먼가 어색함 특히 앞모습 라이트가 너무 위로 올라가있다고 해야하나 뒷모습은....,2
664,a 라고 써있는 휴대폰거치대 어디꺼인가요?,1
665,1억이하 싱글이면 cls아빠는 6gt 이게갑이지ㅋ,3
666,저는 cls53으로 예약했는데 내일온다네요 ㅋㅋㅋㅋ,2
667,딱8000만원만있으면 살수있는데...,2
668,장근원이 본넷트 쾅 내려친 차 cls (참고로 페이스 리프트 말고 구형),1
669,갠적으로 저값주고 4기통 디젤을 사고싶진 ㄴ 않아서...,2
670,9300에 4기통 디젤 ㅋㅋ,8
671,다행이 cla보다 예뻐졌네,1
672,실내는 거의 E350 AGM Line인데요?!?!?!?,1
673,서울 올라오니깐 돌아다니는 차 절반이 벤츠임ㅋㅋ,3
674,이 가격대 차중 가장 별로인차가 cls ㅎㅎㅎ,4
675,4기통이죠?,2
676,굿,1
677,솔직히 디자인은 A7이 훨씬이쁘네여.,12
678,끄믄색 벤츠 아우디는 진리지,2
679,"이차 세금 포함 다하면 1억인데,,,,",1
680,벤츠들 저 뒤 트렁크 여는 앰벌럼 열고다니는 사람들 많더라 주행하면 자동으로 닫혀야되는거아님?,1
681,멋에돈을투자할수있는사람 추천 !! 아즈아,1
682,C클 핸들 똑같아요,1
683,4기통 디젤이 ... ??,1
684,키 185이상인사람한텐  Cls 너무작음 창문 폭 숨막힘 ;; 주저없이 A7..A7 프로모션 하면 9천대 동일-,3
685,M340i가 최고인듯,2
686,e350 취소해야되나 ㅋㅋ,1
687,이게 4기통이라구요?,1
688,우파님 튜닝카페스티벌 오시나요???,1
689,내찬데 별론데 좋음. 너무 작어,1
690,맙소사,2
691,9천짜리차에 썬룹손잡이 ㅋㅋㅋㅋ,2
692,옵션깡통,3
693,1등이에요 우파님!!,1
694,이탈리아 토날레 3600만원대,2
695,A 시리즈 같아,1
696,9천미만은 6gt a7 말고 잡인데..,6
697,벤츠는ᆢ 그낭 벤츠다다요ㆍ,1
698,개취 a7,4
699,센터페시아 디자인 사골로 우려먹네zzzzzz,1
700,망둥이=뽀구미,1
701,상어같은 느낌이네요,1
702,재고처리 스폰?,1
703,9천주고 디딸이라…,3
704,"300d amg라인 지난달에 팔았습니다 이 분은 벤츠면 다좋다는거같아요 장점 4기통 디젤인데 정숙함,직빨,고속안정성 2년간 타면서 이 세가지밖에 없어요.9000만원 가까이 하는 차가 통풍,어뷰 빠지고 시트 불편하고 뒷자리 누구태우기 좁아서 숙쓰럽고 가장 큰 단점은 개같은 승차감..국산 중형을 무시하는건 아니지만 예전에 타던 yf소나타 타는 느낌..다들 하나같이 제차 탄사람들이 생각보다 별론데?반응이였습니다 딱 벤츠마크 하나로 타는 차. 편안함과 승차감 생각해서 렉서스로 갈아탑니다",4
705,A7,4
706,A7...,7
707,응 8시리즈,1
708,ㄹㅇ 비엠같이 할인 범벅에 싸디 싼 중고차 가격으로 카푸어들이나 사는 브랜드랑은 다른 브랜드,3
709,,1
710,1빠,1
711,"개인적으로 이뿐건 a7,g80ㅎㅎ",2
712,스팅어 373마력 52토크     스팅어차주로써 의문의 1승ㅎㅎㅎ 5천4백주고산건데ㅎㅎ,1
713,6등 으로 도착,1
714,ㅇㅇ,1
715,1,2
716,오옴,1
717,2,1
718,1,1
719,a7 보다 더 이쁜듯,4
720,"난 벤츠 특유의 사골이 싫음솔직히 실내랑 감성 빼놓고는모든 것이 비엠이 벤츠를 앞선다고 생각한다아, 1억이 넘어가면 당연히 벤츠다.",5
