,comments,likes
0,타이밍셋트교환가격워퍼펌프알고싶네요요정도는정비해야죠?,2
1,"첫차를 SUV로 시작해서 두대째 웨건 타는중(V60 -> v90)인데, 웨건의 매력은 역시 편안한 주행성능과 적재능력인거 같습니다.",3
2,정말 멋진 차죠.. 결국 크로스 오버가 향하는 정답이 이차인듯합니다. 리뷰 감사합니다,88
3,볼보가 다른것도 있지만 디자인 하나는 정말 훌룡한 것 같네요 ㅎㅎ,2
4,리뷰를 이렇게까지 잘 해도 되나? 싶을 정도로 훌륭한 영상👏👏👏,2
5,i40 2015 오너입니다 밑에 말씀하신 다른 분처럼 정말 왜건 활용도 정말 좋습니다. 국내에서도 왜건이 많아지면 좋겠네요,2
6,정말 제가 제일 좋아하는 현실적인 드림카입니다. 리뷰해주셔서 감사해요.V90CC 초코색을 서래마을에서 봤는데 가로수 밑에 있으니 너무 잘어울리더라구요.,18
7,자동차가 정말 멋있네요 ㅋㅋㅋ 디자인이 깔끔하니 괜찮네요,1
8,한용님 이야기는 언제나 듣기좋습니다ㅎㅎ그리고 편집자님의 센스가 채널을 너무 돋보이게 만드네요👍,4
9,근데 의외로 V90 CC가 왜건인데도 국내에서는 나름 인기가 좋단말이죵.😄😄물론 V60 CC도 인기가 좋은편이긴해요.,11
10,"차박이 유행을 타면서 제일 먼저 떠올린 차가 볼보 크로스컨트리입니다.  V60, V90 제대로 세팅한 실제 차박 시승기도 보고 싶네요.^^",1
11,우연히  도로에서 보게되었는데 바로 드림카가 되었습니다. v90도 멋지지만 저는 60도 멋지더라고요.  어떤걸 사야될지 행복한 고민에 빠졌습니다. 😁😄,6
12,차가 일단 좋고...일단 유니크함이 구매욕구를 끌어당김....,1
13,V90 기회가 닿아 좀 몰아봤는데 여러가지로 괜찮은 차 맞습니다. 근데 아무리 좋아도 가격은 좀 괴리감이 큽니다. 일단 수입브랜드이고 유니크하다는 점과 옵션도 꽤 좋은 사양으로 들어가 기본적으로 싸게 팔 수 없는 차라는 건 알지만 그래도 좀... 국내 브랜드가 3000중반대 정도에 내놓으면 잘 팔릴 수도 있지 않을까 싶습니다.  왜건이 안팔린다고 하는데 사실 예전 국내 왜건은 트렁크위에 유리창만 덧대 놓은 어색한 모양이었고  i40 이후에 제대로된 왜건을 접할 수 없는 환경도 큰 이유라고 생각합니다. 사람들의 인식도 많이 변했으니 새로 개발하기 뭣하면 유럽에 판매하는 모델이라도 들여와 주면 좋겠네요.,1
14,"웨건 같지만 웨건같지않은 차. 유럽에 판매중인 V90은 웨건이 맞는데, 오프로드를 위한 차고가 높아진 V90CC 크로스컨트리는 기존의 V90보다 더 스타일리쉬해 보입니다. 비엠은3 벤츠는s 볼보는역시 웨건 명가 지요. 안전의 볼보.",3
15,저에게도 드림카로 목표인 볼보. XC90 시승 후에 아주 마음이 굳어졌죠.근데... 스크린에 공조장치까지 다 때려박은 건 정말 이해가 안되요. ㅠㅜ안전의 볼보가 이렇게 안전하지 못하게 인터페이스를 제공하다니... 아쉽더라고요.,2
16,헤드램프 마저 안전관련이였다니...정말 꿈의 자동차입니다 ㅜㅜ,1
17,큰 차긴 하지만 전장이 5m가 안되는데 낮아서 그런가 리무진 마냥 길어보이는게 개간지 포인트,2
18,편안하게 진행하시네요연구도 많이하시는듯. 좋은영상 감사합니다,1
19,앗 제차네요^^ 이녀석 처음 나왔을때 디젤만 들어와서가솔린에 시트 초코브라운으로 하겠다고 예약하고 11개월 걸려서 받았을때의 기쁨이 아직도 기억나네요 ㅎㅎ,9
20,왜건이 디자인이 애매한?면은 있는것같아요. Suv는 크고 높으니 좀 시원한 느낌이있죠. 그래도 가족있고 여행좋아하면 왜건이 정말 좋은 옵션인데 이상하게 우리나라에서는 유독 인기가없긴해요 ㅋㅋㅋ,1
21,김한용님~! V60 시승기도 꼭 좀 해주세요!!!부탁드립니다~~~ ^^,1
22,와 진짜 보면 볼수록 매력 좔좔좔흐르는 차...,13
23,근데 ㄹㅇ 볼보만큼 웨건을 비율이쁘게 잘뽑는 회사도 없는듯. 특히 테일라이트,40
24,"운이 좋아서 13년식 xc70을 7년 타다가 v90cc석달간 탄적이 있었습니다. 간단 비교를 해보면 외형은 신형은 너무 예쁩니다. 실내도 잘 빠졌고요. 잘 생긴 남자에서 이쁜 여자로 바뀐느낌입니다. 남자취향에선 구형이 제겐 맞습니다. 가끔 비포장과 진창인 현장도 다녀야 하니까요. 구형은 시트에서 바람도 안마도 없어요. 걍 남자스타일이라면 신형은 섬세한 여자? 오디오를 보면 구형은 다인오디오입니다. 괜찮아요. 이부분을 많이 비교해봤는데 재즈, 클래식이라면 신형 고음처리나 섬세한 음색에는 최고이나 팝이나 가요는 구형이 더 어울리더군요. 막귀라 제가 틀렸을 수도 있습니다. 드라이딩은 신형이 좀더 경쾌하다면 어시스턴스를 구현하면 아가씨처럼 차선 벗어나지 말라고 간지럽게 간섭하듯 툭툭들어옵니다. 구형은 조금 성급하지 않는 힘좋은 아저씨 느낌? 그냥 핸들링은 니가해라 나머진 내가한다 입니다. 적재함은 신형이 생각보다 좁은데 구형은 뭐.. 휠씬 좋습니다. 이제 26만 뛰었는데 대리기사분들이 엔진소리 듣곤 놀랍니다. 아직도 좋다고 이런저런 이유로 V90포기하고 그냥 타던 구현 XC70타기로 했습니다.  전기차 왜건이 나올때까지.",1
25,이차를 소개할때는 최저지상고가 세단에 비해서 높다는 얘기가 빠지만 안될거같아요. 이차는 왜건과 suv를 섞어놓은 차같네요. 볼보 차중에 가장 마음에 드네요.,1
26,진짜 사고 싶은 브랜드인데내 급여로는 쥬륵...카렌스나 I30CW라도다시 판매해줬으면 좋겠다 ㅠㅡㅠ,3
27,라세티 웨건 07년식 지금도 잘 타고 있네요 가격은 프라이드디젤보다 30만원 비쌌던 ㅋㅋ1500만원대 디젤 웨건 DPF도 기본장착 되어 있었고 윈스톰엔진 WGT아이신 자동5단,2
28,국내에서도 잘 팔리니까 이제 제발 볼보 온 콜 들여왔으면..,9
29,제가 호주에서 2006년 xc70 타는데 이틀전에 농장길에서 차가 돌아서 옆으로 차가 두번 돌고 공중제비 돌았는데 차는 폐차해야하지만 몸에 상처하나도 안낫네요.. 천운과 볼보이엿기때문에 적어도 근육통도 없다고 생각하고있습니다,5
30,왜건 비율은 진짜 볼보만큼 이쁜 게 없네....,2
31,v90의 진정한 파노라마선루프...ㄹㅇ멋잇음,4
32,실용과 멋을 잡은 디자인 개인적으로 3시리즈  왜건도 이뻐요 ㅠㅠㅠ,2
33,아직은 왜건보다 SUV가 더 멋있어보이네요.,1
34,볼보차 너무 타보고 싶네요!,6
35,i40리뷰 한번 해주세요^^한국 왜건에 방향성을 만들어 주세요~~,2
36,T5는 터보챠저로만 구성된 엔진입니다. 슈퍼챠저는 T6 이상 모델에 들어가는 걸로 알고 있습니다.,1
37,웨건 참 실용적인데... 우리나라에선 진짜 안팔림....,1
38,현 i40오너입니다 왜건에대한 인식이 국내에선 별로지만 일단 타보시면 왜건의 매력을 느끼실껍니다 저는 v90이 드림카네요~,61
39,설명 잘하시고 듣기편하네요 리뷰잘봤어요가장 선호하는 차량입니다,1
40,다른 웨건은 눈에도 안가는데 볼보는 왜이렇게 예쁜건지.....,4
41,미국 판매용 XC60 같은 경우는 하이브리드 사양으로 넘어가면 에어서스를 사용하더라구요리프는 그보다 더 낮은 사양에 적용되는 거 같습니다,3
42,"우리차는 골프 왜건 (일반골프x) 인데 실용성, 가성비는 왜건이 최강 suv보다 트렁크가 큰듯",1
43,왜건... 해치백... 우리나라에선 문제죠현대 i40도 참 좋았던 차였는데 국내선 찬밥신세였죠막상 산 사람들만 매우 만족하며 타고다녔다는 그 차...ㅋㅋㅋㅋㅋㅋ,2
44,시승맛집 김한용대표님 잘 봤습니다. 목소리가 너무 좋으시네요. 신뢰가 갑니다.,14
45,"The video you see at the start of the video happend on a demonstration to the client buying the vehicle, of how the automatic breaking works, sadly the one driving the car didnt know that it only works when the vehicle is rolling, not accelerating. This happend in the dominican republic.",1
46,시동꺼지는 현기차랑은 비교불가볼보는 웨건을 잘 만드는 회사임,7
47,웨건은 볼보가 제일멋있는듯길가다가 가끔보면 계속눈이감,108
48,아 정말 편집 미쳤다   완전 빵 터졌습니다.센스덩어리들!!!!팔로우 더...라니처음 독립해서 편집 어떠냐는 영상 올리셨을 때아재들이 편집 정신 없다고들 했는데폭 넓은 시청자층 가져가려면 반듯이 필요한 편집자라고 댓글 단적 있었는데..,4
49,주차 돼있는 차를 보고 너무 이뻐서 차 주위를 한바퀴 돌아서 봤던적이 있네요.,1
50,리뷰 잘 보고있습니다. 6gt도 리뷰 해주세요 ~~^^,10
51,차는 정말 최고인데 센터서비스악명은 개선됫는지 궁금하네요  ㅠㅠ,2
52,"2년차 실 오너입니다. 1. 마사지 시트 : 누가 타면 자랑하는 용도입니다. 그냥 있구나 뭐 그정도입니다.2. 네비 : 정말 bmw 구형 네비가 최악이라고 생각했는데 더 구린게 있어서 깜짝 놀랐습니다. 곱게 카플레이 씁니다.3. 웨건이라 짐 적재량에 좀 기대를 했는데 뒷쪽 유리를 세로로 깎아놓아서 구형 xc70에 비해 실 적재량은 좀 아쉽습니다.4. 클래딩이 맘에 안든다. : 그럼 검정색 고르시면 됩니다. 검정색은 클래딩이 별로 튀지 않습니다.그 돈주고 2,000cc 타니? 그돈이면 E클 사지 왜? 라는 질문만 반복적으로 대답 해 줄수 있다면 본인만족도는 높은 차 입니다.",5
53,V60 cc 보다 가격이 너무 비싸서 v60 으로 기울게 되는것 같습니다.,5
54,해외에서 크로스오버 왜건의 비교 평가는 벤츠의 E클 올터레인이나 아우디 A6 올로드콰트로가 더 좋던데 국내엔 들어오질 않으니....,1
55,간지 좔좔 흐르네요 다음 차는 이겁니다!!!,1
56,아따~~이 집 시승맛집 이구만,2
57,와.. 인트로 진짜 스타일리쉬해요!,1
58,스바루 아웃백도 볼보 따라  시작했죠 미국에선 인기 많습니다,1
59,김한용 기자님 오늘 선릉에서 인사드렸던 사람입니다. 기자님 실물이 훨씬 미남이시네요~^^ 만나뵙게 되어 영광이었습니다~!!,8
60,SUV 타는사람들 중 진짜 오프로드 가는사람들 극소수일건데 좀 과하죠왜건이 좀더 흥했으면 좋겠습니다,94
61,Xc90이랑은  안전성이 비교가되나요? 전원생활중이고 애기도있어서 안전을 추구하는데  저희도마트가면 장을 많이봐오거든요  차에대해잘모르는데 xc90 s60 이랑비교하면 어떤게안전하고좋을까요 생활력은 이차가짱일듯싶구요,1
62,2:27 이거 인정!!2:50 테일램프에 이런뜻이 이건 몰랐다.5:40 오~ 워셔액이 뒤로 가니까 더 편할듯요16:40 형 음흉했다 ㅋㅋㅋㅋ,16
63,왜건도 저렇게 아름다울 수 있는지 나에게 알려준 차,11
64,왜건최고입니다  Suv 세단 장점을 다가진 왜건디자인도 한국에서는 특별한차,1
65,한국은 왜 왜건의 무덤이 된 거지. 출장 때 렌트해서 타보니 실용적이고 좋던데...,1
66,모카는 부드러운 감성이다^^~,1
67,오프닝 모카사상 역대급이네요ㅋㅋ,2
68,안전을위해서라면 그 어떠한것도 타협하지않는다,20
69,미션의 반응은 어떤가요?? 개인적으로 BMW ZF미션에 인상깊었는데 6GT와 고민중인 입장에서 궁금하네요;;;,4
70,믿고타는 볼보^^,5
71,영상 잘 보겠습니다~링컨 에비에이터도 시승부탁드립니다!,1
72,앗 v90 멋지네요 예전 i30 cw 왜건 타고 다닐때 나는 만족도가 높았는데 사람들이 오ㅐ 레조 타고 다니냐고 놀리고,1
73,왜건이 가장 실용적인거 같은데 이상하게 suv보다 인기가 없어요ㅠ,1
74,구독자 수 40만명까지 파이팅이예요😃,1
75,저의 워너비 차에요. 다다음번엔 꼭 v90cc로. 가격만 좀만더 착하면 좋았을텐데요,1
76,T5니까 터보차저만 있고 당연히 수퍼차저는 없죠.,2
77,아니요 우리나라사람은 있어보이는걸 가장선호합니다.커피집 인테리어비싸게하면 무조건장사잘되고요. 커피를 맛으로 먹나요 있어보이는 느낌에 힐링하는거죠.있어보이는이 우리나라의 원동력중하나입니다.현기의 믿는구석이죠..,2
78,T5엔 슈퍼챠저는 없는걸로 압니다. ^^                V60cc 대기자로부터.,4
79,안녕하세요 기자님 리뷰에 잘못된 부분이 있어 댓글 남깁니다. 20년식 v90의 그물막은 롤스크린 형태로 장착 되어 있습니다. 리뷰 영상에도 롤스크린 형태로 장착되어 있는 것이 보이는데도 펼쳐서 들고계신 접이식 그물막이 기본 제공이라고 말씀하신 부분은 잘못된 부분입니다. 다시 말씀 드리면 접이식 그물막은 제공되지 않고 러기지 커버 앞 부분에 롤스크린 형태로 장착 되어 있습니다.,2
80,크로스컨트리에 빠져서 당장 시승매장 가서 전시된 차를 봤는데 멋지다. 안에 타보니 진짜 편하다. 공간이 넉넉하고 여유있다. 볼보라 짱짱하니 안전해보인다. 애들 태우고 데리고 다니기 좋겠다. 적재공간도 정말 넓었다. 다 좋았다.그런데......시승하러 외부로 나오는 차량을 보니 빌딩 사이에서 주변 SUV 차량 속에서 납작한데 기다란 뭐(?) 같았다............. 그걸로 왜건 고민 끝. 전시장에서 홀로 조명빨로 그리 멋져보이던 왜건이 높은 빌딩도심에선 주변과 안어울리고 납작하고 긴 핫도그햄버거처럼 보인다는게 개인적인 감상. 회사동기가 유럽에서 인기좋았던 i40 사고 타고다니며 엄청 후회했던걸 이제야 이해함. 나중에 유럽에 살면 그때 사야지.,1
81,볼보 좋습니다. 폴스타2 빨리 나왔음 좋겠어요 ㅎ,1
82,한용님 리뷰 보고. 결국.. 쏘렌토 하이브리드 계약하고 기다리는 중인데.. 이녀석이 자꾸 아른거리네요.. ㅎ,1
83,왜건 진짜 좋아하는데 우리나라는 왜건이 없음... 있어봤자 작은 왜건이나 해치백... 보볼만 v60cc v90cc있지...  난 국산꺼 갖고 싶은데 K3GT5도어는 넘 작고.. i30단종이고.. i40도...단종...흐앙ㅠㅠ 없음...,18
84,차박 한다면 웨건은 잠은 잘 수 있지만 낮아서 앉아있기 힘들어요. 알파인텐트도 아니고... 밖에 비가 많이 오면 차에서 밥도 먹고 커피도 마시고 해야하는데 누워서 할 수 없잖아요? 안된다는건 아닌데 힘들다고요.,1
85,우리나라도 4륜아닌 왜건들어오면 좋겠네요 1000에서 1500백싼데,2
86,지금차는 세단이지만 다음차는 크로스오버를 살것 같습니다,1
87,코리아만 붙으면 진짜 ㅋㅋㅋㅋㅋ,2
88,t5엔진은 터보차저만 들어가있는 엔진입니다.t6가 슈퍼차저까지 들어가있구요.,17
89,중간에 볼보 드론샷 찍으실때 들어간 BGM 뭔가요?? 좋네요 ㅎㅎ,1
90,왜건은 아무리 잘 만들어도 비율적으로 이쁘지가 않음 그래서 사람들이 왜건급 실용성이 필요할 때 suv로 가는 거 같음,1
91,말씀하신것처럼 우리나라 스타일은 유럽하고 다릅니다. 당연히 변해가는 모습도 다릅니다. 왜건 저평가 당할만 합니다. 우리나라 사람들은 왜건 타지 않고 SUV로 넘어가는거 보면 알 수 있습니다.  앞으로도 그럴 것 같습니다.,2
92,작년에 알아보던 v90 기자님이 이제야 리뷰 해주시는군요,1
93,7200이면 6gt가 더 낫지 않나??,1
94,으...저한테 왜건 디자인은 적응이 안 되네요저는 역시 해치백ㅎㅎㅎ,1
95,V90이 멋지지 v90cc는 걍 그래요..  유일하게 수입차매장가서 시승했던 v90cc. i40 왜건탔었는데 진짜 팔방미인입니다ㅎ,1
96,"네비게이션 저렇게 세로로 배치하면 운전자가 운행하면서 세로라서 밑쪽을 계속 봐야 되기 때문에위험하고 더 불편합니다그래서 요즘 트랜드는 네비를 와이드로 길게 위로 배치하는 데는 이유가 있지요. 앞자리 센터에는 물리버튼이 없어서 정말 인포테이먼트, 에어컨 조작 매우 불편하고원가 절감하려고 화면에만 다 넣었는지, 보기에만 잘 정돈되고 이쁜, 하지만 타면 탈수록 불편한 이런 수준인듯 합니다그리고 네비도 아이콘 모양으로 한게 아니라 저렇게 바둑판으로 메뉴를 둬서,오작동 확율도 높을 뿐더러 터치 하기도 어렵습니다. 그리고 볼보가 솔직히 무슨 프리미엄 브랜드 라도 됩니까? 가격보면 어이가 참 없습니다그냥 작은 규모의 소형 자동차 회사중 하나인데 말이죠근데 무슨 자기네 차가 프리미엄이라고, 회사 정책도 참 웃깁니다 바우엔 윌킨스 오디오는 좋지만 그러나 결코 가격이 합리적인 걸까요? 머 일반인이 소비하는 수준이 아니라 자동차 브랜드가 제조사와 계약을 하고 만드는 건데,바우엔 윌킨스 넣기 위해서 써야 하는 돈이?오디오 옵션이 수백만원이라... 흠. 그런 브랜드 일까요? 과연 볼보가? 안전하다 안전하다하는데 현대 기아가 해외 별점 안전등급 받는거 보면 가장 안전한 브랜드중 하나인데현대 기아차 정말 안전한 차다 라고 말하시는 리뷰어 분들 기억이 나질 안는군요.볼보처럼 무식하게 무겁고 두껍게만 해서 튼튼하게 만드는건 사실 예전 오래된 기술이죠.아주 얇고 가벼우면서도, 충격 완화를 잘해서, 안전하게 만드는게 정말 어려운 기술인데사실, 볼보는 그런 기술이 없지요. 첨단기술 볼보 자율주행 기술 수준이 어떻게 되나요? 수소차 기술 있나요? 그럼 하이브리드 엔진 올린건 알겠는데 그렇다고 전기차 기술이 뛰어나다고 평가할수 있나요?하이브리드 연비 한번 생각해 보면 어떻습니까? 연비 잘 나오는 브랜드도 아니죠. 볼보가 결코.볼보가 그렇게 좋은차고 가성비도 좋고 대중을 포용할수 있는 브랜드였으면진작 중국에 팔리지도 안았을 것이고,팔린 이후 다시 부활한 이 시점 후에 보더라도 대량 생산 해서 세계시장에서빅 브랜드들고 치열하게 경쟁하고 있겠죠. 그럼 당연하게 이 브랜드의 가치를 봤을때 차 가격이나 옵션이 비싸다고 지적해야 한다고 봅니다.적어도 소비자의 입장에서 회사의 터무니 없는 주장을 무리하게 수용할 필요는 없죠. 그리고 지금 볼보의 자동차 판매 방식, 고객 응대방식... 애휴 머 더 잘 아실겁니다. 제가 무슨말 하는지.이런것에 대해서도 지적좀 하셨으면 좋겠습니다. 그렇다고 정비성이 좋은것도 아닌데. 사실 볼보가 도요다그룹 - 현기그룹 - 폭스바겐그룹 이런 빅보이들과 경쟁이 가능한가요?경쟁에서 완전 상대도 안되죠... 그래서 소량 생산으로 겨우 명맥만 유지하는 겁니다. 틈새시장.그런데 마치 아주 기술력 있는 럭셔리 브랜드 같이 포장하는 것은 아니라고 봅니다이 브랜드의 네임벨류에 비해서 너무 가격이 높게 책정되어있다.볼보 라인업 차량이 전체적으로 다 무겁기만 하다. 요즘 안전은 그렇게 만드는 것이 아니다.볼보 차에 오디오 옵션이 수백만원 책정되서 만든건 너무 오버 아닌가?라인업이 너무 단조롭고 한정되어있다. 그냥 차체 사이즈만 조금 다른것 같다. 뭐가 틀리냐?이런 부분의 조금 세세한 리뷰가 없어서 아쉬웠습니다. ㅎㅎ이상입니다.",1
97,4:24 산타페는 환공포증도 없는데 그릴 보면 무섭네요.,1
98,이차가 잘 안팔리면신차 대기시간 짧아서좋겠다,1
99,WHIPS에서 Whiplash injury라고 채찍질손상? 편타성 손상이라고합니다 이게 자동차 사고시 발생하는 경추 부분 척수손상이구요! 채찍질손상이라고 이름이 붙은건 목이 채찍처럼된다고해서입니다!,40
100,가족 안전을 위해 볼보사고싶지만...초년생이라...,1
101,볼보의 안전은 사고가 안난다는 게 아닌것 같습니다... 사고는 똑같이 나고..상대방차나 사람은 죽겠죠.. 대신 타고 있는 사람은 보호되고,1
102,이차는 왜건형임에도 SUV에 버금가는 높은 차체가 포인트라고 생각합니다 진심 존멋,1
103,v90cc는 슈퍼차져가 빠진 t5 모델만 판매하네요. xc60과 xc90에 있는 t6엔진이 터보&슈퍼차져 입니다.,2
104,볼보가 도요다 방식 하이브리드 도입했으면 좋겠다!,2
105,정말멋있다,2
106,22:00 여기서부터 보면 될것 같아요 여러분,136
107,"08:45 09:29 도대체 좌석은 얼마나 어려운 단어이길래, 아직까지 자막에서 뒷'자석' 드립인지...",2
108,신기한 현상 리뷰어들은 다 웨건이 좋다고한다.하지만 국내에선 안팔린다 특히 현기차는.  i40가 그랬다 쏘나타나 K5웨건 나오면 나도 사고싶은데i40는 진짜 상품성이 떨어진다.,1
109,음악이 너무 ... 마음을 조급하게 하네요.,2
110,와 소유하고 싶네요,1
111,볼보는 중국자본이 먹더니 디자인 일신해서 이쁜차가 되버림.. 안전은 이제 잘 모르겠구 ㅋㅋㅋ,1
112,이차가 작년까지만 해도 드림카였는데 볼보 승용 부문이 지리에 완전 합병된 후 좀 다시 생각하게 되더라구요. 이 차 사면 진핑이한테 좋은 일 하는 건가요? 누가 시원하게 답 좀 해주세요. 차는 정말 맘에 드는데..,2
113,xc70 타고 있고 몇 년 후 v90으로 넘어갈 예정입니다^^,1
114,우리나라에선 장의차 편견을 절대 깰 수가 없음.,3
115,난 왜건 좋던데. 미국에 살 때 운구차 사려고 알아봤을 정도로. ㅎㅎ,9
116,볼보 리뷰하는 리뷰어들 대부분 칭찬위주로하는데 차가 좋아서 칭찬하나보다 이런느낌이 들어야하는게 왜 숙제영상 찍는다 생각이 들지,2
117,전 v60 예약 걸고 왔습니다. 무사히 인도 받는 날까지 참고 살아야겠유요,1
118,솔직히 말해서 크로스컨트리 말고 일반 모델 출시했음 좋겟음,2
119,왜 무선충전을 안 넣어주는건가요.그것도 안전문제인가요 xc40만 있어 ㅠ,1
120,V90cc 오너로써 좋아요 ㅋㅋ 저도 흰차,1
121,K5도 왜건을 만들면 좋겠네요!,1
122,차는 좋아요.  진짜... 가격이 문제,2
123,V60도 리뷰부탁드려요,2
124,지금 차가 i30cw인데 다음차도 왜건으로 보고 있습니다.현실적으로 V90이 드림카예요  ㅠ.ㅠ,1
125,Xc90은 중고방어 끝판왕이었는데 얘는과연?궁금,1
126,참 맛난리뷰 ~~수고하셨습니다,3
127,와우 왜건이다♥♥♥,1
128,나에게 볼보 차들 중에서는  v시리즈가 최고임,2
129,길에서 보면 멍하게 쳐다보는차죠 드림카입니다 ㅎ ㅎ,18
130,V90cc 사야겠어요~~,1
131,성공한 젊은 벤처 사업가들이 갖고 싶어하는 차죠...그래서 저도 벤츠 탑니다...?!;;,1
132,v60 도 좀 해주세여ㅑㅁ,2
133,두 손 다 놓고 운전할 때도 있군요?자율주행인가요?,1
134,v90 과 6gt 정말 고민된다..,3
135,V90은 너무 높고 v60은 타고싶다ㅠ,4
136,크로스컨트리의 의미가 정확히 뭔가요??,1
137,왜 유독 한국이랑 미국만 웨건을 싫어하는지 참..,1
138,아반떼 투어링을 부활시켜야죠,1
139,리뷰라기보단 홍보영상 전문이죠,1
140,"우리나란 왜건 , 해치백  별로안좋아하더라;;  타보면 틀린데..",2
141,후반에 곧 나올 페이스리프트 관련 내용이 나올 줄 알았는데...ㅠㅠ,1
142,흉기는 죽어도 따라갈수 없는,3
143,ㅋㅋㅋㅋ 편집하시는분이 아이젠보그를 ㅋㅋㅋㅋ 좋아하시는군요 ㅋ,1
144,볼보는 참 변함없어,1
145,아우디 2020 A5 페리좀 해주세여 한용님 ㅠㅠㅠㅠ,2
146,실물보면 크고 아름답죠.,1
147,현대i40랑 비슷한가요?,1
148,근데워셔엑 입구저기놓으면 페트병 거꾸로 꼽아지나??,1
149,V90 계약하고 옴신랑이 밤에 일하고 퇴근하면서  상습 졸음 운전해서ㅜㅜ차바꿀때도 됐고풀할부일지라도볼보사려구요안전의 대명사이니 조금은 낮겠지 싶어서요,1
150,저도요즘 왜건 좋아하는데 차도 길어보이고,2
151,7200이면... 후.. 국밥...,1
152,볼보 suv xc40 60 90도 부탁드리겠습니다,2
153,볼보 협찬인가보다 ㅎㅎ,1
154,근데 이차 한국에 팔아요? 볼보 사이트 견적 짜기에 안보이던데,1
155,왜건은 7인승이 없나요,1
156,이번 편은 진심이 아니라 영업용 리뷰 같음.,4
157,S=세단 v=왜건 xc=suv  vxx cross(x) country 왜건을 suv스타일로 클래드 붙히고 지상고 높인거,1
158,좋지 차는 ㅋ 가격이 높으니 문제인거지,7
159,"i3o cw, i40:저희는 어떤지 평가점 ㅠ",1
160,우리차는 볼보 s90~~,1
161,안에  타보면 뒷자석 가운데 턱이 높아3명이 타기엔 불편합니다.,1
162,볼보가 중국의 길리에서 설계하는데 언제까지 유럽의 기술을 적용할지 의문입니다. 사실 길리는 정말 깡패회사입니다. 부품 업체를 이원화해서 중국 자국 업체로 마음대로 바꿉니다.,1
163,닥스훈트는 귀엽네 어떤여자는 장의차라고 하던데 2021년식 v90계약함 12월 보고있음,1
164,xc60 t8 r-design 리뷰해주세요,1
165,썸네일처럼 휀다쪽라인을 하얗게 도색이 가능한가요?,1
166,bmw 3gt 6gt도 왜건이라고 봐야죠?,2
167,근데 너무 길어서 영구차같은…..,1
168,맞습니다 유럽은 배달이없죠 내가 짐 실어야함,1
169,볼보가 중국에 넘어갔다는데 품질을 믿을수 있나요 ?,1
170,네이버에 볼보 XC90 홈 하이파이 세팅 검색하시면 됩니다.(블로거:블랙타이거),4
171,ㅋㅋㅋㅋ 닥스훈트 닮았네요,5
172,웨건.... 아닌가요?   뭐 상관 없나? ㅋㅋ,2
173,주차장에서 봤는데 저어어엉말 길어요 정말,1
174,그래서 얼마입니까!!.. 시무룩..,2
175,본인차엿으면 덜그럭달그락 부대끼게 했을까,1
176,7200에서 포기했습니다...,13
177,아 사고싶다.. 지를까?,1
178,저는 왜 휠하우스 몰딩이 플라스틱으로 되어있는게 싸구려같고 별로안이뻐보이죠..,1
179,7200? 알겠습니다~,1
180,요즘 볼보에 관심이 생긴 남고생인데요 볼보차 가 중국의 지리자동차에 넘어가면서 생산라인도 넘어갔다고 그러고 예전만큼의 안정성들을 뽑아내지 못한다는 말아 있던데 진짠가요 ㅠㅠ? 안정성과 디자인이 매력이였는데 안정성이 빠지면 ㅠㅠ  볼보차 어떤가요??,5
181,언젠가 산다,1
182,그래서 g70 왜건이 국내출시도 해주길 바라고 있습니다,1
183,카니발 닮아서 잘팔릴듯 뭔가,2
184,저의 드림카입니다. ^^,5
185,.....기자면 기자답게 부탁합니다,1
186,최저지상고가 거의 SUV 수준으로 높네요그래서 그런지뒷좌석은 발판이 꽤 높아서불편해 보입니다이런 걸 보면 한국사람들이왜건을 싫어하는 게 납득이 되요이유가 있는 거군요,1
187,0:00ㅋㅋㅋㅋ,1
188,6:46 정답: 비상금!우리아버지 저기다 숨기심,1
189,시작 짤 ㅋㅋㅋㅋㅋㅋㅋㅋㅋㅋㅋㅋㅋㅋㅋㅋㅋㅋㅋㅋㅋㅋㅋㅋㅋㅋㅋㅋㅋㅋㅋㅋ 지능적 디스임?,1
190,아직 시작안했군요..,8
191,그런데말입니다 김한용님 왜건 가지고 있나요? 그렇게 좋아하는데 말입니다,1
192,인트로 너무 충격먹엇어요... 저녁 먹은거 나올뻔,1
193,1:10 왜 뒤에가 스토닉같지;;,1
194,13:07 7200만원대요? 7300만원대 아니구요? 그리고 7390만원에 할인 1도 없는 게 7300만원대라고 말을 할 수 있을까요...? 반올림 수치에서 버림 수치가 돼야 그렇게 표현 할 수 있지 않을까 싶습니다 게다가 실 구매가 세금 합치면 딱 8천만원 나옵니다,3
195,cc아니고 그냥 v90으로 들어왔으면 벌써 샀을겁니다 고민하다 6gt로 왔네요웨건 모델이 훨씬 멋진데 크로스컨트리만 들여오는 볼보 코리아가 이해가 안돼요,4
196,싼타모 생각나네,1
197,О чем хоть видео ?,1
198,디자인은 개취이니 강요하지 마세요. ㅋ,1
199,닥스훈트ㅋㅋ,1
200,23분영상에 6개 광고... 유툽 프리미엄 살돈없으니 안봐야지.,3
201,볼보는 토르망치 싼타페는 곡괭이 아무리 봐도 김한용씨 년식이 의심 스럽네 나보다 성님 이실라나,2
202,4500이면산다,1
203,8:45 뒷자석....뒷좌석,10
204,왜건의 무덤의 나라에서...흠흠....통틀어서 국내 왜건 판매량보면 그냥 안습....,1
205,광고를 대체 몇개를 박아넣은거야ㅡㅡ 2배속하고 뛰어넘기하면서 보니까 30초보고 광고보네 ㅡㅡ,1
206,제발 안샀음 좋겠어요. 나만 타게..,6
207,편집이 영~~,1
208,광고 안습이네요..,1
209,10:53 GTA???,110
210,깜짝이야,1
211,이쁘다,1
212,"볼보 좋은차 하지만, 센터 화면 컴퓨터 프로그램 자체가 쓰레기.  하다 하다 안되니 구글에 sos를 쳤다고 함.",2
213,8:02  하뇽님 궁둥짝 섹시 Back,1
214,광고가 좀 많네요,1
215,하트 부탁합니다!!,2
216,내 sm7         ㅠㅠ,1
217,넘비싸다 그가격이면 E클이나 5시리즈사지 누가 볼보사겠냐 ㅉㅉ,1
218,광고 너무 많아서 보기가 싫어요,1
219,쓰읍~  실제보니 장의차같던데 ...저만 그런가봐요 ㅎ,1
220,주차는요?..,1
221,10:53 누유가 있나요??,1
222,쉐입이 ㄹㅈㄷ인듯,2
223,이거 광고야?,1
224,볼보 중국으로 넘어갔다는 말을 들었는데 진짜에요?,1
225,김기자 클리앙 사건 아시는 분 계시나요????,1
226,"V60은 없어요,",1
227,광고 적당히 넣으세요..,1
228,자꾸 뒷좌석을 뒷자석이라고 하죠.. ????? 뒤에 마그네틱이라도 있슴까,1
229,광고 쥰나많네여,1
230,편집장 좀 어케해봐요 ㅡㅡ,1
231,관짝....ㅋㅋㅋㅋㅋㅋㅋㅋ,3
232,댓글 5개가 모두 1빠ㅋㅋ,1
233,앗싸 1등,2
234,가격이랑 as비용이 문제지 이돈이면 차리리 펠리나 쏘랭이 가고 남은돈으로 몇년치 유류값 유지비 쓰지,1
235,제가볼땐  너무  디자인  이상한데  내눈만그런가  다 이쁘다고하시네  ㅋ,1
236,아 바지,1
237,ㅇㅇ,1
238,v90 만 스웨덴이아닌 중국에서만들어진다는데,1
239,d럽게 비싸네요...,2
240,1,1
241,1,2
242,통풍구디자인.. 정말 꼴보기 싫네.  언제적 디자인이야. 회사 망할때까지 저 구닥다리 디자인은 안바꿀건가..??,2
243,장의차같음,1
244,요즘 누가 중국회사 차를 사나,1
245,볼보 S90 아빠차라 타봤는데 실내도 넗고 나름 타기 좋아요 ㅎㅎ,3
246,6월 출고 배정인데 너무 기대되네요,1
247,늦어도 7월에 B5 Ins모델 출고를기다리고 있는데 유익한영상입니다.,2
248,고급휘발유 필수로 넣어야 할까요? 일반유 넣으면 노킹 어느 정도 일지...,1
249,근데 저비싼차에 앞좌석 주머니가 그물망이라니 옥의 티내요,1
250,"정차했다가 출발할때 진짜 전기동력이 추가되는게 느껴지시나요??? 꾹 밟아도 속도가 안올라가던데그리고 6천초반은 모멘텀등급인데 이건 그냥 거의 안팔려요. 그냥 b5 6850, b6 7250 이렇게 알고있어야할듯",1
251,아빠차 뽑았다는 그느낌아빠차 몰고왔니?,1
252,그렇죠 6천만원 초반대에 괜찮은 차량이죠. 중국산 이란게 좀 걸리지만.... 그래도 뭐 괜찮죠..... 리뷰 잘봤습니다.,4
253,익스테리어나 인테리어는 화려하거나 와.. 멋지다 라는 생각이 안드는데. 안정적이고 실용적인 차 같다는 생각이 드네요. 요즘 현기차들이 정말 미래지향적으로 화려하고 포퍼먼스도 좋아져서인지 C40보면 갑자기 과거로 돌아가는것 같은 느낌도 듬,7
254,좋은 전기차가 많이나와서 서로 경쟁했으면...,2
255,"이 차 처음 광고 나온지가 꽤 됐는데 그땐 와~ 쩔겠다 싶었지만, 전기차 시장이 얼마나 급변하는지 리뷰가 나오는 지금 시점에 봤을때는 솔직히 그저그런 전기차 정도로 느껴지네요 ㄷㄷ",33
256,1874년 생이신데 정정하시네요~ 오래오래 활동해주시길 바랍니다 ㅎㅎ,53
257,시승기 엄청 기다렸어요! 계약하고 기다리는 중인데 추천하시니 더 기대되네요~~🤩,4
258,"7:50 와,, 이 기능 정말 좋네요",80
259,굳이 5500을 맞추려 하기보단 필요한거 다 넣고 6300대로 맞춘게 오히려 잘한것 같네요,20
260,"저도 볼보차를 보면 참 반가운데요, 영상에 '우주명차 XC70'을 보니 더 반가웠네요~^^ 정말 C40 리차지는 실물로 보고 싶고 시승도 꼭해보고 싶은 차입니다~^^ 정말 뒤쪽의 스포일러가 리어 윈도우에 물이튀는것을 효과적으로 방지해주네요. 디자인과 기능성을 탁월하게 잡은것 같습니다. 기본 기능, 안전 조작 피드백은 볼보의  철학을 그대로 이어받은 것도 잘 언급해주셨네요. 센터콘솔이 자동차의 강성을 강화해주는 부분도 알게되었네요^^ XC60 T8을 타면서 볼보 전기차의 데모경험을 하게 되었는데... 진짜 볼보 전기차의 느낌은 XC60 T8과는 어떤 차이가 느껴질지 정말 궁금합니다. 영상보면 상당히 탁월할것 같은 기대감이 드네요. 항상 믿고 보는 모카, 유익한 콘텐츠 만드시느라 고생 많으셨습니다^^",1
261,영상을 보니 배터리 효율은 현기가 최정상급인거 같네요..,36
262,여기선 폴스타2 랑 같은 기반이면서 가격은 훨씬 더 비싼지라 가격 경쟁면에서...  한국과 달리 이곳 출시가는 폴스타2 보다 거진 3만불 이상 비싸더군요,2
263,푸른색이 전기차 전용 번호판 색상이랑 잘 어울려서 이쁘네요.,5
264,"수입차 브랜드들은 시승회에서 단점 이야기하면 다시는 안불러준다고 하는데, 진짜 이런 시승기들 보면 온통 칭찬뿐임 ㅋㅋㅋㅋ",8
265,와 어제 올림픽인지 강변인지 운전해서 지나가다가 봤는데 모카님이 타고 계셨군요!!!!!!,3
266,통풍시트가 없는게 가장 치명적입니다 ㅠㅠ 젤 사고싶은 전기차중 하나인데!,5
267,볼보 내부 신경 많이 섰네요~😎 사고싶은 충동이 느껴짐~🤞 내연기관차를 만들었던 기업들은 대부분 전기차가 기본 5천이 넘어감~😘2025년이후부터는 전혀 다른 기업들이 하나둘씩 뛰어들어서 가격을 내려서 평준화가 되었으면 하네요~🚀 아 사고싶다~~😜,5
268,세단도 얼른 나와주면 좋겠네요,1
269,모델3가격이 7500대로가면서 매우가성비좋아집니다.,6
270,실내 디자인이 전기차에 기대하는 스타일은 없네기존 내연기관 볼보와 같구나주행거리 때문에 패스,9
271,와 개이쁘다 진짜 사고싶다,2
272,사고가 났을시 중고로 팔때 볼보는 사는차가 아니라는데 다뤄주셨으면 좋겠어요 볼보 정말 타보고 싶은 브랜드인데ㅠㅠ,1
273,드디어 시승기군요!!! 선댓글 후감상합니다 ㅎ,3
274,EQA보다 약간 비싸지만 훨씬 더 좋아보인다,2
275,전기차 회생제동시 브레이크 등에 불이 들어오나요? 안그런 차들도 있는 것 같던데....좀 위험해 보여서요,2
276,아 ㅋㅋㅋㅋㅋ미쳤다 ㅋㅋㅋㅋㅋㅋㅋ설거지하면서 대충보면 젠틀한 크리에이터님과 잔잔한 재즈음악이 만나 진중한 분위기의 영상인데ㅋㅋㅋㅋㅋ 설거지 다하고 안마의자에 앉아서 자세히보면 잘생긴 2:57 탈모 3:15 유튜버와 저세상 편집이 만나 깃털보다 가벼운 영상임ㅋㅋㅋㅋㅋㅋㅋㅋㅋㅋㅋㅋㅋ 이런거 너무좋아 너무재밌고 짜릿해 ㅋㅋㅋㅋㅋㅋㅋㅋ,3
277,미국에서 실제로 도로에서 다니는거 봤어요 엄청 예뻐요.,5
278,우와 생각보다 이쁘네요 그냥 xc40느낌일거같앗는데,4
279,역시 1년되도 10년된 느낌. 20년되도 10년된 느낌. 볼보.,1
280,"국산차보다 저렴하고,  기본적인 성능이 우수하다고 해도 수입차를 사는게 주저하게 되는 이유… 보증기간 이후… -.-;;;;;;;",6
281,"차가 너무 예쁘네요. 실용적이고. 거기다 티맵이 내장이라니 훌륭합니다. 6,290만원이 모자라네요 ^^::",2
282,군더더기 없고 실용성도 좋은 브랜드 같네요👍,2
283,테슬라 오토 파일럿을 따라잡을순 없겠지만 그것과 비교했을때 어느정도인지 궁금하네요! 이미 계약은 했지만.... 과연 언제 나올지...ㅜㅜ....,3
284,실내 디자인만 바꾸면 진짜 잘팔릴텐데,11
285,전기 충전소나 수소연료충전소는 언제쯤 주유소만큼 생길까요??2030년? 40년? 이런 영상 보니 너무 궁금하네요?,2
286,"사업가 김한용회장님이 훌륭한 전기차라고 하니,한 100대 사야겠다.",1
287,킬로수가 400이상 500넘는다면 괜찮은 외제차인데 . 아무리 비싸도 구입할텐데 킬로수가 아쉽다 정말 !!!!,2
288,형 마니 추우셨나봐요. 꽃중년이셨는데 ㅜㅜ 그래도 한결같은 고퀄리뷰 감사합니다,1
289,내비게이션 인포테이먼트 디스플레이 발열 관련 이슈가 있던데… 시승할때 냉각 관련 알림이 몇번 정도 나오던가요?? 빈도가 너무 많지는 않건가용??,2
290,"외관은 너무 이쁜데 내부디자인은 전기차에 맞는 혁신은 안보이네요. 동급차 대비 가격혜자인거는 굿, 가족카로 쓰기엔 뒷자리가 조금아쉬워서 xc40 리차지가 더 좋아보입니다.",2
291,uptown 팬클럽이었는데 반갑네요.. 저는 유럽서 9주 뒤에 c40 받아 보는데 '다시 만나줘' 꼭 틀어 보겠습니다. ㅎㅎ,1
292,"하, 디자인 좋으네요",1
293,영상시청하고 니로ev가 갑일거 같아요.리뷰에서 무조건적으로 칭찬보다는 쓴말을 자신있게 할수 리뷰 기대해봅니다,3
294,볼보는 언제나 인테리어 때문에 구매 하기 망설여지는 자동차네요. C40 잘 나온것 같은데...하 인테리어 정말 처참 합니다.,8
295,2열은 벌선 자세군요.키 180넘는 성인들은 상당히 불편하겠네요.,3
296,완전 디자인 굿입니다 사고싶지만 비싸다 보조금 50%감 받을꺼 같아요,4
297,기자님 저도 안경쓰는 사람이라 마스크와 김서림 전쟁인데 시중에 나온 김서림방지 천도 이거저거 써보았지만 지금은 소낙스 자동차용 김서림 방지제가 사놓고 차에는 잘 안쓰고 있다가 우연히 봤더니 안경에도 써도 된다고 해서 그걸로 닦아보니 김서림 방지가 하루정돈 가는거 같으니 참고하세요,1
298,전 오히려 센터 터널있고 뒷좌석 바닥이 더 내려가는 구성이 더 좋은것 같아요.. 왜 전기차는 으례 센터 터널이 없어야 한다고 생각하시는지..^^;;,1
299,아리 말은 1974년 자막은 1874년 ㅋㅋㅋㅋ편집자가 사장님 사로하는듯 ㅋㅋㅋㅋㅋ1974년생보다는 더 나이가 있는 줄 알았는데 ㅠㅠ ㅋㅋㅋ,1
300,볼보는 미국보다 한국 판매량이 훨씬 많다는... 미국에서 현기보다 보기 힘든 볼보...,7
301,요즘 나오는 전기차들 보면 ev6랑 아이오닉이 정말 잘만든 전기차란걸 생각하게되네,25
302,볼보 대주주가 중국이라 깨림직하지만 오디오만 보면 사고 싶은 차,1
303,특이하게 후미등 디자인만 끔찍한 볼보가 드디어 후미등 디자인을 예쁘게 뽑아냈네요,1
304,나이가 비슷한 줄 알았는데 조상님이셨네요 😜,1
305,차는 좋아 보이네요. 리뷰 잘 보고 있습니다. 근데 럭셔리 브랜드란건 좀 오바인거 같네요. 그냥 프리미엄 브랜드급이죠. 럭셔리급과 프리미엄에 대한 정의를 한번 살펴보심이…,1
306,이런 내연기관차 디자인을 그대로 답습한 차는 구시대적임 전기차에 맞는 디자인이 나올 때까지 구매를 늦추시는게 현명,14
307,뒷라인이 x6같네요뒤 천장이 날개 2개 튀어나온것도 비슷하고이쁘네,2
308,볼보는 그릴막으니 더 이쁜거 같네요,1
309,17:02 첨듣는 노랜데 형님 연륜이 느껴지네요,5
310,149세신데 진짜 어려보이시네요~~,2
311,옵션이 아쉬운점 빼면 괜찮은데,1
312,"전기차 충전시간  등등 감안했을때, 완충시 800키로 이상 갈수 있어야 살만 할듯...집밥이 없는 경우는 더더욱...",1
313,볼보와 폴스타 둘중에 선택하라면 어떤걸 하시려나요?,1
314,뒤태형식은 예전 시대잘못 나온  액티언 같네요 ㅋㅋ,2
315,"매일 보는 모카영상이라 그런지 목 상태가 안좋으신거 같아보이네요...전기차에 집밥도 중요하지만, 모카의 미남으로서(?)아프면 충분한 휴식도 필요한거 같아요ㅠ",4
316,1874년생인데. 이렇게 어려보이니깐. 여자들한테 인기가 많을수 밖에. 역시! 하뇽이형!,3
317,그보단 전기차가 내연차 처럼 오래가는 시스템을 만들어야 하는데 말이다......,3
318,현대가 아이오닉EV를 진짜 작정하고 만들었구나 하게되네요,31
319,이런거 보면 현기가 전기차는 진짜 잘만드는구나 싶다,15
320,가격대비 주행거리 안습이라가성비는 없네요,8
321,"영상과 관계 없는 내용이지만, 최근 쏘렌토 하이브리드모델에 엔진오일 증가 이슈가 있습니다. 쏘렌토 동호회에서 최근 며칠간 수십건의 오일 증가 의심사례가 올라오고 있어요. 글을 올린 대부분의 회원들은 오일이 딥스틱 게이지 F선을 훌쩍 넘도록 많이 증가하였고, 휘발유냄새가 강하게 난다고 합니다. 잘 아시겠지만 이렇게 많은 양의 가솔린이 엔진오일에 섞이면 엔진오일이 제 역할을 할 수 있을까요? 윤활 기능에 분명히 문제가 생기고, 엔진 마모가 심하게 발생할 것이 불보듯 뻔합니다. 아직 네이버 카페 내에서만 이슈가 되고 있습니다만, 위험성이 높아보이는 만큼 영향력이 큰 모카에서 빠르게 다뤄주시면 좋을 것 같아요.",2
322,뒷자린 좀크면 불편하겠네요 ev6타지만 내차도 뒷자린못앉겠...,1
323,업타운 '다시 만나 줘'를 들으시다니 ㅎㅎㅎㅎ,2
324,한용이 아조씨 3:15 탈모가 빠졌넹ㅋㅋㅋ,3
325,"HUD, 통풍시트 없고 2열 등받이 조절 불가능한 부분 언급이 없어서 아쉽네요. 티맵 인포테인먼트 발열이슈가 좀 있는데 테스트 중에 없었는지요?",12
326,ㅋㅋㅋ자막ㅋㅋㅋ깨알같이 재밌어요^^ㅋ탈모라늬...,2
327,역시 ev6 5개월 가까이 타고 있는데 다른 차가 눈에 안들어 오네용 ㅋㅋ,6
328,사모님.......사랑하는 남편분이 할말있데요....ㅋㅋㅋㅋ,1
329,완전 동안이시다~~,1
330,썬루프 햇빛 차단은 어떻게 할까요?,1
331,협찬 받아서 열심히 칭찬은 하지만빈말로라도 고급스럽다고는 못하겠습니다.,5
332,액티언스포츠가 저런디자인으로 나왔어야 ㅎㅎ호,1
333,ㅋㅋ자막 잼났다,1
334,지금 유투브에 C40 시승 영상 올라오는 순서대로 보고 있는데 역시 김한용의 MOCAR가 급이 다르네요~  너무 잘봤습니다!,2
335,가격이 공격적 이라도 지금생산되는 전기차는 600km는 넘어가야지~난 페수~많이 아쉽네~~~ㅋ,4
336,돈 벌어서 이런 좋은 차를 사고 싶구나 생각하게 되어지는 영상입니다. 아이오닉5나 ev6만 생각했는데.. 점점 외제차 브랜드의 전기차도 좋은 선택지들이 생기니 좋은 현상인 것 같습니다,4
337,음...이걸 과연 국내에서 수요가 있을까...?,4
338,"아이오닉5, EV6보다 나은 점 있나요?",5
339,아리 생년월일까지 말해주네 ㅋㅋㅋ,3
340,한용님 잘생긴건 아니고 몇년전엔 순박하게 생기셨죠 지금은 나이때문에,1
341,GV60과 고민중인데 이번영상으로 C40으로 많이 기울여졌네요~,7
342,대체 2022년에 어떻게 78kwh 로 300키로대를 가지 ㅋㅋ 5년전에 만들었나,3
343,형님 탈모셨군요.. 가슴이 매우 아픕니다..,1
344,볼보는 중국차 라는 인식만 빼면 참 잘 만든 차 같은 느낌디자인도 수렴하게 빠졌고,2
345,디자인이 쌍용차느낌이 나네요..전면은 코란도 후면은 엑티언?,2
346,"EQA랑 고민하다 어제 부산 광안전시장 가서 시승하고 계약하고 왔어요.화면보다 실물이 더 이뻐요.신랑 키가 183인데,뒷자석 크게 불편감 없다 하더라구요.테슬라 모델3도 타봤지만 저는 승차감이 c40이 훨 좋더라구요.",4
347,74년생 ㄷㄷ 연식 상당하네..,2
348,전기차 관심많은 상태인데... 여태 나온 전기차중 가장 맘에드네요 가격도 디자인도 안전성 주행거리도 모두,3
349,요새 현대빼고는 다들 디자인 너무 잘한다 다 이뻐보여,7
350,으엌ㅋㅋㅋ 이분진짜..매일업로드....엄청 바쁘겠다,25
351,볼보가 럭셔리 브랜드 이미지가 있나요? 전혀 아닌데..애매한거 같은데,2
352,전기차 좋긴좋은데 너무 비싸다,1
353,타본 사람으로서 오디오 순위에서 최강은 무조건 볼보입니다.지구상에 존재하는 모든 차량오디오 가운데 최고의 품질이라고 확신합니다.벤츠 E까지 BMW는 뜯어서 분해해보면 진짜 조악한 트위터에 미들레인지 원가가 몇천원 안할것 같은 오디오 품질입니다.아무리 음향조정해도 오디오는 쓰레기.오히려 현대 기아가 더 좋다고 할 정도.하지만 볼보의 카오디오는 극상의 제품이라고 생각하셔도 무방합니다.,8
354,"단 하나의 단점은, 볼보 기업정책으로 180km 리미트 걸려있는 것 하나로군요...",1
355,이게 투싼크기정도라보면 되나요? 아님 그보다 작나요,1
356,솔직히 현기차보다 좋고 외제차인데 가격까지 잘나와주면 이거이거 현기차 무너지는거 한순간되겠어,6
357,뒷지석 리클라이너도 없는 거 같고 전고도 그렇고 불편할 듯. 그리고 주행거리 400이 안된다는 것도 좀 그렇고. 우선 아직은 전기차를 사기에는 시기상조인거 같음.,2
358,항상 신뢰하면서 보는데 356km주행거리가 괜찮다고 하는게 이해불가에요.,3
359,난 평생 차 못사겠다... 전기차들이 다 비싸 ㅠㅠ,1
360,1874년생 이시군요ㅎ 나이가 149? 와우~~,28
361,"3:15 김한용은 탈모다,,,",17
362,"통풍시트, 열선핸들 되나요?살땐 뭐 좀 참지 그래도겨울엔 열선핸들 정말 아쉽고여름엔 에어컨 춥게켜도엉덩이 등짝은 땀이 줄줄납니다",4
363,전기차 전용 플랫폼이 아니면 지금 시점에선 사는게 아닌듯,3
364,2:01 이야 쏘렌토 진짜 이쁘네. 쏘렌토 사야겠다,9
365,엥 제일빠른 국산차는 GV60..,3
366,아쉬운점: 350km=250km 배터리 회사 아시는 분 계신가요?,1
367,인테리어 실화냐,1
368,"미안하지만 … 올해 들어 자율 주행, 슈퍼 컴퓨터 연산, OTA 등을 못 하는 자동차 회사들은 아이폰 시대에 블랙베리나 프라다폰 들고 나오는 것 같아요.",4
369,"가격대비 외관, 내장, 성능(주행거리)가 별로네용..",9
370,XC40 리차지 시승기도 있나요?,2
371,자막에 태어난해가 1874년... 100년넘게 사셨군요,1
372,6000만원이 넘는차 실내가 죄다 플라스틱... 전기차들은 왜 이모양인지 모르겠음.... 3000만원짜리 소나타도 실내 가죽 떡칠해놨던데,1
373,전기차는. 역시 테슬라♡,2
374,오호? 오늘 집에 갈 때 아리아한테 편집장님 뭏어봐야징,1
375,03:06 1874년생 ㄷㄷㄷ 조선시대 분이셨….,1
376,1874년 ㅋㅋㅋ  빵터져서 웃었습니다,2
377,주행거리만 좀 더 길면 완벽한데 ㅠ,1
378,볼보.. 신청하면 받을수는 있는건지.. 대기시간 너무 길 듯 요,2
379,현기는 이제 고려대상에서 빼야겠네요. 잘 나왔네 볼보,1
380,형 매일올리는건좋지만.건강..... 주륵...점점야위어가는거같은건.기분탓인거죠?,1
381,뒷자석은 정말 노답이네요ㅋㅋㅋㅋ 진짜 좁고 답답해 보임.,6
382,23년 된 SM5 중고 100만원 주고 구매해서 타고 다니는데 요즘 차가격 보면 엄청나다. 괜찮은 차 살려면 5천만원 넘는다.20년 넘은 오래된 차 타고 다니는 사람들 보면 왜 거지같이 보이죠? 남들이 20년 넘은 SM5 타고 다니는 저를 볼때도 거지 같이 보겠죠? ㅋㅋㅋ,2
383,3:05 김한용님 올해 나이 149세 헉,3
384,아오5보다 1600 비싼건가? 못생겼지만 옆라인은 멋져 아리아!? 닛산은 떠났다,5
385,"3:05 조, 조선말기 인물이신 건가... ㄷㄷㄷ",1
386,다른 유튜버들은 다 방음 별로라고 하던데 모카에선 조용하다고 하네요 비오는날이라 빨리 못달려서 그런것 같기도 하고?,1
387,랜드로버가 제일 먼저 티맵 들어갔어요!,1
388,0:44 저기서 부스터 나올것 같은데요?,1
389,형님 생각보다 동안이시네......,1
390,엉덩이가 쿠페형이긴한데 뭔가 2022년형 쌍용액티언 느낌이 많이 나네요…,2
391,뒤가 예전 쌍용 엑티언 닮았네,2
392,자막미쳤ㅋㅋㅋㅋㅋㅋㅋㅋㅋㅋㅋㅋㅋㅋㅋㅋ,1
393,3:14 아리아 빠진거 있다며 말하는데 탈모라는 말은 안하셨는데 자막에 ‘탈모다’ 는 뭐지 ㅋㅋㅋㅋㅋㅋㅋㅋㅋㅋㅋㅋㅋㅋㅋ,1
394,전기차전용 플렛폼 아니죠?,1
395,와~ 엑티언!!,1
396,디자인은 뉴 엑티언 인 듯,1
397,폴스타도 볼보인가요?? 왜 이건 폴스타 마크 없이 나온건가요?,2
398,맘에 드는데 미니 보고와서 그런가 ㅋㅋㅋ,1
399,원드래곤형님 생각보다 엄~~~~~~~~~~~~~청 젊으시네요? ㅎㅎ,1
400,헠 나랑 동갑이였다니;; 충격,1
401,헐 비밀번호를 생일은 신분확인에 쓰이던데 어째든 좀 않좋은듯,1
402,408 마리 말이 들어있다니,1
403,킹보!,1
404,3:07 자막은 1874년생이시네...나이가 엄청많은시구나.....,2
405,앞트렁크 계속 뚜껑 왜 있어야되냐고 하시는데 완전 밀봉이 아니라서 이물질 먼지 엄청 들어와요 괜히 만들어논게 아님,4
406,형 곧 반백살이구나… ㅜㅜ,1
407,오토홀드랑 통풍시트 없죠?,3
408,중간에 탈모다 는 편집자의 소심한 복수인가요? ㅎ,1
409,어제 자유로서 봤는데 너무 예뻤어요!!!,1
410,이제~ 곧 오르겠죠...,1
411,가격 돌앗네,1
412,이제까지 본인이 20대라고 그랬잖아요.. ㅋㅋ,1
413,트렁크에 골프백 들어갈까요?,1
414,3:05 1874년ㅋㅋㅋㅋㅋㅋ 의도적 오타인듯ㅋㅋ,1
415,보조금은 다 못받겠지만 충분히 고민해볼만하겠다,1
416,한국 톱 메이커 횬다이가 중공제 볼보만큼도 전기차를 못 만드는군요... 새 전기차들 리뷰 볼 때마다 걱정된다.,1
417,많이 추우신 것 같아요,2
418,광고방송같어  이런방송이 너무많으니 비교가 되어 좋네요,1
419,아 소형이라 아쉽네 ㅜ,1
420,6300 이 저렴?ㅎ,1
421,1874 먼뎈ㅋㅋㅋㅋㅋㅋ왜 100살을 더햌ㅋㅋㅋ,2
422,실내 인테리어는. 영~~아닌데?,3
423,난 이런디자인 호불호 호!!!!!,1
424,이쁘지만 묘하게 액티언이 생각나는..,1
425,탈모다 라닠ㅋㅋㅋㅋㅋㅋㅋㅋ,1
426,XC40재고한대있다고 연락왔는데..... 모델3를 받아버렸다,2
427,"저럴거면 차라리 전기라인업은 폴스타로 통합시키지 참,",1
428,볼보는 중공차 무조건 안 삼.,1
429,배터리 78kWh넣고 356km주행거리는 좀 그런데 ㅋㅋㅋㅋ,26
430,1:28  차 기준 오른쪽 안개등? 밑에 등 하나 불안들어오네영,1
431,06:05 한용님 추워보이시는데요,1
432,아이오닉5 EV6  GV60 승리,4
433,인테리어가 너무 구형인듯해요,1
434,칭찬을 무쟈게 라네요 아무리봐도 뒷자린 좁은데,6
435,진짜 수준떨어지는 차다 벤츠 비엠 볼보 반성해야된다 ㅡㅡ,4
436,볼보는 외관은 멋진데 운전석에서 보는 인테리어가 거의 20년 전 국산차를 보는 듯한 느낌입니다.너무 올드해 보이는데 이거 어떻게 안돼나요?,5
437,쌍용 액티언 너무 앞서갔어 ..,1
438,"전기차들은 강원도까지 한번에 갈수있음?여름이나 겨울에 히타, 에어컨 틀면......",1
439,"@3:16 편집자가 넣은 자막 검수 잘 하셨는지 모르겠네 ㅎㅎ ""탈모다""",4
440,최애 브랜드인데 이번꺼는...,1
441,3:15 탈모 ㅋㅋㅋㅋㅋㅋㅋㅋ,1
442,도시탈출...ㅎㅎ,1
443,간지나는디?,1
444,디자인 조금바꾼 액티언이구만,1
445,S40은 안나오나 ㅠㅠ,1
446,3:15 탈 모 다 ㅋㅋㅋㅋㅋㅋㅋㅋㅋㅋㅋㅋㅋㅋㅋㅋㅋㅋㅋㅋㅋㅋㅋㅋㅋㅋㅋㅋㅋㅋㅋㅋㅋㅋㅋㅋㅋㅋㅋㅋㅋㅋㅋㅋㅋㅋㅋ,1
447,gv60  깡통보다 비싸다? 제네시스는 깡통 플러스 옵션인데?  옵션값만 1000만원이 넘어가..젤많이 하는 파플라도 500이 넘어가는데 진짜 제네시스 깡통 노옵션 깡통이랑 비교를 하냐?,1
448,볼보가 중국산인데 배터리는 한국꺼네,1
449,티맵빼곤 장점이 없는거 같은데...테슬라처럼 하이테크한것도 아니고 아이오닉처럼 공간이 넓은것도 아니고 b&w 오디오도 아니고..수입차에 대한 환상있는 사람 아니고선 안살듯,2
450,짱보,1
451,이거살돈이면 bmw530i 살게요,2
452,150세 생일잔치 곧 하겠네요.,1
453,3:16 탈모다?!?!?!,7
454,와 ~~~~실내 디자인 개 폭망이네,1
455,차 안에서 혼자 찍으시는데 왜 마스크를 쓰세요? 마스크 때문에 말소리가 너무 흐릿하게 들리네요 ㅠ.ㅠ,1
456,형님... 옷좀 따숩게 입고댕기세요 연세도 있으신데...,1
457,굳,3
458,탈모다 잘봤습니당 ㅎ,1
459,본인이 진짜 잘생겼다고 생각하시나요?,1
460,코란도같이 생겼어ㅠㅠ,1
461,177cm... 거.짓.말.,1
462,중국에서 만들어요?,1
463,03:15 자막 무엇? ㅋㅋㅋㅋㅋㅋㅋ 편집자님? ㅋㅋㅋㅋㅋㅋ,1
464,볼보는 폴스타가 있는데 굳이?,1
465,자막 ㅋㅋㅋ 괜찮은거맞습니까,1
466,보조금 ㅜㅠ,1
467,역시 중국차라 싸게 나오는구만,1
468,김항용이 짜증나는게 이런겨별로인건 별론게 맞잖아,3
469,솔까 모카 좋아하지만서도 시승기만큼은 구입하려는 분에게는 그렇게 도움 안된다고 봅니다. 아마도 협찬 문제라고 보는데 단점을 제대로 안 짚어 주십니다. 차 구매하려는 분들에게 시승기는 오토뷰와 한상기님이  괜찮다고 봅니다. 전기차 전반적인 지식습득은 오토기어라고 보구요.,4
470,1874년생ㄷㄷㄷ,1
471,1874년? 대한제국이 아니라 진짜 조선시대에 태어나셨네요혹시 별그대처럼 신분 바꿔가며 활동하셨나요? 군대 몇번 가셨나요?,1
472,폴스타랑 비슷하게 생김,1
473,1874년생 김한용 ㅋ,2
474,gv70 8천만원 실화임? 이거 벨기에생산인데 6400인데 ㅋㅋ,2
475,아리아 구라쳐줘 하는듯 ㅋㅋ,1
476,1874년 ㅋㅋ,1
477,옆모습이 엑티언 닮은거같네 ~,1
478,주차선 불편,1
479,예쁜데 중국차,2
480,내부 진짜 별루다..특히 네비부분은 베트남차  vinfast 처럼 생겼네,7
481,3:15 자막의 상태가...? 🤔,1
482,오늘따라 컨디션이 안좋아보이시는데?,1
483,1874년생?  ㅎㅎㅎ,1
484,저랑 동갑 이네요.아리가 알려줘요.하   하   하,1
485,중공제인가요? 중공제인가요? 그러니까 중공제인가요??,1
486,2:57 ??????????,1
487,볼보 중국제는 안삼,1
488,3:06 할아버지옛날얘기좀 해주세요,3
489,중국차 볼보는 쳐다도 안봄,6
490,3:15 한용님 여기에요,1
491,차 개판이네,1
492,너무 작다,1
493,1874년 ㅋㅋ,1
494,디자인은 너무 멋지다 안녕~난 전기차야 ㅋ,1
495,이래서 볼보를 타는군요,1
496,1874? ㅡㅡ,1
497,칭찬일색이지만 반대로 ev6 아이오닉5가 얼마나 잘했는지 알수 있다. 볼보 폴스타 전기차는 삽질중이다. 무게 줄이는 고민없이 모터 출력만 쎄게 해놓으니 주행거리 손해봤고 전용플랫폼 허접하니 센터터널 생기고 suv라고 해주기 민망하게 공간도 손해봤다. 옵션까지 떨어지고 가격도 싸지 않다. 경쟁차는 니로전기차가 될듯,16
498,우리나라에서 제일 빠른차는 gv60입니다. 제로백4초 플랫.  그리고 아마도 오늘 시승하실 gv70 전기차가 2위로 4.2초죠???,1
499,댓글이 현대 얘기가 더 많네 애들 긴장되나 보군요 ㅋㅋ,3
500,디자인이 왜이리 한세대 전 모델같은지...,2
501,네비 극혐인데?언제적 모양이야외부는 이쁜데 내부는 아직 그닥,2
502,탈모다 ㅋ,2
503,주위에 볼보 사신분들은 성격 x지 같던데..ㅋㅋㅋㅋ,1
504,친구야~,1
505,액티온인가 ㅋㅋ,1
506,좀 전동화 모델가지고 전기차라고 하지마라...!!!!!!!!!!!!!!!!!!!!!!!!!!!!!!!!!!!!!!!!!!!!!!!!!!!!!!!!!!!!!!!!!!!!!!!!!볼보도 전기차 전용 플랫폼 나와야 될꺼아냐? 호구도 아니고..나오기전에 돈빨아가지고 전기차 프랫폼 만들돈 벌꺼아니냐?쫌 생각좀 하고 살자.. 이거 사며 호구지..,1
507,앞이 보이시나요,1
508,모양은 진짜 구리고 실내 디자인도 택시 소나타 신형 보는듯 별로,2
509,중국차,3
510,외관은 이쁜데 역시 실내는 줫박았네 개구려..,1
511,뒷모습은 영락없는 액티언이네요.,1
512,볼보 이제 중국꺼 아닌가요???,1
513,볼보차보고 중국산이라는 분들은 아이폰도 중국산이라고 하것네요ㅋㅋ,1
514,오,2
515,중공자동차 지리  자회사중공산인지 스웨덴산인지헷갈리게 하는데....,1
516,3,2
517,2,2
518,현대차 저정도 주행거리 나온다면.,2
519,33,2
520,중국,1
521,현대 결함 쓰레기차 망하는 소리 들리네 ㅋ 이제 누가 비싼 쓰레기 현대 사나,2
522,"우리나라에 수많은 자동차 리뷰가 있지만, 그 중에 No.1은 김한용의 MOCAR 입니다. 내용이 알차고 편안한 진행 너무 좋습니다. 2021년도 재미있는 리뷰 부탁 드립니다.",8
523,최고의 자동차 리뷰어!!! 30분 이상의 자동차 시승기를 skip없이 들은 것은 이 시승기가 첨이네요. 군더더기 없는 깔끔한 리뷰.. 최고에요!!,26
524,"김한용님의 리뷰인만큼 정보전달력은 최고네요. 아쉬운건 볼보의 고급유 사용에 대해서 언급될줄 알고 영상 내내 기다렸는데, 별다른 언급이 없네요. 권장이 아니라 반드시 고급유 주입이라는 말이 있어서 김한용님의 의견을 들어보고 싶었습니다. 실구매를 생각할때 되게 중요한 요소라 확실히 알고싶네요.",3
525,"ㅋㅋㅋ엄청 사랑스럽게 말씀하시네요~  안전성,브랜드,디자인,가격,옵션 제 기준 정말 베스트 카입니다! 아쉬워 보였던 실내 마저 이젠 괜찮아보여요~",7
526,며칠전 지인이 신차 뽑아서 타봤는데  하체가 아주 단단한 느낌이 나고 안정감있고 좋더라고요.,1
527,"볼보 xc60t6오너입니다.  굉장히 만족하면서  타고 있구요. 출고 6개월만에 벌써 2만키로가 되어가네요 ㅎㅎ 모카에서 볼보에 대해서 많이 알려줘서 많은 도움이 되었습니다. 아는만큼 보인다고, 몰랐던 부분을 알려주시니 볼보차와 볼보회사에 대해서 더욱 더 애착이 갑니다.항상 재밌게 잘 보고 있습니다. 감사합니다.😘",1
528,진짜 실내 너무 괜찮다 깔금한테 우드느낌 좋고 시트 가죽도 좋고 예쁘네 차가...,24
529,아....볼보타고싶다 진짜....... 10년이지나서 돈이 모인다면 중고라도 볼보산다. 진짜 안정감들어서 탈때마다 만족감들듯..,2
530,"진짜 옛날 볼보 디자인은.... 10년전차가 아니라 한 2,30년되보이는 디자인이였죠",2
531,볼보 시승기 넘 재밌게 잘봤습니다! 갖고 싶어지네요.ㅎㅎ 저는 다른 모델 생각중이지만 s60 B5도 너무 이뿐데요 실내도 깔끔하고 고전적이공ㅎㅎ음향도 짱짱 좋고...볼보 최고 좋음!,4
532,진짜 볼보의 여러 정보 간결하고 이해하기 쉽게 최고 리뷰입니다~~!,1
533,몇년까지만해도 구형같은느낌이 들었는데 지금은 디자인 레전드,37
534,캬... 시승기에도 깊이가 있네요.  감사합니다.^^,5
535,"와 매일 동영상이 올라오네요. 시간을 지키시니 대한민국 지존의 자동차 리뷰어, 기자가 되실겁니다.",9
536,디자인과 브랜드감성이 많은 일 하는 차 S60,1
537,볼보 매우 멋진 자동차 메이커네요 ㅎㅎ 영상 잘 보고 갑니다.,1
538,아 진짜 다른차 다 필요없어..볼보가 제일 이쁘다.. 😍,8
539,부지런한 모카👍🏻채찍 맞는 편집자님... ㅋㅋㅋ 항상 고생 많으십니다🙋🏻‍♀️,4
540,볼보의 미니멀하고 클래식한 디자인이 좋아서 샀습니다. 요즘차들 유행따라간다고 차에다 기교를 너무 부려놔서 금방 질리는데 볼보는 기교가없어서 좋아여 거기에렉서스 사려고 시승식 햇다가 버튼이 너무많고 씨디플레이어 있는거보고 놀랐네여...심플한 인테리어의 볼보 굳,2
541,우왕 디자인 너무 이뻐요~~,1
542,와...죽인다진짜.. 요즘 차사고싶어서 불사조형따라서 주식으로 돈 모으는 중인데 빨리 사고싶네여.. 진짜 잘보고갑니다...ㅎㅎ,2
543,S60 인스 계약하고 이제 한달 지났는데 이거보니  더 기다려지네요 ㅠㅠ 아직도 4~5개월 더 기다려야하는게 함정  대기 기간이 너무 길어서 환장하겠네요,4
544,"수입차, 볼보....4800 만원이면 .............  진짜 저정도 스펙이라면  합당한 가격같은데.",1
545,볼보는 깔게 없다. 안전벨트 최초로 개발하고 특허 풀어줘서 수 많은 생명을 살려낸 공로만 해도 그냥 칭찬만 받아도 되는 회사.,3
546,잘봤습니다 이해하기 쉬운 설명덕분에 차알못이 배우고 갑니다,1
547,한용이형 투아렉 시승기 때와 같은 스타일 영상이 너무 좋아요!!,16
548,"볼보를 사는 이유는 첫번째 동급최고수준의 안전사양, 두번째 동급최고수준의 럭셔리한 인테리어, 세번째 압도적인 사운드의 바워스앤윌킨스 오디오 거기에 디자인까지 차분하고 고급지다.",5
549,Volvos are true dream cars.,1
550,"XC90 사려고 시승 해봤는데 너무 고급지고 느낌이 깊어서 놀랐고 진짜 프리미엄 느낌 좋았습니다..... 헌데 저 터치스크린 방식이 너무 메뉴 하나하나까지 조절 하기가 어려워서 고민 되더군요. 결국 렉서스 RX 로 갔습니다. 또 한가지는 생각보다 실내 소음이 좀 크고, 사이드미러쪽 풍절음이 높아서 패스 했습니다. 매일 사용하고 느끼는 부분이 구매에는 제일 중요한 부분인거 같습니다.",2
551,볼보는 독일 거리에서도 고급스러워 보여요 🥰,4
552,17:00 역시 볼보... 가끔 왜 헤드레스트가 일체형일까 생각했는데 이런 깊은 이유가... 역시 볼보다... 내 드림카 V60cc S90 진짜 사고 싶어지네,5
553,"전 차에 특별히 일가견 있는것도 아니고, 렌트카 직원으로써 왠만한 차는 운전 해봤다 정도지만...개인적으로 벤츠 a클래스와 비슷한 가격대비 가성비 측면에선 볼보가 우위인듯 하네요.",1
554,볼보의 단점은 안전이 커버를 하니깐 이해가 크게 된다는 장점이 있네요~ㅎ단점은 예전에 볼보가 돈이 많이 없었던 회사다보니 앞으로 점차 개선되면 벤츠 아우디 비엠보다 훌륭한 차로 바뀔거 같아요~ㅎ,8
555,한용이형 영상 잘 보고있습니다 감사합니다.,1
556,진짜 궁금한게 있는데요~속도제한이 180이면...내리막 길에서도 속도가180이하로 유지되는 건가요?,2
557,정말 좋은 차 소개영상이네요.,2
558,볼보구매 그 어느 전시장 딜러분들보다설명을 너무 잘해주셔서 저같은 여성들에게너무 도움됩니디다. 진짜 감사해용,2
559,비싸기만 하고 안전하지 않은 차와 안전하고 좋은차의 가격 차이가 너무 크다.,1
560,와..... 볼보차 최고의 리뷰네요,4
561,S60 cc 다시 만들었으면 좋겠네요한때 제 드림카 였는데,1
562,얼마전에 본 것 같은 영상이지만 또 보네요 ㅋㅋ겨울에 가장 잘 어울리는차..내년 겨울에 사야겠다,7
563,볼보가 겨울인데도 불구하고 섬머타이어를 끼워준 이유는 한번 사고가 나서 진짜 안전한가 판단하라는 의도같습니다,2
564,차 진짜 기깔난다..,8
565,인테리어만 한번 바뀌면 계약하러 가야겠어요~오늘도 잘보고 갑니다.,2
566,자동차 리뷰의 바이블 같은 김한용 님! 잘 보았습니다.,3
567,옛날 볼보디자인도 매력 많음,2
568,이 형이 리뷰에서 좋다고 하면 다 사고 싶어져서 견적 뽑게 된다는거..,2
569,볼고온콜이나 티맵 업데이트 진행현황도 알려주셨으면 더 좋았을거같습니다구매대기자로써 가장 궁금한 사항이에용,3
570,볼보안전성 검증 방송뜨구 호응얻어서 리뷰까지~볼보 좋은차 인즈엉~👍👍,5
571,볼보 정말 믿음직스런 최고의 차,1
572,볼보도 엄청투박하게 픽업트럭 만들면 좋겠다,3
573,이번리뷰 젤 잘봤습니다  많은것을 배우고 갑니다,1
574,정말 사고싶은 차네요,2
575,옛날엔 볼보하면 그땐 진짜 어려서 포크레인 회사로 밖에 몰랐는데 ㅋㅋ,11
576,진짜 좋은차,2
577,스웨덴이 참 대단한거 같습니다..전투기를 만들수 있는나라....,2
578,오디오가 진짜 좋다... 사고싶다!!,1
579,B5 모델의 '퍽소리' 이슈에 대해서도 꼭 다뤄주셨으면 좋겠습니다.,1
580,모카님 착한 이경규 같은 느낌이 드네요 볼보 정보 많이 얻고갑니다 👍,1
581,모트라인 순한맛 ㅎㅎㅎ 조곤조곤하게 볼보 서비스정신 잘까시네요~~ 진짜 차를 잘만들어도 서비스 정신좀 투철하게 했으면 좋을 브랜드,3
582,2:25 진짜 엠블럼 차이가 엄청나구나.. 이 정도일줄은 몰랐네 ㅋㅋㅋㅋㅋ,331
583,지난주에 계약했는데 ㅎㅎ 반년은 기다려야할듯 합니다만 언제 시승기 뜨나 기다리고 있었어요. 감사합니다,1
584,오 볼보 차가 다르게보이네요. 그냥 저렴한외제차인줄알았는데. 가성비가 끝내주는 차인것같아요. 다음에 외제차는 볼보구매해야겠네요,4
585,오디오 하나는 진짜 인정합니다.  초강추!,1
586,본사는 아직 스웨덴이지만 2010년부터 중국그룹 길리홀딩스가 사서 현재까지 주인인걸로 알고있습니다. 안정성과 디자인때문에 사고싶었는데 중국회사기 주인이라고 해서 사기가 꺼려지네요,1
587,맨첨에 뒷짐지고 둘러보는 애기기자님 왤케 귀여워요ㅋㅋ볼때마다 초딩 어린이같은데 전문적인 얘길 해주니 이질감 느껴지면서 역시 귀엽습니다,1
588,믿고보는 한용 리뷰,4
589,와 현실 드림카 ㅠㅠ,4
590,센서스 화면에 메뉴들은 휴대폰 앱처럼 꾹 눌러서 마음대로 위치 이동 및 구성이 가능합니다XC60 18년식 2년 넘게 타고 있는데 대만족입니다 ^^,1
591,아우디+BMW 같아..디자인 넘 이쁨,7
592,스피커는 진짜 좋은듯하다. 디자인은 내 취향저격이네;;; 볼보오 이대로만 가다오. 내집마련 먼저하고 갈텐게!!,3
593,계기판과 디스플레이는 화려함 보다는 직관적이고 심플한게 운전할땐 더 좋을듯.... 갠적으로 지금의 볼보식 계기판이 더 나은듯,1
594,김한용 기자님 아주 잘보고있습니다S90 T8. 차주입니다스피커 퍽서리 아주 큰 문제입니다소리가 너무커서. 사고난줄 압니다안전을 최고로 추구한다던 볼보가퍽서리에 대해 해결책도 없고 고지도안하고 차을 계속 판매하는건 문제라 생각합니다이문제에  한번 다려주셨쓰면합니다기자님 처럼 영양력 있는분이 찰영 한번해주세요소수에 차량에서 나는소리가아니고 상당이 많은 차들이 소리가 납니다,2
595,베터리가 뒤에 있어서 후방 추돌시 뒷사람에게 물어내라고 하면 돼 ^^ 역시 모카.,3
596,저기 기어봉이 실제 크리스탈이라 하던데요 ㅎㅎ이 색은 또 다르네요. 다른데서 아이보리 색 보고 왔는데 그 색은 화사하고 고급저 보이던데 이 색은 편안하고 올드해 보이긴 하네요.,2
597,사고싶다... 다음차는 볼보,2
598,"대표님ㅎㅎ S60과 C클래스 중에 고민이 크네요, 아니면 조금 더 보태서 E250 이나 K7이 좋을까요? 아무분이나 추천 부탁드립니다!",2
599,볼보 V60 너무 사고싶은 차인데돈이 없네 ㅠㅡㅠ,1
600,카시트의 올바른 사용법에 대해서도 (혹시 아직 안 안 하셨다면) 올바르게 알려주세요 :) 한국은 솔직히 많이 엉망인 것 같습니다,1
601,S60 뒷자리가 각도가 넘 세워져있어서 아쉽더라구요,6
602,이 세상에 탈만한 차는 볼보밖에 없다,2
603,센터페시아이콘들 드래그해서 원하는대로 옮길수있어요 안쓰는건 아예 밑으로 끝없이 내려서안보이게하고 켜놓고 필요한거 몇개만 위에 둘수있어요안전옵션은 다켜서 안보이게 내려놓고주차나 스트조절같은거만 위에둘수있죠스마트폰 홈화면 조절과 같습니다^^,2
604,볼보가 이뤄낸게 엄청 많군요,4
605,이제 판매가는 진짜 현기랑 차이가 없구나...  G70이랑 거진 비슷하네...,2
606,19:56 형님 웃참실력이 신급이시네요 ㄷㄷ,41
607,믿고보는 한국의 용 ㅎㅎ,2
608,9:27 나뭇가지 주워와서 가리키는거 너무 귀여움ㅋㅋㅋ,5
609,볼보 단단해보인다ㅎ,1
610,북유럽브랜드들의 특징...실용적이고 고급스러워보이는데..요소를 보면..그리 고급스럽지않은.... 그리고 고급스러운겅 비쌈 이케아도...,1
611,문득 윈터타이어의 마른 노면에서의 기능성이 궁금해지는데요 마른 노면에서도 일반적으로 얘기하는 사계절타이어보다 월등한가요?,1
612,전동 텔레스코픽 안쓴거보면 시트폴딩도 왠지 안전상의 위험을 제거하기위함이 아닌가 싶은 뇌피셜,3
613,와 볼보 와이퍼 너무 좋은 정보네요 크~감사해요,2
614,나온지 좀 된 모델인데 외형보다 자료를 가지고 설명했으면 합니다. 예를들면 전 후면 비율을 알려주고 설명을.,1
615,볼보 2도어 스포츠카 나올때까지 존버한다........,5
616,개인적으로 볼보 후미등 아랫부분(ㄴ자 부분)만 없애면 좀더 멋있고 스포티하게 보일것같은데 볼때마다 아쉽네...,1
617,현다이는 디자인을  보다는 안정성을 따하는게 어떨까요??,2
618,토르망치 램프는 아우디가 원조 인줄 알았는데..그 때는 볼보가 잘 안보여서 그랬던건가..,1
619,디자인은 괜찮아졌음. 단차는 아직 잘 못맞추네.. ㅎ,1
620,차 진짜 괜찮네요 현기는 점점 설 자리를 잃어 갑니닼ㅋㅋㅋㅋㅋㅋㅋㅋㅋㅋ,1
621,S90플러그인 하이브리드 타는데 정말 정말 만족하며 타고 있습니다,1
622,하뇽형님 스잘알 인정합니다.고오급 스테레오는 역시 아이돌음악이 제맛.,9
623,"아버지 애마가 s90 인데 진짜 오디오, 앞자리 시트는 탈때마다 감동임;; 근데 시승감, 인포테인먼트 때문에 제 차로는 안사고 싶음",22
624,제 차라서 더 반갑네요^^,5
625,"어댑티드 크루즈, 파일럿 어시스트는 에코모드로 해야 감속&브레이크때 엄청 자연스럽게 선다, 인포테이먼트 메뉴는 아이폰처럼 아이콘 누르고 있으면 원하는대로 위치및그룹변경이 가능하다.",2
626,국산차도 볼보 정신으로 좀 만들었음 좋겠다저기능에 가격이 결코 비싼게 아님타보면 암 괜히 재구매율 1위가 아닌듯,1
627,지리자동차가 볼보에게 꽤 좋은 주인인가봐요?,5
628,9:25 볼보니까 ㅋㅋ 나중에라도 믿고 살 수 있는 차에요,4
629,쿠페형이 아닌데 천장이 낮아서 시트를 불편하게 만들었다? 그냥 뒷자석은 잘 못 만든 거네요ㅠ 역시 세단은 그냥 중형크기 이상으로...,1
630,본사에서 총판이랑 AS망 손좀 봐 주면 좋겠네요.,2
631,볼보는 감동이다!,2
632,22:50 슈퍼차져가 안들어간 차인데... 슈퍼차져때문에 이차는 등을 치는 느낌이 난다는건 등에 뭔가 특별한 원격 센서가 달린것인가요?,4
633,간만에 디테일한 긴 영상. 사려는 사람은 좋은데나머지분들은 살짝 지루할수도,3
634,s60의 유일한 단점.s90이 아쉽다.,1
635,이제는 저 가격 보면 그냥 테슬라 사겠다 싶네,2
636,형님 영상 잘보고있는데 4K로도 보고싶습니다. 하하하..,3
637,나중에 볼보차 꼭 사야지!A/S센터 많이 있나요?,3
638,언제부턴가 윈터타이어 무새가 된 하뇽이형.....윈터타이어의 중요성은 알지만....ㅋㅋ,1
639,차에대해 잘 알려주셔서 고맙긴합니다. 근데 광고 좀 줄여주세요! 맥이 너무 끊겨요!,2
640,안전의 볼보에서 썸머타이어 시승차를 제공하다니...,15
641,오토 스탑은 대부분 괜찮은데거기다가 자동주차를 켜두면 암만 좋은차라도 좀 불편하네요,2
642,"정말정말 사소한 거지만, 볼보가 스웨덴 출신이라 당연히 눈길 안전을 위해 전륜구동인건 사실이 아닙니다; 볼보가 대중 메이커 출신이다 보니 전륜 구동 플랫폼만 남은거죠. 볼보도 전륜구동이 대중화되기 전에는 후륜구동이었고 다른 대중 메이커들과 같이 80년대 중반부터 전륜으로 넘어온것이지 원래부터 눈많은 스웨덴이랑은 상관없죠.",3
643,볼보 하면 크로스 컨트리가 젤 예쁜듯 ㅋ,2
644,사고프다~~~♡,4
645,오오 볼보에도 쿠페가 있었군요 첨봐요,1
646,4800? 와우..,4
647,이건 또 구매 후 얼마나 기다려야 할까요?,4
648,볼보 차 정말 좋죠 v60사고 싶었어요 엄청 기다려야 한다고 해서.. 결국 마들Y를 살거지만 말이죠... 볼보르보오올보오르으으~~,5
649,09년식 s80 awd V8 4.4 탔었는데 실내는 거의 그대로네.,2
650,볼보는 로고디자인을 이름 새겨넣는건 유지하면서 저리 세련되게 바꿨는데 기아는 대체 왜....,1
651,최고속도 제한은 엔진 내구성 딸려서 락건가 싶기도한 느낌이 드네요...,1
652,"22:54 B5는 터보, B6는 터보+ 슈퍼차저입니다. S60 B5는 터보차량이 맞아요.",3
653,으아아ㅠ 3시리즈랑 s60  고민하다가어제 3시리즈로 기울었는데ㅠ 하뇽느님 영상 보고 다시 고민의 늪에 빠져 버렸어요ㅠ,3
654,Xc40은 전동인데 더비싼차가 어떻게  전동트렁크가  안들어가있지!😬,1
655,이제는 그냥 기자님이 샷스파이 인수합시다,6
656,"볼보 세단 라인은 항상 뒷태가 아쉽다... S60 기준으로 자체 길이를 조금 더 늘려서 2열 도어 프레임은 조금 더 뒤로 확장하고, 과거 볼보의 계단식으로 한층 깎아 내린 뒷 디자인으로 다시 돌아갔으면 좋겠다는 생각이....리어 램프도 사이즈를 좀 줄였으면",1
657,상용차는 볼보의 점유율이 꾀나 되지 않나요? 그런데 왜 볼보는 항삿 어려웠던건가요?볼보와 볼보드럭은 별개의 회사인건가요?,2
658,핸들에 핀이 맞는 씬이 많네요~~ 얼굴인식으로 포커싱 해놓으세요~~ ^^,1
659,감성은 북유럽!  S60 생산은 미국에서...,1
660,4:54 ㅋㅋ한용이형 영어 겁나 잘하는데혀 꼬이는거 보니까 인간미 뿜뿜 넘침,1
661,철하면 세계최고의 포스코가 있는데 현기에 들어가는 철은 어찌 그리 구린지...ㅋㅋ,3
662,내가 사랑하는 볼보...,2
663,볼보는 차를 정말 성의있게 만드는거 같다현대가 볼보 발톱의 때만큼만이라도 배웠으면 좋겠다옵션 팔아처먹을 생각만 하지 말고.....,3
664,꿈의차.....,1
665,모멘텀이랑 인스랑 어떤거 추천하세요????,2
666,차 조혼나이쁩니다....,28
667,출고 기다리다 사망해서 못받는다는 그 전설이 자동차인가요.,28
668,와이퍼에서 워셔액이 나온다는건 전용 와이퍼를 사용해야 하는거죠? 일반 와이퍼에 비해 가격이 어느정도 비쌀까요.,1
669,결정! 볼보로 간다!!!,1
670,학교 선생님 차인데 볼 때 마다 간지 작살,2
671,"차는 시승안했으니 모르겠고 현대기아 아이오니5보다는 디자인 외적인면에서는 훨 떨어지네 ~현대기아 아이오닉5는 미국,유럽시장에서 테슬라1년판매를 아이오닉이 하루만에 1년치 2배를 팔았고 1위 했는데 볼보가한국 디자인 모델을 본뜬건 아니고 ~ㅎ",1
672,하...... 6월에 나올지 8월에 나올지... 대기가 너무 힘드네요 ㅠㅠ,1
673,17:24 볼보가 잘하는거,74
674,22:54 B5 차량에는 터보차저만 있고 수퍼차저가 없습니다.,17
675,볼보도 한국 패치 되면 '전륜구동은 눈길에서 문제없다!!'는 건가요?;;;;;;,3
676,샷스파이는 모카에 취업했나요? ㅎㅎ 영상에 자주 보이네요~,4
677,"세단같은 SUV도 만드는데 세단같은 해치백 ,해치백같은 세단정도야 ㅎㅎㅎ WHY NOT",1
678,13:22안에서 열 수 있는 현기 타던 시절아들이 어찌나 장난을 치던지,3
679,네비게이션 예기 꼭 해야해요. 이것 숨기면 사기로 인정합니다. 기가 막히네요..어떻게 하려는 지?,1
680,산소센서  하나로 볼보는 오늘도 웃네요.,5
681,모카 오전에올라오는거 너무좋아요,3
682,타이어를 바꾸라는 곳은 내가 알기론 두곳 전에 다니던 회사와 지금 회사... 포도밭에서 갓끈은 고쳐메지 마세요.,6
683,5000만원 미만 가족 차량은 이게 최고인가요 ?,1
684,편집자님11분14초에 풍경 영상 소스 원본을 보고싶어요~~링크 좀 부탁드려요너무 아름답네요,1
685,28:25 과연 차는 찌그러지는것을 원할까?,21
686,볼보 C30 타던 시절 생각나네,2
687,30:29 와 저거 벤츠에서 하려고 했다가 포기한거 아닌가?,1
688,콘티넨탈 타이어 보다 미쉐린이지..  차라리..,1
689,기다려 내년에 데리러갈게❤️,2
690,이형 리뷰특징 제목은 하위트림 모멘텀 가격 실차는 상위트림 인스크럽션,9
691,14:13 보니 그 생각이 나네요 미국에 뒷자석에 타 있던 여아가 역주행하는 음주운전차와 정면충돌했는데 충격때문에 안전벨트에 목이 잘려서 몸과 머리가 분리되어 사망했던...,22
692,안전에 있어선 존경을 할만한 기술철학의 볼보. 디자인이 얼마나 판매에 큰 영향을 끼치는가를 보여주는 최근 볼보의 사례. 순정OE 타이어가 썸머 아니고 그냥 일반 타이어 아닌가요? 프로모션 할인이 하나도 없다는게 볼보의 단점. 맛집은 맞는데 식당이 너무 좁아 손님들이 엄청 줄서서 먹는데 주인은 자리 늘릴 기미가 전혀 없는 집?,2
693,내일 천안으로 시승하러 갑니다. 청주에는 없어서..ㅠㅠ,1
694,한용님. 중국산. 훙치 H9 도 리뷰 해주시죵.,1
695,볼보는 진짜 철학이 있는 디자인입니다.  우리나라 메이커들도 점점 철학이 샹기는 과정인거 같은데 이런 일관성 보여주길,1
696,스키스루를 안에서 열이유가 당연히 없자나요.ㅎㅎ,1
697,1:21 산타페 토르의 곡갱이 볼때마다 웃기네 ㅋㅋㅋ,24
698,19:42 노래 취향이 드러나는 대목입니다. 잠시 느끼면서 감상 ㅋ,15
699,역시 볼보 v60가야지 ㅋ,3
700,15:07 샷스파이: 운전은 못하지만 하는척은 가능하다,18
701,2:25 4800만원 차가 2000만원이 되는 마법,93
702,자연스러운 샷스파이님,4
703,싼타페는 토르의 곡갱이 닮은...,1
704,트윈차처 매력적이죠,2
705,9:28 카와우 진실의 막대기 ㅋㅋ,6
706,뉴스 나왔던 v60cc도 해주세요오~ 퍽소리 나는 이슈도 언급해주시공ㅜㅜ,10
707,9:27 진실의 막대기,12
708,29:50 그 중에 하나가 3점식 안전벨트 아닌가요? ㅋㅋ,7
709,내비 사용 시 예를 들어 시트 온도 조절을 하면 네비 화면이 사라지나요..???,1
710,14:54 갑분샷스파이,29
711,저는 요즘 차 기준으로 실내 디자인이 최악이라고생각되는데요. 외관도 좋고 기능도 좋은데...,4
712,19:46 트와이스 원스... 여기서 덕밍아웃이 되네요 ㅋㅋㅋㅋ,6
713,언제부터 볼보 뱃지가 프리미엄 뱃지가  되었는지 웃고 갑니다.,4
714,볼보에 비하면 아우지 휠은진짜 후...,1
715,14:55 샷스파이 ㅎ2,4
716,왜 스웨덴차라서 실내공간을 넓게 한건가요? 다들 키가 커서 그런가...,1
717,23:11 번호판에 브는 처음보는거 같아요,6
718,"보통은 차 앞쪽 범퍼에 레이더가 달려 있어 눈이 내면 레이더가 제대로 작동하지 않는다, 모든 차가 앞유리 상단에 레이더가 달려 있다!! ???? 모든 차가 달려 있는게 보통 아닌가요? ..... 김한용 리뷰어님 얘길 듣다보면 종종 말이 안 되는 구절도 있습니다.스키 스루가 트렁크 안쪽에서 열리면 납치되어 트렁크에 갇쳤을 때 탈출하기에 좋겠습니다.",1
719,s90도 리뷰해주시면 감사할거같아요,1
720,"어제 롯데에서 테슬러 보고 왔는데, 어머니가 뜬금없이 볼보, 테슬러타고 다닐거 아님 걸어다니라고 하더라고요 ... 환갑이 지난 어머니의 마음을 뺏은 볼보의 매력은 뮌가유...? 제대로 본적도 없으신데... 저는 환갑때까지 걸어다닐 것 같습니다...",8
721,볼보 서비스센터 많이 있나요? 서비스상태는 어떤가요? 그리고 소모품값이나 수급은 어떤가요??,1
722,안전성 하면 🇸🇪스웨덴의 볼보(자동차)지만 아쉬운점은 🇺🇸미국의 포드(자동차)에서 매각되다가 🇨🇳중국의 지리(길리:자동차)에게 매각이 되었다는점과 그리고 자동차가 너무큼 ㅎㅎㅎㅎ 그냥 볼보는 건설용 공사용 장비차량인 덤프트럭 화물차 포크레인의 딱 어울린다.....,3
723,뒷 깜빡이가 아쉽다..,1
724,후방깜빡이 켜지는 모습이 영상에 있나요? 못보고 지나간건지 없는건지 보고싶은데 아쉽네요 ㅠ,3
725,뭐지? 겁나 이쁜데? 다~좋은데 심볼이라고 하나? 엠블럼? 그게 아직 좀 갠적으론 별루인듯.. 그래도 차는 이쁘다,1
726,볼보 이쁘다,1
727,기아차 k7닮은것 같다 ㅎㅎㅎ,3
728,사고가 자주나셔서 그런가 사고얘기가 많으시네요 ㅠㅠ,1
729,매번 자막 달아주시는거 너무 감사하지만 맞춤법 틀리는 부분이 자주 눈에 띄어요. 오늘은 가죽 설명할때 '드러내다'로 쓰셨는데 '들어내다'로 써야합니다.,1
730,"전동은 아니라고 하셨고, 트렁크 걸쇠 옆에 버튼부분은 뭔가요?",1
731,중국에서 생산되는 모델들도 스웨덴에서 생산하는 모델들과 같은 내장재들을 쓰나요..?!,2
732,디자인 좀 바꿀때도 되지 않았나?,1
733,ㅎㅎ샷스파이가 요기에도있었네요ㅎㅎ,1
734,난 볼보가 너무 조아,4
735,"대놓고 사기치고, 바가지씌우는 흉기차 사지말고 이젠 가성비 좋은 외제차를 사야할 것 같습니다.",2
736,리뷰의 질이 다르네요,1
737,단점   내돈주고 사는대 차 인수 하는 기간이 너무 길다.,2
738,샷스파이 벌써 운전석에~~ㅋㅋㅋ,13
739,저것도 사실 해치백이지 세단 스타일은 아니죠.,1
740,31:30 함박눈 쌓인 날 썸머타이어 끼운 차를 시승차라고 내보내는 거 실화냐.....볼보코리아 일 진짜 못 한다....,3
741,"17:16  이부분 극 공감합니다..현x, x아  제발.....(그래놓고 나도 기x차 타네..)",45
742,S60 B5휘발유는 고급으로 주유하나요? 연료공급 전기도같이하는지?,1
743,편집자분이 rock을 좋아하시나봐요. roundabout이 나올줄이야.,1
744,볼보는 화이트죠ㅋㅋ 타보면 압니다ㅋㅋ,5
745,궁금한게 볼보를 구매할때 진짜로 할인이 1도없나요?? 단돈 10만원도 안빼주나요???,1
746,우리는 안전만 생각합니다.우리(?)는 많이만 팔면 됩니다.비교불가네...,1
747,머플러를 나뭇가지로 쑤실줄이야 ㅋㅋ 트렁크 왜 안자동 ㅠ,2
748,카와우 진실의 막대기 ㅋㅋㅋ,2
749,"실내공간을 중요시하는 전륜구동차량인데, 2륜모델에서도 센터터널이 우람하다?",1
750,1년 참앗으면 이 차를 몰고 있엇을텐데....,1
751,22년 9월생산부터는 뒷좌석폴딩이 되는걸로 나온다네요 그제 대리점서 설명받았어요 저도 고려중..,1
752,시승하러 차에타고 노래 잘못 틀면 뽕맞아서...계약하고 만다는 볼보....,1
753,👍👍,1
754,앞모습 그랜저 ig ㅈㄴ이뻐진거같다,11
755,볼보 ADAS 가 초창기엔 거의 탑클래스라고 평가 받았었는데 지금도 그런가요? 어느 매체에선 카메라도 하나 레이더도 하나라며 퇴물 취급을 하던데요...,3
756,흉기가 볼보 인수 안한건 천만다행같군요. 볼보가 흉기화 되었다면 어휴 인류에 재앙이 되었겠어요,1
757,진실의 막대기....,2
758,2:25 이거 나만 그랜져 IG 닮았다고 느낌???,2
759,안녕하세요. 오늘도 08에 모카입니다.😄😄,11
760,china가 한국을 앞섰구나...놀라워....,2
761,대기시간 너무 오래걸려요ㅠ,1
762,"이분은 폭스바겐도 독일차 아닙니까, 이러면서 유럽차는 다 벤츠, 비엠더블유 동급 취급하면서 빨아대니, 아니 비엠더블유 살려고 하는데 볼보를 쳐다보기라도 한단 말인가 개웃기네 독삼사 리스가 진리다",1
763,돈만 좀더 있었더라면.. 이거삿는데.. 그냥 질러버릴걸 그랬나후회되네ㅜ,3
764,7:49트렁크오른쪽에있는버튼이 전통트렁크버튼아닌가요?,1
765,준중형 4800이면 싸지않지만 납득이간다..,1
766,스웨덴 노르웨이 핀란드 모두 모기 엄청 많아요!!! ㅋㅋㅋ,1
767,"중국산이면 사지마세요 , 철판부터 안좋아요",2
768,아. 현대엠블럼 CG하자마자. 탄식이 ㅜㅜ,16
769,실내가 좀 올드하긴 하네 ㅋㅋㅋ,2
770,갑분싸 볼보,3
771,싼타페는 테슬라인줄알았는데..!,2
772,볼보 B5?! 요즘 퍽소리 난다는 그 차 아닌지...,4
773,GV70사느니 이거 사고싶다 ㅠㅠ 돈없어서 GV70 못사고 볼보사네,2
774,👍👍 👍👍👍,1
775,볼보 정비는 잘됌??,1
776,하부소음 진동에 대해 얘기좀 해주시지 너무 간단히 언급만하시네.,1
777,볼보는. a/s가 그지같은. 이상한 물량조절 마케팅으로 국내에서 잘 나가는 척 하긴 하는데... 볼보는 에프터 마켓도 없고.. a/s 생각 하신다면. 절대 볼보는 no,1
778,볼보 요즘 스피컹0서 퍽소리 난다던데..,1
779,잘 봤습니다.저는 Yes의 Roundabout 들으러 갑니다. ㅋㅋ,1
780,뒷태만 조금 다듬으면 너무 예쁠듯ㅜㅜ,4
781,스웨덴  차가 아니고 이제는 중국 차라고 해야 되는거 아닌가요?,1
782,트렁크.. 우산걸이 겸용 아닌가요?,3
783,결국 엠블럼 보고 사는경우가 다반사라는거임. 뭐 토크가 어쩌구 저쩌구 하는건 자동차 잘 아는 사람이나 ..,1
784,볼보 헤드라이트에서 망치를 빼면 제네시스가 됩니다.,1
785,우리나라는 외제에 점수가 너무 후해~~~~팩트!!,1
786,주관적평가는 될수있음 생략하길 바란다..사고안사고는 구매자가 판단한다. 좋고나쁘다는게 어딧냐. 다른차량과 비해 장단점이 있거늘,1
787,근데 60브? 라는 남바도 나오나유?,1
788,실망입니다. 세단 해치백만 정파고 스포트백은 사파라는겁니까 ㅠ,1
789,언젠가부터 ㅋㅋㅋㅋ 투덜한용임ㅋㅋㅋㅋㅋㅋㅋㅋ,10
790,한용이형 커여어~,1
791,대세는 벤츠에서 볼보로,7
792,누가 볼보를 이뻐서 타나 ;; 좀 오버 아님??,1
793,"볼보뱃지 예쁘죠~ 볼보뱃지대신 현대,토요타,혼다,기아 뺏지달면 바로 ddong됨 ㅋㅋ",2
794,구아방도 엠블럼 저렇게 되어있는데..........,1
795,"ISG 버튼이나 파워트레인 내용, 계기판 디자인 바꾸는 거... 등등 잘 모르시거나 좀 부족하게 설명하시는 부분이 있네여...:;;",3
796,트렁크 쇼핑백걸이?? 저거 우산걸이 아닌가요...?,1
797,현대 뺏지 앜 내눈!!! ㅋㅋㅋㅋㅋㅋㅋㅋㅋㅋㅋㅋㅋㅋㅋㅋㅋㅋㅋㅋㅋㅋㅋㅋㅋㅋㅋㅋㅋㅋㅋㅋㅋㅋㅋㅋㅋㅋㅋㅋㅋㅋㅋ,7
798,볼보 진짜 사고싶은데 S60도 고급유 셋팅이죠?ㅠ,3
799,"37분 44초인데, 광고가 중간에 열번은.. 와 존나 심하다 진짜 ㅜㅜㅜㅜ .",1
800,동승하신 pd님? 진짜 10대에요?아드님...?,1
801,9:35 CARWOW 의 진실의 막대기 따라하네 ㅋㅋㅋ,30
802,7:48 트렁크에 있는 버튼은 머에용?? 마치 전동버튼위치 같은데....,3
803,설명은 유창한데 화면은 뭘 보여주는건지 전혀 모르겠다.,1
804,g70 살돈이면 당연히 볼보를 사야지,3
805,9:28 carwow 보는기분ㅋㅋㅋ,16
806,4:54 V A 욜 Pro = 볼보(?),6
807,자동차가 4800이면 염가인가요???? 저진짜 자동차 하나도 모르는 22살짜리라,1
808,1분전은 잘참지ㅋㅋ,10
809,촛점이 진행자 얼굴이 아니고 오른손에 맞네요..,1
810,20:24 에 나오는 음악 좀 알려주실 천사같으신 분 계신가요???,1
811,선뱃님! 저이거 갖고싶어요!,3
812,차 구경하는 저 고딩 많이 본 고딩 같은데,2
813,k7프리미어 사지말고 이걸샀었어야해 ㅠㅠ,3
814,몇달걸려요?,1
815,k7 ㅎㄷㄷ,2
816,트렁크ㅋㅋㅋㅋㅋ 한기자님 말씀이신가요??ㅌㅋ,4
817,2:25 아 순간 엠블럼 바뀌는데 진짜 개ㅈ같다,2
818,솔직히 안전의 볼보 는 그냥 인식이죠  헤드 레스트 나 스키 스루 안쪽에서 못 여는게 안전 때문이다 라는 말이 너무 웃기네요  볼보의 기능적이지 못한 디자인을 안전 이란 말로  상쇄 시키는건 아니라고 생각함   안전 테스트로 가장 유명한  유로엔캡 이나 iihs  보면 볼보가 다른 브랜드에 비해 월등 하게 좋은 결과를 내는 것도 아닌데 아직도 안전의 볼보니 어쩌니 하는 거 보면 솔직히 웃김    iihs  테스트 보면 탑 세이프티 에 현기 차량이   더 많이 픽업 되 있음,4
819,3분전은 동원참치~~,1
820,대가리 총맞지 않은이상 중형세단 이상부터 국산차를 사는건 나는 호구요...수입차도 국산차 가격이 너무 올라서 가격경쟁력이 충분히 있다고 봅니다,4
821,5:08 포르쉐도?!,1
822,차는 볼보지요,1
823,현대 뱃지 개구리네 ㅋㅋㅋㅋㅋ,1
824,인트로끝나면 항상 어디그렇게 가시는거예요?,4
825,메이디인중국차가 유럽차라고요.,1
826,한용기자님 기아썰좀 풀아주세요. 애플카,2
827,8:34 저기 저거 손잡이 아닐까요!?,3
828,7:58 김한용 밑장빼기,42
829,북유럽 감성? 동북삼성 감성이겠지...,2
830,현대차는 로고 왜 안 바꿈? ㅋㅋㅋㅋㅋ 어딜 붙여놔도 쓰래기 같음.,1
831,비싼 수리비는 어쩔 ㄷㄷ,3
832,볼보보니 한국차 똥차네 ㅋㅋ,1
833,볼보 출고 시간이 너무 길어서  못삼이요,1
834,이거 PD님 사줍니까??^^,3
835,조나이쁘네,3
836,썸네일 엠블럼 뗀 k7같네 ㅋㅋ,2
837,2:24 아!!!  내 눈~~~~~~!!,20
838,수입버전의 K7,2
839,현대 마크 붙이니 아슬란되네,1
840,슈퍼차저 없어요...,3
841,소렌토풀옵  4800ㅋㅋㅋ,1
842,잘볼께용,2
843,소나타가 더좋다!! 뒷모습 봐봐라 볼보가 소나타 비슷하게 따라한것을....연료만 연소시키는 고물차 쯧쯧 연료와 오일을 같이 연소시키는 특수 기능도 있다,1
844,스웨덴 도대체 부족한게 뭐에요?,2
845,아 진짜로 고등학생 이셨던건가여??,1
846,37:45광고,1
847,외관 설명이 길어요ㅠ,5
848,K7  그릴...,2
849,근데 볼보는 스웨덴차에요? 중국차에요?,2
850,00:22 번호판에 브 가 있어요???,1
851,후륜구동에서 땡!,1
852,솔직히 이거 살빠에...소나타 산다,1
853,볼보가 자동차냐? 달구지지,1
854,2:24 악 내눈 ㅜㅜ,5
855,얘는 돈받고 리뷰써주는 얜가??? 그런거니???,3
856,싼타페는 트와이스를 오마주 한거라구요.내 맘 모르고 너무해 너무해,1
857,다 좋은데 듸에가 너무 안이뽕,3
858,굉장히 굉장히.....너무 반복하네요,1
859,현대 무시하시네ㅋㅋㅋㅋㅋㅋ,3
860,2:28 ㅋㅋㅌㅋㅋㅋㅌ 아슬란,44
861,14:15 ???: 응애 나 애기 한용,5
862,유럽의 느낌이라고 하는데...지리자동차가 인수 해서 거의 볼보 자동차는 중국에서 생산하지 않나요??,1
863,제한속도 180km/h 로 줄여서 안살꺼 같습니다.,4
864,사줘도 유지 못함 ㅠㅠ,1
865,다들 중국차가 맘에 드는 모양이네! ㅋㅋㅋㅋㅋ,1
866,뒷모습쉣이다,1
867,피디님 죠죠러입니까?,1
868,한용아 여기서 보네 ㅋㅋ,1
869,9:28 mat watson here in Mocar,11
870,0:32 샷스파이님 아녀??,5
871,엔진이 안좋은차..그리고볼보는 프리미엄차 아님...우리나라에서 과대평가된차,2
872,ㅋㅋㅋ 그이야기는 해주셔야죠 made in China. 스웨덴요? 포드가 웃습니다 ㅋㅋㅋ,4
873,안녕하세요 모카번입니당,2
874,9:25 카와...ㅇ...읍,29
875,굉장히 라는 말을 굉장히 많이쓰네요,1
876,아 내눈ㅋㅋㅋㄲㄱㅋ,1
877,그래도 빨리왔다,4
878,아니 이시간에!?,4
879,볼보를 왜삼??? 호구 되고 싶은건가,1
880,샷스파이는 학교 안다녀요?ㅎㅎㅎ,7
881,연봉4천밑은 저런차 쳐다도보지마라,2
882,혹시 중국산 아녀요?,1
883,??? :낫 fㅔ이크 뭐플러 뤼얼 뭐플러,3
884,헤드라이트 무슨 콘돔 같네,1
885,37:44,1
886,유니콘이잖아?,1
887,죄송한데  트와이스 듣는게 더.. 이상하게 느껴져요 ㅠ..,1
888,K7 그릴임????^^,1
889,볼보가 중국차 라고 하는데 어떻게 된거에용?? 진짜 궁굼합니당,2
890,10:45 메이드인스웨덴인가요?,1
891,북유럽 감성 같은소리 중궈차지 걍 이차살바에 독일차나 일본차 곧 하자터짐 코로나 원산지 에서 만든차,1
892,스웨덴이라는 나라 조심합시다우리기업들 우리국민들 625전쟁 잊으시면 안됩니다,1
893,현대 마크는 진짜 존나게 못생겼다.,1
894,38:00,1
895,중국차 역겹네요 볼보를 사면 그돈으로 중국이 김치공정 한복공정을 강화할것입니다,1
896,얘네는 차 광고를 하면 뭐하냐고 출고대기 1년보라는데;;;,3
897,쭝국차,1
898,S60이 어떤 차냐구?메데인차이나카!끝,2
899,그냥 광고,1
900,일빠~!!,3
901,중국 지리차를 왜 사요. 중국 지리가 인수하고 볼보는 맛이갔죠,1
902,엠플럼 촌시럽네요 노가다현장에서 트럭이 익어서 그런가 노가다차 같음,2
903,중국차 아닌가요..,1
904,중국차는 별루임.,1
905,볼보 슬슬 안팔리나 보네 ㅋㅋㅋ 테슬라에 현대 아이오닉에 좋은시절 다갔지~ㅋㅋㅋ,2
906,볼보 사는이유? 안죽을것 같아서 사는거임~!! 현대차 샀다가는 전자식 브레이크와 스마트스트림엔진 등으로 먼저 저세상 가요~ 전기차는 아휴~ 입이 아픔~,2
907,왜 뜬금없이 엠블럼에 현대로 비교 들어가나요? 싼티나는 대표 브랜드가 현대차인가요?,4
908,진짜 현대 정신차려라 외제차 점유율이 한국에서 국산보다 높아지면 그때는 어떻할려고 ...유튜브 없을때야 사람들이  현기가 악독기업인지 몰랐을때고 지금은 아니야 현기야 정신차려라  기업이미지 훅가는건 한순간이다. 이미 현대 이미지 추락인데 더 추락하면 끝,7
909,메이커 말고 브랜드라는 단어를 써주세요,1
910,국산차애용,1
911,볼브 차  구매는  중국땐놈 의  차 입니다.,2
912,스웨덴에서는 신경을 안쓰지중국차인데 ㅋㅋ 인수한지가 언제인데,1
913,근데 북유럽감성은왜나옴?? 볼보는 트럭.중장비말곤 팔아치웟는데ㅋㅋ미국감성으로팔렷다가 지금은 중국감성임ㅋ,2
914,중국차 아닌가? 중국회사가 소유하고 중국에서 만드는데?,2
915,전문적인 거에 비해 지나치게 특정 브랜드 비하하는 걸 즐겨하니 ... 팬심에 의한건지 아니면 인성에 문제가 있는건지... ㅎ,4
