,comments,likes
0,"우리나라에 수많은 자동차 리뷰가 있지만, 그 중에 No.1은 김한용의 MOCAR 입니다. 내용이 알차고 편안한 진행 너무 좋습니다. 2021년도 재미있는 리뷰 부탁 드립니다.",8
1,최고의 자동차 리뷰어!!! 30분 이상의 자동차 시승기를 skip없이 들은 것은 이 시승기가 첨이네요. 군더더기 없는 깔끔한 리뷰.. 최고에요!!,26
2,"김한용님의 리뷰인만큼 정보전달력은 최고네요. 아쉬운건 볼보의 고급유 사용에 대해서 언급될줄 알고 영상 내내 기다렸는데, 별다른 언급이 없네요. 권장이 아니라 반드시 고급유 주입이라는 말이 있어서 김한용님의 의견을 들어보고 싶었습니다. 실구매를 생각할때 되게 중요한 요소라 확실히 알고싶네요.",3
3,"ㅋㅋㅋ엄청 사랑스럽게 말씀하시네요~  안전성,브랜드,디자인,가격,옵션 제 기준 정말 베스트 카입니다! 아쉬워 보였던 실내 마저 이젠 괜찮아보여요~",7
4,며칠전 지인이 신차 뽑아서 타봤는데  하체가 아주 단단한 느낌이 나고 안정감있고 좋더라고요.,1
5,"볼보 xc60t6오너입니다.  굉장히 만족하면서  타고 있구요. 출고 6개월만에 벌써 2만키로가 되어가네요 ㅎㅎ 모카에서 볼보에 대해서 많이 알려줘서 많은 도움이 되었습니다. 아는만큼 보인다고, 몰랐던 부분을 알려주시니 볼보차와 볼보회사에 대해서 더욱 더 애착이 갑니다.항상 재밌게 잘 보고 있습니다. 감사합니다.😘",1
6,진짜 실내 너무 괜찮다 깔금한테 우드느낌 좋고 시트 가죽도 좋고 예쁘네 차가...,24
7,아....볼보타고싶다 진짜....... 10년이지나서 돈이 모인다면 중고라도 볼보산다. 진짜 안정감들어서 탈때마다 만족감들듯..,2
8,"진짜 옛날 볼보 디자인은.... 10년전차가 아니라 한 2,30년되보이는 디자인이였죠",2
9,볼보 시승기 넘 재밌게 잘봤습니다! 갖고 싶어지네요.ㅎㅎ 저는 다른 모델 생각중이지만 s60 B5도 너무 이뿐데요 실내도 깔끔하고 고전적이공ㅎㅎ음향도 짱짱 좋고...볼보 최고 좋음!,4
10,진짜 볼보의 여러 정보 간결하고 이해하기 쉽게 최고 리뷰입니다~~!,1
11,몇년까지만해도 구형같은느낌이 들었는데 지금은 디자인 레전드,37
12,캬... 시승기에도 깊이가 있네요.  감사합니다.^^,5
13,"와 매일 동영상이 올라오네요. 시간을 지키시니 대한민국 지존의 자동차 리뷰어, 기자가 되실겁니다.",9
14,디자인과 브랜드감성이 많은 일 하는 차 S60,1
15,볼보 매우 멋진 자동차 메이커네요 ㅎㅎ 영상 잘 보고 갑니다.,1
16,아 진짜 다른차 다 필요없어..볼보가 제일 이쁘다.. 😍,8
17,부지런한 모카👍🏻채찍 맞는 편집자님... ㅋㅋㅋ 항상 고생 많으십니다🙋🏻‍♀️,4
18,볼보의 미니멀하고 클래식한 디자인이 좋아서 샀습니다. 요즘차들 유행따라간다고 차에다 기교를 너무 부려놔서 금방 질리는데 볼보는 기교가없어서 좋아여 거기에렉서스 사려고 시승식 햇다가 버튼이 너무많고 씨디플레이어 있는거보고 놀랐네여...심플한 인테리어의 볼보 굳,2
19,우왕 디자인 너무 이뻐요~~,1
20,와...죽인다진짜.. 요즘 차사고싶어서 불사조형따라서 주식으로 돈 모으는 중인데 빨리 사고싶네여.. 진짜 잘보고갑니다...ㅎㅎ,2
21,S60 인스 계약하고 이제 한달 지났는데 이거보니  더 기다려지네요 ㅠㅠ 아직도 4~5개월 더 기다려야하는게 함정  대기 기간이 너무 길어서 환장하겠네요,4
22,"수입차, 볼보....4800 만원이면 .............  진짜 저정도 스펙이라면  합당한 가격같은데.",1
23,볼보는 깔게 없다. 안전벨트 최초로 개발하고 특허 풀어줘서 수 많은 생명을 살려낸 공로만 해도 그냥 칭찬만 받아도 되는 회사.,3
24,잘봤습니다 이해하기 쉬운 설명덕분에 차알못이 배우고 갑니다,1
25,한용이형 투아렉 시승기 때와 같은 스타일 영상이 너무 좋아요!!,16
26,"볼보를 사는 이유는 첫번째 동급최고수준의 안전사양, 두번째 동급최고수준의 럭셔리한 인테리어, 세번째 압도적인 사운드의 바워스앤윌킨스 오디오 거기에 디자인까지 차분하고 고급지다.",5
27,Volvos are true dream cars.,1
28,"XC90 사려고 시승 해봤는데 너무 고급지고 느낌이 깊어서 놀랐고 진짜 프리미엄 느낌 좋았습니다..... 헌데 저 터치스크린 방식이 너무 메뉴 하나하나까지 조절 하기가 어려워서 고민 되더군요. 결국 렉서스 RX 로 갔습니다. 또 한가지는 생각보다 실내 소음이 좀 크고, 사이드미러쪽 풍절음이 높아서 패스 했습니다. 매일 사용하고 느끼는 부분이 구매에는 제일 중요한 부분인거 같습니다.",2
29,볼보는 독일 거리에서도 고급스러워 보여요 🥰,4
30,17:00 역시 볼보... 가끔 왜 헤드레스트가 일체형일까 생각했는데 이런 깊은 이유가... 역시 볼보다... 내 드림카 V60cc S90 진짜 사고 싶어지네,5
31,"전 차에 특별히 일가견 있는것도 아니고, 렌트카 직원으로써 왠만한 차는 운전 해봤다 정도지만...개인적으로 벤츠 a클래스와 비슷한 가격대비 가성비 측면에선 볼보가 우위인듯 하네요.",1
32,볼보의 단점은 안전이 커버를 하니깐 이해가 크게 된다는 장점이 있네요~ㅎ단점은 예전에 볼보가 돈이 많이 없었던 회사다보니 앞으로 점차 개선되면 벤츠 아우디 비엠보다 훌륭한 차로 바뀔거 같아요~ㅎ,8
33,한용이형 영상 잘 보고있습니다 감사합니다.,1
34,진짜 궁금한게 있는데요~속도제한이 180이면...내리막 길에서도 속도가180이하로 유지되는 건가요?,2
35,정말 좋은 차 소개영상이네요.,2
36,볼보구매 그 어느 전시장 딜러분들보다설명을 너무 잘해주셔서 저같은 여성들에게너무 도움됩니디다. 진짜 감사해용,2
37,비싸기만 하고 안전하지 않은 차와 안전하고 좋은차의 가격 차이가 너무 크다.,1
38,와..... 볼보차 최고의 리뷰네요,4
39,S60 cc 다시 만들었으면 좋겠네요한때 제 드림카 였는데,1
40,얼마전에 본 것 같은 영상이지만 또 보네요 ㅋㅋ겨울에 가장 잘 어울리는차..내년 겨울에 사야겠다,7
41,볼보가 겨울인데도 불구하고 섬머타이어를 끼워준 이유는 한번 사고가 나서 진짜 안전한가 판단하라는 의도같습니다,2
42,차 진짜 기깔난다..,8
43,인테리어만 한번 바뀌면 계약하러 가야겠어요~오늘도 잘보고 갑니다.,2
44,자동차 리뷰의 바이블 같은 김한용 님! 잘 보았습니다.,3
45,옛날 볼보디자인도 매력 많음,2
46,이 형이 리뷰에서 좋다고 하면 다 사고 싶어져서 견적 뽑게 된다는거..,2
47,볼고온콜이나 티맵 업데이트 진행현황도 알려주셨으면 더 좋았을거같습니다구매대기자로써 가장 궁금한 사항이에용,3
48,볼보안전성 검증 방송뜨구 호응얻어서 리뷰까지~볼보 좋은차 인즈엉~👍👍,5
49,볼보 정말 믿음직스런 최고의 차,1
50,볼보도 엄청투박하게 픽업트럭 만들면 좋겠다,3
51,이번리뷰 젤 잘봤습니다  많은것을 배우고 갑니다,1
52,정말 사고싶은 차네요,2
53,옛날엔 볼보하면 그땐 진짜 어려서 포크레인 회사로 밖에 몰랐는데 ㅋㅋ,11
54,진짜 좋은차,2
55,스웨덴이 참 대단한거 같습니다..전투기를 만들수 있는나라....,2
56,오디오가 진짜 좋다... 사고싶다!!,1
57,B5 모델의 '퍽소리' 이슈에 대해서도 꼭 다뤄주셨으면 좋겠습니다.,1
58,모카님 착한 이경규 같은 느낌이 드네요 볼보 정보 많이 얻고갑니다 👍,1
59,모트라인 순한맛 ㅎㅎㅎ 조곤조곤하게 볼보 서비스정신 잘까시네요~~ 진짜 차를 잘만들어도 서비스 정신좀 투철하게 했으면 좋을 브랜드,3
60,2:25 진짜 엠블럼 차이가 엄청나구나.. 이 정도일줄은 몰랐네 ㅋㅋㅋㅋㅋ,331
61,지난주에 계약했는데 ㅎㅎ 반년은 기다려야할듯 합니다만 언제 시승기 뜨나 기다리고 있었어요. 감사합니다,1
62,오 볼보 차가 다르게보이네요. 그냥 저렴한외제차인줄알았는데. 가성비가 끝내주는 차인것같아요. 다음에 외제차는 볼보구매해야겠네요,4
63,오디오 하나는 진짜 인정합니다.  초강추!,1
64,본사는 아직 스웨덴이지만 2010년부터 중국그룹 길리홀딩스가 사서 현재까지 주인인걸로 알고있습니다. 안정성과 디자인때문에 사고싶었는데 중국회사기 주인이라고 해서 사기가 꺼려지네요,1
65,맨첨에 뒷짐지고 둘러보는 애기기자님 왤케 귀여워요ㅋㅋ볼때마다 초딩 어린이같은데 전문적인 얘길 해주니 이질감 느껴지면서 역시 귀엽습니다,1
66,믿고보는 한용 리뷰,4
67,와 현실 드림카 ㅠㅠ,4
68,센서스 화면에 메뉴들은 휴대폰 앱처럼 꾹 눌러서 마음대로 위치 이동 및 구성이 가능합니다XC60 18년식 2년 넘게 타고 있는데 대만족입니다 ^^,1
69,아우디+BMW 같아..디자인 넘 이쁨,7
70,스피커는 진짜 좋은듯하다. 디자인은 내 취향저격이네;;; 볼보오 이대로만 가다오. 내집마련 먼저하고 갈텐게!!,3
71,계기판과 디스플레이는 화려함 보다는 직관적이고 심플한게 운전할땐 더 좋을듯.... 갠적으로 지금의 볼보식 계기판이 더 나은듯,1
72,김한용 기자님 아주 잘보고있습니다S90 T8. 차주입니다스피커 퍽서리 아주 큰 문제입니다소리가 너무커서. 사고난줄 압니다안전을 최고로 추구한다던 볼보가퍽서리에 대해 해결책도 없고 고지도안하고 차을 계속 판매하는건 문제라 생각합니다이문제에  한번 다려주셨쓰면합니다기자님 처럼 영양력 있는분이 찰영 한번해주세요소수에 차량에서 나는소리가아니고 상당이 많은 차들이 소리가 납니다,2
73,베터리가 뒤에 있어서 후방 추돌시 뒷사람에게 물어내라고 하면 돼 ^^ 역시 모카.,3
74,저기 기어봉이 실제 크리스탈이라 하던데요 ㅎㅎ이 색은 또 다르네요. 다른데서 아이보리 색 보고 왔는데 그 색은 화사하고 고급저 보이던데 이 색은 편안하고 올드해 보이긴 하네요.,2
75,사고싶다... 다음차는 볼보,2
76,"대표님ㅎㅎ S60과 C클래스 중에 고민이 크네요, 아니면 조금 더 보태서 E250 이나 K7이 좋을까요? 아무분이나 추천 부탁드립니다!",2
77,볼보 V60 너무 사고싶은 차인데돈이 없네 ㅠㅡㅠ,1
78,카시트의 올바른 사용법에 대해서도 (혹시 아직 안 안 하셨다면) 올바르게 알려주세요 :) 한국은 솔직히 많이 엉망인 것 같습니다,1
79,S60 뒷자리가 각도가 넘 세워져있어서 아쉽더라구요,6
80,이 세상에 탈만한 차는 볼보밖에 없다,2
81,센터페시아이콘들 드래그해서 원하는대로 옮길수있어요 안쓰는건 아예 밑으로 끝없이 내려서안보이게하고 켜놓고 필요한거 몇개만 위에 둘수있어요안전옵션은 다켜서 안보이게 내려놓고주차나 스트조절같은거만 위에둘수있죠스마트폰 홈화면 조절과 같습니다^^,2
82,볼보가 이뤄낸게 엄청 많군요,4
83,이제 판매가는 진짜 현기랑 차이가 없구나...  G70이랑 거진 비슷하네...,2
84,19:56 형님 웃참실력이 신급이시네요 ㄷㄷ,41
85,믿고보는 한국의 용 ㅎㅎ,2
86,9:27 나뭇가지 주워와서 가리키는거 너무 귀여움ㅋㅋㅋ,5
87,볼보 단단해보인다ㅎ,1
88,북유럽브랜드들의 특징...실용적이고 고급스러워보이는데..요소를 보면..그리 고급스럽지않은.... 그리고 고급스러운겅 비쌈 이케아도...,1
89,문득 윈터타이어의 마른 노면에서의 기능성이 궁금해지는데요 마른 노면에서도 일반적으로 얘기하는 사계절타이어보다 월등한가요?,1
90,전동 텔레스코픽 안쓴거보면 시트폴딩도 왠지 안전상의 위험을 제거하기위함이 아닌가 싶은 뇌피셜,3
91,와 볼보 와이퍼 너무 좋은 정보네요 크~감사해요,2
92,나온지 좀 된 모델인데 외형보다 자료를 가지고 설명했으면 합니다. 예를들면 전 후면 비율을 알려주고 설명을.,1
93,볼보 2도어 스포츠카 나올때까지 존버한다........,5
94,개인적으로 볼보 후미등 아랫부분(ㄴ자 부분)만 없애면 좀더 멋있고 스포티하게 보일것같은데 볼때마다 아쉽네...,1
95,현다이는 디자인을  보다는 안정성을 따하는게 어떨까요??,2
96,토르망치 램프는 아우디가 원조 인줄 알았는데..그 때는 볼보가 잘 안보여서 그랬던건가..,1
97,디자인은 괜찮아졌음. 단차는 아직 잘 못맞추네.. ㅎ,1
98,차 진짜 괜찮네요 현기는 점점 설 자리를 잃어 갑니닼ㅋㅋㅋㅋㅋㅋㅋㅋㅋㅋ,1
99,S90플러그인 하이브리드 타는데 정말 정말 만족하며 타고 있습니다,1
100,하뇽형님 스잘알 인정합니다.고오급 스테레오는 역시 아이돌음악이 제맛.,9
101,"아버지 애마가 s90 인데 진짜 오디오, 앞자리 시트는 탈때마다 감동임;; 근데 시승감, 인포테인먼트 때문에 제 차로는 안사고 싶음",22
102,제 차라서 더 반갑네요^^,5
103,"어댑티드 크루즈, 파일럿 어시스트는 에코모드로 해야 감속&브레이크때 엄청 자연스럽게 선다, 인포테이먼트 메뉴는 아이폰처럼 아이콘 누르고 있으면 원하는대로 위치및그룹변경이 가능하다.",2
104,국산차도 볼보 정신으로 좀 만들었음 좋겠다저기능에 가격이 결코 비싼게 아님타보면 암 괜히 재구매율 1위가 아닌듯,1
105,지리자동차가 볼보에게 꽤 좋은 주인인가봐요?,5
106,9:25 볼보니까 ㅋㅋ 나중에라도 믿고 살 수 있는 차에요,4
107,쿠페형이 아닌데 천장이 낮아서 시트를 불편하게 만들었다? 그냥 뒷자석은 잘 못 만든 거네요ㅠ 역시 세단은 그냥 중형크기 이상으로...,1
108,본사에서 총판이랑 AS망 손좀 봐 주면 좋겠네요.,2
109,볼보는 감동이다!,2
110,22:50 슈퍼차져가 안들어간 차인데... 슈퍼차져때문에 이차는 등을 치는 느낌이 난다는건 등에 뭔가 특별한 원격 센서가 달린것인가요?,4
111,간만에 디테일한 긴 영상. 사려는 사람은 좋은데나머지분들은 살짝 지루할수도,3
112,s60의 유일한 단점.s90이 아쉽다.,1
113,이제는 저 가격 보면 그냥 테슬라 사겠다 싶네,2
114,형님 영상 잘보고있는데 4K로도 보고싶습니다. 하하하..,3
115,나중에 볼보차 꼭 사야지!A/S센터 많이 있나요?,3
116,언제부턴가 윈터타이어 무새가 된 하뇽이형.....윈터타이어의 중요성은 알지만....ㅋㅋ,1
117,차에대해 잘 알려주셔서 고맙긴합니다. 근데 광고 좀 줄여주세요! 맥이 너무 끊겨요!,2
118,안전의 볼보에서 썸머타이어 시승차를 제공하다니...,15
119,오토 스탑은 대부분 괜찮은데거기다가 자동주차를 켜두면 암만 좋은차라도 좀 불편하네요,2
120,"정말정말 사소한 거지만, 볼보가 스웨덴 출신이라 당연히 눈길 안전을 위해 전륜구동인건 사실이 아닙니다; 볼보가 대중 메이커 출신이다 보니 전륜 구동 플랫폼만 남은거죠. 볼보도 전륜구동이 대중화되기 전에는 후륜구동이었고 다른 대중 메이커들과 같이 80년대 중반부터 전륜으로 넘어온것이지 원래부터 눈많은 스웨덴이랑은 상관없죠.",3
121,볼보 하면 크로스 컨트리가 젤 예쁜듯 ㅋ,2
122,사고프다~~~♡,4
123,오오 볼보에도 쿠페가 있었군요 첨봐요,1
124,4800? 와우..,4
125,이건 또 구매 후 얼마나 기다려야 할까요?,4
126,볼보 차 정말 좋죠 v60사고 싶었어요 엄청 기다려야 한다고 해서.. 결국 마들Y를 살거지만 말이죠... 볼보르보오올보오르으으~~,5
127,09년식 s80 awd V8 4.4 탔었는데 실내는 거의 그대로네.,2
128,볼보는 로고디자인을 이름 새겨넣는건 유지하면서 저리 세련되게 바꿨는데 기아는 대체 왜....,1
129,최고속도 제한은 엔진 내구성 딸려서 락건가 싶기도한 느낌이 드네요...,1
130,"22:54 B5는 터보, B6는 터보+ 슈퍼차저입니다. S60 B5는 터보차량이 맞아요.",3
131,으아아ㅠ 3시리즈랑 s60  고민하다가어제 3시리즈로 기울었는데ㅠ 하뇽느님 영상 보고 다시 고민의 늪에 빠져 버렸어요ㅠ,3
132,Xc40은 전동인데 더비싼차가 어떻게  전동트렁크가  안들어가있지!😬,1
133,이제는 그냥 기자님이 샷스파이 인수합시다,6
134,"볼보 세단 라인은 항상 뒷태가 아쉽다... S60 기준으로 자체 길이를 조금 더 늘려서 2열 도어 프레임은 조금 더 뒤로 확장하고, 과거 볼보의 계단식으로 한층 깎아 내린 뒷 디자인으로 다시 돌아갔으면 좋겠다는 생각이....리어 램프도 사이즈를 좀 줄였으면",1
135,상용차는 볼보의 점유율이 꾀나 되지 않나요? 그런데 왜 볼보는 항삿 어려웠던건가요?볼보와 볼보드럭은 별개의 회사인건가요?,2
136,핸들에 핀이 맞는 씬이 많네요~~ 얼굴인식으로 포커싱 해놓으세요~~ ^^,1
137,감성은 북유럽!  S60 생산은 미국에서...,1
138,4:54 ㅋㅋ한용이형 영어 겁나 잘하는데혀 꼬이는거 보니까 인간미 뿜뿜 넘침,1
139,철하면 세계최고의 포스코가 있는데 현기에 들어가는 철은 어찌 그리 구린지...ㅋㅋ,3
140,내가 사랑하는 볼보...,2
141,볼보는 차를 정말 성의있게 만드는거 같다현대가 볼보 발톱의 때만큼만이라도 배웠으면 좋겠다옵션 팔아처먹을 생각만 하지 말고.....,3
142,꿈의차.....,1
143,모멘텀이랑 인스랑 어떤거 추천하세요????,2
144,차 조혼나이쁩니다....,28
145,출고 기다리다 사망해서 못받는다는 그 전설이 자동차인가요.,28
146,와이퍼에서 워셔액이 나온다는건 전용 와이퍼를 사용해야 하는거죠? 일반 와이퍼에 비해 가격이 어느정도 비쌀까요.,1
147,결정! 볼보로 간다!!!,1
148,학교 선생님 차인데 볼 때 마다 간지 작살,2
149,"차는 시승안했으니 모르겠고 현대기아 아이오니5보다는 디자인 외적인면에서는 훨 떨어지네 ~현대기아 아이오닉5는 미국,유럽시장에서 테슬라1년판매를 아이오닉이 하루만에 1년치 2배를 팔았고 1위 했는데 볼보가한국 디자인 모델을 본뜬건 아니고 ~ㅎ",1
150,하...... 6월에 나올지 8월에 나올지... 대기가 너무 힘드네요 ㅠㅠ,1
151,17:24 볼보가 잘하는거,74
152,22:54 B5 차량에는 터보차저만 있고 수퍼차저가 없습니다.,17
153,볼보도 한국 패치 되면 '전륜구동은 눈길에서 문제없다!!'는 건가요?;;;;;;,3
154,샷스파이는 모카에 취업했나요? ㅎㅎ 영상에 자주 보이네요~,4
155,"세단같은 SUV도 만드는데 세단같은 해치백 ,해치백같은 세단정도야 ㅎㅎㅎ WHY NOT",1
156,13:22안에서 열 수 있는 현기 타던 시절아들이 어찌나 장난을 치던지,3
157,네비게이션 예기 꼭 해야해요. 이것 숨기면 사기로 인정합니다. 기가 막히네요..어떻게 하려는 지?,1
158,산소센서  하나로 볼보는 오늘도 웃네요.,5
159,모카 오전에올라오는거 너무좋아요,3
160,타이어를 바꾸라는 곳은 내가 알기론 두곳 전에 다니던 회사와 지금 회사... 포도밭에서 갓끈은 고쳐메지 마세요.,6
161,5000만원 미만 가족 차량은 이게 최고인가요 ?,1
162,편집자님11분14초에 풍경 영상 소스 원본을 보고싶어요~~링크 좀 부탁드려요너무 아름답네요,1
163,28:25 과연 차는 찌그러지는것을 원할까?,21
164,볼보 C30 타던 시절 생각나네,2
165,30:29 와 저거 벤츠에서 하려고 했다가 포기한거 아닌가?,1
166,콘티넨탈 타이어 보다 미쉐린이지..  차라리..,1
167,기다려 내년에 데리러갈게❤️,2
168,이형 리뷰특징 제목은 하위트림 모멘텀 가격 실차는 상위트림 인스크럽션,9
169,14:13 보니 그 생각이 나네요 미국에 뒷자석에 타 있던 여아가 역주행하는 음주운전차와 정면충돌했는데 충격때문에 안전벨트에 목이 잘려서 몸과 머리가 분리되어 사망했던...,22
170,안전에 있어선 존경을 할만한 기술철학의 볼보. 디자인이 얼마나 판매에 큰 영향을 끼치는가를 보여주는 최근 볼보의 사례. 순정OE 타이어가 썸머 아니고 그냥 일반 타이어 아닌가요? 프로모션 할인이 하나도 없다는게 볼보의 단점. 맛집은 맞는데 식당이 너무 좁아 손님들이 엄청 줄서서 먹는데 주인은 자리 늘릴 기미가 전혀 없는 집?,2
171,내일 천안으로 시승하러 갑니다. 청주에는 없어서..ㅠㅠ,1
172,한용님. 중국산. 훙치 H9 도 리뷰 해주시죵.,1
173,볼보는 진짜 철학이 있는 디자인입니다.  우리나라 메이커들도 점점 철학이 샹기는 과정인거 같은데 이런 일관성 보여주길,1
174,스키스루를 안에서 열이유가 당연히 없자나요.ㅎㅎ,1
175,1:21 산타페 토르의 곡갱이 볼때마다 웃기네 ㅋㅋㅋ,24
176,19:42 노래 취향이 드러나는 대목입니다. 잠시 느끼면서 감상 ㅋ,15
177,역시 볼보 v60가야지 ㅋ,3
178,15:07 샷스파이: 운전은 못하지만 하는척은 가능하다,18
179,2:25 4800만원 차가 2000만원이 되는 마법,93
180,자연스러운 샷스파이님,4
181,싼타페는 토르의 곡갱이 닮은...,1
182,트윈차처 매력적이죠,2
183,9:28 카와우 진실의 막대기 ㅋㅋ,6
184,뉴스 나왔던 v60cc도 해주세요오~ 퍽소리 나는 이슈도 언급해주시공ㅜㅜ,10
185,9:27 진실의 막대기,12
186,29:50 그 중에 하나가 3점식 안전벨트 아닌가요? ㅋㅋ,7
187,내비 사용 시 예를 들어 시트 온도 조절을 하면 네비 화면이 사라지나요..???,1
188,14:54 갑분샷스파이,29
189,저는 요즘 차 기준으로 실내 디자인이 최악이라고생각되는데요. 외관도 좋고 기능도 좋은데...,4
190,19:46 트와이스 원스... 여기서 덕밍아웃이 되네요 ㅋㅋㅋㅋ,6
191,언제부터 볼보 뱃지가 프리미엄 뱃지가  되었는지 웃고 갑니다.,4
192,볼보에 비하면 아우지 휠은진짜 후...,1
193,14:55 샷스파이 ㅎ2,4
194,왜 스웨덴차라서 실내공간을 넓게 한건가요? 다들 키가 커서 그런가...,1
195,23:11 번호판에 브는 처음보는거 같아요,6
196,"보통은 차 앞쪽 범퍼에 레이더가 달려 있어 눈이 내면 레이더가 제대로 작동하지 않는다, 모든 차가 앞유리 상단에 레이더가 달려 있다!! ???? 모든 차가 달려 있는게 보통 아닌가요? ..... 김한용 리뷰어님 얘길 듣다보면 종종 말이 안 되는 구절도 있습니다.스키 스루가 트렁크 안쪽에서 열리면 납치되어 트렁크에 갇쳤을 때 탈출하기에 좋겠습니다.",1
197,s90도 리뷰해주시면 감사할거같아요,1
198,"어제 롯데에서 테슬러 보고 왔는데, 어머니가 뜬금없이 볼보, 테슬러타고 다닐거 아님 걸어다니라고 하더라고요 ... 환갑이 지난 어머니의 마음을 뺏은 볼보의 매력은 뮌가유...? 제대로 본적도 없으신데... 저는 환갑때까지 걸어다닐 것 같습니다...",8
199,볼보 서비스센터 많이 있나요? 서비스상태는 어떤가요? 그리고 소모품값이나 수급은 어떤가요??,1
200,안전성 하면 🇸🇪스웨덴의 볼보(자동차)지만 아쉬운점은 🇺🇸미국의 포드(자동차)에서 매각되다가 🇨🇳중국의 지리(길리:자동차)에게 매각이 되었다는점과 그리고 자동차가 너무큼 ㅎㅎㅎㅎ 그냥 볼보는 건설용 공사용 장비차량인 덤프트럭 화물차 포크레인의 딱 어울린다.....,3
201,뒷 깜빡이가 아쉽다..,1
202,후방깜빡이 켜지는 모습이 영상에 있나요? 못보고 지나간건지 없는건지 보고싶은데 아쉽네요 ㅠ,3
203,뭐지? 겁나 이쁜데? 다~좋은데 심볼이라고 하나? 엠블럼? 그게 아직 좀 갠적으론 별루인듯.. 그래도 차는 이쁘다,1
204,볼보 이쁘다,1
205,기아차 k7닮은것 같다 ㅎㅎㅎ,3
206,사고가 자주나셔서 그런가 사고얘기가 많으시네요 ㅠㅠ,1
207,매번 자막 달아주시는거 너무 감사하지만 맞춤법 틀리는 부분이 자주 눈에 띄어요. 오늘은 가죽 설명할때 '드러내다'로 쓰셨는데 '들어내다'로 써야합니다.,1
208,"전동은 아니라고 하셨고, 트렁크 걸쇠 옆에 버튼부분은 뭔가요?",1
209,중국에서 생산되는 모델들도 스웨덴에서 생산하는 모델들과 같은 내장재들을 쓰나요..?!,2
210,디자인 좀 바꿀때도 되지 않았나?,1
211,ㅎㅎ샷스파이가 요기에도있었네요ㅎㅎ,1
212,난 볼보가 너무 조아,4
213,"대놓고 사기치고, 바가지씌우는 흉기차 사지말고 이젠 가성비 좋은 외제차를 사야할 것 같습니다.",2
214,리뷰의 질이 다르네요,1
215,단점   내돈주고 사는대 차 인수 하는 기간이 너무 길다.,2
216,샷스파이 벌써 운전석에~~ㅋㅋㅋ,13
217,저것도 사실 해치백이지 세단 스타일은 아니죠.,1
218,31:30 함박눈 쌓인 날 썸머타이어 끼운 차를 시승차라고 내보내는 거 실화냐.....볼보코리아 일 진짜 못 한다....,3
219,"17:16  이부분 극 공감합니다..현x, x아  제발.....(그래놓고 나도 기x차 타네..)",45
220,S60 B5휘발유는 고급으로 주유하나요? 연료공급 전기도같이하는지?,1
221,편집자분이 rock을 좋아하시나봐요. roundabout이 나올줄이야.,1
222,볼보는 화이트죠ㅋㅋ 타보면 압니다ㅋㅋ,5
223,궁금한게 볼보를 구매할때 진짜로 할인이 1도없나요?? 단돈 10만원도 안빼주나요???,1
224,우리는 안전만 생각합니다.우리(?)는 많이만 팔면 됩니다.비교불가네...,1
225,머플러를 나뭇가지로 쑤실줄이야 ㅋㅋ 트렁크 왜 안자동 ㅠ,2
226,카와우 진실의 막대기 ㅋㅋㅋ,2
227,"실내공간을 중요시하는 전륜구동차량인데, 2륜모델에서도 센터터널이 우람하다?",1
228,1년 참앗으면 이 차를 몰고 있엇을텐데....,1
229,22년 9월생산부터는 뒷좌석폴딩이 되는걸로 나온다네요 그제 대리점서 설명받았어요 저도 고려중..,1
230,시승하러 차에타고 노래 잘못 틀면 뽕맞아서...계약하고 만다는 볼보....,1
231,👍👍,1
232,앞모습 그랜저 ig ㅈㄴ이뻐진거같다,11
233,볼보 ADAS 가 초창기엔 거의 탑클래스라고 평가 받았었는데 지금도 그런가요? 어느 매체에선 카메라도 하나 레이더도 하나라며 퇴물 취급을 하던데요...,3
234,흉기가 볼보 인수 안한건 천만다행같군요. 볼보가 흉기화 되었다면 어휴 인류에 재앙이 되었겠어요,1
235,진실의 막대기....,2
236,2:25 이거 나만 그랜져 IG 닮았다고 느낌???,2
237,안녕하세요. 오늘도 08에 모카입니다.😄😄,11
238,china가 한국을 앞섰구나...놀라워....,2
239,대기시간 너무 오래걸려요ㅠ,1
240,"이분은 폭스바겐도 독일차 아닙니까, 이러면서 유럽차는 다 벤츠, 비엠더블유 동급 취급하면서 빨아대니, 아니 비엠더블유 살려고 하는데 볼보를 쳐다보기라도 한단 말인가 개웃기네 독삼사 리스가 진리다",1
241,돈만 좀더 있었더라면.. 이거삿는데.. 그냥 질러버릴걸 그랬나후회되네ㅜ,3
242,7:49트렁크오른쪽에있는버튼이 전통트렁크버튼아닌가요?,1
243,준중형 4800이면 싸지않지만 납득이간다..,1
244,스웨덴 노르웨이 핀란드 모두 모기 엄청 많아요!!! ㅋㅋㅋ,1
245,"중국산이면 사지마세요 , 철판부터 안좋아요",2
246,아. 현대엠블럼 CG하자마자. 탄식이 ㅜㅜ,16
247,실내가 좀 올드하긴 하네 ㅋㅋㅋ,2
248,갑분싸 볼보,3
249,싼타페는 테슬라인줄알았는데..!,2
250,볼보 B5?! 요즘 퍽소리 난다는 그 차 아닌지...,4
251,GV70사느니 이거 사고싶다 ㅠㅠ 돈없어서 GV70 못사고 볼보사네,2
252,👍👍 👍👍👍,1
253,볼보 정비는 잘됌??,1
254,하부소음 진동에 대해 얘기좀 해주시지 너무 간단히 언급만하시네.,1
255,볼보는. a/s가 그지같은. 이상한 물량조절 마케팅으로 국내에서 잘 나가는 척 하긴 하는데... 볼보는 에프터 마켓도 없고.. a/s 생각 하신다면. 절대 볼보는 no,1
256,볼보 요즘 스피컹0서 퍽소리 난다던데..,1
257,잘 봤습니다.저는 Yes의 Roundabout 들으러 갑니다. ㅋㅋ,1
258,뒷태만 조금 다듬으면 너무 예쁠듯ㅜㅜ,4
259,스웨덴  차가 아니고 이제는 중국 차라고 해야 되는거 아닌가요?,1
260,트렁크.. 우산걸이 겸용 아닌가요?,3
261,결국 엠블럼 보고 사는경우가 다반사라는거임. 뭐 토크가 어쩌구 저쩌구 하는건 자동차 잘 아는 사람이나 ..,1
262,볼보 헤드라이트에서 망치를 빼면 제네시스가 됩니다.,1
263,우리나라는 외제에 점수가 너무 후해~~~~팩트!!,1
264,주관적평가는 될수있음 생략하길 바란다..사고안사고는 구매자가 판단한다. 좋고나쁘다는게 어딧냐. 다른차량과 비해 장단점이 있거늘,1
265,근데 60브? 라는 남바도 나오나유?,1
266,실망입니다. 세단 해치백만 정파고 스포트백은 사파라는겁니까 ㅠ,1
267,언젠가부터 ㅋㅋㅋㅋ 투덜한용임ㅋㅋㅋㅋㅋㅋㅋㅋ,10
268,한용이형 커여어~,1
269,대세는 벤츠에서 볼보로,7
270,누가 볼보를 이뻐서 타나 ;; 좀 오버 아님??,1
271,"볼보뱃지 예쁘죠~ 볼보뱃지대신 현대,토요타,혼다,기아 뺏지달면 바로 ddong됨 ㅋㅋ",2
272,구아방도 엠블럼 저렇게 되어있는데..........,1
273,"ISG 버튼이나 파워트레인 내용, 계기판 디자인 바꾸는 거... 등등 잘 모르시거나 좀 부족하게 설명하시는 부분이 있네여...:;;",3
274,트렁크 쇼핑백걸이?? 저거 우산걸이 아닌가요...?,1
275,현대 뺏지 앜 내눈!!! ㅋㅋㅋㅋㅋㅋㅋㅋㅋㅋㅋㅋㅋㅋㅋㅋㅋㅋㅋㅋㅋㅋㅋㅋㅋㅋㅋㅋㅋㅋㅋㅋㅋㅋㅋㅋㅋㅋㅋㅋㅋㅋㅋ,7
276,볼보 진짜 사고싶은데 S60도 고급유 셋팅이죠?ㅠ,3
277,"37분 44초인데, 광고가 중간에 열번은.. 와 존나 심하다 진짜 ㅜㅜㅜㅜ .",1
278,동승하신 pd님? 진짜 10대에요?아드님...?,1
279,9:35 CARWOW 의 진실의 막대기 따라하네 ㅋㅋㅋ,30
280,7:48 트렁크에 있는 버튼은 머에용?? 마치 전동버튼위치 같은데....,3
281,설명은 유창한데 화면은 뭘 보여주는건지 전혀 모르겠다.,1
282,g70 살돈이면 당연히 볼보를 사야지,3
283,9:28 carwow 보는기분ㅋㅋㅋ,16
284,4:54 V A 욜 Pro = 볼보(?),6
285,자동차가 4800이면 염가인가요???? 저진짜 자동차 하나도 모르는 22살짜리라,1
286,1분전은 잘참지ㅋㅋ,10
287,촛점이 진행자 얼굴이 아니고 오른손에 맞네요..,1
288,20:24 에 나오는 음악 좀 알려주실 천사같으신 분 계신가요???,1
289,선뱃님! 저이거 갖고싶어요!,3
290,차 구경하는 저 고딩 많이 본 고딩 같은데,2
291,k7프리미어 사지말고 이걸샀었어야해 ㅠㅠ,3
292,몇달걸려요?,1
293,k7 ㅎㄷㄷ,2
294,트렁크ㅋㅋㅋㅋㅋ 한기자님 말씀이신가요??ㅌㅋ,4
295,2:25 아 순간 엠블럼 바뀌는데 진짜 개ㅈ같다,2
296,솔직히 안전의 볼보 는 그냥 인식이죠  헤드 레스트 나 스키 스루 안쪽에서 못 여는게 안전 때문이다 라는 말이 너무 웃기네요  볼보의 기능적이지 못한 디자인을 안전 이란 말로  상쇄 시키는건 아니라고 생각함   안전 테스트로 가장 유명한  유로엔캡 이나 iihs  보면 볼보가 다른 브랜드에 비해 월등 하게 좋은 결과를 내는 것도 아닌데 아직도 안전의 볼보니 어쩌니 하는 거 보면 솔직히 웃김    iihs  테스트 보면 탑 세이프티 에 현기 차량이   더 많이 픽업 되 있음,4
297,3분전은 동원참치~~,1
298,대가리 총맞지 않은이상 중형세단 이상부터 국산차를 사는건 나는 호구요...수입차도 국산차 가격이 너무 올라서 가격경쟁력이 충분히 있다고 봅니다,4
299,5:08 포르쉐도?!,1
300,차는 볼보지요,1
301,현대 뱃지 개구리네 ㅋㅋㅋㅋㅋ,1
302,인트로끝나면 항상 어디그렇게 가시는거예요?,4
303,메이디인중국차가 유럽차라고요.,1
304,한용기자님 기아썰좀 풀아주세요. 애플카,2
305,8:34 저기 저거 손잡이 아닐까요!?,3
306,7:58 김한용 밑장빼기,42
307,북유럽 감성? 동북삼성 감성이겠지...,2
308,현대차는 로고 왜 안 바꿈? ㅋㅋㅋㅋㅋ 어딜 붙여놔도 쓰래기 같음.,1
309,비싼 수리비는 어쩔 ㄷㄷ,3
310,볼보보니 한국차 똥차네 ㅋㅋ,1
311,볼보 출고 시간이 너무 길어서  못삼이요,1
312,이거 PD님 사줍니까??^^,3
313,조나이쁘네,3
314,썸네일 엠블럼 뗀 k7같네 ㅋㅋ,2
315,2:24 아!!!  내 눈~~~~~~!!,20
316,수입버전의 K7,2
317,현대 마크 붙이니 아슬란되네,1
318,슈퍼차저 없어요...,3
319,소렌토풀옵  4800ㅋㅋㅋ,1
320,잘볼께용,2
321,소나타가 더좋다!! 뒷모습 봐봐라 볼보가 소나타 비슷하게 따라한것을....연료만 연소시키는 고물차 쯧쯧 연료와 오일을 같이 연소시키는 특수 기능도 있다,1
322,스웨덴 도대체 부족한게 뭐에요?,2
323,아 진짜로 고등학생 이셨던건가여??,1
324,37:45광고,1
325,외관 설명이 길어요ㅠ,5
326,K7  그릴...,2
327,근데 볼보는 스웨덴차에요? 중국차에요?,2
328,00:22 번호판에 브 가 있어요???,1
329,후륜구동에서 땡!,1
330,솔직히 이거 살빠에...소나타 산다,1
331,볼보가 자동차냐? 달구지지,1
332,2:24 악 내눈 ㅜㅜ,5
333,얘는 돈받고 리뷰써주는 얜가??? 그런거니???,3
334,싼타페는 트와이스를 오마주 한거라구요.내 맘 모르고 너무해 너무해,1
335,다 좋은데 듸에가 너무 안이뽕,3
336,굉장히 굉장히.....너무 반복하네요,1
337,현대 무시하시네ㅋㅋㅋㅋㅋㅋ,3
338,2:28 ㅋㅋㅌㅋㅋㅋㅌ 아슬란,44
339,14:15 ???: 응애 나 애기 한용,5
340,유럽의 느낌이라고 하는데...지리자동차가 인수 해서 거의 볼보 자동차는 중국에서 생산하지 않나요??,1
341,제한속도 180km/h 로 줄여서 안살꺼 같습니다.,4
342,사줘도 유지 못함 ㅠㅠ,1
343,다들 중국차가 맘에 드는 모양이네! ㅋㅋㅋㅋㅋ,1
344,뒷모습쉣이다,1
345,피디님 죠죠러입니까?,1
346,한용아 여기서 보네 ㅋㅋ,1
347,9:28 mat watson here in Mocar,11
348,0:32 샷스파이님 아녀??,5
349,엔진이 안좋은차..그리고볼보는 프리미엄차 아님...우리나라에서 과대평가된차,2
350,ㅋㅋㅋ 그이야기는 해주셔야죠 made in China. 스웨덴요? 포드가 웃습니다 ㅋㅋㅋ,4
351,안녕하세요 모카번입니당,2
352,9:25 카와...ㅇ...읍,29
353,굉장히 라는 말을 굉장히 많이쓰네요,1
354,아 내눈ㅋㅋㅋㄲㄱㅋ,1
355,그래도 빨리왔다,4
356,아니 이시간에!?,4
357,볼보를 왜삼??? 호구 되고 싶은건가,1
358,샷스파이는 학교 안다녀요?ㅎㅎㅎ,7
359,연봉4천밑은 저런차 쳐다도보지마라,2
360,혹시 중국산 아녀요?,1
361,??? :낫 fㅔ이크 뭐플러 뤼얼 뭐플러,3
362,헤드라이트 무슨 콘돔 같네,1
363,37:44,1
364,유니콘이잖아?,1
365,죄송한데  트와이스 듣는게 더.. 이상하게 느껴져요 ㅠ..,1
366,K7 그릴임????^^,1
367,볼보가 중국차 라고 하는데 어떻게 된거에용?? 진짜 궁굼합니당,2
368,10:45 메이드인스웨덴인가요?,1
369,북유럽 감성 같은소리 중궈차지 걍 이차살바에 독일차나 일본차 곧 하자터짐 코로나 원산지 에서 만든차,1
370,스웨덴이라는 나라 조심합시다우리기업들 우리국민들 625전쟁 잊으시면 안됩니다,1
371,현대 마크는 진짜 존나게 못생겼다.,1
372,38:00,1
373,중국차 역겹네요 볼보를 사면 그돈으로 중국이 김치공정 한복공정을 강화할것입니다,1
374,얘네는 차 광고를 하면 뭐하냐고 출고대기 1년보라는데;;;,3
375,쭝국차,1
376,S60이 어떤 차냐구?메데인차이나카!끝,2
377,그냥 광고,1
378,일빠~!!,3
379,중국 지리차를 왜 사요. 중국 지리가 인수하고 볼보는 맛이갔죠,1
380,엠플럼 촌시럽네요 노가다현장에서 트럭이 익어서 그런가 노가다차 같음,2
381,중국차 아닌가요..,1
382,중국차는 별루임.,1
383,볼보 슬슬 안팔리나 보네 ㅋㅋㅋ 테슬라에 현대 아이오닉에 좋은시절 다갔지~ㅋㅋㅋ,2
384,볼보 사는이유? 안죽을것 같아서 사는거임~!! 현대차 샀다가는 전자식 브레이크와 스마트스트림엔진 등으로 먼저 저세상 가요~ 전기차는 아휴~ 입이 아픔~,2
385,왜 뜬금없이 엠블럼에 현대로 비교 들어가나요? 싼티나는 대표 브랜드가 현대차인가요?,4
386,진짜 현대 정신차려라 외제차 점유율이 한국에서 국산보다 높아지면 그때는 어떻할려고 ...유튜브 없을때야 사람들이  현기가 악독기업인지 몰랐을때고 지금은 아니야 현기야 정신차려라  기업이미지 훅가는건 한순간이다. 이미 현대 이미지 추락인데 더 추락하면 끝,7
387,메이커 말고 브랜드라는 단어를 써주세요,1
388,국산차애용,1
389,볼브 차  구매는  중국땐놈 의  차 입니다.,2
390,스웨덴에서는 신경을 안쓰지중국차인데 ㅋㅋ 인수한지가 언제인데,1
391,근데 북유럽감성은왜나옴?? 볼보는 트럭.중장비말곤 팔아치웟는데ㅋㅋ미국감성으로팔렷다가 지금은 중국감성임ㅋ,2
392,중국차 아닌가? 중국회사가 소유하고 중국에서 만드는데?,2
393,전문적인 거에 비해 지나치게 특정 브랜드 비하하는 걸 즐겨하니 ... 팬심에 의한건지 아니면 인성에 문제가 있는건지... ㅎ,4
394,"3:22 이중접합 차음유리 적용 여부를 이렇게 알려주시니 정말 감사합니다. 다른 채널에서는 거의 알려주지 않는 정보인데, 오토뷰에서는 앞으로 다른 모델에서도 계속해서 알려주신다면 정말 좋겠네요.그리고... 볼보코리아는 본사에 적극 어필해서 지금보다 인도량을 1.5배는 늘려야 한다고 생각합니다. 주변에서 XC40, S60, S90 등.. 볼보 알아보다가 대기기간 듣고는 다른 브랜드로 돌아서는 사람들 많더라구요..",15
395,독일차를 많이 봐서 그런지 개인적인 취향으로는 내부디자인을 제외하면 진짜 완벽에 가까운차임특히 사운드시스템 너무 마음에 듭니다 ㅠㅠ,2
396,"정말 오토뷰는 전세계 어딜 내놓아도 부끄럽지 않을것 같네요 결국에는 마일드 하이브리드가 탑재되면서 얻는 부분들을 잘 설명했고 아이들시 RPM과 오토스탑시 줄어든 이질감, 내연기관가 흡사한 브레이크시스템 등.. 수치 뿐만 아니라 체감부분을 설명할때 그리고 타이어에 대한 문제점 지적까지 하는 운전실력을 가진 오토뷰는 역시는 역시네요 화만 내고 뭐 많이 사소한부분들 가지고 크게 부풀러 단점으로 지적하면서 내가 발견했어.. 이런 개 허접한 화만내는 리뷰어들하고는 근본이 다른것 같습니다. 그들은 일반인보다 못하다면 오토뷰 리뷰는 월드클래스급이네요",75
397,예능적 퍼포먼스는 없어도 자동차 리뷰 정석인것같아요 항상 잘 보고있슴돠!!🙏🏿,1
398,김기태 기자님 덕분에 구매욕구가 한껏 더 뿜뿜~ 합니다 ㅎㅎ,7
399,S60 B5 인스크립션  계약하고 이제 4개월 지났네요  진짜 기다리다 지칩니다  확실히 오토뷰 리뷰는 다른 리뷰들과는 차이가 있네요  장단점을 다 짚어내셔서 더 좋은거 같아요,5
400,역시 믿고 보는 오토뷰. 오늘 리뷰 잘 봤어요.,1
401,디쟌도 은근  이쁨그나저나  영상  볼때 마다 반팔  이심  ^^대리알바  전업  다 물어봐도아직 볼보  타봤다는  기사님이 없으심^^,1
402,자동차 리뷰 중 최고~~~,25
403,차를 구매하기 전 여러 리뷰를 보지만 그 중 오토뷰만이 내가 원하는 정보를 정확하게 캐치해주는 게 좋다다른 유튜브 리뷰 보면 협찬을 뒷구멍으로 얼마나 받는지 단점을 알려줘야 할 부분에 어물쩡 넘겨버리니 신뢰가 안간다.하지만 오토뷰는 장단점을 명확히 알려줘서현기에 시승차도 제대로 못 받지만오묘하게 현기 빨아주는 리뷰보다 신뢰가 가는 채널!,3
404,좋은 영상 감사합니다~^^ 오토뷰 화이팅!!,1
405,"잘봤습니다. 오디오,기어,마일드하이브이드 업그레이드 차이가 궁굼하긴하네요",2
406,3000킬로 탄 오너 입니다.최고의 차라고 생각합니다 고속 풍절음연비 빼고는 .. 디자인부터 완벽점잖게 강력한 차,8
407,s60 b5 카페에서 소유자님들의 불만 부분이 있더라구요.2~30km 속도에서 타력 운전으로 감속 시 꿀렁 거림이 발생한다고 합니다. 불쾌한 느낌이라고 얘기하시더군요.김pd님께서 테스트 하실때 이런 부분에 대해서 나온 의견이나 해결방법(?) 등이 있을까요?,2
408,1:24  기태형님의 멋진고 매력있는 맨트 함께 느껴보아요,16
409,v60 b5도 그렇고 t5엔진 대비 잇점이 별로 없는것 같습니다. 제조사 입장에서 환경규제 때문에 어쩔수 없는 선택이였을까요,5
410,신뢰뷰!!  잘보고 있습니다~,6
411,앞바퀴굴림차 같지 않은 앞바퀴 위치가 인상적이네요.,2
412,믿고 보는 오토뷰...S90 B6도 해주세요~!,3
413,오 역시 기태횽님 ㅎㅎ T5타고 있는 저는 B5가 부러울 따름입니다 흑,2
414,자동차 리뷰 하는 전문가님  대부분은 볼보 사랑은 어쩔수 없나 봅니다 ㅋ,1
415,T5 타고 있는데 기어셀렉터는 진짜 탐나네요,4
416,이차는 진짜마음에드네요.,7
417,오늘도 투싼 하이브리드 시승기 기다리고있습니다♥,4
418,"핸들링은 폭스바겐 차들에 비해 떨어지나보군요. 무난한 핸들링이라고 표현하신거 보면..티록이나 투아렉, 아테온, 파사트등은 동급 최고의 핸들링이라고 표현하셨었는데 ㅎㅎ",2
419,잘 봤습니다. 꾸벅 화이팅 오토뷰,4
420,차량데이타는 진실이고 신뢰입니다. 그래서 오토뷰는 땡큐입니다.,2
421,고성능엔진 써봐서 압니다. 한국에선 필요없습니다.볼보가 실용성이 좋다고 할 수 있겠네요,1
422,대한민국 유일무이 원탑 카리뷰 오토뷰,1
423,"할인도 없고 전륜구동인데 , 5400은 조금 비싼듯... 오히려 작년에 330i m팩 할인받은거 보다 200정도 더비쌈..지금은 단종됬지만..s90 이랑 가격차이도 별로없어서 포지션도 살짝 애매하네요.",4
424,"방향지시등 소리, 시동 거는 소리며.. 제가 딱 찾는 리뷰입니다",1
425,볼보는 못참지.. 대기기간만 줄이면 참 좋으련만..,2
426,와 요즘업로드속도가 ㅎㄷㄷ 감사합니다,3
427,대기기간 때문에 그랜저 샀늩데 또 끌리네 ㅠㅠ,14
428,대기기간때문에 거른 차.. 일단 6개월대기고 6개월 다 기다리면 그때부터 순번빠진다는게 말이 안됨 ㅋㅋ,3
429,브레이크 성능이 슈퍼카 뺨때릴 수준의 볼보 ㄷ ㄷ,6
430,볼보는 v90크로스컨트리가 👍,9
431,너무 기다린 차량입니다!!,1
432,qm6 3년차 오너지만..  그냥저냥 잡소리 참으면서 타고있습니다.그전에 차량이 너무 결함이 많았어서.. ㅋㅋㅋ지금차는 뽑기 잘했어요,2
433,멋집니다,4
434,차 구매전에 꼭 보게되는 리뷰,1
435,"""잠시함께~ .. . . . . . . . .(같이 외쳐보려고 항상 입을 맞춰보지만...오늘도 못마춤....) 느껴보시겠습니다!""기태형 화이륑~ 오토뷰화이륑~",3
436,가장 공신력있는 자동차리뷰.그리고 가장 오래됐죠?,1
437,오우 기다렸습니다!,2
438,캬! 뜨끈한 리뷰!,5
439,솔직히 제한속도 50km 대한 민국에선LF쏘나타의 상품성이 나은것 같습니다.,1
440,믿고보는 오토뷰 오프닝 음악 너무 궁금합니다!,1
441,기태형은 앞으로도 나이 안먹었으면...,18
442,"22:30 메세지 부분에 감가가 업계 최고라고 되어있는건데, 감가가 많이 되서 시세가 낮다는건가요? 방어가 잘되서 시세가 높다는건가요?",1
443,할인안하는걸 칭찬했으면 보증기간이나 엔진오일 무상교환 기간이 끝나 애프터마켓이 안되어 수리비용등이 증가하는것에 대한 비판도 같이 들어가야 하는데..,1
444,기다림의 미학.....,1
445,7개월.....이제는 기다림이 아닌 열받음 해도 너무합니다,3
446,일단 이형은 목소리가 넘사야,8
447,오토뷰 삼십만 가즈아~~~~,1
448,안전성때문에 한국에서 이미지 좋아서 많이팔리긴하지만 차량 대기기간이 많은이유는 차량을 존나 소량들고와서 딱 월마다 계산해서 입항하기떄문이임 재고떨이안남기고 최대한 적자 적게볼려고하는거임 보증기간 5년인것도 한몫함,5
449,뒤 리어디자인이 볼보만의 아이덴티티라해도 넘멋이없음 개취,1
450,기태 형이 살만 하다면 살만 한 거다!,9
451,진짜 기달리다 지처요.,1
452,지금 7개월째 기다리는 중 ;;;; 회이트+블론드 조합 아직도 대기번호 23번,7
453,오늘부터 기다림 시작입니다. 차가 나오면 댓글 달겠습니다. 그때까지 S60 리뷰야 안녕~,1
454,어차피 대기하다 다들 K8 사는 각...,1
455,이차랑 아우디 a5 45tfsi랑 돈좀 더주고 520i 고민중인데 뭐가 좋을까요?,1
456,s60도 고급유 넣어야 하나요?,1
457,이 리뷰만 몇번째 보는지 모르겠습니다. s60 k8하브 아이오닉5 시승했는데 개인적으로는 s60이 제일 마음에 드네요. 계약걸고 기다리는 중입니다 :),2
458,느껴보시겠습니다. 타이밍을 못 맞추겠네요~~ ㅋㅋㅋ,3
459,대기기간이 많이 길다보니 긴시간을 기다릴 정도로 엄청 좋은지는 잘모르겠음.,17
460,볼보s60 차하난 예술이구몬차로 친다면 복면가왕급 차이다.느낌은 최고인듯견줄만한 차면 현대자동차의쏘나타트랜스폼 견줄만한정도이정도면 영 쏘나타트랜스폼 안부럽다,3
461,잘볼게요~,6
462,3:47 긴급제동 테스트 하실때 약속된 사람과 테스트 하면 좋겠습니다... 공도에서 모르는 앞차에게 테스트는... ㅠ 오토뷰 골수 구독자로서 걱정이 되어 댓글 남겨봅니다.,4
463,ㅋㅋㅋㅋ 광고까지 볼보 퍼펙트,14
464,"S60.... 동급 최고의 안전성과 실내 공간을 자랑하죠~그랜져,K7 급 뒷자리 수준이라 놀랬습니다게다가 품질이나 차의 기본기 등 머하나 빠진게 없어요",6
465,ㅋㅋ연예인은 앞 순번 빼주고 할인도 해준다는 멋진 회사아닙니까ㅎㅎ,41
466,한달에 300대 들여와놓고완판!! 대기8개월!! 없어서 못판다...이난리는 안했으면,10
467,자동차 리뷰계의 백종원 ㅎㅎ,1
468,기다리다 지친다ㅋㅋㅋㅋ,5
469,"볼보 시승기는 왜 찍는걸까요...없어서 살수가 없는 차인데...가죽의 퀄리티,음향이 특히 기대 되는 차...",2
470,전륜기반인데 레이아웃은 후륜구동처럼 생김,1
471,단점  : 몇달을 기다릴지 기약도 없음,4
472,S60: Made in USA,2
473,기다리다 지치면 땡벌인데....,4
474,정작 사고나면 판다는 그차...,4
475,S60은 B6 안나오려나요...,6
476,안녕하세용^^화이트 인스크립션 계약한지 3일차 볼린이예용ㅎㅎㅎ얼른 차 나와서 댓글 달고싶어요😆😆10개월.... 대기랍니다 ㅜㅜ,1
477,선따봉후 ~~~~ 시청합니다 ㅎㅎㅎ,3
478,"컴팩트 세그먼트중 크고 넓은편, 안전한 볼보 신뢰성, 고급스러운 실내소재 다 좋은데 가격 너무 비싸고(프로모션 없는관계로) 출고 너무 오래 기다리고(6개월에서 1년?) 정숙성과 진동(N.V.H)은 그닥 별로, 연비도 별로, 마지막으로 볼보라는 브랜드가 독일3사 수준엔 못미치는 한계. 결론적으로 인스크립션 5천 4백 주고 사느니 한 등급 위지만 프로모션으로 같은가격의 A6 전륜 기본 사는데 한표.",1
479,키 184인데...타기불편할까요?,1
480,인도 받을때 되면 신형 나오겠네..... 볼보가 뭐라고... 😔,16
481,ㅎㅎ잘보겠습니다,3
482,형 잘볼께~♡ 선추천 인거 알쥬?,4
483,뒷자리 안접히는건 거 너무 한거 아니냐고,2
484,차는좋은데 실내가너무좁음 아반떼보다작아 ㅡㅡ,1
485,😁😁😁😁😁오토뷰👍😆😆😆😆😆,4
486,리뷰 와꾸는 역시 오토뷰,3
487,1년걸린대서 k8 하브계약햇다능..,2
488,볼보차를 물고 뜯는게 많은거보니 잘 팔리고 있나보네요.,6
489,잠시 후 함께 ~~~~~~~~~~~~~~~~~~~~~~~~~~~~~~~~~~~~~~~~~~~~~~~10000년 뒤 느껴보시겠습니다.,2
490,넘버원,1
491,이정도 멘트는 첨인듯... 살만하다 ㅋ,3
492,괜찮은데? 했다가 가격보고서 다시 생각해보면520i 사지 s60 살 이유는 딱히...,6
493,저거 살 돈으로 BMW 3시리즈 같은거 사거나 제네시스 G70 같은거 사야지,1
494,2:002:002:00,1
495,이제 공도에서 난폭운전 그만!,1
496,볼보 신차들 오디오에 일명 '퍽소리'라는 폭발음 같은 하자 있습니다. 아직 제대로 해결안된 상태이고요. 요즘은 사소한 결함 없는차 찾기가 더 힘든듯합니다.  아우디경우 a6시동꺼짐문제 아직해결못했구요. 1년반 정도 전에  6.5세대 머스탱을 구매하고 이런저런 잔고장으로 1년동안 센터를 거의 8회 정도 방문했습니다. 물론 오토뷰에서 다루어주신대로 차 자체는 좋으나 자잘한 품질문제는 여전히 소비자가 그대로 안고가야하는것 같네요. 시동꺼짐이나 화재같은 결함이라면 더 심각한 문제이고요. 그런점에서 오토뷰에서는 BMW화재이후에 나오는 신모델들에 대해서 어떻게 생각하는지 궁금합니다. 노후차량이지만 급발진인정된 사례도하나있고요. 디자인과 옵션구성이 좋고 타브랜드에 비해 프로모션이커서 구매할까 하다가도 불과 몇년전 떠들석했던 화재나 급발진으로부터 신모델들은  안전할까하는 생각에 구매가 망설여지네요.,4
497,우와~ 13분전인데... 댓글들이...ㅎㅎ,11
498,땡벌,2
499,제네시스 6천에 살래? 볼보 7천에 살래?답은 정해졌지?? ㅁㅊ놈의 현기차 가격..,3
500,오 11분전!!,2
501,1빠요^^,1
502,하지만 made in china,1
503,Msde  in china  인가요?,3
504,ㄴ,2
505,항상 느끼지만 리뷰가 정말 밋밋하군요. 협찬 냄새가 너무 강하십니다. 시청자를 상대로 너무 밋밋하게 그러지 마세요. 시청자가 호구입니까. 간혹 직설적인 표현도 하셔야지요너무하십니다. 솔직히 볼보가 찹니까?,2
506,오토뷰 지지합니다하지만  전 중국차는  안살듯 합니다,3
507,볼보 중국차 아님?,1
508,중국차,10
509,중국차. 중국감성,8
510,좋은 리뷰 감사합니다 차 바꾸고 싶어서 영상 잘봤습니다~,4
511,볼보는 차가 무거워서 운동성능이나 연비가 좋을 수가 없어요. 대신 안전성으로 승부하죠.,1
512,B5 출고1개월차 오너입니다. 장단점은.. 가속 및 전륜치고 운동성좋고 인테리어와 오디오 시스템. 편안함이있겠고 비슷한 가격대에 수입차대비 옵션..단점은 이중접합유리가 아니여서 고속주행에서 외부소음.. 아스팔트가 아닌 도로 콘크리트에서의 하부소음. 볼보 온콜부재. 그리고 출퇴근 60KM정도에 외곽도로 80% 시내주행 20% 기준으로 14이상 나옴.. 어떻게 운전을하셨길래 저리 연비가 안나올까? 생각해봄,8
513,고속도롤주행했는데 복합연비가 저정도수준밖에 안되는건 의아하네요,8
514,S60 계약하고 대기중에 있습니다. 희소성및 카푸어들이 타는 차가 아니라는 생각에 선택했는데 연비도 부담인데 고급유까지 넣어야돼서 좀 부담스럽네요.,17
515,도심에서는 연비가 평균 10.3 나오고 있습니다,1
516,잘 보고 갑니다!,2
517,센타페시아  공조장치가  다이얼과  버튼식이  없어  후회됩니다. 주행할때 모니터 조작이  넘  불편한  오너입니다.,3
518,가끔 이영상 저영상 여러 유튜브보면 항상 느끼는데 패들시프트를 부재나 크기 위치 운운하던데 막상 패들시프트 주변에 쓰는 사람 별로 없음..,7
519,s60 가격대비 옵션이나 공간등 괜찮아서 관심 가지는 차종중에 하난데 볼보 서비스센터 수준이나 유지비 많이 들까요?현재 그랜저ig타고 있습니다.,2
520,솔직히 독일삼사  차량들이 너무 흔하다보니  볼보차를 보면 꽤 신기합니다.. 안전의 볼보..카시트의 끝판..뭔가 묵직한 이미지가 참 좋은데..국내에선 마케팅이 좀 ...볼보차 오너들 존경스럽습니다.중고가.브랜드네임  따위 신경안쓰고오직.  안전과  자신의 만족감 으로구매해 타시는것이 상남자 같습니다.아주 특별하지도 않고아주 허접하지도 않고너무 튀지도 않고그저.. 기본에 충실한 차...볼보가 더 흥하기를 기대합니다.,10
521,v60 보고 왔는데 s60이 쏘나타급은 된다고 하시는데ㅠㅠ v60은 쏘나타보단 작은건 인정하신다고 하셨거든요?? 어떻게 받아들여야할까요? 보기엔 v60이 더 커보이거든요..,3
522,꼭 고급유 넣어야 하나요 ? 이달에 차 나오는데.,6
523,"S90 시승했습니다  바닥소음...불편하면또...볼보 오디오 시스템  조은평가하지만전 시승때 노면소음 과 오디오스템 동시에하니가 전불편 했습니다 또..,네비 에서도 불편하더군요..??저두 90대기자입니다  취소생각중입니다..!",4
524,굿,1
525,가격이 너무 비싸.,2
526,ㅋㅋㅋ8개월되가는데.차가안나옴 ㅋㅋㅋㅋㅋ앰병 ㅜ,5
527,"안녕하세요! 해당영상의 차주입니다! :) 우선 와이프의 출산기념으로 구입한 의미있는 자동차가 영상에 담겨 기쁩니다.250마리의 말이라…ㅎㅎ..지금 생각해보니 엄청난 무리수를 던진것 같아 향후 파장이 걱정되지만 구독자 분들의 넓은 아량으로 이해해 주시기 바랍니다.비록 인터뷰 당시 횡설수설 하였지만 서우토반님의 세심한배려 덕분에 매우 편안히 진행되었습니다. (뒷좌석 PD님 께서도 섬세한 인트로 촬영 및 편집 등 매우 고생 하셨습니다.)이외 못다한 자잘한 장단점을 붙임1. 로 추가하오니 차량선택에 있어 참고하시기 바랍니다.[붙임1. 못다한 자잘한 장단점]1)장점(1열) 메모리시트2, 핸들열선, 통풍 및 열선시트(2열) 열선시트, 통풍구4개(터치조작)(전기모터) 오토홀드후 출발시 매우 부드러움(주차) 주차시 후방 및 서라운드 카메라 화질 굳(기타) 뒷유리 햇빛가리게 있음(근데 수동임 ㅠㅠ), 네비 터치감 좋음2)단점아이들링시 아주 조금 디젤엔진 느낌(소리만) / 뒷좌석 폴딩안됨(22년식부터 된다고함)3)외 추가 정보전륜구동임 / 영상 초반부 트립상 실제연비는 고급유, only 컴포트 모드 기준임(매뉴얼상 고급유 권고) / 순정타이어는 콘티넨탈 프리미엄콘텍트6(235,40R,19인치)으로 썸머 타이어임(노면소음의 원인이라는 의견이 있음)이상입니다! 건강하세요! :)",146
528,"S60 시승시 실내 소음 유입 (풍절음+디젤이 아닌데 디젤같은 소음이 있더라구요) 이 거슬린거 빼고는 차급에 비해서 우수한 옵션 및 단정한 디자인으로 상당히 맘에 들었던 차량이었네요, 결국 타 차량으로 넘어가긴 했으나, 좋은 차량임에는 틀림 없습니다~ 좋은 영상 잘보고 갑니다.",22
529,"솔직히 S60은 볼보차종중에 좀 사기캐릭 같은 녀석이 아닌가 싶네요 스피커도 상당히 좋고 실내 인테리어가 이건 5천만원대에서 가장 고급스럽다고 해도 과언이 아닐 것 같습니다.V60,S90,XC 등 다양한 라인업들이 실내가 다 비슷비슷한데 그 와중에 제일 저렴하면서도 있을것 다 있고 고급스러운 S60이 갓성비가 아닌가 싶네요",31
530,2019년 11월식 S60 차주입니다.객관적이고 가감없는 평 100% 공감합니다.볼보는 모든 옵션이 기본이죠.특히 고속도로 주행은 정말 편합니다.고속도로 어댑티브 컨트롤 100~110km 주행시 연비 15km/l 나옵니다.단.페달을 사용하면 조금 떨어지더군요.단점 중에서 물건들고 트렁크 열림기능발을 휘젓고 해도 인식율 안좋아서 포기했습니다.어느 유투버님에 의하면 볼보차주 특징은카푸어가 없답니다. ㅎㅎ계약 이후 인도율이 높다고도 하고요.볼보 차주님들 정말 품위운전 하십니다.ㅎ장기간 대기외엔 전반적으로 괜찮은 차라고생각합니다.하차감 따위에 신경 안쓰시는 볼보선택차주님들 화이팅입니다 ~~^^,8
531,"진솔한 오너분의 경험담 잘 봤습니다. V60 CC타고있고 볼보 신형 모델들은 빠짐없이 다 시승해 봤지만(XC40, XC60, XC90, V90, S90, S60) 현행 볼보 모델들 디자인 비슷해 보여도 모델마다 주행특성이 아주 뚜렷하고 어떤 모델을 선택해도 후회 안하실겁니다. 그중에서도 개인적으로 주행특성은 S60 R-Design이 가장 맘에 들었던 기억입니다. 최근 독3사 신형 모델들도 왠만큼 타봤고 바로 전 차가 530e 였는데, 볼보 정말 만족도 높고 훌륭한 차량입니다.",13
532,차주분 정말 말씀잘하신다.. 볼보 이미지하고 너무 잘어울리고 단정해보여요 ㅎㅎ,84
533,영상 재밌게 봤습니다~ 차주분 차 설명 너무 재밌고 차분하게 잘하시네요!,9
534,볼보 S60 리뷰 잘 봤습니다!^^역대급이네요!ㅎㅎ 차주분 말씀 너무 잘 하시고 위트 있으시네요!ㅋㅋ차랑 잘 어울리시고 멋지십니다!!ㅋㅋ,15
535,같은차 출고받은지 5주정도 되었습니다. 출고받고 2주만에 주차장에 주차해놓은 제 차를 다른분이 박아서 앞범퍼를 수리 해야 하는데 범퍼 재고가 국내에 없어서 아직까지 기다리고 있습니다. 수리가 오~~~~래 걸리는거는 좀 단점인것 같아요. 나머지는 정말 만족스럽습니다.,7
536,차주분 표현이 굉장히 재밌네요ㅋㅋ오랜만에 신선한리뷰 재밌었습니다,17
537,"영상 너무 유익하게 잘 봤습니다. 340i 차주 입장에서 브랜드 이미지 측면에서 많은 부러움을 느낍니다ㅜ 패밀리카로 볼보suv도 고려 하는 중인데 근거 없는 낭설로 독3사 말고 다른 외제차는 수리, 서비스가 너무 안좋다는 이야기가 있는데 볼보 As는 어떤가요?",9
538,볼보 xc90 t8 차주로서 완전 공감하는 얘기입니다 솔직히 시승으로는 매력을 알수 없다고 생각해요 그냥 구매해서 타는 패밀리카 그리고 왠지모를 생기는 안정감때문에 오는 안전주행이 가장큰 장점이라고 생각합니다. 사람에 따라 다르겟지만 장점이 너무 많은 차량임은 분명합니다 재구매율 90프로 이상이라는 얘기가 왜인지 한번 사보면 알수있을꺼같습니다 다음차도 볼보 탈 생각입니다. 전기로 넘어간다면 폴스타 까지도 생각하고있습니다,5
539,"최근에 s60 시승하고 왔었는데, 거기 딜러분보다 말씀을 잘하시네요. 화술이 정말 좋으신듯 ㅎㅎ 차 진짜 이쁘고, 옵션 많고 차가 기대 이상으로 잘 나가더라구요. 근데 문제는 이상한데서 빠진 나사(리어시트폴딩 빠졌다가 최근에 넣었고, 이젠 전동 트렁크...)가격대비 하차감..무지막지한 대기시간(최고 인기색상 흰색은 잊고 살아야되고, 특수색상은 주문형태라 평생 안나올지도 모름)고급유 권장을 넘어서 거의 필수 셋팅(딜러들 조차 어쩔수 없다함)디스플레이 생김새 때문에 생기는 카플레이, 안드오토 해상도 ... (커스터마이징 따로 할 수 있다함)아, 오토홀드가 진짜 어떤 차든 너무 부자연스러워서  쓰레기 같은 옵션이라 생각했는데 볼보는 진짜 너무 자연스러워서 놀랐습니다 ㅎㅎ SUV 마려워서 비스꾸리한 가격의 xc40하고 비교해서 타봤는데 주행감 차이가 너무 나서.. s60이 압도적.현실은 s60 R-Design 150대 한정판매 3시간만에 다 팔렸고, 그 분들 4월 이내 전부 출고될거라고 하네요 ㅎㅎ전 바워스앤윌킨스 포기하는게 맞나.. 라는 생각에 R-Design은 일단 걸렀습니다.",5
540,"공감합니다. 볼보는 매너운전 전통을 이어가는데 벤츠, 비엠, 아우디는 계속 클래스를 깍아내려가고 있죠.",12
541,와 차주분 섭외 대박!!역대급 !!,19
542,시승해봤을때 브레이크가 굉장히 민감해서 적응이 필요했었음..,6
543,감성적인 장점 멘트도 있지만 가감없는 장단점에 대한 멘트는 아이들 차에 대한 구입에 있어 큰 영향을 끼칠듯 하네요. 감사합니다,3
544,차주분이 말씀도 조리있게 위트있게 잘하시네요! 따로 유튜브 활동 하셔도될듯..ㅎㅎ 볼보 정보 감사합니다.,5
545,"차가 주는 좋은 이미지, 무시할 수 없죠 볼보의 품격 차주의 품격 항상 노력중",1
546,세컨카도 있으시거나 출고할일 있으시면 꼭 또 출연해주세요 ㅎㅎ 리뷰 차분하고 재밌는게 꼭 예전 폭스바겐 아테온 차주님 보던 기분이네요,6
547,차랑 차주분이랑 잘 어울리는 느낌이네요! 안전운전 하세요!!,15
548,"말씀 정말 잘하십니다. S90 B6, e350 av, 530i xd msp 대기 중인데, 이 영상 덕분에 볼보로 마음이 많이 기울었네요.",5
549,이 리뷰는 두 번 째 보는데  개인적으로 서우토반 채널 탑3 안에 드는 것 같습니다 ㅎㅎ재밌고 유익해요,3
550,차주분 목소리도 좋으시고 비유도 재밌게 잘 하시네요.재밌게 잘 듣고 갑니다 ㅋ,5
551,연말에도 열일 하시는 서우토반님 굿!,6
552,역대급 인터뷰네요. 말씀 진짜 잘하시고 서우토반 님이랑 합이!! 좋은 영상 감사합니다,3
553,차주분이 유투버 하시는 것도~~ 차분하게 리뷰 잘하시네요~,8
554,차주분 표현력 참 좋다,6
555,"인터뷰를 정말 편하게 하는ㅎㅎ 리뷰를 보면 서우토반님이 말은 거의 안하시는게 좀 아쉬운데, 맨 마지막쯤에 좀 더 전문적인 식견으로 일반인의 리뷰를 평가해주고 구독자들에게 추가 정보를 주는 노력을 하면 더 좋을 것 같네요.",3
556,차주분이 거의 볼보시네요..참 갖고싶은 차에요ㅎㅎ,16
557,버벅이는 미션과 수리요금만 제외하면 아주 훌륭한 차라고 하더라구요,12
558,차주분 머하시는분이신지 몰겠지만.. 리뷰가 정말귀에 쏙쏙 들어오네요🤭😏 구독 좋아요 누르고  갑니다!👍🚘,11
559,차주분 말한마디 한마디에 품격이 느껴지네요 젠틀해요,3
560,가장 큰 단점은 인포테인먼트 시스템 최신식 아니라 t map 적용 안된거랑 전동트렁크 승차감정도..,11
561,서우토반에서 처음으로 제가 전부 다 아는길이 나와서 신기합니다 집앞나온게 소름이네요 ㄷㄷ,7
562,조곤조곤 하니 고급지고 재밌게 말씀 잘 하시네요 ^^영상 잘 봤습니다!^^,3
563,차주분 차분하게 말씀 잘하신다 ~~,11
564,사고는 싶은데.. 수리비가 폭탄 이라길래 무서움.. s60 사는 오너분들은 대부분 직장인들이 많이 살텐데 유지비 생각안하고 살순 없겠죠.. 보증 끝나거나 사고 났다하면..ㅎㄷㄷ,4
565,말씀을 너무 조근조근 잘하셔서 귀에 쏙쏙 박혓습니다 ^~^,15
566,차주분 말씀 짱 잘하시네요!!,4
567,진짜 볼보는 안전 !! 잡소리도 없는거 진짜 펙트인가요 ㅜ 제 스팅어는 이제 썬루프에서 소리가 납니다 ㅋㅋㅋㅋㅋ,6
568,차주분 중간중간 위트가 기가막히네요 재밌게 잘 보고갑니다!,8
569,진짜 너무 갖고 싶은 차 ㅜㅜ,3
570,볼보를 대기 4개월만에 받으시다니 ㄷㄷㄷ,4
571,오 울집 근처 예술의 전당이다 ㅋㅋㅋ 서우토반에서 청주 나오니까 신기하고 반갑네요 ㅎ,10
572,"볼보는.. 모든거 다 차치하고.. 진짜 편하고 질 좋은 가죽시트, bowers&wilkins 오디오로 만족하겠단 마인드로 사시면 됩니다.",2
573,훈남 차주분이 말을 너무 잘하시네요 ㅎㅎ 잘봤습니다,4
574,차 너무 멋있네요!,6
575,항상 인트로 잼나게 내용도 잼나게 보고 있어요 ㅎㅎ 볼보 사고 싶은데 역시 대기가 ㅎㅎ,1
576,차주분이 차와 잘 어울리는듯한 느낌이에요~,11
577,여기 나오는 분들은모두 언변이 출중하시네요.매번 정말 프로들만 출연하시는거 같습니다.잘 보았습니다.,6
578,차주분 전문가네요혹시 볼보코리아 홍보사원?유투버보다 인터뷰어가 말씀을 더 잘하시네정말 말씀 잘 하시네요멋지세요 차주분,14
579,내연기관 중에서는 볼보가 안전하긴하지만 전기차한테는 안전도 못비비더라구요 미국 오버랩테스트보니까펙트는 볼보는 미국 유럽에서 160km이상 못달리게 리밋걸어놓음이게 사망율 75퍼센트나 줄여준다고함테슬라 모델3가  올등급 4.9점 받았는데 볼보 s60 4.1점 s90 3.9점 테스트 방식바꾸자말자 완전 나락가던데오히려 일본차량들이 더높았음 볼보보다;; 낭떠러지나 2톤이상 트럭에치이면 그대로 빠개짐 즉 a필러에만 신경쓰고 나머지 빗겨지치기는 일본차보다 못함 안전성도 옛말임;,11
580,차주님 어떤 일을 하시는지 몰라도 달변가시네 ㅋㅋㅋ,3
581,특히 볼보는 보증기간 끝나면 독3사 보다 더 수리비가 많다는건 사실이죠.자금여유 되시는 분이야.. 뭐 패스~,9
582,차주분 표현 하시는게 참 귀엽?네요ㅋㅋㅋㅋ 아직 뚜벅이인 제게는 드림카 중에 하나죠 볼보...,7
583,차주가 말을 왜케잘해ㅋㅋㅋ 방송인인줄잘봣습니다,8
584,저두 청주요!! S60계약하구 차량 기다리고 있어요!! 자세한 설명 감사해요^^,2
585,항상 응원하고 있습니다.!,5
586,차주 분 목소리랑 표현력 때문에 끝까지 다 봤네요ㄷㄷㄷ,5
587,말 잘하시는 분들만 인터뷰 하시는거 같은 ㄷㄷ대부분 차주분들이 말을 엄청 잘하시네요,2
588,말씀을 정말 조리있게 잘하시네요ㅋㅋ,3
589,10년만 젊었어도 샀을차 ㅎ,6
590,아니 차주님 이미지가 진짜 인간볼보시네 ㄹㅇ,6
591,동급 다 시승해보세요 c클도 이번 풀체인지 6천 넘던데 실내나감 s60 비교해 개판입니다 오디오는 말할것도 없고 시트도 s60이 우월합니다 단하나 단점은 전륜이란것인데 풍부한 옵션이 이것마저 해결해줍니다 마력으로 따지면 비교대상은 320이 아닌 330입니다,1
592,6:13 현대차 타는데 현대차는 풀브레이킹 때리면 차선 유지 장치 켜지고 차가 좀 많이 흔들리는데 부럽네요,9
593,자막이 있어서 소리줄여놓고 사무실에서 일하면서 보기 좋으네,3
594,요즘 국산차량 안전장치도 볼보에 절대 빠지지 않죠.ㅎ볼보 보증끝나면 알죠...?? 수리비 폭탄.,12
595,멘트들이 주옥같네요 입사 합격드립니다,3
596,이분 이차팔고 s90다시 사셔서 리뷰해줬으면 좋겠습니다♡,8
597,다음 차주인터뷰는 PD님이? 서형은 뒷자리에서 카메라 삼각대 잡으시고 ㅋㅋㅋㅋ,3
598,말진짜 조리있게 잘하네 ㅋㅋ 유튜버해야할듯 더잘하네 비유같은걸 ㅋㅋㅋ,2
599,인생은 차주처럼,8
600,250 마력 35 토크 4기통.... 개인적으로 실내외 디자인도 크게 끌리는 부분도 없고 할인 단 1원도 없고 대기기간 끝이 없는 이 차량 과연 어떤 매력이 있는건지... 저는 전혀 다가오질 않네요 리뷰는 잘 보았습니다,6
601,오늘딱 시승해보니..전체 데시보드등등 가죽마감 ☆☆☆☆☆스피커 ☆☆☆☆마사지시트 운전석 조수석 ☆☆뒷좌석 개넓음 ☆☆☆☆☆단점 천장플라스틱 싼마이 손잡이며운전석 무릅석 콘솔박스밑으로 싼마이 부직포등으로 올매듭리얼우드까진 상당히 보기좋으나밑으론 역시 전체적인 플라스틱 도배피제로타이어장착이라 모르지만바닥잔진동 소음있지만 조용한편단점..수리비용..일단 연료필터주변 누유나 하우징부품 교체하려면 수리비 각오해야함앞범퍼 하단안개등 브라켓 크롬만 깨져도일단 수리조립 공임비 국산차 거의세배급머플러주변 하단부 모서리라도 찍히는 날엔극한한 수리비용채감 ㅋㅋㅋㅋ조립공정 제법 까다로워서 진짜 차가 단단하게 쪼아놓았는데 단단하긴 기똥찹니다 ㅋㅋ,4
602,15:37 칼 답변ㅋㅋㅋㅋㅋㅋㅋㅋㅋ 대반전,2
603,진짜 10만 가야댑니다~,5
604,S90 b5인스크립션 엊그제 계약했는데 아마 1년 이상 걸리겠죠 ㅠㅠ,1
605,아저씨가차타고 엄청 감동적이었나 보네왜캐 감성적이야ㅋㅋㅋㅋㅋㅋㅋㅋㅋ,2
606,오늘 회사 근처에서 본 S60이 이 차였나 ㅋㅋㅋ,1
607,무심코 지나 가다가 우연히 저를 만나신 모든 분들이 아프지 않고 좋은 일만 가득 하시길 바랍니다. 학업 취업 연애 사업 재물 건강 모든 일이 잘 되실겁니다.💖항상 다 같이 행복해요💖💚💙💛,3
608,같은차타다 g바디페리된520i로 기변했는데 비엠이 훨씬더좋음 ㅋㅋㅋ5시리즈중 젤핫바리타는데도 이정도인데 540i은 어떨지 궁금함,3
609,인정 ㅜㅜ 인트로맛집이에요!!,3
610,하이패스는 기본으로 있나요?,3
611,볼보 고장이 다른차에 비해서 자주 있다던데. 맞는것 같나요?,2
612,250마력으로 ㅋㅋㅋㅋㅋㅋㅋㅋ 빵터졌습니다 ㅎㅎ600마력 넘어가는차 태우고 싶네요 ㅎㅎㅎㅎㅎ,4
613,노래 너무 좋아요,2
614,차 정말 이쁘네요 휴....,2
615,작년에 s60 알아봤는데 몇백만 보태면 520i 가격 이더라... 요즘 프로모션은 어떤지 모르겠는데 솔직히 굳이 볼보로 갈 이유가 없음...,20
616,아기가 크거나 둘째 생기시면 바로 기변 하실듯요 ^^청주 시민이라 반가웟네요근대 직업이 아나운서 신가요 ㅎㅎㅎㅎ,5
617,딱 하나 아쉬운게 있다면.......5400만원 배당 5~9% 주는 주식에 넣어놓고 60개월 할부 때리시지.....더 극단적으로는 삼전이 2% 배당주니까 5년 넣어두었을때 배당금은 적지만 5년후 삼전은 1.5배 가있을수도... 2배까진 무리라고 보고요 ㅋㅋ,1
618,주행 보조 기능은 BMW 보다 훨 낫습니다,1
619,팩트만 전달합니다ㅎ250 마력 35.7토크로 bmw 530i와 비슷한 수치B5 제로백 7.2초(오토뷰 기준)bmw 530i 6초 초반말리부 2.0 터보 6초 중반판단은 여러분의 몫ㅎ,13
620,차주가 말 재미있게하네요,4
621,추가 장점 보증 5년이라는거 3시리즈는 2년입니다 소모품 또한 볼보는 횟수에 맞춰 차주가 하고 싶을때 할수 있는 반면 bmw bsi는 그지 같은게 2만키로에 한번임 ㅋㅋㅋㅋ 이거 지키다 차 개판나도 보증 끝나면 책임 안짐 누가봐도 1만에 한번 하는게 맞는데 지들이 돈 쓰기 싫으니 2만에 한번 ㅋㅋㅋㅋ,2
622,말씀을 참 잘하시네요,4
623,차주분 고소득자 분위기 나요,4
624,혹시 카드 저도 빠졌는데ㅜㅠ 꺼내는법 자세하게 알려주실수 있나요? 무릎쪽에 똑딱이 못찾겠어요ㅠ,2
625,오잉? 6천이 안된다고? ㄷㄷ,1
626,꾸밈있는 말씀 잘 들었습니다 ㅎㅎㅎ스웨덴에서 오신줄,1
627,7:00 저거 스피커 옵션 바꿀수 있지 않아요 ? 더 좋은걸로 ? 아닌가...k8인가...,2
628,"근데.잘 모르겠습니다...전 세계적으로 많이 팔리는.브렌드들은 뭔가 이유가 있지 않을 까요,?",1
629,청주예술의 전당이군요,3
630,애초에 벤비아급 차량이 아닌데 차주분 왜자꾸 벤비아랑 비교하시지,1
631,잡소리는 아니지만 주행소음이 상당하네요 타이어때문인가...,4
632,국산차로 비교하면 그랜저IG 급인가요?,3
633,거품심한메이커 볼보 애프터마켓 ㅈ망이라 수리비 폭탄에 심지어 부품수급도 안됨  차라리 독삼사가 나음,9
634,어린 모카김한용 아저씨 같은 이미지네요,5
635,As는 어떤가요?,1
636,힘 숨 찐 좋아요^^,2
637,차주 시인인가요??,6
638,"집에 S60 B5 있어서 한번씩 타는데 제가 느낀점을 이것저것 적어보자면  연비는 절대 좋은편 아니고 오히려 국산차만도 못하거나 비슷한 수준이구여 (그나마 마일드 하이브리드로 바껴서 저정도고 이전 T5때는 동급 최악수준) 달리는것도 그냥 출력만큼 나가여. 엔진소음은 디젤 뺨때리고 냉간시엔 디젤보다 더 큽니다. 현대 초기 GDi 엔진같아여....처음엔 엔진 문제있는줄....그리고 차 덩치에 비해 트렁크 좁은편이고, 전륜이지만 뒷좌석도 그리 넓지 않구여, 후륜서스펜션 리프스프링이라 그런건지 뭔지 승차감도 그냥 그래여. (대신 동급 유일 전륜 더블위시본). 고속에서는 이중접합도 아니고 사이드미러가 넓찍해서 풍절음도 심합니다 (90~100 이후부터).  그리고 디스플레이에 애플 카플레이 연결해도 네비가 절반밖에 안떠서 휴대폰보다 작아여(22년형부턴 T맵 기본탑재)장점이라면 일단 디자인... 이건 이견이 있을수가 없음. 그리고 시트 착좌감만큼은 앞, 뒤 할거없이 다 좋구여 동급유일 앞좌석 마사지시트 들어갑니다. 오디오는 그냥 생태계 교란종일만큼 좋은거 다 아는 사실이고..추가로 주행 관련해서, 탄력이 많이 붙었을때 회생제동을 하는데 이게 뒤에서 억지로 잡아 끌듯이 울컥거릴정도로 불쾌하고 꽤나 이질감이 있더라구여. 주행보조는 차로 중앙유지 아니고 이탈보조만 해주구여 5400짜리 말고 기본형은 4800이니까 옵션사양 보고, 시승도 꼭 해보고 신중하게 선택하세요. 볼보가 재구매 선호도가 최고라고는 하는데 목적이나 주행환경에 따라선 비싸기만한 이도저도 아닌 차 이기도합니다",4
639,ㅋㅋ볼보 이미지...ㅋㅋㅋㅋ,1
640,"S60 그돈씨 A6, 520i",1
641,볼보타는 사람들은 모두 얌전히 탄다? xc60이 내앞에서 신호위반하는건..?!,1
642,s60은 아반떼,1
643,얘도 아리아 업데이트 됐나요?,2
644,개취지만 볼보는 진짜 모르겠다..,2
645,저거 살라다가 돈부족해서 더뉴말리부삿는데,1
646,참..ㅎㅎㅎ,1
647,"자 차 뽕 맞으신듯... ㅋㅋ 감성적 부분이나, 오디오 좋은건동의합니다.승차감 부분은 글쎄? 입니다.독3사로 넘어가시면 , 내가 타던차는  달구지 였네?  하실겁니다. 그리고  2년 기점으로  신차컨디션  급하강 할겁니다",2
648,딜러세요? ㅋㅋㅋ,2
649,"저런 중국차에 고급유 셋팅이라니,,,",1
650,ㅠㅠㅠ 근데 중국으로 넘어가서리..,1
651,ㅋㅋ 힘순찐이 아니라 걍 숨찐이죠 ㅋㅋㅋㅋㅋㅋㅋㅋㅋㅋㅋㅋㅋㅋ,8
652,엉덩이가 너무너무 안 이쁜게 제일 단점,1
653,안들어온건...집에들어오기싫어서...ㅋㅋㅋㅋㅋㅋㅋㅋㅋ,2
654,메이드인 중공,1
655,싼마이볼보,2
656,중국차?,1
657,확실히 사람마다 다르네요~ 저는 시승할 때 V60이랑 같이 해봤는데S60이 확실히 승차감이 좋더라고요~,7
658,아마 bmw 530; 하셧어도 대만족하셧을거에요 일단 모든차는 타봐야 알죠 호불호 ㅎㅎ,6
659,추카추카 저도 이번에 s90 b6예약 햇습니다...그런데 궁금한점은고급유만 넣어야 하는지 아님병행해서 ..아님 일반유를 넣어도 되는지 문의드립니다,4
660,"볼보 21 S60 b5 올해 1월 첫 출고 차량 오너입니다.10개월동안 만족도 최상장점 : 심플하면서 고급진 디자인(은근 육공은 희소해서 하차감 있습니다) 스피커 (바워스앤윌킨스 압도적) 시트 (영상 속 오너분도 말씀하셨다시피 장거리피로도, 허리부담 제로) 250마력 충분한 엔진출력 (공도 직발  포르쉐 당황시키기 일수)단점 : 풍절음과 노면소음 (이중접합 유리가 아니고 차체도 낮은편) 트렁크 수동 (한 번씩 열고닫을 때 아쉬울 때가) 약간의 터보렉 (쏘는 스타일은 아니지만 가끔 0.3초 정도? 오는 터보렉이 아쉴때가)치명적인 단점이 없이 장점이 더 큰 차량 입니다. 7개월 대기하고 출고했는데 기다린 보람이 있죠. 서울에서 육공은 지금까지 10대도 못 본 것 같아요. 그래서 더욱 좋다는.. ㅋㅋ볼보는 볼보를 타려는 사람만 탄다는 말이 맞는것 같습니다.",8
661,10개월 대기해 9월초에받은 차주입니당펄화이트에 화이트시트입니다밝고 너무 좋습니다😍안드로이트오X 앱깔아핸폰연결해 티X켜면 화면에짠 잘나옵니다거치대 필요없습니당전동트렁크는 달았습니다 럭셔리합니다 ㅎ시야때문에 왼쪽 백밀러도 교체했어요 ^^주차시 360 자동안뜨는거는 건의중이라니 곧 업글되겠죠?저는 차바꾸고 주차가 좀 어려워 360 눌러가며이용중입니다 😂자동으로 떴음 좋겠는 1인..주차시 블박안켜 차받고 2주만에 주차돼있는것을 누가 긁고 도망가서 ㅠㅠ깜쪽같이 수리는 했어요 😭주차시 블박X 고급유O저는 오디오 시트 디자인 안전 주행 뒷좌석 넓음 만족입니다음악 음질 최고입니다주로 혼자타지만  아이들태우기도 편합니다이쁘고 가성비좋아요저는 만족합니다😘,2
662,60. 흰색 계약 8개월대기중입니다3 5시리즈보다가 대기비슷. 옵션빠지고 이슈가 많아서 그냥 볼보했습니다,2
663,뭐든거든 다 자기 만족임 자기가 좋아하는거 사면 됨,1
664,궁금한게있는데요블랙박스가 주행중에만된다네요화재위험성이있다고요주차중 필요한데 이런건어떻게 해결해야할까요?,5
665,아니 잠깐만 볼보 트렁크 여는건 발대면 열리지않나?? volvo 에 o 밑에 발넣으면 열린다던데 볼보 트렁크 풋센서 있는걸로알고있습니다만,2
666,썬팅어떤건가요??,2
667,10개월 걸린다는건 차 값을 내고도 10개월을 기다린다는건가요?,3
668,여수가 좋아요? 순천이 좋아요?,2
669,웬만하면,3
