,comments,likes
0,담당자의 군더더기 없는 깔끔한 설명이 참 좋았습니다.개발자에게 직접들으니 자세해서 좋고 신뢰가 갑니다.정말 많이 발전했네요. 인포테인먼트 때문에라도 선택할 만한 차 인것 같아요.,76
1,"XC60 리뷰 잘봤습니다~ 모카에서 터보에 대한 공부를 먼저하고 이 리뷰를 보니 XC60 B5의 터보에 대해 말씀하시는 것이 더욱 잘 이해되네요^^  MY22 XC60 B5를 대기하다가 MY21 XC60 T8 PHEV로 바꾸었는데... 누구오토 인포테인먼트와 볼보온콜이 부럽긴 하더군요. 그래도 볼보 XC60이라는 것만으로도 정말 만족하며 타고 있습니다. 항상 믿고 보는 모카, 좋은 컨텐츠 만드시느라 고생 많으셨습니다. 잘봤습니다^^",3
2,처음으로 차 외관이 아닌 내부로 차 사고 싶다라고 생각이 들게 하다니 ㅋㅋㅋㅋ 와... 대박이네요 진짜 독일차가 아니라도 볼보라는 차가 이렇게 매력적으로 보일수가 있군요 ㅎㅎ,69
3,티맵이랑 같이 개발한건 진짜 좋네요 ㄷㄷ 타사도 고려해볼만하네요,116
4,추가된 기능이 정말 대단하네요,7
5,볼보 B6의 경우 모터를 이용해서 터빈을 돌려 과급을 해주는 방식이라 하셨는데 그렇다면 해당 모델의 경우 통상적으로 생각하는 후열이라는 과정이 아예 생략이 되어도 지장 없을까요?... 아니면 모터로 인위적인 회전을 주기도 하고 기존의 배기압을 이용해서도 돌려주는지 궁금합니다~_~,2
6,제발 기존 볼보 차량에도 적용 시켜줘 ㅠㅠ,31
7,설명해주시는 분 너무 완벽하시네여!!,20
8,"개인적으로 ui나 보여주는 정보는 현기 순정네비가 젤 좋다 생각하지만, 티맵이 클러스터와 허드까지 연동되는건 진짜 신세계네요",2
9,영상속 볼보 인포테인먼트 담당자가 아주 인상적이네요 ㅎㅎ 말도 너무 잘하시고 능력이 상당하실듯,12
10,저는 국산내비도 길안내가 정확하지않은거 같아서 항상 티맵쓰는데 기본으로 장착되었다 하니 볼보 좋네요,10
11,재규어 랜드로버도 티맵 순정으로 들어갔고 lg가 만든 ux가 들어갔는데 비교해보면 좋을 것 같네요. 확실한건 아니지만 제가 알기로 재규어 랜드로버는 음성인식 인공지능의 애칭을 직접 정할 수도 있었던 것 같은데.,5
12,폴스타 모델도 출시시작하면 점유율 더 높아지겠군요 상품성이 아주그냥.. 대박,4
13,"이래서 모카를보게되지. 바뀐점 완전 시각화,청각화로 알려주니 좋네.",3
14,달라진 부분 콕 집어서 잘 보여주셨네요 잘보고 갑니다.,3
15,이미 오래전부터 팅커벨을 사용했었고.. 이번 순정 인포 업뎃도 칭찬할만 하지만 무엇보다 사제 안드로이드 올인원이 제가 볼땐 자유도면에서 한 수 위가 아닐까 싶네요.,5
16,네비 계기판 hud 연동이 T맵이라니....이것만으로 한국사람들 편의성 대박!,13
17,볼보 사고 싶다 ㅜㅜㅜㅜ,4
18,"정말 다른 리뷰와 차별이 되네요, 억지로 혼자 다 설명하지 않고 전문가를 통해 구석구석 숨겨진 보물을 찾는 느낌입니다. 거기에 감초같은 아재 코멘트로 나도 모르게 피식피식 하고있는.. ㅎㅎ 건강 잘 챙기시고 꼭 회복하세요~^^ 언젠가 꼭 뵙고싶네요^^",10
19,기존 차량에도 좀 적용해주세요..ㅠ.ㅠ,4
20,여윽시 모카 화이팅 입니다 👍,7
21,진짜 일반인이 타는 수준의 상용차를 기준으로 했을때 기술적으로 앞서가는 브랜드는 벤츠랑 볼보밖에 없고 나머지는 그냥 따라오기에 급급한 수준이라는게 항상 느껴진다,4
22,김기자님 시승기 기다리고 있었습니다~^^,2
23,이통사 점유율만 봐도 SKT가 1위인데 일부 SKT 고객들이 볼보 차량으로는 스마트폰과 같은 계정으로 동일하게 사용할 수 있다는 것만 생각해봐도 매우 편리해진 부분이죠,15
24,내실을 참 잘 다진 그런 차 같네요 ㄷㄷㄷ,3
25,목표가 xc60은 아니지만 다음차는 완전 내연기관차를 마지막으로 타고 그 다음차는 V90 크로스 컨트리 전기차가 나오면 꼭 타고 싶네요,2
26,미쳤네 ㅋㅋ진짜 좋다.,14
27,와 네비 구려서 폰달고 다니면 진짜 별로인데 와 너무좋다 사고싶어 ㅠㅠ,3
28,"시승 맛집 다운 영상이다~역시 모카스럽다~모카 명성에 이런 영상이면딱 좋지 않나 이런 생각이 듭니다~시승기 볼때 왜 다른 영상을 찾아요~우리꺼 보세요~이런 느낌인거죠~?ㅋ티맵 카카오 둘다 써보면 티맵이 훨씬 편함.속이 꽉찬 페이스리프트네요~외관만 보면 ""오빠~ 나 달라진거 없어?""이느낌인데,내실이 WOW~~속이 꽉찬 볼보~XC60~",8
29,실내가 좀 넓고 빨리 출고 되면 좋겠네요^^,2
30,이건 뭐 티맵의 문제만은 아니고 22년식  xc60 v90cc s90 받을 사람은 축복임  얼마나 많은 앱들이 업데이트될지 기대되네요,2
31,하뇽형님 영상은 좀 어떠신가요? 건강도 좋지만 영상 잘 챙기시길 바랍니다!!,3
32,17:10 이번 리뷰 드립 포인트이 좋은 인포테인먼트 시스템이XC90에는 23년형에나 탑재 된다니ㅠ,14
33,티맵 연동은 진짜 신의 한수인듯함다,2
34,수입차 인포테인먼트의 완성형이 나왔네요,4
35,볼보는 디자인이 참 안질리고 이쁘다,4
36,와 티맵 너무 좋다~~ 볼보는 모든차량에 일괄적으로 넣어주지 아싑;;,29
37,아 올해초에 볼보 샀는데 좀만 더 기다릴껄 그랬네요 대박이네요,3
38,"볼보 XC60의 인포테이먼트 시스템이 수입차는 물론 제네시스보다 좋으면 끝났네, 좋습니다.",9
39,아... 사고싶다..아 돈이 없다 ...,3
40,xc40차주인데 40이도 200프로 만족하지만 기변하고 싶은 욕구가 ㅋ ㅋ11:56 볼보의 새로운 기능 자동문,15
41,인포테인먼트로 볼보는 한국에 신경 쓴다는 느낌을 직관적으로 주네요.,16
42,다음달 xc40 인순데 인포 업댓보고 1년 더 기다리기로 했어요. 60도 추가로 계약했네요. 8개월 기다렸는데 1년 더 기다립니다.,3
43,직원분 목소리 엄청 차분하시네 그나저나 볼보 갖고싶다..ㅜㅜ영롱하던데,3
44,"하하하하 xc60 b5 b6 예약하고 7개월째 기다리고 있는데 뿌듯하네요. 예약할땐 ,T map이 내장된다고만 들었는데 이정도일줄이야... 기다린 보람이 있네요",5
45,모카의 애청 구독자입니다!볼보 S60 페이스리프트가 나온다고 알고있습니다. 기존 영상도 잘보았지만 한번 더 즐거운 영상 보여주셨으면 좋겠습니다항상 감사합니다!,1
46,김한용기자님 몸은 좀 어떠신가요?? 영상도 좋지만 건강 잘챙기시길 바랍니다^^,29
47,볼보 너무 좋다,4
48,좋은 방송 감사합니다,2
49,내비게이션에 Tmap 넣어준건 잘했는데 물량을 적게 들여와서 대기기간이 쓸때없이 길다는게 구매에 있어서 발목잡혀.,2
50,수입차에 티맵이라니… 너무 좋아요,3
51,르노도 티맵....인데..너무 다른세계...온도의 차이가 ㅠㅠ,6
52,기존 차량들에게는 업데이트 안해주겟죠??? 너무 좋은데 진짜,1
53,시승현장가서 연구원 혼내는 김기자님 ㅋㅋㅋㅋㅋㅋㅋㅋㅋ,3
54,V60 은 내년이나 돼야 넣어준다 고 하는데 기달리던 사람으로 맘미 아프네요,4
55,S60 페이스리프트에도 티맵+아리아 동일하게 적용되는건가요?,2
56,ㅋㅋㅋ 영상에서 파주날씨알려달라는데우리집 아리가 대답을하네요ㅋㅋㅋㅋ,7
57,많이 바라지도 않는다. 기존차량 안드로이드 오토 풀 화면이라도 해줘라.. 제발 제발..,5
58,김정수 연구원.. 역시 소문답게 능력있는 모습이군요…,42
59,올해 여름에 출고받은 차량들의 인포시스템은 당연히 업그레이드가 안되겠죠?,3
60,혹시 고속도로 크루즈 설정해서 주행 중에 과속카메라에 맞춰서 속도를 줄이는 것도 될까요? 현기차 처럼요.,2
61,'아리'로 알고 있다는 사람이 많다는 게 더 신기하네요ㅋㅋ,6
62,"그저께 쏘렌토 하이브리드 출고했습니다,,  인포 시스템이랑 네비보고 실망을 좀 많이했는데  너무 부럽습니다!  외제차가 국산보다 좋다니..............",3
63,아리아 t맵의 음석인식률은 아주 휼륭하지.,2
64,오늘은 시승기가 아니라 시맵기 느낌이네요 ㅎㅎ,4
65,인포테인먼트 담당자똘톨하네믿음이 가게 말 잘하네요,7
66,볼보 좋아하는 브랜드인데V60이나 Xc60 탐난다SKT고객이 아닌 사람은 살짝? 아쉬움이 잇네요ㅠㅡㅠ KT라서 원내비랑 지니도 최적화 해줬음 좋겟네요 ㅎㅎ,2
67,볼보는 안전이지!!!!,4
68,인포테이먼트 시스템이 대박이네요,4
69,탐스러워 보이네요.,2
70,아리아와 함께라면 졸음운전 할일은 없겠네요ㅎㅎ,2
71,S90 6개월째 대기중....다른걸로 갈아탈까했지만 아리아 보고 기다립니다ㅜㅜ,3
72,볼보 너무 사고 싶다 내 드림카는 XC40인데 아담한 차가 딱 좋아,3
73,이것때문에 다음차는 볼보다!!,3
74,‘아리’가 아닌 ‘아리아’라는 것은 진짜 충격….. 아리아야 였다니… ㄷ ㄷ ㄷ ㄷ,5
75,볼보는 현기랑생각이다르네 대박,13
76,개인적으로 t맵보다 현대기아 네비가 훨 좋은거같네요.,1
77,사고싶다,2
78,볼보 xc60과 제네시스gv70중 어떤차가 더 좋을까요?,2
79,티맵 연동때문에 사고 싶네,3
80,아리아케어키와 일반키를 같이 가지고 타면... 케어키가 활성화되니?,1
81,ㅋㅋㅋ..준비했습니다!!!센스 멘트!,2
82,카카오내비 진짜 오래 썼는데 갈수록 정말 별로임. 위치정보도 제대로 못잡아서 수시로 경로 이탈했다고  그러고 엉뚱한 경로로 안내하고. 티맵으로 갈아탔습니다.,6
83,결론: ZICO는 천재다,3
84,역시 볼보네요. 하지만 전 가격에 그냥 눙물만 …,3
85,네비는 현기 순정네비도 좋은데요.. HUD랑 호환성도 좋고 헤이카카오 사용하고 지니뮤직,5
86,볼보XC60혼자타기에는 좀 큰가요???,1
87,폴스타에도 들어가면 좋겠네요,1
88,티맵이 극적으로 점유율을 올린게 보험사와 제휴. 티맵 설치하고 사용시 보험료 10%할인 해줌. 이젠 안하지만.,1
89,레거시 업체들 인포테인먼트 .. 인공지능 음성 비서에 돈쓸 생각말고 OTA에 돈을 쓸 생각을 해야할듯 하네요 어차피 시리나 헤이구글이나 알렉사나 더 좋은 음성비서 주머니에 가지고 다니고 차타자마자 블투 연결하는데 .. 연동할 생각을 해야지.. 그걸 왜또 만들까 단가만 상승하고..,1
90,역시(모카) 가장 볼만한 내용이였습니다 ~,3
91,인포테인먼트의 중요성.,5
92,기존의 애플 카플레이도 그대로 적용되어 있나요?,2
93,너무 예쁜것 같아요…!,1
94,송풍구 디자인     ..  예전에  산타페나  그랜저도  저랫는데  길쭉한디자인,2
95,저희 집 아리아가 계속 반응해요 ㅋㅋㅋ,1
96,우째우째 살순있어도 고급유관리 못해줄러같움 ㅜ 이뿌네요,2
97,경로 연동 핸들 조작도 되는지요?,1
98,"2020 혹은 2021 모델, 즉 신형 나오기 직전 모델들은 위 시스템을 다는 아니더라도 어느 정도 업뎃을 같이 받을 수 있을까요?",1
99,우앙.내차다.차좋아용,3
100,이거 사려는데 지인들이 중국차라고 사지말라는데 그냥 제가 타고싶은 차 탈렵니다.,1
101,18:24 피디님 ㅋㅋㅋㅋㅋㅋ가시방석이네요,1
102,개스퍼 최고 ㅎㅎㅎㅎ,1
103,B5같은 경우에는 티맵 연동 시키고 앞열 통풍 기능을 뺐네요-_- 거기에 가격도 100만원정도 올리고...이러면 굳이 신형을 살 이유가 있나요,1
104,작년 XC40모델 몰고있는 차주인데서비스센터가서 T맵 설치해서 적용가능한가여?돈 들어도 좋으니 제발 ㅜㅜ,1
105,18:29 후진이 안되는 제어키라닠ㅋㅋㅋㅋㅋㅋㅋㅋㅋㅋㅋㅋㅋㅋㅋㅋㅋㅋㅋㅋㅋㅋㅋㅋㅋㅋㅋㅋㅋㅋㅋㅋㅋㅋㅋㅋ,19
106,LTE가 SK면 다른통신사를 이용하는경우 이용이 어려운건가요??,1
107,"HG차는 기능을 HG차의 니즈에 마추고, 볼보는 기능을 소비자의 니즈에 맞추네......야, 이게 진따지~~~, 사고시프라~~~~HG차 넌 저리가&&~~, 볼보 넌 이리와^^유유상종~~~~",1
108,"아리아는 영화 ""이글아이""에서 인간을 공격하는 AI의 이름.",1
109,인포에서 수입이 국산을 넘게되는건가. 좀있다 들어오는 폴스타에도 들어있으면 좋겠네요,3
110,아무노래 제목 진짜 잘지었네여~~,3
111,"저 티맵 말로 하는 기능은 옛날부터 다 되는거에요. 티맵없으면 운전 하기 싫을 정도지요. 그냥 구형 차에도 티맵이랑 블루투스로 스피커만 연결하면 운전중 경로변경, 목적지 변경, 라디오, 수수깨끼, 음량변경등 모두다 되요.  차 시동 걸자 마자 티맵 연결하는게 루틴입니다.",1
112,볼보 코리아 힘 썼네,5
113,주행모드를 다이나믹으로 해야 여름에 정차시 에어컨 나오는데 아쉽네요,1
114,기존 모델 차량도 업데이트 가능할런지요,1
115,티맵 켜놓고 가면서 영상 틀어놨는데 아리아할 때마다 자꾸 내 티맵이 대답한다..,1
116,빅스비부르는거보다는 100만배나음,3
117,5년 이후 lte요금은 어떻게 되는지 궁금하네요,1
118,크롬이 추가된것이 마치 중국 사람들이 좋아하는 삐까번쩍 크롬이 생각나네..,1
119,저 사고싶어요 선배님!,3
120,15:00??? : 이런 노래 알지도 못하는....클릭된 노래 : 난 알아요 - 서태지와 아이들절묘하다 ㅋㅋㅋㅋ,4
121,2열 리클라이닝 추가좀 해줬으면.....,1
122,아.... 이번영상 포인트는 마지막에 있네요... ㅋㅋ,1
123,선생님 저정도 음성인식은 국산 중형도 다 돼요;;,1
124,카플레이에 티맵도 같이 연동되는건지는 안나오네요.,1
125,한국은 구글을 쓸 수 없다는게 아직도 이해하기가 좀 어렵네요 볼보가 그에 맞춰서 티맵과 연동을 제대로 한것도 박수 받을만 하군요. 구글 제한 좀 없어지길 …,2
126,하지만 가격은 독3사 급이라구~,4
127,5년 이후 비용은 얼마나 되나요 ?,1
128,나중에 티맵 말고 다른 앱이 좋아지면 우쩔겨...???,1
129,티맵으로 자동차 전용도로와 고속도로 주행보조 가능 한가요?,1
130,전부터 느꼈던건데 bgm 볼륨을 목소리 크기에 비슷하게 하면 더 좋을 것 같아요 아무래도 1일 1영상이다 보니 이런 부분까진 어려울 수 있지만요,1
131,요즘 현기 내비 ... 암울합니다... 😑,2
132,건강보다는 영상 입니다.아차차...,2
133,근대 티맵 정말 자주쓰는대 아쉬운점은 음성인식이 좀 멍청합니다.,1
134,S90기약 했는데 t맵 가능한가요?,2
135,실내가 바뀐게 없네요. 너무 구식인데,2
136,뒤에따라오는 차는 컬러가 뭐죵??,2
137,고급유 넣어야하는게 좀 그렇네요 ㅠㅠ,1
138,기존 오너들에 대한 기존센서스 업데이트는 더이상 지원 안해준데요?,2
139,대기가 또 1년이 넘겠지,1
140,잘봤습니다.,1
141,xc60 영상에서 자꾸 아리야 하니 집에 아리가 반응해서.... 경로 설정하고 주유소 찾으면 가는 길에 있는 주유소 보여줍니다.,5
142,5252~~~~~믿고있었다구 볼보~~~~~~~~~~!!!!!!!!!,1
143,개인적으로 나는 독일차와 미국차 한국차 외엔 별 흥미를 느끼지않는다 볼보가 중국에팔린지 언제던가 스웨덴 브랜드면 실래가 가는데...Tmap 하나 달랑 선전하고 머하는 건지,1
144,다른수입차도할수있다는거네 이거보니 다른수입차들 정신차리자,1
145,11:30 저거 틀리앙 굴러간당에서 현기빠들이 전세계유일 현기제네만의 장점이라고 물고 빨아주던 기능인데...ㅋㅋㅋㅋㅋ,2
146,볼보 직원한테 피엘라벤 옷을 주네요.... 이것도 대기 일년인가요,4
147,티맵 기능인데 xc60 기능처럼 설명되는게 좀 거북하고 의아하네요. 저건 제 14년 된 차 블루투스에 연결해도 같은 기능인데......,1
148,고급유 추천 ㅋㅋㅋ,1
149,우리집 아리 난리났네요ㅎㅎ,1
150,볼보 담당자분 앞에서 내내 다소 비아냥거리시는 어조가 좋아보이지는 않습니다… 직원분 고생하셨겠네요.,2
151,애플뮤직도 해주면좋겠내요,1
152,ㄷㄷㄷㄷㄷㄷ,1
153,볼보보니g80이비싼거구나..,1
154,🤔 아... 요즘 티맵 경로 추천 쓰레기 같은데....,2
155,아...다른건 몰라도 실내 디자인이 너무 구려요..ㅠㅠ 20년전 국산차 감성의 실내.. 아아아아아아.. 도저히 극복이 안되네..ㅠㅠ,3
156,"모카 ""그 인간이 이 인간...""",1
157,케티쓰고 아이폰 쓰고 카카오맵 쓰고 있는데 볼보는 불편하겠네요. ㅋㅋㅋ,1
158,qm3도 아리 되는디?,1
159,티맵 좋긴한데차를 파는거냐몇년전부터 개발된 아리아를 파는거냐,1
160,현대 기아차가 차같지 않네   볼보보면,1
161,티맵 을 차에 심어놨네 ㅋㅋ,2
162,볼보는 판매하지도 않는 차를 출시행사까지? 계약하면 기약없는 차가 세상에 어딨음ㅋㅋ 어처구니야,2
163,1:37 꽃게무침 보다 꽃게개장인데ㅠ,1
164,99%모르는 ㅋㅋ  그거 생각나네요 한국사람 99%가 모르는 국민간식  아니 99%가 모르는데 어떻게 국민간식임???,1
165,오직(?) 한국만 구글의 행태에 이의를 제기하죠. 멋진 뇨속.,2
166,터널에선 안내 안되죠?,1
167,ㅋㅋㅋ 볼보는 광고는 엄청 때리면서 정작 차는 좀 심하다싶을 정도로 안들여옴,1
168,실제로 시승해보니까 확실히 알겠더라고요 오디오 시트  그 두가지는 정말 조은차라는걸요....... 근데 그 두가지외엔 머가 좋은지 왜 이걸 사야되는지 정말 모르겠더라고요. 가격이라도 좀 싸면 모를까,2
169,진짜 머리 잘썻다,2
170,8:10 내가 하고싶은말!!!ㅋㅋㅋㅋㅋㅋ,2
171,들어왔습니다. 형님..출근 해야 하는데..ㅠ,1
172,티맵 저거 5 년 지나면 유료 아니죠?,1
173,전장품은 현기 못따라옴.. 볼보 촌스러워보인다,1
174,와....아무노래..ㅋㅋㅋㅋ,2
175,인테리어가 너무 올드해서 좀 별로네요 50대가 타야할거같은 느낌..... 고급스러움을 올드함이 눌러버린 느낌 고풍스러운 느낌은 잘살린듯,1
176,신상 스마트폰인가요?,1
177,13:17 오 아리따운 여성분이~!,6
178,비교할것을 비교해야지 ㅋㅋㅋㅋ,2
179,소심한 편집장님 ㅋ,1
180,1:35 아리 밥도둑썰 ㅋㅋㅋㄱㅋㄱㅋㄱㅋ,8
181,그 브랜드네 리뷰 좋게안쓰면 불이익 준다고 협박하는..,1
182,XC90은 안되는것 같은데....  시간이 더 걸린다고 하던데.. .  어떻게 더 비싼차에 이런 기능을 안 넣는다는건지 왜 늦게 넣은건지 궁금합니다. 60이 주 판매용 이라고해도 고급볼보를 포기하는듯 해서.... 한국은  그냥 딱  60정도만 신경써서 만드는 회사. 한국 볼보는 경쟁사가 현기인것 같아 실망입니다..,1
183,한용옹이 날 불러주셨어..,2
184,9:04 썸네일,1
185,08:09 머리 때리는 줄,1
186,개쓰래기디자인 ㅋㅋㅋ앞만 미래지향적뒤는 무슨 코란도냨 ㅋㅋㅋㅋㅋ,1
187,2022 SM6리뷰 안하시나요?,2
188,1:29 섞은 아니고 썩은? ㅋㅋㅋㅋㅋㅋ,1
189,다 좋은데 한가지 흠은 이제 중국차라는거,1
190,우리 강쥐가 아리인데.....,1
191,한국에서 볼보 사는게 미국에서 제네시스 사는 느낌인가그들만의 럭셔리ㅋㅋㅋㅋ 아 그래도 볼보가 낫네 한국인들은 볼보를 저돈주고일년씩 기다리면서 줄서서 사고있으니까미국인들은 안속음ㅋㅋㅋ,2
192,아리는 옛날에 우리집 개이름  이였는데..,1
193,티맵이 다 만들어놓은거 뭔 볼보가 생색을 내는거여  볼보 중국 회사라 그런가티맵도 자기 꺼라고 우길듯,1
194,수입차 네비가 정말 후졌는데 볼보 대단하네. 그런데 차 생산국은 어디인가요? 중국제조인가요?무선인터넷은 평생무료?,1
195,초반은 너무 티맵 소개인거 같네요,1
196,모하비 말고 이거 살까..,1
197,"뒷좌석, 트렁크 왜 안 알려줌?",1
198,자본주의 질문들..,1
199,크롬 딜리트,2
200,김한요이 칭찬하는척 하면서 엄청 까는구나 ㅋㅋㅋ,2
201,아니... 왜...... 반성하고 있는데....... 자꾸...... 면박을 주고............ ㄲㄷ같은 말씀을 하세요~~~ 한용 삼촌!!!! 실망입니다!!!,1
202,볼보 중국기업에 인수되더니 뭔가 더 스마트해진듯…,2
203,혹시 중국의 카피 기술을 이용한 네비가 아닐까?  우리나라 현실에는 현기차들 네비가 월등히 좋은데 기술을 카피했을지도ㅋㅋㅋㅋ,2
204,말을 하지 못하는 장애인은 너무 우울해 지는군요.. ㅜ ㅜ,2
205,좀 못생겨진것같음.. 남성미가 덜해졌어,1
206,볼보차량은 정말 좋은건 모두가 아는 사실이고  고작 티맵하나 생겼다고 와 !! 대단하다 하는것도 좀 웃김 마치 아이폰00이 이제 c타입 충전선을 지원합니다 !!!  와 !!!! 이런거랑 같다고 느껴지네요 ㅋㅋㅋ 볼보 광고도 티맵이 됩니다 !! ㅋㅋ 하는것도 웃기고,1
207,👋,1
208,2,2
209,81,1
210,1,2
211,음...잠쉬 가격을 보고왔는데 .순간 갸우뚱 합니다...중국 생산 자동차인데 가격이 후들..요 가격이묜  독일 3사 suv로 가야.되껬꾼욥,2
212,사드얘기는 사과 안하시나요?,1
213,정말 훌륭한 회사 제품입니다 스웨덴에서 말아 먹은 거 시진핑 처남이 인수해서 휼륭하게 환골 탈퇴 했지요 우리나라 차야 중국에서 개차반 됐지만 무슨 상관입니까 시진핑 처남 잘 살게 하나씩 잘 뽑아 타죠 제품 사는데 애국이 밥먹여줍니까? 우리제품이야 팔리던 말던 중국제품 없으면 이나라가 돌아 가나요?,1
214,상기형의 시승기는 정말 퀄리티가 장난 아닙니다.형 시승기만 보면 차 사고 싶어요.너무나 잘 보고 갑니다.,11
215,"특출난 곳 없이 무난무난하게 괜찮은 중형 패밀리 suv 같은데, 국내에서는 인기가 어마무시하네요오늘도 정확하고 객관적인 시승기 잘 봤습니다 =)",5
216,연비가 안좋긴한데..... 그 외에는 정말 만족하며 타고 있습니다 ㅎㅎ,2
217,적당하다고 봅니다 브레이커가 좀더 컸으면 좋겠네요,1
218,고속주행 안정성을 비교해보고싶어 현재고민중인 xc60 x3 영상을 찾아보았는데요x3 시승영상에선 고속주행느낌 언급이 없으시더라구요! x3는 xc60에 비해서 고속주행느낌이 좋은편인가요?,1
219,22년식 xc60 오너입니다뒷자리 각도 조절 빠진거랑 드라이브 모드 빠진게 제일 단점 같네요.. 컴포트 모드 고정이라 순간가속이 필요한 시점에서 가속력이 안받쳐줍니다...,4
220,우와 볼보 신형 안에도 꺠끗하고 좋아보여요 오토프레스님 영상좋아요💖💖💖💖💖💖,2
221,이 정도면 볼보는 이 채널의 빌런이 아닐까...,8
222,내년5월쯤 출고기다리고 있습니다  무려 11개월 대기  내부 외부 디자인이 상상보다 훨씬 아름다워서 계약했습니다  음성명령도 기대가되네요  영상보니 반갑네요 ㅎ대신 가속력은 포기햇어요,1
223,항상 잘 보고있습니다!한상기님 gv70은 잘 타고 계신가요?저도 10월에 계약했는데 잘타고 계신지 궁금하네요^^,1
224,잘 봤습니다.GV70 (스포츠) VS V60CC VS XC60  어느 것에 마음이 더 가실까요?,13
225,시승기를 이제서야 보게되네요.,1
226,잘봤습니다. 어째 디스플레이 조작 메뉴구성이나 직관성이 기존보다 오히려 떨어지는 느낌이네요.,1
227,항상 잘보고있어요 ^^,1
228,"초기형 한달만에 받아서 4년운용 했었는데단점은 시트잡소리, 실내크롬까짐, 어댑티브라이트 작동시 전방 라이트 시야감소; 어라운드뷰 시점 뒷자리 시트 리클라이닝 x장점 이쁨, 동급대비 고급짐, 시트 마사지 통풍 전부지원, 반자율주행감 좋음 요정도 였었네요.내비가 개똥이었는데 좋아졌다니 다행이네요 내비 단속카메라도 한번 띵하고 말고 속도높아도 가만히 있는거 극혐이었습니다 ㅠ",2
229,관심있는 차종이네요. 잘 보겠습니다~기자님은 xc60(b5 ins) 과 v60cc pro중에서 선택을한다면 어떤차를 선택하실껀가요?그리고 혹시 bmw 3 투어링 시승기 계획은 없으신가요?,1
230,혹시 2열 승차감이 장거리시 어떨까요?,2
231,"반도체 이슈 이전에도 대기기간이 길었던 볼본데, 반도체 이슈랑 겹쳐서 인도까지 엄청난 시간이 걸리는건가요?",1
232,외관이 정장 입은 도시남 느낌이네요 ^^ 좋은 영상 잘봤습니다~~~,1
233,가격 좋네요,2
234,소리만 들어선 그냥 아주 평범한 4기통이네요,2
235,역시 믿고 봅니다! xc60 b5 인스크립션 모델과 x3 20i 패밀리카로 고민중입니다. 어느쪽에 손을 들어주실까요?,5
236,딱 사고싶긴한 차인데 대기가 오래걸림,2
237,볼보는 과연 프리미엄인가..,3
238,7:17 뒤에 차나 보행자있으면 제동하는것은 기존에도 있는것으로 알고있습니다,1
239,"기어레버 작동방식과 시동 버튼 작동방식을 설명하시면서 소리는 작동하는 그대로 들려주시는데, 화면은 그냥 생김새만 보여주는 화면이라 조금 아쉽습니다ㅎㅎ",2
240,도를 아십니까 같은 멘틐ㅋㅋㅋㅋㅋㅋ대표님 오늘도 잘보겠습니다!!,3
241,오 새로운 인트로군요ㅎㅎ잘보겠습니다 대표님:),1
242,"기다렸습니다,잘 보겠습니다!",1
243,이정도면 굉장한 혹평이네요 ㅋㅋㅋㅋㅋㅋ,9
244,어제 황희정승영당 갔었는데 못뵈서 너무 아쉽습니다 ㅋㅋ 담엔 꼭 기자님 촬영하실때 찾아갈게용ㅎ,2
245,볼보는 안전성으로,1
246,국산 4천대 차량이랑 비교해서 별차이가 없는 정도인가요? 승차감이나 주행질감이요,1
247,상기형님 아반떼 N 시승기 따로 또 올리실 계획은 없으신가요??,1
248,저(한상기)랑 '안맞는' 차 !! ㅋㅋㅋ 스웨덴 국경은 한상기를 내치지 말았어야 했다~~ ㅋㅋ,1
249,잘보겠습니다. 감사합니다,1
250,한상기님 믿고 고민하다 gv70 으루 갑니다!,4
251,상기형님의 GV70이 더 좋은거 같습니다.,5
252,송풍구 디자인에서 볼보가 보이는군요 아무튼 잘 봅니다 상기니뮤ㅠ,3
253,이 정도 가격의 suv가 2열 리클라이닝이안된다면... 이 차를 사는 이유가 과시용밖에 다른 이유가 딱히 있을까 싶네요...,6
254,혹시 권장 옥탄가는 어떻게 될까요??,1
255,상기형님 목소리 짱!,1
256,"XC60, BMW X3, 벤츠 GLC, GV70 중 사라고 하시면 어떤 것을 고르시겠는지요?",2
257,대기기간이 길다=인기가 좋다=차가 좋다이게 절대로 아님을 알려준 볼보.,5
258,느낌이 한상기님 자차가 더 낫다? ^^잘봤습니당 ~~ 수고하세요,1
259,19:45 한상기 코너,16
260,킹상기니뮤ㅠ,1
261,이제 볼보 싫다고 하지 않으셧나요ㅋㅋ,9
262,xc60 내부가 좀 변했네요,2
263,8분 34초에서 35초 편집실수인듯 .기어설명하면서 다른화면 넘김.말따로 그림따로.,1
264,색상이 실버던 맞나요?,1
265,고속도로에서 정속 주행을 선호하고 추월할때만 좀 밟는데 B5로 선택하면 주행하는데 불편함이 있을까요??,1
266,안살 이유가 없네요 ^^,1
267,이제 볼보에서 시승차 안주는거 아닌가요?ㅋㅋ 제조사들 쪼잔 하던데ㅋㅋ 좀 까이면 시승차 안주고 행사 초청도 끊어 버리고ㅋㅋ,4
268,유투브 딱 켜니 영상이 ㅎㅎ감사히 보겠습니다,1
269,5:58 한상기 무관심,41
270,대기 너무 길어요. 취소좀 해주세여 ㅋㅋ 1년 반 이야기 하더라고요.,1
271,그래서 시트 포지션이 높아서 좋다는 말인지 안좋다는 말인지?포지션이 높아서 고속주행시 안정감이 없다고 하면 될것을!또 스티어링휠이 고속주행시 가벼워서 어떻다는 것인지....정체성없이 왔다갔다 하는게 에휴,1
272,잘 보겠습니다.,1
273,요새 제네시스 가격 생각하면 이제 수입차 엄청 저렴하게 느껴지네 ㅋ,1
274,킹상기니뮤ㅠ,4
275,잘 보겠습니다,1
276,울렁거리는 편 인가요?,1
277,6:00 ㅋㅋㅋㅋ이거 독한 말 아님?,2
278,이건뭐 페리가 아니라 그냥 연식변경 수준 ㅋㅋㅋㅋㅋ볼보 얘네들도 엄청 울궈먹네 ㅋㅋㅋ,1
279,"""GV70 선에서 정리가능""",6
280,이것도 중국생산인가?,4
281,15:38 한상기 누구?,5
282,1등!!!!,1
283,3등!,2
284,킹상기니뮤ㅠ,4
285,"상당히 객관적으로 리뷰를 잘 해주셨네요~ MY21 XC60T8 현재 운용하며 경험한 상태에서 이 리뷰를 보니 그러한 객관성이 더욱 잘 느껴집니다.^^ 가감없이 상세하게 설명해주셔서 XC60을 고려하는 분들에게 많은 도움될것 같습니다. 장점만 있는 차는 없겠지만, 제 경우 요구사항에 가장 잘 부합하는 XC60이기에 만족하며 타고 있습니다^^좋은 컨텐츠 만드시느라 고생 많으셨습니다^^ 감사합니다~",1
286,"일년까지 기다릴만큼은 모르겠지만, 그래도 동급 경쟁차종들 사이에선 경쟁력있는것 같아요",21
287,2019년말 출고한 S60 T5 타는데 차는좋고 만족합니다. 특히 시트와 스피커는 최고입니다. 근데 다음 기변은 아우디나 BMW 생각중입니다... 대기도 워낙 긴데가 장점만큼 단점도 뚜렷하네요. ^^ 이번 티맵 기본탑재 페리모델들은 여기저기 문제점들이 제법 있다고 볼보카페에서 본것도 있고... XC60이 동급 SUV들중엔 확실히 비교우위는 있지만요.,6
288,잘봤어요 아리야 많이 안다뤄서 좋네요 어떤 영상에서는 주구장창 아리야만 나와서 지겹기도 했었거든요.보니까 말씀하신 단점들이 크게 단점은 아니네요 . 핸드폰 무선충전은 어느 회사나 충전속도나  발열있는것도 다 비슷해서 크게 단점이라고까지 느껴지진 않고  HUD도 핵심적인것만 보여주는게 오히려 좋은것 같아요.HUD의 중요한것은 정보보다는 시인성인것 같아요.어떤 브랜드 정말  HUD 보고 있으면 토할것 같은 느낌이 들기도 해요.너무 늦게 표시되는 문제도 있고 그래서 핵심 정보만 제대로 보여주는것이 더 낫다는 생각입니다.영상 잘 봤습니다.,13
289,요즘 정말 무선충전에 민감해하시더라구요ㅋㅋㅋㅋ 이런 단점 팩트 가감없이 보여주는 리뷰 너무 좋습니다👍 그럼 볼보 xc60은 안사는걸로ㅋㅋㅋ 못사지만;;,8
290,xc60 기다리면서 여태껏 유튜브에서 관련 영상 수없이 찾아봤는데 가장 유익한 영상이었습니다. 고맙습니다.,3
291,단점을 잘 꼬집어 주셨네요..  1년을 기다릴만한 차인가 .. 고민입니다.,2
292,혹시 차선중앙유지해주면서 핸들조향만 도와주는 기능만 킬수도있나요?? 반자율주행은 안키고요,2
293,XC60분명히 좋은 차이긴 한데 고민을 고민을 하다가 저는 결국 V60으로 계약을 하였어요~ XC60 이랑 V60이랑 부품사양들이 거의 동일 합거든요~ 즉 스펙은 또옥~ 같습니다. 엔진/연비/성능 뭐 거의 같아요..두 차의 차이는 세단이냐 SUV냐의 차이밖에 거의 없다고 보시면 됩니다.,6
294,"1년을 기다릴 가치가 있느냐... 일단 이 급의 패밀리 SUV 보는 아빠들은 상황이 다 비슷할 거에요.대충 맞벌이든 외벌이든 간신히 연봉 1억 언저리쯤 된 상태에서 아기 태어나고, 자가집 소유하고 있고 결혼전에 산 차량(아마도 세단)을 이젠 좀 가족지향적으로 바꿔봐야 겠다하는 사람들일거에요.물론 돈이 무한대로 많으믄 좋은데 1억 2천 이상의 X5, GLE살 형편은 안되고 그렇다고 쏘렌토 싼타페는 좀 너무 흔하고 수입차량 대충 6~8천 정도로 최대한좋은 SUV를 뽑고 싶다. 그런 사람들이죠. 저도 그렇고요.그러면 볼수있는 차량들은 뻔하거든요. BMW X3, 아우디Q5, 벤츠GLC  그리고는 XC60이 있습니다.요새 저런 차량들은 어차피 하차감은 없잖아요. 그렇다면 외관이 얼마나 자기취향이냐 부터해서 인테리어, 기능적인 부분, 안전성 뭐 이런 거 주로보게 됩니다. 제가 저걸 다 타봤는데 어차피 개취겠지만 XC60 계약했어요.다른 거 없어요. 개인적으로는그래도 이 정도 돈주고 사는데 이정도는 차가 나가줘야지.그래도 이 정도 돈주고 사는데 내부에서 내가 이 정도는 누려야지하는 생각으로 질렀습니다.외부는 취향이긴한데 GLC>X3=XC60>Q5 내부는 XC60>GLC>X3>Q5  특히 그 돈주는데 전체적으로는 다 우레탄 떡칠이지만 그나마 60하고 벤츠가 좀 럭셔리한 느낌이 나더라구요.공도주행감 X3>XC60=Q5>GLC 공도에서는 X3가 매끈하게 잘나가는데 60도 마일드하이브리드 시스템으로매우 경쾌함, 서스도 생각보다 단단하고 반응속도도 X3처럼 기민하지 않지만 나쁘지 않아요.130Km이상 고속 주행감 Q5>XC60>X3=GLC 여기서 독일차의 위엄을 느꼈어요.  ㅋㅋ 완전 아래로 푹꺼진 상태에서 고속 안정감 느껴지더라구요.. 주행감 자체는 x3도 나쁘지 않았지만 출력이 좀 딸려서 100이상 속력에서 쾌적하게 추월주행하기 어려움60은 고속 주행감은 그냥 무난무난하였고  출력은 여유로웠어요.GLC 같은 경우는 그냥 공도고 고속이고 뭔가 디젤느낌이어서 엔진질감도 거칠고 소리도 오지는바람에 탈락이요;이상이에요.. 사실 벤츠라서 GLC 살 사람들 빼고... X3나 Q5도 매우 좋은 차이구요. 유투브 보는 것도 좋은데 어차피 경쟁차종은 뻔함. 수중에 꽤 큰돈을 쓰는거니영상으로 편견갖지 말고 모조리 다 타보고 결정하세요. 결국 자기 맘에 드는 차가 최고잖아요 ㅋㅋ",25
295,보면볼수록 안전빼고는 뭘 내세울수있는차인가 싶네요,5
296,비교는 안되겠지만 Xc90은 돈이 부족해서 못사고Xc60이랑 gv80중에 패밀리카 추천좀 해주세요,1
297,"개인적인 생각인데 1년이상 대기타는 이유가 물량을 일부러 적게 배치해서 대기기간이 더 길어지거나 아니면 대량양산할 여건이 안돼서 그러지않나 싶은데, 의문이 드는게 지금의 볼보가 인기가 그러게까지 많은지는 잘 모르겠음.긴 시간동안 기다릴만큼의 가치가 있는지도 모르겠고.선택지가 없는것도 아닌데 굳이 긴 시간동안 기다릴 필요가 있음?",6
298,4:22 쿵~~~ 시승해보면 뒷서스 정말 딱딱하던데 승차감이 장점이라고 얘기하시네요.시트는 저도 정말 좋았습니다만.. 한국 도로의 수많은 요철을 모두 거칠게 받아줄텐데.. 패밀리카로는 좀 그렇지 않을까요?저도 서스때문에 시승하고 바로 포기.. 구매자 분들은 꼭 시승하고 구매하시길~,7
299,2열 잘 확인하고 사세요 계약했다가 2열 두세번 앉아보고 취소하고 GLE로바꿨네요..시트가 짧고 뭔가 불편합니다..,8
300,"XC60 은 중국 생산이 아닙니다. 스웨덴 혹은 벨기에 생산이구요. 원래 볼보가 생산량이 많은 브랜드가 아니예요. 한국에 배정 물량이 적은 것도 있지만, 생산량 자체가 적은 것도 이유일 거 같네요. 게다가, 사실인진 모르겠으나 볼보코리아 인터뷰에 따르면 서비스 인프라 규모에 맞춰 물량을 수입/판매하고 있다~ 라는 것도 요인일 수 있겠네요. 차가 좋고 나쁘고는 각자 소비자가 판단할 문제이고. 팩트는 유럽 준중형 SUV 판매량이 높은 것 = 절대 생산량대비 수요가 많아 촐고대기가 길어진다는 거. 이건 비단 볼보 뿐만 아니라 X3 등 수입 SUV 는 다 수입량보다 판매량이 많이 출고가 늦어지고 있습니다. 최근, 반도체 이슈까지 더해져서.1년씩 기다려야 할 차인지를 따지기 전에, 다른 동급차량 상황도 살펴보세요. 지금은 국산 포함해서 돈있어도 차를 못받습니다. ㅋㅋㅋㅋX3 20i msp 화이트는 1년 가량 기다려야 할 수도 있다던데, XC60 도 유독 흰차 좋아하는 한국 사람들 탓에 더 그런게 아닐지 ? (X3 도 블랙, 블루는 3~4개월이면 받는다네요)",13
301,요즘엔 다들 대기타야하니 뭐 그러려니 하고  기다릴수 ㅋ,2
302,동급최강은 맞는데 1년이 길긴한데.. 요즘 bmw x시리즈도 만만치 않게 길어서 ...결론 모르겠다,5
303,"XC60 계약하고 1년 4개월 기다렸어요. 20년 8월에 계약했고, 21년 12월 대기번호 22번이고 22년 1월에 출고 된다는 연락까지 받았는데 결국 취소하게 되었습니다.  처음에는 안전과 디자인 이거 하나만으로 충분했는데 1년이 넘게 기다리고 있다보니 이 정도 가격인데 이런 편의장치도 없어? 라고 생각되는 옵션들이 점점 거슬리게 되더라구요. 결국 저도 국산차 실내와 편의성에 길들여져있던건지.. ㅎㅎ 결국엔 취소하고 GV70으로 갈아탔습니다. 그치만 저 디자인과 볼보 특유의 감성은 여전히 눈에 아른거리네요.",3
304,gv70이랑 딱 겹치네요 많은 부분이..,1
305,자동차를 사는데에 있어서 어떤걸 제일 중요시하냐가 좌우하는데 안전빼고 내세울께 없다는말은 운전하면서 안전을 중요시하는 저로서는 이해불가 ㅋㅋ 특히 우리가족태우는 자동차를 타는데있어서 안전보다 중요한게 뭐가있나 싶네요 ㅎㅎ 실제로 중고차 가격방어도잘되고 더바랄께없던데 저는 실오너로서 또다시 차산다고하면 또볼보살듯요,6
306,정말 1년 기다려야 하나요...?,1
307,실제로 보니 차가 다 좋은데 실내 소재가 예상보다 좀 떨어지더라고요.문짝이랑 센터페시아 하단도 죄 다 플라스틱 범벅..,6
308,FF 베이스 볼보를 사야될지 모르겠네요. 제 기준엔 별로 ㅠ,4
309,볼보 가격정책은 이해할 수가 없어요..  일본차와 독일차 사이 그 어딘가가 적절하지 않나..디자인 개인적으로 오지게 이쁘고 뭐가 얼마나 '더' 안전한진 모르겠지만 어쨌든 안전하다니 그렇다고 하고..근데 막상 가격 보면.. xc60보다 싸게 할인 얹은 520i를.. 아니면 es.. 꼭 suv가 필요한거면 nx나 x3..,5
310,왜 김상영 천재죠?,1
311,공감 센터페시아 화면이 많이 촌시러움대기화면 구름이라두 그려넣던가..  😂,1
312,1년기다릴차는 아닌듯~~,1
313,플로 무손실음원 팩트인가요?,1
314,김상영천재 저 계정 장진택체널에도 나오던데 ㅋㅋ,3
315,부모 욕할만하면 부모 욕하는거지 무슨,3
316,안녕하세요. xc60 차주 입니다!3년 가까이 운행을 하면서 느낀 주관적인 의견으로 인터뷰를 진행하였습니다. 차량에 대해 궁금하신 사항은 답글 달아드리겠습니다. 다양한 차량을 담고있는 서우토반 채널을 많이 사랑해주시기 바랍니다~감사합니다.,200
317,"s90을 미국에서 렌트로 3박4일간 탔었는데 승차감이랑 전반적으로 상당히 좋게 탔었던 기억이 있어서 볼보 브랜드에 정말 좋은 인식을 가지고 있어요.오토파일럿도 상당히 안정적으로 작동해서 밀리는 구간에서도 믿고 사용했었고, 가속력도 정말 좋았었던 기억이 있어요!!다음에 살 차는 여유가 된다면 꼭 볼보로 가고싶네요",21
318,이렇게 리뷰하는 분들은 진실성이 있어서 참좋아요,1
319,인터뷰어나 인터뷰이나 깔끔하게 쏙쏙 도움되는 내용만 전달해 주신 것 같습니다. 아주 유익했어요^^,2
320,쓸데없는 잡광고 느낌없이 깔끔하게 실제 차주분의 담백한 인터뷰라 좋네요. 차주분이 잘 해 주셔서 이 편만 이런건가요?ㅋㅋㅋㅋ,21
321,3개월이 아니라 3년이요...? 차 관리 진짜 잘하셨다....,17
322,캐딜락 거의 10년차 오너입니다. 캐디 기변 2회. 볼보는 자율주행에서 진짜 앞서간다는 생각이 들어 기변 고려할 정도입니다.,10
323,영상 잘보고있습니다.bmw 6gt 기다리고 있습니다 ㅎㅎ실차주분들이 말해주는 장단점 너무나 궁금하네요,1
324,서우토반님 목소리도 좋고 영상 스타일도 장점 단점 이렇게 나누니까 너무 보기쉽네요차주분의 이야기를 많이 듣는게 너무 좋은 것 같아요,2
325,20대 후반에 구매하셨다니.. 부럽습니다..,101
326,서우토반 동영상 정주행 중인데 컨텐츠 좋아요  😀 앞으로 분명 구독자 많이 늘어날 거에요~,6
327,최대장점을 말안하시네 급정거를 했을시에 차체 제어가 정말 예술입니다,42
328,볼보 딜러할때 손님이 6개월 정도 기다리다가 지쳐서 해약하는 경우가 다반사였습니다...ㅠ주행보조장치가 3년 전부터 시판되었다 하더라도 당시에는 타 브랜드랑 비교했을때타의 추종을 불허했었죠.,2
329,상세 인터뷰 도움이 되었습니다 감사합니다 현재 소렌토 3천 CC 타는데 엄마께서 다음차는 무조건 그 이상으로 타겠다고 하셔서 (산을 많이 다니긴하는데..)배기량 빼고는 볼보가 다 마음에 드는데T,1
330,요즘 차 옵션이 좋아서 문 안열어도 R 넣으면 사이드미러 각도 내려가서 그럴일이 없어졌네요 ㅎ,14
331,벤츠는 브랜드만 최상위지 기계적인 자동차가 최상급은 아닙니다.쉽게 듣는 이야기가 벤츠를 마지막에 타려고한다는 말인데.. 나이들어 벤츠타면 기계적 차이보단 브랜드 로고를 위해 탄다는 다른 표현이죠.브랜드의 중요성을 다시 한번 더 느끼네요,7
332,31살에 볼보...와 진짜 열심히 사셨나봐요,5
333,오늘도 와주셔서 감사합니다😊 구독과 좋아요도 부탁드릴게요...!!🙏🙏자막 중 안정성 -> 안전성으로 정정합니다 죄송합니다!,48
334,"뒷자석 중앙에 헤드레스트 올라오는데 모르고 계신것 같아요 ! 그리고 스웨덴 및 유럽에선 xc60도 에어서스펜션입니다 , 트렁크 쪽에 보시면 차고높이 조절하는 버튼이 삭제되어 무지로된 플라스틱이 보일거에요. 아무래도 국내엔 차량 금액을 맞추려고 이중접합 유리도 빼고 판스프링 형태로 바꿧나봐요, 저도 비슷한 시기에 t6 구매했는데 처음에 방지턱에서 골이 흔들려서 너무 불편했는데 이젠 그냥 저도 속도를 다 낮춰버립니다...ㅋㅋ",1
335,볼보의 패밀리룩은 뭐랄까 xc40을 봐도 든든하다 라는 느낌이 확 듭니다.,21
336,"XC60 차주님들께 질문: XC60 모델이 5인 가족 용으로는 어떨까요? 아이 3명 (10세 남, 7세 남, 2세 여) + 어른 2 입니다. 차를 3년 정도 leasing 할 계획인데 뒷공간이 제일 염려 됩니다. 실제 차를 이용해보신 분들의 의견이 궁급합니다. 🙏",11
337,이건 그냥 정확한건진 모르겠는데 지금 차량들에 쓰이는 방식의 안전벨트가 볼보에서 처음 개발해서 특허 공유하면서 3점 안전벨트 형태로 다 바뀌었다고 하던데ㅋㅋㅋ나중에 부모님 차는 볼보로 사드리고 싶음ㅋㅋㅋㅋ,4
338,진짜 볼보 차 사고싶다,35
339,"전 사우디 동부에 살고 있고, 2015년 5월에 XC60 T5 새차를 3200만원에 샀는데 11만KM 탄 차를 내년 한국갈때 가져가야하나 고민이 되네요.기본만 있는 차라 다른거는 다 후지고 운전성능하나는 끝내주던데...",1
340,음.. xc60 d5 20년 1월에 인도 받아서 타고 다니는데 3년 동안 타시고 뒷자리 마스터 못하셨군요🤣 4인석이 아니라 5인석 맞구요 ㅋㅋㅋ 중간 헤드레스트가 운전 시야에 방해 될까봐 숨어 있어요 ㅋㅋ 중간 헤드레스트는 위로 뽑아야 사용 가능합니다.,19
341,단점은  저속으로 떨어질때에  미션의 울컥거림  터보렉때문에  운전하기  피곤하구요나하고 차하고 따로 노는듯한 느낌  운전하기  쉬운차는  아니에요장점은  터보랙 구간이  지나면  시원하게 가속되요,9
342,저는 개인적으로 볼보 오디오 음질이 좋은것 같아요 좋은차 부럽습니다 ʘ‿ʘ,33
343,단점이라고해서 들어봤는데 볼보를 워낙 좋아 해서인지 단점 같지 않게 느껴짐ㅋㅋㅋ,47
344,30살에 xc60 t6 7540짜리 일시불로 샀다가 회사이전때문에 연비 폭망이라 팔고 테슬라 샀는데 아직도 볼보갬성이 그립네여,3
345,저는  d5로 1년정도 타고있는데 만족하고 타고있습니다 ^^,1
346,디자인 진짜 이쁘단~~~ 담엔 요너석으로^^,1
347,차분한 설명  잘 보았습니다,1
348,일반인 맞으시죠? 너무 인터뷰를 잘하시는데요. xc40 고민하고 잇는데 잘 듣고 갑니다,1
349,볼보는 안전으로는 깔수없는차인건 저도 인정하지만 그 외적인 실 사용 인터페이스부분이나 주행하며 질감이나 제일 많이 접하는 인테리어는... 포기하셔야합니다.차주님께서 별로 주행 안하셨는데 저같은 경우는 1년반만에 4만타고 정리했는데 요즘 마케팅에 속지마시고 타브랜드타시다가 이거 타신다면 세이프티옵션에만 중점두고 타셔야 만족하시며 타실수있습니다.,14
350,차값이 쎄긴 쎄구나..xc60 시승할때 생각보다 좁아서 실망을 했었는데..여자친구가 차에 관심이 많이 없는편인데도xc60탈때 트렁크나 실내 이런게 좁다 라는 얘기를 많이 하더라구요결혼하게되면 더 큰거 사야겠다.. 옆에 랜드로버 매장가자 이런식으로..,1
351,"저도 같은 종류 차주 입니다, 랜드로버->벤츠-> 볼보로~저는 주변 사람들에게 강추 입니다~",3
352,주차할때 문 열고 하는거나 방지턱 한쪽만 타고 넘는건 원래 하면 안되는거 아닌가요 ㅎㅎㅎ 너무 당연하게 말씀하셔서 놀랐어요,1
353,"저도 신차공개됬을때 계약해서 2주만에 차받아서 운행중입니다.XC60 D4인스모델저는 단점은 제차기준 초기모델이라그런지 조수석 시트 잡소리3번 서비스센터 가서 고쳤는데 지금도 가끔납니다.2열 문짝디자인때문에 휀다쪽에 고무몰딩을 해놓았는데 떨어져나가는 문제;;내비게이션은 구글맵..쓰레기안드로이드오토 애플카플레이 지원되는데 풀화면이 아니라 쓰기좀그래서 그냥거치대 씁니다.과속알림음도 띵 한번하고 속도초과해도 안내 안해주는점 사각지대 경보 있지만 사이드미러 표시되도 소리는안나요비틀릴때 창문 뿌드득소리 긴급제동 오작동문제(가끔 운행중에 2차선주행중 1차선 3차선 차있을때 지나가면 가끔씩 긴급제동을 0.5초정도 하는데볼보 긴급제동은 진짜그냥 풀브레이킹 수준으로 밟기때문에 그것때매 오히려 더놀랩니다.그리고 승차감도 잔요철지날때 좀 튑니다.연비도 시내 8~9정도 나오네요 고속은 17정도입니다.장점은 스피커, 외관디자인, 반자율주행, 어댑티브 라이트, 경쟁모델대비 풍부한 옵션(통풍 마사지되는 시트, 고급내장제)이정도 생각나네요 아 그리고 할인을 100만원 받고사서 중고차값 방어가 굳입니다.볼보타다가 사고 한번나면 볼보탄다고 하는데저는 다행히 사고가 안나서...그래서 다음차는 bmw 6gt 30i로...(영상에 가운데좌석 헤드레스트는 팔걸이 위쪽 올리면 생깁니다. 영상 잘보았습니다.)",9
354,중국에서 인수하고안전에 중국의 다양성이 결합해서대박난차,1
355,v90 1년타고 바꿧어요 내외관 다마음에 들엇는데 요철구간은 정말 답안마옵니다 심하게 쿨럭이구요 파워펄스 무슨 호수가 2번빠저서 교체 받구 마지막으로 또빠져서 기름세서 정떨어저서 팔아버렷습니다 d5엔진이엿어요,2
356,볼보학생때부텀뺀엿는데대기가느무길어서 포기승질급한저는 바로 비엠으로다가 뽑아탓슴다역쉬나볼보는 늠나 이뿐디 참 도도해요제 비엠이는 성실하고우직하니 착해요~~^^영상 잘보고갑니당~~^^,2
357,주의 하실게 자율주행 아닙니다. 운전 보조 기능이지요. 테슬라도 자율 주행 아니라고 독일 법원에서 판결까지 났지요. 저도 V90CC 3년째 운행중인데...안전하다는 느낌은 항상 줍니다.,1
358,저랑 같네요 ^^반갑습니다. XC60 D4 인스 블랙 3년째 만족하고 타고 있습니다.XC90으로 변경하고 싶은 마음도 똑같네요 ㅎㅎ안운하세요~,2
359,"좋은 정보 감사합니다,,볼보에 많이 끌리는데,,,  마지막 결심이 않잡히네요,,,ㅠ",1
360,차 너무 이쁘다 ㅠㅠ,2
361,잘 봤습니다. 감사합니다. ~,1
362,가솔린 하고 디젤이랑 소음 차이는 어떤가요?,3
363,외부공기유입 막는거말고 공기청정기능이 따로 있을가요?,1
364,안전한차의 대명사로 볼보를 얘기하곤 하는데. 문뜩드는 궁금함이 볼보차에서는 급발진 사례가 없나요? 무엇보다 안전에 대한 만큼은 남다른 노하우를 가진 회사로 정평이 나있는 회사로 알고 있는데. 있다면 급발진을 인정한 사례가 있을까요? 아시는분이 있으시면 알려주시면 감사하겠습니다.,2
365,xc60 xc90 사랑하는 내 아내와 자식을 위해 사고싶다... 안전하다는 볼보..,39
366,저도 안전이 최우선이라 볼보가 로망입니다. 하지만 돈이 없어 아쉽지만 쉐보레 탑니다.. 그나마 볼보빼면 쉐보레가 괜찮아서.. 보급형 느낌?ㅎㅎ,11
367,"지금 차량구매로 고민중인 사람입니다만~~경험자의 조언이 절실한 시점에. 볼보xc60, 렉서스es300그정도 레벨로 고민중인데요.어떤게 합리적인 선택일까요~참고로 나이가 60 초반 입니다(그래서 더 고민중).지금 사면 거의 마지막 차가 되지 않을까 해서 더 고민이네요~출퇴근 하는사람 없구요...",1
368,최고로 안전한 볼보,7
369,공인의 영향이 얼마나 큰건지 다시깨달음...,1
370,주말에 전시장 다녀왔는데 이제 디젤은 안나오더라구요. 차값이 너무 비싸긴해요ㅜ 할인없고 대기도 길고,2
371,실제 연비가 얼마나 나오나요???,1
372,잘 보고 갑니다 ㅎㅎ,1
373,다음 새차를 보고있던 차! 리뷰감사합니다!,15
374,영상은 잘봤는데..안전을 위한차를 운전자도 동승자도안전주의를 해야하는게 맞을거 같은데..운전자가 한손으로 스르륵 스르륵 하는게조금 그랬음다른 브랜드 비해 안전?을 믿으니 그럴수 있나..싶으나안전벨트가 기본인걸 보면운전도 브랜드보다는 운전자의 습관이더 중요할듯무튼 쉬원하게 잘봤음요,1
375,볼보는 인정이지...,4
376,세월이 아무리 흘러도 에어컨 조작은 다이얼이 최고임,1
377,오늘도 굿뮤직! 편집도 끝내줘용 ㅎㅎ,1
378,저 xc90기다리고 있어용 진짜 오래걸리네요ㅠㅠ내년은 되야 탈수있을꺼같아요,1
379,볼보 3면 탔으면 많이 탔네요,1
380,xc40도 차주인터뷰 해주세요ㅠㅎㅎ,4
381,MUTE는 현대차도 일시정지 됩니다.폭스바겐도 문열고 엑셀밟으면 안나갑니다.,2
382,하..서른한살..부럽다ㅜㅜ,18
383,볼보멋있네,2
384,목소리랑 와꾸만 쪼금달랐어도 진짜 볼보 영맨인줄 ;; 겁나잘아네,1
385,단점이 너무 주괏적이라 장점만 보이내요 참좋은 차입니다,1
386,흑 뮤크 버튼 누르면 아반떼도 노래 멈추니까 가격따졌을때 아반떼 승..😂😂😂😂😂흑흑,2
387,점점 BGM 퀄리티가 좋아짐,3
388,워너비 브랜드 볼보.. 폴스타원 타보고 싶다..,3
389,볼보장점은 십년되야 수리비가 조금씩 들어간다는거 현기는 5년차부터고,1
390,볼보xc60 차하난 예술이구먼느낌은 현대의 싼타페급,1
391,오프닝 음악 퀄리티 죽여줍니다,19
392,SUV를 원하는데 랜드로바 를 고려를 안한다니 뭥미,1
393,첫 차 19년형 fm540 이였는데 xc90 타보고싶음,2
394,B&w네 오디오 최상위오디오....,2
395,쏘나타도 핸들의 뮤트 버튼 누르면 노래 일시정지 됩니다^^ 다만 센터페시아의 다이얼 돌려서 소리 줄이면 일시정지는 안되는거 같던데..;;;,1
396,"초고장력 강판  기준- 현대 기아 는 제곱센치당 60킬로만 견딤  ...  볼보 쉐보레 80킬로,... 일본차 100킬로,,, 삼성차 120킬로...",3
397,연비가 좋지는 않군요.B4 마일드 하이브리드 디젤 생각하고 있는데참고할께요.,1
398,벤츠 보면 너무 럭셔리 하다고나 할까? 쓸데없이 치장하는데 너무 공들인거 같아서 솔직히 비호감임. 차라리 볼보 같은게 나은거 같기도. 그리고 요즘 BMW는 화재라든지 품질문제가 많구. 갠적으로는 반일감정 때문에 별루긴 하지만 품질면에서는 확실한 일본의 렉서스나 그 밖의 볼보 정도가 고급 외제차 중에서는 괜찮지 않나 싶음.,1
399,V60 보고싶습니다ㅠ,2
400,안정성의 볼보,12
401,단점 말씀 들어보면... 현대차가 잘 맞으실 것 같은데 ㅎㅎㅎ,1
402,요즘 핫한 볼보군요!,19
403,볼보 좋은 차 인정그런데 인도기간...부품...  A/S...  ㅜㅜ,1
404,"Xc40 2년 가까이 타고 있능데 단점도 좀 있습니다..1.인터페이스 잇슈(가끔씩 스피커에서 지직거리는 소리) - 시동 끄고 1시간후 정상화 센터에서는 해결못함.2.갑자기 센터 화면 꺼짐.. 갑자기 꺼졋다 켜짐3.제일큰 원격시동 (볼보온콜) 이건 우리나라만 막아놈.심지어 국산도 유보,블루링크처럼 다 원격되는데..이 단점에도 불구하고 타는점 그냥 튼튼함과 희소성...볼보 구매하시는분들 참고하셔서 구매하세요.!그래도 요즘 as면은 많이 좋아져서 그건 괜찮습니다",2
405,계약하고 적금들면 해지할때 나온다는 그차맞나요?,39
406,나중에 수리비도 그렇고 부품도 수입해야해서 관리하기 힘들지.,1
407,안전성대명사볼보,3
408,헉.7천만원 ㅜㅜ 비싸긴하네요,1
409,더 자주 올려주시면 안되나요 ㅠ,5
410,볼보하면 안전안전하면 볼보,2
411,디자인 호불호,1
412,요즘 CD 플레이어 있는 차가 구형 아니면 없지 않나요? 아차~ 일본차들은 CD플레이어 있긴 하더라구요^^;;,1
413,존나 안전한만큼 조온나 비싼 가격..ㅜㅜ,22
414,부딧혀서 살아 남을 차량은 쌍용차 이쟎아.  완전 두꺼운 철판으로 만들었으니까,1
415,저는 볼보XC60  이랑 캐딜락 XT5 와 고민하고있어요 ㅠㅠ,3
416,잘보고갑니다~~😆,6
417,은근 덤덤 하게 이야기 하시면서 말씀을 잘 하시네요.,1
418,아.. 카니발말고 이거사고싶다 ㅠ 돈돈돈 ㅠ,1
419,"볼보 euroncap 에서는 조수석 무릎에어백 장착하고 충돌테스트하고, 국내에는 조수석 무릎에어백 빼고들여옵니다~ 참고하세요",1
420,qm6도 해주세요,1
421,동탄이네요! 너무 익숙하다더니ㅎㅎ,7
422,볼보자동차는 포드자동차에 인수되었다가 2010년에 중국지라자동차에 인수되어서 중국회사입니다.볼보그룹과 다른회사입니당,3
423,그렇게 좋은 차가 중국으로 넘어간 이유가 뭔지 궁금하네요,3
424,중립주차가 되나요?  된다면 어떤 방식으로 되나요?,1
425,뒷좌석 가운데 헤드레스트 올라오지 안나요? 12년식 볼보인데 제차는 나오거든요.,1
426,수리비가 아우디보다비싸죠 센터가서만되니까...사제가없어서,9
427,볼보 떡상 기념 영상인가여,10
428,디자인은 제네시스가 마음에 드는데 안전성은 이거고 하아.. 뭘 사야할지 모르겟네,2
429,판스프링이 트럭판스프링하고다르다 들었습니다,2
430,부럽다ㅜ,3
431,1년에 3만 탔는데 많이탄걸까요??,6
432,트래버스도 부탁드려요,2
433,d4 d5가 뭔차이인가요?,9
434,나도 볼보!!!,3
435,볼보 튼튼 한거는  오래전부터 아는사람은 다알고 있어요.단지 디자인이  구려서 그렇지,1
436,요새 다 문열면 p 로변속되용 ㅎㅎ,11
437,안정성이 아니라 안전성이겟죠,5
438,볼보 중국차라고 까는사람 분명있다....,1
439,그래봐야 볼보...,2
440,중국회사로 넘어간게 한탄스럽다,1
441,그차  디자이너가  한국사람이랍니다   건대  기계공학과  출신,4
442,와 르노 삼성처럼 안에 다박아놨네....저건 극혐이다 진심 ㅋㅋㅋㅋ볼보야 저건 아니지 ㅋㅋ직관적으로 뺄껀빼라 아닌건 아니다 어디 버튼값 아끼냐ㅋㅋㅋㅋㅋㅋ르삼도이제 정신차렸는데,6
443,재력부럽다,4
444,동안이십니다,4
445,요즘 볼보 엄청 뜨던데요 아나운서 부부때문에 ㅎ,28
446,스크린이 젤 단점이야..,8
447,볼보xc60마일드하이브리드 구입예정인데 딜러소개좀 해주실분~~^^,5
448,볼보는 프로모션 없다고 알고있는데 있나요?,2
449,볼보코인 가즈아!,6
450,Xc40 고급유쓴다던데 60은어떤가요,1
451,튼튼한 볼보 물들어왔을때 노 저어라아아,13
452,인트로 노래좀 알려주세요 ㅠㅠ 너무 좋아요,11
453,cd있는차가 요즘 나오나요???,5
454,맨 아랫 댓글 볼보보다 쉐보레가 좋다는건 무슨 개소린지...,7
455,1:54 왼쪽에 뒤로가는 차 저만 이상하게 느껴지나요?,6
456,네비는 어떤가요?,2
457,자율주행 아니고 크루즈 컨트롤.,3
458,개나소나타는 벤츠비머 보단 나은듯,2
459,볼보는  중국메이커죠.,2
460,1등! 잘보고 있습니다~!,3
461,시작부분에 bgm좀 알려주세요,1
462,뮤트는 제차도 그래요. 지포렉스턴입니다 ㅋ,1
463,Xc60이 나온지 벌써3년이나 됨?,1
464,28에 저걸 탄다고 ???,14
465,노래 너무 좋은데 멜론에는 없는건가요 ?,3
466,인트로 음원 궁금합니다,2
467,갖고싶다 근디 돈  없닼ㅋㅋㅋ1 33 34 36 45 44,6
468,노래 제목 알려주세요ㅜ,1
469,자율주행이 거기서 왜나와요?자율주행이 뭔지는 알고계시나요?,2
470,판스프링이라니요트럭도 아니구...,1
471,인트로 음악 너무 좋아여...음원좀..저절로 어깨둠칫둠칫,1
472,혹시 인트로 부금이 뭔가요!?,1
473,가격이 7천인데.,4
474,뒷모습이 안예뻐요 볼보옵션과 승차감좋다는데 선뜻구입은못하겠어요..ㅜ,1
475,Cd 플레이어는 있어도 욕먹고 없어도 먹는 에휴,1
476,흉기 suv 사느니 좀 더 주고 볼보,1
477,중국차치고는 괘않네,1
478,"결론은 안전이란 명목하에 승차감 개판,편의시설 개판이라는거네요새는 제네시스도 120키로 달리다  충돌하고 낭떨어지에 떨어져도 산다 타이거 우즈결론은 돈 존나 주고 중국산 샀다는 거야",1
479,내 드림카 ㅜㅜ,4
480,이제는 볼보 중국차 아닌가용 ㅠㅠ?,2
481,단점 차가 안나옴,97
482,인트로 브금 궁금하네요,3
483,친구가 d5랑 x4M40d 두대소유중이라 여행갈때도 장거리 뒷자석타보고했는데 도찐개찐임 실내좁은건ㅋㅋ사람들 왜 xc60실내좁은건 입싹닫고 x4실내좁다좁다거리는지 이해불가ㅋㅋ둘중고르라면 무조건 닥치고 x4지ㅋㅋ,2
484,뮤트 누르면 정지는 다되는데 ㅎ,4
485,앞부분노래먼가요?,1
486,cd플레이어 ㅋㅋㅋ,1
487,인트로 Bgm좀 알려줴요,1
488,초반 bgm 선택이 ㅠㅠ 좀,1
489,xc60 2열 모래들어옴,1
490,그래도 7천만원짜리 디젤이 2.0 4기통?? 이건진짜 아닌듯ㅜㅜ  다른차도 7천만원정도면 안전합니다..개인적인생각입니다.볼보가 너무 비싸긴하네요..,7
491,돈이없읍니다.,3
492,볼보 이제 중국차임?,5
493,결론 =중국산 쓰레기,1
494,ㅋㅋㅋ,1
495,3...1살 맞나요.............,18
496,31살이요???,12
497,볼보 스웨덴 감성아니고 중국감성입니다. 중국에서 볼보인수했어요~!,1
498,잡소리 오지게 나네,6
499,cd 는 ....,1
500,1빠..?,2
501,단점 많은 SUV는 패쓰.거다 거품은 잔뜩끼고.차는 세단이 진리,2
502,?,1
503,스웨덴방송,1
504,쉐보레가 더 낫네요,2
505,볼보  중국차 입니다. 차이나,5
506,"정보 리뷰는 너무 많아서, 타 차종과의 디테일한 비교와 안전옵션 실제 적용 사례를 보여주는 본 리뷰가 아주 마음에 듭니다^^ 늘 잘 보고 있습니다.",5
507,bmw의 운동성능과벤츠의 력셔리와 마크볼보의 안정성과 티맵 음성인식기능과 시트 오디오gv70의 정비성모두를 한차에 담았다면그러지 못하기에 어느 부분도 평균이상인 볼보가 갑,1
508,개인적으로 가장 좋아하는 차종의 리뷰를 상휘님께 들으니 더 좋군요 ㅎㅎ 감사합니다~,4
509,Xc60 구매 고려중이어서 찾아보던중 고등학교때 선배님이 이렇게 리뷰를 해주시다니 너무 반갑네요 ㅜㅜㅜ여전히 멋지십니다!!!!!!,8
510,"XC60, X3 동시 계약잔데 둘다 넘 맘에 들어요ㅠㅠ 지금은 빨리 출고되는 차로 정하려고 하네요ㅋㅋ",3
511,XC60 계약 3달지났고 내년 이맘때 받을거 같네요..이만큼 기다릴 가치가 있을까 싶기도 하지만....좋은.리뷰 감사합니다. 발음이나 전달력이 좋으십니다,3
512,"상휘님께 전에 x3와 xc60 b6 중 고민중이라고 글 남겼었는데요, 이달에 볼보로 출고 받았어요.  일단 너무 만족하고 있어요.  시승과 비교영상 보니 xc60으로 사길 잘 했단 생각이 들어요. 페밀리카로 단점이 없네요~^^ 믿고보는 상휘님!  하나하나 댓글도 달아주시고.. 애청자는 감동하고 갑니다~~ 😘",3
513,Xc60은 생각보다 옵션 안빠진듯X3pro 기다리고있다 옵션빠진다길래Xc60이랑 gv80추가로 계약했는데옵션멀정한 먼저나오는차 선택할거같네요,2
514,"전시장 다 돌아보고서 Gv7,80 , x3,4 그리고 볼보 xc60중에서 1년동안 고심 끝에 볼보 xc60으로 계약 했습니다… 7천대 suv중에선 패밀리카로는 볼보가 최고 같네요. 저만 운전하는게 아니라 와이프도 운전하고, 뒷좌석에 부모님과 장인어른 장모님 태운다면 볼보 시트가 최고일듯 싶습니다. 오디오는 물론이거니와…",5
515,2열 승차감 궁금합니다. X3가 2열 승차감 안좋다는 얘길 들어서ㅠㅠ xc60은 좀 어떤가요?,2
516,"리뷰 잘 봤습니다. ^^ 아이하나 있고 패밀리카로 Q5 45, XC60 B6, 620D, GV70고려중인데 뭐가 젤 괜찮을까요? 7천초반으로 가격은 맞추려고합니다.",2
517,아나운서 이면서도 배우인줄 알겠어요... 발음전달력도 좋고 단어선택이나 말씀하는게 대본읽는줄 알겠어요.대단한 정보전달력입니다.감사합니다,4
518,Xc60 뒷자리 포지션 궁금합니다운적석보다 높게 되어있나요?,2
519,저속운행 중 천천히 0km로 정차할때 꿀렁거린다는 분들이 계신데 뽑기차이 일까요?? 시승하셨을때는 안그랬는지 궁금합니다,2
520,"본글중에젤맘에들어요👍👍벤츠GLC,포르쉐 마칸,BMW X4,볼보XC60 4개 신청해서 대기중입니다. 대기시간도 다길고 기다리다보니 헷갈렸는데 정리잘해주셨네요~ 볼보 XC50, 60 차이는 아는데.. 타기엔 어느게 나아요?? SUV로 타고 싶어서 비슷한거끼리 비교중인데요잘 아시는거같아 조언구합니다!!^^기존에도 벤츠를 타서 벤츠를 젤 선호하는데벤츠는 내후년에 풀체인지 된다해서 2년을 더 기다려야해서 1년을 기다리더라도 다른거보다 볼보가 괜찮은거 같더라구요~",2
521,2인가족으로 xc60 b5 인스 x4 20i msp 둘중에 고민중인데 어느쪽을 좀더 추천하시나요?,2
522,"억양, 발음, 말하기 속도…등 완벽합니다. 구독합니다.",1
523,한달에 2~3번 가까운곳으로 골프 필드 나가고 집에서 가게로 출 퇴근하려고 하는데 b5가 괜찮겠죠 보통 1년에 1만 1만2천키로 탑니다 아주 고민이네요,1
524,XC60 경쟁차로 GV70 X3 GLC . . . 아우디는 이정도로 무시 당하는건가요?,3
525,xc60 계약했었는데.. x3 신형 시승해보고 xc60취소했습니다 x3가 훨씬 나았습니다 전 렉서스 차주입니다 gv70 승차감이젤좋은데..시승시 공명음경험했어요,4
526,그랜드체로키 리뷰 기대하고 있습니다,2
527,X3도 애플카플레이 연동으로 아이폰의 시리를 통해서 원하는 음악 음성으로 완벽하게 찾아줍니다!,2
528,06:28 쓰읍 이건 좀 단점이네요. 편하개 껏다 켯다 할 수 있게 해줬으면 더 좋았을 거 같네요,4
529,볼보는 엠비언트도 안전 때문에 안넣는건가요?,2
530,TMAP과 플로 유료 전환시 설명과 정보가 없어서 아쉽네요.,1
531,저도 B6 B5 둘다 대기 해놨는데 현재 10개월째 대기중 입니다,3
532,다좋은데 고급유가 너무 걸린다...,2
533,지난주에 계약했은데 1년 6개월 걸린다고 하네요 밴츠타고 있는데 볼보 맘에들어 다른건 안보이네요,2
534,다른내용이지만 혹시 위에입으신 니트 정보를 알수있을까요 !?😻,3
535,아우디 Q5도 마일드 하이브리드 아닌가요?,2
536,혹시  울산 오셨나요?,2
537,자동 운전 기능도 없고 에혀~~,3
538,끝물,4
539,아무리 수입차 사용성이 좋아져도 국산차에 절대 비비지 못함  여기나오는 차들 대부분 시승해봤는데 x3 20i는 운동성능은 좋으나 심장 옵션이 쓰레기임 볼보 그냥 무난함 glc 차는 이쁘나 진짜 깡통임 결론은 gv70구매함 같은가격에 옵션이랑 사용성은 비교불가임 꼭 여기있는차들 알아보고 구매하시길 나중에 중고차값이나 수리비도 생각해보시고,3
