,comments,likes
0,[이벤트] 현재 영상에 나오는 XC90을 만든 브랜드가 어디인지 댓글로 맞춰주세요. 추첨을 통해 총 5분께 2022년 다이어리를 드립니다.  1. 볼봉2. 봉봉3. 여봉4. 볼보 어렵다....,113
1,"제가 suv를 어릴때부터 엄청 좋아했습니다. 그래서 전세대 xc60의 디자인을 되게 갈망하였는데 그걸 완전히 깬게 볼보xc90이었습니다.기존 xc90과는 완전히 다른 이번 Xc90은 처음 나왔을때 디자인적으로나 덩치로부터 오는 웅장함의 충격은 대단했죠,,,어릴때 모터쇼에서 봤던 시트로엥 ds3 와는 또다른 충격이었습니다.다시 한 번 처음 볼보를 봤을때의 그 감정을 느낄 수 있을런지요.. ㅎㅎ",4
2,XC90 시승해봤는데 실내 인테리어재질이 정말 좋은차입니다. 시트가죽 정말 부드럽고 천연우드패널 금속재질 스피커커버등 실내가 생각했던것 이상으로 꽤 호화스럽게 꾸며져서 시각적 촉각적 감성이 뛰어납니다. 영상으로 보는것과는 달라요 실내가 정말 고급스러움 단점은 방음과 2열 승차감이 그닥 좋은편은 아닌거.....,19
3,올해 첫 영상이네요. 항상 돈내고 봐야할것 같은 영상 퀄리티에 디테일한 정보를 알려주는 영상 만들어주셔서 구독자로 하여금 감사함이 느껴집니다. 2022년도 잘 부탁드립니다. 새해 복 많이 받으세요!,21
4,볼보가 지리에 넘어가고 날개를 달고 나오는 차마다 호평인데 다음 세대 플랫폼으로 만든 볼보는 얼마나 더 좋을지 기대가 됩니다. 정말 개인적으로 아쉬운건 이렇게 자본금을 투자받고 고성능 오리지널 R 버전이 없는게 너무나 안타깝습니다. ㅠㅠ,5
5,"사람이 중심이었던 브랜드, 안전에 대해서는 가혹하리만큼 브랜드만의 철학과 신념을 지켜온 몇 없는 브랜드죠. 계속해서 발전해가는 모습을 보니 반갑습니다. 강철 심장 4번 볼보입니다.",4
6,시간이 지나도 질리지않는 디자인이 진짜아닐까,10
7,5년전부터 지금 까지 지속적으로 영상을보는 구독자 입니다보면서 제가 못타보는 차들도 알찬내용으로 리뷰를 해주니 제가 탄거처럼 느껴집니다다음영상도 기대하겠습니다 2022년도 발전하는 오토뷰 화이팅~~^^정답 4번 볼보,2
8,4번 볼보!!대기기간만 아니었음 xc60 타고 다녔을껀데 아쉽네요.. 수요에 비해 공급이 너무…제차와 상관없이 오토뷰 시승기 항상 잘 챙겨보고 있습니다!! 2022년에도 건강하시고 하시는일 다 잘되시길 바래봅니다,4
9,4.볼보 입니다. 상당히 어렵군요~ ^^ 늘 잘 보고 있습니다. 차량 구입시에 김PD님 추천으로 말리부도 만족하고 잘 타고 있습니다.,4
10,"디자인,성능 뭐하나 빠지는게 없네요ㅎㄷㄷ 갖고싶다..",4
11,4번 볼보!!11년도 쯤 삼촌께서 볼보 s80 타셨었는데 그때랑은 디자인 세련되게 바뀌어서 돈만 있다면 한번쯤 타보고 싶은데 리뷰로 대리만족 할수밖에 없네요 ㅎㅎ,6
12,4번 볼보입니다.개인적으로 디자인도 에쁘지만 볼보를 상징하는 마크가 넘 멋지죠!새해 복많이 받으시고 올한해도 멋진영상 리뷰 부탁드립니다^^♡,7
13,정답 4번 볼보 입니다!!!몇안되는 현실적인 아빠들의 드림카가 되는 차량이란 생각이 듭니다!2022년 오토뷰 기자님들도 화이팅하세요!!,2
14,4 볼보 꽤 오래된 차인데 아직도 새 디자인 같네요 ㅎㅎ지금껏 오토뷰가 해온 것 처럼 2022년에도 멋진 리뷰 기대합니다,4
15,4번입니다. 이전에 T6를 경험했었는데 서스펜션의 느낌이 지나칠 정도로 출렁출렁하지만 그래도 오디오랑 시트가 정말 편했던 기억이 납니다.,1
16,4번 볼보입니다!새로 이사가는 아파트에서 위 시승기와 같은 xc90 b6모델을 보고 궁금했었는데 이렇게 영상으로 만나볼수있어 흥미롭게 시청했습니다. 이번 22년도도 좋은영상으로 만나뵙길 기대할께요~,2
17,진짜 오토뷰는 항상 믿고 봅니다..ㅎㅎ새해 첫 영상부터 퀴즈라니...ㅎㅎ정답은 4번 볼보입니다...ㅎㅎ 당첨은 안되도 상관없으나 앞으로도 질 좋은 영상 계속 부탁드립니다.ㅎ,3
18,4번 볼보크게 팰리세이드 혼내는 파워풀한 목소리 좋았습니다^^아내와 딸래미의 안전을 위해서 바꾸고 싶은 차량 1순위라서 아주 재밌게 잘 봤습니다~,5
19,"안녕하세요 예전 김피디님 리뷰를 보고 es300h 를 데려와 잘 타고 있습니다.이제 슬슬 차를 바꾸려하는데 gv80 3.5와 xc90 두차종이 후보군입니다.조용하고 뒷좌석 승차감, 공간감을 좀 중요하게 생각하는 편입니다.어떤 차종이 더 괜찮을지 답글 부탁드립니다.감사합니다.(부부 + 7세 여아 + 할머니 주 이용)",1
20,항상 영상 잘 시청하고 있습니다! 김기태pd님 김선웅기자님 비롯 오토뷰식구들 새해 복 많이 받으세요! 4번 볼보!,3
21,4. 볼보 입니다.새해에도 항상 PD님들이 건강하시길... 그리고 그 건강함을 바탕으로 하시는 모든일들이 다 잘되시길 바랍니다,3
22,4.볼보!!! 최고의 자동차 전문매체 오토뷰!!!! 자동차 문화를 선도하는 전문 미디어로 올해도 더욱 거듭나길 진심으로 기원합니다. 90 b6 실내의 소재 좋고 운전하는 시야도 좋고 운전도 편한데요.... 승차감이 별로 고급스럽지 않고 결정적으로 그닥 조용하지 않더군요. 큰 기대안하면 되는 것 같습니다. t8은 시승도 못해보고 대기도 무조건 1년이라고 하더군요. 이건 볼보코리아의 정책이 잘못된것 같습니다.,2
23,개인적으로 예전에 시승했을때 아쉬웠던 점은 볼보 라인업 중 가장 올드한 센터페시아 디자인 그리고 리어서스때문인지는 몰라도 전반적인 승차감은 문제가 없었는데 잔요철을 지날때의 진동이 좀 엉덩이쪽으로 많이 올라온다는 부분이 아쉬웠네요~ 오토뷰에선 만족감을 말씀하셨는데 혹시 제거 말한 부분에 대한 의견도 듣고 싶어지네요,1
24,문제가 너무 어려워서 전 포기요~^^지금 s90 b6  대기중이에요 bmw520i 구입할때도 오토뷰리뷰보고 선택했었는데  항상 믿음가는 리뷰 감사합니다~,2
25,4번 볼보항상 리뷰잘보고있습니다 구독자분들 새해복많이받으세요~~!!,2
26,4번 볼보~ 볼보 운행중인데 아쉬운 점도 있지만 독3사 대비 상당히 만족스럽습니다.,1
27,"4.볼보기대하던 xc90이 드디어 나왔군요, 어느차보다도 안정성에 대해 기대했던만큼 나온것 같아요, 리뷰 감사합니다.",1
28,4. 볼보  볼보 디자인이 너무 이뻐요 오토뷰님 새해 복 많이 받으세요!,3
29,와~ 진짜 고난이도 문제네요. 학창시절 이후 연필굴리기로 찍어본건 오늘이 처음입니다. 4번. 볼보라고 나오네요. 흠~ 근데 볼보는 다 좋은데 4기통만 나온단 말이죠...,9
30,4번 볼보입니다.22년형에도 아리아 인포테인먼트시스템 들어갔으면 인기가 더 많을거란 생각이 드네요.,1
31,xc90 오너입니다. 뒷좌석 승차감이 좀 떨어진다는 것 외에는 정말 만족스러운 차입니다. 실내디자인도 유행을 타지않는 고급가구라고 해야할지 이 이상 만족스러운 실내도 찾기 힘들구요.,1
32,똑같은 바워스 오디오라도 S60 / V60 / XC60 / S90 / V90 / XC90 오디오 출력 와트가 다르다(오디오 개수도)고 볼보 점장이 말해주더라고요. 혹시 참고하시라고 적습니다. (어쩐지 짱짱함이 올라갈수록 다르더라니.),3
33,정답은 4번! 볼보 입니다.항상 좋은시승기 감사드립니다. 오토뷰 추천으로 구매한 차량은 항상 대만족이예요!!,6
34,정답은 4번 볼보 입니다항상 잘 보고있습니다 2022년에도 유익한 자동차 영상 부탁드립니다 :),2
35,역시 볼보 ㅠ꼭 성공해서 가족을 위해 사고 싶은 차에요,2
36,정답은 4번 볼보!평범하지만 멋스러운? 디자인이 너무 마음에 듭니다~!,2
37,4번 볼보입니다.오랜만에 김선웅 기자님 목소리 듣기 좋네요.저랑 체형 비슷해서 착석영상 진짜 좋아함.,1
38,4번 볼보~오토뷰 항상 즐겁게 보고있습니다. 객관적 평가 응원합니다~,1
39,4번 볼보 XC90 정말 드림카네요^^ 5년안에 못사면 어차피 전기차 가야할듯 하지만 ㅎㅎㅎ,1
40,볼보차를 오지고 지리게 소개하셨네요 돈이 없어서 XC90은 못샀지만...  *V60CC 오너,3
41,김PD님 리뷰 덕분에 V60 T5 pro 모델을 구입해서 운행중입니다...후회없는 선택..,2
42,믿고보는 오토뷰 리뷰는 찐입니다PD님 목소리가 귀에 쏙쏙들려요!,1
43,올연말이면 풀체인지 이야기가 나올거라서 ^^항상 감사히 보고있습니다~,2
44,4번 볼보. 항상 좋은 차량리뷰 올려주셔서 감사합니다~^^,1
45,4번 볼보^^ 좋은 영상 감사합니다~ 2022년에도 복 많이 받으세요,1
46,정답:4번입니다.2022년도에도  멋지고 유익한 리뷰 기대해봅니다.️️,3
47,4번 볼보입니다. V90cc 출시 후 구경하러 갔다가 그 웅장함에 반해서 XC90 t6 ins로 계약했드랬죠,1
48,"4번이요~ 볼보 v60cc t5 pro 오너입니다.  김기자님 극찬 보구서 구입했네요ㅎ볼보 탈수록 맘에 드는 차입니다.아,  다이어리 너무 갖고싶습니다. 출고하고 꽤 지나니 딜러가 안챙겨주네요ㅠ리뷰 항상 잘보구 있습니다.^^ 감사합니다.",1
49,6GT 와 xc90은 아빠들의 워너비 차죠ㅎ탈수 있는날이 오겠죠?ㅎ,2
50,정답은 4번입니다.저는 이번에 XC60을 인수받았습니다. 차를 받고 매우 만족하고 있습니다. 오토뷰 리뷰도 차를 선택하는데 큰 참고가 되었습니다. 감사합니다^^,4
51,4. 볼보 / 항상 객관적이고 수준높은 영상 올려주려서 감사합니다!,1
52,"4.볼보  , 새해에도 좋은 영상 많이 부탁드립니다.",1
53,4번 볼보입니다.참고로 스웨덴 브랜드지만 1999년 포드에 인수 이후 2010 중국 지리라는 자동차브랜드에 인수가 됬죠.모델마다 생산국이 다르지만 시승차XC90은 스웨덴에서 생산하고 있습니다.,2
54,4번 볼보~!!! 여봉 볼보로 바꾸자~~~!! 새해도 오토뷰만의 특별한 리뷰 기대합니다. 감사합니다.,1
55,4번 볼보입니다V60 맘에 들어서 계약까지 했었는데 사정이 생겨 취소할수 밖에 없었던게 아쉽네요,2
56,볼보가 스웨덴이라는 국가가 주는 이미지를 되게 잘 녹이는것 같네요. 폴스타에도 스웨덴 올린즈 서스펜션 넣는거 보면 뭔가 자부심이 있는듯,3
57,40대 되기 전에 이차 타는게 꿈입니다아빠차 최고봉,3
58,팰리세이드가 승차감이 개선되어 나온다니 정말 기대되네요!,1
59,4번이요! 요새 볼보 인기 많아서 받는데 오래 걸린다던데 궁금했던 모델 리뷰 감사합니다:),4
60,4. 볼보 최애 자동차 ㅎ.ㅎ 다들 새해 복 많이 받으세요 :),2
61,디자인은 최고네요안전사양 빵빵하고 패밀라가로 손색없고후방 깜빡이는 아쉽네요,1
62,안전한 차의 대명사 볼보!,1
63,100-110 정속주행 연비가 궁금합니다~~,1
64,믿고 보는 오토뷰! 재관둥이 최애 채널 오토뷰♡♡콜라보  너무 기대 됩니다!!진심 볼보 잘타고 있습니다~~,32
65,4번 볼보입니다 올해도 잘부탁드려요 갓오토뷰!!,1
66,4번 볼보 입니다!!요즘 부쩍 볼보차량에 관심이 많이 가는데 외관이 죽이네요..,1
67,요즘 볼보는 없어서 못타는 차. 타는 사람보면 부러움,11
68,"정답은 4번 볼보입니다.이거 정말 어려운 문제군요,,,하지만 영상을 끝까지 다보고 구독 조아요를 누른다면 누구나 알수 있는 문제입니다. 전 끝까지 시청해서 잘 알 수 있었습니다. 오토뷰 여러분들 새해복 마니 받으세용^^ 적당한 볼보 영상 잘봤습니당ㅋ",1
69,볼보입니다. 볼보 볼보 보오올보 볼보다른 얘기입니다만.... 장소가 바뀐지 꽤 되었는데요... 그 예전에 캠리랑 es300h 편에 그 영상미 (가을)가 문득 생각납니다. 많이 이뻤었는데. ㅎㅎ,1
70,4번 볼보항상 믿고보고 있습니다.감사합니다 ,1
71,4번 볼보타이어 가이드 잘보고 그대로 바꾸었습니다만족하고 있고 감사드립니다,1
72,4번볼보입니다. 너무 오래 기다려야 하는 단점과 벤츠 비엠보다 이미지가 좀 떨어지는게 좀 아쉽네요..,1
73,4 볼보매회 차가 주인공인 영화를 보는듯 합니다영상퀄리티 최고입니다,1
74,애기들 있는 부부가 타는거 보면 정말 부러움,1
75,인트로 대박 입니다…xc60 b5 기다리고 있는데 더욱 빨리 갖고싶게 만드시네요정답 4,2
76,4. 볼보전문적인 리뷰 항상 감사합니다.,1
77,4.볼보 입니다묵직한 패밀리카 xc90은 진짜 구매하고 싶은 차 입니다.,1
78,갓토뷰에서 요새 이벤트가 많네요ㅋㅋ4번 볼보 아닌가요?기태횽 늘 감사합니다,1
79,4. 볼보.S90  대기중인데 언제 받을지 모르겠네요 ㅎ볼보 다이어리라도 먼저 받아서 볼보 느껴보고 싶네요 ㅎ,2
80,4번 볼보늘 잘  보고 있습니다볼보 오너로서 즐겁게 보고 있어요,1
81,4번 볼보입니다가족용 차량을 최고 매력 덩어리~~,2
82,4번 볼보새해 복 많이 받으세요∼,1
83,참 흰색 풀바디 도색이 어울리는 모델이에요 디자인 갑,1
84,4. 볼보 입니다 ^^ / 좋은영상 보여주셔서 늘 감사합니다 ^^,2
85,"4.볼보안전의 상징 볼보,신뢰의 리뷰 오토뷰~!!!",1
86,4. 볼보 2022년도에는 술술 풀리는 멋진 한해가 되시길 응원해요~,2
87,4번 볼보 정말 다재다능한 차,1
88,4번..아빠가 가족을 위한 최고의 패밀리카라 생각합니다갖고 싶네요..,1
89,나중에 폴스타 국내 리뷰 해 주시면 좋겠네요. ㅎㅎ,1
90,4. 볼보! 2022년에도 오토뷰 화이팅~!!,1
91,너무 어려운문제 아닌가요ㅠㅠㅠ저는 4번으로 찍어보겠습니다!! 오토뷰 화이팅!,1
92,4번 볼보입니다. 돈 많이 모아서 타고 싶어요~!,1
93,4번 볼보.... 대기만 아니면.. 볼보로 가는데.... 넘 오래걸려서... 다른 브랜드로 갔어여ㅜㅜ 담 번에는 꼬오옥....볼보 타봐야지...,2
94,4. 볼보  26년전 수능 수리탐구 34번 문제보다 어렵네요^^,1
95,트렁크 크기 설명에서 2열 폴딩  3열 폴딩 바뀐거 같습니다. ,1
96,"볼보는 나와 내 가족의 안전을 위해 좋은 자동차 같은데,  많은 구매자들을 기다리게 하는 정책은 좋은 것 같지 않습니다.",2
97,4번 볼보! 새해 복 많이 받으세요 ^^,2
98,4번입니다 오토뷰 리뷰보고 덕분에 윈터타이어 잘 장착해서 올겨울 든든하게 출퇴근하고 있습니다 감사합니다,2
99,XC90 승차감은 그랜저와 G80 중 어떤쪽 가까울까요?,1
100,4번 볼보입니다 항상 리뷰 잘 보고 있습니다,2
101,4번 볼보항상 좋은영상 감사합니다 오토뷰 번창하세요,1
102,4번 볼보 요즘 볼보 s90 진짜 많아졌더라구요,2
103,힐링되면서 유익한 오토뷰 리뷰,1
104,"4번. 볼보 입니다,, 관심차종 리뷰 감사합니다^^",1
105,정답은 4번 볼보요~ 항상 좋은 영상 감사합니다~^^,1
106,4번 볼보.드림카 브랜드 잘 보고가요.정직한 자막도 잘 봤답니다.,1
107,4. 볼보 정말 패밀리카로 사고싶지만 예산 밖의차라서 아쉽습니다.,1
108,4번 볼보 / 항상 좋은 영상 감사합니다 :),1
109,4 볼보입니당~새해 복 많이 받으세용~~,1
110,오토뷰는 못참지!!!4번 볼보!!!,1
111,가장 고급 플랫폼은 아니지 않나요? 볼보는 XC40 제외하고 전모델이 다 같은 플랫폼으로 알고 있습니다.,1
112,"4.볼보 ( Volvo )  최근에 볼보 대리점 발렛 알바를 했는데, 달력도 못 받고 퇴사를 했네요.",2
113,도어부터 해서 차 자체가 두꺼운 느낌이라 안전안전~~~ 하면서 타는 차입니다. 인포테인먼트가 좀 구식인거 빼곤 스피커며 뭐며 실내에서 만족스럽지 않은것이 없어요. 주행은 4기통이라지만 가속이 답답한적 없고(T6 320마력 기준) 주행보조시스템도 아주 만족스럽습니다. 가족 안전만 생각한다면 최고의 차입니다. 다만 독3사의 다른 대형 SUV도 타보고 싶은 생각에 다음차 볼보 재구매가 망설여지긴 합니다.^^,2
114,4번 볼보 타보고싶은차네요,1
115,문제가 너무어렵네요 ㅡㅡ...정답 : 4 번기태성님 사랑합니다︎새해 복 많이 받으세요~︎,1
116,"4번, 믿고 보는 오토뷰, 항상 응원합니다.",1
117,"4번, SUV를 사야한다면 고민하게 될것 같네요",1
118,정답 : 4번 볼보이것이 자동차 전문 매체다!!!!!,1
119,가격 때문 못  사는  볼보 입니다 ^^너무  어려워요 ㅋㅋ4) 볼보 입니다 ~,1
120,4번 볼보작년 9월에 계약하고 대기 중입니다.솔직히 취소도 고려했는데 영상보고 기다리기로 했습니다.,1
121,4번 볼보 임인년에도 반팔 화이팅!!,1
122,풀체인지 때문에 아리아를 굳이 안 넣은건 아닌지.. 어제 상담하고 왔는데 지금 계약해면 23년형 풀체인지 모델 받을거라는 얘기만 하더군요. 대기는 당연히 1년 걸리고.,1
123,4번 볼보입죠!!!토르의 망치 라이트가 다 해준 XC90,1
124,너무 늦었나. 볼보요 볼보... 갖고 싶어서 영상 보고 기억해뒀습니다 xc90,2
125,14:28  독일suv들은 다들 빠르네요ㅎㄷㄷㄷ,1
126,자신없지만 4번 찍어봅니다 ㅎㅎ영상 잘 봤습니다^^,1
127,오토뷰짱^^,1
128,4 볼보.와 정말 너무 어려웠어요 ㅠ 두시간 고민함,1
129,4번입니다~ 오토뷰 리뷰보고  v60 구입해서 잘 타고 있습니다~,3
130,4번 볼보 볼수록 볼매보는이 상관없이 볼매 오토뷰,1
131,4번 볼보로 찍겠습니다. 감사합니다,1
132,08년 군번 스카이라이프때 부터 오토뷰 충신.4번 볼보 고합니다.,3
133,전반부에 rpm 설명에서 단위가 틀린것같아요~ 875가 아니고 8750~,2
134,정답은 4번 볼보입니다. 새해 복 많이 받으세요~!,1
135,인트로 시작이 달뜬 야밤이네요.잘보겠습니다.,2
136,4.볼보 말해머합니까? ㅎ오토뷰 올해도 잘부탁해요~~^^,2
137,4번 볼보입니다. 새해 복많이 받으세요.,1
138,4. 볼보5. 안보6. 볼매 볼보하면 생각나는 이미지이네요ㅎㅎ,1
139,4번 볼보 지금부터 느껴보시겠습니다,1
140,14:22 여성성인무게해서 빵터졌습니닼ㅋㅋㅋㅋ,2
141,오늘도 펠리세이드는 가루가 되게 까이네요..ㅋ,2
142,4. 볼보 나중에 v60 타고 다니고 싶네요,1
143,13일 목요일날 전국적으로 폭설내립니다. 윈터타이어 영상 한번더 찍어주셔야 할것같습니다.,1
144,어제 10개월만에 드디어 차를 인수 했습니다.새턴그레이 색상의 90 이  ㅎ4번,1
145,3.여봉~ 오토봉~ 행복하세요~,1
146,아내에게 푸조를 사주고애인에게 볼보를 사줘라이런 농담이 있습니다. ㅎㅎ,2
147,김선웅 기자님 컴백 반가워요~^^4. Volvo~~,2
148,제가 SUV 동급 구매한다면 우선순위1.X52.Q7,2
149,4. 볼보새해 복 많이 받으세요 !,1
150,볼보 여윽시 볼보구나,1
151,이 영상을 시청 못한 팰리세이드가 주차장에서 귀를 간지러워합니다,5
152,B6 제대로죠..........XC90 만든 브랜드는 4. 볼보~~~~~~~~~~ ^^,1
153,진짜 어렵네요찍어야 겠다.4번 볼보,1
154,내가 가는 길만 유독 막히는 거 같다....내 길 맨 앞에 이차가 있다.(제네시스 g80포함),1
155,봉봉에 참 맛나지요... 포도 알맹이가 들어간 최초(?)의 음료수4. 볼보가 아닌가요 ㅋㅋㅋ,2
156,볼보 참 꾸준하네요 3번 여봉,2
157,4.볼보새해 복 많이 받으세요,1
158,당신의  조카 태우고 달릴수 있는  실측을 제공하세요.어디서 180km/h로 달리시겠습니까?..,1
159,4번 볼보 안전4번타자 볼보!,1
160,"안전하면 볼보, 볼보하면 안전",2
161,4번 볼보입니다V60CC타서 겨우 맞췄네요,1
162,"아, 어렵다…4번 볼보?!",2
163,4번 볼보 입니다 ㅎㅎ 너무 어렵네요,2
164,4번.볼보 천만구독기원합니다.,2
165,좀 늦었네요....볼보 입니다..... 항상 즐겁게 보고 있습니다......,2
166,4번 볼보.어렵네요.ㅎㅎ,2
167,정답은 4. 볼보  고민이 많이 되었네요 하하,2
168,4번 볼보새하 복많이 받으세요,1
169,근데 디자인이 좀 바뀌어야 페이스 리프트라고 하지 않나,1
170,너무 어렵네요 혹시 4번 볼보 인가요?,1
171,이벤트 참여합니다~ 4번 볼보입니다~,1
172,4번볼보 입니다.목소리가 인상적입니다.,1
173,4.볼보GV80이랑 고민중이예요ㅜㅜ,2
174,노사장이 인정한 기태형ㅋ노사장보다 기태형이 어림ㅋ난 기태형이 젤좋음ㅋ4.볼보,4
175,헤드레스트가 시야 방해 답답함개선 필요,1
176,4번 볼보요. 맞춰 아나고 맞혀 입니다. 감사합니다.,1
177,재관둥이 누구지 했는데 개콘에서 마술개그 하셨던 분이네 재밌게 봤었는데ㅋㅋㅋ 유튭하고 계셨군요,1
178,4번이요... 볼보...3번은 언제 생기려나...,1
179,6:22 급발진 ㅋㅋㅋㅋㅋ,2
180,4. Volvo 오토뷰테스트팀 오야호 ~,1
181,직이네 볼보!,1
182,4번 볼보입니다~볼보는 2열독립시트안나오나요ㅜ,1
183,"한겨울인데 긴팔티 ,점퍼 제공해주쎄요!!!!!",1
184,4.볼보 죠? 어렵다 진짜 ㅎㅎ,1
185,볼보의 최대 단점은 중국차라는 것 ㅠ,2
186,5.국보오토뷰는 국보급이쥬,1
187,차보다 아내를 더 사랑합니다.3. 여봉,1
188,티맵은 빠졌나요? 이부분에 대한 설명이 없네요~,1
189,4번 볼보 입니다~~~이 영상  ㅋㅋㅋ  전 12월에 본것같죠?  ㅋㅋㅋ,1
190,피디님 팰리 부를때 살짝 격앙되신거 같은데요?? 기분 탓이죠??,1
191,4번 불보요 드림카 입니다 감사합니당,1
192,이벤트 참여~정답은 4. 볼보 입니다~,1
193,xc90도 뒷자리 승차감은 절대 좋지 않은데 팰리에 비해 너무 까네요,2
194,마일드 하이브리드가 슈퍼차저인가요?,1
195,김선웅 기자님 반갑습니다~~,1
196,정답은 2번 봉봉입니다!봉봉타고싶어요,1
197,"I4 라고 나오는데,, V6 엔진이라구요?",1
198,정답 4 번 볼보 볼보 볼보 ㅎㅎㅎㅎ,1
199,오토뷰  사랑합니다 하지만 중국차는  안타요,1
200,4번 볼보입니다~~  :),2
201,그래도 밴츠 거시기가 젤임,1
202,4번 볼보!!! 병돌리기했는데...4번나옴...ㅋ,1
203,4번. 볼보!!볼보오오올 보루보루 보올보! ㅎㅎ(뽑아주시면 위에 문장으로 노래보올보 드림),1
204,4. 볼보 입니다 ㅎㅎㅎ,1
205,4번 볼보입니다언제가는 타고 말리라,1
206,빼빼마른사람 ㅎㅎㅎ 오늘도 잘봣습니당,1
207,어떤 다이어리 주나요?,1
208,Xc90 이냐 x7 m 이냐...,1
209,잉 xc90페리 벌써 나온건가요????,1
210,정답 4번 볼보입니다.,1
211,17분에서 xc90이 아리씨 못만나는데 아리씨있는xc60에서 못만난다고 했어요.,1
212,"이젠 쫭께차 안녕~동북공정,한복공정 쫭께",1
213,볼보 입니다 ㅎㅎ,2
214,펠리세이드야!!! ㅋㅋㅋㅋㅋㅋ,2
215,음 4번 볼보?? ㅎ,1
216,4번 볼보입니다!!!,1
217,4번 볼보!!!!,1
218,누굴 바보로 아나 당연히 5번 이케아.,1
219,4번 볼보!!,1
220,정답 : 볼봉,2
221,4. 볼보!!!!,2
222,4번 볼보입니다!,1
223,다이어리 이벤트 뭐예요??받고싶다,1
224,볼보 입니다.,1
225,정비서비스센터가 난장판입니다. 악명이 너무 높아요.,1
226,4번 볼보!,1
227,Volvo,1
228,광고끝까지 봅시다,1
229,4. 볼보 입니다,1
230,디자인은 솔직히 구리다,2
231,4. 볼보욥!,1
232,4.볼보 !,1
233,4. 볼보,2
234,볼보가 뭐가 이쁜지 모르겠다 ㅋㅋㅋㅋㅋㅋㅋㅋㅋㅋㅋㅋ,1
235,3.여봉 사줘,1
236,4.볼보,1
237,4번 볼보욥,1
238,4번 볼보입니다,1
239,4번 볼보,1
240,4. 볼보,1
241,4.볼보,1
242,4번 볼보,1
243,볼보,1
244,volvo,1
245,4번. 볼보,1
246,4번.볼보,1
247,"4. ""볼보"" 입니다",1
248,두글자라는 편견을 버려 여의봉 어~! 이거잖아 무식들 하긴..나무스프링 따봉 이거잖아.,1
249,2등입니다 잘보겠습니다,2
250,4번. 볼봉,1
251,4볼보,1
252,2. 봉봉 !!!!,1
253,9천만원에 4기통이라,1
254,1:29,1
255,빼빼마른 사람? ?,1
256,Made in china??,3
257,1등,2
258,4번!입니다,1
259,2등,2
260,4. 볼보,1
261,4.볼보,1
262,4번 볼보,1
263,4번!입니다,1
264,3등,2
265,3. 여봉,1
266,4번 ㅎㅎ,1
267,4,1
268,4번입니다,1
269,4. 볼보,1
270,4.볼보,1
271,3. 여봉,1
272,4. 볼보,1
273,저 같은 경우엔 달리는것을 좋아하는데 이 차량을 딱 타면 갑자기 역변하면서 나도 모르게 천천히 부드럽게 안전운전 할 듯ㅋㅋㅋㅋㅋㅋ볼보에 맞게 신사적인 운전자로ㅋㅋ,10
274,아무리 터보엔진이라 한들 저 큰 차를 2천cc.엔진이 감당하는 것은 무리가 있어 보이네요.,5
275,"투아렉3.0과 비교하면 승차감,뒷자리공간,트렁크 크기 어떤게 각각 더 좋은가요?",4
276,잘 봤습니다~ xc90 풀체인지 계획은 없는지 궁금하네요 ㅠ,3
277,어? 이상하다 재업로드인가용? 안전율이 높은 차로 아는데 봐도봐도 디자인이 질리지가 않네요. 역시 시트가 좋아보입니다. 차박하기 좋은 차 같네요~,3
278,믿고 보는 한상기님,1
279,링컨 에비에이터와 폭스바겐 투아렉은 승차감이 어떻게 비교될수 있나요???,2
280,12:32 한상기 우측 코너13:36 한상기 좌측 코너,10
281,2열은 이중접합 유리가 맞나요?,3
282,2열 시트 리클라이닝은 되겠죠?ㅎ,2
283,젤 좋아하고 관심있는 차 중에 하나........................... 감사드립니다~~~~~~~~~~~~~~ 검정색 예쁘네요,4
284,와.. 사악한 가격... 오싹.,1
285,혹시 XC60 B6 도 리뷰 하실 예정인가요?,1
286,혹시 b6와 t8 어떤걸 추천해주시나요?,1
287,수정후 재업로드하셨군요항상 좋은 영상 감사합니다,2
288,'안녕하세요 한상깁니다.'가 오늘따라 좀 빠른 느낌이네요,6
289,잘보겠습니다~! :),2
290,2열 리클라이닝 싼타페나 쏘렌토 수준으로 되나요?,1
291,아기들 생각하면 무조건 사고싶은차 1위가 xc90인데 소음은 방음작업하면 괜찮아질까요?,1
292,8700이 적정가격이다,1
293,"재질이나 실제 타보면 많이 다를수도 있겠지만, 차알못 눈에는 1억짜리 차 치고 솔직히 내장이 너무 빈티나는거 같습니다ㅠㅠ",11
294,킹상기니뮤ㅠ,2
295,6년째 같은디자인...어허... 바꿀때안됬냐..,2
296,한상기님 혹시 X7은 리뷰계획없으신가요??,3
297,내년엔 루미나 자율주행 달고 나오는..,1
298,잘볼게요오~!~!~,2
299,6:32 한상기 보행기,41
300,중국산 부품이 늘어나고 있다니 볼보도 더이상 안전에 대한 메리트가 없음,1
301,어디가 바뀌었을까?!?! ㅎㅎㅎ,1
302,이거 보는데 헤이딜러 한상기님 광고 나왔네요ㅋㅋㅋㅋ,5
303,이차타고 사고나서 죽은사람 없다던데. 진짜입니까? 한대표님?,1
304,차값 대비 조금부족하다,2
305,언젠가   새차사면  이차를 사고싶은데   어떤가요 타고계신분ㅠ,2
306,볼보ㅠㅠㅠ사구시퍼용,4
307,XC90 은 중국 생산인거죠?,1
308,08:30 한상기 킥,10
309,전쟁도안했는데 집을뺐기고 노숙자신세가되는세상 광명뉴타운에는 국가유가족에게 입주권도안주고 강제로내쫒아버리는것은 국민차별 노숙자양성 양극화시대 보이지않는 전쟁이다 강탈시상 이다 여러분 조심하세요 오래살기 전 정말 정말 정말 정말,1
310,집=나의조국,1
311,1억 가까이 주고 사기에는 아쉬운 차 같이 보여요.,8
312,아프칸난민=광명난민 뉴타운에서 입주권도 못받고 쫒겨난난민. 강제로 집을뺐겨버린원주민들 정말 정말 정말 정말,1
313,1등 !!! 영상 잘 보겠습니다 ㅎㅎ,2
314,다 좋은데 차가 뭔가 심심함,1
315,모든뉴타운에서 집을뺐겨버린원주민들에게 입주권이라도 찾아주어야 진짜민주주의정부 한다는것 입니다 정말 정말 정말 정말,1
316,1뜽,3
317,이쁘다,2
318,난 이게 왜 이렇게 인기가 있는지 이해가 안감,2
319,2나의소원은 뺐긴집찾기,1
320,어? 재업하셨군요.,7
321,한상기 오류 수정,1
322,재업로드로군,2
323,또 봅니다,3
324,저걸 1억가까이 주고살빠에 gv80이 나을듯..,2
325,볼보 중국산 아님??,4
326,ㅉㅉ,3
327,ㅠ 이시국에 중국차는 좀 아니지 않나요.....??ㅠㅠ,8
328,제네시스보다 못한,7
329,이제 볼보의 시대!!,79
330,"안전, 디자인, 주행성능 그저 완벽",13
331,지금 8개월째 기다리고 있는데 두세달 더 기다려야되네요. 가끔 차 산걸 까먹습니다. 근데 요즘 왠만한 국산차도 그정도 대기라고 하니 ㅋㅋㅋ 위안(?)이 됩니다 ㅋㅋ,12
332,계약하고 입대하면 전역때쯤 나온다는 전설의 볼보차군요..,119
333,볼보xc90 완전멋있고 디자인도 바뀌니깐 짱좋고 안에 디자인도 고급스럽네요 추운날씨에 영상올려주셔서 감사합니다 힘내시길바람니다 화이팅  그리고 볼보 xc90  완전짱,7
334,볼보 SUV 꼭 시승하고 타시길... 시트가 너무 편해서 좋았는데 서스가 너~무 단단해서 포기!,12
335,볼보는 확 뛰어난건 없는데 만족도는 꽤 높아서 재구매율도 높다는.저도 볼보 두번째 탑니다.,32
336,볼보가 안전하다고 하던데 충돌실험시 볼보는 차가 벽에 충돌시 옆으로 비껴나가더라구요..좋은 영상도 감사합니다:),7
337,15년전에도 강남신사동에 매장 있었습니다. 그당시나 지금이나  xc90은 볼보의 대표기종으로 안전하고 오디오 좋으나 아직도 독3사에는 밀리지만 한국에서는 중고차시세 초강세 입니다. xc9015년 오너입니다.,10
338,설명 ㅡ해설  ㅡ끝판 왕  !  구매욕   100%  입니다   !  즐감하였읍니다   !,1
339,불과얼마전 할인을 때려도 누구하나 처다보는 사람없는 그런 브랜드였는데  정말 새삼 느낍니다 한국인의 단순함은 역시 세계no1 짱~ ㅋㅋ,32
340,진짜 잘팔리는 이유가 있는거 같아요,1
341,이야 XC90 포스가 장난아니네요. ㅎㅎ 멋집니다.,3
342,볼보 계약했다가 1년 웨이팅이라 걍 벤츠로 넘어왔는데 볼보 볼때마다 너무 좋은거같아요 ㅠ 눈에 아른아른,5
343,라면은 순한맛을 안좋아하는데우파님표 순한맛리뷰는 구독을 부르게합니다깨알 유우머 포인트도 무척 센스있으시고 재밋게 시청하고 있습니다,2
344,안전한 차의 표본이지요. 외형만 좀 더 이쁘면 더욱 선호하지 않을까? 생각해봅니다.,5
345,저도 볼보XC90을 타고 다니는데 패밀리카로 만족합니다. 특히 사고나도 가족들을 지켜줄것 같습니다.,9
346,좋은차 이긴한데 풀체인지될 시기가 되서 지금 구매하기엔 늦은감이 있네요,95
347,요즘 볼보 디자인도 되게 이쁨,12
348,늘 좋은영상 감사합니다맨날 이차 사세요 하셔서  사시라는 차가 많아 당황스럽기도 합니다 ^3^,3
349,x7 b&w 스피커 쓰는데 진짜 인정 합니다.여태 탓던 차중에 스피커 음질은 단연1등..,12
350,도로에서 볼보가 생각보다 많아져서 놀랐습니다,2
351,안전의 끝판왕.,2
352,설명하는게 귀에 쏙쏙 들어와요.,2
353,볼보xc90 내년에  꼭 구입하고 싶다ㅎㅎㅎ,1
354,지금 XC90 풀체인지 나오는데 별로 안남아서 대기기간 1년정도니 지금 구매하는건 조금 애매하네요.,4
355,막상 사려고 하면 애매한게 볼보던데...안전에 대한 가중치가 높다면 만족할듯 한데 승차감 주행질감 브랜드 인지도 as까지 고려하면 독3사보다는 확실히 한급 이상 아래로 느껴짐  가격도 딱 그렇고,19
356,볼보 분명히 좋은차긴 하나 썩 끌리진 않는다...경쟁차에 비해 장점이 없음...4기통2000cc는 진짜 너무했어;;,51
357,안전의 대명사 볼보 안전사양 선두주자볼보사의 xc 시리즈 정말 좋아요,2
358,2리터 볼보 suv랑 x5가 비교대상이되는 정도로 bmw가 많이 죽었군요 ㅜㅠ,2
359,우파님 강민tv 통화영상봤어요 저도 시청하고 있었는데 그래서 궁금해져서 구독하게 되었고 설명이 상세설명잘해주셔서 가끔 봤었거든요~^^저희는 BMW740LI11월초 계약하고 왔는 bmw도 설명해주셨으면 좋겠어요~^^,1
360,이번에 이차 샀는데 대기만 오래걸릴뿐 차는 찐으로 좋음,21
361,애초에 한국에 들어오는 물량이 너무 적으니..대기가 너무 기네요,1
362,볼보의 안전은 특별하다. 킹보,12
363,딱봐도 단단해 보이네요 ^^,4
364,"볼보타다 사고나서 수리비 받아보게되면, 안전과 어느정도는 타협하게됩니다.",17
365,타다 죽지 않는 자동차.... 그것이 바로 볼보 ㅋㅋㅋㅋㅋㅋ,8
366,사고싶다!!!!,2
367,"시승해보니 다 좋은데 4기통의 한계가 바로 느껴지는 차, 그리고 말도 안되는 대기..",8
368,대단한 차 입니다,9
369,"폭스바겐 패딩입고, 볼보 영상인데 설명은 BMW 진짜 환장하겄네ㅋㅋㅋㅋㅋㅋㅋㅋ",53
370,외제차 중에 다시 구매하고싶은차 볼보 90%이상,3
371,몇억대 고가차는 아니지만 저의 로망,1
372,볼보는 믿고 타죠,9
373,Xc90 넘 갖구싶당 ~~~!,3
374,볼보는 작은 거 살수록 이득이라 배웠는데...,2
375,XC90기다리다 대기땜에 포기하고 신형 디스커버리 타다 팔았는데 XC90 샀으면 아직 탔을 확률 높을듯...,5
376,볼보는 뭔 배짱으로 이렇게 차를 안가지고 오는지. GV80이랑 비교하려고 전시장 가서 XC90보고 옵션이랑 내부디자인  좀 구려도 안전하고 외부디자인도 괜찮고 가죽 느낌도 좋고 공간도 괜찮아서 인스크립션 바로 계약하려고 했더니 원래는 1년 기다려야되는데 좀 더 기다려야될수도 있다며; 그냥 계약 안하고 나옴;,2
377,왜 형은 리뷰하는 차마다 다 사라고하는뎈ㅋㅋㅋㅋ,12
378,안전의 대명사 볼보~~~,1
379,오늘의 최고 충격은우파가 나보다 네살 어린거..지금까지 우파형아라고 했는데 내 동생보다 어려…,5
380,에스컬레이드랑 이거중에 어떤게 좋으신가요 여러분의 생각은?,1
381,안전성과 디자인때문 구매할 계획을 했는데 좀 망설여지네요개인적으로 별 필요없는 사운드와 뒷자석 좁은거....  다른건 다 괜찮은데ㅠㅠ사운드때문에 가격만 올라가서요,1
382,볼보가 좀 그런게 인스크립션 등급은 그나마 잘들어오는데 깡통 모멘텀은 거의 안들어오던만....,1
383,신기하네요. 미국은 볼보가면 바로 그날 출고 가능합니다.,3
384,볼보는 자기동네에 as센터를 잘 봐야함 ...안그러면 정비하려면 애먹습니다....,3
385,폭스바겐 점퍼 입고 볼보 리뷰재밌습니다 수고 하셨습니다,1
386,볼보XC90도 멋지죠 ㅎㅎ,6
387,우파님 머리스타일 너무 착해보인다능ㅎ 젊어보이는 효과두,1
388,볼보 4년전만해도 지금 디자인 이전 풀첸전. 디자인이 워낙 구려서 아무도 안삼 별명이 나이든교수 차 이여다가 풀첸지 디자인 이쁘게 뽑아서. 이미지 세탁 제대로된 브랜드,2
389,우파님 영상 잘 보고 있습니다.모하비 더 마스터 그래비티 시승기 영상 언제 올라가나여??,1
390,1년 기다리면 받을수있나? 좋은건 알겠는데 느무느무 오래기다려야되서..감가도 적고 ..좋긴좋은데..,1
391,오너인데 진짜 차 좋아요ㅎㅎ근데 2열은 엄청좁아요t8인스탑니다,1
392,플러그인 하이브리드 한정판으로 팔때 아빠가 주문했는데 1년 넘게 기다려야 한다해서 그 돈이면 그랜저 하브 3대 산다고 해서 아빠차 큰형차 작은형차 샀다는 가슴아픈 기억이 있어요,4
393,볼보 XC90진짜 이쁘긴 해요 취업하면 볼보 사고 싶어요 비엠을 사랑하는 사람이긴 하지만,4
394,차량은 볼보인데 잠바는 폭스바겐이네욬ㅋㅋㅋㅋㅋㅋㅋㅋㅋㅋㅋㅋㅋ,1
395,볼버 v40 s90 xc90오너입니다가성비 좋은 볼보차타보면 생각보다 좋습니다,6
396,익스플로러도 리뷰도 해주세요 !!,1
397,우리나라에선 꽤 브랜드 이미지 좋던데 해외에선 어찌 평가 받나요 ?  안전은 참 좋은데 고급 브랜드로 구분되는건지,1
398,갖고싶지만..비싼건어쩔수없넴.ㅠㅠ,6
399,단점 : 3000cc 육기통엔진이없...,12
400,"XC60 은 티맵도 되고, 보이스 시스템도 되는걸로 아는데 XC90은 안되는 걸로 알고 있음니다. 지금사면 호구!",1
401,안전성때문에볼보 원픽! ㅎㅎ..,3
402,볼보 v60타는데 오디오는 정말 좋아요 세컨카로 박스터 있는데 박스터 보스 오디오는 쓰레기같아요 ㅋㅋㅋ,1
403,차 나올때마다 정답이지.,1
404,저의 드림카 입니다 엉엉 흰색 최고네요 으헝ㅜㅜㅜㅜㅜㅜㅜㅜㅜㅜ너무 완벽 그자체,3
405,와 방금 행궁동에서 지나가는거 봤는데....사진 찍고 싶은데 훅지나갔네요ㅠㅠ존엔진???피자집 들어가셨네요ㅋㅋㅋㅋ,2
406,볼보는 역시 중고차로 ㅋㅋ,1
407,"오디오는 v60,90크로스컨트리랑 xc40이나 xc60에는 없는 옵션인가요? ㅠ",3
408,b&w 은 10년이상 하이엔드 오디오 1위의 회사죠...,7
409,뒷자석 시트 관련해서는 제가 듣기로는서양인들은 종아리가 길고 동양인은 허벅지가 더 길다고 해요... 아마 서양인 체형인 사람이 앉으면 뒷자석도 알 맞지 않을까 싶습니다 ㅠ,2
410,잘보겠습니다~~,1
411,지금은 유지하기 어렵고 2년후에는 유지가능합니다. 내일 계약하면 적당할까요?ㅋㅋ,2
412,"볼보v90 4년차...첨샀을때 왜 볼볼?이라는 주위 시선 극복구간. 2년차...그래도 자기만족과 오디오,시트 자랑구간. 3년차...당연히 먼찬지 기냥 몬다능. 4년차...좋았던 북유럽 심플함이 이젠 지루지루&오디오 무덤덤(2열 방석 짧은느낌 공감)그래도 차좋음(단.메드인차이나는 깨름직ㅋ)",1
413,주차 P후 시동끄고 N으로 변경 되나요??ㅠ,1
414,카시트 태워야 하는 애기가 4명인데 성인2명 포함해서 6명 가능할까요 우파님???,2
415,풀체 전에 막판 스퍼트를 위한 리뷰.?,1
416,볼보도 자율주행 기능 있나요? 요즘 벤츠나 제네시스도 들어가던데,1
417,볼보 승차감은 독삼사랑 비교하면 완전 아니라는 평이 많던데....,5
418,국산차 중에서 가장 안전한 차 추천부탁드립니다...,1
419,나도 우파님 생각과 같음... 굳이 여행 갔으면 숙박은 편하고 좋은데서 하지 뭐하러 불편하게 차박을 하는지... -.-;; 더군다나 저런 차 몰고 다닐 정도면 돈 없는 것도 아니고.... 고생을 사서 할 필요까지야...,1
420,요즘 길거리에 볼보가 은근히 많이 보임 좋은차니깐 많이 보이겟죠?ㅋㅋㅋ,2
421,참 좋아 보입니다..,1
422,돈값 하는 차라고 감히 말할 수 있는 차 XC90,8
423,사고싶어도 돈이있어도 못사는차.. 1년반 대기라는 소리에 이게 무슨 포르쉐라도 된다는 말인가.... x5로 구매했습니다,1
424,볼보볼보 외치지만 현실은 국산차 겨우 타고 다니고...ㅠㅠ,2
425,Xc90 내년 말이나 내후년초에 풀체 되니까 그때 구매각 재면 좋을듯합니다,7
426,V60cc도 해 주세요,1
427,엄마 사주고 싶다 ㅎㅎ,1
428,이차는 멀미 괜찮나요 밑에등급들은 멀미 너무심해서,1
429,Rx450h 도 리뷰해주세요ㅠㅠ 우파니뮤ㅠ,1
430,Xc60도 부탁드려요!,2
431,아무리 다운사이징이 대세라고 해도 4기통을 그돈주곤 못사겠습니다,3
432,러기지스크린 설명 자세하네요.,1
433,정확한핸드링 악셀은발는대로나가는데. 안전감있다,1
434,실내 디자인은 gv80 압승,4
435,사람들이 중국산이다 뭐다 그러는데 그런 중국산도 못타면서 말하고있는게 참 아쉽다...,2
436,XC90 차는 큰데 엔진이 2.0 달리면 엔진룸에서 깡통소리남,5
437,우파형 정답이 왜 이렇게 많아요...,3
438,스크린 터치...  전 손에 익어도 운전 중 위험던데...  공조기는 빠져 있는건가??,1
439,볼보가 좋긴하지,2
440,사람마다 보는 기준이 정말 다른가봐용; 저는 테일램프가 제일 별로인뎅..ㅠ.ㅠ 그것만 아니면 참..,1
441,유명인들 교통사고 났는데 탑승자가 멀쩡하다는 그 차 ...,2
442,입대할때 계약하면 전역하고 나온다했는데요즘은  전문하사까지 하고나와야 나오는 차아닌가요....ㅠ,5
443,빨리나오면 더 좋은차,1
444,30톤 트럭이랑 정면충돌해도 끄덕없는 차아닌가요??ㅎㅎ,1
445,으앜~~볼보닷!!엄지척!!,2
446,아빠들의 패밀리카...선생님... 87년이 옛날세대 아재면 80년생은 할아버집니까....,2
447,그냥 디젤 2.0 팔았을때가 더 나았음,1
448,디자인 성능 연비 승차감 4기동 리프스프링 다최악이지만 유독한국에서만 잘팔리는이유 메드인 차이나,1
449,볼보가 은근히 서스가 딱딱함,1
450,볼보 중국이 인수하고 차 안전성 망했다는 글 본 것 같은데 아닌가보네요.. 암튼 볼보는 박지윤한테 평생 차량 제공해야할듯 하네요,1
451,승차감이 많이 안좋다던데 좋나요?,3
452,안전 밖에 없는 차,1
453,좋아보이네ㅎㅎ as 5년15만 아우디 q7이 끌리네요,1
454,1년 타다가 승차감이 너무 싫어서 x5로 갈아탐,1
455,썸넬 진짜 킹받넼ㅋㅋㅋㅋㅋㅋㅋ,3
456,Xc60이 칠천이라고 알고있는데 90은 얼마가 인가요?,1
457,할인 1도 없고 전시차 받을수있음 그게 할인이라는 볼보차,2
458,와 좋다~근데난 X5 45e 살래요 헤헤,6
459,형님 저 s90 대기걸어놨는데 s90 리뷰도 한번...!!,1
460,오늘의 차차 포인트 : ,1
461,개인적으로 센터페시아 디자인이 별로라.. 액정도 좀 키우지,1
462,차가 잘안나가서 죽은사람없는건 아니겠죠? 2.0 에가속이 좀폭발적이지않아 그냥 잔잔하게 타는차라 생각했는대 ㅋㅋㅋ  독삼사 능가하면 후덜덜하겠는대요? 독삼사를  능가하다니 !!,1
463,30m 절벽에서 떨어트려도 안찌그러지는 그 차인가,2
464,V60 2012년식 타고있는데 이클로 내년 펌핑나오면 바로 xc90 간다.,1
465,전폭은 X5보다는 GLE지 2020mm인데,1
466,승차감 s class 만큼 부드러운 가요?,1
467,볼보 기어봉은 불편한 듯,1
468,xc구공 b식스앞에 숫자랑 뒤 숫자랑 왜 다르게블러요?,1
469,다좋은데 3열 수동은 좀 그렇다,1
470,우파님 원래 볼보 리뷰? 잘 안하지 않으셨나요?,2
471,2열 3열 수동은..흠..,1
472,이차의 단점은 4기통.....,7
473,지금은 미국차가 대세..,1
474,볼보 좋긴한데 비싸잖아여,1
475,Bmw사세요ㅎㅎ 둘중타보면 답나옴..,1
476,최근 충돌 안전테스트 결과 보시면...,1
477,사고싶지.. 못살뿐이지...,3
478,"볼보도 옛날 그 시절 볼보가 아니지 ,,,중국차 인거 아직도 모르는 사람이 많은듯 마케팅의 승리",1
479,볼보코리아의 만행과 드럽게 비싼 AS비용등은 얘기안하시네,1
480,볼보,2
481,촬영지는 경기대인듯. 테니스 많이 치러 갓엇는데..,1
482,아우디 비엠 중형타다가 캠핑에 꽂혀서 볼보차량을 샀지요 아~이래서 안전하구나~~바로 느꼈지요 이건 머 고속밸런스 똥망에 속도도 안붙고 무서워서 고속에서 속도를 못올리고 그러니까 안전하지 잘봐라 고속도로에서 볼보차량이 쏘고다닌거 봤는지,2
483,중국차라고 존나 까더만 여기는 클린하네 편안...,1
484,이차보다 X7가 상급인가요?,2
485,사고 싶은데 능력 밖 입니다 ㅠㅠ,2
486,결혼선물로 계약하면 첫째 출산때 받는 일타쌍피 선물 볼보,1
487,볼보xc90 차하난 좋구먼차에 비유한다면 복면가왕급차이다디자인 성능 브랜드 승차감은 최고의 차인데xc90차는 기아자동차의 모하비나현대의 갤로퍼나 테라칸 급,1
488,저는 gv80 사야할지 아니면xc90을 사야할지 모르겠어요,2
489,GV80이 더좋아요.ㅋㅋ,1
490,볼보 리뷰를 하시는데 폭스바겐 패딩을 입고계시네요 ㅎ,1
491,볼보가 독삼사보다 퍼포먼스가좋다고요??;;;bmw랑 대결해봤음 좋겠네요,1
492,근데 VW 패딩 무엇ㅋㅋㅋ,1
493,나중에 부모님 사드리는게 꿈,1
494,작년 11월에 계약했는데 아직도  안나오는 차,5
495,저번에는 중국산이라고... 관계개선 된걸 축하 드림~,1
496,대기가 엄청길다던데. 1년정도걸리나요?,1
497,돈이있어야 고민을안하죠,1
498,아직도  2000 cc 엔진인가요?,2
499,편집자 일안하네.. 볼보xc90이 언제부터 bmw x4가 되었는지...,1
500,우파님... 170조금안되는거아니죠??,2
501,1억주고 XC90이라....음~~~~,6
502,돈있으면 차박 안하고 캠핑카를 끌고 다니겠죠ㅋ,1
503,볼보사려했는데 1년2개월걸린다해서..,2
504,사고 싶어도 못사는 가난함~,1
505,풀체인지얼마나남았다고ㅡㅡ우파야적당히하자,1
506,아니 제로백이 6.7초인데 5.5초 5.7초하는 벤츠 비엠보다 훌륭하다고요? 너무 빨아주는거 아닌가요? ㅋㅋㅋㅋㅋ,4
507,우하~~~게시글 BMW X4로 되어있어요~볼보로 수정해주세요~,1
508,아니ㅋㅋㅋ제목은 이거사라믄서ㅋㅋ왜케 낑낑되세요,1
509,XC60은 어떤가요????,1
510,"좋은차이김한데 4키통이라,,,",1
511,그냥 이차가격이...,2
512,우파형 겨울벌초하셨네요ㅎ,2
513,"좋은건 아는데, 너~~~무 오래 기다려요...",1
514,음... x5 살거같음..,2
515,Xc90리뷰인가 X4설명인가. ...,2
516,승차감이 너무 별로던데,2
517,인스 시승해봤는데 승차감이 별로임 비슷한 가격 승차감 좋은 에비에이터 계약함참고로 볼보 저 가격에 3열 접는거 수동임 에라이,2
518,As 수리비 생각하면 ...,1
519,한정판매하면서 소비자 우롱하는 볼보가 좋은기업일까요?  참고로 중국제작입니다,1
520,지리자동차,3
521,아우디 보증 5년에15만인데...0,1
522,차는 좋은데 돈이없네 T.T ㅋ,1
523,사고싶어도 못사요. 차가 와야 사지여,1
524,볼보는 차량 겉 디자인이 너무 뒤떨어져서 싫다ㅡ,1
525,00~31초에 나오는 도끼노랜것같은데 제목 좀 알수있을까요??,1
526,23형 아리야장착도ㅣ서 나옴ㅎ,1
527,돈이없네요.. 흐규흐규,1
528,볼보는 6기통이 안나오나요?,2
529,우파님 이승철 닮았어요,2
530,"저 덩치에 제로백 6초대, 320마력인데 뭐가 부족한거냐? 함 타보고 얘기해라. 밟으면 밟는데로 쭉쭉 나간다. X5랑 Q8이 340마력이다. 꼴랑 20마력차이인데 대체 4기통이 뭐가 문제라는거냐? ㅋㅋㅋ",1
531,1억짜리 4기통..,2
532,"옆 모습은 올뉴렉스턴이군,ㅡㅋ",1
533,나만 실내 별로냐..,2
534,볼보 쉣,1
535,실내보면 정뚝떨,2
536,머리 귀엽게 자르셨네 ㅋㅋ,1
537,1분전은 못참지,1
538,이제 중국차가 되버려서...,1
539,한국에서볼보는 덤프트럭,1
540,볼보 차주인데요 요즘 비엠 벤츠 프리미엄 너무 많이 붙어서 그렇지 볼보 차 바디 진짜 탱크인거 빼고는 편의성 실용성 퍼포먼스 너무 떨어 집니다 싸기라도하면 말을 안하지~완전 비추,1
541,볼보~,1
542,이사람은 차만 나오면 그차 사래ㅋㅋㅋ지조없나,1
543,곧 풀체인지,1
544,🇨🇳 ㅡㅡ;;사고 나봐야 알지.,3
545,,1
546,15:09 차주님  우파님이 차에  침뱉었데요,1
547,다 좋은데 고급휘발유 ㅠ,3
548,딱보니 전문대 겨우나온놈같은데..,1
549,다좋은데 지리자동차+as,10
550,4기통갬성,1
551,이벤트마려운차내이거,1
552,펠리세이드 VS볼보90 아무리봐도 거기서 거기같은데요....,1
553,결국 중국에서만든 볼보로고박은 자동차,1
554,잉 내용은x4인데요!?,2
555,중국자본.... 풀체인지 전에 재고 팔아넘기기... 우파 실망,1
556,우파님 30대 이셨어요? 헐,1
557,왜 볼보 리뷰하며 폭바 잠바 입으셨어요. 첩자다! 오랑캔가?,1
558,"아..............일본차만 아니면,,",1
559,물량이  너무적어서  대기 1년  이제  풀체인지 되는데  뭐하러사,1
560,잔고장  흠  4기통  흠,1
561,네? 87년생...이라굽쇼?ㅋㅋ,1
562,이젠 중국꺼아님?,1
563,대기가 너무오래 걸려요,1
564,ㅋㅋㅋㅋㅋㅋ,1
565,센터페시아 디자인이 너무 별로야..,7
566,우파 아져씨가 볼보의 실체에 관해서 잘 모르시네... 그냥 볼보는 결함 덩어리라고 보면 되요.  고장 잦고 문제 많습니다.,2
567,중국 지리자동차꺼 아닌가?,1
568,사라 마라하는건 좀 ..,1
569,As /부품값,1
570,볼보는 네비게이션이 좆구려보임,1
571,중국회사 차를 사라. 미쳣냐.,3
572,2:09 어라운드뷰에요,1
573,중국차?!?내장제가 싸구려차 같음,3
574,음 이쩐찌찌가 아쉽네,1
575,센터페시아 너무구려...,1
576,저가격 저덩치에 4기통,1
577,우파는맨날 이차사래 니같으면 이차사것냐? 우파야??,2
578,87이었어..??,1
579,광고 아니니,1
580,중국자동차...,1
581,중공차를  팔고잇나?,1
582,중국차.. 그냥,1
583,굳이 볼보를?ㅋ,2
584,경기대,1
585,ㅈㄴ 안나가서.. 답답해서 타겠나? ㅈㄴ 느린데,1
586,실내는 별루,1
587,Made in china,2
588,광고아냐?,1
589,1빠,1
590,우~하!,1
591,돈없는데요,1
592,중국산,2
593,볼보가 잘 나간다고 하는사람들 : bmw 안타본사람.,1
594,과 아 연 …………….,1
595,1등,2
596,볼보 저번에 급발진했더만.,3
597,1,1
598,생간거 토나오네 ㅡㅡ,1
599,편 ㅡ 안,1
600,전 돈없어 호카스 못해서 차박합니다우파님은 돈많으시니깐 호캉스하는거고요,1
601,중국,1
602,제네시스를 왜 끼워넣노...ㅎㅎ 등급이 아예 다른데...,2
603,객관적이고 데이터화되어진 완벽한리뷰입니다. 차알못들이 키보드로 떠드는 정보따위들은 오토뷰 한방이면 깔끔하게 정리되죠. 역시 최고의 자동차리뷰 채널답습니다.,28
604,"안전의 볼보가 이제 달리기나 서기, 돌기에서도 꽤 잘 하는구나.  옵션, 편의장비에서는 수준급...  도대체 못 하는 게 뭐냐?  자동차 리뷰의 교과서..  오토뷰...  멋지고 유익합니다.",52
605,역시 믿고 보는 오토뷰. 객관적이고 편안한 리뷰 고맙습니다!,22
606,드디어! 제가 오랫동안 기다렸던 그 시승기가 올라왔군요! 오토뷰 모든 팀원들께 감사를 표합니다! 이제 드디어 오랫동안의 미스터리가 풀린 듯한 느낌이 드는군요. 아버지와 정말 잘봤습니다! 제가 T6를 시승했을때는 차체의 롤링이 조금 심하다고 느꼈는데 T8은 그런 느낌이 없었는지가 궁금합니다.,4
607,코로나로 시끄러운데 안전의 볼보와 시승기의 끝판 오토뷰가만나 최고의 영상미와 시승기를 보여주시니 기쁩니다~^^,1
608,와.. 1세대 볼보랑 비교하는 자료 대박이네요. 15년전 자료라니 ㄷㄷ 오토뷰 히스토리에 감탄하고 갑니다~,9
609,꾸준히 자기 갈 길을 가는 진정한 시승채널은 오토뷰밖에 없네요. 시승기계의 기둥입니다. 부디 영원하소서...,2
610,필요한 내용만 구독자들에게 전달하는것도 리뷰어의 능력이죠. 그래서 항상 오토뷰를 믿고 보는거고요. 아버지께서 XC90과 신형 투아렉중에 고민하고계셔서 저도 시승해보겠지만 투아렉 시승기도 기대중입니다. GV80도 기대하겠습니다. 다른 리뷰어들 GV80 시승기 보면 n씨 a씨 등등 무슨 광고 보는것같아서 신뢰가 안가더군요.,1
611,어제 오토뷰가  차량 테스트 하는 곳에 올뉴카니발 몰고 갔는데.... 김피디님 어떻게 이런 곳에서 그렇게 빠르게(?) 운전하시는지?  존경스럽네요.  그리고 왜 거기서 테스트하는지 알것 같아요. 오토뷰. 최고에요..,2
612,"10:10 4기통임에도 6기통 못지않은 배기사운드 ㄷㄷㄷㄷ14:23 역시 안전의 대명사, 볼보.",5
613,"오토뷰는 사랑입니다! 컨텐츠 진행 구성 너무 좋아요, 앞으로도 기대할께요",1
614,이 덩치를 2.0 엔진으로 0-100T6 - 6.5초T8 - 5.6초대단한듯...,50
615,오토뷰는 정말 리스펙입니다. 다들 어그로끌려고 서로 물어뜯기할때 리뷰 품질에 신경쓰고 업그레이드 되고 리뷰에만 신경쓰는 오토뷰 항상 응원합니다~,6
616,세밀하고 정확한  설명~ 늘 감사드립니다. 오늘도 좋은 영상 잘 보았습니다. 항상 건강하세요~ 감독님!^-^,1
617,와..2리터 엔진이 성능이 상당하네요.,25
618,이번 시승기에 김 pd님 아주 신나신 거 같네요에너지가 넘칩니다,6
619,대관령에 오셔서 촬영하셨네요 ! 집 주변이라 익숙한 도로가 많이 보이네요. 알펜시아에서 진부역으로 가는 도로는 가을에 오시면 단풍으로 인해 멋진 영상을 담으실 수 있을겁니다 ^^,7
620,항상 최고수준의 리뷰 언제나 잘 보고 있습니다. 유툽프리미엄리뷰!!,1
621,페리 이전 모델과 비교했을때 특별히 개선된 점이 있나요?영상만 봤을땐 외부내부 디자인도 거의 비슷하고 파워트레인도 큰 차이 없어 보이는데요출시된지 4년만에 페리했는데 큰 변화가 없다면 그만큼 경쟁력이 떨어지는게 아닐까 해서요,1
622,어린시절 자동차에 갖는 꿈을 갖게 해준 오토뷰 무한감사!!,1
623,궁금한게 다른 시승영상보니 xc90 t6가 가속력이 꽤나 차이가 나는 영상들이 많더군요 물론 테스트 방법이라던지 조건에 따라 차이는 있을수 있겠습니다만 후반부 가속력까지 차이가 많이 나는것을 보면 차량마다 엔진 품질이 균일하지 못한건지 아니면 양산차 치곤 2l엔진에서 고출력을 끌어내다 보니 내구성이 확보되지 않아 출력저하가 쉽게 일어나는 엔진인건지 의심이 가더군요 과연 엔진 내구성이 문제인걸까요?,1
624,연비주행에 대한 콘텐츠도 한번 다뤄주셨음 하네요... 오토뷰만큼 연비 뽑는게 힘드네요,1
625,ㄹㅇ 객관적인 리뷰 와드박고갑니다,1
626,오토뷰 리뷰를 보고 구입한 xc60 t6를 정말 잘 타고 있습니다. 곧 둘째가 생기는데 몇년 후에 xc90도 꼭 고려해봐야겠네요. T8이 정말 탐납니다..ㅎㅎ,2
627,여윽시~ 십수년째 믿고 보는 오토뷰~~,11
628,운전할때 엄청나게 집중하는 것 같아 보기 좋네요. 말은 해도 운전은 안전하게 해야죠.,6
629,믿고 보는 오토뷰!!!!!!! 늘 감사합니다,3
630,디자인이 너무 예뻐요 제가보기엔..,7
631,...꽃게...ㅋㅋㅋ 깨알 드립~  잼있네요~다른 채널처럼 이슈몰이하지 않고 우직하게 오토뷰만의 리뷰를 하는 모습이 보기좋네요~^^,2
632,볼보 xc90 디자인 정말 이쁘네여  성을 지키는 기사 같은 디자인같음.,1
633,개인적으로 력셔리함은 볼보가 GV80보다 한등급 위라고 느껴집니다.,18
634,볼보 suv는 참 특이한 상품인것같다. 기본적으로 ff 플랫폼으로 유명 브랜드의 fr 프리미엄 제품들과 경쟁하고 있으니.,1
635,Perfect review!,1
636,잘보고갑니다 오늘도 역시 믿고 보는 오토뷰 항상 감사합니다,6
637,출시한지 얼마 되지도 않은 상태에서 결함이 한 두개가 아닌 GV80을 사느니 저라면 볼보 XC90을 구입할 거 같네요.다만 터보 하나로도 유지가 쉽지 않은데 여기에 슈퍼챠저까지.. ㄷㄷㄷ 2.0에 300마력대를 뽑아내는 것은 좋은데 노후 되면 수리비 상당히 깨질 듯...,6
638,"저 유튜브 구독 안하고 살았는데 이 채널은 구독했습니다,, 많이 많이 흥하세요. 전문성과 열정있는 채널~ 멋집니다!!! 응원응원~!",1
639,볼보는볼보네요~ 잘봤습니다.역싀퀄리티가!!,16
640,오토뷰  최고입니다 ~~^^,9
641,코로나19로 시끄러운와중에도 오토뷰영상은 반갑네요~^^다들 코로나 조심하세요!!!!!,42
642,감사합니다. 믿고 보는 오토뷰!,1
643,오토뷰 영상 모범적인 시승기잼나게 시청합니다,4
644,오토뷰 항상 정확하다. 답토뷰!!!,3
645,정말 갖고 싶은 차,21
646,오늘도 갓토뷰 감사합니다.,2
647,볼보 그냥 메이커 자체가 예술이지,2
648,intro 영상 너무 멋진데요. 볼보에서 감사 댓글이라도 달아야 할 듯 합니다. ㅎㅎ,1
649,현대기아는 애국마케팅이지 사실 게임이나 되려나 싶네요..볼보도 역사가있는데,33
650,와.. 인트로 보소...지렸다..,7
651,워 나뭇결방향 롤스로이스st 좋네요.  2톤이 넘는데 가속력도 엄청 좋군요.,1
652,38초 몬가 계속 끌리는 영상입니다!그 부분만 6번 돌려봤네요ㅎㅎ인트로 영상 진짜 최고입니다!!,2
653,17:25. 꽃게 인식 ㅋㅋㅋ 오토뷰 센스에 오늘 하루도 웃고 갑니다^^,5
654,역쉬 오토뷰!!,2
655,투아렉과 에비에이터도 신경 많이 쓸 듯 합니다 ㅎㅎ,16
656,주변 지인들도 그렇고 온라인상에서 Gv80 결함으로 문제가 많더라고요~ 그런것들을 빨리 잡아야 볼보나 링컨 폭바 등 타 브랜드로 이탈하는일이 발생 안될텐데요,1
657,큰 차체인데도 잘서고 연비도 괜찮네요? 저에겐 꿈에 차 오늘도 잘 구경했어요^^;,4
658,항상 좋은 영상 감사합니다. 늘 잘보고 있습니다. 시승도로는 저도 매우 자주 다니던 곳이네요. 평창올림픽때나 지그이나....,1
659,그동안 지리 자동차에서 투자는 하되 경영 간섭은 하지 않는쪽이었지만  최근 완전 편입으로 진행중인 부분에서는 많이 아쉽습니다.  볼보의 아이덴티티는 잃지 않았으면 하네요.,7
660,차 안에서는 절대 죽을 수 없다 ...,13
661,캬~ 눈내리는샷 멋지네요~,2
662,v90도 T8 모델 들어오면 좋겠네요,2
663,항상 잘 보고 있습니다.~~~,2
664,에비에이터 관심이 많이가고있습니다근데 링하사 때문에 고민이네요ㅎXc90과 비슷한부분이 많은것같습니다~씨트 오디오 등~,2
665,gv80은 감히 못비비지 않나...,8
666,아 좋네요 진짜,3
667,Xc40 차주입니다.가끔 너무 씨티 세이프티가 작동해서 너무 갑자기 서버립니다 ㅋㅋㅋㅋ 깜짝놀랄정도 근데그만큼 안전하니,5
668,포드링컨 사고싶엇는데 볼보도 사고싶네요항상 잘보고있습니다,3
669,잘보고 있습니다.코로나 조심하시구요.에비에이터&투악렉 가능하시면 부탁해요.후진80은 안해도 될듯하구요.,6
670,"요즘 시국에 잠깐은 쉬어도 될것 같습니다, 스텝여러분 코로나 조심 하세요~ 영상 잘 보겠습니드.",6
671,항상 이 영상미가 너무 좋아요 ㅋ,6
672,6개월~1년 기다려야 하는 볼보ᆢ,1
673,32:53 한줄요약.....진짜 단점 쥐어 짜시느라 애쓰신듯 ㅋ,33
674,신경은 쓰지만 절대 따라 올 수 없는..,3
675,GV80도 얼른 보고 싶네요!,3
676,갓토기어... 원탑,2
677,역시 볼보,1
678,볼보도 잘보았습니다..근데 언넝 르노 xm3 해주세요.. 오토뷰어에서 해야 정확한 시승기같아요.. 이 다음이 xm3가 되기를 ㅎㅎ,1
679,XC90 도 이제 잘팔리는듯...수없이 많이 타본 차종이라이차가 정말 좋은 차라는것을잘압니다 ㅎGV80 살바에 XC90 삽니다,15
680,"안전덕후, 안전성애자.. 볼보",50
681,업무로 볼보 상해 기술 연구소에 방문을 합니다. 중국 자본이 들어와도 각 부문의 매니져는 유럽 현지에서 와 있더군요. 안전 관련 된 부서의 기술 개발 평가 인력이 많은 것을 보고 신뢰가 갔습니다.,2
682,역시 오토뷰에서 T6엔진 제대로 평가하셨네요... 한여름 폭염에 옥탄가 98권장 T6엔진 일반유 넣고 산길 와인딩 밟아대며 뻥마력 외치는 누군가는 좀 보고 배워라,80
683,페리버전 전에 나온지 한달만에 시승해봤는데가죽 변색이 좀 있었습니다.청바지 많이 입는 분들에겐 비추입니다.그외엔 동급에서 외관은 가장 맘에 들긴 하더라구요 개취긴 하지만,2
684,점점 영상 퀄이 미쳐간다 갓툐뷰!!,3
685,비머 메르세데스 시승하고 견적받고볼보 시승하고 견적받자마자뒤도 안돌아보고 계약했습니다만...타협하지않는 카리스마가 볼보의 매력이쥬단 한번도 비싸다는 생각이 안들던데요??오히려 경쟁모델보다 감가가 가장 적어요...그말은 곧 그만큼 값어치를 한다는거겠죠?볼보를 선택하는데 가장 주효했던 포인트는자동차가 주는 신뢰감... 비머는 나를믿고메르세데스는 별을믿고 볼보는 차를믿쥬,18
686,미국에서는 차고에 슈퍼카를 여러대 보유한 사람도 꼭 1대씩 있는 볼보 SUV. 찬호박도 애용하는 볼보 SUV.ㅋㅋ솔까 블루핸즈만 아니면 7인승은  XC90과 에비에이터 사이에서 고민 할 듯.,14
687,차후에 gv80 리뷰 기대하겠습니다,1
688,르삼 XM3 시승기를 기다리고있습니당~~!!,1
689,X5 G바디의 객관적 시승기는 언제쯤 나오려나요?,1
690,볼보는 브레이크에 도대체 무슨짓을 하는 걸까..ㄷㄷ 안전 변태답네,62
691,이게 찐이지...하아..총알부족으로 2020 익스플로러갔네요ㅜ,1
692,크흐~화질좋고 기태형님좋코~,3
693,적외선 방식은 장갑을 끼는 상황을 고려한 것이죠. 구형 모델들의 모든 버튼들도 겨울나라의.특성에 맞게 만들어졌습니다.,1
694,xm3 리뷰 시 르노차량의 에어컨필터 교체시 불편한지 편한지도 좀 알려주시면 감사하겠습니다.,1
695,드림카~~~  멋지네요ㅎㅎ,2
696,"X5, X7, 8시리즈 쿠페, 그란쿠페,레인지로버5.0 시승기 추천합니다",1
697,고급휘발유로 측정하신건가요?,1
698,링컨 에비에이터도 시승 부탁드립니다.,2
699,볼보에 앉아 음악듣고싶다♡,1
700,차를 구매할때의 기준은 오토뷰다,4
701,대~한~민~국  크락션 리듬!  굳!,2
702,주문한지 6개월 인내심을 가지고 기다리고 있습니다,1
703,시트와 스피커만으로도 구매욕이 생기네요. 내장의 포근한 느낌과 함께 부스터시트도 플러스 요인이구요. 다만 아무리 아이덴터티지만 너무 못생긴 후미등은 취향하고 너무 안맞네요. 그리고 볼보카페에서 롱텀시승기 보면 2열 승차감이 너무 단단해서 민망할정도라는데 리뷰에서는 gle450의 승차감과 t6의 별점이 같네요? 이부분 설명 가능하실까요?추가로 이중접합유리를 사용해도 일반유리 사용한gle나 6gt보다 왜 소음이 더 크게 발생할까요?,1
704,16:59 더미가 세상 뻣뻣하네요,4
705,광고 다보고 왔는데 영상 시작하자마자 차광고가 또 나오네요..갖고싶네요. xc90,3
706,19:29 이게 정답이죠..,9
707,2천cc에 320 마력 대단한데요 현존최고 아닌가요 다운사이징 한창 가격도 내린듯한데 자동차세 오십,1
708,"22:18X7 M50d, 우루스도 시승기가 나오나요?",2
709,6:33 김기자님 배나옴 ㅋㅋㅋ,7
710,볼보 suv 돈만있으면 구매하고싶은 차종입니다..,33
711,목소리가 매력적입니다 ㅎㅎ,2
712,볼보는 깔게없는 회사지,2
713,t8 오너입니다 고속에선 400마력이아니라 200마력 언저리 가속력이 큰 단점입니다 제로백은 빠르지만 제로이백 해보면 눈물납니다 ㅠㅠ,4
714,17:09 다람쥐...꽃게...참새...ㅋㅋㅋㅋ꽃게가 여기서 왜나옵니까,31
715,세단도 그렇고 70이나 80으로 하지. 더 위로는 안 만들 생각인가 ㅎ,1
716,17:19 동물인식하는데 꽃게가 왜나옴ㅋㅋㅋㅋㅋㅋ,1
717,GV80을 왜 자꾸 명차들에 가져다 붙일까요? GV80이 입증이나 된 차입니까? 나온지 1년도 안된차인데.. 현기차들은 최소 2년은 타보면 그 실체(!)를 알 수 있죠. GV80은 겉만 번지르르하게 했을뿐 내부기술력은 다 똑같습니다. 생산라인도 현대차 생산라인이지 제네시스 생산라인 따로 있는것도 아닙니다. 벌써부터 GV80 문제점 들어나서 리콜 들어간 상태인데;;;;,3
718,돈 열심히 벌어서 사야겠다,1
719,"볼보 xc90보면 예전에 타던현대 갤로퍼 타던 그느낌그차로 따진다면 현대자동차 의테라칸 이나 베라크루즈 , 맥스크루즈견줄만한 차인데한가지 빠지게 있다면 기아자동차 의모하비 나 쏘렌토급",1
720,선따봉    관심있는 차종입니다,8
721,17:18 도로에서 꽃게를 만날 일이 있어요?ㅋㅋ,2
722,오랜만에 영상하나 올라왔군요.다들 바어러스 조심들 하세요.,3
723,디지털인데 숫자가 하나하나 알피엠 등 진짜 매끄럽네,1
724,중국이 돈을 버는걸 볼수없기에 매우 매력적이지만 아쉽게도 패스..,1
725,GV80리뷰 언제해주시나요 ㅠ 계속기다리고 있습니다^^,1
726,현대차 CEO에게 XC90과 GV80 중에 고르라고 하면....XC90을 고를 것이다.,13
727,오토뷰 생각나서 왔는데 동영상 없뎃이 똵 캬아ㅏㅏㅏㅏㅏ,7
728,나중에 가솔린 나오면 gv80오너들이 2000찌찌를 신경 쓸지...,2
729,잘 봤습니다,1
730,화끈하게 뭐가 좋고 뭐가 부족하다 하고 말해야지 두루뭉술...  나쁜 차라고 하는 거 아직 못 봤음,2
731,근데 볼보 넘비싸..s90 오너인데. Xc90은 좀 더 싸져야 될 거 같은데. 물량이 적고 살사람 많으니 비싸게 받네요,4
732,역시 리뷰는 오토뷰!!! 시덥잖은 양아치들이 리뷰하는거랑 차원이 다름!!,1
733,"좋은 영상 잘 보겠습니다,",3
734,난 볼보마크가 다른회사들이랑 달라서 뭔뜻이지..라고생각했는데 알고보니 안전벨트...모양이였어,8
735,스웨덴에 가서 시승하신건가요?이국적이네요^^,8
736,굿 오토뷰,1
737,흰색 완전 이쁨,1
738,잘봤습니다,2
739,리뷰보다 보면 외재 칭찬만 하시네요.. 국산이 그렇게 안좋은건가....,3
740,엔진이 가로배치처럼 보이는데 전륜 베이스 플랫폼인가요?,1
741,갖고싶은차,1
742,볼보 As 가 취약하다는 이야기가 많던데..오너님들 괜찮은가요?,1
743,Xc ninety GV eighty 라고 불러주셔서 좋습니다,3
744,오토뷰 GV80 리뷰만 기다리고 있습니다..,4
745,현기도 제발 페이스리프트때라도 좀 덜 바꿨으면 좋겟다; 무슨 외관을 이삼년만에 다뜯어고치냐,3
746,감히 gv80원 따위를 비교하시다니요. 브랜드도 그렇고 가격도 훨씬 비쌀텐데.... 실망이네요,2
747,와우 ㅋㅋ 잘 보겠습니당,2
748,전면 주간주행등은 볼보에서 일부로 깜빡거리게 해둔건가요??,1
749,차 좋네 오토뷰가 더 좋다,2
750,이야 업뎃이다~!!,3
751,시끄럽고 홱홱 넘어가는 오프닝보다가 오토뷰 오프닝 보니까 정화되네요.시끄럽고 한 카트씩 훅훅 넘어가는 오프닝 유행이 제발 사라졌으면 좋겠어요. 몇달전 성X준 오프닝 스타일...편집자가 다 같은건지 모르겠지만 이제 다른 개인 리뷰들도 따라서 하는데 전혀 스타일리쉬하지 않음.,9
752,김선웅 기자님은 V60CC 구입하셨나요? ㅎ,1
753,좋아요.구독.알림.후시청^^,2
754,프리미엄 SUV라기엔 승차감이 심각하던데요. 에어서스가 빠진걸 감안해도 이건 아니다 싶을 정도던데,1
755,요새 볼보 suv 가 잘나오네.. 중국지리가 인수 해버린다고 결국 하던데 꼭 황금알을 낳는 거위를 잡으려는 모습같은데...,1
756,BMW X6 G06 시승기 추천합니다,1
757,2리터에 320마력;,20
758,링컨에비에이터 리뷰 부탁드립니다 ^^,1
759,10:46 XC90 T6 320hp 40.8kg.m / 싼타페 2.OT 235hp 36.0kg.m 아니  9500만원짜리랑 3700만원짜리랑 비교를;; 싼타페가 좋아해야는건가요 볼보가 울어야는건가요,3
760,Gv80은 차치하고라고 저가격에 독삼사 프리미엄도 없는 볼보 4기통을 타느니.. 투아렉과 에비에이터에 비해서도 상품성이 한참 떨어지는듯.,2
761,전륜베이스라 아쉬움,1
762,볼보에 대한 모독,1
763,this car is best.,2
764,"2020년 포드익스플로러 구입하시면 안됩니다,현제 이자동차에 결함이 발생하여 원주 포드 써비스에서 본사로 공문을 보내어 확인중에 있답니다,",1
765,고맙습니다,1
766,아~ 저게 FL이구나,1
767,suv의 교과서 같은 브랜드,3
768,제네시스가 어디 비벼ㅋㅋㅋ,23
769,볼보 폴스타원은 언제나오나요?,1
770,이번주는 시승기가 업로드되지않나요?,1
771,GV80은 하이브리드도 안만들고 프리미엄 맞는건가,2
772,거지시스는 당신들이나 타시오. 난 돈 더 많이 주고 수입차 탈랑께. 어디서 해외에서는 듣보잡 취급에 팔리지도 않는 거지시스따위를 어디다 갖다 대는 거임? 심지어 가격도 싼데 안팔림 ㅎㅎ,7
773,"현대는 짧은시간에 이룬게많고 그점은 대단하지만 k9 1세대부터자꾸 독일이나 유럽차들에게 도전장 내민다는씩으로 홍보하는데 볼때마다 웃긴다.니네가 100년넘는 역사를 가진 유럽,미국차에 도전장 내민다고 누가대단하다고하냐...비웃거나 상대도 안해주지..제발..자기위치를 알고 홍보했으면 좋겠다.유일하게 남은 순수국산차지만 적당히좀합시다ㅋㅋㅋㅋㅋㅋㅋㅋ",4
774,볼보 : GV80이 머지?긁적긁적,54
775,오토뷰는 gv80 리뷰는 왜 안하는지 모르겠어요~~~신차 발표때 다른 채널들은 다 리뷰하는데 이상하게 오토뷰는 아직까지 왜 안올라오는지 모르겠네용,5
776,그와중에 제니때문에 광고 다봄,1
777,우정출연 = 올란도,1
778,"꽃게, 도마뱀 ㅋㅋㅋㅋ",3
779,그런데 볼보가 프리미엄 브랜드인가요? 그냥 대중 브랜드 아닌가요?,2
780,자 잘봤구요. 이제 로또 1등 당첨만되면 끝ㅋㅋ,1
781,꽃게에서 피식..,5
782,꽃게???,1
783,김선웅 기자님 살찌 셨네요 ㅎㅎㅎ 보기 좋습니다,4
784,1등 선추천 후감상,4
785,중국회사차 치고는 괜찮네,1
786,정작 쟤들은 신경안씀,4
787,볼보타다가 진돗개 뛰쳐나오는거 쳤음ㅡ.ㅡ,1
788,"다람쥐, 꽃게, 참새 ㅎㅎㅎㅎㅎㅎㅎㅎㅎㅎㅎㅎㅎㅎㅎㅎㅎㅎㅎㅎ",1
789,차좋고 안전하고 충분히 알겠는데 후미등 뒷브레이크등 쪽 디자인이....일단돈이없지만 있어도 넌안살꺼같아....,2
790,고급유 안넣어도 되지 않나... 우리나라 옥탄가 고급유 기준 98넘는데 얼마 없는걸로 아는데... 브랜드마다가 아니라 지점마다 다르다고들도 하고,1
791,별점보고오신분?,2
792,중간에 남자 하품하면서 말하는줄 알았네,1
793,꽃게????,1
794,남헐뜯다 본인 밑천 드러나니 미치광이 처럼 울며 연기하는 사이코패스 모 유투버랑 이름 비슷해서 착각했네요.,3
795,아직도 독일삼사 빠는 흑우없제?,2
796,1등,3
797,hi,1
798,Oh in TV TV by g high,1
799,1,1
800,17:18 아 진짜 드립 재미없네.........심각하다,1
801,원가절감4기통2000cc블럭 320뻥마력중공 지리알아서판단,4
802,전륜기반 똥차.,3
803,볼보 다른건 괜찮은데 실내가 좀 심한말로 쓔레기같네유. 픽업트럭인줄,2
804,오토뷰 짱  하지만  중국차는 ㄴㄴ,4
805,"주니tv님 채널볼때마다 초반 헤드램프 설명챙겨보는데, 같은장소에서 테스트하신 다른 차들에비해서 확실히 폭이 어마어마하네요 ㄷㄷ",8
806,헤드램프 밝기랑 차량 하부 보여주시는 분은 주니님 밖에 없는거 같습니다!!(많은 차 리뷰 부탁드..ㄹ...읍읍),11
807,화이트색상으로 출고대기중인데 이렇게 상세하고 친절한 설명까지 해주시니 더 힘드네요..ㅎ 영상 보니 다시 한번 잘 선택했다는 생각듭니다~~영상 정말 감사합니다,2
808,와… 역시 안전의 대명사 볼보 에서 가장 안전한 모델답게 포스가… 무서울정도로 커보이네요…! 나중에 돈잘벌어서 사고싶은 드림카중에 하나입니다… 더운 여름날 영상찍으신다고 수고많으셔요! 형님 오늘도 수고하셨습니다! ,6
809,진짜 사소한거 까지 차리뷰 해주시는분은 주니님 밖에 볼보 진짜 광량 좋네욤,3
810,헤드램프 광량이 어마하네요ㄷㄷ.. 전 개인적으로 아테온이 제일 밝다고봤는데 볼보도 좋네요!,7
811,참 설명 잘 하세요~^^  응원합니다 ~,4
812,"영상 후반부에 말씀하신 대로 독 3사에서 xc90으로 넘어온 오너입니다.전차는 비엠만 3대 탔는데 결혼하고 아이가 생기니 안전=볼보란 타이틀에 끌려서,최근에 xc90으로 기변하였습니다. 운전 재미, 파워, 등등.. 비엠에서 느꼈던 만족감과는 180도 다르지만,다른 감성적인 부분에서 만족하면서 타고 있어요. 개인적으로 딱 두 가지가 아쉬운데..첫 번째는 약한 광량과 색상 변경 불가한 무드 등(앰비언트)두 번째는 민감해서 대단하다고 느껴지는 안전 센서들(제일 낮은 그레이드로 설정해도..)특히, 차선 이탈 방지는 조금만 옆 차선으로 넘어가면 이질감이 들 정도로원래 차선으로 핸들을 꺾는데 매우 매우 터프 합니다.이 부분은 아직도 적응이 안 되네요..;;ㅜㅜ제 개인적인 의견이라 다른 분들과 다를수도 있겠지만 이외에는 좋은차임이 틀림 없습니다.그렇지만... 다음차는 다시 비엠으로...  좋은 리뷰 감사합니다.",3
813,이제 볼보 판매량이가 벤츠 비엠 아우디 폭바  바로 뒤까지 올라왔던데 한국시장에 좀 더 신경을 많이 써주면 좋겠네요.폴스타 들어오는거 기대중,5
814,"v90과 고민중인데 고속주행안정성, 직진성, 특히 고속에서 2열 승차감이 중요한데 딱딱한 xc90보단 소프트한 v90을 추천하시나요?",2
815,와 캐딜락 리릭도 문에  LEG 조명등이 화려하게있는거 공통점있네요 그것도 리뷰좀해주세요,3
816,뒷좌석 카시트 장착가능한가요??,2
817,볼때마다 정말 목소리 너무 듣기 편안하고 좋으십니다..ㅎㅎ,6
818,승차감은 단단한 편이죠??,2
819,Xc90 에어서스가 탑재 되어있나요? 승차감은 제네시스와 독3사랑 비교했을때 어떤가요,2
820,에비에이터 블랙레이블하고 XC90 B6 중에 뭐가 나을까요?,2
821,에어서스펜션 없어도 승차감 괜춘괜춘한가용,3
822,번창하세요!!!!!!!,3
823,1억 이하 차중엔 갑인듯,1
824,Gv80이랑 비교한다면 닥 이건가요?,1
825,연식 변경 마.하 파워트레인 들어가면서 가격인상 거의 하지 않아서 좋습니다만. 어쩔수 없이 사소한 부분은 원가절감이 들어갔습니다. 스마트키 가죽부분을 원래는 실내 가죽시트와 컬러 맞춰줘서 엠버 컬러 가죽 키케이스가 특히 예뻣지만 이젠 블랙으로 통일해서 줍니다. 그리고 헤드레스트에 Inscription 음각도 없어졌어요. 딱히 필수적이진 않지만 감성적으로 만족했던 부분이었는데 아쉬워요,3
826,XC90 보단 GV80 풀옵으로 갑니다 ㅋ,3
827,스웨덴 국기 귀엽네요 ㅎ,2
828,주니님 안녕하세요 XC90은 에어서스 있는 차량인가요~?,2
829,"타보시니 10개월 정도 기다릴만 할까요? 계약은 했는데... 자꾸 다른모델(6GT, x5 등)생각이 나네요.",2
830,다좋은데...2천씨씨를 9천이상..볼보 브래드밸류로는 비싼감이 잇네요,3
831,스웨덴 감성차,1
832,주니님 기회가 된다면 미니컨맨jcw 요청 드립니다.,3
833,초반 굼뜸은 없나요?,2
834,천안이네..,1
