,comments,likes
0,제대로된 측정과 평가를 위해 오토뷰가 들이는 노력을 더 많은 사람들이 알았으면 좋겠네요. 오토 조인스 시절부터 봐온 사람은 알겠지만. 오늘도 잘 보고 갑니다.,118
1,"볼보 외관, 안정성, 성능 + 현기 내부 디자인 + 편의장비 = 완벽한 조화",2
2,v60cc 구매 후 5개월만에 엔진 변경 되어 속이 쓰렸습니다만... 다행히 큰 변화는 아닌 것 같아 위안 삼습니다. ^_^ T5 여전히 만족도 150% 가성비 최강 맞습니다. 좋은 차 소개해주셔서 감사합니다.,3
3,볼보처럼 지상고가 높은 왜건 정말 좋은 형태라고 생각하는데요. 근데 마일드하이브리드까지 달고 연비가 10이하인건 좀 실망스러운거 아닌가요? V90을 좀 몰아봤는데 다른건 다 정말 좋더군요.,46
4,이차 개인적으로 디자인이 좋네요,6
5,전기차로 넘어가는 과도기인 2020년 후반 기준으로 보니 작년보다는 구매 메리트가 떨어지게 느껴지는건 사실이네요. 하지만 아직 괜찮은 차임에는 분명합니다.,2
6,역시 군더더기없으면서 핵심 딱 집어주는 리뷰좋습니다. 크로스 컨트리라는 장르 충분히 매력있구요. 근데 마일드 하브는 볼보가 잘못 짚은듯하네요. 마일드 방식은 제가 10년전 차에 탔던 하브 방식이네요. 이런 구색맞추기말고 차라리 출시가 늦더라도 온전한 하브를 출시하는게 낫다고 보여지네요. 오히려 마이너스 인듯합니다. 진짜변화가 너무 느리네요.,2
7,아... 볼보 사고싶다 ㅠㅠㅠㅠㅠㅠ,3
8,퀄리티 끝판왕!!!,2
9,튈려고 하지 않는것 !그래도 대한민국 자동차 리뷰에서 공정성 이란 측면에서 가장 높은 점수를 줄 수 있는 리뷰!,7
10,왜건이 장점이 많군요! 실용적이고 좋아보여요!,2
11,영상센스 ⭐️⭐️⭐️⭐️⭐️내용구성 ⭐️⭐️⭐️⭐️⭐️기상청까기 ⭐️⭐️⭐️⭐️⭐️자동차 리뷰중 감히 최고라고 말하고 싶습니다.,3
12,잠시후 함께 1.2.3 느껴보시겠습니다. 오토뷰 짱.^^,7
13,최고의 리뷰👍👍👍👌,1
14,오랜만에 들어왔는데 소개 구성이 좋아진듯합니다,1
15,이게 진짜 리뷰구나 리얼 펙트리뷰,2
16,재미있게 잘 봤습니다. 항상 감사합니다.,3
17,안전한 차 ....이거 하나로 구입하고싶게 만드는 차 ....,3
18,Xc60예약취소후 v60ccb5 프로타고 있는데 정말정말 만족합니다. 특히 뒷자석 정말 편안하고 공간감 너무 좋아요. 키180아들도 넉넉히  좋다고 하네요. 기다림을 포기했다면 후회할뻔 했어요. 자꾸만 여행가고 싶네요. ㅠ승차감 너무 좋고 여성인 저에게도 남편에게도 맞춤인듯해요. 고속도로 자율주행도 훌륭하고 안마시트까지 옵션이 정말 좋아요.^^,7
19,볼보.. 진짜 멋있당,7
20,v60 v90 차이를 한번에 쉽게 알려주는것도 있으면 좋을텐데,1
21,안녕하세요~ 시승기 영상 너무 잘 보고 있습니다~차를 바꾸려고 시승기를 찾아보다 보니 오토뷰 시승기를 자꾸 찾아보게 되네요 음... 사무실에서 무음으로 자막을 켜고 보는데... 김기태 PD님 특유의 말투가 귓가에 들리는듯 한데요.한번 끝까지 무음과 자막으로 시승기를 지켜보도록 하겠습니다.다음 원하는 시승기는 푸조 508SW 부탁드립니다 ^ ^ 두차 비교중이라서요 ㅎㅎ좋은 하루 보내세요~,3
22,믿고 보는 오토뷰. 조회수가 이거보단 훨씬 더 나와야 하는데.. 다른 허접한 리뷰랑 차원이 다른데 말이죠.,3
23,오토뷰는 대한민국 최초이자 최고의 자동차 리뷰 채널이다. 그리고 김기태 PD는 뇌섹남이다.AutoView is the first and best car review channel in South Korea. And Kim Ki Tae pd has an awesome brain.미숙한 영어실력이지만 해외 시청자들을 위해 번역해 봤습니다 😅,27
24,김기태 기자님~ 짱!^^,1
25,아 진짜 사고싶다ㅜㅜ왜건 진짜 좋아하는뎅,2
26,07:02 비가오네요! 요즘 기상청 최고에요~김기태PD님덕에 빵터졌습니다ㅋㅋㅋㅋㅋㅋ,5
27,와.. 제동력 싹다 볼보네,1
28,패밀리카라는 걸 요즘 고민하던 때 이 차는 정말 종합패키지,6
29,"오토뷰 항상 즐겨보고있습니다.  리뷰중에 승차감 말씀하셨는데요, 볼보 스웨덴본사와, 볼보코리아의 타이어공기압 권장압력이 다릅니다,  승차인원, 속도등 조건에따라 다를텐데요,V90의경우, 스웨덴 매뉴얼에는 (1~3인 & 0~160km 일경우)  240kpa (34.8psi) 인데 ,  볼보코리아 매뉴얼에는 운전석라벨 참고하라고만 되어있고요 라벨에보면보다 가혹한조건과 동일하게 위조건에서도  260kpa (37.7psi) 로 표기되어있습니다.  즉, 일상조건에서 2.9psi 씩이나 더넣고다니는셈인데요, 국내 공인연비 높게받으려고 그랬을까요?볼보 V60의경우에는 230kpa(33.4psi) 인데요 아마도 국내매뉴얼에는 훨씬높게 표시되어있겠죠 다른차종도 마찬가지입니다.아무튼, 오토뷰 리뷰를보면 종종 타이어공기압부터 제대로 맞추고 시작하시는걸 봤습니다. 다음에 또 볼보의 다른차종 리뷰하실 기회가있으면 스웨덴본사 매뉴얼의 approved tyre pressures 도참고해서 리뷰해주시면 감사하겠습니다.    참고로 스웨덴본사 타이어공기압 매뉴얼 링크 걸어놓습니다. https://www.volvocars.com/uk/support/manuals/v60-cross-country/2020w17/specifications/specifications-for-wheels-and-tyres/approved-tyre-pressureshttps://www.volvocars.com/uk/support/manuals/v90-cross-country/2019w17/specifications/specifications-for-wheels-and-tyres/approved-tyre-pressures",9
30,항상 영상 감사합니다!!!!,2
31,자극적인 리뷰가 많은 요새 제일 객관적으로 판단하려고 하는 리뷰는 오토뷰가 제일인것 같습니다. (물론 사람마다 취향이나 운전습관이 다르고 판단도 주관적이지만 그래도 차의 정보나 시승에 대해 제일 잘 전달하는 리뷰라 생각합니다) 시간이 갈수록 오랫동안 남을 리뷰어는  오토뷰일겁니다. 👍,14
32,XC70을 아직 타고 있는 입장에서 웨곤의 디자인이 조금씩 지워지는거 같아 아쉽네요.,1
33,개인적으로 메이플 브라운이랑 데님블루색상이 제일 잘어울리는것같아요 ㅎㅎ,2
34,이야~~~좋타~~~~~~~~~사고싶드아~~~ㅠㅠ,2
35,실제로 시승해보고 자세히 알아보면신형 b5 모델이 훨 낫네요.편의사항은 덤이고 초반 가속 부드러움 및 초반 가속 시 소음도 이전 모델 대비 조용하고공인연비는 20인치 휠로 측정한 결과라네요.일단 전자식 기어노브와 무선충전기 그리고공기청정기능 오디오 향상만 봐도 충분히돈 값 하구요. 기다리길 잘했다는 생각이 듭니다,3
36,요새는 차 살일 없는데 그냥 봐도 재밌음,2
37,역시 터보차는 고급유가. 답이다.,2
38,잘 보았습니다. 고급유 테스트를 보고싶긴 하네요.,3
39,첫눈에    반한차  ^^,2
40,라세티 프리미어 13년째 타다 지난 주 V60 예약하고 돌아 왔습니다. 크리스마스 선물 생각 하는게 좋을 것 같다고 하시네요. 이번에도 김기태 기자님 믿고 10년 동반자 데려 옵니다. 그만큼 리뷰가 정확하다는 반증입니다.김기태 기자님 말씀과 같이 18인치로 다운 할 예정인데 추천 해 주실만한 타이어가 있을까요?,1
41,대한민국 유일무이 원탑 카리뷰 오토뷰,1
42,볼보 시티세이프티.. 물건이더라구요 시승하다가 차가 팍서버려서 우와.. 했습니다ㅎㅎ,3
43,항상 잘 보고 있습니다^^ 혹시 오프닝에 쓰이는 음악은 무슨 음악인지 알 수 있을까요? 오프닝이 너무 멋져서 계속 오프닝만 따로 돌려보기도 하네요,1
44,s60도 기대 됩니다,2
45,싼타페tm이랑 비교했을때 1열 2열 공간이나 트렁크는 어떨까요?? 더 넓을까요 비슷할까요?,1
46,볼보는 모니터링을 하는군요 볼륨버튼 유격있었는데 바로 개선시키다니 ..어찌보면 사소한건데 감동으로 다가오네요 잘봤습니다,5
47,좋은차네요 휠이 i40과 비슷하군요,2
48,구형xc60을 3년타고나서 처분한이유는 AS비용이 넘비싸요. 독일차보다 비싸고 볼보전문카센터도 별로 없고. 지금은 판매량이 늘었으니 좀 나아졌을까요.,3
49,진짜 돈 모아서 내가 꼭 산다. V60 cc,4
50,850t5 /s80 2.4 / s60 2.0t 현재는 s60 2.5t를 18만km 볼보만 4대째 타고있는 볼보 패밀리 입니다.(850과 s80은 현재 없습니다.)현재는 판매하지 않지만 s90 t5 및 v90 t5 구매를 고려하고 있는데 신형 4기통 엔진은 고급유 필수or권장 인지 궁금합니다.과거 볼보 트럭에서 설계한 5기통 사골 엔진을 쓸수없다니...,4
51,순간순간 재밌어지셨어.기태형님.그놈이 그놈이지만ㅋㅋㅋ,1
52,와 주행가능거리 연료 1/4 남았는데 90km....?,1
53,2020년 구독자 20만 가즈아~~,5
54,2.0T를 기준으로는 다 고급유 설정일 것입니다. 말리부 2.0T 쏘나타 2.0T(과거)도 마찬가지입니다. 국산 제조사들은 특히 고급유에 대한 권장을 잘 하지는 않지만 애초에 2.0에 터보달고 출력을 많이 끌어올린만큼 고급유가 필수로 해야 어느정도 셋팅이 가능할것입니다. 또한 오토뷰 독자라면 아시다 시피 ATS가 고급유 일반유 차이가 제로백 1초 차이가 났습니다. 그런부분을 본다면 2.0T까지 차량을 올리실분들은 고급유 꼭 생각하세요 특히 외제차 제조사는 옥탄가가 있는데 그 옥탄가 이하로 넣은 차량에 대해서는 AS거부사항이 될 수 도 있습니다. 그나마 일반유에 대한 마지노선이 현기 1.6T 스마트스트림정도가 되지 않을까 싶네요 (SM6 1.8T의 옥탄가도 궁금하기도 하구요),3
55,마일드 시스템보다는 일반적인 하이브리드가 필요하다.,10
56,잘 보고 있습니다감사합니다,3
57,운전중에 내비 등 공조장치 편의성이 어떤지 알고싶어요,2
58,동생이 6월에 계약했는데 결국 내년으로 넘어가네요.. 대기가 상당합니다.,1
59,진짜 물들어올때 노 저어야 하는데.. 잘봤습니다,6
60,오토뷰는 그 차에 대한 짧은 다큐 한편 보는 느낌.,3
61,완전기대!!!,2
62,저도 드디어 다음달에 받을거같아요ㅠㅠ13개월의 기다림ㅠㅠ양품받게해주세요,23
63,콕 집어서 3단. 역시!,1
64,하이브리드래서 기대했는데 연비는차이가 없네... 마일드라 그런가 아쉽네,3
65,미니 컨트리맨 페리 된 것도 해주쎄용~!,1
66,07:02비가 오네요? 요즘 기상청 최고에요 ㅋㅋㅋㅋㅋ개빵터짐 앜ㅋㅋㅋㅋㅋㅋㅋㅋㅋㅋㅋㅋㅋㅋ,8
67,요즘 기성청 좋아요^^ 18인치가 좋아요^^,1
68,터보엔진들은 고급유를 넣는게 좋긴한데 고급유 가격이 만만치 않으니,4
69,xc40도 일반유 넣다가 점화플러그쪽 깨지거나 그래서 리콜한적 있습니다 물론 압축비가 높아서 그렇지만 볼보 현재 판매모델은 고급유 필수가 맞고.. 혹여나 일반유 넣다 트러블 생기면 케바케이지만 보증거부 사유가 될 수 있습니다 참고들 하세요.추가적으로 연비부분은 19년식은 19인치 모델로 측정 21년식은 20인치로 측정했기에 다소 떨어지며 동일 인치에서 테스트했을 경우 19년식보다는 더 좋은 연비가 나왔는데 이 부분은 빠져있네요,43
70,시내운전 60/시내도로같은 전용도로20/고속도로20 정도의 서울 거주자 라면 3단레인지가 길면길수록 무난한 운전이 될 가능성이 커 보이는데...,1
71,"계약하고 대기중인데....확실히 기다림의 미학인줄 알지만...너무 힘드네요...ㅠㅠ 아쉬운건 22MY 부터 XC 60 처럼 크리스탈 기어노브와 ,SK 맵서비스가 들어갔으면 좋겠는데.. ㅠㅠ",1
72,오토뷰 짱짱맨!,1
73,내 가족을 위한 드림카열심히 일해서 언젠가 꼭 사고말꺼야!,15
74,인트로 클라스..,2
75,영상보고 계약하려고 하는데.. 리뷰영상 속 차 색깔이 너무 예쁘네요 혹시 어떤 색인가요? (조심스럽게 데님블루로 예측해봅니다..),1
76,아반떼 투어링도 요렇게 부활했으면,3
77,볼보 V60 크로스 컨트리 B5.잠시후함께 느껴보고 가겠습니다.,8
78,18인치 휠 안되요 ㅠㅠ 크로스 컨트리에 비해 너무 작아보여요~,1
79,"출차기능까지 지원되는 주차보조 기능이라는게 어떤건지 설명 좀 부탁드려요~^^리모트 주차, 출차를 얘기..은 아니겠죠?",1
80,22:23 김기태 기자님의 앙탈 잘 보았습니닼ㅋ,2
81,크으!! Cc!!,2
82,"제동거리는 혹시 하이브리드의 회생제동때문에 길어진건 아닌가요? 길들이기를 아예 안하신것도 아니고, 다른 유튜버 영상 보니 t5에 비해 약간 밀리는 느낌이 있다고 하더라고요",1
83,번창하세요!!!!!,4
84,마일드하이브리드라고 해놓고 성능은 그대로면 도대체 뭐가 나아진건지...,12
85,몇년간 변화/진화가 너무 없어서 이젠 고루하게 느껴지는 차,3
86,전자식 쉬프터에서 케이블식 쉬프터로 바뀐건가요?,2
87,"독3사에 지겹고, 일본차는 못 사며, 프랑스차는 부담스럽고, 미국차는 좀 아닌것 같고, 국산차에 실망했다면.. 제3세계 볼보도 좋은 대안이 될 것인데.볼보가 국내 유통량을 지금대비 4~5배 올리고 프로모션 10% 더주면 괜찮지 않을까요?",7
88,시골갈 때 고급유를 싸들고 가는 사람이 저말고 또 있었네요.....많은 주유소가 고급유 좀 취급해줬으면 좋겠네요...ㅎㅎㅎ,1
89,10개월 와..왜건이 인기없는게 아니라그냥 i40가 비싸서 그랬구나ㅋㅋ,8
90,장사는 물 들어올 때 하는 거죠! 6개월 대기로만 줄여도 좋겠네요.,2
91,"요약, 좋은차....",2
92,볼보는 외관 디자인은 좋은데 인테리어가 좀 아쉬운...,1
93,푸조 508웨건이랑 비교하면 어떤가요,1
94,납작하지만 맘에들어...,4
95,선추감상~~~ V60CC 드림카입니다 ㅠㅠ,11
96,bmw touring도 리뷰 부탁드려요~,4
97,기상청 최고 공감해요,1
98,저는 마음에 들어도..수입차는 고급유에서 항상 걸립니다.마른 목에 떡 걸리 듯.,7
99,따봉~~~~,2
100,차가 무거워져서 그런가 연비가 낮아진거 같네요.이러면 마일드 쓰고 뭘 얻은거죠? 편의사항 개선된거 말고 가격 오른거 말곤 없는거 같네요,5
101,차가 단점이 없네,8
102,역시 데님블루 ~ 그나저나 김선웅 기자님 구매하셨나요??,2
103,지방도시 고급휘발유 없는데 어떻게해야 하나요.,2
104,기다리는것도 그렇지만 연비가 에바네,2
105,회사차로 계약했습니다~ 이제 7개월 남았네요 ㅜㅠ...,2
106,아 v60 크로스 컨트리가 읍어서 v90크로스 컨트리로 사야하나 고민인데 ㅜㅜ 이나라는 거의 다 디젤파네요 휘발류 사고파요 아항~ 근데... 왜 7인승 아닌가요? ㅜㅜ,1
107,8개월 걸린다고 하네요  전자식 기아 하이브리드 무선후대폰 충전  예약했어요 내년 6월 받을것으로 보임 ㅜㅜ,2
108,9:01 엔진커버에 대우마크 있네요,51
109,이 차도 고급유 넣어야 되나요?,6
110,인디오더는 언제 나올지 모릅니다ㅠㅠ(인디오더 계약자),10
111,53초전은 못참지ㅋㅋ,2
112,이거 살려다가 기다림에지쳐 bmw 샀습니다,1
113,헉헉 v60이다 방금올라왓네,2
114,고급유 넣어야하네염 ㅜ 포기 ㅜ,1
115,차가 좀 너무시끄러워요..노면풍절음..가격대가 뭐 그래서그렇지만 90이랑 차이가넘 많이나요 ㅜ방음하시길권해요,1
116,as나 부품수급은 괜찮은지?... 차는 최곤데..,3
117,다좋은데...센타페시아감성이 나랑 안맞네....;;,1
118,02:44 비율,4
119,내가 계약한 색이다!!!! 이달 말에 받음!!!,16
120,V60이 세단보다 바닥? 지상고? 더 높나요?,1
121,아주옛날에 7~8넌전 오토뷰가입하고..지금은 id와 passward는  기억안나고.. 오토뷰에서 로그인을할수없는 상황입니다. ID.비번찾기도 없구요.. 알려주세요^^,1
122,헉! 마일드하이브리드... 왜 단거지??실내 우드 장식도 촌스러워지고...2019년식만 못한듯...,3
123,V60이 아닌 V60cc 크러스컨트리인데요? ㅡㅠ,3
124,휠너트 보호캡은 왜 잇는 거지,1
125,리뷰는 여기가 찐인거 같다,2
126,1분3초 대교는 어디인가요? 아시는 분?,2
127,기자님 떼쓰는거 처음본다 ㅋㅋ,1
128,제 경험으론 일반유 넣으면 ㅈ 됩니다.,5
129,내 드륌카...,2
130,제발 고급유 권장차량은 고급유 넣길...고급유넣을돈도 아까우면 제발 외제차사지말고...,1
131,이젠 좀 질리네.....,1
132,✌️,2
133,헤이딜러 광고 진짜 싫다,2
134,신문선....???,2
135,AS창렬,1
136,그놈이 그놈이여,2
137,하이브리드연비가 왜저러지 돈 더주고 살필요 없겠네,3
138,2등!,2
139,우리나라에서만 인기있는차  1   제네시스   2     볼보..,2
140,유렵아닌 중국에서 오는데도 일케 시간이 마~이 걸리나요?^)..몰라서..므흣,2
141,차는 괜찮은데 이가격에 살만한 차는 아닌거 같은데....미국에선 수바루 아웃백이 크로스컨츄리 웨곤에선 원탑. 만불 더주고 이거 살사람은 별로 없다는게 중론,1
142,아 장의차같은거 어떻게 안되나ㅜ,1
143,크로스컨트리 살바에야 티코사겠다ㅋ,1
144,이러고저러고  볼보는 디자인이  구리지...,1
145,볼보는 사는거보다 as가 악명 높지...,1
146,목소리 진짜 듣기 싫네....욕나오네....,1
147,중국생산 아니야??,2
148,오너입니다 ^^대부분 공감합니다결코 조용한 차는 아닌것 같아요그런데 또 엄청 시끄럽지 않고 부드럽게소음이 들어오더라고요.그리고 오디오로 커버가 잘 되는편이라적응(?)되면 신경안쓰이더라고요ㅎ항상 디테일한 리뷰 감사하고또 응원합니다!!,4
149,매일 타고 있지만 전문가의 시선에서 봐주시니 또 새롭네요 ㅎ소음은 진짜 아쉬운 부분이네요 ㅠ 일반 주행시엔 크게 신경 안쓰이는데 고속도로를 달릴땐 쉬~ 하는 소리가 꽤 들어오는 편입니다.방음도 알아봤는데 한군데 막으면 또 다른소리가 크게 들리기 시작하면서 끝도 없다는 얘기가 많아서 포기 ㅠacc 는 코너레이더? 가 없어서 측면에서 들어오는 차를 인식하는게 늦다라고 알고 있었습니다.근데 이전 버전보다 민감도가 떨어진다는건 이번 버전 셋팅 자체에 문제가 있을 수 도 있겠네요.말씀하신 앞차와 거리가 멀어지면 급가속 하는것도 불편하네요 ㅠ 앞차는 이미 저 앞에서 멈추는 중인데 이제사 치고 나가고 있으니..그 외에는 모든게 너무 좋아서 이거 전기차 버전 나오면 다시 구매할거같긴합니다 ㅎㅎ리뷰 감사합니다~,1
150,항상 색다른 시선에서의 재밌는 리뷰 잘 감상하고 있습니다. 좋은 영상 감사합니다.,2
151,저도 1년 넘게 타고 있는데 주행소음 관련해서 방음작업 하면 좀 나아질까요? 이 부분도 좀 비교 할 수 있으면 좋겠네요~~^^ 자세한 영상 잘 봤습니당~~,1
152,"저 같은 경우는 볼보V60과 XC60을 계속 고민하다가 최종적으로 V60을 선택 하였는데, 여러가지 면에서 그 이유가 있었거든요. 일단 V60과 XC60은 사양이 모두 동일 합니다. 완전 똑같아요..  차이라면 뒷자리 여유공간 과 전고높이, 트렁크 크기 차이인데..1. 트렁크 크기 : V60 > XC602. 뒷자리 여유 : V60 < XC60  -> 그렇다고 V60뒷자리 여유가 없는게 아님.. 공간 충분함3. 가격 : V60이 약 840만원 더 저렴함. 따라서 여러가지 면에서 저는 V60이 XC60보다 더 메리트 있다는 생각이 들어서 V60 선택했습니다.그리고 추가로 XC40같은 경우에는…가성비가 넘치는 차임에 틀림 없습니다. 뒷자리의 경우는 시트 등받이가 약간 서있긴 하지만 공간은 정말 여유있고 충분합니다. 거기에 기어봉은 너무 멋진 크리스탈 기어봉이고, 상위 트림들과도 내부 디자인이 똑같고 차이가 거의 없습니다. 스피커도 진짜 사제로 달면 엄청 비싼 하만카돈 스피커가 들어가있죠.. 그랜저 살바에는 돈 정말 조금만 더 주고 XC40사는게 훨씬 이득 이라고 생각합니다",3
153,예약하고 기다리다가 전기차 시대가 와버려서 상당히 고민되네요,2
154,저 이런 댓글 처음 달아봐요설명하시는 게 정말 지적이고 전달 위주의 설명이라 참 도움되구요목소리도 표정도 너무 좋으세요 과하지가 않아서요...v60 cc 기다리고 있는데 넘 좋네요..,3
155,영상 쵝오입니다 ~ 디테일 있는 영상 너무 좋습니다 👍👍,3
156,V60 차주인데 훌륭한 오디오 덕분에 음악듣고 다녀서 시끄러운 줄 잘 모르고 다녀요. 동승자도 그렇고 ㅎㅎ 제가 무딘지 모르겠으나  볼보는 오디오가 정말 큰 매력입니다~,5
157,V60오너 입니다. 두달 시승중 잔고장 전혀 없고 만족합니다.,2
158,영상 잘 봤습니다. 참고로 xc40 R-design에는 쉬프트패들 있습니다.,1
159,v60이랑 s60중에 풍절음이나 노면소음이 어떤게 더 시끄럽나요??,1
160,시승기잘봤으니다  v60 계약하고 긴기다림중입니다  ^^,2
161,좋은 정보 감사합니다 👍💯,1
162,"뒷자석 헤드받힘이 조절안돠는데, 그럼 아이 키가 크면서 카시트 헤드부분을 위로 올리게 되면 부딪히거나 앞으로 숙여질 가능성이 있겠네요?",1
163,모토토크와 함께 최고 리뷰어!!,6
164,크로스컨트리 v60cc 버치 블론드 인디오더로 대기중인데 새로운 리뷰 감사합니다!,2
165,잘 보겠습니다 주말 잘 보내시고요!,3
166,곧 구독자 3만이시네요. ! 미리 축하드립니다.,3
167,디테일 재림짱 ㅎㅎ,2
168,부끄러운 질문 하나 합시다. 내가 90년대식 EF소나타를 지금까지 몰고 있는데 이제 요놈으로 바꿀까 합니다.소음관련한 질문인데 소나타 타다가 V60 요놈 타도 소음이 크게 느껴질까요? 제일 궁금한 부분입니다.,1
169,17:30 애기 넘 귀욥다 ㅜㅜ,3
170,오늘 인도 받았는데 오디오 쥑이네요~,1
171,번창하세요!!!!!!!!,3
172,대기중에 지쳐서 중고차 사이트 들락날락 하고 있는데 1년 지난 차도 500만원이 안깍입니다. 감가가 너무 없어요. ㅎㅎ,2
173,이정도 리뷰에 구독자 너무적은거 아니냐 ㅠㅠ,8
174,장소가 어디인지 궁금합니다.^^,1
175,애기 너~무 귀엽네요 ㅋㅋㅋㅋ,2
176,지금 이 차량 컬러가 무슨색인가요,1
177,차는 좋은데.   설명이  산만하네요. ㅠ.ㅠ,1
178,그냥 리뷰는 형이야,3
179,아 방금올리실 영상이네요,1
180,오늘 V60 출고 했습니다. 전민준님 리뷰가 차량결정에 많은 도움이 됐습니다. 감사합니다🙂,10
181,요즘 볼보 XC40과 BMW X2 중 고민하고있는데 V60도 괜찮아 보이네요~ㅎㅎ좋은 리뷰 감사합니다.,6
182,V60CC 너무 좋아요~😃많이 리뷰해주세요~,7
183,좋은정보감사합니다.추천드립니다.,2
184,좋은 정보 감사합니다 ^^V60 CC 대기 걸어놓고 내년 신형 렉서스 NX300H랑 비교 예정입니다. 현재 대기번호 111번 ㅠㅜ ㅋ,2
185,3시리즈 투어링이랑 비교할 때 v60의 장단점이 뭘까요!?,2
186,엔진오일 공식센터 교환비용은 얼마나 될까요~ 쏘렌토랑 비교하는데 수리비용등 유지비가 많이 걸리네요~,2
187,최근 출시한 XC60에 T맵은 적용이 안되었나봐요ㅠㅠ,3
188,"이렇게 보게 될줄이야^^;; 고민하고 있는 차종인데 반갑네요, 잘지내셨죠?",2
189,손 따뜻하게 하는 핸들열선 기능 있나요?,3
190,1열 이중접합 유리라고요? 혹시 v90하고 헷갈리신거 아닌가요?,4
191,볼보 고급유넣어야 한다는데 맞으실까요?,2
192,티맵이 안된다면무선 안드로이드 혹은 애플카플레이 되나요? 유선으로라도요!,2
193,V60 계약한지 이제 두달… 제차는 언제 나올지 ㅋ,2
194,4:27 문짝 수납공간에 말보루라이트!,2
195,"힘들다.,.",3
196,좋은 리뷰 감사합니다 차 바꾸고 싶어서 영상 잘봤습니다~,4
197,볼보는 차가 무거워서 운동성능이나 연비가 좋을 수가 없어요. 대신 안전성으로 승부하죠.,1
198,B5 출고1개월차 오너입니다. 장단점은.. 가속 및 전륜치고 운동성좋고 인테리어와 오디오 시스템. 편안함이있겠고 비슷한 가격대에 수입차대비 옵션..단점은 이중접합유리가 아니여서 고속주행에서 외부소음.. 아스팔트가 아닌 도로 콘크리트에서의 하부소음. 볼보 온콜부재. 그리고 출퇴근 60KM정도에 외곽도로 80% 시내주행 20% 기준으로 14이상 나옴.. 어떻게 운전을하셨길래 저리 연비가 안나올까? 생각해봄,8
199,고속도롤주행했는데 복합연비가 저정도수준밖에 안되는건 의아하네요,8
200,S60 계약하고 대기중에 있습니다. 희소성및 카푸어들이 타는 차가 아니라는 생각에 선택했는데 연비도 부담인데 고급유까지 넣어야돼서 좀 부담스럽네요.,17
201,도심에서는 연비가 평균 10.3 나오고 있습니다,1
202,잘 보고 갑니다!,2
203,센타페시아  공조장치가  다이얼과  버튼식이  없어  후회됩니다. 주행할때 모니터 조작이  넘  불편한  오너입니다.,3
204,가끔 이영상 저영상 여러 유튜브보면 항상 느끼는데 패들시프트를 부재나 크기 위치 운운하던데 막상 패들시프트 주변에 쓰는 사람 별로 없음..,7
205,s60 가격대비 옵션이나 공간등 괜찮아서 관심 가지는 차종중에 하난데 볼보 서비스센터 수준이나 유지비 많이 들까요?현재 그랜저ig타고 있습니다.,2
206,솔직히 독일삼사  차량들이 너무 흔하다보니  볼보차를 보면 꽤 신기합니다.. 안전의 볼보..카시트의 끝판..뭔가 묵직한 이미지가 참 좋은데..국내에선 마케팅이 좀 ...볼보차 오너들 존경스럽습니다.중고가.브랜드네임  따위 신경안쓰고오직.  안전과  자신의 만족감 으로구매해 타시는것이 상남자 같습니다.아주 특별하지도 않고아주 허접하지도 않고너무 튀지도 않고그저.. 기본에 충실한 차...볼보가 더 흥하기를 기대합니다.,10
207,v60 보고 왔는데 s60이 쏘나타급은 된다고 하시는데ㅠㅠ v60은 쏘나타보단 작은건 인정하신다고 하셨거든요?? 어떻게 받아들여야할까요? 보기엔 v60이 더 커보이거든요..,3
208,꼭 고급유 넣어야 하나요 ? 이달에 차 나오는데.,6
209,"S90 시승했습니다  바닥소음...불편하면또...볼보 오디오 시스템  조은평가하지만전 시승때 노면소음 과 오디오스템 동시에하니가 전불편 했습니다 또..,네비 에서도 불편하더군요..??저두 90대기자입니다  취소생각중입니다..!",4
210,굿,1
211,가격이 너무 비싸.,2
212,ㅋㅋㅋ8개월되가는데.차가안나옴 ㅋㅋㅋㅋㅋ앰병 ㅜ,5
213,"우리나라에 수많은 자동차 리뷰가 있지만, 그 중에 No.1은 김한용의 MOCAR 입니다. 내용이 알차고 편안한 진행 너무 좋습니다. 2021년도 재미있는 리뷰 부탁 드립니다.",8
214,최고의 자동차 리뷰어!!! 30분 이상의 자동차 시승기를 skip없이 들은 것은 이 시승기가 첨이네요. 군더더기 없는 깔끔한 리뷰.. 최고에요!!,26
215,"김한용님의 리뷰인만큼 정보전달력은 최고네요. 아쉬운건 볼보의 고급유 사용에 대해서 언급될줄 알고 영상 내내 기다렸는데, 별다른 언급이 없네요. 권장이 아니라 반드시 고급유 주입이라는 말이 있어서 김한용님의 의견을 들어보고 싶었습니다. 실구매를 생각할때 되게 중요한 요소라 확실히 알고싶네요.",3
216,"ㅋㅋㅋ엄청 사랑스럽게 말씀하시네요~  안전성,브랜드,디자인,가격,옵션 제 기준 정말 베스트 카입니다! 아쉬워 보였던 실내 마저 이젠 괜찮아보여요~",7
217,며칠전 지인이 신차 뽑아서 타봤는데  하체가 아주 단단한 느낌이 나고 안정감있고 좋더라고요.,1
218,"볼보 xc60t6오너입니다.  굉장히 만족하면서  타고 있구요. 출고 6개월만에 벌써 2만키로가 되어가네요 ㅎㅎ 모카에서 볼보에 대해서 많이 알려줘서 많은 도움이 되었습니다. 아는만큼 보인다고, 몰랐던 부분을 알려주시니 볼보차와 볼보회사에 대해서 더욱 더 애착이 갑니다.항상 재밌게 잘 보고 있습니다. 감사합니다.😘",1
219,진짜 실내 너무 괜찮다 깔금한테 우드느낌 좋고 시트 가죽도 좋고 예쁘네 차가...,24
220,아....볼보타고싶다 진짜....... 10년이지나서 돈이 모인다면 중고라도 볼보산다. 진짜 안정감들어서 탈때마다 만족감들듯..,2
221,"진짜 옛날 볼보 디자인은.... 10년전차가 아니라 한 2,30년되보이는 디자인이였죠",2
222,볼보 시승기 넘 재밌게 잘봤습니다! 갖고 싶어지네요.ㅎㅎ 저는 다른 모델 생각중이지만 s60 B5도 너무 이뿐데요 실내도 깔끔하고 고전적이공ㅎㅎ음향도 짱짱 좋고...볼보 최고 좋음!,4
223,진짜 볼보의 여러 정보 간결하고 이해하기 쉽게 최고 리뷰입니다~~!,1
224,몇년까지만해도 구형같은느낌이 들었는데 지금은 디자인 레전드,37
225,캬... 시승기에도 깊이가 있네요.  감사합니다.^^,5
226,"와 매일 동영상이 올라오네요. 시간을 지키시니 대한민국 지존의 자동차 리뷰어, 기자가 되실겁니다.",9
227,디자인과 브랜드감성이 많은 일 하는 차 S60,1
228,볼보 매우 멋진 자동차 메이커네요 ㅎㅎ 영상 잘 보고 갑니다.,1
229,아 진짜 다른차 다 필요없어..볼보가 제일 이쁘다.. 😍,8
230,부지런한 모카👍🏻채찍 맞는 편집자님... ㅋㅋㅋ 항상 고생 많으십니다🙋🏻‍♀️,4
231,볼보의 미니멀하고 클래식한 디자인이 좋아서 샀습니다. 요즘차들 유행따라간다고 차에다 기교를 너무 부려놔서 금방 질리는데 볼보는 기교가없어서 좋아여 거기에렉서스 사려고 시승식 햇다가 버튼이 너무많고 씨디플레이어 있는거보고 놀랐네여...심플한 인테리어의 볼보 굳,2
232,우왕 디자인 너무 이뻐요~~,1
233,와...죽인다진짜.. 요즘 차사고싶어서 불사조형따라서 주식으로 돈 모으는 중인데 빨리 사고싶네여.. 진짜 잘보고갑니다...ㅎㅎ,2
234,S60 인스 계약하고 이제 한달 지났는데 이거보니  더 기다려지네요 ㅠㅠ 아직도 4~5개월 더 기다려야하는게 함정  대기 기간이 너무 길어서 환장하겠네요,4
235,"수입차, 볼보....4800 만원이면 .............  진짜 저정도 스펙이라면  합당한 가격같은데.",1
236,볼보는 깔게 없다. 안전벨트 최초로 개발하고 특허 풀어줘서 수 많은 생명을 살려낸 공로만 해도 그냥 칭찬만 받아도 되는 회사.,3
237,잘봤습니다 이해하기 쉬운 설명덕분에 차알못이 배우고 갑니다,1
238,한용이형 투아렉 시승기 때와 같은 스타일 영상이 너무 좋아요!!,16
239,"볼보를 사는 이유는 첫번째 동급최고수준의 안전사양, 두번째 동급최고수준의 럭셔리한 인테리어, 세번째 압도적인 사운드의 바워스앤윌킨스 오디오 거기에 디자인까지 차분하고 고급지다.",5
240,Volvos are true dream cars.,1
241,"XC90 사려고 시승 해봤는데 너무 고급지고 느낌이 깊어서 놀랐고 진짜 프리미엄 느낌 좋았습니다..... 헌데 저 터치스크린 방식이 너무 메뉴 하나하나까지 조절 하기가 어려워서 고민 되더군요. 결국 렉서스 RX 로 갔습니다. 또 한가지는 생각보다 실내 소음이 좀 크고, 사이드미러쪽 풍절음이 높아서 패스 했습니다. 매일 사용하고 느끼는 부분이 구매에는 제일 중요한 부분인거 같습니다.",2
242,볼보는 독일 거리에서도 고급스러워 보여요 🥰,4
243,17:00 역시 볼보... 가끔 왜 헤드레스트가 일체형일까 생각했는데 이런 깊은 이유가... 역시 볼보다... 내 드림카 V60cc S90 진짜 사고 싶어지네,5
244,"전 차에 특별히 일가견 있는것도 아니고, 렌트카 직원으로써 왠만한 차는 운전 해봤다 정도지만...개인적으로 벤츠 a클래스와 비슷한 가격대비 가성비 측면에선 볼보가 우위인듯 하네요.",1
245,볼보의 단점은 안전이 커버를 하니깐 이해가 크게 된다는 장점이 있네요~ㅎ단점은 예전에 볼보가 돈이 많이 없었던 회사다보니 앞으로 점차 개선되면 벤츠 아우디 비엠보다 훌륭한 차로 바뀔거 같아요~ㅎ,8
246,한용이형 영상 잘 보고있습니다 감사합니다.,1
247,진짜 궁금한게 있는데요~속도제한이 180이면...내리막 길에서도 속도가180이하로 유지되는 건가요?,2
248,정말 좋은 차 소개영상이네요.,2
249,볼보구매 그 어느 전시장 딜러분들보다설명을 너무 잘해주셔서 저같은 여성들에게너무 도움됩니디다. 진짜 감사해용,2
250,비싸기만 하고 안전하지 않은 차와 안전하고 좋은차의 가격 차이가 너무 크다.,1
251,와..... 볼보차 최고의 리뷰네요,4
252,S60 cc 다시 만들었으면 좋겠네요한때 제 드림카 였는데,1
253,얼마전에 본 것 같은 영상이지만 또 보네요 ㅋㅋ겨울에 가장 잘 어울리는차..내년 겨울에 사야겠다,7
254,볼보가 겨울인데도 불구하고 섬머타이어를 끼워준 이유는 한번 사고가 나서 진짜 안전한가 판단하라는 의도같습니다,2
255,차 진짜 기깔난다..,8
256,인테리어만 한번 바뀌면 계약하러 가야겠어요~오늘도 잘보고 갑니다.,2
257,자동차 리뷰의 바이블 같은 김한용 님! 잘 보았습니다.,3
258,옛날 볼보디자인도 매력 많음,2
259,이 형이 리뷰에서 좋다고 하면 다 사고 싶어져서 견적 뽑게 된다는거..,2
260,볼고온콜이나 티맵 업데이트 진행현황도 알려주셨으면 더 좋았을거같습니다구매대기자로써 가장 궁금한 사항이에용,3
261,볼보안전성 검증 방송뜨구 호응얻어서 리뷰까지~볼보 좋은차 인즈엉~👍👍,5
262,볼보 정말 믿음직스런 최고의 차,1
263,볼보도 엄청투박하게 픽업트럭 만들면 좋겠다,3
264,이번리뷰 젤 잘봤습니다  많은것을 배우고 갑니다,1
265,정말 사고싶은 차네요,2
266,옛날엔 볼보하면 그땐 진짜 어려서 포크레인 회사로 밖에 몰랐는데 ㅋㅋ,11
267,진짜 좋은차,2
268,스웨덴이 참 대단한거 같습니다..전투기를 만들수 있는나라....,2
269,오디오가 진짜 좋다... 사고싶다!!,1
270,B5 모델의 '퍽소리' 이슈에 대해서도 꼭 다뤄주셨으면 좋겠습니다.,1
271,모카님 착한 이경규 같은 느낌이 드네요 볼보 정보 많이 얻고갑니다 👍,1
272,모트라인 순한맛 ㅎㅎㅎ 조곤조곤하게 볼보 서비스정신 잘까시네요~~ 진짜 차를 잘만들어도 서비스 정신좀 투철하게 했으면 좋을 브랜드,3
273,2:25 진짜 엠블럼 차이가 엄청나구나.. 이 정도일줄은 몰랐네 ㅋㅋㅋㅋㅋ,331
274,지난주에 계약했는데 ㅎㅎ 반년은 기다려야할듯 합니다만 언제 시승기 뜨나 기다리고 있었어요. 감사합니다,1
275,오 볼보 차가 다르게보이네요. 그냥 저렴한외제차인줄알았는데. 가성비가 끝내주는 차인것같아요. 다음에 외제차는 볼보구매해야겠네요,4
276,오디오 하나는 진짜 인정합니다.  초강추!,1
277,본사는 아직 스웨덴이지만 2010년부터 중국그룹 길리홀딩스가 사서 현재까지 주인인걸로 알고있습니다. 안정성과 디자인때문에 사고싶었는데 중국회사기 주인이라고 해서 사기가 꺼려지네요,1
278,맨첨에 뒷짐지고 둘러보는 애기기자님 왤케 귀여워요ㅋㅋ볼때마다 초딩 어린이같은데 전문적인 얘길 해주니 이질감 느껴지면서 역시 귀엽습니다,1
279,믿고보는 한용 리뷰,4
280,와 현실 드림카 ㅠㅠ,4
281,센서스 화면에 메뉴들은 휴대폰 앱처럼 꾹 눌러서 마음대로 위치 이동 및 구성이 가능합니다XC60 18년식 2년 넘게 타고 있는데 대만족입니다 ^^,1
282,아우디+BMW 같아..디자인 넘 이쁨,7
283,스피커는 진짜 좋은듯하다. 디자인은 내 취향저격이네;;; 볼보오 이대로만 가다오. 내집마련 먼저하고 갈텐게!!,3
284,계기판과 디스플레이는 화려함 보다는 직관적이고 심플한게 운전할땐 더 좋을듯.... 갠적으로 지금의 볼보식 계기판이 더 나은듯,1
285,김한용 기자님 아주 잘보고있습니다S90 T8. 차주입니다스피커 퍽서리 아주 큰 문제입니다소리가 너무커서. 사고난줄 압니다안전을 최고로 추구한다던 볼보가퍽서리에 대해 해결책도 없고 고지도안하고 차을 계속 판매하는건 문제라 생각합니다이문제에  한번 다려주셨쓰면합니다기자님 처럼 영양력 있는분이 찰영 한번해주세요소수에 차량에서 나는소리가아니고 상당이 많은 차들이 소리가 납니다,2
286,베터리가 뒤에 있어서 후방 추돌시 뒷사람에게 물어내라고 하면 돼 ^^ 역시 모카.,3
287,저기 기어봉이 실제 크리스탈이라 하던데요 ㅎㅎ이 색은 또 다르네요. 다른데서 아이보리 색 보고 왔는데 그 색은 화사하고 고급저 보이던데 이 색은 편안하고 올드해 보이긴 하네요.,2
288,사고싶다... 다음차는 볼보,2
289,"대표님ㅎㅎ S60과 C클래스 중에 고민이 크네요, 아니면 조금 더 보태서 E250 이나 K7이 좋을까요? 아무분이나 추천 부탁드립니다!",2
290,볼보 V60 너무 사고싶은 차인데돈이 없네 ㅠㅡㅠ,1
291,카시트의 올바른 사용법에 대해서도 (혹시 아직 안 안 하셨다면) 올바르게 알려주세요 :) 한국은 솔직히 많이 엉망인 것 같습니다,1
292,S60 뒷자리가 각도가 넘 세워져있어서 아쉽더라구요,6
293,이 세상에 탈만한 차는 볼보밖에 없다,2
294,센터페시아이콘들 드래그해서 원하는대로 옮길수있어요 안쓰는건 아예 밑으로 끝없이 내려서안보이게하고 켜놓고 필요한거 몇개만 위에 둘수있어요안전옵션은 다켜서 안보이게 내려놓고주차나 스트조절같은거만 위에둘수있죠스마트폰 홈화면 조절과 같습니다^^,2
295,볼보가 이뤄낸게 엄청 많군요,4
296,이제 판매가는 진짜 현기랑 차이가 없구나...  G70이랑 거진 비슷하네...,2
297,19:56 형님 웃참실력이 신급이시네요 ㄷㄷ,41
298,믿고보는 한국의 용 ㅎㅎ,2
299,9:27 나뭇가지 주워와서 가리키는거 너무 귀여움ㅋㅋㅋ,5
300,볼보 단단해보인다ㅎ,1
301,북유럽브랜드들의 특징...실용적이고 고급스러워보이는데..요소를 보면..그리 고급스럽지않은.... 그리고 고급스러운겅 비쌈 이케아도...,1
302,문득 윈터타이어의 마른 노면에서의 기능성이 궁금해지는데요 마른 노면에서도 일반적으로 얘기하는 사계절타이어보다 월등한가요?,1
303,전동 텔레스코픽 안쓴거보면 시트폴딩도 왠지 안전상의 위험을 제거하기위함이 아닌가 싶은 뇌피셜,3
304,와 볼보 와이퍼 너무 좋은 정보네요 크~감사해요,2
305,나온지 좀 된 모델인데 외형보다 자료를 가지고 설명했으면 합니다. 예를들면 전 후면 비율을 알려주고 설명을.,1
306,볼보 2도어 스포츠카 나올때까지 존버한다........,5
307,개인적으로 볼보 후미등 아랫부분(ㄴ자 부분)만 없애면 좀더 멋있고 스포티하게 보일것같은데 볼때마다 아쉽네...,1
308,현다이는 디자인을  보다는 안정성을 따하는게 어떨까요??,2
309,토르망치 램프는 아우디가 원조 인줄 알았는데..그 때는 볼보가 잘 안보여서 그랬던건가..,1
310,디자인은 괜찮아졌음. 단차는 아직 잘 못맞추네.. ㅎ,1
311,차 진짜 괜찮네요 현기는 점점 설 자리를 잃어 갑니닼ㅋㅋㅋㅋㅋㅋㅋㅋㅋㅋ,1
312,S90플러그인 하이브리드 타는데 정말 정말 만족하며 타고 있습니다,1
313,하뇽형님 스잘알 인정합니다.고오급 스테레오는 역시 아이돌음악이 제맛.,9
314,"아버지 애마가 s90 인데 진짜 오디오, 앞자리 시트는 탈때마다 감동임;; 근데 시승감, 인포테인먼트 때문에 제 차로는 안사고 싶음",22
315,제 차라서 더 반갑네요^^,5
316,"어댑티드 크루즈, 파일럿 어시스트는 에코모드로 해야 감속&브레이크때 엄청 자연스럽게 선다, 인포테이먼트 메뉴는 아이폰처럼 아이콘 누르고 있으면 원하는대로 위치및그룹변경이 가능하다.",2
317,국산차도 볼보 정신으로 좀 만들었음 좋겠다저기능에 가격이 결코 비싼게 아님타보면 암 괜히 재구매율 1위가 아닌듯,1
318,지리자동차가 볼보에게 꽤 좋은 주인인가봐요?,5
319,9:25 볼보니까 ㅋㅋ 나중에라도 믿고 살 수 있는 차에요,4
320,쿠페형이 아닌데 천장이 낮아서 시트를 불편하게 만들었다? 그냥 뒷자석은 잘 못 만든 거네요ㅠ 역시 세단은 그냥 중형크기 이상으로...,1
321,본사에서 총판이랑 AS망 손좀 봐 주면 좋겠네요.,2
322,볼보는 감동이다!,2
323,22:50 슈퍼차져가 안들어간 차인데... 슈퍼차져때문에 이차는 등을 치는 느낌이 난다는건 등에 뭔가 특별한 원격 센서가 달린것인가요?,4
324,간만에 디테일한 긴 영상. 사려는 사람은 좋은데나머지분들은 살짝 지루할수도,3
325,s60의 유일한 단점.s90이 아쉽다.,1
326,이제는 저 가격 보면 그냥 테슬라 사겠다 싶네,2
327,형님 영상 잘보고있는데 4K로도 보고싶습니다. 하하하..,3
328,나중에 볼보차 꼭 사야지!A/S센터 많이 있나요?,3
329,언제부턴가 윈터타이어 무새가 된 하뇽이형.....윈터타이어의 중요성은 알지만....ㅋㅋ,1
330,차에대해 잘 알려주셔서 고맙긴합니다. 근데 광고 좀 줄여주세요! 맥이 너무 끊겨요!,2
331,안전의 볼보에서 썸머타이어 시승차를 제공하다니...,15
332,오토 스탑은 대부분 괜찮은데거기다가 자동주차를 켜두면 암만 좋은차라도 좀 불편하네요,2
333,"정말정말 사소한 거지만, 볼보가 스웨덴 출신이라 당연히 눈길 안전을 위해 전륜구동인건 사실이 아닙니다; 볼보가 대중 메이커 출신이다 보니 전륜 구동 플랫폼만 남은거죠. 볼보도 전륜구동이 대중화되기 전에는 후륜구동이었고 다른 대중 메이커들과 같이 80년대 중반부터 전륜으로 넘어온것이지 원래부터 눈많은 스웨덴이랑은 상관없죠.",3
334,볼보 하면 크로스 컨트리가 젤 예쁜듯 ㅋ,2
335,사고프다~~~♡,4
336,오오 볼보에도 쿠페가 있었군요 첨봐요,1
337,4800? 와우..,4
338,이건 또 구매 후 얼마나 기다려야 할까요?,4
339,볼보 차 정말 좋죠 v60사고 싶었어요 엄청 기다려야 한다고 해서.. 결국 마들Y를 살거지만 말이죠... 볼보르보오올보오르으으~~,5
340,09년식 s80 awd V8 4.4 탔었는데 실내는 거의 그대로네.,2
341,볼보는 로고디자인을 이름 새겨넣는건 유지하면서 저리 세련되게 바꿨는데 기아는 대체 왜....,1
342,최고속도 제한은 엔진 내구성 딸려서 락건가 싶기도한 느낌이 드네요...,1
343,"22:54 B5는 터보, B6는 터보+ 슈퍼차저입니다. S60 B5는 터보차량이 맞아요.",3
344,으아아ㅠ 3시리즈랑 s60  고민하다가어제 3시리즈로 기울었는데ㅠ 하뇽느님 영상 보고 다시 고민의 늪에 빠져 버렸어요ㅠ,3
345,Xc40은 전동인데 더비싼차가 어떻게  전동트렁크가  안들어가있지!😬,1
346,이제는 그냥 기자님이 샷스파이 인수합시다,6
347,"볼보 세단 라인은 항상 뒷태가 아쉽다... S60 기준으로 자체 길이를 조금 더 늘려서 2열 도어 프레임은 조금 더 뒤로 확장하고, 과거 볼보의 계단식으로 한층 깎아 내린 뒷 디자인으로 다시 돌아갔으면 좋겠다는 생각이....리어 램프도 사이즈를 좀 줄였으면",1
348,상용차는 볼보의 점유율이 꾀나 되지 않나요? 그런데 왜 볼보는 항삿 어려웠던건가요?볼보와 볼보드럭은 별개의 회사인건가요?,2
349,핸들에 핀이 맞는 씬이 많네요~~ 얼굴인식으로 포커싱 해놓으세요~~ ^^,1
350,감성은 북유럽!  S60 생산은 미국에서...,1
351,4:54 ㅋㅋ한용이형 영어 겁나 잘하는데혀 꼬이는거 보니까 인간미 뿜뿜 넘침,1
352,철하면 세계최고의 포스코가 있는데 현기에 들어가는 철은 어찌 그리 구린지...ㅋㅋ,3
353,내가 사랑하는 볼보...,2
354,볼보는 차를 정말 성의있게 만드는거 같다현대가 볼보 발톱의 때만큼만이라도 배웠으면 좋겠다옵션 팔아처먹을 생각만 하지 말고.....,3
355,꿈의차.....,1
356,모멘텀이랑 인스랑 어떤거 추천하세요????,2
357,차 조혼나이쁩니다....,28
358,출고 기다리다 사망해서 못받는다는 그 전설이 자동차인가요.,28
359,와이퍼에서 워셔액이 나온다는건 전용 와이퍼를 사용해야 하는거죠? 일반 와이퍼에 비해 가격이 어느정도 비쌀까요.,1
360,결정! 볼보로 간다!!!,1
361,학교 선생님 차인데 볼 때 마다 간지 작살,2
362,"차는 시승안했으니 모르겠고 현대기아 아이오니5보다는 디자인 외적인면에서는 훨 떨어지네 ~현대기아 아이오닉5는 미국,유럽시장에서 테슬라1년판매를 아이오닉이 하루만에 1년치 2배를 팔았고 1위 했는데 볼보가한국 디자인 모델을 본뜬건 아니고 ~ㅎ",1
363,하...... 6월에 나올지 8월에 나올지... 대기가 너무 힘드네요 ㅠㅠ,1
364,17:24 볼보가 잘하는거,74
365,22:54 B5 차량에는 터보차저만 있고 수퍼차저가 없습니다.,17
366,볼보도 한국 패치 되면 '전륜구동은 눈길에서 문제없다!!'는 건가요?;;;;;;,3
367,샷스파이는 모카에 취업했나요? ㅎㅎ 영상에 자주 보이네요~,4
368,"세단같은 SUV도 만드는데 세단같은 해치백 ,해치백같은 세단정도야 ㅎㅎㅎ WHY NOT",1
369,13:22안에서 열 수 있는 현기 타던 시절아들이 어찌나 장난을 치던지,3
370,네비게이션 예기 꼭 해야해요. 이것 숨기면 사기로 인정합니다. 기가 막히네요..어떻게 하려는 지?,1
371,산소센서  하나로 볼보는 오늘도 웃네요.,5
372,모카 오전에올라오는거 너무좋아요,3
373,타이어를 바꾸라는 곳은 내가 알기론 두곳 전에 다니던 회사와 지금 회사... 포도밭에서 갓끈은 고쳐메지 마세요.,6
374,5000만원 미만 가족 차량은 이게 최고인가요 ?,1
375,편집자님11분14초에 풍경 영상 소스 원본을 보고싶어요~~링크 좀 부탁드려요너무 아름답네요,1
376,28:25 과연 차는 찌그러지는것을 원할까?,21
377,볼보 C30 타던 시절 생각나네,2
378,30:29 와 저거 벤츠에서 하려고 했다가 포기한거 아닌가?,1
379,콘티넨탈 타이어 보다 미쉐린이지..  차라리..,1
380,기다려 내년에 데리러갈게❤️,2
381,이형 리뷰특징 제목은 하위트림 모멘텀 가격 실차는 상위트림 인스크럽션,9
382,14:13 보니 그 생각이 나네요 미국에 뒷자석에 타 있던 여아가 역주행하는 음주운전차와 정면충돌했는데 충격때문에 안전벨트에 목이 잘려서 몸과 머리가 분리되어 사망했던...,22
383,안전에 있어선 존경을 할만한 기술철학의 볼보. 디자인이 얼마나 판매에 큰 영향을 끼치는가를 보여주는 최근 볼보의 사례. 순정OE 타이어가 썸머 아니고 그냥 일반 타이어 아닌가요? 프로모션 할인이 하나도 없다는게 볼보의 단점. 맛집은 맞는데 식당이 너무 좁아 손님들이 엄청 줄서서 먹는데 주인은 자리 늘릴 기미가 전혀 없는 집?,2
384,내일 천안으로 시승하러 갑니다. 청주에는 없어서..ㅠㅠ,1
385,한용님. 중국산. 훙치 H9 도 리뷰 해주시죵.,1
386,볼보는 진짜 철학이 있는 디자인입니다.  우리나라 메이커들도 점점 철학이 샹기는 과정인거 같은데 이런 일관성 보여주길,1
387,스키스루를 안에서 열이유가 당연히 없자나요.ㅎㅎ,1
388,1:21 산타페 토르의 곡갱이 볼때마다 웃기네 ㅋㅋㅋ,24
389,19:42 노래 취향이 드러나는 대목입니다. 잠시 느끼면서 감상 ㅋ,15
390,역시 볼보 v60가야지 ㅋ,3
391,15:07 샷스파이: 운전은 못하지만 하는척은 가능하다,18
392,2:25 4800만원 차가 2000만원이 되는 마법,93
393,자연스러운 샷스파이님,4
394,싼타페는 토르의 곡갱이 닮은...,1
395,트윈차처 매력적이죠,2
396,9:28 카와우 진실의 막대기 ㅋㅋ,6
397,뉴스 나왔던 v60cc도 해주세요오~ 퍽소리 나는 이슈도 언급해주시공ㅜㅜ,10
398,9:27 진실의 막대기,12
399,29:50 그 중에 하나가 3점식 안전벨트 아닌가요? ㅋㅋ,7
400,내비 사용 시 예를 들어 시트 온도 조절을 하면 네비 화면이 사라지나요..???,1
401,14:54 갑분샷스파이,29
402,저는 요즘 차 기준으로 실내 디자인이 최악이라고생각되는데요. 외관도 좋고 기능도 좋은데...,4
403,19:46 트와이스 원스... 여기서 덕밍아웃이 되네요 ㅋㅋㅋㅋ,6
404,언제부터 볼보 뱃지가 프리미엄 뱃지가  되었는지 웃고 갑니다.,4
405,볼보에 비하면 아우지 휠은진짜 후...,1
406,14:55 샷스파이 ㅎ2,4
407,왜 스웨덴차라서 실내공간을 넓게 한건가요? 다들 키가 커서 그런가...,1
408,23:11 번호판에 브는 처음보는거 같아요,6
409,"보통은 차 앞쪽 범퍼에 레이더가 달려 있어 눈이 내면 레이더가 제대로 작동하지 않는다, 모든 차가 앞유리 상단에 레이더가 달려 있다!! ???? 모든 차가 달려 있는게 보통 아닌가요? ..... 김한용 리뷰어님 얘길 듣다보면 종종 말이 안 되는 구절도 있습니다.스키 스루가 트렁크 안쪽에서 열리면 납치되어 트렁크에 갇쳤을 때 탈출하기에 좋겠습니다.",1
410,s90도 리뷰해주시면 감사할거같아요,1
411,"어제 롯데에서 테슬러 보고 왔는데, 어머니가 뜬금없이 볼보, 테슬러타고 다닐거 아님 걸어다니라고 하더라고요 ... 환갑이 지난 어머니의 마음을 뺏은 볼보의 매력은 뮌가유...? 제대로 본적도 없으신데... 저는 환갑때까지 걸어다닐 것 같습니다...",8
412,볼보 서비스센터 많이 있나요? 서비스상태는 어떤가요? 그리고 소모품값이나 수급은 어떤가요??,1
413,안전성 하면 🇸🇪스웨덴의 볼보(자동차)지만 아쉬운점은 🇺🇸미국의 포드(자동차)에서 매각되다가 🇨🇳중국의 지리(길리:자동차)에게 매각이 되었다는점과 그리고 자동차가 너무큼 ㅎㅎㅎㅎ 그냥 볼보는 건설용 공사용 장비차량인 덤프트럭 화물차 포크레인의 딱 어울린다.....,3
414,뒷 깜빡이가 아쉽다..,1
415,후방깜빡이 켜지는 모습이 영상에 있나요? 못보고 지나간건지 없는건지 보고싶은데 아쉽네요 ㅠ,3
416,뭐지? 겁나 이쁜데? 다~좋은데 심볼이라고 하나? 엠블럼? 그게 아직 좀 갠적으론 별루인듯.. 그래도 차는 이쁘다,1
417,볼보 이쁘다,1
418,기아차 k7닮은것 같다 ㅎㅎㅎ,3
419,사고가 자주나셔서 그런가 사고얘기가 많으시네요 ㅠㅠ,1
420,매번 자막 달아주시는거 너무 감사하지만 맞춤법 틀리는 부분이 자주 눈에 띄어요. 오늘은 가죽 설명할때 '드러내다'로 쓰셨는데 '들어내다'로 써야합니다.,1
421,"전동은 아니라고 하셨고, 트렁크 걸쇠 옆에 버튼부분은 뭔가요?",1
422,중국에서 생산되는 모델들도 스웨덴에서 생산하는 모델들과 같은 내장재들을 쓰나요..?!,2
423,디자인 좀 바꿀때도 되지 않았나?,1
424,ㅎㅎ샷스파이가 요기에도있었네요ㅎㅎ,1
425,난 볼보가 너무 조아,4
426,"대놓고 사기치고, 바가지씌우는 흉기차 사지말고 이젠 가성비 좋은 외제차를 사야할 것 같습니다.",2
427,리뷰의 질이 다르네요,1
428,단점   내돈주고 사는대 차 인수 하는 기간이 너무 길다.,2
429,샷스파이 벌써 운전석에~~ㅋㅋㅋ,13
430,저것도 사실 해치백이지 세단 스타일은 아니죠.,1
431,31:30 함박눈 쌓인 날 썸머타이어 끼운 차를 시승차라고 내보내는 거 실화냐.....볼보코리아 일 진짜 못 한다....,3
432,"17:16  이부분 극 공감합니다..현x, x아  제발.....(그래놓고 나도 기x차 타네..)",45
433,S60 B5휘발유는 고급으로 주유하나요? 연료공급 전기도같이하는지?,1
434,편집자분이 rock을 좋아하시나봐요. roundabout이 나올줄이야.,1
435,볼보는 화이트죠ㅋㅋ 타보면 압니다ㅋㅋ,5
436,궁금한게 볼보를 구매할때 진짜로 할인이 1도없나요?? 단돈 10만원도 안빼주나요???,1
437,우리는 안전만 생각합니다.우리(?)는 많이만 팔면 됩니다.비교불가네...,1
438,머플러를 나뭇가지로 쑤실줄이야 ㅋㅋ 트렁크 왜 안자동 ㅠ,2
439,카와우 진실의 막대기 ㅋㅋㅋ,2
440,"실내공간을 중요시하는 전륜구동차량인데, 2륜모델에서도 센터터널이 우람하다?",1
441,1년 참앗으면 이 차를 몰고 있엇을텐데....,1
442,22년 9월생산부터는 뒷좌석폴딩이 되는걸로 나온다네요 그제 대리점서 설명받았어요 저도 고려중..,1
443,시승하러 차에타고 노래 잘못 틀면 뽕맞아서...계약하고 만다는 볼보....,1
444,👍👍,1
445,앞모습 그랜저 ig ㅈㄴ이뻐진거같다,11
446,볼보 ADAS 가 초창기엔 거의 탑클래스라고 평가 받았었는데 지금도 그런가요? 어느 매체에선 카메라도 하나 레이더도 하나라며 퇴물 취급을 하던데요...,3
447,흉기가 볼보 인수 안한건 천만다행같군요. 볼보가 흉기화 되었다면 어휴 인류에 재앙이 되었겠어요,1
448,진실의 막대기....,2
449,2:25 이거 나만 그랜져 IG 닮았다고 느낌???,2
450,안녕하세요. 오늘도 08에 모카입니다.😄😄,11
451,china가 한국을 앞섰구나...놀라워....,2
452,대기시간 너무 오래걸려요ㅠ,1
453,"이분은 폭스바겐도 독일차 아닙니까, 이러면서 유럽차는 다 벤츠, 비엠더블유 동급 취급하면서 빨아대니, 아니 비엠더블유 살려고 하는데 볼보를 쳐다보기라도 한단 말인가 개웃기네 독삼사 리스가 진리다",1
454,돈만 좀더 있었더라면.. 이거삿는데.. 그냥 질러버릴걸 그랬나후회되네ㅜ,3
455,7:49트렁크오른쪽에있는버튼이 전통트렁크버튼아닌가요?,1
456,준중형 4800이면 싸지않지만 납득이간다..,1
457,스웨덴 노르웨이 핀란드 모두 모기 엄청 많아요!!! ㅋㅋㅋ,1
458,"중국산이면 사지마세요 , 철판부터 안좋아요",2
459,아. 현대엠블럼 CG하자마자. 탄식이 ㅜㅜ,16
460,실내가 좀 올드하긴 하네 ㅋㅋㅋ,2
461,갑분싸 볼보,3
462,싼타페는 테슬라인줄알았는데..!,2
463,볼보 B5?! 요즘 퍽소리 난다는 그 차 아닌지...,4
464,GV70사느니 이거 사고싶다 ㅠㅠ 돈없어서 GV70 못사고 볼보사네,2
465,👍👍 👍👍👍,1
466,볼보 정비는 잘됌??,1
467,하부소음 진동에 대해 얘기좀 해주시지 너무 간단히 언급만하시네.,1
468,볼보는. a/s가 그지같은. 이상한 물량조절 마케팅으로 국내에서 잘 나가는 척 하긴 하는데... 볼보는 에프터 마켓도 없고.. a/s 생각 하신다면. 절대 볼보는 no,1
469,볼보 요즘 스피컹0서 퍽소리 난다던데..,1
470,잘 봤습니다.저는 Yes의 Roundabout 들으러 갑니다. ㅋㅋ,1
471,뒷태만 조금 다듬으면 너무 예쁠듯ㅜㅜ,4
472,스웨덴  차가 아니고 이제는 중국 차라고 해야 되는거 아닌가요?,1
473,트렁크.. 우산걸이 겸용 아닌가요?,3
474,결국 엠블럼 보고 사는경우가 다반사라는거임. 뭐 토크가 어쩌구 저쩌구 하는건 자동차 잘 아는 사람이나 ..,1
475,볼보 헤드라이트에서 망치를 빼면 제네시스가 됩니다.,1
476,우리나라는 외제에 점수가 너무 후해~~~~팩트!!,1
477,주관적평가는 될수있음 생략하길 바란다..사고안사고는 구매자가 판단한다. 좋고나쁘다는게 어딧냐. 다른차량과 비해 장단점이 있거늘,1
478,근데 60브? 라는 남바도 나오나유?,1
479,실망입니다. 세단 해치백만 정파고 스포트백은 사파라는겁니까 ㅠ,1
480,언젠가부터 ㅋㅋㅋㅋ 투덜한용임ㅋㅋㅋㅋㅋㅋㅋㅋ,10
481,한용이형 커여어~,1
482,대세는 벤츠에서 볼보로,7
483,누가 볼보를 이뻐서 타나 ;; 좀 오버 아님??,1
484,"볼보뱃지 예쁘죠~ 볼보뱃지대신 현대,토요타,혼다,기아 뺏지달면 바로 ddong됨 ㅋㅋ",2
485,구아방도 엠블럼 저렇게 되어있는데..........,1
486,"ISG 버튼이나 파워트레인 내용, 계기판 디자인 바꾸는 거... 등등 잘 모르시거나 좀 부족하게 설명하시는 부분이 있네여...:;;",3
487,트렁크 쇼핑백걸이?? 저거 우산걸이 아닌가요...?,1
488,현대 뺏지 앜 내눈!!! ㅋㅋㅋㅋㅋㅋㅋㅋㅋㅋㅋㅋㅋㅋㅋㅋㅋㅋㅋㅋㅋㅋㅋㅋㅋㅋㅋㅋㅋㅋㅋㅋㅋㅋㅋㅋㅋㅋㅋㅋㅋㅋㅋ,7
489,볼보 진짜 사고싶은데 S60도 고급유 셋팅이죠?ㅠ,3
490,"37분 44초인데, 광고가 중간에 열번은.. 와 존나 심하다 진짜 ㅜㅜㅜㅜ .",1
491,동승하신 pd님? 진짜 10대에요?아드님...?,1
492,9:35 CARWOW 의 진실의 막대기 따라하네 ㅋㅋㅋ,30
493,7:48 트렁크에 있는 버튼은 머에용?? 마치 전동버튼위치 같은데....,3
494,설명은 유창한데 화면은 뭘 보여주는건지 전혀 모르겠다.,1
495,g70 살돈이면 당연히 볼보를 사야지,3
496,9:28 carwow 보는기분ㅋㅋㅋ,16
497,4:54 V A 욜 Pro = 볼보(?),6
498,자동차가 4800이면 염가인가요???? 저진짜 자동차 하나도 모르는 22살짜리라,1
499,1분전은 잘참지ㅋㅋ,10
500,촛점이 진행자 얼굴이 아니고 오른손에 맞네요..,1
501,20:24 에 나오는 음악 좀 알려주실 천사같으신 분 계신가요???,1
502,선뱃님! 저이거 갖고싶어요!,3
503,차 구경하는 저 고딩 많이 본 고딩 같은데,2
504,k7프리미어 사지말고 이걸샀었어야해 ㅠㅠ,3
505,몇달걸려요?,1
506,k7 ㅎㄷㄷ,2
507,트렁크ㅋㅋㅋㅋㅋ 한기자님 말씀이신가요??ㅌㅋ,4
508,2:25 아 순간 엠블럼 바뀌는데 진짜 개ㅈ같다,2
509,솔직히 안전의 볼보 는 그냥 인식이죠  헤드 레스트 나 스키 스루 안쪽에서 못 여는게 안전 때문이다 라는 말이 너무 웃기네요  볼보의 기능적이지 못한 디자인을 안전 이란 말로  상쇄 시키는건 아니라고 생각함   안전 테스트로 가장 유명한  유로엔캡 이나 iihs  보면 볼보가 다른 브랜드에 비해 월등 하게 좋은 결과를 내는 것도 아닌데 아직도 안전의 볼보니 어쩌니 하는 거 보면 솔직히 웃김    iihs  테스트 보면 탑 세이프티 에 현기 차량이   더 많이 픽업 되 있음,4
510,3분전은 동원참치~~,1
511,대가리 총맞지 않은이상 중형세단 이상부터 국산차를 사는건 나는 호구요...수입차도 국산차 가격이 너무 올라서 가격경쟁력이 충분히 있다고 봅니다,4
512,5:08 포르쉐도?!,1
513,차는 볼보지요,1
514,현대 뱃지 개구리네 ㅋㅋㅋㅋㅋ,1
515,인트로끝나면 항상 어디그렇게 가시는거예요?,4
516,메이디인중국차가 유럽차라고요.,1
517,한용기자님 기아썰좀 풀아주세요. 애플카,2
518,8:34 저기 저거 손잡이 아닐까요!?,3
519,7:58 김한용 밑장빼기,42
520,북유럽 감성? 동북삼성 감성이겠지...,2
521,현대차는 로고 왜 안 바꿈? ㅋㅋㅋㅋㅋ 어딜 붙여놔도 쓰래기 같음.,1
522,비싼 수리비는 어쩔 ㄷㄷ,3
523,볼보보니 한국차 똥차네 ㅋㅋ,1
524,볼보 출고 시간이 너무 길어서  못삼이요,1
525,이거 PD님 사줍니까??^^,3
526,조나이쁘네,3
527,썸네일 엠블럼 뗀 k7같네 ㅋㅋ,2
528,2:24 아!!!  내 눈~~~~~~!!,20
529,수입버전의 K7,2
530,현대 마크 붙이니 아슬란되네,1
531,슈퍼차저 없어요...,3
532,소렌토풀옵  4800ㅋㅋㅋ,1
533,잘볼께용,2
534,소나타가 더좋다!! 뒷모습 봐봐라 볼보가 소나타 비슷하게 따라한것을....연료만 연소시키는 고물차 쯧쯧 연료와 오일을 같이 연소시키는 특수 기능도 있다,1
535,스웨덴 도대체 부족한게 뭐에요?,2
536,아 진짜로 고등학생 이셨던건가여??,1
537,37:45광고,1
538,외관 설명이 길어요ㅠ,5
539,K7  그릴...,2
540,근데 볼보는 스웨덴차에요? 중국차에요?,2
541,00:22 번호판에 브 가 있어요???,1
542,후륜구동에서 땡!,1
543,솔직히 이거 살빠에...소나타 산다,1
544,볼보가 자동차냐? 달구지지,1
545,2:24 악 내눈 ㅜㅜ,5
546,얘는 돈받고 리뷰써주는 얜가??? 그런거니???,3
547,싼타페는 트와이스를 오마주 한거라구요.내 맘 모르고 너무해 너무해,1
548,다 좋은데 듸에가 너무 안이뽕,3
549,굉장히 굉장히.....너무 반복하네요,1
550,현대 무시하시네ㅋㅋㅋㅋㅋㅋ,3
551,2:28 ㅋㅋㅌㅋㅋㅋㅌ 아슬란,44
552,14:15 ???: 응애 나 애기 한용,5
553,유럽의 느낌이라고 하는데...지리자동차가 인수 해서 거의 볼보 자동차는 중국에서 생산하지 않나요??,1
554,제한속도 180km/h 로 줄여서 안살꺼 같습니다.,4
555,사줘도 유지 못함 ㅠㅠ,1
556,다들 중국차가 맘에 드는 모양이네! ㅋㅋㅋㅋㅋ,1
557,뒷모습쉣이다,1
558,피디님 죠죠러입니까?,1
559,한용아 여기서 보네 ㅋㅋ,1
560,9:28 mat watson here in Mocar,11
561,0:32 샷스파이님 아녀??,5
562,엔진이 안좋은차..그리고볼보는 프리미엄차 아님...우리나라에서 과대평가된차,2
563,ㅋㅋㅋ 그이야기는 해주셔야죠 made in China. 스웨덴요? 포드가 웃습니다 ㅋㅋㅋ,4
564,안녕하세요 모카번입니당,2
565,9:25 카와...ㅇ...읍,29
566,굉장히 라는 말을 굉장히 많이쓰네요,1
567,아 내눈ㅋㅋㅋㄲㄱㅋ,1
568,그래도 빨리왔다,4
569,아니 이시간에!?,4
570,볼보를 왜삼??? 호구 되고 싶은건가,1
571,샷스파이는 학교 안다녀요?ㅎㅎㅎ,7
572,연봉4천밑은 저런차 쳐다도보지마라,2
573,혹시 중국산 아녀요?,1
574,??? :낫 fㅔ이크 뭐플러 뤼얼 뭐플러,3
575,헤드라이트 무슨 콘돔 같네,1
576,37:44,1
577,유니콘이잖아?,1
578,죄송한데  트와이스 듣는게 더.. 이상하게 느껴져요 ㅠ..,1
579,K7 그릴임????^^,1
580,볼보가 중국차 라고 하는데 어떻게 된거에용?? 진짜 궁굼합니당,2
581,10:45 메이드인스웨덴인가요?,1
582,북유럽 감성 같은소리 중궈차지 걍 이차살바에 독일차나 일본차 곧 하자터짐 코로나 원산지 에서 만든차,1
583,스웨덴이라는 나라 조심합시다우리기업들 우리국민들 625전쟁 잊으시면 안됩니다,1
584,현대 마크는 진짜 존나게 못생겼다.,1
585,38:00,1
586,중국차 역겹네요 볼보를 사면 그돈으로 중국이 김치공정 한복공정을 강화할것입니다,1
587,얘네는 차 광고를 하면 뭐하냐고 출고대기 1년보라는데;;;,3
588,쭝국차,1
589,S60이 어떤 차냐구?메데인차이나카!끝,2
590,그냥 광고,1
591,일빠~!!,3
592,중국 지리차를 왜 사요. 중국 지리가 인수하고 볼보는 맛이갔죠,1
593,엠플럼 촌시럽네요 노가다현장에서 트럭이 익어서 그런가 노가다차 같음,2
594,중국차 아닌가요..,1
595,중국차는 별루임.,1
596,볼보 슬슬 안팔리나 보네 ㅋㅋㅋ 테슬라에 현대 아이오닉에 좋은시절 다갔지~ㅋㅋㅋ,2
597,볼보 사는이유? 안죽을것 같아서 사는거임~!! 현대차 샀다가는 전자식 브레이크와 스마트스트림엔진 등으로 먼저 저세상 가요~ 전기차는 아휴~ 입이 아픔~,2
598,왜 뜬금없이 엠블럼에 현대로 비교 들어가나요? 싼티나는 대표 브랜드가 현대차인가요?,4
599,진짜 현대 정신차려라 외제차 점유율이 한국에서 국산보다 높아지면 그때는 어떻할려고 ...유튜브 없을때야 사람들이  현기가 악독기업인지 몰랐을때고 지금은 아니야 현기야 정신차려라  기업이미지 훅가는건 한순간이다. 이미 현대 이미지 추락인데 더 추락하면 끝,7
600,메이커 말고 브랜드라는 단어를 써주세요,1
601,국산차애용,1
602,볼브 차  구매는  중국땐놈 의  차 입니다.,2
603,스웨덴에서는 신경을 안쓰지중국차인데 ㅋㅋ 인수한지가 언제인데,1
604,근데 북유럽감성은왜나옴?? 볼보는 트럭.중장비말곤 팔아치웟는데ㅋㅋ미국감성으로팔렷다가 지금은 중국감성임ㅋ,2
605,중국차 아닌가? 중국회사가 소유하고 중국에서 만드는데?,2
606,전문적인 거에 비해 지나치게 특정 브랜드 비하하는 걸 즐겨하니 ... 팬심에 의한건지 아니면 인성에 문제가 있는건지... ㅎ,4
