,comments,likes
0,주변에서 쉽게 접하기 어려운 이런 차 리뷰 너무 좋습니다. 앞으로도 유니크한 차들 많이 해주세요~,5
1,"9-5가 윗급이었지만  9-3 디자인이 더 마음에 들어 꼭 사보려했던 차였는데아쉬웠었는데.    저압,고압터보가  각기 있었던  스웨덴차 .",5
2,사브9-3이네요.사브가 과거에는 독일3사보다도 훨씬 좋았다는데 갈수록 판매부분에서 저조해서 결국 역사속으로 사라진 안타까운 회사지요.,9
3,한참어릴때는 자동차 관심도 없었는데 살 능력이 되니 가끔 보이는 올드 사브들이 진짜 멋지더라구요,1
4,"차량도 매력적이지만, 엔진이 더더욱 매력적 입니다. 사브 터보 엔진이 파츠도 많고 튜닝하기도 어렵지 않는게 장점입니다.",4
5,예전에 제가 타던 차네요. 아직도 다시 타고 싶은 차...스포츠 모드 참 좋지만 기름 ㅎㄷㄷ,3
6,이야 안타까운 역사가 있는 사브 9-3이네요 ㅠㅠ 시승기 보고 싶었습니다,2
7,18:35 와 나이트패널 간지...,8
8,미국에서 살지만 저도 사브 이제 6대째 입니다. 중간중간에 다른차들 타봤지만 뭔지 모르게 다시 사브를사게 되더라고요. 분명 특별한 영혼을가진차 맞습니다!,2
9,아.. 미려하다 .. 사브 예술이네요,4
10,"테드에 리뷰된차네요관리 잘됬고  차주의 정성과 열정이 남다른 찬데,현자주분에게 잘간거 같네요^^",1
11,간지 작살!! SAAB 다시 부활할만한 가치를 가지고 있는 차인데... 아쉽죠. 참 멋지네요.,3
12,말도 안 되게 튼튼한 차 사브,2
13,사브!! 정말 멋있는 차량입니다!! 사브는 정종섭 사장님!!! 그리고 9000번 예술입니다..,5
14,"지금의 관점이 아닌 출생당시의 관점으로 보셔야할듯,  9000시리즈는 90년대 중반,이미 (2.3리터 기준) 200마력을 170마력으로 내려,  토크 영역대를 저알피엠대로 낮추고 터보레그를 줄여, 일상운전을 용이하게하는  기술을 업계 최초로 적용 합니다. 그 이후 볼보850에서 같은 개념을 적용하고요. 훗날 모든 업계에서 일반되지만.... 그리고 FF방식의 차량도 , 요즘 흔한 통풍시트 또한 사브가 최초입니다..  사브는 요즘 일반화된 엔진의 다운사이징 개념을 과거 부터 고집하며 4기통 터보엔진을 고집합니다. 이로 인해,FF방식이지만 50:50에 가까운 차량 배런스를 유지합니다.  안전,FF,차량밸런스, 마력대비 슬립타이어를 쓰는 이유는 눈길이 많은 스위덴의 주행환경 때문입니다.  일반적으로  출발은 느리지만  고속도로에서 추월 가속이 매우 빠르며 스라럼테스트 수치 또한 매우 높습니다. 92년 9000Aero의 경우 911과 비등한  수치의 추월가속을  기록, 모터트렌드 선정 올해의 차, 트렉테스트에서 세단이면서 300zx turbo 및 RX7 turbo보다 빠른 렙타임을 기록합니다.  당시에는 지금과 같이 200마력을 넘는 차량 또한 그리 많지 않더 시절이라 ..카우치포테이토를 5명 태운 헤치백 세단이 고속도로에서 마구 칼치기 하며  당시 나름 빠르다고 생각하던 북미의 일본스포츠카 오너들과  90년대 자뻑에 빠진 국내 빔머 오너들에게  끝없이 의문점과 좌절감을 안겨 주던 과거가 있던 녀석입니다.",4
15,재미있게 잘 보고 있습니다~,2
16,스텔라가 싸브 맛을 보여준 국내차량이 아닌가생각합니다.,2
17,영혼이라 보기보단 헤드라이트 와이퍼 모터 교체를…꽝터보는 터빈업을 하고 맵핑을 했으니 그렇지 150마력 저압터보는 보드랍게 저회전 부터 부드럽게 이어가죠어디서 그런 이야기를 하냐고요? 저도 1세대 9-3 SE 컨버터블이라 알아요..송풍구는 추돌시 송풍구 부품이 운전자에게 상해를 가하는걸 방지하기 위함입니다,4
18,사브 해치백 스타일 너무 예뻐서 드림카였는데  전기차로 다시 태어나길 ...,1
19,2002 93 오너입니다. 많은것을 배우고 갑니다.,2
20,GM에서 단물만 빨고 버린 비운의 메이커 ㅜㅜ,9
21,색깔이 참 좋습니다.,1
22,클래식카코리아 그차량이네요소유하고 싶은차량 입니다,1
23,2008년형 신형 93 Aero 2.8리터 6기통 터보 280마력 빨간색 몰았는데 9년 22만 킬로타고 미션 나가서 벤츠 딜러에서 트레이드 인함.,3
24,"2002년 애니버셔리 타고 있습니다. 부품 수급 어렵고요. 가격은 벤츠 비엠보다 비쌉니다. 공임비는 공식센터나 사설이나 큰 차이 안납니다. 다만 공식센터 부품가격이 해외직구보다 2배정도 비쌉니다. 미국, 영국, 독일, 스웨덴 해외 직구를 열심히 해야 되고요. 해외에서 부품이 최대 빨리 와도 10일 입니다. 달리기 성능은 좋습니다. 그것 땜에 모든걸 다 참고 버틸 수도 있겠지요... 그리고 중고가 가격이 ㅎㅎㅎ 부분 수리비 정도 입니다 ㅎㅎㅎㅎ",4
25,번호판이 또 절묘하네요,3
26,저는 93ss 05년식 타고 있습니다.반가운 영상 잘 봤습니다.저도 정종섭 대표님 사랑합니다~인스타 사랑합니다!,3
27,"송풍구 디자인의 유래는 사고 발생 시, 날카로운 날 부분에 손 또는 안면 피부 등이 닿아서 자상 , 외상 등이 생기지 않도록, 그리고 조작시에도 어린아이들이 손가락 손상이 발생하지 않도록  일체형  모양으로 만들어서 , 그리고 풍항 조절도 용이하게 만든 것입니다.  한국에서의 자동차에도 거의 극소수에 차량만 이 사브의 디자인을 본따서 적용시킨것이죠  그런데 여전히 제조단가를 가장 중시하는 한국 자동차업체에서는 이후 일반 보통 양산차에는 전혀 적용을 시도조차 하지 않았습니다",3
28,아 모터리언 기자셨군요!,1
29,나도 하나 있지 ㅎㅎㅎㅎ 93 vector conv,1
30,누가 게스트고 누가 진행자인지 모를 정도로 너무 달변이시네요,1
31,사브심 쪄시넹 ㅋㅋㅋ,2
32,차주님이 방송체질이네요,3
33,기가 막히네요,1
34,사브 얼라이 먼트 보신데 어디신가요  얼라이먼트 봐야혀서용,1
35,재생나만안됌??,1
36,딸랑딸랑,1
37,여름에 찍었나?,2
38,진짜 보기 힘든.. 차량인데 레드색상에 BBS휠까지.. 차주님 정성과 사랑이 느껴집니다,19
39,2천년 초중반 튠빨 좋은 싸브였죠.좀만 건들여도 y영역 후반까지 거침없이 올라갔던 차량이라 은근 매냐층이 있었지요.,3
40,사브는 진짜 명차임. 진짜 볼보보다 튼튼함.,9
41,사브는... 진짜 막 건들지 말아야 하는데...사브는 브랜드 자체가 사라져서 순정 부품 구하기도 힘들고 앵간한 정성 없음 손대지 마시길....오래된 차라고 개무시 했다가 고속직빨에 털려나가는 수가 있으니 썩차라 무시하지 마시길... 국산 2.0텁 이상 3.0자연흡기 이상이면 비벼볼만 합니다 그 이하면 꿈깨세요,6
42,차상태가 무지 좋네요  에어로 상태 이렇게 좋은건 정말 오랜만인듯 차주의 정성이 느껴지네요,2
43,날씨와 잘 어울리는 차네요 ㅎㅎ 관리도 잘되있어보이고 배기음도 멋지네요 ㅎㅎ,2
44,차 관리 진짜 잘하셨네요 올드카인데 도색이며 범퍼들 단차가 하나도 안보입니다....,4
45,관리 진짜 잘하셨다,6
46,크~~ 사브93 안타본 사람은 모릅니다. 그당시 진짜 로망이었는데 ㅠ 현실은 구아방 ㅠㅠ,2
47,차 진짜 깨끗하네요 17년된 썩차만 아니면 갖고싶다,1
48,올드카하니까 쌉지리는S급각그랜져 협찬도 받았음 좋겠네요 ㅋㅋ,1
49,와..싸브 은근좃나 좋은차인데 이걸 리뷰해주시네 역시 롸쥔성엔 클뤠스~,1
50,차 상태 진짜 좋네요,1
51,은근 보면 영상 잘만든다니까 트렁크 오프닝도 옷 바꿔입고 진짜 잘만들었음 ㄹㅇ루,5
52,와 차 상태 좋은거보소...,2
53,"웃기게, 잼있게 이야기하지만... 차에대해 좀 아시는분이네요, 각! 부분 명칭들 정확히 이야기하시네요. 차량 리뷰 특히 구변차들은 명칭을 잘알아야죠, 정확하시네요. 잼있게 잘보고 갑니다^^",1
54,우리 롸진성님 레드레드 좋아하시나봐 갬성 뒤지게 짜세나오게 리뷰 좋습니다.볼보 웨건이나 일본차 스카이라인 미쯔오까브랜드도 이색적이라 좋을것 같아요. 썁소리구여. 잘보고 있습니다.,1
55,크으 바로 이것이야 // 와 근대 차 진짜 이쁘네요.,2
56,눈오는데 열심히 핫는 카진성 형님~ 멋있습니다,2
57,썩차가 역시 어울리십니다 형님~~^^,1
58,차 외관 엄청 깨끗하네 ㄷ,2
59,카진성 겁나 잘하는데.. 왜 구독자가 안늘지?,1
60,아 ㅋㅋ 울 아빠 나 초등학교 때 샀던 차네 ㅋㅋㅋ 리뷰 감사합니다 ㅋㅋ,4
61,도로에서 페라리 맥라렌보다 만나기 힘든차 .잘봤습니다.,1
62,형님 올드카 클래식카 더많이해주세요!!,2
63,쌉 뒤지는 SAAB~~~ㅋㅋㅋ 라임 뒤지네요~ 재밌는 영상 항상 감사합니다^^,4
64,Viggen 이 람보랑 비긴적 있다는 해명 겁나 욱기네요 ㅋㅋㅋㅋㅋㅋㅋㅋ 잘봤습니다 ^^,1
65,그리고 생각보다 졸라 자세하고 체계가있어....,6
66,이정도면 진성이행님 쌍둥이라해도 믿을 듯 ㅋㅋ,3
67,비겐 뱃지 제가 달아준건데...ㅎㅎ 사고없이 멀쩡한것보니 고맙고 반갑네요 ㅎ안운하세요^^,1
68,눈 오는날 사브.. 배경 쌉 엔 지리네요,4
69,오늘도 재밌는 인트로 기대했다가 트렁크에서 형님 랄쌈디지게나오시는모습보고 청심환먹고있습니다,2
70,와 이건 ㄹㅇ 환자들만 유지 가능한데,1
71,행님 원비디에서 쌉갬성이 느껴져버리자나~~~~,1
72,아 저회사이름이 사브였구나 ㅋㅋㅋㅋㅋㅋ  ㅋㅋㅋ첨알았슴다 ㅋㅋㅋㅋㅋㅋ형님 추위조심하시구요(?) 잘못하다가 박대기 기자처럼 눈사람되지마시고요 ㅋㅋㅋㅋㅋㅋ,2
73,이야.. 이게 감성이지....,2
74,맨날봐도 롼나뤼 잼나여 형  렘성 뒤져버려요,1
75,그 옛날 연얘인들 사브차 많이 탔다는데...그리고 영상에 마력과 토크 바뀌었네여 ㅋㅋㅋ,1
76,대본이 있는건가요? ㅋㅋㅋㅋ 보면서 힐링합니닼ㅋㅋㅋㅋㅋ,2
77,아 미치겠다 구독하고갑니다ㅋㅋ,1
78,카진성님리뷰차에서 좋은거 있으면 진짜 떠가보시는게 어떨까요??유치장 들어가는 거 까지 유튜브각 나오는데...제가 설렁탕 준비할게요.ㅋㅋㅋ,1
79,6:39 양해안한다고 급발진하는거 개욱기넼ㅋㅋㅋㅋㅋㅋ,2
80,선댓글 후감상로늘도 짜세 뒤지게시청하고 론나리 웃어버려야지,2
81,칼로리 한 10000 정도는 소모되신듯ㅋㅋㅋ,2
82,이야 ㅋㅋㅋ 차 멋지네,6
83,성님과 잘어울리는 피철철 흘린것같은  빨간색 사브 갬성 뒤집니다~,5
84,사브가 아직도 살아있었으면,2
85,썸네일 멀리서 보고 쌉구형 라반뗀줄 알았자너~~,1
86,4:29  행님 이부분 같은 경우는 사람들이 진짜 오해 할 수도 있으니까 말 조심해야 될 것같습니다,1
87,사브가 다시 한국에 판매했으면 좋겠네 ㅋㅋㅋ,1
88,눈오는날 갬성디지는 올드카 리뷰 디진다에~,1
89,크으~~~싸브 짜세 디진다이~~~~오늘도 론나리 감동받앗짜나요^0^,2
90,면상바리ㅋㅋㄱㅋㅋㄱㄱㄱㄱㄱ아 왠만한 개그맨보다 더 웃기신ㅋㅋㅋ매력뒤져버립시다,2
91,라진성 차하고 감성딱좋다 ㅋ,1
92,옛날차지만 썩차는 절대 아닌듯,2
93,토크랑 마력 바낐으 ㅋㅋㅋ,3
94,너무 재밌어요 누가 자막 좀 달아주심 안될까요?....,1
95,역시 북유럽 감성으로 눈이 올때 리뷰해야지,4
96,1:03 최대토크랑 마력이 순서가 바뀌었네요,2
97,나도 이런 램성올드카 타고싶네,4
98,와 사브 드라마에서 있는집 롸식들이 타던차~~~,7
99,오빠 오늘도 영상보러 왔습니다~~ 순정인데 영상 협찬 하고싶어서 풀튠해야하나싶네요~,3
100,진성님 좋은차 튜닝 영상 잘보구 있어여~^^  궁금해서여 k5실버 10년식 인데여 라이트 주황불 인데 hid  교체하 려는데  구변만 하면 될까여? 라이트 통째로 다하려구영~  안개등 라이트 통째로요^^,1
101,에초에 사브가 기본기가 ㄱㅊ음,1
102,롸진성의 카에 대한 룀성은 타의 추종을 불허한다.!!!!!!!!!!!!!!!!!,1
103,쌉 뒤지는 사브ㅋㅋㅋㅋㅋㅋㅋ,1
104,형ㅋㅋㅋ보고싶어~~,2
105,썸네일 보고 진짜 무슨 차인지 몰랐음ㅋㅋㅋㅋ,12
106,2:55 사브의 의미가 쌉 뒤지는 싸브라니 ㅋㅋㅋㅋㅋㅋㅋ,1
107,역시 올드카여,2
108,1:04 토크 개높네요ㅋㅋㅋㅋ마력은 음..,4
109,"1분:09초  최대토크 210마력 , 최대마력 30톡",1
110,딱 현대기아 2010년식 정도 수준인데 차가 당시 비쌀만 하네,1
111,형 맨처음엔 뭐지 이놈은 이랫다가 나도 계속 쌉소리고요 하면서 짺짹짹짹짹 하면서 회사 다니고 잇어 내차도 나중에 리뷰래해줘,2
112,난 왜 면허도 없으면서 다 보고 있는 것인가...,1
113,전 과자 사브만 아는데 ㅋㅋㅋㅋㅋ신기해유,1
114,옛날 강남쏘나타 트렁크에 사람납치하셨네 ㅋㅋㅋ 누가 진성이형 야마이돌게했나? ㅋㅋ,2
115,구독자 이벤트로 3명정도 틴팅할 생각 있으시면 답글 앤 좋아요 눌러줘요 diy용으로 협찬해주거나 시공해드륌카진성 재미 앤 있다고 대표님께 협찬 물어봤더니 존쓰나고 쿠롸게 허락해주심,1
116,와!오디오가 쉬질않네,3
117,롸진성 루스카니보다 멋있잖아요~~앤 쌉소리구요^^,1
118,왜 영상기다리고있는데 안올라와요 랭님루스카니타고가다 직빨 뒤지게 사고난건 아닌가 뢩장히 럭정되는 부분바리 입니다차를 못빌리는 부분인가요??ㅋㅋㅋㅋ앤 쌉소리였으면 좋겠구요,2
119,못보던 차네 저런차가 있었구나,1
120,사브인지 샤브샤브인지 그건 모르겠고 당연히 루스카니 아이가?!,2
121,차살건아니지만 통화함 해보고싶다 앤 쌉쏘립니다,1
122,와 싸브 간만이네,1
123,이거 왠지 블로그에서 복원기 본듯합니다,1
124,백번째 댓글...ㅋㅋㅋㅋ 선물 롸진성 ㅋㅋㅋ 패지말고 저 주세요... 오늘도 빤스에 지리고 갑니다^^ 싸브... 언제짝 브랜드야..ㅋㅋㅋㅋ 90년대 자동차 만들다 비행기 만들던 멘트.. 한국 광고.ㅋㅋㅋㅋ 스웨덴 북유럽의 지리산 ㅋㅋㅋㅋ 지리고 갑니다,1
125,몰딩이 아니라  블랙 가니쉬 라고 부릅니다.,1
126,졸라 웃김....ㅋㅋㅋㅋ   그리핀에서 수리하시나요?!,1
127,카와우 한국 채널에서 영상 제목에 감가 개처맞았다고 쓰신거 보셨나요 ㅋㅋㅋㅋㅋㅋ 유행어 렛츠고 파리피플~~~~~~,1
128,웨이터 생활 하셨을거 같은데 ㅎㅎ,1
129,1:04 형 토크랑 마력이 바꼈어,6
130,샤브 진짜 명차였는데 망했어,11
131,첫화면에서 NF 소나타인줄.,1
132,바람만 더 불었으면 이륙하는건데요잉 앤 쌉소리구요,2
133,와 싸브....램성 뒈진다,2
134,2:31 램성 올리고에서 멈추신분?,13
135,크~~잘보구갑니닷,1
136,SAAB 램성 뒤지는 리뷰!,1
137,형 투카는 20년 넘었자나,1
138,샤브샤브가 먹고 싶어버리잖아요~눈오는데 루스카니 로심하세요~,4
139,우워 사브 오랜만,1
140,NF쏘나타랑 아반떼XD 반띵씩 용접으로 때러박아버린 와꾸네여,1
141,롸진성의 불금 파뤼피플,1
142,샤브샤브바리 너무 뻘건색이잖아요!램성 뒤진다 ㅇ ㅔ~오프닝 너무 재밌잖아요!!,2
143,와우.. 갬성 뒤진다잉 ~,1
144,형님 렌트리스 사이트좀 주십숑,1
145,력시 롓날 차가 라오 뤼지긴 하네~ 룬제는 란번 랄못 락으면 뤼진다는거~^^,1
146,컵홀더 겁나 멋지네 ㅋㅋ,2
147,,1
148,로고 치킨이 스카니아 ㅋㅋㅋㅋㅋ,1
149,제쑤프라도리뷰해주세용ㄱㅋㅋ,2
150,ㅋㅋㅋㅋ롱삼스틱ㅋㅋㅋㅋㅋㅋㅋ,4
151,눈오는 거 램성 뒤진다잉~~,2
152,인트로에 선물이 형이었어.....ㅋ,3
153,"[충격]롸진성, 쌍둥이로 밝혀져",2
154,이차 처음 본다ㅎ,2
155,,1
156,자세는 다 디진다 안디진차보고싶다,1
157,내차도 리뷰해주이소 ㅋ,1
158,0:53 ㅋㅋㅋㅋㅋㅋ,2
159,,2
160,람각형 ㅋㅋㅋㅋㅋㅋㅋㅋㅋㅋㅋㅋㅋㅋㅋㅋㅋㅋㅋㅋㅋㅋㅋㅋㅋㅋㅋㅋㅋㅋㅋㅋㅋㅋㅋㅋㅋㅋㅋㅋㅋㅋㅋ,1
161,8:03 침튄닼ㅋㅋㅋㅋㅋㅋ,4
162,양아치 양카보다 이런 올드카가 깐지 짜세네 ㅋ,1
163,1:00에 토크랑 마력이랑 바꼈어요~~ㅋㅋㅋㅋ,6
164,와 정신없다 ㅋㅋ,2
165,저거 스카니아 엠블럼 아닌가요? 비슷하게 생겼는데,1
166,처음에 혼다인줄알았네 일본차,2
167,와 사브다,2
168,0:18  나 자신과의 싸움,1
169,오프닝만보고 끕니다,1
170,ㅋㄱㅋㅋㄱㅋㄱㄱㄱㄱ 아미치게따,1
171,saab 샵ㅋㅋㅋㅋㅋ,3
172,우리아파트에 사시는분인가 차종이랑 색이 똑같네..,1
173,3:36 롸가리 터지네 ㅋㅋㅋㅋㅋㅋㅋ,17
174,16초 전은 못 참지,2
175,차이쁜데?,1
176,아유 입 아프시겠네 ㅋㅋ,2
177,1:03 앗 토크랑 마력이 잘못적혓 ㅋㅋ,1
178,3:36 롸가리 터지네 ㅋㅋㅋㅋㅋㅋㅋㅋㅋㅋ,9
179,대본쓰고하나 입이안쉬네 ㅋㅋㅋㅋ,1
180,5:41 저제상바리 뒤진다잉~,11
181,앤 SAAB소리구요,1
182,갬성 디진다이,1
183,말 너무 많네 구독햇다,1
184,엠블럼은 스카니아 엠블럼인데?,1
185,램성뒤진다잉,1
186,사브 램성 뒤집니데ㅇㅣ~,6
187,스카니아 짜세 뒤지네요,1
188,인트로 디진다에에ㅔㅔㅔ,1
189,??앤 SAAB소리구요,1
190,키꼽램성 뒤지네용.,3
191,스웨덴에서 사브작 사브작 만든자동차사브,2
192,사브사브,1
193,짹짹짹~쬐~~~에~~~엑~~~쬑,5
194,안기효랑친척인가..,1
195,"롸진성바리입니다^^쌉뒤지는 썩차 & 올드카 런제든지 연락주시기 바랍니다^^ 신차할부 장렌트 리스문의 카톡:wlstjd2629 세금 20, 보험비 80, 기름(고급유시내바리연비:7-월20)  240, 수리비 50 총: 390 운전성향 보험가입된 연령대에 따라 달라질수있으니 참고만에블바리해주세요",6
196,카진성처럼삭았네요앤린심이고요,3
197,안녕하세요,1
198,볼보 S90 아빠차라 타봤는데 실내도 넗고 나름 타기 좋아요 ㅎㅎ,3
199,6월 출고 배정인데 너무 기대되네요,1
200,늦어도 7월에 B5 Ins모델 출고를기다리고 있는데 유익한영상입니다.,2
201,고급휘발유 필수로 넣어야 할까요? 일반유 넣으면 노킹 어느 정도 일지...,1
202,"정차했다가 출발할때 진짜 전기동력이 추가되는게 느껴지시나요??? 꾹 밟아도 속도가 안올라가던데그리고 6천초반은 모멘텀등급인데 이건 그냥 거의 안팔려요. 그냥 b5 6850, b6 7250 이렇게 알고있어야할듯",1
203,근데 저비싼차에 앞좌석 주머니가 그물망이라니 옥의 티내요,1
204,그렇죠 6천만원 초반대에 괜찮은 차량이죠. 중국산 이란게 좀 걸리지만.... 그래도 뭐 괜찮죠..... 리뷰 잘봤습니다.,3
205,아빠차 뽑았다는 그느낌아빠차 몰고왔니?,1
206,국산차 하부랑은 완전 천지 차이임  사브93에어로 차주로서 자부심을 느낍니다,3
207,상태 진짜 좋네,5
208,사장님 점점 잘 생겨지시네요,5
209,캬 쥐기네요!,5
210,내년 삼월까지 안팔리면 제가 구매할께요,1
211,"사장님~~ 늦었지만, 이 차량 판매 되었겠죠??",1
212,차량 매각 되었나요??,2
213,직구 하는곳을 알고있지않아ㅠ  고민입니다.차는직인다ㅠ,4
