,comments,likes
0,믿고보는 오토뷰. 시트로엥 차도 정말 매력있네요. 디자인 슈퍼갑!! 물론 옵션이나 타이어등 아쉬운 점이 많지만 마실용으론 좋을거 같네요 ㅎ 잘 봤습니다.,8
1,시트로엥 차는 볼때는 참 이쁜데 정작 구매에서는 많이 주춤하게 되는거 같습니다. 영상 잘봤습니다!,28
2,아주 오래전부터(30년 정도 됬을려나요?) 시트로엥의 디자인을 참 좋아했습니다...르노나 푸조와는 달리 시트로엥은 유달리 디자인이 특이하지만 그렇게 튀지 않으면서 미래적인 디자인과 깔끔하면서 그 차량 앰블럼을 차량디자인에 잘 녹아내리는듯한 디자인이 참 맘에 들었었죠...예전엔 디자인이 sexy 였다면 요즘들어선 디자인 컨셉을 pretty로 잡은듯..... ㅎㅎㅎ,2
3,역사도 깊고 모터스포츠에도 다양하게 나가는 시트로엥 하지만 우리나라에서는 무시? 당하는 경향이 있어서 좀 아쉽네요. 개성있는 디자인은 정말 인정합니다 ㅋㅋ 뭐 프랑스차 답게 디젤엔진을 잘 만들었네요. 또 게트락 미션이 들어갈줄 알았는데 아이신이 들어갔네요 ㅋㅋ곳곳에 원가절감을 한 흔적이 보이지만 이정도 급에서 저정도면 괜찮을듯,2
4,시트로엥은 항상 과감한 디자인으로 이목을 확 끄는게 좋네요!,14
5,DS시리즈라던지 스페이스 투어러같은 다양한 차들을 보면서 psa그룹의 차들의 지향성이 독특하단걸 느꼈습니다. 푸조는 그래도 전세계 트렌드를 맞추려는 듯한 인상으로 바뀌었는데 시트로엥은 아직까진^^;;; 그래서 그런지 푸조보다 인지도는 더 낮은게 아쉬울 따름입니다. 구형 DS3가 참 인상적이었는데 브랜드 이미지를 어떻게 개선시킬건지 한편으론 슬픈 일이네요....(피아트같이 철수하는건 아니겠죠?^^;;),2
6,디자인이 물에 한창 뿔렸다가 나온 베뉴랑 비슷해서 귀엽네요.근데 직물시트나 90년대 sm5에 쓰이던 굴리는 방식의 수동스위치 열선버튼.싱글 혼은 좀 깨는.. 저가격대에 충분히 살만한 선택의 폭이 너무 넓은 것도 문제,6
7,푸조는 그래도 이제 대중성을 겨냥하고 있는데 시트로엥은 아직 좀 독특하네요. 이거 윗급 C5 에어크로스가 승차감이 정말 좋다던데 궁금하네요...,6
8,디자인 너무 예쁘다 ㅜ.ㅜ,2
9,디자인은 특이한데 이쁨. 길에서 가끔 마주치면 색상도 그렇고 실물이 이뻐서 쳐다보게 됨 ㅋㅋ,1
10,직접 시승해보는 것 같은 리뷰 영상 너무 감사합니다. 요즈음 외곽으로 이사를 가게되어 차구매를 앞두고 있습니다.  3천만원대  차량중 안전하고 조용한 차를 찾고 있는데 추천 좀 해 주세요.,2
11,프랑스차는 좀 고집이 세다고 느껴지네요. 사실 푸조도 글로벌시장에 발맞추지 못해 미국에서 철수하고 이제 다시 라인업정비하고 미국시장 나간다는데 그래두 푸조는 확실히 고집이 꺾어진 느낌인데 시트로엥은 엄...,1
12,C4칵투스보다 훨씬이쁘고 낫네용그리고 C4칵투스는 뒷좌석에 창문여는게 자동이아니였는데 C3는 자동이고 괜찮네용,1
13,차가 너무 귀엽네요.  오늘도 좋은 영상 감사합니다.,3
14,날씨땜에 힘듭니다 ㅋㅋㅋㅋㅋㅋㅋㅋ 오토뷰 김기태 화이팅~,1
15,아 가격이....말잇못...프렌치 갬성....잘 보고 갑니다.,1
16,시트로엥 만의 디자인 코드...  유니크 하고 좋은듯~,1
17,와 디자인 놀라워라,1
18,차량 크기를 감안 했을땐 30토크면 충분할듯 한데...궁뜬 모양이네요.,1
19,C5 에어크로스의 시승기도 궁금하네요.,1
20,리뷰 잘 봤습니다:) 애플 카플레이가 무선으로 동작하나요? 소개하는 화면에서 다른 요소에 가려져 유선인지 무선인지 보이지가 않아요ㅎㅎ,1
21,지금 타고 있는 차 있네 너무 반갑네여...프랑스차만 6대 타고 있어요 만족스럽습니다 :),18
22,방향지시등 소리가 내 스타일이로구나~~,1
23,수고하셨슴다 ㅎ  씨트로앵까지~  컨츄리 로드 브금까지 좋네요 ㅎ 감사합니다~^^,3
24,가격을보니 갬성이아니면 타기힘들겠네요,3
25,개인적으로 아주 좋아하는 디자인입니다가솔린이 들어왔다면 아주 좋았을텐데......,4
26,잠시 후 함께(한 박자 쉬고) 느껴보시겠습니다~,20
27,"디자인이 예쁘긴하지만 실용적인 디자인이라곤 생각이 되지않네요. 사이드브레이크도 괜히 크게만들어 수납공간이 부족해지고, 버튼을 최소화하고 터치방식으로 해결한다니....푸조그룹의 디자인은 알면서 모르겠네요....",1
28,와우 인트로 브금도 차하고 찰떡이네요!고오급영상 감사히 보겠습니다,2
29,일단 전체적으로 디자인이 둥글 둥글 하네요... 처음 보면은 그 디자인 때문에 눈길이 가긴 하겠네요...,1
30,시트로앵이 무리해서라도 오토뷰에는 흰색 베이스에 주황색 포인트의 시그니처 컬러 차량을 제공했어야 하는데..오토뷰는 공짜에 훌륭한 영상미는 덤인데 디자인이 70% 이상 먹고들어가는 차량에 제공된 색상이 너무 아쉽네요.,3
31,푸조시트로엥은 3008과 c5 에어크로스외엔 실구매할 모델은 없다고 봄 이번에 타본 c4칵투스는 최악이었음.,1
32,시트로엥 프랑스 감성패션귀요미입니다 ㅎ,1
33,현기가 저 구성 저 성능으로 나왔으면 개까였을텐데 디게 너그럽네요,1
34,확실히 씨포 깍뚜스보다 좋아보이네요차급도 낮은데ㅎㅎ그런데 내용 보다보니90년대만 해도 푸조는 대중 브랜드시트로엥은 고급브랜드 였는데잔티아 XM 타보면 605 405 보다 좋았구요 이젠 아닌가봐요?여튼 우리나라에 2008 로 소형 SUV 시장을연(사실 큐엠3 나 트랙스보다 빨랐죠) 브랜드 차니 기대가 됩니다요즘 모브랜드의 소형 SUV 들을 보면 저게 해치백 아닌가? 할생각이 들던대그래서 회사차로 르노 의 클리오도 알아보고 있고요아 또 말이많아지네요날이추워지네요길미끄워질때가 되니 안전 운전하세요,3
35,소형차 실내에서 조수석 폴딩은 정말 실용적인것 같습니다.,2
36,직물시트 먼지 멈청 날려요 이점때문에 좁은실내일수록 가죽이나인조가죽이 필요합니다,6
37,오토뷰는 선따봉 후감상~,2
38,"일단 외모부터가 너무 귀여워서 디자인을 중요하게 생각하시는 분들에게는 정말 매력적인 차량인 것 같습니다.소형 SUV에 들어간 화려한 옵션들(파노라마 선루프, 선쉐이드, 심지어 어라운드 뷰 모니터까지...ㄷㄷ)이 눈에 띄고실내에 들어간 레드 라인 시트들도 정말 감각적인 디자인 매력을 뿜어내고 있네요.(회색톤의 소파처럼 보이는 것이 꽤 포근해 보입니다)하지만, 가격이 조금 비싸 보이는 게 흠이긴 하네요~ 가격만 조금 더 착했으면 훨씬 더 경쟁력이 있었을 텐데요~ 귀여운 시트로엥 C3 에어크로스 시승기 영상 감사히 잘 봤습니다!",1
39,오 감사합니다~ ds7도 부탁해요ㅎㅎ,4
40,클락숀 소리 졸귀 ,4
41,이런 깜찍한차 리뷰 감사합니다,2
42,외관 실내 베뉴보다 낫네!,1
43,필요한 건 없고 불필요한 건 있는 프랑스차... 다들 프랑스 차는 타는 거 아니라는데.... 현재 ds4 운행 중인데... 다음에 차 바꿀 기회 생기면 그 때에도 프랑스차 구매 리스트에 올릴 생각입니다. 남들이 뭐라해도 나름 매력있네요.... ds3 크로스백이 기다려지네요...,4
44,아직은 적응이 힘든 불란서 감성디자인~,8
45,6단 변속기 ...6단 변속기 맘에 듭니다.국내 준중형 완성 차량보다 이 차량이 10배는 더 좋아보입니다.,2
46,국산차의 대부분을 차지하는 어설픈 레자 인조가죽시트보다는 잘 만든 직물시트가 좋은점도 많죠 요즘은 과거처럼 먼지도 덜 나고 기본 방오처리가 잘 되어있죠.,7
47,프랑스 차는 제정신이 아니다. SUV에 직물 시트를 쓰다니.,1
48,C3 해치백이 정말 굿인데 한국 안옴,5
49,차가격... 입문형치고 너무 비싸다. 디자인보고 사는차,3
50,WRC에서 날고 기어도 양산차에 적용이 안되니 ... ㅠㅠㅠ,5
51,동글동글 디자인 이쁘네,1
52,C5 Aircross 도 부탁드립니다,1
53,DS7 크로스백도 리뷰 해 줘요~,2
54,저 김기자님 봤어요! 학회에서 ㅎㅎ,1
55,베뉴급 사이즈와 마감의 자동차가 스타트 가격이 2900만원인데.ㅋㅋㅋ 현기차 차값 비싸다고 까는거에 반도 안까는듯..프랑스 브랜드값,1
56,이걸 사느니 대안이 너무 많다. 스타일 생각한다면  르노 캡쳐도 있고..,1
57,칵투스에 있던 에어 범프는 사라진 건가요?,1
58,촬영 카메라 모델 확인부탁드려요!!,1
59,What top speed?,1
60,동글~동글~ 뿌~~ 같이생겼음..클락션 소리에서 빵터졌네요ㅋ,2
61,유니크하고 넘 이쁜데 누가 마임맨 닮았다고 한 게 계속 생각남ㅋㅋ,9
62,가격이 얼마죠?,1
63,다좋은데 왜 한국에 들어오는 푸조.시트로엥은 디젤만 들어오나요? 유럽은 이제 디젤 점차 줄이자고 하는데 수출은 아닌가보네요? 아니면 한불모터스가 가솔린 수입할 생각이 없는건가요?,1
64,3천인데 직물시트.... 솔직히 충격... 경차도 가죽시트 나오는 트랜드 시대에,1
65,7:48 테일램프 쏘우 인형 볼 생각난다  ㅋㅋ,4
66,그냥 c3 들여오지,3
67,직물시트가 아쉽네..  옵션으로  시트카바 가죽으로 있나여??,1
68,고급 사탕같이 생겼네.,13
69,귀엽네요ㅋㅋ,3
70,시트로앵은 직물 시트좀 제발;;;,2
71,동네 마실용 치고는 넘~비싸 넹~~,3
72,얼굴이 막 뿌우~ 이러고 있는것 같네ㅋㅋㅋㅋㅋㅋ,1
73,보는건 이쁘지만 막상 내가 사진 않을 것 같은...,1
74,차가 뚱뚱해서 귀엽네ㅋㅋㅋㅋㅋㅋㅋ,21
75,디자인 빼고는 가성비 별로네요..,1
76,시트로엥이 안전거리 경보 번역을 잘못해놨네요. close로 가깝다는 뜻이 아니라 닫으라는 뜻으로 번역해놓은;;ㅋㅋ,2
77,indigator (x) -> indicator (o),1
78,이쁘다,1
79,프랑스차에 가성비는 없음. 솔직히 현대차 사겠어요. 가격정책 진짜ㅋ,2
80,귀엽,3
81,지방이 닮았네요,1
82,빵빵한 코나네,2
83,직물시트인가 ㅡㅡ;,1
84,오프닝 할 적에 나오는 음악 제목이 뭔가여? 음악 검색하니 엑소에 으르렁이 나오네여. ㅡㅡㅡ;;;;;;;;;;;;;;;;;;;;;;;;;;;;;; 제작진이나 혹 아시는 유투버 분들 답변 좀 부탁드려여. ^^,1
85,비아냥 대면서 이돈이면 그랜져산다고 하는 것들= 한불도 너네같은 애들한테 팔 생각으로 수입하는거 아님ㅋ,8
86,4빠~,2
87,1등,2
88,코나보다 딱히 나을게 없어보이는...,3
89,씨트로앵이 프리미엄브랜드였어?걍 쌍용급 회사 아니었어???,3
90,엇 막내작가 여기 계셨어여??ㅋㅋㅋㅋㅋ완전반갑다,77
91,영상만 봐서는 기능들이 초보가 시작하는 차로는 정말 좋은것 같아요. 옵션에 따라 다를 수 있지만 가성비로는 굿굿 그리고썸네일이 우리 한용이형 얼굴 몰아주기인가....지옥행 가즈아에 빵터진 ㅋㅋㅋ 얼마나 긴장들 하셨길레,5
92,전에 막내작가님 조회수가 왜 안 나올까요~ 하는 얘기를 하신 적이 있는데 이번화에 힌트가 있는 것 같아요. 김한용 기자님과 함께 출연할때는 막내작가님의 역할이 예쁘고 리액션 잘해주는 보조자인데 그런만큼 혼자 출연해서 정보를 전달할때는 이 사람이 전문가가 아니라 외워서 온 대사를 전달만하는 느낌이 강하거든요. 어느한쪽으로 캐릭터를 확립하는게 좋을것 같아요. 그래서 채널명은 언제 바뀌나요?,5
93,"칵투스 구형 타고있어서 C3 에어크로스도 비슷할거라는 생각에 별 관심 안가지고 있었는데, 상당히 개선된게 많네요.",1
94,오 굉장히 기본에 충실하고 깔끔한 차량이네요! 분명 좋은 차이지만 과연 중고로 팔때 어떻게 될지....,5
95,김한용 작가님... 구독자 급증 가능합니다.. 신차 감성을 막내작가와 함께....하시죠... 아니 이런 인재를~!!! 다음편에도 뵙기를 바랍니다...,1
96,시트로엥 세세한 감성은 굉장히 좋긴하네요. 생각보다 가성비도 좋은데 DPF 관리가 귀찮아서 감점.,3
97,역시 푸조-시트로앵은 오랜시간 모터스포츠를 하는 기업이니. 엔진이나 차의 안전에 대해선 확실하네요.,4
98,모카 차리뷰 자주 보는데 막내 작가님이 때문에 더 보게 되는ㅋㅋ 귀엽고 매력 있어요! 케미가 잘 맞는거 같아요 영상에 자주 나오시길,1
99,"운전석에 앉은 막내작가님, 두려움에 떠는 모습 넘 귀여운데요^^",1
100,원드래곤형 혼자 할 때 항상 부족했던 비주얼이 완성되니 이것은 리뷰의 완성.,1
101,52만 유튜버 치고는 굉장히 검소한 차량을 알아보시는 구나~막내작가의 모카,1
102,서로의 다른 의견이 자연스레 녹아있어서 리뷰로서 좋네요!,7
103,"기본에 충실하고, 가격 적당하고, 디자인 이쁘고, ...",1
104,이번 영상 느낌 참 좋습니다. 밸런스 ,1
105,이번에도 어김없이 박선영님과 함께 나오셨어여.7:45 운전연수 시켜주시는 아버지랑 연수받는 사회초년생 딸같은기분.,1
106,차가 귀욤 막내작가 더 귀욤운전도 귀욤 진짜 막내 같은 컨셉 좋아요,1
107,채널 에서 또다른콘텐츠로 작가님 주인공으로해서 해도 좋울거같아요 차린이들을 위해서 하나 만들어주세요,1
108,프랑스 차가 디자인 빼면 옵션 사용도 불편하고 가격이 수입차 치고 싼 거는 좋아서 개성을 만끽하고 싶은 사람은 좋음!,1
109,자동차 가격 소개할 때 주의할 점. 2천만원대 : 실제 지출 3천만원 초중반,24
110,시트로앵 계열의 차가 좋은 이유. 디자인이 외부나 내부나 정체성이 일치됨.   현기는 겉은 오~ 하는데 내부는 뭔 다른 차거나 뒤죽박죽..,1
111,흉기 추천 했으면 진심 분노 할뻔 했는데. 역시 믿고 보는 원드레곤 형. 막내작가에게 딱 좋은 유럽 갬성 차 딱 좋아요~~ 코나 타다가 불나면 안되니까 시트로엥 가즈아~~,1
112,이번 시승기는 마치 막내작가가 차 보러온것 같은 느낌.,6
113,흐려졌던 눈이 막내작가를 보고 다시 맑아졌습니다.,14
114,씨트로엥 이쁘고 너무 좋아여 라인업좀 많아졌으면,1
115,막내작가님 대장으로 올라갑시다!!!!!!! 막내작가의 모카로!,2
116,연예인을 데려다가 막내작가를 시키는 모카 클래스...ㅎㅎ,4
117,게스트 분이 차량 설명 잘하시네요. ㅎㅎ,4
118,시트로앵 수리비 개지리는데 ㄷㄷ,1
119,차나 운전자나  귀욤귀욤하시네요..!!,3
120,DPF 태울땐 기준치 몇천몇만배가 발생하는데 인증할땐 요게 불포함... 디젤이 갠춘한진 아직 아무도 모를듯~,1
121,가격은 괜찮네요 지금 할인이 500씩 들어가니까 높은트림도 2800에 사네요ㅎ,1
122,뭔가 막내작가님이랑 참 잘어울리는 차 인듯 ㅋ,1
123,박선영의 모카에서 객원기자 김하뇽 초대.기본에 충실한 합리적인차 같습니다.Wow ~~,89
124,채널주인님 오랜만에 납셨네요ㅡㄱ디젤은 거르는게 답입니다진짜 운행거리가 긴소비자외에는 가솔린이 답입니다클린디젤팔아놓고 강제 운행금지폐차시키는 현상황을 겪어보니 수백더주고 사서 환경부담금까지 낸 저는 호구 xx이 맞았던거 같네요,1
125,막내작가님을 영입시켜줘서 감사합니다,1
126,쏘렌토도 스마트커넥트 옵션넣으면 터치타입 아웃사이드 도어핸들 들어갑니다ㅎㅎ 동일하게 동작해요ㅎㅎ,1
127,댓글 대부분 막내 작가 이야기네요 ㅋ시트로엥의 장점은 독특한 디자인의 평범한 프랑스적 자동차라는 것.이 가격대대에 특별한 기능이 있는 차들이 몇이나 있을거며 특별한 기능이 필요한 운전자가 몇명이나 있을까요....,1
128,이거 사는 거 보다 첫차에 초보운전이라면 PD님이 사신 투싼 900만원짜리가 더 나을 것 같은데요 ㅎㅎㅎ,3
129,괜찮다라....일단 시승은 해봐야겠지만 외관상 차급만으로 보기에는 싸다기보단 딱 적절한 느낌,1
130,C3는 원래 해치백으로 프랑스의 쎄라토였는데 신형은 스포티지가 되었죠 한국은 에어크로스만 들아가나봐요,1
131,막내작가님이 만약에 구입하게 되신다면 강력 추천드립니다!!,3
132,디자인 좋다~ 전기차로 테슬라 만큼 거리 나오면 담차는 너다~  영상 마지막 부분에 앞좌석 머리기른 둘리를 보았어요~,1
133,모카 막내작가 = 서울사는 박선영 = 유튜버 능능,2
134,김한용기자님 리뷰많이 올려주세요,1
135,아빠가 딸 운전연수 시켜 주는듯한 느낌이네요..ㅎㅎㅎㅎ,2
136,중고로 구매하면 가성비 굿,2
137,막내작가님. 출연해주셔서 감사합니다.,2
138,작가님 나오면 선 좋아요죠모카에서도 알고있을듯 싶네요ㅎㅎ,1
139,ㅎㅎㅎ 분위기 확 업되네요..사람하나 새로오셨는데...자주 뵙길,5
140,막내작가분이 너무귀여우시네요말투며 행동 귀여우시네요,1
141,역시 박선영의 박카...정말 유익하군요. 시트로엥☆,1
142,푸조시트로앵 언젠가 사고만다. 디자인취향저격,1
143,"아예 대 놓고 막내 작가님은 클로즈업 해서 촬영하고, 편집도 그렇게 하고....이게......좋네요.......아.......나 김한용님 좋아하는데....아.....",1
144,"광고영상에 죄송합니다만현 아우디 A6, 전 DS7 오너로서개인적으로는 5천만원 아래로는 차는 국산이 최곱니다 ㅋㅋㅋ",1
145,운전 가르쳐주는 아빠와 딸 같네요ㅋㅋㅋ,2
146,좋은차 맞습니다. 연비 좋고 튼튼합니다. 유럽에서 많이 타봤죠. 프리미엄 메이커에 보다 실용적이고현기차 보다 튼튼 안전 경제적이니 추천요,5
147,운전 할때 너무 귀엽다.,4
148,"에이 기본에 충실한 차가 좋다기보다는, 기본이 없으면 차가 아니지요~ ㅋㅋ 근데 오랫동안 끌고 다니던 제 차도 6단이라, 뭔가 오랜 감성은 있네요. 그래도 차는 BMW지 ㅋㅋ",1
149,배경도 그렇고 차도 그렇고 드라마 스토브리그 한장면 같은 느낌 ㅎ,1
150,코나가 굉장히 저렴하다는 사실을 알려주시네요.,1
151,우와~ 짤 계속 써쥬세요. 근데 이차 사면 나중에 중고차 팔때 피눈물 날거 같은데...,1
152,잘 봤습니다~~ 추천 꾹~~,2
153,삼촌이 조카데리고 나가서 운전알려주는 느낌적인 느낌,1
154,시트색깔 너무 이쁘네요,1
155,"막내작가님 유행어 예감1) ""요로케~"" 10:21 10:55 10:57 11:082) ""우와~우"" 12:20 13:04 19:26P.S: 19:57 아.. 볼한번만..;;;",1
156,믿고보는 모_카믿고보는 막_작,1
157,운전하는씬에 너무긴장됨ㅜㅜㅜㅜㅜㅋㅋㅋ초보운전홧팅,6
158,아닠ㅋㅋ 교모하게 가격 써놓은 썸넬ㅋㅋㅋㅋㅋㅋㅋㅋㅋㅋ,83
159,와 연봉 높은갑다.....  부럽....,1
160,선택 갬성 쥑이네요 ^~^,1
161,운전이 무서운 초보운전자와.그 초보운전자가 무서운 김기자님. ㅋㅋㅋㅋㅋㅋㅋㅋㅋ,1
162,시트로엥 A/S할려면 속터지고 잔고장 많음,1
163,오늘도 평화로운 박써녕의 모카!,4
164,김한용 기자님 그동안 수고하셨습니다. ㅋㅋㅋㅋ,2
165,"제작 지원을 받으면 비꼬고, 깐족거리는게 없어지는 군요!",1
166,9:03 도어열림소리 미래지향적인거 같아요,6
167,"차를 봐야하는데, 막내작가님 보느라 ㅋㅋㅋㅋㅋㅋㅋ 집중이 안댐 ㅋㅋㅋ",1
168,한적한 곳에 가서 운전 연수해주는 아빠와 딸 같다,1
169,우와우~~!삼촌이 차 알려주시네요 근데 차가 은근 괜찮네요,1
170,7:57 모든 구간이 킬포지만 그중에 하나 꼽자면..역시 하나만은 안되겠네요 8:24,1
171,"에어크로스.티록에는 보조석 폴딩기능이 있어서 소형차량에서 실용성을 극대화시켰는데트랙스, 트레일블레이저는 있던 기능도 없애서 아쉽습니다..",1
172,수리비 보게되면 당장팔생각하실거에요..,1
173,박선영의 모카를 응원합니다!,1
174,시트로엥 사이드쪽 플라스틱이 참 좋은데 문콕당해도 아쉬울게 없어서;;,1
175,변속 충격은 어떤가요? 시트로앵 오토 몰아보면 변속 될때마다 턱턱 머리가 흔들리던데요,1
176,19:57 볼 빵빵한거 봐... 커여우심. ㅋㅋㅋ차 아기자기하니 귀여운 느낌이네요. 나쁘지 않은 듯.,1
177,여성분이 타기 괜찮네요ㅋㅋ 생긴것도 귀엽고 이쁘고 실내도 선방 하는듯,3
178,볼빵빵 ㅎㅎㅎ 막내작가박선영님♡너무예쁘고귀엽습니당~하뇽이횽님^^앞으로..막내작가님이랑 >_< 자주같이나와주세용 ㅋㅋㅋ박선영의모카 +_+ 가즈아~~~,1
179,막내작가 귀염 귀염  ㅎㅎㅎ쬐금 긴장한듯,8
180,사는 순간 가격은 금방 반토막..,1
181,막내작가님 미모가 와우!!,2
182,채널주인님을 매일 보여달라!!,1
183,이제 선영이의 모카 굳히기 들어가는건가? 완전 안방마님으로 들어 앉았네 ㅋㅋ,1
184,김한용기자님 리뷰많이 해주세요,1
185,디젤 환경에도 안 좋고 3년 지나서 수리비 나오기 시작하면 연비도 안 좋다 느끼게 되요. 클린디젤 사기였다는 거 밝혀졌잖아요. 크지않은 차라서 가솔린이라도 좋을 거 같은데... 작가님 미인이네요!!!,1
186,오늘도 박선영의 모카 잘봤습니다 ㅋㅋ,3
187,오늘 알아볼 사람은 막내작가...,1
188,막내작가님 미모가 우와~~~,1
189,가격대가  쏘나타랑 & K5비슷한 가격대네요.흐음~ 괜챦긴 한데 K5 쏘나타 보다는...,1
190,작가님 목소리좋으시다 잠결에 눈안떠져서 소리만 듣는데,1
191,마음이 편안해지네요^^,1
192,"뭔가 초반부분은""아빠 나 이차 살려고 이거랑 이거 알아봤어요""하는 느낌...",81
193,한용이형 치트키 쓰셔서  안볼 수가 없네요 ㅋㅋㅋ,4
194,막내 작가님 귀여우시네요~~^^,2
195,걍 시3가 좋은데 디젤은 바로 매연 냄세에다가 방전에다가,2
196,7:40 아 진짜 귀여워서 심장 터지는줄...,22
197,우리 와이프 사줬는데 차좋아요.와이프가 진짜 만족해함,3
198,보는 즐거움이 생김 . 우와우,1
199,약간 쪼꼼! 앞에 스포티지 닮은느낌 나만드나요??ㅋㅋㄱㅋㅋ엄청 동골동골하다 맹꽁이도 닮았어요 딱 귀욤귀욤,1
200,세계시장에서 코나가 잘 팔리는 이유를 알 수 있는 시간이었습니다,2
201,"이걸 3천 주고 살바엔 푸조 2008, 폭바 티록이 더 나을 듯  아니면 그냥 코나사고 남은 돈 세이브",1
202,막네작가 자동차 다 이쁘네,1
203,3200에 있을건 다 있네 진짜네비 빼고...0,1
204,"와 진짜이쁘다,,",1
205,막내작가님 하고싶은거 다해...요..!!!,6
206,HADURI에서 빵 터졌...삼촌한테 들었던...ㅋ,4
207,선택 잘했네요!,1
208,Ds4도 빠른 정보 부탁드려요!,2
209,작가님께 XM3를 추천드려요~,1
210,그저 빛..,1
211,모카는 얼굴보고 뽑는다는 소리가 맞는거 같네요. 김한용기자님도 그렇지만 막내작가님 미모가 와우~,1
212,운전 연수 시켜주는 아빠랑 딸 같다...,1
213,모카 현재 인기도 지분 - 막내작가 90% 김한용씨 7% 기타 3%,4
214,기자님~ 작가님~~~ 시트로엥ds3 시승기 올려주실 수 있을까요?,1
215,채널 지분에 의한 연봉 인상 후 좋은 차 타게 해주세요.최소 이정도 인기면 회사에서 x4정도 법인차 뽑아줍시다,1
216,생각지도 못한차 리뷰네요게스트로 나오신 김한용님 설명도 좋았습니다,2
217,막내피디의 모카 인수,1
218,막내작가님 너무 매력,1
219,박선영의 모카가 되야될거 같은데,2
220,막내작가 목소리 미쳤내 노래 잘하실듯,3
221,19:32 ㅋㅋㅋㅋㅋㅋ 진짜 가지고싶나봐 아쉬움에 문질문질,1
222,씨트로엥  C4 5년차인데 5년 워런티기간에 6개월마다 정기검진외에 4-5번은 더갓던거 같아요. 경고사인이 너무 자주 떠서 시동걸때마다 스트레스엿습니다. 4년반동안 3만2천주행차인데 연비 디자인 빼고는 정말 아닌차. 다시는 타고 싶지않은차입니다. 뽑기를 잘못해서 그런지.  참고로 전 해외거주자입니다. 차는 예쁘다고 사면 안되요.,1
223,한용형님 직원 외모보고 뽑으시네...,1
224,초년생이면 솔직히 돈도 저축해야하니 예쁜 신차를 갖고 싶어하는 맘은 알겠지만 국산 중고차 구입이 맞습니다,1
225,오와우..귀에 맴돌아...,1
226,AS는  말이없구나 ㅜ,1
227,수입차지만 잘쳐줘서 2천만원대로 딱 보임.,1
228,커피한잔을 거의 10년안먹어야 살수있는건가요 ㅎㅎ갠적으로는 c3보다는 캡쳐가 좋아보이는데~~,1
229,다 좋은데 결정적으로 디젤.....왜 가솔린은 안들여 오는지.....,1
230,출발할때 불안한 표정  ㄷ ㄷ ㄷ,1
231,막내작가 엄청이뿜~,1
232,8:47 뭔가 사르르 녹는 느낌 ㅋㅋ,19
233,한용기자님 게스트출연 좀 많이 해주세요~~~~~~,1
234,댓글들 보니 막내작가님이 본체다,1
235,르노 캡처가 나은 듯,1
236,씨트로엥에서 제일 조심해야할건 의외로 블루투스 입니다. 저도 시승해보고 구입을 포기했던이유가 블루투스. 너무 옛날버젼이 들어가있어서 블루투스 딜레이가 거의 4초에 육박합니다. 심지어 음악들을때 다음곡으로 넘어가기전에 음악 뒷부분 4초가량이 잘리고 넘어가는... 2021버젼은 좀 개선 됐을지 모르겠네요 ㄷㄷ,3
237,수리비 많이나오나요?,1
238,오늘 보니까...ㅠㅠ막내작가님 이마가...ㅠㅠ한방에 훅갑니다...ㅠㅠ,3
239,차는 이쁘지만 AS가 말많은곳이라..푸조랑 시트로엥 같이 AS센터 쓰는걸로 아는데 재규어랑 동급수준이라니..개인적으로 4-5천대 이하는 국산이 답입니다.가성비나 as나 부품 보험료 등등..,1
240,초보운전자가 감당하기에는 사고시 수리비를 감당하기에는 버거운 수입차....,2
241,형님 폴드앤다이브는 이쿼녹스에 이미 적용되어있었습니다! 투싼이 최초가아니에요ㅜㅜ 널리알려주세요ㅜㅜ,2
242,오늘도 잘 보갰습니다!,4
243,파리에서 범퍼=에어컨필터한참 지나 생각나면 바꾸는거,1
244,역시 막내작가는 인간줄자 하려고 뽑은거네...,1
245,쉐보레 트레이블레이저는 자체내비게이션 쓰면 HUD에 네비정보가나오지만..  누가 자체 내비를 쓰나요..ㅜㅜ T MAP이나 이런거 쓰다보니 속도계만 나와도 그것만으로도 충분합니다... 계기판 안본다는것만으로도 좋아요. 시트로엥 HUD도 마찬가지지 않을까. .ㅜ ㅜ,1
246,초보운전자를 위한차는 신차도아니고 옵션다빠진 깡통 중고가 최곱니다. 저런 드라이브 어시스트는 숙련된 운전자한테 오히려 맞습니다. 전자장치에 의존하는 초보운전자는 평생 초보운전으로 남을수도있습니다.,1
247,뭔가 딸이 차사고 주차장에서 도와주는 아빠늒임,1
248,우와우~~ 이거만 기억나네요,1
249,"5:13 ""위험한건 막내가"" ㅎㅎㅎ",7
250,"시트로앵, 푸조..  일단 외국에서 들어왔으니 외제차는 맞음",1
251,썸네일 맛집인가....,57
252,한용이형 이제 물려줄때도 되지 않았어?? 형이 대본만 쓰고 막내작가에게 기회를 주자,1
253,8:37 딸 운전하는거 조심히 지켜보는 아빠....,6
254,생각보다 괜찮네요.. 눈찜~,1
255,와 막내작가님 넘 이뻐용 ~,5
256,"예전에 스트로엥 C5를 탄 적이 있는데, 고장이 너무 많았어요. 비춥니다.",1
257,최고..초보를배려한차?골목주차가자~,1
258,"""박선영 막내작가님과 함께하는 두근두근 시승기."" 차좀 사드려도 되나요?",1
259,박선영의 MOCAR 화이팅!,1
260,차도 이쁘지만 막내작가님 더 이쁘네요차는 구입하셨나요?,1
261,와~~ 막내작가님 영상이다~~,5
262,막내자가 넘귀여웡,1
263,오늘의 게스트는 김한용기자님 이시군요.,1
264,작가 쪼꼬미 귀엽네 ㅎㅎ,4
265,사줘라!!!!~  사줘라!!!!~,1
266,말도안되는조건 ㅋㅋㅋㅋ,2
267,구독했습니다. 막내작가가 계실때까지만요.,1
268,ㅋㅋ영국차는 유럽차가 아닌거로.... 내구성이 어떨지 궁금하네,1
269,시트로엥이 아직 한국에... 살아있어..???,1
270,여러분 유니크한 차는 보험값이 더 나갑니다.,1
271,막내작가님! 혹시 콘택트렌즈 모델도 하셨었죠?! 저희 매장에 막내작가님 얼굴이 대문짝만하게 걸렸어요!!! 난 왜 이제 알았을까 ㅋㅋㅋㅋ 콘택트렌즈 팜플렛보면서 이쁘다이쁘다했는데 막내작가님이셨어 ㄷㄷ,2
272,좋은 차긴한데 코나 사는게 나을듯...,1
273,질문있어요~꼭 답변 부탁드려요9분에서 9분10초 사이에 뒷문 열렸을때 경고음 나는거요.... 혹시 그때 기어가 P였나요?,1
274,갓한용,1
275,ㅋㅋㅋㅋㅋㅋㅋㅋㅋ댓글 분위기가... 확실히 채널주인이 바ㄲ.....,46
276,나중에 수리비가 제법.....,2
277,모닝을 사셔야죠...운전 편함의 끝인데;;;^^,1
278,막내작가님한테 채널넘기죠 ㅋㅋㅋㅋ무야호~,2
279,공회전소리가 좀 있는 것 같네요...아 디젤인가 보군요...,1
280,있을꺼 다있고 귀엽고 그렇네요 다만 직물시트 부분은 ...,1
281,막내작가는 못참지,1
282,"C3 2년째 타고있는 오너입니다. 추가로 정보 몇가지 적어봅니다...  차량에 블루투스 말고 케이블로 네비등을 사용할때 안드로이드 대부분 폰과 연동되지 않는점, 한글을 구글 번역기돌렸는지 시스템에 한글 안내가 전혀 다른 멘트로 뜨는문제 무선충전패드는 있지만 갤럭시 노트같은 큰 사이즈들의 폰은 놓을수없음 등이있습니다. 그리고 차선이탈경보는 있지만 차선유지 기능은 없고 차선 변경시 옆차선 차량인식 센서나 도로표지판의 제한속도를 카메라에서 인식하고 계기판에 표시해주는 기능등은 갖고있습니다. 자율주행기능은 없는데 크루즈 컨트롤 조작편의성이 굉장히 우수합니다. 크루즈 운행시 발을 놓을곳이 마땅하지 않습니다. 그리고 야간운행시 파노라마 선루프 테두리에 아주 잔잔한 엠비언트등보단 무드등이 쭉들어옵니다. 요정도 혹시 차량관심 있는분이 계실까해서 올려봅니다. 현재까지는 만족스럽게 타고있습니다.",2
283,0:22 채널주인님 충성충성충성,18
284,차사면 돈 엄청나게 들어가요~보험료에 세금에 기름값에 돈 못모아요... 사회초년생은 미래를 생각해서 차를 추천하지 않아요~ 이차 2000만원대라고 하면서 거의 3000만원이네요~,1
285,드라마 펜트하우스 고등학생 처럼 생기셨어요ㅋㅋ잘어울리실듯,1
286,르노 캡처 타고있는데 강추입니다. 캡처 알아보세요 막내작가님~,1
287,선영씨 엄청 귀욥ㅎㅎ,7
288,막내 자가님 스윗트홈에 나온 고민시 배우님 닮으셨네요,1
289,엔진이 멈췄다가 용납이 안되는데 우리나라에서는 ㅠ,1
290,8:24 내 심장소리인줄...,32
291,할인 15%정도 한다네요.,1
292,가격보고 안 들어올 수가 없다.,2
293,딸 자동차 골라주기 Ver.2..Ver.1은 아우디 매장편,1
294,막내작가님 후리스 어디껀지 아시는분?!,1
295,제 동생이 저런차 산다고 하면 귀싸대기를 때려서라도 말릴듯,1
296,이 집 쿠키영상좀 만들줄 아네,2
297,너무 이쁘시고 좋아요 하지만 전 막내작가님이  이 채널의 구독 이유가 아니에요,1
298,프랑스차 문제는 크게 딱 한가지만 뽑아보라면 한불,1
299,커피를 27년 안먹으면 저차살수있음,1
300,한용이형은 컨셉 안잡아도 돼요,1
301,김한용 채널보다 리뷰도 훨씬 못하면서 조회수 훨씬 많이 나오는 채널보고 어이가없었는데. 딱 필요한 분이 오신듯.,18
302,7:50 딸래미 운전교습 시작하시는 아버님...,42
303,막내작가님 볼 빵빵~ ㅎㅎㅎ,1
304,목소리 넘 매력적이시네 신세경목소린줄알았어요 ㅎ,1
305,벨트꼬였다! 기자님!!,1
306,2900만원 이러고 2000만원대 이러시는건 아니죠...?,1
307,혹시 막내작가님 렌즈 모델하셨던적 있나요..?,1
308,0:22 이 집 자막 확실하네,5
309,아빠가 딸 운전 가르치는것 같은데 ㅋㅋㅋㅋㅋ,27
310,유럽서는 판매금지인데 한국이 소비해 주는건가 디젤? ㅎㅎㅎ,1
311,마지막 광고 다 보면 쿠키영상 있습니다~ 광고를 보는 자 영상을 얻을 지어다,1
312,우와우만 생각나네요 ㅎ,1
313,끼야악~~ 막내 작가다.,1
314,막내작가님 처음보는데 엄청 미인이시네요 자주 나와주세요 채널이 화사해졌어요,1
315,"씨트로엥 거르세요. 프랑스차는 QM3로 끝내는 것으로,,,, 디자인 빼고 나머지 쓰레기입니다. 전기차 시대에 디젤엔진이라니,,,,프랑스차 제끼고 갑시다. 차라리 가성비는 푸조2008이 더 나음.ㅎ",1
316,제 남자친구를 허락해 주세요 이런 느낌 ㅎㅎㅎㅎ 아버지는 눈에는 안들지만 딸이 속상해 할까봐 조심스러워 하는거 같음,1
317,이렇게 자동주차가 되면 면허 딸떼는 어트케 해요?!,2
318,국산차중 고르면 셀토스 스타일인가보네ㅎㅎ 전 셀토스 타면 시트포지션이 소형suv인데 너무 높다고 생각했는데 저걸 편하게 여기면 셀토스포지션이 잘맞을듯,1
319,근데 이차는 풀업션 아닌가요?,1
320,5:36 ️️️,1
321,작가누나 너무 예쁘다,1
322,채널 주인님 차 소개해주는거군요,1
323,모카 박선영 보러왔어요~ㅋㅋㅋ,1
324,13:05 Wow!,9
325,2990이면 3천만원대지,1
326,디자인이 현대미만인거같은데 굳이? 보험료만 비쌀듯요,1
327,사뭇 아빠와 딸 ㅋㅋㅋㅋ,1
328,8:10 운전 가르친다는 채널에서  거의 다 안 가르쳐줘요.   기본도 모르면서 운전을 가르친다니...,1
329,음....스몰웨딩이 좋겠지?,2
330,막내작가님 보고 왔습니다,1
331,차 사는게 문제가 아님.유지비가 문제지 잘생각해보고 구맷하길 !.,1
332,8:12 사심.. .사심 ... 4 SHIM...,39
333,막내작가 연예인인줄..,1
334,"아직도 외제차라면 무조건 사는 사람 없겠지? 특히 시트로엥, 푸조 차 타면 국산 차보다 엔진 후달리는 경험을 겪을 수 있음. 그리고 소음은 어후....",2
335,크린 디젤  이명박  생각나게  만드시네  크린디젤 이라며 디젤차  대한민국에  뿌려놓아서  미세먼지 천국을  만들어  놓은 그 크린디젤을  여기  다시 듣다니 차를  좋아하는 유터버가 크린디젤크린디젤  했으면 그러려니  할텐데 기자였던 분이  크린디젤을  말하시다니. . .,2
336,어차피 둘 다 안사지만 저거살바엔 난 코나,1
337,ㅎㅎ 채널주인님 등판,1
338,씨트로앵 디자인들은 항상 적응안돼...,1
339,Wow~,2
340,업로드하셨으니  살아있으신거죠?  무서운 운전,1
341,가격이 부담스러워 소형 suv 중에.......2999???,1
342,자동차 판매순위가 없네요?,1
343,지옥 가즈아ㅋㅋㅋㅋㅋㅋㅋㅋㅋㅋㅋㅋㅋㅋㅋㅋㅋㅋㅋㅋㅋㅋㅋㅋㅋㅋㅋㅋㅋㅋ ㅋㅋㅋㅋㅋㅋㅋㅋㅋㅋ,2
344,귀엽다 ㅋㅋㅋ,3
345,너무 예쁘십니다ㅠㅠ,1
346,막내작가님 넘모 예쁘세요~,1
347,2:55 4계절이라고 되어있지만 올웨더타이어입니다.???,1
348,아빠와 딸(feat. 시트로엥),3
349,설운도의 모카인가요?,1
350,막내작가분 모델같네요,1
351,김한용님이 세일즈 하는 판매 사원 같습니다,1
352,이정도 가격의 차를 가성비가 있다라고 말하는건 좀 아닌것 같은데요?,1
353,작가님 표정보니...귀에 피나네.,1
354,수리비만 ...그럼 국산차는 폭망일듯...,1
355,???: 이 채널은 이제.......제껍니다..,6
356,감사합니다,1
357,막내작가님 썸네일 실패~ ㅜㅜ,4
358,저차에 빨간색까지면 감가사자마나 얼마되려나,1
359,우파도 그러더만 ... 모카도 채널주인 바뀌겠네요 ㅋㅋㅋ 아니 작가 pd 얼굴 보고 뽑는겁니까 ㅌ,4
360,이차 출시되었나요?,1
361,채널 주인이 바뀐것 같네요.. 자꾸 기자님이 주인 행세를??!!,7
362,커피한잔 몇십년아껴야 살수있는건데? ㅎㅎㅎ,1
363,보는 내내 흐믓했다,1
364,선영씨때문에 구독합니다.,1
365,샤발적 귀엽고 난리....,3
366,이분 유튜버에요? 와 연예인처럼 생기셨넹,1
367,솔직히 c3 배뉴 셀토스 중 뭐가 더 좋음? 다 거기서 거기임?,1
368,썸넬 ㅋㅋㅋㅋㅋ,1
369,10:00 설운도님인줄...,1
370,아주 참하고 예쁘시네요 한용형님.,1
371,와~~우~,1
372,자전거타는 기분을 느끼게해주는 차인가보네.. 후웁..,1
373,문 열린 소리는 ㄹㅇ 좋다... 띵띵띵띵 ㅈㄴ 듣기싫은데 몽환적이고 듣기 좋노,7
374,하두리....ㅋㅋㅋㅋㅋㅋ,1
375,저걸 3천에?,1
376,0:22 채널 주인님 ㅋㅋㅋㅋ,4
377,디젤이네요,1
378,돈주고 프랑스 차를 사는건 잘못된 행동입니다.,1
379,썬루프 터진다는 그차?,2
380,막내 작가예쁘네,1
381,우 와우~,1
382,형 아빠가 딸 차 꼼꼼히 살펴보고 골라주는 느낌? 미안 ㅋㅋ,1
383,월급많이주나봄? 이런 외제차 사게하고? 보험하고 수리비 만만치 않을텐데,1
384,7:5710:39,11
385,작카... 모카 뒤통수 친사람 안나왔음 좋겠네요 신선한 신입사원 이미지여서 좋았는데이때 부터 뒤통수 칠 생각 했을텐데... 꼴 보기싫음,1
386,치트키 가져오시네,2
387,그래서 구입하셨나요? ㅋㅋㅋㅋㅋㅋㅋㅋ,1
388,"달릴수  있는차와  ~~~달리면  죽는차로  구분  가능합니다,",1
389,"막내작가임 막내기자임? 기마뇽은 좋으나, 적당히 어여코인 장사 하면 어떨지요",1
390,Wow~~~!,1
391,"가,,, 각 도의 중요성을 여기사 하지마랑 ㅠ",1
392,스포츠모드도 있는데.............,1
393,작가님 사.....아닙다~~,1
394,여기가 입사하면 차부터 사준다는 회사인가요?,2
395,직원 복지차원에 쏘하 줍시다,1
396,9:42 귀엽,1
397,자기야 무서워하면 어떻해ㅋㅋ자막 실화?ㅎㅎ,2
398,귀엽다,1
399,하루 커피 한잔 절약하면 2000만원대 차를 구입할 수 있나 ?한달 커피값이 200만원인가 ?커피 한잔에 얼마짜리를 마시는 사람이지 ?커피에 금이라도 뿌렸나 ?하기야 대한민국 국민 전체의 하루 커피값에  비교하면 껌값이겠지만....,1
400,썸네일 2999 ㅋㅋㅋㅋㅋㅋㅋㅋㅋ,1
401,Suv는 타고 싶은데.비싸서 고른게수입차라니...그것도 시트로앵...비난하는것은 아니지만다른 대안도 많으셧을텐데,1
402,앞이 파라곤9 느낌이네,1
403,커피를 몇년 아끼면 살수있나요?,1
404,하두리 라뇨!,2
405,운전으로 암살시도? 채널을 인수하려는 겁니까? 드디어 왕위를 계승중입니다.,4
406,채널주인님이다~~~~,25
407,볼때마다 느끼는 거지만 저 자동차 회사 차 디자인 개구림 ㅋㅋㅋ저 차 집 근처에도 누가 뽑았는데 볼때마다 느끼는건 존못외제차여도 싼마이느낌 팍팍남,1
408,저기 막내작가님 인스타좀 알려주심 안되옵니까...,1
409,한국에서 서비스받기 가장힘든   차?,1
410,여신급이네..,1
411,7:46 '자기가' '자기야' 한글자 차이지만 완전 다른 느낌 자막 ㅋㅋㅋㅋ,1
412,아빠와딸 같아요 ㅎ,1
413,아...또 썸넬에....치트키 자꾸 쓰시네,1
414,아직도 디젤을...요새 하도 전기차 방송만 보다보니 디젤 덜덜덜 소리만 들어도 스트레스 받을것 같네.,1
415,차차푸른하늘 박선영의모카,1
416,qm6 2500에서 시작해요ㅋ,1
417,"""우와우~""",1
418,항상 그게 이해가 안됐어요자동차를 보호하기 위해서 범퍼가 있는건데 범퍼 긁었다고 교체한다니 쫌...,3
419,자동차 전문가 외삼촌이 예쁜 조카를 운전연수 시켜주는 느낌입니다^^;;;,2
420,대문사진 콧구멍 ㅋㅋㅋㅋ,2
421,기자님 따님이신가요 ㅎㅎㅎㅎㅎㅎ 넝담입니다,1
422,오~ 시트로엥이 가성비네요!,2
423,드라마 때문에 인천문학구장 오신건가옇ㅎㅎ 굳이???ㅎㅎㅎ 노리신거같은ㅎㅎㅎ,1
424,박선영의 모카!,1
425,0:01실례지만 코로 숨 쉬기...괜찮으신지 궁금 ㄷ ㄷ,1
426,"게스트로 나온 남성분이 차잘알이시네,",1
427,티록은 어떻습니꺼?,1
428,자카님 ㅋㅋㅋㅋ,1
429,이쁘다..ㅋ,1
430,1:24 응.. 열심히 외운것 국어책 읽기구요...,1
431,선생님 외제찬데 외제차뽕이 안생겨요.... 왜죠?,1
432,이거살바에 르노xm2지.,1
433,2분전은 못참지,2
434,막내작가님 시트로엥클럽 멤버 되시나요,1
435,진짜 말되안되는 조건이네,1
436,작가님 이쁘시네요,1
437,채널주인님!,1
438,커피가 좀 비싼가보네 ㅋㅋ,1
439,차에 대해 솔직한 리뷰가 아니라 돈만주면 홍보해주는 영상 기를 쓰고 기절하고 추천안함을 해도 알고리즘에서 추천하는 과학 ㅡㅡ 너무 싫다 차리뷰 유튜버치고 차에대해 아는 것도 많은 것도 아닌데 회사에서 홍보해달라는 멘트와 포인트만 얘기하는 채널. 이런 차를 추천하다니.. 극혐이다,1
440,11:53 두산?,3
441,막내작가님 어디서 많이봤다했는데 혹시 능능님아니신가요?,1
442,운전을 못하면 운전을 안해야지,1
443,"현기는 국민을 호구로보고 바가지씽 고있다,",1
444,어? 글라스루프가 아니라 파썬인가요?,1
445,10:10 머리 크기 차이가... 원근감 때문이겠지.. 그래 그렇겠지.....,7
446,엄마 난 커서 모카 직원이 될거야!엄마 난 커서 모카 직원이 될거야!엄마 난 커서 모카 직원이 될거야!엄마 난 커서 모카 직원이 될거야!엄마 난 커서 모카 직원이 될거야!,4
447,아이고 이 못생긴 걸.. 살바에스토닉을 살려줘라 ㅠㅠ,1
448,내차는 싼차 남친은 랜드로버를 원하는 ㅎㅎ,2
449,외제차는 사고싶고 돈은없고,1
450,차값만보고 외제차 싸내함서 사지마세욤 ㅋㅋ 보험료도 같은 가격대라도 외제차라 더받아먹고 ㅋㅋㅋ 각종 유지비는 국산보다 더 든다 보심됩니다,1
451,막내작가님 이쁘시네,1
452,숙제 하시는 구나 ㅎㅎ,1
453,쓰레기  수준의  외제차  소개..,1
454,김한용 찝적찝적 ㅋㅋㅋㅋㅋ,1
455,봄이다.윈터타이어 벗어라,1
456,우오와우~,1
457,허 라이트가led가아니네,1
458,시트로엥? 프랑스 똥차네. 정말로 똥차. 이걸 꼴에 외제차라고 타고다니면 ㅋㅋ. 똥찬데 가격이 넘 비싸네,1
459,눈나 나 주거~~~~,1
460,막내작가는 반칙이딩  ㅋㅋ,1
461,"아효, 이친구 갈수록 심해지네?  진짜 여러가지 파는구나?",1
462,콧구멍까지 사랑스럽누,1
463,씨트로엥사면 중고차 감가 많이 있고 서비스센터도 적습니다. 그거 가만하시고 사세요,1
464,몇백은 쪼끔이구나.주머니 크기차이인가?간뎅이 크기차이인가?,1
465,막내작가님이 아직 한불의 명성을 못들으셨나봐요... 안전 운전하시길~~ 축하드려요,1
466,남자 게스트분이 차를 좀 아시네여,3
467,극악의 프랑스 자동차,1
468,뭐야 예쁘네?,1
469,아빠와 딸 같은 느낌이 날까?,1
470,볼빵빵 ㅎㅎ,1
471,하나만 알려드림.프랑스차는 사는거 아닙니다.,2
472,feat 막내작가 = 치트키 발동,1
473,막내작가님 인스타 아이디 알려주세요ㅠㅠ,1
474,그냥 아방 사세요,1
475,김사장님이 포르쉐를 하나사죠야죠 법인차로,1
476,작가님이 아닌것같은데...,2
477,7:45 자기야..? 무슨 일이져 편집자님,2
478,디젤만 아니라면.. 여자들한테 인기많을텐ㄷ,1
479,Suv라기엔 너무 작은데....이정도면 모닝의 약간 큰버전같은대요,1
480,국내 독점기업  보고 배워라이상한 옵션  쳐넣어서 가격만 올릴생각말고,1
481,저차를 진짜 3000만원정도에 사는인간들이 있을까?,1
482,츄정 닮았다,1
483,7:47 자막,5
484,거 아저씨~~ 남의 채널에서 뭐하는 것이요~~,49
485,커피를 마시겠어요~ 이차를 안사고,1
486,ㅋㅋㅋㅋ,1
487,왜 자꾸 여자분 위주로 가시는지...,1
488,투싼이랑 가격 비슷하네,1
489,여자들의 이쁜 기준을 모르겠다.. 못생겼는데 저는 코나 추천,1
490,중국차같다.,1
491,12:37,1
492,막내작가를  얼굴마담도아니고  내용으로가자 모카가 이거박에안되나요,2
493,막내작가와 오늘부터 1일......하고싶따...,1
494,7:57 누나 나죽어..,41
495,8:22,1
496,여자들이 예쁜 것 갖고 싶은건 본능이라 이해는 합니다만....보험료 유지비 연봉 생각해서 결정하세요뭐... 기자님이 잘 찾아주겠지 생각합니다,2
497,갑자기 아버님이 되신거 같네요ㅜ 죄송합니다,1
498,이렇게 영상으로 보면 괜찮아보이는데 현실은 우리나라에서 유독 프랑스 차는 인기가 없음. 호갱이라고 들을 정도로 수입차라면 호의적이고 무조건 사는 우리나라에서 유독 프랑스 차만 잘 안팔리는 이유는 다 있겠죠,1
499,그돈씨 쏘나타,2
500,저 여직원?이 모카에 어울린다고 생각하시나요?,2
501,저여자 뒷통수 칠 상이나 김내관은 조심하시오~ 쫌 지나면 개인채널파서 모카 조질상이오~,3
502,프랑스는 나랑 안 맞네...,1
503,내가 보기엔 저차는 외관만 보고 사는  차인듯내부는 별루고 차도 작고 그돈이면 투산 사겠다,1
504,19:58 다람쥐??,5
505,막내작가 남자같이생겼으,3
506,14분40초 코막는건 혹시 입냄새?,1
507,,2
508,말할때 이쁜척하는거 싫어,1
509,난반대야. 선영누나 나랑 결혼해.,1
510,진짜 노잼... 이제 기자님만 나오는거로...,2
511,한용이가 더이뻐,1
512,누나!!  아몰라 이쁘면 누나랬어!,1
513,눈나 나 죽어~~,1
514,1등!,2
515,야호 150번째 댓이당,1
516,연애하세요?ㅎㅎㅎ,1
517,2빠!,2
518,8:12 ???,4
519,안녕하세요!,1
520,와 여자다,1
521,기마뇽의자카,1
522,3등!,2
523,"8:13 야~~~~~~~~~~~~~~~~~~~~~~~~~~~~~~~~~~~~~~~~~~~~~~~~~~~~~~~~~~~~~~~~~~~~~~~~~~~~~~~~~~~~~~~~~~~~~~~~~그러지마 ㅠ,.ㅠ",3
524,자기야?,1
525,7:47 자기야???,35
526,수입차빠는인간들 금융문맹들 어휴,1
527,너무 귀여운척 한다..;;;,2
528,아...,1
529,토션빔 ㅜ,1
530,혀짧은소리는 좀......,4
531,자동차 리뷰에 여자들 나오는게 싫은 이유가1. 운전하는거 조차 무서워함 왜 운전을 하려는건지 이해가 안감.2. 아무도 안사는 이상한차 알아보고 있음3. 차에대한 정보도 관심도 없어보임4. 일반 직장인 여자들과 하나 다를 바가 없음.일단 운전하면서 여성들에게 분노를 많이하다보니 그런것도 있지만  영상내내 추임새만 넣지 하는게 없잖아요?김한용기자님이 자기차 자랑하는 영상같음그렇죠 음  아  이것만 하다 끝남제발 좀 혼자하세요.  고딩이랑 하든가,1
532,유럽 사람들은요 자동차를 엔진을 장착한 자전거로 생각을 합니다 이태리 프랑스 ..  멀리 갈라면 기차를 타고요 이게 문화의 차이 입니다 ... 이해 되시나?,1
533,내가 가격개념이 잘못된건가? 저게 가격이 괜찮다고 하는 기자가 이해가 안가네요. 아 지원받고 찍어서 그런거였구나. 이런식으로 영상 계속 만들면 이미지 안좋아질텐대 안좋은걸 좋다하고 비싼걸 싸다고 하고..,3
534,국산차와는 감성이 아예 다르다. C5 타 봤는데 시트로엥은 감성으로 타는 차란 느낌.  모든 게 감성적이더라,1
535,차 이쁘네요디자인과 감성을 아는 멋진분들이 탈듯!,1
536,깔끔하고 좋은데요~? 댓글 반응처럼 일반적으론 차라리 국산차 사는게 가성비가 더 좋은건 맞는거 같지만요️,6
537,개인적으로 시트로엥 베를링고 들어와줬으면 좋겠네요.국내시장에는 mpv다운 mpv가 필요함.,6
538,모터쇼에서 봤던차네요 이쁘긴 정말 이쁘더라구요 패션카로서는 좋은거같아요,1
539,약간 트랙스+베뉴+티볼리에 모서리를 곡선으로 잘 다듬은 느낌이 나네용 ㅎ,1
540,"3:00 김송은 기자님이 원하시는 모델은 포르쉐 아니신가요?? 포르쉐만 말씀하시던 모습이 선합니다 ^^;;; 8:33 은 일부로 넣으신 듯~ 운전 많이 느셨네요 ㅎㅎㅎ 현대식 적절한 옵션 기능에 프랑스 감성까지 더해지면 더 좋을텐데, 아쉽네요 ㅠㅠ 미래 컨셉트 차량으로 2인승 소형 차량을 선보였다는 것은 미래 사회(1인 가족 등)에 대한 예측과 더불어서 결정되지 않았을까 생각드네요~ 현재도 프랑스 브랜드들은 소형 모델이 주를 이루고 있는데, 이에 대한 역사가 궁금해지네요~~p.s. 샌드위치 잘 먹었습니다~~!!",1
541,"그냥 디자인에 딱 꽂혀서, 이건 내차다 싶어 그냥 사야지~ 이거 저거 재기 시작하면 결국 살 수 있는건 현기밖에 없죠.",18
542,우와 천장 죽이네 ㅎㄷㄷ,6
543,#시트로엥 대박나길바랍니다,1
544,공도에서 종종 볼 수 있길 바랍니다.,2
545,"시트로엥.. 디자인 유니크하고..랠리에서 좋은 성적을 유지하는 브랜드여서무브먼트 운동성능 코너링 다 좋다.단, 시트수동조절..진심 욕나옴.",4
546,송은 기자님 차 취향이 저랑 똑같네요.. 속으로 이런 건 나같은 놈만 탈거야 하고있는데 같은 말을 기자님께서..,1
547,이쁘네 디자인이 아주 기냥 이뽀,6
548,직물시트라 따뜻하고 금방 때타고 하겟네요.,8
549,변속 충격은 어떤가요? 시트로앵 오토 몰아보면 변속 될때마다 턱턱 머리가 흔들리던데요,1
550,(?사운드가...이상하게 답답? 녹음이?)서비스만 개선된다면 개성적으로 타고 싶은 사람은 고고싱 하겠죠~~~,2
551,불문과로서 잘 보고 갑니다..,3
552,여성분이 타 계시니 그런가 아담하고 정말 이쁘네요~!,2
553,담주차나와요~잘보고갑니다,6
554,흉기차를 피할수있으면 성공한인생이라 하죠...이쁘네요,4
555,프랑스의 시트로엥 가문의 잘 생긴 남동생과 도심에서 데이트를 합니다. 징징거리기만 하던 철부지 같은 장난꾸러기 동생 같았는데함께 등산을 해보니까 밥 잘 뺏어먹는 누나의 손을 덥썩 잡고 산 정상을 향해 이끌어주는 상남자 스타일에 가슴이 설레어 버린 과즙미 넘치는 김송은 기자의 오디오 실종 시승기 잘 보았어요.,2
556,오리지널 C3가 좋은데 -.-: 한국 소비자가...이건 시3 아닙니다 끝까지 말해주어요 갑은 Ds3...,1
557,송은이의 피부는 세월을 거슬려 올라가는 연어구나...광이 나네..광이...몸매는 쏭은..!!,3
558,개이뻐진짜..c3 오징어만들어버리기,1
559,현대기아가 씨트로엥은 넘어선것 같아서 뿌듯하네요,4
560,정말 너무 이쁘네요 ㅎ 왜산차 말고 법국차 사세요 ㅋㅋ,1
561,시트로엥 전담 기자인가요 ㅎㅎ,4
562,베뉴랑 닮았다!,2
563,살사람은 다 삽니다~~~~,6
564,오디오 그냥 사이드카메라껄로 다 쓰지...천장꺼 노이즈 너무씨끄러움 ㅠㅠ,1
565,,2
566,좃볼리 사는니 이거사는게 낫겠다..아~좃볼리 타는애들 돈이없지..,1
567,이뻐.... 차말고,3
568,목소리로 영상 지배,1
569,전에 남자 기자분 리뷰는 이제 안해요??,1
570,나는 2등?송은님 잘보고갑니당.ㅋㅋ,2
571,에 필 로 그 재 미 써 요,6
572,목소리 삑사리가넘심해여ㅠ,1
573,"국산과는 비교하기 좀 그렇지만.. 운전의 재미, 개성적인 면에선 미니 브랜드가 더 낫다고 봅니다  요즘 컨트리맨, 클럽맨처럼 공간면에서도 좋은게 많이 나오니..",5
574,김송은 김송은 우유빛깔 김송은!,1
575,요즘은 머하나여.. 짤림,1
576,1등,3
577,아이쿠 예쁜 아가씨 오랫만이예요 ㅎ,4
578,저걸 누가 3200이나 주고 사지..,6
579,이쁜 디자인 빼곤 국산차 보다 못하다는 느낌이네요.,7
580,직물시트라니....,2
581,순간 남자분인줄..... 약간 남상이시네... ^^;;;;;,2
582,3천만원인데 이렇게 내놓을수 있는 자신감이 참 대단하네요 ㅋㅋㅋ 미니는 주행이라도 즐겁지..,6
583,이재욱 기자님의 리뷰는 처음보는군요.잘보고 가겠습니다.,1
584,기자님이 굉장히 신뢰가 가는 진행과 어술이네요,3
585,차가 넘 귀엽네요 빨간색이라서 더 예뻐보이는듯!,3
586,날이 아직 안 덥다해도 햇볕 쨍쨍한데 기자님 고생하시네요ㅜㅜ,1
587,리뷰영상에서는 너무 오랜만이네요 반갑습니다 ㅎㅎ,1
588,다른건 몰라도 디자인 하나는 앙증맞네요~,1
589,어느 분 말씀대로 베를링고 들어오면 좋겠습니다잘 보고 갑니다.,1
590,살찐 코나 같기도 하고 세련된 디자인 같기도 하고 먼가 둥글둥글 귀엽네요,2
591,프렌치 갬성은 많은것을 포기해야하죠.,2
592,그냥 시3이 좋은데,1
593,프랑스 차는 옵션 사용법 쓸데 없이 꼬아 놓고 한국선 미워도 현기차가 편하다.난 qm3 오너!,4
594,저희아파트 주차장에 한대보이는데 실물이 넘 귀여워요,1
595,장난감같이 생겼네요ㅋㅋ,3
596,코나   XM3  셀토스  하고   동급이네,3
597,시트가 그렇게 편하다는데 진짜인가요?,1
598,0:28 이거 보라고... 한거 맞나요..??;;너무 작은데,19
599,귀염둥이네요 ㅎㅎ,1
600,베를링고나  팔아라,3
601,제원 보여주기 싫은거죠? 작고 너무 빨리 지나가요?,1
602,ㅋㅋㅋㅋㅋㅋㅋ as만 좋으면 ㅠㅠ,5
603,댓글들 수준들하곤,1
604,할로겐 ㅡㅡ;,1
605,이런차를 타고다니는 사람들이 있을까??디자인도 그렇고 내부도그렇고 그닥 맘에드는구석은 없는듯,3
606,"3사  각 차량의 외관,  내부의  상세한 설명이 아주 좋습니다.또한 각 차량의 장,단점 비교 설명은 선택에 꿀팁을 주시는군요 !!",1
607,두 분의 콤비리뷰는 영상이 길어도 지루함이 없어서 좋아요ㅋㅋ항상 잘보고 있습니다!,1
608,진짜 설명 잘하신다 ㅋㅋ 계속 이 기자님이 리뷰해줬으면 좋겠어요,9
609,역시 자극적이지 않은 카랩리뷰 너무 좋아요ㅎ,2
610,캬 정말 비교군 밸런스가 절묘하다. 한번쯤 갖고싶고 흥미는 가지만 내돈주고 사기에 애매한 차종들 ㅋㅋ,8
611,유용한 정보를 알려주면서도 깨알같이 귀여움을 어필하시니 더 좋습니다,1
612,"제 레니게이드는 19년식 가솔린 2.4 리미티드인데 2열 4:2:4 폴딩되고 창문도 내려갈땐 원터치인데,, 같은 디젤급 비교하시다보니 그런가봐용 ㅠㅠㅎㅎ  리뷰 재밌게 잘 보고 구독 눌렀어요^^",3
613,색다르게 수입 소형들과 비교하셨네요. 캡처도 수입해서 팔지만 다들 비교는 셀토스랑 트레일블 레이저랑 비교하던데,5
614,다 갖고 싶게 설명해 주시네요 잘 봤습니다,2
615,카랩도 4k 영상 지원을 더욱 늘려 줬으면 좋겠어요.... 영상 보는  중간 중간 심하게 화질 저하된 부분들도 조금 아쉽습니다.,1
616,이광환 기자님인간미 너무 좋음,8
617,캡처는 파노라마선루프만 추가되었으면 패션카로 완벽인데.. 내년에나 들러오려나 ㅜㅜ,1
618,Jeep  이거 타보고 진짜 놀랬음것두 렌트카 반나절  .겉모습 봤을땐 작아 보였는데  타보니 내부 큼단단함 장난  아님이차서 내려   딴차 알바 하며 탔는데 ..스텐과 양은 느낌 ^^^^,15
619,오~ 완전 비교 차 셀렉이 딱 내가원하던거. 레니게이드 내부가 좀 아쉽 . 외관은 좋은데. 자동차관련 첫구독채널이네요!!,1
620,역시자동차리뷰어TOP1입니다.,2
621,레니게이드가 생각보다 가성비가 있어보이더라구요 디자인도 유닉하고,7
622,르노가낫지만 수리비는 3개다 지림 ㅋㅋㅋ갠적으로 레니,1
623,지프레니게이드도 생각했는데 자세히 알려줘서 감사합니다,2
624,저도 레너게이드 리미티드인데 방향 지시등은 다른차에 비해서 멀어서 한국사람 손크기에는 불편할수 있어요. 전 아무 불편없이 잘 타고 다닙니다. 다른 부분은 제 차는 창문 모두 자동으로 원터치 열고 닫고 할수 있는데 다른가 보네요.,3
625,무광?유광? 취향 독특하네.기름통에서 유래한 디자인..ㅋㅋ,3
626,그리고 아이덴티티 하면 지프랑 BMW가 독보적인듯..,2
627,엄청 기다렸네요..자주좀 올려주셔요~~영롱한 목소리 빠져버렸어요 ㅋㅋ,3
628,캡쳐가 가장 낫네요디젤말고 가솔린이요~,7
629,"카랩 정말 오랫동안 구독하고 있는데, 진심으로 간절하게 구독자 좀 늘었으면 좋겠습니다. 바람직한 방향인지 고민해 볼 문제이지만, 타 몇 채널처럼 매력있는 여자 에디터라도 영입해서 구독자 수를 늘려야 하는건지... 정말 유익하고 재밌고 알찬 채널인데, 아쉬운 마음에 댓글 달아봅니다.",4
630,아니 이 좋은 리뷰에 댓글이 왜케 적나요인기차종들이 아니어서 그런가 ㅎㅎ,2
631,가격까지 고려해본다면 캡쳐가 낫네요,28
632,"레니게이드4륜이 풀옵션입니다(풀led, 전좌석 전동시트, 실내내장제, 어뎁티드크루즈컨트롤 측후방경보시스템 다들어가요)지금 시승하신건 풀옵아닙니다",2
633,항상 응원합니다,1
634,카랩의 장점은 여자없이 옆집 둥글둥글한 형이 설명해주는 친근함이 최고인듯,21
635,C3 전고가 잘못 표시되어 있네요 !! 1470 ----> 1650mm 로 수정하셔야 . ..,2
636,레니게이드 최고장점은 사륜인데; 사륜빼면시체~,2
637,시트로엥 가격대가 엇 비슷하네... 근데 저중에 시트로엥은 나름 PSA그룹의 프리미엄 브랜드 아님? 뭐 딱히 프리미엄 같진 않지만요 ㅎㅎ;,1
638,캡쳐가 젤 괜찮아보이네요.레니게이드는 마감이 별로고,7
639,팝업으로 올라오시는거 엄청 귀여운거 아니에요?ㅋㅋ,1
640,자동차법이  문제가 많네요 ㅎㅎ,2
641,"소규모의 채널에서 차를 그것도 외제차 섞어 3대나 빌려서 정성스럽게 리뷰해주는데 싫어요 누르는 놈은 어떤 놈일까?,,,,",15
642,진짜 키가 어떻게되세요?많은도움이될꺼같아서요,1
643,레니게이드2.4리밋은 암레스트잇습니다ㅠ,1
644,나는 이분때문에 카랩 구독함 ㅋㅋㅋㅋ190이래 ㅋㅋㅋㅋ,3
645,레니게이드에 한표,6
646,"""제 키가 190"" .. 키가 뭐가 중요합니까? 여자들이나 중요하게 생각하지(이게 중요한건가...)  ....  남자들 끼리는 별  신경 안쓰자나요...",4
647,깜찍에서 놀래서 잠시 끄고 보러오겠습니다,3
648,At last!!! ,2
649,더미스위치가 뭐예요??,1
650,"C3 x, C3에어크로스 o",1
651,"어쩜, 껍데기만 이쁜 쓰레기차를 모아놨네요~~~ 외제차 사려고 싼거 찾다가 피보는 차, 그리고 캡쳐는 가격이 비교차는 아닌듯요.",1
652,지프 실내 심각하네..,7
653,레니게이드는  오프로드  디자인 개방감  감성으로 타는 차  .... 시내서만 타고 내부 인테리어 옵션 달리고 서고 생각하면서 탈것  같으면  이차 절대 사면  안되는차  이점은  요즘  국산 차들과  비교하면 차도 아님  경운기  수준,1
654,이광한기자님보러왔습니디ㅡ,1
655,1빠,2
656,애매한 애들의 키재기,2
657,티볼리보다 못하네.,4
658,저기 정말 죄송한데요 인트로 소리 조절 못할꺼면 그냥 없애주세요.. 휴.. 개빡치네,2
