,comments,likes
0,강병휘 선수가 모터그래프에 나오기 전에 카가이에 나왔었다니!,2
1,잘봤습니다,3
2,a필러 되게  센스 있네요..이것도 호불호 엄청나겠네요,1
3,썬글라스 잘어울려요~ 멋지십니다!!+_+,2
4,14년 ds5타는데 구형도 크루즈기능 있어요 단 어댑티드크루즈는 아닙니다,1
5,이거 오프닝 브금이 뭐져 알려주시면 감사하겠습니다,1
6,Love koreia,2
7,스파르랑벨로스터가따라만들었군,4
8,Nice car,1
9,이쁜데 너무 비싸네 ㅠ,1
10,너무 비싸고 디젤만 있는게 좀....,2
11,너무비싸요ㅜㅡ,1
12,아내차,1
