,comments,likes
0,신형 너무 좋네요~ 디자인 등등 다 좋아졌지만 특히나.. 트렁크공간이 거의 뭐 200리터이상 늘어났네요;; 565리터에서 800리터급으로.... 이전세대 마지막 생산된 A6올로드로도 충분히 만족할것같지만 부럽네요 ㅎㅎ,2
1,주주님 전문가 다 되셨다 ㅋㅋ 좋은 차량 리뷰 항상 감사합니다,3
2,"제이형님 항상 잘 보고 있습니다~~카시트 세개를 실을 주말용 7인승 차량을 고민중인데,x5, glb, 에비에이터 중 어떤게 좋은 선택이 될까요?? 익스는 별로라고 하셔서 뺏습니다ㅋㅋ",3
3,A6 좋은 영상 잘 보고갑니다. 드디어 구독완료. 이제 막 시작한 유튜버 병아리 입니다. 많은 관심 부탁드리며 다음 영상에서 또 뵙지요.. 감사합니다.,2
4,"좋은 영상 고맙습니다, 혹시 x5 m50d 차량에 대해서 조언 해주실 수 있을까요? 그 차를 살까 고민중에 있는데요, 지금 비교 대상 차량이 x5 45e 입니다.",3
5,영상 색감이 진짜 이쁜거 같아요 ㅋㅋ,5
6,55tfsi 마일드 하이브리드 좋아요~ 차얼평 tv  주주님 출연 언제나 환영합니다~🧡💛💚,4
7,마일드하이브리드라는게 엔진이 디젤과 전기의 조합인건가요?,2
8,a6는 콰트로사야됨,1
9,역시~~~~~~~~~♥♥♥♥♥♥♥♥♥♥♥와우 매우마음에듭니다^^,4
10,카메라 뭘 쓰시죠? 화질이 장난 아니네?,2
11,❤️❤️,3
12,배우 김의성님 닮으셨어요;;; 리뷰 잘보고 갑니다.,2
13,얼평님 나빠요~ 주주님에게 모자를 ㄷㄷㄷ,1
14,여자분 너무 이쁘십니다,4
15,쥬쥬~♡,3
16,크~콰트로 멋지네,2
17,근사하네요~~,2
18,여기 채널이 썩은차 수집해서 되살린다는 거기인가요,2
19,"저 때의 아우디와 볼보, 그리고 사브의 디자인은 참 시간이 지나도 명품인 것 같습니다..",5
20,영상잘보았습니다저도 차를 참 좋아하는사람으로서 두분말씀 공감도 하면서 재밌게 잘보았습니다,5
21,너무 오랜만 아닙니까? 좋은 영상 감사합니다!,5
22,오랜만에 영상이네요 ㅎ 기다렸습니다 ㅎㅎ,5
23,영상 기다리고 있습니다 ㅎㅎ 이도시 시리즈 ^^,1
24,멋지네...,1
25,구독 하고 갑니다,1
26,다른 리뷰 다 필요없다... 한상기 리뷰만 보면된다... 언제나 최고~!!!,15
27,내부 인테페이스가 정말 제가 좋아하는 타입이네요. 후우.. 이번생에는 저런 좋은 차는 사기 힘들듯.. 리뷰 잘봤습니다.,4
28,믿고 보는 기자님 시승기잘봤습니다 에어서스없는 45TDI모델도 궁금했는데 가솔린으로 가는게맞는거 같네요.. 감사합니다!^^,2
29,역시 조명회사답게 실내 앰비언트 라이트가 튀지 않고 자연스럽게 녹아드는게 고급스럽네요.,1
30,가격 착하고 시승해보니 괜찮더군요영상 잘 봤습니다!,2
31,잡소리도 없고 정숙성 승차감 좋고 좋은차네요 디자인이 올드하다가 단점 공감합니다,7
32,한기자님의 F바디 X5 m50d 리뷰영상을 처음으로 봤었는데 지금까지 기자님 영상은 즐겨보네요..^^ 다가오는 새해 복 많이 받으시고 다양한 영상 부탁드립니다.,6
33,년초에 55tfsi 구천초반대로 할인 해서 팔았고 보증 5년.. 인기가 좋아서 할인 거의 없는 x5 gle 대비 해서 구천초반 가격이면 가성비 좋다고 봅니다,10
34,한상기 기자님 잘 보고 있습니다 최근들어 나오는 독3사 차량들 중 기자님이 느끼시기에 어떤 브랜드가 현 폼이 가장 좋다고 느끼시는지 궁금합니다,2
35,편안한 리뷰 감사합니다. 유일하게 앞으로 넘기면서 안보는 자동차리뷰네요ㅎㅎ,8
36,한기자님 영상 항상 잘보고 있습니다!! 감사드립니다! 건강하십시오~~~!,3
37,오늘은 이거닷! 항상 좋은 리뷰 감사드립니다. 퀄리티는 업계 최저지만 내용만은 정말 객관적이고 업계 최고라 자부합니다.,3
38,사고싶네요 Q7 좋다고 하던대 아파트 주차장레 Q8 RSq8도 있는데 포스가 지립니다,4
39,Q7도 디자인적으로 괜찮네요.,4
40,"조명 회사답게 앞, 뒤 라이트 완성도도 높고 예쁘네요",1
41,오 시승기 올라왔네요 잘 봤습니다ㅎㅎ신형은 왠지 가솔린이 더 잘 어울리는 디자인이네요,2
42,폭설에 어울리는 차량 리뷰네요~,2
43,올 한해도 수고많으셨어요 ~ 항상잘보고 있읍니다 ^^,2
44,요즘 날씨도 추운데 감기 조심하셔요~~~ 매번 좋은 영상 감사합니다.,2
45,항상 잘보구 있습니다 새해 복 많이 받으세요~,1
46,벤츠 GLE 450이랑 비교하면 어떤게 더 좋으셨나요? 한상기 기자님의 주관적인 의견이 궁금합니다😃,1
47,리뷰 중 제일 정확한거 같습니다. 잘보고 있습니다.,5
48,항상 잘보고 있습니다!,1
49,잘보았습니다 기자님! q7은 얼마전 올리셨던 디스커버리 p360과 비교될것 같은데요. 둘중에 손을 들어주자면 어느쪽 이실까요?,7
50,저희집 지하주차장에서 가끔보여서 너무이뻣는데 상기형 감사합니다!,5
51,손은 좀 나아지셨나요 ㅠㅠ휴일에 푹 쉬고 언능 나으시길 🙏🏻오늘도 재밌게 잘 보겠습니다 감사합니다🙇🏻‍♀️,3
52,실내 디자인 아쉬운 거 빼고는 부족한 거 없이 육각형인 좋은 차 같습니다타고 싶은데 저는 돈이 부족하네요 ㅠㅠ,2
53,실내가 올드해 보인다고 하셨었는데 그래도 꽤 예쁘다고 할 수 있겠네요.. 잘 봤습니다!,1
54,한 해도 수고 하셨어요... 크리스마스 마지막날까지 잘 보내세요 ^^ 미리 새해 복 많이 받으세요,1
55,앞좌석 좌판 늘리는 기능은 좌석아이콘 안에서 설정 할 수 있습니다!,1
56,gv80하고 2열 승차감 비교하면 어떤가요?,1
57,차가 진중한 느낌이 들어 좋습니다.기자님 메리 크리스마스입니다.,5
58,2열 이하에 안전벨트 안전장치 미비한 수입 suv 들이 많다던데 이 제품은 어떨지 궁금하네요.,1
59,"19:20 쯤에 회전반경 설명하실 때GV70 ""AWD""와 비교해 주셨는데,2WD과 AWD 회전반경이 다른가요..?",1
60,눈길조심하세요 기자님😆,1
61,내년에는 20 30 100만 구독 가자!!,1
62,메리 크리스마스 하시구요 시승기 잘 보겠습니다.,1
63,앞은 기가막히는데 뒤는 좀 아쉽다,1
64,완벽스러운 차 같은데 뒷면 크롬라인이 참 에매하네요.,1
65,혹시 이 차에 설치된 사이드 스텝 정보 좀 알 수 있나요?,1
66,킹상기니뮤ㅠ,2
67,번창하세요!!!!!!!,2
68,감사합니다:),1
69,Q7(가솔린) VS X7(가솔린) 한상기 님의 선택은??,3
70,동일모델 운행중입니다시트 하판길이조절 전동으로 가능합니다 아마 시트메뉴에서만 가능했던거로 기억합니다ISG 시동 다시 걸릴때 크게 출렁거리는건 신차때부터 그랬습니다 엑셀컨트롤로 오토홀드 상태에서 시동만 걸리게 할 수 있는데 이런식으로 대응중입니다저는 차음유리적용으로 실내가 매우 조용하나 상대적으로 서스펜션 작동음이 저음으로 크게 부각되고 아이들시 1열 시트로 유입되는 진동이 제일 거슬렸습니다하이브리드 스포츠세단에서 넘어오다 보니 터보렉을 포함하여 운전하기 참 재미없는 차라고 생각했습니다만 처음부터 패밀리카로 접근했었고 가족들은 대만족 중입니다가끔 7인 승차가 필요하고 2열 공간 및 승차감이 중요하며 대형급 suv 까지 올라가기는 부담스럽다면 가장 좋은선택이 아닌가 싶습니다,2
71,오늘은 말속도가 빠르군요,1
72,오 토요일인데 업로드 감사합니다이번주는 여행채널은 쉬어가는건가요??,1
73,기자님 손가락 부상 당하셨다던데 몸조심하시고 영상 잘 보겠습니다.,1
74,드림카.. 꼭 살거야,1
75,다필요없고 브레이크 밟을때 꾸엨!!,1
76,잘 봤습니다!,1
77,21년식   2달. 55tfsi 오너입니다.  카이엔타다가 넘어왔는데. 만족스럽습니다다음차는 X7M50i로 가려고합니다,1
78,제 드림카..아우디를 좋아하는 입장으로서,2
79,새해 복만 받으세요,1
80,실내.터치가 안좋고 너무내려와있어서 위치기안좋음,3
81,뭔가..뒷모습이qm6같네요,1
82,11:05 q7 시승중 보이는 구형q7,2
83,구독 추천 누르고가~~~~~~~~~잘볼게요,2
84,😘👍👏👏메리크리스마스.🥳,1
85,시트 허벅지 길이 연장기능 있어요,3
86,Q7이라니!,1
87,대표님 메리 크리스마스,2
88,RSQ 8 리뷰 좀 부탁 드립니다,1
89,메리 크리스마스 ⭐️,2
90,단점 아우디,2
91,메리크리수마수~~ 해피뉴이얼,1
92,시속 210키로 최고속도 ㅋㅋㅋㅋㅋㅋ,3
93,메리 크리스마스 . 도 지났네요.  ㅋㅋ,1
94,잘 보겠습니다.렉스턴 아직 잘있군요.,4
95,14:38 읭? 역주행하는 트럭,2
96,디자인은 Q8보다 Q7이 더 이쁘네,3
97,비싸다,2
98,북유럽 사장님 차인가요... 잘봤습니다.,1
99,메리크리스마스~,1
100,아프신건 괜찮으신가요,2
101,뚱땡이차 뚜우웅,2
102,승ㅊㅏ감도 아웃편의물도 아웃가격도 아웃1억인게 이해 불가,1
