,comments,likes
0,"[공지사항] 일부 사운드 부분이 들리지 않는다는 지적이 있어, 파일을 재등록 하였습니다. 오늘도 즐거운 하루되세요!",43
1,기대하던 q5 리뷰네요. 오너로서 상당히 만족스럽게 타고 있습니다. 경쟁차도 많고 실내에 대한 호불호로 숨겨진 명차라는 느낌이 듭니다. 그래서 희소가치를 누리는 점이 오히려 만족스럽네요.,15
2,오늘도 깔끔한 영상 매우 즐겁게 감상 하였습니다~^^저는 김기태PD님 말씀듣고 A6 45TDI 구입했습니다.구입한지는 한달 조금 넘었지만 역시 말씀하신대로..만족 합니다  다른 전문적인 리뷰어들도 많지만저는 오토뷰를 가장 신뢰합니다.주변에도 그렇게 얘기하구요 ㅎㅎ앞으로도 좋은영상 기대하겠습니다~^^,25
3,Gv70 3.5 새차로 6개월타다가 결함으로 21년 q5 45tfsi 샀는데 장단점이 있지만 전반적으로 바꾼것에 대만족중이네요! 변속도 너무 부드럽고 출력은 gv70보다 100마력 이상 낮지만 실 영역구간에서는 수치보다 훨씬 차이가 안나는 느낌이네요. 문짝이 훨씬 무거워서 왠지 모를 안정감이 드는 건 덤..,3
4,"아우디 Q5 의 상세한 리뷰 잘봤습니다. 차분한 어투로 설명해주셔서 내용파악에도 도움이 많이 되네요, 볼보XC60 을 알아볼때 함게 알아봤던 모델인데, 페이스 리프트가 되면서 더욱 좋아진 느낌이 드네요, 컨텐츠 만드시느라 고생 많으셨습니다. 좋은 정보 잘 보고 갑니다.",9
5,"드디어 올라왔네요 2021년형 Q5 고심끝에 구매했는데 만족도 정말 높습니다. 어설픈 실내수납공간만 빼고 말이죠.특히 야간 가로등없는 국도주행시 보여주는 매트릭스LED라이트는 심리적으로 안정감을 대폭 높여주기도 하고 정말 편합니다.상급에 들어가는 HD 매트릭스 LED라이트는 더욱더 좋겠죠?차량의 기본기인 가속성능, 제동성능, 코너링성능도 더없이 충분하구요.변속체결속도와 체결감도 신속하면서도 부드럽게 느껴집니다.페이스리프트되면서 작년의 동급트림모델 대비 옵션구성도 매우 좋아졌어요통풍시트, 반자율주행, 후석선셰이드, 매트릭스LED 등등 최신장비를 아낌없이 잘 갖춰주고 있네요다만 생각보다 차량이 무거워서 그런지 연비는 낮은편입니다. 더구나 고급유 권장 차량이기 때문에 연료비는 제법 많이 들어간다고 보셔야됩니다.물론 일반유를 넣으시는 분도 많지만 차량 컨디션을 생각한다면 고급유를 넣어주는게 추후에 엔진결함확률을 크게 줄이는 길이겠죠.김기태PD님께서 언급하신 아우디코리아가 AS나 상품성개선 등에 있어서 조금만 더 신경을 써준다면 예전의 명성을 다시 찾지 않을까 생각합니다.",9
6,"파사트에서 Q5 40TDI로 옮기고 느낀점1.주행승차질감 고급진 느낌2.소음적다(외부,엔진)3.초기 가속력 좋다.4.옵션  무난5.실내 디자인은 보통",6
7,모터쇼에서 시승할 때 참 좋았어요 ㅎㅎ 인기모델인건지 거의 가격할인이 없는게 좀 아쉽.,3
8,승차감도 괜찮고 가속성능도 무난합니다. 가성비가 좋은 차량이라고 생각합니다.,3
9,예전 도로 리뷰 넘 좋아요~!하고 봤더니 여름에 찍은 리뷰군요~! 하여간 예전 도로를 다시 보니 넘 좋네요~!,10
10,리뷰중에 오토뷰가 너무좋아요.앞으로 더좋은 리뷰 부탁드려요  ,2
11,차에 관심을 갖던 30대초 부터 오토뷰를 봐왔습니다. 지금은 애 둘 있는 40대 가장이구요 ㅎㅎㅎ  최근에 느낀건데.... ‘차를 보는 시각이 참 김기태 PD님과 많이 닮아있구나’ 입니다. 거의 다 봤거든요 ㅎㅎㅎ  항상 좋은영상 감사드리고 계속 응원하겠습니다!!,3
12,개인적으로 내구성과 관리의 용이성때문에 토크컨버터 방식의 자동변속기를 선호하는데 아우디 폭스바겐그룹은 듀얼클러치를 주로 사용하고 있어 아쉬움이 남습니다. BMW처럼 ZF변속기를 사용하면 어떨까 싶네요. 물론 듀얼클러치 방식이 직결감도 좋고 구동력 손실도 적으며 연비 상승에도 좋지만 가감속도 자주해야 하는 우리나라 도로 환경상 아직은 토크컨버터 방식이 더 부드럽고 편하네요.,1
13,이번 Q5 옵션 진짜 좋네요. 혹시 티구안하고 비교가 가능할까요? 폭스바겐하고 아우디하고 주행 느낌이 굉장히 비슷하단 느낌을 받아서요.,6
14,"22년식 q5 40tdi 콰트로 3개월째 타고있는데,  리뷰내용 완전 공감합니다. 제차에 피렐리 4계절용 장착된거 빼곤 리뷰차량과 거의 똑같은거 같아요.",1
15,대학생 시절 오토뷰를 보며 대리만족을 했는데 지금은 와이프와 같이 보며 다음 차를 고르고 있습니다. 기태기자님 감사합니다 ^^,4
16,최고의 자동차 리뷰 .. 항상 감사히 보고 있어요 ^^,29
17,4:45 아우디A7 타지만 이장면 보고 이게 되네 쩐다 했는데 다르게 생각하시는 분들도 계셨군요 세상은 참 넓고 사람들마다 생각이 다르다는거에 놀라네요,5
18,2021년식 SQ5(tfsi)차주입니다차량 리뷰 너무 잘 보고 갑니다!패밀리카로서 너무 만족하면서 타고 있네요오오,2
19,김 pd님의 리뷰는 최고이십니다.^^,4
20,저는 독삼사 중에서 아우디를 제일 좋아합니다.디젤게이트 이후로 국내에서 많이 까이면서 브랜드 이미지가 떨어져 프로모션으로 할인을 많이 해줘서 좋습니다.앞으로도 국내에서 많이 까줬으면 좋겠습니다.근데 국내와 다르게 독일에선 아우디가 벤츠보다 잘팔리고 벤츠보다 비싸다죠??독일에서 품질평가도 아우디가 1등한다는데 삼각별을 좋아하는 한국 사람들 덕분에 차를 좋아하는 저는 득을 봅니다.,17
21,"해외서 20년 페리전 마일드하므모델 구매해서 잘타고 있습니다(갠적으로 페리전이 더예쁨!) 공간도 넓고 만족하며 타는데...안타본 사람들이 깐다는게 재밌더군요그래도 옵션좀 더넣어줬으면 싶네요ㅠㅠ 너무 엄성....아, 2열시트가 좀 딱딱해요",1
22,로드테스트자주해주세요 멋진리뷰잘볼께요~,2
23,와 진짜 기다리던 리뷰요 굳굳,2
24,실내가 살짝 아쉽긴하지만 성능이 모든것을 커버함 좋은차임,3
25,19~20년식 대비 미션 변속 속도가 뭔가 빨라졌군요...,5
26,현대 기아에 후원받으며 리뷰하는 유투브보다 훨씬 중립적이고 유익한 오토뷰 오늘도 좋아요 꾸욱~~,3
27,제네시스와 비교해서는 아직도 현대그룹은 뻥마력을 하고 있네요 2.0T 중에서도 출력면에서 높은 Q5 과거로 본다면 ATS 이 차종들 역시 6초 초반대 가속을 보여줬습니다 ATS는 고급유 일반유 유무에 따라 큰 편차를 보여주기는 했지만 고급유 환경에서 5.9초인가를 마크하기도 했었고요 다만 현대기아 현재는 2.5T로 300마력이상을 내주고 있기는 해도 제로백 부분은 아쉬움이 큰 것 같습니다.보통의 경우 2.0T 기준 제일 낮은 출력대인 180마력대가 현대기아 255마력대를 커버하고 타사 250~260마력대가 현기 2.5T를 대처하는 만큼 현대는 이 부분에서 더 노력을 해야되겠네요,2
28,차만 번듯한 그런분들은 아니겠죠?? 에서 움찔했습니다..예리하시네요..흑..,39
29,국산차도 리뷰 많이 해주세요. ㅠ,1
30,벤츠 비엠은 몇백킬로씩 몰아봤는데 벤츠는 확실히 편하고 그냥 정말 비행기 타는 느낌이고 할까요 비엠은 정말 달리는 동안 너무 재미있어서 또 타고 싶은 마음이 생기드라고요 안타봤을때도 비엠이 좋았는데 타보니 더욱더 끌리는 모델 기자님의 평가가 높으니 아우디도 한번 타보고 싶군요,1
31,00:05 뭘 띄워줘 ㅋㅋㅋ 역시 멋지십니다!!!,17
32,"지난 비교에서 Q7이 썸머끼고 올라가는거 보고 저 무게, 경사에서 저게 올라가네 했는데그걸 비꼬는 사람이 있을 줄은.. ㅋㅋㅋㅋㅋㅋ",12
33,가장 큰문제는 타사차량보다 수입되면서 코리아만 높은 스프링높이.그래서 승차감이 좋다고 느껴짐.,10
34,"SQ5 멋진 소개 감사합니다.번호판,봉인 녹않나게하는 봉인구어셈블리 라고있네요.",1
35,Q3는 가격대비 너무 별로더군요..역시 오토뷰의 리뷰는 정확하네요Q5도 경험하고 싶네요지인의 Q3는 이걸 사야하나? 라는 의문점이 듬..,1
36,잘봤습니다 ~ 모유튜버 처럼 오로지 지성향에 맞는 특정브랜드차만 무조껀 빨아주는 리뷰어와는 다르군요..앞으로도 객관적인 시각에 리뷰 잘부탁드립니다,1
37,조금 올드한 실내 디자인 빼면 상품성이 갠찮네요 컴팩트급 가솔린 수입 suv,14
38,압축비 9.6:1 이면 일반유 넣어도 되겠는데…,5
39,김피디님 개인적으로 xc60과 어떤 선택을 하실지 궁금합니다,2
40,진짜 통신 모둘과 뒷바퀴편마모 네비 이거 3가지만 잡으면 다시 벰이랑 비빌수 있을듯그리고 비엠 엠 벤츠 에엠쥐 같이 rs도 소비자에게 인식되면 브랜드 선호도 더 올라갈듯 한데.....참고로 저는 아유디 오너 입니다 ㅎ,6
41,역시믿고보는오토뷰,1
42,22년 f-페이스 p250 가솔린 모델 시승예정이 있으실까요? 이 급에 suv는 선택 폭이 크지 않아 선택하기가 쉽지가 않네요,2
43,2개월전 Q7.Q5 둘중에 하나 선택 할려고 햇는대 와이프가 세단쪽으로 가자고 해서 a7안되겟나? 시승해보니 너무 낮고 승차감이 딱딱한편이라 싫타고 a6 50tdi 구매 햇는대 200프로 만족합니다.아우디 Q5는 다음 차로 ㅠㅠ,1
44,오토뷰 예능감 ㅋㅋㅋ,1
45,아무것도 모르고 댓글 쓰는 사람들은 무시하세요. 본인 수준에서 보이는 법이죠.오늘도 잘 보고 갑니다.,15
46,과속방지턱 넘어갈때 승차감도 이야기 해주심 좋겠습니다 평지만 다니면 승차감 안좋은 차가 없으니까요,2
47,실내만 좋았어도..,2
48,진심 구독자 100만기본이어야하는 그런 채널인데 항상 의문입니다.,7
49,저런 차들은 볼때마다 차가 부러운게 아니고 이런 차를 부담없이 타는 사람들의 삶이 부러울뿐임,9
50,"저,,, 스키 슬로프 영상때도 댓글 달았는데,,, 시험용 영상 제작 하실 때는 변수가 제일 중요합니다. 번거롭더라도 동일한 조건으로 테스트 했어야 맞아요.. 여름-콰트로 겨울 팰리, 여름-팰리 겨울 카트로 조합으로요...  콰트로에 겨울타이어 안끼운거는 소비자에게 적절한 정보 전달을 못한건 맞는거 같아요.. 의도했다고 생각하지는 않지만 콰트로 광고처럼 겨울 타이어를 끼우고 슬로프를 역주하는 모습을 보여주지 못한 아쉬움은 큽니다..",2
51,ㅋㅋㅋㅋㅋ 묵직하게 잘 멕이시네 ㅋㅋ,3
52,gv70구매 하였지만 q5가 항상 아른거리네요 ㅠ,21
53,A6 가솔린이랑 마지막까지 고민했는데 네비주변 디자인때문에 Q5포기했습니다;,1
54,x3m도 해주세요~,2
55,패밀리카는 뒷자리에 직접 앉아 리뷰해주시면 좋겠습니다 ㅜ,1
56,항상 감사합니다17년연속 시청자.,8
57,기태형은 이 산길을 누벼야 야생 고라니같이 섹시합니다,12
58,디젤 모델도 리뷰해주실 수 있나요? 어머님이 이번에 계약하시는데디젤모델 리뷰는 진짜 없어서 정도를 모르겠어요 ㅠㅠ,1
59,아우디 as는 비엠에 비해 구린가요? X3 q5고민중입니다,1
60,내비게이션 삼천포 빵터짐ㅋㅋㅋㅋ,3
61,요 정도 차 타시는 분들이라면적어도 본인 차의 마력과 토크는알고 계셔야 합니다!,6
62,SQ5 기대해봅니다,1
63,저희가족들이 멀미에대해 가장 심하고 예민합니다 패밀리 suv를 구입예정인데 x3를 타고 멀미가 나는데 어떤차가 적합할까요??,2
64,팩트))) 2:03 이 부분 아우디와 비슷한 시기에 벤츠 BMW 도 마찬가지로 배기가스 조작 게이트 있었다.,4
65,11:42 형님 ...그런데 반팔? 역시 정력가;,2
66,사람은 하나만 보고 하나만 생각 하는 사람이 있도 또 다른 사람은 하나의 보고 여러방면과 상상을 통해 생각하는 사람이 있습니다. 똑똑한 사람은 후자죠 !,2
67,반자율 주행은 없나요?,1
68,감사합니다 선생님,2
69,작년 9월에 가솔린 프리미엄모댈계약했는데 아직도 미출고 ㅠㅠ인증도안됐네요 22년식이 ㅋㅋ빨리받고싶어요...,2
70,Q5는 아무리봐도 컴팩트 SUV같음.,12
71,경적소리가 안났었는데 저만그런거 아니었나보네요 ㅋ,4
72,q5내부 디자인 언제 풀체인지 될까,1
73,오툐뷰는 광고에대해서 가장 엄격한 채널이죠탑급 자동차 채널도 뒷광고 아직도 존재하고타채널은 앞광고 또한 단점을 배제한 빨아주기만 하죠오토뷰는 최소한 아쉽다는 말은 합니다앞광고 에서 타 채널은 경쟁사와 조작한 비교까지 하는 상황인데오토뷰는 최대한 직접적인 비교는 피하고 있습니다,1
74,"아우디 요새 너무 평가절하 되네... 아우디라는 브랜드의 역사 , 헤리티지,기술이 사라진게 아님 독일 자국민 신뢰도 조사 1위가 아우디야... 왜 메르켈 총리도  자동차의 나라 . 독일에서 아우디 타겠냐.. ㅋ 아우디 차 잘만드는 브랜드임.  사륜 제일 좋아하는 나라에서 상시사륜을 최초로 승용차에 넣어준 브랜드는 오지게 까네 ㅋㅋㅋ",8
75,아우디가 할인 많이 해주니 만만하게 보는 경향들이 있는듯. 그래도 독3사 아우디는 아우디다.ㅋ,13
76,실내가 사골!!,2
77,연비가 빠졌네요. 아쉽,1
78,진짜 다 좋은데 실내 개구형실내 ;;;,7
79,우리나라 사람덜 무조건 내가탄차가 최고라는 자부심 ㅋㅋㅋ 물론 내차도 그렇지만ㅋㅋ,3
80,오토뷰는 건들지마라 ㅎ.ㅎ/,2
81,ㅋㅋㅋㅋㅋㅋㅋㅋㅋㅋㅋㅋㅋㅋㅋㅋ 차만 번듯한 카푸어들이 부들거리면서 댓글단듯ㅋㅋㅋㅋㅋ 인생갈아넣어 유지도 버거운 자기차를 욕되게했으니 ㅋㅋㅋㅋㅋㅋ,10
82,기태형님이 그렇다 하면 그런 것이다.,3
83,sq5 리뷰도 부탁드림,1
84,무지성으로 빠는 분들이 까를 만든다. 영상이나 제대로보고 댓글을 달지 ㅉㅉ잘보겠습니다~ 오토뷰 항상응원합니다,12
85,클럽 아우디 ㅋㅋㅋ,1
86,이 추위에 반팔이라뇨 ㅎㅎ,1
87,근데 현대 산타페가 베낀건가 왜케 이미지가 똑같아,1
88,감사합니다.,2
89,네비 사제로 단거 같은데,2
90,,3
91,잘보고갑니다,1
92,M2리뷰 해주시면 안돼나요?,1
93,이번엔 뼈 좀 때리시네,1
94,대놓고 브랜드 이미지 망이라고 하네 ㅡㅜ,1
95,댓글로 열폭한 사람들은 그냥 4050쳐먹고 전재산이 아우디q7하나라서 그런거죠 뭐ㅋㅋ오죽하면 그러것어요,2
96,아직도 기태형 긴팔 안사주셨나요?,1
97,전륜기반 콰트로가...걸리네요,1
98,2.0 suv 6초  ~,6
99,물건에 감정이입 하는거 자존감 떨어진다는건데 ㅋㅋ,5
100,글쎄요 여름 타이어는 나중에 번외로 말한다 쳐도 비교 하는 영상이면 둘이 똑같은 조건으로 하는게 마자요.. 어느 누가 비교를 다른 조건으로 합니까.. 앞으로 비교 하실려면 똑같은 조건을 얼마나 마추었는지 생각하고 영상 내보네는게 좋을 듯 합니다.,1
101,3등! 제차네요!,5
102,새 대가리 헤드램프 디자인은 필이 망한다. 역사가 증명함.,1
103,김선웅님 목소리는 이제 들을수 없는거에요?,1
104,기태형이 그렇다면 그런것이다,9
105,실내가 진짜 용서가 안된다 틀딱차 그 자체,1
106,형 카톡 105개 읽어!!!!,1
107,모발모발,1
108,2등,4
109,3등,3
110,ㅅㅂㄴㅅㅋ,2
111,외관은 2010년대 밋밋한 디자인에실내는 국산 소형 suv 풀옵 보다 못하네ㅉ ㅉ,3
112,아우디가  언제부터  고급차에요?개  쓰레기  양아치  브랜드지,2
113,나가있어,1
114,압대가리가  완전렉스턴하고  거의  똑같이  생겼네요.. 개똥,1
115,동그라미 4개만 없다면 현대차인줄...,4
116,아니 앞 엄청 무거운차를 이렇게 칭찬한다고?̑̈x3 타봐야 아는데 알류미늄에 무게배분 5:5,5
117,"11월 아우디 프로모션https://youtu.be/COA_LB01cx8Q5 45TFSI quattro Premium 시승기https://youtu.be/7YMoylg4rIwQ8 55TFSI quattro Premium 시승기https://youtu.be/HopHxLEvLQw00:04 인사말00:26 외관 디자인01:49 실내 디자인 및 구성04:01 편의사양06:47 파워트레인07:31 파워트레인 성능09:50 핸들링 및 코너링11:09 정숙성 및 승차감12:25 연비13:03 장단점차,또바기 후원https://www.youtube.com/channel/UCa9H_LYm3uVYwMcYHHma8Xg/join",1
118,실내의 촌스러움을 버틸수 있다고승차감이 매우 좋은 차군요~~,6
119,잘 보고갑니다혹시 헤드램프에 어댑티브 기능도 내장되어있을까요?,5
120,5:09 에 나오는 헤드업 디스플레이는 어떤 차종인가요?,6
121,하 저 센터페시아 모니터는 진짜 빅뱅 전성기때 생각나네,47
122,문 한번 열어보세요 동급대비 제일 든든합니다,8
123,안드로이드 지원은 안되나보군요?,1
124,"x3 x4는 30i가 없어서,,",3
125,아무리 그래도 저실내는   용납이 안된다,8
126,공인연비 17.2 아닌데요?,1
127,네비랑 센터페시아가ㅠㅠ,1
128,아우디는 양심이 있으면 풀체인지좀해라.  2021년에 내부 인테리어 저거 누가사고싶겠냐,12
129,실내 ㅋㅋ,1
130,정말 차가 아무리 좋아도 도저히 못타겠다 ㅋㅋㅋㅋ 바깥 보고 탈 것도 아니고 눈에는 내부만 들어오는건데,2
131,1등,2
132,첫 수입차가 c8 a6였는데 국산차타다가 아우디를 처음 탔을때 느낌은 스티어링 가벼움이나 승차감 포함 현기차와 많이 비슷하다는 느낌이었음.다만 고속주행에서 현기차 불안한 느낌은 전혀 없었음.국산차 컴포트한 승차감에 익숙하신분들은아우디 실망 할일 없다고 봅니다,54
133,"저도 q5의 승차감은 괜찮다고 생각합니다만,  진짜 변속기는 아쉬웠습니다. 저단으로 내릴때 반박자 느린 느낌은 짜증이 났었습니다. 페리버전은 다를수 있겠지만, 20년식을 타고다녔었던 느낌은 아쉽다는게 컸습니다. ㅠ",5
134,Q5 페리전에 5000초중반까지 후려쳐 팔았었는데 옵션은 좀 구렸어도 서뷰 hud 다 있었고 그때가 진짜 극 가성비 였던듯 실내는 모니터 말고 바뀐거도 없고...,93
135,"q5 프리미엄 오너입니다. 차 좋아요. glc타던 후배도 시승같이 해보고 넘어왔습니다. 큰 불편함은 없어요. 고질적 통신모듈 불량이 문제간 한데 나머지는 모두 만족스럽습니다. 색상도 디스트릭트 그린인데 공도에 차가 별로 없으니 유니크한 맛도 있고요. 동급 차량 원하신다면 시승 한 번 해보세요. 생각이 달라지실 겁니다. 실내도 올드하다 하는데, 뭐 그건 생각 차이라 전 오히려 마음에 듭니다.",7
136,뒷자리 리클라이닝 단수는 중요하지않지만 각도가 너무 아쉽다고 생각이 들어요하지만 슬라이딩 기능은 좋더라고요,7
137,A6 Q5 고민하다가 A6로 선택하게 되었는데 저도 정말 대시보드는 참을수 없었습니다.Q5판매량이 낮은 이유는 딱 그놈에 우레탄 대시보드가 아닐까 생각합니다.,1
138,끝에 NG영상 ㅎㅎㅎㅎㅎㅎㅎㅎㅎㅎ숙제 영상은 숙제다.명확히 이야기해주는 모트라인이 좋다는!!!!(구석에 유로광고만 작게 잠시 붙이고 이게 리뷰인지 숙제인지 구분도 안되는수많은 곳보다는....  이게 맞음)숙제로 좋은정보와 진솔 차리뷰 잘 보고 갑니다.,16
139,Gv70 디자인이 진짜 잘나오긴했구나,57
140,"오랫동안 거의 매일 Q5를 몰아본 평을 하자면,1. 데일리카로는 경쟁차중에 정말 좋습니다. (스포티한 느낌을 찾으시는 분 있는데 여기서 그런 거 찾으실 거면 그냥 마칸s+이나 718로 가시는 것을 추천드립니다. 특히 깡통 718이면 충분히 여기서 얼마 더 지불하지 않고 구매하실 수 있습니다.)2. 특히 페리전에는 가성비 완전 갑이였습니다. 지금은 그런면이 적어졌지만 독3사중 필수 옵션을 포함하면 여전히 가성비는 괜찮다고 봅니다.3. 이미 모트라인 사장님이 거의 다 언급하셔서 제가 할말이 없긴하지만, 일반인 기준으로 일반 도로와 고속도로에서 합법적인 주행아래 정말 좋습니다. 이런 차로 서킷을 가실거면 아니면 그런 운전을 하실 거면.... sq5로 사셔도 부족합니다. 4인가족 패밀리카면서 운전 재미를 좀 준다고 생각하시면 좋을 것 같습니다. 마칸 s나 gts 사셔도 서킷은....영상에서 언급이 안된 최악의 단점 2가지1. 뒷자석 중간이 올라와 있어서 ( 8:50 에 살짝 나옴) 성인 또는 청소년 3명이 뒷자석에 타면 정말 불편합니다. 이건 마칸도 동일한 문제이긴 한데 솔직히 아우디/포르쉐 브랜드를 생각하면 용납하기 어려운 단점....2. 트렁크 공간이 x3만 못합니다. 약간 쿠페식 같은 느낌을 주려한 디자인때문에 적재공간이 넒어보여도 실제로 많이 적재 되지 않습니다. 말하기 애매모호하기 불편하고 2열자석을 앞으로 당겨서 큰 물건 또는 많은 물건을 적재하게 됩니다. 결국 2열자석은 엄청 비좁아 불편하게 됩니다. 총평을 하자면,이 등급에 외제차 가성비 따지면 Q5,여유가 있고 제가 언급한 단점을 피한다면 X5Q5에 스포티함을 꼭 (조금이라도) 가져야 겠다 마칸S 또는 GTS스포티함을 꼭 가져야 겠다.... 그럼 그냥 다른 차를 알아보세요.*물론 GV70보다는 스포티하긴 합니다",21
141,모터쇼에서 시승해보고 미친듯이 부드럽고 승차감이 좋아서 놀랬던 기억이 있음.,2
142,1세대 8R q5타는데 동급이랑 비교해봐도 엄청 하드하던데 2세대는 부드럽게 세팅되었나 보네요,1
143,x3 20i보단 훨씬 출력이 좋지않나..,3
144,ㅋㅋㅋㅋ ㅋㅋㅋㅋ 이형 이젠 즐기네ㅋㅋㅋ,98
145,우리나라 사람들 성향과 가장 잘 맞는 독일차는 확실히 아우디인듯,22
146,A6는 정말 가성비 좋은차 같습니다 ㅎㅎ,5
147,이형은 진짜 참 유튜버야 굿굿,5
148,아우디는 단단하면서 부드럽고 고급스러운 승차감은 최고,15
149,중간중간 나오는 Gv70이 이쁘긴하네,53
150,A6 c7 페리 오너입니다핸들 진짜 가볍습니다근데 속도 올라가면 무거워지더라구요 ㅋㅋ아니면 다이나믹 모드 해놔도 핸들 무거워집니다그래서 미션은 승차감모드 스티어링은 다이나믹 모드 해두고 다닙니다 ㅋㅋ,1
151,드디어 q5리뷰하셨네요. 와근데 성로형 q5 전고보다 크네요?,1
152,그랜저 티지... 텅텅 허당스러운 느낌의 가벼움....그걸 아네....좋아요 꾹.....,5
153,"기본모델 a,q는 극강의 컴포트로 가는게 맞지s나 sq 타면 약간매운맛 rs타면 미친매운맛이렇게 명확한 3가지 느낌을 주는 아우디가 좋다",10
154,저 이번 아우디 평택에디션을 가양전시장에서 a6 45tdi 출고했는데 정말 한번쯤 전시장 가보시는걸 추천합니다.,2
155,ㅋㅋㅋㅋㅋㅋㅋ 처음부터 빵터지게 만드네 ㅋㅋㅋㅋㅋㅋㅋㅋㅋㅋㅋㅋ 문열고 들어갈때 손잡이에 매달리는 손ㅋㅋㅋㅋㅋㅋㅋㅋㅋ 미치겠다 ㅋㅋㅋㅋㅋㅋㅋ,16
156,아우디가 디젤 게이트 이후로 진짜 맛탱이가 갔구나…,12
157,실내 인테리어가 프리미엄 브랜드라고 하기엔 애매함 괜히 할인 많이 들어가는게 아닌듯,2
158,앞부분에 SUV랑 같이 서계시는데 새삼 정말 작...  아닙니다. 성로형 파이팅.,1
159,와아....현기차 스티어링 가볍다고 장남감 같다고 엄청 까이는데..아우디가 그렇다니..악플 많이 달리겟네요....,4
160,ㅋㅋㅋㅋㅋㅋ 너무 재밌어요. CLS300D 도 한번 리뷰해주시면 안될까요!? 정보가 너무 없어요ㅠ,4
161,그래도...나라면 gv70,20
162,아우디에 단 하나의 단점 차를 구매하면 제작하고나서 인도 받는게 아니라 아우디에서 아무렇게 만들고 내가 주문한 차량과 같은 차량이 제작될 때 차를 인도 받을 수 있는 개 같은 시스템임,4
163,판교 160팀장에겐 101은 너무 작은 숫자인듯..,2
164,미션만 q7 q8처럼 zf8단 넣어주라 ㅜㅜ 실내가 더 구려도 살 생각있는데.,5
165,윤성로님 졸귀 ㅋㅋㅋㅋㅋ,5
166,Gv70이 진짜 잘나온거네,2
167,역시 판교160팀장님 ㅎㅎ,2
168,이거를 보고 프리미엄 사라는 태안의 숨은 의도,8
169,근데 인테리어 실화냐 ......ㅠㅠ,3
170,24:46 우레타!ㅋㅋㅋㅋ 새로운 소제 인가요??ㅋㅋ오타 있어용~~ㅎㅎㅎㅎ오늘도 잘 보고 갑니다!!^^,5
171,나는 기다린다..아우디다 물고뜯겨서 독3사중 하따리 취급받고 판매안되서 물량 쌓엿을때 폭탄세일을 ㅋㅋㅋ,3
172,00:16 이전까진 꽁트구나 했는데 실제키보고 엄청 놀랐네 ㅋㅋㅋ,1
173,유튜브에서 사실상 정상적인 사고방식을 가진 사람중 한명. 늘 똥파리들 상대하느라 스트레스가 많을 것 같음.,1
174,27:23 판교160 고객님의 시선을 맞춰드립니다,3
175,0:02 ㅋㅋㅋㅋㅋㅋㅋㅋㅋㅋㅋㅋㅋㅋㅋㅋㅋㅋㅋㅋㅋㅋㅋㅋㅋㅋㅋㅋㅋㅋㅋㅋㅋㅋㅋㅋㅋㅋㅋ 와 진짜 생각없이 누르자마자 뿜었다,5
176,Q5가 저급 베스트셀링카이긴 합니다,4
177,"작년 10월에 gv70 3.5 타다가 얼마전 결함으로 처리하고 21년식 q5 prestige로 넘어왔는데, 솔직히 실내 디자인이랑 내장재는 gv70 압승입니다. 하지만 핸들링이나 변속 속도&체결감, 코너링 등 기본적인 주행질감에서 저는 개인적으로 Q5 압승인것같네요. 장단점이 있지만 Q5 오고나서 한번도 후회하진 않았습니다!",9
178,아우디 사실려는 분들은 물량 쌓일 때까지 기다렸다가 폭탄 할인 받을 수 있을듯....아우디 사려는 사람들이 아이오닉5나 테슬라 많이 샀을 테니까 ㅋ,7
179,Q5 가 우리나라 출시가 됐었군요 처음 알았네 -_-;;,2
180,형님 아우디sq5디젤은 어떤가요??너무 궁금합니다 ㅠㅠ,1
181,페리된 cls450도 리뷰해주세요!!,3
182,인트로 개그인줄 알았는데 큐오 옆에 선거 보니 다큐네 ㄷ ㄷ ㄷ ㄷ ㄷ ㄷ ㄷ ㄷ ㄷ,5
183,자막으로 신발 가리니까 진짜 더 작아보여요... 편집팀에 암살자가 있다!,6
184,"풀체인지가 시급해 보인다,,,,실내가 말이 안나온다",15
185,101마리 ㅋㅋㅋㅋ이번것두 좋은 컨텐츠네요^^,2
186,반도체 땜시 아우디 득봤지 예전엔 신차도 얼마 안지나 할인 이빠이였는데 이젠 별루 읎어,4
187,제대로 멕여따 ㅋㅋㅋㅋㅋㅋㅋ,1
188,민창이 잘생겼다ㅏㅏ,1
189,이쁘긴 하다. 근데 요새 전기차들 우후죽순 이쁘장하게 나온거 보고 나니까 감흥이 없네 이제 아우디도,1
190,결혼하고 살이 잘 오르고 있네요 ㅋㅋ보기 좋습니다,4
191,인트로부터 터지고갑니다..ㅋㅋㅋㅋㅋ,11
192,안타본 사람들이 독일차 까지 제네시스 현기랑은  주행질감 기본기 차원이 다르다,7
193,뒷자석 리클라이닝있다없으면 개불편 ㅋㅋ,1
194,q5광고인줄 알았지만 gv70광고였던...ㅋㅋㅋ gv70만세~~,2
195,X3 20i 살바엔 q5 프리미엄사는게 나은것같음 둘다 시승해봤는데 20i 답답해 미침,2
196,G70이네. 그래도 디자인은 x3보다 훨 낫네요,7
197,그래서  이형은 프리미엄 필요없다~,1
198,센터콘솔 기어봉앞에 수납함 조그빠지고 생긴거아닌가 ㄷㄷㄷ,1
199,차기 큰건가? 아니믄 성로형이....,6
200,좋은 차인데 차가 안나와서 킹받음.,1
201,ㅋㅋㅋㅋㅋ인트로존나웃기넼ㅋㅋㅋㅋㅋㅋㅋㅋㅋㅋㅋㅋ,5
202,속도 모자이크 안됬는데 괜찮은건가 ?,1
203,모트라인보면 Q5 안사고 glc x3사지 ㅋㅋ 나도 형방송보고 x3샀어,4
204,전시장 문열때 유치원생이 문여는줄ㅋㅋㅋㅋㅋㅋ,1
205,dct 진짜 혐오하는데 아우디 dsg는 정말 꿀렁임 없나요? 현대기아만 타봐서 몰라서요,4
206,GV80대응...임 체급이,1
207,태안모터스 저 맛에 협찬하는걸지도 몰라..,1
208,Q5 디스플레이가 아직도 저 수납식 화면임??? Q7은 이미 바뀌었는데 쟤는 왜 예전 방식 그대로지??? 레트로 감성 지리네,1
209,차가 뭔가 성로형보다 낮으니까 차의 크기가 한 베뉴 정도인가 한참 생각했다,6
210,서비스센터좀 늘려라 시붸라 그마이 팔랐으면 정비센터가 광역시 빼고 ㅈㄴ 없어,4
211,이젠 독일의 어떤브랜드도 디자인은 논하지 않기로 했다 그나물에 그밥이니 누가더 못생겼나 대회도 아니고 ㅋㅋㅋㅋㅋ덕분에 아우디만 아우 아니고 형님소리 들을판이네 ㅋㅋㅋ,1
212,0:27  너무 귀여우셔 ㅋㅋㅋㅋㅋㅋㅋ,2
213,저급은 gv70,11
214,작고 귀여운 앵그리 햄찌 성로형님,1
215,인트로 ㅁㅊ ㅋㅋㅋㅋㅋㅋㅋㅋㅋㅋㅋㅋㅋㅋㅋㅋㅋㅋㅋㅋㅋㅋㅋㅋㅋㅋㅋㅋㅋㅋㅋㅋㅋㅋ,1
216,모트라인 개좋아,1
217,2:11 맨 왼쪽 아반떼 AD인줄,5
218,한동안 야스킹이랑 놀더니 인트로마저도 야스킹 스러워짐ㅋㅋㅋ,2
219,클라이언트가 보는 앞에서 숙제 & 리뷰... 어색하다 형 ㅋㅋㅋㅋㅋㅋㅋㅋ컴포트 트림 보통 같으면 아우이 이 ㄱㅅㄲ들 6천만원짜리 차에 어쩌구저쩌구 했을텐데 ㅋㅋㅋㅋㅋㅋ,1
220,핸들에 기스있네 ㅋ,1
221,마지막 개웃기네 ㅋㅋㅋㅋㅋㅋㅋㅋㅋㅋㅋㅋ,1
222,하필 시승을 깡통으로 하네 ㅋㅋㅋㅋㅋㅋㅋㅋㅋㅋㅋ,1
223,"7천만원이 가성비라....,...걍 비싼거아님?",2
224,아우디 기함 Q8,2
225,인트로 ㅋㅋㅋㅋㅋㅋㅋㅋㅋㅋㅋㅋㅋㅋㅋㅋㅋㅋㅋㅋㅋㅋㅋㅋㅋㅋㅋㅋㅋㅋㅋㅋㅋㅋㅋㅋㅋㅋㅋ뭐야 저게에서 피식햇네 ㅋㅋㅋㅋ,1
226,대표님 살이 많이 찌신듯 합니다 갑자기 후덕해보이죠 ^^;;; 좋은 영상 감사합니다~~~,2
227,내장 진짜 심각하다 ㅋㅋㅋㅋㅋ,2
228,양쪽에 q5두고 가운데 윤성로님 있으니까 차 되게 커보이네요,1
229,예전에 보야르원정대? 생각나는건 나뿐인가?,1
230,Q5 차고가 높은거야  성로가 작은거야ㅡㅡ,1
231,형 다이어트가 시급해보여,1
232,근데 이분은 키가 몇이에요..?,2
233,뭐지 오늘 진짜 작이보인다..,1
234,광고주 컨펌 났대 ㅋㅋㅋ 우파님이 조언해주셨나봐요,1
235,선생님언뜻 봐서에스컬레이드인줄 알았습니다ㅜㅜ,1
236,4년전 투싼 닮음,1
237,0:09 걸리버여행기냐곸ㅋㅋㅋㅋㅋㅋ,4
238,오타있네요 차크기가 딱봐도 Q5 가아니라 Q7,2
239,실내 꼬라지 보면 절대 가성비라고하면 안돼죠..,2
240,NG컷 ㅋㅋㅋ,1
241,00:51 와.. 인트로가 머리에 박혀서 긍가 겁나 작아보여....,1
242,머리통 반토막 ㅋㅋㅋㅋㅋㅋㅋㅋㅋㅋㅋㅋㅋ,1
243,엄청나게 귀엽네...,1
244,인트로 ㅋㅋㅋㅋㅋㅋㅋㅋㅋㅋ,1
245,인트로가 기가막혀서 인트로만 보고 나가요~,1
246,아우디 직원이 뭔 현기랑 짬짜미 하냐고 ㅋㅋㅋㅋㅋ,2
247,형 오늘 목 상태가 안좋아보이네..,1
248,ㅋㅋㅋㅋㅋㅋㅋㅋㅋㅋ 미챳다,1
249,아닠ㅋㅋㅋ 카메라 앵글문제임? 평소보다 더 작아진거같애,1
250,통통해 졌네,1
251,인트로 보려고 들어왔습니다,1
252,인트로 ㅋㅋㅋㅋㅋ,2
253,몬 차에 가성비야 ㅋㅋ  싸면싼 이유가 있는게  차다.   몆천짜리 사면서 가성비 어쩌구 하는 애들보면 진짜 우동사리도 아니고 ㅋㅋ,1
254,좃구린 구형 실내 언제까지 팔아먹는건가. 아 진짜 눈물나오네.,1
255,오늘따라 많이 짧아보이는듯?,1
256,ㅋㅋ 잇섭식 오프닝,2
257,인트로 ㅋㅋ,1
258,인트로 구성이 ㅇ~~이~~이~~ㅅ 썹님꺼 같음  ㅎㅎㅎ;,1
259,11:40 그냥 대놓고 무시한거 같은데,1
260,ㅋㅋㅋㅋㅋㅋㅋㅋㅋㅋ,1
261,문 손잡이가 높은건가 앵그리 윤이 작은? 건가 ㅋㅋㅋㅋ,1
262,살 좀 쪗네 턱이 후덕해졌성 ㅎㅎ,1
263,성로씨 마스크 머예요 이쁜데여,1
264,아이참...옷을 그렇게 입으니까 더 작아보이잖아...,1
265,뭐긴 뭐야 밤톨이지,2
266,머걍 저게? ㅋㅋㅋㅋㅋㅋㅋㅋㅋㅋㅋㅋㅋㅋㅋㅋㅋㅋㅋㅋㅋㅋㅋㅋㅋㅋㅋㅋㅋㅋㅋㅋㅋㅋㅋㅋㅋㅋㅋㅋㅋㅋㅋㅋㅋ,1
267,아담하기는 하네,1
268,차 리뷰어는 몸이 작아야 합니다. 몰타던 처가 넓어보임,1
269,뭐야 저게ㅋㅋㅋㅋㅋㅋㅋㅋㅋㅋㅋㅋㅋㅋㅋㅋㅋㅋㅋㅋㅋㅋㅋㅋ,1
270,,1
271,왜 자꾸 턱살만 보이지~ㅋㅋ,1
272,ㅋㅋㅋㅋㅋㅋㅋㅋㅋㅋㅋㅋㅋㅋㅋㅋ,1
273,해외거주 20년형 마일드하브 차주입니다x3왜안샀냐 - 시승해보고 패밀리용으로 q5가 더좋게느껴졌으니까.xc60도 같은 전륜인데 - 차알못과 말 안섞습니다glc사는데 돈부족했냐 - 아니라고 ㅆㅂ 여긴 가격 비슷하다고!여기까지 대답하면 벤츠놔두고 아우디산 ㅂㅅ으로 취급하네요....q5 좋은차에요ㅠㅠ 시승해보고 까주세요,4
274,철구 닮았네,1
275,8:08 까꿍!,1
276,팔 너무 짧은거아냐? 5자 들어가나?,1
277,무게 로 구독자들이 난리 칠땐 아주 극딜을 놓더니 광고 놓으면 똥꼬 닳도록 빨아주는구나,1
278,성로형 살쪘다?,2
279,디그다,1
280,ㅋㅋㅋㅋㅋㅋㄱㅋㅋ 오프닝 영상 ㅅㅂ,2
281,차 구경좀 하고싶은데  말투때문에  오래보기가 힘드네..,1
282,그래서 X3 사라는 말이죠?,1
283,(화를),2
284,존노잼 아재드립 적당히 하고 팩트만 간결하게 전달해라 쫌,1
285,침팬치 한마리,2
286,"상품성 진짜 ㅋㅋㅋ그냥 gv70, x3, glc 사세요",3
287,광고 ㄲㅈ,1
288,작다 작다 하시길래 적당히 작으 시겠지 진짜 작으시네 ㅋㅋㅋㅋㅋ,1
289,목소리가 많이 잠겼네요 속초티비 휴유증일까요?,1
290,Overpriced,1
291,아우디는 비엠 벤츠 안타본 사람들이나 사셈 진짜 별거없음,1
292,웅 별로다,1
293,꼴보기 실타,1
294,아우디 존못...,2
295,"안녕하세요 인터뷰에 출연한Q5 차주입니다!열심히 촬영해주시고 멋진 결과물을 만들어주신 피디님과 편안한 촬영 진행에 힘써주신 서우토반님께 감사의 말씀을 드립니다촬영을 하기 전에, 제 차량의 장단점에 대해 보다 폭 넓게 설명하고자 준비해간 답변이 있었지만 카메라 앞에서 긴장을 해서 그런지 완벽하게 마무리 지은 것 같지 못 해서 아쉬운 마음입니다.그래도 시청하시는 구독자 분들과 예비 차주님들께 미약하지만 도움이 될 수 있다면 좋겠습니다.영상에서 설명드린 장점 중, 내용이 길어질 것 같아 줄였지만 제가 서비스센터의 대하여 언급한 이유는 이렇습니다.그간 제가 경험했던 국산 및 수입 자동차 A/S 처리 과정에서 어떤 문제 제기를 했을 때 웬만한 문제들은 다 정상이고 보증에 반영할 수 없고 원래 그렇다 라는 말만 되풀이 하는 응대에 언성을 높혀 차주가 해당 증상을 재현시켜주고 본사에 클레임을 제기하면 그제서야 처리해주는 방식에 질려 피로감이 쌓여 있었습니다.하지만 제가 출고한 딜러사의 서비스센터에 담당 어드바이저님은 앞선 선례의 기우와는 다르게 수입차 어드바이저 경험도 많으시고 앞서 문의드린 차량의 개선이 필요한 사소한 부분들에 대하여 제가 잊어버려도 본인이 전부 다 기억해주시고 하나씩 정리해주셨습니다.혹, 작업이 당일 마무리가 되지 못하게 된다면 추후 가장 빠른 일정을 선점해주시려는 모습을 보고 5년/15만km 의 넉넉한 보증기간과 더불어 든든한 지원군을 얻은 것 같아 향후에 제 차량을 운용하는데 있어 큰 스트레스 없이 지낼 것 같아 언급한 내용들이오니 영상 시청에 참고해주시면 감사하겠습니다 제가 기대를 하지 않고 구입을 해서 그런지 제 차는 타면 탈수록 주행성능과 승차감에서 보여주는 기대이사이 모습에 놀라고 만족하며 생각했던 것보다 오래 탈만한 차라고 생각합니다.적어도 보여지는 겉만 번지르르하고 겪어볼수록 처음의 기대감보다 나중의 실망감이 커지는 자동차는 아닌 것 같아요.물론 옵션은 많으면 물론 좋지만 사실 타다보면 늘 사용하는 옵션만 쓰고 나머진 쓸 일이 별로 없었거든요 ㅎㅎ 그냥 자동차보다 전자기계라고 봐도 무방할 것 같은 요즘 국산,수입 SUV들 중에서 조작함에 있어서 딱 들어맞는 체결감과 기계적인 완성도의 인상이 깊은 차인 것 같습니다. 또한 반도체 이슈로 인해 빠진 옵션들이 그닥 저에게 크게 와닿지 않았는데요,usb 케이블을 이용해서 애플 카플레이 실행 및 충전을 할 수 있고(wifi 무선 연결도 됩니다!)핸들 위치 조정은 한번 맞춰놓으면 건드릴 일이 거의 없더라구요.. 승차감은 휠 인치 수가 적을수록 좋기 때문에 컴포트 트림의 19인치에 만족했고 디자인도 나쁘지 않아서 좋습니다.그리고 현행 판매중인 A6, Q7, Q8 etron 등 대부분은 센터페시아 인판넬 전부 다 터치패널로 이루어져 있는데다가 네비게이션 화면은 송풍구 아래에 위치해서 주행 중에 화면을 보려면 시선이 아래로 가는데 Q5는 비교적 눈높이와 수평으로 맞춰지는 위치에 화면이 있어서 조작하고 보기 편합니다.공조장치도 버튼식으로 정렬되어 있는 덕분에 개인적으론 터치 패드 구성보다 아날로그 방식이 더 좋은 것 같아요.과거 mmi 터치패드가 있던 공간이 빠지면서 수납공간이 생긴 덕분에 수납공간은 오히려 Q7, Q8보다 나은 편이구요.아우디를 처음 경험해보며 느낀 생각은 결코 평가절하 될만한 브랜드가 아니라는 것입니다.엠블럼과 브랜드 네임 밸류을 수평적으로 맞춘 상태로 차만 놓고 본다면 두루두루 참 만족스러운 차를 잘 샀다 싶은 생각이예요.유행을 쫓지 않고 각자 차를 볼때 요구하는 내가 가장 중요하게 생각하게 보는게 무엇일까 고민하고 결정을 내린다면 주변에 휘둘리지 않는 현명한 선택을 내리지 않을까 싶네요 :)+상대적으로 빠진 옵션(2c5+pao)에 그리 치명적인 타격감은 없으니 이 차 사세요 정말 좋습니다 :)감사합니다 ",29
296,"차주님이 차분하시고 꼼꼼하신것 같습니다. 저도 Q5를 1년간 탔기때문에 대부분 공감합니다. 저는 잡소리때문에 스트레스가 많았는데 센터에서 못잡았었고, 미션이 정말 ... 90년대처럼 느렸던게 기억이 납니다. 늘 안전운전하시고 오래오래 좋은차량타시길!",4
297,"프리미엄 차주입니다. 그린 컬러에 마음을 빼앗겨 사게 되었지만, 모든 면에서 만족스럽습니다. 전 전동 스티어링과 무선 카플레이 모두 되는 풀옵션 차량입니다. 왜 아우디가 저평가 받을까 하는 마음도 있지만, 때문에 거리에 차가 많이 보이지 않아 만족스러운 역설스러운 그런 마음도 있네요.한 번 시승들 해보세요.",3
298,아 선루프 닫히는 부분 영상미가 완벽해서 빵터졌네요 ㅋㅋㅋㅋ Q5 모터쇼에서 시승해봤는데 아직도 그 승차감이 잊혀지지가 않습니다. 정말 최고였어요.,8
299,"21년식 Q5 45 TFSI 콰트로 프리미엄 타고있습니다.  후방카메라 워셔액은 생각도 못했던 기능이었습니다차주님께서 장,단점을 정말 명확하게 설명해주셨네요너무 만족하면서 타고있습니다. 옵션을 생각하신다면 컴포트모델보다는 프리미엄모델을 선택하시면 HUD, 통풍시트, 반자율주행, 360도 어라운드뷰 등등 선호옵션 모두 들어가있어서 충분히 만족하실거구요개인적으로 정말 만족스러운 부분은 야간 가로등없는 국도주행할때 시속 60km 이상에서 켜지는 매트릭스 LED 라이트입니다. 마지막으로 차량 기본기가 진짜 너무너무 훌륭하다고 생각합니다",12
300,"시승해보고 승차감, 거동성능 넘 좋아서 깜짝 놀랐습니다. 옵션은 조금 아쉬웠어요",6
301,진짜 서우토반 방송보면서 느끼는건데진짜 사람  다 다르다..이렇게 까지 디테일 하게도 보는구나 차를..나는 차를 진짜 대충보는구나 ㅋㅋ ,9
302,Q5 X3를 두고 끝까지 고민하다가 X3를 선택했지만 Q5 분명히 좋은 차라고 생각합니다.영상의 차주님의 모델보다 윗등급은 옵션도 웬만해서 있을꺼 다 있고 또 출력도 X3보단 좋습니다.다만 센터에 화면이 저는 도저히 용납이 안되더라구욬ㅋㅋㅋㅋㅋㅋ가끔 Q5선택했으면 어땠을까하는 생각도 많이하는데ㅎㅎ 영상보니 반갑고 그러네요ㅋㅋ,4
303,옵션 생각하면 무조건 프리미엄,1
304,전동핸들은 좀 많이아쉬우실듯요 시동껏을때 핸들살짝 올려주는거 은근 꿀인디 ㅎㅎ..,2
305,아우디 브랜드 파워 충분하다 생각합니다 ㅎㅎ,1
306,저 출력에 저 덩친데가솔린에 고속 15키로면 연비도잡고 디자인도 잡고..진짜 가성비 끝판왕,4
307,디자인 인정합니다,3
308,감사합니다차량 선택에 큰 도움되었어요,1
309,미국에 살아서 Q5 45tfsi prestige 모델을 운행중인데 완전 만족하고있네요~ 한국에서는 아우디 브랜드 이미지도 안좋고 오히려 제네시스보다 아래로 보던데.. 이미지랑 상관없이 차는 정말 좋은 것 같습니다. 코너링이나 가속시 변속감 정말 최고네요 ㅋㅋ추가) 프레스티지 모델이라 거의 다 옵션이 있는데 그중에서 서라운드뷰 카메라 왜곡이 심한게 단점..,1
310,말씀 너무 잘하시네요! 아우디 정말 좋은거같아요!,2
311,Q5 디자인 너무 예쁘더라구요~~,8
312,q5 는 무조건 프리미엄 가셔야 ...,1
313,꼭 보고싶던후기입니다. 감사합니다,2
314,프리미엄이 아니고 컴포트라 hud acc가 없는거인데 인터뷰만 보면 q5 자체에 그 옵션이 없는줄..,11
315,그래도 아우디는 옵션빠지는  항목이 없어도 크게 아쉽지않은것만 빠지네 bmw는 어라운드뷰를 왜 빼냐 ㅠㅠ,1
316,반자율은 신세계 옵션,1
317,마력좀 포기하면 bmw보다 연비좋고 그럴거임Bm이랑 20마력차이나니까 대신 bmw가 더비쌈 X3기준,1
318,7:45와.. 후방카메라 워셔액..이거 진짜 좋은기술이네요,9
319,SQ5 TFSI 차주입니다차량 리뷰 잘 보고 갑니다,4
320,승차감은 나쁘지 않은데 최대 단점 nf소나타보다 후진 실내 인테리어 그리고 옵션,1
321,보다가 썬루프 닫히는 속도보고 엄청 웃었네요 ㅋㅋㅋㅋ 왜이리 여유로워,4
322,대차로 한달탔는데 이틀째 네비블루투스 죄다 먹통되서 계기판에 폰얹어서 탔음 근데도 차 안바꿨음 차는 잘나가고 매트릭스led너무이뻐서 계속 탔음,4
323,옵션 좀 많이 아쉽네요. 페리전에 똑같은모델(모니터 터치만 안되는거) 프로모션하면 5000초반에도 구입가능했었음.,2
324,실내만 빼면 진짜 사고싶다 ㅜ,4
325,발음좋고 목소리좋고 정확한 전달력 좋고잠자기전에 듣기 정말 좋네요,2
326,근데 리콜통지를 받았는데 기타장치(게이트웨이 컨트롤유닛 보호커버)이거혹시 중요한가요?,5
327,차주분 말하시는게 아나운서톤인거같은 차분한..,2
328,13:34 아 차주분 곁눈으로 눈치보는거 왜케 웃기지?ㅋㅋㅋㅋㅋㅋㅋㅋㅋ보다 빵 터졋네,2
329,아우디 차 좋습니다~,3
330,선루프:양반은 뛰는 않는 법이야!!,2
331,아우디 서비스센터 직원은 그냥 친절한 사람만 뽑아놓은건가..,4
332,저는 Q5 45TFSI 콰트로 프리미엄을 타고있습니다 너무 좋아요 ㅎㅎ 저의 꿈의차여서 너무 만족 합니다,2
333,밥먹다가 선루프 닫히는거 보고 뿜었네요..,2
334,장점 서비스 센터가 좋다 단점에선 얼라이 하나못맞추는 서비스센터..,29
335,아우디는 연말에사야됨 최대장점,4
336,"Q5는 성능적으로 좋은 차인 건 맞는데 사실 최대 단점은 인테리어 아닌가...우레탄 떡칠에 진짜 사설로 붙여놓은듯한 센터페시아 모니터 ㄷㄷ 언뜻보면 아반떼급도 안되서... 같은 모델 프리미엄 시승했다가 구매리스트에서 삭제함특히 GLC 인테리어 말하는데 빵터짐 ㅋㅋ 아무리 개취라지만 가솔린모델(GLC300) 비교시그래도 GLC는 내부가 전부 인조가죽이고 회색반광 우드트림이 Q5 우레탄이랑 비교불가임C클은 안타봐서 모르겠지만 Q5랑 평행비교시 소재차체가 월등히 좋음. 하긴 근데 가격도 8천임 ㅋㅋㅋ 사실 금액적으로 봤을때 동시에 고민하기가 힘든 차량임아 그래서 제차가 GLC냐고요? 아니요. 저도 비싸서 못샀죠. ㅋㅋ 1천5백이 누구집 개이름인가요? ㅋㅋㅋX3 20i msp, XC60 b6 작년에 걸어놨는데 안나와요 차가 ㅋㅋㅋ 어차피 같은 급 차 거기서 거길텐데 Q5 45 TFSI Quattro 푸리미엄 계약 걸어서 그냥 빨리 받을걸 ㅠ결론은 개부럽네요 ㅠㅠㅠㅠㅠㅠㅠㅠ",3
337,핸들전동조절과 핸들열선이 없는데 구매하셨다니.. 아...심지어 HUD까지... 아....,3
338,이 영상보니 역시 gv70이 가성비 굿,4
339,Q5는 유독 익스테리어 풀체인지 안되고 모하비급 사골 우려먹기네.,3
340,흠..저 푸죠 20년식 5008 gt타고있는데 q5가...사고프네요....ㅋㅋㅋㅋㅋ 하아.... 할인도 되나요? ㅋㅋ얼마정도인가요 차값....크흐 ㅜㅜ,1
341,컴포트라 욥션이 없는게 꽤 있네용 ㅠ,3
342,Q5는 통신모듈 고장 없나요?,1
343,아우디가.. 왜? BMW와 벤츠에비해 욕을 먹는건가요..? 도무지 이해가 안되서차가 후져서 욕을 하는거면 어떻게 왜 후진지 말하는사람도없고.. 걍 이유없이 욕만하던데 욕을하는이유도없으면서 남들이 욕을하니까 욕을함;; 뭐지,5
344,할인받아서 6300초반이라는건가요?,3
345,저 네비와 무선안드로이드 지원이 안돼서 구입이 망설여지네요 ㅎ,3
346,핸들 열선 빠진 거 선 넘네;;,5
347,내비 순정인데 너무 많이 튀어나와있네,1
348,선수금 4천인데60개월 월 54만원이나 낸다고요..?내가 계산을 못하는건가..; 이율이 아무리 높아도 말이안되는데,1
349,문 진짜 무거움....bm타다 아우디q5타는데 문 진짜 무거움... 통신모듈 당첨안되시길....ㅅㅂ.. 3달째 대기중....,1
350,익스테리어랑 다이나믹 시그널 이쁜데 인포테인먼트 진짜 너무 아쉽다…. 6300이면 꼭 suv가 아니어도 된다면 bmw 520i가 나을 수도…,6
351,승차감은 A6 이상임ㅋㅋ,1
352,단점 풀체인지가 아니다..ㅡ,1
353,내비 어디서 하셨나요?,1
354,컴포트 모델인듯?,2
355,선루프 지못미 ㅋㅋㅋㅋㅋㅋㅋㅋㅋㅋㅋㅋ,2
356,차 리뷰를 할땐 되도록 깡통가지고 하지말아줘.....,2
357,미션 dsg 꿀렁임 없나요?,1
358,존예,2
359,헤드램프 워셔액이 진짜 별로인듯..마른자국때문에  더러워보이잖아 ㄷㄷ,1
360,ㅋㅋㅋㅋㅋ진짜 실내ㅋㅋㅋㅋㅋ,2
361,안녕하세요. 영상의 차량 모델은 컴퍼트인가요? 프리미엄인가요?,1
362,화요일에 업로드가~~!,3
363,휠하우스 공간 텅~빈거랑 네비....무슨 모닝 네비게이션 갖다놨나ㅋㅋㅋㅋㅋㅋㅋㅋㅋㅋㅋ,15
364,핸들수동에 열선도없고 이것저것 가격대비 옵션이 너무 안좋음,2
365,2022년에 hud 없는차는 타는거아님,4
366,줄서봅니다,1
367,그돈씨....,1
368,1등!!,2
369,그분들이 문제네요 ㅎㅎ,1
370,DCT인가요?,1
371,아우디에서 나오셨나,1
372,3등^^,1
373,동백 ㅎㅇ,1
374,"Gv70 3.5타다가 차량 결함으로 팔고 21 q5 45 tfsi prestige 로 넘어왔습니다. 솔직히 인테리어 고급스러움이나 실내 마감은 제네시스가 훨 낫다고 생각합니다. 다만, 주행질감 변속속도 운동능력은 괜히 아우디가 아니더라구요.. 대만족중입니다!",2
375,나중에 실물 색상 비교 영상도 가능하다면 정말 좋겠네요!,4
376,어떤 리뷰어 분들도 얘기해주지 않는 컴포트와 프리미엄 리클라이닝의 차이 있으나 마나한 기능인게 어차피 공간이 크지 않은 차량이게때문에 리클라이닝 등받이 시트 최대로 넓게 해놓은 프리미엄의 자리나 최대로 고정 되어있는 컴포트의 자리나 똑 같음,1
377,X3 20i 7개월 대기하다 Q5프리미엄 구매한 1인입니다X3보다 승차감 편안하고 좋아요 코너링 좋고 부드러우면서 꽉 잡아주는 느낌 굿입니다.현재까진 대만족입니다.,6
378,단정하면서 하이테크적인 매력의 아우디♡,4
379,이야 센터터널 높이가 개마고원급이네요 ㅋㅋㅋ 사실상 4인용이라고 봐야겠네요!,7
380,(유광)국방색이 어울리는 몇 안되는 차. 옵션은 현재 인기 폭발인  x3에 맞춘 듯. 약간 구식처럼 보이는 x3의 인테리어와 비슷한 수준. 출고가 빠르다면 x3에 줄선 고객의 마음 흔들 수준은 되는 듯.,11
381,크 앞태디자인이랑 실내디자인이 완전 A4 suv버젼 아기자기하면서 세련된게 개이쁨,5
382,산지 4일 됐습니다. 먼저 bmw 3x와 비교를 했지만 아우디의 265마력 가솔린을 골랐습니다. 디젤은 차는 아무리 잘 만들어도 시간이 지나면 덜덜 떠는 게 별로여서 아우디를 골랐고 이번에 페이스 리프트가 디자인이 괜찮았습니다.실내는 영상에서 보는 것 보단 퀄이 좋습니다. 영상에서 보다는 입니다. 타차종에도  있는 엠이언트 라이트가 있어서 저는 개인적으로 위안삼았습니다.선루프는 파노라마 선루프라 너무 좋았습니다.전체적으로 내부는 보통입니다. 사실 내부는 gv70이 인테리어가 좋습니다. 다만 저는 전자창치가 많은 차는 좀 피하고 싶었습니다.나중에 풀체인지는 내외부 기대해 볼만하다 생각합니다. 외부는 영상에서 보는 것과 느끼는 것이 비슷합니다. 멋집니다. 주행은 너무 좋았습니다. 비엠보다는 치고 나가는 것과 다르게 부드럽게 치고 나가는 것이 좋고 코너링이 좋았습니다. 전체적으로 주행은 너무 좋습니다.국산차 타다 왜 독일3사 차를 타는지 알게해 줍니다. 물론 가솔린이라는 점도 장점입니다. 차를 타면서 Suv와 세단 사이의 느낌을 받는 주행을 하게 되는 것 같습니다. 이는 대형 suv 타다 중형 suv를 타서 그런지 모르겠지만 세단을 타고 주행하는느낌을 받습니다. 다만 저는 리뷰어님과 다르게 승차감은 솔직히 개똥이라 생각합니다. 에어 서스펜션 없으면 그냥 다 별로 인 듯 합니다. 옵션으로 가격 상승 있더라도 샀을 것인데...오디오는 개똥같습니다. 제가 취미가 하이엔드 오디오라 사실 오디오가 r8 정도의 가격대의 오디오 시스템을 가지고 있다보니 오디오는 차량 오디오라는 것을 감안하더라도소리가 국내 차 저가형 오디오에서 나오는 소리로 나옵니다. 차량 회사마다 하이엔드 브랜드의 오디오 시스템을 채용하지만 그 브랜드라 해서 하이엔드 퀄리티 오디오 소리가 나오는 것은 아닙니다. 어느 브랜드던지 얼마나 물량 투입이 되느냐 아니냐의 따라 차량에서 나오는 소리의 퀄이 결정되는 것 같습니다. 조금 에이징 되더라도 소리는 그닥 일 것 같습니다. 진짜 실망인 것 두개가 일단 마일드 하이브리드가 빠진 것과 외부 라이트 LED 변화 시스템이 없다는 것이 대실망이었습니다.제가 중요하게 생각한 4개 중 2개가 없이 국내에 들어왔다는 것이 실망이었습니다. 유튜브 영상 이전에 미리 신청했던 거라 이게 빠져서 들어왔을 거란 생각은 하지도 못했는데 ...1. 외부2. 주행3. 마일드 하이브리드4. LED 변화,7
383,"볼보의 경우 고급휘발유를 사용하여야 한다고 하는데, Q5도 고급휘발유를 사용하여야 하는지 궁금합니다.그리고 고급휘발유를 사용하지 않을 경우 A/S 혜택을 받지 못하나요?",1
384,"저도 4인 패밀리카로 보는차중 하나인데, 풀체인지는 멀었을라나. 국방색은 딱 제스타일이네요",1
385,아우디의 장점은 폭탄세일!차후에 있을 세일이 기대됩니다 ㅎㅎ,8
386,영상 감사합니다 ㅎㅎ 센스있는 시계 헐크색 깔맞춤 b!!,3
387,X3는 시트가 좀 딱딱하게 느껴지던데 시트 착좌감은 어떤가요?,7
388,확실히 내부 인테리어에서 돈을많이 아낀것같네요..반자율 버튼은 ... 진짜 ㅋㅋㅋ 사용해본결과 너무불편하던데 저런것좀 바꿔주지 ㅠ,2
389,울트라 콰트로가 토센 콰트로 보다 진보된 것이 맞나요?A6 로 보면 높은 등급에 토센이 들어가고 낮은 등급에 울트라가 들어가는 것 같던데요.,1
390,역시 조명회사 클라스~,5
391,"지인 A6 45TFSI 올해 초에 샀는데 아직도 서비스센터 주말마다 간다. 시동꺼짐, 문 안 열림 등등으로 이제 포기했으려나. 근데 Q5도 같은 엔진인데 괜찮을라나 싶다.",4
392,막상 가서 시승 하거나 실물을 보면 7천 까지 받을 차가 아닌걸 알수있어요 실내 재질 도 고급 스럽지않고  x3또한 마찬가지인듯  저생각 인데 참고 하세요,4
393,실내가 옛날버전이네.. A6 디자인을 가져와야지.. 완전 끝물 떨이 끝판왕,4
394,GV70 2.5T 와 비교시 머가 더 좋을까요?,2
395,해외버젼 보면 그릴과 범퍼에 은색 크롬이 검정색으로 되어 있던데 다른 버젼인걸까요?,3
396,아직도 뒷자석 안전벨트 프리텐셔너없나요?,1
397,"""Q5 45 TFSI 콰트로 프리미엄""과 ""볼보 XC 60 인스크립션"" 중 구입을 고민하고 있습니다.시승은 ""Q5 45 TFSI 콰트로 프리미엄""만 하였습니다.가장 큰 고민은 20대 아들 2명을 포함한 4명이 사용할 자동차입니다.실내공간을 포기하고 ""Q5 45 TFSI 콰트로 프리미엄""을 구입하여야할 가치가 있을까요?",2
398,자동차읽어주는남자님 폰바탕이 디펜더네요^^ 110과 90 중에 매우 고민 중입니다. 그 사이에 X5 30D와 Q8이 껴있고요. 왜 좋은 차는 다 클까요?,2
399,잘봤습니다 ,2
400,아이한명(4살) 매일 5~40분 사용ㅡ패밀리카로 타기에 q5랑 xc60중 뭐가 더 나을까요??,2
401,q5 7천이라....ㅋㅋ 프로모션에 따라서 판매량이 달라질듯요.,4
402,q5 vs gv70 2.5 어떤거 추천 하십니까ㅎㅎ,6
403,이차는 하이브리드가 답임.,1
404,애플카플레이는 무선 지원인가요? 유선 지원인가요?어떤분은 유선만 지원된다 하고 상휘님이 설정 하시는거 보면 무선인데..무선지원이 되는게 맞는건지 알고 싶습니다ㅠㅠ!,2
405,F페이스 와Q5 어떤거 추천해주시나요,7
406,나바라블루 q5 소프트백 21. 12/8 출고했는데 정말좋습니다 ㅎㅎ,1
407,재규어 f-pace 페리버전 리뷰 제~~~발 부탁드려요 제 최애 자동차 유튜버 top2 이십니다!!! 재규어 랜드로버 새로운 인포테인먼트 시스템 pivi pro 너무 궁금해요,6
408,"Q8이 보급형 우루스라고 빨아주는 것처럼Q5는 보급형 마칸임. 플랫폼, 파워트레인 공유.즉 외관/ 내관만 보고 까기보단 타봐야 진가를 암. SQ5는 오히려 마칸보다 낫다는 평가도 받는데 디자인만 보고 패스된다는데 안타까운 현실.",11
409,"크기가 문제가 아니라 저 테블릿을 박아 놓은 느낌..크기 문제는 아님..q7, q8 아니면 안될듯...",1
410,"아우디코리아는 각성하고 공개사과 하라.7천짜리 차량이 출고 일주일 만에, 네비게이션,블루투스가 먹통이 되었다.그럼에도 영업맨은  as센터로 돌리고, as센터는  점검예약을 보름 후에 잡아준다.그리고 이상확인되면  부품수익하여  30~40일 후에 교체한다고 한다.아무리 주행성능이 좋으면 뭐하나?",1
411,뒷좌석 벨트 텐셔서 이슈는 어떻게 됐나요?,2
412,콰트로는 전륜베이스 4륜 아닌가요?,1
413,재규어 f페이스 페리 리뷰 부탁드려용!,2
414,A6랑 같은 엔진 인가요?,3
415,드디어 1빠인가요ㅎㅎ글구ㅜㅜ자꾸 올리시면 어찌하십니까?^^흔들립니다.관심있는 차량이라 유심히 봤습니다.휴일날 쉬지도 못하시고 소중한 영상올려주셔서 고맙습니다.곧있을 저녁 맛나게드시고 편안한밤되십시요,7
416,이 모델은 스포츠백이 이쁜데 언제 들어올까요,3
417,구독추가햇습니다~^^3인가족차로 괜찮을까요?아이가 아직 5살입니다~x3  x4  gv70 보고있는데 추천부탁드려요~,5
418,시내주행 실연비는 어덯게나오나요,1
419,와이프 큐3 산지 7개월 천장에서 물새서 바닥에 물이 고였어요 그렇다고요,4
420,정말 중앙쪽 디스플레이랑 송풍구 공조장치쪽이 ... 차를 포기 할 정도로 촌스럽고 안예쁘다 ...,5
421,타이어는 사계절인가요?,1
422,좋아요랑 구독하고 갔습니다골프백 4개 실리는지요?,1
423,후면은 그냥 구형입니다,4
424,미등이라도 키고 리뷰하시지...,1
425,Gv70보다 트렁크 용량이 작다고요? ㅋ 에이~,2
426,선글라스 케이스가 없군요,1
427,안드로이드 오토는 안되나여?,2
428,안드로이드 카플레이는 안되나요???,2
429,아우디는 휠들이 왜다 저러냐~~,3
430,X3단종됩니다 참고만해주세요,4
431,저 엘시디가 제일 에라...,1
432,오디오는 어떤가요,2
433,실내.....,2
434,엠비언트 내용은 없네요.,1
435,아우디 48v 너무 구림!,1
436,13:35,1
437,구리다....안팔릴듯,3
438,진짜 1도 안이쁘다...,2
439,개인적으로x3 > gv70 > q5 > glc 300,9
440,gv70 엄청 의식하네 ㅋㅋ 아우디 자율주행 고속도로에서 해보시길 차선이나 잘따라가면 다행이지 할인 1000정도 해야 탈만하지 예전 q5랑 똑같은데 ㅎㅎ,2
