,comments,likes
0,너무너무너무 리뷰하고 싶었던 차,122
1,항상 잘보고있습니다. 건강유념하시고요 좋은 모습 계속 보여주세요 ^^,1
2,실내부터 외관 성능까지 뛰어난차가 나왔다,1
3,q7 50 타는데 s7 도 너무 이쁘네요. 아우디가  디자인이 독3 중에 최고.  차박 가능한 q7 50tdi 너무 만족스럽게 타고 있는데 스포츠 세단도 정말 멋져요~!,7
4,"미국처럼 2.9 바이터보 가솔린 엔진 달린 진정한 S7들여왔으면 더 괜찮았을텐데. 대부분 시내주행에 일년에 1만 5천키로 내외에 5년 이상 장기간 소유나 관리 할거 생각하면, 개인적으로 디젤엔진이 크게 매력적이게 느껴지진 않네요. 하지만 이것만 감수하면 A7 55tfsi 대비 들어가는 사운드 시스템이나 버킷 시트 등의 옵션을 고려하면 또 나쁘지 않은 선택인것 같습니다.",1
5,감사합니다 우파님 현실적인 리뷰 잘봣습니다^^,1
6,와... 디자인 넘사벽...!,6
7,진짜 이차 능력이 생기면 꼭 사고 싶다.. 디젤인데 연비도 좋고 토크도 좋을거 같아서 차 잘나가겠다 그리고 무엇보다 배기음.. 너무 이차 소유욕 생긴다ㅜㅜㅜ 가짜 배기 일지는 몰라도 감성으로 탈수 있기에 진짜 ㅜ,1
8,ㄹㅇ 넘 사고싶다... 와우..,1
9,A7도 그랬고 s7도 보면 뒷라인이 진짜 이쁨 진짜 A7이 A8보다 이쁜듯,3
10,개인적으로 아우디는 디자인 진짜이쁜거 같아요 삼사중에서 아우디가 제일 잘 뽑음 역시엘이디회사,7
11,차 이쁘네요 rs7도 나오면 리뷰부탁드립니다^^눈호강하고 갑니다,25
12,실내 옵션을 조금 더 자세히 보여주셨으면 좋겠어요,1
13,일단 외형부터 개멋지네요 ㅎㅎ,2
14,갖고싶다... 진짜,1
15,RS7도 국내에 빨리 들어오면 좋겠네요 ㅠㅠ,2
16,a7 vs s7 고민이 너무 된다.. 후.. 편의옵션 생각하면 a7 무조건인데 스포츠성 생각하면 무조건 s7인데.. 후사실 또 베이지 시트 생각하면 a7인데,2
17,우와 차 정말 멋지네요,2
18,역시아우디 디자인은예쁘게잘하네요,2
19,와 디자인 쌉미쳤다 ㅋㅋㅋ,1
20,s도 이쁘게 나왔네요! rs도 신형 얼른 들어왔으면 좋겠어요!!!,3
21,요즘들어 부쩍 s7에 관심이 많아서 찾던중..우파님꺼를 이제서야 봤는데..전 진짜 우파님이랑 똑같은생각이구요 진짜 편파적으로 칭찬하시는거 너무너무 공감합니다~~지금도 잘 되시지만 앞으로도 승승장구 하세요~~^^자동차 유튜버 하면 누구?? 우파tv~~~,1
22,항상 잘보고 있어요 ~~,1
23,방송 쉰다고 하시더니 더 열심히 하시네요~ 굿!!,1
24,구형이 너무 이뻐서 신형은 외부는 너무깔끔한데 외부적으로는 조금 아쉽긴하다 ㅠㅠ,1
25,우파님 예전과 달리 표정이 살짝 어두워지신거같네여...힘내세요! 화이팅!,1
26,디젤인데 배기음 묵직하고 좋네요.,2
27,우파님 되게 열심히 영상 올리신다,1
28,아우디 멋있다...,5
29,스포츠세단에 정석 아빠들의 로망 S7ㅜㅜ 아 타고싶다ㅜㅠㅠ,1
30,진심 a7 /s7  저세그먼트에선 최고,8
31,ㅎㅎ 저도 스포츠 세단 휘발유인데 제일 부러운게 스포티하면서 연비 좋은 a7디젤,1
32,실내 미쳤다,1
33,300마력 이상의 디젤차는 휘발유차량과 또 다른 매력인듯.트랙 갈거면 디젤은 좀 그렇지만 공도에서만 탈거면 아우디 고성능 디젤은 엄청난 만족도를 느끼게 해줄겁니다.구형 a7 55tdi 모델 오너지만 아직도 다른차 생각 안납니다.,5
34,아우디 S7과 BMW M3 비교 영상 한번 해 주세요 우파님~~~~~~~~~~~,1
35,오  역시 사야겠다 크..,1
36,"영상 너무 잘보고있습니다.  S7 진짜 이쁘네여 ^^   아우디는  한번도  안타봐서여    1세대 cls를 시작으로 줄곧 벤츠만  탔던지라 -_- ;;  요번엔,,,  타브랜드쪽으로 눈을돌리고있는데요  우파님이 소개해준 q8 과 s q8 performence 50tdi ? 편있던가?를 보고 급관심 생겨서여 ^^  단지  아우디가  잔고장이 좀 심하다던데,,,,,  걱정이에요  s q8 이 딱인데,,,  에어서스 부분도 타회사 보다 내구성이  떨어진다던데 ,,,,  늦었지만  질문드려여",1
37,바로 계약하고싶다,5
38,와 벤츠디젤경험해보고 디젤차 좋아하는 나로서는 진짜 좋아보임연비랑 토크땜에 진짜 기분좋은데 디자인 잘나온듯와...근데 페이크 머플러는 깨네요ㅋㅋ진짜좀 넣어주지...,1
39,Cls랑  비교해서 외관 디자인 압승,4
40,뒷쪽 테일램프 라인 빼면 구형 G80이랑 비슷함,1
41,S7은 더이뻐졌네요제가 스포티를 너무좋아하는듯그나저나 요번에 나오는 AMG차량들리뷰 부탁드려요 ㅎ,2
42,캬~~~난 우파 저양반 하루일과가 궁금하다 돈많만아서 시간남고 자동차 리뷰나하면서 살고 참 부러운삶이다,1
43,기존 현실적인 드림카가 BMW M5였는데 와 이거 고민되네요...ㅠㅠ 신차기준으로 M5와 S7이나 RS7중에 어떤게 날까요??,2
44,1억짜리 차에 통풍시트가 없다니... 충격과 공포다..,79
45,Bmw 6gt타는데 제차는 8000~9000언더 정말 가성비나 편안함이 최고거든요~~~,7
46,중형 라인업은 아우디가 제일 좋은 것 같습니다,2
47,S8도 해주세욤 ㅎㅎ,8
48,가지구싶다ㅠㅋ,1
49,우리 아빠도 우리 동네에 S7있어서 봤더니 야...... 멋있고 사고싶다 1억넘게하는 차인데.... 라고 함,1
50,서스펜션은 코일이지만 쇼바는 에어시스템을 가지고 있어서 에어서스펜션만큼은 아니지만 스포티함을 가지고 있습니다,4
51,우파님 뭔가 항상 느끼지만 동물 '쿼커' 닮으심 ㅋㅋ 귀요미이십니다,2
52,RS5타지만 S7너무 이쁘고 데려오고싶다...,1
53,S7 살빠엔.rs7.가는게 더 좋지 ㅎ역시 아우디빠 우파형,3
54,예전스포트백은 차체가 바닥에 가깝게붙어있어서 훨씬 고급지고이뻤는데 요즘 스포트백은 왜이렇게 바닥에서 붕떠있는느낌이지..,7
55,몇일전에 rs7 봤는데 rs글자때문인지 너무 멋있더라고요 한국차리뷰에서도 빨리 rs 리뷰들 보면 좋겠네요,4
56,???: 힐러형 구형 a7도 신형처럼 만들 수 있나요?,1
57,넓긴 하다. 트렁크공간이 ㄷㄷ,1
58,요즘 아우디 부르는 말이 있죠.. 옵션은 벤츠처럼 가격은 bmw처럼,2
59,전엔 s6  s7만 타도 8기통 감성을 느낄 수 있었는데... s가 디젤에 공갈머플러라니...   어째서 s 딱지를 달고 나온거지,4
60,Rs랑s랑 뭐가 다른가요? Rs가 조금 더 고성능인가요?,1
61,전 개인적으로 CLS 400D가 낫더라고요 물론 아우디도 시승해 봤습니다.,3
62,A7 S7 다음은 RS7인가요? 1세대도 운동성능이 진짜 어마어마했었는데 풀체인지된 RS7은 어떨지 궁금하네요근데 명색이 스포츠세단이라면서 페이크 머플러는 진짜 ㅋㅋ 저럴거면 팁이라도 구멍에 맞게 좀 빼주지,3
63,아우디의 끝판왕은 S8아니면 R8 아닌가요?,2
64,이제 rs모델만 출시되면 되겠네요!!!,3
65,아우디 개간지 크,1
66,이게 그 전설의 형이 옥상에서 조립했다던?ㅋㅋㅋㅋ,3
67,좋은말안하면 협찬이안들어온가네요 유튜버들은 나쁜말을 못한답니다,1
68,전설의 옥상조립차!,1
69,A7은 1세대 디자인이 너무 완벽하게 나와서 망해먹었다,1
70,A7은 지난세대디자인 정점찍고 되보 현세대 4도어 쿠페는 8시리즈에서 정리되는듯,3
71,저 이거 3주전부터 s7 우파님 리뷰는 어딨지 하면서 계속 찾아다녔어요 ㅠㅠ,2
72,이번에는 아우디는 네비게이션 BMW.벤츠처럼 한국형 네이게이션이 적용됏나오ㅡ.아우디의 단점은 1억의 차량에 네비게이션 한국형 지도와 한국형 네비게이션기느을 탑제하지않았다연 그냥 천만원 손해본다.,1
73,우파님 아우디 풀옵 얼마에요 ?,1
74,1억이있다면 빚부터 갚고 스파크라도 사고싶네요 우파형,3
75,솔찍히 s7 구형모델이 성능상은 더 좋아요4000cc에 가솔린 400마력이 넘었던걸로 기억하는데이번엔 디젤이네요 그래도 너무이쁘다..7단미션인지 8단미션인지 궁금하기도 하네요A7살바엔 천만원 더 주고 s7살거 같네요,2
76,어차피 못사지만...머플러가 공갈이라니..ㅠㅠ,7
77,S7은 450마력 정도면좋았을텐데,1
78,"저기 님들..ㅋㅋ 통풍통풍 하시는데요, 고성능 스포츠 세단에는 원래 시트의 홀딩력이 우선이기 때문에 통풍 타공을 잘 안합니다. 통풍땜에 가죽에 구멍이 있으면, 몸을 잡아주는 홀딩력이 떨어져요. 그리고 디젤 엔진이기 때문에 휘발유보다 엔진 작동 온도가 훨씬 낮아서 에어컨만 틀어도 이빨 딱딱 부딪힐 정도로 춥습니다. 고놈에 통풍 논란 이제 그만ㅋ그리고 모델명의 S는 스포츠의 S가 아니구요, 독일어로 소버린의 S입니다. RS는 렌 소버린의 약자구요.",4
79,이번은 원가절감 이런게 좀아쉽네요..,1
80,비엠 7시리즈랑 a7 어떤게 좋을까요?,1
81,번창하세요!!!!!,2
82,저도 출시하자마자 계약해서 기다리고잇습니다. 레드시트가 귀하네요...,1
83,진짜 실제로 살돈 없는 사람들이 계속 고성능 디젤.. 이러는데 실제로 돈 생겨서 살려고 보면 왜 사람들이 디젤 타는지 알게됨 ㄹㅇ,1
84,차11대째 바꾸면서 집사람한테 욕처머거가며우파님꺼 준나게 봣는데지금껏 구독을안했네요 ...530 에서 a7으로 (a7영상보고 s7본것뿐!) 기변함다~ 참고되는영상 너무좋았고 이영상을계기로 마음을더먹고 a7 시승하러갓는데 좀기다려야하지만 후회없는선택인듯해요  정숙.고속.트렁크.as 증가 진짜 ㅋㅋ여러가지 다갖췄네요,2
85,06:02 2열 이중접합유리네요,2
86,짜세 론나리 뒤져버리네 크,1
87,오히려 이녀석이 현대의 육각그릴 더 잘 살린거 같누 ㅋㅋ 그랜저가 이런 디자인으로 나왔으면... 엮시 디자인인 이우디,8
88,디자인이 정말 이번에 나온 신형 아반떼가 더 예쁜거같아요.. 제 드림 차였던 a7이 신형으로 더 이상해졌네요.. 정말 외관은 최악같네요.. 정말 솔직한 마음으로  아반떼가 더 예쁜듯..,1
89,아우디가 짱이야♡♡♡♡♡♡♡,4
90,A7  갖고있는데 성능이나디자인 주행등 s7과차이없음..,1
91,s7 넘 좋긴한데 ㅠ 통풍시트도 없고 가짜머플러에 금액이 생각보다 쌤,2
92,"현 a5 오너인데 아우디 디젤 연비는 진짜다...이 응답성에, 이 감성에, 이정도 연비라니..다른 차 쳐다도 안봄..a7으로 기변하려고 열심히 돈벌고 있음ㅎㅎ",2
93,ㅋㅋㅋㅋㅋ우파님 동영상 가지고 와이프 설득하는 남자들 많을듯,2
94,머플러는 진짜 충격이네요ㅜ,4
95,s와a의 차이는 뭔가요?,1
96,Rs7은 국내 들어온다는말 아직 없나요 ㅠㅠ,2
97,"아우디가 성의 없는게, 같은 S7인데 유럽은 규제때문에 공갈머플러지만, 미국은 제대로 된 머플러로 들어갑니다.",1
98,2000만원때 중고외제차 추천해주실수 있나요,1
99,아우디가 led는 진짜잘만들어,2
100,S8 s7비교 부탁해여~♡♡♡♡♡,7
101,"cls400d와 경쟁모델이네요 성능은.s7인데 디젤, 그리고 53도아닌 400d와 경쟁모델... s라는 이름에 약간 못미치는 것 같은 느낌이 듭니다.디젤 3리터가 워낙 잘나와서 그런건지...",4
102,앞이 멘자인게 아우디 감성인데 너무 흔한 국산차같아요,1
103,rs7 plus나오면 더 지릴듯요,1
104,RS7은 약간 R8느낌이 나는데요??,1
105,우파형  어디 옥상으로 끌려간거야!!! 옥땅으로 따라와~~~ 우파   형 힘내요^^,2
106,난 1억이생겨 차를 살기회가온다면고민할거없이 할인잘받아서 540i사고 남은돈으로 매일 내가족들이랑 소고기 먹어야지 생각만해도 너무좋다 헠헠,4
107,아 우파님이 RS7리뷰를 해주시면 사는데 우파님리뷰를 보고싶네요,1
108,"역시 조명회사,,,ㅋㅋㅋ",1
109,실내조명이 안나와서 아쉽네요 실내조명 색상 선택이나 이런 부분할수 있나요 ~~?,2
110,80만원 있으니까 9920만원만 더모으면 사겠다,1
111,6gt가 정확히 2.336배 더 낫죠. 리뷰해주셈.,1
112,Bmw8시리즈랑 비교하면 되겠네요ㅎ 전 bm에 한표,7
113,"cls450 트렁크 520L인데,절대 좁지 않아요...;;;",3
114,항상 궁금한게 실내에 손자국 많이 안남을까요?,1
115,제일높은게 RS7아닌가여....?,1
116,1억이 없다면 어떤 차를 사야할까요?...ㅠㅠ,2
117,저는 대학생인데 정말 모닝터보가 타고싶어요,4
118,소나타보다 먼저 나왔는데 소나타랑 비교당하는..ㅜㅜ,1
119,처음에는 이뻤는데 보면 볼수록 이쁜지는 모르겟다... 이전모델s7이 제 드림카네요.,1
120,아우디는 최대한 늦게사야죠.,1
121,개인적으로 1억 있으면 박스터삼 ㅎㅎ,2
122,Rs7 빨리 출시해주면젛갰다 ㅠㅜㅜㅜㅜ,15
123,비엠빠들은 왜이리 되도않는 말들로 아우디를 못잡아먹어서 안달인걸까.. 양카 카푸어 이미지는 어디 안가나보네ㅋㅋ,4
124,인트로 미쳐따....,1
125,좀더 고급스러운 아반떼 디자인 ㅋㅋㅋ,1
126,그래도 파나메라가 더 끌림ㅋ,1
127,내 드림카가 나왔네요. 빨리 문파크 보고싶네요,23
128,고블린 아반테를 살짝 다듬은 느낌이 난다...디자이너가 옴겨 가서 그런가..,1
129,문파크가 참 좋아했을텐데 ...,1
130,그냥 디자인이 지리면 됬어 통풍시트 없어도 됨 난,4
131,S6는 리뷰하실 생각 없으신가요?,2
132,아 cls가 이 디자인이면 샀을텐데...,1
133,왜 경쟁차중에 840d는 빼는거야...,2
134,가솔린 S도 수입해 주지,1
135,스포츠를 즐기고 싶다면 이거닼ㅋㅋㅋㅋㅋㅋㅋㅋㅋㅋㅋㅋㅋㅋㅋㅋㅋㅋㅋㅋㅋㅋㅋㅋㅋㅋㅋㅋㅋㅋㅋㅋㅋㅋㅋㅋㅋㅋㅋㅋㅋㅋㅋㅋㅋㅋㅋ,2
136,1억대차지만 소재가.....,2
137,문파크 드림카1.알팔2.RS7,1
138,rs7리뷰 부탁 드려요,1
139,제일 좋아하는 차 아우디 7시리즈,1
140,전 요즘 아우디를 보면 디자인이 전혀 고급져보이지 않더라구요. 외관이 1억이 넘는 차처럼 보이질 않아요ㅜ,1
141,근데 중요산건 아우디 이제 bmw나 벤츠 한테 졌는데.....,3
142,돈좀 더 보테서 파나메라 중고는 어떨까요 ㅠㅠ,1
143,대형 세단 S클스포츠세단 A7준중형세단 3시리즈,32
144,"원래 V8,450마력 아니였나,,,?",1
145,탐스럽다,1
146,한국엔 스칼다르시 엠페러 없겠죠,1
147,디젤을 굳이 왜 사야할까 ㅋㅋ나중에 감당안될 차가 디젤임 ㄷㄷㄷ,7
148,사고싶은데 5천이 부족해서 못사네 ㅎ,1
149,아.. 딱 9500만원 모자르는데ㅠ 아쉽네요..,4
150,우파님 팬미팅 같은거 안하시나요?..,1
151,왜 디젤로 나오는건지 알 수 있을까요?,1
152,ㅋㅋㅋㅋ 이차가 s7이라는게 진짜 이해가 안감 ㅋㅋ  s라는 자체가 나름 휘발유 고성능쪽인데  디젤에다가s를 넣음? ㅋㅋ 차라리 s7d라든가  등등 이라는 명칭을 넣는게  나은듯하내요 ㅋㅋ  가격은 오지게 비싸내요... 모르는 사람들은 진짜 휘발유s7로알겄같습니다ㅋㅋㅋㅋ,1
153,엥 집 옆 전시장이네요ㅋㅋㅋ,1
154,동영상 보는데 누가 우리 집 초인종 누른 줄 알았어요  ...중간중간 초인종 소리랑 비슷하네요,9
155,cls 450가격이네요..에어서스도 안들어가고 ~cls의 완승같네요,2
156,내가좋아하던차네요 그리고 문파크님보고싶네요,1
157,글쎄요..저라면 cls 를 선택 ...cls에 사심이 먾아서 ㅎㅎㅎ,3
158,BMW 640d랑 Audi s7이랑 제로백이 똑같넹,2
159,난 그래도 a7이나 cls사겠어S7은 이도 저도 아닌것같음,3
160,가짜 배기구 정말 때리고 싶네요;;,3
161,6:06 스포일러를 빼먹고 테일램프로 넘어가셨네요...,2
162,다음생은 우파처럼,1
163,s7 rs7 차이가머에요???,1
164,Rs7 이랑 이름 차이가 왜 있는 거죠?,1
165,1억있으면 돈좀 불린다음에 살게요,1
166,S7 은 가솔린으로 나와야되는데   아우디 먼 생각인건지   이제 디젤은 세상에서 없어지는 분위기인데S8 만 가솔린으로 제대로 나왔네,5
167,1억이 있으면 난 마칸 산다,2
168,A7이 기본형 s7이 amg43? rs7이 amg63? 이런 느낌 인가요??,3
169,디젤 차 가지고 배기음 배기음     -0-  가솔린으로 착각하는거 아님  ???,2
170,1억 짜리 고성능 차까지도 가짜 머플러 ㅋ,7
171,편의옵션이 너무 없다..,1
172,와 이쁘긴이쁘다,1
173,인트로 노래 무엇인가여..,1
174,다 좋은데 수도꼭지 머플러는 너무하네ㅠㅠㅠㅠㅠㅠㅠㅠ,3
175,감가 이빠이 되는 차 ㅋㅋ 협찬리뷰는 좀 아닌듯 ㅋㅋ 요즘 ppl이 문제여,12
176,우왕,1
177,S8은 어떻습니까?,1
178,엑셀이 원래 오르간타입이아닌감,1
179,왜 연비를 말하지 않나요.타사보다 연비가 높은가보지오ㅡ,1
180,그 시끄러운 빼기음 좋아하는  사람들이  희기하네요,1
181,디젤을 비하하는건 아닌데 S모델을 디젤로 사는건 진짜 이해안감. 마세라티디젤 사는것도 이해 안감. 배기소리는 ㅄ 같이 나오고. 고성능모델은 무적권 휘발유지.,37
182,음... 그냥 아반떼랑 비슷한것 같은데 ㄷㄷㄷ,3
183,예전s7만큼 갬서이떨어지네 ㅜ 마력도모질라고,1
184,"통풍시트 없고, 마사지 시트 없고, 열선 없고.....  해외에서 안팔리는 디젤 모델만 있고...   단점들이 널렸는데... 좋게만 리뷰하면 안되죠..",16
185,우파님 동탄2신도시 오셧구낭..... 못봤넹 ㅠㅠ,1
186,핳1등  기다렸어요 아우디 너무좋아해샤..,4
187,깔끔한 아반떼AD,2
188,A --> S --> RS --> R,3
189,BMW 8 GRAN COUPE와 비교시?,1
190,1억짜린데 통풍시트없자나요...,1
191,저돈이면 M550d.....,2
192,콧구녕 커지는 bmw<디자인 중국느낌나는 벤츠<아우디,3
193,뭔 차 닮았나 했는데 내 메기나타 닮았네 ㅋ쏘 센슈어스 닮았네,1
194,1억..디젤..딴거 사지 않을까요,1
195,1억이 없넹...ㅠ,20
196,아씨 1억이 부족한디..,1
197,벤츠비엠씹어먹어버린 저디자인 따라올차가없다아우디 짱해라!,1
198,나도 s7쓰고있는데갤럭시 S7,1
199,사지도못할거 왜보고있지..버스온다 버스타야지 ㅎㅎㅎㅎ,27
200,"아우디 홍보하는것은 좋으나 장단점 솔찍히 전부 말해서 방송해주세요.소음도 타사보다 너무나 심하고 연비도  제일심하고승차감도 떨어지고 옵션도많이 떨어집니다.인정할것은 인정하고 방송해주세오ㅡ아우디방송 하면은 타사와 동급 차량과 비교해서 방송해주세오ㅡ.디젤에 3,0 이면 연비가 너무 않나오네요.",1
201,ㅎㅎ 지나다가본다마누라  내꺼 각각 S7 탑니다마누라꺼 파랑 내꺼 화이트Rs이번에바꿀려고 날짜계획중,1
202,"저걸 사느니... 나라면... 돈 조금더 보테서 포르쉐 9시리즈 살듯... 아이들 생각하면 파나메라 ,카이엔 둘중 선택 할 듯",1
203,AD 아님?;; 고급화 한거 같은 느낌,2
204,Good,1
205,디젤이군요,1
206,디젤차량에  왜 S뱃지가 붙는거지??ㅋㅋ,5
207,s7인데 ㅋㅋㅋㅋㅋㅋㅋ 가짜 듀얼 머플러 ㅋ 진짜 이건 아니다 원감절감 ㄱ ㅐ 양아치 같이하네  프리미엄 브랜드가 이건 좀 아니지~,5
208,이왕 사는거 RS7..으읍,2
209,아반떼 잘나왔다,1
210,1억이 없습니다!!!,1
211,1억짜리차에 통풍시트없고 가짜 머플러라니.....저걸 누가사냐....,2
212,1억이 어딧더라....,1
213,,2
214,이쁘다,1
215,4:18 뭔데ㅋㅋㅋㅋ,37
216,진짜 휘발유 s7을 들여왔어야했다. 병신같은 판매전략...,1
217,이번 디자인은.... 리어램프 직선이 너무 이상해 보임.  좋아하는 사람들 많더라구요,1
218,1억이없다ㅠㅠ,2
219,머플러가 잘못햇네..,1
220,3대주문할예정입니다.로또되면,1
221,아쉽네요 ...  어제 치킨만 안먹었으면 샀을텐데^^,2
222,디젤은 거름....,1
223,아깝다 9999만원이 모자라네;;,1
224,현행a7   55tfsi출고 해서타고있는데....S7이  디젤이라뇨.. ..ㅜㅡㅡㅜㅡㅠㅠ으아아아안돼.. .A7출고한게  다행이네요ㅠ S7이랑a7이랑  출력차이가 10마력. ....뿐이라늬.  ...,1
225,디젤게이트 이후 아우디 맛간거 어지간한 사람들 다 아는데 타플렛폼 리뷰 엔진 부터 하부 마감 서스 전부 개판임 겉멋충 이라면 얼마든지....,1
226,블러디타임~,4
227,55TFSI랑 제로백 0.2초 차이밖에 안남 ㅅㄱ,1
228,1억이 없습니다....,2
229,가짜똥꼬라니ㅜㅜ...겨울에 뒷범퍼밑에서 김이 폴폴나오것네..,3
230,8천만원짜리 차를 1억1천에 팔아 먹네  얼마를 남겨 쳐 먹냐능? ,1
231,어딜봐서 아반떼 아반떼 거리는거지....드립지겹다...,2
232,그릴에 저 라이다인가 레이더인가 쫌 어케 못하나....;;,1
233,12:40 잡았다  요놈!,6
234,S7    VS   M3  당신의 선택은?,1
235,트렁크에 사람 2명정도 들어갈듯한데?,1
236,스팅어 휠?,1
237,뒷모습이 아반떼ad램프 이어놓은것 같아요,2
238,아우디 s7저 있어요,1
239,차가 좋으면 뭐하나 서비스가ㅈ같은데.. .아우디 차주분은 특히 태안 개포서비스센터는 거르시길...이상 아우디차주,3
240,드림카ㅜㅜ,1
241,엔터식스 꼭대기인가?,1
242,디젤로 나온것이 너무나 실망....ㅠ,2
243,아Fㅏㅋㅋㅋㅋㅋㅋ,1
244,지금 a7 인데. 신형 아칠이로.. 갈아타야 하나 ㅜ ㅜ 애기 2이라 suv 사자고눈 하는데,1
245,왜 자꾸 보는데 아반떼가 생각나지,1
246,더 뉴 아반떼 스포츠임??,3
247,아오왜 디젤이냐고~,1
248,m550i,1
249,통풍시트없자나요 ㅋㅋ,4
250,차 너무이쁜데 머플러 저 ㅈㄹ 해논거 존나 머하는 새기지 아우디,1
251,개인적으로 cls살듯,4
252,드륌카아,1
253,저 초딩인데 s7있어요삼성 갤럭시 s7,2
254,Adas는 없나요?,1
255,와  뻥플러 ㅅㅂ 아우디 진짜 나가 있어야 겠다,2
256,아우디 하는 짓꺼리보면 사고 싶지않음,1
257,(짝짝짝),2
258,다들 돈이 많네,1
259,일억? 어림도 없지 바로 x4 x5 gle 카이엔~,4
260,벤츠 cls450 !!,1
261,쳇 내폰은 S8인데 ㅉㅉ  ㅋㅋㅋ아.. 현타온다.....,14
262,BMW M 시리즈에 비해서 포스가 없어서 메리트가 없네요,5
263,고성능인데 ㅋㅋㅋㅋ 짭 머플러 풉,3
264,난 bmw840i그쿱간다,1
265,ㅋㅋ말 억지로하는거 티납니다ㅋㅋㅋㅋㅋㅋㅋ,3
266,"아반떼,,",1
267,나도 s7있음물론 갤럭시 s7...........,1
268,돈이없읍니다.,1
269,1빠가 뭐 이리 많누,1
270,내눈에만 독일판 아반떼AD처럼 보이나...,1
271,m4,1
272,저건물안새나요? 지금 디젤 이제 다없어지는 추세인데 저런걸 디젤로출시해서 어쩌자는거지..,2
273,1억짜리 소나타,1
274,성능대비 타사와 비교하면 가격이 거품이 너무 많이 올려서 아우디가 판매하네요.진짜 잔대가리와. 거짓 속임수 제일 많이 독일차 중에서 심하네오ㅡ,4
275,그래도 저같으면 CLS400d나 CLS53살듯,4
276,개우디를 추천하다니...,2
277,걍 cls,1
278,이 차를  아반떼 닮았다고 하는사람들은 그냥 시각에 문제있음 or  미적감각 제로인 수준의 사람이라는 생각뿐이안든다..,2
279,쯧쯧,1
280,난블랙,1
281,협찬은 협찬이라고 말해주세요.....무조건 협찬 냄새나는데..칭찬일색이네.차도 아우디 제공이고...누가 1억이상주고 이걸 사나요 ㅎㅎ,4
282,돈도 없는것들이 입으로만 나불나불ㅋㅋ,1
283,1빠,1
284,1억주고 소나타 사는사람없제?,1
285,내가1빠!,1
286,1빠 나이서,1
287,1억이면 아반테 사고  2천은  놀러가면서  쓰고  나머지 뭐하냐,1
288,전면부는 그냥 현대마크달면 아반떼같다...,2
289,오~,1
290,자랑질좀  그만하자,1
291,s7 마크없으면 그냥 아반떼신형이네,1
292,돌았냐? 소나타사고 칠천만원으로 맛있는거 일년내내 사먹고 말지.,3
293,돈 쳐먹었냐? 1억이 애 이름 이냐?? 아우디는 2년뒤에 사야됨 실내 세부모습 안습  ㅆ,2
294,1,2
295,오,1
296,.,1
297,A라이,1
298,17,1
299,1빠,1
300,1빠,2
301,1,1
302,이분 리뷰는.. 짜임새있게 외관디자인부터 실내디자인까지 그리고 주행까지 뭐하나 치우치거나 놓치는거 없이 자세하고 꼼꼼하게 보여주셔서 좋은듯. 잘볼게요.,2
303,"이 차는 간지하나는 최고.성능은 일상에 불편하지 않을 정도.단, 200이 넘는 고속에서는 350마력보다는 더 많이 나오는 느낌 즉, 안정적.m550i로 바꾸려다, 엔진성능이 다가 아니란걸 느끼고 그냥 타기로 했어요",4
304,리어가 최근 트렌드도 따라가면서도 독창적이고 아주 예술이네...,2
305,아무한테도 방해받지 않고 내가 차 구석구석 살펴보는것 같은 리뷰 항상 잘보고 있습니다그나저나 차 바꿀때가되어 구경하러 갔다가 이전 세대에 있던  에어서스 빠진데서 1차 충격페이크 머플러보고 기절하고  집사람이랑 그냥 매장 나왔던 기억이 있네요 ㅋ,3
306,순정휠을 저렇게 큰걸 때려박아놓은건 처음봐요 실물 휠사이즈보고 놀랫...,1
307,"요즘 대부분의 독일차들이 머플러를 숨기는 추세입니다. 배기가스가 나오는것이 육안으로 보이면 굉장히 거부감이 있다고 하네요. 실제로 아직 멀쩡한 유로5 차량들은 도심 통행에 추가 비용도 많이 들고, 곧 운행 자체가 금지될 예정이어서 똥값으로 주변국에(헝가리를 비롯한 주변 국가들) 수출나가고 있는 실정이에요.그 팁이 저도 아쉽습니다만 현기처럼 원가절감이 아닌, 현지 추세가 그렇기 때문이라고 하더군요.",1
308,정말 완벽한 쿠페세단의 디자인의 끝이 a7이라고 생각해요 넘나멋졍 ㅠㅠ지금은 스팅어 마이스터3.3 타구있지만 제드림카입니당.. rs7타는 그날까지....,2
309,오늘도 좋아요 누르고 갑니다 S7 3.0 멋있어요 항상 잘 보고 있습니다항상 건강하시고 행복하세요  오늘도 좋은 하루 보내세요,2
310,아우디 s 라인들은 직접 타봐야 장점을 알수있죠 저도 sq5 구형을 타고 있지만 제 기변병을 고쳐준 차입니다,2
311,실물 보면 진짜 멋있어요 앞태 뒷태 옆태 휠 내부 등등 안 멋있는데가 없는데 ... 디젤 달달거리는 소리듣고 확 깼네요,1
312,외부  디쟌 하나는 최고임그나저나  뜬금 얘기나대리 알바   2년여아니  먼너무  안전벨트 장착이  힘든차가 왤케 많은지이건  의자  밑  넘 깊이  설치되어 있는 차들 이거  끼우다 목  담걸릴뻔 ..이런차 수두룩함이차는  벨트 결합 부분이 위로 올라와 있네요 허리  목  담 걸리진 않겟네요^^그나저나  통풍 없음아..,2
313,소나타와 아반떼가 보이면서도 고급스럽군,1
314,정말 세단 현실 드림카 맞아요.SUV는 SQ7하고 !!! 하.... 입맛만 ㅠㅠ,5
315,일억 천만원으로 S7 TDI vs A8 50 TDI둘 중에 딱 한대만 골라서 5~10년 정도 타야된다고 하면뭘 고르실건가요??,2
316,S7은 디젤이라 좀.. 제로백 별의미없지만 5.8초때면 그냥 a7 사는게 좋을듯 더싸고 디자인같고,5
317,레드시트 완전만족하면서 잘타고있습니다 누가머라해도 만족도 200%죠!!!,3
318,출시 3년이 지났는데 디자인이 아직도 정점 유지중이네요,6
319,예전의 S6 S7은 8기통 가솔린 트윈터보였는데 환경규제 때문에 지금은 디젤이라니 영 이상하네요벤츠도 다음 세대 C클은 AMG 모델까지 전부 4기통 라인업이라는 소리도 있고다들 전동화를 피할 길이 없으니 아쉽습니다ㅠㅠ 그래도 자동차라면 묵직하고 무식한 쇳덩어리의 맛이 느껴져야 하는데 말이죠,1
320,A7 55TFsi 랑 비교했을시  어느쪽이 더나을까요?  가격떠나서 엔진만 비교했을시요,1
321,혹시 반자율 있나요? 있으면 반응은 어떤가요?,2
322,듀얼 트윈머플러가 페이크라니.. 저건 용서가 안되네요,9
323,와.. 마력이랑 토크보고 가슴이 웅장해지네,1
324,"아우디는  아우디군요. 갠적으론 아우디가 소소한? 감성 디자인을 잘하는듯.그리고! 얼마전! 고민하다! 싼타페 가솔린 리뷰보고, 구매 한지  3주째인데, 완전 만족 입니다~~ㅎㅎ 직진때 가속력..ㅎㄷㄷ..승차감 굿. 정숙성 굿! 지인들 타보더니 다 좋다고. 실내 고급져보이고..운행 중에는..와..좋네여..좋네..싼타페가 좋긴 좋지..이러고.ㅋㅋ근데 계속 보면 이쁜데, 지나가는 싼타페 보면...응? 디자인 모?  이런 느낌은 지금도 듬.ㅋㅋㅋㅋㅋ암튼 리뷰 잘 보고 있고, 주니님 덕분에 차 잘 고를수 있었네요.ㅎㅎㅎㅎㅎㅎ 감사요~~~~~",3
325,디젤 6기통 하이브리드면  연비가 ...,3
326,중간에 사운드 테스트할때 나오는 음악 제목이 뭔가요?  왠지 사운드 테스트 하기에 좋은거 같습니다.,1
327,중고차 기준 bmw 550d VS 아우디 s7 VS 벤츠 cls 400d 비교 가격차 비슷할시 가장 나은게 어떤차인가요?,2
328,A7 하고 S7 차이가 뭔가요,4
329,얘는 스피커 간지 . 진짜 갖고프네요,4
330,와 1억 ..ㅋㅋㅋ 멋지다,1
331,어제 람보르기니 봤는데 차주는 20대ㅋ아버지가 부자 겠죠ᆢ 아우디 디자인 차좋네요 엘이디 메트릭스 멋지네요나는 언제쯤 타볼까ᆢ,2
332,차 너무 예쁜데요?,4
333,이쁘고 멋지네요,1
334,이차를 실제로보면 A7는 정말 안이뻐보여요 괜히 S가 아님다,1
335,구형 S7 타는데 신형이 디딸이라... V8 4.0 TFSI는 이제 못보겠네요ㅠㅠ,2
336,"달리는 성능이야 직접체감 해야 얼마나 더 좋은지를 알겠지만 예전처럼 독일3사의 압도적인 내외장 디자인과 재질의 구매욕구는 못느껴져요.예전이야 단지 엠블럼 하나로도,,디자인 하나로도, 구매욕 생겼지만요즘은 성능마저도 국산차들도 상향평준화 되었기에 ....아...!!! 그런데 G80도 저정도 옵션하면8천 가까이 하기에 ,, 다시 곰곰히 생각해보니 복잡해지네요. ㅋ암튼 갠적으로 돈이없어서 살일도없어서 고민이 필요없어 다행입니다.",2
337,딸딸딸거리는 소리는 25000넘어가는지금도 한번씩 이건뭔가싶습니다최고의장점은묵직한 주행감 고속안정성이라고생각하구요   브레이크 잘잡히지만생각보다 꽉밟아야 합니다 미션이 뭐랄까 생각보다너무 빨리 고단으로넘어가요  다이나믹으로넣고 다녀도알피엠 잡고 있는시간이 너무짧아요제일불만은 시트가 너무딱딱해ㅜㅜ오디오좋고  오토하이빔도 벤츠보다좋아요,1
338,환경에도 안좋은데 독일 디젤차들 좀 그만 들여왔으믄 좋겠네요. 뭐 이건 하이브리드라 좀 덜하겠지만. 차는 참 멋지네요.,2
339,RS7 하고는 다른 모델이죠 ?,2
340,육각 그릴은 아무리 봐도 예쁘지가 않아 현대가 잘못한 거야 현대가..,3
341,오 디젤s네용 ㅋㅋ,2
342,s가 디젤 이라니 개실망...ㅎ,1
343,드림은 드림일 뿐이다... ㅠㅠ,2
344,통풍이 없다니...,3
345,마력에 비해서 제로백이 좀 아쉽네요 ㄷㄷ 100마력 낮은 530i랑 비슷한것 같아요,2
346,비싼차구나,1
347,답글을 다 달아주길래 저도 한번ㅋㅋ,2
348,나는 실물로 봐서 가장 실망한 차가 a7임..출시전 사진으로만 봤을때는 이건 뭐 이세상 차 디자인이 아닌거 같은 느낌이였는데공도에서 실제로 보니 엥?진짜 존재감이 일도 없음국내출시전  해외에서 미리 본 사람들이 실차보면 실망한다고 말했을때 안믿었는데 사실이였음차라리 a6이 더 멋져보임,3
349,항상 깔끔한 영상과 함께 비교 가능한객관적인 리뷰매번 기다리며 시청합니다!,2
350,오늘도 잘보고 가요 ㅎㅎ 장단점을 잘 설명해주셔서 구매하실분들에게 도움이 많이 되겠네요~!,2
351,"차또바기님 구독하고 갑니다 많은 유튜버 차량소개와 다르게 차량 구매할때 많은 도움이 됩니다 특히 각모델마다 빠지고,들어가는 편의사양을 구분해 주셔서 귀에 쏘옥 들어 옵니다 앞으로도 좋은 차량 리뷰 부탁드립니다",3
352,잘보고 갑니다 ^^ 딱 한가지 아쉬운점은 골프백 수납공간 말씀해주실때 아이언세트와 드라이버까지 들어간 풀세트 기준으로 실었을때 몇개 실리는지를보여주시면 더 좋을 것 같습니다. 항상 깔끔한 리뷰해주셔소 감사합니다!!,3
353,디자인은 진짜 쵝오다,6
354,깔끔한 시승기 감사합니다 ^^,6
355,항상 군더더기 없는 깔끔한 리뷰 감사드립니다 ~이제 오프라인으로 지역감정은 없어질것 같아요~  전 서울에서 잘보고 있습니다작은 땅덩어리에 자꾸 편가르면 안되지요영상 감사합니다 ~~~,6
356,흔치않은 6기통 디젤세단이긴한데 상품성 대비 가격은 아직 과하다는 느낌연비로 커버치라는건지 뭔지...ㅎㅎ물론 아우디니까 끝물에는 더욱 큰 할인을 꽂아주긴 하겠습니다만ㅋㅋㅋㅋ,6
357,연비는 공인 연비가 중요하다고 생각합니다.결국은 공인 복합연비가 가장 현실에 가깝더라고요.,4
358,타이어 사이즈가 275나 285정도 되면 주행성에 더 괜찮지 않겠나 싶네요,1
359,다른 리뷰분들은 쓰달때기 없는 말만 엄청 많은데.. 이분은 진짜야 쏙쏙 잘 들어와요,3
360,"영상 편집 기술이 갈수록 좋아지네요,, 1인 영상제작하시는걸로 알고 있는데, 대단하십니다",4
361,난 이분채널보고 디젤이 8기통도 있다는거 첨 알았음 ㅋㅋㅋ진짜 나랑 취향 너무 비슷한듯디젤이 나름 매력이 있어유,1
362,몇년형인지는 모르겠는데 A7 외관디자인이 개인적으로 최고였다고 생각이든 모델이있었는데 당최 기억이안나네요 ㅠㅠ,2
363,아우 정말 가격 미쳤네여..,2
364,항상 잘 보고 있습니다.10만 구독자 달성까지 응원 할게요~,6
365,A7에 없는 뱅엔올룹슨 1800와트 옵션이 땡기는데 디젤이라는 점과 통풍시트 없는게 마음에 걸림 ㅠㅠ,2
366,연비가 20.8? 대박입니다.,2
367,A7 50tdi를 시승해보니 터보렉이 많이 심하던데 s7은 터보렉이 어떤가요?,2
368,고성능 스포츠세단에서 연비가...ㅋ 가격만 착해지면 미친 차다,2
369,9:08 이게 디젤의 베기음이라니...!!,27
370,골프백에 골프채가 없이 트렁크수납이라니 ㅠ 현실적인...트렁크수납 리뷰가 필요합니다 ㅠ,5
371,"시승기는 아주 만족하며 잘 봤습니다.하지만 트렁크 골프백 적재상태를 매우 중요시하는 사람인데, 클럽을 빼고 저리 적재하는 건 좀 차랑을 띄워주고 시청자를 우롱하는 듯 보였습니다.차라리 저 부분을 삭제하는 것이 전체적인 완성도를 높일 것 같습니다.",2
372,ㅜㅜ아우디는 디자인은 최고인데 옵션에서 뭔가자꾸 하나씩 걸려요,2
373,S7을 디젤이라니.. 미친 아우디 코리아,2
374,디젤인데 수리가많이필요하지않을까요 고성능은 아닌가.,2
375,장성군민으로써 자동차유튜브에서 장성이 나오는게 제일 좋네요,2
376,엔진 출력이 비해 제로백은 형편 없네요. 530i 수준....,2
377,오오 오랫만에 물건이 나왔구려. 절제된 영상 잘봤습니다.,2
378,미친 가격이네요...,2
379,연비가....350마력인데 연비가....12...얘 맘에듬,2
380,대노코  스포츠카들 보다  더 멎짐 ~^^,4
381,업계에 종사중인데 구형S7 8기통 트윈터보의 힘과 감성이 없어진 이번 신차..개인적으로 별로에요..,1
382,역시 언제봐도 이쁜데..,2
383,이번 아우디 모델들은 상품성을 좀 낮춘든한 느낌이 많이 드네요,2
384,다른리뷰어들은 쓸대없는잡소리가너무많다 . 이분은깔끔하다 ! 최고 !,1
385,S7이 a7 55tdi보다 가속성능이 안좋은가요?,1
386,가솔린 모델 있으면 좋겠다,2
387,형님 a7 tdi보면 전자제어 서스펜션이 있고없고 하던데... 승차감 차이가 클까유?,1
388,cls가 훨씬 조용하네,1
389,S6 tdi도 부탁드려요 ㅠㅠ,3
390,1500 이상 할인해야 팔릴 듯,2
391,에어 서스 빠진게 너무 아쉽네요...,3
392,골프백을 누가 커버 분리해서 넣나요;;;,1
393,디젤은 시간지나면 밖에서 엔진소리가 무슨 경운기 소리처럼 들리던데…,2
394,통풍시트도 없나요?,4
395,자율주행 2.5레벨인가요?,2
396,a7스포츠팩중에서 오기나온거말고 웰컴애니매이션이있는게 있나요? 더있으면 알려주세요,2
397,"아우디a7  구형,신형 너무 좋아하는데  이건s7은 좀 아쉬움..s7을 왜 디젤로 만들었을까..ㅜㅜ 현재 구형a7  55tdi타고있는데 또 디젤은 타기싫구..뭘루 기변을 해야할지 모르겠네요.s7신형이 가솔린으로 나왔으면 구매했을거같은데..",1
398,선추천 후감상 :),3
399,차는 예쁜데 너무 기본품질문제가,2
400,서라운드 뷰가 맞나요?? 어라운드 뷰로 알고있어서요!,2
401,역시 스피커는 아우디 뱅앤,2
402,앗... s조차 뻥머플이였다니;;,2
403,언제부턴가 전면부보면 아반떼가 먼저떠오르는건 사실 ..옆테나 후방은 확연히 다르지면 전면이.. 또한 비슷한가격대 차량과선택지에서구지이걸? (아우디빠가 아닌이상),2
404,배기음이 액티브사운드 같네요,1
405,이젠 순사기능까지?늦어도10분내로.ㅋ,2
406,돈만 있으면 이거 살텐데,2
407,통풍시트는 없는거죠~ㅜㅡㅜ??,2
408,가격은 1억이딱 적정선이라봅니다 포르쉐 파나메라 4S에들어가는 2.9T가솔린엔진  S7도있구만 굳이 디젤엔진들어와서 1억1800?  BMW X5 m550i v8가솔린 에어서스탑재 540마력대가 1억4천이다  물론 SUV니까 비교대상은 아니겠지만 엔진만 놓고보자고 정신있냐? 아우디야,1
409,페달이 오르간방식이 아니라니?,2
410,배기음이 할리같네요,2
411,통풍시트 없는건 ㅠㅠ,3
412,브금이 잔잔히 깔려있던거같았는데 사라졌네요 ㅎㅎ,2
413,출고가 안되서 a4시리즈 못사고있어여 ㅠ,2
414,머플러가............. 또 훼이크인가요........ 아쉽네요,3
415,다 좋은데 프론트부분이 음...... 그것을 연상케함.,2
416,딱 8천만원 짜리 차,2
417,아씨 ㅡㅡ  gv70 사려는데  또 고민하게하네  s90으로 하려다가 정한건데,2
418,광주에서  찍으셧네용,2
419,차량문의하면 친절상담해주십니까?,2
420,350 마력이 스포츠 카에 포함되나요RS정도되야지 ~~S는 아무 의미없는 A7과 RS7 중간 ^^,3
421,자동차전문리뷰어앚습니까?캘리퍼는 빨건색포인트로 주었습니다  ㅋㅋ 저게 그냥빨간색캐리퍼입니까?6p 8p인지 설명을하고   빨간색으로 포인트를줬다고 얘길해야지 않겠습니까?이런 리뷰는 중ㆍ고딩도합니다!,1
422,담양이닷,2
423,1등,2
424,매번 양질의 영상 감사합니다 항상 잘 보고 있습니다 앞으로도 좋은 영상 많이 찍어주세요^^,1
425,이번 50tdi 는 시승해보니 진동도 올라오고  터보렉에 하체가 너무 소프트하던데요 s7은 단순히 출력만 높여놓은건 아닌지..궁금합니다,1
426,A7 보다 컴포트모드에서도 승차감이 좀 더 딱딱한가봐요?,1
427,매번 잘보고있습니다~~ 혹시 SQ8 출시일이 몇월경인지 혹시 아시는지요?,1
428,차고에 딱 M2컴페와 이 차량을 데일리로 쓰면 연비도 좋고 참 좋겠다ㅜㅜ,3
429,840d 그란쿠페와 비교시 어떤 모델을 추천하시나요?,1
430,난 왜 전세대가 훨씬 디자인적으로 훌륭해보이지,1
431,항상 영상 잘보고 있습니다.S74륜인가요?,1
432,번창하세요!,2
433,잘보고갑니다 ^^,1
434,50tdi 대비 터보렉은 많이 줄었을까요,1
435,좋은영상 잘봤어요,1
436,근데 배기음은 끌 수 있죠? 뒷좌석 승객이 좀 불편할 거 같은데...,1
437,통풍빠진게아쉽군요,1
438,서스 핸들 모드 주행모드 선택하는게 불편하겟네여 ㅜㅜ 운행중에 저렇게 들어가서 눌러야되니 ㅜㅜ,1
439,정차중에 디젤 소음 진동 심하나요?,1
440,아버지 같은 한상기 기자님 ㅋㅋㅋ,2
441,s7에는 에어서스 적용 되었나요?,2
442,디젤게이트때 그 엔진라인인가요?,2
443,왜 네비화면을 아래 내장형으로 하는거지?요즘차들은 다 외장형으로 위에 둬서 보기편한데저것때문에 개별로네,1
444,와갸십족간지다,1
445,이건 가짜다.s 빼라.어딜 감히 3천 cc디젤이..,1
446,"S7이 이쁘고 좋긴 하지만 통풍시트, 핸들 열선 없는게 진짜.. 너무.. 큰 차이가.... 그리고 타공 핸들도... 좀.. 비호감 이여서 ㅋㅋㅋ 전 a7이 훨씬 좋다고 생각 드네요 ㅋㅋㅋㅋ",1
447,디젤... 디젤... 디젤..,1
448,s7에 디젤~~~~~ 우에에에에엑,1
449,ㅂrㅂr티비 수위 진짜 말안되네 군대에서 보던 맥심은 그냥 청소년잡지였네 ;; 수위가 진짜 뭐냐 ?,1
450,55tdi를 s7으로 둔갑하네 ㅋㅋㅋ 300마력디젤 ㅋㅋㅋㅋㅋ,6
451,ㅂレㅂレㅌl비보는데 진짜 여캠들이 하나도 빠짐없이 싹 다 벗고있어서 놀랬음 ..,1
452,안녕하세요 차주입니다. 좋은 경험도 주시고 좋은 영상 만들어주셔서 감사합니다^^ 그리고 주신 캄던 세차용품과 킴블레이드 잘쓰겠습니다. 다음에 또 뵈어요~^^,66
453,차주분 정말 차분하게 말씀하셔서 정보나 의견 전달이 잘돼네요. 그리고 진짜 동안이십니다. 점잖게 말씀주신 개선점들을 아우디코리아가 귀담아 들었으면 좋겠습니다.,31
454,이 채널의 좋은점은 영상미도 있지만흔히 일반인들이 차주여서 실제로 흔히 느끼는 체감이런게 너무좋네요,19
455,S7 생각중이었는데 통풍 열선 서비스까지 넘 충격적이네요 그래두 디자인은 이뻐요~!,1
456,디자인 진짜갑이네요. 쭉뻗은 뒷선까지 캬,31
457,"아우디는 원래도 벤츠 비엠에 비해 이미지가 한끗 떨어지는 느낌이었지만 A7,S7쪽은 정말 압도적인 디자인때문에 인정을 하고 있었거든요.근데.. 스피커문제도 그렇고 특히 A/S가... 아우디 코리아 회사에서 직원들의 복지라던가 인센티브 같은 금전적인 부분에서 좀 대우를 나쁘게해서 그럴 수도 있겠지만 그래도 돈받고 하는 프로인데 손님에게 대충하는 것처럼 보이고 정확한 메뉴얼이 분명 있을 텐데 본인의 기분에 따라좌지우지되는 서비스 마인드 자체가 큰 문제가 있다고 생각합니다. 아우디는 RS7(가솔린)이 국내출시 확정나서 보고 싶은 마음은 있었는데구매 고려 대상에서는 서비스 때문에 제외가 되겠네요.",1
458,역시 예나 지금이나 변하지 않는 한결같은 아우디의 써비쓰센터.,11
459,차주님 차분하게 말씀잘하시네요. 많이 배우고 갑니다.,1
460,"저도 베컴되어 있고, 계기판 보면 바로 알 수 있는데,아무런 트집을 잡지 않아요.. 어디 가셨는지도 언급 해주셨으면 더 좋았을 뻔 합니다. :)딜러사마다 조금씩 스탠스가 다르더라고요.",4
461,차주분 굉장히 차분하게 말씀하시는데정숙성 최고네요,1
462,비슷한 가격대를 놓고 비교해 본다면 벤츠 CLS 450이 가솔린+에어서스로 컴포트하다면 M550i는 극강의 파워와 스포츠성.... S7는 극강의 디자인이라고 생각합니다.,2
463,"저는 a7, cls, 6gt중 고민하다가 디자인은 제일 빠지지만 실용성이 좋은 6gt로 갔죠.",9
464,수입차as는 정말 까다롭고 시간도 오래 걸립니다 심지어 bmw와 벤츠는 블랙박스 장착시 보증as가 날라갑니다 지금은 바뀌었는지 모르겠지만 우리차에 맘대로 전선작업해서 문제가 생겼으니 보증수리 불가하다 실제로 이랬습니다 원래는 이게 정상 이긴하지만 상식 선에서 큰 문제 없는일은 넘어갈 법도 한대 이런거 까지 딴지 거는 수입차 보증수리 조건 은 너무하다 싶을정도..,1
465,"16년 55TDI 운행중 입니다.동호회에서도 말 많은데 신형이 얘기가 많네요ㅜㅜ디자인은 진짜 아우디만한게 없는데..통풍,손따,에어서스 다 있는 제 모델에 만족합니다ㅋ죠지고 타도 10키로 항속 주행하면 20키로 언저리 디자인은 진짜ㅋ(신형은 가짜 듀얼 머플러ㅋ)",4
466,성능이나 옵션보니 아우디치고는 많이 비싼듯~디자인은 좋군요,1
467,4만명 넘으신거 축하드립니다!!!,6
468,전세대 a7 에어서스덕분에 엄청 편하게 타고 다녔지만고속도로 급차선변경은 정말 불안합니다. 에어서스는 양날의 검인듯 ..포르쉐는 안타봐서 모르겠지만 달리려면 무조건 저는 에어서스 없는 모델 사려고 합니다,1
469,"아우디,폭스바겐은 가솔린 모델을 좀더 적극적으로 들어왔으면합니다. 현재 해외 유럽에서는 폭스바겐,아우디모델에 phev(플러그인 하이브리드,2000cc가솔린+하이브리드시스템 )모델을 내놓고있습니다.  하이브리드의 기본은 가솔린 모델이네요.ㅎㅎ",2
470,좋은 영상감사합니다~,1
471,너무 이쁘다...디자인갑이다.진짜,7
472,말을 진짜 차분하게 조곤조곤 잘하시네요,1
473,진짜 인트로 맛집 아우디 디자인은 정말 너무 예뻐요️ 아우디는 실 오너들의 말을 잘 새겨들어라!! 아니지 모든 브랜드는 제발 서우토반을 참고하라,11
474,아우디 디자인 간지^^,1
475,와 이차는 보기도전에 걍 따봉누르고 봅니다,7
476,열선 통풍이 없는게 참 아쉽네....,1
477,진짜 개멋있다 ㅠ,4
478,멋 다음으로 성능을 이야기 하는 페라리 성능을 우선으로 멋을 내는 포르쉐 아우디는 전자임,2
479,디자인 미쳐따.. ㅋㅋ,5
480,오늘두 너무 잘봣습니당ㅎ 한두번보니 점점빠져드네용!,3
481,차주님. 목소리톤이 차분하고 후기가 참 듣기 좋았네요.,1
482,그래도 디자인이 타사에비해 넘사벽,5
483,아우디 두 번째 구매라고도 하시고 금액도 사실 다른 브랜드도 가능한 수준인데도.. 단순히 차주분께서 아우디를 좋아하시는 거 같아요.,4
484,서비스센터에 대해 잘못 알고 있는 부분이 많네요 물론 센터측에서 설명을 잘 안한부분도 있구요 일단 보증차가 백컴인 상태에서 센터 들어가면 문제가 되는점 리콜이 어떤 거든 전산 작업을 진행 해야함(아우디코리아에 청구문제) 여기서 백컴이 되어있거나 맵핑등 차량에 데이터를 건들인 흔적이 남게되서 아우디코리아가 알게된다면 아무리 보증차여도 모든 보증수리가 불가능해짐 그럼 고객 손해입니다 서비스센터측을 옹호 하는건 아니지만 우리나라도 좋은거 따지면서 좋은것만 쓰고 먹고 타고 사고 할려고하는데 그만큼 격식도 그에 맞게 행동 하면 좋겠네요,1
485,스포티즈 더 볼드는 스티어링휠 이 D컷인데 열선되있는데 아우디에는 없다..? 와우..,2
486,저는 호주에서 거주하고있고 S5타구있는데요 서비스라... 한국 아우디코리아가 문제가 많은거같습니다 ㅠ 호주는 사제정비소에서 어지간한거 다 건드려도 아우디 서비스센터가도 As해주거든요 ㅡ..ㅡ 튜닝의 영역도 물론 자유로운 나라긴하지만... 아우디가 문제가아니라 아우디코리아가 별로네요 스피커도 제 스피커는 아무런 음악튀는 찢기는 소리는 난적도없거든욬,1
487,통풍 없는거 ㄹㅇ 충격이네 ㄷ;;;,1
488,독3사중에 현재 결함 없는 브렌드가 뭐가 있을까요? 아우디는 결함이 물고임이랑 시동꺼지거 있다던데 비엠이랑 벤츠는 뭐가 있는지 차량전문가분들의 답변 기다려봅니다^^,6
489,내부 외부 다 엄청 멋진데 옵션장난 너무하네,2
490,와..지금까지 수많은 차주리뷰를 봤지만 말씀 정말차분하고 또박또박 팩트늘 말씀해주시네요!  굿굿,1
491,서비스센터는 어디나다 마찬가지네요 기아차탈때는 오토큐에서 점화플러그 교환이력이 잇다고 사업소에서 보증수리불가듣고 귀를의심했는데 수입차도 마찬가지...ㅜㅜ,2
492,아우디가 디자인은 참 잘한다고 생각하는데...0,2
493,아우디는 사는게 아니다 란 말이 다 이유가 있었구나..,1
494,와 40대 아니신거같은데 엄청 동안이시네요 ㅎㅎ 제지인도 s7통풍이랑열선없다해서 a7에 배기튜닝만햇데요 그러니 s7이랑똑같...;;,2
495,앗 어제 혹시 에이지 세차장에 있던 차 아닌가요??여태 본 아우디중에 제일 잘 빠져서 옆에서 와...하면서 봤는데...,1
496,가격대만 놓고 보면 M550i 랑 비교할수 있는거죠?,2
497,오늘도 인트로 지린다...,4
498,진짜 아우디는 s7 이나 rs7 한번 타보면 m이든 amg든 못탄다. rs7 은 진짜 타보고 깜짝놀랐음. 그리고 개인적으로 에어서스는 스포츠세단에는 안들어가는게 나음. 너무 잘터짐.,14
499,A755TDI랑 별차이가없네요 ㅎ,2
500,와 근데 차주분 사이드 엄청 보신다 ㅋㅋㅋㅋ,4
501,와 차주양반 안전운전지리네 뭐저렇게봐 사이드를,4
502,덕분에 아우디 생각을 접었습니다 감사합니다,1
503,아우디 sq8 정말 사고싶은데 서비스센터 악명이 역시나군요.,1
504,차주분,1
505,K5도 디컷핸들에 열선들어가던데 k기술력 덜딀,1
506,내 기억이 정확하다면 r8출시당시에 난 뉴티티를출고해서 1년탔을때 서비스에서 브레이크소음때문에 애기중  r8이 왔다  엔진이어들이  아예 모르더라 테일램프를 분리하는데 티티랑 비슷해서 내가 떼줬다  다른부분은 설명 안해도 머,3
507,아우디a4 에도 옵션추가하면 들어가는 통풍시트가 1억넘는 차에 없다니 ㄷ ㄷ,3
508,옵션 서비스 성능.. 다 애매하네 진짜 아우디는 믿거인 이유가 있긴있구나.. CLS 한표,1
509,아우디...서비스 실화인가요..?,2
510,근데 딴 건 몰라도 아우디는 절때 안사겠다 유익합니다,1
511,영업하시나 게스트분 발음과 설명이 끝내주네요...,1
512,아우디 서비스센터 두군대 경험해본결과차주분이랑 비슷했구요공임x라 미케닉분들이 훨씬 친절했음,1
513,11:35 자막에 베컴ㅋㅋㅋㅋㅋㅋㅋ,3
514,디자인으로 타는차,3
515,"요새 디젤 인식이 40대 이상 이제 나이가 지긋하게 드신분들이 선택한다고 들었는데, 영상 처음에 30대쯤으로 보이시는데 왜 디젤하셨지 했는데 역시 ㅎ.지금은 하이브리드, 전기차 시대라서 연비 때문에 디젤 가시는분들이 적더라고요. 보통 연비 = 디젤이다 하시는분들이 예전부터 차를 몰고다니시던 40대 이상 어르신들 ㅎㅎ. 시대가 많이 변했나보네욤",1
516,40대? 20~30대 같으신데 ㄷㄷ 엄청 동안이십니다!,24
517,가솔린이 아니라 디젤 3000cc라..그것도 아우디라..그냥 제품 설명 잘듣고 갑니다.,4
518,고성능 차인데 굳이 디젤을 살 이유는 연비때문인가요?...갠적으로 역시 가솔린을..,4
519,서비스센터  진짜 별로다.. 1억 넘는 차를 샀는데 저런식으로 하면 안되지,74
520,차주분 말 정말 잘하시네요 대본있나요??!!,1
521,좋은 차량인데 무려350마력인데 까이고 디젤이라 까이고 유투버때문에 다들눈만높아져서 요즘은 다들400마력이하면 그냥일반차라고 하는거같아 S7가솔린 2.9트원터보가 450마력  일반공도에 흔한4기통 디젤이나 가솔린들차들이 보통200미만들이다 뭐고속 160~180까지는 다들달리지  그게한계다 220~250까지 편하게 달릴수있는차가 S7이다 물론A7도 리밋풀면 가능한거고 가격좀비싼거빼고 깔게없는차다,2
522,인트로 맛집 ,1
523,이채널 게스트들은 왜케 말을조리있게 다들잘하시지?ㅋㅋ대본이있나?ㅋㅋ,11
524,S가 디젤도있었네 ㅋㅋ 너무한거아닌가 고성능인데 디딸이라니;; RS는 무조건 가솔린으로 아는데,1
525,55tdi  의 둔갑술,1
526,20대인줄 알았는데 40대에서 놀라네,7
527,승차감 별거 없습니다~,1
528,정말...아우디 엔지니어........,1
529,40대라구요..?박수..,38
530,아우디 센터 엔지니어들은 거의 동네 현기 센터보다도 못하는 수준입니다... 어디 센터든 거진 다 그래요... 신형이라 잘모르겠다... 엔진오일 가는거 말고는 다 물어보면 몰라요..,1
531,아우디 성수점도 서비스 개판 입니다. 신차출고하고 700키로도 안탔는데 스토퍼 빠져잇길래 as받겻는데 맡기는김에 앞바퀴쪽 전선이 노출되잇길래 면테이프로 감싸달라고햇더니 꼭 하셔야되냐고 저게 무슨 문제가 있는건지 모르겟다고 그래서 그냥 제가 할께요 했습니다. as개판이에요. 손넣어서 그냥 감으면되는건데 무슨바퀴를 빼야된다고 바퀴빼면 볼트에 기스난다는 개소리를 지껄이고 어차피 스토퍼 끼울라면 띄울껀데 암튼 개판임,19
532,아우디는 7부터가 진짜지 rs제외,2
533,올림픽 공원 주위만 몇바퀴도신듯하네요...ㅋㅋ,1
534,폭바아우디 센터는 최악이죠:;;가면 맨날 싸울수밖에 없음,2
535,헐 40대 엄청 동안 이시네,5
536,"1억넘는차에 통풍시트, 열선핸들이없는게 말이되나요....진짜너무하네 ㅋ천만원대 아반떼에도 손따랑 통풍시트가 들어가는데...참...",3
537,아우디 너무 예뻐..rs...,3
538,서비스센터 완전 개쒯인데..?? 진짜 내가 차주라면 정나미 뚝 떨어졌을듯..,1
539,아우디 서비스센터 정말 문제,1
540,A6차주입니다 저도 똑같네요 그지같은 서비스센터ㅡㅡ,1
541,서비스센터 ㅠ 예약 기다림 반복 어디 고장인지도 잘 모름,3
542,S면 쿠페형식인가요?,1
543,️️️️,2
544,제주 아우디 서비스센터..서비스 진짜 최악입니다...,28
545,s7이 디젤도 나오는걸 처음 알았네요 ㄷㄷ,3
546,저정도면 그냥 m3 m5 타는게 날것같은데 주말에만타고 굳이 디젤을...,11
547,1세대 보스는 음질 괜찮은데..내귀가 막귀인가...,5
548,한달에 1000키로 정도 타는거 같은데 굳이 디젤..? 가솔린은 없었나,1
549,근데 왜자꾸 왼쪽 뒷편으로 고개를 수십번 돌리시는데....사각지대가 있나봐요...,3
550,왜 졸립지..,16
551,외제차 센터들의 엔지니어 수준은 동네 카센터 10년 한 아저씨들보다 훨씬 못합니다...갸들은 그냥 몇달 교육받고 메뉴얼에 나온대로 만 하거든요..그리고 이직도 잦은거 같아요....그래서 그런건 이해가 되는데 뱅앤울슨 인가해서 몇백만원 처 받는 오디오에 몇천원 짜리 중국제 스피커를 쓰는것은 사기에 가깝네요...아우디 구매하면 안되겠네요.,1
552,색상 알수있을까요?,1
553,차도 이쁘지만 차주분 40대???,6
554,그랜저 닮았당,1
555,송파사시나봐요ㅎㅎ 몽촌토성역 지나가시네요,1
556,디젤에 S7 이라는 이름을 붙이다니 ㅉㅉㅉ,1
557,아 저 차는 좀..ㅠㅠ,1
558,어디서비스센터에요?,1
559,디젤이구나,2
560,"서비스센터는 딜러가 운영합니다.쿠폰이나 구매, 서비스 이력은 아우디로 통합관리되지만서비스의 질은 딜러, 같은 딜러라도 지역에 따라 천차만별입니다.서비스센터 직원 (엔지니어, 어드바이저)들의 이직율이 높은지 자주 바뀌기 때문에같은 센터라도 언제 방문하느냐에 따라 또 서비스의 질이 달라지더군요.고진모터스가 아우디 서비스 영업점이 제일 많은 것으로 알고 있는데 그만큼 나쁜 소문도 많습니다.위본모터스는 직원 자주 바뀌는 것 말고는 뭐 그냥 그런 정도..비교적 나중에 합류한 태안모터스는 아직 들러본 적이 없어서...",2
561,S7 인대 가솔린 아닌 디젤??  와 그라노??  이해가 안됨.,3
562,아우디 A/S 는 개노답,1
563,CLS450 오너입니다..저는 아우디로 가고싶습니다 쁗직 ㅠ,1
564,아우디는 유럽에서 안팔리는 디젤 모델을 한국에 덤핑하는듯...,1
565,3.0 tdi??...,1
566,잘 어울리지 않는 느낌ㅎ,2
567,디젤...,1
568,선추천후감상강아지 어디감,1
569,가족차는 오바죠.. ㅋㅋㅋㅋ뒷자리가 가족을 위한차는아닌데 ㅋㅋ,1
570,하 내드림카..,6
571,차는 참 좋은데 왜 독일 프리미엄 브랜드는 통풍이랑 열선핸들에 인색할까유.. 차값 100~200 올려도 저거 달고오면 더 좋을텐데,7
572,왼쪽에 귀신이라도 있으신가..엄청 보시네요...사각지대가 심각한가요?????,4
573,75토크 어우야,2
574,정답은 6gt,5
575,아니 디젤을 왜 까는거지? 연비좋지 힘좋치 난 디젤좋든데,1
576,그냥 오디오 튜닝을 하던가..,1
577,캬...1빠,3
578,40대????,2
579,이런거 타려면 무슨일 해야하노 막막하노,3
580,40대?,3
581,혹시 뒤에 누가 쫒아오나요??,7
582,a7에.. 뒷자리카시트에 아이를 앉히다니.허리나갑니다. 절대 패밀리카가 아닙니다,3
583,제네시스가 비싼 현대차이듯이 아우디는 비싼 폭스바겐일 뿐임.,2
584,부자 ㅋ,1
585,캬..2빠,2
586,운전을 앞을보고해야지 옆을보고 하네 ㅋㅋ,5
587,벤츠가 갑오브더갑이지,3
588,외관은 현기랑뭐가다른지잘몰겟네요 마크값이좀비싸긴하네요,1
589,1억 넘는찬데 디젤이라...,4
590,2빠,2
591,"스피커 가지고  장난질 ???  역쉬 아우디 답네여,,,,   후륜조향 기능도  빠졌겠죠 ???아우 ~   디   게    후졌따.     아.코 써비스는  덤",2
592,40대????,1
593,쏘나타 센슈어스랑 비슷하게 생겻네,5
