,comments,likes
0,G90 VS 아우디,86
1,G90이 독일 플래그쉽과 함께 거론된다는게 정말 대단한거 같습니다A8 좋은차고 가성비가 참 좋은거 같은데 감가가 걱정되서 G90가 감가방어가 좀더 잘될것도 같아요중고차로 사면 이만한 차가 없을거 같네요,33
2,A8 하면 트랜스포터가 떠오르죠S8 모델의 그 포퍼먼스는 잊혀지지가 않네요.달리기성능과 콰트로의 우수성을 소비자들에게 잘 어필했으면 좋겠네요.,10
3,A8을 2008년에 처음 보았을때 드림카였는데.. 지금도 꼭 한번 도전해 보고 싶은 차입니다,8
4,S500 사면 우와 하는데 A8사면 그걸 왜 그 돈주고 사? 라는 건 현실이지만차이든 휴대폰이든 개인 취향이라고 생각합니다.저는 개인적으로 Audi라는 브랜드가 취향이고운전 트라우마를 극복하면 꼭 A7을 구매해보고 싶네요.PS Q7도 요즘 자꾸 눈에 들어오네요.. ^^;,28
5,확실히 이 세그먼트는 S클래스 살게 아니면 G90쪽으로 많이 기우는듯,41
6,유익한 영상 너무너무 잘보고 있습니다. ♡덕분에 지루한 일상속에 매일 행복하게 살아갑니다. 많이 감사드리고 있어요. ^^,3
7,트랜스포터에 나왔던 a8때는 플래그쉽다운 웅장함도 있고 진짜 멋졌었는데 갈수록 a6부터 a8까지 불필요한 선이 늘어나며 옹졸해지는 느낌이네요,1
8,우파님 정말 열정 본받고 싶습니다일일드라마 저리 갈정도로 매일 올리시네요애청합니다,2
9,G90추후 수리비 생각까지 하면 G90이 맞을듯 싶은데ㅎㅎ,5
10,페이스리프트된 A8은 진짜 훨씬 멋진데 아직 안들어온게 아쉽네요 ㅠ,35
11,나라면 a8보다 g90 ... 편하기로는 g90이 편해서... 1. 승차감이 한국식이다. 2. 정비성이 매우 편리하다.3. 수리비가 비교적 낮다.(a8대비)4. 쇼퍼드리븐으로 굴리기도 좋다.(사실 4인석은 쇼퍼용이지만.)여러가지로 g90의 압승이지만. 그건 제가 달리기도 안좋아하고 평소 운전도 규정속도로 해대서...굳이 아우디가 필요가 없어서임. 벤츠면 또 생각을 해보겠지만.굳이 젊은 차인 아우디가 탐나진 않음. 벤츠는 ㅎㅎ 아우디가 폭바 그룹이죠? 그러니까 a8이 쇼퍼로는 구리게 될 수 밖에 없음.(오너드리븐 최적화)g90은 4인시트 안넣고 그러다 보면 쇼퍼도 오너도 애매하다는 소리도 듣겠지만.a8은 아무리 봐도 오너드리븐만 되는 차라.젊은 사람 용임. 내가 늙은건 아닌데 취향이 늙은이라 ㅋㅋㅋ 저한테는 g90이 a8보다 넘사벽으로 좋네요.,17
12,전구회사에서 만든차량은 정말 예쁨ㅋㅋㅋ,11
13,이런 공식적인 할인은 받아봤자 중고 시세에 포함되기 때문에 큰 의미 없다고 봄. 아우디는 감가 있는대로 맞은 중고가 답임.,2
14,우파형 벤츠e클래스 트림 종류별로 한번 영상 만들어주세용 ㅎㅎ 우파형 항상 사랑해요우파형 덕분에 이클래스 계약하고 대기하고 있어요!!,7
15,"독삼사 플래그쉽 시승해본 입장으로써 s > a8 > 7 이네요7시리즈는 생각보다 실내에 유입되는 소음이 조금 있어서 마지막 순위라고 생각드네요 ,,(곧 풀체인지기도 하고)",14
16,A8이 독삼플래그쉽중에 가장 감가상각이 큰 이유가 있음...A8은 그저 A6의 고급버전이니까...,1
17,아우디라는 브랜드에 대한 큰 감흥이 없어서 브랜드 보고 사진 않을거 같아요. 제네시스든 아우디든 차 성능이나 디자인 보고 판단할듯 싶습니다. 물론 비슷하면 AS 때문이러도 당연히 제니시스죠,1
18,아우디 디자인은 ,1
19,개인적으로 디자인은 G90이 더 이쁘네요 물론 산다면 아우디입니다,19
20,"a8 에대한 생각은 기본기 탄탄하고 잘만든 정말 괜찮은차... 잘만든 첨단 가전제품이 생각난다.... 이정도.  플래그쉽에 필요한 그이상의 감성같은게 좀 부족하다는 생각이 듭니다.g90 은 a8과 비교할때 기계적 완성도와 절대적인 성능에서는 비교할수없지만 기계, 전자제품..그 이상의 뭔가가 어렴풋이 조금 느껴집니다.  국산차라 관리가 편하다는것도 중장년층이 주타겟인 이 그레이드의 차에서 무시못할 큰 장점이고...  젊은분들 이라면 a8 선택하겠지만 저라면 g90 구입할것 같네요.돈이 더 여유 있다면...?  닥치고 벤츠 s580 이죠.",1
21,그래도 에어서스때문에   사고시  좌우측  높아져요~ ㅎㅎ,6
22,g90보다는 확실히 아팔이가 좋다고 하더라고요.,7
23,수입차는 보증기간 끝나면 감가가 미침 ㅜㅜ그래도 감가 생각 없이 좋은차 타고 싶네요 ㅋㅋㅋㅋㅋ,3
24,"아우디 한대 운영하고 정말 좋아하지만, G90 에 비하면 많이 처지네요. 그만큼 G90이 잘 나온 것 같군요.",2
25,아우디 제네시스 둘다 꽤 오래타봤는데 현기는 아직 기본기가 독삼사 따라올려면 멀었습니다.. 고속도로에서 차선만 바꿔봐도 핸들의 느낌이 달라요..,27
26,7시리즈랑 a8 포지셔닝이 애매한 듯 ㅠ.ㅠ가성비로 밀기엔 가성비가 필요 없는 제품들이라..,7
27,성능보단 기능설명 위주의 리뷰네요...,1
28,진짜 시끄러웠던 인트로 바꾼건 신의한수다 ㅋㅋㅋㅋㅋㅋㅋㅋㅋ,1
29,이번에 A8옵션이 기본5개빠졌어요.특히 앞유리 이중접합유리가 빠졌어요.,3
30,유익한리뷰 ~~^^…영상 잘 봤습니다.,3
31,헐 오프닝영상이 바꼈네요ㅋㅋ 그 전 오프닝이 되게 정감가고 좋았지만 새로운 오프닝도 되게 참신하고 색깔있어서 ,2
32,21년 a7 오너로써 무조건 g90확실히 요즘 아우디 정말 화가날정도로 별로입니다.,4
33,와..아우디도 진짜 멋있게 나왔네..,11
34,문파크님이 벌써 전역 하셨구나.. 시간 참 빠르네 ㅋㅋㅋㅋ,66
35,인트로 바뀐거 딱 적당한 길이여서 아주 조씀니다,3
36,우리 우파형 보스후드 입었넹...모델이 입은거 보면 막막 그냥 막 하고싶었는뎅...ㅜㅜㅜㅋㅋㅋ우파형! 화이팅! 진심 잼나게 보고있음.,2
37,솔직히 벤츠 s클래스 빼고는 g90에 다 잡히게생겼음 이게 현실 ㅋㅋ,3
38,승훈이형~~~사랑해~~️️️️,3
39,고급감은 g90이 훨씬 좋아 보이는데,1
40,문파크님 전역 축하드려요!~!,1
41,근데 a8 저기에 옵션 더 넣으면 가격이 더 올라가지 않나요?,1
42,차보다 옷에 더 시선이 가네요 ㅋㅋㅋㅋ,2
43,"7시리즈면 닥 G90, a8이면 음 좀 고민해봄",2
44,g90이 훨씬 더 좋은데요. 저는 100배는 더 고급스러운거 같아요. 아우디a8은 진짜 구식 같아요.,8
45,아우디는 승차감 않좋아요~G90타보시면 차이가 엄청,1
46,A8은 기본적으로 전륜베이스인가요 아님 후륜베이스인가요? 국내는 거의 콰트로 기본이지만 콰트로가 빠진 모델은 있는지? 빠진게 전륜? 후륜?,2
47,차는 좋은데 한국에서 브랜드파워가 떨어져서 아쉬운 아우디,4
48,오늘의 차차 포인트 : 21:03,3
49,1억 초반대에 아우디는 절대 안갈거같네..,3
50,태안모터스 A/S 수준을 알면 한국에서는 아우디 사면 안된다는...,1
51,저는 제네시스 g90이 더욱멋있는것같고 또한 제네시스 g90은 회장님이 타는차일거같아요 우파님 옷이 정말 알록달록옷이 잘어울이리시네요 아우디a8이랑 제네시스 g90 연비 누가 더 적나요 제네시스 g90은 할인안주나요 제네시스 g90도 똑같이 하면 더 좋을텐데 정말 아쉽네요,5
52,솔직히 국산차가 외제차보다 더 고급스럽게 보인다는 말을 할 줄은 몰랐는데g90,7
53,같은선상이면 아무래도  국산이  더  위일듯   에이에스,1
54,실내는 G90이 더 고급스럽네요,4
55,제네시스도 벤츠마이바흐 아우디호르히처럼 상급브랜드 런칭했으면,1
56,3-4천 차이나면 저는 그냥 G90.,1
57,g90보다가 a8 보니까 외관이 a8이 옛날 차 느낌이 확 나네여..,3
58,아우디가 제네시스에 진다는게 말이안되네 ㅋㅋ,23
59,하이그로시가 너무 많네요 기스에 민감하신분은 많이 스트레스 받으실듯요 ㅠㅠ ppf필름 시공은 필수겠네요,1
60,"아우디단점은 A6,A8이나 보통사람눈에는 똑같은 차인줄 안다는 거죠.",12
61,아우디 제네시스랑 비교 절대불가= 아우디,5
62,"ㄹㅇ임ㅋㅋ 벤츠사면 오~벤츠 이러고 끝임 근데, 아우디사면 왜 아우디를 샀는지 하나하나 설명해줘야 됨ㅋㅋㅋ",22
63,결국은 핵심은 광고네요,1
64,한 1년전 A8리뷰랑 말이 다른것 보니 g90 나와서 태세 전환인듯한데.. 하긴 뭐 이해 함,1
65,아우디 a8l   vs    g90같은가격이아닌 아우디가 천만원정도 비싸다고해도 아우디 살듯요 ㅎㅎ 대부분이,3
66,G90 VS 아우디 둘중 결정을 한다면 난.....아우디 ㅋㅋㅋㅋㅋㅋ,28
67,미안한 얘기지만 아무리 예전기술보다 진보됬다고 하더라도 배기량기준으로 가격이 업됬다는 건 인정안할수없지,1
68,솔직한 비교는 LS 와 비교해야 맞지아무리 에어서스 달아도 저속에서나 좋지고속으로 가면 독일차 특유의 노면에 붙어가는 기술은 국산차는  아직 없다,4
69,a8 위 차량을 타고 있는데... 실내 소음이 너무 심한것 같이 느껴서 서비스 센터에 예약을 넣었는데... 동영상에도 소음이 난다고 말씀해주셔서 제꺼가 이상한게 아닌가보네요..,1
70,플래그쉽은.. 이제 G90이 A8 비빌정도니... S클>BMW7>G90>A8 아닐까 싶은데,4
71,비엠:젊어보이고 스포티함벤츠:고급스럽고 독일근본아우디:조명회사,3
72,a8 보면 저게 a6 인지 구형 a4 인지 잘 구별이 안되더라,1
73,정작 독일 총리 의전 차량은 A8L,4
74,아우디에서 A8이 어지간히 안팔려서 유튜버들한테 차량 제공하고 소정에 지원금을 제공하는건지 g90 비교 콘텐츠로 엄청 홍보하는건 나만의 느낌인데 오토xxx도 그렇고 자주 보이네?,3
75,판매량만 보면 실구매층은 g90 선호하죠,3
76,저만 영상보고 G90 에 더 끌리는가요?,1
77,아우디 사고싶다가도 ㅋㅋ  우파님이 영상찍으신거 보면 돌려까면서 계속 싼마이느낌 주입시키는 느낌이라 안사게될꺼같음 ㅋㅋ,1
78,7:34 사용 가능합니다... 일반적인 안드 태블릿처럼,3
79,돈있어도s클레스 > g90 > 7시리즈 > A8     이다.g90이 7시리즈 까진 모르겠는데정신차리고보니 A8을 따라잡았다는거에 정말 놀랬다.,7
80,아우디 ㄹㅇ 차 모를때 a몇인지 구분 1도 못했음ㅋㅋㅋ,1
81,무조건 아우디는 아닌듯 하네요. G90 보단 나은게 보이질 않아요,7
82,이차 수리몇번이면 중형차 1대값날라갑니다 ㅋㅋ,1
83,할인을 왜 할까부터 생각하시면 편할듯요ㅋㅋㅋㅋㅋ 추후 감가까지 생각하면 절대 안살듯,2
84,이야..인트로가드디어...,1
85,실내 고급스런운맛이 전혀없네요 그냥 차가운느낌,1
86,아우디 다 좋은데 오르간페달채택했으면 좋을거같음...,1
87,"주행성능 아우디 승,   유지비 g90 승",8
88,딜러: 괜히 빌려줬네~!,4
89,외형이 비싸보이지는 않네,2
90,와 다시봐도 아우디 로고자리에 현대 붙이면... 걍 현차아입니까?,3
91,왜 내눈엔 전면부 마크만 때면 소나타로 보이지.. 뉴라이즈 소나타 같음 내게 1억 2천 주면 9천주고 g90.  뽑고 나머지 3천만원으로 주식을하든 까까사먹든 할거같음,1
92,난 a8 웰컴 라이트가 이쁘던ㄷ,1
93,걍 A8 중고차 사는게 답아닌가요?!ㅋ 특히 대형이면 감가 장난아닐텐데..ㅋ,1
94,이 급에 악셀이 오르간페달이 아니네...기능적인 부분은 상관 없겠지만...있어보이진않네..,1
95,나도 차라리 g90살듯 ㅋㅋㅋ a8...,2
96,이 차를 보면 아반떼 형제차 같기도 하고 유럽차는 성능을 떠나 디자인이 고루해서 너무 삶아먹고 데쳐먹고 지져먹고 새차가 중고차같은 기분이 듦,1
97,인트로 ㅈㄴ 쎄련버전으로 바뀜!!! 굿!!,1
98,오 인트로 너무 귀여워여 ㅋㅋㅋㅋ,1
99,왜 아우디보다 옷이 더 눈에 끌리지...,2
100,"할인없고,국내소비자를 호구로아는 현대 쥐구땡을 왜사~?아우디에 한표!",4
101,아우디A8? Bmw7? 벤츠S클?솔직히 지나가도 잘 안쳐다봄ㅋㅋㅋㅋㅋㅋ근데 제네시스G90은 쳐다보더라~독삼사 차가 구린게아니라~디자인이 너무뻔하고 많이보던거라감흥이 없음ㅋㅋ,2
102,홍치H9 vs A8L... 우파님의 선택은?,1
103,A8타면 그냥 아우디네? 이런다구요? ㅎㅎㅎㅎㅎ,1
104,차는...개취다...,2
105,아무리봐도 현대같아..,1
106,노즈다이브  롱바디에 전륜베이스라 브레이크잡을때마다 앞으로 쏠림 심함,1
107,뒷자리가 좀 아쉽네,1
108,사고나보고 느낀점 왜 독3사 타는지 알겠더라,1
109,G90에 비해 A8이 왤캐 별론거같지...?이런날이 오는구나....,3
110,아우디 감가 작살남 뭐 그래도 살사람은 사던데 ㅎ,1
111,모니터와 히터 위치가 바뀐듯,1
112,그릴부분이 아반떼 17년식같이 생겼어요 ㅎ,1
113,a8은 C필러부터 글러먹었다.,1
114,좋은차 같긴 한데 중고매매상에서는 아우디 사지 말라던데요. 잔고장이 너무 많아 속썩을 일이 너무 많다더군요. 실제 오너였던 제친구도 징글징글했다고 말리더라구요.,2
115,닥아우디 ㅋㅋㅋㅋㅋㅋㅋ근본,7
116,이 사람은   아우디를 싫어하는구만.,1
117,조금있으면 80만이네요,1
118,닥 아우디지 ㅋㅋㅋ,11
119,전제조건 빡시넹 ㅋㅋ,1
120,3:05 이건 148997200원인데요..?,1
121,제네시스 g90이 이제 아우디 정도는 뛰어넘은드ㅛ,2
122,감사합니다.,2
123,아우디 a8!!,5
124,아우디 또 상술장난치네 ㅋㅋ,1
125,내가 타는차 반납에 삼백 할인이 무슨말이죠 내 기존 자동차 가치를 삼백에 인수한다는건가요? 아니겠죠?,1
126,아우디는 서비스가 ......,1
127,카푸어들 때문에 G90살꺼임저거 타고 다니면 카푸들때문에카푸취급당함,1
128,끝까지보고 느낀점 안팔리겠네  저돈주고 누가살까,1
129,당연 아우디아님?,2
130,플래그쉽만큼은 g90,1
131,G90 압승인데?,1
132,내가끄는건 국내에2대밖에없었던 A8L 60TSFI 차량인데 처차는  뒷자석에서 발벋는게없네요60 롱바디는 발올리는발판이자동으로내려옵니다.그리고참고로 제가끄는건4인승입니다.55는뒷자석 식탁옵션도없네요.진짜않좋은건 수납공간진짜개쓰래기입니다.넣을공간이 진짜없어요.,3
133,왜 피곤해보이지 ㅋㅋㅋ,1
134,제눈에만 아반떼 ad가 보이나요???ㅋㅋㅋ,2
135,오 인트로 바뀐건가? 이쁘다,1
136,할인 졸라 짜게하네 아직 한국인을 호구로 보는군 ㅋㅋㅋㅋㅋㅋ,1
137,전 세금땜에 아우디...,2
138,이걸1억넘게주고산다는사람은 ....그냥 차알못~~,1
139,휠 왜저러냐 진짴ㅋㅋㅋㅋ,1
140,아우디나 쉐보레나,3
141,4:30 우파형... a6 고 a8이고는 모르겠고 아반떼 ad랑 너무 똑같은데?내말이 틀리다고 생각한사람 인터넷 ad사진 보고 다시 보기,1
142,아우디는 A7!!,2
143,통신 모듈이나. 고치고 팔았으면,1
144,와 문파크 벌써 전역 했다고?;,1
145,그거왜샀어 라고 하는놈 특:  그거 살돈없음,9
146,오르간 페달도 아니네요,1
147,투표올리자 ㄱㄱ,1
148,A8디젤 엔진경운기소리 나더날고요ㅡㅡ,1
149,형 주머니 터지겠어요,1
150,주변 사람들중에 아우디를  재구매 한 사람이 없네요bmw 벤츠 제네시스는 재구매율이 높은데  아우디는 한번 타보고 다음차는 다른차가는것만 봐도 답이 나오는것 같습니다.,5
151,G90보단 A8l이지 ㅋㅋ,2
152,으.. 외제차라는거 중시하는 사람이면 아우디가고 차 수준만 보면 g90 갈라나? 둘다 가격이 비슷해서,1
153,요즘 아우디 잘 안보이던뎅....,1
154,아우디는 다 좋은데 내구성이 좀 떨어지는듯..   잔고장이 심함,2
155,에이~ 아우디 살바엔 g90사지 ㅋㅋㅋ,3
156,너무 다들 물고 뜯고 하네 어차피 살 돈 있으면 자기가 보고 여건에 더 맞고 이쁘고 편한 차량 사는건데 왜 그렇게 서로 까내리고 있냐 아우디가 좋은게 있고 제네시스가 좋은게 있는거지 크기도 솔직히 제네시스가 더 크고 한국에서 타기에는 제네시스가 좋음 한국차인건 맞아도 BM 5시리즈 벤츠 e클 타는 사람들보다는 g90 타는사람이 돈 더 많음 ㅋㅋ 한국 차량이라고 무시 네임벨류 막 이런 소리 하지마시죠 ㅋㅋ  막말로 아우디가 제네시스 보다 좋은게 뭐가 있는데 이름값이랑 엔진 v8 넣는거 제외하고 무지성으로 국내 차량이라고 까지마시고 좀 한번이라도 홈페이지 들어가서 차량 비교라도 해봐라 리뷰를 보던가 회장님들 중에 주변에 아우디 타시는 분은 한분도 못 봤음 벤츠 아니면 제네시스를 제일 많이 선호 하시지,1
157,차 빌려줬는데 오지게까이네ㅋㅋ 난 아우디ㅋㅋ,6
158,제목을 1억할인2800만원으로봄요,1
159,오늘 옷 무슨일인가요,6
160,총2800만원 할인은1억이라는거지형?..나살래..,2
161,한줄평: 20:20 ㅋ,2
162,난 g90,5
163,네임밸류라는게  있지,1
164,에어서스 잇나요?,1
165,아우디 홍보 많네요....불편. .,3
166,구리네요..g90앞승,1
167,제가 경기도 시흥시에 있는데요벤츠 SUV 마이바흐 발견 했어요,1
168,"3:04 148,997,200",1
169,휠 개토악질 나오네,1
170,난 람보르기니 우르스 계약 했징  신형 페이스 리프트 모델  크킄,3
171,개인적으로 g90이랑 a8을 현실적으로 고민해야 한다면 나는 개인적으로 g90 선택할듯 디자인이나 편의기능도 g90이 더 다양하고 이쁜거 같음 내외관 디자인만 봐도 a8 보단 g90이 더 나은거 같고.. 예전만큼 그런 아우디 느낌이 안나는거 같아서 좀 아쉽긴하다 그래도 독일3대장해서 벤츠 비엠 아우디 였는데 지금은 렉서스 만도 못한듯 이미지가,6
172,G90L,1
173,형 오늘따라 다리가 유난히 짧아보인다?,1
174,만수루 파마했네요 ^,1
175,G90 ~아우디 구림,1
176,아우디 서비스 가보신 분?,1
177,아우디 디자인이 너무 구림 안이뻐,3
178,그냥 g90 사 왜 그걸사냐,1
179,진짜 과장 1도 안하고  차 자체도 g90이 a8보다 더 있어보이고 차주도 더 돈 많아보임,9
180,그냥s클 살래,1
181,요즘도 S로 우와 이래?시골에서 그런거 아냐??,2
182,오늘 전화 주시기로 했는데 왜 안하시죵,1
183,재범달려,1
184,기분이 안좋아 보이셔요,1
185,세련된 디자인 아우디지 g90 노땅50대 할아버지 내릴꺼같은 차를 어따비벼 ㅋㅋ,3
186,산다면 닥 아우디지 ㅋㅋ 현기랑 아우디인데 ㅋㅋ,3
187,왜 이리 까? ㅋ,1
188,제네시스가 아무리 좋데도 핸들링이나 하체는 독삼사 못따라오는거 같은데,5
189,차기술은 무조건 A8더 부자스러워 보이는건 G90,3
190,독일삼사 다타보면 아우디가 개 ㅈ바린지 다알수있음 ㅇㅇ 센터가면 고객끼리 알아본다 S8이면 성능으로 가겠지만A8L 3.0이면 ㄴㄴ,1
191,유치하게 싸우지들 마시고각자 본인한테 맞는차가 있는거라고 봅니다.근데 해외 한번이라도 나가봤으면 (특히 유럽) 제네시스는 많이 올라왔지만 아직은 갈 길이 멀다고 봅니다.최근 독일인 리뷰어가 제네시스를 인정하는 모습을 보니 국뽕이 차오르지만냉정하게 자동차 자체로 보면 아우디가 인지도가 요즘 전기차 외엔 좀 딸리지만 확실히 완성도는 높다고 봅니다.그러나 한국에선 제네시스 G90이 상징하는 것들이 많기에 선택해도 충분히 좋은 선택이기도 합니다.가장 큰 단점은 역시 노조들의 자율적인? (개판 조립) 조립에 둘 수 있고 아직은 초기 품질만 검증되었고 추후 결함이나 여러 이슈들이 있을 수 있다는 것이 큰 단점으로 다가옵니다 ~(국산차 이슈는 언론에 노출이 많이 안되고 수입차 결함은 대서특필 하는 것은 감안해서 판단해야함),2
192,경기대노,1
193,G90보다 당연히 닥치고 아우디a8이지ㅡㅡ,3
194,저도 G90살바에  A8삽니다 ㅎ,5
195,요새 아우디 는 제네시스 아래급으로 봐요,1
196,a8...사면 호구...,1
197,O,1
198,하기싫으면 하지말라고,1
199,대형차 디자인은 G90 압도적 1위. 인정할건 인정해라. G80을 거지로 만들어 버리는 G90. G80 오너분들께 전합니다. G80 바다에 던져 버리고 G90 구매하세요. G90 디자인이 100배는 멋집니다,1
200,"아우디 줘도 안탐. s클 이 아니라면, 디자인이라도 이쁜g90 으로 갈듯.  아우디 디자인 개구림.",3
201,"아우디 A8 55TFSi 시승기/리뷰입니다. 1억 4천만원대의 이 차량을 각 도로환경마다의 주행은 물론, 이 차의 오너가 된 이후에 겪게될 상황들을 만들어 리얼하게 설명해드렸습니다. 제목에 있는 경쟁모델 오너이거나 예비오너이신분들이 보실만한 영상이면서, 아우디를 대표하는 플래그쉽모델이 어떤느낌인지 궁금하지 않으신가요?  ^^; 눈치안보는 방송 오토소닉스의 Audi A8 Review차분한 콘셉트의 이번 방송도 잘 부탁드립니다!! 열심히 할게요 ~~~ 도움이 되셨다면 구독 ! !좋아요 ~~ ",32
202,언제나 시승기마다 예리하고 깊이있는 기능및 성능 분석이 대단합니다.,1
203,정말 좋아보입니다. 특히 오너드라이버들 와~ 스포츠성과 럭셔리함 모두 갖춘듯요.전면 측면 디자인만 더 임펙트 주면 대박날듯요.,3
204,아우디가 확실히 성능면에서 업그레이드 된듯 하네요~리뷰 잘 봤습니다!~^^,6
205,"이거 디젤 시승한 적이 있는데, 별 기대 안했는데 의외로 괜찮았습니다. S560 4M을 몇일 전에 시승하고, 이걸 시승한건데, 주행감각은, 저에게는 이 차가 더 마음에 들었네요.일단 리어액슬스티어링 때문에 차가 굼뜨지 않은게 좋았네요.다만 S클래스의 네임벨류가 그런 단점들을 너무 커버하고도 남는다는게 문제였습니다.해서 결론은 파나메라죠. ㅋㅋㅋ...",5
206,이거 보고 시승기가 너무 좋아서 계약 했음다.  디자인만 좋은줄 알았는데 성능도 좋다고 하니까 . 리뷰 잘 봤습니다.,4
207,EQ900 몇년 타다가 보름전에 아우디로 바꿧는데....승차감.소음.야간주행. 완전 차이가 많네요. 벤츠는 못타봤지만 아우디 A8L 좋네요....아직 현기차랑 차이가 있네요. 아주 만족하며 타고 있네요.,2
208,나름 좋게 말해주시는 것 같네요솔까 1억 넘는 대형 세단 구매하는데 단점들이 운전하며 제일 스트레스 받는 부분들로 제 생각에 크게 와닿네요 변속하시는 부분은 보기만해도 답답한데...,4
209,말씀도 차분하게 해 주시면서 장단점을 잘 설명 하시네요. 어떤 유투버는 단점에 대해선 비꼬는식이라 눈살 삐푸려지던데..모처럼 자동차 리뷰를 끝까지 시청 하였습니다.,2
210,그리고..다음에는 알피엠도 함께 보여주세요. 엔진음에 대해 확실히 오너가 알수 있을듯요.,3
211,잘봤습니다. 리뷰도 리뷰지만 영상이랑 음성 싱크가 예술이네요 ㅎㅎ 마치 세트장에서 촬영하신것같아요. 대단하십니다. 본업도하시고 유튭도 하시고 ^^ 새해도 건승하십시오.!,1
212,와우 55tfsi.. 저는 a6 45tfsi도 충분히 만족하는데 보기전부터 쩌네요,9
213,독3사 플래그쉽 세단이 다 좋긴한데 이번에 S클 실내랑 장착된 성능 및 옵션들이 넘사같은데 ㅎㅎ...,5
214,개인적으로 디자인은 아우디 A8이 최고,32
215,디자인 이쁘네요. 영상 잘봤습니다 ^^,4
216,취약한 도로에서의 리뷰가 인상적입니다 ㅎ,1
217,기회가 된다면 A8차량 디젤로 비교시승기도 보고싶어요,1
218,"4:49 오토소닉스 선생님께서는 7시리즈, S클 모두 유경험 상태이셔서 본 영상이 더 와닿고 경청하게 됩니다",1
219,오...어느 리뷰보다 안정적이고 직관적입니다. 구독합니다. 꼴깍은..아마도 신차이기 때문인듯..몇키로 탄차에요? 그게 궁금하네요.,3
220,"아... 부럽땅... 확실히 내차보다 좋다.차를 폐차할 때까지 유지하는 저는, 동일 브랜드를 재구매한다고 해도 다다음 모델이이나 노려봐야겠네요. ...",11
221,아우디 많이 까이는데 저도 M5타다가 A7 55TDI 기변해서 몰았을때 생각보다 만족감 정말 높았던 차였는데 왜 까이는지 모르겠음 지금은 볼보 타는데 볼보도 만족,6
222,60TFSi 승차감이 너무 궁금하네요. 55에는 벤츠 매직바디컨트롤 같은 노면을 스캔해서 서스펜션 조정하는 어뎁티드 서스펜션과 포르쉐 PDCC와는 구조가 다르지만 네바퀴 독립적으로 조정하는 전자식 스태빌이 들어갔다는데 이부분을 다룬 시승영상이 전혀없네요.,1
223,"외관은 멋진듯한데 송풍구 구동 장치, 스피커 구동 장치가 조잡의 극치군요.얼마가지 않아 수리비 폭탄 맞을듯.",1
224,단점은 아마 오토소닉스 사장님이 체격이 좋으시니 아마 시트가 좁으실거에요ᆢ,4
225,항상 좋은소식 좋은영상 잘보고 있어요 감사해요,2
226,내가 좋아하는 소닉님이 드디어 내가 좋아하는 아우디리뷰를 해주셨다 ㅜㅜ!!!  소닉형님! 아우디 A7도 좀 해주세요 ㅜ ㅜ,4
227,전체적인 느낌은A8이 참 탐나네요CLS53 AMG오너인데 소닉님이나 노보스 리뷰를 미리봤다면 A8을 구매했겠어요1억3000천 출고  250만원할인받았는데A8을 할인율도 엄청나던데 ㅠ,3
228,최고 리뷰였습니다~,3
229,가성비가 독삼사 중에선 최고인것 같습니다,2
230,저런 모터식 송풍구 같은 방식은 나중에 수리비 폭탄 맞습니다..예전 MMI 모터 고장처럼...ㅠ,5
231,멋지네!A8  시승기 잘밧습니다 볼보s90도 시승기부탁드려요^^,2
232,항상 3인자죠 폭바그룹 벤틀리플라잉스퍼 꿀렁거리고 아우디A8도 먼가완성도는 좋은데 부족한느낌  폭바는 파나메라빼곤 플레그쉽 대형기함은 피합니다.이가격이면 740Li M패키지 넣어서 탈듯..,2
233,차도멋지고 소닉님도 멋지고~,1
234,피아노 블랙이라고 미화한 플라스틱 판떼기와 1억4천 플래그십에 짝퉁 머플러는 짜증 유발입니다.수납 공간이 적은건 아쉽지만 이해는 됩니다.지극히 주관적인 생각이지만 디자인은 정말 좋습니다. 그리고 가성비도 좋습니다. 정숙함과 에어서스펜션도 훌륭합니다.60 tfsi-e가 도입되면 구매 예정입니다. 미국에서 시승해 보았는데 정말 좋더군요. 플라스틱 판떼기도 미국에서는 원목이고,1
235,영상늘잘보고있습니다^^혹시 q8 50tdi도 시승해보셨을까요??45tdi영상만 있어서 조금 아쉬워서요^^;;;(50tdi 계약해놔서...)ㅋ,2
236,하루일과 마무리는 소닉님 영상으로!좋은 영상 감사합니다!,2
237,"S클래스,7시리즈에 가려서 그렇지 차는 진짜 좋은것 같네요ㅎㅎ 그래도 내가 산다면 S...",8
238,2017년 소닉님 730 g11보고 구입하여 잘 타고  오늘 a8 계약하고 왔네요. 30대에 비엠을 타고 10년동안 gt F10 G11 3대를 타고 40대가 되어 s를 고민하다 한번 건너뛰자 아우디를 계약했네요. 추석전 출고인데 기대되네요,4
239,X7구매전 시승해봤습니다.A8은 정챠시 엉덩이 진동이 많이 올라오더라구요그것만빼면 차는.좋은거같아요오늘도.졸은영상.리뷰.잘봤습니다^^감사합니다.,3
240,5년뒤에 중고로 사야지... +_+,2
241,언제 녹화하셨는지 여쭤봐도 될까요?밖에 나무나 풀들이 적어도 초여름은 되어보이는데 영상은 올해 2월이라고 되어있네요 궁금해서 여쭤봅니다^^,1
242,- 가죽 재질이 어떻게 되나요- 헤드라이닝 알칸트라 인가요- 시트 착좌감은 어떤가요- 주변 하차감은 어떤가요- s 450 과 740li 비교해서 어떨까요,1
243,대표님이 괜찮다하면 괜히 또 마음가더라... ㅋㅋㅋ,1
244,"혹시, BMW740Li와 A8L55tfsi중 어떤게 더 좋을래나요? 패밀리카로 보고있습니다",1
245,여기 저기 고장나면 수리비가 많이 나올 것 같은 느낌이네요.,4
246,간지 그자체 미쳣다,1
247,렉서스LS500 시승도 간절히 부탁드립니다.,2
248,그리고보니 이채널에 테슬라 시승기리뷰가 한번도없네요 ㅎ 어떤평가를 내리실지 궁금합니다,1
249,와 최고네요,2
250,"뒷북 댓글 일 수도 있는데요. 영상 앞부분에서요.저 포함 대부분에 시청자는 S클래스랑 7시리즈를 못 타봤어요. 근데 설명은 이건 S랑 가깝고 이건 7이랑 가깝다 하시면 그게 어떤 느낌일지요? 그리고 브레이킹 하시고 핸들꺾으면서 이런 느낌??? 하시는데 시청자들은 그 느낌을 어찌 전달 받나요? 영상 12분경에 ""우~와 서스펜션 기가 막히네요 에어서스를 이렇게 잘해 놓을 수가 있네"" 감탄 하시는데 이런 부분... 정말 어떻게 좋은지 좀 말로 설명해 주시면 시청자 입장에서 좀 더 공감을 하며 볼 수 있을것 같습니다.리뷰 잘 보고 토달아서 죄송합니다.",1
251,소닉님 이유가 뭐일까요..제가파나메라 페리계약해놨고 a8시승했는데 어떤의미인지 모르겠어요 ㅜ,1
252,A8을 이렇게 운전할 오너드라이버가 있을까요? 격에 맞는 리뷰가 필요.. 아반떼 리뷰도 아니고!!!!,1
253,340마력 이라 힘이좀 약하죠 2톤이넘는무게에 힘과 토크가 부족해요,2
254,벵엔올룹스 1920와트 3d오디오 성능은 어뜨셧나요?,1
255,영상 너무 유익해요,1
256,언제찍으신 영상인가요? 나무가 푸른걸 보니 최근에 찍으시진 않으신거 같네요ㅋㅋㅋ,2
257,제가 지금 타고 있는데 좋은점이 남들이 많이 안타서 희소성이 있고 디자인이 스포티하구요ᆢ장점은 고속도로에서 탄력 받으면 차에서 내리기 싫을 정도로 안정적이고 빠른 스포츠 주행성 입니다 ᆢ가격은 최초 모델 1억5천ᆢS클래스보다는 하급이지만 주행 감성 자체가 달라요~음악이 너무좋습니다야간에 엠비언트가 최고 이구요ᆢ리뷰하신 내용 정확하십니다ᆢ 역시 최고리뷰십니다,7
258,롱바디랑 숏바디 길이말고차이가머에요,2
259,갠적으로 이번 아우디 휠디자인이나 소재가 넘 아쉽네요~,1
260,아우디에서 가장 돈값 하는차,3
261,아우디는 제발 휠만 신형휠 상급휠 좀 꼽아주면 좋겠습니다 신차 출시될때 외국 유툽 영상 보면서 와우 정말 멋지다 라고 하다가 국내 들어오면 어 뭐가 다르지 뭔가 이상한데 하면서 살펴보면 구린휠 달려있어요자동차휠이 차량 디자인에 정말 중요한 역할을 하는데 말입니다정말 뒷자석 안전벨트도 그렇고 휠도 국내는 다른거 달아 출시하는거 보면 호구가 맞는것 같아요영상에 A8도 전체 디자인이 멋진데 휠모양이 에러라 생각됩니다,7
262,차주분 부럽당,1
263,a8은 후륜기반인가요??^^,1
264,많이 보던길..백석...저희동네..군여 .^^!!,1
265,구입직전입니다...계속 GT640이 아른거리는데 선택하신다면??(  에너지 넘치는 초등 아들둘입니다..),1
266,애들은 무난하게맨날 만드는이유가 뭐지 그위에 벤틀리 포르쉐도있고 아래도 있어서그런가,2
267,데쉬보드가 하이그로쉬네요부담스럽네요,2
268,저도 시승해보고 정차시 진동때문에 계약안했어요,1
269,아반떼들 댓글 지리네~ㅋㅋㅋs클래스로가고 7시리즈로간다네ㅋㅋ ㅋㅋㅋㅋㅋ,14
270,s560 차주입니다. a8 장점은 특별히 단점도 없고 플레그쉽이 가져야 할 모든 덕목을 가지고 있지요. 또한 지금 시승차들 5천 킬로 정도 되는 a8들 1억이면 구매 가능하고 가격면에서 충분히 메리트가 있습니다. 단점으로는 경쟁 플레그쉽보다 a8이 특별히 내세울 장점이 없습니다. 또한 보증기간 끝나면 유지 보수면에서 s450 or 740li보다 좀 불편하고요. 그리고 신형 풀체인지 s가 곧 나오고 내년에 7시리즈 풀체인지 공개라 지금 a8을 선택하기에는 좀 애매한 포지션이죠. 하지만 아까 말했듯이 1억이면 살 수 있는 플레그쉽이라 가성비 최고라고 생각합니다.,17
271,19:22 ??? : 이미 다이나믹이었어!,10
272,아우디 a8가격,1
273,오프닝 BGM좀 알려주세요오...,1
274,아우디  써비스는 멍멍이,2
275,비싼 값에...전혀 살 맘이 안 생기겠네요...아우디는 점점 중국차처럼 보이네요,1
276,아우는 패쓰,3
277,에이에잇,1
278,또  아우디  까이는거임?촬영도 한지 한참됬으믄  그냥 사진첩에  고이 모셔두시지 ㅠ플레그십 세단 순위1 A8.2 에쿠우우스3 벰74  빤쓰 s클라스,5
279,이렇게 옵션 디테일하게 보여준 리뷰가 처음이네요. 주행성도 대단하다더니 옵션도 대단하네요. 와...외판도 알루미늄이죠.  독삼중 동급에서는 정말 메리트 있는듯요.파나메라기술 적용해서 파나와 s클의 중간느낌이라던데요.,4
280,차 디자인만큼은 진짜 최고인듯.. 질리지가 않어~~~,8
281,언제 봐도 영상의 정성이 묻어납니다. 매력적인 차량이네요. 리뷰 감사합니다:),26
282,"터빈이 고장나면 직접 수리 ㅋㅋ역시 이번도 훌륭한 영상과 유머에 즐겁게 보고 갑니다^^아 그리고 15분 경 고급유 정유사를 잘 선택해야 한다고 하셨는데, 추가로 주유소도 진짜 고급유로 순환 잘 되는 곳 찾는것 역시 중요한 거 같아요.",4
283,질리지않는 디자인의 정수 아우디!,3
284,직선이 강조된 A8L의 정확도높은 리뷰 잘보고 갑니당.휠만 더 멋스러우면 더 좋았을것 같습니당.,2
285,아 너무 기다렸던 영상이네요ㅜㅜㅜㅠ A8시승기는 그리 많지가 않았는데 오토뷰에서 벌써 다뤄주실줄이야! 감사히 보겠습니다,26
286,독일에서실물로봤지만 진짜 아우디에서 이갈고만든듯한 느낌의 플래그쉽세단이었습니다,12
287,"김기태 피디님이 항상 하는 말 중에 ""어떤~만족감, 소비자분들이 타협하실수~,"" ㅋㅋ 재밌어요 ㅋㅋ",3
288,"A8은 내 외관 디자인, 실내 인테리어, LED 기술은 프리미엄 자동차 브랜드 중에서 정말로 독보적임",6
289,역시 오토뷰는 최고의 자동차리뷰를 보여주네요,2
290,오토뷰 영상팀 넘나 잘 만드시네요. 최고 입니다.,5
291,"아우디Q7 27,000 타고 있는데 아직 한번도 문제 없이 잘 타고 있습니다.할인 1300받았는데 고급감이 좀 떨어지는거 외에는 다 좋아요.특히 공간이 타사대비 넓어 아주편하게 쓰고 있어요",1
292,진짜 아우디는 예술이다...,41
293,실내가 진짜 너무 이쁘다...,4
294,a6 신형 2달째 타구 있는데 아주 만족하면서 타고 있습니다 아우디 조명 정말 밤에 이쁩니다 A8도 저같은 30대가 타도 괜찮은 듯 보이네요 기태형님 영상보고 첫 아우디 차가 A5 스포트백이었습니다 지금은 A6 바꿨구요 아우디 차는 6년정도 타보면서 참 괜찮은 차는 확실합니다^^,5
295,영상 잘 봤습니다.o^^o앞으로도 좋은 영상 기대할께요~!!,2
296,역시 디젤 게이트로 깔 수 있어도(?) 기술로는 깔 수가 없는 아우디네요!,20
297,영상미와 리뷰 최고입니다 :),1
298,올해도 믿고 오토뷰.. 감사합니다..,15
299,가장 객관적이고 담백한 채널!!!,1
300,와우 인트로영상은 정말 멋져요!!한편의 영화를 보는것만 같네용항상 감사드립니다~~,16
301,아우디가 자랑하는 첨단기능은 현대자동차에서 만들줄을 몰라서 국내에서는 사용 할 수가 없습니다.,2
302,레이져는 뭔가 강제로 최초 타이틀을 가져간거 같긴하네요. bmw랑 아우디 두 회사의 레이져라이트 기술이 동일한지 혹은 실사용시 느낌은 어떤지 비교해주시면 좋을꺼 같아요.,2
303,늘 응원하고 애청합니다!!,11
304,헛!! 이번주 A8리뷰 폭풍 업뎃이네요 ㅎㅎ현재 출시되는 아우디 가솔린 차량들은정말 터보랙이 없습니다.거의 자연흡기같은 엔진입니다.동급의 브랜드들보다 월등히 터보랙이 없어요역시 오토뷰 잘 보고 갑니다.,12
305,ㅁㅊ 37분 시승기 지렸다.,4
306,전 세대의 웅장하면서도 젊은감각의 디자인을 참 좋아했는데 이번세대는 웅장함이 많이 없어져서 아쉽네요. 그리고 지문인테리어...개인적으로 너무 스타워즈 느낌이어서 아쉽습니다.,1
307,앞모습은 이전 세대가 더 멋있는 것 같아요.,1
308,희안하게 아우디는 전장이 길어보이지가 않을까.. A부터 C필러 라인만 보면 엄청 길어보여야 할텐데 왜 그런느낌이 안드는지 참 희안하네,4
309,구년식 A8L 타고있는데 옛날부품이 지금나오는 A8L에도 조금씩 보이는게 조금 신기하다 라고 할까요..,2
310,7시리즈 신형 사진을 리뷰현장에서 찍으신걸보니 7시리즈 리뷰도 준비중이신가보네요ㅎㅎ 기대됩니다,2
311,제목에서 한때 알던 검정 W12 A8에 커프스까지 한 클래식 수트에 운전하며 시가담배 피던 멋진 다단계 사기꾼 사장이 생각나네요ㅋㅋㅋ,31
312,"우왓 깜딱이야 ㅋㅋ 잘볼게요! 출시하고 한참뒤에 인증받느랴 매번 늦게 도입하는 아우디, 리뷰는 정말 오랜만이네요",7
313,A8은 가격에비해 참애매하죠..,5
314,보통 인트로 건너 뛰는데오토뷰는 초반부터 클라이맥스 보는 기분입니다:),3
315,오토뷰는 진리.!!! 말해 뭘해. 짱,18
316,김기태PD님 뒷좌석에 앉으신 모습에 점점 익숙해지고 있다,9
317,11:22 서스펜션보소 ㄷㄷ,3
318,영상 잘 봤습니다. 역시 7시리즈 s클이 짱인것 같습니다.,2
319,믿고보는 오토뷰,3
320,대형 기함세단이 핫해치 급의 경쾌함이라..... 그럼 S8은 한술 더뜬다는 이야기인데......,2
321,오토뷰 영상 늘 잘 보고 있습니다,1
322,와 아우디A8 정말 갖고싶네요로또되면 사야겠다...,1
323,이건 인트로가 이제광고를 넘어서 영화네요,69
324,제동성능 테스트중에 풀브레이크를 밟았는데 갑자기 전방충돌경보 밑 긴급제동인 아우디 프리 센서 360 플러스 기능이 작동하나요?궁금합니다.,1
325,궁금한게있는데 혹시 K5리뷰는 언제쯤나오나용그리구 시동걸때 실내외 둘다보면좋을거같아요ㅜㅜ,1
326,시동노이즈 예술인데요 ㅋㅋㅋㅋ 인간은 역시 착각의 동물,1
327,45초쯤 인공적으로 보이는 눈발이 날리는 부분에서 뿜었습니다 ㅎㅎ,8
328,트랜스포터가 몰아야 할 새차네요 ㅋㅋ,2
329,김선웅기자와 역활을 서로 바꿔서 해보는것도 재밋을거 같습니다 ㅋㅋㅋ아니면 두분다 같은부분도 하는것으로 주행편 -김기태기자 주행편-김선웅기자   요론식으로 ㅋㅋㅋㅋ,7
330,핵심 : 눈에 보이는 옵션만 보고 비싸다고 하지마라,11
331,이번  a8은  잘  나왔네 ㅎㅎ,1
332,윈터타이어에 대한 정확한 정보 전달 좋네요.,4
333,퇴근 후 샤워하고 맥주마시며 보는 오토뷰! 최고에요!,16
334,와 헤드라이트 독3사중 최고다차도 이쁘고 럭셔리하다,4
335,오토뷰 좋아요~!!,1
336,bmw 745le 모델도 곧 시승기가 올라올 모양이군요,6
337,좋은 영상 잘 보았습니다. 감사합니다,2
338,7월 부터 우리나라도 3단계 자율주행이 정부에서 승인 했다고 하네요 다음연도a8에는 3단계 자율주행이 들어갔으면 좋겠습니다,1
339,아우디랑 BMW가 그릴 크기로 경쟁하는 중인듯. 완전 코주부가 됐어요,1
340,역시 플래그쉽은 S클이네요ㅋㅋ,5
341,사지도 못하는데 왜 이걸 보고있지 ㅠㅠ,130
342,트래픽잼과 자동파킹 기능은 현대자동차가 구현 가능해야 인증나지 싶네요.,5
343,차처럼 편안하게 잘보앗어요.,2
344,"조명맛집 아우디한가지 궁금한 게, 아우디는 왜 오르간 페달 사용에 인색할까요?",2
345,크.... 오토뽕에 취합니다...,6
346,캬 오토뷰 뽕에 취한다~,6
347,가솔린은 고급유가 필수라 주유하기불편하고 디젤은 진동과 소음이 신경쓰여가솔린과 디젤 어떤모델로 살까해서 잔액을 조회해봤는데.....,1
348,차 엄청 크네 ㄷㄷ,2
349,21:12 처음 알았네요 . 죽어라 풀타임 사륜사륜 했는데,4
350,독일 3사 중에서 가격이 가장 착한 브랜드는 어디인가요??,3
351,저는 오피러스프리미엄 타고 마누라는 a4타고있습니다. 승차감이면 승차감. 노면소음이면 소음. 모두 a4압승입니다. 정말 왜 수입차가 좋은지는 타보면 아네요,2
352,젊은 부자라는 말에 빵터지면서 시청합니다.,2
353,실내가  좋아 보이는데요,1
354,솔직히 독일차는 S클이 갑이다. S>>>>>7>>>>>>a8>>>>>>>LS>>>>>ct6,5
355,아우디는 조명회사가 아니냐고 불릴 만큼 실내-외 디자인은 손에 꼽을 정도인데 휠 디자인에 욕심을 안 내는 이유는 뭘까요? 허허,5
356,A8이 실수하는게 정말 차를 잘 아는 사람이 아니면 외관만 봐서는 아래 급과 구분을 못 한다는거...,4
357,"36분10초...정말 이런말 하기 싫지만...초대형 아반떼 모양같아요ㅜㅜ아우디 차 너무 좋은데...영상 각도가 ,아니 차 이번 디자인이  안습이당..폭바 계열사라 기술력은 벰 보단 월등히좋은데...ㅋㅋ그냥 웃고 넘어갑니다역시 믿고 보는 오토뷰~따봉",2
358,만들어진지 2년이 지나서 들어오니 참 아쉽기만하네요ㅠㅠ,13
359,기술의 아우디 주행의 비엠 s클래스의 벤츠,9
360,a8 검정색차 끌고다니면 왠지 어벤져스 멤버가된 느낌이겠는데 ?!,1
361,역시 인트로는 오토뷰,6
362,문제는 1억5천대 살차가 너무 많다는 사실...,21
363,와우!!!저의 드림카!!!!,2
364,잘봤습니다.,1
365,역시 조명회사,2
366,왜 영화를 찍엇어요? 이젠 점점 자동차광고회사로 진출해도 될듯하네요...ㅎㅎㅎ,1
367,같은 환경에서 운전을 하니 G90 A8 S클래스 같은 차종들을 승차감 테스트나 핸들링 테스트가 가능한것이죠 요새 A8이랑 G90 갖다놓고 뭐 실내 한번 비추면서 촬영하면서 어쩌고 저쩌고 하는 리뷰어도 있던데 참 오토뷰 보다보면 허접합니다. 별 큰 정보는 아니지만 차라리 레이저 라이트에 대한 상세한 설명이나 이 차량에 뒷좌석 리모콘으로 조작하는 모습들과 뒷좌석 안드로이트 오토 같은 부분들이 왜 이 차량이 왜 1억이 넘는지 보여주는 대목이 될 수가 있을것 같은데 그놈의 뒷좌석공간 비교 및 소재 비교하는것들은 참 답답합니다.. 아직도 주먹 몇개 들어가나 이러고 있고 그저 못한 것 까면서 어그로 끄는 업체들이 많은게 아쉽네요 반면 오토뷰는 고급차 리뷰할때 뒷좌석도 탑승해보는것과 고급차가 갖춰야될 편의장비에 대해 확실히 설명해주는 모습이 정말 15년 이상의 노하우를 가진 김기태PD를 비롯해서 다른 파트에서의 전문가또한 테크니컬에 대한 설명까지 덧붙혀 지니깐 너무 듬직합니다. .,2
368,무게배분은 어떤가요??,1
369,결국 high end는 모두 벤츠를 따라가네요. 역시 benz 입니다.,1
370,외국 고급사양은 국내에서 현기가 출시전엔 허가를 안내주는거 같음기술이 없는건가?,6
371,그러고보니 이 친구들도 전기차나 하이브리드같은 친환경차 출시해야할껀네.아니면 내가 그냥 모르는건가?,1
372,"아우디 에서 외계인을 스카웃 했나보다, 현대차는 아우디 디자이너를 납치 했거나 모셔왔겠죠, 현대 에서 품질 성능을 못 따라 했다는게 다행 입니다.",1
373,영상 제작에 음량의 표준을 쫌 맞춰주세요영상마다 음량이 제각각이라 연속해서 시청하면 늘리고 줄이고 해야해요,1
374,오토 파일럿 빠진게 크다.,1
375,Q8  도 리뷰 해주세요,1
376,이런개  기술이지,1
377,역시 갓토뷰구라 머플러 휴 트렌드인지 나발인지 뭐때문인지 모르겠지만 진짜 이상하다,5
378,가속페달이 오르간타입 아닌건가요?,1
379,조명회사 아우디의 플래그쉽 세단. 아팔!,2
380,그릴디자인이 이제 늙어가네요 한때 최고였는데,5
381,여기도  택시  미터기 있네,2
382,언젠간 타보고픈 에이에잇,1
383,하이텍놀로지~ 아우디,1
384,인트로 죽이네!,1
385,저거 배기구 디자인 때문에 외국에서 저것 갖고 엄청 까였다는데...,2
386,당연 k5 올라올줄 알았는데,1
387,선추천 후감상!!,9
388,아우디 A6 40 콰트로보다 커요?,1
389,뒤가 제네시스네 제네시스가 미래로 가서 따라했을린 없고....A~~ 8L 같은 ㄴ ㄷ,1
390,65tdi 같은 모델도 들어올려나......,1
391,"아우디는 3,4년 지나면 가격 엄청싸지던데아시는분 17년식 a8 3만오천불에 삼 미국에서일이지만...",2
392,엄지먼저~,1
393,2년더기다릴께~중고반값되면 그때사야지ㅋㅋ,2
394,이거 구형 아닌가요? 디잔이 신형스럽지가 않은데요,1
395,A6  시승평은 안 하시나요?,1
396,전구 회사에서 만든 자동차..,7
397,아우디 답네요,1
398,자동운전이 있을까요?,1
399,이 몸이 죽고 죽어 일백번 고쳐죽으면 한번은 탈 수있는 삶이 있겠지?,2
400,1억5천가는 플래그쉽인데 디자인이 A6나 별 차이없네;;,2
401,아우디 조명회사 ㅋㅋ,1
402,휠 디자인이 너무 아쉽네요,1
403,테슬라 모델3은 언제 리뷰해주시나여~~,1
404,이제서야 들어오면서 첨단기능마저 빠지면 누가 살까,1
405,그랜져 는 언제나 시승하나요?,1
406,인트로는 뭐 광고영상 이네요 ㄷㄷ  홍보비 받아야 되는거 아냐,11
407,어차피 벤츠에 밀린다는 건 사실,1
408,사지도 못하고 줘도 못타는 비싼차다. 다음생에 이건희 회장 둘째아들로 환생하고 싶다.,2
409,페이스리프트 그랜저 언제 보여주시나요~~!!,1
410,선웅기자님 아직 베리타스 타십니까?  ?,1
411,개인사업자 리스조건은 어찌되는지요~~?,1
412,아우디 나가있어            4천 디씨하면 가능할듯판매,2
413,32:41 설마 크롬라인 단차?ㅠ,1
414,프론트 디자인은 참 안타깝네~  어색한 형태의 라디에이터그릴~마치  다스베이더같은 저 이쁘지않은 형태~~어쩔꺼냐?!  에바다~~~,1
415,벤츠 사는게 나.2016년식 소유한 나로썬.,1
416,마지막 : 어어어어~ 아니야~ ㅋㅋ,4
417,김선웅 씨 목소리가 너무 작게 녹음됐어요.,1
418,아우디가 램프류디자인등과 실내디자인은 매우 좋으나 문제는 품질이고 서비스입니다..그것이ㅣ 개선되지않아 나같으면 벤츠를 사지 아우디안삽니다.,1
419,G90은 저리가라네요.....,3
420,정유사 추천해주세요,1
421,왜 자꾸 아반떼ad 대짜같지....,10
422,승차감 비교 대상으로 벤츠s560을 제시한건 좀 오바네요..배기량차이도 그렇고 s560은 4천찌찌에 벤츠의 최고기함인데...a8 55는 3천찌찌죠,5
423,젊은 부자를 위한 대형세단. 돌려까기? ㅋ,1
424,아우디는 한국소비자를 봉으로 생각하며 품질이 엉망지창인데 내생각에는 아우디구매는 바보다.,2
425,BMW 콧구멍 커진거 극혐이네전전 세대가 딱좋았었는데,1
426,앞대가리는  아방이 스포츠  따라했네,1
427,"이걸 봐야 합니다!사지도 못 할 차!그럴수도 있죠!허나,차를 구입하고 하시는 분들은 현기의 엄청난 장난으로 주머니를 털어 간다는 것을 아셔야 합니다.이 아우디는 이미 2년전에 나온 차입니다.6일짜 뉴스에 자율3를 허용한다고 하는데!지금,이차를 사면 현기는 물론 아우디 호구가 되는겁니다!2년젠에 나와서 활기친 기술을 이제서야 쓴다?ㅋㅋ 그기술이 GV80에 쓴다고 하는데?그건,풀옵션에서 만나셔야 할듯?글구,아우디 양옆에 레이디가 원래 두 개입니다.한국에 팔려면 하나를 떼어야 한다는 것!벤츠도 떼고!심지어,비엠도 뗐습니다.IT강국?여러분!로봇 팔 하나 못 만드는 기술력으로 뭘 한다나요?이미,독일차들은 스마트팩토리로 시작해서 불량율 제로에 도전 하고 있습니다.하나더!여러분들 머리에 불나게 해드리죠!아우디 Q5를 멕시코에서 그것도 스마트팩토리로 1.1조원을 투자하여 년생산15만대를 해보겠다고 하며 직원만4,300명을 뽑는답니다.근데,이게 외교이고 국가경쟁력입니다!!테블릿PC보면서 만드는 한국차!!년생산이 350만대?누가 그럽디까?자국에서 만들고 타는차는 한달에 인도 받아야 하는데...뭐~6개월??X7인도 받는게 6개월인데...더빨리 내주겠다고 하더군요.그냥,돈 벌어서 수입차?타는거 낫다?그런게 아닙니다.제대로 안만드는 차는 아니나...이젠,장난치지 않았으면 좋다는 뜻으로 말한겁니다.품질이 나쁘다고 한것도 아닙니다.안되면 배우라는 겁니다.떳떳하게 경쟁했으면 좋겠네요.저는 아우디 우왓!합니다.허나,앞으로 나올 G80을 사서 타보고 싶은 사람 입니다...그럼..",4
428,차 드릅게 출렁 거리는거 같은데,1
429,할인 5천은해야할듯 누가이가격게살까 s500사긋네,3
430,아우디 너 나가잇어,1
431,S>>>>>>>>>>은하계4차원의벽>>>>>7>>>>A8,2
432,저 아반떼그릴은 안바꾸네..,1
433,저런 걸 미쳤다고 1억5천이나 주고 사냐. 외제차들은 딱 절반 가격이 맞음.,1
434,한국인이면 제발 제네시스 삽시다. 이딴 차 살바엔 g80 사고 남는돈으로 뜨끈한 국밥 만육천그릇 사서 밥말아서 먹읍시다. 전범국  아웃.우리가만든것우리가쓰자,2
435,아우디 무시하는 나라는 대한민국뿐ㅋㅋㅋㅋㅋㅋ저도 이번에 a8샀어요ㅋㅋ차 진짜잘만들었음악플러들 차까보면 절반이 아방이나 k5 그랜져일듯ㅋㅋ,4
436,이제 9개월째 타는데...가격대비 가성비 굿 입니다. 580 별거있나요? 아우디 만족하면서 다닙니다. 흔하지도 않고. 이큐 타다가 아우디 타는데 차이가 많네요.,3
437,비교분석 좋으시네요,3
438,가성비는 지구공이...ㅋ 애매합니다.ㅋ,2
439,60 탑니다  작년 벤츠 마하이슈로 갈아탔는데 너무 만족     막연한 삼각별 로망만 버리면 선택장애 없어집니다,2
440,다른 채널 아우디딜러는 얼굴 다나와서 설명친절히 해주는데 판매사원의 자세가 아니네요,3
441,없어서 못 판다니..ㅋㅋ 이건 아니지..,3
442,S클래스가 A8보다 좋은 이유는 300가지가 넘음,7
443,벤쯔가 좋은 차라기보다는 그냥 쓸데없이 비싼차.?,7
444,조수석 모자이크 왜 합니까?영상 보다가 짜증납니다.,5
445,ㅋㅋㅋㄱㄲ  무슨 차타고 다니는데 1억6천을 쓰냐 똑같은 자동차 아무튼 다들 똥폼에 개거품들5~6천만원 짜리 국내 중형차 한 대 사고 나머지 1억 더 조은 곳에 쓴다,3
446,할인을 원하시면 비엠이나 아우디 사세요 라고 말하더군요.. A8 차 너무좋지요,1
447,현재 타고 있어요 ᆢ물컹 물컹해요한개도 더 좋은거 없어요20년 5월  1억 5천줬어요~요즘은 1억 2천 한다네요 ㅠㅠ,3
448,오늘도 영상  잘  보고 갑니다....매번  볼때 마다  욕심이 나는 차량들을  가지고 소개하셔서 .......죽겠어요,2
449,오 관심갑니다...좋은차량이긴 한데..,2
450,A8 4.2 TDI  LWB 5way모델 찾고잇는데 ㅜㅜ정말없네요ㅠㅠ,2
