,comments,likes
0,TT 진짜 디자인 멋지다,7
1,전  2세대 TT 엄니가 아직 몰고있는데 곡선이 들어가서 이쁜디자인인데 3세대는직선이 많이 들어가서 남성적인 디자인이 돋보이네요 ㅎ,11
2,아우디 디자인은 세련됐다,11
3,오늘 사상에서 소프트탑 봤는데 정말 멋지더라구요. 근데 안판다니 ㄷㄷ,3
4,아라잇 티티~~ 저라잇 티티~~ 내맘 모르고 너무해 너무ㅎ ㅐ~정말 국내에 맞는 스펙과 서스펜션 그리고 브레이크가 상당히 좋네요 220마력대더라도 6초 초반대라면 가속도 나쁘지 않고 제동능력은 상당히 좋네요 국내에 젊은 20~30대가 어느정도 차에 비중을 많이두고 여유가 된다면 괜찮은 차량 같네요 이제 곧 아우디 다시 국내에 판매 될 확률도 생겼고 현재 있는 차량들은 최대 40%까지도 할인을 해줄 예정으로 알고 있는데(몇달 방치된차량이긴하지만요) 그런걸 통해서 구매를 할 수 있다면 가성비가 상당히 좋을것으로 예상이 됩니다 특히 디자인은 정말 넘사네요,3
5,재미있게 잘 봤습니다~,5
6,버추얼 콕핏.. 효과적이고 정말 멋지다.,3
7,자동차계의 특검!오토뷰 언제나 응원합니다~제 소유 쌍용차  두대가 오토뷰에서 죽도록 까인건 안비밀~ㅎㅎ,3
8,항상 잘보고 있습니다. 저만 그런지 궁금합니다. 다른 영상들은 괜찮은데 유독 오토뷰 영상을 볼때만 음성은 진행이 되는데 화면이 멈추는 경우가 많이 있습니다.,4
9,TT가 디자인은 참 좋은데 미니 R8같은 느낌,27
10,저도 딜러 말에 현혹되 TT Rs를 구매했는데 데일리카 시내주행용으로 2년 가까이 타고나서 깨달았습니다 사실 200마력이상은 제게 의미가 없는듯 싶습니다. 일단 많이 밟아야 전 190-200인데...TT로 살걸ㅜㅜ 남은돈으로 맛있는거 사먹을걸....,7
11,목소리가 신문선과비슷하네요ㅎ,2
12,TT구입하는데 도움이 많이 되었습니다. 정말 감사드립니다,1
13,갖구싶다,3
14,아우디TT.....이쁜차지,3
15,판매중단 이후에 보는 리뷰라서 그런지 TT가 눈물 이모티콘 처럼 보이는건 기분탓일까요..ㅠ,9
16,이좋은차가 디젤게이트랑 딜러들도 황당해하는 책정된 국내판매가ㅡ.ㅡ 거기다 판매정지...,22
17,판매중단.... 1세대 tt가 충격적이었죠,4
18,이미 팔린건 어찌되나요? 중고로  구매도 안되나요?,3
19,이 차 왜 판매중단 된 거에요??,3
20,아무리 그래도 .. 말리부나 k5는 따라 잡겠죠???,1
21,just like tt~,3
22,하지만 가격대가  A45 amg하고겹치던데 둘이비교해서 TT를고를 매리트가있을까요?,3
23,동급대 벤츠 c클쿠페가 낫네요,3
24,링컨 컨티넨탈 부탁드립니다,2
25,bmw x5 m50d시승기 부탁해요,2
26,아우디 ㅜㅜ...,3
27,판매중단 되었나보네요?,3
28,엔진룸에 먼 모레가 겁나네  침수차 인냥,10
29,인터뷰 아저씨 잘생긴듯,3
30,난왜 r8보다 tt rs가 더 좋지?그지라 그런가?,5
31,우병우가 김피디님을 닮았군요,4
32,헥사그릴이넹,3
33,벤츠 c클 쿠페가 훨낫구만,3
34,선댓글 후감상~믿고보는 오토뷰근데 김기태님께서추천하지 않는 k7계약했는데 ㅜㅜ파기해야하노?!,7
35,유지비지랄,1
36,ㅇ,3
37,!,2
38,tt,2
39,망우디에서 돈받앗나 보네.이런걸 시승기라고 처내놓는거보명 망우디 중고로 업어 왓는데 디젤게이트 터지고 중고차값 10% 토막 낫다 내생에 최악에차,3
40,"지금 이 차량 차주인데여고질적인 네비 문제가있습니다 ,,,아마 저렇게생긴 버츄얼콕핏 네비는 모두 11%에서 로드가 멈추는 증상이있습니다 당장 그런 버그가 없더라도무조건 언젠가 생깁니다 무조건",12
41,일반유 넣어도 되나요? 지방은 주유소에 고급유가 거의 없어요. ㅠㅠ,4
42,연비가 아주그냥 끝내주죠~~,1
43,네비 단점.앞라인 usb 저속충전 단점.컵 홀더 하나 밖에 없다란 단점.헤드업 디스플레이가 없어서 단점. 시트 포지션 메모리 기능 없는것 단점 ....측후방센서 감지와 전동 트렁크는 바라지도 않음 애메모한 가격임을 인정 하지만 z4 보면 아쉬운게 많으게 사실지금도 만족하면서 타지만 Z4와 같은 시기에 나왔으면 좋았을거같은 약간의 아쉬움이 많은 애마임...추가로 220 마력임이 아쉽다고들 하는데 대한민국은 공도는 아우토반 아님신호 받고 적당히 밟아도 적당히 잘 나감.,7
44,어디서 수입하셨어요?,4
45,일반유 넣어요? 고급유 넣어요?,2
46,차 파실 의향 없으신가요 ?,1
47,안녕하세요?^^ 카앤톡 TV가 네이버 밴드 및 네이버TV를 개설하였습니다.  두군데에도 많이 놀러와 주세요~~네이버 밴드 주소 : https://band.us/n/a0abz8b466u9z네이버 TV  주소 : https://tv.naver.com/cartvq,2
48,계속 발전하는게 보기좋네요ㅎㅎ항상 설명을 잘해주셔서 도움이되네용ㅎㅎㅎ영상 잘봤습니다!!,1
49,아침 06시부터 영상이 올라오다니!너무 열심히 일하늗거 아닌가요?아우디 tt는 패션카 같은 느낌이죠차는 참 이쁩니다그리구 로드스터가 이쁘죠!전 이제 아침먹고 출근준비합니다영상은 퇴근후 볼게요,2
50,참 좋은내용인데 생각보다 라는 말씀을 너무 많이 하시는거 같네요. 그것만 좀 바꾸신다면 ,2
51,자료 감사합니,1
52,썩차tv 컨셉이란 잘 어울리는 차량이네요!!,3
53,집 지하 주차장에서 파란색 컨버터블 거의 맨날보는데 2003년식 치고 요즘 차에 끌리지가 않네요 시험기간동안 못본 영상들 보는데 차주님 리스토어 성공적으로 하시길 바래요~,1
54,차주분 멋지시네요!!ㅎ,3
55,잘봤습니다 늦었네요 ㅜㅜ 항상 썩차 TV 영상 목빠지게 기다리네요 ! TT는 구형 폭스바겐 뉴비틀 스포티? 버전 인것 같은느낌은 저만나나요? ㅎㅎ영상잘봤습니다 감사합니다~~,4
56,썩차 TV 화이팅!!!!!  곽기용 완전 미남!!!! 팬이에요,4
57,썩차 티비 화이팅 ,4
58,고프로...ㄷㄷ 찾아서 다행입니다,2
59,재미있게 잘 봤습니다,3
60,내차도 화석 TT 입니다 ㅎ,1
61,1:45  썩차tv의 피셜입니다.,3
62,아우디 TT 는 저 때가 이쁘더라구요ㅎ,1
63,11111111,2
64,22222222,2
65,"디젤케이트로 2016년 8월부터 수입 안되었어요. TT 보다 윗성능 TTS, 그리고 최고봉은 TT RS(국내 한대 있음). 지금 중고는 2016년식이 최신입니다. 실내는 수납력 제로, 의자는 굉장히 작아서 55사이즈 입는 여자분에게 딱 맞아요(남자사람 어케타?), 뭔가 제끼기 위해 밟으면 잠시 멈칫 하다가 총알처럼 튀어나가요. 서스펜션은 딱히 하드하지 않지만, 그렇다고 승차감이 좋진 않아요. 코너링 좋지 않아요. 성능 뒤지지 않아요. 마력이나 토크 비슷한 차들과 비교하면 안되는게, 얘는 사이즈가 작기 때문에 걔네들보다 가볍게 나갈 수 있죠. 여자들이 몰기엔 편리하지 않아요. 의자는 낮고, 의자가 낮아서 소위, '하늘만 보이는' 시야에요. 운전못하는 사람들은 보닛끝이 보여야 운전할 수 있다고들 하던데...보닛 전혀 안보입니다.  뒷좌석과 트렁크는 그냥 없다고 하는게 맘편해요.  하지만 너무 빼어난 외모, 그리고 떨어지지 않는 성능으로 불편함을 모두 극복할 수 있어요. 그리고 또하나의 단점은,,비싸요",2
66,지금 이분이 계산해주신건 진짜 최소금액 같네요 엔진오일이나 기타 수리비까지 더해지면...ㅎㅎㅎㅎ,2
67,"미니 매니아인데, TT 관심있게 계속 보고 있습니다. 서킷에서 콰트로 느낌은 어떨지 궁금하네요!",1
68,BMW 4시리즈 그란쿠페 유지비 궁금해요!!,1
69,형 첫차라는 중고차 어플에 있는 중고차 리스에 대해서 좀 알려줘!!,1
70,장피디님 점점 잘생겨지시는듯...,5
71,"""브레이크 패드""  ->  ""풋 레스트"" 입니다~",2
72,한때 예전에 인기가 많았던 아우디TT ㅋㅋㅋㅋㅋ,2
73,10:00 반대로 말하면 조금만 더 존버하면 감가 개쳐맞은 C클을 살 수 있다 이건가?,3
74,4륜+ 듀얼클러치 +DCT 입니다..여기 유트브랑 안맞지만 ㅎㅎ 전 2천만원대 이런차 구하기.쉽지않아용,3
75,형 아우디 rs5 유지비 영상 좀 찍어줘요ㅠㅠ,1
76,이형 왜 계속 살빠지는것같지 요새 힘든가?,1
77,형님 보험료 계산 사이트 추천부탁드립니다!,1
78,진심 가성비 싸고 빠르고 순정인차 원하시면 a45 amg 한번 타보세요 2000cc 350마력입니다. 제로백 3초대.,1
79,난 이렇게생각한다 비싼차를사던 싼차를사던  할부는내차가아니다생각한다 주위사람들은 유지하는걸 모르는거같다그가격에 그걸사다니 다른거사지하는데 람보르기니도살수있지만 보험료 취등록 차수리비 기름값 이런걸모르는사람 70프로,1
80,2016년식이 마지막이에여 ㅎ29살때 아우디 TT로드스터 탓엇는데 ㅎㅎ,1
81,조명회사의 역작 R8 디자인이랑 비슷하넴,1
82,"3.48 형.... 배기량이 1984cc아니야....?마력이 1984면 스포츠카 수준이 아닌데,..,?",1
83,아우디 스포츠카는 포르쉐 버금가는 R8!!,7
84,아 내가 가지고 있던 차네 ㅎㅎㅎ 미니어쳐로...,2
85,"20대 후반인데 드림카입니다 ,, 미니는 싫어합니다 ,,,",1
86,형 레인지로버 벨라 해줘!,3
87,형 bmw 8시리즈 그란쿠페 함 해줭,1
88,2:34 그거 브레이크패드가 아니고 걍 풋레스트같슴다 행님,23
89,03:48 스포츠가 1984마력??????????부가티 떡바른다는 아우디 TT네요,11
90,그럼 쉐보레 카마로도 한번...........,1
91,1984마력 하이퍼 TT,2
92,이 형은 내가 보고있는 차가 계속 실기간으로 올라오네 3번째인듯 혹시 제 엔카 해킹 하셨읍니까?,3
93,캐딜락 ct4 부탁드립니다,1
94,tt = 스포츠카 아님tts부터 스포츠카ttrs 부터 리틀슈퍼카,1
95,형 A클 궁금해 하는 사람이 더 많은거 같아 ?? ㅋㅋㅋㅋㅋㅋㅋㅋ,14
96,아니.. 형 A클 리뷰는 언제하는거야..,2
97,오늘따라 유난히 피곤해보이시네요,1
98,장피디형님 흰옷 입으니까 잘생긴 교회오빠같아요,6
99,ㅋㅋ.....? 브레이크패드가 그게아닌......허....그외에도 정보가 잘못된게 너무많은데....,2
100,몰고있어요  유지비 비쌉니다,1
101,@3:48 1984마력 ㄷㄷ,5
102,하악하악!! 드디어!!!!,4
103,A클 소개는 언제?,7
104,헐 야너두님인줄 알았음 썸넬보고,1
105,a클래스 해명은 언제..?,13
106,2:35 브레이크 패드라고?????,3
107,"진짜 차알못이네. 나보다도 모르고, 설명도 최악이네ㅋㅋ",1
108,티티는 트와이스지,1
109,1등,2
