,comments,likes
0,정마담님 채널은 자극적이지 않고 동네 형이 들랴주는 차 이야기 같아서 참 좋아요,32
1,"자극적이지 않지만 누구보다 전문적이고, 편안하지만 설렘이 있는 정마담님의 클래식카 리뷰가 역시 최고입니다! 잘 봤습니다!",2
2,딱 저 디자인까지가 전 맘에 들어요 ㅋㅋㅋㅋㅋ 클래식함과 모던함이 공존하는 저 디자인 크 근데 지금 재규어는 영국인들 조차 거른다고 하죠 ㅠㅠㅠㅠㅠ,3
3,아 진짜 저 클래식 디자인 재규어는 수리비만 감당할 수 있다면 언젠가는 꼭 사고싶은 모델입니다. 특이하게 은색이 잘 어울리는 대형세단이죠. 게다가 롱바디 모델은 낮고 길게 쭉 뻗은 디자인이 사람 미치게 하는 것 같습니다 ㅋㅋ 저 재규어 엠블럼도 그렇구요. 흔치 않은 차인데 영상 감사합니다!,2
4,와 차 관리상태가 진짜 어마어마하네요 @.@ 세상에... 17년 전 재규어 xj 수박색 차를 보고 설레었던 기억이 새록새록 돋네요 :-),4
5,"와~ 진짜 자세 뒤진다.. 묵직함, 중후함 그리고 각지면서 유연한 라인이 공존한게 아름답네~",3
6,마담님께는 정말 애증의 브렌드군요!중간에 레드색상 너무 강렬합니다. 마담님과 너무 잘어울려요! 당시 E65와 W222와 비교하면 라인이 엄청 유려하네요 ,1
7,어렸을때 봤던 재규어 앞부분 주름과 엠블램이 주차되있어도 앞으로 튀어 나갈것 같은 느낌을 줬던게 기억나네요 ㅎㅎ 멋진 디자인!,1
8,확실히 보닛에 재규어가 없어진 이후론 별 매력이 없어진 것 같아요 ㅋㅋ 정마담님 차는 너무 예뻐요! 딱 제 스타일 ㅋㅋㅋ 오늘도 잘 봤습니다~,1
9,요즘  차들에게선  느낄  수  없는  품격이네요    요즘  재규어는  삵으로  보일  정도죠,2
10,"재규어의 끝짱모델이라 생각됩니다. 클래식하면서 독창적인 디자인...누가 봐도 ""앗!재규어다.""하는 디자인. 지금은 링컨 컨티넨탈로 위로중입니다.",1
11,사실 저희 재규어빠들에겐 이런 각들과 멋있음이 딱있었는데 정말 이쁘네요 저희 생각의 xj는 이런 디자인이였어요 너무 추억이 돋네요^,1
12,언제나 귀에 쏙쏙 들어오는 깔끔한설명 많코많은 여러자동차 유튜버보다 정마담님 채널을 좋아하는 이유는 차분하며 정감가는 목소리가 항시 좋아요 오늘도 잘보고갑니다,2
13,행님 재규어 리뷰 진짜 최고십니다 관심없는 차종이라.. 했는데.. 행님리뷰 빠져드네용,1
14,오랜만이에요~~~~이 차 문이 굉장히 무거웠던..ㅋㅋㅋ이때까지가 진짜 재규어 감성 아니었을까 생각해봅니다,1
15,"캬.... 진짜 모양 끝내준다... 색깔까지 침나온다.  근데, 근데.... 근데.... 영국차에 데어 본 사람들은 학을 떼던데...  랜지로버, 재규어.... 고장율이 엄청 많다고 들었음.  아주 구형 디펜더 빼고는...ㅋ    그치만, 디자인은 정말 인정 인정!     영국하면 Cosworth만 좋은 기억이... ^^    이 회사 엔진단 190E 16V는 정말이지 E30만큼 명차",1
16,"재규어 XJ 영상 찾아 돌아 다니다가 여기까지 왔네요.어렸을 적 영국에 살 당시 아버지 차가 88년식 Daimler double six였습니다. 흔히 말하는 Series 3 바디…아버지도 워낙 아끼시던 차였고, 저도 어린 나이였지만 당시 돌아 다니던 여타 자동차들과는 차별화 된 클래식 하고 우아한 디자인에 큰 매력을 느꼈어요.그 때부터 자동차 만큼은 중증 재규어빠가 돼서 성인이 된 이후 S-Type,  X350 XJR,  X150 XKR, X351 XJ Vanden plas를 몰았습니다. 주변에서 노땅이냐고 비아냥 거리고 WASP 흉내내는 동양인이라는 소리도 많이 들었지만, 이상하게 재규어를 비롯한 영국차에만 관심이 가더라고요. 어렸을 적 받은 영향이 이렇게 중요 합니다.ㅋㅋ지금도 재규어라는 브랜드에 정말 관심이 많지만, 현재는 과거의 클래식 하고 존재감 넘치던 디자인과 거리가 멀어 많이 아쉽습니다. 뭐 저같은 골수분자들이나 이딴 소리 하는거고, 재규어 입장에서는 그런 이미지에서 빨리 벗어나는게 중요 하겠죠.그래서 지금은 68년식 E- Type S1 중고를 정말 어렵게 구해서 개러지에 보관하고 틈날 때 마다 닦고 조이고 기름칠 하는게 제 유일한 낙 입니다. 이 차는 와이프도 못건드리고 자식들도 절대 못건드려요.ㅎㅎㅎ여튼 과거 XJ 디자인을 감상 하는건 여전히 즐겁네요.좋은 차 소개해 주셔서 너무 감사 드립니다.",3
17,재규어는 잔고장하고 부족한 성능말고는브랜드 이미지와 디자인이  참우하합니다,1
18,찐재규어네요 지금봐도 넘 이쁘네요 명품이네요 우리나라에서도 얼른 이런차가 나왔음~~~,1
19,역시 재규어도  예전  차량이간지나네요은색 바디가 멋지네요수리비랑 정비만 편리하다면주말용으로 콧바람세러 다닐때간진데,2
20,포드 시절 재규어~ 이때가 디자인은 더 갑인듯 합니다~ ,1
21,정마담표 릴렉스 리뷰 최고이심 항상 편안하게 보고 있습니다 ^^,3
22,프랑세즈가 재규어랑 너무 잘 어울리네요 명차에 명품 시계 진짜 멋을 아는 정마담님 이네요,2
23,어릴 적 가장 아름다운 라인을 가지고 있다고 생각한 xj 추억을 생각나게 해줘서 고마워요 정마담님!!,5
24,재규어는 역시 저 달려나가는 재규어 엠블럼이 재규어의 우아함을 완성시킨다 생각합니다 ㅎㅎ,6
25,리뷰 하시는 차량마다제 가슴을 울리네요오늘도 귀한차량 잘 보고 갑니다,1
26,형 영상은 정말 오래전부터 봤는데 형은  사실을 전달해주는데 포커스를 맞춘거 같아서  아쉽지만  너무 좋습니다. 형님에게도 진성이 성님처럼  열심히 댓글남기겠습니다! 충성!!,2
27,차도 명차지만 타본봐 시트 쿠션이 굉장히 편했어요 뒷자석이 완전 소파쿠션같아서 웬만해선 졸지 않는데 도착 까지 꿀잠잤던 기억이 있습니다,1
28,이차는 인정! 어릴때 정말 가지고싶었던 전통 고급세단 ㅜㅜ,1
29,저도 2003년형 올드 재규어 xj8 3500cc 타고 있어요.품질 내구성 크게 문제 없습니다.디자인 아직도 최고죠,2
30,대박 ㅋㅋ 간만에 봤더니 재규어를 또 하고계시네요 ㄷㄷ!!!대단하십니다!,4
31,재규어는 라이트가 둥근눈 두개여야 제맛이죠.  요즘없는 중후함이 넘치네요.  엄지 척!!,1
32,영상은 항상 편안합니다. 올드카의 특성상 유지비를 생각하면 아닌듯 한데 빨려듭니다.암튼 이런 감성을 주머니 사정보다 넉넉하게 생각하는 마니어에게는 굿하겠군요.잠시나마 감성에 빠져들게한 정마담에게 감사!,1
33,진짜 좋아하는 디자인인데~! 너무 멋있어요,4
34,본넷에 재규어 엠블럼과 변속기 모양이 J 모양인게 인상적이였던 차량...크...,2
35,어릴 때 아파트에 이 차 있었는데 너무 아름다웠던 기억이 있네요!,1
36,좀 달리때 난창거리는 느낌의 주행감..엑슬을 꾹밟아야.. 반박자 느린.. 가속감..을 뺴고는 저도 만족스럽게 타던 ..차였다는..!~ 문제는 .. 엉청난 A/S 비용과 도로주행시간보다 센터에 들어가는 시간이 더 많았던 문제아 였다는..ㅜ.ㅠ,1
37,와 진짜 간지나네요.. 지금 디쟌 보다 훨씬 포스있어요 ㅠ,1
38,x300  x308 처럼 낮은차체를 유지했었으면 좋았을텐데요  개인적으로~ ^^,1
39,저게 재규어지 지금도 디자인 미쳤다.,2
40,세월에 비해서 관리가 너무 잘됐네요,8
41,"아름다운차, 살려고 매물검색 하고 있으면 주위에서 관리가 힘들다고들 합니다. 그래도 한번쯤 소장하고픈 차... 정마담님 눈 호강합니다.가지고 싶다^^;",1
42,디자인 굿  재규어는 타고 다니는 차가 아님  세워두고  감상하는   예술작품같은   ㅎㅎ,2
43,처음 보는 재규어.중후함이. . . . .멋스러워요트렁크 착석 ^^ 역시 ㅋ ㅋ저런 무브가 참 좋아요^^,3
44,자극적이지 않고 담백한 영상 최고입니다 ️,1
45,고급스런 은색이 너무 잘 어울리는 XJ네요,2
46,저도 재규어 참 좋아하는데   재밌게 잘봤습니다,2
47,아 진심 제가 제일좋아하는 차 볼때마다 가슴이 두근거리는 차입니다.,3
48,그야말로 아름답고 빠른차.근데 잔고장도 많은차.테일램프가 1년에 한번씩 나가는차. ㅎㅎ,2
49,차가 아름답다 라고 느껴지네요 선플 정주행 중입니다 ㅎㅎㅎ 감사하게 잘 보겠습니다!,1
50,"정마담님이 소개시켜준 명차3W220 선생님 클래스, 제네시스 BH, 그리고 재규어 XJ X358이라고 생각합니다..",1
51,간지는 좔좔 ...잔고장 많고 수리 들어가면 지갑은 녹아 내려요 ㅠㅠ  중고 사서 1년만에 다시 팔았었죠...이쁘긴 이뻐,1
52,소유자에게는 골치아픈 고양이시승자에게는 최고의 간지 럭셔리차,26
53,ㅋㅋ 넘나 반갑네요 ㅎㅎ 독일차에 비해 뭔가 살짝 부족함.. 매우 공감합니다 ㅋㅋㅋㅋㅋ 그렇지만 감성은 못따라오죠 ㅎ 전 일부러 검정 인테리어 찾았는데.. 오히려 여기서는(미국임돠) 대부분 베이지색 인테리어고 검정 인테리어는 검정 외장에서만 찾을수 있었습니다. 아무래도 모델 연식이 좀 있어서  베이지 인테리어들은 조금만 관리가 안되었어도 티가 너무 나더군요..,1
54,지금봐도 디자인은  지린다...,2
55,퇴근길엔 정마담님은 못참지!! ,5
56,와 정말 멋진차고 멋진주인만나서인지 관리도잘되어있네요 !!!!,1
57,"영광의 xj^^ 07년 오토갤러리에 근무할때 타본 럭셔리카~ 롱바디에 xj는 최고죠~ 그때 기억으로 대쉬보드가 높있던 기억이..그때의 재규어, 랜드로버는 어디 갔나요?",1
58,멋진 재규어 끝까지 잘 봤습니다~!ㅋㅋ,1
59,아아 너무 아름다운 곡선미와 고급스런 실내 예술이네요,5
60,알루미늄 섀시를 갖춘 희대의 명차죠!,3
61,재규어 참 좋아하시는거같아요 ㅎㅎ,2
62,"요즘 제일많이보는 채널이 정마담tv 입니다.심지어 유투브댓글 처움이구요 ㅎㅎ재규어 F-PACE 2020년식 타고있습니다. 재규어 타면서 제일 많이듣는 질문이 ""고장 안나요??"" 입니다작년 1월 출고해서 27000 주행중이구요 잔고장 없습니다 !!!!!",2
63,능력자 멋진차 잘 보고갑니다,1
64,진짜 매력적인 차♡♡입니다,1
65, - 항상 즐감하고 있습니다 ㅡ 즐거운 인생! (삶이 우리를 짜증나게 해도..)-  건강한 올드카가 정답이죠 ,1
66,캬~~~설령 k8 vs 재규어 선택하라면 저는 재규~~하겠어요^^  좋은방송 잘~보고갑니다^^,1
67,  디자인은 최고입니다 가지고싶은차네요 영상잘보았어요 ㅎㅎ,1
68,60~80년대 벤츠sl 컨버터블도 특집으로 다루어주셨으면 하는 기대감.,1
69,중고가가 보통 얼마인가요..? 진짜 너무 멋있네요...,1
70,지금 생각해봐도 저 판금? 헤드램프 두개의 곡선을 본넷과 이어지다니....놀랍다...,4
71,역시...정마담은 재규어!!!,1
72,디자인에선.갑인차항상.맘에만.품고.삽니다...ㅎㅎ,2
73,이뇨석은 디젤차 운행 제한에 걸리지 않나요? 진짜 예전부터 눈독들이는 차입니다,1
74,찐 재규어다..!! 재규어를 사랑하는 마담이형..!!ㅋㅋ,4
75,이차는 실물 보면 그냥 감탄사 밖에 안나옴.....,2
76,저는 X358 XJ vanden plas 버전을 가지고 있는데 8기통의 롱휠 베이스라 디젤보다는 뒷자리가 훨씬 넓네요,1
77,진짜 멋진차 근데 핸들우드부분에 머스탱 말모양이 보이네요 ㅋ 멋지다 리얼우드기에 더신기한거 같아요,1
78,이차랑은 비슷한년식 벤츠w211과 비교하였을때 정비비용이 훨씬 더 많이 들어 가나요?? 정말 너무나 우아한 차네요 ㄷ ㄷ,1
79,아주 멋집니다요~! 잘 어울리시고요,1
80,와우..내 최애 모델....정말 멋진모델이죠?,1
81,중고차 3년 살짝 핥아본 바로는 차 주행감이나 승차감 디자인 너무 좋았던차지만 하나씩 고장나기 시작하면 끝도없이 고장납니다....,1
82,개인적으로 제규어가 클래식 디자인으로 밀고갔으면 어땟을까 라는 생각이 ... ㅠㅠ,2
83,영양만점 영상 감사합니다,5
84,우와!살아있네요!....ㅋ재규어..멋집니다!좋은영상 늘 감사드리며..기다려집니다! ㅎㅎㅎ,2
85,와우 클래식한 간지가 철철 넘치네요,4
86,진정한 귀족이라면 근본왕 재규어,1
87,역쉬 Y2k세대에....향수ㅋㅋㅋY2k아시면ㅋㅋㅋㅋㅋㅋㅋㅋ그때나 지금이나 제규어 로망...ㅋ,1
88,svr 탔을때 만족감 탑이였어요 재규어 짱짱맨,10
89,와. .명차네요,1
90,재규어 보고 놀라고 오피러스 보고 놀랐지 저시절에..,8
91,지나가다가 지금 나온 재규어는 슥 한번 보겠지만 이모델은 자세히보는 재규어죠ㅋㅋ,1
92,차량 정말 이쁘긴 함,1
93,연소실 클리닝 후기가 기대만땅이네요,3
94,아니 스커트라인 미쳤습니다!,2
95,캬 진짜 멋있다..,2
96,오늘도 정말 영상 재미있게 잘봤습니다^^!,1
97,옛날부터 형님 추격자에 나오는 김윤석배우님 닮으셨다고 생각했었는데...... 오.... 오늘 차랑 너무 잘 어울리시는데요? ㅎㅎ,8
98,그냥 xj가 아니죠...  소버린~~~ 캬~,5
99,"오늘은 피자를 먹을려는데 똭!!! 또 영상을 올리시길래 정주행 했습니다 25분 너무 빨리 가네효 ㅜㅜ  재규어 슬로건은 처음 들어봅니다만 뷰티엔패스트 카 라고 하시니 불현듯 스치는 기억에  이전에 친한형님이 재규어 모델을 탔었는데 고속에서 엄청 조용하고 진짜 잘나가 라는 말이 생각이났습니다!!! ㅎㅎ 그리고 먼가 중후한 남자만의 멋이 있죠 또 말씀에서 영국적인 느낌의 먼가가 있다고 하시니 , 브리티쉬 그린이 생각이 나더라구요 ㅎㅎ  25분  순삭!!!! 담엔 엔진룸 크리닝 하고 주행영상 기대해보겠습니다 ^^ ㅎㅎ",1
100,영상  잘 보고 갑니다 ~,2
101,늘 잘보고 있습니다.. 차알못이면서도 x-타입을 넘 좋아하게되서 이리저리 찿고만있네요..한편으론 걱정도 많이되네요.데려올때 어떤것을 봐야할까요..? 조언부탁드립니다.,1
102,영국차 좋아하는 저로서는 ...찔리네요. 벤츠 복원기도 잘 봤습니다.,1
103,우리나라에서 가장 젠틀하고 우아한 리뷰어같아여! 일단 톤이 다름,1
104,공도 위의 예술 작품..,2
105,오너먼트를 아시다니 ㄷㄷㄷ,1
106,형광 계기판은 옛날 현대차도 그렇고 그 당시엔 최선이었겠지만.. 지금 보면 좀 아쉽네요..,2
107,"XJ 재규어 멋진차 스타일짱죠.번호판,봉인 녹방지 봉인구어셈블리 라고있네요.",1
108,이런방송!~~정마담 답다!~~~~~~^^,1
109,세계적인 명차... 아름답습니다...,4
110,재규어는 역시 브리티쉬그린이 제일 이쁜것같음,2
111,감독님이랑 대화도 재밌네요^^,1
112,예술이네요~☆,3
113,우와아아xj 358  제일 후기 페리버전 제밀좋아하는 세단인데 드뎌올라왔군요!,1
114,제규어 보면 기억아는게 영화 추적자에서 김윤석배우님 차로 나왔죠. 고급짐이 흘러나오는,1
115,이차도 역시 천정꺼짐이있네요ㅡㅡ,1
116,와우! !저의 그녀석과똑같은 놈을리뷰해주시니감회가새로운데요!,1
117,ㅡㅇㅡ 디젤이~ 더 효과~ 컨텐츠 예약ㅋㅋ늘~ 응원합니다,3
118,마담이형 실망입니다!!이 형님 이제보니 완전 바람둥이시네!!정마담하면  BMW인데!!조강지처 BMW를 외면하고 재규어를가장 사랑한다고 말하시다니!! 그러고보니 저번에 포르쉐파나메라 리뷰하실때도 눈에서하트가 뿅뿅 날아가면서 신나게리뷰 하시더니...진짜 자동차계의 카사노바 정마담ㅋㅋㅋ암튼 마담이형의 리뷰는 저같은차알못들이 이해하기 쉽게 설명해주셔서 귀에 쏙쏙들어와서넘 좋습니다~!!!구독은 이미 옛날에 누른상태라 좋아요만 누르고도망가겠습니다ㅋㅋㅋ,2
119,예쁘네요 재규어,3
120,라이트 갬성 죽이네요....,4
121,영국인들이 웜비어 warm beer 를 마시는 이유가 영국에서 만드는 냉장고가 자주 고장나서 라는 말이 있죠 ㅋㅋㅋ,1
122,재규어 보고 싶었는데  ㆍㆍㆍ캄사합니다 ~~^^♡♡♡,2
123,최고의 고급스러움,1
124,와 제규어 XJ도 정마담 형님껀가욤??^^,2
125,제가 꼭 한번타고 싶은 차입니다 디자인이 최고죠고장율은 어떤가요?,1
126,오랜만입니다멋집니다!,1
127,저도 재규어 디젤인데 클리닝한번 해야겠어요,1
128,제와이프가 가장 좋아하는 모델 단 가솔린롱바디에 시트는 황토색으로 해달라고 부탁한차인데 아직 지르지 못한차네요.,1
129,응원합니다,2
130,감성은 재규어가 벤츠를 압도하는것 같습니다,1
131,"1초...다이너스티....2초..뉴오피러스,   1초...강원래...2초...하하....3초...정마담",1
132,햐... 취향저격,2
133,재규어는 늘 4885 만 생각납니다ㅋㅋ,1
134,제 차량을 이제는 출연 시켜야 겠군요!!!!,1
135,내가  이 모델을 제일 좋아하는데ㆍㆍ한국에서는 부품수급하기 귀찮고 어려워서 포기했음  ㆍ뭐 미국ebay에서 구해서 어떻게든 소장할수도 있지만 그렇게까지 시간과 노력을 기울일 여유가 없는지라ㆍㆍ미국에서 8년 코로나전 일본에서 3년 체류하면서 제일 부러웠던게 클래식카와 30년 이상된 자동차를 손쉽게 수리할수있는 문화였음ㆍ최신형벤츠 bmw같은건 너무 흔하고 감흥이 없는데  영국의 rover mini 나 재규어 저 모델은 감성과 간지 작살ㆍㅋ,1
136,아~~이모델 너무 가지고 싶은것중 하나인데...,1
137,"저때의 재규어가 진짜 재규어지....지금의 재규어는 세련된 고양이? 재규어로 다시부활하려면 저때의감성과 클래식함을 제대로 살려야 된다고 봄첨단, 세련, 이런건 독3사에게 맡기고 재규어만의 감성과 차별화만이 살아남는길이지 않을까? 문론 고질병인 잔고장은 기본으로 해결하고~",3
138,뒤가(뒷태)  좋은차 사면 됩니다우리가 운전할때시선이 어디로 가죠???,2
139,추천 꾸욱,1
140,정마담님과 가장 어울리는 브랜드가 아닌가 싶습니다,1
141,남이 사면 좋은데내가 사면 안된다는 영국차...너무 이쁜데 용기가 안나네요 ㅋㅋㅋㅋ,6
142,사고싶ㄷ,1
143,이뻐요,1
144,헐 단지 주민이신 것 같네요 ㅎㅎ 나중에 오다가다 만나면 인사드리겠습니다. 팬입니다 정마담 형님~~,2
145,97년 엑제이가 최고같음,3
146,"연소실 클리닝 보다는,1. 인젝터 클리닝2. DPF클리닝3. 엔진 헤드 까서 물리적 카본제거 (흡기라인 같이) (이 것이 결국 연소실 클리닝이 되겠네요.)(케미컬로 DPF나 연소실 클리닝하는 것은 믿음이 가지 못합니다.)이렇게 하시면 신차 컨디션을 찾으실 수 있습니다.주로 장거리 주행에 사용하세요. 80~100 키로 정속 주행 30분 이상 하실 때 DPF 내 수트를 태워서 배기라이 청소가 되어 출력과 진동이 좋아집니다.(저는 장거리 하다가 직장과 아주 가까운 곳으로 이사를 하고 차 상태가 안좋아진 적이 있습니다.)(가끔 타신다면 장거리 시 주로 운행하시고, 블박 상시전원을 빼둔 뒤 안전한 곳에 주차를...)베터리 관리에 신경 쓰세요.(다른 차를 주로 타다가 베터리 방전되어 점프 띄우고 타고 하는 것을 몇번 반복하니, 엔진 메인터넌스 등도 뜨고 당황하다가, 베터리 새 것으로 교체 후 제 컨디션 찾고, 센터 방문 시 엔진 컨디션 좋다는 의견까지 받음.)* DPF, 인젝터 클리닝이 매우 중요합니다. 차령이 13만을 넘어가는 것을 보니 필요해보입니다. DPF, 인젝터 사망시 큰 돈이 들어갑니다.* 디젤이 가솔린보다 관리가 까다롭습니다. 디젤은 주로 장거리 많이 사용하시는 분께 추천합니다. 시내 가다서다 단거리 사용 시 차량 컨디션이 점점 안좋아집니다. 다만 디젤이 기름값도 싼데, 리터당 단가도 싸니... 정말 장거리 많은 분께는 신의 선물. *디젤은 연료필터, 엔진오일 관리가 특히 중요합니다.  *디젤의 즐거움은 토크빨. 악셀링을 가솔린 처럼 하지 마시고 킥다운 하는 식으로 살짝 확하고 밟아보세요. 쭉 하고 힘으로 밀고 가는 느낌이 좋습니다.(디젤만 3대 운용했습니다.) (유로4적용 디젤 20만 운행했던 경험 있습니다~) (지금은 유로5 운행, 5등급 차량 운행, 가솔린 차량 운행중.) (가솔린이 기름값이 비싸 그렇지 마음은 편함)*시내주행시 에코모드 말고 콤포트 모드(있다면) 사용하시는 것이 미션에 좋습니다. 고속도로 올려 놓고 에코 쓰세요~제규어... 부럽습니다. ㅠㅠ유로5적용 차량인가요?",1
147,저는  저차를 보니 4885가 생각이납니다^^,1
148,크 재규어.!,2
149,정마담님 사랑해요,3
150,수리비만적당함사고싶네...미국차도부품비싸서짜증났는데 이건더비쌀듯,1
151,난 이차 아직도  보면  우와한다,2
152,2.7xj bpf 장착이 되어있나요?,1
153,타면 분식집이라도 털어야할 것 같은 차,1
154,"자동차 정비사 입니다. 아, ..이차 문제 있다고 전화 오면 긴장 합니다. 하지만. 제규어 만 가지고 있는 승차감. 감성 죽이죠. .하지만. 수리와 고장면에서. 비추하는 차량 ㅜㅜ",1
155,4.2소버린,2
156,갖고 싶은 차에요,2
157,선 좋아요 후 감상 구독자 센스!,3
158,재규어 품격있는 차  ㅡㅡ,1
159,xj 는 못참지!!,1
160,헐ㆍ제차랑 같은컬러 ㅡ차종 이네요  ㅡㅡ저차보다는  조금더  외장을 꾸미긴햇어요 ^^  올수리 해서  신차느낌입니다 ㅡ  재규어에 대해  말들이 많치만 큰 문제는없엇고 교체해야할 소모품만 잘교체된다면  ㆍㆍㆍ  ㅋㅋ트렁크  골프백3개들가요ㆍ   맞어요 ㅡ다시돌아보게  되는 디자인때문에 아직도  이뻐해주고있어요,1
161,얼마에 구매가능한가요?,1
162,진짜 이쁘당,2
163,고딩때 꿈의차,1
164,s type 좋아합니다^^,1
165,외제차중에 절대타면 안돼는게 재규어...수리비 최악    월급쟁이들 겉멋에  사면  생활비  다털어야 백미러한쪽 교체 ㅋ,2
166,디젤.... 09년식환경규제 땜에 이제 못타는 거 아님???,1
167,,2
168,,2
169,"w140 비교에 발끈. ㅋㅋㅋㅋㅋㅋㅋㅋ  3,000,000 원 수리비 증후군. ㅋㅋㅋㅋ",1
170,고딩때 친구 아빠차가 저거였는뎅 그때부터 내 드림카가 재규어가 됐지만 지금은 저차 아님 안살래요,1
171,하나 구입해야 겠습니다고질병 단점 주위점좀 려주세요,1
172,정마담님 안녕하세요 리뷰 잘보고있습니다 제차 리뷰 부탁드려도 될까요?,1
173,재규어는 저때 죽었죠 안타깝습니다,2
174,17:50 차 잘 알 차 잘 알 차 알 못 ㅋㅋㅋ,3
175,살아잇네요..!!,3
176,여러분 안녕하세요 구독잡니다 ㅎㅎㅎ 캬아아아아 제규어라니,2
177,드디어 ...,1
178,w140  빨리 드라이빙 리뷰해주세요,1
179,,1
180,저의 드림카였는데 재규어,1
181,가격은 어느정도입니까?,2
182,영국차가 잔고장이유명한데,2
183,정말 여유되면 사고싶은차입니다...ㅠㅠ,1
184,드디어  왔다,1
185,잘 보았습니다,2
186,정마담님 올드카 수집합니까?,1
187,"근데, 푸마에서 언제 차도 만들었어..    응?  -.-a        ㅋㅋㅋㅋ",2
188,앗!!!!제규어~~~일욜 재밋는거 보여드릴게요^^점심에 맞추어 오세요.꽃밭 파라솔 아래에서 삼겹살이나 구워먹자구요~~~코로나만 아님 옥상에서 바베큐파튀함 딱인데..^^#,6
189,까르띠에 차셨나요 진짜 시계컬렉션한번보여주세요,1
190,고장나면 머리아픈차,3
191,다이너스티에   튜닝한거잖아요,2
192,호텔델루나 드라마 에서 나왔던차,2
193,저 모델 이후로는 ...,1
194,하하 인줄...ㄷㄷ,1
195,구매각 인가요???ㅎㅎㅎㅎㅎ,1
196,이차 구매할수있나요?,2
197,고장나면 몇백씩...,2
198,"영상 보다가 잠깐 볼일본다고 정지했는데, 정마담님 얼굴이 클로즈업 되는디.... 많이 야윈것같습니다.... 감독님이 막 괴롭히고 그런건 없지예???",1
199,마담형님 키가 어떻게되시나용,2
200,엔카에 저번에 뒤져보니 가격이 상당하더군요 연식에 비해,2
201,리뷰 혼자 하세요. 그게 편안합니다.,1
202,할아부지... 아 아닙니다..,1
203,설마 산겨?~^^,1
204,재규어 어흥,2
205,까꿍 반갑습니다.,3
206,손실이세요.   ㅎㅎㅎㅎ. 아님.  패션.  z z z z,1
207,어? 내 오피러스 여기 왜있지?,3
208,진짜 생긴게 남자답네요,2
209,로건리 차량 아입니까,1
210,옆사람 말 안하면안되요?,1
211,너 4885지?,1
212,4885 너지,2
213,로건리 내릴거 같은 느낌,1
214,행님 직업이 무엇입니까!,2
215,전 연령이 보겠냐고,1
216,아….4등,1
217,또2빠?,2
218,야 4885,1
219,4885,1
220,안녕하세요 30대 차주입니다좋은 추억 고맙습니다공차고 와서 얼굴도 타고 걱정마늬했는데한기사님 다시한번 감사합니다 마지막으로사지마세요 감성은 저혼자만 느낄게요 형님들 한기사tv구독좋아요 ㄱㄱㄱㄱ,79
221,한기사님 1만명 추카추카합니다~~다양한 차에대한 정보와 차주분들과의 환상적 케미로 즐거움을 선사해줘서 감사해요~실버버튼을 향해 고고!!!!,5
222,희소성 공감 합니다 ㅋㅋㅋㅋㅋㅋㅋ저는 지방근무라 재규어 고민하다가 포기했는데 매력적인 차이죠. 디자인은 원탑 ㅇㅈ,29
223,재규어 XF 디자인은 진짜 이쁘네요,8
224,재규어 차주영상은 항상 재미있음.. 차 디자인은 넘사벽이네 진짜 간지난다,21
225,차주님 굉장히 젠틀한 말투인데 입담이 장난아니시네요재규어 장/단점을 아주 작정하고 팩트를 말씀해주시는듯한 느낌입니다ㅋㅋㅋ,15
226,"와... 차주님 목소리...ㅇㅁㅇ...b... 항상 느끼지만, 한기사님쪽 인터뷰하신 분들은 굉장히 솔직담백하신 분들이 많아서 영상 보기가 매우 편합니다. 차주님의 안전운전 기원하며, 한기사님도 즐거운 컨텐츠 기대하겠습니다~!",20
227,17년식 신차 구매한 xf차주로써 영상에 있는 내용 전부 맞는 말씀입니다. 단 저는 시동꺼짐은 없었고 보험료는 80만원정도 나옵니다. 수리비 비싼건 할인 많이 받고 샀으니 그 값으로 퉁치기로 마음 먹으니 스트레스를 덜받네요. 참 뒷자리가 넓은지는 모르겠습니다. ;;,5
228,"영상 잘봤습니다.제 인생에 재규어는 안탈것 같습니다.ㅋㅋ장난이고요, 외부디자인은 정말 멋진것 같습니다.하지만 시동꺼짐현상, 편의성등은 많이 아쉬운 차량인듯 합니다.감가는 중대형 차라면 감수 해야할 사항이라 생각합니다.제차도 7월에 구매했는데, 800감가라 ㅡㅡ,하는일 잘되시길 바라겠습니다.",17
229,15년 xe 디젤 차주인데 지금까지 엔진마운틴교체 말고는 말썽없었고 만족중입니다제일 장점은 신차주기가 깁니다당시 벤츠 비엠은 구형이미지가 강하게 페이스리프트가 자주됐었죠,8
230,전면 동그란 마크와 후면부와 핸들의 재규어 마크가 진짜 영국감성 느낌 뿜뿜이네요,12
231,먼 부산을 또 가셨군여..  덕분에 이 영상보고 재규어 다 탔습니다. 수리감성을 충분히 느낄 수 있었구요. 영국산은 우산만 사기로 결정했습니다. ㅎ,12
232,문제를 들어만 보면 수동차 시동 꺼뜨리는 거나 비슷한 것 같네요 ㅎㅎ 차 멋집니다,6
233,"차주님께서 굉장히 젠틀하신 분 같습니다목소리, 말투, 외모 모두 영국신사에 어울리시는 것 같습니다ㅋㅋㅋ",12
234,재규어 특유의 느낌멋있지... 80년대부터 (어쩌면 그전부터 ) 못고치는 내구가 문제지...ㅜㅡ,6
235,xf 18년식 차주이자 중고차딜러입니다~ 18년식이라 모든곳에 한글뜨고 안드로이드오토도 지원되서 티맵도띄우고뒷자리도 독삼사보다 훨넓습니다 디자인은 말할것도 없구요!! 사실 저는 비엠차가 제일 좋다고 생각하는 사람이지만지금타는 재규어xf 고장도 없이 너무 만족하면서 타고있습니다ㅎㅎ모든제품은 뽑기가 있듯이 확률문제라 재규어가 그 확률이 높을뿐 그렇지 않은 차도 많이 있습니다~ㅎㅎ,9
236,편집이 날이 갈수록 발전하네요 캬 누르고 갑니다,13
237,진짜 xf외관 색상 개쌉ㅇㅈ 차주님이랑 너무잘어울리시네용... 악마의차,4
238,이번편 엄청 재밋네요ㅋㅋ차주님유튜브해도 잘하실듯해요ㅋㅋ,1
239,차주님이랑 재규어랑 이미지가 찰떡이네요ㅋㅋㅋ그치만 재규어의 단점은 사악하네요 ㅜㅜ,8
240,제규어 타고 싶네요 ㅎㅎ 다만 제 능력으론 무리구나 싶은 영상입니다 ㅎㅎ 차주님 부러워요~~,2
241,인제니움2.0 디젤은 거슬러야 된다고 해서 포기했엇는데 가솔린은 디젤보다는 괜찬다고 하던데 3.0슙차로 가는게 스트레스 덜받을듯,6
242,한기사님 승승장구 하십시오~  잘 될껍니다~~^^,4
243,오늘도 영상 알차고 넘 재밌습니다 한기사님ㅋㅋㅋㅋㅋㅋ,9
244,와~ 서비스센터 들어가기전 후 타이밍 질 잡아서 찍으셨네요 고생하셨습니다,2
245,재규어 xf 매력적이네요~ 더더욱 분발해주세요 짭우토반님~!!ㅎㅎ,3
246,재규어 XE 타는데 5년째 큰 문제도 없고 승차감도 너무 맘에 들어서 다음차도 재규어 생각하고 있습니다.,11
247,저 차 유튜브보면서 처음으로 엄청 웃은거같네요 ㅋㅋㅋ 차주분이랑 한기사님 케미가 웃긴거같아요특히 차주분 말투 완전 볼매,2
248,재규어의 장점 디자인!이안칼럼!나머지 전혀 모름남차 저평가는 너무 혐오시동꺼짐 ㅎㅎ 진짜 오토스탑이네요 ㅎㅎㅎ,2
249,현행 모델 xf는 아니지만 이전모델 x250 xf 2.2디젤을15년에 신차로 사서 2년반 타고 벤츠로 기변했습니다. 잔고장 전혀 없었고 너무 좋았던 기억만 남겨준 차라 어차피 살 돈도 없는 사람들이 믿거재랜이니 어쩌니하는 댓글들 보면 우습네요.,13
250,맞습니다 다 공감되는 부분이고(뒷자석 의견 빼고) 이번에 다른 신차 구입했지만 재규어는  퍼질때까지 탈겁니다~ 너무 재밌는 희귀성차에요,4
251,저도 독3사 차먼 20년 타다보니 개나소나 다타는 독3사는 패스하고 xf중고롤 구입했습니다  근거리 나들이나 주말에 나들이용으로 최고입니다 연비도3.0d 13km이상입니다 ^^ 무조건 불스원샷과 흡기 크리닝해주셔요,2
252,"프랑스 차주, 뜨끔했어요. 프랑스 차만 3대쨴데...ㅎ중대결함은 있지만, 잔고장은 없었다에서 빵터졌어요.수입차 센서오류는 안 겪어보신 분들이 드물 듯",2
253,xf 사고싶어지네요 다시 확실히 외관은...넘사입니다..,5
254,09:58  시동꺼짐  고생많으셨습니다 이건 차종불문 미경험자는 상상도 못하는 트라우마입니다본인은 11톤 트럭에 8톤 상차후 주행하던중 2회 꺼졌고차주님과 같은 형식으로?!  결국은 수리를 했으나 그때마다 견인비/수리비/ 일못함으로 200이상 손해를..희소성이고 뭐고 차버리고 싶은 우울한불안감 이겠으나정비소 입장에서 보자면 원인을 찾아야 그를 제거/교체할것을 못찾으면 좋은 언행으로 못고쳤다 죄송하지만 더 타보세요 외에는 방법이 없기에이는 소비자/서비스 센터간의 문제가 아닌 생명과 직결되는 주행기능의 범위를 3~5가지 만이라도 지정해놓고제조사 차원에서 무조건 고처줘야만 하도록 법이 바뀌어야만 한다고 겪어보고 느꼈습니다  여튼 고생많으셨습니다(아직도 작은 소음만 들려도 심장 두근거림/또  꺼질까봐),3
255,"예전 재규어 오너들이 얘기하는게, 센터에서 재규어라는 차에 대하여 잘 모른다는 것이 문제라고 합니다. 그리고 최근 친한 지인이 무상 as기간 끝나자마자 타이밍체인 고장으로 수백만원의 수리비가 발생했는데, 디젤엔진의 엔진오일 교환기간을 3만 km가 넘게 설정해 놓은 정책도 큰 문제인 것 같습니다(만약 무상as기간 동안 사설에서 교환하게 되면 무상as 불가).",5
256,인제니움 2.0 디젤은 실제로 결함이 좀 있습니다 체인이 늘어나죠~ 최근 리콜도 되었구요 그래서 3.0디젤보다 관리 더 잘해줘야 합니다 정말 재규어는 차량 관리에 자신있고 애프터 정비센터 한곳정도는 뚫어서 자주 정비받을수 있다 하시는 분들만 구매하시면 됩니다,4
257,xf하고 xj하고 타봤는데 격차가 너무 컸던거 밖에 기억이 안나네요,1
258,"17my 재규어 XF S 3.0 슈퍼차저 57,000km 실운행 차주입니다. 2리터 인제니움 엔진이 문제가 많은건 사실입니다.3.0 비롯 5.0 슈퍼차저 엔진들은 문제가 거의 없습니다. 인제니움 엔진의 실패가 재규어 이미지를 많이 깍아먹은게 사실입니다.",12
259,4년째 3만5천km 타고 있는데 아무 고장 없고 만족합니다 ㅡ 벤츠 비엠 과는 다른 매력이 있어요,5
260,ㅋㅋㅋ 사이드미라 수납 트렁크 고장 감가 단점밖에 없는차 간만에 봅니다 ㅠㅜ,2
261,"XF 재규어 멋진차 스타일짱죠.번호판,봉인 녹방지 봉인구어셈블리 라고있네요.",2
262,고생많으셨습니다 추운데 ㅋㅋㅋ 덕분에 재규어를 쳐다도 안보게 됐습니다,7
263,제가 한때 직업이 랜드로버 재규어 출고장 근무했어요 랜드로버요 인수거부로 출근하면 한대는 그냥 늘 옵니다 재규어는 신차로는 잘 안팔려서 재고오래된기 많아서 광내는 작업을 굉장히 많이 했죠 색이 죽어서 인제니움 엔진도 두가지 버젼이 있죠 180마력대 150마력대 그만둔지 좀 되서 지금은 엔진이랑 여러개 달라졌을거에요,3
264,"XE 2.0d 차주입니다... 17년 9월식 신차로 구입하고 현재까지 4만주행 했습니다... 신차로도 아쉬운 점들이 보일 수 있는 부분이지만 저는 지금까지 4년 넘게 타면서 고장이라고는 겪은 적이 없어서 특별히 아쉬운 점은 없었습니다.차도 뽑기라고는 하지만... 재규어가 디자인에 설계를 끼워넣는 부분도 마음 안들지만 일단 중고로 시장에 방출된 차량들은 많은 경우 이유가 있다고 봅니다...특히나 감가상각 심한 특성으로 신차 구매한 분들에 비해 중고 접근성이 좋은 재규어다 보니까 중간에 어느 차주를 거쳐갔냐에 따라서도 차량 상태가 확연하게 차이가 납니다...재규어 인제니움이 유리엔진이라고 개인적으로 보고 돈 써가면서 기본적인 오일 교환도 더 자주하고 예방점검도 철저하게 받고 있으니 차량 상태는 정말 만족합니다...지금 총 4대: 재규어 XE 2017 4만km, 포드 토러스 2009 27만km, 벤츠 E300 2019 Exclusive 5만km 신차로 출고해서 타고 있고 BMW 1996 735iL은 클래식카로 직접 관리하며 타고 있어서 다양하게 타 보면서 겪은 경험이라 어느정도 경험은 다양하게 쌓았다고는 생각합니다",15
265,재규어  타보고싶지만  1고장율  2수리비  3 잔고장     지갑이 두둑한분만  타는 차가 아닌가 생각 합니다,1
266,"타보지 않은 사람들이 욕하지만, 타고 다니는 사람들도 욕하는 차 아닌가요..?ㅋㅋㅋㅋ하지만 디자인은 진짜 영국감성에 유니크한거 인정!",2
267,시동 꺼짐이 엄청 위험 한건데센터에서 안전상 꺼진다는게 이해가 안되네요,1
268,현대 그랜져급 이상이 얼마나 좋은 차량인지..  끌어본 사람은 압니다 ㅋㅋㅋㅋㅋ,2
269,알려진 것과 달리 잔고장은 없다. 중대 결함이 있을 뿐,6
270,재규어 타는 분들이 추천은 안한다는 이유가 다른사람들 입장과 현재 차주로서의 입장이 다르기 때문이지 현재 재규어 타는 분들중에 불만 많아도 타고다니는 이유가 분명히 있음.,2
271,2.0은 잘 모르겠으나... 못타는 사람이 가장 걱정하는 브랜드 1위 재규어랜드로버.,20
272,재규어 좋긴 한데.....!! 조심히 타셔요..ㅎㅎ,3
273,XF 저 센터 콘솔은 재규어 타는 사람은 다 당하는듯.. 4기통 디젤은 독일차들도 문제 많습니다.,2
274,30대라니 놀랍습니다 ㅋㅋㅋ,14
275,재규어는  휘발류....  끝물...  모델체인지  직전  모델  할인 이빠이 받고  사면  고장안납니다.....미션은 ZF,1
276,Hud는 높이조절하시면 잘보일겁니다. 영국차  미국차 독일차  다 각자 감성과 추구하는바가 다르고 개성이 있는듯. 한국인에게는 독일차가 잘맞는건 사실인듯하고요,4
277,"선배가 XF 대차한거 반납해달라고 했는데 마침 사는곳과 아주 가까워서 흔쾌히 수락하고 이차 운행해봤는데 (무려 2시간 도심,고속주행 포함) 와....디젤소음 왠만한거 크게 신경쓰는 타입도 아닌데 진동이니 소음이니 이게 5천-6천만원 짜리 차가 맞나 싶더라구요..브레이크 성능도 개판 오분전이고 실내 잡소리는 옵션입니다.독3사, 볼보, 제네시스가 모든면에서 훨씬 압도합니다 심지어 그랜져급 차들이 더 품질도 좋고 아니 그냥 다 좋아요.",9
278,역시 재규어는 진녹색,6
279,"지금 재규어XF 3.0 디젤 타고있습니다, 저도 외관에 = =반해서 ..지금 결함은 엔진불이 들어왔다 나갔다...ㅋㅋㅋ센터갔지만 센서문제같다고.. 그것말고는 잘타고있어요 ㅋㅋ 콘솔박스 없는거랑 트렁크 작은거... 인정합니다.ㅠㅠ 그래도 연비 정말 잘나오구욧! 차 정말 잘나갑니다! 그리고 진짜 최고인건 코너링.!!!! 정말 최고!! 희소성 없고 주위에서 하도 영국 쓰레기차란소리 많이 들어서 = =;;; 혼자 위안삼는중인데 너무 반갑네요 ㅋㅋ",6
280,저 재규어도 도산대로 나가면 벤비아보단 아니지만 그래도 흔히 보이는....,4
281,싸서 산거지 뭐가 있나?감가가 ,3
282,장점:디자인이이쁘다단점:디자인 빼고 모든게 단점이다,2
283,시동꺼지는 것은 제네시스 80 신형이 유명하잖아요.ㅋㅋㅋ 그것보다야 좋을듯...,1
284,진짜 차주님한데 죄송한데 재규어에 대한 웃긴 밈을 많이 들어서 웃기네요 ㅋㅋ,26
285,구독자 1만명 가즈아~~,4
286,설마 그 악명높은 2.0 인제니움 디젤엔진…?? 화이팅ㅠㅠ,8
287,"희소성으로 인한 단점은 유지보수비용이 더 많이 들고, 어렵습니다.",2
288,09:54 여기 왜이렇게 웃기죠 ㅋㅋㅋㅋㅋ,14
289,조만간 차 파실듯;;ㅎㅎㅎ장점이... 디자인?단점만 기억에 남았습니다ㅎㅎ,13
290,현재도 벤비아 다가지고 있지만 올해는 재규어한번 소유해 보려합니다 30d로 보고있어요,2
291,재규어는 워낙 할인이 써서 XF 가격이 bmw 3시리즈랑 비슷할거에요. 차 체급으로 비교하면 bmw5시리즈지만 가격으로 3시리즈 수준.,8
292,2018 xe 디젤 고민했었는데.. 주위에서 말려서.. 그랜저 타는중입니다.. ㅠㅠ xe보단 xf보니 자꾸 타고싶네요..,3
293,많이팔리는차는 이유가있는법ㅎㅎ 재규어..,1
294,차좋죠 가끔 기어봉 안올라오고 안돌아가고 쓸데없는 경고등 생기고 음 중고차값 똥망에 또 뭐없나 ㅋㅋ 장점 찾기가 힘들어서,4
295,한기사님 표정이 웃김 ㅋㅋㅋㅋ,1
296,돈쓰면서.. 타실분은.. 걱정하는 건 기우........ㅋㅋ,2
297,재규어도 카푸어 느낌인데ㅋㅋ새차 산분들은 다 팔고 거의 중고로 산느낌,3
298,사자마자 감가 50퍼라는 전설의 재규어,5
299,xf는 3시리즈나 씨클이랑 비교해야 하지 않나요? 신차도 할인 이빠이 매기면 3시리즈 상위등급이고 4기통 딸딸이 중고구매는 가격대가 3시리즈랑 겹칠텐데,1
300,Xf가 정숙성 주행성능을 두개다 가졌다라 ㅋㅋㅋㅋㅋ 웃고갑니다,2
301,"재규어가 같은 종류, 비슷한 가격의 차종이면 거의 모든 브랜드중에 보험료 제일 비쌉니다. 왠지 설명 필요없죠",1
302,제규어 차 좋습니다ㅋ 고장이 잘나서 그렇지,6
303,벤ㄹ리는 아우디 계열임  기술은 독일거임,3
304,재규어xf 일주일장도 대차받아서 타봤는데 그냥 문안한차,2
305,재규어 마세라티는 북미에서도 최악의 차 탑3에 항상 들어가는 차종입니다 ㅠㅠ,1
306,잘보겠습니다~,8
307,온니 디진인과 희소성만 보고 샀다가 ㅈ되었습니다.  만5년 못타고 엔진 고장으로 수리비가 1500 이 나와서 중고 값 받고 팔잇어요. 역시나 뽑기운인지 아닌지 모른겟지만 후회 막심..  ㅠㅠ,2
308,단점 듣다가 보니까 눈물이 나네요….쩝…,8
309,"2.0 인제니움 디젤 엔진, 오일 체크잘하세요.오일 점점 줄어들어서 결국 엔진 사망합니다.경고등 그런거 없습니다. 8만 사망 예상합니다.",3
310,야구 한화팬 = 재규어 차주,5
311,낮은 버전이라 그런가요? 제가3.0D  6년   3.0 awd 슈퍼자저 6년째 타고 있는데 통풍시트 둘다 다 있는데요... 트렁크도 동급 대비 컸었구요.  지금 신형은 다른가 보군요. 막상 또 바꿀라면  동급에 다 비슷비슷해서  ...친구 cls도 그닥이고...a7함 타볼까 생각중이네요. 쟤규어는  그래도 저한테만큼은 좋은  차 입니다.뽈록이 넘을때도 진가 발휘하는데 사람들은 그런걸 모르죠,3
312,r도 아니고 자부심 좋으시네요.ㅎㅎㅎ,2
313,전 xf 14년식 18년도에 가져와서 감성으로 18망키까지 잘타고있어요..큰돈 들인적 한번 없고  매우 만족해요. 잔고장 좀 있다고 해도 알고 샀고 후회 안되더라구요. 그리고 사실 큰 문제가 있는게 아닌데...솔까 이쁘면 장땡 아닌가요?? 남자들의 본능 아닌가요? ㅋ 제 다음 차는 xj나 f type인데 xf가 너무 팔팔해서 놓아주질 못하고 있네요 ㅎ,13
314,경험상 시동을 걸어도 변속레버가 올라오지 않아서 황당.... 다섯번 재시동거니 올라옵니다. 송풍구도 가끔 돌지않았습니다. 보살이라는 표현 정답입니다.,1
315,재규어 몰면서 5시리즈 카푸어 개웃기넼ㅋ,16
316,중고시장에 나온 재규어는 딱 두 가지1. 하자가 있는 재규어2. 앞으로 하자가 일어날 예정인 재규어,3
317,재규어가 계속 한국실적이 안나와서 철수설 들어오고 있는데 철수 안했으면 좋겠어요ㅜㅜ,4
318,재규어 일년에 300대정도로 판매량 곤두박질쳐서   철수설도 나돌던데...,1
319,웃긴다 카푸어 이미지라 비엠을 고려하지 안았대ㅋㅋㅋㅋ비엠 옆에 서지도 못하는게 지금 재규어인데 웃고갑니다,4
320,전 재규어xf 오너로서 드리는말씀은 오래타세요. 최대한 오래. 그게 이득입니다.,6
321,벤틀리는 이제 독일차입니다. 폭스바겐으로 넘어갔음요. ㅎㅎ,1
322,"남들이 잔고장 많다 왜 타냐고 했을 때 니네가 몰아봐라 잔고장 있나..라고 대답했었는데 15년식 xf 모델 6.6만, 5년 운전하니 어느 순간부터 원형 기어봉 쪽이 뜨겁더라구요. 통째로 갈고 몇 주 후에 모니터에선 무슨 오류와 함께 시속 80? 100? 이상 엑셀을 밟아도 속도가 올라가지 않았고 터보 고장이래서 터보 교환했습니다. 그러고 몇 주가 지나니 이번엔 운행하고 집와서 시동을 끄려고보니 차 시동이 꺼지질 않더군요 ㄹㅇㅋㅋㅋ 뽑기운인지 학생 때라 관리를 잘 못해서인지.. 암튼 재규어 오너님들 모두 안전운전하시고 오래타세요 ㅠㅠ 그래도 제일 멋있습니다",3
323,영국차는 돈주고 사는거 아니라고 들었지...,1
324,5시리즈가 카푸어 느낌이난다라니 ㅋㅋ할인때문에 그러신거 같은데 그건 재규어가 더한디요,2
325,인도 자동차 회사 타타가 재규어 랜드로버를 2조5천억 정도에 인수,3
326,4기통 디젤은.. 하아.. 할많하않.. ;; 디젤은 어떤 브랜드건 묻지도 따지지도 말고 무조건 6기통 이상으로 사세요.,3
327,내가 봤을땐 이분은 정말 보살이시다 우리 아버지도 보살이 되신 이유가 여기 있었네 운전할때 욕하지 마라 그러는거 보니까 이차타면서 보살되신가보다,6
328,네 22년 현재는 고민하는분들 없을줄로 압니다^^,1
329,xf 3년 넘게 탔어요 저는 뽑기를 잘 했는지 잘 타고 보냈어요. 댓글에 너무 까여서 안타깝네요,1
330,뽑기운인지...인제니움엔진 차구입한지 4년만에 퍼져서 새걸로 갈고 온 사람입니다 ㅠ 엔진은 아닌거 같아요 진동도 너무심하구요,2
331,시동 꺼진 후 바로 시동 걸리잖아요 그러면 별 문제 없는 거나 마찬가지인데...제네시스는 꺼지면 다시 안움직인다면서요? 맞나요?,2
332,잘봤습니다 그생이 많으십니더,2
333,역시...사는 것을...자제해야겠어요...디자인은 이쁜뎅...ㅠ.ㅠ;;;,1
334,서비스센터에 자주 안가시길 기도해봅니다 ....,3
335,딱 옛날 대우차 감성이군요.아 욕나와,2
336,재규어...요즘도 2000씩 할인해주나요,2
337,"멋진데, 부럽지는 않네요^^;;",1
338,디젤 소음이 심하더군요,2
339,시동꺼짐3주 차가맞는지도좀..   외관은 멎진데 수리비가비가 장난아니라던데많는지?,2
340,에이 이거 중고가 기껐해야 삼천 초반 정도 일텐데 비엠이나 벤츠는 못살듯한데요 ㅎ ㅎ,2
341,오래타겠다고 했으나 좀 타다보면 수리비를 감당할수 있을까?,1
342,에이....제가 재규어만 5대탔는데 시내주행 13은뻥이다.....더가벼운 xe2.0도 그정도는 안나오는데;; xf차가 무거워서 2.0디젤은 너무 둔탁해요 느려요 3.0은타야 스포티한주행이지 2.0디젤가지고 스포티하다는거는좀....,2
343,Xf20d 중고값이 소나타수준인데 중고로 뽑아놓고 비엠 카푸어이미지 ㅋㅋㅋㅋ,5
344,차는 이쁜데.. 차는 이쁜데.. ㅠㅠ,2
345,어쩌다 이런 이미지가 ㅠ  랜드로버도 그렇고..,14
346,동생 차사고 났는데운전문짝 가는데 4달 걸림사고나면 답 없어요하염없이 기다려야함,1
347,온라인에서 재규어 까는 사람들은 실제로 소유하지 않았던 사람들이 대부분임. 18년식 XF 20d 몰고 있는데 와이프 차 18년식 W213 E300 4matic보다 만족도가 훨씬 높음. 우리나라 사람들은 벤츠면 하자가 있어도 다 이해해줌. 마치 대깨들을 보는 듯 함.,18
348,ㅋㅋ17년식 중고 사고 bmw 카푸어 걱정을 다하네ㅎㅎㅎㅎ,3
349,ㅋㅋ중고로 재규어를 사시는 분이 비엠 오너를 카푸어로 봐주시네ㅋㅋ 재규어는 디자인도 외부와 내부의 괴리감이 ㅈ되는 차임. 판매전략도 이도저도 아니라서 브랜드가 망함. 애매모호의 끝.. 안사는걸 추천~,1
350,"ㅋㅋ벤틀리는 독일차아닌가 재규어는인도차고,,,",2
351,보살이 되야 됩니닼! ㅋㅋㅋㅋ 아놬! 미친ㅋ,3
352,비엠벤츠 중고랑 재규어중고랑가격차이가 어마어마한데 ㅋㅋ?재규어 중고 쏘나타중고도 안됨,3
353,벤츠 페이스리프트가 자주 한다는 소리는 처음 듣네요.. 7년에 한번인데…,1
354,저도 벤츠타지만..벤츠추천안합니다 21년식cls450 5월출고 현재까지도 센터방문중 1년을가까이 고쳐가고있슴돠 하,4
355,저형 곧 차 팔겠네..ㅋㅋㅋ,2
356,"디자인은 정말 멋졌는데,,, XX코리아가 문제인것인지,,,https://youtu.be/bYkHa84lG1c전 별로였어요,,,",1
357,거의 장점이 없는거아님 ㅋㅋㅋㅋ,2
358,가성비는좋지 싸고 근데 브랜드랑 마크가별로라ㅋ거기다 수리비까지,2
359,xf 페리는 안하나요?,2
360,다들 돈도 많다..이것저것 타는거 보면..코로나로 힘들다고 하는것도 다 거짓말같애,1
361,XJL 엔진부품 수리비 1000만원.. 나왔어요.,1
362,벤츠도카푸어겠네요 가격이 비슷한데….,1
363,앵? 울집차는 2013식인데 한번도 정비소 가본적 없고 타는데 문제 없는디..저차는 왜저래..아직도 연비 빵빵히 잘 나오는디..고속도로 보토ㅇ 110킬로퍼아워 연비 22킬로미터 나오는데  20~23km,2
364,새차사서 에어컨안되서 as시트가 너무불편 1시간 운전하면 주금ㅋㅋ,1
365,Xf30d 운행중인데 출연가능할까요?,1
366,그냥 농담겸 하는말에 죽자고 들려드는 비엠 오너들 댓글창에 개많구만 답이 없다 증말 ㅋㅋㅋ 양카브랜드다운 면모를 보여주는 양카오너들 ㅋㅋㅋㅋ,4
367,요약 : 비엠은 카푸어,3
368,이차 그냥 주면 그대로 랙카에 실고 장한평으로,2
369,재규어 망해가는 브랜드.. ㅋㅋ  xf타다가 제네시스 g80 기변했는데 실내 성능 차량 기본기 모든 부분 자체가 제네시스가 훨씬 완성도가 높습니다 ㅋ~~~,4
370,차는bm잘만듬,1
371,as 어떻게 받아요?,2
372,재규어는 가슴이 시키는게 맞지,6
373,잔고장 대명사곧후방카메라  렉걸림,1
374,네 조망간 송풍구가 고개를 안드는날이 올거에여 ㅋㅋ,1
375,드림카였는데 ㅋㅋ ㅜㅜ,13
376,아니 누가 중고 외제차를 디젤로 사나요...그리구 실내외 옛날 차 같아요.. ㅜ ㅜ죄성해여,1
377,벤틀리 독일자로  아는것 안일까요,2
378,살빼고 차주리뷰 신청할게요!,9
379,영국차는 2대사서 타는 겁니다.10년전 마틴차주가...,1
380,07:55 ㅋㅋㅋㅋ,5
381,안전운전보다 안전벨트 꼬옥~ 그대로 멈춰라 ㅎ1ㆍㄹ지ㄷㄷㄷ,1
382,이제 인도회사아닌가요?ㅋㅋ영국아니고,1
383,차 두대이상 영국차,1
384,제규어 xe 네비업그레이드카드 위치 어디인가요,1
385,별에별고장 ㅈㄴ많은제규어,1
386,아 ㅡㅡㅡ  !  누구는  X 밟았네....,1
387,미남 입니다!,3
388,씨유 어겐~~ 음악좋고,13
389,진짜 바보구나 ..카푸어구나,6
390,영국차 아님,1
391,어휴 xj 다시생각해도 끔직하다 에어컨 송풍구 불량 기어불량 몰딩 불량 ㅠ 다시 안산다,4
392,죄송하지만 재규어는 bmw나 벤츠보다 더 카푸어같이 보여요. 제 눈에는 카푸어+차알못 ㅠ,3
393,희소성은 얼어죽을 ㅋㅋㅋ,5
394,33살인데 얼굴이 왤케 늙은..,1
395,센터직원과 만담하나,1
396,Bmw가 카푸어라는 이미지라니 말같지도 않은 소리하시네 재규어는 줘도 안탄다 진심,2
397,남들 S클사라는거 희소성으로 XJL  5년타고 느낌.감가는 개쳐맞고 툭하면 경고등에공짜로 주지않으면 안탈 브랜드.개똥입니다.경험자라 당당히 말함,1
398,재규어는 희소성이라기보단 잣같아서  안타는거죠 ㅋ,1
399,호구탄생,2
400,신형 5시리즈나 E클 탈 능력은 안되고 여자 앞에서 외제차탄다고 허세 부리고 싶어서 희소성 때문에 중고 재규어탄다는 개소리 잘봤어 ^^,4
401,형들 광고풀로 봐줘요.. 도주형 결혼해야 해요..,38
402,차주분 차관리뿐만 아니라 본인 스타일링까지 전체적으로 센스가 있으신분인듯,17
403,카가이 편집장님도 이거 오너죠(X308).  X350도 여기서 크게 디자인을 바꾼건 아닌데 묘하게 클래식함은 휠씬 떨어지는게 바디를 벌크업 시켜서 그런거같음. 진짜 멋으로 타는차. 독일차의 기계스런 완성도를 고집하는 사람은 이거 못탐.,1
404,'옛날'을 '엣날'이라고 발음하시는 도주님ㅋㅋㅋㅋ재규어는 확실히 클래식이 신형에 비해 훨씬 매력있는듯요. 실내든 외관이든,3
405,차주님 열정에 박수를 보냅니다..!!리스펙~!,1
406,차주님께서 차를 정말 아낀다는게 느껴지네요 잘봤습니다^ㅡ^,3
407,색상까지 브리티쉬 그린으로 구하신거 보면 차주분 센스를 확인할 수 있어요 ㅎㅎ,1
408,97년도 전직 재규어 오너로써 한마디만 적는다면......저 차를 사려면 경제적으로 아주 여유가 많거나 많거나 아니면 차를 아주 사랑해서 어느 정도 자신이 차에 대해서 잘 알고 조그만한 것은 고칠줄도 알아야 합니다....절대 함부러 살 차가 아닙니다....저도 그 클래식 한 맛에 샀다가 탄 적보다 고치거나 세워둔 적이 더 많습니다.......스투레쓰! ㅠㅠ,4
409,저희 오피스텔 지하주차장에 똑같은 모델이 항상 서있는데 볼때마다 진짜 실물이 정말 클래식하고 예쁘다고 생각한차 ㅋㅋ,1
410,와 찐자 부에 상징이엇던 지금도 디자인만큼은 간지 영상요즘 너무좋음,1
411,"으와어어 차주분 댁에서 차 빼오시는... 차량 선택하시는 감성이 너무 좋고, 열정이 대단하십니다 !!",1
412,와아아아아 정말 보고 싶던 재규어 XJ8.... ㅜㅜ 감사히 보겠습니다!!!,1
413,98년이면저 군대 있을 때네요그 당시 이 차 타면 간지 뿜뿜,1
414,아 그래도 r8영상이 너무 기다려짐!!!!!!!ㅋㅋㅋ인스타에서 보고 말았네요!!!!!1분50초에 개빵터진ㅋㅋㅋㅋㅋㅋㅋㅋ,1
415,와 관리 미쳤다 진짜 ㅋㅋㅋㅋ,3
416,6년 소유했던 재규어 xj8 특히 전기쪽이  약함 잔고장 많아 수리비  각오해야되는 차 제일 당황한적은 고속도로에서 계기판 갑자기 먹통되고 세워 주차후 기어 p에서 안빠짐 유투브에서 1시간 방법찿아 계기판 먹통인 상태로 겨우 집에온적 있음 계기판 신품교환가 200가까이됨,8
417,아 이 환자님 너무 멋지네요. 저는 4기통만 타는데 휴..,1
418,올드카도 이런 매력이있네요,2
419,진짜 차를사랑하시는분이네요,2
420,차주님 넘나 훈남 !!!!  자주 나와주세요...,3
421,도주님! 저번에 sl만 찍고 영상이 끝나서 재규어는 잊으신줄 알았습니다 ㅋㅋㅋ좋아요 박고갑니다,2
422,재규어 차주분  정말 재미있네요 차마다 장갑을 ㅋ 알칸타라 느낌나잖아요 ㅋㅋㅋㅋㅋㅋ,1
423,와 저거 진짜 멋지다,2
424,이감독님 너무 잘어울리시넴 완전 영국여사님포스,3
425,제 아빠도 벤츠 SD300 구해오셔서 하나하나 다 고치시고잇는데 배기음정말 이쁘고 차도 참 이쁘더라구여,2
426,도주님 영상만드시느라 고생하셨어요 잘보겠슴니단,1
427,ㅋㅋㅋㅋㅋ이감독님은 ㅋㅋ째규어랑 의상이 찰떡 궁합입니다 ㅋㅋㅋㅋㅋㅋ아 ㅋㅋㅋㅋㅋㅋㅋㅋㅋ,1
428,재규어는 진짜 저때가 대박이였죠.실내 실외등등..지금 재규러는 좀 별로에요,7
429,저때 재규어였다면 재규어 핸디캡 안고라도 샀을텐데 지금 재규어는 재규어 같지가 않아서...,1
430,오너분이  되게 호감형이시네요,2
431,"역시 저 dark green은 애스턴, 미니, 레인지로버 영국차에 제일 이쁨 ",2
432,재규어 중에 가장 멋 있는 앞뒤태,2
433,차주님이 멋지시네요~,1
434,팅커 테일러 솔저 스파이 간지네,2
435,Bmw클래식카도 보고싶네유 ㅋㅋ,2
436,멋을 아는 분이네요,6
437,ㅋㅋㅋㅋ  장갑 끼고 운전하면 알칸타라 핸들 느낌이 나겠구나!   이걸 이제 알았네,1
438,차 예뻐요!,3
439,이것만 기다렸습니다 형님,2
440,횽 r8영상 언제 올라와 현기증 나겠어 형 ㅎㅎ,1
441,재규어는  저 디자인에  엠블럼...최고 디자인,1
442,구독자 3만 가즈아~~~,2
443,영상잘보고갑니다 ,1
444,개간지 그자체다,3
445,언능 r8 보고싶네요ㅠㅠ,2
446,"X300/X306 오너 입니다만, 유지비.. 데일리로 타면 비용은 수직상승 합니다. ",2
447,장갑끼는거 개웃기네 ㅋㅋㅋㅋㅋㅋㅋㅋㅋ 차주도 머쓱해하는듯ㅋㅋㄴ,1
448,저 모델  영화에 나온모습 엄청 멋졌죠,2
449,느낌적인 느낌갬정적인 감성,4
450,1:48 아 미쳤ㄷㅏ ㅋㅋㅋ 개웃김3:12 추가,4
451,길가다 봤엇는데 되게 이쁘네요,1
452,98년식이면 저는 태어나지도 않았을ㄸ...,1
453,내가제일 타고싶은차네요,1
454,재밋게 잘봤어요,2
455,X308이 젤 예뻐요,1
456,2:39 변태가 변태에게 차 너무 이쁘다 ㅠㅠ,1
457,도봉님 아우디 s8 구입하려고 정보수집중입니다 장단점좀 알려주세요아우디 4.2tdi 2년정도 운행했었습니다,1
458,열심히 광고풀영상 보고 갑니다 ㅋ,1
459,저디자인이 젤이뻐,3
460,XJ8하셨으니 R8 하셔야죠? ㅋ,2
461,도봉구님 렉서스sc430은 어떠세요? ㅎㅎ,1
462,알칸타라 ㅋㅋㅋ지렸다,1
463,도주형 신은 이지부스트 색상 이름좀 ㅠㅠㅠㅠ제발,2
464,저 차가 나랑 나이가 같아요.......,2
465,와 왤케 이쁘지,1
466,내 나이 23... 인생의 목표를 찾았다,1
467,형님 w212 63amg 4매틱 구매할까하는데 고질병좀 한번 읊어주시면 안되겠습니까,1
468,극상환자 ㅇㅈ,2
469,도봉구주민님 저랑 동갑이엇군요,1
470,유학파 시네요. 말하는데 악센트가 ㅋㅋ,3
471,차죽이네ㄷㄷ,1
472,여성분은 누구시죠 ? 너무 이쁜데요,2
473,아가씨 참 미인이네요.,1
474,유지비는 안들어가는데 수리비가 1800만원 들었다니 이게 머선소리고~,1
475,도봉핫,2
476,추격자 보고옴,1
477,로건리 차,1
478,1빠 ㅎ.ㅎ,2
479,조회수도1빠,2
480,[화질 1080 설정 후 감상 부탁드려요]2010년 재규어 xj 5.0 P 가솔린_07:23 장점_08:42 A/S가 쓰레기인 이유_09:34 단점_15:20 강추 비추감사합니다!!-----------------------------------------대원킴출연문의Insta : dokim_all E-mail : dok1182@naver.com-----------------------------------------,2
481,차주님 대단하십니다~,5
482,영상 두서 없이 찍었는데 편집이 잘됐네요 ㅎ재미있는 추억 만들었습니다 ^^,4
483,설명이 시원시원 하십니다~~,2
484,재규어 랜드로버 고장관련 조롱 많길래 다른채널에서 물어보니 과장된게 많다고 했는데 사실이군요,6
485,와 나도 재규어 타보고싶당  고급지다,2
486,와 ㅋㅋ 이제 점점 영역이 넓어지는 ㅋㅋ 기함급이라니 ㅋㅋ,5
487,결론 차는 뽑기다 ㅋㅋㅋㅋㅋㅋㅋㅋㅋ,3
488,ZF가 고장이 잘 안난다는건 누구피셜이죠..? 고장많기로 유명한게 ZF인데,1
489,2.0 타보기는 하시고 까는건지..ㅋㅋㅋ 2.0터보가 제원상 240마력쯤 하는데 G70 2.0보다 0-200이 2초나 짧습니다 무게도 더 나가고 마력도 낮은데 더 잘나가요 차 리뷰 전문 기자들이 g70 2.0도 일상주행하는데 충분한 출력이라고 하는데 xj2.0을 왜만들었냐는 식으로 거드름 피우는 5.0차주의 인터뷰라.. 하..ㅋㅋㅋ,2
490,재규어 차는 스포츠 세단으로 일단 달려봐야 합니다. 다이나믹 모드에서 가속해 보면 특히 고속에서 생물 재규어 처럼 날렵하게 잘 치고 니가고 핸들링 느낌도 좋아요 ,11
491,메르디안 스피커는 옵션에 따라 질의 차이가 있습니다.. 아마.프레스티지 등급인거 같은데 포트폴리오등급은.꽤 좋았던것 같습니다.,3
492,제네시스 타다 갈아타고 1년정도 탔는데 나름 잘 타고 있음 영상에서 말하는 단점들은 창문스위치랑 a필러 빼고는 별로 느끼지 못했고..... 오히려 단점은 다른건데 미션을 뭘 썼는지 초반가속이 엄청 무겁고 답답함. 저속에서 가끔 꿀렁거림 있음. g80타다 이거 타니 초반가속 때문에 엄청 갑갑시러움 ㅎㅎ 메르디앙 스피커는 빵빵함 벤츠 부메스터도 들어봤는데 포트폴리오 모델이라 그런지 오히려 재규어가 나았음. 디자인은 내외부 포함해서 동급대비 고급스럽게 잘 뽑았다고 생각함. 장단점이 있으니 생각있으신분들은 함 몰아보고 결정하시길ㅎ,20
493,규어 리뷰 잘보고 갑니다 ,5
494,XE는 A필러 각도 굉장히 좋았던 걸로 기억하는데. 그리고 리뷰어 시트포지션이 딱히 좋아보이지 않아요. 타이트하게 타는 편이라고 하지만 등받이 각도가 많이 누워보임. 그러다보니 창문 여는 버튼도 더 멀 것이고 시야도 불편할 것이고...,3
495,ㅋㅋㅋㅋㅋㅋㅋㅋㅋㅋㅋㅋㅋ 간절함이 느껴지네요!! 저도 꼭 타보고 싶습니다!,5
496,18년식 타고있는데 어찌저찌 해봐도 현기보다 내구성 좋다는 느낌 받으면서 타고있어요 ㅎㅎ 음악하는 사람인데 오디오 좋게 느끼면서 다니고 있어요 …..,4
497,2년 넘게 타고 있는데 가격대비고장 없고 만족입니다,21
498,"동일 차량 차주인데 잘 보았습니다^^ 공감을 사는 부분도 있고, 공감하기 어려운 부분도 좀 있네요~",10
499,3년 반 아직도 잘 타고 다닙니다 잔고장 아직없고 저는 만족합니다 유튜브 보면 탈 차가 없네요,41
500,마세라티처럼 1-2년된 신형차 중고로 사기엔 최고의 가성비,2
501,아반테 타면 딱 만족할 스타일..,10
502,저도 이차 타보고 싶네요..,1
503,이쁘고 희소성이외에는 없다라고 하는데 사실 재규어 랜드로버 오너가 이쁘고 희소성있다는걸 가치로 구매한거지 설마 실용성을 따졌을까?ㅎ,14
504,"2020 재규어 XF 2.0d RWD 채커드 플래그(외장 스포츠팩 + 스포츠 서스) 오너 입니다.1. 주행감: 벤츠 비엠 중간이고 무게배분 진짜 좋은데 오버 조금 남 - 좋게말하면 무난하고 나쁘게 말하면 이도저도 아닌, 하지만 초보자가 잘 쏘고 다니기에 완벽 / 알루미늄 떡칠한 특유의 둔탁한 승차감 좋습니다 (수치적인 강성은 비엠벤츠 2/3인데 알루미늄이 뚝 끊기는 특성 감안해서 설계하는 실제 파손 강성은 동급 비엠벤츠 이상입니다)2. 엔진: 포기해야함 - 0-40, 90-170 가속은 진짜 무난하고 잘 나갑니다 - 아마 에미션 세팅에서 제로백이 16년식 보다 더 느려진듯3. 실내공간: 수치상으로 5, e 보다 길지만 데시보드 구성 및 뒷좌석 위치가 똥망이라 좁게 느껴짐 - 키 180 미만은 솔직히 안 부족 합니다~4. 디자인: 개취, 포드-애스턴마틴 느낌 좋아하는 저한테는 완벽 / 휠 작은거는 짜증나서 업그레이드 했습니다5. 옵션: 차선 유지 빼고 있을거 다 있으나 벤츠비엠현대 전 세대 느낌 5. 소음: e350d(다른 소유차)는 조용하다가 140 부터 풍절음이 확 커지는데 XF는 그냥 속도에 정비례하여 정직하게 시끄러움 / 엔진 소리는 비디오 그대로 그냥 그래요 / 진동은 4기통 감안하면 진짜 괜찮음 6. 경제성: 연비는 아주 조금만 부드럽게 운행하면 진짜 평균치로 잘 나오고, 재규어 모듈러 (4기통 한정) 자체가 구동계에 큰 잔고장 안나서 믿고 구매함 (단 오일 교환만 자주 하시면 됩니다)7. 그리고 s60에 비교한다는 영상에 웃고 넘깁니다",8
505,저 XF 5년타고 XJ 로 갈아탈까 고민중입니다. 포르쉐 파나메라까지는 XJ로 유지할 생각입니다. 비엠은 불날까봐  벤츠는 노티나서 아우디는 싼티나서.... 재규어 이렇게 까일 차는 아닌거 같은데....,8
506,창문버튼은 서양인이 우리보다 채구가 커서 그런거 일수도 있고 저는 뭐든지 디지털인거 보다 기계식 버튼식 아날로그식이 좋더군요 오작동도 덜하고 반응도 좋고,8
507,재규어에 협찬 신청했다 까이셨나보네요. ㅎㅎ불만이 상당히 많으시네요. ㅋ재규어 좋던데요.헤드업 디스플레이가 없느니만 못하다구요?그래도 있는게 낫죠.그리고 주차 전혀 안 불편합니다. ㅎㅎ,7
508,재규어XF 시승기 1줄 요약  10:58,1
509,버스 몰아보세요 운전하는 재미는 최고입니다.,1
510,후기 감사합니다 한번쯤 듣고 싶었어요,2
511,대노했는데 차분할려고 꾸역꾸역 애쓰는중ㅋㅋㅋㅋㅋㅋㅋㅋ 재밌게보고갑니다,3
512,격하게 공감 합니다... ㅠㅠ,2
513,"XF 25t 1년반 타는중임.  시승기 올린 사람이 성격이 좀 까탈 스러운듯.  별로 불편할거 없고 hud에 네비 내용도 나옴, 후방 카메라 굵은 선이 휠 위치인데 그런거 모르니 뭐.. 그러면서 유툽 올리는거 보면 좀 잘 모르는 사람이 나대면 안되는것임.  재구매율이 낮다니.. 오너 만족도 조사하면 최상위권임.  조작하는건 팔다리 짧으면 불편할 수도 있으나 평균체형이면 불편할건 아닌데. 스맛폰 앱으로 원격 시동걸어서 오늘같이 추운 날 미리 온도도 맞춰지고, 앞유리 전체 열선 들어있어서 아침 출근할때 편하고, 옆에 여친 태울때 문 스르르 자동으로 잠겨서 우아하게 태워줄 수도 있고,  다들 만족하던데.. 아직까지 고장도 없고 나도 아주 만족하며 타고 있음. 다음차도 재규어 탈것임.열쇠 던져놓은곳이 지갑 놓는곳이고 센터콘솔에 휴대폰 충전하며 넣는곳이고 컵홀더 두개 있으면 됐지 무슨 차에다가 살림 차리나..",17
514,재규어 랜드로버 타본적 없는사람 특: 잔고장 많이난다고하지만 경험해본적없음  경험이없으니 눈에보이는것만 보다보니 아는척하려고 차 디자인은 예쁘다고함,4
515,디스커버리 스포츠 리뷰 꼭 부탁드립니다,1
516,재규어 가족 랜드로버도 리뷰부탁드려요. 그중에 디5요,4
517,요즘 할인 2100 만원 하던데..  괜찮지 않나요?.,3
518,링컨도 리뷰 부탁드려요~그중에 에비에이터요,1
519,빛좋은 개살구구먼 디자인은 너무 이쁜디 ㅠㅠ 아쉽다... 내부에 좀 신경좀 써주지,1
520,궁금한게 있는데 사이드미러로 뭘 볼려고 하는건지 궁금해요...운전하면서 사이드미러로 휠을 볼 일이 있나요??주차할때도 안보는 휠을 언제 보는건지 궁금합니다..!제가 지금 suv타서 그런건진 몰라도 이부분은 조금 이해가 안됩니다xf 구매하려고 정보 알아가던차에 유튭 보게되었는데 제가 생각하기에는 단점 아닌 단점만 말씀하신거 같아서 여러가지로 의문이 드네요..수납공간은 조금 충격이네요..,8
521,"Xf 프레스티지 타는데, 암레스트 수납공간 제껀 더 깊은데 저건 왜그런가 모르겠네요. 페달 보고 내차도 그런가 움직여봤는데 안움직이던데요? 창문스위치 위치는 좀 불편하긴해요. 저는 연비나, 정숙성, 디자인 쪽으로 대체로 만족하고 있고, 옵션쪽으로도 원하는 옵션은 다 있어서 그럭저럭 업어온 가격대비 만족하고 있습니다. 영상 잘 봤습니다~",11
522,딱 그만한 차입니다.    가솔린은 잔고장 없습니다.   굳이 디젤 사야하는 부분이 없으시다면. 가솔린 타세요,12
523,내부 컬러는 이쁜데 재질이 싼마이네희소성이 있고 이쁜 재규어,1
524,4년째 잘타고있습니다,21
525,오늘은 왜 슬리퍼 안 신으셨어요?은근 간자나던댕,2
526,이 분 말에 난 동의함. 실내 고급짐이나 실용성이 떨어짐개인적으로 차라리 국산 제네시스 G90이 낫다고 봄. 국산이 더 있어보이고 섬세하고 다자인도 나음,1
527,재규어쪽에서 별로 대접을 안해주셨나보네요..ㅎㅎㅎ,5
528,캐딜락이 더 간지남,2
529,뽑기운이 너무 심한차 ㅋㅋㅋㅋㅋㅋㅋ 주변 사람 두명이 3개월차이로 같은모델 디젤을 뽑았는데 한명은 두달에 한번은 센터들어가서 하나씩 고쳐오고 다른 한명은 3년째 센터 한번감 ㅋㅋㅋㅋ 차 자체는 보거나 탈때마다 이쁘고 괜찮다고생각함,17
530,절대 사면 안되는차 푸조. 재규어,1
531,"아내가 xf프레스티지 타는데, 내관이 영상과 차이가 많이 납니다.혹시 구형 중고차오래된것 아니신지...,수납공간부터 상당부분이 차이가 많이 납니다.장단점이 모든 차에 있는데, 유투버님 객관성이 좀 의심됩니다.먼가 결론을 정하고 의도적으로 영상 만드신듯하네요.아니면 표본이 되는 차량이 아닌듯 합니다. 인지도를 제외하면 독일차량 동급 차량에 비하여 성능이나 여러면에서 크게 떨어지는 선택은 아니라  생각합니다.오히려 독일차량은 너무 많아서 젊은분이 타시면 카푸어로 보이실수 있는데, 소신있고 젊은 감각이 매력인 차가 아닌가 생각되고, 오너 드라이버로서 운전의 재미가 있습니다.^^ 여러차를 몰아보았지만 최소한 신형차를 소유하고 6개월이상 몰아보아야 정확한 평이 가능하다 생각합니다.잠시 빌려서 영상용 타보시고 평가하기엔...평가자의 해안이나 분석이 논리적이지 않아 보이네요.물론 정말 차를 많이 소유해보시거나 직업특성상 정비나 판매를 많이 해보시지 않은 이상 많이 다르다 생각합니다.^^",12
532,현 xf오너인데요. 차는 제네시스보다 훨씬 좋다고 생각 됩니다.. 내구성이 문제지..,1
533,잘타고 만족하고 있는 사람도 있는데 쓰레기차 취급하셨네요 엔진 단점이 몬지 서스는 몬지 변속기를 몰쓰는지~이런것도 없이 그냥 쓰레기네요~ 단점도 단점이지만 단지 저거가지고 이차는 살가치도 없다라... ㅋㅋ,11
534,"Xf 오너로써, 맞는말도 틀린말도 있지만 실용적이고 가성비에 많은 중점을 두는 분들이 타기에는 좋은 선택지가 아닌건 맞는것 같습니다. 그리고 전 가솔린이라 그런지 고장없어요. 판매량이 달라서 그런건진 모르겠지만 센터가보면 대부분 랜드로버 차량만 보이고 재규어는 잘보이지도않음.. 세상에 고장없는차 없고, 저도 그렇지만 동호회 사람들봐도 전부 재규어만 타본 사람들도 아니고 이것저것 다 타본 사람들인데.. 다른 브랜드에 비해서 딱히 재규어 고장율이 높지않은것같은데 고장많다는 말은 이해가 안되네요.",19
535,스피커가 순정이란 같다니?유튜버님 무슨차 타시는지 궁금하네요 xf 메르디앙 좋습니다공감할부분도 있지만 깔거만 까야지 유튜버라시는분이 참,37
536,신차 뽑아서 일년넘게 타고 있는데 안불편한데?? 왜그러시지 휠도 안 긁어 먹지도 않았고요 ㅎㅎ 주차할때 굳이 그렇게 불편하지도 않고 사이드미러도 보기에 안불편 하던데... 재규어 까시려고 나오셨나??,14
537,결론적으로 동급  E세그먼트 수입차 중에서 제일 상품성이 떨어진다고 보면 될려나요?,2
538,차를 뽑기운이라고말하시는분들보면 이해가안간다...막타는사람이 한달만타도 기계는망가진다..어찌 뽑기로운운하는지..첫차타는분들인가,2
539,불편함을 느낀다면 그냥 쏘나타 타세요.,1
540,재규어는 고질병이 냉각수 누수가 있는걸로 아는데 해결이 되었을려나...,2
541,님아 깡통리뷰하면 어떻합니까 ㅋㅋ  등급좋은거 리뷰하세염 ㅋㅋ,8
542,현재 프로모션 2500만원...ㅜㅜ,1
543,뭔 시승기하는데 센터페시아 터치도 안해보고~걍 남들이 까니까 자기도 같이 까는 ㅋㅋ 객관적으로 말하면서 욕하는건 죄다 스피커 음질이니 화질이니 주관적인거 투성이 ㅋ 외국리뷰보면 음질 좋고 화질 좋다더라.,3
544,와이프차가 xe인데 극 공감합니다 ㅜㅜ뭐 이런 차가 있나싶네요 불편함의 극치이쁜쓰레기란 말이 딱입니다재규어 사지마세요,6
545,이사람이 칭찬하는 차는 뭔지 궁금하네?뭐 아주 깔려고 작정하고 까면 안까일 차가 어딧는지...,16
546,저도17년식인데 유튜버가 단점이라는건 너무 억지가많음,6
547,이렇게 화가난 리뷰는.첨이에요 ㅋㅋㅋㅋ 얼마나 불편한지 알거같아요,5
548,굿굿good,1
549,내용도 차에 대한 지식도 많이 부족한 리뷰인거 같네요.,14
550,두번 영상 봤는데 껍데기말고는 좀 엉망이네요,1
551,결론은 푸조&재규어는 거르자는 것인가..,1
552,ㅋㅋㅋㅋ 아니  이차  1억 넘는것도 아니고  그 가격에  그급이지  플라스틱 ㅋㅋㅋㅋㅋㅋㅋ  뭘  목적으로  리뷰하는지.... 깐다는게  좀  수준에 맞게 까세요.,12
553,프로불편러네ㅋㅋㅋ까는기준이 명확한게 아니라 그냥 지 마음이네ㅋㅋㅋ그런식이면 이세상에 좋은차가 있긴하냐?하여간 불평도많고 불만만 가득해서는..안타깝네요..,14
554,서양사람들이 팔이기니까 그런건가요?ㅋㅋ,5
555,생존님은 이제 활동 안하시나요?,1
556,나만 광고수가 많다고 느끼는건가..,6
557,사이드미러로 휠을 왜볼라하지....ㅡㅡㅋㅋㅋㅋㅋㅋ,1
558,뭐눈엔 뭐만 보인다더니 ㅋㅋ 리뷰도 수준이하,9
559,이뿐 여자를 만났는데~ 하악~~~~~ ㅋㅋㅋㅋㅋㅋㅋㅋㅋㅋㅋㅋㅋㅋ여기서 분노가 느껴집니다..,1
560,재규어 한테 물린적 잇는듯 ㅋㅋㅋㅋ,1
561,재규어는 잔고장이 엄청많지않나요?,3
562,억지스러운 불편함이 느껴지냐 왜ㅋㅋㅋ 일상생활가능한가보네,2
563,당신이 타는차는 자체엔진인데 뭔소리지? ㅎㅎ 일단 밟을때 토크감도 못느끼는데 카리뷰를한다? 미션도 장난아닐텐데??,1
564,이런사람도구독자13만명ㅋㅋㅋㅋ딱 그냥 네이버댓글러 수준인데,11
565,한국 자동차 유투버 공통점... 안 좋다하면 다 안 좋아해... 이 리뷰는 쓰**,1
566,이런 리뷰는 안봐도 됄듯요하나하나 트집잡으시면..에효,4
567,진짜 싼티가 ㅋㅋㅋㅋ,2
568,심수련 차,3
569,귀가 막귀이신가?ㅎㅎ,5
570,광고존나게많네돈많이벌어라까는수준하곤,8
571,패달 뭐지??...,2
572,요즘 여기 모르면 간첩이 라던 너l이버 행운픽바ㅇ 다들 아시죠!!!!!!! 또먹었네여먹엇네여ㅅㅅㅅㅅㅅ,1
573,그냥 최근 차에 신경쓰는 브랜드들 대비 재규어는 거르는게 답. 굳이 어떤 각별한 애정이나 히스토리를 갖고 있는게 아니라면 ... 최소 6개월은 타보고 평을 해야한다는 댓글도 있던데 이건 그런수준을 논할 차이도 아님. 그냥 30분이건 1시간이건 이클 5 볼보 90 심지어 제네 타보고 xf타보면 10분내로 느낌오는 부분임. 본인 차와 브랜드에 애정있는건 알겠지만 쿨하게 인정 못하는건 사람 본능인건가?,3
574,휴 개나소나 유튜버,2
575,K5 가  2배는 낫겟네요,1
576,내 차지만 진짜 개쓰레기다.,2
577,3계월만에 바꾼차,2
578,내 눈엔 특징없이 그저 평범한 촌스러워 보이는 디자인 인데  멋진 디자인 으로 보시는군요. 물론 개인감성 이니까요.잘 보았습니다.,1
