,comments,likes
0,형들 광고풀로 봐줘요.. 도주형 결혼해야 해요..,38
1,차주분 차관리뿐만 아니라 본인 스타일링까지 전체적으로 센스가 있으신분인듯👍🏻,17
2,카가이 편집장님도 이거 오너죠(X308).  X350도 여기서 크게 디자인을 바꾼건 아닌데 묘하게 클래식함은 휠씬 떨어지는게 바디를 벌크업 시켜서 그런거같음. 진짜 멋으로 타는차. 독일차의 기계스런 완성도를 고집하는 사람은 이거 못탐.,1
3,'옛날'을 '엣날'이라고 발음하시는 도주님ㅋㅋㅋㅋ재규어는 확실히 클래식이 신형에 비해 훨씬 매력있는듯요. 실내든 외관이든,3
4,차주님 열정에 박수를 보냅니다..!!리스펙~!,1
5,차주님께서 차를 정말 아낀다는게 느껴지네요 잘봤습니다^ㅡ^,3
6,색상까지 브리티쉬 그린으로 구하신거 보면 차주분 센스를 확인할 수 있어요 ㅎㅎ,1
7,97년도 전직 재규어 오너로써 한마디만 적는다면......저 차를 사려면 경제적으로 아주 여유가 많거나 많거나 아니면 차를 아주 사랑해서 어느 정도 자신이 차에 대해서 잘 알고 조그만한 것은 고칠줄도 알아야 합니다....절대 함부러 살 차가 아닙니다....저도 그 클래식 한 맛에 샀다가 탄 적보다 고치거나 세워둔 적이 더 많습니다.......스투레쓰! ㅠㅠ,4
8,저희 오피스텔 지하주차장에 똑같은 모델이 항상 서있는데 볼때마다 진짜 실물이 정말 클래식하고 예쁘다고 생각한차 ㅋㅋ,1
9,와 찐자 부에 상징이엇던 지금도 디자인만큼은 간지 👍👍👍영상요즘 너무좋음,1
10,"으와어어 차주분 댁에서 차 빼오시는... 차량 선택하시는 감성이 너무 좋고, 열정이 대단하십니다 !!",1
11,와아아아아 정말 보고 싶던 재규어 XJ8.... ㅜㅜ 감사히 보겠습니다!!!,1
12,98년이면저 군대 있을 때네요그 당시 이 차 타면 간지 뿜뿜,1
13,아 그래도 r8영상이 너무 기다려짐!!!!!!!ㅋㅋㅋ인스타에서 보고 말았네요!!!!!1분50초에 개빵터진ㅋㅋㅋㅋㅋㅋㅋㅋ,1
14,와 관리 미쳤다 진짜 ㅋㅋㅋㅋ,3
15,6년 소유했던 재규어 xj8 특히 전기쪽이  약함 잔고장 많아 수리비  각오해야되는 차 제일 당황한적은 고속도로에서 계기판 갑자기 먹통되고 세워 주차후 기어 p에서 안빠짐 유투브에서 1시간 방법찿아 계기판 먹통인 상태로 겨우 집에온적 있음 계기판 신품교환가 200가까이됨,8
16,아 이 환자님 너무 멋지네요. 저는 4기통만 타는데 휴..,1
17,올드카도 이런 매력이있네요,2
18,진짜 차를사랑하시는분이네요,2
19,차주님 넘나 훈남 😍!!!!  자주 나와주세요...,3
20,도주님! 저번에 sl만 찍고 영상이 끝나서 재규어는 잊으신줄 알았습니다 ㅋㅋㅋ좋아요 박고갑니다,2
21,재규어 차주분  정말 재미있네요 차마다 장갑을 ㅋ 알칸타라 느낌나잖아요 ㅋㅋㅋㅋㅋㅋ,1
22,와 저거 진짜 멋지다,2
23,이감독님 너무 잘어울리시넴 완전 영국여사님포스,3
24,제 아빠도 벤츠 SD300 구해오셔서 하나하나 다 고치시고잇는데 배기음정말 이쁘고 차도 참 이쁘더라구여,2
25,도주님 영상만드시느라 고생하셨어요 잘보겠슴니단,1
26,ㅋㅋㅋㅋㅋ이감독님은 ㅋㅋ째규어랑 의상이 찰떡 궁합입니다 ㅋㅋㅋㅋㅋㅋ아 ㅋㅋㅋㅋㅋㅋㅋㅋㅋ,1
27,재규어는 진짜 저때가 대박이였죠.실내 실외등등..지금 재규러는 좀 별로에요,7
28,저때 재규어였다면 재규어 핸디캡 안고라도 샀을텐데 지금 재규어는 재규어 같지가 않아서...,1
29,오너분이  되게 호감형이시네요,2
30,"역시 저 dark green은 애스턴, 미니, 레인지로버 영국차에 제일 이쁨 ♥",2
31,재규어 중에 가장 멋 있는 앞뒤태,2
32,차주님이 멋지시네요~,1
33,팅커 테일러 솔저 스파이 간지네,2
34,Bmw클래식카도 보고싶네유 ㅋㅋ,2
35,멋을 아는 분이네요,6
36,ㅋㅋㅋㅋ  장갑 끼고 운전하면 알칸타라 핸들 느낌이 나겠구나!   이걸 이제 알았네,1
37,차 예뻐요!,3
38,이것만 기다렸습니다 형님,2
39,횽 r8영상 언제 올라와 현기증 나겠어 형 ㅎㅎ,1
40,재규어는  저 디자인에  엠블럼...최고 디자인,1
41,구독자 3만 가즈아~~~,2
42,영상잘보고갑니다 🤗👍,1
43,개간지 그자체다,3
44,언능 r8 보고싶네요ㅠㅠ,2
45,"X300/X306 오너 입니다만, 유지비.. 데일리로 타면 비용은 수직상승 합니다. 😭😭",2
46,장갑끼는거 개웃기네 ㅋㅋㅋㅋㅋㅋㅋㅋㅋ 차주도 머쓱해하는듯ㅋㅋㄴ,1
47,저 모델  영화에 나온모습 엄청 멋졌죠,2
48,느낌적인 느낌갬정적인 감성,4
49,1:48 아 미쳤ㄷㅏ ㅋㅋㅋ 개웃김3:12 추가,4
50,길가다 봤엇는데 되게 이쁘네요,1
51,98년식이면 저는 태어나지도 않았을ㄸ...👀,1
52,내가제일 타고싶은차네요,1
53,재밋게 잘봤어요,2
54,X308이 젤 예뻐요,1
55,2:39 변태가 변태에게 차 너무 이쁘다 ㅠㅠ,1
56,도봉님 아우디 s8 구입하려고 정보수집중입니다 장단점좀 알려주세요아우디 4.2tdi 2년정도 운행했었습니다,1
57,열심히 광고풀영상 보고 갑니다 ㅋ,1
58,저디자인이 젤이뻐,3
59,XJ8하셨으니 R8 하셔야죠? ㅋ,2
60,도봉구님 렉서스sc430은 어떠세요? ㅎㅎ,1
61,알칸타라 ㅋㅋㅋ지렸다,1
62,도주형 신은 이지부스트 색상 이름좀 ㅠㅠㅠㅠ제발,2
63,저 차가 나랑 나이가 같아요.......,2
64,와 왤케 이쁘지,1
65,내 나이 23... 인생의 목표를 찾았다,1
66,형님 w212 63amg 4매틱 구매할까하는데 고질병좀 한번 읊어주시면 안되겠습니까,1
67,극상환자 ㅇㅈ,2
68,도봉구주민님 저랑 동갑이엇군요,1
69,유학파 시네요. 말하는데 악센트가 ㅋㅋ,3
70,차죽이네ㄷㄷ,1
71,여성분은 누구시죠 ? 너무 이쁜데요,2
72,아가씨 참 미인이네요.,1
73,유지비는 안들어가는데 수리비가 1800만원 들었다니 이게 머선소리고~,1
74,도봉핫,2
75,추격자 보고옴,1
76,로건리 차,1
77,1빠 ㅎ.ㅎ,2
78,조회수도1빠,2
79,2008년식 12년된 차량이지만 세련되 보인다.XJ 모델의 경우 재규어의 플래그 쉽 모델 2.7d 모델이라면 환경규제때문에 점점 타기 어렵겠다... 아무래도 서비스센터 & 인프라 & 부품수급량 수입 독3사에 비해 유지하는데 비용이 +@ 될 것 같아보이네요 대신 갬성으로 소장가치 있어보입니다.,6
80,그랜져TG도 2005년에 출시됐는데 클래식카라고 하기엔 애매하네요. 근데 올드한 느낌이 있네요.. 그 당시 당연히 있었던 옵션이 있는게 신기한거보면...ㅎㅎ,2
81,유일하게 차 리뷰 영상중 재밌게 보고있습니다. ㅋㅋㅋㅋㅋ 21:28 힘들때마다 와서 봐야겠네요,2
82,두분 케미 미쳤네요 ㅋㅋㅋㅋㅋㅋ,5
83,ㅋㅋㅋㅋㅋㅋㅋㅋㅋㅋㅋㅋ 썩차할때 차주님 표정 굳으심 ㅋㅋㅋㅋ 그때 젤웃겨,4
84,ㅋㅋㅋㅋㅋㅋㅋㅋㅋㅋㅋ악 진심 미쳐따. 영상길이가 아쉬울만큼 재밌어욬ㅋㅋㅋㅋ,3
85,앗 이거...저희 아버지도 타십니다ㅌㅋㅋㅋㅋㅋ 세상에 이게 리뷰가 나오다니 ㅠㅠㅠ,5
86,08년 xj 4.2 소유하고있어요~크롬 아가미는 휘발류 차에도 있고 트렁크 스포일러는 원래 달려있습니다. 후방카메라는 순정에는 없는 옵션이네요~ 한국수입처에서 달았을수도 있구요~,2
87,케미가 완전개꿀...와...이런 조합 좋아요~!ㅋ,2
88,주행이 꿀잼이네ㅋㅋㅋ,3
89,500만원에 나와잇던대..살까말까 고민...근데 썰푸시는게 넘 재미잇으심,1
90,이러니 개콘이 망하지.......ㅋㅋㅋㅋㅋ 아 두분 캐미에 박수가 절로,2
91,동네 아저씨가 애지중지 타시는데 볼때마다 너무 얘쁨 색도 약간 어두운 녹색? 여유되면 클래식카 한대 두고 싶네요 ㅎㅎ,9
92,근데진짜 차멋있는거같아요 와.. ㅎㅎㅎ 기어봉이 살짝 에바이긴한데 ㅎㅎㅎ 다좋구 ㅎㅎㅎㅎ 저번에 스마트포투때는귀여우신이미지셨는데 지금은 약간 사..ㅊ...체 ㅋㅋㅋㅋㅋㅋ장난입니다,3
93,아 이형 너무 좋아♡ ㅋㅋ,3
94,갑자기 고퀄 ㅋㅋㅋ신차리뷰는 너무많아서..클래식카 보는재미가있네요,2
95,형 구독자가 차살때 같이가서 사고 리뷰해주는 컨텐츠 같은건 어때요 ㅜ,4
96,스마트 때 잼있게봤는데  여전히 위트 있네요 ~~ ㅋㅋ 오케,4
97,투샷 지려버리는 모씁이구요~~,1
98,재규어는 감성으로 타는 자동차입니다.,2
99,아참 그리고 선생님 이런 분위기라면 각그랜저 리뷰 가주셔야죠. 1. 1세대 각그랜저 2. 대우 아카디아,3
100,"썩차 라고 할때마다 ""아 씨 한대 때릴까??"" 하는 표정 ㅋㅋㅋ",1
101,05년식 구형에쿠스도 통풍시트도 들어갑니다ㅋㅋㅋㅋ,1
102,편집자님 ㅋㅋㅋ뒷자리에서 내부구경하는모습이 초등학생같으심ㅋㅋㅋ,6
103,ㅋㅋㅋ 아 진짜 ㅋㅋㅋㅋ 너무재밋네,4
104,펜하의 로건리 집안 자동차 주단태는최신형 XJ고 로건리는 옛날 XJ 이고 진짜 지린다 펜하 조상희 위원도 XJ운전 하셨죠 명차중의 명차 입니다,1
105,"저희 아버지는 xj 2008 vandan pa 뭐시기 가솔린 8기통으로 있어요 저희가 2007~2009년도 안에 직접 수입해왔을 거예요 당시 서초 동아아파트에 주차했었는데 지나가는 사람들마다 차 몰고 갈때마다 다 쳐다봤다고 ㅋㅋ 하긴 그 당시엔 저런차가 없었죠 근데 지금은 뭐 ,, 택시기사님들 밖에 관심 안 가지세요 ㅠㅠ 파랑 번호판 차들 가득했던 도심 거리 .. 저는 vandan 달려있는 차는 아직까지 저희 아버지 차 밖에 못 봤는데 길가다 한번쯤 봤으면 ㅋㅋ 앞에 재규어 달린 버전 말구요 탈때마다 알루미늄이라 진짜 날아다녀요 ㅋㅋ 저번에 과속방지턱이 있는줄도 모르고 브레이크 못 잡았다가 옆에 차로 그냥 들이받을뻔햇어요 ㅠㅠ 또 노래 베이스 리듬은 비교 불가급 ㅎㅎ 노래 들을때 베이스 음이 뚝뚝 미친듯이 쿵쾅 울리는데 죠아요 :) 또 그 90 몇년식 갖고 있는데 그건 재규어 달린거더라구요 딸 입장으로서 왜이렇게 앤틱 카를 좋아하는 건지 이해가 안가요 저는 오히려 새차가 좋아요 ㅠㅠ bmw x7 같은 거요 ㅠㅠ 안에가 예쁜 차 ❤️",1
106,저런 엠블럼 인사 사고시 치명적임..,2
107,ㅋㅋㅋㅋㅋㅋㅋㅋㅋ아진짜웃기네,2
108,저도 95년식 프라이드 운행중입니다ㅋ저분한테 차사고싶네요ㅋㅋㅋㅋ,2
109,저디자인으로 새로나오면 난 백프로삼 재규어...그러나 신형디자인들은 후져서 안사고말지...,1
110,차는 멋있네계속타기는 힘들겠네,3
111,재규어는 뜨거운 가슴으로 타는거지 유지관리 같은거 생각하고 타면 안된다. 머리와 지갑을 비워야 탈 자격이 주어지는 차.,4
112,저도ㅠ....xjr4.2입니다.지금은 아푼데 고쳐줘서 조용하고 엄청부드러워요~ 사람처럼 아프면 병원가고약먹고 관리하듯이요~.,1
113,학교다닐때 반에 꼭있는 찐친 느낌ㅋㅋ,3
114,제차 bmw e06 08 년식 리뷰한번 가시죠 ㅋㅋㅋㅋ,2
115,재밌게잘봤으ㅎㅎ,2
116,아..파세오 정 만나야 하는데 .. 결혼 동영상 받아야 하는데..,9
117,아 그치만 디자인은 진짜 작살 ㅠㅠ,12
118,마스크 쓰고 나오자마자 조진웅 인줄ㅋㅋㅋ,2
119,수입차중 고급스러운 소프트 승차감보고사면 돈빨릴차최소자산 20억넘는분사시길,3
120,재규어가 언제부터 XJ에 디젤 엔진 만들었다고  이런걸 삽니까? 제차는 가솔린 4.2L 기통인데 아주 잘나가고 문제도 없습니다. 옆에 아가미 가솔린 차에 먼저 나온 모델입니다. 있어요,2
121,와 우리동네닼ㅋㅋㅋㅋㅋㅋㅋㅋㅋㅋㅋㅋㅋㅋㅋㅋㅋㅋㅋ,2
122,진짜 깐족거림,1
123,저 선들이 제규어에 발톱을 표현 ㅋ,1
124,왜 안뜨는 것이오 넘무 재밌는데,2
125,조진웅 아니라 이혁재 닮으신거 같음ㅋㅋㅋ,1
126,ㅋㅋㅋㅋㅋㅋㅋ 구독자언능떡상해서 구독자공격방어합시다,3
127,기어봉 보니까 무슨 목탁이 생각이 나냐 ㅋㅋ,3
128,왜 구독자가 안늘어나?ㅜㅜ,3
129,0:40  하..  단차 불-편 . ..,2
130,어떤운동..???아하아.....;;;;ㅋㅋㅋㅋㅋㅋㅋㅋ,3
131,로건리 차아닌가요?,1
132,조진웅씨 느낌이네 ㅋㅋ,5
133,재규어가 아니라 쟤 귀여워 ㅋㅋㅋ,5
134,추격자에서 보도차,3
135,18좃나웃기노 ㅋㅋㅋㅋㅋㅋㅋㅋㅋㅋ,1
136,22:15,4
137,네비 성우 아줌마 ㅋㅋ ㅋㅋㅋㅋ,3
138,바지가 너무 짧네요 ㅋㅋㅋㅋㅋ,3
139,팽귄맨 인가요?,1
140,진심 줘도안탄다,4
141,English man coming thru,1
142,조진웅x 조세호ㅇ,2
143,예? ㅋㅋㅋㅋ,2
144,"4885,  야 4885",2
145,옷이. 불쌍해,1
146,조진 웅,2
147,[화질 1080 설정 후 감상 부탁드려요]2010년 재규어 xj 5.0 P 가솔린_07:23 장점_08:42 A/S가 쓰레기인 이유_09:34 단점_15:20 강추 비추감사합니다!!-----------------------------------------대원킴출연문의Insta : dokim_all E-mail : dok1182@naver.com-----------------------------------------,2
148,차주님 대단하십니다~,5
149,영상 두서 없이 찍었는데 편집이 잘됐네요 ㅎ재미있는 추억 만들었습니다 ^^,4
150,설명이 시원시원 하십니다~~,2
151,재규어 랜드로버 고장관련 조롱 많길래 다른채널에서 물어보니 과장된게 많다고 했는데 사실이군요,6
152,와 나도 재규어 타보고싶당  고급지다,2
153,와 ㅋㅋ 이제 점점 영역이 넓어지는 ㅋㅋ 기함급이라니 ㅋㅋ,5
154,결론 차는 뽑기다 ㅋㅋㅋㅋㅋㅋㅋㅋㅋ,3
155,ZF가 고장이 잘 안난다는건 누구피셜이죠..? 고장많기로 유명한게 ZF인데,1
156,2.0 타보기는 하시고 까는건지..ㅋㅋㅋ 2.0터보가 제원상 240마력쯤 하는데 G70 2.0보다 0-200이 2초나 짧습니다 무게도 더 나가고 마력도 낮은데 더 잘나가요 차 리뷰 전문 기자들이 g70 2.0도 일상주행하는데 충분한 출력이라고 하는데 xj2.0을 왜만들었냐는 식으로 거드름 피우는 5.0차주의 인터뷰라.. 하..ㅋㅋㅋ,2
157,요오우~ 오늘 입구 나온 내가 만둔 티샤쓰랑 세차타월쓰랑 굿즈쓰 가꼬시푼 사람은 요기로! 내가 봐도 요올라뤼쓰 이뿌내 차암나... 뭔쥐알쥐~? 기릿! 빼애앰!! 👉 칼쳐맨 셀럽샵 바로가기 : https://marpple.shop/cartureman,42
158,와 이분이 진짜 차쟁이 대인배시다… 인정하실껀 인정하고 자신만의 가치관이 확실하시네요… 존경스럽습니다…,15
159,튜닝 문화를 가장 깊게 바라보시고 설명하시는 거에서 감동 받았습니다. ㅠㅜ,46
160,불편러들이 나대기에는 쭈니형의 멘탈이 너무 건강하고 자동차에 대한 사랑이 우리한테도 전해져서 데미지가 1도 없음 ㅋㅋㅋ 꼬시다 ㅋㅋ,111
161,의자에 앉아서도 이렇게 시간가는줄 모르는 컨텐츠를 만들 수 있다니,176
162,"와 진짜 형 영상 볼때마다 늘 느끼는거지만 차에대한 형만의 생각 느낌 이런걸 전달해준다는게 어떤건지를 다시금 느끼게됩니다. 91년생으로 프라이드 사실 잘 모르고 단순히 경차 저거보다는.. 이런식이었는데 형이가진 그런모습을 보면서 나는 무슨차를보고 느꼇나 .. 추억을 돌아보니 예전 사촌형들이 투스카니, 티뷰론터뷸런스를 탈때 나도 저런 멋있는차를 타고싶다 라고 생각했던 추억이 떠오르네요. 다만 지금의 나는 그런능력이 안되니까 드림카로서 아반떼N 수동을 생각하게되는 계기가 됬어요. 항상 현실적인 느낌으로 내가 할수있는선 나만의느낌을 전달할수있게 해줘서 고마워요!",23
163,"오우 진짜 차에 대해 이렇게 해박한 분이 있다니, 자동차 유튜버중에서 단연 탑이신것 같아요. 게다가 옆집 형한테 얘기듣는것같은 편안함까지.",9
164,12:56 14:19 사회생활 가능한가 싶은 SQ떨어지는 찐따같은 오지라퍼 댓글들에도자신의 튜닝에 대한 철학을 솔직 매너있게 얘기하며 대응해주는 칼쳐맨! RESPECT 💕,79
165,형님 마인드 진짜 멋집니다.  컬쳐맨을 보면서 형님의 또다른 깊은 모습을 알게되어 좋습니다. 자주 보여주세요 !,7
166,아 이형 너무 멋있어.. 역시 자존감 높은 사람은 남 시선 신경 안쓰고 멋지게 사는구나!! 본받고 싶어요~,8
167,쭈니형만의 튜닝 철학이 너무 좋네요!! 프로젝트카 앞으로 더욱더 기대됩니다.,5
168,나는나만의세계에서나만의만족 내가 워너비가 되는 쭌형님 !! 마음에 너무 와 닿았습니다.,13
169,늘 봐왔지만 이번영상은 30초만 봐도 주둥이 명장보다 쭌이형이 차를 훨씬 잘 안다고 할 수 있다,3
170,진짜 이 형은 멘탈리티가 완전 좋다...,3
171,쭌형의 마인드..다시한번 새겨 듣고 갑니다.프로젝트카가 나중에 전부 다 완성됐을 때가 더욱 더 기대가 되네요.,2
172,오늘 칼쳐맨 굿즈 배송왔어요!! 기대만큼 너무 훌륭한 제품이 와서 진짜 기분좋아요!! 그리고 항상 재밌는 영상 올려주셔서 고맙습니다!!,2
173,와 일침에 박수를 보냅니다. 최고이십니다! 진짜 존경,8
174,"LOTUS stands for - Lots Of Trouble Usually Serious ㅋㅋㅋㅋㅋI personally also recommend S3 turbo with 4 cylinder engine. they are light, makes right noise, nimble and awesome to drive - when it works of course.",1
175,"쭈니형 칼쳐맨 잘 보고 있어요 오늘 형아만의 철학, 그게 형이 멋있는 이유구나 느꼈내영 <3",2
176,역시 박준형 형님. 모든 대답에서 삶의 연륜이 ..!오늘도 따봉박고 갑니다!,2
177,형! Can you tell us in chronological order of all the cars you ever owned and talk about them? From them what were your top 3,2
178,마지막에 어른답게 대응하시는 모습이 정말 보기에 좋았아요 굳 나이스해요,6
179,12:46 아 완전 통쾌하다... 이거지~~!!! 커스터마이징은 패션이야 이 패알못들아!!,104
180,베타는 아니었지만 실제로 프라이드가 국내외 전륜구동 랠리에서 나름 날아댕겼죠ㅋㅋ,2
181,여자인데도 엄청 재밌게 보고있어요 설명 너무 잘해주시네요 쭌님!!,2
182,크.. 튜닝철학에 뽕맞고 갑니다 기변하고싶지만 미래를위해 현재 차에 만족하면서 저만의 튜닝하면서 애정 더 주고 오래 타보겠습니다,1
183,오랜만에 Q&A 해주는 영상 보니깐 너무 좋네요떵싸다가 봤는데 시간 순삭되서 당황했어요ㅋㅋㅋㅋ변기에 너무 오래 앉아 있었쓰~,1
184,영어도 배우고 차이야기도 듣고 너무 좋습니다!엔페스티벌에 오셨을 때 사진 찍어달라고 할껄 그랬어요~ ㅎㅎ,1
185,저도 째그만하고 땡땡해보이는 랠리카 좋아해서 칼쳐맨 챙겨보고 있답니다!,1
186,매번 너무 잘 보고 있습니다 형님 ㅎㅎ저 이번에 40살 생일 기념으로 bmw e82 1m을 구입했습니다. 오래오래 소장할 목적인데 1m 같은 변태적 m에 대한 이야기 좀 부탁드려 봅니다~!,1
187,15:20 형 진짜 멋있는 사람이야👍,15
188,쭈니형 철학이 참 좋네요,2
189,튜닝 문화에 대해서 잘 이해를 못하시는 분들이 꽤 있네... ㅠㅠ,23
190,모든 영상 두번씩 본 열혈구독자입니다!쭌형님 갬성으로 만든 프라이드베타 시승해보고 싶어요! 그런 이벤트는 없나요..?? 아니면 제차량과 1일 바꿔타기 뭐 그런거라도..,1
191,Love the show Joon hyung! One question. I'm buying a benz e450 coupe here in states and its got a EQ Boost. Do you think its a reliable technology? I have no background on mercedes and like to hear your opinion. Thanks in advance.,1
192,일본 현지에 살고 있는데 혼다 CR-Z를 사려고 하는데 하이브리드 스포츠카 혹은 쿠페라는 말이 일본에서 나돌고 있습니다. 물론 스펙은 기대를 하지 않는데 이런 차를 보면 쭈니형은 어떻게 생각하시는지 궁금하네요,3
193,칼쳐맨 한 4달만에 보는데 편집 얌전해지고 깔끔해졌네요 굿~ 이전엔 계속 뭐 갖다 붙여넣어대가지고 정신산만했는데 ㅎㅎ,1
194,"잘보고있습니다. 저는 준형님 생각과 약간씩 다르지만 거의 비슷한거같네요 ㅎㅎ컨버 안좋아하고 튜닝은 자기만족, 재규어는 저는 동경한다만 피해야할 차 순위에서 하이랭크라..저는 첫차도 E34, 6번째 차도 E34입니다, 워낙 차를 좋아해서 많이 바꾸는데E34는 타는동안 트러블 없고 모두 유일하게 반년이상 탔습니다e34문제점에 대해서 두가지 정도 말씀하셨는데 저도 그렇고 대부분 주변인들도 그렇고 한국에있는 대부분이 유럽형 95년식이라 바노스 문제없고 5단 zf라 밋션문제없고 전기트러블은 계기판 픽셀말고 일어난적이 없습니다. 밋션트러블은 미국직수 4단, 일본직수 5단에서 발생하는거로 압니다. 말씀하신 것중 90년 초 모델은Dohc 논바노스에 전기형 얼굴을 가진놈이겠죠? 매물이 그리많지않긴하지만  바노스 있는모델보단 정비성이 좀더 낫겠죠만약 저기 질문하신분이 34를 사신다면 밋션은 무조건 '5단 zf'(gm미션이나 자트코였나 자코트미션은 안됩니다) 또는 매물이 뜰일이 거의없긴 하지만 수동밋션 보시고 엔진은 2500cc가 가장 밸런스 좋습니다(극초기형 89 90년식 문어발 흡기 2500cc제외 / afm이 안좋습니다). 8기통 3000cc는 타보신분들이 비추,3500cc m30b35는 희귀하지만 내구성좋고소리가 감성 그 자체인 엔진이죠. 4000cc는 국내 아는차는 3대(2대 m바디, 1대 순정형) 창고에 짱박힌게 있다면 한두대 더 있을수있습니다.  예산 맞으면 바로 사고싶습니다36은 안타봐서 말은 못하지만 그녀석도 따로 트러블은 없다고 알고있습니다. 쿠페형 차대 크랙이 고질병으로 알고있지만 국내서 크랙갔다는건 거의 못들어본거같습니다제가 비교를 한다면 34가 좀더 클래식하니 외관을 만져서 깔롱부리는 용도나, 3시리즈 보단 편안한걸 찾으면 34를 사는게 맞고조지면서 재밌게타려면 36타는게 맞을듯 합니다",3
195,마지막 멘트가 주옥 같아요~~맞아요.요즘은 기성시대인거 같아요. 개성이 넘치면 흠 잡는 일들만 있어요.,1
196,잼있네요 쭌이형의 자동차 지식에 놀랐네요,2
197,오늘 이 나이에 첫 아이 났음 나도 오늘부터 아빠임 칼쳐맨의 축복 쫌 뺌! 존경합니다,97
198,마인드가 겁나 멋있습니다 진심 respect ㅎㅎㅎㅎ,1
199,쭌형! 스팅어2.2디젤 타고 있는 차주인데요! 디젤 관련 관리법이나 팁들이 궁금합니다!!,1
200,2000년대 재규어 XJ 너무 우아한거 같은데 중고차는 비싸고 안좋은건 있어도싸고 좋은건 없다는데 진리라던데 너무 가지고 싶어요,1
201,볼 때마다 느끼지만 쭈니형 정말 폭넓게 아신다..차에 대해 고민 있으면 브랜드 막론하고 다 상담해 주실 듯ㄷㄷ그나저나 이 채널에 악플 다는 놈들은 뭐냐!!쭈니형 취향이나 튜닝 문화에 이해 못 하면 댓글 달지 말고 그냥 지나가라ㅠㅠ,1
202,진짜 넘들에게 보여주기위한게 아닌 자동차 본질 그 자체를 사랑하는게 느껴진다,2
203,"Yeeeeooooo next project car when the Pride is complete, something RWD? Would love to see Joon take on drifting, I know there are events in Korea at a skid pad, great for beginners.",1
204,12:47 생각이란걸 하나도 안하고 그냥 본성에 의거해서 쓴 댓글도 진짜 논리정연하게 대답해주시네...,2
205,그 차를 좋아하면 문제가 많아도 타게 된다는게 많이 공감이 가네요,2
206,와우.. 캘리포니아로 가는 건 엄청 기대됩니다! 언젠가 가면 너무 귀한 영상이 되겠네요,1
207,차와 관련된 채널중에 압도적으로 젤 재밌음 최고에요 쭈니형 ㅜㅜ,1
208,미운 오리새끼 이쁘게 만든다니 뜻이 너무 좋네요 이번 영상 너무 좋아요!,23
209,불편러들이 설치고 다니니까 튜닝문화도 자라질 않지 어휴...그나마 오아시스의 대인배 쭈니형이 있어서 참 다행이지...!😍,1
210,칼쳐맨 만들어주셔서 감사합니다,3
211,XJ-6오너였는데 ㅋㅋ 진짜 ㅋㅋㅋ문제가 어마어마해여 ㅋㅋㅋ 멀쩡해도 불안함,4
212,형 E36이나 xj나 xk e타입같은건 정말 클래식해서 좋아그때의 감성을 요즘차들은 못 잡는거 같기도 하고,2
213,쭈니형 이야기 좀 길게 무편집으로 올려주세요 ㅠㅜ,1
214,우문현답 smart guy junn i love ur opinion ❤️,1
215,이미 30대지만... 더 어른이 된다면 쭈니형같은 어른이 되고싶네요  너무멋집니다!!!,1
216,쭈니형 90년대 DTM 추억 썰 좀 풀어주세요~ 쭈니형 생각에 90년대 DTM 최고의 차는 어떤 거? BMW? BENZ? ALFA ROMEO?,1
217,진짜 이야기보따리네요..👍👍,1
218,"와... 정말 건강하고 강한 정신을 갖고 계시네요, 한 수 배우고 갑니다. Baam~",1
219,마인드가 진짜 멋있는 분  유튜브 안하셨으면 너무 너무 아까웠울 인재,1
220,저는 쏘울 부스터라는 차량을 몰고있는데요~ 개인적으로 해치백이나 웨건 같은 스타일을 좋아하는데 유독 한국에서만 박스카나 웨건 해치백이 잘 안팔리는지에 대해서 설명해주시거나유럽이나 미국 문화와의 무슨 차이점 때문에 거기는 해치백이 잘팔리는건지 설명해주시는 컨텐츠 있으면 좋을 것 같아요 뺌!,1
221,켈리포니아 자동차 문화 빨리 보고 싶네요. 코로나 조심하시구요 브라더  차쟁이로서 존경쓰~ 뭔지알지 ㅋㅋ 브라더~,1
222,어우 중간중간 자료화면 보여줄때 편집 넘 좋습니다,3
223,칼쳐만~ 만담 너무 좋습니다~,1
224,"SUV에 대해서도 이야기 해주세요~ Jeep Liberty and Patriot, TJ Cruiser and etc.",1
225,"16:18 이것이 연륜이고, 여유고, 스웩이다.",51
226,ㅋㅋ좀더쿨해지신듯해서 좋습니다 형님토크쇼네요 거의 개잼!!!,1
227,목요일은 칼쳐맨만 기다리게 되네,3
228,"나도 젊었을테에는 저렇게 드레스업에 엄청 공을 드렸었는데, 나이가 들어갈수록 그 열정이 식어가더니 지금은 오디오 튠 외에는 아무런 생각이 없네요. 그래도 젊었을 때 해보고 싶을 때 하는 것이 좋습니다. 세월 지나면 돈이 있어도 안하게 됩니다. 그냥 튼튼하고 편안한 차, 음질 좋은 차만 떠오르네요.",3
229,"쭈니형~~! 베타 스티커 만들었는데, 꼭 드리고 싶어요!!!",4
230,와 쭈니형 영어 길게 하는 모습 멋있어요,1
231,저는 프라이드 베타 되게 좋아합니다 어렸을 때 좋은 추억이 있어서요 ㅋㅋ,1
232,로터스 편 미리 감사합니다!!!,2
233,흔히 말하는 차를 이동수단으로만 생각하시는 분들..!! 벨엔 수동 사고 주변에서 수동 왜 타냐고 맨날 들어도 기어 넣는 이 기계맛이 쥑인다고 오토는 그런게 없다고 타보라고 권유합니다! 역시 차는 자기 만족!! 튜닝도 조곰 하고 스티커도 붙이니 양카라고 하지만 제 차는 제 눈엔 최고로 이뻐 보여서 대만족입니당! 역시 쭌이형 최곱니다!! 😎👍🏻🤟🏼,1
234,알엑스 7새차 산 사람 졸라 부럽다 형,2
235,엠블럼 만들어줘!!!!!!!!!!! 멋있는 스티커들도 만들어주면 더좋고,2
236,베타 굿 입니다 디자인 좋고. 홧팅,1
237,한번사면 반려자동차같이 오래오래탈수있는차 추천해주세요!,1
238,14:29 오히려 화나면 차갑게 쎄해지는 분이시군요ㄷㄷ,1
239,웜업 정말 공감합니다 쭈니행님,1
240,진심 존경합니다,1
241,듣고보니 프라이드 라인이 옛 BMW랑 비슷한 것 같기도…,1
242,엠블렘 바꾸고싶어도 레어한게 없어서 못 바꾸는데 칼쳐맨 로고 만드시면 바로 사서 달겠습니다!!!,1
243,크 쭈니형 하는말에 극공감 ㅠ 내가 구상한대로 튜닝해가지고 차 이쁘다는 말들었을때 개뿌듯 ㅎ ㅎ 자기만족 최대치!,1
244,15:40 쭈니형도 프라이드에서 E30 찌릉내를 맡았구나 ㅋㅋ 나도 ㅇㅈ,1
245,"벨로스터N 타고 있는데, 운전 하고 나서 시동 꺼도 냉각하는 과정이 따로 있더라구요! 이럴 경우에도 2분 정도 더 idle상태로 있어야할까요?!",1
246,bmw E39 V8 에 대해 이야기 해주세요!! 열심히 타고있는데 죽을거같아요,2
247,쭈니형!! 오늘 영상에 올드카 얘기가 나와서 말인데요 이제가 첫차를 살려고 하는데 올드카 중에 대우차 아카디아라는 차가 너무 끌립니다! 고쳐가면서 데일리카로 사용할까 하는데! 어떨까요????,1
248,형 오늘 왜이렇게 멋있어요?,2
249,8:14 의심많은 쭈니형 ㅋㅋㅋ,1
250,컬쳐맨 엠블럼 외에 AMG처럼 MGRG(몬지알지)로고도... 부탁드려요~~,1
251,우왕 감사해요 ㅜㅜㅜ 눈물이 주르륵,1
252,모르는 차가 없는거같은 쭈니형이 서킷을 타지 않는 이유가 궁금해요 !,1
253,"아 이것도 물어보고 싶었는데 이번에 BMW 1,2시리즈 후륜에서 전륜으로 바뀌었는데 어떻게 생각 하시는지...",1
254,e34: 눈깔4개 시절 bmw가 갖고 싶은데 가격적으로 가장 접근하기 쉬운 차. 서스다운하고 bbs껴놓으면 짜세. e36: 뉘르에서 기록이 말해주듯 그리고 언제나 bmw의 3시리즈가 그렇듯 경쾌하게 잘달리는 밸런스 좋은차. 개인적 취향으론 e34보다 조금 못생김. 저도 두 대중에 고민하다 e34 데일리로 3년째 운영중입니다. 30년 다되어가는 차에 문제가 없을리 없지만 이만하면 또 모자랄것도 없는 차더군요.,1
255,형~~ 저 마세라티가 너무 좋아요~~ 마세라티 뭐.. 단차가 어쩌고 저쩌고 하고 금액대비 썩 좋은 차는 아니다 라고는 하지만 주행은 좀 많이 맘에.들더라구요 형이 생각하기에 마세라티는 어떤가요???,1
256,다음 동영상도 빨리 올려주세요~~,2
257,내가 유일하게 알람설정한 채널 꿀잼~~~,1
258,정말 좋은말이다.이런게 꼭 차가 아니고 다른거에도 인용 할수 있는게 패션이라고 치면 항상 나는 유명한 브랜드나 다른 사람들이 신고다니는거 인기좋은것만 사고 했는데 가끔 보면 자기만의 스타일로 스타일링 하는 사람 꼭 유명한 브랜드가 아니더라도 이쁘게 입는 사람 보면 그게 정말 멋있더라.,1
259,튜닝은 맞는 말씀하셨네요~ 옳고 그른게 없죠. 자기 뜻이니까 baam,4
260,세컨으로 중고핫해치를 사고 싶어요!!GTi 5세대 3도어  GTi 6세대 5도어  아우디S3 8L 해치백잔고장과 정비성을 따졌을때 이중 뭐가 좋을까요?,1
261,쭈니형 BMW SUV도 리뷰 부탁 드릴수 있을까요? 지금 E70 40D 타고 있는데 BMW SUV히스토리도 궁굼하구요..,1
262,형님 30대 중반인 저는 사브 좋아하는데 9000부터 gm에 흡수된 슬픈이야기까지 한번 부탁드려요 흑흑제 드림카는 9-3 .8 에어로 스포츠콤비 메뉴얼 입니다. 한국엔 앖지만요..,1
263,상대방 기분 안나쁘게 설명 개잘하네 말을 너무잘한다 중간중간 영어쓰는것도  개간지,1
264,차알못인데요 꿀잼이네요 ㅋㅋㅋㅋ,1
265,쭈니형 홈땡러스 나 이땡트 가면 미니카 들 많이 있는데 그런데 방문 해서 그마트에 있는 미니카들중 1 2 3  순위 하는 영상 찍어도 잼날듯행 ㅋㅋ,1
266,쭌이형 제가 첫차겸 데일리로 e39 530i를 사서 튜닝좀 하고 타고 싶은데 괜찮을까요 ?? 아니면 W204 C63을 세컨으로 두고 타도 괜찮은지 알고싶어요 !비용도 얼마드는지도 알고싶어요 !!,1
267,"15:25 내 여자친구, 와이프는 내 눈에만 예쁘면 좋겠다고 생각하는 것 처럼 내 차도 나만 이쁘다고 생각하면 그걸로 fine..",25
268,이 형은 한글보다 영어 더 잘해 ㅎㅎ,1
269,쭈니형~ 선글라스 제품명 알려주세요 ㅠㅠ,1
270,"오픈카 별로 안 좋아하시는건 아는데, 혼다 S2000은 트랙에서 완전 좋고 완전 bulletproof engine/trans 인데 이차는 어떻게 생각하세요 ㅎㅎ",1
271,찐으로 멋지세요!,2
272,악플(?)이라고 할만한 댓글에 이렇게 소신있게 말해주는게 너무 멋있다. 심지어 욕도 안함 ㅋㅋㅋㅋㅋ,2
273,올드카는 부지런한 이들의 전유물 ㅋㅋ,1
274,"학창시절 드림카였던 알테자.. IS200. 지금 타고 다니는데, 행복하네요.",1
275,형님 이번에 964 카레라2 모델 샀는데 공랭식 포르쉐는 어떻게 관리해야할지 어렵더라구요 ㅠㅠ 공랭식 포르쉐도 관리하는법좀 알려주세요 공랭식은 어느정도 오일누유는 감수해야 하는데 어느정도가 적당한지도 판단이 안되네요 ㅠ,1
276,쭌이형 짱!!,1
277,목요일은 칼쳐맨~ 레쓰기릿~~,1
278,쭈니형 !!! 미국에서는 수바루가 매니아층이 엄청나게 많아요 ! 저는 이번 9월에 boxer fest  라고 수바루만 모이는 데 가볼려고해요 ! 수바루 오너들만 3만명 예약이 된 상태에요 벌써요. 형은 왜 수바루 안타셧어요 ???? 정말정말진짜진짜 궁금해요 !!!,2
279,좋다면 사야돼..,3
280,진짜 시간 녹네,1
281,미국머슬카 3대장들 이야기도 다뤄주세요,1
282,뇌속까지 멋진 할아버지!,1
283,혹시 직수입 할 수 있다면 캐딜락 에스컬레이드 롱바디 vs 쉐보레 타호 롱바디(서버번) 어떤게 더 나은지 비교해주실 수 있으신가요?,1
284,쭈니성님은 리뷰보단 저렇게 썰푸는게 더 잼있어보여ㅎㅎㅎ 뭐 괜히 자동차가 남자의 장난감일까? 걍 하고 싶은대로 하는거지 불편러들의 글 한쪽귀로 듣고 한쪽귀로 흘려요 엘란 영상은 그렇게 많이 봤는데 실물론 본 적이 없다 언제 실물을 볼 수 있을까...,2
285,반백살이 넘은 내가 듣기에도 너무 멋지고 여유있는 대답이네요,1
286,e34 91년식 네달됐는데 아직은 큰 문제는 없음,1
287,구오렌지카운티 올드보이와 현캘리 영보이 에이든 합방을 기대합니다,1
288,13:00정말 우문현답이다,9
289,타미야에서 나왔던 로터스 f1카가 생각나네요 검정색에  이뻤어요,1
290,형 나중에 일본오면 나랑 서킷가자 서킷가면 서킷도는 사람들 이런 저런 튜닝 인터뷰도 하고 튜닝문화 전달도 하고 좋을듯,2
291,알차다 진짜 알찼당 뺌!,1
292,12:57  ㅈ문가 등장 ㅋㅋㅋㅋㅋㅋㄱㅋㅋㅋㅋ개웃기네ㅋㅋㄱㅋㅋㅋ 뚜벅이가 제일 말 많긴하지ㅋㅋㅋㄱㅋ,5
293,미아타같은 그런 라이트 웨이트 스포츠카들 얘기 한번 모아서 해주시면 안댈까여??,1
294,일본에서는 시빅구형 튜닝해서 많이들 타는데 아무래도 한국에서 구형차는 똥차고 튜닝은 양아치나 하는 문화다 라는게 아직 사회에 퍼져있긴하죠..빨리 인식이 바뀌었으면 좋겠네요,1
295,마지막 댓글은 두나라의 문화적 차이인듯 합니다.잘생겼냐 못생겼냐로 구분하는 문화와내스타일이냐 아니냐로 구분하는 문화의 차이.늘 즐겁게 시청하고 있습니다.언제 스바루 WRX에 대해 얘기 한번 해주셨음 합니다. 수고하십시요!,1
296,ㅇㄱㄹㅇ 마지막부분 자기만족이라는게... 양카도 이해안가고 로우라이더도 이해안가고 국내이 좁디좁은 땅덩이에 마티즈만 있어도 못가는데 없는데 걍 남에게 피해안가는선에서 자기만족이라 생각됨 ㅋㅋ,7
297,13:10 명언,1
298,"13:00 난 이말씀이 너무좋은거같다... 그저 꿈이고,개성일수도있는걸 그저 평범하게 짝이없는 두 눈깔로 소수의 꿈을 욕하는사람들..ㅠ",2
299,나는 저 마이크보고 이 형이 왜 카드단말기를 앞에 두고 얘기하지..?했넼ㅋㅋㅋ,1
300,"어렸을 때, 나는 키작은 꼬마일 때, E바디의 BMW를 보고 반해버렸고, 성인이 되서 BMW를 샀는데 F바디.. E바디 BMW가 정말 진짜 BMW 같은 모습인데, F바디 BMW는 밋밋해진거 같아서 아쉬운 마음.. 그래서 E바디 중고차를 알아보고 정말정말 입금만 하면 내차가 되는데,, 10년~20년 지난차를 사면 처음에 좋겠지만, 분명히 문제가 많을거 같아서.. 못산다는게 정말 가슴아픔",1
301,프로젝트카 충분히 이쁨!,1
302,같은 말 같은 단어를 비슷한 영어 단어로 말하면 뭔가 신빙성 신뢰도 전문성이 높아 진다고 생각하는 듯… 한국말 영어 딱 그 차이일 뿐인데,1
303,형 50대도 12일부터 백신접종 신청 가능해요 빨리접종해서 노마스크 보고싶습니다,1
304,형님 이체널 처음부터 잘 보고있는 구독자입니다! 다름이 아니라 첫차로 아우디 01년식 s3 사려고 합니다! 같이 가주실수 있으신가요! 물론 수동입니다!,1
305,웜업 하는게 일반차 기준인건가요? 아니면 좀 터보 들어가는? 차인가요,1
306,이 형 이제 한국말 잘 하시네!!!,1
307,넘모 재미이써,1
308,스탠스는 내 하체가 긁혀도 휠의 FIT함이 더 우선이다,1
309,불편러들 때문에 튜닝컨텐츠 안할까봐 두렵다,1
310,Great episode show you are different. You're not a sheep.,1
311,마지막에 한말...저도 데려가 주세요..ㅠㅠ,1
312,1주년 축하드립니다! 퇴근하고 일주일에 한번씩 칼쳐맨 보는게 제 삶의 낙입니다!! fuck the haters!,1
313,음...지천명이 넘으니 이젠 철이 든 모양새라 안심됩니다. 열심인 모습 좋습니다.,2
314,형님 멋있어요,1
315,근데 불편러들 있는것도 난괜찮은거같은데먼가 사람이 좋은이야기만 듣고하면 좀 자기만의 세계에 같히는거같잖음?다시한번 생각해보는 계기도 될꺼같고 좋아!!!!,1
316,Jag life 🚘👍🏻,1
317,Real shit,1
318,사람들이 문제있다고 입을 모아 말하는데는 다 이유가있음 ㅋㅋ 우리 아파트에 째구어 타는 아조씨 잊을만하면 차 센터 들어가서 지하 주차장에서 한동안 차를 볼 수가 없음 ㅋㅋㅋㅋㅋㅋㅋㅋㅋㅋ,2
319,형 나도 델고 가줘요 ㅠㅠ,1
320,예열 후열 관련 요즘차는 안해도 되고 공회전 환경오염만 유발할 뿐입니다.,1
321,쭈니형 라방 해줘여,1
322,진짜 형님은 찐이ㅑ,1
323,마스크 벗는거 너무 좋음,12
324,쭈니형 멋잇어요 나만의 커스텀,1
325,맥도널드. 코카콜라 ppl아닌 pplㅋㅋㅋ이렇게 자연스럽고 당연하다는듯이 화면에 비춰질수있는가 ㅋㅋ홍보담당자분들 어서 딜 제시하세요.,1
326,혹시 오토바이 타보신적이 있으시다면 다음에는 오토바이썰도 풀어주세요!,1
327,사람들 자기들 잦대로 겁나 부정적인 내용에 댓 아쉽네요. 프라이드는 해치백 이라는 수식 에서 벗어난 베타 라는 희소성 쭈니형이 영상에서 표현했듯이 저도 동의해요. bbs 메쉬휠 만한 갬성이 없죠. 사람들이 뭘 잘 몰라서 그렇다라고 해석할게요ㅎ  누니 삐꾸네 빼엠저도 쭈니형처럼 한게 이끼때민에 너무 극공감.맞아 미운우리새끼ㅠ,1
328,주니형 형이 볼진 모르겠지만자동차 관련 Q&A  NO.1 그냥 다 죽여버려,2
329,쭈니형~ 프라이드리뷰때 나온 서초동 동생분 다른 차량 사서 또 작품준비중이라네요.  프라이드베타는 이제 끝인가요..?,1
330,요새 시대? ㅋㅋ 재미교포틱한 한국 말이 재밌어요^^ 나도 교포 출신^^,1
331,"형님~! 제발 내 차좀 ""Pimp my ride"" 해줘..  20년 가까이 된 아반떼 XD인데 차체 하부가 너무나 녹슬어서 이젠 어디 타고 다니기도 힘들 정도로 쪽팔려.. 참고로 매일매일 40키로 이상씩 꾸준히 시내주행 하고 있슴..  ㅠㅠ 7년 전에 중고로 인수해서 타고 있는데 같이 일하는 직원들도 보기가 안쓰럽다네..  에혀~ 제발 나 좀 살려줘...",1
332,K~와 벤~은 믿고 거르는 대표적 양카 ㅋㅋ,1
333,형 자동차 튜닝에 태클거는 사람이 있네 ㅋㅋㅋㅋㅋㅋㅋㅋㅋㅋ 형이 하고싶은대로 하는거잖아 맘에 안들면 안보면 되지 다 봐놓고 불만 충만이네,1
334,"해외에서 E class C207 1.8T를 타고 있습니다, throttle response tune을 해서 타볼까? 고민입니다 어떻게 생각하시나요? 토크는 올라가지 않습니다.",1
335,기아 엠블럼은 굴뚝그림이 간지지ㅋ,1
336,1:25 👍👍,1
337,골프…ㅠㅠ m3 타고다닐때 공도에서 마쥬쳤었는데 그냥 3초만에 쳐발림,1
338,진짜 사람들 별의별게 다 불편하다.. 자기네들이 직접 하지 ㅋㅋㅋ,21
339,아...오늘도 순삭,1
340,칼쳐맨 처음 시작할때 브금 어디서 구해요? 음원이 없는것같아 ㅜㅠ,1
341,형님 BMW E30 평가 부탁 드립니다 제 드림카 에요,1
342,형 나두 데려가여..,1
343,난 칼쳐맨 로고를 슈퍼맨 로고처럼 M이 C 안에 들어가는 식으로 하면 갠지쓰일 것 같아. 느낌 몬지알지?,1
344,이제는 로터스 중국차.......지리가 먹었..,1
345,불편한 사람들 참 많네. 오지랖도 병이다 병,93
346,남들 다 욕하는 sm6리뷰 해주세요 ㅎㅎㅎ,1
347,안녕하세요. 로고 만드시면 제가 3D프린터로 제작해드릴게요^^ 당연 하이앤드 3D프린터로요. ^^,2
348,11:40 와 이거 나랑 생각 똑같네,12
349,"Dear hater, difference is individuality. I respect",20
350,안녕하세요 저는 청주에서 차량판매하고 있습니다. 이번에 E53 amg 쿠페 스페셜오더한 차량이 23일 입항되는데요 리뷰 촬영 어떠하신지요 전국 1대뿐인 옵션의 차량입니다 추가 옵션추가만 천오백입니다.팬으로서 차량을 리뷰해주셨으면하구요,2
351,왓썹형 프라이드 역삼에잇어요?? 길가다가 형님차인거 같아서용ㅎㅎ,1
352,다른 사람 취향도 좀 존중 했으면 합니다. 참 오지랖 많이해요. 사줄것도 아니면서🤙,5
353,그래도 극단적인 캠버의 Stance 튜닝은 보기 너무 싫은 ㅠㅠ,1
354,형님 동호회는 안만드시나요???,1
355,차썰맨~,4
356,도로사정 모르고 차고 왜 낮췄냐고 묻는 댓글이 있었네ㅡㅡ 진짜 안타깝다. 도로사정이고 나발이고 자기가 원하는 폼을 추구해서 튜닝한거고 어차피 에어서스잖음? 조절하면 되는데 그냥 몰라서 하는 말인듯.,3
357,12:59 긁힐 우려 자동차 도로교통법 그딴거 띠졌으면 쭈형이 프라이드로 했을까요? 면허는 가지고 하는 질문인가 싶네 ㅋㅋㅋㅋ 이런 사람들땜에 우리나라 차랑 튜닝 법규가 개 ㅈ같다고 생각 하네요,1
358,ㅗㅜㅑ 깜작이야 어떻게 보내드리면 됨요?,3
359,튜닝에 실용성을 논하네 ㅋㅋㅋㅋㅋㅋㅋ지식이 없는 건가 생각이 없는 건가?둘다 없고 무식하기만 하니 저런 댓글이나 달지 ㅋㅋㅋ,66
360,형님 베타구경할려면 어디로 가면되여?,1
361,로고 굿즈 판매시작하시면 바로 살게요 차는 없지만요,1
362,화면 확대도 안했는데 자막이랑 조금씩 짤리네,1
363,좋다,1
364,멋있다,1
365,불편해하는사람들이 있긴하구나 자세를 고쳐앉으면되는데,1
366,형 영어할때 겁나 쎅시해 내가 이상한거지?,1
367,튜닝.. 눈뽕이나 배기음 튜닝만 빼면 다상관없을텐데 특히 소리를 키우는 배기음은 진짜 좀 눈쌀이 찌브려져서..,1
368,"우리나라 차문화 발전 못하는게 양카도 양카인데 저런 꼰대들 때문에 못함.사사건건 열등감 가지고, 눈에 불킨채로 지적할라고 나쁜점찾는놈들 ㅋㅋㅋㅋㅋ",1
369,못참지요 오늘도 잘보겟습니다!,1
370,인트로 브금 아시는 분 있나요?,1
371,맞어 본인만족이지,2
372,i30-nline 은 어때요 ㅠㅠ,1
373,칼쳐맨 머그컵과 핸드폰케이스 수령했어요,3
374,칼쳐맨이다!!,1
375,튜닝차타는사람들 속마음을 대변해주는것 같네요...우리나라사람들은 시선이 곱진않죠 안타까울뿐...,1
376,These haters be like I'm right and you're wrong LUL,1
377,MASERATI PLEASE???,1
378,멍청한 댓글이 있었구만요..... 에어서스 튜닝하면 일상 주행 할 때는 얼마든지 차고를 원하는 높이에 맞추어 높여서 다니면 아무 문제 없는데질문이 참 어처구니가 없네요......,1
379,튜닝은 내 만족  다른 사람 신경안씀 오지랖은 놉~,1
380,프로젝트카에 쓸대없다고 글쓴 사람 진짜 꼰대같다ㅋㅋ정말 근처에 두고 싶지않은사람ㅋㅋ본인 철학이 정답이고 그게 맞다고 생각하는사람ㅋㅋㅋ꺼져줘,1
381,이말이 떠오르네원빈도 아니고 김태희도 아니면서 왜 화장하고 외모 신경쓰고 예쁜 옷 입으려고 하는지..남에게 피해를 안주는 안에선 자기 만족이지 그걸 뭐라 하는 사람은 어떤 심보를 가졌길래..,1
382,빼배배배배배배배에에에에ㅐㅇ애앰,1
383,"어딜가나 방구석 ㅈ문가,불편러들은 있네 지한테 그러면 과연 가만히 있을까? ㅋㅋ하찮은 것들",1
384,나도 나만에 세계 가좋아요 디퍼런트  나만좋아하면되,1
385,니눈에 이뻐보일려고 튜닝하는거 아니다  남들에게 피해만 안주면 자기만족 취미생활,1
386,14:18,1
387,"요즘엔 많이 달라지긴 하지만 한국사람들은, 특히 한국사회는 본인과 다른 개체나 개성에대해 인정하지 못하는 경향이 좀 있는편이죠.  이게 또 요즘엔 개인주의인지 아님 프로 불편러들이 많아져서 그런지 '왜 저렇게 하지? 난 이해 못하겠는데? 요런모습들도 종종 보여서 본인과 다른면을 인정할줄 아는 성숙한 시민의식이 자리잡았으면 좋겠습니다. 마지막에 culture 얘기가 나와서 하는 말이지만 쭌이형은 개개인의 특성이나 개성을 이해하고 인정하는 culture가 있는 곳에서 오래 살다오셔서 그런지 불편러들의 의견들도 아무 offense 없이 들어주시고 하나하나 시원하게 설명해주시는 모습이 참 뭐랄까.. 성숙해 보인다고 해야하나.. 포용하는 여유가 있다고 해야하나.. 암튼 사랑합니다 ㅎㅎ",2
388,저런 질문은 오지랖이 아니라 척척척 아는척^^척척박사 납셨어,1
389,"레이싱 도로 언급하신분 모든 용어 자체도 다 잘못됬고 그냥 본인 생각만 쓰신거 같은데 레이싱도로:서킷,트랙 /하체를 낮춘다:일체형쇽,다운스프링 혹은 에어서스펜션 정말 쓸대 없는 튜닝: 세계적인 헬라플러시,스텐스네이션 등등 문화 비방입니다본인의 말같지도 않은 잦대로 엄청 큰 문화를 대놓고 디스 하시는게 참으로 웃기다 못해 어이가 없습니다 ㅋㅋㅋㅋㅋㅋ 이러니 국내 튜닝시장 순위가 엉망이지 어휴",1
390,차체 오지랖 오지네 ㅋㅋㅋㅋ,30
391,The most the most personal is the most creative - martin scorsese,1
392,진짜 도로 사정 알고 튜닝한거냐고 댓글 단 사람 반성해라 ㅋㅋㅋㅋㅋㅋㅋㅋ 옷을 꼬추 가릴려고만 입냐,1
393,아니나다를까 또 오지랖 불편충이 나오셨네 ㅋㅋ 지겹다 지겨워 뭐 지는 아주 합리적으로 필요한것만 하고사나본데,2
394,불편한 ㅅㄱ들 왜케 많냐 ..공중파 보러가라 그냥 ...,1
395,"형님 정말로 미국에서 미니 타면 게이라고 놀리나요...미니 JCW가 드림카인 사람인데, 주변 친구들이 그 가격이면 M2을 사지  왜 미니를 사냐고 놀리네요... ㅠㅠ미니 디자인이랑 헤리티지가 좋아서 사는건데 참;; ㅠㅠ형 그리고 베타 튜닝 이쁩니다. 남들이 뭐라해도 너무 맘상하지 마세요. 분노의 질주 1편에 나오는 폭스바겐 제타 같아서 맘에듭니다 ㅎㅎ",1
396,일단 글 뒤에 ;;;;; 이거 다는애들은 거르고 봐야함,1
397,오지랖 너무 많네....,2
398,영어 발음 ㅈ된다,1
399,이건 못참지,1
400,형 프라이드는 차 퍼진거에여?,1
401,크,1
402,12:55 우욱.. 역겹다..,1
403,못참지,1
404,나도 한국 사람이지만...왜이렇게 흑백 논리나 우월한 문화가 선명히 있는것 처럼이야기하는지 모르겠네 싫으면 유튜브아이디 파서 지좋은대로 만드세요...용기와 지혜중에 더 가치있는건 용기입니다...니돈드려서 만드세요...,1
405,국산애거 영어로 댓글달고 오버하냐,1
406,"일상주행의 경우 , 연비 14km  입니다. 포트 폴리오. 재규어. 구형 2009년 (다른 미국인은 16km, 더 구형 재규어 XJR)연비가 생각 보다 좋습니다.",3
407,간지납니다... 꼼꼼하게 소개잘하시네요ㅋ,2
408,차의 클래식함이랑 슈트가 잘 어울리네요 하하,4
409,차량 멋지네요...,3
410,색상 진짜미쳤다..,1
411,영상 잘봤습니다 ㅎ 우디 앤 쫀득한 저 감성..,4
412,인트로 브금 제목 알수있을까요?? 노래 너무 좋은데ㅎㅎㅎ 신사다운 영상도 잘봤습니다!,3
413,영상 보러 왔지요~^^,5
414,따라다라따~  비지엠 국룰이지,5
415,태워주세용~~~!,5
416,보시면 됩니다 라는 말투를 너무 남발하는군요,2
417,"My name is bond, James bond",2
