,comments,likes
0,재규어...개인적으로 현재까지는상당히 만족하며 운행하고 있습니다ㅎ자동차 리뷰영상은 편한 마음으로 봐주시길바라겠습니다^^,8
1,카페에 올리신글 보고 시청했습니다.  XJ에서 느끼신 시내 저속과 고속도로 항속 주행감이 재규어 모든 모델에 해당하는것 같습니다. 저는 f페이스 이지만 시내는 좀 답답한 대신 고속도로나 막히지 않는 구간을 운행할때의 맛은 정말 최고인거 같아요.,5
2,"XJL 오너로서 주의점 몇개 얘기할게요.1. 기름(경유)에 되게 민감합니다. 이건 재규어 랜드로버 다그런거 같아요. 물섞은 기름 넣으면 바로 엔진경고등 들어오고, 밟아도 안나가는 현상 나옵니다. 대처하는 방법으로 시동껏다가 키면 잠시나마 괜찬아져요. 기름 반정도 소모시키고 불스원샷 넣고, 괜찮은 기름 넣으면 얼마 지나지 않아 경고등 없어지고, 원상태로 돌아옵니다.2. 16년식 기준 요소수를 안넣는 차인데,오랫동안 고속주행을 안해주면 DFT경고등 뜹니다. 카센터 들어가서 청소를 해주거나 고속주행 20~30분 정도 하면 원상복귀 됩니다. 3. 서비스 센터 대기시간 장난아니게 깁니다.보통 보름에서 한달 잡아야 됩니다. 중고차 사시는 분들은 재규어 고칠줄 아는 카센터 미리 알아놓으세요. 의외로 부품수급은 잘 됩니다.4. 보험료 무지많이 나옵니다. 보험가액 4600나오는 차가 다이렉트 제일싼곳 260, 얼마전 현대해상 460나오더라구요. 자차비만 200~400나옵니다. 벌써 4년째 타고있는 재규어인데 에쿠스에서 넘어 왔을땐 실망감을 감출수 없었는데 그래도 정붙이고 타고 있네요. 이차의 장점은 연비입니다. 고속도로 정속주행시 1100키로 타는 차입니다. 이미 감가가 될되로 된차라서 가성비는 좋다고 생각합니다. 아직도 후속모델이 안나와서 신차효과 누릴수 있고, 그냥 차가 이뻐요. 차가 멋지다는 말때문에 다른거 스트레스 받아도 그냥 타고 다닙니다. 참고하시고 좋은차 뽑으시길 바래요.",8
3,주행후기 잘보고갑니다 ~,2
4,형님 멋져요 !!!,3
5,잔고장이 말로 할수 없이 많다던데 어떤가요 1800짜리 xj프리미엄 럭셔리 판다하길래 고민중이거든요,2
6,좋은영상 잘봤어요^^,3
7,잘봤습니다.감사합니다,3
8,유성다비님  펜션동영상 찍어주는거 아직도 유효할까요?양평오시는길 있음 들러주셔도 되구요,3
9,내 차가 재규어xjl 3.0 프리미엄 럭셔리 LWD 다이아몬드 에디션 삿는데...큰 차이는.. 라이트와 계기판뿐..... ㅜㅜ,2
10,디젤 소음은 많이 없나요?,3
11,지나가는거보면 개이쁨,2
12,XJL SC 5.0 2010 년식 예뻐서 살까 고민고민 합니다 아니면 W221 350 or 500L 사려고 해요,3
13,카페에서 흘러들어왔습니다.  저 또한 디젤모델인데  xj는 휘발유보단 디젤이 운전의 재미가 좋은듯..엔진의 위치가 디젤이 룸깊이 있다보니 휘발유보단 확실히 다른듯하네요. 다이나믹모드에서 악셀로 전해져오는 엔진음은 벤츠 비엠에서의 디젤의 느낌과는 확연하게 틀리죠.  브레이킹도 1피지만 잘 만들어진 부속인것 같아 어지간한 3.4피보단 낫더라구요.과하지 않고 정돈 잘 된 실내는 더욱더 고급스럽지요. 다이나믹모드누르구 스포츠모드에서 패들로 가속하시면 운전에 재미에 심취할수도 있어요.^^  고속도로에서요.여튼 재미있는 영상기대합니다. 구독합니다.,4
14,거짓말도 정도껏 해라.,2
15,와~ 재규어 디자인 멋있다~,11
16,잘보고갑니다.. 항상 좋은 영상 만들어 주셔서 감사합니다,3
17,차만 어지간히 만들면 요즘 같은 레트로 시대 디자인은 짱인데.,6
18,재규어 참 좋아했던 차인데 ㅠㅜㅜ,9
19,1998년 공항에서 96년형 재규어를 봤는데 소리가 드렉터소리가 들렸던 기억이 납니다. 존재감을나타내려고 일부러 엔진 소음 크게 들리게 했나 생각한 적이 있었요..,1
20,나온지가 오래되서...클래식한 맛으로 타는 매력아닐까합니다 내년에풀체인지된데요,9
21,국산차리뷰좀해주세요~ 국민 80%가 국산차끌고다니는데 해외차 리뷰가 너무많아요!! 항상 재미나게보고있어요! 감사합니다,6
22,4년동안 정말 고장한번 없이 잘탔고 아파트나 마트주차장 내려올때만 뒤타이어 앞에 한번씩 걸리는 스트레스빼고는 연비좋고 오디오는 타본차중최고차였는데 많이 까이네요 우리xj ㅠ.ㅠ,13
23,재규어 딜러들도 먹고 살아야하는거 아닙니까.. 이렇게 팩트로 후두려까버리시면..ㅠㅠ,3
24,노형님 잘볼께요~불토보내세요 형님👍,2
25,하체를 보고 예상되는 시나리오.하지만 노사장님의 조옥 같은 피드백이 기대됩니다^^,2
26,탈탈 털리는 재규어.. ㅜㅜ..,2
27,잦은 고장에 인내심을 기르는 인격수양 자동차~,2
28,노사장님 영상 해상도 1080p 말고 4k 좀 해주세요 ^^ 요즘 다들 4k 하던데 더 선명하게 좀....,10
29,XJ 나온지 벌써 10년 됐는데 풀체인지가 시급하죠,26
30,믿고 보는 노보스~~~,1
31,뽀대는 좋은데 경쟁차들이 너무 쌔다 !!!!S와7  ..  재규어xj 지못미,4
32,혹시 다른 리뷰어들의 차량 리뷰는 보나요?,1
33,그래도 재규어 좋아하는 일인입니다 재규어 감성 짱!!!!,18
34,감사히 잘 보겠습니다!,1
35,"['노보스인더스트리'의 좌충우돌 영상기]영상제작에 있어 정성과 최선을 다해다양한시도와 여러가지의 컨셉 /컨텐츠로 여러분곁으로 다가갑니다.유튜브 최강리뷰는!? 뭐라규??상상 그 이상의 리뷰!'노보스인더스트리'가 있기 전까지만!!※ 리뷰영상에 관한 시청자분들의 소중한 댓글이 노사장에겐 힘이 되며, 지적하시는 댓글은  노사장에게 발전의 원동력이 됩니다.",2
36,재규어 타는분들  항상수리비  지갑에  200~500준비,1
37,졸린 거 같아요~ 재규어는 백인 노인이 타야 어울리는 차고 수리비 감당할 돈 없으면 안 사는게 좋음^^,1
38,재규어 센터에서 일하시는분 말들어보면 월래 영국차 특히 재규어는 말이 많았어요. 랜드로버도 그렇고. 영국차는 해외리뷰에서도 문제가 많다는 지적은 받는 브랜드라 굳이 영국차를 사는 이유가 크지 않는거 같아요,2
39,중고로 착하게 나와서 16년도 염두해 두고 있었는데 안사야겠네요~,1
40,형 잘볼께👍,1
41,"살다 살다 이렇게 돈값 못하는 차가 있을까 싶었던 브렌드가 제규어, 랜드로버였다.",8
42,재규어는 산다음 폐차장가서 본넷위에 한마리 훔쳐다 달아야함. 재규어 한마리 올라간게 간지임,21
43,"재규어 , 아우디의 환상을 단번에 DESTROY",3
44,음... 잘봤습니다만 10년전 s와 7을 바교해야 맞는것 같은데.....,3
45,그래도 현기보단 좋은점은 십년동안 변함이없는디자인이네요...우리현기는 삼년마다 디자인바꿔서 바로 구형되버리는 클라스 ㅜㅜ,3
46,나는 재규어 랜드로바는 가죽은 좋턴데,17
47,횽! 벤츠 A클라스 세단 리뷰해줘~ ㅎㅎ,1
48,노사장밈 끝장나는 리뷰 감사합니다 ㅎ.ㅎ,1
49,이민재 감독의 고갯마루에 같은차량 리뷰가 있습니다 비교해서 참고해보세요,1
50,차 리뷰는 우리나라에 정말 많은데 노빠꾸 사장님이 최고다.,2
51,"천서진:어머머 내 도비서 차량 나왔네에주단태:음 내 조비서 ** 차량 나왔군 ㅎ석경,석훈:와 우리 엄빠 차량이 등장했다나애교:내 남자 주단태 차량이 나오네펜트하우스에 하도 많이 나온 재규어 XJ쥑인데 음 뭔가 클래식이 풍부하다",1
52,노보스 풀악셀 ♡,1
53,- 최신의 노사장이 최강의 리뷰어다~ 편집자의 센스가 돋보이는 재미난 영상 잘 보고 갑니다.. 2부 로 고고고~,2
54,감사합니다,1
55,S클라스를 재껴두고 재규어를 사는 사람들은 어떤사람들인지  궁금하네 ㅎ,7
56,리뷰어가 썰때없이 잘생겼다😂,2
57,"XJ 재규어 멋진차 스타일짱죠.😀번호판,봉인 녹방지 봉인구어셈블리 라고있네요.",1
58,[노보스인더스트리 노사장]자동차 리뷰의 끝판왕 ♤왕의귀환♤-소비자의 관점에서 제조사의 차량을끝까지 파헤치는 한걸음 더 들어가는 '노브스인더스트리' 의 리뷰.○추천 ●구독 꼭 눌러주세요^^※ 노브스인더스트리 홈클릭 후 정보클릭.-노보스인더스트리 사이트 회원가입.,4
59,F타입3.0S 14년식 컨버 알아보는 중인데 F타입도 잔고장 많나요..,1
60,중고차는 가성비갑..,1
61,옛날모델이 이뻤는데..재규어한마리 본넷에있는.,22
62,잘 볼게요..푸락셀~~~,1
63,5년동안 잘탔는데 제가 무딘거였나봐요,38
64,겉 모습은 참 매력적이긴한데 ㅋ,6
65,센터 페시아.... 낫 페니시아...   틸팅...  낫 딜팅....   토크 벡터링...  도크 벡터링....   으로 아시는 부분인데 버릇처럼 말씀하시는것 같아요 ㅎㅎ,1
66,친구 얼마전에 사서 좋다고 난리던데 사지말라 그리애했는데,1
67,차를 잠깐타보고 이렇다 직설적으로 평가한다는건 좀...?,9
68,우웅 하는소리가 걍 스피커로 들을땐 안들리는데 지금 이어폰 끼고 보고 있으니까 잘들리네요  무슨 관악기 우우웅 그런소리가 들림,1
69,뉘르로 조롱당하던데ㅋㅋㅋ도대처 성로랑 은규중에 누가잘못한거임,2
70,몇년째 우려먹냐 이건 중고 1천 후반에서 2천 초반 짜리 사는게 답이지 최신형이 디자인 변한게 없으니,1
71,예전 재규어가 아닌것 같아,3
72,언젯적 차를 가져와서 비교하냨ㅋㅋㅋㅋㅋ,4
73,"재규어는 디자인, 디자인, 디자인 뿐. 가구같음",4
74,영상 긋 입니다,1
75,호텔 델루나에서 저승보내던차..ㅋ,8
76,237! 따봉!,3
77,형텐션좀 올려 풀악셀해야징~~,1
78,대신 반값에 팔잖어. 이해해야지.,1
79,재규어~~~ ㅠㅠ,2
80,어떻게 차량리뷰는 안하고 너저분한 주저리만 하고 있냐.. ㅉㅉ,7
81,나는 소음 잘 모르겠던데,16
82,네비 화면도 ㅈ만하고 걍 딱봐도 오래된 차,1
83,아 중고로 2주전에 샀는데.....,1
84,미국에서 존나게 안 팔려서 E450  비슷한 가격에 팔구 있음. 시승해 봤는데 영 아님. 재규어도 곧 사라질 브랜드. 뭐 하나 잘 나가는 모델도 없구 뭐 내세울 장점도 없는 회사.,10
85,이분은 뭐 타고 다니시는지 진짜 궁금하네 ㅋ,4
86,먹먹함 + 느린 = x같다 ㅋㅋㅋㅋㅋㅋㅋㅋㅋ,1
87,도대체 차 한대 갖다가 영상 몇개나 뽑는거임? 그것도 했던말 또하고 또하고 또하고. 요즘 차 수급 안됨? 망삘 티나네... 요점만 딱딱 잡아서 그걸 중심으로 짧고 임팩트 있었던 모트라인시절 노사장님 어디가부럿음?,8
88,이분 법적 다툼있지안음? 해결됫나보네 유트브에.뜨길래ㅜ보긴보는데,4
89,f페이스도 우웅하는 소리남,2
90,직접 차를 만들어 타나? ㅋ ㅋ,3
91,뒤가왜이렇게 들려있어보이지?,1
92,재규어 그냥 딱 봐도 별론데,1
93,그럼 직접 차를 만들어보셔요~~~ 한심하신분!,3
94,영국의 노무현 보리스존슨 자동차,1
95,경쟁 모델 파나메라 콰트로포르테,1
96,Hey. Who did pay for this video?.. you look like never had money for buying this kind of hight range of car whole your life.. been driving this car many years ...haven’t got any of problems you been talking...waking up....._*_,1
97,넌 도대체 ㅋㅋㅋㅋ 뭘 근거로 까는거냐,3
98,"무슨 차리뷰 비교를 이렇게 합니까ㅋㅋㅋㅋㅋㅋ 알루미늄썼으니 A8이 S클보다 좋아야 하는거 아니냐는건 무슨 논리여ㅋㅋㅋㅋㅋㅋ 강성, 무게등으로만 비교하는것도 아니고 그런식으로 비교하려면 전세대랑 비교를 해야지 10년전 자동차 가지고 와가지고ㅋㅋㅋ 당연히 지금기준으로 보면 안좋지",22
99,니가 차만들어라,1
100,no.1,1
101,도우너! 마이콜한테 얻어터지고 깐따삐야가는소리 그만 지껄여라,4
102,조회 16. 따봉 26....이게 말이 되나?,13
103,솔직히 돈 궁하면 지금 나온차 리뷰하지 이런차 리뷰해봐야 조회수 안나온다,3
104,이젠 디자인마저 아무런 감흥이 없다... 제네시스가 압승임. 물론 독일차에는 한참 못미치고,2
105,노사장님은 소비자들 눈높이를 끌어올린 명인. 이 사람이 없었으면 그냥 제조사가 툭툭 내뱉는 자극적인 문구에 속아서 차를 사겠지 ㅋㅋㅋㅋ,3
106,ㅉㅉ,1
107,난 왜 1도 안 이뻐보일까?,1
108,111111111,1
109,아무리 그래도  차만들고 개발한 사람들이 너만 못하겠냐?,9
110,에라이~~,3
111,워런티 지나면 바로 고장남~고치면 또 다른부위가 또 고장남~생각지도못한 부위에서 자꾸 고장남~수리비도 벤츠나 비엠보다 훨씬비쌈.,1
112,경솔,4
113,어머 ㅆㅍ 이건 꼭 봐야돼!!뭐 제조사 광고사 얼마든지 광고 오지게 때릴 수 있지 노형한테 줘털리기 전까지는 앗!나 XJ50 안 깔려고했는데 정신줄 잠시 놨네ㅎㅎㅎ곧 죽어도 난 예뻐야한다!는 분들 재규어가 있습니다 지오메트리?운동성능?이 뭐가 중요합니까?여유있으면운전기사쓰고 뒷자석앉으세요 최고아닙니까?탕진잼 오지죠ㅎㅎㅎ,3
114,XJ는 뭔가 국산중형 소나타 k5 말리부 대신 sm5선택한 느낌?,2
115,모토라인 윤성로 검색해서 영상보세요 노사장 이런사람  리뷰하면안됩니다 사기꾼이에요 저도 구독자였는데 오늘부로 구독취소합니다,12
116,십년된차 리뷰 지금 하네. ㅋㅋㅋ 제네시스 초기모델 BH랑 동갑인 차를.노사장 돈이 궁한가보네. 조회수 높이려고 별짓을 다하네. ㅋㅋ,20
117,낡을대로 낡은 구세대 디자인,4
118,헉...6800만원....... 사모님이 천사시네요.,43
119,"대표님 축하드려요~전 재규어 추돌 후 마음아파는데 플랙스한 재규어 사고없이 잘 타세요. 저역시 디자인에 혹 할뻔했는데 사후관리가 능력범위 넘을것 같아 손절했는데 역시 디자인은 S,7보다 좋죠~",3
120,"""용서가 허락보다 쉽다"" 를 좌우명으로 살고 계신 사장님이십니다. 플렉스~ 멋져요.",10
121,"""별거 있어, 디자인보고 사는거지""라는 말씀에 적극 동감입니다. 외부는 예쁘고 독특하고, 내부도 고급지죠.",4
122,"눈물을 머금고 X350을 보내셨지만, 결국 다시 X351를 데려오셨네요.정말 축하드립니다.보던 영상들 중 가장 즐겁고 천진난만한 표정이시네요.ㅋㅋ앞으로 영상 정말 기대됩니다.다시 한번 축하드리고, 안전운전 하세요!",3
123,시승리뷰가 너무 재밌고 귀에 쏙쏙 들어 와요~저도 구입 할려고 알아 보고 있습니다~^^,1
124,디자인 최고!! 부품값만싸면 저두 한대 사고싶습니다ㅜㅜ,4
125,사고 싶어도 무서워서 못사는 재규어....자가정비 가능하시니까 문제없고 부럽습니다^^,6
126,영상 재밌게 잘 봤습니다 ^^저도 얼마전에 중고차를 샀는데 영상에 보니 여러 첨가제를 넣으시던데 어떤 첨가제를 사용하신건지 궁금해서 여쭤봅니다 ^^,1
127,정비사이신게 너무 부럽습니다... 타보고 싶은 연식있는 차가 너무 많아요,3
128,"심장을 뛰게 만드는 것이 있다는것, 돈으로 비교할수 없는 값진 가치가 있다는 거죠. 축하드립니다~ ^^",3
129,크 사장님 전에 사고처리하셨던 재규어도 진짜 너무멋있었는데 신식 xj라니 너무 부럽습니다g80 타는데 언젠가 재규어 꼭 타보고 싶습니다 ㅎ,2
130,차를 직접 고치는 장사장님만의 선택... 유저들은 따라사지맙시다 재규어는 ㄹㅇ이에요,7
131,정비사님에게는 최고의 차.,18
132,깜짝 놀랐습니다저랑 같은 이유로 xjl를 구입하셨네요감성+희소성+하차감 최고입니다2016년식을 2019년에 구입했습니다아직 고장없이 잘 타고 있구요더 놀라운건  bmw 520d 2011년 구입 현재40만키로 현재까지 보유하고 있습니다왠지 남일 같이 않고 친근합니다,2
133,전에 xj 사고 나셧을때 넘 가슴 아팟는데 이제 치유하시는군요 축하드립니다!!^^,2
134,"자연흡기 휘발유로 출시 초기 출고해서 9년 4개월차 스트레이트로 운행하고있습니다.  전반적으로 고장이 많다 라는 부분에 대해서는 동시대에 나왔던 XF 1세대 모델이랑은 그 빈도수가 차이가 꽤 날정도로 잘뽑혔다는 전제로는 별반 고장없이 가는차가 XJ가 아닐까 싶습니다. 물론 세월이 지나면서 생기는 몇몇 고질병으로는 버튼류의 표면멜팅 현상이 있고, (처치하면 ok)초창기 출고분에서 지적되곤 했던 선루프 잡소리(이건 개체차 있음) 그리고 디젤에서는 단거리 시내위주로만 주행시 DPF 경고등이 유독 빈번하게 뜨는 케이스가 거론된적도 있지만, 이외에는 또 별반 문제없이 잘가는 차가 351이라고 볼수 있지요. 350이나 358의 섀시를 그대로 계승을 해서 몇몇 부분은 리벳의 결착 방식이나 그 수를 조금 달리했다고는 하지만 경량화를 보다 일찍 내다본것도 무시못하는것같긴하더군요 ㅎ 구형에서는 4짝 모두 에어서스를 적용하던거를 351부터는 후륜에만 두는 방식으로 바꿔서 의외로 서스에 관한 이슈는 유럽산 대형 살룽중에서는 가장 말이 안나오는 차가 XJ 아닐까 싶은 부분도 있답니다. 이외에 351부터는 5리터 엔진을 휘발유로 놓고 13년식부터는 그 축약형인 3리터 슈퍼차져까지 추가를 하면서 모든 엔진이 직분사화되었지만.... 오히려 독일산 직분사에서는 그 연식대에 카본 빌드업 문제도 심심치않게 지적되곤 했었지만, 재규어는 무슨 차이인지 정식서비스센터를 비롯해서 외부에서도 재규어만 전문으로 수리하는 분들도 카본빌드업으로 인한 정비사례는 해본적이 없다고 하더군요... 이는 외국의 사례를 찾아봐도 동일한것으로 볼적에... 카본빌드업이 이슈가 되지않는것만 해도 상당히 점수를 줄 부분이지않나 싶습니다.동일 코드네임의 차를 타는 분들이 온라인 클럽등을 통한 인연이되서 종종 여쭤보면, 휘발유도 제법 있는데... 게중에는 10년식을 지금까지 무난하게 타는분도 계시고... 14년식 18만정도 별고장없이 잘탔는데 겨울철 사고가 나서 전손처리한 분도 계시고.... 저 본인은 아직도 현역으로 별반 무리없이 가는 등등...  실제 소유해서 타는 분들의 이야기와 온라인상에서 그렇다더라 말하는 이들간에는 상당한 갭이 있다는것을 지적하지않을수가 없네요 ㅋ단지.... 68년형을 기점으로 출발한 실험적인 재규어라는 축약자인 XJ가 더이상 양산되지않고 19년식을 마지막으로 양산 종료후 그 이후에는 거의 회사가 뭐 이렇다할 신차를 내놓지도 못하는 차원이라 안타까운 면은 있습니다..... 다운사이징 터보일색에다가 각종 원가 절감이 난무하는 이 시대에서라면.... 다시 내놓으라고 해도 못내놓을 차가 351과 같은 스타일이 아닐까 싶네요. 마치 3도어 소형 유럽산 해치백이 거의 전멸하다시피한 상황인 것과도 마찬가지가 아닐까 하는....",2
135,재규어 xjl 3.0 오너입니다. 3년째 타고 있는데 나름 만족스럽습니다 3년동안 잔고장 없이 잘 타고 있고 제가 보기엔 뽑기운이 제일 중요한 것 같네요,2
136,재규어 정말 좋아하는데 감성도 있어 보이고 운전할때 왠지모를 승리감을 느끼게 해줘서 ㅎㅎ( 내차는 수리비싼데 뭐이런 승리감이랄까 ㅎㅎ),2
137,캬~~ .느낌 오네요.. 맞습니다. 그 맛에 차를 탈 때가 가장 차를 즐겁게 타는 거 아닌가 합니다.,1
138,역시 차는 심장이 뛰는게 1순위죠 ㅎㅎ,3
139,토요일에 하남에서 사모님하고 타고 오신것 봤습니다.친철하게 잘해주셔서 감사합니다,9
140,역시 정비소 사장님만 살수 있는 차…,18
141,보통 영국 차는 믿고 거른다고 하던데... 차가 이쁘니가 용서가 된다는... ㅎㅎ안전운행 하세요~!!,4
142,흔하디 흔한 차에 심장이 1도 반응 안하는 부류가 있습니다.  공감합니다.,2
143,크..지를수 있다는 용기 실행 상남자 시네요ㅎ대리만족 하고 갑니다ㅎㅎ,2
144,누가 머라구 해도 형님이  조아라 하는게 최고임 좋아 하는거 하세요 그게 찐 행복입니다 형님은 이제  좀 편하게  사셧음  좋겠어요 😂,3
145,장사장님 돈 마니 버시나 봅니다..부럽네요...난 맘속으로만 x5타는데..언제나 타볼려나..월급쟁이에 대당1.고딩1 키우는 아빠에겐 기회나 있으려나,9
146,진짜 사모님 질문에 대답하실 때 영혼이 1도 없는게 느껴집니다…ㅋㅋㅋ,3
147,"와,.,, 1년 반 탔다는데 저렇게 소모품 관리소홀 + 야매수리 흔적이 있을 정도면 ㅋㅋㅋ 이래서 수입 중고차는 함부로 업어왔다가 차값보다 수리비가 더 나오는가봅니다. 오너가 정비사가 아니라면 저런 결함이나 소모품 정비내역 발견도 못했을테고 중고차 보증 끝날때 즈음 고장 터져서 어마무시 견적 나올 상황.",2
148,저도 xj 가솔린 중고가져와서 타지만 좋아요~ 가솔린은 고장도사실많지않아서 ㅎㅎ 대신 고급유셋팅이긴하더라구요 소소한 고장은 고치면서 타는거죠 ㅋㅋㅋ감성으로타는차 ㅋㅋ사설업체 성지글많아서 정비비도 아주많이는 안들어요 물론 벤비아보다조금더 비싸긴합니다,2
149,재귀어는 옛날 모델이 예프던데요.해이리 카메라타에 가면 황인용 선생님이 소유하고 주차장에 잘 모셔놓으시고.. 멋지던데요..새 모델도 멋지네요.,3
150,재규어선택은 빼박 유튜브각을 노린것이다ㅋㅋㅋ,27
151,"플렉스하신 삶 대단하십니다 .그만큼 능력도 있으시니 늦은나이에 블로그 유튜브, 그리고 바이크까지 ~",2
152,그전에 영국차는 정비도 문제지만 전자장비쪽도 탈 제일 많이 나는걸로 유명합니다. 그 문제만 없으면 사장님꼐서 충분히 케어 가능하시죠 단 일반인들은 건들면 망하는게 문제 지만은요 ㅋㅋㅋ,2
153,같은차 2대를 사야 한다는 랜드로버 재규어.. 축하합니다^^,21
154,어쩜 저랑 생각이 같으신지 ㅎㅎ 차는 감흥이져 자신을 표현하는 ㅎ,1
155,차량 구매하신거 축하드려요..근데 사장님 엔진 이쁘게 도색한 모닝 행방이 궁금합니다..  ㅎㅎㅎ,2
156,깜빡이있는거에 놀라는 리액션 역시.. 영국차 오너,9
157,나도 재규어가 좋아요 재규어 갬성 충만 ㅋ차는 디자인보고 타는거죠 실내 고급고풍스럽고….어차피 굴러가는거 똑같은데 존재감 뿜뿜,2
158,두분 좋으세요~ ^^  부창부수~   재규어 XJ 너무 멋진거 맞습니다.!,3
159,한3 -4년 전쯤 재규어xf 너모 이뻐서 중고로 살려고  서울 경기 인천 에서 키로수 15000km 미만 거의 신차급만  매물이란 매물 다 보고 다녔는데 누유 없는 차가 없어서 포기하고 아우디 a6샀어요 ㅠㅠ  그당시에는 누유 성능보증 보험이 안돼서...  재규어는 마음으로 사는차 라고 들었습니다....그래도 사장님 축하드려요 ㅋ,4
160,작년인가요? 모닝과 사고로 전손 처리? 됐던 재규어 2세 입양하셨군요 ㅋ ㅋ사모님께 등짝 스매싱 당하신건 아니신지 ㅋ암튼 부럽습니다 ㅎ뭐든 맘에 들어야 정도 들죠 축하드립니다.  ㅎ,5
161,팩트 : 영국 엘리자베스 여왕님도 제규어xj 타심~역시 영국여왕님 정도 하차감은 제규어죠 ㅋㅋㅋㅋ엇! 사모님도... 영국여왕님 하차감 느끼시는건가요! ㅎㅎㅎ XJ 지르신거 축하드립니다!!,6
162,장대표님은 자가 수리가 되시니 하차감만 보시면 되지요. ㅋㅋㅋ,1
163,당신의 용기에 박수를..이분가까이서 살면 저거사도 부담없을듯,1
164,사장님 520D 판매시 은근 기대해봅니다 ㅋ17일 오전 밋션오일 교체하러 하남 갑니다.ㅎ뵐수있음. 좋겠습니다.,2
165,맞아 이건 정비소 운영하시는분들만 탈수있는 차요즘차들은 전자장비개입도 너무많고 그만큼 고장률도 높고...수리비도 많이 나오고 전 그래서 아날로그식 na차량이좋더라고요.,1
166,사모님이 카메라들고 웃으면서 인터뷰해주시는 것이 제일부럽습니다.👍,3
167,가슴이 웅장해지는 재규어 보증수리 고고2부 올려주세욧 ㅋㅋ,2
168,장사장님께서는 재규어를 좋아하시는듯하네요 ㅋ,2
169,재규어 무시하지 마시죠 2대사서 한대는 as 맡겼을때 타고나니면 그야말로 최고의 차입니다.,6
170,길에서 서로봐도 인사할필요없다는 전섷의차아침마다 센터에서 이미 인사했기때문,43
171,재규어 2001년식 xtype 타다가...결국 보내줫습니다재규어...감성인정 합니다...부품가격이...나름 2.5가솔린 4륜...만족은 했지만...재규어 타는사람들....인정!다시 타고싶지만...무서워요 ㅎ,2
172,점점 유튜버가 되어가시는 모습에... 시간이 지날 수 록 놀랍니다 하하하,6
173,분위기가 너무 좋네요~~,4
174,대단하심직원들께는 항상 잼나게 해주시는 형님같아보여용,2
175,"솔직히 재규어 ,Xj, 너무 예쁘조 구형도 쥭이는ㄷ",7
176,역시 대표님 진리시네요 ㅋ 바퀴4개 엔진 ㅋㅋㅋㅋㅋ 굿입니다,4
177,하차감 ㅋㅋㅋ 멋지네요,2
178,보헝사와 싸우는 모습보면 완벽남 같은데품질쓰레기로 소문난 재규어를 하차감만으로 선택하신것보니 인간미와 허당끼도 느껴지네요 ^^,1
179,차수리 전문가 대표님께서 순수 성능 개나 주고  일도 안보고 느낌 감성으로 만 타는 리뷰  ㅋㅋ1억 5천 짜리 차가 막 유격있어 병맛이야  근데 좋아 이런맛에 타는거야 ㅋㅋㅋㅋㅋㅋㅋㅋㅋㅋㅋㅋㅋㅋㅋㅋㅋㅋㅋ 미치겠다 ㅋㅋ 1억5천짜리 차 네비도 있어 근데 병맛이야 ㅋㅋㅋ 근데 좋아 ㅋㅋ,3
180,ㅎㅎ 저도 같은차-선루프 버튼쪽에 잡소리 -영국차는 그렇게 타는거 맞죠?-항상 안전운전 하세요~,2
181,덕분에 또라이 되었네요.. ㅋㅋㅋㅋㅋㅋㅋ 아 정말 공감되네요 재규어 머스탱 카마로 ㅋㅋㅋㅋㅋ 뿜었습니다 ㅋㅋㅋㅋ,2
182,그맘을 너무 잘알아서 ㅋㅋ 저도 흔한차는 싫더라고요 그래서 저도 재규어 XF,3
183,한 대 더 사야 하는거 아닌가요~ㅎㅎ 감축드립니다!  이안 컬럼의 마지막 작품!,7
184,아 재규어 예쁘긴 참 예쁘네요ㅋㅋㅋ,5
185,진정한 사나이!!,3
186,제규어는 심장이 원하는 차다,1
187,사장님 f15 x5 m50d 29만탄거 사면 수리비 얼마정도 생각해야 유지 가능할까요,1
188,미션오일 이벤트 감사합니다. 역시 능력자,3
189,"요소수를 스페어를 떼야 넣을 수 있다니 ㄷㄷ,,",13
190,에어필터 상태 심각하네요.전 주인이 차량 관리 안 한것 같은데 우려스럽습니다.,1
191,마트 갈땐 역시 제규어 ㅋㅋㅋ,8
192,너무 신나셨는데요? ...  ㅎㅎㅎ   근데 뭐 어쨋든 차가 이쁘면 됐죠... 정비사님이 직접 고치시면 되니깐 ㅎ,1
193,사장님 엔진오일 첨가제는 넣는게 좋나요??,4
194,오도방은 고민하지만 차는 고민하지 않고 그냥 질러버리시네여 ㅋㅋㅋㅋ,3
195,넘 멋져요.. xj,3
196,랭글러 40인치 타이어 낑기시고 풀튠 하시면 하차감이 최고죠 6x6이라면  끝판왕?,2
197,축하합니다 안전운행하세요,3
198,우리사장님 부럽부럽 입니다 멋있어요,3
199,한동안 오토바이 하시더니.. 역시 폼생 폼사~👍,2
200,와우 멋져요^^맞아요 예쁜가죽 ㅋㅋㅋ예쁘면 고~~~진리미션오일 이벤트 감사드려요곧 뵈러 갈께요^^,6
201,남자들이 차를 사면서 가장 중요하게 보는건 와이프가 비싼지 모르는 차입니다..520인지550인지 e200인지 e63인지...전 그게 제일 중요합니다,16
202,오오~~ 무려 핸들에 문짝이 4개라니...,4
203,재규어  랜드로버  지프랭굴러     일반인이 사면  그대로 망한다는 철칙,6
204,영국차를 정비사가 좋아하는 이유고쳐도 고쳐도 고칠곳이 계속 나옴 ㅋㅋ,2
205,"재규어, 랜드로버, 마세라티 차는 정비사아니면 사지맙시다",50
206,ㅋㅋㅋㅋㅋㅋ 그나이에도 아이처럼 행복한 얼굴 ㅋㅋㅋㅋㅋ 역시 우린 남자야♥♥♥♥,10
207,모양만 보고 차를 사왔더니 에어컨이 없었던 일이 생각나네요. 오스트리아 너희들 정말 에어컨 안달아야만 했니..,3
208,시안성좋은 필름 시공하세요~~반사률이 적어서좋아요 재규어와 랜드로버는 흔하지 않고 디자인 괜찮은편이지만  내구성이 영국이라 씁슬하네요;;,4
209,PT크루저 오너가 가장 독특하지 싶습니다.,4
210,사장님 두발 달린거 기변 안된다 하니 네발달린걸 플렉스 하시네요 ㅋ 그나저나 옆에 내무부장관님인거 같은데 아~~~무 말씀도 안하시고... 당분간 명복을 빕니다....,3
211,재규어 랜드로버 부품은 비엠만큼 부품 구하기가 쉽지 않을 것 같은데 부품가격도 비쌀것 같구요 그쵸?,2
212,깜빡이도 있다니 놀랍네요 ㅋㅋ,2
213,심장이 심쿵 그 느낌을 아무리 설명하기 가 어려운 듯 합니다,1
214,6 개월안에 다시 판다에 한표.,2
215,아 영상 이제봤네 안전운전하세요!,2
216,재규어 10년식 5.0 하나 업어 올려고 하는데 지금 잔고장이나 재규어가 가지고 있는 그 악명높은 브랜드 이미지 때문에도 또 걱정입니다…,1
217,재규어가 동네마실용 으로변하는순간ㅎㅎㅎ,6
218,다 옳은말씀 이십니당~^^누가뭐라고해도 내가좋은면 된거쥬~이러쿵~저러쿵~세상에 정해진법은 있겠지만...기준은 정해진게 아니니 내맘대로 기준!찬성합니다.~^^그리구~아무나 탈수있는 차도 아닌데 ㅋㅋ저도 재규어를 응원합니다.♡부럽ㅜㅡㅜ,1
219,감가 크흠 그래도 xj인데 이정도면 가성비 좋네,1
220,굿~! 재규어 수리전문인가요?,1
221,언제나 잘보고있습니다.한가지 질문좀 해도 될까요?제가 작년9월에출고한 기아봉고3기반 캠핑카가 주행거리1만키로만에 태핏소음이 엄청크게 발생을하는데요 냉간시에는 소음이 덜하다가 열간으로가면 소음이 커집니다.보증수리기간이라 센터를 들어가려하는데 올릴수있는 리프트를가진 오토큐센터가 적어서 들어간김에 확실하게 잡으려고하는데요 어느부위를 교환해야하는걸까요 오일갈면 괜찮아질까해서 오일도 갈아봤지만 잡히지가않네요,2
222,나도 겉만 보고 사는 편입니다. 우선 맘에 들어야 하지요.,4
223,정말 좋아하시는 표정 이십니다 ㅎㅎ,2
224,이거보고 재규어 xj 구매를 결심했습니다.xj50 마지막 모델인데 큰 고장은 없겠죠??,1
225,G바디 부러워 하시더니 재규어를... 그럼 타시던 수리잘된  520D는 판매 하시나요??? 앞으로도 수입차를 가져볼 기회가 없을거 같은데  판매 하신다면 생에 처음 수입차를 가져볼 기회가....,3
226,20:16 에어컨 라인 개구리가 생각나내요 ㅋㅋ,5
227,장사장님... 전생에 뭘하신건가요 ㅋㅋㅋㅋ,2
228,사자마자 오일 새는거 실화입니까? 하하하 보다가 뿜었어요,11
229,유격은 갬성이쥐~~,1
230,재규어 오너끼리는 인사를 하지 않습니다. 이미 센터에서 했기 때문이죠.,3
231,기품 있는 재규어를 구입하셨네요. 90년대 다임러가 더 멋지긴 하지만 XJ도 좋습니다.  독일차와는 다른 귀족의 품위가 묻어나는 차이죠.  머리카락이 희끗희끗한 장년의 남성이 브리티쉬 그린이나 골드칼러의 낮은 창문이 달린 재규어를 타고 지나가면 어찌 그렇게도 멋지게 보이던지.... 로망입니다.,2
232,재규어...   환영합니다.    xe는 리콜도 없는뎁...ㅜㅜ xj축하드려요~,3
233,재규어 운전석쩍 문짝 단차안맞는거보소 ㅋㅋㅋㅋㅋㅋㅋㅋㅋㅋㅋㅋ 갬성 지린,1
234,승차감은 어떠신지요 w221 s클 vs xj,1
235,아! XJ 흰색 이쁘지요!,3
236,가슴이 웅장해진다~~~~~,2
237,요소수 탱크가 왜이리 어려운 곳에....ㅠㅠ,2
238,크롬 내장제는 뭔가 방법을 취해야 겠네요....너무 빤짝빤짝 눈이 부셔 노노노노노,2
239,ㅎㅎ 제가 대리만족하고 있습니다.,3
240,허락보다 용서가 쉬운 그대는 유부남,3
241,bmw전문가님은 제규어를 탑니다~ㅋ,4
242,정비소 사장들만 타는 차. 신기하게도 진짜 정비사분들만 타는 듯.,2
243,30 50 시대 성능이 왠말인가? 그냥 모양만 이쁘고 내구성 좋으면 ok,2
244,재규어 고객님들 ㅂㄷㅂㄷ~~,2
245,"크,  와이프가  마트에 장보러 갈때 타는 차가  재규어라고???헐..........",1
246,축하드립니다^^,2
247,이 영상을 정마담 채널이 좋아합니다.(현재 재규어 소버린 리스토어 #10편 올라옴),3
248,"영상 항상 재밌게 보고있습니다~ 👍 함 놀러가도 되나요? 저는 남양주 덕소~ 보유 차량은 xj8 2002년식, 체어맨 구형(최초) 모델 등 입니다~ 환자는 아니고요~~~ ㅋㅋ",1
249,흔하지않는차 시트로엥 도 있습니다 ㅋㅋ,2
250,영국차는 이쁘죠. ㅋㅋㅋ,7
251,ㅋㅋ아니 차를 비난하는듯 하면서 좋아하는... 근데 전에 수리해서 타시던 5시리즈는 처분하신건가요?,2
252,직접 고치실수있으니 플렉스하는거지 디젤은 중고사는거 아니라들었습니다..허허,2
253,영국차 중에서 롤스로이스를 빼셨네요.  복스홀은 고급 브랜드가 아니니 패스,2
254,주변 재규어 오너들 대부분 같은 이유로 타더라구요.  이쁘면 됬지. 요거 로 모든게 용서가. ㅋㅋㅋ,2
255,제규어는 샵사장님차죠 ㅋㅋ,4
256,일단 질러라 허락보다 용서가 더쉽다는 명언이 떠오르네요 ㅋ,1
257,장사장님 정도 차 고치는 실력 없으면 사지마시길 ㅋㅋㅋㅋ,3
258,사모님이 좋으시네요ㅎ,5
259,"""썬루프도 있어!!""  ""깜빡이도 있어!!""",16
260,결국 351의 아름다움을 느끼셧군요,2
261,너무... 잔잔바리인듯...ㅋㅋㅋ6800만원 차인데...,2
262,저도 xj  좋아합니다.,2
263,유트부찍을려고 사는거고...직접 고칠수있으니깐 사는거죠.....보증수리 지난 재규어 차 사는 사람 얼마나 있으려나...,2
264,수리는 비머 주로 하시더니  재규어 사시네요.재규어 수리가  쥐약이라고 하던데요.,1
265,하물며 깜박이도 있어 ㅋㅋㅋㅋㅋㅋㅋ,11
266,와 우리 와이프면 아마도 옆에 동석 안핧ㅎㅎ,1
267,솔직히 예빼서 샀다기 보다는 수리할 곳이 있기에 산거 아닌가요?  일반인은 불가합니다. ㅋㅋ,2
268,플렉스!~ 사장님.나이샤앗~~~!,2
269,한번 사는 인생 사고싶은 거 사는거죠.  나중에 나이먹고 해보지 못한것 후회합니다. 정비사니 고장나도 본인이 고치면 되니까 일반인이 사는것과는 다를것같습니다.,1
270,쟈구아는 그옛날 구형차가 참 감성이 있는디ᆢ ㅎㅎ지금 자구아는 인도로 이민가는 바람에 영 꽝이죠ᆢ?ㅎㅎ,1
271,전면썬팅하셔야겠어요,2
272,"세상에 영원한 건 없으니 언젠가 버리지요그래서, 예쁜 쓰레기와 안예쁜 쓰레기로 나뉘죠예쁘다는 게 중요함",2
273,혹시 반은 은행차? ㅋ 저 또한 유니크한 캐딜락 끌고 있습니다. 딱하나 좋은점... 길에 같은 차가 없다! ㅎ,2
274,사장님 차말고 하야부샤도 계약 ㄱㄱ,1
275,무슨 남의차 얘기하듯이 툭툭 던지시네요ㅎㅎ,3
276,멋지네요~a/s 언능 신청 하셔야🎶,3
277,ㅋㅋ 또 재규엌~ (선지름 후보고 하고 무사하신거??),7
278,ㅋㅋㅋㅋ 재규어 타보도 못한분들이 아주그냥 ㅋㅋㅋㅋㅋㅋ,2
279,제가 차를 잘몰라서 그런대 영상보면서 제규어 속도 계기판이 원래 깜빡이나요? 영상 보는 내내  주행중에 깜박깜박 거려서요 ..ㅋ,2
280,"으악~~~...잔고장..등등...부품수급.....수리비용,,,..곧 후회막급..자가 수리할수있는 사장님 빼고는.....일반인은....절대 사지마세요...도시락 싸가지고  다니면서 말리고 싶네요...ㅠㅠ",14
281,“예쁘면 끝나는 거지 차가”..정답입니다.,1
282,저도 사고싶은데..무섭,3
283,아니 뭔정신으로 요소수 투입구를 저따 만든거지 -_-;; 황당하네,1
284,제가 살게요 ㅋㅋ 이쁘네요,1
285,축하드립니다,3
286,표정이 아주 좋아보이세요^^느껴지네요,1
287,재규어xj 하차감 읎어요 c63 amg나 하차감있지 ㅠ,1
288,영국차 벤틀리 롤스로이스 맥라렌 등등 더 있습니다^^,1
289,심장이 떨려요 = 부조현상,1
290,삼촌... 정비장비 샀다고 돈 없다면서요..,2
291,일빈인 타면 재산 팍팍준다요 ㅋㅋㅋ,1
292,이번 재규어도 배기 하시나요???,4
293,오늘왜이리 시크하실까!!!!,3
294,병신이라는 말을많이 쓰는군요.혹 장애인에 대한 안좋은 기억이있으신가요?생각없이 표현하신다면다시한번 생각해주세요.이제껏 사장님의 영상을아주 흥미롭게 시청하고있는 구독자로서 마음이언짢아서 한마디 올렸습니다.,2
295,지금타시던 bmw5시리즈는 어찌되는건가요,3
296,이쁘다~^^조만간 가겠습니당아님 그차로 나좀 데리러 와주세요^^,2
297,재규어  플랙스~~~~^^,3
298,하차감? 승차감 말씀 하시는 거 아닌가요? ^^,2
299,돌려 까려고 사신건가요? ㅎㅎㅎ,3
300,정비사 아니면 재규어 안샀을듯,2
301,형 전에있던 BMW는 어떻게된거에여?,3
302,초여름인데 심장 왜?떨리실꼬. 팔랑눈못말려,1
303,주단태 자동차네 펜하 주단태 회장님차량 주단태 천서진 자동차 XJ 와우던펜하 재규어 아우디 랜드로버 지리구맛,1
304,알루미늄인데 겁나무거워요 xj,1
305,예쁘면 다 용서됨 ㅎㅎㅎㅎ. 그럼요 겜성이죠.,2
306,남자의 심장은 처음보는 예쁜 처자 앞에서 떨려야하는 겁니다.,1
307,Yo i drive an xj john uk london.😁😁,1
308,😀👍,2
309,아저씨 졸귀,1
310,조회수 뽑으시려고 구입하신거 다 압니다 ㅋ,2
311,미국차 영국차 갬성b ㅋㅋㅋ,1
312,재규어가 영국차인가요?,1
313,천장 불붙겠는데? ㅋㅋ,1
314,저도 또라이입니다재겨만 두대입니다쓰레기지만 감성으로 탑니다.,1
315,사모님도 겉모습만 보고 선택?,2
316,재규어는 두대 사는거라면서요,1
317,감성이 아니라 스트레스 같은데요,1
318,ㄹㅇㅋㅋ,3
319,ㅋㅋㅋㅋㅋㅋㅋㅋㅋㅋㅋㅋㅋㅋㅋ,3
320,요즘 바이크는 안타시나요??,2
321,타시던 BM은 직원 한테 주시겠죠?,2
322,이 아저씨 또 이러시네...ㅋㅋ 데자뷰인가..,3
323,1:40명언,1
324,흔적 투척 툭 엎드려 터진다 빵,2
325,또 목소리 들뜨셨어 ㅎㅎㅎ,3
326,썸네일보고 훼사원님인줄 알고 들아왔네,1
327,"장선생님. 블로그에 있는 폰메시지로 6/10 저녁 인사+  드렸습니다. 혹시, 체크 안하시는 메시지인지요?ㅠ조금 급해서 여기다가ㅠㅜ",2
328,"이런차를 타면서 하차감을느끼며,랜드로버가 브랜든지 모델인지도 분간이 안되시고, 이런차를  머스탱,카마로와 비교하고...ㅋㅋㅋㅋㅋㅋㅋ지방(!!!!)에서 돈은 좀 있는것 같은데 좋은차는  탈 능력이 안되시고 그러니 이렇게 플래그쉽 모델을 디젤로 타고 520d하나 더 있는거 같은데 그것도 디젤이고ㅋㅋㅋㅋㅋ차라리 그랜져 타세요!그게 더 좋아보입니다.",1
329,ㅋㅋ,4
330,하차감  전혀 없는데,2
331,당신이 타ㅋㅋ,3
332,가슴이 뛴다~~,5
333,저요!,1
334,휴....,1
335,각.,2
336,내차당,1
337,설명 진짜 귀에 쏙쏙 들어오네요 와~,4
338,"재규어는 잔고장  즉, 품질 디테일만 신경쓰면 진짜 좋은차",3
339,재규어 xj 명차 입니다 꼭 타보시길,11
340,음.. SLR의 네임드 딸기케이크님이!!!여전히 유쾌하고 위트넘치는 리뷰 잘 봤습니다. :),2
341,"안녕하세요, 차를 좋아하는 학생 독자입니다.매번 담백하고 깔끔하고도.. 재미있는 시승기 잘 보고 있습니다. 분명 많은 이들이 리뷰를 해왔던 차량이고 각종 잡지에서도시승기를 읽어볼 수 있는 차량인데도 불구하고 Dalkicake님의 시승기를 보고 있으면 참 신선하면서도 마치 재미있는 이야기를듣는 느낌입니다^^. 저 또한 훗날 재산을 모아 XJ와 함께 달려보고 싶네요!",8
342,좋은차많이타서좋겠다. ㅋ,2
343,참 멍진차  같고싶네요,6
344,네 차 재 규 어. 진 짜. 최고. ,1
345,"내차는 xjl  계속불량  AS  리콜도  안되고  고치고ㄷ또  고치고  ,고치고  고치고  계속  고치고 이제는  지겹다  재규어   진짜루  똥차",3
346,저희 삼촌이 이차를 구입하셔서 뒤지다가 우연히 보게 되었네요.,2
347,저희 삼촌이 이차를 구입하셔서 뒤지다가 우연히 보게 되었네요.,1
348,BMW E92 M3 리뷰한번 부탁드립니다 ㅜㅜ 가장 핫한 차이기도하지요,1
349,도요타86을 시승을해보는건 어떨까요?브레이킹 할떼 포르쉐같은 느낌이라는데 궁금하네요벨런스도 뛰어나다고 하더군요,2
350,오늘도 자기전에 봐야겠네요 ~!!,3
351,차 죽인다 ㅋㅋ,3
352,차 잘빠지고 성능 좋네 소리도 좋던데 ㅎㅎ,8
353,정말 나중에 저런 차 몰아봤으면 하는 ㅠㅠ,4
354,개이뿌다 이번 패밀리카로 사보는것도 나쁘진 않는데...,1
355,목소리와 말씀하시는게 너무듣기좋아요~^^,7
356,수퍼차저 디젤엔진이라 하신부분은 틀린거 아닌가요? 혹시나 새로운 엔진이 나온지는 잘 모르겠는데 터보차저 디젤엔진 아닌가 싶네요.,10
357,"실제 보니 무지 멋있었음. 근데, 너무 비쌈",3
358,저 정도면 거의 롤스로이스급ㅋ,6
359,내부는 왜리 옛날차같지?,5
360,그럼 엄청팔렸겠네 ?정비소에 싸여있데ㅋㅋ,1
361,빵빵거리고 욕하는 장면을 편집하지 않고 넣는구나....시청자는 생각안하나보지.....참 할말없는 시승기.,9
362,설명이 지루해서 졸린다,3
