,comments,likes
0,와 진짜...재랜이 안 좋은 소문이고 나발이고 이건 꼭 타보고 싶은 자동차입니다. 디자인이며 퍼포먼스며 나무랄게 없네요. 기자님 표정이 아주 즐거워 보이십니다. 부럽네요 ㅎㅎ,16
1,원래 재규어 생각도 안하던 차였는데 최근에 본 차중 가장 사운드가 훌륭하네요,22
2,왠만하면 배기음 소리 멋지다고 얘기 안하는데 이건 진짜 멋있네요,3
3,와 디자인은 진짜... 엄청나다...,67
4,신형모델 확실히 디자인만큼은 너무 잘나왔네ㅠㅠ,19
5,진짜 재규어 모든 라인업 세단이고 suv고 뒷태가 대박인듯ㅋㅋㅋㅋ재규어가 웅크리고 먹이감 노리는 느낌...닉값오짐,11
6,디테일이 진짜 살아있네요,25
7,진심 현존 비율 원탑 디자인,9
8,와 멋지다    수많은 단점 빼고 그냥 디자인 하나로  다 이겼다 ㅎ,5
9,오우~슈퍼차져 ..느껴보고싶군요ㅜ영상 잘보고 갑니다승승장구 하시길 바래봅니다.시승맛집!화이팅.,2
10,1억 5천이 있다면 정말 살 수 있는차가 많지만 그래도 구매선상 top 3 안에 들 정도로 고려할거같다 진짜 맘에드네 간만에 재규어,28
11,총 중량이 40 KG 더 가볍고 마력은 10 낮지만 토크는 살짝 더 나오는 일반 M2가 제로백은 0.6초나 더 빠르네요; 무게나 스펙 차이는 거의 미비하다고 봐야되는데 미션 차이로 이렇게 크게 벌어지나봅니다. N55 M2도 배기음 진짜 좋은데 재규어 V6 F 타입 배기음은 정말 어나더레벨인듯 싶어요. 디자인은 페리전이 전 개인적으로 더 개성 있고 예쁜 것 같습니다.,2
12,박스터와 911모두 타보고 내린 결정은 “Beautiful fast car & A Copy of Nothing” 아름다우면서 빠른 나만의 차를 고른다면 단연 에프타입이 최고 같습니다. 강한차체에 잔고장 없고 승차감도 나쁘지 않고 음악듣기 좋고 도로에서 달리기 좋은 기분 좋은차 👍,31
13,판매량이 확실히 많지 않은 차량이라 희소성으로 만족할수 있는 모델브리티쉬 그린컬러 너무 이쁘던데 오늘도 모카영상 잘봤습니다~,1
14,와 배기음 진짜 ㄷㄷ,14
15,간지 뒤진다~~~~ 박스터랑 많이 비교들 하시는데 박스터도 정말 좋지만 f type의 배기음이나 디자인보면 고민할 듯 합니다... 이런 고민하는 날이 곧 오기를!!,14
16,한용행님 올만에 행복한 모습이 봤습니다항상 지금처럼 행복하시길...,2
17,제가 제일 좋아하는 차가 F-type입니다. 좋은 영상 잘 봤습니다.,11
18,디자인 존멋이네요,3
19,디자인 진짜 와..ㅋㅋ,12
20,와아 차선 하나를 꽉 채우네 ㄷㄷㄷ거기에 롱노즈 숏데크 멋짐 폭발 ㅜㅜ,7
21,다이나믹을 추구하는 분들이 혹할만한 차네요. 저는 이제 아저씨가 돼서 스포츠카는 꿈속의 차일뿐이지만요승차감이 가장 편했던 차는 개인적으로 파나메라였습니다. 너무 편해서 운전하다가 조는거 아닌가 싶을정도.,1
22,차량 전체적인 퍼포먼스에 비해 가격이 너무 고평가 책정되 있네!,2
23,우리사장이 저 f타입 전모델 타는데 출근할때마다 배기음때문에 존재감은 확실함ㅋ,5
24,보닛은 저렇게 서야 간지쥬...옛날에는 bmw도 저렇게 섰는데 ㄷㄷㄷ,7
25,하.... 후드가니쉬도 찐이고헤드램프 도 날렵하고 차체는 낮고뒷태 미쳤고 드림카.... 흐엉 나만의 재규어 100번은 만든듯,26
26,차 느낌이 엄청 슈트만 입는 세련되고시크한 사람이 탈 것 같음 ㅋㅋ,35
27,와 너무 이쁘고 좋아보이는데 1억 5천이라니... 흠칫 해지는 가격이네요ㅠ,2
28,"이분 리뷰는 그냥 항상보면,,,,,,,,, 협찬 받아서 그냥 하는 리뷰 느낌이 ,,너무 강인함,,,,,,,,, 그래서  리뷰하는 사람이 몇몇 없다보니 보면서도 그냥 .. 그냥 한귀로 흘리면서 보게됨 ㅠㅠ",2
29,f타입은 중고로 샀을때 너무나 만족스러운 차량이죠,2
30,먼가 임팩트는 없지만차분한 먹소리의 리뷰 귀에 속속 들어옵니다^^,2
31,진짜 예술이다 ㅠㅠㅠㅠㅠㅠㅠㅠ,22
32,진짜 멋지고 갖고 싶은 차 지만 저 가격이면 포르쉐로 가는게 ㅠㅠ,1
33,어후.....미쳤다 미쳤어 진짜 역대급인ㄱ듯,17
34,이러한 차량에.. 공용기어 노브와 스티어링을 사용했다는거에 놀랍네요..,1
35,지하 주차장에 구형 r있는데 시동소리가.온 단지안에 다울린다는..꼭 R모델 시승도 부탁드립니다..,3
36,하지만 그놈의 서스펜션때문에 차체가 엄청 무거워져서 최고속도가 무지막하게 줄어든다(재규어 f타입 2.0 오너),1
37,질문이 하나있는데요..All Wheel drive 차량의 경우 타이어 하나가 손상되서 새로 갈아야한다면 나머지 세개의 타이어도 새로 교체해야하나요?,1
38,너무나 아름다운 실외 디자인을 보다가 실내의 구닥다리 느낌과 마주하게 됩니다. 센터페시아 용서가 안될뿐 아니라 심지어 싸구려 플라스틱이 보여요!무슨 2010년형 구형 sm5인가여....재규어가 어렵다는게 실내에서 느껴지고 말았습니다.,1
39,시승기 중 제일 정성들이시는듯,2
40,난 포르쉐도 못사지만 나중에 사게되면 재규어 사고싶다..,1
41,아 이번편도 역시 재밌습니다,2
42,대차로 2주 탔었는데 진짜 최고 ㅜㅜ m 뽕을 맞지 않은 m4 차주라 몇년째 엪타입과 비교질만 하네요 ;;;,5
43,역시 영국의 명차,9
44,전면이 xf스러워진듯 개인적으로 이전 디자인이 더 마음에 드네요...,3
45,애프타입 오너인데 가장 좋아하는 자동차 리뷰어가 리뷰를 .. 재밌게 잘봤습니다! 항상 잘보고있습니다,3
46,F타입을 고민할때 가장 큰 걸림돌은보험료가 무진장 사악하다는 것...,6
47,디자인은 ㄹㅇ 1등,2
48,Xe s 오너였는데 3.0 슈퍼차저는 정말 타본사람은 잊지못하는 환상적인 가성비 최고의 모터 아닐런지,2
49,진심 디자인은 911보다 더 이쁘다.,3
50,이번 F-TYPE은 디자인이 더 괜찮아진듯.,7
51,배기음이야 전모델도 좋았는데.디자인은 신형보다 구형이 이쁜거 같네요 ㅋㅋㅋ,13
52,안녕하세요~ 좋은 리뷰 감사합니다.,2
53,뒷모습은 진짜 멋지다ㅠㅠ,15
54,이차있으면 맨날 나가고싶겠다,11
55,정말 최근에 급 사고싶어진차,3
56,크으읍 너무 가지고 싶다ㅠㅠㅠ,3
57,재규어 재규어의 맛이 있음   타보고 이야기하자 ㅎㅎ,18
58,신형 재규어 f타입은 svr 버전 없이 f타입 R이 최고사양 트림인가요? 신형 F/L f타입 svr도 예정되어 있는지 궁금합니다ㅏㅏ,4
59,네비랑 디스플레이를 lg랑 sk에서 넣어줬다고 하지 않았나요? 아~~ 근데 이타입에 조금 더 가깝게 디자인해주지 이타입 너무 이쁜데,1
60,물론 폭풍할인이 있겠지만 3천 할인받아도 카이맨보다 비싸네..  같은돈이면 미드쉽 자연흡기엔진을 가진 포르쉐아닐까요 ㅎㅎ,1
61,재규어는 아직 10년전을 사는듯 하네요.,1
62,배기음이 딱 내스타일이넹ㄷㄷ,4
63,디자인은 좋으나 두대 사야 탈수 있단 재규어... 물론 난 한대도 못 하지만... 쩝,1
64,플라스틱 부분이 너무 싸구려틱 하네요ㅎ근데 배기음은 미쳤네요~,4
65,디자인은 구형이 더 포스있고 좋다... ㅜㅜ,2
66,내 드림카다... 감가비율 쎄니까 존버를해도 살수 있을려나...,9
67,먼가 r10과 amg gt가 합쳐진듯한 디자인이다,3
68,어두운 외장 컬러가 잘 어울리는듯,2
69,이렇게 보면 의외네요포르쉐 페라리 비교햇을때 그리 별차이 있나햇는데 큰차이가,1
70,재규어 페이스리프트 된 2021 F-PACE 모델도 리뷰 좀 해주세요~~~ 관심 좀 가져주세요~~~ㅎㅎ,1
71,얼굴에서 찐행복이 느껴지는 ㅋㅋㅋ,10
72,실내 인포테인먼트도 신형 XE나 XF처럼바뀌었다면 그나마 메리트가 있을텐데실내가 너무 올드함...,1
73,이번 재규어는 감가 상관없이 그냥 사고 싶을정도로 너무 맘에 든다,9
74,썸네일 보소 진짜 디자인 졸라 이쁘다..우와 배기음이랑 보닛 열리는거 신기하다..내가 좋아하는 디자인이야ㅠ엉덩이 라인 개이쁘다😍🤤 근데 스포일러는 좀 깬다..ㅋㅋㅋ트렁크 열고 댕기는 느낌..?ㅋ,2
75,배기음은 진짜 마세라티도 움찔하게함..,1
76,Gt카중 최고!,4
77,대국적인 차 리뷰,2
78,비도 오늘 토요일~ 좋은 영상 감사합니다 잘 보고 갑니다,3
79,와 배기음 으르렁 으르렁대는거 ㄷㄷ하네요,37
80,뭔가 실험적인 요소가 많은거 같음. 전면유리 에어백은.....글쎄요. 사람이 아닌경우에도 작동이 될것 같아서 추후 수리비용이 다른차에 비해서 더 클거같습니다. 에어백 보수비용이 생각보다 만만치 않아요.  그리고 손잡이는 주행할때 자동으로 들어가나보죠? 간혹 주유구도 열어놓고 운전하는 경우가 있어서....성능은 380마력에 후륜이면 충분하네요. 안전에 대한 기술적인 부분을 가미 하면서 가장 날것의 느낌을 느낄수 있는 영역임. 그 이상이면 사고남.,1
81,실내가 랜드로버 신형이 아니라 구형이랑 공유하는구나...,70
82,진짜 예쁘다 근래 나온 차 중 제일 예쁜듯 ㅋ,24
83,진짜 날렵해지고 예뻐진거같네요,3
84,와 진짜 제일섹시하다....미쳤다 미쳤어;;,3
85,근 5년내 나온 차 중 가장 아름다움... 보기만해도 흐믓하다 ㅠ 디자인이라는게 이런거지..,2
86,잇몸만개 함박웃음 오래간만에 봅니다!!!!,3
87,아 저금액대면 박스터 사지만 디자인은 f타입이 더 끌리네 ㅠㅠ 라는 상상,1
88,멋진 영국차네요! (뜻 : 눈으로만 보고 즐겨라),6
89,"1:36 이안칼럼 실장님 f-type FL 이전에 재규어에서 은퇴하셨고, 이내 자체 브랜드를 런칭하셨습니다.",3
90,09:04 슬로우로 포착된 왼쪽 할저씨의 옷 터는 멋짐 폭발 장면,10
91,카니발 형님들은 진짜.....ㅋㅋㅋㅋㅋㅋ,5
92,캐딜락 xt4도 한번 리뷰 해주세요 ㅎㅎ👉,2
93,폴쉐는 남을 위한차라면 F타입은 나를 위한차!,2
94,이제 2035년 쯤 이후엔 전기차만 통행 허용하게되면 저런 배기음은 못듣게 되겠네요...,1
95,"재규어, 마세라티는 전기차 시대에서도 감성을 팔 수 있을까??",1
96,6기통의 배기음이 어떻게 저런거지 ㄷㄷ 엉덩이 라인이 정말 이쁘네요,10
97,재규어 f 타입은 ㄹㅇ 수트입고 내려야 딱 어울리는 차라 막 입고 타기도 뭐하겠다 ㅋㅋ,7
98,최애차중 하나인데 드디어..! 아물론 디자인만..,4
99,멋있긴 하지만 중고차 감가와 보험료가 살인적일  것 같습니다. 원래 이런 것 생각하지 않는 부자들만 타는 차량이지만...,1
100,재규어라는 브랜드만 빼면 완벽...어쩌다 재규어 브랜드 이미지가 이래됐는지...자업자득이겠지만😭,1
101,0:04 ㄹㅇ 대한민국 공도에서 젤빠른차,1
102,마틴이랑 동향의 향기가 많이 나는군요 ㅎㅎ이쁘긴하다 ㅎㅎ,3
103,F타입의 최대 단점은 재규어랜드로버에서 만들었다는거...,1
104,예전부터 디자인에 꽂힌차,1
105,2:36  굉장한 느낌을 자아냅니다?  굉장히 높이 섰잖아요?,3
106,K3풀첸지 디자인이 4도어로 저런식이면 아반떼 그냥 잡을듯,1
107,가격이 영... 뭐 돈 신경 안쓰는 사람들이 타는 차긴하지만요 ㅎㅎ,1
108,쏘렌토하이브리드 1년 롱텀 시승기 해주세요~,1
109,제로백이 미칠줄 알았는데 내차보다 .1 느리다니까 놀랬네,1
110,17:05 시퀀셜 진짜 죽이네ㅋㅋ̆̎ㅋ̄̈ㅋ꙼̈ㅋ̆̎ㅋ̐̈ㅋ̊̈ㅋ̄̈ㅋ꙼̈ㅋ̆̎,17
111,저 가격에 저 크기에 저 디자인에 저 제로백이라니.... ㅜㅜ물론 저는 못사지만.. 제로백이 좀 아쉽네요.배기 소리는 진짜 맘에 듭니다!,1
112,모닝엔진 달아도 되니까 이렇게 생긴거 만들어주세요,3
113,"장점: 영국차의 고급스러움, 감성, 사운드단점: 영국차",1
114,제 취향 배기음이네요....,5
115,그 독보적인엉덩이를 가지고있는 포르쉐는 깔수가없는거같아요,1
116,그니까 체감속도만 300이구나,1
117,배기는 스피커를 통해 나오는건가여?? 아님 진짜 찐인가요??ㅎ,1
118,디자인 소리 정말 좋네요. 전 포르쉐 사겠습니다.,2
119,봄에는 모카와 함께!,2
120,재규어 F-type 최대 단점.. 비교대상이 포르쉐이다..,13
121,감성만 보면 매력적이겠으나...랜드로버 계열사의 고질적인 수파차저 엔진결함 때문에이 녀석도 절반은 센터에 주차돼 있을 듯,1
122,뽐뿌미치겠다 ㅠㅠ,1
123,4:12 앞유리 보호하기 위한 에어백 아닌가?,1
124,진짜 기가막힌다 기가막혀..ㅠㅠ어후,1
125,영국 감성~~,4
126,영국차가 가루가 되도록 까이지만 f-type을 막상 타보면 차는 스펙이나 성능으로 타는 게 아니고 감성으로 타는 거구나라고 알게될 것임.,5
127,성로님같은 차군요. 잘 봤습니다,1
128,F타입 R을  그 가격으로 사는 사람은 없겠죠?그 가격이면 911 충분히 살 수 있죠.,1
129,이정도로 해피한 리뷰가있었나 ㅋㅋㅋ,4
130,재규어 고장 빈도수가 개인적으로 느므 많아서ㅜㅜ,3
131,재규어랜드로버가 as 때문에 악명이 좀 있는데 저렇게 잘 만들었으면 고장은 잘 안나겠죠?,1
132,디자인...소리 미쳤다...미국머슬카랑은 다른 소리...와 진짜...믿거재랜이라는 말 존나 무색하게...,9
133,랜드로버나 재규어사면 호구인증이라고 하니까 실용성이라고는 생각해본 적도 없고 자기가 호구로 돈을 뿌리고 다녀도 아무 이상 없는 재력이다라는걸 과시하기 위해서 사는거라고. 그래서 성능이니 내구성이니 다 필요없고 고급져보이고 흔하지만 않으면 된다고...,2
134,양산차도 못만드는 데 현대에 너무 많은 걸 바라는 듯....,1
135,"아무리 멋있고 칭찬해도 변함 없는거 수리비 독일3사 2배,정비소 대기 2달,사는 즉시 감가 50%하락 배기음 녹음해서 당신차에 크게 틀면 됩니다. ㅋㅋㅋ",1
136,실제로 보면 더이쁨앞은 구형 버전이 이쁨,2
137,"항상 방송에서 국산차 까는 내용 보기 좋치는 않습니다. 같은 메리디안 이라도 1억5천만원 차에 들어가는 오디오 하고 5,6천만원에 들어가는 기기는 당연히 성능이 차이가 있겠죠.",1
138,디자인이 뭔가 테슬라 상위버젼같아요,1
139,나중에 렉서스 NX300H 와 같이 소유하고 싶다.,1
140,장진택 기자가 시승한거랑 같은차네요ㅋㅋㅋ,3
141,1억5천이면 박스터4.0이나 amg를...크흠..,1
142,Gt컨셉이긴 하나 좀만 경량화하면 진짜 좋을텐데.. 스포츠카치곤 너무 무겁다....380마력 만큼의 가속력도 안나오고.. 큼..,1
143,"모양만 이뿌지 써비스나 제품내구성, 조립한것 보면 영국차는 거르는게 답",1
144,90년대 스포츠카 디자인 같은데..,1
145,이차 피디님 주고싶다 ㅋㅋ,4
146,9:08 진짜 짐승이 포효하는 것 같다... 이게 자동차지..ㅋ̆̎ㅋ̄̈ㅋ꙼̈ㅋ̆̎ㅋ̐̈ㅋ̊̈ㅋ̄̈ㅋ꙼̈ㅋ̆̎ 진짜 이게 차짘ㅋㅋㅋㅋ,27
147,배기는 역시...,2
148,초창기에 비해 가격정책을 잘못잡고 있는듯...1억 넘으면 살만한 경쟁차종이 한손으로 셀 수 없다는게 단점. 1.5억을 살꺼면 좀 더 높은 차도 살수 있을텐데 그가격이면 또 다른 세상이 눈에 보이는게 문제.. 디자인은 솔직히 1세대부터 원탑이라고 생각하지만 그걸로 모든게 덮어지진 않을듯.,1
149,디자인은 좋지만 재규어?? 브랜드가 마이너스네 ㅋㅋㅋㅋ,2
150,제가 일년째 눈여겨 보던차인데 이거 컨버터블은 어떨까요...승차감은 어때요,3
151,현대차한테 뭘바라나요. 테슬라도 이런차좀 만들어줬으면...,1
152,와우......재규어 ㅋㅋㅋㅋ,8
153,한때 나의 드림카~,3
154,911 다음의.드림카네요 ㅎㅎㅎ멋지죠 에프타입..,1
155,드리프트로 유턴하면 난폭운전 처벌 됩니다.. 제가 비오는날 경고 먹어봐서 알아요,1
156,클락션 소리가 궁금하다 ㅋㅋㅋ,4
157,감가가 두려워 못타는 영국차,1
158,가성비 따지는 인터넷 거지들은 절대 살수 없는 차,7
159,13:45 중국에다 거의 2/3값에 팔고... 한국에서 눈탱이치는 인도자동차 타타,5
160,요란한 사운드 ㅋㅋ,1
161,"컨버터블 양산도 단 한 대도 못한 전세계에서 얼마 안 되는 브랜드인,  저질 차체강성  현대가 어찌 저런 차를 만드나요 ㅋㅋ",1
162,양산차 디자인중 렉서스 lc급으로 완성형이다,11
163,이게 귀르가즘인가,5
164,F타입..좋아하긴 하지만신차로 사기엔 아까운 차..돈 많으면 세컨카 정도..,1
165,이 녀석이라고 안불러서 너무 편하다...,35
166,"타보고싶은데, 타면 안될거같아요 ㅋㅋㅋㅋ",1
167,대입하고 부모님이 재규어 사주셔서 탔는데 주변에서 잔고장이니 뭐니 오지랖에 기분 나쁘게만 하길래 개무시했는데 5년째부터 3~60일 주기로 센터 들어갔네요 ㅋㅋㅋㅋ 진짜 돈 남아돌아서 써드 차로 탈 거 아니면 무적권 비추합니다..,1
168,사운드 실화인가 ..,1
169,저 가격에..포르쉐...as센터..감가..랜드로보 형제차...주저 포기,1
170,너무 씐나셧음 ㅋㅋ 기염,4
171,원쥬래곤이 먼가 햇내 ㅋㅋㅋㅋ 원쥬래곤삼촌 부럽다 에푸타입도 타보고~ ㅎㅎㅎ,2
172,배기음을 너무 인위적으로 입히시네요 영상에,5
173,1억5천은 아니지 넘 비싸다 1억 인정,1
174,구형사고싶다,1
175,전 디자인보다 나은듯ㅋㅋㅋ,2
176,배기음 하난 끝내준다,2
177,ㅋㅋ멋있다,1
178,근데 이 가격이면 박스터나 카이맨 가지요..,5
179,평상시운행구간30km~50km..F타입은 어디서타나요?,1
180,김한용기자 가지고 싶다,1
181,오 멋있습니다,2
182,멋있지만 돈주고 사기는 싫은 차,1
183,포르쉐 vs f타입  ?재규어는 감성 슈트..포르쉐는 스포츠 . 고급츄리링?,5
184,라인은 쿠펜데 좀 더 얹어서 컨버가날라나,1
185,요세도 고장이 잦은지 궁금하네요.,1
186,기자님 레인저 몰 때랑 너무 다른데요?,3
187,2021년차 실내 수준...,1
188,피디님의 드림카!,5
189,가격이야......최소 2천 이상 나중에 해주지 싶은데요....,2
190,9:43 PD님의 마음,4
191,포르쉐는 딱하나 배기음이.....,1
192,저렇게 만들어서 1억5천에 팔면 욕할거면서...,1
193,공도에서는 소음아닌가요,1
194,"아참   쏘렌토 누유는없나요?  이번  쏘렌토누유 동호회에서는이슈인데요  모카에서는 그런이슈내용에대해서 언급이없네요   김한용님도타는  쏘렌토인데. , ...",2
195,제네x기대해 봐요~,1
196,귀여우셔 ㅋㅋㅋㅋ,4
197,너무 차가 무겁다....,1
198,A/s가 문제  ㅠㅠ,9
199,독일차 제외하고 유럽차는 내돈내고 사는거 아님. 특히 영국차,1
200,뒤 잘보면 컨티네탈GT랑 조금닮은듯,2
201,다 예쁘고 좋은데 재규어라....,8
202,기어봉이 차랑안어울리게 쫌 구린듯,1
203,현대차: 돈 안돼ㅋ 포터봉고 많이 파는게 이득ㅋ,1
204,5천 할인해줘도  사실건가요?,1
205,멋있어!멋은 있는데 멋만 있어!아 수리도 있어?,3
206,"멋있지만. 흠,,,,수리하러 다니기 바쁘겠지?이미지가 그래",1
207,아빠트주변가면 시끄러워 민원들가는건 아니죠? ㅎㅎ,1
208,16:49 선넘으시네...,1
209,중고는  감가가커서 살만하다는..,1
210,진짜 배기음 차 닉값하네 ㅋㅋㅋ 맹수소리네 ㅋㅋㅋ,27
211,문제는 재규어...,1
212,타보고는 싶지만 내돈주고 사긴 싫은차,5
213,이안 칼럼은 디자인 일선에서 물러나 페이스리프트 모델에는 참여하지 않았습니다,1
214,분명 멋지긴한데...흠...좀...그래...,1
215,뭔가 아우디같아..,1
216,내가 저거 신차로 사서  3만키로타고 6000에 팔았다 다신 재규어 쳐다도 안본다,1
217,9:43 노예PD님 속마음,9
218,재규어는 사는거 아니라던데 맞나요?,1
219,에스턴마틴인줄 ~~~,3
220,마세라티랑 비슷하다.,2
221,"이럴때는 한용이형 와이프이고 싶지만 ,,, 남자로 태어났네 ㅜㅜ 형 다음생에는 드라이브 시켜줘요 ㅜㅜ",1
222,9:35 에휴.. 조아죽으심 ㅋㅋㅋㅋㅋ,3
223,아반떼가 올았군,1
224,재규어 어디서 많이 들어본 이름...그..읍읍,1
225,앞에가 뭔가 아우디따라했는데..,1
226,미쳣다 이번에 개잘빠졋내 손가락만 빨아본다......,2
227,어우..시끄러워 걸어다녀야지..ㅜㅠㅜㅜㅜㅡㅜㅜㅜㅠㅠ,2
228,개이쁘네,2
229,한달안에 수리비1억5천 나올듯,1
230,3월판매량올려줘,1
231,ㅗㅜㅑ..불빠따여..,1
232,현재 나의 드림카,2
233,재규어 공식 : 보태가 ㅋㅋㅋㅋ,1
234,16:48  선넘네 형....ㅠ,2
235,^^,2
236,앞모습은 진짜 너무하네ㅠㅠ,2
237,좋은건 계속나오는데....그러면 뭐하나... 돈이 안모이는데..... 죽을때까지 문고리도 못잡아보겠지....,1
238,응 어짜피 중고가 ㅋㅋㅋ 똥값이야👊,1
239,현대는 저런차 못 만들껄요? 아시잖아요,1
240,이런걸 해야 잼있지 맨날 사무실에서하니 재미가없음,3
241,재규어 ㅋㅋㅋㅋ,2
242,손잡이랑 에어벤트 오작동 일으킬거 생각하면 끔찍하다 ㅋ,5
243,감가상각 멈춰!!!,1
244,1억5천이라..,1
245,아빠가 재규어는 사는거 아니랬어요,1
246,어휴 재규어 진짜..ㅋㅋ 암걸리고 싶으면 사세요,1
247,포르쉐 박스터승,1
248,안만드는게 아니라 못만드는....;;ㅋㅋㅋㅋ,1
249,"재규어에서 유일하게 차답게 만든, 하지만 혼자 즐기기 위한 차..... 남의 귀, 지구대기질, 연료떨어지는 것 보면서 지갑의 두껍기나 카드 밸런스 신경 안쓰고. 모든 것 다 잊어버리고. 이 차타면서 미세먼지 불평하는 것은 모순. 재규어 마켓팅 부서에서 이쁜 쓰레기 재규랜드 이미지 쇄신하려고 애쓰나보네. 그게 어디 하루 아침에 이런 영상으로 바뀌나.",3
250,그차 As는 어때요?,1
251,안팍으로 너무 옛날차 같은데?,1
252,수리하기 힘들겠네,1
253,"F타입은 1억이 적당저가격이면 박스터 gts지 ㅋㅋ물론 재규어가 할인, 감가가 엄청나긴 하지만",2
254,헐 모델3 롱레인지 리프레쉬 4.4초보다느리다니... ㅋ,1
255,현대차가 저거랑 똑같이 만들어도 현대차라 안 삼 ㅋ,1
256,재규어사지마삼 정비소잇는 시간이 1년에 6개월은 넘엇던 것 같음 폴쉐가 훨씬 나음,1
257,요즘은  국산차도 디자인이 잘나와서 감흥이 없네.,1
258,알고리즘이 나를 이곳으로 이끌었다.손석희+이경규 아저씨가 뭘 쫌 아눼...?나두 차 엉덩이 좋다구....,1
259,재돌이 앉아 기다려,58
260,17:30  포르쉐 :  나 불렀어??,2
261,키큰사람은 못탈듯,1
262,"현대에선 못만듭니다.왜냐, 수익성이 없기땀시.",1
263,앞모습은 아이써티네,1
264,현대차 사지도 않는 것들이 주문은 겁나 많아요. ㅉㅉ,1
265,멋은 있는데.. 흠... 뭔쥐 알쥐?,5
266,어우 시끄러 ~ 재미도 잠깐이지 계속 들어봄 피로 쌓이고 다크써클 무릎ㄲㅏ지 내려옴,1
267,운전대 손잡이 너무 느끼시...면서 느끼하게 말씀 헛,2
268,ㅎ ㅏ.... 갖..고..싶..다.................너무섹쉬하다~~,3
269,중고가격9천,1
270,아 인도카레 먹고싶다분명 머슨 있는데 실내는.사골.우려내나요?,1
271,제네시스x 보고나니까...이마저도 오징어다...,1
272,1.5억면 포르쉐를사지..하차감이 다른데ㅎ,2
273,난 구형이 더 이쁜뎅?,1
274,볼때마다 느끼지만 이재명 .......,1
275,실내가 너무 그러네...,1
276,이제 디젤처럼 소리큰 내연기관들보면 시대 떨어진 느낌이 듬 필름카메라 느낌,1
277,별로 사고싶지는 않음,1
278,트렁크열고달리네,1
279,나는. 왜 코나가 셍각나지,3
280,이 차 살빠엔기아 스팅어 사겠다,2
281,섹쉬한 흑마 같아요 ᕕ( ᐛ )ᕗ,2
282,저러면 뭐해 ㅋㅋㅋㅋ 2년 뒤면 7000만원 증발인데,2
283,드림카..,2
284,한차 가지고 리뷰하는건가요?다른 유투버들하고 차 사로나오면 똑같이 며칠새에 영상들이 올라오네요,1
285,배기음 중간중간에 f 타입 r 배기음 끼워맞춰놓고 사기치네 ㅋㅋㅋㅋㅋㅋㅋㅋ,1
286,블러핑 사운드,1
287,재규어처럼 으르렁거리네;,2
288,그돈씨 포르쉐,1
289,데이트 멈춰!,1
290,저돈에 저거 살바에는 m8컴페티션 살듯,1
291,GTA5 오셀럿 XA21소리나는거같은 기분은 나만그런가?;;,1
292,차가 좋으면 뭐해 이미지가 ㅈ망인데,2
293,예쁜 쓰....읍읍,2
294,엔진 내구성 쓰레기임...현 재규어xf오너 입니다.,1
295,전기차 시대에 이런건 이제 '요란한 성능',1
296,아우 시발이요? 시원하게 하세요,1
297,박선영 작가님 나오시나요,1
298,"7:34 한용 기자님, 손 모션이 너무 야해요 ㅋㅋ",1
299,으음 그렇쿤 박스터 가즈아,5
300,앞 헤드램프 나만 아반떼 ad 보이나? ㅋㅋㅋㅋㅋ 음 이상 차알못이었습니다,19
301,20초전 ㅋㅋㅋㅋ,2
302,엠블럼 아...,1
303,별로.  미국에선 Jaguar 안팔려.  고장나서 dealer에서 보내는 시간이 반이상.  C8 Corvette가 최고예요,1
304,오셀럿 xa21,1
305,잔고장 1등,1
306,엇! 기어노브가 다시 생겼네요. 이러면 못참지,1
307,제 친국가 재규어 XF 타는데 잔고장 어마 ~~어마 하고 ...그만큼 돈 도 어마 어마 하게 들고 .....AS센터 는 얼마나 또 불친절하고 수리 를 세월아 ~ 네월아 ~  이상해서 보니 ??  그 유명한 랜드로버 와 같은 계열 이네 ㅎㅎㅎ다시 는 처다도 보지 않는 쟤규어 ...,3
308,폭망  a/s  어쩔,1
309,코나 이식,1
310,으르렁,1
311,이쁜 쓰레기..,2
312,중국산 쓰레기 먼지,1
313,김한용=윤서인,2
314,4빠,1
315,몬생김,1
316,리뷰인가 광고인가?,1
317,재규어 철수 하지 않나요?,1
318,ㅅㅊㅅ,1
319,Asmr asmuri,1
320,F,1
321,"1억 5천이 아니고 3억 아닌가요? 한대는 타고 다니고, 다른 한대는 서비스센터 들어가 있고 ㅎ",2
322,"차긴 하지만 ""엉덩이 성애자""라는 표현때문에 잘못하면 시비털리실꺼 같은데....""엉덩이""가 사람신체부위의 표현이고,  성애자: ""성적 애욕을 느낌"".....",1
323,?? 포르쉐를사지 이걸 왜사.. 댓글반응들 신기하네,1
324,배기음 진심 극혐이다 지나 좋지 남들 다 피해주는,1
325,실내는 와저러노..,1
326,"요즘, ~ 성애자라는 말이 유행인데 방송에서는 안쓰시는 게 좋겠습니다. 애호가 정도로 바꾸야 할 듯해요. ~ 성애자라는 말은 그야말로 그 대상에 대한 성적인 충동을 느낀다는 말입니다.",3
327,배기음은 민폐입니다.,2
328,"모카는 그냥 돈받고, 광고해주는 사이트 같습니다. 오, 이 방송 보고 얘기하는 거 아니에요. 주~욱 보고 하는 애기입니다. 뭐 그렇게 하세요.",2
329,도대체 뭐가 예뻐? 휠 거의 k3기본 휠같고 디자인이 성능을 다 조지네,1
330,디자인감성이 예전만 못하고 차값이 넘 비싸긴 합니다만 P380 엔진 정말 좋은데.. 메르디앙 사운드는 xe 3.0s에서 경험한 바로는 최고중 최고였는데 f타입은 스피커 갯수가 작아서 아쉬움이 생기는가 보군요.,3
331,진짜 좋아하는 차인데 항상 보면 가격때매 모든게 애매한 차량인듯....,22
332,디자인은 진짜 탑인데 가격도 대책없이 탑인 차,1
333,디자인은 진짜 이쁘네요,2
334,외관디자인은 역대급 완성형이네요,7
335,외관 디자인은 진짜 이쁘다,7
336,디자인은 끝판왕이 되었는데 이젠 풀체인지 해야할 차례네 ㅠㅠ,1
337,30년간 소유했던 차들 중에 가장 만족한 차가 F-type 컨버터블입니다.  F-type을 소유하는 동안 세단은 4번 바꿨습니다.  F-type은 아마 운전이 원활하지 않은 나이가 될때도 소유할 것 같습니다.,23
338,디자인때문에라도 드림카가 되는 재규어..  돈많이벌면 꼭 재규어 XJ타야지 하고 꿈꿨던 적이 있었네요.,13
339,"성능은 박스터급, 가격은 911급, 중고차 가격은 그랜저급..",57
340,배기음 미쳤네요...재규어의 울음소리 같은...ㄷㄷ,20
341,항상 좋은 영상 감사합니다 ^^,3
342,재규어의 진정한 단점은 감가입니다... 감가가 높은 이유는 다들아시겠지만요... 카이맨 4.0은 넘사벽이고 2.0과 비교해도 아쉬운 성능이네요...,1
343,ㅋㅋㅋ 제목이 반대로 잘못 적힌줄 알았네욬ㅋ근데 차가 진짜 이쁘게 생기긴했다 영국 갬성 ㅠㅠ,47
344,역시 오토뷰!!👍👍,2
345,‘빠른 것’과 ‘즐거운 것’은 서로 다른 것인데 보통 이걸 엮어서 생각하는게 아쉬우면서도 이해가 갑니다.그런 의미에서 F-타입은 911만큼 훌륭한 스포츠카라 할 수 있을 것 같습니다. 둘이 보여주는 가치가 다를 뿐이지... 더군다나 XK 섀시를 바탕으로 설계된 차량이라 생각해 본다면 주어진 조건 내에서 준수한 설계를 해 냈다고 봐도 과언이 아니리라...,12
346,멋지고 흔치않다.스포츠카의 덕목 중 하나 아닐까요.,35
347,처음 공개된 모습을 보자마자와...진짜 이쁘다 라고 혼잣말을 한 기억이 나네요그 돈이면.. 이라는 말이 먼저 나오는 분들에게는 많이 아쉬운 차량이 아닐까 싶습니다영상 감사히 보겠습니다,15
348,이번 고퀄 영상도 감사한 마음으로 잘 보겠습니다!,1
349,2년전에 5.0sc 할인을 엄청나게 해줘서 혹했었습니다.380도 할인 해줬긴한데 그렇게 많진않았고요차가 흔하지 않다? 그게 딱 끝이였던 것 같네요.결국 옵션질 해가며 카이맨s로 왔습니다.배기음...ㅜ아파트 주차장에 5.0이 한대있던데 멋있긴 멋있네요 ㅎㅎ,4
350,이야 차 한대로 다른 회사의 차 2대를 상대하는? 능력이 ㄷㄷ,19
351,제로백은 참고사항이 맞긴 한데 달리는데 최적화 된 모델에서 저 수치는 참고하실만하네요2인승 차량은 보는 입장에서도 뭔가 실내 뷰가 극단적으로 보입니다 ㅎ,2
352,광고끝까지 봅시다 디자인하나는 진짜 이쁘네요 ㅠㅠ,2
353,자고로 재규어 F-TYPE은 영국감성이 더 짙은것 같으면서도 가격이 애바스럽기도 하네요.,2
354,얼굴 고친 지금 모델도 이쁘긴한데 이안칼럼 초기작이 워낙 넘사벽이었던지라 아쉽긴 하네요,9
355,가변댐퍼를 통해 컴포트모드 승차감을 더 럭셔리하게 셋팅했어야 하지 않을까 싶네요. 아니면 동력성능을 더  높게 셋팅하거나 둘 중에 하나는 챙겼어야 했는데 애매해서 너무 아쉽네요.,1
356,아직 다 안봤지만 오늘도 잘 보고 갑니다.,4
357,오토뷰짱^^,1
358,페리 전 모델 앞모습이 훨씬 이쁜듯.. 개성있구 멀리서 봐도 f타입같아서,13
359,재규어가 항상 퍼스트에디션 가격이 높아요... e페이스도 최고트림 퍼스트가 6900만원이었는데 이후 최고트림은 6400만원이었죠.. f 페이스도 그렇고 f타입도 그렇고 퍼스트에디션에 왜 그렇게 가격을 높게 붙이는지... 포르쉐 911 정도는 돼야 한정판 프리미엄이 붙을만하지..,1
360,사자마자 감가. 대박일듯,1
361,오! 재규어 랜드로버가 제목을 상당히 F같다고 하겠어요 ㅋ,1
362,시스템의 매운맛을 빼면서 성능의 매운맛도 빼버렸군요,1
363,오늘은 잠시후 함께~~ 오래 쉬셨네요 ㅎㅎㅎㅎㅎ 항상 건강이 함께하시길 기도할께요 지금 멤버분들도 항상 건강하셔요~~~~,1
364,굳이 풀체인지 안 하는 사정도 이해가 가긴 하네요.. 내연차에서 전기차로 서서히 넘어가는 이 시대에..,1
365,"재규어를 25여년간 한국에서 접하고 있지만...... 재규어는 할인 많이 받아 새 차 사서 그냥 평생타는 차죠..... 사서 안팔고 그냥 타면 됩니다. ㅋㅋㅋ그래도, P380의 슙차져 엔진과 서스펜션의 승차감과 핸들링은 재규어만의 매력이죠.... 그래서 못 버리고 계속 타는.............. ㅋㅋ  다임러도 XF도.....10년정도 타면 중고가격이나 감가 따위는 신경 안쓰게 되죠....",5
366,재규어는 항상 가격이 아쉽네요..  1억 미만으로 해야 경쟁력 있을듯...  그마저도 힘들겠지만,7
367,6기통 따위가 소리가 좋으네...,2
368,배기음에 비해 정말 무지하게 안나가는차 넘버1 😂😆 ㅋㅋ,1
369,성능에 놀라고 감가에 쓰러진다는 그 자구와,1
370,중요한건 애초에 박스터한테도 상대가 안된다는거...,2
371,사운드 옵션에서 메르디안 말고 서라운드 설정바꾸면 오디오사운드   풍부한데 ㅠㅠ,3
372,"2021년 가격,성능 좋은  차가 넘치는데 1억5천에  과연 살까!   그래서 길에서 거의 안보이지",3
373,단점: 현실과 타협하지 않은 가격ㅎㅎ,1
374,V6 3천 CC 인대 380마력.!?!?!?!?!?차모르는 사람들이 보면 엄청 좋은차 인줄 알것다. 중고 M4나 기타등등 선택권이 너무 많음,1
375,쌉간지ㄷㄷ,3
376,어차피 박지에스가 911 4s까진 씹어먹지 않나요ㅎㅎ,1
377,5천정도 빠지면 고려해 볼 수도...,11
378,2년후 중고로 가격  반갈죽해서 나오면 매리트 있을듯 물론 살돈은 없습니다,3
379,저 가격대 스포츠카는 답이 딱 정해져 있는 거 아닌가.,1
380,바로 예전 버젼 타는 사람이 미션구리고 차 겁나 안나간다고 절대 사지말라고 하던데...,1
381,911은 가방둘 뒷자리가 있는데f type은 뒷자리가 없음. 즉 박스터..카이맨과 비교해야 된다는 거.그런데 박스터는 미드쉽. f type은 프론트 엔진..브랜드 차이 ㅠㅠ암튼 f type은 박스터만큼 모든게 좋아야 하면서 가격이 엄청나게 싸도 겨우 팔릴까 말까..시장은 냉정함,4
382,6기통 3천씨씬데 1.5억이면 맞짱 뜨자는거네요,3
383,재규어랜드로버의 브랜드 가치 또한..,6
384,요즘 동네에 아벤타도르 보다도 희소성 있는게 재규어 라는거...롤스로이스 수준...,1
385,마세라티와 더불어 차값에 1/3 정도는 배기음 값...   ㅋㅋ  예전에 광고에서 배기음에 엄청 심혈을 기울였다고 했던게 기억나네요...,4
386,1억 5천이 있는데 같은 가격 911이나 1억대 카이맨 안사고 이거 사면 최소 재규어 회장 가족 정도 될듯,1
387,"F재규어 멋진차 스타일짱죠.😀번호판,봉인 녹방지 봉인구어셈블리 라고있네요.",1
388,솔직하게 구독자 20만넘는 채널중에 가장 객관적입니다모x  노x 등등 협참 잘해주면 칭찬일색얘네는 재미로 보지 정보는 안됨,14
389,제목에 딱 압축되어 있네요.이 차가 안 팔리는 이유.,15
390,재규어 진짜 잔고장 심하고 끊임없이 발생하나요?,3
391,할인 많이 해줍니다.그리고 내구성은 상당히 좋아요.포르쉐 보다 디자인 배기음 좋고요.갬성 희귀성있고요.이정도로 타는거죠.,6
392,중고로 산다면 의외로 가심비 괜찮을지도..? 가성비는 너무 안 어울리는 단어고..,38
393,솔직히 디자인은 원탑임,7
394,배기소리 미쳣당..,1
395,솔직히 내가 2억짜리 차를 산다면 F타입 사느니 911 사겠지만... 다 집어치우더라도 저 디자인 하나는 진짜 깔수가 없다... 진짜 재규어가 디자인만큼은 전 세계 모든 자동차 브랜드 중에서도 최고인듯...,12
396,"재규어 랜드로버는""원래 그렇게 타는겁니다""",3
397,이제야 페리가 나오다니..,2
398,손잡이 보고 이번재규어는 고장나면 끌고가지도 못하겠구나 싶었다....,3
399,재규어 랜드로버 미니 벤틀리 롤스로이스 애스턴마틴 맥라렌... 알고보면 영국브랜드가 독일 프랑스보다 많아보임...,2
400,"아,, 외국에서 보고 한국에선 7,8천이거나 1열 스포츠카라 9천 정도면,, 비싸도  탈 만하겠다 했는데1억이 넘어가네,,, 대체₩;9와이?",1
401,피디님 콜벳 정식 출시한다는 얘기가 있는데 리뷰좀 해주세용,2
402,z4 m4oi가 왜 더 좋아보이지ㅠㅠ,1
403,켁 가격이 ㅡㅡ;;; 경쟁모델보다 더싸도 팔릴까말까 일텐데.....,7
404,예전에 미국차 크라이슬러 크로스 파이어 닮았네요,3
405,1억1천에 런칭하고 2천은 할인해서 팔아야 팔릴듯,10
406,재규어 & 랜드로버 평택항 출고장에 일하러 갔다가 많이 봤는데 재고가 너무 많고 관리도 잘 안되던데…,1
407,카이맨에 옵션 겁나 넣고 타도... 더 저렴하겠지,1
408,영국차는 사는거 아니라고 배웠습니다~ ㅋㅋㅋ,2
409,뭔 디스플레이 크기가 10년 전 pmp 사이즈네..,10
410,"영국차 좋은 시절은 70,80년대이지..시대는 지났지만, 가격은 그대로임..한마디로.. 돈이 넘처나는 부자만 사시오.",1
411,외모랑 배기음빼면 슬픈 차...,4
412,as도 엉망이더만 박스터급인데 911가격 받아먹는것도 괘씸하네,1
413,어둠의 C8이네요. 욕 아닙니다.,1
414,왜 이제는 가속영상 없이 도표만 보여주시나요?? 너무심심한데..,1
415,쏘렌토2.5터보 시승기 부탁드려요,2
416,8천이 적당하지않은가..  자존심만 높은건가,7
417,가속때 화면좀보여주세요,1
418,소리가 엄청나네요,2
419,8: 14.....................영국차들...뭔가 나사하나 빠진것 같은 느낌을 줄텐데...ㅎㅎㅎ.....................공감 10000%......그리고 요즘도 그리 변하지 않았읍니다 . 전자장비가 많아서 아닌것 처럼 보일뿐....뜯어보면 여전히 .....그래서 영국차가 그 맛이 나긴 하지요....빡빡한 매정스런 독일차와는 좀 다른...ㅎㅎ....그러나 영국차를 소유하고 타려면....많은 시간뿐 아니라 도를 닦는 수준의 정신적 너그러움도 아울러 필요하지요...멋진 리뷰 잘 봤읍니다.,3
420,최근 본 차 중 페라리 로마 다음으로 디자인 좋네요. 이런 게 디자인이죠. 지저분하고 조잡한 현기차 디자인들이 극혐인 요즘 정말 산뜻하네요.,5
421,어차피 지금도 이미 프로모션 중일거고(추측이지만) 조금 있으면.....,1
422,저 차의 경쟁상대  박스터  bmw z4 수프라 아우디tt 그만 알아보자..,2
423,기태형님은  뚜껑열리는거 싫어하심.메모~ ㅋ,4
424,개인적으로 FL된 프론트엔드의 디자인이  숭어 대가리 같다는 생각이 드네요.,2
425,1억5천은 웃길라고 정해놓은 가격인듯,123
426,깐지는 쩌는데... 하아...,4
427,"느껴어어 보시겠습니다....,.ㅋㅋ",2
428,제목이 다하면 우리는 무슨 드립을 해야하지...?,6
429,진짜 이쁘긴 이쁘다 근데 딱 그게 끝,1
430,외제차 살 능력도 안되는데 김기태pd의 시승기를 보고 있네요하여간에 재밉게 보고 있네요~~,2
431,콜벳 c8 리뷰해주세요 ㅜ,2
432,근처에 갈 일도 없는데 도대체 이걸 왜 보고 있는건가,3
433,어차피 반년만 지나면 2500~3000 할인임,9
434,재규어 고장 관련 조롱밈 진짜 많던데 '센터 자주 가서 다른오너랑 친하다'는 둥  '두대 사서  입고 시키고 나머지 하나 타라'뭐 이런거요..이거 진짜 일라나요?? 고장이 그리 심할까요?,3
435,재규어 랜드로버는 여전히 거르고 봐야. 예쁜거 감상하는 걸로는 딱이지. 소유하고 정비하는 순간 지옥의 맛으로 유명하지.,14
436,제목보고 들어와서 댓글만 보고 영상은 다음에요.,7
437,감가 왕,1
438,가격도 정신없는데 거기다 A/S 는 나몰라라,38
439,반대인줄알았는데..,1
440,이쁘다 ~,1
441,제로백5.1초... 스팅어한테 발리겠네..1억이 넘는데 ㅎ,1
442,제목 너무 스포일러 아닌가요?ㅋㅋㅋㅋ,1
443,이거살빠에 S450쿠페 사겠다 진심,6
444,제발 병신이 없길 바라는 오토뷰 ㄷㄷㄷ,1
445,제목이 다했다 ㅋㅋㅋㅋ,77
446,트렁크열린줄 알았는데 스포일러여?,1
447,ㅋㅋㅋ 제목 잘못 하신줄..,7
448,제목이 ㄷㄷㄷ,3
449,가격  진심?,2
450,이쁘다,1
451,3:52 파리 등장,1
452,??? 이가격으로 살봐에~~,2
453,남들 신경끄고 타고싶은거 타보는걸~ 추천우선 돈부터 발어야겠죠?,4
454,할인을 5천해주나?,2
455,이것도 이제 사골…,1
456,그냥 디자인 맘에들면 1억5천 껌값인 사람이 사는거지 뭔 가성비를 운운하냐,2
457,1억 프로모션해서 5천만원에 파는차인가??,2
458,ㅋㅋㅋ 제목 잘못적은 줄,3
459,이거사기 vs 기블리 사기 뭐가 나음?,1
460,이거살빠에 포르쉐992사지,10
461,GTA에서도 맨날 이거만 뺏어탓는데,1
462,이것이 1억 넘어요?푸하하  재규어가 울겠다^^카마로ss로 가시죠~~전 에센시아 살께용^^,2
463,여기 보니 너무 자동차에 관심 없는 사람들만 많은거 같아서 댓글 써봅니다어차피 재규어 F타입 P380은 F타입의 최상위 모델이 아니지요 가격 저렇게 해놓고 현실은 몇천만원 할인이구요 재규어랜드로버 코리아의 촌스러운 가격 정책2015년에 벤츠 AMG GT S 오토뷰 텍스트 시승기에 써있는글을 올려봅니다하지만 체감 가속성능이 월등한 것은 아니다. 쏟아지는 토크감으로 차체를 밀어내는 아우디 RS7이나 재규어 F-타입 R 쪽의 가속감이 조금 더 앞서는 느낌이다. 가속감만으로 본다면 출력이 낮은 쉐보레 콜벳(C6)이 더 좋았던 것 같다. 물론 GT S의 안정감이 그만큼 뛰어나다고 볼 수도 있다. 재규어 F 타입은 575마력 짜리가 진짜죠 ㅎㅎㅎ,10
464,글러먹은 재규어,1
465,가성비 똥망,1
466,가격대비 앞모습이 너무 점잖은데.. 앞모습만 보면 노란색으로 도장해서 운전면허연습장에서나 쓸 것 같음.,1
467,그돈씨 애스턴마틴아 1호선 와이파이 왜케끊김 ㅡㅡ,7
468,응 m3사고 남은 2천만원어치뜨끈뜨끈한 국밥먹을랭~,5
469,G70 3.3과 성능이 비슷한듯,3
470,자 자 자 자 자 자 자 자 자 자 자 자 자 자 자 자 잘뻔했어요,1
471,재규어 호구-타입,1
472,앗 제목 ㅜㅜ,1
473,재규어 랜드로버는 영국 귀족 문화를 이해하지 못하면 이해못함. 너무 영국적 엘리자베스 스타일이 묻어나서 오히려 나는 광장히 좋음. 벤츠 bmw는 기술성이지만 재규어 랜드로버는 '보통성'임. 그걸 이해하는 리뷰어가 아직 없음.,5
474,재규어 언제 망하냐,5
475,성능은 비엠.벤츠급인데 가격만 폴쉐급으로 받으니 팔리냐 ㅋㅋㅋㅋ 가격 1억에서 1억1천이여도 대부분 M3나 C63 삼,2
476,"ㅁ 2.0 ,  oo 3.0 , oo  oo 5.0",1
477,진짜 부자가  타는 차..,3
478,1등ㅅㅅㅅ,1
479,굳이 가성비니 뭐니 따지는분들 가성비좋은 브랜드옷만 입으시나요?ㅋ이거 실구매가 실질적으로 1.25정도던데,4
480,재규어는 잘나가다 퇴물된 연예인 보는거 같다 현실은 한물갔는대 아직도 옛날에 잘나갔던 시절 생각하면서 몸값만 존나 비씨게 부르는 배우느낌임,8
481,제로백 5초초반인데 스포츠카?ㅋㅋ g70 3.3 m340i 만나면 깨갱이네,5
482,영국산은 중국산과 동급,1
483,이 가격이면 렉서스 LC500 컨버 삼..,3
484,팩트) 911은 2억으로도 못산다...,5
485,수천년동안 딱 두세대에 허락됐다는거에 격하게 공감되네 마지막 내연기관 세대심지어 자연흡기조차 이제 찾기힘들정도로 드물어져서 아쉬운 마당에아직은 더 내연기관이 타고싶고 없어진다는것엔 참 아쉬울 따름...,10
486,와 2세대만 경험한다는거 진짜 생각해보면 맞는말이네요 ㄷㄷ,27
487,"재규어 F-Type 진짜 명차죠. 이 시대 얼마 없는 퓨어 스포츠카이면서 예술 작품이죠. 저도 갖고 싶어요 ㅠㅠ  까남형 영상은 마치 잡지에서 설명한 것 같은 느낌이고 감성적인 측면도 좋은데, 이런저런 디테일이랑 이 차가 왜 비쌀 수 밖에 없는지, 단점이라고 보이는 게 왜 이렇게 만들어져야만 했는지 알고 싶으시면 https://www.youtube.com/watch?v=gRkTyII9ulA 이 영상 보시기를 바랍니다. 까남형 영상 먼저 보고 이 차가 어떤 차길래 이 형이 이러나 싶으신 분은 링크 영상 보시면 딱 이해 끝입니다.",26
488,진짜 정말 멋진차네요ㅠㅠ 컨버터블은 4기통뿐인게 정말 아쉽습니다..,1
489,"캬.,,.f타입., 군대가기전에 사촌형덕분에 시승해봤는데 아직도 발부터 머리까지 온몸이 다 기억나는 차 쿠페라인 ㄹㅇ 섹시 그자체.,  그저 그림의 떡 ㅠㅠㅠㅠㅠㅠㅠㅠㅠ",13
490,재규어XJR 3세대 모델을 최근에 길에서 보고 클래식카 좋아하는 사람들의 마음을 조금은 이해할 수 있게 되었는데 스포츠카 브랜드라는 생각은 한번도 못해봤네요. 고급세단인줄 알았더니 스포츠카였군요,6
491,기름값 걱정 없으면 고배기량 스포츠카 한번 타는 것도 좋을 듯요~~~👍🏻,9
492,F type 하고 911 둘다 타봤는데 F Type 배기음이 훨신 좋고 몬가 미쳐 날뛰는 재규어 한마리를 타고 달리는 느낌이라면 911은 똑똑한 독일 엔지니어링 자동차를 타는 느낌인거 같아요.  둘다 좋은차 같아요.  유지비는 911이 더 많이 들어간거 같아요.  JLR 악명이 높은데 저는 지난 3년동안은 고장 한번도 안났어요.  어차피 메인 카는 아니고 세컨 카라서 그냥 평생 소장용으로 가지고 있습니다.  유지비는 기본 서비스 받으러 가면 200만원 정도 사용 하는거 같아요.  참고로 V6 배기음이 V8 같을 정도록 잘 만들어서 둘다 타보시고 결정 하시는게 좋아요.,3
493,맞습니다.형님  재규어는 철학이 있습니다.아무리 차가 빠르고 핸들링이 좋고 세팅이 좋다한들 차에 영혼이 없다면 그건 차가 아닙니다.,8
494,와 마지막 총평 생각해보니 멋지네요ㅋㅋ 내연기관 경험한 세대가 몇 없겠네 진짜,1
495,"재규어 3대 탔지만, 유니크함은 최고였네요.",4
496,내돈으론 안사겠지만 정말 아름답다 아름다워... 배기부터 디자인까지 캬...ㅠㅠ,4
497,"아무것도 모르는 사람의 생각으로써 메이저 브랜드와 마이너 브랜드 (어디까지나 한국에서 잘 팔리는 것을 기준으로)의 차이는 접근성인 것 같습니다. 구매부터 수리까지 말이에요. 수도권에 산다면 큰 차이가 없을 수도 있겠지만 지방에서는 어려울 수도 있고, 수도권이나 광역권이라 비교적 접근하기 쉽다 하더라도 정식 서비스센터 수가 적어서 오래 대기해야 하는 등의 문제가 있을 것 같아요.차를 잘 아시는 분들은 보증기간이 끝났는데 왜 정식 서비스센터를 가냐 물으시겠지만, 차를 좋아하면서도 차에 대해서 해박하진 않은 사람들은 그래도 정식 서비스센터를 가야 뭔가 안심이 돼서 많이 찾으시더라구요. 박스까남님이 추천하는만큼 당연히 좋은 차겠지만, 고성능에 목적성을 둔 좋은 물건은 그만큼 많이 공부하고 잘 다뤄야 할 수 있으니 공부가 필요할 것 같아요.",2
498,F타입 디자인 너무 사랑해서 오갤에 사러갔다  981카이맨도 괜찮아보여 사서 2년 타고 보내고 또고민하다  F사야지하다 어쩌다 911…. 근데 성능 브랜드가치를떠나 강아지나 탈수있는 뒷좌석이지만 너무 실용적임! 카이맨탈땐 트렁크 사용빈도가 높았지만 911은 트렁크 사용한적이 거의없음.. 아마 F타입을 산다면 마지막버전 v8사고 싶음,13
499,"개인적으로 재규어 드림카인데 하위차량중에 생각해보면 르노 sm6도 상당히 저평가 되어있더라구요 웃긴건 딱 말씀하신대로 저평가하는 사람들은 ""안타본"" 사람들이 대다수 였구요 ㅎㅎ 재규어 f타입 꼭 사고 싶어요 페라리 포르쉐보다 !! f타입 엑셀사운드 듣고 지리고갑니다...",1
500,자동차 리뷰 너무 잼나게 보고있어요 아테온도 리뷰해주세요~,3
501,재규어는 타봐야아는 차..멋짐~♡,4
502,빠져든다...진짜 딴색깔이었으면 몇배 더 우와 하긴했을듯여,8
503,저렇게 개성 강한 차들 몇대 세워놓고 보면 틀린 게 없다. 그냥 다른 거지,2
504,밟으면서 보여지는 표정이 어떤 느낌인지 조금이나마 전달이 되네요 ㅋㅋㅋㅋ,2
505,으르렁 대는 가속감 예술이네요,1
506,마지막 말씀에 동감입니다.저도 첫 애마가 대학입학 선물로 받은 엘란트라 였거든요.이번에 면허증 취득한 아들에게 생애 첫 애마는 미니로 사주고 싶네요^^앞으로 전기차를 탈 세대이므로...,1
507,차가 너무 이뻐요요요요 디자인 미쳤는데,5
508,공감되는 멋진 리뷰 즐겁게 보고 댓글마저도 공감되고 즐거운 글이 많군요 덕분에 유쾌하고 좋은 시간 보냈습니다.,2
509,까남형 영상들 설명 하는거 보면 주관이 확실하고 시작과 결론까지 물 흐르듯이 자연스럽고 재미있어요.재규어는  히스토리도 깊고 넘나 멋져요. 까남최고👍,1
510,현재 단종직전 XJ50타고 있어요~ 비엠 벤츠 다 타봤지만~ 스포츠성은 비엠 뛰어넘습니다 전장 5.25미터 치곤 엄청난 민첩성을 보여줍니다,2
511,"F 타입 컨버 6년 타다 911 4s 카브리 로 넘어왔는데,  F 타입이 훨씬 매력있어요.",11
512,"아비투스라는 유명한 책 읽어보면 정확한 표현은 기억 안 나는데, 소득과 지능이 낮을 수록 남들이 많이 타는 차를 따라 사고 높을 수록 반대의 선택을 한다고 적혀있음.",4
513,재규어 f-type 평소엔 야옹이지만 으르렁하면 본 모습이 나오는 매력적인 car!!,1
514,댓글들 분위기가 2년전이랑 완전다르네요 까남형님의 가치관을 공감하는분들이 많이남으신것같아요 xe사고싶은데 수입중단돼서 미니랑 3시리즈 중 고민중입니다 ㅜㅜ 새해복많이받으세요 형님,2
515,뭐가 됐든 V8 이상 다기통 대배기량 엔진을 소유해본 삶과 안타본 삶은 많은게 달라지죠.,8
516,시간이 걸리겠지만 꼭~ 산다 ㅋ박스까남님 때문에 몇가지 아이템을 산고야 ㅠㅠ,4
517,뭐든 이사람한테서 사고싶다 장사하면 잘할듯,14
518,내연기관은 끝났다고 하는 사람들에게 하는 일침이 가장 인상깊네요ㅋㅋ진짜 포르쉐 안타보고 전기로 바로 넘어갔으면 얼마나 후회했을까 싶음,4
519,드림카…하지만 이제 R은 국내에서 안파는거 같던데 아쉽네요..,3
520,디자인 하나는 쿠페 차량 중 제일인듯,1
521,개인적으로 디자인은 전 세대 디자인 못따라오는듯..!! 구형이 더욱 더 이쁜듯하네요!,4
522,아 그리고 엡타는 심지어 4기통 배기음도 황홀합니다.,5
523,스포츠카는 늘 로망이죠.,1
524,캬 말씀 진짜 잘하시네요,1
525,너무 좋다… 소수만 타서,3
526,xf 3.0D  6년 xf 3.oawd 슈퍼차저6년째 타고 있는데 그느낌 아니까~  근데 새로 나온 xf는 디자인도 그렇고 더 퇴보한 느낌인지..  f타입 너무 궁금합니다.그리고 저도 전기차는 영~~  아직까진 내연기관빠 입니다,1
527,밟을 맛이 나겠네요!👍,2
528,다른건 다까도 디자인 만은 깔수가 없는 브랜드ㅋ 재규어 너무 이쁨,3
529,"F재규어 멋진차 스타일짱죠.😀번호판,봉인 녹방지 봉인구어셈블리 라고있네요.",1
530,마세라티 mc20도 기회되면 시승해주세요.,5
531,철학 감동이다...,1
532,내연기관은 두세대밖에 못타볼거라는 말 처음 듣는데 멋지네요,11
533,재규어 5.0 엔진이 찐인데 V8은 꼭 겪어봐야하는데...진짜 숨은 명차입니다.재규어 애스턴마틴 벤틀리 마세라티 이런애들이 진짜 레이싱 dna가 있는 브랜드인데 재규어가 유독 저 사이에서 너무 저평가 당하는듯요.,4
534,많이 애쓰셨습니다.....,2
535,이 형 B형이였구만세차장에서 제규어 뭔 모델인진 모르는데시동 켜는데..우웅~남자를 홀리는 소리...굿!촬영팀 : 형 같이가 ㅜㅜ,1
536,말을 어떻게 이렇게 천재적으로 잘하지?,1
537,참 멋져 이행님,2
538,까남형님은 마지막으로 내연기관 한대만 소장 한다면 어떤차 소장하시려나요?,1
539,3년전지포타다 뒷빵당해서 에프타입 대차받았을때 그거타고 면접보러갓다가 ㅋㅋㅋㅋ 1년후에 면접본사람이 말해주더라구요 취미로 일하는놈인줄 알앗다고.ㅋㅋㅋㅋ,17
540,감가 심하고 보험료 911 두배 박스터 두배이상.. 5000cc V8 엔진에 비품 없는 재규어니만큼 오일 플러그 인젝터등 가격도 어마무시.. 이거 타는 사람이 찐부자입니다. 슈퍼차저 엔진 반응성이랑 배기음 진짜 감동 그자체네요,47
541,배부른 테슬라 오너가 되느니차라리 배고픈 F타입 오너가 되겠다.돈을 쓸줄 아는 사람이 돈을 잘 버는 이유는하나를 팔아도 모두가 원하는 것을 팔지않고살 수 있는 사람이 무엇을 원하고 그것을어떻게 자극해야하는지 잘 알고있어서...,1
542,"그냥 재규어만 봤다하면 까고 시작하는 사람들 참 보기 싫네요..  XE나 XF, F-Pace 처럼 나중에 나온 차들보다 XJ, XK에서 부터 나오는 헤리티지와 역사는 전혀 차원이 다른건데 말이죠",4
543,총평 캐~~~ 간지난다~~,1
544,카니발 열심히 따라와서 촬영하시네 ㅋㅋㅋㅋㅋㅋㅋㅋㅋ,2
545,"조금 더 찐~한 감성이 필요하다면, 정답인 차 인 것 같습니다.똑같은 것들 사이에 튀는 무언가동그라미들 사이에 각진 세모 하나우린 그걸 작품이라고 불러 친구야쟤들은 아무것도 몰라...(""불협화음"" 가사 중, 인용^^;;)",2
546,이 형이 진짜다 ‘,5
547,"이제 재규어는 박물관 가야지,,",4
548,"미니 jcw컨버랑 재규어 컨버, 쿠페, 이 셋 중에 어떤차를 추천하고 싶으세요?  뚜껑열고 달리는 낭만도 느끼고 싶고, 가끔 달리는 재미도 느끼고 싶어서 고민인데 못정하겠어요. 미니컨버랑 재규어 컨버 고민하다가, 재규어 ftype디자인은 쿠페 뒷 라인이 더 예뻐서 컨버보다 나아보이기도 하고요 ㅠㅠ 미니 재규어 가격대가 차이 많이 나기는 하나 비교하게 되네요. 참고로 세컨카입니다.  미니를 고민했던 이유는, 그나마 애셋 가장으로서 지출을 줄이자? 싶다가도 인생 첫 나만을 위한 자동차인데 아름다운 예술적 가치를 추구해야지 싶어 재규어를 사고 싶기도 하네요 ㅠㅠ 참고로 나이는 38살입니다",2
549,앞대가리가 쏘나타 뉴라이즈랑 한끗차인데 개이쁘네;;,1
550,재규어 오너로서의 운전의 재미는 최고다몇대 팔리지도 않았는데전국민이 타보고 욕하는차 ㅋㅋ두루두루 타보았지만 핸들링의 맛은 쫄깃쫄깃,11
551,포르쉐도 나왔고 람보르기니도 나왔고 부가티도 나왔고 이젠 페라리 차롄가요,2
552,차 4대가 있어야 탈 수 있는차인가요?,1
553,디자인은 구형 엡타가 낫다고 본다(물론 디자인이야 개인 취향이겠지만)신형 엡타는 엡타만의 정체성 보다는기존 XF XE 전면부 디자인과 매우 흡사하다.,7
554,곧 철수할듯한 ㅈ규어…,6
555,촉과 안목과 자본주의 등 여러가지 겸비한 까남씨 ㅋㅋ,3
556,아 디자인 진짜 사골인데도 최강 이쁘네..그래도 난 amg gt 에 한표,14
557,진짜 맞는말  재규어는 못타봤자나ㅋ,2
558,까남님은 만약에 현시점에 2억근처에서 세컨 차를 세팅한다면911 vs f타입 vs R8중에 어떤차를 선택하실지 궁금합니다.,1
559,마음은 허락했는데 통장 잔고가 허락 안 해줌...ㅋㅋ,1
560,재규어는 마크가 싼마이라서 안끌림.,1
561,재규어 랜드로버는 사려면 항상 2대 사야된다고 하던데 한대는 항상 센터에 있어야해서 ㅋㅋ,5
562,와 구독 박는다,1
563,중고로 사면 좋아보임,1
564,눈 트임 지렸다,1
565,형 이거 광고야? 아니면 개취? 개취면 존중~,1
566,감가 감가 거리는 애들은 911 터보S도 감가 때문에 못산다고 난리인데 뭐…,2
567,내 드림카 사랑해,2
568,말 진짜 잘하신다,2
569,bmw 2시리즈 그란쿠페 혹시 타보셨나요. 까남형은 어케 판단 내리실지 너무 궁금한데 저는 개인적으로 bmw에서 나온 차가 맞나싶을정도로 실망해서... 골프가 훨씬 낫다고 느껴지더라고요,4
570,뭐...지금 국산 6기통 3.3 타고 있습니다....자랑은 아니구요.솔직히 8기통은 어떤 느낌일까 궁금하네요.그리고 제가 자동차 관련업계에 있는데 재규어 잔고장 많은걸로 소문이 많았었죠.본사에서 그걸 알았나봐요. 외국인 담당자가 집을 안가고 눈에 불을 켜고 지켜보고 있다고전 회사 동료에게 들었어요. 이제 이걸로 재규어의 잔고장 이미지는 벗어질 것 같습니다.,1
571,독보적이긴 하겠다 작년에 15대 팔림ㅋㅋㅋㅋㅋㅋㅋㅋㅋㅋ,1
572,911보다는 박스터랑 비교할게 많지..911승차감부터 전자장비까지 넘사라가격이든 내장재든 뭐든 박스터 gts랑,2
573,슈퍼차저가 운전하기 어렵다던데 사실인가요? ㅠㅠ,3
574,지금 나오는거 앞대가리 진짜 너무 못생겼어요ㅠㅠ 전기형 중기형 디자인이 지금보다 훨씬 멋지고 예쁜거 같아요,4
575,1억9천....그돈씨 잘 안하는데 진짜 그돈씨네 ..,2
576,저는 bmw 끝판왕 m8을 컨버터블 질렀습니다.^^  이차도 리뷰 부탁드립니다,1
577,줫도모르는것들이 차평가하는거보면 이형 피꺼솓할말 개많을텐데 ㅋㅋㅋㅋ,1
578,🐆 재규어 1등 ㅋ,10
579,앞부분 그랜저 ig 눌러놓은줄,1
580,많이 이뻐졌네,1
581,말을 왜이렇게 잘해,1
582,참 말 잘해 ㅋㅋ,1
583,이형말 듣고 랜드로버 샀는데 우리 지역에 영업점이랑 서비스센터 철수함 ㅋㅋㅋ 서비스 센터 갈라믄 고속도로 타고 한시간 넘게 가야됨 수도권은 모르겠지만 지방은 언제 철수 할지 몰라요 ㅋㅋ팔고 x7삼,2
584,배기음 딱 하나보고타는차존나안나감ㅋㅋㅋ감가미침,2
585,세상에 다 똑같은 맛만 있으면 재미없잖아. 여기에서 제일 비싼 거 주세요 같은 행동이라고.,1
586,페리는 쿱이 더 예쁘네,4
587,글쎄요  . 별론데. .아무리 생각해도 재규어는 쫌. .성능. 디자인 . 신뢰성. .다  떨어지는차를 그돈주고왜 사겠소. .안팔리니 희소성은 있네. .,1
588,형 나 돈없어! 이거 못사!,2
589,아!!아아아아아아앙,4
590,7:25 형 그래서 테슬라에서 광고 들어오면?,2
591,형왜 이제 전기차한번 사봐라고 해서 전기차샀는데 왜 또 내연기관 먹일려그래요,2
592,큰고양이과 는 사뿐사뿐아니고 어슬렁어슬렁,1
593,형 좀화나보이네,1
594,재규어 랜드로버에서 돈을 좀 적게 주셨나요?예전보단 덜 빨아주는 느낌 재랜 나빠 ㅠㅠ,8
595,자산 100억대 이상이면 중고로 노려볼만 할듯,2
596,안예쁘고 비싸요,1
597,코너링은 어캐 설명할건가요,1
598,이거 물어보니깐 내년까지 안들어온다고 ㅠ,10
599,F타입은 구형이 더 예쁜것 같음,11
600,스퐂즈카 흰색은 좀 아닌듯,2
601,재규어 랜드로버 광고채널?,6
602,ㄲㄴㅇ,1
603,풉,1
604,3등,1
605,난이등,3
606,4등,1
607,911 대신 F타입산다?  감각적인게 아니라 호구소리듣는거지,2
608,디자인 예쁘고 차 타는맛 쫄깃 쫄깃 제대로 결국 쓰레기,1
609,중고 감가 나락 안가나,3
610,재규어 별로 안좋아하는게 느껴지네. 역시 b당,3
611,와 감가 오지게 당하고 싶은면 이거사 ~,4
612,남들이 안사는거엔 이유가있더라..,5
613,8:00 디자인 취저다 진짜ㅠ9:50 운전대랑 계기판도 스포티하면서도 깔끔,21
614,영상미가 점진적으로 좋아지고 있어요. 신속하게 올리느라 예쁘게 만들기 어려우실텐데 좋은 영상 보여주셔서 감사합니다. 992때도 그랬지만  f type의 디자인을 최선을 다해서 담아주신 느낌이 들어요,4
615,디자인이나 배기음은 진짜 마음에 드는데... 내부 편의사양이나 그런것들이 좀 가격대에는 안맞는 구성이 아닌가 싶네요 ㅠㅠ진짜 차는 너무 멋있네요 특히 뒤가 어우...ㄷㄷㄷ,3
616,기자님은 적게 먹어서도 소식가이지만 자동차 소식을 전해주셔서도 소식가라는 호칭이 어울리는 것 같아요. 약속대로 주말에 영상 올려주셔서 감사해요. 새로 올라오는 영상들 틈틈히 이집트 여행기도 보고 있답니다😊,11
617,진심 현존 넘버원 디자인,19
618,진짜 영국차 별로 안 좋아하는데 재규어는 그냥... 이유 없이 너무 좋음 개인취저...,6
619,디자인은 너무너무 좋네요. 디자인은 포르쉐도 안부러울정도 재규어에 이런차가 있었다니.,2
620,와~ 프론트 스탠스가 엄청 더 낮아진 느낌. 기존 모델도 이안칼럼이 디자인하여 아주 유려했지만 작년에 은퇴를 해서 차기 디자인이 어떻게 나올지 궁금해왔는데 기존 디자인의 장점을 더 부각시킨 정점으로 마침표를 찍네요..!!   리뷰 잘 보았습니다! 감사합니다.,4
621,작년에 분당에서 운전하다가 이 차 몇 번 본적 있었는 데 재규어에서 이런 스포츠카가 나온줄도 모르고 어~ 저차가 왜 재규어 마크 달고 있지하고 했었던 차알못 시절이 있었습니다실제로 보면 정말 멋있구요 레이싱 게임에서도 재규어 최상위 모델로 등장하니 이제는 익숙해지더군요,3
622,"외관은 비슷한 가격대, 세그먼트에서 최고인거 같습니다.. 그런데 엔진이나 내장, 등등 종합적으로 비교했을 때 M3가 더 value가 있어 보이는 느낌 ㅎ 기자님 보시기엔 어떠신지 궁금합니다",1
623,디자인은 진짜 쩐다,9
624,영상 잘보고 갑니다 공조기 버튼이 생각보다 쓰기 편한 위치에 있네요 또한 에어컨 송풍구 올라오는건 신박하네요 계기판 lcd에 트림정보같은거 나오는 레이아웃 설정보면 재규어 랜드로버차량들이 공통이라 그런지 익숙하면서 생각보다 시인성이 좋네요 단점이라면 네이게이션 크기인데 이건 다음 페이스리프트나 아니면 풀체인지때 바뀌겠죠? ㅋㅋㅋㅋㅋㅋ,3
625,차 너무 멋있네요.. 배기음까지..👍,5
626,"AMG GT와 같이 프론트 미드쉽이라 부를만 하네요.재규어 다른 모델은 잘 모르겠지만... 재규어의 헤일로모델 같은 맛이 강렬하네요.AMG GT는 요즘사람과 트렌드에 맞는 느낌이라면.. 재규어는 나름의 로망이 있네요.올드하지만, 나름의 철학과 신념이 느껴져서 보기 좋아요.회사 때리치고, 비트코인 올인하면 저런차를 타볼 수 있을까? ㅠㅠ",4
627,진심 디자인은 911보다 더 이쁘다.,9
628,"히야.. 배기사운드도 사운드지만, 엔진사운드가 장난 없네요ㄷㄷ",4
629,이번에 전면 인상이 더 샤프해진 느낌이네요 ㅎㅎ,3
630,디자인은최고인데 ... 1억5천이면 m5도 볼수있어서 ..... 대안이너무많은거같네요 ㅎㅎ,4
631,제가 좋아하는 차 중 하나네요.포르쉐를 좋아하지만 그와 다른 또다른 맛이 있는 차죠,4
632,정말 가지고 싶은 차네요. 영상 올려주셔서 감사합니다.,2
633,요즘 폼나는 차 많이 리뷰해 주시네요~,3
634,드디어 나왔다!!한 주의 마무리는 상기형의 시승기죠!,2
635,재규어는 무조건 F타입이죠 가장이쁨 ㅎ,2
636,잘봤습니다. 진짜 멋있네요.,1
637,트렁크 좁아서 짐 공간도 적지만 더블위시본 서스펜션이랑 높은 출력 때문에 기대되는 차 입니다.영상 잘 보겠습니다. 감사해요. ^^,2
638,차 진짜 잘 나오긴 했는데 1억 4천이면 다른 매력적인 선택지가 너무 많다..,15
639,12:45 트렁크가 수동이 아니라 아쉬움을 나타내는 한상기 (오토프레스),30
640,진짜 디자인은 끝장인데 차가 참...,1
641,재밌게 잘 보고 갑니다!!오늘도 감사합니다!!!,2
642,디자인은 이쁘네요! 근데 방음은 안좋은게 동영상으로도 느껴지네요 ㅜ  외부소음  많이 들리네요,1
643,앞 디자인은 게임에서 볼 법하게 생겼네요. 감사합니다 잘 보겠습니당,3
644,항상 좋은 영상 잘 보겠습니다,15
645,자주 못 보는 차네요 ㅎㅎ시승기 잘 보겠습니다 =),2
646,12:03 3인분 ㅎㅎ 어휘선택이 참... 이해하기 쉽고 간결하고 목소리도 좋으시고 굳,2
647,수퍼차져 이군요. 가속시 소리의 정체는,2
648,시동걸때 만족감이 차값의 30프로는 하는거 같네요 ㄷㄷ,4
649,"비록 당장 살 수는 없으나,  눈빠지게 기다렸습니다 ㅎㅎ",2
650,진짜 잘 빠졌네요. 늘 잘 보고 있습니다.,1
651,다행이 목표를 달성하셨네요.잘보겠습니다.,1
652,차가.. 차가.. 귀엽다니.... 이럴 수가.....,3
653,좋아보이는데 문제는 포르쉐가 자꾸만 떠오르는 가격대인 것 같아요 ㅋㅋㅋㅋ,15
654,드디어 F타입!! 잘보겠습니다~!,2
655,공조장치 신기하긴 한데 브랜드 특성상 얼마 안있어 계속 열려있거나 계속 닫혀있더나 둘중하나 일듯 ㅋㅋ,1
656,잘보겠습니다 형님 !!! 퇴근길이 즐겁네요,1
657,차는 이쁜데 신뢰가 없는 재규어 ㅎㅎ,6
658,오늘도 좋은영상 감사합니다!,2
659,역시! 올라오자마자 바로!! 한상기 F타입~,2
660,전기차로 넘어가기전에 재미로 구매할 차량중에 하나죠. 로또되면 살 수 있을려나요.,2
661,최강의 후방 그냥 마구마구 섹시함실내 빨강 👍,1
662,가치방어가 안되는 마세라티 제규어 2대장 이런차들은 진짜 여유가 넘치는 분들이아니거나 소장욕구가 가득하신분아니시면 1년~2년 안짝 보증살아있지만 감가다처맞은 중고로 사세요,4
663,여러분들 재규어 디자인에 혹하시면절대 안됩니다..에프타입 경험자가 알려드립니다.차가 대여섯대 있고 세컨에 세컨카 개념이라면에프타입 오케이!하지만 온리원카 또는 데일리카 한대 세컨카 한대이정도라면 무조건 박스터 또는 911로 가시길,2
664,형님 잘보고갑니다 항상 영상 감사드립니다,1
665,날렵하고 이쁘긴하네,1
666,380으로 충분한가요? R까지안가도,1
667,할인없는 출시가만 봤을때 렉서스 LC500에 비해 한없이 초라한...,1
668,가슴은 사라고하지만 머리는 말리는 차아니다 지갑이 말리는 차...ㅠㅠ,4
669,성시경 다음으로 목소리 좋은 남자............................. 남자들에게 더 인기있는 남자...............................  밤에 잘때 킹상기님 영상을 수면영상으로 많이보게 만드는 남자...........................,21
670,공도 50키로 이하 전용...눙물....ㅠ,5
671,"봉인된 멘트가 떠오른다..""그돈주고 ~살 바엔 -산다""",1
672,이건 중고차로사야겠네요 한  2~3년지나면 반값일테니,2
673,형님 식사 맛있게 하겠습니다 감사합니다 !,1
674,20:15 23:07 한상기 코너,6
675,역시 실내는 검빨이 진리인듯.  차이뿌다.,1
676,역시....제가 본 F리뷰중 가장 담백하고 깔끔합니다. 다른 리뷰들은 왜 그리 쓸데없는 지식자랑질이 많은지....역시 엄지척...ㅎㅎ...그리고 F타입은 운전실력믿고 돌리다간 골로갑니다. 걍 겸손하게 감성을 즐겨야....최고리뷰  잘 봤읍니다. F.....솔직히 자기멋으로 타는 최고의 차죠....남이 뭐라하든 신경안쓰고 통장잔고 신경안쓰는 개성있고 멋을아는 멋쟁이들의 최고의 장난감....아...그리고 돈은 좀 모자라는데...이거 꼭 타보고싶다 하시는분은 총알좀 모으시다......1-2년 지나 사세요...감가 장난아닙니다. 반값으로 나오죠...ㅎㅎ,1
677,타입 F R영상 허구한날 보고 있습니다...ㅎㅎ,2
678,킹상기니뮤ㅠ,9
679,2대를 사야겠네요.한대씩 번갈아 써비스 센테에 입고시켜야 될테니,3
680,디자인은 개인적으로 구형이 훨씬 나은거 같습니다,4
681,유리창 교체시 700달라는 제규어... 음 ㅎㅎ 실제로 회사차에서 겪어봄,2
682,정말 보유하고싶은 차량인데.. 로또맞으면 가능하려나요 ㅎㅎ.. 영상 잘봤습니다.,1
683,분명히 멋지고 좋은차인데 제 능력으로는 사지도 못할차인데 온갖 고장관련 조롱이나 밈을 많이 본 브랜드라 그런가 괜시리 웃음이 나는..,1
684,"중고 3,4년후면 탈만 하겠네요",2
685,"기자님 911, amg gt, ftype 중 어떤 차를 선호하시나요??",2
686,진짜 예쁘긴 졸라예쁘네...,49
687,어허 어찌 퍼스트애디션만 패들이 있단 말인가요? 정말 그건 너무 했다,2
688,잘 보겠습니다.1:32   상기 엄따~ ㅋㅋ,47
689,많이 선넘네요 가격이...ㅋㅋ 5천만원정도는 빼야될거같은데,1
690,전동트렁크라 한상기트렁크를 못 봐서 아쉬움ㅋ,1
691,재규어는 디자인회사,1
692,SUV에 올인한줄 알앗는데 그건 또 아닌가보네요,1
693,P380 턴시그널 순차점등  아니였나요?P300은 깜빡인거 알고있구.,1
694,안녕하세요. 한상기자님혹시 재규어 I-pace 시승기 올린적 있으신가요??,1
695,가격만 아니었으면... 캐이맨이랑 비교하면,1
696,역시 오토올드는 없는건가요....?ㅎㅎ 영국 갬성,1
697,저 노랑 벨로스터는 자주 출몰하는듯,3
698,은색이 좋을거 같은데,1
699,그돈씨가 절로 나오는 차군요...,1
700,방향지시등을 켜서 턴시그널을 보여주셔야죠... 그걸 안보여주고 계속 비상등만 키시네,1
701,"음 수입차 가슴으로 지른사람으로써 말하면 쩐이 부족하다고해서 미루다보면 절대 수입차를 살수없습니다. 어설프게 가성비 따지면서 수입차 논하면 절대 살수없습니다.내가 맘에들면 그냥 남자는 고 입니다. 애인한테는 노예가 된다고 하시면서, 애마는 노예가 되기 싫으신가요?  지르고 일하세요. 그런깡도 젊을때 할수있는겁니다.우리에겐 좌 은행 우 할부란 든든한 우군이 있습니다.",2
702,911 과 F-type 중에 선택한다면?,1
703,실내가 아쉽다,1
704,멋지긴 한데 1억 넘게주고 저거 사진 않을듯,1
705,380마력 1억5천..선넘네,2
706,찐 스포츠카다,3
707,1:32 한상기 빼꼼,131
708,썸네일 초록색 테두리가 너무 부담스러워요 ㅋㅋ,3
709,잘 보겠습니다.,2
710,저 가격대에 선택할수있는 선택지가 너무 많음 포르쉐 벤츠 등등... 재규어는 좀 ㅠㅠ,1
711,2년뒤면 7-8천으로 떨어짐,1
712,요즘재규어 광고 많이 하네 유튜버통해서 ㅋㅋ,1
713,그돈씨가 절로나오네 ㅋㅋㅋ,4
714,너무비싸다..포르쉐가있는데,1
715,영국은 애스턴마틴 아닌가용?,1
716,1억5천요...??,2
717,일요일날 올리고 싶어서 업로드 하셨군요.😄😄,1
718,7:28 한상기 핸드크림,5
719,"이사람이 제일 좋아하는 단어""공회전""",1
720,12:50 한상기 법규,18
721,21:55,1
722,1:32 빼꼼 ㅎㅎㅎ,1
723,한상기 스포츠,1
724,"동현아,  저돈만큼 딴차살돈은 있냐?",3
725,1:33 숨은그림,3
726,한상기코너 어딨지? ㅋㅋㅋ,2
727,광고 포함이던데 어떤거 광고인가요...?,2
728,중국에서도 거르는게 제규어랑 래인지로버다  프리미엄으로 위장한 쓰레기차  380마력주제에 제규어 주제에 1억4천? 미친거지 이건,1
729,재규어 광고영상인가요?,1
730,안녕하세요 한상깁니다.,2
731,1억5천? 앞에1자빼면딱이네.,3
732,한상기니뮤ㅠ,3
733,외장디자인도 개망함. 디자이너가 실력이 떨어지는놈을 썼음,3
734,누가 저돈 주고 저차사냐 ㅋㅋ,2
735,님들 신형 M4 세라믹브레이크 풀카본시트까지 한정판에디션 1.4억입니다.할인받고 M4사세요~F타입 신형M4한테 서킷 공도 배기냄새도못맡습니다 ㅋㅋㅋㅋ 뭐 디자인만보면 F타입이 이쁘긴함 ㅋㅋ  F타입 사는순간 1년안에 50%반토막납니다 지금 엔카보시고 ^^ 판단하세요 ㅋㅋ,4
736,해외에서 현기급 쓰레기가 있다면 그건 제규어와 랜드로버(레인지로버? ㅋㅋ) 라고 해야겠죠. 아참 마세라티 추가~!난 쓰레기들을 억씩 내고 타고다니면서 잘난척 하는 애들을 이해못하겠다. 뇌없다고 자랑인가?,1
737,얼마전에 m440i 출고했는데… 재규어 f타입 고려 자체를 못하고 이제야 봤는데 진짜 멋있네 ㅠㅠ,1
738,아니 이차를 실제로 사시는 분이 계시다니. 용자십니다!!! 전 계속 보고만 있다가 현실의 벽에 부딪혀 결국 x6 로 갔어요 T.T,2
739,P300계약했는데 도움많이됐습니다!,1
740,"최근에 F타입에 꽂힌 아조씨 입니다. 해외 컨텐츠까지 싹싹 봤으면서, 썸네일에 4기통 깡통이래서 안보다가 자동재생으로 보고 봐버렸는데요(?) 두분이서 케미도 잘 맞고 편안하게 리뷰도 잘 해주시네요!! 세상 흐뭇하게 잘 봤습니당 ㅎ.ㅎ뽜이팅 하시고 눈덩이 굴러가득 쭉쭉 성장 하시길 바라겠습니다 :)",1
741,저는 6기통 S타는데 8기통 R이 항상 아른아른 거리네요....6기통 배기도 한 2프로 아쉬워서 ㅠㅠ 인간의 욕심이란....,2
742,10:30 화이팅...!!,3
743,영원해줘~에프타입🐱영원해줘~모터노마드🌈,1
744,에프타입 리뷰중 👍,1
745,카마로SS에 코르사 스포츠 해서 타고 있는데 배기 사운드 면에서 F-타입 6기통도 밀리지 않겠죠? 기변 생각 중입니다.,1
746,택시타고 가다 리어 휀더에 반해서 f타입에 꽃혀버렸네요… 다른건 몰라도 디자인만큼은 포르쉐 이상이라고 생각합니다,2
747,F 타입은 못사겠고그냥 학교에서 F학점이나 맞아야겠다,1
