,comments,likes
0,"X-type에 대한 좋은 리뷰 잘 보았습니다.  시승 차량은 아마도 2007년식 정도로 보입니다. 포드의 글로벌 플랫폼 정책으로 FF 섀시를 이용했지만,  처음부터  AWD로 설계된 차량입니다.  미끄러운 도로나 눈길에서 빼어난 성능을 보여줍니다. FF 버전 및 디젤 버전은 AWD 출시 몇 년 후에  출시 되었습니다.   뒷자리 송풍구가 없지만, 에어컨 성능이 좋아서 여름에  뒷자리에서도 쾌적하고 겨울에는 따뜻합니다. 재규어는 전통적으로 오너 드리븐 컨셉트이기 때문에 뒷자리 보다는 앞자리를 많이 배려하는데,  앞좌석 시트는 큼지막하고  뒷좌석에서 보이는  등판도 편평하여 권위적인 디자인이 느껴집니다. X-type은 스포츠 세단을 지향하며 제작되었고 ZF 서보트로닉 2 가변 비율 스티어링 시스템을 적용하였습니다.  스티어링 락투락은 2.6 턴이며 운전대 컴팩트한 편입니다. X-type을 제대로 잘 들여다보신 것 같습니다.  손이 많이 갈 수 있기 때문에 차를 잘 알고, 발품을 팔아가며 고치고 다듬어갈 수 있는 분이 탄다면 진가를 느끼실 수 있을 것으로 생각합니다.",27
1,우선 좋아요 누르고 재규어 X-타입 감상 잘했습니다.저 당시 재규어는 포드 영향을 받아 차 자체 완성도는 많이 떨어지지 않나 개인적으로 생각해 봅니다. 차량 소개를 도로변이 아닌 실내에서 하니 훨씬 좋네요~좋은 영상 자~알 보고 갑니다~,5
2,"시간이 지나간 재규어 리뷰를 이렇게 정성스럽게 준비해 주셔서 너무 감사합니다! S type, XJ6에 이어서 X type까지 이렇게 국내에서 보기 힘든 모델의 이야기를 들을 수 있어서 너무 좋습니다! 정성을 쏟는 만큼 흥하는 채널 되기 바랍니다! 👍🏻🚘봉자횽짱👍🏻",2
3,오늘도 영상 잘 봤습니다! 역시 재규어의 디자인은 세월이 지나도 우아하네요 ㅎㅎ,3
4,재규어는 거의 철저하게 운전자 위주의 차량인듯합니다. XJ도 뒷자석은 편하지않고 뒷자리 탓던 사람들은 다 불만이었는데 키를 넘겨주고 핸들을 잡아보면 다들 굉장히 만족햇었던 기억이 있습니다. 골프약속 늦엇 X타입 2.1로 고속도로에서 y00 밟은적이... X타입을 표현하실때 경쾌함이 참 맞는 말씀 같습니다. XJ는 묵직한 경쾌함? 이랄까요 ^^;,3
5,정마담님 리뷰 항상 잘 보고 있습니다. ㅎ 재규어를 싫어하는건 아니지만 다양하게 브랜드를 섞어서 리뷰를 해주셨으면 좋겠습니다. 뭔가 재규어의 느낌이 다 비슷해서 새로운 영상을 보더라도 감흥이 덜 오는게 아쉽습니다. 항상 응원하겠습니다^^ 감사합니다,2
6,"정말 아름다운 차죠 제 개인적인 생각으로는  2000년 초중반에 나온 차중에 재규어x타입, bmw 7시리즈(e65),벤츠CLK 요 세모델이 가장 디자인이 뛰어난 차라고 생각됩니다",3
7,이번 영상도 아주 잘 봤습니다! 볼때마다 차에 대한 지식이 넘치시네요 ㅋㅋㅋ 영상 아껴놨다가 지금 봤어요 ㅎㅎ 다음 영상도 기대 하겠습니다~~ㅎㅎ,7
8,클래식한 재규어랑 정마담님이랑은 환상조합인듯 해요^^~잘 어울립니다!,4
9,"평소 관심도 가고 궁금도 했던 차량이었는데, 엘레강스하게 소개 해주셔서 너무 잘봤습니다. 감사합니다.",2
10,알림이 떠서 무심코 들어왔는데 사무실이라 아직 시청전이긴 한데 구형 재규어 너무 매력적인 차같아요. 개인적으로 우리 마담님이랑 엄청엄청 잘 어울리는 느낌의 디자인과 클래식함이 있음. 언능 퇴근하고 볼래요. 좋아요는 미리 눌러놓기 ㅋㅋ,4
11,X- type 를 비롯해 이전 재규어 모델들이 더 재규어답고 더 멋있다고 생각됩니다.  다른댓글에 답하셨던것처럼 다른 메이커들이랑 너무 비슷비슷해져 재규어만의 모습이 점점 엷어지는거 같아 아쉽네요.  날이 추워지는데 신발에 맨발이 보이니 추워보이네요.  ㅎㅎㅎ 건강 조심하시고 좋은 영상 감사합니다.,2
12,"이안칼럼이 제규어의 묵은때를 확 벗기면서 차량의 컨셉 네이밍 체계모두 바꾸었습니다. 워낙에 인기가 있었던 xj는 네이밍을 그대로 가져갔지만 s-type은 xf로 바꾸었고 x-type은 xe로 네이밍 체계를 바꾸었죠하지만 x-type이 xe로 네이밍이 바뀌었다고 해서 후속차량이 아니라는것은 아닙니다. 그렇게 따지면 아우디 벤츠 bmw모두 중간에 네이밍이 바뀌었는데 세대를 계속 이어가는것도 뭐라 해야죠, 아반떼도 엘란트라의 후속으로 명명하고 있고 소나타도 스텔라의 후속으로 명명하고 있습니다. 그리고 전륜이였다가 후륜으로 바뀐것도 세대가 바뀌면서 바꿀수 있는겁니다. 에쿠스도 1세대에서는 전륜에서 2세대에 후륜으로 바꿨고 익스플로러도 전모델은 전륜에서 이번에 후륜으로 바꿨죠.. 올드카에 어느정도 지식을 가지고 계신거 같은데 재규어에는 지식이 괭장히 부족하시네요.",2
13,옛날감성을 잘아시는 정마담님~ 따봉박고갑니다ㅎㅎ,3
14,"영국차의 영광이자, 몰락한 영국차를 상징하는 재규어! 재규어를 대표하는 것은 역시나 구형 XJ모델, 지금은 밍밍하고 이상하고 평범하게 변해버렸지만, 과거의 시그니쳐한 그 우아하고 감각적이고 멋진 디자인이란~~재규어의 고급 이미지를 이용하여 중형차 시장용으로 만든 X타입은 솔직히 재규어의 헤러터지라고 하기엔 이질적인 존재인 듯 합니다. 새롭게 출시되어 베이비 재규어라 불리었던 그 시절이 어제 같은데 세월이 벌써 많이 흘렀군요.아~~영국차의 영광의 날들은 대영제국처럼 덧없이 흩어져 사그라져 갑니다.",2
15,감성적인 언어를 구사하는 정마담님리뷰 잘 봤습니다~^^*,3
16,여윽시 오늘도 멋진영상 좋네요!! 역사 내용도 너무 훌륭합니다!,5
17,"역시 정마담tv는 고급지고, 편안하다! 내 애인같은 재규어~~👏",7
18,알찬 재규어 리뷰 잘봤습니다 정마담님~ㅎ,5
19,차량도 인테리어도 정마담의 차분한 설명도... 최고네요^^,2
20,둥글둥글 디자인은 정말 이전 차들이 멋스러운것 같아요,3
21,고급진 시승기 많이 배웠습니다.감사합니다.,4
22,야옹이는 이때가 갠적으로 가장 으뜸으로 생각합니다. ㅎㅎ영국차 중에선 최고 같아요.,2
23,재규어의 막내 ㅋㅋㅋ 재미있게 잘보고가요즐거운 주말되세요 정마담님,2
24,이게 재규어의 이미지였는데 요즘 모델은 특색이없네요 ㅠㅠ,3
25,늘 잘 보고 있습니다. 응원합니다 정마담님!,2
26,호주에서 유학다닐 때 탔었는데 참 좋은 추억이되었죠..,1
27,제가 아는 재규어 오너들은 진짜 다들 말씀하시다시피 애인처럼 모시고 있습니다~,4
28,리뷰 재미있게 봤습니다. 저기 혹시 대우 아카디아 리뷰도 가능할까요? 옛날 외제차 인줄 알았는데 국산차라서 신기하고 멋있었던  기억이 있었는데요. 차량 리뷰 예약 해도 될까요?,2
29,AWD라 흥미가 가는 차량입니다ㅎㅎ 잘봤습니다ㅎㅎ,2
30,살까말까 고민중에 검색하니 마담님 리뷰가...왜 이걸 이제 봤지?ㅎㅎ,2
31,예전 재규어의 명성은.....아......어디로 간것이가....아쉽....,2
32,잘보고 가요 ^^  멋진차,4
33,항상 잘 보고있습니다 마담횽❤️,5
34,여자친구같은 x타입 리뷰 잘 보았습니다 ~ 추운 날씨 목감기 조심하세요 정마담님 !!,2
35,차분한 설명 감사 합니다,2
36,형님때문에 올드카매력에빠졌습니다...ㅠㅠ재규어 bmw너무예쁜것같아요,2
37,아기다리고기다리던 재규어 드뎌올라왔네요..^^사브는 새로 태어나고 있네요친구가 돈좀 바르고있습니다ㅋ,3
38,홍콩에 거주하고 있습니다. 여기는 오랜된 재규어는 한국보다 쉽게 구할 수 있습니다.  클래식카에 관심이 있어 재규어를 눈여겨 보고 있는데 워낙 잔고장이 많다고 하여 망설여 집니다. 디자인은 정말 감성적인데...  성능은 문제가 많은 차죠. 아쉽네요.,1
39,재규어 X타입 2.2D 2010년식 몰고있습니다 ㅎㅎ 같은차종이 나와서 기분이 좋네요~,3
40,아...이어폰으로 들으니 좋네 ㅎㅎ,3
41,정마담님 영화 비긴어게인 속 포스터와  장면에서 남주가 몰고 나오는 검정색 재규어 클래식카가 59년형  mk2가 맞는건가요?,3
42,좋은정보~~~잘보고가요.^^,2
43,X타입 4륜 구동력 배분이 전륜 4 후륜 6인가요?,2
44,이차 한창 나올때 강남에서 맨날 벤츠 비엠만 보다가 어쩌다 X타입 S타입 같은 차들 보면 아 저사람은 뭔가 좀 다르다 하는 그런 멋이 있었는데. 졸부느낌이 아닌 원래 양반 귀족출신 같은 느낌이랄까,2
45,지켜보고 있습니다 ㅋ ㅋ ㅋ ㅋ 다음엔 피아트 도 리뷰해주세요,4
46,리뷰 잘 보고 있습니다.음성이 홍혜걸박사님과 같네요.요런차는  어떻게  구입하나요...?,1
47,몇일전 석촌호수 커피스미스에서 인사드렸었습니다 ㅎ 영상이랑 완전 똑같으시던 .. 차도 멋집니다 ㅎ,2
48,몬데오 껍데기 바꾼차라 하지만 그때 몬데오 좋은 차라고 그러던데,6
49,고딩때 꿈의 차 구형 xj도 리뷰해주세요ㅎ,2
50,정말 우아합니다,4
51,""" 회사에서 업무중에... '정마담'님 최신영상 알람소식에... 모든 업무를 중단하고... 정독합니다 ㅎ ^^ '대전'에서 '대사우TV'가 항~ 상... 응원하는거 아시죠?? ㅋ 저같은 지방 소시민도 '유튜버'시작하게 뿜뿌 이빠이 넣어주신분이니까요 ㅋㅋㅋ ^^ """,6
52,저때도 포드 부품을 쓰고 그래서 인기가 없었는데 제가 틀릴수도.고장나면 미국선 포드에서 고쳐주고 그랬어요. 하도 부품들이 포드라. Engine도 ford 엔진입니다.,4
53,그러니까... 저 녀석이 앞 눈깔이랑 뒤테가 재규어의 전통을 간직한 마지막 모델이겠네요.저 이후 애들은 재규어 같지 않은 재규어... 별 감흥이 없는.,4
54,적당한가격이라면 구입하고 싶은생각도 드네요,2
55,리뷰 재밌게 정말 잘보고 있습니다!!죄송하지만 리뷰할때 혹시 aux선을 꽂을 수 있는 차량인지 아닌지도 알려주실 수 있나용??노래 듣는걸 좋아해서요 ㅎㅎ ㅠ,2
56,리뷰가 어설픈듯 하면서도 전문성이 있는 듯 하면서도......감을 못잡겠네요...ㅋㅋ  은근히 지루하지않고 편안합니다 .....^^,3
57,재규어 는 왜 지금 더 별로가됫죠?,11
58,얼마전에 전륜구동 밸트가는데 겁나애먹음  ㅠㅠ,2
59,영상 마지막에 발품을 많이 팔아야한다는 말씀을 하셨는데 어떤 의미인지 여줘봐도 될까요?,2
60,멋지네용 ㅎ,2
61,지금 재규어는 매력 업슴요,2
62,디자인이 완전 깡패,2
63,간지난다  굿,3
64,오피러스👍,6
65,잘 보고 있습니다,2
66,600만원에 나와잇던대 고민되네,2
67,볼때마다 느끼는건데요 광고를 어디서 야 느낌 좋습니다,2
68,우와 xj,3
69,잘봣습니다,2
70,X type X means don't buy,1
71,하부가중합니다ㆍ것모습많은않입니다,2
72,짝퉁다이너스티네  .. 무슨...,1
73,4885 사냥꾼,3
74,겁나오래된거같네요 화질이 혹시 이거 몇년도인가요? 88올림픽때 방송인가요?,1
75,와 올드카 너무 좋아요 진짜 멋있다,3
76,진짜 이쁘군요..와,2
77,올해 말이면 슬슬 차 바꾸시는 건가요...ㅋ ㅋ슬슬 아빠 될 준비를 하는 모습이 멋집니다,2
78,21살 첫처로 사려고하는데 괜찮을까요,3
79,이형님 영상을 보면 진짜 인생은 실전이다!!라는 것을 느끼게 됩니다ㅋㅋㅋ항상 영상 잼나게 보고 있습니다.님영상 보면서 진짜로 일반인들이 가장 크게 공감하고 알아둬야하는소소하면서도 가장 중요한 상식이나 팁 같은것을 많이 얻어갑니다.항상 화이팅 하시고 빨리 실버버튼 받길 기원합니다~!,2
80,정말 명차고 디자인 뭐든 정말정말 최고인데..문제는유지..우스게소리로 재규어를탈라면 재규어를 한대더 가지고 있어야된다는 말처럼 저도 소장해보진않아 소문에만 의존하는것이지만 수리부분이 참 애먹인다 하더라구요,2
81,드디어 제규어 영상 올리셨군요.. 이번주에 혹시 파주에 3일날 L사 아울렛에 가신적 있으신지? 비슷하게 생기신 분을 뵌거 같아서 ㅋㅋㅋㅋ GS350 사고 정말 개꿀 인듯 합니다... ㅋㅋㅋ,2
82,중고차 딜러들도 추천을 하지 않는 다는 잔고장 많기로 소문난 차 수리비 후기올려 주세요,2
83,와우 그 용기에 박수를 보냅니다,2
84,저랑 스탈이 비슷한것 같네요저도 제규어 좋아합니다남미에가면 제규어가 많죠알젠티나~~제규어 천국,2
85,곧 구독자 천명이네요 미리 축하드립니다.,2
86,초치는 것 같아 죄송하지만... 재규어는 잔고장 많기로 악명 높지 않나요...? ㅋ재규어도 옛날 재규어야 말로 정말 멋있었는데... 요즘 나오는 모델이 90년대 디자인만도 못하다는 느낌이 들긴 합니다. 것두 한참...,6
87,후기 기대합니다 ~~,2
88,용기있는 결정!,1
89,"요조숙녀는 버리시고, 어디 천하의 악녀를 데려왔네요. ㅎ 서부의 사나이는 마차 보다는 야생마 길들이기를 즐기누 법이죠 ㅎ",1
90,차값의 3ㅡ4배는 있어야죠 ^^,1
91,차 이쁘네용,2
92,후기기대댑니다,5
93,흥미진진하네요!!,2
94,1년 잘 버띤거죠 중간에 퍼졌으면 골로간거죠 ㅋ,2
95,잔고장 대왕 재규어,1
96,이쁘게 꾸미세요,3
97,대박~~~~,2
98,Stype 단종된다해서 체어맨 산거 후회하고 지금도 후회합니다 여러차 다버리고 결국 Xf타고 Ftype  샀습니다,1
99,유지 안될것같은 연락 주셔요. 매입 합니다.,4
100,ㅋ 저도 xj 가지고 싶은대 수리비 감당이 안되서 못사요,3
101,정마담님이 리뷰하신 차량이네요 33루4937,3
102,야..차이쁘다..산거야? 끌고함와~~^^,2
103,ㅋㅋㅋㅋㅋ,1
104,요즘 영국산 제네시스 기웃기웃거리는중인데 재규어도 구입하고싶네요,2
105,이뻐 ♡,1
106,썩차 좋아하시는군요 잘보고 갑니다,2
107,브루스님 정말 깜짝 놀랐습니다. 설마 이런 재규어 s 타입 정비에 관한 리뷰가 있을 줄이야. 감사합니다. 정말 세상은 넓고 고수는 많군요.,3
108,재규어 차주가 아님에도 안심이 되는 영상이에요.ㅋㅋ부품값이 고가 인건 알고 있었지만 뭐 부품이 단종되어 없다는 둥 디젤은 내구성이 약하다는 둥 케바케인거 같네요.에프터도 있다는거 어렴풋 알았는데 오늘 확실히 알아가요.더벙커때부터 아셨으면 오래되셨네요.너무나 재미있게 봤던 프로 였어요.황금같은 정보들 잘 얻고 갑니다.다음영상도 기대가 되요~,3
109,옳으신 말씀입니다. 싸고 좋은차는 없지요 특히 중고차는 어느정도 투자할 생각을 하고 투자비를 가산한 금액을 애초부터 예산으로 잡는게 옳다고 봅니다. S타입... 참 99년도에 처음 시판할때부터 10여년정도 재규어의 중핵으로서 그몫을 잘했던 차량이라고 생각합니다. 오히려 재규어는 현역일때보다는 단종후 그 진가를 더 인정받는 케이스가 아닌가 싶어요. ~ XJ도 그렇고 최초의 중형을 표방하고 나온 S 타입도 그 의미가 특별하다고 생각하는데..... 이제는 더이상 만나보기 힘든 순수자연흡기의 2.5나 3.0 내지는 그 윗급에서는 4.2까지도 옛날 얘기가 되버렸습니다. 그 당대에 나온 라틴계열의 알파로메오의 부쏘 엔진.... 그리고 재규어나 비엠더블유 그리고 메르세데스 등의 개성이랄까.... 이런게 그때만해도 명확했는데 작금은 그런게 없어진게 큰 문제라고 생각이 됩니다. 만드는 방식도 비스무레해져서 개성이 희미해졌다는 평판이 오히려 재규어나 마세라티등과 같이 태생적으로 니치마켓을 겨냥을 해야하는 한계점을 갖고있는 브랜드일수록 타격으로 다가오는 시대상이 아닐까 싶네요.,3
110,오랜만에 영상 올리셨네요. 저도 박승호대표님께 정비 받아보고 싶은데 거리가 거리인지라 쉽진 않아요. 새해 복많이 받으시고 멋진 쿠페 기대하고 있겠습니다~^^,2
111,재규어 정비리뷰 정말 도움이되네요.저도 여유가 되면 정말 사서 타보고 싶네요~다음차 또 기대가 됩니다~^^,2
112,궁금한게 있습니다.수입차들은 어디서 정비하나요?일반카센터?수입차 전문점?패드같은 경우는 일반 카센터에서 수리 가능하나요?,1
113,오랜만에 영상이 올라왔네요 ㅋ  늘 재밌게 보고 있습니다 사정이 있으셔서 그렇겠지만 올해는 더 많은영상 기대해봅니다^^,3
114,"재규어가 바디외엔 전부 짬뽕부품으로 조립한 차라 전기,냉각수, 등 문제가 많지요 ㅎㅎㅎ갬성으로 타는 차입니다 ㅎㅎㅎ",2
115,영상잘봤습니다^^영상보고올드카관심가는건처음입니다열심히찾아보고 하나가져보고싶네요~어떤걸로갈지 고민하고있어요 영상보고 렉서스로갈듯해요,1
116,기변왕!!! 다음 차도 기대하는중 ㅋㅋㅋㅋㅋㅋ,3
117,김해 사는데 아쉽네요 ㅜ역시 수도권이 수리 인프라가 잘돼있는듯합니다,3
118,재규어가 벌써 떠나가는군요...저는 가솔린모델로 실내 베이지 외관 진녹색 달리고 싶네요 :),2
119,S TYPE이 올드영역은 아니라보는데ㅋㅋ 올드 재규어 제대로 태우려면 X308 정도는 되야징ㅋㅋ,2
120,"천장에 뜨는 문제는,다이소에서 목공본드 1000원짜리와 주사기를 사서천 안쪽에 주사기로 본드를 주입후 수건으로 살살 문질러 주면 천장에 딱 붙습니다",2
121,정비를 어디에서 하나요?,1
122,2인승 쿠페 추천이라고 하긴 뭐 하지만 혼다 s660 어떠신지???,2
123,전 돈이 없으니 비슷한 오피러스 사서 퓨마 붙여야겟습니다..,2
124,이 모델은  2001년  드라마  호텔리어에서  배용준이  타던  차죠,2
125,이 형 목소리 떨리는 것 보소 ㅋㅋㅋㅋㅋㅋ,2
126,싸고 좋은 차는 절대로 없습니다. 그러나 비싸고 나쁜 차는 있습니다.,6
127,제 e30 sh모터스 한번 가봐야겠네요~~근데 이런 올드카도 하시는지는 모르겠네요~~,2
128,도전......응원합니다.....,2
129,슬슬 제차도 돈먹을때가 다가오는데 정비소추천감사합니다.,3
130,재규어이거 너무 이뻐요,1
131,복많이 받으시고 ㅋㅋ,1
132,렉서스도 영상 올려주세요,2
133,핸들소음- 클락스프링교체    천정 - 고질병 재규어의  모든차종  알칸트라로 교체 60만원    하체 부싱 올교체 ㅠㅜ400 ~,3
134,말씀 들으니깐 사람이 좋아보이네요 좋은 사람 냄새가 나네요,3
135,Bruce님  차량 팔렸는지요? 아직이면 제가 구매하고 싶습니다 답변 기다리겠습니다,2
136,디젤이라 서울시내 못들어가는거 아닌지,1
137,자동세차 들어갈수있어요?엠블럼이 걸려서요~?,1
138,"말씀하신 정비소 제 재규어 엔진 오일 갈러 가보니 두시간 걸리던데요?,, 엄청 버벅이시길래 불안해서 계속 옆에서 봤네요 .아님 제 차가 마루타 였던가;; 복불복이겠죠? 유명해서 간건데 ; 원래 빠르면 한 40분 걸리는 작업을.,사람마다 틀릴테니 제가 제수가 없었을수도 있겠죠 뭐",2
139,안녕하세요 혹시 어디지점 sh모터스인가요?,1
140,구입 생각중인데  .,1
141,형 sh모터스어느지점이애용?,3
142,사장님 여기 정비소 정보좀 알수 있을가요? 재규어 믿고 맡길 곳 찾고 있습니다,2
143,차 바꾸면 함 넘어오셔~~~~^^,4
144,양평동 이네요,1
145,중고차 사면서 브레이크시스템 확인도찬하고 사는 사람이 이런 유튭을한다 ㅎ 어이가없네,1
146,SH모토스가 어디 있나요,1
147,ㅎㅎ,1
148,안경 렌즈가 없는 안경을 끼고 있는 괴물. 또 돈자랑. 뭐야.,2
