,comments,likes
0,이런 사이즈의 차는 가족구성원의 승차감이나 편의성도 주요하게 따져봐야할거 같습니다.그러니 2열 3열 승차감 리뷰도 있으면 좋을거 같아요.,3
1,자동차리뷰  유튜버중 김한용씨가 제일 자연스럽고 보기가 편합니다.^^편안하게 잘봤습니다 ~,8
2,둘의 합이 잘 맞아서 너무 보기 좋아요♡,5
3,f150 기반으로 만든 SUV라 ㅋㅋㅋ 한국에 과연 이게 맞을까라는 생각을 많이 했는데 이제 출시 했네요... 엑스페디션 정도 돼야 풀사이즈 SUV라고 불르죠... 펠리세이드는 미드사이즈. 트레일러 브레이크 감도 조절하는걸텐데요 ㅋㅋㅋㅋ 무거운 트레일러에는 브레이크가 법적으로 달려 나와야 하니 차랑 트레일러 브레이크 싱크로나이즈 시키는거일겁니다. 그리고 시승차는 그냥 엑스페디션 이네요.... 맥스 버젼도 있어요. 트렁크가 더 커요,1
4,편집장님 마인드 대박 ㅋㅋㅋㅋ 꽉 막혔으면 이런 분위기가 안나는데 ㅋㅋㅋㅋㅋㅋ,33
5,진짜 주차공간 되고 세컨카 유지능력 되면 사고싶다..펠리세이드 타는데 진짜 저거 옆에 세우니 투싼이 되버리네,2
6,4:20 트레일러 브레이크 감도 조절 및 트레일러 메뉴얼 브레이크 입니다. 주행중 미끄러지거나 sway 현상 생길때 트레일러 잡아주는 거에요.12:30 트레일러 끌며 내리막길 내려갈때 브레이크 과열 되는거 막으려고 수동 변속 자주 씁니다.,7
7,모카 영상 자주올려주셔서 감사합니다 막내작가님도 자주 나와주세요 ㅎㅎ 분위기가 달라지네요 ㅎㅎ,4
8,파이브 헌드레드가 생각나는 외관이네요.다 맘에 드는데 네비가 너무 올드 해보이는게좀 아쉽네요. 도로에서 존재감 하나 만큼은굉장할 것 같습니다!,1
9,차가 크면 좋긴한데 한국에선 주차랑 골목길 운전은 힘들겠네요ㅠㅠ,5
10,확실히 대형 차량이라면 5m를 넘겨줘야 그래도 좀 낫죠프레임 바디는 아무래도 큰 차체를 유지하는데 최적이기는 하죠,1
11,왠지 모그에서 한용편집장님이 나와서 모카로 대성한것처럼 작가님의 작카도 편집장님 노하우 익혀 왠지 몇년 후 따로 독립할거 같은 예감이 드네요 ㅎㅎ,23
12,차...크기부터압도된다...지렸다...,2
13,F150의 SUV 버전이라 생각하면 편하겠군요 ㅎㅎㅎㅎ 펠리가 투싼이 되는 마법,1
14,요즘 차들이 워낙 비싸니까 저 사이즈가 8천이면 살만하네라는 생각이드네 ㄷㄷ,4
15,"ㅋㅋ 개그가 난무하는 모카영상, 약빨고 만드는 자막과 편집...볼때마다 좋네요 ㅋㅋㅋㅋㅋ",3
16,와 이거 며칠전부터 울 집앞에 있길래원래 있던차인줄 알았는데새로 나온거구나 신기허네지나다니면서 차 줄랭크다 생각했는데,1
17,링컨포드 정말좋아하는데 익스페디션 실내는 정말  올드 끝판왕같네요 ㅠ 쪼매변화를 주면 더 인기가만았을텐데,1
18,막내작가님 귀엽고 역시 촬영할때 엄청 신나게 하시는것 같아유~^^,3
19,우와~ 요즘 날씨 일교차도 큰데.. 좋은 정보 감사합니다,1
20,외관은 정말 압도적으로 이쁘네요 크고 웅장하고... 근데 실내 인테리어는 정말...ㅋㅋㅋ 하... 구매 욕구 싹 사라집니다,1
21,박선영의 모카는 못참지 ㄹㅇ ㅋㅋ,8
22,"뭔가 거대하네요 ㅎㅎ 내부가 엄청 넓직하게 보이기도 하고요 아! 그리고, 대각선 주차는 호주에도 있습니다 ㅎㅎ",1
23,차분하고 정선된 영상 잘 보았습니다. 굿~!,1
24,펠리세이드가 작은 차가 아닌데 ㄷㄷㄷ,1
25,이제 한용이형님은 디아2로 떠나시고 사실상 박선영의 작카의 시대가 온 것인가? 구독하러갑니다아,3
26,리뷰가 너무 좋아요~,1
27,다좋은데 전방 깜박이 위치랑 측면 깜박이 없는게 단점이네요 상대가 깜박이 인식 못하는 사각지대가 많을거 같네요,1
28,포드 옵션 역시 좋아익스페디션 사고 싶다짱좋네,3
29,영상 잘 봤습니다 사고 싶은 차네요^^마지막 쿠키영상 속 모카님 운전중 통화장면은 편집하심이 좋을듯요;,1
30,와 햄버거집 아이디어 참신하네요 bb 김한용님 앞으로도 좋은 리뷰들 많이많이 부탁드립니다~~,1
31,익스페디션 멋지다...ㄷㄷ,5
32,차가 얼마나 큰지 22인치 타이거가 안커보이네 ㅎㄷㄷ,1
33,19:15  테헤란로 삼성역 사거리  주행하는  모습   보기 좋습니다.,1
34,좋은차 멋진차 보단 매력적인 자동차인듯..,2
35,미국 현지에서 익스페디션을 봤을때 무척 반했는데 국내에서 볼까 싶었는데 보네.....물론 돈은 없지만,1
36,타고 나가면 존재감은 확실함,1
37,펠리세이드는 준대형 포드 익스페디션은 대형이니까 당연히 더 크겠죠...,1
38,모카가 드디어 막내작가님이 썸네일에 있으면 조회수 잘 나온다는 사실을 안 것 같다 ㅋㅋ,7
39,차 겁나 잘 만들었네요,3
40,요즘 모카 막내작가님 볼려고 일단 클릭하네요!! 계속 나와주세용,1
41,18:16 가장 하고싶은 말이었습니다. 이부분만 해결되면 굉장히 사고싶은 차가 될겁니다,2
42,주차 힘드러용 적당히 커야죠 !!,1
43,막내작카님은..사랑입니다♡ ㅎㅎㅎ모카의영원한치트키!! ㅋㅋㅋ,2
44,역시 미국차! 거대합니다.,1
45,캐딜락 과 비교영상이 필요할듯요,1
46,펠리세이드도 볼 때마다 크다고 생각하는데 ㄷㄷ,11
47,포드 익스페디션 최고급 가져온거 좋은데 그냥 기본 트림 가져와서 카니발 겨냥하면 좋았을텐데 익스페디션 8000만원이면 비싼거 같아요.,1
48,차 필요없고 막내작가 보러왔다아~~~모카는 1일 1선영을 허하라!!,1
49,저큰차 연비가 두자리수에 저가격이면 괜찮네요.,2
50,막내작가님은 촬영에 임하는 태도가 좋은 것 같아요. 성실해보임. 그러므로 더 찍어주세요. 근데 감한용 사장님 자꾸 서영씨을 찾으시는데 차봤서영님이랑 헷갈리시는 건가.,81
51,와 익스플로러도 좁은길 빡세던데,1
52,역시 이쁘네요!포드,1
53,우리나라에서 다목적으로 편하게 탈 수 있는 차량크기는 싼타페 쏘렌토까지가 마지노선..,1
54,좁은 나라에 도로폭도 좁고 주차장도 좁고 무엇보다 미세먼지 강국에서 차만 계속해서 커져가니 진짜 답이 없구나.,1
55,외부 익스테리어는 인정! 내부는 트럭 수준! 승차감은 버스 정도더라.,2
56,다음은 쉐보레 서버번 보고싶습니다!,1
57,역시 재고 처리라 그런가 실내가 너무 옛스럽네요...페이스리프트 모델 기대해봅니다~,1
58,가족이있는 캠퍼로써 정말가지고싶은차  근대 실내갬성이 너무빈티지인거만 빼면 정말좋은,1
59,저 차가 제로백 5초대... 라는게 신기하다..,1
60,"노래 선곡 오늘 미쳤다리,,,, 뉴욕느낌 뿜뿜이라서 더 미국차스럽네요!!! 선곡센스에 취하구 지나갑니다!!:) 작카화이팅!",1
61,포드 익스페디션 앞부분이 포드 파이브 헌드레드를 진인짜 약간 닮은 느낌이다,1
62,너무과격해서 좋다,1
63,"아우디 Q7 4.2fsi 타다가 일주일전에 익스페디션을 출고한 차주입니다. 현금가로 8240만원인데 딜러분 할인에 신차패키지 혜택에 범퍼 ppf 까지 받은 것을 포함하면 약 7800만원에 차를 산 것 같네요. 일주일동안 에코 모드로 주행해본 결과 복합연비는 11.2km로 큐세븐의 두배 정도 되는 연비가 나와 아주 만족스럽습니다. 가장 좋은 점은 차를 타고 저속에서 출발할때 쿠우우웅 하는 아주 좋은 배기음이 발생하는데 이 소리에 중독된 것 같아요. 조용하지만 중후한 느낌이 많이 들고 2열에 사람을 태우고 장거리를 많이 다니는데 2열에 탄 사람들이 한결같이 하는 말이 너무 넓고 공간이 쾌적해서 회장님이 된 것 같다고 말하더군요. 아무렇게나 다리를 꼬우거나 쭉 뻗어도 걸리는것이 없습니다. 패밀리카로 정말 좋습니다. 기사 댓글들에 보면 뭐 주차문제 실내 인테리어 등 단점들만 부각시켜 얘기하길래 솔직히 기대도 안하고 시승했는데 이 차는 시승을 해보면 바로 반할거라 생각드네요. 실내 인테리어의 단점을 박살낼 정도의 주행 컨디션이라 판단되고 독3사가 최고라 말하지만 미국차 다시 한번 생각해보셔도 나쁘지 않다 봅니다. 이 가격에 이 풀사이즈 suv 차량을 갖는것만으로도 좋은데 주행성능, 견인력, 쾌적한 실내공간에, 완벽한 3열 공간 충족으로 더할나위 없는 패밀리카라 봅니다. 주차는 어라운드뷰도 있고 360도 충돌 센서가 상시 작동중이라 주차하시는데 큰 어려움 없다 생각합니다. 실내 인테리어로 무시하기엔 가성비나 주행성능이 너무 좋은 차량이라 시승 한번 해보고 생각해보시리고 실 후기 남겨봅니다. 타호랑 네비게이터 익스페디션 고민하다가 익스로 넘어왔는데 잘했다 생각합니다. 모하비나 팰리세이드를 티볼리급으로 만드네요, 이 차량 금액이 아깝지 않은 차라는건 확실한 것 같습니다.",7
64,오! 탐나는 차인거 같습니다!,1
65,막내 작카님 원샷만 화질이 다름 ㅋㅋㅋ영상 다 정독하고 그거밖에 생각이 안남 ㅋㅋ,13
66,이건 평당 얼마인가요? 공간 널찍한게 좋네요,1
67,시에나하이브리드도 출시되었던데 시승기기대드리겠습니다,1
68,거 선영씨 영어 발음 너무 좋은거...,5
69,"와... 사람과 펠리 놓고 보니 정말 크네요 와... 크다...;; 일단 보자마자 드는 생각이 멋있다, 별로다 보다 그냥 크다;;; 것도 무지하게 크다;;",10
70,갓직히 미안해서 끝까지 보고 작카로 가드릴게요. 그래도 의리가 있지.,1
71,앞에 부분만 보고 작카로 넘어갑니다~^^,1
72,와....우리나라 주차칸 폭좀 늘리자,1
73,링컨 내비게이터랑 플랫폼이 같아서 거의 똑같은차라고 보시면 됩니다,1
74,작카 진짜있네요 ㅋㅋㅋㅋ 소오름,1
75,익스페디션 실제로 보면 진짜 큼,2
76,인트로 ㅋㅋㅋㅋㅋㅋㅋ 이 채널 정체성이 점점....,33
77,0:50 차봤서영과 박선영의자카를 둘다 소환하는 마법의 주문,2
78,덩치가 덩치인지라 존재감만큼은 확실할듯!!,1
79,차가 크니까 선영님이 더 귀여워보이네요,1
80,선영작카님 보이스 그냥 사랑스럽고 귀엽고 지켜주고싶고...  눈나 나죽어,1
81,막내작가님 미모는 오늘도 열일하시네요 ㅎㅎ 막내 작가님이 주는 햄버거 저도 먹고싶어요 ㅋㅋㅋㅋㅋㅋㅋㅋ,2
82,진짜 개 크다 사고싶다,2
83,SUV중에 제일 이쁘다 진짜,1
84,세컨드카로 한대 사고 싶네요,1
85,2일차 내용부터 재미가 반감되어버렸어...;ㅅ;,1
86,프로트그릴이 랩터의 큼지막한 FORD레터링이 들어가있으면 사겠는데아..그게 아니라서 좀 망설여 지...ㅋㅋㅋ,2
87,와 주차 개빡시겠다 ㄷㄷ,5
88,서론이 10분인 시승기 ㅋㅋ,1
89,구형 투싼이 트렁크 창문 저렇게 열여요... 예전꺼가 더 좋았네요..,1
90,신형카니발 하이리무진 출고후 바닥방음 시트 하체보강하면 7천중반  차라리 저게이익일듯,1
91,3:28 레전드 장면 (사실은 박선영작가님만 보려고...),5
92,"이경규씨, 차 리뷰 잘 봤습니다",2
93,작가를 미모를 보고 뽑으신듯 ㅎ,1
94,테슬라때문에 실내 디스플레이 작으면 올드해보여...ㅋㅋㅋㅋ,5
95,와 미모가~~~ 조회수 평소보다 높아지겠네요,2
96,x7과 익스페디션 중. 페밀리카로 뭐가 좋은가요?,1
97,혼자 하시는거 보다는 훨씬 좋은데요~,2
98,이제 타호랑 서버번도 나오면...,1
99,박선영의 작카만 기억에 남네,2
100,19:15 그냥 미국 배경이 되버리네,12
101,인트로에서부터 몇 선영이 들어가는 트렁크인지 궁금해졌다,3
102,그런데 익스페디션 타면 드라이브스루 이용할 수 있나요? 어디 걸릴것 같은데 ㅎㅎ,1
103,디자인이나 등등 보고 5천이면 되겠네 하고 생각했는데 8천 ㅋㅋ,1
104,자꾸 차박서영님을 노리시는 한용님!,1
105,아 어쩜 저렇게 이쁠까😝❤️,2
106,"7:11 피디님, 용 기자님을 보내버릴려고... ㅋㅋㅋㅋ",1
107,차는 진짜 이쁜데 F150이랑 외관말고 다른게 뭔지도 모르겠는데 가격은...참.....,1
108,원드래곤 라인제로 꿀 조합,2
109,과연 주차할 공간을 쉽게 찾을 수 있을까....?,1
110,"가끔나오는 ""오랜만에 누워보는군"" 설레요",1
111,0:03 선영님 아르바이트생 같았음.😄😄0:49 익스패디션 옆에서있으니 선영님이 더 귀엽네용.🥰🥰,6
112,한용이형 요즘 대사가 자꾸선넘네 ㅋㅋ,1
113,8:35 피곤한용ㅋㅋㅋㅋ🤣🤣,1
114,주차는 어찌어찌 한다고 해도 문도 못열거 같은데... 진짜 크긴하다,2
115,저렇게 큰차가 가솔린 ㅋㅋㅋ,1
116,05:07 레전드 ㅋㅋㄲㅋㄱㅋㅋㅆㅋㅋㅋㄱㅋㅋㅋ,61
117,차좋네요 영상잘봤습니다,1
118,쉐보레 오너들이 트래버스 빨리 들여와야 된다고 그렇게 말해도 밍그적 거리다 팰리랑 익스플로러가 대형 SUV시장 다 먹고 나서 가지고 와서 판매량 폭망하고 타호 빨리 가져오라고 그렇게 말해도 익스페디션 출시해도 타호 들여올 생각을 안하는 것 보면 GM은 한국에서 장사하고 싶은 마음이 전혀 없는 것 같습니다.,1
119,"이 차의 가격 8420만원은 헷갈리신거 같고, 8240만원입니다~",1
120,16:06 ㅋㅋㅋ 머쓱타드 ㅋㅋㅋㅋㅋ,1
121,3:25 자막 개웃김ㅋㅋㅋㅋㅋㅋㅋㅋㅋㅋ,19
122,언제부턴가 인트로가 매우 기대됨 ㅋㅋ,1
123,6:29 한용기자님  자꾸 차봤서영님이랑 선영작가랑 헷갈리시는건가 ㅋㅋㅋㅋㅋㅋㅋ,1
124,작카 발라내기도 힘들겠네요... 잘 정리하시기를 ...,3
125,익스플로러 오너인데 한국에서 대형 SUV를 몰 때 가장 절실하게 느끼는건 주차공간이더군요. 더군다나 평행주차가 안되니 항상 기둥 쪽 공간만 찾게 됩니다. 막상 찾아도 확장 주차장이 아니면 조금 타이트하게 내리게 됩니다.,2
126,03:06 틈새에도 발음보소 ㄷ ㄷ,72
127,한용형님 요즘 치트키자주쓰시네요 ~^^좋습니다 칭찬합니다,1
128,20:43 운전하면서 통화하는건 안됩니다.,2
129,포드 디자인은 참 일관되게 무난하다....,1
130,포드 익스페디션 vs 링컨 에비에이터 리저브가격대 비슷한거 같은데 뭐가 더 나을까요???,1
131,일반 성인 남성기준 몇 선영쯤 되어야 차박을 원활히 할수있나요 선생님!,1
132,포드는 타본 사람들은 안다 얼마나 호불호가 생기는 차인지 ^^ 참고로 난 엄청 좋았음.,1
133,???: 야야! 한국에서 차박이 유행중이래..익스페디션 : 그래? 나도 좀 끼자,1
134,박.선.영.의.작.카...메모...,35
135,"김한용기자님 퐈이팅,,,,,,, ㅎㅎ 기자님  요즘 퐈이팅이 좀 줄었어요,,,,,자동차의 단점들을 소신껏 까 주세요,,,,,,  요즘차들은  너무 좋아져서 깔게 없나요??? ㅎㅎㅎㅎㅎㅎㅎ 그렇다면  굿,,,,,,,,,,  좋아요 5명 갑니다 ㅎㅎㅎㅎ",1
136,김한용기자님 혼자만 했음 좋겠다..그냥 김한용기자님만 하는게 훨씬 듣기 좋고 집중도 잘되고 좋아요..,1
137,모카를 보면서 인트로를 두번이상 본적은 처음이네...,1
138,기아 스마트엔진2.5를 확실한 설명 부탁합니다. 엔진오일이 다 타고 있는데 그 설명은 왜 하지 않으실까요?,3
139,와... 진짜. 이쁘다.,3
140,"모카는 막내작가 출연시킨게 신의 한수다 얼굴도 이쁘신데 딕션,발성,목소리도 좋으심ㄷㄷ 아나운서 준비하시던 분인가..",5
141,선영작가님과 좋은 마무리부터 하심이!,2
142,한국이니펠리가 큰차지미국에서는 펠리 작죸ㅋㅋ,1
143,0:54저 여자분 마네킹처럼 생겼네요80년대 마네킹그리고 웃지를 못하시네요?왜 자연스럽게 미소를 짓지 못하시나요?상당히부자연스러워 보입니다감정과 얼굴 활짝 피는 미소를 보여주기엔 스스로가 부끄러워서 일부러 감정을 넣지 않고 활짝 웃지 않는 절제미소(라고 쓰고 어색미소라고 읽음)를 의도적으로 선택하신 건 아닌가요?그럴거면 뭐하러 등장하신건가요? 그냥 편하게 활짝 웃는 모습을 보이시는 게 시청자들도 덜 불편할 거 같아요.진심으로 드리는 말씀입니다. 스스로가 스스로를 부끄러워 하면 보는 사람도 불편합니다.충분히 자연스러워도 될 분인데 왜 그리 어색한 얼굴과 펼치지 못하는 감정선과 얼굴모양을 만드시는지 이해가 안되네요.feat. 무조건 빨아주는 칭찬글이 아니면 악플이라는 무개념 선입견을 버리세요난 질문을 했을 뿐임,1
144,이형도 슬슬 인트로튜버가 되가네,1
145,03:59 역시 방지턱 넘을 때 뒷자석 통통 튀는건 여전하구나...,1
146,디스 이즈 박선영의 모카😎😎😎,1
147,외국차들 특히 suv같은 건 무지 큰데... 아무래도 사람들 덩치가 있으니...,1
148,ㅋㅋㅋ 왜케 커 ㅋㅋ 저 차는 마트가면 차 댈곳이 없을거 같은데 ㅋㅋㅋㅋ 너무 커 ㅋㅋㅋㅋㅋㅋ,1
149,모카 좋은회사네요,1
150,진짜... 실내디자인은 너무하네,1
151,저 덩치에 5.9면 펠리보다 훨빠른거아녀..와..내차보다 빨라.. 플러그인하이브리드인디..,1
152,어유 익스페디션 선 넘네 ㅋㅋㅋㅋㅋ,1
153,우리나라에서 주차하면 문콕 당할거 감안해야되고... 오래된 곳에 주차장이면 꽉차고 넘쳐....,1
154,이형 포드 시승기라서 조회수 안나올까봐 막내pd 찬스 쓰심.,1
155,ㅋㅋㅋㅋㅋㅋ 초반부터 빵터짐 ㅋㅋㅋㅋㅋㅋㅋㅋㅋㅋㅋㅋ,1
156,7:30 3열 설명할때 에코부스터 작동..ㅋㅋ,1
157,주차 어떻게 하죠? 우리나라에서는... 조금 힘든차량같아요,1
158,이집 인트로 잘하네요ㅋㅋ,3
159,인트로보고 안들어올 수 없었다 ㅋㅋㅋㅋㅋㅋㅋ햄버겈ㅋㅋㅋㅋㅋㅋ,7
160,주차하기 어려울거 같기도...사이버 트럭보단 작죠?,1
161,실내는 트럭이네요~,1
162,우리나라 도심에서는 너무 과한 차죠...건물 주차장 출입구나 주차장 공간 도심속 평범한 골목길 등을 생각 하면 부담스러운 사이즈라고 생각 됩니다. 400마력에 66토크도 실생활에서 얼마나 쓸지 모르겠구요...미국은 땅도 넓고 도로도 넓고 대부분 아파트가 아니라 차고지 있는 단독주택이니 저런 차 가지고 다녀도 별 부담은 없을듯....,1
163,펠리세이드 ㅋㅋㅋ순간 0.5 배뉴 느낌났네,1
164,서영씨 한번 나와주셔야겠네요,1
165,10분 이후로는 한용이형만 나오시나봐요?  그만봐야겠다ㅋㅋ,2
166,차는 큰데영상 길이는 9:40 밖에 안되다니...,1
167,좋은점은 모카가 협찬 받으니. 다말했고.나쁜점 말해줄게 고급유 넣고 차막히면 밟으면 500원씩 나감.아파트에서도 주차하면 눈치보임.공영주차장 주차하면 차문. 못열때 많음.부산 골목길 잘못들어서면 ㅈ됨.,1
168,네비가 너무..깜찍한데,1
169,와... 너무커서 주차선 넘는거 봐라... 아 주차장 테러범이네 ㅠㅠ,1
170,이정도 크기의 차면... 그릴이나 엠블럼 f150같이 가야하는거 아닌가???,1
171,옆모습에서 왜 코란도 투리스모의 향기가 나는것같지,1
172,치트키 또 쓰시네요ㅋ 감사합니다.,3
173,박선영 등장 이후로 모카가 점점 재미지네...김한용님 선영씨 의상 좀 사주쇼... 오늘 의상 전혀 예쁘지 않아...ㅋㅋ,1
174,주차하면 옆으로 여유 공간이 너무 부족할 것 같습니다.,1
175,"0:50 ....... , 3:21 여기서는 잘하셨는데ㅠㅠㅠ, 06:27 ㅠㅠㅠㅠㅠㅠㅠㅠ",1
176,진짜 몇대 안팔리겠다,1
177,4:21  트레일러 가까이 멀리 아니고 트레일러 전자브레이크 컨트롤러입니다,1
178,저 2대 주차선 지켜서 주차하면 한대는 조수석으로 내려야겠다.,1
179,익스페디션 헤비구스다운은 있는데...이제 포드 익스페디션만 구매하면 되겠네요.,1
180,저건 기름값 세차 청소가 제일 난감하겠는데,1
181,심지어 저 익스페디션은 숏바디모델...,1
182,7:27 만만치 않구나! 에 에코? 효과 넣으면서 뒤에까지 들어간거 같은데요?갑자기 목욕탕 사운드,1
183,와 크다....ㄷㄷ,2
184,3:35 신의 한수,1
185,솔직히 팰리세이드가 내외관은 훨씬낫죠. 크기가작을뿐.,1
186,차가 너무커서 타이어 커보이진 않았는데 높이가 엉덩이까지 올라오네 6:00,1
187,다좋은데 주차장에서 내옆자리이면 댕빡칠듯 싶다 ㅋㅋㅋ,1
188,올림픽공원에서 촬영하시는데 그 근처 자주가는데 왜 난 한번도 못봤지ㅠ,1
189,11:19  형 연비 2.9 ㄹㅇ 실화야??,16
190,"원드래곤님, 이제 인트로도 맛들이셨나요?",1
191,19:06 가격 8240만원입니다~,4
192,포드 익스플로러 차가 커서 골목같은데서 불편하지..,1
193,너무커서 주차장서 보면 극혐일거같습니다 ... ㅜㅜ,1
194,좋은데 주차라인과 가격이 잡네요,1
195,선영씨 보러 왔어요~~,2
196,서울에서 드론 띄워도 되나요?,1
197,모닝도 들오가겠네요..,1
198,서울사시는 박선영 작가님 ㅎㅎㅎ 찐발랄근데 자꾸 서영이 ㅋㅋㅋ 한용님! 차봣서영 서영님 이랑 헷갈리심 안돼요!ㅎ,2
199,막내작카님 사랑해요,1
200,이러케 야외에선 시원하게 마스크 벗고해죠,1
201,죄송합니다 이제야 알았습니다 구독좋아요누르러 갑니다 선영님,1
202,미국같은 땅덩어리 큰 곳에서는 끌고 다녀도 스트레스 없겠지만.. 갓길 주차 천국인 한국에서 타기엔 차가 너무 큰 듯.. 주차장에서도 본의아니게 민폐 ㅋ,1
203,차 포스 죽인다 ㅎ ㅎ 개인주택아니면 절대 타지마라 좁아터진 아파트에서 카니발.펠리쉐이등 주차방해 민폐차종,1
204,지하주차장에 못들어갈듯한 크기내요...;,1
205,트레버스보다 큰가요?,1
206,이정도로 큰 차는 1종보통 이상 면허자만 끌게  해야하는게 아닌가.. 할 정도로 크다 ㅋㅋ,1
207,너무 크다 한국에서 단독주택안사는이상 이러큰차를 주차하기도 힘듬,1
208,ㅋㅋㅋ이 차 많이크네 서울 아닌곳에서는 탈 만할둣,2
209,내년에 신차나오는데 지금 수입해오는 개념은 뭐죠 포드코리아,2
210,그와중에 킥라니 ㅋㅋㅋㅋ,1
211,이차랑 토요타 포러너에서 갈등 때리다가 포러너 지름.. 이차 나쁘지 않은데.. 한국 도로에서는 .. 비추,1
212,09:13 쩜 위치가 바뀐거 아닙니꽈?!,1
213,작가님 어서 모카 채널을 접수하세요,1
214,주차장도 좁은 나라에서 저렇게 덩치만 산만한 차 주차 라인 제대로 칼주차 안되어 있으면 진짜 짜증남. 주차칸 비어 있는데도 저런 차 때문에 다른 자리 찾아서 뺑뺑 돌고 있다 보면 진짜로 확 가서 부셔 버리고 싶음.특정 면적 이상 주차 공간 차지하는 차들은 특별세 신설해서 세금을 추가 부과하게 해야 됨. 그 돈 모아서 주차장 신설.,2
215,아파트 주차하면 진짜 민폐되겠네,2
216,사랑해도 되나요 모카 아니 박선영 작카누나,1
217,차량에 대한 정보를 꼼꼼히 설명하지 않은듯...구동방식이라든지   선택할수 있는 칼러 등등...,1
218,한국대형마트가면 못내리는거 아닌감요ㅋㅋㅋㅋㅋㅋ 트렁크로내려야하나,1
219,와 익스패디션 같은 차는 제발 내 차 옆에 제발 주차하지 말아주세요....,1
220,작가님 어서 모카 채널을 접수하세요,1
221,막내작가님 비중을 늘려주시길 ㅎ,2
222,한용편집장님 죄송합니다. 작카로 환승할게요~ ㅠㅠ 어쩔수없네요 ㅠ,1
223,중간에 오디오 이상한건 기분탓인가...,2
224,싫어요는 펠리세이드 차주들인가?,1
225,한용님만 나오셨음 좋겟음...,2
226,ㅋㅋㅋㅋ 선영씨 이쁘당 ㅋㅋㅋㅋ,16
227,5:07 현대차는 앰이 없다 메모...,1
228,19:03 포드 딜러입니다.!! 대표님 8240만원이에요 ㅜㅜㅜㅜㅜㅜ,2
229,막내작가의 모카.,1
230,처음 나왔을때보다 살 많이 빠졌네,1
231,3:19 아니 전용카메라 한대를 큰걸로 붙였다구요???? 이게 말이 됩니까? 당장 3대로 늘리세요. 선영씨가 모카 점령한거 맞잖아요. 다들 선영씨 보러 오시잖아요. 모카 구독 끊고 작카로 가야지.,1
232,이게 진짜 suv지,1
233,펠리세이드의문의1패,1
234,원샷카메라 크기봐 ㅋㅋㅋ,1
235,ㅋㅋㅋㅋ 주차선 안에 안들어가네요 ㅋㅋㅋ,1
236,트래버스가 좋을가요 팰리가 좋을가요,1
237,20:42 이런 장면은.......... 좋지 못합니다. 반성해 주세요. 운전중 스마트폰을 손에 잡고 통화라니요......,1
238,한용이형이 난쟁이가 됐어!,1
239,트레일러멀리 가까이가 아니라 브레이크장력설정...,1
240,박선영의 법카,1
241,연비가어떻게나오나요?,1
242,헤드레스트가 부실한듯한데,1
243,거진 대형 박스카  ㅋㄲㅋㅋ,1
244,돈 많이 벌면 타야지!,1
245,타호만 기다리고 있습니다,1
246,연비 3키로 잘나오면 4키로입니다,1
247,3:37 심멎,2
248,박선영의 모카   김대표의 질투로  작카채널 오픈.통통 서영  아니라구욧. 하뇽씨😤,1
249,K3 광고 올라왔던데 곧 영상 올리시겠죠? ㅎ,1
250,💕🍀🌸오오 이쁜디✨🌟🌹,1
251,기마뇽님보다 작카님을 원합니다,1
252,실내 진짜 무슨 옛날차 같네 ㅋㅋ 진짜 여행 차박 낚시 이런 사람만 실용적.,1
253,전국에 있는 팰리 오너한테 사과하세요(?),1
254,"마지막 오토바이 커플 장면에서 룸미러에 통화하시는 모습이 찍혀있는데, 뒷말 생각해서 삭제하는게 좋을 것 같아요~",1
255,03:35 바로 구독 누르러 감,2
256,연비가?? 물론 외제차 타는 분들은 연비 안 따지긴 하지만 ㅋ,1
257,0:52 선무룩... 그러게 왜 이름을 틀리셨어요!!,3
258,유익한 영상 잘봤습니다~포드 익스페디션 할인 및 취/등록세 등 디테일한견적 궁금하신분은 제채널에도 놀러오셔서정보얻어가세요^^,1
259,20:42 편집장님 주행중 휴대전화 통화 아닌가요???,1
260,미국적이라 투박한게 아니라 5년전 차라서 그래요. 기자님 아무리 지원받았어도 말은 바르게 좀 하세요.,1
261,00:02 햄버거 파는 여자분 귀엽 ㅋ,5
262,카니발7인승보다 보다 넓나요,1
263,허세....현대 제니스시  아닌가용~~??,1
264,7분27초 부터 8분까지 음성이 중첩되서 울리게 들려요~,1
265,햐~~~ 아쉽다 아쉬워 ㅡㅡ; 큰덩치 밴댕이 소갈딱지 같은 액정화면과 답답한 디스플레이,1
266,3:28 좋은 카메라 좋은 미모...,1
267,펠리 사느니 포드 사지!! 누가 그돈 주고 현기차 사나?,1
268,7:08  ㅋㅋㅋㅋㅋㅋㅋㅋㅋㅋ,39
269,막내작가님. 끝내주내,1
270,05:06 영상 한줄 요약.,11
271,이따 사러갈라구요,1
272,솔직히 너무 광고티남 ㅎㅎㅎ 싼마이 버튼을 싼마이라 할 수 없는 ㅎㅎ,1
273,Mosaic the room mirror in the BMW couple scene,1
274,0:55 서영 선영...ㅋㅋㅋㅋㅋ,20
275,둘이 먼가 그런데   썸타는데  차는떠나고  둘이 썸탄 다 1표,1
276,00:10 거기 어디죠? 저도 매일 갈래요😃,2
277,14:45 ??? : 브레이크에서 발 떼보세요,17
278,라면먹으면서 아껴봐야지.,1
279,05:06 !ㅋㅋㅋㅋㅋㅋ,4
280,말이 막내 작가지... 채널 분위기를 띄워줄 여성 진행자 뽑으신거군요...,2
281,어.. 중간에 오디오에 문제가 있는듯?,1
282,1:59 딱은 묵음처리인가요 ㅋㅋㅋㅋㅋㅋㅋㅋ,12
283,?? 점점 인트로맛집이 되어간다 ??,1
284,5:06 ㅋㅋㅋㅋㅋㅋㅋㅋㅋㅋㅋㅋㅋㅋㅋ,7
285,인트로 ㅋㅋㅋㅋ,4
286,19:55 국산차 저격..? 저부분보면 국산차밖에생각안나네,2
287,"가치보다 허세가 많은차 제네시스,홍치 이야기 하는거같은데 ㅋㅋㅋ",1
288,골목주차나 안했으면 좋겠네..,1
289,채널 진짜 생겼네. ㅋㅋㅋㅋㅋ,1
290,기자님 K3나왔대요 고고우,1
291,한용기자님 사모님이 질투하실듯,1
292,4:20 예?? 트레일러 브레이크가 트레일러를 더 멀리 가까이한다구요??예??? 모르면 모른다고 하셔요,1
293,주차 어쩔겨.. 우리아파트에 주차했으면 2개주차 물고있을듯,1
294,7분대 오디오 ㅎㅎㅎ 편집자님 혼나겠네,1
295,와... 차 존나크네,1
296,앞 포드 뒤 링컨 이건가?,1
297,오토홀드 있나요?,1
298,어? 박선영의작카 아니였네?ㅎ,1
299,바디온 프레임 인가요?,1
300,주차하면 민폐다....,1
301,스토리가 왤케 웃기지,1
302,누구인가 ? 작카  요새 자동차유버님들 여성분들과 같이 많이들 나오시네요  트랜드인가  허허허허,1
303,작가님 썸네일 보고 들어왔습니다.. -_-,1
304,3:30 안녕히 계세요 여러분~~~,1
305,스모선수 같네요,1
306,쉐보레 타호인가? 그것보다 크나요??,1
307,눈나 나 죽어~ 개이쁘덩,1
308,네비화면 우짜요 진심 작고 아래있어서,4
309,선영씨 남자친구 있나요? 너무 매력있으시네,2
310,인트로 뭔데 ㅋㅋㅋㅋㅋㅋㅋ,1
311,??? :  오랜만에 함께 누워 보는군(::::::::),2
312,오 미녀 !!!,2
313,7:27여기서 목소리가 두번씩들립니다..편집 실수인가요?,1
314,이쁘다,1
315,기마뇽이 사람 은근 무시하네,1
316,3:05 발음굿,62
317,음 왕년에 알바좀 해본듯,1
318,미국에서도  몰에가면 아줌마 주차 쩔쩔,1
319,엠이 없는 현대차 ㅋ ㅋ ㅋ,1
320,0:50 / 6:28 서영씨?! 차봤. .?!,1
321,서영 막내 작가님 혹시 겉옷 정보좀 여쭤봐도 돼요?,1
322,19:06 8240만원이에요,2
323,버스같아요,1
324,내장쪽은 팰리보다 싸구려 느낌이좀 많이나네,1
325,이집 작가 끝내주네. ㅋ,1
326,선영작가나오는건 못참지,2
327,8240아닌가요,2
328,김대표 연기는 안하는걸로...;;,1
329,목소리가 어디서 많이 들어본거 같다 했는데 성유리가 떠오르는건 저만 그런가요?,1
330,자꾸 우리 주인공님 이름 틀리시면 어뜨케요 원드래곤님 ㅡㅡ,1
331,현대차는 M이 없다고?,1
332,윤태진님 닮으신듯,1
333,나만 자꾸 말하는 소리가 겹치거나 작아지거나 그러나?,1
334,3:13 그와중에 찌질한 공유킥 교복돌이 ㅋㅋㅋ,1
335,주차장 민폐카,1
336,오늘 트렁크는 몇선영?,1
337,한국에서는 저런차를 주차를 어떻게 하냐,1
338,1:57 다마챌: 플딱(?)이네..,1
339,오늘은 무슨 말이든 객관적으로 와닿지 않습니다.......,1
340,오늘 트렁크는 몇선영?,1
341,설명이약간흐리네요유투부를보고뭔가를판단하기어렵네요,1
342,형 죄송해요 형나오는거 스킵하고 선영님 나오는 것만 봤어요,1
343,크다...,1
344,목소리가 성유리하고 비슷하시네,1
345,막내작가 뮤지컬에 대해굉장히 잘알겁니다 한번물어보세요,1
346,거기 햄버거집 어디요~~ 나도갈래,46
347,분위기 메이커 인데유 막내작가님,1
348,모하비네 ㅎ,1
349,아니... 그래서 전여친분이랑 어떻다구용??,1
350,차봤서영님을 자꾸 부르시면 어쩔,1
351,저정도에 8000이면싼건가요?타호나 서버밴은이거보다가격이낮게나와야 승산이있겠군요타호 4000~5000서버밴 6000~8000,1
352,센터콘솔 디자인 봐라;;;;누가보면 90년대 자동차인 줄 알겠네;;;,1
353,어디 주차하누,1
354,머쓱;;,1
355,1등!!!!❤️,6
356,미친 광고 오지네,1
357,전여친하고 같이~  땡~~~  ㅋㅋ,1
358,끝물이라 전 다음모델로,2
359,현대 차는 애미 없어,3
360,이거 근데 재고처리임.,2
361,꽉끼는 청바지에 앉고 눕고 쪼그리고 벌리는게 트랜드 인가,1
362,럭셔리?,1
363,아 5초전~~~,1
364,03:51 영상뜨기전 구독자도 주나요?,9
365,이분이 퇴사하셨다는 그 분이군요,2
366,여자분 너무 마른거 같애요 졸라맨 같애요,2
367,저분 보기 쫌 그런데 참...,1
368,아빠와딸인가요?,1
369,자꾸 부르신단 소문 듣고 달려왔서영...,6
370,남자같이생겼음..^^,1
371,없어보인다흉기ㅎ,2
372,쓰레기 또  만들엇네 한국 철수 안허냐 ㅋㅋ,1
373,이건 무슨 개그를 보는 것 같네요. 웃길려고만 애쓰지 말고 내용전달에 노력해 주세요. 그리고 여직원은 너무 가벼워 보입니다.,1
374,여자분 안나왔으면 좋겠다ㅠㅠ,8
375,역시 2열은 김선웅기자님이 직접 탑승해주시고 손바닥도 넣어주셔야 공간감에 대한 느낌이 확오네요,61
376,"미국 가격대비도 잘나온 모델, 다만 아쉬운건 신형이 나오기 전이라 재고처리 느낌이 강함. 알빙을 즐기시는 분들에게는 모하비가 한계였는데, 익스페디션이 나오면서 드디어 24피트 이상급 미국식 트레일러도 견인이 가능해짐.",6
377,실내가 트럭처럼 살짝 투박하긴 하지만 주차 문제만 아니었더라면 한 번쯤 소유해보고 싶은 차네요..,9
378,덩치도 큰데 제로백도 엄청나군요. 약간 닷지 느낌이 나는 위압적인 크기. 잘 보고 갑니다 ~~,14
379,와 10단 변속기도 처음보는데 널뛰기라는것도 있네요 ㄷㄷ,4
380,신형에스컬레이드를 기다리는 사람들이 많던데 익스페디션이 가격차이를 내세워서 대체제가 될 수 있을지 정말 궁금하네요영상 감사히 보겠습니다!,11
381,이때가 405마력 / 66토크 정도 되는데 곧 페리되어서 들어오는 모델은 440마력 / 70.5토크니까... 스포츠카가 아닌 이상 웬만한 달리는 차들도 이 덩치의 차를 보고 긴장해야 할 듯 하네요 ㅋㅋ,3
382,제 갠적 최애의 차량 전문 채널입니다. 잘 보고 있어요. 고맙습니다.,9
383,"현재 2,500킬로 정도 탔습니다. 미국차 무시한 것 반성합니다. 자동차 역사가 그냥 있는게 아닌것 같습니다. 차를 타면서 제가 느낀점과 정확히 똑같이 말씀하시네요~~ 저속구간의 안락함에 충격였고 저속 운전 중 순간 가속에 다시 한번 놀랬고 차 높이가 1.9미터 임에도 차가 전혀 불안한 느낌이 들지 않는것에 또 한번 놀랬습니다. 한번 타보면 중독됩니다. 미국차에 대한 인식을 바꿔야 합니다.",25
384,수고하신 리뷰 동영상에 댓글들 수준이 참 아름답네요좋은 정보 고맙습니다!,4
385,오토뷰 화이팅!!! 항상 잘 구독하고 있습니다. 포드 익스페디션 리뷰 감사드립니다,9
386,10여년전 군대 스카이라이프로 보던 오토뷰. 오래오래 리뷰해주세요~~,12
387,가장 공정성이 있는 채널 언제나 응원 합니다,4
388,성능도 좋고 다 좋은데 실내 디자인이 너무너무 투박하네요...ㅎ,3
389,예전처럼 가속되는장면 보고싶습니다!!,2
390,전반적으로 좋긴하네요..가격을 생각하면...음역시 포드는 국내에 재고를 판매할 목적이 확실하게 느껴지네요,4
391,"대형suv는 주로 가족과 함께 이동수단으로 사용하는 경우가 많아서요 실내공간의 만족도, 안락함으로 타는 차인 듯합니다(제 생각).물론 덤으로 가속능력도 좋으면 좋을 듯도 합니다.  코나n을 시승해바야 가속감 등등을 알 수 있을 듯 합니다(세컨카로 고민중요). 아무래도 차체의 크기가 달라서요.. 전에 suv 살때 고민했던게 이차였는데 결국 팰리세이드 풀옵을 구매했습니다(3.8로요). 담에는 이차 고민을 좀 해바야 할 듯 하네요.. 늘 유익한 오토뷰 리뷰 잘 보고 있습니다. 수고하십시요.",1
392,진짜 사이즈 미친다 ㄷㄷ,14
393,우와.. 힘이 엄청 좋네요..,5
394,와..사이즈 미쳤다,4
395,지금 익스플로러 12년식 여적타고있었는데 전기차말고 이거로 넘어가고싶네요 김피디님 항상 건강하셔서 오래도록 리뷰해주세요,4
396,포드가 세상에서 제일 잘 만드는 F-150 기반이니 좋을 수밖에 없을 듯... 그나저나 엄청 큰 차인데... 엄청 커 보이게 디자인 했네... 일본경차 보는 느낌...,3
397,진심 유럽차보다 미국감성차가 더 멋있다!!!!,4
398,너비가 2미터가 넘어가면 사실상 우리나라에선 제약이 너무 많죠 ㅠ_ㅠ,18
399,크기가 ㄷㄷㄷ 주차가 너무 힘들듯,4
400,차량 리뷰는 여기가 젤 좋다,15
401,와ㄷㄷㄷ주차장에꽉차겠네요👍👍👍👍👍👍👍,5
402,가속 성능이 장난이 아니네요,9
403,오토뷰의 멋진영상 알찬정보~~ 감사합니다.,4
404,아~갖고싶다~~익스플로러5세대랑 외형이 비슷한점이 많네요,1
405,오토뷰시승기 기다리고 있었습니다. 가족들이 이 차 구입을 다 반대하네요. ㅎ,5
406,저 덩치에 제로백 5.9초 ㅎㄷㄷ 하네요,28
407,차박하기엔 최고의 차네요... 트래버스가 안방수준이던데 이건 그냥 거실 수준...,5
408,카니발보다큰 실내외공간.....엄청난제로백...그리고 프레임바디의 4륜.....,22
409,저런 크기의 준기차 가지고싶네. 캠핑도 안하고 집돌이지만 저 덩치 매으 탐나,4
410,확실히 대형차는 미국이 잘만드는거같음. 좀 투박하긴해도. 현기는 가만보면 작은차체를 어떻게든 늘려서 무리주며 키우는데 말이지.,2
411,제로백 미쳤네 2.6톤이 ㄷ ㄷ ㄷ,8
412,링컨 네비게이터 실물로보니 크기가 ㅎㄷㄷㄷ디자인도 ㅎㄷㄷㄷ..suv 종주국답게 suv는 진짜 미쿡차가 좋은듯,25
413,좋은 영상 감사합니다 ^^,2
414,기함 그 자체,15
415,익스의 익스테리어에 네비게이터 인테리어 넣으면 좋겠어요. 시골 널널한데 살면 한대 땡기고 싶네요. 일반 이파트는 주차 빡시겠어요.,2
416,오! 여기서 익스페디션을 다 보네요.😄😄잘보겠습니다.,10
417,서양인과 동양인의 근본적인 피지컬 차이...오늘도 잘 보고 갑니다.,21
418,익스플로어가 중형이였다니;; ㄷㄷ,5
419,김PD님 잘 보았습니다 스타리아도 리뷰 부탁합니다!!,2
420,"3열이 필요해서 카니발 살까하다가 넘어왔어요. 센터페시아는 진짜 ㅠㅠ 이에요 2,3열 시트뒤에 부직포도 안습이구요. 진짜 기본적인 것들에 충실한 느낌입니다",15
421,계약하고기다리면서본영상중 최고인듯합니당 ㅎ,6
422,아주 우람하고큰! 차네요!,4
423,링컨 에비에이터 2열 졌혀지지 않았는데 역시 익스페디션 기함이네요~~~   로망이 되었네요^^,1
424,사랑해요 오토뷰!,5
425,인테리어는 13세대 f150이랑 거의 같아요. 영상에 f150은 현재 풀체인지된14세대,3
426,5.9초.. 이야기 끝오토뷰 항상 감사합니다.,23
427,역시 포드,3
428,와 저 덩치 제로백 5.9라니,8
429,트래버스가 중형급이라니 세상에...,27
430,포드는 익씨가 많군요 외관은 좋아보입니다,3
431,대한민국 자동차 리뷰의 끝판왕...오토뷰.....,2
432,미국차 대단하네,3
433,믿고 볼만한곳 여기뿐이네요.,8
434,이건 한국땅덩어리에 굴러다닐 차가 아니다. 차박한다면 대박,1
435,진정한 아빠가 가지고 싶은차... 현실은 카니발... 펠리세이드,5
436,카니발 하이리무진 해야되나..고민되던중 이차량을 알게되었네요.에어서스 아닌거같은데 카니발보다 승차감이나 운전성능 은 더 만족스럽겠죠??,3
437,솔직히 오토뷰를 다른 유튜버들이랑 비교하면 안 됨. 근본이 다름,6
438,"미국에선팰리, 싼타페, 텔유라이드, 익스플로러, 쏘렌토 모두 중형에 들어감. 다만 팰리, 텔유라이드, 익스플로러, 파일럿같은 애들은 중형 3열소렌토, 산타페 이런건 중형 2열로 분류됨투싼 스포티지는 준중형 그대로",1
439,일단 추천후 감상 잘보겠습니다.,5
440,연비 빼고 suv 에서 최고 인듯,2
441,보이는 것을 잘하는 현기차 VS 보이는 것만 못하는 미국차,2
442,포드는 내부 인테리어 디자이너만 바뀌면될듯 실내가 솔직히좀 심한거아닌가 10~15년전 디자인에서 내장제만 바꾼느낌같네 2005~2010년도 실내같음 시트빼곤,2
443,롱비디도 들어오면 수요가 있을텐데...,2
444,좁은 주차공간 가면 내릴 수 있을까요?  엄첨크네요 ㅎㅎ,1
445,링컨 에비에이터 리저브 포드 익스페디션 보고와서 너무 고민입니다 실내는 진짜 차이가 너무 많이나서ㅡㅡ 에비에이터 압승ㅠ 익스페디션 외관은 진짜 웅장ㅠ 너무 고민되네요,2
446,멋지다...,14
447,25:55 연비때문에 못타겠네요 ㅎㅎ 풀사이즈SUV는 다음생에 타는걸로... 또르르ㅠ,3
448,"저는 모하비를 시승해보고 프레임바디는 못타겠다고 결론내렸었고, 팰리세이드 시승해본후 제 판단이 틀리지 않았다고 생각했는데, 이번 익스페디션은 기자님이 승차감을 후하게 평가해주셔서 매우 궁금합니다. 단도직입적으로 가족용 차량으로 팰리세이드, GV80 과의 승차감 차이는 어떠한지요?? (팰리세이드는 실제 계약 후 대기중이라 문의하며, GV80은 가격대가 비슷하여 여쭤봅니다.)",3
449,미국은 못만드는 게 아니라 안만드는 거!,3
450,갖고 있는 차중에서 제일 돈 아까운 차가 이거에요,1
451,난 신형 에스컬레이드보다 이 차가 더 맘에든다. 그냥 정직하게 좋은 차 같다.,13
452,팰리도 커서 주차빡세다고 파는 사람 봤는데이차는 주차할 때 불지옥 난이도겠네요 ㅋㅋㅋㅋㅋㅋㅋㅋㅋㅋㅋㅋㅋㅋㅋㅋㅋㅋㅋ,3
453,"아우디 Q7 4.2fsi 타다가 일주일전에 익스페디션을 출고한 차주입니다. 현금가로 8240만원인데 딜러분 할인에 신차패키지 혜택에 범퍼 ppf 까지 받은 것을 포함하면 약 7800만원에 차를 산 것 같네요. 일주일동안 에코 모드로 주행해본 결과 복합연비는 11.2km로 큐세븐의 두배 정도 되는 연비가 나와 아주 만족스럽습니다. 가장 좋은 점은 차를 타고 저속에서 출발할때 쿠우우웅 하는 아주 좋은 배기음이 발생하는데 이 소리에 중독된 것 같아요. 조용하지만 중후한 느낌이 많이 들고 2열에 사람을 태우고 장거리를 많이 다니는데 2열에 탄 사람들이 한결같이 하는 말이 너무 넓고 공간이 쾌적해서 회장님이 된 것 같다고 말하더군요. 아무렇게나 다리를 꼬우거나 쭉 뻗어도 걸리는것이 없습니다. 패밀리카로 정말 좋습니다. 기사 댓글들에 보면 뭐 주차문제 실내 인테리어 등 단점들만 부각시켜 얘기하길래 솔직히 기대도 안하고 시승했는데 이 차는 시승을 해보면 바로 반할거라 생각드네요. 실내 인테리어의 단점을 박살낼 정도의 주행 컨디션이라 판단되고 독3사가 최고라 말하지만 미국차 다시 한번 생각해보셔도 나쁘지 않다 봅니다. 이 가격에 이 풀사이즈 suv 차량을 갖는것만으로도 좋은데 주행성능, 견인력, 쾌적한 실내공간에, 완벽한 3열 공간 충족으로 더할나위 없는 패밀리카라 봅니다. 주차는 어라운드뷰도 있고 360도 충돌 센서가 상시 작동중이라 주차하시는데 큰 어려움 없다 생각합니다. 실내 인테리어로 무시하기엔 가성비나 주행성능이 너무 좋은 차량이라 시승 한번 해보고 생각해보시리고 실 후기 남겨봅니다. 타호랑 네비게이터 익스페디션 고민하다가 익스로 넘어왔는데 잘했다 생각합니다. 모하비나 팰리세이드를 티볼리급으로 만드네요, 이 차량 금액이 아깝지 않은 차라는건 확실한 것 같습니다.",12
454,굿~^^,3
455,쉐보레가 어버버하다 포드가 대형SUV에 선빵을 꽂았네요,2
456,22:22 뭐야? 형 왜 귀여워??,3
457,저런 덩치로 5.9초.... 고속도로에서 까불었다가는 똥침들어오면 진짜 무섭겠네요,21
458,역시 미국차...내 외부가 고급진 맛이 확 떨어지네..ㅜㅜ,3
459,이거시 ~~진정한 풀사이즈suv인가요?ㅋ,5
460,하부가 일년도 안된차가 녹슬어가는 포드,2
461,포드링컨은 믿고 걸르는걸로요,1
462,국내 출시발표하고 미국에서는 페이스리프트 모델 발표..... 레인저도 미국에서 페이스리프트 모델 발표한국에 익스페디션이랑 레인저 재고떨이 너무하네,6
463,인트로가 광고급이네요... 선좋아요 후시청합니다.,7
464,그런데 가속시 속도계 영상은 왜 없애시는 건가요~? 아쉽네요..,2
465,ㅎㅎ 잘봤어요땡기네요.,3
466,익스페디션 옆에 팰리세리드 서니까 투싼 같더라,23
467,요즘은 왜 가속성능표만 보여주는거죠?이전에는 계기판도 같이 보여주셨는데...,5
468,선추천 후 감상 들어 갑니다.,8
469,우리나라 주차폭 2.3m   저차폭 2.075m       주차폭 진짜 문제다 이젠,1
470,아 오토뷰영상은 못참지 ㅋㅋㅋ,9
471,어쩐지 펠리세이드가 작게보이더라구 더 큰차가 잇구나,3
472,선댓글 후감상. 기다렸습니다.,3
473,포드차는 참 다 좋은데 내부인테리어 늘 거슬리네요. 가격은...투아렉 생각 나네요. 좋은 차인데 이가격에 굳이 이걸? 8천넘는다면....6인가족 이상이 아닌이상 차라리 에비에이터를 사지 이 차로 가지는 않겠습니다.,1
474,저희 아파트 주차장에 넣었다간 문콕 엄청 당하겠어요,1
475,이제 차박 아닌 집이군오,5
476,오토뷰는 닥추 후감상,2
477,1:43  기태횽님 만세^^♡,5
478,문콕 방지법이라도 나와야 탈 수 있을 듯.. 민폐다. 오히려.,1
479,Suv는  미국이죠! 흉내만낸  국산  현기는 절대아니라 생각합니다...그냥 옵션 전자제품ㅋㅋ,7
480,벤츠 글씨체보단 낫네,6
481,트래랑 펠리가 중형ㅎㅎ싼타 쏘렌토는 준중형ㅎㅎ투싼 스포티지는 소형베뉴 셀토스는 준소형이 된겁니까?ㅎㅎ,5
482,우와...,3
483,프레임 빼고 보이는곳  전체가 철이 아니라 알류미늄이죠하체도 알류미뉴 대거사용해서차가 조용하고 하체서 올라오는 소음도 거의없죠,2
484,단독주택 사는 사람이나 사겠네요. 2미터면 ㅋ 문콕 필수,1
485,🍻🍻🍻🍻🍻갓토뷰!🍻🍻🍻🍻🍻,3
486,오토뷰 영상들은 아무리 좋아요를 눌러도 추천 영상에 안올라와요 왜그렇죠?,4
487,재고떨이..... 미국에서는 조만간 F/L 나옴,1
488,계약하러 갑니다,4
489,네비게이터는  버스전용차로 가는데....이 익스페디션은 버스전용차로 갈수있나요??,1
490,이제는 차로중앙유지 없는차량을 타기엔 너무나 큰 위험,1
491,주차장 폭격기,6
492,미국에서 풀사이즈 suv 에스컬레이드>네비게이터>유콘>타호>익스페디션,2
493,선추천 후감상,4
494,AS(보증기간이)얼마나해줄까요3년 5년?  아시는분 답변좀,1
495,주택에 개인주차장 넓은분들 타면좋을듯 저처럼,1
496,옛날 아파트 주차장에 주차 못할듯,1
497,인테리어가 그래서 그런가? 트럭 같은 느낌이...,1
498,장갑차인줄,2
499,내차 넓이가 1995인데도 운전해보면 도로에 비해서 조금 넓다고 생각하는데 이건 2075ㅋㅋㅋ 국내 도로에서 다닐수 있나요?,1
500,차는 서버밴이 더큰가요?,1
501,너무 넓어서 자신도 불편하거니와 남들에게 폐가 될 것 같습니다,1
502,저게 중형이면 싼타페는 소형 투싼은 초소형 코나는 ....ㅋ,2
503,그럼 싼타페 쏘렌토는 소형이고..투산 스포티지는 경차 인가??,1
504,토요일에도 광고끝까지 봅시당,3
505,50년된 서울 아파트인 잠실 주공5삽니다... g80도 좁아서 문콕당하기 일수인데... 너무 타고싶은 미국갬성 suv이지만 서울 주차공간 정비가 필요해보입니다 ㅜㅜ,3
506,우리 아파트에는 없기를,1
507,2:55 타이어 값도 비싸겠쬬~? ㅋ,2
508,오툐뷰ᆢ 이것만 본다ㅋ,19
509,파일럿 오너인데....작아지네요 -_-,5
510,우리나라 환경에 안 맞는 차입니다.,1
511,"12:50코나N 1515kg인데 280마력으로 5.5초... 문제많다.. N모델은 고성능이라며??? 1톤이나 더 무거운 익스페디션 같은 하마랑 비슷하면 어쩌냐?? 미션이 병신인거냐? 뻥마력인거냐?? 코나n 1마력에 5.5키로, 익스페디션 1마력에 6.2키로.... 어휴 현대야~",4
512,센터페시아 10년전 차 같네ㅋㅋ,1
513,아싸 2분전♡♡♡,2
514,요새 나오는 포드 suv는 2열이 별로에요 엉덩이 시트 부분이 너무 작음 아이들 앉게 만들어 놓은 느낌,4
515,운전석 A필러 손잡이는 왜 필요한걸까요?,1
516,미국 비행기 하체 평가해 주세요. 자동차 엔진도 만들지도 못하는 대한민국이 자동차를 평가한다? 하하하.,2
517,거대하다,3
518,이놈 형 익스커션은 뒤졌나...짧네 5600은 넘어야 되는디,1
519,타호 부터가 대형급이죠.,2
520,코나N ㅎㅎ,1
521,기름값 장난 아니겠네 감당 할수 있은 사람만 사야 될듯 포드는 아무튼 신뢰가 안감,1
522,숏바디네요,2
523,현기빠들은 이미 미국브랜드는 가뿐히 넘어서 독일차와 비슷한 수준이다고 착각하지만 k8 3.5 8초대였나?ㅋㅋ제네시스3.5T도 2.6톤 올리면 저정도 5.9초 뽑아낼수 있으려나,6
524,솔직히 실내외 디자인은 막 만든 느낌...,1
525,고급유 세팅 인가여,2
526,좋은차에 한국타이어를 끼워박아 성능하락ㅠㅠ제동능력 하위그룹ㄷㄷㄷㄷ하ㅠㅠ안타깝다,1
527,그랜드 팰리,1
528,모하비 펠리봤냐?이정도 급 들고와라아니면 구원자타호님은 왜 아직도 소식이없지,3
529,코너를 너무 느리게 돌아가시는거 아닙니까? 다른타suv는 어느정도 빠르게 코너를 돌아가던데 아무리대형suv라고 해도 너무 느리게 코너돌아가네요.코너가 꾀불안한가 보네요.,1
530,앗늦음 ㅠ,2
531,1빠,3
532,16초전,2
533,민폐차네.. 폭 2075미리... 2000미리도 민폐급인데..우리나라에는 .. 좀 안 맞긴 하네요.,2
534,"한타  요즘 아니  7,8년전부터  개쓰레기임",1
535,누수차,1
536,"풋... 이런급의 차에서까지 그놈의 패들타령은 좀 그만 합시다.그나저나 이건 SUV가 아니라 스쿨버스.우리 도로여건에 안맞는 이런차는 좀 안들여왔으면 한다.아주 도로위의 민폐다.마트가고 애새끼들 학교 픽업한다고 저런차 몰고다니는 김여사 꼭 있더라. 운전도 못하는 것들이 마트에서, 아파트에서 저거 주차하겠다고 낑낑대는데 참 가관.뒤 차량들 기다리게 만들고.아파트 같은동에 시에나 한대가 있는데(익스페디션 보단 작음) 그 차만 들어오면 신축아파트 임에도 넓은 주차칸 꽉차서 옆차들 주차하는데도 지장 주더라.지들만 편하면 된다는 민폐차량.",2
537,진짜 댓글을 달수밖에 없는 리뷰입니다.. 차량을 지원해드리는 딜러 입장이지만 언제나 객관적이고 중요한 부분만 쏙쏙 집어서 리뷰 하시는 차읽남님 보면서 엄청나게 많이 배우고 갑니다^^정말 잘 봤습니다. 다음에 또 뵙겠습니다^ㅡ^,11
538,다른 리뷰보면 다 승차감 좋다고 칭찬일색인데 방지턱 얘기는 안하더라고욬ㅋㅋㅋㅋㅋ 그래서 그게 젤 이상했는데 역시 솔직하게 리뷰해주셔서 감사합니다 ㅎㅎ,9
539,나는 비록 11분동안 이 큰차에대해 간접경험을 했지만 차읽남님의 몇날 며칠의  차량관련 사전 공부 및 현장 주행 을 한 후 또 밤잠을 설쳐가며 수많은 편집과정을 거친 결과물이라는 걸 느낄수 있었다. 아울러  우리에겐 직접 시승한것과 비슷한 정도의 느낌을 주려고 노력한거에  고맙다는 아니 감사하단 말을 전하며 앞으로도 계속 차읽남님의 차량리뷰를 기다리며 건강도 챙길줄 아는 현명한 유튜버가 되시라고  말하고싶다!!,7
540,가장중요한 엔진부분 장행정과 단행정 트윈터보 의 위치와 개입 흡기와 토크와의 관계 에스컬레이드 서스와의 차이 등 너무 자세히 리뷰하시네요 이사람 진짜임  ㅎㅎ 최고!,2
541,와 진짜 탱크처럼 크네요 오늘도 시승기 잘봤습니다 오랜만에 시승기 봐서 좋네요,2
542,익스페디션이 풀사이즈suv중 견인력 최고입니다,1
543,혹시 가격을 떠나서 승차감은 익스플로어와 어떤게 좋나요 ?,1
544,실제로 저렇게 큰 차라도 직접 타보면 5분도 안되서 적응합니다 다만 말씀하신것처럼 주차할때는 최소 1번이상 왔다갔다 해야함 ㅋㅋ,1
545,외관은 나쁘지않은데 실내가 안습이네요 ㅠ,5
546,댐퍼튜닝 추천해 줄만한 곳 있나요??,1
547,1년뒤 타의추종을 불허하는 자동차리뷰가 될듯,1
548,운전할때도 너무 커서 불편함은 없나요?,1
549,보조주차시스템도 잇나요??,1
550,구독누름 진짜리뷰임 따른리뷰 보면 면상내놓고리뷰하지만 여긴 면상안보여좋음.차보지 면상보러왔음? 장점 요약자막 잘하공있음.칭찬임,1
551,딕션 좋고인물도 좋은것 같은데 왜 모자이크..,2
552,내비옆에 프로펠러 같은거 뭔가요??,1
553,선생님 모하비1일 렌트비용 전액지불할테니 리뷰 가능할까요..,1
554,전 익스페디션 시승하고네비게이터 구입했어요,2
555,두껍다는 두께를 얘기하는거 맞죠?,1
556,주차장 내릴 때 얼굴 안가리시넹,1
557,진짜 짜증나 이채널 너무좋아서,1
558,ㅋㅋㅋ,1
559,ㅋㅋ 서라운드 뷰가 아니고 어라운드 뷰이며 연료탱크 또한 88리터가 아니고 90리터가 넘습니다어떻게 기본 정보도 정확히 모르면서 차소개를 하는지,1
560,죄지은거 있냐?  얼굴 나오면 문제가 돼?,1
561,국산차랑 비교하면 그리 비싼건 아니군요~ 오히려 가성비에서 더 좋아 보이네요!,14
562,오우! 네비게이터의 보급형 버전같은 익스페디션 이네요.😄😄,1
563,모터리언 영상보고 펠리시아 호기심에 가봤습니다 조경이 진짜좋더라구요 편집장님 항상잘보고있습니다,3
564,"풀사이즈를 저가격에 탄다면 가성비는 정말 좋긴한데음,, 저 가격이면 에비에이터로 가는것이.... 익스페디션보다야 크기는 작지만에비에이터만 해도 풀사이즈 근처까지 가는 큰 사이즈라 공간에서는 그렇게 부족함이 없을것이고일단 고급감, 디자인에서 많은 차이가 나지요",16
565,5인~6인 가족이면 솔직히 2열에 컵홀더 같은것이 없는것이 동선 움직이기 훨씬편함!  시에나가 인기좋은 이유가 바로 이것입니다,5
566,독일차보단 미국차를 좋아하는 1인으로써 마음에  드네요,7
567,풀사이즈 SUV를 보다보니 곧 나온다는 쉐보레 타호와 아직은 미국에만 있는 GMC 유콘이 궁금하네요~!^^ㅎ,1
568,초대형 suv는 주차공간 없으면 타기 힘들지...팰리도 주차 공간 좁으면 힘들긴한데 그나마 사이즈가 미국산 초대형 suv 보단 작아서...한국에서는 팰리로도 충분하지,6
569,타호도 빨리 보고싶네요^^ 감사히 잘보았습니다.^^,2
570,디자인은 포드가 젤 마음에 드네요,1
571,풀 사이즈 SUV 중 익스페디션이 제일 저렴하죠 링컨 외에 캐딜락 쉐보레 쪽은 엔진이 더 큰걸 쓰기에 비싸고 링컨은 프리미엄으로 나와서 어쩔 수 없이 비교가 불가하죠 가족용으로 미니밴(봉고) 보다 비싼걸 원한다면 익스페디션이 좋다고는 할 수 있죠,1
572,저가 6년전 요르단 깄을때 렌트한 차입니다.  1주일간 운전을 해보니 the best car 입니다.  정람 좋은 차이더군요,1
573,"엑스페디션 플래티넘이 최고사양임.. 미국에서는 아래 사양으로 리미티드, XLT가 있음..",1
574,플레티넘은 내비게이터와 마찬가지로CCD서스펜션 동일하게 들어갑니다,3
575,Gv80 풀옵이 9천인걸감안하면 ㄷㄷㄷ,1
576,연비도 잘나올꺼같은데 포드 토러스 sho타는데 연비좋음,3
577,차량인수 5일차입니다차량가격은8210만원이고요페밀리카로 구입했는데 전가족이 만족합니다힘도 좋고 조용하고 장거리이동에는 최고네요연비는 소유중인 럭스턴스포츠보단 연비가 좋네요(렉스턴 기어비가 3.6.90km변환으로 힘들고 신경써이네요)전원주택이라 주차걱정 없어 선택했네요^^,1
578,"우리나라 환경상 익스플로러도 힘든게 현실인데, 차만 계속 커지네 ㅜㅜ",2
579,타호도 나온다는데 쉽지않을듯,3
580,정비 부품은 가격이 독일차랑 비슷한데 외창 파츠 들은 엄청 비싸요!!! 미국차!!!,9
581,익스페디션 실제로 봤는데 크기가 엄청 크더라구요.승차감은 모하비 더 마스터랑 비슷한가요??(프레임바디로써),6
582,우아아아아 박기돈 편집국장님이다~@!@#요즘 왜 업데이트 알림이 늦게 뜰까요 ㅜㅜ,4
583,"저는 링컨차주지만, 포드 익페보단 쉐보레 타호가 더 좋아보이네요. (개인 취향이니 테클 금지요.)",33
584,요거 보니까 타호 실내도 나쁘진 않은거네,2
585,문제는 주차공간.  차는 탐나네.,2
586,우아 포드에.... 저사이즈면.. 연비는 잘나와봐야 4~5를 못넘을꺼 같은데...,1
587,"리뷰를보면서 뱅앤올룹슨 스피커 때문에이차가 드림카가 되었네요~고민하고있는차가 쉐보레 서버밴,캐딜락에스컬레이드,포드익스페디션🤗",1
588,2000도 차이 안나는데 무슨 진짜 가성비가 좋다는건지 링컨이 오히려 싼거지요,2
589,"유럽차와 미국차와 근본이 다른 점은, 유럽차는 귀족, 상류사회를 상대로 발전해온 반면  미국차는 대중을 상대로 발전됐기 때문에, 미국차가 훨씬 더 실용적이고 잔고장이 없으며 안전성에 focus를 맞추었음. 최근 고급차가 출시되고 있으니 바람직 함.",5
590,익스페디션에 전자제어 서스펜션 들어가있어요 네비게이터랄 동일한 서스입니다편집다시 하셔야겠어요,3
591,포드 vs 쉐보레    누가 더 고급스러운가요?,2
592,번창하세요!!!!!!!!,3
593,실내는 딱 픽업트럭이네......,1
594,패밀리카 용도로는 그래도 카니발 하이리무진 선택할 거 같습니다,1
595,타호타고 캠핑가는게 꿈입니다,1
596,캐딜락은 부산에는 대리점도 서비스센터도 없어요. 차량 서비스 제대로 못 받아요. 캐딜락 사지 마세요,1
597,ㅋㅋㅋㅋ21년형  이미구형 ㅋㅋ펠리세이드를   비교해야지   셀토스  에뻥터졌네요 ㅋㅋㅋ,1
598,아무리 미국 대형 suv들이 디자인이 뻔하고 단순하다지만 차가 너무 옛날차 같다 흰색이라서 더 그래보이는듯,2
599,조선에는 펠리세이드가 있음 ㅋ,3
600,와 진짜 크네,6
601,셀토스 합성인줄 ㅋㅋㅋ,2
602,S class의 반값! 풀사이즈 세단  현대 에쿠스....뭐 이런건가??..,3
603,골목길에서 마주오는 차있음  땀좀뺄듯,1
604,주차 하기힘들겠다,1
605,타호랑 비슷해보여요,1
606,포드는 as가... 절레절레,1
607,셀토스~~^^의문의 완전 패 입니까? ㅋㅋㅋ,1
608,차을사도 의료보험이너무올라서리...,1
609,실내가 ㅠㅠ,3
610,주차하기에는 싸네요,11
611,5cm!!!,1
612,마니 빠슈 ~,3
613,주차가 짜증나,1
614,히9:27 한 번 죽는 것은 사람들에게 정해진 것이요 이것 뒤에는 심판이 있나니  고전15:2 너희가 만일 내가 너희에게 선포한 것을 기억하고 헛되이 믿지 아니하였으면 또한 그 복음으로 구원을 받았느니라. 고전15:3 내가 또한 받은 것을 무엇보다 먼저 너희에게 전하였노니 그것은 곧 성경 기록대로 그리스도께서 우리의 죄들로 인하여 죽으시고 고전15:4 묻히셨다가 성경 기록대로 셋째 날에 다시 살아나시고 고전15:5 게바에게 보이시고 다음에 열두 제자에게 보이셨다는 것이라.  롬10:9 네가 만일 네 입으로 [주] 예수님을 시인하고 [하나님]께서 그분을 죽은 자들로부터 살리신 것을 네 마음속으로 믿으면 구원을 받으리니 롬10:10 사람이 마음으로 믿어 의에 이르고 입으로 시인하여 구원에 이르느니라. 골1:20 그분의 십자가의 피를 통해 화평을 이루사 그분으로 말미암아 모든 것들이 즉 내가 말하노니 그분으로 말미암아 땅에 있는 것들이나 하늘에 있는 것들이 자신과 화해하게 하셨느니라.,6
615,오 ㅎㅎ,4
616,힙합,1
617,2륜일때 전륜인가요? 후륜인가요??,3
618,차량크기는 좋은데 인테리어는 좀 많이 올드한듯 그리고 가성비 차는 좀 아닌듯요 가격이 너무비싼듯 GV80차량이 가성비 최고로 보여요개인적인 생각 입니다 악플은 달지마세요,1
619,"F150 실내내장재 그대로프레임바디 승차감 그냥 아주 다좋다고 하네요 미국현지인 한국사람이 똑같이 리뷰한 내용보면 전혀 딴판으로 리뷰하던데  미국현지느낌과 상업채널의 리뷰 비교인가   할정도로 너무 차이가 많이 나네요 구독자지만 너무 빨아주는 느낌이 강하네요  장점, 단점은 모두다 있습니다.  정확히 소비자가 구분할 수 있게 해주세요  다 좋다 다 적당하다   그러면  구독자 다떠나갑니다.  그리고 신뢰성이 없습니다. 이정도 리뷰를 보는 사람, 해당 차량을 관심있게 보는 사람이면  최소한 자동차에 대해서 굴러만 다니는  기계로 생각하는 사람 아닙니다.",4
620,"★Life C,M 마스크 구매는 어디? 노보스몰 ★https://smartstore.naver.com/nobossmall/products/6157869725",9
621,언제나봐도 어찌 저리 운전하면서 차에대한 설명을 조목조목 하시는지 ㅎㅎ 어찌되었든 미국차에 대한 편견을 깨부셔주는 리뷰 이건 상당한 파급력이 있을거라 생각이됩니다저도 옛시절 쌍용의 프레임바디 차를 탈때 승차감은 어쩔수 없다 그리고 고속주행은 왠만하면 속도를 높이면 죽을수도 있다는 생각에 프레임바디차량은 믿고 걸렀는데 지금은 영상을 보고 생각이 바뀌게 되네요,8
622,예전에 모트라인 초창기에 석촌호수 릴리움에서 그때 모트라인 구독자가 15만이었나.. 그럴때였는데  노사장님 하고 아는척 했더니 바로 감사합니다 라고 함 ㅋㅋㅋㅋㅋㅋ진심 반가워하셨음 ㅋㅋㅋ,13
623,선 따봉 후 시청^^ 단결!노사장님 타호가 이번에 취등록세 포함해서 1억인데 언제 기회 되시면 중대형부터 대형 SUV 포함해서 전체적으로 비교 해 주시면 감사 하겠습니다. 사실 제가 앞으로 중대형 또는 대형 SUV를 구매 예정인데 가격은 1억 주변대로 대부분 수렴 되는데 고민이 많아져서요 ㅠ,12
624,대형 suv 시장을 싹쓸이 하려면 2022년형 익스페디션이 들어와야죠.이 영상의 익스페디션은 완전 구형..,5
625,노사장님이 파일럿 추천하셔서 파일럿 샀는데 엑스페디션도 끌리네요. 갈대같은 마음 ㅠ,5
626,풀사이즈 미국차의 매력에 빠지신거 같은데 대형 픽업리뷰도 보고싶네요 f150 램 실버라도 같은 녀석들이요 협찬이 쉽지는 않겠지만 ㅜ,3
627,노사장님 리뷰보면 실제로 진짜 뵙고 싶은 이느낌ㅋㅋ 어떻게 하면 한번 뵐 수 있나요?ㅋㅋ,7
628,타호 출시되면 익스페디션이랑 비교해서 리뷰해주세요,8
629,믿고 보는 노보스~~~,3
630,믿고 보는 노보스~ 푸~롹~~쉘~~^^ 대한민국은 노사장 보유국^^ 포~레~~버~~~!!,10
631,앞으로 나올 타호리뷰 기대합니다,1
632,0:05 마스크 광고 ㅋㅋ노사장님과 박팀장님의 케미 잼나고 찰떡궁합이네요ㅋㅋ바로 질르러 또 갑니다 ㅎ,2
633,"리뷰 항상 정말 잘 보고 있습니다. 영상 보다보니 한가지 궁금한점이 생겨서 질문 드립니다. 제가 다른 익스페디션 리뷰를 보다 보니 엔진형태가 숏 스트로크형 엔진이라는 언급이 있었습니다. (보어의 길이가 스트로크의 길이보다 긴 형태라고 말씀하시고 이게 엔진 제원을 확인했을 때라고 했습니다) 확인이 필요한 부분이 아닐까 생각해서 댓글을 달아봅니다. 추가로 제가 아이가 세명이 있는데 혹시 노사장님이시라면, 오딧세이와 익스페디션 중 어느것을 선택하실지 (성격이 많이 다르긴하지만 편안한 승차감을 중점으로 둔다면) 궁금하네요~ 정말 감사합니다.",7
634,믿고 보는 노보스~~~^^*,2
635,어느모로보나 인정사정없는 PPL전문 리뷰어☆,1
636,처음은 타이어나 연결고무부싱등이 받아주고그다음은 고체로 나머지진동이전달되구요...스틸보다는 알루미늄합금이 진동흡수와 전달을 억제하는게스틸보다 좋으니...노사장님이 하시는 설명이 이해가 됩니다...,3
637,이 차로 차 박 하는 여성 분 도 있든데 대단함.,3
638,실내... ㅎ복잡한거 딱 질색~단순하게 좋은 나이대 아니던가요?아파트 주차장 꽉차요.수정 꼭 해야해요. 단점.과속방지턱충격흡수.. 탁월하더라고요. ㅎ,2
639,지방사는 사람들은 그나마 정비 접근성은 쉐보레가 좀더 쉬워서 쉐비꺼 눈독들이는데 근데 걔들은 팔맘이 없는듯해요 대기기간이 넘길어.. 지인도 콜로라도 기다리다지쳐 모하비로 구매하네요,1
640,최고입니다 응원합니다 행복하세요,2
641,Gmc 아카디아 나 유콘 하체는 어떨지 궁금하네용 ㅎ,1
642,엇! 노사장님 우리 동네 오셨네요 ㅋㅋ,1
643,형 너무 잘생겨지는거 아닙니까,1
644,세부리형 마스크가 편하고 더 잘나갈꺼에요,1
645,"망치 자루를  나무를 쓰는이유가 타격시 손으로오는 충격을 나무자루에서 흡수합니다 .  해서 쇠로는 망치자루로 안쓰죠 . 알미늄이 쇠 보다  무르죠  충격,진동을  흡수하겟죠. 알미뉴을  쓰는이유겠죠.",1
646,미국차는 화려함은 없죠. 타호 나오면 비교해봐도 좋겠네요.,1
647,Mask 주문 고고… 코세어 리뷰도 궁금해지는데요🧐,3
648,13:42 멀미 아니면 욕을 한데 ㅋㅋㅋㅋㅋㅋㅋ😂😂,2
649,"30대 후반 딸셋 아빠입니다. 노사장님 덕분에 스타리아, 카니발 거르고 극찬하신 하체를 가진 트래버스로 잠정결정했다가 타호 가격이나 보고 결정하자싶어 기다리다 9천넘는가격에 타호보내고 익스페디션까지 왔습니다. 안목을 키워주셔서 감사합니다. 어차피 계약할 차 좋은조건 찾아보자싶어 여러 딜러를 알아보던중에 평생 엔진오일무료라면 구미가 당기네요. 평일에 노사장님 이름좀팔고 포드동탄에 전화해보겠습니다. 감사합니다.",6
650,미쿡차 살때는 가격이 만만하지만 사고나면 가격보고 깜짝놀라실겁니다,3
651,노사장님의 자동차 리뷰 새 영상이 올라오는 날은 온국민의 축제입니다 ☆ 풍악을 울려요~☆ 원돌이나 처 도는 가짜 유투버들이랑은 차원이 다른 고품격 자동차리뷰어♡,9
652,미션이 그정도로 바보아닌데 ..,3
653,자동차에 대한 정확하고 다년간의 노하우에서 나오는 리뷰 노보스가 최고임,4
654,설명을 좀 간략하게 하면 더 좋겠군요,2
655,조또기어는 죽어도 인정 안합나다 ㅋㅋ,2
656,선따봉 후감상,2
657,풀악셀!!!,1
658,감사합니다....,4
659,F150 리뷰도 부탁 드립니다.,7
660,음....미쿡 차 는 무조건 픽업트럭..만,1
661,좋은느낌~~ㅋㅋㅋㅋㅋㅋㅋㅋ익페급 사이즈는 우리나라엔 맞지 않는 차인데 부디 우리 아파트 주민들은 안사셨으면…,1
662,보어 알류미늄 얘기는 그만좀 ㅎㅎ,4
663,에어서스가 없죠?,1
664,노사장님 마니늙으셧네... 아이고,2
665,오랜만에 리류 알류미늄 동의 합니다,3
666,오 ㅎㅎ,5
667,이렇게 큰차 가지고 민첩성을 바라냐  미국에  도로 사정에 아주 잘 맞추너서 만들었고 한국 같이 조그만한 나라는 다르지 도로 사정이   제대로 알고 … 하면 좋겠다 이차는 에시안 한테는 큰차로 느낄걸  차가 사람을 압도 한다,1
668,저게 22년도에 나오는 자동차 인테리어 맞나......,3
669,전 미국 살고있지만 미국차 내구성 진짜로 쓰레기입니다.. 미국차 두세대 끌어봤지만 잔고장 너무많고 엔진이고 미션이고 문제가 너무많습니다.. 전기계통도 마찬가지고.. 마감도 거지같고 단차도 엄청 많아여.. 전 미국차하면 무조건 거르고 봅니다,3
670,모하비 렉스턴보다 2~3천이 비싼데 왜자꾸 비교를 하냐ㅋㅋ 실내 디자인이 90년대차도 아니고 저걸 왜삼ㅋ,2
