,comments,likes
0,진짜 작정하고 들여왔다는걸 보여주는 시승행사군요 ㅋㅋㅋㅋㅋㅋㅋ 신뢰가 확 가네요 ㅋㅋ,24
1,완전 괜찮네요 워낙 리얼하게 영상을 찍으셔서 타보는거 보다 더 설레어지게 되네요 도시를 떠나온지 3년이 넘는동안 픽업트럭을 사야겠다는생각이 커졌는데 포드픽업 완전 짱이네요 좋은 영상 잘봤습니다.,1
2,레인져랩터...도대체 왜 미국에는 안나오는건지.. ㅠㅠ,142
3,한용 삼촌이 웃으면서 저렇게 시승하시니까 제가 다 행복하고 웃음이 나오네요ㅋㅋㅋ,109
4,으아~~~ 시승행사중에 역대급인듯!! 실제 저렇게 탈일은 없겠지만 캠낚인으로 봤을때 진짜 탐나는 차량임에는 분명하네요  진짜 시승행사 본후로 차 바꾸고 싶다생각든건 첨이네요 ㅎㅎ 아 당연 시승차는 안살랍니다 ㅋ,1
5,와... 겁나 험해보이긴하는데 오히려 그래서 보는 내내 두근 두근 하고 사고 싶게 만드는 그런게 있네요... 이게 미국 판매 1위 차의 저력인가 싶기도 하고..,1
6,와 진짜 너무재밌겠다... 이 영상에서 오프로드의 매력을 한껏 느끼네요.. 대박이다 진짜..,3
7,비명 속에 숨길 수 없는 하뇽형님의 광대승천...ㅋㅋㅋㅋㅋ 와..재밌겠다...,8
8,가격보고 포드가 막가는구나했는데 랩터보니 그냥 미쳤다 ㅋㅋ 진짜 뭐지 ㅋㅋ 야전엔  육공이 짱인줄 알았는데,2
9,와 진짜 솔직히 대사 하나 없이 운전만 하고 웃기만 해도 같이 웃으면서 볼 것 같은 영상이다 ㅋㅋㅋㅋ 역시 포드 ㅋㅋㅋ,2
10,12:55 적정적재하중에 대해 좀 더 자세히 알려드리면 와일드트랙이 600kg 렙터가 300kg 입니다근데 진짜 시승행사 미쳣네요...이때까지 했던 픽업트럭 시승행사 중에 제일 파격적인 행사 같습니다,4
11,제가 몇년동안 김한용 기자님을 봐왔지만 오늘만큼 텐션 가득한건 별로 기억이 안나네요 ㅋㅋ,1
12,제가 기자님 시승기를 오래본건 아니지만 모카와 전회사(모터그래프) 시승기를 통틀어도 이렇게 신나보이는건 처음인거 같네요^^ㅋ,1
13,영상 재밌게 봤습니다. 사실 호주에서는 제일 인기있는 오프로더는 도요타 프라도와 랜드 크루져 입니다. 튜닝 안한 프라도가 전혀 가능할것 같지 않은 바위산을 올라가는거 보면 입이 벌어지죠. 게다가 연료 탱크가 150 리터라 주유 없이 2천킬로 미터를 주파 합니다.,1
14,포드 차 튼튼하게 만들긴하나보네 ㅋㅋㅋ 그리고 한용이형 ㅋㅋㅋㅋㅋㅋㅋ 지금까지 봐온 영상중에 가장 텐션 오지고 지리고 렛잇고!!!,8
15,이 형이 이렇게 실성하듯 웃으시는거 첨봤네 ㅋㅋㅋㅋㅋ너무 즐거워보여서 좋네요,3
16,시승행사가 아니라 거의 시제품시연급..ㅎㄷㄷ,25
17,와 진짜 한국 출시했네요!! 너무 사고싶습니다 ㄷㄷ,1
18,저런시승행사는 왠만한 자신감 없으면 안될텐데ㅋㅋㅋ 멋지다,2
19,시승행사도시승기도 최고였습니다ㅎㅎㅎ영상 두번보기는 처음이네요ㅎㅎ,1
20,누구보다 즐기고 계신 김한용 센세,73
21,우와.... 시승행사의 끝판왕이네요.,1
22,포드도 자체개발 8.8 액슬하우징 액슬튜브 강성이 최근들어서 f트럭이 많이 팔리다보니까 지프에만 쓰였던 다나 44 다나 60급만큼 자신이 붙었나보네요 ㅎㅎㅎ  오프로드는 지프가 잘하는 락크롤링도 있지만 포드가 잘하는 대륙 고속 오버랜딩이 더 대중적이긴 할거에요. 호주도 미국도 땅 넓은 나라들은 저러고 놀더라구요 ㅋㅋ 하체부품 교체는 기어들어가서 diy도 가능하구요. 영종도 채석장이네요 ㅎㅎ 막혔었는데 행사때매 열어놧나보네요.,1
23,시승행사중 젤 멋있었어요....ㅋㅋㅋ 담엔 브롱코 기대 할께요...ㅋㅋㅋ,6
24,영상 재미있게봤습니다.전F150랩터 타는데...오프로드는하지  않지만...가끔 여행다닐때는 좋네요.단 너무커서 주차가 어렵지만...,2
25,이거 계속 다시보게 되요 ㅎㅎㅎㅎ미친듯이 웃으시는게 같이 웃게 됩니다진짜 이런 경험 해보고 싶네요,1
26,우와.... 매력있는 차네요....    시승한번 해보면 좋겠습니다.,1
27,"누가 오프로드 체험 테마 파크 같은 거 만들어 줬으면 좋겠다는 생각이 드네요. 요즘 한국 사람들 비포장 도로 달릴 일이 없어서 저런 재미를 잘 모를 거 같아요. 기껏해야 관광지의 ATV 정도가 전부인데, 저렇게 제대로 된 차로 제대로 된 코스를 숙련된 안내자와 함께 체험할 수 있다면 그것도 꽤나 인기가 있을 거 같다는 생각이 드네요.",2
28,오프로드 달려봐야 맛을 알죠^^*영상 잘 봤습니다...ㅎㅎㅎ,1
29,행복한 웃음이 끊이질않네요 ㅎㅎㅎ제일 신난 시승기,1
30,사람이 행복하면 이런 텐션이 나오는구나...,49
31,프브스 선정한용형이 제일 행복해하는 시승기,105
32,시승영상중에 젤 재밌어 보여요 ㅋㅋㅋㅋ부럽다!!!,1
33,사람은 역시 자기가 즐거워하는걸 해야된다는게 보이는 영상이네요 ㅋㅋ너무 행복해보이셔서 저도 잠시나마 기분이 좋아지는 영상이었어요,1
34,아마 시승 한 것 중에서 가장 잼난 시승!! 보통 시승하면 그냥 단순 도로 다니는데...가격도 괜찮네...,1
35,나도 저렇게 행복하게 달리고 싶다 !!,1
36,보기만해도 행복하고 사고싶어지는 영상이네요 ㅋㅋㅋ,1
37,와 진짜 전원주택 살면 한대 사고싶네..,1
38,감사합니다~드디어 포드 랩터 리뷰 해주셔서 ~김한용님 화이팅입니다,1
39,오늘도 좋은 정보 감사합니다 ^^ 즐거운 하루 되세요,1
40,대박 멋진 시승행사네요....,1
41,랩터가 6000 언더 였으면 완전 대박 터졌을텐데 이번 입고물량 할인도 없이 완판이라 가격 내려갈일은 없을듯 ㅋ,1
42,아니 이게 뭐야하면서 여태 영상중에 제일 즐거워 보이는 한용씨ㅋㅋㅋㅋㅋㅋ,5
43,지금까지 본 모카 시승 영상중에 가장 행복해 보이세요 ㅋㅋㅋㅋㅋㅋㅋㅋㅋㅋㅋㅋㅋ,2
44,와 진짜 랩터 미쳤다 ㅎㄷㄷ 이게 차야 장갑차야 ㅋㅋ,1
45,"랭글러 타고있지만, 랩터는 진짜 인정. 형님으로 모시는 차임.",1
46,와 역대급 시승 ㄷㄷ,1
47,예능보듯 웃으면서 봤습니다잼있었어요,3
48,배경이 오프로드 컨셉에맞게 잘해놓았네요.,4
49,아 레인져...미국에서 렌트카로 받아보고나서 너무 좋아진 차!!! 국내엔 전부 디젤모델인가보네요???,2
50,ㅋㅋㅋㅋㅋ모카영상중 제일 개꿀잼 리뷰ㅋㅋㅋㅋ,1
51,시승 끝나고 카드리더기 들이밀면바로 긁을 기세ㅋㅋㅋ,11
52,시승기중 가장 즐거워하신듯.ㅋㅋ,1
53,오프로드 행사 중에서도 역대급이네요 ㅋㅋ,1
54,진심 바라는게 있다면 한용님께서  f 150  랩터 시승기 한번 보고 싶네요.,1
55,와 ! 부럽네요. 시승영상보니까 저차 탐나는데요.,1
56,영상만 봤는데 아부다비 사막투어를 다시 한 기분이 드네요. 진심 추천코스입니다.,1
57,디젤엔진인데 호랑이소리가 나네요? ㄷㄷㄷ 진짜 풀튜닝된 오프로드카가 순정으로 출시한거같네요 ㄷㄷ 갖고싶다ㅠㅠ,1
58,시승기 중에 잴 재밌어요 ㅋㅋㅋ,1
59,아기가 놀이기구 타는 것 같네요 ㅋㅋㅋㅋㅋ 50대 아저씨의 진텐의 행복한 웃음 ㅋㅋㅋㅋㅋㅋㅋㅋ,25
60,시승기 무지막지하네요ㅋ시원하게 달리시니 내가 와 시원 기분일까요,1
61,한용이형 정말 즐거워하는뎈ㅋㅋㅋㅋㅋㅋㅋㅋㅋㅋㅋ,1
62,한용기자 쫄았네요...ㅎㅎㅎ... 즐거워 하시는 모습이 보기 좋습니다!,1
63,궁금 한게 있는데 짐벌을 사용하면 수평을 유지 시켜주는건데 오프로드처럼 기울어진 장소에서 사용하면 기울어진 각도 만큼 수평을 유지시켜 주나요??,1
64,진짜 우울할때 저장해놓고 봐야겠다 ㅋㅋㅋ,1
65,이번 시승행사ㅋㅋㅋㅋㅋ 미친거 같습니다ㅋㅋㅋㅋㅋㅋㅋㄲ,3
66,동생격인 레인저가 저정도 수준이면 f150이나 실버라도 시에라같은 형님들은 도대체...ㄷㄷㄷ,1
67,어차피 시승행사로 각인 시킬려면 저정도 해야하는 맞는거 같네요.  확실히 렉스턴 칸? 콜로라도  쫄려서 못할거 같은 데요.  기어가는 오프로드하고 비교하면 안되겠네요,1
68,오프로더 시승행사는 레인저 행사 전후로 나뉘겠네요. 대박이다 ㅎㅎㅎ,1
69,픽업이...사고 싶어진다...,8
70,한용이형 너무 즐거워서 우시는 거 같아요 ㅎㅎ,1
71,형이 ㅋㅋㅋㅋㅋ 이렇게 행복해 보이는 영상은 진짜 오랜만인듯,11
72,아 ㅜㅜㅜ 너무 멋있고요ㅜㅜㅜ 한용 삼촌 말하는거 들으면 또 너무 재미있고요 ㅜ,2
73,"2호차 : 허세쫄보  띠리릭 장진택기자5호차 : 쫄쫄보 이게된다고,김하뇽기자자동차유튜버 멘탈 터는 포드코리아",29
74,영상보니 더 사고싶어지는...^^,1
75,뭔 이런 시승이 있냐고 하시는데 표정은 엄청 행복해보이심 ㅋㅋㅋ,3
76,모카 영상중 젤 재밌네요 ㅋㅋㅋㅋㅋㅋㅋㅋㅋㅋ,1
77,오프로드 시승 정말 해보고싶네요~,1
78,뭔가 되게 재밌을거 같음 ㅋㅋㅋㅋ실제로 이런 체험장있음 매니아분들 꽤 생길듯?ㅋㅋㅋ,4
79,와 ㅋㅋㅋ 진짜 상남자 차 간지 작살이네요,1
80,역사상 가장 큰 오프행사다 도강구간에 상어와 고래를 풀어두다니 .... 나중엔 잠수해서 구경도 할 수 있는 날이 오겠군,1
81,이건 진심에서 나오는 행복이다ㅋㅋㅋㅋ,1
82,한용이형 진택이형 두분다 역대급 영상찍었네요ㅋㅋㅋ,1
83,포드레인저 오프로드 시승하신 분들 영상 보면 다들 한마디씩 공통적으로 얘기하는게 오늘 누가 사고친다 ㅎㅎ,1
84,진짜 성능체험...,1
85,랩터 사고싶다 와 시승기 보면서 사고싶다는거 처음 느껴보네요,1
86,"진짜 이 편집자 살짝살짝 쳐주는 센스가 엄청나다, 내가 유투브하면 저렇게 편집한다.....(할수있다면)",1
87,허허... 2.0 디젤인데 복합 연비가 8.9 정도네요 ㅎㅎ,1
88,한용형님 영상보면서 첨으로 웃었음ㅋㅋㅋ,1
89,와 차를 엄청 좋아하는 모카인인디 오프로드 가보고 싶다는 생각을 들게하는 영상이네요.포드 전기차 기대가되네.,1
90,요즘 포드가 점점 더 좋아지는거 같아요! 전 차종 모두...,1
91,랩야호~~~!그만큼 차에 자신이 있으시다는거지~~,1
92,아 포드 시승행사 지대로 하네요 ㅋㅋㅋ 이게 진짜죠 랩터 시승행사 답네요~~,1
93,호주에서 차 판매량 1위를 항상 다투는게 포드 레인저랑 도요타 하이럭스입니다. 그 외에도 여러 오프로드용 차량이 인기가 상당합니다.,1
94,차 팔려면 이렇게 해야한다를 몸소 보여주는 포드 캬,1
95,이야~~ 정말 재미나게 봤습니다.표정과 신음(?)소리에서 얼마나 즐거운지가 느껴집니다.^^ㅎ패밀리카로 카니발 가지고 있는데... 주말 펀카로.. 포드 레인져 랩터가...  드림카로 한자리 차지하게되네요~ㅎㅎ온로드 리뷰.. 정말 기다려집니다...주말펀카지만.. 주말에 꼭 캠핑장이나 어디 오프로드를 못가도... 주말에 픽업트럭으로 여기저기 다니는 재미도 좋을거 같으네요~ㅎ,1
96,"지금 여러분들은 행복에 겨워 욕도 마음데로 하는 한용이형아를 보고 계십니다.그리고, 운전자야 핸들이라도 잡고 있지만 옆에 있는 PD님은 카메라 들고 무슨 고생이람...처음으로 PD님이 불쌍하다는 생각했음....ㅠㅠ",1
97,이렇게 웃으시는거 처음봐요^^잘봤습니다 ㅋㅋㅋㅋㅋ,3
98,오우 오프로드 하실때 저도 웃으면서 봤네요 신날거 같아요,6
99,랩터 멋지다..갖고싶다..,2
100,2:00  저런 와중에도 돌 탑을 쌓는 사람이 있군. 어딜가나 돌 탑은 통하는건가 ㅋㅋ,33
101,와 포드가 콜로라도랑 렉스턴 스포츠 잡을려고 작정했구나 ㄷㄷ,1
102,돈만 된다면 지르고 싶다 캬 상남자 차네 ,1
103,형 진택이형한테 오프로드 운전 배워야할것 같아. 진택이형은 운전 잘하드만,1
104,진심 랩터 사고 싶은 차인데.. 머니가 정말 문제네요 ㅎㅎ,2
105,수입차들은 국내에서 팔려면 부품공장을 국내에 만들어야 한다는 규정 생기면 얼마나 좋을까 싶습니다.,1
106,역대급 신나보이는 시승기,2
107,재미 있으셨겠네요.~  영종콜로라도 닫혔었는데 이번 행사를 위해 특별히 열어주었나 보네요.,1
108,같은코스로 렉스턴스포츠가 가면 어떨지 궁금하다....,1
109,엄청 좋아하는게 보여진다 ㅋㅋㅋㅋ 내차 아냐 ㅋㅋ 막잡아돌리고 제껴~~~ 오프로드 체험하고 오셧네 ㅋㅋ 차는 튼튼하고 좋아보이네요 쌍용의 렉스턴 스포츠는 이제 도심형 픽업트럭이라 봐야겟네요,1
110,진짜 포드가 레인저에 자신있나보다,1
111,한용이형 너무 즐거워보여 ㅋㅋ,1
112,이것이 자동차라고 보여주네요 ㅎㅎ,1
113,차에 대해서 모르는 게 많아 궁금한 게 있는데 저렇게 오프로드 다니면 하부세차 같은 거는 하나요~? 한다면 손세차장같은곳가서 하나요~?,1
114,와...타이어 찌그러지는거...괜찮나요??,1
115,영상만봐도 잼있아보이네요.너무 행복해보여요,1
116,포드 진짜 시승회 제대로하네,2
117,광고촬영(전문레이서가하죠)보다는 많이 약하지요 저도 점프해봤지만 점프가 좀 약한거같네요,1
118,지금까지 이런행사는 없었다 이건바로 오프로드 배우기~~,1
119,보여주기식 시승행사가 아니네요ㅋㅋㅋㅋㅋ,1
120,레인져에 대한 자부심이 대단하네요  포드사가...,1
121,캬 보는 제가 다 즐거워 지네요 ㅎㅎㅎ,6
122,랩터... 진짜 가지고 싶다..,1
123,현실판 벽타기 ㄷㄷㄷㄷ,1
124,와우~차 멋지다 진자  한대즘 가지고 싶내요,1
125,메이커의 자신감! 사고싶네!,2
126,상어에서 피식 범고래에선 현웃터졌다 ㅋㅋㅋㅋㅋㅋㅋ,2
127,재밌지...ㅋㅋㅋ 피탄지에서 드리프트하고 놀았던게 운전하면서 제일 재밌었는데도로에선 60 정말 느린데 오프로드에선 정말 빠르고 짜릿하게 느껴짐그러나 우리나란 저걸 어디서 타고 노나...?,1
128,재밌어요 한용님. 점점 빠져듭니다.  너 파이프 싹뚝싹뚝 ㅎㅎㅎ,2
129,이 양반 차 리뷰하면서 이렇게까지 신난적은 없던 것 같네 ㅋㅋㅋㅋㅋ,1
130,역대급시승기 ㅋㅋㅋ,1
131,20년 이전에 경기도나 강원도 포병 나오신 분들은 흔하게 경험했을듯 합니다. 사격장 가는길이 대부분 저런 오프로드였죠. ㅎㅎㅎ,1
132,역시 트럭은 미제야~~,1
133,역시 이게 픽업이지~!! 쌍용 픽업은 여기에 비하면... 역시 픽업은 미국차가 찐이네~!!,1
134,크으 저거저거 담에 타야지!!,1
135,모카 역대급 영상........,8
136,뭐지? 오늘 영상을 보고 관심없던 랩터가 갖고 싶어 졌다그러나 그노므 능력이 안된다는..ㅜㅜ,1
137,랩터 사고싶다.....진심 사고싶다.....사고싶다고 말하면 마눌님께 줘 터지겠지....작년 가을에 칸을 질럿거등 ㅠㅠ;;;;랩터야 3년만 기다려줘.,1
138,지렸다 갓포드,1
139,저러다 차 긁어도 봐주겠죠우와 제대로 오프로드 주행이네요차내구성좋아서 버티겠지만왠지 시승차 진짜 사면 안되겠네요 ㅎㅎㅎ,1
140,네비게이터도 수입하는데 F-150도 수입 됐으면...,1
141,시승행사가 왜 이렇게 웃기지...ㅋㅋㅋㅋ,1
142,가격이 너무 비싸서 많이 팔리지는 않을듯 합니다.,1
143,강원도 같은곳에 사시는분들은  거의 필수차네 ㅋㅋㅋ,1
144,아마 다음 버전 곧 나올텐데,1
145,이런 컨텐츠 좋아요!!,1
146,어떻게 시승차라도 싸게 주신다면 사고싶네요ㅠ,1
147,정말 포드에서 한 두번 해본 행사 솜씨가 아닌듯!,1
148,제일 중요한건   레인저 2022년식 풀체인지 예정이란 말이 있습니다즉 잘못사면 재고떨이일수있단 말이죠앞으로 브롱코도  나오고   살만한 메리트가 있는지 모르겠습니다,1
149,"저는  지금  독일 사는데 독일에서도 포드 픽업은  엄청  인기입니다 . 폭스바겐 픽업같은 독일제 픽업도  많지만  미국제만의 무식한 와일드함 같은건  없습니다  독일제는 아무래도  도시형 suv뜯어고친 느낌이라  얌전한데 미국제는 무슨엘 있으면  아오토반에서 그냥 호프야드로 나가서 트랙터랑  나란히 지나가도 될거같은  느낌이거든요. 오프로더는 아무래도 이젠  미국차가  황제이고  그밑이  유럽,일본차들이  지방 봉건귀족 같은  게 현실이죠",1
150,남자가 정말 갖고 싶게 만드는... 와... 진짜... 어우... 라는 말 밖에는... ㅎ,3
151,오 레인저 랩터 엔진소리 쥑입니다. 정말 한대쯤 사고싶은차 아파트에서 벗어난 다면 정말한대 무조건 지를겁니다.,1
152,대박이네요. ㅎㅎㅎ,1
153,한용이형 진심으로 즐거워 하는거 같음.상 남 자 였 던 거 야,2
154,랩터 진짜멋있냉..,1
155,시승 끝나면 배고플듯 체력소모가 ㅋㅋㅋ,1
156,ㅋㅋㅋㅋㅋㅋㅋㅋ하뇽님 이렇게 재밌어하는거 처음보네요.ㅋㅋㅋㅋㅋㅋㅋㅋ,7
157,영어 자막에 ㅋㅋㅋ 디스 이즈 스파르타가 나오네 ㅋㅋㅋㅋㅋ포드가 이미지가 좋은 회사는 아닌데 노빠꾸 시승기 보니 참 맘에 드네요. ㅋㅋㅋㅋ,1
158,싫어요 없는 영상은 처음이다 ㄷㄷ 역시 잘생긴 한용기자님,2
159,차량 가격이 후덜덜~~ㅋㅋㅋ,1
160,전면 그릴에 고프로 달아놓고 촬영했다면 몰입감 엄청났을듯 ㅋㅋㅋㅋㅋ,1
161,오프로드 하다보면 본인의 의지와 상관없이 큰 돌이나 구덩이를 밟고 핸들이 순간 확!! 돌아버리는 경우가 있습니다. 그럴때를 대비해 엄지손가락은 핸들 바깥쪽으로 감아쥐는게 요령입니다. 잘못하면 핸들에 엄지손가락 부러져요~~,1
162,우와! 저만 멋있다고 느끼는거 아니죠?,1
163,군대에서는 20년된 레토나로 저정도 오프로드는 일상입니다^^ (훈련기간),1
164,저거타고 산타는거 쌉가능이네 오프로더이자 캠핑좋아하는 사람은 좋아죽을 차네ㅋㅋㅋㅋ,1
165,그만큼 자신있다라는건가 좋은회사네,1
166,모스트 카 중 하나인데 현실성이 없어서 포기했었죠,1
167,한용찡 웃상이었네~ㅋㅋㅋㅋ,2
168,"성능 전꺼보다 좋아졌다는데, 얼굴은 개인적으로 전에꺼가 더 스타일이라 아까워요..진짜 예쁜뎅 왜 바꿨지..ㅠㅠF150, 레인저 랩터..아...이쁜 것들..ㅠ",1
169,랩터는 적재용량 300kg이고 acc없는걸로 압니다,1
170,와 4x4 스티커 붙여 논거 참 오랜만에 본다,2
171,역시 픽업트럭은 포드 & 쉐보레 인가,2
172,나도 저런차타고 저런곳에서 운전해봤으면,1
173,얘도 온로드 승차감 좋으려나요? 후륜 서스펜션 구조가 콜로라도 보다 좋네요. 콜로라도도 온로드 승차감 하나는 지리던데,1
174,랩터는 적재 용량 300kg 아닌가요? 800kg라고 하시네...,1
175,우와 랩터 정말 탐나네요!!,1
176,정말 호주에 레인져 많죠... 픽업 트럭 10대중에 5대는 레인져 같아요...,1
177,FOX 서스펜션은 자전거에서만 봤고 사진으로만 차에 달린걸 봤는데 실제로 저런차에도 순정으로 달리나보네요,1
178,"호주에서 UTE (픽업트럭) 이 인기 있는 이유는 Tradie 블루콜라 수리공/건설, 등등 의 업계에서 툴을 지니고 다니면서 무거운 장거리를 달려야 하기 때문에, 그리고 세금 공제가 되기 때문에 인기가 있는겁니다. 아웃백이랑은 큰 상관 없습니다만... 즐거워하시니 좋네요.",1
179,랩터 800kg 최대적제라고 말씀하셔서 구매충동 들었는데...찾아보니까 300kg이내요,1
180,전기차가 이런 맛이 나오려면 10년은 걸릴듯... 와 진짜 비포장 도로에 최적화 된 차다 ㅋㅋ 특히 강원도 ㅋ,2
181,지금 나온 레인저는 2012년 정도부터 양산된 모델로 태국 남아공에서 제작 합니다. 랩터는 2018에 나온 모델로 마찬가지로 태국 남아공 제작입니다. 설계는 모두 포드 호주입니다. 문제는.... 맞습니다. 지금 미국에서 나온 브롱코 올해 양산 시작으로 내년부터 레인저 풀체인지 태국 제품이 나옵니다. 디젤도 나오기 때문에 랩터도 신형이 나오는거 같다고 개인적으로 생각됩니다. 재고떨이는 아닌거같아요. 그냥 지금 들어와야 콜로라도에 안밀릴것 같아 미리 들어오는것 같아요.,1
182,울아빠차 보여주고 싶네 제주도 산간 감귤밭을 호남평야 다니듯 한다는 전설의 그차 세레스,1
183,이렇게 찐으로 즐거워하는거 오랜만에 보는듯 ㅋㅋㅋㅋㅋㅋㅋㅋㅋㅋㅋㅋㅋ,4
184,와 타고싶다,1
185,포드: 마! 우리가 트럭 하루이틀 파나 ㅋㅋㅋ,3
186,13:50 이정도면 침수차 아닌가요,3
187,신나는게 보이네요 ㅋㅋㅋ,1
188,미국 해병대 출신 훌리건 아저씨 느낌의 차 마초와 투박함 그 자체,1
189,한용이형 좋아서 나오는 소리가 맞죠?? ㅋㅋㅋㅋ,1
190,"7:52""그만큼 자신이 있으시다는거지""",6
191,3:40 한국인이 좋아하는 오프로드 속도,2
192,랭글러도 해주세요!!,1
193,목소리에 텐션이 느껴지네요...,2
194,너무 웃겨서  현웃터졌어요,1
195,포드보면 영화 나홀로집에 주인공이 몰던 RC카 생각나네 ㅋㅋ,1
196,사실 미국 포드보다 국산 포터가 더 잘감,1
197,그래 이게 시승이지!이렇게 시승하면 어떻게 안사냐고,18
198,완전 행복해하시네 ㅋㅋㅋㅋㅋㅋㅋ,1
199,가격 너무 비싸다... 렉스턴 두배에 콜로라도보다 훨씬 비싸구만 ㅜㅜ,1
200,텐션 업  ㅎㅎ,1
201,영상요약:공포>두려움>쫄림>안정>신남,2
202,가지고싶다.....,1
203,시승 후 : 야! 카드랑 계약서 들고와!!!,1
204,와 차 괜찮네...,1
205,솔직히  남에 얘기를 해서 미안한데 미디어 오토  장모씨의 시승이 기대됩니다,1
206,상남자의 텐션!!!!어!? 너 파이프!!?? 싹뚝!!!!!,1
207,너무 멋지다 ㅠㅠㅠㅠㅜ하 랩터,2
208,미국사람들이 엄청 사고싶어하는 미드사이즈 픽업을 한국에서 살 수 있다는건 나름 메리트. 2년 정도만 일찍 출시해줬으면 더 좋았을거라는 아쉬움은 있지만... 가끔 한국에서 뭔 오프로드냐 이러시는 분들 있는데 실제로 미국 오프로더들은 한국 많이 부러워 합니다. 몇몇 지역 빼고는 미국 오프로드 트레일은 대부분 건조한 사막지형들이라 습기와 자갈이 많은 한국 오프로드 트레일을 부러워들 합니다.,1
209,포르쉐탈 때도 저렇게 해맑지않았는데...,1
210,"난 fx4몰고 다니는데,정말 렙터는 나의 드림카.내차가지고도 오프로드에 만족하는데렙터는 ㅜ.ㅜ다음차는 무조건!!",1
211,오늘의 하이라이트 5:57,1
212,사고 싶네요,1
213,시승을 하면 어우씨가 나오는 행사ㅋ,1
214,와 진짜 재밌다 ㅋㅋ,1
215,13:14. 랩터가 와일드보다 견인 능력이 딸리나요?,1
216,레인져 시승기 마다 유튜버들 다들 난리났네요,1
217,포드F150랩터 관심 있는데 괜찮은 수입 업체 알고 계시면 추천좀 해주세요~|,1
218,현재 2021년 포드 레인저 랩터 반년정도 타고 있는 사람인데 저는 비추 합니다.  여러 이유 중에 하나 꼽으라면 엑셀을 밟다가 떼면 10번중에 3~5번정도 지혼자 변속되면서 오히려 엑셀을  조금 꾹 밟는거 때와 같이 가속 하는거 처럼 튀어 나갑니다. 저속 이던 고속이던 같은 현상이 있어서 감속하려고 엑셀에서 발띠고 브레이크로 발을 옮기다가 움찔 움찔 할때 꽤 있습니다.,1
219,세상 행복해보이시네요 ㅋㅋㅋㅋㅋ,1
220,한국도 이런차량의 suv가 나온다면 잘 팔릴것같은데...난 픽업차량은 극혐이라...,1
221,지방에 보면 오프로드에 미쳐가지고 튜닝하느라 난리난 아재들 많은대 그냥 랩터사서 바로 타고가면 될듯,1
222,"시골 뒷산정도 오프로든데,,, 오프 아예 안타셨나보네요",1
223,주차 하기 개 빡시것다 ㅋㅋ,1
224,아 랩터 멋지다....,10
225,폭스사를 심심찮게 볼 수 있네요 지프도 그렇고,1
226,랩터 내 드림카...ㅠㅠ 하지만 왜 트럭을 사려고 하냐 구박하는 와이프..,1
227,"저도 레인져 와일드 트랙을 가지고 있지만, 안정성은 괜찮습니다. 그리고 차값이 그리 비싸지 않은데 국내에서 비싸게 파는것 같네요..레인져는 태국에서 생산하며, 랩터모델만 뒷대우가 코일스프링과 와트링크로 되어있어 승차감이 더 좋습니다. 단 저돈주고 누가삼?? 해외에서는 경쟁사모델 대비 가격대 성능이 좋아 구매할 가치가 높지만 국내에선 비싸게 판매하나 보네요??",1
228,오프 뛸 사람은 시승차 사세요 / 시승차=오프에서 검증된 차,1
229,램이나 포드나..옛날께 이쁜건 기분탓인가?,1
230,6:41 중간에 고나우의 비명소리 ㅋㅋㅋㅋ,1
231,2배속으로 보면 익사이트함 ㅎ,1
232,대박이네요,1
233,7:42 계속 모라하면서 본인은 세상 가장 행복해 하고 있음ㅋㅋㅋㅋㅋㅋㅋ,1
234,가격이 미쳤어요 ㅋ,1
235,아드레날린 엄청 뿜뿜,1
236,페라리같은 스포츠카는 비싸서 못사지만 쟤는 돈이 있어도 함부로 못살만한 차임,1
237,랩터는 탐나네요ㅎㅎ,2
238,역시 픽업은 USA,1
239,역시 미국 포드 랩터 ㅋㅋㅋㅋㅋㅋㅋ 뒤진다 진짜 찐남자,6
240,크 저맛에 오프하는지 저종도면 세미오프임,1
241,Ford-Korea 그리고 OXK에서 마련한 RANGER 체험장 다녀 오셨네요.레인져 하체 강성 정말 우수합니다.영상 즐겁게 봤습니다 ️,2
242,이제 f150만 와라내드림카ㅠ,3
243,번창하세요!!!!!!!!,2
244,외길에서 비슷한차 마주쳤는데 휠긁힌다고 나무랑 흙있는 곳으로 못지나가겠다그러던데... 난 옆에 논두렁인데 ㅠㅠ,1
245,누구 골로라도보다 좋은 것 같아 ㅠㅠㅋㅋ,19
246,미국인도 안타는 포트 선전하느라 고생이십니다...,2
247,영상재밌게 잘봤습니다~정말 도움많이되었네요!혹시 레인저차량 사전계약 원하시는분들은제 채널에도 오셔서 정보얻어가세요!^^,2
248,견인장치가 없나요??,1
249,국내는 경유만 나오죠? 휘발유 나오면 좋겠네요~,1
250,차 좋네 ㅋㅋㅋ,1
251,시승행사 얼마에 어디서 할수있나요?,1
252,호주 살고있어요 포드 레인져 겁나 많아요 토요타 하이럭스 다음으로 많음 ㅋ,1
253,랩터 너무 이쁘네요,1
254,흠...... f150갖고 싶었는데. 이것도 탐나네.. 한국실정엔 이게 최상인가요? ㅋㅋ,1
255,4:33 풀악셀을 해서 60키로 이상 40키로미만...        ???,1
256,골로라도는 이짓하면 진짜 부셔지겠지,1
257,아 겁나 재미지겠다 ㅋㅋㅋㅋㅋㅋㅋㅋㅋ,1
258,ㅋㅋ한국패치가되는 오프로드 시승행사느리게가면 속터진다,1
259,와 물에 고래도 넣었네.. 큰 행사다,1
260,아무리 그래봤자~~~~ 램 TRX 미만잡~!!,3
261,범고래 CG 누구야? 순간 당황했잖아요. ㅎㅎㅎㅎㅎ,18
262,아 너무 재밌잖아 ㅋㅋㅌㅋㅋㅋㅋㅋㅋㅋ,3
263,오.. 한국에도 저런 곳이 있었군요...,1
264,이거 동남아에서 만드는거 아닌가용 ?필리핀에서 랩터 젤 비싼거 4600만원쯤 하는데...물론 딜러할인도 있고요...2.0디젤..랩터아닌 일반 모델은 더 싸고요,1
265,f150  오프로드 퍼포먼스는 끝장이구먼~~~~~~~~~~~%%%%%%~~~~~~~@@@@@@@@@@@@@@@@@@,3
266,액션이 끊이지 않는걸 보니 저기 환경이 얼마나 험한지 영상에 다 안담기나보네ㅋㅋ우우어어ㅓㅓㅓㅓ,1
267,개빵터짐 ㅋㅋㅋㅋㅋ,1
268,크아 ㅋㅋㅋ 레인저랩터 ㅠㅠㅠ,4
269,레인저는 동남아가 주 시장이라 그런지 저렴이 디젤이 있나보네요 . 콜로라도 zr2 는 안나오려나요,1
270,디젤한가지 버젼만 들어오나요^^?!,1
271,사고싶다 사고싶다 사고싶다,1
272,언제부터 우리가 5~6천만원 이상가는 차를 아무렇지도 않게 구입했나?  카푸어가 심각하다는 뉴스는 안보이나?,1
273,랩터적재중량이 800키로?  300키로 아닌가요?,1
274,흥분하고 재미있게 시승하는 건 좋지만 왜 그리 쌍욕을 많이 하시는지.... 다음에는 쌍욕은 자제 부탁 드려요.. 김햔용님 그렇게 쌍용을 많이 하시는 분인지는 몰랐어요.,2
275,호들갑이 마치 생활의 달인 맛집 호들갑러랑 막상막하네 요들송 부르는줄ㅋㅋㅋ,1
276,스트레스 해소 행사인가ㅋㅋㅋㅋ,1
277,아 신나 신나 부러워요ㅜㅜ,1
278,레이저와콜로라도.동시리뷰해주세요,1
279,이게 미국차지.. 이게 포드지.. 뭐 이런 느낌..쉐보레는 이런 느낌이 없던데.. 대우 때문인가?..,1
280,놀이공원 놀이기구 타는 어린이마냥 즐거워하시네요ㅋ,1
281,크.... 드림카가 바꼈습니다ㅠㅠ,2
282,현기랑 쌍용차로 저런거 하면 진짜 다 뿌셔져서 부품 다 튕겨나갈지도,1
283,전 세계에서 같은모델.사양인데도 제일 비싸다고 들었는데..,1
284,00발광 행사..와우,1
285,시승내내 들린건 오우C.... 어우C.... 야 C..... ㅋㅋㅋㅋㅋㅋ,2
286,제네시스X 컨셉 리뷰 부탁드려요,1
287,통일되면 만주벌판을 저거 타고 달려보면 좋겠군요.  ...........,9
288,으아~~~ 너무 재밌겠다~~~!!!!!! ㅠㅁㅠ,1
289,기대합니다,4
290,마! 이게! 이게! 트럭이다!,1
291,독삼사가 못 만드는 유일한 차.,1
292,이거 우리같은 일반인도 시승가능함? 어디서 신청해요?,1
293,콜로라도 가 비빌께 없다,1
294,시승행사에서 돌산을 오르고 풀악셀로 점프를 시키네ㅋㅋㅋㅋ,1
295,아재 즐거워 하네요 좋아보입니다 ㅎㅎ,1
296,저정도면 놀이기구타는거 아닌가요 ㅎㅎ,1
297,그만큼 신이나셨다는거지,1
298,오늘따라 소녀소녀하시네요.. ㅎㅎ,2
299,비싸네  미국보다 ㄷㄷ  차라리 코스 나 체로키 사는게 이득일듯,1
300,ㅋㅋ 김씨~~~좋아죽네요~,1
301,행사는 이렇게 해야지 스트레스 풀리겠네요 내차도 이니고 ㅎㅎ,1
302,그리고 저기노란색(?)트럭에 실려있는 빨간 전기자전거 앞뒤서스도 폭스 서스입니다ㅋㅋㅋ,1
303,에이 저정도오프는 껌이죠차량에비해서..,1
304,해상운송 과정서 벌써 녹았네.하기사 아프리카서 오는데...,1
305,난 레인져랩터보다 f150랩터가 더 멋짐,1
306,오늘 제네시스 dh 리콜 받으라고 통지서 받았어요 ㅠㅠㅠ,1
307,차폭이 쫍아요~ 둘이타면 ....,1
308,참 재미있을거 같은 오프로드하지만 내돈주고 산 내차로는 안하고 싶은 나.....너무 못된건가? ㅋㅋㅋㅋ,1
309,좋은건 알겠는데 비싸서 ...,2
310,"포드코리아 하는짓은 대체... F150 이나 XL,XLT Super cap 포함 트림으로 들여다 팔아라.  랩터니 랜치니 부질없다.",1
311,눈 오늘 날도 즐거울 차,1
312,"차값으로 눈탱이치고, 기자들 하루 놀이터 시승시켜주느라 용쓰네. 기자들은 재밌게 놀다왔으니 좋다고 빨아주고. 미국에선 팔지도 않는 f150짭을...",3
313,4:36 자막 40에서 60키로가 아니고 60에서 80키로입니다.,1
314,미국식 오프로드는 달리다 앞차가서면 들이받는건가요,1
315,뉴랩터 나오면 사야징 ㅋ,1
316,현기차는 저렇게몰면 금방 하체 작살나는데..,1
317,쏘렌토 4륜으로는 꿈도 못꾸는거죠?,1
318,300키로라고 하던데..렙터는..,1
319,ㅋㅋㅋㅋㅋㅋㅋㅋ대박,2
320,시승차 어떻게 처분할려고 저렇게 막굴리지 ㅋㅋ,1
321,한용님..기스라뇨..실망이에요. ..ㅎㅎ,1
322,아......와일드 트랙 구형을 한국에 출고 했네요 재고 떨이 소문이 있었는데 소문이 맞습니다,1
323,멋지다~,1
324,이 시승행사 또 안하나요?,1
325,콜로라도보다 당연히 비쌀테니그다지 안팔릴려나?,1
326,김한용 씨의 오프로드 리뷰력은 좀....,1
327,아 범고래서 깜짝놀랐네...,2
328,호주에 험지 오프로드가 많군요.어쩐지 걔네들은 캠핑카도 유니목으로 만들더라,1
329,이 영상은 카라큘라님이 시청하시면 안돼는 영상입니다 !,12
330,와이건 돈내고 시승해야하는..수준이네요.. 성인놀이동산,1
331,와 진짜 손이 근질근질하고 엉덩이가 들썩들썩하네요남자의 로망,1
332,사이버트럭 시승하시면 기절하시것네요;;; 찾아보면 물어서도 떠다니던데;;; 낚시 좋와하새요?,1
333,포드트럭 한바뀌 들린다음 사람이 누루면 차가찌그러져서 문이 안닫히단데 신형은 강성보강됬나 모르겠군요,1
334,이런거 보면 우리나라는 참 재미없게 사는구나 싶기도 하고..,1
335,한용님. 왜 좋아죽고 그래요.ㅋㅋㅋ,1
336,갤로퍼 솔리드차량 끌고가야하나..,1
337,아니 브롱코 들어오면 시승행사 어떻게 할려고 벌써부터 이러나,2
338,와 영종아메리카네요,1
339,몇일뒤 사무실로 견적서 하나가 날아오게되는데..,1
340,김한용선생!!! 너무좋아하는거 아니요!!! (저도 태워주세유),1
341,정말 트럭을 전혀 모르시는군요. 트럭 시승 평가는 하지 마세요,1
342,이제 쌍용은 진짜끝이네....,1
343,미국사람들은 대체 어떤데서 차를 타는거야...,1
344,파이프! 빡! ㅋㅋㅋㅋㅋ,3
345,너무 얌전하게 운전하셔서 오프로드 시승이 그닥 와닿지 않네요. 노잼,1
346,rc카 같네 ㅋㅋㅋ,1
347,포드 는  사는차가 아니다   결함 투성이 ㅋㅋ,1
348,"아 쓰바정작 여기 미국엔 출시 안한다는거, 무슨 개같은 경우냐, 기아 텔류라이드 한국에 출시 안하는거 같은 개같은 경우죠.",6
349,1440p 화질이 나왔군요,1
350,근데 콜로라도하고 가격이 차이가 넘나,1
351,Too shock.. no..  I was so shocked,1
352,쌍용 거래정지 주식들고있는 사람들  그만 희망고문 시키고 이제 놓아주자 ㅎㅎ,1
353,아재들 심장벌렁거리는소리  지갑열리는소리 들린다....,2
354,베틀그라운드 게임 현장같아요^^,1
355,이게말이돼?(우워워 신난다) ㅋㅋㅋㅋ,1
356,북미에 몇대 안팔리는거 한국에다 팔려고 그러나... 시승행사는 멋지게 하네요..,1
357,근데 넘비싸네여,1
358,귀여워,1
359,차는 좋은거 알겠는데 가격이 사악해서리..,1
360,남자의 로망 랩터,1
361,자신감 뭐냐!!,1
362,아니 저런거 말고 풀사이즈 대려와요,1
363,갈치사세요:)값은구독입니다 많이사세요.,2
364,헬멧 씌워줘야 되는 거 아닙니까?????,1
365,자막 오타요.... 18:25 쌩->땡 ㅋㅋ,1
366,오늘 영상은 노스킵.,1
367,앞으로 오프로드 시승행사 어쩌냐.. 다찢어놨네,1
368,영어왕 한용,1
369,중간에 범고래 상어 뭐야 ㅋㅋㅋ,1
370,오프로드 타면서 뭔 엄살을 부리면서 타는거지? 막 밟아줘야지 무슨 리뷰가 이래,1
371,겉모습으로 판단하지마,1
372,^^,3
373,낚시차로는  딱이다,1
374,우르르쾅쾅! 우지끈 부우웅!!,1
375,엇 파괴왕이...,1
376,보는 제가 재미있네요,2
377,레인저내년 풀체인지로 아는데한국은 재고정리?,1
378,포드가 호구 제대로 잡은건가? 국내 호구들이 많아서 그런가?내년에 이미 풀체인지 확정된 차를 이제 가져와 동남아 시장보다 천만원 넘게 비싸게 파는게 말이 되나?아는 사람은 알겠지만 동남아는 자동차 관세가 우리나라 보다 많이 붙어서 대부분의 차값이 비쌈.물론 일부 브랜드별 차종에 따라 상이한 부분도 있겠지만... 암튼 필리핀.베트남.캄보디아 등등. 근데 거기서 레인저 판매 가격 보다 우리나라가 판매가가 천만원 넘게 더 비싸게 팜. 이게 말이됨?? 게다가 2년 후엔 내년 풀체인지 모델이 상용화 되서 판매 될거임..,1
379,5:56 익룡 두둥등장,1
380,장소는 어딘가요?,1
381,아니 이차를 왜 이 가격에 사?????????????????????????????????? 미친거아님??????,1
382,왜 우리나라만 비싸게 파는거냐?,1
383,말씀이 많네~~~,1
384,바하레이스는 처음이지? ㅋㅋㅋㅋ,1
385,수동차매물있어요?없어요?,1
386,2021 F150 신형 가지고 오너라 실대없는 소리 고만하고 직수입하면 비싸고 믿을수도 없고 왜 이유가 뭐꼬,1
387,ㅋㅋㅋㅋㅋㅋㅋㅋㅋㅋ,1
388,포드는 못참지,1
389,미국 레인저는 아닌거죠 ?,1
390,ㅋㅋㅋㅋ 해피한용,1
391,견적투어래 ㅋㅋㅋㅋㅋㅋ,1
392,아 6400만원이 모자라서 레인저 랩터를 못사네,1
393,어찌보면 양심기업이네,1
394,존잘엠쥐,1
395,Ford this version  made in Thailand,1
396,무야호!,1
397,트럭을 넘 비싸게 팔아먹네 트럭이에요,1
398,돌고래 깜짝이야!,1
399,형  제네시스  안해?,1
400,한국사람들 복받은 줄 아삼. 호주에선 렙터 85000불임..... 호주 망했으면 좋겠다,1
401,"Where's the ""gone wrong"" here?",1
402,태국제조차량이 남아공제작차량보다 싸게 파는이유가 뭡니까??22년풀체인 출시준비중인데 재고처리를 동남아버젼보다 천만원이나 비싸게 파네요  랩터는2000만원 비싸고요,1
403,호주 간거에요???,1
404,그냥 임도 셋팅,1
405,유럽 오프로드는 게이 오프로드미국 오프로드는 상남자 오프로드?,1
406,죽고자 하면은 살고 살고자 싶으면 죽는다,1
407,브롱코 못따라오지,1
408,브롱코는 언제 들어온대요?,1
409,흥분되네요 후아,1
410,4천만원후반때로 안 나오면 경쟁력 없음!,1
411,디젤엔진 입니까,2
412,모닝도 다 갈만한 길인데...??,1
413,5:56 익룡,1
414,시승식에 자비 없네요,1
415,행복한용,1
416,,1
417,헐 여기 한국이야?,1
418,오우... 보기만해도 토 말리네요..,1
419,동남아 아무데서나 쉽게 살수 있는 레인저 들어 왔다고 이렇게 좋아 해야 하는 우리나라 수준이 참... 그것도 베트남 보다 비싸게 사야 하는 대놓고 호갱님 대접 받으면서.... A필러 부분이 생각외로 길고 깊어서 시야가 많이 가리는거 빼면 우리나라 말고 다른나라에선 가성비 갑인데...,1
420,남아공산?,1
421,6:41 한용치킨,1
422,09:57 결론,20
423,구식의 인테리어가 독특? 기자양반이라면 돌려말하지 말아야지요 펙트는 펙트로!!!,1
424,배그?,1
425,넘 겁이 많네,1
426,04:30 거짓말쟁이,1
427,오두방정,1
428,저걸 누가 5천주고사냐,1
429,우ㅡ와,1
430,이게ㅅㅂ  '차' 지 ;;;;,1
431,너무. 시끄럽다.,1
432,2빠,2
433,Me too,2
434,넘 호들갑 이 심해요 진지하게요,1
435,쫄보.....,1
436,호들갑이네,1
437,멀 이렇게 징징대 개징징대네 시승꼭바로안하냐?,1
438,아~ 새가슴 그냥 막 굴리라니깐 그냥 굴리면 데지 참 답답하다 리뷰하면서 그냥 하라는데로 막하지,1
439,객관적으로 리뷰하고 있음에도 워낙 영상미가 뛰어나다보니 차량에 대한 호감도가 높아지네요. 역시 공들여 만든 오토뷰 리뷰입니다. 오늘도 감사를 드릴 수 밖에 없네요.,15
440,오늘 견적뽑고 매장에서 시승도 해봤는데 실내디자인빼곤 상당히 마음에 들더군요 ㅎㅎ,4
441,차가 참좋네요. 아무리 차가 좋아도 옵션후달리고 인테리어 디자인 구리다고 외면받는 아쉬운차량이네요,3
442,"다른곳에선 보기힘든,혹은 관심을 가지지않는 차량에 대한 리뷰라 좋군요 잘봤습니다~",1
443,"심도있는분석,멋진영상 항상 잘보고있습니다!",6
444,여러 차량소개관련 유툽채널을 구독하지만가장 공신력있는게 여기 오토뷰라 봅니다.말리부1.35 시승기 보고 똑같은 색상으로 연말에 큰맘 먹고 질렀는데 매일 정말 잘 샀다고 자기 최면걸며 잘 타고댕깁니다.ㅎ,10
445,기본기는 정말 좋은 느낌이네요,13
446,제 와이프 차입니다. 15년식이구요. 페리모델과 실내외 거의 똑같습니다. 몬데오 실내 까시는분들 실제로 보면 화면 느낌이랑 다릅니다. 국산 중형세단 같은 엉성한 플라스틱 느낌 없구요. 그보단 훨씬 낫습니다. 그리고 고속에서 차 기본기가 다르구요. 안정감 좋고 조용합니다. 국산 디젤 승용은 5만 넘으면 D딸 심한데 현재 9만 다 되어가는데 D딸 전혀없고 차체 진동 없으며 엔진 상태가 신차 때와 거의 다를게 없습니다. 차체 도장이 국산과 다릅니다. 5년 다되어 가는데 광이 거의 안죽었습니다. 국산 중형은 이쯤되면 색이 많이 죽죠. 단점은 차 자체의 성향이 좀 투박합니다. 세단인데 머슬카 핸들을 잡는 느낌이 있구요. 전형적인 미국차죠. 미국인들은 차의 기본기를 많이 따지죠. 그것에 가치를 둔다면 괜찮은 차입니다. 참고로 문짝 겁나 무겁습니다.,9
447,디젤차에 저런 이색적인 엔진소리는 처음 들어보네요. 영상 잘봤습니다^^,5
448,몬데오 15년11월에.출고해서 작년 9월까지잘타고 e300 4m으로 기변했지만 계속 생각나는 차량이에요... 기본기나 2열 안전벨트에어백.어댑티브led램프등 가성비 좋은차량입니다. 디자인은 전 맘에들었었구요. As도 나쁘지 않았었내요..,12
449,"기본기 참 좋은차량.하지만, 옵션이나,가격등 국내소비자에게 그닥욕구를 만들어내지 못하는게문제.",1
450,좋은 영상 잘 봤습니다. 영상편집과 뛰어난 화질에 감명받았습니다.,2
451,공짜로 보기 아깝다. 차 리뷰 영상을 예술로 만들어버리네.... 일단 좋아요 하나 추가요.,2
452,"리뷰하면서 맘에 안든다고 욕이나 지껄이는 리뷰, 짧은 치마나 입고 전문성 1도 없는 리뷰랑은 역시 다름. 전문성이 있어서 매번 챙겨보게됩니다!!믿고보는 오토뷰!!",1
453,"17년9월 출고 현재까지도 고장없고 디젤로 연비좋고,안전하고,묵직한 차량 기본기가 탄탄한 차 잘타고다니는중입니다. 최근 프로모션 할인으로 PMP업그레드를 통해 보증연장까지 수월해졌고, 다만 아쉬운 부분은 통풍시트나 차선이탈방지같은 운전자편의안전장비같은게 국산에 비해 아쉽지만. 녹하나 안슬고 디자인 이쁘고 튼튼한 차량입니다. 가성비도 좋고. 나쁘지않습니다.스피커는 15만 올려도 깨지는 부분이 심하고, 2열은 상당히 좁습니다. 183cm기자가 저렇게 편하게 앉으려면 앞좌석이 앞으로 많이가야합니다.",3
454,정말이지 최고의 영상미... 오토뷰 쵝오,12
455,조용히 출시한 이유가 있었네요 리뷰 항상 잘보고 있습니다.,1
456,몬데오 오너로써 2년째 타고있습니다 장점은 힘이 좋고 안전김이 느껴지고요 연비좋습니다 차 내부랑 트렁크도 넓고요 저녁에 디자인 매우이뻐보여요 . 단점은 무거우느낌이 드는것뿐이고요 잔고장 아직까진 없었습니다 굿입니다,12
457,"산꼭대기 설경이 아름답습니다. ^^형님~ 트레일블레이저, GV80 리뷰 좀 부탁드립니다. 가성비 좋은 트림도 추천해주시구요.  설 명절 잘 보내시구요~:D",1
458,영상찍으실때 차키모양 보여주시는것도 좋을거같아요,16
459,ㅎㅎㅎ참 볼때마다 참신하고 재미가 있습니다 음......그렇타고 가볍지않고 너무 무겁지 않치만 프로는 프로를 알아보죠..,1
460,이번 인트로영상도 나름 역대급인듯,1
461,퓨전이랑 닮았다고 생각했는데 페리 모델이군요. 요즘 오토뷰 업로드가 많아서 너무 좋아요!,2
462,터보차져중에서 배기부분은 작게 만들어서 반응성을 올리고 흡기라인은 인코넬합금을 사용해서 기존과 또는 기존보다 크게 만들었다는건가용?,1
463,몬데오는 20년전에도 좋은 차였죠. 벨기에산...,8
464,조용히 출시했다는 몬데오로군요.잘보고 갑니다.,4
465,잘봤습니다. 새로 적용된 8단 미션에 대한 말씀이 없어 아쉽네요.,1
466,와... 무슨 센터페시아가 윈스톰 느낌인데 ㅎㅎㅎ,9
467,포드는 내구성에 대한 편견만 깨주게 하면 꽤 잘팔리지 않을까 생각합니다.실내 투박함은 미국차의 한계네요 ..ㅎㅎ,2
468,형님.. 요새 핫한 suv 두대도 부탁드립니다.. 형님께 차를 제공해라 제조사들아!!!!!,2
469,오토뷰 최곱니다!,5
470,"2017년식 몬데오...겨울에 엔진소리 진짜 큽니다.와 진짜... 국산,외제 다 통틀어서 가장 커요...",2
471,17년식 몬데오차량을타고있는1인입니다.개인적으로.첨엔.정도안갔는데.제가.출.퇴장거리를하다보니.연비와.안정성은보게되더라구요.그부분에서는 최고라고자부합니다.다만.요새변화되고있는 신형차들에비해서는.살짝 떨어지는감도있는건사실이지만.미국브랜드에맞게 미국인취향.  눈으로 보기용보단 자신들의편리한 용이구나.라고.느껴지더라구요.타다보니.잡다한거없이  안쓰는버튼 다 빼고필요한것만넣은것처럼.. .근데도계기판영어는아직어렵고이해가기는어렵네요..  실제로타고다니시기전까지는.매력찾기힘듬..개취에맞게. 오래  잘타면.제일좋은차인거같네요.영상잘보고갑니닷.좋아요구독 찍고갈께욧,15
472,포드는 몬데오 광고를 오토뷰에 의뢰해야할듯...  인트로 영상이 정말 좋네요,3
473,동급 경쟁 차량보다 갈수록 뒤쳐지는 느낌이다. 퓨전만 있던 시절이랑 달라진 게 별로 없다.,1
474,GV80과 트레일블레이져 기대합니다,2
475,이번 주도 잘 봤습니다.,1
476,설경이 멋지네요 ^^ 짜릿하셨을듯ㅋㅋ,11
477,몬데오 부품값이 상상초월이라던데 ㅎㄷㄷ,6
478,이런게 리뷰지 리뷰계의 시조새 원조,48
479,포드가 더이상 몬데오의 후속모델은 만들지 않는다고 하지 않았는지요?? 아마 이번 페리모델을 끝으로 세단시장은 토러스와 함께 사라질 수도...,3
480,힘든 촬영이었을 텐데. 오늘도 좋은 영상 감사합니다. 몬데오 의외의 평가인데요.,4
481,오호  포드 몬데오라니,1
482,2020년인대 2000년 인테리어 갬성 이것도 실력이다 !!!,4
483,"몬데오 15년도에 처음나왔을때 오토뷰에서 기본기 가지고 많이 깠던 기억이 있는데, 2020년도 버전은 겉만 똑같고 완전 다른차가 된건가요?",3
484,원숙미를 뽐내며 다시 돌아 왔군요.,1
485,더뉴맥스크루즈 가솔린 3.3 4륜도 시승기 한번 해주세요,1
486,포드짱!,2
487,김피디님 트레일 블레이저 리뷰 기다리고 있습니다.,7
488,실내 센터페시아쪽은... 음.. 진짜로 현시대그와는 동떨어진..  구형의 느낌... 오래된차량의 기분이네요,14
489,미국차들 가만보고있으면 미국인들은 정말 넓은 아량을 갖고있는것 같아요 ㅎㅎ,14
490,포드 몬데오가 더 큰가요 아니면 포드 포커스가 더 큰가요(길이)?,1
491,가성비를 생각했다면서 4000...? 최소300은 더 깍아야 그나마 사람들이 후보로 생각하지않을까요,2
492,약간 제네시스닮아서 그렇긴해도 포드라는걸 믿고 사면됨. ㅋㅅㅋ,1
493,사지는 않을거지만 기태형님 보러옴 -0-,4
494,트레일브레이져 부탁드립니다. 트랙스 비교해서~♡,1
495,디자인다떠나서 15년식 몬데오 연비가 고속두행시 20키로..,2
496,조용히 출시한 이유를 알 것같다.,1
497,"말씀하신 118d는 150마력이 맞습니다만,  제로백은 7초 후반대 나옵니다.190마략 몬데오보다 근소하지만 더 빠릅니다. 왜그럴까요? 이유는 1시리즈가 몬데오보다 300키로 가볍습니다. 거진 남자성인 4명무게입니다.  후륜구동때문이기도하고요. 그냥 벰코리아에게 반성하라고 하는건 무리가 있습니다. 120이상은 가격이 3시리즈와 비슷해져서 수입을 안하는 이유입니다.",3
498,내부 인테리어 포함 센터페시아 저건 아니네요 무슨 옛날차 디자인 빼박,1
499,아테온 중 어떤 다젤 세단이 나을까요?,1
500,우리아빠차 몬데오 2018년식내차가 마침 쏘나타 DN8이라 자주 비교하게되더라일단 몬데오 단점으로는 낮은옵션과짧은 차체정도를 들수있지만장점도 그에비해 많은차다일단 앞문 열어봤일때 문 두께가 다르다 실제로 무거워서 뭐지?? 싶을정도..두번째는 연비인데 디젤인거 감안해도 도심 실연비 15정도 나오는 연비깡패다세번째는 운전감인데 쏘나타보다 외부소음유입 적고 운전이 더 편했고실제로 아버지도 차에대해 굉장히 만족하심네번째는 가성비대비 가오인데수입메이커이다 보니 여자만날때 아빠차 끌고가면 차급보다 더 높게봐주더라,7
501,GV80 동영상 보고 와서 그런가...ㅋㅋ실내가 충격적이네요..SONY..09년식 그랜져인줄...,19
502,최근 봤던 포드v페라리에서 드라이버가 포드 부사장(?)한테 욕하던 장면이 생각나네요. '그래도 난 쉐비를 사겠어!'  '그 차도 개똥같지만!',1
503,혹시 9일날 한계령에서 찍으신건가요?ㅋㅋ 지나가는데 차에 막 카메라 붙이고 계셔서 유투버인가 보다 하고 눈구경하면서 천천히 가는데 휙 지나가버리신...ㅋㅋㅋㅋ 그리고 다시 내려오시다가 만났는데 서로 멈춰서 사진찍느라 바빴어서... 알아보진 못했네요 쏘울 ev 흰색 타고 가고있었는데 기억 나실련지...ㅋㅋ,2
504,말리부가 더 나아보이네요...열선스티어링과 통풍시트는 이제 기본인데...,24
505,클락션! 대~한민국 ! 감사합니다 ㅎㅎㅎㅎㅎㅎㅎㅎㅎㅎㅎㅎㅎ 오토뷰 만세!,1
506,고전감성 원하시면 사시면될듯,1
507,역시 4000대는 그랜저 .k7이 답이네,3
508,"포드가 저가격에 포드 Actvie satefy system 이 없다네,..제대로된 모델이 국내에 안들어왔나...선택을 해야하나...",1
509,현기가 욕먹을 짓도 참 많이 하는게 사실이지만 한 편으론 국산차가 발전을 한 것은 확실한게 이제 이런 차는 아예 고민할 필요가 없이 그냥 비슷한 가격대에 국산차를 사면 최소한 미국차보단 훨씬 좋음 일본차랑도 이제 거의 차이가 없고 앞으로 10~20년 내에 독일차 품질도 많이 따라갈 것으로 보이고,2
510,몬데오는 몬데요?실내도 업글하고 최신 안전사양탑제하고가솔린도들고 오면 어떨까요.. .as현실성있게 하고요!리뷰는 여기서 보는게 편하고도 좋네요.,2
511,기태형 트레일 블레이져 해주세용 ㅎㅎ,1
512,뭔가 오랫동안 연락두절된 친하진 않지만 그렇다고 나쁘지도 않았던 친구한테 연락온 느낌이네요..,90
513,미국차 인테리어는 알아줘야함,2
514,외관 디자인만 보고서 가솔린 모델이 다시 나온다면 꼭 사고 싶었는데 몬데오나 퓨전이나 살 필요가 없겠군요..ㅎㅎ,3
515,포드의 내구성은 어떤가요?내구성 잔고장 가장 중요시하는 1인,1
516,오 몬데오 ㅎㅎ 참 오랜만에 보내요. 구형인거죠?,1
517,사는순간 반값된다는 몬데오 토러스,4
518,국산차하곤 기본기 자체가 틀린차인데 국내에선 현기타는 애들한테 까이네 ㅋㅋ,5
519,앞은 범퍼랑 안개등 헤드라이트바뀜,1
520,와 이게 ... 요즘 차 맞나요? TG 그랜져 시절 차 같은데... 이걸 이렇게 좋게 리뷰를 해주시니.. 포드에서 상줘야 할 듯,4
521,현대가 실내 눈높이를 너무 높여 놔가지고왠만한 차량 실내는 다 올드해 보이네 ㅠ,9
522,폭바 아테온이나후조 508이 낫겠네요..,2
523,몬데오... 잊고 있었다가 뜬금?없이 출시된 느낌이네요;;ㅋ,1
524,"인코넬에 대한 설명이 너무 방대한대요. 간단하게 고온고압 적용에 보다 적합하고, 열팽창이 적어 작동환경에서 높은 치수안전성을 유지할 수 있다 입니다",1
525,나 아직 안죽었어 시리즈네요 이쿼녹스부터,4
526,수입차뿐만이 아니라 국산차를가장한 수입국산도 수리비로 돈벌죠그래서 문제임이구조를 바꾸지않는이상 현기 점유율이 바꿀수없음차가좋고안좋고는 둘째문제임요즘갈수록 휠이다커지는것같아 아쉬움,2
527,오토뷰 애청자로서 차량 섭외가 아쉽네요잘 보았습니다,1
528,포드 세단 안만든다고 하지않았나요?,3
529,음.. 4천으로 외제 가자면 이거보단 어코드나 알티마갈듯...,1
530,가장 신뢰하는 리뷰인데 차량선택이 늘 아쉬워요 지금 시점에 몬데오에 관심있는사람이 얼마나될지...차량 협찬이 아니어도 시청자들한테 지원받는건 어떨까요?,1
531,스티어링 열선이 없다니.......,1
532,음 매번 생각하는건데..미국산 디젤이나 독일산 가솔린은 살필요 없지 않나 하네요..,2
533,부모님 사드리고 싶은 차,2
534,소니 들어간거 하나만으로 거를만한차.,1
535,연비 좋고 이쁘구만 왜들 난리?,1
536,이차가 엔진시동꺼짐이 문제많았었는데 페리는고쳐졌나?찌꺼기같은거 그게쌓여서 정기적으로 엔진청소해줘야한다던데동호회에서 말들많았음,2
537,"후면 다듬어서 뭔가 더 이뻐졌네.. 이쁘긴하다 차가. 근데 걍 소니 인포테인먼트 뜯어내버리고 대충 에프터마켓네비게이션 꼽아놓으면 훨씬나을듯한데 뭐하러 순정고수하는지 모르겠음. 백번양보해서 한글화못시켰다쳐도 통풍시트랑 핸들열선에환장하는시장인데, 그거 두개 넣어서 팔면 꽤나 관심가질사람있을텐데...참 장사못한다... 어차피 큰돈드는옵션도아니고; 그나저나 엔진음은 무슨 머슬카임? 디젤치고 독보적이긴하네 ㅋㅋ",3
538,뒷자석 열선이 없다니...,3
539,포드....... 갈길이 몬데오,2
540,이영상 2013년도꺼아니죠????인테리어며 실내디자인부터 뭐가 이렇게 올드한지;;;;;,1
541,BMW 3gt 도 리뷰 해주세요~,3
542,아 오토홀드 하나만 잇엇어도 ㅠㅠ 아쉽다 ㅠ,1
543,쉐보레 차크락션하고 비슷하네용ㅋ,1
544,제로백 시도때 스톨 3000rpm 레드존 5000rpm 이네요 엔진출력은 비머엔진이랑 똑같고 흐음 약빨었나,4
545,잠시 후 함께 ~ ... 그리고 1년의 시간이 흐르게 되고 ..,1
546,어차피 지들도 1000만원 가까이 할인할거 깔고 저 가격에 올린거죠 적정 3300백 ~3500 위급시 천만원 할인?,6
547,실내가 너무 심했다 ㅜㅜㅋㅋ,8
548,차원이 다른 카 리뷰오또 뷰,2
549,포드차... 머스탱 타고 있는데 저 센터페시아는 용서가 안된다...,3
550,형님k5리뷰좀 해주세요,2
551,"몬데오 까는 사람들 다는 아니겠지만, 종특 내일은 버스 몇시에 맞춰 나가야하나ㅋㅋ 내부 디자인이나 스티어링 열선 통풍 없는거 ㅇㅈ 하지만 현기빠보단 엔진효율 연비 안정성 비교가 될려나 외제차가 왜 비싼지도 모르는 국뽕충ㅋ소모품이나 안전성 비교해보셈..",3
552,아아몬데오ㅋㅋ,1
553,인트로 노래 뭔가요?? 진짜 좋습니다. 알려주시면 감사하겠습니다.,6
554,썸네일 배경 한국아닌줄..,1
555,변속느린거 아닌가요?,1
556,아.. 이런차도 있네요. 4천만원때..이차는 관심 No.   하지만 오토뷰는 짱.! ㅋㅋ,4
557,상상도 하지못한 자동차네요 ㄴㅇㄱ,9
558,요즘 나오는 차들 수준이 높아져서.....덩달아 소비자 눈도 많이 높아졌죠경쟁력은 없어 보이네요,13
559,오토뷰 화이팅!!! 포드링컨 송파전시장 이민수 올림,1
560,옛날 부터  미제면 똥도  먹는다는  말이  있습니다,1
561,Gv80리뷰는 언제하나요...?,2
562,오프닝 영상 브금 제목 알수있을까요?,1
563,백그라운드 뮤직 타이틀이 어떻게 되나요?,1
564,소니가 똭!!!,1
565,먼데요?ㅋㅋ  오토뷰 잘봤습니다,1
566,정말 아반테 같은 앞모습이다,1
567,오토뷰 리뷰 좋은데더 인정 받으면 좋겠네요짧은 치마 여자 리뷰어가 하는 허접한 것과는 질적으로 다르죠,8
568,1500 정도 파격 할인하지 않는 한 한국 시장에서는 폭망각. 누가 삼???,5
569,그냥 팔 생각이 없는 차 같은데..,4
570,저차가 몬데요?  몬데오~,1
571,인테리어는 진짜 처참한수준... 4천만원의 가치가 있는지..,14
572,이거 아직도 파는군요...?,1
573,실내는.2002년 이군요,1
574,전세계적으로 무난한 세단 아닌가요.근데 한국에서 굳이 살 이유는 없는듯요.,12
575,이차가 도데체 몬데오??,2
576,오프닝노래진짜기가막히다,2
577,익스테리어에서 인테리어 넘어오고 SONY보이는 순간 그만 봐야겠다는 생각이 드네요. 센터페시아만 보면 10년된 차 탄다는 생각들것 같습니다.,1
578,헐 우리아빠차다,2
579,세단 접었던 거 아니었나요???,2
580,이차가 몬데오? 예! 뭔데요!!!,2
581,사실 몬데오 보러온분은거의 없죠,1
582,헛.. 이게 몬데오??,3
583,블레이져랑 해주실꺼져??기태아조씨^^^^,7
584,센터페시아 개시발ㅋㅋㅋㅋㅋㅋㅋ,1
585,센터에 소니 로고 뭐여 ㅋㅋ,8
586,실내 디자인 진짜 별로넹..  열선핸들통풍시트 에이다스 그렇게 넣기 어려운가..외제는 다  왜저러지...4천 5천 6천따리 벤츠도 통풍없고 막 그러던데 아반떼에도 있는게 없네..한국인들만 편의장비좋아하구외국은 안좋아하나?ㅋ,1
587,이거 차 먼데요?,1
588,5등..잘 보고가요,1
589,이차 몬데요?,1
590,저걸 4200에 팔고 쳐있네,1
591,몬데오...? 몬데오가 몬데요오~? 엌ㅋㅋㅋㅋㅋㅋㅋ,1
592,23대 팔릴듯,2
593,몬데오가 몬데요?,1
594,이게 몬데오?,1
595,매스브랜드들 한국만오면 시발 다 명품인척 가격쳐받음,1
596,몬데오가 몬데오?...껄껄껄,2
597,"캐나다 포드 정비사 입니다.  한국 판매 이름은 몬데오 네요.   캐나다 미국 에서의 퓨전 (Fusion) 으로 가솔린 엔진만 판매하는데, 1.5 turbo, 2.0 turbo, 2.5 등이 있구요. 포드에서 유일하게 잘팔리는 세단 이겠네요.  포드는 F150 트럭 과 SUV 차량이 상대적으로 많이 팔립니다 . 제 유트브 채널에 포드 차에 관한 여러 동영상 이 있습니다.",5
598,이건 대체 몬데오..?죄송합니다.,2
599,이차 포드몬데요?,1
600,실내 대체 저거 몬데요??????,2
601,누가 살까... 하네요,1
602,무료 음악 어디서 받으시는지 여쭤봐도 될까요? description 안써도 되는 음악 구하고 싶은데,2
603,"장점은 차가 생각보다  안정감있게 잘 달린다 단점은 첫째 포드,  둘째 곧 단종, 셋째 계기판 디자인이 10년전임 네번째 뒷태가 앞면에 비해 많이 구림.  결론은 장점보단 단점이 많으니 걸러야 되는차",1
604,이 차는 뭔데요? ㅋㅋ,1
605,북미에선 말리부랑 동급인데..... 울나라선 말리부보다 천만원 비쌈,1
606,ㅋㅋㅋ 포드 잔고장으로 유명,2
607,이게 몬데오?,1
608,이차 몬데,1
609,몬데오가 몬데요? 파하하하 ^^~,1
610,음..후드 솟은거 보니까 보행자랑 사고나면 보행자 두개골 반쪽날지도 모르겠네요 ㅋㅋㅋ,1
611,이차 몬데오?,2
612,이새끼들은 디자인 몇년째 우려먹는건가,2
613,응 다시돌아가~,1
614,인테리어 뭐냐...;,1
615,우리나라 소달구지탈때 내연기관 만들던 나라 차니 기술력 좋다쳐도 실내는 왜 이따위인가?가운데 소니 진심이냐? 이거보다가 국산차보면 완전 선녀네.,1
616,몬테오가 몬데여?,1
617,뭔~~~~~데~~~~~요.......!!!,3
618,몬데오가 몬데오?,2
619,썸네일이큐,1
620,초반영상 노래 때문에 매번 팬티 갈아 입네요,8
621,도대체  이게 먼데오??,2
622,몬데오가 몬데오?,1
623,닥치고 g80 2.2디젤사라 저차랑 비교 절대 불가,1
624,포드 몬데요 이거 몬데요? ㅋㅋㅋㅋㅋㅋㅋㅋ,2
625,1등!!,3
626,포드 몬데오? 못몬데오?,1
627,실내가 아무리 봐도 2010년식 sm5 입니다 심각합니다,3
628,자국브랜드의 차가 없는나라에서나 사는차,2
629,뭔데요?,1
630,4180만원.. 이런차는 그냥 리뷰 안하시는게 도움될듯,1
631,"시승해보고 실망.. 진동,소음 심하고그냥.. 변속느낌등 모든게 너무 싸구려 느낌이었음. 내가 타본 중형이상 차 중 제일 실망스러운 차였음. 만족하려면 늘 고속도로 달ㅇ려야 할듯.",2
632,안타본사람들 반응은 다 비슷함.. 타보면 달라짐.  국산차살거라면 시승이라도 한번해보세요.,6
633,실구매가 3500이하가 적정할듯... 그랴도 쏘나타 k5에 비해 너무떨오짐... 계기판 2010년식 아님? ㅋ,4
634,이차는 믿고 거르는차...브레이크가 진짜 저세상 세팅임 ㅡㅡ머 출력이나 승차감 이런건 좋은데 무슨 생각으로 차를 만들었나 하는 생각이 들정도임.그래서 절대 안삼.,1
635,소니를 달고 나왔네ㅋ 재고털러 왔으면 현지화는 하고 나와야지ㅋㅋ,3
636,역시 2열은 김선웅기자님이 직접 탑승해주시고 손바닥도 넣어주셔야 공간감에 대한 느낌이 확오네요,61
637,"미국 가격대비도 잘나온 모델, 다만 아쉬운건 신형이 나오기 전이라 재고처리 느낌이 강함. 알빙을 즐기시는 분들에게는 모하비가 한계였는데, 익스페디션이 나오면서 드디어 24피트 이상급 미국식 트레일러도 견인이 가능해짐.",6
638,실내가 트럭처럼 살짝 투박하긴 하지만 주차 문제만 아니었더라면 한 번쯤 소유해보고 싶은 차네요..,9
639,덩치도 큰데 제로백도 엄청나군요. 약간 닷지 느낌이 나는 위압적인 크기. 잘 보고 갑니다 ~~,14
640,와 10단 변속기도 처음보는데 널뛰기라는것도 있네요 ㄷㄷ,4
641,신형에스컬레이드를 기다리는 사람들이 많던데 익스페디션이 가격차이를 내세워서 대체제가 될 수 있을지 정말 궁금하네요영상 감사히 보겠습니다!,11
642,이때가 405마력 / 66토크 정도 되는데 곧 페리되어서 들어오는 모델은 440마력 / 70.5토크니까... 스포츠카가 아닌 이상 웬만한 달리는 차들도 이 덩치의 차를 보고 긴장해야 할 듯 하네요 ㅋㅋ,3
643,제 갠적 최애의 차량 전문 채널입니다. 잘 보고 있어요. 고맙습니다.,9
644,"현재 2,500킬로 정도 탔습니다. 미국차 무시한 것 반성합니다. 자동차 역사가 그냥 있는게 아닌것 같습니다. 차를 타면서 제가 느낀점과 정확히 똑같이 말씀하시네요~~ 저속구간의 안락함에 충격였고 저속 운전 중 순간 가속에 다시 한번 놀랬고 차 높이가 1.9미터 임에도 차가 전혀 불안한 느낌이 들지 않는것에 또 한번 놀랬습니다. 한번 타보면 중독됩니다. 미국차에 대한 인식을 바꿔야 합니다.",25
645,수고하신 리뷰 동영상에 댓글들 수준이 참 아름답네요좋은 정보 고맙습니다!,4
646,오토뷰 화이팅!!! 항상 잘 구독하고 있습니다. 포드 익스페디션 리뷰 감사드립니다,9
647,10여년전 군대 스카이라이프로 보던 오토뷰. 오래오래 리뷰해주세요~~,12
648,가장 공정성이 있는 채널 언제나 응원 합니다,4
649,성능도 좋고 다 좋은데 실내 디자인이 너무너무 투박하네요...ㅎ,3
650,예전처럼 가속되는장면 보고싶습니다!!,2
651,전반적으로 좋긴하네요..가격을 생각하면...음역시 포드는 국내에 재고를 판매할 목적이 확실하게 느껴지네요,4
652,"대형suv는 주로 가족과 함께 이동수단으로 사용하는 경우가 많아서요 실내공간의 만족도, 안락함으로 타는 차인 듯합니다(제 생각).물론 덤으로 가속능력도 좋으면 좋을 듯도 합니다.  코나n을 시승해바야 가속감 등등을 알 수 있을 듯 합니다(세컨카로 고민중요). 아무래도 차체의 크기가 달라서요.. 전에 suv 살때 고민했던게 이차였는데 결국 팰리세이드 풀옵을 구매했습니다(3.8로요). 담에는 이차 고민을 좀 해바야 할 듯 하네요.. 늘 유익한 오토뷰 리뷰 잘 보고 있습니다. 수고하십시요.",1
653,진짜 사이즈 미친다 ㄷㄷ,14
654,우와.. 힘이 엄청 좋네요..,5
655,와..사이즈 미쳤다,4
656,지금 익스플로러 12년식 여적타고있었는데 전기차말고 이거로 넘어가고싶네요 김피디님 항상 건강하셔서 오래도록 리뷰해주세요,4
657,포드가 세상에서 제일 잘 만드는 F-150 기반이니 좋을 수밖에 없을 듯... 그나저나 엄청 큰 차인데... 엄청 커 보이게 디자인 했네... 일본경차 보는 느낌...,3
658,진심 유럽차보다 미국감성차가 더 멋있다!!!!,4
659,너비가 2미터가 넘어가면 사실상 우리나라에선 제약이 너무 많죠 ㅠ_ㅠ,18
660,크기가 ㄷㄷㄷ 주차가 너무 힘들듯,4
661,차량 리뷰는 여기가 젤 좋다,15
662,와ㄷㄷㄷ주차장에꽉차겠네요,5
663,가속 성능이 장난이 아니네요,9
664,오토뷰의 멋진영상 알찬정보~~ 감사합니다.,4
665,아~갖고싶다~~익스플로러5세대랑 외형이 비슷한점이 많네요,1
666,오토뷰시승기 기다리고 있었습니다. 가족들이 이 차 구입을 다 반대하네요. ㅎ,5
667,저 덩치에 제로백 5.9초 ㅎㄷㄷ 하네요,28
668,차박하기엔 최고의 차네요... 트래버스가 안방수준이던데 이건 그냥 거실 수준...,5
669,카니발보다큰 실내외공간.....엄청난제로백...그리고 프레임바디의 4륜.....,22
670,저런 크기의 준기차 가지고싶네. 캠핑도 안하고 집돌이지만 저 덩치 매으 탐나,4
671,확실히 대형차는 미국이 잘만드는거같음. 좀 투박하긴해도. 현기는 가만보면 작은차체를 어떻게든 늘려서 무리주며 키우는데 말이지.,2
672,제로백 미쳤네 2.6톤이 ㄷ ㄷ ㄷ,8
673,링컨 네비게이터 실물로보니 크기가 ㅎㄷㄷㄷ디자인도 ㅎㄷㄷㄷ..suv 종주국답게 suv는 진짜 미쿡차가 좋은듯,25
674,좋은 영상 감사합니다 ^^,2
675,기함 그 자체,15
676,익스의 익스테리어에 네비게이터 인테리어 넣으면 좋겠어요. 시골 널널한데 살면 한대 땡기고 싶네요. 일반 이파트는 주차 빡시겠어요.,2
677,오! 여기서 익스페디션을 다 보네요.잘보겠습니다.,10
678,서양인과 동양인의 근본적인 피지컬 차이...오늘도 잘 보고 갑니다.,21
679,익스플로어가 중형이였다니;; ㄷㄷ,5
680,김PD님 잘 보았습니다 스타리아도 리뷰 부탁합니다!!,2
681,"3열이 필요해서 카니발 살까하다가 넘어왔어요. 센터페시아는 진짜 ㅠㅠ 이에요 2,3열 시트뒤에 부직포도 안습이구요. 진짜 기본적인 것들에 충실한 느낌입니다",15
682,계약하고기다리면서본영상중 최고인듯합니당 ㅎ,6
683,아주 우람하고큰! 차네요!,4
684,링컨 에비에이터 2열 졌혀지지 않았는데 역시 익스페디션 기함이네요~~~   로망이 되었네요^^,1
685,사랑해요 오토뷰!,5
686,인테리어는 13세대 f150이랑 거의 같아요. 영상에 f150은 현재 풀체인지된14세대,3
687,5.9초.. 이야기 끝오토뷰 항상 감사합니다.,23
688,역시 포드,3
689,와 저 덩치 제로백 5.9라니,8
690,트래버스가 중형급이라니 세상에...,27
691,포드는 익씨가 많군요 외관은 좋아보입니다,3
692,대한민국 자동차 리뷰의 끝판왕...오토뷰.....,2
693,미국차 대단하네,3
694,믿고 볼만한곳 여기뿐이네요.,8
695,이건 한국땅덩어리에 굴러다닐 차가 아니다. 차박한다면 대박,1
696,진정한 아빠가 가지고 싶은차... 현실은 카니발... 펠리세이드,5
697,카니발 하이리무진 해야되나..고민되던중 이차량을 알게되었네요.에어서스 아닌거같은데 카니발보다 승차감이나 운전성능 은 더 만족스럽겠죠??,3
698,솔직히 오토뷰를 다른 유튜버들이랑 비교하면 안 됨. 근본이 다름,6
699,"미국에선팰리, 싼타페, 텔유라이드, 익스플로러, 쏘렌토 모두 중형에 들어감. 다만 팰리, 텔유라이드, 익스플로러, 파일럿같은 애들은 중형 3열소렌토, 산타페 이런건 중형 2열로 분류됨투싼 스포티지는 준중형 그대로",1
700,일단 추천후 감상 잘보겠습니다.,5
701,연비 빼고 suv 에서 최고 인듯,2
702,보이는 것을 잘하는 현기차 VS 보이는 것만 못하는 미국차,2
703,포드는 내부 인테리어 디자이너만 바뀌면될듯 실내가 솔직히좀 심한거아닌가 10~15년전 디자인에서 내장제만 바꾼느낌같네 2005~2010년도 실내같음 시트빼곤,2
704,롱비디도 들어오면 수요가 있을텐데...,2
705,좁은 주차공간 가면 내릴 수 있을까요?  엄첨크네요 ㅎㅎ,1
706,링컨 에비에이터 리저브 포드 익스페디션 보고와서 너무 고민입니다 실내는 진짜 차이가 너무 많이나서ㅡㅡ 에비에이터 압승ㅠ 익스페디션 외관은 진짜 웅장ㅠ 너무 고민되네요,2
707,멋지다...,14
708,25:55 연비때문에 못타겠네요 ㅎㅎ 풀사이즈SUV는 다음생에 타는걸로... 또르르ㅠ,3
709,"저는 모하비를 시승해보고 프레임바디는 못타겠다고 결론내렸었고, 팰리세이드 시승해본후 제 판단이 틀리지 않았다고 생각했는데, 이번 익스페디션은 기자님이 승차감을 후하게 평가해주셔서 매우 궁금합니다. 단도직입적으로 가족용 차량으로 팰리세이드, GV80 과의 승차감 차이는 어떠한지요?? (팰리세이드는 실제 계약 후 대기중이라 문의하며, GV80은 가격대가 비슷하여 여쭤봅니다.)",3
710,미국은 못만드는 게 아니라 안만드는 거!,3
711,갖고 있는 차중에서 제일 돈 아까운 차가 이거에요,1
712,난 신형 에스컬레이드보다 이 차가 더 맘에든다. 그냥 정직하게 좋은 차 같다.,13
713,팰리도 커서 주차빡세다고 파는 사람 봤는데이차는 주차할 때 불지옥 난이도겠네요 ㅋㅋㅋㅋㅋㅋㅋㅋㅋㅋㅋㅋㅋㅋㅋㅋㅋㅋㅋ,3
714,"아우디 Q7 4.2fsi 타다가 일주일전에 익스페디션을 출고한 차주입니다. 현금가로 8240만원인데 딜러분 할인에 신차패키지 혜택에 범퍼 ppf 까지 받은 것을 포함하면 약 7800만원에 차를 산 것 같네요. 일주일동안 에코 모드로 주행해본 결과 복합연비는 11.2km로 큐세븐의 두배 정도 되는 연비가 나와 아주 만족스럽습니다. 가장 좋은 점은 차를 타고 저속에서 출발할때 쿠우우웅 하는 아주 좋은 배기음이 발생하는데 이 소리에 중독된 것 같아요. 조용하지만 중후한 느낌이 많이 들고 2열에 사람을 태우고 장거리를 많이 다니는데 2열에 탄 사람들이 한결같이 하는 말이 너무 넓고 공간이 쾌적해서 회장님이 된 것 같다고 말하더군요. 아무렇게나 다리를 꼬우거나 쭉 뻗어도 걸리는것이 없습니다. 패밀리카로 정말 좋습니다. 기사 댓글들에 보면 뭐 주차문제 실내 인테리어 등 단점들만 부각시켜 얘기하길래 솔직히 기대도 안하고 시승했는데 이 차는 시승을 해보면 바로 반할거라 생각드네요. 실내 인테리어의 단점을 박살낼 정도의 주행 컨디션이라 판단되고 독3사가 최고라 말하지만 미국차 다시 한번 생각해보셔도 나쁘지 않다 봅니다. 이 가격에 이 풀사이즈 suv 차량을 갖는것만으로도 좋은데 주행성능, 견인력, 쾌적한 실내공간에, 완벽한 3열 공간 충족으로 더할나위 없는 패밀리카라 봅니다. 주차는 어라운드뷰도 있고 360도 충돌 센서가 상시 작동중이라 주차하시는데 큰 어려움 없다 생각합니다. 실내 인테리어로 무시하기엔 가성비나 주행성능이 너무 좋은 차량이라 시승 한번 해보고 생각해보시리고 실 후기 남겨봅니다. 타호랑 네비게이터 익스페디션 고민하다가 익스로 넘어왔는데 잘했다 생각합니다. 모하비나 팰리세이드를 티볼리급으로 만드네요, 이 차량 금액이 아깝지 않은 차라는건 확실한 것 같습니다.",12
715,굿~^^,3
716,쉐보레가 어버버하다 포드가 대형SUV에 선빵을 꽂았네요,2
717,22:22 뭐야? 형 왜 귀여워??,3
718,저런 덩치로 5.9초.... 고속도로에서 까불었다가는 똥침들어오면 진짜 무섭겠네요,21
719,역시 미국차...내 외부가 고급진 맛이 확 떨어지네..ㅜㅜ,3
720,이거시 ~~진정한 풀사이즈suv인가요?ㅋ,5
721,하부가 일년도 안된차가 녹슬어가는 포드,2
722,포드링컨은 믿고 걸르는걸로요,1
723,국내 출시발표하고 미국에서는 페이스리프트 모델 발표..... 레인저도 미국에서 페이스리프트 모델 발표한국에 익스페디션이랑 레인저 재고떨이 너무하네,6
724,인트로가 광고급이네요... 선좋아요 후시청합니다.,7
725,그런데 가속시 속도계 영상은 왜 없애시는 건가요~? 아쉽네요..,2
726,ㅎㅎ 잘봤어요땡기네요.,3
727,익스페디션 옆에 팰리세리드 서니까 투싼 같더라,23
728,요즘은 왜 가속성능표만 보여주는거죠?이전에는 계기판도 같이 보여주셨는데...,5
729,선추천 후 감상 들어 갑니다.,8
730,우리나라 주차폭 2.3m   저차폭 2.075m       주차폭 진짜 문제다 이젠,1
731,아 오토뷰영상은 못참지 ㅋㅋㅋ,9
732,어쩐지 펠리세이드가 작게보이더라구 더 큰차가 잇구나,3
733,선댓글 후감상. 기다렸습니다.,3
734,포드차는 참 다 좋은데 내부인테리어 늘 거슬리네요. 가격은...투아렉 생각 나네요. 좋은 차인데 이가격에 굳이 이걸? 8천넘는다면....6인가족 이상이 아닌이상 차라리 에비에이터를 사지 이 차로 가지는 않겠습니다.,1
735,저희 아파트 주차장에 넣었다간 문콕 엄청 당하겠어요,1
736,이제 차박 아닌 집이군오,5
737,오토뷰는 닥추 후감상,2
738,1:43  기태횽님 만세^^♡,5
739,문콕 방지법이라도 나와야 탈 수 있을 듯.. 민폐다. 오히려.,1
740,Suv는  미국이죠! 흉내만낸  국산  현기는 절대아니라 생각합니다...그냥 옵션 전자제품ㅋㅋ,7
741,벤츠 글씨체보단 낫네,6
742,트래랑 펠리가 중형ㅎㅎ싼타 쏘렌토는 준중형ㅎㅎ투싼 스포티지는 소형베뉴 셀토스는 준소형이 된겁니까?ㅎㅎ,5
743,우와...,3
744,프레임 빼고 보이는곳  전체가 철이 아니라 알류미늄이죠하체도 알류미뉴 대거사용해서차가 조용하고 하체서 올라오는 소음도 거의없죠,2
745,단독주택 사는 사람이나 사겠네요. 2미터면 ㅋ 문콕 필수,1
746,갓토뷰!,3
747,오토뷰 영상들은 아무리 좋아요를 눌러도 추천 영상에 안올라와요 왜그렇죠?,4
748,재고떨이..... 미국에서는 조만간 F/L 나옴,1
749,계약하러 갑니다,4
750,네비게이터는  버스전용차로 가는데....이 익스페디션은 버스전용차로 갈수있나요??,1
751,이제는 차로중앙유지 없는차량을 타기엔 너무나 큰 위험,1
752,주차장 폭격기,6
753,미국에서 풀사이즈 suv 에스컬레이드>네비게이터>유콘>타호>익스페디션,2
754,선추천 후감상,4
755,AS(보증기간이)얼마나해줄까요3년 5년?  아시는분 답변좀,1
756,주택에 개인주차장 넓은분들 타면좋을듯 저처럼,1
757,옛날 아파트 주차장에 주차 못할듯,1
758,인테리어가 그래서 그런가? 트럭 같은 느낌이...,1
759,장갑차인줄,2
760,내차 넓이가 1995인데도 운전해보면 도로에 비해서 조금 넓다고 생각하는데 이건 2075ㅋㅋㅋ 국내 도로에서 다닐수 있나요?,1
761,차는 서버밴이 더큰가요?,1
762,너무 넓어서 자신도 불편하거니와 남들에게 폐가 될 것 같습니다,1
763,저게 중형이면 싼타페는 소형 투싼은 초소형 코나는 ....ㅋ,2
764,그럼 싼타페 쏘렌토는 소형이고..투산 스포티지는 경차 인가??,1
765,토요일에도 광고끝까지 봅시당,3
766,50년된 서울 아파트인 잠실 주공5삽니다... g80도 좁아서 문콕당하기 일수인데... 너무 타고싶은 미국갬성 suv이지만 서울 주차공간 정비가 필요해보입니다 ㅜㅜ,3
767,우리 아파트에는 없기를,1
768,2:55 타이어 값도 비싸겠쬬~? ㅋ,2
769,오툐뷰ᆢ 이것만 본다ㅋ,19
770,파일럿 오너인데....작아지네요 -_-,5
771,우리나라 환경에 안 맞는 차입니다.,1
772,"12:50코나N 1515kg인데 280마력으로 5.5초... 문제많다.. N모델은 고성능이라며??? 1톤이나 더 무거운 익스페디션 같은 하마랑 비슷하면 어쩌냐?? 미션이 병신인거냐? 뻥마력인거냐?? 코나n 1마력에 5.5키로, 익스페디션 1마력에 6.2키로.... 어휴 현대야~",4
773,센터페시아 10년전 차 같네ㅋㅋ,1
774,아싸 2분전♡♡♡,2
775,요새 나오는 포드 suv는 2열이 별로에요 엉덩이 시트 부분이 너무 작음 아이들 앉게 만들어 놓은 느낌,4
776,운전석 A필러 손잡이는 왜 필요한걸까요?,1
777,미국 비행기 하체 평가해 주세요. 자동차 엔진도 만들지도 못하는 대한민국이 자동차를 평가한다? 하하하.,2
778,거대하다,3
779,이놈 형 익스커션은 뒤졌나...짧네 5600은 넘어야 되는디,1
780,타호 부터가 대형급이죠.,2
781,코나N ㅎㅎ,1
782,기름값 장난 아니겠네 감당 할수 있은 사람만 사야 될듯 포드는 아무튼 신뢰가 안감,1
783,숏바디네요,2
784,현기빠들은 이미 미국브랜드는 가뿐히 넘어서 독일차와 비슷한 수준이다고 착각하지만 k8 3.5 8초대였나?ㅋㅋ제네시스3.5T도 2.6톤 올리면 저정도 5.9초 뽑아낼수 있으려나,6
785,솔직히 실내외 디자인은 막 만든 느낌...,1
786,고급유 세팅 인가여,2
787,좋은차에 한국타이어를 끼워박아 성능하락ㅠㅠ제동능력 하위그룹ㄷㄷㄷㄷ하ㅠㅠ안타깝다,1
788,그랜드 팰리,1
789,모하비 펠리봤냐?이정도 급 들고와라아니면 구원자타호님은 왜 아직도 소식이없지,3
790,코너를 너무 느리게 돌아가시는거 아닙니까? 다른타suv는 어느정도 빠르게 코너를 돌아가던데 아무리대형suv라고 해도 너무 느리게 코너돌아가네요.코너가 꾀불안한가 보네요.,1
791,앗늦음 ㅠ,2
792,1빠,3
793,16초전,2
794,민폐차네.. 폭 2075미리... 2000미리도 민폐급인데..우리나라에는 .. 좀 안 맞긴 하네요.,2
795,"한타  요즘 아니  7,8년전부터  개쓰레기임",1
796,누수차,1
797,"풋... 이런급의 차에서까지 그놈의 패들타령은 좀 그만 합시다.그나저나 이건 SUV가 아니라 스쿨버스.우리 도로여건에 안맞는 이런차는 좀 안들여왔으면 한다.아주 도로위의 민폐다.마트가고 애새끼들 학교 픽업한다고 저런차 몰고다니는 김여사 꼭 있더라. 운전도 못하는 것들이 마트에서, 아파트에서 저거 주차하겠다고 낑낑대는데 참 가관.뒤 차량들 기다리게 만들고.아파트 같은동에 시에나 한대가 있는데(익스페디션 보단 작음) 그 차만 들어오면 신축아파트 임에도 넓은 주차칸 꽉차서 옆차들 주차하는데도 지장 주더라.지들만 편하면 된다는 민폐차량.",2
798,싼하 반갑습니다.영상 재밌게 봐주시고 중고차 문의는 언제든 환영 이랍니다.연락처 : 010-4686-7489 입니다.,1
799,내차는 17년식 연비 5 k나오는대 뭐지  이연비는?????,2
800,역시 김기태기자님의 시승기와 평가는 신뢰감을 전달하기에 부족함이 없네요.잘 봤습니다.원따봉!,13
801,역시 가장 객관적이고 정확하고 전문적인 자동차 리뷰 채널입니다.,2
802,차주로써 말씀 드립니다. 차 진짜 좋습니다. 웅장하고 진짜 부드럽게 잘나갑니다.,18
803,신뢰가 가는 자동차 전문 리뷰채널이 확실하네요~~잘봤습니다~~,14
804,개인적 느낌보다 객관적인 리뷰! 너무 좋아요,15
805,기술적 이야기는 별로 없어서 그런지 김선웅 기자님이 쉬어가는 시승기이군요 ㅎㅎㅎ 3번쩨 익스플로러 시승기 감사합니다!!!,4
806,전세대랑 가장크게 달라진점이전륜기반 4륜에서후륜기반 4륜으로 바뀐거죠.이부분이 주행질감에서 큰차이가 나지 않을까 싶어요,13
807,국내 대형SUV 시장에서 대표 차 중 하나의 익스플로러가 진화해서 나왔네요!대형 SUV 시장이 요즘 핫한 거 같은데 불난집에 가스벨브를 열기를 기대합니다:),4
808,차원이다른 시승기!!! 좋은정보 감사드립니다 ,2
809,지난 2019 - 2.3 모델을 구입해서 지금은 중고로 팔았지만...  나름 만족감을 줬던 익스플로러.생각보다 아쉽던 연비와 예상외로 크던 차체 및 그 가격대비 조금은 떨어지던 내부 소재는 많이 아쉬웠습니다.싼타페 TM 을 몰고 있는데... 왜 익스를 팔았을까요.. ㅠㅠ,9
810,현존 suv중 가장 합리적이고 멋있는것 같아요~,14
811,와 이 덩치에 제동성능이 와~~~~,14
812,트래버스와도 비교해주시면 좋을듯 합니다. 잘 봤습니다^^,6
813,차를 평가하는 기준이 오토뷰가 평가한 기준이되었으면 좋겠네요,4
814,와~정말 멋져요 ,2
815,김선웅기자 너무 좋습니다. 응원합니다 ^^,2
816,주말에 쉬지도 못하시고 열일하시네요 오토뷰 모든분들 힘내세요영상 잘 보겠습니다,2
817,2.3도좋은평가셨는데3.0도,5
818,궁금했던 차종인대 좋은 리뷰 감사합니다!,2
819,저 덩치에 제로백이 6초???? 워매.. 겁나 잘나가네요~,19
820,기존 2열이 짧고 껑충해서 정말 별로 였는데 지금은 어떨지..,1
821,포드는 앞쪽 디자인 내부인테리어 연비한 11정도면 더 잘팔릴텐데,1
822,친구차 타보니 좋더라구요...근데. 근데........  연비가 넘흐 무섭더군요 ㅎㅎ,1
823,나이 마흔 될 때까지 중고차만 사다가생애 처음으로 신차를 샀는데...저도 기어봉이 너무 그립네요ㅎㅎㅎ^^;;,3
824,진짜 네비게이션은..... 2021형이라고 하기엔 민망한 사이즈네요. 있는것도 왜 못살리는지 많이 아쉬운 부분이네요.,2
825,잘 보고 갑니다~^^매번 감사합니다~!!!,2
826,12:20 일부 국내 모델이 주행성능 향상을 위해서 승차감을 희생하는~~~팰리세이드를 에둘러 표현하신 듯 합니다 ㅎ근데 리뷰한 모델은 6인승 아닙니까? 2+2+2 구조 같은데,1
827,좋은 영상 감사합니다^^,1
828,"보증기간 연장도 되고 좋네요 2.3도 현대 자연흡기  3.3, 3.8 보다 성능이 좋습니다  뒷테일깜빡이가 시인성이 떨어지네요",7
829,기태형 예전에 탱탱했는데 오늘보니 나이가 갑자기 느껴진다. 오래 오래 방송해줘 건강하구,5
830,어우 음색 괜찮네... 좋은 차네요~!,3
831,항상 감사합니다 오토뷰우우우....익스플로러 넘 마음에 드는데요!,6
832,주말에도 열일 하시는군요. 선댓들 후감상 하겠습니다. 감사합니다.,12
833,화면 확대 재생에 맞춰서 자막 위치를 조금 올려주시고 화면 비율을 수정해주시면 더 많은 구독자들이 만족할 수 있을것 같습니다!,1
834,디스 플레이 크기가 너무 작은게 아쉬워요 큰걸로 들어오면 참 좋을텐데 미국 직수입 모델 아닌 이상 못볼거 같네요,3
835,믿고보는 오토뷰,2
836,믿고보는 오토뷰입니다.,14
837,믿고 봅니다♡,1
838,믿고보는 오토뷰!,6
839,개인적인 생각이지만수입차 리뷰를 볼때마다국산 ㅎㄱ는 외형과 옵션에만 신경쓰고주행성능과 차체성능에는 신경안쓰는구나계속 느끼네요,2
840,사랑해요 오토뷰사랑해요 포드사랑해요 익스플로러!,2
841,좋은리뷰 잘 보았습니다~Gls400d도 한번 부탁드립니다 ㅎ,1
842,정말 플래티넘 실내 구성만 좀 더 신경썼다면......아쉽습니다.....^^,1
843,아싸  드디어 플래티넘   ㅋㅋ  보고 결정하겠습니다!!!,5
844,갖고 싶은 차!,5
845,겁나 고민해봐도 이급에선 얘가 최고....,21
846,현기도 기존 람다3.0을 이용한 suv출시하면 좋을텐데 뭐 선택지가 결함많은 세타2.0대 엔진하고 유지비 쌘 3.8엔진 밖에 없으니 ...,2
847,올해 차를 한대 더 구매를 해야하는데... 이차로 구매 해야겠어요^^,2
848,기태형님 어디 편찮으신가요?? 왠지 힘들어보이십니다... 좋은 리뷰를 위해 노력해주시는건 감사한데 건강을 생각하시면서 해주세요~ 그래야 오토뷰를 오랫동안 시청할수 있으니깐요~,5
849,익스플로러는 gv80이랑 비교해야 할것같네요펠리세이드 비교대상은 아닌것 같습니다,4
850,역시 믿고봅니다,1
851,트래버스랑 비교해서 타봤을때 멀미가 덜하더군요 고속도로 같은데서는 트래버스가 승차감이 더 좋았지만 전체적으로 봤을때 가족중 멀미가 심한 분이 있다면 익스플로러가 좀 더 좋아보입니다,2
852,2열시트 가죽이 울어있는게 살짝 거슬리네요 ㅎ 너무 좋은차인데 개인적으로 보기에 이상하게  뭔가 투박해 보이는건 사실이네요..,4
853,"21년식 모하비 한번만 더 부탁드려요ㅠㅠ 1열 이중접합유리, 승차감개선, nvh성능 강화 및 현대기아 차량중 유일하게 gv80 안전사양을 접목했다고 하는데 큰 차이야 없겠지만 너무 궁금합니다",4
854,한국 최고의 자동차 리뷰 오토뷰,9
855,와 전륜타이어 275 ㄷㄷㄷㄷㄷ,3
856,"기태형님, 유퀴즈에 나오시면 잼있을듯 ㅋㅋ",15
857,사랑해요 오토뷰~~,4
858,포드는 픽업이나 더 대형suv 들여오고 as 원활 및 유지비 개선하면 초대박날건데,5
859,오토뷰 짱,2
860,어느정도 타이어가 적당할까요,2
861,"익스플로러는 이전 얼굴이 백만배는 좋은데, 대체 왜 이런 프론트로 바꿨는지 그게 궁금하네요",1
862,와우!!,3
863,중간에 혼다의 익스플로러 라고 하시는데 파일럿일것 같아요 ㅋ그래도 김기태가 그러면 그런거다!! ㅋㅋ 오토뷰 화이팅,4
864,잘 보고 갑니다.,2
865,3인가족인데 같은 가격의 x3와 고민되네요ㅠ,1
866,너무 기다렸어요,3
867,2.3 산지 6개월 됐는데 3.0으로 바꾸고 싶네요 특히 2열 ㅠ,13
868,곧 계약시작한다는익스페디션도 기대하겠습니다!,3
869,일요일 저녁타임에도 잘보고 가드리도록 하지요.,6
870,항상 잘보고 갑니다!!구독자40만 넘는 유투버는 10단미션을 그리 깠다고 하던데 ㅋㅋ 진작에 거른 유투버이긴해서 ㅋㅋ,10
871,여기는 원따봉 투따봉 입니다. 정말 잘하네요.,1
872,한 오년만 지나면 익스플로러 살수밖에없으릇 디젤은 안녕이고 가격은 포드가 저렴하구,13
873,마력오지게 높네. 난 그냥 트레뻐쓰~,3
874,리어 방향지시등이 전구타입? 헉...,1
875,덕분이 낼 계약합니다. 이번엔 3.0이지만 2.3에코부스트 낼 계약합니다. 영상 항상 감사합니다.,7
876,기자님 타이어 어떤걸로 바꾸는게 좋을까요?,3
877,연비 정보는 없나요?,1
878,개인적으로 파일럿의 승차감이 더욱편한거같은데요(가족들이 멀미를해서요)  승차감만 본다면 익스플로러 플래티넘과 파일럿 어떤걸 추천하실까요? 미리 감사합니다^^,2
879,차를 백년넘게 만든 나라와 비교하지마라! 특히 내구성에 대해서는. 현기차는 편의사양 만 얍쌉하게 넣었지만 5션이 지나면 완전 똥차가 되지.,10
880,02:53 왕의 귀환,8
881,10년두 넘엇나 시청한지가 두분만나서 쇠주 한잔 하고프네요 친한 동생들 보는거 같으네 항상 응원하네요 언제 쇠주 한잔혀요 우리 애청하는 시청자들과 쇠주값은 얼마가 나오든 내가 사겠습니다 기태님 답주세요 언제든...,6
882,익스플로러는 겉에서 볼땐 듬직하고 상남자같은 마동석같은 느낌이 드는데 실내의 센터 디스플레이를 보면 상대적으로 많이 작게 느껴져서 실망감이 들더군요. 마치 헐크 몸에 아기 ㄲㅊ가 달린 느낌.... 영상 잘보고갑니다!,6
883,번창하세요!!!,2
884,시에나 하이브리드 기대 하고 있습니다,3
885,기태성 사랑해요~♡ (10년 고백 안받아주시는중;;),1
886,"가솔린,연비만 잘 나와준다면,시내주행 4-5km",2
887,전면이 약간 라쿤을 닮았네요,2
888,"19년식 5세대 마지막 모델 타고 있지만 연비빼고는 모두 만족합니다^^2.3 으로도 충분하지만, 주행질감 및 6기통엔진 원하신다면 3.0모델도 좋을것 같습니다.제가 주로 보는 자동차채널은 2개 중1위는 오토뷰 입니다 ㅎㅎ오토뷰 화이팅 !!",6
889,일욜도 고생하십니다,6
890,주말 업로드 환영합니다. 자동차 리뷰는 오토뷰,2
891,익스 멋져요 아빠 로망카 ~,2
892,빨리 안달리는사람은2.3도 충분하지않나요,1
893,고급유만 넣어야 하나요??,1
894,이급엔선 무조건 얘가답이네,6
895,오토뷰는 모든차를 평가할때 스포츠카랑 비교하는듯하다 그냥 일상주행용도로 느긋하게 타는사람이 더많은데 그래서 어떨때는 좀 별로인거 같음,1
896,트래버스 보다는 역시 익스플로러일까요ㅠㅠ,3
897,미국차 굿!,3
898,그러고보니 연비 언급이 없네요... 궁금???,1
899,2.3도충분사지않나요,1
900,더보기에 설명부분 11:06 승차감 오타가있네요ㅜㅜ,2
901,센터 디스플레이 북미 세로 버전보다 사이즈를 확 줄여놨네 ...사제마냥,1
902,이분은 안늙어  ㅎㅎ,13
903,디자인은 레인지로버 닮은 구형 페이스리프트 이전 모델이 더 나은 듯...,1
904,저덩치에 6초라니ㄷ..,9
905,아..근데 전면부는진짜 ㅠㅜ,2
906,인트로 촬영 하시는분이 언제부터 바뀐건가요? 스타일이 많이 변한거 같아요,1
907,플래티넘은 6인승 아닌가요?,1
908,선 댓글 후 시청합니다.감사합니다,2
909,마사지 시트~~,2
910,김기자님얼굴이 좀 피곤해 보이십니다. 건강 괜찮으시죠?,4
911,키 182cm의 기자가 승차한 경우,2
912,가격 이야기가 없네요??,1
913,9:51 혼다 익스플로러 -> 혼다 파일럿,1
914,문열때 삐용~삐용~ 거림ㅋ,2
915,오토뷰 화이팅!!! 포드링컨 송파전시장 이민수 올림,2
916,선따봉 후시청!,7
917,기태형님 !..  요즘 뱃살이 많이 늘어난것 같네요.   운동좀 하세요 ㅎㅎ  건강이 최곱니다^^,9
918,저등치에6초ㄷㄷ,1
919,디자인이 뒤로 가고3리터 터보에 무게가 많이 나가 연비가 좀 심각한수준,1
920,감사합니다,4
921,가죽은 나파가죽 인가요?,1
922,저는 xc90 b6 살꺼임ㅋ,1
923,가격정도는 말씀하시죠,1
924,제 다음 차는 익스입니다.,1
925,안색이 좀 안좋은신데요?;;,5
926,링컨 에비에이터 아니면 그냥 애,2
927,목요일에 차나옵니다ㅋㅋ,4
928,9:51 혼다 엑스플로러? ㅎㅎ,2
929,뜬금없이 익스...,1
930,김영철 닮으신듯 사딸라~,1
931,4:28 B&O 껍데기에 속으면 안됩니다. 실상은 제일 저가 라인 B&O play라서 음질 완전별로예요.,1
932,잠자리같이생김ㅋㅋ,4
933,생긴사람 뜨면 다 1등이랴ㅋㅋㅋ,1
934,등위로 롤링롤린롤린~ 등 아래로 롤링롤린롤린~,1
935,포드 품질 상당히 문제있습니다 6.5세대 머스탱 출고하고 1년동안 센터8번가량 방문했네요 앞으로 포드링컨은 절대 안살듯,5
936,올라프,1
937,디자인이 너무 별로다,3
938,이거 8000만원이 넘던데 그만한가요?,1
939,외관 디자인은 5년전 모델같은 느낌이네요..,1
940,목소리 능글,1
941,잠시후 저와함께느껴보시겠습니다!,10
942,별로,1
943,1등?!?,3
944,1등?,3
945,1빠,4
946,사고 수리비용 독삼사 뺨때기 때림,2
947,비염이 있으신지 듣기에 좀 불편하네요.내용은 좋아요.,1
