,comments,likes
0,리뷰 잘봤습니다. 가변 댐퍼 차량을 얼마나 타보셨는지 모르겠지만 아테온 정도면 차이가 굉장히 확실한 편입니다. 다른 리뷰들 보면 DCC의 차이에 대해서 확실하고 인상적이라는 얘기들이 많은데 주행하면서 잠깐 한번씩 눌러보는 것 가지고는 정확히 느끼기 어려우셨을것 같네요.그리고 통풍시트 있습니다. R라인만 세미버켓시트라 구조상 안되는거구요. 프레스티지는 구형부터 쭉 통풍시트 있었습니다. 이 부분은 수정하셔야 할것 같네요.,24
1,페리전 차주인데 매니아 층을 겨냥했다기보다는 디자인 장점을 잘 살려서 누구나 좋아할 수 있도록 상품성을 더 강화한거 같네요다만 아쉬운점이 있다면 다인오디오 시스템 빠진거는 감점요소가 될것같습니다. 그래도 나름 플래그쉽 세단인데..,48
2,"뒤는 약간 아쉬운느낌이 들지만, 앞이나 사이드, 실내 디자인은 진짜 잘뽑아준거같네요.",8
3,개인적으로 우파형 리뷰 너무 좋아하는데 턴시그널(방향지시등) 도 보여주세요!,25
4,20년식 타고 있는데뭐 아기랑 같이타서 쏘는일은 없지만공간 디자인 편의 승차감은 만족입니다,8
5,디자인이 고급스럽고 이쁘네요,16
6,출퇴근용으로 타고 있는데 연비 20키로 가볍게 찍어주니 좋습니다.,39
7,우파형이 소개시켜주시니 진짜 타고싶어요~~^^,2
8,형님 채널 보는 맛에 유튜브 봅니다 ㅎㅎ 화이팅입니다!,1
9,"아테온 타던 오너입니다. TSI만 나왔어도 국내 판매량이 꽤 나왔을텐데 아쉽게 생각합니다. 트윈도징 듣기 좋은 말이지만,결국  기존 SCR 분사장치 간헐적 문제가 해결되지 않는다면  장차 오너들은 SCR 장치 두개의 관리비용을 떠맡아야 한다는 뜻이지요. 유지편하고 퍼포먼스 좋은 TSI 가 들어와야 아테온의 국내수명이 늘어난다는걸,  똘박 폭스바겐은 아직도 모르는지( 알지만 디젤떨이만 신경쓰고, 추후 관리비용으로 받을심산이겠지만).  폭스바겐 매우 좋아하는 브랜드지만  디젤사태이후 너무 쫌스러운  회사가 되었습니다.  수익성보다 중요한게 브랜드 이미지다.가솔린 국내 인증이 어렵다고?  지금 아테온 북미에서 인증되서 판매중이다. 못가져올 이유가 없다.과거 폭바CC 및 골프등 가솔린 모델 출시해서 잘 팔아왔던건 먼데?아우디 가솔린들 A4~A6 팀킬이 우려되서?장차 전기차 팔려면 브랜드 가치는 유지좀하자. 프래그쉽이라며..고마력 아테온은 꼭 필요하다.싼마이 제타TSI 가져올거면  그 물량으로아테온 TSI 가져와라.  그럼 구매 고려할게",4
10,블랙 아테온 볼때마다 이쁘던데.. 매력적인 자동차네요. 휠 개인적으로 엄청 맘에듬,7
11,승차감이 독3사중에 벤츠다음으로 부드러워서 놀랬던차네요 그나마 덜 통통거려서 우리나라 도로사정에 꽤 탈만한차,21
12,정말 유려하게 이쁜 차에요B&W에 필적한다는 다인오디오 빠진게 아쉽네요예전보다 할인 더 해줘야될거 같아요,3
13,"현 아테온 차주입니다주관적인건데, 스포츠 모드 변경시에쇼바만큼은 엄청 단단해 집니다!!!!우파님은 별차이 없다고 말씀하셨는데컴포트랑 스포츠 쇼바압 차이는일체형쇼바와 순정쇼바 정도의 차이로 많이 단단해집니다!! 이건 현 아테온 차주분들은 분명 공감하실거에요!",16
14,와 나의 꿈의 차를 리뷰해주시다니...ㅠㅠ 진짜 감사합니다...!!!!,8
15,솔직히 지금 아테온 보다 이전 cc일때가 더 매니악하고 좋았던듯,2
16,진짜 너무 예쁘다.. 과거 아우디가 선도하고 지향하던 모던-섹시 디자인 방향성을 아테온이 다 가져간듯,3
17,3.0 디젤 아닌이상 솔직히 아직까지 디젤의 경제성은 무시못합니다 일년에 1만 5천km이상 타시는분들도 휘발유대비 디젤 비교하면 유지비 차이 납니다 ...,29
18,디자인으로 깔때가 없음...직접 타고있지만 너무대만족,17
19,스포츠모드 차이가 체감이안된다는 리뷰는 공감이안되네요..;dcc 좋기로 유명한데...댐핑이랑 핸들링 느낌 엄청달라집니다..;다른차들 스포츠 모드 놓으면 핸들 무거워지고 악셀링만 달라지는 수준에 비하면 훨씬 좋은건데요....,3
20,개인적으로 현존하는 세단중에 가장 이쁜듯,22
21,에너지가 넘치네요. 좋은 에너지를 주는 것 같네요.,2
22,구형 타고 있는데 그냥저냥 만족하고 타고 있어요뒷좌석도 좁지 않아요앞좌석에는 통풍 있고그리고 생각보다 DCC 많이 바뀌는데 우파님은 운동 성능에  기준을 줬나보네요스포츠 놓으면 엉덩이로 바닥느낌 다 올라와요컴포트로 가면 살랑살랑 기분좋게 운행 가능하구요그리고 고속 안정성 괜찮은데...반면 잡소리 있어요 뭐 폭바에서는 가장 상위트림 승용이지만 폭바가 프리미엄 브랜드는 아니잖아요?뭐 그렇게 생각하면서 잘 타고 있슴돠 ㅋ,3
23,너무이쁘다...하이브리드도 나왔으면좋겠다ㅠㅠ,17
24,우파님 아테온 리뷰 보고싶었는데..!,1
25,아테온 구매 고려했던 차중 하나였는데 ..정말 좋은 차죠 ㅎㅎ,6
26,폭스바겐 티구안 디자인 정말 멋있는데 디젤이면 혹시 요소수가 들어가지 않나요,4
27,솔직히 페리전 아테온은 사실상 공식 가격에서 천만원 빼고 생각하는 차인데다 요번 페리부터 다인오디오 빠지고 하만카돈 넣는다더니 국내 수입모델에는 쏙빼고 들어왔네요 ㅋㅋ 거기다 5천만원대 수입차에 컴바이너 HUD...공식가격 살짝 빼주고 할인을 아예 없이 가려는건지 모르겠는데 이전 연식 아테온이 왜 인기있었는지를 생각해야..,2
28,제 눈엔 테일램프는 이전께 더 나은거 같아여ㅎㅎ,1
29,Tsi만 들어오면 더 좋을텐데 단순히 디젤만 들어와서 아쉬움,1
30,안녕하세요 잘보고있습니다. 폭스바겐 파사트도 리뷰 부탁드립낟^^,3
31,폭스바겐 아테온이 세단 역사상 가장 아름다운 디자인이라고 생각해요 ,6
32,해외에서 아테온 슈팅브레이크  휘발유 타고 있습니다 .  정말 이뻐요! 380tsi 모델이라 힘도 좋습니다,1
33,오잉 이번페리에서 DCC가 빠졌나요? 모드별 느낌이 상당히 다른편일텐데요,6
34,디젤은 이제 진짜 시대가 끝난거 아닐까..,3
35,트렁크 연비 뒷좌석 정숙함 풀옵션 진짜 차 오지게 좋음,4
36,아테온 R-라인도 곧 출시예정이라는데 R-라인 진심 예쁨,5
37,ㅋㅋ 형님 배꼽빌라 재밌게봣어영ㅋㅋ얍쨍이,1
38,디젤인 것 빼고는 다 좋음,4
39,확실히 한번 타고 리뷰하니 잘못된 정보가 좀 있네요몇번 시승했지만 통풍시트 있고요주행감이 스포츠모드에서 차이없다고 했지만 일반인 느낌으로 굉장히 많이 차이납니다,2
40,가솔린 터보 하이브리드가 있다면 정말 좋을 것 같아요,6
41,디자인이랑 트렁크때매 구매생각 했다가 디젤이라 접었었는데 또 디젤이라니..,1
42,트렁크는 정말 마음에 드네요,1
43,5년전 내외관....디쟈인ㅎㅎ 내부는 정말 5년전..ㅜ,3
44,원가절감해서 차값 내리는건현기도 보고 배웠으면.,3
45,"오토홀드가 계기판에 표시되지 않는 유일한 브랜드, 안전에 치명적실내는 파사트 ㅋㅋ",2
46,아테온 차 크기가 큰데 가끔 실제로 거리에서 보면 작아보이는 느낌이...,4
47,외관은 휠빼고 멋잇네요,1
48,디자인은 제 기준에서는 최고인듯합니다..!! 가솔린 1.6 터보면 좋을텐데 ㅠㅠ..,7
49,리뷰 잘보았습니다.  DCC부분은 노면에 따라서 느껴지는 전달은 다를수 있다고생각합니다^^ 앞으로도 좋은 영상 기다리고있겠습니다!,1
50,정말 이쁘다!!! 외관은 ㅎㅎㅎㅎ,1
51,외관은 진짜 잘뽑았네,2
52,이차도디자인이 상당히 잘빠졌는데인기는 별로더라구요,15
53,아테온은 내 마음속 1등..,2
54,퍼포먼스도 생각보다 그렇다고하고 옵션이랑 가격이 좀 글킨 하네요,4
55,우파님이 소개해주니까 더 좋아 보이네요.,1
56,토크 괜찮고 아무데서나 디젤넣고 다니고 싶은 차로 이거 딱인거 같아요! 탄소 배출량도 적고 연비도 좋고ㅎ,1
57,아테온이 이뻐서 산다기보단전반적으로 폭스바겐 세단들이 다 투박한 디자인인데 아테온만 아우디 스럽게 디자인 해놓으니 그거때문에 사는거 그외에는 그다지 볼꺼없는특히 아우디 무빙턴시그널 적용한게 제일 크지,1
58,단종된줄 알았는데 다시보니까 반갑네,1
59,아테온 블랙색상은 좀 아닌듯. 다른컬러가 더 낫네요,2
60,디자인은 진짜 역대급 가솔린 제발,1
61,한국에 현대 미국의 쉐보레나 포드 와 같은 존재.. 역사깊고 쉐비 포드와는 다른 단조로움에사 주는 고급감.. 내부는 유아독존 현기가 최강이고 . . 무튼 아테온 참 이뻐요 뭔가 독수리같아요,1
62,생각해보니까 저 엠블럼도 좌우대칭이니까 전체적인 디자인을 안해치는거같네현대엠블럼은 뭔가 삐딱해서 대칭이랑 좀 멀어져서 그런가 항상 그게 좀 거슬리던데,2
63,아테온은 20퍼센트 할인기다리는게 국룰,10
64,궁금한데 cc가 단종 되어서 아테온이 나온 선가용?,1
65,폭바 아우디가 기본기가 탄탄한차죠플라이휠을 주기적으로 교체해야되지만,4
66,디딸이 상관없다면 가성비 최고의 차,2
67,저 아는분은 아테온사서 고속도로 타고 가다가 돌텨서 그냥갔는데 기름이 점점 줄어서 내려보니 돌에기름통이 빵꾸나서...;;그얘기듣고 깜놀한게 생각나네요,1
68,겨울철 스트레스...디젤은 거르는게 맘 편한듯해여ㅜㅜ,6
69,아테온 가솔린 보고싶어요  국내출시 바로 구매ㄱㄱ,1
70,"가솔린, 실내만 어찌 되면 무조건 구매각 인데..",1
71,"(폭스바겐)더뉴아테온 멋지다!!!(폭스바겐)더뉴아테온,(볼보)더뉴S90비슷하네!!  아테온 최고!!",4
72,20년형 22프로까지 할인해주지 않았나요? 그에 비하면…,3
73,디젤 재고를 팔아버리겠다는 폭스바겐의 의지...,17
74,할인은 없는건가요?그럼 많이 비싼느낌이네요,2
75,5:32 테일램프 단차가 눈에 바로 들어오네 ㅋㅋㅋㅋ ㅠㅠ,10
76,"이번 아테온도 썬바이저 연장 안되나요? 측면 햇빛 가리려고 할 때 늘어나거나 얼굴 옆까지 위치 이동이 안되어서, 정작 측면 햇빛을 얼굴에 직접 노출시킬 수 밖에 없는 문제가 있더군요",1
77,폭스 위치를 봤을때 4500만원이 적정선이네요,6
78,디젤 전륜구동 끝판왕,2
79,이집 리뷰가 제일 빠른거 다들 아시나요? ㅋㅋ,1
80,전조등이 움직이던데 무슨기능?,1
81,솔직히 폭스바겐 제타가 짱인듯. . 가성비에 가솔린에 차도 적당히크고 외관이쁘고 고급스럽고.  다만 안정성이 문제지,3
82,중고차 디젤은 몰라도 이시기에 신차디젤이라…….,1
83,가솔린 나오면 이쁘겠다,1
84,아테온은 역시 비싸다ㅠ1000+ 더주고 bmw 523i로 가는게 맞는거긴 한데ㅋ이것도 나름 스포티하고 예쁘니,1
85,마지막에 그랜저 하니깐... 정말...아테온 정이 뚝 떨어지네요 (ㅋㅋㅋㅋ),1
86,할인 안때리면 솔직히 메리트 없음...,4
87,시승후 느낀점 헤드업 디스플레이 보는순간 젤 싼티나보임.. 깔끔하게 매립형으로하지.. 사제싼거 갖다가 설치한 느낌 졸남.,3
88,디젤은 이제 저무는 해..라..가솔린이였음 좀 팔렸을 듯...,3
89,기어봉좀 아우디처럼 해놓지 옛날감성뭔뎅ㅋㅋ,1
90,역시 디젤 재고 처리,2
91,야스바겐.. 이쁜건 최강인데,1
92,아테온 재규어 마세라티여.. 안팔리는 이유를 알면서도 왜 수정을하지않는가..,1
93,디자인은 제로백 5초는 그냥 나올 디자인인디 아숩ㅜ ㅠ,2
94,그래도 디자인만바꿔서 풀체인지라고 가격대폭상승시키는현기아보다야 현기아는10년전엔진가지고 이름만거창하게하지,1
95,이번에 좀 기대했는데... 우째 실내는 옛 감성 그대로인듯 싶네요. 그냥 K8 하브 계약 둬야겠어요... 우파 솔직한 영상 너무 감사드립니다.,6
96,아테온 한때 구매 고민하던 차종중 하나였는데 디젤밖에 없어서 망설임없이 포기한 차폭스바겐은 판매량 늘리려면 가격 내리고 할인만 때릴게 아니라 가솔린 모델을 들여와야 ㅋㅋ,8
97,재규어 f-pace도 부탁드려용,1
98,"나도 모르게 5천만원 있으면 어떤거 살거냐는 마지막 질문에..."" ...그랜져..."" 라고 넌즈시 말했다 ㅋㅋㅋㅋㅋㅋㅋㅋ한 4200이면 살만하다고 생각함",2
99,"근데, 멋있다~~~",1
100,"디자인은 인정!!!, 중장거리용 연비형 세단.",1
101,렌트카로 예전에 잠깐 타봤는데 가성비 죽입니다... 트렁크가 엄청 넓더라구요 패밀리 세단으로 진짜 손색없습니다,4
102,이쁜데..디젤이라 매번 거르는 아테온.. 이번에 가솔린 나올줄 알았는데.. 쩝,1
103,폭스바겐 마크 때고 아우디 마크 달면..,1
104,디젤 이제 될까?작년 까지안해도 이정돈 아니였는데 요수수 대란 이후론 수입차고 머고 디젤은 ...,2
105,폭스바겐은 2천만원씩 깎아서 팔아야 적정가격,8
106,뚜벅이들이 그렇게 좋아하는 거기에 몇백 더 보태서 아테온에 200 더 보태면 320d다 잘 생각해라,1
107,전모델이 더 이쁜거 같은데,1
108,"유명 자동차 유투버분들이 모두 가격과 엔진의 마력상승만 강조할 뿐, 디젤엔진의 리스크는 언급하지 않네요.ㅠㅠ 지금 시점에 디젤이라....  소비자 입장에선 생각할 게 많네요. 디자인은 칭찬합니다!!",20
109,300이 아니라 1300은 깎아야 제값,1
110,내부 솔직히 아반떼가 더 이쁨,1
111,그랜져요?....마무리..과연......나비효과가....... 그랜져!,1
112,5천만원대 디젤차....이건 아닌듯....ㅎ,7
113,난 변경된 테일램프가 더이쁜데 ㅎㅎ,1
114,그냥 이디자인에 전기차로 출시해주세요,2
115,sm6처럼 외관 이쁘네,1
116,기어봉 어찌 안되니~~ㅠㅠ 전자식으로 바꾸자 좀...,2
117,앞에 디자인 살짝 0.1초 r8 느낌,1
118,300만원이라는줄알았네요...순간설렜다,2
119,폭스바겐은 한국에 지대로 디젤 떨이하네요. 차는 이쁘네요.,1
120,할인 100만원이라니...,1
121,전 알테온이라고 알고 있는데 아테온이군요^^:::,1
122,얘는 왜 가솔린 모델 없냐구우 디자인이쁘다,1
123,페리전 모델은 통풍시트가 있었는데 이번모델은 빠졌나보네... 솔직히 5천만원이란 가격때문에 굳이 이차를 사야하나? 라는 느낌은 들수밖에 없어보임. 워낙 그가격대에 살만한 차가 많아서,1
124,형 고성능라인업 소식점 전해줘요,1
125,기어노브라도 바꿔주지 진짜 저 무식해보이는 기어봉을 그대로 달아놨네..,1
126,Hud가 전면창에 보이는게 아니라 별도의 창에서 비추는 타입인가요?? 차량 가격도 비싼데 디젤인것도 그렇고 무언가 아쉽네요.. 저라면 g80 깡통이요...,1
127,멋져요,2
128,r라인도 디젤인가요?,1
129,5천만원이 넘는 가격이라...,1
130,뒷좌석이 진짜 별로긴 하구나..,1
131,음...5천만원 중후반 가격인데..썬뤂 쉐이드가 수동..뒷좌석 썬쉐이드도 없고..내장제 고급화도 너무 떨어지고.. 저 가격이면 g70이 더 낫지 않나..,1
132,아테온 구형 중고차 4200만원이네요,1
133,아테온 하위트림 휠은 정말....ㅠㅠ,1
134,작년에 단종되서 국내에 옐로우 몇대 안남앗다고 하더니 페리 다시 들여온듯?,1
135,"아테온은 그릴, 변속기를 쫌 바꾸자",1
136,디젤은 이제 그만하브로 ...제발....,1
137,디젤 재고떨이만 아니라면...,1
138,파샤트나 아테온 사려고한달 50만원저축 3년 들었어요,2
139,오늘은 폭스바겐(아테온) ㅋㅋㅋㅋㅋㅋㅋ,1
140,이제 좀 사고 싶은 실내로 살짝 바뀌었네 그동안은 구형 파사트랑 똑같아서 영 별로였는데,1
141,요즘이 어떤시대인데 디젤 딸딸이를 갖고와서 사달라고하는지...,1
142,아테온 호주에서 겁나 안팔리는 차에요 ㅎㅎ,2
143,21년형 20프로넘게 세일해서 4000초반에 팔렸다.가만하고 사라,3
144,왜 폭스바겐은 디젤만 우리나라에..,1
145,아테온 직이네~,1
146,5천만원 짜리 차가 hud가 저게 모냐? 현기보다 1세대 느린듯...,1
147,디자인은 훌륭한데 디젤이라......연비좋은건알지만이젠 디젤차는 사고싶지가.........,3
148,습기차는건 하자가 맞을듯,1
149,폭바는 디젤밖에 못만드나..,1
150,기어봉이...흠...,3
151,장초단타 --- 기선제압당일단타 --- 창원개미마  인  드 -- 야손tv,2
152,다좋은데 기어봉 너무하다 ㅜㅜ,1
153,기어봉좀 어떻게좀 해봐라 ㅋㅋㅋㅋㅋ,1
154,폭스바겐이 독일에선 2500만원 급에 팔리나요?,1
155,그돈이면ㅎㅎ돈500보테서A6사지ㅎㅎ경운기뽁스빠겐,3
156,마무리는 그랜다이저~,2
157,가솔린좀 들여오던가 그 좋은 가솔린 모델 놔두고 맨날 디젤만 파네 우리나라에 디젤 재고처리 하나,2
158,어휴 시대가 언젠대 아직도 기어봉이 저따구인지,1
159,소나타보다 안좋아보인다...,1
160,오 좋네요,1
161,"스팅어급이에요. 가격 경쟁력 전혀 없으니 미국에서 폭망했고, 자동차 리뷰어들이 이 가격에 그냥 스팅어 3.3.터보 사라고 합니다. 3.3 VS 2.0 당신의 선택은? 한국에선 20프로 할때 사세요...전에도 그렇게 재고정리 했는데....",1
162,휠 15년전꺼아닌가요?,1
163,"독일제 경운기가 5,400만원이라니.... 비록 내 6년된 벰베가 고물차이긴 하지만 디젤 경운기는 즐....",2
164,폭바는 한국이 디젤 재고 처리장이라고 여기는군,1
165,디젤.. 잘가구~,1
166,차는 이뿐데 도대체 언제까지 한국에선 디젤만 팔아치울려는거냐??폭바 얘네는 내연기관차 단종 될때까지 한국에서 디젤만 팔아재낄듯.    폭바 코리아도 디젤만 팔고 싶어서 이러는게 아닐텐데 이정도면 독일 본사에서 디젤 떨이하고 있다는게 더 합리적의심이 가네요.,1
167,그냥 sm6인거같아요,1
168,사이드 스텝 툭 튀어나와서 타고 내릴 때 정강이에 부딪힘,1
169,오르간 페달이 아니라니  ....,1
170,할인할때 가격이 정상가임,2
171,Sm6랑 비슷하게 생김,2
172,5천짜리 차 헤드업 뭐지.,1
173,ㅋㅋㅋ저도 그랜저요,1
174,5천만원때... 디젤 세단이라.....................................,2
175,이게 페리야 연식변경이여,2
176,아테온 가솔린을달라....,1
177,3500 생각했는디 ㅋㅋ,1
178,저 돈이면 a6산다,1
179,내와관 디자인 정말 이쁜데 디젤….,81
180,가솔린은 없나요?,2
181,와실내진짜개썩었네 ㅋㅋㅋ 아니 제타 골프 이번에 이쁘던데 얘는왜이러누 진짜 가솔린도안들여오면서 실내까지 저러면 뭔배짱이여,1
182,폭스바겐 내부 비엠 같냐 왜.....,1
183,웨건이 이쁜데 죽어도 안들여오겟지?,1
184,같은 계열사인 아우디를 사는게 맞음.좀 더보태서 a5를 사든가A4를 사든가. 실내는 거의 아우디랑 똑같음.,2
185,통풍시트가 원래 없어요?,1
186,사이드미러 저 은갈치좀 떼줄 순 없는건가,1
187,저놈의 또 디젤 미국에 파는 모델이니 충분히 가솔린 가져올수 있는데 또 디젤,4
188,디딸 4기통에서 그냥 거른다....,1
189,애는 중고로 사야함,1
190,디딸을 누가 사나요 요즘요소수도 비싼데,2
191,그랜저 ㅋㅋㅋㅋㅋㅋㅋ,1
192,Sm6랑 느낌 비슷하네용 전체적인 라인이,4
193,가솔린 아테온은 없는건가?,1
194,요즘 누가 디젤을 사요...,1
195,폭스바겐은 왜자꾸 디젤만 들여올까? 디젤승용 요즘 인기없는데,2
196,돈부족해서 더뉴말리부삿는데 다행이다 휴,1
197,아 디젤좀 그만 팔아라 폭바야 ..골프도 티구안도 아테온도 디젤부터 가꼬오냐 딴 나라 안받아주니까 가지고와서 떨이 하는거 안다,5
198,소나타 가격이면 사겠는데 너~~~~~무 비싸다수리비는 국산 3배임,1
199,14:26 이게 총정리 맞나요?,2
200,외제차 어중간한건 끌꺼면 그냥 국산차 풀옵사지,1
201,폭스바겐은 우리나라에 디젤 재고 처리하는것같아 싫음,1
202,아테온은 소나타보다 작고 출력도 준대형차보다는 부족한 중형차 급의 체급임.문제는 대중차 브랜드인 폭스바겐의 중형차인 아테온 가격이 5천이 넘는데 5천이면 그랜져 하이브리드 풀옵 삼....심지어 통풍시트도 없다? 말 다했음.,2
203,"가격인하는 무슨, 오히려 올랐네 !",1
204,디젤이라 ㅋㅋㅋㅋ,1
205,아테온 짜세가 나오네요,4
206,그렌져 a6 대체불가,1
207,디젤은 아니야 ㅠㅠ,1
208,아테온 통풍 있을건데,1
209,아니근데 얘낸 가솔린을 출시를안하지,1
210,뭐5500??? 양심없네 가솔린 하이브리드도 아니고 디딸,1
211,가솔린 왜 안들어 오는건데,1
212,디젤은 이제 끝이댜,1
213,난 그렌져를 사야ㅈ,1
214,차는 그랜져인가?,1
215,아테온vs 볼s60,1
216,8:22 왜 가로로 해놨데;;;; 불편한디,3
217,와~~~~우,2
218,웜마 제네시스가격이네,1
219,디젤 패스,1
220,R라인 2.0디젤딸딸이인가요,1
221,그랜져 승,1
222,비싸구나 ㅡㅡ,1
223,기어봉 안습,1
224,현지에는 다 있는데...,1
225,그랜져인데 왜웃지요?,1
226,방향지시등도 안보여주네 센스없다,1
227,디젤.. 기어봉 별루,1
228,???: 저요? 그랜져요ㅋ,2
229,제네실수80살바에 저거사는게 ㅋㅋ,1
230,나도!!,1
231,14:24 결론,3
232,슴식이가 떠오른다,2
233,아직도 경운기를 팔아먹어 ㅋㅋㅋㅋㅋㅋㅋㅋㅋ,2
234,"외관만보면 무조건 사고싶지만디젤, 네비위치, 계기판 의미없음, 2열 좁음....5,500으론 절대 안사지요...",6
235,디젤 재고 떨이,1
236,한국에 들어간 아테온은 그냥 아반떼 수준.호주나 말레이시아에 들어갈 아테온은 280마력에 제로백 5.6초 = 골프 R 엔진 들어가서 정말 스포티하고 코너좋고..  한국만 안좋은차가 들어갔네,1
237,휠...,1
238,전기차를 사야지! 관리하기 힘든 디젤차를 사라고?,1
239,음악좋고ㅇ ㅣ ㅇ ㅑ 이거죠 ㅎㅎ,1
240,Sm6 같다,2
241,또 젤  어휴 ㅠ,1
242,1등,2
243,연 1만6천 밖에 안타는 지인이 저 디젤차로 바꾼다고 하던데 ..ㅋㅋ ㅎㅎ 아니 연 2만도 안타는데 디젤차 샀다가 저거 감당이나 되겠나.. 주행거리가 긴것도 아니고 왕복 출퇴근 40키로 왔다갔다 밖에 안하는데... 디젤차 관리 빡세게 해줘야 한다더만... 엔진이 가솔린이랑은 다르게 민감한 부품들이 많아서 고장한번 나면 연비로 아낀 돈 다 나가는건 둘째 치고 미션도 dsg인지 뭔지 그것도 동호회 사이트 가보니까 5~10년 넘어가는 모델들은 잔고장이 많아가지고 보증기간 지나면 일반 공업사 가서 고치느라 돈 왕창 깨지는데다가 저번에는 보니까 어느 공업사 갔더니 cc 차주가 미션 나가리 된거  고쳐달라고 기사한테 사정사정 하면서  발품팔고 돌아다니던데... 어휴.... 뭐 차량 선택이야 케바케고 뽑기가 좋다고는 하지만 이걸 감내하면서까지 디젤을 타야 할 이유가 있는지 모르겠네요... 어떤 분은 차가 묵직하고 토크도 두터워서 치고나갈때 좋다고.... 뭐래더라.... 윤석열같은 추진력으로 시원시원하게 나간다고 드립을 치시던데.... 하아 그럼 답답하게 나간다는건데... ㅋㅋ 돌려까기를 그렇게 하시나 ㅋㅋ 하여튼 잘 모르겠네요... 유시민급 반론을 기대합니다.,1
244,그돈씨,1
245,폭바 차는 할인하고 사는겁니다 ㅋ,1
246,디젤 떨이,1
247,오,1
248,k5 2대값인데 1대값못하는차,1
249,디,1
250,내부진짜최악이다,2
251,저걸 사는 넘 미친넘 스팅어를 사지,1
252,"상스럽고 저급한 말, 여성(노출은 선택) 게스트 합방 등 없이도 오로지 '자동차' 하나로 유려하고 재미있고 알차게 콘텐츠를 생산해내는 대한민국 최고 리뷰 채널이라고 생각합니다.",206
253,"이 영상 계속 돌려보다가 뽑아버렸습니다.주행성능, 스피커 음질, 디자인, 변속감 모두 마음에듭니다.세차를 자주 안하는편이라 실버로 뽑았는데 실버가 잘 어울려서 다행입니다. 사이드미러 크롬과 색조화가 잘 이루어지는것도 한몫 한다고 봅니다.다만 디젤이라서 초반이 굼뜨니 사실분들은 참고하셔요. 저는 가솔린 자연흡기만 타고 다녀서 그런지 조금 답답했습니다. 날티안나고 실버가 어울리는 디자인을 보고 구매한것이 제일 큰것같네요.",4
254,말장난하고 줏어들은 시승기가 아닌 한결같은진중한 시승기 잘보고 있어요. 몇년째봐도  일관성이 있어보이네요.유튜브로 보니 좋네요,149
255,"오토뷰는 다른 채널보다 깊이 있는 리뷰를 해줘서 좋음 다이노 실측 수치, 무게 배분, 제동 거리,  상황별 실내소음, 제로백 등 다 보여주는 거 칭찬해. 리뷰 영상 제작하는 것도 아주 수준급임",2
256,김기태 PD님의 리뷰 여러번 보고 차 출고 시켰습니다. 시승도 해보고 하니 김 PD님 리뷰가 얼마나 정확한지 몸으로 느꼈습니다 ^^,2
257,진짜 깔끔하고 전문적인 좋은 리뷰네요 재미있지도 않은 드립이나 치고 공감되지않는 리뷰나 늘어놓는 비전문적인 리뷰영상들 보다 훨씬 보기좋습니다,1
258,좋다 나쁘다  말로만 하는 시승기보다 객관적인(적어도 객관적인 수치를 만드는) 자료가 함께 있는 시승기라 믿음이 가고 항상 잘보고 있습니다.,73
259,정말 단언컨대、제가 본 여러 리뷰중 최고네요!! 소리라는  타이틀을 가지고 차체에서 나는 소리를 따로 분류 한점도 색다르구요! 잘보고 갑니다. 언제나 응원합니다,50
260,사실 일반적 유투버리뷰랑은 차이가 많은 오토뷰 리뷰개인적생각보다는 진짜 측정과 근거로 알려주는 진짜 리뷰죠,4
261,한결같은 정보전달....감사히 잘 봤습니다!!워낙 오토뷰의 리뷰가 좋아서 시승하고 왔는데 뒷자석 굉장히 불편했고 레그룸만 넓었습니다...현재 6시리즈 타는데 오히려 6시리즈 뒷자리가 훨씬 편안했습니다. 앞좌석은 너무나 편하고 기가 막히게 조율했는데 많이 아쉽더군요.  hud 는 굉장히 조악했고 다인 오디오 음질도 많이 떨어지더군요. 하지만 운동성은 전륜인것을 감안하면 괜찮았고 DCC 는 발군이었습니다. 세팅에 따른 거동의 변화가 확 와닿더군요. 가장 단단하게 해도 불편하지 않고 오히려 안정적이라 느껴졌습니다.그래도 전체적으로  평가하자면 5시리즈나 이클과는 비교대상은 아니더군요. .가격메리트 + 보증을 고려하면 확실히 실용적이긴 하다는것을 느꼈구요.,1
262,와 이렇게 섬세하고 안정적인 리뷰 처음봤다 진짜 흥해라!!,8
263,리뷰의 전문성과 위트가 있어편안하게 보는 자동차리뷰네요 소비자가 구입시 선택하기가 수월하네요,1
264,공도에서 봤는데 디자인 진짜 예술임..,20
265,항상 잘 보고있습니다! 정확한 정보전달 과 객관적 분석에 신뢰가 갑니다! 폭스바겐 티구안 올스페이스 모델도 리뷰 부탁드려요!,2
266,처음보는데 이 리뷰가 제일 유익하다 구도도 여라가지 각으로 차의 장단점을 잘부각시켜주네요 광고도 중간에 많이없고 구독합니다,2
267,"자동차 리뷰중 전문성 쉽게 이해하기 좋게 지표로 표기,,,,,,등 최고인거 같아요!",3
268,CC탈때도 연비는 정말 최고였는데 아테온도 연비 좋군요..,13
269,길거리에서 시선강탈 디자인임.. 주행도 좋고 편의시설 다 있고 조작도 국산차 못지않게 편함 단지 플라스틱 소재가 많아서 기어노브쪽 카본으로 튜닝하니깐 이뻐짐 만족하면서 타는중,2
270,가족차로 CC 타는데 상당히 와닿는 리뷰네요. 완성도 상당함.,4
271,차량 리뷰어 들 중 가장 깔끔하고 자세한 내용 같습니다~^^!!,24
272,진짜 리뷰 깔끔하고 필요한 정보들만 모아놨네요 잘보고갑니다..,4
273,영상과 편집이 정말 맘에 드네요 :) 전문적인 느낌이 물씬납니다!,5
274,김기태pd님의 말보다 객관적인 리뷰어는 없다고 자부합니다.이번에 아테온 구매하려고하는데정말 기대하고 있습니다.감사합니다.,1
275,디자인은 진짜 멋지네요,3
276,폭스바겐 답지않는 역대급 디자인.. 하지만 가격이 관건이네유. 갠적으론 흔한 동세그먼트 타사들을 타기보단 아테온 타겠어영,33
277,가격에서 역시나 아쉬운 부분...근데 나오자마자 할인이 들어간 차라 또 아리송~실내만 좀더 고급스럽게 나오고 가솔린 엔진만 나왔다면 히트칠 수 있을텐데,6
278,구독했습니다전문적이고 자세한 리뷰가타사 리뷰를 압도하네요좋은 리뷰를 위해 수고하시는오토뷰 여러분께 감사인사 드립니다,2
279,"믿고 보는 오토뷰, 아테온 시승기가 금방 나왔네요. 감사합니다. ^^",19
280,진짜 오토뷰의 첫 오프닝 영상만큼은 광고회사들이 오토뷰꺼 보고 배워야 된다..왠만한 차량 광고 영상들보다 더 잘 뽑아내는거 같음...,2
281,오토뷰 믿고 아테온 구매했는데 정말 대만족입니다. 감사합니다 오토뷰!!!,20
282,언제나보아도 만족스러운 시승기예요. 감사합니다.,2
283,항상 오토뷰 잘 보고 있습니다 !! 아테온 하고 이번에 나온 s60이 잘 나온거 같아요 ㅎㅎ 멋있네요 ㅎㅎ,13
284,실물 정말 예쁘더군요~ 단종된 CC보다 확실히 고급져보입니다. 대신 가격도 CC보다 ㅎㅎ,6
285,요즘 컨텐츠가 많이 업데이트 되고 있어서 너무 좋아요 오토뷰 영원하라,3
286,브랜드 이미지를 떠나서 스팅어와 아테온의 주행성능을 비교하신다면 어떤 모델이 더 나은 것 같으신가요?,1
287,느낌으로 아닌 수치로 증명하는 시승기!,6
288,잘봤습니다 역시 시승기는 오토뷰 입니다.아테온 옵션이 대단하더군요,11
289,혹시 예전의 CC와 어떤 차이가 있는지 궁금하네요..예전에 CC 뒷자리에서 과속방지턱 넘다가 날아가는줄알았습니다. ㅜㅜ,4
290,리뷰 보고 결정해서 와이프차로 뽑았네요시승기 및 설명이 너무 신뢰되고 해서요항상 공정성 있는 리뷰 감사합니다,4
291,최고의 리뷰 잘 봤습니다 ,1
292,영상 퀄이 미쳤네요 ㅎㅎ  사용하는 장비가 궁금합니다.. ㅎㅎ,1
293,사실 오토뷰는 리뷰계의 탑 클래스로 보이는데 구독이 다른 채널에 비해 너무 적어요. 그점이 너무 아쉽네요.,62
294,"두달전 출근길 아테온 올블랙을 처음 봤습니다.. 바닥에 엎드러가는 짜세에 한눈에 반했죠.. 이후로 길에서 그레이,화이트 모델도 봤었는데 제가 봤던 짜세가 안나오더군여 ㅋ 역시 블랙인듯",8
295,아테온 리뷰  정말 기다렸는데 드디어 나오는군요! 선리뷰 후감상 들어갑니다!,3
296,세단을 별로 않좋아하는데 아테온 정말 잘나왔에요 개인적으로 투아렉 너무 기대되네요~!,2
297,고성능라인 출시되면 정말 좋겠어요~!! 리뷰 감사합니다,4
298,차주입니다.적당히 만족하고 타고있습니다.승차감이 매우 편하다고 하기엔 무리가있고스포츠성이 강하다고 하기에도 무리가 있습니다.딱 폭스바겐 브랜드 정체성에 맞게 모든게 노말합니다. 앞으로 잘가고 잘돌고 잘섭니다. 거기에 스타일은 좋은편이니 만족합니다.,2
299,국내 자동차 리뷰 끝판왕은 오토뷰영상 음악 워딩 모든게 고퀄이지요새해에도 좋은 리뷰 부탁합니다아테온 디젤 기본형만 수입된다는게 아쉽네요 김기태 기자님이라면240마력 디젤 트윈터보 R라인정도타보셔야죠,11
300,실제 봤는데 디자인하나는 끝판왕같음...,2
301,실 구매 고민중인데 큰도움 되었네요 팩트위주의 자료기반한 리뷰라 맘에 드네요 구독하고 다른 차량 리뷰도 잘 보겠읍니다 허허,4
302,단점이 가격이면 차가 진짜 좋은거네요,7
303,사각지대 경고등은 일반 점등방식으로 바뀌는게 좋을 것 같습니다. 찰나의 순간에 사고가 날 수 있는데 저렇게 무드 타입으로 서서히 점등되면 못보고 진입할 수 도 있겠습니다.,1
304,김기태 피디님 언제나 화이팅 건강 잘챙기시구요~,8
305,역시 아테온 좋은평가를 받는군요,2
306,항상 느끼지만 디테일한 리뷰 굿굿,1
307,외관은 진짜 압도적이다,4
308,역시 김기태 선생님이십니다.,3
309,예전 나오기전부터 어떤지 궁금했었는데 좋은영상과 정보 감사합니다 저같이 가까운거리의 출퇴근이 주 메인인 사람은 디젤은 메리트가없네요..조용한 가솔린이 훨씬 좋은데 폭바는 왜 디젤만 가지고오는지...유럽서도 안팔려서 떨이하러오는거같은... 가솔린이면 매력적이라고 생각합니다,2
310,"아테온 관련 영상 상당수 봤는데, 정말 최고의 리뷰입니다. 저는 계약하고 출고 기다리고 있습니다 ㅎㅎ 기대됩니다",17
311,자동차 시승기는 국내에서 오토뷰가 짱.. 홧팅,6
312,상세 소리 들려주는거 완전 대박깜빡이소리 등등 완전 굿굿,14
313,믿고 보는 오토뷰 !!! 올해도 대박 번창기원합니다. PS.언제쯤 오토뷰에서 벨로스터N리뷰 볼수있을까요 ?,2
314,"도어 소리, 클락션 소리, 깜빡이 소리 들려주는거 대박이네... 참신하고 좋네요!!!!!",2
315,아테온 궁금했는데 잘 보고 갑니다. 피곤한 목요일 퇴근길엔 오토뷰가 비타민!~,2
316,"주행성능 안정감은 좋다고 느끼네요, 엔진룸커버가 우레탄 소재는 타사에 비해 신경 쓴 부분이 보입니다. 하지만 실내소재 싼마이..타사에 비해 디젤 소음이 많이올라오고 특히 스탑앤고기능에서 시동걸릴때 소음이 심해요..가격도 착한거도 아니고 프로모션이 파격적이면 생각해볼만 차입니다.",4
317,파사트GT와 비교해서 어떤지궁금하네요^^잘봤습니다~,1
318,온갖 작동음 들려주는거 마음에 든다..,110
319,최고의 자동차 리뷰! 항상 잘 보고잇어요,1
320,"출시하고 디자인에 반해서 송x 전시장 방문하였는데 운전석 윈도우가 작동을 안하길래 물었더니. 딜러분이 ""주말에 시승하신 분들이 많아서요~""그만큼 인기가 많다는 뉘앙스를 전달하고 푸셧는지 너무 당당하게 말씀하셔서 ""네"" 하고 나와서 다른 차 삿습니다.  다시 한번 그 딜러 분께 감사의 마음 표합니다.  그리고 저 가격이면 하브로 가야지요 시대가 시대인지라..  2.0 디젤 사골엔진에 6천? ㅋ",3
321,벤츠마크달았으면 오질나게 팔렸겠네라는 생각을 할수있겠네요     이차의 퍼포먼스는 어떤수준일지지금부터 느껴보시겠습니다,2
322,전륜구동 명가 폭스바겐 다른 독일의 쟁쟁한 브랜드들과 전륜으로 경쟁하겠다는 패기가 느껴지는 작품,5
323,진짜 차량리뷰는 오토뷰다..,2
324,하 진짜 믿고 보는 오토뷰 입니다. 대한민국 시승기의 원 톱은 진짜로 오토뷰...최고 ㅠㅠ 혹시 더 뉴 말리부 1.35 는 못할까여 김피디님 ㅠㅠㅠ,3
325,"감사합니다 잘봤습니다 역시 오토뷰 평가는 신뢰가 갑니다p.s : 오토뷰 홈페이지에 있는 과거 리뷰 영상들을보기 쉽게 유튜브에 올리실 생각은 없으신가요?pd님 오토조인스부터 즐겨보던 오래된 구독자입니다정말 그 보물같은 자료들이 빛을 못보는것 같아 참 안타깝습니다과거 그랜저 tg시절부터 이제는 이름만 남은 사브까지......그런것들을 보기 쉽게 올려주시면지금보다 훨씬 구독자들도 늘어날것 같아요 ㅠ유튜브 구독자에 굳이 연연하지 않으시는것잘 알고 있습니다유튜브도 처음엔 안하셨죠하지만 예전 자동차 리뷰같은거 보는 맛도 있을거 같고아 그때는 그랬었지 하는 재미도 있을것 같아요그리고 영상 말미에 현재 시점에서 예전을 추억하는 pd님의 소회같은거 짧막하게 있으면 더 좋을것 같고......물론 일정이 빡빡하셔서 힘드시겠지만개인적으로 오토뷰의 오랜팬으로 아쉬워서 글 적어봅니다특히나 sm7 영상에서 근두운 애드립과 ""시장에서 말살하기 위한 새로운 전략""이란 말씀은정말 최고였습니다 ㅋㅋㅋㅋㅋㅋ정말 재밌고 유익한 영상이 많았는데ㅠㅠ또한 데스크뷰 또한 정말 좋은 기획이었는데코나 이후 이어지지 않는 부분도 좀 아쉽고요ㅠㅠ기본적인 로드테스트 및 시승리뷰는 당연히 타 매체 비교불가 최고이지만다양한 컨텐츠가 살짝은 아쉽다는 생각이 듭니다ㅠㅠ",129
326,아테온 사고 싶다.ㅠ,22
327,좋은소개 감사합니다.잘봤어요 ,1
328,수입차들 차량 가격 보다도 A/S비용이 더 불만이라고 생각 합니다.,1
329,오래전부터 봐왔지만 역시 오토뷰네요.,3
330,감사합니다 역시나 자동차리뷰 끝판왕 오토뷰,1
331,정말 맘에드는데 2.0TDI 밖에 없는게 정말 아쉽네요 ㅠ,1
332,최근 알게된 채널인데 퀄리티가 오지명이네요 구독함!,1
333,"여러 리뷰와 , 내 시승경험의 결론을 지을수 있는 오토뷰를 기다렸다!",1
334,오늘도 도움되는 리뷰 잘 봤습니다. 다만 늘 보면서 느끼는 점인데 초반 차량 내/외관 설명해주실 때 기자분께서 종결어미를 조금 덜 쓰면 딱딱함이 덜 할 것 같습니다. ~다. ~다.가 너무 자주 나오니 좀 더 연결형으로 설명을 하시면 보다 더 좋을 것 같습니다. 그리고 기태님 이번 머리 하신 미용실은 다시 안가시는게... 검정고무신에 그 주인공 캐릭터 느낌나요,5
335,차량 내 소리감성 너무 좋았습니다.,1
336,새해 복마니 받으세요오토뷰 화이팅!!!,1
337,한국 최고의 객관적 리뷰!!!!,1
338,오토뷰 새해에도 짱^^,1
339,아테온  코너링 핸드링 좋다고 하셨는데  전에  어코드2.0터보도 핸드링 좋다하셨는데  두차의 핸드링과 코너링비교좀 부탁드립니다 전륜중 최고의 핸드링차는 어떤차일까요^^,3
340,믿고보는 오토뷰 ^^,4
341,왜케 구독자수가 안올라가죠?ㅠ퀄리티좋은 영상 고생많이 하실텐데 조금 안타깝네요~힘네세요~!!,58
342,예전 리뷰보고 골프구매했었드랬죠. 이번에 아테온 구입해서 타고 있는데 제 차량색과 같은 실버로 리뷰가 올라오네요^^ 화이팅~,1
343,시승기 잘봤읍니다~어코드 터보와 성격은 다르지만비슷한듯한데요  어떤게 핸들링이든가서스가  우수한가요?,1
344,시승한번 해봐야겠네요.,1
345,촬영 누가 하는지 진짜 감동이네요구아방가지고 와서 촬영해도 3시리즈될거 같은 영상미.. 감탄 감탄,4
346,아테온 사고싶당ㅠ,3
347,핫한 펠리세이드 시승기 부탁드립니다. 기왕이면 가솔린 디젤 비교시승을 해주시면 좋을것 같아요. 많은 사람들이 관심이 있는 차종이니,1
348,저는 자동차 리뷰는 오토뷰 아니면 한상기 기자님꺼 보는데 역시 최곱니다b,2
349,차종을 떠나 제가본 시승기중 최고인듯.. 시승기영상 잘봤습니다. 차량 가격이 아쉽네요,9
350,믿고 보는 오토뷰!!,5
351,김기태 PD님ㅋㅋㅋ영상 촬영 부터 영상 편집 나레이션 및 자막삽입 등 모든 작업 포함해서 시승기 1편 만드는데 며칠정도 소요되나요? 개인적으로 궁금합니다~!! 아 그리고 광고 너무 적은거 같아요 오토뷰만큼의 퀄리티를 만들지 못하는 자동차 리뷰채널들 광고 2~3배 많이 쳐넣는게 현실입니다 ㅋㅋㅋㅋ,4
352,한가지 궁금한게 있어요. 김pd님 항상 쉐보레가 기본기만큼은 국산차 다른 메이커보다 좋다고 하시는데 더 배스트랩에서 준대형세다느레이스를 보면.. 3.6임팔라가 hg3.0   K7 3.3과 상대가 안돼는데 어떻게 해석해야 될까요... 김피디님의 시승이는 그냥 김피디님 느낌을 전달하는 시승기인지 궁금해서요 ㅠㅜ 물론 김피디님이 레이서가 아닌것도 잘 아는데 어제 영상보고 머리가 띵하더군요.. 그래도 오토조인스때부터 지금까지 쭈욱 김피디님을 사랑하는건 변함없습니다!,1
353,타이어 폭을 변경하려면 휠도 교체해야하나요??,4
354,사각경고 진짜 좋네요 ㅋ 잘보이고,3
355,몇번째 보는건지 거참... 좋은 영상 만들어주셔서 감사합니다.,4
356,"주행성능, 연비 좋고 외관도 진짜 멋있는데 내부 디자인은 좀 아쉽네요...",1
357,선추천 후감상♡ 믿음의 오토뷰♡,1
358,"가격이 아직도 한국시장을 호구로 보는듯 하네요. 어차피 관심도 없지만, 오랜만에 오토뷰 리뷰라서 보고 갑니다. 현대 팰리세이드도 좀 해주시고, 새로운 신차들도 많이 해주세요. 오토뷰 화이팅!",5
359,크으~ 차 좋다 리뷰 잘봤습니다.,2
360,영상좋네요 상당한 내공이느껴지네요 구독넣고 갑니다,4
361,폭스바겐 상위라인 차종인데 디젤 4기통에 200마력이 안된다니..그냥 한국에 다른모델이 안들어온것 뿐인가요아니면 진짜 전기차로 넘어가려고 하기 때문일까요옛날에 페이톤 나올때의 전략과 많이 다르네요,1
362,소리를 들려주는 모습은 신선하고 좋네요,1
363,섬세한리뷰 좋습니다,1
364,평가 너무 좋네.. 아테온 사야겠다.,5
365,독일감성  일단  좋트라  시승해보고싶네,2
366,겨울철이면.... 터보에는 더욱더 성능이 업되서 잘나올듯....터보는 더운날에는 쥐약이니.....,1
367,믿고보는 오토뷰!!다시보자 오토뷰!!광고보자 오토뷰!!,16
368,믿고보는 오토뷰 입니다,1
369,PD님 질문있습니다.브레이크 초기응답성관련해서 ㅎㄱ차와 비교했을때 어떻게다른지 알수있나요?,1
370,사소한것 하나까지 다 보여주고 들려주니 좋네요...,1
371,역시 오토뷰!앞전에 여성분보다는 지금 pd님 목소리가 더 신뢰가고 또렷하게 들려요~~,2
372,역시 김기태피디님!_!,1
373,250마력 가솔린 사륜 모델 괜찮은 가격으로 가져오면 판매량 확 늘어날 듯... 달리는 거 좋아하는 사람들을 좀 겨냥한 차인데 출력도 약하고 전륜이건 아쉽.,1
374,19미국 컨슈머리포트 같은급 1등 뭐 타보니 좋네요 인정!!,4
375,정말 궁금한게 있는데요. 영상에서  DSG 실제 변속작동 시간보다 계기판 바늘이 더 빠르게 움직인다고 하셨는데 이게 법적으로는 문제가 되는 부분이 없나요?? 어찌됬는 계기판자체가 정확한 정보를 주는 거는 아니지 않나요??,1
376,기본 타이어가 이해가 안가네요 CC도 컨티스포츠컨택5 달아줘서 대박이었는데 왜 에코컨택을 달아줬지,1
377,ㄹㅇ 인트로 영상은 하나의 광고같단말이지.. 감탄하면서 들어옴,5
378,항상느끼지만 기자님 목소리 너무 좋아요 ㅎㅎ,2
379,"이쁘다! 진짜!! 근데, 결국 가격이 문제네요.",1
380,입대후 오랜만에 제대로 영상보는데 영상이 나름 많이 올라왔군요 ㅎㅎ,1
381,저 타이어가 초기넥스트스파크 에코에 장착되었던 타이어네요ㅎㅎ,8
382,외관 멋지게 잘뽑아놓고 실내에서 조진케이스,2
383,성능평가 은하수네요별이 우수수수수,12
384,내용은 정말 잘봤습니다. 근데 실내 카메라 초점이 하나도 안맞네요...아쉽습니다.,1
385,갓토뷰..,2
386,아테온이 전륜구동이였군요 ㅠㅠ 뒷좌석 가운데가 튀어나와서 후륜인줄알았는데 ㅠㅜ,1
387,신형 320d와 비교하면 뭘 추천해주시겠습니까?,2
388,어코드랑 주행능력비교하면 어떤가요?,2
389,최상급인데 디젤이라ㅜ그런가...우리나라에선 못 생긴 18인치 휠에 무식하게 생긴 연비위주 타이어가 아쉽네요.,6
390,저차가 얼마인가요?4천만원대면 정말 대박이네요..,3
391,실제로보면더이쁘던대수입물량이많다면베스트셀링카가되지않을까하네요ㅋ,1
392,아테온 너무 창평인듯. 살 사람은 사겠지만,1
393,독일에서 나올때 스펙이 230마력으로 알고있는데 왜 파사트랑 똑같은 스펙일까요?,1
394,가격이 단점이라니.. 크흠,1
395,역시 시승기는 오토뷰네요. 10년간 Passat B6를 운행했던 기억을 떠올리게 되네요. 이번에 나온 아테온 매력있는 차인듯 합니다. 하지만 저 가격대가 먹힐까요? 파사트와 실내가 동일한 차가? 아테온의 가장큰 매력인 바이터보 엔진도 아니고 190마력 짜리가? BMW가 하는걸 그대로 따라하는군요. 소비자가 한없이 올려놓고 지멋대로 할인해서 살때마다 그전 구매자들에게 빅엿을 선사하는 황당한 가격정책. 솔직히 이가격이면 돈 약간 더 보태서 남들이 알아주는 A4로 가지 누가 아테온을 삽니까. 폭스바겐의 장점은 아우디와 부품을 상당부분 공유하면서도 가성비가 높다는데 있다는걸 스스로 부정하는 차량가격 아닌지요?,1
396,이영상보고  아테온이  사고 십넹‥,3
397,비엠이나 벤츠보다 왜 매너있는 느낌이지진짜 정통 외제차 느낌 빡..,4
398,현재 아테온 구매고려중인데 푸조 뉴 508도 비슷한 성능을 가진거같아 고민중입니다... 혹시 508시승기도 작성해주시면 안될까요?,3
399,190마력이라 저급에서 아무리 잘해봐야 의미없을거 같다는 생각도 드네요..,5
400,처음 시작 부분 무슨 한편의 cf 처럼 잘 찍으셨네요,1
401,"이게 시승기지. 차는 달리는 물건인데, 요즘 다른 채널들의 인테리어만 보는 시승기?따위와는 비교가 안됨.",6
402,가격빼고 단점이 없네 정말 사고싶어지는 차다 ㄷㄷㄷㄷㄷㄷㄷㄷㄷㄷㄷㄷㄷㄷㄷㄷㄷㄷㄷㄷㄷㄷㄷㄷ,23
403,잘 봤어요,1
404,디자인 심플하고 깔끔한데 가격이  error.,2
405,믿고 보는 오토뷰 아테온 A4보다 주행성능 좋다는게 FF모델(콰트로제외) 얘기하는거죠? A4콰트로보다는 못하다는 말씀이죠? A4콰트로도 그렇게 좋다는 느낌은 없어서....^^,2
406,브랜드나 실내공간이나 디자인이나 무장점차네그런데도 가격이 ㅎㅎ,2
407,G70 vs 아테온 어떤게괜찮을까여?,3
408,역시 김피디님 타이어 대해선 짜셔ㅎ저두 타이어를 한사이즈 작은거 끼고싶지만휠도 구하기 어렵고....또 차도 안이쁘고 여하튼 영상 잘보고갑니다,6
409,R라인이 실내 훨씬이쁜데 헨들부터 천장까지 아쉽네요,1
410,할인한 가격이 정가라고 이해하면 편할 차... 얼토당토 않는 출시가를 보고 얘네들이 디젤사태 이후 아직도 정신이 돌아오지 않았다는걸 보여주네요...,11
411,앞모습 디자인은 Sm6 닮아서 이쁘넹,1
412,영상 정말 감사합니다,1
413,ㅋㅋ 언제나 그렇듯 목소리가 쏙쏙 박혀요,4
414,"아테온 넘나 갖고싶은데,, ㅠㅠ",3
415,노사장 리뷰 보다가 도저히 못 듣겠어서 중간에 끄고 왔는데 눈과 귀가 정화 되네요,3
416,프로모션 1000만원하면 최고의 가성비다,24
417,기다렸습니다 오토뷰버젼 아테온느~,2
418,가솔린 r line도 출시해주면좋겠는데 폭바에서 안하는건지 다른이유가있는건지 ...흠흠,3
419,잘 봤습니다~,2
420,휘발유 모델의 출시 가능성은 어떻게 보시나요?!,2
421,잠시함께~~ 느껴보시겠습니다... 는리뷰의 시작 !!!!  ㅎ,2
422,김기태 PD님 머리스타일만 빼면 완벽한 오토뷰!,1
423,가솔린 모델만 있었어도..,9
424,차값은 괜찮은데 보증끊나고 수리비 괜찮을까요?,4
425,하... 가솔린 나오면 참 좋겠는데... 아 그런데... 이 가격이면 신형 330i가 눈에 들어오고...,1
426,"""네 "" 하고 나오기전에 독일식 발음의볼크스바겐 이라고 할것 같았는데김pd의  네가 나와서 아~하고 피식하게되네요",1
427,아테온과 볼보 v60중 어느게 더 좋을까요?전 가솔린엔진과 세단을 선호하는데 세단중 가장 멋스러운 디자인을 지닌 하지만 디젤엔진을 넣고있는 아테온. 가솔린엔진이지만 높은 지상고를 지닌 v60. 정말 고민이네요.예전에 k9과 s90중에 고민했었는데 알면 알수록 고민많 더 해지네요.,1
428,"아테온 : 연비 15km/L, 최고급 트림 5700만원 그러나 프로모션 15% 할인 4850만원그랜저 하이브리드 : 연비 16km/L, 최고급 트림 4000만원 + 풀옵션 500만원 = 4500만원",1
429,가격이 모든 장점을 다 상쇄한다.디자인 때문에 사는 사람 있겠지만...,5
430,앞으로 차량 광고는 오토뷰에 의뢰하는게 더 좋을듯,89
431,아테온 궁금했는데 감사합니다,1
432,자동차 소리까지 들려주는 오토뷰;;; 근데 하나 아쉬운건 가솔린모델 들어오면 호구딜이라는 소리 들을것같음...,1
433,프로모션 13% 할인해준다는데 혹여나 중고차 5천초반에 나온거 있어도 절대사지마세요,97
434,와...영상미가...ㅎㄷㄷ,1
435,"노보스처럼 까기만 하는 시승기를 봐야 믿음이 가는 것 같은데, 오토뷰는 칭찬만 해도 믿음이 감..",4
436,드디어 나왔구나...오토뷰에,1
437,13:00 가속성능,16
438,오오 퇴근하면 바로 봐야징 ㅎㅎ,2
439,오늘 티구안 1세대 리콜때문에 전시되어있는 아테온을 보고 왔다.음...나쁘지 않네..음....약간 아쉬운 부분은 있네...음....디자인 좋네...음.....가격이 얼마죠?헐;;;;;;;;내가 이걸 이돈 주고 살바엔 렉서스 하이드리브 산다고 생각한다.이 가격에 이건아니다 라고 생각했음.(개취이니 테클금지)내가 티구안 처음 살때만 해도 사람들이 부러워 했는데..당시 2013년도였으니..나이도 어리고...지금은...사람들이 너무 까더라..잘난체 한적도 없지만 그래도 까일정도는 아닌데...내년쯤 렉서스 하이브리드로 갈려고 생각만 하고 있음.^^,6
440,폭스바겐은 미국에서 싸게 독일차 감성을 느끼고 싶은 젊은층들이 타는차죠. 삼만불 넘어가는 복스바겐은 거의 팔리지 않는다 보는게 맞죠. 고장도 많고 수리비도 비싸구요.,1
441,풍경탓인가? 색깔탓인가? 왜 안이뻐진거 같지?? 분명 외국에서 탄 시승기봤을땐 이뻐보였는데,3
442,김기태 기자님 마지막 맺음말에는 구독과 좋아요 눌러주세요 한마디 하시면 구독수가 올라가지 않을까요? 개인적인 생각입니다 ㅎㅎㅎ,7
443,"아무리 신차라지만 저가격이면 벤츠나 BMW 5시리즈, e클래스 1~2년된 중고차를 살수있고 그 차 성능이 월등히 좋다 생각해서 디자인빼고는 정말 메리트가 없어보이네요",4
444,FF차로 4시리즈 언급하는 건 아니지 않나? 스포츠 소형해치백에선 ff와 fr이 서로 장단점이 있다쳐도 이건 뭐. 프리미엄 브랜드가 괜히 FR을 고집하는게 아님.,1
445,"안녕하세요~아우디 A6가솔린과 폭스바겐 아테온 중에서 어떤걸 구매해야할지 고민하고 있습니다,차량에 대해서 많이 알지 못하구요 아우디는 할인을 많이하지만 끝물인가?하는 고민이 있구요 (신차가 6월에 나온다고 하더라구요) 폭스바겐은 지금 A6할인가격에  가장 최신모델의 차량의 이지만 디젤이라는 걱정...차를 잘아시는 전문가님들의 조언 부탁드립니다~ ^^댓글댓글나도 궁금해요",1
446,가격이 문제죠..4그란쿱 할인 받으면 저거보다 더쌈 ㅇㅇ...물론 옵션은 아테온이 훨 낫습니다,6
447,오토뷰는 무조건 선추천 후감상 입니다!아테온은 할인을 얼마나 해주느냐가 관건이겠네요. 뭐 이미 많이 해준다고는 하지만....,14
448,"기태형,  이건 레알 실화임! 아침 꿈에 기태형이랑 밤새 술 먹고 내가 두 가지 물어 봤어. 1) 가끔 나오는 영상 초반 여자 나레이터는 누구냐, 2) 언제 슈퍼카 리뷰하냐. 기태형은 아무 말없이 홀연히 사라지고 쫓아가보니 흔적 조차 없었어. 여기서 답해주면 안 될까나?",1
449,시승기계의 교과서 오토뷰,2
450,이아저씨 목소리 너무좋네요,1
451,잠시후 함께......(한 1분 있다가) 느껴보시겠습니다. .. 한번만 해주세요 ㅋㅋㅋ,1
452,아무리 그래도 폭스바겐 디젤 신뢰도는 한번 바닥을 친 상태라,3
453,아테온은 아우디를 팀킬하려는것 같다,4
454,좋아는 보이나...왠지 꺼려지는 느낌? 쪼끔 더 마력이 나오거나 가격이 싸거나 하면 괜찮았으려나?,1
455,가솔린모델은 언제나오눈고야..,1
456,디젤게이트 홍역을 치르고도 디젤만 출시하는 패기(?)를 보면 독일 기술력은 인정하지만 장사 마인드는 별로인 것 같아요.,9
457,탈리스만이 떠오르는...외관,4
458,4천대 초반 아니면 살 이유가 없다.,1
459,아직도 디젤이 잘팔리나보네요.. 항상 디젤부터 들여오는 것을 보면은.....,5
460,제로이백도 이제 측정해주세요 요즘은 제로백보단 제로이백이 더중요한것 같음,1
461,할인 개퍼부어주면 살까 말까 고민할듯 이가격대 좋은차 더많은데...,1
462,"노사장이 고속에서 병맛이라고 했는데, 여기는 안정감이 있다고 하니.누구 말을 믿어야 할지.둘중 하나는 아마추어 같네요.",3
463,최소 3년까지는 폭바 사면 안됨 ㅋㅋㅋ,2
464,가솔린 R라인으로 프로모션 해서 4천5백만원이면 독일3사랑 비벼볼수있다...생각잘해라 폭바야,17
465,그래도 디젤은 빈디젤이 최고죠.리뷰 잘봤습니다^^,2
466,왜 오토뷰 오토뷰 하는지 시승기를 보니 알겠습니다!잘보고 갑니다!,5
467,2.0 디딸로 너무  스포츠 성향을 따지기는 ...무리 인듯....그냥...무난한 성능이라고 해야 되지 않을지..,3
468,익숙한 목소리의 그분이 돌아오셨네요,1
469,330i m팩 리뷰도 부탁드려요!!,2
470,현기차 까면서 폭바차 사는게 가장미련...전세계에서 원가절감 최고봉인 회사 구석구석이 원가절감..차체부터 골프플렛폼을 쇠덧대서 늘려뺀차,2
471,더뉴 k5 하브도 혹시 시승계획에 있으신지 여쭙고 싶습니다,1
472,요즘 핫한 펠리세이드가 더 좋아보임....개인적으로..ㅋㅋㅋㅋㅋ 두대중 고르라면 펠리세이드 선택할듯 ㅋㅋ,2
473,"나레이션 하시는 분 잘 하시지만, 좀 더 중저음에 전달성 좋으신 분으로 교체 하시는 것도 좋은 방향성을 제시해 줄 것 같네요.제 느낌으론 영상 별점 5점에 4.5점 정도영상미 좋구요 전달성 표현력 다 좋은데 나레이션 나올 때 음악구성 및 볼륨이 조금 높은 느낌입니다그래도 영상은 참 좋네요 ㅎㅎ",1
474,뒷좌석에 탈때 저렇게 각잡고 안타죠 ㅋ,1
475,이분들은 진짜 뚝심있다 자기들 하고싶은것만 리뷰해ㅋㅋ차 빌리는것때메 그러는건지 많이 까주세요,1
476,잘봤습니다.차는 마음에 드는데...가격은 많이 마음에 안드네요.,1
477,똑같은내용도 현대차는 부정적으로 수입차는 긍정적으로 코멘트하시네요예를들면 브레이크페달 답력 초반에 몰려있는거변속에따른 계기판 바늘속도 변화같은거등등,1
478,"폭바의 듀클이 부드러워졌다는 것은 과거대비 장점이 되고, 현대의 듀클이 부드럽다는 것은 내구성과의 타협이다? 그 부분만 봐도 마치 폭바 직원의 리뷰인듯 한쪽에 치우친 리뷰라고 밖에는....",1
479,오디오 전원버튼 돌리면 마크까지 같이 돌아가나요!? 설마 설마,1
480,폭스바겐은 이제 아무리디자인이 좋고 해도 저 돈이면 그냥 옵션 빵빵하고 고급진 현기차 사고말지 요즘에는 퍼포먼스도 크게 떨어지지 않는데 옵션도 딸리고 인테리어도 싼마이인 폭스바겐을 살 이유가 전혀 없음,7
481,디젤이라 너무 아쉽 ㅠ,1
482,실물 하나는 진짜 개깡패..후륜으로 좀 나오지..,1
483,cc에서 그만쫌 벗어나야할텐데,4
484,전륜구동일텐데 왜 뒷자리 센터터널이 저렇게 솟아있지??ㅋㅋㅋ,1
485,디젤 말고 휘발유는 안 들어오나,1
486,말투까지 정직하군요,2
487,죄송한데 아테온 어코드2.0 두차중에 조금더 추천하는 차종이있다면은요,1
488,스포츠쿠페같이생겼는데 트렁크 웨이건형식이네 a7같네,3
489,진동 부분은 짧게 말씀하시네요,1
490,깔끔~~,1
491,"많이 기대했는데, 아쉽섭미다",1
492,멀리서 이차봤는데  전 아스인줄알았음ㅋㅋ,1
493,앞은 이우디 닮앗고....뒤는 bmw 닮앗고.... 나만 그런가...?,1
494,폭스바겐은 휘발유 엔진은 못만드나요??,2
495,피디님 왜 220d는 안해주시는지?,2
496,제네시스랑 가격이 똑같넹 5천정도하는 듯,2
497,말리부보다...늦는다고??1.5보다?,1
498,소재만좀 파사트랑 달리해주지...ㅜㅠㅠㅠㅠㅠ,4
499,tfsi를 사랑합니다,1
500,아쉬운 가격대,2
501,이건 그 동안의 시승기 느낌 보단. 홍보하는 느낌이 드는건 왠지.,2
502,3천중후반에서 4천 중반이 답이지..5천대면 안사지..G80사겠다..솔직히.,2
503,폭스바겐은 기어봉이 정말 안씁이다.저 기어봉 디자인 좀 바꾸지...,2
504,운전하는 재미는.세단이 재밋고 공간은 suv가 좋은듯  suv는 운전하는 재미가 별로없음ㅜㅜ 20년1월에 더뉴쏘렌토삿는데 운전하는.재미가.하나도 없음..,1
505,불행하게도 디젤..,1
506,수도꼭지 머플러는 원가절감인가요?,1
507,요즘 tvn수목드라마 진심이 닿다인가 뭔가 암튼 그 드라마에서 겨자색 알테온을 보고 오늘 와이프랑 가까운 매장에 방문했습니다. 시승은 아니고 그냥 디자인과 착석감 그리고 대략적인 가격 확인을 위해서..현재기준 프레스티지 5700만원 기준 500정도 할인 들어가고 실내 느낌은 그랜저보다 확실히 고급지고 윗급입니다. 하오나 디젤인데다가 국내에 가솔린 입고 계획이 아직 없다고 합니다. 그리고 가격이 곧 출시될 제네시스 g80 신형과 겹치는 부분이 있어 목적에 따른 결정이 필요할 것 같네요,1
508,차구매할때 오토뷰하나면 끝,2
509,외관은 진짜 좋은데 내관이 별로인것같음,1
510,왜 출시하자마자 폭풍할인하냐는 말이 있는데..  전년도 연식모델을 몇개월간 평택에 묶여놨다가 19년 다돼서 푸는거라 폭풍할인한거에요  인증이 늦어져서 판매가 많이 늦어진겁니다   이젠  저정도 할인까지는 없다고 하네요당장 요번달에 19년형 옵션강화된 아테온이 나옵니다  그때는 저정도 할인은 절대 없겠죠..  유럽에서도 이미 동급 프리미엄브랜드 가격대에 판매되고있구요..,19
511,2:20 이때 순간 SM6?? 했네요,3
512,시승기중갑,4
513,전륜인가요?,2
514,아반떼AD 페리는 리뷰 안하시나요??,1
515,지갑에 돈채워가서 시승은 나도해봤다. 결론은 시승후 뒤도안돌아보고 나와서 렉서스매장으로 갔다는..,1
516,뭐여??? 뒷유리가 끝까지 다 안내려 간다고????? 그럼 플레임레스 도어의 의미가 없잖아...;;;,1
517,"제가 오토뷰를 너무 사랑하지만 오토뷰가 유튜브에서 조회수가 안나오는 이유.공중파 퀄리티의 영상제작자이기 때문입니다.유튜브가 인기있는 이유는 공중파에서 쓸수 없는 표현들을 막 쓸수 있는건데(ex 노사장)오토뷰는 너무 신사적이라 제가 사랑하는데..거 참..어렵네요솔직히 노력대비 낮은 조회수에도 격조 높은 수준을 유지하신다는거,정말 대단한것이고 저같은 소수의 구독자들은 크게 인정하고 있습니다.앞으로 어떤 방법으로 가더라도 저는 오토뷰의 애청자에서 벗어나지 않을겁니다.오토뷰 채널이야말로 인정받아야할 채널이고 저는 인정받을 날만 기다리고 있겠습니다~",4
518,외제브랜드의 AS 사후관리는  개쓰레기라서 자동패쓰~~!!!,1
519,뜬끔없는 질문드려 송구합니다만 27분 10초부터 사용된 BGM 음악은 뭔가요?,2
520,출시와함께 천만원 가까이 할인했죠 그럴거면 가격을 낮추는게 맞지싶네요,8
521,개이쁘다,1
522,보급형A5 or A7,2
523,Sm6따라 만들었나 외관이 비슷하네,3
524,신상 레고컷인가요?,3
525,가격이...!!ㅠㅠ,4
526,제가 독일에 갔을때 렌트했던 차량인데 패들로 수동 사용시 고알피엠에서 기어 다운시 약2초정도 있다가 기어가 내려가더라구요 몇번을 해봐도 동일하게 기어가 늦게 내려 갔는데 이게 다블클러치가 맞나가 아니라 예전 2000년대초반 4단오토 차량보다시프트 다운이 느렸어요 제가 탄 차량만 그런줄 알았는데 검색해보니 유튜브에 그런 내용이 있네요 지금 타신 차량은 그게 개선이 되었는지 아니면 모르시는건지 오토뷰 정도면 모르진 않을텐데 말이죠 일반인인 저도 타자마자 바로 알았으니 말이죠 이부분에 대해 답변을 부탁드립니다,10
527,이건 디젤.  가솔린모델은 언제 입고?가솔린 270마력짜리는 언제 수입?,2
528,Sm6랑 비슷...,4
529,리뷰 잘 봤습니다. 한가지 부탁...이어폰으로도 많이 들을 텐데제발 중간중간 음악소리 좀 줄여요. 목소리 대비해 너무 커서 귀아픔...,1
530,영상미 Good~,1
531,전체적으로 무난한데 고급형인데 너무 무난한디자인..,2
532,저차 밑바닥보면 뻥뚤림 파사트 늘려논거,1
533,가격이 깡패네,1
534,Sm6가 생각나네,2
535,디젤  머플러에 거으름 있는 폭스바겐 못봤음,1
536,선좋아요 후감상,2
537,폭스바겐 2.0 디딸을 이가격에 ?,1
538,내장재나 시트커버 색깔변경 안되나 진짜... ㅠ,1
539,차 잘나왔나보네욭,2
540,아우디랑 너무 겹친다;,1
541,뭔가 아쉽다,1
542,가솔린 다운사이징을 내 놓으라고..^^,1
543,저는 김기태선생 빠인데요 김기태선생님 얼굴많이나오게해주세요 말로만 들으니까 집중이안되요,5
544,"총평에 오탈자 있어요~ 누길 수 있는, 누릴 수 있는",2
545,04:29 머리 정전기 ㅋㅋㅋㅋㅋㅋㅋㅋㅋㅋㅋㅋ,42
546,잘보았습니다,1
547,서울시미세먼저저감조치땜에디젤판매량안나오는데디젤가지고판매하면돼겠느냐 후...가솔린 가져와라,2
548,166마력.....ㅋ,1
549,선추천후감상,2
550,배경음악 왜 슬퍼? 나만그래?엔딩곡 인가? 슬픈차 인가보네,1
551,가솔린은 안들어오나,2
552,제2의 sm6인듯...,4
553,보급형 A7,3
554,차를 잘만들어? 그래서 내구성이 그 모양인가?,1
555,이거 가솔린모델은 왜 국내 출시 안하나요?? 아예 없을리는 없을꺼고,3
556,마케팅 실패 차물들어올때 노져어야되는데폭바 병신 짓 해가지고..파사트GT 아테온 티구안한참 늦게 들어와가지고이미 수요층이 리뷰들에 눈이 익어 식상해버림 .. 질리는 디자인에알라인도 없고 가격도 비싸고,3
557,섹드립이나 치는 잘난채하는 차알못보다 훨씬 낫네요,15
558,앞모습은 sm5 닮았넹,1
559,몇백 더주고 5시리즈나 이클사지,2
560,.......창문이 반만 열린다고? 뭐야 그게,1
561,하 내부진짜 ㅋㅋ,1
562,Sm6인줄,5
563,28:40 오타 '누길 수',2
564,오토뷰 Ai같아용,1
565,실내는 꽝 깡통이넹,1
566,"bmw 520d, 벤츠 c220d, e220d, 아테온 프레스티지3대 시승해봤는데디젤 소음은 아테온이 가장 조용했습니다.디자인 및 내외관 마감은 벤츠가 갑이고요  정말 럭셔리하다는 느낌주행성능 치고나가는건 bmw가 갑입니다 밟았을때 쾌감이 있네요벤츠는 소음도 있고 쿨럭거리는 답답함 있었고 아테온도 나름 쭉쭉 잘 나갔습니다.옵션은 아테온이 갑입니다. 자율주행은 bmw 보다 한수 위입니다. 안정감 짱입니다.뒷자석 공간도 아테온이 훨씬 넓고 트렁크 공간도 가장 넓고 실용적입니다.가죽은 벤츠, 다음 bmw, 아테온순으로 좋았고아테온 프레스티지 옵션중에 다이나 오디오 있는데 음질이 아주 생동감 넘쳐서 인상적이었습니다. 타메이커 차량 오디오는 보통이었고, 만약 다이나 오디오로 업글비용한다쳐도 비용만 수백에서 천단위 되는거 같네요세차량 시승해보니 다시는 국산차 못탈듯요 기본기가 아주 다르네요개인적으로는 주행성능이 bmw가 넘사벽이라 bmw으로 선택중입니다패밀리카로 기본기 탄탄하고 연비좋고, 뒷자리나 트렁크 넓고 옵션빠방하고 오디오좋은 아테온이 가장 좋은거 같네요. 돈 있다면 아테온 추가 하고 싶네요 디자인도 이쁘고 계속 생각나는 차인거 같습니다.",14
567,차에 대한얘기는 없고 뭔 매 게시글마다 게시자 찬양밖에 없네,1
568,5천만원2.0디젤전륜구동..ㅋㅋ무슨 프리미엄브랜드도 아니고..아테온의 메리트를 어디서 찾아야 하죠?,2
569,광고보고 있는줄,2
570,영상미 어쩔 겁니까?! 너무 믓지다....,7
571,그냥 cc신형인데 이름만 바꾼거..,3
572,디젤. 끝.,1
573,이건 보다가 느낀겅데 기자님 머리 왜구래용 ㅜㅜ 미용실을 바꿔보심이ㅠㅠ 진짜 미용사 못됐다ㅡㅡ,15
574,음.. 디젤이라..,5
575,폭스바겐 푸조  너무 없어보임,1
576,드디에 아테온,1
577,약간 현대 그랜져랑 비슷하네요......,1
578,디자인 구린데 속 디자인은 폭망,1
579,"해외에서는 출시된지 꽤 되어서 지인차를 몰아본적있는데 신형아테온, 가격대가 사실 에러로 보입니다. 이 가격대면 다른 대안들이 너무 많고 아테온을 굳이 꼭 선택해야하는지 의문이 많이 들기때문에.. 차가 좋고 안좋고를 떠나서 폭바를 골프부터 폴로,신형티구안 그리고 아테온 까지 타 봤지만,  아무리 겉 디자인이 화려해지고 독일특유의 감성이 살아있고 하지만 실제로 오너가 되서 차문을 열고 주행을 시작하고 타다보면 왜 폭바는 아우디 하위 티어 브랜드인지 누가 설명해주지 않아도 알 수 있습니다. 아테온이 아무리 잘나와도 아우디 A5,A7과 비교할 수가 없습니다. 티구안이 아무리 잘나와도 구형이자 스테디셀러인 Q3보다 떨어지듯이. 차를 겉디자인만 봐서는 절대 안된다는거 꼭 명심하시길.",86
580,폭스우디,1
581,"조작바겐 하다하다 rpm바늘 움직임까지 조작질이네 ㅋㅋㅋ 글고 소음, 진동은 어쩔 ㅋㅋㅋㅋㅋㅋㅋ",2
582,전륜 4기통 디젤 딸딸이를 5천이 넘는 가격에..;;,1
583,디젤. 끄덕끄덕,3
584,현기와 폭바 동급취급하는 유일한 나라 대한민국ㅋ,12
585,사실 디자인이  제일 마음에 안든다.,1
586,"일단 폭파는 쳐다보는순간 3류차에  쓔레기차라는 인식이 든다....그러나 3,500정도면 고민해볼만하다 .......",1
587,머리는 직접 깍으시나요?,1
588,한국은 쏘나타랑 경쟁하는데,1
589,"참 애쓴다 애써, 중립적이다는게 도대체 뭔 개소리야?",1
590,국내는 240마력짜리 말고 190짜리 들어왔네  남조선이 공산국가라서 차별하네,1
591,말할때 어~ 음~ 스읍~음~ 하는거 무지하게 거슬려요.,1
592,3등,3
593,"요즘 국내에 들어 오는 신형 차종들이 전부 디젤에 국한 되어 있는 점이 매우 의심 스럽 습니다.CLS,  A7, 아테온, 파사트 GT, A6, 푸조 508 등등   흉기차의 국토부 사주로 인한 것이 아닌지.  리뷰어들이 확인 해서 밝혀 줘야 할것 같습니다.",5
594,2등,1
595,김기태 기자님 다른 답글은 다 답변 달아주시면서 제 글은 답변이 없는건가요? 아님 애써 무시 하시는건가여?다시 질문 드립니다 제가 독일에 갔을때 렌트했던 차량인데 패들로 수동 사용시 고알피엠에서 기어 다운시 약2초정도 있다가 기어가 내려 가더라구요  몇번을 해봐도 동일하게 기어가 늦게 내려 갔는데 이게 다블클러치가 맞나가 아니라 예전 2000년대초반 4단오토 차량보다 시프트 다운이 느렸어요  제가 탄 차량만 그런줄 알았는데 검색해보니 유튜브에 그런 내용이 있네요   지금 타신 차량은 그게 개선이 되었는지 아니면 모르시는건지 오토뷰 정도면 모르진 않을텐데 말이죠  일반인인 저도 타자마자 바로 알았으니 말이죠  이 부분에 대해 답변을 부탁드립니다 https://www.youtube.com/watch?v=8H3HyuOwAEY 위에 링크에 가셔서 31:15 초에 보시면 제가 말한 내용이 있습니다,1
596,H,1
597,아테온=sm6=블랙베리결론 이쁜쓰레기,8
598,"아테온 핸들링이 좋긴 개뿔이 좋아무스테스트 영상보니까 완전 형편없구만 https://www.youtube.com/watch?v=VQ_zs1qrENk오토뷰 영상만 쓸데없이 고퀄이고, 내용은 갈수록 산으로 가는구만전륜구동 드립치는놈 있을까봐 미리 알려줌말리부와 사촌격인 오펠 인시그니아 무스 테스트 https://www.youtube.com/watch?v=P3U8WQrDEUk",5
599,"노사장은 아테온 이 차 완전 게판이라고 , 오토뷰는 나쁜 얘기 없고.......ㅎㅎㅎ 누구말이 맞을까? ㅋㅋㅋ 그러나 시장에선 안 팔리고 있다는거~! 결론 이차는 상품성이 꽝 이라는거. 가성비도 꽝.  타보면 전반적으로 그랜저보다도 한참~ 못하다는걸 느낄수 있습니다. ㅉㅉㅉ........ 그랜저 시승 한 번이라도 해보시고 아테온 시승 꼭~~ 하시고 사시길 추천!",2
600,이정도면 시승기가 아니고 아테온광고 아닌가여?ㅋ 190마력 디젤딸달이가 무슨스포츠성이있다는건지 ㅋㅋ 아테온기 기함급?이라니...차를 분석을 해야지 죄다 좋다고만 빨기바쁘네..에혀..단점은 가격? 가격빼고 다좋다니..이게 어째서 시승기 인지...,1
601,리프트에 올려 바닥한번 보고 얘기하지...폭바 홍보 그만하고 오토기어 한번 보세요.~,1
602,"와...내가 좋아하던 오토뷰의 본모습은 어디간건지...아테온을 이렇게까지 빨아주시다니 이차 시승하고 그냥 딱 SM6, 아반떼 수준이었는데 고속도로에서 급차선변경하면 그냥 뒤털림 진짜 죽을뻔함. 한시간 시승하고 나서 내린결론은 조용한 포드 몬데오 디젤 수준 이 차가 왜 오버스펙해서 타이어를 끼웠는지 생각해보면 답나옴 그 사이즈를 안끼우면 고속도로 항속에서 서스가 버티지를 못함. 사실 렉서스 IS200t 칭찬할때부터 신뢰는 하지 않았음 그렇게 엔진위치가 높은차를 안정감이 있다고 리뷰하시다니 ㅜㅜ",1
603,4모션은 언제 나와요?,1
604,바쁜가? 답변이 없네. 쯥,1
605,"파사트, 아테온 같은 세단이 가솔린도 함께 들어왔으면 더 좋았을텐데.. 여러 복합적인 이유로 디젤만 들어오겠지만 너무 아쉽네요 ㅠㅜ",5
606,디자인만 놓고보면 아테온이 압도적이네요,9
607,디젤이네요^^ 가격과 연비 좋네요.. 제네보다 저렴하구요ㅎㅎ 시승해보고 싶네요.. 승차감만 좋다면 구매하고싶네요..,2
608,아테온디자인이 압도적이네용,5
609,K82.5 풀옵 오너입니다 구입할때 아테온도 고려했는데  디젤이라 ㅠㅠk8로 흰색은 같은차오너지만 저도 적응이 ㅋㅋㅋ 아테온 이쁘긴하네요^^,3
610,"1년에 2만킬로이상의 장거리 주행을 하는 분들에게 최고의 선택은 아테온입니다. 거의 완벽한 차량이라고 할 수 있습니다. 모든 옵션이 다 있습니다. 모든 기능이 완벽합니다. 심지어 CD까지 있습니다. 스키스루뿐만 아니라요.차를 모르는 사람들은 현대기아를 선택합니다. 앞으로도 아테온처럼 연비,디자인,가격,옵션,실용성등등 모든 면에서 완벽한 차량을 만나기 쉽지 않을 겁니다.",8
611,아테온이 모든면 압승,4
612,K8디자인은 정말 답이 없네.돈 들여 이런 걸 만들다니...이건 뭐 초기 중국차?,3
613,K8흰색은 진짜 구리다 흰색이 저러기 힘든데 ㅋㅋ,2
614,"K8 그릴은 뺑기 칠해놓은것 같고, 그랜져 그릴은 스티커 붙이 놓은것 같고~~~",4
615,민준님 얼마전에 리스때문에 메일보내드렷엇는데 원하는차량 연락처남겨두엇는데 혹시 메일이 안갔나요?,2
616,와우 ㅎㅎ,3
617,아테온은 스티어링휠수동이에요????,3
618,가격이 훨씬 싼 K8이 더 좋네,4
619,K8 하브 흰색 차주인데 실제로 보면 너무 이쁨 색상선택에 후회는 없음ㅋ 대부분사람이 실제로 보면 흰색이 젤 이쁘다 그랬음ㅋ,4
620,휠 검정 아니었나요?아테온,2
621,ㅡㅡ 아테온 가솔린이었음바로 질렀지.,3
622,아테온 디자인은 정말 좋음..근데 폭바가 디젤 짬처리 하는 느낌이 너무남,2
623,나란히 놓고보니까 k8오징어됐네..,3
624,Made in Germany  vs 너튜브 보면서 금속노조가 만든차.,3
625,K8저 앞주둥이는 정말 토나온다,4
626,아테온 죄송합니다 안이뻐요 ㅠㅜ,3
627,"돈더주고 차라리 아우디로 갈거 아닌이상 아테온은 가격대비 모든면에서 k8에 한참 못미침.k8하브나 3.5에 옵션 다 때려부어도 아테온보다 싼가격, 근데 아테온보다 대부분의 항목에서 훨씬 더 좋음.특히 k8하브랑은 비교하면 진짜 상품성에서 아테온을 갖다붙이는게 민망할정도죠.연비, 정숙성, 고급감, 승차감, 옵션, 정비성, 편의성 어느하나 k8을 넘을게 없네요.'난 현기차 타면 두드러기 생긴다' 이런 사람 아니라면 무조건 k8이 압승입니다.",11
628,"작년 12월에 아테온 20% 할인했던 차와 크게 달라지지 않았네요, 시장의 반응은 정확할 겁니다.",19
629,디자인이 예술이네,5
630,밤에 지하주차장에서 저희 고객님 차량으로 흰색 봤었는데... 디자인은 진짜 최고던데요... 디젤이라 아쉽지만 소장은 하고 싶어지네요...ㅎㅎ 근데 올해엔 ID.4가 나올텐데 흠...,3
631,폭스바겐이 디젤차량을 한국이나 기타 국가에 할인해서 풀고 있죠. 신형 나오기전 차량을 할인폭 크게 해서 내놓기도 하고. 유독 한국 시장을 그런 용도로 많이 활용하더군요.,1
632,dcc는 최대장점중하나. 급가속시 엑셀반응이 반박자 늦은감이 있는건 단점. 기존 물리버튼들이 터치로 바뀌는 부분도 단점같네요.,1
633,여전히 아름다운 디자인이네요. 예전처럼 4모션은 늦게 들어오려나요?,10
634,15단계 댐핑은 전모델과 완전동일메뉴얼 같습니다추가된 기능은 아닙니다,15
635,아르태온 진짜 세단역사상 가장 아름다운 엔진입니다!,10
636,"형님 골프 시승기도 기대할게요 그리구 경쟁차종(1시리즈 , a클 등)과 비교도 부탁드려요",5
637,디젤 good  힘좋고 연료비 싸고...,12
638,좀 처럼 비판안하시는 분이 디젤에대해 자주 언급 한것은 시청자들에게 메세지를 확실히 준겁니다.,4
639,한대는 전기차 한대는 디젤차  디젤이라 좋네요,2
640,디젤도 독일 삼사 2.0 3.0 디젤은 전평이 났죠~이미 디젤기술은 세계최고이고 관리만 잘해준다면 디젤장점이 엄청납니다~  최근 디젤은 요소수도 한몫하는 기술이구요 무조건 디젤은 아니다 라는식은 절대 금물이라 생각합니다 출퇴하면서 가족차량으로는 충분히 괜찮다고 합니다 겁나 쏘고 다니고 답답하다 이러신 분들은 가솔린 터보나 최소 3000cc로 넘어 가면 될듯 합니다 풀 2중 접합유리라 나름 딸딸소리 잘안들리긴 합니다 밤새 잠자고 아침에 시동걸때 조금 시끄럽긴 하네요ㅠㅠ,14
641,기존 아테온 20~27퍼 할인해서 풀어났는데 누가 이가격에 살지 궁금하네요 ㅋㅋㅋ현명한 소비라면 지금가격이면 520i 사야죠,7
642,디젤 아직 7-8년 괜춘!그후로 전기차로 넘어가면됨  그때되면 전기차 충전시 주행거리 더기술 좋아질거고 전기차 충전소도 그때가 되야 눈에띄게 많아지겠지,11
643,이 가격에 이 크기 전륜차에 저 네임밸류와 보증기간은 진짜 애매하네요 5시리즈 주력모델에 안 들어가는 전자제어 서스가 들어간건 참 좋지만요,1
644,그랜져나 k8 하고 승차감 비교시 어떤지 궁금하네요,1
645,1:55 이부분 설명 잘못하신듯. DRL이 낮에는 가운데 부분은 안켜집니다. 헤드라이트가 들어올때만 점등 됩니다.,13
646,박기돈기자님 안녕하세요 오늘2023 더 모하비가 출시했는데 리뷰 꼭 부탁드립니다.너무 보고 싶습니다.이제 그래비티 트림에서도 블랙만 선택할수 없게 되었더라구요.다른 색상도 선택할수 있더라구요.,2
647,"포드, 닛싼, 혼다, 토요타, 푸조, 씨트로엥 등에서 신차를 출시하면 가만히 있다가 폭바에서 신차만 출시하면 급발진 하는 사람들 많음. 디젤을 타든 가솔린을 타든 본인들이 다 상황에 맞게 타는거지 자기 생각과 다르다고 훈수두고 폭바관련 기사마다 악플달고 비아냥 거리는 인간들 넘처남. 언제 부터인지 제네시스 이하 주행성능은 제외 하고  편의 사양에만 몰빵한 국산차 4~5천만원 짜리 차를 사면 합리적인 소비고 같은 가격이지만 수입차 사면 없는데 허세 부리는 인식이 깊게 깔리기 시작하는 거 같음.",8
648,항상 잘 보고있습니다,2
649,싸게사고 2~3년후 팔땐 감가 오지게 날 디젤엔진...ㅜㅜ,2
650,와 실내 개구리다..ㄷㄷ,1
651,as수입차 순위를 보면 과연 폭바를 사야할지는 의문이긴 한데... 1위는 알다시피 도요타/렉서스...ㅋㅋ 이게... 물론 폭바센터가 도요타보다는 많지만 단순히 as센터 수가 많다고 해서 퀄리티까지 좋지는 않더라.... ㅋㅋㅋ 진짜 폭바 빠돌이거나 정말 드림카가 아닌 이상에는 '아... 함 가볼까 폭바디젤로?' 라고 생각하기에는 ...ㅋㅋ,1
652,Dcc는 기존모델이도 있는 기능입니다^^그리고 가운데 엘이디는 데이라이트는 아닙니다,2
653,믿고보는 박기돈 ㅎㅎㅎ,1
654,아테온 광고 진짜 역대급으로계속나오네,1
655,진짜 실내만 빻지 않았어도 디자인빨로 엄청 팔렸을텐데,1
656,가솔린 있었으면 살 뻔 했던 차 ㅜㅜ,7
657,가운데부분 데이라이트 아닙니다~!!! 전조등켜야 같이 들어옵니다!! 데이라이트랑은 차이가 있습니다!! 규정상 그렇게 안된다고 합니다~~~,15
658,우아아아아 박기돈 편집국장님이다아아아~!!@$@$@,3
659,2022 더 뉴 SM6 1.8 가솔린 터보 모델과 비교하면 어떤가요??,3
660,1500정도 깎아야 제값일듯,1
661,이차는 스타일리쉬 하긴한데 특유의 아쉬움은 어쩔수가 없나봅니다그리고 지금시점에서 4door coupe 스타일에 굳이 디젤이 필요한지도 의문이네요.,7
662,아테온은 바뀐게 없네요;;;기어노브도 그대로고 HUD도 그대로고 라이트만 하나 추가된듯....,3
663,이제 디젤모델은 사양길인데가솔린이나 전기모델이 대세~!!,5
664,폭스바겐은 개취로 별루,3
665,할인은 얼마나 해주나요? 요즘 차사기가 너무 안좋은시기인듯 좀 기다려봐야겠다,1
666,기존에 알려진 휠이 아니네요. 그 휠은 r라인에 들어가는 건지,1
667,외관은 이전께 낫네요전면 하부 범퍼 쏘나타 뉴라이즈인줄 ㅜㅜ실내는 이뻐졌네요시계를 왜 없앴지 ㅋ썬루프 열면 디젤 매연 냄새 나는거 말고차는 괜찬아요 ㅋ,1
668,파사트 안나오나..파사트 은근 고급스럽던데,4
669,디젤사는건 지금은 아닌듯가솔린하이브리드에서 전기차가 대세디젤 2년됬는데 지금은 아쉬움이 있네요,1
670,외관은 비슷해보이네용,2
671,왜이리 안올라오나 기다렸습니다^^,2
672,"알테온 좋은정보 감사합니다.번호판,봉인 녹방지 봉인구어셈블리 라고있네요.",1
673,패들 시프트 쓰는법 강의해 주세요 D에서 바로 사용 하시는 거죠?,1
674,아니 다 좋은데 얘네는 기어봉이 이게 이게..ㅜㅜ아우*처럼 항공기 기어봉 스타일 얼마나 멋진가구지~~~~  저딴 말뚝을 ㅜㅜN~~~~~G,1
675,지금 시점에 디젤 차를 사도 괜찮은건지 궁금하네요,5
676,아테온r 도 좀 들여오지 아쉽네요,2
677,디젤 10년은 충분하죠,13
678,"디젤 떨이 하려는 건가, 해외는 가솔린 잘만 나오던데",2
679,운전하시면서 조작을 하시면 위험한것 같은데요,1
680,지금까지 이양반이 시승하면서 나쁘다고 말한 차는 없었다   믿거나 말거나,3
681,천만원씩 할인해주는 찬데 기본값 내리는게 의미가 있나 ㅋㅋㅋ 할인 그만큼 덜 해주겠지,7
682,아 골동품같은 기어봉....하다못해 골프거라도 넣어주지..,1
683,R라인은 언제 나올런지요ㅎ,2
684,가솔린 모델 좀 출시해주지 ㅠㅠㅠㅠㅠㅠㅠ,9
685,요즘 폭스바겐이 시대에 역행하는 행보네요. 디젤엔진 차량은 이젠 시대의 유물로 되어가는 마당에 떨이 판매처(호구)를 우리나라로 잡은 게 아닌가 싶네요. 서울시내 디젤엔진 차량 진입 완전금지 정책이 검토되고 있는데......,2
686,한국은 유럽디젤차 하치장이 아닙니다.디젤내연차는 시대흐름의 역행입니다.,4
687,기존 아테온이 개인적으로 더 이뻐보이네욥,8
688,아테온 요수수 들어가나요?,2
689,골프도 올려주세요~~~,2
690,기존 240마력 아니었음?,1
691,구형이 더이쁨 가운데 아날로그시계왜뺌 원가절감 오지게하고 가격내리고 할인은 1퍼? 아무도안삼 중고아테온 3천중후반이면사는데 왜 5천넘게돈주고 이차를사는건지.. ㅋ,2
692,현기아는 바뀐게없으면서 가격 계속올리는데,1
693,사지마 년말되면 20프로 세일할거야.작년에도 20프로 훨씬넘게 세일해서 4천 초반에 팔았다,2
694,디젤 이젠 그만  가솔린 내놓아라  요즘 누가 디젤 차를 사니  특히  세단을,5
695,처음부터 끝까지 DCC 얘기만 하시네,2
696,왠지 디젤부품이 남아서 떨이하는 느낌으로 국내에 파는 느낌? 개인생각입니다~^^,7
697,가솔린은 왜 안들어 오는거지??,1
698,할인 없어져서 가격 존나 올린거나 다름없는데 매리트 전혀 없는듯,1
699,아우디동생답네,1
700,통풍시트유무,1
701,아테온 R나왔으면 샀을텐데 쩝,1
702,페리 디자인이 이전보다 별로인것 같은데....에어덕트부분이 쏘나타dn 같은 느낌이....뭔가 직선 느낌의 언밸런스한듯....그리고 실내도 이번 골프처럼 변경 해 줬으면 좋았을텐데....구관이 명관~ 새차같은 중고 아테온을 구입하는게 더 매력 있을듯,1
703,가솔린…,3
704,디젤이라..진짠가 다시 돌려봤네,1
705,내부 디자인이 골프보다 못하네...티구안이랑 같네...,2
706,컴바이너hud실화냐 쪽팔려서못타겠다ㄷㄷ,1
707,디젤 경유 딸딸딸이  안사요..,1
708,디젤은 이제끝,1
709,가솔린은 정말 안되는 건가요,4
710,하이브리드는 안들어오나...,5
711,죄다 디젤,4
712,잡소리는 그대로 나오나요?,1
713,"아테온 엔트리급이 5500이면 살 이유가 없는거 같은데. 거기에 디젤 ㅋㅋㅋ....가솔린 엔진에 4륜 모델이 가격이 4500정도면 괜찮은듯. 디자인 빼고 살 이유가 없는 차. 독3사 럭셔리급 차량도 아니고 뭐 외제차끼리에서도 가성비로 보고 캠리하브 어코드하브를 능가하는 연비도 아니고, K8하브 그랜져 하브랑 비교해서 나은것도 없고. 아니 솔까 암만 쉴드 쳐줄려고해도 뭐 좀 제대로 된 게 있어야 사지.폭바 브랜드 밸류는 그냥 없는 수준이고 누가 폭바 탄다고 오~ 이런것도 없고, 가격은 디젤 전륜 모델 주제에 520i 할인 가격하고 비비는 수준이고 15단? ㅎ. 그냥 사는 사람이 흑우지.",4
714,지금 시대에 누가 디젤을 사 ㅋㅋㅋㅋ 백번 양보해도 가솔린이지,9
715,디젤에 기어노브. 답이 없다.,2
716,끝내 가솔린은... 아쉽습니다,11
717,실내가 너무좁고 천장이 너무 낮아...ㅠㅠ 키가작거나 앉은키가 작은 사람에게 추천합니다.,1
718,차알못 들은 또 재고떨이라 떠들듯...뭐 좀 알고 떠들어야 하는데...ㅋ,3
719,아테온 진짜 왜 디딸만 파는지 이해가 안되네.. 재고처리인가,3
720,디젤.....?,3
721,재고처리 아쉽네요  골프역시 나온지 4년된 재고,7
722,너무 비싸게 나왓음 게다가 디젤 ㅡㅡ별 메리트 없는듯,6
723,아니 할인말고 걍 가솔린모델을 가져오면 될 일같은데.. 뭐 가솔린 인증에 문제있는건지 디젤 재고떨이를하는건지 이유를모르겠네 얘넨.. 아니면 그 디튠된거말고 240마력짜리 고성능 디젤이라도 팔든가... 최근에 제타 포함 티구안하고 kncap 충돌테스트 통과도 못했던데.. 기본에나 충실하길. 그리고 가격떨어진것도 솔직히 2022년 현시점에서 아테온이 그만큼 경쟁력이없으니까 그에맞는 위치로 떨어진것뿐이지 대단할건 없다고 생각함.,5
724,잘 모르시나봐요.ㅋ,1
725,K8 1.6  풀옵보다 비싸네 ㅡㅡ,2
726,아이고 2.0TDI 안 쓰이는 곳이 없구나우리나라에 출시하는 차량 전체에 적용하네재고처리를 이렇게 하는구나,3
