,comments,likes
0,"오랜시간 동거동락하던 BMW E90 335i에서 실용성을 위해 17년도에 푸조 3008로 넘어왔는데, 핸들링 진짜 물건입니다.푸조는 알아주지만, 환불 모터스 때문에 편견갖고 무시했었는데 실용영역 구간에서 너무 좋아서 만족하고 있습니다.펀 드라이빙이 가능하겠금 셋업되어있고 차량의 아이덴티티가 잘 잡혀있어서 매력적입니다. 스티어링휠이 작고 차량선회력이 좋은데다 핸들링이 좋다보니 도심에서 내가 원하는 만큼 잘 움직여줘서 좋습니다. 시트포지션도 좋고요.대신 단점으로는 출력이 낮죠. 하지만 디젤이라 초반 답력은 준수하고 연비가 말도 못하게 좋습니다.푸조는 디젤 한우물 오지게파고, 세계최초 디젤터보 만든 회사니 기술력은 인정요즘 다시 세단으로 넘어가려고 스물스물 뽐뿌를 받고 있는 상태라 BMW 7세대 3시리즈 관심 갖고 있는데, 이 영상보고나니푸조 플래그쉽 모델인 508도 시승해봐야겠네요. 주변 지인 차덕후들에게 508은 평이 좋습니다. 우선 이번 3시리즈는 너무비싸게 팔고 있어서.. 508과 가격차이가 엄청나더군요.",6
1,"푸조 308 5년 소유했었다. 단단한 하체, 미친 연비, 고속 안정성 이 세 가지는 확실히 만족스러운 부분이었다. 다만 없어도 너무 없는 옵션과 비싼 부품비, 중고가 방어력 등은 큰 단점이었다. 결론적으론 푸조 재구매 의사 있긴 하다. 근데 새차 말고 신차같은 중고를 선택할 거 같다. 3008이나 5008은 가격대비 괜찮은 구성을 갖추고 있다. 디자인은 뭐 일취월장했고~",12
2,서킷전문레이서와 일반인이 느끼는 리뷰 조합 굉장히 좋아요 잘보겠습니다,12
3,한불도 문제지만 3008 2세대가 나오기 전까진 푸조도 이해하기 힘든 실내 설계와 울컥거리는 변속기 문제가 있긴 했죠.,10
4,성로님 요즘 리뷰실력이...프로수준 ㄷㄷ잘보고 있습니다 화이팅이요~,2
5,푸조랑 시트로엥이 오래도록 레이싱 출전하면서 쌓아온것이 가성비와 운동성(무게 나가는부품이 모두 바닥에 깔려있음)에서 최고의 강점을 갖고 있는거 같아요. as 정책을 보면 너무 수리할곳이 없어서 한번사면 다시는 살생각이 안들게 하는 한불이죠. 피카소가 한대 있는데 빨리 처분하려고 하고 있어요.,2
6,푸조가 옛날부터 차 제대로 만드는 브랜드였던건 확실한게 철판부터 가전제품에나 들어가는 최고등급 초고장력 강판 사용했다네요 우리나라에서는 고자출력과 한불 때문에 너무나도 평가절하 당하는 브랜드죠...ㅜㅜ 실제 타보면 특유의 코너링 필링이 정말 신뢰 가득합니다,4
7,"푸조나 르노같은 프랑스 차들이 작고 재미있는, 그러면서 모든 사람들에게 운전의 재미를 줄수 있는 몇안되는 회사였습니다. 근데 그전의 308SW라던지 1세대 3008이라던지 디자인에서 일단 패스하고 구매들을 하는 분위기라 우리나라와 너무나도 먼 정서를 가지고있었고, 뭔가 연비를 제외하고 매력을 가지고 있는부분을 찾지 못해서 더더욱 외면하지 않았나 싶습니다. 10년 전이었던가요? 206RC를 2년이나마 가지고 있었는데 이런 미친차가 있나? 1단에서 2단 2단에서 3단으로 변속하는 맛이 그냥 웃음이 나올정도로 재미있게 타고, 배기튜닝을 하지 않았음에도 뒤에서 올라오는 보오옹 배기소리가 운전의 즐거움을 더 극대화 시키지 않았나 싶습니다",8
8,사회초년생이라 508은 접근이 좀 어려운데 나중에 신형208 정도라도 국내에서 꼭 볼 수 있었으면 좋겠네요.. 208 시승기도 출시가 된다면 꼭 기대해보겠습니다,1
9,요번에 푸조 3008 장만했는데두 영상 모두 잘 봤습니다.하루빨리 프랑스 차량 AS가 개선되고 인식도 나아졌으면 좋겠네요!,12
10,때론 조금은 소란 스러운듯 하지만....욕없이 하는 리뷰가 이리 재미 있는듯...우리 주변에 차좀 알고 좋아하는 형이나 삼촌이 계속해서 쉼없이   빙글 빙글  돌아가는 레이싱 하는 차소리 처럼   ..아주 좋아요 두번 덧글 남깁니다,80
11,리뷰 실력이 굉장히 느셨네요 부드러운 진행 보기에 편하고요. 겸손한 모습도 좋아보이고. . .,1
12,명성과 실제 차 완성도에 비해 국내에서나 곳곳 해외에서도 듣보잡 취급당하는 이상한 브랜드죠 이래서 마케팅이 중요하기도합니다 진짜 차 좋습니다 현재 3008이전 카렌스 비슷한 차로 나오던 시절 정말 재밌고 즐겁게 탔어요 제차는 아니였지만요 as개선도 좀되고 일단 몰아보면 압니다 전 개인적으로 조립 완성도 라던지 그런건 독일이 병적으로 깔끔하긴하지만 차량 완성도는 전혀 뒤쳐지지않는다고 봐요 워낙 똥고집 브랜드에 프랑스라는 나라 자체가 문화도 그렇고 독특하긴하지만 정말 끝내주는 찹니다,4
13,솔직히 요즘보면 우리햄토리의 리뷰어로써의  재발견이 아닌가싶습니다. 노사장 나간 이후 아직  국내최고 자동차채널이 맞을까라는 의구심을 가졌던 솔직한 마음이었는데 성로형 본격적으로 리뷰시작하면서 부터  다시 국내최고임에 의심의 여지가 없는 자동차채널이 된듯합니다. 언제나 응원합니다,4
14,"프랑스 차량 좋아하는데... 차가 아무리 좋아도 인식이 예전부터 푸조는 현기차 보다 못하다는 인식이 있어 타 수입 브랜드보다는 확실히 제대로 평가 받지 못하죠.. 이 부분은 리뷰에 나온 이야기처럼 한불의 역할이 엄청 크다고 봅니다.그리고 아직 부품값은 독일 3사 보다는 비싼게 맞고, 우선 수급이 힘들어 뭐 간단한 수리라도 부품이 없으면 1달 이상은 기본입니다. 이말은 정식 센터 아닌 다른 일반 수입차량 센터가면 더 힘들다는 이야기도 되겠죠...하지만 잘 멈추고 원하는 만큼 잘 돌아 주고 적당히 달려주는 기본기는 정말 확실하죠. 이게 뭐 다른 차들은 잘 멈추고 잘 돌고 잘 안 달리냐라고 이야기 할 수 있겠지만, 한번 푸조나 시트로엥 타보면 무슨 느낌인지 아는데 대부분 시승조차 안해 보고 아니다라고 하는 사람들이 많아 아쉬운 부분 중 하나죠...아마 한불이 이미지가 바뀌지 않는 이상 차가 아무리 좋아도 많은 일반인의 평가는 지금과 같을 것입니다 . 그렇기 때문에 이들의 인식을 바꿔 줄 수 있는 솔직하고 정확한 리뷰가 필요하고 이로 인해 생각이 바뀐다면 한불이 못하는 것을 모트라인 또는 같이 경쟁하는 다른 여러 리뷰어들이 바꿀 수 있을거라 생각듭니다.  모트라인 보면서 처음으로 길게 댓글 달아보네요. 늘 화이팅 하세요~ ^^",6
15,24분이 순식간에 지나가네요. 실제 오너인데 오토뷰와 더블어 가장 오해없고 진실에 가까운 리뷰 감사합니다. 쪼금  칭찬컨셉이긴 하나 ㅋㅋㅋ,5
16,C클 bm3 전부시승해보고 508구매해서 만족하며 타고 있습니다. 508시승할때 과방넘을때 놀랐고 코너링에 한번더 놀랐습니다.반자율주행 만족하며 사용하고 있습니다.도로에 넘쳐나는 독일3사차량과 분명히 다릅니다.꼭한번 시승해보시길^!^저도 508구매하기전엔 c클 생각하고 있었는데.508시승하는고 바로 계약했습니다.저는 공도에서도 쏘고다니는 편인데.출력 부족하지 않습니다.연비 최고수준입니다.정숙성 만족합니다.스트어링휠 코너링 손맛 안정감 동급대비 최고라 생각합니다.가성비 넘 만족합니다,30
17,차가 멋지네요.. 전륜구동차는 항상 공간적으로 잇점이 있었는데 전고를 낮히면서 공간을 오히려 줄이고 스포티함을 강조하네요.. 트랜드라는게 있죠.. 한동안 전고를 높이고 공간을 늘리는데 신경썼는데 요즘은 전고를 1475에서 1450 이하로 낮추네요.. 그나마 전륜구동이라 탈만한데 너무 과하게 낮힌차는 g70이죠ㅠㅠ 후륜에 전고가 1400이면 좀 심하죠..,1
18,막 노사장처럼 재미있지는않아도 실용적인 부분만 콕콕 집어주는 성로형 쭉 치고나가시길바랍니다!,1
19,좀 철지난 옛날 이야기로 돌아 갔을때 푸조는 굉장한 브랜드였습니다. 무려 파리다카르렐리를 씹어 먹던 회사였죠. (각푸조시절)-허영만 만화에도 나왔죠. 그런데 그런데 90년대 후반부터 뭔가 급반전 되었습니다. 갑자기 완전히 싼마히 브랜드로 스스로를 포장하기 시작하고 시장에 저가로 덤핑을 쳐서 마켓쉐어를 늘려갔습니다. (둥글둥글푸조시절)진짜 싼마이 브랜드가 되어서 돈을 많이 많이 벌었습니다. 그랬던 브랜드가 20년이 지난 이제서야 뭔가 정신차리고 돌아 온듯 하내요.,7
20,다른 건 잘 모르겠지만 실내외 디자인은 저 가격대비 정말 최고인것 같아요,6
21,윤대표님 진짜 요즘 리뷰 너무 잘하시네요사랑해 성로형~,2
22,"푸조 딜러사에서 일했던 사원인데요.한불 답도없는 회사에요. 안그래도 안팔리는 푸조를 딜러사와 영업사원 탓만 합니다.. 딜러사는 행사 매번잡고 영업사원은 돈도못받으며 주말에도 출근하면서 행사진행하고 매번 그랬지요.저희는 저희 나름대로 최선을 다했습니다.그런데 그것도 한계가 있더라구요.그 한계를 매꿔줘야할 한불인데전혀 그러질 못했죠..푸조는 단순히 가격이 싼 수입차가 아니고핸들링과 차의 벨런스가 우수한 차입니다.물론 디젤 소음도 있고, 승차감도단단하긴 합니다.하지만 고속주행성도 굉장히 안정적이구요.디젤임에도 환경규제에 걸리지 않는,생각보다 기술력이 좋은 브랜드입니다.그런데 그런 것도 전혀 모르는건지아님 알고 안하는건진 모르겠지만,그저 마케팅은 가격얘기와 할인얘기만하더군요....제가 회사생활하면서 한불 임원에 대한 이미지는 그저 딜러사에 접대받으며 왕대접받는걸 좋아하시던 그런 이미지밖에 없네요.",141
23,푸조에 대한 인식이 왜 그런지 이제야 좀 이해가 되네요^^ 유익한 정도 정말 감사합니다~~모트라인 화이팅!!!!,12
24,3시리즈 보다 코너가 안정적이다는 말은 놀랍네요!,3
25,"지금 윤대표(공도,옵션) + 까만형(서킷) 리뷰조합은 신의한수가 되지않을가 합니다....  까만형, 윤대표 각자 분량을 좀더 뽑아도 될것같구요..",7
26,이야 윤대표님 이제 리뷰도 수준급이십니다.~,6
27,대표님 리뷰 수준이 점점 좋아지고 있네요~!,2
28,리뷰하시는게 점점 좋네요ㅎㅎ 늘화이팅 하세요!,1
29,"리뷰좋습니다. 신뢰감 가는 리뷰, 활기찬 분위기. 저는 기분전환할 때 모트라인 리뷰봅니다. 하체, 메카닉, 서킷 리뷰 포함 전부 좋아요",2
30,푸조차량에 대해 다시 생각 해 보는 영상이네요...윤대표님 말씀도 잘하시고 리뷰 잘 봤습니다.,3
31,다른 508 리뷰에 따르면 DPF기술이 굉장히 좋다고 하더군요. 그렇기 때문에 환경규제를 쉽게 통과하지 않나 생각합니다.,13
32,이차 출근할때보면 겁나 쏘는차 많던데~ 가속감이 좋아보였음~,1
33,얼마전 다시 지난번 하셨던 g4렉스턴 리뷰를 다시  보았습니다...애픽 모터스 이실장님의  시운전을 해보겠습니다등 어설프게 하고 ..나도 당시 그리 좋은 말을 하지 않았던것같은데요......그 당시 윤성로님과  지금의 윤성로님은 다릅니다.....좋은말로 몇갑절 업그레이드 되었고 기운도 넘치 십니다...감성적인 또침 감독님과  번창하는 모트 라인이 되기를 진심으로 바랍니다...,28
34,어정짱한 현지화네비 넣느니 단가줄이고 안드오토 카플레이 되는게 훨씬 좋은듯 푸조의 단점은 한불인듯 ㅜ 어서 개선되기를,24
35,오늘 채널 처음으로 봤습니다. 근데 콕콕 정확하게 찝어서 말씀을 잘하시네요. 푸조와 508에 대해서 잘 알았습니다. 감사합니다!,5
36,캬 윤대표님 리뷰 진짜 좋아지셨네요. 귀에 쏙쏙박힘,1
37,이 리뷰보고 차 샀는데 만족함. E300도 있는데 와이프가 푸조가 더 편하다고 함.,5
38,한불도 한불이지만 디자인때문에 호불호가 갈렸을 거 같아요,1
39,푸조 508 2012년 모델도 놀라운 하체구조 그대로 똑 같아요! 즉 신형이 구형 하체는 그대로 이어 받은거죠.,1
40,"객관적이고 좋은 리뷰 잘봤습니다.프랑스차들...생각보다 좋은 차들인데 우리나라에선 너무 평가절하 된듯. 심지어는 푸조차 사느니 소나타 가 훨 낫다는 이상한 이야기를 하는 사람들까지 있으니...ㅎㅎ 씨트로엥,푸조차에 한가지 바란다면 가솔린 모델도 나와주었으면 좋겠습니다.",15
41,모트라인은 사랑입니다.. 사기꾼 보란듯이 잘됐으면 좋겠습니다..,111
42,"이전세대 508도 펠린, gt급은 멀티링크였고 그 이하급은 토션빔으로 알고 있습니다.",4
43,이 메이커는 사설도 문제임.공식하고 가격 차이가 없음.예로 브레이크 디스크 패드 앞뒤 모두 교체하려고양쪽 알아보니 가격 차이가 없고 거의 비슷했어요.미션이 소모품이라 미션 부속품 갈려고 했는데 센터보다 사설이 더 비싼 곳도 있구요.무튼 전 정리했어요.실용성 코너링 연비등 장점이 있었지만생각했던 가성비 메이커로서 생각하고 탄거에 비하면 실망감이 커서 정리했어요.카라이프에 가장 짧게 탄 자동차.,1
44,4천만원대 상품성 제품 구성 따지면 폭스바겐 아테온도 나쁘지 않은것 같아요..둘다 할인 받았다고 할 때.,10
45,판매사의 마케팅과 능력의 중요함을 알려주는 대표적인 예,3
46,508 오너입니다 리뷰 공감이 많이 되네요ㅎㅎ 대체 이런 명차가 .... 성능 대비해서 평판이 너무 안좋네요 ㅎㅎ고속 주행 너무 재밌고 연비 미쳤습니다,1
47,코너링이 비엠보다 더좋으면서도 독특한? 그런 주행 질감이라는데 신기하네..,1
48,상스러운 말 없이 재미있게 리뷰 재미있습니다.,1
49,푸조508 리뷰중에 가장 와닿네요~~~^^ 굿입니다.,3
50,실내 디자인은 슈퍼카정도로 세련되어있는것같아요~~ 근데 지금도 수리비가 비싸겠죠?,6
51,코리아가 아닌 딜러사라.. 쉽지 않아 보이네요,3
52,푸조는 프랑스의 대중 브랜드입니다.즉 프랑스의 대중성이 반영된 차량이라서 프랑스 대중성은 윤대표님이 말하는 실용성과 오롯이 효율 요소가 강합니다. 국민성 자체가 그래서 상대적인 우리나의 옵션질 (편의성) 과 상반되는 구조입니다. 편의자체가 하나의 값어치 보단 낭비로 본다는 겁니다. (규제 문제도 있구요)심지어 5시리즈 E클에서 통풍시트 없는 트림이 아직도 있지요.  브랜드 아이덴 티티가 한국에선 전혀 먹힐수 있는 구조가 아니죠...우리나에선 수입차 하면 그래도 중산층을 타겟팅 한다면 프랑스에서 생각하는 중산층과 우리나라에서 생각하는 중산층의 개념이 아예 달라요 그러니 푸조의 차량은 국내에선 안좋은차 혹은 비교급에선 밀리는 차인게 맞습니다.다만 프랑스 갬성이 개인적으로 맞아 떨어진다면 그만한 차가 또 없어요.Psa그룹 자체가 각성해서 좀더 한국형 모델을 만들었으면 합니다.,5
53,푸조가 다시 206rc 영광을 이을 핫해치 판매를 시작해줬으면,9
54,푸조 성능은 원래부터 좋았죠.근데 이번 모델 직전까지 디자인이 해도 너무하게 못생겼었어요.최근 모델들은 정말 이쁘게 잘 나온것 같습니다.하지만 네임벨류에 비해 가격을 너무 높게 책정한듯.,3
55,푸조는 고성능 차량의 뛰어난 주행 질감을 바탕으로 안전하고 실용적인 프리미엄급 대중차를 만들어내는 브랜드입니다. 마케팅 메세지가 뚜렷하지 않고 타겟층을 확실하게 하지 않은 탓으로 제자리를 못찾고 있는겁니다. BMW 나 폭스바겐과 비교해서는 안되는 포지션으로 가야합니다. 패밀리감성과 여성들이 선호하는 안정적인 포지션의 브랜드로 거듭나야 함,3
56,이젠 놋다방같은 허접이 하던 1인 미디어 회사가 아닌 정말 제대로 된 전문 기자님의 1인 미디어 회사의 리뷰를 보는 것 같습니다.사기꾼이 뒷통수 쎄게 후려맞을 만큼 승승장구하셨으면 좋겠습니다.,17
57,윤대표님 항상 잘 보고 있습니다. ^^,4
58,폭바 아테온도  리뷰 부탁드리며~~!경쟁차종이  508과 아테온 인듯요~~근데 508이 뒷좌석은 좁아요 ㅠㅠ훼밀리카로는 ㅠ한불모터스의 정책 사이다  이십니다.! ㅎ,1
59,싸랑해요 모트라인~~푸조 유저입니다. 차 기본기 정말 괜찮아요~~,14
60,재미있게 잘 봤습니다~!,1
61,오늘 햄톨형 텐션무엇ㅋㅋㅋㅋㅋ 에지간히 답답하신듯 ㅋㅋㅋㅋㅋ영상잘보고감미다~~~모트라인 가즈아~~👍👍👍,3
62,윤성로 리뷰는 무스테스트 같은거 보여주고 팩트체크 방식으로 가는거... 이런거 좋은거임. 노사장 같이 쌔게 말하려 하지말고 그냥 윤성로 스타일로 조용조용 가도 괜찮아요~,3
63,마케팅을 안하는게 마케팅전략인 듯.그 당시 동부모터스. 한성자동차 틈에 끼어서 지금까지 살아 남은 것만 봐도.전략이 다른듯. ㅋㅋㅋ푸조가 국민차 같은 이미지가 강해서 딱히 특별한게 없다라는 인식이 있지만완성차에 특성이 아니라. 차 종마다의 특성이 강함. 전 206rc 207rc를 7년간 몰아 봤지만 정말 재미있던 차였음.진짜... 207rc는 캬 ㅋㅋㅋ 말이 필요없죠 ㅋㅋ,2
64,푸조에대해 다시한번 생각해 보는 기회가 되었습니다~,5
65,형 갈수록 멋있어지는것같애요,4
66,우와... 무스테스트 80키로에서 저렇게 통과하는건 911스포츠모드에서 80까지 통과하고 81에선 콘 하나씩 치는데,5
67,"3008, 5008 도 그렇고 508 에도 전후방 카메라만 설치해놓고는 (사이드에는 카메라가 없더군요) 어라운드 뷰가 된다고 하길래 도대체 어떻게 되는건가 궁금했는데... 앞뒤만 나오고 양옆은 다 잘라낸건가요? 사이드는 다 잘라내고 설마 그걸 어라운드 뷰라고 하는건 아니겠죠? 근데 진짜 카메라 화질은 심각하네요... 리뷰 정말 잘 봤습니다!",2
68,흔히들 푸조 하면 유명한 아가리디자인이 생각나는데진짜 디자인 혁신적이다 ㅋㅋㅋㅋ,1
69,와 리뷰 왜케 잘하지?,4
70,"시트로엥이랑 푸조 좋아하는 사람 꽤 있어요.ㅎㅎDS 라인도 좋고.가성비 때문에 탐.안전하고 재밌는 차.시트로엥 하나, 푸조 하나  있음.돈 있으면 포르쉐 타고 싶은데, 현실 운행에선 그냥 시트로엥 DS.",4
71,오늘부터 코너링 대장은 푸조!!,46
72,이차가 정녕 푸조라니 ㅎ,33
73,수도권은 서비스 괜찮다니 대구에서는 좀더 지켜봐야것습니다.,1
74,리뷰 좋네요. 재미있고. 근데 왜 하체 리뷰는 요세 안올라오네요. 궁금해요.,1
75,윤성로씨 리뷰 좋아용 ㅎㅎㅎ,2
76,한불모터스가 가진 문제도 있겠지만결국은 소비자가 브랜드만 쫓기 때문이다8년전 차를 바꾸면서 한달가까이 검색하고 난 뒤 508sw로 바꿨다매우 만족하며 지금껏 28만km 타고 있다세상은 아는만큼 보인다고 푸조를 모르는 소비자에게 푸조는 보이지 않는다,4
77,잘한다  윤대표  ~~화이팅  모트라인,2
78,푸죠= 디젤.  508 개솔린  정말 많이 기다리는데  언제쯤 이나 도입이 될런지.,5
79,핸드폰무선충전 위치는 프랑스감성입니다ㅎㅎ프랑스에선 운전중 핸드폰사용이 법으로 금지되어있거든요. 그래서 무선충전사이트가 눈에보이지않는 아래 위치할 수 있었던거같아요,4
80,한불 내부에서 이 방송 좀 제대로 봤으면 하네요. 푸조라는 브랜드가 아깝네요. 잘 봤습니다.,65
81,308 해치백 빨간색 진짜 디자인 좋았는데... ㅠㅠ,2
82,대표님도 리뷰많이늘으셨음ㅎㅎㅎ,2
83,"Bmw는 대체적으로 다이내믹한 재미있는 코너링을 선보이는 메이커이지, 안정적인 코너링을 위한 세팅을 하지는 않습니다.  코너링의 안정성만 놓고 보자면 푸조가 더 좋을순있지만 더 재미있는 차인지는 또 다른 문제이죠",6
84,푸조 시트로앵 차 잘만들어 주가 상한가현대차 10년 째 제자리걸음이다,1
85,영상초반에 네비 예기가나와서 그런데 여러분들은 어떤 네비 어플 쓰고 계신가요.? 모트라인에서도 한번 네비 어플 비교 실험도 해봤으면 좋겠네요.,2
86,"계기판은 이미 혼다시빅8세대가 해냈던 디자인이죠,,,ㄷ",1
87,5008 GT도 리뷰 해주세요!!,3
88,스테이션 왜건 버전이 기대 되네요.,1
89,리뷰가라이트하게보기좋네 일반인이 필요한정도만 있고,1
90,아무리 마케팅 잘해도 상품 패키징이 좋아도 우리나라 사람들은 뱃지를 중요하게 보기 때문에 쉽지 않을거 같습니다.,1
91,오토 홀드만 넣줬어도 생각 할 필요성이 있었을텐데 ㅠ ㅠ그건 왜 또 뺐는지. . . .,6
92,명차를 수입업자가 말아먹은 대표적 사례. 하지만 국내 인지도 망해서 대폭 할인해서 저렴하게 살 수 있는게 차를 아는 사람들에게는 꿀템이죠.3시리즈랑 비교하는 건 모욕 입니다. 급이 다른 차에요.,9
93,신형 508 . 타봤는데 정말 코너링 뿐인 차 .,3
94,잘봤습니다.  화이팅!,1
95,"윤대표, 푸조 사면 인정",1
96,3시리즈보다는 아테온과 비교하는게 좋을거같네요,8
97,이제 리뷰 잘하네요ㅋㅋㅋ,2
98,푸조 시트로앵은 그냥 폭스바겐정도고 비엠급에 비빌라면 DS가 맞는겁니다,1
99,대표님 네비패날 불만은 없었나요~?해외는 와이드패널인데 우리나라들어오면서.. 블랙배젤이 엄청나더군요,4
100,재미있어요~^^♡,1
101,혹시 508 1.5타보셨나요?? 쩜오는 어떤가요??,2
102,"아테온 구매하려다 말았던 입장에서 보는 아테온 vs 508 비교 / *익스페리어 : 아테온 근소 우위, 다만 뒷태는 508이 유니크하게 더 이쁨.  *인테리어 : 508이 개압살. 아테온 인테리어는 관계자들 대가리 박아야할 수준.  *공간성 : 아테온이 압살. 특히 뒷자석 폴딩해서 트렁크까지 합체하면 차박캠핑도 가능하고 심지어 소형 김치냉장고도 실림.  *주행능력 : 아테온 우위.  *코너링 : 508 우위.  *실내소음 : 디젤 소음이나 진동에서 아테온 우위. 다만 조립품질 개판이라 잡소리 겁나 많음.  *옵션 : 아테온 근소 우위.  *A/S : 아테온 우위. / 대충 요 정도임. 운전자의 지향점이 외형 간지 + 패밀리카면 아테온이고, 인테리어 + 운전재미면 508이 맞을 듯. 사실 A/S 대응만 보면 폭바 아우디도 개판인건 사실인데 그래도 푸조보다 양에서 앞서는게 상당히 크고 애프터 시장도 폭바가 더 큼. 암튼 각자 성향에 맞게 구매하는게 현명하고, 그 밖에 저 2개의 차와 비교할만한 선택지로는 bmw 3gt, 기아 스팅어, 링컨 mkz 하브, 토요타 아발론 등이 있으니 잘 골라서 선택하는게 좋을 듯.",4
103,윤성로 대표님 ㅋㅋ 팬입니다^^,1
104,오~ 올라왔구나~ 선댓글 후감상!! 감사합니다 모트라인 패밀리 ♡,10
105,"일본만 하더라도 푸조 매니아들이 많다고 하는데, 한국은 한불이 마케팅을 쭝국차 개념으로 하는 것 같음.",2
106,23:16 4000만원초반대라면...G70이 문득 떠오르네요ㅎㅎ,3
107,푸조 308 1.6 Gt 라인이 i30 N 라인보다 무스테스트 속도가 높다.그게 뭘 의미하는 지 현빠들은 모르겠지. . .,3
108,음... 제차가 푸조3008인데 카메라 화질은 저정도아닙니다... 제가 벤츠 A AMGline 타다 3008 넘어갔는데 화질은 둘다 비슷했습니다. 그리고 추가설명이있음좋겠네요.. 다른 어라운드랑 다르게 푸조는 GT 옵션빼고는 뒷 후방카메라 하나로 움직인장소를 저장해 어라운드를 보여주기때문에 천천히후진하시면 선명한 화질로 보실수있을겁니다.,2
109,차는 참 좋은듯!?,3
110,코너링이 좋을 수 밖에 없는게 프랑스 국도는 유명산 같은 곳도 제한속도가 80(작년 초까지는 90)입니다. 프랑스가 평지의 나라기는 하지만 또 알프스를 끼고있어서 산지는 산지대로 험하죠. 김... 아니 마리 여사님이 카시트에 애 태우고 70으로 카운터 쳐가며 코너감는게 동프랑스 산악지역입니다. 마력은 낮아도 용서되지만 코너 못돌면 알프스 낭떠러지에 꼬라박이죠,18
111,아...  시승을 했는데 치고나가는 힘이 아반떼라.. 많이 실망스러웠는데 코너링은 제대로 못해봤음다,1
112,508  스포츠백세단 구매하고 싶은데 나중에 감가가 어마어마 하겠지요? 망설여지는데 이럴거면 그 가격대 다른차가 나을까요?,2
113,영차~영차 조회수 4만까지 얼마안남았다리..,1
114,디자인이 K5랑 비슷한 느낌,4
115,독일차가 이래저래 더 나은거 같네요지인분이 508 오너라푸조 역사에대해 귀가 아프도록 들었습니다,3
116,"푸조 정말 가족 적인 차, 주행성능 좋은 차이지만 잔고장이 너무너무 많습니다.말도안되는 고장 끝이 없는 차입니다.",1
117,악마 같은 환불 모터스 ㅋㅋ,41
118,윤성로 대표님. 노사장과의 법정 소송에서 승리하시길 바랍니다. 정말 인간이 아니더라구요 노사장.,285
119,성로형 i30 nLine 이랑 k3 gt 5도어 비교 해주세요~~~~~~~~~,1
120,르망24시 내구레이스의 주인공ㅎ,1
121,정말정말 맞는 말씀하셨습니다. 한불은 정말 제대로 일하면 좋겠습니다.,1
122,차만 좋으면 뭐해  사후 처리가 안 좋은데  사고는 언제든 날수있고 기계다보니 고장은 언제든 날수있습니다.,4
123,4천만원대 가성비는 스팅어Km77 스팅어3.3 82km 통과508 82km 라바콘 1개침,2
124,100년이 아니라 200년 넘은 회사인데..,3
125,"2006년 이후에 WRC 포디엄에서 푸조를 본 기억이 없는데, WRC 에서 활약해서 차가 좋다는건 무슨 근거인가요?",1
126,주방장이 갑자기 관두고 가게차려서 어께넘어로 배운 요리를 하게된 중국집 사장님,1
127,저 야옹이 로고 너무 귀여워~,1
128,한불이 원인 맞는듯 차를 알고 팔기나 하는지 궁금,2
129,이제 노사장보다 리뷰 잘하는거 같은데요,47
130,이번에 집사람 생일 선물로 계약했는데....10년간 푸조만 계속 몇대 타서그런지...딱히 -_- 별 감흥 못느끼겠....ㅠㅠ,3
131,미션오일쿨러 망가졌는데 부품자체가 아예 없다고 재생산 들어간다면서 1달간 차 세워뒀습니다... 수리하고 팔아버렸죠,1
132,"주행보조장치는 현대가 아주 좋다고 들었는데 벤츠, 비머 아래군요?",2
133,환불모터스 유명하죠. 푸조 디젤 기술은 어떤가요? 이 차도 요소수인가요?,11
134,4:45 ~ 5:14 돌려까기 ㅋㅋㅋ,12
135,지금도 부품값이 비싼가요?,1
136,실내는 좋은데...외관이 그냥 k5같다,1
137,qm3도 수입차라고부품값 엄청 나요,1
138,"환불모터스가 이 영상을 보거든 508 PSE를 들여와라.가성비 디젤로 우려먹었으니 고출력을 들여와서 이미지 갱신 좀 해라.,",2
139,그래도 차는 잘생겼네 ㅎㅎ,12
140,어 저도 비슷한 경험 있는데요 십몇년 푸조를 가지고 있는 친구가 술마시고 꽐라가 되서 대리운전(?) 해본 경험이 있습니다. 그때 제차가 e90 330이어서 핸들링 참 거지같겠구나 생각하면서 운전했는데요 어라? 핸들링이 거의 60키로 쯤에서  급커브 해봤는데 언더스티어도 안나고 싹 말아들어가는겁니다. 그정도 속도면 330도 오버스티어 꽤 나는데 푸조는 오버스티어 언더스티어 다 안나고 진짜 말아 들어가더군요. 그때 기종이 은색 해치백이었는데 30x 같았습니다. 그래서 설마 푸조가 bmw 3 보다 핸들링이 좋은가? 에이 말도 안되지 하고 넘어갔는데. 이 리뷰보고 확실히 알았네요,6
141,3008 사려다 포기한게 as와 비싼 부품  ㅜㅜ,1
142,왜 508은 하체 리뷰가 없나요???,1
143,푸조 차는 정말 좋은데 한불모터스가 정말 답이 없다. 송승철 사장 ㄱㅅㄲ 진짜 .... 내가 나중에 푸조 정식수입사나 차려야겠다.,3
144,푸조가 IMF때 도망만안갔어도.....,1
145,오래두고 탈꺼면 모르겠는데 푸조 감가가 개 씹망임 308팔때 기겁했음 그리고 한불 마케팅은 못해도 알바질은 잘함ㅋㅋ네이버에 부정적인글 남겨져있음 조금 지나면 무더기로 삭제됨ㅋㅋ,1
146,직진성능이 좀떨어지겠죠?,4
147,제목 안봤으면 K5라고 착각할뻔,3
148,푸조 잘타고다녔었습니다근데 브레이크패드 25만원이였죠 ㅡ.ㅡ,5
149,푸조를 수입하는 한국 업체가 더 문제 인가???,2
150,까만형님은 어디가시고 이분이 리뷰하시지,1
151,"차를 타 보지도 않고, 팔려고 하니... 뭘 알아야 마케팅을 하죠.",3
152,푸조는 그렌져급은 안만드나요? 준중형급만 나오는것 같아 뭔가 아쉽습니다.,2
153,푸조보다 씨트로엥 인지도 어쩔...,1
154,내년에 푸조코리아 설립됩니다,2
155,한불이 병신이긴하죠... ㅜㅜ,57
156,0:05 햄토리형 왜 눈치봐 ㅋㅋㅋ 그럴수있어,1
157,한불정책을 까면서 카룸을 통해 구매하면 550 할인된다고 하다니..,1
158,싫어요는 143건이고 한불모터스의 사원은 약 80명이다,1
159,환불모터스 탓 맞습니다,21
160,송풍구 네비웨이잇는건 좀 오류이긴하다..,1
161,어라운드뷰 개웃기네ㅋㅋㅋㅋㅋㅋㄱ,1
162,다 좋은데 3시리즈와 비교될 차는 아닌 듯.. 트랙에서 비슷하게라도 달렸으면 몰라도...아니 뭐 그렇게 다 좋은데.. 굼뱅이네?(비유를 하자면),1
163,연비가?,2
164,ㅋㅋㅋㅋㅋㅋㅋ씸각해요!!,3
165,ㅋㅋㅋㅋ 어라운드뷰 대충 만든거같다.,8
166,스피드모드도있나여??,1
167,펙트임!!!ㅋㅋ,1
168,첨에 밤에 아는 분이 검은색 밤에 타고 오셨는데 ㅋㅋㅋ말리부에요? 했다가 욕 처먹었다눈...,3
169,as가 좋은것도 아니고... 외제차라 가솔린대비 디젤이여서 부품수급이 어렵다고 생각함유로 환율도 비싸고... 메리트가 없어,3
170,푸조 단점 한불모터스,1
171,한 사람 생각난다. ㅋㅋㅋㅋ,1
172,as 개판이라 솔직히 못 믿겠음,3
173,외람된 얘기지만 도입부 음악좀 알려주실분 …,1
174,수리비 폭탄이란 말을 들어서 ㅜ,1
175,다벌려!!!!!!,2
176,믿고 거르는 한불,23
177,앙 성로띠♡,2
178,"푸조, 시트로엥등 함부로사면 큰일남....",1
179,푸조랑 르노랑 동급아님?,1
180,선동은 한 문장으로 가능하지만 그것을 반박하려면 수십 장의 문서와 증거가 필요하다 - 괴벨스 -,27
181,성로형 사랑해! 잘볼께! ㄲ ㅑ~~~~~~~~~~~~~~~~~~~,3
182,푸조 이미지는 싸구려 외제차,3
183,독일에서 일주일동안 푸조 몰았은데 네비 밑에 피아노건반 닮은 버튼 직관적이지 못해서 운행중 사용하기 불편 차가 좋으면 뭐함 사용하기 불편한데,4
184,as는 어떤가여?,7
185,그래서 푸조는 후져죠,1
186,목소리 톤이 너무 높아여 차분히 하시면 더 좋을듯,7
187,뒷태가 진짜 이쁘네...,1
188,4천만원대에서 508을 선택하기엔 경쟁력이 없다는..,1
189,제발 쫌 그만,1
190,무선충전하다 핸드폰 놓고내리기 딱 좋은듯... 전화와도 잘 보이지도 않고,5
191,앞부분은 완전 메롱이에요..,1
192,말투와 목소리가 항상 화나있는사람같아요,1
193,푸조 타느니 K9타겠다.,1
194,한국뿐만이 아니에요 쓰레기 인식은 ...남미에서도 그래요,1
195,역시나 차 자체를 모르시넹 ㅠ영상보구 진짜 ㅠ 리뷰 안하셨으면 ㅠ ㅠ,1
196,성로씨는 리뷰 안하면 안될까요? 안보게되요 까만횽이 계속 리뷰하면 안되요? 별로예요 성로씨는 게스트로 나오는게 딱 맞는것 같아요,1
197,아니 푸조한테 돈을 얼마나 먹었길래 푸조 빨아주는 영상을 몇 개나 올리냐,1
198,믿고 거르는 푸ㅈ 현기에도 못비비는 차,1
199,"승차감 단단하지도 않고 물렁하지도 않고 적당함 코너링 핸들링,실내외 디자인 은 가히 최고임",11
200,508SW 타고 있습니다. 매우만족합니다. 단점은 정비성.. 근데 좀 배우면 괜찮습니다.,7
201,구입하고 싶은데 현재 차량재고가 없다고 하니 많이 아쉽네요 빨리 재고 수급되길 바랍니다 🙏~~~,9
202,리뷰 감사합니다^^,2
203,"소소한 단점이라면..소음, 진동..센터모니터 사이드 짤림..디젤이다..정비성이 좋지않다..내부 블랙하이그로시(하이그로시는 싸보이고 눈부시다)..가솔린 225마력 사양이면 살만하겠다..",3
204,푸조 508 리뷰가 너무 없어서 아쉬워 했는데 감사합니다^^  혹시 무선으로 안드로이드 오토 가능한가요?,5
205,모니터와 모니터 아래 발톱깥은 버튼 빼놓고는 진짜 이쁘다~~~,2
206,디스플레이는 여전하네요 개선된거있나싶어서 검색해서 봤더니,2
207,그랜저 vs 508 어떤거 선택하실건가요?,2
208,킥모션 트렁크는 가운데 아래 부분 차면 되나요?,3
209,비주류 차종이라 리뷰가 적은데 단비같은 리뷰 감사합니다,6
210,508 차주로써 일단 전면그릴 크롬보다 차라리  블랙크롬이었으면 하는 바램그리고 네비가 제일문제 이건 돈주고 교체하고 싶을정도 그외 일부옵션부재는 프랑스니까! 화질구린것도 프랑스니까!어째 눈물이?,4
211,508에 관심있는데  승차감은 어떤지요?,2
212,이차량도 스마트폰으로 원격시동가능한가요?,1
213,참 알차게 생겼습니다.카타임님과 비슷한 분위기~??^^영상 감사합니다.,3
214,"영상 촬영을  너무 성의없이  한것 같아요,,  흔들리고  명암도  안좋고요   하지만  자세한  설명은  좋았습니다,",3
215,가격이 얼마인가요,2
216,다이내믹 무빙턴시그널은아니네요..,1
217,갤럭시s21 안드로이드 오토 잘 되시나요? ㅠ 저는 인식이 안돼네요  아이폰은 잘 되는데,2
218,기안84 님인줄 알았네요,2
219,"현기차 느낌나네 대세는 현기인가, BMW E 시리즈 현기 느낌남 ㄷㄷㄷ",2
220,",,                                                                       NOT,   NOT,   NOT ...       Peuge-NOT. ,,,,,,,",2
221,"와 한 번 주유로 1,127km(21.2km/L) 주행하고도 기름이 남는다는게 믿기지가 않네요…",3
222,고속도로 주행이 주를 이룬다고 하더라도 연비가 상당히 괜찮군요.좋은 테스트 감사합니다.,2
223,혹시 질문이있는데 운행을하시면서 디젤소음은 어땠나요?? 동급 디젤보다시끄러웠나요??,1
224,영상 중간보니 남은주행거리가.정상화 되었네요..일시적인.차량트립오류였나요???,1
225,차량 기름게이지가 이상한건가요..??,1
226,연비 진짜 좋습니다.왕복 12키로 정도 되는 출퇴근 거리 7만원 주유 후 한달간 주행 했을때 한달 넘게 타고 있습니다 ^^ 연비 최고,1
227,잘 보고 갑니다.보기 쉬운 차가 아니라 더 좋네요 ㅎ,10
228,"저는 13년식 308sw mcp 운행중입니다. 개인적으로 95% 만족합니다. 시내주행 35 국도주행 65비율에 평균연비 23.3킬로 나오고요.. 만땅 넣으면 1250 ~ 1300 킬로는 너끈히 운행합니다. 안전 부분도....볼보만큼은 아니겠지만 필요한 안전관련 옵션은 있을거 다 있습니다. 그리고 구불구불한 국도 운행시에 브레이크 사용을 최대한 자제하고 핸들링으로 오솔오솔 운전하는 재미는.... 정말 좋습니다. 제동력 좋고요.5%의 불만사항이라면 국내수입시 후시공한 가죽시트와 내비의 완성도가 떨어지는 부분과 저rpm 운행시 내장재 부분부분에서 조금씩 잡소리가 발생되고요.... 뭐 디젤의 특성이라고 레드썬 합니다만... 일단 외제차라고 렉서스 수준의 정숙성을 기대하시면 안됩니다. 정비비용은 연식 고려해서 공식 센터에서 부품값과 공임을 할인(품목에 따라20~30%)받고 있어서 국산차 대비 과하다는 지적에는 동의하지 않습니다. 다만 차고지가 지방인 분들은 공식서비스를 받으시려면 따로 시간을 내야 한다는 불편이 있지만, 경북 울진 거주중인 저는 다른 만족스러운 부분들로 인해 소소한 불만들에 크게 구애받지 않고 폐차할 그날까지 소중히 타렵니다.떠도는 까는 글들에 현혹되지 마시고 직접 타보시면 푸조 좋은 차라는걸 다들 아실겁니다.",15
229,제주가서 렌트로 일주일 타봤는데 진짜 좋았습니다 ㅎㅎ 조금 아쉬운점은 뒷유리 시야가 좁다는점 정도?,5
230,구형 508 9년째 타고 있는데엔진은 진짜고장 안나고 연비는좋죠. 자체 hud는 제일 맘에듦,20
231,실내 디자인 최고다갓디자인.푸조,7
232,진짜 연비 좋죠 푸조. 디젤이라 그렇긴하지만.,18
233,실물 진짜 예쁜 차 508,5
234,연비 가성비 👍,14
235,코너링  진짜   넘 좋아요,2
236,저는 푸조의 가장 큰 매력은 희소성... 인듯!!남들 다 타는거 흔한거 타기 싫은분들에게 그렇게 크게 부담안되는 금액대에 이용 가능!,22
237,다필요없고 실내디자인 너무세련됐당,11
238,현재 21년 상반기 유럽에서 Best selling car 로 푸조 2008이 골프를 제치고 왕좌 등극!,5
239,"저도 오너에요리뷰에서 항상 나오는 말을 추가해보자면1. 한불모터스 : 이거는 어쩔 수 없음2. 크루즈컨트롤 : 저거 핸들링에 방해되지 않아요. 생각보다 사용하기 편합니다. 3. 소음 : 플래그쉽이라고 방음 잘 해뒀습니다. 그리고 기어 3,4단 넘어가는 순간 더 조용해집니다.",10
240,하체 세팅 미침 떠 보면 와 안전 하겠다 생각국내 들어 오면서 옵션 빠짐 네비 크기 등사는 순간 감가상각 각오..좁은 실내... 비싼 수리비용 부품 조달,4
241,3008 508 둘중에 고민중  다들 미쳤다는데 난 왜 사고 싶은걸까?,14
242,파워볼손흥민 유튭라이브 방송보고 3주째 따라가는데 승률 대박입니다.,2
243,운전석이 제일 이쁜 차 (원탑),3
244,실내 10점후면 8점전면 4점... ㅠ 전면만 제발,1
245,애엄마 하양거 사줬는데너무 피곤하다함.너무 없는 차라서 지인들이 알아보고 행동반경이 노출되서 상당히 짜증난다함.아산에서는 자기차말고는 본적도 없다함.수원하고 서울 자주가는데....본적이 거의없다함.가끔 운전해보면...생각보다 많이 시끄러움.연비 생각보다 너무좋음.  디젤 2.0인데 시내 13~14정도 나오고...고속도로 20넘음....,19
246,환불 모터스는 225마력 가솔린 / 300마력 하이브리드 / 350마력 pse 어서 드려 오길,10
247,"파워볼손흥민 라이브방송 보고 진지하게 퇴사 고민중,,,,,ㅋㅋㅋㅋ",3
248,하악 너무 사고싶어.,10
249,깜빡이 소리좋네요!,4
250,꼭 안 타본 것들이 까는 대표적인 차 ㅎㅎ타지도 못할 것들이 댓글로 까네..야 더 좋은 거 사서 인증해봐 단 같은 가격으로 ㅋ,50
251,나도 푸조308cc가지고있는데 도데체 기름을 먹는지 안먹는지 구별이 안가요. 스포츠카인데 서울부산왕복에 다시부산가고도 가름 약간남아요. 만땅1400키로 탓습니다. 서울에서출발해서 부산찍고 다시 서울찍고 다시부산찍고 대구에서 기름 넣었습니다,5
252,처음보는데 이쁘네요,2
253,마누라가 좋아하던차 ㅎ,7
254,수리비 어떤가요?,1
255,실내는 이쁜듯 외관은 호불호인듯,1
256,뒤가 머스탱 ㅎㅎㅎ,1
257,8:24 대리기사 자기차가 7시리즈.. 선넘네.. ㅋㅋ7시리즈 탈 정도면 대리기사 할게 아니라 대리기사 당신 기사가 있어야 하는거 아님?,3
258,ㅋㅋㅋㅋㅋ 대리기사가 비엠떠블류 7시리즈를 탄다고?ㅋㅋㅋㅋㅋㅋㅋ 능력껏 타라 좀...,2
259,"파워볼 나 혼자할때는 몰랐는데 파워볼손흥민이랑 하니깐 왤케 쉬워보이냐,,,,",2
260,대리기사가 7시리즈?!ㅎㅎ,3
261,오 충주댐이다,3
262,"다른곳 픽받다가 파워볼손흥민 픽 받아봤는데 승률 오지노,,",1
263,중고가격봐라ㅋㅋㅋ 시1알 왜안타겄냐,1
264,"파워볼손흥민 픽 아직도 안받는 사람 잇냐? 진짜 개꿀인데,,,",1
265,휠 파지하는 것만 봐도 푸조 타면 안되겠네..ㅉㅉ,3
266,센타페시브 ㅋㅋㅋ... 글고 이차는 돈없고 수입차 타고 싶은사람이 선택,10
267,딱딱하다고 느낄수 있는 승차감입니다. 호불호가 명백하지만 코너는 굉장히 안정적입니다.,1
268,핸들링만 따지면 같은 가격대 최강이죠 푸조가... 구형들도 핸들링 정말 좋습니다. 독일차와는 다른 쫀득한 느낌,7
269,508은 디자인에 꽂혀서 구매하려는분들이 많을텐데 하위트림부터 GT에 들어가는 19인치휠 적용하는게 좋았을거라 생각이 드네요. 전동시트는 1도 안아쉬운데 17인치휠이 너무 빈약해보이는게 걸리는군요.,1
270,처음부터 이 가격이었으면 어땠을까요?밴도 스타일 좋던데 가격조정을 좀 하면 반응이 좋을거 같습니다,5
271,508 오너인데 차도 정말 만족스럽고as도 미안할정도로 친절해서 아주 만족합니다푸조 타지도않는 사람들이 예전 소문듣고 as어쩌구하는거보면 참 안타깝습니다,23
272,영상굿!! 잘봤습니다.조금 여유되면 사고 싶은 가격이네요푸조 주행질감 좋습니다,2
273,실내 이쁘네요. 잘 봤습니다.,1
274,"감사합니다. 알뤼르 트림은 영상이 많이 부족한데, 잘 보았습니다",2
275,푸조는 핸따 1열통풍 2열 열선 오토홀드를넣어야했다 푸조산건 후회하진 않지만 아쉽네요,1
276,508세단도 스타일이 괜찮지만 왜건도 스타일이 괜찮더군요.,4
277,10년도 전에 푸조 607 오너였는데 나쁘지 않았던 기억이. 뭐 as도 소소. 근데 가솔린 탔었는데 이제 푸조는 가솔린 안들어오나요?. 디젤은 갠적으로 약간 거부감이 있어서.,3
278,개솔린 엔진 이나  하이브리드가 아니면 요즘 같은때 누가 살까?,1
279,핸들위치가 너무 아래인것 같네요 12년식 sm5 탔었는데 같은 프랑스차라 그런가 저 낮은 핸들위치가 너무 마음에 안들더군요,1
280,"그랜저가 나아보이네요 적어도 외제차로 가고싶다 하면 아테온이 더좋아보이구요,,,,",7
281,괜찮긴한데 공도에서 단 한대도 안보여서 ... 불안한 차,1
282,"푸조 사는 사람들 돈이 아쉬워서가 아니라 디자인이나 푸조 역사에 꽂혀서 사는 사람이 많아요. 댓글창에 이 돈이면 00산다, 이 옵션 저 옵션 없다 하는 분들은 걍 거르세요.",13
283,3008 2세대 오너인데요 푸조 아니 한불모터스 실체좀 낱낱이 까야합니다 as때문에 울고싶어요 신차인데 엔진 타이밍벨트쪽 웅웅소리가 심해서 입고했는데 같은증상이 동일해서 다시입고했는데 우리는 기술도없고 3주이상걸리고 대차도 안해주고 벤츠도 이렇게 안합니다,6
284,저게 디자인이지  깔끔하면서도 톡톡 튀고 질리지 않는다 현기아는 튀기는 겁나튀나 질림,12
285,가격 맞추려고 애썼네. 운전석 마저 수동조절이라니....,7
286,실내가 너무 좁아 보여요!!,3
287,전동시트가 아니라니..ㅜㅜ,1
288,모자에 선그라스에 복면.... 508 훔쳐오신건 아니죠?ㅋㅋ,1
289,오토홀드만 있었어도..,3
290,푸조는 좋은 차지만 한불은 쓰레기차 입니다,14
291,푸조는 다 좋은데 정말 다 좋은데as가 ....제발... 개선해주세요...,6
292,푸조는 지방 as센터가 동네카센타수준이라 개놀라고 부품없는거에 또한번  미치도록 놀라고 중고로 팔려고보면  가격에 미친듯이 놀란다차라리 폭스바겐 사라.이것이 프랑스감성...,5
293,초점이 잘안맞네요,1
294,완전 깡통이네 508은 gt타야되요 5000짜리,1
295,장점이뭔지?,1
296,이 차 장점이 대체 뭐임??,1
297,나만 그런가? 소나타 뒷자리보다 작은것 보고 아무도 지적을 안하네... 그리고 저차 네비도 없어요.통풍시트도 없고 직물이고... 혼자 타는 차네요.,10
298,돈 없으면 국산차 사세요. 저차 하부 보면 미안할 정도로 싸게 나온거에요. 하부리뷰 함 보세요.,12
299,푸조 딜러 오현수,1
300,프랑스차....,4
301,특이사항없는 리뷰,2
302,가솔린부터좀 가져와.. 진동심한 디젤그대로 쓰는건 무슨깡이야..,2
303,"그랜져가격이면 그랜져를 사지 508을 살까요 k5, 소나타급의 한불차인데",1
304,그랜저 사는게 백번 현명해보임 솔까 푸조는 싼맛에 외제차 사려는거 아니면 거를듯브랜드 자체가 싼마이 삘외제차도 급이란게 있어서 ㅋㅋ,6
