,comments,likes
0,사연을 왜 짤라 미친놈아,10
1,중고차 컨텐츠도 하시면 좋을듯 ^^항상 잘 보고 있습니다!!!,1
2,친구 차 산다는데 왜 싱글벙글 ㅋㅋ 카푸어된다니까 좋아하시네여 ㅋㅋ,7
3,ㅋㅋㅋㅋㅋㅋ 이걸 지금봤네여ㅋㅋㅋ 42만바라보는 307sw 차주입니다ㅋㅋㅋ  블루투스피커 폰에 연결해서 듣고다녀요ㅋㅋㅋㅋㅋ 시디6장은 넣었다가 안뱉어서 그 뒤론 안넣습니다ㅋㅋㅋ 전면썬팅은...ㅋㅋㅋ 그냥 사생활 오픈하고다닙니다,1
4,아니 저런걸 왜??? 라고 생각했더니 가격이 모든걸 용서해주는군요.어우 근데 보험료...,2
5,차파고님의 약간 상기된 목소리에서 기쁨(?)이 느껴집니다,3
6,의자는 구조변경 신청하면 될거예요^^ 한번 알아보시는걸 추천합니다^^,2
7,푸조 디젤이면 내구성은 알아주고 상태도 괜찮네요^^  안전운전 기원드립니다,1
8,목소리 텐션이 대단하시네요ㅋㅋㅋㄱㅋ,1
9,09:34 ㅋㅋㅋ 엔카진단ㅋㅋㅋㅋㅋ,3
10,가장 피해야할 전차주 여성차량ㅋㅋㅋ,1
11,ㅋㅋㅋㅋㅋㅋㅋㅋㅋㅋ 열선시트부터 확인 ㅋㅋㅋㅋㅋ,2
12,트레일블레이저2022 가성비조합쫌 올려주세요 ㅠㅠ,1
13,푸조가 디젤기술은 좋아요,1
14,1인 여성신조면 내부관리 안한 차일 가능성이 엄청엄청 높은데,2
15,만약 7인승인데 의자.탈착시 자동차검사때는 원복하고 가야할텐데요.,4
16,검사 받을 때 의자 있어야 돼요,2
17,선생님 트레일블레이저 22년 설명가능할까욤ㅎㅎ,2
18,동부보다 현대가 훨싸던데...,2
19,ㅋㅌㅋㅋㅋㅋㅌㅌ1달쓰고파시는건아니게죠..,2
20,형. Ix5좀 ㅋㅋ,1
21,10:33 자 이제 한번 쳐누워보세요 ㅋㅋㅋ 찐친이시네요 ㅋㅋ,4
22,이야,2
23,1:28 차선이 왜이럼?,1
24,1등!,3
25,650만원... 저도 푸조가 디젤만 있어서 좋아하는 메이커는 아니지만 차가 너무 이쁘고 가격 생각하면 진짜 좋네요.사실 독3사 차를 아무나 유지할 수 없지만 근래 몇년간 너무 흔해지기도 했는데 수입차를 운행하는 이유가 희소성있는 차를 갖고싶다는 것이라면 이런 매물이 그 목적에 부합하는게 아닐까 생각해봅니다. 요즘에는 코로나 때문인지 보리님 주행기가 안올라와서 아쉽습니다.,1
26,안녕하세요 궁금해서 여쭙습니다ㅠ 푸조308 2세대중에 악티브 알뤼르 gt라인 이렇게 있던데 뭐가 제일좋은거에요? 등급을 나눈것 같은데 어떤게 좋은건지 알려주시면 감사하겠습니다!,1
27,푸조 컨버...개사고싶다! 주행중에 에어리어 작동하나요??,1
28,차는괜챃은데....앞뒤써쓰가 안좋은게단점이고 라체소음 안좋음 푸조는407모델이유일하게 제일좋음 하체구성도 좋고 주행품질도 좋음 앞더블위시본.뒤 멀티링크타입...,1
29,^~^♡,1
30,경기도사는 25살입니다..제가 이번에 이차를 받게되는데 첫차로 괜찮을까요......넘걱정되요,1
31,차량을 업자분에게 판매하셨나보네요 650만원 차를 1250에 재 판매하고 있네요,3
32,가죽트림인데ㅈ대박,1
33,연비가 어떻게 되나요?,1
34,만약 지인분께서 실증나면 내가 인수할 의향 있어요.,1
35,광고가 ㅎㄷㄷ,1
36,이차않좋은거같은뎅,1
37,우파님의 솔직한 리뷰 정말 최고예요!!,2
38,2017년 이후로 푸조가 참 좋아졌는데 인지도가 많이 아쉬워요~ 차 자체는 정~말 좋습니다. 연비도 좋고 운전재미도 있고요,5
39,"가속감, 감성, 디자인, 연비 좋은 차!!",4
40,실제 저는 푸조 3008 gt 오너입니다 근데 우파 리뷰가 디테일하면서 너무 정확하다…우파님 내공이 이정도로 깊구나…,4
41,ㅋㅋㅋㅋㅋㅋ 직원 뒤에서 표정이…. 그래도 할말 다하는 우파… ㅋㅋㅋㅋㅋㅋ 억지로 꾸역꾸역 ㅋㅋㅋㅋ 파이팅!!!!,65
42,디자인 대박이네요 ㅎㅎ,14
43,파샤트 7년타고 연비좋은 suv필요해서작년에 티구안올스페이스랑 5008 비교하다가푸조샀습니다. 아주만족하고있습니다.연비도 15이상나오고 가속도생각보다좋고 차도 이쁩니다ㅎㅎ근데 우파님정확히 짚었네요창문도어가 앞쪽인거ㅋ 자꾸 뒷창문내려감ㅎㅎ,8
44,푸조는 타본사람은 계속타게 되는 브랜드에요 진짜 운전이 편함,2
45,3008 지티라인 19년도 5월에할인 받아 3940만원 주고 샀습니다.당시 이 가격도 많이 고민하고 산 구매금액입니다만 차는 좋습니다 성수 쪽 다니면서 AS도 불만 없습니다.그런데 스텔란티스가 들어오고 정신나간 가격 인상은 저도 도통 이해가 안 되네요 ㅎ거의 5000에 육박하던데 이 가격대면 절대 구매 안 했을 거 같네요 ㅎ,1
46,핸들 너무 이쁘다 진짜...,11
47,리뷰를 밀린 숙제하듯 하니 10초 앞으로 가기 계속 누르게 됨. 이 날 뭐 안좋은일 있었나..,5
48,솔직히 우파형이 애초에 맘을 먹고 리뷰시작해서 그런거같은데 차는 괜찮은거같음! 한번 타보고싶은 차!,2
49,"몇 달 전부터 4천만원 대 차량 계속 찾아보다가  디자인 하나, 갬성 하나만 보고 3008 gt 디젤 계약 직전까지 갔다가 가솔린 들어온단 이야기 듣고 계약 안했던게 천만다행… 가솔린 들어오기 전에는 할인 600까지 해줬으니 그나마 살만한가..? 였는데 이제 프로모션도 거의 없고 진짜 그돈이면.. 이 절로 나오더라구요. 그리고 요즘 푸조 네이버 카페에서도 말 많습니다. 프로모션 부분도 그렇고 한불빠지고 오히려 더 난장판인 부분들이 많다고요. 급하게 바뀌면서 분주한것 같다고는 하는데.. 가격도 고급화전략으로 가는 느낌이고 ..",1
50,와이프가 3008gt타다가 만족해서 기변하고 e2008 전기차 타고있습니다나름 외제차라고 가격도 높고 단점이 있지만역사도 깊고 기술력이 안좋은 브랜드는 아니에요ㅜ핸들가볍고 여성분이 운전하기에도 아주 편한 차량입니다 여전히 브랜드 이미지가 안좋다 생각하시는 분들이 많지만 개인적으로 대전기준으로 서비스센터에서 B사 보다 스트레스 안받고 있어요실제 오너 입장에서 연비는 말할것도 없고 주행성능이나 장점들도 많으니까 관심도가 늘어났으면 좋겠네요,23
51,독삼사 가격 많이 안올랐고 현기차 가격 미친듯이 올랐는데마이너한 수입차 가격이 좀더 공격적으로 나오면 좋을텐데좀 아쉽죠,1
52,"솔직히 서비스센터문제만아니면 타보고싶은차,,, 고등학교때 친구네차 한국서 못고친대서 프랑스다녀온거 3달동안 같이지켜본기억이..",12
53,경사로 밀림 방지...진짜 있으면 좋은데..,1
54,띠자인은 멋지다,1
55,"오너입니다. 맘은 아프지만이런 단점을 까는 리뷰 환영합니다.정말 가격 만큼은 이해가 안되지요 ㅋㅋ단,  다시 구매 당시로 돌아간다 해도3008 선택할 만큼 만족도 높습니다.참고로 이차는 가족용은 아니라 생각합니다.여유자금이 있고2인이 타는 소형 SUV 를 원한다면포칼옵션 들어간 녀석으로 시승 권장합니다.",1
56,디자인은 멋지네요,4
57,우왕 푸조까지 리뷰해주시네여ㅎㅎ잘보겠습니당ㅎㅎ,1
58,디자인 유니크하고 이쁘네 유럽감성이다,1
59,퓨조 중고차가 4500만원이라고요 헐 대박이네요 차는 진짜 멋있네요,3
60,내가 유일하게 보는 차 유튜브~항상 응원합니다~,1
61,잘보고갑니다. 화이팅 입니다,1
62,푸조의 장점 : 이런 기능이 있네?푸조의 단점 : 이런 기능이 없어?,23
63,같은 가격대  쏘렌토가   완전  혜자라는게  다시한번  생각되네요 ;;;;,4
64,밖에서 보는 화면에서는 작아보이지않앗는데 실내 찍는 모습을 보니 많이 작네요. 뒷자석 컵홀더도 그렇고... 연비빼고는 가격대비 아쉬운 부분이 많네요.,1
65,우파님 표정이ㅋㅋㅋㅋ불만 가득 ㅋㅋ,30
66,외관디자인은 개인적으로 이쁘네요~내부는 좀..,2
67,경사로 방지 빠진건 다소 아쉽네요..그나저나 포몬 방향제라니..사러 갑니다..,2
68,실내보고 반했지만 다른거 보면 그돈씨가 저절로..,3
69,푸조는 핸들링도 편하고 좋은데 눈길 빙판길 쥐약입니다. 말로는 그립? 말도 않되는...  4륜만 나온다면 대박칠것 같은데,3
70,평생타는 차는 거의 없기 때문에연비 1~3키로 차이로 나는 기름값보다중고가 감가가 금액 차이가 더 클 수 있다는점 잊지말라규,33
71,....왜이리 기운 없으시지푸조 디자인은 괜찬은데 자가격에 저성능이면 당연히 하이브리드라도 넣어줘야할 성능 아닌가....,6
72,계속 이돈주고 사지마사지마 하는거 같아요ㅎㅎㅎ푸조야 한국에서 성공해야 세계에서 성공한다!! 좀더 옵션 디자인 서비스센터에서 많은 개선을 해야하고 가격대는 좀 낮추면 충분히 성공가능~3년 10만이 말이야 방구야~!!,1
73,12년식 3008 MCP 타는데 경사로 밀림 방지가 있는데... 이번에는 옵션이 수입때 빠진걸까요? 있던걸 빼는게 이상한데...,1
74,푸조 90년대말까진인기가 좀있어보였는데 요즘은 길에서 잘안보이더군요,1
75,"푸조. 참 매력적인 차죠.. (여러의미로) 문제는.. 그 돈이면... 다른차를 자연스럽게 비교하게 되고 비교하다보면 어느새 푸조는 비교목록에서 빠지게 되는 자연스러운?? 흐름...쩝... 안타까운 차, 17년식 2008 1년타봤던 경험이 있지만 그래도 가격으로 태클걸려서 가격으로 끝맺음 하는 아쉬운게 많은차...",3
76,디자인도..옵션도..가격도.. 푸조야 반성해야된다.ㅡㅡ;;; 경쟁력이 뭐가있니?? 타보면 생각이 달라진다?? 타보고 싶게 만들어야 전시장으로 가지...ㅠㅠ우파님 고생하셨습니다 ~,1
77,푸조 지금은 한(없이)불(친절한)모터스가 아니구나… 이제 알았네,3
78,스포티지 경쟁모델이 쏘렌토 풀옵 가격이니 아쉽네요 할인을 정말 많이 해줘야될거 같아요,8
79,핸들이 아담하고 귀엽네요...,1
80,푸조 보증하는 사람인데 직원들끼리 1.2 3기통인거 보고 이게 맞냐고 서로 ㅋㅋㅋㅋ,12
81,먼가 리뷰 빨리 끝내고 싶어 하시는게 보이네여 ㅋㅌㅋㅋㅋ,2
82,푸조 자동차 괜찮아요~~ 중고 2년정도 운행 해 봤는데  솔직히  옵션 빼고는  개인적으로 차량 성능은  괜찮습니다~~~,5
83,"푸조508 탈때 우파형이 푸조사면 감가로 망한다고 할때 화딱지 났었는데, 진짜 감가로 폭망하고 아우디로 넘어오니 저도 다시는 사고 싶지 않습니다.",23
84,ㅋㅋㅋ 우파화이팅..!!,2
85,오늘의 차차 포인트 19:11,3
86,4500에 3기통 1.2는 좀 심하다..ㅠㅠ,23
87,푸조 영업사원 스팩이 거의 형님이신가보다... 주눅들어있네 ㅋㅋㅋㅋ,4
88,2열에 열선없는 건 에바네..,2
89,미니도 훨씬 작은데도 1.2 3기통은 아닌데 ㅠㅠ,3
90,푸조를 독특하다 하시면 ㅎ DS보시고 어쩌시려고 ㅎㅎ,1
91,엄청다운되어 보이십니다 행님..,1
92,16:18사자발로 하면 죽지않을까요? ㅋㅋㅋㅋㅋ,1
93,예전 푸조는 보령 미션보다 더한...완전 유리 트렌스미션...이였는데 지금은 일본제 써서 조금은 나아진 듯 한데...체결감은 쌍용 수준...,1
94,이번 리뷰는 왜 슬픔이 있지,2
95,윤성로한테 걸렸으면 오프닝부터 엔딩까지  화만 냈을 차,15
96,푸조 타고 싶은데ㅜㅜ,1
97,갠적으로 진짜 푸조 좋게보는ㄷ 한불모터스가 씹...,2
98,번창하세요!!!!!!,2
99,천만원 할인받아도 스포티지 하이브리드보다 경쟁력 떨어질 거 같네요...,10
100,볼보는 그냥 이미지 포장 잘된 중국차,13
101,뒤에 딜러표정ㅋㅋㅋㅋㅋㅋ,1
102,4500가격에 3008gt 신형 구매한 오너 입니다실내 차작은것 (느낌상 레이 ) 빼고 컵홀더 지랄인거 말고는 참을만 합니다,5
103,푸조랑 르노는 차알못이탄확률이큼,11
104,푸조는 17년식이후꺼로 구매하기바람. 그전은 잔고장 개쩔어서. 푸조인식이 안좋아져서 폭망한거고 17년식 이후는 완전 바뀜. 성능 디자인 옛날푸조가 아님,1
105,배기량이 맞는건가요ㅋㅋㅋ1.2?슈퍼카모양으로 1.5정도엔진넣고 나올꺼같은 배기량ㅋㅋ,1
106,쏘렌토 대신이라 하기엔..너무 작다 ㅎㅎ,1
107,난 우파형 응원한다 일단 제목부터가 ㅈㄴ 마음에 안들어서 이런게 4500이냐는 식으로 한방멕이고 시작ㅋㅋ뒤에 영맨 타서 저런식으로 압박주는데 무슨 리뷰가 되겠어,7
108,한국에서 판매하려면 좀 한국인이 필수요소라고 생각하는 부분은 넣어서 들어오는 성의는 보여줘야지기본적으로 가죽시트에 열선 통풍시트 열선핸들 정도 넣어줘야지 반자율주행은 없어도,2
109,,1
110,한불모터스가 마케팅을 제대로 못해서 떡락한 브랜드죠. 물론 프랑스차들 잔고장 많은건 덤이구요,1
111,푸조 차는 진짜 좋은데 처음에 한국들어올떄 가져왔던 회사가... 너무... 그리고 여러이유로 디젤모델만 주구장창 가져와서... 타보면 진짜 차는 좋은데 이번에 차바꾸면서 가장 처음으로 알아본게 푸조였는데 ...,1
112,이가격이면 팰리세이드 뽑겟습니다ㅋㅋ,11
113,불만때문에 그런가 ㅋㅋㅋ 텐션이 다른 영상이랑 다름 ㅋㅋ,2
114,좋지않은 표정의 직원과 약간 눈치보는듯한 우파 ㅠㅠ 리뷰하기 힘들구나..,1
115,"수입차 전문으로 하고있는 중고차딜러입니다만 제 지인분들한테 푸조,시트로앵은 추천을 안합니다.....못한다고가 맞겠지요신형은 타보지않아서 평을 못하겠지만 18년식까지는 대부분 모델들이 연비위주로 맞춘차량이어서 그런지 미션세팅이 정말 최악이에요ㅠㅠ서비스 끝난차량은 망가지면 수리비도 독3사 대비 어마어마합니다다만 디자인만큼은 예쁘다는걸 부정은 못하겠네요가성비 수입차, 연비주행을 추구하시는 분들에게는 참 괜찬은 대안인것같습니다다만 직결감이 너무별로여요...ㅠㅠ",1
116,이거보니깐 스포티지가 싸다는걸 느낌,1
117,4500.....할인 1500은때려야 살듯,1
118,가격대비 만족도가 거의 없네요..디자인은 호불호고 차는 소모품특성상.. as문제가 수월하지 않는한 절대 고를일 없는차임..마크 진짜 농담아니고 기아가 더 이뻐보임..,1
119,ㅋㅋㅋㅋ푸조 관계자분들이 굉장히 너그러우신가봐요 앞에서 까버리시넹ㅋㅋㅋ,3
120,MPV는감가개쳐맞은 2시리즈 액티브투어러가 짱이지ㅋㅋㅋ핸들잡으면 비엠버프..싸이코패스돌변 ㅋㅋㅋㅋ,1
121,4500주고 3008탈래 쏘하 탈래?ㅋㅋㅋㅋㅋ그냥 압살..,4
122,우파 화이팅!! 뒤에 암살자 조심해,1
123,우파형이 이렇게 심드렁할정도면ㅋㅋ,2
124,스포티지와 가격이 같다면 음...스포티지 선택ㅋㅋ마지막 영상에 차차PD 포켓몬 냐옹이 닮았네~,5
125,"푸조 살 돈이면~~ 다른차 삼... 정말 다른회사에서 차가 안나오고, 유일무일하게 푸조에서만 차가나온다면 어쩔 수 없이 살듯. 푸조차를 정말 사고 싶다면  중고로 사는게 그나마 개이득...",1
126,푸조 신형 스티어링휠 맛들이면 다른차 못타죠ㅋ,1
127,뭐랄까 푸조는 그냥 르노 같은 느낌정도밖에 없어요.. 차라리 하이브리드나 전기차를 데꾸와서 홍보하고 판매해야죠.. 생각없이 수입차를 타고 싶어서 푸조를 탄다면... 자칫 a/s로 맘고생 몸고생 많이 하죠.. 벌써 지인 2명이 당했구요.. 아무리 현기차를 욕하지만.. 현기차 대신해서 푸조가 좋다라고 할만한게 없어요.. 그냥 남들하는거 따라하는 정도랄까요?마크외엔 특이한 장점을 찾지 못하는 이유때문에 판매가 저조한거죠.. oem 차 받아서 그냥 마크만 붙이는 느낌이랄까요..,1
128,한 2천만원 할인하면 좀 팔리겟다,3
129,"그냥 붙여진 가격이 4500이지 프로모션 붙고 다 하면 3500정도에는 살 수 있지 않을까요?그러니까 사시겠죠...3000정도 들이면 비슷한 크기,비슷한 제원인 트레일블레이저 사면 되는데 굳이..",1
130,"수요가 없는 차들은 이유가 있음ㅋㅋㅋㅋ 고객 피드백을 받아서 개선해야되는데 지들이 만들고싶은대로 만드니까 안팔리지,, 유럽에는 그 감성 맞을지 몰라도 한국은 아닌듯,,,",1
131,실내만 참 .. 아쉽네 ..,1
132,3500이라도 저걸이라할거같은데 4500이라니..  머리에 총알맞지않고서야..,2
133,"통풍시트, 언덕밀림방지, 오토홀드 등 국산 소형차에도 들어가는 필수 옵션 부족하고실내 좀 싼마이 느낌 이런 거 다 떠나서엔진 스펙만 보더라도 푸조가 국산차보다 기술력이 한참 떨어진다는 걸 알 수 있습니다같은 가솔린 엔진으로 현기랑 비교해 보면1.2에 130마력 23토크의 심장병 수준의 출력에 심지어 3기통의 최신엔진이1.6에 170마력 27토크의 사골엔진인 현기 투싼/스포티지 엔진이랑 연비가 거의 비슷합니다..게다가 크기는 훨씬 작고 공차중량은 가벼운데 연비가 똑같은데요..같은 가격이어도 한참 모자랄 판에 1000만원 더 비싸고요..그렇다고 하차감이 있는 것도 아니고..여기에 보험료나 유지관리 비용 더 들고 정비 시 불편함까지..영업사원 분께는 정말 죄송하지만 이런 차가 팔린다는 게 신기할 따름입니다..",6
134,준중형차 수준의 배기량차를 4500을 태운다고?,1
135,하브도 아니고 저 사이즈를 1.2에… 4500을 받아먹으려 하냐…..,4
136,푸조 이쁘긴한데 폭스바겐 갈듯,6
137,우파님 좀 웃으세요 ㅋㅋㅋㅋㅋㅋ,1
138,ㅋㅋ영업사원 뒤에있어서 억텐이 느껴진다 ㅋ,1
139,이건 우파 핼애비한테 기대도 안팔린다...스포티지 사이즈에 소렌토 가격인데 3기통 ㅋㅋㅋ 차팔 생각이 없네~,1
140,푸조는 할인많이해줘용 저 프로모션으로 큰거 한장에 전기차 보조금 큰거 한장.  총 두장 할인받았어요,8
141,4500만원이면 그돈으로 렉스턴 더블랙 사겠습니다....,1
142,4500이면..crv rav4 랑 경쟁인가요..가망이 있나?,1
143,4500에 1.2l 엔진 ....,7
144,저때 당시에 사브도 무시못햇는데,2
145,저놈의 네비사이즈는 때려죽여도 안키우네 진짜ㅋㅋㅋ 태평양 배젤 어쩔건데ㅋㅋㅋ 저것만 봐도 차가 10년은 구려보임;;,1
146,우파 기운내라고 좋아요 박고 본다,1
147,난 푸조살바에 국산을 사겠어,4
148,저걸 4500..ㅋㅋ,2
149,차는 이쁜데... 이쁘긴 한데..,1
150,푸조다녀오셧구나 ㅋㅋㅋㅋ,1
151,연비는 굿,1
152,팩트는 팩트니까요,1
153,이런거 보면현기 가성비는 진짜..스포티지 1.6터보 하이브리드옵션 다 때려넣어도쟤보다 천만원이 싸네..,2
154,디젤 견적 냈는데 ㅡㅡ 350h보고 가성비로 결정 하겠음 ㅡ 딜러왈  회사가 불안정 하니 어디지역이든 휘청거리지 않는 곳에서 사세요 라고  합디다아참 뒷 좌석 ㅡㅡ 안전벨트 낑기는곳  엉덩이 찌름 조심하세요,1
155,오너들은 자기차 리뷰를 왜보는거야..?,1
156,푸조 살빠엔 국산차 타지 ㅋㅋㅋㅋ 장점이라곤 1도없는데 푸조 ㅋㅋㅋㅋ,2
157,"스텔란티스가 판매는 하는데, as나 이런건 한불에서 계속한다고 들었어요!!",1
158,타본사람은 안다. 푸조는 정말별로입니다. 반박시 님 말씀이 다맞습니다.,1
159,12:45 무슨 조절이요….?,1
160,알루어..ㅋㅋㅋ 알뤼르겠지..ㅋㅋㅋ,1
161,일찍부터 열일을 하시는군요~1빠,1
162,"같은 프랑스차인 르노코리아야..어차피 기존 르노삼성일때 쌓아놓은 이미지랑 전시장, 서비스 네트워크 활용해서 정신차리고 기존과 달리 이제 진짜 완전히 프랑스산 외제차 브랜드로 인식될 수 있게 노력하자.. 그래도 푸조는 제낄 수 있잖아?",2
163,그게 후랑쓰 감성이에유,1
164,Suv 사이즈 3기통ㅋㅋ,1
165,표정이 영... 말투도 그렇고ㅋㅋㅋ무슨일 있으셨나....,2
166,네비화면은 또 왜 작은게 들어오는거죠???,1
167,포드.. 포드...보고있나 정보는 이렇게 장단점 확실히 전달해야지...그렇게 꼼수부리? 다가는 오히려 역효과...과감하게 정면돌파 해야지...아무리 좋아도 다운사이징 엔진은..딸딸이.....딸딸딸....결국,1
168,그냥 판권을 샤넬에 넘겨서 샤넬 마크 달고 팔면 여자들이 뭣모르고 많이 살지도..ㅋㅋ,1
169,저가격에 3기통 탈빠에 그냥 국산차4기통 사고 말지 너무햇다..,1
170,볼보는 솔직히 ...마케팅에 떡상한 중국 브렌드고 .... 개발이고 뭐고 다 중국에서 만든게 볼보인대 .....너무 과대평가 하는게 볼보임 ....솔직히 푸조는  유럽에서는 우리나라 차 팔리는거 많큼 팔립니다,1
171,1.2 3기통이면 하...,2
172,마!우라칸 테크니카 리뷰 해도!,1
173,상품성이 좋지는않다 확실히...,1
174,아우디 대신 볼보? 아우디 너무 까시는거 아닌가 ㅋㅋㅋㅋ,1
175,프랑스산엔진 3리터4500만3리터가 아니라 3기통이라고?,5
176,이가격주고 좀만 더주고 고성능모델  살거같아요           푸조모르는분들 많을걸요..  그다음 푸조는 별루디자인이..,1
177,1.2 3기통이 사천오백…이거 맞냐,1
178,이차 주차장에 있는데 그냥 안습...아...어디서 호구당하셨구나...이것밖엔...ㅋㅋ,4
179,이영상을 푸조관계자분들이 싫어합니다,4
180,걍 별로임ㅋㅋㅋ 가격부터가 창렬임,2
181,12:05 뒷좌석 영업사원인가요?  뒤에서 저렇게 감시하고 있으면 하고싶은말 하나도 못할듯 ㅋㅋ,5
182,프랑스차가 엔진 쥐어짜고 디자인으로 승부하는 느낌이라... 뭔가 좁고 답답함.넓은 공간 좋아하는 한국인한텐 안맞지.... 성능보다 프랑스 갬성 타령하는 여자들이 탈만한 차임.,3
183,^^,1
184,푸좆을 타느니 현대 기아가 훨씬낫습니다.실제 오너였고 최악인 차에요 절대로 사지마세요.,1
185,저 차체에 1.3...거른다...,3
186,알람이 울리는 동시에 일어났다… 근데 주말이다..토요일이다.. 다시 자야지..,1
187,맘에 안드는데 리뷰하느라 애쓰네 ㅋㅋㅋㅋ,2
188,형.... 억지로 리뷰하는것같아ㅋㅋㅋ티난다,19
189,프랑스차는 사는게 아니야..,1
190,알루어???프랑스 차니까 영어발음이 아니고 불어 발음 알뤼르라고 해야 하는거 아닌가...영맨이 알루어라고 했나봐요,1
191,3기통 거른다 ㅋㅋㅋㅋㅋ,2
192,괜히 푸조ㅈ 이라고 불리는게 아니죠 ㅋㅋㅋㅋㅋ 이런 브랜드도 있구나~라고만 생각하고 보시면 될듯ㅋㅋㅋ,1
193,푸조는 스쿠ㅌ..,2
194,근데 푸조 미션고질병은 해결됐나요?,1
195,10분전 못참지,1
196,티구안을 가지 굳이??라는느낌,2
197,오토홀드없는게 제일 에러.,1
198,비상등버튼 저렇게 넣는 애들은 뒤지게 맞아야함비상등은 언제라도 급하게 눌러야할지모르는데 저딴식으로 박아넣네 ㅋㅋㅋㅋㅋㅋㅋㅋㅋ,1
199,미국에 진출 못하는 회사는 이유가 있음 고급감이 없거나 가성비가 떨어지거나 내구성이 후지거나,1
200,왜탈까..ㅋㅋ,2
201,저덩치에 1.3..,1
202,푸조는ㅋㅋㅋㅋㅋㅋㅋㅋㅋㅋㅋㅋㅋㅋㅋ할많하않,3
203,근데 진짜 푸조를 왜타는거임?,3
204,진지빨고 아반떼 가격에 팔아도 살까말까 고민 일듯....,5
205,4500이면 뭐해 ㅋㅋ 차량유지비는 더드는데,1
206,핸들만 유니크하네실내공간 개 ㅈ망이네.... 왜케 좁아?센터페시아 버튼 왜저렇게 해놓은거지 도대체...,1
207,좌파 푸른하늘 ~,1
208,12:10 ㅋㅋㅋㅋㅋㅋ뒤에 영업사원표정 존나 가관이네 ㅋㅋㅋㅋㅋㅋㅋㅋㅋ,2
209,10등이네 우파 홧팅,1
210,푸조???글쎄 as센터 사후관리 나중에 중고로 팔때도 쩝...그다지,1
211,벼로 차팔 생각 없는것 같음,1
212,"브랜드, 성능, 편의, 디자인, 사후관리 어느 것 하나 경쟁력 있는 부분이 없네요.",2
213,절대안산다 ㅅㅂ ㅋㅋ,1
214,지능적으로 까기 툭툭,1
215,1:37 엇 광주전시장이네 ㅎㅎㅎ,1
216,보는동안 저가격주고 저차를 왜사지 싶다.... 푸조네이밍이 좋은거도 아니고 저돈에 옵션이 아반떼보다도 못하게 들어가있네;;;,2
217,푸조.시트로엥 지긋지긋..일산서비스센터는 고칠능력안되니 성수로보내고 미친 절대사면안됩니다  진즉에잘바꿨다.에이퉤!엔진오일 누유..엔진통교환받고 냅다팔았다,3
218,고양이 수염같네 ㅎㅎ,2
219,컨펌 받으신거에요? ㅋㅋㅋ,1
220,비싼차타고도 이살빠소리듣는,1
221,ㅋㅋ 아우디 까지마,1
222,터래기? 풉 ㅋㅋㅋ,1
223,"푸조는 폭바구룹에서 폭바보다 낮은이미지의 곧 넘어올 스코다급 아닌가요 ㅎㅎ이미지브랜드를 보면 볼보 포드랑 비빌수있는 브랜드가 아닌듯개인적으론 독3이상빼고 볼보,포드 > 제네시스 >= 폭바 >>> 푸조..수입차지만 수입차라는 브랜드이미지없고 국산차값에 팔아도 수리비비싸니 국산차가 훨씬 나음..",1
224,ㅋㅋㅋㅋ제목 돌려까기인가?,1
225,울고있는거같네,1
226,푸ㅈ!!,1
227,응 안사,2
228,,3
229,사자탈 쓴 좀비?,1
230,3기통? 모닝이냐,1
231,후좃...ㅋㅋㅋ,1
232,나이스 똥싸려는데 영상 딱 올라왔네 똥 다뒤졌다,1
233,푸좆...,1
234,오호,1
235,저 나이에 꼰대짓하기도 힘든데 참 대단ㅋㅋㅋ,1
236,1등,1
237,디자인과 연비는ㅇㅈ.. 하지만 푸조ㅅ만의 승차감 극혐 나중에 변속시 꿀렁거림 그냥    멀미함100%,1
238,1,1
239,ㅇㅇㅅ,1
240,음..,1
241,푸조 타는사람 특 = 외제차는 타보고싶은대 독삼사 살돈은없고 푸조산다음에 푸조뽕에 취하면서 국산차 무시함 ㅋㅋㅋㅋ 실제론 국산차보다 구린대 ㅋㅋㅋㅋ,2
242,우파님푸조리뷰아무감정이없어보입니다리액션좀넣어주세요그나저나 인도차인가요?,2
243,1.5 아닌 1.2 다운 사이징 잘 보여주는군요~ 마치 트랙스 생각나는데요? 디젤 푸조만 봤었다면 이제 디젤은 점점 사라지고있으니 디젤 선두주자인 푸조도 피해갈수는 없나봅니다 :(,5
244,와 1.2 엔진이라니ㅎㄷㄷ쉐보레 1.35 보다도...재밌게 잘 봤습니다 ,2
245,장단점을 잘 집어주셨네요 푸조 디자인 물 오른거 같아요 ㅎㅎ,4
246,가솔린 시승기 정말 궁금했는데 감사합니다~,4
247,3008 후속이 2년후에 나오고. 그 때를 기다려봐야 겠네요,1
248,시승해봤는데.... 한 10도정도 언덕 600m도로  스포츠모드....ㅜㅜㅜ 아~~~정말 내가 힘들다...ㅜㅜㅜㅜ  내가 차를 끌고 가는게 낫지싶다.....,1
249,가격 높다 그래도 사고 싶었던 모델인데 국내에선 적어도 150~180마력 이상 나와줘야 팔릴까말까일듯....,2
250,아마 최초 3008 가솔린 시승기가 아닌가 싶네요. 트레일블레이져 초창기에 잠깐 있다 사라진 1.2랑 제원이나 출력이 가장 비슷한 거같습니다. 208과 2008에도 얼릉 가솔린모델이 출시되었으면 하는 바람입니다,2
251,최초네요 3008 가솔린 시승기!,1
252,기다렸던 1.2 3기통 휘발유차,2
253,ㅋㅋ 이제 환불 떠난 푸조 푸조 오너로싸 너무 기쁩니다. 진작에 나올 가솔린 많이 사랑 해주세요 푸조 많이 팔면 여러분 집 앞에 알파로메오랑 페라리 많이 봐요,3
254,이차 연비가 어찌되나요,1
255,이 가격에 누가살카?ㅋ할인없이 구입한다면 개호구~,1
256,1200 음....이럴바엔 그냥 전기차 가죠 ....,1
257,네비는 핸드폰연동 인가요?,3
258,음...보고있었는데....엔진음은 역시 저 배기량 한계가 있네요...에~~~~앵...가솔은 최소4기통 1.5가 정답인듯...,1
259,아...오토 스톱...저는 별로라고 생각하는데... 아마도 제 취향이 시대에 뒤떨어 진 거겠죠 ㅠ,1
260,션추천 후감상,3
261,일부로 삽질만하는건가,1
262,"15일에 3008가솔린과 5008 디젤 시승을 함께 해봤어요...저하곤 정 반대의 시승감이네요.. 시끄럽고 진동오고 힘없고,,, 가격은 뭐...  시트로엥처럼 푸조도 철수하려고 계획하고 있는듯, 한마디로 스텔란티스 제정신이 아닌듯...",5
263,김성환기자 홍윤식PD 파이팅~~~~푸조 3008 가솔린 GT 팩    포칼오디오랑 2중접합유리의 조합.... 상품성 상당히 괜찮은 듯 함요~~~수입사 형편상 하이브리드 모델을 못 가져온 것이 좀 아쉽네요...,1
264,전기 모터 달려서 국내 출시 하지..아쉽다,1
265,5008이 중형이고 3008은 준중형 크기죠,1
266,전장이 4455인데 ...중형이요?,1
267,.,1
