,comments,likes
0,"푸조 뭔가 독창성이 있는 브랜드 같아서 자꾸 눈길이 가네요.구매 고려해서 매장가서 시승도해봤지만, 실내가 좁다거나 한 느낌 전혀 없었습니다. 오히려 차체에 알루미늄을 많이 썼다기에 놀랐습니다... 508은 서스펜션 세팅이 일반 승용차랑 다른것도 처음 알았어요. 알면 알수록 신기한 브랜드. 왜 홍보 안하는지 궁금하네요. 암튼 이런 자기만의 색깔이 있는 브랜드들이 많아졌으면 좋겠네요.",13
1,한용이형 리뷰는 소리만 들어도 정보전달이 잘되는듯,3
2,연비 안 좋게 타기가 더 어렵다는 차라니 대단합니다. 2008타보고 싶은 차가 되었네요.시승기 잘 봤습니다. ^^,28
3,2014년식 푸조508 1.6(MCP미션 장착)타는데 변속충격은 가끔있지만 거슬리는 정도는 아닙니다. 오히려 MCP미션 덕분에 고속도로 평균 연비가 30KM/L넘습니다^^,5
4,09:50 핵공감합니다 요즘차들 버튼식 기어조작 무지불편하고 위험해요. 노브가 없으니 버튼을 찾아서 눌러야 함..노브로 하면 굳이 안보고도 조작할 수 있는걸 왜 그렇게 만들어서 주행중에 시선 뺏기고  위험하게 만드는지..,13
5,완전 연비를 뒤집어놓으셨다 진짜! 최고의 연비 화이팅 후!디자인...연비...핸들링...그대로 그냥...푸조...드러나네요...와...,6
6,몇년 전까지만 해도 기괴한 디자인의 차 .. 였던거 같은데 207cc는 그중에 대표적이고 207sw도 그렇고.. 근데 요즘 나온 푸조는 독특하면서 멋진 아이덴티티를 찾은거같네요 ㅎㅎ (지극히 주관적의견ㅋㅋ),2
7,푸조 차량 설명을 정말 잘해주셨네요^^,1
8,푸조 나름 개성있는 차라고 생각합니다,15
9,보고싶었던 차량 리뷰 ! 역시 귀여운 한용동생!️,4
10,우와 이번 편집 쥑이네~ 덕분에 재밌게 보고 갑니다~ 늘 고생 많으십니다..,9
11,푸조 선호하는 브랜드는 아니지만 시장에 긍정적인 영향이 올것같네여,7
12,푸조 진짜 고급스럽네요..!!,16
13,저도 김한용 기자님처럼 모터그래프를 꿈꾸고 있지만 김한용 기자님 영상 잘 시청하고 있습니다! 기자님 하나하나 설명해주시는게 너무 좋은것같아요!~ 이런 영상찍을때 어떤 부분을 중심으로 설명해야 시청자들이 이 차에대해 알까요?,1
14,푸조 보급형 차 인줄 알았는데~ 프리미엄급 차 네.. ㄷㄷ 수입차 치고는 저렴하다 ㄷㄷ,1
15,진짜 설명 알기쉽게 잘 하시는것 같아요 ㅎㅎ 재밌게 보고 갑니다 :),8
16,개성 강한 자동차!! 부품값비싼것만 아니묜 사고싶다,2
17,한용님...푸조 유저로서 리뷰 감사합니다.,12
18,귀에 쏙쏙박히는 리뷰였습니다~  잘봤어요!,5
19,가장 좋아하는 푸조 브랜드.... 수욜날 차보러 전시장가는데 너무 기대되네요!!,1
20,푸조 요즘 디자인 엄청신경쓰고 그결과 너무 이쁘고 성능도 좋죠ㅋ사고싶어요..근데 꺼려지는게 수도권아니면 정비망이 엉망이라 차사고 스트레스땜에 다시팔것같아 사질못하겠네요...제발정비망도 확충해주세요,1
21,그리고 2008 전기차는 한국에서 인증받은 공인 거리가 237km  유럽에서 WLTP 기준으로는 310km 라고 합니다. 아마도 실제로 운전해보면 230은 충분히 넘을 것 같고 잘 타면 280도 탈 것 같군요... 한 겨울에는 좀 더 줄어들겠죠?,1
22,디자인은 인정,1
23,와... 푸조.. 대단하다,5
24,유지보수 측면에서만 좋았다면 많이 팔렸을 브랜드..,12
25,푸조 핸들링 하나는 진짜 인정해줘야 합니다. 코너링 쥑이구요. 일반 주행에서도 쫀쪼하고 고속에서 직빨안정감 쥑임니다 ㅋㅋ 독일차는 그냥 묵직한 안정감인데 푸조는 또다른 느낌을 선사합니다. 그레서 푸조타다가 다른차로 갔다가 다시 넘어오시는분들 많아요,46
26,psa 계기판 연비는 순간연비로 나오구요 트립미터기 봐서 평균연비를 보셔야합니다 ㅎ,1
27,확~ 땅기네요..타보고 싶게 만드네여~^^,9
28,연비가 나쁘게 되기가 굉장히 힘들어요 ㅋㅋㅋ 명언이네,8
29,차는 외관은 겁나 커보이는데 안이 너무 좁다....디자인도 좋은데 ..,2
30,다음번에 수입패밀리카 특집도 한번 해주세요,1
31,푸조 뻥연비는 정말 놀랍죠.......연비 운전 안해도 정말 공인연비 밑으로는 나오기 힘들어요..^,2
32,푸조207gtE5 오너입니다.차후에도 푸조타고싶습니다.그만큼 차강성과 묵직함 코너링과 핸들링 연비.디자인 정말 최고입니다! 수리비걱정 하시는데 그냥 무난합니다.보험료도 수입차치곤 저렴합니다.그래서 11년동안 유지하고 있어요.하지만 사고나면 부품을 수입해야하므로 비용이나 시간이 많이듭니다,1
33,"푸조 공식 딜러 입니다.이번 2008모델 굉장히 매력적이게 출시가 되었습니다.푸조가 가장 잘만드는 디젤엔진은 물론, 최근 시장 추세에 맞게 전기차 모델 e-2008 도 출시가 되면서 많은 분들이 관심을 보여주시고 계십니다! 그 외의 푸조의 다른 궁금하신 부분들은 언제든지 문의 환영입니다!!",2
34,차가엄청이쁘네용사고싶네요 ㅠ ㅠ,2
35,2006년 307sw 따고 여전히 좋아요그런데 미션 오일을 교환하지 않아미션 상태가 메롱입니다코너링 좋아서 여러번 접촉사고도 피했습니다,1
36,재밌고 독특한 부분이 많지만 현재 국내에 형성된 시장에 껴들기엔 부족해 보이네요,1
37,덕분에 이놈 잘 구입해서 잘타고다닙니다.아주아주 만족해요 ^^,1
38,옵션은 어느선까지 들어가잇는건지가 궁금하네욧,1
39,푸조 508도 꼭 한번 해주세요!!,1
40,푸조감성 넘 좋아요,1
41,아무리 푸조 차량이 좋아도 한불이라는 엄청난 벽이..!,5
42,다음에는 푸조 e-208과 e-2008도 해주세요,33
43,suv 중에 젤 예쁜 듯...레알 디자인은 최고,5
44,익스테리어보다 인테리어가 더 돋보이네요!,1
45,내 차 삼년만에 왜 이리 조아졌냐 ㅜㅜ,4
46,푸조 e208 2008 에데한 고견도 듣고싶습니다. 주행거리빼고 괜찮은데 ...이렇게 만든 철학이 있는건지 단순 원가절감인건지;;,1
47,요즘 e 208이랑 2008이랑 왜이렇게 예쁜지...그나저나 현대로고 위화감이 없어 ㅋㅋㅋㅋㅋㅋ,1
48,트레일블레이져 풀옵이 비슷한가격대 인걸생각하면 나쁘진않듯,1
49,푸조 19밑으로 나온적 못봤어요..뻥연비 맞습니다. 실연비는 트립연비보다 더 높습니다. 국산차와 반대입니다.,1
50,와...솔직히 인테리어는 깔수가 없네요. 가성비 개오집니다!!!,59
51,한용이형 요즘 뒷광고 저격까지 하시네 ㅋㅋㅋ 역시 트렌드하셔,1
52,푸조 가솔린도 만들었으면...,1
53,3200이면 가성비라던 xm3랑 비슷하네여? ㄷㄷ,1
54,국산차에 비하면 저렴이네요 ㅎㅎ,2
55,푸조 시리즈 엄청 끌렸었는데,1
56,진짜 현대로고 잘어울리네요 ㅋㅋㅋㅋ 깜짝놀랬습니다 ㅋㅋㅋ,41
57,외부 디자인은 현존하는 소형SUV중 최고 같습니다.,1
58,편집 퀄리티가 상당하네요,3
59,실내 진짜 좋다...네비스크린도 베젤 얇게 나왔으면 더 좋았을듯.......,23
60,벤츠와 마쯔다 교류도 봐주세요~ 이번 소나타같은 벤츠  마쯔다랑 닮았어요,3
61,다 좋지만... 정비하는 입장으로는 너무 힘든 차  엔진도 작고 다 작고 너무 좋은데...부품도 작고 다양한 볼트와 너트와 별볼트... 정비성만 좀 상향시켜주세요 ㅠㅠㅠ,1
62,6:19 푸조가 원조         조화가 좋아요,1
63,푸조 볼보 단가 절감을 정말많이 안하는회사입니다... 현대차 비교하는건.. 아니라고 봅니다... 선루프 단순유리가 아닌.... 뭐드라.. 채용한 유일한 2개 회사입니다....  자기만의 아이덴티티 있는 회사입니다... .,3
64,흉기에는 단차를 발로 맞추는 발 스킬이 있기때문,1
65,2008은 언제나 수입차치곤 저렴하긴 했는데... 역시 결국 AS가 문제인듯,5
66,"판매가는 좋은데.. 수리가격이나 동급가격의 차량과 보험, 취등록세가 중요한거 같아요.신차 가격만 보고 구매 했다가.... ㅎㄷㄷ",2
67,이차는 잘팔릴거 같네요,2
68,어제 508 봤는데 앞에는 멋있었음~ 뒤쫓아가는데 루프에서 트렁크 떨어지는 라인이랑 휀더쪽까지 전체 이미지가 왜 자꾸 세피아가 생각나는지.. 최신차인데 올드한 느낌이 느껴졌음~그래도 앞읔 멋지구리~~,1
69,열선 버튼만 터치로 된 것은... 한국 판매 차량의 디스플레이가 10” 가 아닌 7”로 결정되어서 원래는 열선 버튼과 같은 방식으로 터치 방식의 버튼이 디스플레이의 좌우로 올라가서 열선 버튼만 좌/우에 남게 된거에요... 해외 리뷰를 보시면 10인치 디스플레이와 터치식 버튼을 다 보실 수 있습니다. 한불모터스에서 옵션을 정할때 가격 경쟁력 때문에 그렇게 한 것이 아닌가 생각됩니다. 디스플레이를 줄인것은 좀 아쉽기는 합니다. 알뤼르 말고 GTline 은 디스플레이 10”로 해주면 좋겠는데 말이죠...그래도 첨단 운전 보고 기능들이 빠지는 것 보다는 디스플레이 줄이는게 소비자 입장에선 나쁘지 않은 것 같습니다.ㅡ,1
70,형 토션빔 구조가 마치 멀티링크보다 더 최신이라는 말처럼 들려서 수정이 필요할 것 같아요,2
71,현대토요타와는 달리 푸조 소형차가 미국에서 안보이는 이유는 뭔가요?,1
72,서비스가 관건 아닐까요?? 저 가격대에 성능이면 현기차에도 많아서 요즘 외제차를 많이 타서 그런지 서비스가 안되면 매력이 떨어지는게 사실입니다,1
73,참 설명 맛갈나고 세련되게 잘하시네 ㅎㅎㅎ,41
74,전기차도 기대되더라구요,1
75,전기차는 싸면 싼이유가 있고 비싸면 비싼 이유가 있다. 용빼는 재주는 없다,1
76,현대차에서 나왔으면 그럭저럭 잘 나갔을듯..,1
77,오늘 따라 택시 타고 싶다!!,7
78,푸조 208 을 기다리고 있습니다.,1
79,차가 기본적으로 잘빠졋네요:-),19
80,"푸조2008 작년부터 기다리다가 르노 캡처 시승한 후 결국 폭스바겐 티구안으로 선택했습니다. 유니크한 프랑스만의 디자인을 보고 첫눈에 반한 차였지만 오래봐도 질리지 않을 볼수록 매력적인 독일의 단순미를 선택한 셈이죠. 후회없습니다. ^^ 김한용 기자님의 깔끔한 진행과 해설, 늘 애청하고 있습니다.",6
81,프랑스 감성 ㅎㅎ  2012년 3008  너무 만족스럽게 잘 타고 있습니다. 디젤은 푸조가 집대성한 느낌 입니다.,4
82,갑자기 영상 화질 엄청 좋아지셨네여 ㅋㅋ 장비 변경...!?,6
83,간만에 지긋지긋한현기차말고다른차보니 좋네요~,4
84,차가 뭔가 라이온킹스럽다,3
85,외제차 는 타고 싶고 편의기능은 좀 있었으면 좋겠고 힘 적당히 좋고 나혼자 내지 여자친구 랑 다닐때 좋겠군요,1
86,쁘죠가 아니 프랑스 마크들이 드디어 자동차에 디자인과 아트를 접목시키기 시작한 거죠. 이전까지 프랑스 마크들은 자동차를 철저히 일상의 실용품으로 접근해왔는데 근래들어 르노 탈리스만부터 얘들이 디자인을 받아들였어요. 똥고집을 버린거죠 ㅎㅎ 게르만도 디자인에 심혈을 기울였는데 정말 이해할 수 없었던 프렌치 고집 ㅋ 암튼 반가운 일입니다.,1
87,최악 연비왕 대회 하면 참가해볼 의향있습니다. ㅋㅋㅋㅋ,1
88,결국은 그래도 대안은 현대 싼타페 갈듯 하죠 그어떤 안조은 내용이 있어도 현대 싼타페 갈거같죠. 지존이네 역시 지존,3
89,"지금 2008타고 있는데 연비 뻥연비 맞아요. 17km 안나와요. 시내 동네 주행만해도 19정도 나오고 고속도로에서 평균 110-120 정도 달리면 27까지 나옵니다 ㅋㅋㅋ현재 110,000 타고있는데 총연비 19.9 .",50
90,최근에 하남스타필드 1층에서 지나치다 폰으로 차정면찍고계셔서 인사드리려다 방해될까봐 못드렸는데 시승하셨군요!,2
91,이거 실물 진짜 이쁨 !!!,4
92,3천200이 적은 돈이 아니라우리나라 소형 suv가 과한 거다물가는 오를지 몰라도대한민국 평균 급여 실수령액은 변함 없다.,1
93,영국차 - 제규어/ 랜드로버 = 프랑스 - 푸조,1
94,좋은 영상 잘보고갑니다~^^여러분 제가 차알못이라서요...ㅜㅜ혹시 국산차랑 비교 했을때 크기가 무슨차랑 비슷하나요?,2
95,푸조 시트로엥의 디젤은 정말 타봐야 논할 수 있죠? 진짜 디젤로 이런 주행감을??,3
96,디자인이 나이대 상관없이 여성분들이 좋아할 정도로 잘뽑았네요 ㄷㄷ 가격대도 나름 괜춘한듯,6
97,푸조3008 16만 넘게 타고 있는데연비는 잘 모르겠고 최근에5만5천원 주유하고 1000km 탔네요,7
98,9:54 제가 정말 좋아 하는 부분 입니다 ㅋㅋ,12
99,"이차 가격 떨어지려면 얼마나 걸릴까요? 그리고 중고차도 보조금 지원대상인가요,",1
100,디젤에 환장한 디젤 덕후인건지 휴발류는 못 만드는건지... 알수 없는 푸조....,3
101,1:12 너무 자연스러워서 순간 뭐지? 크레타 인가 싶었네요 ㅋㅋ 10:32 약간 뭐.. 뭐가 서요?! ㅋㅋ 취존 합니다만 특이한 취향이시군요 ㅋ 진짜로 11:07 ㅋㅋㅋㅋㅋ11:27 오오오오20:26 저는 가능 할껍니다.. ㅋㅋ 쏘나타로 연비만은 슈퍼카 타듯 나와요.. 시내에서 리터당 2.3에서 좀 나오면 4.5 사이 나와요 ㅋㅋㅋㅋ 차에 문제있나 싶을정도에요 ㅠㅠ 고속연비는 22키로까지 나오는걸 봐선 제가 발컨이 그렇게 나쁜건 아닌것 같은데.. ㅠㅠ23:18 ㅋㅋㅋㅋ 어떤 의미로든 굉장히 현대적이죠 ㅋㅋㅋ,3
102,이차사면 수리비는 비쌀까요?,1
103,시트로엥 c4가 더욱 기다려지는 영상입니다.,3
104,"푸조차,,내구성도 좋고 연비도 좋은데,,감가가 너무심함,,2년만 지나도 ㅜ,ㅡ...인지도가 없어서 그런지,,,",1
105,카메라가 많은 한국에서는 네비가 없다는게 가장 큰 단점... 모르는 길 갈때는 무조건 폰네비를 작동 시켜야 한다는 건가... 그게 아니면 애초에 도로교통법을 지키지 않는자는 운전하지 말아라! 이게 정답이네 ㅎㅎ,1
106,혹시 스피커는 포칼인가요 보스인가요?,1
107,반자율 주행 되나요?,1
108,푸조가 다 좋은데 ㅠㅠ 수리비가 진짜 ㅠㅠ,1
109,글쎄요 유럽에서는 뽑기운이 강하게 작용하는 브랜드 이미지라서 10년전까지는 중고차값이 현대보다 싼 유일한 브랜드였는데요,1
110,언젠가부터 3천이 그저 그런 가격이 되어버렸네 .... 모으기는 빡신데,291
111,푸조 + 현다이 = 푸다이,2
112,수입차가 비상식적으로 국산차 가격대로 떨어진 것인지?   아님 현기차가 터무니없게 수입차 수준으로 이미 가격을 올려버린 것인지?,1
113,"디젤은 첫느낌 보단 내구성 문제 아닌가요...? 1,2년 지난 차주분들의 의견은 어떤지 궁금합니다.",2
114,넘사곳팡ㅜㅜ어제 집앞에서 푸조 2008 흰색봣는데 이뻐요 근대 난 오렌지색 사곳픔ㅋㅋ,3
115,현대 엠블럼 합성해도 은근히 어울리는 감이있네?,1
116,2015 2008 차주인데 한 여름 에어컨 최하 온도 설정 후  50% 가동하고 참고로 실외 온도가 37~39도 였음....성인 세명 고속도로 주행시 23...연비가...에어컨 안 틀고 혼자 운전하거나 둘 정도 탔을시에는 25가 넘음....고속도로 연비....연비 죽이고 고속 주행시 더 안전하게 깔림...유럽차들 특징이죠...에어컨 최하 온도가 13도임....앞 열 시트 켰을시 바로 따끈해지는것도 장점....,1
117,정비가 너무 힘들다는 말이 있던데요? 현재 오너 이신분들 생각은요?부산쪽에서 정비 용이한가요?,1
118,무려가 아니라 헐 3200이면....푸조는....절대...,2
119,환경 때문에 5년뒤 디젤이 규제된더던데 지금사서 크게 나뻐지는 경우가 있으려나요? 차잘못이라 궁금하네요,3
120,솔직히 이정도 구성이라면 국산 소형suv 풀옵을 고려하시는분들 뜯어말리고 추천하고싶네요.필요한 안전기능도 다 들어가있고 수입차 특성상 프로모션에따라 2천만원대가 될 수 도 있을것같아요. 디젤로 뽕뽑다가 사고치고있는 독일차들과는 대조적으로 유럽 배출가스 기준치를 여유있게 통과하는 기술력 또한 신뢰받을 부분인것 같습니다.,30
121,푸죠 AS  시스템은  어떤가요?!,2
122,공인연비보다 높아서 뻥연비인 차 푸조 ㅎㅎ,1
123,푸조 디젤 엔진 타 본 분들은 인정하더군요 같은 프랑스 수입? 소형 suv 르노 캡쳐와 비교했을 때 경쟁력은 어떤지 궁금합니다,4
124,한용기자님 월급 많이 받으시는 모양이네요,1
125,현기차 품질이 좋아지긴 했지만  가격 너무 올려부렀네~,2
126,가솔린나오면 구매각이다. 전기차는 집밥가능하면 심각하게 고민할듯,3
127,"좋네~ 다 좋아보여, 근데 왜 안팔려??",1
128,3000 이면 쏘렌토 5인승 가능 합니다.,1
129,508도 해주세요 한드래곤횽아~,5
130,"전설의 잘못 베껴쓴 답 이야기,, 로뎅.오뎅.덴뿌라 생각나네요",1
131,그지같은 네비 원래대로 돌려놓기 전엔 단 한대도 안팔렸으면 좋겠네요. 한불이랑 경원 이쉐리들은 망해야함.혹시 전시장 가거나 시승하시는분들은 딜러한테 꼭 '8인치 화면이 그지같아서 안살래요' 라고 한마디 하고 나와주세요,3
132,김한용 기자님 개인적으로 리뷰하신 차 중에 쏘렌토 하이브리드 vs 푸조 2008 어떤게 더 매력적인 차인가요?,5
133,3200이 어느순간 겨우가됬지......ㅋㅋㅋ,5
134,전기차가 230이라...최악이네요..,6
135,제 푸조는 미션이결국 퍼졌죠.울컥울컥 그 미션의 울렁임은 잊을수없음,4
136,1:13 이질감이 전혀 없어서 뭐가 달라진지 몰랐다 로고송듣고 알아챘네 ㅋㅋㅋㅋㅋㅋㅋㅋㅋㅋㅋ,1
137,티볼리 2대 가격이군요. 티볼리 보다 큰가요?,2
138,전기차 230이먄 걍 아이오닉수준이네.. 짧다,2
139,현기차탈거면 무조건푸조네,1
140,음.. 가격은 타고있는 셀토스와 비슷한데 뭔가 조금더 고급스러운 느낌이 드네요시승기나 리뷰같은거보면 사실 다 좋아보이는게 이게 말빨의 차이인가 싶기도 하고 ㅋㅋㅋ 근데 현대 로고가 붙으니 그냥 셀토스가 더 나아보이기도 하네요 ㅋㅋㅋㅋ,2
141,"질문 있습니다. 10년 탈 생각하면, 푸조2008 선택 괜찮을까요? 디젤이라 좀 걸리지만 연비도 훌륭하고 넘 이쁘네요. 원래 하이브리드나 전기차로 갈아탈 예정이었거든요.",2
142,"차가 좋습니다 엔진소리, 변속느낌 생동감이 있습니다.",1
143,프랑스에선 정말로 서로 범퍼 박으면서 사나요 ..? 어쩜 ,2
144,ㅋㅋ뻥연비 인정...내구성 좋음...508로 27만 운행중...,1
145,르노 캡처가 더 좋은 것 같습니다,1
146,FUTURE라고 앞 광고화면에서 나오는데 이제 내연기관 차량은 더 이상 FUTURE가 될 수 없는 게 현실인 것 같습니다~ 지동차 회사들은 최대한 빨리 태세 전환하지 않으면 예전 필름카메라 회사들 처럼 한 방에 훅 갈 수 있습니다~,2
147,200키로는 너무햇는데?ㄷㄷ,4
148,푸조: 연비가 잘 나와도 뭐라 그래...,2
149,208 가솔린 디젤이 클리오처럼 못 오네 한국인이 싫어해서 전기차가 보편적이되면 소형 전기차도 바이바이,6
150,르망 좋아하는 사람들은 알겠지만 독일패왕시기 유일하게 독일이랑 맞써 싸운 브랜드가 푸조임 ㅋㅋㅋ 진짜 디젤의 황제 푸조 ㅋㅋ,3
151,아주 자연스러웠어요ㅎ세계에서 단차는 한국이 최고품질이니까 그냥 타면된답니다 세계적으로 웬마한단차는 그냥탄다는 사실을 오늘 알았네요,3
152,프랑스 앞뒤로 범퍼로 밀고 들어가는거. 독일은 절대 안하는거! 잘아시네요! ㅋㅋㅋㅋㅋ,3
153,푸조는 ... 기술을 파는게 아니러 디자인을 파는 회사,1
154,현대 로고박으니깐 느낌개변하는거 실화인가여 ㅋㅋㅋㅋㅋㅋㅋㅋㅋㅋㅋㅋ,2
155,운전하면서 운전이외의 조작은 차를 세우고 하는 모습을 보여주세요.거리가 멀다 어쩌다라는 얘기보다사람들이 운전하면서 조작키에 신경쓰면서 운전하는 모습 엄청 위험한 운전습관입니다.,2
156,푸조를 보면 현대차가 떠오르는게 아니라현기차가 몇년 전부터 외관디자인에서 푸조시트로엥을 그냥 디테일 카피 수준으로 베껴댔다는게 맞는 말이죠캐릭터 라인같은건 그냥 복사한 수준이 맞아요2000년대 후반의 양사 디자인을 보시면 누가 누굴 베끼는지 할머니도 알수있습니다디자이너들이 넘어 왔다는 사실에서 납득이 되긴하지만요,2
157,겨우32.000.000만원이라는표현이결코예쁘지가않네요~,2
158,"한용 삼촌 안녕하세요! 요즘 suv전성시대인데 20대후반, 30대가 4000만원으로 살수있는 수입suv나 국산suv 추천하는 영상도 찍어주시면 좋을꺼같아요!! 요즘 저도 고민하고 있고, 친구들, 사람들도 많이 고민하는데 한용삼촌이 추천해주시는 걸로 좋을꺼같아요 항상 잘보고 있습니다!",5
159,2008 만족하며 타는중,2
160,김한용 피디님 모터그래프부터 애청자인데요 현기랑 거리를 좀 두시기를 바랍니다. 최대한 3자 시점에서 독립적인 리뷰만 해주세요,3
161,"젊은사람들 유행,감성 코드 맞춘다고 아랫사람한테 그런것좀 대본에 넣어라 이런 느낌이 아닌 젊은층에 관심을 갖고 실제로 이해도 하고 있으니 이런 자연스러운 드립이 나오네요ㅋㅋㅋ 20대 학생인 제가봐도 어색하지도 억지스럽지도 않은 최고네요 기자 아저씨",1
162,21 푸조 2008 구매를 한지 일주일 되었습니다!사이드 측후방 감지기가 작동이 된적을 본적이 없는것 같은데 영상에서도ㅠ작동을 안하네요...이거 무슨 문제가 있는걸까요??,1
163,가솔린은 대체 언제 나올려나 쩝..,24
164,다나와차 가서 견적 해보려는데 옵션이 아무것도 없던데...,1
165,하지만 솔찍히 쏘렌토가 모든면에서 더 좋은듯  합니다,1
166,"중간에 연비 얘기를 많이 하시는데요.....좀 어이가 없네요.... 연비를 누가 순간연비로 해서 그 잠깐의 연비숫자를 봅니까?초보운전자도 아니고, 많은 종류의 차를 타보시고 소유하시는 유투버라는 분이 정상적으로 하시는 리뷰라고 생각하기에는 문제가 있다고 생각합니다.연비 좋은차라고 말하기 위한 위미로 해석되지만 그 방법이 정말 손으로 하늘을 가리는듯한 정도의 느김이라서 보는 내내 참 어이가 없엇습니다.자동차든 뭐든 전문유투버가 할 말은 아니라고 생각합니다.",1
167,앞에 저 송곳니만 없으면 진짜 예쁠것같은데..,2
168,이것이 스포티지나 투싼에비해 나을게 뭐지? .. .,5
169,1:12 ㅋㅋㅋ 너무 자연스러워서 현대차인줄 ㅋㅋ,199
170,광고가 한 6개는 나오는듯 ㄷㄷㄷ,1
171,현대차는 기본만 잘하면 더 승승장구할텐데...기본을 못 해서...,1
172,뒤 트렁크에 골프백 들어가나요?,1
173,차값이 문제가 아니고 서비스가 문제 푸조,1
174,테일램프 각진거 내 취향이너,12
175,현대차랑은 비교 자체를 안했으면... 디자인의 수준이 전혀 다른데 지 맘대로 한거랑 디자인이 잘 정리된거랑은 차원이 다름 푸조가 낫다는 이야기,2
176,현기차 보다 월등한 차 네요.가격대비 가성비 굿,2
177,디젤이라 아쉬움.,1
178,여름은 여름이네요 차가 땀범벅이네ㅋㅋ,1
179,이차 안드로이드오토는 안되고 애플앱만되는지 궁금합니다,1
180,비엠220d 도 1300할인해서 3700이던데...,2
181,"외제차 같지가 않네요. 얼마 전에 차를 바꿨는데, 한번쯤 고려해 봤어야 했는데.. 싶습니다.",2
182,푸조는 차는 좋은데 한국 유통사나 서비스센터 때문에...,1
183,수입차는 독일차,1
184,국산 투싼 신형이랑 푸조 2008이랑 고민하고 있습니다. 혹시 어떤게 나을까요?출퇴근 시 장거리 입니다,2
185,현대보다 훨났다,2
186,단점 시스템이 오류가 많아요~~그리고 요즘차에서 단차? 무지심함,1
187,진짜궁금해서 물어봅니다다 방송봤는데 다좋다고 말씀하시거든요ㅡ그거는 일반인도가능해요ㅡㅎㅎ도대체 어떤차가 안좋아요? ㅋㅋ깐적이한번도없음ㅡ 다좋음ㅋㅋㅋ,1
188,3008도 실내 겁나 좁던데 2008은 더할덴데. 외관은 예쁘지만 저 차를 선택하진 않을것 같습니다.,2
189,여러분 비가 오는데 비가 안샙니다!! 푸조 짱!!!,16
190,혼자 타고 다니기 적당하겠네,1
191,쉐보레가 내부디자인을 이렇게 뽑고 외부는 그래도 많은 변화가 있지만 아무튼 이런식으로 가면서 차 팔 생각을 해야지 내외부적으로 국내소비자 입맛에 따라가지 못하면서 뭔 배짱으로 가격은 비싸게 쳐받기만 하는지....,1
192,푸조 조화 좋아 (조하조하),2
193,투산과 비교해야되는건가?,1
194,이쁘다.근데..3200..서비스도..흠..,4
195,현대 디자인이 왜 그 모양인가 했더니,1
196,레알 현댘ㅋㅋㅋㅋㅋ,2
197,푸조 중공에 넘어가지 않았어요??,1
198,지금의 흉기보다야,1
199,스타필드에서 촬영하셨네요 ^^,4
200,김한용님   아빠가   차살려그러는데팰리세이드  살가요?쏘렌토   살가요?,1
201,푸조 좋죠.......... 미션빼고..................,3
202,저의 아버지가 푸조 2008 2015 차주인대 참 핸들하고 계기판은 항상 작네요 그리고 푸조 단차 드릅게 안맞ㅇ..,1
203,레시피 잘못 보고 만들어서 다른 느낌,2
204,광고가 . . .후덜덜하네요,1
205,아놔 순간 현대,1
206,잠깐이라도 현기차에  비비는듯한 기분은  나만그런가,1
207,연비깡패 맞아요. 서울 출퇴 시내주행만 하는데 11 나옵니다. 고속도로 27ㅋㅋ,1
208,광고가 넘 많네요 ㅜㅜ,4
209,아반떼  문짝은  누가 박아도  모름.,2
210,최하위모델 3200만인가,1
211,김한용씨도 뒷광고 한 적 있나요?,4
212,2008 리뷰인데 0:08은 왜 208이 나오죠?,1
213,3200만원씩이나 하는구만....,1
214,현대기아도  기어봉 저렇게 해주시지  ㅎㅎㅎ,10
215,나이든 성시경 닮았어요,2
216,2008이믄 2008년식임?,1
217,디젤요???? 헐..... 전기차면 모를까.....디젤은......아니지요....,4
218,휘발류  나오면 바로 삼,1
219,나만 그런지 몰라도 푸조는 뭐 다좋은데 로고가 너무 대문짝만해서 별로야.... 로고좀 작게 작아주던가 2008만 박아주지,1
220,초점잡는거 심각하네;;,1
221,푸조디자이너분들이현대기아디자이너분들이라고들었는데요,1
222,훌륭하지 못한 얼굴..,2
223,근데 디자인이 너무..,2
224,10:30 취향이 확실하시네...,97
225,귀에 속속~ㅎ,2
226,수리비는얼마일까 ㅋㅋ,1
227,르노가있는데 푸조를 왜 사는지,1
228,508  22만키로 탓어요 잔고장없고 소모품 저렴한편이고 연비 20키로이상 나옴,1
229,푸조옷~,3
230,한국이 제일 잘하지~ 옵션질,5
231,센터페시아 디스플레이 한국만 작게 ㅎㅎㅎ 아 쩝,4
232,왜 디젤이지?,1
233,광고가 ㄷㄷ,1
234,푸조 -> 푸라면,1
235,단차는 발로 맞추는!!,1
236,이쁘다,1
237,진짜사고싶은데 디젤. 전기차는 조루.. 어떻게 해야하나,1
238,18년식 3008 타고 있습니다. 묻지도않고따지지도않고 푸조까는 사람들이 많아서 참 아쉬웠는대 김한용님께서 제가 하고 싶었던 말들을 대신 해주신거 같아서 속시원합니다~ 그리고 3008에도 번역오류있어요 앞차와 가까워지면 문을 닫으라고 떠요 ㅋㅋㅋ 그냥 번역기 돌리는 듯,9
239,자막다시는분 맞춤법이 너무 심각하셔서 자막 안보고싶은데 끄는 기능이 없네요 ㅋㅋㅋ,12
240,겨우?!!!! 웃기네,3
241,디젤..,1
242,미처날 뛰고 있습니다,5
243,난 차 외관부터 내취향이다.. 다만 아직 나이가 어려 돈이 없다 결국 현실은 셀토스,7
244,그  주댕이만 터는 광고모델 ㅋㅋ,1
245,6분3초 미쳐 날뛰고 있습니다.,1
246,그냥 생각보다 차가 별로다.. 한용이형이 너무 너그럽게 대하네,1
247,와 언제하시나했네 너무 예쁘게 나왔고 인테리어도 끝내주는데 수동트렁크랑 수동시트가 아쉬운 ㅠㅜㅜ가격도 좀 비싼편인데 가성비 중시하는 소형suv시장에서 살아남을까요?,4
248,씨트로엥도 3천정도하던데 국산차가 비싼건지 수입차가 싼건지 ㅎㅎㅎ,1
249,광고 그만  나오면  안될까요?,2
250,솔직히 차값 너무비싼거아님?ㅎ,2
251,"현대가 아슬란, nf소나타, 재네시스g80 등푸조 많이 카피했었어요.사자 발톱 할퀸것도 의미 없이 가져다쓰고",4
252,차는 좋은대 한불모터스 서비스센터가 개판이죠,1
253,3천이 아 이름이가,1
254,르노는 토션빔 그렇게 까더니 푸조는 토션빔충들 없나요?...,1
255,내차 2008 2018년식인데(2017.11출고)디자인은 좀 바꼈네 연비좋은거 말고 장점은 크게 못느끼는 차량임변속기도 mcp인가 그거라 변속시 울컥거림 심함 변속속도도 늦고이젠 적응해서 괜찬긴한데 처음엔 조금 애먹었음 실내공간도 국산차 동급에 비하면 좁은편이고 옵션도 별로 없음,4
256,멋지네. 이제 현대차는 똥 됐다.,1
257,"6:02 이 부분에서 ""미쳐 날뛰고 있습니다."" 라고 들리는데 저만 그렇게 들리나요? 뭔가 게임에 나올듯난 여자목소리인데 ㅋㅋ",1
258,3:12 무슨 공간이요?,18
259,재규어야 좀 보고 배워라,1
260,뒷자석 2열 벌서네,1
261,"계기판 때문에 차를 살까요. 아무리 좋은 차도 시끄러우면 꽝.조용하고, 고장이 없어야 하고, 무인운전이 가능해야 한다.",1
262,이전 보다 변속기 달라요,1
263,핸드폰보다 작은 센터 모니터는  한불이 무능력 한거냐 뭐냐. 다된차에 완전 코빠뜨리네,1
264,현대차가 푸조 뺏겼네 ㅋ,1
265,디젤이라 거른다,1
266,단차를 한국이? 발로?,2
267,3200만원이 겨우인가..,2
268,2008 산지 5년 조금 넘었는데 여태 잔고장한번 나지 않았고 워런티 끝나고 엔진오일 오일필터 에어클리너 교체하는데 18만원정도 나오네요. 평택 서비스센터로 다니는데 한번도 예약한적 없이 그냥 가도 다 점검해주더라구요. 5년평균 연비가 21키로 정도나오고 잘타고 있긴한데 그사이 애들이 태어나서 좀 작게 느껴져서 5008로 바꾸려고 생각중입니다. 푸조 작은 핸들에 익숙해져서 큰 핸들은 이제 부담스럽네요.,92
269,우리 아파트에 갑자기 나타난 차가 이거였구나..,1
270,중국차 다음으로 잔고장 많은 푸조를? ㅋ받아 쳐 먹는건 괜찮은데 목숨달린 일인데 적당히 하자 돈만주면 타이어뱅크 리뷰도 나올듯,2
271,현대차가 아니라 딱 트레일블레이저랑 형제차 같은데....,1
272,나같음 무조건 이거 산다,1
273,현대마크가 이리도 어룰릴줄이야.....,3
274,겨우..는 아닌듯,1
275,사무실 뽀로로로 도배해 주세요,1
276,다좋은데 내부가 내스타일이 아님.ㅠㅠ 특히 7인치 디스플레이...,5
277,2200만원,1
278,코란도아닌가 ㅋㅋㅋ,1
279,3:14 깨알 트럼프 공간....,5
280,아 진짜 네비 또 축소해서 들어왔네... 네비호환업체 좀 제대로 된곳으로 안해주나요??  몇년전부터 3008 508 이번에 208 2008 까지 죄다 축소해서 들어왔음,1
281,사자의발톱이 아니고 아디다스에디션인데요 ㅋ,1
282,맞춤법이 참..,2
283,수리비 ㅠㅠ,1
284,푸조는 뭐랄까 프랑스에 현대 느낌이라 ㅋㅋㅋ 외제차 맛!?이 덜 나는거 같아요ㅠ  그래서 푸조할바에 현기나 좀 보태서 독삼사 같은 느낌이라,3
285,말씀은 많은데 핵심이 없네. 제원정도는 말해줘야...,1
286,3:14 에 트럼프 공간 ㅋㅋ,32
287,2:33 방향지시등 브레이크등 점점 지들맘대로 아무렇게나 만드네... 지시등 브레이크등은 어느정도 일정한 위치에 일정한모양으로 기술표준이 있어야 되는거 아닌감... 특히 방향지시등 빨간램프로 들어오는차 제조사 줘패고싶음..,2
288,3200해놓고 타신차는 3500짜리 아닌가요 ㅋㅋ,3
289,"방송은 재밌고, 차는 구리다.",1
290,한용이형님 키가 190인가요?,1
291,뒷좌석에 앉으면 고추가 선다고요??,1
292,응 토션푸죠,3
293,이차가 코너링이 좋다고요?이해안되네요 렌트해서 타보고 실망의 극이였습니다 것도 한등급위 3008입니다,1
294,승차감어때요?,1
295,10:30 녜? ㅋㅋㅋ,4
296,수리비 폭망이다 소문이..,2
297,생긴거..이상하네요,2
298,3200에 전동시트없고 개불편한 수동식 다이얼 돌리는방식인건 이야기안하시나??,2
299,이름이 숫자인 이유는 무엇인가,1
300,발로해도 그것보단잘해??,3
301,크...와이프사주고싶다...돈이가없어서 현실은 레이...크흡,1
302,뒷자석  곧휴 스는 느낌?,1
303,버튼식이 원가가 저렴하니깐요.,1
304,2015년부터 유럽에서는 모든 내연기관 운행금지.,1
305,10:30 ㄱㅊ 서는 느낌 개이득 ㄷㄷㄷㄷㄷ,2
306,의자에 앉으면  고추가?,1
307,의자에 앉으면 고추서는군요 알겟습니다,1
308,와..차에 현대마크 합성하니까 순간적으로 못생겨지네,1
309,캐릭터라인이>-<이모양이네ㄱㅋㅋㅋ,3
310,푸조 다들 사지말라던데  아녜요?,2
311,광고 보기싫다 안보고간다,1
312,국내에서는 35년에 내연기관 차량들 운행 못하게 한다는 ㅎ,2
313,외관은 벨로스터가 suv가 된 느낌...?,1
314,방금올라왔네,1
315,싼것같다고 뽐뿌와서 푸조사는 흑우 없제?,2
316,rcz는 안나오나요?ㅠ,1
317,요즘 코로나 때문에 차박캠핑에 관심이 폭발하고 있는데 차박하면 평탄화가 되느냐입니다. suv를 선호하는 이유중에 하나도 그런건데 실내 평탄화에 대한 설명이 전혀 없으시네요^^,1
318,이정도면은 광고인것같은데 아니라고 하시니 대단하시네요 ^^~,1
319,머스탱 동생?,1
320,3200이 겨우라니... 넌 돈 많아서 좋아뒤지겠다...,1
321,광고극혐,1
322,푸조 니네 왜그러냐 ? 508 스포츠백만 팔면 어떻카니 그 잘나온 508 웨곤은 한대도 안들여오고 볼보를 봐라 V60 V90 날라다닌다,1
323,푸*,1
324,배터리가 아쉽네,1
325,푸조는 수입차 중 .AS 좋나요?,1
326,시작할때 가격  크기 먼저 공지를하던가광고만 엄청옵션 처럼넣고쓸데없는말만하고,1
327,와...일본차다...,1
328,"이상엽이 헛짓거리를 어떻게 저 위대한 디자인에 비하나, 르노라면 모를까",1
329,7:06 진심입니까? 돌려깐거죠?,3
330,곧휴 서는 느낌.,1
331,푸조도 잔고장으로 유명하다고 하던데~,1
332,르노캡쳐 같은데 ? ㅋㅋ,1
333,7:15 단차는 한국차도 발조립한차들보면 어휴,6
334,유럽에서는 2022년까지 디젤차 퇴출한다고 하는데 왜 자꾸 디젤을 들여 오는거야??,24
335,6:01 미쳐 날뛰고 있습니다,15
336,역시 푸조 참 못생겼어,1
337,요즘 푸조를 보면 현대기아가 차를 잘 만든다는 생각이 납니다푸조 엔진소리 덜덜덜~~~스타트 오토 밋션이 클러치 덜컹 하는 느낌디자인만 굿~~연비는 좋은데엔진진동 밋션 연결등이 확~~깨는 차푸조 604의 환상은 먼 과거의 차실망의 실망 ㅠㅠㅠ,1
338,뿌죠 =믿고거릅니다 ㅋ,1
339,아 잡스러워...그 와중에 GTI도 베낌...,3
340,문여는순간 천만원 감가 쳐맞는거 아닌가요?2008년식 같은 숫자 맘에 안드네요,1
341,난 앞대가리에 2008 좀 없애주면 좋겠는뎀 뒤로 빼던가,1
342,내가 푸조 타보고 깜짞놀란건.....독일차나 현대차 탈떈 아스팔트를 운동화 신고 뛰는 느낌이면푸조를 탈땐 태권도장에서 신는 실내화 신고 뛰는 느낌임지면의 거친감을 엉덩와 팔로 제대로 느낄수 있음지나가다 500원짜리 동전밟으면 느끼고 멈출 수 도있을거 같에 중고로 딜러한테 사왔다가 도저히 아닌거 같아서 30만원 물고 돌려보냄,2
343,푸조는 미션이랑 a/s랑 판매점 문제가 많죠,2
344,"푸조 브랜드 생각하면, 저 체급이면 3200정도는 돼야 결정은커녕 그나마 간신히 선택지에 넣을수 있는 정도 아닌가? 그닥 대단해보이지는않는데...겨우 3200이라니...까놓고 푸조브랜드만 보고 선택하기엔...돈아깝지. 푸조정도면 차라리 현기 사는게 속편하지.",1
345,투싼보다싸네,2
346,ㅡ,1
347,6:03 미쳐 날뛰고있습니다!,4
348,"세무, 알칸타라, 스웨이드 다 다른 소재인거 아시죠..?!hoxy 아니면.. 세가지 소재가 다 들어갔다는 뜻인가??",1
349,우리나라에서 범퍼밀고가면ㅋ,1
350,근데 디젤왜케 칭찬하지? 친환경에 앞장섰던 기자님 아니였던가.. 흠,3
351,예쁜데 너무 작다QM3를 3200만원 주고사긴 좀 그렇다,3
352,Future 달아놓고 디젤이네 ㅋㅋㅋㅋㅋ우와..와..ㅋㅋㅋㅋㅋㅋ,2
353,"재생 6분 시점에 혼음이 들어가 있지 않나요?""미치고 날뛰고 있습니다..""라는 음성이 확실히 들립니다.확인 부탁드립니다",6
354,광고에서자주봐서 정작 모카안보게됨 ㅋㅋ,1
355,"서울에서는 디젤차는 탈수없다고 하던데요..그리고 전기차가 유행하면, 디젤은 찬밥 되나요?",2
356,여자들이 좋아할듯,5
357,아들차로 최적,1
358,10:31 형의 일탈...??,31
359,이제 디젤은 벤츠를 싸게 팔아도 매력없음,1
360,하.. 광고 더럽게 많네,1
361,트레일블레이저가 훨씬낫네...,1
362,이 사람이 괜찮다고 한 차사서 존망한 분들 꽤 많으시죠...대표적인 차가 QM6  차를 겉만 보고 리뷰하면 그렇죠,2
363,일본차를 소개하다니..ㅜㅜ,1
364,프랑스 차는 형편없어요....,2
365,3200에 이 정도면... 왜 욕하면서도 현대차 사는지 알 것 같네요.,1
366,"뿌조,내구성도 약하고,특히 밋션이 개똥망이라 거르는게ᆢ1년만 타보면 흉기차 보다 못 하단걸 아는사람은 알지ᆢㅋㅋ",1
367,ㅋ저딴게 3천이라니;,1
368,"렉서스.벤츠 직원들이 푸조차 ""엄청 까더만 거지같은 차 아직도 그런차 타는 사람 있냐고 ㅋㅋㅋㅋ그정도 문제있나 생각이 들어 영상보러 왔다",3
369,푸조는 발로 조립 하지 않겟죠...,9
370,댓글1빠!!!,2
371,10:31 야해..,69
372,투싼 닮았내요,1
373,조립품질 및 잡소리 장난아니고 기름값 아껴서 수리비로 몇배 더나갔네요.고장도 많고...젤 후회되는게 푸조산거 ㅠ,1
374,10:31 고추가 선다고요?,1
375,7:06 한국의 단차는 발로 차 맞추니까...기업 기술기밀 유출인가?ㅋㅋㅋㅋ 쉴드?,4
376,"..                                                                      NOT,   NOT,    NOT ...      Peuge-NOT..,",1
377,"댓글에 가성비 좋다, 현기보다 월등하다 이러는 분들이 계시는데 도대체 어디에서 가성비를 느끼고, 현기보다 월등하다고 하는지 이해를 못하겠네요. 푸조가  프리미엄 브랜드도 아니고 소형suv 1.5 디젤이 3천 넘는게 합리적인 가격인가요?아니면 국산만 아니면 된다는 마인드로 3000만원 대에 외제차 탈 수 있어서 가성비라고 하면서 치켜세워 주는 건가요?그리고 투싼보다 싸다는 글들은  투싼은 옵션 조절하면 더 충분히 싸게 살수도 있는데 투싼보다 싸다면서 빠는 댓글도 있고...객관적이지 못하네여ㅋㅋ 네비도 빠졌다면서요. 유선 카플레이로 대체하고, 서스도 전자식 서스도 아닌 그냥 토션빔에, 전기차는 주행가능거리도 요즘차들보다 짧고. 뒷좌석 공간은 솔직히 코나급? 아닌가요?소형 suv인데 겨우 3200만원이라니 라는 썸네일..ㄷㄷ 기자님이 시승한 차는 gt라인이어서 더 비싼거 아닌가요?",2
378,이차사면 호구,1
379,뒷좌석이 딜브레이커네,1
380,"하~ 리뷰 가판으로 하네...리뷰보고 전시장 갔다가 뒤집어 질뻔 했네...인포테인먼트 사이즈가 정말 한 10년전 화면크기인듯...물어봤더니 ""한국 네비사이즈에 맞추다보니 넓은 화면이 아니라 5? 7? 인지만 수입한다.""고...그래서 이 리뷰가 개판인거지 인포테인먼트 나올 때 푸조 홍보영상의 인포테인먼트 화면을 끼워넣는 짓을 하고 있네...아무리 돈받고 쓰는 리뷰도 있는 그대로 해라! (강아지가 아니라면...) ㅎㅎㅎ",1
381,싸구리차같다,1
382,디젤은 좀 아닌거같습니다;;;,1
383,다좋은건아는데 푸조as 개판에 내구성 개판으로 유명한데,1
384,".                                                                   NOT,   NOT,   NOT ...            Peuge-NOT.    .",1
385,베터리가 조루였어...,2
386,푸조는 타보시면 후회하는 차 입니다유럽에선 싸구려 입니다,1
387,에이~ 설마 돈받고 찍는건 아니겠죠.,6
388,하뇽하뇽하뇽하뇽하뇽하뇽하뇽하뇽하뇽하뇽하뇽하뇽하뇽하뇽하뇽하뇽하뇽하뇽하뇽하뇽하뇽하뇽하뇽하뇽하뇽하뇽하뇽하뇽하뇽하뇽하뇽하뇽하뇽하뇽하뇽하뇽하뇽하뇽하뇽하뇽하뇽하뇽하뇽하뇽하뇽하뇽하뇽하뇽하뇽하뇽하뇽하뇽하뇽하뇽하뇽하뇽하뇽하뇽하뇽하뇽하뇽하뇽하뇽하뇽하뇽하뇽하뇽하뇽하뇽하뇽하뇽하뇽하뇽하뇽하뇽하뇽하뇽하뇽하뇽하뇽하뇽하뇽하뇽하뇽하뇽하뇽하뇽하뇽하뇽하뇽하뇽하뇽하뇽하뇽하뇽하뇽하뇽하뇽하뇽하뇽하뇽하뇽하뇽하뇽하뇽하뇽하뇽하뇽하뇽하뇽하뇽하뇽하뇽하뇽하뇽하뇽하뇽하뇽하뇽하뇽하뇽하뇽하뇽하뇽하뇽하뇽하뇽하뇽하뇽하뇽하뇽하뇽하뇽하뇽하뇽하뇽하뇽하뇽하뇽하뇽하뇽하뇽하뇽하뇽 하뇽이형!!!!!!!,1
389,유럽에서 퇴출되는 차 갖다가 팔아먹네,1
390,캡처가 낫지 않으려나ᆢ,2
391,3200만원? 2200만원 정도가 적정가인듯,4
392,매번 보다가 중간에 나갑니다. 쓸모없이 불필요한 얘기가 너무 많아요... 오늘도 중간에 나갑니다,1
393,넘 비싸네요 누가 살까요 저 가격에 ㅡ,1
394,푸조는 사면 안되는차 아닌가요ㅎ,1
395,"항상 좋아는 리뷰채널인데, 광고 더럽게 많아서 불편하네요.",2
396,이차가 개우 3000얼마라??? 참 제목보니 정 뚝 떨어집니다. 돈벌기가 얼마나 힘든데 개우¿¿¿¿,3
397,푸조는 절대 사지 마세요.,1
398,야 이늠아 3200 이 가격이 저렴하냐? 최소 2천만원대 되야 저렴하지 이늠아,1
399,와우 티볼리보다 못한차가 3200만원이나 하네.,2
400,이제부터는 디젤차는 리뷰 하지 마세요.  우리나라가  OECD 국가 중 공기의 질이 가장 나쁘다는 사실을 김대표 께서는 알고 계신 가요???,2
401,푸조suv 미션 개 쓰래기에요~~ 언던에서 밀리구 기어변속 겁나 느림... 그기종 아닌가/.? 새로나와서 달라젔나?,1
402,현기차 타시던 분들은 그냥 조용히 보시는게 좋을것같아요다이소 3선슬리퍼 신고 다니면서 조던 무겁다 아디다스 빨리 닳는다고 해봐야 ㅋㅋ,3
403,2008년식인데.. 3200이면 너무비싼거 아닌가요,1
404,3200이라.. 스포티지.투싼 풀옵 가격인데,2
405,안녕하세요,2
406,어휴 광고쟁이,1
407,여자가 애가 아파서  차끌고 밖을 나가는건애를 골로 보내는거지  스티커 자주보는데'초보인데 아이도 있어요' 뭔 동반자살각이냐?  존나 이해안됭ㅅ,1
408,프랑스차는거르는게답이다Sm6만봐도알수있다겉만번지르한쓰레기sm6토션빔에에어컨필터등등,1
409,옆동네 쯔양은 뒷광고 때문에 은퇴했던데우리 김한용 기자님은 기자 자존심이 있는데뒷광고 같은거 하시는거 아니죠? 그쵸? ㅠ유료광고 안달고 광고비 받고 영상 만드시는거 아니시죠? 그쵸그쵸? 믿어요!!,1
410,요즘 뒷광고치다 골로가는데 목숨걸고 하는겨?,3
411,달리기 위해 2008을 선택할 분들은 한 분도 안 계실테니까요에서 빵 터짐 ㅋ 매회 잘 보고 있습니다 ^^,1
412,푸조 mcp미션은 솔직히 연비에 중점을 둔거라  시내주행만해도 연비 10중후반대뽑아줌 ㅠㅠ개이득인데 진짜,2
413,수동을 운전하는 맛을 알면.....mcp가 오히려 더 좋아보이는데....,3
414,자동 주차 기능이 전 모델에 다 있나요???,2
415,아 뿌조의 살인적 수리비는요 ㅜㅜ 207RC 오너의 푸념였습니다,2
416,우유 ㅋㅋㅋ 빵터짐 ^^,1
417,변속기 수프라 같아요,1
418,네비 한글로 어케  바꾸나요?,1
419,ㅋㅋㅋㅋㅋmcp맘에안드신다고 하셨는데.  연비를 위해 그런건데 맘에안든다고 바꾸고싶다 그러시는데. .  그렇담  푸조의 매력이 사라지는거아닙니까.,5
420,4:46 어이구,2
421,3년타면 나사가 다 풀린 느낌을 주는 차...,5
422,수동을 운전하는 맛을 알면.....mcp가 오히려 더 좋아보이는데....,5
423,qm3와 비교하면 어떨까요?참 비슷한점이 많은 차인데요... MCP나 게트락 듀얼클러치나... 차량 크기도 비슷하고... 출력도 비슷하고....!,2
424,처음에 모터그래프 로고가 나온 후 나오는 영상이 지루한감이 없지않아 있었는데 이렇게 바뀌니 지루하지않고 정말 좋군요! 모터그래프 시승기 항상 잘 보고 있습니다 :),3
425,차는 잘 나온것 같은데 역시 외제차의 답게 젊은 사람들이 타기엔 부담스러울수도 있겠네여,3
426,잘보고있어요!!!! 다음에 지프 루비콘 시승기도 보고싶어요~~,1
427,가격대비 괜찮은듯,1
428,예전에 푸조차량 시승기를 보고싶다고 글을 썼었는데 올려주시다니제가 현재 푸조2008 가계약 상태인데 타이밍 완전 좋네요!'뽑자' 라는 생각을 굳히게 되네요.  고맙습니다!,7
429,기자님 208하고 2008은 10배 이상 차이나는게 아닙니다 ㅋㅋ 항상 즐겁게 보고 있습니다 화이팅하세요~~,2
430,차는 실용적으로 잘 만들어서 괜찮은데 참.. 그 외적인 부분도 보지않을수 없지요^^;;,2
431,김한용기자님이 리뷰 제일 신빙성있고 정말 재밌게하시는듯 조곤조곤하셔서 처음엔 뭘까했는데 지금 모터그래프 매주 매주 들어와보고있어요 그거땜에 유튜부에 오게되요 김한용기자님 모터그래프 잠깐20분 정도 올리지만 보이지않는 곳에서도 노력하시고 성실함이 자연스레 보입니다. 존경합니다 이시대 정말 차를 사랑한다는 사람들 많다고하지만 김한용기자님이 제일 좋네요 김한용기자님 밑에서 일해보고싶어요,3
432,출장 다녀오셨군요 재밌게 잘보고 있어요,1
433,푸조는 과거의 앞 모습이 참 진취적이고 좋았는디...... 디자인은 글타치고 가격 대비 나름 괜츈하네.....생활형 자동차로는 더 이상 필요가 없을 듯.....유럽차라 안전이 보장된다면....,2
434,푸조브랜드는 20년 굴려도 계속탈수있다는 전설의 명차브랜드아니냐?,2
435,시승하신 차는 얼마짜리 차인가요?,4
436,브릿지영상에 BGM볼륨을 기자님 음성크기랑 (레벨을)맞춰주세요. 내용 좋고 잘보다가도 깜짝깜짝 놀랍니다.. ㅠ,3
437,렉스턴w2015좀 시승해주세요,2
438,원가절감이 푸조한테는 프랑스인의 감성이군요 ㅋㅋ,4
439,김한용이 돌아왔다!!!,1
440,자동세차 할때 와이퍼 움직이면 ㅋㅋㅋㅋㅋㅋㅋㅋ,2
441,차 설명해주면 차를 앵글에 담아야지 말하는 사람 담아서 뭐할라고 앵글 진짜 못 잡네;;;,8
442,실제로 보니까 생각보다 엄청작더라고요.....,3
443,내구성 꽝 이고멀미나고방음 전혀 안되어있고모닝보다 못한 퀄리티,1
444,다마스-.- 좀비,2
445,아이들링시에 떨림이 시트에 헤드까지올라오던데요,2
446,"흠 김한용 기자님답지 않게 소극적인 평가를 내리시네요. 물론 MCP야 김기자님 말씀대로 취향이고 제대로 사용한다면 최상의 선택이 될 수 있는 부분이라 그렇지만, 풍절음이라던가 엔진음, 특히 브레이크에 대해 말씀해주시면서 결국 제동거리가 어떻다는 말씀이 없는 점과 엔진커버에 대해서도 평소같으면 원가절감이라고 정확하게 표현하실텐데 실용성이라고 말씀하시니 과연 내가 김한용 기자님 시승기를 보고 있는 것인가 햇갈립니다.이번 시승기는 출장 여독이 안 풀려서 표현에 좀 소극적이었다고 생각할께요.",2
447,사이드미러부분에서 법규에 문제가되지않나라고 생각한 이유는 뭔가요?,1
448,"풍절음, 엔진소리, 하나도 필터안되는것도 차량에서 원래 나는 소리니까 괜찮다고 말하는것 같나요? 개성인가요? 수입차는 단점을 찾아 볼래야 찾아볼수가 없나봐요. 적어도 모터스래프에서 만큼은요 ㅎ",3
449,써있긴 푸좃이라고 써있는데 왜 푸조라고 읽나요? 궁금합니다.,1
450,차와 가격은 참 좋은데 서비스센터가 문제죠제가 사는 곳만 해도 독일3사 센터가 있지만푸조는 없더군요 서울이나 부산 이런 대도시는 몰라도 소도시 지방 구매율은 한참 떨어지겠네요,4
451,"연비좋고,재밌겠(?)지만 이상하게 생김ㅋㅋㅋ",1
452,햐...정말 가격은 착하네요.,1
453,전문성이 부족합니다준비가 부족하네요,1
454,기자님 뱃살.. =_= 한무룩..,2
455,"가격은 양심 없죠, 뭔 가성비 애기을 하시나요? 유럽에서는 전트림 QM3보다 저렴하지만 한국에서는 전트림 QM3보다 비쌉니다. 그리고 티볼리급 차량이 투싼 1.7 모던트림 가격인데 저렴한건가요?푸조는 미국진출도 못하고, 유럽에서도 최고로 저렴한 브랜드중 하나인데...실망입니다, 아무리 시승차 제공해주는 푸조 눈치을 봐야한다고 하지만  자동차 처음 만든회사는 어디다 라고 애기해서 프리미엄 이미지을 조장하는건 무리가 있네요미국에 최초로 티비 만들었지만 지금 미국회사중에 티비 잘만드는 회사 어디있죠?",7
456,말을 너무 잘하려고 애쓰다보니 말도 안돼는 소리나 이상한 감성타령 하는 모습은 좀 줄였음하네요. ,4
457,딱3년타는차.,10
458,"푸조 오너인데 AS 만족하고 있습니다.어플로 문의나 실시간 예약도 다되고, 글 남기면 피드백도 확실하고요센터에 가서도 친절도가 메카닉들의 설명도 친절합니다AS받고 난 이후에도 피드백 문자도 확실일단 현기차보다 훨씬 낫습니다최근에 푸조 AS경험도 안해본 사람들이 아직도 한불한불 거리면서 마치 다 경험해본것처럼 말하는거.. 참 안타깝습니다 ㅎㅎ정작 오너들은 만족하고 있습니다.",9
459,일단 디자인이랑 파란색의 차체 컬러가 진짜 잘 어울리는 느낌이네요... 그리고 이제는 차 내부의 이런 저런 조작들이나름 대형의 터치 디스플레이로 바뀌어 가는게 자리 잡아 가는게 보이는 것 같은데요...,20
460,2008과 캡처 비교하고 있는데 2008이 더 끌리네요... 예전에 308을 타본적이 있는데 아이콕핏 한번 적응하니까 너무 편했습니다.디자인이 너무 마음에 드네요,14
461,"객관적이고 유익한 리뷰 감사합니다~! 자체적인 운동성능, 감성측면 내외관 외에도 후석에서의 승차감 또는 편의성 측면도 두루 알려주시면 이차의 구입을 고려하는 많은분들께 도움이 될듯 합니다~! 김기태 기자님, 김선웅 기자님 고생하셨습니다.^^",1
462,자동차리뷰중 가장  객관적이고  정확하고   믿을수있는  리뷰같습니다,1
463,디자인 진짜 개성있네,1
464,"시트 형상과 업홀스터리(커버링) 디자인, 소재가 생각외로 너무 좋아 보이네요. 저 정도면 통풍이 없어도 인조가죽  업홀스터리보다 나을 듯.",1
465,실용적인 모델도 리뷰해줘서 감사합니다,3
466,늘 재미있게 보고있습니다! 오토뷰 짱!,3
467,믿고 보는 오토뷰 ... 기다렸습니다.^^,3
468,이 차급에서 타채널  리뷰 볼 때 스트레스 많이 받아요. 장단점에 대한 명확한 데이터 없이 앵무새처럼 비슷한 내용으로 까면서 잘난 척 하는 경우가 많아서 신뢰도가 떨어지는 건 물론 무작정 쓰레기 취급하는 경우도 많거든요. 이 가격대에서 이 차급에 맞는 합리적인 비교 보다는 뭐 그럴둣한데 지들은 안 산다는모호한 잘난척들이 선택지에 도움이 안 되더라고요.답답해서 오토뷰 와서 캡처 트블 리뷰 다시 봤습니다. 마침 오늘 2008도 잘 봤습니다.항상 유용한 리뷰 감사합니다.,40
469,차 진짜 똘똘하게 이쁘네요,1
470,와 디자인 ,1
471,클래식 감성 하나로 승부하는 차.!!! 오토뷰는 짱!!,4
472,영상 퀄리티 너무 좋네요,2
473,프렌치 차들은 원색이 참 잘 어울리네요,2
474,믿고 보는 오토뷰~~ 푸조 2008 gt라인 정말 예쁘네요^^,12
475,늘 잘 보고 있습니다! 208도 리뷰해주시면 감사하겠습니다~ ^^,2
476,너무 이쁘게 잘 나온 것 같다!,2
477,데일라이트 디자인 좋네요.,1
478,푸조 2008은 연비가 장점이라고 하는데 리뷰에서 연비 부분이 빠진 건 조금 아쉽네요.. ㅎㅎ,2
479,일단 출력부분에서 굿!! 실내도 저가격이면 좋은듯! 영상 잘 봣습니다!! ,1
480,역시오토뷰지~~~,2
481,디젤이 저무는 시대에 가솔린이 없는게 아쉽네요,1
482,아 사고싶다,1
483,"요즘 이런것 보면 르노삼성이 참 잘하고 있다고 생각합니다. 사실 푸조 2008이 경쟁상대로 하기에는 뭔가 푸조의 품질 자체가 프리미엄 브랜드 수준이라서 국산 소형SUV 품질이 그정도 수준까지는 아니더라도 캡처 , XM3 특히 캡처 같은경우에는 저 수준까지의 품질은 아니더라도 내부는 정말 신경쓰고 더 강력한 파워트레인을 기반으로 2700만원대에 풀옵대를 구매를 할  수 있다는건 르노삼성 공장이 우리나라에 있다는 이점이 큰것 같네요(XM은 자체생산, 캡처는 수입이죠) 다만 현재 특히 제일 가격이 이상하다고 생각되는게 셀토스네요.. 실내에 플라스틱 소재에 시각적인 만족도만 키워놓고 차체를 키워놓은 자동차가 3천만원이 넘어가는 시장이 되었다는걸.. 그걸 본다면 푸조 2008은 실내재질에서만큼은 투싼, 싼타페 그 이상을 보여주면서도 3천만원 초반에 받는다는것 생각해보면 현기가 해외에서 인지도가 많이 높아진만큼 가격도 많이 높아진것 같네요(잔결함은 최근에 더 심하던데 ㅠ)",11
484,캡처후로 2008이라는 프랑스차가 올라오는게 오랜만이군요.잘 보겠습니다.,1
485,오토뷰짱^^,2
486,제로백3.5초앞당겼네요ㄷㄷㄷ이젠경쟁차종과비슷한가속력까지,12
487,차 덩치에 비해 실내 크기 트렁크 공간... 연비 다 만족이네여...다만 서비스망이 상당히 적다는거...,1
488,바빠서 이제야 보게 됐네요~ 선추천 후감상~,1
489,푸조 진짜 차 잘만드는듯..,3
490,"국산차가 푸조를 무시할순없는데,,",1
491,믿고 보는 유튜버,2
492,해치백 좋아하는데 suv 사고 싶게 만드는 디자인,1
493,독일차보다 갠적으로 푸조가더고급스럽던데ㆍ주행감은 독일차보다좋아요ㆍ피디님도308gt라인 좋아하신다고^~,2
494,리뷰 잘봤습니다. 연비 측정 내용이 빠진건 아쉽네요. 전시장에서 구경했는데 푸조 차들이 존재감이 엄청나더라구요. 도로에서 보면 눈길이 갈 수 밖에 없을듯.,4
495,다자인은 아주 젊네요,2
496,푸조의 정비성은 어떤가요? 르노와 쌍벽을 이루나요?,1
497,연비는 이번에 측정이 안되었나요?,16
498,디자인은 정말 베스트 오브 베스트!!!!!!!!!!,2
499,오오 기다리던!!! 잘보겠습니다!!!,2
500,한국시장에서는 르노 가격에 나와야 메리트가 있을듯,1
501,잘보고갑니다!  감사합니다,1
502,믿고 봅니다,1
503,엔카   전시장에  갔을때  디자인   첫눈에   반했다    연비와   디자인     시야가    좋다,1
504,푸조 시트로엥도 가솔린 모델도 수입합시다.1.6터보 엔진도 있던데 508같은 모델에 1.6터보 올리면 푸조 특유의 감각적인 핸들링 운전 재미도 쏠쏠할건데 디젤이라 먼가 아쉬움,20
505,오토뷰 짱짱~~~,1
506,푸조가 한국에선 유독 천대받고 인기 없지만 특유의 프랑스 갬성 영향이 클 뿐 차 자체는 매우 만족스러움. 저 같은 경우는 이전의 MCP도 별 불편 없이 잘 썼었죠. 지금은 현기지만 예전보다 이뻐져서 푸조가 다시 땡김...,2
507,내장내비는 요즘 잘 안쓰지 않나요? 더구나 수입차 내비는 더더욱. 그럴바엔 지금 처럼 없는게 오히려 나을수도 있습니다. 푸조에 들어가는 경원 내비는 없느니만 못하기에 더 잘한일 같은데요 ㅋ,2
508,푸조는 정통 스타이리라 램프류와 연비가 답이죠서비스가 문제지만 요즘은 개선이 된듯합니다가격도 좋고 국내차보다 심플하니 희소성  및 가성비가 굿입니다,1
509,이집도 디자이너 바꿔서 제품이 달라졌네 어디도 디자이너 바꿔서 뾰족뾰족 해졌는데 ㅋㅋㅋㅋㅋ,1
510,잘 봤습니다,2
511,"장점에 ""최상의 연비 확보""가 있는데요 영상에서는 언급되지 않은 것 같습니다. 주행연비가 어느 정도일지 궁금합니다",5
512,스팅어 2.5  해주세요.ㅎ,2
513,드뎌! 기다리던 리뷰입니다! 선플후감상 ㅋㅋ,1
514,저도 욕심내볼만한 외제차를리뷰해주시니 너무 고맙네요ㅎㅎ하지만 전...아반떼 n라인...기자님의 리뷰를 듣고지를 겁니다ㅋㅋ,2
515,현대 모 디자이너가 나가니 디자인이 좋아지는그나,1
516,PSA 그룹 차들이 아시아 시장에서는 10인치 인포테인먼트 한글화를 아직 안했는지 7/8인치만 제공되고 있던데... 개선할 필요가 있어 보입니다. 풀옵션인데도 베젤 넓은 7인치 인포테인먼트가 들어가니 깡통 느낌이 나네요....,15
517,미국이 WLTC로 바꿀리는 없을듯 하고 한국이 가솔린인증도 WLTC로 바꾼다면 푸조 가솔린도 수입이 될터인디... 가솔린 수입되면 현지가로 짐작해봐도 가격경쟁력은 엄청 높아질텐데 아쉽습니다. 병행수입업체 수준의 수입사도 싫고 가솔린만 미국인증기준인 한국인증방식도 싫으네...,1
518,좋은 영상 감사합니다. 그나저나 이번 리뷰는 좋은점 칭찬에 조금 인색한 느낌이네요. 제동거리가 수치상으로 엄청나게 뛰어난 수준인데 강조를 덜하는 느낌이고 연비도 굉장히 좋다 들어서 그게 강점이라면 측정내용이 있어야 되지않을까요. 그런 부분은 조금 아쉽습니다.,3
519,광고끝까자 봅니당약간 번외느낌으로 김피디님을 비롯한 스텝분들 자차를 리뷰하는 컨텐츠를 제작해 보시는건 어떠세요? 김선웅기자님 370z소유 하신다고 해서 370z리뷰가 보.......고....싶....ㅠㅠ 네요,1
520,선좋아요~ 후감상입니다 ㅎㅎ,3
521,꽤좋은평가군요푸조에서신차개발에많이노력한게보이네요실내도고급스러워지고성능도향상되고️,4
522,기상청 수퍼컴퓨터가 낙후된건지. 성능부족인지....2008 디자인은 멋지네요.,1
523,2008년1월5일애만든차가 저렇게 고급스럽다니.. 역시 France,1
524,"앞뒤외관, 실내인테리어 뭐 하나 깔 게 없군요.. 특히 육각스티어링휠은 압권입니다.  유일한 흠이라면 208,2008모두 가솔린의 부재랄까요... 흠",4
525,공조버튼 너무 특이해..;;,1
526,그릴이...비 내리는 호남선~ 남행 열차에~오늘도 잘 보고 갑니다.,5
527,통풍시트...아쉽,1
528,상품성은 생각보다 되게 괜찮아 보이네요 다만 역시 푸조의 고질적인 문제인 AS…ㅠㅠ,4
529,캡처 vs 2008... 고민하다 캡처로 갑니다 그나마 정비용이성에서 차이가 많이 나네요,1
530,"디자인 죽이네,",2
531,대한민국 유일무이 원탑 카리뷰 오토뷰,1
532,전기차도 곧 해주시겠쥬,1
533,주황색은 별로였는데 파랑색은 진짜 잘어울리네... 어디서 살수있나요?,2
534,사실 르삼이 있는 이상 우리나라에서 메리트가 없지않나요?,2
535,앗 방향지시등 켜지는 장면이 없어졌네요,5
536,푸조 씨트로앵 카페 가끔 십분씩만 둘러봐도 고장률 매우 높음...,2
537,1:14 1:141:14 1:14 느껴보기4:43 4:434:43 4:43 들어보기09:16 09:1609:16 09:16 타임라인 오타ㅠㅠ,7
538,기태성. 사랑해유~♡ 이젠 고백좀 받아주세요^^,1
539,푸조는 악명높은 AS 아직 그대론가요?,5
540,캡쳐가 나은듯,2
541,"오토뷰의 오랜 시청자입니다먼저, 고생하시면서 좋은 정보 주셔서 고맙습니다 저는 건의사항이 하나 있습니다 초반 김피디님께서 '함께 느껴 보시겠습니다' 라고 늘 말씀하시는데 저희 시청자는느낄 수 없거든요 그래서 '함께 알아보겠습니다' 라고해 주시는게 더 자연스럽지 않나 하는 생각을하게 됩니다앞으로도  좋은 영상 부탁드립니다",1
542,특히 앞모습 개성있어서 보기 좋네요. 앰비언트 라이트가 좀 정신사납네요.,3
543,리어 서스펜션 토션빔인가요?,1
544,우왕,2
545,이차를 타면 집사가 되는것인가?,1
546,크 색깔 딱내취향이네,10
547,근데 맨날 썸네일에 나오는 장소 어딘가요?,1
548,상품성이. 많이 떨어져 보이네요,1
549,필요한것만 다들어잇네~!,1
550,왜 정숙성 테스트가 없죠? ㅠ,1
551,푸조 디자인은 적응이안되네..,1
552,뒷자리는 보여주지도 않네;;;;;,2
553,외제차는 동네 아무대서 정비하면 안되는군요,1
554,프랑스갬성..,6
555,아이예뻐라.. 뭔가 작은 짐승 키우는 느낌 ㅋㅋㅋㅋ,21
556,"번창,번창하세요!!!",3
557,주행 느씸으로 나와여 형님들~,3
558,진짜 캡쳐가 싸게 나온게 맞네요..,2
559,1등구마!!!~,4
560,디자인은 개취지만... 음.. 난 저 이빨같은 라이트가 너무 보기 시르당... 508도 글쿠... 하지만 차는 정말 좋아보여 사고 싶긴한데 수입사와 향후 AS가 불안해서 선뜻 손이 가진 않는다.,9
561,사전 계약한 gt라인.내일 출고에요~~~ ㅎㅎㅎ,8
562,푸조 오넌데 지난 번 모델들 보다 훨씬 비싸 졌어요. 13:35 누가 탈련지?,1
563,실내 소음 데시벨 없네요~~~~~,1
564,푸조.시트로엥다신안삽니다...기태성님리뷰라    좋아요는하고갑니다,1
565,이쁘게 잘 나왔지만 내돈내산 하기엔 애매한 차,1
566,캡쳐는 보기엔 괜찮던데2008은 뭔가 짜부된 얼굴같네요130마력에 3500만원인데이걸 나름 합리적인 가격이라고 소개하다니맙소사,1
567,저런 어설픈 디지털 계기판보단 아날로그가 낫습니다..,1
568,2008년식이라니 푸조가 차팔생각이 없네,1
569,아니 근데 얘네는 언제 가솔린 팔려고 맨날 디젤만 갖다파네 ㅡㅡ. 유럽에서 못파는걸 한국에서 판다고밖에 생각이안듦. 이거도 생각하다가 디젤로 나온다길래 그냥 캡처삼,1
570,2008년도 차를 왜? .........................................,1
571,"..                                                                      NOT,   NOT,   NOT ...      Peuge-NOT.---",1
572,"또 디젤이군... 지들 나라에서 팔던가 하지,  왜 자꾸 우리나라에 가져오는겨...?",1
573,MCP 를 경험해보기 위해서라도 시승을 해보던지 렌터카로 빌려서 하루정도 몰고다녀보던지 하는게 좋을거 같네요. 저는 오토라도 수동처럼 변속한다 싶으면 살짝 악셀에서 발을 떼주는게 버릇이 되어서 출퇴근용이라도 MCP 괜찮을거 같긴하네요. 개인적으로 고속도로는 달리는 속도보면 120~140... 다들 미친거 같아서 국도로 80km/h 달리는거 좋아해서... ^^,2
574,오늘도 소중한 리뷰 잘 봤습니다. 감사합니다.,1
575,잘 봤습니다...,2
576,리뷰 잘 봤습니다...2017년형 3008 시승기도 부탁드립니다...,2
577,역시 mcp만 아나면 ㅋㅋㅋ 연비는 대박이네요 잘 봤습니다,1
578,잘 봤습니당. 지금 아반떼스포츠를 타고 있는데 끝까지 고민하던 차가 푸조 2008이었어요. 그때 푸조 커뮤니티에서 MCP미션은 내리막길에서 후진(그러니까 후진으로 등산)을 하면 미션에 무리가 간다는 얘기를 들었는데 이유가 뭔지 짐작가시는 게 있나요? 그 얘기한 분도 이유는 말씀을 안하셨음 ㅠㅠ시승해본 느낌은 괜찮았는데 결국 잘 모르는 미션(MCP)에 도전하기 겁나서 역시 잘 모르는 미션(듀얼클러치)로 왔네요 ㅋㅋㅋ,2
579,푸조 리뷰는 코너가 특히 인상적입니다.,1
580,푸조는 2번밖에 못 타보았지만 계기판디자인이 특히 맘에드는군요,2
581,요즘 suv를 사야되서 이것저것 보다가 신형 3008을 기대하고 있네요. 선따봉누르고 2008도 구경해봐야겠네요 ㅎㅎ  주변에서 푸조 하면 한불과 MCP 때문에 다들 혀를 차던데 한번 시승해봐야겠네요. 잘보겠습니다~ 감사합니다,1
582,23분 8초경쯤 스파크 엑티브 위장막 차량같네요~ 근데 사이드라인이 구형인걸 보아 브라질용 엑티브 모델을 테스트 하나봅니다~시승기 항상 잘 보고 있어요^^,1
583,초반 차량 전체 모습 캠에서 손떨방이 예전 영상에 비해 확연하게 줄어서 보기가 편합니다. 그런데 내부샷은 여전이 떨림이 보이네요.,1
584,큐엠3랑 비교하면 가격대비 어떤게 좋아요?,1
585,감사합니다 ㆍ 좋은 리뷰  계속 부탁 드립니다  ㆍ화이팅,1
586,"푸조는 늘 그렇지만 기승전 mcp임 mcp만 없다면 가격 대비 운전재미, 안전성 따지면 진짜 좋은차인데....아쉽네여",3
587,잘 봤습니다. 상품성이 어떤지 궁금하네요. 출력이 부족해서 답답할 것 같은데..,1
588,"칵투스가 왜 안팔리나 했는데, 이것때문에 안팔린건가요?싸진 않지만 동일 가격대보다 옵션이 좋네요.",1
589,"2년전 제가 타본 3008 느낌이랑 똑같이 느끼신듯 고속안정감이 노면안좋은곳에서 티구안은 푸근 여유, 3008경우 좀더 높은속도에서도 생동감있는 안정감이랄까...핸들링하며 국산차가 아직 발전해야할부분이 많구나 느끼게 해준 푸조였네요. 말쓴하신 mcp는  수시로 추춤울컥하는게 .....나름 재미있었습니다. 다음달 신형 3008 리뷰기대됩니다.",6
590,4창문 상하향 원터치 ㅋㅋ 역시 집착남..,4
591,MCP는 아직까지도 변속충격이 여전한가 보네요. 기술적인 한계인가 싶기도 하고 그렇게 까여도 끝까지 고집하는걸 보니 프랑스 사람들은 그 특유의 변속감에 그닥 불만이 없나봐요. 아니면 그쪽은 아무래도 수동을 많이 타니까 별로 수요가 없어서 개선의 의지가 없는걸지도? 잘 보고 갑니다ㅎㅎ,1
592,푸조가 308급 이상은 자동미션넣고 최근엔 하위등급으로 범위를 넓혀가고 있는것 같은데 의외네요. 신형 나오기전에 해외기사 살펴보면 해외판은 자동미션 넣고 있던데 왜 한국버젼엔 MCP를 넣었는지 의문입니다. 2008은 시승안해봤으나 비슷한 시트로엥 칵투스 시승해보니 영 별로던데 말이죠. 지인이 308sw타고 있어서 몇번 운전대 잡아보니 자동변속기 세팅이 잘되어 있는것 같아서 더 아쉬운것 같습니다.,1
593,푸조의 MCP는 변속 충격이 꽤 있던데 스파크 이지트로닉 등 다른 AMT 차량에 비해서 완성도가 높은건가요 낮은건가요,1
594,잘보겠습니다~^^ 맛저하셔요!!,1
595,푸조라는 브랜드에 차이름이 2008이라고 하길래 2008년도 모델인줄 알았어요 ㅎㅎ. 프랑스도 자동차를 잘만드네요,1
596,재밌게 봤습니다! 2008은 국내에 들어와 있는 푸조 차량 중에서는 그나마 가장 상품성이 좋다고 생각되네요. 그럼에도 국산차 버리고 사기는 쉬운 결정은 아닐 듯 합니다. 그리고 저 계기판은 정말 익숙해지지가 않는군요.,2
597,선댓글 후감상^^ 주말마무리 감상 잘할게요~,1
598,푸조는 역시 프랑스감성이 많군요.,3
599,화면 전환될 때 애니메이션을 넣으시니까 부드러운 게 갑자기 바뀌는 거보단 괜찮네요 ㅎㅎ 잘 봤습니다.,1
600,오 이건 신형이네요!,1
601,쉐보레 트랙스랑 비교해서 운동성능이 어느쪽이 더 나을까요 ?,1
602,mcp는 수동 타듯 타는 차예요.오토타듯 타는 차가 아닙니다.그래서 mcp 기어에 대한 불만은 프랑스인이 아니면 당연.,9
603,집에가면 자세히 봐야겠네요 잘보겠습니다,1
604,가장 큰 단점은 수입사가 한불모터스 아닌가요?ㅠ,5
605,페이스리프트 2008은 아이신 6단 자동이 들어갔다고 들었는데 아직도 MCP인가요??,1
606,잘보겠습니다!,1
607,이번에 17년형은 6단 자동으로 바뀌지 않았나요?,1
608,"그 변속감 저도 앎니더....ㅎㅎ세컨카를 고르던 중 예전 유럽에서 봤던 스마트에 꽂혀서.... 3300주고 질렀는데, 보름이 지나기 전... 내가 미쳤구나 생각했드랬죠",3
609,영상 잘봤습니다.궁금한것이 있어서 여쭈어 보고 싶은게 있는데요.애플 카플레이는 미탑재인가요?외국에서는 탑재가 된거 같은데 영상에서는 안보이네요.,1
610,한국은 돈 생김 하는짓이 도로확장이다,2
611,잘봤습니다. 인포 시스템 한글 미지원인가봐요..,2
612,스티어링은 정말 작네요 ..,1
613,GT도 mcp인가요??,1
614,푸조 3008 오너 입니다. MCP는 여러 기자들이 언급한  수준처럼 처음엔 이질감이 느껴질수 있으나 어느정도 타보면 적응[?]이 되요 저속구간에서 특히 MCP의 단점이 있구요 1-2단 지하주차장 길 2단으로 올라가다 1단 경사에서 기어 변속 난감 샌스이는 1단으로 저속으로 천천히 올라가면 되구요 무엇보다 연비가 가장 큰 장점이고 고속도로 22 KM 정도 나와요 [ 근자에 운전시] 시내주행은 경기권 출퇴근 기준 17 정도 나옵니다  코너 돌때 신기하게 코너링이 너무 좋은건 기자도 언급하고 있고. [코너에서 고속 주행 가능>? ] 브레이크는 많이 하드해요. 밟으면 컥 하고 목을 조입니다.MCP는 근자에 장거리 좀 오래 뛰었더니 뭐가 바뀐건지 부드러워 졌구요 고속도로에서 120 정도는 충분히 안전감 있고 130-140 이상도 차가 부담스러워 하지 않아요 그 이상은 정속 주행한적이 없어 뭐라 하기가 그렇네요 트렁크 상당히 넓고 트렁크에 라이트 있는건 신기했어요 [ 손전등 ] 그외 단점? 은 10만이상 근처에 삼바리 라는 부품 교체 비용이 크게 나오는데 [ 이건 타 수입브랜드가 더 비싸다고누가 그러던데] 저도 정확히는 모르나 삼바리 수리비용은 후덜덜 합니다. [ 좀 싸게 해봐라 한불아 ] 그외 장점은 차타는게 행복해요 [ 선루프 개방감은 거의 최강입니다.- 개방안됨]  장거리 운전시 피곤함이 덜한데 이건 전에 타던 현대차 보다 등급이 올라가서 그럴수도 있으니. 여튼 푸조는 저는 만족 타고 있어요가성비를 따져 현기랑 비교 한다면 일단 안정성 검색해 보시구요 [ 유럽 안전성 평가 ] - 현기 차중에도 높은 등급이 있긴한데그게 내수용과 같은차 인지는? 누가 알겠습니까,7
615,물침대차 타세요.,1
616,블루투스 잇나??,1
617,투싼과비교하면.....,1
618,처음에 출발하시는곳 반구정나루터 맞나여?  메기매운탕이 맛있는곳...,1
619,17년 3008  미션이 mcp인가요?,1
620,선감상 후댓글,1
621,오늘밤은 기자님 영상 보다가 잠들듯,1
622,말이 조금 빠른거같아요,1
623,유럽사람들이 작은건지 아니면 유럽도 한국처럼 골목골목 같은 도로가 많은건지 의외로 실내공간들을 국내차보다 작게 뽑아 내는것 같네요.,1
624,1빠,1
625,푸조 생각보다 허술하네,3
