,comments,likes
0,알페온으로 사고 나봤는데...진짜 안정성 쩐다. 시속120k에서 화물차 범퍼 밟아서 조수석 앞바퀴 휠이 금이 갈 정도인데...핸들이 안쏠리더라 ..대박,3
1,한국 GM 쉐보레(한국) 알페온 4기통/V 블록 6기통 4 실린더/6 실린더 엔진에 앞 엔진 전륜 구동방식(FF) 이고 변속기는 6단 자동변속기(A/T) 이고 2010년 09월에 출시한 준대형차 입니다. 2011년 10월에 한국 GM 쉐보레(한국) 알페온 하이브리드 HEV E 어시스트 가 출시되었고  2015년 08월에 한국 GM 쉐보레(한국) 임팔라 가 출시되면서 이렇게 한국 GM 쉐보레(한국) 알페온 은 단종이 되었습니다.,2
2,알페온 멋지..다...,6
3,(쉐보레)알페온/(쉐보레)더뉴알페온 멋짐.(쉐보레)알페온 하이브리드 멋지다.,2
4,대략 임팰러 나오기 전의 세미 쉐보레즈(Semi-Chevrolet's) 모델 같은..ㅎ,2
5,난 브롤스타즈 에서 이름으로 알페온 이라고 해야겠다,2
6,역시 미국명차답군! 잘못보셨습니다.,1
7,2010~2016 수정 바랍니다,1
8,이 차만 대우자동차가  파산해도 판매했다고?,2
9,"독일차, 일본차랑 비교하는 마케팅 전략이 젤 ㅂㅅ같음",4
10,쉐보레,1
11,"묵직함과 정숙함 정말 대단한 차임. 단 3.0의 경우 부속값이 어마어마하고. 엔진 실화, 보령미션(유리미션)이 단점이며, 엔진배선같은 몇몇 부품들이 단종되어 수리시 부속을 구하지못해  엄청 애먹는 상황도 생깁니다.",4
12,"알페온 타봤는데.... 정숙함과 승차감 하나는 진짜 끝내주던데 제네시스는 g70 밖에 안타좌서 모르겠지만, 국산 제네시스 밑으로는 정숙성이랑 승차감 하나는 가장 기억에 남았어요.",36
13,역대급으로 방음 잘되어있던차였어요. 고속도로에서도 오디오 볼륨 안올리고 탔었죠. 조용해서 속도감이없고... 그놈의 보령미션땜에 오르막에서 추월하기 겁나 힘듬,93
14,미션이랑 무거운느낌 빼면 다 좋던데 그나마 무거운 느낌도 안정감있고 묵직하게 느껴져서 오히려 좋았음.. 지금도 매니아분들은 상태 좋은 중고차로 고집하며 타시는분들 은근 있어서 놀랐음,9
15,알페온 차주입니다. 구입당시 그랜져랑 시승 후 알페온으로 구매했습니다. 시동을 켠지 모를 정도로 정숙하고 안정된 주행감이 있습니다.^^단점은 중고감가가 높다는게 ㅋㅋ,51
16,"3.0 기준으로미션문제 공감하고요! 엔진,흡기관련 트러블 공감합니다.이거 두가지 스트레스만 빼면 중요한 단점은 없다고 생각합니다... ㅎㅎ아. 부품가격이 좀 사악하다는것도 단점...",15
17,정말 역대급으로 조용한차. 할아버지 운전을 한다면 최고로 추천 ㅎㅎㅎㅎ. 굼뜨는것에 불만들이 많지만 가속을 많이 안하고 저속운전하는 사람들도 많아요. 방음 진짜 좋아요. 내장도 나쁘지 않고,1
18,13년식 2.4 차주입니다ㅎ 9만키로 탔는데 아직 만족하고 타고있어요ㅎ13년식 부터 젠2미션이라서인지 생각보단 미션때매 스트레스 받는일은 없어요!!뒷태 디자인은 아직도 만족!! 혹여나 중고로 구매하실분들은 엉뜨 잘되나는 꼭 확인해 보시길!! 리뷰 재밌게 봤습니다 :),7
19,알페온 3.0 2014년 산 차주인데...그동안 잔고장 및 소음도 없이 지금도 잘 운행중...정말 만족스러워 만일 지금도 알페온 새차 살 수 있으면다시 사서 몰고 싶은 차임.알페온은 운전해 보지 못한 사람은  알페온이 얼마나 좋은 차인지 절대  모름.,41
20,저는 2013~2020년까지 탔는데 너무 만족감이 높은 차였습니다. 그립네요 ^^,11
21,타봐서 아는데 정숙성이나 안정성은 진짜 좋음. 그런데 저런 명차를 헬적화해서 망쳐먹는 gm대우도 능력이라면 능력임..,9
22,제 기억에는 그렌저 hg와 경쟁했던걸로 알아요 제가 고1 때 아버지께서 알페온 2.4를 구입하셨는데 처음에 정숙함과 주행감이 이때까지의 차들과 달라 많이 놀랐어요 현재는 커서 가끔씩 몰아보는데 밟으면 차가 제법 나가긴 하지만 출발 때 엔진힘을 많이 써야하는게 단점인거 같아요 지금은 엔진오일 먹는 현상을 제외하면 별 일 없이 잘 달려주고 있습니다 리뷰해주셔서 감사해요!!,14
23,3.0 중고로 사서 잘 타고 다니고 있습니다. 힘 좋고 부드럽고 정숙하고... 디자인도 질리지 않고... 근데 미션은 정말 구린듯... 몇 달 전 주행 중 차가 갑자기 서버리는 어이없는 상황이 있었는데 정말 다행인게 고속도로 한참 달리다 갑자기 굉음을 내기 시작하더니 터널 막히는 구간에 들어가 가다서다 반복하다 갑자기 서 버렸음.  차 견인해 수리센터 갔더니 미션 문제라고... 수리하는데  돈 백 들었음. 수리센터 사장님이 그러시더군요. 원래 알페온이 미션이 구리다고... 전 차주가 미션오일을 한번도 안갈아준거 같은데 대충 5만키로에 한번씩 꼭 미션오일을 갈아주라고... 지금도 차가 갑자기 섰을 때 생각하면 아찔하네요. 그것만 빼면 정말 좋은 차인데...,14
24,차 정말 조용하고 승차감도 좋았는데 그놈에 보령미션 때문에 ㅜㅜ 지금은 bm 타지만 개인적으로 알페온 탈때가 더 편하고 좋았어요.. 한가지더 수납공간 아쉬움도 있었음..,45
25,알페온이 망한 이유중 가장 큰 요인은 보령미션을 사용했기 때문이기도 합니다.,269
26,2011년도에 구입해서 아직까지 잘 타고 있네요그랜져? 첨에 살때부터 비교 대상 아니었습니다얼마전 둘째 논산에 태워주고 오면서 간만에 고속도로 함 탔는데조용히 도로에 달라붙는 승차감..10년이 지나도 변함이 없네요,9
27,후면부는 정말 고급진 느낌이 드네요 요즘 나오는 좀 첨단느낌도 좋지만 저는 개인적으로 약간은 클래식한게 좋더라구요,44
28,풀옵 7년 탔는데 진짜 차량은 좋음. 미션땜시 급가속시 딜레이가 아주...똥망이긴 하지만 당시 그랜져.k7가 비빌 승차감은 절대 아니라고 판단됨.,18
29,판매량이받쳐줘서 GEN3 미션넣고 페이스리프트 해서 상품성개선모델나왔었으면 어느정도 그렌저 K7이랑 파이나눠먹었을수도 있었을차,1
30,알페온 2.4 차주입니다 근 8년차인데 고속주행 정숙성 탁월합니다. 미션만 빼면 이만한 차가 또 없죠. 라크로스 중국에서 타봤는데 한국에 들여왔으면 하는 바램입니다. ^^,10
31,"진짜 K7, 그랜져, 알페온 번갈아서 탔었는데 알페온 승차감이 가장 고급지고 묵직하게 부드러웠는데. 2.4는 모르겠고 3.0 진짜 만족하며 탔었던 기억",32
32,쉐보레 런칭전에는 그나마 공격적인 부류의 차종으로 선방했었는데  현기차의 아이덴티티를 경험해보는 순간 쉐비차의 투박함이 너무 눈에 뛰였다 그만큼 현기는 국내소비자들의 취향을 투시하고 있었고 점차 쉐비는 현기가 내세울수 없는 대형 픽업트럭또는 SUV에만 몰두하고 있는것은 아닐지,4
33,예전 토스카가 느낌은 좋았는대...1번실린터 터져서 헤드가스켓 간지 얼마 안되었는대 미션도 터지더라구요ㅎㅎ뒷휀다 부식은 덤이구요ㅎㅎ연비는 당시 아버지 체어맨 뺨사다구 때리구요ㅎㅎ 원래 아버지도 당시 알페온3.0살려고 하시다 옆에서 보시곤쉐보레는 처다도 안보시더라구요ㅎ알페온도 악명높은 보령미션으로 알고 있습니다ㅎ,17
34,"GM대우 알페온을 보니, 과거 80km/h 이상 달리면 와류현상으로 트렁크를 통해 자동차 실내에 배기가스(일산화탄소)가 유입되는 치명적인 문제가 대두되었고, 오토뷰에서 테스트한 결과 그랜저 HG는 트렁크를 통해 일산화탄소가 실내로 유입 되었으나, 알페온은 문제가 없었던만큼 품질이 좋았었는데, 그놈의 깊은 산골 보령미션 때문에 팔리지 않았던 건 많이 안타까운 일입니다.",11
35,이당시 1열 이중접합유리있었음.... 방음하나는최고 고속안정성 동급 뛰어넘음...중고차로 사면 최고의가성비가 될듯,28
36,13년식 오너입니다 당시 풀옵으로 차값만 4천 넘게준거 같습니다 현재도 잘타고 있는데 이젠 보내줄때가 된것같네요 안마기능까지 있는 차지만 요즘 나오는 차들에 비해 부족한게 많습니다,10
37,신차때는 안타봤지만 이후 중고로 알페온 . 그랜저hg lpg 를 각각 타봤는데 . 알페온 미션부터해서 소모품들 교체해야할 시기전까지는 그랜저보다 만족도가 높았음 . 근데 그게 한번 터지기시작하니깐 굳이 이 정도의 수리비를 지출하면서까지 알페온이 매리트가 있는가 ? 하면 그건 또 애매해지는 부분임 .,4
38,"알페온3.0 10년이상 타고 있는 사람으로서 보령미션 사용해서 힘이 딸린다는 말에 동조할 수 없네요. 알페온 힘 좋고 정숙성 정말 좋아요~~~실패한 이유는 그당시 GM이 한국소비자들을 우습게 보고 미국식으로 차를 구성해서(콜프백 3개, 하이패스 미장착, 차량USB위치 수납장 안 등등등) 아기자기하게 이것저것 부착되어 있는 현대차에 비해 옵션이 떨어지면 시대에 뒤떨어지는 느낌 받았고, 두번째 자신감이 넘친 나머지 선전을 많이 하지 않았고(현대차는 유명 연예인 내세워 선전, 알페온은 차를 모델로 가끔 선전), 세번째는 대우의 고질적인 문제인 차량서비스를 그대로 이어 받아 GM서비스센터를 가도 서비스맨 능력이 떨어져(웬만하면 통째로 부품교체-수리가격 폭증) 제대로 서비스를 만족스럽게 받지 못했다는 점이 있네요. 그러나 차는 정말 튼튼하고 힘세고 정숙성 좋고 엔틱한 스타일의 고급소러운 이미지가 있어요. 대형 트럭이 차 뒤 오른쪽을 제대로 받았는데, 쓰~윽 소리나면서 받힌곳 차체가 뜯겨져 나갔지만, 저는 한 곳도 다친 데가 없었어요. 지금 생각해도 알페온이 아니고 다른 차였다면~~~끔찍해서 생각하기 싫습니다~^^",2
39,가장큰 장점은 희귀하다이다...또한 고급스런 외형과 정숙항은 덤이죠..2013년에 구매했는데 애초부터 흉기차는 제외시켜놓고 고르다보니 당시 가장매력적인 차였음..  지금도 여전히 보고있자면 푸르른 광택에 자랑스러움이 차오르죠. 망한건 gm대우 입장인것이고 알페온 차주들은 진정 위너이죠,6
40,운전해보구 생각이 바뀌었음...조용하고 무게감도 있고 맘에 듬...,1
41,차가 묵직하고 단단하니 너무 좋음문 열어보면 문짝 두께부터 입이 떡 벌어짐,33
42,알페온 몇달 탔는데 당시나 지금이나 방음.든든한 주행감은 압도적인듯 그때도 느긋한 미션 반응...보령미션 10만전후에 반드시 털리는게 문제,1
43,꼭 한번은 자차로 가져 보고 싶었던 추억의 명차,8
44,대우차는 진짜 정숙하고 좋은차다진짜 대우차가 현대처럼 마케팅하고소비자의 마음을 잘 읽었다면 진짜 대성공했을꺼다차는 좋은차다 마케팅이 부족했지...정말 아쉬운 차들이 많았지,1
45,2012년 3.0 신차로 아직도 몰고 있는 유저입니다. 정말 좋은 차인데 부품가격이 너무 비싸고 미션이 정말 바보입니다.정숙성 하나는 장점입니다.,7
46,알페온이 방음재료에 신경을 쓴거에 비해 효율적으로 적용을 못했다고 하더군요자재는 좋은걸 써놓고 그걸 적절하게 적용을 못한것 같다는...실제로는 더 조용할수도 있었...,1
47,"제가 이차량을 만3년 운행했었습니다. 3.0 스페셜 모델인데.. 차량은 정말 좋고, 정숙했는데.. 미션과 실화 때문에 말많았죠.. 젠1미션이라 열화가 심해 미션 내구성도 약했고, 툭하면 ESP점등, 그리고 극악의 연비... 차라리 아이신 6단 미션에  Awd모델로  출시했었다면, 괜찮았을텐데 말이죠. 전 지금 LF쏘나타 터보 2.0 모델 운행중인데, 오히려 이녀석이 가성비가 좋더군요~",1
48,"아버지 차는 알페온 3.0 저는 말리부 디젤 운용중입니다. 알페온은 정숙성 하나만큼은 한 체급 위에요. 고속도로에서 제한속도 이상으로 달리더라도 뒷좌석 사람이랑 편하게 대화가 가능할 정도로 정숙해요. 근데 시내주행에서 60~70km/h 언저리로 막 넘어갈 때 스무스하지 못한 느낌.. 그리고 주차장에서 후진기어 넣을때도 울컥하는 것 때문에, 얼마전에 미션 솔레노이드 교체했습니다. 그리고 부품값 너무 비싸요...",3
49,지금 봐도 디자인 하나는 끝판왕인듯,13
50,현재 11년식 3.0 타고 있는 오너입니다 단점도 많지만 정숙하고 묵직함이 일품입니다..,9
51,8년째타는데 정말 잔고장 하나없었어요. 뽑기잘했을수도 있지만.. 업계계신분이 그러더라구요 정신스트레스 없는차를 타는게 진짜  좋은차라고. 이제 바꾸려는데 갈곳이 애매해요. 알페온 전현 차주님들 추천좀 부탁드려요.,3
52,유지비 안비싸요~  부품비도~~ 정말좋은차였는더...에프터블로우도 기본 장착되있는..이거타다 기변하려고 A6 시승해보고 별차이 못느껴서 접고~ G80 으로 갈아탔네요~ 말씀대로 10년타는동안 만족도가 정말높았던차~~,1
53,비싼 차를 싸게 팔려니 너무 많이 털어내서 망한 케이스... 미션도 한 몫했고요.왜 오펠의 파워트레인을 쓰지 않았을까요. :(,54
54,"알페온의 단점이라면 10만키로 내외에 발생되는 시동꺼짐...이는 인아웃 솔레노이드밸브(?)+쓰로틀 청소를 미리 정비해줘야 예방되고요, 두번째 단점으로는 휠하우스에서 운전석 도어 까지 이어지는 내장이 방음을 위해 너무 두꺼운 나머지 레그룸이 생각보다 좁습니다. 이거는 임팔라도 마찬가지인듯해서...두가지를 제외하면 동세대 HG나 K7에 비해 주행안정감에서는 따라올수 없고 부품류들도 다행히 카포스같은 사제품들이 풀려있어서 유지비 측면에서는 많이 절약할수 있습니다.",2
55,차에대해 아무것도 모르던 20대 초반에 처음타봤는데 확실히 다른 차보다 정숙했어요,6
56,현대 마르샤 한번 리뷰로 봤으면 좋겠습니다. 동네에서 봄 고급진 중형차다 같은 느낌은 많이 받았던 기억이 나네요,13
57,캬 알페온 고속주행은 참 좋앗음...그것빼고 장점이 없다는게 문제엿지만,2
58,알페온 엄청 기대했는데 차가 진짜 굼뜨고 답답했죠. 당시 비슷한 가격대에서 생각지 못할 만큼 굼떠서 나머지 장점을 다 깎아먹음.,7
59,형~~파마 너무 잘 어울려요~5년은 젊어보이는데 20대 중반인줄~~~저도 첫차로 라프타다 다음차로 알페온 고민하다 말리부로 넘어왔는데 알페온 탐나는 차라고 생각하지만 ㅂㅅ 미션과 실화발생...하지만 중후반 묵직한 주행감이 일품이라 하더라구요,1
60,"10년식 초기형 알페온 3.0 완전풀옵션 차량을 중고로 구입해 3주째 타고 있습니다~!!!!차 자체는 정숙하고 묵직하면서 튼튼하다는 느낌이 들고, 실내 마감도 빈틈 없이 고급스럽고 꼼꼼한 데다가 방음재도 두툼한 부분을 큰 장점으로 꼽고 싶어요~!!!!하지만 단점도 참 많은 차라는 것도 타보면 바로 느껴지더라구요ㅜ문제의 보령미션 외에 실내에 트렁크버튼과 썬글라스 케이스가 없고요, 네비를 선택해야만 제공되는 USB&AUX 단자, 현기차에 비해 조작성이 떨어지는 전좌석 원터치 오토 업다운 윈도우, 앞유리 열선의 부재, 잦은 열선시트의 단선 등을 가장 큰 단점으로 꼽고 싶어요특히, 트렁크 버튼과 썬글라스 케이스는 이전에 타던 아반떼HD 하이브리드에도 있었는데 알페온에는 없다는 게 좀 어이가 없더라구요~!!!!!!!그리고 열선시트의 잦은 단선으로 인한 작동불능 문제는 동호회 내에서도 이야기가 많고 증상을 안 겪어본 차들이 거의 없을 정도로 심합니다...ㅜ마지막으로 USB와 AUX 단자는 정말이지 위치 마저도 콘솔박스 안에 위치해 있어서 정말 불편하고요, 블루투스로 음악을 들을 수 없어서 리시버를 연결해서 듣는데 매번 콘솔 열어서 리시버 전원 켜고 블투 연결하는 게 진짜 번거롭습니다.ㅜㅜㅜ기본기 하나만큼은 잘 갖춰진 차입니다하지만 편의사양 및 일부 기능 부재 및 조작성과 위치는 현기를 따라갈 수가 없어요~!!!",5
61,알페온 지금봐도 멋있음.... 그리고 엠블럼은 고급시계 연상되는 모양이라 고급시계 엠블럼으로 바꿔도 큰 이질감 없을 듯,5
62,와 추억의 알페온...외삼촌이 차 뭐살까 고민할때 알페온 추천해서 지금까지 아주 잘 타고 계시죠..ㅋㅋ..물론 요즘 자꾸 그렌져가 눈에 들어온다며 차 뭐가 좋냐고 물어보시긴 하는데..,42
63,"2012년도 구입해서 열선시트 빼고 현재도 고장없이 잘타고 있습니다.장점은 많이 팔리지 않고 내외장 모두 심플해서 질리지 않는 디자인, 정숙성, 승차감단점은 열선시트 3년만 타면 고장난점, 다른 분들은 엔진실화 많다 합니다.  AS부품들이 물건너 와서 비싼편입니다. 이는 아마존 직구로 해결중이고요",1
64,맞아요.. 그당시 그랜져랑 비교하면 알페온이 상위레벨이라는게 바로느껴지죠 타본사람만 아는 차죠..,8
65,5년만 빨리 나왔다면 또 상황이 바뀌었을수도 있었던차,13
66,일해온 7년동안 타온 사람으로서 정말 공감됩니다…,3
67,hg랑 알페온 둘다 있는데솔직히 고속도로 가면 알페온 압승입니다승차감 고속안전성 방음 비교가 안됩니다하지만 필러도 너무 두껍고 유리도 작고 그래서 시야가 좁아 운전하기는 좀 어려워요,18
68,알페온 진짜 좋은 차인데 그랜져랑 비교하기엔 비싸다보니 ㅎㅎ 그래도 초창기엔 많이 팔린걸로 알고있습이다,1
69,캡티바도 한번 해주세여 예전에 너무 좋아했던 차량이라 오랜만에 궁금하네요 ㅎㅎ,2
70,"와아~ 우파님이 혹시 알페온 리뷰해주지 않을까, 유튭 접하자마자 알페온부터 검색했는데 진짜 올라왔네요.너무나 좋은 정보 감사합니다. 이제는 베리타스도.. 오호호호호호~",12
71,한때 알페온오너로서문짝이 다른차들에 비해 무거워서타는사람들이 팔아프다는이야기도 가끔들엇엇죠ㅠ그이외에는 모든부분이 만족스러운차량이였습니다,12
72,알페온 차주 입니다. 중고차로는 가성비 최고라 생각됩니다 ㅎ,2
73,3.0 18만인데 미션 빼곤 만족함..잔고장 없고 특히 주행감 묵직하고 안정적이고 속도 올라갈수록 바닥에 착 붙는 느낌과 고속주행시의 고요함은 좋은데 미션 ㅂㅅ인거 ㅇㅈ 또하나는 3.0부터는 케딜락이랑 부품공유해서 부품값 창렬함,2
74,탱크같이 단단한 느낌을 주는 차였어요동네 어르신들 타시는 분들 계셨는데 요즘은 잘 안보여요뷰익 라크로스 로고로 그대로 들어왔어도 좋았을거 같았어요,2
75,알페온 좋지~ 나름 외제산 차인데 승차감도 묵직허니 좋았지 국내시장엔 똥미션달고 나와서 아주 폭망케이스긴하지만 ㅋㅋ 미국기반회사들이 을매나 앵아치짓 했었는데 ㅋㅋ,5
76,타 보시면 압니다..ㅎ잘 타고 있어요시간이 지날수록빛이 납니다.,6
77,"4년 넘게 잘 타던 차량입니다. 차주의 만족도는 상당히 높습니다. 초기모델 el300 풀옵이었는데 서스, 미션, 힘, 정숙성 만족했습니다. 다만 고질적으로 카본이 끼어서 관리를 잘 해야 합니다. 지금도 hg와 알페온중 고르라면 당연 알페온갑니다.",11
78,애초에 4륜차량이라 4륜빼고 들어왓어도 뒷좌석 센터터널 올라온게 진짜 큰단점임.. 그다음 엔진트러블 진짜 심한차량.. 누가 베리타스 다음인차 아니랄까봐..,16
79,"알페온 타는데.. 블루투스로 음악 못 듣는 거(따로 부품 사야됨), 연비 안 좋은 거, 그리고 부품값이 매우 비싼 게 단점인 것 같아요ㅜㅜ.. 여성인데 아직 잘 타고 다닙니다 차 자체가 고급스러워서 좋아요 조용한 거 하나는 진짜 인정이에요 엔진이 워낙 좋아서 관리만 잘하면 오래 탄다는데 문제는 관리하는데 깨지는 돈이..ㅋㅋㅋㅋ 그럼에도 애정 가지고 있어요 오래 타고 싶네요",2
80,알페온 주행성능 대박이지,6
81,알페온은 지금 지나가는 차를 봐도 정말 고급지고 묵직해보임,9
82,"2011년식 3.0  뽑아서 아직까지 잔고장 없이 잘타고 있습니다.진짜 미션은 쩝....이제 다른차로 바꿀 때가 된거 같은데,이만한 승차감과 정숙성, 묵직함(2.1ton)을 가지는 차를 찾기가  힘드네요. SClass로 가야하나~ㅜㅜ",1
83,군생활할 때 탔던 차네 정숙성으로는 참 좋은 차였지,5
84,2.4  타고 있는데 차 잘 모르는 사람들은 외제차인줄 압니다. 그리고 문 열면서 하는 소리가 하나같이 문짝이 왜 이렇게 무겁냐고 함. 알페온 주행감 좋고 소음 차단 잘 되고 (개인적으로) 디자인도 참 예쁘고 상당히 좋은차입니다. 근데 순발력 딸리고 수리비 비싸고 수납공간 적고 옵션 드럽게 부족하고 골프백 대각선으로 두개 겨우들어갈만큼  트렁크 공간이 작아요.,2
85,el300 풀옵션 탔었는데 차 진짜 좋았음코너가 미국차 특유에 둔한게 있긴한데 밟으면 밟는 족족 튀어 나가서 2.4 직렬 4기통은 모르겠는데 할아버지 주행감은 아님근데 보령미션 ㅆ….ㅂ,16
86,대우차가 전체적으로고속안정성이 현기대비 뛰어나긴합니다..지금은 현기도많이 따라왔지만요..ㅋㅋ저는 토스카타는데 직렬6기통 실키식스 감성..ㅎㅎ,3
87,회사차로 모든 시리즈의 알페온을 운영 관리했었습니다.1. 2.4 그냥 할배온 그 자체입니다 ㅜㅠ2. 3.0 그래도 3.0은 탈만하죠~3. 2.4 하이브리드 정말 보면 로또사야할차(극희소성) 그래도 나름 괜찮았네요이차의 장점은 진짜 운전의 기본기가 충실합니다. 대신 옵션은 아쉽죠(쉐보레는 맨날 먼가 아쉬워요 ㅎ),2
88,얼마전에 팔아버린 구형 말리부의 젠2 보령미션도 정말 쓰레기였었죠. 차선 변경할때나 추월할때 풀악셀을 밟아도 엔진 소리만 부와아앙 시끄럽게 나고 차는 안나갔더랬죠. 그래서 이번에 볼보S60으로 바꾸었는데 가속 스트레스가 별로 없어서 정말 좋더군요. 쉐보레는 정말 보령미션을 진작에 버려야 살았을텐데 이미 늦었어요. 잘가라 쉐보레.,1
89,북미나 중국에서 큰 성공을 거둔 차량인데 옵션을 죄다 빼고 출시한 GM 관계자들 정말 미련한 짓을 했음.,1
90,어딜가도 꿇리지않는 디자인이죠ㅎ,1
91,"아직 어머니가 모시는데 하체보면 우와 지금 G80보다 트튼해 보이고.. 승차감과 정숙성 아주 뛰어난 차량입니다.. 단점이라면 편의장비 부족. 미션 교체 1회 발생 및 3만키로마다 미션오일교체,  특이한 사이드미러로 시야각이 좁은게 다였어요.. 영상에서 말한거처럼 소모품비 비싸요. 현대 기아에 2배정도..",1
92,"알페온 3.0 오너입니다. 사실 현기차에 비해 악셀반응이 느린건 사실입니다만, 고속 주행 한번 해보면 그런말 쑥 들어갈거에요. 진짜 말씀처럼 만족감이 너무 높은 차입니다.물론 지금 나오는 차들에 비해 부족한 건 사실이나, 고장날 때 까지 타려고합니다, 다음차로 그랜저나 k8타보니 부족해서 적어도 제네시스급으로 가야 만족할 수 있을 것 같아요",1
93,제 차는 2015형인데요. 과거 렉서스 타본 적도 있지만 2015형은 미션이 바껴서 나름 만족하고 있습니다 ^^,1
94,잘봤습니다. 우파님 다음 시리즈로 SM7 추천드립니다~지금 공도에도 돌아다니는 SM7 리뷰해주세요~~,1
95,휠도 크고 ㅎ 디자인도 괜찮고!고속주행시 가라앉아서 좋고!옆에서 보면 에쿠스?  같기도? ㅋ,4
96,비운의 차로 아슬란 리뷰 보고 싶네요!! 포지션은 그랜저 보다 윗등급인데 그랜저랑 차별화된점이 무엇이었는지도 궁금하고요.아...아슬란 얘기하니깐 맥스크루즈도 궁금해지네요.,1
97,"첫 차로 Cl 2.4 6개월 몰았는데... 고속 안정성, 방음, 정숙성 참 좋음.. 이걸 쏘나타로 바꿔 타고 깨달은게 문제.........",1
98,이당시 Gm차들은 뷰익이고 쉐보레고 원가절감이란걸 모르던 시절임 조립품질은  모르겠지만 말리부도 알페온도 로워암 알루미늉에 창틀 플라스틱 마감에 트렁크전체 마감 등등...,1
99,알페온 처음나왔을때 디자인 ㄹㅇ 오졌는데,2
100,EL300오너인데 실마력이 200마력이 안된다니ㅡㅡ;;확실히 우파님이 제대로된 리뷰를 해주시네,4
101,이것하고 비슷한게 캐딜락 cts 2세대도 같은 차라고 볼 수 있는데 캐딜락은 3.6까지 들어왔었을겁니다. 2000년대말에 중국있을때 뷰익 리갈이나 라크로스 꽤 돌아다니던 것 기억나네요.,1
102,다시봐도 디자인은 이쁘네요.,3
103,첫차로 15년식 el300 중고사서 타는데 답답함 딱히 없습니다. 업무용으로 그랜저IG 자주 타는데 알페온 GEN2에 3.0인 제 차랑 가속능력에서 체감상 큰 차이는 못느꼈습니다.15년식이라 크루즈컨트롤이랑 블투음악 다돼서 스마트크루즈컨트롤 제외하면 옵션도 아쉬움 없습니다. 독삼사로 기추할까 생각중인데 알페온도 계속 소장할 생각입니다. 실내 우드 올드해보이는 것만 빼면 딱히 아쉬움은 없고 부품값 비싼건 그냥 감수하며 탑니다. 점화코일 등 비싼 부품은 아마존 직구해서 다 교체함.아 실내 수납공간 부족해서 불편한건 트루.,4
104,안전성 진짜 좋음 볼보랑 비빌정도,2
105,비운의 차 하면 현대의 아슬란이 생각나네요ㅎ차는 정말 좋은데 그랜져와 제네시스 사이에 껴서 포지션이 애매해진..ㅜㅠ그렇지만 중고차 시장에선 인기가 엄청 높은ㅋㅋ아슬란 특집도 해주세요ㅎ,2
106,팍팍 쏘고 다니는 스타일 아니라면 두세번 추천해줄만한 차임.승차감 너무 좋음,1
107,알페온 진짜 디자인은 굿인데,1
108,저 좋은차를 망해 먹는것도 GM 코리아의 패시브 스킬임...,3
109,13년식 알페온 2.4 e어시스트 오너입니다. 이어시 살때 한창 하이브리드 차 열풍이어서 속아서 샀는데 참... 3.0살걸 하며 아직도 후회중입니다 ㅠㅠ 그래도 페온이는 안타본 사람들만 까는 차라 생각보다 완성도는 매우 높아서 아직 7만 탔는데 만족하고있습니다,12
110,다음엔.. 베리타스 나오나여ㅎㅎ대학생때 동네에 딱 한대있던 차라 기억남ㅎ스테이츠맨은 본적이 없어서 보고싶어여ㅎㅎ,1
111,7년째 알페온 2.4타고 있는데 고급지고 괜찮습니다. 연비도 나쁘지도 않고..외제차 느낌이 납니다,22
112,제가 고등학교다니던시절 아빠가 이차를삿엇는데 2주만에 다시팔았습니다.. 조수석에탄제가 미션울컥거리는게 느껴질정도로 미션이너무안좋더라구요.. 미션이라도 좀 좋았으면 괜찮지않앗을까 싶기도하고.. 실내디자인이랑 그외다른건 괜찮았거든요,5
113,쉐보레공통점 묵직하다 안전하다 주행력좋다단점 내부가 허접하다 편의사항이 없다,5
114,그랜져따위하고비교할수는없는차죠 3.0몇달타봣는데 주행질감은대박~~굿,2
115,알페온 조용하고 차좋은데 터지면 수입차답게 남부럽지않은 수리비죠,2
116,"울 엄니가 이거 수원에서 1호차로 구매했었다고 하던데, 그 때 당시에 저 차보면 정말 멋졌음",2
117,"저도 우리나라 최고의 비운의 차 하면, 마르샤 가 생각나네요. 포지션 애매하게 잡아서 망한 케이스라고 알고 있습니다. ^ ^*",1
118,알페온 전면부디자인 베기구랑 라이트모양 안맞는거 좀만 맞추면 더 괜찮을것 같은데,1
119,직렬6기통이었던 토스카도 가능하시면 부탁드립니다!,3
120,지금 봐도  올드해보이지않는 디자인....알페온 차 좋아요,1
121,결론은 차는 아주 좋음브랜드화에 실패해서 가격방어가 안되는 점이랑초기 가속이 무거워서 느린거 두개빼면 만점.,2
122,"12년식 3.0 탔었음. 고속도로 안정감 하나는 끝내줌. 차 문짝도 두툼해서 실제로 안전한지는 모르겠지만 안전하겠다는 느낌이 강하게 듦. 하지만 당시 동급차량들에 비해서 차가 안나감. 흡사 뒤에서 끌어당기는 느낌. 실제로 동급차량들 (그랜저, k7)에 비해서 제원 딸림. 무엇보다도 끝판대장인 ""보령미션""이 있음. 이 미션이 이 차의 장점을 다 깎아 먹는다고 해도 과언이 아닐정도로 대단한 미션. 게다가 난 겪어보지 못했지만 특히 알페온 엔진은 타 챠랑들에 비해서 실화현상이 자주 발생하는듯 보임 (확실치는 않음) 알페온 카페 가보면 실화현상 상당함. 보령미션 + GDI 조합은 세계 최강. 난 큰 문제없이 그냥저냥 5년 타다가 그랜저로 바꿨는데 그냥 한국에서는 그랜저 타는게 제일 속편함. 좋은 경험 했다고 생각하고 인생에 두번 다시 쉐보레 차량은 구매하지 않을 듯",1
123,후에 나온 SM5 노바랑 느낌이 비슷하다...근데 솔직히 이건 한국에 S-클래스라고 해야 됌,1
124,알페온 지금뵈도 진짜 이쁜데ㅠㅠ 고놈의 미션 때문에ㅠㅠ,1
125,2년전 전손처리한 알페온 후방 트럭사고가 났지만 가족들을 안전하게 지켜줬어요중고가격은 이제 저렴하지만 튼튼한 차량입니다,5
126,고속주행해보면 동시대에 나온 그랜져HG 보다 월등히 좋은차임을 바로 느낄 수 있는 알페온,31
127,"""그랜저의 몆번째(?) 탄생을 축하드립니다. 북미 판매 1위 알페온으로 부터..."" 였던 신문광고가 생각나네요",1
128,"12년 6월말에 출고한 알페온 오너입니다.아직까지 잘 타고 다닙니다. 차량은 아직까지 주행중 정숙성은 좋습니다.아쉬운점은 말씀해 주신 내용입니다만.... 미션 반응이 정말 ㅄ... 그리고 저단에서 툭툭 걸리는 느낌....7년타고 미션 나가서 교체했습니다. 140만원...그리고 크루즈 컨트롤이 없는 것... 정말 아쉬운 부분이었습니다.그외 후진시나 시동끄면 사이드 안접히는 것도 그렇고 통풍시트도 없고...핸들 열선도 없고.... 솔직히 알페온 살 때 옵션이랄까? 기본적인 편이기능이 없어서 정말 고민을 많이 했었던 차입니다.당시 그랜저와 K7, SM7(운전석 마사지, 메모리얼 시트, 통풍시트) 사이에서 엄청 고민을 했지만...와이프가 알페온에 마음이 간 상태라.. ㅡㅡ;그래도 미션 갈고 난 후는 잘타고 다닙니다.",1
129,개인적으론 알페온 앰블럼은 좋던데ㅎㅎ,1
130,풀옵 8년9만타고 팔았는데 4200주고사서650에팔았다는ㅠ고속주행은 묵직하지만 초반 1단에서2단넘어갈때 속터집니다 결함도많고...,4
131,"정숙성과 고속주행시 안전감이 좋았습니다.다음은 대우  ""아카디아""어떻습니까?",1
132,"알페온3,0 오너입니다 승차감은 그랜져보담 확실히좋습니다",3
133,알페온 탈때 조심해야됨 대시보드 끝쪽 뾰족하게 튀어나와있는데 박으면 뒤지게 아픔,1
134,15년식 2.4 젠2밋션 오너입니다.오르막 한번더 밀어줍니다.밟으면 부아앙~치고올라갑니다.고속도로 평지도로 갸르릉거리다가 밟으면 다시 밀어줍니다 부아앙~무겁긴하지만 듬직한승차감 그랜져랑은 비교불가입니다.무슨차든 단점은 다있습니다.오너가 어떻게관리하고 애정을가지고 타느냐가중요합니다.,2
135,3년동안 타면서 느꼈던건 문짝두께. 이거하나는 기가막힘. 심지어 지금나오는 g90문짝보다도 두껍고 무게감있음. 마치 기계식청축키보드 처음써보는것마냥 신세계였음. 문을닫을때 탕탕이 아니고 쿵. 하고닫히는게. 다른건다 기억안나도 문짝하나만큼은 아직도 기억이남.,6
136,비운의 차 직렬6기통 토스카 되돌아 보기 부탁 드려요. 역사도 재미 있을 듯 합니다.,3
137,솔직히...알페온...아직도 이쁜데....,9
138,3.0. ㅎㅎ기름퍼먹어서 팔았는데실내공간이 현기차보다는 좀좁은거 말고는 괜찮은차  꽉끼이는 느낌이랄까..,1
139,솔직히 알페온은 너무 아쉽다 진짜 예쁘게 잘나왔는데..,13
140,지금의 알페온도 나쁘지않게 고급스럽고 타보고싶어져~~ (담에는 SM5노바 리뷰해주세요!,15
141,할베온ㅋㅋㅋ 똥싸다가 뿜었네ㅋㅋㅋ 날아갈뻔했네ㅋㅋㅋ 지금도 알페온 매니아층도 있습니다. 미션빼면 그랜져보다훨신 좋은차인건 인정!! 거기에 헤드업까지!!왜 그랜져는 프리미엄급인데 헤드업이 안들어가는지 모르겠네요,10
142,아직까지도 잘 돌아다니는 알페온...! 그래도 알페온 혼 부품은 신차 다이에 많이 쓰죠 ㅌㅋㅋ,2
143,알페온 좋네요. 매력적인 자동차.,1
144,지엠대우 토스카도해주세요..국내 유일의 2.0 직렬6기통 ㅋ,1
145,스테이츠맨 베리타스 임팔라 오너였습니다알페온 잠깐 몰앗는데 현대에 비하면 묵직하긴하나 약간 가볍게 나가는 느낌이얐네요,2
146,알페온 드릅게 깠었는데 알고보니 우리 장인어른 차..좋아요️,3
147,15년식 3000cc새차로 사서 지금까지 타고있는데 잘나가고 좋아요ㅋㅋㅋ,16
148,볼때마다 외제차인줄알았는데 gm대우거엿다니 ㄷㄷ,8
149,알페온이 조금 더 늦게 출시되었다면 어땠을까나 하기도,1
150,저도탓었지만   현대가 워낙 한국에서 대세라  못떳지만 고속  승차감 고급지고 디자인도  꽤나  좋았고 등급기준 고급차죠~정숙성도좋음~~그러나  한국은   현대가기준이라~~~보령미션   비싼 수리비~~~망함,1
151,중고 대형세단의 갑은 체어맨이죠보령미션 알페온...여전히 중고가격방어 잘하는 제네시스하나 체어맨 옵션 가격 어느하나 따라갈 차가 없디,1
152,gm대우 문제도 있지만..그냥 이것저것 장점보다 단점이 많은 차량..,1
153,2010년9월에 사전계약한 새차 3.0 스페셜모델 올해까지 18만km 고장 한번없이 잘타고 팔았습니다.,1
154,알페온 진짜 잘만든 차인데,1
155,알페온도 멋있는 차였는데 정말 아쉽네요,3
156,요번에 알페온 구입하는데 감사합니다️,1
157,8세대 말리부 리뷰 해주세요 우파형!!! 차량 섭외 안 되면 제 차로........ㅋㅋㅋㅋㅋㅋ,1
158,너무 끝물에 왔죠.그리고 저당시 미국차 전반적으로 엔진은 효율이 떨어지고 상품성도 많이 떨어졌습니다.,2
159,처음나왔을때 멋은 있었지만 애매하게 밀리다 중고차괴물이된...,1
160,진짜 한때 잘보이다가 갑자기 안보이기 시작한 그차… 드라마에서도 나오더니….,2
161,"알페온 CL300 차주로서 차는 정말 명품 입니다.안정성,안전성,정숙성 모두 뛰어 나지만...한국인에게는 안 맞는 옵션 때문에 망 했죠 ㅠㅠ",4
162,"알페온은 뷰익 라크로스가 원작인데요. 풀옵은 3.6리터 엔진, 4륜이 있으며, 오디오도 하만카돈입니다. 알페온은 미국등에서는 제네시스와 경쟁이었으나, 국내로 가지고와 그랜저와 경쟁시키려구 각종 옵션을 제거함으로서 상품성이 많이 떨어져 판매 실패를했다고 생각합니다. 이당시 알페온 위로 베리타스가있어 라크로스 최상위 모델은 가지고 오지 않았습니다.",1
163,은근 과소평가된 차임타보면앎 ㅋㅋ 동시대 동급차량보다 뛰어나단걸,10
164,맨날 어떤 브랜드든 그랜져 잡기ㅋㅋㅋ잡힌적이 있긴 했나 싶음ㅋㅋ,1
165,나도 지금껏 타고있다뷰익 라크로스!!.돈 많이 벌면 라크로스 수입해오고싶다 ㅠ,4
166,알페온은 그래도 좀 팔린걸로 아는데 도로에서도 은근잘보였구여 근데 스테이츠맨이었나? 이게 가장 폭망아니었나요?,1
167,14년식 2.4 지금까지 잘 타고 있습니다. 옵션부족 말고는 불만이 없어요. 특히 방음은 역대급,6
168,안녕하세요 우파님 너무 팬입니다ㅠㅜ제네시스 g80 3.3하이트랙 스포츠셀렉션 한 번만 리뷰해주시면 안될까요?!?!왜 사람들이 많이 안했는가,1
169,이땐 진자 시보레가 현기보다 주행성능 한단계 이상 좋았는데 지금은...,2
170,쉐보레 고질적인문제인 옵션대비 가격이 현기차대비 비싸서;; 안팔리는 이유가 아니였나싶어요,2
171,ZF미션 사용했으면~~제네시스 만큼은 아니여두~~~대우의 역대 최고 대형 이였습니다!~ㅋㅋ,1
172,그랜저는 전설이다 진짜,1
173,살땐 국산차 수리할땐 외제차 ㅜㅜ,1
174,쉐보레는 비싼수리비와 정비성이 문제지 차는 크게문제없엇던거같음,5
175,다음엔 카렌스 3세대 가시지요 ㅋㅋㅋㅋ,1
176,알페온 ㅋㅋ 추억돋네요 베리타스는 간간히 봐도 멋있던데 알페온은 영 모냥빠져서리 쩝,1
177,이런차가 있었구나 ,2
178,중국갔을때 알페온에 다른 마크가 붙어있어서 뭔가 싶었는데 뷰익이라는 브랜드였군요..,2
179,우파님!!지엠대우 베리타스 도 부탁드려요^^비운의 베리타스ㅜㅜ,1
180,3리터엔진의 실화문제도 폭망의 원인,1
181,고질적인 마감문제잦은 잔고장.고질병인 직분사엔진의 트러블.개같은 서비스센터.미션은 병맛이긴 했으나 제가타던 el300은 240미션에 비해 그나마 나았음.주행질감과 정숙성은 매우 만족스러웠으나 위의문제들 때문에 1년 정도타다가 팔았음.아직도 겨우 7개월정도 타다가 생긴 엔진의 실화문제로 서비스센터와 통화할때의 빡침은 잊혀지지않음.,1
182,알페온이 더 좋은차 아닌가...타보면 좋던데,3
183,엔진실화 겪어보면 좋다는 이야기 안나오지,1
184,이게 그 유명한 알페온이구나MD탈 시절 알페온 혼 클락션 달았는데,1
185,알페온이 진짜 방음제 떡칠했지,1
186,주행질감은 이전 제네시스보다 좋음,4
187,11년전 이거 살까캐딜락 쿠페 살까 고민했던 기억이 ㅋㅋㅋㅋ,1
188,"저거 사실 뷰익 럭셔리차로 나왔는데, 대우차로 내다보니 대중차급으로 내려치기해버림...",3
189,"또 또, 과거미화가 되네요.. 망할만 하니까 망한거지, 소비자는 바보가 아닙니다.당시중대형은 4기통 2.4~2.7이 주력인데, 알페온은 보령미션으로 3.0도 심장병 소리 나왔습니다.  3.0도 느리다 난리인데 2.4가 팔릴까요?거기다, 깡통은 무려 할로겐 전구 램프에다가, 허접 17인치 디자인 휠, USB오디오 조차 옵션인 차였습니다.물론 시간이 지나서 옵션 다 갖춘 중고차 보면 이거 왜 망했냐? 하겠죠.하지만, 출시당시는 그랜저와 동일옵션 갖추려면 300~400은 더비싼데...그랜저보다 좋은건 알겠는데, 그 좋은만큼보다  더 비싸면 소용없는거죠.아슬란이 폭망한것처럼...가끔 차는 알페온이 좋은데, 소비자가 바보라서 그저 이름값으로 그랜저샀다하는 착각하시는분 많죠.",40
190,알페온이 대우차였군요... 몰랐네요,1
191,알패온 대부분 핸들위가 나무인데 저희차만 똑같은가죽이네요,2
192,쉐보레나 르노나 고속주행안정성이나 외관 안전같은거는 더좋은데 르노는 실내디자인 첨단옵션 쉐보레는 미션 르노는 써스펜션 같은게 아쉬움,1
193,알페온 ㄹㅇ 근데 주변에서 꾀 보임 대우 인거 처음알음 ㄹㅇ,1
194,알페온 지금봐도 너무 예쁨,1
195,"이차는 출고 후, 뉴스에 보도 되었죠.시동 꺼짐 현상으로...ㅠ",1
196,대우 스테이츠맨이나 베리타스도 해주세요~~,1
197,알페온 클락션혼 만큼은 부품 판매 베스트 셀러임ㅋ,4
198,알페온 ㅋㅋㅋ 상하이가면 한국의 그랜저 보이듯이 보이는 차. 중국에서는 뷰익 브랜드로 팔렸죠.,2
199,라크로스랑 비슷한 외관이지만 미국에서 라크로스는 참 편하게 잘 탔는데 알페온은 개까이는구나...,1
200,중고로 한 500정도에 주면 펀카로 타보고 싶긴하다,1
201,크루즈 컨트롤도 속도 100만 가능하게 넣어준다더라구요 ㅠ,1
202,알페온은   대형차량으로나온걸로알고있습니다  그랜저보단   한등급높은걸로알고이써요,7
203,울아파트에 검정색 알페온 있는데 ㅋㅋ 유튜브로 보니까 반갑네,1
204,문짝 닫을때 척 하고 닫힐때 그 느낌 흐흐 장인어르신은 HG타셔서 비교해봤는데 뭔가 가볍게 탕~하고 닫히는 반면에 요놈은 그 느낌이좋아서 11년형 아직 타고있네요 ㅎ 문짝도 주차해놓고 비교해봤는데 그 두께가 허허~ 많이 차이납니다,1
205,슈퍼카보다 이런리뷰도 좋음,1
206,알페온은 그래도 이돈씨라는 말은 없었던거 같네요 미션은 좀.... 안습이지만....,2
207,(쉐보레)더뉴알페온 멋있다..알페온 전면부(실버그릴)멋짐알페온 후속모델 임팔라 입니다.,4
208,할배온 X알빼온.....의외로 승차감도 괜찮았지만 보령미션.....ㅠㅠ,2
209,형 남들은 맨날 독일3사만 빠는데 한국 최초 수입 디젤 세단 푸조 407 리뷰 한 번 해줘요 ~,1
210,구형 SM7도 해주시면 감사하겠습니다.,1
211,홀덴 인시그니아 가져왔으면 성공했을텐데…,1
212,솔직히 크루즈컨트롤 많이 쓰나요?  저는 4대를 바꾸는 동안 모든 차가 크루즈가 있었는데 한번도 써보지 않아서 지금도 있으면서 쓸줄 모름 ㅜㅜ 진짜 어떤때 쓰는게 편한가요 가다서다 시내주행이 많은때는 쓸일이 없는데,1
213,"그러고보니,  요새 길거리에 알페온 보기가 하늘에 별따기네~  몇 년전만해도 차고 넘쳤는데...어디로 사라졌는지?!",1
214,진심 깊은산골 보령산  쓰레기 미션 달아서 존망당한차 입니다 미션 빼고 모든 면에어 상타치지금도 쉐보레 말리부 나 다른 차량들 도어올딩 광장히 두껍고 견고하게 나옴 그리고 수리비는 쉐벌레 여전히 비쌈 ..,1
215,NF 쏘나타도 해주세요 ㅠㅠ,1
216,알페온도 승차감 좋고 조용하긴한데 그렇다고 제네시스에 비교할 차는 아님,2
217,실내옵션 재질한국은 이쁘고 옵션 좋으면 갑,1
218,dm대우 탈피 하기 위해 츨시한 삽질 3대장1. 스테이츠맨2. 베리타스3. 알페온출력도 별론데 연비까지 않좋고 nvh도 거지같고승차감도 개후졌음망할수 밖에 없는 상품성그나마 붙어있던 gm대우의 호흡기를 떼버리고총살까지 시켜버린 3대장,1
219,우파형 머리이쁘게 잘하셨네요진작 하시지 인물이 훨씬 사네요ㅋㅋ,1
220,괜히 멋 부린다고 본네트 위에 쓸데없는 페이크 크롬 쓰레기 붙인 게 망한 이유의 90%.,4
221,알페온나오자마자 사서타다 몇년뒤 동생 그랜저 신형을 타봤는데 날으는 양탄자같아서 빵터졌죠... 차 만족감은 최고죠....트렁크는좀 ㅋ,1
222,그래도  지금은 쉐보레가  미션이 많이 좋아지긴 했지만  저때  나왔던  보령미션은  진짜  믿고 걸러야 했었음......엔진-나좀  달리게 해줘~~~~!!!미션-너나  혼자 달려라~~~~이런 느낌??,1
223,A필러가 겁나 두꺼워서 적응이 필요하죠,1
224,윈스톰도 해주세요!! 그립다이..,1
225,제 지인도 중고 알페온 구매해서 잘 타고 다니더라구요,1
226,알페온 1호차가 2010남아공 월드컵 첫원정16강올린허정무감독임!!,1
227,조용한차는 레간자를 이길수가...ㄷㄷㄷㄷ,1
228,참 조용했던 차였는데... 엔진 실화 미션이 다해먹음 ;;,1
229,현대 아슬란이 오버랩되는 차인 듯 ㅋㅋㅋ,1
230,"스테이츠맨, 베리타스 한번 해주세요ㅋㅋ",1
231,아슬란 알페온 두대는 인정,2
232,엔진은 다운사이징 옵션을 뺀건 다운그레이드요 ,1
233,국산차는 뭐니뭐니해도 SM525v가 최고였던거같음,1
234,머리스타일이 농촌총각같지않고 도시총각 같네요~ 잘어울립니다 ㅎㅎ,1
235,알페온 지금까지 외제차인줄 알았는데!!!,1
236,솔직히 현기는 디자인 독삼사 배끼는 디자인이다보니 당연히 흥행할수밖에없고 대우는 그런부분에 투자없이 본인들만에 스타일을 밀고가니 인기가없을수밖에,2
237,"유리미션, 유리엔진   ㅠㅠ11년째 알페온 차주",1
238,길거리에서 보기힘든차에 순위권일듯  하네요^^,3
239,그랜저랑 비교가 안되는 좋은차입니다,9
240,뷰익 라크로스 내가 중국상해에서 13년도에 사서 타고 다녓던차인데. 지금도 라크로스 신형 나왓네여 풀옵션 4500만원인데 그랜져보다 좋음요,1
241,알페온은 알페온혼에서 정리.. is250리뷰 가능할까요??,2
242,근데 알페온은 제네시스 보단 그랜져 잡자고 나온 차 아니었나요?! ㅎㅎ,1
243,스테이츠맨과 베리타스도 리뷰해 주세용~~!!!,2
244,Gm 베리타스 보고싶습니다,1
245,차 좋아요 따봉!!,1
246,알페온 보고 우럭습니다 ㅠ,1
247,보령미션이란 대명사가 늘 평생까지 쫓아다닐   회사,1
248,드디어리뷰해주셨군요다음은쏘랜토1세데리뷰해주세요,1
249,끝까지 보고 하나 더...소위 페달부스터를 사시는 분들의 대부분이 말리부 등등...마가놈의 저주인 보령미션 들어간 차 타시는 분들입니다 ㅠㅠ이유는 알테니스킵.,1
250,조용하고 안전한차 입니다.,1
251,정치성향이 우파이신가봐요?이름까지 우파이신걸보니애국우파 응원합니다,1
252,뷰익 라크로스가 gm 대우 알페온입니다 라크로스는 이후에도 알페온형식의 라크로스의앞모습은 유지하고옆모습과뒷모습은오펠 인그니시아 신형을 같다붙힌 혼종라크로스가이후에나왔었죠라크로스는 멋있죠 이후에나온차도,1
253,알페온은 입소문사이에는 명차로 분류된 대우의 비운의차 베라타스도 한번 하겠내,1
254,비운의 '명차' 시리즈에 넣기엔 베라크루즈나 제네시스에 비해서 완성도가 너무 떨어지는 차 같은데.정말 명차였으면 요즘도 심심찮게 보이지 않을까요,2
255,라비타 리뷰해 주세요. ㅎㅎ,1
256,솔직히 그랜져나 k7은비교대상이 아니죠~Hg 150키로만 달려도 불안해서 목숨 내놓아야함~현기 종특이라~알페온은 200키로 넘었어도 안정적임..그기다가 젠2미션은 개선되서 순발력도 좋아요~젠1미션은 안타봐서 모름,2
257,미션널뛰기 시작하면 개스트레스받음 동부간선도로 막히면 가다서다 개스트레스,1
258,디자인은진짜이쁨,1
259,알페온 7년정도 탔었는데 진짜 차 묵직하고 살짝만 밟아도 160까지 그냥나감 승차감좋아요 기름은 많이 들지만 진짜 좋았어요운전중 알페온 보면 다시 타고싶어요 강춥니다잔고장이 없어요 현대는핑핑날려서 23년전 소나타 이후로 안탑니다,2
260,스테이츠맨 소개 해주세요 ~ 비운의 차 ㅋㅋ,2
261,그렌져hg  디자인은지금봐도  안질림~~~중고첫차는 hg로 시작해도안꿀리는듯,1
262,그래져 사러 갔다가 알페온 산 1인입니다.당시 그랜져 문 한번 열어보고 마음 바꿨습니다.그랜져 문에서 팅!!!소리가.마치 소나타를 여는듯한.부품도 조금씩 좋습니다.당시 타이어도 미쉐린.부품도 오래 가고.단 금액은 당시 그랜져 3.8보다 살짝 싸고. 그랜져나 k7 3.0 최고사양보단 비싼. ㅋㅋ이게..현대는 조금씩 싼 부품 써서 싸게 만든거 같다는 생각이 들더라구요. 경쟁력 차원에서.타이어 12만까지 안닳어서그냥 한국 타이어로 바꿨습니다.브레이크 패드쪽은 14만인 지금 갈라고 하더군요.ㅋㅋ비운의 차 지만 잘 만들었어요.단. 당시 카팩 추가하면 제너시스 가격.ㅋㅋ,5
263,이런썬루프있는차는열리는것을보여주세요!,1
264,까꿍 하는거 킹받네,1
265,"형 대우 베리타스도 부탁좀,,ㅎㅎ",1
266,보령미션+숏바디+엔진출력다운,1
267,딴건 다 불만아닌데블루투스 음악이 14년식부터 들을수있다는게제일불만임 ㅠ,1
268,전 첨에봤을때 중국차 로곤줄알았네요 ㄷㄷ,1
269,"끝까지 발목잡은 엔진실화문제에 전설의 보령미션,제네시스급으로 나온 라크로스를 억지로 그랜저랑 경쟁시키려고가격 맞춘다고 옵션을 왕창 빼는바람에 그랜저만도 못해진 편의사양 등...장점만큼이나 단점도 많았죠.",1
270,디자인이 내취향...,1
271,외할아버지 살아계실적 주말에 외갓집 놀러가면 매일같이 트렁크에 먼지털이로  먼지털고 계시던 할아버지가 생각이나네요  지금은 하늘나라가셨지만 아직까지 이차량보면 할아버지생각이 물씬납니다 남들에겐 망한차라고 하지만 저에게만큼은 너무나도 할아버지와의 즐거웠던 추억이 많았던 차량이라 지금 길거리에서 봐도 좋은추억이 남는 차이기도 합니다 보고싶습니다 할아버지~,10
272,이차 좋다고 하시는 분들 대단... 미션 다운쉬프트 자주되고 미션소리나고 정숙성에 풍절음만 들어가나 거기에 탈때능 몰랐는데 오르막길에서 이차가 내앞에 들어오면 진짜 욕나오는데 힘좋고 정숙하다는 분들 뽑기를 잘하신건지,1
273,쉐보레 일할때 본사체육대회 상품으로 알페온 나오던데ㅋㅋㅋ,1
274,높은 부품값과 공임 그지같은 미션이 두개가 다 말아드심이건 말리부 임팔라도 마찬가지,1
275,연비 얘기는 하더군요. 퍼먹는다고ㅜ // 조수석 동승 한번 해봤는데 놀람. 고급감. 정숙,2
276,그넘의 보령미션  아이씬  미션만 넣엇더라두말리부도 현기차 넘어서는건데,4
277,솔직히 타보면 망한 이유를 알수있는차,2
278,알페온을 일주일정도 타봤는데 의욕만 앞섰고 상대를 잘못 고른듯.,1
279,번창하세요!!!!!!!!!!!,2
280,저희아버지차랑같은 el300모델이네요 ㅋㅋ,1
281,스파크와 제네시스 정면충돌을 목격스파크= 범퍼교체 외관만제네시스 = 폐차이유는 쉐보레 범퍼속엔 H빔...ㄷㄷㄷ,2
282,아슬란은 와이프가 타고 나는 액티언 스포츠를 탑니다 두대다 비운의 차량의 선정되었어요 ㅋㅋㅋㅋㅋ근데 진짜 비운의 차량은 ......베리타스 ㅋㅋㅋㅋㅋㅋㅋ 이거 꼭 리뷰 하시길 부탁드려요 ㅋㅋㅋ,5
283,캐딜락 DTS도 리뷰부탁요 우파님~~~~~~~,1
284,우파님~~ 다음엔 sm7 넌아트 뉴아트 리뷰 해주세요*_*,1
285,"12년식 2.4 타는데, 미션이 넘 안조음,,, 한달전 고속도로서 미션 이상으로 전진이 안됨, rpm 6천까지 올라가고 30키로로 기어서 휴게소 겨우 들어가서 견인, 업체서 현금 110에 수리,, 181818 미션만 중,중상정도면 되도 아우!!!!!!! 초반 굼뜨는건 종특임,,",1
286,제네시스 렉서스와 경쟁한다고 제조사에서 홍보하지만 현실은 그래봐야 전륜구동이라서 한계가 명확한 차입니다,1
287,제네시스 1세대랑 ㅋㅋ 그랜저hg 시절의 차입니당 ~~ 지금 차와 비교하심 안되요들 ㅋㅋㅋ,1
288,승차감 짱 인데 아쉬움,1
289,"중국에서 렉서스 ES 판매량을 넘어썻었죠~ 단, 우리나라에서 그랜저보다 비싸고, 초기모델은 보령미션... 끝.",1
290,베리타스도 소개해주세요!,1
291,GM에서 나온차중 제대로 망한차는 베리타스 아닌가?당시 라세티 프리미어 타고 있었는데 자주가던 직영센터 부장이 베리타스 헤드램프 값이 300이 넘는다고 했던....기억이...,1
292,후속이 임팔라인데 그랜져도 못따라갈거같은데 쉐보레는 차값 내리는 대신 옵션 이라든지 실내 디자인 포기한차임 근데 웃긴건 임팔라가 수입차라는 사실 오히려 알페온이 더이뻐,1
293,오늘따라 왜 잘생겼지?,9
294,알페온은 엔진실화문제도 있음 ㅠ,1
295,전장 5미터 전폭 1860mm인데 차가 작아보임 본넷이 짧은게 한 몫하는득,3
296,보배드림에서 명성을 떨치던알파온님이 기억이나네요  10년은된거 같은데,1
297,YF쏘나타도 한번 해주세여,1
298,맥스크루즈 한 번 부탁드릴께요 ㅠㅠ 실 오너거든요 ㅠㅠ 생각보다 완전 좋은디,1
299,알페온 500에 사고싶당,3
300,우리집 주차구역에 맨날 무단 주차하는 그차 ...,1
301,우리나라에서 전륜으로 후륜 제네시스와 붙는다고 하면 사람들이 얼마나 깟을까...,1
302,베리타스도 궁금합니닷!!,1
303,구형쏘렌토도 리뷰해주세요,1
304,더뉴맥스크루즈 리뷰좀해주세요!!!!!,1
305,뒤에 보니깐 3시리즈 구형이 생각나네요.,1
306,"GM 알페온 (미국 뷰익 라크로스 한국판 (서민 렉서스)) (판매량이 적어서 망했을뿐 자동차 사양은 글로벌 스탠다드에 맞게(3500cc~3800cc , 240마력 , 전장 5000mm 이상) 만든차 0:35 , 1:13 , 1:25 , 1:45 , 1:58 , 2:10 , 2:33 미국의 렉서스 , 3:12 좋은차 , 3:27 가격 , 3:53 , 4:16 , 4:52 , 4:58 ㅋㅋㅋ , 5:24  렉서스의 김치화ㅋㅋㅋ , 8:18 , 9:58 , 12:14",2
307,우파님 다음영상에는 쉐보레 올란도 해주세요,1
308,24살에 알페온 중고로 끌고있습니다. 친구들 다 외제찬줄 알아요.,4
309,직장에 저 차 타는분 말씀으로는 차는 좋은데 수리 할 때 외제차 대우받고 다고 안고치고 그냥 타고 계시다고 ㅋㅋㅋ,1
310,30대 후반에도알페온 타고 다니면왜 아빠차 가지고 왔냐고다들 진지하게 물어봄 ㅋㅋㅋ,1
311,알페온은 긍데 확고한 팬층이 있지않나요?,1
312,한국 소비자들이 대차게 까던 차들 나중에 다시 돌아보면 이게? 이렇게 좋다고? 하는 차를 꽤 많다현기 공화국 소리 듣는게 괜한게 아니야 소비자들도 현기한테 기들여져 있어서 그 기준에 맞춰서 차를  판단해 버리는 경우가 많음,1
313,알페온이 현대에서 출시했으면 지금쯤 현대 메이커 증발했을지도 모름현기 gdi보다 더 ㅈ같은 직분사 엔진 ㄷㄷ,1
314,할배온... 스테이츠맨도 해줘요 ㅋㅋ,1
315,제대로 망한차는 스테이츠맨아닌가요? ㅋㅋ 베리타스하고 ㅋㅋ 근데 베리타스 프론트펜더는 예술이었는데,1
316,차는 좋은데 초반 가속 무거운거와 무슨 중고차가격 방어가 왜이리 안되요? 두개빼고 여러모로 다 좋은편입니다.,1
317,조수석 타봤는데 되게 넓게 느껴졌어요,1
318,"옛날차는 그냥 옛날차.그낭사 신차뽑아 지금까지 타는 사람이라면 그러려니라도 하는데,  돈 없어서 중고사서 어쩌니 저쩌니들은 그저 옆차기하는 인간들 많아서...",2
319,예전 내차 ㅠ.ㅠ 저거 산 이후에 대우차는 절대 안삼,1
320,예전 우주선으로 광고하던게 생각이 나는군요,1
321,"1학년 학교주차장에서 봤었지....... 그때봤었을떼 ""뭐 저따구로 생겼어""이러면서 같었는뎈ㅋㅋㅋㅋ",1
322,감사합니다 잘 봤습니다 돈 조금보태서 그랜져HG사겠습니다,1
323,좋은 차를 미션으로 망친 경우인가요??,1
324,그렌져 잡으러 나온건데 ...우선 미션이랑 심장병으로 망 ㅠ 정숙성하나 뛰어남,1
325,저도 만족하고 있는데.부산서 원주 일하러 오니 운전석 엉뜨 사망...젠장...추우니 문도 안열림....또 젠장...나머지는 좋음..우짜겠노...아껴 줘야지...,1
326,"드디어 알페온,.,.",1
327,묵직하이 차 좋았다.회사를 잘못 만났을뿐,1
328,타보면 좋습니다,2
329,쉐보레만아니였어도 선방했었을텐데....그래서  티비광고도 제조사 끝까지 안알라줬음ㅋㅋ,1
330,정말비운의차죠ㅋ,1
331,우리집근처엔 뷰익마크가.달린 그차가 있습니다처음엔 마크가 뷰익인데? 알페온닮았네 했었는데...,1
332,뒤에가 마치 현대 에쿠스 같네요.,2
333,미국차는 연비가 안좋기는하지.내가20초중반까지만해도 저치내목표엿는데ㅡ알페온아니라.뷰익 ㅠㅠ.,1
334,우리나라에선 그냥 보령미션이라는거만 없었어도 많은게 달랐을거 같다 항상 차는 괜찮게 만들어놓곤 미션만 웬 거지같은거로 쳐 달아놓는 한국GM,1
335,노면 소음은 그리...  주행중에 노면소음은 꾀 시끄러워서  관심이 없어진 차,1
336,알페온또나오자,1
337,2010체어맨w도 해주세요!!!!,1
338,머드미션이 문제가 아니라 엔진 실화가 문제임 중고차값보다 더 나옴 거기에다가 부속이 다 비쌈,1
339,흐미.딱4달타고 처분한차네요.,1
340,안팔리던차 왜 시간만 지나면 과거미화로 세탁되는건지,1
341,엔진 체크실화뜨는게 고질병이고수납공간부족하죠 음료수놓고휴대폰 나둘공간도부족하죠EL300 오너였습니다,1
342,부품가격 정말 망.... 얼마전 뒷범퍼 교체했는데 공임까지 130나왔어요....,1
343,아닠ㅋㅋ 대우는 월래 디자인이랑 스펙이랑 옵션 다 ㅈ같고 잘 안팔리는데 누가 잘팔리는 제네시스를 잡을려고 하냐?!?!?!?!??!,1
344,이차가 국산차인걸 오늘알았다..,1
345,13년식 알페온하이브리드도 보령미션이겟죵?,1
346,초반에 2.4 기준으로 미션이슈 막 터지고 이래서 안 그래도 인기없는데,1
347,알페온 명차인데 ㅠㅠ,1
348,일단 그당시 첫느낌은 외관이 멋지지않았습니다라세티 대형버젼의 느낌?,1
349,알페온 독바리것인줄알았는데 ㆍ아니구나  요즘  회사마크없이 별도상표로 나오니 헷갈리네,1
350,열선 겁나 잘 끈어지고통풍 흡입식이라 안 시원하고 …,2
351,보령미션 장착 결정한 놈은 벌받아야 한다,1
352,알페온이 왜망했지? 그냥 평타아닌가? 한때 도로에 많이보였는데..,2
353,11:01 헐 이거 10여년전에 지엠대우차 타는 지인들차 몇번 운전해 보고 얘네는 버튼 배열 이상하게 하네 라고 느낌 그래서 이걸 친구테 말했는데 현대차는 버튼을 잘배치한다 특히 창문 스위치 같은거 창문 내리려고 아무생각 없이 손 내리면 그위치에 버튼이 있어서 바로 창문 내리기 가능하다 그래서 다른사람차 운전해도 내차처럼 편한데 대우차는 뭔가 위치가 애매하게 앞에 있어서  손을 내리고 한번 더듬은 다음 앞으로 손을 내밀어야 스위치가 있다 얘네 뭔가 인체공학적으로 못만드는거 같다고 말했더니 친구들이 내가 이상한거라고 그런게 어딧냐고 했었는데 역시 우파님은 자동차 유튜버 답게 이런거 바로바로 찝어주시네,3
354,약간 쌍용차 ㅋㅋㅋㅋㅋ,2
355,실화문제만 아니면 괜찮았는데..ㅜ.ㅜ 전 오너로서의 의견입니다..,1
356,쉐보레  아이신미션만 장착하는 옵션만 있었서도  지금  처럼 안되지ㅡㅡ.차는 좋은데  미션이  ㅠㅠ.,1
357,어렷을때 드림카였는데 크..,1
358,이러다가 베리타스 까지 나올듯...,1
359,인피니티 차인줄 알앗는데;;대우꺼엿군요ㅕ,1
360,알페온 첫차로 구매할려다가 LF소나타보다 차가 작더라고요 중형보다 작은 대형차...그래서 구매안함,1
361,"망한차 차주들이 항상 말하는 본인차 장점 특징기본기, 성능은 좋은데 자잘한 것들 안좋아서 망했다는 듯이 얘기함, 그리고 특히 고속안정성 꼭 빼먹지 않고 자랑함얘기 들어보면 결론은 한마디로 차잘알들만 타는 차라는 말임",1
362,쉐보레는 진짜 미션이 어휴,1
363,현대는  아슬란 2년6개월만에 사라지고 알베온 도 마찬가지,1
364,제가 알페온 차주일때가 있었죠 ㅋㅋ차 진짜 괜찮습니다그랜져?? 절대 같은 급은 아닙니다주행질감?? 그랜져는 상대가 되지 않았죠그놈의 옵션이 거지같고 크컨이 없는거 빼곤.....,2
365,디자인 최강외제차인줄 ㄷㄷㄷ,1
366,스테이츠맨 한번 해주세요~,1
367,그 망할 보령미션 좀 버려라 젠3은 괜찮아요~ gm에서 개발한 미션 조립만 하는거에요~ 하는데 더뉴말리부도 2.0T 북미는 9단 미션 국내는? 응 그런거 없어 보령미션...사겠냐? 너네 같으면 사겠냐고,1
368,근데실내가 너무 좁더라...,1
369,제네시스 타다가 알페온 나와서 바로 사서 대한민국 천 중고차로 내놓음..ㅋㅋ 35일 타고 바로 중고차로 버림...정말 그땐 왜 삿을까 후회 막심...ㅋ,1
370,살짝 알페온이랑 우파님 닮은거 같음ㅋㅋ,1
371,보령미션...10만키로전에 높은확률로 사망해버리지,1
372,재규어 XJ 해주세요,1
373,옵션이나 실내가 너무 별로다.고급차라는 이름 답지 않게 가격이 싸다보니까 독일차 보다 안 좋고.,1
374,한국GM은 자동변속기가 문제,1
375,다음엔 아베오 해주세요 ㅜㅠ 제차임ㅜ,1
376,형 이 영상을 보고 나서 그런가 그렌져HG가 더 좋아보여,1
377,차는 참 좋았던거 같은데..',1
378,"14년식 cl300차줍니다. 13년도에 부모님 모시고 미국 여행 때 10일간 3,800km 라크로스 타보고 이듬해 바로 질러버렸었죠당시 출시된 모든 국내차 세단 다 타보면서 비교했는데 제네시스 bh초기형과 견주는 라인업 입니다. 어디 감히 그랜져 hg가 옆에 올 차가 아닙니다. 2.4 라인이면 모를까 ….. 그랜져랑 비교하시면 속상합니다. 15년식 단종직전 모델만 크루즈 넣었죠. 차 팔 생각이 없는 쉐보레라고 느꼈던 옵션질…트렁크 입구 디자인이 좁아서 짐 싣기 정말 힘든 대형차 입니다. 엔진부조현상이 고질병인 차입니다. 정숙성 운동성능 앞서나 그 외 나머지 모두가 제네시스 bh가 앞섰던듯 … 현대에서 느닷없이 아슬란을 전륜으로 뽑아내서 3000 cc 를 팔면서 알페온과 같이 하늘나라로 가는 판매량을 가져왔고 비싼 수리비 악날한 쉐보레 사업소의 만행으로 차 팔아버릴뻔 했지만 밟으면 가라앉는 주행질감때문에 못 버린 찹니다 ㅠ",2
379,베리타스 해주세요~!,1
380,부모 잘 못 만난 차... 매그너스랑 알페온,1
381,할배온 ㅋㅋㅋ  스테이츠맨과 용호상박,1
382,GM대우라는 기업은 이제 없쥬. 그냥 GM 이라고하죠.,1
383,520d g바디 타고있는데 내 팔길이가 이상한건지 운전석 창문 내릴라고 안보고 누르면 뒷자석이 내려갑니다 ㅋㅋ,2
384,지금도 예쁜데 ㅎㅎ,1
385,보령미션 유명함ㄱㅆ...아이신 8단 들어갔으면 적어도 그랜저랑 비벼봤을텐데,1
386,베리타스 리뷰 해주세요,1
387,다 로고바꿔서 뷰익으로 타는 차,2
388,Gm대우=존망대우,1
389,마르샤도 해주세요,1
390,칼로스V 소개해주세요,1
391,임팔라는 뒤가 멋지게 만들려다가 못생겼쥬 알페온은 귀여움,2
392,망한 차이지만 제대로 잘 만든 차이죠 그걸 명차라고 하는겁니다^^  세상엔 한국에서만 잘 팔리고 비싸도 똥차도  있는데요^^ ㅋㅋㅋㅋㅋㅋ,1
393,"차는 좋은데설명자가 싼티난다제네시스 잡으러 나왔다는건  좀  오바하고..그 때는  그랜저 주류,  애쿠스 정도. .좋은  차임",1
394,이차 중국에 엄청많이 다녓엇음요,1
395,와우,1
396,"Bh330,380보다 알페온이 더비싸다고?",1
397,일반 크루즈가 옵션인게 좆망요인이지..대형이라는 차가 참...,1
398,변속기만 아이신 꺼 썼어도 ...,1
399,sm520 보고싶어요,1
400,토스카 리뷰 부탁 드립니다.,1
401,쉐보레는 다좋은데 미션때문에 두번다신 안살듯요 크루즈도 아이신에서 보령미션달고 미션집에가면 거짓말좀보태서 90%가 쉐보레..미션슬립 지겹다지겨웡~쯧,1
402,미용실 바꾸셨군요 ㅋㅋㅋㅋ. 인물이 사네요 !!!,1
403,이넘의 쉐보레 차를 파는방법을 모르는듯...캡티바도 아이신으로 그대로 갔으묜 ㄷㄷㄷㄷ미션이 망....,1
404,알페온 개튼튼함 ㅋㅋㅋㅋㅋ,1
405,디자인은 이쁜데...,1
406,결론=한국을 개호구로본 사건.엔진만 다운사이징이 아닌 전체적인 다운.,1
407,그랜저 대항마로 나온 차인데…제네시스는 아니죠.,1
408,비운의차 체어맨h 뉴 클래식 해주세요 그거는 알페온보다 더 안보임,1
409,알페온 차 좋아요 저평가된차,1
410,미션땜에 조진차...,1
411,"최악의 옵션질 차...당시 라프에도 있던 우적센서도 빼고 usb를 140만원가량 하던 네비팩옵션에 묶어버리고 크루즈컨트롤도 빼고 출시하고 죽어라 안넣어주다 단종 마지막 연식변경에서야 겨우 달아줫던...gm차가 안팔리는건 다 이유가 있음..통풍시트도 바람나오는게 아니라 빨아들이는 방식이랑 하나도 안시원함..편의장비도 구려, 출력도 구려, 연비도구려, 공간도 좁아, 차만 드럽게 무거워 쉐보레가 좋은건 핸들링 빼곤 없음..이젠 그마저도 현기차가 마니 좋아져서",2
412,"알페형 북미형 이름이 뭐였더라 ;; 뷰익 라 뭐시기 였던거 같은데, 아무튼 그건 미국에서 인기 대박쳤는데 왜 한국에서는 망한거지 ...",1
413,"저거미국에서  할머니, 할아버지만 타는 차",1
414,우하~ 아직도 종종 돌아댕기던데요 ㅋ,2
415,쉐보레는 잘 만들고 우리나라 노조땜시 보령미션 썼다가 다 망함,1
416,"sm5임프좀,,제발요 ㅠㅜㅠㅠ",1
417,5:05까꿍 귀여우시네용,2
418,미국 안정성 테스트 에서는 1등햇죠,1
419,형 머리 앞으로 그렇게 하고 다니세요ㅋㅋ진작좀 이렇게 하지...,2
420,다음에는 대우 토스카 리뷰 가시죠!,3
421,도로에서 버벅거리는 대표적인 차,2
422,지방에서는 사모님차였던~,1
423,그냥 보령미션 비싼부품때문에 폭망한차한국사람 눈높이는 그당시 hg였음,1
424,나 이차 외제차인줄 알앗는데 ㄷ ㄷ ㄷ,1
425,뒤에 벤츠 M클래스 있네...,1
426,크루즈 1.8 보령미션을 타보셧나요?이런망할 x같은 미션,1
427,좀 차분하고 냉정하게 장점 길게와 단점 길게 이야기하면 좋았을 텐데..장점 20초 후 단점 13초...또 단점 17초 후 장점 14초...이야기가 장점 단점을 막 섞어서 이야기해버리니까 전달이 좀 어렵네요. 아마 장점을 길게  이야기하면 제품 선전빨 하는 차팔이 누명 쓸까봐..반대로 단점을 길게 이야기하면 알페 오나들에게 욕처먹을까봐..재빨리 신속무비하게 장 단 장 단 장 단 장 단..정신없게 이야기하는 듯...그리고 현대차량 모는 사람들은 대개 현대차만 몰아대던 사람들이라서 다른 회사 차량과 비교가 불가합니다. 반대로 대우. 쉐보레. 기아. 등 소수 차량 오너들은 대개 현대차량도 몰아본 경험이 최소한 친척. 지인의 차량을 몰아본 경험이 있다고 봐야 할 겁니다. 즉. 현대 차량 오너들은 현대차와 타사차량 비교가 어렵고..소수 회사 차량 오너들은 전부는 아니지만 자신의 차와 현대차의 장단점을 구분할 수 있는 경험을 가졌다고 봐야 합니다. 현대차량의  여러 자질구레 쯔끼다시 장점. ( 빠른 수리  써비쓰. 낮은 부품값..) 등이 없음을  감수하고 소수회사 차량을 선택한 소수회사 차량 오너들의 생생한 목소리에 좀 귀기울일 필요가 있어요..,1
428,알페온 사고싶었는데 가격때문에 hg삿음 ㅋ,1
429,카라큘라 짱!,1
430,핸들열선있나요?,1
431,벤츠w211 리뷰부탁드립니다,1
432,솔직히 못생겼긴함.. 차 앞모습이 화려해지기 시작했던 시기 직전에 나온차라서 뭔가 아쉬움 ㅋㅋ,1
433,한국에서 보령미션을만난 비운에차...,1
434,와 재밌다 ㅋㅋ,1
435,4:30 마가놈아 네놈이 저지른 뻘짓이다.보고 있냐? 견공의 후예야?(저는 말리부 8세대 오넙니다. ㅜㅜ)위로해주시려면 따봉을 눌러주세요...,1
436,I40가즈아!!!!!,1
437,수납공간이 너무 없어요.,1
438,그다음 차량은 베리타스인가요?,1
439,르노삼성sm7리뷰도 가능한가요?,1
440,뷰익엠블럼 떼지말고 그대로 가지고 왓어야지,1
441,Buick 같이 생겻네요 ㅋㅋㅋ,1
442,혹시    저신용자    신용회복.     파산.  회생자들도   가능한지요?,1
443,타이어 한번 교체 하려며 악 소리 나왔던,1
444,쉐보레 차들의 장점.1.고속 주행성2.고속 주행성3.고속 주행성4.      ?쉐보레 차들의 단점.존나 많아서 미치겠다. 욕나온다.다시는 타고 싶지않다.그렇다고 해도 현기는 안산다.,1
445,처음 알페온 미제차인줄 포드꺼,1
446,태라칸 아시나요?테라칸 해주세요!!!,1
447,스테이츠맨 해주세요!!!!!!!!!,3
448,실패온이네...폭망한 이유는 말안해도 알테니 생략함.,1
449,제네시스 아니고 그랜져를 겨냥해서 나온겁니다.,1
450,붕슨~~~알페온과 그랜져가 비교되나~~알팽이가   훨 낳다~ 그랜져  찌그덕 거리고    쿠킹호일처럼 흐물거려서~~3년  지나면  찌그덕 찌그덕  미치는줄~~,2
451,2.4시동꺼짐으로 6개월고생하다결국돈만날리고폐차함,1
452,기름 퍼먹는 수준이 관뚜껑에쿠스 수준인차연비 5키로 나올까  ㅎ,1
453,전방션서도 없는 알페온,1
454,gm 시절이나 지금 쉐보레 차도 전부다 밑주바리 생긴게 후지게 생겨서 안팔리는거임,1
455,알페온이야 뭐 임팔라에 비하면 성공한 차지 ㅋ,1
456,아직도 귓가에 맴도는 cf..독일찬가... ?,1
457,수리비가.. ㅜ ㅜ,1
458,우리집 주차장에 주차 맨날 ㅈ같이하는 알페온있는데 빡치네 초보 붙여놔서 뭐라할수도없고,1
459,수원역 옆이네여 ㅎㅎ,1
460,그랜저 대항마 아니었나요?,1
461,"베리타스, 스테이츠맨도 개망했지",1
462,에쿠스 알페온뒷태가비슷하네,1
463,ㅋㅋ너무 오바하시는건 아닌지요?ㅎ,1
464,테라칸해주세요XV350,1
465,i40 부탁해요  ㅜ,1
466,그랜져 hg고속주행성 핸들조향감 최악 인데,2
467,알페온은 뷰익인가.. 그런..,1
468,스테이츠맨 보고싶어요~~~~~~~~~~~~~~~~~~~~~~~~~~~~~~~~~~,1
469,알페온 좋지,1
470,보령미션... ㅋㅋㅋ,1
471,"그러면 ,,,,,,,,,,,,,,,,,,   한국에서 출시되는 외국 차량들이     국내산  보다  매출이 적으면    다 허접 차네?반대로 , 국산   차량이 해외에서   안팔리면   다  개허접이네?   그러다면  그랜져는   해외에서  안팔리는 차야  ..   .매장 열어 보았자  1대 팔리면  잘팔려서   다 철수하는  차이지. 오로지 국내 차량이야.    그런걸 가지고 비교해서    따지면 그랜저가   세계 최고  준 대형급 차이지.  국내전용인주제에.",3
472,베리타스 해주세요,1
473,카렌스 해주세여,1
474,수동 초보마냥 기어변속 겁나 느린차,1
475,이놈말고 오펠의 인시그니아 왔어야 함,1
476,이차량..안이뻐  이거 살빠이엔..티코사겟다.,2
477,현대서산미션과 지엠의보령미션 서해안이 문제네 ㅋ,1
478,라세티 해주세요,1
479,저희 아버지차가 ㅠㅠ,2
480,보령미션에서 그냥 탈락...,1
481,참고로 알베온 보다 에쿠스가 더좋다란말이있음다,1
482,베리타스 ㄱㄱ요,1
483,나오지도 않은 제네를 어케 잡음.,1
484,할배온 ㅋ  인시그니아무새들 생각나네 어짜피 인시그니아 나와도 얘 처럼 가격 때문에 옵션 조정해서 나왔겠지,1
485,ㄷㄷ..,1
486,그렌저도 못잡았는데 제네시스를?,1
487,마르샤 해주세요,1
488,보령미션에 정 다 떨어짐,3
489,보령미션이 발목을 잡은차,1
490,페이톤 해주세용,1
491,애는 그랜져급아닌가?,1
492,Gm대우는 무슨. 그대로 가져다 팔았던 주제에,1
493,망하자  현대 기아  최고 브랜드 입니다,1
494,이게 왜 다운사이징이되겠냐 자동차법이 그지랄이라 다운사이징 되는거지 그리고 알페온이 그렌져보다좋음,1
495,안타봐서 모르겠지만일단 디자인이 넘 구리다,1
496,뷱익차에요~라크로스? 이건가,1
497,스테이츠맨 - 베리타스 - 알페온 - 임팔라,1
498,이따위가 어딜 제네시스를 잡아,1
499,그냥미국차가 한국이랑 안맞어  한국은  그냥 여자처럼 섹시한차를 좋아하지  보디빌더처럼 우락부락한차는 안좋아함  미국차가성공할려면  디자인 다시해야함 편의사항부터 가격까지   그러기엔 비용이 넘 많이들지 사실상  불가능,1
500,보령미션 개썩창 그거하나만으로도 살 가치가없는차임,1
501,지금보니까 로고도 그렇고 중국차 같네 ㅡㅡ;;,1
502,미션때문에 망한차아니야?,1
503,보령시  룸싸롱  단란주점 노래방 가자보링 하러~ㅋㅋㅋ,1
504,우파님 뷰익 라크로쎄입니다.,1
505,아반떼인가??,1
506,이차는 그냐우대우라서망한거자 ㅋㅋ 그리고 무슨 제네시스랑 비교를해 그렌져랑 경쟁햇던건대 ㅋㅋ,1
507,미션이랑 인테리어가 넘 구렷지,1
508,5:05 에이 시발 공포영화 ㅋㅋㅋㅋㅋ,1
509,와,1
510,우파님 고아원에 10억쯤 후원하세요 굶는아이들 많아요,1
511,앞모습이너무 차급이낮아보임 뒤는웅장한데,1
512,제네시스는 좀 심하고 얘도 그랜저 경쟁차량이죠,1
513,저게 제네시스를..? ㅋ,1
514,뷰익...(?) ^^,1
515,이쁘긴하다,1
516,라크로스 미션달면??,1
517,머야.. ㅎ.. 영상 올라온지 모르고있었네.. 아..ㅠ,2
518,근데 머 어쩌라고 영상처올리는건데~~?!!!현기차들보단백배천배는 낫것지,1
519,회사동생 알페온인데 보령미션 터져서 몇백주고 교체했다함 보령미션 극혐..,1
520,김시진  감독님  차죠,1
521,마크 에쿠스 반대네 ㅋ,1
522,할배온은 실내때매 글캐불린거아닌가,2
523,중국차 같아요.,1
524,형 스테이츠맨두,1
525,힝내라~보룡,1
526,매그너스,1
527,헤어스타일 바뀌신거가요?잘생겨보이내요~우하~,1
528,다음은 스테이츠맨? ㅋ,2
529,알페온이 망했음??,1
530,비운에 차 케딜락ATS,1
531,우파야 첫차를 r8 스타트끊은 니가뭘아냐 하던거해라,1
532,생각보다 조용하다 니생각 내생각,2
533,10년전에 그랜져 hg 탔었는데 그랜져랑은 비교도 안되는 차 실내 디자인도 이상하고 많이 좁고 가속성능도 약함 참고로 그때 그랜져에 맛사지시트랑 Ascc도 있었음 소나타랑 비교해도 그당시 소나타가 좋았을듯,1
534,알페온은 안타본사람만 까는 명품차죠 흉기 빠돌이나 알바들만 까는차 흉기가 알페온처럼 만들었으면 가격은 8천이상 받았을듯 흉기가 원가절감 좀 심하게하니깐,3
535,뷰익 라크로스,1
536,난 디자인부터가 개구렸음,1
537,차가 소나타만함,1
538,지금사면 호군가요?,1
539,할베온 나왔네,1
540,울 아빠차,1
541,디자인도 꽝,1
542,좌파푸른하늘~ㅋ,1
543,헉!!,1
544,쓰레기 차..,1
545,뷰익이네,1
546,그냥 디자인이 망이라서 안팔린거임 당시 기준에도 더럽게 못생김  전혀 고급차 느낌 없음걍 중고차 업체에 스폰 받고 찍은 영상 느낌 ㅋㅋㅋ,1
547,유하우하우ㅏ하우ㅏ,1
548,Gm은 보령미션좀 버려라 제발쓰레기 미션,2
549,뭔 이딴게 78만,1
550,지금타는차,1
551,뷰익 라크로스,1
552,나만 이 차 못생겼다 생각했나요,1
553,토스카,1
554,보령페온,1
555,아니 대체 누가 편집하길래 저 효과음 듣기싫어죽겠네,1
556,학생 글 내려 ^^,1
557,외부 디자인도 별론데 내부디자인은 진짜 노답이네...,1
558,2빠  우하,2
559,호주 차량인데  중국에서는  제네시스 보다 많이 팔림,1
560,너무 시꺼러버,1
561,앞모습이 별론것같습니다.앞보자마자 안살것같습니다.마크도 좀.제네시스랑 너무 차이나네요.,1
562,"알페온 동호회 가보세요  미션 . 엔지부조 땜에 난리입니다 그런데 차는 참좋은데  .,,,이러네요가장 중요한 핵심  부품이 저지경인데  좋은차라니요.어처구니 없는차량이고 쓰레기입니다",2
563,디자인은 지금봐도 너무너무 못생겼다.. 뭔가 전체적으로 불균형적인 느낌..,1
564,뷰익 라크로스,1
565,알페온...! 직접 몰아 본 사람만이 그 진가를 아는 차..국내 중대형급에서는 TOP..,15
566,썩을 놈의 보령 미션만 아니면 대박날 차.,4
567,싼탚싼타페,3
568,8:30 matrex,1
569,"3.0 타고 있어요~ 다른 차도 많이 몰아봤지만, 알페온은 주행질감, 정숙성이 좋아요~",6
570,구독누릅니다!! 중고차 검색해보니 3.0으로 가면 통풍시트에 열선핸들까지 있는 거 보고 많이 놀랐네요.. 쉐보레가 저 당시에 저런 옵션을 넣어줬다니요.. 2.4에는 아예 없는 옵션들이라 살짝 아쉽네요.. 알페온 국내 대형세단 중 디자인 갑오브 갑이라 생각합니다.,4
571,저도 2.4  타고 있는데..차 자체는  아주 좋아요.변속 충격이 가끔  발생하는데 뭐 일주일에  한번 운행하는거라 그냥 타고 다닙니다.,3
572,페오니 오너로서 항상 잘보고 있습니다 앞으로도 좋은영상 부탁드려요!!!,5
573,골프백 3개 어림없습니다. 제거 한개 그것도 대각선으로 넣어야 겨우 들어가요. 대신 뒷좌석 접으면 3개 들어가긴 합니다.,2
574,알페온 좋은차죠^^오래됐긴 했지만 내구성도 좋아요 굿,5
575,저는 3.0타고잇는데 미션멍청한부분말고는 전체적으로 맘에듭니다. 알페온다음 무슨차를 바꿔야될지를 모르겟네요ㅎㅎ리밋인 220km까지 달려도 불안한느낌이 아예없는듯합니다,4
576,12년 전 내 로망인 차가 알페온. 그때 돈 없어서 라세티프리미어 신차로 뽑고 잘 타고 댕겼었는데. 지금은 400마력 넘는 차 타지만 알페온 한 번 꼭 타보고 싶다.,2
577,알페온 2.4를 4년 탔었는데.. 수납공간이랑 수리비 욕나오는거 말곤 엄청 만족스런 차량이네요.. 지금은 와잎이 몰고 다니지만 아직도 우리가족 패밀리카로 현역이랍니다~ㅎ 와잎한테 알페온 넘겨주고 저는 320d 타고 다니는데... 영상보다보니 참 우연인가 싶기도 하고... 그래서 댓글남겨봐요~ 차 두대인 집은 많지만 그 대두가 알페온이랑 320d로 똑같은 경우는 로또확률 될라나요 ㅎㅎㅎ,5
578,베리타스 오너들도 등판해주세요,2
579,저는 3.0 타고있는데 2.4 와3.0 비교좀 해주세요 원하신다면 차량지원해드립니다,3
580,제가 차를좋아하는 25살청년인데요 알페온이 너무 이쁘고해서 더뉴스파크에서 알페온으로 넘어갈려는데 수리비나 부품수급 등등괜찮나요?,3
581,네비 보니까 25일 4시에 찍어서 25일 저녁에 업로드하다니 엄청 빠르네,2
582,연비는 얼마나오나요?,3
583,구독하고 갑니다^^,2
584,LPG개조 가능해요?,2
585,20대 초반 첫중고차론 유지 힘들까요? 그리고 알페온은 블루투스로 노래 듣지 못한다던데 진짜인가요?,3
586,블루투스는 안되는걸로 알고 혹시 usb 꼽을수있나요?,2
587,이 와중에 산타페 불법주정차ㅋ오지네ㅋㅋ,2
588,알페온 샀엇던이유가 후면부때메요 ㅋㅋ 여사친들이 다들 묻더라고요 저치모야? 이쁘다하고,4
589,좋네 한마디로,3
590,살찐 토스카,1
591,부산 안가본지 오래인데 가고싶네요여행을 언제 떠날지 ㅎ,2
592,아~~돼지국밥♡♡,1
593,돼지국밥~~~,2
