,comments,likes
0,현대가 현재 리막과의 협업으로 차세대 FCEV에 800V 승압기술 적용한다고 하는데 굉장히 기대되네요ㅋㅋ,55
1,이차는 2년전 출시 했던 차이기 때문에 2년전 기술과 비교해보면 첨단 기능이 많이 들어간 차죠. 지금 나오는 최신차량이랑 단순 비교는 무리가 있겠네요. ^^,1
2,"사용자가 말 한다가성비:현재 운행가성비는 여러가지를 종합해서 보면 손색은 그다지 없어 보입니다. 전기차 특성상 내연기관차 대비 초반 순발력이 뛰어나며 시속120Km까지는 아주 자연스럽게 잘 올라갑니다 그 이후는 약간 더디게 올라가며 최고 속도 170Km까지 가능합니다.년간 자동차세가 총13만원, 한국도로공사 통행료 반값 등. 연료비는 성능 포함 2,200cc SUV 경유차를 기준으로 보면 될 것 같으며 전기차의 특성상 기온차 따라 차이는 있지만 1Kg당 100Km 정도 주행 가능합니다. 거기다 각 전기차는 회생제동이라는 기능이 있는데요 0~3 단까지 있으며 시동을 걸면 기본 2단으로 설정이 됩니다 주행하다 가속페달을 때면 높은단일수록 제동력과 회생력이 높아집니다. 주행중 수시로 변경이 가능합니다.여기서 기본적인 느낌으로 설명을 드리면 필자는 전문가는 아니지만 발전기와 모터는 비슷한 원리이며 모터는 전기를 공급하면 회전축을 구동하고 반대로 원심력을 이용 회전축을 돌리면 전기를 발생(회생)시킨다는 생각이 듭니다.가속 페달에서 발을 때을 때기본 2단은 상기와 같은 오토차를 기준 가속페달에서 발을 때는 수준, 3단은 제동페달을 약간 밟은 수준이고, 0단은 기어를 중립에 놓는 것 보다 약간 더 자연스럽게 미끄러지듯 차가 주행합니다.참고: 급 가속 급 출발과 제동페달 사용을 줄이는 것이 1석 2조 라고 보시면됩니다.반 자율주행을 사용하시면 직접 운전하는 것 보다 더 좋은 연비를 얻을 수도 있습니다. 다른 내용들은 일반차들과 별반 차이가 없어서 생략합니다.또한 각종 해택을 구입부터 등록비용까지 많은 금액을 국가로부터 지원을 받았으니 이런 스팩을 가진 차를 이 가격으로 구입 할 수 있다는 것 만으로도 높이 평가합니다.자동 주차 기능:평행 일열주차가 가능하며 실력은 중급 수준이고 쎈서가 있어서 전진 또는 후진을 하면서 절대 추돌사고는 없이 안전합니다.초보자에게 좋은 기능아라 생각됩니다. 더 좋은 것은 주차간격이 좁은곳에서 차를빼려고 할 때, 무선으로 시동을 걸고 출차 하고자 할 전, 후진 번턴을 눌러 출차를 하면 아주 편리며 이 또한 안전합니다.현기가 짧은 기간에 이렇게 조용하고 성능 좋은 훌륭한차를그리고 친 환경을 뛰어넘는 멋진 차를 양산했다는 것은 더 없이 높이 평가 할 부분입니다.즉 옆 차선에 벤츠와 나란히 서 있어도 아무런 손색이 없습니다.디자인:앞면, 옆면, 그리고 내부는 이정도면 아주 훌륭한 디자인이라는 생각이 듭니다.그러나 뒷면는 아무리 보고 또 봐도 뭔가 어색하다는 생각이 듭니다. 그리고 좀 거친 포장도로를 주행하다 보면 하부 소음이 생가보다 많이 올라온다는 느낌이 드는데요! 전기차 특성상 차 내부가 넘 조용해서 느끼는 것인지 아니면 정말 소음이 많이 올라오는 느낌인지는 알수없어 아직은 숙제로 남아있을 뿐입니다.이 차 넥쏘는 소프트웨어 업그레이드를 내비게이션 포함 사용자가 직접 할 수도 있던데요, 그러므로 아직은 뮌가 흘러가는 주변과의 조화롭지 않는 미완성 양산차라는 것을 잊지마시고 소프트웨어 업데이트 할 때 유, 무료든 선택권을 줄지라도 소프트웨어 만으로추가 할 수 있는 기능이있다면 추가 가능 하도록 하면 어떨까 하는 생각입니다!예) 디지털 키 등.양산차가 넘 오래토록 변하지 않고 자기 자리에만 묶여있는 것은 아닌가요!때론 원가 절감을 풀어 줄 것은 과감하게 풀어주는 것이 또 하나의 상술로 이어지는 것은 아닐까 하는 생각이 듭니다!가장 크게 해결 해야 할 것.충전 인프라는 갈 길이 넘 멀다고가의 비용, 고도의 기술, 안전한 장소 등이 발목을 잡고있는 것은 분명해보인다. 충전소 건설은 정부보조 지원금이 있던데요 이것은 어찌보면 보조금만 따먹기 형식은 아닌가 합니다 그래서인지 잘은 모르겠지만 만 충을 80% 밖에 충전을 안 해주는곳이 대부분입니다현재 1회 만 충전일 때 주행거리 609 키로미터에서 1,200 키로미터 이상으로 늘렸으면 하는 강력한 바램입니다. 즉 수소전기차는 초 장거리용 이라는 것을 분명하게 심어줘야 할 필요성이 있어 1회 충전으로 전국 어딜가나 충분하게 마음놓고 볼일 다 보고 충분하게 왕복을 할 수 있었으면 합니다.그러면 저렴한(약한)설비 시설로 잦은 고장 충전소, 국가 보조금을 이용하여 우선 짓고보자 하는 충전소는 스스로가 업그레이드를 하지 않을까요!총전소란 언제든지 정해진 시간에는 아무때나 꼭 충전 할 수 있는 그런 충전소가 꼭 필요합니다.이렇게 되면 충전소도 한꺼번에 많은 양을 충전 할 수 있어서 수익성이 좋아지고, 운전자는 근심 걱정이 없어서 좋고, 이렇게 되면 서로가 함깨 갈 수 있는 꽃길이 되지 않을까요!""충전소"" 없으면 없는데로 알고 주행거리 량을 계산하여 운행을 하면 되지만, 충전소 고장은 입밖으로 꺼내기조차 힘든 불편한 말이다. 충전소들이 잦은 고장으로 충전 불가 또는 압력 부족으로 넘 많은 대기시간이 필요합니다. 불안한 마음으로 내차까지 과연 충전이 가능할까 하는동안 모든 불쾌한 생각들이 스처 지나간다. 다행이 충전을 마치고나면 이럴 때 쓰는 말 안도의 한숨과 함깨 나오는 말 울며 겨자먹기식으로... 수소전기차 운전자들의 한결같은 목소리입니다.상기 같은 현실이라면 현대차는 수소전기차를 아주 잘 만들어 놓고 아주 가까운 훗날 수소전기차는 애물단지로 변해버리지는 않을까 하는 생각을 서슴없이 봅니다!필자가 하고픈 말은 상기 내용과 같이 어떤 방법이던 충전 인프라가 해결되지 않는다면 필자는 더 이상 수소전기차는 재 구매를 절대 하지 않을 것 이고 충전 인프라가 잘 해결된다면 메인차로 우뚝 설 것이며, 적극적으로 추천 할 수 있는 수소전기차라고 자부합니다. 시간이 없습니다 시기는 바로 지금입니다.필자는 전문가가 아니면서 상세한 수치 계산은 더더욱 아니며 1년 사용후기를 느낀데로 표현한 것이니 한치도 오해 없으시길 바랍니다.감사합니다.",8
3,역시 한용님의 리뷰는 편안하고 즐겁습니다,3
4,"가장 독특한 경험이라고 할 수 있는 것은 차박입니다. 전기차랑 달리 배터리 자체 용량이 크지 않아서 겨울 걱정(배터리 용량 저하) 안해도 되요. 겨울 공조 좀 틀어넣고 적절한 조치하면 작은 전기장판 꽂고, 여름에는 에어컨 약하게 틀어놓으면, 50-60km 주행거리의 수소량으로 차박이 가능하다고 합니다.",9
5,근데 넥쏘 출시 이후로 뭔가 현대가 전체적인차량 디자인이나 구조가 변화한 새롭게 시도의 빈도수가 늘어난 느낌임,25
6,와 진짜 디자인 하나는 정말 잘나왔네요..,2
7,"ㅋㅋ 저 이 영상을 시작으로, 차주분이 넥쏘 리뷰영상 개인 채널에 올려주신 거랑.. 모카 다른 넥쏘 영상들 보고 결국 넥쏘 샀습니다 ㅎㅎ 차 너무 좋고 진짜 마음에 들어요. 정말 그 동안 내뿜은 이산화탄소를 반성하는 기분과 왠지 착한 사람 된 거 같은 기분 들더라고요 ㅎㅎ 대만족입니당🥰",27
8,넥소가 참 예쁜데 외부든 내부든... 배터리전기차로도 나왔었으면 좋았을텐데,5
9,넥쏘인입니다. 사람마다 다르겠지만 주중 왕복 56키로 출퇴근. 달에 2번만 충전하면 됩니다.다행스럽게 집 근처에 충전소있어서 토요일에 아침일찍 하루 시작한다 생각하고 8시 정도에 도착하여서 30분 정도 대기? 하고 충전합니다. 개인적으로는 불편한것이 없지만 사람에 따라서는 달에2번정도 충전하는것이 불편함이 될 수는 있겠네요. 부드럽고 힘도 시내주행 및 고속주행 모두 딸린다는 느낌받는것없으며 가격이 지원금 모두 받아서도 가격이 싼편은 절대아니지만 만족하며 탈 수준의 차는 됩니다.단점은 어디한번 멀리 놀러가려할 때 잔여키로수를 내가 소모해야할 최대치를 계산해봐야하며 만약 그러지못하였을 시에는 충전인프라 부족으로 매우큰 불안감이 엄습해옵니다..ㅎㅎ,12
10,수소전기차가 어떤지 궁금해서 찾아보는데 친구처럼 편하게 얘기해서 이해가 잘 되는거 같아요,1
11,"전기를 발전시켜서 저장해놓는 통을 베터리라고 하고요. 없어지지 않고 모아놓을 수 있는거죠.수소차는 사실 가정용 연료 공급과도 연관이 있는걸로 알고 있어요.LPG,LNG에서 수소가스 로 ....",2
12,차 자체는 굉장히 매력적이네요 솔직히 사고 싶어요 인프라가 충분히 구축된 후에요ㅋㅋ 물론 그때 되면 세제해택도 많이 줄어들겠지만..,5
13,제발 세단으로도 수소차 나와줬으면 좋겠다.수소차 개발 많이되어줘,6
14,솔직시승기 잘봤습니다~,1
15,ㅎㅎ차주분 최선을 다해서 수소차를 옹호하시는게 너무 귀여우신듯요ㅎㅎ잘봤습니다:),19
16,오너분은 계속 실드치고 있지만 보고있는 입장에선 본격 넥소까기방송,13
17,넥소 궁금했는데 영상 스피드있게 올려주셔서 감사해요 한용행님~ ^^ 앞으로 친환경차로 영상 가나여?,8
18,넥쏘 소감을 짤막하게 말하자면....   시내용이고 울산 지역 전용차임.  그리고 오너들 보면 생각보다는 젊은 남자보다는 나이든 사람이나 여자분들이 오히려 많이 타는 느낌.  그리고  현재 나오는 전기차들은  전기차인지 기름차인지 구분이 안되는 디자인인데... 수소 넥쏘는 컨셉카를 그대로 최대한 차용한 느낌임.보통은 양산차되면 디자인이 대중화 보편화 되는데...  넥쏘가 외부 디자인 만큼은  젤 주목받고 눈에 띄는 차인건 확실.요즘은 전기차 지나가도 별로 눈에 안띄는데.. 넥쏘는 눈에 띔.그리고 내부 디자인은 첨볼때는 좋게봤는데.. 요즘 신형차들에 비해 기능이나 디자인이 좀 그닥  그런 느낌.  2018년에 나왔으니..그리고 요즘 신형차들에 신기능이들이  대거 차용되서......넥쏘의 기능도 많이 퇴색한 느낌.. 2018 년에 나왔을때는 주목받았지만.. 이젠 너도나도 다 차용해서별로 신기한 기능도 아닌게 됐음.  내부는 좀 좁게 느껴지고.. 트렁크는 그냥저냥..한 느낌...되게 넓지도 않고.. 그렇다고 좁지도 않고.. 그냥 수소연료를 사용하는 전기차임.    전기차니깐  밟으면 바로 나가는 느낌?  기름차랑 느낌이 좀 다름.기름차는 엑셀 밟으면 엔진에서 펌푸해서 변속기거쳐서 가니깐  고론 시간느낌이 좀 들어서 저같이 붕뜨는 사람에게는 제 의지대로 갈수있다는 느낌인데전기차는 바로 즉각 반응하니깐... 출발할때는 뭐 시간 지나면 익숙해지지만 제동할대는 여전히 적응이 잘 안됨.  전기차 타고 너무 속도를 급가속하고 급제동하지는 못하는 운전습관으로 강제적으로 바뀌는 느낌?    브레이크 밟을때 생각보다 미리미리 잘 밟아야....너무 급제동하면 너무 관성에  차가 밀리는 느낌미리 멀찍이서 서서히 줄여야지.. 안그럼  제동이 힘드는 느낌.그리고 충전하면 600KG 까지는 만땅으로 충전 잘 안되고 550이나 580 정도 충전되는거 같고..  회생제동으로 놓고 뒷사람 신경안쓰고.. 나는 내갈길 갈련다...라는 식으로 계속 살살 타면.. 실제로 한 700Km 까지는 넘게 타는 느낌.  급가속 급제동만 안해도 키로수 많이 늘어나는거 같음.살살살 타면 기름차로 보면 리터당 25km 타는 느낌이 듬..  그런데 기름차처럼 막 밟고  하면 리터당 16~ 18km  정도밖에 안나옴..,6
19,넥쏘차에  회생제동장치가 있는데이게   일반도로와   고속도로달릴때각각  몇단계로  달려야   연비에  도움이되나요..?아직 회생제동  이해가 안가네요 ㅜㅜ,1
20,기름 넣는 것도 가끔 귀찮은데 충전소가 ㄷㄷ,6
21,포터르기니 그렇고 이번영상도 두분 케미 잘 어울려요 👍,3
22,"음...영상시청해보니아직 수소차는 충전소 확보가 안되면구입해선 안되는거군요,,,,주행거리300km넘어가는 전기차나PHEV가 아직 우리나라에 적당한듯한;;;",2
23,수소충전소와 충전비 들으시고 급 리뷰를 정리하시는 느낌은 저만 받는 건 아니겠지요...😅,1
24,앞으로 어떻게 될것이냐가 중요한거 같아요 지금은 환경적으로 살수있는 사람이 한정되있는거 같네요,1
25,운 없으면 50분 대기라니 ㅠㅠ 인프라가 많이 생기기 전에는 전기차 충전시간이랑 차이가 없군요...,1
26,전기를 수소형태로 저장하는게 무게대비효율 배터리방식에 수십배..  그리고 배터리방식은 전기가 누전되고 재충전하면서 수명이 줄어들는,2
27,수소 만들때 다들 전기만 생각 하시는데 물도 수도물이 아닌 증류수나 순수가 있어야 합니다. 순수 18L에 12000원 하던데 ㅠㅠ,2
28,김하뇽형님이 젤 좋지만 임재범님도 너무 좋아요~ 자주나와주세요 김한용님하고 친하게 지내면 다 좋아보임^^,1
29,충전소가 전기도 그렇고 주유소마다 있어야함.우리나라는 아직 시기상조,1
30,심야에 남아도는 전기를 수소충전소에서 자체적으로 물전기분해 혹은 메탄전기분해로 자체적으로 수소를 생산하는 시스템으로 하면 어떨까싶은 그렇게 큰 수소저장소가 필요없이 매일매일 자체 충전할수 있으니,2
31,수소차는 차가 아니라 충전소가 문제다. 얼마나 저렴하게 충전소를 짓고 유지할수 있느냐가 성공의 관건,1
32,다시 봐도 현재는 충전 굉장히 불편해보이네요,1
33,역시 김한용의 모카에는 김한용 출현 헤이딜러 광고가 나와야 제맛이지,1
34,ㅋㅋ 아놔웃겨 기냥도둑 ㅋㅋ 김한용형님 목소리가 너무듣기편해서 좋음 👍👍👍,1
35,수소차는 승용차보다 상용차로 상용화 되는 분위기인듯합니다. 예로 시내버스를 천연가스에서 수소로 바꾸려는 움직임이 있습니다.,66
36,넥쏘 언제 해주시나 하고 묵묵히 기다리다가 두둥! 감사히 영상 보고갑니다~,29
37,"수소 자가용은 아직 약간 오버한 느낌이다, 항상 굴러다니는 택시, 버스, 트럭, 중장비. 가능하다면 비행기, 잠수함이 제격인 것 같댜. 엄청나게 비싼 장비를 그냥 주차장에 세워둔다면 아깝지.",2
38,솔직히 충전소 충분히 많아지면 넥쏘 사고 싶다..타보니깐 힘도 충분하던데...  공도를 서킷처럼 달리시는 분들 아니면  가속력은 충분하다고 생각합니다.평창올림픽 때 영하의 기온에도 시동이 (연료전지가) 켜지는 거 보고 진짜..  현대차 연료전지 기술 무시할 수 없겠다고 생각했습니다.,8
39,충천 인프라만 구축되면 FCEV가 압살이죠.  아파트 주차장마다 전기충전기를 설치 할 수 없으니 현실적으로...,2
40,넥쏘 살려고 생각 중인데 전기차도 끌리네요 뭘 살까 고민이 됩니다,2
41,전기를 저장하는 매개체라고 설명하시니 뭔가 확 와닿네요ㅋㅋㅋ심야에 발전소에서 남는 전기를 무거운 배터리에 저장하는 것보단 수소에 저장하는 게 비교적 효율적일 듯?,10
42,집근처에 수소 충전소 있고 장거리 안 뛰는 사람에 한 해서 편한 듯 합니다.,1
43,넥쏘 등 수소차 운전자는 “고압가스 사용자 안전교육” 3시간 수료해야 한답니다.  그렇지 않고 운전시 벌금 150만원 ㅎㅎ. 연료전지 스택 수명이 20만Km정도라는데 맞나요? 동내에 수소충전소가 있어도 사고나 정비 등 불리한점이 넘 많은거 같네요.,10
44,수소차가 미래입니다.,1
45,정부랑 현대차그룹이 수소차에 많은 투자를 할 필요가 있다고 생각,16
46,넥쏘 오너인데 차 만족합니다. 하지만 3:26 반박불가네요 ㅋㅋㅋㅋㅋㅋㅋ,1
47,대형면허가 있으시다면 유럽 수출된 수소트럭 리뷰 해주실수 있을까요??,1
48,수소버스 한대가 정화하는 CO2양이 디젤SUV 45대 분의 배출분이라던데. 수소전기차는 장거리 운행 상용차들 중심으로 일반전기차는 승용차로 이렇게 되려나 싶네요.,1
49,근데 솔직히 LPG도 뿌려 졌잖아요 이제 수소도 뿌려질듯 합니다,4
50,넥쏘 리뷰 감사합니다 이거보기전에 구매할까 고민했었는데 마음을 접었네요,1
51,한때 이 차를 구입하려고 찾아봤는데 충전소 뿐 아니라 유지보수의 문제를 포함한 또다른 문제들이 발목을 잡아 구입 계획을 접었습니다.,3
52,고생하셨습니다건강하세요,1
53,"넥쏘, 3차연료를 사용하는 차로 좋다 나쁘다를 떠나서 상징성이 큰 차 이지요",2
54,출근을 청주 오창으로하는데  수소충전소가 생겨서 심각하게 고민중입니다. 왜 충북이나 세종은 지자체 지원금이 적은건지...,3
55,근데 이론적으로 수소전기차는 수소랑 산소가결합햐서생기는 전기로달리고 배출은 물로하고 그 물을다시 전기분해해서 수소와 산소로만들고 그걸로하면 무한동력인데,1
56,전고가 초큼만 더 높으면 겁내 좋을텐데....,1
57,선좋아요.구독.알림후시청^^빨리 쏘렌토 하브 리뷰 보여주세용~~~ㅋㅋ,1
58,개인적으로 전기차보다는 수소차가 더 나은 느낌이던데수소충전소가 많이 늘어나면 좋겠네요수소차를 구매하는데 있어서 수소충전소가 너무 없다는게 걸림돌이니,9
59,전기차는 저는 사용하질 않은데 요즘에 전기차를 사용하는 사람들이 많이 계시는 거 같더라구요,1
60,질문이요!  넥소 수소차를타고  장거리가면 얼마나가는지요? 또  수소를 한번충전하시는데  얼마들어가는지궁금합니다!,1
61,한드래곤형 모바일 비율 너무너무 감사합니다ㅜㅜㅜ,2
62,일단 이 영상 보고 느낀 건 절대 구매 하면 안되겠다….,2
63,김한용기자님의 자동차문화 선도를 칭찬합니다 감사합니다,1
64,엇?충전소정보 공유 잼나겠당 ㅎㅎ 현명한 현대인들 ㅎㅎ,3
65,어느 부분이 홍보 요청된 부분인지 대략 알거같은 리뷰네요,1
66,"수소충전소,전기충전소가 일반주유소만큼 많아지고 충전속도가 일반주유속도로 빨라지기전까진 환경과 편의성의 절충안은 하이브리드정도구나 생각해야 정신건강에 도움이 될것같네요.",1
67,차주가 팔은 안으로 굽는다는걸 잘 보여주고 계시네요.,2
68,다음차는 전기차다! 했다가 넥쏘 때문에 수소차와 전기차 선택에 고민을 조금 했었죠.. 결국 선택지는 인프라!,1
69,대구에 올해 수소충전소 생겨서 이 차 고민중이었는데... 충전 얘기 들으니 꺼려지네요...,1
70,차박하기 좋은 차량.. 쏘렌토5인승 모하비7인승 팰리세이드8인승..,5
71,목소리좋고 영상보기편하고좋네요. 좋은영상 감사합니다,1
72,자기 합리화라 해야하나 그게 엄청나네요솔까 전기차 대비 장점이 너무 없음,2
73,지금은  있는 차 가능하면 오래타고 버텨야 되지 않을까요??  경제가 영  ㅜㅜ,1
74,수소충전소 전북에 1개소도 없다가 드디어완주군 완주산업단지쪽에 하나 생겼습니다 ㅎㅎ,23
75,"배터리 더 추가해서 하이브리드 수소전기차는 어떤가요?평소엔 집에서 밤에 전기를 충전해서 시내주행하고, 여행시 고속도로에서 수소충전해서 장거리주행하는걸로!",3
76,정유하면서도 수소가 나오지 않나요? 전기분해만이 아닌가싶어여,1
77,충전소만 제대로 있으면 좋은데,1
78,댓글보면 매연없어서 미세먼지가 없다고 하는데타이어로 발생하는 미서먼지가 제일 큰문제입니다 타이어는 썩지도 않으면서 마모되면 먼지처럼 어디에나 있고산과 바다로 가서 결국 우리가 먹게 됩니다,2
79,쏘렌토나 빨리 보여주라고욧!,1
80,옆에 아저씨 너무 재밌어요!,1
81,"니로하고 비교했을때는 뒷자석 공간이 어떤지 궁금하네요.. 니로의 코드네임이 DE이고, 넥쏘의 코드네임이 FE라서 같은 플랫폼인 것으로 아는데, 뒷자석 공간이 니로처럼 넉넉한가요?",1
82,카톡으로 대기차량 검색하는게 새로운 문화라고 하는게... 자기 합리화를 시키는 차네요.  마치 테슬라유저들이 자기 합리화 하면서 타는거랑 비슷.김한용기자는 여전히 떨떠름할뿐이고~,6
83,아.... 기아에서 EV6/FCEV 버전이라도나와야 수소충전소가 늘어날까요???ㅠㅠ,1
84,시승기 찍으랬더니 두분이서 만담을 하네 ㅋㅋㅋㅋㅋㅋ,4
85,연비가 엄청나게 좋은것도 아니고 아직까진 그냥 저냥..,1
86,"코나,아이오닉ev 자연발화 폭발사고 때문에 불안해서 넥쏘 사고싶은 마음이 듭니다",7
87,가스차 처음 나왔을때 말 많았죠.수소차도 그런 과정을 거치겠네요.,2
88,수소차에 일반적인 기대는 물만 넣으면  H2O를 자동 분해하여 수소를 쓰고 산소를 배출해주는 시스템이 되어야 진짜 수소차에 완성입니다...^^ 그러기 전에는 절대 수소차 안삼..ㅋㅋ,1
89,3월 국내차 전차종 판매 순위 나왔네요xm3 선방 했네요 기자님. 리뷰해주셔야죠,1
90,수소 충전 압력은 개선이안되면... 정말... 차량늘어나기시작하면 기본 1시간기다리게될수도..,2
91,생성 된 물을 버리지말고 워셔액통 쪽으로 보내도 될것 같기도...전부 보내면 금방 찰태니 일부만이라도...,1
92,생각보다 충전비용 많이드네...,1
93,좋아쓰!,3
94,충전비가 생각보다 비싸네...,1
95,현재 시중에 유통되는 수소 대부분 석유나 천연가스 정제 과정에서 나오는 화석연료 부산물입니다.전기분해해서 만들면 몇배로 비싸져서 상품성이 없어요석유 정제해서 만드는 수소가 친환경이다? 음...,2
96,김한용 기자님 모터그래프에있을때는 현기의 내수와 해외수출용의 차별에  대해서는 팩트로 비판을 했었는데 모카에서는  너무 현기를 빨아주는  리뷰를 하네요 ㅡㅡ 잡썰이많아요,3
97,겨울에 도로결빙 위험있네,2
98,넥쏘는 수소충전도 해주고 전기충전도 해주면 좋을텐데 수소충전소가 너무 없음ㅠㅠ,1
99,수소는 석유 가공하는 과정에서 나오긴하졍,2
100,집 근처에 충전소가 있다면 고려해볼만한 정도.,1
101,"수소차는 바보 짓이라는 엘런 말에 한표, 전기 공급 편의성, 현재 배터리 효율에 30% 정도만 발전한다면 수소는 100% 망함",3
102,카리포트 임재범  기자님 환영합니다... 모카  좋아요~,1
103,수소차...연비 가격이 디젤 가격 별 차이 없다.휘발유 LPG 디젤  관리 쉬게지만...가격 6천 7천이면 상시4륜+험로탈출가능빠젔다....쏘렌토 하이도 상시4륜 있다.!전기차 한달에 2만원 충분히 타는데수소자동차 디젤 비용 가격 들어가서 10배차이 입니다..한달에 연료 20만원 판단 합니다.!전기차동차 보다 매력이 없다...!7천만원 상시4륜빠저고 험로탈출 빠저고연비까지 전기차 비교하면 극가극 입니다.,1
104,아주 옛날LPG 충전소 느낌인가ㅋ,1
105,"정리 들어갑니다. 부생수소가 있는데 양이 얼마 안됩니다. 다른 방식으로 수소 만드는건 다 에너지가 들어가고 이를 충전소로 옮기는데, 다시 가압해서 넣어주는데 에너지가 추가로 들어갑니다. 수소+산소_>물+전기 반응도 발열반응이라 효율이 다시 나빠집니다. 연료전지에 촉매로 들어가는 백금 여전히 비싸고, 수소 충전소가 잠재적 위험성이 있고, 건설 비용도 아주 높으며 수소차 자체에 구조 복잡하고 부품수도 많습니다. 미국도 2000년대 초반에 수소 좀 들여다 보다 지금 배터리 전기차로 넘어갔고 그외 유럽 중국도 다 배터리 전기차로 넘어갔습니다. 현대는 이제 정부랑 국민 짜먹지 말고 적어도 수소 승용차는 손절매 해야하고, 지원해줄 세금이 있으면 배터리 회사들을 지원해야 합니다.",1
106,저는 그냥 전기차가 더 좋은듯 싶어요..,4
107,손에 꼽을만한 충전소라면.....거의 사지말라는건데. 아무리 포장해도 지금은 아닌듯.,1
108,제차도 곧 옵니다. 탁송!! 9개월 걸렸네요 ㅠㅠ,1
109,물로가는 끝판대왕급 차를 만들면 다~~~~ 해결된다,2
110,충전소가 시내 5킬로 이내 하나씩은 있어야지 너무 불편하네,5
111,수소차가 정답 같습니다,1
112,물을 길에 뿜으면 겨울엔 얼어서 위험하지 않나요?,5
113,수소 면허증 있으신가요..?,2
114,한용이형 사랑해,1
115,일본도 수소차에 대해 열망이크구나...,1
116,수소는 화물차 버스 전기차는 승용차넥쏘사는순간 후회막급,1
117,전기차 충전시간 가지고 난리를 쳐대면서 정작 수소차 대기시간은 카톡으로 해결한단다. ㅎㅎㅎ지금이야 수소차 이용자가 적으니까 가능하지 만대 넘고나서도 카톡으로 해결하려면 ㅋ,2
118,그리고 보조금 3000만원 받을만함 수소차는 걸어다는 공기청전기라 나무 수백그루이상에 도시에 공기정화능력이 있는지라 ...,1
119,"택시 ,시내버스 의무적으로 수소차로다바꿔라!지원금 뿌리더라도",1
120,기자님 수소차 운전 교육은 수료하시고 주행하시는거죠?,1
121,글로벌모터즈  기자님이시네요,1
122,미라이는 화장실을 가리는데 넥쏘는 못하는군요 이거이거 이렇게 예절이 없어서야...,16
123,넥쏘는 한량이나 타는거 같네요.충전도 문제고 디젤과  유지비용이 비슷하면 이걸 왜타냐? ㅋㅋㅋ,1
124,6:59 뒷좌석입니다. 자동차 전문 미디어에서 이런 거 틀리시면 곤란합니다.,1
125,울산 한정 최강차라고 하던데ㅋㅋ,1
126,이재명이 수소차에 관심 갖으면 충전소 바로 늘어 날텐데요,1
127,수소를 만들때 화석연료가 들어가는게 함정,1
128,서울이 저정돈데 비수도권은 더 불편하겠죠. 사실상 현재는 살 이유가 없는 차,2
129,헛소리하지마 임마 ㅋㅋㅋㅋ 진짜 격하게 공감된다 ㅋㅋㅋㅋ 충전소 1개?? 멍멍이 소리 하지마 임마 ㅋㅋㅋㅋ,7
130,넥소도 페리 한번 해야될듯... 아반떼보다 더 싼티나면 안돼지..,1
131,겨울되면 ㅋㅋㅋ 볼만하겠넹,1
132,헛소리 하지마 인마~~~에서 무릎탁!!! 불편하다에 동감합니다~~,60
133,울산분들만 사세요 충전소 검색해보면 알겠지만 울산 6개 부산 2개 서울 5개임 인구대비 울산분들이 개유리,1
134,아직   멀었다~~~~  충전소 때문에,2
135,넥쏘 광주광역시 공모공고를 안하고 있어서 구입할수가없음...하...광주시야 일좀하자,2
136,3:39ㅋ ㅋ 개 빵 터짐 ㅎ ㅎ,3
137,넥쏘 지금 사도 괜찮을까요-?,3
138,넥쏘차주로서 공감합니다. 완전 만족하거든요. 제가 지금까지 산 물건 중에 최고의 만족감을 주는 보물같운 존재입니다. 엔진진동이 없어 조용하고 편안합니다. 차에서 듣는 음악이 완전 좋아요. 각종 안전 사양도 만족하고 차박에 최적화된 차입니다. 안 타보신 분들은 시승 한 번 해보세요. 무엇보다 이 사회의 구성원으로서 공기를 맑게하는데 기여한다는 자부심이 매우 큽니다. 충전하러 한 달에 한 번 가는데요. 음악 듣다보면 금방 제 차례가 되더라구요. 여튼 그린뉴딜정책에 수소사회에 대한 비전이 있어서 더 기대가 됩니다. 넥쏘 화이팅! 대한민국 화이팅!!!,29
139,보노보노만 기억에 남았 ㅋㅋㅋㅋㅋㅋ,1
140,넥쏘가 인기 없는건 디자인 때문아닌가요? ㅋ,2
141,넥쏘 좋아요,1
142,ㅋㅋ재미가 있습니다.,4
143,저 기자님 혹시 수소차를 탈려면 보유해야하는 면허? 같은게 있던데 그거하셨나요ㅡ?,1
144,"수소 폭발력을 생각하면 수소 사회는 너무 무서운데요..? 수소 미량을 한번 호기심에 태워본적있는데,,,,,, 수소는 정말 위험한 물질입니다,,",2
145,미라이는 오줌보가 달려있어서 싸는 기능이....,1
146,"지금 수소가 완전한 그린수소가 아닌데 뭘 환경을 생각하고 다니는거냐.,..ㅋㅋ",1
147,아아아 충전ㅋㅋㅋ,6
148,편집자..ㅋㅋㅋㅋ점점 편집이 잼나지네 ㅋㅋㅋㅋ헛소리하지마 임마~ㅋㅋㅋ,1
149,수소차 좋지 단 비싸,1
150,전기차구매하고 얼마안되어서 넥쏘 구매가능한가요?? 보조금을 다 받을 수 있나보죠,1
151,보노보노 딱 인데 .. 난 전기차보다 수소차를 좋게 봤었는데. 그게 내 무지였었다는 .전기차는 전기를 생산하기 위해 어차피 발전소 돌리잖아. 수소가 더 친환경 아냐? 했는데.수소도 수소를 만드는데 전기가 필요하더군. 난 천연가스 처럼 수소를 캐는 줄 알았다는 =-=,1
152,아 어쩐지 고속도로에서 바닥 먼지 뒤집어쓴 물이 유리에 막 튀어서 짜증 엄청 났었는데...,1
153,한용이형 화이팅!!코로나 조심하시구~고정댓해줘😄,2
154,차는 좋네,1
155,내연기관 매연 없는 세상에 살고 싶다 !,2
156,국회 1개.....ㅎㅎㅎ 정부 사업 헌정차라고 보면 되죠. 엘런머스크는 태양광 주유소 만든다고 하는데... ㅎㅎㅎ그래서 솔라시티사업이 있는 것이고...,1
157,달리는 공기청정기.. 우리나라 자동차 등록이 약 2천5백만대 저게 다 수소차 이면 미세먼지가 크게 감소될듯..,1
158,05:27 미라이는 기저귀를 차고 있군요! 넥쏘 멀었네,4
159,한마디로 별로라는 얘기죠? ㅎㅎ,4
160,충전하는게 편하다고 개뻥  ㅋㅋ,1
161,수원은 없음...충전할려면 안성까지 내려가거나 서울근처에 잇는 충전소로 가야함,2
162,전기차도 핵발전에 석탄발전해 전기만들어 쓰는데 뭘~,7
163,보노보노 빵터졌다 ㅋㅋㅋㅋㅋㅋㅋㅋㅋ,1
164,수소차에서 나오는 물 마셔도 되나요?,2
165,국회앞에서 일하는데 줄서있는거보면 불쌍해죽것음,2
166,근데 그거 아시나요? 수소를 만드는데 전기가 훨씬 많이 소모됩니다.,1
167,보노보노 ㅋㅋㅋㅋㅋ 충전소 진짜 불편하겠네,94
168,아직 멀었다 ㅜ.ㅜ,1
169,왠지 김병만느낌난다 ㅎㅎ,1
170,편하고 조용하고 크류주 컨트롤은 수소차라서 그런게아니고 전기차에 있는 성능 중 하나잖아;;;진짜 궁금해서 그러는데 자동차 어느 회사도 수소차 투자안하는데 왜 유독 우리나라만 이렇게 투자하는걸까요..,1
171,세금 도둑ㅋㅋㅋㅋ,7
172,넥소가 운전이 편하고 조용하다??? 테슬라도 그런데??,2
173,트블사려다 집근처에 충전소짓고있길래 넥쏘사려합니다 보조금때문에 개이득보는거같잖아,7
174,가수인 줄 알았네요,1
175,준비없는 개발 어처구니가 없네~,1
176,수소 충전소 인프라가 너무 부족함...,1
177,터진다,1
178,보노보놐ㅋㅋㅋㅋㅋㅋㅋㅋㅋ,2
179,1빠네요 잘볼게요~~,4
180,보노보놐ㅋㅋㅋㅋㅋㅋㅋㅋㅋㅋ,2
181,절때 사면 안되요..,2
182,5:24 ㅋㅋㅋ 김한용 기자님도 열받으심 ㅋㅋㅋ 쓸데없는 소리하지마 ㅋㅋㅋㅋ,1
183,미라이.. ㅎㅎ 오줌싸은거 샅아요 ㅋㅋㅋㅋ,1
184,ㅋㅋㅋㅋㅋㅋㅋㅋㅋ뭐가좋은거지...;/,4
185,수소차 출력 연비 주행 위험성 다 쓰레기임 수소차가 폭발할 확률이 낮다고하는데 맞아 낮기는 하지 근데 폭발하면 그냥 주변다 디지는거야,1
186,가수 임재범인줄,1
187,궤변 일세,1
188,메리트 1도 없어 보입니다 ..,7
189,"전기차는 ""앞으로 충전기술이 발전하면~"", ""배터리기술이 발전하면~"" 이런 댓글 많던데, 수소는 안 그러네요. 수소는 발전 가능성이 없는건가요? 아니면 전기차 같이 쉴드 쳐주는 팬이 없는건가요?",2
190,ㅋㅋㅋㅋㅋㅋㅋ 비효율 전기차,3
191,충전망,2
192,4:04 ㅋㅋㅋ 불편해하지마 임마,1
193,블랙박스모델이 어떻게 되나요?,1
194,파란 번호판 써요,1
195,썸넬 정준하인줄;,2
196,가수 임재범이 아니네요!,4
197,대도시도 저렇게 충전소가 적은데 지방 소도시는 언제쯤 하나 생길까요 ㅡㅡㅋ,1
198,충전소가 없어,1
199,경북지원금은 얼마일까??,1
200,헛소리 하지마 임마 ㅋㅋㅋㅋㅋㅋㅋㅋ,5
201,편집이좀 불안하누 자막부분이,1
202,수소차면 물 넣으면 가는줄 알았..차대도 비싸고 비용도 비싸고 테슬라만 불티나고 아무도 모를땐 이유가 있었네요. 물만 퍼 넣어도 가는차 나오면 노벨상 받을텐데. 결국 테슬라로 가야겠네용,2
203,"현재 수소는 석유(천연가스)에서 추출되는거예요..(현존 저렴해서) 물분해 생각하는 분 많은데, 물분해방식으로 수소추출하려면 전기가 엄청나게 소모되서 현재 산업용 수소는 모두 화석연료에서 추출되는 것이라 결과적으로 환경오염 도움이 되지 않습니다.그냥 발전소 전기를 바로 충전하면되는걸, 돈들여 만든 수소넣고, 수소를 다시 전기로 만들어서 움직이는 그냥 전기차입니다..조삼모사 세금낭비 그냥 배터리 모터 기술에 집중하는것이 바람직합니다",6
204,아 진짜 헛소리하지마 ㅋㅋㅋㅋ,13
205,수소를 수출해? 기자가 문송이구만. 물 전기 분해하면 나오네.,1
206,아니 대기 인원이 많으면 어플로 공유해주면 되는데 유저가 카카오톡으로 단톡방에서 일일히 공유.......................... 도대체 왜.......... 현대는 어플 만들고 운용할 돈도 없는건가요?,2
207,5:31 뭐 지리는거 같네 ㅋㅋ 그림이 좀 이상한데 ㅋㅋㅋ,2
208,모카 자막 맞춤법은 지적해도 수정이 안 되는군요. 뒷자석이 뭡니까... 하..,1
209,헛소리하지마임마 ㅋㅋ,11
210,전기차나 계속 하지 도대체 왜 수소차를 만든거야?,1
211,디자인만 좀바꿔라 휘발유차랑 별차이가없어서 안팔린거다 그걸의도한건가? 일부려안팔리게,1
212,헛소리하지마 임마 ㅋㅋㅋㅋ,6
213,한두달전에 뉴스 보니까. 현대도 수소차에서 .전기차로 돌아선 상태라고 하던대..아니였나.,1
214,방심하다 보노보노한테 당했네,1
215,차주가 제정신인 사람이 아닌건 알겠네요 ㅋㅋ 곁에두면 스트레스 많이받을거같음,1
216,핫소리하지마 임마!!,7
217,"넥쏘라는 차의 성능, 경제성을 떠나, 후반부에 말씀해 주신 수소사회가 온다는 말씀에 공감이 갑니다.전기를 생산하는 발전소의 발전과는 별개로 전기를 소비하는 가정,차 분야 만이라도 수소로 전환하는것 만으로,절반의 성공은 이룰수 있다고 생각합니다. 소비측면이라도 하루 빨리 이산화탄소 배출이 없는,불꽃연소가 없는 연로전지형태로 우선 가정 보일러, 가스레인지부터라도바뀌었으면 좋겠어요. 산과 도시를 가로지르는 고압선도 걷어내고요.가정에는 오직 소수관과 통신선만 들어가는 친환경 도시가 되겠죠.요즘 20대가 연탄이나, 아궁이를 모르는것 처럼,그리고 아빠들도 다 전자담배를 피울태니까요..그러면 자라나는 어린 아이들은 불을 책으로만 배우고 본적이 없는 세대도나타나겠죠. 오직 과학실의 알콜램프에서만 산소가 탄소연료를 태우는 모습을 교육으로만 배우고 실생활에서는 전혀 불을 볼수 없는 세대가나오길 상상해 봅니다. 아울러 그러한 사회가 빨리 올수록 발전분야도,더이상 화석연료에 의지하지 않는 친환경이나, 핵융합등의 발전이빨라질것이라고 생각하구요.물론 단기적으로는 거리에서 집에서 태우는 화석연료를 관리통제가 용의한 대규모의 집진 시설을 갖출수 있는 발전소로 보내서 그곳에서 태우는것만으로도 의미가 있다고 생각합니다.연료를 우리 생활 환경이 아닌 외곽에서 철저히 관리하에,소비할수 있다면 그것도 엄청난 발전인거죠.",5
218,걍 별로임,1
219,충전이... ㅋㅋㅋㅋㅋ 편해요...? ㅋㅋㅋㅋㅋ 아직갈길이멀어요  기것찾아갔는데 충전소고장이났으면요??  30분 40분기다렷는데  내차례인데 충전소가망가짐ㅋㅋㅋㅋㅋㅋㅋㅋㅋㅋ 충전못해서 대중교통타고 집에오는기분을 느낄확률이 로또 5등당첨확률보다 훠어어어얼씬높습니다.,4
220,넥소!,1
221,썸넬야하다 ㅗㅜㅑ,1
222,수소차 단점이 많아서 취소했징 ㅡㅅㅡ,1
223,헛소리하지마 임마~,6
224,헛소리 하지 임맠ㅋㅋㅋㅋㅋㅋㅋㅋㅋㅋ뽀 로리 귀엽다 ㅋㅋㅋㅋㅋ,15
225,수소는 좀.. 마치 태양광 발전 같은 쓰..레기?,2
226,옹옹옹옹옹옹,2
227,모자아저씨 반말비스무리~ 하게 하는거 개듣기 싫네,2
228,3:22 넥슬람인가,11
229,보노보노ㅋㅋ,1
230,بروح اهلك شسمها هاي,1
231,여유로운 사람만 탈만할듯,1
232,"수소차는 시한부 자동차라는게 제일 큰 문제라 생각합니다. 핵심중의 핵심인 수소연료전지 스택이 엄청난 고가 부품인데 10년 16만키로 보증으로 알고 있습니다. 전기차보다 성능 떨어지고, 연료비 많이들고, 수소충전 매우 불편한게 현실인데..핵심 부품마저도 화학적 특성상 시간/주행거리에 따라 수명이 계속 줄어들고, 지금 부품가격으로는 차라리 폐차시키고 새차사는게 현명한 수준인데..이걸 아는 사람은 절대 수소차를 중고로 구매하지 않을 것입니다.. 현재 기술로는 수소차는 새차사서 수명이 다할때까지 쭉 타고 폐차시킬 각오로 타야하는 차라는 생각이 드네요..",3
233,저는 하이브리드 차입니다 수소 전기차는 고장나면 원인을 알까요?저차는 원인을 못찾아서 수리 포기합니다성수동 제일 큰 현대에서ㅋ,3
234,전기차는 아직 5년정도 더 기다리는게 맞다,1
235,2:14뭔개소리냨ㅋㅋ 그럼 테슬라는 얼마나편한거야ㅋㅋ 현대는 테슬라오토파일럿(NOA) 따라올려면 한참멀었다,4
236,거짓말 하지마임마,1
237,우와 제네시스급으로 옵션 구성이 좋네..아빠한테 넥쏘 사자고 해야되나 아참 깜빡하고 있었네 현대에서 판매하는 차였지 구입하면 안되겠다,1
238,임재범이 어디나오죠?,1
239,세금도둑 반달레이실바,3
240,집에  정전돼면  수소차로  비상발전하면  될듯~ㅋ,1
241,현대 수소차는 무조건망하지연료만 수소지 나머지는 내연기관차랑똑같은대 전기차는 충전시간만 더단축되면 내연기관도 잡을듯한데,1
242,보노보노 ㅋㅋ 이게 무슨 헛소리야,5
243,그 임재범인줄 알았는데 그 임재범이 아니라 이 임재범인줄 몰랐던 사람! 좋아요 꾸욱!!,3
244,와 걍 딱잘라서 존나불편하네 ㅋㅋ,2
245,키보드에서 3번계속 눌러보세요 네네네네네네네네네네네네ㅔㄴ,1
246,보노보노 ㅋㅋ 헛... 임~~~~ 마~~~~,1
247,1:22 이게 뭔 개 아 아닙니다,29
248,세금이 다 현기로 들어간단 소리다,1
249,이미 현기내부에서도 전기로 방향 바꾼거아님?,2
250,진짜 탈원전이니 일자리 54조 예산같이 쌩돈 날린거 수소차 보급으로만 썻다면...,2
251,차값도 비싸고 연료비도 비싸고 충전도 힘들고 왜 삼?,2
252,임재범이 아니라 짭재범이네 아 ㅋㅋㅋㅋㅋ우롱죄로 서울 속초경찰서에 고소장 접수할게요,3
253,너를위해 뜨어나 줄꼬오 야양양 우워어엉  너를위해  뜨어날끄어야,1
254,2빠,2
255,보조금이 3천1만대팔면국가세금만 3천억.3천억으로 곳곳에 소규모 태양광발전소 지어놓던지 아파트 발코니 태양광발전 지원하고 전기차 올인하는게 더 효율적일듯.,1
256,수소차를 운전할려면 수소관련 자격증 가지고 있어야 한다던데리뷰하시는분은 수소관련 자격증 있는지 궁금합니다지금 법을 위반하는 영상을 찍고 계신게 아닌가 걱정이 되내요,1
257,테슬라 전기자동차 시작햇다면우리나라는 공기도 좋아지는 수소차를 밀자수소차 선두주자 그게더 현명한거아닌가,1
258,"김한용 기자님 얘기처럼, 한국뿐만 아니라 전세계가 수소 사회로 갈 수 밖에 없습니다. 에너지 고갈이니 이런 얘기가 아니고요. 수소는 에너지 전환성이 좋아요. 말그대로 집에 수송통만 배달되면 바로 집에 전기며, 냉난방이며, 차까지 돌린다는 거에요... 반면 수소가 아닌 에너지들 전기는 발전하고 나면 저장장치 필요한데 그게 폭발 화재 위험성이 있고요, 가스나 석유 화석연료는 집안 시설이 복잡해지고 치켜야할 규제도 많죠. 세계 인구는 나날이 늘어가고, 에너지 수요는 증가하는데 지자체와 정부가 그들 가정에 에너지를 공급하기 위해서 막대한 시스템을 구축/운용하는 것이 갈수록 어려워지니 미국 뉴욕 같은 생긴지 오래된 대도시들에서는 송전설비 노후화로 대규모 정전사태가 발생하는 빈도가 늘어날 겁니다. 그렇다고 도시를 떠나 사나요? 코로나 사태 이후 오히려 도시화는 더 가속화 될 겁니다. 정보통신 인프라와 물자와 에너지가 풍부한 도시 아래에서 살아야만 더 건강해지고, 인생의 기회가 많아진다는걸 사람들이 포스트 코로나 이후 알게 될꺼에요. 이 두가지 역설을 모두 만족해줄 수소사회가 아주 훌륭한 대안이라는 거죠... 근시안적으로 보면 생산하기 비싼 연료이지만..., 현재 촉매기술이나 저장기술이나 발전하는 속도로 봤을때 5년 뒤면, 정부에서 수소로만 생활하는 주택단지, 아파트 시범사업 할 수 도 있을 겁니다.",6
259,환경 생각한다는 소리는 어떻게 저렇게 나올까....?진짜 종이컵 쓰지말자면서 텀블러 4개씩 가지고 잇는 소리와 일맥상통하다.환경 생각하면 대중교통을 이용해야지. 국민세금이 저렇게 낭비되는데 참... 할말이 없다...적당히 하자,3
260,흠.. 전기차도 시기상조라고 생각하는데 수소차는... 갈길이 멀다고 생각합니다,2
261,충전할 데 없고 드럽게 비싸고 차값도 비싸고....,1
262,"김한용기자님..... 베터리랑 수소랑 같은 개념이라고하셧는데. 효율도 같다고는 절대 말할 수 없다는부분은 그냥 건너뛰시네요.장단점은 분명히 나눠집니다. 변환이 완료된 수소를 채워 넣는거랑 그 자리에서 화학에너지로 변환시켜 저장하는것, 누가봐도 에너지자체의 충전속도는 수소가 더 빠를겁니다.근데 앞뒤 다 자르고 수소랑 베터리가 같다는 식의 설명은 틀렸다고봐요. 되려 친환경은 일반전기차가 더 가깝습니다. 수소전기차는 화학에너지로의 변환이라고 보이기 쉽지만 사실 물리에너지저장에 더 가까워요. 그것도 효율이 드럽게 나쁜. 그래서 충전가격이 더 비쌀 수 밖에 없고. 더군다나 인프라구성조차 비쌉니다.가장 쉬운근거를 들어본다면. 애초에 전기에너지자체의 특성때문입니다. 전기에너지는 고급에너지입니다. 석유나 석탄등등을 바로태우는 에너지의 량이 전기로 변환했을때의 에너지량보다 더 높아요. 근데 전기에너지를 주로 쓰는이유는 전기의 운송성 때문입니다. 단점이자 장점인데. 전기는 생산과 동시에 소비되는 에너지이기때문에",1
263,"솔직히 현대야니들이 수소차 만들면 서울이나 대도시에 수소충전소 몇개 정도는 만들어서 운영해줘야 하는거 아니냐?그렇게 국민들이 차 사줘서 돈 벌어처먹었으면 투자 좀 해라.수소충전소도 무슨 국가가 나서서 투자를 하는 이런 말같지도 않는 짓거리 좀 그만 하면 안되겠니? 에휴...그러면서 알바새킈들은 테슬라는 또 ㅈㄴ게 까요..........아 죄송합니다. 갑자기 욱 했습니다.사람에게는 인성이라는게 있는데, 회사도 그런게 있는 법인데 ... 아..정말 수준이...절레절레...",1
264,안좋아요 사지마세요 현다이,1
265,헐... 정부가 차값의 반을 보조해주네요.아 진짜 세금을 어디다 쓰는건지수소차.와.....전기차시대에...,1
266,진짜 자기가 수소차 샀다고 어떻게든 좋다고 자랑할려하는데 전혀 안좋아보이고 불편해만 보임 ㄹㅇ ㅋㅋㅋㅋ,1
267,결론 = 수소차는 헛지랄이니까 돈낭비말자,2
268,수소차 안사고 싶어지는 리뷰 충전소도예약하야하고 ....,1
269,규모의 경제라지만 지금 수소 가격 너무 비쌉니다. 아무리 못해도 6천원 돼어야 메리트가 있는건데 연료비 너무 많이 나옴. 그냥 몇년 디젤 더 탈걸 하는 생각이 ㅋㅋ,1
270,수소가격 앞으로  올라갈꺼갈꺼같은데..,1
271,"차주분은 마치 ""보령미션을 울컥거리고, 내구성 약하고, 저속에서 어리버리 대고, 원가절감이지만 진짜 좋다! 정말 좋다!"" 라며 감성적으로 자기합리화 하는 듯한 모습이네요 뭔 말도안되는 이야기를 당연하게 이야기하시네 그리고 수소차 탄다고 친환경 기여하는것 같으세요? 수소생산방법이랑 수소운송방법 수소보관방법 딱 3가지만 검색해보세요 또 결국 수소로 전기 발생시켜서 배터리에 저장된 에너지로 전기모터 구동시켜 가는건데 이게 효율적이고 합리적이라 생각하시는 모습에 중간다리를 탁 치고 갑니다.김한용기자님 너무 좋아하고 즐겨 보는 방송인데 오늘 만큼은 죄송하지만 비추 한번 누르고 가겠습니다.",2
272,언젠가는 수소사회가 올꺼다 라는건 무슨 신앙입니까?ㅋㅋㅋㅋ  수소사회가 올꺼다는 과학적으로 경제적으로 아무런 비전이 없어요. 망상을 버리세요 제발 ㅎㅎㅎ,1
273,헛소리하지마 임 마 어디서약을팔아?,1
274,영상은 잘 봤습니다. 그런데 일반인이 아닌 민간인이요? 10도가 아니고 10센티요? 시트가 얍다고 피곤하다는 단정은 좀... 그리고 본인 키만말고 하체가 긴지 반반이지 등 확실하게... 용어 및 리뷰  연습을 더 하셔야할듯 하네요... 리뷰가 전혀 도움이 되지않고 그냥 까는것으로 보여집니다. 에코 플러스도 있습니다. 제발 공부  더 하시고 리뷰 부탁드립니다.,2
275,넥소 실대 디자인은 진짜 잘 한듯 깔끔하면서 기능적 그리고 미래적 느낌까지,11
276,감사합니다.^^ 여지껏 봤던 자동차 리뷰영상중에 가장 뉴트럴하게 리뷰하시네요^^앞으로도 잘 볼께요.,3
277,20년 4월 넥쏘 오너 입니다 신상이 나왔군요 ^^ 계기판 쪽이 많이 달라졌네요 물버림 기능 넘 부럽습니다 ^^,3
278,넥소 좋다 디자인이.. 다른차에 적용시키면 얼마나 조을까,2
279,항상 도움이되는 영상 감사합니다~~!응원할께요 ~~^^,3
280,충전소만 좀 확충된다면 정말 타고 싶은 차입니다 ㅜㅜ 특히 옵션이 무광색 하나 밖에 없다는 게 너무 좋아요.,8
281,부품 가격 검색 해보면 재미있을것 같다는...연료탱크와 전기로 변환하는 화학반응 핵심부품들의 가격과 배관등이 가격이 높을것으로 예상,1
282,영상 잘 봤습니다 넥쏘 멋있네요!,4
283,수소차 충전소는 점점 포화가 되어서 강원의 경우 1시간대기도 한다는데..자꾸 보조금 풀어서 판매량 끌어올리는게 우선적인 목표인지 생각해 볼 필요가 있는 것 같아요. 인프라 구축이 최소한 동시에 이뤄저야하지않을지,14
284,"오늘 보고 왔습니다. 내부가 오닉5,ev6 대비 너무 작습니다. 특히 운전석 우측의 버튼과 팔걸이가 너무 커서 무릎에 걸거쳐서 편하질 않습니다. 동승석도 마찬가지... 내부가 너무 아쉽습니다.",2
285,전기차나 수소차  나중에 사는게  좋을 듯.. 초반에 사면 그냥 마루타  느낌 .,3
286,집 옆에 충전소 생겨서 오늘 계약하고 오는 길입니당. 기대 되네용 히히 다음 달에 만납니다,2
287,10분거리에 충전소 생겨서... 참으로 고민 많이됩니다보조금이 많이 매력적연료전지나 수소탱크 보증기간/거리 이상으로 탈 것 같지도 않아서..막말로 산타페 살돈으로 살수있는건데..디자인은 처음엔 별로였는데 자주봐서그런지(요즘 길에 아주 많더군요)아쁘지 않아보이고,1
288,오프닝 영상 좋아요~^^,1
289,앞라이트를 이으니 멋있네요~^^,3
290,넥쏘만나오면 욕하고들 난리네 ㅋㅋㅋㅋㅋㅋㅋㅋㅋㅋㅋ 영상감사해요!,12
291,넥쏘 충전소 가면 귀여워요ㄱㅋㄱ다들 올챙이 처럼 한 줄로  줄서서 기다리고 있음ㅋ ㅋㅋㅋ,2
292,아직까지는 인프라 구축 돼면 사야지 ㅎㅎ,1
293,안녕 하는 손인사가 너무 호감입니다,2
294,"차가 마음에 들지 않으면 다른 차를 사거나, 사지 않으면 되는데,  그저 불평불만만 하는 사람은 어떤 상황에 직면하든 불평불만 거리만 먼저 찾음.시승기를 보면서 그냥 넥쏘는 이런저런 장단점이 있구나 하면 될 걸.인생이 불평물만이 사람들이 많네...",7
295,"차 구매 생각 중인데, 첫차로 넥쏘는 어떨까요?? 너무 땡기네여",5
296,투싼도 실내 디자인 이렇게 해주지,1
297,전기차 충전보다 더 어렵다는 수소전기차 넥쏘,5
298,저런 차는 최소 10년 뒤부터 타야 손해안봄.,5
299,이차가 사자마자1분후 중고차가격 2천깍고 시작한다는 그차인가요 ?,13
300,Kg당 7천에서 8천이면 미국 캘리에 비해서 무지 싸네요.  여김 kg당 $16.99 입니다.  산지 이주일 됬는데 만족.   행복하세요,1
301,사고 싶어도 충전소가 없어서 못 사는 차,12
302,데이라이트 법적으로 일직선으로 연결못하는거로 아는데 가로방향은 라이트랑 혼동된다고,1
303,한국은 정말 저렴하게 살 수 있네요. 여기는 한국돈으로 8000만원대부터 시작하고 보조금도 없고 충전소도 3군데 밖에 없네요 ㅠㅠ . 여기가 어디냐구요? 캐나다 벤쿠버 입니다. 젠장! 넥쏘 정말 한국정도면 바로 사겠네요.,2
304,수소값이 경유값이랑 비슷해서 매리트없음,1
305,https://youtu.be/LMqxyVDmgK06시간동안 시동이 안꺼진 넥쏘,1
306,결함으로 전기차와 같이 중고차 똥값이라고 소비자들 한탄의 목소리,3
307,500에 줘도 충전하러 9km가야하니 충전비가 차값보다 더나온다,2
308,"여긴 넥쏘 스택문제 아는 사람 없나봐여, 제작 결함이라는데, 사면 곤란하지 않나요?",1
309,충전소가 없는데 어캐 타란거지 ??,2
310,괜츈하네,1
311,기반시설부터...,2
312,수소충전소를 못늘리는이유 저차가 백만대팔리면 국비가 40조가 날라가므로 함부로 충전소허가를...5년후에나 탈만한차...현재로서는 : cng차가 갑...옽바이연료비로탈수있는차...시내버스주차장이충전소인 천연가스차...,3
313,결함 . 수리 관련해서 넥쏘 카페가보면.. 분위기가 안좋던데,3
314,다 좋은데 충전 불가,17
315,연료스텍고장나면 끝 ㅠㅠ,1
316,넥쏘 실오너입니다충전 빡시긴해도 지옥정도는 아닙니다전 국회충전소가 차로 15분정도 거리에 있어 낫더라고요차는 만족하고 있습니다21년식은 모터에 백금이 덜 들어가 가격이 낮쳐줬다던데 좋아졌네요.아 물배출 버튼도 생겼다죠,6
317,그 말많고 결함 많은 넥소 아닙니까?,4
318,가전에서 일하지만 기계전기는 아직 멀엇다 오류나 고장나면 죽음이 찾아올거다 목숨은 하나이기때문에 좋게 디젤 무연 타는게 좋다 유지비 아끼자고 목숨을 버리는짓은 ㄴㄴ,4
319,"충전소가 없고, 충전소에서 대기할 시간적 여유도 없어서 구매 불가",3
320,수소 충전소 옆동네 옆집 아니면 포기해예약하고 두시간을 달려서 주유하러 갈순 없잖아 ~!인프라 폭망,6
321,핸대차를 리뷰하는군요~  맨정신에는 못 탈듯,2
322,바보들아 개인들이 사겠냐  각나라  기관들이 사겠지 환경문제 때문에,1
323,전기차 위험하죠  수소차 안전하죠  충전?  기름처럼 빠르게 충전되죠~~대형차  1톤 영업차  시간이 금이라  수소가  정답이죠  미래는  수소가 책임집니다,1
324,이 차에 최고의 단점은 현대가 만들었다는거다.,5
325,중국 싸구려 디자인. 휴ㅠㅠㅠㅠ,2
326,어떻게 디자인과 편리성이 퇴화되어 가냐,3
327,암같은 버튼식기어 좀 어떻게 해봐라좀,2
328,2021.12월에 시청합니다디젤차보다 연비가 조금 나은 수준 맞더라구요그리고 티맵으로 검색하니 수소 충전소도 도시마다 많이 있더군요그러나디젤보다 좋은 점은고속도로 50% 할인공영주차 50% 할인자동차세 년 13만원,2
329,뭐 노래방이라 자막이 눈에 거슬래네요,2
330,넥쏘주차되어있으면 그옆에주차안함,4
331,이차 사는 호구들이 아직도 있나요 ?,4
332,ㅂレㅂレㅌl비보는데 진짜 여캠들이 하나도 빠짐없이 싹 다 벗고있어서 놀랬음 ..,1
333,저걸 무서워서 어떻게 타?  수소터지면 바로 사망아님? 흉기차 == 결함덩어리,4
334,일제가 최고. 정교함 기술력 세밀함 부품관리 영구성 기초설계력  아시아를 대표하는 도요타를 가지고 있는 자부심 자긍심을 느껴 보세요 한국차 버리세요,2
335,"현대자동차로부터 시승차를 제공받아 제작된 컨텐츠입니다.단순한 넥쏘 시승기 외에도 수소차 충전 관련 이야기까지 수소차 운행에 관련된 모든부분을 다 담아내려고 노력했으니까, 필요한 부분 콕 콕 찝어서 보시면 될 것 같아요.00:00 인트로00:40 넥쏘 소개01:32 넥쏘 외부 디자인03:59 물 배출????05:06 트렁크 사이즈07:52 실내 - 1열 소개11:37 실내 - 2열 소개12:32 주행기 - 154마력 괜찮은가?13:43 특이한 회생제동 + 일반 주행 평가15:49 넥쏘의 장점19:33 넥쏘의 단점23:53 2열 탑승기26:16 수소 충전 관련 설명29:57 마무리",4
336,"넥쏘는 2017년에 전시된 컨셉트카 FE 디자인에서 계승된 2018년도 출시된 차량이고요. 그때당시의 모든 디자인들이 제네시스, 현대, 기아차에 파생되었다고 보시면 됩니다.P.S. FE에 장착된 휠 디자인이 예뻣는데 공력특성상 지금의 휠로 디자인 되어서 아쉬운 부분이긴 합니다.지나가던 넥쏘 오너 올림.",4
337,난 2년간 너무 행복히 타고있는데...요즘같이 기름값 비싼 시대에 디젤 대비 연비 200%의 차면 완전 땡큐지.,3
338,잘봤습니다 아무래도  페이스리프트나 풀체인지 없이 5년째 차량이  그대로다 보니 주행보조 시스템도 5년전 그대로네요..ㅋㅋㅋ자동차 다니는분 한테 여쭤보니 차량 생산 단가 문제로 운전에 필수 요소가 아닌건 최대한 빼고 만들수밖에 없다더라구요 그나마도 21년식 와서야 우적감지센서가 생겼습니다 ㅋㅋㅋ다음 세대가 기대되는 차에요,5
339,"작년에 투싼이랑 넥쏘랑 고민하다가 결국 투싼 NX4를 인수 받았고 1년정도 타다가 결국에는 넥쏘로 계약하게 된 1인입니다ㅋㅋㅋㅋ근래 들어 기름값 오르는 문제도 있지만 하비준님이 말씀하신 것처럼 지금 처럼 보조금을 많이 받을 수 있을 때 사는게 나을 것 같다는 생각이 들기도 하고, 나름 충전소도 많은 지방에(현재 7대, 이번년 말까지 5대 더 설치 예정) 살고 있는 상황입니다. 충전소도 현재는 출퇴근 길에 있는 상황이고 내년에는 집 근처에도 하나 생긴다는 계획이 잡혀 있어서 망설이다가 바로 계약하게 되었네요. 아이오닉5가 개인적으로 가장 가지고 싶기는 하지만, 보조금을 받더라도 실질적으로 비용해야 하는 가격도 가격이지만, 출고 대기기간이 넥쏘에 비하면 진짜 너무 길어서 엄두가 전혀 나질 않았네요. 시승기 정보 유익하게 잘 보고 갑니다!",2
340,"8:0520:40에 단점으로 이야기 하신 LFA버튼이 혹시 이걸 말씀하시는 거라면 넥쏘에서는 LKA(lane keeping assist) 버튼이라고 하고 핸들 왼쪽 물배출버튼 있는쪽에 있습니다.(8:35 여러 버튼중 주황불들어온곳 위에 자리잡고 있습니다.)다만 LFA와 LKA의 개념은 다르기 때문에, 정확하게 scc 비활성화 상태에서 LFA만 작동하는 버튼을 원하시는거면 넥쏘에서는 불가, 타 현기차에서 l핸들l 이렇게 되어있으면 가능합니다.(넥쏘는 l차량l 이렇게 생겼습니다.)LKA는 버튼 한번 누르면 다시 끌때까지 시동 off on 반복해도 유지가 됩니다.(기존정보가 잘못되어 수정드립니다. 정말 죄송합니다.)",3
341,짜잘한 거까지 설명해주셔서 좋네요내년에 뉴넥쏘가 나온다고해서 지금 구매할지 더 기다릴지 고민이네요,1
342,2열 시트 한번 더 아래로 누르시면 지금 영상보다 더 평탄화 됩니다 ..그리고 영상속 넥쏘 모델은 2017년씩 모델이라서 지금 출시 되는 차량보다는 디자인 면에서는 조금 밀리는 디자인이긴 하지만 당시에는 혁신적인 디자인과 현대 기술력이 다 들어간 차량입니다 차후 모델 변경되는 후속이 니온다는 이야기도 있습니다하단부분에는 무선충전기 와 USB 포트 양쪽에 두개 있고 미디어 USB 는 센터페스아 부분에 자리잡고 있습니다 음 그리고 넥쏘 기능중 외부공기 개패 버튼 5초 동안 누르고 있으면 공기청정기능 작동 됩니다 5분간 입니다 비록 충전 인프라가 아직은 미흡하지만 4만원때 충전후 최대 8~900키로 주행할수있고 정말 정속주행하시면 1천키로 주행도 가능합니다 ...요즘 처럼 고유가 에서는 딱 좋은차량이고 말씀 처럼 차박 및 캠핑에서도 정말 좋은차 입니다 1년 주행 현재 46.000키로 달리면서 부가적인 비용 이 안들어 기는게 꽤 징점입니다 엔진오일 .미션오일 등 ..전 만족하고 타고 다니고있습니다,3
343,"쏘렌토 mq4 타고 있습니다만, 보조금에 훅해서 계약했다가 시승해보고 취소 했습니다.옵션이 음...5년전이에요.무엇보다 스택이 시한부라 언제 퍼질지 모르고, 10년타고 판다고 했을때 똥값이겠더라구요.하지만 90km 정도까지의 주행질감은 좋았습니다.",3
344,"충전시간이 일반 휘발류와 거의 대동소이,  충전 인프라는 주변에 제법 있음,  (지방은 조심해야 함)안산 울산등은 타 지역에 비해 더 저렴(kg 당 7700원,  타 지역 kg 당 8800)  보통 5kg  충전함 1년 운행함 600-700km (1번 충전시)  운행 하는 듯",2
345,잘 봤습니다.,1
346,1년 넘게 타고 있는데 차가 정말 심심합니다. 너무 조용하고 부릉부릉거리는게 하나도 없습니다. 장거리 뛰기엔 정말 좋은 차입니다.충전소도 현재 기준으로 생각보다 많아서 불편함이 없습니다.그리고 공기청정기 기능까지 있어서 확실히 내연기관 차량 대비 졸림이 없이 쾌적하게 운전할수있습니다.크롬 오디오는 저역시 좋다는 느낌을 받지는 못했습니다.7000만원대라서 GV70과 동급이라고 하는데 솔직히 부족한건 사실입니다.저는 영종도 거주자라서 남은 주행거리 10키로까지도 타다가 충전을 해서 1회 충전시 580키로 이상은 여유롭게 타고 있고 서울까지 출퇴근하면서 내연기관 대비 유류비 하이패스통행료를 계속 할인받고 있어서 한달에 30만원씩 계속 이득을 보고있습니다.,1
347,물배출은 안하게되면 물배출 하라는 경고가 뜨나요??,2
348,넥소 디자인이 영~ 아니올시다,1
349,저는 러기지 스크린 제거하고  골프클럽 4개 쑤셔 넣고 다닙니다. ㅎㅎ,1
350,권혁수 닮았어요.,1
351,뒷모습이랑 실내가 예뻐요 ㅋㅋ 한 번 시승해보고싶네요. 보조금 지원하더라도 개인적으로 메리트가 있는지는 잘 모르겠만 앞으로 기대가 됩니다.,5
352,충전소보다 현대 보증이 10년16만키로 보증 입니다조금 많이 타시는분들은 5~6년안에 스택이 고장나면 폐차해야될 상황 입니다 잦은 스택 고장이 먼저 해결 해야될 사항 입니다,41
353,충전소만 많다면 수소차가 전기차보다도 좋아 보인다.,4
354,넥소를 대형으로 만들면 잘팔릴듯,5
355,"요즘 (디자인,브레이크, 기능옵션,고속커브핸들링) 보고 사는데....너무 올드 하네요.하체 수소통은 탄소강판으로 감싸서 판매하는지도 의문이구요~",1
356,"수소전지차는 효율 때문에 문제가 많이 있어요.  전기 에너지가 수소 생성할때, 수소가 쎌에서 전기를 만들어 낼때, 손실이 너무 많습니다.   이미 배터리 차의 가격이 수소전지차 보다 싼데다가, 배터리 기술 발달로 배터리 가격이 더 내려갈 것을 생각하면, 수소전지 승용차는 부적당한 적용이 아닐까요.",1
357,수소 전용 플랫폼 트럭도 하나 설계해야 할듯. 한번 만들어 놓으면 몇년은 쓸거같은데,1
358,예전 LPG차와 비슷한가보네요. 정작 LPG차는 교육이 폐지되었는데....,1
359,"충전소가 2월14일 기준 53곳이 있고, 49곳이 운용중이네요.1월 중순경 48곳이었는데 4곳이 늘어났네요. 충전소가 주변에 없으면 구매를 고민도 하지 마세요",1
360,"아쉬운건..디쟈인.. 충전소는 좀 많았으면 해요~정의선오빠! 디자인 쫌!! 몇년 타보니 좋아요~후회 없어요. 비교할 수 있는 차가 전 세계에 없어요.. 예전에 기름차 탔을때는 만땅 넣으면 기름소비가 더 많아진다고해서 반쯤 주유하고 또 충전하고 그랬거든요~ 넥쏘는 주행거리도 길고 충전도 저는 불편하진 않았어요. 5분? 정도면 충전도 되고요~ 서울 시내에 벗어날 일이 별로 없으니 충전도 한번하면 한달 탄적도 있어요~ 주행속도가 느리면 주행거리가 약간 길어져요~. 두물머리나 가까운 포천 아울렛 갔다와도 충전때문에 부담스럽지 않았어요.여수나, 남해로 여행갈땐 충전료 덕분에 진짜 좋았어요. 충전료가 더 내려간다고 하니 경제적으로 너무 만족하고 공기를  정화시켜주는게 제일 맘에 들어요~ 타는 나도 좋치만 주변도 정화시켜주니까요~ 나도 좋으면서 남도 좋은일 하는게 세상에서 젤 어려운데 넥쏘 닥분에 타는 맛이 납니다.다음에도 수소차로 사고 싶어요.. 디자인 좀...멋있게 만들어 쥬세여~~~",3
361,요즘 수소연료전기차에 대한 유튜브가 참 많이 나오네요. 그런데 단점에 대한 내용을 듣고싶어서 여러개 봤는데 거의다 단점에  대한 내용은 별로 없고 장점에 대한 내용이 대부분 이네요. 수소연료전기차는 단점이 없나보네요!,2
362,실내 디자인은 진짜;; 기어봉만 있으면 완벽한 실내 디자인인데......,3
363,충전소만 많다면 좋을것같아요,3
364,궁긍적으로는 수소로 갈거라 생각하지만 전기차 시대가 먼저오고(2030년쯤?) 그 이후 다시 몇십년후에 수소차 시대가 올것 같아요.갑자기 말도 안되게 엄청난 기술 발전이 되면 모를까 아직은 좀 이르지 않나 싶네요.,4
365,충전소 먼저 설치해야하는게 먼저 아닐까합니다....,8
366,진짜 단점은 말 안해주고...장점만 말씀하시는분들 많네요.수소 연료도 국가보조금이라 8천원대지..원래가격은 KG당 5만원정도유지비가 싼 쪽은 아니에요. 충전소 정말 줄길어요..성격 급한분은 절대 수소 전기차 금지제일 중요한건 진짜 수소차가 대중화 될려면 모델들이 많아지겠죠? 넥쏘만 있는건 그만큼 상품 개발도 느린거에요.,3
367,가격내려가고 편의성이 좋아져도 수소충전소가 많지않는한 선듯 구매하기는 좀 그렇죠?,12
368,역시 룸미러와 콤비 스위치는 눈에 거슬리는.... 저게 그리 어려운 일 아닐텐데.,2
369,수소차가 터질걱정을 하지 않아도 되는게 수소폭탄은 말그대로 핵폭탄이라 핵물질인 우라늄이나 플루토늄늬 핵분열로 일어나는 폭팔로 애초에 차에 우라늄같은 핵물질이 없으면 폭팔할일도 없습니다,9
370,넥쏘가 작은차가 아닌데 직접보면 이상하게 작아보이더라,5
371,자동차의 모든 설명을 영어로번역 했다면 세계를향해 굉장히 새롭고 신기한 소식일것이다.!!!!!!!!!!!!!!!,2
372,충전소만 많다면 전기차 보다 훨씬 더 인기 많을텐데. 서울에서 부산 다녀오려면 충전을 어찌 해야되는지 그게 더 스트레스일듯,4
373,수소차는 구조상 4륜구동이 불가능한가보네요.,1
374,자율주행 2레벨에서 차츰 업그레이드 가능한가요?,6
375,수소나 전기차가 대새가 되긴 될거예요... 수소를 만드는데 암모니아를 이용해서 만들지.. 아니면 다르게 만들지... 암튼 중동은 암모니아공장을 엄청나게 크게 짓는다네요.,1
376,요즘 넥소 관련 게시물 많이 올라오네 ㅎㅎ,2
377,지인이 넥쏘구매했는데 수소충전을 위해서 충전소에갔더니 수소가없더라구요 ㅋㅋ 근처에 다른 충전소도없는데,8
378,추운 겨울 야외 주차 시 아침 시동 간 문제는 없나요?,2
379,책상에.... 책상에 ..... 포카리스웨트가 엄청 많네요 ㄷ ㄷ ㄷㄷ ㄷ ㄷ ㄷ ㄷ,8
380,"스텍 고장나면 4000만원 수리비 나와요보증도 짧고, 이런걸 말해줘야되는데",31
381,2021년 제일 좋다는 소나타를 샀는데 타보니 소리가 시끄러워서 차가 넘 시끄러워 귀가 아파서 못타겠다고 전화를 했더니 4기통에 터보 라서 그렇다고 하는데 60이 넘은 나에게는 그런게 필요가 없는데 차에 아무지식이 없고 좋은 차라고 해서 샀는데 타기가 넘 힘들어서 이차를 어떻게 해야 하는지 올려 봤어요 방법을 말해주세요 😂,1
382,상징성만큼은 정말 크다,5
383,충전소와 스택 문제 이야기는 왜 안하는지..,16
384,지방은 수소충전소 거의 전멸급,4
385,충전소도 작고 그중에 고장난 주입기도 많고...,1
386,수소차는 구조적면에서는  전기차에 묻힐듯 합니다...차체바닥에 배터리 쇠뭉치들을 깔아놓아 안전성 주행성 생산 단순성에서는 전기차만한게 지금 없지요,2
387,"다 알만한 사실과 논리,개인 생각은 리뷰서 제외하는게 기본 아닐까?",1
388,황사는 사막 때문에 없어지기 힘들거같은데,2
389,고압자동차 운전교육 없어졌습니다. 버스 등은 있는데 승용은 없어졌어요. 수정바래요.^^,2
390,영상도 오래된거지만 전 렌트카로 넥쏘 운전한경험이있는데 안전교육이있었는줄몰랐어요그럼렌트카업체가 불법이었네요 무작위로빌릴수있었으니;;,1
391,아니 근데 2021년형이면 외부 디자인도 좀 바꾸고하지 이게 뭐애,2
392,요즘 현대차가 미는게 수소차 넥소인가? 여기저기서 리뷰많이 하네요,2
393,물 배출버튼은 뒷차가 똥침놓을때 누르라고 만든것같네요,1
394,기자님 요새 스트레스 많이 받으시나봐요~,2
395,0%에 가깝겠지만 넥쏘 대리운전 하다가 걸리면 ㅋㅋㅋㅋ,9
396,01:28 책상에 이온음료가 ㄷㄷ 수분이 많이 부족하신가요,15
397,다 말 안해도 충천소 같은거만 해결되면 어련히 타고 다님.전기차 왜 안사나요? 다 충전떔에 안사는거죠 ㅋ,2
398,수리비도 4천만원 차? 는 아니겠죠 ㅠㅠ,1
399,디자인 진짜....답이 안나오네...,1
400,수소트럭 빨리 나와라 기대된다,4
401,뉴스에서 부품만 4천이라며,1
402,포카리스웨트와 신타6가 보이는걸로 보아 사무실에 헬창이..?,2
403,1:22 포카리 스웨트 덕후인가?  마시고 남은 캔이 음청 많네 이 정도면 동아오츠카에서 협찬 좀 들어가야. . .,2
404,넥쏘 좋은거 같은데 잔고장이 많아요??,2
405,전 트림 인조가죽인걸로 알고 있어요.,1
406,안사길 잘했다는...,1
407,스택 스택 스택 스택 스택...,6
408,사기템.실용적이지 못 함,1
409,수소연료전지 고장나면 4천만원 주고 고쳐야 함 4천만원이면 새차사겠네,1
410,수소차를 타는 건 정말 난센스다. 충전은 어디서 할것이며.부품갯수는 전기차의.두배라서 불량률도 높고 수리비도 높고.,3
411,수소차는 안된다며 왜 왜 시승은 잔소리  그만하고,1
412,내가 낸 세금을 다른사람이 차 사는데 보테준다???,1
413,차값이 내려가면 뭐하냐 수소충전소가 넥쏘 첫차 팔때랑 바뀐게 없는데,3
414,충전소도 안만들어놓고  파는현대는 도데체 뭐야..!!,4
415,수소차가 전기차보단 나은데...,8
416,네 망했습니다..,1
417,스택때문에 안삼,2
418,수소 연료전지 차량은 일반 승용으론 미래가 없다..일론 머스크 말처럼 그냥 전기차에 충전기술을 발전시키는게 맞지.. 수소를 만들어 그걸 다시 어마어마한 비용으로 충전소를 설치해서 충전해서 전기 만들어서 사용하는게 뭔 코미디같은 짓이냐.. 대형 상업용 화물 트럭 시장에선 도움이 될지 모르나 승용차 시장에선 조만간 사라질 듯하다..,2
419,중요한건  넥쏘이거카이스트에서 세금으로 개발했습니다다른뉴스 보면 나옵니다국가에서 기업일에 너무 나대면 안되는데 말이죠 ?,2
420,웃낀다중국 미세먼지의 주범은 공장과 난방연료 인대,2
421,#######   구정연휴기간이나  주말에 버스전용차로에 “””스타렉스””나 “””카니발””” 무조건 사진찍어 신고합시다#######   9인승이상차량에 6인이상 탑승해야 버스전용차로 주행가능.  5인이상 집합금지 위반임#######   6명이 안탔다!  그러면  전용차로 위반                     스마트국민제도 사이트나 어플에서 신고,3
422,거 현대마크 좀 바꾸던가 떼라 아우 촌시러워,1
423,*,1
424,"수소충전소 제대로 돌아가는 곳 전국에 8곳이나 되려나?양재, 하남시 충전소는 그나마 수리중으로 폐쇄된지 오래고.수소차 타려면 충전하려고 일부러 100km이상은 갈 생각하고 구매해야함.충전 대기시간은 보통 1시간 이상 기다려야 한다.이걸 어떻게 타고 다니냐.관공서에서 구매한 수소차는 1년에 주행거리 300km도 않된다고 한다.충전을 할 수 없으니 이용을 하지 않는 공무원들.수소차 한심한 정책. 한심한 차, 그냥 보여주기 위해서 만든 차.",4
425,우리의 생각은 잘 올려주셔서 먼저 감사드립니다 저는 넥쏘 타는 사람으로써 그 비싼 스텍도 다른 큰 고장도 무상으로 수리받았지만 그건 as기간 내이며 모든 부속이 10년 16만은 아니고 3년 6만짜리 일반 보증 부품도 일반차에 비해 엄청나게 비싼 것도 있으니 주의 하셔야겠습니다 베타 테스터란 놀림을 아직 까지도 받고 있는거도 사실이고 값비싼 스택비용 때문에 보증 연장 운동을 하고 있으니 스택전사라 비아냥 거리는 사람도 있습니다 그들이 누구인지도  왜 그러는지도 알고 싶네요 저번에 이어 이번에도 다시 한번 감사드립니다,27
426,올해 5월에 출고하여 현재 1만킬로 넘게 주행했는데 뽑기운이 좋았는지 출력저하라던가 스택관련 문제 없이 잘 잘리고 있어서 소유자 입장에서 상당히 만족하고 있습니다. 다만 언급하신거 처럼 충전 인프라가 아직은 부족하기 때문에 집 근처나 근무지 근처에 충전소가 있어야 충전 스트레스 없이 이용할 수 있는 차인것은 분명합니다. 그것만 제한다면 현재까지 경차부터 대형SUV랑 세단까지 몰아봤던 제 기준에서는 가장 만족적인 차입니다.,14
427,잘 봤습니다. 수소차 넥쏘에 대해 좀더 많은 실사용 사례들을 취합해서 공유해주시면 감사요~~~,2
428,"올해 3월 출고 후 만족하며 타고 있네요!위 말씀하신거 1년 가까이 고민하다가 결정했습니다..왜냐 스텍을 제외하곤 주행거리 등 많은 메리트가 있다고 생각했고 현대라는 메이커에서 스텍문제 충분히 해결할거라는 긍정적인 판단으로 구매했는데..충전소 부족을 빼고는 전기차보단 괜찮다고 느껴집니다! 그리고 스텍도 3세대,4세대 상당한 기술향상을 통해 23년 2세대넥쏘 출시와 기존 재생을 통한 스텍교체비용 절감도 현실화 될것으로 보여집니다! 전기차도 현재 불편한점 많습니다 현재 존재하는 차량 중 완벽한 차량은 없습니다..다만 나에게 맞는 적합한 차량을 선택할 뿐! 더 개선되고 편리함을 누리실려면 계속 기다리시면 됩니다! 저는 50이 넘어가는 나이에 만냥 기다릴수 없었을 뿐이죠..선택은 각자하시면 됩니다..",11
429,계약하고 8일만에 나왔네요.. 그나마 이게 리스라 좀 더 걸렸다고 ㄷㄷㄷ.. 다 맘에 드는데.. 22년형인데 묘하게 19년형 구형느낌입니다.,9
430,"가솔린 스포티지 기다리고 시승까지 했지만 올해 10월 넥쏘 출고하여 잘 타고 있어요. 저희 도시는 충전대기? 거의 안하고, 심야충전 안되는게 좀 불편 합니다. 친구는 아이오닉 샀는데 후회 많이 하더라구요ㅎㅎ 장점도 많은데 단점 위주로 올려주셨네요... 사람마다 다르겠지만 저는 매우 만족 하고 있습니다. 좋은 영상 감사해요^^",17
431,넥쏘 여러가지 때문에 한참고민하다 이번달 받았는데 완전만족입니다. 가솔린만 탔었는데 신세계네요. 충전소는 4킬로 거리에 있어서 충전은 저는 편하게 하고있습니다,33
432,스택문제에 대한 보증연장과 충전소 여건이 해결되는게 우선이라고 생각합니다,5
433,수소시장 좋아질것은 맞는데 다른 자동차채널에서 2~3개월전 결함이 나와서 품질향상이 좀 필요할 것 같습니다!,7
434,사실 지금 사고 샆어도 보조금 지급 문제 때문애 못 삽니다. 21년 수소차 보조금도 대부분의 지자체에서 소진되었습니다. 내년 3~4월 이후 공고문이 떠야 가능할 겁니다. 수소인프라가 잘 갖춰진 지역은 보통 보조금 공고 뜨고 1~2달 안에 소진됩니다.,12
435,"넥쏘좋은영상 정보 감사합니다. 😀 번호판, 봉인 녹 방지 봉인구어셈블리 추천드립니다. 더멋진 차 유지 될거예요.",1
436,"어떤 시각을 가지고 사안을 바라 보는가?가 평가의 방향을 좌우합니다.저는 7월에 구매해 어떤 문제없이 대만족하며 잘 타고 있습니다.저의 넥소 구매 기준은 5km 이내에 충전소가 있는가와 아직은 불편할 수 있는 수소충전시간을 감내할 수 있는가 그리고 저의 거주지에서 수도 서울을 왕복하기에 충분한가 였습니다.전기차도 고민 했었는데 수소충전 못지 않는 충전시간과한번 충전으로 서울 왕복 불가로 바로 포기했습니다.저의 5개월의 경험 중 충전시간 대부분 15분을 넘지 않았고 3~4회에 1번정도 40분이상 걸렸습니다.스택에 관한 말들이 많은데 과거 내연기관도 엔진에 문제가 많아 사거리에 시위하는 사람들 많았었지요.스택보증기간 10년에 16만km라 하는데저의 생각은 5,6개월 운행했는데 문제 없다면 10년 16만km도 문제 없다고 생각하구요저는 다행히 5개월 동안 아무 문제없이 운행하고 있습니다.연비문제는 저의 경험상 여름에는 120km/1kg 이상 나와 한번 충전으로 750km 운행 가능하구요요즘처럼 추운 겨울에는 550km/1kg 정도 떨어지는 것같습니다.저도 현대차 기아차 외제차 각각 10년 이상씩 운행했었는데지금 넥소로 최고의 만족을 누리고 있습니다.결국 개인의 취향과 성격에 따라 만족도가 달라 질 수 있으나저의 개인적인 경험이니 참고 하시기 바랍니다.%참고로 충전소 문제는 지자체별로 1년에 1~2개씩 신설하고 있습니다.",11
437,울산에선 수소차가 전기차보다 훨씬 편합니다충전소도 많고 대기시간도 거의 없지요그래서 그런가 거리에선 넥쏘가 제법 흔할정도로 보입니다,2
438,아무 불편없이 잘 사용하고 있습니다.,1
439,구형  과  지금  신형  중  구입  고민  중 입니다.  5만 킬로  뛴게  2900정도  신차는  약  3600만  약  700만  차이에  취득세 차이가  240만원  정도  네요.  19년식  중고 구입이  더  좋은  선택  아닌가요...?,1
440,넥쏘! 타본사람만 아는 만족스러운 차!,3
441,넥소 이거 좋네요 매우 만족하고 있습니다,5
442,일반차들보다택시/버스 먼저 수소차로 지원하고 100프로 교체해야한다!!하루종일 운행하는차들 우선순위로 교체해라!!국토부 공무원들 멍청하게 일반차들 먼저 교체해주지말고!!생각좀하고 지원좀해라!!생각,10
443,넥쏘 살려고했는데 결함이 제일 문제임 고민하게 만듬...,6
444,고속도로 휴게소에충전소 설치가 매우필요 합니다 장거리운행에 걸림돌 입니다,4
445,사고 싶어도 제가 사는 지역에는 수소충전소가 없습니다.,4
446,"넥쏘 가격이면, 차라리 코란도 가솔린을....",9
447,수소차가 진짜 친환경  이고 전기차는 가짜 친환경 이다 전문인력이 있어야 하면 취업의 기회가 주어진다그러나 주변기술이  따라가지 못해서  수소로가지 못하는것,9
448,수소도 가격 올리면 그만.. 전기차 충전 가격이 올랐듯이.,1
449,빨리좀 나와라... 집 바로뒤 충전소생겨서 띡인데 얼렁나오길,1
450,계약 1주일 만에 차량 인수하고 나서 속았다는 걸 알았습니다.,4
451,"수소차에 대한 진실이라면서,, 너무 뻔한 이야기만 하고 계시네요 ㅠㅠ... 좀 더 전문적이고 구체적인 내용이면 더 좋았을텐데 좀 아쉽네요.",2
452,제 친누나가 이거 이쁘다고 구매 고려하고  있어서 이 영상 보내줬네요 ㅋㅋㅋ생각보다 가격 자체는 싼데 아직은 아닌거 같네요,10
453,이제 전기차 시대인데 구지 충전소도 잘 없는 수소차를 왜 사는지,8
454,"아니 시벌 내 하브가 만원에 100키로가는데 친환경차수소가 8800원에 백킬로가면,,ㅋㅋㅋㅋ  할말이 없네",4
455,넥쏘수소충전 24시간  울산은 됩니다영상이 쫌 먼가 엉성한 느낌,2
456,수소가 뭔 위험물임? 휘발유나 LPG나 ㅡㅡ,4
457,넥쏘 오너입니다 충전스트레스때문에 보증기간끝나면 배터리전기차로 기변할 예정입니다. 넥쏘 계약한 제 손가락 자르고싶습니다.,12
458,"수소가 싸지도않고 , 충전소도 없고",6
459,나는 레토나 중고차,5
