,comments,likes
0,요즘 결함투성이인 차들보다 훨씬더 잘만들었다고 생각한다,9
1,"Hey there ! Did you ever consider making some videos in English ? Although I can read and understand some Korean, I would love to understand some more haha ! Keep up the great work, cheers !",3
2,테라칸이아닌 테라퀸이라고도 불릴만큼 역사적인차...크ㅡㅡㅡㅡ 테라칸 멋지다!!!!!,3
3,재미있게봤어요 좋은영상만들어주셔서감사합니다,1
4,초등학생때 아부지 차였는데 차가 괜찮았던 기억이.. 가끔씩 도로에 보일때면 괜히 추억에 젖어요 ㅎ,2
5,맵핑빨 잘받는 290은 괴물이죠 더군다나 350은 부드럽고 조용해서 대박 2년전까지 350 타다가 팔았는데 솔직 테라칸 같은 suv가 안나와서 아쉬워요 1열 시트포지션이 낮아서 승요차 만큼 편했는데...,1
6,테라칸 디자인도 좋은것 같아요.,1
7,구독눌렀어요ㅎㅎ 다음엔 현기차말고 대우 쉐보레것도 해주실거죠?ㅎㅎ,1
8,03년식 블렉스페셜 상시사륜 신차때부터 지금까지 소유하고있는 차주입니다영상 만들어주셔서 감사합니다vgt개발 하려고 시도하다가 미션트러블로인해 단종된 내용거진 모르는데 좋은 영상 잘보았습니다,2
9,다음엔 될수있음 수입차도 만들어주세용!!!,1
10,정말 테라칸 하부를 보면 튼튼하게 잘 만든 차인데 앞으로 테라칸 만큼 튼튼한 차가  나오진 않겠네요.시대를 잘못 만난 차입니다.,2
11,테라칸에 J3엔진은 카니발2에도 들어가는데 마쯔다 엔진을 보고 만든지라 연식이 좀 들면 출력이 떨어진다는단점이 있지만 내구성은 좋지요기아에서 만든 엔진입니다,2
12,테라칸 다시 부활시켜주세요.,1
13,렉스턴 1에 들어갔던 엔진은 무쏘 후기형의 엔진을 개량하여 같은엔진인데 마력이 132마력이었죠,1
14,"렉스턴은 벤츠5단 자동변속기를 장착하니까 191마력에도견디고, 품질이 좋잖아요.",1
15,테라칸 파워플러스 후미 디자인 보면 테일램프의 디자인이 일반 테라칸 보다 아주 살짝 달라요.,2
16,테라칸은지금봐도 디자인이안질린다죠!ㅎㅎ,3
17,엔초님 감사합니다.  현대 갤로퍼 역사 좀해주세요.,2
18,저희 아빠께서 저 어렸을때 타고 다니셨던 렉스턴이 3:28에 나온 렉스턴의 휠과 색상이 완전히 똑같았어요,1
19,진심 디자인이나 모든면에서는 렉스턴이좋았지만 오프로드 성능면에선 테라칸이 더좋았는데 ㅠㅠ 많이아쉬운 차량이죠 ㅠ,1
20,이분은  너무 신기하다 영상 퀄리티가...와우 장난아니게 좋아ㅎㅎ 힣,1
21,테라칸도!!! 엔초님 감사합니다!!!,5
22,01년 렉스턴나왔을때 눈을 떼지못했죠 찦차도 저런디자인이 나올수있구나 먼 미래에서 튀어나온듯한 미친디자인;;;,1
23,아마 그때 포르쉐는 3000cc로 400마력이상의 엔진을 만들고 있었겠지,1
24,저 당시에 렉스턴이 진짜 존나 잘만들었지..,47
25,비운의 차 테라칸ㅜㅜ 플레임은 군용레토나 뺨치게 튼튼한차인데.. 아쉽네요ㅜㅜ 그래도 배라크루즈로 연결되니 다행이네요! 제 이모부차도 베라크루즈 인데ㅋ 암튼! 영상 잘 보고 갑니다! 엔초님!^^,1
26,저때 내가 고딩이엿엇는데렉스턴이 얼마나 멋져보엿는지ㅜㅜㅜㅜㅜㅜ,1
27,투싼 역사도해주세요!,2
28,진짜 97년도에 lMF만 않일어났어도 디자인은 진짜 앞서같을뜻,3
29,대우자동차 매그너스 역사 올려주세욧!,1
30,구독자가 3999명이라 안 누를 수가 없었습니다..4천번째 구독박고 갑니다,3
31,아직도좋아하는차중하나가 렉스턴인데... 진짜 내취항임,1
32,전 갠적으로 렉스턴보다 테라칸이 예쁘다고 생각합니다,1
33,"00:43 이시절엔 위장막을 이렇게 치나... 했더니 몇초뒤에 아,,, 아니구나 해버렸네요ㅎㅎ",1
34,감사합니다!,3
35,"이름에 파워 플러스가 붙은건 후속작이되어 스포티지 더 볼드, 쏘렌토 더 마스터를 만들어냅니다...(농담)",6
36,현대 에어로시티 시리즈 역사 가능할까요?,1
37,테라칸은 저런걸본적이없는뎅 우와..,1
38,집차가 02년식 테라칸인대 아직도 신차 못지않게 잘나갑니다. 힘좋고 험지 잘다니고 이만한 차가 요즘엔 잘 없죠... 캥거루 범퍼가 멋이었는대 그놈의 법이 ㅠㅠ,3
39,"이를테면 이런거네요.공구측정기로 비유하면 미스도요라는 회사에서 측정기를 시판할때 다른회사는 시판준비중이고, 이제 시판을 하니까 미스도요에서 할인행사를 딱! 하는것처럼 테라칸도 약간의 비운이 느껴지는군요.",1
40,오프로드 제왕인 테라칸..,1
41,테라칸 불쌍해 ㅜ~ㅜ,1
42,베라크루즈 역사도 해주세요,3
43,"2001년 테라칸  터보인터쿨러 10년 타고 다녔는데 10만킬로 넘자 잔고장 너무 많았습니다. 16만에 엔진 피스톤 깨지고 18만에 수동미션 이상 생기고 그랬는데 현재 로디우스 2004년식(엔진 벤츠 XDI 270, 벤츠 5단 자동미션) 중고로 사서 23만 주행중인데 말썽 부린적 없네요. 게다가 평균 연비 11.8km고요. 현대의 기술력과 벤츠의 엄청난 기술력 차이를 느낍니다.",1
44,엔초님 대단해요,2
45,지금도 잘 달려요. 아부지가 자전거로 출퇴근 하시면서 내 등굣길 효자가 돼버림ㅋㅋ,1
46,그런데 맥스크루즈가 베라크루즈를 이어줍니다,4
47,현대 전공→ 현대자동차까지 얼마나   힘들게 일 하는지 알겠다,1
48,렉스턴은 묵직하고 든든한 느낌이 있는 반면에 테라칸은 뭔가 마른 멸치같은 느낌이 있음,1
49,"Here an English, Excellent video but make some videos on English please",1
50,싼타페랑 렉스턴이 폭망했더라면 이런일은 없을꺼야...,4
51,테라칸이 있는데 갤로퍼는왜 없누...ㅠㅠ,13
52,렉스턴 인피니티 보는거 같네그만큼 세련됨,1
53,테라칸 최상트림 VX350 몇 대 정도 보이는데요. 어떨 때는 많이 보이지 않습니다......,1
54,갤로퍼도 해주세요,1
55,대륙에명예.테라칸 렉스턴.소렌토한테 개쳐발렷지 ..근데지금보면 테라칸 블랙스페셜에 금장엠블램 붙어다니는거보면 개간지ㅋ,19
56,엔초님 투싼역사 해주세요,1
57,투싼역사도해주세요,1
58,산전수전 다겪은차구나....,1
59,할아버지 예전 차는 테라칸 입니당,1
60,조금 이해안돼는게 처음에 3.5 V6 엔진이 207마력 이라며용 그려며능 렉스턴이 크게 밀린거 아닌가용?,1
61,잇혀진 차.백프로 일본차였던걸로. 타우너로 밧떼리 점푸시켜준.,1
62,15년전에 밧데리 방전한 테라칸 엔진룸 열었는데 개판이였는데..주인이 일본차라고..허허.,2
63,현대정공과 현대자동차는 동일 회사인가요?,1
64,윈스톰 가능하세요?(캡티바까지 해주시면 고맙고요),1
65,갤로퍼 역사 해주세요,1
66,엔초..........맛있겠다(츄릅),1
67,인정,2
68,하이랜드는 뭔가 막 디자인 한것같은 기분...,1
69,하부 부식  ㄷㄷ,1
70,저이 완주외삼촌2004년식 테라칸 입니다,2
71,실시간에 재미있었는데 ㅋㅎ,1
72,인트로 브금 링크나 이름좀...,2
73,내용은 좋은데음악이랑 영상왜케 허접해요... 음악좀 바꾸세요 제발 ..ㅋㅋㅋ,2
74,테라칸역시슬프겠다!하지만동생베라크루즈힘내!,2
75,지금은모하비한테모닝한테도렉스턴이밀리는데,1
76,그냥 렉스턴 소개 아닌가요?,1
77,갤로퍼 인터쿨러 좀 필요해요 근데 시험 애는 좀 고급승용차 니가 단종 돼 버렸다,1
78,오 바로 나왔다!!,2
79,갤로퍼의 후속,1
80,맥스 단동 되면 쎄라 고?,2
81,테라칸 예아스,1
82,티볼리역사,2
83,꿀잼,1
84,뭐야 들어왔는데 끝났어ㅠㅠ엔초님 죄송해요 맨날 앤초님라이브 보는데ㅠㅠ,1
85,이영자볼때마다이차생각남,1
86,렉스턴 망했으면 좋겠... 퍽!,2
87,Hyun die의 실수,1
88,갑자기 다른차예기? 테라칸 방송하시는거 맞죠,1
89,테라라ㅏ라라라라라라ㅏㅏㅏㅏㅡㅏㅏㅏ라라라ㅏㄹ 칸,2
90,? 테라칸이 LUV였나?,1
91,갤로퍼후속,1
92,갤로퍼테라칸모하비,1
93,3:27,1
94,1등,1
95,호오,1
96,안녕하세요,1
97,준혁TV,1
98,테라라ㅏ라라라라라라ㅏㅏㅏㅏㅡㅏㅏㅏ라라라ㅏㄹ 칸,2
99,안녕하세요,3
100,구미 구독자님께 판매되었습니다 감사합니다.,1
101,최근에 나오는 디자인이라고 해도 구입 했을 차죠..정말 노후차량 정책만 아니면 정말 두고 두고 타도 올드 하지 않는 예쁜 차라고 생각 합니다.,1
102,볼수록매력에빠지는차테레칸 멋짐니다듬직하니 남성다운차,1
103,안녕하세요.잘보고있습니다.기회되시면 무쏘스포츠나 요즘 핫한 캠핑 할수있는 차량 및 견인고리까지 있는차량 소개도 한번부탁드립니다,1
104,"도로달리는모습도 차가멋져보이고.다음영상은판매할. 차량한번에2대영상찍으면 멋질꺼같아요.나오자마자판매완료이니,  ㅎㅎ",1
105,사장님차는완전 다신차같아요.대박,2
106,무사고도 좋지만 단순사고는 더좋아요 ~ 앞범퍼.본네트 교환차량은 라디에이터를 교체한 차량이여서 더좋은거죠 ~~ 문짝도 한두개 교체한차량도 좋습니다.,5
107,테라칸은 하체가 부실해서 쇼바튜닝 많이 합니다.,2
108,만약에 지금 산다면 차랑 상관없이 법적으로 언제까지 사용가는 할까요?,1
109,테라칸 튼튼하고 좋죠ㅋㅋ 렉스턴 견제하던차,1
110,정확한 가격좀 영상에 공개해주세용,2
111,정말정성것 손바주시네요,1
112,계약됐나요?,1
113,오프로드용 최강차 테라칸 ㅋㅋㅋㅋ 괜히 20년 가까이 되도 3백가까이에 팔리는거임...,2
114,차량가격이요?,1
115,아직있나요??,1
116,망설이다 놓쳐네요.다음을기다려보겠습니다.,1
117,중고차는 100만원은  버려야한다보시면되요 200만원이차면  500이상   ㅋㅋㅋ 사진이랑 달라요 꼼꼼하게 잘보세요,1
118,아직 있나요?,1
119,수도권 있는 사람은 사면 안되죠?,1
120,얼마죠?,1
121,How much is the brac?,1
122,그럴것같은면 조폐를 하시지 왜 판매를 합니까?좀 확실히 아시고 방송을 하십시오,1
123,가격이?,1
124,수도권 사는사람은 사면 안되겠네요,1
125,다음타자,2
126,에스컬레이드랑 6000정도 차이나는데 비슷한 크기와 출력이라 충분히 수요가 있을 거 같네요 매력적인 차네요,4
127,와...팰리가 베뉴가되는 마법..👍🏻타호는 진짜 거대하네요👍🏻👍🏻👍🏻,32
128,멋진 리뷰 잘 보았습니다.재작년 부터 트래버스 레드라인으로 조그만 트레일러와 보트(23피트)도 끓고 있는데.정말 잘 나가더라고요.그 전에 볼보 XC60과는 비교도 않되게 견인하는 느낌도 없을 정도 엿지요.그런데 타호는 정말 어마어마 하군요.그냥 모든면에서 대단하네요.트래버스 레드라인도 옵션이 좀 아쉬웠는데 타호는 정말 다양하네요.좋은 리뷰 잘 보았습니다.앞으로도 좋은 리뷰 부탁해요,7
129,"뼈때리는영상...쉐보레가 국내시장을 고려했더라면, 시기적으로 그전에 들어와야했다는 그 말에 전적으로 동감합니다.영상 잘봤습니다.",8
130,대표님 옆에서 타호 함께 시승했는데 v8 6200cc의 미국감성 너무 좋았어요ㅠㅠ이래서 타는구나 싶었는데 기름값 무서워서저는 그냥 전기차 타야겠네요🥲,49
131,"늘 상큼발랄(?)한 김한용 피디님의 리뷰 잘 보고 있습니다. 제가 미국에 살고 있어서 여기 현지인 유튜버들의 자동차 리뷰도 많이 보고 있는데 피디님의 리뷰만큼 재밌게 하는 분들이 없더군요. :)) 몇 년 뒤에 차를 바꿀까 생각하면서 리뷰들을 유심히 보고 있는데요, 기아 텔루라이드를 염두에 두고 있었는데 전기자동차시대로 완전히 바뀌기 전에 V8 자동차를 몰고 싶은 마음이 자꾸 드네요 ㅋㅋ 어쩌죠?",4
132,와.. 펠리도 엄청 크다 생각했는데 ... 굉장하네요..,5
133,차량이 튼튼하게 보이고 안정감있어 보입니다,7
134,"역시 차가 크다보니 여유있어뵈네요~ 공식 연비는 복합 6.4km/l, 도심 5.7km/l 네요 ㅎㅎㅎ",4
135,"와~차가탱크네요^^영상잘봤습니다.늘좋은영상감사합니다,",17
136,가격적인 부분 너무 공감합니다 ㅠㅠ 기본라인 나왔으면 진짜 삿을건데 ㅠㅠ,13
137,이햐 차 진짜 크다.. 근데 드디어 국내출시 한건가요?와 디자인도 멋지고 좋다. 근데 가격을 보니 링컨하고 겹치게 되는데. 흠..... 타호는 링컨의 에이에이터가 아니라 네이게이터 급인건가? 서버번은 타호보다 더 큰차네 ㄷㄷㄷㄷㄷ,1
138,와 펠리세이드가 작아 보이다니.진짜 미국차스럽다. 실내 투박한 것까지.,8
139,6.2리터 8기통인데 연비 괜찮은 편이네요..ㅎㅎㅎ콜로라도도 시내만 주행하면 5넘기기 힘듭니다..ㅎㅎㅎ,5
140,차는 확실히 멋진데... 연비가... 실제로 구입해서 탄다고 하면 살 떨릴 것 같아요;;,28
141,좀 더 대중적인 등급의 모델을 들여왔으면 하는 안타까움~타호를 원하는 사람들은 많은 옵션보다는 실용성을 원함  그래서  8천 전후의 가격대 모델 부재가 아쉬움국내 최대 배기량이 선사하는 자동차세 압박과S600급을 능가하는 극악의 연비는.... 찐 부자가 아니면 유지 관리가 어려운 차~로 만들어 놨음... 하지만 찐부자는 에스컬레이트를 샀겠죠...,5
142,오 다른 유튜버분들은 타호옆에서 서면 왜소해보이시던데 한용님은 딱 잘 어울리시네요!! 👍👍👍👍👍ㅎㅎ,9
143,솔직히 쉐보레 자동차 문제가 아니라 수입해오는 쉐보레 자동차 몇몇차 빼고는 나라법때문에 못달고 들어오는걸로 알아요.  자동차 튜닝법이 빨리 개선좀 됐으면 좋겠어요. 콜로라도도 나온지 꽤됐는데 나라에서 법 계정이 되질 않아서 아직까지 일반전구 달고 달아야 된다니 옛날 구닥다리 법 계정이 빨리 필요합니다.,7
144,출장가서 렌트카로 GMC 유콘 거솔린6.0 몰았었는데 그느낌 잊을수가 없음. 레알 상남자의 차이자 주차공간만 있다면 제일 몰고싶은 풀사이즈 SUV.,3
145,지름값 싸면 타보고 싶네 ㅠ렌트카 빌려서 타보는 걸로...😊,1
146,서버밴 옆에 팰리세이드 있으면 진짜로 베뉴정도로 느껴질것 같네요.,1
147,시승기 너무 재밌네요 긴 영상이지만 스킵없이 봤네요,1
148,요즘 기름값 생각하면 끌고다니기 정말 겁나는...이젠 연비 생각 안하고 차사기 정말 어려워요.,1
149,정말 짱 이네요 좋은 정보 감사합니다,7
150,"지난 영상에서 메일 보내면 선물 준다고해서 호기심에 보냈더니 예쁜 노란컵, 열쇠고리, 모카 스티커를 보내주셨네요. 잘쓰겠습니다.ㅎㅎ",4
151,"2015년식 타호 수입해서 타고 있습니다. 1년을 넘기지 못하고 갈아타는 내가 7년차 타며 만족스럽습니다. 그래 이번에는 정식수입이라 해서 기다렸지만.. 트림 자체가 원하는 트림을 살수 없다는것에 계약했다가 일단 보류했습니다. 하이컨트리보다 천만원이상 싼 트림이지만 RST 트림이 나왔더라면 사기도 했겠거니와 주변에도 뻠뿌질 무지 했을껀데... (RST는 브램보 브레이크, 데쉬보드 천공가죽등 젊은감성에 크롬부분이 모두 블랙크롬) 원하지 않는 트림을 돈을 더주고 산다는것이 내키지 않아 FL되는 엑스페디션 한번 보고 결정해야겠습니다. 에스컬레이드는 거품이 말도 않되게 불어나서 2년전부터 기다리다 접었구요. 타호는 주차가 조금 넓어서 불편할수 있겠지만 어지간해서는 다 됩니다. 그리고 미국차치고 고장이 적었고, 여러가지로 만족하며 탔던 좋은차는 맞습니다.",3
152,트렁크 유리가 저런식이면 방음이 잘될까 싶네요.,2
153,차는 좋아 보이는데 전폭이 2060mm 라 주차는 진짜 힘들겠네요,3
154,큰차를 좋아해서 카니발이나 팰리로도 만족못했는데 여건만 되면 사고싶네요!,2
155,리뷰 정말 잘하신다 사고 싶어지는 ㅋ,3
156,"30:20 사운드가 마치 할리우드 영화 속, 주인공이 몰고 가는 차량에서 나오는 선명하고 경쾌한 음악소리 같네요. 미국적인 감성인가 ㅋㅋ",6
157,"기어 노즈라고 우리가 말하는 것, 기어봉이 앞에 있는데다 못 생기고, 패들 시프트 있으면 좋겠단 생각이 듭니다.그런 것 빼고는 화려한 디스플레이 있고 고급스러운 에스컬레이드까지 갈 필요는 없는 것 같고,조금만 부족한 부분이 보완돼서 나온다면 더 좋은 6.2 리터 가성비 차가 될 것 같아요..상세한 시승기 감사합니다..^^",1
158,능력만되면사고싶다ㅎ,3
159,엔진 6.2 가솔린 ㅎㄷㄷ.....,17
160,펠리세이드랑 비교하니까 크기체감 확 되네 ㅋㅋㅋ 펠리세이드도 덩치하난 엄청 큰데,3
161,"타호 사실 분들은 연비 신경안쓰죠. 앞으로 몇년이 걸릴지 모르지만, 전기차로 넘어가는 시점에 고배기량에 파워와 편안함 느끼고 싶은분 타세요.",12
162,앞에 비해서 뒤가 아쉽네요 저정도 금액 부담안느끼시는 분이면 말씀처럼 에스컬레이드로 갈듯합니다. 개인적으로 오히려 고배기량 차들에 적극적으로 하이브리드 넣어서 연비도 두자리 나오게 하고 배기가스도 줄이는것이 좋을듯해요,4
163,ㅜㅜ 진짜 쉐보레는 운이없나 하필 이런차가 나오는데 기름값이 방해질을 강력하게..,2
164,타호 멋진데요!! 옵션이 좋은 만큼 시트에도 신경을 써줬으면 좋았을꺼 같아요. 요즘 우리나라 사람들 내부도 정말 많이 보는거 같아요 아님 가격도 천정도만 낮춰줬어도…,5
165,사고싶다...,1
166,길에서 봤었는데 넉넉해보여서 너무 좋아보였어요,1
167,역시 분석이 짱이십니다 !! 타호 풀옵션애 7~8000만원이면 사겠는데 1억 돈이면 좀 써서 캐딜락이나 주차장 되면 벤츠 스프린트? ㅋ 애매한 가격에 애매한 타이밍이네요,4
168,차박 미쳤네 이차,1
169,내부 인테리어는 그냥 구가닥이네요~~~외부는 멋지구만,2
170,"카니발이나 팰리세이드만 해도 참 크다 생각했는데, 타호는 진짜 너무 크다 ㅋㅋㅋㅋㅋㅋ",2
171,영상으로만 봐도 진짜큰데 실물로 보면 얼마나 클까요 ㄷㄷ,3
172,"한국 출시 간보던때부터 duramax 3.0 인증 하고, 최소 LT트림부터 들고 왔으면 지금의 분위기는 절때 아니였을듯 합니다.---------‐구매 안하실분들이야 3.0 이고 LT가 무슨말이야 하겠지만, 기사 나올때부터 위시리스트에 넣었던분들에게는 상당히 실망스런 부분이거든요.그리고 쉐보레는 깡통 중의 깡통 LS가 따로 있네요",4
173,좋네요~. 근데 캐딜락이 땡기네요 ㅎㅎ,2
174,타호는 3열에 카시트 설치가 가능한가요?,1
175,"연비는 그렇다 치더라도 세금이.,정말 여유가 있는분들이 타는차.",1
176,시승기에  이용된 차들은 어떻게 처리되나요?,2
177,승용만 몰든 이들은코너링   등등감 잘 잡고  적응후속도들 내시길~,1
178,차 크기에 비해 생각보다 실내가 넓은 느낌은 아닌듯합니다,2
179,풀사이즈 SUV의 전성기는 전기차 시대일 것 같아요. 연비 걱정없이 누릴수 있는 사이즈,1
180,연비가 안좋은데..  저렴하다고 탈까요.. ㅎㅎ.   소비자가 극명하게 갈리는 차인듯요.,1
181,펠리세이드가 베뉴가 되버리넹 ㅋㅋㅋ,101
182,와 느낌이 에스컬레이드 같네요. 웅장하다!,1
183,요즘 기름 가격에는... 작년이였으면 좋았을듯,7
184,"연비가 ,, 6킬로,, ㅎㄷㄷ",1
185,6200 타보고싶다 ㅠㅠ,1
186,솔직히 급을 생각하면 가성비 좋고 디자인 멋있고 정말 최고네요 😀,2
187,"미국식 프리미엄) 적당한 가격에 그저 그런 인테리어, 그저 그런 승차감, 그저 그런 주행감에 연비 극악의 집합체. 그런데 그래서 좋아.",8
188,"와~~  차 크기가  어마무시 하구나....    주차장  옆라인 잡아 먹는거 아닐까?   ㅡ,ㅡ",4
189,진짜 대한민국 최고의 카리뷰어시네요,5
190,"4:08 , 아무리 쉐비 스몰블럭이라지만... ㄷㄷㄷㄷ",1
191,"한국은 안전하니 좀더 써서 에스컬레이드를 사는것도 좋을것같네요미국은 에스컬레이드를 워낙 잘 훔쳐가서 그거때문에 GMC 유콘이나 서버밴,타호로 사는 사람도 꽤 잇어요. 유콘같은경우 디날리모델로 가면 인테리어도 다르거든요,  캐딜만큼은 아니어도 고급져요.",4
192,29:10 진짜 저기서 5년 살라고 던져주면 살아 있을 듯 ㅋㅋㅋ,3
193,"아..세단만 탓는데..큰차타고싶다..근데 세금 기름값 감당 못할것같아.,",1
194,타호와 카라반...너무 좋은데~,2
195,정말 멋있긴한데 우리 아파트 주차장에는 없었으면 좋겠어요 ㅎ,6
196,저 크기에 연비 15정도 나와주면 딱좋은데,1
197,트레버스 페이스리프트도 리뷰 부탁드립니다.,3
198,연비생각하고 타는 차는 아니라 돈만 있으면 샀을차다,2
199,딱 느낌이 그건데 에스컬레이드급 크기에 차는 갖고싶지만 견인도 하고 오지캠핑도 하면서 막타기에는 에스컬레이드 사기엔 아깝고 그럴때 좋은 선택지가 될꺼같은 느낌..,1
200,차 괜찮네요 ㅎ 잘봤슴당,2
201,와 펠리세이드랑 보니까 차이가 실감이 나네요,2
202,에스컬레이드랑 차이가 좀 나나요?,1
203,쉐보레는 수입이 답임,8
204,펠리 순정견인력750kg 아니냐? 비교불가 내구성과 상품성.,4
205,3.5터보 포드 익스페디션이랑 비교를 많이 하겠네요.,1
206,타호 진짜 진심 ! 멋지고 좋은차 이긴 한데........... ㅋㅋㅋㅋㅋㅋㅋㅋㅋㅋㅋㅋㅋㅋㅋㅋ ㅇ ㅏ...  3천만원 ... 이것도 적은 금액이 아니지 아반떼 한대 더 살 수 있긴한데 진짜 이 돈 보태서 에스컬로 가는게 맞는것 같기도 합니다  ㅋㅋㅋㅋㅋㅋㅋ,3
207,에스컬레이드 숏바디와 네비게이터 gmc 유콘 익스페디션 얘네랑 같은 플랫폼인데 나름 고급스러운듯,1
208,진짜 웅장하네요ㅎㅎ,6
209,아니 왠만한 주차장엔 자리있어도 못댄다는게.....근데 펠리는 내리막길에서 미션보호한답시고 시동꺼지고 브레이크 안듣고,1
210,연비랑 세금이 어마어마 할듯..,1
211,와우 화질 좋아요,1
212,포드 엑스페디션과 비교하면 어떤가요?,1
213,뭔가 익숙한 엔진음..ㅋㅋSUV에 쿼드팁은 낮설다,1
214,쉐보레차는 앉았을때 차가 몸을 감싸주는 느낌이 공통적으로 있어요.,1
215,타호 진짜 내달라 내달라 할 때 안내더니 ㅠ그리고 쉐보레는... 쉐보레 타는 사람이지만 가격대비 옵션이 너무 없어서 풀옵갖고왔어도 옵션 별로라고 할 사람 많을지도..?,1
216,12:19 김한용겁나멋져반해버리겠네 네비위에 써있는거 저만 본건가요??ㅋㅋㅋㅋ,6
217,트렁크 뒷문 창문만 열리는거랑 2열 더블폴딩 구형렉스턴이랑 뉴렉스턴도  됐었는데...,1
218,에스컬레이드 서민형 버젼. 신형 5세대 에스컬레이드 숏바디가 1.5억 좀 넘으니 차가격이 영상처럼 3천은 아니고 5~6천 정도 차이난다고 봐야죠.,1
219,하승진 :  음 날위한 중형 SUV가 드디어 나왔군,5
220,저걸 미국에서 타봤는데.. 저건 SUV라기 보다는 승합차라고 하는게 나을지도..,1
221,잘 봤습니다.궁금한 점이 있는데 혹시 타호는 캐딜락 센터에서AS가 가능한가요?캐딜락 센터가 에스컬레이드를 맡으니 타호도정비가 좀 유리하지 않나 생각이 드네요.,2
222,전동발판 고장 생각보다 많다고 계속 그러는데 정말 어때요 ??,1
223,대단히 감사합니다.ㅎ,1
224,영맨 : 이차는 소총이나 샷건 들고 타기 편해요!,1
225,저게 숏바디라니… ㄷㄷ,4
226,저 발판은 정말 호불호가 갈리는 옵션입니다.. 겨울에 얼어붙어서 내려오질 않거나 얼음을깨면서 뻑버벅 몆번내려오면 바로 고장입니다.. ㅡㅡ;; 고정형 발판을 더 선호하는데 그것도 겨울에 얼면은 그거 밟고 많이들 날라간다 하더군요.. ㅡㅡ;;,5
227,34:02 한용 아재...,1
228,차는 참 큰데  네비게이션은 참 아담하네요 솔직히 저 차 살 뽜야 캐딜락 에스컬레이드 살듯,2
229,gmc 씨에라 가져올거면 유콩 가지고 왔으면 어땠을까 하네요 9250이나 9850이나 거기서 거기 아닐까요?,1
230,펠리세이드가 귀여워 지는 마법●●●,1
231,살 능력은 없지만... 나같으면 캐딜락을 사겠다..,2
232,습관적 보닛 학대를 멈춰줄 차,1
233,"장소가 볼트 ev, euv  시승행사 장소랑 같네요~",1
234,타호 엔진을 투아렉 v8 4.0 디젤달아놓으면 훨씬 잘어울릴듯,1
235,에스컬레이드 보다는 작나요??손세차장 운영하고있다보니 크기가 너무궁금하네요ㅋㅋㅋ,1
236,주차공간만 있으면 최고의 패밀리카,5
237,캡틴아메리카 원터솔져에서 닉퓨리가 게틀링건 꺼내던데 옵션인가요?,1
238,멋지고 소유하고 싶지만 한국서는 부담되네요.유류비 특히 주차장에서 완전 민폐입니다.그냥 미국처럼 큰나라에서 타는 차...,1
239,3열은 생각보다 그렇게 넉넉하지않아 보이네요 3열을 세우고도 트렁크 여유공간은 훨씬 확보 되는것 같은데 김한용기자님이 앉은 자세가 무릎도 많이 뜨고 팰리세이드와 비슷한 느낌이네요 ㅎ 덩치는 엄청난데 6.2리터 휘발유를 감당할 재간이 없겠네요 ㄷㄷ,6
240,팰리는 트래버스보다도 작은데ㅎㅎ,2
241,번창하세요!!!!!,3
242,편집을 그렇게해서 그런걸까요?한용님 말씀 한마디 한마디가 성의없이 툭툭 뱉는 느낌이라 몰입도가 많이 떨이집니다ㅠㅠ,1
243,타호 타고 서울시내 주행하면 차로가 좁아서 쫄깃하겠네 ㅋㅋㅋㅋㅋㅋㅋㅋㅋㅋ,4
244,아 타호 사고 싶은데 저렴이 버전도 들여왔으면..,1
245,입만 벌리면 ㅋㅋㅋㅋ 저 짤이 참 잘 어울리네욬ㅋㅋ,1
246,카니발 오너들의 로망이긴 하지만 연비나 크기로 인한 주차문제를 재외하고서라도 막상 195mm 더 긴 전장에도 3열공간이 카니발보다 편하지 못하니 그냥 입맛만 다시며 그돈씨 애들 학원 더 좋은데 보내야지로 결론이 날듯 합니다.,1
247,엔진 cc만 작았으면 좋았을텐데 타호 사고 싶었는데 가격이랑 엔진 cc가 차이가 나서 익스페디션으로 구매했어요 에어서스인가요? 그것도 부럽네요익스페디션이랑 비교 부탁드립니다,3
248,간지작살이다...중후한데 상남자타호랑 캠핑가고싶다,1
249,타호 모든 트림이 나왔었다면.. 쩝... 디젤엔진 아니라서 아쉽네요 ㅎ...,1
250,기름값이 장난아니겠군,4
251,5천만원대면 사겠는데 9천만원이면 솔직히 내소득엔 무리데스,1
252,타호 계약했다가 실내 너무 열받아서 그냥 에스컬레이드 계약했습니다 중복투자안하려구요,1
253,미국 트렐러는 유럽 카라반과 다르게 브랙끼 시스템이 전기브랙끼 라서 그래요. 아마 차에 브랙끼 감도 조절하는 장치 있을건데 못보신듯... 유럽카라반은 관성브랙끼 인지라 차이점이 명확해요..,3
254,디젤에 6500~7000천대가잇엇음 구매하고싶엇는데 기다렷우나 포기햇습니다..ㅠㅠ,1
255,주차하기 힘든 차를 사면 스트레스 장난 아님,1
256,"@모카 셰보래 직원분이 26:46실수 하신거 같은데 ""피치 어씨스트 뷰""가 아니라 ""히치 어씨스트 뷰"" 아닌가요?뒤에 캐러밴 연결하는 부분을 히치 (car hitch)라고 하는데 잘못 아신거 같에요.",1
257,비싸지않게 나왓음.. 하위트림나왓으면 삿을거같아...ㅠ속상해,4
258,전기 픽업이나 많이 나왔으면,2
259,일단 차값도 부담이지만 기름때문에 무서워서 차고 다니시 더 무섭네,1
260,주차지옥 ㅋㅋㅋ,1
261,세금 진짜 어마무시하겠다.. 기름값도 그렇고 ㅋㅋ차 크기도 너무 크고.. 아무나 살 차는 아니구만너무커서 휴게소에서나 안봤으면 좋겠다..ㅋㅋㅋㅋ,1
262,차박할때 대박이겠다,1
263,한국은 뭐든 풀옵만 들어가나 보군요... 미국엔 3.0 디젤도 있고 5.3도 있는데....ㅎ 그런데 에스컬레이드 인테리어에 비해 유콘이나 타호보면 좀 싸구려 차 같아 보임ㅋ,1
264,후미 LED 아닌거 좋네요. 밤에 LED 달린거 따라가면 눈이 너무 피곤해요.,1
265,사고싶네요,1
266,돈 많으면 타고 다녀야지.,3
267,국내 주차하는데 힘들겠다 엄청 크구만,2
268,3.0터보 정도면 괜찮을거같은데,1
269,미국에서도 이젠 안팔리나 보다. 이런 물건을 한국에 출시하는 걸 보니,1
270,"난  김한용이 좋더라,,, ㅎㅎㅎ 화이팅",1
271,사고싶다...ㅜ,3
272,맨날 영화보면 FBI가 타고나와서 범죄자 때려잡는 차ㅋㅋㅋㅋㅋㅋ,1
273,Z71들여왔어야 했는데 .... 5.3,5
274,"영상 잘 봤으며, 카니발 펠리세이드 모하비와 비교를 많이 하던데, 그들과 비교를 하면 어떻습니까?",1
275,쉐보레 L은 진짜 벨로에용,2
276,저거 몰고 상가 지하주차장 가야한다고 생각하면 끔찍..,1
277,3.0 디젤 들여와라 옵션 좀 빼고 들여와라 말 많은데 어차피 대한민국에선 수요층이 극히 한정되어 있는 차임 트림별로 다 들여와도 판매량 별반 나아질거 없다 맨날 쉐보레빠들은 맨날 입만 털지 사주진 않으니까,1
278,고배기량에 시발유라..유지 감당안되것다😵‍💫차는 멋진뎅,1
279,카라반 자체에 브레이크 시스템이 있는것으로 알고있습니다,1
280,에휴~~전기차면 모르겠지만 누가 저금액에 끝물인 내연기관차를....험머 ev 출시날만 기다리고 있습니다 전!,1
281,타호 장점 크다 단점 크다,1
282,한국출시되나요..? 기다리고있는데..,2
283,셔먼탱크. 돈 남아두 패스.,1
284,스타렉스 4륜 로 하이 있어요 ㅋㅋ,1
285,이차 사는 사람 찐부자,1
286,펠리세이드 풀옵보다 4000만원이나 비싼데 펠리랑 비교하는 건 걍 쉐보레 돌려까는거냐 뭐냐ㅋㅋㅋㅋㅋ,2
287,"어...저만 그런가요??국내 정식 출시되니까 미국적인 느낌이 훨씬 줄어들었는데.....저만 그런거겠죠???그리고 방향지시등은 주황색 오렌지등으로 들어왔군요...한미FTA로 미국차는 빨간 방향지시등 그대로 들여올줄알았는데....무언가 미국적인 느낌이 많이 빠진 느낌이네요....그리고 트레이블레이저랑 또 똑같이 방향지시등 버튼이 왜 조수석쪽에 있을까요???운전자가 비상시 눌러야하는데 왜 운전석쪽으로 안하고 조수석쪽에다가 하였는지....음,,,비슷한 가격이면 차라리 조금 자금을 보태서 역수입으로 서버밴을 사겠어요...뭐 그런날이 올지는 모르겠지만....",1
288,6000cc   😱,1
289,국토는 좁고 석유 한 방울 나지않는 나라에서 점 점 큰 차를 선호하는 것이 과욕이요. 민폐다. 저런 차가 주차하려면 두 대 공간차지한다.정신 좀 차립시다.대형차에 대한  유류세를 더 올리던지.,2
290,우리실정에 안 맞는차. 너무 커.,2
291,9800짜리 gle300d인데 일반 크루즈(어답×)에 엉차도 없어요.,2
292,아따 마 튼튼하게 생깄네...,1
293,인간적으로 지하주차장은 들어오지 말자...,2
294,멋져  타호타야 큰차 탄다고 명함 내밀지!!어중간한차타고  대형 suv탄다고하지말자 ㅋ,2
295,쉐보레와 쌍용차는 참.. 고소당할까봐 말을 아낀다,1
296,실연비는 6킬로는 넘나요? 못 넘을거 같은데요,1
297,옵션 좀 낮추고 가격이 좀 낮았으면 시장성 있었을텐데... 저거 살바에야 포드 익스플로러 사겠다는 생각이 자꾸든다,1
298,진짜 팰리세이드가 아담하네 ㅋ,1
299,찻값이 있는데 아무리 반도체라 해도 감지기 빠지는 건 심했다... 뉴스 보니 열선 통풍시트 및 열선 핸들도 제외할 생각이라던데...,2
300,에스컬레이드랑 오천만원 이상 차이가 나는데 수정해 주세요,4
301,솔직히 너무비싸네요..,1
302,트림이 너무커서 실용적이거나 환경적이지 못해서 아쉽,1
303,펠리세이드가아니라 카니발하고 비교해야되는거아닌가?크기도 디자인도,1
304,고유가시대 .....6.2L,2
305,키190인 내가 타야 할 차가 여기잇엇네,1
306,겁나 단단해보이네,1
307,권총 꽂아 놓기 좋네요 ㅎㅎ,1
308,타아아아아아아아아아아아아아아아아아아아아아아아아호호호호호호호호호호호호호호호호호호 ㅎㅎ,1
309,주차할 때나 골목 운전할 때 똥꼬에 힘 들어가겠다,2
310,아무리 큰차가 좋다지만 과해...,1
311,왜 항상 단점은 없고 장점만 있죠?,1
312,너무 투박하고 비싸고...,1
313,와~ 팰리 이쁘다 ㅋㅋㅋㅋㅋ,2
314,쥑인다,1
315,에디슨 홍보자리는 만드시더니 쌍용인수불발처럼 큰이슈는 콘텐츠를 안만드시네요 영향력 큰분이 왜 그러실까요,2
316,이건 그냥 렌트해서 한번씩 쓰는차인데,1
317,한용이형X지아이들 역시!,1
318,집 크기(대한민국)는 그대로인데 집기(차) 사이즈는 점점 커짐.. 저정도 사이즈 차량이 이나라에 맞는건가? 그리고 저 사이즈 차량이 굳이 필요한가?,1
319,큰 차던 작은 차던 차는 쉐보레보단 흉기가 잘만들죠 ㅋ,1
320,근데 실내좀 ㅠㅠ 쉐보레야 진짜... ㅠㅠ,2
321,1억짜리 이동식 텐트???,2
322,00:40 씹 ㅋㅋㅋ 안보인다길래 경차인줄 알았더니 펠리 ㅋㅋㅋㅋ,2
323,야씨... 버스 아니야? ㅋㅋㅋㅋㅋㅋㅋㅋㅋㅋㅋㅋㅋㅋ,1
324,깡통 데리고 왔음 바로 샀는데..,1
325,8인승은 없나봐요,1
326,우리나라 주차장에서는 못탈듯 ㅋㅋㅋㅋㅋ,1
327,1억짜리 쉐보레....?,1
328,요즘 시기에 이런차 타는 분들은 돈이 많거나 아니면 ???,1
329,저덩치로 휘발류차는 절대 못살것 같고 연비나 유류비 때문에... 경유는 탈만하겠네... 근데 주차할때  지옥같겠다 ㅠㅠ,1
330,에스컬레이드 만큼이나 잘생김,4
331,현기빠가 웬일로 쉐보레를?….,1
332,아파트 주차장 주차 가능 한가요 ?,1
333,포드익스페디션이훨좋아보여요,1
334,카달로그도 나왔나요?,1
335,15:55 10:08,2
336,미국이면 이해하겠는데 그 좁은 땅떵어리에서 저런거 타도 복잡한 도로에 민폐만 끼치지 ㅉ..,1
337,범퍼사이 빈공간이 현기차 만할까요..,1
338,오 가변댐버 지식 얻고 가네요근데 그래서 어떻해 작동되는거라고요??,1
339,막 발으면 도심 2-3나올 수 있음.  좀 많이 타면 하루에 10만원 가까이 나오는데...  사는 사람중에 모르고 샀다가 맘고생 좀 할거다... 😂,1
340,쌍용은 저런거 못만들어요? ㅋ,2
341,그런데 저게 숏바디라는거~~~롱바디가 서버번,1
342,기름값을 어떻게 감당할라나?,1
343,익스페디로 가야하나…,1
344,에스컬레이트 크기네요,1
345,크고 아름다워요,4
346,개쩐다...,1
347,너무크고. 연비너무안좋고 ㅠㅠ 가격대비유지비가너무많이들겠네요. 차라리 엄청비싼차라면 그차를살소비자들은 감당되겠지만 이가격대생각하고구입하실분들한테는또..애매해지겠네요. 차는 좋은차인데 아쉽습니다. 정말큰차가꼭필요한사람오프로드자주가는사람 에게는 좋은차겠네요.,1
348,미등이 LED가 좀 아니면 어때..요즘 무조건 넣어줘야 하는건 아닌데..모카 김한용은  하여튼 LED 좋아해....별루인데...벌브면 어때...어떤차든 벌브면 어때...하여튼 쓸때없는거에 신경써... 이차를 홍보해준다고?....연비는...휘발유가 2000원이 넘는데...과연...어휴..나는 못산다...돈이 있어도 이건...못산다..,1
349,앞이높은거아녜요?,1
350,Big one!!,1
351,전기차....,2
352,감성~아니죠 기냥쌈마이~,1
353,타호 흰색 이쁘네그리고 진짜 크네,1
354,V8! V8! V8!,2
355,닉퓨리가 탓던차인데 방탄옵션도잇으려나 ㅋㅋ,1
356,좋긴한데;;;  너무커 ㅋㅋㅋㅋㅋㅋㅋㅋㅋㅋㅋㅋㅋㅋㅋㅋ   역시 적당히 큰 펠리가  짱인듯 ㅋㅋㅋㅋ,1
357,또 우와 다 싸다구 날리겠다 하면서 비싸다고 안사겠지 뭐 종특,1
358,연비가.. ㅋㅋ,1
359,타호.3.0디젤. 타고싶다 들여와라,1
360,초 고유가 시대 하..합격…,4
361,미국 FBI 요원 전용차 ㅋㅋ,1
362,좋은영상 항상 감사합니다. 다만 금번 영상에서 카라반 견인을 직접 하셨는데 소형 견인 또는 대형 견인 면허가 있으신 가요? 600kg 이상의 피 견인차를 견인할 때에는 면허가 있어야 합니다. 도로 주행까지 직접 하셔서 문제가 될 소지가 보입니다.,1
363,이거타고 이마트 갈수 있으려나,1
364,러시아 저러는거 보면  내연 차는 없어져야한다,1
365,김한용씨 내년 초엔 결혼 혹테키 맞티테닛,1
366,14:34 계..란형 ...??? ㅋㅋㅋ,1
367,9천만원?ㅋㅋ 미친,3
368,타호 구매하실분들은 제 채널 오셔서 주차장 들어가는거 보시면 됩니다.,1
369,전구 실화?,1
370,gls 중고가격이네요,1
371,진짜크다ㅎㅎ,1
372,아무리 봐도 차 가격에 비해 인테리어가 너무 형편없어 보임 ㅠㅜ,5
373,대한민국 현실정에 맞나?주차장에서 두자리 차지하고 남에게 피해주려고?,1
374,좋은 컨텐츠 역시나 최고....근데  광림과 쌍방울 어딜 빨아주실껀가요? 아마도 광고비 많이 주는데로해야겠지,2
375,서버번 가져와~~~~~~~~~~~,1
376,미국에서는편하지만한국에서타기에는불편함감수하고타야함주차하기도불편하고값이1억넘던데1억넘게주고불편감수하면서타야되나,1
377,아침한번 저녁한번 기름넣을 자신있는분만 보세요.,1
378,우와 진짜크다... 나도 크긴하지,1
379,멋지긴하다 연예인들 많이 탈듯,1
380,가솔린 이죠?,1
381,9:26 오타 여우->여유,2
382,웅장한 실외에 비해 빈약한 실내.. 너무 원가절감을 한듯,1
383,콜로라도에 뚜껑덮은건가,1
384,gle도 주차가 버거운데 이런치는 어디다가 세운담,1
385,굿,2
386,와  주차민폐차네;;,2
387,모트라인에서는 못볼차네,1
388,오호~ 차박하기 넘나 좋은....의전 차박으로 인기 좋을듯 합니다 ^^,1
389,아파트 주차민폐,1
390,페리 모델이죠?,1
391,실내 디자인은 진짜 별루네  구시대적인 디자인,1
392,엇..제차 못생겼다고...맞아요..^^;;,1
393,에디슨 모터스의 인수 관련하여 모카의 입장을 밝히시기 바랍니다. 경영자 강모씨 인터뷰 까지 하셨잖아요?!,4
394,에스컬레이드가1.5억아닌가요?할인이2천되서1.3이면타호계약취소하고에스컬알아볼께요!!!,2
395,어차피 못사는 아가리파이터들 의견따위 ㅋㅋ,2
396,V8 v8,1
397,이분은 phev충전에대한 정정 동영상은 안올림?잘못된 정보를 사실인양 말했으면 정정을해야지 왜 쌩까는거임?,1
398,아니 친환경차량 안 내고 타호를 가져온다고......? 제정신인가,3
399,주차가.....,1
400,에스컬레이드동생,1
401,연비고 6.2 v8이고 나발이고ㅋㅋㅋ 9250만원짜리차가 실내 ㅅㅂ 욕밖에 안나온다ㅋㅋ 카니발하이리무진 풀옵이 몇천만원 싼데ㅋㅋㅋ  누가 저걸타냐고ㅋㅋㅋㅋ 실내 무슨 20년전 스타렉스급,2
402,에디슨얘기는?,1
403,연예인 행사차량~,2
404,이런 상남자의 차가!!!배기구에서 밤꽃향이 뿜어져 나올거 같아.,1
405,세금 어쩔?,1
406,포드 익스페디션보다 비싸고 늦은 출시여서... 차라리 2천 덜 주고 익스페디션을 가거나 3천 더주고 에스컬레이드 가는게 더 좋을 것 같네요..,2
407,디젤이 들어 왔어야해 더 저렴하게. 이트림으로는 망했어.,2
408,재고떠리네,1
409,비도 오는데 뻐스는 안오노.,1
410,기름먹는 하마,1
411,렉스턴보다 더 크면서 견인력은 딱히..,1
412,못생긴차 ㅋㅋㅋㄱㅋㅋ,1
413,X7팔고 타호사고싶다,1
414,차는 멋찌네요우리 아파트에는 이차가 없었으면 좋겠네.. 옆차는 무슨죄..,1
415,쉐보레 돈좀 더 쓰자.. 차는 잘 만들어놓고 한용님 텐션이 현기차랑 너무 비교되잖아,2
416,펠리세이드타는게 나을거 같애요,2
417,ev,3
418,기름값 어쩔... 항상 타이밍이 안좋은듯..,1
419,정숙한 거 맞아요?. 밖의 소음 많이 들리네요.,1
420,에디슨,2
421,출시하자마자 망작.2천대 팔고 집어 치워라,2
422,이와중에도. 현기차를 더잘빨아주네요,1
423,암만봐도 저돈주고 살차는 아님,1
424,2,1
425,3,1
426,4,1
427,엔진만 터보 다운사이징 나왔음 에비에이터 안사고 저거 샀을텐데 기다리다 소식듣고 바로 에비에이터 뽑음,1
428,1,1
429,캐딜락도 아니고 쉐보레 6000cc를 누가사냐ㅋㅋㅋㅋㅋㅋㅋㅋㅋㅋㅋㅋㅋㅋㅋㅋㅋㅋㅋㅋ,1
430,그냥 줘도 기름값 감당 못해서 못타것다 ㅋㅋ 특히 요즘 같이 고유가 시대에,1
431,타호 단점1.반자율안됨 2022년인데....2.바디온프레임이라서 버스나 트럭의 승차감을 보여줌절대 승차감 좋지 않음.(와이프가 싫어함)3.자연흡기 6.2리터라 슈퍼카급 연비를 보여줌(x7m50i를 타고 있는데 얘보더 연비가 더 안좋음)4.여전히 실내인테리어가 싸구려를 너무많이써서 내가 이차를 1억가까이주고 왜샀나 싶음. 에스컬레이드도 거의 똑같은 수준.5.주차를 조금만 잘못하면 바로 쌍욕박힘.장점1.6.2리터 자연흡기의 개쩌는 감성2.차가 진짜 미친듯이커서 동승자들이 쾌적하게 탈 수 있음.3.그와중에 트렁크실용성까지 끝내줌..(x7은 그냥 트렁크가 없는 수준),5
432,"공간감은 좋은데 솔직히 고급감이라는 찾아볼 수가 없네요.. 요즘 나오는 그랜저보다도 고급성이 떨어지네요 가격이 얼만데 ,,ㅋㅋㅋ 개웃기누",3
433,차값이 비싸군 배기량도 세금...그돈씨가 정말 생각나는 차크기 가격 출시시기 쉐보레는 정말 차를 못판다고 해야하나 ㅎ,2
434,쉐보레는 장사 할 마음이 있는지 의심스러움.지금 내연기관도 다운사이징 하는 시대이고 전기차로 가는 전환기인데 하이브리드도 아니고 6천 CC나 되는걸 과연 얼마나 팔릴까 싶네요. 트레버스도 별로 안 팔린것 같던데.,1
435,거의 1억인데 그정도의 차를 사는 사람이면 에ㅅ커레이드 사지.그리고 에스커레이드 활인 많이해주는데,1
436,좋은것만 이야기하고 문제점은 없는가요주변차에 피해가 간다는 사실을 알아야죠 주차부터해서 좁은도로 지나갈때 등여러가 문제가 있습니다이제 규제를 해야하는  시기인듯하네요,1
437,펠리세이드에 가격이 두배인데 비교자체하는게 웃긴거 아닌가?,2
438,우리가 똑똑해지는게아니라....미국이갈수록 무능해지고 멍청해지는것 같아 아쉽다....꼭 덩치큰 유도하는 바보형같애....,2
