,comments,likes
0,첫차가 클릭 1.5 가솔린 수동 중고였는데 정말 재미있게 탔던 기억이있네요.혼자타기 좋고 주차도 편했고 차도 잘나갔고 수리비도 저렴했고 연비도좋고 코너도 좋고  단종되서 정말안타깝습니다. 외국놀러가서 i20보고 정말 부러웠습니다.,14
1,"도요타 센츄리의 직물시트는 울재질인데, 실내에서 움직일때 시트에서 나는 소리를 최소화하기 위해 직물로 했다고 합니다",5
2,유럽형 모델 답게 문짝 금형이 위아래 구분 없이 원피스로 찍어서 제조 되었네요. 유럽 시장에서 겟츠의 실질적인 후속모델인 i20이 나오면서 다시 위 아래 용접식으로 바꼈더라구요. 프랑스차 독일차들 보면 아무리 경차라해도 문짝은 무조건 원피스로 찍어서 만들더군요,6
3,몇년전 대관령 구길 고갯마루 스티커 붙인싼타페랑 얼떨결에 같이내려간 이에프쏘나타 인데요 마루팀 운전실력 짱이네요 성산 교차로 에서 저한테 엄지척 해주셧는데 알고보니 ㅋㅋ 그전만 해도 내가  대굴렁 남버원인줄 우물탈출 캄사합니다  마루팀 홧팅!,11
4,2007년 신차구입.1.6 가솔린 수동1인신조 차량 아직도 보유중 입니다^^,14
5,"산신령님 패션이 거의 요즘 아이돌에 근접하셨습니다 b. 차와 신발,스웨터 깔맞춤까지 퍼펙트",12
6,예전 현대차 디자인을 보면 정말 지금의 현대차가 큰 발전을 했다고 생각되네여! ㅎㅎ,4
7,굴러다니는 차들이 펜더와 하단부 부식이 엄청남...클릭 컨셉은 매우 유니크했던 차,6
8,오랜만에 다시 봐도 공부가 되는 영상이네요. 다시는 우리 나라에서 이런 차가 안 나올 거라는 게 안타깝습니다 ㅠ,3
9,클릭 1.6 mt 정말 좋았는데 말이죠17:00 시승 스타트,9
10,03년식 수동 1.3sohc 중고로 업어온 오너로서 이영상을 클릭은 안해볼수가 없네요.. ㅎㅎㅎㅎ^^,8
11,패션이 점점 젊어지시는데요 형수님 센스가 ,11
12,"구클 .5w 베이지 색상 끝물 타고 있습니다 ㅋㅋㅋ 정말 다 맞는 말씀이시네요 정확해서 소름돋았습니다 앞은 단단한데 뒤는 흐르는 ,, 재밌게 잘봤습니다.",5
13,제차도 구클릭 1.3 오토인데 은근 잘나가고 탈만합니다 ㅋㅋ 수리비도 저렴하고,5
14,감독님 모자 소화력이 장난아니십니다 ㅋㅋㅋ,7
15,3년만에 하체 문짝 등 차체부식 쩔어요~,14
16,"모자 브랜드에서 감독님께 감사해야겠네요, 리뷰에 집중되어 시간 가는줄 모르고 감독님 보다가, 끝날때쯤  모자브랜드가 보이네요",4
17,볼때마다 잠깐 멈추고 잘모르는 내용은 구글찾아보고...ㅋㅋ 차알못입장에서 가이드라인 같이 느껴져 너무좋습니다.,7
18,전 뉴클릭 디젤을 탔었는데 전 차주가 수출향 옵션으로 개조를 해놔서 뒤에 디스크 브레이크로 개조되어 있었습니다. 뉴클릭 디젤은 abs가 없어서 고속에 급제동시 뒤가 털려 사고날뻔 한적이 있었습니다.,2
19,중고 클릭  알아보게되는 영상ㅋㅋㅋ,7
20,요즘 모자랑 옷 협찬받으시나용? 매번 바뀌시네용감독님과 이야기 나누면 자동차운전 스킬은 기본이고 이런저런 자동차 잡지식도 일반 차좀 좋아한다는분들이랑은 넘사벽이라 늘 재밌습니당,6
21,믿고보는 감동님,5
22,초딩때 지나가는 클릭 보이면 옆에 친구 탁탁 치면서 더블클릭...............이랬는데 나만 그랬나.......황금마티즈 지나가면 황마!!하면서 뒤통수 때리고,10
23,동시대 원메이크 카였던 쎄라토 유로는 어떻게 생각하시는지 궁금합니다ㅎ,3
24,도어가 통으로 만들어진 방식이네요,2
25,클릭 하면 부식밖에 생각안나네요 어릴적부터 항상 주차되어 있는 클릭을 보고 있더라면 어딘가 항상 부식이 되어 있었죠,2
26,좋아요 ,2
27,ㅎㅎ 이차로 원메이크 나가시지 않았나요?,4
28,마이크좀 바꿔주세요 ㅜㅜ 음질이 너무 안좋아요.. 목소리도 작구요 그리구 자막도 달아주시면 감사하겠습니다,5
29,클릭나올때 베르나나오지 않았나요?,2
30,모닝SA가 클릭 플랫폼 쓴거아닌가요??,2
31,두배 키워 더블클릭으로~~~아하하하~~,5
32,엄마 옛날차 ㅋㅋ,4
33,차 꼬라지하고는 ㅡㅡ켁경차같이생기가꼬 ㅡㅡㅡ쬐매해서 천지못쓴당,2
34,저도 지금 2002년식 소요중인데요 얼마전 미미교체 하고 나니 아직 5년은 더탈것같네요  젤 좋은점은 질리지 않는 디자인 같네요  풀옵이라 썬루프로 있어서 아웃슬라딩으로 열면  뽀대도 나구요  크롬그릴 박아놓으니 다른 클릭과 차별성도 잇고  하지만 평형주차 해놓고   앞뒤에 중형차들이 있으면  정말 초라해 보임 ㅋㅋ 참 가장 중요한거  부식 전혀 없어요  저도 신기할 따름,4
35,경고등 켜져있어요 ㄷㄷㄷ아기 안전띠가 목이 위험해 보여요문제 없나요?,5
36,아끼셨던 차 같으신데 속상하시겠어요ㅠㅠ,1
37,속초사시나 봅니다 ㅎㅎ 저도 속초에서 무쏘 타고 있답니다~태운공업사 가신거 보고 알았습니다,1
38,헐... 운명하셨군요. 19년동안 고생했네요.,2
39,아깝네~~그래도 보이는 컨디션은 좋아보이는데 ㅜㅜ,1
40,엔진오일 경고등 들어왔는데 주행하시니 엔진이 나가지요 ..,4
41,재밋네 폐ㅏ ㅋ,2
42,엔진오일 비상등 들어와 있네요 ㅠㅠ,3
43,엔진이 갑자기 왜 깨졌을까요 ..ㅜㅜ 엄청 오래된 것도 아닌데 안타깝게 되었네요,3
44,재밋게봤습니다,1
45,재밋네요,1
46,엔진오일 경고등 켜져있네,1
47,아 ㅡㅡ 조금만 일찍 차량점검하셨다면 아쉬움이 있는데 아마도 폐차된클릭이는 수출 될것같네요 뒷유리에 벌써바이어가 표기가 되어있는것같습니다저도2007년에 1.6 수동 신차구입해서 현재까지 타고있지만 요거 타다가 일반 2.0세단 못타겠어요 너무 안나가서리 아무튼 좋은차인것같습니다 ^^현재주행거리가21만키로이고 차가1대 더있지만 그냥 두고있습니다 팔아도 250 이고 고장도없고 세금도싸고해서요,1
48,i20의 조상인데 한국에서는 이제 볼일이 없어서 아쉽네요ㅠㅠ,2
49,클릭 2002년식인데  아직 부식이 없네요 ..   차가 질리지가 않음,2
50,오랜만에 보네요 올라이드님! 미국에서 유명했던 지금도 유명한 Ford crown victoria 도 리뷰 가능하실까요? 경찰로 많이 쓰이고 참 수리하기도 편하고 막쓰기좋은 차체라 경찰한테 인기가 많았는데 지금은 포드 토러스로 대체됬습니다.정말 좋은차 였으니까요 리뷰부탁드립니다!,1
51,"올라이드님, 티볼리에어 부활에 대한 뉴스기사형 리뷰 언제 하실 예정인가요? 진짜 궁금해요.ㅠㅠ",2
52,티볼리에어 재출시 관련 리뷰도 좋을꺼같습니다산쵸님,1
53,나아직 클릭타는데 부식없음 다행히 ㅋ재미는있는데. 핸들이 너무 무거움,1
54,모닝의 밀려 단종되었죠,1
55,"리뷰 진짜 맛깔나게 잘 하시네요  전 2007년식 i30 타다가 작년에 폐차 했지만 특유의 옛날차, 아날로그틱한 감성이 너무 그립더라구요",3
56,제차도 03년식 1.3오토 구클릭에 이제 5만탓는데 차 정말 좋습니다..고장날거 없고 재밋고 연비좋고.. ㅋㅋㅋ 오래타세요..ㅎㅎ,3
57,이 차 계속 리뷰해주세요~~,2
58,클릭정도면 유럽에선 굉장히  흔한 싸이즈의 차량인데 한국문화는 미국처럼 큰차선호사상이 강해서 문제죠. 땅도좁고  골목도좁고 기름도 안나는 나라에서.  미국보다 기름값도  2배 비싼데.. 일본도보면 길거리다니는 차들 30%는 경차입니다. 허세에찌든 국민성이 참문젭니다,3
59,이제 곧 15년된 10만km 아래로 달린 클릭을 사게 되는데ㅎㅎ 재미있게 봤습니다!,3
60,제가 사고싶네요. 영상 잘 보고 갑니다.,2
61,클릭 자동변속기 는 아날로그 기계식입니다.요즘 차량 자동변속기는 디지털 전자식이죠.,3
62,2006년에 1.3n 아직 타고있슴다. 아직 큰고장 없이 썸머스텟 타이어 정도만 교체했슴.,3
63,03년식 깡통으로 잘 타고있네요 ㅋㅋㅋ 지금 17만정도 달렸고 내년이면 20주년이라 그때까지 잘 달려줬으면 좋겠네요,2
64,전 뉴클릭 이전 초창기 클릭을 몰았는데 사이드 스텝 하부에 녹이..뭐 워낙 유명한 증상인데 혹시 녹은 없나요?,3
65,2년 전에 저도 통학용으로 알아보던 중이었는데 아마 괜찮은 클릭 수동 매물이 있었으면 그걸로 했을 것 같습니다없었어서 지금 스파크 수동 타고 있네요클릭 좋죠 해치백 스타일에 경차보다 공간은 훨 넓고 잘 달리고 재밌는 차죠,2
66,부모님한테 받은 09년 식  20만 타고 있습니다 ㅋㅋ차 작다고 양보 안해주고 미는 사람들 많은 거 너무   공감가네요 ㅋㅋ,2
67,"다음 주에 이 차를 가져오게 되었는데, 2004년식.... 큰 도움이 되었습니다. 감사합니다.",2
68,명품차량인데..저는 구클유저입니다.ㅎ,3
69,나중에 파실때 저에게 파세요 ㅋㅋ,2
70,제  집사람이  타고있는데  2002년식  1.5    현재 10만8000가성비  끝내줍니다차를  바꿀수가없습니다고장이  안나요,3
71,09년 클릭 타는데 속도가 80키로만 넘으면 굉음이… 다 그런가요????  70즘부터 하도 안나가서 풀악셀 밟으면 굉음내면서 폭주하듯이 나가네요 ㅋㅋ 100키로를 밟아도 되는 차인지 궁금해요 ㅎ말씀한말씀이 너무 공감되고 ㅋㅋㅋ 웃겨서 너무 웃고 갑니다,2
72,블루투스 연결하는 잭 이름 알 수 있을까요..?,3
73,말이많아 표,2
74,자동차 리뷰좀 할줄 아는놈인가?,2
75,클릭 삽니다,2
76,전 19년된 13만 타는데 안질리고 부식도 없고  선루프도 잇어서 좋아요  단 90이상 속도내면  엔진폭발할것같음 ㅋ 그리고 이차 이름머냐구 묻는 사람들도 많음,2
77,제가 업어왔습니다 ㅋㅋㅋ와이프 운전연습용으로요ㅎㅎㅎ최부장님 감사합니다,12
78,진짜 세세히 보여주시네요!!돈 모아 함 가겠습더ㅋㅋ,3
79,주부라 대출이 안되서 스트레스 받았는데 딱! 웨ㅇI브 대출에서 다해결 ㅠ 상담도 친절하고 꼼꼼히 해주셨어요 너무 좋아요!,1
80,"본차량은 2005년부터 2018년까지 차계부가 작성되어 있습니다. 최근 교체내역141,000km 주행때- 엔진오일 세트- 겉밸트, 풀리탬퍼- 미등 전구 인디케이터 154,000km 주행때- 타이밍밸트(다음 234,000km)- 브레이크액 (다음 194,000km)- 파워오일 (다음 194,000km)- 오토미션오일 (다음 194,000km)- 라바호스 상164,000km 주행때- 엔진오일 교환- 에어컨 필터- 조수석 타이로드 앤드",6
81,항상 이분 영상 보면 신뢰가 가네요,3
82,저도 운전연습용 으로 삿는대 생각보다 되게좋네여ㅋㅋ,1
83,클릭 비운의 차 진짜 운동성능등 국산소형차중 최고인데 너무 안팔렸죠,6
84,저도 20대인데 원래 승인받기 어려웠는데 웨ㅇI브대출은 심사도 빠르고 금리도 저금리라 저같은 사람한테는 딱이네요 ㅠ,1
85,ㅋㅋㅋ이런건 왕초보때 운전 연습용으로 딱쓰기 좋은차 ㅋㅋㅋ,3
86,그랜드스타랙스 1천~1천2백선에서 좀 소개부탁합니다5벤 유리로(판넬말고),3
87,와 진짜 싸다,2
88,이렇게 좋은 마인드 가진 딜러님의 차가 좋은 주인을 만나 계속적으로 생명이 연장되길 기대합니다.가성비 왕짱 좋은것 같아요~~~갖.고.싶.다!!!,2
89,저랑 같은 차량인데 다른 느낌ㅎㅎ 시트가 너무 맘에 드네요. 제 차량은 가죽 시트가 아닌데 ㅜㅜ  엔진도dohc이구요.,1
90,좋아와 구독 누루고 갑니다 열씨미 하시는모습 보기좋네요 나중에 중고차 구매하게되면 연락 드리겠습니다 새해복많이 받으시고 황금돼지해 하는일 모든일이 잘되시길 바랍니다ㅎㅎ,3
91,가성비 풀옵션 체어맨 좀 올려주세요  부장님,5
92,클릭 종특하체 부식 졸라 심함,3
93,웨ㅇl브대출 나만 아는 줄 알았는데 아니였네요 ㅋㅋ 저도 자주 이용하는 곳입니다!,1
94,"사고 싶네요 하지만,,,, ㅎㅎ150+30+이전비 합 190개인거래 150이전비10만원",3
95,어 저도 웨ㅇl브 대출에서 대출받고 자가마련했어요 ㅎㅎ 여유자금이 부족했는데 승인도 빠르고 좋아요!,1
96,네 화이팅 !!,3
97,노후차 부식 언더코팅하면 괜찮나요?? 신차도 아닌데,2
98,웨ㅇi브 대출 요즘 20~30대 사이에서 인기 좋네요 저금리상품들도 많고 저한테 맞는 상품 추천도 해주네요~,1
99,이런차 필요한데....,1
100,가격 조율도 가능한가요?^^;;;;,3
101,,2
102,하체녹이 많네요  ㅎㅎ,1
103,"잘봣음댜 ,,^^",1
104,요즘 코로나라 그런지 웨ㅇI브대출에서 대출엄청 많이 받네요 저도 대출받을때마다 웨ㅇI브 대출 이용합니다 ㅎ,1
105,"부끄럽지만 신불자라,, 대출이 안됐는데 웨ㅇI브대출에서 승인 바로났습니다.. 덕분에 급한불 꺼트렸어요",1
106,지역이 어딘가요??,3
107,"무직자라,,,대출 어디서 받을지 찾고 있었는데 ㅠ 웨ㅇI브 대출에서 승인났네요 ㅠ",1
108,전화번호좀 올려주세요,3
109,내 전차 06년식 뉴클릭 4만키로 150에팔앗는데 저건왜케비싸노16만이면차다된듯ㅋㅋㅋㅋㅋ,1
110,저 차 잡으면 땡집는다,1
111,저도 저금리상품 찾다가 웨ㅇl브 대출 에서 대출받았는데 좋다는 말밖에 할말이 없네요 ㅎㅎ 네이버 검색해보세요!,1
112,요즘 웨ㅇl브 대출에서 많이 대출받네요 저도 여유자금이 조금 필요한데 네이버 검색해보면 되나요?,1
113,말투가 의사 선생님,1
