,comments,likes
0,와 쏠라티 시승기는 기대하지 못했는데 ㅎㅎ 잘 보겠습니다~,2
1,와 쏠라티까지..노력이 대단하십니다!,2
2,대박... 이거 작년부터 시승기 궁금햇는데 ㅋㅋ 감사해여..현대 대리점서 출고하는거 딱 한번 보고 대리점서도 없엇는데 ㅋ,2
3,"공도에서도 잘 안보이고, 신기하게 생긴차라 궁금했었는데, 잘 보겠습니다.",2
4,주차하기가 어렵겠네요.그리고 좌.우회전시 후방도 조심해야 될듯요.,2
5,이차 시승기는 처음보는듯 잘볼게요~,3
6,말 그대로 공차여서 힘이 좋다고 느껴질 겁니다.대부분 상용차들은 저알피엠에서 최대토크가 터지게 셋팅이 되어있으니까요 승차인원을 다태우거나 적재량을 꽉채우면 연비도물론 힘도 못쓸거같다 생각하네요 카운티 엔진을 채택했으면 괜찮을거라 생각합니다.,2
7,르노마스터 를 보니 거품과 실용성이 굉장히 떨어지는걸 느끼네요 특히 가격은 진짜 말도 안되는듯;;,4
8,좋은 정보 감사 드립니다.쏠라티 23인승 어린이 버스도 리뷰해 주세요.감사하고 수고 하세요!,2
9,기존 6단수동차에 오토장착이 가능한지 문의했는데 그렇게 안된다는군요 그게 상당히 아쉬운점입니다 차값은 좀 내렸나요?오토장착인데 6000? 오토8단 350만원 추가하면 6200대가 되는게 맞는데 현대버스담당 관계자께서  가격을 낮춰서 말씀하신 느낌입니다 제가 최고급사양 5900대에서 자동문은 DASCO에서  달았거든요 자동문은 산청에서 부산에 가는 경비포함 100만원정도  들었구요 AS는 정말 마음에 들게 해줍니다,6
10,어휴 한분한분 댓글 달려주시고 감사합니다. 구독중누름 ㅎ 쏠라티 차체 프레임성이80%이상들어가있다고 들었어요현대에서 강한차체를 적용한건 역사이례처음적용한듯 ㅎ승용차 G70  67%강성  G80 55%IG 그렌져 65%  쏘나타65%코나 67%  아반떼 57%강성적용 I40 55%현대가 2014년까지만 해도기본차체강성이 기본48%~24%적용한걸보면 강성을 신경쓴듯 보이네요,3
11,자동8단이 현재 현대기아에서 나오는 승용8단과 동일한 미션이고 eq900이나 g80에 들어가는 미션엔 전자식모듈(정확히 기억은 안나지만 파킹모듈이였던거 같음)이 들어가요. 119차량이나 긴급출동차량은 법적으로 자동미션이 탑재된 차량만 운용가능해서 16년에 자동옵션을 넣은거지요.잘보았습니다,2
12,키가 워낙 크시니 차량이 덜 높아보이네요 잘 봤습니다.,4
13,항상 응원합니다 화이팅이요!,4
14,상용차 리뷰도 가즈아~~,2
15,조수석과 대화할때도 전방주시하고 운전하시길!옆사람을 보고 운전하시면 보는 사람도 불안하고 실제 돌발상황에서는 아주 위험합니다,2
16,뭔가 눈에서 긴장하신게 보이는거 같아요 ㅎㅎ 렉스턴스포츠가 가장 시급합니다 ㅠㅜ,2
17,1종보통으로 운전할수 있는 최대사이즈. 괜찮은듯.,2
18,나중에 이런거 하나 사서 부모님 모시고 다니고 싶네요.,2
19,"잘 보았어요.  하지만 실내외 정보가 너무 없어요. 좌석의 9, 11 인승도 보고 싶은데",2
20,"엔진은 A2 엔진입니다. 포터와 스타렉스에도 사용되고 있습니다.연비는 무게를 감안해도 같은 엔진을 사용하는 포터, 스타렉스와 별 다를바 없네요.혹시 브레이크는 어떤 방식인가요? 에어인가요? 일반적인 유압인가요?시승 차량은 몇인승 인가요? 저도 경기버스지점에서 직접 시승해보고 싶네요.",2
21,쏠라티를 바다낚시 출조용으로 활용할 수 있다면 태클박스 쿨러 로드 등을 어떻게 수납 가능할까요,2
22,"아 그리고 렌트가격이 많이 내렸네요 처음 나올때 35만원선이었구요, 기사동승에 빌려주는 조건은 더 지불했어야했습니다. 기사동승에 빌려주는 조건이  대부분이었고, 그냥 빌려주는곳은 극히 제한적이었고 2016년당시에는  차도 많이 없었던거 같습니다.저 같은 경우 25인승운전경력이 있어서 빌려줄수있다고 하더군요지금은 렌트비도 20~25만원으로 많이 내렸군요. 렌트한번 해보시고 평가를 해보시는것도 현명한 방법이라 생각합니다",3
23,차 디스할때마다 팀장님 눈치 보시는 리뷰어분..;; 그런 팀장님의 언짢은 표정,18
24,"저는 45인승 관광버스로 수송업을 하는 사람으로 쏠라티가 나오기 전부터 관심이 있던 일인입니다 저희 같은 직업군에 있는 사람의 견해로는 쏠라티는 현실을 반영하지 않은 ~  어정쩡하고 가격만 비싼차입니다 (사람들이 생각하기엔 그냥 15명이 타는건데 스타렉스 두대보다 비싼차입니다)1. 시장수송시장에선 승차인원에 따라 임대가격이 결정되지 차가격이 비싸다고 임대비를 더주는것이 아닙니다 (댓글에 언급하신 것처럼 대접받아야 하는 사람만을 태우기 위한차라는 것은 ~ 보통 사람들은 외면 한단 얘기고 ~ 이는 많은 판매량을 원하지 않는단 얘기와 같습니다)2. 사양1종보통으로 운전하는 대다수 사람들이 필요한 1) 차량수치는(1) 높이 2,1m이내 (하상도로, 지하 주차장 집입)(2) 현재 쏠라티처럼 2,7m 높이는 저희같이 직업적인 사람들이 대부분 선택해야 되는 차인데 그러자면 승차 정원이 15인승은 의미가 없고 20인승 정도는 최소한 되어야 그나마 카운티와 가격에서 덜 겹친다고 할수 있습니다   2) 엔진 (1) 마력170마력은 25인승 카운티와 같으나 마력수는 최고속도에 영향을 미치는데 이는 승용차일때 얘기고 ~ (버스 110km 제한, 트럭 90km 제한인 지금 현실에선 마력이 너무 높을 필요가 없습니다)(2) 토크화물차나 승합차는 토크가 더 중요한데 43토크는 11, 2 년식때 스타렉스와 동일하고 카운티는 62토크인데 ~ 현재 쏠라티는 제생각에 50토크는 되어야 합니다3. 시승 리뷰시승은 세분 ~ 저희 기준 으로는 빈차로 하셨는데 ~ 빈차로 끌고 다니려고 저차를 사는게 아니잖습니까 ~15인승이면 성인 15명이 타고 그분들이 가져온 캐리어 최소 하나씩을 다 실고 리뷰를 해야 되지 않나요 ??그러면 연비가 얼마나 나올까요 ~??언덕길을 올라갈땐 힘이 안 딸릴까요 ??그렇게 하는 것이 쏠라티의 목적에 맞는 정확한 리뷰 아닌가 생각합니다저에 생각으론 엄청나게 토크가 딸리고 연비도 뚝 떨어집니다4. 15인승에 대한 희망사항무난한 15인승이 나와주길 (학원, 유치원, 종교단체, 소규모 기업, 자영업자등~ ) 많은 소비자들이 학수고대하고 있는데 ~ 현대차는 소비자의 의견을 듣질 않습니다이 쏠라티에 의견 및 개선희망 사항등을 조사해서 아주 어렵게 쏠라티 마케팅 당당자에게 a4 네장 분량을 보냈는데 ~ 검토하겠다는 얘기 이후 답변이 없네요 ~5. 시승리뷰에 대한 희망사항어렵게 리뷰를 하신것은 알겠으나 차종별로 특색이 있고 승용차에 범위를 넘어서는 차량들 (버스, 트럭등~) 은 저처럼 관광 및  학생, 일반인 수송 15년등~  그분야 전문 종사자가 있는 만큼 전문가들이 보는 견해 및 궁금한점, 희망사항등을  미리 준비해서 리뷰에 넣으시면 소비자와 구독자들에 더욱 큰 호응을 받으시리라 생각하며 ~ 필요하신 의견이 있으실 경우 도와드릴 용의가 있습니다 ~나날히 발전하시길 바랍니다 ~",43
25,길이5미터에 천장높이도 좀 더 낮고 10인승인 차가 있을까요?,2
26,아주 잘 보았습니다.  참고로 중앙선이 안끊어져 있으면 도로진입시 좌측시그널 키셔야 하는데...당황하신 듯,2
27,개인적 생각입니다.  기본 베이스가 포터같아 보입니다.  이게 6천이면... 무슨 깡다구인지...  마스터 나오면 금방 단종될것 같습니다.,2
28,"기아에서 쏠라티 기반으로 예전 봉고승합차 만한 사이즈로 출시하면 대박날듯싶어요ㅎㅎ 현 쏠라티는 지붕도 너무 높고, 후륜구동이라 바닥 높이도 높고요. 전륜구동으로 출시했으면 너무좋을것같아요.",2
29,"제법 잘 나온 차같기는 한데... 가격이 너무 비싸죠...조금만 더 쓰면 카운티나 레스타가 가시권에 들어오는데 이 차들이 수송능력이 월등하니;;;경험상 승차감은 카운티 이상, 레스타 이하의 느낌이었고...카운티나 레스타에 비해 메리트가 있는지는 의문이었습니다...",3
30,완전 르노랑 주유구 부터 많은게 비슷하네요,1
31,10:25 ㅋㅋㅋ 웃다가 정색 네네!(쏠라티의 경쟁모델이 벤츠 스프린텈ㅋ엌~ 쓰윽 큼...),1
32,통학 버스로는 가격이 넘비싸  타산이 안맞아 할수없이 12인승합차 를 사는거임...쏠라티 가격이면 25인승합차 산다...가격때문에 이차가 안팔리는듯....,16
33,안녕하세용~ 또 시청하러왔어요 ㅎ 혹시편집프로그램 어떤프로그램 사용하시나요?,2
34,벤츠 스프린터와 디자인이 비슷하네요.,2
35,쏠라티가 처음 나온다고했을때 에이 스프린터네 스프린터를 대놓고 배꼇네 부정적인 이미지가 많았죠 막상 현대측에선 스프린터를 참고해서 베이스로 만든다고 공식적으로 알렸죠 그러고 막상 출시했을때 가격이 비싸다 창렬이다 라고 말이많았지만 그만큼 값어치는 하는듯합니다 거기다 버스라서 깡통 Vs 깡통 비교해봤을때 다른 미니버스에 비해 몆백만원 크게는 천만원까지도 처렴하더군요 물론 실제 할인을 빼면 더 차이가날수도있고 쏠라티가 더 비쌀수도있지만 온전히 차값만 놓고보면 쏠라티는 저렴한측에 낄수있겟어요 거기다 폭넒은 선택권이 있다보니 쏠라티는 완벽하지않나싶습니다! 아 근데 앞범퍼 안개등위에있는게 깡통모델이 아니라 발판이였군요 ㄷㄷㄷ 전 왜 저기를 비워놨지 쏠라티를보면서 궁금해했는데 그 궁금증이 풀렸네요!,2
36,아 그리고 제가 적은 연비는 무조건 나가는데로  다 밟았을때를 말한겁니다 속도 안지키구요 좁은 도로든 넓은 도로든. 통근용으로 사용하므로 무조건 다 밟습니다 네비속도 기준으로  평지속도 107~108 나오고 대전에 가면 잠시 113키로 나오는 구간있어요 약간 내리막길.계기판에 나오는 누적된 연비를 말하는거였구요. 요소수를 자동으로 태울때하고 요소수를 안태울때는 천지차이입니다 일일연비는 12대는 자주 나옵니다 경제속도는 낼수가 없는 상황에 있기에 경제속도로 달려본적이 없습니다,5
37,쏠라티는 면허증이 몇종이어야 한가요?,3
38,말이 안들리는 것도 아니고  적어도 운전중에  대화를 할 경우에는  서로 쳐다보며 얘기할 필요가 있을까요?  운전중이라는  특수상황이 다소 예의에 어긋나는 경우라 해도 이해될 수 있는 것이라 본다면  운전자 및 동승자 전부의 안전을 위해서라도  전방주시 하며 대화를 나누는 것이 맞다고 봅니다.,3
39,어떻게 유치원버스보다 더욱 화물차같구나,2
40,쏠라티 리무진 얼마정도 하나요?,2
41,잘보겠습니다 !,2
42,새차 인수받고 핸들에서 발생하는 개잡소음으로 서비스센터입고후 6회수리받고 소음못잡아서 본사입고시켰더니 원래나는소리라고환불교환 안된다던 그 차네요,2
43,동승석 에어백은 있는..거죠? 시트배열은 어떻게 되어있는건가요?,2
44,흠... 편의성이 4천 정도인데 2천은 더비싼느낌이네요... 안만봐도 르노 마스터가 더 실용적인듯..운전석도 고급스럽게해주고좀.. 첨단 기기 도 넣어주고  요래요래 해줘야 좋을듯.뒷문은 어디까지 제쳐지나욤?  독에들어가면 콕 하겠네.공기역학적으로도 좀 신경좀쓰세욤. 현대는 잘따라하지도 못하고 상상력도 부족함 에혀..,3
45,쏠라티 보유하고 있는데요 연비는 타이어가 닳았을때 좀 떨어집니다 고속도로주행은 11~12.5까지 나오구요  저는 복합연비는 재어보지못했습니다 시내주행이 거의 없기때문입니다 4차선국도와 2차로 국도와 지방도로 약간 이게 제가 주로 다니는 주된 길인데요 타이어 생생할때     최대10.2 나왔고 평균9.8~9.9나오다가 지금은 타이어가 많이 닳고 5만2천키로주행했는데 8.9~9.0나오고있습니다 타이어가 닳으면 시속 80키로미터 지점의 6단변속시점에 슬립이 발생함을 느낍니다 타이어의 미끄러짐이 연비에 영향을 준다고 생각합니다 타이어 바꾸고 나서 연비가 다시 좋아지는지 관찰해보겠습니다 차는 나무랄데 없습니다 횡바람이 불때는 약간 불안하기도합니다 그냥 속도를 조금 줄이고 안전운행합니다 이차의 최고장점은 산길 같은곳의 코너링입니다 스타렉스와 같은 쏠림과 아래위로 튀는 롤링이 거의 없습니다 산청에서 서울까지 고속도로 전구간 한번도 점프해본적 없습니다 회전반경이 스타렉스급이라는 느낌입니다 핸들이 더 돌아간다는 느낌? 카운티25인승과는 너무 많은 차이가 납니다 쉽게 얘기하면 스타렉스가 꺾는 자리는 쏠라티도 꺾는다 이런 느낌.,12
46,인원 많은 아이돌그룹이 많이 사용하겠네요 ㅎㅎㅎ 수입벤말고!!!,2
47,이... 이거슨.... 초 희귀 레어템인것이여,2
48,화성쪽 도로..반갑네요,2
49,색다르군요. 잘 보겠습니다.,8
50,오...쏠라티는 처음보는데요 리뷰,2
51,ㅋ투리스모는 언제쯤 리뷰 볼수 있을까요?인지도 없는 차량이라 어려운가요?,2
52,"르노마스터 짱짱맨!! 2,900만원!!!",3
53,이차에도110리밋이있나요??,2
54,쏠라티는 전주공장에서 생산하나요?,2
55,캠핑카로 개조하면멋있겠는대,2
56,와우!,2
57,"이래서 기획 초기 단계부터 한국엔 출시하지 말자고 얘기 많았었는데, 애초에 유럽 시장 타겟으로 나온 차량이고 가격과 패키지 모두 그에 맞춰 나왔습니다. 유럽에서도 이 체급은 뭐 한국에서 스타렉스 마냥 그냥 일반 개인이 상업 용도로 사용하는 체급이 아닙니다. 그런 체급은 이 세그먼트보다 아랫쪽 현재 푸조 파트너가 꽉 잡고 있는 세그먼트와 경쟁이 제일 치열한 그 바로 윗 세그먼트 들입니다.  당연히 르노 마스터는 유럽 시장에서 이 체급 보다 아랫 체급으로 분류 되어있구요.  사람들이 차량의 타겟과 컨셉을 전혀 이해 못하는 것 보면 그냥 현대는 i시리즈를 비롯해 유럽 타겟 차량은 한국에 출시하지 않는게 답인 것 같네요. 매번 i 시리즈 기껏 개발해서 한국 시장에도 기획 하는 것 보면 죽써서 개준다는 기분인데.",2
58,혹시 시승신청 어디서 하셨는지 알 수 있을까요?,2
59,15인승에 4륜구동 모델도 있는지?,2
60,잘 보겠습니다^^,3
61,관계자 옆에두고 정확한 리뷰가 가능한 부분 입니까?  눈치 보는것 같은데요?ㅋㅋ,4
62,스타렉스도 해주시면감사하겟습니다,2
63,르노마스터 연관 검색어로 뜨더군요.   자동변속만 되면.... 솔라티 가격이 다운될려나 모르겠네요.   거품차 느낌이 너무 남 ㅎ,2
64,쓸데없이 천정이 높고가격이 비싸다 이것이외면 받는 이유다,6
65,대형면허 있어야되요?,2
66,16인승 솔라티 있는.면허시험장 없나요?? 저걸로 대형면허따기는 쉬울것 같은데 차값이 너무비싸서 실내 플라스틱 덩어리인데.왜이리 비싸게 파는지..,2
67,"핸들에 잡음 은 없나요?    원래 잡음니 나야 정상이라는 데  바람 빠지는 소리,,,",2
68,1종 보통 면허면 됩니까 ??,2
69,3.0은되야지 2.5는파이다,2
70,진짜 크다...,2
71,와우,2
72,벤츠 스프린터도 미국에서 4만불 부터 시작했는데..시거든 떫지나 말지..,5
73,다마스 커진 거 같은데... 차가 넘어지지 않을까....,4
74,"jol비싸다. 유치원,학원등등 누가 이가격으로 사누...",3
75,아 스타렉스에 적용됬다면 e-vgt가 스타렉스에 적용됬네.,1
76,차박용으론  딲이네,2
77,"현대는 차량 만들때  어디서 자문을 구하는지  의문입니다현재 카운티차량,  장거리운행시 승차감이  불편하다는 점  모르는건 아닐텐데요,  뒷바퀴 위쪽에 말도안돼는  시트포지션,  이거는 소비자를 생각하지않는 회사라는걸 금방 알수있지요  개선조차안하는건 소비자를 호구로 본다고 생각합니다벤츠 스프린터가 나오니까  솔라티가 나왔다!!!   뭐라도 하나 재대로 만들어보시죠   구경이라도 쫌 해보게",1
78,쏠라티 트럭은 안나오나요?,2
79,잘 보겠습니다..,2
80,차선 변경시 깜빡이를...,2
81,이차도 3년이상 지나면 부식덩어리 차로 변하겠지... 현기가 만들었으니깐..  저급 판금으로 만들었을꺼야~,6
82,옆에 사장님은 왜 탄거임ㅋㅋㅋ,2
83,과장님이 인터뷰를 못하시네 차팔기 힘드시겠따 ㅎ,2
84,시발 사지마세요 큰아버지가 샀다가 핸들 소음 장난아니여서 바로 3일타자마자 환불 문의했습니다,2
85,한눈 팔지 마세요,6
86,Hey...that guys looks familiar.... :),1
87,바람심한날 서해대교 건널수있을까?,2
88,야 스타렉스보다 훨신 넓다!,3
89,수동인가요?,2
90,^^,2
91,앞면이 빵점 속도제한이있어 NO,1
92,쏠라티했구나,2
93,우리회사에서 옆판넬만드는데,4
94,PLY 따라가지말고 가격좀 조정하지.,2
95,옆에 현대차직원 눈치 보는것 같아 쫌 그럼.. 답답함. 단점은 시원시원하게 말했으면,2
96,이게 리뷰냐 홍보지.단점지적이 없고 칭찬만 하네,3
97,고급전략에 좆망... 르노 마스터한테 개발릴듯~ ㅋㅋㅋㅋ,4
98,완전 포드에 트랜짓이랑 완전 비슷.  느낌도ㅋㅋㅋㅋ 베낀거 아님?ㅋㅋㅋㅋ,2
99,안전위해서 4륜을넣어야지 후륜만가지고 되긋나?,1
100,벤츠 모방 하기,2
101,광고보고가요...b^ ^구독하면 애인이 생겨요.8#.#8,2
102,쏠라티뽀대가리업시천고만높어지ㆍ바람불면넘어지갰다ㆍ저러케밖에못만더나ㆍ디자인도개떡갓다,2
103,르노 마스터 복사판이내요 실내수납 공간과도 연료 구닌,1
104,7:17 헤보~,2
105,디자인이너가너무안이다 높이만덩그라니 뽀다가리업다 저정도밖에못만드나,2
106,110키로 답답해서 타겠나졸음운전오겠따속도제한 걸어놔서 급발진은 덜하겠지만컴퓨터가 미쳐가꼬 속도제한풀어블려블믄 어쩌지,3
107,저차 사고나면 샌드 위치에 종이짱 처럼,1
108,이분리뷰수준이 별로,3
109,후륜?눈 조금내리면 버리고가야될차네?구독?이따위로 리뷰하고구독? 에라이 니네채널무조건신고다 이게 리뷰냐?,2
110,밴츠 따라한거 같은대,3
111,쪽팔려서 못타게씀,1
112,사지마라 하자 투성이 솔라티 https://www.youtube.com/watch?v=6SR9xVTHwoM,2
113,새차라더니,1
114,스프린터 짭,2
115,저 팀장 차 못팔겠네 말을 너무못해,2
116,"401, 402번은 왜 4로 시작하나요? 장지공영차고지에서 출발하는데...또 303번의 경우는 상대원차고지에서 출발하는데 왜 303번 인가요?",2
117,"근데...버스 카드 찍을때...""마스크를 착용하세요""멘트...첨엔 그냥 그런가보다 했는데 자꾸 들으니까 짜증나><일부 안쓰는 사람들 깜박한 사람들 위해 그런 건 알겠는데 굳이 쓰고 있는데 마스크 착용하라하니 짜증난다.....",2
118,안전한 운행과 산들투어의 무궁한발전을 기원합니다,3
119,나날히 발전해가는 산들투어.. 정말 멋집니다..^^,2
120,솔라티타고 여행가고 싶어지네요~무사고 안전운행 기원합니다 🙏,3
121,산들투어의 축복이군요......안전운행 하십시요....,3
122,쏠라티 나왔군요 ㅎㅎ항상 안전운전 하세요 ^^,3
123,와구입하셨군요!축하드립니다,3
124,축하합니다.15인승 럭셔리 구매하면 바로 나오나요.가격이 궁금합니다.,2
125,것입니다 가 인상적이네요^^,2
126,타고 싶어요자세한 설명 감사합니다,3
127,"아이오닉5 타기전에는 사실 차에 대한 관심이 많지는 않았어요ᆢ 아이오닉5 이후 다른차에 대해서도 아주 깊이 있게는 아니어도 차종, 기능, 또 주행느낌 등ᆢ 설명을 들으며ᆢ 그 들었던 차를 보게 되면 나도 모르게 공부한듯한 티가 나는 기억이 떠오릅니다ᆢ 자연스러운 공부가 되는 영상였습니다~~^^",2
128,홍시님^^ 르노 마스터까지 마스터하다니!! 저 수동 큰 차를 저리 잘 모시니 더욱 사랑스러워요.,5
129,오 홍시 이번에는 르노 마스터 수동 까지 반응이 너무 좋다 잘했어요 홍시 화이팅 기대할께요 안뇽 🚙🚘🚗👍👍👍👍👍,3
130,수동에 큰 불편함을 느끼지 못하시는 분들에게는 정말 최고의 밴 입니다^^,8
131,~ 보자면// 중독성 있어요ㅋㅋ르노 마스터 가성비 좋은 차네요주차 공간만 있다면한 대 장만하고 싶네요ㅎㅎ영상 잘 봤습니다아,3
132,수동 운전도 잘하시는 예쁜 홍시카앙🥰❤️😍😍❤️,2
133,와우 수동운전도 거뜬한 홍시님~ 머쪄부러~,3
134,이런차 운전하는거 넘 멋져요 전못할거같아요ㅠㅠ 큰차는 넘무서운데 이차는 넘크잔아,2
135,울 홍시님 항상 볼때마다 이쁘고 멋져요. 큰 차를 모시다니 ㅜ 안운하셔요,2
136,이야 수동운전하시면 정신없어서 말하기두 힘든데 역시 잘하시네여ㅎㅎ,5
137,홍시는 목소리가 밝아서 좋으다가자10만,3
138,발연기 짱👍🏻,3
139,11:53 와 역시 홍시님 수동도 운전 잘하시네요! ㅎㅎ 혹시 실례가 안 된다면 홍시님의 키가 몇 cm 인지 궁금합니다!.. 홍시님 키 커 보이는데 차 내부 높이가 많이 높군요,4
140,수동 몰아본지가 언제인지수동 기어들어갈 때 내 손 발이 따라 움직임. ㅋㅋㅋ,2
141,오 ᆢ 수동도 운전하시네요 여윽시 멋져!^~^;,2
142,기어 바꿀때 전방주시 안하면 변속이 끝나고  차선도 바뀝니다.,1
143,소녀시대 Gee의 개사(다시 올림)♬ 너무 반짝반짝 눈~이 부셔 홍 시 리 우 스 ♬🌟🌟🌟🌟🌟✨✨✨✨✨,2
144,유튜브 영상 잘봤습니다 홍시님 이뿌네요 날씨가 덥네요 감기 조심하세요 많이 좋아하고 영원히 사랑해요❤❤❤❤❤❤❤❤❤❤❤❤❤❤❤❤❤❤❤❤❤❤😘❤,2
145,버스기사하실건가요항상재미있어요즐거운영상감사합니다쉬엄쉬엄하세요,2
146,우와! 운전잘함,2
147,옆차들 80-100달리는데 혼자 50으로 가는건가,2
148,간만에 수동 기어 넣는거에 감정이입 됐네요 ㅎㅎㅎㅎ 운전까지 마스터 시군요 ㅎㅎㅎ,3
149,수동 ㅡㅡ 멋진 여성분 이다 ^^,2
150,요즘 나오는 차들 디자인은 정말  최악 비만차량들뿐   모하비 디스커버리가 대표적 비만 차량  근육질에 차량은 역시 갤로퍼,4
151,멋쟁이님❤,1
152,수동!  인정!!,1
153,헝시 헝시~~~~쨕쨕쨕😁,2
154,항시 입벌리고 있읍니다.  떨어지는 한순간 기회를  엿보며 ... 원샷원킬,2
155,오와 이 누나 수동도 만질줄 아는 누나였네ㄷㄷ멋있엉,2
156,4륜에 최저지상고도 더 높아야  캠핑용으로 쓰지 않을 까요,2
157,원래 버스나 봉고?타던사람은 수동은 그닥 문제 아니죠,3
158,자동 나온다고 한지가 언젠데. 솔직히 자동 나왔으면 지금보다 두배는 더 팔렸을차다. 르노의 선택이 아쉽다.,3
159,와 수동 운전도 하나요,2
160,운전석에서 뒷문 자동개폐 되는가요? 옵션이라도 잇나요?,2
161,홍시,3
162,승용차 대비 비교는 답이 없는거 같아요. 일단  솔라티랑 25인승 콤비랑 비교해보면 방지턱 서스펜션 솔라티 > 마스터 > 콤비 이구요(승용차랑 비교하시면 안됩니다) 콤비는 방지턱을 승용차처럼 넘으시면 그.. 운전석에서 롤코 느낌나요... 마스터 좋았던건 기어 변속이 정말 가벼워요  손가락만 가볍게 스틱잡고 변속해도 가볍게 변속이 됩니다. 솔라타는 스틱을 잡고 변속해야 하고 콤비는 힘 좀 주고 변속해야합니다. 트렁크에 골프백 4개 충분히 들어가고 의자 열 조정하면 더 넓게 ~사용가능합니다. 승객존 에어컨이 좌석마다 있는게 아니라 승객열 맨 앞열위쪽 천정에 4개 뚫려 있어서 맨 뒷분들은 여름에 에어컨 풀로 틀어도 에어컨 바람을 풀로 느끼실수는 없습니다.  그래도 여행사 투어차량으로는 솔라티 가격대비 좋아서 운영하기에는 좋은 차량인거 같아요~! 가격대비 효율성이 좋습니다!,2
163,"어설픈듯 해서 그냥 지나칠까 했는데,,운전자에게 크게 도움될 실용성과 짜임새 있는 수준급의 리뷰였습니다.유튭에서 처음부터 끝까지 중단없이 봤던 몇안되는 리뷰영상였네요.많이 도움 되었습니다..감사해요..건강하게 절대 무사고 운전 하시고 오래오래 사세요..^^",26
164,디테일한  리뷰  잘봤습니다^^  저는 07년식 145마력  운용중인데요  고속도로  주행시에  오르막길  만나면   힘이  떨러집니다  5단으로  달리다가  4단으로 내려야  되요   4단에서는  65km 정도  나오구요   뉴카운티는  어떤가  궁금합니다~,2
165,제가 사는곳 나와서 왠지 모르게 반갑네요 나중에 저도 기회만 되면 카운티 한번 운전해보고싶네요 매력있는 차임,1
166,"김진일 사장님^^대형1종 버스 면허를 취득후양성교육을 준비하고 있었는데,,,정년퇴직을하고나이가 있어서양성교육 화성시 상주시 준비하고있는데양성교육 월인원이 제한되어방법을 찾고 있었는데ㅠㅠ자상한 강의고맙습니다.정말 정말  많은 도움이됩니다.보고 또 봅니다.^^감사합니다.현대 직원분들께 사과하시지않아도 됩니딩^^",2
167,와 정말 상세한 리뷰네요 잘봤습니다 ^^ 저는 메가트럭 운전합니다~,3
168,역시 현대는 겉할기식이라니까 ! 넓다는것빼고는 비싸기만하고 !!! 제가 불만이었던 것들을 잘 소개 해주셨네요.,1
169,카운티 운전을 해볼려고 합니다.카운티 캠핑카 생각하고 있어서요~^^ 좋은 영상이라 댓글 남겨요!5톤 트럭은 많이 몰아봐서 거리낌이 없었는데..버스는 할 게 좀 있네요!,1
170,핸들회전수가 몇바뀌인가요?,1
171,"카운티란 차에 대해 아주 잘 설명하셨네요.  저도 요즘 어쩔 수 없이 구입해서 운행하고있는 차이지만 정말이지 한마디로 표현한다면 조금 심할지 모르겠지만 거의 경운기 수준이라고 할 수 있지요. 앞자리 조수석에는 초등생이나 겨우 앉을 수 있고 드나들기도 힘들고 뒷좌석들 배치도 사람들 앉으라고 한건지 그냥 생각없이 자리만 채워 놓은건지 정말이지 현대 직원들 의식 수준이 의심스럽습니다. 맨날 지들 배부르자고 노조 통해서 데모나 해대고 소비자들에게 돌아가는 차량은 아무런 생각도 없이 적당히 만들어서 팔아먹고...  어쩔수 없이 구입해서 운행은 하고 있지만 한마디로 현대 카운티,  사람타는 차가 아닙니다. 현대차가 정말 싫고 그런 차를 만들고 있는 현대자동차 직원들이 정말 밉습니다.",3
172,"그 이미 아셨을수도 있지만 저런 화물,버스들은 기름넣으실때 유류통안에 들여다보면서 넣으면 게이지 꺾이게 할수있어요ㅎ",1
173,34:44 우회전 시 첫 번째 횡단보도는 적색신호여야 합니다. 현재처럼 녹색 신호시의 우회전은 신호위반입니다.,2
174,"카랑카랑 앳디고 맑은 목소리에^^꼼꼼히 설명과 리뷰 잘 하시는데요!!ㅎ차에 관심이 많으시고...또 무척 차를 좋아 하심을 느낄수 있습니다.사투리??ㅎ 심하질 않구요^^다만 경상도 억양이 묻어  있어 지인분들이 그렇게 느낄겁니다...ㅎ말씀처럼....승용차,고급대형 트럭 등의 리뷰는 많지만.운행자 입장의 중형버스  소개는 귀한데...소개 감사 합니다^^",3
175,카운티는 리타더가 안들어가고 배기브레이크 입니다!리타더는 비싼 장치라 ㅎㅎ 유니버스 몰았는데 제일 하급모델이라 그런지 배기브레이크 더라구요..상급은 리타더죠 리타더는 진짜 확잡힙니다 배기브레이크는 서서히 줄어드는 느낌이라면!,2
176,카운티 엔진은 좋은데...브레이크는 약합니다.사제로 파워 브레이크 반드시 설치해야 합니다.또다른 단점..운전석 하부 .문짝  아래쪽 포함 .부식이  반드시 올라옵니다.최악의 단점은 승차감이  2.5톧  화물차와  똑 같음.  아무리 작은 요철도 20킬로의 속도로 지나간대도  점프합니다.,1
177,리뷰 좋네요,2
178,궁금한게 카운티 맨뒷자리에 타고 방지턱 세게 넘으면 마이티처럼 헤드샷 날라가나요?,2
179,카운티(유로5)모델로 하루 140키로 마을버스 운행하고 있는 기사입니다.생각보다 잘나가서 놀래고인원탑승 많이하면 브레끼 엄청밀려 두번놀래고잔진동 및 승차감에 세번놀래고오후반 마치고 혼자 차고지 들어갈때 맘에안드는 택시랑 스타트 붙으면 거의 안밀리고 비슷하게 가서 네번 놀랩니다. ㅋㅋㅋ리뷰 잘봤습니다,5
180,아 설명 꼼꼼하게 잘하시네요 추천,1
181,뉴 카운티 15인승인가요?가격은 얼마인가요?,1
182,의경 운전병인데 e카운티는 운전할때마다 목숨걸고 운전해야되서 타기싫은차 시속70~80만되면 진짜 부르ㅡ르르 떨리고 차가 너무 불안정해서 조금만잘못하면 전복할것같은 느낌,3
183,기름을 넣을때는 주유건손잡이를 살살 땡겨야 많이 들어가요. 그리고 세게 누르면 거품이 일어나기 때문에 기름이 조금 밖에 안들어가는거에요,7
184,알피엠 회전수는 정차상태에서 얼마나 돼나요?,1
185,파워버튼은 알피엠을 조금 더 쓰는거 아닌가요 ㅎㅎ 예전 그레이스오토에서 본거같은데 ㅋㅋ,3
186,카운티 오래타고 45인승가능한지 의문이네요,2
187,"바라는 점:차체,실내까지 풀체인지",6
188,유턴하실때...핸들 미리 다 꺾고 돌리면 옆차 긁을텐데...차 뒤 꼬랑지때문에...,3
189,21:21 언제부터 그쪽으로 갔죠...  12년식 저희카운티는 오디오 왼쪽에 있는데...음..ㅎ 차라리 안개등 버튼이 dpf자리로 다시 왔으면 좋겠네요,2
190,상용차 시장이 작아서 신차개발에 너무 인색하내요20년전 모델이 지금까지 헤드라이트 바꾸고 USB달고 끝 카운티를 타다 대형버스 타고있는  소견으로 카운티 소형버스의 개선 사항을 적어보겠습니다후륜차인 많큼 엔진을 후방에 장착하면1️⃣운전석과 조수석 사이 큰 실내본냇이 살아져서 2️⃣운전자와 조수석의 실내간 이동이 매우 편리해지고 3️⃣개방감도 살아나고틈새의 보넷이 없으니 4️⃣열기와 5️⃣찬바람의 살아지고 5️⃣에어컨의 찬공기 낭비와 6️⃣소음과 7️⃣진동도 살아지죠8️⃣후륜차의 눈.비 길에 주행의 안전성도 높아지며9️⃣정비의 편리성도 좋아지죠또 엔진과 후륜축이 직렬로 연결되니 1️⃣0️⃣연비향상과 1️⃣1️⃣출력손실도 줄어들거라 봅니다트렁크 부분에 엔진이 들어가면 1️⃣2️⃣살아진 트렁크는 측면 빈공간을 활용하면 되지 않을까 합니다또 1️⃣3️⃣백미러는 대형차 방식으로 위에서 아래로 꺽는 폭포형으로 바꿔면 좋겠습니다지금에 대형버스의 미니형 말이죠그런데 그들은 장사꾼이죠 시장이 작아 투자대비 수익을 따지니 ..솔직히 카운티는 최악,3
191,15인승은 1종 보통인가요??,7
192,멋있네요,1
193,확실히 카운티가 레스타보다는 기능이 떨어져있네요,3
194,기본도색은 육번호판아니면 어색함 ㅋㅋㅋㅋㅋ,6
195,그나저나 저놈의(?) 문손잡이는 너무 오래됬쟈나.. 레스타 문손잡이로 바뀌면 좋을듯,6
196,저희 아버지는 이번에 기아2020쏘렌토마스터스페셜풀옵션인데 4WD하고 썬루프는 빼고 계약했어요 그리고 엔진은 디젤2.2로했습니다. 어제 출고되서 오늘 썬팅하고 언더코팅하고 유리막코팅까지 다 끝마쳤고 이제 차에 흠집안나게 차고지에 넣어두어야겠네요. 저희집은 저희 가족만 사는 주택입니다. 그래서 차고지가있어요. 오늘 차를보니 너무나 좋네요.,3
197,승차감은 좀 나아졌나요..,1
198,"리타더는 카운티 적용안되고요 핸들우측레버 설명중에 엔진브레이크 설명듣는중에 약간 오해가 있으신듯해서 말씀드려요 ㅋ저것은 일반 배기브레이크입니다쉽게말해 숨구멍 막은압력으로 감속시키는 장치구요 리타더는 독일ZF제품입니다 고가구요 대형버스 상용트럭에 장착됩니다.ㅋE.마이티, 카운티, 메가트럭, 에어로타운 그린시티에는 장착안됩니다.F엔진 G엔진 은 미적용됩니다 ㅋ 아울러 리타더는 현대는 4단 올리는 방식입니다",5
199,디젤차 수동은 거의  2단 출발입니다.,1
200,와우,2
201,이차는 없어져야할 차입니다20년넘게 앞모양새(디자인)만 살짝 바꿔서 마르고.닮토록단물 쓴물 다빨아먹는차임이차는 사주질 말아야 하는데!!!,1
202,중형버스 시장이 경쟁이 있어야 현대가 정신을 차릴텐데..... 진짜 카운티 버스 타보고 과속방지턱을 지나가는데 운전석은 모르겠는데 승객석은 진짜.. 무슨 트럭 화물짐칸에 타있는 줄 알았어요... 판스프링으로 되어있어서 그런지 몰라도 정말 승차감이 안좋더군요 맨 뒷자리에 탔으면 의자에서 붕떠버렸을지도...,2
203,"이영상을 현대자동차에 보내줍시다.  제대로 만들고 개선좀하고 정신차리게,,,,,,,",1
204,연식이 어떻게 되나요?,1
205,현대기아 카운티차량 제조 관계자들은  제발 차좀 제대로  만들어서 출시 하세요.단종된 아시아자동차 콤비보다도 더 안좋은게 카운티 아닌가 싶네요.차량가격은 비싸고  편의성 안전성도 별루고타타대우 레스타 중국선룡 25인승 버스가 훨 좋습니다.승용차 대형버스만 신경써서 만들지 말고 중형버스 카운티  에어로타운 내외장 다바꿔서 출시 하든가 단종시키고 신차를 출고 하든가 하세요,1
206,마을버스타는데 허리작살날것같아요대우레스타가더좋은것같아요,1
207,현대차카운티차가아니고완전깡통이다 미니버스가출고데는데가없어니까어쩔수없이사지다시정다시차만들어라미니버스는대우차가최고다,1
208,진짜 멋대가리 없는차.싸구려 느낌이 풀풀 나는차. 아직도 도요타 베끼는 현대차 . 창피합니다 헌대는 삼성처럼 왜 발전하지 못하는지요.경영도 일본을 따라하는것 아니에요 혹시? 그래서는 일본을 추윌하지 못하지요.중고로도 많이 수출되는데 좀 더 잘만들었으면 광고도 많이되서 신차 수출도 늘었을텐데.,1
209,리타더는 아닙니다~배기블럭입니다리타더는4단까지있습니다25인승은 1단배기블럭입니다저는현재45인승 관광버스운전하는사람입니다,1
210,저희 학원차가 이카운티 11년식인데...이카운티는 잡소리가 안나요...,1
211,군대에서 지겹도록 몰았었던 뉴카운티,3
212,경쟁자가 없어서 그래요독점으로 생산하다보니 굳이 개발할 필요성을 못느끼는거죠~,2
213,진짜 사골중의 사골이다현대놈들 징하다계기판 대쉬보드봐라 30년동안 마이티부터 우려먹는 디자인,1
214,이차는 단종시켜야함 저게 무슨 7천만원짜리 차인지 저차타고 일하면은 허리 무리가여ㅜㅜ승차감 개선하구 실내 인테리어외관 다바꿔야함,2
215,왜 버스는 에어브레이크 쓰는지 이해가 가는 차 ㅋㅋ,2
216,본격 뉴카운티 디스.,2
217,군대에서 가장 많이 몰았던 차량....버스인데 갠적으로 승차감 개똥....,1
218,카운티를몰고있는초보운전자입니다.중립후1단출발할때 꿀렁~하는데 클러치를빨리떼어서나타나는현상인가요,2
219,김진이 선생님 지금 말씀하시는 카운티 찾아 오디오에 USB가 있습니까 어떤 게 있습니까 아니면 시리가 있으니까,1
220,너무 자세했어요. 설명이,4
221,버스라긴 보단 그냥 조금큰 봉고차 느낌,1
222,몇인승인가요?,1
