,comments,likes
0,"1열 헤드레스트 빼고 눕히면 뒷좌석이랑 평평하게 되었던 걸로 기억하는데... 정말 ""생활"" 이라는 차량명이랑 잘 어울리는 실용적이고 매력적이었던 차였는데 말입니다.",2
1,와 전 라비타 2002년식 1.8 오너입니다. 1부 부터 시간 가는 줄모르고 시청했습니다. 라비타 참 좋은차죠. 많이 안알려져 있어서 모르는 사람들이 많지만요. 저도 선생님처럼 리스토어에 도전에 보고 싶네요. ^^ 좋은 영상 감사드립니다.,2
2,"오늘 운전하다가 우연히 라비타 후면을 처음보고 이뻐서 검색해봤는데,  내부도 실용성도 정말 좋은차네요.  멋져요.",3
3,형님 손을걸친 차는 명품차로 다시탄생 하네요 형님 따라서 저도 어느새 차가4대가 돼었네요 항상응원할께요 ~멋쟁이형님 최고 ,4
4,형님차처럼 재출시되면 당장 사고 싶네요~ 넘 멋집니다ㅎ,3
5,라비다 친척형이 사서 그당시엔 참애매한 차였는데 지금보니 괜찮네용^^,3
6,"몇십년 전에 얼마나 세련되게 디자인을 했으면지금봐도 어색하지 않게새차 같은 느낌이.,",3
7,저희 아파트에도 라비타 한대 관리하며 타는분 계시던데 유니크한 매력이 있습니다.^^,2
8,역시 형님은 멋쨍이!좋은 곳 소개해주셔서 감사합니다!,2
9,2003년식 아직 타고 있읍니다.ㅣㅇ키로 참외박스 36개 실어서 공판장 갔다냅니다.차 힘도 좋고ㅡ그런데 엔진오일 누유로 차량엔진부분 온기계가 오일로 코팅되어 있답니다비슷한 차량없는게 아쉽네요.인도에선 대박났다고 하는데 우리나라에선 인기가 없었음ㅡ짐용 승용차라면  이만한게 없는데요.이제 신차구매 알아보는 중입니다.,2
10,대단하세요 건강 잘 챙기세요 날이 벌써 여름 같네요^^,2
11,라비타의 재발견이네요. 다시보니 꽤  스포티해 보여요,2
12,라비타 예쁘게 꾸미셨네요 :),2
13,"라비타 ~  라비타   라비타 나비처럼  훨훨나는    "" 날아라 나비타"" 닉네임으로   나비타~~~~~~~~~~  라비타에 디자인  멋지죠  외장컬러만 바뀌여도  수입차처럼 보이는  멋진차 매력이 넘치는 라비타!갤로퍼,레토나,무쏘,뉴코란도,구형프라이드,라비타,티코........멋지고 이쁜차들",2
14,한주를 시작하는 월요일 행복한 한주를 만드세요 건강관리 잘하시고행복하세요 빨른 완쾌를 기원합니다,2
15,레트로 감성... 최곱니다~,2
16,스티어링 휠 밑 비밀?수납공간에 우리 모 선배님은 쌍절곤을 보관하곤 했죠...ㅋㅋ,2
17,앞자리도 플랫시트한거보여주세요,2
18,라비타 좋은차죠 수납공간은 다 못쓸정도로 많아요,1
19,제인생 첫차가 라비타 에메랄드색이었죠...20대 추억의 첫차,1
20,시간되시믄 얼굴함 뵙고 싶네요~~ 차도 구경하고싶고~~ ^^,2
21,옛날차가 더좋은거아닌가요,2
22,와 내차 쏘렌토보다 좋은거 같아요.,2
23,차박해결^^대박넓어요,2
24,"차박지 쓰레기 정말 심각해요. 지금 클린캠핑하지 않으면 차박지 다 막힙니다!차박캠핑 카페에서 진행중인 쓰레기 되가져오기 캠페인에 꼭 참여해 주세요!!!폐쇄된 65개 차박지 목록 (신규 업데이트 날짜 - 21년 5월 1일)️경기도 연천 백학면 학곡리 노지 차박지 (신규 / 5월부터 위반시 과태료 300만원)️강원도 원주시 흥원창 노지 차박지 (신규)️충남 부여 칠지공원 노지 차박지 (신규 )️충남 당진 달맞이공원 노지 차박지(신규 / 10월까지 집중단속, 과태료 10만원 부과)️충남 아산시 곡교천 노지 차박지 (신규 / 5월 개방 예정)️강원도 고성군 송지호해변 노지 차박지(신규 / 4월기준)️인천 영흥도 노가리해변 노지 차박지(신규 / 4월기준)️경기도 가평 대성리 노지 차박지(신규 / 4월기준)️인천 선녀바위 해수욕장 노지 차박지 (4월 15일부터 폐쇄됨)️경기도 여주 강천섬 노지 차박지 (신규 / 6월부터 폐쇄)️강원도 양양해변 일대 노지 차박지 (신규 / 6월까지 집중단속).. 더 많은 폐쇄중인 노지차박지 정보 카페공지 참조(가입불필요/전체공개)차박캠핑 카페 https://cafe.naver.com/gpsf",2
25,오래된차라 방전관리 문의드려요,2
26,오랜만에 보네요 올라이드님! 미국에서 유명했던 지금도 유명한 Ford crown victoria 도 리뷰 가능하실까요? 경찰로 많이 쓰이고 참 수리하기도 편하고 막쓰기좋은 차체라 경찰한테 인기가 많았는데 지금은 포드 토러스로 대체됬습니다.정말 좋은차 였으니까요 리뷰부탁드립니다!,1
27,클릭 2002년식인데  아직 부식이 없네요 ..   차가 질리지가 않음,2
28,i20의 조상인데 한국에서는 이제 볼일이 없어서 아쉽네요ㅠㅠ,2
29,"올라이드님, 티볼리에어 부활에 대한 뉴스기사형 리뷰 언제 하실 예정인가요? 진짜 궁금해요.ㅠㅠ",2
30,티볼리에어 재출시 관련 리뷰도 좋을꺼같습니다산쵸님,1
31,모닝의 밀려 단종되었죠,1
32,나아직 클릭타는데 부식없음 다행히 ㅋ재미는있는데. 핸들이 너무 무거움,1
33,이번에도 열정에 박수를 보냅니다 ^^저는 웬만한 자가정비는 제가 해오다가 너무 힘들고 (이곳 일본은 부품 하나 사려면 먼저 방문일정 예약해서 예약일에 가서 주문하고 며칠뒤에 찾으러 가야해요. 토요타의 경우입니다 ㅡ.ㅡ) 그런 일정들이 너무 지쳐서 이젠 엔진오일정도만 집 개러지에서 교환하고 나머진 정비소에서 할 예정입니다 ^^;; 숙원 사업 끝내신거 축하드립니다   앞으로도 좋은 영상 기대하겠습니다  ^^,2
34,와~~~~~ 형님 정말 대단대단 이십니다~!!!!보는 제 속이  다 시원하네요!!! 막혔던 채증이 뻥 뚤린 느낌.... 20년 묵은 때가 다 사리지고 애기가 된 느낌...스트레스 사라지는 영상 감사합니다...제 지금의 용팔이도 저렇게 되면 얼마나 좋을까 ...보는 내내 생각했네요..^^;;;,3
35,역시 차는 주인을 잘 만나야 한다는 진리를 느낍니다!정말 차를 아끼시는 모습 부럽고 존경합니다!,2
36,차는 진짜 신경쓰는 만큼 오래 탑니다. 대단하시네요.,4
37,타이밍벨트는 20만km 거뜬히 운행 가능해요 . 10만 km운행후 불안해서 커버열고 확인해보니 아주 말짱하더군요. 오히려 라디에이타 호스와 히터 호스가  터져요. 부동액이 점점 줄어들어서 알게 됩니다.,2
38,열정이 대단하십니다보통은 대충 수리해서 타기 바쁜데..,4
39,참으로 대단합니다 늘 한결같은 마음으로 열심히 응원합니다,3
40,플러싱은 유막을 제거해서 안좋다..라는  의견두 많던데 괜찮을까요?,2
41,항상 잘 보고 있습니다^^메모리 카드를 한번 바꿔 보세요 메모리카드 수명이 다 되면 간혹 영상이 이상하게 찍히더라구요~~,2
42,비용이 얼마정도 소요되는지 궁금하네요,3
43,자동차의 세계는 봐도봐도 신기함다...ㅋ ,2
44,배우님 향상건강하시고 특히 몸건강기윈합니다 ㆍ땅끝에서 구독자 ~^^,2
45,속시원하네요. 제차도 한번해봐야겠습니다 마티즈2거든요 ㅎㅎ  어디서 정비한건가요?,2
46,고생하셨습니다개운하시겠어요^^,2
47,공임하고 소모품비 외판 커버류 들...차값 이상 아닌가요?,3
48,1차 영상도 있나요??,2
49,이정도 정비를 하면 차값정도 나올거 같은데요? 공임포함 대략적인 금액이 궁금하네요.,1
50,제가  다~~~속이  시원하네요 ㅎ,2
51,정비한곳 알수있을까요 ~?,3
52,새거는 진리~~~^^,2
53,저도 가서 점검받고 싶어요라비타차량입니다,2
54,굿굿ㅋㅋ,2
55,"아이고야, 제가 다 개운하네요.^^",2
56,제가 다 기분이 개운하네요 차 좋아하는 사람들 특징인가봅니다,2
57,"업로드 방침수입차, 수출형 광고는 안올립니다.업로드는 해당 차량의 광고가 더이상 안나오면 올립니다.업로드 요청 안받습니다.",1
58,라비타 엔진출력이랑 밋션이 너어무 구린거 빼고는 꽤 괜찮았습니다,1
59,라비타 망한차,1
60,현대자동차 라비타 웨건 차량은 후속차량인 i30 cw에게 자리를 물려주고 단종되었죠.,1
61,에스컬레이드랑 6000정도 차이나는데 비슷한 크기와 출력이라 충분히 수요가 있을 거 같네요 매력적인 차네요,4
62,와...팰리가 베뉴가되는 마법..타호는 진짜 거대하네요,32
63,멋진 리뷰 잘 보았습니다.재작년 부터 트래버스 레드라인으로 조그만 트레일러와 보트(23피트)도 끓고 있는데.정말 잘 나가더라고요.그 전에 볼보 XC60과는 비교도 않되게 견인하는 느낌도 없을 정도 엿지요.그런데 타호는 정말 어마어마 하군요.그냥 모든면에서 대단하네요.트래버스 레드라인도 옵션이 좀 아쉬웠는데 타호는 정말 다양하네요.좋은 리뷰 잘 보았습니다.앞으로도 좋은 리뷰 부탁해요,7
64,"뼈때리는영상...쉐보레가 국내시장을 고려했더라면, 시기적으로 그전에 들어와야했다는 그 말에 전적으로 동감합니다.영상 잘봤습니다.",8
65,대표님 옆에서 타호 함께 시승했는데 v8 6200cc의 미국감성 너무 좋았어요ㅠㅠ이래서 타는구나 싶었는데 기름값 무서워서저는 그냥 전기차 타야겠네요,49
66,"늘 상큼발랄(?)한 김한용 피디님의 리뷰 잘 보고 있습니다. 제가 미국에 살고 있어서 여기 현지인 유튜버들의 자동차 리뷰도 많이 보고 있는데 피디님의 리뷰만큼 재밌게 하는 분들이 없더군요. :)) 몇 년 뒤에 차를 바꿀까 생각하면서 리뷰들을 유심히 보고 있는데요, 기아 텔루라이드를 염두에 두고 있었는데 전기자동차시대로 완전히 바뀌기 전에 V8 자동차를 몰고 싶은 마음이 자꾸 드네요 ㅋㅋ 어쩌죠?",4
67,와.. 펠리도 엄청 크다 생각했는데 ... 굉장하네요..,5
68,차량이 튼튼하게 보이고 안정감있어 보입니다,7
69,"역시 차가 크다보니 여유있어뵈네요~ 공식 연비는 복합 6.4km/l, 도심 5.7km/l 네요 ㅎㅎㅎ",4
70,"와~차가탱크네요^^영상잘봤습니다.늘좋은영상감사합니다,",17
71,가격적인 부분 너무 공감합니다 ㅠㅠ 기본라인 나왔으면 진짜 삿을건데 ㅠㅠ,13
72,이햐 차 진짜 크다.. 근데 드디어 국내출시 한건가요?와 디자인도 멋지고 좋다. 근데 가격을 보니 링컨하고 겹치게 되는데. 흠..... 타호는 링컨의 에이에이터가 아니라 네이게이터 급인건가? 서버번은 타호보다 더 큰차네 ㄷㄷㄷㄷㄷ,1
73,와 펠리세이드가 작아 보이다니.진짜 미국차스럽다. 실내 투박한 것까지.,8
74,6.2리터 8기통인데 연비 괜찮은 편이네요..ㅎㅎㅎ콜로라도도 시내만 주행하면 5넘기기 힘듭니다..ㅎㅎㅎ,5
75,차는 확실히 멋진데... 연비가... 실제로 구입해서 탄다고 하면 살 떨릴 것 같아요;;,28
76,좀 더 대중적인 등급의 모델을 들여왔으면 하는 안타까움~타호를 원하는 사람들은 많은 옵션보다는 실용성을 원함  그래서  8천 전후의 가격대 모델 부재가 아쉬움국내 최대 배기량이 선사하는 자동차세 압박과S600급을 능가하는 극악의 연비는.... 찐 부자가 아니면 유지 관리가 어려운 차~로 만들어 놨음... 하지만 찐부자는 에스컬레이트를 샀겠죠...,5
77,오 다른 유튜버분들은 타호옆에서 서면 왜소해보이시던데 한용님은 딱 잘 어울리시네요!! ㅎㅎ,9
78,솔직히 쉐보레 자동차 문제가 아니라 수입해오는 쉐보레 자동차 몇몇차 빼고는 나라법때문에 못달고 들어오는걸로 알아요.  자동차 튜닝법이 빨리 개선좀 됐으면 좋겠어요. 콜로라도도 나온지 꽤됐는데 나라에서 법 계정이 되질 않아서 아직까지 일반전구 달고 달아야 된다니 옛날 구닥다리 법 계정이 빨리 필요합니다.,7
79,출장가서 렌트카로 GMC 유콘 거솔린6.0 몰았었는데 그느낌 잊을수가 없음. 레알 상남자의 차이자 주차공간만 있다면 제일 몰고싶은 풀사이즈 SUV.,3
80,지름값 싸면 타보고 싶네 ㅠ렌트카 빌려서 타보는 걸로...,1
81,서버밴 옆에 팰리세이드 있으면 진짜로 베뉴정도로 느껴질것 같네요.,1
82,시승기 너무 재밌네요 긴 영상이지만 스킵없이 봤네요,1
83,요즘 기름값 생각하면 끌고다니기 정말 겁나는...이젠 연비 생각 안하고 차사기 정말 어려워요.,1
84,정말 짱 이네요 좋은 정보 감사합니다,7
85,"지난 영상에서 메일 보내면 선물 준다고해서 호기심에 보냈더니 예쁜 노란컵, 열쇠고리, 모카 스티커를 보내주셨네요. 잘쓰겠습니다.ㅎㅎ",4
86,"2015년식 타호 수입해서 타고 있습니다. 1년을 넘기지 못하고 갈아타는 내가 7년차 타며 만족스럽습니다. 그래 이번에는 정식수입이라 해서 기다렸지만.. 트림 자체가 원하는 트림을 살수 없다는것에 계약했다가 일단 보류했습니다. 하이컨트리보다 천만원이상 싼 트림이지만 RST 트림이 나왔더라면 사기도 했겠거니와 주변에도 뻠뿌질 무지 했을껀데... (RST는 브램보 브레이크, 데쉬보드 천공가죽등 젊은감성에 크롬부분이 모두 블랙크롬) 원하지 않는 트림을 돈을 더주고 산다는것이 내키지 않아 FL되는 엑스페디션 한번 보고 결정해야겠습니다. 에스컬레이드는 거품이 말도 않되게 불어나서 2년전부터 기다리다 접었구요. 타호는 주차가 조금 넓어서 불편할수 있겠지만 어지간해서는 다 됩니다. 그리고 미국차치고 고장이 적었고, 여러가지로 만족하며 탔던 좋은차는 맞습니다.",3
87,트렁크 유리가 저런식이면 방음이 잘될까 싶네요.,2
88,차는 좋아 보이는데 전폭이 2060mm 라 주차는 진짜 힘들겠네요,3
89,큰차를 좋아해서 카니발이나 팰리로도 만족못했는데 여건만 되면 사고싶네요!,2
90,리뷰 정말 잘하신다 사고 싶어지는 ㅋ,3
91,"30:20 사운드가 마치 할리우드 영화 속, 주인공이 몰고 가는 차량에서 나오는 선명하고 경쾌한 음악소리 같네요. 미국적인 감성인가 ㅋㅋ",6
92,"기어 노즈라고 우리가 말하는 것, 기어봉이 앞에 있는데다 못 생기고, 패들 시프트 있으면 좋겠단 생각이 듭니다.그런 것 빼고는 화려한 디스플레이 있고 고급스러운 에스컬레이드까지 갈 필요는 없는 것 같고,조금만 부족한 부분이 보완돼서 나온다면 더 좋은 6.2 리터 가성비 차가 될 것 같아요..상세한 시승기 감사합니다..^^",1
93,능력만되면사고싶다ㅎ,3
94,엔진 6.2 가솔린 ㅎㄷㄷ.....,17
95,펠리세이드랑 비교하니까 크기체감 확 되네 ㅋㅋㅋ 펠리세이드도 덩치하난 엄청 큰데,3
96,"타호 사실 분들은 연비 신경안쓰죠. 앞으로 몇년이 걸릴지 모르지만, 전기차로 넘어가는 시점에 고배기량에 파워와 편안함 느끼고 싶은분 타세요.",12
97,앞에 비해서 뒤가 아쉽네요 저정도 금액 부담안느끼시는 분이면 말씀처럼 에스컬레이드로 갈듯합니다. 개인적으로 오히려 고배기량 차들에 적극적으로 하이브리드 넣어서 연비도 두자리 나오게 하고 배기가스도 줄이는것이 좋을듯해요,4
98,ㅜㅜ 진짜 쉐보레는 운이없나 하필 이런차가 나오는데 기름값이 방해질을 강력하게..,2
99,타호 멋진데요!! 옵션이 좋은 만큼 시트에도 신경을 써줬으면 좋았을꺼 같아요. 요즘 우리나라 사람들 내부도 정말 많이 보는거 같아요 아님 가격도 천정도만 낮춰줬어도…,5
100,사고싶다...,1
101,길에서 봤었는데 넉넉해보여서 너무 좋아보였어요,1
102,역시 분석이 짱이십니다 !! 타호 풀옵션애 7~8000만원이면 사겠는데 1억 돈이면 좀 써서 캐딜락이나 주차장 되면 벤츠 스프린트? ㅋ 애매한 가격에 애매한 타이밍이네요,4
103,차박 미쳤네 이차,1
104,내부 인테리어는 그냥 구가닥이네요~~~외부는 멋지구만,2
105,"카니발이나 팰리세이드만 해도 참 크다 생각했는데, 타호는 진짜 너무 크다 ㅋㅋㅋㅋㅋㅋ",2
106,영상으로만 봐도 진짜큰데 실물로 보면 얼마나 클까요 ㄷㄷ,3
107,"한국 출시 간보던때부터 duramax 3.0 인증 하고, 최소 LT트림부터 들고 왔으면 지금의 분위기는 절때 아니였을듯 합니다.---------‐구매 안하실분들이야 3.0 이고 LT가 무슨말이야 하겠지만, 기사 나올때부터 위시리스트에 넣었던분들에게는 상당히 실망스런 부분이거든요.그리고 쉐보레는 깡통 중의 깡통 LS가 따로 있네요",4
108,좋네요~. 근데 캐딜락이 땡기네요 ㅎㅎ,2
109,타호는 3열에 카시트 설치가 가능한가요?,1
110,"연비는 그렇다 치더라도 세금이.,정말 여유가 있는분들이 타는차.",1
111,시승기에  이용된 차들은 어떻게 처리되나요?,2
112,승용만 몰든 이들은코너링   등등감 잘 잡고  적응후속도들 내시길~,1
113,차 크기에 비해 생각보다 실내가 넓은 느낌은 아닌듯합니다,2
114,풀사이즈 SUV의 전성기는 전기차 시대일 것 같아요. 연비 걱정없이 누릴수 있는 사이즈,1
115,연비가 안좋은데..  저렴하다고 탈까요.. ㅎㅎ.   소비자가 극명하게 갈리는 차인듯요.,1
116,펠리세이드가 베뉴가 되버리넹 ㅋㅋㅋ,101
117,와 느낌이 에스컬레이드 같네요. 웅장하다!,1
118,요즘 기름 가격에는... 작년이였으면 좋았을듯,7
119,"연비가 ,, 6킬로,, ㅎㄷㄷ",1
120,6200 타보고싶다 ㅠㅠ,1
121,솔직히 급을 생각하면 가성비 좋고 디자인 멋있고 정말 최고네요 ,2
122,"미국식 프리미엄) 적당한 가격에 그저 그런 인테리어, 그저 그런 승차감, 그저 그런 주행감에 연비 극악의 집합체. 그런데 그래서 좋아.",8
123,"와~~  차 크기가  어마무시 하구나....    주차장  옆라인 잡아 먹는거 아닐까?   ㅡ,ㅡ",4
124,진짜 대한민국 최고의 카리뷰어시네요,5
125,"4:08 , 아무리 쉐비 스몰블럭이라지만... ㄷㄷㄷㄷ",1
126,"한국은 안전하니 좀더 써서 에스컬레이드를 사는것도 좋을것같네요미국은 에스컬레이드를 워낙 잘 훔쳐가서 그거때문에 GMC 유콘이나 서버밴,타호로 사는 사람도 꽤 잇어요. 유콘같은경우 디날리모델로 가면 인테리어도 다르거든요,  캐딜만큼은 아니어도 고급져요.",4
127,29:10 진짜 저기서 5년 살라고 던져주면 살아 있을 듯 ㅋㅋㅋ,3
128,"아..세단만 탓는데..큰차타고싶다..근데 세금 기름값 감당 못할것같아.,",1
129,타호와 카라반...너무 좋은데~,2
130,정말 멋있긴한데 우리 아파트 주차장에는 없었으면 좋겠어요 ㅎ,6
131,저 크기에 연비 15정도 나와주면 딱좋은데,1
132,트레버스 페이스리프트도 리뷰 부탁드립니다.,3
133,연비생각하고 타는 차는 아니라 돈만 있으면 샀을차다,2
134,딱 느낌이 그건데 에스컬레이드급 크기에 차는 갖고싶지만 견인도 하고 오지캠핑도 하면서 막타기에는 에스컬레이드 사기엔 아깝고 그럴때 좋은 선택지가 될꺼같은 느낌..,1
135,차 괜찮네요 ㅎ 잘봤슴당,2
136,와 펠리세이드랑 보니까 차이가 실감이 나네요,2
137,에스컬레이드랑 차이가 좀 나나요?,1
138,쉐보레는 수입이 답임,8
139,펠리 순정견인력750kg 아니냐? 비교불가 내구성과 상품성.,4
140,3.5터보 포드 익스페디션이랑 비교를 많이 하겠네요.,1
141,타호 진짜 진심 ! 멋지고 좋은차 이긴 한데........... ㅋㅋㅋㅋㅋㅋㅋㅋㅋㅋㅋㅋㅋㅋㅋㅋ ㅇ ㅏ...  3천만원 ... 이것도 적은 금액이 아니지 아반떼 한대 더 살 수 있긴한데 진짜 이 돈 보태서 에스컬로 가는게 맞는것 같기도 합니다  ㅋㅋㅋㅋㅋㅋㅋ,3
142,에스컬레이드 숏바디와 네비게이터 gmc 유콘 익스페디션 얘네랑 같은 플랫폼인데 나름 고급스러운듯,1
143,진짜 웅장하네요ㅎㅎ,6
144,아니 왠만한 주차장엔 자리있어도 못댄다는게.....근데 펠리는 내리막길에서 미션보호한답시고 시동꺼지고 브레이크 안듣고,1
145,연비랑 세금이 어마어마 할듯..,1
146,와우 화질 좋아요,1
147,포드 엑스페디션과 비교하면 어떤가요?,1
148,뭔가 익숙한 엔진음..ㅋㅋSUV에 쿼드팁은 낮설다,1
149,쉐보레차는 앉았을때 차가 몸을 감싸주는 느낌이 공통적으로 있어요.,1
150,타호 진짜 내달라 내달라 할 때 안내더니 ㅠ그리고 쉐보레는... 쉐보레 타는 사람이지만 가격대비 옵션이 너무 없어서 풀옵갖고왔어도 옵션 별로라고 할 사람 많을지도..?,1
151,12:19 김한용겁나멋져반해버리겠네 네비위에 써있는거 저만 본건가요??ㅋㅋㅋㅋ,6
152,트렁크 뒷문 창문만 열리는거랑 2열 더블폴딩 구형렉스턴이랑 뉴렉스턴도  됐었는데...,1
153,에스컬레이드 서민형 버젼. 신형 5세대 에스컬레이드 숏바디가 1.5억 좀 넘으니 차가격이 영상처럼 3천은 아니고 5~6천 정도 차이난다고 봐야죠.,1
154,하승진 :  음 날위한 중형 SUV가 드디어 나왔군,5
155,저걸 미국에서 타봤는데.. 저건 SUV라기 보다는 승합차라고 하는게 나을지도..,1
156,잘 봤습니다.궁금한 점이 있는데 혹시 타호는 캐딜락 센터에서AS가 가능한가요?캐딜락 센터가 에스컬레이드를 맡으니 타호도정비가 좀 유리하지 않나 생각이 드네요.,2
157,전동발판 고장 생각보다 많다고 계속 그러는데 정말 어때요 ??,1
158,대단히 감사합니다.ㅎ,1
159,영맨 : 이차는 소총이나 샷건 들고 타기 편해요!,1
160,저게 숏바디라니… ㄷㄷ,4
161,저 발판은 정말 호불호가 갈리는 옵션입니다.. 겨울에 얼어붙어서 내려오질 않거나 얼음을깨면서 뻑버벅 몆번내려오면 바로 고장입니다.. ㅡㅡ;; 고정형 발판을 더 선호하는데 그것도 겨울에 얼면은 그거 밟고 많이들 날라간다 하더군요.. ㅡㅡ;;,5
162,34:02 한용 아재...,1
163,차는 참 큰데  네비게이션은 참 아담하네요 솔직히 저 차 살 뽜야 캐딜락 에스컬레이드 살듯,2
164,gmc 씨에라 가져올거면 유콩 가지고 왔으면 어땠을까 하네요 9250이나 9850이나 거기서 거기 아닐까요?,1
165,펠리세이드가 귀여워 지는 마법●●●,1
166,살 능력은 없지만... 나같으면 캐딜락을 사겠다..,2
167,습관적 보닛 학대를 멈춰줄 차,1
168,"장소가 볼트 ev, euv  시승행사 장소랑 같네요~",1
169,타호 엔진을 투아렉 v8 4.0 디젤달아놓으면 훨씬 잘어울릴듯,1
170,에스컬레이드 보다는 작나요??손세차장 운영하고있다보니 크기가 너무궁금하네요ㅋㅋㅋ,1
171,캡틴아메리카 원터솔져에서 닉퓨리가 게틀링건 꺼내던데 옵션인가요?,1
172,주차공간만 있으면 최고의 패밀리카,5
173,팰리는 트래버스보다도 작은데ㅎㅎ,2
174,3열은 생각보다 그렇게 넉넉하지않아 보이네요 3열을 세우고도 트렁크 여유공간은 훨씬 확보 되는것 같은데 김한용기자님이 앉은 자세가 무릎도 많이 뜨고 팰리세이드와 비슷한 느낌이네요 ㅎ 덩치는 엄청난데 6.2리터 휘발유를 감당할 재간이 없겠네요 ㄷㄷ,6
175,멋지고 소유하고 싶지만 한국서는 부담되네요.유류비 특히 주차장에서 완전 민폐입니다.그냥 미국처럼 큰나라에서 타는 차...,1
176,번창하세요!!!!!,3
177,편집을 그렇게해서 그런걸까요?한용님 말씀 한마디 한마디가 성의없이 툭툭 뱉는 느낌이라 몰입도가 많이 떨이집니다ㅠㅠ,1
178,타호 타고 서울시내 주행하면 차로가 좁아서 쫄깃하겠네 ㅋㅋㅋㅋㅋㅋㅋㅋㅋㅋ,4
179,아 타호 사고 싶은데 저렴이 버전도 들여왔으면..,1
180,입만 벌리면 ㅋㅋㅋㅋ 저 짤이 참 잘 어울리네욬ㅋㅋ,1
181,카니발 오너들의 로망이긴 하지만 연비나 크기로 인한 주차문제를 재외하고서라도 막상 195mm 더 긴 전장에도 3열공간이 카니발보다 편하지 못하니 그냥 입맛만 다시며 그돈씨 애들 학원 더 좋은데 보내야지로 결론이 날듯 합니다.,1
182,엔진 cc만 작았으면 좋았을텐데 타호 사고 싶었는데 가격이랑 엔진 cc가 차이가 나서 익스페디션으로 구매했어요 에어서스인가요? 그것도 부럽네요익스페디션이랑 비교 부탁드립니다,3
183,간지작살이다...중후한데 상남자타호랑 캠핑가고싶다,1
184,타호 모든 트림이 나왔었다면.. 쩝... 디젤엔진 아니라서 아쉽네요 ㅎ...,1
185,기름값이 장난아니겠군,4
186,5천만원대면 사겠는데 9천만원이면 솔직히 내소득엔 무리데스,1
187,타호 계약했다가 실내 너무 열받아서 그냥 에스컬레이드 계약했습니다 중복투자안하려구요,1
188,미국 트렐러는 유럽 카라반과 다르게 브랙끼 시스템이 전기브랙끼 라서 그래요. 아마 차에 브랙끼 감도 조절하는 장치 있을건데 못보신듯... 유럽카라반은 관성브랙끼 인지라 차이점이 명확해요..,3
189,디젤에 6500~7000천대가잇엇음 구매하고싶엇는데 기다렷우나 포기햇습니다..ㅠㅠ,1
190,주차하기 힘든 차를 사면 스트레스 장난 아님,1
191,"@모카 셰보래 직원분이 26:46실수 하신거 같은데 ""피치 어씨스트 뷰""가 아니라 ""히치 어씨스트 뷰"" 아닌가요?뒤에 캐러밴 연결하는 부분을 히치 (car hitch)라고 하는데 잘못 아신거 같에요.",1
192,비싸지않게 나왓음.. 하위트림나왓으면 삿을거같아...ㅠ속상해,4
193,세금 진짜 어마무시하겠다.. 기름값도 그렇고 ㅋㅋ차 크기도 너무 크고.. 아무나 살 차는 아니구만너무커서 휴게소에서나 안봤으면 좋겠다..ㅋㅋㅋㅋ,1
194,전기 픽업이나 많이 나왔으면,2
195,일단 차값도 부담이지만 기름때문에 무서워서 차고 다니시 더 무섭네,1
196,주차지옥 ㅋㅋㅋ,1
197,차박할때 대박이겠다,1
198,한국은 뭐든 풀옵만 들어가나 보군요... 미국엔 3.0 디젤도 있고 5.3도 있는데....ㅎ 그런데 에스컬레이드 인테리어에 비해 유콘이나 타호보면 좀 싸구려 차 같아 보임ㅋ,1
199,후미 LED 아닌거 좋네요. 밤에 LED 달린거 따라가면 눈이 너무 피곤해요.,1
200,사고싶네요,1
201,돈 많으면 타고 다녀야지.,3
202,국내 주차하는데 힘들겠다 엄청 크구만,2
203,3.0터보 정도면 괜찮을거같은데,1
204,미국에서도 이젠 안팔리나 보다. 이런 물건을 한국에 출시하는 걸 보니,1
205,"난  김한용이 좋더라,,, ㅎㅎㅎ 화이팅",1
206,사고싶다...ㅜ,3
207,맨날 영화보면 FBI가 타고나와서 범죄자 때려잡는 차ㅋㅋㅋㅋㅋㅋ,1
208,Z71들여왔어야 했는데 .... 5.3,5
209,"영상 잘 봤으며, 카니발 펠리세이드 모하비와 비교를 많이 하던데, 그들과 비교를 하면 어떻습니까?",1
210,쉐보레 L은 진짜 벨로에용,2
211,저거 몰고 상가 지하주차장 가야한다고 생각하면 끔찍..,1
212,3.0 디젤 들여와라 옵션 좀 빼고 들여와라 말 많은데 어차피 대한민국에선 수요층이 극히 한정되어 있는 차임 트림별로 다 들여와도 판매량 별반 나아질거 없다 맨날 쉐보레빠들은 맨날 입만 털지 사주진 않으니까,1
213,고배기량에 시발유라..유지 감당안되것다차는 멋진뎅,1
214,카라반 자체에 브레이크 시스템이 있는것으로 알고있습니다,1
215,에휴~~전기차면 모르겠지만 누가 저금액에 끝물인 내연기관차를....험머 ev 출시날만 기다리고 있습니다 전!,1
216,타호 장점 크다 단점 크다,1
217,한국출시되나요..? 기다리고있는데..,2
218,셔먼탱크. 돈 남아두 패스.,1
219,스타렉스 4륜 로 하이 있어요 ㅋㅋ,1
220,이차 사는 사람 찐부자,1
221,펠리세이드 풀옵보다 4000만원이나 비싼데 펠리랑 비교하는 건 걍 쉐보레 돌려까는거냐 뭐냐ㅋㅋㅋㅋㅋ,2
222,"어...저만 그런가요??국내 정식 출시되니까 미국적인 느낌이 훨씬 줄어들었는데.....저만 그런거겠죠???그리고 방향지시등은 주황색 오렌지등으로 들어왔군요...한미FTA로 미국차는 빨간 방향지시등 그대로 들여올줄알았는데....무언가 미국적인 느낌이 많이 빠진 느낌이네요....그리고 트레이블레이저랑 또 똑같이 방향지시등 버튼이 왜 조수석쪽에 있을까요???운전자가 비상시 눌러야하는데 왜 운전석쪽으로 안하고 조수석쪽에다가 하였는지....음,,,비슷한 가격이면 차라리 조금 자금을 보태서 역수입으로 서버밴을 사겠어요...뭐 그런날이 올지는 모르겠지만....",1
223,6000cc   ,1
224,국토는 좁고 석유 한 방울 나지않는 나라에서 점 점 큰 차를 선호하는 것이 과욕이요. 민폐다. 저런 차가 주차하려면 두 대 공간차지한다.정신 좀 차립시다.대형차에 대한  유류세를 더 올리던지.,2
225,우리실정에 안 맞는차. 너무 커.,2
226,9800짜리 gle300d인데 일반 크루즈(어답×)에 엉차도 없어요.,2
227,아따 마 튼튼하게 생깄네...,1
228,인간적으로 지하주차장은 들어오지 말자...,2
229,멋져  타호타야 큰차 탄다고 명함 내밀지!!어중간한차타고  대형 suv탄다고하지말자 ㅋ,2
230,쉐보레와 쌍용차는 참.. 고소당할까봐 말을 아낀다,1
231,실연비는 6킬로는 넘나요? 못 넘을거 같은데요,1
232,옵션 좀 낮추고 가격이 좀 낮았으면 시장성 있었을텐데... 저거 살바에야 포드 익스플로러 사겠다는 생각이 자꾸든다,1
233,진짜 팰리세이드가 아담하네 ㅋ,1
234,에스컬레이드랑 오천만원 이상 차이가 나는데 수정해 주세요,4
235,솔직히 너무비싸네요..,1
236,트림이 너무커서 실용적이거나 환경적이지 못해서 아쉽,1
237,펠리세이드가아니라 카니발하고 비교해야되는거아닌가?크기도 디자인도,1
238,고유가시대 .....6.2L,2
239,찻값이 있는데 아무리 반도체라 해도 감지기 빠지는 건 심했다... 뉴스 보니 열선 통풍시트 및 열선 핸들도 제외할 생각이라던데...,2
240,키190인 내가 타야 할 차가 여기잇엇네,1
241,겁나 단단해보이네,1
242,권총 꽂아 놓기 좋네요 ㅎㅎ,1
243,타아아아아아아아아아아아아아아아아아아아아아아아아호호호호호호호호호호호호호호호호호호 ㅎㅎ,1
244,주차할 때나 골목 운전할 때 똥꼬에 힘 들어가겠다,2
245,아무리 큰차가 좋다지만 과해...,1
246,왜 항상 단점은 없고 장점만 있죠?,1
247,너무 투박하고 비싸고...,1
248,와~ 팰리 이쁘다 ㅋㅋㅋㅋㅋ,2
249,쥑인다,1
250,에디슨 홍보자리는 만드시더니 쌍용인수불발처럼 큰이슈는 콘텐츠를 안만드시네요 영향력 큰분이 왜 그러실까요,2
251,이건 그냥 렌트해서 한번씩 쓰는차인데,1
252,한용이형X지아이들 역시!,1
253,집 크기(대한민국)는 그대로인데 집기(차) 사이즈는 점점 커짐.. 저정도 사이즈 차량이 이나라에 맞는건가? 그리고 저 사이즈 차량이 굳이 필요한가?,1
254,큰 차던 작은 차던 차는 쉐보레보단 흉기가 잘만들죠 ㅋ,1
255,근데 실내좀 ㅠㅠ 쉐보레야 진짜... ㅠㅠ,2
256,1억짜리 이동식 텐트???,2
257,00:40 씹 ㅋㅋㅋ 안보인다길래 경차인줄 알았더니 펠리 ㅋㅋㅋㅋ,2
258,야씨... 버스 아니야? ㅋㅋㅋㅋㅋㅋㅋㅋㅋㅋㅋㅋㅋㅋ,1
259,깡통 데리고 왔음 바로 샀는데..,1
260,8인승은 없나봐요,1
261,우리나라 주차장에서는 못탈듯 ㅋㅋㅋㅋㅋ,1
262,1억짜리 쉐보레....?,1
263,요즘 시기에 이런차 타는 분들은 돈이 많거나 아니면 ???,1
264,저덩치로 휘발류차는 절대 못살것 같고 연비나 유류비 때문에... 경유는 탈만하겠네... 근데 주차할때  지옥같겠다 ㅠㅠ,1
265,에스컬레이드 만큼이나 잘생김,4
266,현기빠가 웬일로 쉐보레를?….,1
267,아파트 주차장 주차 가능 한가요 ?,1
268,포드익스페디션이훨좋아보여요,1
269,카달로그도 나왔나요?,1
270,15:55 10:08,2
271,미국이면 이해하겠는데 그 좁은 땅떵어리에서 저런거 타도 복잡한 도로에 민폐만 끼치지 ㅉ..,1
272,범퍼사이 빈공간이 현기차 만할까요..,1
273,오 가변댐버 지식 얻고 가네요근데 그래서 어떻해 작동되는거라고요??,1
274,막 발으면 도심 2-3나올 수 있음.  좀 많이 타면 하루에 10만원 가까이 나오는데...  사는 사람중에 모르고 샀다가 맘고생 좀 할거다... ,1
275,쌍용은 저런거 못만들어요? ㅋ,2
276,그런데 저게 숏바디라는거~~~롱바디가 서버번,1
277,기름값을 어떻게 감당할라나?,1
278,익스페디로 가야하나…,1
279,에스컬레이트 크기네요,1
280,크고 아름다워요,4
281,개쩐다...,1
282,너무크고. 연비너무안좋고 ㅠㅠ 가격대비유지비가너무많이들겠네요. 차라리 엄청비싼차라면 그차를살소비자들은 감당되겠지만 이가격대생각하고구입하실분들한테는또..애매해지겠네요. 차는 좋은차인데 아쉽습니다. 정말큰차가꼭필요한사람오프로드자주가는사람 에게는 좋은차겠네요.,1
283,미등이 LED가 좀 아니면 어때..요즘 무조건 넣어줘야 하는건 아닌데..모카 김한용은  하여튼 LED 좋아해....별루인데...벌브면 어때...어떤차든 벌브면 어때...하여튼 쓸때없는거에 신경써... 이차를 홍보해준다고?....연비는...휘발유가 2000원이 넘는데...과연...어휴..나는 못산다...돈이 있어도 이건...못산다..,1
284,앞이높은거아녜요?,1
285,Big one!!,1
286,전기차....,2
287,감성~아니죠 기냥쌈마이~,1
288,타호 흰색 이쁘네그리고 진짜 크네,1
289,V8! V8! V8!,2
290,닉퓨리가 탓던차인데 방탄옵션도잇으려나 ㅋㅋ,1
291,또 우와 다 싸다구 날리겠다 하면서 비싸다고 안사겠지 뭐 종특,1
292,좋긴한데;;;  너무커 ㅋㅋㅋㅋㅋㅋㅋㅋㅋㅋㅋㅋㅋㅋㅋㅋ   역시 적당히 큰 펠리가  짱인듯 ㅋㅋㅋㅋ,1
293,연비가.. ㅋㅋ,1
294,타호.3.0디젤. 타고싶다 들여와라,1
295,초 고유가 시대 하..합격…,4
296,미국 FBI 요원 전용차 ㅋㅋ,1
297,좋은영상 항상 감사합니다. 다만 금번 영상에서 카라반 견인을 직접 하셨는데 소형 견인 또는 대형 견인 면허가 있으신 가요? 600kg 이상의 피 견인차를 견인할 때에는 면허가 있어야 합니다. 도로 주행까지 직접 하셔서 문제가 될 소지가 보입니다.,1
298,이거타고 이마트 갈수 있으려나,1
299,러시아 저러는거 보면  내연 차는 없어져야한다,1
300,김한용씨 내년 초엔 결혼 혹테키 맞티테닛,1
301,14:34 계..란형 ...??? ㅋㅋㅋ,1
302,전구 실화?,1
303,9천만원?ㅋㅋ 미친,3
304,타호 구매하실분들은 제 채널 오셔서 주차장 들어가는거 보시면 됩니다.,1
305,gls 중고가격이네요,1
306,진짜크다ㅎㅎ,1
307,아무리 봐도 차 가격에 비해 인테리어가 너무 형편없어 보임 ㅠㅜ,5
308,대한민국 현실정에 맞나?주차장에서 두자리 차지하고 남에게 피해주려고?,1
309,좋은 컨텐츠 역시나 최고....근데  광림과 쌍방울 어딜 빨아주실껀가요? 아마도 광고비 많이 주는데로해야겠지,2
310,가솔린 이죠?,1
311,서버번 가져와~~~~~~~~~~~,1
312,미국에서는편하지만한국에서타기에는불편함감수하고타야함주차하기도불편하고값이1억넘던데1억넘게주고불편감수하면서타야되나,1
313,아침한번 저녁한번 기름넣을 자신있는분만 보세요.,1
314,우와 진짜크다... 나도 크긴하지,1
315,멋지긴하다 연예인들 많이 탈듯,1
316,9:26 오타 여우->여유,2
317,웅장한 실외에 비해 빈약한 실내.. 너무 원가절감을 한듯,1
318,콜로라도에 뚜껑덮은건가,1
319,gle도 주차가 버거운데 이런치는 어디다가 세운담,1
320,굿,2
321,와  주차민폐차네;;,2
322,모트라인에서는 못볼차네,1
323,오호~ 차박하기 넘나 좋은....의전 차박으로 인기 좋을듯 합니다 ^^,1
324,아파트 주차민폐,1
325,페리 모델이죠?,1
326,실내 디자인은 진짜 별루네  구시대적인 디자인,1
327,엇..제차 못생겼다고...맞아요..^^;;,1
328,에디슨 모터스의 인수 관련하여 모카의 입장을 밝히시기 바랍니다. 경영자 강모씨 인터뷰 까지 하셨잖아요?!,4
329,에스컬레이드가1.5억아닌가요?할인이2천되서1.3이면타호계약취소하고에스컬알아볼께요!!!,2
330,어차피 못사는 아가리파이터들 의견따위 ㅋㅋ,2
331,V8 v8,1
332,이분은 phev충전에대한 정정 동영상은 안올림?잘못된 정보를 사실인양 말했으면 정정을해야지 왜 쌩까는거임?,1
333,아니 친환경차량 안 내고 타호를 가져온다고......? 제정신인가,3
334,주차가.....,1
335,에스컬레이드동생,1
336,연비고 6.2 v8이고 나발이고ㅋㅋㅋ 9250만원짜리차가 실내 ㅅㅂ 욕밖에 안나온다ㅋㅋ 카니발하이리무진 풀옵이 몇천만원 싼데ㅋㅋㅋ  누가 저걸타냐고ㅋㅋㅋㅋ 실내 무슨 20년전 스타렉스급,2
337,에디슨얘기는?,1
338,연예인 행사차량~,2
339,이런 상남자의 차가!!!배기구에서 밤꽃향이 뿜어져 나올거 같아.,1
340,세금 어쩔?,1
341,포드 익스페디션보다 비싸고 늦은 출시여서... 차라리 2천 덜 주고 익스페디션을 가거나 3천 더주고 에스컬레이드 가는게 더 좋을 것 같네요..,2
342,디젤이 들어 왔어야해 더 저렴하게. 이트림으로는 망했어.,2
343,재고떠리네,1
344,비도 오는데 뻐스는 안오노.,1
345,기름먹는 하마,1
346,렉스턴보다 더 크면서 견인력은 딱히..,1
347,못생긴차 ㅋㅋㅋㄱㅋㅋ,1
348,X7팔고 타호사고싶다,1
349,쉐보레 돈좀 더 쓰자.. 차는 잘 만들어놓고 한용님 텐션이 현기차랑 너무 비교되잖아,2
350,차는 멋찌네요우리 아파트에는 이차가 없었으면 좋겠네.. 옆차는 무슨죄..,1
351,펠리세이드타는게 나을거 같애요,2
352,ev,3
353,정숙한 거 맞아요?. 밖의 소음 많이 들리네요.,1
354,기름값 어쩔... 항상 타이밍이 안좋은듯..,1
355,에디슨,2
356,출시하자마자 망작.2천대 팔고 집어 치워라,2
357,암만봐도 저돈주고 살차는 아님,1
358,이와중에도. 현기차를 더잘빨아주네요,1
359,2,1
360,3,1
361,4,1
362,엔진만 터보 다운사이징 나왔음 에비에이터 안사고 저거 샀을텐데 기다리다 소식듣고 바로 에비에이터 뽑음,1
363,1,1
364,캐딜락도 아니고 쉐보레 6000cc를 누가사냐ㅋㅋㅋㅋㅋㅋㅋㅋㅋㅋㅋㅋㅋㅋㅋㅋㅋㅋㅋㅋ,1
365,그냥 줘도 기름값 감당 못해서 못타것다 ㅋㅋ 특히 요즘 같이 고유가 시대에,1
366,타호 단점1.반자율안됨 2022년인데....2.바디온프레임이라서 버스나 트럭의 승차감을 보여줌절대 승차감 좋지 않음.(와이프가 싫어함)3.자연흡기 6.2리터라 슈퍼카급 연비를 보여줌(x7m50i를 타고 있는데 얘보더 연비가 더 안좋음)4.여전히 실내인테리어가 싸구려를 너무많이써서 내가 이차를 1억가까이주고 왜샀나 싶음. 에스컬레이드도 거의 똑같은 수준.5.주차를 조금만 잘못하면 바로 쌍욕박힘.장점1.6.2리터 자연흡기의 개쩌는 감성2.차가 진짜 미친듯이커서 동승자들이 쾌적하게 탈 수 있음.3.그와중에 트렁크실용성까지 끝내줌..(x7은 그냥 트렁크가 없는 수준),5
367,"공간감은 좋은데 솔직히 고급감이라는 찾아볼 수가 없네요.. 요즘 나오는 그랜저보다도 고급성이 떨어지네요 가격이 얼만데 ,,ㅋㅋㅋ 개웃기누",3
368,차값이 비싸군 배기량도 세금...그돈씨가 정말 생각나는 차크기 가격 출시시기 쉐보레는 정말 차를 못판다고 해야하나 ㅎ,2
369,쉐보레는 장사 할 마음이 있는지 의심스러움.지금 내연기관도 다운사이징 하는 시대이고 전기차로 가는 전환기인데 하이브리드도 아니고 6천 CC나 되는걸 과연 얼마나 팔릴까 싶네요. 트레버스도 별로 안 팔린것 같던데.,1
370,거의 1억인데 그정도의 차를 사는 사람이면 에ㅅ커레이드 사지.그리고 에스커레이드 활인 많이해주는데,1
371,좋은것만 이야기하고 문제점은 없는가요주변차에 피해가 간다는 사실을 알아야죠 주차부터해서 좁은도로 지나갈때 등여러가 문제가 있습니다이제 규제를 해야하는  시기인듯하네요,1
372,펠리세이드에 가격이 두배인데 비교자체하는게 웃긴거 아닌가?,2
373,우리가 똑똑해지는게아니라....미국이갈수록 무능해지고 멍청해지는것 같아 아쉽다....꼭 덩치큰 유도하는 바보형같애....,2
