,comments,likes
0, 현대 쏠라티와 마스터 투표 참여하기 (링크를 클릭하세요)http://www.autoview.co.kr/poll/poll_iframe.asp?op_idx=41,29
1,영상 잘 봤습니다. 이전과는 다른 새로운 컨셉의 영상이네요! 로드테스트의 라이벌 영상들도 재밌게 봤었는데 이런 컨셉도 괜찮은 것 같아요 ㅎㅎ,8
2,ㅋㅋㅋ 이런식 리뷰 정말 좋습니다 역시 오토뷰!!!!     요즘 리뷰추세가 .. 엔진출력이 어떻게 되고 어떻게 되더라 옵션이 뭐가 달렸고 등등 화려한것 등등 컨셉과 안맞는 리뷰가 많은데  오토뷰는 그것비해 현실적인 리뷰가 조금 이나마  가미되어 역시나 오토뷰!!! 소리가 절로 나오네요 다음편도 기대됩니다 개인적으로 스프리터 / 솔라티 / 마스터 고르라면 마스터 고르고 3000천발라 실내를 완전 풀 개조해서 타고 다니겠네요 그래도 훨~! 쌉니다,7
3,올 최근에 12.x였는데 13만 넘으셨네요 축하드립니다.. 오토뷰의 명성에 비하면 구독자수가 적지만 꾸준히 상승하는 모습 너무 보기좋습니다,2
4,기태형님 이런시도 아주좋습니다 흥해라 오토뷰!!,21
5,이런 컨텐츠 참 좋네요. 요새 몇몇 리뷰들 빼고는 조회수 잘 나올것 같은 차 위주로 리뷰하는게 대부분인데.,3
6,마스터버스 출고해서 1~2천 사이 들여서 튜닝하는게 더 낫지 않을까 싶네요.,17
7,재미있게 잘 봤습니다. 역시 믿고보는 오토뷰!,2
8,요즘 진지함을 조금씩 내려 놓으시는것 같습니다. 기존의 틀에 재미가 추가 되니 컨텐츠가 풍성하게 다가오네요. 트랜디한 새로운 포맷도 환영입니다... 앞으로도 화이팅 하세요~,31
9,진짜 솔라티 가격은 염치가없음.,147
10,매번 시트에 앉아게신 모습만 보다가 서있는 모습보니 색다르네요 ㅎㅎ,34
11,"개인적으로 현대가 쏠라티 개발할 때 마스터처럼 숏카고, 롱카고, 로우탑, 하이탑 등 다양한 파생 모델로 개발해서 화물밴부터 지금 소개된 프리미엄밴까지 수가지의 라인업을 구축했으면 좋겠다 생각했는데 우리나라엔 아직까지도 하이탑 롱바디 단일 모델에 다인 탑승 밴에만 초점이 맞춰져 있는 거 같아 안타깝습니다.",10
12,항상 느끼지만 김기태 기자님 정말 목소리에서 주는 신뢰감과 평온함은 국내 탑인거 같습니다,1
13,감사합니다!오토뷰 투어라닠ㅋㅋㅋ비오는데 고생하셨습니다. 재치 굳잠시후 느껴봅니다!,10
14,이런 기획 너무 좋은데요 ㅋㅋㅋ,26
15,내가 오토뷰 10년정도 봐왔는데 ...... 1:01 기태형 서있는 모습 처음보는거 같다.  맨날 차속에서 앉아 있는 모습만 본거 같은데 와웅 !!,9
16,역시 믿고 보는 오토뷰!!!!!,6
17,이런 토크형 리뷰도 꿀잼입니다 ㅎㅎ,1
18,ㅎㅎ 흥미로운 비교영상이네요 선댓글 후감상 합니다.,9
19,이런 컨텐츠도 상당히 재밌네요,4
20,"기획 너무 좋아요, 전달력만 조금만더 좋았으면 합니다.",1
21,김선웅 기자님  너무 설득력  있는  말투와 목소리정말 좋네요,3
22,오토조인스때부터 애청자인데 이런시도 너무좋네요 화이팅입니다 번창하세요,4
23,정말 재밌게 잘보았습니다. 20분 정도로 늘려주세요 ㅋ,1
24,김기대 피디님 상의만 항상 보았는데 ㅋㅋㅋ 하의 보니깐 조금 웃기네요 ㅋㅋㅋㅋㅋ,9
25,의자도 고급스럽고 비싸게 보이는 거 많은 거 같네요.뒤에꺼 다빼고 밴으로 만들면 한 2천은 다운시킬 수 있을거같은데요.한 4천에 밴으로 만들면 성공하겠네요...역시 현대~ 모터홈으로 만들기 딱 좋고누이좋고 매부좋고 현대는 쏠라티 밴으로 대박날 듯....ㅇㅈ?,1
26,이번 기획 정말 좋습니다.다음에도 비교 부탁드립니다.트래버스 VS  모하비,11
27,6천 중반까지는 타차 비교안하고 국내 차시세로볼때 약간 비싼감이 있지만 맞다고봅니다. 자동도 나왔군요,2
28,확근한리뷰 좋아요~^^,2
29,요즘 자꾸 김선웅 기자님 개그코드로 넣는데 ㅋㅋㅋ 사이가 좋아보여 보기 좋네요 ㅋㅋ,3
30,역시 오토뷰네요~~ 최고 최고,3
31,와우 새로운 형식 오프닝 너무 멋집니다. 김기태피디님 멋지시네요. :),1
32,기태 행님 생각보다 키도크시고 멋지세요.  늘 운전하는 모습만 보다가  ㅋㅋ,1
33,05:08 역시..디테일한 기태형저도 스티어링 휠 보고 “그랜저hg랑 비슷하네 그때 시절 자동차 같네 거진 10년이 다되가는 현대의 이전 인테리어?” 라고만 생각했는데 기태형은  “하지만 계기판은 신형~!(그랜저ig)”하는거 보니 확실히 그는 다르구나 싶었습니다 ..,3
34,쏠라티 저 가격에 일반 크루즈 컨트롤이라니...ㄷㄷ,1
35,다양한 컨텐츠 좋네요 오토뷰 흥해라,1
36,모 리뷰어들은 이 차들 가지고도 와인딩이니 어쩌니 할텐데 오토뷰는 딱 필요층이 필요한정보 줘서 좋음 ㅋㅋㅋ,4
37,진짜 중앙고속 기사님인줄..ㅋ,10
38,언능 2부를. 현기증 난단 말이에요!! 같은 값이면 안전이 옵션이 아닌 벤츠를. 가성비를 놓고 본다면 르노 마스터를 살 것 같네요.,1
39,이렇게 빠른 잠시후 함께 느껴보시겠습니다. 처음이네요,2
40,개인적으로 저라면 쏠라티 사서 육년 아끼면서 타느니 마스터 삼년 막타다 팔고 한대 더 살거같아요.근데 도로에서 자주 보는데 타이어가 많이 빈약해 보입니다. 안전성에 문제는 없는건가요?,1
41,사실 예전 길쭉한 봉고 그게 갑이죠. 학원하시는 분들한테 물어보면 길쭉한 봉고 그게 가장 좋다고 하더라구요.,1
42,이렇게 영상을 자주 올려주시다니...눙물,1
43,믿고보는 오토뷰!,11
44,"개인적으로 마스터도 마음에 안들어요. 가성비 모델이긴하나, 20년가까이 운행하고있는 그레이스, 이스타나, 봉고 등의 수요를 모두 흡수하지는 못하거든요. 기아에서 쏠라티 기반으로 전륜구동 승합차를 출시했으면 좋겠어요. 이스타나 사이즈로요.",1
45,진짜 궁금했습니다 재미있게 볼게요,1
46,오토뷰 진행이 늘 보수적이었는데 엄청난 변화네요 ㅎㅎ,3
47,2부는 언제 올라오나요?,1
48,진짜 이건 현대 브랜드로 나온게  오판 같네요,7
49,그리고 승객입장으로 두차중 뭐탈래하면 당연히 ...그게 값어치인것이죠다만 함정은 가격으로보면 다른게 계속 언급되지만요 ㅋㅋ,1
50,앗 2부가 따로 있네요 아~궁금타 ㅜ ㅜ,1
51,잼나겠네요~  잼나게 볼께요~,2
52,2:00 비만 안 왔어도 평상시 버전으로 할 수 있었는데 짧아서 아쉬움 ㅋ,3
53,9700만원짜리 차가 안전벨트가 저렇게 돼있다는게...,1
54,"현대 쏠라티는 연예인같은 특수직업군이 장거리운행,차안에서 탈의,화장대,샤워시설,화장실 ,간이침대같은 용도로 딱인 차임.....",3
55,음악 영상미 내용 어느하나 빠짐없는 오토뷰!,9
56,"이것도 4k로 해주시징 ㅜ 오토뷰가 다른 차리뷰어랑 차이점이 전문성도 있지만, 영상을 4k 고화질로 해줘서 더 자주보는 편이거든요..",1
57,당연히 마스터 아닙니까!!!! 오토만 넣어주면 판매가 더 잘 될텐데.... 포터처럼 트럭형식으로도 좀 만들어 팔지....,10
58,르노 마스터 저럼해 보이긴 한데 정비편의성이나 부품값은 어떨지 궁금하네요 승용차에서 르삼차들 보면 ㄷㄷㄷ,1
59,현대에 유니버스 노블 우등형도 요즘은 3점식으로 나오는데 쏠라티가 2점식 테이핑 밸트라니 저건 좀...;,4
60,"둘다 낮은 등급 이래도, 솔라티는 15인승부터 마스터는 13인승 다르다고 봅니다.솔라티 15인승 이면 혼자 버스전용 달릴수 있습니다.그러면 마스터 도 15인승 4600부터 인데제목이 너무 자극적 이네요마스터를 차라리 스타렉스 랑 비교하시는게...",2
61,이런 신박한 영상 좋아요!~~ b,2
62,카메라 감독님 짱,9
63,마스터가 자동미션만 있으면 마스터를 사서 4000정도 들이면 쏠라티9000만원보다 훨씬 좋겠어요.,1
64,디자인이나 머 그런건 솔라티가 좋아 보이지만 저보고 사라고 하면 르노마스터로 기울 것 같긴 하네요. 다만 저정도 크기의 차량이 필요 없어서 구매 대상은 아니지만요^^,1
65,유치원버스와 같이 승객운송이 주 목적이라면 경제성을 이길순없죠 르노마스터가 답이네요,10
66,뉴스에 나온 쏠라티 핸들결함 현대 대응 보면 기가찬다.,1
67,업무용이나 개조용으론 말할 필요기없이 르노 마스터지요. 유럽 시장을 석권했을때는 이유가 있는거지요.현대.....내국인을 봉으로 알고서 뽕을 뽑으려는 그 구태의연한 마인드를 이젠 버릴때가 넘지않았나요?,2
68,꼭 깔만한 부분만 있는건 아닌거 같아요라고 얘기하는건 리뷰를 보는 시청자 입장에서 아무 도움도 안되는 말인거 같다고 생각하지는 않으신가요 이동현 팀장님 어떤 부분은 좋고 어떤 부분이 안좋은지 확실히 얘기해 주는게 필요하다고 생각합니다,1
69,솔라티 최근에 무슨 이슈 있었떤것 같은데요 소비자중 한분이 엄청 힘들어 하시는걸로 기억나네요,1
70,"선댓글, 선좋아요 후감상!!  오토뷰 리뷰!!",3
71,교회차 쏠라티 타봤는데 쾌적하고 좋던데  가격이 마스터에 비해서 많이 비싸네요,4
72,김기태 기자님 젊어지신거 같아요~,1
73,"운수업체는 비싸더라도 정비편의성을 이유로 쏠라티 위주로 도입하는지라 개인사업자, 학원/관광버스쪽으로 영업을 할 필요도 있어 보입니다.",6
74,2점식 안전벨트라고해서 놀람 ...,5
75,재밌어요 ㅋㅋ다음편 언제 올라오나요 기다리다가 지구 멸망하면 어떡하죠,1
76,음.. 주제에 벗어나는 말이지만.. 오토뷰 티셔츠 넘 갖고싶어요 산뜻하다,14
77,얼렁 2부 보구 시퍼요~♡,1
78,3점식 안전벨트가 좋긴한데 단점이라면 우등고속이나 공항리무진으로 쓰는 대형 버스에 3점식 적용된 승객석 시트 보면 안전벨트가 감겨들어가면서 꼬이거나 다시 들어가지 않는 문제가 있긴 합니다.,2
79,9천이면 조금 더 주고 벤츠가...,28
80,마스터 버스 13인승 2대 = 쏠라티 풀옵션 한대,1
81,색다른 느낌  이런 자주 해주셨으면 ㅋㅋ,2
82,2:00 비가와도 거르지않는 끊어 가기...ㅋㅋㅋ,1
83,김기태 기자님 ㅎㅎ 바지가 보고 있는 내내 계속 웃겨요. 혹시 ..집에서 츄리닝 그냥 입고 나오신거 아니시죠?.,3
84,기태형 일어날수 없는분인줄 알았다...,1
85,김피디님 이런식으로하는것도 참 재밌네요 요즘은 많이 화법이 좋아지셨지만 그래도 딱딱 소비자가 알게끔 가격 한번 얘기해주고 편의장비 얘기해주는 센스... 근데 비싸기는 더럽게 비싸네요 보통 승용차는 옵션이 들어가면 그 옵션값이 애프터마켓에서 하면 순정처럼 완벽하지 못하고 가격도 따로따로하는게 더 비싸기 때문에 옵션을 넣고 타는데 이 차는 옵션을 넣을꺼면 차라리 용도에 맞게 캠핑이면 캠핑 비지니스면 비지니스 다승차면 다승차에 맞게 깡통사서 튜닝하는쪽이 오히려 더 저렴하지 않을까 싶어요.. 천만원만 튜닝비용써도 뭘껄 다 하는데 3천만원 옵션치고는 너무 비싸네요 옵션도 그렇다고 뭐 커튼달아주고 시트좋은것 달아주고 냉장고 달아주고 모니터 큰것 달아주고 차선이탈 전방추돌은 애프터로 달수없지만 앞사항들은 애프터로 달면 3천만원에 3분에1로 작업할수있을것 같네요,1
86,마스터 오토 나오면 상황정리임,2
87,9천 만원대 내장재와 3천만원대 비교 자체가 문제가 있네요. 차라리 15인승 마스터로 하시지.,1
88,돈이 없으니 벤츠도 현대도 아닌 르노. 마스터,1
89,마스터 오토 출시인지 궁금~,1
90,현대가 더 좋아보이긴 한데..... 가격이 넘사벽이다. 만약 산다면 르노 마스터를 사고 싶다. 근데 솔직히 저 두 차종을 타본적이 없어서... 개인적으로 놀러가는건 쏠라티를 타고 가고 싶지만 내가 산다면 르노 마스터 ㅋㅋㅋㅋ,4
91,나중에 여유가 된다면 이런거 사서 부모님 모시고 다니고 싶네요.,4
92,솔라티 핸들 돌릴때 소음 해결됐나요?,2
93,오프닝 노래 : Bamtone - Something new   선곡이 참 좋네요,1
94,상식적으로  재료값으로  따져도  쏠라티는  2천만원 이상  현대에서  바가지 차량,1
95,자동차 관심많은 구독자입니다. 이런저런 자동차 리뷰를 즐겨보지만 오토뷰는 유튜브 수준을 넘는다고 봅니다. 항상 수준높고 퀄리티 좋은 영상 올려주셔서 감사합니다.,6
96,쏠라티 원가는 얼마쯤 할까요?제생각엔 잘해야 3천정도 보는데...,2
97,미치지 않고서야 스프린터로 ㅎㅎ,5
98,"아쉬운 점 하나 말해본다면 장시간 한편으로 차 하나의 리뷰 조지는 것보다 1,2부 형식으로 나누고 시간 줄이는 게 가독성에 상당한 도움이 됨",1
99,티셔츠 가지고  싶습니다.,13
100,현대 쏠라티 완승,1
101,작고 고급스런 버스가 필요하다면쏠라티 사고 좀 큰 스타렉스가 필요하면르노 마스터.,4
102,9천만원...ㅎㄷㄷ,1
103,쏠라티 한표.. 가성비로는 마스터는 괜찮지만 디자인이..,1
104,아 쏠러티 휠 엄청 예쁘다,2
105,ㅋㅋㅋㅋ 이 분들 재밌네.ㅋㅋㅋ,1
106,이동현기자의 전문성에 의구심이ㅎ,1
107,수동만 아니면 잘팔릴텐데,1
108,가격으로만 스프린트 따라잡은차 ㅎㅎㅎ,1
109,우오 가격이 저정도로 차이가 난단 말인가??,1
110,오토뷰 화이팅,1
111,마스터 버스는 진짜 학원용버스같음 딱! 아무것도 없고 3점식 벨트 해놨으니깐...?!ㅋㄱㅋㅋ,3
112,근데 구성부터가 쏠라티가 훨 좋으니 저 급은 애초에 비교불가지... 할거면 쏠라티도 하급으로 리뷰해야 비교할 수 있지요,2
113,기태형 하체가 나오는 하체리뷰!,1
114,오 색다르네 ㅋㅋ 여러분이 이렇게 나오시니,3
115,현대자동차 우리국민상대로 얼마나사기를친건지,2
116,솔라티 너무비싸 적정가격은 2800정도 인데 스타렉스 가1950부터니까.,1
117,스티어링 휠은 싼타페dm 느낌이나네요,1
118,중앙고속ㅋㅋㅋ 있을 법한 네임ㅋㅋㅋ,1
119,흥해라 오토뷰 ㅋㅋ,4
120,오토뷰파이팅,2
121,쏠라티는 1억이 가까운차에 2점식 안전벨트는 너무하네,21
122,ㅋㅋㅋ 가격으로 스프린터를 따라잡은 차 ㅋㅋ,1
123,르노 요즘 왜케 가격착하게내놓는느낌?,1
124,오토뷰 투어 ㅎㅎㅎㅎㅎㅎ♡,3
125,"스티어링휠은 싼타페DM이랑 동일합니다. HG,YF 아니고",2
126,모양도 마스터가 더이쁨 쏠라티 뒤에들려있고 앞에 뚝짤려있고 구림,1
127,ㅋㅋㅋ버스구경하러 왔습니다,4
128,르노 마스터는 국내조립인가요?아닌 수입인가요?,1
129,예능이다,2
130,제목은 6천만원대 쏠라티인데 프리미엄을 타고 리뷰한 것이면 9천만원 아니가요?,1
131,중앙일보? 기자님 운전은 양손이저...,1
132,현다이.쏠라티같은게 9천만원데 ㅋㅋㅋㅋ  벤츠 스프린터 사는게 천억배 옳은일이지,1
133,마스터가 들어온다는 이야기가 아예 없엇을때 나온 솔라티라 독점 시장으로 생각하고 나온 가격이지뭐. ㅎㅎㅎ 6천 ㅋㅋㅋㅋ 창렬 ㅋㅋㅋ 뭔 가격이 ㅎㅎㅎ 마스터 사서 개조하는게 갑이겠네,5
134,가성비는 르노마스터지,1
135,줄무늬 바지 시선강탈~,1
136,안전을 버린 현다이..  뒷좌석도 3점식을 해야지. 9천이나 받아먹으면서 2점식이냐..,55
137,스티어링은 아반떼 아닌가? Yf는 저렇게 안생겼음.,3
138,아무리 생각해도 르노 마스터 산다음에리무진 독립시트로 구변해도 한 2천은 아낄듯.쏠라티 스타렉스 엔진으로 뭐하냐너?,45
139,핸들은  싼타페dm 같네요,1
140,ㅋㅋㅋㅋ말도안되는 가격,1
141,9천만원 시트하고 6천만원 시트가 같을까?,1
142,아재 배 보소..ㄷㄷㄷㄷㄷㄷㄷㄷ,1
143,1부는 전범기업 미쓰비시 2중대 흉다이 쒈라티2부를 기다려봅니다.,2
144,쏠라티가  하루에  3대던가??,1
145,벤츠가 답이다,1
146,결론은 르노마스터,3
147,캠핑카는  코치맨이지,1
148,만키로  타고  뒷자리  오만 잡소리  경험해보세요,1
149,왜 김선웅기자님이 182인지 오프닝에서 알게됐습니다.,1
150,"아니 미니밴이나 승합,소형 화물 수요가 이렇게 많은데 GM,르노는 뭐하는건지 욕만먹는 크루즈,QM 집어치우고 승합이나 찍어내라",1
151,교회 장로들의 차!잘 보겠습니다^^,6
152,깡통하고 풀옵하고 비교라니 실망,2
153,현대가 쏠라티가 아니라 제네시스로 가서 벤을 만들고 9000이면 이해라도 하겟다 ㅋㅋㅋㅋㅋㅋ,1
154,쏠라티 오토기어만 아니면 메리트 1도 없네.,1
155,처음에 나오는 노래 제목 알 수 잇을까요...,2
156,광고끝까지 봅시다ps. 내일 복귀합니다 하하하하,6
157,신선함,1
158,생각이 있으면 솔라티 안사겠지.,2
159,근 일억짜리 차타서는 자꾸 육천만원 이면 괜찮다고 하네.,5
160,제네시스 쏠라티ㅋㅋ,1
161,우주소녀가 탔던 차네 ㅋㅋ쏠라티,2
162,아!또!비! ㅋㅋㅋㅋ,2
163,노란색 자막 좋네요,9
164,미래에서 왔아요  해마다 가격이 계속올라요,1
165,쏠라티문제 개많대여 일단 믿거문제있는데도 개선 안하고 내놓는 이유가뭘까 ?게다가 저가격에 누가살까생각이든다7천이면 캠핑카도 사는데....,14
166,썸네일에 마을버스로봤네..,1
167,투표했습니다 ㅋ,5
168,터키넘인건비+현기노조인건비=6천만원 현대 쏠라티.........프랑스르노인건비+한국르노검수비=3천만원 르노 마스터 버스....터키넘이랑 현기노조넘이랑은 본래 도둑넘들인가???.......ㅋㅋㅋ....,1
169,현대 변호인이신가 ㅋㅋㅋㅋㅋㅋㅋㅋ,1
170,배가 흘러 버리네.,1
171,실네에서 바람소리가..,1
172,김기태 피디님 바지 구매정보 좀요. 잠 잘올거 같아요,9
173,쏠라티 핸들 hg그랜져꺼랑 너무 비슷한데...?,1
174,반론에 들어가는데 짤렸....,1
175,일단 추천부터하고,1
176,오토뷰티샤쓰 공구 ㄱ ㄱ,18
177,김선웅...기사 님이 되신거죠?,1
178,이동현 기자는 이악물고 쉴드치네 ㅋㅋㅋ,1
179,쿠킹호일차는 모닝과 키스해도 작살난다..,1
180,쏠라티  핸들에서 소리남  비추,1
181,현대차는  녹슨차잔아요? 국민들 회롱한차 망해도싸지요.,1
182,캬 포터엔진에 1억이라ㅋㅋ,9
183,지금 2019년인데 솔라티 잡소리 어쩔..;;;,1
184,기태형이 섰다!!,1
185,아니...김기태pd님..바지가......,1
186,참피디인줄 ;;;,2
187,현대의 망상. 자신들이 벤츠와 동급이라고 착각하는거지.,1
188,5:38 지x맞게 시국 타령은,1
189,빠삐용 바지 입으셨네요ㅎ~,4
190,저번에 TV에서 현대 쏠라티 핸들결함 수리도 못하는거 보고 지렸는데 르노 마스터가 낫겠네요 하지만 르노서비스도 개판이라 도찐개찐일듯,2
191,쓸라티자동차,1
192,두분이 가격때문에 스프린터를 탄다구했는데 as생각해보셨어요?진짜 수입차 as진짜아닙니다.수입차 엔진오일교환?1주일정도가 기본입니다 엔진에서소리난다?최소보름입니다.그래서 국산차사는거에요,1
193,전. 집을 사겠습니다..^^!,1
194,현대 네비게이션은 바보입니다.. 부산 한번 가보시면 알듯..저는 광주삽니다..,3
195,말투 왜저럼?   ㅋㅋ  운전하시는분 발음이  이상한데요,1
196,중앙일보 기자님 참 이런말 하기 뭐한데...사탕물고 말씀하시는 거 같아서 좀...,7
197,절대 안삼흉기는,2
198,엄청나게 비싼 깡통 현대차를 왜 삽니까?  민노총귀족노조에게 아부할일 있어요?,3
199,중앙기자 발음 못듣겠네,3
200,입에 있는거 뱉으세요,2
201,입에 사탕을 물고 계신가,1
202,저차에 2점식!! 안전띠....흉기가 흉기인 이유! 안전은 개나 줘 버려!,6
203,머여,2
204,밴츠,1
205,ㅆ,1
206,2등인가요?,3
207,파란티 입은 친구 빼고.. 다들.. 혀가 짧아.. 발음 새고.. 듣시 졸라 거북하네.. 목소리.. 썩을 것들도.. 다 방송질 하네..,1
208,와 쏠라티 시승기는 기대하지 못했는데 ㅎㅎ 잘 보겠습니다~,2
209,와 쏠라티까지..노력이 대단하십니다!,2
210,대박... 이거 작년부터 시승기 궁금햇는데 ㅋㅋ 감사해여..현대 대리점서 출고하는거 딱 한번 보고 대리점서도 없엇는데 ㅋ,2
211,"공도에서도 잘 안보이고, 신기하게 생긴차라 궁금했었는데, 잘 보겠습니다.",2
212,주차하기가 어렵겠네요.그리고 좌.우회전시 후방도 조심해야 될듯요.,2
213,이차 시승기는 처음보는듯 잘볼게요~,3
214,말 그대로 공차여서 힘이 좋다고 느껴질 겁니다.대부분 상용차들은 저알피엠에서 최대토크가 터지게 셋팅이 되어있으니까요 승차인원을 다태우거나 적재량을 꽉채우면 연비도물론 힘도 못쓸거같다 생각하네요 카운티 엔진을 채택했으면 괜찮을거라 생각합니다.,2
215,르노마스터 를 보니 거품과 실용성이 굉장히 떨어지는걸 느끼네요 특히 가격은 진짜 말도 안되는듯;;,4
216,좋은 정보 감사 드립니다.쏠라티 23인승 어린이 버스도 리뷰해 주세요.감사하고 수고 하세요!,2
217,기존 6단수동차에 오토장착이 가능한지 문의했는데 그렇게 안된다는군요 그게 상당히 아쉬운점입니다 차값은 좀 내렸나요?오토장착인데 6000? 오토8단 350만원 추가하면 6200대가 되는게 맞는데 현대버스담당 관계자께서  가격을 낮춰서 말씀하신 느낌입니다 제가 최고급사양 5900대에서 자동문은 DASCO에서  달았거든요 자동문은 산청에서 부산에 가는 경비포함 100만원정도  들었구요 AS는 정말 마음에 들게 해줍니다,6
218,어휴 한분한분 댓글 달려주시고 감사합니다. 구독중누름 ㅎ 쏠라티 차체 프레임성이80%이상들어가있다고 들었어요현대에서 강한차체를 적용한건 역사이례처음적용한듯 ㅎ승용차 G70  67%강성  G80 55%IG 그렌져 65%  쏘나타65%코나 67%  아반떼 57%강성적용 I40 55%현대가 2014년까지만 해도기본차체강성이 기본48%~24%적용한걸보면 강성을 신경쓴듯 보이네요,3
219,자동8단이 현재 현대기아에서 나오는 승용8단과 동일한 미션이고 eq900이나 g80에 들어가는 미션엔 전자식모듈(정확히 기억은 안나지만 파킹모듈이였던거 같음)이 들어가요. 119차량이나 긴급출동차량은 법적으로 자동미션이 탑재된 차량만 운용가능해서 16년에 자동옵션을 넣은거지요.잘보았습니다,2
220,키가 워낙 크시니 차량이 덜 높아보이네요 잘 봤습니다.,4
221,항상 응원합니다 화이팅이요!,4
222,상용차 리뷰도 가즈아~~,2
223,조수석과 대화할때도 전방주시하고 운전하시길!옆사람을 보고 운전하시면 보는 사람도 불안하고 실제 돌발상황에서는 아주 위험합니다,2
224,뭔가 눈에서 긴장하신게 보이는거 같아요 ㅎㅎ 렉스턴스포츠가 가장 시급합니다 ㅠㅜ,2
225,1종보통으로 운전할수 있는 최대사이즈. 괜찮은듯.,2
226,나중에 이런거 하나 사서 부모님 모시고 다니고 싶네요.,2
227,"잘 보았어요.  하지만 실내외 정보가 너무 없어요. 좌석의 9, 11 인승도 보고 싶은데",2
228,"엔진은 A2 엔진입니다. 포터와 스타렉스에도 사용되고 있습니다.연비는 무게를 감안해도 같은 엔진을 사용하는 포터, 스타렉스와 별 다를바 없네요.혹시 브레이크는 어떤 방식인가요? 에어인가요? 일반적인 유압인가요?시승 차량은 몇인승 인가요? 저도 경기버스지점에서 직접 시승해보고 싶네요.",2
229,쏠라티를 바다낚시 출조용으로 활용할 수 있다면 태클박스 쿨러 로드 등을 어떻게 수납 가능할까요,2
230,"아 그리고 렌트가격이 많이 내렸네요 처음 나올때 35만원선이었구요, 기사동승에 빌려주는 조건은 더 지불했어야했습니다. 기사동승에 빌려주는 조건이  대부분이었고, 그냥 빌려주는곳은 극히 제한적이었고 2016년당시에는  차도 많이 없었던거 같습니다.저 같은 경우 25인승운전경력이 있어서 빌려줄수있다고 하더군요지금은 렌트비도 20~25만원으로 많이 내렸군요. 렌트한번 해보시고 평가를 해보시는것도 현명한 방법이라 생각합니다",3
231,차 디스할때마다 팀장님 눈치 보시는 리뷰어분..;; 그런 팀장님의 언짢은 표정,18
232,"저는 45인승 관광버스로 수송업을 하는 사람으로 쏠라티가 나오기 전부터 관심이 있던 일인입니다 저희 같은 직업군에 있는 사람의 견해로는 쏠라티는 현실을 반영하지 않은 ~  어정쩡하고 가격만 비싼차입니다 (사람들이 생각하기엔 그냥 15명이 타는건데 스타렉스 두대보다 비싼차입니다)1. 시장수송시장에선 승차인원에 따라 임대가격이 결정되지 차가격이 비싸다고 임대비를 더주는것이 아닙니다 (댓글에 언급하신 것처럼 대접받아야 하는 사람만을 태우기 위한차라는 것은 ~ 보통 사람들은 외면 한단 얘기고 ~ 이는 많은 판매량을 원하지 않는단 얘기와 같습니다)2. 사양1종보통으로 운전하는 대다수 사람들이 필요한 1) 차량수치는(1) 높이 2,1m이내 (하상도로, 지하 주차장 집입)(2) 현재 쏠라티처럼 2,7m 높이는 저희같이 직업적인 사람들이 대부분 선택해야 되는 차인데 그러자면 승차 정원이 15인승은 의미가 없고 20인승 정도는 최소한 되어야 그나마 카운티와 가격에서 덜 겹친다고 할수 있습니다   2) 엔진 (1) 마력170마력은 25인승 카운티와 같으나 마력수는 최고속도에 영향을 미치는데 이는 승용차일때 얘기고 ~ (버스 110km 제한, 트럭 90km 제한인 지금 현실에선 마력이 너무 높을 필요가 없습니다)(2) 토크화물차나 승합차는 토크가 더 중요한데 43토크는 11, 2 년식때 스타렉스와 동일하고 카운티는 62토크인데 ~ 현재 쏠라티는 제생각에 50토크는 되어야 합니다3. 시승 리뷰시승은 세분 ~ 저희 기준 으로는 빈차로 하셨는데 ~ 빈차로 끌고 다니려고 저차를 사는게 아니잖습니까 ~15인승이면 성인 15명이 타고 그분들이 가져온 캐리어 최소 하나씩을 다 실고 리뷰를 해야 되지 않나요 ??그러면 연비가 얼마나 나올까요 ~??언덕길을 올라갈땐 힘이 안 딸릴까요 ??그렇게 하는 것이 쏠라티의 목적에 맞는 정확한 리뷰 아닌가 생각합니다저에 생각으론 엄청나게 토크가 딸리고 연비도 뚝 떨어집니다4. 15인승에 대한 희망사항무난한 15인승이 나와주길 (학원, 유치원, 종교단체, 소규모 기업, 자영업자등~ ) 많은 소비자들이 학수고대하고 있는데 ~ 현대차는 소비자의 의견을 듣질 않습니다이 쏠라티에 의견 및 개선희망 사항등을 조사해서 아주 어렵게 쏠라티 마케팅 당당자에게 a4 네장 분량을 보냈는데 ~ 검토하겠다는 얘기 이후 답변이 없네요 ~5. 시승리뷰에 대한 희망사항어렵게 리뷰를 하신것은 알겠으나 차종별로 특색이 있고 승용차에 범위를 넘어서는 차량들 (버스, 트럭등~) 은 저처럼 관광 및  학생, 일반인 수송 15년등~  그분야 전문 종사자가 있는 만큼 전문가들이 보는 견해 및 궁금한점, 희망사항등을  미리 준비해서 리뷰에 넣으시면 소비자와 구독자들에 더욱 큰 호응을 받으시리라 생각하며 ~ 필요하신 의견이 있으실 경우 도와드릴 용의가 있습니다 ~나날히 발전하시길 바랍니다 ~",43
233,길이5미터에 천장높이도 좀 더 낮고 10인승인 차가 있을까요?,2
234,아주 잘 보았습니다.  참고로 중앙선이 안끊어져 있으면 도로진입시 좌측시그널 키셔야 하는데...당황하신 듯,2
235,개인적 생각입니다.  기본 베이스가 포터같아 보입니다.  이게 6천이면... 무슨 깡다구인지...  마스터 나오면 금방 단종될것 같습니다.,2
236,"기아에서 쏠라티 기반으로 예전 봉고승합차 만한 사이즈로 출시하면 대박날듯싶어요ㅎㅎ 현 쏠라티는 지붕도 너무 높고, 후륜구동이라 바닥 높이도 높고요. 전륜구동으로 출시했으면 너무좋을것같아요.",2
237,"제법 잘 나온 차같기는 한데... 가격이 너무 비싸죠...조금만 더 쓰면 카운티나 레스타가 가시권에 들어오는데 이 차들이 수송능력이 월등하니;;;경험상 승차감은 카운티 이상, 레스타 이하의 느낌이었고...카운티나 레스타에 비해 메리트가 있는지는 의문이었습니다...",3
238,완전 르노랑 주유구 부터 많은게 비슷하네요,1
239,10:25 ㅋㅋㅋ 웃다가 정색 네네!(쏠라티의 경쟁모델이 벤츠 스프린텈ㅋ엌~ 쓰윽 큼...),1
240,통학 버스로는 가격이 넘비싸  타산이 안맞아 할수없이 12인승합차 를 사는거임...쏠라티 가격이면 25인승합차 산다...가격때문에 이차가 안팔리는듯....,16
241,안녕하세용~ 또 시청하러왔어요 ㅎ 혹시편집프로그램 어떤프로그램 사용하시나요?,2
242,벤츠 스프린터와 디자인이 비슷하네요.,2
243,쏠라티가 처음 나온다고했을때 에이 스프린터네 스프린터를 대놓고 배꼇네 부정적인 이미지가 많았죠 막상 현대측에선 스프린터를 참고해서 베이스로 만든다고 공식적으로 알렸죠 그러고 막상 출시했을때 가격이 비싸다 창렬이다 라고 말이많았지만 그만큼 값어치는 하는듯합니다 거기다 버스라서 깡통 Vs 깡통 비교해봤을때 다른 미니버스에 비해 몆백만원 크게는 천만원까지도 처렴하더군요 물론 실제 할인을 빼면 더 차이가날수도있고 쏠라티가 더 비쌀수도있지만 온전히 차값만 놓고보면 쏠라티는 저렴한측에 낄수있겟어요 거기다 폭넒은 선택권이 있다보니 쏠라티는 완벽하지않나싶습니다! 아 근데 앞범퍼 안개등위에있는게 깡통모델이 아니라 발판이였군요 ㄷㄷㄷ 전 왜 저기를 비워놨지 쏠라티를보면서 궁금해했는데 그 궁금증이 풀렸네요!,2
244,아 그리고 제가 적은 연비는 무조건 나가는데로  다 밟았을때를 말한겁니다 속도 안지키구요 좁은 도로든 넓은 도로든. 통근용으로 사용하므로 무조건 다 밟습니다 네비속도 기준으로  평지속도 107~108 나오고 대전에 가면 잠시 113키로 나오는 구간있어요 약간 내리막길.계기판에 나오는 누적된 연비를 말하는거였구요. 요소수를 자동으로 태울때하고 요소수를 안태울때는 천지차이입니다 일일연비는 12대는 자주 나옵니다 경제속도는 낼수가 없는 상황에 있기에 경제속도로 달려본적이 없습니다,5
245,쏠라티는 면허증이 몇종이어야 한가요?,3
246,말이 안들리는 것도 아니고  적어도 운전중에  대화를 할 경우에는  서로 쳐다보며 얘기할 필요가 있을까요?  운전중이라는  특수상황이 다소 예의에 어긋나는 경우라 해도 이해될 수 있는 것이라 본다면  운전자 및 동승자 전부의 안전을 위해서라도  전방주시 하며 대화를 나누는 것이 맞다고 봅니다.,3
247,어떻게 유치원버스보다 더욱 화물차같구나,2
248,쏠라티 리무진 얼마정도 하나요?,2
249,잘보겠습니다 !,2
250,새차 인수받고 핸들에서 발생하는 개잡소음으로 서비스센터입고후 6회수리받고 소음못잡아서 본사입고시켰더니 원래나는소리라고환불교환 안된다던 그 차네요,2
251,동승석 에어백은 있는..거죠? 시트배열은 어떻게 되어있는건가요?,2
252,흠... 편의성이 4천 정도인데 2천은 더비싼느낌이네요... 안만봐도 르노 마스터가 더 실용적인듯..운전석도 고급스럽게해주고좀.. 첨단 기기 도 넣어주고  요래요래 해줘야 좋을듯.뒷문은 어디까지 제쳐지나욤?  독에들어가면 콕 하겠네.공기역학적으로도 좀 신경좀쓰세욤. 현대는 잘따라하지도 못하고 상상력도 부족함 에혀..,3
253,쏠라티 보유하고 있는데요 연비는 타이어가 닳았을때 좀 떨어집니다 고속도로주행은 11~12.5까지 나오구요  저는 복합연비는 재어보지못했습니다 시내주행이 거의 없기때문입니다 4차선국도와 2차로 국도와 지방도로 약간 이게 제가 주로 다니는 주된 길인데요 타이어 생생할때     최대10.2 나왔고 평균9.8~9.9나오다가 지금은 타이어가 많이 닳고 5만2천키로주행했는데 8.9~9.0나오고있습니다 타이어가 닳으면 시속 80키로미터 지점의 6단변속시점에 슬립이 발생함을 느낍니다 타이어의 미끄러짐이 연비에 영향을 준다고 생각합니다 타이어 바꾸고 나서 연비가 다시 좋아지는지 관찰해보겠습니다 차는 나무랄데 없습니다 횡바람이 불때는 약간 불안하기도합니다 그냥 속도를 조금 줄이고 안전운행합니다 이차의 최고장점은 산길 같은곳의 코너링입니다 스타렉스와 같은 쏠림과 아래위로 튀는 롤링이 거의 없습니다 산청에서 서울까지 고속도로 전구간 한번도 점프해본적 없습니다 회전반경이 스타렉스급이라는 느낌입니다 핸들이 더 돌아간다는 느낌? 카운티25인승과는 너무 많은 차이가 납니다 쉽게 얘기하면 스타렉스가 꺾는 자리는 쏠라티도 꺾는다 이런 느낌.,12
254,인원 많은 아이돌그룹이 많이 사용하겠네요 ㅎㅎㅎ 수입벤말고!!!,2
255,이... 이거슨.... 초 희귀 레어템인것이여,2
256,화성쪽 도로..반갑네요,2
257,색다르군요. 잘 보겠습니다.,8
258,오...쏠라티는 처음보는데요 리뷰,2
259,ㅋ투리스모는 언제쯤 리뷰 볼수 있을까요?인지도 없는 차량이라 어려운가요?,2
260,"르노마스터 짱짱맨!! 2,900만원!!!",3
261,이차에도110리밋이있나요??,2
262,쏠라티는 전주공장에서 생산하나요?,2
263,캠핑카로 개조하면멋있겠는대,2
264,와우!,2
265,"이래서 기획 초기 단계부터 한국엔 출시하지 말자고 얘기 많았었는데, 애초에 유럽 시장 타겟으로 나온 차량이고 가격과 패키지 모두 그에 맞춰 나왔습니다. 유럽에서도 이 체급은 뭐 한국에서 스타렉스 마냥 그냥 일반 개인이 상업 용도로 사용하는 체급이 아닙니다. 그런 체급은 이 세그먼트보다 아랫쪽 현재 푸조 파트너가 꽉 잡고 있는 세그먼트와 경쟁이 제일 치열한 그 바로 윗 세그먼트 들입니다.  당연히 르노 마스터는 유럽 시장에서 이 체급 보다 아랫 체급으로 분류 되어있구요.  사람들이 차량의 타겟과 컨셉을 전혀 이해 못하는 것 보면 그냥 현대는 i시리즈를 비롯해 유럽 타겟 차량은 한국에 출시하지 않는게 답인 것 같네요. 매번 i 시리즈 기껏 개발해서 한국 시장에도 기획 하는 것 보면 죽써서 개준다는 기분인데.",2
266,혹시 시승신청 어디서 하셨는지 알 수 있을까요?,2
267,15인승에 4륜구동 모델도 있는지?,2
268,잘 보겠습니다^^,3
269,관계자 옆에두고 정확한 리뷰가 가능한 부분 입니까?  눈치 보는것 같은데요?ㅋㅋ,4
270,스타렉스도 해주시면감사하겟습니다,2
271,르노마스터 연관 검색어로 뜨더군요.   자동변속만 되면.... 솔라티 가격이 다운될려나 모르겠네요.   거품차 느낌이 너무 남 ㅎ,2
272,쓸데없이 천정이 높고가격이 비싸다 이것이외면 받는 이유다,6
273,대형면허 있어야되요?,2
274,16인승 솔라티 있는.면허시험장 없나요?? 저걸로 대형면허따기는 쉬울것 같은데 차값이 너무비싸서 실내 플라스틱 덩어리인데.왜이리 비싸게 파는지..,2
275,"핸들에 잡음 은 없나요?    원래 잡음니 나야 정상이라는 데  바람 빠지는 소리,,,",2
276,1종 보통 면허면 됩니까 ??,2
277,3.0은되야지 2.5는파이다,2
278,진짜 크다...,2
279,와우,2
280,벤츠 스프린터도 미국에서 4만불 부터 시작했는데..시거든 떫지나 말지..,5
281,다마스 커진 거 같은데... 차가 넘어지지 않을까....,4
282,"jol비싸다. 유치원,학원등등 누가 이가격으로 사누...",3
283,아 스타렉스에 적용됬다면 e-vgt가 스타렉스에 적용됬네.,1
284,차박용으론  딲이네,2
285,"현대는 차량 만들때  어디서 자문을 구하는지  의문입니다현재 카운티차량,  장거리운행시 승차감이  불편하다는 점  모르는건 아닐텐데요,  뒷바퀴 위쪽에 말도안돼는  시트포지션,  이거는 소비자를 생각하지않는 회사라는걸 금방 알수있지요  개선조차안하는건 소비자를 호구로 본다고 생각합니다벤츠 스프린터가 나오니까  솔라티가 나왔다!!!   뭐라도 하나 재대로 만들어보시죠   구경이라도 쫌 해보게",1
286,쏠라티 트럭은 안나오나요?,2
287,잘 보겠습니다..,2
288,차선 변경시 깜빡이를...,2
289,이차도 3년이상 지나면 부식덩어리 차로 변하겠지... 현기가 만들었으니깐..  저급 판금으로 만들었을꺼야~,6
290,옆에 사장님은 왜 탄거임ㅋㅋㅋ,2
291,과장님이 인터뷰를 못하시네 차팔기 힘드시겠따 ㅎ,2
292,시발 사지마세요 큰아버지가 샀다가 핸들 소음 장난아니여서 바로 3일타자마자 환불 문의했습니다,2
293,한눈 팔지 마세요,6
294,Hey...that guys looks familiar.... :),1
295,바람심한날 서해대교 건널수있을까?,2
296,야 스타렉스보다 훨신 넓다!,3
297,수동인가요?,2
298,^^,2
299,앞면이 빵점 속도제한이있어 NO,1
300,쏠라티했구나,2
301,우리회사에서 옆판넬만드는데,4
302,PLY 따라가지말고 가격좀 조정하지.,2
303,옆에 현대차직원 눈치 보는것 같아 쫌 그럼.. 답답함. 단점은 시원시원하게 말했으면,2
304,이게 리뷰냐 홍보지.단점지적이 없고 칭찬만 하네,3
305,고급전략에 좆망... 르노 마스터한테 개발릴듯~ ㅋㅋㅋㅋ,4
306,완전 포드에 트랜짓이랑 완전 비슷.  느낌도ㅋㅋㅋㅋ 베낀거 아님?ㅋㅋㅋㅋ,2
307,안전위해서 4륜을넣어야지 후륜만가지고 되긋나?,1
308,벤츠 모방 하기,2
309,광고보고가요...b^ ^구독하면 애인이 생겨요.8#.#8,2
310,쏠라티뽀대가리업시천고만높어지ㆍ바람불면넘어지갰다ㆍ저러케밖에못만더나ㆍ디자인도개떡갓다,2
311,르노 마스터 복사판이내요 실내수납 공간과도 연료 구닌,1
312,7:17 헤보~,2
313,디자인이너가너무안이다 높이만덩그라니 뽀다가리업다 저정도밖에못만드나,2
314,110키로 답답해서 타겠나졸음운전오겠따속도제한 걸어놔서 급발진은 덜하겠지만컴퓨터가 미쳐가꼬 속도제한풀어블려블믄 어쩌지,3
315,저차 사고나면 샌드 위치에 종이짱 처럼,1
316,이분리뷰수준이 별로,3
317,후륜?눈 조금내리면 버리고가야될차네?구독?이따위로 리뷰하고구독? 에라이 니네채널무조건신고다 이게 리뷰냐?,2
318,밴츠 따라한거 같은대,3
319,쪽팔려서 못타게씀,1
320,사지마라 하자 투성이 솔라티 https://www.youtube.com/watch?v=6SR9xVTHwoM,2
321,새차라더니,1
322,스프린터 짭,2
323,저 팀장 차 못팔겠네 말을 너무못해,2
324,안전한 운행과 산들투어의 무궁한발전을 기원합니다,3
325,나날히 발전해가는 산들투어.. 정말 멋집니다..^^,2
326,솔라티타고 여행가고 싶어지네요~무사고 안전운행 기원합니다 ,3
327,산들투어의 축복이군요......안전운행 하십시요....,3
328,쏠라티 나왔군요 ㅎㅎ항상 안전운전 하세요 ^^,3
329,와구입하셨군요!축하드립니다,3
330,축하합니다.15인승 럭셔리 구매하면 바로 나오나요.가격이 궁금합니다.,2
331,것입니다 가 인상적이네요^^,2
332,타고 싶어요자세한 설명 감사합니다,3
333,와~홍시님이  큰차를 운전하시니깐. 진짜 멋있어요!! ㅎㅎ  나중에.  한번 대형면허 따셔서 최신식 고속버스 리뷰해보시는것도 생각해보셔야될꺼같은데요??,2
334,버스도 많이 활용되고 있지만 앞으로 밴 모델들이 많이 사용되지 않을까 생각됩니다!!,3
335,항상 잘 보고 있습니다.영상을 보니 촬영지가 인천 송내ic부근이신것 같네요^^즐감하겠습니다...,2
336,홍시누나 ㅋㅋ 쿠팡에서 게임기 모델을 다양한 곳에서 봐서 반갑고 응원합니다,3
337,홍시님 역시 예뻐요~^^ 차는 정말 버스만큼 크네요~ㅎㅎ,2
338,홍시님 역시 리액션은 따라오실 사람이 없어 ㅎㅎ,2
339,홍시 이번에는 쏠라티 까지 완전 대박 잘했어요 ,3
340,이번주 현대 쏠라티 차량 입니다 유튜브 영상 잘봤습니다 홍시님 이뿌네요 날씨가 춥네요 감기 조심하세요많이 좋아하고 영원히 사랑해요빵,3
341,새로운 느낌 차량의 시승기네요 ㅎㅎㅎ 큰차 운전하는 모습 멋지네요 뿅,3
342,저 초등학교 시절 드림카였습니다쏠라티 캠핑카에서 살고싶다는 꿈도 있었죠,4
343,ㅋㅋㅋㅋㅋㅋㅋㅋㅋ말투가 넘 매력있어서 정주행하게되네요,3
344,쏠라티 리뷰까지 보게될줄이야 스케일이 점점 커지는군요,3
345,️⚘️,2
346,쏠라티 영상 잘보고 가요 여성분이 운전하기엔 크고 힘들꺼같아요 거의 솔라티는 벤츠 스프린터 를 이길수 있는 차량인거 같아요,2
347,7:19~7:22 공항철도,1
348,진짜 없는 차가 없는 유튜버,2
349,요 다음은시내버스 리뷰 부탁드려요 ㅋㅋ,2
350,대구빡에 먼지를 보니역시 현역에서 역할을 하고있는 친구답군요,3
351,울홍시님은 패션스타~^^,3
352,ㅎㅎㅎ 팬미팅때 이거 운전해주시면 좋겠어요,4
353,일요일에도 열일하시는여신 홍시카앙,3
354,나도 모르게 구독을 누르고있었다....... 자동차는 신차연못구름에 이은 두번째 구독.,3
355,do you use your whole foot to press on the gas?,2
356,저 쏠라티를 몰정도면 1종보통에대형면허까지 있는건가?역쉬~~풀악셀이 갑이지ㅋㅋ,2
357,홍시도 이제 나이를 먹는지 ㅎㅎㅎ 톡톡 튀는 첫 인사말이 안 나오네요 ㅎㅎ,3
358,"현기차는 경쟁 차종이 없으면신경을 안쓴다는..(쏠라티15인승 풀옵 6794만원)오르막,내리막길 정차시 출입문이수동문이라 열고 닫기가 성인도힘들거니와 안전벨트도 운전석,조수석만 3점식나머지는 모두 시대에 뒤떨어진 2점식 밸트르노마스터 버스가 수동 미션만 파는터라대안이 없다는-_-(15인승 4699만)벤츠스프린터 깡통차를 벤츠코리아가 수입하면그거 살텐대 수입원이 다른곳이고그마저도 컨버전해서 1억중반에 판매하니 쩝..3점식 밸트는 의자 납품하는 하청업체에 돈 더주면 개선 할수 있고자동문도 기술이 없어 안하는건 아니고?자국민이 밀어줘서 발전했으면기본은 지키자 좀",3
359,트레일러 리뷰도 곧하겠네요,2
360,홍시야 반가워~^^,4
361,강남에 학원차로 유명하죠 ㅋㅋ,2
362,매력쩌네요 .!! ㅎㅎ,1
363,홍시님 대형면허 도 설마 학원 말고 독학?,2
364,이 영상을 보고 쏠라티 렌트 안 하기로 했습니다 ;; ㅋㅋㅋ,2
365,말투 존나 중독되네,2
366,오호 홍시님이다 ㅎㅎ 저에출장차량이었는대 벤츠로갈아탔내요 ㅎㅎ,2
367,4륜아니면 저리가~~,2
368,와 드디어!! 캠핑카로,3
369,이차는 대형밴 입니다,2
370,벤츠  스프린터  리뷰도  해주세요,2
371,쏠라티 자가용으로 끌고 다니는 사람도 있을려나,2
372,홍시누나 원래 모델이셨나요? 모델이신가요?모델하셔야겠는데요?,2
373,실래도 보여주세용,2
374,쏠라티,2
375,자기야 내아를 나아도,2
376,[알림] 댓글 이벤트 당첨자분들께서는 4월 5일까지 유투브 메세지로 상품 받으실 연락처 남겨주시기 바랍니다!,1
377,정말 리뷰 다양하게 해주시네요~ 주말에 시간내셔서 좋은 영상 찍어주시니  최선을 다하시는 모습이 구독자로서 느낄수 있어 좋으네요 이번영상 최고입니다^^,2
378,"오~ 시승 영상은 대박이네요.그동안 내부 시설과 스펙 점검위주였는데, 시승은 신선합니다!!",4
379,시승영상도 너무 좋네요기회가 되시면 앞으로도 이런영상도 너무좋을꺼같아요^^,2
380,정식 수입된  르노마스타 롱바디 베이스로 캠핑카 제작하면  쏠라티캠핑카 가격 절반만 해도  더 고퀄리티 캠핑카 만들수 있겠지요. ㅎㅎ,2
381,저런큰차를 가속성능을 운운하다니~~ 차분히 천천히 운전하라~~!!,3
382,고속도로에서 연비가8키로 정도 나오는것같은데 그정도면 괜찮은것같네요.잘봤습니다,3
383,으헉....이런..모캠을 누가 살지 궁금.. 그냥..카라반사고 견인차사고 남은돈...5시리즈나 이클 살수 있을듯.ㅋ,7
384,솔직한 평가에 신뢰가 가네요 1억이 넘는 캠핑카가 힘이 딸리면...;;;,4
385,내부소음 장난아니네요 르노마스터 이베코 리뷰보고 여기와서 그런지 귀아프네요,1
386,정말 가격이 미친것 같다.   1톤트럭 개조를 할수 있는 법률 개선이 필요한데. 현기차 마피아 들이 해줄리가 없지,8
387,솔직 국 내 캠핑카 적정가격은 3000만원 대라고 생각합니다.아마 가장 수효가 많을 가격이고..이미 여러 제작사에서 3000만원대 캠핑카 나오고 있구요..이런 기성 자동차 회사 캠핑카는 그야말로..멀 모르는 사람들이나 살거라 생각합니다.,7
388,"저는 45인승 관광버스를 직업으로 하는 일인입니다 고속도로 연비가 10km대, 시내연비가 5km 대라고 하셨는데 ~25인승 카운티에 25명이 타고 고속도로를 달려도 8,5~ 9km 대, 시내는 5km대가 나오죠~대우 레스타는 커민스 엔진이라 연비가 더 나옵니다 ~대형 가솔린 세단을 기준으로 한다면 그보다 좋은건 맞지만 ~ 저희 같은 사람들이 보기엔 그닥 ~ ㅎㅎㅎ그리고 운전석 의자는 유압 서스펜션 의자입니다에어 서스펜션은 에어 컴프레셔가 달려있는 차량에서 달수 있는데 ~ 35인승 이상 버스부터 ~ 4,5톤 트럭 이상부터 적용됩니다 또 쏠라티 43토크는 약해서 안에 짐을 많이 실고 언덕길을 오른다거나 할땐 엄청난 힘딸림을 경험할겁니다 그중에 탑은 가격입니다 ~ 리뷰에서 처럼 차체구조상 트럭을 기본으로 하는 캠핑카에 비해 잡소리와 공간 활용, 워크스루 기능은 확실히 뛰어나지만 ~ 그 약간을 위해 추가지불이 가능한 범위안에 가격인 것이냐는 거죠 ~전국에 이래저래 캠핑카를 만드는 회사가 100곳 가까이 되는것 같은데 ~ 캠핑카 박남회에서 보면 1톤트럭을 베이스로 쏠라티와 정원이 같은 차량의 캠핑카 두대를 살수있는 가격이 현재 쏠라티 가격입니다처음 저차가격을 보고 깜짝 놀랐죠 ~ (현대차가 국민의 눈높이와는  다른길을 가려고 작정했구나, 현대노조가 연봉 9500을 받는다고 국민 모두도 그런줄 아는 착각에 빠져 있구나 이런 생각 ~~아님 국민 천만분의 1~ 2명만을 위한차를 만들기로 작정했으니 나머지 소수를 위해서도 원하는 차를 다만들려고 하나~?? 잘했다고 해야되나 ~ 이런생각)잡소리, 주행안전성등을 생각한다면 카운티 롱바디 기본형이 6000 만원 미만이면 사고, 대우 레스타 롱바디는 그것보다 더 쌉니다 그차를 사서 안에 의자를 모두 처분하고 캠핑카를 만들어도 쏠라티보다 싸게 할수 있습니다 그러면 안에 공간도 쏠라티보다 훨씬 넓고 ~ 승차감도~, 62토크라서 힘딸림도 없고 연비도 별차이가 안납니다 ~그리고 저희같은 사람들이 보기에는 그렇게 하는것이 a/s 기간이 지나고 나도 차들이 많아 부속을 구하기 쉽기 때문에 수리도 빨리할수 있고 수리비용도 적습니다 쏠라티는 a/s기간이 지나면 부속을 구할수나 있을까요 ??차값이 비싸서 차가 팔리지가 않는데 ~~  준비하는것부터 어렵게 리뷰를 하신것 같습니다만 ~ 대략적인 훝기보다 깊이 있게 ~ 승합차 (버스, 승차감, 주행적인 ~)인면, 캠핑카인면, 소비자가 바라보는 시각 (가격대, 현실적인 면등~) 등을 좀더 조사 또는 자문을 구해서 리뷰에 넣으시면 더 많은 호응을 얻으리라 생각합니다 ~나날히 발전하시길 바랍니다",63
389,2016...부산 벡스코에서 1억 조금넘었는데....지금은 1억2천이 넘다니.......,5
390,르노에서 '마스터' 란 차를 한국에 저렴하게 출시하여 쏠라티를 견제해 주면 좋겠네요..https://www.youtube.com/watch?v=eQjLWqZMbbE,7
391,럭셔리 세단도 아닌 캠핑카에 승차감을 논하기가 좀.... 그렇지 않나 십내요.,2
392,차가격알고싶내요.,1
393,캐핑카라서 2500cc가아니고 쏠라티원래2.5리터입니다! 3천cc돼야하는디 ㅋ현대는 무슨생각인지...,4
394,회사에서 빌려서 타고왔는데 나름 탈만은 하던데,2
395,1종보통 운전 가능한가요?,1
396,원주에서 찍으셨네요ㅎㅎ,3
397,캠핑카면서 버스인데 버스전용 탈수 있나요?,2
398,흉기차가 쓸만한 캠핑카를 만들리가 없지..모야 저게...,2
399,근데 현대모터스튜디오 고양에서 빌리신건가요?,1
400,"설명하는데 군더더기가 너무 많아서 듣기 불편해요... 가령 ""디젤이기 때문에 경유를 사용한다..."". 당연한 얘기인데 전혀 모르는 사람들에게 애써 설명하는듯한...",6
401,기사만 너무 보여준다!!!내부를 보여줘라!,2
402,쏠라티 자체도 비싼데 저건 좀;;,1
403,"너무크고 약하고 비싼데,,,,,,캠핑카로는  부적격,,,,,,안팔리겠네요!.?존  싸게  화물차로  만들면  좋을  텐데,,,,,,화물차게도   여러등급이  필요할것  같은데....",1
404,"벤츠 짝퉁이 가격이 상당히 높군,..흉기 호갱용으로 만들엇으면 머.,이해하지",1
405,"꾼들의카 캠핑카 ,, 광들의카 오픈카 ㅋㅋ",1
406,일본차 비슷해 보이더니 저거구나,1
407,운행중 쏠림현상 잇나여,1
408,캠핑카가격이  납득이안됨~~,20
409,쏠라티는 법적으로 4인승으로 인정되서 2종으로도 운행할수있는데 뭔개솔? 그렇다면 속도도 110km/h 당연히 넘을 수 있겠지 차 제 한은 크기로 하는게 아니라 탑승정원으로 하는거임 그리고 자동차 사이드미러를 평면거울이라 하는 것 무엇 ㅋㅋㅋㅋ 과학은 배우셨나,1
410,뭐 이건?  사이드브레이크있고  수납공간있고  뭐지?  이런설명은  왜하는지,6
411,"Talking from the driver's seat, but NOTHING about the vehicle. Not even the cameraman turning around in the passenger seat to show what's behind. How incompetent can you get?",2
412,여러분 짐칸에 텐트 하나 싫고 다니는게  실용적입니다.일년에 몇번을 간다고 캠핑카를 사나요백수도 아니고,1
413,저따구로 생겼는데 1억ㅋㅋㅋㅋㅋ 개 비싸네1억짜리 기아 누가사냐,4
414,현대 ㅡㅡ 싫어요. 싫어....,1
415,니미럴....캠핑카를 가지고 제로백을 실험한다고? ㅋ 이놈들 초보야?,1
416,낚시꾼들의 카..... 먹고자고,1
417,.,2
418,"무게가 4톤이라니, 기자년놈분들 상태가???",3
