,comments,likes
0,"역시 국내 비슷한 등급의 차량 중 달리기 성능, 코너링은 제일 좋다고 하던데 전문가분들도 인정하는 부분이군요.",24
1,잔재주는 부족한 혼다지만 차량의 기본기만큼은 독일차 못지않은 혼다의 기술과 탄탄함이 매력입니다... 사고싶네요,13
2,장단점 22:11 메세지 23:07 - 오토뷰는 시간없을때 앞부분보다는 요렇게만 보게 되요 파일럿 지난세대 오토뷰보면서 정말 사고 싶었는데 지난세대때 칭찬을 너무 하셔서 지난리뷰와 비교도 많이 해주셔서 많이 도움됩니다. 브레이크부분이 좀 아쉽지만 또 사고 싶네요...,27
3,"7인승 SUV중에서는 충분히 고려할 만한 것 같습니다. 다만 3.5l 라는 것이 개인적으로 연비와 세금 면에서 조금 아쉽긴 하네요~^^:하지만, 요즘 팰리세이드는 3.8l 도 나왔으니까 구매자들에게는 점점 부담감이 없어지는 추세인 것 같습니다.",5
4,겉보기엔 화려하지 않지만 자동차로서 기본적인 측면에서 본다면 충분히 구매리스트에 올라갈만함,34
5,차는 잘나가고 공간이 좋음 댐퍼가 부드러워 찰랑찰랑 거림 특히 맴 뒤좌석디자인은 고급지진 않으나 무난하고 나쁘지 않음 생각보다 3열 편함차고와 무게중심이 높은게 개인적으로 별로였으나 역시 운동성은 혼다가 가성비갑,13
6,피디님 덕분에 좋은차 잘사서 정말 저희 가족 대만족하면서 다니고 있습니다!!정말 감사합니다. ㅎㅎ,18
7,조금 옛스러워 보일 순 있어도 깔끔하고 고급스럽지 않나요~? 주행감도 좋고 편안하고,24
8,딱  기본기에  매우  충실한  차량 ~,6
9,오토뷰보고 파일럿 사서 2년째 타는데....정말 생각이상으로 주행만족감 좋습니다. 조용하고....무엇보다 잔진동이 정말 없습니다.오토뷰 흥하세요,50
10,사람 7명 태우고 진심 온오프를 달릴만한 차가 아직 세상엔 없다는게 현대에겐 기회일수도 있죠... 옵션이 좀 없더라도 펠리같은 허접이 말고 진짜 패밀리SUV를 만들어야 할 때 라고 봅니다.,4
11,타이어가 별로라고 하셨는데.. 그럼 어떤 타이어를 장착해야 괜찬은 성능을 발휘 할까요?,2
12,파일럿과 트래버스 비교 코멘트 해주셨으면 좋겠습니다~~,7
13,sport를 스포트로 올바르게 발음하는 국내 유일의 차량 리뷰어!,7
14,믿고보는 오토뷰~,12
15,오토뷰 100만  가자~~~^^,22
16,2열이 문제 같네요. 익스플로러(구형)보다는 착좌감이 좋지만 동사의 CR-V에 비하면 떨어집니다. 독립시트라는 구성이 무색하게 대충만든 느낌이 납니다.,1
17,팰리와 비교시승 해보고 싶네요!~^^,8
18,디자인은 아쉽지만 고장이 안나는 차 VS 디자인은 좋은데 고장이 잘나는 차(오딧세이 대 카니발),3
19,팰리세이드 와 경쟁이 붙을 것 같네요~ 혼다의 대표 대형 suv 오딧세이가 부담스러운 분들에게 잘 맞을 듯 하네요~,2
20,항상 감사합니다. 오토뷰의 새 리뷰가 올라는 날은 항상 기대와 설렘이 있습니당 ㅋㅋ,2
21,"나름 할인좀 있기때메 펠리풀옵하구 500-800정도 차이죠. 그러니 펠리가 잘나온게 맞아요. 속이야 어찌됬건, 알수없고, 몇년타다 되팔때 회수율좋구요. 대신.. 한10년이상탈거면 페스파인더나 파일럿이낫겠죠. 아는형수님이 이차사셔서 몰아보니 진짜 크긴 커요. 운전은 느긋하게 다녀야되는차에요. 조지면 ..아니 몰아보면 조지면 안된다는 느낌이 딱옵니다.ㅎㅎ",5
22,엔진 소리 좋네요.,15
23,가족을  생각한다면  혼다 파일럿 ~~  이  정답임 ~~!!!,15
24,피디님!!하부구조 리뷰도 해주세요,4
25,다양한 차종이 도로를 달려야 눈이 좀 시원해지죠....2년 정도 소유했었는데  좋아요...,5
26,"펠리하고만 비교했으면 구매가치 있을 것 같은데, 심심한 외관 디자인 등으로 확 끌리진 않네요. 사소한 거지만 본넷도 손으로 들어올려야 하더라구요. 5천 넘는 차인데.",4
27,요즘 2019년식 중고차로 알아보고 있어요,1
28,"4륜이 필요 없다면 차라리 오딧세이가 더 낫지 않나? 승차감, 3열 공간등등.... 핸들링도 무게중심이 낮은 오딧세이가 유리 할테고.",4
29,4:20 3열 폴딩인데 2열 폴딩으로 잘못 나왔습니다. 2열 폴딩은 안되나요? 2열 폴딩 시 길이가 궁금합니다.,1
30,캬ㅡ,1
31,"운동성 : 파일럿 >팰리, 실내공간 : 파일럿 > 팰리, 옵션 및 편의성 : 팰리 > 파일럿, 파워트레인 신뢰도 : 파일럿 > 팰리, 뒷좌석 승차감(서스펜션 세팅) : 파일럿 > 팰리, 서비스 가격, 편리성 : 팰리 > 파일럿 (독3사나 미국브랜드 같은 터무니 없는 공임, 부품가는 아님, 엔진오일 교환시 독3사는 50만원, 혼다는 15만원 정도), 차대 강성 안전도 : 파일럿(탑세이프티픽) < 팰리(탑세이프티픽 플러스), 가격 : 팰리 > 파일럿 (현재 5950만원 엘리트 트림은 너무 비쌈, 5천만원 초반대 적정가,  2019년식 이후 3.5세대 새것 같은 중고 3천후반 정도 잡는게 최고)",11
32,오토뷰 리뷰보고 차계약햇네요^^,4
33,오토뷰 짱,4
34,정말로 진짜 혼다 오토바이는 디자인 진짜 잘빼는데.. 차들은 죄다 디자인이 왜이럴까요. ㅠㅠ 정말 기술의 혼다 답답합니다. ㅠ,5
35,오토뷰만큼 자동차리뷰 깔끔하게하는 채널이 없는데 구독자수가 왜 십만인지 이해가안가는부분근데 혼다는 디자인 참 구리네요ㅠㅠ,2
36,혼다가 최고다,21
37,모든뉴타운에서 집을뺐겨버린원주민들에게 입주권이라도 찾아주어야 진짜민주주의정부 한다는것 대통령제이다 진짜 진짜 진짜 진짜 진짜 진짜 진짜 진짜 진짜 진짜,1
38,"캐나다에서 살고 있습니다. 3열 SUV 엄청 고민하고(파일럿, 하이랜더, 패스파인더, 아틀라스, 에이센트) 알아보고 파일럿 구입했습니다. 디자인 좀 올드해보이긴 하지만 디자인 무난함빼고는 내부 수납공간, 내부공간, 각종옵션, 등등 전부 다른차종과 시승 및 둘러보고 결국엔 결정했는데 후회없이 잘 타고있습니다. 실연비 시내 9km 고속도로 11km정도 나옵니다. 캐나다 지역특성상 눈이 많이 오는데 상시 4륜도 상당히 안정적이구요. 일본차라는거 빼고는 전부 만족하는데요...솔직히 일본차 빼고 선택할 수 있는것들이(3열)너무 없네요.  물론 돈이 충분하면 벤츠GLS BMW X5 아우디Q7 볼보 XC90 캐딜락 에스컬레이드 링컨 에비에이터들이 있지만요...제가샀었던 작년 9월시점엔 텔루라이드가 출시전이였는데 텔루라이드가 출시 됐었다면 마지막까지 상당히 고민했을것 같습니다.",20
39,푸조도 해주세요..ㅠ,2
40,가격은 얼마나 되려나요?,4
41,가솔린 우리는 유류세가 쌘데염^^ 경기도에서 서울 끝짜락 갓다오면 3만원 넘겟네여 시트는 혼다가. 젤편한듯 디자인이 크롬 쓰고 중국갬성이네요 아마 혼다는 디자이너한테는 연봉이 적은듯 사장이 기술자 마인드아니였나 포르쉐는 기술자엿는데 디자인도 이뿐데 말이죠~  혼다는 CBR이죠 ㅋㅋㅋㅋ CBR함 타보고 늙어야하는데,4
42,구독자 11만명? 원래 더 되지않았나요??,5
43,혼다 야 부탁이다 풀체인지 할 때 어코드처럼 2.0t올이지마라 ㅠㅠ,1
44,장비빼고 들어온거면 안살텐데..,1
45,일본은 참.....자동차도 맨날 100년 된 맛집처럼 사골....,2
46,K5 1.6터보 해주세요,2
47,팰리하곤비교대상차가아니지,1
48,광명뉴타운에는 국가유가족에게 입주권도안주고 로힝야족처럼 강제로내쫒아버리고 노숙자로만들어버리는세상 누구는 입주권을2개식주고 누구는 입주권도안주고 강제로내쫒아버리는것은 국민차별 노숙자양성 양극화시대 보이지않는 전쟁이다 라는 말이 왜 집을뺐겨버리고 노숙자신세가되는지 모르겠다,1
49,다 좋은데 왜 안팔리죠?,2
50,마감이.... 미국조립인가,3
51,잘보았습니다,2
52,혹시나 일본불매 얘기하는 사람 있을까봐 언급함! 현대가 기술배우고 차를 그대로 들여서 판 회사가 미쓰비시임~ 당신이 지금까지 현대명차로 알고 있는차는 모두 미쓰비씨임 ㅇㅈ?,11
53,익스도 그렇고 디젤 좀... ㅎ,3
54,♡,1
55,잘 만들었는데 디자인좀 어떻게 해봐...무슨 2010년쯤에 나온 차 같다 인테리어까지,16
56,좋아요,1
57,후미등은 쏘렌토 구형이랑 똑같네,3
58,이보세요 무슨영상이 광고 수준이요 지리고 갑니다,2
59,이 시장에서 우리나라 구매고객 층이 주행성능같은거 사실 잘 안보지 않을까. 인테리어에서 팰리세이드가 넘사벽이니 뭐... 우리나라에서는  거의 반강제적으로 팰리세이드..;;,3
60,가격을 넘 비싸게 책정,5
61,고알피엠에서브이텍캠 터지나요???,1
62,생긴게 하마같음 ㅋㅋ,2
63,다함께...,2
64,클랙슨 아니죠 혼 (horn) ~,2
65,스타일 넘 사골같네요,4
66,혼다는 디자인이 적응 안됨..,6
67,1빠,3
68,국산차하고 가격차이가 별로 나지않네요.국산차 너무 비싸다.,4
69,혼다 녹 문제 해결함?,3
70,1등,1
71,브레이크 억망이네요.... 평점 (----)라니.  개인적으로 관심 많던 차인데.ㅠ 아쉽네요ㅠ. 오토뷰가 그렇다면 그런거죠!!!!,6
72,파일럿 내구성 좋은차이긴 하지만..솔직히 좀 심심한 차인듯해요.폭스바겐 아틀라스 곧 한국출시할텐데~ https://youtu.be/S5JOSZ3H7Co,5
73,일본계는 그닥 차를 팔려는 의지가 없어 보입니다.,7
74,이차 미국서 텔루라이드에 발리는거 같던데..ㅋ,8
75,목소리가 너무 답답함...,1
76,번호판8자리는 싸게줘도 안삽니다살사람은 진짜 후방조심해야할듯요요즘은 블랙박스로 다신고합니다일본제품 불매가 그냥 사그러지진않을꺼같아요,3
77,일본차는 사는거 아니다.,5
78,1등,3
79,힘좋고 정말 잘나가는 페밀리카 입니다! 공간도 넓고 편의시설도 좋고요,4
80,혼다 파일럿 최고입니다~ 힘이 장사~,9
81,차 멋있어요!🚘🚙,2
82,정속주행할때는 연비좋네요,3
83,영상 잘봤습니다! 차 엄청 크네유,4
84,요새 보고있는 차종이라 잘보고 갑니다,3
85,플러그인 하이브리드가나와야...연비120...,1
86,그렇게밀면 2열은 어떻게 타나요,2
87,파일럿 부품수급이나 메인터넌스 어떤가요 ?,7
88,폭몀에 엔진꺼지면 에어컨도 꺼지나요,3
89,성님~ 스피커 테스트 빠진거 같습니다~,1
90,하이브리드 언제 나올까요?,1
91,풍절음은 어떤가요?,2
92,한국에서는 혼다파일럿 중고차량 쉽게구할수없지 않나요? 매물도적구요....가격도 비싸에올라올건데...한국에서는 합리적인게아니지 않나요,1
93,풋브레이크 ㄷㄷ충뎍,1
94,Crv가2열이더넓어,1
95,발음이 안좋아서차가 못알아듣나요,1
96,모든뉴타운에서 집을뺐겨버린원주민들에게 입주권이라도 찾아주어야 진짜민주주의정부 한다는것 대통령제이다 진짜 진짜 진짜 진짜 진짜 진짜,3
97,"파일럿은 중고 사세요. 2019년에 1500만원 할인해서 팔아서, 그 물건들 사는게 이득입니다.",12
98,기술의 혼다 . 옛날얘기죠../  직진주행이 많은 북미스타일의 suv는 가고서고가 많은 우리나라에 잘 안맞죠,2
99,소음이 너무 큰 게 최대의 단점  방음이 전혀 안 됨!,2
100,전쟁도안했는데 집을뺐기고 노숙자신세가되는세상 광명뉴타운에는 국가유가족에게 입주권도안주고 강제로내쫒아버리는것은 국민차별 노숙자양성 양극화시대 보이지않는 전쟁이다 라는 말이 왜 집을뺐겨버리고 노숙자신세가되는지 모르겠다 내가 진짜 너무 화가나서 진짜 너무 화가나서 진짜 너무 화가나서 진짜 너무 화가나서 진짜,2
101,★노보스 한정판 보잉 선글라스!★https://smartstore.naver.com/nobossmall/products/5895191298남자라면 한번에 보잉선글라스!올가을 멋진남자가 될기회입니다,12
102,앞으로 노사장 형 리뷰는 거짓으로 절때 안본다.. 파일럿 차주가 느끼는 부분 팩트 있게 전달하네.. 굿..,10
103,"2019년 1월 18일 등록하여 지금까지 40,000km를 조금 넘겼습니다. 잔고장 하나 없이 엔진오일만 갈았습니다. 가족들과 다니기도 좋고 부모님들과 다니기도 좋습니다. 트렁크가 넘어 캠핑을 다닐 때는 더 좋습니다. 노사장님께서 이렇게 칭찬하시는 차를 타고 있다니 정말 기분이 좋습니다.^^ 4편에 걸친 파일럿 리뷰 잘 보았습니다. 고맙습니다.",25
104,"혼다 릿지라인이 북미에서 파일럿과 전면과 내부 인테리어가 동일한 픽업트럭이 판매되는데 거기에서 받은 견인 데이터로 서스팬션을 만들어졌을거라고 생각이 들기도 합니다.2년동안 일하는곳에서 배달다니면서 타봤는데 승차감 정말 좋더라구요.연비도 좋고 조용하고, 근데 3시간반 거리는 마지막 시트는 성인이 타면 힘든 수준이긴 해요.",23
105,연비가 또 괜찮은 이유가 VCM이라는 기능이 있어서 그렇습니다. 실린더를 3기통 4기통으로 속도에 따라 바뀝니다.항상 리뷰 잘 보구 갑니다! 미국 리뷰 하시는분들은 하체를 노 사장님처럼 하는 분들이 없어서!! 👍,3
106,"저도 2019년 페이스리프트모델 파일럿 차주입니다. 차 정말 좋아요~~ 특히 주행성에서 너무나 만족합니다. 시내에서도 신호대기후 뒤따라가다가 신호등이 꺼질때 잡아돌리는데 차가 휘청이는게 별로 없습니다~~ 이 덩치에 4륜시스템도 더 개선됐고, 토크벡터링 장착은 유일합니다.",20
107,"리뷰 너무 좋아서 파일럿 전편 다봤습니다. 뒷 서스를 왜 그리 튼튼히 만들었느냐,  이유를 대드리면 이정도 풀사이즈 SUV는 미국서 사실 상 트럭으로 씁니다.  3열 2열 풀플랫 되는거 보고 울 나라에선 차박용인줄 아는데 사실은 화물 적재를 위해 만든겁니다. 뒤에 짐이 많이 실렸을때에도 차량의 밸런스를 유지시키려면 뒷 서스의 강성이 요구되는거죠… 시장의 요구에 얼마나 혼다가 잘 적응한것인지",21
108,"16년 부터 타고 있지만 ㅋㅋ  여전히 아껴주고 있습니다. 차를 타면서 이런 만족감은 처음인거 같아요. 캠핑, 가족여행, 여러용도를 충족 합니다. 특히 노지 캠핑때 awd는 덤입니다 ㅋㅋ",39
109,17년식 파일럿 타다가 21년식으로 변경했어요. 17년식 대비 미션이나 샤시가 많이 좋아진것 같습니다 ^^,4
110,겉모습으로만 판단하면 안되는 차였네요생각보다 시내주행 연비도 잘나오네요,14
111,"담에 기회가 되면 트래버스도 잡아돌려주세요~노사장님 리뷰보고 샀는데…익스, 파일럿 영상보니 궁금해집니다.전에 트래버스는 잡아돌리는 코스가 없었어요^^",7
112,시승때 자주 다니는 램프구간에서 안정감 있는 회전에 깜짝 놀랐네요. 회전때 뒷 바퀴 각각 토크 분배가 다릅니다. 계기판서 보여줍니다. 여튼 더뉴쏘렌토 생각하고 핸들잡고 몸도 좀 기울였다가 너무 놀란 경험을 했습니다.,4
113,9단 미션 셋팅이 정말 연비에 잘맞게 잘되어 있나보네요. 기본 첫스타트 2단 출발.  1단씩 변속이 아니라 보통 2단씩 변속하는데 느낌 정말 부드럽습니다. 차도 부드러운데.,10
114,"2016년부터 지금 12만키로탔습니다. 굉장히 편하고 정숙합니다. 낚시다니며 험로도 잘다녔고, 50kg정도되는 카약 카탑하고다닙니다. 단차가 좀 있고 실내 디자인이 별로인것만 빼면 아주 만족중입니다. 고장나본적도없고...",2
115,깔끔한 정리 노보스 화이팅~!!!,3
116,화끈한 리뷰 영상 감사합니다...저도 혼다차량 특히 일본의 장인정신은 본받아 마땅합니다...,3
117,이런 리뷰는 대한민국에 없다. 수고에 감사드립니다.,3
118,준중형 suv라 여기고 봐도 코너링이부드럽다 느껴질 정도네요^^,2
119,오토홀드랑 전자식파킹 없는게 잔고장 없는 이유 인것 같습니다. 시승해보고 대만족했던차. 사이드미러만 살짝 적응 안됨,12
120,역시  노사장을 이래서 끝을수가없다  재미진  리뷰  카타민 구입요 ㅎㅎ,11
121,내년 풀체인지 기다려볼렵니다! 잘보고 갑니다!,7
122,파일럿 구매후 브레이트 튜닝 VS 익스플로러 구매후 서스팬션 튜닝.....어떤게 나을까요?? 익스플로러도 서스만 바꿔주면 아주 좋다고 하셨는데....^^,2
123,혼다가 일제만 아니었어도 한국 판매량 씹어먹었을텐데.,31
124,"리분 너무너무 재밋네요 익스,파일럿, 오디 고민 됩니다. 자세한 설명 너무 좋아요^^카타민 주문 했는데 잘 사용해 볼께요 기대가 되네요 ^^",1
125,노사장님 crv 하브 시청후 5일전 중고로  21년식 450키로 crv하브 중고차 구매했습니다   정말 만족합니다 안전운전하세요 노사장님,16
126,노사장님과 반일에 대한 결은 다르지만 좋은 걸 좋다고 말하는 자체도 눈치봐야 하는 세상에서 우리 노사장님은 항상 본인의 일관된 주장을 하시기에 저는 존경합니다.♥,8
127,믿고 보는 노보스~~~,10
128,굿 초이스 !노사장님 수고 하셨습니다 !,5
129,믿고 보는 노보스~ 푸~롹~~쉘~~^^ 대한민국은 노사장 보유국^^ 포~레~~버~~~!!,17
130,아 글고 그 썬팅도 실제차량에 된거 섭외해서 나이타로 지저보고 썬팅의 최강자를 가려주세요어디에도 다루지 않은 썬팅 노사장이 확실하게 솔직한 리뷰 해주세요,2
131,고생하셨습니다 노사장님 잘보고갑니다..,4
132,안녕하세요 오딧세이 리뷰 보다가 파일럿도 보게 되었습니다. 좋은정보 감사합니다. 한가지 질문이 있는데요. 2열 승차감은 오딧세이랑 파일럿 둘중에 어떤게 더 좋나요??,1
133,리뷰 맛집 👍👍👍,2
134,계약 해야 되나?ㅎㅎㅎ 너무 잘 봤습니다.,4
135,혼다가 현기보다 좋아요 ㅎ,10
136,"익스플로어도 ST모델이 있는데, 그건 아마 파일럿보다 낳을겁니다. ST모델은 아마도 북미에서만 팔지 않을까.... 3리터 트윈터보라 400마력대라 힘도 엄청나고 하체도일반모델이랑  달라서 무지 단단 합니다... 가격은 미국 기준 5만5천 달러일겁니다. 가성비가 엄청 좋아요",2
137,익스플로러 때는 보지 못했던 신나는 리액션이네.. ㅎㅎ,10
138,결론은 팰리빼곤 다 괜찮음 ㅎ,6
139,파일럿의 특성상 짐도 많이 실고 사람을  태워서 테스트 했어야 하는 아쉬움이 있네요...,3
140,6명 타고 휠체어를 실을 수 있는 1억이하 suv가 트레버스와 파일럿 밖에 못 찾았음.팰리는 3열을 접어야만 휠체어가 들어감,1
141,보잉 선글라스 크기를 크게 오버핏으로 하면 판매량 올라갈겁니다.,2
142,고속에서 가속력과 고속도로 긴 언덕길 등판 가속력도 끝내줍니다. 추월시 악셀 꾹 밟아주면 v-tec 터지면서 저덩치가 미친듯이 가속되요.,4
143,2년전에 1500+180 할인 받고 구매 잘 타고 있음.,3
144,트래버스 운행하고 있지만....파일럿 페이스리프트 되면 다음차로 검토 해봐야겠네요,29
145,파일럿 알아보러 가야겠습니다.,8
146,노사장이 리뷰하는 차량에 대한 평가는 무조건 옳다.,12
147,파일럿...내년엔 꼭 만나자!,9
148,진짜 존나타고싶다,1
149,어코드 10세대 하브 차주 인데요 혼다 lkas가 저도 몰랐는데 운전해보니까 특정구간 속도 밑으로 내려가면 꺼집니다 계기판상 (체감상)  80 이상일때는 잘잡구요 80 밑으로 속도가 떨어지면 차선을 못잡는게 아니라 활성화가 꺼집니다 ^^아마도 제가 예상하건데 자율주행을 100프로 차에 맡기지 않게 하려고 하는 느낌을 운전하면서 받았습니다 운전은 운전자가 ~  혼다의 철학 제생각입니다 ^^,14
150,노보스인더스트리 ㅡ화이팅,9
151,혼다 6기통 VCM 이적용될때 잔진동 이슈가 북미에서 얘기가 많던데 그런부분은 괜찮나요?,2
152,역시 혼다네요... 전 담차로 도요타 프리우스 구매할까 고민중입니다.,4
153,"2021 혼다 어코드 하이브리드 차주 입니다. 혼다의 기술력은 대단합니다. 현대 기아 GM대우 삼성 쌍용 국산차도 많이 기술력이 향상이 되었지요. 눈에 보이는 옵션보다 자동차 자체의 기술력과 설계에 다 신경을 쓰는 기업이 되길 바랍니다. NO Japan으로 일본 제품 안쓴다고 선입견이 있는데 님들 사용하는 생필품 전자제품, 일본 여행 등 살펴보세요 일본 부품이라든지 사용하는 제품이 없는지 염병들 떨지 말라는 겁니다. 자본주의 시대에 돈을 주고 사는 사람의 선택사항일뿐 이라는 겁니다.",11
154,"4:32, 09:11, 20:50 에서 역시 혼다👏👏👏👏👏👏👏",10
155,정말 좋은차,1
156,차박 and 장거리 and 연비 and 4륜 / 포드 익스플로러 랑 어느 게 좋아요?,3
157,"3시리즈, 파일럿 같이 타고 있는데 3시리즈는 잘 달리는 차, 파일럿은 달릴 수도 있는 차라고 느껴집니다.",11
158,잘봤습니다.수고하셨어요.카타민 구입했습니다~~^^,2
159,11:58 캐딜락 에스컬레이드 지리네,2
160,어느모로 보나 조선의 자동차 전문 리뷰어☆,2
161,선글라스 도수 넣을 수 있는가요? 도수 못 넣으면 쓸모가 없는디_,3
162,코너에서의 안정감은 안타본 사람은 몰라요. 코너에서 속도를 더 올리게되요…,9
163,노사장님 소개로 왔다고 대구 혼다 딜러님께 이야기 하면 되나요?ㅎㅎ,1
164,왼쪽 핸들에 연비 눌르는데 눌르시면 AWD 힘 코러닝에 전달되는 모습이 보입니다 근데 Acura 에 SH -AWD 타보시면 아주 기절 하실겁니다 셋팅 값이 헐 4 바퀴에 각기 전달되는게 완전 요미가 최고 입니다 . Pilot 은 가정 용으로 안이 큰 장점이 있구 Acura 는 스포티 하고 운전중에 약간 안기는 의자의 모습이 있죠 그래도 9 단 미션 은 85 마일 넘게 달리면 연비가 엄청 좋습니다 이번 겨울에는 CA 에서 UT 하루에 가볼려고요 이번 겨울에 9 시간 달려볼려고요  600 마일 갑니다 christmas 날 …  항상 안전 운전 하세요 오늘도 잘 영상 보고 갑니다,5
165,노사장님Bmw x6 40i 시승 리뷰 부탁합니다 많이 궁굼합니다. 그럼 수고 하세요,1
166,오늘 익스 끌고 와쏘요 ㅋㅋ 그래도 노제팬..ㅋㅋ,2
167,ㅋㅋㅋ 어떻게 같은차 리뷰가 이렇게 달라지는지 전에 리뷰하실때 완전 차선변경하면 뒤진다고 했어요,5
168,이 차가 미국에서 판매되는 파일럿과 똑같은 모델인가요? 놀랍네요..현재 미국 사는데 평도 그리 좋지않고 저도 타보고 별로라 오딧세이로 갔는데 특히나 19년인가 20년식까지 들어있던 9단 자동변속기는 단체 고소까지 당해서 진행중인걸로 알고 있고 인포테인먼트 시스템도 고소 당해서 이번에 판결나서 무상으로 보상및 교환해 주는걸로 알고 있는데,2
169,"난 솔찍히 가격대비  별로였는데.좋다고 하시네,  엄청 깔줄꺼라 예상했는데.회사직원 캠핑다닌다고  샀는데  후회막급중",1
170,혼다 어코드 타고 있지만 단점은 노사장님의 파일럿 단점과 거의 유사함 ㅋㅋ 그런데 하나더 잡소리와 방음... 하 ㅠ 미국애들 조립 겁나 못해 ㅠ 그리고 방음은 레알 현기 보다 신경 안쓴듯 ... 물론 여기서 방음 까지 생각하면 비엠이 맞는데 소비자 마음이라는게 ㅠ 결론은 혼다가 내부 좀 이쁘게 가져가고 방음 신경 쓰고 차 잡소리 없으면  난 이 보다 뛰어난 가성비 차는 없다고 생각함 ㅌㅋ,1
171,Bmw 혼다는 노사장에게 10억씩 줘라. 이리 극찬 하는데 광고비 아껴서 노사장 줘라.,15
172,우리나라에선 반일때문에 독일에 밀려서 그렇지..뭐가됐든 설계는 치밀하게 하는게 일본이죠.건물도 그렇고 저것들은 뭐하나 허술하게 만드는게 없음.,18
173,가격도 좀 알려주세요.,1
174,아 일본은 싫지만 일본 자동차 회사가 망하는 꼴은 못 보겠다.... 현기차 타다가 토 나오겠네..,27
175,파일럿 생각중에 보게되었네요이남수딜러님 650지원해주나요ㅎ전륜인가요  awd아니었남유 ㅎ,1
176,👍👍👍👍👍👍👍 따봉~~~,3
177,잘봤습니다.,2
178,선 원따봉 후 시청 ~~~~그래도 트래버스 ㅋㅋㅋㅋㅋ,6
179,애들셋 오디세이인가 파일럿인가 아 고민되네요 ㅎ,5
180,기술력은 국산차는 절대못따라갈듯. . .,5
181,거의 다 모았음 12월에 사야지 (중고),3
182,개그맨 이신줄~ㅋㅋㅋ,3
183,형님 보배드림 초창기부터 즐겨보는데 남양주사시나본데 커피나 한잔하시죠ㅎㅎ,1
184,👍👍👍,1
185,혼다 파일럿 하이브리드는 출시 안하나요?,4
186,은규형 💚,5
187,노사장 예전이 파일럿 엄청 깠었는데...,1
188,일본애들이 원래 차를 잘 만듬,8
189,이 차량 상시사륜 안되는 차량 입니까?,1
190,독일차는 타본 사람들이 욕을하고 일본차는 안 타본 사람들이 욕을함~~,33
191,Crazy  Honda~~~~/,1
192,저속에 당기는 느낌이 가끔 있어 오너들 불만이 좀 있던데요..시승차는 안그런가보네요 혼다도 복불복인가요 ㅠㅠ,1
193,산다음 혼다 로고 떼고 현기 로고 붙이면되려나..,4
194,감사합니다....,1
195,"NO 현기, NO 몽키",1
196,현기 좀배워라 차의 기본기 부터,5
197,폭바아우디랑 원수졌농?,1
198,다음차는 bm,6
199,풀악셀!!!,1
200,외계인이만든거죠머ㅎ,1
201,👍👍👍👍👍👍👍👍👍👍,2
202,제가 지난번에 파일럿을 혼다 시승회에서 한적이있습니다. 광주에서 담양간 편도코스였습니다. 고속도로도중에 닛산 알티마 순식간에 따라잡았습니다.  혼다는 스타벅스커피와 커피를 많이주었습니다.ㅎㅎ미국에서는 파일럿과 도요타하이랜더가 치열한 경쟁모델입니다. 내년에 도요타하이랜더하이브리드(2500cc+하이브리드+ awd)국내에 들어온다고 도요타 광주유튜브에서 알려주었습니다.  그밖에 내년 국내에 하이랜더하이브리드 포함해서 도요타코리아에서는 총3대 신차가 들어온다고합니다. 혼다코리아에 싼타페급에  혼다 패스포트모델이 들어왔으면합니다. 패스포트는 crv와 파일럿의 중간크기suv모델로 3500cc v6+ awd특징입니다.,3
203,그래서 혼다 뭔 기종인겨?,1
204,남양주 오셨네요 ㅋ,1
205,"일본차가 진짜 좋긴한데, 하필 일본차라 거부감 느끼는 사람이 많은게 문제죠. 혼다와 토요타가 독일 기업이었으면 독5사로 불렸을텐데... 아쉽긴하네요.",3
206,기술의 혼다 . 옛날얘기죠../  직진주행이 많은 북미스타일의 suv는 가고서고가 많은 우리나라에 잘 안맞죠,1
207,"혼다는 수리비 어때요,?",1
208,어코드도 그런데 파일럿도 왼쪽 사이드미러가 평면거울이네요. 미국에서 제작되는 차는 다 그렇다는데 불편하고 불안해서 못씁니다. 차 사면 선팅할때 같이 좌측 사이드미러를 볼록으로 교체하세요. 어코드는 10만원 들었습니다.,1
209,차는 불매죠 ㅋㅋㅋ,1
210,오토기어에서 또 반박영상 올라오겠군요 ..,18
211,0:50 본영상,1
212,2년전에 1500 할인해서 지금은 그때 가격 생각나서 못사요...;;,5
213,차야 어찌됐던 그게 그거지니뽕산을 ~~니뽕에서 국산차 굴러다니는거 몇대나 보셨나 ??자칭 노사장이라면 언어 순화도 좀 하시징~~,1
214,대한민국은 노사장 보유국 ☆ 대한민국 넘버1 카리뷰어 ♡,10
215,ㅋㅋ,3
216,우리나라 기초연금 수령기준3300cc 이상차량 소유자연금 주지 않습니다 잘알고 구입하세요,4
217,혼다카페 가보면 세상 매국노 다 모여있는듯. 개ㄷㄷ함노사장님 노보스 화이팅.,2
218,1등,3
219,59등,1
220,에라이 !!!!,1
221,2등,3
222,자칭 카이스트 듣고 있냐? 리뷰는이렇게 하는 거란다. ㅋㅋ,4
223,Pp,1
224,반자율주행이 잘 안되면  못싸유~~~~~~~~일본차 안팔리는 이유 있네. 띤따루 있었네~~~~~~~~이제 혼다도 일본전자업체 맨쿠로 역사의 뒤안길로 간다이~~~~,7
225,일본차 현기차는 믿고 걸러야되요~,11
226,몇년 전 파일럿 리뷰와 정반대의 평가를 내니  의문이네요.그때는 파일럿 특성을 몰랐던 겁니까?이랬다 저랬다 하는 리뷰는 보는 사람들의 신뢰 를 잃게 만드네요.전의 본인 파일럿리뷰를(동일한 모델임) 다시 보세요.,6
227,"몇년 전에는 오딧세이는 칭찬하고, 파일럿은 엄청 깠어요.Shame on you~~~",3
228,혼다는 디자인이 별로라...,6
229,애들이 많아지니 점점 큰차를 눈여겨보게 되네요리뷰보니 파일럿이 급 땡깁니다,12
230,개인적으로 찾아보는 차중 하나인데 현재 올뉴sm7 2.5타는데 국산치곤 수리비가 생각보다 있는 편인데 유지비용차이가 어느정도일까요? 거의 매주말마다 여행이나 캠핑다니다보니 크고 편한차를 찾구있어서요,7
231,팰리는 6명 이상 탑승후 3열을 그대로 둔 상태에서 트렁크에 휠체어가 실리지 않아요.파일럿은 겨우 실려서 파일럿을 선택 했습니다.카니발은 휠체어 실리는데 이미 보유 하고 있어서 5000만원대 suv중에서는 선택의 여지가 많지 않습니다.,11
232,와 사고싶네요ㅠㅠ 차 만드는데 제조사 국적이 뭔상관일까요. 차를 잘만드는게 중요하지. 잘 봤습니다 !,21
233,15년10월에 신형파일럿출고하여 5년째타고 있는데 잔고장없고 편합니다. 오일만갈고 기본점검만 하고 탑니다. 제주변 지인들도 일본차라고해서 부정적으로 봤다가 몇번타보고 반하더라구요...일본차니 사지마라 그런건 구시대적발상인거같습니다. 상품은 상품자채로만 봐야하니까요.,28
234,크~ 혼다 파일럿 좋은 차죠~,24
235,좋은 리뷰 잘 보고 갑니다~ 파일럿 익스 팰리 쏘렌토에서 고민중이거 그중에 파일럿이 좋긴한데 눈치가 보여요 ㅠ ㅜ,3
236,리뷰 감사합니다. 늘 응원합니다,4
237,궁금하고 타고싶은차 리뷰 잘봤습니다.구독할께요~,8
238,파일럿 구매해서 타다가 고속도로에서5톤트럭이 거의 80키로로 충돌해서전복되어 빙글빙글 돌았는데 다친곳하나없었어요 파일럿은 폐차했구요지금다시 구매해서 타고다닙니다,38
239,애 셋이면 미니밴 가는게 낫죠. 슬라이딩 도어로 문콕염려 없고 카시트 체결 쉽고 차고가 낮아서 애들 타고내리기 좋고. 오딧세이나 시에나.,4
240,좋은 정보 감사합니다,1
241,저도 2년째 타고 있습니다 파일럿 최고죠,19
242,20년식 버튼기어 8인승  잘타고  만족하고 있습니다,8
243,일본차 정말잘만들긴합니다 잔고장도없고,20
244,모빌팡님   중고로 살 때  투아렉 이랑 파일럿이랑 무얼 추천해주실꺼에요 ?,1
245,혼다 파일럿 최고임23년식 하이브리드파일럿예약 기다리는중~,1
246,"오딧세이 타세요,굿입니다,시승해보면 알겁니다",6
247,랙서스rx350. 이랑 파일럿이랑 무얼 추천해요?같은 가격대 중고,2
248,"역설적이지만, 우리가 혼다 파일럿을 더 많이 타야 카니발이나 팰리세이드가 발전한다고 생각합니다. 아직 카니발 품질이 너무 떨어집니다. 유튜브에 카니발 하체 한번 보세요. 카니발 사고 싶은 생각이 뚝 떨어집니다. 더 쉽게 말해보겠습니다. 만약 아이폰이 국내에 안 들어왔다면 삼성이 갤럭시 만들었을까요.",2
249,파일럿은 어답티브크루즈 컨트롤은 없습니다.차량리뷰는 신중히,2
250,파일럿 . 오디세이  고민중입니다,5
251,"작년 가을에 5450만원 정가 차량을 3950만원에 EXL모델을 한시적으로 500대 팔았죠. 그때문에 중고가가 엄청떨어졌고 현재 중고차중 가성비 탑이 맞습니다 동급 가장강한 차대,(에이스바디 설계), 혼다 최고 엔진중 하나인 3500 V6 iVT엔진, 동급에서 유일한 토크벡터링 사륜구동 아마 현대는 제네시스만 적용되 있을겁니다, 반자율옵션, 차박에 용이한 풀플렛시트, ZF9단 변속기로 연비까지 잡은 동급 최고 차종중 하나인데 중고가는 3천 언더 차량도 보이니 대박일수밖에요. GV80같은 고급차량(어큐라 라인 따로 존재)은 아니지만 실속있는 미국차입니다 (일본 생산 없음, 상품기획 ,디자인, 연구개발 모두 미국혼다, 심지어 일본에는 판매되지 않는 차종, 텔룰라이드 같은)",21
252,cr-v. 와 비교는 불가죠?,2
253,잘 봤습니다. 내용은 좋은데 영상 전체적으로 Focus가 나가 있네요... 의도하신 건 아닌거 같은데... 보는 내내 눈을 껌뻑이게 되네요...,2
254,자국민 마루타로 쓰는 흉기차나 족쳐라. 진짜 다른건 다 불매해도. 차는 불매 하지 맙시다. 훙기차가 자국민 목숨 후려치는데 하등 도와줄 이유 없음,22
255,"차는 좋은데  -,.-",6
256,as는 어떤가요,1
257,8인승이라 가운데 통로가 없네요 그래서 패스.,1
258,반일정신병자 특징들이일본야동.닌텐도.플레이스테이션 게임하고 미니스톱.세븐일레븐가서아사히 맥주 마시고노래방도 잘다니더군요 ㅎㅎ,5
259,출연자 입니다 차는 외산차이지만 다둥이 아빠이니 애국..했어욤..양해해주세요 그런데 출연자 뱃살 보기 않좋네요,18
260,혼다...흠....,7
261,기술의 혼다 . 옛날얘기죠../  직진주행이 많은 북미스타일의 suv는 가고서고가 많은 우리나라에 잘 안맞죠,1
262,"나는 펠리세이드 압승이러고 보는데, 저도 혼다 어코드 차주지만 각회사마다 주력이 있는데 파일럿은 그닥 개인적으로 별루엾음 사각지대도 많고 3열시트 너무 불편함",3
263,저는 오딧세이 구매하려다가 시국이 시국이니만큼 카니발로 갔습니다 최소한 지금 이 방송은 아닌것같습니다,3
264,"아, , , ,일본차는 좀...아닌듯",3
265,아니 이시국에...? ;,3
266,현기차도 싫지만 일본차는 쳐다도 보지않습니다...부끄러운 영상이네요..,7
267,전 멕시코에서 2019년 파일럿 타고 다녀요! 진짜 장거리 여행할때 너무 편해요.. 3열 피고도 짐실을수 있는 공간이 넓어서 미국다녀올때 짐도 많이 가져올수 있어서 좋더라구요!,3
268,와 대리운전 하시면서 차주 인터뷰와 함께 자동차 리뷰 하시는 컨텐츠 아이디어 좋네요구독하고 영상 재밋게 잘 봤습니다,5
269,취객운전사 오늘 첨보는데 넘 좋아요. 똑똑하고 사람 좋아보여요. 차에 관심 많은 사람으로 여러가지 차 타면서 시승기 올려주시면 고맙겠습니다. 근데 취객상대로 이거 찍는게 쉽지는 않을 듯~~~~,2
270,"파일럿 오너입니다. 패밀리카로는 정말 최고 입니다. 넓은공간, 조용하고 묵직한 주행감,  과하지 않은 넉넉한 힘.. 그러나 미국생산 차량 이라 마감이나 디테일한 감성은 없습니다",3
271,제가 아는 현대차 카마스터님과 말투가 너무 비슷하시네요~ 파일럿 최고죠^^ 할인해줬던 가격 생각하니 배아파서 못사고 있을뿐~,2
272,혼다 변속기 버튼은 헷갈리지않습니다. 직관적입니다. 현대 전자식 변속기가 배워야할 부분이죠.,4
273,"이전에 f10 520d 타신서 기억합니다. 그 이후에 f10 520d를 구매해서 타고 있는데 , 승차감이 너무 좋네요. 근데 4인가족이라 ,, 파일럿으로 기변도 생각중인데,, 고민되네요",2
274,혼다 파일럿이랑 쉐보레 트래버스 페이스 리프트랑 둘중에 고민입니다. 아기가 셋이라서..,2
