,comments,likes
0,실내 디자인이 20년전 감성..ㄷㄷ,3
1,"중국서 16년도 출시버젼 베젤 타고 다니는 사람으로 리뷰 남긴다면, 여기서는 베젤, hr-v、cr-v로 나뉘구요. 베젤과 에이치알브이만 뒷자석 문 손잡이가 위에 달렸고 씨알브이는 뒷문 손잡이가 다른 차량들과 같이 옆에 달렸고 뒷모양? 엉덩이 부분이 좀 다릅니다. 차 모양이 이뻐서 샀고 인생 첫차라 잘 모르고 샀는데 나름 긴축형 suv지만 배기량이1.5다 보니까 가속시에 페달 급하게 밟으면 차가 엄청나게 나 힘들다고!!!하면서 웅웅 거립니다.  그리고 저는 옵션 낮은거로 사서 안쪽 시트가 전부 천으로 되어있었습니다. 여름에 엉덩이에 땀이 많이 나다보니 좌석 천에 땀 자국이 남아서 정비소 가서 사비로 인조가죽으로 교체했습니다. 공간활용이 정말로 좋습니다. 차 트렁크 용량도 커서 자전거도 들어가구요.   그리고 엄청난 꿀은 기름을 너무너무너무 적게 먹습니다 . 출퇴근용으로 사용하는데 한달에 풀로 두번 넣구요. 어디 좀 놀라 가면 달에 세번 넣는 정도?  그리고 뭐가 있나... 아 usb충전선 연결하는 부분이 앞쪽 밑에 달려있어서 연결하기 좀 불편하구요. 뒷자석 중간에도 하나 있는데 거기는 연결해도 충전이 엄청 느리더라구요. 아무튼 궁금한거 답글로 남겨주시면 알려드릴께요",8
2,정성스럽게 준비하신 영상 잘봤습니다승승장구 기원할께요!,4
3,"잘 적은 시승기네요.1)독일 중형 세단처럼 노면을 꽉붙잡고 , 계속 밀어붙이는 펀치력은 없습니다. 소형suv라서.2)네이버 hrv 카페의 실제  오너들의 만족도는  상당히 높은  편입니다3)2열공간은 예술입니다남자성인이 앉아도 좁지않습니다.동급최강입니다4)suv이긴 한데 출렁거림이 매우 적고 ,타고 내리기 편합니다5)젤,맘에 드는건 코너링입니다.  중형세단급 이상의 코너링입니다.hrv를 느껴볼려면 코너링입니다유튜브의 소형suv  장애물 핸들링  비교동영상들을 보세요. ㅡ무스 테스트 (moose test). 회피기동테스트https://www.youtube.com/watch?v=juXa1XGt7q4https://youtu.be/9zY8mjktndo",2
4,이 차 개인적으로 좋아하는데... 참...혼다센싱 탑제되면 사야겠네요,3
5,"미국에서 타고있는데연비 짱 입니다.여행다니는데 승차감도아주 좋습니다,",5
6,"구형 모델 몰고있는데 출퇴근용으로 괜찮은차에요 영상에 설명해주신 것처럼 공간활용성, 연비, 핸들링도 좋고 코너도 잘돕니다 근데 왜 신형도 전구를 누런거 달아줬나 모르겠네요 구형은 실내에 쌈마이 천조각으로 마감해놨는데 신형은 그나마 가죽마감이 되어있군요",6
7,관심있던 차량인데 잘봤습니다.가성비 있나요??국내동급 차량과 비교해서,3
8,첨 댓글 남겨요~민철기 기자님  늘 넘 멋져요여자기자님은 요정같네요~^^구독할게요,7
9, 1열 아래 연료탱크 있으면 위험성 있지 않을까요 !!,2
10,진짜 사고싶은 차 1순위,6
11,정새미 기자님 덕분에 보는 재미가 업업! ,5
12,리뷰계의 여신님,11
13,엔진소음은 어느정도인가요?,1
14,라이트가 여전히 벌브타입인가요? 아쉬습니다...,3
15,Hr-v 2세대계열은 이모델이 가장 멋진것 같아요https://youtu.be/Uar3hrmZcXQ,2
16,태국에사는 현재 여자친구가타고있는데 거기서는 이차가 5천만원정도 한다고하더라구요ㄷ,7
17,"this car sells like peanuts in my country, indonesia",1
18,42m 잘 멈춘다고?,2
19,확실히 여성분이나오시니 화사해지네요 ㅋㅋ영상 잘봤습니다~,5
20,현재.외국거주 이차타고있습니다.정말 솔직히.. 이차타고나서 저는 한국차가 정말 ...이제는 잘만드는구나.. 하는걸 다시한번느꼈습니다.같은가격대의 한국차 타다가.. 외국나와서 어쩔수없이 ( 한국차가 너무비싸요) 혼다 hrv로 갔는데.. 핸들링. 승차감. 내부디자인 등등 모든면에서 한국차가 훨씬 낫다는느낌입니다.물론 개인적인 평가이지만.. 외국사람들도 일본차가 워낙에.. 고장없다. 뭐 그런이미지가있어서 대중적으로 많이들구입하긴하는데.. 한국차를 타본외국인이라면.. 한국차에 훨씬 점수를 주지않을까싶습니다.( 하지민 제가사는 곳에선 한국차가 아주 비싸요...ㅜ.ㅜ),6
21,오우 저 이쁜언니는 누굴까요? 가대되네요,10
22,10년전 차 인테리어냐;;;;,2
23,실내 저 구린 디자인 무엇......... 일본차는 확실히 실내를 너무 막만듬.,5
24,시국이고나발이고 일본차는 스쿠터나 자동차나  실망시키지않음일본브랜드는 신뢰!믿음 임꼭안타본인간들이  시국 이어떻다고 참나  정치적인 정부놈들의 반일선동에현혹되는개돼지가되지맙시다  이게다 우리나라가외교못해서 벌어진일입니다,7
25,지금이 어느 때인데 꼭 일본 차 선전인가?...국민 정서 좀 해아립시다,3
26,아!! 진짜 리뷰 찰지게 잘하시내요!! 앞으로 많은 실생활 차량 위주로 부탁드려요~~ㅎ지프 레니게이드 한번 부탁드립니다.,1
27,hrv 랑 I30 1.4터보  랑 비교 하면 어때요?연비주행성능,1
28,잘봤습니다.SUV 구매 고려증인데 많은 고민을 주네요18년형 쏘렌토나 싼타페 푸조 5008 이랑 비교 하면주행성능은 어때요??연비는 맘에 드네요 ㅎㅎ,3
29,영상 잘보고있습니다! 감사합니다,1
30,푸조208 타봐야 실내소음을 ㅋㅋㅋㅋ,1
31,재미있게 잘 봤습니다~,1
32,한상기 선임기자님 항상잘보고 있습니다. 수고하세요. 감사합니다.,1
33,"처음 보는 차네요. ㅎㅎ엔진 소음이 동영상에서도 그리 좋아 보이진 않고, 인테리어 디자인도 좀 실망스럽네요. 잘봤습니다~ 추천~",1
34,요세 나오는 차들 보면 인테리어 각종 장치들을 보면 휘향찬란한 화려 하네요 운전중 잗동 할때 위험 하겠습니다,1
35,"저도 시승해봤는데요, 이 가격이면 선택할 수 있는 차가 너무 많아서ㅎㅎ",1
36,보고싶었던 차인데 감사합니다.,1
37,관심있던 차종 잘 보았습니다^^,1
38,잘보았습니다^^재규어 XF도 해주세요^^,1
39,"호주거주중인데 HR-V 한국수입차량은 정말 엉망이네요. 영상에 나오는 한등급만 수입된다면 정말 비싸게 수입되었네요.호주에서 판매하는 3등급중에 2600만원대의 최 하급 인거 같습니다. 헤드램프도 DRL 이 아니고 할로겐이네요ㄷㄷㄷ. 휠도 최 저급 휠 장착에 운전석 윈도우만 전동식이구 가죽시트도 아니네요. 호주 중국 미국 일본에선 3등급으로 나뉘어 팔고 최상급은 전체 가죽시트에 문쪽까지 다 가죽, DRL, 휠도 검은색 투톤, 조수석 사이드 카메라 등등 내부와 외부가 아~주 이쁘게 잘 나온 차량입니다. 정말 아쉽네요...http://www.honda.com.au/cars/models/hr-v.html 호주 혼다 홈피입니다. 비교해보세요~",9
40,"일본차 실내 인테리어를 매우 좋아하는데이 차는 국산차, 미국차보다도 못한 것 같네요..",2
41,전면부 휀다와 범퍼가 있는 부분의 단차가 확연히 차이가 나고.. 범퍼색상도 잘 못맞춘듯 합니다.;;  명색이 혼다인데. ^^;;    영상 감사합니다.,1
42,이거 보고 자야징 ㅎㅎ 잘보겠습니다 굿밤이요,1
43,연료통이 앞좌석 밑에 깔려 있어서 무게중심이 낮아진거 같네요,1
44,"코나 가솔린대비  오토홀드 있고, 2열폴딩시  평탄화 공간의 높이는 비교가 안되게 좋네요.     현대기아 B세그 차종들도  연료통 옮기고   2열 폴딩구조 다시 만들어야할듯",2
45,혼다가 한국 소비자들을 호구로 알고 있나 봅니다. ㅎㅎㅎ영상 잘 봤습니다. ^^,1
46,Looks good for once.,1
47,한상기님 탑기어 8월호 글 잘봤습니다.,1
48,아아아아아아ㅏㅇ으ㅡ으아으아아아아아아앙아아아아아아 왜시승차가없는거야ㅠ,2
49,이번 HRV는 하위트림이 온것 같네요 외국영상보니깐 led램프에 비싼옵션도 많이 들어갔더라구요ㅠㅠ,1
50,much more reliable than x1,1
51,그랜드스타렉스시승차없죠?,1
52,오늘 이거 구입했는데요 운동성능은 좋더라구요 근데 비싸요 님들은 사지마세요,1
53,아져씨 몇살이세요?,1
54,3190만원 짜리 맞나요... ㅎㅎ,2
55,필리핀 hrv보다 약간 덜들어간거같내요 제기느끼기엔,1
56,가격이 제일 문제인것 같네요,1
57,기자님의  CR V 시승기는 없네요,1
58,2016년에 저런 싼마이 소재를 더덕더덕 쳐 바르고 이 가격에..뒷자리 특이하게 접히는거 외엔 국산보다 더 낫다고 쉴드 쳐줄것도 없고..거기다 멕시코 생산 수입이라고 하던것 같던데요?그냥 팔 생각이 없는것 같네요..기자님도 어떻게든 좋은점을 찾아주려고 하는데..이가격에 이패키징으로 참 답 없네요...혼다코리아가 한국을 어떻게 보는건지...,2
59,오랜만에 업로드네요,1
60,"1:30 무렵에 ""할머니~할머니~""부르는 여자 목소리 환청인 줄 알고 다시 돌려봤네요...;;;요새 기가 허해서..",6
61,갑작스런 에어컨냉매 ㅋㅋ...,1
62,아~네,1
63,망설여지는차이겠어요,1
64,잘볼겠습니다,1
65,네....,1
66,중고차라도...,1
67,깡통인가요? 해외 리뷰보면 휠이나 내부 가죽도 흰색 투톤으로 좀더 고급 스럽던데,1
68,만약 3000만원이 있으면 걍 투싼을 사죠.....내부디자인이 별로인거 같아요,1
69,할머니 할머니 ㅋㅋ,2
70,한상기님은기자애요?,1
71,일본차는 흥미없고 안산다,1
72,엔진자체 내구성은 너무 좋음. 기술의 혼다라고 하는 만큼. 일본차는 오래타기에 좋음.,22
73,옵션에 목숨거는 사람한테는 최악의 차고기본기 내구성 신뢰성만 있음 된다고 생각하는사람에게는 딱 맞는 차,19
74,같은차종 구입한 40대 아줌마예요 어차피 옵션많아봤자 쓰는거만 쓰는데 저는 아이픽업용이고 가끔 스키장 데리고 다니는 차량인데 느끼는점이 딱 일치되는 리뷰입니다.국산차는 너무 디자인이 금방바뀌어서 금방 구식느낌이나서 전 혼다crv선택했어요 프로모션으로 엔진오일 평생무료라서 넘좋네요 안전운행하세요,5
75,"2017년식 차값 4천.차안이 넓고, 승차감 좋고 코너링 좋아요.",4
76,냉간시 소음 말씀하셨는데 cvt미션 최대 단점이 냉간시에 열이 일정온도로 올라오기 전까지 아무리 밟아도 rpm만 올라가면서 소음은 커지는데 속도는 안납니다.. 설계가 그렇게 되었다고 하네요,2
77,"와 앞,뒤 짜부됬는데 3분이 다 걸어나와.. 차량 구매에 가장 큰 부분을 차지해야될 이유인데, 옵션이다 뭐다.. 곁가지를 더 크게 생각하는 사람들 때문에 묻혀버린 차량이네요 ㅠㅠ",4
78,CR V가 고장 안나기로 유명하죠. 내구성은 인정합니다,10
79,기본에 충실한 차,4
80,미국에서 잘 팔리는 이유가 수출용이라도 각 나라마다 옵션 차이가 날수도 있어서 그럴수도 있어요,3
81,판매량 차이죠. 기아 스토닉 한국선 단종인데 유럽에선 트림다양하고 ㅡ 미국서 잘나가는 혼다 미국에선 옵션도 당연히 다양한거죠. 한국시장은 포기한듯,1
82,2008년식 cr-v 타는데 최신식에도 4륜 모델 있으면 다음 차로도 cr-v 타고 싶을 정도로 차 좋아요 크게 고장 났던 부분도 없고 잔고장 1도 없어요.,16
83,대만에서 많이 탔는데 우버 부르면 10대 중에 8대가 이차임,5
84,"미국아닌 한국에선 살 이유가 없네요,",20
85,차 좋아하는 사람한테 이런 차 정말 위험합니다.  고장도 안나고 유지비도 낮고 인건비 비싸고 차량관리하기 어려운 미국에서 이런 차가 없습니다. 한번 사면 바꿀 이유가 없어요.... 미국에서 가장 많이 보이는 SUV 중에 하나고 세부 옵션 고르기전에 선택 가능한 트림만 10개가 넘습니다. 물론 시작 가격 자체가 2천만원 초반이기도 하구요.,21
86,혼다는 가격이좀세다는거말고는 다좋지 가격만비슷하다면 현기아보다 훨씬좋은차지,5
87,대박 3자리 일본차 구매하시는 용기 인정합니다! 차주분 대단하신듯! “역사를 잊은 민족에게 미래는 없다”,40
88,"내구성과 연비 좋은 crv와 항상 안전운전 하시고 좋은 추억 많이 만드시기를 바라겠습니다! ㅎㅎ (p.s 차주분에게 자동차 매니아분들께 해가 되는 댓글, 정치 댓글은 자제 부탁드립니다!",19
89,차주분이 말씀을 잘하시네요ㅎㅎ 영상 잘봤습니다! 차 예쁘네요~,6
90,5.5세대 가솔린은 없는게 많네요;; 4.5세대 가솔린 유저인데 옵션들 거의 다 있고 상시사륜인데 몰랐던 사실이네요,12
91,와.. 옵션은 진짜 심하네. 대체 들어있는 옵션 자체가 없는것 같은데 ㅎㅎ,1
92,CRV를 봤는데알티마 프리우스 캠리가 사고 싶어졌습니다 ㅎㅎ,3
93,꺅~~~~~~~차가 너무 이뻐요 ️,13
94,왜안팔리는지 모르겠다고 하는데 본인이 단점으로 발언했던거 때문에 안팔리는 거임....,24
95,닛산 알티마가 그렇게 안전한차는 아니에요... 강성으로 따지자면 볼보나 독일차가 좋습니다.일본차는 강성이 아닌 내구성으로 사는 겁니다,8
96,2019년 오너입니다.  풀플랫 안되고 한국에선 메리트 없는 차입니다.  미국에선 할인도 받고 0.9프로 60개월이라 살만한데 한국에서 안 팔리는데는 이유가 있죠.  이젠 한국 차 비해 옵션 딸리고 네비화질 7인치 그저 그렇고 신형 스포티지가 상품성 휠 좋네요. 미국에서 살만하지 한국에서 이 가격에 이차를.....,16
97,"차주님이 굉장히 점잖고 말도 조리있게 잘 하시네요, 인품이 훌륭하실것 같아요",7
98,라브4 타는 사람으로서 혼다 CR-V 도 좋은 차입니다 ^^ 친구 차 타봤는데 라브4와 비슷하게 뒷자리 정말 편하더라구요 ~^^,9
99,미국에선 진짜 초대박 차인데,18
100,타고계신 차 트림이 1.5 가솔린 ex-l이라 옵션 빠진게 많아요 20년식 1.5 가솔린 투어링은 옵션 다 있습니다,6
101,그니까...소렌토 가격에 옵션은 깡통이고...트렁크는 작고...미션은cvt...디자인은...외장 내장와우...음...왜 안팔릴까...일본감성인데...,21
102,궁금했던 차량이라 반갑네요ㅎㅎㅎ,8
103,"조수석 전동시트, 전동 트렁크 다 있는데...ㅋㅋ 혼다 코리아가 이걸",2
104,혼다. 정말 조아요,2
105,"차의 본질은 엔진과 미션, 안전성이죠. 기본기에 충실한 일본차네요~ 옵션으로 승부보는 현기하고는 비교 카테고리가 다르다고 봅니다",7
106,저도 그래서 차 사고 몇년뒤에 락폴딩 했네요HUD는 속도만 표시되는 저가형 달았구요,1
107,글라스박스! ㅠ 부럽네요,1
108,오디오 교체 필수에요..  스피커 오디오 싹다 바꿔야되요.. 순정오디오 소리는..  30년전 라디오 소리가 나와요..  아.. 라브4 리뷰하는줄 알았네요... 라브4 얘기에요..,2
109,왜 한국에서 덜 팔리는지 모르시진 않을텐데 ㅎㅎ...,27
110,일본차를 대체할  국산차가없음    그니깐  일본차로 눈이가는건 어쩔수없음  현기가 국민우롱안했으면  이러지도않음    다른사람들도 닌텐도 .니콘 .캐논 카메라  사용 하는이유가  대체할만한게 없는거임  피카츄빵 상황만 봐도 알수있음 ㄱ아차로 시동꺼짐 급발진상황 다겪은  나로서는  crv알아보는중,2
111,"저는 미국에서 샀는데 메모리 시트, 트렁크 전동 리프트, 조수석 전동 시트 다 있어요.",1
112,ㅋㅋㅋㅋ이걸 빨고 잇는거보니 한심하다 정말,19
113,한일 감정만 아니면 사고 싶은 차 입니다테러 당할까봐 겁나서...,1
114,일본차 환상이 진짜 어마무시하구나...3800이면 한국에서 살차가 참 많은 가격대죠 일본차가 문제가 있어서 안산다기 보단 그돈이면...이 되는게 현실 게다가 희소성=인기없음=감가상각=수리비작살남 일본차 고장 안난다는데...고장나야만 고치는게 아니죠 사고나도 고칩니다 사고가 일본차만 피해가는게 아니죠,21
115,오... 말씀 듣다가 왜 도대체 cr-v 사셨지 했는데 굉장히 많은 선택지들이 다 배제되서 그런거였군요 ㅋㅋㅋㅋ 주변인과 같은차 사는거 당연히 싫죠 ㅋㅋㅋ,4
116,일본이 진심으로 사과만 했더라도 현기차 씹어 먹었을텐데 정말로 씁슬하네,1
117,실내에 비중을 안주는데도 너무나 오래된 스타일. 투싼 스포티지 비교로 2세대는 전.옵션은 너무심한데다가 국산차 비교우위가 절대없음.,4
118,차 이쁘네요!우오,2
119,이거 참 고민 많이함…근데 하부 녹부터 엔진오일 증가 등 이슈가 좀 있어서 결국 안삼..,8
120,돈 더받고 통풍좀 넣어라 혼다 코리아,3
121,"엥?  왜 옵션이 없지? 저는 2019년 터보인데 전동트렁크 있고 (발센서는 없음 ) / 운전선 메모리 시트 있고, / 조수석도 전동시트 / HUD도 있고 / 4WD / ..... 그런데요 저렇게 영상 찍으면서 CR-V 모든 차량에 옵션이 없다고 단정 짖는거는 잘못 된거 같네요...",3
122,둘이 왤케 닮았어요,1
123,두분이 목소리 비슷해서 헷갈려요 ㅋㅋ,1
124,혹시 차주와 형제 아닌가요?,2
125,안전을생각하면 볼보아닌가용???,7
126,가격도 엄청 싼데 희소성이 있다는건 어떤 문제가 있는거지....,10
127,일본차는 패스..,36
128,실내가 정말 구식 느낌이 나네요,9
129,차주님 말씀 잘하시네요,1
130,혼다 마크가 보기 좋네요,2
131,"혼다 1.5 터보 엔진 오일 딜루젼 이슈로 문제 많습니다. 혼다에서는 결함이 아니고 일부 추운 지역에서만 주의하면 된다고 소프트웨어 업뎃만 하는 배째라인데요. 휘발유가 엔진오일로 유입되어 엔진오일을 희석시키는 경우라서 오일 체크 주기적으로 하시고 교환 주기 앞당기셔야 합니다. 혼다는 더이상 옛날의 혼다가 아닙니다. 경영난과 원가절감 구닥다리 세습으로 점점 한물간지 오래구요. CVT 미션 자기들도 믿지 못해서 시빅 si나 타입R 은 수동 미션만 넣는것 만 봐도 알 수 있죠 미션오일도 관리 잘해주셔야 합니다. 실내 내장재 하드 플라스틱 천지인데 그거 보면 현기보다 못한데. 북미에서 운전 거칠게 하는 차들 보면 거의가  BMW, 혼다 아님 인도애들이 모는 닛산이죠.",5
132,차는 기본기지 이러면서 옵션에환장한 옵션질에 뭐에 현기까는댓글들이 나올때가되었는데 ㅋㅋ차주분 만족하고 타심 되는거지만 4천가까이하는차 시승이야 그렇다쳐도 옵션공부를 안하고 사셨다니 ㅜㅜ말씀하시는건 너무 차분하시고 좋아보이시는데 암튼 내구성좋고 장점보고 만족하시고 잘타시길바랍니다 일본차라고 매국노취급하는 이상한 개소리는무시하시고,4
133,엔진오일 증가 이슈가 큰거 같습니다..  미국에서 가장 많은 이슈더군요...,1
134,여기 나오시는 분 유아인이랑 되게 비슷하게 생기셨어요ㅋㅋㅋㅋㅋㅋ잘생기셨어요,6
135,일본차~~~?,5
136,특이하다..  호남 민주당 성향으로 보이는데 일본차 좋아하네. ㅋㅋ,20
137,부럽다 와 일본차다,3
138,네 다음차는 혼다 하이브리드 사야지..역시 일제가 좋아.,1
139,이 영상 댓글만 보고 왜 재명 석열이 3대 3인지 알 것 같네요 ㅋㅋ 딱 반반이네,4
140,일본차 산걸 멀 잘햇다고 자랑이라고 여길 나오냐ㅋㅋ,8
141,굳이 ...? 혼다를 .... ? 차에대해 잘 알아보면 일제차는 저물고 있다는거 아실텐데 좀더 알아보고 사시지 . ... ㅠㅠ,3
142,"노보스인터스트리채널에서 하이브리드는 직병렬하이브리드시스템을 강력 적극 추천합니다. 엔진우선권의 직병렬하이브리드시스템:도요타,렉서스(캠리,rav4,내년에 들어올 하이랜더하이브리드,ux250h,nx300h,es300h등 )전기모터 우선권의 직병렬하이브리드시스템:혼다(어코드하이브리드,cr-v하이브리드,추후 나중에 국내에 들어올 가능성이 있는 시빅신형하이브리드 등 입니다.)",2
143,진짜 ㄸ....차다.... 저게.. 4...천...4...천...이..면..그..랜.....어...휴..,3
144,일본차를 리뷰하다니 지금 당장 보배에 글 올리겟습니다,4
145,일본차 산게 못마땅하면 속으로 욕하세요이곳에 욕박아봐야 적는사람만 까입니다안팔리는덴 안팔리는 이유가 있겟죠,2
146,출시됐을때 일률적으로 하는 리뷰가 아닌 자세하고 세심한 설명이 좋네요 ~ 특징이 뚜렸한 차네요  공간과 주행성은 꽤 좋은점이군요,11
147,일본차 하체안정감은 한국차들은 절대이길수없지한국차 내부디자인보다 난 안정감을 선택할겁니다타면탈수록 신기하구 재밌죠 단 속도를 즐기는사람들은 예외ㅋ기술의혼다!혼다센싱,5
148,과거와 현재와 미래가 공존하는 차,5
149,엔진오일 증가 이슈만으로도 현기차 살 이유가 없음.디자인을 중시하면 현기차지만 차의 기본 성능 자체는 도요타 혼다와 비교불가 넘사벽임,12
150,후방 깜빡이 큼직한게 마음에 드네요.이전 스포티지 같은 모델은 뭔 생각으로 방향지시등을 그렇게 아래에 박아놨는지 참...,22
151,"늘 차분하고 섬세한 소개영상 감사합니다 기어버튼 주변 ""효도폰""  전산거리계 "" 꼬챙이"" 표현 뿜을뻔 했습니다 ^^    건강하세요 ^^",4
152,"저번달만 해도 국산 하브가 갑이라고 생각했는데.... 쏘렌토, 투싼, k8 하브 엔진오일 증가하는거 보고 마음 돌렸다....국산차 기술력은 아직 일본차 못따라감.",18
153,폰트 큰건 좋은 장정이라고 생각함,3
154,와 가격은 상당하네요 4850라니 ㄷㄷ,1
155,"디자인,옾션 안따지고 엔진,미션 이슈 없이10년이상 타실려면 가성비로는 일본차",10
156,좋은 영상 항상 감사합니다,5
157,4850 까지 주고 살정도는..현기 현재 하브 ecu업데이트 하고 봐야 알 듯혼다 1.5터보 하브도 엔진오일 증가했었는데 ecu업데이트 하고 나아진 걸로 알아요,2
158,뒷깜빡이 엄청크고 위에 달려서 멀리서 겁나잘보이겄어요 led에다가.,4
159,잘봤습니다. 리뷰 감사합니다!,3
160,ㅋㅋㅋㅋㅋㅋ스포티지하이브리드랑ㅋㅋㅋㅋ비교하다니!!기술의혼다다!!!!,4
161,몇 년 전만 해도 인기가 꽤나 많았던 모델이이제는 국산 하브SUV에 비해 메리트가 있어보이진 않는다니...!!국산차 발전이 많이 된 것 같아 자랑스럽습니다ㅎㅎ,22
162,영상 잘봤습니다.황의광소장님의 올뉴렉스턴과 비교하면 소음 진동 승차감은 어떤 차가 더 좋은지 궁금합니다.,6
163,부럽다 일본의  하이브리드 능력,1
164,고속에서 노면소음이 쏘렌토 비교시 어느정도 일까요?,1
165,외관  실내 디자인 현기 압승 하이브리드 기술 내구성 혼다 토요타 렉서스 압승,9
166,혼다 crv의 내구성은 극강 입니다. 제 자동차 중 한대가 2003년형이 있는데 너무 부드럽고 좋습니다...고장도 아직까지 거의 없습니다. 아주 극강 입니다.,9
167,와… 인테리어가 쉐보레에도 밀리는듯 하네요.,24
168,쏘렌토 하브가 가격대비 괜찮다고 생각하다가 엔진오일증가 이슈때문에국산차 는 역시...그리고 참고로 제발 국산차 브레이크좀신경써 줬으면 좋겠네요2~3백 더 줄 용의가 있으니 브레이크좀..,6
169,감사합니다. 잘보겠습니다,1
170,혼다 어코드  하브  차주입니다  차좃습니다 감사합니다,3
171,연말이나 내년에 풀체인지 나오는데 지금 살필요는 없다고 생각해요.,7
172,이젠 국산차가 그 무시섞인 국산차가 아닌지라돈을더주고 같은급의 차량을 외제라고 사줄 이유가 아예 없어졌네요. 4850은 차급에 비해 너무 비쌉니다. 4850이면 쏘렌토가 더 좋은 선택이죠.,14
173,산기형 시에나 하브 리뷰좀 부탁해요~^^,1
174,섬나라에서 닌자나오고 미래와 구석기를 같이 사는 이유가 여기에 다 나와..,2
175,일본차도 한물갔네요  외관이나 실내 디자인이 현기차보다 한세대 뒤진 느낌이 나는듯 합니다,22
176,잘보겠습니다 감사합니다,3
177,"CRV, 어코드, 파일럿 모두 시승해봤는데, CRV, 어코드는 아무 느낌이 없고, 파일럿은 꽤 괜찮은 느낌이였습니다.",3
178,차량 소개할때 풀체인지가 아닌 2017년 5세대 페리버전이라 소개를 해주시는게 좋을거같네요,14
179,"평생 엔진오일 무료 교환, 할인, 신속 출고 등 감안하면 메리트 있지요",15
180,한국차특: 옵션 외관으로 팔아먹음 일본차특 : 내구성 자량자체 주행성능으로 팔아먹음,14
181,감사히 잘보겠습니다.,3
182,"현실적으로 4,850만원을 주고 이 차를 사긴 쉽지 않을 것 같아요",24
183,근데 트렁크가 기본940이 맞나요 ㄷㄷㄷ,1
184,투싼 스포 하브보다 나은게없어보이네요..,34
185,"4:50후방카메라 화질이 상당히 안 좋네요,. 저거 야간이면 거의 안보일듯...사이드 미러 각도 진짜 안 좋아보이네요 짧고 작다니",8
186,소름돋는게 예전 08년식 시빅에서 봤던 똑같은 상단조명등이 22년식에도 달려있네요.....,21
187,티구안과 비교시 코너 안정감은 어떤가요?,1
188,일본차는 이제 역사의 뒤안길로.. 상품성이 정말 낮아보이네요,16
189,"잘봤습니다.. 이급에서는 투싼, 스포티지와 비교시 상품성은 떨어지는 것 같네요.가격은 쏘렌토 하리브리드 급이네요. 혼다도 좋은차를 많이 만들었는데.. 가격경쟁력도 상품성도 밀리는 인상입니다.",8
190,"차는 좋은데, 디자인에 좀 더 신경을 썼으면 괜찮았을텐데... 요즘에는 미국 차들도 디자인 신경 많이 써서 나오던데, 일본애들은 너무 안일한 듯...",4
191,잘보겠습니다!,3
192,와 이제 일본차 리뷰는 볼때마다 국산차 수준이 많이 올라왔다는게 느껴지네요ㅎㅎ 잘봤습니다~,10
193,7:41 센터콘솔 아닌가요? 센터페시아는 네비 공조장치 있는 영역을 지칭하는 걸로 압니다,1
194,킹상기니뮤ㅠ,5
195,아유 풀체인지라니...,2
196,4800만원이나 주고 이 차를 살 사람이 있으려나... 잘 보고 갑니다^^,8
197,캠리하브는 회생제동 조절을 브레이크 밟는 정도에 따라 조절되는데...,2
198,"네비가 어째... 2022년 최신차량인데 전반적인 느낌이 옛날 모젠이 떠오르네요;; 투싼,스포티지 하이브리드말고 얘를 선택해야할 이유가 거의 안보이네요.",11
199,실내주행하고 풀가속 할때 연비 얼마정도 나오나요? 고속주행하기 답답하다는 사람도 있던데 한상기선생님 느끼기에는 어떤지요?,3
200,"일본차내수성이 좋은 이유중 하나가 사골중 사골 부품들을 많이 사용해서 고장날 부품이 많지 않다는거죠.미국서민입장에서 최첨단,화려한 내장,외장보다는 그냥 10년 30,40만킬로 다녀도 고장없는 가장 구매포인트죠. 자잘구리한 고장이 나서 몇십,몇백킬로가서 차 맡기고 일주일,보름씩 기다려야하는 것은 너무 불편하죠. 일본차 외관,내부를 볼때마다 90년대느낌이 많이 나고 각종 전자편의장치도 10년전 기술을 아직까지 고집하는 것 같습니다.",7
201,라브4나 cr-v가 미국 suv 선두를 달린다는게 이해가 안되네요미국인들은 한번 산 제품을 다음에도 잘 안바꾸는 습성이 있다고 하더군요서민들 차라서 중고 방어에도 민감하고올해 투싼 스포티지가 많이 잠식할듯,11
202,3세대 cr-v를 살까 말까 엄청 고민했었던 예전 추억이 떠오릅니다. 하지만 그 이후로는 사고 싶은 마음이 안 들더라구요. 렉서스 빼고 일본차에 대한 감흥은 이제 거의 없어진 듯 합니다. 내연기관의 발전이 끝에 다달았기 때문일까요? 기술의 혼다라는 말도 상대적 우위가 별로 없어서 옛말이 된 거 같아요.오늘도 시승기 잘 봤습니다. 감사합니다!,7
203,한상기님 아반떼 수동 단종된다고하는데 하나지르시죠? ㅎㅎ,1
204,연비가 그다지 좋은건지 14킬로면 하이브리드차액으로계산하면 그다지이익이 아닌듯 싶네요,1
205,3:12 넘기기 실패 X3,2
206,"과거 국산차량 과 일본차량은 항상 기본기가 비교되었는데 이제는 기본기가 좋다는 소리 듣기 힘들며,  잔고장과 내구성(수리편의성) 얘기또한 과거 일본차량들에 국한된 소리이지 현재는 미국의 JD파워만 보더라도 높지 않음    이제는 가성비 옵션 인터리어 익스페리어 모두 동등 또는 그 이상이 많아 더이상 일본차가 좋다는 소리 듣기가 힘듬국내에서 현재 일본차량의 이미지는 독일차는 금액적으로 부담되는 사람들이 외제차는 타고싶어 구입하는 이미지?근데 그것또한 시국이 시국인지라 지금 구입하여 3자리 번호판은 좋은이미지가 받기 힘들기때문에우리나라에서 더이상 일본차는 매력적이지못함",6
207,가격이 쏘렌토급이라 쏘렌토 하이브리드로 가는게 답,8
208,형님 제발 렉서스 es300h 좀해주십시오ㅠ,2
209,기자님 gv60 vs egv70 신혼부부가 타기에 어느게 더 적합할까요?출퇴근 40km입니다.,1
210,차 좋은건 압니다만 디자인은 진짜 노답이네요,1
211,근데 저래보여도 일본차 카페 가보면 니뽄 하이브리드는 세계제일 !!! 외치는 사람들이 많아서. 두개의 모터라서 현기 하이브리드보다는 빨리 전기가 차고 ...어코드 탈때는 꾸준히 연비 17정도는 나왔는데 ... CR-V가 평균 13 정도라니..역시 SUV라서 연비가 떨어지네요. 차는 빨리 받을수 있습니다. 계약하고 일주일정도..,5
212,차가 제일 기본이면서 중요한게 주행성이지껍데기로 팔아먹는 자동차 회사는 망해야지잘달리고 잘멈추는 crv,9
213,네비 진짜 실화인가? 2022년에...,11
214,꽤 비싸네요.......요즘 차값이 다 올라서 그런가 원....,2
215,이걸 왜 사는지 모르겟다,3
216,차는 드럽게투박하고 90년대 갬성이 넘쳐나지만 쓰래기같은 현기보다는 백만배 좋은 하브SUV 승차감이든 혼다의 기술력으로 품질이든,9
217,국산차보다 많이 구리네요,2
218,"와. 인포테인먼트 심각하네요. 90년대 하이텔, 나우누리 PC통신 메인메뉴 보는 듯 합니다. 삐비비비비~~~츠츠츠츠즉~",33
219,보닛에 누구 커피야 ㅋㅋ,1
220,국산차가 많이 좋아지긴 했군요.. crv도 충분히 좋은차인데.. 허허,9
221,잘 보겠습니다,1
222,하도 CRV CRV 하길래 시승 해봤는데... 정말 아니올시다입니다.... 방음이 매우 아쉽습니다.. 창문 열린줄..,5
223,가격 미쳤네4850만원 주고 저걸 사는 사람이 있을까?,10
224,쏘렌토 싼타페 가격에 크기가 투싼 스포티지보다 작고 실내 디자인도 흠...,16
225,일본이 고령화 되다보니 차도 신구가 공존하게 만드는 것 같습니다^^,5
226,노보스가 최고 정말 내용 없다,1
227,가격이야 외제차니까 그렇다 치지만 실내 인테리어나 디스플레이 크기가 너무 충격적이다,14
228,실내디지인이…ㅡㅡ,1
229,"햐 이건 뭐  디자인하며, 인포시스템 인터페이스 등 좀 심하네...ㅎ",4
230,호우!,2
231,참 인테리어가 10년대하고 20년대하고 반반 섞인거같네요 뭔가 신형기술은 넣었는데 구닥다리 기술도 같이있고 ;;후방카메라 화질은 진짜 심하네요 가격대 생각하더라도..,3
232,20년전 내부디자인!!일본차가 왜 망하고 있는지 적나라하게 보여주는 차!!,3
233,뭔가 쌍용스럽네 ;;;,1
234,어찌 조선 딸딸이 자동차가 대일본제국 명차랑 비교를하냐,2
235,끝물일뿐,1
236,돈만있었으면 이거 샀지.. qm6로 만족중 ㅎㅎ,3
237,쉐보레보다 더 구린 실내는 정말 오랜만에 본다 ㅋㅋㅋㅋㅋㅋㅋㅋㅋㅋ,4
238,투싼보다 사이즈작은데 연비는 소렌토하이브리드 보다도 안좋다?  거기에 4850??,4
239,C-RV hybrid 네요  라브4 라이벌 입니다 국내 차량 싼타페 쏘렌토 하이브리드 입니다 잘봤어요 ,2
240,투싼 스포는 넘 과하고 ... 일본 suv들은 넘 올드하고 ... 걍 이급에서는 티구안이 답인듯요,2
241,어코드나 cr v 같은 한국에 정식 수입되는 혼다 차량은 실제로 미국생산이기도 하지만 차량 자체도 일본차이기보단 그냥 미국차 같네요,2
242,실내 인테리어 나무무늬에 카본스티커 마렵다ㅠㅠ,1
243,"아니 올드한건 이해하는데, 왜 가격만 신형이냐? ㅋㅋㅋ 4천8백이면, 걍 대형 펠리 3.8로 쟤랑 비슷한 옵션으로 뽑고 남는돈으로 기름값해도 될듯. ㅋ",6
244,"여긴 미국인데 미국에서  제이디 파워 자동차 내구성 평가에서 혼다 내구성은  완전 바닥으로 추락했습니다 그나마 도요타가 선방하고있고  흉기 제네시스가  나란히 1,2,3등 했네여..흉기 별로 안좋아하는데 그래도 한국차니까 응원합니다.. 글로벌 시장에서 잘나가는거 보면  기특하기도하구요,, 아직도  한국차가 일본차 기술력 못따라 간다고 하는데 그건 10년전 애기구여 지금  충분히 기술력이 더 좋다고 생각합니다 일본차  기술력 발전은 멈추어 있습니다 왜냐하면  파워트레인 내구성을 보면  사골입니다.. 더이상 엔진 미션 개발을 안합니다.. 20년전에 개발한 미션 엔진을 아직도 쓰고 있는게 일본차들입니다..지금 혼다 crv 소음이 장난이 아니네여.. 우와 익스테리어랑 실내 인테리어는 정말 답없네여.. 일본차들이 지금 만드는거 보면 미국차들처럼 투박하게 만들어여...",2
245,500만원 싸다해도 안사것다,9
246,일본차들 갈수록 디자인이 산으로 가는듯 ㅋ,3
247,저기서 400정도는 할인 할거 같은데 요즘 하이브리드 혜택도 줄고 있으니....할인하더라도 쏘렌토가 더 넓고 경재적입니다만 그래도 사는사람이 있다는건 그만큼 괜찮다는 거겠죠(할인 할경우....),1
248,아무리 일본차라 곱게 안보이나..라고 머리속을 다시 씻고 씻어도 이 차의 상품성이 전혀 좋아보이지가 않습니다...,3
249,...차금액에 비해..너무 실내가 올드하네유...시대를 못따라가는닷,1
250,풍절음이 엄청 크네요. 일산차들 대부분 왤케 구리게 나오나요? 엔진은 인정하는데 그외에 인테리어 익스테리어 등등등 개구림,2
251,2022년기준 내외부 디자인은 촌스럽네요 그래도 혼다 하이브리드는 좋은것 같아요,5
252,폰트 충격이네요 옛날 컴퓨터 보는줄...,6
253,5천만원 짜리 차를 사는데 실내외를 안본다는게 말이 안된다고 생각하네요 이차를 사야하는 이유가 모가있을까요,3
254,2.0 디젤 타고 전국일주하고 시퍼요 ...,1
255,CRV가 비싼차였구나... 오늘 알았네 .. 어우,1
256,4000이면 2만키로대 nx300중고가 정답,1
257,프로모션  많이 해야 살 메리트가 있을 듯 하네요.가격대에 다른 선택지가 너무 많아요.,1
258,"네비게이션 혹시 있나요....수입차 는 없다고 부실 하다고 하던데 궁금해서요,,,,,",1
259,마치 90년대 차량 같네요.....,3
260,앞모습은 쌍용느낌..,2
261,23:35 소식가,1
262,시끄러움,3
263,변화와 혁신을 못하면 혼다처럼 몰락 하는구나 .. 저딴차를 왜 사 ㅜㅜ,2
264,계기판 꼬챙이는 약간 충격이네요,3
265,뒷머리 떳어요..... 항상 단정한 모습이셨는데....ㅎ,1
266,ん？ノージャパンはどこ行った？,1
267,투싼급인데 싼타페 최고급보다 비싸네,1
268,요번에 미국에서 리콜되지 안해나 급정지 때문에,2
269,의외로 괜찮아 보이기도 하구요.,1
270,인테리어는 한 20년은 된것 같은...,1
271,현기차 보다 몇배는 구린 디자인과 인테리어.. 별 볼일 없는 성능.. 요새 일본차가 허접이 되어가는 이유,2
272,4천 후반인데 통풍이 없다? ㅋ,1
273,국산차 수준이 올라온거냐  일본차들이 뒤로온거냐????,2
274,"차는 괜찮은데 아무런 특징이 없는 차... 흔히 말하는 ""할배차""",3
275,일본차는 이제 기대가 전혀 안되네 ㅠ,2
276,Bmw x1을 사는게 좋아보임 내부가 너무 쌈마이스러움 5000만원 가까이하는차가 너무함,1
277,혼다는 나가고 인피니티 다시와라 ㅜㅜ,4
278,23:18 한상기 본업,2
279,4850...?,2
280,혼다차에서 가장 쓸때없는 기능이 방향지시등 점등시 내비에 카메라 나오는거… 아무리 생각해도 이해가 안 됨,1
281,미쿡 아줌마들이 선호합니다,2
282,실내.. 왜이리 구려~ 쌍용 최신차인줄... 혼다 도요타 닛산 스바루등 10개의 메이커가 넘어서 엉청난 경쟁으로 일본차 알아줬는데... crv 디자인은 현기 한테  밀리는거 같네..,2
283,쏘렌토나 싼타페 하이브리드를 두고 굳이 살 이유가 없어 보인다랄까…,3
284,길거리에서 일본차보면 극혐,1
285,쌍용 인줄,1
286,혼다 얘들은 철수하지굳이 버팅기네비용대비수익 안 되는 시장은 철수가 답,2
287,구시대 일본,2
288,할배차 누가사냐..저 돈이면..,2
289,JapaNo no more?,1
290,"가끔 모터리언 시승기 보는데, 타 업체 시승기에 비해 시승하시는 기자님이 뭔가 동네 형같은 편안한 분위기라 좋아요 ㅋㅋㅋ",1
291,항상 보면 운전느낌 설명시 차량의 기술적 부분과 같이 설명 및 리뷰를 해주셨으면 좋겠습니다..!!!,1
292,홍보담당자 앞에서도 꿋꿋하게 리뷰해주시는 모습 참 믿음직스러워 좋았습니다.테슬라 리뷰를 꼭 보고싶은데 언제 기회가 될까요ㅎㅎㅎ기다려집니다,1
293,"잘 봤습니다. 저도 HR-V, 티볼리, 2008 모두 시승 해봤는데요, HR-V 시승할 때 가격에 대해 딜러분께 물어보니 멕시코 수입이라 어쩔 수 없는 정책이다 하시더군요, 국내에는 대체할 차종이 너무 많아서 경쟁력이 떨어지는 것 같습니다.... ㅎㅎ만약 소형SUV를 구입한다면 니로나 티볼리로 갈 것 같군요.",3
294,"기술의 혼다... 단단한 서스펜션과 핸들링, 코너링에 기술 들어간듯 합니다.",2
295,가격책정이 너무나도 아쉬운차입니다.,5
296,LED램프나 주간주행등이 달렸으면 훨씬 이쁠거 같은데 할로겐 등이라 좀 없어보이는게 아쉽네요 ㅎㅎ 공간이나 실용성 같은건 좋아보이고... 나중에 할인할때 싸게사면 괜찮을듯... 외국생활 한다면 일본이나 북미에서 싸게 살 수 있다면 고를거 같아요,2
297,혼다 주행성능이야 단연히 좋고...주행성능 좋고 그것으로 끝이니...가격에 비하면 내장이 너무 떨어지니...사람들이...너무 단영한 반응이 아닐까요?프랑스 차량도 실용적인 내장재를 사용하는 편이지만은 혼다는 프랑스 차량 보다 더 심하니전 동영상 보면서 기자분들 자꾸 욕이 나올것 같은 분위기....,5
298,차가 가격대비 안좋긴 한데 너무 까신거 같아요 ㅎㅎㅎㅎㅎ 디자인 칭찬하시는데 개인 취향이니까 ㅎㅎㅎ 아무튼 몇대나 팔릴까 ㅎㅎ 신기록 나올듯한 차,1
299,우와 또 올라왔네요이번주는 종합선물세트 받는 느낌이네요항상 애타게 기다리는데이번주는 여러개 올려 주셔서 재미나게 보고 있습니다계속 좋은 리뷰 부탁 드릴께요,1
300,"딱봐선 직물시트에 작은 사이즈인대 가격은 3천대..막상 타다보면 만족도는 괜찮을거 같음, 근대 꼭 살만한 이유는 없을듯 3천대 suv는 경쟁차들이 많아서",2
301,단일등급으로 팔거면 차라리 네비나 터치식 공조같은 고급옵션을 빼고 가죽시트를 넣어주었으면 차값이 3천이라도 연말에 프로모션받고 살만도 한데... 차의 기본기나 인체공학적 설계가 좋아보여서 더욱 아쉬운 hrv네요.,2
302,직물..이해가 안가네요 저 가격에...공간이야 뭐 이해하겠지만.. 3200이면 대안이 많을듯... 푸조 3008도 보이고...,4
303,음 혼다는 가격빼고는 다 맘에든다....,1
304,저가격이면 하이브리드 라도 장착을 했어야지.... 딱 닛산 쥬크급인데.....,3
305,혼다 cr-v는 발고 쏘라고 있는 차는 아니죠  스포스성을 강조하시면 다른차를 고른른게 차량컨셉에 맏습니다 실용영역 브드럽게 타는 서민차입니다 다만 국내 성역맏게 가격이 측정되야 하는데 3천만원대라면 가격정책측정이 잘못한 차량!! 정말 아쉬운 수입차중 한차량,2
306,직물에다가 전동시트도 아니고...외제차들이 아무리 냉방시트옵션에 인색하다고 하지만 3천만원대 초반인데 할로겐 램프에 ㅋㅋㅋㅋㅋ와....진짜 저거 경쟁력이어딨을까 ...?현기 싫어하는사람이라도 차라리 이건 싼타페로 가는게 나을듯;;너무 메리트가 없는데;;;차량이 그냥 깡통수준;;,8
307,2400정도로나오면 관심 좀 받았을ㄴ낀데 욕만 먹겠네요 시빅을 타는 입장에서 옹호를해줄려고해도  넘 심한 가격대입니다,4
308,타보지도 않고 리플 쓰는 사람들 많이 보이네요,6
309,"첫차를 사려는데 ㅠ 2019혼다hrv와 씨빅, 어코드중에서 어떤게 더 좋을까요?? 다 비싸지만 어코드가 너무 비싸서요 ㅠ-ㅠ",1
310,가솔린인걸 감안하면 가격대가 아쉽네요 혼다의 내구성과 실내공간창출외에는 경쟁모델대비 나아보이진 않네요,3
311,칭찬할게 없는데 해주느라 고생하는게 딱 보임,3
312,마음엔  드는데  너무 비싸...,1
313,닛산 주크랑 비교하면 어때요???,1
314,3200만원이면 싼타페나 소렌토 2.0 상급트림을 사는데 그 가격으로 크기는 아베오나 엑센트급인 소형에 직물시트에.... 이걸 왜 사죠?,2
315,이차 타고있는데 주행성능도 좋고 내부 공간도 좋고 저는 직물시트 빼면 만족스럽게 타고 있습니다 시트는 걍 가죽시트 씌우는거 사서 입혀놨구요 저는 할인을 좀 많이 받아 사긴 했는데 가격경쟁력은 의문입니다 참고로 시빅이 이차보다 조금 더 쌉니다 최저트림 수준 사양에 3100 받는거는 좀...,1
316,가격대비 외관 내장제 내장옵션 뭐하나 맘에 드는게없네 ㅋㅋㅋ 큰차도아니고 옆에 관계자 앉아서 눈치나 주고. 한국에서 안팔리는 이유가 충분,1
317,혼코관계자 분이 바로 옆에 계셔도ㅋㅋㅋ 뭐라고 한 소리 안들으셨나요?,1
318,승용차가 a to b 로의 이동수단인게 당연하지 ㅋ 그 이상을 기대하면 억대 이상 돈 쓰고 서킷 갈 여유 있는 사람들에 한정된 얘기 아닌가? 일반 도로에서 추월 레이싱 즐기는 건 양아치 마인드에 불과하고,1
319,"나름 매력이... 뭘지,,,  ㅋ",1
320,옆에 관계자분 있어서..어떻게든 좋은점을 찾아주려고 하는데..뭐가 있어야지..뒷자리 접는방법 좀 특이한게 고작 자랑거리라니..혼다코리아 생각없네..,2
321,옆에 담당자인가요? ㅋㅋ,1
322,혼다코리아는 장사를 존나 못해요~,5
323,여성분들... 완전 sexist... 아저씨 모터 저널리스트 글러먹었네,1
324,가격대비 경쟁력은 없어보입니다. 3200이면 선택할 수 있는 차량이 많습니다...아쉽네요 가격정책이,4
325,정확히 2003년식 현대차 보는거 같다 ㅋㅋ 요즘세상에 할로겐이뭐냐? 한국을 개무시해도 이건 좀 아닌듯 ㅋ 일본차 좋아하지만 이건 안 깔 수가 없네 ㅋ,3
326,hello!,1
327,"일본은 한국보다 헐씬 개인들은 부자들이니까............껌 값?  인가 보네요...ㅎㅎ현기차는 한국소득수준에 맞춰 가격을 만들고  혼다 닛산도요다는 일본소득수준에 맞추는데...................미국은 소득 높은 사람도 많은데  차값도 싸네,,,,,,,,,,,,,그러니 떡잎이 파라면 미국보내서  살려보는게............한국은 노란 떡잎을 미국에 보내서 한국망신 다시키고,,,, 그러면서도  재미교포들은 한국에 꽁짜 많이 원하고  거서 할것없으면  한국에 와서 어께 힘주지만 깡통들은 많코  영어학원교사는 하니까.....",1
328,다들 겉으로 보이는 내장사양 같은것만 따지네 ㅋㅋㅋㅋ,3
