,title,url
0,터프한데 우아하네…'SUV 끝판왕'의 질주 [4세대 레인지로버 시승기],http://news.mk.co.kr/newsRead.php?no=406186&year=2022
1,[시승기] 세련된 디자인에 400마력 심장… 중형 SUV ‘레인지로버 벨라’,https://biz.chosun.com/industry/car/2022/05/07/T2GFTPOF6VCYZCMWDL2F2THWZE/?utm_source=naver&utm_medium=original&utm_campaign=biz
2,"KB캐피탈, `레인지로버 스포츠` 운용리스 시행",http://www.fnnews.com/news/202204211343082970
3,"랜드로버, 3세대 레인지로버 스포츠 내달 공개..M·AMG 겨냥 SVR 출시!",http://www.dailycar.co.kr/content/news.html?type=view&autoId=44029
4,2억원대 신형 '레인지로버' 출고까지 최장 2년,http://www.etnews.com/20220426000169
5,레인지로버 5세대가 온다,https://view.asiae.co.kr/article/2022042610135964645
6,"레인지로버, LG전자 자회사 ZKW ‘스마트 눈’으로 달린다",https://www.dnews.co.kr/uhtml/view.jsp?idxno=202204211230112110509
7,"ZKW, 신형 레인지로버 차량에 '스마트 디지털 LED 헤드라이트' 적용... ""눈부심 방지""",http://kr.aving.net/news/view.php?articleId=1703267&Branch_ID=kr&rssid=naver&mn_name=news
8,[生生시승기] 아름다움과 여유 '레인지로버 벨라',http://www.sporbiz.co.kr/news/articleView.html?idxno=616784
9,레인지 로버 '안전벨트 이상' 1만5000대 리콜 … 한국서도 1만대 팔려,http://www.safetimes.co.kr/news/articleView.html?idxno=110559
10,"랜드로버 벨라, 주행성능 높인 HST 추가..직렬 6기통 395마력 파워",http://www.dailycar.co.kr/content/news.html?type=view&autoId=43965
11,"랜드로버, 신형 레인지로버 스포츠 출격..트윈터보 V8 탑재한다!",http://www.dailycar.co.kr/content/news.html?type=view&autoId=43551
12,"[자유로 연비] 575마력의 퍼포먼스 아이콘, 랜드로버 레인지로버 스포츠 SVR의 자유로 연비는?",https://hankookilbo.com/News/Read/A2022030707530002290?did=NA
13,"9년만에 확 바뀐 '올 뉴 레인지로버' 국내 출시…""최강 SUV 컴백""",http://www.gpkorea.com/news/articleView.html?idxno=84819
14,"[시승기] 575마력을 자랑하는 도로 위의 폭군, 랜드로버 레인지로버 스포츠 SVR",https://hankookilbo.com/News/Read/A2022021521000001800?did=NA
15,"[신차열전] 랜드로버, ‘레인지로버 스포츠’ 2021년형 출시…최신 MHEV 디젤 엔진 탑재",https://www.dnews.co.kr/uhtml/view.jsp?idxno=202104201746316180843
16,"KB캐피탈, '레인지로버 스포츠' 운용리스 프로그램 시행",http://www.newscj.com/news/articleView.html?idxno=973872
17,"재규어랜드로버, 레인지로버 스포츠 2021년형 출시…1억3357만원부터",https://daily.hankooki.com/lpage/industry/202102/dh20210208101744147980.htm?s_ref=nv
18,"[리뷰] 레인지로버 스포츠 SVR의 절정, ‘오버핀치 슈퍼스포츠’",https://hankookilbo.com/News/Read/A2021063007510003811?did=NA
19,"재규어랜드로버, 中 인비전과 배터리 구매 논의",https://www.theguru.co.kr/news/article.html?no=33140
20,"재규어랜드로버, 플래그십 SUV '올 뉴 레인지로버' 국내 최초 공개",http://www.seoulfn.com/news/articleView.html?idxno=438807
21,"랜드로버, 영화 007 시리즈 60주년 기념 ‘올 뉴 디펜더 스페셜 랠리카’ 공개",https://sports.donga.com/article/all/20220330/112601799/2
22,"랜드로버 ""007 시리즈 60주년 기념 ‘올 뉴 디펜더 스페셜 랠리카’ 공개""",https://sports.hankooki.com/lpage/economy/202203/sp20220329084016136990.htm?s_ref=nv
23,"랜드로버, 영화 007 60주년 기념 '올 뉴 디펜더 스페셜 랠리카' 공개",http://news.mt.co.kr/mtview.php?no=2022032416304971867
24,"랜드로버, ‘올 뉴 디펜더 스페셜 랠리카’ 공개",http://www.rpm9.com/news/article.html?id=20220325090011
25,"랜드로버, 007 시리즈 60주년 기념 '올 뉴 디펜더 스페셜 랠리카' 공개",http://kr.aving.net/news/view.php?articleId=1693627&Branch_ID=kr&rssid=naver&mn_name=news
26,"랜드로버 '올 뉴 디펜더 및 레인지로버 스포츠 SVR', 영화 '007 노 타임 투 다이'에서 거침없는 질주 본능 선보여!",http://kr.aving.net/news/view.php?articleId=1635400&Branch_ID=kr&rssid=naver&mn_name=news
27,핸들서 손떼도 경고등 안울리는 벤츠 3만대 리콜 결정,https://www.nocutnews.co.kr/news/5747257
28,"랜드로버, 3세대 레인지로버 스포츠 출시..전동화 파워트레인 ‘눈에 띄네’",http://www.dailycar.co.kr/content/news.html?type=view&autoId=40663
29,긴 곡선이 아름다운 랜드로버 레인지로버 벨라... “1억원대 가격은 부담” [시승기],http://www.segye.com/content/html/2021/10/05/20211005505446.html?OutUrl=naver
30,"랜드로버, 레인지로버 스포츠 ‘얼티메이트 에디션’ 공개..비스포크 적용!",http://www.dailycar.co.kr/content/news.html?type=view&autoId=40713
31,"랜드로버, 화재 우려로 레인지로버스포츠. LR4 11만여 대 美서 리콜",http://www.autodaily.co.kr/news/articleView.html?idxno=429087
32,[카 라이프] 덩치는 SUV인데 성능은 스포츠카네,http://news.mk.co.kr/newsRead.php?no=162894&year=2022
33,"럭셔리 퍼포먼스 SUV 기준 제시하는 '랜드로버, 레인지로버 스포츠'",http://digitalchosun.dizzo.com/site/data/html_dir/2021/05/26/2021052680075.html
34,`가장 아름다운 SUV' 랜드로버 레인지로버 벨라 2021년형' 출시,http://www.gpkorea.com/news/articleView.html?idxno=75305
35,"랜드로버, 전방위적 상품성 강화 ‘레인지로버 스포츠’",http://www.hankookilbo.com/v/e7de7ffeda664296afcb23ce8dc7dee8
36,랜드로버 '레인지로버 스포츠' 고성능 모델 국내 출시.. 1억4100~1억5120만원,http://www.edaily.co.kr/news/newspath.asp?newsid=01804006609300040
37,[이근우의 신차열전] 랜드로버 ‘레인지로버 스포츠’ 2021년형 가솔린 모델 출시,https://www.dnews.co.kr/uhtml/view.jsp?idxno=202102131632272010719
38,"재규어 랜드로버, 레인지로버 스포츠 2021년형 출시",http://www.rpm9.com/news/article.html?id=20210209090002
39,"랜드로버코리아, 상품성 개선한 ‘레인지로버 이보크’ 출시… “확 달라진 탑승 경험”",https://www.donga.com/news/article/all/20210405/106250042/2
40,이것이 차세대 레인지로버 스포츠다,http://www.thedrive.co.kr/news/newsview.php?ncode=1065598008991670
41,[리뷰] 007과 애스턴 마틴 그리고 랜드로버,http://www.rpm9.com/news/article.html?id=20211022090007
42,[시승기] 디자인에 묵직함을 얹고 돌아온 '레인지로버 스포츠',http://www.hankookilbo.com/v/78E5E4E7FD3ECC8778D143D71A2406B5
43,[카 라이프] 최신 인포테인먼트 시스템 탑재…직관적 인터페이스 '최적 승차감',http://news.mk.co.kr/newsRead.php?no=25172&year=2022
44,재규어랜드로버 '자동 하이빔 어시스트' 관련 1357대 리콜,http://www.consumuch.com/news/articleView.html?idxno=53268
45,영화 ‘007 노 타임 투 다이’에서 랜드로버 디펜더 등 ‘대활약’,http://www.rpm9.com/news/article.html?id=20210927090001
46,"강력한 퍼포먼스에 고급 디자인, 연비·안전성도 갖춘 레인지로버",https://www.hankyung.com/economy/article/2021062226621
47,"레인지로버 스포츠 2021년형 출시, 최고 효율 친환경 디젤 엔진 탑재",http://www.sportsseoul.com/news/read/1034822?ref=naver
48,"랜드로버, '007 노타임 투 다이'서 거침없는 질주 본능",http://www.newsis.com/view/?id=NISX20210915_0001585160&cID=13001&pID=13000
49,"[히스토리] 레인지로버, 드라이빙의 열정을 더하다 ‘랜드로버 레인지로버 스포츠'",https://hankookilbo.com/News/Read/A2020090814010004348?did=NA
50,"오토플러스, 오늘(13일) 부산지점 특집 라방..레인지로버 스포츠·모하비 소개",http://www.slist.kr/news/articleView.html?idxno=242464
51,"‘2억원대’ 랜드로버 신형 레인지로버, 사전계약 2000대 돌파… “이미 없어서 못 사는 차”",https://www.donga.com/news/article/all/20220302/112121233/2
52,"[자동차오늘] 랜드로버, 올 뉴 레인지로버 사전계약 2000대 돌파…마세라티, MC20·프라그먼트 출시 기념 프로모션",http://www.sisaon.co.kr/news/articleView.html?idxno=136754
53,마이바흐·벤테이가·레인지로버…‘억’ 소리 나는 新車 열전,http://news.mk.co.kr/v2/economy/view.php?year=2021&no=454072
54,"'올 뉴 레인지로버' 앞세운 재규어랜드로버, ""차량 공급 이어갈 것""",http://www.newspim.com/news/view/20220211000842
55,"[리뷰] 화려하게 다듬은 랜드로버의 역동성, ‘오버핀치 스포츠’",https://hankookilbo.com/News/Read/A2021062907460001689?did=NA
56,배기가스 줄이고 가격 낮춰… 신형 레인지로버 국내 상륙,http://www.munhwa.com/news/view.html?no=2021042601032239176001
57,재규어 레인지로버 스포츠 2021년형·캐딜락 XT4 출시…럭셔리 SUV 시장 공략,http://www.ajunews.com/view/20210208102025348
58,'007 제임스 본드 에디션' 랜드로버 디펜더 V8 공개,http://www.thedrive.co.kr/news/newsview.php?ncode=1065593583995874
59,"오토플러스 부산지점 특집, 레인지로버vs모하비 대결구도",http://www.cbci.co.kr/news/articleView.html?idxno=413888
60,"랜드로버, 신형 레인지로버 스포츠 출시 계획..고급 SUV 시장 공략",http://www.dailycar.co.kr/content/news.html?type=view&autoId=35858
61,'럭셔리 SUV의 시초' 랜드로버 레인지로버 50년의 역사,https://view.asiae.co.kr/article/2020062001423115528
62,"랜드로버, 궁극의 럭셔리 SUV ‘레인지로버’ 탄생 50주년 맞아",http://www.electimes.com/article.php?aid=1592408755200342094
63,"랜드로버 레인지로버, 탄생 50주년 맞아",http://www.rpm9.com/news/article.html?id=20200619090004
64,"랜드로버 럭셔리 SUV, 레인지로버 탄생 50주년 맞아… '레인지로버 50' 출시 예정",http://kr.aving.net/news/view.php?articleId=1582813&Branch_ID=kr&rssid=naver&mn_name=news
65,괴물 같은 덩치에 승차감은 세단…레인지로버 스포츠 SVR [신차털기],https://www.hankyung.com/economy/article/202203044309g
66,tvN 드라마 ‘하이클래스’에서 조여정이 타 주목받은 차는?,http://www.thedrive.co.kr/news/newsview.php?ncode=1065573472615844
67,[2022 신차] 랜드로버 SUV ‘올 뉴 레인지로버’… 900㎜ 깊이 물도 거뜬,https://biz.chosun.com/industry/car/2022/01/13/C22PKDXHZZE5TLLYUT3M36QLSM/?utm_source=naver&utm_medium=original&utm_campaign=biz
68,제작결함 '아우디·볼보·벤츠·포드·테슬라·포르쉐·랜드로버· 스즈키' 리콜,http://www.lcnews.co.kr/news/articleView.html?idxno=20114
69,‘007 노 타임 투 다이’에 등장해 제임스 본드를 추격하는 차는?,http://www.thedrive.co.kr/news/newsview.php?ncode=1065583078787520
70,"[시승기] 레인지로버를 향하는 계단, 랜드로버 디스커버리 스포츠 시승기",http://www.hankookilbo.com/news/npath/201906040798387145?did=NA
71,"오토플러스, 23일 리본쇼서 ‘레인지로버 벨라·BMW 3시리즈·G90’ 소개",http://www.dt.co.kr/contents.html?article_no=2021032302109932064007&ref=naver
72,2019 랜드로버 디스커버리 스포츠 레인지로버 이보크 풀체인지 벨라 핫 이슈,http://www.psnews.co.kr/news/article.html?no=38770
73,[시승기] '여성 선호도 甲'…랜드로버 '레인지로버 벨라' 직접 타봤다,https://asiatime.co.kr/news/newsview.php?ncode=1065599089835082
74,"KB캐피탈, 재규어 랜드로버와 저금리 할부 프로그램",https://www.fetv.co.kr/news/article.html?no=82272
75,"KB캐피탈, 재규어 랜드로버 저금리 프로그램 시행",http://www.smedaily.co.kr/news/articleView.html?idxno=201787
76,"국내서 부진한 재규어랜드로버, 글로벌 시장선 '회복세'",http://www.sisaweek.com/news/articleView.html?idxno=144308
77,"[브랜드이야기]레인지로버, 세대를 거칠수록 거듭된 진화로 '독보적' 존재감 과시",http://www.ajunews.com/view/20200924162428021
78,"랜드로버, 레인지로버 스포츠 HST 출시..국내 투입 계획은?",http://www.dailycar.co.kr/content/news.html?type=view&autoId=32280
79,"재규어랜드로버코리아, SBS 인기 드라마 '펜트하우스'에 차량 지원",http://www.autodaily.co.kr/news/articleView.html?idxno=426060
80,"[리뷰] 역동적인 레인지로버의 절정, 랜드로버 뉴 레인지로버 스포츠",http://www.hankookilbo.com/v/471AD0B370BC8F14C109DFA5221D704A
81,"포르쉐ㆍ랜드로버ㆍ마세라티, 럭셔리에 스포츠 감성 더한 ‘영 앤 리치 SUV’ 인기몰이",https://www.dnews.co.kr/uhtml/view.jsp?idxno=202012091357575050639
82,"재규어랜드로버, 올해 신차 4종 출시… ""LG·SK와 손잡고 한국 시장 재도약""",http://digitalchosun.dizzo.com/site/data/html_dir/2021/03/15/2021031580255.html
83,"랜드로버, 뉴 레인지로버·뉴 레인지로버 스포츠 동시 출격",http://www.sportsworldi.com/content/html/2018/04/11/20180411004782.html?OutUrl=naver
84,"랜드로버, 뉴 레인지로버·레인지로버 스포츠 출시…'남다른 럭셔리 SUV'",http://www.ebn.co.kr/news/view/936658
85,랜드로버 플래그십 럭셔리 SUV '뉴 레인지로버'와 프리미엄 스포츠 SUV '뉴 레인지로버 스포츠' 출시,http://www.sisafocus.co.kr/news/articleView.html?idxno=183496
86,"재규어 랜드로버 코리아, 韓시장 공략 신차 '릴레이 출격'",https://www.ajunews.com/view/20220328114917325
87,랜드로버 ‘뉴 레인지로버 스포츠’ 장가계 천문산 999계단 등반 성공,http://www.pressian.com/news/article.html?no=187483&utm_source=naver&utm_medium=search
88,"재규어 랜드로버 코리아, 대형 SUV 올뉴 레인지로버 선봬",http://www.g-enews.com/ko-kr/news/article/news_all/202111251547344135938f3ba357_1/article.html
89,"[시승기] 랜드로버, '레인지로버 스포츠' 역시 엄지척",http://www.m-i.kr/news/articleView.html?idxno=387792
90,"재규어랜드로버코리아, ‘올 뉴 레인지로버’ 사전 공개",https://www.ajunews.com/view/20211124134536105
91,랜드로버 플래그십 SUV '올 뉴 레인지로버' 베일 벗다,https://www.ekn.kr/web/view.php?key=20211124010004207
92,[Car&Fun] 50주년 맞은 럭셔리 SUV 선구자 '레인지로버'...170만대 지구촌 질주,https://www.sedaily.com/NewsView/1Z59WCKMA3
93,[시승기] 랜드로버 레인지로버 스포츠 3.0 SC HSE 다이내믹 시승기,http://www.hankookilbo.com/v/29CB8A77359E056CECC2BE335987F5C0
94,재규어랜드로버 ‘올 뉴 레인지로버’ 내년 상반기 국내 출시,https://www.seoul.co.kr/news/newsView.php?id=20211129021005&wlog_tag3=naver
95,사진으로 보는 랜드로버 레인지로버 스포츠 3.0 SC,http://www.hankookilbo.com/v/ACDC6AABB93B0746B3F17C9FB137F546
96,"랜드로버 '뉴 레인지로버 스포츠', 장가계 천문산 999계단 등반 성공",http://www.ebn.co.kr/news/view/931627
97,[시승기] 랜드로버 ‘레인지로버 벨라’ SUV는 투박하다? 스포츠카 같은 우아함,http://news.mk.co.kr/v2/economy/view.php?year=2018&no=64778
98,"시동 꺼지고,언덕 못오르고 속 터지는 랜드로버 레인지로버",http://www.edaily.co.kr/news/newspath.asp?newsid=01872886619409984
99,"[시승기] 호화스러운 존재, 랜드로버 레인지로버 LWB 오토바이오그래피 SDV8",http://www.hankookilbo.com/news/npath/201811211146099780?did=NA
100,[리뷰] 007과 애스턴 마틴 그리고 랜드로버,http://www.rpm9.com/news/article.html?id=20211022090007
101,[시승기] 디자인에 묵직함을 얹고 돌아온 '레인지로버 스포츠',http://www.hankookilbo.com/v/78E5E4E7FD3ECC8778D143D71A2406B5
102,[카 라이프] 최신 인포테인먼트 시스템 탑재…직관적 인터페이스 '최적 승차감',http://news.mk.co.kr/newsRead.php?no=25172&year=2022
103,재규어랜드로버 '자동 하이빔 어시스트' 관련 1357대 리콜,http://www.consumuch.com/news/articleView.html?idxno=53268
104,영화 ‘007 노 타임 투 다이’에서 랜드로버 디펜더 등 ‘대활약’,http://www.rpm9.com/news/article.html?id=20210927090001
105,"강력한 퍼포먼스에 고급 디자인, 연비·안전성도 갖춘 레인지로버",https://www.hankyung.com/economy/article/2021062226621
106,"레인지로버 스포츠 2021년형 출시, 최고 효율 친환경 디젤 엔진 탑재",http://www.sportsseoul.com/news/read/1034822?ref=naver
107,최신 마일드 하이브리드 디젤 엔진 탑재한 '레인지로버 스포츠 2021년형' 출시…가격은 1억3087만원부터,http://sports.chosun.com/news/ntype.htm?id=202104210100171040011043&servicedate=20210420
108,"랜드로버, '007 노타임 투 다이'서 거침없는 질주 본능",http://www.newsis.com/view/?id=NISX20210915_0001585160&cID=13001&pID=13000
109,"재규어랜드로버, 21년형 레인지로버 한국 등장",http://autotimes.hankyung.com/apps/news.sub_view?popup=0&nid=02&c1=02&c2=02&c3=00&nkey=202102080948151
110,"""환경까지 생각했다""..하이브리드 적용한 '레인지로버 스포츠'",http://www.edaily.co.kr/news/newspath.asp?newsid=03450566629018088
111,"랜드로버, '007 노타임 투 다이'서 거침없는 질주 본능",http://www.newsis.com/view/?id=NISX20210915_0001585160&cID=13001&pID=13000
112,"재규어랜드로버, 21년형 레인지로버 한국 등장",http://autotimes.hankyung.com/apps/news.sub_view?popup=0&nid=02&c1=02&c2=02&c3=00&nkey=202102080948151
113,"[히스토리] 레인지로버, 드라이빙의 열정을 더하다 ‘랜드로버 레인지로버 스포츠'",https://hankookilbo.com/News/Read/A2020090814010004348?did=NA
114,"랜드로버, '007 노 타임 투 다이'에서 거침없는 질주 본능 선보여",http://sports.chosun.com/news/ntype.htm?id=202109160100122090007829&servicedate=20210915
115,"오토플러스, 오늘(13일) 부산지점 특집 라방..레인지로버 스포츠·모하비 소개",http://www.slist.kr/news/articleView.html?idxno=242464
116,"‘2억원대’ 랜드로버 신형 레인지로버, 사전계약 2000대 돌파… “이미 없어서 못 사는 차”",https://www.donga.com/news/article/all/20220302/112121233/2
117,"[자동차오늘] 랜드로버, 올 뉴 레인지로버 사전계약 2000대 돌파…마세라티, MC20·프라그먼트 출시 기념 프로모션",http://www.sisaon.co.kr/news/articleView.html?idxno=136754
118,마이바흐·벤테이가·레인지로버…‘억’ 소리 나는 新車 열전,http://news.mk.co.kr/v2/economy/view.php?year=2021&no=454072
119,"'올 뉴 레인지로버' 앞세운 재규어랜드로버, ""차량 공급 이어갈 것""",http://www.newspim.com/news/view/20220211000842
120,레인지로버 스포츠 2021년형 디젤 출시…1억 3087만 원~,http://www.thedrive.co.kr/news/newsview.php?ncode=1065572990393519
121,"[히스토리] 레인지로버, 드라이빙의 열정을 더하다 ‘랜드로버 레인지로버 스포츠'",https://hankookilbo.com/News/Read/A2020090814010004348?did=NA
122,"랜드로버, '007 노 타임 투 다이'에서 거침없는 질주 본능 선보여",http://sports.chosun.com/news/ntype.htm?id=202109160100122090007829&servicedate=20210915
123,"오토플러스, 오늘(13일) 부산지점 특집 라방..레인지로버 스포츠·모하비 소개",http://www.slist.kr/news/articleView.html?idxno=242464
124,"‘2억원대’ 랜드로버 신형 레인지로버, 사전계약 2000대 돌파… “이미 없어서 못 사는 차”",https://www.donga.com/news/article/all/20220302/112121233/2
125,"[자동차오늘] 랜드로버, 올 뉴 레인지로버 사전계약 2000대 돌파…마세라티, MC20·프라그먼트 출시 기념 프로모션",http://www.sisaon.co.kr/news/articleView.html?idxno=136754
126,마이바흐·벤테이가·레인지로버…‘억’ 소리 나는 新車 열전,http://news.mk.co.kr/v2/economy/view.php?year=2021&no=454072
127,"'올 뉴 레인지로버' 앞세운 재규어랜드로버, ""차량 공급 이어갈 것""",http://www.newspim.com/news/view/20220211000842
128,"[리뷰] 화려하게 다듬은 랜드로버의 역동성, ‘오버핀치 스포츠’",https://hankookilbo.com/News/Read/A2021062907460001689?did=NA
129,배기가스 줄이고 가격 낮춰… 신형 레인지로버 국내 상륙,http://www.munhwa.com/news/view.html?no=2021042601032239176001
130,"랜드로버 디펜더, 007 신작 영화 속 '시선집중'",http://www.mediapen.com/news/view/663773
131,‘레인지로버 스포츠’ 2021년형 출시…1억3087만원부터,http://www.lawissue.co.kr/view.php?ud=2021042016313946367191f6c6e_12
132,"오토플러스, 오늘(13일) 부산지점 특집 라방..레인지로버 스포츠·모하비 소개",http://www.slist.kr/news/articleView.html?idxno=242464
133,"‘2억원대’ 랜드로버 신형 레인지로버, 사전계약 2000대 돌파… “이미 없어서 못 사는 차”",https://www.donga.com/news/article/all/20220302/112121233/2
134,"[자동차오늘] 랜드로버, 올 뉴 레인지로버 사전계약 2000대 돌파…마세라티, MC20·프라그먼트 출시 기념 프로모션",http://www.sisaon.co.kr/news/articleView.html?idxno=136754
135,마이바흐·벤테이가·레인지로버…‘억’ 소리 나는 新車 열전,http://news.mk.co.kr/v2/economy/view.php?year=2021&no=454072
136,"'올 뉴 레인지로버' 앞세운 재규어랜드로버, ""차량 공급 이어갈 것""",http://www.newspim.com/news/view/20220211000842
137,"[리뷰] 화려하게 다듬은 랜드로버의 역동성, ‘오버핀치 스포츠’",https://hankookilbo.com/News/Read/A2021062907460001689?did=NA
138,배기가스 줄이고 가격 낮춰… 신형 레인지로버 국내 상륙,http://www.munhwa.com/news/view.html?no=2021042601032239176001
139,재규어 레인지로버 스포츠 2021년형·캐딜락 XT4 출시…럭셔리 SUV 시장 공략,http://www.ajunews.com/view/20210208102025348
140,"랜드로버 디펜더, 007 '노 타임 투 다이' 등장해 질주본능 선보여",http://www.pinpointnews.co.kr/view.php?ud=2021091514075032599cdfed7945_45
141,"‘2억원대’ 랜드로버 신형 레인지로버, 사전계약 2000대 돌파… “이미 없어서 못 사는 차”",https://www.donga.com/news/article/all/20220302/112121233/2
142,`레인지로버 스포츠 2021년형` 마일드 하이브리드 출시!,http://www.gpkorea.com/news/articleView.html?idxno=73370
143,"오토플러스, ‘부산지점 특집’ 리본쇼 진행…레인지로버 스포츠 선봬",http://www.lawissue.co.kr/view.php?ud=20210413144822522867191f6c6e_12
144,"[자동차오늘] 랜드로버, 올 뉴 레인지로버 사전계약 2000대 돌파…마세라티, MC20·프라그먼트 출시 기념 프로모션",http://www.sisaon.co.kr/news/articleView.html?idxno=136754
145,마이바흐·벤테이가·레인지로버…‘억’ 소리 나는 新車 열전,http://news.mk.co.kr/v2/economy/view.php?year=2021&no=454072
146,"'올 뉴 레인지로버' 앞세운 재규어랜드로버, ""차량 공급 이어갈 것""",http://www.newspim.com/news/view/20220211000842
147,"[리뷰] 화려하게 다듬은 랜드로버의 역동성, ‘오버핀치 스포츠’",https://hankookilbo.com/News/Read/A2021062907460001689?did=NA
148,배기가스 줄이고 가격 낮춰… 신형 레인지로버 국내 상륙,http://www.munhwa.com/news/view.html?no=2021042601032239176001
149,재규어 레인지로버 스포츠 2021년형·캐딜락 XT4 출시…럭셔리 SUV 시장 공략,http://www.ajunews.com/view/20210208102025348
150,"랜드로버 ""올 뉴 레인지로버, 사전 계약 3개월 만에 2000대 돌파""",http://daily.hankooki.com/news/articleView.html?idxno=795100
151,“친환경 디젤 탑재”…레인지로버 스포츠 2021년형 출시,http://www.dt.co.kr/contents.html?article_no=2021042002109932064004&ref=naver
152,마이바흐·벤테이가·레인지로버…‘억’ 소리 나는 新車 열전,http://news.mk.co.kr/v2/economy/view.php?year=2021&no=454072
153,"'올 뉴 레인지로버' 앞세운 재규어랜드로버, ""차량 공급 이어갈 것""",http://www.newspim.com/news/view/20220211000842
154,"[리뷰] 화려하게 다듬은 랜드로버의 역동성, ‘오버핀치 스포츠’",https://hankookilbo.com/News/Read/A2021062907460001689?did=NA
155,배기가스 줄이고 가격 낮춰… 신형 레인지로버 국내 상륙,http://www.munhwa.com/news/view.html?no=2021042601032239176001
156,재규어 레인지로버 스포츠 2021년형·캐딜락 XT4 출시…럭셔리 SUV 시장 공략,http://www.ajunews.com/view/20210208102025348
157,2021년형 레인지로버 스포츠 가솔린 출시,http://news.mk.co.kr/newsRead.php?no=129504&year=2021
158,'007 제임스 본드 에디션' 랜드로버 디펜더 V8 공개,http://www.thedrive.co.kr/news/newsview.php?ncode=1065593583995874
159,"오토플러스 부산지점 특집, 레인지로버vs모하비 대결구도",http://www.cbci.co.kr/news/articleView.html?idxno=413888
160,“친환경 디젤 탑재”…레인지로버 스포츠 2021년형 출시,http://www.dt.co.kr/contents.html?article_no=2021042002109932064004&ref=naver
161,마이바흐·벤테이가·레인지로버…‘억’ 소리 나는 新車 열전,http://news.mk.co.kr/v2/economy/view.php?year=2021&no=454072
162,"'올 뉴 레인지로버' 앞세운 재규어랜드로버, ""차량 공급 이어갈 것""",http://www.newspim.com/news/view/20220211000842
163,"[리뷰] 화려하게 다듬은 랜드로버의 역동성, ‘오버핀치 스포츠’",https://hankookilbo.com/News/Read/A2021062907460001689?did=NA
164,배기가스 줄이고 가격 낮춰… 신형 레인지로버 국내 상륙,http://www.munhwa.com/news/view.html?no=2021042601032239176001
165,재규어 레인지로버 스포츠 2021년형·캐딜락 XT4 출시…럭셔리 SUV 시장 공략,http://www.ajunews.com/view/20210208102025348
166,2021년형 레인지로버 스포츠 가솔린 출시,http://news.mk.co.kr/newsRead.php?no=129504&year=2021
167,'007 제임스 본드 에디션' 랜드로버 디펜더 V8 공개,http://www.thedrive.co.kr/news/newsview.php?ncode=1065593583995874
168,"오토플러스 부산지점 특집, 레인지로버vs모하비 대결구도",http://www.cbci.co.kr/news/articleView.html?idxno=413888
169,"랜드로버, 신형 레인지로버 스포츠 출시 계획..고급 SUV 시장 공략",http://www.dailycar.co.kr/content/news.html?type=view&autoId=35858
170,레인지로버 스포츠 2021년형 출시...1억3357만원부터,http://www.newspim.com/news/view/20210208000798
171,'007 제임스 본드 에디션' 랜드로버 디펜더 V8 공개,http://www.thedrive.co.kr/news/newsview.php?ncode=1065593583995874
172,레인지로버 하이브리드 신차 눈길 가네,http://news.mk.co.kr/newsRead.php?no=378113&year=2021
173,"오토플러스 부산지점 특집, 레인지로버vs모하비 대결구도",http://www.cbci.co.kr/news/articleView.html?idxno=413888
174,"랜드로버, 신형 레인지로버 스포츠 출시 계획..고급 SUV 시장 공략",http://www.dailycar.co.kr/content/news.html?type=view&autoId=35858
175,'럭셔리 SUV의 시초' 랜드로버 레인지로버 50년의 역사,https://view.asiae.co.kr/article/2020062001423115528
176,"랜드로버, 궁극의 럭셔리 SUV ‘레인지로버’ 탄생 50주년 맞아",http://www.electimes.com/article.php?aid=1592408755200342094
177,"랜드로버 레인지로버, 탄생 50주년 맞아",http://www.rpm9.com/news/article.html?id=20200619090004
178,"랜드로버 럭셔리 SUV, 레인지로버 탄생 50주년 맞아… '레인지로버 50' 출시 예정",http://kr.aving.net/news/view.php?articleId=1582813&Branch_ID=kr&rssid=naver&mn_name=news
179,괴물 같은 덩치에 승차감은 세단…레인지로버 스포츠 SVR [신차털기],https://www.hankyung.com/economy/article/202203044309g
180,"랜드로버, 궁극의 럭셔리 SUV ‘레인지로버’ 탄생 50주년 맞아",http://www.electimes.com/article.php?aid=1592408755200342094
181,"랜드로버 레인지로버, 탄생 50주년 맞아",http://www.rpm9.com/news/article.html?id=20200619090004
182,"랜드로버 럭셔리 SUV, 레인지로버 탄생 50주년 맞아… '레인지로버 50' 출시 예정",http://kr.aving.net/news/view.php?articleId=1582813&Branch_ID=kr&rssid=naver&mn_name=news
183,괴물 같은 덩치에 승차감은 세단…레인지로버 스포츠 SVR [신차털기],https://www.hankyung.com/economy/article/202203044309g
184,tvN 드라마 ‘하이클래스’에서 조여정이 타 주목받은 차는?,http://www.thedrive.co.kr/news/newsview.php?ncode=1065573472615844
185,[2022 신차] 랜드로버 SUV ‘올 뉴 레인지로버’… 900㎜ 깊이 물도 거뜬,https://biz.chosun.com/industry/car/2022/01/13/C22PKDXHZZE5TLLYUT3M36QLSM/?utm_source=naver&utm_medium=original&utm_campaign=biz
186,제작결함 '아우디·볼보·벤츠·포드·테슬라·포르쉐·랜드로버· 스즈키' 리콜,http://www.lcnews.co.kr/news/articleView.html?idxno=20114
187,‘007 노 타임 투 다이’에 등장해 제임스 본드를 추격하는 차는?,http://www.thedrive.co.kr/news/newsview.php?ncode=1065583078787520
188,"[시승기] 레인지로버를 향하는 계단, 랜드로버 디스커버리 스포츠 시승기",http://www.hankookilbo.com/news/npath/201906040798387145?did=NA
189,"오토플러스, 23일 리본쇼서 ‘레인지로버 벨라·BMW 3시리즈·G90’ 소개",http://www.dt.co.kr/contents.html?article_no=2021032302109932064007&ref=naver
190,벤츠·아우디· 볼보·포드·테슬라·포르쉐·랜드로버·스즈키 제작결함…리콜 ,http://www.koreastocknews.com/news/articleView.html?idxno=64504
191,‘007 노 타임 투 다이’에 등장해 제임스 본드를 추격하는 차는?,http://www.thedrive.co.kr/news/newsview.php?ncode=1065583078787520
192,"[시승기] 레인지로버를 향하는 계단, 랜드로버 디스커버리 스포츠 시승기",http://www.hankookilbo.com/news/npath/201906040798387145?did=NA
193,"오토플러스, 23일 리본쇼서 ‘레인지로버 벨라·BMW 3시리즈·G90’ 소개",http://www.dt.co.kr/contents.html?article_no=2021032302109932064007&ref=naver
194,2019 랜드로버 디스커버리 스포츠 레인지로버 이보크 풀체인지 벨라 핫 이슈,http://www.psnews.co.kr/news/article.html?no=38770
195,"레이싱 가능한 대형 SUV, 레인지로버 스포츠 SVR[SS시승기]",http://www.sportsseoul.com/news/read/1099745?ref=naver
196,[시승기] '여성 선호도 甲'…랜드로버 '레인지로버 벨라' 직접 타봤다,https://asiatime.co.kr/news/newsview.php?ncode=1065599089835082
197,"‘2억대 럭셔리 SUV’ 올 뉴 레인지로버, 사전계약 2000대 넘겨",https://biz.chosun.com/industry/car/2022/03/02/VXZBZLODRZHJVNWFSFGIGDHPY4/?utm_source=naver&utm_medium=original&utm_campaign=biz
198,"KB캐피탈, 재규어 랜드로버와 저금리 할부 프로그램",https://www.fetv.co.kr/news/article.html?no=82272
199,"KB캐피탈, 재규어 랜드로버 저금리 프로그램 시행",http://www.smedaily.co.kr/news/articleView.html?idxno=201787
200,"KB캐피탈, 재규어 랜드로버와 저금리 할부 프로그램",https://www.fetv.co.kr/news/article.html?no=82272
201,"KB캐피탈, 재규어 랜드로버 저금리 프로그램 시행",http://www.smedaily.co.kr/news/articleView.html?idxno=201787
202,"국내서 부진한 재규어랜드로버, 글로벌 시장선 '회복세'",http://www.sisaweek.com/news/articleView.html?idxno=144308
203,"[브랜드이야기]레인지로버, 세대를 거칠수록 거듭된 진화로 '독보적' 존재감 과시",http://www.ajunews.com/view/20200924162428021
204,"랜드로버, 레인지로버 스포츠 HST 출시..국내 투입 계획은?",http://www.dailycar.co.kr/content/news.html?type=view&autoId=32280
205,"재규어랜드로버코리아, SBS 인기 드라마 '펜트하우스'에 차량 지원",http://www.autodaily.co.kr/news/articleView.html?idxno=426060
206,"[리뷰] 역동적인 레인지로버의 절정, 랜드로버 뉴 레인지로버 스포츠",http://www.hankookilbo.com/v/471AD0B370BC8F14C109DFA5221D704A
207,"포르쉐ㆍ랜드로버ㆍ마세라티, 럭셔리에 스포츠 감성 더한 ‘영 앤 리치 SUV’ 인기몰이",https://www.dnews.co.kr/uhtml/view.jsp?idxno=202012091357575050639
208,"재규어랜드로버, 올해 신차 4종 출시… ""LG·SK와 손잡고 한국 시장 재도약""",http://digitalchosun.dizzo.com/site/data/html_dir/2021/03/15/2021031580255.html
209,"랜드로버, 뉴 레인지로버·뉴 레인지로버 스포츠 동시 출격",http://www.sportsworldi.com/content/html/2018/04/11/20180411004782.html?OutUrl=naver
210,"[리뷰] 역동적인 레인지로버의 절정, 랜드로버 뉴 레인지로버 스포츠",http://www.hankookilbo.com/v/471AD0B370BC8F14C109DFA5221D704A
211,"재규어랜드로버, SBS 드라마 ‘펜트하우스’에 차량 지원",http://www.thedrive.co.kr/news/newsview.php?ncode=1065572902535672
212,"포르쉐ㆍ랜드로버ㆍ마세라티, 럭셔리에 스포츠 감성 더한 ‘영 앤 리치 SUV’ 인기몰이",https://www.dnews.co.kr/uhtml/view.jsp?idxno=202012091357575050639
213,"재규어랜드로버, 올해 신차 4종 출시… ""LG·SK와 손잡고 한국 시장 재도약""",http://digitalchosun.dizzo.com/site/data/html_dir/2021/03/15/2021031580255.html
214,"랜드로버, 뉴 레인지로버·뉴 레인지로버 스포츠 동시 출격",http://www.sportsworldi.com/content/html/2018/04/11/20180411004782.html?OutUrl=naver
215,"랜드로버, 뉴 레인지로버·레인지로버 스포츠 출시…'남다른 럭셔리 SUV'",http://www.ebn.co.kr/news/view/936658
216,랜드로버 플래그십 럭셔리 SUV '뉴 레인지로버'와 프리미엄 스포츠 SUV '뉴 레인지로버 스포츠' 출시,http://www.sisafocus.co.kr/news/articleView.html?idxno=183496
217,"재규어 랜드로버 코리아, 韓시장 공략 신차 '릴레이 출격'",https://www.ajunews.com/view/20220328114917325
218,랜드로버 ‘뉴 레인지로버 스포츠’ 장가계 천문산 999계단 등반 성공,http://www.pressian.com/news/article.html?no=187483&utm_source=naver&utm_medium=search
219,"재규어 랜드로버 코리아, 대형 SUV 올뉴 레인지로버 선봬",http://www.g-enews.com/ko-kr/news/article/news_all/202111251547344135938f3ba357_1/article.html
220,"랜드로버, 5년만의 새얼굴 레인지로버 & 레인지로버 스포츠 출시",http://it.chosun.com/news/article.html?no=2849448
221,"[현장] 랜드로버, 뉴 래인지로버&뉴 레인지로버 스포츠 출시",http://www.ezyeconomy.com/news/articleView.html?idxno=82392
222,"재규어 랜드로버 코리아, 韓시장 공략 신차 '릴레이 출격'",https://www.ajunews.com/view/20220328114917325
223,랜드로버 ‘뉴 레인지로버 스포츠’ 장가계 천문산 999계단 등반 성공,http://www.pressian.com/news/article.html?no=187483&utm_source=naver&utm_medium=search
224,"재규어 랜드로버 코리아, 대형 SUV 올뉴 레인지로버 선봬",http://www.g-enews.com/ko-kr/news/article/news_all/202111251547344135938f3ba357_1/article.html
225,SBS 드라마 ‘펜트하우스’에 재규어ㆍ랜드로버 등장 눈길,https://www.dnews.co.kr/uhtml/view.jsp?idxno=202103081343267100341
226,"[시승기] 랜드로버, '레인지로버 스포츠' 역시 엄지척",http://www.m-i.kr/news/articleView.html?idxno=387792
227,"재규어랜드로버코리아, ‘올 뉴 레인지로버’ 사전 공개",https://www.ajunews.com/view/20211124134536105
228,"랜드로버, '럭셔리 SUV' 레인지로버 첫 공개…""사전예약 1000건 넘어""",http://www.newsis.com/view/?id=NISX20211124_0001663787&cID=13001&pID=13000
229,랜드로버 플래그십 SUV '올 뉴 레인지로버' 베일 벗다,https://www.ekn.kr/web/view.php?key=20211124010004207
230,"재규어랜드로버코리아, ‘올 뉴 레인지로버’ 사전 공개",https://www.ajunews.com/view/20211124134536105
231,"랜드로버, '럭셔리 SUV' 레인지로버 첫 공개…""사전예약 1000건 넘어""",http://www.newsis.com/view/?id=NISX20211124_0001663787&cID=13001&pID=13000
232,랜드로버 플래그십 SUV '올 뉴 레인지로버' 베일 벗다,https://www.ekn.kr/web/view.php?key=20211124010004207
233,[Car&Fun] 50주년 맞은 럭셔리 SUV 선구자 '레인지로버'...170만대 지구촌 질주,https://www.sedaily.com/NewsView/1Z59WCKMA3
234,[시승기] 랜드로버 레인지로버 스포츠 3.0 SC HSE 다이내믹 시승기,http://www.hankookilbo.com/v/29CB8A77359E056CECC2BE335987F5C0
235,재규어랜드로버 ‘올 뉴 레인지로버’ 내년 상반기 국내 출시,https://www.seoul.co.kr/news/newsView.php?id=20211129021005&wlog_tag3=naver
236,사진으로 보는 랜드로버 레인지로버 스포츠 3.0 SC,http://www.hankookilbo.com/v/ACDC6AABB93B0746B3F17C9FB137F546
237,"랜드로버 '뉴 레인지로버 스포츠', 장가계 천문산 999계단 등반 성공",http://www.ebn.co.kr/news/view/931627
238,"[포토]랜드로버, '뉴 레인지로버 스포츠' 공개",http://www.asiatoday.co.kr/view.php?key=20180405010003395
239,"레인지로버 탄생 50주년… ""럭셔리 SUV의 새로운 패러다임 제시""",http://www.m-i.kr/news/articleView.html?idxno=720785
240,재규어랜드로버 ‘올 뉴 레인지로버’ 내년 상반기 국내 출시,https://www.seoul.co.kr/news/newsView.php?id=20211129021005&wlog_tag3=naver
241,사진으로 보는 랜드로버 레인지로버 스포츠 3.0 SC,http://www.hankookilbo.com/v/ACDC6AABB93B0746B3F17C9FB137F546
242,"랜드로버 '뉴 레인지로버 스포츠', 장가계 천문산 999계단 등반 성공",http://www.ebn.co.kr/news/view/931627
243,"[포토]랜드로버, '뉴 레인지로버-뉴 레인지로버 스포츠' 출시",http://www.asiatoday.co.kr/view.php?key=20180405010003393
244,"레인지로버 탄생 50주년… ""럭셔리 SUV의 새로운 패러다임 제시""",http://www.m-i.kr/news/articleView.html?idxno=720785
245,[시승기] 랜드로버 ‘레인지로버 벨라’ SUV는 투박하다? 스포츠카 같은 우아함,http://news.mk.co.kr/v2/economy/view.php?year=2018&no=64778
246,"시동 꺼지고,언덕 못오르고 속 터지는 랜드로버 레인지로버",http://www.edaily.co.kr/news/newspath.asp?newsid=01872886619409984
247,"[시승기] 호화스러운 존재, 랜드로버 레인지로버 LWB 오토바이오그래피 SDV8",http://www.hankookilbo.com/news/npath/201811211146099780?did=NA
248,"레인지로버, 新모델로 명예회복 노린다",http://www.dt.co.kr/contents.html?article_no=2020060802101132064002&ref=naver
249,‘럭셔리 SUV 선구자’ 레인지로버 출시 50주년 맞아,http://www.thedrive.co.kr/news/newsview.php?ncode=1065572625620009
250,50주년 맞은 레인지로버...한 눈에 보는 SUV 史,http://www.greenpostkorea.co.kr/news/articleView.html?idxno=118334
251,"시동 꺼지고,언덕 못오르고 속 터지는 랜드로버 레인지로버",http://www.edaily.co.kr/news/newspath.asp?newsid=01872886619409984
252,"[시승기] 호화스러운 존재, 랜드로버 레인지로버 LWB 오토바이오그래피 SDV8",http://www.hankookilbo.com/news/npath/201811211146099780?did=NA
253,"레인지로버, 新모델로 명예회복 노린다",http://www.dt.co.kr/contents.html?article_no=2020060802101132064002&ref=naver
254,‘럭셔리 SUV 선구자’ 레인지로버 출시 50주년 맞아,http://www.thedrive.co.kr/news/newsview.php?ncode=1065572625620009
255,[시승기] “실내부터 주행까지”…레인지로버가 보여준 ‘명품의 가치’,http://www.dt.co.kr/contents.html?article_no=2020062802109932064003&ref=naver
256,"[포토]밀도 높은 완성도, 랜드로버 뉴 레인지로버·레인지로버 스포츠",http://autotimes.hankyung.com/apps/news.sub_view?popup=0&nid=08&c1=08&c2=08&c3=00&nkey=201804051539431
257,"랜드로버, 신형 레인지로버 스포츠 공개...PHEV 추가",http://autotimes.hankyung.com/apps/news.sub_view?popup=0&nid=02&c1=02&c2=02&c3=00&nkey=201710041759591
258,"재규어랜드로버, tvN '내일그대와'에 레인지로버 스포츠 등 지원",http://www.edaily.co.kr/news/newspath.asp?newsid=01843366615829208
259,"랜드로버 코리아, 최신 기술 집약된 ‘2017년형 레인지로버 스포츠’ 출시",http://car.tvreport.co.kr/?c=news&m=newsview&idx=656385
260,"[포토]밀도 높은 완성도, 랜드로버 뉴 레인지로버·레인지로버 스포츠",http://autotimes.hankyung.com/apps/news.sub_view?popup=0&nid=08&c1=08&c2=08&c3=00&nkey=201804051539431
261,"랜드로버, 신형 레인지로버 스포츠 공개...PHEV 추가",http://autotimes.hankyung.com/apps/news.sub_view?popup=0&nid=02&c1=02&c2=02&c3=00&nkey=201710041759591
262,"재규어랜드로버, tvN '내일그대와'에 레인지로버 스포츠 등 지원",http://www.edaily.co.kr/news/newspath.asp?newsid=01843366615829208
263,"랜드로버 코리아, 최신 기술 집약된 ‘2017년형 레인지로버 스포츠’ 출시",http://car.tvreport.co.kr/?c=news&m=newsview&idx=656385
264,"랜드로버 코리아, 첨단 사양으로 무장한 '2017년형 레인지로버 스포츠' 출시",http://kr.aving.net/news/view.php?articleId=1375466&Branch_ID=kr&rssid=naver&mn_name=news
265,"랜드로버 코리아, 안전‧편의사양 강화한 ‘2017년형 레인지로버 스포츠’ 출시",http://www.rpm9.com/news/article.html?id=20170202090016
266,"""내가 찾던 럭셔리 콤팩트 SUV""…뉴 레인지로버 이보크",https://www.news1.kr/articles/?4563657
267,"랜드로버, 2017년형 레인지로버 이보크 및 디스커버리 스포츠 출시 기념 '랜드로버 익스피리언스' 개최",http://www.g-enews.com/ko-kr/news/article/news_all/201610280932145755191_1/article.html
268,"전기차 시대 맞이하는 원조 럭셔리 SUV… 랜드로버, ‘신형 레인지로버’ 공개",https://www.donga.com/news/article/all/20211028/109961967/2
269,포르쉐ㆍ랜드로버ㆍ마세라티…‘SUV 빅3’ 쾌속질주,https://www.dnews.co.kr/uhtml/view.jsp?idxno=202012091658505790729
270,"랜드로버, 첨단 안전사양 탑재 '2017년형 레인지로버 스포츠' 출시",http://sports.chosun.com/news/ntype.htm?id=201702030100022420001288&servicedate=20170202
271,"""내가 찾던 럭셔리 콤팩트 SUV""…뉴 레인지로버 이보크",https://www.news1.kr/articles/?4563657
272,"랜드로버, 2017년형 레인지로버 이보크 및 디스커버리 스포츠 출시 기념 '랜드로버 익스피리언스' 개최",http://www.g-enews.com/ko-kr/news/article/news_all/201610280932145755191_1/article.html
273,"전기차 시대 맞이하는 원조 럭셔리 SUV… 랜드로버, ‘신형 레인지로버’ 공개",https://www.donga.com/news/article/all/20211028/109961967/2
274,포르쉐ㆍ랜드로버ㆍ마세라티…‘SUV 빅3’ 쾌속질주,https://www.dnews.co.kr/uhtml/view.jsp?idxno=202012091658505790729
275,"랜드로버, 英서 ‘올 뉴 레인지로버’ 세계 최초 공개",http://www.rpm9.com/news/article.html?id=20211028090028
276,"""영국 럭셔리 SUV 귀환"" 랜드로버, 5세대 '올 뉴 레인지로버' 세계 최초 공개",http://www.autodaily.co.kr/news/articleView.html?idxno=430073
277,"[EV 트렌드 코리아 2018] 재규어 ‘I-PACE’-랜드로버 ‘레인지로버 PHEV’, 전기차도 이렇게 럭셔리",http://www.osen.co.kr/article/G1110877931
278,"랜드로버, 브랜드 최초 PHEV '뉴 레인지로버' 국내 최초 공개",http://www.seoulfn.com/news/articleView.html?idxno=303614
279,"랜드로버 '뉴 레인지로버', 풀체인지급으로 '확' 바뀌었다",http://www.enewstoday.co.kr/news/articleView.html?idxno=1175933
280,"랜드로버 코리아, ‘2017년형 레인지로버 스포츠’ 출시…1억 2780만원~1억 8470만원",http://www.ajunews.com/view/20170202152835245
281,"""내가 찾던 럭셔리 콤팩트 SUV""…뉴 레인지로버 이보크",https://www.news1.kr/articles/?4563657
282,"랜드로버, 2017년형 레인지로버 이보크 및 디스커버리 스포츠 출시 기념 '랜드로버 익스피리언스' 개최",http://www.g-enews.com/ko-kr/news/article/news_all/201610280932145755191_1/article.html
283,"전기차 시대 맞이하는 원조 럭셔리 SUV… 랜드로버, ‘신형 레인지로버’ 공개",https://www.donga.com/news/article/all/20211028/109961967/2
284,포르쉐ㆍ랜드로버ㆍ마세라티…‘SUV 빅3’ 쾌속질주,https://www.dnews.co.kr/uhtml/view.jsp?idxno=202012091658505790729
285,"랜드로버, 英서 ‘올 뉴 레인지로버’ 세계 최초 공개",http://www.rpm9.com/news/article.html?id=20211028090028
286,"""영국 럭셔리 SUV 귀환"" 랜드로버, 5세대 '올 뉴 레인지로버' 세계 최초 공개",http://www.autodaily.co.kr/news/articleView.html?idxno=430073
287,"[EV 트렌드 코리아 2018] 재규어 ‘I-PACE’-랜드로버 ‘레인지로버 PHEV’, 전기차도 이렇게 럭셔리",http://www.osen.co.kr/article/G1110877931
288,"랜드로버, 브랜드 최초 PHEV '뉴 레인지로버' 국내 최초 공개",http://www.seoulfn.com/news/articleView.html?idxno=303614
289,"랜드로버 '뉴 레인지로버', 풀체인지급으로 '확' 바뀌었다",http://www.enewstoday.co.kr/news/articleView.html?idxno=1175933
290,‘랜드로버 익스피리언스’ 개최...2017 레인지로버 이보크 및 디스커버리 스포츠 출시 기념,http://www.fnnews.com/news/201610280916453038
291,"전기차 시대 맞이하는 원조 럭셔리 SUV… 랜드로버, ‘신형 레인지로버’ 공개",https://www.donga.com/news/article/all/20211028/109961967/2
292,"랜드로버코리아, 2017년형 ‘레인지로버 스포츠’ 출시",http://www.viva100.com/main/view.php?key=20170202010000643
293,포르쉐ㆍ랜드로버ㆍ마세라티…‘SUV 빅3’ 쾌속질주,https://www.dnews.co.kr/uhtml/view.jsp?idxno=202012091658505790729
294,"랜드로버, 英서 ‘올 뉴 레인지로버’ 세계 최초 공개",http://www.rpm9.com/news/article.html?id=20211028090028
295,"""영국 럭셔리 SUV 귀환"" 랜드로버, 5세대 '올 뉴 레인지로버' 세계 최초 공개",http://www.autodaily.co.kr/news/articleView.html?idxno=430073
296,"[EV 트렌드 코리아 2018] 재규어 ‘I-PACE’-랜드로버 ‘레인지로버 PHEV’, 전기차도 이렇게 럭셔리",http://www.osen.co.kr/article/G1110877931
297,"랜드로버, 브랜드 최초 PHEV '뉴 레인지로버' 국내 최초 공개",http://www.seoulfn.com/news/articleView.html?idxno=303614
298,"랜드로버 '뉴 레인지로버', 풀체인지급으로 '확' 바뀌었다",http://www.enewstoday.co.kr/news/articleView.html?idxno=1175933
299,"랜드로버, 플래그십 럭셔리 SUV '뉴 레인지로버' 출시",http://www.sisafocus.co.kr/news/articleView.html?idxno=183506
300,"친환경 럭셔리 브랜드 도약… 재규어랜드로버, ‘I-페이스·레인지로버 PHEV’ 공개",http://bizn.donga.com/car/3/all/20180412/89583320/2
301,"랜드로버, 브랜드 최초 PHEV '뉴 레인지로버' 국내 최초 공개",http://www.seoulfn.com/news/articleView.html?idxno=303614
302,"랜드로버 '뉴 레인지로버', 풀체인지급으로 '확' 바뀌었다",http://www.enewstoday.co.kr/news/articleView.html?idxno=1175933
303,"랜드로버, 플래그십 럭셔리 SUV '뉴 레인지로버' 출시",http://www.sisafocus.co.kr/news/articleView.html?idxno=183506
304,5세대로 진화한 모던 럭셔리 SUV 진수 ‘올 뉴 레인지로버’,https://www.sedaily.com/NewsView/260WW46GFE
305,반도체 수급난 여파에도 5월 수입차 판매 3% 늘어난 2만4천여대 기록,http://www.autodaily.co.kr/news/articleView.html?idxno=427847
306,"랜드로버, 디자인·성능 강화 '뉴 레인지로버' 상반기 출시",http://news1.kr/articles/?3240274
307,"[리뷰] 클래식 디펜더에 대한 오버핀치의 노력, ‘오버핀치 디펜더’",https://hankookilbo.com/News/Read/A2021060522510001817?did=NA
308,랜드로버 역사상 가장 빠른 ‘레인지로버 스포츠 SVR’ 살펴보니,http://www.breaknews.com/sub_read.html?uid=411951§ion=sc3
309,"랜드로버, 전 세계 가장 빠른 SUV '레인지로버 스포츠 SVR' 출시",http://www.osen.co.kr/article/G1110301329
310,"랜드로버, 럭셔리 SUV ' 뉴 레인지로버' 5년 만에 새 옷",http://www.viva100.com/main/view.php?key=20180405010002084
311,"랜드로버, 플래그십 럭셔리 SUV '뉴 레인지로버' 출시",http://www.sisafocus.co.kr/news/articleView.html?idxno=183506
312,5세대로 진화한 모던 럭셔리 SUV 진수 ‘올 뉴 레인지로버’,https://www.sedaily.com/NewsView/260WW46GFE
313,반도체 수급난 여파에도 5월 수입차 판매 3% 늘어난 2만4천여대 기록,http://www.autodaily.co.kr/news/articleView.html?idxno=427847
314,"랜드로버, 디자인·성능 강화 '뉴 레인지로버' 상반기 출시",http://news1.kr/articles/?3240274
315,"[리뷰] 클래식 디펜더에 대한 오버핀치의 노력, ‘오버핀치 디펜더’",https://hankookilbo.com/News/Read/A2021060522510001817?did=NA
316,랜드로버 역사상 가장 빠른 ‘레인지로버 스포츠 SVR’ 살펴보니,http://www.breaknews.com/sub_read.html?uid=411951§ion=sc3
317,"랜드로버, 전 세계 가장 빠른 SUV '레인지로버 스포츠 SVR' 출시",http://www.osen.co.kr/article/G1110301329
318,"랜드로버, 2017년형 레인지로버 스포츠 출시",http://www.shinailbo.co.kr/news/articleView.html?idxno=555513
319,"랜드로버, 영화 007 60주년 기념 디펜더 랠리카 공개..드라이버는 스턴트맨",http://www.dailycar.co.kr/content/news.html?type=view&autoId=43510
320,"랜드로버, 디자인·성능 강화 '뉴 레인지로버' 상반기 출시",http://news1.kr/articles/?3240274
321,"[포토] 재규어랜드로버, 럭셔리 디자인을 강조한 ‘뉴 레인지로버 스포츠’ 출시",http://www.enewstoday.co.kr/news/articleView.html?idxno=1175923
322,"[리뷰] 클래식 디펜더에 대한 오버핀치의 노력, ‘오버핀치 디펜더’",https://hankookilbo.com/News/Read/A2021060522510001817?did=NA
323,랜드로버 역사상 가장 빠른 ‘레인지로버 스포츠 SVR’ 살펴보니,http://www.breaknews.com/sub_read.html?uid=411951§ion=sc3
324,"랜드로버, 전 세계 가장 빠른 SUV '레인지로버 스포츠 SVR' 출시",http://www.osen.co.kr/article/G1110301329
325,"랜드로버, 2017년형 레인지로버 스포츠 출시",http://www.shinailbo.co.kr/news/articleView.html?idxno=555513
326,"랜드로버, 영화 007 60주년 기념 디펜더 랠리카 공개..드라이버는 스턴트맨",http://www.dailycar.co.kr/content/news.html?type=view&autoId=43510
327,‘올 뉴 레인지로버’ 국내 공개… 랜드로버 첫 23인치 휠 장착,https://www.donga.com/news/article/all/20211124/110444517/1
328,"재규어랜드로버코리아, 올해 E-PACE·뉴 레인지로버 등 신차 출시",http://biz.newdaily.co.kr/news/article.html?no=10149986
329,"랜드로버, '레인지로버 스포츠 HTS'…한정판 SUV 내놨다",http://www.edaily.co.kr/news/newspath.asp?newsid=02791286609306928
330,"랜드로버, 레인지로버 스포츠 SVR 출시 ‘4.7초 만에 100km/h’",http://car.donga.com/3/all/20151125/75004260/2
331,"랜드로버, 2017년형 레인지로버 스포츠 출시",http://www.shinailbo.co.kr/news/articleView.html?idxno=555513
332,"랜드로버, 영화 007 60주년 기념 디펜더 랠리카 공개..드라이버는 스턴트맨",http://www.dailycar.co.kr/content/news.html?type=view&autoId=43510
333,‘올 뉴 레인지로버’ 국내 공개… 랜드로버 첫 23인치 휠 장착,https://www.donga.com/news/article/all/20211124/110444517/1
334,"재규어랜드로버코리아, 올해 E-PACE·뉴 레인지로버 등 신차 출시",http://biz.newdaily.co.kr/news/article.html?no=10149986
335,[포토] 재규어랜드로버 뉴 레인지로버 출시,http://www.ajunews.com/view/20180405122922421
336,"랜드로버, '레인지로버 스포츠 HTS'…한정판 SUV 내놨다",http://www.edaily.co.kr/news/newspath.asp?newsid=02791286609306928
337,"007 스펙터, 랜드로버 역사상 가장 빠르고 강력한 레인지로버 스포츠 SVR 등장",http://economy.donga.com/3/all/20151111/74719498/2
338,"랜드로버, '레인지로버 스포츠 SDV8' 출시",http://view.asiae.co.kr/news/view.htm?idxno=2015030406323197981
339,"랜드로버, 레인지로버 벨라와 함께하는 '랜드로버 익스피리언스' 개최",http://www.ebn.co.kr/news/view/915477
340,"[서울경제TV] 가장 빠른 랜드로버, ‘레인지로버 스포츠 SVR’ 출시",https://news.naver.com/main/read.naver?mode=LSD&mid=sec&sid1=101&oid=011&aid=0002766534
341,"랜드로버, 2017년형 레인지로버 스포츠 출시",http://www.shinailbo.co.kr/news/articleView.html?idxno=555513
342,"랜드로버, 영화 007 60주년 기념 디펜더 랠리카 공개..드라이버는 스턴트맨",http://www.dailycar.co.kr/content/news.html?type=view&autoId=43510
343,‘올 뉴 레인지로버’ 국내 공개… 랜드로버 첫 23인치 휠 장착,https://www.donga.com/news/article/all/20211124/110444517/1
344,"재규어랜드로버코리아, 올해 E-PACE·뉴 레인지로버 등 신차 출시",http://biz.newdaily.co.kr/news/article.html?no=10149986
345,[포토] 재규어랜드로버 뉴 레인지로버 출시,http://www.ajunews.com/view/20180405122922421
346,"랜드로버, '레인지로버 스포츠 HTS'…한정판 SUV 내놨다",http://www.edaily.co.kr/news/newspath.asp?newsid=02791286609306928
347,"007 스펙터, 랜드로버 역사상 가장 빠르고 강력한 레인지로버 스포츠 SVR 등장",http://economy.donga.com/3/all/20151111/74719498/2
348,"랜드로버, '레인지로버 스포츠 SDV8' 출시",http://view.asiae.co.kr/news/view.htm?idxno=2015030406323197981
349,"랜드로버, 레인지로버 벨라와 함께하는 '랜드로버 익스피리언스' 개최",http://www.ebn.co.kr/news/view/915477
350,[포토] 재규어랜드로버 뉴 레인지로버 출시,http://www.ajunews.com/view/20180405122922421
351,"랜드로버, '레인지로버 스포츠 HTS'…한정판 SUV 내놨다",http://www.edaily.co.kr/news/newspath.asp?newsid=02791286609306928
352,"007 스펙터, 랜드로버 역사상 가장 빠르고 강력한 레인지로버 스포츠 SVR 등장",http://economy.donga.com/3/all/20151111/74719498/2
353,"랜드로버, '레인지로버 스포츠 SDV8' 출시",http://view.asiae.co.kr/news/view.htm?idxno=2015030406323197981
354,"랜드로버 코리아, 신형 '레인지로버 스포츠' 출시..""1억 2780만~1억 8470만원""",http://www.fnnews.com/news/201702021018185245
355,"랜드로버, 레인지로버 벨라와 함께하는 '랜드로버 익스피리언스' 개최",http://www.ebn.co.kr/news/view/915477
356,‘시동 꺼짐’ 3번에도 뒷짐? 재규어랜드로버코리아 배짱 대응 논란,https://ilyo.co.kr/?ac=article_view&entry_id=390540
357,[NW포토]‘인터배터리 2019’ 삼성SDI 배터리 적용된 레인지로버 스포츠 PHEV,http://www.newsway.co.kr/news/view?tp=1&ud=2019101619273170789
358,"재규어랜드로버 ""이번 주말 시승 행사 참여하세요""",http://www.etnews.com/20201106000017
359,랜드로버 최강 스피드 ‘레인지로버 스포츠 SVR’ 출시,http://sports.donga.com/3/all/20151125/75021992/3
360,랜드로버 레인지로버 스포츠 'SDV8' 국내 출시,http://www.zdnet.co.kr/ArticleView.asp?artice_id=20150304083049
361,"랜드로버 코리아, 신형 '레인지로버 스포츠' 출시..""1억 2780만~1억 8470만원""",http://www.fnnews.com/news/201702021018185245
362,"랜드로버, 레인지로버 벨라와 함께하는 '랜드로버 익스피리언스' 개최",http://www.ebn.co.kr/news/view/915477
363,‘시동 꺼짐’ 3번에도 뒷짐? 재규어랜드로버코리아 배짱 대응 논란,https://ilyo.co.kr/?ac=article_view&entry_id=390540
364,[NW포토]‘인터배터리 2019’ 삼성SDI 배터리 적용된 레인지로버 스포츠 PHEV,http://www.newsway.co.kr/news/view?tp=1&ud=2019101619273170789
365,"재규어랜드로버 ""이번 주말 시승 행사 참여하세요""",http://www.etnews.com/20201106000017
366,랜드로버 최강 스피드 ‘레인지로버 스포츠 SVR’ 출시,http://sports.donga.com/3/all/20151125/75021992/3
367,돌아온 엔진결함 재규어랜드로버…제보하면 보상불가의 추억 ‘본사 결함은폐 논란’까지,http://www.thepublic.kr/news/newsview.php?ncode=1065605948656400
368,[라이벌 명차] 포르쉐 카이엔 vs 랜드로버 레인지로버 스포츠,http://www.it.co.kr/news/mediaitNewsView.php?nSeq=2777973
369,"랜드로버, 레인지로버 스포츠 SVR…1억7980만원에 국내 출시",http://news.mk.co.kr/newsRead.php?no=1118523&year=2015
370,"랜드로버, `레인지로버 벨라` 도심속 오프로드 체험 행사 개최",http://www.gpkorea.com/bbs/board.php?bo_table=gp_motorsports&wr_id=18768
371,‘시동 꺼짐’ 3번에도 뒷짐? 재규어랜드로버코리아 배짱 대응 논란,https://ilyo.co.kr/?ac=article_view&entry_id=390540
372,[NW포토]‘인터배터리 2019’ 삼성SDI 배터리 적용된 레인지로버 스포츠 PHEV,http://www.newsway.co.kr/news/view?tp=1&ud=2019101619273170789
373,"재규어랜드로버 ""이번 주말 시승 행사 참여하세요""",http://www.etnews.com/20201106000017
374,랜드로버 최강 스피드 ‘레인지로버 스포츠 SVR’ 출시,http://sports.donga.com/3/all/20151125/75021992/3
375,돌아온 엔진결함 재규어랜드로버…제보하면 보상불가의 추억 ‘본사 결함은폐 논란’까지,http://www.thepublic.kr/news/newsview.php?ncode=1065605948656400
376,[라이벌 명차] 포르쉐 카이엔 vs 랜드로버 레인지로버 스포츠,http://www.it.co.kr/news/mediaitNewsView.php?nSeq=2777973
377,"랜드로버, 레인지로버 스포츠 SVR…1억7980만원에 국내 출시",http://news.mk.co.kr/newsRead.php?no=1118523&year=2015
378,랜드로버 최첨단 V8 터보 디젤 엔진 '레인지로버 스포츠 SDV8' 출시,http://sports.chosun.com/news/ntype.htm?id=201503050100046140002805&servicedate=20150304
379,"랜드로버, 가장 강력한 SUV '레인지로버 스포츠 SVR'공개",http://www.it.co.kr/news/mediaitNewsView.php?nSeq=2712141
380,"랜드로버 역사상 가장 빠른 SUV, 레인지로버 스포츠 SVR 국내 출시",http://www.viva100.com/main/view.php?key=20151125010005617
381,랜드로버 최첨단 V8 터보 디젤 엔진 '레인지로버 스포츠 SDV8' 출시,http://sports.chosun.com/news/ntype.htm?id=201503050100046140002805&servicedate=20150304
382,랜드로버 “레인지로버 벨라 직접 타보세요”,http://www.etnews.com/20171031000143
383,"랜드로버, 가장 강력한 SUV '레인지로버 스포츠 SVR'공개",http://www.it.co.kr/news/mediaitNewsView.php?nSeq=2712141
384,"랜드로버, 9월 출시 '레인지로버 벨라' 사전 계약 돌입",http://www.sportsseoul.com/news/read/531725
385,"랜드로버, ‘레인지로버 스포츠 SVR’ 프로토타입 공개",http://www.it.co.kr/news/mediaitNewsView.php?nSeq=2670508
386,"재규어랜드로버, 레인지로버·스포츠·F-타입 등 3종 가격 인상",http://www.g-enews.com/ko-kr/news/article/news_all/201703311125301529a74922b82d_1/article.html
387,"랜드로버, 최고 550마력 레인지로버 스포츠 SVR 공개",http://autotimes.hankyung.com/apps/news.sub_view?popup=0&nid=04&c1=04&c2=04&c3=00&nkey=201408111543521
388,"랜드로버, '올 뉴 레인지로버 스포츠' 최고의 대형 SUV로 선정",http://biz.chosun.com/site/data/html_dir/2014/01/12/2014011200819.html
389,[시승기] 랜드로버 '올 뉴 레인지로버 스포츠',http://www.imaeil.com/sub_news/sub_news_view.php?news_id=719&yy=2014
390,랜드로버 중형 SUV '레인지로버 벨라' 9월 국내 공식 출시… 14일부터 사전계약 시작,http://www.kyeongin.com/main/view.php?key=20170713010004208
391,"재규어랜드로버, 레인지로버·스포츠·F-타입 등 3종 가격 인상",http://www.g-enews.com/ko-kr/news/article/news_all/201703311125301529a74922b82d_1/article.html
392,"랜드로버, 가장 빠른 SUV 레인지로버 스포츠 SVR 출시",http://autotimes.hankyung.com/apps/news.sub_view?popup=0&nid=03&c1=03&c2=03&c3=00&nkey=201511250934071
393,"랜드로버, 최고 550마력 레인지로버 스포츠 SVR 공개",http://autotimes.hankyung.com/apps/news.sub_view?popup=0&nid=04&c1=04&c2=04&c3=00&nkey=201408111543521
394,"랜드로버, '올 뉴 레인지로버 스포츠' 최고의 대형 SUV로 선정",http://biz.chosun.com/site/data/html_dir/2014/01/12/2014011200819.html
395,[시승기] 랜드로버 '올 뉴 레인지로버 스포츠',http://www.imaeil.com/sub_news/sub_news_view.php?news_id=719&yy=2014
396,"랜드로버, SUV 올 뉴 레인지로버 스포츠 3.0 수퍼차저 판매 돌입",http://www.newscj.com/news/articleView.html?idxno=221433
397,"랜드로버 코리아, 올 뉴 레인지로버 스포츠 3.0 수퍼차저 출시",http://www.tvreport.co.kr/?c=news&m=newsview&idx=446010
398,"랜드로버 코리아, 올 뉴 레인지로버 스포츠 3.0 수퍼차저 출시",http://www.osen.co.kr/article/G1109756376
399,"재규어랜드로버, 인기 '디펜더', 물량 없어 판매 못해. 적자 못견딘 딜러 이탈 본격화",http://www.autodaily.co.kr/news/articleView.html?idxno=423059
400,"랜드로버, SUV 올 뉴 레인지로버 스포츠 3.0 수퍼차저 판매 돌입",http://www.newscj.com/news/articleView.html?idxno=221433
401,"랜드로버 코리아, 올 뉴 레인지로버 스포츠 3.0 수퍼차저 출시",http://www.tvreport.co.kr/?c=news&m=newsview&idx=446010
402,"랜드로버 코리아, 올 뉴 레인지로버 스포츠 3.0 수퍼차저 출시",http://www.osen.co.kr/article/G1109756376
403,"재규어랜드로버, 인기 '디펜더', 물량 없어 판매 못해. 적자 못견딘 딜러 이탈 본격화",http://www.autodaily.co.kr/news/articleView.html?idxno=423059
404,[랜드로버 올 뉴 레인지로버 스포츠] 디젤 편견 깨고 SUV 뛰어넘다,http://news.mk.co.kr/news_forward.php?domain=news&no=1260002&year=2013
405,랜드로버 '레인지로버 스포츠' 라인업 확장으로 입지 강화,http://www.newsprime.co.kr/news/article.html?no=300880
406,[시승기]랜드로버 레인지로버 스포츠 | 오프로드에서 진가…30도 경사 거뜬,http://news.mk.co.kr/news_forward.php?domain=news&no=869801&year=2014
407,"랜드로버, '올 뉴 레인지로버 스포츠' 엠티쿼터 사막 횡단 신기록",http://www.osen.co.kr/article/G1109721863
408,"랜드로버, 프리미엄 SUV ‘올 뉴 레인지로버 스포츠’ 9년만에 풀체인지",http://www.ebn.co.kr/news/n_view.html?id=636460
409,"랜드로버, 정우성과 함께 `올 뉴 레인지로버 스포츠` 선보여",http://news.mk.co.kr/news_forward.php?domain=news&no=1000307&year=2013
410,"랜드로버, 8기통 터보 탑재 `레인지로버 스포츠 SDV8` 출시",http://www.etnews.com/20150304000059
411,[시승기]랜드로버 레인지로버 스포츠 | 오프로드에서 진가…30도 경사 거뜬,http://news.mk.co.kr/news_forward.php?domain=news&no=869801&year=2014
412,"랜드로버, '올 뉴 레인지로버 스포츠' 엠티쿼터 사막 횡단 신기록",http://www.osen.co.kr/article/G1109721863
413,"랜드로버, 프리미엄 SUV ‘올 뉴 레인지로버 스포츠’ 9년만에 풀체인지",http://www.ebn.co.kr/news/n_view.html?id=636460
414,"랜드로버, 정우성과 함께 `올 뉴 레인지로버 스포츠` 선보여",http://news.mk.co.kr/news_forward.php?domain=news&no=1000307&year=2013
415,"[포토]재규어 랜드로버, 레인지로버 스포츠 SVR 공개",http://www.edaily.co.kr/news/newspath.asp?newsid=02833926609331856
416,"랜드로버 레인지로버 스포츠, 사막 횡단 신기록 수립",http://autotimes.hankyung.com/apps/news.sub_view?popup=0&nid=03&c1=03&c2=03&c3=00&nkey=201311071322581
417,"랜드로버코리아, 레인지로버 벨라 사전계약 돌입",http://autotimes.hankyung.com/apps/news.sub_view?popup=0&nid=02&c1=02&c2=02&c3=00&nkey=201707130909561
418,"[시승기]랜드로버 올 뉴 레인지로버 스포츠, 부드러운 가속성능 ‘신의 한 수’",http://www.ebn.co.kr/news/n_view.html?id=663135
419,"랜드로버 코리아, 올 뉴 레인지로버 스포츠 3.0 수퍼차저 출시",http://www.fnnews.com/view?ra=Sent0601m_01A&corp=fnnews&arcid=201401050100042010001765&cDateYear=2014&cDateMonth=01&cDateDay=05&
420,"랜드로버 코리아, '올 뉴 레인지로버 스포츠' 출시",http://www.seoulfn.com/news/articleView.html?idxno=177056
421,"랜드로버, 정우성과 함께 `올 뉴 레인지로버 스포츠` 선보여",http://news.mk.co.kr/news_forward.php?domain=news&no=1000307&year=2013
422,"[포토]재규어 랜드로버, 레인지로버 스포츠 SVR 공개",http://www.edaily.co.kr/news/newspath.asp?newsid=02833926609331856
423,"랜드로버 레인지로버 스포츠, 사막 횡단 신기록 수립",http://autotimes.hankyung.com/apps/news.sub_view?popup=0&nid=03&c1=03&c2=03&c3=00&nkey=201311071322581
424,"랜드로버코리아, 레인지로버 벨라 사전계약 돌입",http://autotimes.hankyung.com/apps/news.sub_view?popup=0&nid=02&c1=02&c2=02&c3=00&nkey=201707130909561
425,"[시승기]랜드로버 올 뉴 레인지로버 스포츠, 부드러운 가속성능 ‘신의 한 수’",http://www.ebn.co.kr/news/n_view.html?id=663135
426,"랜드로버 코리아, 올 뉴 레인지로버 스포츠 3.0 수퍼차저 출시",http://www.fnnews.com/view?ra=Sent0601m_01A&corp=fnnews&arcid=201401050100042010001765&cDateYear=2014&cDateMonth=01&cDateDay=05&
427,"재규어랜드로버, `올 뉴 레인지로버 스포츠` 최초 공개",http://www.edaily.co.kr/news/newspath.asp?newsid=01121766602748896
428,가장 빠른 랜드로버 '레인지로버 스포츠 SVR' 나왔다… 가격 1.8억,http://www.hankyung.com/news/app/newsview.php?aid=201511258684g
429,"[영상뉴스] 랜드로버 코리아, '올 뉴 레인지로버 스포츠' 출시",http://www.newscj.com/news/articleView.html?idxno=209864
430,가장 빠른 랜드로버 '레인지로버 스포츠 SVR' 나왔다… 가격 1.8억,http://www.hankyung.com/news/app/newsview.php?aid=201511258684g
431,"[영상뉴스] 랜드로버 코리아, '올 뉴 레인지로버 스포츠' 출시",http://www.newscj.com/news/articleView.html?idxno=209864
432,"랜드로버, 스포츠 SUV 올 뉴 레인지로버 스포츠 출시",http://www.betanews.net/article/584779
433,랜드로버 ‘올 뉴 레인지로버 스포츠’ 출시,http://www.munhwa.com/news/view.html?no=20131018MW151229678014
434,"""가장 빠른 SUV"" 랜드로버 '레인지로버 스포츠 SVR'",http://www.mt.co.kr/view/mtview.php?type=1&no=2014081214025124257&outlink=1
435,"랜드로버코리아, 레인지로버 스포츠 SDV8 출시",http://autotimes.hankyung.com/apps/news.sub_view?popup=0&nid=03&c1=03&c2=03&c3=00&nkey=201503041017201
436,"재규어 랜드로버, 신형 스포츠카·레인지로버 최초 공개",http://kmomnews.hankyung.com/news/apps/news.sub_view?popup=0&nid=02&c1=02&c2=01&c3=00&nkey=201209281518451
437,"랜드로버, '올뉴 레인지로버 스포츠 3.0 수퍼차저' 출시",http://www.ajunews.com/view/20140105125158183
438,랜드로버 ‘레인지로버 스포츠 SDV8’ 선봬,http://sports.donga.com/3/all/20150304/69951577/3
439,"원빈♥이나영 부부, 웨딩카는 ‘랜드로버 레인지로버 스포츠’",http://www.newsen.com/news_view.php?uid=201506031041324720
440,랜드로버 ‘레인지로버 스포츠 SDV8’ 선봬,http://sports.donga.com/3/all/20150304/69951577/3
441,"원빈♥이나영 부부, 웨딩카는 ‘랜드로버 레인지로버 스포츠’",http://www.newsen.com/news_view.php?uid=201506031041324720
442,"랜드로버, '레인지로버 이보크 엠버 리미티드 에디션' 출시",http://www.sportsseoul.com/news/read/467618
443,"랜드로버, 2017년형 레인지로버 스포츠 출시...사양.가격.기능 보니",http://www.kookje.co.kr/news2011/asp/newsbody.asp?code=0200&key=20170203.99002005051
444,랜드로버 신차 '뉴 레인지로버 스포츠' 타보니…,http://www.etnews.com/20140220000037
445,"랜드로버, 2017년형 레인지로버 스포츠 출시",http://app.yonhapnews.co.kr/YNA/Basic/SNS/r.aspx?c=AKR20170202065500003&did=1195m
446,"재규어랜드로버, 2017년형 레인지로버 가격 인상",http://news.heraldcorp.com/view.php?ud=20170331000278
447,랜드로버 레인지로버 스포츠 vs BMW X5 비교 시승기,http://www.segye.com/content/html/2014/02/03/20140203004576.html?OutUrl=naver
448,랜드로버 올 뉴 레인지로버 스포츠 출시,http://news.mk.co.kr/news_forward.php?domain=news&no=1000541&year=2013
449,"랜드로버, 최고급 레인지로버 4번째 모델 '레인지로버 벨라' 발표",http://www.kookje.co.kr/news2011/asp/newsbody.asp?code=0200&key=20170222.99002210053
450,점잖은 도련님 스타일? 야성미 넘치는 ‘레인지로버 스포츠’,http://www.dt.co.kr/contents.html?article_no=2019031102101932052001&ref=naver
451,"랜드로버, '뉴 레인지로버 스포츠 수퍼차저' 출시",http://www.segye.com/Articles/NEWS/ECONOMY/Article.asp?aid=20100803002240&subctg1=&subctg2=
452,"랜드로버, 도심형 프리미엄 SUV '뉴 레인지로버 스포츠 수퍼차저' 출시",http://kr.aving.net/news/view.php?articleId=163677&Branch_ID=kr&rssid=naver
453,[다시 달리는 수입차] 재규어랜드로버 '뉴 레인지로버 이보크',http://www.sedaily.com/NewsView/1L3ZRYCRW0
454,[신차분석] 랜드로버 `레인지로버 스포츠`,http://www.dt.co.kr/contents.html?article_no=2010050702011132718003
455,"재규어랜드로버, 부산모터쇼에 F-페이스·레인지로버 이보크 컨버터블 공개",http://www.edaily.co.kr/news/newspath.asp?newsid=01784326612652856
456,캐딜락·링컨·렉서스·랜드로버·현대차 등 초대형 SUV 출시 잇따라...연비·크기별 최강은?,http://www.consumernews.co.kr/news/articleView.html?idxno=644071
457,"랜드로버, 고성능 SUV ‘뉴 레인지로버 스포츠’ 출시",http://www.newsen.com/news_view.php?uid=200912100943531001
458,"랜드로버, '뉴 레인지로버 스포츠' 국내 출시",https://news.naver.com/main/read.naver?mode=LSD&mid=sec&sid1=101&oid=003&aid=0002988921
459,"오토플러스, 방구석 드라이브 컨셉 '부산지점 특집' 리본쇼 진행",http://www.dailysmart.co.kr/news/articleView.html?idxno=43024
460,"재규어랜드로버, 부산모터쇼에 F-페이스·레인지로버 이보크 컨버터블 공개",http://www.edaily.co.kr/news/newspath.asp?newsid=01784326612652856
461,캐딜락·링컨·렉서스·랜드로버·현대차 등 초대형 SUV 출시 잇따라...연비·크기별 최강은?,http://www.consumernews.co.kr/news/articleView.html?idxno=644071
462,"랜드로버, 고성능 SUV ‘뉴 레인지로버 스포츠’ 출시",http://www.newsen.com/news_view.php?uid=200912100943531001
463,"랜드로버, '뉴 레인지로버 스포츠' 국내 출시",https://news.naver.com/main/read.naver?mode=LSD&mid=sec&sid1=101&oid=003&aid=0002988921
464,"오토플러스, 방구석 드라이브 컨셉 '부산지점 특집' 리본쇼 진행",http://www.dailysmart.co.kr/news/articleView.html?idxno=43024
465,랜드로버 '2017년형 레인지로버 스포츠',http://www.iusm.co.kr/news/articleView.html?idxno=715897
466,랜드로버 '2017년형 레인지로버 스포츠',http://app.yonhapnews.co.kr/YNA/Basic/SNS/r.aspx?c=PYH20170202232900003&did=1196m
467,"[포토] 정우성의 랜드로버, '올 뉴 레인지로버 스포츠' 국내 공개!",http://www.ajunews.com/kor/view.jsp?newsId=20131018000250
468,[뉴 레인지로버 스포츠] 스포츠카 성능 ‘궁극의 SUV’,http://www.busan.com/view/busan/view.php?code=2019052818031759833
469,"랜드로버, '뉴 레인지로버 스포츠 수퍼차저' 출시",http://www.moneytoday.co.kr/view/mtview.php?type=1&no=2010080310402604560&outlink=1
470,"랜드로버, 2017년형 레인지로버 스포츠 출시",http://app.yonhapnews.co.kr/YNA/Basic/SNS/r.aspx?c=PYH20170202232800003&did=1196m
471,"[포토] 정우성의 랜드로버, '올 뉴 레인지로버 스포츠' 국내 공개!",http://www.ajunews.com/kor/view.jsp?newsId=20131018000250
472,[뉴 레인지로버 스포츠] 스포츠카 성능 ‘궁극의 SUV’,http://www.busan.com/view/busan/view.php?code=2019052818031759833
473,"랜드로버, '뉴 레인지로버 스포츠 수퍼차저' 출시",http://www.moneytoday.co.kr/view/mtview.php?type=1&no=2010080310402604560&outlink=1
474,"수입차 호황에도 부진한 재규어랜드로버, 전시장·AS센터 축소",https://biz.chosun.com/industry/car/2022/02/18/UTWDCROWUFFMJK5BBWGMQRZZ3A/?utm_source=naver&utm_medium=original&utm_campaign=biz
475,"랜드로버 레인지로버 스포츠, 스마트폰으로 원격 조종에 U턴까지",http://www.kbench.com/?q=node/151872
476,랜드로버 '올 뉴 레인지로버 스포츠' 출시,https://news.naver.com/main/read.naver?mode=LSD&mid=sec&sid1=101&oid=001&aid=0006543998
477,"재규어 랜드로버 ""프리미엄 멤버십 서비스 확대 개편""",http://sports.hankooki.com/lpage/economy/202008/sp20200824134355136990.htm?s_ref=nv
478,"[포토] 재규어랜드로버, 한층 고급스런 디자인으로 돌아온 ‘뉴 레인지로버’ 출시",http://www.enewstoday.co.kr/news/articleView.html?idxno=1175909
479,"랜드로버, `레인지로버 스포츠 디젤` 공개",http://www.edaily.co.kr/news/newspath.asp?newsid=02020486583065944
480,"랜드로버 레인지로버 스포츠, 스마트폰으로 원격 조종에 U턴까지",http://www.kbench.com/?q=node/151872
481,랜드로버 '올 뉴 레인지로버 스포츠' 출시,https://news.naver.com/main/read.naver?mode=LSD&mid=sec&sid1=101&oid=001&aid=0006543998
482,"재규어 랜드로버 ""프리미엄 멤버십 서비스 확대 개편""",http://sports.hankooki.com/lpage/economy/202008/sp20200824134355136990.htm?s_ref=nv
483,"[포토] 재규어랜드로버, 한층 고급스런 디자인으로 돌아온 ‘뉴 레인지로버’ 출시",http://www.enewstoday.co.kr/news/articleView.html?idxno=1175909
484,"랜드로버, `레인지로버 스포츠 디젤` 공개",http://www.edaily.co.kr/news/newspath.asp?newsid=02020486583065944
485,[시승기] 랜드로버 '레인지로버 스포츠' ‥ 트인시야… 도심고속 주행에도 안정감 '굿',http://www.hankyung.com/news/app/newsview.php?aid=2009041586841
486,"랜드로버 고성능 모델, '레인지로버 스포츠 SVR' 국내 상륙",http://www.mt.co.kr/view/mtview.php?type=1&no=2015112516501689928&outlink=1
487,[시승기] ‘랜드로버 올뉴 레인지로버 스포츠’ 도로 접지력 강해 주행 때 안정,http://www.fnnews.com/news/201410031714283141
488,"레인지로버 스포츠도 친환경 시대, 하이브리드 디젤 엔진 품은 2021년형 출시",http://www.metroseoul.co.kr/article/20210420500348
489,"재규어 랜드로버 오너스, 제휴사·서비스 확대 개편",http://www.skyedaily.com/news/news_view.html?ID=110183
490,"재규어 랜드로버, 프리미엄 멤버십 서비스 확대 개편",http://www.newsis.com/view/?id=NISX20200814_0001130347&cID=13001&pID=13000
491,유럽이 인정한 'LG전자 차량용 인포테인먼트' 랜드로버에서 번쩍!,http://www.gpkorea.com/news/articleView.html?idxno=69204
492,"럭셔리 SUV 명가 랜드로버, '뉴 레인지로버 스포츠' 출시",http://www.segye.com/Articles/NEWS/ECONOMY/Article.asp?aid=20091208001459&subctg1=&subctg2=
493,프리미엄 멤버십 '재규어 랜드로버 오너스' 제휴 대폭 확대,https://www.ebn.co.kr/news/view/1446761/?sc=Naver
494,[이지 시승기] '도로 위 퍼스트클래스' 레인지로버…고급스러운 분위기·폭발적 주행성능 '명불허전',http://www.ezyeconomy.com/news/articleView.html?idxno=95890
495,"랜드로버, ‘뉴 레인지로버 스포츠 수퍼차저’ 출시",http://www.newshankuk.com/news/news_view.asp?articleno=k2010080314051844806
496,"랜드로버코리아, 신형 레인지로버 스포츠 출시",http://autotimes.hankyung.com/apps/news.sub_view?popup=0&nid=03&c1=03&c2=03&c3=00&nkey=201310180931221
497,"[시승]품격 갖춘 SUV, 랜드로버 레인지로버 벨라",http://autotimes.hankyung.com/apps/news.sub_view?popup=0&nid=02&c1=02&c2=02&c3=00&nkey=202109091953541
498,"LG전자?재규어랜드로버 공동 개발, 인포테인먼트 시스템 업계 최고 커넥티드 기술 선정",http://theviewers.co.kr/View.aspx?No=1356440
499,"랜드로버코리아, 레인지로버 하이브리드 출시",http://www.dailian.co.kr/news/view/506824/?sc=naver
