,title,url
0,"""경고음 안 울리고 안전띠 불량"" 벤츠·랜드로버·폭스바겐 4만여대 '리콜'",http://news.tf.co.kr/read/economy/1934616.htm
1,벤츠 조향핸들-랜드로버 오일펌프-기아 유압장치 등 결함 리콜,http://www.gpkorea.com/news/articleView.html?idxno=85284
2,"LG ZKW 헤드라이트, '2억원대' 랜드로버 신형 레인지로버에 실린다",https://www.theguru.co.kr/news/article.html?no=34347
3,"[민기자의 '드라이빙'] 랜드로버 디스커버리 스포츠, 예쁘긴 한데… 경쟁자가 너무 쟁쟁",http://www.sisaweek.com/news/curationView.html?idxno=152538
4,[자유로 연비] 경쟁력을 높인 ‘랜드로버 디스커버리 스포츠 D200 S’의 자유로 연비는?,https://hankookilbo.com/News/Read/A2021120908360000096?did=NA
5,[시승기] 한층 높아진 경쟁력을 제시하는 엔트리 랜드로버…랜드로버 디스커버리 스포츠 D200 S,https://hankookilbo.com/News/Read/A2021111807510002538?did=NA
6,"[영상]볼수록 매력이 장난아님, 랜드로버 디스커버리 스포츠 시승기",http://autotimes.hankyung.com/apps/news.sub_view?popup=0&nid=12&c1=12&c2=12&c3=00&nkey=202111221726041
7,"[영상]오분타임즈 솔직히 기대이상, 랜드로버 디스커버리 스포츠",http://autotimes.hankyung.com/apps/news.sub_view?popup=0&nid=12&c1=12&c2=12&c3=00&nkey=202111181702331
8,[야! 타 볼래]럭셔리 SUV 혈통 '디스커버리 스포츠' 충성 고객층 이유있다,http://www.newsway.co.kr/news/view?tp=1&ud=2022020214164753068
9,"랜드로버, 디스커버리 스포츠 36개월 무이자 할부 '3+3+5' 프로모션",http://news.mk.co.kr/newsRead.php?no=951510&year=2021
10,"[시승기]'다재다능' 디스커버리 스포츠, ""잘 나가는 이유있네""",http://www.mediapen.com/news/view/687154
11,"재규어 랜드로버 디스커버리 스포츠 2021년형, 친환경+최첨단 SUV",http://www.sportsseoul.com/news/read/1046442?ref=naver
12,21년형 랜드로버 디스커버리 스포츠 출시···6220만원~,http://www.newsway.co.kr/news/view?tp=1&ud=2021060810325037191
13,"랜드로버, 콤팩트 SUV 디스커버리 스포츠 2021년형 출시..가격은?",http://www.dailycar.co.kr/content/news.html?type=view&autoId=39808
14,[자유로 연비] 가솔린 엔진을 품은 디스커버리 스포츠의 자유로 연비는?,https://hankookilbo.com/News/Read/A2021062708110003421?did=NA
15,[이주의 차] 디스커버리 스포츠 2021년형과 신형 스포티지,http://isplus.live.joins.com/news/article/article.asp?total_id=24078875
16,"[시승기] 신뢰도 높은 랜드로버 SUV, ‘랜드로버 디스커버리 스포츠 D180 SE’",https://hankookilbo.com/News/Read/A2020071013340002771?did=NA
17,오프로드 따위 별거 아니야! 지프 랭글러 & 랜드로버 디스커버리 스포츠,https://www.motortrendkorea.com/sub/view.html?no=4796&cate1Name=WHICHCAR
18,"KB캐피탈, 랜드로버 '디스커버리 스포츠' 무이자 유예 할부",http://www.smedaily.co.kr/news/articleView.html?idxno=215766
19,"[시승기] 오프로드에서 더욱 높은 가치, 랜드로버 디스커버리 스포츠 P250 SE",http://www.hankookilbo.com/news/npath/202006181215761143?did=NA
20,[자유로 연비] 250마력의 심장을 품은 '랜드로버 디스커버리 스포츠'의 자유로 연비는?,http://www.hankookilbo.com/news/npath/202006160979721417?did=NA
21,"랜드로버, 디스커버리 스포츠 36개월 무이자 할부 실시..월 납입료는?",http://www.dailycar.co.kr/content/news.html?type=view&autoId=41187
22,랜드로버 디스커버리 스포츠 36개월 무이자 유예할부 프로모션 진행!,http://www.thedrive.co.kr/news/newsview.php?ncode=1065592715152914
23,"[시승기] 견고함과 부드러움을 담아낸 존재, 랜드로버 디스커버리 스포츠 P250 SE",http://www.hankookilbo.com/news/npath/202005250945724269?did=NA
24,[시승기] 온‧오프로드 거칠 것 없는 주행 '랜드로버 디스커버리 스포츠',http://www.newsworks.co.kr/news/articleView.html?idxno=451796
25,랜드로버 '뉴 디스커버리 스포츠 가솔린' 모델 출시,http://www.cstimes.com/news/articleView.html?idxno=405766
26,랜드로버 신형 디스커버리 스포츠 '가솔린' 판매 개시,http://www.mediapen.com/news/view/506656
27,"[카 라이프] 랜드로버 `뉴 디스커버리 스포츠`, 온·오프로드 어디서든 존재감…`팔방미인` SUV",http://news.mk.co.kr/newsRead.php?no=143009&year=2020
28,[시승기] '가는 모든 곳이 길이된다'…랜드로버 뉴 디스커버리 스포츠를 타보니,http://www.asiatoday.co.kr/view.php?key=20200210010005318
29,"[시승기] 디스커버리의 DNA를 강화한 존재, ‘랜드로버 디스커버리 스포츠 D180 SE’",http://www.hankookilbo.com/news/npath/202002091069747055?did=NA
30,"[리뷰] 드디어 한국 상륙, 신형 랜드로버 디스커버리 스포츠는 어떤 차량일까?",http://www.hankookilbo.com/news/npath/202002081019318979?did=NA
31,랜드로버 디스커버리 스포츠 신형 출시…'보증기간 5년',http://www.mediapen.com/news/view/498382
32,"랜드로버코리아, 상품성 개선한 ‘디스커버리 스포츠’ 사전계약",http://www.donga.com/news/article/all/20200120/99331025/2
33,"2월에 등장할 '진짜 SUV', 랜드로버 뉴 디스커버리 스포츠",http://autotimes.hankyung.com/apps/news.sub_view?popup=0&nid=03&c1=03&c2=03&c3=00&nkey=202001221028051
34,"[단독] 랜드로버 '디스커버리 스포츠', 오는 29일부터 판매재개",http://moneys.mt.co.kr/news/mwView.php?no=2019112710318069270
35,랜드로버 뉴 디스커버리 스포츠 출시…하이브리드로 효율↑,http://it.chosun.com/site/data/html_dir/2020/02/06/2020020603346.html
36,"[수입車 가을대전]랜드로버 디스커버리 스포츠, 차세대 디자인 눈길",https://view.asiae.co.kr/article/2019092411220754942
37,"[자유로 연비] 기대이상의 연비, ‘랜드로버 디스커버리 스포츠’의 자유로 연비는?",http://www.hankookilbo.com/news/npath/201904280684083395?did=NA
38,랜드로버 디스커버리 ‘다목적 SUV’ 완성형으로 우뚝…모든 취향 만족,http://www.ajunews.com/view/20191218132859234
39,'랜드로버 vs 토요타 야리스' 충돌로 전복된 차는?,http://www.thedrive.co.kr/news/newsview.php?ncode=1065600362669331
40,"현대차 투싼 PHEV, '랜드로버 디스커버리' 제치고 독일 자동차매체 평가 1위",http://www.newsworks.co.kr/news/articleView.html?idxno=565451
41,"랜드로버, 디스커버리 패밀리 액세서리 프로모션",http://www.digitaltoday.co.kr/news/articleView.html?idxno=216526
42,"랜드로버 ""디스커버리 라인업 고객 시승행사 개최""",http://sports.hankooki.com/lpage/economy/201909/sp20190903180123136990.htm
43,"랜드로버, '디스커버리 어드벤처' 시승 행사 실시",http://www.ebn.co.kr/news/view/999482
44,케이카 직원 선정 패밀리카 '카니발·디스커버리 스포츠',http://www.seoulfn.com/news/articleView.html?idxno=393950
45,"[시승기] 랜드로버에서 가성비를 만나다, ‘랜드로버 디스커버리 SE’",http://www.hankookilbo.com/news/npath/201907120797320337?did=NA
46,"[자동차특집] ⑥재규어랜드로버 E-페이스·뉴 디스커버리 스포츠, 1분기 '눈에 띄네'",http://www.g-enews.com/ko-kr/news/article/news_all/2021042617332588530d88486204_1/article.html
47,"KB캐피탈, ‘디스커버리 스포츠’ 36개월 무이자 유예 할부 시행",http://www.ajunews.com/view/20211015140848239
48,[시승기] 가솔린 엔진으로 매력과 가치를 더한 랜드로버 ‘뉴 디스커버리 스포츠 P250′ 시승기,https://hankookilbo.com/News/Read/A2021040309590005352?did=NA
49,[재도약 나선 수입차] 랜드로버 디스커버리 스포츠,http://www.sedaily.com/NewsView/1OAV97ZP8E
50,"랜드로버, 디스커버리 스포츠 엔트리급 출시…5980만원",http://www.sporbiz.co.kr/news/articleView.html?idxno=67655
51,"[오늘의 자동차] 랜드로버 코리아, '디스커버리 스포츠' 엔트리 모델 출시",http://www.sedaily.com/NewsView/1OAR1YDR7E
52,"[MY엔트리카] 랜드로버 '뉴 디스커버리스포츠', 6000만원대 패밀리SUV로 차박에 제격",https://daily.hankooki.com/lpage/column/202103/dh20210330111649148550.htm?s_ref=nv
53,랜드로버 뉴 디스커버리 출시…부분변경 모델,http://www.busan.com/view/busan/view.php?code=2021062114402569356
54,"[시승기]랜드로버 디스커버리 스포츠 LR-TD4, SUV 명가의 조용한 막내",http://news.mk.co.kr/newsRead.php?no=619365&year=2016
55,"랜드로버 디스커버리 스포츠, 108톤 짜리 열차를 견인하다",http://www.kbench.com/?q=node/164312
56,[시승기] 수입 SUV 찾는 패밀리 캠핑족? 답은 '뉴 디스커버리 스포츠',http://www.ebn.co.kr/news/view/1024745/?sc=naver
57,"[타봤더니] 뉴 디스커버리 스포츠, 질주부터 도강까지 '팔방미인'",https://www.paxnetnews.com/articles/56838
58,[시승기] 랜드로버의 막내 디스커버리 스포츠...화려함과 실용성,http://news.mtn.co.kr/newscenter/news_viewer.mtn?gidx=2015080302405030386
59,"랜드로버 '디스커버리 스포츠', 브랜드 최초 신차 교환 보상 서비스",http://www.osen.co.kr/article/G1110180879
60,"랜드로버 디스커버리 스포츠 ""내가 돌아왔다"" 1000대예약",http://www.mt.co.kr/view/mtview.php?type=1&no=2015051809433253417&outlink=1
61,[시승기] 엔트리급이라고 하기엔 너무 화려한 '랜드로버 디스커버리 스포츠',http://kr.aving.net/news/view.php?articleId=1247000&Branch_ID=kr&rssid=naver&mn_name=news
62,"<시승기> 랜드로버 디스커버리 스포츠…악천후도 끄떡없다, 컴팩트 SUV의 재발견!",http://biz.heraldcorp.com/view.php?ud=20150507000921
63,"[시승기]랜드로버 디스커버리 스포츠, 진흙·수로 못가는곳 없다",http://www.edaily.co.kr/news/newspath.asp?newsid=01098806609365640
64,"백정현 랜드로버 사장 ""디스커버리 스포츠, 아우디 Q5와 경쟁""",http://www.mt.co.kr/view/mtview.php?type=1&no=2015043011303932693&outlink=1
65,[클릭! 이 차]`다재다능 프리머엄 SUV` 랜드로버 디스커버리 스포츠,http://www.etnews.com/20150416000106
66,랜드로버 디스커버리스포츠ㆍ이보크 등 12개 차종 4600대 리콜,http://www.etoday.co.kr/news/section/newsview.php?idxno=1372776
67,[2015서울모터쇼]랜드로버 '디스커버리 스포츠' 국내 첫공개,http://www.mt.co.kr/view/mtview.php?type=1&no=2015040208154667197&outlink=1
68,랜드로버 '디스커버리 스포츠' 국내 첫 팝업스토어서 공개,http://www.hankookilbo.com/v/bc7dfed16b354c4483cee9b57c325197
69,"랜드로버 디스커버리 스포츠, 시동꺼짐 가능성 드러나 리콜",http://www.asiatoday.co.kr/view.php?key=20160511010005211
70,"랜드로버, 콤팩트 SUV 디스커버리 스포츠 공개",http://www.mt.co.kr/view/mtview.php?type=1&no=2014090517572923651&outlink=1
71,"랜드로버, 프리미엄 콤팩트 SUV '디스커버리 스포츠' 세계 최초 공개",http://www.ajunews.com/view/20140904100424561
72,"랜드로버, 新스타일의 콤팩트 SUV '디스커버리 스포츠' 공개",http://www.it.co.kr/news/mediaitNewsView.php?nSeq=2729897
73,[브리핑] 벤츠·렉서스·랜드로버,http://www.4th.kr/news/articleView.html?idxno=2006831
74,랜드로버 디스커버리스포츠 디젤 등 6069대 제작결함으로 리콜,http://www.asiatoday.co.kr/view.php?key=20160705010001661
75,디스커버리스포츠·알페온·큐브 등 20개 차종 제작결함 ‘리콜’,http://inthenews.co.kr/article-28238/
76,신형 디스커버리 스포츠..GV80 대안 가능할까,http://www.edaily.co.kr/news/newspath.asp?newsid=03532566625674128
77,할인 막차 vs 따끈한 신상… 고민되는 '디스커버리 스포츠',http://moneys.mt.co.kr/news/mwView.php?no=2019101114328067378
78,"랜드로버, 7인승 SUV '뉴 디스커버리' 사전계약…8천680만원부터",http://news.einfomax.co.kr/news/articleView.html?idxno=4145584
79,"[단독] 할인 공세 '디스커버리 스포츠', 소프트웨어 문제로 '판매스톱'",http://moneys.mt.co.kr/news/mwView.php?no=2019092710338028252
80,"(단독)랜드로버, 타이밍체인 결함 100건 육박…차주들 '뿔났다'",http://www.newstomato.com/ReadNews.aspx?no=1075656&inflow=N
81,[시승기+] '젊은이의 로망' 랜드로버 디스커버리…매력이 뭐길래,http://www.hankyung.com/news/app/newsview.php?aid=201507176666g
82,"코엑스몰 전 구매 고객 대박 경품 이벤트, 1등은 랜드로버 디스커버리 스포츠",http://www.sportsworldi.com/content/html/2015/01/23/20150123002583.html?OutUrl=naver
83,자존심 구긴 영국 프리미엄 랜드로버...디스커버리 스포츠의 '몰락',http://www.ceoscoredaily.com/news/article.html?no=74289
84,배짱장사에 ‘한국시장 철수 후보 1위’ 재규어랜드로버…‘보증 수리 고객’에 문제점 직접 증명해라?,https://www.thepublic.kr/news/newsview.php?ncode=1065589535258349
85,"[시승기] 공간 활용성 돋보이는 SUV, 랜드로버 ‘뉴 디스커버리 스포츠’",http://www.ekn.kr/news/article.html?no=517373
86,"랜드로버, 업데이트된 ‘디스커버리 스포츠’ 공개..달라진 점은?",http://www.dailycar.co.kr/content/news.html?type=view&autoId=37448
87,랜드로버 뉴 디스커버리 스포츠..‘만능’ SUV로 불리는 이유는...,http://m.dailycar.co.kr/content/news.html?type=view&autoId=37250
88,"랜드로버, 中서 ‘이보크 롱휠베이스’ 판매 돌입..차별점은?",http://www.dailycar.co.kr/content/news.html?type=view&autoId=40333
89,[시승기] '사이다' 드라이빙… 랜드로버 '뉴 디스커버리 스포츠',https://www.asiatoday.co.kr/view.php?key=20200831010016515
90,"""가족·레저·드라이빙 모두 만족"" 랜드로버 디스커버리 스포츠",http://www.gpkorea.com/news/articleView.html?idxno=66360
91,"재규어 랜드로버, 디스커버리 구매시 500만원 현금 지원",http://news.mk.co.kr/newsRead.php?no=1141786&year=2020
92,[시승기] 랜드로버 뉴 디스커버리 스포츠 P250 SE | 넉넉한 실내 공간과 뛰어난 온·오프로드 주행 성능,http://economychosun.com/client/news/view.php?boardName=C05&t_num=13609112
93,스트레치의 디스커버리 스포츠를 위한 튜닝 패키지,http://autoin.edaily.co.kr/news/newspath.asp?newsid=01180806616090952
94,"랜드로버, ‘디스커버리 스포츠’·‘이보크’ PHEV 출시..특징은?",http://www.dailycar.co.kr/content/news.html?type=view&autoId=36420
95,"[시승기] ""온·오프로드 어디서나 OK!"" 랜드로버 뉴 디스커버리 스포츠",http://www.efnews.co.kr/news/articleView.html?idxno=84228
96,"[시승]촉촉한 부드러움, 랜드로버 디스커버리 스포츠 가솔린",http://autotimes.hankyung.com/apps/news.sub_view?popup=0&nid=06&c1=06&c2=06&c3=00&nkey=202004122106211
97,"랜드로버 디스커버리 스포츠, 긴급헌혈서비스 차량 `활약`",http://news.mk.co.kr/newsRead.php?no=536192&year=2020
98,"[시승기]가성비를 앞세운 럭셔리…랜드로버, '뉴 디스커버리 스포츠'",https://asiatime.co.kr/news/newsview.php?ncode=1065608679693319
99,"재규어랜드로버, 뉴 디스커버리 스포츠 가솔린 모델 출시",http://www.rpm9.com/news/article.html?id=20200312090034
100,"재규어 랜드로버, 디스커버리 스포츠 2021년형 출시…최고 7100만원",https://www.news1.kr/articles/?4330569
101,"랜드로버 ""디스커버리 라인업 고객 시승행사 개최""",http://sports.hankooki.com/lpage/economy/201909/sp20190903180123136990.htm
102,"랜드로버, '디스커버리 어드벤처' 시승 행사 실시",http://www.ebn.co.kr/news/view/999482
103,케이카 직원 선정 패밀리카 '카니발·디스커버리 스포츠',http://www.seoulfn.com/news/articleView.html?idxno=393950
104,"[시승기] 랜드로버에서 가성비를 만나다, ‘랜드로버 디스커버리 SE’",http://www.hankookilbo.com/news/npath/201907120797320337?did=NA
105,"""내 차 리콜 확인하세요""… 벤츠·재규어·기아·폭스바겐 등 5개사 4.7만대",http://moneys.mt.co.kr/news/mwView.php?no=2022042710375485377
106,"[자동차특집] ⑥재규어랜드로버 E-페이스·뉴 디스커버리 스포츠, 1분기 '눈에 띄네'",http://www.g-enews.com/ko-kr/news/article/news_all/2021042617332588530d88486204_1/article.html
107,"KB캐피탈, ‘디스커버리 스포츠’ 36개월 무이자 유예 할부 시행",http://www.ajunews.com/view/20211015140848239
108,[시승기] 가솔린 엔진으로 매력과 가치를 더한 랜드로버 ‘뉴 디스커버리 스포츠 P250′ 시승기,https://hankookilbo.com/News/Read/A2021040309590005352?did=NA
109,[재도약 나선 수입차] 랜드로버 디스커버리 스포츠,http://www.sedaily.com/NewsView/1OAV97ZP8E
110,"랜드로버, 디스커버리 스포츠 21년형 출시…가격 6220만원부터",https://www.ebn.co.kr/news/view/1486724/?sc=Naver
111,케이카 직원 선정 패밀리카 '카니발·디스커버리 스포츠',http://www.seoulfn.com/news/articleView.html?idxno=393950
112,"[시승기] 랜드로버에서 가성비를 만나다, ‘랜드로버 디스커버리 SE’",http://www.hankookilbo.com/news/npath/201907120797320337?did=NA
113,"""내 차 리콜 확인하세요""… 벤츠·재규어·기아·폭스바겐 등 5개사 4.7만대",http://moneys.mt.co.kr/news/mwView.php?no=2022042710375485377
114,"[자동차특집] ⑥재규어랜드로버 E-페이스·뉴 디스커버리 스포츠, 1분기 '눈에 띄네'",http://www.g-enews.com/ko-kr/news/article/news_all/2021042617332588530d88486204_1/article.html
115,"KB캐피탈, ‘디스커버리 스포츠’ 36개월 무이자 유예 할부 시행",http://www.ajunews.com/view/20211015140848239
116,[시승기] 가솔린 엔진으로 매력과 가치를 더한 랜드로버 ‘뉴 디스커버리 스포츠 P250′ 시승기,https://hankookilbo.com/News/Read/A2021040309590005352?did=NA
117,[재도약 나선 수입차] 랜드로버 디스커버리 스포츠,http://www.sedaily.com/NewsView/1OAV97ZP8E
118,"랜드로버, 디스커버리 스포츠 엔트리급 출시…5980만원",http://www.sporbiz.co.kr/news/articleView.html?idxno=67655
119,"[오늘의 자동차] 랜드로버 코리아, '디스커버리 스포츠' 엔트리 모델 출시",http://www.sedaily.com/NewsView/1OAR1YDR7E
120,"KB캐피탈, ‘디스커버리 스포츠’ 36개월 무이자 유예 할부 시행",http://www.ajunews.com/view/20211015140848239
121,[시승기] 가솔린 엔진으로 매력과 가치를 더한 랜드로버 ‘뉴 디스커버리 스포츠 P250′ 시승기,https://hankookilbo.com/News/Read/A2021040309590005352?did=NA
122,[재도약 나선 수입차] 랜드로버 디스커버리 스포츠,http://www.sedaily.com/NewsView/1OAV97ZP8E
123,"랜드로버, 디스커버리 스포츠 엔트리급 출시…5980만원",http://www.sporbiz.co.kr/news/articleView.html?idxno=67655
124,"[오늘의 자동차] 랜드로버 코리아, '디스커버리 스포츠' 엔트리 모델 출시",http://www.sedaily.com/NewsView/1OAR1YDR7E
125,"[MY엔트리카] 랜드로버 '뉴 디스커버리스포츠', 6000만원대 패밀리SUV로 차박에 제격",https://daily.hankooki.com/lpage/column/202103/dh20210330111649148550.htm?s_ref=nv
126,랜드로버 뉴 디스커버리 출시…부분변경 모델,http://www.busan.com/view/busan/view.php?code=2021062114402569356
127,핸즈 오프 감지시스템 오류… 벤츠·재규어 등 4.7만대 리콜,http://moneys.mt.co.kr/news/mwView.php?no=2022042715142890517
128,"[시승기]랜드로버 디스커버리 스포츠 LR-TD4, SUV 명가의 조용한 막내",http://news.mk.co.kr/newsRead.php?no=619365&year=2016
129,"랜드로버 디스커버리 스포츠, 108톤 짜리 열차를 견인하다",http://www.kbench.com/?q=node/164312
130,랜드로버 뉴 디스커버리 출시…부분변경 모델,http://www.busan.com/view/busan/view.php?code=2021062114402569356
131,핸즈 오프 감지시스템 오류… 벤츠·재규어 등 4.7만대 리콜,http://moneys.mt.co.kr/news/mwView.php?no=2022042715142890517
132,"[시승기]랜드로버 디스커버리 스포츠 LR-TD4, SUV 명가의 조용한 막내",http://news.mk.co.kr/newsRead.php?no=619365&year=2016
133,"랜드로버 디스커버리 스포츠, 108톤 짜리 열차를 견인하다",http://www.kbench.com/?q=node/164312
134,[시승기] 수입 SUV 찾는 패밀리 캠핑족? 답은 '뉴 디스커버리 스포츠',http://www.ebn.co.kr/news/view/1024745/?sc=naver
135,"[타봤더니] 뉴 디스커버리 스포츠, 질주부터 도강까지 '팔방미인'",https://www.paxnetnews.com/articles/56838
136,[시승기] 랜드로버의 막내 디스커버리 스포츠...화려함과 실용성,http://news.mtn.co.kr/newscenter/news_viewer.mtn?gidx=2015080302405030386
137,"랜드로버 '디스커버리 스포츠', 브랜드 최초 신차 교환 보상 서비스",http://www.osen.co.kr/article/G1110180879
138,"KB캐피탈, 재규어 랜드로버와 무이자 유예 할부 시행",https://www.fetv.co.kr/news/article.html?no=98090
139,"랜드로버 디스커버리 스포츠 ""내가 돌아왔다"" 1000대예약",http://www.mt.co.kr/view/mtview.php?type=1&no=2015051809433253417&outlink=1
140,"재규어 랜드로버 ""디스커버리 스포츠 구입 후 1년 내 사고 나면 새차로 교환""",http://www.ajunews.com/view/20150618160803172
141,"KB캐피탈, 재규어 랜드로버와 무이자 유예 할부 시행",https://www.fetv.co.kr/news/article.html?no=98090
142,"랜드로버 디스커버리 스포츠 ""내가 돌아왔다"" 1000대예약",http://www.mt.co.kr/view/mtview.php?type=1&no=2015051809433253417&outlink=1
143,[시승기] 엔트리급이라고 하기엔 너무 화려한 '랜드로버 디스커버리 스포츠',http://kr.aving.net/news/view.php?articleId=1247000&Branch_ID=kr&rssid=naver&mn_name=news
144,"<시승기> 랜드로버 디스커버리 스포츠…악천후도 끄떡없다, 컴팩트 SUV의 재발견!",http://biz.heraldcorp.com/view.php?ud=20150507000921
145,"[시승기]랜드로버 디스커버리 스포츠, 진흙·수로 못가는곳 없다",http://www.edaily.co.kr/news/newspath.asp?newsid=01098806609365640
146,"백정현 랜드로버 사장 ""디스커버리 스포츠, 아우디 Q5와 경쟁""",http://www.mt.co.kr/view/mtview.php?type=1&no=2015043011303932693&outlink=1
147,[클릭! 이 차]`다재다능 프리머엄 SUV` 랜드로버 디스커버리 스포츠,http://www.etnews.com/20150416000106
148,랜드로버 디스커버리스포츠ㆍ이보크 등 12개 차종 4600대 리콜,http://www.etoday.co.kr/news/section/newsview.php?idxno=1372776
149,[2015서울모터쇼]랜드로버 '디스커버리 스포츠' 국내 첫공개,http://www.mt.co.kr/view/mtview.php?type=1&no=2015040208154667197&outlink=1
150,"<시승기> 랜드로버 디스커버리 스포츠…악천후도 끄떡없다, 컴팩트 SUV의 재발견!",http://biz.heraldcorp.com/view.php?ud=20150507000921
151,"[시승기]랜드로버 디스커버리 스포츠, 진흙·수로 못가는곳 없다",http://www.edaily.co.kr/news/newspath.asp?newsid=01098806609365640
152,"백정현 랜드로버 사장 ""디스커버리 스포츠, 아우디 Q5와 경쟁""",http://www.mt.co.kr/view/mtview.php?type=1&no=2015043011303932693&outlink=1
153,[클릭! 이 차]`다재다능 프리머엄 SUV` 랜드로버 디스커버리 스포츠,http://www.etnews.com/20150416000106
154,랜드로버 디스커버리스포츠ㆍ이보크 등 12개 차종 4600대 리콜,http://www.etoday.co.kr/news/section/newsview.php?idxno=1372776
155,[2015서울모터쇼]랜드로버 '디스커버리 스포츠' 국내 첫공개,http://www.mt.co.kr/view/mtview.php?type=1&no=2015040208154667197&outlink=1
156,랜드로버 '디스커버리 스포츠' 국내 첫 팝업스토어서 공개,http://www.hankookilbo.com/v/bc7dfed16b354c4483cee9b57c325197
157,"랜드로버 디스커버리 스포츠, 시동꺼짐 가능성 드러나 리콜",http://www.asiatoday.co.kr/view.php?key=20160511010005211
158,‘랜드로버 디스커버리 스포츠’ 신차 교환 보상 서비스 진행,http://www.newsway.co.kr/view.php?tp=1&ud=2015061815310733209
159,"랜드로버, 콤팩트 SUV 디스커버리 스포츠 공개",http://www.mt.co.kr/view/mtview.php?type=1&no=2014090517572923651&outlink=1
160,"랜드로버 디스커버리 스포츠, 시동꺼짐 가능성 드러나 리콜",http://www.asiatoday.co.kr/view.php?key=20160511010005211
161,‘랜드로버 디스커버리 스포츠’ 신차 교환 보상 서비스 진행,http://www.newsway.co.kr/view.php?tp=1&ud=2015061815310733209
162,"랜드로버, 콤팩트 SUV 디스커버리 스포츠 공개",http://www.mt.co.kr/view/mtview.php?type=1&no=2014090517572923651&outlink=1
163,"랜드로버, 프리미엄 콤팩트 SUV '디스커버리 스포츠' 세계 최초 공개",http://www.ajunews.com/view/20140904100424561
164,"랜드로버, 新스타일의 콤팩트 SUV '디스커버리 스포츠' 공개",http://www.it.co.kr/news/mediaitNewsView.php?nSeq=2729897
165,[브리핑] 벤츠·렉서스·랜드로버,http://www.4th.kr/news/articleView.html?idxno=2006831
166,랜드로버 디스커버리스포츠 디젤 등 6069대 제작결함으로 리콜,http://www.asiatoday.co.kr/view.php?key=20160705010001661
167,디스커버리스포츠·알페온·큐브 등 20개 차종 제작결함 ‘리콜’,http://inthenews.co.kr/article-28238/
168,신형 디스커버리 스포츠..GV80 대안 가능할까,http://www.edaily.co.kr/news/newspath.asp?newsid=03532566625674128
169,할인 막차 vs 따끈한 신상… 고민되는 '디스커버리 스포츠',http://moneys.mt.co.kr/news/mwView.php?no=2019101114328067378
170,"재규어 랜드로버 코리아, 디스커버리 스포츠 '신차 교환 서비스' 실시",http://kr.aving.net/news/view.php?articleId=1253700&Branch_ID=kr&rssid=naver&mn_name=news
171,"랜드로버, 디스커버리 스포츠 최초 공개…9단 자동변속기 탑재",http://www.dt.co.kr/contents.html?article_no=2014090402109932781001
172,디스커버리스포츠·알페온·큐브 등 20개 차종 제작결함 ‘리콜’,http://inthenews.co.kr/article-28238/
173,신형 디스커버리 스포츠..GV80 대안 가능할까,http://www.edaily.co.kr/news/newspath.asp?newsid=03532566625674128
174,할인 막차 vs 따끈한 신상… 고민되는 '디스커버리 스포츠',http://moneys.mt.co.kr/news/mwView.php?no=2019101114328067378
175,"랜드로버, 7인승 SUV '뉴 디스커버리' 사전계약…8천680만원부터",http://news.einfomax.co.kr/news/articleView.html?idxno=4145584
176,"[단독] 할인 공세 '디스커버리 스포츠', 소프트웨어 문제로 '판매스톱'",http://moneys.mt.co.kr/news/mwView.php?no=2019092710338028252
177,"(단독)랜드로버, 타이밍체인 결함 100건 육박…차주들 '뿔났다'",http://www.newstomato.com/ReadNews.aspx?no=1075656&inflow=N
178,벤츠 E250·기아 K9 등 42개 차종 리콜,https://vop.co.kr/A00001611954.html
179,'엔진 커버 설계 결함' 랜드로버 디스커버리 등 4627대 리콜,http://www.edaily.co.kr/news/newspath.asp?newsid=01197206612748960
180,'엔진 커버 설계 결함' 랜드로버 디스커버리 등 4627대 리콜,http://www.edaily.co.kr/news/newspath.asp?newsid=01197206612748960
181,[시승기+] '젊은이의 로망' 랜드로버 디스커버리…매력이 뭐길래,http://www.hankyung.com/news/app/newsview.php?aid=201507176666g
182,랜드로버 디스커버리 `리스 구매시 사고때 신차 교환!`,http://www.gpkorea.com/bbs/board.php?bo_table=gp_motorsports&wr_id=12613
183,"코엑스몰 전 구매 고객 대박 경품 이벤트, 1등은 랜드로버 디스커버리 스포츠",http://www.sportsworldi.com/content/html/2015/01/23/20150123002583.html?OutUrl=naver
184,"랜드로버 앞지른 현대차 투싼, 독일 전문 매체 평가 1위",http://news.kmib.co.kr/article/view.asp?arcid=0016170261&code=61172011&cp=nv
185,자존심 구긴 영국 프리미엄 랜드로버...디스커버리 스포츠의 '몰락',http://www.ceoscoredaily.com/news/article.html?no=74289
186,"국토부, 벤츠·벤틀리·피라인 등 5개사 42개 차종 리콜",https://www.asiatoday.co.kr/view.php?key=20220427010016654
187,새로운 '디스커버리 스포츠' 친환경 파워트레인에 최첨단까지,http://www.newsprime.co.kr/news/article.html?no=546082
188,배짱장사에 ‘한국시장 철수 후보 1위’ 재규어랜드로버…‘보증 수리 고객’에 문제점 직접 증명해라?,https://www.thepublic.kr/news/newsview.php?ncode=1065589535258349
189,"[시승기] 공간 활용성 돋보이는 SUV, 랜드로버 ‘뉴 디스커버리 스포츠’",http://www.ekn.kr/news/article.html?no=517373
190,새로운 '디스커버리 스포츠' 친환경 파워트레인에 최첨단까지,http://www.newsprime.co.kr/news/article.html?no=546082
191,배짱장사에 ‘한국시장 철수 후보 1위’ 재규어랜드로버…‘보증 수리 고객’에 문제점 직접 증명해라?,https://www.thepublic.kr/news/newsview.php?ncode=1065589535258349
192,"[시승기] 공간 활용성 돋보이는 SUV, 랜드로버 ‘뉴 디스커버리 스포츠’",http://www.ekn.kr/news/article.html?no=517373
193,"[카드] '친환경·최첨단 무장' 디스커버리 스포츠 ""더 나은 주행편의""",http://www.newsprime.co.kr/news/article.html?no=546198
194,"랜드로버, 업데이트된 ‘디스커버리 스포츠’ 공개..달라진 점은?",http://www.dailycar.co.kr/content/news.html?type=view&autoId=37448
195,랜드로버 뉴 디스커버리 스포츠..‘만능’ SUV로 불리는 이유는...,http://m.dailycar.co.kr/content/news.html?type=view&autoId=37250
196,"중고차 전문가가 꼽은 최고의 패밀리카는? 카니발-랜드로버 디스커버리 스포츠, 최다 추천",http://sports.chosun.com/news/ntype.htm?id=202009030100026240001335&servicedate=20200902
197,"투싼 PHEV, 디스커버리 제치고 독일 자동차 전문지 하이브리드 SUV 차량 비교 평가 1위 차지",http://www.munhwa.com/news/view.html?no=20210815MW095758434704
198,"랜드로버, 中서 ‘이보크 롱휠베이스’ 판매 돌입..차별점은?",http://www.dailycar.co.kr/content/news.html?type=view&autoId=40333
199,[시승기] '사이다' 드라이빙… 랜드로버 '뉴 디스커버리 스포츠',https://www.asiatoday.co.kr/view.php?key=20200831010016515
200,[시승기] '사이다' 드라이빙… 랜드로버 '뉴 디스커버리 스포츠',https://www.asiatoday.co.kr/view.php?key=20200831010016515
201,"""가족·레저·드라이빙 모두 만족"" 랜드로버 디스커버리 스포츠",http://www.gpkorea.com/news/articleView.html?idxno=66360
202,"재규어 랜드로버, 디스커버리 구매시 500만원 현금 지원",http://news.mk.co.kr/newsRead.php?no=1141786&year=2020
203,[시승기] 랜드로버 뉴 디스커버리 스포츠 P250 SE | 넉넉한 실내 공간과 뛰어난 온·오프로드 주행 성능,http://economychosun.com/client/news/view.php?boardName=C05&t_num=13609112
204,스트레치의 디스커버리 스포츠를 위한 튜닝 패키지,http://autoin.edaily.co.kr/news/newspath.asp?newsid=01180806616090952
205,[브리핑] 현대자동차·기아·재규어랜드로버,http://www.4th.kr/news/articleView.html?idxno=2000532
206,"랜드로버, ‘디스커버리 스포츠’·‘이보크’ PHEV 출시..특징은?",http://www.dailycar.co.kr/content/news.html?type=view&autoId=36420
207,"[시승기] ""온·오프로드 어디서나 OK!"" 랜드로버 뉴 디스커버리 스포츠",http://www.efnews.co.kr/news/articleView.html?idxno=84228
208,"[시승]촉촉한 부드러움, 랜드로버 디스커버리 스포츠 가솔린",http://autotimes.hankyung.com/apps/news.sub_view?popup=0&nid=06&c1=06&c2=06&c3=00&nkey=202004122106211
209,"랜드로버 디스커버리 스포츠, 긴급헌혈서비스 차량 `활약`",http://news.mk.co.kr/newsRead.php?no=536192&year=2020
210,"[시승기]가성비를 앞세운 럭셔리…랜드로버, '뉴 디스커버리 스포츠'",https://asiatime.co.kr/news/newsview.php?ncode=1065608679693319
211,"재규어랜드로버, 뉴 디스커버리 스포츠 가솔린 모델 출시",http://www.rpm9.com/news/article.html?id=20200312090034
212,"랜드로버, 디스커버리 스포츠 최초 가솔린 모델 출시..6587만원",http://www.edaily.co.kr/news/newspath.asp?newsid=03178326625702336
213,"랜드로버 ‘뉴 디스커버리 스포츠’, 산길 물길을 가릴까?",http://www.osen.co.kr/article/G1111330964
214,랜드로버 뉴 디스커버리 스포츠 가솔린 모델 출시,https://www.fetv.co.kr/news/article.html?no=49438
215,"제네시스 GV80-랜드로버 디스커버리 스포츠, 6천만원대 가솔린 모델 출시 [모터그램]",http://www.sisunnews.co.kr/news/articleView.html?idxno=121948
216,"거칠 것이 없어라, 랜드로버 디스커버리 스포츠",https://www.motortrendkorea.com/sub/view.html?no=4584&cate1Name=NEWCAR
217,"[시승기] 어떤 길도 거침없는 '랜드로버, 뉴 디스커버리 스포츠'… 실내 공기까지 신경 쓰다",http://digitalchosun.dizzo.com/site/data/html_dir/2020/03/19/2020031980326.html
218,"""콤팩트SUV 맞아?""···화려함에 실용성 더한 '디스커버리 스포츠'",http://www.mt.co.kr/view/mtview.php?type=1&no=2015102116104734325&outlink=1
219,"재규어·랜드로버, XF·디스커버리 스포츠 1대1 안심 시승 캠페인 진행",http://www.dailycar.co.kr/content/news.html?type=view&autoId=36469
220,가솔린 엔진 장착한 랜드로버 '뉴 디스커버리 스포츠' 출시,http://www.sportsseoul.com/news/read/891721
221,"제네시스 GV80-랜드로버 디스커버리 스포츠, 6천만원대 가솔린 모델 출시 [모터그램]",http://www.sisunnews.co.kr/news/articleView.html?idxno=121948
222,"거칠 것이 없어라, 랜드로버 디스커버리 스포츠",https://www.motortrendkorea.com/sub/view.html?no=4584&cate1Name=NEWCAR
223,"[시승기] 어떤 길도 거침없는 '랜드로버, 뉴 디스커버리 스포츠'… 실내 공기까지 신경 쓰다",http://digitalchosun.dizzo.com/site/data/html_dir/2020/03/19/2020031980326.html
224,"""콤팩트SUV 맞아?""···화려함에 실용성 더한 '디스커버리 스포츠'",http://www.mt.co.kr/view/mtview.php?type=1&no=2015102116104734325&outlink=1
225,"재규어·랜드로버, XF·디스커버리 스포츠 1대1 안심 시승 캠페인 진행",http://www.dailycar.co.kr/content/news.html?type=view&autoId=36469
226,"[시승기] '오프로드 왕자' 디스커버리 스포츠, 온로드를 논하다",http://www.newsprime.co.kr/news/article.html?no=313625
227,‘패밀리 어드벤처’ 랜드로버 디스커버리 스포츠-“모험이 가장 쉬웠어요”,http://news.mk.co.kr/newsRead.php?no=172671&year=2020
228,[시승기] 재규어랜드로버 '뉴 디스커버리 스포츠 D180 SE'...익숙하지만 낯선 향기,http://www.g-enews.com/ko-kr/news/article/news_all/2020021017124913450d88486204_1/article.html
229,"[시승기] 5년만에 부분변경, 랜드로버 뉴 디스커버리 스포츠",http://www.iminju.net/news/articleView.html?idxno=51854
230,"랜드로버, '뉴 디스커버리 스포츠' 가솔린 모델 출시… 6837만원",http://www.m-i.kr/news/articleView.html?idxno=689154
231,"거칠 것이 없어라, 랜드로버 디스커버리 스포츠",https://www.motortrendkorea.com/sub/view.html?no=4584&cate1Name=NEWCAR
232,"[시승기] 어떤 길도 거침없는 '랜드로버, 뉴 디스커버리 스포츠'… 실내 공기까지 신경 쓰다",http://digitalchosun.dizzo.com/site/data/html_dir/2020/03/19/2020031980326.html
233,"""콤팩트SUV 맞아?""···화려함에 실용성 더한 '디스커버리 스포츠'",http://www.mt.co.kr/view/mtview.php?type=1&no=2015102116104734325&outlink=1
234,"재규어·랜드로버, XF·디스커버리 스포츠 1대1 안심 시승 캠페인 진행",http://www.dailycar.co.kr/content/news.html?type=view&autoId=36469
235,"[시승기] '오프로드 왕자' 디스커버리 스포츠, 온로드를 논하다",http://www.newsprime.co.kr/news/article.html?no=313625
236,‘패밀리 어드벤처’ 랜드로버 디스커버리 스포츠-“모험이 가장 쉬웠어요”,http://news.mk.co.kr/newsRead.php?no=172671&year=2020
237,[시승기] 재규어랜드로버 '뉴 디스커버리 스포츠 D180 SE'...익숙하지만 낯선 향기,http://www.g-enews.com/ko-kr/news/article/news_all/2020021017124913450d88486204_1/article.html
238,"[시승기] 5년만에 부분변경, 랜드로버 뉴 디스커버리 스포츠",http://www.iminju.net/news/articleView.html?idxno=51854
239,"[시승]부활의 신호탄, 랜드로버 디스커버리 스포츠",http://autotimes.hankyung.com/apps/news.sub_view?popup=0&nid=06&c1=06&c2=06&c3=00&nkey=202002091935041
240,"랜드로버, 뉴 디스커버리 스포츠 가솔린 모델 출시…6837만원",http://www.newsway.co.kr/news/view?tp=1&ud=2020030915034607169
241,"거칠 것이 없어라, 랜드로버 디스커버리 스포츠",https://www.motortrendkorea.com/sub/view.html?no=4584&cate1Name=NEWCAR
242,"[시승기] 어떤 길도 거침없는 '랜드로버, 뉴 디스커버리 스포츠'… 실내 공기까지 신경 쓰다",http://digitalchosun.dizzo.com/site/data/html_dir/2020/03/19/2020031980326.html
243,"""콤팩트SUV 맞아?""···화려함에 실용성 더한 '디스커버리 스포츠'",http://www.mt.co.kr/view/mtview.php?type=1&no=2015102116104734325&outlink=1
244,"재규어·랜드로버, XF·디스커버리 스포츠 1대1 안심 시승 캠페인 진행",http://www.dailycar.co.kr/content/news.html?type=view&autoId=36469
245,"[시승기] '오프로드 왕자' 디스커버리 스포츠, 온로드를 논하다",http://www.newsprime.co.kr/news/article.html?no=313625
246,‘패밀리 어드벤처’ 랜드로버 디스커버리 스포츠-“모험이 가장 쉬웠어요”,http://news.mk.co.kr/newsRead.php?no=172671&year=2020
247,[시승기] 재규어랜드로버 '뉴 디스커버리 스포츠 D180 SE'...익숙하지만 낯선 향기,http://www.g-enews.com/ko-kr/news/article/news_all/2020021017124913450d88486204_1/article.html
248,"[시승기] 5년만에 부분변경, 랜드로버 뉴 디스커버리 스포츠",http://www.iminju.net/news/articleView.html?idxno=51854
249,"[시승]부활의 신호탄, 랜드로버 디스커버리 스포츠",http://autotimes.hankyung.com/apps/news.sub_view?popup=0&nid=06&c1=06&c2=06&c3=00&nkey=202002091935041
250,"""콤팩트SUV 맞아?""···화려함에 실용성 더한 '디스커버리 스포츠'",http://www.mt.co.kr/view/mtview.php?type=1&no=2015102116104734325&outlink=1
251,"재규어·랜드로버, XF·디스커버리 스포츠 1대1 안심 시승 캠페인 진행",http://www.dailycar.co.kr/content/news.html?type=view&autoId=36469
252,"[시승기] '오프로드 왕자' 디스커버리 스포츠, 온로드를 논하다",http://www.newsprime.co.kr/news/article.html?no=313625
253,‘패밀리 어드벤처’ 랜드로버 디스커버리 스포츠-“모험이 가장 쉬웠어요”,http://news.mk.co.kr/newsRead.php?no=172671&year=2020
254,랜드로버 뉴 디스커버리 스포츠 가솔린 모델 출시,http://yna.kr/AKR20200309048400003?did=1195m
255,[시승기] 재규어랜드로버 '뉴 디스커버리 스포츠 D180 SE'...익숙하지만 낯선 향기,http://www.g-enews.com/ko-kr/news/article/news_all/2020021017124913450d88486204_1/article.html
256,"[시승기] 5년만에 부분변경, 랜드로버 뉴 디스커버리 스포츠",http://www.iminju.net/news/articleView.html?idxno=51854
257,"[시승]부활의 신호탄, 랜드로버 디스커버리 스포츠",http://autotimes.hankyung.com/apps/news.sub_view?popup=0&nid=06&c1=06&c2=06&c3=00&nkey=202002091935041
258,첨단 장비로 재무장한 ‘랜드로버 뉴 디스커버리 스포츠’ 데뷔,http://www.rpm9.com/news/article.html?id=20200209090002
259,‘랜드로버 뉴 디스커버리 스포츠’ 국내 출시…마일드 하이브리드 기술 탑재,http://www.electimes.com/article.php?aid=1580997851193899094
260,‘랜드로버 뉴 디스커버리 스포츠’ 국내 출시…마일드 하이브리드 기술 탑재,http://www.electimes.com/article.php?aid=1580997851193899094
261,"""5년만의 '파격적인 변화"" 랜드로버 '뉴 디스커버리 스포츠' 공식 상륙",http://www.efnews.co.kr/news/articleView.html?idxno=83099
262,랜드로버 뉴 디스커버리 스포츠 출시…6230만원부터,https://www.fetv.co.kr/news/article.html?no=46735
263,"랜드로버, '뉴 디스커버리 스포츠' 출시… ""세계에서 가장 다재다능한 SUV""",http://www.m-i.kr/news/articleView.html?idxno=679206
264,(시승기) 랜드로버 ‘뉴 디스커버리 스포츠’ 5년만에 새롭게 돌아오다,http://www.electimes.com/article.php?aid=1582617326194779110
265,[Best Selling Car] 랜드로버 '뉴 디스커버리 스포츠' 산길·물길...못가는 길 없는 '슈퍼맨' SUV,https://www.sedaily.com/NewsView/1YYYYMX3W0
266,"랜드로버 뉴 디스커버리 스포츠, 긴급헌혈캠페인 지원",https://www.ebn.co.kr/news/view/1435367?sc=Naver
267,"랜드로버, 뉴 디스커버리 스포츠 가솔린 모델 출시…6837만원",https://www.asiatime.co.kr/news/newsview.php?ncode=1065582029341238
268,"5년만에 부분변경, 랜드로버 디스커버리 스포츠 사전계약",http://www.digitaltoday.co.kr/news/articleView.html?idxno=220818
269,"랜드로버, '뉴 디스커버리 스포츠' 사전 계약 실시...가격은 6,230만원 부터",http://www.autodaily.co.kr/news/articleView.html?idxno=415662
270,랜드로버 '뉴 디스커버리 스포츠' 국내 출시,http://www.cstimes.com/news/articleView.html?idxno=402361
271,"랜드로버 뉴 디스커버리 스포츠, 마일드 하이브리드로 새 단장",http://www.osen.co.kr/article/G1111304341
272,(시승기) 랜드로버 ‘뉴 디스커버리 스포츠’ 5년만에 새롭게 돌아오다,http://www.electimes.com/article.php?aid=1582617326194779110
273,[Best Selling Car] 랜드로버 '뉴 디스커버리 스포츠' 산길·물길...못가는 길 없는 '슈퍼맨' SUV,https://www.sedaily.com/NewsView/1YYYYMX3W0
274,"랜드로버 뉴 디스커버리 스포츠, 긴급헌혈캠페인 지원",https://www.ebn.co.kr/news/view/1435367?sc=Naver
275,"랜드로버, 뉴 디스커버리 스포츠 가솔린 모델 출시…6837만원",https://www.asiatime.co.kr/news/newsview.php?ncode=1065582029341238
276,"5년만에 부분변경, 랜드로버 디스커버리 스포츠 사전계약",http://www.digitaltoday.co.kr/news/articleView.html?idxno=220818
277,"랜드로버, '뉴 디스커버리 스포츠' 사전 계약 실시...가격은 6,230만원 부터",http://www.autodaily.co.kr/news/articleView.html?idxno=415662
278,"재규어랜드로버, 내년 첫 신차는 디스커버리 스포츠",http://autotimes.hankyung.com/apps/news.sub_view?popup=0&nid=02&c1=02&c2=02&c3=00&nkey=201912261910181
279,"[자동차]재규어랜드로버코리아, 랜드로버 뉴 디스커버리 스포츠 국내 출시",http://sports.donga.com/3/all/20200209/99601365/1
280,"랜드로버, '뉴 디스커버리 스포츠' 출시 ...가격 6230만원부터",http://www.youthdaily.co.kr/news/article.html?no=27968
281,랜드로버 `뉴 디스커버리 스포츠` 국내 출시…6230만원부터,http://news.mk.co.kr/newsRead.php?no=121992&year=2020
282,(시승기) 랜드로버 ‘뉴 디스커버리 스포츠’ 5년만에 새롭게 돌아오다,http://www.electimes.com/article.php?aid=1582617326194779110
283,[Best Selling Car] 랜드로버 '뉴 디스커버리 스포츠' 산길·물길...못가는 길 없는 '슈퍼맨' SUV,https://www.sedaily.com/NewsView/1YYYYMX3W0
284,"랜드로버 뉴 디스커버리 스포츠, 긴급헌혈캠페인 지원",https://www.ebn.co.kr/news/view/1435367?sc=Naver
285,"랜드로버, 뉴 디스커버리 스포츠 가솔린 모델 출시…6837만원",https://www.asiatime.co.kr/news/newsview.php?ncode=1065582029341238
286,"5년만에 부분변경, 랜드로버 디스커버리 스포츠 사전계약",http://www.digitaltoday.co.kr/news/articleView.html?idxno=220818
287,"랜드로버, '뉴 디스커버리 스포츠' 사전 계약 실시...가격은 6,230만원 부터",http://www.autodaily.co.kr/news/articleView.html?idxno=415662
288,"재규어랜드로버, 내년 첫 신차는 디스커버리 스포츠",http://autotimes.hankyung.com/apps/news.sub_view?popup=0&nid=02&c1=02&c2=02&c3=00&nkey=201912261910181
289,"[자동차]재규어랜드로버코리아, 랜드로버 뉴 디스커버리 스포츠 국내 출시",http://sports.donga.com/3/all/20200209/99601365/1
290,"랜드로버, 뉴 디스커버리 스포츠 가솔린 모델 출시…6837만원",https://www.asiatime.co.kr/news/newsview.php?ncode=1065582029341238
291,"5년만에 부분변경, 랜드로버 디스커버리 스포츠 사전계약",http://www.digitaltoday.co.kr/news/articleView.html?idxno=220818
292,"랜드로버, '뉴 디스커버리 스포츠' 사전 계약 실시...가격은 6,230만원 부터",http://www.autodaily.co.kr/news/articleView.html?idxno=415662
293,"재규어랜드로버코리아, 랜드로버 뉴 디스커버리 스포츠 국내 출시",http://www.seoulwire.com/news/articleView.html?idxno=269824
294,랜드로버 뉴 디스커버리 스포츠 5년만에 컴백… 6230만원~,http://www.thedrive.co.kr/news/newsview.php?ncode=1065571524871166
295,"재규어랜드로버, 내년 첫 신차는 디스커버리 스포츠",http://autotimes.hankyung.com/apps/news.sub_view?popup=0&nid=02&c1=02&c2=02&c3=00&nkey=201912261910181
296,"[자동차]재규어랜드로버코리아, 랜드로버 뉴 디스커버리 스포츠 국내 출시",http://sports.donga.com/3/all/20200209/99601365/1
297,랜드로버 '디스커버리 스포츠 2.0D' 등 4만여대 리콜,http://www.seouleconews.com/news/articleView.html?idxno=52762
298,"[시승기] 랜드로버 뉴 디스커버리 스포츠…어디든 갈 수 있고, 무엇이든 할 수 있다",http://www.etoday.co.kr/news/section/newsview.php?idxno=1857362
299,"랜드로버 ‘디스커버리 스포츠’, 스포티한 SUV 원하는 소비자들에게 인기",http://www.consumernews.co.kr/?mod=news&act=articleView&idxno=535075
300,"랜드로버 디스커버리 스포츠, 5년 만에 ‘새 옷’...가격 6230만원부터",http://inthenews.co.kr/article-32491/
301,"재규어랜드로버코리아, 랜드로버 뉴 디스커버리 스포츠 국내 출시",http://www.seoulwire.com/news/articleView.html?idxno=269824
302,랜드로버 뉴 디스커버리 스포츠 5년만에 컴백… 6230만원~,http://www.thedrive.co.kr/news/newsview.php?ncode=1065571524871166
303,"랜드로버, '뉴 디스커버리 스포츠' 첫 가솔린 모델 출시",http://news.wowtv.co.kr/NewsCenter/News/Read?articleId=A202003090126&t=NN
304,랜드로버 SUV ‘뉴 디스커버리 스포츠’ 사전계약,http://www.busan.com/view/busan/view.php?code=2020012119221259540
305,"재규어랜드로버, 내년 첫 신차는 디스커버리 스포츠",http://autotimes.hankyung.com/apps/news.sub_view?popup=0&nid=02&c1=02&c2=02&c3=00&nkey=201912261910181
306,"[자동차]재규어랜드로버코리아, 랜드로버 뉴 디스커버리 스포츠 국내 출시",http://sports.donga.com/3/all/20200209/99601365/1
307,랜드로버 '디스커버리 스포츠 2.0D' 등 4만여대 리콜,http://www.seouleconews.com/news/articleView.html?idxno=52762
308,"[시승기] 랜드로버 뉴 디스커버리 스포츠…어디든 갈 수 있고, 무엇이든 할 수 있다",http://www.etoday.co.kr/news/section/newsview.php?idxno=1857362
309,"랜드로버 ‘디스커버리 스포츠’, 스포티한 SUV 원하는 소비자들에게 인기",http://www.consumernews.co.kr/?mod=news&act=articleView&idxno=535075
310,랜드로버 신형 디스커버리 스포츠 '사전계약'…상품성↑,http://www.mediapen.com/news/view/493865
311,"재규어랜드로버코리아, 랜드로버 뉴 디스커버리 스포츠 국내 출시",http://www.seoulwire.com/news/articleView.html?idxno=269824
312,랜드로버 뉴 디스커버리 스포츠 5년만에 컴백… 6230만원~,http://www.thedrive.co.kr/news/newsview.php?ncode=1065571524871166
313,"랜드로버, '뉴 디스커버리 스포츠' 첫 가솔린 모델 출시",http://news.wowtv.co.kr/NewsCenter/News/Read?articleId=A202003090126&t=NN
314,랜드로버 SUV ‘뉴 디스커버리 스포츠’ 사전계약,http://www.busan.com/view/busan/view.php?code=2020012119221259540
315,"재규어랜드로버, 내년 첫 신차는 디스커버리 스포츠",http://autotimes.hankyung.com/apps/news.sub_view?popup=0&nid=02&c1=02&c2=02&c3=00&nkey=201912261910181
316,"[자동차]재규어랜드로버코리아, 랜드로버 뉴 디스커버리 스포츠 국내 출시",http://sports.donga.com/3/all/20200209/99601365/1
317,랜드로버 '디스커버리 스포츠 2.0D' 등 4만여대 리콜,http://www.seouleconews.com/news/articleView.html?idxno=52762
318,"[시승기] 랜드로버 뉴 디스커버리 스포츠…어디든 갈 수 있고, 무엇이든 할 수 있다",http://www.etoday.co.kr/news/section/newsview.php?idxno=1857362
319,"랜드로버 ‘디스커버리 스포츠’, 스포티한 SUV 원하는 소비자들에게 인기",http://www.consumernews.co.kr/?mod=news&act=articleView&idxno=535075
320,"랜드로버, '뉴 디스커버리 스포츠' 사전계약 시작… 6230만원부터",http://biz.newdaily.co.kr/site/data/html/2020/01/20/2020012000060.html
321,"재규어랜드로버, 내년 첫 신차는 디스커버리 스포츠",http://autotimes.hankyung.com/apps/news.sub_view?popup=0&nid=02&c1=02&c2=02&c3=00&nkey=201912261910181
322,랜드로버 '뉴 디스커버리 스포츠' 국내 출시…6230만원부터,http://www.ajunews.com/view/20200206103934272
323,랜드로버 뉴 디스커버리 스포츠 가솔린 모델 출시,http://yna.kr/PYH20200309032200003?did=1196m
324,"[자동차]재규어랜드로버코리아, 랜드로버 뉴 디스커버리 스포츠 국내 출시",http://sports.donga.com/3/all/20200209/99601365/1
325,랜드로버 '디스커버리 스포츠 2.0D' 등 4만여대 리콜,http://www.seouleconews.com/news/articleView.html?idxno=52762
326,"6230만원 랜드로버 '뉴디스커버리 스포츠', 진흙길 모드란?",http://news.mt.co.kr/mtview.php?no=2020020609463742702
327,"[시승기] 랜드로버 뉴 디스커버리 스포츠…어디든 갈 수 있고, 무엇이든 할 수 있다",http://www.etoday.co.kr/news/section/newsview.php?idxno=1857362
328,"랜드로버 ‘디스커버리 스포츠’, 스포티한 SUV 원하는 소비자들에게 인기",http://www.consumernews.co.kr/?mod=news&act=articleView&idxno=535075
329,[포토] 스트레치가 선보인 독특한 디스커버리 스포츠 튜닝카,http://autoin.edaily.co.kr/news/newspath.asp?newsid=01184086616090952
330,랜드로버 '뉴 디스커버리 스포츠' 국내 출시…6230만원부터,http://www.ajunews.com/view/20200206103934272
331,랜드로버 뉴 디스커버리 스포츠 가솔린 모델 출시,http://yna.kr/PYH20200309032200003?did=1196m
332,"[자동차]재규어랜드로버코리아, 랜드로버 뉴 디스커버리 스포츠 국내 출시",http://sports.donga.com/3/all/20200209/99601365/1
333,랜드로버 '디스커버리 스포츠 2.0D' 등 4만여대 리콜,http://www.seouleconews.com/news/articleView.html?idxno=52762
334,"6230만원 랜드로버 '뉴디스커버리 스포츠', 진흙길 모드란?",http://news.mt.co.kr/mtview.php?no=2020020609463742702
335,"[시승기] 랜드로버 뉴 디스커버리 스포츠…어디든 갈 수 있고, 무엇이든 할 수 있다",http://www.etoday.co.kr/news/section/newsview.php?idxno=1857362
336,"랜드로버, '뉴 디스커버리 스포츠' 사전계약 실시…6230만원부터",http://www.newsworks.co.kr/news/articleView.html?idxno=427022
337,"랜드로버 ‘디스커버리 스포츠’, 스포티한 SUV 원하는 소비자들에게 인기",http://www.consumernews.co.kr/?mod=news&act=articleView&idxno=535075
338,[포토] 스트레치가 선보인 독특한 디스커버리 스포츠 튜닝카,http://autoin.edaily.co.kr/news/newspath.asp?newsid=01184086616090952
339,"[영상]랜드로버 '뉴 디스커버리 스포츠', '패밀리카'로 제격",http://news.mt.co.kr/mtview.php?no=2020020713220073215
340,"랜드로버, ‘뉴 디스커버리 스포츠’ 사전 계약 실시",http://www.nspna.com/news/?mode=view&newsid=405958
341,"랜드로버 ‘디스커버리 스포츠’, 스포티한 SUV 원하는 소비자들에게 인기",http://www.consumernews.co.kr/?mod=news&act=articleView&idxno=535075
342,랜드로버 뉴 디스커버리 스포츠 국내 출시…6230만원부터,http://www.busan.com/view/busan/view.php?code=2020020610302784322
343,[포토] 스트레치가 선보인 독특한 디스커버리 스포츠 튜닝카,http://autoin.edaily.co.kr/news/newspath.asp?newsid=01184086616090952
344,"재규어랜드로버코리아, 뉴 디스커버리 스포츠 가솔린 출시",http://autotimes.hankyung.com/apps/news.sub_view?popup=0&nid=02&c1=02&c2=02&c3=00&nkey=202003090938201
345,"[영상]랜드로버 '뉴 디스커버리 스포츠', '패밀리카'로 제격",http://news.mt.co.kr/mtview.php?no=2020020713220073215
346,[배틀카] '프리미엄 패밀리 SUV' 랜드로버 뉴 디스커버리 스포츠 출시,http://ilyo.co.kr/?ac=article_view&entry_id=360971
347,[오토 브리핑]디스커버리 스포츠 신차 교환보상,http://biz.heraldcorp.com/view.php?ud=20150619000210
348,"랜드로버, 신형 디스커버리 스포츠 유럽판매..가격은 4880만원 부터",http://www.dailycar.co.kr/content/news.html?type=view&autoId=34654
349,[콤팩트 SUV 분석] 랜드로버 '디스커버리 스포츠',http://www.economytalk.kr/news/articleView.html?idxno=198732
350,[배틀카] '프리미엄 패밀리 SUV' 랜드로버 뉴 디스커버리 스포츠 출시,http://ilyo.co.kr/?ac=article_view&entry_id=360971
351,랜드로버 ‘뉴 디스커버리 스포츠’ 국내 출시…6230만원부터,https://biz.chosun.com/site/data/html_dir/2020/02/06/2020020603056.html?utm_source=naver&utm_medium=original&utm_campaign=biz
352,[오토 브리핑]디스커버리 스포츠 신차 교환보상,http://biz.heraldcorp.com/view.php?ud=20150619000210
353,"랜드로버, 신형 디스커버리 스포츠 유럽판매..가격은 4880만원 부터",http://www.dailycar.co.kr/content/news.html?type=view&autoId=34654
354,[콤팩트 SUV 분석] 랜드로버 '디스커버리 스포츠',http://www.economytalk.kr/news/articleView.html?idxno=198732
355,"랜드로버, SUV ‘뉴 디스커버리 스포츠’ 사전계약…6230만원부터",http://www.dailian.co.kr/news/view/862809?sc=Naver
356,랜드로버 ‘뉴 디스커버리 스포츠’ 가솔린 모델 추가,http://news.khan.co.kr/kh_news/khan_art_view.html?artid=202003091120001&code=920508
357,랜드로버 '디스커버리 스포츠'가 소비자들에게 주목받는 이유…,http://daily.hankooki.com/lpage/industry/201912/dh20191213183040147980.htm
358,"랜드로버코리아, 뉴 디스커버리·디스커버리 스포츠 시승행사 진행",https://view.asiae.co.kr/article/2019090211293124698
359,"""일상을 특별하게"" 170만대 팔린 랜드로버 디스커버리 패밀리",http://www.newspim.com/news/view/20200318001236
360,"재규어랜드로버, '뉴 디스커버리 스포츠' 가솔린 모델 선보여",https://www.sedaily.com/NewsView/1Z04S3KQCR
361,랜드로버 '디스커버리 스포츠'가 소비자들에게 주목받는 이유…,http://daily.hankooki.com/lpage/industry/201912/dh20191213183040147980.htm
362,"랜드로버코리아, 뉴 디스커버리·디스커버리 스포츠 시승행사 진행",https://view.asiae.co.kr/article/2019090211293124698
363,"재규어랜드로버코리아, 뉴 디스커버리 스포츠 사전 계약",http://autotimes.hankyung.com/apps/news.sub_view?popup=0&nid=02&c1=02&c2=02&c3=00&nkey=202001200951441
364,랜드로버 뉴 디스커버리 스포츠 출시...6230만원부터,http://www.getnews.co.kr/view.php?ud=2020020614452781096a6b374224_16
365,"""일상을 특별하게"" 170만대 팔린 랜드로버 디스커버리 패밀리",http://www.newspim.com/news/view/20200318001236
366,[TV 데일리카] 험로도 거침없는..랜드로버 뉴 디스커버리 스포츠,http://www.dailycar.co.kr/content/news.html?type=view&autoId=35805
367,벤츠·렉서스·재규어·디스커버리 등 7025대 리콜,http://www.cstimes.com/news/articleView.html?idxno=213360
368,"국토부, 벤츠E250 등 42개 차종 4만7천여대 리콜",http://mbnmoney.mbn.co.kr/news/view?news_no=MM1004618360
369,"[시승기] 레인지로버를 향하는 계단, 랜드로버 디스커버리 스포츠 시승기",http://www.hankookilbo.com/news/npath/201906040798387145?did=NA
370,"재규어랜드로버, 판매 부진 장기화... CEO 교체 효과 無",http://www.ceoscoredaily.com/news/article.html?no=78737
371,"[글로벌-Biz 24] 랜드로버, 신형 디스커버리 스포츠 통해 판매 견인",http://www.g-enews.com/ko-kr/news/article/news_all/20190525030350266150cb531085_1/article.html
372,2019 랜드로버 디스커버리 스포츠 레인지로버 이보크 풀체인지 벨라 핫 이슈,http://www.psnews.co.kr/news/article.html?no=38770
373,디스커버리S·디펜더 출시 임박...랜드로버 자존심 회복 '관심',http://www.ebn.co.kr/news/view/1018557/?sc=naver
374,"랜드로버, 48V 적용한 디스커버리 스포츠 선봬",http://autotimes.hankyung.com/apps/news.sub_view?popup=0&nid=02&c1=02&c2=02&c3=00&nkey=201905221353041
375,[뉴스브리핑] 2월7일…배터리 업계 정부와 충돌·벤처 업계 정책 컨트롤타워 요구·랜드로버 뉴 디스커버리 스포츠 출시,http://it.chosun.com/site/data/html_dir/2020/02/06/2020020603655.html
376,핸들 안 잡았는데 경고음 안 울려...벤츠 E 250 리콜,https://www.ytn.co.kr/_ln/0102_202204271147130357
377,"현대차 투싼 플러그인하이브리드, 독일 자동차 매체 평가서 1위",http://www.iusm.co.kr/news/articleView.html?idxno=920120
378,"현대차 투싼 플러그인하이브리드 모델, 독일 자동차 매체 평가서 1위",http://www.getnews.co.kr/news/articleView.html?idxno=545411
379,"제네시스, 英 진출 “목표는 랜드로버 타도”",http://www.thedrive.co.kr/news/newsview.php?ncode=1065578987737679
380,"현대차 투싼 플러그인하이브리드, 獨 자동차매체 평가 1위",http://www.busan.com/view/busan/view.php?code=2021081516300903656
381,"현대차 투싼 플러그인하이브리드, 독일 자동차 매체 평가서 1위",http://www.enewstoday.co.kr/news/articleView.html?idxno=1504581
382,"제네시스, 英 진출 “목표는 랜드로버 타도”",http://www.thedrive.co.kr/news/newsview.php?ncode=1065578987737679
383,[단독] 재규어랜드로버 심장 '인제니움' 상표 천신만고 끝 획득,https://www.ebn.co.kr/news/view/1470415/?sc=Naver
384,‘시동 꺼짐’ 3번에도 뒷짐? 재규어랜드로버코리아 배짱 대응 논란,https://ilyo.co.kr/?ac=article_view&entry_id=390540
385,'랜드로버 디스커버리' '한국GM 알페온' 포함 4만3천 대 리콜,http://www.businesspost.co.kr/BP?command=article_view&num=155387
386,"랜드로버, 디스커버리 전용 액세서리 할인 프로모션",http://www.mediapen.com/news/view/470909
387,돌아온 엔진결함 재규어랜드로버…제보하면 보상불가의 추억 ‘본사 결함은폐 논란’까지,http://www.thepublic.kr/news/newsview.php?ncode=1065605948656400
388,[현장에서] 부품 빠진채 출고된 랜드로버 '디스커버리 스포츠',http://news.hankyung.com/article/201810188387g
389,"ZKW, 신형 레인지로버 차량에 '스마트 디지털 LED 헤드라이트' 적용... ""눈부심 방지""",http://kr.aving.net/news/view.php?articleId=1703267&Branch_ID=kr&rssid=naver&mn_name=news
390,"랜드로버, 디스커버리 전용 액세서리 할인 프로모션",http://www.mediapen.com/news/view/470909
391,돌아온 엔진결함 재규어랜드로버…제보하면 보상불가의 추억 ‘본사 결함은폐 논란’까지,http://www.thepublic.kr/news/newsview.php?ncode=1065605948656400
392,[현장에서] 부품 빠진채 출고된 랜드로버 '디스커버리 스포츠',http://news.hankyung.com/article/201810188387g
393,"ZKW, 신형 레인지로버 차량에 '스마트 디지털 LED 헤드라이트' 적용... ""눈부심 방지""",http://kr.aving.net/news/view.php?articleId=1703267&Branch_ID=kr&rssid=naver&mn_name=news
394,"재규어랜드로버, 5일부터 전국 시승행사…XF·F-PACE 최대 20% 할인",http://www.newsis.com/view/?id=NISX20201201_0001253394&cID=13001&pID=13000
395,"재규어 랜드로버, 연말까지 전 차종 고객 시승행사 진행",http://www.newspim.com/news/view/20201201000435
396,"랜드로버, 전국 시승 '디스커버리 어드벤처' 개최",http://www.gpkorea.com/news/articleView.html?idxno=55862
397,"재규어랜드로버, 전국단위 연말 고객 시승행사 개최",http://www.mediapen.com/news/view/579813
398,"KB캐피탈, 재규어 랜드로버 무이자&저금리 프로그램 시행",http://www.dailysmart.co.kr/news/articleView.html?idxno=36941
399,"제네시스 G80 ""벤츠EQC, 랜드로버 디스커버리 나와!""",http://www.gpkorea.com/news/articleView.html?idxno=56676
400,"KB캐피탈, 재규어 랜드로버 무이자&저금리 프로그램 시행",http://www.dailysmart.co.kr/news/articleView.html?idxno=36941
401,"재규어 랜드로버 코리아, 전 차종 12월 '크리스마스 드라이브' 고객 시승행사",http://www.sportsseoul.com/news/read/986454?ref=naver
402,"제네시스 G80 ""벤츠EQC, 랜드로버 디스커버리 나와!""",http://www.gpkorea.com/news/articleView.html?idxno=56676
403,재규어 랜드로버 전부 타보자…22일까지 ‘어반 드라이브’,http://news.heraldcorp.com/view.php?ud=20201106000821
404,"재규어랜드로버 코리아, 연말 맞이 ‘어반 드라이브’ 및 프로모션 진행",https://www.pressian.com/pages/articles/2020110609423874962?utm_source=naver&utm_medium=search
405,[브랜드 히스토리] 강인함에 대한 변치 않는 대답 ‘랜드로버’,https://hankookilbo.com/News/Read/A2020110209470002954?did=NA
406,케이카 직원들이 픽한 패밀리카는?…“카니발·디스커버리 스포츠”,http://news.mk.co.kr/newsRead.php?no=904206&year=2020
407,유럽이 인정한 'LG전자 차량용 인포테인먼트' 랜드로버에서 번쩍!,http://www.gpkorea.com/news/articleView.html?idxno=69204
408,LG전자·재규어랜드로버 공동 개발 차량 시스템…유럽서 '올해의 스마트제품',https://www.news1.kr/articles/?4129310
409,"재규어랜드로버, 디스커버리 스포츠 대상 '신차 교환 보상 서비스' 실시",http://www.metroseoul.co.kr/news/newsview?newscd=2015061800122
410,"재규어랜드로버, 크리스마스 시즌 맞이 고객 시승행사 개최",https://www.asiatoday.co.kr/view.php?key=20201201010000147
411,"KB캐피탈, 재규어 랜드로버 무이자·저금리 프로그램 시행",http://news.mk.co.kr/newsRead.php?no=1255147&year=2020
412,"제네시스 G80 ""벤츠EQC, 랜드로버 디스커버리 나와!""",http://www.gpkorea.com/news/articleView.html?idxno=56676
413,재규어 랜드로버 전부 타보자…22일까지 ‘어반 드라이브’,http://news.heraldcorp.com/view.php?ud=20201106000821
414,"재규어랜드로버 코리아, 연말 맞이 ‘어반 드라이브’ 및 프로모션 진행",https://www.pressian.com/pages/articles/2020110609423874962?utm_source=naver&utm_medium=search
415,[브랜드 히스토리] 강인함에 대한 변치 않는 대답 ‘랜드로버’,https://hankookilbo.com/News/Read/A2020110209470002954?did=NA
416,케이카 직원들이 픽한 패밀리카는?…“카니발·디스커버리 스포츠”,http://news.mk.co.kr/newsRead.php?no=904206&year=2020
417,유럽이 인정한 'LG전자 차량용 인포테인먼트' 랜드로버에서 번쩍!,http://www.gpkorea.com/news/articleView.html?idxno=69204
418,LG전자·재규어랜드로버 공동 개발 차량 시스템…유럽서 '올해의 스마트제품',https://www.news1.kr/articles/?4129310
419,"재규어랜드로버, 디스커버리 스포츠 대상 '신차 교환 보상 서비스' 실시",http://www.metroseoul.co.kr/news/newsview?newscd=2015061800122
420,재규어랜드로버 ‘크리스마스 드라이브’ 고객 시승행사 진행,https://www.ekn.kr/web/view.php?key=20201201010000096
421,"제네시스 G80 ""벤츠EQC, 랜드로버 디스커버리 나와!""",http://www.gpkorea.com/news/articleView.html?idxno=56676
422,재규어 랜드로버 전부 타보자…22일까지 ‘어반 드라이브’,http://news.heraldcorp.com/view.php?ud=20201106000821
423,"재규어랜드로버 코리아, 연말 맞이 ‘어반 드라이브’ 및 프로모션 진행",https://www.pressian.com/pages/articles/2020110609423874962?utm_source=naver&utm_medium=search
424,[브랜드 히스토리] 강인함에 대한 변치 않는 대답 ‘랜드로버’,https://hankookilbo.com/News/Read/A2020110209470002954?did=NA
425,"KB캐피탈, 재규어 랜드로버 무이자 할부 프로그램 진행",http://www.shinailbo.co.kr/news/articleView.html?idxno=1351574
426,케이카 직원들이 픽한 패밀리카는?…“카니발·디스커버리 스포츠”,http://news.mk.co.kr/newsRead.php?no=904206&year=2020
427,유럽이 인정한 'LG전자 차량용 인포테인먼트' 랜드로버에서 번쩍!,http://www.gpkorea.com/news/articleView.html?idxno=69204
428,LG전자·재규어랜드로버 공동 개발 차량 시스템…유럽서 '올해의 스마트제품',https://www.news1.kr/articles/?4129310
429,"재규어랜드로버, 디스커버리 스포츠 대상 '신차 교환 보상 서비스' 실시",http://www.metroseoul.co.kr/news/newsview?newscd=2015061800122
430,"재규어 랜드로버 코리아, 전국 시승행사 '어반 드라이브' 및 특별 프로모션 진행",http://kr.aving.net/news/view.php?articleId=1587711&Branch_ID=kr&rssid=naver&mn_name=news
431,"재규어 랜드로버 코리아, 크리스마스맞이 고객 시승행사 진행",http://www.thedrive.co.kr/news/newsview.php?ncode=1065576203228031
432,[브랜드 히스토리] 강인함에 대한 변치 않는 대답 ‘랜드로버’,https://hankookilbo.com/News/Read/A2020110209470002954?did=NA
433,"KB캐피탈, 재규어 랜드로버 무이자 할부 프로그램 진행",http://www.shinailbo.co.kr/news/articleView.html?idxno=1351574
434,케이카 직원들이 픽한 패밀리카는?…“카니발·디스커버리 스포츠”,http://news.mk.co.kr/newsRead.php?no=904206&year=2020
435,유럽이 인정한 'LG전자 차량용 인포테인먼트' 랜드로버에서 번쩍!,http://www.gpkorea.com/news/articleView.html?idxno=69204
436,LG전자·재규어랜드로버 공동 개발 차량 시스템…유럽서 '올해의 스마트제품',https://www.news1.kr/articles/?4129310
437,"재규어랜드로버, 디스커버리 스포츠 대상 '신차 교환 보상 서비스' 실시",http://www.metroseoul.co.kr/news/newsview?newscd=2015061800122
438,"[시승기] 디스커버리 스포츠, 디자인 최소화·승차감 극대화",http://www.econovill.com/news/articleView.html?idxno=402282
439,산 오르고 강 건너는 SUV…랜드로버 디스커버리 스포츠 출시,http://www.metroseoul.co.kr/news/newsview?newscd=2015051800057
440,"재규어랜드로버, 11월 전국 주말 시승행사 개최",https://view.asiae.co.kr/article/2020110612033159658
441,"재규어 랜드로버 코리아, 크리스마스맞이 고객 시승행사 진행",http://www.thedrive.co.kr/news/newsview.php?ncode=1065576203228031
442,[브랜드 히스토리] 강인함에 대한 변치 않는 대답 ‘랜드로버’,https://hankookilbo.com/News/Read/A2020110209470002954?did=NA
443,"KB캐피탈, 재규어 랜드로버 무이자 할부 프로그램 진행",http://www.shinailbo.co.kr/news/articleView.html?idxno=1351574
444,케이카 직원들이 픽한 패밀리카는?…“카니발·디스커버리 스포츠”,http://news.mk.co.kr/newsRead.php?no=904206&year=2020
445,유럽이 인정한 'LG전자 차량용 인포테인먼트' 랜드로버에서 번쩍!,http://www.gpkorea.com/news/articleView.html?idxno=69204
446,LG전자·재규어랜드로버 공동 개발 차량 시스템…유럽서 '올해의 스마트제품',https://www.news1.kr/articles/?4129310
447,"재규어랜드로버, 디스커버리 스포츠 대상 '신차 교환 보상 서비스' 실시",http://www.metroseoul.co.kr/news/newsview?newscd=2015061800122
448,"[시승기] 디스커버리 스포츠, 디자인 최소화·승차감 극대화",http://www.econovill.com/news/articleView.html?idxno=402282
449,산 오르고 강 건너는 SUV…랜드로버 디스커버리 스포츠 출시,http://www.metroseoul.co.kr/news/newsview?newscd=2015051800057
450,"재규어랜드로버, 전국 시승행사 '어반 드라이브' 진행",http://www.enewstoday.co.kr/news/articleView.html?idxno=1425993
451,"""재규어랜드로버, 시승하고 최대 20% 할인받자""",http://autotimes.hankyung.com/apps/news.sub_view?popup=0&nid=03&c1=03&c2=03&c3=00&nkey=202012011420451
452,케이카 직원들이 픽한 패밀리카는?…“카니발·디스커버리 스포츠”,http://news.mk.co.kr/newsRead.php?no=904206&year=2020
453,유럽이 인정한 'LG전자 차량용 인포테인먼트' 랜드로버에서 번쩍!,http://www.gpkorea.com/news/articleView.html?idxno=69204
454,LG전자·재규어랜드로버 공동 개발 차량 시스템…유럽서 '올해의 스마트제품',https://www.news1.kr/articles/?4129310
455,"재규어랜드로버, 디스커버리 스포츠 대상 '신차 교환 보상 서비스' 실시",http://www.metroseoul.co.kr/news/newsview?newscd=2015061800122
456,"[시승기] 디스커버리 스포츠, 디자인 최소화·승차감 극대화",http://www.econovill.com/news/articleView.html?idxno=402282
457,산 오르고 강 건너는 SUV…랜드로버 디스커버리 스포츠 출시,http://www.metroseoul.co.kr/news/newsview?newscd=2015051800057
458,[시승기] 더 강력해진 '뉴 디스커버리 스포츠'… 온오프로드 모두 '굿',http://biz.newdaily.co.kr/site/data/html/2020/05/13/2020051300059.html
459,"재규어랜드로버, 인기 '디펜더', 물량 없어 판매 못해. 적자 못견딘 딜러 이탈 본격화",http://www.autodaily.co.kr/news/articleView.html?idxno=423059
460,[시승기] 더 강력해진 '뉴 디스커버리 스포츠'… 온오프로드 모두 '굿',http://biz.newdaily.co.kr/site/data/html/2020/05/13/2020051300059.html
461,"재규어랜드로버, 인기 '디펜더', 물량 없어 판매 못해. 적자 못견딘 딜러 이탈 본격화",http://www.autodaily.co.kr/news/articleView.html?idxno=423059
462,"랜드로버 디스커버리 스포츠, 전기차 버전 나올까?",http://it.chosun.com/news/article.html?no=2843440
463,"'차박'도 꿈꾸게 하는, 뉴 디스커버리 스포츠의 다양한 기능",http://www.gpkorea.com/news/articleView.html?idxno=64351
464,"[2019년형 랜드로버 디스커버리] 새 엔진·첨단기능 탑재, 더 강력하게 돌아왔다",http://www.busan.com/view/busan/view.php?code=2019031218331489892
465,"랜드로버, '디스커버리 스포츠' 공개",http://www.metroseoul.co.kr/news/newsview?newscd=2014090400270
466,"케이카, 카니발·디스커버리 스포츠 최고의 패밀리카 추전",https://www.donga.com/news/article/all/20200902/102757839/2
467,"[정찬수의 시승기] 6가지 지형 주파·하체 방음도 인상적, ‘뉴 디스커버리 스포츠’",http://news.heraldcorp.com/view.php?ud=20200512000489
468,"재규어랜드로버, 뉴 디스커버린 스포츠 가솔린 출시",http://www.econovill.com/news/articleView.html?idxno=388465
469,"랜드로버 코리아, 디스커버리 스포츠 엔트리 모델 추가…값은 5980만원",http://www.rpm9.com/news/article.html?id=20170109090011
470,"재규어랜드로버, 완벽한 라인업 '디스커버리 스포츠 TD4 SE' 출시",http://xtorque.xportsnews.com/?ac=article_view&entry_id=809195
471,[2016 베스트셀링 수입차] 랜드로버 '디스커버리 스포츠',http://www.sedaily.com/NewsView/1L56132AH3
472,랜드로버코리아 이보크·디스커버리 스포츠 출시 기념 행사 개최,http://www.ggilbo.com/news/articleView.html?idxno=315852
473,"랜드로버, 2017년형 레인지로버 이보크 및 디스커버리 스포츠 출시 기념 '랜드로버 익스피리언스' 개최",http://www.g-enews.com/ko-kr/news/article/news_all/201610280932145755191_1/article.html
474,"[시승기] 디스커버리 스포츠, 깔끔한 외모 안에 숨은 근육질 주행성능",https://biz.chosun.com/site/data/html_dir/2020/04/24/2020042402861.html?utm_source=naver&utm_medium=original&utm_campaign=biz
475,[훈 기자의 시승車] '세단의 고급스러움을 갖춘 SUV … 랜드로버 '디스커버리 스포츠',http://www.kukinews.com/news/article.html?no=402851
476,국내 헌혈 캠페인에 디스커버리 스포츠 투입,http://www.iminju.net/news/articleView.html?idxno=53914
477,"""디젤보다 싸다""… 디스커버리 스포츠 가솔린 가격은?",http://moneys.mt.co.kr/news/mwView.php?no=2020030909448077954
478,6000만원대 SUV 뭐 살까?,https://www.motortrendkorea.com/sub/view.html?no=5527&cate1Name=WHICHCAR
479,[신차털기] 뉴 디스커버리 스포츠…가는 곳이 곧 길이다,https://www.hankyung.com/economy/article/202002283431g
480,"랜드로버코리아, ‘디스커버리 스포츠 TD4 SE’ 판매 돌입",http://www.etoday.co.kr/news/section/newsview.php?idxno=1438802
481,[2016 베스트셀링 수입차] 랜드로버 '디스커버리 스포츠',http://www.sedaily.com/NewsView/1L56132AH3
482,랜드로버코리아 이보크·디스커버리 스포츠 출시 기념 행사 개최,http://www.ggilbo.com/news/articleView.html?idxno=315852
483,"랜드로버, 2017년형 레인지로버 이보크 및 디스커버리 스포츠 출시 기념 '랜드로버 익스피리언스' 개최",http://www.g-enews.com/ko-kr/news/article/news_all/201610280932145755191_1/article.html
484,"[시승기] 디스커버리 스포츠, 깔끔한 외모 안에 숨은 근육질 주행성능",https://biz.chosun.com/site/data/html_dir/2020/04/24/2020042402861.html?utm_source=naver&utm_medium=original&utm_campaign=biz
485,[훈 기자의 시승車] '세단의 고급스러움을 갖춘 SUV … 랜드로버 '디스커버리 스포츠',http://www.kukinews.com/news/article.html?no=402851
486,국내 헌혈 캠페인에 디스커버리 스포츠 투입,http://www.iminju.net/news/articleView.html?idxno=53914
487,"""디젤보다 싸다""… 디스커버리 스포츠 가솔린 가격은?",http://moneys.mt.co.kr/news/mwView.php?no=2020030909448077954
488,6000만원대 SUV 뭐 살까?,https://www.motortrendkorea.com/sub/view.html?no=5527&cate1Name=WHICHCAR
489,[신차털기] 뉴 디스커버리 스포츠…가는 곳이 곧 길이다,https://www.hankyung.com/economy/article/202002283431g
490,[훈 기자의 시승車] '세단의 고급스러움을 갖춘 SUV … 랜드로버 '디스커버리 스포츠',http://www.kukinews.com/news/article.html?no=402851
491,국내 헌혈 캠페인에 디스커버리 스포츠 투입,http://www.iminju.net/news/articleView.html?idxno=53914
492,"랜드로버코리아, 150마력 ‘디스커버리 스포츠 TD4 SE’ 출시",http://bizn.donga.com/3/all/20170109/82241198/1
493,"""디젤보다 싸다""… 디스커버리 스포츠 가솔린 가격은?",http://moneys.mt.co.kr/news/mwView.php?no=2020030909448077954
494,6000만원대 SUV 뭐 살까?,https://www.motortrendkorea.com/sub/view.html?no=5527&cate1Name=WHICHCAR
495,[신차털기] 뉴 디스커버리 스포츠…가는 곳이 곧 길이다,https://www.hankyung.com/economy/article/202002283431g
496,"재규어 랜드로버 ""프리미엄 멤버십 서비스 확대 개편""",http://sports.hankooki.com/lpage/economy/202008/sp20200824134355136990.htm?s_ref=nv
497,"재규어, 5년 만에 확 바뀐 '뉴 디스커버리 스포츠'…주행·실용성 다 잡았다",https://www.hankyung.com/economy/article/202002213672i
498,"랜드로버 디스커버리 스포츠-벤츠 B200 등 4,627대 리콜",http://www.sisafocus.co.kr/news/articleView.html?idxno=149875
499,"오토드림카, 2019 벤츠E클래스·랜드로버 디스커버리·재규어 신차 리스장기렌트 프로모션 인기",http://www.gpkorea.com/news/articleView.html?idxno=43509
