,title,url
0,"애플카, 이번에는 포드 베테랑 엔지니어 영입",http://www.gpkorea.com/news/articleView.html?idxno=85504
1,"애플, 'i 카' 개발 박차...포드의 자율주행 전문가 영입",http://www.getnews.co.kr/news/articleView.html?idxno=583012
2,[뉴욕증시 포커스] 실적 발표 엇갈리면서 혼조…나스닥 보합,http://www.econovill.com/news/articleView.html?idxno=573665
3,다음엔 무슨 차로 바꿔야 할까?…해답 보여준 '뉴욕오토쇼' [US포커스],http://news.mt.co.kr/mtview.php?no=2022042207055324206
4,"[리뷰] 디테일을 더한 스테디셀링 해치백, 2022년 포드 포커스",https://hankookilbo.com/News/Read/A2021111007490005721?did=NA
5,"포드, 스타일을 다듬은 핫해치 ‘2022년형 포커스 ST’ 공개",https://hankookilbo.com/News/Read/A2021110406190000136?did=NA
6,"포드, 기술의 진보 이뤄낸 2022년형 '뉴 포커스' 공개",https://hankookilbo.com/News/Read/A2021102709090000255?did=NA
7,"포드 유럽, 스포티한 감각을 계승하는 ‘포커스 ST 에디션’ 공개",https://hankookilbo.com/News/Read/A2021090208310001694?did=NA
8,"포드, 포커스 ST 에디션 유럽 출시..280마력 파워!",http://www.dailycar.co.kr/content/news.html?type=view&autoId=40697
9,"현대모비스, 러시아 옛 포드공장 인수? ""사실 무근""",http://www.straightnews.co.kr/news/articleView.html?idxno=121516
10,"[단독] 현대모비스, 러시아 레닌그라드 포드 공장 인수 유력",http://www.g-enews.com/ko-kr/news/article/news_all/2021121405512671072bb03d9507_1/article.html
11,포커스 데이터 활용한 포드 브롱코..저장가능 도어의 특징은?,http://www.dailycar.co.kr/content/news.html?type=view&autoId=40069
12,"포드, 전기차 머스탱 中 생산 시작..국내 도입은 언제?",http://www.dailycar.co.kr/content/news.html?type=view&autoId=41322
13,"슈퍼 해치백, '포드 포커스 RS', 드리프트 황제 켄 블록도 개발에 참여",http://www.kbench.com/?q=node/155900
14,"슈퍼 해치백 '포드 포커스 RS', 골프 R보다 빠르다, 제로백 영상 공개",http://www.kbench.com/?q=node/155178
15,2013년 세계에서 가장 많이 팔린차 '포드 포커스',http://view.asiae.co.kr/news/view.htm?idxno=2014041015520390626
16,"포드 포커스, 상반기 글로벌 베스트셀링 1위",http://news1.kr/articles/1377380
17,교황이 타는 차 '포드 포커스'는 어떤 차,http://www.edaily.co.kr/news/newspath.asp?newsid=01249686606187648
18,세계에서 가장 많이 팔린 車 ‘포드 포커스’,http://www.khan.co.kr/kh_news/art_view.html?artid=201304101401231&code=920508
19,"구사일생한 '포드 포커스', 바닷물에 빠지기 일보 직전 회생돼",http://www.kbench.com/?q=node/156299
20,[서울모터쇼] 1L로 17km 달리는 '포드 포커스 디젤' 타보니,http://biz.chosun.com/site/data/html_dir/2013/03/25/2013032500230.html
21,[車데뷔하는 날]'포드 포커스'..'옥탑방 왕세자'로 인기몰이,http://www.asiae.co.kr/news/view.htm?idxno=2012051713185479391
22,[포커스]中 '햐얀 석유' 리튬 독식…전기차 생산목표 지속불가능,https://www.businessplus.kr/news/articleView.html?idxno=34642
23,[리뷰] 포드 픽업 트럭 라인업에 힘을 더하다…포드 매버릭,https://hankookilbo.com/News/Read/A2021070818480000136?did=NA
24,"[금일 산업계 주요기사] ""원자재값 급등에"" 기업 10곳 중 3곳 ""팔수록 손해""… ""제작결함 발견"" 현대차·포드 포함 7개사 5만 4390대 '리콜' 外",https://www.youthdaily.co.kr/news/article.html?no=97749
25,"포드, 차세대 ‘포커스RS’ 출시 계획 무산..그 배경은?",http://m.dailycar.co.kr/content/news.html?type=view&autoId=36401
26,"포드, 신형 SUV ‘에보스’ 공개..중국 시장 공략",http://www.dailycar.co.kr/content/news.html?type=view&autoId=39427
27,"포드 포커스, 4년 만에 최고 판매율 달성...25만 대 돌파",http://www.consumernews.co.kr/?mod=news&act=articleView&idxno=535534
28,소형 픽업트럭?..세단 없앤 포드 포커스 기반 픽업 개발,http://www.edaily.co.kr/news/newspath.asp?newsid=03417766622623072
29,"포드, 중형세단 몬데오 크로스오버 스타일로 대체..SUV 집중!",http://www.dailycar.co.kr/content/news.html?type=view&autoId=38796
30,"포드, 포커스 ST 에스테이트 공개..실용성 ‘업’",http://www.dailycar.co.kr/content/news.html?type=view&autoId=33334
31,반도체 부족 사태에…포드도 독일 공장 운영 일시 중단,http://www.newsis.com/view/?id=NISX20210119_0001310362&cID=10101&pID=10100
32,"현대차, 포드 포커스 RS 수석 엔지니어 영입...고성능 판 키운다",http://www.gpkorea.com/news/articleView.html?idxno=50563
33,"포드, 유럽 전용 '포커스 ST 왜건' 공개...수동 터보 280마력",http://www.gpkorea.com/news/articleView.html?idxno=52263
34,"포드, ‘2019년형 포커스 ST‘ 공개..르노 메간·혼다 시빅과 경쟁",http://www.dailycar.co.kr/content/news.html?type=view&autoId=32312
35,"포드, 포커스 RS 엔진 얹은 '엔트리 레벨 머스탱' 선보인다",http://www.gpkorea.com/news/articleView.html?idxno=50681
36,"포드, 소형차 포커스 연료장치 결함으로 美서 130만 대 리콜",http://www.autodaily.co.kr/news/articleView.html?idxno=405736
37,"포드, 트럼프 협박에도 중국산 포커스 액티브 美서 생산 안 해",http://www.autodaily.co.kr/news/articleView.html?idxno=404957
38,"포드, 트럼프 관세에 중국산 포커스 수입 취소",http://weeklytrade.co.kr/news/view.html?section=1&category=136&item=&no=44643
39,"포드車, 트럼프 관세에 中 생산 포커스 수입 계획 취소",http://www.newsis.com/view/?id=NISX20180902_0000406863&cID=10101&pID=10100
40,"한국타이어, 포드 신형 포커스 액티브에 OE타이어 공급",http://autotimes.hankyung.com/apps/news.sub_view?popup=0&nid=05&c1=05&c2=05&c3=00&nkey=201812131401341
41,"포드, 올 뉴 포커스 생산에 완전 자동화 공정 도입..업계 최초",http://www.dailycar.co.kr/content/news.html?type=view&autoId=31753
42,"포드, 중국서 만든 '포커스 액티브' 미국내 판매계획 포기",http://www.mediapen.com/news/view/379952
43,"포드, 美서 포커스·토러스·피에스타 생산 중단..中서 수입 계획",http://www.dailycar.co.kr/content/news.html?type=view&autoId=29983
44,"'첨단사양 무장'…포드, 4세대 풀체인지 '포커스' 선봬",http://www.edaily.co.kr/news/newspath.asp?newsid=03421046619175136
45,"[EBN 오늘(1일) 이슈 종합] 군사안보지원사령부 창설, 국제유가 하락, 포드 중국산 포커스 미국 판매 포기 등",http://www.ebn.co.kr/news/view/953715
46,첨단기술 탑재 '올뉴 포드 포커스' 미래차 변신 완료,http://www.gpkorea.com/news/articleView.html?idxno=41123
47,"포드 `포커스 RS’, 노르웨이에서 파란 번개로 등장",http://www.gpkorea.com/bbs/board.php?bo_table=gp_motorsports&wr_id=19435
48,"포드, 세마쇼에서 공개될 네 대의 포커스 튜닝카 사전 공개",http://autoin.edaily.co.kr/news/newspath.asp?newsid=01485846616093576
49,"포드, 신형 포커스 공개",http://autotimes.hankyung.com/apps/news.sub_view?popup=0&nid=02&c1=02&c2=02&c3=00&nkey=201804102150061
50,"USTR 대표, 포드 소형차 포커스 중국 충칭 이전생산에 제동",http://jedam15.koreafree.co.kr/news/view.html?section=1&category=136&item=&no=30178
51,"[올댓차이나]USTR 대표, 포드 소형차 포커스 중국 충칭 이전생산에 제동",http://www.newsis.com/view/?id=NISX20170623_0000021676&cID=10101&pID=10100
52,포드 포커스 충칭 생산,http://www.koreadaily.com/news/read.asp?art_id=5368220
53,"포드자동차, '포커스' 생산공장 중국이전 ""미국 일자리 감소는 없어""",http://www.newsis.com/view/?id=NISX20170621_0000018190&cID=10101&pID=10100
54,[beauty] 톰포드뷰티·맥 2022 S/S ‘이건 꼭 사라’ 템,https://woman.donga.com/3/all/12/3194659/1
55,"포드, 호주서 '화재 위험'으로 포커스 4만3000대 리콜",http://www.g-enews.com/ko-kr/news/article/news_all/201708181428555423e8b8a793f7_1/article.html
56,"포드, 데이토나의 영광을 담은 ‘2021 포드 GT 헤리티지 에디션’ 공개",https://hankookilbo.com/News/Read/A2020081811560000497?did=NA
57,유럽의 감성을 품다…포드 포커스 디젤 [조영곤 칼럼],http://www.mediafine.co.kr/news/articleView.html?idxno=4313
58,BMW 520d.기아 모하비.포드 포커스 1.5 등 리콜...결함 부분 보니,http://www.kookje.co.kr/news2011/asp/newsbody.asp?code=0200&key=20161026.99002010345
59,BMW 520d·기아차 모하비·포드 포커스 리콜…배출가스 결함,http://biz.newdaily.co.kr/news/article.html?no=10116734
60,[포토] 깔끔한 감성이 돋보이는 유니버설 기술 연구소의 2017 포드 포커스 RS TJin 에디션 & 펜조일,http://autoin.edaily.co.kr/news/newspath.asp?newsid=01525206616093576
61,"[현장포커스] ‘완성도↑’ 빌드업+빠른 역습, 벤투호의 월드컵이 기대된다",http://www.sportalkorea.com/news/view.php?gisa_uniq=2022032505163121§ion_code=10&cp=se&sp=A
62,[현장포커스] '사퇴 압박→새 역사' 벤투 감독이 옳았다,http://www.sportalkorea.com/news/view.php?gisa_uniq=2022032502275120§ion_code=10&cp=se&sp=A
63,"[현장포커스] 손흥민만큼 중요한 김민재, 그가 없으면 월드컵도 어렵다",http://www.sportalkorea.com/news/view.php?gisa_uniq=2022032501451720§ion_code=10&cp=se&sp=A
64,[경제포커스] 자동차 王 헨리 포드의 최저임금 인상,http://news.chosun.com/site/data/html_dir/2018/12/26/2018122602701.html?utm_source=naver&utm_medium=original&utm_campaign=news
65,"[현장포커스] '여유만만' 이란 팬, ""손흥민만 알아, 우리가 무조건 이길 것""",http://www.sportalkorea.com/news/view.php?gisa_uniq=2022032418573520§ion_code=10&cp=se&sp=A
66,"[시승기] 포드 포커스 해치백, 예상외의 넉넉함·편의사양 '눈길'",http://www.ebn.co.kr/news/view/835226
67,"포드, 고성능 해치백 '포커스 RS500' 개발 고려 중, 벤츠 A45 AMG보다 빨라",http://www.kbench.com/?q=node/163674
68,"[시승기] 포드 포커스, 합리적으로 스피드를 즐기기엔 '딱!'",http://news.mtn.co.kr/newscenter/news_viewer.mtn?gidx=2016052909361396041
69,"포드 '2016 포커스 디젤', 연비·주행성능·친환경 모두 잡았다",http://view.asiae.co.kr/news/view.htm?idxno=2016042114521540527
70,"포드코리아 ""포커스 디젤 효율, 골프 넘어섰다""",http://autotimes.hankyung.com/apps/news.sub_view?popup=0&nid=03&c1=03&c2=03&c3=00&nkey=201604172143221
71,"포드 포커스 ISG, 연비개선 효과 있을까",http://www.moneyweek.co.kr/news/mwView.php?type=1&no=2016041420348063036&outlink=1
72,"'포드 디젤 삼총사' 몬데오-포커스-쿠가, 60개월 무이자 할부 실시",http://sports.hankooki.com/lpage/economy/201604/sp20160406080030136990.htm
73,[시승기] 포드 ‘2016 포커스 디젤’… 빠르게 치고 나가는 능력자,http://news.kukinews.com/article/view.asp?arcid=0010504280&code=41172011&cp=nv
74,'친절한 독일산 미국차' 포드 포커스 디젤,http://www.edaily.co.kr/news/newspath.asp?newsid=04546086612588896
75,"오토 스탑 뺀 '포드 포커스 1.5 디젤', 정부 공동고시 기준 신 연비 '18 km/l'로 등록",http://www.kbench.com/?q=node/161431
76,"헤네시, 405마력의 포드 포커스 RS 튜닝 프로그램 공개",http://autoin.edaily.co.kr/news/newspath.asp?newsid=02866726612776184
77,"포드 '신형 포커스' 프로토타입 스파이샷 포착, 더 커지고 넓어진다",http://www.kbench.com/?q=node/161033
78,"연비지존 된 포드 포커스 ""골프 한판붙자""",http://news.mk.co.kr/newsRead.php?no=194303&year=2016
79,"포드, 몬데오·포커스·쿠가 구매 고객에 '3디젤 프로모션' 진행",http://www.ebn.co.kr/news/view/816528
80,"'핸즈 모터스포츠 페스티벌 2016', 포드 포커스 원 메이크 레이스의 선수 모집이 시작됐다",http://www.sportsseoul.com/news/read/352046
81,"포드, F-150머스탱익스플로러포커스 등 14만3000대 미국서 리콜",http://www.g-enews.com/ko-kr/news/article/news_all/201709010910583470e8b8a793f7_1/article.html
82,"[자동차] 핸즈 모터스포츠 페스티벌 2016, 포드 포커스 원 메이크 레이스 선수 모집",http://sports.chosun.com/news/ntype.htm?id=201601120000000000008107&servicedate=20160112
83,힘 넘치는 연비 끝판왕 `포드 포커스 디젤`,http://www.etnews.com/20160630000128
84,‘핸즈 모터스포츠 페스티벌 2016 포드 포커스 원 메이크 선수 모집’,http://car.tvreport.co.kr/?c=news&m=newsview&idx=655368
85,[포드 포커스 디젤] 파워에 한번 놀라고 `18.1㎞/ℓ` 연비에 두번 놀라고,http://news.mk.co.kr/newsRead.php?no=1197827&year=2015
86,"[자동차] 포드코리아, ‘2016 포커스 디젤’ 출시",http://sports.chosun.com/news/ntype.htm?id=201512160000000000011838&servicedate=20151216
87,"[오토갤러리] 현대차 제네시스EQ900 세계 명차들과 겨룰 핵심 경쟁력은? 삼성, LG와 자동차전장 사업 격돌…기아차 K5 하이브리드 출시, 르노삼성 QM3 'T2C' 출시, 인피니티 QX70·포드 2016 뉴 쿠가·2016 포커스 디젤 출시",http://www.starseoultv.com/news/articleView.html?idxno=369567
88,포드 준중형 간판 스타 ‘2016 포커스 디젤’ 달라진 점 무엇?,http://sports.khan.co.kr/news/sk_index.html?cat=view&art_id=201512061753353&sec_id=563002&pt=nv
89,"포드코리아, ‘2016 포커스 디젤’ 출시",http://news.kukinews.com/article/view.asp?arcid=0010131984&code=41172011&cp=nv
90,포드코리아 ‘돋보이는 연비’ 2016 포커스 디젤 출시,http://www.econovill.com/news/articleView.html?idxno=272969
91,포드 유니바디 픽업 '매버릭' 등장 예고...브롱코 그릴 적용될까,http://www.gpkorea.com/news/articleView.html?idxno=63901
92,"포드 포커스 1.5 디젤, 국내 복합 연비는 '18.1 km/l', 아반떼만큼 좋다",http://www.kbench.com/?q=node/157001
93,"포드코리아, 몬데오·포커스·쿠가 무이자 할부 프로모션 나서",http://sports.khan.co.kr/news/sk_index.html?cat=view&art_id=201604132157013&sec_id=563002&pt=nv
94,"포드, 몬데오·포커스·쿠가 '디젤 3총사' 무이자 할부 판매",http://www.viva100.com/main/view.php?key=20160405010000976
95,"포드, 에어필터 강화로 알레르기성 물질 차단",http://www.thedrive.co.kr/news/newsview.php?ncode=1065601526459751
96,"포드, 도어래치. 브레이크 결함으로 링컨 포함 250만대 대규모 리콜",http://www.autodaily.co.kr/news/articleView.html?idxno=420001
97,"포드 포커스, 인터넷 쇼핑몰에서 450만원 할인…'왜?'",http://autotimes.hankyung.com/apps/news.sub_view?popup=0&nid=03&c1=03&c2=03&c3=00&nkey=201506291548151
98,"포드코리아, ‘MKZ와 포커스’ 72개월 할부 실시",http://www.g-enews.com/ko-kr/news/article/news_all/201505151815398663621_1/article.html
99,"'저렴한 신차' 매버릭 수요 폭발…포드 ""당분간 주문 안 받아""",http://www.edaily.co.kr/news/newspath.asp?newsid=02151686632201328
100,"포드, 소형차 '포커스' 생산설비 중국 이전…2019년부터 미국으로 수출할 계획",http://www.g-enews.com/ko-kr/news/article/news_all/201706211030572763d6eb469fd3_1/article.html
101,"[현장포커스] ‘완성도↑’ 빌드업+빠른 역습, 벤투호의 월드컵이 기대된다",http://www.sportalkorea.com/news/view.php?gisa_uniq=2022032505163121§ion_code=10&cp=se&sp=A
102,[현장포커스] '사퇴 압박→새 역사' 벤투 감독이 옳았다,http://www.sportalkorea.com/news/view.php?gisa_uniq=2022032502275120§ion_code=10&cp=se&sp=A
103,"[현장포커스] 손흥민만큼 중요한 김민재, 그가 없으면 월드컵도 어렵다",http://www.sportalkorea.com/news/view.php?gisa_uniq=2022032501451720§ion_code=10&cp=se&sp=A
104,[경제포커스] 자동차 王 헨리 포드의 최저임금 인상,http://news.chosun.com/site/data/html_dir/2018/12/26/2018122602701.html?utm_source=naver&utm_medium=original&utm_campaign=news
105,"[현장포커스] '여유만만' 이란 팬, ""손흥민만 알아, 우리가 무조건 이길 것""",http://www.sportalkorea.com/news/view.php?gisa_uniq=2022032418573520§ion_code=10&cp=se&sp=A
106,"[시승기] 포드 포커스 해치백, 예상외의 넉넉함·편의사양 '눈길'",http://www.ebn.co.kr/news/view/835226
107,"포드, 고성능 해치백 '포커스 RS500' 개발 고려 중, 벤츠 A45 AMG보다 빨라",http://www.kbench.com/?q=node/163674
108,"[시승기] 포드 포커스, 합리적으로 스피드를 즐기기엔 '딱!'",http://news.mtn.co.kr/newscenter/news_viewer.mtn?gidx=2016052909361396041
109,"포드 '2016 포커스 디젤', 연비·주행성능·친환경 모두 잡았다",http://view.asiae.co.kr/news/view.htm?idxno=2016042114521540527
110,"포드코리아 ""포커스 디젤 효율, 골프 넘어섰다""",http://autotimes.hankyung.com/apps/news.sub_view?popup=0&nid=03&c1=03&c2=03&c3=00&nkey=201604172143221
111,"포드 포커스 ISG, 연비개선 효과 있을까",http://www.moneyweek.co.kr/news/mwView.php?type=1&no=2016041420348063036&outlink=1
112,"'포드 디젤 삼총사' 몬데오-포커스-쿠가, 60개월 무이자 할부 실시",http://sports.hankooki.com/lpage/economy/201604/sp20160406080030136990.htm
113,[시승기] 포드 ‘2016 포커스 디젤’… 빠르게 치고 나가는 능력자,http://news.kukinews.com/article/view.asp?arcid=0010504280&code=41172011&cp=nv
114,'친절한 독일산 미국차' 포드 포커스 디젤,http://www.edaily.co.kr/news/newspath.asp?newsid=04546086612588896
115,"오토 스탑 뺀 '포드 포커스 1.5 디젤', 정부 공동고시 기준 신 연비 '18 km/l'로 등록",http://www.kbench.com/?q=node/161431
116,"헤네시, 405마력의 포드 포커스 RS 튜닝 프로그램 공개",http://autoin.edaily.co.kr/news/newspath.asp?newsid=02866726612776184
117,"포드 '신형 포커스' 프로토타입 스파이샷 포착, 더 커지고 넓어진다",http://www.kbench.com/?q=node/161033
118,"연비지존 된 포드 포커스 ""골프 한판붙자""",http://news.mk.co.kr/newsRead.php?no=194303&year=2016
119,[포토] 세마쇼에서 공개될 블러드 타입 레이싱의 2017 포드 포커스 ST,http://autoin.edaily.co.kr/news/newspath.asp?newsid=01498966616093576
120,"포드, 몬데오·포커스·쿠가 구매 고객에 '3디젤 프로모션' 진행",http://www.ebn.co.kr/news/view/816528
121,"'핸즈 모터스포츠 페스티벌 2016', 포드 포커스 원 메이크 레이스의 선수 모집이 시작됐다",http://www.sportsseoul.com/news/read/352046
122,"포드, F-150머스탱익스플로러포커스 등 14만3000대 미국서 리콜",http://www.g-enews.com/ko-kr/news/article/news_all/201709010910583470e8b8a793f7_1/article.html
123,"[자동차] 핸즈 모터스포츠 페스티벌 2016, 포드 포커스 원 메이크 레이스 선수 모집",http://sports.chosun.com/news/ntype.htm?id=201601120000000000008107&servicedate=20160112
124,힘 넘치는 연비 끝판왕 `포드 포커스 디젤`,http://www.etnews.com/20160630000128
125,‘핸즈 모터스포츠 페스티벌 2016 포드 포커스 원 메이크 선수 모집’,http://car.tvreport.co.kr/?c=news&m=newsview&idx=655368
126,"BMW 520d, 기아 모하비, 포드 포커스 등 리콜 조치",http://www.kidd.co.kr/news/188076
127,[포드 포커스 디젤] 파워에 한번 놀라고 `18.1㎞/ℓ` 연비에 두번 놀라고,http://news.mk.co.kr/newsRead.php?no=1197827&year=2015
128,"[자동차] 포드코리아, ‘2016 포커스 디젤’ 출시",http://sports.chosun.com/news/ntype.htm?id=201512160000000000011838&servicedate=20151216
129,"[오토갤러리] 현대차 제네시스EQ900 세계 명차들과 겨룰 핵심 경쟁력은? 삼성, LG와 자동차전장 사업 격돌…기아차 K5 하이브리드 출시, 르노삼성 QM3 'T2C' 출시, 인피니티 QX70·포드 2016 뉴 쿠가·2016 포커스 디젤 출시",http://www.starseoultv.com/news/articleView.html?idxno=369567
130,[포드 포커스 디젤] 파워에 한번 놀라고 `18.1㎞/ℓ` 연비에 두번 놀라고,http://news.mk.co.kr/newsRead.php?no=1197827&year=2015
131,"[자동차] 포드코리아, ‘2016 포커스 디젤’ 출시",http://sports.chosun.com/news/ntype.htm?id=201512160000000000011838&servicedate=20151216
132,"[오토갤러리] 현대차 제네시스EQ900 세계 명차들과 겨룰 핵심 경쟁력은? 삼성, LG와 자동차전장 사업 격돌…기아차 K5 하이브리드 출시, 르노삼성 QM3 'T2C' 출시, 인피니티 QX70·포드 2016 뉴 쿠가·2016 포커스 디젤 출시",http://www.starseoultv.com/news/articleView.html?idxno=369567
133,포드 준중형 간판 스타 ‘2016 포커스 디젤’ 달라진 점 무엇?,http://sports.khan.co.kr/news/sk_index.html?cat=view&art_id=201512061753353&sec_id=563002&pt=nv
134,"포드코리아, ‘2016 포커스 디젤’ 출시",http://news.kukinews.com/article/view.asp?arcid=0010131984&code=41172011&cp=nv
135,포드코리아 ‘돋보이는 연비’ 2016 포커스 디젤 출시,http://www.econovill.com/news/articleView.html?idxno=272969
136,포드 유니바디 픽업 '매버릭' 등장 예고...브롱코 그릴 적용될까,http://www.gpkorea.com/news/articleView.html?idxno=63901
137,"포드 포커스 1.5 디젤, 국내 복합 연비는 '18.1 km/l', 아반떼만큼 좋다",http://www.kbench.com/?q=node/157001
138,"포드코리아, 몬데오·포커스·쿠가 무이자 할부 프로모션 나서",http://sports.khan.co.kr/news/sk_index.html?cat=view&art_id=201604132157013&sec_id=563002&pt=nv
139,"포드, 몬데오·포커스·쿠가 '디젤 3총사' 무이자 할부 판매",http://www.viva100.com/main/view.php?key=20160405010000976
140,포드코리아 ‘돋보이는 연비’ 2016 포커스 디젤 출시,http://www.econovill.com/news/articleView.html?idxno=272969
141,포드 유니바디 픽업 '매버릭' 등장 예고...브롱코 그릴 적용될까,http://www.gpkorea.com/news/articleView.html?idxno=63901
142,"포드 포커스 1.5 디젤, 국내 복합 연비는 '18.1 km/l', 아반떼만큼 좋다",http://www.kbench.com/?q=node/157001
143,"포드코리아, 몬데오·포커스·쿠가 무이자 할부 프로모션 나서",http://sports.khan.co.kr/news/sk_index.html?cat=view&art_id=201604132157013&sec_id=563002&pt=nv
144,"포드, 몬데오·포커스·쿠가 '디젤 3총사' 무이자 할부 판매",http://www.viva100.com/main/view.php?key=20160405010000976
145,"포드, 에어필터 강화로 알레르기성 물질 차단",http://www.thedrive.co.kr/news/newsview.php?ncode=1065601526459751
146,"포드, 도어래치. 브레이크 결함으로 링컨 포함 250만대 대규모 리콜",http://www.autodaily.co.kr/news/articleView.html?idxno=420001
147,"포드 포커스, 인터넷 쇼핑몰에서 450만원 할인…'왜?'",http://autotimes.hankyung.com/apps/news.sub_view?popup=0&nid=03&c1=03&c2=03&c3=00&nkey=201506291548151
148,포드코리아 '2016 포커스 디젤' 출시...연비.가격 보니,http://www.kookje.co.kr/news2011/asp/newsbody.asp?code=0200&key=20151205.99002004447
149,"포드코리아, ‘MKZ와 포커스’ 72개월 할부 실시",http://www.g-enews.com/ko-kr/news/article/news_all/201505151815398663621_1/article.html
150,"포드, 연비 18.1㎞/ℓ 준중형 ‘포커스 디젤’ 출시… 3300만원 부터",http://www.moneyweek.co.kr/news/mwView.php?type=1&no=2015120415408084744&outlink=1
151,포드 유니바디 픽업 '매버릭' 등장 예고...브롱코 그릴 적용될까,http://www.gpkorea.com/news/articleView.html?idxno=63901
152,"포드 포커스 1.5 디젤, 국내 복합 연비는 '18.1 km/l', 아반떼만큼 좋다",http://www.kbench.com/?q=node/157001
153,"포드코리아, 몬데오·포커스·쿠가 무이자 할부 프로모션 나서",http://sports.khan.co.kr/news/sk_index.html?cat=view&art_id=201604132157013&sec_id=563002&pt=nv
154,"포드, 몬데오·포커스·쿠가 '디젤 3총사' 무이자 할부 판매",http://www.viva100.com/main/view.php?key=20160405010000976
155,"포드, 에어필터 강화로 알레르기성 물질 차단",http://www.thedrive.co.kr/news/newsview.php?ncode=1065601526459751
156,"포드, 도어래치. 브레이크 결함으로 링컨 포함 250만대 대규모 리콜",http://www.autodaily.co.kr/news/articleView.html?idxno=420001
157,"포드 포커스, 인터넷 쇼핑몰에서 450만원 할인…'왜?'",http://autotimes.hankyung.com/apps/news.sub_view?popup=0&nid=03&c1=03&c2=03&c3=00&nkey=201506291548151
158,포드코리아 '2016 포커스 디젤' 출시...연비.가격 보니,http://www.kookje.co.kr/news2011/asp/newsbody.asp?code=0200&key=20151205.99002004447
159,"포드코리아, ‘MKZ와 포커스’ 72개월 할부 실시",http://www.g-enews.com/ko-kr/news/article/news_all/201505151815398663621_1/article.html
160,"""준중형 디젤 시장 잡는다""..포드 포커스 디젤 국내 출시",http://www.gpkorea.com/bbs/board.php?bo_table=gp_motorsports&wr_id=13853
161,포드 유니바디 픽업 '매버릭' 등장 예고...브롱코 그릴 적용될까,http://www.gpkorea.com/news/articleView.html?idxno=63901
162,"포드 포커스 1.5 디젤, 국내 복합 연비는 '18.1 km/l', 아반떼만큼 좋다",http://www.kbench.com/?q=node/157001
163,"포드코리아, 몬데오·포커스·쿠가 무이자 할부 프로모션 나서",http://sports.khan.co.kr/news/sk_index.html?cat=view&art_id=201604132157013&sec_id=563002&pt=nv
164,"포드, 몬데오·포커스·쿠가 '디젤 3총사' 무이자 할부 판매",http://www.viva100.com/main/view.php?key=20160405010000976
165,"포드, 에어필터 강화로 알레르기성 물질 차단",http://www.thedrive.co.kr/news/newsview.php?ncode=1065601526459751
166,"포드, 도어래치. 브레이크 결함으로 링컨 포함 250만대 대규모 리콜",http://www.autodaily.co.kr/news/articleView.html?idxno=420001
167,"포드 포커스, 인터넷 쇼핑몰에서 450만원 할인…'왜?'",http://autotimes.hankyung.com/apps/news.sub_view?popup=0&nid=03&c1=03&c2=03&c3=00&nkey=201506291548151
168,포드코리아 '2016 포커스 디젤' 출시...연비.가격 보니,http://www.kookje.co.kr/news2011/asp/newsbody.asp?code=0200&key=20151205.99002004447
169,"포드코리아, ‘MKZ와 포커스’ 72개월 할부 실시",http://www.g-enews.com/ko-kr/news/article/news_all/201505151815398663621_1/article.html
170,"포드, 몬데오·포커스·쿠가 '디젤 3총사' 무이자 할부 판매",http://www.viva100.com/main/view.php?key=20160405010000976
171,"포드, 에어필터 강화로 알레르기성 물질 차단",http://www.thedrive.co.kr/news/newsview.php?ncode=1065601526459751
172,"포드, 도어래치. 브레이크 결함으로 링컨 포함 250만대 대규모 리콜",http://www.autodaily.co.kr/news/articleView.html?idxno=420001
173,"포드 포커스, 인터넷 쇼핑몰에서 450만원 할인…'왜?'",http://autotimes.hankyung.com/apps/news.sub_view?popup=0&nid=03&c1=03&c2=03&c3=00&nkey=201506291548151
174,포드코리아 '2016 포커스 디젤' 출시...연비.가격 보니,http://www.kookje.co.kr/news2011/asp/newsbody.asp?code=0200&key=20151205.99002004447
175,포드 준중형 '2016 포커스 디젤' 국내 출시…연비 18.1km/L,http://www.mt.co.kr/view/mtview.php?type=1&no=2015120415413559471&outlink=1
176,"포드코리아, ‘MKZ와 포커스’ 72개월 할부 실시",http://www.g-enews.com/ko-kr/news/article/news_all/201505151815398663621_1/article.html
177,"'저렴한 신차' 매버릭 수요 폭발…포드 ""당분간 주문 안 받아""",http://www.edaily.co.kr/news/newspath.asp?newsid=02151686632201328
178,"'LG 배터리 탑재' 포드 머스탱 마하-E, 내년 유럽 출시",https://www.theguru.co.kr/news/article.html?no=11172
179,숟가락과 달걀로 알아본다? 포드 포커스의 '차량 자세 제어 장치',http://www.kbench.com/?q=node/146340
180,"'반값' 픽업 트럭 인기에…포드 “신규 주문 끝""",https://www.sedaily.com/NewsView/26104J0L7R
181,"'LG 배터리 탑재' 포드 머스탱 마하-E, 내년 유럽 출시",https://www.theguru.co.kr/news/article.html?no=11172
182,숟가락과 달걀로 알아본다? 포드 포커스의 '차량 자세 제어 장치',http://www.kbench.com/?q=node/146340
183,"315 마력의 4륜 구동 해치백 '포드 포커스 RS', 폭스바겐 골프R 위협한다",http://www.kbench.com/?q=node/146132
184,BMW 520d·기아 모하비·포드 포커스… 배출가스 문제 리콜 명령,http://www.segye.com/content/html/2016/10/25/20161025001851.html?OutUrl=naver
185,"AMG, RS3만큼 빠를까? 포드의 고성능 해치백 '포커스 RS' 티저 공개",http://www.kbench.com/?q=node/145572
186,F-150 픽업트럭 등 포드 215만대 리콜,http://www.koreadaily.com/news/read.asp?art_id=8376856
187,"톰 포드 뷰티, 무결점 피부 돕는 '페이스 포커스 컬렉션' 출시",http://www.mt.co.kr/view/mtview.php?type=1&no=2015080611151080704&outlink=1
188,"포드, 머스탱·포커스 등 2015년형 신차 6대 출시",http://www.breaknews.com/sub_read.html?uid=344229§ion=sc3
189,"포드코리아, 몬데오·포커스·쿠가 무이자 할부 실시",http://www.newscj.com/news/articleView.html?idxno=342258
190,포드 `포커스 RS` 드리프트 스틱 공개..켄블락 개발참여,http://www.gpkorea.com/bbs/board.php?bo_table=overseas&wr_id=3189
191,"포드코리아, 몬데오-포커스-쿠가 ‘포드 디젤 전국 시승 이벤트’ 개최",http://www.kbench.com/?q=node/161347
192,"[시승기] 포드 포커스 디젤, 안정적 기본기 소비자 心 '정조준'",http://www.cstimes.com/news/articleView.html?idxno=162551
193,"닛산 이어 포드도 포커스 EV 가격 6,000달러 내려",http://autotimes.hankyung.com/apps/news.sub_view?popup=0&nid=04&c1=04&c2=04&c3=00&nkey=201411152122561
194,"[시승기] ""미국차는 다 그래? 얘는 달라"" 포드 포커스 디젤",http://www.ajunews.com/view/20141016112937484
195,"핸즈 모터페스티벌, 포드 포커스 원메이크 신설한다",http://www.ajunews.com/view/20151218140907247
196,"美 포드 포커스, 獨디젤 4총사에 도전장",http://www.seoul.co.kr/news/newsView.php?id=20141006016002
197,수입차 첫 72개월 할부 등장…'링컨 MKZ·포드 포커스' 대상,http://www.it.co.kr/news/article.html?no=2800614
198,"그린카, '포프모빌' 기아 쏘울·포드 포커스 50% 할인 프로모션",http://www.ajunews.com/view/20140812094452551
199,"포드, 새로운 디자인과 엔진 얹은 '포커스 ST' 공개",http://www.it.co.kr/news/mediaitNewsView.php?nSeq=2671540
200,수입차 첫 72개월 할부 등장…'링컨 MKZ·포드 포커스' 대상,http://www.it.co.kr/news/article.html?no=2800614
201,"그린카, '포프모빌' 기아 쏘울·포드 포커스 50% 할인 프로모션",http://www.ajunews.com/view/20140812094452551
202,"포드, 새로운 디자인과 엔진 얹은 '포커스 ST' 공개",http://www.it.co.kr/news/mediaitNewsView.php?nSeq=2671540
203,"포드 포커스, 2년 연속 글로벌 베스트 셀링 카 등극",http://www.enewstoday.co.kr/news/articleView.html?idxno=325465
204,포드 포커스 2년 연속 글로벌 베스트 셀링 카 수상!,http://www.tvreport.co.kr/?c=news&m=newsview&idx=488947
205,"[환경TV 미인의 창] 기아차 모하비, BMW 520d, 포드 포커스 등 14개 차종 1만6000대 판매중지 리콜",http://www.greenpostkorea.co.kr/news/article.html?no=68806
206,"포드 '포커스', 월드 베스트 셀링카 2년 연속 등극",http://www.etnews.com/news/home_mobile/automobile/2853097_1485.html
207,"포드 포커스, 올 상반기 글로벌 베스트셀링 1위",http://www.sportsworldi.com/Articles/LeisureLife/Article.asp?aid=20131025022541&OutUrl=naver
208,포드 포커스 티타늄 2.0 디젤TDCi 100대 450만원 할인판매,http://www.econovill.com/news/articleView.html?idxno=251405
209,"올해 1분기 가장 많이 팔린 차, 포드 포커스",http://www.etnews.com/news/home_mobile/automobile/2816191_1485.html
210,"포드 포커스, 2년 연속 글로벌 베스트 셀링 카…폴크(Polk) 발표",http://www.osen.co.kr/article/G1109829002
211,"[환경TV 미인의 창] 기아차 모하비, BMW 520d, 포드 포커스 등 14개 차종 1만6000대 판매중지 리콜",http://www.greenpostkorea.co.kr/news/article.html?no=68806
212,"포드 '포커스', 월드 베스트 셀링카 2년 연속 등극",http://www.etnews.com/news/home_mobile/automobile/2853097_1485.html
213,"포드 포커스, 올 상반기 글로벌 베스트셀링 1위",http://www.sportsworldi.com/Articles/LeisureLife/Article.asp?aid=20131025022541&OutUrl=naver
214,포드 포커스 티타늄 2.0 디젤TDCi 100대 450만원 할인판매,http://www.econovill.com/news/articleView.html?idxno=251405
215,"그린카, '교황차' 포드 포커스·기아 쏘울 이용 시 50% 할인",http://www.khan.co.kr/kh_news/art_view.html?artid=201408121247251&code=920508
216,"올해 1분기 가장 많이 팔린 차, 포드 포커스",http://www.etnews.com/news/home_mobile/automobile/2816191_1485.html
217,"포드 포커스, 폴크 선정 1분기 '글로벌 베스트 셀링카'",http://www.newstomato.com/ReadNews.aspx?no=392862
218,"美 포드 ""포커스, 1Q 콤팩트 모델 세계 판매 1위 고수""",http://www.edaily.co.kr/news/newspath.asp?newsid=02666646602906992
219,"링컨 MKZ, 포드 포커스 72개월 할부로 살 수 있다",http://sports.hankooki.com/lpage/economy/201505/sp20150519151749136990.htm
220,"[환경TV 미인의 창] 기아차 모하비, BMW 520d, 포드 포커스 등 14개 차종 1만6000대 판매중지 리콜",http://www.greenpostkorea.co.kr/news/article.html?no=68806
221,"포드 '포커스', 월드 베스트 셀링카 2년 연속 등극",http://www.etnews.com/news/home_mobile/automobile/2853097_1485.html
222,"포드 포커스, 올 상반기 글로벌 베스트셀링 1위",http://www.sportsworldi.com/Articles/LeisureLife/Article.asp?aid=20131025022541&OutUrl=naver
223,포드 포커스 티타늄 2.0 디젤TDCi 100대 450만원 할인판매,http://www.econovill.com/news/articleView.html?idxno=251405
224,"그린카, '교황차' 포드 포커스·기아 쏘울 이용 시 50% 할인",http://www.khan.co.kr/kh_news/art_view.html?artid=201408121247251&code=920508
225,"올해 1분기 가장 많이 팔린 차, 포드 포커스",http://www.etnews.com/news/home_mobile/automobile/2816191_1485.html
226,"포드 포커스, 폴크 선정 1분기 '글로벌 베스트 셀링카'",http://www.newstomato.com/ReadNews.aspx?no=392862
227,"美 포드 ""포커스, 1Q 콤팩트 모델 세계 판매 1위 고수""",http://www.edaily.co.kr/news/newspath.asp?newsid=02666646602906992
228,"링컨 MKZ, 포드 포커스 72개월 할부로 살 수 있다",http://sports.hankooki.com/lpage/economy/201505/sp20150519151749136990.htm
229,"포드코리아, 링컨MKZ·포커스에 72개월 할부 제공",http://www.ebn.co.kr/news/view/760225
230,"포드 포커스, 상반기 글로벌 베스트셀링",http://www.hankyung.com/news/app/newsview.php?aid=201310252256g
231,포드 포커스 티타늄 2.0 디젤TDCi 100대 450만원 할인판매,http://www.econovill.com/news/articleView.html?idxno=251405
232,"그린카, '교황차' 포드 포커스·기아 쏘울 이용 시 50% 할인",http://www.khan.co.kr/kh_news/art_view.html?artid=201408121247251&code=920508
233,"올해 1분기 가장 많이 팔린 차, 포드 포커스",http://www.etnews.com/news/home_mobile/automobile/2816191_1485.html
234,"포드 포커스, 폴크 선정 1분기 '글로벌 베스트 셀링카'",http://www.newstomato.com/ReadNews.aspx?no=392862
235,"美 포드 ""포커스, 1Q 콤팩트 모델 세계 판매 1위 고수""",http://www.edaily.co.kr/news/newspath.asp?newsid=02666646602906992
236,"링컨 MKZ, 포드 포커스 72개월 할부로 살 수 있다",http://sports.hankooki.com/lpage/economy/201505/sp20150519151749136990.htm
237,"포드코리아, 링컨MKZ·포커스에 72개월 할부 제공",http://www.ebn.co.kr/news/view/760225
238,"포드, 7세대 골프 GTI와 GTD 라이벌될까? 신형 '포커스 ST' 공개",http://www.kbench.com/life/?no=135587&sc=1
239,가속 성능·정차 시 정숙성 탁월… 포드코리아 ‘포커스 디젤’ 시승기,http://www.khan.co.kr/kh_news/art_view.html?artid=201307142209535&code=920508
240,"포드 포커스, 1분기 글로벌 베스트셀링 카 수성",http://sbscnbc.sbs.co.kr/read.jsp?pmArticleId=10000586728
241,"美 포드 ""포커스, 1Q 콤팩트 모델 세계 판매 1위 고수""",http://www.edaily.co.kr/news/newspath.asp?newsid=02666646602906992
242,"링컨 MKZ, 포드 포커스 72개월 할부로 살 수 있다",http://sports.hankooki.com/lpage/economy/201505/sp20150519151749136990.htm
243,"포드코리아, 링컨MKZ·포커스에 72개월 할부 제공",http://www.ebn.co.kr/news/view/760225
244,"포드, 7세대 골프 GTI와 GTD 라이벌될까? 신형 '포커스 ST' 공개",http://www.kbench.com/life/?no=135587&sc=1
245,가속 성능·정차 시 정숙성 탁월… 포드코리아 ‘포커스 디젤’ 시승기,http://www.khan.co.kr/kh_news/art_view.html?artid=201307142209535&code=920508
246,"포드, 英 '굿우드 페스티벌'서 신형 '포커스 ST' 첫선",http://www.mt.co.kr/view/mtview.php?type=1&no=2014062417010513139&outlink=1
247,[신차와 역사⑧]3세대로 진화한 포드 ‘포커스’…미래 ‘준중형’ 모델 제시,http://www.khan.co.kr/kh_news/art_view.html?artid=201306241921042&code=920508
248,포드 ‘포커스ST 해치백’으로 젊은 층 잡는다,http://www.etoday.co.kr/news/section/newsview.php?idxno=730492
249,"포드, 최고연비 '포커스 디젤' 출시",http://www.seoulfn.com/news/articleView.html?idxno=240170
250,"포드, 英 '굿우드 페스티벌'서 신형 '포커스 ST' 첫선",http://www.mt.co.kr/view/mtview.php?type=1&no=2014062417010513139&outlink=1
251,[신차와 역사⑧]3세대로 진화한 포드 ‘포커스’…미래 ‘준중형’ 모델 제시,http://www.khan.co.kr/kh_news/art_view.html?artid=201306241921042&code=920508
252,포드 ‘포커스ST 해치백’으로 젊은 층 잡는다,http://www.etoday.co.kr/news/section/newsview.php?idxno=730492
253,"포드, 최고연비 '포커스 디젤' 출시",http://www.seoulfn.com/news/articleView.html?idxno=240170
254,연비 좋은 ‘포드 포커스’ 작년 100만 대 판매,http://www.newdaily.co.kr/news/article.html?no=150914
255,"포드 포커스, 2012년 가장 많이 팔린 차 “몇대 팔았나?”",http://www.mydaily.co.kr/new_yk/html/read.php?newsid=201304101035534430&ext=na
256,<시승기> 포드가 만든 독일車 ‘포커스 디젤’…연비는 기본·힘도 넘쳐,http://www.ajunews.com/common/redirect.jsp?newsId=20130307000252
257,"동급 최고의 연비 성능 갖춘 포드 '포커스 디젤', 집중 해부!",http://kr.aving.net/news/view.php?articleId=557424&Branch_ID=kr&rssid=naver&mn_name=news
258,"[시승]정통 유럽 디젤, 포드 포커스 2.0ℓ TDCi",http://autotimes.hankyung.com/apps/news.sub_view?popup=0&nid=08&c1=08&c2=08&c3=00&nkey=201302251138581
259,"포드 포커스 디젤, 유럽 디젤 파고 넘는다",http://autotimes.hankyung.com/apps/news.sub_view?popup=0&nid=03&c1=03&c2=03&c3=00&nkey=201302221509271
260,"“포드 포커스 작년 102만대 돌파, 글로벌 판매 1위”",http://view.heraldcorp.com/view.php?ud=20130410000444
261,<시승기> 포드가 만든 독일車 ‘포커스 디젤’…연비는 기본·힘도 넘쳐,http://www.ajunews.com/common/redirect.jsp?newsId=20130307000252
262,"동급 최고의 연비 성능 갖춘 포드 '포커스 디젤', 집중 해부!",http://kr.aving.net/news/view.php?articleId=557424&Branch_ID=kr&rssid=naver&mn_name=news
263,"[시승]정통 유럽 디젤, 포드 포커스 2.0ℓ TDCi",http://autotimes.hankyung.com/apps/news.sub_view?popup=0&nid=08&c1=08&c2=08&c3=00&nkey=201302251138581
264,"포드 포커스 디젤, 유럽 디젤 파고 넘는다",http://autotimes.hankyung.com/apps/news.sub_view?popup=0&nid=03&c1=03&c2=03&c3=00&nkey=201302221509271
265,[판 뒤흔들 카]동급 최고 연비 갖춘 포드 포커스디젤,http://www.asiae.co.kr/news/view.htm?idxno=2013021407564029240
266,"포드코리아, 몬데오·포커스·쿠가 디젤車로 전국 투어 진행",http://www.ajunews.com/view/20160503144148911
267,"포드 포커스 디젤 상륙! 골프, 떨고있니?",http://www.wowtv.co.kr/newscenter/news/view.asp?bcode=T30001000&artid=A201302070011
268,"포드코리아, '포커스 디젤' 판매강화 집중교육",http://www.edaily.co.kr/news/newspath.asp?newsid=02610886602680344
269,리터당 연비 17km...3천만원대 포드 '포커스' 출시,http://www.wowtv.co.kr/newscenter/news/view.asp?bcode=T30001000&artid=A201301170236
270,작년 글로벌 시장에서 제일 많이 팔린 차는? …포드 '포커스',http://www.hankyung.com/news/app/newsview.php?aid=201304103376g
271,<시승기> 포드가 만든 독일車 ‘포커스 디젤’…연비는 기본·힘도 넘쳐,http://www.ajunews.com/common/redirect.jsp?newsId=20130307000252
272,"동급 최고의 연비 성능 갖춘 포드 '포커스 디젤', 집중 해부!",http://kr.aving.net/news/view.php?articleId=557424&Branch_ID=kr&rssid=naver&mn_name=news
273,"[시승]정통 유럽 디젤, 포드 포커스 2.0ℓ TDCi",http://autotimes.hankyung.com/apps/news.sub_view?popup=0&nid=08&c1=08&c2=08&c3=00&nkey=201302251138581
274,"포드 포커스 디젤, 유럽 디젤 파고 넘는다",http://autotimes.hankyung.com/apps/news.sub_view?popup=0&nid=03&c1=03&c2=03&c3=00&nkey=201302221509271
275,[판 뒤흔들 카]동급 최고 연비 갖춘 포드 포커스디젤,http://www.asiae.co.kr/news/view.htm?idxno=2013021407564029240
276,"포드코리아, 몬데오·포커스·쿠가 디젤車로 전국 투어 진행",http://www.ajunews.com/view/20160503144148911
277,"포드 포커스 디젤 상륙! 골프, 떨고있니?",http://www.wowtv.co.kr/newscenter/news/view.asp?bcode=T30001000&artid=A201302070011
278,"포드코리아, '포커스 디젤' 판매강화 집중교육",http://www.edaily.co.kr/news/newspath.asp?newsid=02610886602680344
279,리터당 연비 17km...3천만원대 포드 '포커스' 출시,http://www.wowtv.co.kr/newscenter/news/view.asp?bcode=T30001000&artid=A201301170236
280,"포드코리아, 몬데오·포커스·쿠가 디젤車로 전국 투어 진행",http://www.ajunews.com/view/20160503144148911
281,"포드 포커스 디젤 상륙! 골프, 떨고있니?",http://www.wowtv.co.kr/newscenter/news/view.asp?bcode=T30001000&artid=A201302070011
282,"포드코리아, '포커스 디젤' 판매강화 집중교육",http://www.edaily.co.kr/news/newspath.asp?newsid=02610886602680344
283,리터당 연비 17km...3천만원대 포드 '포커스' 출시,http://www.wowtv.co.kr/newscenter/news/view.asp?bcode=T30001000&artid=A201301170236
284,"포드 정재희 대표 ""1리터로 17km 가는 포커스 디젤 1월 출시""",http://biz.chosun.com/site/data/html_dir/2012/12/10/2012121001116.html
285,"‘포드 디젤 몬데오-포커스-쿠가, 전국 시승 이벤트’ 개최",http://sports.hankooki.com/lpage/economy/201603/sp20160330104300136990.htm
286,"포드코리아, 몬데오·포커스·쿠가 디젤 3종 프로모션",http://www.gpkorea.com/bbs/board.php?bo_table=gp_motorsports&wr_id=14423
287,"포드코리아, 몬데오·포커스·쿠가 등 부품교환 연장",http://www.gpkorea.com/bbs/board.php?bo_table=gp_motorsports&wr_id=14396
288,포드 ‘포커스’ 전세계 판매 1위,http://www.fnnews.com/view?ra=Sent0601m_01A&corp=fnnews&arcid=201308200406100430610043&cDateYear=2013&cDateMonth=08&cDateDay=20&
289,포드 ‘포커스’ 전세계 판매 1위,http://www.fnnews.com/view?ra=Sent0601m_01A&corp=fnnews&arcid=201308200100172780009577&cDateYear=2013&cDateMonth=08&cDateDay=19&
290,"포드, ‘독일산’ 포커스 디젤 출시 “폭스바겐 골프 나와”",http://www.ebn.co.kr/news/n_view.html?id=586756
291,"포드 정재희 대표 ""1리터로 17km 가는 포커스 디젤 1월 출시""",http://biz.chosun.com/site/data/html_dir/2012/12/10/2012121001116.html
292,"‘포드 디젤 몬데오-포커스-쿠가, 전국 시승 이벤트’ 개최",http://sports.hankooki.com/lpage/economy/201603/sp20160330104300136990.htm
293,"포드코리아, 몬데오·포커스·쿠가 디젤 3종 프로모션",http://www.gpkorea.com/bbs/board.php?bo_table=gp_motorsports&wr_id=14423
294,"포드코리아, 몬데오·포커스·쿠가 등 부품교환 연장",http://www.gpkorea.com/bbs/board.php?bo_table=gp_motorsports&wr_id=14396
295,포드 ‘포커스’ 전세계 판매 1위,http://www.fnnews.com/view?ra=Sent0601m_01A&corp=fnnews&arcid=201308200406100430610043&cDateYear=2013&cDateMonth=08&cDateDay=20&
296,포드 ‘포커스’ 전세계 판매 1위,http://www.fnnews.com/view?ra=Sent0601m_01A&corp=fnnews&arcid=201308200100172780009577&cDateYear=2013&cDateMonth=08&cDateDay=19&
297,포드 포커스 UEFA 챔피언스 리그 결승전 관람 당첨자 발표,http://news.mk.co.kr/news_forward.php?domain=news&no=281144&year=2012
298,"포드 포커스, 미국선 아반떼 값 한국선 2배",http://www.mt.co.kr/view/mtview.php?type=1&no=2012050814484981189&outlink=1
299,포드 포커스 차량 제작 결함으로 리콜,http://www.greenpostkorea.co.kr/news/articleView.html?idxno=13258
300,"포드코리아, 포커스 디젤 모델 출시",http://news.mk.co.kr/news_forward.php?domain=news&no=41444&year=2013
301,"포드 정재희 대표 ""1리터로 17km 가는 포커스 디젤 1월 출시""",http://biz.chosun.com/site/data/html_dir/2012/12/10/2012121001116.html
302,"‘포드 디젤 몬데오-포커스-쿠가, 전국 시승 이벤트’ 개최",http://sports.hankooki.com/lpage/economy/201603/sp20160330104300136990.htm
303,"포드코리아, 몬데오·포커스·쿠가 디젤 3종 프로모션",http://www.gpkorea.com/bbs/board.php?bo_table=gp_motorsports&wr_id=14423
304,"포드코리아, 몬데오·포커스·쿠가 등 부품교환 연장",http://www.gpkorea.com/bbs/board.php?bo_table=gp_motorsports&wr_id=14396
305,포드 ‘포커스’ 전세계 판매 1위,http://www.fnnews.com/view?ra=Sent0601m_01A&corp=fnnews&arcid=201308200406100430610043&cDateYear=2013&cDateMonth=08&cDateDay=20&
306,포드 ‘포커스’ 전세계 판매 1위,http://www.fnnews.com/view?ra=Sent0601m_01A&corp=fnnews&arcid=201308200100172780009577&cDateYear=2013&cDateMonth=08&cDateDay=19&
307,포드 포커스 UEFA 챔피언스 리그 결승전 관람 당첨자 발표,http://news.mk.co.kr/news_forward.php?domain=news&no=281144&year=2012
308,"포드 포커스, 미국선 아반떼 값 한국선 2배",http://www.mt.co.kr/view/mtview.php?type=1&no=2012050814484981189&outlink=1
309,포드 포커스 차량 제작 결함으로 리콜,http://www.greenpostkorea.co.kr/news/articleView.html?idxno=13258
310,"포드 포커스, 미국선 아반떼 값 한국선 2배",http://www.mt.co.kr/view/mtview.php?type=1&no=2012050814484981189&outlink=1
311,포드 포커스 차량 제작 결함으로 리콜,http://www.greenpostkorea.co.kr/news/articleView.html?idxno=13258
312,"포드코리아, 포드 포커스 UEFA 챔피언스 리그 결승전 관람 이벤트",http://news.mk.co.kr/news_forward.php?domain=news&no=242460&year=2012
313,"포드코리아, 포커스 UEFA 챔피언스 리그",http://sports.chosun.com/news/ntype.htm?id=201203260100195180016307&servicedate=20120326
314,‘포드는 사랑을 싣고’포드 포커스 시승 이벤트 개최,http://www.segye.com/Articles/Car/Business/Article.asp?aid=20120312022217&subctg1=&subctg2=
315,[포토] 랠리카의 감성을 살린 랠리 이노베이션즈의 2017 포드 포커스 RS 튜닝카,http://autoin.edaily.co.kr/news/newspath.asp?newsid=01512086616093576
316,포드 포커스 `글로벌 베스트 셀링` 1위 선정,http://www.dt.co.kr/contents.html?article_no=2013041002019932781002
317,[CAR/시승기]포드코리아 ‘올 뉴 포커스’,http://news.donga.com/3/all/20111214/42600958/1
318,"포드, SNS로 ‘포커스 디젤’ 알린다!",http://www.ajunews.com/common/redirect.jsp?newsId=20130215000001
319,[카라이프/시승기]포드 올뉴포커스,http://www.asiae.co.kr/news/view.htm?idxno=2011111510095183198
320,"포드, SNS로 ‘포커스 디젤’ 알린다!",http://www.ajunews.com/common/redirect.jsp?newsId=20130215000001
321,"포드 포커스, 지난해 세계에서 가장 많이 팔려",http://autotimes.hankyung.com/apps/news.sub_view?popup=0&nid=04&c1=04&c2=04&c3=00&nkey=201304101149081
322,[카라이프/시승기]포드 올뉴포커스,http://www.asiae.co.kr/news/view.htm?idxno=2011111510095183198
323,글로벌 전기車 경쟁 본격화...포드 포커스 전기차 공개,http://www.etoday.co.kr/news/section/newsview.php?TM=news&SM=3001&idxno=498448
324,"포드, 최고 350마력 포커스 RS 양산 돌입",http://autotimes.hankyung.com/apps/news.sub_view?popup=0&nid=04&c1=04&c2=04&c3=00&nkey=201601172141071
325,[시승기] 유럽차 같은 미국차 '포드 올뉴 포커스'···골프 잡을까?,http://www.hankyung.com/news/app/newsview.php?aid=201110189335g
326,"[Driving] 포드 포커스, 디자인·정숙함 `미국차 틀` 깼다",http://news.mk.co.kr/news_forward.php?no=671701&year=2011
327,"포드코리아, 2013 포커스 디젤 출시",http://autotimes.hankyung.com/apps/news.sub_view?popup=0&nid=03&c1=03&c2=03&c3=00&nkey=201301171339351
328,포드 포커스 챌린지 시상식,https://news.naver.com/main/read.naver?mode=LSD&mid=sec&sid1=101&oid=001&aid=0005293952
329,"포드코리아, '포커스 챌린지: 코리아 루트 24' 우승 주인공은 누구?",http://kr.aving.net/news/view.php?articleId=209911&Branch_ID=kr&rssid=naver&mn_name=news
330,"포드코리아, “포커스 챌린지: 코리아 루트 24” 우승자 발표",http://news.mk.co.kr/news_forward.php?no=624356&year=2011
331,"포드코리아, '포커스챌린지:코리아루트 24' 2차 라운드 개최",http://kr.aving.net/news/view.php?articleId=209506&Branch_ID=kr&rssid=naver&mn_name=news
332,"포드, ‘올-뉴 포커스’ 공식 출시",http://www.ajnews.co.kr/common/redirect.jsp?newsId=20110920000095
333,"[시승기] 포드의 야심작 '올 뉴 포커스', 국내 시장에서 성공할 수 있을까?",http://kr.aving.net/news/view.php?articleId=209178&Branch_ID=kr&rssid=naver&mn_name=news
334,"‘포드 답지 않은 포드차’, 올뉴 포커스",http://biz.heraldm.com/common/redirect.jsp?category_id=010107041300&news_id=20110919000676
335,"포드코리아, ‘올-뉴 포커스’ 공식 출시",http://news.mk.co.kr/news_forward.php?no=605302&year=2011
336,"고연비로 올킬! 油테크의 갑, 포드 포커스",http://mbn.mk.co.kr/pages/news/newsView.php?news_seq_no=1310231
337,"포드코리아, '포커스 챌린지: 코리아 루트 24' 1차 라운드 개최",http://kr.aving.net/news/view.php?articleId=208979&Branch_ID=kr&rssid=naver&mn_name=news
338,"[시승기] 포드 포커스 디젤, 독일 토박이 '골프'에 도전",http://www.hankyung.com/news/app/newsview.php?aid=201302253514g
339,"[시승기] 포드 포커스, 미국물 빼고 '실용성' 채워",http://biz.chosun.com/site/data/html_dir/2011/09/07/2011090701086.html
340,"포드코리아, '올-뉴 포커스' 해치백과 세단 동시에 선보여",http://kr.aving.net/news/view.php?articleId=209122&Branch_ID=kr&rssid=naver&mn_name=news
341,"고연비로 올킬! 油테크의 갑, 포드 포커스",http://mbn.mk.co.kr/pages/news/newsView.php?news_seq_no=1310231
342,"포드코리아, '포커스 챌린지: 코리아 루트 24' 1차 라운드 개최",http://kr.aving.net/news/view.php?articleId=208979&Branch_ID=kr&rssid=naver&mn_name=news
343,"[시승기] 포드 포커스 디젤, 독일 토박이 '골프'에 도전",http://www.hankyung.com/news/app/newsview.php?aid=201302253514g
344,"[시승기] 포드 포커스, 미국물 빼고 '실용성' 채워",http://biz.chosun.com/site/data/html_dir/2011/09/07/2011090701086.html
345,[시승기] 미국車의 매혹적인 변신..포드 ′올 뉴 포커스′,http://sports.chosun.com/news/ntype.htm?id=201109080100054710004415&servicedate=20110907
346,"[시승]유럽형 미국차, 포드 포커스",http://www.autotimes.co.kr/article_view.php?id=128295
347,[시승기]미국車의 매혹적인 변신..포드 ′올 뉴 포커스′,http://osen.mt.co.kr/news/view.html?gid=G1109060277
348,"포드 올뉴 포커스, 아반떼 두 대 값어치 할까?",http://news.mk.co.kr/news_forward.php?no=580630&year=2011
349,포드 ″하반기 ′뉴 포커스′에 올인..내년 최다 신차 출시″,http://sports.chosun.com/news/ntype.htm?id=201109070100044120003525&servicedate=20110906
350,"포드코리아, '포커스 챌린지: 코리아 루트 24' 1차 라운드 개최",http://kr.aving.net/news/view.php?articleId=208979&Branch_ID=kr&rssid=naver&mn_name=news
351,"[시승기] 포드 포커스 디젤, 독일 토박이 '골프'에 도전",http://www.hankyung.com/news/app/newsview.php?aid=201302253514g
352,"[시승기] 포드 포커스, 미국물 빼고 '실용성' 채워",http://biz.chosun.com/site/data/html_dir/2011/09/07/2011090701086.html
353,[시승기] 미국車의 매혹적인 변신..포드 ′올 뉴 포커스′,http://sports.chosun.com/news/ntype.htm?id=201109080100054710004415&servicedate=20110907
354,"[시승]유럽형 미국차, 포드 포커스",http://www.autotimes.co.kr/article_view.php?id=128295
355,[시승기]미국車의 매혹적인 변신..포드 ′올 뉴 포커스′,http://osen.mt.co.kr/news/view.html?gid=G1109060277
356,"포드 올뉴 포커스, 아반떼 두 대 값어치 할까?",http://news.mk.co.kr/news_forward.php?no=580630&year=2011
357,포드 ″하반기 ′뉴 포커스′에 올인..내년 최다 신차 출시″,http://sports.chosun.com/news/ntype.htm?id=201109070100044120003525&servicedate=20110906
358,포드 야심작 `올-뉴 포커스`,http://www.dt.co.kr/contents.html?article_no=2011090602011332781003
359,유럽車 이어 포드도 '가격파괴'…2000만원대 '뉴 포커스' 상륙,http://www.hankyung.com/news/app/newsview.php?aid=2011090508511
360,"[시승기] 포드 포커스, 미국물 빼고 '실용성' 채워",http://biz.chosun.com/site/data/html_dir/2011/09/07/2011090701086.html
361,[시승기] 미국車의 매혹적인 변신..포드 ′올 뉴 포커스′,http://sports.chosun.com/news/ntype.htm?id=201109080100054710004415&servicedate=20110907
362,"[시승]유럽형 미국차, 포드 포커스",http://www.autotimes.co.kr/article_view.php?id=128295
363,[시승기]미국車의 매혹적인 변신..포드 ′올 뉴 포커스′,http://osen.mt.co.kr/news/view.html?gid=G1109060277
364,"포드 올뉴 포커스, 아반떼 두 대 값어치 할까?",http://news.mk.co.kr/news_forward.php?no=580630&year=2011
365,포드 ″하반기 ′뉴 포커스′에 올인..내년 최다 신차 출시″,http://sports.chosun.com/news/ntype.htm?id=201109070100044120003525&servicedate=20110906
366,포드 야심작 `올-뉴 포커스`,http://www.dt.co.kr/contents.html?article_no=2011090602011332781003
367,유럽車 이어 포드도 '가격파괴'…2000만원대 '뉴 포커스' 상륙,http://www.hankyung.com/news/app/newsview.php?aid=2011090508511
368,"포드 ""한국 준중형차 나와라""…올뉴 포커스 출시",http://news.mk.co.kr/news_forward.php?no=578133&year=2011
369,"정재희 포드세일즈 대표 ""신형 포커스 올해 500대 판매할 것""",http://biz.chosun.com/site/data/html_dir/2011/09/05/2011090501483.html
370,"포드 ""뉴포커스, 올해 500대 팔겠다""",http://www.moneytoday.co.kr/view/mtview.php?type=1&no=2011090514173911669&outlink=1
371,"그린카, 교황 타는 포드 포커스·쏘울 50% 할인",http://www.greenpostkorea.co.kr/news/articleView.html?idxno=39825
372,"포드코리아, “포커스 챌린지: 코리아 루트 24” 이벤트",http://sports.khan.co.kr/news/sk_index.html?cat=view&art_id=201109041539414&sec_id=563002&pt=nv
373,포드 포커스 랠리에 영화배우 하석진 등 6명 출사표,http://www.edaily.co.kr/news/newspath.asp?newsid=01521926596352240
374,"출시 임박 포드 포커스, 최지우 애마로 드라마에 첫 선",http://www.edaily.co.kr/news/newspath.asp?newsid=01656406596350600
375,"[올댓오토]포드코리아, '포커스 챌린지:코리아 루트 24' 개최",http://news.kukinews.com/article/view.asp?page=1&gCode=eco&arcid=0005237974&cp=nv
376,"포드코리아, 포커스 챌린지-코리아 루트 24' 개최",http://www.cbs.co.kr/nocut/Show.asp?IDX=1881773
377,"포드, 2990만원짜리 ‘포커스 디젤’ 출시…골프 정조준",http://www.newspim.com/common/redirect.jsp?newsId=20130117000840
378,[포토]랠리카의 DNA를 가진 포드 포커스ST,http://www.edaily.co.kr/news/newspath.asp?newsid=01095526599723096
379,[시승기] 미국차의 진가를 보여주마...포드 ‘포커스 디젤’,http://www.asiatoday.co.kr/view.php?key=20140630010017483
380,포드 ‘올 뉴 포커스’ 드라마로 첫 선,http://www.ajnews.co.kr/common/redirect.jsp?newsId=20110824000459
381,"[올댓오토]포드코리아, '포커스 챌린지:코리아 루트 24' 개최",http://news.kukinews.com/article/view.asp?page=1&gCode=eco&arcid=0005237974&cp=nv
382,"포드코리아, 포커스 챌린지-코리아 루트 24' 개최",http://www.cbs.co.kr/nocut/Show.asp?IDX=1881773
383,"포드, 2990만원짜리 ‘포커스 디젤’ 출시…골프 정조준",http://www.newspim.com/common/redirect.jsp?newsId=20130117000840
384,[포토]랠리카의 DNA를 가진 포드 포커스ST,http://www.edaily.co.kr/news/newspath.asp?newsid=01095526599723096
385,[시승기] 미국차의 진가를 보여주마...포드 ‘포커스 디젤’,http://www.asiatoday.co.kr/view.php?key=20140630010017483
386,"포드코리아 ""포커스 등 올해 총 6개 신차 출격""",http://www.asiatoday.co.kr/view.php?key=20150105010001531
387,"포드코리아, 서울모터쇼에서 포커스 첫 공개",http://www.khan.co.kr/kh_news/art_view.html?artid=201103311208201&code=920508
388,"포드코리아, '포커스` 앞세워 월 판매 500대 돌파",http://www.edaily.co.kr/news/newspath.asp?newsid=02315686599625680
389,"美 포드 ""소형차 포커스 한국에 팔겠다""",http://www.hankyung.com/news/app/newsview.php?aid=2011013079341
390,"포드, '포커스 챌린지' 랠리 참가자 모집",http://www.moneytoday.co.kr/view/mtview.php?type=1&no=2011080814251556242&outlink=1
391,"포드, 2990만원짜리 ‘포커스 디젤’ 출시…골프 정조준",http://www.newspim.com/common/redirect.jsp?newsId=20130117000840
392,[포토]랠리카의 DNA를 가진 포드 포커스ST,http://www.edaily.co.kr/news/newspath.asp?newsid=01095526599723096
393,[시승기] 미국차의 진가를 보여주마...포드 ‘포커스 디젤’,http://www.asiatoday.co.kr/view.php?key=20140630010017483
394,"포드코리아 ""포커스 등 올해 총 6개 신차 출격""",http://www.asiatoday.co.kr/view.php?key=20150105010001531
395,"포드코리아, 서울모터쇼에서 포커스 첫 공개",http://www.khan.co.kr/kh_news/art_view.html?artid=201103311208201&code=920508
396,"포드코리아, '포커스` 앞세워 월 판매 500대 돌파",http://www.edaily.co.kr/news/newspath.asp?newsid=02315686599625680
397,"美 포드 ""소형차 포커스 한국에 팔겠다""",http://www.hankyung.com/news/app/newsview.php?aid=2011013079341
398,"포드, CES 2011서 '포커스' 전기자동차 공개",http://www.idg.co.kr/newscenter/common/newCommonView.do?newsId=63836
399,"포드, 포커스로 준중형 시장 겨낭",http://www.autotimes.co.kr/article_view.php?id=99881
400,"포드코리아, '포커스` 앞세워 월 판매 500대 돌파",http://www.edaily.co.kr/news/newspath.asp?newsid=02315686599625680
401,"美 포드 ""소형차 포커스 한국에 팔겠다""",http://www.hankyung.com/news/app/newsview.php?aid=2011013079341
402,"포드, CES 2011서 '포커스' 전기자동차 공개",http://www.idg.co.kr/newscenter/common/newCommonView.do?newsId=63836
403,"포드, 포커스로 준중형 시장 겨낭",http://www.autotimes.co.kr/article_view.php?id=99881
404,"포드 포커스, 295대 리콜 실시",http://www.newspim.com/common/redirect.jsp?newsId=20120429000110
405,[파리모터쇼] 포드 포커스 ST,http://www.autotimes.co.kr/article_view.php?id=90822
406,"포드, 포커스 페이스북 프렌즈 대상..시승 이벤트",http://osen.mt.co.kr/news/view.html?gid=G1010010141
407,포드 '포커스'타고 챔스 결승전 간다,http://www.newdaily.co.kr/news/article.html?no=112098
408,"포드, 신형 포커스 유럽 시승 글로벌 이벤트 참가자 모집",http://www.segye.com/Articles/NEWS/ECONOMY/Article.asp?aid=20100930004426&subctg1=&subctg2=
409,포드 포커스 UEFA 챔피언스 리그 결승전 관람 이벤트,http://sports.khan.co.kr/news/sk_index.html?cat=view&art_id=201204201206033&sec_id=561901&pt=nv
410,"포드, ´신형 포커스´ 유럽 시승 이벤트 참가자 모집",http://www.ebn.co.kr/news/n_view.html?id=458669
411,"포드, 신형 포커스 유럽 시승 글로벌 이벤트 참가자 모집",http://www.segye.com/Articles/NEWS/ECONOMY/Article.asp?aid=20100930004426&subctg1=&subctg2=
412,포드 포커스 UEFA 챔피언스 리그 결승전 관람 이벤트,http://sports.khan.co.kr/news/sk_index.html?cat=view&art_id=201204201206033&sec_id=561901&pt=nv
413,"포드 포커스, 미국에서 리콜 실시",http://autotimes.hankyung.com/apps/news.sub_view?popup=0&nid=03&c1=03&c2=03&c3=00&nkey=201204091307411
414,"포드코리아, 포커스 UEFA 챔피언스 리그 이벤트 진행",http://sports.khan.co.kr/news/sk_index.html?cat=view&art_id=201203262143454&sec_id=563002&pt=nv
415,"포드, SNS 활용한 ‘포커스’ 시승 이벤트",http://biz.heraldm.com/common/redirect.jsp?category_id=010107041300&news_id=20120312000472
416,"[미리보는 CES 2012] 포드, 포커스 일렉트릭에 최적화된 '마이포드 모바일' 선보여",http://kr.aving.net/news/view.php?articleId=238023&Branch_ID=kr&rssid=naver&mn_name=news
417,"[2010 디트로이트 모터쇼] 포드, '신형 포커스' 공개…""내년 한국 출시""",http://www.hankyung.com/news/app/newsview.php?aid=201001112147g
418,"[시승기]포드 포커스 디젤, 골프와 비교해도 손색없는 해치백",http://www.ebn.co.kr/news/n_view.html?id=644712
419,포드 포커스 챌린지 시상식,https://news.naver.com/main/read.naver?mode=LSD&mid=sec&sid1=101&oid=001&aid=0005293954
420,"포드, SNS 활용한 ‘포커스’ 시승 이벤트",http://biz.heraldm.com/common/redirect.jsp?category_id=010107041300&news_id=20120312000472
421,"[미리보는 CES 2012] 포드, 포커스 일렉트릭에 최적화된 '마이포드 모바일' 선보여",http://kr.aving.net/news/view.php?articleId=238023&Branch_ID=kr&rssid=naver&mn_name=news
422,"[2010 디트로이트 모터쇼] 포드, '신형 포커스' 공개…""내년 한국 출시""",http://www.hankyung.com/news/app/newsview.php?aid=201001112147g
423,"[시승기]포드 포커스 디젤, 골프와 비교해도 손색없는 해치백",http://www.ebn.co.kr/news/n_view.html?id=644712
424,포드 포커스 챌린지 시상식,https://news.naver.com/main/read.naver?mode=LSD&mid=sec&sid1=101&oid=001&aid=0005293954
425,가수 브라이언 포드자동차 주최 '포커스 챌린지' 최종 우승,http://www.fnnews.com/view?ra=Sent0601m_01A&corp=fnnews&arcid=110927115158&cDateYear=2011&cDateMonth=09&cDateDay=27&
426,"포드코리아, '포커스 챌린지: 코리아 루트' 2차 라운드 개최",https://news.naver.com/main/read.naver?mode=LSD&mid=sec&sid1=101&oid=003&aid=0004095483
427,"포드코리아, 올 뉴 포커스 공식 출시",https://news.naver.com/main/read.naver?mode=LSD&mid=sec&sid1=101&oid=011&aid=0002182532
428,"최지우의 그車, 포드 올뉴 포커스 상륙",http://biz.heraldm.com/common/redirect.jsp?category_id=010107041300&news_id=20110906000173
429,"포드, ‘포커스 챌린지 코리아 루트 24’ 이벤트 진행",http://www.ajnews.co.kr/common/redirect.jsp?newsId=20110904000123
430,"포드, ‘포커스 챌린지 코리아 루트 24’ 이벤트 진행",http://www.ajnews.co.kr/common/redirect.jsp?newsId=20110904000123
431,"포드 포커스, 글로벌 베스트셀링 1위 자리 지켜",http://news.mk.co.kr/news_forward.php?domain=news&no=1035380&year=2013
432,"포드, MBC 드라마에 포커스 협찬",http://www.autotimes.co.kr/article_view.php?id=127430
433,포드 '포커스 챌린지' 우승자에 차량 전달,http://www.moneytoday.co.kr/view/mtview.php?type=1&no=2011092715433151948&outlink=1
434,포드코리아 '포커스 챌린지: 코리아 루트 24' 개막,https://news.naver.com/main/read.naver?mode=LSD&mid=sec&sid1=101&oid=003&aid=0004081369
435,포드 올 뉴 포커스를 타고 서울을 질주하라,https://news.naver.com/main/read.naver?mode=LSD&mid=sec&sid1=101&oid=003&aid=0004081357
436,‘홍수아ㆍ최여진과 로드 랠리를’… 포드 포커스 챌린지 개최,http://www.ajnews.co.kr/common/redirect.jsp?newsId=20110808000525
437,"포드 ""소형차에 포커스 맞춘다""",http://www.moneytoday.co.kr/view/mtview.php?type=1&no=2009050708481547550&outlink=1
438,[서울모터쇼] 포드 포커스 디젤 “연비·몸매 둘다 착하네”,http://www.ebn.co.kr/news/n_view.html?id=597647
439,"포드, 차세대 플래그십 소형차 '포드 올 뉴 포커스' 선보여",http://kr.aving.net/news/view.php?articleId=192499&Branch_ID=kr&rssid=naver&mn_name=news
440,"포드코리아, '포커스 챌린지: 코리아루트24' 이벤트 실시",http://www.moneytoday.co.kr/view/mtview.php?type=1&no=2011090413570875878&outlink=1
441,"[올댓오토] 포드 올-뉴 포커스, 최지우 드라마에 첫 선",http://news.kukinews.com/article/view.asp?page=1&gCode=cul&arcid=0005284334&cp=nv
442,‘홍수아ㆍ최여진과 로드 랠리를’… 포드 포커스 챌린지 개최,http://www.ajnews.co.kr/common/redirect.jsp?newsId=20110808000525
443,"포드 ""소형차에 포커스 맞춘다""",http://www.moneytoday.co.kr/view/mtview.php?type=1&no=2009050708481547550&outlink=1
444,[서울모터쇼] 포드 포커스 디젤 “연비·몸매 둘다 착하네”,http://www.ebn.co.kr/news/n_view.html?id=597647
445,"포드, 차세대 플래그십 소형차 '포드 올 뉴 포커스' 선보여",http://kr.aving.net/news/view.php?articleId=192499&Branch_ID=kr&rssid=naver&mn_name=news
446,"<2011 서울모터쇼> 포드, 첫 소형차 '포커스' 공개… ""연말께 출시""",http://www.ajnews.co.kr/common/redirect.jsp?newsId=20110328000002
447,"포드 야생마 브롱코, 내달 24년 만에 부활...숏바디 모델도 투입",http://www.autodaily.co.kr/news/articleView.html?idxno=416596
448,"포드코리아, '포커스 디젤' 출시기념 페이스북 경품 이벤트",http://www.edaily.co.kr/news/newspath.asp?newsid=02246806602710520
449,포드 “내년 ‘포커스’ 한국 출시”,http://www.donga.com/fbin/output?n=200805190029
450,"포드코리아, '포커스 디젤' 출시기념 페이스북 경품 이벤트",http://www.edaily.co.kr/news/newspath.asp?newsid=02246806602710520
451,포드 “내년 ‘포커스’ 한국 출시”,http://www.donga.com/fbin/output?n=200805190029
452,[시승기] “아반떼와 비교할 수 없는 맛” 포드 포커스 디젤,http://economy.donga.com/dongAuto/3/0111/20130329/54058420/2
453,[포토]유명 레이서를 위한 포드 포커스ST 튜닝카,http://www.edaily.co.kr/news/newspath.asp?newsid=01102086599723096
454,[포토]포드 포커스ST 스티다 오토스포츠 에디션,http://www.edaily.co.kr/news/newspath.asp?newsid=01105366599723096
455,"[모터쇼]포드의 고성능 해치백, 신형 포커스 RS",http://autotimes.hankyung.com/apps/news.sub_view?popup=0&nid=04&c1=04&c2=04&c3=00&nkey=201503062336471
456,"[동영상 시승기] 포드 ‘포커스’, 가격 대비 성능은 글쎄..",http://www.fnnews.com/view?ra=Sent0601m_01A&corp=fnnews&arcid=201302240100205690011794&cDateYear=2013&cDateMonth=02&cDateDay=24&
457,포드 포커스，中서 23만여대 리콜,http://www.fnnews.com/view?ra=Sent1101m_01A&corp=fnnews&arcid=0922001662&cDateYear=2010&cDateMonth=06&cDateDay=01&
458,포드 소형차 포커스 14만대 리콜,http://www.newstomato.com/ReadNews.aspx?no=240323
459,"포드, 3D 프린트 '휠 너트 보안 장치' 개발...도난 걱정 `NO`",http://www.gpkorea.com/news/articleView.html?idxno=61537
460,"포드, 3D 프린팅 이용한 휠 너트 보안 장치 개발",http://www.thedrive.co.kr/news/newsview.php?ncode=1065586576395373
461,"포드, 2,950만원 포커스 디젤로 골프 잡는다",http://autotimes.hankyung.com/apps/news.sub_view?popup=0&nid=03&c1=03&c2=03&c3=00&nkey=201212241533341
462,"350마력 괴물 해치백, 포드 ‘포커스 RS500’ 공개",http://mnm.seoul.co.kr/news/newsView.php?id=20100412040007
463,‘인터내셔널 엔진 오브 더 이어’ 포드 포커스 1ℓ엔진 선정돼,http://www.segye.com/Articles/Car/Business/Article.asp?aid=20120614023595&subctg1=&subctg2=
464,포드 포커스 295대 리콜…와이퍼 작동 불량,http://sbscnbc.sbs.co.kr/read.jsp?pmArticleId=10000438379
465,"포드 '포커스', 와이퍼 불량 295대 리콜",http://www.newstomato.com/ReadNews.aspx?no=245814
466,포드 포커스 시승하면 UEFA 챔피언리그 결승전 관람기회를,http://www.fnnews.com/view?ra=Sent0601m_01A&corp=fnnews&arcid=201204200100180090010844&cDateYear=2012&cDateMonth=04&cDateDay=20&
467,"포드코리아, 링컨 MKZ·포드포커스 72개월 장기할부",http://www.newspim.com/common/redirect.jsp?newsId=20150515000208
468,포드코리아 `포커스 챌린지 코리아 루트 24` 수상식 진행,http://www.dt.co.kr/contents.html?article_no=2011100302019932718009
469,"美 중고차 없애고 바꾼 새차…포드 '포커스'가 1위, 엘란트가 7위",http://www.hankyung.com/news/app/newsview.php?aid=2009080577221
470,"""어! 비가 와도 와이퍼 작동 안되네"" 포드 포커스 리콜",http://news1.kr/articles/648928
471,포드 포커스 시승하면 UEFA 챔피언리그 결승전 관람기회를,http://www.fnnews.com/view?ra=Sent0601m_01A&corp=fnnews&arcid=201204200100180090010844&cDateYear=2012&cDateMonth=04&cDateDay=20&
472,"포드코리아, 링컨 MKZ·포드포커스 72개월 장기할부",http://www.newspim.com/common/redirect.jsp?newsId=20150515000208
473,포드코리아 `포커스 챌린지 코리아 루트 24` 수상식 진행,http://www.dt.co.kr/contents.html?article_no=2011100302019932718009
474,"美 중고차 없애고 바꾼 새차…포드 '포커스'가 1위, 엘란트가 7위",http://www.hankyung.com/news/app/newsview.php?aid=2009080577221
475,"포드코리아, '포커스 챌린지: 코리아 루트 24' 최종 우승자 발표",https://news.naver.com/main/read.naver?mode=LSD&mid=sec&sid1=101&oid=003&aid=0004101691
476,"포드코리아, '포커스 챌린지:코리아 루트 24' 2차 라운드 개최",https://news.naver.com/main/read.naver?mode=LSD&mid=sec&sid1=101&oid=001&aid=0005281233
477,"포드, 포커스·이스케이프 배선결함 16만대 리콜",http://www.gpkorea.com/bbs/board.php?bo_table=gp_motorsports&wr_id=10393
478,"포드, `포커스`·`이스케이프` 16만대 리콜..배선결함",http://www.edaily.co.kr/news/newspath.asp?newsid=01620326606188304
479,포드 '포커스' 타고 시승이벤트 즐기세요,http://www.moneytoday.co.kr/view/mtview.php?type=1&no=2012031210334390422&outlink=1
480,"포드, 포커스·이스케이프 배선결함 16만대 리콜",http://www.gpkorea.com/bbs/board.php?bo_table=gp_motorsports&wr_id=10393
481,"포드, `포커스`·`이스케이프` 16만대 리콜..배선결함",http://www.edaily.co.kr/news/newspath.asp?newsid=01620326606188304
482,포드 '포커스' 타고 시승이벤트 즐기세요,http://www.moneytoday.co.kr/view/mtview.php?type=1&no=2012031210334390422&outlink=1
483,"배우 최지우, '포드 포커스' 탄다",http://www.hankyung.com/news/app/newsview.php?aid=201108248293g
484,2013 포드 포커스 쿠페 디자인 스터디 공개,http://news.mk.co.kr/news_forward.php?no=470829&year=2011
485,"포드, 신형 포커스 ST 공개",http://autotimes.hankyung.com/apps/news.sub_view?popup=0&nid=04&c1=04&c2=04&c3=00&nkey=201406270946041
486,"포드 ""설 연휴 포커스·몬데오·쿠가 5일간 시승하세요""",http://www.asiatoday.co.kr/view.php?key=20160126010016838
487,"포드코리아, 준중형차 '올뉴 포커스' 세단·해치백 동시 출시",http://biz.chosun.com/site/data/html_dir/2011/09/19/2011091901117.html
488,"IT로 무장한 스마트 한 준중형차, 포드 포커스",http://www.etnews.com/201109080084
489,"포드, 포커스 랠리 참가 스타 6명 선정",http://www.newspim.com/common/redirect.jsp?newsId=20110829000093
490,"아반떼, 미국 안방서 포드 포커스 따라잡는다",http://www.heraldbiz.com/SITE/data/html_dir/2008/07/25/200807250121.asp
491,"포드코리아, 페이스북서 포커스 디젤 출시기념 행사",http://www.etnews.com/news/home_mobile/automobile/2721288_1485.html
492,"선인자동차 ""설 연휴는 포드 포커스·쿠가 시승차로""",http://www.gpkorea.com/bbs/board.php?bo_table=gp_motorsports&wr_id=14262
493,독일 공장서 만든 포드 ‘포커스 디젤’,http://news.donga.com/3/all/20130117/52402341/1
494,"포드, ‘포커스 챌린지의 주인공은 나’",http://www.newspim.com/common/redirect.jsp?newsId=20110930000361
495,"[포토엔]브라이언-호란-박은지, 잘빠진 포드와 함께~‘포커스 챌린지 코리아 루트24’",http://www.newsen.com/news_view.php?uid=201109231008051001
496,[나이트포커스] 여야 대선주자 4인...첫 TV토론 성적표는?,https://www.ytn.co.kr/_ln/0101_202202032306451537
497,[자동차플러스] 포드 포커스 페이스북 시승행사,http://www.seoul.co.kr/news/newsView.php?id=20101009024011
498,포드 泰에 $4억5000만 투자 생산공장 건설...2012년부터 포커스 생산,http://www.newspim.com/sub_view.php?cate1=4&cate2=1&news_id=372135
499,"포드 포커스 모델, 최신 시스템 적용",http://news.mk.co.kr/news_forward.php?no=731607&year=2010
