,title,url
0,"애플, 포드 베테랑 엔지니어 영입...“애플카 프로젝트 참여”",https://biz.chosun.com/international/international_economy/2022/05/04/ULGIPK5IXRG35PMDJSSI5A33RM/?utm_source=naver&utm_medium=original&utm_campaign=biz
1,"애플, 포드 출신 전문가 영입…애플카 탄력받나",http://www.digitaltoday.co.kr/news/articleView.html?idxno=444249
2,"애플, 'i 카' 개발 박차...포드의 자율주행 전문가 영입",http://www.getnews.co.kr/news/articleView.html?idxno=583012
3,"포드 머스탱. 이스케이프, 화재 발생 우려로 34만5천여대 리콜",http://www.autodaily.co.kr/news/articleView.html?idxno=432645
4,포드 73만여대 리콜…누유 화재·제동 불량,https://news.koreadaily.com/2022/04/03/economy/car/20220403192432339.html
5,"포드, 북미서 73만대 리콜..누유에 브레이크 미작동 위험!",http://www.dailycar.co.kr/content/news.html?type=view&autoId=43661
6,[리뷰] 세련된 스타일로 다시 태어난 포드 이스케이프,http://www.hankookilbo.com/news/npath/201905070700011584?did=NA
7,"애플, 포드 임원 전격 영입...애플카 출시 속도낸다",http://www.g-enews.com/ko-kr/news/article/news_all/20220506133856674914fb262fcb_1/article.html
8,"삼성SDI, 美서 포드. 지프 PHEV에 탑재된 배터리 모듈 1,163개 자발적 리콜",http://www.autodaily.co.kr/news/articleView.html?idxno=431654
9,"부분 변경된 '포드 이스케이프', 스몰 오버랩 완전 극복은 어려운가?",http://www.kbench.com/?q=node/166192
10,"부분 변경된 '포드 이스케이프', 스마트폰으로 문 잠그고 시동 건다",http://www.kbench.com/?q=node/157238
11,Urban Lifestyle SUV…포드 이스케이프 vs 토요타 RAV-4,http://news.mk.co.kr/news_forward.php?domain=news&no=584923&year=2013
12,"""포드 SUV의 재발견, 이스케이프""",http://www.mt.co.kr/view/mtview.php?type=1&no=2013050209413921665&outlink=1
13,"포드코리아, 이스케이프와 퓨전으로 시장공략",http://autotimes.hankyung.com/apps/news.sub_view?popup=0&nid=03&c1=03&c2=03&c3=00&nkey=201304152354301
14,포드 '이스케이프' 차량결함으로 '또 리콜',http://news1.kr/articles/880564
15,"김여사의 '포드 이스케이프', 운전이 두렵지 않다",http://www.edaily.co.kr/news/newspath.asp?newsid=01551446599698168
16,"나는야 `똑똑한 SUV`, 포드 이스케이프",http://www.etnews.com/news/home_mobile/automobile/2659144_1485.html
17,포드이스케이프 구입하면 휴가비 230만원 지원,http://www.nspna.com/news/index.html?mode=view&cate1_id=14&cate2_id=122&number=15518
18,7일 LG트윈스 경기에 포드 ‘이스케이프’ 경품 제공,http://www.etnews.co.kr/news/detail.html?id=200904070071
19,"포드차, '플러그인' 이스케이프 SUV 생산 내년으로 미뤄",http://www.newspim.com/news/view/20201014000933
20,"포드, 이스케이프 SUV 자율주행 발표...4세대 모델 현장테스트",http://www.aitimes.com/news/articleView.html?idxno=132985
21,자율주행차로 상품 배송 현실화(?)..포드·월마트·아르고AI ‘맞손’,http://www.dailycar.co.kr/content/news.html?type=view&autoId=40959
22,'포드-보쉬' 美 디트로이트 차고서 자율주차·충전 테스트 예고,http://www.gpkorea.com/news/articleView.html?idxno=76733
23,"[머니네버슬립] 포드·리프트, 美 자율주행 택시 1000대 보급",https://www.paxnetnews.com/articles/76541
24,"[글로벌-Biz 24] 포드, 신형 이스케이프 하반기 북미에 선봬",http://www.g-enews.com/ko-kr/news/article/news_all/20190428043145832850cb531085_1/article.html
25,"포드, 준중형 SUV '올-뉴 이스케이프' 공개",http://news.mtn.co.kr/newscenter/news_viewer.mtn?gidx=2019042614294866246
26,"포드, 신형 이스케이프 공개...터보 및 하이브리드 엔진 탑재",http://www.gpkorea.com/news/articleView.html?idxno=50010
27,"애플, 31년 경력 포드 임원 우즈카세비치 영입",http://www.g-enews.com/ko-kr/news/article/news_all/202205061342233859e8b8a793f7_1/article.html
28,"포드, 소형 픽업 '매버릭' 공개...美 2230만원부터",http://www.gpkorea.com/news/articleView.html?idxno=74893
29,"포드, 신형 이스케이프 티저 이미지 공개...내달 2일 데뷔",http://www.gpkorea.com/news/articleView.html?idxno=49816
30,"반도체 부족 포드, 북미 공장 8곳 또 생산 감축·중단",http://www.newsis.com/view/?id=NISX20210520_0001446548&cID=10101&pID=10100
31,기아 쏘울·포드 이스케이프·벤츠 E300 등 9167대 리콜,http://www.asiatoday.co.kr/view.php?key=20171116010008581
32,"포드, '변속기 시프터 부싱' 결함 북미지역서 이스케이프퓨전 55만대 리콜",http://www.g-enews.com/ko-kr/news/article/news_all/201807191046571214d6eb469fd3_1/article.html
33,"반도체 부족 포드, 6개 자동차 공장서 감산",http://it.chosun.com/site/data/html_dir/2021/04/01/2021040101332.html
34,"[시승기] 포드 쿠가≠이스케이프, 스페인에서 건너온 포드의 디젤 SUV",http://www.kbench.com/?q=node/158055
35,"포드, 신형 이스케이프 SUV 눈길",http://www.koreadaily.com/news/read.asp?art_id=3841384
36,"국토부, 지프 랭글러·벤츠 C클래스·포드 이스케이프 등 29개 차종 리콜",http://www.enewstoday.co.kr/news/articleView.html?idxno=1170491
37,"포드 신형 엣지, 자동차 안전도는 한국서 파는 이스케이프보다 훨씬 낫다",http://www.kbench.com/?q=node/155782
38,"포드 주력 차종 익스플로어, 이스케이프 자발적 리콜 외",http://www.gpkorea.com/bbs/board.php?bo_table=gp_motorsports&wr_id=12841
39,"포드코리아, 단종될 '퓨전·이스케이프' 2월 판매 ↓…가격할인 '유혹'",http://www.ebn.co.kr/news/view/743328
40,"포드 이스케이프, 랜드로버 레인지로버 등 9700여대 '리콜'",http://www.fnnews.com/news/201510070943298996
41,[신차와 역사] 포드의 ‘똑똑한 SUV’ 이스케이프,http://www.khan.co.kr/kh_news/art_view.html?artid=201410141513182&code=920508
42,"포드, 퓨전·이스케이프 85만대 리콜…에어백 결함",http://biz.newdaily.co.kr/news/article.html?no=10048734
43,"포드, `포커스`·`이스케이프` 16만대 리콜..배선결함",http://www.edaily.co.kr/news/newspath.asp?newsid=01620326606188304
44,포드 '이스케이프'·랜드로버 '레인지로버' 리콜,http://www.newscj.com/news/articleView.html?idxno=241521
45,레인지로버·포드 이스케이프 '리콜',http://www.kyeongin.com/?mod=news&act=articleView&idxno=860396
46,"포드, 피에스타 및 이스케이프에 '싱크3' 적용, 한글 표시 해결될까?",http://www.kbench.com/?q=node/151398
47,포드·폭스바겐이 투자한 아르고 AI..레벨4 자율주행 기술 도입 눈앞,http://www.dailycar.co.kr/content/news.html?type=view&autoId=38912
48,"전기차로 가는 다리, 미쓰비시 아웃랜더 PHEV vs. 토요타 라브4 프라임",https://www.motortrendkorea.com/sub/view.html?no=5775&cate1Name=WHICHCAR
49,"<시승기> 경쾌하고 날쌘 SUV, 포드의 '이스케이프'",https://news.naver.com/main/read.naver?mode=LSD&mid=sec&sid1=101&oid=001&aid=0006560709
50,포드 이스케이프 리콜…올해만 세번째,http://www.greenpostkorea.co.kr/news/articleView.html?idxno=22257
51,"포드 '올 뉴이스케이프', 엔진 결함으로 287대 리콜",http://news1.kr/articles/944985
52,"포드, 북미서 이스케이프·퓨전 8만9000대 리콜",http://news1.kr/articles/916851
53,"포드 '이스케이프', 실내 좁고 주행성능 딸려…3000만원 초반 가격도 '글쎄'",http://www.hankyung.com/news/app/newsview.php?aid=2012110973271
54,"[시승기] 포드 이스케이프, 편의·섬세함 살리고 연비는 포기",http://biz.chosun.com/site/data/html_dir/2012/10/24/2012102400608.html
55,"[시승기]포드 '올뉴 이스케이프', 다운사우징에도 힘은 그대로",http://www.edaily.co.kr/news/newspath.asp?newsid=01882726599695872
56,[시승기]가격은 ‘만족’ 연비는 ‘글쎄’…포드 이스케이프,http://www.khan.co.kr/kh_news/art_view.html?artid=201210151655031&code=920508
57,"포드 올-뉴 이스케이프, 가격은 착한데 성능은 아쉬워",http://biz.chosun.com/site/data/html_dir/2012/10/12/2012101200866.html
58,"[시승기]포드 '올뉴 이스케이프'…""편한데 힘 부족""",http://news1.kr/articles/847502
59,[시승기] 포드 ‘올 뉴 이스케이프’ 2% 아쉬운 이유,http://www.fnnews.com/view?ra=Sent0601m_01A&corp=fnnews&arcid=201210100100075290004680&cDateYear=2012&cDateMonth=10&cDateDay=10&
60,"(시승기)포드 '올-뉴 이스케이프', 강하게! 스마트하게!",http://www.newstomato.com/ReadNews.aspx?no=295265
61,"[시승기] 포드 이스케이프, '발로 문 여는' 그 차",http://www.dailian.co.kr/news/news_view.htm?id=309766&sc=naver&kind=menu_code&keys=2
62,"포드코리아, ""이스케이프와 캠핑 떠나요""",http://autotimes.hankyung.com/apps/news.sub_view?popup=0&nid=03&c1=03&c2=03&c3=00&nkey=201210091522031
63,포드 이스케이프 화재 위험… 15만대 리콜,http://www.etoday.co.kr/news/section/newsview.php?idxno=828295
64,"포드코리아, 2013 올-뉴 이스케이프 출시",http://news.mk.co.kr/news_forward.php?domain=news&no=606757&year=2012
65,"포드 SUV 이스케이프 1.6ℓ 엔진 선보여, FTA 효과에도 가격 올라",http://www.segye.com/Articles/Car/NewCar/Article.asp?aid=20120919024630&subctg1=&subctg2=&OutUrl=naver
66,"“발로 트렁크를 연다”…포드, 3000만원대 이스케이프 출시",http://www.newspim.com/common/redirect.jsp?newsId=20120919001134
67,"포드 2013년형 이스케이프…""벌써 리콜만 세 번째""",http://biz.chosun.com/site/data/html_dir/2012/09/06/2012090601456.html
68,"포드, 퓨전·이스케이프 등 43만4000대 리콜",http://news1.kr/articles/1622071
69,"포드, SUV '이스케이프' 또 리콜",https://news.naver.com/main/read.naver?mode=LSD&mid=sec&sid1=101&oid=001&aid=0005722208
70,"포드차, 2013 신형 이스케이프 SUV 대규모 리콜 '왜 이러나?'",http://tvdaily.co.kr/read.php3?aid=1342758981360827016
71,"[CAR/시승기]힘이면 힘, 기술이면 기술… 한층 더 성숙! 포드 ‘이스케이프’",http://news.donga.com/3/all/20120424/45756340/1
72,[포춘US]포드는 지금도 트럭 제조업체임을 인정하라,http://www.fortunekorea.co.kr/news/articleView.html?idxno=12888
73,[모터쇼]포드 신형 이스케이프 & 플렉스,http://autotimes.hankyung.com/apps/news.sub_view?popup=0&nid=04&c1=04&c2=04&c3=00&nkey=201111181835071
74,"포드자동차, 뉴이스케이프 등 8만9000대 리콜",http://www.hankyung.com/news/app/newsview.php?aid=201212036960i
75,"포드·크라이슬러, 이스케이프 등 216만대 대규모 리콜",http://www.edaily.co.kr/news/newspath.asp?newsid=01394006606087608
76,[車 전시장] 렉스스 6세대 ES/폭스바겐 시로코R/포드 올-뉴 이스케이프/GM 쉐보레 말리부,http://www.imaeil.com/sub_news/sub_news_view.php?news_id=53424&yy=2012
77,"포드車, 북미서 이스케이프, 퓨전 등 43만5000대 리콜",http://www.edaily.co.kr/news/newspath.asp?newsid=01744966606054152
78,美 절도범 선호 1위 SUV는 포드 이스케이프,http://www.insnews.co.kr/design_php/news_view.php?num=37804&firstsec=1&secondsec=15
79,"포드 SUV 이스케이프, 엔진제어장치 오류로 화재 가능성 ‘리콜’",http://economy.donga.com/dongAuto/3/0111/20121231/51957329/2
80,"국토부, 포드 이스케이프·벤츠 B200CDI 등 5개사 승용차 리콜 실시",http://www.nspna.com/news/?mode=view&newsid=137163
81,[車데뷔하는 날]완벽한 남자들의 애마 '포드 올 뉴 이스케이프',http://www.asiae.co.kr/news/view.htm?idxno=2012080221321027069
82,현대차·BMW·GM·포드 전기차 잇단 리콜…K-배터리 위상 흔들,https://www.theguru.co.kr/news/article.html?no=15097
83,"포드코리아, 부산모터쇼서 올뉴 퓨전, 올뉴 이스케이프 소개",http://sports.chosun.com/news/ntype.htm?id=201205180100151960011238&servicedate=20120518
84,"""한달 19만9000원이면 포드 이스케이프 오너""",http://www.asiae.co.kr/uhtml/read.jsp?idxno=2009050710133543139
85,"포드, 포커스·이스케이프 배선결함 16만대 리콜",http://www.gpkorea.com/bbs/board.php?bo_table=gp_motorsports&wr_id=10393
86,포드 2009년형 ‘이스케이프’로 불황 뚫는다,http://www.heraldbiz.com/SITE/data/html_dir/2008/10/21/200810210206.asp
87,"`車반도체 품귀` 포드 생산중단…TSMC, 주문폭주로 `즐거운 비명`",http://news.mk.co.kr/newsRead.php?no=48751&year=2021
88,"포드 이스케이프, 에어백 결함 리콜",http://www.ajunews.com/view/20140513030655255
89,"포드 코리아, 2천만원대 '뉴이스케이프' 출시",http://www.mydaily.co.kr/news/read.html?newsid=200706110854384438&ext=na
90,"포드, 2천만원대 SUV '뉴 이스케이프'출시",http://www.edaily.co.kr/news/newspath.asp?newsid=01102086583160408
91,"국내 SUV 시장에 부는 새로운 바람, 포드 뉴 이스케이프",https://news.naver.com/main/read.naver?mode=LSD&mid=sec&sid1=100&oid=003&aid=0000447909
92,[시승기]발로 문 여는 그 차…포드 올-뉴 이스케이프,http://www.asiae.co.kr/news/view.htm?idxno=2012101412043575467
93,[포토]포드 `2013 올뉴 이스케이프` 세부 디자인,http://www.edaily.co.kr/news/newspath.asp?newsid=01125046599692920
94,포드 SUV 신형 이스케이프 타보니,https://news.naver.com/main/read.naver?mode=LSD&mid=sec&sid1=103&oid=001&aid=0005862944
95,"[이주의 신차]포드코리아, 2013 ‘올뉴 이스케이프’ 출시",http://sports.khan.co.kr/news/sk_index.html?cat=view&art_id=201209211721093&sec_id=563002&pt=nv
96,'차량용 반도체 공급대란 현실화'. 폭스바겐 이어 포드. 토요타도 북미서 감산,http://www.autodaily.co.kr/news/articleView.html?idxno=424967
97,[포드] ‘더 똑똑해졌다’ 스마트한 SUV 포드 올 뉴 이스케이프,http://view.heraldm.com/view.php?ud=20120723000686
98,"포드, 북미서 `뉴 이스케이프` 리콜..엔진룸 화재위험",http://www.edaily.co.kr/news/newspath.asp?newsid=02765046599596160
99,[내 스타일에 꼭 맞는 수입차] 포드 '올 뉴 이스케이프',https://news.naver.com/main/read.naver?mode=LSD&mid=sec&sid1=101&oid=011&aid=0002255595
100,"“발로 트렁크를 연다”…포드, 3000만원대 이스케이프 출시",http://www.newspim.com/common/redirect.jsp?newsId=20120919001134
101,"포드 2013년형 이스케이프…""벌써 리콜만 세 번째""",http://biz.chosun.com/site/data/html_dir/2012/09/06/2012090601456.html
102,"포드, 퓨전·이스케이프 등 43만4000대 리콜",http://news1.kr/articles/1622071
103,"포드, SUV '이스케이프' 또 리콜",https://news.naver.com/main/read.naver?mode=LSD&mid=sec&sid1=101&oid=001&aid=0005722208
104,"포드차, 2013 신형 이스케이프 SUV 대규모 리콜 '왜 이러나?'",http://tvdaily.co.kr/read.php3?aid=1342758981360827016
105,"[CAR/시승기]힘이면 힘, 기술이면 기술… 한층 더 성숙! 포드 ‘이스케이프’",http://news.donga.com/3/all/20120424/45756340/1
106,[포춘US]포드는 지금도 트럭 제조업체임을 인정하라,http://www.fortunekorea.co.kr/news/articleView.html?idxno=12888
107,"포드, 2013년형 이스케이프 16만대 리콜..'화재 위험'",http://www.edaily.co.kr/news/newspath.asp?newsid=02482966603009984
108,[모터쇼]포드 신형 이스케이프 & 플렉스,http://autotimes.hankyung.com/apps/news.sub_view?popup=0&nid=04&c1=04&c2=04&c3=00&nkey=201111181835071
109,"포드자동차, 뉴이스케이프 등 8만9000대 리콜",http://www.hankyung.com/news/app/newsview.php?aid=201212036960i
110,"포드, 퓨전·이스케이프 등 43만4000대 리콜",http://news1.kr/articles/1622071
111,"포드, SUV '이스케이프' 또 리콜",https://news.naver.com/main/read.naver?mode=LSD&mid=sec&sid1=101&oid=001&aid=0005722208
112,"포드차, 2013 신형 이스케이프 SUV 대규모 리콜 '왜 이러나?'",http://tvdaily.co.kr/read.php3?aid=1342758981360827016
113,"[CAR/시승기]힘이면 힘, 기술이면 기술… 한층 더 성숙! 포드 ‘이스케이프’",http://news.donga.com/3/all/20120424/45756340/1
114,[포춘US]포드는 지금도 트럭 제조업체임을 인정하라,http://www.fortunekorea.co.kr/news/articleView.html?idxno=12888
115,"포드, 2013년형 이스케이프 16만대 리콜..'화재 위험'",http://www.edaily.co.kr/news/newspath.asp?newsid=02482966603009984
116,[모터쇼]포드 신형 이스케이프 & 플렉스,http://autotimes.hankyung.com/apps/news.sub_view?popup=0&nid=04&c1=04&c2=04&c3=00&nkey=201111181835071
117,"포드자동차, 뉴이스케이프 등 8만9000대 리콜",http://www.hankyung.com/news/app/newsview.php?aid=201212036960i
118,"포드·크라이슬러, 이스케이프 등 216만대 대규모 리콜",http://www.edaily.co.kr/news/newspath.asp?newsid=01394006606087608
119,[車 전시장] 렉스스 6세대 ES/폭스바겐 시로코R/포드 올-뉴 이스케이프/GM 쉐보레 말리부,http://www.imaeil.com/sub_news/sub_news_view.php?news_id=53424&yy=2012
120,"포드자동차, 뉴이스케이프 등 8만9000대 리콜",http://www.hankyung.com/news/app/newsview.php?aid=201212036960i
121,"포드·크라이슬러, 이스케이프 등 216만대 대규모 리콜",http://www.edaily.co.kr/news/newspath.asp?newsid=01394006606087608
122,[車 전시장] 렉스스 6세대 ES/폭스바겐 시로코R/포드 올-뉴 이스케이프/GM 쉐보레 말리부,http://www.imaeil.com/sub_news/sub_news_view.php?news_id=53424&yy=2012
123,"포드코리아, 2013 올-뉴 이스케이프 출시",http://kmomnews.hankyung.com/news/apps/news.sub_view?popup=0&nid=02&c1=02&c2=01&c3=00&nkey=201209191730141
124,"포드車, 북미서 이스케이프, 퓨전 등 43만5000대 리콜",http://www.edaily.co.kr/news/newspath.asp?newsid=01744966606054152
125,포드 43만 4700대 리콜…이스케이프·링컨 등 포함,http://www.koreadaily.com/news/read.asp?art_id=2456114
126,"포드, SUV '이스케이프' 또 리콜",http://news.sbs.co.kr/section_news/news_read.jsp?news_id=N1001297197
127,美 절도범 선호 1위 SUV는 포드 이스케이프,http://www.insnews.co.kr/design_php/news_view.php?num=37804&firstsec=1&secondsec=15
128,"포드 SUV 이스케이프, 엔진제어장치 오류로 화재 가능성 ‘리콜’",http://economy.donga.com/dongAuto/3/0111/20121231/51957329/2
129,"이스케이프 리콜, 포드자동차 엔진과열시 화재발생 위험 발견",http://www.newsen.com/news_view.php?uid=201212240935382310
130,"포드 SUV 이스케이프, 엔진제어장치 오류로 화재 가능성 ‘리콜’",http://economy.donga.com/dongAuto/3/0111/20121231/51957329/2
131,"이스케이프 리콜, 포드자동차 엔진과열시 화재발생 위험 발견",http://www.newsen.com/news_view.php?uid=201212240935382310
132,포드 이스케이프 287대 리콜,http://www.newspim.com/common/redirect.jsp?newsId=20121223000114
133,포드 SUV ‘이스케이프’ 687대 리콜,http://news.donga.com/3/all/20121105/50629976/2
134,"국토부, 포드 이스케이프·벤츠 B200CDI 등 5개사 승용차 리콜 실시",http://www.nspna.com/news/?mode=view&newsid=137163
135,포드 이스케이프 15만대 화재 위험으로 리콜,http://news.sbs.co.kr/section_news/news_read.jsp?news_id=N1002102903
136,[車데뷔하는 날]완벽한 남자들의 애마 '포드 올 뉴 이스케이프',http://www.asiae.co.kr/news/view.htm?idxno=2012080221321027069
137,현대차·BMW·GM·포드 전기차 잇단 리콜…K-배터리 위상 흔들,https://www.theguru.co.kr/news/article.html?no=15097
138,"포드, 이스케이프 SUV 등 48만여대 리콜 조치",http://news1.kr/articles/754613
139,"포드, 이스케이프 1만1500대 리콜",http://www.newspim.com/common/redirect.jsp?newsId=20120720000047
140,[車데뷔하는 날]완벽한 남자들의 애마 '포드 올 뉴 이스케이프',http://www.asiae.co.kr/news/view.htm?idxno=2012080221321027069
141,현대차·BMW·GM·포드 전기차 잇단 리콜…K-배터리 위상 흔들,https://www.theguru.co.kr/news/article.html?no=15097
142,"포드, 이스케이프 SUV 등 48만여대 리콜 조치",http://news1.kr/articles/754613
143,"포드, 이스케이프 1만1500대 리콜",http://www.newspim.com/common/redirect.jsp?newsId=20120720000047
144,"포드, '이스케이프' 사면 휴가비가 '덤'",http://www.moneytoday.co.kr/view/mtview.php?type=1&no=2009060410343161532&outlink=1
145,"포드코리아, 부산모터쇼서 올뉴 퓨전, 올뉴 이스케이프 소개",http://sports.chosun.com/news/ntype.htm?id=201205180100151960011238&servicedate=20120518
146,"""한달 19만9000원이면 포드 이스케이프 오너""",http://www.asiae.co.kr/uhtml/read.jsp?idxno=2009050710133543139
147,"포드, 포커스·이스케이프 배선결함 16만대 리콜",http://www.gpkorea.com/bbs/board.php?bo_table=gp_motorsports&wr_id=10393
148,포드 2009년형 ‘이스케이프’로 불황 뚫는다,http://www.heraldbiz.com/SITE/data/html_dir/2008/10/21/200810210206.asp
149,"`車반도체 품귀` 포드 생산중단…TSMC, 주문폭주로 `즐거운 비명`",http://news.mk.co.kr/newsRead.php?no=48751&year=2021
150,"포드, 경제성 높인 2009년형 이스케이프 첫선",http://www.nspna.com/news/index.html?mode=view&cate1_id=6&cate2_id=45&number=11296
151,"`車반도체 품귀` 포드 생산중단…TSMC, 주문폭주로 `즐거운 비명`",http://news.mk.co.kr/newsRead.php?no=48751&year=2021
152,포드 '이스케이프'·랜드로버 '레인지로버' 리콜,http://www.newspim.com/common/redirect.jsp?newsId=20140527000036
153,랜드로버 '레인지로버'·포드 '이스케이프' 에어백 등 제작결함 리콜,http://www.osen.co.kr/article/G1109860597
154,"포드 이스케이프, 에어백 결함 리콜",http://www.ajunews.com/view/20140513030655255
155,"포드, 이스케이프 등 75만대 리콜",http://www.etoday.co.kr/news/section/newsview.php?idxno=912625
156,"포드 코리아, 2천만원대 '뉴이스케이프' 출시",http://www.mydaily.co.kr/news/read.html?newsid=200706110854384438&ext=na
157,"포드, 2천만원대 SUV '뉴 이스케이프'출시",http://www.edaily.co.kr/news/newspath.asp?newsid=01102086583160408
158,"국내 SUV 시장에 부는 새로운 바람, 포드 뉴 이스케이프",https://news.naver.com/main/read.naver?mode=LSD&mid=sec&sid1=100&oid=003&aid=0000447909
159,[시승기]발로 문 여는 그 차…포드 올-뉴 이스케이프,http://www.asiae.co.kr/news/view.htm?idxno=2012101412043575467
160,"포드 코리아, 2천만원대 '뉴이스케이프' 출시",http://www.mydaily.co.kr/news/read.html?newsid=200706110854384438&ext=na
161,"포드, 2천만원대 SUV '뉴 이스케이프'출시",http://www.edaily.co.kr/news/newspath.asp?newsid=01102086583160408
162,"국내 SUV 시장에 부는 새로운 바람, 포드 뉴 이스케이프",https://news.naver.com/main/read.naver?mode=LSD&mid=sec&sid1=100&oid=003&aid=0000447909
163,[시승기]발로 문 여는 그 차…포드 올-뉴 이스케이프,http://www.asiae.co.kr/news/view.htm?idxno=2012101412043575467
164,[포토]포드 `2013 올뉴 이스케이프` 세부 디자인,http://www.edaily.co.kr/news/newspath.asp?newsid=01125046599692920
165,"포드코리아 ""올뉴 이스케이프 타고 소셜캠핑 가세요""",http://www.edaily.co.kr/news/newspath.asp?newsid=02814246599691280
166,포드 SUV 신형 이스케이프 타보니,https://news.naver.com/main/read.naver?mode=LSD&mid=sec&sid1=103&oid=001&aid=0005862944
167,"[이주의 신차]포드코리아, 2013 ‘올뉴 이스케이프’ 출시",http://sports.khan.co.kr/news/sk_index.html?cat=view&art_id=201209211721093&sec_id=563002&pt=nv
168,'차량용 반도체 공급대란 현실화'. 폭스바겐 이어 포드. 토요타도 북미서 감산,http://www.autodaily.co.kr/news/articleView.html?idxno=424967
169,[포드] ‘더 똑똑해졌다’ 스마트한 SUV 포드 올 뉴 이스케이프,http://view.heraldm.com/view.php?ud=20120723000686
170,[포토]포드 `2013 올뉴 이스케이프` 연비+성능 업그레이드!,http://www.edaily.co.kr/news/newspath.asp?newsid=01108646599692920
171,"포드코리아 ""올뉴 이스케이프 타고 소셜캠핑 가세요""",http://www.edaily.co.kr/news/newspath.asp?newsid=02814246599691280
172,포드 SUV 신형 이스케이프 타보니,https://news.naver.com/main/read.naver?mode=LSD&mid=sec&sid1=103&oid=001&aid=0005862944
173,"[이주의 신차]포드코리아, 2013 ‘올뉴 이스케이프’ 출시",http://sports.khan.co.kr/news/sk_index.html?cat=view&art_id=201209211721093&sec_id=563002&pt=nv
174,'차량용 반도체 공급대란 현실화'. 폭스바겐 이어 포드. 토요타도 북미서 감산,http://www.autodaily.co.kr/news/articleView.html?idxno=424967
175,[포드] ‘더 똑똑해졌다’ 스마트한 SUV 포드 올 뉴 이스케이프,http://view.heraldm.com/view.php?ud=20120723000686
176,"포드, 북미서 `뉴 이스케이프` 리콜..엔진룸 화재위험",http://www.edaily.co.kr/news/newspath.asp?newsid=02765046599596160
177,"포드차, '2022년 출시용' 4세대 자율주행차 선뵈",http://www.newspim.com/news/view/20201021000067
178,[내 스타일에 꼭 맞는 수입차] 포드 '올 뉴 이스케이프',https://news.naver.com/main/read.naver?mode=LSD&mid=sec&sid1=101&oid=011&aid=0002255595
179,포드 이스케이프 등 수입차 9779대 리콜,http://view.asiae.co.kr/news/view.htm?idxno=2015100710194740425
180,[포토]포드 `2013 올뉴 이스케이프` 깔끔한 실내 디자인,http://www.edaily.co.kr/news/newspath.asp?newsid=01115206599692920
181,"포드코리아 ""올뉴 이스케이프 타고 소셜캠핑 가세요""",http://www.edaily.co.kr/news/newspath.asp?newsid=02814246599691280
182,포드 SUV 신형 이스케이프 타보니,https://news.naver.com/main/read.naver?mode=LSD&mid=sec&sid1=103&oid=001&aid=0005862944
183,"[이주의 신차]포드코리아, 2013 ‘올뉴 이스케이프’ 출시",http://sports.khan.co.kr/news/sk_index.html?cat=view&art_id=201209211721093&sec_id=563002&pt=nv
184,'차량용 반도체 공급대란 현실화'. 폭스바겐 이어 포드. 토요타도 북미서 감산,http://www.autodaily.co.kr/news/articleView.html?idxno=424967
185,[포드] ‘더 똑똑해졌다’ 스마트한 SUV 포드 올 뉴 이스케이프,http://view.heraldm.com/view.php?ud=20120723000686
186,"포드, 북미서 `뉴 이스케이프` 리콜..엔진룸 화재위험",http://www.edaily.co.kr/news/newspath.asp?newsid=02765046599596160
187,"포드차, '2022년 출시용' 4세대 자율주행차 선뵈",http://www.newspim.com/news/view/20201021000067
188,[내 스타일에 꼭 맞는 수입차] 포드 '올 뉴 이스케이프',https://news.naver.com/main/read.naver?mode=LSD&mid=sec&sid1=101&oid=011&aid=0002255595
189,포드 이스케이프 등 수입차 9779대 리콜,http://view.asiae.co.kr/news/view.htm?idxno=2015100710194740425
190,"포드, 북미서 `뉴 이스케이프` 리콜..엔진룸 화재위험",http://www.edaily.co.kr/news/newspath.asp?newsid=02765046599596160
191,"포드차, '2022년 출시용' 4세대 자율주행차 선뵈",http://www.newspim.com/news/view/20201021000067
192,[내 스타일에 꼭 맞는 수입차] 포드 '올 뉴 이스케이프',https://news.naver.com/main/read.naver?mode=LSD&mid=sec&sid1=101&oid=011&aid=0002255595
193,포드 이스케이프 등 수입차 9779대 리콜,http://view.asiae.co.kr/news/view.htm?idxno=2015100710194740425
194,"美 당국, 포드 '이스케이프' 급발진 사고 조사",http://www.newspim.com/common/redirect.jsp?newsId=20120718000401
195,"포드 '뉴 이스케이프', 부산모터쇼서 한국최초 공개",http://www.mt.co.kr/view/mtview.php?type=1&no=2012052411333795336&outlink=1
196,[Car & Life] 포드 이스케이프,https://news.naver.com/main/read.naver?mode=LSD&mid=sec&sid1=114&oid=050&aid=0000002761
197,"포드코리아, 2005년형 ´뉴 이스케이프´ 출시",https://news.naver.com/main/read.naver?mode=LSD&mid=sec&sid1=101&oid=018&aid=0000174843
198,"포드, 콤팩트 SUV 2009년형 포드 이스케이프 출시",http://aving.net/atc/read.asp?c_num=104371&Branch_ID=kr
199,"“포드 이스케이프 쏜다” 한국타이어, 여름 맞이 프로모션 실시",http://www.fnnews.com/view?ra=Sent0601m_01A&corp=fnnews&arcid=201307190100202990011497&cDateYear=2013&cDateMonth=07&cDateDay=19&
200,"한국타이어, 포드 '뉴 이스케이프' 증정 이벤트",http://www.mt.co.kr/view/mtview.php?type=1&no=2013071909571915149&outlink=1
201,포드 이스케이프 사면 LA다저스 관람권이 ‘공짜~’,http://www.econovill.com/archives/105639
202,포드 디자인과 성능 대폭 개선된 2013년형 `이스케이프` 공개,http://www.dt.co.kr/contents.html?article_no=2011111702019932718003
203,포드 이스케이프 에어백·도어핸들 등 결함 리콜,http://news20.busan.com/controller/newsController.jsp?newsId=20140527000050
204,"포드 이스케이프, 에어백·도어핸들 등 결함 리콜",https://news.naver.com/main/read.naver?mode=LSD&mid=sec&sid1=101&oid=001&aid=0006925524
205,"포드코리아, '뉴 이스케이프(NEW ESCAPE) 2.3 전륜구동 (FWD) 모델' 출시",http://aving.net/atc/read.asp?c_num=74291&Branch_ID=kr
206,'포드 이스케이프'사고 여름 휴가비 받자!,http://www.e-today.co.kr/news/section/newsview.php?TM=news&SM=0499&idxno=232685
207,"포드, LG트윈스 홈개막식에 ´이스케이프´ 협찬",http://www.ebn.co.kr/news/n_view.html?id=377013
208,"포드, 이스케이프 등 차량 43만대 리콜.. '프레임 부식'",http://www.newspim.com/common/redirect.jsp?newsId=20140408000101
209,포드 2009년형 이스케이프 출시,http://news.mk.co.kr/news_forward.php?no=641782&year=2008
210,'포드 이스케이프'사고 여름 휴가비 받자!,http://www.e-today.co.kr/news/section/newsview.php?TM=news&SM=0499&idxno=232685
211,"포드, LG트윈스 홈개막식에 ´이스케이프´ 협찬",http://www.ebn.co.kr/news/n_view.html?id=377013
212,"포드, 이스케이프 등 차량 43만대 리콜.. '프레임 부식'",http://www.newspim.com/common/redirect.jsp?newsId=20140408000101
213,포드 2009년형 이스케이프 출시,http://news.mk.co.kr/news_forward.php?no=641782&year=2008
214,포드 '이스케이프' 엔진과열 결함 리콜,http://www.dailian.co.kr/news/news_view.htm?id=319765&sc=naver
215,포드 이스케이프 287대 엔진제어 프로그램 오류 리콜,http://www.ajunews.com/common/redirect.jsp?newsId=20121221000507
216,‘포드 이스케이프’를 안방에서,http://www.hankyung.com/news/app/newsview.php?aid=2011021625267
217,'속도장치 불안정'.. 포드 이스케이프 687대 리콜,http://www.asiae.co.kr/news/view.htm?idxno=2012110508550763669
218,"포드, `이스케이프`·`매버릭` SUV 48만여대 리콜",http://www.edaily.co.kr/news/newspath.asp?newsid=01187366599598784
219,"포드, `이스케이프' 50만대 리콜",https://news.naver.com/main/read.naver?mode=LSD&mid=sec&oid=001&aid=0001602679
220,"포드 이스케이프, 제작결함 '리콜'",http://www.seoulfn.com/news/articleView.html?idxno=152365
221,포드 이스케이프 287대 엔진제어 프로그램 오류 리콜,http://www.ajunews.com/common/redirect.jsp?newsId=20121221000507
222,‘포드 이스케이프’를 안방에서,http://www.hankyung.com/news/app/newsview.php?aid=2011021625267
223,'속도장치 불안정'.. 포드 이스케이프 687대 리콜,http://www.asiae.co.kr/news/view.htm?idxno=2012110508550763669
224,"포드, `이스케이프`·`매버릭` SUV 48만여대 리콜",http://www.edaily.co.kr/news/newspath.asp?newsid=01187366599598784
225,"포드, `이스케이프' 50만대 리콜",https://news.naver.com/main/read.naver?mode=LSD&mid=sec&oid=001&aid=0001602679
226,포드 ‘2013 올 뉴 이스케이프’ 안정적 코너링 장점,http://www.munhwa.com/news/view.html?no=2012101701032024182004
227,"[시승기]포드 ‘올뉴 이스케이프’, “흔들림 없는 주행 능력, 국산 SUV 다나와!”",http://sports.khan.co.kr/news/sk_index.html?cat=view&art_id=201210121844553&sec_id=563002&pt=nv
228,"이번 주말, 신차 포드 이스케이프 타고 캠핑 떠나자",http://www.segye.com/Articles/Car/Business/Article.asp?aid=20121009024801&subctg1=&subctg2=&OutUrl=naver
229,수입SUV “고유가 없다”…볼보 XC90·포드 이스케이프등 꾸준한 인기,https://news.naver.com/main/read.naver?mode=LSD&mid=sec&sid1=101&oid=014&aid=0000191195
230,포드 이스케이프 687대 리콜,https://news.naver.com/main/read.naver?mode=LSD&mid=sec&sid1=101&oid=001&aid=0005915124
231,포드 이스케이프 287대 리콜,http://www.etnews.com/news/home_mobile/automobile/2696306_1485.html
232,"포드, `이스케이프`·`매버릭` SUV 48만여대 리콜",http://www.edaily.co.kr/news/newspath.asp?newsid=01187366599598784
233,"포드, `이스케이프' 50만대 리콜",https://news.naver.com/main/read.naver?mode=LSD&mid=sec&oid=001&aid=0001602679
234,포드 ‘2013 올 뉴 이스케이프’ 안정적 코너링 장점,http://www.munhwa.com/news/view.html?no=2012101701032024182004
235,"[시승기]포드 ‘올뉴 이스케이프’, “흔들림 없는 주행 능력, 국산 SUV 다나와!”",http://sports.khan.co.kr/news/sk_index.html?cat=view&art_id=201210121844553&sec_id=563002&pt=nv
236,"이번 주말, 신차 포드 이스케이프 타고 캠핑 떠나자",http://www.segye.com/Articles/Car/Business/Article.asp?aid=20121009024801&subctg1=&subctg2=&OutUrl=naver
237,수입SUV “고유가 없다”…볼보 XC90·포드 이스케이프등 꾸준한 인기,https://news.naver.com/main/read.naver?mode=LSD&mid=sec&sid1=101&oid=014&aid=0000191195
238,[신차분석] 포드코리아 `2009년형 이스케이프`,http://www.dt.co.kr/contents.html?article_no=2009060102011132718001
239,포드 이스케이프 2.3 XLT 국내 출시,https://news.naver.com/main/read.naver?mode=LSD&mid=sec&sid1=101&oid=009&aid=0000419629
240,[신차분석] 포드코리아 `2009년형 이스케이프`,http://www.dt.co.kr/contents.html?article_no=2009060102011132718001
241,포드 이스케이프 2.3 XLT 국내 출시,https://news.naver.com/main/read.naver?mode=LSD&mid=sec&sid1=101&oid=009&aid=0000419629
242,"[수입차 단신] 포드, '이스케이프' 출시",https://news.naver.com/main/read.naver?mode=LSD&mid=sec&sid1=110&oid=015&aid=0000337774
243,"포드-보쉬, 자율주차 기술 공동 개발한다",http://www.irobotnews.com/news/articleView.html?idxno=22138
244,포드 이스케이프. CJ홈쇼핑 통해 세 번째 판매,http://www.dt.co.kr/contents.html?article_no=2008102902019932718003
245,"CJ홈쇼핑, 포드 SUV 차량 '이스케이프' 방송",http://www.e-today.co.kr/200707/news/newsview.php?TM=news&SM=0101&idxno=191380
246,"포드, 2009년형 이스케이프 시판",http://www.autotimes.co.kr/article_view.php?id=35335
247,포드 이스케이프 287대 리콜,http://autotimes.hankyung.com/apps/news.sub_view?popup=0&nid=03&c1=03&c2=03&c3=00&nkey=201212231427421
248,"포드, SUV '이스케이프' 687대 리콜 실시",http://www.edaily.co.kr/news/newspath.asp?newsid=01807286599722768
249,"포드, 북미 지역서 이스케이프 등 140만대 리콜",http://www.ebn.co.kr/news/view/684854
250,"포드, SUV '이스케이프' 687대 리콜 실시",http://www.edaily.co.kr/news/newspath.asp?newsid=01807286599722768
251,"포드, 북미 지역서 이스케이프 등 140만대 리콜",http://www.ebn.co.kr/news/view/684854
252,포드 이스케이프 후속 모델에 4억달러 투자,http://www.asiae.co.kr/news/view.htm?idxno=2011011903422442114
253,"아우디 Q5·포드 이스케이프, 제작결함 '1000대 리콜'",https://news.naver.com/main/read.naver?mode=LSD&mid=sec&sid1=101&oid=003&aid=0004642608
254,"포드, SUV '이스케이프' 가속페달 결함 또 리콜",http://www.cstimes.com/news/articleView.html?idxno=75339
255,LG화학 이어 삼성SDI도 배터리 화재에 떤다…BMW·포드 PHEV 리콜,https://biz.chosun.com/site/data/html_dir/2020/10/20/2020102001158.html?utm_source=naver&utm_medium=original&utm_campaign=biz
256,"포드 토러스와 이스케이프, 링컨MKX의 7월 특별 금융 프로모션",http://news.mk.co.kr/news_forward.php?no=361837&year=2009
257,포드 '이스케이프' 사면 휴가비 230만원 줍니다,https://news.naver.com/main/read.naver?mode=LSD&mid=sec&sid1=101&oid=003&aid=0002710978
258,"""월 19만원이면 이스케이프 오너""…포드, 파격 판촉 실시",http://www.segye.com/Articles/NEWS/ECONOMY/Article.asp?aid=20090507002678&subctg1=&subctg2=
259,"포드, LG트윈스 홈경기 개막식에 이스케이프 증정",http://www.asiae.co.kr/uhtml/read.jsp?idxno=2009040708125571879
260,"포드, LG트윈스 홈경기 개막식에 이스케이프 증정",http://www.asiae.co.kr/uhtml/read.jsp?idxno=2009040708125571879
261,"포드, 북미서 이스케이프·머큐리SUV 91만5200대 리콜",http://www.edaily.co.kr/news/newspath.asp?newsid=01092246606094168
262,랜드로버 '레인지로버'·포드 '이스케이프' 리콜 왜?,http://www.moneyweek.co.kr/news/mwView.php?type=1&no=2014052617078013384&outlink=1
263,美 포드車 이스케이프 ‘엔진과열’ 287대 리콜,http://www.seoul.co.kr/news/newsView.php?id=20121224011022
264,포드 이스케이프 287대 리콜,http://news.sbs.co.kr/section_news/news_read.jsp?news_id=N1001545661
265,포드 '뉴이스케이프' 홈쇼핑 2차 판매,http://www.asiae.co.kr/uhtml/read.jsp?idxno=316817§ion=S1N5§ion2=S2N107
266,'포드 이스케이프' 홈쇼핑서 사세요,https://news.naver.com/main/read.naver?mode=LSD&mid=sec&sid1=101&oid=011&aid=0001944693
267,포드 이스케이프 홈쇼핑에서 산다,http://www.e-today.co.kr/200707/news/newsview.php?TM=news&SM=0101&idxno=160165
268,"포드코리아, 구형 이스케이프 687대 리콜",http://www.hankyung.com/news/app/newsview.php?aid=201211052713g
269,"포드코리아, 이스케이프 2.3 출시",http://www.autotimes.co.kr/article_view.php?id=31335
270,포드 이스케이프 287대 리콜,http://news.sbs.co.kr/section_news/news_read.jsp?news_id=N1001545661
271,포드 '뉴이스케이프' 홈쇼핑 2차 판매,http://www.asiae.co.kr/uhtml/read.jsp?idxno=316817§ion=S1N5§ion2=S2N107
272,'포드 이스케이프' 홈쇼핑서 사세요,https://news.naver.com/main/read.naver?mode=LSD&mid=sec&sid1=101&oid=011&aid=0001944693
273,포드 이스케이프 홈쇼핑에서 산다,http://www.e-today.co.kr/200707/news/newsview.php?TM=news&SM=0101&idxno=160165
274,"포드코리아, 구형 이스케이프 687대 리콜",http://www.hankyung.com/news/app/newsview.php?aid=201211052713g
275,"포드코리아, 이스케이프 2.3 출시",http://www.autotimes.co.kr/article_view.php?id=31335
276,포드 ‘올 뉴 이스케이프’… 센서 통해 자동으로 트렁크 개폐,http://www.khan.co.kr/kh_news/art_view.html?artid=201210212125285&code=920508
277,"[포토]포드SUV, 2013년형 올-뉴 이스케이프 출시",http://www.newdaily.co.kr/news/article.html?no=125570
278,"""포드 이스케이프 사고 여름 휴가비 받자""",http://www.ajnews.co.kr/uhtml/read.jsp?idxno=200906041001249700727
279,현재 최고의 크로스오버·SUV 10대,http://www.thedrive.co.kr/news/newsview.php?ncode=1065599033654345
280,포드 ‘올 뉴 이스케이프’… 센서 통해 자동으로 트렁크 개폐,http://www.khan.co.kr/kh_news/art_view.html?artid=201210212125285&code=920508
281,"[포토]포드SUV, 2013년형 올-뉴 이스케이프 출시",http://www.newdaily.co.kr/news/article.html?no=125570
282,"""포드 이스케이프 사고 여름 휴가비 받자""",http://www.ajnews.co.kr/uhtml/read.jsp?idxno=200906041001249700727
283,현재 최고의 크로스오버·SUV 10대,http://www.thedrive.co.kr/news/newsview.php?ncode=1065599033654345
284,포드코리아 2009년 이스케이프 출시,http://www.fnnews.com/view?ra=Sent0701m_01A&corp=fnnews&arcid=081021210328&cDateYear=2008&cDateMonth=10&cDateDay=22&
285,"포드코리아, 2009년 이스케이프 출시",http://www.fnnews.com/view?ra=Sent0601m_01A&corp=fnnews&arcid=00000921458342&cDateYear=2008&cDateMonth=10&cDateDay=21&
286,"한국타이어, 포드코리아와 ‘뉴 이스케이프’ 증정 이벤트",http://www.ajunews.com/kor/view.jsp?newsId=20130719000209
287,랜드로버 레인지로버ㆍ포드 이스케이프 '제작결함' 리콜,http://www.smedaily.co.kr/news/articleView.html?idxno=47664
288,포드 토러스·이스케이프 리콜,https://news.naver.com/main/read.naver?mode=LSD&mid=sec&sid1=101&oid=004&aid=0000008589
289,CJ홈쇼핑 포드 이스케이프 세번째 판매방송,http://www.fnnews.com/view?ra=Sent1001m_01A&corp=fnnews&arcid=00000921465275&cDateYear=2008&cDateMonth=10&cDateDay=28&
290,"포드코리아, 2009년 이스케이프 출시",http://www.fnnews.com/view?ra=Sent0601m_01A&corp=fnnews&arcid=00000921458342&cDateYear=2008&cDateMonth=10&cDateDay=21&
291,"한국타이어, 포드코리아와 ‘뉴 이스케이프’ 증정 이벤트",http://www.ajunews.com/kor/view.jsp?newsId=20130719000209
292,랜드로버 레인지로버ㆍ포드 이스케이프 '제작결함' 리콜,http://www.smedaily.co.kr/news/articleView.html?idxno=47664
293,포드 토러스·이스케이프 리콜,https://news.naver.com/main/read.naver?mode=LSD&mid=sec&sid1=101&oid=004&aid=0000008589
294,CJ홈쇼핑 포드 이스케이프 세번째 판매방송,http://www.fnnews.com/view?ra=Sent1001m_01A&corp=fnnews&arcid=00000921465275&cDateYear=2008&cDateMonth=10&cDateDay=28&
295,포드 이스케이프 781대 리콜 실시,https://news.naver.com/main/read.naver?mode=LSD&mid=sec&sid1=123&oid=180&aid=0000000624
296,포드 뉴 이스케이프 신차 발표,https://news.naver.com/main/read.naver?mode=LSD&mid=sec&sid1=101&oid=001&aid=0001661739
297,"2013 포드 이스케이프, L.A. 오토쇼 공개",http://news.mk.co.kr/news_forward.php?domain=news&no=749572&year=2011
298,"포드, 이스케이프 자동차 리콜 실시",http://www.korea.kr/policy/pressReleaseView.do?newsId=155860207&call_from=naver_news
299,"포드, 소형 SUV 이스케이프 출시",https://news.naver.com/main/read.naver?mode=LSD&mid=sec&sid1=101&oid=009&aid=0000092804
300,포드 뉴 이스케이프 신차 발표 '도심탈출',https://news.naver.com/main/read.naver?mode=LSD&mid=sec&sid1=101&oid=001&aid=0001661737
301,"2013 포드 이스케이프, L.A. 오토쇼 공개",http://news.mk.co.kr/news_forward.php?domain=news&no=749572&year=2011
302,랜드로버 `레인지로버`와 포드 `이스케이프` 리콜,http://www.pbc.co.kr/CMS/news/view_body.php?cid=511119&path=201405
303,"포드, 이스케이프 자동차 리콜 실시",http://www.korea.kr/policy/pressReleaseView.do?newsId=155860207&call_from=naver_news
304,"포드, 소형 SUV 이스케이프 출시",https://news.naver.com/main/read.naver?mode=LSD&mid=sec&sid1=101&oid=009&aid=0000092804
305,"포드코리아, 신형 이스케이프 판매",http://autotimes.hankyung.com/apps/news.sub_view?popup=0&nid=03&c1=03&c2=03&c3=00&nkey=201209191555561
306,"포드 이스케이프, 아우디 Q5 등 1000여대 대대적 리콜",http://www.fnnews.com/view?ra=Sent0501m_01A&corp=fnnews&arcid=201208030100031140001635&cDateYear=2012&cDateMonth=08&cDateDay=03&
307,"포드, 신형 이스케이프 즉각 운전 중단 .. 혼다·포드 33만대 리콜",http://news1.kr/articles/745755
308,포드 ´이스케이프´ 승용차 567대 리콜실시,https://news.naver.com/main/read.naver?mode=LSD&mid=sec&sid1=101&oid=018&aid=0000245873
309,"포드, `이스케이프 2.3 XLT' 출시",https://news.naver.com/main/read.naver?mode=LSD&mid=sec&sid1=103&oid=001&aid=0000888365
310,랜드로버 `레인지로버`와 포드 `이스케이프` 리콜,http://www.pbc.co.kr/CMS/news/view_body.php?cid=511119&path=201405
311,"포드, 이스케이프 자동차 리콜 실시",http://www.korea.kr/policy/pressReleaseView.do?newsId=155860207&call_from=naver_news
312,"포드, 소형 SUV 이스케이프 출시",https://news.naver.com/main/read.naver?mode=LSD&mid=sec&sid1=101&oid=009&aid=0000092804
313,"포드코리아, 신형 이스케이프 판매",http://autotimes.hankyung.com/apps/news.sub_view?popup=0&nid=03&c1=03&c2=03&c3=00&nkey=201209191555561
314,"포드 이스케이프, 아우디 Q5 등 1000여대 대대적 리콜",http://www.fnnews.com/view?ra=Sent0501m_01A&corp=fnnews&arcid=201208030100031140001635&cDateYear=2012&cDateMonth=08&cDateDay=03&
315,"포드, 신형 이스케이프 즉각 운전 중단 .. 혼다·포드 33만대 리콜",http://news1.kr/articles/745755
316,포드 ´이스케이프´ 승용차 567대 리콜실시,https://news.naver.com/main/read.naver?mode=LSD&mid=sec&sid1=101&oid=018&aid=0000245873
317,"포드, `이스케이프 2.3 XLT' 출시",https://news.naver.com/main/read.naver?mode=LSD&mid=sec&sid1=103&oid=001&aid=0000888365
318,"포드, SUV '이스케이프' 1만대 리콜",https://news.naver.com/main/read.naver?mode=LSD&mid=sec&sid1=101&oid=001&aid=0005698819
319,포드 쿠가 리콜 돌입…배터리팩 교체,https://www.theguru.co.kr/news/article.html?no=15746
320,"포드, SUV '이스케이프' 1만대 리콜",https://news.naver.com/main/read.naver?mode=LSD&mid=sec&sid1=101&oid=001&aid=0005698819
321,포드 쿠가 리콜 돌입…배터리팩 교체,https://www.theguru.co.kr/news/article.html?no=15746
322,쏘울·벤츠 E300 4MATIC·포드 이스케이프 등 9167대 리콜,http://www.newsworks.co.kr/news/articleView.html?idxno=149382
323,"포드, 이스케이프 등 49만대 리콜",http://www.hankyung.com/news/app/newsview.php?aid=201201124228g
324,포드 이스케이프 고객에 휴가비,http://news.mk.co.kr/news_forward.php?no=320891&year=2009
325,"포드, 이스케이프 구입 시 여름 휴가비 지원",http://www.autotimes.co.kr/article_view.php?id=51711
326,"포드 ‘2013 이스케이프, ‘스마트+역동성’ 동급 최강",http://view.heraldcorp.com/view.php?ud=20130422000560
327,"CJ홈쇼핑, 포드 '이스케이프' 2차 판매",http://www.e-today.co.kr/200707/news/newsview.php?TM=news&SM=0101&idxno=164372
328,"포드 이스케이프, 1시간에 100대 판다?",http://www.autotimes.co.kr/article_view.php?id=31588
329,포드 이스케이프 ‘소환수리’,https://news.naver.com/main/read.naver?mode=LSD&mid=sec&sid1=101&oid=003&aid=0000447703
330,"포드 이스케이프, 1시간에 100대 판다?",http://www.autotimes.co.kr/article_view.php?id=31588
331,포드 이스케이프 ‘소환수리’,https://news.naver.com/main/read.naver?mode=LSD&mid=sec&sid1=101&oid=003&aid=0000447703
332,"포드, SUV 이스케이프 1만대 리콜",https://news.naver.com/main/read.naver?mode=LSD&mid=sec&sid1=101&oid=011&aid=0002253518
333,포드 이스케이프 287대 리콜,http://www.edaily.co.kr/news/newspath.asp?newsid=01453046599761472
334,"포드, 4단계 자율주행 서비스 2022년 출시한다",http://www.bloter.net/archives/463990
335,포드 뉴이스케이프 2.3 홈쇼핑에서 판매,http://www.fnnews.com/view?ra=Sent0601m_01A&corp=fnnews&arcid=00000921260171&cDateYear=2008&cDateMonth=03&cDateDay=18&
336,"국토부, 포드 이스케이프 687대 리콜 조치",https://news.naver.com/main/read.naver?mode=LSD&mid=sec&sid1=101&oid=086&aid=0002131786
337,[오토파일]포드 이스케이프 2.3XLT 판매 外,https://news.naver.com/main/read.naver?mode=LSD&mid=sec&sid1=103&oid=020&aid=0000282043
338,포드 이스케이프 승용차 567대 리콜,https://news.naver.com/main/read.naver?mode=LSD&mid=sec&sid1=101&oid=001&aid=0000891867
339,"포드 이스케이프 사고, 휴가비 230만원도 받자",http://www.heraldbiz.com/SITE/data/html_dir/2009/06/04/200906040794.asp
340,[오토파일]포드 이스케이프 2.3XLT 판매 外,https://news.naver.com/main/read.naver?mode=LSD&mid=sec&sid1=103&oid=020&aid=0000282043
341,포드 이스케이프 승용차 567대 리콜,https://news.naver.com/main/read.naver?mode=LSD&mid=sec&sid1=101&oid=001&aid=0000891867
342,"포드 이스케이프 사고, 휴가비 230만원도 받자",http://www.heraldbiz.com/SITE/data/html_dir/2009/06/04/200906040794.asp
343,"포드, 뉴몬데오와 이스케이프 가격 450만~500만원 인하",https://news.naver.com/main/read.naver?mode=LSD&mid=sec&sid1=105&oid=029&aid=0000125115
344,한국타이어 '포드 뉴 이스케이프' 등 경품증정 프로모션,http://www.cctoday.co.kr/news/articleView.html?idxno=783269
345,미국서 포드 '이스케이프' 1만 대 리콜,http://mbn.mk.co.kr/pages/news/newsView.php?news_seq_no=1215816
346,"포드차, 이스케이프 6기통 모델 32만2천대 리콜",https://news.naver.com/main/read.naver?mode=LSD&mid=sec&oid=013&aid=0000036789
347,"삼성SDI, 포드 전기차 배터리 1163개 리콜",http://www.g-enews.com/ko-kr/news/article/news_all/2022020407300299552bb03d9507_1/article.html
348,한국시장에 내년 투입되는 포드 브롱코..디자인 특징은?,http://m.dailycar.co.kr/content/news.html?type=view&autoId=37077
349,"CJ홈쇼핑, 포드 '이스케이프' 2차 판매",http://www.asiae.co.kr/uhtml/read.jsp?idxno=316053§ion=S1N5§ion2=S2N231
350,한국시장에 내년 투입되는 포드 브롱코..디자인 특징은?,http://m.dailycar.co.kr/content/news.html?type=view&autoId=37077
351,"CJ홈쇼핑, 포드 '이스케이프' 2차 판매",http://www.asiae.co.kr/uhtml/read.jsp?idxno=316053§ion=S1N5§ion2=S2N231
352,"CJ홈쇼핑, 포드 '이스케이프' 총 820대 가계약",http://www.e-today.co.kr/200707/news/newsview.php?TM=news&SM=0101&idxno=160944
353,"CJ홈쇼핑, 포드 SUV `이스케이프` 판매",http://www.edaily.co.kr/news/newspath.asp?newsid=01587526586344632
354,[동영상]2008년형 포드 이스케이프,http://www.segye.com/Service5/ShellView.asp?TreeID=3118&PCode=0070&DataID=200706101853000699
355,"포드, 자율주행에 자동주차까지 집중 연구...美서 '시범 프로젝트 공개'",http://www.g-enews.com/ko-kr/news/article/news_all/2020091019083376770d88486204_1/article.html
356,"6월 한 달간 포드 이스케이프 구입시, 여름 휴가비 지원",http://news.mk.co.kr/news_forward.php?no=314645&year=2009
357,"포드 코리아, '2005 뉴 이스케이프' 출시",https://news.naver.com/main/read.naver?mode=LSD&mid=sec&sid1=101&oid=076&aid=0000005192
358,[자동차]포드 신차 '이스케이프' 시판,https://news.naver.com/main/read.naver?mode=LSD&mid=sec&sid1=101&oid=020&aid=0000048396
359,"현대차 싼타페, 포드 이스케이프를 제치고 ‘올해의 RV차’ 선정",http://www.osen.co.kr/article/G1109542758
360,"포드, 이번엔 '자율주차 기술 연구'..20% 주차 확대 가능",http://www.gpkorea.com/news/articleView.html?idxno=67192
361,"6월 한 달간 포드 이스케이프 구입시, 여름 휴가비 지원",http://news.mk.co.kr/news_forward.php?no=314645&year=2009
362,"포드 코리아, '2005 뉴 이스케이프' 출시",https://news.naver.com/main/read.naver?mode=LSD&mid=sec&sid1=101&oid=076&aid=0000005192
363,[자동차]포드 신차 '이스케이프' 시판,https://news.naver.com/main/read.naver?mode=LSD&mid=sec&sid1=101&oid=020&aid=0000048396
364,"현대차 싼타페, 포드 이스케이프를 제치고 ‘올해의 RV차’ 선정",http://www.osen.co.kr/article/G1109542758
365,포드 이스케이프 리콜,http://www.khan.co.kr/kh_news/art_view.html?artid=200706101827251&code=920401
366,"포드, '이스케이프' 50만대 리콜",http://mbn.mk.co.kr/news/newsRead.php?vodCode=197001&category=mbn00003
367,"포드, 이스케이프 자동차 리콜",http://www.wowtv.co.kr/newscenter/news/view.asp?bcode=T30001000&artid=A201211050043
368,[포토] '2012 부산모터쇼' 웅장한 모습의 포드 '이스케이프',http://www.hankyung.com/news/app/newsview.php?aid=2012052455527
369,포드 이스케이프 승용차 567대 리콜,https://news.naver.com/main/read.naver?mode=LSD&mid=sec&sid1=101&oid=096&aid=0000010920
370,"포드, 이스케이프 자동차 리콜",http://www.wowtv.co.kr/newscenter/news/view.asp?bcode=T30001000&artid=A201211050043
371,[포토] '2012 부산모터쇼' 웅장한 모습의 포드 '이스케이프',http://www.hankyung.com/news/app/newsview.php?aid=2012052455527
372,포드 이스케이프 승용차 567대 리콜,https://news.naver.com/main/read.naver?mode=LSD&mid=sec&sid1=101&oid=096&aid=0000010920
373,"포드, `이스케이프 2.3 XLT' 출시",https://news.naver.com/main/read.naver?mode=LSD&mid=sec&sid1=101&oid=001&aid=0000888427
374,포드 `뉴 이스케이프' 신차 발표,https://news.naver.com/main/read.naver?mode=LSD&mid=sec&sid1=101&oid=001&aid=0000686171
375,포드 '브롱코 스포츠' 인테리어 유출...브롱코 아이덴터티,http://www.gpkorea.com/news/articleView.html?idxno=63503
376,레저생활에 딱 맞는 포드 이스케이프,https://news.naver.com/main/read.naver?mode=LSD&mid=sec&oid=003&aid=0000016459
377,"포드-보쉬, 자율 '주차' 기술 시연 성공",http://www.bloter.net/archives/402639
378,"삼성SDI, 美서 배터리 부품 결함 리콜… 포드·스텔란티스 차량 대상",https://www.asiatime.co.kr/article/20220204500054
379,포드 이스케이프 홈쇼핑 2차 판매,http://www.moneytoday.co.kr/view/mtview.php?type=1&no=2008042411070528629&outlink=1
380,레저생활에 딱 맞는 포드 이스케이프,https://news.naver.com/main/read.naver?mode=LSD&mid=sec&oid=003&aid=0000016458
381,"포드-보쉬, 자율 '주차' 기술 시연 성공",http://www.bloter.net/archives/402639
382,"삼성SDI, 美서 배터리 부품 결함 리콜… 포드·스텔란티스 차량 대상",https://www.asiatime.co.kr/article/20220204500054
383,포드 이스케이프 홈쇼핑 2차 판매,http://www.moneytoday.co.kr/view/mtview.php?type=1&no=2008042411070528629&outlink=1
384,"포드 이스케이프, 주말동안 800여 대 가계약",http://www.autotimes.co.kr/article_view.php?id=31800
385,CJ홈쇼핑 포드 SUV ‘이스케이프’ 판매,http://www.segye.com/Articles/NEWS/CULTURE/Article.asp?aid=20080320003238&subctg1=&subctg2=
386,3개 버전으로 출시되는 정통 오프로더 포드 ‘브롱코’..특징은?,http://www.dailycar.co.kr/content/news.html?type=view&autoId=37041
387,포드의 새로운 SUV 뉴 이스케이프,https://news.naver.com/main/read.naver?mode=LSD&mid=sec&sid1=103&oid=003&aid=0000068290
388,"포드 '이스케이프', 가속장치 제작결함 리콜",http://www.dailian.co.kr/news/news_view.htm?id=313366&sc=naver
389,포드 '브롱코 스포츠' 전체 이미지 유출...기대감↑,http://www.gpkorea.com/news/articleView.html?idxno=62402
390,포드의 새로운 SUV 뉴 이스케이프,https://news.naver.com/main/read.naver?mode=LSD&mid=sec&sid1=103&oid=003&aid=0000068291
391,"포드 '이스케이프', 가속장치 제작결함 리콜",http://www.dailian.co.kr/news/news_view.htm?id=313366&sc=naver
392,포드 '브롱코 스포츠' 전체 이미지 유출...기대감↑,http://www.gpkorea.com/news/articleView.html?idxno=62402
393,"포드 '신형 익스플로러', 美서 제작 결함...F-시리즈 등 66만여 대 리콜",http://www.autodaily.co.kr/news/articleView.html?idxno=412065
394,쏘울·이스케이프·E300 등 9167대 리콜,http://www.gpkorea.com/bbs/board.php?bo_table=gp_motorsports&wr_id=18931
395,"링컨 커세어, 위기의 포드코리아 구원투수 될까...이르면 5월 출격 예정",http://www.autodaily.co.kr/news/articleView.html?idxno=418013
396,"포드, 베이비 브롱코 출시 계획..소형 SUV 모델명은 매버릭(?)",http://www.dailycar.co.kr/content/news.html?type=view&autoId=35814
397,[포토]2017 포드 이스케이프,http://www.edaily.co.kr/news/newspath.asp?newsid=01141446609567688
398,포드 '브롱코' 내년 봄 공식 데뷔...24년 전 영광 되찾을까,http://www.gpkorea.com/news/articleView.html?idxno=58251
399,"공정위, 16억 넘게 경품뿌린 한국타이어 '제재'…""이스케이프車 과해""",http://www.ajunews.com/view/20150409154435979
400,"공정위, 16억 넘게 경품뿌린 한국타이어 '제재'…""이스케이프車 과해""",http://www.ajunews.com/view/20150409154435979
401,"아르고 AI '자율주행 솔루션', 라이다·레이더·카메라 성능↑",http://www.aitimes.com/news/articleView.html?idxno=135944
402,"올-뉴 이스케이프의 품격, 궁금해요?",http://www.etnews.com/news/home_mobile/automobile/2677608_1485.html
403,이스케이프와 레인지로버 에어백 등 문제로 리콜 조치,http://www.khan.co.kr/kh_news/art_view.html?artid=201405261345401&code=920508
404,"[시승]트랙스, 스포티지R 잡으러 온 '이스케이프 1.6'",http://www.newdaily.co.kr/news/article.html?no=125563
405,"쉐보레 트랙스 '천적' 이스케이프, 출시 기념해 SNS캠핑",http://www.newdaily.co.kr/news/article.html?no=125694
406,발로 툭 차면 트렁크 열리는 '뉴 이스케이프' 국내출시,http://www.mt.co.kr/view/mtview.php?type=1&no=2012091915512939492&outlink=1
407,이달 수입 미국산 콜로라도의 경쟁차는 포드 F-150? 쌍용 렉스턴스포츠?,http://www.autodaily.co.kr/news/articleView.html?idxno=410566
408,'레인지로버' '이스케이프' 리콜 실시,http://www.thescoop.co.kr/news/articleView.html?idxno=12381
409,"[포토]`올-뉴 이스케이프` 웅장한 디자인 ""휘둥그레""",http://www.edaily.co.kr/news/newspath.asp?newsid=01148006599532528
410,[포토]`올-뉴 이스케이프` 강렬함을 자랑한다!,http://www.edaily.co.kr/news/newspath.asp?newsid=01134886599532528
411,"포드, 소형차 생산인력 '잘나가는' SUV·픽업트럭에 전환배치",http://yna.kr/AKR20181129012000072?did=1195m
412,"레인지로버·이스케이프,리콜… 에어백 결함 가능성",http://news.einfomax.co.kr/news/articleView.html?idxno=108091
413,"포드, 유럽서 쿠가 화재로 미국서 이스케이프 PHEV 생산 연기",http://www.autodaily.co.kr/news/articleView.html?idxno=422913
414,"[MTN현장+]한국GM, 국산차냐 수입차냐 고민…포드에 맞출까? 현대에 맞출까?",http://news.mtn.co.kr/newscenter/news_viewer.mtn?gidx=2019050716571083200
415,"도심 속 시원한 질주, 2008 뉴 이스케이프 출시",https://news.naver.com/main/read.naver?mode=LSD&mid=sec&sid1=101&oid=003&aid=0000447913
416,잇따른 전기차 리콜…K배터리 안전성 도마 올라,http://isplus.live.joins.com/news/article/article.asp?total_id=23921033
417,"국토부, 레인지로버·이스케이프 리콜 명령",http://www.cctoday.co.kr/news/articleView.html?idxno=836831
418,SM3·윈스톰·이스케이프·랜서 등 리콜 조치,http://news.mtn.co.kr/newscenter/news_viewer.mtn?gidx=2015081210091486978
419,[MD포토] '올여름은 가격내려간 2008 뉴이스케이프와 함께',http://www.mydaily.co.kr/news/read.html?newsid=200706110856264438&ext=na
420,"[MTN현장+]한국GM, 국산차냐 수입차냐 고민…포드에 맞출까? 현대에 맞출까?",http://news.mtn.co.kr/newscenter/news_viewer.mtn?gidx=2019050716571083200
421,"도심 속 시원한 질주, 2008 뉴 이스케이프 출시",https://news.naver.com/main/read.naver?mode=LSD&mid=sec&sid1=101&oid=003&aid=0000447913
422,잇따른 전기차 리콜…K배터리 안전성 도마 올라,http://isplus.live.joins.com/news/article/article.asp?total_id=23921033
423,"국토부, 레인지로버·이스케이프 리콜 명령",http://www.cctoday.co.kr/news/articleView.html?idxno=836831
424,"국토부, 레인지로버·이스케이프 988대 리콜",http://biz.chosun.com/site/data/html_dir/2014/05/26/2014052601099.html
425,SM3·윈스톰·이스케이프·랜서 등 리콜 조치,http://news.mtn.co.kr/newscenter/news_viewer.mtn?gidx=2015081210091486978
426,[MD포토] '올여름은 가격내려간 2008 뉴이스케이프와 함께',http://www.mydaily.co.kr/news/read.html?newsid=200706110856264438&ext=na
427,"국토부, 포드·기아차·벤츠 등 9167대 리콜",http://www.newstomato.com/ReadNews.aspx?no=788821
428,K-배터리 위기맞나… 글로벌 車 업체들 리콜 결정에 관련업계 '긴장',http://moneys.mt.co.kr/news/mwView.php?no=2020102013378045845
429,어코드·재규어·이스케이프·말리브 등 9326대 리콜,http://www.joseilbo.com/news/news_read.php?uid=265632&class=17&grp=
430,[MD포토] '올여름은 가격내려간 2008 뉴이스케이프와 함께',http://www.mydaily.co.kr/news/read.html?newsid=200706110856264438&ext=na
431,"국토부, 포드·기아차·벤츠 등 9167대 리콜",http://www.newstomato.com/ReadNews.aspx?no=788821
432,레인지로버·이스케이프 리콜,http://www.kookje.co.kr/news2011/asp/newsbody.asp?code=0200&key=20140527.22015203715
433,"레인지로버 129대, 이스케이프 2216대 리콜",http://www.edaily.co.kr/news/newspath.asp?newsid=02017206606092856
434,K-배터리 위기맞나… 글로벌 車 업체들 리콜 결정에 관련업계 '긴장',http://moneys.mt.co.kr/news/mwView.php?no=2020102013378045845
435,어코드·재규어·이스케이프·말리브 등 9326대 리콜,http://www.joseilbo.com/news/news_read.php?uid=265632&class=17&grp=
436,기아ㆍ포드ㆍ벤츠 등 4개 차종 9167대 리콜,http://www.jnilbo.com/read.php3?aid=1510844400536234003
437,GM 이어 포드도…미국 2개 공장 가동시간 축소,http://www.edaily.co.kr/news/newspath.asp?newsid=01157846619434256
438,"포드, 조립공장 인력 SUV·픽업트럭에 재배치…감원 안해",http://www.newsis.com/view/?id=NISX20181129_0000487386&cID=10101&pID=10100
439,[모터그램] 짚-벤츠-bmw-토요타-포드 리콜...에어백/안전벨트/시동 꺼짐 등 결함,http://www.sisunnews.co.kr/news/articleView.html?idxno=78656
440,기아차·포드·벤츠 등 9167대 리콜 조치,http://www.betanews.net:8080/article/765430.html
441,GM 이어 포드도…미국 2개 공장 가동시간 축소,http://www.edaily.co.kr/news/newspath.asp?newsid=01157846619434256
442,"포드, 조립공장 인력 SUV·픽업트럭에 재배치…감원 안해",http://www.newsis.com/view/?id=NISX20181129_0000487386&cID=10101&pID=10100
443,[모터그램] 짚-벤츠-bmw-토요타-포드 리콜...에어백/안전벨트/시동 꺼짐 등 결함,http://www.sisunnews.co.kr/news/articleView.html?idxno=78656
444,토요타·포드·벤츠·FCA·BMW 29개 차종 5137대 리콜…에어백·안전벨트 불량,http://news.mk.co.kr/newsRead.php?year=2018&no=184645
445,[MD포토]2008 뉴 이스케이프 타고 도시 탈출!,http://www.mydaily.co.kr/news/read.html?newsid=200706110902154435&ext=na
446,[포토] '발로 문을 여는 차' 올뉴이스케이프 출시,http://www.newdaily.co.kr/news/article.html?no=125575
447,"[시승기] 포드 뉴 '쿠가'...이름처럼 '표범' 같은 주행감, 연비는 부족",http://biz.chosun.com/site/data/html_dir/2017/02/17/2017021701585.html
448,"트럼프 ""포드공장 지켜냈다"" vs 포드 ""이전대상 아냐""",http://biz.chosun.com/site/data/html_dir/2016/11/18/2016111802342.html
449,"[콕 포인트] 포드 첫 디젤SUV 포드 쿠가, 유럽의 감성과 미국의 실용이 만났다",http://news.mk.co.kr/newsRead.php?no=123555&year=2016
450,"[시승기] 포드 뉴 '쿠가'...이름처럼 '표범' 같은 주행감, 연비는 부족",http://biz.chosun.com/site/data/html_dir/2017/02/17/2017021701585.html
451,기아·포드·벤츠 등 9167대 리콜…조향핸들 불량 등 적발,http://news1.kr/articles/?3153709
452,포드 퓨전·지프 랭글러 등 29개 차종 5137대 '제작결함' 리콜,http://sports.chosun.com/news/ntype.htm?id=201803230100181260013186&servicedate=20180322
453,[MD포토] 2008 뉴이스케이프와 함께 도시탈출 !,http://www.mydaily.co.kr/news/read.html?newsid=200706110859194430&ext=na
454,"트럼프 ""포드공장 지켜냈다"" vs 포드 ""이전대상 아냐""",http://biz.chosun.com/site/data/html_dir/2016/11/18/2016111802342.html
455,"[콕 포인트] 포드 첫 디젤SUV 포드 쿠가, 유럽의 감성과 미국의 실용이 만났다",http://news.mk.co.kr/newsRead.php?no=123555&year=2016
456,"[시승기]10% 싸도 비싼 차, 포드 쿠가",http://www.asiatoday.co.kr/view.php?key=20160115010009311
457,[시승기]‘그럼에도 디젤이다’ 포드 쿠가,http://www.edaily.co.kr/news/newspath.asp?newsid=03686726609599176
458,[시승기]디젤 SUV 시장 첫 도전장 낸 포드 '뉴 쿠가',http://www.zdnet.co.kr/ArticleView.asp?artice_id=20151208223324
459,[시승기]포드의 첫 디젤 SUV 뉴 쿠가,http://news.khan.co.kr/kh_news/khan_art_view.html?artid=201512100651551&code=920508
460,"포드, 전기차 머스탱 中 생산 시작..국내 도입은 언제?",http://www.dailycar.co.kr/content/news.html?type=view&autoId=41322
461,"포드, 국내 판매 차량서 화재·상해 위험 발견 '305대 리콜'",http://www.mbcsportsplus.com/news/?mode=view&cate=65&b_idx=99906554.000
462,FCA·벤츠·BMW·토요타·포드 등 29개 차종 5137대 리콜... 에어백·안전벨트 등 결함,http://biz.newdaily.co.kr/news/article.html?no=10156152
463,'제작 결함' 도요타·포드·벤츠·BMW 등 5천137대 리콜,http://app.yonhapnews.co.kr/YNA/Basic/SNS/r.aspx?c=AKR20180321130700003&did=1195m
464,[시승기] 포드 뉴 쿠가 2.0디젤 `세단 보다 경쾌한 SUV`,http://www.gpkorea.com/bbs/board.php?bo_table=gp_motorsports&wr_id=14453
465,'환경·비용' 두 마리 토끼 다 잡은 '전기차 1위'는?,https://www.enetnews.co.kr/news/articleView.html?idxno=5650
466,First Impression - 2017 포드 뉴 쿠가 시승기,http://autoin.edaily.co.kr/news/newspath.asp?newsid=05070886615831176
467,"포드, 향후 5년간 전기차 7차종 쏟아낸다",http://www.rpm9.com/news/article.html?id=20170104090023
468,포드·재규어랜드로버·지엠 코리아 9779대 리콜,http://www.newsis.com/ar_detail/view.html?ar_id=NISX20151007_0010335081&cID=10401&pID=10400
469,[시승기] '2016 포드 뉴 쿠가' in 영종도,http://maxim.wowtv.co.kr/cms/contents_view.php?contents_uid=8024
470,벤츠·BMW·토요타·포드·FCA 5137대 차량 리콜,http://www.gpkorea.com/bbs/board.php?bo_table=gp_motorsports&wr_id=19770
471,'제작 결함' 도요타·포드·벤츠·BMW 등 5천137대 리콜,http://app.yonhapnews.co.kr/YNA/Basic/SNS/r.aspx?c=AKR20180321130700003&did=1195m
472,[시승기] 포드 뉴 쿠가 2.0디젤 `세단 보다 경쾌한 SUV`,http://www.gpkorea.com/bbs/board.php?bo_table=gp_motorsports&wr_id=14453
473,'환경·비용' 두 마리 토끼 다 잡은 '전기차 1위'는?,https://www.enetnews.co.kr/news/articleView.html?idxno=5650
474,First Impression - 2017 포드 뉴 쿠가 시승기,http://autoin.edaily.co.kr/news/newspath.asp?newsid=05070886615831176
475,"포드, 향후 5년간 전기차 7차종 쏟아낸다",http://www.rpm9.com/news/article.html?id=20170104090023
476,포드·재규어랜드로버·지엠 코리아 9779대 리콜,http://www.newsis.com/ar_detail/view.html?ar_id=NISX20151007_0010335081&cID=10401&pID=10400
477,[시승기] '2016 포드 뉴 쿠가' in 영종도,http://maxim.wowtv.co.kr/cms/contents_view.php?contents_uid=8024
478,"국토부, 재규어랜드로버·포드 등 수입차 리콜 실시",http://www.nspna.com/news/?mode=view&newsid=133790
479,"포드 ""공장 네 곳 문 닫는다"" F-150 생산라인도 포함",http://www.koreadaily.com/news/read.asp?art_id=4690690
480,First Impression - 2017 포드 뉴 쿠가 시승기,http://autoin.edaily.co.kr/news/newspath.asp?newsid=05070886615831176
481,"포드, 향후 5년간 전기차 7차종 쏟아낸다",http://www.rpm9.com/news/article.html?id=20170104090023
482,포드·재규어랜드로버·지엠 코리아 9779대 리콜,http://www.newsis.com/ar_detail/view.html?ar_id=NISX20151007_0010335081&cID=10401&pID=10400
483,토요타포드벤츠FCABMW 29개 차종 5137대 리콜,http://www.consumernews.co.kr/?mod=news&act=articleView&idxno=524512
484,[시승기] '2016 포드 뉴 쿠가' in 영종도,http://maxim.wowtv.co.kr/cms/contents_view.php?contents_uid=8024
485,"국토부, 재규어랜드로버·포드 등 수입차 리콜 실시",http://www.nspna.com/news/?mode=view&newsid=133790
486,"포드 ""공장 네 곳 문 닫는다"" F-150 생산라인도 포함",http://www.koreadaily.com/news/read.asp?art_id=4690690
487,"포드 ""공장 네 곳 문 닫는다""…수요둔화로 조정 불가피",http://news1.kr/articles/?2805077
488,기아·포드·벤츠 4개 차종 9천여대 리콜 실시,http://news.mtn.co.kr/newscenter/news_viewer.mtn?gidx=2017111515120014954
489,"포드, 에어백 결함으로 85만대 리콜",http://www.edaily.co.kr/news/newspath.asp?newsid=01823686606224712
490,"포드, 에어백 결함으로 85만대 리콜",http://www.edaily.co.kr/news/newspath.asp?newsid=01823686606224712
491,"혼다·재규어랜드로버·포드·한국지엠, 9326대 리콜",http://www.dailian.co.kr/news/view/515972/?sc=naver
492,"포드, 도어 결함 차량 리콜…C-맥스·포커스 등 83만 대",http://www.koreadaily.com/news/read.asp?art_id=4491314
493,포드 138만대·크라이슬러 78만대 리콜,http://www.mt.co.kr/view/mtview.php?type=1&no=2014051015551663380&outlink=1
494,"포드 리콜, 시트 용접불량이 더 큰 문제",http://autotimes.hankyung.com/apps/news.sub_view?popup=0&nid=03&c1=03&c2=03&c3=00&nkey=201404092122211
495,"포드, 북미서 43만5000여대 리콜 ... ""車부식 우려""",http://www.mt.co.kr/view/mtview.php?type=1&no=2014040910284071536&outlink=1
496,‘연비 좋은 SUV’ 한국차 대거 상위권 진입,https://news.koreadaily.com/2022/04/10/economy/car/20220410161116543.html
497,[아경 시승기 3.0]탄탄함이 매력인 포드의 디젤 SUV '뉴 쿠가',http://view.asiae.co.kr/news/view.htm?idxno=2016051402164612680
498,"싼타페, ‘캐나다 올해의 차’ 선정 “이스케이프 눌렀다”",http://www.mydaily.co.kr/news/read.html?newsid=201302150939314431&ext=na
499,2015년 새해 첫날부터 GM·포드 링컨 '시동꺼짐' 리콜,http://www.osen.co.kr/article/G1110043894
