,title,url
0,"전기 픽업에 진심, 포드 제품 강화 나서",http://autotimes.hankyung.com/apps/news.sub_view?popup=0&nid=02&c1=02&c2=02&c3=00&nkey=202205012255481
1,"""적수가 없다""... 픽업시장 꽉 잡은 '쉐보레 콜로라도'",https://economist.co.kr/2022/04/19/industry/normal/20220419080011362.html
2,"포드 레인저, 4기통 뛰어넘는 V6 추가..입맛대로 고르는 픽업트럭",http://www.dailycar.co.kr/content/news.html?type=view&autoId=43850
3,"포드, '투어네오 커스텀 EV' 티저 공개...내달 9일 출시",http://www.gpkorea.com/news/articleView.html?idxno=85079
4,전기픽업 ‘F-150 라이트닝’ 대박난 포드..과연 두번째 카드는(?),http://www.dailycar.co.kr/content/news.html?type=view&autoId=44008
5,"포드 브롱코, 고객 부름받아 한국 상륙",http://www.econovill.com/news/articleView.html?idxno=572302
6,[리뷰] 폭발적인 퍼포먼스로 달리는 레인저 – 포드 레인저 랩터,https://hankookilbo.com/News/Read/A2022032520100003763?did=NA
7,오토캠핑 '차박 끝판왕'…'픽업 명가' 포드의 오픈형 수입 SUV '레인저',http://news.mk.co.kr/v2/economy/view.php?year=2021&no=757083
8,"""비슷한듯 다른 '픽업트럭의 세계'""(下)…숨겨진 진주 '지프 글래디에이터' vs 강인함+활용성의 '뉴 포드 레인저'",http://www.bizwnews.com/news/articleView.html?idxno=26118
9,"[Bestselling Car] 포드 ‘뉴 포드 레인저’ 최대 600㎏ 적재...중형 픽업, 캠핑족 취향저격",https://www.sedaily.com/NewsView/22OWBXW4PE
10,"""강력한 고성능 픽업트럭""…포드, '신형 레인저 랩터' 공개",https://zdnet.co.kr/view/?no=20220223102625
11,[Car Test-Drive] 뉴 포드 레인저 랩터 타보니… 육식공룡 ‘랩터’ 움직임 그대로 오프로드 달린다,http://news.mk.co.kr/newsRead.php?no=590621&year=2021
12,"포드, 강렬함으로 이목을 끄는 ‘레인저 랩터’ 공개",https://hankookilbo.com/News/Read/A2022030122250004744?did=NA
13,"포드, 레인저 기반 중형 SUV '에베레스트' 내달 1일 출시",http://www.gpkorea.com/news/articleView.html?idxno=83035
14,"[시승기] 디젤 픽업의 새로운 선택지, 포드 레인저 와일드트랙",https://hankookilbo.com/News/Read/A2021060207530000310?did=NA
15,"[시승기] 두 얼굴의 뉴 포드 레인저…""다목적‧오프로드에 최적 모델""",http://www.bizwnews.com/news/articleView.html?idxno=24751
16,"수입 픽업 이끄는 ‘쉐보레 콜로라도’, 누적판매 1만대 돌파… “라이벌 포드 레인저 압도”",https://www.donga.com/news/article/all/20220207/111624052/2
17,"포드, 픽업트럭 레인저 랩터에 V8 장착(?)..400마력 가솔린 엔진 예고!",http://www.dailycar.co.kr/content/news.html?type=view&autoId=42919
18,[시승기] 포드 레인저 랩터·와일드트랙 | 오프로드의 강자…바윗길과 물웅덩이도 거뜬,http://economychosun.com/client/news/view.php?boardName=C05&t_num=13610646
19,"포드코리아, 중형 픽업트럭 '뉴 레인저' 출시. 가격은 4,990만원 부터",http://www.autodaily.co.kr/news/articleView.html?idxno=426841
20,"[시승기] 포드 레인저, 매운맛 '랩터'·순한맛 '와일드 트랙'",http://moneys.mt.co.kr/news/mwView.php?no=2021040715498011366
21,[시승기] 랩터의 명성을 이어가는 오프로드 플레이어 – 포드 레인저 랩터 시승기,https://hankookilbo.com/News/Read/A2021040711100001705?did=NA
22,"[시승기] 디젤의 효율성에 다재다능함을 품은 픽업 트럭, 포드 레인저 와일드트랙",https://hankookilbo.com/News/Read/A2021040508020000144?did=NA
23,"[시승기] 포드, 픽업트럭 ‘레인저’로 오프로드 만끽",https://www.dnews.co.kr/uhtml/view.jsp?idxno=202104041533470970089
24,[시승기] 정통 오프로드의 강자… 포드 레인저 랩터·와일드트랙,https://biz.chosun.com/site/data/html_dir/2021/04/02/2021040202521.html?utm_source=naver&utm_medium=original&utm_campaign=biz
25,"[시승기] ""심장이 끓어오른다""... 미국 정통 픽업 '포드 레인저'",http://www.ceoscoredaily.com/news/article.html?no=80585
26,"[시승기] 4월 출시될 포드 픽업트럭 레인저, 험로에도 거침없는 질주 '인상적'",https://daily.hankooki.com/lpage/industry/202104/dh20210402094629147980.htm?s_ref=nv
27,"[시승기] ""험로도 거뜬""···오프로더 사로잡는 '포드 레인저'",http://www.sisajournal-e.com/news/articleView.html?idxno=230665
28,"[리얼시승기] 포드 레인저 '랩터·와일드트랙', 매운맛과 순한맛",http://www.g-enews.com/ko-kr/news/article/news_all/2021040912223643730d88486204_1/article.html
29,"""기대하라""던 포드 레인저, 애매한 편의사양… '와일드트랙'은 그나마 낫다",http://www.sisaweek.com/news/articleView.html?idxno=142812
30,"포드코리아, '포드 브롱코' '링컨 노틸러스' 투 톱 내세워 판매 증가 기대",http://www.consumernews.co.kr/news/articleView.html?idxno=647421
31,"""포드 '괴물 픽업' 나온다"" 개성파 '레인저' 등장!...""견인능력에 연비까지"" ",http://www.gpkorea.com/news/articleView.html?idxno=72391
32,[타보니] 정통 픽업트럭 '포드 레인저',https://www.dnews.co.kr/uhtml/view.jsp?idxno=202201281636246070073
33,"포드, 단종 앞둔 레인저 리미티드 에디션 공개..500대 한정",http://m.dailycar.co.kr/content/news.html?type=view&autoId=42592
34,"포드, 픽업트럭 '뉴 포드 레인저' 사전계약 실시",http://www.consumuch.com/news/articleView.html?idxno=52018
35,"포드, 정통 픽업트럭 '뉴 포드 레인저' 사전계약 실시",http://www.newscj.com/news/articleView.html?idxno=831473
36,픽업트럭 개조하는 포드..레인저 기반 7인승 SUV 출시 예고,http://www.dailycar.co.kr/content/news.html?type=view&autoId=42220
37,"포드, 형 닮은 아우 4세대 레인저 공개..내년 2월 고성능 랩터 출시",http://www.dailycar.co.kr/content/news.html?type=view&autoId=41803
38,"""터프해!"" 포드 차세대 레인저 픽업트럭",http://www.thedrive.co.kr/news/newsview.php?ncode=1065597429097961
39,"포드, 중형 픽업트럭 ‘레인저’ 이달 24일 공개..카운트 다운 돌입",http://www.dailycar.co.kr/content/news.html?type=view&autoId=41527
40,"'절치부심' 포드 코리아, 올해 질주할 수 있나",http://www.econovill.com/news/articleView.html?idxno=571493
41,고성능 픽입트럭 ‘레인저 랩터’ 등장..디젤 아닌 가솔린으로 승부수,http://www.dailycar.co.kr/content/news.html?type=view&autoId=43103
42,"[시승기] 강력한 디젤 엔진, 픽업 트럭 포드 레인저 와일드 트랙",http://www.iminju.net/news/articleView.html?idxno=75715
43,"포드, 강력해진 '신형 레인저' 티저 영상 공개...연말 데뷔",http://www.gpkorea.com/news/articleView.html?idxno=78671
44,"포드, 4세대 레인저 티저 공개..폭스바겐과 공동 개발",http://m.dailycar.co.kr/content/news.html?type=view&autoId=40919
45,"'픽업이 이렇게 멋져?' 포드 레인저, 온·오프로드 거침없는 `만능맨`",http://www.gpkorea.com/news/articleView.html?idxno=78109
46,RTR 비클이 세마쇼에서 공개한 '포드 레인저',http://www.hankookilbo.com/news/npath/202001210929383231?did=NA
47,"포드, 풀체인지 4세대 레인저 공개...""언덕도 거침없네""",http://www.wowtv.co.kr/NewsCenter/News/Read?articleId=A202109100160&t=NN
48,"포드, 7인승 SUV ‘에베레스트’ 공개..익스플로러 대체자로 아시안 공략",http://www.dailycar.co.kr/content/news.html?type=view&autoId=43198
49,"[르포] 브롱코 한국 출시, 포드 코리아와 소비자의 쾌거",http://www.econovill.com/news/articleView.html?idxno=567416
50,"[집중분석] 단숨에 인기 '픽업', 포드 레인저 성공 비결은?",http://www.iminju.net/news/articleView.html?idxno=74854
51,"포드, 픽업트럭 ‘레인저 하이브리드’ 출시 계획..디젤 라인업 퇴출(?)",http://www.dailycar.co.kr/content/news.html?type=view&autoId=40590
52,"수입차+SUV+캠핑카+오픈카, '1대'로 해결…'우리 가족 슈퍼카' 포드 레인저",http://news.mk.co.kr/newsRead.php?no=700792&year=2021
53,포드 '레인저'...한국인 오프로드 취향저격,https://www.econovill.com/news/articleView.html?idxno=540932
54,[타봤어요]오프로드서 빛나는 포드의 픽업트럭 '랩터'·'와일드트랙',http://www.edaily.co.kr/news/newspath.asp?newsid=01390726629044656
55,"데이비드 제프리 포드코리아 대표, 라인업 늘리고 매달 AS센터 열며 '체질개선' 박차",http://www.consumernews.co.kr/news/articleView.html?idxno=646971
56,"포드 픽업트럭 레인저 여름철 캠핑족에 제격…오프로드, 경제성 뛰어나",http://www.busan.com/view/busan/view.php?code=2021062116174178840
57,"한국타이어, '2019 포드 레인저'에 신차용 타이어 공급",http://www.chungnamilbo.com/news/articleView.html?idxno=477595
58,포드 레인저 가세한 아메리칸 픽업트럭 韓서 얼마나 팔렸나?,http://www.autodaily.co.kr/news/articleView.html?idxno=428440
59,"포드코리아, 올해 브롱코 등 다양한 니즈 충족 SUV 선봬",http://www.nspna.com/news/?mode=view&newsid=554224
60,"포드, '레인저 XL 스트리트' 스페셜 에디션 등장...300대 한정",http://www.gpkorea.com/news/articleView.html?idxno=76083
61,중형 픽업 ‘뉴 포드 레인저’ 여름 캠핑에 제격,http://www.busan.com/view/busan/view.php?code=2021062218084723798
62,"포드, 픽업트럭 해외서 리콜 잇따라…'레인저' 국내 도입 검토 영향은?",http://www.wikileaks-kr.org/news/articleView.html?idxno=36528
63,수입 픽업 개척자 '콜로라도'에 무슨 일?…포드 '레인저'에 '완패',https://www.asiatime.co.kr/article/20210623500163
64,"포드, 중형 픽업 '레인저' 2025년 전기차 등장한다",http://www.gpkorea.com/news/articleView.html?idxno=74733
65,"""반도체 부족""…포드, 북미 공장 생산 줄인다",https://zdnet.co.kr/view/?no=20220206111850
66,"'잘 끌고 잘 가는' 포드 레인저, 캠핑·차박에 안성맞춤",https://www.econovill.com/news/articleView.html?idxno=532894
67,"아시아 한정, 중형 픽업에 출력을 더한 '포드 레인저 랩터’",http://www.hankookilbo.com/v/88889B0B1731F0648D70A1BFE3CBC0A8
68,7년만에 부활한 미국 포드 '레인저',http://news.hankyung.com/article/2018011509111
69,"쉐보레, 대형 SUV로 전장 옮겨 포드와 경쟁···'타호'도 通할까",http://www.sisajournal-e.com/news/articleView.html?idxno=250823
70,"포드, ‘레인저 랩터 X’ 호주서만 판매..그 이유는?",http://www.dailycar.co.kr/content/news.html?type=view&autoId=39545
71,뉴 포드 레인저 두 가지 모델 공식 출시해,http://www.cbci.co.kr/news/articleView.html?idxno=413987
72,"[시승기] ""진짜 산 넘고 물 건너네""…정통 픽업 포드 레인저의 '진가'",http://www.sisaon.co.kr/news/articleView.html?idxno=126331
73,믿고 의지할 우리 가족 보드가드-‘용기 백배’ 포드 레인저,http://news.mk.co.kr/newsRead.php?no=353525&year=2021
74,"[자동차오늘] 벤츠 사회공헌위, 전국 사회복지기관에 5억 원 기부…포드코리아, 뉴 포드 레인저 출시",http://www.sisaon.co.kr/news/articleView.html?idxno=126256
75,포드 대형SUV로 한국시장 공략…'익스플로러FHEV·뉴 익스페이션' 출시대기,https://daily.hankooki.com/lpage/industry/202201/dh20220114161840147980.htm?s_ref=nv
76,"[별별시승] 뉴 포드 레인저 와일드트랙·랩터, 물 속·바위 밭도 거침없이...'상남자'의 매력",https://www.sedaily.com/NewsView/22L1KCGM2X
77,"'대기만 2-3개월' 쉐보레 콜로라도, 포드 레인저 들어와도 끄덕없다",http://www.autodaily.co.kr/news/articleView.html?idxno=426720
78,"[시승기] 거침없는 질주, 미국의 정통 픽업트럭..포드 레인저",http://www.dailycar.co.kr/content/news.html?type=view&autoId=39242
79,"[시승기] 뉴 포드 레인저 비도로 주행 성능, 이 정도까지일 줄이야",http://www.sportsworldi.com/newsView/20210331503527
80,"브롱코 앞세운 포드, 내년 공격적 신차 출시 예고",http://www.iminju.net/news/articleView.html?idxno=76331
81,대배기량 픽업이 부담스럽다면? 포드 '레인저' 뜬다,http://autotimes.hankyung.com/apps/news.sub_view?popup=0&nid=02&c1=02&c2=02&c3=00&nkey=202103220910161
82,"[상용차 리그] 포드 레인저 2종, 출력과 토크 '압도적'",https://www.econovill.com/news/articleView.html?idxno=522549
83,'픽업 춘추전국시대' 포드 레인저-싼타크루즈-렉스턴 스포츠 칸도 출격!,http://www.gpkorea.com/news/articleView.html?idxno=73472
84,"다음달 출시되는 포드 픽업트럭 '레인저', 사자마자 구형 되나",https://biz.chosun.com/site/data/html_dir/2021/03/08/2021030801699.html?utm_source=naver&utm_medium=original&utm_campaign=biz
85,"트럭 타고 국토 횡단, 포드 레인저 랩터",https://www.motortrendkorea.com/sub/view.html?no=5409&cate1Name=NEWCAR
86,"포드, 픽업트럭 레인저 출시 예고..PHEV 적용 계획",http://www.dailycar.co.kr/content/news.html?type=view&autoId=38989
87,"포드, 픽업트럭 레인저 PHEV로 전환 계획..출시 일정은?",http://www.dailycar.co.kr/content/news.html?type=view&autoId=38945
88,"[자동차오늘] 현대차-앱티브 합작사 '모셔널', 일반도로 무인 자율주행 성공…포드, 뉴 포드 레인저 사전계약",http://www.sisaon.co.kr/news/articleView.html?idxno=124360
89,"포드 픽업트럭 '레인저' 경쟁력 있나...""콜로라도보다 1100만원 비싸고 디젤만 팔아""",http://www.etnews.com/20210222000172
90,아웃도어 강자 가리자…쉐보레 '콜로라도' vs 포드 '브롱코',http://www.newstomato.com/ReadNews.aspx?no=1092150&inflow=N
91,"포드, 레인저와 에베레스트 베트남에서 2500대 리콜",http://www.g-enews.com/ko-kr/news/article/news_all/202103021644446353428b74b45e_1/article.html
92,"폭스바겐, 신형 아마록 티저 스케치 공개..포드 레인저의 형제차",http://www.dailycar.co.kr/content/news.html?type=view&autoId=39191
93,수입 대형 SUV 선두 달리는 포드 익스플로러…내년엔 FHEV 출격,https://view.asiae.co.kr/article/2021121715040012575
94,"포드·링컨, 신형 SUV 풀 라인업으로 폭넓은 수요 공략한다",http://www.rpm9.com/news/article.html?id=20211216090001
95,"포드, 익스플로러가 끌고 익스페디션이 밀고",http://autotimes.hankyung.com/apps/news.sub_view?popup=0&nid=02&c1=02&c2=02&c3=00&nkey=202111191528321
96,"한국GM, 쉐보레 '콜로라도' 판매 회복세···GMC '시에라' 도입 기대",http://www.sisajournal-e.com/news/articleView.html?idxno=257337
97,"포드, 2021 도약의 해…""레인저 기대해도 좋다""",http://www.mediapen.com/news/view/594538
98,"포드코리아, 브롱코·레인저로 돌풍 일으킨다",http://www.rpm9.com/news/article.html?id=20210114090013
99,"""큰 차 시대 선봉장되겠다""···포드, 익스플로러·레인저 등 6종 신차 출시",http://www.sisajournal-e.com/news/articleView.html?idxno=228073
100,"한국타이어, '2019 포드 레인저'에 신차용 타이어 공급",http://www.chungnamilbo.com/news/articleView.html?idxno=477595
101,포드 레인저 가세한 아메리칸 픽업트럭 韓서 얼마나 팔렸나?,http://www.autodaily.co.kr/news/articleView.html?idxno=428440
102,"포드코리아, 올해 브롱코 등 다양한 니즈 충족 SUV 선봬",http://www.nspna.com/news/?mode=view&newsid=554224
103,"포드, '레인저 XL 스트리트' 스페셜 에디션 등장...300대 한정",http://www.gpkorea.com/news/articleView.html?idxno=76083
104,중형 픽업 ‘뉴 포드 레인저’ 여름 캠핑에 제격,http://www.busan.com/view/busan/view.php?code=2021062218084723798
105,"포드, 픽업트럭 해외서 리콜 잇따라…'레인저' 국내 도입 검토 영향은?",http://www.wikileaks-kr.org/news/articleView.html?idxno=36528
106,수입 픽업 개척자 '콜로라도'에 무슨 일?…포드 '레인저'에 '완패',https://www.asiatime.co.kr/article/20210623500163
107,"포드, 중형 픽업 '레인저' 2025년 전기차 등장한다",http://www.gpkorea.com/news/articleView.html?idxno=74733
108,"""반도체 부족""…포드, 북미 공장 생산 줄인다",https://zdnet.co.kr/view/?no=20220206111850
109,"'잘 끌고 잘 가는' 포드 레인저, 캠핑·차박에 안성맞춤",https://www.econovill.com/news/articleView.html?idxno=532894
110,"한국타이어, 美 2019년형 포드 레인저에 신차용 타이어 공급",http://www.seoulwire.com/news/articleView.html?idxno=40230
111,"포드, 픽업트럭 해외서 리콜 잇따라…'레인저' 국내 도입 검토 영향은?",http://www.wikileaks-kr.org/news/articleView.html?idxno=36528
112,수입 픽업 개척자 '콜로라도'에 무슨 일?…포드 '레인저'에 '완패',https://www.asiatime.co.kr/article/20210623500163
113,"포드, 중형 픽업 '레인저' 2025년 전기차 등장한다",http://www.gpkorea.com/news/articleView.html?idxno=74733
114,"""반도체 부족""…포드, 북미 공장 생산 줄인다",https://zdnet.co.kr/view/?no=20220206111850
115,"'잘 끌고 잘 가는' 포드 레인저, 캠핑·차박에 안성맞춤",https://www.econovill.com/news/articleView.html?idxno=532894
116,"아시아 한정, 중형 픽업에 출력을 더한 '포드 레인저 랩터’",http://www.hankookilbo.com/v/88889B0B1731F0648D70A1BFE3CBC0A8
117,레저. 캠핑족 가슴뛰게 만드는 포드 픽업 '레인저' 국내 상륙,http://www.autodaily.co.kr/news/articleView.html?idxno=427556
118,7년만에 부활한 미국 포드 '레인저',http://news.hankyung.com/article/2018011509111
119,"쉐보레, 대형 SUV로 전장 옮겨 포드와 경쟁···'타호'도 通할까",http://www.sisajournal-e.com/news/articleView.html?idxno=250823
120,"쉐보레, 대형 SUV로 전장 옮겨 포드와 경쟁···'타호'도 通할까",http://www.sisajournal-e.com/news/articleView.html?idxno=250823
121,"포드, ‘레인저 랩터 X’ 호주서만 판매..그 이유는?",http://www.dailycar.co.kr/content/news.html?type=view&autoId=39545
122,뉴 포드 레인저 두 가지 모델 공식 출시해,http://www.cbci.co.kr/news/articleView.html?idxno=413987
123,"[시승기] ""진짜 산 넘고 물 건너네""…정통 픽업 포드 레인저의 '진가'",http://www.sisaon.co.kr/news/articleView.html?idxno=126331
124,믿고 의지할 우리 가족 보드가드-‘용기 백배’ 포드 레인저,http://news.mk.co.kr/newsRead.php?no=353525&year=2021
125,"'황야의 자유인' 뉴 포드 레인저, 포드코리아 12일 공식출시",http://www.osen.co.kr/article/G1111557543
126,"[자동차오늘] 벤츠 사회공헌위, 전국 사회복지기관에 5억 원 기부…포드코리아, 뉴 포드 레인저 출시",http://www.sisaon.co.kr/news/articleView.html?idxno=126256
127,포드 대형SUV로 한국시장 공략…'익스플로러FHEV·뉴 익스페이션' 출시대기,https://daily.hankooki.com/lpage/industry/202201/dh20220114161840147980.htm?s_ref=nv
128,"[별별시승] 뉴 포드 레인저 와일드트랙·랩터, 물 속·바위 밭도 거침없이...'상남자'의 매력",https://www.sedaily.com/NewsView/22L1KCGM2X
129,[시승기] 픽업트럭 뉴 포드 레인저 '와일드-랩터' 늠름한 형제,http://www.gpkorea.com/news/articleView.html?idxno=72998
130,"[자동차오늘] 벤츠 사회공헌위, 전국 사회복지기관에 5억 원 기부…포드코리아, 뉴 포드 레인저 출시",http://www.sisaon.co.kr/news/articleView.html?idxno=126256
131,"""정통 아웃도어의 단짝"" 포드코리아, '뉴 포드 레인저' 2종 국내 상륙",http://www.efnews.co.kr/news/articleView.html?idxno=89599
132,포드 대형SUV로 한국시장 공략…'익스플로러FHEV·뉴 익스페이션' 출시대기,https://daily.hankooki.com/lpage/industry/202201/dh20220114161840147980.htm?s_ref=nv
133,"[별별시승] 뉴 포드 레인저 와일드트랙·랩터, 물 속·바위 밭도 거침없이...'상남자'의 매력",https://www.sedaily.com/NewsView/22L1KCGM2X
134,[시승기] 픽업트럭 뉴 포드 레인저 '와일드-랩터' 늠름한 형제,http://www.gpkorea.com/news/articleView.html?idxno=72998
135,"'대기만 2-3개월' 쉐보레 콜로라도, 포드 레인저 들어와도 끄덕없다",http://www.autodaily.co.kr/news/articleView.html?idxno=426720
136,"[시승기] 거친 상남자의 매력 '포드 레인저' 와일드트랙·랩터, 급경사 바윗길 하천도강도 척척",http://www.consumernews.co.kr/news/articleView.html?idxno=623648
137,진짜배기 미국판 픽업트럭… 포드 레인저 랩터와 와일드트랙 [시승기],http://www.segye.com/content/html/2021/04/02/20210402514084.html?OutUrl=naver
138,[시승기] '물 만난 오프로드 강자'… 뉴 포드 레인저 와일드트랙·랩터,http://www.ajunews.com/view/20210401142256524
139,"[시승기] 거침없는 질주, 미국의 정통 픽업트럭..포드 레인저",http://www.dailycar.co.kr/content/news.html?type=view&autoId=39242
140,중형 픽업트럭 ‘뉴 포드 레인저’ 출시…4990만 원~,http://www.thedrive.co.kr/news/newsview.php?ncode=1065576597641804
141,포드 대형SUV로 한국시장 공략…'익스플로러FHEV·뉴 익스페이션' 출시대기,https://daily.hankooki.com/lpage/industry/202201/dh20220114161840147980.htm?s_ref=nv
142,"[별별시승] 뉴 포드 레인저 와일드트랙·랩터, 물 속·바위 밭도 거침없이...'상남자'의 매력",https://www.sedaily.com/NewsView/22L1KCGM2X
143,[시승기] 픽업트럭 뉴 포드 레인저 '와일드-랩터' 늠름한 형제,http://www.gpkorea.com/news/articleView.html?idxno=72998
144,"'대기만 2-3개월' 쉐보레 콜로라도, 포드 레인저 들어와도 끄덕없다",http://www.autodaily.co.kr/news/articleView.html?idxno=426720
145,"[시승기] 거친 상남자의 매력 '포드 레인저' 와일드트랙·랩터, 급경사 바윗길 하천도강도 척척",http://www.consumernews.co.kr/news/articleView.html?idxno=623648
146,진짜배기 미국판 픽업트럭… 포드 레인저 랩터와 와일드트랙 [시승기],http://www.segye.com/content/html/2021/04/02/20210402514084.html?OutUrl=naver
147,[시승기] '물 만난 오프로드 강자'… 뉴 포드 레인저 와일드트랙·랩터,http://www.ajunews.com/view/20210401142256524
148,"[시승기] 거침없는 질주, 미국의 정통 픽업트럭..포드 레인저",http://www.dailycar.co.kr/content/news.html?type=view&autoId=39242
149,"[민기자의 '드라이빙'] 포드 뉴 레인저는 오프로드 펀카… ""정통 픽업의 진수""",http://www.sisaweek.com/news/curationView.html?idxno=142914
150,"포드코리아, 중형 픽업트럭 '뉴 레인저' 국내 첫 출시",http://www.fnnews.com/news/202104121330374295
151,"[별별시승] 뉴 포드 레인저 와일드트랙·랩터, 물 속·바위 밭도 거침없이...'상남자'의 매력",https://www.sedaily.com/NewsView/22L1KCGM2X
152,[시승기] 픽업트럭 뉴 포드 레인저 '와일드-랩터' 늠름한 형제,http://www.gpkorea.com/news/articleView.html?idxno=72998
153,"'대기만 2-3개월' 쉐보레 콜로라도, 포드 레인저 들어와도 끄덕없다",http://www.autodaily.co.kr/news/articleView.html?idxno=426720
154,"[시승기] 거친 상남자의 매력 '포드 레인저' 와일드트랙·랩터, 급경사 바윗길 하천도강도 척척",http://www.consumernews.co.kr/news/articleView.html?idxno=623648
155,진짜배기 미국판 픽업트럭… 포드 레인저 랩터와 와일드트랙 [시승기],http://www.segye.com/content/html/2021/04/02/20210402514084.html?OutUrl=naver
156,[시승기] '물 만난 오프로드 강자'… 뉴 포드 레인저 와일드트랙·랩터,http://www.ajunews.com/view/20210401142256524
157,"[시승기] 거침없는 질주, 미국의 정통 픽업트럭..포드 레인저",http://www.dailycar.co.kr/content/news.html?type=view&autoId=39242
158,"[민기자의 '드라이빙'] 포드 뉴 레인저는 오프로드 펀카… ""정통 픽업의 진수""",http://www.sisaweek.com/news/curationView.html?idxno=142914
159,"[시승기] 뉴 포드 레인저 비도로 주행 성능, 이 정도까지일 줄이야",http://www.sportsworldi.com/newsView/20210331503527
160,"[민기자의 '드라이빙'] 포드 뉴 레인저는 오프로드 펀카… ""정통 픽업의 진수""",http://www.sisaweek.com/news/curationView.html?idxno=142914
161,"[시승기] 뉴 포드 레인저 비도로 주행 성능, 이 정도까지일 줄이야",http://www.sportsworldi.com/newsView/20210331503527
162,"브롱코 앞세운 포드, 내년 공격적 신차 출시 예고",http://www.iminju.net/news/articleView.html?idxno=76331
163,[글로벌정보] 픽업트럭 인기에 '포드 레인저' 부활,http://www.obsnews.co.kr/news/articleView.html?idxno=1078754
164,대배기량 픽업이 부담스럽다면? 포드 '레인저' 뜬다,http://autotimes.hankyung.com/apps/news.sub_view?popup=0&nid=02&c1=02&c2=02&c3=00&nkey=202103220910161
165,중형 픽업 '뉴 포드 레인저' 출시…4990만원부터,https://www.hankyung.com/economy/article/202104122276g
166,"[상용차 리그] 포드 레인저 2종, 출력과 토크 '압도적'",https://www.econovill.com/news/articleView.html?idxno=522549
167,'픽업 춘추전국시대' 포드 레인저-싼타크루즈-렉스턴 스포츠 칸도 출격!,http://www.gpkorea.com/news/articleView.html?idxno=73472
168,"다음달 출시되는 포드 픽업트럭 '레인저', 사자마자 구형 되나",https://biz.chosun.com/site/data/html_dir/2021/03/08/2021030801699.html?utm_source=naver&utm_medium=original&utm_campaign=biz
169,"트럭 타고 국토 횡단, 포드 레인저 랩터",https://www.motortrendkorea.com/sub/view.html?no=5409&cate1Name=NEWCAR
170,[글로벌정보] 픽업트럭 인기에 '포드 레인저' 부활,http://www.obsnews.co.kr/news/articleView.html?idxno=1078754
171,대배기량 픽업이 부담스럽다면? 포드 '레인저' 뜬다,http://autotimes.hankyung.com/apps/news.sub_view?popup=0&nid=02&c1=02&c2=02&c3=00&nkey=202103220910161
172,중형 픽업 '뉴 포드 레인저' 출시…4990만원부터,https://www.hankyung.com/economy/article/202104122276g
173,"[상용차 리그] 포드 레인저 2종, 출력과 토크 '압도적'",https://www.econovill.com/news/articleView.html?idxno=522549
174,'픽업 춘추전국시대' 포드 레인저-싼타크루즈-렉스턴 스포츠 칸도 출격!,http://www.gpkorea.com/news/articleView.html?idxno=73472
175,"다음달 출시되는 포드 픽업트럭 '레인저', 사자마자 구형 되나",https://biz.chosun.com/site/data/html_dir/2021/03/08/2021030801699.html?utm_source=naver&utm_medium=original&utm_campaign=biz
176,"트럭 타고 국토 횡단, 포드 레인저 랩터",https://www.motortrendkorea.com/sub/view.html?no=5409&cate1Name=NEWCAR
177,"포드, 픽업트럭 레인저 출시 예고..PHEV 적용 계획",http://www.dailycar.co.kr/content/news.html?type=view&autoId=38989
178,"포드, 픽업트럭 레인저 PHEV로 전환 계획..출시 일정은?",http://www.dailycar.co.kr/content/news.html?type=view&autoId=38945
179,"[자동차오늘] 현대차-앱티브 합작사 '모셔널', 일반도로 무인 자율주행 성공…포드, 뉴 포드 레인저 사전계약",http://www.sisaon.co.kr/news/articleView.html?idxno=124360
180,"“정통성 대신 실리 택했다”… 포드코리아, 남아공産 디젤 픽업 ‘레인저’ 사전계약",https://www.donga.com/news/article/all/20210222/105555783/2
181,"포드 픽업트럭 '레인저' 경쟁력 있나...""콜로라도보다 1100만원 비싸고 디젤만 팔아""",http://www.etnews.com/20210222000172
182,아웃도어 강자 가리자…쉐보레 '콜로라도' vs 포드 '브롱코',http://www.newstomato.com/ReadNews.aspx?no=1092150&inflow=N
183,"포드, 레인저와 에베레스트 베트남에서 2500대 리콜",http://www.g-enews.com/ko-kr/news/article/news_all/202103021644446353428b74b45e_1/article.html
184,[영상] 이게 픽업이지! 포드 레인저 행사 스케치,http://autotimes.hankyung.com/apps/news.sub_view?popup=0&nid=12&c1=12&c2=12&c3=00&nkey=202103311249541
185,"폭스바겐, 신형 아마록 티저 스케치 공개..포드 레인저의 형제차",http://www.dailycar.co.kr/content/news.html?type=view&autoId=39191
186,수입 대형 SUV 선두 달리는 포드 익스플로러…내년엔 FHEV 출격,https://view.asiae.co.kr/article/2021121715040012575
187,"포드코리아, 중형 픽업트럭 '레인저' 출시",http://autotimes.hankyung.com/apps/news.sub_view?popup=0&nid=02&c1=02&c2=02&c3=00&nkey=202104121013331
188,"포드·링컨, 신형 SUV 풀 라인업으로 폭넓은 수요 공략한다",http://www.rpm9.com/news/article.html?id=20211216090001
189,"포드, 익스플로러가 끌고 익스페디션이 밀고",http://autotimes.hankyung.com/apps/news.sub_view?popup=0&nid=02&c1=02&c2=02&c3=00&nkey=202111191528321
190,"포드, 오프로드서 '날아다니는' 픽업트럭 레인저 공개",https://www.econovill.com/news/articleView.html?idxno=520426
191,아웃도어 강자 가리자…쉐보레 '콜로라도' vs 포드 '브롱코',http://www.newstomato.com/ReadNews.aspx?no=1092150&inflow=N
192,"포드, 레인저와 에베레스트 베트남에서 2500대 리콜",http://www.g-enews.com/ko-kr/news/article/news_all/202103021644446353428b74b45e_1/article.html
193,[영상] 이게 픽업이지! 포드 레인저 행사 스케치,http://autotimes.hankyung.com/apps/news.sub_view?popup=0&nid=12&c1=12&c2=12&c3=00&nkey=202103311249541
194,"폭스바겐, 신형 아마록 티저 스케치 공개..포드 레인저의 형제차",http://www.dailycar.co.kr/content/news.html?type=view&autoId=39191
195,수입 대형 SUV 선두 달리는 포드 익스플로러…내년엔 FHEV 출격,https://view.asiae.co.kr/article/2021121715040012575
196,"포드코리아, 중형 픽업트럭 '레인저' 출시",http://autotimes.hankyung.com/apps/news.sub_view?popup=0&nid=02&c1=02&c2=02&c3=00&nkey=202104121013331
197,"포드·링컨, 신형 SUV 풀 라인업으로 폭넓은 수요 공략한다",http://www.rpm9.com/news/article.html?id=20211216090001
198,"포드, 익스플로러가 끌고 익스페디션이 밀고",http://autotimes.hankyung.com/apps/news.sub_view?popup=0&nid=02&c1=02&c2=02&c3=00&nkey=202111191528321
199,"한국GM, 쉐보레 '콜로라도' 판매 회복세···GMC '시에라' 도입 기대",http://www.sisajournal-e.com/news/articleView.html?idxno=257337
200,[영상] 이게 픽업이지! 포드 레인저 행사 스케치,http://autotimes.hankyung.com/apps/news.sub_view?popup=0&nid=12&c1=12&c2=12&c3=00&nkey=202103311249541
201,정통 픽업트럭 뉴 포드 레인저 사전계약…가격은 4천990만원부터,http://yna.kr/AKR20210222067900003?did=1195m
202,"폭스바겐, 신형 아마록 티저 스케치 공개..포드 레인저의 형제차",http://www.dailycar.co.kr/content/news.html?type=view&autoId=39191
203,수입 대형 SUV 선두 달리는 포드 익스플로러…내년엔 FHEV 출격,https://view.asiae.co.kr/article/2021121715040012575
204,"포드코리아, 중형 픽업트럭 '레인저' 출시",http://autotimes.hankyung.com/apps/news.sub_view?popup=0&nid=02&c1=02&c2=02&c3=00&nkey=202104121013331
205,"포드·링컨, 신형 SUV 풀 라인업으로 폭넓은 수요 공략한다",http://www.rpm9.com/news/article.html?id=20211216090001
206,"포드, 익스플로러가 끌고 익스페디션이 밀고",http://autotimes.hankyung.com/apps/news.sub_view?popup=0&nid=02&c1=02&c2=02&c3=00&nkey=202111191528321
207,"한국GM, 쉐보레 '콜로라도' 판매 회복세···GMC '시에라' 도입 기대",http://www.sisajournal-e.com/news/articleView.html?idxno=257337
208,"포드, 2021 도약의 해…""레인저 기대해도 좋다""",http://www.mediapen.com/news/view/594538
209,"포드코리아, 브롱코·레인저로 돌풍 일으킨다",http://www.rpm9.com/news/article.html?id=20210114090013
210,"""큰 차 시대 선봉장되겠다""···포드, 익스플로러·레인저 등 6종 신차 출시",http://www.sisajournal-e.com/news/articleView.html?idxno=228073
211,"포드코리아 ""레인저, 브롱코 등 차별화된 신차로 한국 시장 공략할 것""",http://www.efnews.co.kr/news/articleView.html?idxno=88410
212,"포드 레인저. 쉐보레 콜로라도. 짚 글래디에이터 美 정통픽업 3인방, 韓서 본격 대결",http://www.autodaily.co.kr/news/articleView.html?idxno=424999
213,"포드, 내년 '브롱코' 포함 SUV 5개 새 모델 출시",http://www.newsis.com/view/?id=NISX20211207_0001679436&cID=13001&pID=13000
214,"[biz car] 포드, 르노그룹, 한국토요타",http://www.bizwnews.com/news/articleView.html?idxno=30204
215,"포드 레인저, 4월 국내 출시하나",http://autotimes.hankyung.com/apps/news.sub_view?popup=0&nid=02&c1=02&c2=02&c3=00&nkey=202101061542341
216,"포드‧링컨, 내년 브롱코‧노틸러스 등 SUV 5종 국내 출시",https://www.dailian.co.kr/news/view/1060282/?sc=Naver
217,[시승기] 더욱 높아진 경쟁력으로 시선을 끄는 K-픽업트럭 – 쌍용 렉스턴 스포츠 칸,https://hankookilbo.com/News/Read/A2022031008190004922?did=NA
218,"포드, PMC를 위한 레인저와 에베레스트 무장 차량 공개",https://hankookilbo.com/News/Read/A2021011908370003641?did=NA
219,"포드, 레인저 와일드트랙·레인저 랩터 투입 계획..픽업트럭 시장 벌써 ‘후끈’",http://m.dailycar.co.kr/content/news.html?type=view&autoId=38403
220,"포드코리아, 2022년 차별화된 가치 제공하는 SUV 모델 5종 출시",http://kr.aving.net/news/view.php?articleId=1661231&Branch_ID=kr&rssid=naver&mn_name=news
221,[시승기] 더욱 높아진 경쟁력으로 시선을 끄는 K-픽업트럭 – 쌍용 렉스턴 스포츠 칸,https://hankookilbo.com/News/Read/A2022031008190004922?did=NA
222,"포드, PMC를 위한 레인저와 에베레스트 무장 차량 공개",https://hankookilbo.com/News/Read/A2021011908370003641?did=NA
223,"포드, 레인저 와일드트랙·레인저 랩터 투입 계획..픽업트럭 시장 벌써 ‘후끈’",http://m.dailycar.co.kr/content/news.html?type=view&autoId=38403
224,"'내년 美 픽업트럭·SUV 몰려온다' 포드코리아, 뉴 레인저·브롱코 등 신차 6종 투입",http://www.autodaily.co.kr/news/articleView.html?idxno=424442
225,대형SUV 이어 픽업트럭 시장서도 한국GM에 밀리는 포드,http://www.sisajournal-e.com/news/articleView.html?idxno=238866
226,"""틈새에 답있다?"" 쉐보레·포드, 픽업트럭으로 부진 탈출",https://www.ebn.co.kr/news/view/1503735/?sc=Naver
227,"포드, 정통 픽업트럭 '뉴 포드 레인저' 사전계약 시작",http://www.metroseoul.co.kr/article/20210222500382
228,쉐보레 넘기 힘드네... 한국서 자존심 구긴 포드,https://www.ceoscoredaily.com/page/view/2021111015211777339
229,"‘전기트럭’이 ‘전통트럭’ 제쳤다… 리비안, GM·포드 누르며 증시 입성",https://biz.chosun.com/international/international_economy/2021/11/11/M5LPO64MJVH33CUQYGSDQYZQPI/?utm_source=naver&utm_medium=original&utm_campaign=biz
230,포드 오프로드 SUV '브롱코' 내년 2분기 한국 온다…가격 6900만원,https://www.asiatoday.co.kr/view.php?key=20211206010003344
231,[시승기] 더욱 높아진 경쟁력으로 시선을 끄는 K-픽업트럭 – 쌍용 렉스턴 스포츠 칸,https://hankookilbo.com/News/Read/A2022031008190004922?did=NA
232,"포드, PMC를 위한 레인저와 에베레스트 무장 차량 공개",https://hankookilbo.com/News/Read/A2021011908370003641?did=NA
233,"포드, 레인저 와일드트랙·레인저 랩터 투입 계획..픽업트럭 시장 벌써 ‘후끈’",http://m.dailycar.co.kr/content/news.html?type=view&autoId=38403
234,"'내년 美 픽업트럭·SUV 몰려온다' 포드코리아, 뉴 레인저·브롱코 등 신차 6종 투입",http://www.autodaily.co.kr/news/articleView.html?idxno=424442
235,대형SUV 이어 픽업트럭 시장서도 한국GM에 밀리는 포드,http://www.sisajournal-e.com/news/articleView.html?idxno=238866
236,"""틈새에 답있다?"" 쉐보레·포드, 픽업트럭으로 부진 탈출",https://www.ebn.co.kr/news/view/1503735/?sc=Naver
237,"포드, 정통 픽업트럭 '뉴 포드 레인저' 사전계약 시작",http://www.metroseoul.co.kr/article/20210222500382
238,쉐보레 넘기 힘드네... 한국서 자존심 구긴 포드,https://www.ceoscoredaily.com/page/view/2021111015211777339
239,"‘전기트럭’이 ‘전통트럭’ 제쳤다… 리비안, GM·포드 누르며 증시 입성",https://biz.chosun.com/international/international_economy/2021/11/11/M5LPO64MJVH33CUQYGSDQYZQPI/?utm_source=naver&utm_medium=original&utm_campaign=biz
240,"포드·링컨, 내년 레인저·익스페디션·네비게이터·브롱코 등 6종 한국 출시",http://www.fntimes.com/html/view.php?ud=2020121012373791507de3572ddd_18
241,"""틈새에 답있다?"" 쉐보레·포드, 픽업트럭으로 부진 탈출",https://www.ebn.co.kr/news/view/1503735/?sc=Naver
242,"포드, 정통 픽업트럭 '뉴 포드 레인저' 사전계약 시작",http://www.metroseoul.co.kr/article/20210222500382
243,쉐보레 넘기 힘드네... 한국서 자존심 구긴 포드,https://www.ceoscoredaily.com/page/view/2021111015211777339
244,"‘전기트럭’이 ‘전통트럭’ 제쳤다… 리비안, GM·포드 누르며 증시 입성",https://biz.chosun.com/international/international_economy/2021/11/11/M5LPO64MJVH33CUQYGSDQYZQPI/?utm_source=naver&utm_medium=original&utm_campaign=biz
245,"포드코리아, '구원투수' 브롱코 출시 지연에 '이중고'",http://www.iminju.net/news/articleView.html?idxno=75493
246,`콜로라도ㆍ글래디에이터` 미국산 픽업 전성시대…포드 '레인저'도 국내경쟁 합류,http://www.gpkorea.com/news/articleView.html?idxno=67433
247,픽업시장 성장에 포드 레인저 출시설 '모락모락',http://it.chosun.com/site/data/html_dir/2020/09/15/2020091503769.html
248,[CEO Interview] “포드 전기차 혁명 이끌 것… 링컨은 궁극의 편안함 추구”,https://magazine.hankyung.com/money/article/202109161783c
249,"포드코리아, '2021 포드 기술경진대회' 개최…""고객 서비스 강화""",http://www.efnews.co.kr/news/articleView.html?idxno=92426
250,"포드코리아, '2021 포드 기술경진대회' 개최…""고객 서비스 강화""",http://www.efnews.co.kr/news/articleView.html?idxno=92426
251,"""야외활동에 최고"" 실용성 앞세운 '픽업트럭' 인기 몰이",https://www.news1.kr/articles/?4667740
252,"포드세일즈 대형 SUV 앞세워 판매량 9% 증가...익스플로러 '1위 탈환', 에비에이터 판매 '3배' 껑충",http://www.consumernews.co.kr/news/articleView.html?idxno=635574
253,"포드, 브롱코 랩터 출시 임박(?)..400마력 엔진으로 오프로드 점령",http://www.dailycar.co.kr/content/news.html?type=view&autoId=40981
254,포드가 공개할 차세대 픽업트럭 레인저 랩터는..디젤 or 가솔린(?),http://www.dailycar.co.kr/content/news.html?type=view&autoId=37045
255,"카렉스 디자인, 포드 레인저를 유니크하게 다듬다",https://hankookilbo.com/News/Read/A2020070511020003041?did=NA
256,"포드, 레인저에 강렬함을 더한 '썬더 에디션' 공개",http://www.hankookilbo.com/news/npath/202005280525326956?did=NA
257,레인저에 트레모어를 더했더니,https://www.motortrendkorea.com/sub/view.html?no=5554&cate1Name=NEWCAR
258,"포드, 유럽서 픽업트럭 '레인저 썬더' 한정판 선뵈…4961만원",http://www.edaily.co.kr/news/newspath.asp?newsid=01630166625771544
259,"포드 초대형 SUV 익스페디션, 성능·편의·공간 '감탄'",https://www.econovill.com/news/articleView.html?idxno=549620
260,[시승기] 더욱 대담히 달리는 국산 픽업트럭…쌍용 뉴 렉스턴 스포츠칸 익스페디션,https://hankookilbo.com/News/Read/A2022011322280003491?did=NA
261,포드가 공개할 레인저 3色 오프로드 패키지..특징은?,http://www.dailycar.co.kr/content/news.html?type=view&autoId=36963
262,"포드 퍼포먼스, 포드 레인저를 위한 '퍼포먼스 팩' 출시",http://www.hankookilbo.com/news/npath/202004181100351997?did=NA
263,"한국지엠, 트레일블레이저 고군분투… 내수 부진, 수출 물량으로 만회",http://www.sisaweek.com/news/articleView.html?idxno=150054
264,[상용차 리그] 렉스턴 스포츠 픽업시장 평정…2022년에도 가능할까,http://www.econovill.com/news/articleView.html?idxno=561158
265,"쌍용차 뉴렉스턴스포츠&칸에 픽업트럭 1위 수성 맡겨, 회생 기반 간절",https://www.businesspost.co.kr/BP?command=article_view&num=267679
266,"포드, 호주 시장에 V8 엔진 탑재한 '포드 레인저' 출시한다",http://www.hankookilbo.com/news/npath/202003280997378167?did=NA
267,"희비 엇갈리는 미국차…지프 웃고, 포드 울고",http://isplus.live.joins.com/news/article/article.asp?total_id=24126216
268,"힘세지, 넓지, 안전하지…픽업트럭, 차박에 딱~이네",https://www.hankyung.com/economy/article/2021122880311
269,"[성공기업, 성공DNA] 상반기 '쌩쌩' 포드·링컨, 'SUV·픽업트럭' 신차로 승부수",https://www.asiatoday.co.kr/view.php?key=20210714010008562
270,한국시장 상륙 앞둔 포드 ‘레인저’..안전·신뢰 ‘논란’,http://www.dailycar.co.kr/content/news.html?type=view&autoId=36112
271,[리뷰] 포드 픽업 트럭 라인업에 힘을 더하다…포드 매버릭,https://hankookilbo.com/News/Read/A2021070818480000136?did=NA
272,"'4000만원대' 패밀리 슈퍼카, 수입차 '판매신화' 썼다…SUV+캠핑카+오픈카, 콜로라도 [왜몰랐을카]",http://news.mk.co.kr/newsRead.php?no=1210782&year=2021
273,강인한 녀석이 왔다… 더 뉴 레인저 와일드트랙·랩터 2종 출시,http://moneys.mt.co.kr/news/mwView.php?no=2021041216168091108
274,"'미국산 픽업 경쟁' 콜로라도 vs 레인저, 동반 인기상승 이끄나",http://www.gpkorea.com/news/articleView.html?idxno=73003
275,"포드, 중형 픽업트럭 ‘레인저’..고성능 V8 탑재하나?",http://www.dailycar.co.kr/content/news.html?type=view&autoId=35554
276,국내 픽업트럭 경쟁 '활발'…렉스턴·레인저·콜로라도 삼국지,http://www.sporbiz.co.kr/news/articleView.html?idxno=519558
277,픽업트럭 시장도 수입차 전성시대…20% 점유율 눈앞,http://www.sisaon.co.kr/news/articleView.html?idxno=134365
278,"[시승기] '콜로라도·레인저? 웃기지 마!' 이게 바로 'K-픽업'…쌍용차, '더 뉴 렉스턴 스포츠 칸'",https://www.asiatime.co.kr/article/20210609500381
279,"포드·지프 걱정없는 콜로라도, 대기수요 1500대 넘어…원톱 굳히기 '총력'",http://www.sisaon.co.kr/news/articleView.html?idxno=128885
280,"포드코리아, 익스플로러PHEV·레인저 등 2021년까지 최대 7개 신차 출시",http://www.autodaily.co.kr/news/articleView.html?idxno=413337
281,"폭스바겐, 포드 매버릭과 전쟁없다...""전기픽업 가능성""",http://www.gpkorea.com/news/articleView.html?idxno=75291
282,"포드 픽업트럭 ‘레인저’, 내년 말 이후 수입된다",http://www.rpm9.com/news/article.html?id=20191105090004
283,"포드, 새 전기차 픽업트럭 공개후 7%↑...테슬라 '날개없는 추락'",http://www.wowtv.co.kr/NewsCenter/News/Read?articleId=A202106040048&t=NN
284,"[상용차 리그] 이스즈 픽업트럭 '디맥스' 한국 상륙, 승부수는?",http://www.econovill.com/news/articleView.html?idxno=556391
285,"'불모지 개척자' 콜로라도, 수입 픽업트럭 판매 1위",http://www.newstomato.com/ReadNews.aspx?no=1091476&inflow=N
286,"[앗! 신차] 한국, 유럽서 완판된 '아이오닉 5', 파나메라, 뉴 레인저 등",https://www.asiatime.co.kr/article/20210228500054
287,"포드, 픽업트럭 '레인저 FX2 패키지' 출시..""2륜으로 오프로드 장악""",http://www.gpkorea.com/news/articleView.html?idxno=55574
288,"포드 레인저, 오프로드 감성을 살린 ‘FX2 패키지’ 공개",http://www.hankookilbo.com/news/npath/201908211064334420?did=NA
289,"포드, 픽업트럭 레인저 출시..오프로드 성능 강화",http://www.dailycar.co.kr/content/news.html?type=view&autoId=34272
290,"포드, 픽업트럭 레인저 출시..오프로드 성능 강화",http://www.dailycar.co.kr/content/news.html?type=view&autoId=34272
291,"현대 엑센트, 압도적 판매로 베트남 10월 자동차 시장 석권",http://www.g-enews.com/ko-kr/news/article/news_all/202111172052525958428b74b45e_1/article.html
292,"美 대표 수입차 간판, 포드에서 지프로 넘어가나",http://www.sisajournal-e.com/news/articleView.html?idxno=233909
293,"포드, 반도체 부족으로 7월 중 차량 생산 대폭 감축",http://www.g-enews.com/ko-kr/news/article/news_all/2021070107030360446336258971_1/article.html
294,"포드, 한국서 PPL 재시동 건 사연은?",https://www.econovill.com/news/articleView.html?idxno=530591
295,"포드, 픽업트럭 ‘레인저’ 국내 투입 계획..디젤 라인업 검토",http://www.dailycar.co.kr/content/news.html?type=view&autoId=33459
296,"포드, 픽업트럭 ‘레인저 랩터’ 출시 계획..국내 투입 전망은?",http://www.dailycar.co.kr/content/news.html?type=view&autoId=33288
297,"'콜로라도·레인저'에 맞선 '조선픽업' 쌍용차, 하루만에 1300여대 계약",https://www.asiatime.co.kr/article/20210406500125
298,[브리핑] 쉐보레·지프·포드,http://4th.kr/View.aspx?No=1558138
299,쌍용차에 포드까지…올해 국내 픽업트럭 시장 경쟁 뜨겁다,http://www.edaily.co.kr/news/newspath.asp?newsid=03447286629015464
300,쌍용차에 포드까지…올해 국내 픽업트럭 시장 경쟁 뜨겁다,http://www.edaily.co.kr/news/newspath.asp?newsid=03447286629015464
301,"현대차 싼타크루즈, 미국서 복합효율 ‘한자리’ 인증..미소 짓는 포드?",http://www.dailycar.co.kr/content/news.html?type=view&autoId=39823
302,"포드, 유럽형 레인저에 2.0 디젤엔진 적용..국내 투입 전망은?",http://www.dailycar.co.kr/content/news.html?type=view&autoId=32118
303,"제프리 포드코리아 사장, “SUV·픽업트럭으로 승부수..머스탱 마하-E 투입 계획!”",http://www.dailycar.co.kr/content/news.html?type=view&autoId=39271
304,"포드 브롱코, 美 고객인도 지연 통보...'하드톱 공급 문제'",http://www.gpkorea.com/news/articleView.html?idxno=74587
305,"신차 공세에 파격 판촉…재도약 포드, 상반기에 올인",http://isplus.live.joins.com/news/article/article.asp?total_id=24022375
306,美 상징 '포드레인저'도 한국타이어 장착,http://www.sedaily.com/NewsView/1S8IWZPDE9
307,[시승기] 더욱 인상적인 외형 안에 담겨 있는 편안함의 가치…쌍용 렉스턴 스포츠 칸,https://hankookilbo.com/News/Read/A2021102608270005709?did=NA
308,절대 강자 쌍용차 주춤…레저 캠핑 타고 포드 쉐보레 픽업 트럭 파고든다,http://news.mk.co.kr/newsRead.php?no=266826&year=2021
309,"포드, SUV부터 픽업트럭까지… 라인업 강화로 부진 턴다",http://www.m-i.kr/news/articleView.html?idxno=808654
310,"한국타이어, 픽업트럭 포드 레인저에 신차용 타이어 공급",http://www.edaily.co.kr/news/newspath.asp?newsid=02318966619440160
311,[시승기] 더욱 인상적인 외형 안에 담겨 있는 편안함의 가치…쌍용 렉스턴 스포츠 칸,https://hankookilbo.com/News/Read/A2021102608270005709?did=NA
312,절대 강자 쌍용차 주춤…레저 캠핑 타고 포드 쉐보레 픽업 트럭 파고든다,http://news.mk.co.kr/newsRead.php?no=266826&year=2021
313,"포드, SUV부터 픽업트럭까지… 라인업 강화로 부진 턴다",http://www.m-i.kr/news/articleView.html?idxno=808654
314,포드 레인저 북미 재생산 돌입...가격은?,http://autotimes.hankyung.com/apps/news.sub_view?popup=0&nid=02&c1=02&c2=02&c3=00&nkey=201810241944221
315,"한국타이어, ‘2019 포드 레인저’에 신차용 타이어 공급",http://www.rpm9.com/news/article.html?id=20181221090003
316,"포드, 대형차 신차공세…“차박시대 이끈다”",http://www.newstomato.com/ReadNews.aspx?no=1033937
317,픽업트럭서 또 붙는 한국GM·포드코리아,http://www.sisajournal-e.com/news/articleView.html?idxno=230061
318,"수입 픽업 시장, 7년 새 50배 이상 폭풍성장..쉐보레 독주 ‘왜?’",http://www.dailycar.co.kr/content/news.html?type=view&autoId=41180
319,포드 레인저 제원 공개...국내 출시 기대감↑,http://autotimes.hankyung.com/apps/news.sub_view?popup=0&nid=02&c1=02&c2=02&c3=00&nkey=201810071854591
320,"한국타이어, '2019 포드 레인저'에 신차용 타이어 공급",http://www.wikileaks-kr.org/news/articleView.html?idxno=43457
321,"포드, 대형차 신차공세…“차박시대 이끈다”",http://www.newstomato.com/ReadNews.aspx?no=1033937
322,픽업트럭서 또 붙는 한국GM·포드코리아,http://www.sisajournal-e.com/news/articleView.html?idxno=230061
323,"수입 픽업 시장, 7년 새 50배 이상 폭풍성장..쉐보레 독주 ‘왜?’",http://www.dailycar.co.kr/content/news.html?type=view&autoId=41180
324,포드 레인저 제원 공개...국내 출시 기대감↑,http://autotimes.hankyung.com/apps/news.sub_view?popup=0&nid=02&c1=02&c2=02&c3=00&nkey=201810071854591
325,"[글로벌-Biz 24]포드, 美서 7년만에 '브롱코·레인저' 재생산… 'SUV·픽업트럭 체질개선'",http://www.g-enews.com/ko-kr/news/article/news_all/20181023171006917325b4ac5ede_1/article.html
326,"""견인력 이 정도는 돼야지~"" 15대 캠핑 트레일러 이끈 `포드 레인저`",http://www.gpkorea.com/news/articleView.html?idxno=47812
327,BMWㆍ포드ㆍ페라리 올봄 개성 살아있는 신차로 소비자 사로잡는다,http://www.ajunews.com/view/20210222155936034
328,포드 트럭 사전 계약 스타트…4월 출시 어떤 모습?,http://news.mk.co.kr/newsRead.php?no=171855&year=2021
329,"포드코리아, F150보다 작은 '레인저' 픽업 도입",http://autotimes.hankyung.com/apps/news.sub_view?popup=0&nid=02&c1=02&c2=02&c3=00&nkey=201806141741471
330,픽업트럭서 또 붙는 한국GM·포드코리아,http://www.sisajournal-e.com/news/articleView.html?idxno=230061
331,"수입 픽업 시장, 7년 새 50배 이상 폭풍성장..쉐보레 독주 ‘왜?’",http://www.dailycar.co.kr/content/news.html?type=view&autoId=41180
332,포드 레인저 제원 공개...국내 출시 기대감↑,http://autotimes.hankyung.com/apps/news.sub_view?popup=0&nid=02&c1=02&c2=02&c3=00&nkey=201810071854591
333,"[글로벌-Biz 24]포드, 美서 7년만에 '브롱코·레인저' 재생산… 'SUV·픽업트럭 체질개선'",http://www.g-enews.com/ko-kr/news/article/news_all/20181023171006917325b4ac5ede_1/article.html
334,"""견인력 이 정도는 돼야지~"" 15대 캠핑 트레일러 이끈 `포드 레인저`",http://www.gpkorea.com/news/articleView.html?idxno=47812
335,BMWㆍ포드ㆍ페라리 올봄 개성 살아있는 신차로 소비자 사로잡는다,http://www.ajunews.com/view/20210222155936034
336,포드 트럭 사전 계약 스타트…4월 출시 어떤 모습?,http://news.mk.co.kr/newsRead.php?no=171855&year=2021
337,"포드코리아, F150보다 작은 '레인저' 픽업 도입",http://autotimes.hankyung.com/apps/news.sub_view?popup=0&nid=02&c1=02&c2=02&c3=00&nkey=201806141741471
338,"한국타이어, ‘2019 포드 레인저’ 신차용 타이어 공급",http://www.ajunews.com/view/20181219094917728
339,쉐보레 콜로라도 2022년 3세대로 진화..하이브리드 탑재하나,http://www.dailycar.co.kr/content/news.html?type=view&autoId=41222
340,"한국타이어, '2019 포드 레인저'에 신차용 타이어 공급",http://www.newsis.com/view/?id=NISX20181219_0000506859&cID=13001&pID=13000
341,쉐보레 콜로라도 2022년 3세대로 진화..하이브리드 탑재하나,http://www.dailycar.co.kr/content/news.html?type=view&autoId=41222
342,포드코리아 픽업트럭 등 신모델 출시 집중...대형 SUV세그먼트 경쟁력 강화,http://www.consumernews.co.kr/news/articleView.html?idxno=620567
343,"[리뷰] 2019 포드 레인저, 다시 부활한 포드의 경량 픽업 트럭",http://www.hankookilbo.com/v/BDC9EA54DA9FA4B9F85F67B617751948
344,'수입 픽업트럭 1위' 쉐보레 콜로라도…벤츠·BMW 제친 비결은?,https://www.asiatoday.co.kr/view.php?key=20211013010007298
345,"치열해진 픽업트럭 시장…""쉐보레-지프 이어 포드도 도전장""",https://www.news1.kr/articles/?4219567
346,"[9월3주]픽업 1인자, 포드의 '레인저 랩터' 한국 상륙!",http://autotimes.hankyung.com/apps/news.sub_view?popup=0&nid=08&c1=08&c2=08&c3=00&nkey=202009211514511
347,"키움 히어로즈, 포드 프리미어모터스 타고 우승을 향하여! ",http://www.gpkorea.com/news/articleView.html?idxno=73206
348,"쌍용차 '렉스턴 스포츠' 콜롬비아 출격…""포드 레인저·닛산 프론티어 등과 경쟁""",http://www.ekn.kr/news/article.html?no=454383
349,"[포토]포드 '레인저', 강렬한 카리스마",http://www.edaily.co.kr/news/newspath.asp?newsid=03191446619081000
350,"한국타이어, 포드 픽업트럭 '레인저'에 타이어 공급",http://news1.kr/articles/?3504863
351,"치열해진 픽업트럭 시장…""쉐보레-지프 이어 포드도 도전장""",https://www.news1.kr/articles/?4219567
352,"[9월3주]픽업 1인자, 포드의 '레인저 랩터' 한국 상륙!",http://autotimes.hankyung.com/apps/news.sub_view?popup=0&nid=08&c1=08&c2=08&c3=00&nkey=202009211514511
353,"키움 히어로즈, 포드 프리미어모터스 타고 우승을 향하여! ",http://www.gpkorea.com/news/articleView.html?idxno=73206
354,"쌍용차 '렉스턴 스포츠' 콜롬비아 출격…""포드 레인저·닛산 프론티어 등과 경쟁""",http://www.ekn.kr/news/article.html?no=454383
355,"[포토]포드 '레인저', 강렬한 카리스마",http://www.edaily.co.kr/news/newspath.asp?newsid=03191446619081000
356,픽업트럭 인기에 포드 '레인저' 7년 만에 美서 부활,http://app.yonhapnews.co.kr/YNA/Basic/SNS/r.aspx?c=AKR20180115080700009&did=1195m
357,"포드, '다카타 에어백' 사망 후 ""레인저 픽업트럭 몰지 마라"" 경고",http://www.g-enews.com/ko-kr/news/article/news_all/20180112134422614e8b8a793f7_1/article.html
358,콜로라도·글래디에이터·레인저 랩터...선택 폭 넓어진 수입 픽업트럭,http://www.sportsseoul.com/news/read/960239?ref=naver
359,"포드 레인저·마쓰다 BT-50, 차량 24대 호주서 화재…'화재위험'으로 7만대 리콜",http://www.g-enews.com/ko-kr/news/article/news_all/201712190843128075e8b8a793f7_1/article.html
360,"[포토]포드 '레인저', 스티어링 휠",http://www.edaily.co.kr/news/newspath.asp?newsid=03181606619081000
361,픽업트럭 인기에 포드 '레인저' 7년 만에 美서 부활,http://app.yonhapnews.co.kr/YNA/Basic/SNS/r.aspx?c=AKR20180115080700009&did=1195m
362,"포드, '다카타 에어백' 사망 후 ""레인저 픽업트럭 몰지 마라"" 경고",http://www.g-enews.com/ko-kr/news/article/news_all/20180112134422614e8b8a793f7_1/article.html
363,콜로라도·글래디에이터·레인저 랩터...선택 폭 넓어진 수입 픽업트럭,http://www.sportsseoul.com/news/read/960239?ref=naver
364,"포드 레인저·마쓰다 BT-50, 차량 24대 호주서 화재…'화재위험'으로 7만대 리콜",http://www.g-enews.com/ko-kr/news/article/news_all/201712190843128075e8b8a793f7_1/article.html
365,"포드, ‘2021 포드·링컨 아카데미’ 온·오프라인 개최…우수 직원 포상",http://www.edaily.co.kr/news/newspath.asp?newsid=04155766628980040
366,"포드 딜러 프리미어모터스, 키움히어로즈와 스폰서십 체결",http://www.thedrive.co.kr/news/newsview.php?ncode=1065575834707489
367,"포드, '구글' 손잡았다…테슬라처럼 바뀔까?",http://www.mediapen.com/news/view/598592
368,"[2018 디트로이트모터쇼] 포드, 레인저·F150 디젤 공개",http://www.ekn.kr/news/article.html?no=337710
369,세단 포기한 포드링컨? 라인업 SUV 획일화… 자충수 우려도,http://www.sisaweek.com/news/articleView.html?idxno=140934
370,"포드, '구글' 손잡았다…테슬라처럼 바뀔까?",http://www.mediapen.com/news/view/598592
371,"[2018 디트로이트모터쇼] 포드, 레인저·F150 디젤 공개",http://www.ekn.kr/news/article.html?no=337710
372,세단 포기한 포드링컨? 라인업 SUV 획일화… 자충수 우려도,http://www.sisaweek.com/news/articleView.html?idxno=140934
373,미래 자동차들 시리즈 2,https://www.motortrendkorea.com/sub/view.html?no=5876&cate1Name=WHICHCAR
374,"지난해 부진했던 포드, 대형SUV로 명예회복 노린다‥""신차 6종 출격""(종합)",http://www.edaily.co.kr/news/newspath.asp?newsid=03939286628917392
375,"""진짜 미국차가 온다""…포드, SUV·픽업트럭으로 '승부수'",https://www.hankyung.com/economy/article/202101137726g
376,"한국타이어, '2019 포드 레인저'에 신차용 타이어 공급",http://news.einfomax.co.kr/news/articleView.html?idxno=4008155
377,포드 자동차는 '익스플로러' 뿐?...올해 신차 6종 출시하며 공격 행보,http://www.consumernews.co.kr/news/articleView.html?idxno=617984
378,"""600% 성장""…수입 픽업트럭 '콜로라도' 눈에 띄네",http://www.edaily.co.kr/news/newspath.asp?newsid=01174246629182416
379,"포드코리아, 플래그십 SUV ‘익스페디션’ 출시… “미국보다 100만원 저렴해”",https://www.donga.com/news/article/all/20210317/105928355/2
380,"한국타이어, '2019 포드 레인저'에 신차용 타이어 공급",http://news.einfomax.co.kr/news/articleView.html?idxno=4008155
381,포드 자동차는 '익스플로러' 뿐?...올해 신차 6종 출시하며 공격 행보,http://www.consumernews.co.kr/news/articleView.html?idxno=617984
382,"""600% 성장""…수입 픽업트럭 '콜로라도' 눈에 띄네",http://www.edaily.co.kr/news/newspath.asp?newsid=01174246629182416
383,"포드코리아, 플래그십 SUV ‘익스페디션’ 출시… “미국보다 100만원 저렴해”",https://www.donga.com/news/article/all/20210317/105928355/2
384,"포드, '레인저 랩터' 내년 아시아 출시 예정",http://www.m-i.kr/news/articleView.html?idxno=343420
385,자존심 구긴 미국차 지프·포드…신축년 신차로 승부,http://isplus.live.joins.com/news/article/article.asp?total_id=23955676
386,"포드코리아, ""올해가 브랜드 도약 원년""…신차 6종 투입해 지속성장 '박차'",http://www.sisaon.co.kr/news/articleView.html?idxno=122837
387,"포드, 올해 신차 6종 국내 출시",http://www.munhwa.com/news/view.html?no=20210113MW143314626741
388,"포드코리아, 새해 SUV·픽업트럭 6종 출시해 수입차 시장 공략",https://biz.chosun.com/site/data/html_dir/2020/12/23/2020122302374.html?utm_source=naver&utm_medium=original&utm_campaign=biz
389,뉴 포드 레인저 국내 출시…와일드트랙·랩터 출시,http://www.metroseoul.co.kr/article/20210412500461
390,"신축년 신차 쏟아내는 포드·링컨, SUV·픽업트럭 중심 라인업 강화",http://www.dailycar.co.kr/content/news.html?type=view&autoId=38575
391,"포드, 올해 신차 6종 국내 출시",http://www.munhwa.com/news/view.html?no=20210113MW143314626741
392,"포드코리아, 새해 SUV·픽업트럭 6종 출시해 수입차 시장 공략",https://biz.chosun.com/site/data/html_dir/2020/12/23/2020122302374.html?utm_source=naver&utm_medium=original&utm_campaign=biz
393,뉴 포드 레인저 국내 출시…와일드트랙·랩터 출시,http://www.metroseoul.co.kr/article/20210412500461
394,2019 올뉴 포드 레인저 `2.3 터보엔진` 북미공략,http://www.gpkorea.com/bbs/board.php?bo_table=today_photo&wr_id=2000
395,"익스페디션·익스플로러 플래티넘···포드, '고급화'한 아메리칸 SUV로 한국 공략",https://www.sedaily.com/NewsView/1ZBRQ1OMZ6
396,"[2018 디트로이트 모터쇼] 포드, 중형 픽업트럭 '올 뉴 레인저' 공개",http://www.m-i.kr/news/articleView.html?idxno=378700
397,데이비드 제프리 포드 대표 “20% 포인트 성장은 직원 덕분”,http://www.rpm9.com/news/article.html?id=20210307090003
398,"포드코리아, ‘2021 포드·링컨 아카데미’ 온·오프라인으로 동시 개최",http://www.electimes.com/article.php?aid=1614818621213460094
399,1만대 클럽 낙오한 포드…내년 신차 쏟아낸다,http://isplus.live.joins.com/news/article/article.asp?total_id=23944708
400,"포드코리아, '2021 포드·링컨 아카데미' 개최… ""지난해 판매, 2019년 대비 20% 상승""",http://digitalchosun.dizzo.com/site/data/html_dir/2021/03/04/2021030480226.html
401,1만대 클럽 낙오한 포드…내년 신차 쏟아낸다,http://isplus.live.joins.com/news/article/article.asp?total_id=23944708
402,"포드, 오프로더 '브롱코' 美 본격 생산...""이달 29일부터""",http://www.gpkorea.com/news/articleView.html?idxno=71874
403,"쉐보레 콜로라도, 수입 픽업트럭 시장 제패…하반기 실적 기대감↑",https://zdnet.co.kr/view/?no=20210827103426
404,"[글로벌-Biz 24] 포드, 일본 다카타제 에어백 탑재 차량 300만대 리콜…6억1000만 달러 소요",http://www.g-enews.com/ko-kr/news/article/news_all/202101221447591287b5d048c6f3_1/article.html
405,"포드ㆍ링컨코리아, 픽업트럭ㆍSUV로 내년 수입차 시장 공략",https://www.dnews.co.kr/uhtml/view.jsp?idxno=202012111156185660187
406,"포드코리아, 2021년 픽업트럭 포함 총 6개 신차 출시한다",http://kr.aving.net/news/view.php?articleId=1588554&Branch_ID=kr&rssid=naver&mn_name=news
407,"현대차, 미국서 첫 픽업트럭 '싼타크루즈' 출시...'포드·토요타와 경쟁'",http://www.etnews.com/20210416000015
408,"데이비드 제프리 포드코리아 대표 ""올해 신차 6종 출시로 높은 성장 이룰 것""",http://www.ajunews.com/view/20210113122449472
409,"""포드, 23명 목숨 앗아간 日 다카타 에어백 장착 트럭 15만대 리콜""",https://biz.chosun.com/site/data/html_dir/2021/02/19/2021021902050.html?utm_source=naver&utm_medium=original&utm_campaign=biz
410,"쉐보레 콜로라도, 수입 픽업트럭 시장 제패…하반기 실적 기대감↑",https://zdnet.co.kr/view/?no=20210827103426
411,"[글로벌-Biz 24] 포드, 일본 다카타제 에어백 탑재 차량 300만대 리콜…6억1000만 달러 소요",http://www.g-enews.com/ko-kr/news/article/news_all/202101221447591287b5d048c6f3_1/article.html
412,"포드ㆍ링컨코리아, 픽업트럭ㆍSUV로 내년 수입차 시장 공략",https://www.dnews.co.kr/uhtml/view.jsp?idxno=202012111156185660187
413,"포드코리아, 2021년 픽업트럭 포함 총 6개 신차 출시한다",http://kr.aving.net/news/view.php?articleId=1588554&Branch_ID=kr&rssid=naver&mn_name=news
414,"현대차, 미국서 첫 픽업트럭 '싼타크루즈' 출시...'포드·토요타와 경쟁'",http://www.etnews.com/20210416000015
415,"데이비드 제프리 포드코리아 대표 ""올해 신차 6종 출시로 높은 성장 이룰 것""",http://www.ajunews.com/view/20210113122449472
416,"""포드, 23명 목숨 앗아간 日 다카타 에어백 장착 트럭 15만대 리콜""",https://biz.chosun.com/site/data/html_dir/2021/02/19/2021021902050.html?utm_source=naver&utm_medium=original&utm_campaign=biz
417,"자존심 구긴 포드·지프, 새해 나오는 신차는 통할까",http://www.newstomato.com/ReadNews.aspx?no=1017190
418,"포드코리아, 내달 6인승 대형 SUV ‘익스플로러 플래티넘’ 출격… “2021년 신차 돌풍 신호탄”",https://www.donga.com/news/article/all/20201223/104612551/2
419,[포춘US]포드는 지금도 트럭 제조업체임을 인정하라,http://www.fortunekorea.co.kr/news/articleView.html?idxno=12888
420,"포드코리아, 새로운 모델 출시로 다음해 수입차 시장 공략",http://daily.hankooki.com/lpage/industry/202012/dh20201210115936147980.htm?s_ref=nv
421,"현대차, 미국서 첫 픽업트럭 '싼타크루즈' 출시...'포드·토요타와 경쟁'",http://www.etnews.com/20210416000015
422,"데이비드 제프리 포드코리아 대표 ""올해 신차 6종 출시로 높은 성장 이룰 것""",http://www.ajunews.com/view/20210113122449472
423,"""포드, 23명 목숨 앗아간 日 다카타 에어백 장착 트럭 15만대 리콜""",https://biz.chosun.com/site/data/html_dir/2021/02/19/2021021902050.html?utm_source=naver&utm_medium=original&utm_campaign=biz
424,"자존심 구긴 포드·지프, 새해 나오는 신차는 통할까",http://www.newstomato.com/ReadNews.aspx?no=1017190
425,"포드코리아, 내달 6인승 대형 SUV ‘익스플로러 플래티넘’ 출격… “2021년 신차 돌풍 신호탄”",https://www.donga.com/news/article/all/20201223/104612551/2
426,[포춘US]포드는 지금도 트럭 제조업체임을 인정하라,http://www.fortunekorea.co.kr/news/articleView.html?idxno=12888
427,신형 포드 픽업 '레인저' 공개…韓·美에선 볼 수 없는 이유는?,http://www.mt.co.kr/view/mtview.php?type=1&no=2015032414283911804&outlink=1
428,‘다카타 에어백’ 300만대 또 리콜…포드·마쓰다 요청 기각,http://www.koreadaily.com/news/read.asp?art_id=9025812
429,"포드자동차, 타카타 에어백 장착차량 300만 대 리콜",http://www.autodaily.co.kr/news/articleView.html?idxno=425200
430,"현대차, 미국서 첫 픽업트럭 '싼타크루즈' 출시...'포드·토요타와 경쟁'",http://www.etnews.com/20210416000015
431,"데이비드 제프리 포드코리아 대표 ""올해 신차 6종 출시로 높은 성장 이룰 것""",http://www.ajunews.com/view/20210113122449472
432,"""포드, 23명 목숨 앗아간 日 다카타 에어백 장착 트럭 15만대 리콜""",https://biz.chosun.com/site/data/html_dir/2021/02/19/2021021902050.html?utm_source=naver&utm_medium=original&utm_campaign=biz
433,"자존심 구긴 포드·지프, 새해 나오는 신차는 통할까",http://www.newstomato.com/ReadNews.aspx?no=1017190
434,"“픽업트럭부터 정통 오프로더까지”… 포드코리아, 내년 ‘브롱코’ 등 신차 6종 투입",https://www.donga.com/news/article/all/20201210/104391449/2
435,"포드코리아, 내달 6인승 대형 SUV ‘익스플로러 플래티넘’ 출격… “2021년 신차 돌풍 신호탄”",https://www.donga.com/news/article/all/20201223/104612551/2
436,[포춘US]포드는 지금도 트럭 제조업체임을 인정하라,http://www.fortunekorea.co.kr/news/articleView.html?idxno=12888
437,신형 포드 픽업 '레인저' 공개…韓·美에선 볼 수 없는 이유는?,http://www.mt.co.kr/view/mtview.php?type=1&no=2015032414283911804&outlink=1
438,‘다카타 에어백’ 300만대 또 리콜…포드·마쓰다 요청 기각,http://www.koreadaily.com/news/read.asp?art_id=9025812
439,"포드자동차, 타카타 에어백 장착차량 300만 대 리콜",http://www.autodaily.co.kr/news/articleView.html?idxno=425200
440,‘다카타 에어백’ 300만대 또 리콜…포드·마쓰다 요청 기각,http://www.koreadaily.com/news/read.asp?art_id=9025812
441,"포드자동차, 타카타 에어백 장착차량 300만 대 리콜",http://www.autodaily.co.kr/news/articleView.html?idxno=425200
442,"포드, 반도체 부족으로 독일 공장 가동중단",http://www.edaily.co.kr/news/newspath.asp?newsid=04798646628919360
443,"[2017 IAA] 포드, 신형 `머스탱`·한정판 `레인저 블랙 에디션` 등 선보여",http://news.mk.co.kr/newsRead.php?year=2017&no=621336
444,[기자수첩] 보도자료 읊은 포드코리아… 기자간담회는 왜?,http://www.sisaweek.com/news/articleView.html?idxno=140882
445,"포드 오프로더 '브롱코', 오는 5월 3일 첫 생산...국내도 들어올까",http://www.gpkorea.com/news/articleView.html?idxno=70299
446,"포드코리아, 브롱코 등 5종 내년 2분기 국내 출시…소비자 선택폭 확대",http://www.metroseoul.co.kr/article/20211207500001
447,"""위기에도 빛났다""…렉스턴스포츠, 상반기 픽업 1위",https://www.ebn.co.kr/news/view/1494266/?sc=Naver
448,"“픽업 시장 흔들까”…폭스바겐 아마록, 레인저 뼈대 쓴다!",http://www.dailycar.co.kr/content/news.html?type=view&autoId=36782
449,ALMIGHTY PICK-UP,https://www.motortrendkorea.com/sub/view.html?no=5758&cate1Name=WHICHCAR
450,ALMIGHTY PICK-UP,https://www.motortrendkorea.com/sub/view.html?no=5758&cate1Name=WHICHCAR
451,틈새 공략 성공한 픽업트럭…'글래디에이터·레인저' 출격 대기,http://www.etnews.com/20200503000035
452,'3파전' 픽업트럭 시장…연내 포드 가세해 경쟁 불붙는다,https://www.hankyung.com/economy/article/202009071598g
453,"폭스바겐, 중형픽업 '아마록' 기대감 커지는 이유?",http://www.gpkorea.com/news/articleView.html?idxno=75780
454,[사진]포드 픽업트럭 '레인저'의 측면충돌 결과,http://www.moneytoday.co.kr/view/mtview.php?type=1&no=2010020513395832229&outlink=1
455,"[포토] 포드 레인저, 쉐보레 콜로라도의 맞수",http://www.edaily.co.kr/news/newspath.asp?newsid=01892566619078048
456,"[포토] 포드의 중형 픽업트럭 '레인저', 북미 오토쇼 공개",http://www.edaily.co.kr/news/newspath.asp?newsid=01856486619078048
457,"포드, 중형 SUV ‘에버레스트’ 공개 임박..픽업트럭의 변신",http://www.dailycar.co.kr/content/news.html?type=view&autoId=43064
458,바이든 승리 연설 현장에 등장한 '지프·포드·쉐보레'…이유는?,https://www.kgnews.co.kr/news/article.html?no=612000
459,"포드, 다재다능한 매력과 가치를 품은 ‘에베레스트’ 공개",https://hankookilbo.com/News/Read/A2022030708000004667?did=NA
460,"포드, 다재다능한 매력과 가치를 품은 ‘에베레스트’ 공개",https://hankookilbo.com/News/Read/A2022030708000004667?did=NA
461,수입 픽업 강자 '쉐보레 콜로라도' 수요 굳건…'年 5000대' 고지 넘을까,https://www.asiatoday.co.kr/view.php?key=20210628010017012
462,"지프-포드, 한국 픽업트럭 시장 노크… 쌍용차, 수성 가능할까",http://www.sisaweek.com/news/articleView.html?idxno=135448
463,"포드, 2021년에 컴팩트 픽업 ‘매버릭’ 선보인다",https://hankookilbo.com/News/Read/A2020073009050000051?did=NA
464,"포드, '뉴 브롱코 콘셉트' 예고...""아웃도어 콜라보""",http://www.gpkorea.com/news/articleView.html?idxno=68243
465,'차박·캠핑' 안성맞춤인 요즘 신차들 인기↑…특징과 장점 비교해보니,https://daily.hankooki.com/lpage/industry/202106/dh20210609070013147980.htm?s_ref=nv
466,[Style] 레저열풍이 연 픽업트럭 시대,http://www.fntimes.com/html/view.php?ud=202106051411193920dd55077bc2_18
467,"테슬라, 리콜 하루만 안전벨트 문제로 또 리콜...주가 5% 급락 [글로벌이슈]",https://www.wowtv.co.kr/NewsCenter/News/Read?articleId=A202106040010&t=NNv
468,"나스닥, 긴축 우려에 1% 하락...테슬라 5%↓ [출근전 꼭 글로벌브리핑]",http://www.wowtv.co.kr/NewsCenter/News/Read?articleId=A202106040009&t=NN
469,한국서 '픽업' 힘드네,http://news.mk.co.kr/newsRead.php?no=603603&year=2021
470,한국서 '픽업' 힘드네,http://news.mk.co.kr/newsRead.php?no=603603&year=2021
471,[집중분석] 달라진 실용성 기준… 픽업 전성시대 개막,http://www.iminju.net/news/articleView.html?idxno=72896
472,"포드, 본격 오프로더 '브롱코' 내년 출시..3500만원부터",http://www.gpkorea.com/news/articleView.html?idxno=67256
473,"세단 포기한 포드, 소형 픽업트럭 출시 계획..그 배경은?",http://www.dailycar.co.kr/content/news.html?type=view&autoId=36503
474,"폭스바겐, 레인저 DNA 품은 ‘아마록’ 티저 공개..출시 일정은?",http://www.dailycar.co.kr/content/news.html?type=view&autoId=41969
475,"2.5 가솔린엔진 탑재한 싼타크루즈 픽업, 美 픽업트럭 중 최고 연비",http://www.autodaily.co.kr/news/articleView.html?idxno=427921
476,"폭스바겐, 미니밴 활용해 전기 픽업 제작(?)..생산은 미국에서",http://www.dailycar.co.kr/content/news.html?type=view&autoId=44033
477,"포드, 오프로더 '브롱코' 예약자 16만5천명 돌파 `폭발적 인기`",http://www.gpkorea.com/news/articleView.html?idxno=66586
478,[시승기] 수입 픽업 트럭 공세에도 굳건한 쌍용 ‘더 뉴 렉스턴 스포츠 칸’,https://hankookilbo.com/News/Read/A2021050323020005169?did=NA
479,"포드, 반도체 부족에 생산 줄인다…실적 부진에 이중고",http://news.einfomax.co.kr/news/articleView.html?idxno=4197365
480,"포드, 오프로더 '브롱코' 15만대 예약 돌파...후끈한 열기",http://www.gpkorea.com/news/articleView.html?idxno=66254
481,"[대車대調] #4. '북적'이는 픽업시장, K-픽업 '주적'은 미국 픽업?",http://www.newsprime.co.kr/news/article.html?no=542105
482,"콜로라도·레인저 ""진짜 미국 픽업이 온다""",http://www.gpkorea.com/news/articleView.html?idxno=52249
483,바위·웅덩이·모랫길 타고 넘을까?… “오 되네~”,http://www.munhwa.com/news/view.html?no=2021042601032603353002
484,"포드, 정통 오프로더 '브롱코' 다음은 픽업!...2022년 등장",http://www.gpkorea.com/news/articleView.html?idxno=66103
485,"[시승기] 매력에 빠질 수 밖에 없는 ‘정통 미국 픽업 트럭’, 쉐보레 콜로라도 Z71-X",https://hankookilbo.com/News/Read/A2021042507420003860?did=NA
486,"쉐보레 픽업트럭 콜로라도 ""100년의 역사를 자랑하는 전통성""",http://www.g-enews.com/ko-kr/news/article/news_all/2021051209391444050d88486204_1/article.html
487,‘더 뉴 렉스턴’ 돌풍…픽업트럭 판 흔들까,http://news.heraldcorp.com/view.php?ud=20210420000452
488,"바윗길도, 물길도 거뜬…""내가 길 위의 개척자""",http://news.mk.co.kr/newsRead.php?no=381488&year=2021
489,"`올해 수입차 3위' 콜로라도, 국내도 '픽업트럭' 통했다...지프·포드 출시 계획",http://www.gpkorea.com/news/articleView.html?idxno=63389
490,"""캠핑·차박족 잡아라""… 픽업트럭의 대반격 시작됐다",http://www.fnnews.com/news/202104181725177844
491,여전히 좁은 주차장…큰 차 '문콕 빌런' 만든다,http://www.newstomato.com/ReadNews.aspx?no=1119272&inflow=N
492,포드 신형 ‘브롱코’ 실내 최초 포착 [스파이샷],http://www.thedrive.co.kr/news/newsview.php?ncode=1065606037800155
493,올해 그 어느 때보다 치열한 픽업트럭 대전,http://www.sportsworldi.com/newsView/20210407510007
494,[글로벌-Biz 24] 포드-폭스바겐 동맹구축…800만대 생산공유 추진,http://www.g-enews.com/ko-kr/news/article/news_all/202006110838526959be84d87674_1/article.html
495,"'연합'한 포드와 폭스바겐, 밴과 픽업트럭 서로 바꿔 생산판매",http://www.newsis.com/view/?id=NISX20200610_0001055535&cID=10101&pID=10100
496,"수입차인데 1년 세금 고작 2만8500원…차박 패밀리카 빅3, 픽업하세요 [왜나왔을카]",http://news.mk.co.kr/newsRead.php?no=318343&year=2021
497,"""국내서 통할까""…북미 정통車 몰려온다 [궁금타]",http://www.wowtv.co.kr/NewsCenter/News/Read?articleId=A202104020333&t=NN
498,"[최기성의 허브車]수입차+SUV+캠핑카, ‘1대’로 해결…세금도 2만8500원, ‘픽업’하세요",https://www.mk.co.kr/opinion/columnists/view/2021/04/317394/
499,울퉁불퉁 바윗길·물구덩이도 가뿐… 오프로드 최강자,http://news.kmib.co.kr/article/view.asp?arcid=0924186508&code=14140000&cp=nv
