,title,url
0,"포드, 미국서 브레이크등 결함 … 20만대 리콜 단행",http://www.safetimes.co.kr/news/articleView.html?idxno=106360
1,"포드, 퓨전 후속 모델 프로토타입 포착..디자인 특징은?",http://www.dailycar.co.kr/content/news.html?type=view&autoId=39742
2,"오락가락 포드, 세단 포기 정책은 물거품(?)..中서 신형 몬데오 출시",http://www.dailycar.co.kr/content/news.html?type=view&autoId=41688
3,중국 전용 포드 신형 ‘몬데오’ 유출,http://www.thedrive.co.kr/news/newsview.php?ncode=1065604040760584
4,"[시승기] 포드 퓨전, 질주 본능 갖춘 '터프가이'",http://www.moneyweek.co.kr/news/mwView.php?type=1&no=2014092523558035613&outlink=1
5,'포드 퓨전' 131대 리콜…견인장치 결함,http://www.greenpostkorea.co.kr/news/articleView.html?idxno=30871
6,"캠리, 어코드 비켜! 대세는 포드 퓨전!",http://www.economysegye.com/articles/view.html?aid=20130508001454&cid=7113010000000&OutUrl=naver
7,"<PRNewswire>포드 퓨전, LA 오토쇼에서 그린카 저널의 2013 올해의 녹색차로 선정",https://news.naver.com/main/read.naver?mode=LSD&mid=sec&sid1=104&oid=001&aid=0005962778
8,"포드, 전기차 머스탱 中 생산 시작..국내 도입은 언제?",http://www.dailycar.co.kr/content/news.html?type=view&autoId=41322
9,"포드, 2011년형 신모델 '포드 퓨전' 공개",http://kr.aving.net/news/view.php?articleId=191898&Branch_ID=kr&rssid=naver&mn_name=news
10,"포드, 신형 ‘퓨전’ 프로토타입 디자인 유출..세단 아닌 크로스오버(?)",http://www.dailycar.co.kr/content/news.html?type=view&autoId=38446
11,[포드 퓨전] `유럽을 품은 미국차` 겉도 속도 꽉찼다,http://news.mk.co.kr/news_forward.php?domain=news&no=32095&year=2013
12,"포드 퓨전·뷰익 리갈, 세단 인기 저하로 생산 중단",https://hankookilbo.com/News/Read/A2020092808430001037?did=NA
13,"포드, 새로운 비전을 품은 ‘포드 이보스’ 공개",https://hankookilbo.com/News/Read/A2021042507480005212?did=NA
14,"[금일 산업계 주요기사] ""원자재값 급등에"" 기업 10곳 중 3곳 ""팔수록 손해""… ""제작결함 발견"" 현대차·포드 포함 7개사 5만 4390대 '리콜' 外",https://www.youthdaily.co.kr/news/article.html?no=97749
15,"포드, 브레이크‧클러치 페달 범퍼 결함으로 퓨전‧머스탱‧링컨 MKZ 20만대 리콜",http://www.g-enews.com/ko-kr/news/article/news_all/202201231333094229e8b8a793f7_1/article.html
16,“쏘나타 잡겠다”…韓 상륙할 ‘日코롤라·美퓨전’,http://mnm.seoul.co.kr/news/newsView.php?id=20110315040005
17,SUV 열풍에 포드 '퓨전 스포츠' 내년 사라진다,http://www.gpkorea.com/news/articleView.html?idxno=52961
18,‘기아차 K7’ ‘쌍용차 티볼리’ ‘포드 퓨전’ 등 6개 차종 2만5천 대 리콜 ,http://www.businesspost.co.kr/BP?command=article_view&num=142440
19,포드 퓨전 변속기 결함 27만대 리콜,http://www.koreadaily.com/news/read.asp?art_id=7243768
20,‘다카타 에어백’ 300만대 또 리콜…포드·마쓰다 요청 기각,http://www.koreadaily.com/news/read.asp?art_id=9025812
21,"포드자동차, 타카타 에어백 장착차량 300만 대 리콜",http://www.autodaily.co.kr/news/articleView.html?idxno=425200
22,"미국 포드자동차 토러스 (Taurus) 생산 중단, 퓨전· 피에스타도 포기 … 스포츠 카와 SUV 주력",http://www.g-enews.com/ko-kr/news/article/news_all/2018042615065222704a01bf698f_1/article.html
23,"포드, '변속기 시프터 부싱' 결함 북미지역서 이스케이프퓨전 55만대 리콜",http://www.g-enews.com/ko-kr/news/article/news_all/201807191046571214d6eb469fd3_1/article.html
24,"포드 올-뉴 퓨전, 뉴 트랜짓 커넥트 美옐로캡 2종 선보여",http://www.seoulwire.com/news/articleView.html?idxno=17395
25,"포드, 무인자율주행 테스트위해 퓨전으로 피자배달 테스트",http://www.dailysecu.com/?mod=news&act=articleView&idxno=23482
26,포드 퓨전 핸들 문제 조사,http://www.koreadaily.com/news/read.asp?art_id=5729751
27,"포드 퓨전, 프리우스 앞서",http://www.koreadaily.com/news/read.asp?art_id=5445618
28,"포드, 스티어링 휠 결함 '퓨전' '링컨 MKZ' 140만대 리콜",http://www.g-enews.com/ko-kr/news/article/news_all/201803151105087696e8b8a793f7_1/article.html
29,"포드 퓨전(몬데오) 부분 변경 모델 스파이샷 포착, 더 세련됐다",http://www.kbench.com/?q=node/158848
30,"포드 ‘몬데오·퓨전·MKZ’ 모델...볼보, 벤츠 등 7개사 1만대 리콜",http://www.newsway.co.kr/view.php?tp=1&ud=2015102607060519715
31,포드 퓨전 자율주행차 헤드라이트 없이 어두운 사막 도로 주행,http://sports.chosun.com/news/ntype.htm?id=201604140100103210007354&servicedate=20160413
32,포드 퓨전·지프 랭글러 등 29개 차종 5137대 '제작결함' 리콜,http://sports.chosun.com/news/ntype.htm?id=201803230100181260013186&servicedate=20180322
33,포드 퓨전·혼다 오토바이 등 '제작 결함' 리콜,http://sports.chosun.com/news/ntype.htm?id=201601190100182930012148&servicedate=20160118
34,포드 퓨전·페라리 캘리포니아 등 359대 리콜,http://www.edaily.co.kr/news/newspath.asp?newsid=01177526612519032
35,"포드, 퓨전 쌍둥이 '올 뉴 몬데오' 23일 국내 출시, 가격과 성능은?",http://www.kbench.com/?q=node/147406
36,"포드코리아, 단종될 '퓨전·이스케이프' 2월 판매 ↓…가격할인 '유혹'",http://www.ebn.co.kr/news/view/743328
37,"포드, 퓨전·링컨 등 84만대 리콜…파워 스티어링 결함",http://biz.newdaily.co.kr/news/article.html?no=10086095
38,"포드 2013 올 뉴 퓨전, ""덤벼! 그랜져""",http://www.newdaily.co.kr/news/article.html?no=133736
39,포드 퓨전 | 유로피안 감성 품은 아메리칸 대물大物,http://news.mk.co.kr/news_forward.php?domain=news&no=1585347&year=2014
40,"포드, 퓨전·이스케이프 85만대 리콜…에어백 결함",http://biz.newdaily.co.kr/news/article.html?no=10048734
41,헤드라이트없이 사막 건너는 포드 '퓨전 하이브리드' 자율주행차,http://kr.aving.net/news/view.php?articleId=1367163&Branch_ID=kr&rssid=naver&mn_name=news
42,"포드 퓨전과 링컨 MKZ 등 '운전대 이상 동작' 발생, 북미서 49만 여대 리콜",http://www.kbench.com/?q=node/150363
43,"포드, 퓨전 및 링컨 MKZ 하이브리드, '뻥 연비' 문제 보상나서",http://www.kbench.com/life/?no=135656&sc=1
44,포드코리아 첫 '뻥연비' 보상…퓨전링컨MKZ 최대 270만원,http://biz.newdaily.co.kr/news/article.html?no=10039787
45,"유럽과 미국 포드 더한 퓨전, 합리적 중형 세단 시장에 ‘보석’",http://sports.khan.co.kr/news/sk_index.html?cat=view&art_id=201405261721403&sec_id=563002&pt=nv
46,"[물건너온馬]안전·편의성 키운 다운사이징車, 포드 퓨전",http://view.asiae.co.kr/news/view.htm?idxno=2014031109183553870
47,"포드, 개발 중인 자율주행기술 탑재 '퓨전 하이브리드' 공개",http://www.osen.co.kr/article/G1109743941
48,"[시승기] 포드 퓨전 타보니, ‘미국차 선입견을 깨다’",http://biz.heraldcorp.com/view.php?ud=20131210000693
49,[신차 드라이브]‘퍼포먼스 다운사이징’ 포드 퓨전,http://www.etnews.com/news/home_mobile/automobile/2839515_1485.html
50,"한층 더 날렵해진 '포드, 뉴 퓨전 티타늄' 타보니…",http://biz.chosun.com/site/data/html_dir/2013/05/30/2013053002921.html
51,베스트 워런티가 돋보이는 포드 퓨전!,http://news20.busan.com/controller/newsController.jsp?newsId=20130509000211
52,"포드코리아, 이스케이프와 퓨전으로 시장공략",http://autotimes.hankyung.com/apps/news.sub_view?popup=0&nid=03&c1=03&c2=03&c3=00&nkey=201304152354301
53,포드 중형세단 '퓨전 1.5' 나온다,http://www.hankyung.com/news/app/newsview.php?aid=201304129797g
54,"[MK서울모터쇼] 올-뉴 링컨 MKZ, 포드 퓨전 하이브리드 아시아 첫 공개",http://news.mk.co.kr/news_forward.php?domain=news&no=235629&year=2013
55,"포드, 퓨전·이스케이프 등 43만4000대 리콜",http://news1.kr/articles/1622071
56,[시승기] “‘퓨전’을 ‘터치’하다” 포드 올-뉴 퓨전,http://www.ebn.co.kr/news/n_view.html?id=590670
57,"디자인과 승차감이 강점인 '포드, 뉴 퓨전'",http://biz.chosun.com/site/data/html_dir/2013/01/25/2013012501338.html
58,"[시승기] 포드 올 뉴 퓨전, 안락·부드러운 승차감vs폭스바겐 신형 파사트, 코너링·정숙성 만족",http://www.hankyung.com/news/app/newsview.php?aid=2013012183961
59,"포드 퓨전 및 링컨 MKZ 등 39만 대 대규모 리콜, 주행 중 문 열려",http://www.kbench.com/?q=node/149652
60,"미국과 유럽 감성의 '퓨전', 2013 포드 퓨전",http://www.etnews.com/news/home_mobile/automobile/2697808_1485.html
61,"포드 올 뉴 퓨전, ‘모든 걸 다 바꿨다’",http://view.heraldcorp.com/view.php?ud=20121217000524
62,"정재희 포드코리아 사장 ""신형 퓨전 앞세워 유럽차와 연비경쟁""",http://www.hankyung.com/news/app/newsview.php?aid=2012121752921
63,"포드 올-뉴 퓨전, 어깨 힘빼니 젊은층 공감 업!",http://www.wowtv.co.kr/newscenter/news/view.asp?bcode=T30001000&artid=A201212140016
64,"놀땐 노는 반전있는 차, 포드 ‘퓨전 스타일’",http://www.fnnews.com/view?ra=Sent0601m_01A&corp=fnnews&arcid=121213083208&cDateYear=2012&cDateMonth=12&cDateDay=13&
65,"포드 올-뉴 퓨전, 1.6ℓ 연비가 10.8km/ℓ",http://www.dailian.co.kr/news/news_view.htm?id=318122&sc=naver
66,"포드코리아, 세련된 디자인 & 첨단 기능으로 무장한 3천만원대 '올 뉴 퓨전' 선보여",http://kr.aving.net/news/view.php?articleId=432063&Branch_ID=kr&rssid=naver&mn_name=news
67,"[mk포토] 포드, 올-뉴퓨전 론칭 `아름다운 모델과 함께...`",http://sports.mk.co.kr/view.php?no=818802&year=2012
68,"포드 퓨전 1.6ℓ, 2.0ℓ 대비 세금 얼마나 적을까",http://autotimes.hankyung.com/apps/news.sub_view?popup=0&nid=03&c1=03&c2=03&c3=00&nkey=201212101629361
69,"포드코리아 정재희 사장 ""올뉴 퓨전, 새도약 위한 전략 모델""",http://www.newstomato.com/ReadNews.aspx?no=314513
70,"국내 시판하는 포드 '올-뉴 퓨전', 美서는 리콜왕?",http://news1.kr/articles/927526
71,"포드코리아, 2013년형 올뉴 퓨전 예약 판매 시작",http://sports.chosun.com/news/ntype.htm?id=201211290100198260016031&servicedate=20121129
72,"포드코리아, 2013 올-뉴 퓨전 런칭 파티 개최",http://sports.chosun.com/news/ntype.htm?id=201211270100181840014853&servicedate=20121127
73,대중문화와 자동차의 만남..포드 '사운드 오브 퓨전' 프로젝트,http://www.asiae.co.kr/news/view.htm?idxno=2012112012184474890
74,포드자동차 '퓨전' 131대 리콜‥견인장치 미장착,http://www.wowtv.co.kr/newscenter/news/view.asp?bcode=T30001000&artid=A201309160054
75,"포드車 신형 퓨전의 녹색 실험…""청바지와 페트병 활용한다""",http://www.hankyung.com/news/app/newsview.php?aid=201205316955g
76,"포드코리아, 올 뉴 퓨전 등 2012 부산모터쇼 출품 모델 공개",http://www.nspna.com/news/?mode=view&newsid=47675
77,"포드 신형 퓨전, ‘에어백 안전벨트’ 적용",http://car.donga.com/3/all/20130816/57061946/2
78,"[시승]포드의 고효율 도전, 퓨전 하이브리드",http://autotimes.hankyung.com/apps/news.sub_view?popup=0&nid=08&c1=08&c2=08&c3=00&nkey=201203041305581
79,"포드, 하반기 `퓨전 하이브리드` 출시..`캠리` 연비추월",http://www.edaily.co.kr/news/newspath.asp?newsid=01148006599430848
80,"포드코리아, ‘2012년형 퓨전 하이브리드’ 국내 출시",http://news.mk.co.kr/news_forward.php?domain=news&no=85065&year=2012
81,"포드, 성능·디자인 개선한 '2013년형 퓨전' 공개",http://biz.chosun.com/site/data/html_dir/2012/01/09/2012010903001.html
82,2013 포드 퓨전 오피셜 공개,http://news.mk.co.kr/news_forward.php?domain=news&no=22417&year=2012
83,"[북미오토쇼] 포드, 올-뉴 퓨전 공개",http://www.edaily.co.kr/news/newspath.asp?newsid=02299286599396080
84,"심상치 않은 포드 퓨전의 디자인, 오너들을 설레게 하다",https://news.naver.com/main/read.naver?mode=LSD&mid=sec&sid1=101&oid=011&aid=0002328772
85,[시승기]`포드 퓨전 2.0` 달리는 맛 좋지만 연비는 좀…,http://news.mk.co.kr/news_forward.php?domain=news&no=122722&year=2013
86,“헉! 포드 퓨전 사면..스포츠카 머스탱 한달 대여”,http://sports.chosun.com/news/ntype.htm?id=201108180100138050011842&servicedate=20110817
87,"포드 '퓨전' 구매 시, 뉴 익스플로러&머스탱 30일간 탈 수 있어",http://kr.aving.net/news/view.php?articleId=206378&Branch_ID=kr&rssid=naver&mn_name=news
88,[시승기]국내 도입 2개월..포드 퓨전 타보니,http://www.asiae.co.kr/news/view.htm?idxno=2011070817101890377
89,"포드 '퓨전, 3570만원 결정",http://sports.chosun.com/news/ntype.htm?id=201106140100119310009597&servicedate=20110613
90,"포드코리아, '퓨전'으로 판매만회 역부족",http://www.autotimes.co.kr/article_view.php?id=121512
91,"포드코리아, '다운사이징' 올-뉴 퓨전으로 승부",http://www.mt.co.kr/view/mtview.php?type=1&no=2012121916451863890&outlink=1
92,"포드 퓨전, 최고의 리디자인 車로 선정",http://news.mk.co.kr/news_forward.php?domain=news&no=836698&year=2012
93,"포드 퓨전, 美 켈리블루북 '2013 최고 리디자인 車' 선정",http://www.asiae.co.kr/news/view.htm?idxno=2012121417111810472
94,"포드코리아, 3천만원대 올뉴 퓨전 출시",http://www.joseilbo.com/news/news_read.php?uid=163871&class=54
95,[포토엔]포드 ‘올-뉴 퓨전’ 매끈하고 세련미 넘치는 스티어링휠,http://www.newsen.com/news_view.php?uid=201212101146272020
96,[CAR/시승기]포드코리아 ‘퓨전’,http://news.donga.com/3/all/20110525/37517526/1
97,"[시승기]‘포드’의 드라이브 토털시스템, ‘퓨전’으로 배채우고 ‘익스플로러’로 유람하세!",http://sports.khan.co.kr/news/sk_index.html?cat=view&art_id=201105231120543&sec_id=561901&pt=nv
98,"[시승기] 포드 퓨전 ""도요타 캠리 저리 비켜""",http://www.etoday.co.kr/news/section/newsview.php?TM=news&SM=0405&idxno=439515
99,"""캠리,저거 치워!"" 美포드 퓨전, '발칙한 시승회'",http://www.hankyung.com/news/app/newsview.php?aid=201105167651g
100,"리콜王, 포드 퓨전…충돌 위험으로 美 1만9000대 리콜",http://www.newspim.com/common/redirect.jsp?newsId=20121210000105
101,"포드코리아, 2013년형 올뉴 퓨전 예약 판매 시작",http://sports.chosun.com/news/ntype.htm?id=201211290100198260016031&servicedate=20121129
102,"포드코리아, 2013 올-뉴 퓨전 런칭 파티 개최",http://sports.chosun.com/news/ntype.htm?id=201211270100181840014853&servicedate=20121127
103,대중문화와 자동차의 만남..포드 '사운드 오브 퓨전' 프로젝트,http://www.asiae.co.kr/news/view.htm?idxno=2012112012184474890
104,포드자동차 '퓨전' 131대 리콜‥견인장치 미장착,http://www.wowtv.co.kr/newscenter/news/view.asp?bcode=T30001000&artid=A201309160054
105,차 멈추면 어쩌지?...포드 퓨전 131대 견인장치 미장착,http://sports.chosun.com/news/ntype.htm?id=201309160100132750010011&servicedate=20130915
106,"포드車 신형 퓨전의 녹색 실험…""청바지와 페트병 활용한다""",http://www.hankyung.com/news/app/newsview.php?aid=201205316955g
107,"포드코리아, 올 뉴 퓨전 등 2012 부산모터쇼 출품 모델 공개",http://www.nspna.com/news/?mode=view&newsid=47675
108,"포드 신형 퓨전, ‘에어백 안전벨트’ 적용",http://car.donga.com/3/all/20130816/57061946/2
109,"[시승]포드의 고효율 도전, 퓨전 하이브리드",http://autotimes.hankyung.com/apps/news.sub_view?popup=0&nid=08&c1=08&c2=08&c3=00&nkey=201203041305581
110,"포드, 올뉴 퓨전 발표회에 ‘SNS 친구’ 초청",http://www.ajunews.com/common/redirect.jsp?newsId=20121127000548
111,대중문화와 자동차의 만남..포드 '사운드 오브 퓨전' 프로젝트,http://www.asiae.co.kr/news/view.htm?idxno=2012112012184474890
112,포드자동차 '퓨전' 131대 리콜‥견인장치 미장착,http://www.wowtv.co.kr/newscenter/news/view.asp?bcode=T30001000&artid=A201309160054
113,차 멈추면 어쩌지?...포드 퓨전 131대 견인장치 미장착,http://sports.chosun.com/news/ntype.htm?id=201309160100132750010011&servicedate=20130915
114,"포드車 신형 퓨전의 녹색 실험…""청바지와 페트병 활용한다""",http://www.hankyung.com/news/app/newsview.php?aid=201205316955g
115,"포드코리아, 올 뉴 퓨전 등 2012 부산모터쇼 출품 모델 공개",http://www.nspna.com/news/?mode=view&newsid=47675
116,"포드 신형 퓨전, ‘에어백 안전벨트’ 적용",http://car.donga.com/3/all/20130816/57061946/2
117,"[시승]포드의 고효율 도전, 퓨전 하이브리드",http://autotimes.hankyung.com/apps/news.sub_view?popup=0&nid=08&c1=08&c2=08&c3=00&nkey=201203041305581
118,"포드, 하반기 `퓨전 하이브리드` 출시..`캠리` 연비추월",http://www.edaily.co.kr/news/newspath.asp?newsid=01148006599430848
119,"포드코리아, ‘2012년형 퓨전 하이브리드’ 국내 출시",http://news.mk.co.kr/news_forward.php?domain=news&no=85065&year=2012
120,"견인장치 없는 포드 퓨전, 리콜",http://www.mydaily.co.kr/new_yk/html/read.php?newsid=201309160854504434&ext=na
121,차 멈추면 어쩌지?...포드 퓨전 131대 견인장치 미장착,http://sports.chosun.com/news/ntype.htm?id=201309160100132750010011&servicedate=20130915
122,"포드車 신형 퓨전의 녹색 실험…""청바지와 페트병 활용한다""",http://www.hankyung.com/news/app/newsview.php?aid=201205316955g
123,"포드코리아, 올 뉴 퓨전 등 2012 부산모터쇼 출품 모델 공개",http://www.nspna.com/news/?mode=view&newsid=47675
124,"포드 신형 퓨전, ‘에어백 안전벨트’ 적용",http://car.donga.com/3/all/20130816/57061946/2
125,"[시승]포드의 고효율 도전, 퓨전 하이브리드",http://autotimes.hankyung.com/apps/news.sub_view?popup=0&nid=08&c1=08&c2=08&c3=00&nkey=201203041305581
126,"포드, 하반기 `퓨전 하이브리드` 출시..`캠리` 연비추월",http://www.edaily.co.kr/news/newspath.asp?newsid=01148006599430848
127,"포드코리아, ‘2012년형 퓨전 하이브리드’ 국내 출시",http://news.mk.co.kr/news_forward.php?domain=news&no=85065&year=2012
128,"포드, 성능·디자인 개선한 '2013년형 퓨전' 공개",http://biz.chosun.com/site/data/html_dir/2012/01/09/2012010903001.html
129,2013 포드 퓨전 오피셜 공개,http://news.mk.co.kr/news_forward.php?domain=news&no=22417&year=2012
130,하이브리드 중형 세단 ‘2012년형 포드 퓨전 하이브리드’ 국내 출시,http://sports.khan.co.kr/news/sk_index.html?cat=view&art_id=201202081448374&sec_id=563002&pt=nv
131,"포드, 성능·디자인 개선한 '2013년형 퓨전' 공개",http://biz.chosun.com/site/data/html_dir/2012/01/09/2012010903001.html
132,2013 포드 퓨전 오피셜 공개,http://news.mk.co.kr/news_forward.php?domain=news&no=22417&year=2012
133,"[북미오토쇼] 포드, 올-뉴 퓨전 공개",http://www.edaily.co.kr/news/newspath.asp?newsid=02299286599396080
134,"심상치 않은 포드 퓨전의 디자인, 오너들을 설레게 하다",https://news.naver.com/main/read.naver?mode=LSD&mid=sec&sid1=101&oid=011&aid=0002328772
135,"포드코리아 퓨전 하이브리드 공개, ""연비 동급 최고""",http://www.mt.co.kr/view/mtview.php?type=1&no=2013032811203019240&outlink=1
136,[시승기]`포드 퓨전 2.0` 달리는 맛 좋지만 연비는 좀…,http://news.mk.co.kr/news_forward.php?domain=news&no=122722&year=2013
137,“헉! 포드 퓨전 사면..스포츠카 머스탱 한달 대여”,http://sports.chosun.com/news/ntype.htm?id=201108180100138050011842&servicedate=20110817
138,"포드 '퓨전' 구매 시, 뉴 익스플로러&머스탱 30일간 탈 수 있어",http://kr.aving.net/news/view.php?articleId=206378&Branch_ID=kr&rssid=naver&mn_name=news
139,[시승기]국내 도입 2개월..포드 퓨전 타보니,http://www.asiae.co.kr/news/view.htm?idxno=2011070817101890377
140,"포드코리아, 2012년형 퓨전 하이브리드 출시",http://biz.heraldm.com/common/redirect.jsp?category_id=010107041300&news_id=20120208000721
141,"포드, 성능·디자인 개선한 '2013년형 퓨전' 공개",http://biz.chosun.com/site/data/html_dir/2012/01/09/2012010903001.html
142,2013 포드 퓨전 오피셜 공개,http://news.mk.co.kr/news_forward.php?domain=news&no=22417&year=2012
143,"[북미오토쇼] 포드, 올-뉴 퓨전 공개",http://www.edaily.co.kr/news/newspath.asp?newsid=02299286599396080
144,"심상치 않은 포드 퓨전의 디자인, 오너들을 설레게 하다",https://news.naver.com/main/read.naver?mode=LSD&mid=sec&sid1=101&oid=011&aid=0002328772
145,"포드코리아 퓨전 하이브리드 공개, ""연비 동급 최고""",http://www.mt.co.kr/view/mtview.php?type=1&no=2013032811203019240&outlink=1
146,[시승기]`포드 퓨전 2.0` 달리는 맛 좋지만 연비는 좀…,http://news.mk.co.kr/news_forward.php?domain=news&no=122722&year=2013
147,“헉! 포드 퓨전 사면..스포츠카 머스탱 한달 대여”,http://sports.chosun.com/news/ntype.htm?id=201108180100138050011842&servicedate=20110817
148,"포드 '퓨전' 구매 시, 뉴 익스플로러&머스탱 30일간 탈 수 있어",http://kr.aving.net/news/view.php?articleId=206378&Branch_ID=kr&rssid=naver&mn_name=news
149,[시승기]국내 도입 2개월..포드 퓨전 타보니,http://www.asiae.co.kr/news/view.htm?idxno=2011070817101890377
150,“헉! 포드 퓨전 사면..스포츠카 머스탱 한달 대여”,http://sports.chosun.com/news/ntype.htm?id=201108180100138050011842&servicedate=20110817
151,"포드 '퓨전' 구매 시, 뉴 익스플로러&머스탱 30일간 탈 수 있어",http://kr.aving.net/news/view.php?articleId=206378&Branch_ID=kr&rssid=naver&mn_name=news
152,[시승기]국내 도입 2개월..포드 퓨전 타보니,http://www.asiae.co.kr/news/view.htm?idxno=2011070817101890377
153,"포드 '퓨전, 3570만원 결정",http://sports.chosun.com/news/ntype.htm?id=201106140100119310009597&servicedate=20110613
154,"포드코리아, '퓨전'으로 판매만회 역부족",http://www.autotimes.co.kr/article_view.php?id=121512
155,"포드코리아, '다운사이징' 올-뉴 퓨전으로 승부",http://www.mt.co.kr/view/mtview.php?type=1&no=2012121916451863890&outlink=1
156,"포드 퓨전, 최고의 리디자인 車로 선정",http://news.mk.co.kr/news_forward.php?domain=news&no=836698&year=2012
157,"포드 퓨전, 美 켈리블루북 '2013 최고 리디자인 車' 선정",http://www.asiae.co.kr/news/view.htm?idxno=2012121417111810472
158,포드코리아 2013년형 ‘올 뉴 퓨전’ 출시,http://www.fnnews.com/view?ra=Sent0601m_01A&corp=fnnews&arcid=201212100100085110004621&cDateYear=2012&cDateMonth=12&cDateDay=10&
159,"포드코리아, 3천만원대 올뉴 퓨전 출시",http://www.joseilbo.com/news/news_read.php?uid=163871&class=54
160,"포드 퓨전, 최고의 리디자인 車로 선정",http://news.mk.co.kr/news_forward.php?domain=news&no=836698&year=2012
161,"포드 퓨전, 美 켈리블루북 '2013 최고 리디자인 車' 선정",http://www.asiae.co.kr/news/view.htm?idxno=2012121417111810472
162,포드코리아 2013년형 ‘올 뉴 퓨전’ 출시,http://www.fnnews.com/view?ra=Sent0601m_01A&corp=fnnews&arcid=201212100100085110004621&cDateYear=2012&cDateMonth=12&cDateDay=10&
163,"포드코리아, 3천만원대 올뉴 퓨전 출시",http://www.joseilbo.com/news/news_read.php?uid=163871&class=54
164,[포토엔]포드 ‘올-뉴 퓨전’ 매끈하고 세련미 넘치는 스티어링휠,http://www.newsen.com/news_view.php?uid=201212101146272020
165,[CAR/시승기]포드코리아 ‘퓨전’,http://news.donga.com/3/all/20110525/37517526/1
166,"[시승기]‘포드’의 드라이브 토털시스템, ‘퓨전’으로 배채우고 ‘익스플로러’로 유람하세!",http://sports.khan.co.kr/news/sk_index.html?cat=view&art_id=201105231120543&sec_id=561901&pt=nv
167,"[시승기] 포드 퓨전 ""도요타 캠리 저리 비켜""",http://www.etoday.co.kr/news/section/newsview.php?TM=news&SM=0405&idxno=439515
168,"""캠리,저거 치워!"" 美포드 퓨전, '발칙한 시승회'",http://www.hankyung.com/news/app/newsview.php?aid=201105167651g
169,"포드, 2011년형 퓨전과 익스플로러 시판",http://www.autotimes.co.kr/article_view.php?id=118360
170,[포토엔]포드 ‘올-뉴 퓨전’ 높은 파워 갖춘 직렬 4기통 에코부스트 엔진,http://www.newsen.com/news_view.php?uid=201212101200072020
171,[CAR/시승기]포드코리아 ‘퓨전’,http://news.donga.com/3/all/20110525/37517526/1
172,"[시승기]‘포드’의 드라이브 토털시스템, ‘퓨전’으로 배채우고 ‘익스플로러’로 유람하세!",http://sports.khan.co.kr/news/sk_index.html?cat=view&art_id=201105231120543&sec_id=561901&pt=nv
173,"[시승기] 포드 퓨전 ""도요타 캠리 저리 비켜""",http://www.etoday.co.kr/news/section/newsview.php?TM=news&SM=0405&idxno=439515
174,"""캠리,저거 치워!"" 美포드 퓨전, '발칙한 시승회'",http://www.hankyung.com/news/app/newsview.php?aid=201105167651g
175,"포드, 2011년형 퓨전과 익스플로러 시판",http://www.autotimes.co.kr/article_view.php?id=118360
176,"포드코리아, 퓨전·뉴 익스플로러 출시…""올해 신차 4종""",https://news.naver.com/main/read.naver?mode=LSD&mid=sec&sid1=101&oid=003&aid=0003857706
177,‘아메리칸 쏘나타’ 포드 퓨전,http://www.newdaily.co.kr/news/article.html?no=79057
178,"포드, 2013년형 '올 뉴 퓨전' 예약 판매 시작",https://news.naver.com/main/read.naver?mode=LSD&mid=sec&sid1=101&oid=003&aid=0004853410
179,"포드 퓨전, 카리스마 불끈 '근육질 남성같아'",http://sports.chosun.com/news/ntype.htm?id=201105120100097920007932&servicedate=20110511
180,"""캠리,저거 치워!"" 美포드 퓨전, '발칙한 시승회'",http://www.hankyung.com/news/app/newsview.php?aid=201105167651g
181,"포드, 2011년형 퓨전과 익스플로러 시판",http://www.autotimes.co.kr/article_view.php?id=118360
182,"포드코리아, 퓨전·뉴 익스플로러 출시…""올해 신차 4종""",https://news.naver.com/main/read.naver?mode=LSD&mid=sec&sid1=101&oid=003&aid=0003857706
183,‘아메리칸 쏘나타’ 포드 퓨전,http://www.newdaily.co.kr/news/article.html?no=79057
184,"포드, 2013년형 '올 뉴 퓨전' 예약 판매 시작",https://news.naver.com/main/read.naver?mode=LSD&mid=sec&sid1=101&oid=003&aid=0004853410
185,"포드 퓨전, 카리스마 불끈 '근육질 남성같아'",http://sports.chosun.com/news/ntype.htm?id=201105120100097920007932&servicedate=20110511
186,"포드 퓨전, 美켈리블루북 선정 최고 리디자인 자동차",http://www.joseilbo.com/news/news_read.php?uid=164654&class=54
187,"포드코리아, 2013년형 올뉴 퓨전 출시",http://www.etnews.com/news/home_mobile/automobile/2689827_1485.html
188,"포드코리아, 신형 퓨전 출시",http://autotimes.hankyung.com/apps/news.sub_view?popup=0&nid=03&c1=03&c2=03&c3=00&nkey=201212101126041
189,"포드코리아, 올-뉴 퓨전 사운드 프로젝트 진행",http://news.mk.co.kr/news_forward.php?domain=news&no=766458&year=2012
190,"포드 퓨전, 美켈리블루북 선정 최고 리디자인 자동차",http://www.joseilbo.com/news/news_read.php?uid=164654&class=54
191,"포드코리아, 2013년형 올뉴 퓨전 출시",http://www.etnews.com/news/home_mobile/automobile/2689827_1485.html
192,"포드코리아, 신형 퓨전 출시",http://autotimes.hankyung.com/apps/news.sub_view?popup=0&nid=03&c1=03&c2=03&c3=00&nkey=201212101126041
193,"포드코리아, 올-뉴 퓨전 사운드 프로젝트 진행",http://news.mk.co.kr/news_forward.php?domain=news&no=766458&year=2012
194,"포드코리아, 퓨전 공개",http://sports.khan.co.kr/news/sk_index.html?cat=view&art_id=201103311210013&sec_id=560101&pt=nv
195,"포드, 서울모터쇼서 퓨전 등 신차 '첫 선'",http://www.newspim.com/common/redirect.jsp?newsId=20110325000294
196,美서 쏘나타 꺾은 '포드 퓨전' 내달 국내 판매,http://www.hankyung.com/news/app/newsview.php?aid=201103157001g
197,[포토]거대한 괴물이 할퀸 듯한 포드 퓨전,http://www.edaily.co.kr/news/newspath.asp?newsid=01085686599723096
198,[포토]이 보다 더 매력적인 포드 퓨전은 없다!,http://www.edaily.co.kr/news/newspath.asp?newsid=01088966599723096
199,[포토]유럽 세단의 우아함이 더해진 포드 퓨전,http://www.edaily.co.kr/news/newspath.asp?newsid=01111926599723096
200,[포토]이 보다 더 매력적인 포드 퓨전은 없다!,http://www.edaily.co.kr/news/newspath.asp?newsid=01088966599723096
201,[포토]유럽 세단의 우아함이 더해진 포드 퓨전,http://www.edaily.co.kr/news/newspath.asp?newsid=01111926599723096
202,"[시승기] 포드 퓨전, 럭셔리와 스포티가 만나 '운전의 재미'…음성인식 시스템은 '덤'",http://www.hankyung.com/news/app/newsview.php?aid=2011021506471
203,포드 퓨전·혼다 오토바이 등 359대 리콜,http://www.g-enews.com/ko-kr/news/article/news_all/201601191211010401066_1/article.html
204,포드 퓨전·페라리 등 359대 리콜,https://cnbc.sbs.co.kr/article_hub/10000780016?division=NAVER
205,"포드의 부활…퓨전, 지난해 22만대 팔려",http://news.mk.co.kr/news_forward.php?no=52216&year=2011
206,"토요타 코롤라, 포드 퓨전 한국 출시한다",http://www.autotimes.co.kr/article_view.php?id=99416
207,"포드의 신형 '하이브리드 퓨전', 연비가 이렇게 좋았었나?",http://www.kbench.com/life/?no=132247&sc=1
208,포드 퓨전 6만5000대 리콜,http://www.koreadaily.com/news/read.asp?art_id=2978051
209,"(시승기)'포드 퓨전 하이브리드', 단 두대만 팔린 이유 있었다",http://www.newstomato.com/ReadNews.aspx?no=236071
210,포드 퓨전·페라리 승용차 등 359대 리콜,http://www.ytn.co.kr/_ln/0102_201601180732082063
211,"토요타 코롤라, 포드 퓨전 한국 출시한다",http://www.autotimes.co.kr/article_view.php?id=99416
212,"포드의 신형 '하이브리드 퓨전', 연비가 이렇게 좋았었나?",http://www.kbench.com/life/?no=132247&sc=1
213,포드 퓨전 6만5000대 리콜,http://www.koreadaily.com/news/read.asp?art_id=2978051
214,"(시승기)'포드 퓨전 하이브리드', 단 두대만 팔린 이유 있었다",http://www.newstomato.com/ReadNews.aspx?no=236071
215,[포토]포드 `2012년형 퓨전 하이브리드` LCD 계기판,http://www.edaily.co.kr/news/newspath.asp?newsid=02509206599428552
216,"포드 퓨전 하이브리드, 美 '올해의 차' 선정",http://www.etoday.kr/news/section/newsview.php?TM=news&SM=0405&idxno=281657
217,"[사진]포드, 퓨전으로 캠리 아성 깬다",http://www.moneytoday.co.kr/view/mtview.php?type=1&no=2012011009510727064&outlink=1
218,"포드, ‘올-뉴 퓨전’ 등 북미오토쇼 공개",http://www.moneytoday.co.kr/view/mtview.php?type=1&no=2012010913494280176&outlink=1
219,美 '올해의 차' 포드 '퓨전' 선정…내년 한국 출시,http://www.hankyung.com/news/app/newsview.php?aid=200911186756g
220,[포토]포드 `2012년형 퓨전 하이브리드` 잘빠진 옆라인,http://www.edaily.co.kr/news/newspath.asp?newsid=02525606599428552
221,"포드 퓨전 하이브리드, 美 '올해의 차' 선정",http://www.etoday.kr/news/section/newsview.php?TM=news&SM=0405&idxno=281657
222,"[사진]포드, 퓨전으로 캠리 아성 깬다",http://www.moneytoday.co.kr/view/mtview.php?type=1&no=2012011009510727064&outlink=1
223,"포드, ‘올-뉴 퓨전’ 등 북미오토쇼 공개",http://www.moneytoday.co.kr/view/mtview.php?type=1&no=2012010913494280176&outlink=1
224,美 '올해의 차' 포드 '퓨전' 선정…내년 한국 출시,http://www.hankyung.com/news/app/newsview.php?aid=200911186756g
225,"포드 퓨전, 베스트 워런티를 앞세운 놀라운 혜택",http://news20.busan.com/controller/newsController.jsp?newsId=20130508000186
226,"포드, '토러스-퓨전-포커스' 신차라인 국내구축",http://www.moneytoday.co.kr/view/mtview.php?type=1&no=2009110211180533796&outlink=1
227,"""포드 '퓨전' 시승하면 GS포인트 2000포인트 적립""",http://news1.kr/articles/1418455
228,2013 포드 퓨전/몬데오 스파이샷 포착,http://news.mk.co.kr/news_forward.php?no=710277&year=2011
229,"쏘나타 하이브리드, 포드 퓨전 하이브리드에 밀렸다",http://biz.heraldm.com/common/redirect.jsp?category_id=010107041300&news_id=20111104000595
230,"포드, '토러스-퓨전-포커스' 신차라인 국내구축",http://www.moneytoday.co.kr/view/mtview.php?type=1&no=2009110211180533796&outlink=1
231,"""포드 '퓨전' 시승하면 GS포인트 2000포인트 적립""",http://news1.kr/articles/1418455
232,2013 포드 퓨전/몬데오 스파이샷 포착,http://news.mk.co.kr/news_forward.php?no=710277&year=2011
233,"쏘나타 하이브리드, 포드 퓨전 하이브리드에 밀렸다",http://biz.heraldm.com/common/redirect.jsp?category_id=010107041300&news_id=20111104000595
234,"쏘나타 하이브리드, 포드 퓨전 하이브리드에 밀렸다",http://biz.heraldm.com/common/redirect.jsp?category_id=010107041300&news_id=20111104000466
235,"포드, 퓨전 사면 익스플로러·머스탱 30일간 대여",http://www.hankyung.com/news/app/newsview.php?aid=201108165610g
236,"포드, 퓨전 하이브리드 세계 최고 연비 기록",http://www.autotimes.co.kr/article_view.php?id=48952
237,"포드코리아, '퓨전' 131대 리콜",http://www.etnews.com/news/home_mobile/automobile/2831645_1485.html
238,"포드자동차 퓨전(FUSION), 견인장치 미장착 리콜",http://www.korea.kr/policy/pressReleaseView.do?newsId=155917821
239,"<시승기>‘종합선물세트’ 같은 중형세단, 포드 퓨전",http://biz.heraldm.com/common/redirect.jsp?category_id=010107041300&news_id=20110621000053
240,"포드자동차 퓨전(FUSION), 견인장치 미장착 리콜",http://www.korea.kr/policy/pressReleaseView.do?newsId=155917821
241,"<시승기>‘종합선물세트’ 같은 중형세단, 포드 퓨전",http://biz.heraldm.com/common/redirect.jsp?category_id=010107041300&news_id=20110621000053
242,포드코리아 '퓨전·뉴익스플로러' 출시,http://www.newscj.com/news/articleView.html?idxno=80764
243,"포드·링컨, 머스탱·포커스·MKC 등 9개 차종 215만대 규모의 리콜 실시",http://www.hankookilbo.com/news/npath/202006121461048540?did=NA
244,"[사진]포드 2013 올-뉴 퓨전, 세련된 센터페시아",http://www.mt.co.kr/view/mtview.php?type=1&no=2012121012434408517&outlink=1
245,"포드코리아, 퓨전 하이브리드 등 30대 차량 소유주에 연비 과다 표기로 보상",http://www.consumernews.co.kr/news/view.html?gid=main&bid=news&pid=427259
246,"포드, 다운사이징車 '퓨전 1.6' 오늘부터 사전계약···가격은?",http://www.hankyung.com/news/app/newsview.php?aid=201211290066g
247,포드 중형세단 ‘퓨전’ 서울모터쇼에서 공개,http://www.khan.co.kr/kh_news/art_view.html?artid=201103161401001&code=920508
248,"포드, 미국 중형 세단 판매 1위 '퓨전' 서울 모터쇼서 공개",http://kr.aving.net/news/view.php?articleId=190159&Branch_ID=kr&rssid=naver&mn_name=news
249,"포드, 서울모터쇼서 `퓨전` 등 신차 4종 공개",http://www.edaily.co.kr/news/newspath.asp?newsid=02925766596186928
250,"[사진]포드 2013 올-뉴 퓨전, 편의성 높인 스티어링 휠",http://www.mt.co.kr/view/mtview.php?type=1&no=2012121012401285270&outlink=1
251,"포드코리아, 퓨전 하이브리드 등 30대 차량 소유주에 연비 과다 표기로 보상",http://www.consumernews.co.kr/news/view.html?gid=main&bid=news&pid=427259
252,"포드, 다운사이징車 '퓨전 1.6' 오늘부터 사전계약···가격은?",http://www.hankyung.com/news/app/newsview.php?aid=201211290066g
253,포드 중형세단 ‘퓨전’ 서울모터쇼에서 공개,http://www.khan.co.kr/kh_news/art_view.html?artid=201103161401001&code=920508
254,"포드, 미국 중형 세단 판매 1위 '퓨전' 서울 모터쇼서 공개",http://kr.aving.net/news/view.php?articleId=190159&Branch_ID=kr&rssid=naver&mn_name=news
255,"포드, 서울모터쇼서 `퓨전` 등 신차 4종 공개",http://www.edaily.co.kr/news/newspath.asp?newsid=02925766596186928
256,"익스플로러·토러스·퓨전 힘입은 포드코리아, 5월 역대최고 판매량",http://www.mydaily.co.kr/new_yk/html/read.php?newsid=201306101436124438&ext=na
257,"포드 '퓨전', 화재 가능성 발견 등 4개사 총 359대 리콜",http://biz.newdaily.co.kr/news/article.html?no=10096521
258,[The Test]포드 중형세단 ‘올 뉴 퓨전’,http://news.donga.com/3/all/20130129/52653900/1
259,"[부산모터쇼]""기존 미국차는 잊어라"".. 포드 '올 뉴 퓨전' 공개",http://www.asiae.co.kr/news/view.htm?idxno=2012052413554786339
260,"[사진]포드 올-뉴 퓨전, 중후한 타이어 휠",http://www.mt.co.kr/view/mtview.php?type=1&no=2012121013013318178&outlink=1
261,"포드코리아, 퓨전 하이브리드 등 30대 차량 소유주에 연비 과다 표기로 보상",http://www.consumernews.co.kr/news/view.html?gid=main&bid=news&pid=427259
262,"포드, 다운사이징車 '퓨전 1.6' 오늘부터 사전계약···가격은?",http://www.hankyung.com/news/app/newsview.php?aid=201211290066g
263,포드 중형세단 ‘퓨전’ 서울모터쇼에서 공개,http://www.khan.co.kr/kh_news/art_view.html?artid=201103161401001&code=920508
264,"포드, 미국 중형 세단 판매 1위 '퓨전' 서울 모터쇼서 공개",http://kr.aving.net/news/view.php?articleId=190159&Branch_ID=kr&rssid=naver&mn_name=news
265,"포드, 서울모터쇼서 `퓨전` 등 신차 4종 공개",http://www.edaily.co.kr/news/newspath.asp?newsid=02925766596186928
266,"익스플로러·토러스·퓨전 힘입은 포드코리아, 5월 역대최고 판매량",http://www.mydaily.co.kr/new_yk/html/read.php?newsid=201306101436124438&ext=na
267,"포드 '퓨전', 화재 가능성 발견 등 4개사 총 359대 리콜",http://biz.newdaily.co.kr/news/article.html?no=10096521
268,[The Test]포드 중형세단 ‘올 뉴 퓨전’,http://news.donga.com/3/all/20130129/52653900/1
269,"[부산모터쇼]""기존 미국차는 잊어라"".. 포드 '올 뉴 퓨전' 공개",http://www.asiae.co.kr/news/view.htm?idxno=2012052413554786339
270,"포드, 서울모터쇼서 중형세단 '퓨전' 론칭",http://www.newspim.com/common/redirect.jsp?newsId=20110315000333
271,"포드, 서울모터쇼서 `퓨전` 등 신차 4종 공개",http://www.edaily.co.kr/news/newspath.asp?newsid=02925766596186928
272,"익스플로러·토러스·퓨전 힘입은 포드코리아, 5월 역대최고 판매량",http://www.mydaily.co.kr/new_yk/html/read.php?newsid=201306101436124438&ext=na
273,"포드 '퓨전', 화재 가능성 발견 등 4개사 총 359대 리콜",http://biz.newdaily.co.kr/news/article.html?no=10096521
274,[The Test]포드 중형세단 ‘올 뉴 퓨전’,http://news.donga.com/3/all/20130129/52653900/1
275,"[부산모터쇼]""기존 미국차는 잊어라"".. 포드 '올 뉴 퓨전' 공개",http://www.asiae.co.kr/news/view.htm?idxno=2012052413554786339
276,"포드 퓨전, 美 켈리블루북 2013 최고의 리디자인 선정",http://news.donga.com/3/all/20121214/51603903/2
277,어디서 본 듯? 포드 새 중형차 ‘퓨전’ 출시,http://www.segye.com/Articles/Car/NewCar/Article.asp?aid=20121211022494&subctg1=&subctg2=&OutUrl=naver
278,포드코리아 “퓨전 시승하고 선물 받고”,http://www.newspim.com/common/redirect.jsp?newsId=20130109000819
279,"포드 퓨전, 조용하면서 힘도 세다!",http://www.mt.co.kr/view/mtview.php?type=1&no=2013010312580076852&outlink=1
280,[The Test]포드 중형세단 ‘올 뉴 퓨전’,http://news.donga.com/3/all/20130129/52653900/1
281,"[부산모터쇼]""기존 미국차는 잊어라"".. 포드 '올 뉴 퓨전' 공개",http://www.asiae.co.kr/news/view.htm?idxno=2012052413554786339
282,"포드 퓨전, 美 켈리블루북 2013 최고의 리디자인 선정",http://news.donga.com/3/all/20121214/51603903/2
283,어디서 본 듯? 포드 새 중형차 ‘퓨전’ 출시,http://www.segye.com/Articles/Car/NewCar/Article.asp?aid=20121211022494&subctg1=&subctg2=&OutUrl=naver
284,포드코리아 “퓨전 시승하고 선물 받고”,http://www.newspim.com/common/redirect.jsp?newsId=20130109000819
285,"포드 퓨전, 조용하면서 힘도 세다!",http://www.mt.co.kr/view/mtview.php?type=1&no=2013010312580076852&outlink=1
286,"포드코리아 올-뉴 퓨전, '사운드 오브 퓨전' 프로젝트 진행",http://www.newstomato.com/ReadNews.aspx?no=308372
287,“이번엔 좀 달라졌나?” 포드 중형 ‘올 뉴 퓨전’ 출시,http://news.donga.com/3/all/20121210/51469598/2
288,"포드, 올-뉴 퓨전 출시",https://news.naver.com/main/read.naver?mode=LSD&mid=sec&sid1=101&oid=003&aid=0004871635
289,"포드, '2012년형 퓨전 하이브리드' 출시··연비 16.7㎞/ℓ",https://news.naver.com/main/read.naver?mode=LSD&mid=sec&sid1=101&oid=003&aid=0004330252
290,"포드, '2012년형 퓨전 하이브리드' 출시··연비 16.7㎞/ℓ",https://news.naver.com/main/read.naver?mode=LSD&mid=sec&sid1=101&oid=003&aid=0004330252
291,"포드 토러스·머스탱·퓨전, '2010 베스트 바이'로 선정",http://www.mydaily.co.kr/news/read.html?newsid=201002051006444432&ext=na
292,"포드 '토러스·머스탱·퓨전', 美 '최우수 추천차' 선정",https://news.naver.com/main/read.naver?mode=LSD&mid=sec&sid1=101&oid=003&aid=0003074967
293,"포드코리아, 퓨전 대체 '올 뉴 몬데오' 사전계약…3천990만원부터",http://www.ebn.co.kr/news/view/744082
294,"포드, 신형 퓨전 11월 출시",http://autotimes.hankyung.com/apps/news.sub_view?popup=0&nid=03&c1=03&c2=03&c3=00&nkey=201207261619241
295,"포드코리아 승용차 `퓨전` 구입고객에게, SUV 또는 스포츠카 30일 대여 혜택 제",http://www.dt.co.kr/contents.html?article_no=2011081602019932718004
296,"포드자동차 퓨전, 견인장치 미장착 리콜",http://www.dailian.co.kr/news/view/386558/?sc=naver
297,"美 포드 퓨전, 견인장치 미장착 131대 리콜",http://www.mt.co.kr/view/mtview.php?type=1&no=2013091422073913028&outlink=1
298,미국형 패밀리세단 포드 ‘퓨전’ 하이브리드,http://news.donga.com/3/all/20120331/45189827/2
299,F-150 픽업트럭 등 포드 215만대 리콜,http://www.koreadaily.com/news/read.asp?art_id=8376856
300,"포드, 퓨전 구입시 익스플로러·머스탱 무료 대여",http://www.ajnews.co.kr/common/redirect.jsp?newsId=20110816000524
301,"포드자동차 퓨전, 견인장치 미장착 리콜",http://www.dailian.co.kr/news/view/386558/?sc=naver
302,"美 포드 퓨전, 견인장치 미장착 131대 리콜",http://www.mt.co.kr/view/mtview.php?type=1&no=2013091422073913028&outlink=1
303,미국형 패밀리세단 포드 ‘퓨전’ 하이브리드,http://news.donga.com/3/all/20120331/45189827/2
304,F-150 픽업트럭 등 포드 215만대 리콜,http://www.koreadaily.com/news/read.asp?art_id=8376856
305,"포드, 2012년형 퓨전 하이브리드 출시",https://news.naver.com/main/read.naver?mode=LSD&mid=sec&sid1=101&oid=011&aid=0002216192
306,"포드, ""퓨전 5월부터 본격 판매한다""",http://www.hankyung.com/news/app/newsview.php?aid=201103251694g
307,"포드, 서울모터쇼서 중형세단 '퓨전' 출시",http://www.asiae.co.kr/news/view.htm?idxno=2011031509431773534
308,"포드 퓨전, 익스플로러 등 미국서 내구성 평가 1위",http://sports.chosun.com/news/ntype.htm?id=201202190100131640011826&servicedate=20120219
309,포드 ‘퓨전 하이브리드’ 2월 출시…연말까지 8개 이상 공개,http://www.khan.co.kr/kh_news/art_view.html?artid=201201121641311&code=920508
310,"수입차 업계 긴장, 연비와 유지비를 모두 잡은 포드 퓨전",https://news.naver.com/main/read.naver?mode=LSD&mid=sec&sid1=101&oid=011&aid=0002329311
311,포드자동차 퓨전 구매고객에 뉴 익스플로러 머스탱 30일간 무료 대여,http://www.fnnews.com/view?ra=Sent0601m_01A&corp=fnnews&arcid=110816102129&cDateYear=2011&cDateMonth=08&cDateDay=16&
312,"[시승]유럽에서 건너온 미국차, 포드 몬데오",http://autotimes.hankyung.com/apps/news.sub_view?popup=0&nid=06&c1=06&c2=06&c3=00&nkey=202002052109191
313,"포드 중형차 퓨전, SUV 익스플로러…한국 시장에 '도전장'",http://www.segye.com/Articles/NEWS/ECONOMY/Article.asp?aid=20110517001275&subctg1=&subctg2=
314,"[자동차 소식마당] 포드코리아, 올 뉴 퓨전 무빙 쇼룸 운영",http://www.hankyung.com/news/app/newsview.php?aid=2012121753101
315,"포드 퓨전, 美 '베스트 리디자인 자동차' 선정",https://news.naver.com/main/read.naver?mode=LSD&mid=sec&sid1=101&oid=003&aid=0004881807
316,"포드코리아, 2013 올-뉴 퓨전 출시",http://www.ajunews.com/common/redirect.jsp?newsId=20121210000244
317,"포드, 피에스타·퓨전·링컨MKZ 39만대 리콜",http://news1.kr/articles/?2202513
318,"DJ소울스케이프, 포드차 '퓨전' 음악 만든다",http://www.hankyung.com/news/app/newsview.php?aid=201211203819g
319,카밀로-칼튼-포드 ‘월드 퓨전재즈 페스티벌’,https://news.naver.com/main/read.naver?mode=LSD&mid=sec&sid1=103&oid=003&aid=0000305569
320,"DJ소울스케이프, 포드차 '퓨전' 음악 만든다",http://www.hankyung.com/news/app/newsview.php?aid=201211203819g
321,카밀로-칼튼-포드 ‘월드 퓨전재즈 페스티벌’,https://news.naver.com/main/read.naver?mode=LSD&mid=sec&sid1=103&oid=003&aid=0000305569
322,"포드, 서울모터쇼에 미국 대표 세단 ‘퓨전’ 론칭",http://news.mk.co.kr/news_forward.php?no=162641&year=2011
323,포드 퓨전 승용차·혼다 오토바이 등 359대 리콜,http://www.seoul.co.kr/news/newsView.php?id=20160119020007
324,"포드, 내년 상반기 퓨전 내놓는다",http://www.autotimes.co.kr/article_view.php?id=64127
325,포드 퓨전·페라리 캘리포니아 T 등 359대 리콜 ‘화재 가능성’,http://car.donga.com/3/all/20160118/75969618/2
326,[포토]포드 `2013 퓨전 하이브리드` 실내 세부 인테리어,http://www.edaily.co.kr/news/newspath.asp?newsid=01613766599430848
327,"포드, 퓨전 하이브리드 출시···4760만원",http://www.hankyung.com/news/app/newsview.php?aid=201202080518g
328,"포드 '토러스·머스탱·퓨전', 올해 최우수 추천차",http://www.newspim.com/sub_view.php?cate1=6&cate2=1&news_id=313912
329,"포드, 신형 몬데오 공개..길이만 5M 중형 세단",http://m.dailycar.co.kr/content/news.html?type=view&autoId=42622
330,[포토]포드 `2013 퓨전 하이브리드` 날카로운 눈매,http://www.edaily.co.kr/news/newspath.asp?newsid=01617046599430848
331,"포드, 퓨전 하이브리드 출시···4760만원",http://www.hankyung.com/news/app/newsview.php?aid=201202080518g
332,"포드 '토러스·머스탱·퓨전', 올해 최우수 추천차",http://www.newspim.com/sub_view.php?cate1=6&cate2=1&news_id=313912
333,"포드, 신형 몬데오 공개..길이만 5M 중형 세단",http://m.dailycar.co.kr/content/news.html?type=view&autoId=42622
334,[사진]'2010 올해의車' 후보- 포드 '퓨전',http://www.moneytoday.co.kr/view/mtview.php?type=1&no=2009100402223544946&outlink=1
335,"포드 퓨전사면 SUV, 스포츠카 따라온다",http://www.autotimes.co.kr/article_view.php?id=126901
336,포드 중형세단 '퓨전' 견인장치 미장착 131대 리콜,http://news20.busan.com/controller/newsController.jsp?newsId=20130916000059
337,포드 '퓨전' 견인장치 미장착 131대 리콜,http://news.sbs.co.kr/section_news/news_read.jsp?news_id=N1001983136
338,"포드코리아, 퓨전·뉴익스플로러 출시",http://www.ajnews.co.kr/common/redirect.jsp?newsId=20110516000632
339,일반 공개될 포드의 '포드퓨전 하이브리드',https://news.naver.com/main/read.naver?mode=LSD&mid=sec&sid1=104&oid=003&aid=0002385897
340,"포드자동차 퓨전, 견인장치 미장착으로 리콜",http://news1.kr/articles/1323060
341,"포드코리아, 퓨전·뉴익스플로러 출시",http://www.ajnews.co.kr/common/redirect.jsp?newsId=20110516000632
342,일반 공개될 포드의 '포드퓨전 하이브리드',https://news.naver.com/main/read.naver?mode=LSD&mid=sec&sid1=104&oid=003&aid=0002385897
343,도요타 코롤라·포드 퓨전…내년 수입차 50종 쏟아진다,http://news.mk.co.kr/news_forward.php?no=676593&year=2010
344,차세대 중형세단 포드 올뉴 퓨전 출시,http://www.joseilbo.com/news/news_read.php?uid=163891&class=54
345,"포드코리아, 2013 올-뉴 퓨전 출시",http://news1.kr/photos/317692
346,"포드, 올-뉴 퓨전 출시",https://news.naver.com/main/read.naver?mode=LSD&mid=sec&sid1=101&oid=003&aid=0004871634
347,[시승기] 포드 퓨전 하이브리드,http://news20.busan.com/news/newsController.jsp?newsId=20120709000040
348,"포드·혼다, 잠정 중단했던 북미공장 4월초부터 재가동(종합)",http://yna.kr/AKR20200326201551072?did=1195m
349,"포드, 잠정 중단했던 북미공장 4월6일부터 순차 재가동",http://yna.kr/AKR20200326201500072?did=1195m
350,"포드 '올 뉴 퓨전' 3,645만 원 출시",http://news.mtn.co.kr/newscenter/news_viewer.mtn?gidx=2012121019151541060
351,"포드코리아, 중형 세단 2013 올-뉴 퓨전 출시",http://www.segye.com/Articles/NEWS/ECONOMY/Article.asp?aid=20121210022123&subctg1=&subctg2=&OutUrl=naver
352,"포드, 올-뉴 퓨전 출시",https://news.naver.com/main/read.naver?mode=LSD&mid=sec&sid1=101&oid=003&aid=0004871634
353,[시승기] 포드 퓨전 하이브리드,http://news20.busan.com/news/newsController.jsp?newsId=20120709000040
354,"포드·혼다, 잠정 중단했던 북미공장 4월초부터 재가동(종합)",http://yna.kr/AKR20200326201551072?did=1195m
355,"포드, 잠정 중단했던 북미공장 4월6일부터 순차 재가동",http://yna.kr/AKR20200326201500072?did=1195m
356,'올해의 패밀리카'에 선정된 포드 퓨전 하이브리드,https://news.naver.com/main/read.naver?mode=LSD&mid=sec&sid1=101&oid=003&aid=0004319219
357,"[시승기] 포드 퓨전 2.5, 속도 올릴수록 탄탄한 주행성능 '인상적'",http://www.hankyung.com/news/app/newsview.php?aid=2011072247421
358,"[포토] 포드의 2011년형 뉴 퓨전 세단, '코너링 안전 최고'",http://sports.chosun.com/news/ntype.htm?id=201105160100142630011825&servicedate=20110516
359,"포드, 퓨전 하이브리드 자율주행차 공개",http://app.yonhapnews.co.kr/YNA/Basic/SNS/r.aspx?c=PYH20160107171400013&did=1196m
360,"포드코리아, 2013 올-뉴 퓨전 출시",http://news1.kr/photos/317684
361,"포드, 올-뉴 퓨전 출시",https://news.naver.com/main/read.naver?mode=LSD&mid=sec&sid1=101&oid=003&aid=0004871634
362,[시승기] 포드 퓨전 하이브리드,http://news20.busan.com/news/newsController.jsp?newsId=20120709000040
363,"포드·혼다, 잠정 중단했던 북미공장 4월초부터 재가동(종합)",http://yna.kr/AKR20200326201551072?did=1195m
364,"포드, 잠정 중단했던 북미공장 4월6일부터 순차 재가동",http://yna.kr/AKR20200326201500072?did=1195m
365,'올해의 패밀리카'에 선정된 포드 퓨전 하이브리드,https://news.naver.com/main/read.naver?mode=LSD&mid=sec&sid1=101&oid=003&aid=0004319219
366,"[시승기] 포드 퓨전 2.5, 속도 올릴수록 탄탄한 주행성능 '인상적'",http://www.hankyung.com/news/app/newsview.php?aid=2011072247421
367,"[포토] 포드의 2011년형 뉴 퓨전 세단, '코너링 안전 최고'",http://sports.chosun.com/news/ntype.htm?id=201105160100142630011825&servicedate=20110516
368,"포드, 퓨전 하이브리드 자율주행차 공개",http://app.yonhapnews.co.kr/YNA/Basic/SNS/r.aspx?c=PYH20160107171400013&did=1196m
369,온실가스 배출 적은 차 1위 '포드 퓨전 하이브리드',http://www.tbs.seoul.kr/news/bunya.do?method=daum_html2&typ_800=3&seq_800=10017499
370,"포드코리아, 신형 퓨전 국내 출시",https://news.naver.com/main/read.naver?mode=LSD&mid=sec&sid1=101&oid=003&aid=0004871636
371,[시승기] 포드 퓨전 하이브리드,http://news20.busan.com/news/newsController.jsp?newsId=20120709000040
372,"포드·혼다, 잠정 중단했던 북미공장 4월초부터 재가동(종합)",http://yna.kr/AKR20200326201551072?did=1195m
373,"포드, 잠정 중단했던 북미공장 4월6일부터 순차 재가동",http://yna.kr/AKR20200326201500072?did=1195m
374,'올해의 패밀리카'에 선정된 포드 퓨전 하이브리드,https://news.naver.com/main/read.naver?mode=LSD&mid=sec&sid1=101&oid=003&aid=0004319219
375,"[시승기] 포드 퓨전 2.5, 속도 올릴수록 탄탄한 주행성능 '인상적'",http://www.hankyung.com/news/app/newsview.php?aid=2011072247421
376,"[포토] 포드의 2011년형 뉴 퓨전 세단, '코너링 안전 최고'",http://sports.chosun.com/news/ntype.htm?id=201105160100142630011825&servicedate=20110516
377,"포드, 퓨전 하이브리드 자율주행차 공개",http://app.yonhapnews.co.kr/YNA/Basic/SNS/r.aspx?c=PYH20160107171400013&did=1196m
378,온실가스 배출 적은 차 1위 '포드 퓨전 하이브리드',http://www.tbs.seoul.kr/news/bunya.do?method=daum_html2&typ_800=3&seq_800=10017499
379,포드 토러스- 머스탱-퓨전 ‘2010년 Best Buy’ 차량 선정,http://www.heraldbiz.com/SITE/data/html_dir/2010/02/04/201002040681.asp
380,"포드, 북미공장 4월6일부터 순차적 생산 재개",http://news.kbs.co.kr/news/view.do?ncd=4411239&ref=A
381,'올해의 패밀리카'에 선정된 포드 퓨전 하이브리드,https://news.naver.com/main/read.naver?mode=LSD&mid=sec&sid1=101&oid=003&aid=0004319219
382,"[시승기] 포드 퓨전 2.5, 속도 올릴수록 탄탄한 주행성능 '인상적'",http://www.hankyung.com/news/app/newsview.php?aid=2011072247421
383,"[포토] 포드의 2011년형 뉴 퓨전 세단, '코너링 안전 최고'",http://sports.chosun.com/news/ntype.htm?id=201105160100142630011825&servicedate=20110516
384,"포드, 퓨전 하이브리드 자율주행차 공개",http://app.yonhapnews.co.kr/YNA/Basic/SNS/r.aspx?c=PYH20160107171400013&did=1196m
385,온실가스 배출 적은 차 1위 '포드 퓨전 하이브리드',http://www.tbs.seoul.kr/news/bunya.do?method=daum_html2&typ_800=3&seq_800=10017499
386,포드 토러스- 머스탱-퓨전 ‘2010년 Best Buy’ 차량 선정,http://www.heraldbiz.com/SITE/data/html_dir/2010/02/04/201002040681.asp
387,"포드, 다음달 '퓨전' 하이브리드 출시",https://news.naver.com/main/read.naver?mode=LSD&mid=sec&sid1=101&oid=001&aid=0005464449
388,포드 퓨전차 131대 리콜‥“견인장치 없어”,http://www.edaily.co.kr/news/newspath.asp?newsid=01318566602940448
389,"[글로벌-Biz 24] 테슬라, 화물 운송용 '전기 밴' 주도…GM·포드·어라이벌 ""우리도 있다""",http://www.g-enews.com/ko-kr/news/article/news_all/202006081541516099b5d048c6f3_1/article.html
390,포드 퓨전 승용차 제작결함 131대 리콜,http://www.dailian.co.kr/news/view/386552/?sc=naver
391,"[글로벌-Biz 24] 테슬라, 화물 운송용 '전기 밴' 주도…GM·포드·어라이벌 ""우리도 있다""",http://www.g-enews.com/ko-kr/news/article/news_all/202006081541516099b5d048c6f3_1/article.html
392,요즘 잘나가는 포드 퓨전! 연예인 김남주 차로 낙점,http://www.wowtv.co.kr/newscenter/news/view.asp?bcode=T30001000&artid=A201305090278
393,"포드 퓨전, 美 '베스트 리디자인 자동차' 선정",https://news.naver.com/main/read.naver?mode=LSD&mid=sec&sid1=101&oid=003&aid=0004882869
394,[포토뉴스]포드 중형 세단 ‘퓨전’ 신모델,http://www.khan.co.kr/kh_news/art_view.html?artid=201212102327085&code=920508
395,lf쏘나타.포드 퓨전 등 5개 차종 내년 보조금 혜택,http://www.kookje.co.kr/news2011/asp/newsbody.asp?code=0200&key=20141222.99002152731
396,"<부산국제모터쇼> 포드코리아, '퓨전 하이브리드' 멋진 자태",http://www.ajnews.co.kr/common/redirect.jsp?newsId=20120527000009
397,[포토]포드 퓨전 `국내 첫 공개`,http://www.edaily.co.kr/news/newspath.asp?newsid=02325526599532200
398,2013 포드 퓨전 NASCAR 스프린트컵 레이스카 공개,http://news.mk.co.kr/news_forward.php?domain=news&no=58070&year=2012
399,"포드, '2012년형 퓨전 하이브리드' 출시",https://news.naver.com/main/read.naver?mode=LSD&mid=sec&sid1=101&oid=003&aid=0004330351
400,2013 포드 퓨전 NASCAR 스프린트컵 레이스카 공개,http://news.mk.co.kr/news_forward.php?domain=news&no=58070&year=2012
401,"포드, '2012년형 퓨전 하이브리드' 출시",https://news.naver.com/main/read.naver?mode=LSD&mid=sec&sid1=101&oid=003&aid=0004330351
402,[시승기]美판매 3위 포드 '퓨전' 주행·편의성 합격,http://www.moneytoday.co.kr/view/mtview.php?type=1&no=2011070616381426734&outlink=1
403,"포드 ""퓨전 사면 익스플로러·머스탱 30일간 대여""",https://news.naver.com/main/read.naver?mode=LSD&mid=sec&sid1=101&oid=003&aid=0004024022
404,‘제작 결함’ 기아·쌍용·포드 6개 차종서 대량 리콜,https://cnbc.sbs.co.kr/article_hub/10000954269?division=NAVER
405,글로벌 위기 포드..한국서 익스플로러 마지막 승부수,http://www.edaily.co.kr/news/newspath.asp?newsid=01577686622622416
406,"[포토] 도심주행 19.9㎞/ℓ의 연비, 포드 퓨전 하이브리드",http://www.segye.com/Articles/Car/MotorShow/Article.asp?aid=20130402002397&subctg1=&subctg2=&OutUrl=naver
407,[포토] 2013 서울모터쇼 포드 퓨전 레이싱 모델,http://www.joseilbo.com/news/news_read.php?uid=176772&class=54
408,역동적 디자인… 포드 '올 뉴 퓨전',http://www.nocutnews.co.kr/Show.asp?IDX=2342756
409,"[포토] 에코부스트 엔진 탑재, 포드 퓨전 연비가?",http://news.donga.com/3/all/20121210/51470871/2
410,"[포토] ‘확실한 변신’ 포드, 퓨전 “뭐가 달라졌나?”",http://news.donga.com/3/all/20121210/51471053/2
411,기아차·쌍용차·포드 등 2만5000여대 '리콜',http://www.greenpostkorea.co.kr/news/articleView.html?idxno=108769
412,[부산모터쇼]눈길 사로잡는 포드 퓨전 하이브리드,http://www.etoday.co.kr/news/section/newsview.php?TM=news&SM=2302&idxno=588797
413,"[mk포토] 시원하게 달려보고 싶은 차, `포드 퓨전`",http://sports.mk.co.kr/view.php?no=317433&year=2012
414,포드 '퓨전' 252대 '캐니스터 퍼지 밸프' 결함 리콜,http://www.joseilbo.com/news/news_read.php?uid=284335&class=17&grp=
415,"美포드, 국내 출시 가능성 있는 픽업트럭 ‘레인저’ 결함 리콜",http://www.enewstoday.co.kr/news/articleView.html?idxno=1301894
416,[북미오토쇼]포드 신형 퓨전 `더 웅장한 모습으로`,http://www.edaily.co.kr/news/newspath.asp?newsid=01580966599396408
417,"[글로벌-Biz24]포드, 미국과 캐나다서 10만8000대 리콜...한국은?",http://www.g-enews.com/ko-kr/news/article/news_all/201908170905327979392c02b327_1/article.html
418,[포토]포드 퓨전 `무난한 뒷 모습`,http://www.edaily.co.kr/news/newspath.asp?newsid=03440726596188896
419,"(북미오토쇼)포드 퓨전 ""제가 `올해의 차` 입니다`",http://www.edaily.co.kr/news/newspath.asp?newsid=01325126592837392
420,포드 '퓨전' 252대 '캐니스터 퍼지 밸프' 결함 리콜,http://www.joseilbo.com/news/news_read.php?uid=284335&class=17&grp=
421,"美포드, 국내 출시 가능성 있는 픽업트럭 ‘레인저’ 결함 리콜",http://www.enewstoday.co.kr/news/articleView.html?idxno=1301894
422,[북미오토쇼]포드 신형 퓨전 `더 웅장한 모습으로`,http://www.edaily.co.kr/news/newspath.asp?newsid=01580966599396408
423,"[글로벌-Biz24]포드, 미국과 캐나다서 10만8000대 리콜...한국은?",http://www.g-enews.com/ko-kr/news/article/news_all/201908170905327979392c02b327_1/article.html
424,[포토]포드 퓨전 `무난한 뒷 모습`,http://www.edaily.co.kr/news/newspath.asp?newsid=03440726596188896
425,기아 쌍용 포드 등 6개 차종 2만5633대 리콜,http://www.busan.com/view/busan/view.php?code=2019090511032165265
426,"(북미오토쇼)포드 퓨전 ""제가 `올해의 차` 입니다`",http://www.edaily.co.kr/news/newspath.asp?newsid=01325126592837392
427,"[글로벌-Biz 24] 포드, 2021년 오스틴에서 자율주행차 상업 운전 시작",http://www.g-enews.com/ko-kr/news/article/news_all/201909260836095313f806fa96c5_1/article.html
428,‘쏘나타·K5·퓨전’ 보행자 사고 최악의 모델로 꼽혀,http://www.thedrive.co.kr/news/newsview.php?ncode=1065584377004915
429,[글로벌-Biz24] 포드차 ‘부실 끝판왕’ 익스플로러-링컨 등 약 60만대 리콜....한국은?,http://www.g-enews.com/ko-kr/news/article/news_all/201908310951088780392c02b327_1/article.html
430,"기아·쌍용·포드 차량 2만5,000여대 '제작 결함'으로 리콜",http://www.m-economynews.com/news/article.html?no=26575
431,[글로벌-Biz24] 포드차 ‘부실 끝판왕’ 익스플로러-링컨 등 약 60만대 리콜....한국은?,http://www.g-enews.com/ko-kr/news/article/news_all/201908310951088780392c02b327_1/article.html
432,[Biz 브리프] '포드 안전벨트 리콜' 외,http://www.koreadaily.com/news/read.asp?art_id=7513882
433,"제네시스 G70, 스포티지, 퓨전·말리부 등 최고점",http://www.koreadaily.com/news/read.asp?art_id=7353038
434,"폭스바겐-포드, 자율주행 스타트업 '아르고 AI'에 공동 투자",http://www.irobotnews.com/news/articleView.html?idxno=17738
435,"포드, 안전벨트 결함으로 북미서 10만대 리콜",http://biz.chosun.com/site/data/html_dir/2019/08/15/2019081501842.html?utm_source=naver&utm_medium=original&utm_campaign=biz
436,'제작결함' 기아·쌍용·포드車 리콜 실시,http://www.finomy.com/news/articleView.html?idxno=69157
437,세단 포기한다는 포드..크로스오버 이름으로 다시 부활(?),http://www.dailycar.co.kr/content/news.html?type=view&autoId=41534
438,"포드, 하이브리드·디젤 택시 2종 선보여",http://www.electimes.com/article.php?aid=1530518652160479094
439,"포드코리아, 세단 퓨전 선보여",http://news1.kr/photos/150221
440,"포드, 안전벨트 결함車 10만8000대 리콜",http://daily.hankooki.com/lpage/industry/201908/dh20190815134238147980.htm
441,'제작결함' 기아·쌍용·포드車 리콜 실시,http://www.finomy.com/news/articleView.html?idxno=69157
442,세단 포기한다는 포드..크로스오버 이름으로 다시 부활(?),http://www.dailycar.co.kr/content/news.html?type=view&autoId=41534
443,"포드, 하이브리드·디젤 택시 2종 선보여",http://www.electimes.com/article.php?aid=1530518652160479094
444,"포드코리아, 세단 퓨전 선보여",http://news1.kr/photos/150221
445,포드 '퓨전' 컨셉트의 의상,https://news.naver.com/main/read.naver?mode=LSD&mid=sec&sid1=101&oid=003&aid=0003780034
446,"수입차 시장서 존재감 급락 포드,세단 철수 수순?",http://www.edaily.co.kr/news/newspath.asp?newsid=03234086619309616
447,포드가 안방인 북미서 세단 생산. 판매를 중단하는 진짜 속사정은?,http://www.autodaily.co.kr/news/articleView.html?idxno=401830
448,"포드, 美서 포커스·토러스·피에스타 생산 중단..中서 수입 계획",http://www.dailycar.co.kr/content/news.html?type=view&autoId=29983
449,"포드, 다카타 에어백 차량 95만 대 리콜…한국 GM만 늑장 리콜?",http://www.etoday.co.kr/news/section/newsview.php?idxno=1707503
450,"포드, 다카타 에어백 차량 95만 대 리콜…한국 GM만 늑장 리콜?",http://www.etoday.co.kr/news/section/newsview.php?idxno=1707503
451,토요타·포드·벤츠·FCA·BMW 29개 차종 5137대 리콜…에어백·안전벨트 불량,http://news.mk.co.kr/newsRead.php?year=2018&no=184645
452,"포드, 미국에서 하이브리드ㆍ디젤 택시 2종 선봬",http://www.gpkorea.com/news/articleView.html?idxno=42209
453,"포드, 북미지역서 140만대 리콜",http://news.mt.co.kr/mtview.php?no=2018031509252429107
454,"[포토]포드 퓨전, 고급스러운 디자인",http://www.edaily.co.kr/news/newspath.asp?newsid=02046726612517064
455,"[기업분석] 포드자동차, 꿈의 드림카 승부수… 토러스· 재규어· 머스탱· 볼보 신화 창조적 파괴",http://www.g-enews.com/ko-kr/news/article/news_all/2018050115120694654a01bf698f_1/article.html
456,"포드, 돈 안되는 세단 접는다… SUV로 승부",http://news.hankyung.com/article/2018042638251
457,"포드, 수익성 위해 '비용 감축'…1Q 실적 '기대 이상'",http://www.newspim.com/news/view/20180426000068
458,[모터그램] 짚-벤츠-bmw-토요타-포드 리콜...에어백/안전벨트/시동 꺼짐 등 결함,http://www.sisunnews.co.kr/news/articleView.html?idxno=78656
459,'제작 결함' 도요타·포드·벤츠·BMW 등 5천137대 리콜,http://app.yonhapnews.co.kr/YNA/Basic/SNS/r.aspx?c=AKR20180321130700003&did=1195m
460,"포드, 북미지역서 140만대 리콜",http://news.mt.co.kr/mtview.php?no=2018031509252429107
461,"[포토]포드 퓨전, 고급스러운 디자인",http://www.edaily.co.kr/news/newspath.asp?newsid=02046726612517064
462,"[기업분석] 포드자동차, 꿈의 드림카 승부수… 토러스· 재규어· 머스탱· 볼보 신화 창조적 파괴",http://www.g-enews.com/ko-kr/news/article/news_all/2018050115120694654a01bf698f_1/article.html
463,"포드, 돈 안되는 세단 접는다… SUV로 승부",http://news.hankyung.com/article/2018042638251
464,"포드, 수익성 위해 '비용 감축'…1Q 실적 '기대 이상'",http://www.newspim.com/news/view/20180426000068
465,[모터그램] 짚-벤츠-bmw-토요타-포드 리콜...에어백/안전벨트/시동 꺼짐 등 결함,http://www.sisunnews.co.kr/news/articleView.html?idxno=78656
466,"국토부, 지프 랭글러·벤츠 C클래스·포드 이스케이프 등 29개 차종 리콜",http://www.enewstoday.co.kr/news/articleView.html?idxno=1170491
467,'제작 결함' 도요타·포드·벤츠·BMW 등 5천137대 리콜,http://app.yonhapnews.co.kr/YNA/Basic/SNS/r.aspx?c=AKR20180321130700003&did=1195m
468,“SUV가 대세” vs.“세단은 블루오션”..포드·쉐보레 극명한 차이,http://www.dailycar.co.kr/content/news.html?type=view&autoId=30943
469,"포드, 북미 생산공장 10주간 가동중단",http://www.asiae.co.kr/news/view.htm?idxno=2017092008005231385
470,"국토부, 포드·벤츠·FCA 등 총 29개 차종 5137대 리콜",http://www.mediapen.com/news/view/341524
471,'제작 결함' 도요타·포드·벤츠·BMW 등 5천137대 리콜,http://app.yonhapnews.co.kr/YNA/Basic/SNS/r.aspx?c=AKR20180321130700003&did=1195m
472,“SUV가 대세” vs.“세단은 블루오션”..포드·쉐보레 극명한 차이,http://www.dailycar.co.kr/content/news.html?type=view&autoId=30943
473,"포드, 북미 생산공장 10주간 가동중단",http://www.asiae.co.kr/news/view.htm?idxno=2017092008005231385
474,멕시코 생산 포드 차량서 마약 발견…미국 수출차 몰래 숨겨,http://www.koreadaily.com/news/read.asp?art_id=5476376
475,멕시코산 포드 신차 마약 운반책?!,http://www.radiokorea.com/news/article.php?uid=264064
476,"현대·기아차, 미국서 포드 꺾고 하이브리드차 판매 2위",http://www.newstomato.com/ReadNews.aspx?no=793120
477,"포드, '토크 컨버터' 결함 2017년형 3개 모델 5900여대 리콜",http://www.g-enews.com/ko-kr/news/article/news_all/201707121027059604c60224b573_1/article.html
478,"현대 기아 하이브리드, '포드 추월'",http://www.koreadaily.com/news/read.asp?art_id=6249164
479,"[글로벌-Biz 24]아우디·포드, 안전문제로 중국서 대량 리콜",http://www.g-enews.com/ko-kr/news/article/news_all/201805281035191023fd4d2b07dc_1/article.html
480,“SUV가 대세” vs.“세단은 블루오션”..포드·쉐보레 극명한 차이,http://www.dailycar.co.kr/content/news.html?type=view&autoId=30943
481,"포드, 북미 생산공장 10주간 가동중단",http://www.asiae.co.kr/news/view.htm?idxno=2017092008005231385
482,토요타포드벤츠FCABMW 29개 차종 5137대 리콜,http://www.consumernews.co.kr/?mod=news&act=articleView&idxno=524512
483,멕시코 생산 포드 차량서 마약 발견…미국 수출차 몰래 숨겨,http://www.koreadaily.com/news/read.asp?art_id=5476376
484,멕시코산 포드 신차 마약 운반책?!,http://www.radiokorea.com/news/article.php?uid=264064
485,"현대·기아차, 미국서 포드 꺾고 하이브리드차 판매 2위",http://www.newstomato.com/ReadNews.aspx?no=793120
486,"포드, '토크 컨버터' 결함 2017년형 3개 모델 5900여대 리콜",http://www.g-enews.com/ko-kr/news/article/news_all/201707121027059604c60224b573_1/article.html
487,"현대 기아 하이브리드, '포드 추월'",http://www.koreadaily.com/news/read.asp?art_id=6249164
488,"[글로벌-Biz 24]아우디·포드, 안전문제로 중국서 대량 리콜",http://www.g-enews.com/ko-kr/news/article/news_all/201805281035191023fd4d2b07dc_1/article.html
489,"[인터뷰]코엔 포드 총괄 ""빛 의존 없는 완벽한 자율주행차 개발""",http://www.edaily.co.kr/news/newspath.asp?newsid=01446486615796080
490,"[인터뷰]코엔 포드 총괄 ""빛 의존 없는 완벽한 자율주행차 개발""",http://www.edaily.co.kr/news/newspath.asp?newsid=01446486615796080
491,"포드, 앞으로 SUV·트럭에 주력, 판매 부진 세단 차종 3개 단종키로",http://www.fnnews.com/news/201804261432029903
492,"[한눈 미국경제] 포드자동차, 115억 달러 비용절감 위해 판매 저조한 차량 생산 중단",http://www.econovill.com/news/articleView.html?idxno=336678
493,"포드, 12조원 추가 비용감축…美 '세단' 사업 철수",http://news.mt.co.kr/mtview.php?no=2018042609151611913
494,"포드, 국내 판매 차량서 화재·상해 위험 발견 '305대 리콜'",http://www.mbcsportsplus.com/news/?mode=view&cate=65&b_idx=99906554.000
495,BMW·FCA·벤츠·토요타·포드 5137대 리콜,http://www.kpinews.co.kr/news/articleView.html?idxno=69446
496,에어백 비정상 작동 등 제작결함 도요타·포드·벤츠·BMW 수입차 29개 차종 리콜 조치,http://www.joongboo.com/?mod=news&act=articleView&idxno=1237593
497,"현대·기아차, 포드 제치고 美하이브리드차 판매 2위",http://app.yonhapnews.co.kr/YNA/Basic/SNS/r.aspx?c=AKR20170804128700003&did=1195m
498,"포드, 핸들 볼트 결함으로 북미서 약 140만대 리콜",http://www.newspim.com/news/view/20180314000310
499,"포드, 자율주행차 속도낸다… 관련업체 2곳 인수",http://www.newsworks.co.kr/news/articleView.html?idxno=163776
