,title,url
0,"상용차도 전기차 시대, 포드 배터리로 가는 ‘토르네오’ 공개..특징은?",http://www.dailycar.co.kr/content/news.html?type=view&autoId=44109
1,"포드, '투어네오 커스텀 EV' 티저 공개...내달 9일 출시",http://www.gpkorea.com/news/articleView.html?idxno=85079
2,'LG 배터리 탑재' 포드 E-트랜짓 완판…상용전기차 시장 돌풍 예고,https://www.theguru.co.kr/news/article.html?no=27343
3,"포드, 터키서 전기밴 생산 돌입…SK온 합작공장 기대감 ↑",https://www.straightnews.co.kr/news/articleView.html?idxno=208146
4,"[글로벌] 포드, 유럽 전기차 시장 공략나섰다...""전기차 9종 출시, 20억달러 투자""",https://www.techm.kr/news/articleView.html?idxno=95326
5,"SK온, 美포드 등과 손잡고 터키 배터리 공장",https://www.chosun.com/economy/industry-company/2022/03/15/7N57W7KQTBH5JBA6UPRWJC35SU/?utm_source=naver&utm_medium=referral&utm_campaign=naver-news
6,"SK온·포드, 터키의 삼성 손잡고 유럽 배터리 공장 만든다",http://news.mt.co.kr/mtview.php?no=2022031414585920261
7,"SK온, 포드와 배터리 동맹 확대… 미국 이어 터키에 합작공장 짓는다",http://moneys.mt.co.kr/news/mwView.php?no=2022031415068035353
8,"포드, 266마력을 내는 E-트랜짓 공개…2021말 출시 예정",https://hankookilbo.com/News/Read/A2020112410570001904?did=NA
9,"포드, 상업용 순수 전기밴 ‘E-트랜짓’ 공개..340km 주행!",http://www.dailycar.co.kr/content/news.html?type=view&autoId=38093
10,"챌린저, 포드 트랜짓 기반의 ‘콤보 X150′ 캠퍼 밴 공개",https://hankookilbo.com/News/Read/A2021030208140003225?did=NA
11,"포드, 베스트셀러 밴 '트랜짓' 11월 전기차로 출시",http://www.bloter.net/archives/471764
12,"포드, 캠핑족 위한 트랜짓 캠핑카 공개",http://autotimes.hankyung.com/apps/news.sub_view?popup=0&nid=02&c1=02&c2=02&c3=00&nkey=202008311951591
13,"포드, 트랜짓 커넥트 액티브·투르니오 커넥트 액티브 출시..특징은?",http://www.dailycar.co.kr/content/news.html?type=view&autoId=37118
14,"[상용차 리그] 포드 트랜짓, 캠핑카·이동쉼터로 '잘 나가네~'",http://www.econovill.com/news/articleView.html?idxno=404738
15,"""교통체증 오염지역, 전기모드로 전환"" 포드 트랜짓 커스텀",http://www.gpkorea.com/news/articleView.html?idxno=65916
16,"""터프해!"" 포드 차세대 레인저 픽업트럭",http://www.thedrive.co.kr/news/newsview.php?ncode=1065597429097961
17,"포드, ‘트랜짓 커스텀 PHEV’에 자동 전기 모드 도입",http://www.electimes.com/article.php?aid=1594985152202069094
18,"밴두잇, 포드 트랜짓을 기반으로 한 튜닝 프로그램 공개",http://www.hankookilbo.com/news/npath/202005211411076951?did=NA
19,"포드 ""2023년까지 전기차 60만대 생산…업계 2위 될 것""",http://www.edaily.co.kr/news/newspath.asp?newsid=01813846629247360
20,포드 '트랜짓' 2022년 순수 전기차로 출시,http://www.edaily.co.kr/news/newspath.asp?newsid=01574406625705616
21,포드 베스트셀링 '트랜짓' 2022년 전기차로 선보인다,http://www.gpkorea.com/news/articleView.html?idxno=62706
22,"포드, 순수전기차 ‘트랜짓’ 티저 이미지 공개..출시는?",http://www.dailycar.co.kr/content/news.html?type=view&autoId=36024
23,"포드 상용밴 '트랜짓', 전기로 달린다",http://autotimes.hankyung.com/apps/news.sub_view?popup=0&nid=10&c1=10&c2=10&c3=00&nkey=202003051550311
24,"MS-RT, 포드 트랜짓을 기반으로 한 R185 리미티드 에디션 공개",http://www.hankookilbo.com/news/npath/202002180514314363?did=NA
25,"포드, 대형 밴 '트랜짓' 폐식용유로 움직인다...온실가스 배출↓",http://www.gpkorea.com/news/articleView.html?idxno=61540
26,"포드, 대형 밴 트랜짓에 적용된 주차보조시스템..특징은?",http://www.dailycar.co.kr/content/news.html?type=view&autoId=36252
27,[GAM] 재주는 GM이 부리고 주가는 포드가 더 올라...이유는?,http://www.newspim.com/news/view/20211010000001
28,바이포드 NYC트랜짓 사장 사임,http://www.koreatimes.com/article/1292369
29,"포드, 대대적인 변화를 거친 '트랜짓 캠퍼 by MS-RT' 공개",http://www.hankookilbo.com/news/npath/201908151399796582?did=NA
30,뉴욕시트랜짓 앤디 바이포드 NYCT 회장 사임,http://www.koreadaily.com/news/read.asp?art_id=7967145
31,"포드, 패밀리 밴 `2020 트랜짓` 출시..'사륜구동ㆍACC 장착`",http://www.gpkorea.com/news/articleView.html?idxno=49483
32,미국 시장 2020 포드 트랜짓 출시,http://www.seoulwire.com/news/articleView.html?idxno=93790
33,"티앤비모터스 ‘포드 트랜짓 밴’, 여행·레저 등 다목적 차량으로 눈길",http://news.mt.co.kr/mtview.php?no=2019011019473246392
34,"티앤비모터스 ‘포드 트랜짓밴’ 다인승, 다목적 차량으로 적합",http://news.wowtv.co.kr/NewsCenter/News/Read?articleId=A201811290326&t=NN
35,"美 ‘치킨세’가 뭐길래..포드,13억달러 과징금 부과 위기!",http://www.dailycar.co.kr/content/news.html?type=view&autoId=39796
36,"티앤비모터스, 가족여행에 최적인 포드 트랜짓밴 판매중",http://news1.kr/articles/?3384181
37,"""뒷좌석이 이상해!"" 10억 달러 벌금 내는 포드",http://www.thedrive.co.kr/news/newsview.php?ncode=1065582123725228
38,‘포드 트랜짓 커넥트 왜건’ 실용적인 왜건을 원하는 이들을 위해,http://www.hankookilbo.com/v/C5461CD96376509E83517C451A6B1E23
39,‘티앤비모터스’ 포드 트랜짓밴 레져 및 다목적 차량으로 최적!,http://www.sportsseoul.com/news/read/680230
40,"포드 ""2025년 자체 전기차 배터리 생산""",http://www.fnnews.com/news/202105040324480210
41,"SK이노베이션, 포드와 배터리 생산 위한 조인트 벤처 설립 맞손",http://www.skyedaily.com/news/news_view.html?ID=131731
42,"'배터리 합종연횡' 본격화…SK, 포드 손잡고 LG·GM에 맞불",https://www.hankyung.com/economy/article/202105209651g
43,결국 자동차의 미래는 전기차일까,https://www.gqkorea.co.kr/2021/11/03/%ea%b2%b0%ea%b5%ad-%ec%9e%90%eb%8f%99%ec%b0%a8%ec%9d%98-%eb%af%b8%eb%9e%98%eb%8a%94-%ec%a0%84%ea%b8%b0%ec%b0%a8%ec%9d%bc%ea%b9%8c/?utm_source=naver&utm_medium=partnership
44,"포드, '구동축 결함' 트랜짓 밴 40만대 리콜…리콜비용만 1억4000만달러 달할 듯",http://www.g-enews.com/ko-kr/news/article/news_all/201706290925377317e8b8a793f7_1/article.html
45,2022 모터트렌드 신차 구매 가이드 2,https://www.motortrendkorea.com/sub/view.html?no=5972&cate1Name=ISSUE
46,"포드, 리콜 또…픽업트럭 F-150 3만대 리콜 이어 트랜짓 밴 7만대도",http://www.g-enews.com/ko-kr/news/article/news_all/201710271337581607e8b8a793f7_1/article.html
47,"포드, 2020년 F-150.머스탱.트랜짓 등 전기차로 재탄생",http://www.ebn.co.kr/news/view/870392
48,10인승 승합차 대형택시가 온다…포드 트랜짓 10인승 택시 국내 출시,http://www.hankyung.com/news/app/newsview.php?aid=201512093622a
49,"국내에 없던 새로운 15인승 승합차, 포드 '트랜짓' 출시",http://www.sisunnews.co.kr/news/articleView.html?idxno=29890
50,"SK이노베이션-포드, 전기차 배터리 합작 투자",http://www.g-enews.com/ko-kr/news/article/news_all/2021052006443610536336258971_1/article.html
51,"SK이노베이션, 포드와 美 배터리 합작투자 결정. F-150 등 핵심차종에 공급",http://www.autodaily.co.kr/news/articleView.html?idxno=427567
52,[화제의 차!]포드가 출시한 15인승 신형 밴 '트랜짓',http://sports.hankooki.com/lpage/economy/201607/sp20160715155507136980.htm
53,"15인승 승합차 포드 트랜짓, 대형 승합차 열풍 이끈다.. 캠핑/레저에도 안성맞춤",http://www.dt.co.kr/contents.html?article_no=2016011102109923809005
54,"탁월한 연비와 힘 자랑하는 15인승 승합차, 포드 트랜짓 국내 첫 선 ‘주목’",http://www.viva100.com/main/view.php?key=20151123001035014
55,미래 자동차들 시리즈 4,https://www.motortrendkorea.com/sub/view.html?no=5878&cate1Name=WHICHCAR
56,"포드 F-150, 전기픽업 'E-150'으로 재탄생 `기대만발`",http://www.gpkorea.com/news/articleView.html?idxno=71073
57,세계 車반도체 부족 장기화하나…GM·포드 셧다운 연장,http://www.newsis.com/view/?id=NISX20210409_0001400879&cID=13001&pID=13000
58,전기차로 유럽시장 공략하는 포드..폭스바겐과 손잡은 이유는?,http://www.dailycar.co.kr/content/news.html?type=view&autoId=43395
59,"포드, 전기차 자신감 붙었나..유럽서 신형 EV 7종 투입 계획",http://www.dailycar.co.kr/content/news.html?type=view&autoId=43396
60,포드 '유럽 전기차 계획' 발표에 SK온 함박웃음…어떤 내용 담겼길래,http://news.mk.co.kr/newsRead.php?no=240230&year=2022
61,대형택시 더 커진다는데… 포드 승합차 ‘트랜짓’ 안성맞춤이네,http://news.kmib.co.kr/article/view.asp?arcid=0923374328&code=14140000&cp=nv
62,"포드, 오는 2024년을 목표로 한 유럽 내 전기차 로드맵 공개",https://hankookilbo.com/News/Read/A2022032508190005803?did=NA
63,"포드, 1억달러 투자해 '완전 전기차' 출시 예정",http://www.ekn.kr/web/view.php?key=20201111010002782
64,"전기차 사업 분리한 포드, 이번엔 '전기 대학(Electric University)' 만든다.",http://www.autodaily.co.kr/news/articleView.html?idxno=432263
65,"LG. 삼성SDI, 영국 '기가팩토리' 건설 주도 가능성 높다",http://www.autodaily.co.kr/news/articleView.html?idxno=428116
66,"포드, 2021년에 컴팩트 픽업 ‘매버릭’ 선보인다",https://hankookilbo.com/News/Read/A2020073009050000051?did=NA
67,"美 포드, 반도체 부족으로 1주일간 생산 중단·감축",http://www.g-enews.com/ko-kr/news/article/news_all/20220206121117507293bf579e81_1/article.html
68,"美 포드, 자동차 내 사회적 거리두기용 가림막 공개",http://www.dailycar.co.kr/content/news.html?type=view&autoId=37099
69,"[해인싸]시총 1000억달러 돌파한 美 포드자동차, 주가전망은 엇갈려",http://www.fnnews.com/news/202201161137181180
70,"美 포드, 반도체 칩 부족으로 북미공장 8곳 감산",http://www.autodaily.co.kr/news/articleView.html?idxno=431677
71,"포드, 초음파 주차 보조시스템 사고 방지 '탁월'",http://www.mediapen.com/news/view/514244
72,"포드·링컨, 머스탱·포커스·MKC 등 9개 차종 215만대 규모의 리콜 실시",http://www.hankookilbo.com/news/npath/202006121461048540?did=NA
73,"[글로벌-Biz 24] 포드 전기 픽업트럭 F-150, 2022년 중반 출시된다",http://www.g-enews.com/ko-kr/news/article/news_all/2020061112072823009a1f309431_1/article.html
74,"포드, ‘빅 너겟’ 캠퍼밴 콘셉트 공개",http://www.electimes.com/article.php?aid=1568122695186006094
75,"포드, ‘배출가스 통제’를 위한 새로운 프로젝트 실시",http://www.hankookilbo.com/news/npath/201912261076037884?did=NA
76,"포드, 대기질 문제 해결위한 PHEV 시범 운행",http://www.electimes.com/article.php?aid=1571906568188473094
77,"‘연간 90만대’ 포드 F-시리즈, 43년 연속 美 픽업시장 판매 1위",http://www.donga.com/news/article/all/20200110/99176722/2
78,"포드, 기대 이상의 수요에 EV 포트폴리오 조기 확장 예고",https://hankookilbo.com/News/Read/A2021122222110003020?did=NA
79,"일론 머스크 ""테슬라 전기 승합차…아직은 시기상조""",http://www.digitaltoday.co.kr/news/articleView.html?idxno=262358
80,"포드, 전기픽업 'F-150 라이트닝' 타사 EV 충전도 OK!",http://www.gpkorea.com/news/articleView.html?idxno=81217
81,"글로벌 완성차 브랜드, 상업용 전기밴 잇따라 가세",https://www.theguru.co.kr/news/article.html?no=17341
82,"[美친주] ""테슬라 잡아라"" 포드, 전기차 생산량 확대 '속도'",http://moneys.mt.co.kr/news/mwView.php?no=2021121316528048316
83,"포드 F-150, Transit 전문판매 티앤비모터스, 강남 이전 통해 수준 높은 서비스 제공",http://news.wowtv.co.kr/NewsCenter/News/Read?articleId=A201908300325&t=NN
84,"""테슬라 다음은 나야 나""…포드·GM 이어 토요타도 전기차戰 가세",https://www.dailian.co.kr/news/view/1061363/?sc=Naver
85,"포드, CATL·BYD 배터리 채택…공급망 다변화 전략",https://www.theguru.co.kr/news/article.html?no=28755
86,"포드-폭스바겐, 자율주행·전기차 개발 손잡았다",http://www.rpm9.com/news/article.html?id=20190714090004
87,[뉴스워커_포드] 폭스바겐과 자율주행·전기차·고객서비스 강화 위한 글로벌 협력 강화,http://www.newsworker.co.kr/news/articleView.html?idxno=33513
88,[상용차 리그] 현대차그룹도 반한 유럽 '전기 밴' 시장,https://www.econovill.com/news/articleView.html?idxno=506453
89,"포드, 올해말까지 자율주행차 100대 이상 투입",http://www.irobotnews.com/news/articleView.html?idxno=17112
90,포드·GM도 직접 반도체 생산...미 자동차 공급망 '화룡정점' 찍나?,https://www.ajunews.com/view/20211119152214440
91,"'적과의 동침'..폴크스바겐, 포드와 중형 픽업트럭 공동 개발",http://www.edaily.co.kr/news/newspath.asp?newsid=01443206622359360
92,"포드와 폭스바겐 벤처, 상업용 밴과 픽업 트럭 향상 위해 파트너십 체결",//www.dailysecu.com/?mod=news&act=articleView&idxno=44432
93,포드 'F-시리즈' 지난해 글로벌 시장서 107만대 판매,http://www.g-enews.com/ko-kr/news/article/news_all/201901170924411218156ad25b6_1/article.html
94,"폭스바겐그룹-포드, 글로벌 협력 제휴",http://www.newsprime.co.kr/news/article.html?no=443439
95,"폭스바겐-포드, 전기·자율주행차 힘 합친다",http://news1.kr/articles/?3521749
96,"티앤비모터스, 서초구 청계산로에 전시장 오픈···픽업트럭 포드 F 150 판매",http://news.heraldcorp.com/view.php?ud=20180326000778
97,"티앤비모터스, 픽업트럭 포드 F-150 판매 시작",http://www.dt.co.kr/contents.html?article_no=2018032202109923812037&ref=naver
98,"포드, 그린본드 약 3조원 발행…美 기업 최대",http://news.einfomax.co.kr/news/articleView.html?idxno=4182768
99,"포드, 글로벌 출시 예정 차종 7개 정보 공개",http://www.sporbiz.co.kr/news/articleView.html?idxno=66275
100,"15인승 승합차 포드 트랜짓, 대형 승합차 열풍 이끈다.. 캠핑/레저에도 안성맞춤",http://www.dt.co.kr/contents.html?article_no=2016011102109923809005
101,"탁월한 연비와 힘 자랑하는 15인승 승합차, 포드 트랜짓 국내 첫 선 ‘주목’",http://www.viva100.com/main/view.php?key=20151123001035014
102,미래 자동차들 시리즈 4,https://www.motortrendkorea.com/sub/view.html?no=5878&cate1Name=WHICHCAR
103,"포드 F-150, 전기픽업 'E-150'으로 재탄생 `기대만발`",http://www.gpkorea.com/news/articleView.html?idxno=71073
104,세계 車반도체 부족 장기화하나…GM·포드 셧다운 연장,http://www.newsis.com/view/?id=NISX20210409_0001400879&cID=13001&pID=13000
105,전기차로 유럽시장 공략하는 포드..폭스바겐과 손잡은 이유는?,http://www.dailycar.co.kr/content/news.html?type=view&autoId=43395
106,"포드, 전기차 자신감 붙었나..유럽서 신형 EV 7종 투입 계획",http://www.dailycar.co.kr/content/news.html?type=view&autoId=43396
107,포드 트랜짓 40만 대 리콜…구동축 부품 결함,http://www.koreadaily.com/news/read.asp?art_id=5383053
108,포드 '유럽 전기차 계획' 발표에 SK온 함박웃음…어떤 내용 담겼길래,http://news.mk.co.kr/newsRead.php?no=240230&year=2022
109,대형택시 더 커진다는데… 포드 승합차 ‘트랜짓’ 안성맞춤이네,http://news.kmib.co.kr/article/view.asp?arcid=0923374328&code=14140000&cp=nv
110,"포드, 오는 2024년을 목표로 한 유럽 내 전기차 로드맵 공개",https://hankookilbo.com/News/Read/A2022032508190005803?did=NA
111,"포드, 1억달러 투자해 '완전 전기차' 출시 예정",http://www.ekn.kr/web/view.php?key=20201111010002782
112,"전기차 사업 분리한 포드, 이번엔 '전기 대학(Electric University)' 만든다.",http://www.autodaily.co.kr/news/articleView.html?idxno=432263
113,"LG. 삼성SDI, 영국 '기가팩토리' 건설 주도 가능성 높다",http://www.autodaily.co.kr/news/articleView.html?idxno=428116
114,"포드, 2021년에 컴팩트 픽업 ‘매버릭’ 선보인다",https://hankookilbo.com/News/Read/A2020073009050000051?did=NA
115,"美 포드, 반도체 부족으로 1주일간 생산 중단·감축",http://www.g-enews.com/ko-kr/news/article/news_all/20220206121117507293bf579e81_1/article.html
116,"美 포드, 자동차 내 사회적 거리두기용 가림막 공개",http://www.dailycar.co.kr/content/news.html?type=view&autoId=37099
117,"[해인싸]시총 1000억달러 돌파한 美 포드자동차, 주가전망은 엇갈려",http://www.fnnews.com/news/202201161137181180
118,"美 포드, 반도체 칩 부족으로 북미공장 8곳 감산",http://www.autodaily.co.kr/news/articleView.html?idxno=431677
119,"포드, 초음파 주차 보조시스템 사고 방지 '탁월'",http://www.mediapen.com/news/view/514244
120,"포드, 초음파 주차 보조시스템 사고 방지 '탁월'",http://www.mediapen.com/news/view/514244
121,"포드·링컨, 머스탱·포커스·MKC 등 9개 차종 215만대 규모의 리콜 실시",http://www.hankookilbo.com/news/npath/202006121461048540?did=NA
122,"[글로벌-Biz 24] 포드 전기 픽업트럭 F-150, 2022년 중반 출시된다",http://www.g-enews.com/ko-kr/news/article/news_all/2020061112072823009a1f309431_1/article.html
123,"포드, ‘빅 너겟’ 캠퍼밴 콘셉트 공개",http://www.electimes.com/article.php?aid=1568122695186006094
124,"포드, ‘배출가스 통제’를 위한 새로운 프로젝트 실시",http://www.hankookilbo.com/news/npath/201912261076037884?did=NA
125,"포드, 대기질 문제 해결위한 PHEV 시범 운행",http://www.electimes.com/article.php?aid=1571906568188473094
126,"‘연간 90만대’ 포드 F-시리즈, 43년 연속 美 픽업시장 판매 1위",http://www.donga.com/news/article/all/20200110/99176722/2
127,"포드, 기대 이상의 수요에 EV 포트폴리오 조기 확장 예고",https://hankookilbo.com/News/Read/A2021122222110003020?did=NA
128,"일론 머스크 ""테슬라 전기 승합차…아직은 시기상조""",http://www.digitaltoday.co.kr/news/articleView.html?idxno=262358
129,"포드, 전기픽업 'F-150 라이트닝' 타사 EV 충전도 OK!",http://www.gpkorea.com/news/articleView.html?idxno=81217
130,"글로벌 완성차 브랜드, 상업용 전기밴 잇따라 가세",https://www.theguru.co.kr/news/article.html?no=17341
131,"[美친주] ""테슬라 잡아라"" 포드, 전기차 생산량 확대 '속도'",http://moneys.mt.co.kr/news/mwView.php?no=2021121316528048316
132,"포드 F-150, Transit 전문판매 티앤비모터스, 강남 이전 통해 수준 높은 서비스 제공",http://news.wowtv.co.kr/NewsCenter/News/Read?articleId=A201908300325&t=NN
133,"""테슬라 다음은 나야 나""…포드·GM 이어 토요타도 전기차戰 가세",https://www.dailian.co.kr/news/view/1061363/?sc=Naver
134,"포드, CATL·BYD 배터리 채택…공급망 다변화 전략",https://www.theguru.co.kr/news/article.html?no=28755
135,"포드-폭스바겐, 자율주행·전기차 개발 손잡았다",http://www.rpm9.com/news/article.html?id=20190714090004
136,[뉴스워커_포드] 폭스바겐과 자율주행·전기차·고객서비스 강화 위한 글로벌 협력 강화,http://www.newsworker.co.kr/news/articleView.html?idxno=33513
137,[상용차 리그] 현대차그룹도 반한 유럽 '전기 밴' 시장,https://www.econovill.com/news/articleView.html?idxno=506453
138,"포드, 올해말까지 자율주행차 100대 이상 투입",http://www.irobotnews.com/news/articleView.html?idxno=17112
139,"포드, 2023년까지 전기차 생산량 60만대까지 늘린다",http://www.pinpointnews.co.kr/view.php?ud=2021111911052938269cdfed7945_45
140,"포드, 올해말까지 자율주행차 100대 이상 투입",http://www.irobotnews.com/news/articleView.html?idxno=17112
141,"포드, 2023년까지 전기차 생산량 60만대까지 늘린다",http://www.pinpointnews.co.kr/view.php?ud=2021111911052938269cdfed7945_45
142,포드·GM도 직접 반도체 생산...미 자동차 공급망 '화룡정점' 찍나?,https://www.ajunews.com/view/20211119152214440
143,"'적과의 동침'..폴크스바겐, 포드와 중형 픽업트럭 공동 개발",http://www.edaily.co.kr/news/newspath.asp?newsid=01443206622359360
144,"포드와 폭스바겐 벤처, 상업용 밴과 픽업 트럭 향상 위해 파트너십 체결",//www.dailysecu.com/?mod=news&act=articleView&idxno=44432
145,"포드, ‘F-시리즈’ 지난해 100만대 돌파",http://www.electimes.com/article.php?aid=1547701841172381094
146,"폭스바겐그룹-포드, 글로벌 협력 제휴",http://www.newsprime.co.kr/news/article.html?no=443439
147,"폭스바겐-포드, 전기·자율주행차 힘 합친다",http://news1.kr/articles/?3521749
148,"티앤비모터스, 서초구 청계산로에 전시장 오픈···픽업트럭 포드 F 150 판매",http://news.heraldcorp.com/view.php?ud=20180326000778
149,"티앤비모터스, 픽업트럭 포드 F-150 판매 시작",http://www.dt.co.kr/contents.html?article_no=2018032202109923812037&ref=naver
150,폭스바겐그룹-포드와 글로벌 협력 제휴…2022년 픽업트럭 출시,http://news.mtn.co.kr/newscenter/news_viewer.mtn?gidx=2019011610374044269
151,"폭스바겐-포드, 전기·자율주행차 힘 합친다",http://news1.kr/articles/?3521749
152,"티앤비모터스, 서초구 청계산로에 전시장 오픈···픽업트럭 포드 F 150 판매",http://news.heraldcorp.com/view.php?ud=20180326000778
153,"티앤비모터스, 픽업트럭 포드 F-150 판매 시작",http://www.dt.co.kr/contents.html?article_no=2018032202109923812037&ref=naver
154,"포드, 향후 5년간 전기차 7차종 쏟아낸다",http://www.rpm9.com/news/article.html?id=20170104090023
155,"포드, 그린본드 약 3조원 발행…美 기업 최대",http://news.einfomax.co.kr/news/articleView.html?idxno=4182768
156,"포드, 글로벌 출시 예정 차종 7개 정보 공개",http://www.sporbiz.co.kr/news/articleView.html?idxno=66275
157,북미 올해의 트럭 '트랜짓 커넥트',https://news.naver.com/main/read.naver?mode=LSD&mid=sec&sid1=104&oid=003&aid=0003039311
158,"티앤비모터스 ""포드 F150 픽업트럭 판매 문의 증가""",http://news.wowtv.co.kr/NewsCenter/News/Read?articleId=A201806290220&t=NN
159,티앤비모터스 “포드 F-150 픽업트럭 판매 열기 높아져”,http://news.kmib.co.kr/article/view.asp?arcid=0012462260&code=61172011&cp=nv
160,"포드, 향후 5년간 전기차 7차종 쏟아낸다",http://www.rpm9.com/news/article.html?id=20170104090023
161,"포드, 그린본드 약 3조원 발행…美 기업 최대",http://news.einfomax.co.kr/news/articleView.html?idxno=4182768
162,"포드, 글로벌 출시 예정 차종 7개 정보 공개",http://www.sporbiz.co.kr/news/articleView.html?idxno=66275
163,북미 올해의 트럭 '트랜짓 커넥트',https://news.naver.com/main/read.naver?mode=LSD&mid=sec&sid1=104&oid=003&aid=0003039311
164,"티앤비모터스 ""포드 F150 픽업트럭 판매 문의 증가""",http://news.wowtv.co.kr/NewsCenter/News/Read?articleId=A201806290220&t=NN
165,티앤비모터스 “포드 F-150 픽업트럭 판매 열기 높아져”,http://news.kmib.co.kr/article/view.asp?arcid=0012462260&code=61172011&cp=nv
166,"[한상기의 오토프레스]포드 에코블루, 디젤 엔진의 게임 체인저 될까",http://news.mk.co.kr/newsRead.php?no=318717&year=2016
167,"레저 트래블 밴스, 진입 장벽 낮춘 ‘원더 리어 라운지’ 공개",https://hankookilbo.com/News/Read/A2020070711350002268?did=NA
168,"포드, 디자인 지향의 새 리더를 찾다",http://www.sedaily.com/NewsView/1RVJRWWZG6
169,"SK온, '터키 거점' 유럽 배터리시장 정조준",https://www.paxnetnews.com/articles/84604
170,"[한상기의 오토프레스]포드 에코블루, 디젤 엔진의 게임 체인저 될까",http://news.mk.co.kr/newsRead.php?no=318717&year=2016
171,"레저 트래블 밴스, 진입 장벽 낮춘 ‘원더 리어 라운지’ 공개",https://hankookilbo.com/News/Read/A2020070711350002268?did=NA
172,"포드, 픽업트럭부터 머슬카까지 전기차로",http://www.ekn.kr/news/article.html?no=259724
173,"포드, 디자인 지향의 새 리더를 찾다",http://www.sedaily.com/NewsView/1RVJRWWZG6
174,"SK온, '터키 거점' 유럽 배터리시장 정조준",https://www.paxnetnews.com/articles/84604
175,"포드, 셔틀·자전거 공유서비스 진출",http://www.econovill.com/news/articleView.html?idxno=298083
176,"포드, 이동성과 관련된 혁신 시스템 선봬",http://autotimes.hankyung.com/apps/news.sub_view?popup=0&nid=04&c1=04&c2=04&c3=00&nkey=201606291135171
177,"포드 1.0L 에코부스트 엔진, '2017 올해의 엔진' 선정",http://www.enewstoday.co.kr/news/articleView.html?idxno=1078349
178,"포드 1.0L 에코부스트 엔진, '2017 올해의 엔진' 선정... 6년 연속 수상",http://kr.aving.net/news/view.php?articleId=1378990&Branch_ID=kr&rssid=naver&mn_name=news
179,"반도체 부족, 美 3분기 신차 판매 급감...GM·포드 생산중단 연장",http://www.joseilbo.com/news/news_read.php?uid=434495&class=42&grp=
180,"포드 1.0L 에코부스트 엔진, '2017 올해의 엔진' 선정",http://www.enewstoday.co.kr/news/articleView.html?idxno=1078349
181,"포드 1.0L 에코부스트 엔진, '2017 올해의 엔진' 선정... 6년 연속 수상",http://kr.aving.net/news/view.php?articleId=1378990&Branch_ID=kr&rssid=naver&mn_name=news
182,"반도체 부족, 美 3분기 신차 판매 급감...GM·포드 생산중단 연장",http://www.joseilbo.com/news/news_read.php?uid=434495&class=42&grp=
183,"GM·포드, 칩 부족으로 일부 감산 연장",http://www.g-enews.com/ko-kr/news/article/news_all/2021100109382911976336258971_1/article.html
184,"포드, 상업용 전기차 시장 진출",http://kr.aving.net/news/view.php?articleId=177560&Branch_ID=kr&rssid=naver&mn_name=news
185,SK이노·포드 美 배터리 합작법인 블루오벌SK 공장 테네시와 켄터키에 설립,http://www.autodaily.co.kr/news/articleView.html?idxno=429660
186,[미국기업 진단]<16>포드-(下)`새 엔진` 아프리카·렌트카,http://www.edaily.co.kr/news/newspath.asp?newsid=02299286609374496
187,(북미오토쇼)포드의 저력..디트로이트 `올해의 차` 휩쓸어,http://www.edaily.co.kr/news/newspath.asp?newsid=01131606592837064
188,닛산·포드 리콜…국내서 판매된 차량은?,http://biz.chosun.com/site/data/html_dir/2015/01/29/2015012901795.html
189,"美 포드차, '채리어트 셔틀'과 '포드 고바이크'로 교통체증 잡는다",http://www.fnnews.com/news/201609131635295155
190,"반도체 부족, 美 3분기 신차 판매 급감...GM·포드 생산중단 연장",http://www.joseilbo.com/news/news_read.php?uid=434495&class=42&grp=
191,"GM·포드, 칩 부족으로 일부 감산 연장",http://www.g-enews.com/ko-kr/news/article/news_all/2021100109382911976336258971_1/article.html
192,"포드, 상업용 전기차 시장 진출",http://kr.aving.net/news/view.php?articleId=177560&Branch_ID=kr&rssid=naver&mn_name=news
193,SK이노·포드 美 배터리 합작법인 블루오벌SK 공장 테네시와 켄터키에 설립,http://www.autodaily.co.kr/news/articleView.html?idxno=429660
194,[미국기업 진단]<16>포드-(下)`새 엔진` 아프리카·렌트카,http://www.edaily.co.kr/news/newspath.asp?newsid=02299286609374496
195,(북미오토쇼)포드의 저력..디트로이트 `올해의 차` 휩쓸어,http://www.edaily.co.kr/news/newspath.asp?newsid=01131606592837064
196,닛산·포드 리콜…국내서 판매된 차량은?,http://biz.chosun.com/site/data/html_dir/2015/01/29/2015012901795.html
197,"美 포드차, '채리어트 셔틀'과 '포드 고바이크'로 교통체증 잡는다",http://www.fnnews.com/news/201609131635295155
198,"포드, `포드 고바이크 서비스` 등 모빌리티 사업 확장",http://www.gpkorea.com/bbs/board.php?bo_table=gp_motorsports&wr_id=15894
199,"한국타이어, 포드 전기차에 친환경 타이어 '앙프랑 에코' 공급한다",http://www.rpm9.com/news/article.html?id=20160907090040
200,포드 ‘채리어트’ 인수…셔틀서비스 돌입,http://www.ekn.kr/news/article.html?no=238228
201,"한국타이어, 포드 전기차에 친환경 타이어 '앙프랑 에코' 공급한다",http://www.rpm9.com/news/article.html?id=20160907090040
202,"한국타이어, 포드 C-맥스 에너지에 앙프랑 에코 공급",http://www.ebn.co.kr/news/view/849417
203,포드 9만여대 리콜…연료펌프 기능 이상,http://www.edaily.co.kr/news/newspath.asp?newsid=01518646612750928
204,포드 40만대 리콜,http://www.koreadaily.com/news/read.asp?art_id=5383387
205,전기차 실내 조명과 주행 가능 거리의 상관관계,http://www.digitaltoday.co.kr/news/articleView.html?idxno=219312
206,포드 차문 결함으로 83만대 리콜,http://www.newspim.com/news/view/20160805000005
207,"대형 밴ㆍSUV, 자동주차 기술 속속 등장",http://www.gpkorea.com/news/articleView.html?idxno=63074
208,"포드, MWC 상하이서 스마트 모빌리티 계획 선보여",http://www.gpkorea.com/bbs/board.php?bo_table=gp_motorsports&wr_id=15428
209,"포드, 유로 NCAP 4관왕···최고 안전차량 선정",http://www.asiae.co.kr/news/view.htm?idxno=2013020510011136264
210,"한국타이어, 포드 전기차에 친환경 타이어 앙프랑 에코 공급",http://www.kbench.com/?q=node/167386
211,포드 9만여대 리콜…연료펌프 기능 이상,http://www.edaily.co.kr/news/newspath.asp?newsid=01518646612750928
212,포드 40만대 리콜,http://www.koreadaily.com/news/read.asp?art_id=5383387
213,전기차 실내 조명과 주행 가능 거리의 상관관계,http://www.digitaltoday.co.kr/news/articleView.html?idxno=219312
214,포드 차문 결함으로 83만대 리콜,http://www.newspim.com/news/view/20160805000005
215,"대형 밴ㆍSUV, 자동주차 기술 속속 등장",http://www.gpkorea.com/news/articleView.html?idxno=63074
216,"포드, MWC 상하이서 스마트 모빌리티 계획 선보여",http://www.gpkorea.com/bbs/board.php?bo_table=gp_motorsports&wr_id=15428
217,"포드, 유로 NCAP 4관왕···최고 안전차량 선정",http://www.asiae.co.kr/news/view.htm?idxno=2013020510011136264
218,"현대차·기아에 밀린 포드, 인도에서 결국 자동차 생산 전면 중단",http://www.autodaily.co.kr/news/articleView.html?idxno=429438
219,이제 모터홈도 EV 시대…위네바고 e-RV 공개,http://www.thedrive.co.kr/news/newsview.php?ncode=1065608772465964
220,"한국타이어, 포드 PHEV ‘씨맥스 에너지’에 신차용 타이어 공급",http://www.etoday.co.kr/news/section/newsview.php?idxno=1380407
221,포드 9만여대 리콜…연료펌프 기능 이상,http://www.edaily.co.kr/news/newspath.asp?newsid=01518646612750928
222,포드 40만대 리콜,http://www.koreadaily.com/news/read.asp?art_id=5383387
223,전기차 실내 조명과 주행 가능 거리의 상관관계,http://www.digitaltoday.co.kr/news/articleView.html?idxno=219312
224,포드 차문 결함으로 83만대 리콜,http://www.newspim.com/news/view/20160805000005
225,"대형 밴ㆍSUV, 자동주차 기술 속속 등장",http://www.gpkorea.com/news/articleView.html?idxno=63074
226,"포드, MWC 상하이서 스마트 모빌리티 계획 선보여",http://www.gpkorea.com/bbs/board.php?bo_table=gp_motorsports&wr_id=15428
227,"포드, 유로 NCAP 4관왕···최고 안전차량 선정",http://www.asiae.co.kr/news/view.htm?idxno=2013020510011136264
228,"현대차·기아에 밀린 포드, 인도에서 결국 자동차 생산 전면 중단",http://www.autodaily.co.kr/news/articleView.html?idxno=429438
229,이제 모터홈도 EV 시대…위네바고 e-RV 공개,http://www.thedrive.co.kr/news/newsview.php?ncode=1065608772465964
230,포드 차문 결함으로 83만대 리콜,http://www.newspim.com/news/view/20160805000005
231,"대형 밴ㆍSUV, 자동주차 기술 속속 등장",http://www.gpkorea.com/news/articleView.html?idxno=63074
232,"포드, MWC 상하이서 스마트 모빌리티 계획 선보여",http://www.gpkorea.com/bbs/board.php?bo_table=gp_motorsports&wr_id=15428
233,"한국타이어, 포드 C-맥스 에너지에 앙프랑 에코 공급",http://news.mk.co.kr/newsRead.php?no=631433&year=2016
234,"포드, 유로 NCAP 4관왕···최고 안전차량 선정",http://www.asiae.co.kr/news/view.htm?idxno=2013020510011136264
235,"현대차·기아에 밀린 포드, 인도에서 결국 자동차 생산 전면 중단",http://www.autodaily.co.kr/news/articleView.html?idxno=429438
236,이제 모터홈도 EV 시대…위네바고 e-RV 공개,http://www.thedrive.co.kr/news/newsview.php?ncode=1065608772465964
237,폐식용유? 더는 버려지지 않아요!,http://kids.donga.com/news/vv.php?type=news&id=20200304144642118866
238,포드자동차 16만대 리콜,http://www.koreadaily.com/news/read.asp?art_id=2751351
239,"[2011 디트로이트모터쇼] 포드 익스플로러, ‘올해의 SUV’ 선정",http://www.ajnews.co.kr/common/redirect.jsp?newsId=20110112000472
240,이제 모터홈도 EV 시대…위네바고 e-RV 공개,http://www.thedrive.co.kr/news/newsview.php?ncode=1065608772465964
241,폐식용유? 더는 버려지지 않아요!,http://kids.donga.com/news/vv.php?type=news&id=20200304144642118866
242,포드자동차 16만대 리콜,http://www.koreadaily.com/news/read.asp?art_id=2751351
243,"[2011 디트로이트모터쇼] 포드 익스플로러, ‘올해의 SUV’ 선정",http://www.ajnews.co.kr/common/redirect.jsp?newsId=20110112000472
244,"포드, 전기차 SUV '익스플로러 EV' 2023년 출시...멕시코 생산",http://www.gpkorea.com/news/articleView.html?idxno=77593
245,"포드, MWC서 ‘핸들-온-모빌리티 전기자전거’ 연구 발표",http://www.newsway.co.kr/view.php?tp=1&ud=2015030407282261486
246,"포드자동차, 대중교통 전기자전거 접목 위한 연구 중",http://www.osen.co.kr/article/G1110089550
247,"포드, 북미서 20만대 차량 리콜",http://www.newstomato.com/ReadNews.aspx?no=510486
248,"포드, 'F-150 라이트닝' 수요급증 생산 두배 늘린다...""8억500만달러 투입""",http://www.gpkorea.com/news/articleView.html?idxno=77224
249,"포드, F-150 전기차 생산 ‘두 배로’..사전계약만 12만대?",http://www.dailycar.co.kr/content/news.html?type=view&autoId=40677
250,"포드, 전기자전거 연구 집중키로",http://view.asiae.co.kr/news/view.htm?idxno=2015030310132708673
251,"포드, 북미서 20만대 차량 리콜",http://www.newstomato.com/ReadNews.aspx?no=510486
252,"포드, 'F-150 라이트닝' 수요급증 생산 두배 늘린다...""8억500만달러 투입""",http://www.gpkorea.com/news/articleView.html?idxno=77224
253,"포드, F-150 전기차 생산 ‘두 배로’..사전계약만 12만대?",http://www.dailycar.co.kr/content/news.html?type=view&autoId=40677
254,"포드, 유로 NCAP 최고 안전차에 4종 선정",http://autotimes.hankyung.com/apps/news.sub_view?popup=0&nid=04&c1=04&c2=04&c3=00&nkey=201302050446421
255,"‘승합차 건재하다’ 포드, 정통 7인승 밴 공개",http://news.donga.com/3/all/20121115/50864453/2
256,"포드, SK이노와의 배터리 합작회사 블루오벌SK 유럽진출 검토",http://www.autodaily.co.kr/news/articleView.html?idxno=428982
257,“안전 테스트 하위 차량 구매전 주의해야”,http://www.koreatimes.com/article/1277411
258,"2011년 올-뉴 포드 익스플로러, '북미 트럭 오브 더 이어' 선정",http://kr.aving.net/news/view.php?articleId=182220&Branch_ID=kr&rssid=naver&mn_name=news
259,"포드 익스플로러, '북미 트럭 오브 더 이어' 선정",http://www.segye.com/Articles/NEWS/ECONOMY/Article.asp?aid=20110111003994&subctg1=&subctg2=
260,"‘승합차 건재하다’ 포드, 정통 7인승 밴 공개",http://news.donga.com/3/all/20121115/50864453/2
261,"포드, SK이노와의 배터리 합작회사 블루오벌SK 유럽진출 검토",http://www.autodaily.co.kr/news/articleView.html?idxno=428982
262,“안전 테스트 하위 차량 구매전 주의해야”,http://www.koreatimes.com/article/1277411
263,"2011년 올-뉴 포드 익스플로러, '북미 트럭 오브 더 이어' 선정",http://kr.aving.net/news/view.php?articleId=182220&Branch_ID=kr&rssid=naver&mn_name=news
264,"포드 익스플로러, '북미 트럭 오브 더 이어' 선정",http://www.segye.com/Articles/NEWS/ECONOMY/Article.asp?aid=20110111003994&subctg1=&subctg2=
265,"포드 CEO ""내년 견조한 흑자 전망""",http://news.mk.co.kr/news_forward.php?no=18773&year=2010
266,"美 포드, 크라이슬러 5만5800대 리콜",http://www.moneytoday.co.kr/view/mtview.php?type=1&no=2010071011135834872&outlink=1
267,"델파이, 포드 '올해의 차'에 부품 공급",http://www.ajnews.co.kr/uhtml/read.jsp?idxno=201001201431173590265
268,"현대 코나EV,·기아 텔루라이드, '100대 베스트 SUV'로 뽑혀",http://www.g-enews.com/ko-kr/news/article/news_all/202111270814159684938f3ba357_1/article.html
269,"[K-Biz 리뷰] LG엔솔-삼성SDI, 美 최대 ESS 프로젝트 참여·테슬라 中 공급사슬 명단 공개(11월2주차)",https://www.theguru.co.kr/news/article.html?no=27598
270,올해 트럭왕은? 포드 올뉴 익스플로러,http://biz.heraldm.com/common/redirect.jsp?category_id=010107041300&news_id=20110111000954
271,"포드 CEO ""내년 견조한 흑자 전망""",http://news.mk.co.kr/news_forward.php?no=18773&year=2010
272,"美 포드, 크라이슬러 5만5800대 리콜",http://www.moneytoday.co.kr/view/mtview.php?type=1&no=2010071011135834872&outlink=1
273,"델파이, 포드 '올해의 차'에 부품 공급",http://www.ajnews.co.kr/uhtml/read.jsp?idxno=201001201431173590265
274,"현대 코나EV,·기아 텔루라이드, '100대 베스트 SUV'로 뽑혀",http://www.g-enews.com/ko-kr/news/article/news_all/202111270814159684938f3ba357_1/article.html
275,"[K-Biz 리뷰] LG엔솔-삼성SDI, 美 최대 ESS 프로젝트 참여·테슬라 中 공급사슬 명단 공개(11월2주차)",https://www.theguru.co.kr/news/article.html?no=27598
276,"반도체 부족에 포드 유럽 주요 공장, 최대 7월까지 생산 중단",http://www.autodaily.co.kr/news/articleView.html?idxno=427123
277,"포드 올-뉴 퓨전, 뉴 트랜짓 커넥트 美옐로캡 2종 선보여",http://www.seoulwire.com/news/articleView.html?idxno=17395
278,"英, LG·삼성·포드 등 6개 업체와 전기차 배터리 공장 구축 논의",http://www.autodaily.co.kr/news/articleView.html?idxno=428093
279,[글로벌 이슈 ] 폭스바겐·GM 이어 포드자동차도 '배터리 독립'선언,http://www.kbiznews.co.kr/news/articleView.html?idxno=81402
280,"포드 올-뉴 퓨전, 뉴 트랜짓 커넥트 美옐로캡 2종 선보여",http://www.seoulwire.com/news/articleView.html?idxno=17395
281,"英, LG·삼성·포드 등 6개 업체와 전기차 배터리 공장 구축 논의",http://www.autodaily.co.kr/news/articleView.html?idxno=428093
282,[글로벌 이슈 ] 폭스바겐·GM 이어 포드자동차도 '배터리 독립'선언,http://www.kbiznews.co.kr/news/articleView.html?idxno=81402
283,"포드, 반도체 칩 부족으로 이달부터 내달 초까지 주요공장 가동 중단",http://www.autodaily.co.kr/news/articleView.html?idxno=426941
284,포드도 33조 투자…달아오르는 전기차 경쟁,http://www.newstomato.com/ReadNews.aspx?no=1047395&inflow=N
285,"포드, 전용 플랫폼 기반 익스플로러·에비에이터 전기버전 투입. 시기는 미정",http://www.autodaily.co.kr/news/articleView.html?idxno=427701
286,"뉴욕증시, 물가상승 우려 진정에 반등 성공…포드 8.5%↑ [출근전 꼭 글로벌브리핑]",http://www.wowtv.co.kr/NewsCenter/News/Read?articleId=A202105270016&t=NN
287,"포드, 2030년까지 전기차 판매 40%로 확대 목표",http://news.einfomax.co.kr/news/articleView.html?idxno=4149322
288,"포드 주가, 26일 인베스터 데이 기대감에 상승",http://www.g-enews.com/ko-kr/news/article/news_all/202105252142229680b8488d322b_1/article.html
289,"SK·포드 美 배터리공장, 북동부? 남부?",https://view.asiae.co.kr/article/2021052311202798575
290,"포드, 전기픽업 F150 연간 4만대 판매 전망..SK이노에 호재(?)",http://www.dailycar.co.kr/content/news.html?type=view&autoId=39668
291,SK이노-포드 손잡았다…미국에 전기차 배터리 조인트벤처 설립(종합2보),http://yna.kr/AKR20210520006453091?did=1195m
292,"'연 25% 성장' 美 전기차 시장...LGSK배터리, GM포드 타고 달린다",http://www.newspim.com/news/view/20210520001054
293,SK-포드 배터리 합작…핵심부품 내재화·수요 확보 '윈윈',http://www.electimes.com/article.php?aid=1621466883217478002
294,"SK이노-포드, 전기차 배터리셀 조인트벤처 공동 설립 나서나",http://www.enewstoday.co.kr/news/articleView.html?idxno=1480277
295,"SK, 美 포드와 배터리 합작공장 짓는다… LG-GM에 ‘견제구’",https://www.seoul.co.kr/news/newsView.php?id=20210520500109&wlog_tag3=naver
296,"머스크 ""이상하지 않아?""…테슬라 빠진 백악관 전기차 행사",https://news.joins.com/article/olink/23717197
297,바이든이 친환경차 비전 발표 행사에 테슬라 부르지 않은 이유는?,http://www.autodaily.co.kr/news/articleView.html?idxno=428897
298,"바이든, 2030년까지 전기차 50% 판매 서명. 현대차, 美 빅3 목표 40-50% 지지",http://www.autodaily.co.kr/news/articleView.html?idxno=428893
299,"포드 ""2025년까지 전기차 배터리 북미서 자체 공급""",http://yna.kr/AKR20210504056900009?did=1195m
300,SK이노-포드 맞손...美 전기차 배터리 조인트벤처 설립,http://www.youthdaily.co.kr/news/article.html?no=71665
301,"SK이노베이션·포드, 미 배터리 공장 설립에 6조 투자",http://www.hani.co.kr/arti/economy/marketing/996054.html
302,"SK,포드와 손잡고 LG·GM 연합군과 美서 ‘진검승부’",https://www.ekn.kr/web/view.php?key=20210520010003941
303,"SK이노-포드, 전기차 배터리셀 조인트벤처 공동 설립 나서나",http://www.enewstoday.co.kr/news/articleView.html?idxno=1480277
304,"SK, 美 포드와 배터리 합작공장 짓는다… LG-GM에 ‘견제구’",https://www.seoul.co.kr/news/newsView.php?id=20210520500109&wlog_tag3=naver
305,"머스크 ""이상하지 않아?""…테슬라 빠진 백악관 전기차 행사",https://news.joins.com/article/olink/23717197
306,바이든이 친환경차 비전 발표 행사에 테슬라 부르지 않은 이유는?,http://www.autodaily.co.kr/news/articleView.html?idxno=428897
307,"바이든, 2030년까지 전기차 50% 판매 서명. 현대차, 美 빅3 목표 40-50% 지지",http://www.autodaily.co.kr/news/articleView.html?idxno=428893
308,"포드 ""2025년까지 전기차 배터리 북미서 자체 공급""",http://yna.kr/AKR20210504056900009?did=1195m
309,"바이든 대통령, 30년까지 신차판매중 전기차 50%로 하는 대통령령에 서명",http://www.g-enews.com/ko-kr/news/article/news_all/202108060915442358b5d048c6f3_1/article.html
310,"SK이노·포드, 미국서 전기차 배터리셀 조인트벤처 설립 예정",http://www.sporbiz.co.kr/news/articleView.html?idxno=524167
311,"SK이노, 포드와 美 전기차 배터리셀 합작법인 설립 예정",http://www.newsquest.co.kr/news/articleView.html?idxno=84630
312,"SK이노-포드, 전기차 배터리셀 조인트벤처 공동 설립 나서나",http://www.enewstoday.co.kr/news/articleView.html?idxno=1480277
313,"SK, 美 포드와 배터리 합작공장 짓는다… LG-GM에 ‘견제구’",https://www.seoul.co.kr/news/newsView.php?id=20210520500109&wlog_tag3=naver
314,"머스크 ""이상하지 않아?""…테슬라 빠진 백악관 전기차 행사",https://news.joins.com/article/olink/23717197
315,바이든이 친환경차 비전 발표 행사에 테슬라 부르지 않은 이유는?,http://www.autodaily.co.kr/news/articleView.html?idxno=428897
316,"바이든, 2030년까지 전기차 50% 판매 서명. 현대차, 美 빅3 목표 40-50% 지지",http://www.autodaily.co.kr/news/articleView.html?idxno=428893
317,"포드 ""2025년까지 전기차 배터리 북미서 자체 공급""",http://yna.kr/AKR20210504056900009?did=1195m
318,"바이든 대통령, 30년까지 신차판매중 전기차 50%로 하는 대통령령에 서명",http://www.g-enews.com/ko-kr/news/article/news_all/202108060915442358b5d048c6f3_1/article.html
319,"'스포츠카' 머스탱, 2020년까지 전기차로 나온다",http://app.yonhapnews.co.kr/YNA/Basic/SNS/r.aspx?c=AKR20170104081400003&did=1195m
320,"SK이노-포드, 전기차 배터리셀 조인트벤처 공동 설립 나서나",http://www.enewstoday.co.kr/news/articleView.html?idxno=1480277
321,"“SK이노베이션, 포드와 전기차 배터리셀 합작사 설립 발표 예정”",https://www.fetv.co.kr/news/article.html?no=85279
322,"SK, 美 포드와 배터리 합작공장 짓는다… LG-GM에 ‘견제구’",https://www.seoul.co.kr/news/newsView.php?id=20210520500109&wlog_tag3=naver
323,"SK이노, 미국서 배터리셀 생산해 포드에 공급키로...합작법인 설립 임박",http://www.newsfc.co.kr/news/articleView.html?idxno=46110
324,"머스크 ""이상하지 않아?""…테슬라 빠진 백악관 전기차 행사",https://news.joins.com/article/olink/23717197
325,바이든이 친환경차 비전 발표 행사에 테슬라 부르지 않은 이유는?,http://www.autodaily.co.kr/news/articleView.html?idxno=428897
326,"바이든, 2030년까지 전기차 50% 판매 서명. 현대차, 美 빅3 목표 40-50% 지지",http://www.autodaily.co.kr/news/articleView.html?idxno=428893
327,"포드 ""2025년까지 전기차 배터리 북미서 자체 공급""",http://yna.kr/AKR20210504056900009?did=1195m
328,"바이든 대통령, 30년까지 신차판매중 전기차 50%로 하는 대통령령에 서명",http://www.g-enews.com/ko-kr/news/article/news_all/202108060915442358b5d048c6f3_1/article.html
329,"'스포츠카' 머스탱, 2020년까지 전기차로 나온다",http://app.yonhapnews.co.kr/YNA/Basic/SNS/r.aspx?c=AKR20170104081400003&did=1195m
330,"SK이노·포드, 미국에 전기차 배터리셀 합작사 만든다",http://news.einfomax.co.kr/news/articleView.html?idxno=4148277
331,"SK, 美 포드와 배터리 합작공장 짓는다… LG-GM에 ‘견제구’",https://www.seoul.co.kr/news/newsView.php?id=20210520500109&wlog_tag3=naver
332,"SK이노, 미국서 배터리셀 생산해 포드에 공급키로...합작법인 설립 임박",http://www.newsfc.co.kr/news/articleView.html?idxno=46110
333,"머스크 ""이상하지 않아?""…테슬라 빠진 백악관 전기차 행사",https://news.joins.com/article/olink/23717197
334,바이든이 친환경차 비전 발표 행사에 테슬라 부르지 않은 이유는?,http://www.autodaily.co.kr/news/articleView.html?idxno=428897
335,"바이든, 2030년까지 전기차 50% 판매 서명. 현대차, 美 빅3 목표 40-50% 지지",http://www.autodaily.co.kr/news/articleView.html?idxno=428893
336,"포드 ""2025년까지 전기차 배터리 북미서 자체 공급""",http://yna.kr/AKR20210504056900009?did=1195m
337,"바이든 대통령, 30년까지 신차판매중 전기차 50%로 하는 대통령령에 서명",http://www.g-enews.com/ko-kr/news/article/news_all/202108060915442358b5d048c6f3_1/article.html
338,"'스포츠카' 머스탱, 2020년까지 전기차로 나온다",http://app.yonhapnews.co.kr/YNA/Basic/SNS/r.aspx?c=AKR20170104081400003&did=1195m
339,"포드, 미국 미시간에 EV용 배터리셀 개발 연구센터 설립. 내년 말 본격 가동",http://www.autodaily.co.kr/news/articleView.html?idxno=427207
340,"바이든 ""전기차가 자동차산업 미래""···테슬라는 빼고?",https://www.sedaily.com/NewsView/22Q30FUBL3
341,"바이든 대통령, 30년까지 신차판매중 전기차 50%로 하는 대통령령에 서명",http://www.g-enews.com/ko-kr/news/article/news_all/202108060915442358b5d048c6f3_1/article.html
342,바이든 “2030년까지 美 신차 절반을 전기차로”,https://biz.chosun.com/international/international_general/2021/08/06/MV7EMO5PONBQ5L4KX4XH4DEXOA/?utm_source=naver&utm_medium=original&utm_campaign=biz
343,"'스포츠카' 머스탱, 2020년까지 전기차로 나온다",http://app.yonhapnews.co.kr/YNA/Basic/SNS/r.aspx?c=AKR20170104081400003&did=1195m
344,"포드, 미국 미시간에 EV용 배터리셀 개발 연구센터 설립. 내년 말 본격 가동",http://www.autodaily.co.kr/news/articleView.html?idxno=427207
345,"현대차 쏠라티 리무진, 경쟁 차종 들어온다",http://autotimes.hankyung.com/apps/news.sub_view?popup=0&nid=02&c1=02&c2=02&c3=00&nkey=201612141553151
346,"'트럭' 포드 F-시리즈, 지난해 전 세계 100만대 돌파",http://www.metroseoul.co.kr/news/newsview?newscd=2019011700170
347,"사라 페인버그, MTA 회장 된다",http://www.koreadaily.com/news/read.asp?art_id=9427858
348,[오늘의 자동차 소식] 1/17 기아 올 뉴 모닝 출시 외,http://it.donga.com/25806/
349,“배터리 공장 짓자”..英 정부 러브콜 받은 회사 6곳은 어디?,http://www.dailycar.co.kr/content/news.html?type=view&autoId=39908
350,"현대차 쏠라티 리무진, 경쟁 차종 들어온다",http://autotimes.hankyung.com/apps/news.sub_view?popup=0&nid=02&c1=02&c2=02&c3=00&nkey=201612141553151
351,"'트럭' 포드 F-시리즈, 지난해 전 세계 100만대 돌파",http://www.metroseoul.co.kr/news/newsview?newscd=2019011700170
352,"사라 페인버그, MTA 회장 된다",http://www.koreadaily.com/news/read.asp?art_id=9427858
353,[오늘의 자동차 소식] 1/17 기아 올 뉴 모닝 출시 외,http://it.donga.com/25806/
354,“배터리 공장 짓자”..英 정부 러브콜 받은 회사 6곳은 어디?,http://www.dailycar.co.kr/content/news.html?type=view&autoId=39908
355,"포드, F-150, 머스탱, 트랜짓 등 2020년까지 전기차로 출시",http://www.kukinews.com/news/article.html?no=421918
356,"포드, 반도체 칩 부족으로 F-150 픽업트럭 생산 중단",http://www.autodaily.co.kr/news/articleView.html?idxno=426503
357,[자동차 한입뉴스] #신형 모닝 #현대차 #뉴 5시리즈 #렉서스 #벤츠트럭 #테슬라 #패러데이퓨처,http://www.econovill.com/news/articleView.html?idxno=306322
358,"현대차, H350 경쟁차는?",http://autotimes.hankyung.com/apps/news.sub_view?popup=0&nid=02&c1=02&c2=02&c3=00&nkey=201502181426361
359,車 반도체 부족 심화…글로벌 완성차 업체 공장 가동 중단 장기화,http://www.skyedaily.com/news/news_view.html?ID=128176
360,오는 2030년 부터는 전기차(EV)만 생산하겠다는 포드..그 배경은?,http://www.dailycar.co.kr/content/news.html?type=view&autoId=38869
361,"포드, 2025년까지 전기차 투자 2배 확대...220억 달러",http://www.gpkorea.com/news/articleView.html?idxno=71332
362,"미 13세소년 몰던 트럭과 충돌, 대학골프팀 선수 등 9명 사망",http://news.heraldcorp.com/view.php?ud=20220318000079
363,"포드, 전기차·자율주행차에 '올인' 2025년까지 32조 투자",http://www.digitaltoday.co.kr/news/articleView.html?idxno=263148
364,"포드코리아, ""물 들어올 때 노 젓는다""",http://autotimes.hankyung.com/apps/news.sub_view?popup=0&nid=03&c1=03&c2=03&c3=00&nkey=202101132220371
365,"델파이, 북미 올해의 차와 트럭에 첨단 기술 제공",http://www.newspim.com/sub_view.php?cate1=6&cate2=1&news_id=307356
366,"닛산, 미국 내 상용차 시장 철수 결정...구조조정 이어지나?",https://hankookilbo.com/News/Read/A2020101409280003623?did=NA
367,"""배터리 자체 생산"" 결정 포드, 파트너는 SK이노베이션?",http://www.newsprime.co.kr/news/article.html?no=524436
368,"테슬라, GM에 이어 포드도 전기차 배터리 자체 생산",https://biz.chosun.com/site/data/html_dir/2020/11/16/2020111601720.html?utm_source=naver&utm_medium=original&utm_campaign=biz
369,커지는 LPG···상반기 유일 수입 LPG車는?,https://www.ebn.co.kr/news/view/1452137/?sc=Naver
370,"""배터리 자체 생산"" 결정 포드, 파트너는 SK이노베이션?",http://www.newsprime.co.kr/news/article.html?no=524436
371,"테슬라, GM에 이어 포드도 전기차 배터리 자체 생산",https://biz.chosun.com/site/data/html_dir/2020/11/16/2020111601720.html?utm_source=naver&utm_medium=original&utm_campaign=biz
372,커지는 LPG···상반기 유일 수입 LPG車는?,https://www.ebn.co.kr/news/view/1452137/?sc=Naver
373,"포드, 전기 트럭 F-150 시장 기대 폭발..벌써 증산 계획(?)",http://www.dailycar.co.kr/content/news.html?type=view&autoId=38066
374,[클릭! 해외증시 이 종목] 美자동차 판매 호조에 포드 흑자전환,http://news.mk.co.kr/newsRead.php?no=1129104&year=2020
375,"포드, 내년 전기 밴 출시…미주리 공장에 1억달러 투자",http://news.einfomax.co.kr/news/articleView.html?idxno=4116915
376,"금호타이어, 유럽 경상용차량(LCV) 시장 공략 본격화",https://www.theguru.co.kr/news/article.html?no=27553
377,"포드차, 도어 래치 결함 가능성 있는 차량 215만대 리콜",http://www.newspim.com/news/view/20200611000049
378,"‘2021 푸드앤비어 페스티벌’ 위드코로나, 안전한 축제 문화의 패러다임 제시",https://www.sedaily.com/NewsView/22TYO4E881
379,"[K-Biz 리뷰] 삼성물산, '13조짜리' 필리핀 국제공항 사업 도전장(11월9일)",https://www.theguru.co.kr/news/article.html?no=27344
380,"금호타이어, 유럽 경상용차량(LCV) 시장 공략 본격화",https://www.theguru.co.kr/news/article.html?no=27553
381,"포드차, 도어 래치 결함 가능성 있는 차량 215만대 리콜",http://www.newspim.com/news/view/20200611000049
382,"‘2021 푸드앤비어 페스티벌’ 위드코로나, 안전한 축제 문화의 패러다임 제시",https://www.sedaily.com/NewsView/22TYO4E881
383,"[K-Biz 리뷰] 삼성물산, '13조짜리' 필리핀 국제공항 사업 도전장(11월9일)",https://www.theguru.co.kr/news/article.html?no=27344
384,"“픽업 시장 흔들까”…폭스바겐 아마록, 레인저 뼈대 쓴다!",http://www.dailycar.co.kr/content/news.html?type=view&autoId=36782
385,"[글로벌-Biz 24] 포드 신임 CEO 짐 팔리 ""우리 경쟁자는 아마존, 테슬라, 애플, 바이두""",http://www.g-enews.com/ko-kr/news/article/news_all/202009091457058955f67c3fc824_1/article.html
386,"미국 ‘차박’ 라이프 환상, ‘페티토 사건’으로 깨지나[정미경 기자의 청와대와 백악관 사이]",https://www.donga.com/news/article/all/20211005/109561407/1
387,대담·공격적…폭스바겐 픽업 '아마록' 첫 스케치,http://www.thedrive.co.kr/news/newsview.php?ncode=1065578992129440
388,'자동차 마니아 여기 다 있네'...'2021 오토샬롱위크' 막 올려,http://www.g-enews.com/ko-kr/news/article/news_all/2021100115364313357bdb7041ec_1/article.html
389,맨하탄 M14노선 전기 굴절 버스 첫 운행,http://www.koreatimes.com/article/1285738
390,"'신종 코로나 확산 막자' 中 진출 업체들, 휴무일 연장 등 안간힘",http://www.autodaily.co.kr/news/articleView.html?idxno=415929
391,"캠퍼밴 여행하다 사라진 20대 美여성 시신으로, 입 꼭 다문 약혼남 잠적",https://www.seoul.co.kr/news/newsView.php?id=20210919500008&wlog_tag3=naver
392,신형 팰리세이드에 '구름 관객'…아이오닉5 '올해의 차' 등 휩쓸어,https://www.sedaily.com/NewsView/264OX7BUU3
393,"둘이 떠난 캠핑카 여행, 약혼녀는 실종…남자는 홀로 돌아와 '침묵'",http://news.mt.co.kr/mtview.php?no=2021091707545535643
394,"캠퍼밴 여행하던 미 22세 여성 실종, 돌아온 약혼남은 묵비권",https://www.seoul.co.kr/news/newsView.php?id=20210917500005&wlog_tag3=naver
395,"美자동차 빅2 나눠가진 LG-SK, '기술분쟁'에서 '패권경쟁'으로",https://www.dailian.co.kr/news/view/993634/?sc=Naver
396,2020년 캠핑족을 위한 뉴 라인업,http://lonelyplanet.co.kr/magazine/articles/AI_00002992
397,"지프 랭글러 PHEV 올라탄 바이든 ""美 자동차 산업 미래는 전기차다""",http://www.etnews.com/20210806000130
398,3분기 미국서 눈에 띄게 잘 팔리는 車 BEST 5,http://www.thedrive.co.kr/news/newsview.php?ncode=1065598708116541
399,"현대차·BMW·오펠 자동차 제조사들, 유럽 홍수 피해자에게 도움의 손길",http://www.g-enews.com/ko-kr/news/article/news_all/202107241706331659938f3ba357_1/article.html
400,"현대차·BMW·오펠 자동차 제조사들, 유럽 홍수 피해자에게 도움의 손길",http://www.g-enews.com/ko-kr/news/article/news_all/202107241706331659938f3ba357_1/article.html
401,"포드, 2050년까지 탄소 중립화 위한 기후변화 목표 확대",http://www.electimes.com/article.php?aid=1594946997202045094
402,아이오닉5 '올해의 차' 등 3개 수상 휩쓸어[뒷북비즈],https://www.sedaily.com/NewsView/264PBI5HLB
403,"포드(Ford)베트남, 7월 판매량 13%↑..픽업차량은 절대 강자 등극",http://www.wowtv.co.kr/NewsCenter/News/Read?articleId=A202008160010&t=NN
404,"티앤비모터스, ""수입차 판매 중심지 강남 진출""",https://www.dailysecu.com/news/articleView.html?idxno=67043
405,"포드, 에어필터 강화로 알레르기성 물질 차단",http://www.thedrive.co.kr/news/newsview.php?ncode=1065601526459751
406,“미래차 시장 적과 아군 따로없다” 글로벌 완성차 업체 생존 위한 합종연횡,http://news.mk.co.kr/newsRead.php?year=2019&no=457109
407,"포드, ‘트렌짓’에 폐식용유로 운전 가능",http://www.electimes.com/article.php?aid=1580951043193833094
408,포드와 폭스바겐 협력 본격화...전기차부터 자율주행까지,http://www.digitaltoday.co.kr/news/articleView.html?idxno=237646
409,"폭스바겐, 신형 밴 ‘트랜스포터 T7’ 스파이샷 포착..출시 임박(?)",http://www.dailycar.co.kr/content/news.html?type=view&autoId=39747
410,"폭스바겐, 신형 밴 ‘트랜스포터 T7’ 스파이샷 포착..출시 임박(?)",http://www.dailycar.co.kr/content/news.html?type=view&autoId=39747
411,"유럽 T&E, 상용밴 이산화탄소 배출 규제 강화 주장..자동차 업계 ‘비상’",http://www.dailycar.co.kr/content/news.html?type=view&autoId=39642
412,대중교통 무임승차 “꼼짝마”,http://www.koreatimes.com/article/1218135
413,"폭스바겐그룹, 글로벌 첫 협력 제휴…2022년 밴·픽업트럭 개발",http://www.newsway.co.kr/news/view?tp=1&ud=2019011617474681977
414,시카고오토쇼에 선보인 신차는?,http://autotimes.hankyung.com/apps/news.sub_view?popup=0&nid=07&c1=07&c2=07&c3=00&nkey=201802091733321
415,"폭스바겐, ‘트랜스포터 T6.1 스포츠라인’ 공개..특징은?",http://www.dailycar.co.kr/content/news.html?type=view&autoId=39111
416,현대차 '신형 스타렉스' 렌더링 등장...기대감↑,http://www.gpkorea.com/news/articleView.html?idxno=71674
417,7번 전철 납 성분 페인트 제거,http://www.koreadaily.com/news/read.asp?art_id=6304029
418,"[간밤뉴스] 獨검찰, '배기가스 조작' 포르셰 압수수색",http://www.fnnews.com/news/201804190653275186
419,뉴욕시 전철 지연운행 근절한다,http://www.koreatimes.com/article/1181011
420,"MTA, A·D·E·F 전철 운행 늘린다",http://www.koreatimes.com/article/1180752
421,"포드, ‘실적 부진’ 유럽 대리점 줄인다",http://www.econovill.com/news/articleView.html?idxno=388968
422,"美 코디악 자율주행트럭, 고속도로 1300km 자율주행 새 이정표",http://www.irobotnews.com/news/articleView.html?idxno=23611
423,"밴과 밴의 대결, 메르세데스 벤츠 스프린터 vs. 기아 카니발",https://www.motortrendkorea.com/sub/view.html?no=5199&cate1Name=WHICHCAR
424,"""美 도난차량 80%는 日 브랜드""…혼다 '어코드'와 '시빅' 1·2위 차지",http://www.g-enews.com/ko-kr/news/article/news_all/20170911113317461d6eb469fd3_1/article.html
425,"음질로 평가해주세요, 블루투스 스피커 ‘소엔 트랜짓 XS’",http://www.betanews.net/article/631421
426,"F-150등 포드 F-시리즈, 43년 연속 미국 픽업트럭 판매 1위",http://www.digitaltoday.co.kr/news/articleView.html?idxno=220278
427,"포드 F시리즈, 43년 연속 美 픽업트럭 판매 1위",http://news.mk.co.kr/newsRead.php?no=32856&year=2020
428,美 영세 자영업 살아나자 밴 판매도 활기…3년만에 40% 증가,http://biz.chosun.com/site/data/html_dir/2014/02/28/2014022802429.html
429,"포드, ‘앰비언트 라이트’ 활용해 절약된 에너지로 전기차 주행 거리 늘려",http://www.electimes.com/article.php?aid=1576813649191699094
430,美 영세 자영업 살아나자 밴 판매도 활기…3년만에 40% 증가,http://biz.chosun.com/site/data/html_dir/2014/02/28/2014022802429.html
431,"포드, ‘앰비언트 라이트’ 활용해 절약된 에너지로 전기차 주행 거리 늘려",http://www.electimes.com/article.php?aid=1576813649191699094
432,BMW i3 복합연비 139MPGe로 '최고',http://www.koreadaily.com/news/read.asp?art_id=4051783
433,"포드, 친환경 모델 라인업 확대",http://www.electimes.com/article.php?aid=1556245340178033094
434,[한국타이어]빗길 제동력·코너링 서킷에서 더 빛났다,http://www.joongdo.co.kr/jsp/article/article_view.jsp?pq=201512130185
435,"GM, 닛산 카고밴 ‘NV200’ 판매 계획",http://www.etoday.co.kr/news/section/newsview.php?idxno=732855
436,"GM, 2015년형 시티익스프레스 밴과 실버라도 픽업트럭 공개",http://car.donga.com/3/all/20140207/60649055/2
437,"포드, '트렌짓 커넥트' 생산 중단...""시장 수요부족""",http://www.ajunews.com/view/20190711105227486
438,"뉴욕모터쇼, 어떤 차들 나왔나",http://www.autotimes.co.kr/article_view.php?id=46882
439,"GM, EV 밴으로 상용 전동화 나선다",http://autotimes.hankyung.com/apps/news.sub_view?popup=0&nid=09&c1=09&c2=09&c3=00&nkey=202006052240071
440,"뉴욕모터쇼, 어떤 차들 나왔나",http://www.autotimes.co.kr/article_view.php?id=46882
441,"GM, EV 밴으로 상용 전동화 나선다",http://autotimes.hankyung.com/apps/news.sub_view?popup=0&nid=09&c1=09&c2=09&c3=00&nkey=202006052240071
442,"물류 스타트업 '개틱', 자율주행 트럭 서비스 런칭",http://www.irobotnews.com/news/articleView.html?idxno=20608
443,"상용 전동화, 2027년부터 본격화",http://autotimes.hankyung.com/apps/news.sub_view?popup=0&nid=10&c1=10&c2=10&c3=00&nkey=202003091447111
444,트랜스포머 보다 멋지다！ 디트로이트 모터쇼의 히어로 8選,http://www.fnnews.com/view?ra=Sent0601m_01A&corp=fnnews&arcid=100120161835&cDateYear=2010&cDateMonth=01&cDateDay=20&
445,[Motor Show] 2010 디트로이트 모터쇼 `화제의 차`,http://news.mk.co.kr/news_forward.php?no=29786&year=2010
446,"中지리자동차, 英 택시 이어 하이브리드밴 시장 조준",http://news.heraldcorp.com/view.php?ud=20200221000717
447,"뉴요커들, 내후년부터 `닛산` 옐로캡 탄다",http://www.edaily.co.kr/news/newspath.asp?newsid=01200486596245640
448,"MTA 방만 경영, 또다시 도마 위로",http://www.koreadaily.com/news/read.asp?art_id=7850741
449,뉴욕시 지하철 정시운행률 80.3% … 6년래 최고치,http://www.koreatimes.com/article/1291721
450,선로 철재구조물 또 낙하 `아찔’,http://www.koreatimes.com/article/1277520
451,"MTA, 신형 전동차 300대 결함 발견… 운행 중단",http://www.koreatimes.com/article/1289606
452,Welcome to the uncanny valley (KOR),http://koreajoongangdaily.joins.com/news/article/article.aspx?aid=3066908
453,[Car&Fun] 이마트 자율주행 배송차량 '일라이고' 타보니···급코너에서도 적재물은 그대로[영상],https://www.sedaily.com/NewsView/1VPLGWA2HV
454,"[시승기] 상용차의 여유와 기능에 재미는 덤, 르노 마스터 L",http://www.hankookilbo.com/news/npath/201908090700091626?did=NA
455,뉴욕시 지하철 정시 운행률 81.5％…6년래 최고,http://www.koreatimes.com/article/1257952
456,[베트남 PICK]사면초가 정의선호 무중생유(無中生有) 묘수는?,http://www.seoulwire.com/news/articleView.html?idxno=156045
457,"[야망의 선악과, 모빌리티②] 이동의 모든 것을 담다",https://www.econovill.com/news/articleView.html?idxno=504729
458,출근길 전철서 폭죽 터져…31일 맨해튼 F노선 열차서,http://www.koreadaily.com/news/read.asp?art_id=7290896
459,"메트로카드, 학생은 공짜?",http://www.koreadaily.com/news/read.asp?art_id=7260334
460,뉴욕시 초·중·고학생 대중교통 무료,http://www.koreatimes.com/article/1248849
461,"MTA ""전철 운행 개선됐다""",http://www.koreadaily.com/news/read.asp?art_id=7256966
462,"포드, 하이브리드·디젤 택시 2종 선보여",http://www.electimes.com/article.php?aid=1530518652160479094
463,대중교통 요금 인상은 초과근무 수당 때문?,http://www.koreadaily.com/news/read.asp?art_id=7182561
464,"폭스바겐, 상용밴 트랜스포터 티저 공개",http://autotimes.hankyung.com/apps/news.sub_view?popup=0&nid=02&c1=02&c2=02&c3=00&nkey=201904090118221
465,7번 전철 정시 도착률 크게 향상,http://www.koreatimes.com/article/1238806
466,[굿모닝 베트남] '동남아 허브' 베트남에서 기업 한일전,http://www.g-enews.com/ko-kr/news/article/news_all/201903121612552222428b74b45e_1/article.html
467,뉴욕 지하철 정시 운행률 향상,http://www.koreatimes.com/article/1233290
468,"MTA, 전철 주행속도 2배 상향",http://www.koreatimes.com/article/1219732
469,"에스모터스, 독일 명문 튜닝전문회사 '칼슨' 튜닝용 파츠 공식판매",http://news.mt.co.kr/mtview.php?no=2018120514542569790
470,은퇴후 캠핑카로 전국 일주 해볼까...10년새 10배 성장,http://www.edaily.co.kr/news/newspath.asp?newsid=04021286619377840
471,"BMW·벤츠와 결별한 애플, 폭스바겐과 손잡은 이유",http://www.nocutnews.co.kr/news/4974787
472,7번 전철 신호 교체 공사 지연,http://www.koreadaily.com/news/read.asp?art_id=6155198
473,"[글로벌-Biz 24] 포드, 올 여름 러시아시장서 철수…경상용차부문 제외한 모든 자동차판매 중단",http://www.g-enews.com/ko-kr/news/article/news_all/201903271438217602b5d048c6f3_1/article.html
474,월드스타 방탄소년단 어떤 차 탈까..티볼리 기어와 궁합,http://www.edaily.co.kr/news/newspath.asp?newsid=01528486619245328
475,"한미 FTA 협상, 전북 자동차산업 먹구름",http://www.domin.co.kr/news/articleView.html?idxno=1190246
476,자동차 브랜드 특징 녹여낸 ‘밴’…부가티·포르쉐·알파로메오(?)가 만든 ‘밴’,http://www.g-enews.com/ko-kr/news/article/news_all/201802121257476381dc27ddea51_1/article.html
477,"포드, 미국에서 하이브리드ㆍ디젤 택시 2종 선봬",http://www.gpkorea.com/news/articleView.html?idxno=42209
478,[2017 디트로이트모터쇼]RV·세단의 향연…기아차 첫 스포츠세단 공개(종합),http://view.asiae.co.kr/news/view.htm?idxno=2017010907345552210
479,디트로이트 모터쇼 개막…친환경차 ‘시들’,http://www.ekn.kr/news/article.html?no=260478
480,미국 사로잡을 신차는…디트로이트 모터쇼 개막,http://app.yonhapnews.co.kr/YNA/Basic/SNS/r.aspx?c=AKR20170106182800003&did=1195m
481,"현대차, 중국 대신 중동 선택…이란서 밴 ‘쏠라티’ 생산",http://www.g-enews.com/ko-kr/news/article/news_all/201709071137247896dc27ddea51_1/article.html
482,"LPG車, 휘발유차량보다 '환경성' 뛰어나",http://www.todayenergy.kr/news/articleView.html?idxno=118781
483,거리 달리는 운전자 없는 차 확인해보니,http://www.koreadaily.com/news/read.asp?art_id=5500467
484,"포드 F-시리즈도 전기차화...""2022년까지 40개 전기차 라인업 구축""",http://www.autodaily.co.kr/news/articleView.html?idxno=407145
485,"현대차 상용차, 동남아 진출 가속화…필리핀서 쏠라티 1000대 판다",http://www.ajunews.com/view/20170406141644464
486,운전 초보 여기자의 한국타이어 기술력 체험기,http://www.goodmorningcc.com/news/articleView.html?idxno=35253
487,"포드, 북미 생산공장 10주간 가동중단",http://www.asiae.co.kr/news/view.htm?idxno=2017092008005231385
488,포드 “자율주행차량 대세 변함없다”…3년 안에 로보택시 상용화 계획,http://www.etoday.co.kr/news/section/newsview.php?idxno=1613965
489,상용차 사업 힘주는 현대차…올 10만5000대 판매 '가속',http://www.hankyung.com/news/app/newsview.php?aid=2016012533301
490,"포드, 북미 생산공장 10주간 가동중단",http://www.asiae.co.kr/news/view.htm?idxno=2017092008005231385
491,포드 “자율주행차량 대세 변함없다”…3년 안에 로보택시 상용화 계획,http://www.etoday.co.kr/news/section/newsview.php?idxno=1613965
492,상용차 사업 힘주는 현대차…올 10만5000대 판매 '가속',http://www.hankyung.com/news/app/newsview.php?aid=2016012533301
493,"상업용 밴, 잘 팔린다",http://www.radiokorea.com/news/article.php?uid=136909
494,"GM 화려한 부활…쉐보레, 디트로이트모터쇼 올해의 차 휩쓸어",http://www.etoday.co.kr/news/section/newsview.php?idxno=852462
495,[Hot 이슈] 현대차 노조 이기주의가 가져온 씁쓸한 현실,https://news.naver.com/main/read.naver?mode=LSD&mid=sec&sid1=101&oid=011&aid=0002746495
496,현대 미니버스 쏠라티 곧 정식 출시...리무진.캠핑용으로도 각광 받을 듯,http://www.kookje.co.kr/news2011/asp/newsbody.asp?code=0200&key=20150819.99002012457
497,15인승 10년만에 부활…현대차 '쏠라티' 곧 출시(종합),http://app.yonhapnews.co.kr/YNA/Basic/SNS/r.aspx?c=AKR20150817122551003&did=1195m
498,"잘 나간다! 미니밴, SUV 뒤에서 바싹 추격",http://www.hankookilbo.com/v/30c8463e339443db823bcf9898766104
499,라스베가스 4중 추돌사고로 한인여성 사망,http://www.radiokorea.com/news/article.php?uid=171895
