,title,url
0,"""머스크 트위터 인수는 毒…테슬라 팔고 포드 사라""",https://www.hankyung.com/finance/article/2022050152691
1,F150 라이트닝·사이버트럭·실버라도·시에라 전기 픽업..한국 출시는 언제?,http://www.dailycar.co.kr/content/news.html?type=view&autoId=43983
2,픽업트럭도 전기차가 대세…배터리 업계 '반색',https://www.ekn.kr/web/view.php?key=20220417010002790
3,"'F150라이트닝 자신감' 포드, 리비안과 전기차 공동개발 철회[TNA]",http://news.heraldcorp.com/view.php?ud=20211121000198
4,"포드, 전기차 집중 위해 회사 분리…'포드e' 탄생",http://www.beyondpost.co.kr/view.php?ud=2022040411413379838752c8ab62_30
5,조지아 주지사 “SK 배터리 장착한 포드 F150 전기트럭 달리는 날 기대”,http://www.edaily.co.kr/news/newspath.asp?newsid=01167686629051872
6,"포드, '신형 F150 랩터' 티저 영상 공개...내달 3일 美 데뷔",http://www.gpkorea.com/news/articleView.html?idxno=71121
7,"文, 4대 총수 만나 '포드 F150' 전기 픽업트럭 언급한 이유",https://news.joins.com/article/olink/23667256
8,"포드, 전기픽업 F150 연간 4만대 판매 전망..SK이노에 호재(?)",http://www.dailycar.co.kr/content/news.html?type=view&autoId=39668
9,포드-리비안 '전기차 동맹' 파기...K-배터리 영향은?,http://www.kukinews.com/newsView/kuk202111220188
10,[ER포토] 픽업트럭 전기차 포트 F150 실물 보니...,https://www.econovill.com/news/articleView.html?idxno=535946
11,[북미 오딧세이]25일 베일벗는 ‘F150’‥포드 픽업 ‘독주’ 가능할까,http://www.dailycar.co.kr/content/news.html?type=view&autoId=36850
12,유럽에서 달리는 포드 전기차에도 SK온 배터리 탑재,https://biz.chosun.com/industry/company/2021/11/26/K7P3OM6ZKFFFZGPPUO5GDSLZ6Y/?utm_source=naver&utm_medium=original&utm_campaign=biz
13,"반도체 부족 탓…포드, 내주 F150 픽업트럭 일시 감산",http://www.edaily.co.kr/news/newspath.asp?newsid=01364486628947568
14,"포드, 2021 F150 흥행 ‘올인’…“6월부터 美판매 개시”",http://www.dailycar.co.kr/content/news.html?type=view&autoId=36467
15,포드 F150과 시애틀의 대자연에 빠지다,https://www.motortrendkorea.com/sub/view.html?no=4559&cate1Name=LIFESTYLE
16,"[재택플러스] 포드·GM 제친 스타트업 '리비안'‥GE, 3개 회사로 분리",https://imnews.imbc.com/replay/2021/nwtoday/article/6314114_34943.html
17,중고차 픽업트럭은 어때? '괜찮은 포드 F150' 5천만원 대,http://www.gpkorea.com/news/articleView.html?idxno=56546
18,"[글로벌-Biz 24] 美 포드, 픽업트럭 F150 고급화 추진",http://www.g-enews.com/ko-kr/news/article/news_all/20190904013007827650cb531085_1/article.html
19,"포드와 손잡은 SK이노, 사상 최대투자로 글로벌 톱3 질주",http://news.heraldcorp.com/view.php?ud=20210928000323
20,"SK이노베이션-포드, 역대 최대 규모 13조원 투자…미국 전기차 산업 패권 잡는다",https://sports.donga.com/article/all/20210928/109452462/2
21,"미국 1위 픽업트럭 포드 F150, 차세대 모델 포착",http://www.edaily.co.kr/news/newspath.asp?newsid=02938886622490888
22,"미국에서 인기 있는 픽업트럭, 국내에서 인기는? 옥션모터스가 말하는 '포드 F150 랩터'",http://www.goodmorningcc.com/news/articleView.html?idxno=212574
23,"떠오르는 만능맨, 픽업트럭 선호도 최상급 차량은? '포드 F150'",http://www.sisamagazine.co.kr/news/articleView.html?idxno=190265
24,"SK이노, 포드 합작법인 통해 미국에 5조원 투자…美최대 배터리공장 건설",http://www.betanews.net:8080/article/1282182.html
25,‘티앤비모터스’ 포드 픽업트럭 신형 F150 19년식 사전주문계약 시작,http://mbn.mk.co.kr/pages/news/newsView.php?category=mbn00003&news_seq_no=3633885
26,"‘티앤비모터스’, 포드 픽업트럭 F150 19년식 모델 사전주문 실시",http://www.sportsseoul.com/news/read/693380
27,강력한 파워의 절대강자 포드 F150 트럭 판매 증가,http://www.sedaily.com/NewsView/1S2A9M41K0
28,"티앤비모터스 ""포드 F150 픽업트럭 판매 문의 증가""",http://news.wowtv.co.kr/NewsCenter/News/Read?articleId=A201806290220&t=NN
29,"포드코리아, F150보다 작은 '레인저' 픽업 도입",http://autotimes.hankyung.com/apps/news.sub_view?popup=0&nid=02&c1=02&c2=02&c3=00&nkey=201806141741471
30,“픽업트럭 시장판도 바뀐다”… 포드 ‘F150’GM ‘콜로라도’ 내년 투입,http://www.newspim.com/news/view/20180614000246
31,"포드, 고성능 ‘브롱코 랩터’ 출시한다...""F150·지프 랭글러와 경쟁""",http://www.pinpointnews.co.kr/view.php?ud=2022012509441157689cdfed7945_45
32,포드 F150 랩터를 하루 6만 원에? 수입차 직구 디파츠 공동구매 리스 초특가 이벤트!,http://www.dtnews24.com/news/articleView.html?idxno=517205
33,"중고차 시장, 미국산 픽업트럭 거래 증가..포드 F150 ‘인기’",http://www.dailycar.co.kr/content/news.html?type=view&autoId=32358
34,[부산모터쇼] 포드 F150 랩터 등 고성능 픽업트럭 출동,http://www.edaily.co.kr/news/newspath.asp?newsid=03158646619214496
35,일론 머스크의 사이버 트럭 언급?...전기차 대전 막올랐다,http://www.seoulwire.com/news/articleView.html?idxno=456746
36,"LG-GM·SK-포드, 美픽업트럭 시장서 격돌",https://sports.donga.com/article/all/20210524/107091642/3
37,"[이지경제의 으랏車車車] 영화계 성수기, 벤츠 단독 질주에…포드, 출사표",http://www.ezyeconomy.com/news/articleView.html?idxno=112098
38,F150 랩터 저격수 탄생..702마력 램 1500 TRX 공개,http://www.dailycar.co.kr/content/news.html?type=view&autoId=37364
39,포드 자동차(Ford Motor Company) 회사는?,http://www.startuptoday.co.kr/news/articleView.html?idxno=76611
40,"[2018 디트로이트모터쇼] 포드, 레인저·F150 디젤 공개",http://www.ekn.kr/news/article.html?no=337710
41,[손재권의 실리콘밸리 투데이] 美 대기업의 ‘역발상 전략’… “최대 경쟁자가 될 회사에 투자”,https://www.seoul.co.kr/news/newsView.php?id=20211119027001&wlog_tag3=naver
42,황제 켄블록의 새로운 머신은 '917마력 포드 F150 트럭',http://www.gpkorea.com/news/articleView.html?idxno=44946
43,"포드 F150 트럭, 혜인산업이 병행수입",http://autotimes.hankyung.com/apps/news.sub_view?popup=0&nid=03&c1=03&c2=03&c3=00&nkey=201407171724491
44,'테슬라 대항마' 리비안 나스닥 입성…'차세대 원통전지' 삼성SDI도 들썩 [뉴욕증시 A to Z],https://www.wowtv.co.kr/NewsCenter/News/Read?articleId=A202111080236&t=NNv
45,미국서 가장 사랑받는 픽업트럭…전기차 총력전,https://www.joongang.co.kr/article/25014688
46,美서 가장 사랑받는 '픽업트럭'…전기차 시대의 승자는?,https://www.joongang.co.kr/article/25014575
47,"[F1] 포드 ""페라리 F150 명칭 누가 쓰래?""",http://sports.chosun.com/news/ntype.htm?id=201102110000000000005522&servicedate=20110211
48,"포드, 2030년까지 40% 전기차…치고나오는 'F-150 라이트닝'",http://www.sisafocus.co.kr/news/articleView.html?idxno=260895
49,"SK-포드, 美에 배터리 합작사 '블루오벌SK' 설립",http://4th.kr/View.aspx?No=1638106
50,"포드, F150 리콜확대로 주가하락",http://www.fnnews.com/view?ra=Sent1101m_01A&corp=fnnews&arcid=00000922282894&cDateYear=2011&cDateMonth=04&cDateDay=15&
51,[포토]앨리스월튼 - 포드 F150,http://www.edaily.co.kr/news/newspath.asp?newsid=01118486599528264
52,포르쉐 벤츠 BMW 포드 앞세운 배터리 기업들...막오른 코엑스 ‘인터배터리 2021’ ,http://www.osen.co.kr/article/G1111596117
53,"미국 전기차시장 빠르게 커진다, 정의선 현대차 미국 생산 서두를까",https://www.businesspost.co.kr/BP?command=article_view&num=253471
54,"""테슬라 잡아야 하는데""…원가 부담에 고민 커지는 車업체",https://www.dailian.co.kr/news/view/1106270/?sc=Naver
55,SK배터리 탑재할 폴크스바겐·포드 “공급난 숨통틔워”,https://www.chosun.com/economy/auto/2021/04/12/6KWU7FYOPRBHBEENIXW6TCEJPE/?utm_source=naver&utm_medium=referral&utm_campaign=naver-news
56,"포드, 신형 F150 픽업트럭 디트로이트모터쇼 최초 공개",http://car.donga.com/3/all/20140114/60157570/9
57,리비안에 쏠린 과도한 관심…우려 목소리 나오는 이유,http://www.mediapen.com/news/view/659894
58,"LG엔솔 ""경제적 피해 ITC가 인정한 것""…SK이노 ""포드·폭스바겐에 배터리 공급 가능""",http://www.wowtv.co.kr/NewsCenter/News/Read?articleId=A202102110015&t=NN
59,‘소송’서 패한 SK 배터리 사용하는 기아·포드·폭스바겐..전망 불투명(?),http://www.dailycar.co.kr/content/news.html?type=view&autoId=38828
60,"美 ITC, LG 손 들어줬지만 SK 포드·폭스바겐 수입은 허용",http://www.mediasr.co.kr/news/articleView.html?idxno=66213
61,"SK이노베이션 ""ITC 결정 아쉬워…포드ㆍ폭스바겐 등 고객 권익보호 노력""",https://www.etoday.co.kr/news/view/1994225
62,"포드, F150과 머스탱에 하이브리드 넣는다",http://autotimes.hankyung.com/apps/news.sub_view?popup=0&nid=03&c1=03&c2=03&c3=00&nkey=201701041115091
63,포드가 전기차 전용 브랜드를 만든다?,https://www.motortrendkorea.com/sub/view.html?no=6505&cate1Name=NEWS
64,'EV 픽업트럭 뜬다'…미국 전기차 시장 '게임체인져',https://www.theguru.co.kr/news/article.html?no=22232
65,"[SK의 진화 ⑤ SK이노베이션] ‘Safer, Faster, Longer’ 배터리로 ‘글로벌 3위’ 급부상",http://weekly.cnbnews.com/news/article.html?no=139005
66,[ER포토] SK 이노베이션 배터리 장착한 전기차 브랜드는?,https://www.econovill.com/news/articleView.html?idxno=535915
67,"""SK 배터리 원한다"" 폭스바겐·포드, 美 ITC 청원…LG·SK 배터리 소송 '새 변수'",https://www.theguru.co.kr/news/article.html?no=12621
68,F150랩터부터 타코마까지… 고성능 오프로드 수입 픽업트럭 국내 판매 개시,http://www.sportsworldi.com/content/html/2017/08/22/20170822002850.html?OutUrl=naver
69,"티앤비모터스 강남 대치동 이전완료, ""포드 F-150 Raptor, 8월 한달간 사전계약 프로모션 진행""",http://sports.chosun.com/news/ntype.htm?id=202008210100175390011691&servicedate=20200820
70,"티앤비모터스, ‘포드 F-150 Raptor, 코로나19 이후 첫 판매 개시’",http://www.wowtv.co.kr/NewsCenter/News/Read?articleId=A202008190146&t=NN
71,"포드, 3Q 실적 '서프라이즈'에 시간 외서 6% 상승",http://www.newspim.com/news/view/20201029000028
72,'전기차' 앞세운 배터리업계…산업간 경계 허물었다,https://zdnet.co.kr/view/?no=20210610121241
73,`티앤비모터스` 오프로드 주행 강자 `F150`,http://www.dt.co.kr/contents.html?article_no=2018113002109923813007&ref=naver
74,뉴욕국제오토쇼 3년 만에 열려…북미 자동차 시장 트렌드 한눈에,https://news.kbs.co.kr/news/view.do?ncd=5441459&ref=A
75,"[인터배터리] SK이노, 안전성-급속충전-장거리 3박자 기술력 선봬",http://biz.newdaily.co.kr/site/data/html/2021/06/09/2021060900150.html
76,[스경포토] 맨즈쇼에 등장한 포드 F150,http://sports.khan.co.kr/news/sk_index.html?art_id=201801131006023&sec_id=564001&pt=nv
77,미국發 전기차 패권 경쟁…'자동차' 수혜주로 뜬다,http://www.mediapen.com/news/view/630512
78,"애틀란타 간 문 대통령 ""배터리 분야, 한국이 최고 파트너""",http://www.ohmynews.com/NWS_Web/View/at_pg.aspx?CNTN_CD=A0002745567&CMPT_CD=P0010&utm_source=naver&utm_medium=newsearch&utm_campaign=naver_news
79,"포드, 반도체 부족에 생산 줄인다…실적 부진에 이중고",http://news.einfomax.co.kr/news/articleView.html?idxno=4197365
80,"""반도체 부족""…포드, 북미 공장 생산 줄인다",https://zdnet.co.kr/view/?no=20220206111850
81,"[포토]포드 '올 뉴 F150', 픽업트럭의 자존",http://www.edaily.co.kr/news/newspath.asp?newsid=01787606615796408
82,포드가 공개할 레인저 3色 오프로드 패키지..특징은?,http://www.dailycar.co.kr/content/news.html?type=view&autoId=36963
83,지프·포드 픽업트럭 진출 러시…새로운 시장 열리나?,http://www.mediapen.com/news/view/465119
84,"LG에너지솔루션 ""ITC 판결로 협상 진전 기대…SK 태도에 달렸다""",http://news.einfomax.co.kr/news/articleView.html?idxno=4132137
85,"포드 야생마 브롱코, 내달 24년 만에 부활...숏바디 모델도 투입",http://www.autodaily.co.kr/news/articleView.html?idxno=416596
86,"크래머 ""올해 포드 주가 더 오를 것""",http://news.einfomax.co.kr/news/articleView.html?idxno=4192170
87,"에코프로비엠, 목표주가 50만원→60만원 '상향'-유진證",http://news.mt.co.kr/mtview.php?no=2022050408063790648
88,"테슬라, 전기 픽업 ‘사이버트럭’ 20만대 계약 돌파..GM·포드 반격(?)",http://www.dailycar.co.kr/content/news.html?type=view&autoId=35260
89,"사륜구동 픽업트럭 대표 강자, 티앤비모터스 ‘포드 F-150’",http://www.sedaily.com/NewsView/1S7D5OH9FF
90,"포드 F-150, 픽업트럭의 대표 강자",http://news.wowtv.co.kr/NewsCenter/News/Read?articleId=A201809120164&t=NN
91,괴물 픽업 티앤비모터스 '포드 F-150' 픽업트럭시장 판매량 40년간 1위 ,http://www.gokorea.kr/news/articleView.html?idxno=70103
92,픽업트럭의 절대 강자 포드 F-150에 쏠리는 관심,http://www.xportsnews.com/?ac=article_view&entry_id=1001659
93,"'코스닥 시총 1위'의 위용...에코프로비엠, 전기차·하이니켈 바람타고 60만원 넘어설까",https://www.mk.co.kr/economy/view/2022/396489
94,"[글로벌-Biz 24] GM, 픽업 트럭서 포드 잡는다",http://www.g-enews.com/ko-kr/news/article/news_all/20190827022614806550cb531085_1/article.html
95,'롤러코스터' 리비안…포드와 결별에 주가 8.2% 폭락(종합),http://www.edaily.co.kr/news/newspath.asp?newsid=01203766629248672
96,[美 증시 하락] 코로나19 백신 불확실성 확대...트럼프·CDC 설전 [글로벌 이슈투데이],http://news.wowtv.co.kr/NewsCenter/News/Read?articleId=A202009180019&t=NNv
97,[현지르포] 포드 브롱코 퍼스트 에디션 보고 '엄지 척',http://www.g-enews.com/ko-kr/news/article/news_all/2021111214555980417bdb7041ec_1/article.html
98,"포드 브롱코, 20여년 만에 부활...2020년 소형 SUV로 재탄생",http://www.autodaily.co.kr/news/articleView.html?idxno=406101
99,"포드車, 트럼프 관세에 中 생산 포커스 수입 계획 취소",http://www.newsis.com/view/?id=NISX20180902_0000406863&cID=10101&pID=10100
100,"포드 F-150, 픽업트럭의 대표 강자",http://news.wowtv.co.kr/NewsCenter/News/Read?articleId=A201809120164&t=NN
101,괴물 픽업 티앤비모터스 '포드 F-150' 픽업트럭시장 판매량 40년간 1위 ,http://www.gokorea.kr/news/articleView.html?idxno=70103
102,"루시드·리비안에 밀린 포드…""2년내 부활하겠다"" [뉴욕증시 A to Z]",https://www.wowtv.co.kr/NewsCenter/News/Read?articleId=A202111220259&t=NNv
103,픽업트럭의 절대 강자 포드 F-150에 쏠리는 관심,http://www.xportsnews.com/?ac=article_view&entry_id=1001659
104,"'코스닥 시총 1위'의 위용...에코프로비엠, 전기차·하이니켈 바람타고 60만원 넘어설까",https://www.mk.co.kr/economy/view/2022/396489
105,"[글로벌-Biz 24] GM, 픽업 트럭서 포드 잡는다",http://www.g-enews.com/ko-kr/news/article/news_all/20190827022614806550cb531085_1/article.html
106,'롤러코스터' 리비안…포드와 결별에 주가 8.2% 폭락(종합),http://www.edaily.co.kr/news/newspath.asp?newsid=01203766629248672
107,[美 증시 하락] 코로나19 백신 불확실성 확대...트럼프·CDC 설전 [글로벌 이슈투데이],http://news.wowtv.co.kr/NewsCenter/News/Read?articleId=A202009180019&t=NNv
108,[현지르포] 포드 브롱코 퍼스트 에디션 보고 '엄지 척',http://www.g-enews.com/ko-kr/news/article/news_all/2021111214555980417bdb7041ec_1/article.html
109,"포드 브롱코, 20여년 만에 부활...2020년 소형 SUV로 재탄생",http://www.autodaily.co.kr/news/articleView.html?idxno=406101
110,"포드 브롱코, 20여년 만에 부활...2020년 소형 SUV로 재탄생",http://www.autodaily.co.kr/news/articleView.html?idxno=406101
111,"포드車, 트럼프 관세에 中 생산 포커스 수입 계획 취소",http://www.newsis.com/view/?id=NISX20180902_0000406863&cID=10101&pID=10100
112,랜드로버 디펜더로 나미비아를 가르다,https://www.motortrendkorea.com/sub/view.html?no=4943&cate1Name=NEWCAR
113,"포드, 3분기 예상보다 높은 실적...“4분기 더 좋아질 것”",http://www.pinpointnews.co.kr/view.php?ud=2021102811301023129cdfed7945_45
114,"[백브리핑] 라이벌 美포드-獨폭스바겐, 상용차 공동개발 MOU 체결",http://www.sedaily.com/NewsView/1S0VSY3UXQ
115,"유진證 “美 전기차 성장…에코프로비엠, 목표주가 50만 원→60만 원 상향”",https://www.sedaily.com/NewsView/265U7I8HYL
116,"SK이노-포드, 美 최대 배터리 공장 짓는다…투자액 13조원 ‘역대급’",http://news.mk.co.kr/v2/economy/view.php?year=2021&no=923258
117,"美포드, F-150 픽업트럭 생산 일시중단…화재 여파",http://view.asiae.co.kr/news/view.htm?idxno=2018051010422648390
118,"내년에 나오는 SUV 10+픽업트럭 3, 기대하시라!",https://www.motortrendkorea.com/sub/view.html?no=4862&cate1Name=NEWCAR
119,"[NW시승기]렉스턴 스포츠 칸, 포드 픽업트럭 안 부럽다",http://www.newsway.co.kr/news/view?tp=1&ud=2019020510285366546
120,"[NW시승기]렉스턴 스포츠 칸, 포드 픽업트럭 안 부럽다",http://www.newsway.co.kr/news/view?tp=1&ud=2019020510285366546
121,"포드, 대표 픽업트럭 F-150 가격인하",http://it.chosun.com/site/data/html_dir/2018/06/14/2018061401507.html
122,니켈값 폭등에 원가부담 초비상…2차전지 '원자재 동맹' 속도낸다,https://www.hankyung.com/economy/article/2022032181331
123,모터쇼 달군 GM - 포드 픽업트럭 대결,http://www.hankyung.com/news/app/newsview.php?aid=2014011483381
124,[2015 세마쇼]포드 장악한 美 트럭시장···현대차·혼다 도전장,http://car.donga.com/3/all/20151105/74609058/1
125,"미 교통안전국, 포드차 변속기 140만대 추가 리콜 심사중",http://www.newsis.com/view/?id=NISX20171231_0000190985&cID=10101&pID=10100
126,"전기차 혁신 DNA 이식한 '쿠데타'…포드, 애플카 핵심 임원 영입",https://www.hankyung.com/international/article/202109089997i
127,트럭 이름 놓고 포드와 페라리가 싸운 이유는,http://www.edaily.co.kr/news/newspath.asp?newsid=01098806596150192
128,페라리 美포드차 이름 훔쳤나?···제소 당해,http://www.hankyung.com/news/app/newsview.php?aid=201102105328g
129,‘마스크 안녕!’ 대형 SUV와 함께 돌아온 뉴욕 오토쇼,https://www.motortrendkorea.com/sub/view.html?no=6703&cate1Name=ISSUE
130,‘마스크 안녕!’ 대형 SUV와 함께 돌아온 뉴욕 오토쇼,https://www.motortrendkorea.com/sub/view.html?no=6703&cate1Name=ISSUE
131,"[차세대 배터리를 꿈꾼다]""SK온, 니켈 90% 효율 극대화…'안전성'으로 시장 리드""",https://view.asiae.co.kr/article/2022041309430939902
132,"아파트 천국 한국, 대형 픽업트럭 시장 열릴까",http://www.edaily.co.kr/news/newspath.asp?newsid=03319366625642312
133,"'짐차' 이미지 탈피, 실용성 앞세운 왜건·픽업트럭의 재발견",https://hankookilbo.com/News/Read/A2022050315050002595?did=NA
134,韓·美 자동차 시장 픽업트럭 열풍…렉스턴 스포츠·콜로라도·F150 중고차 시장서 인기,http://www.metroseoul.co.kr/news/newsview?newscd=2019022200026
135,전기차 패권노리는 SK-포드...美에 13조원 역대최대 배터리투자,http://news.mk.co.kr/newsRead.php?no=923736&year=2021
136,[사진]포드 픽업트럭에 페라리 보닛 와장창,http://www.moneytoday.co.kr/view/mtview.php?type=1&no=2011020109095036757&outlink=1
137,"포드, 픽업트럭 알루미늄으로 만든다",http://www.hankyung.com/news/app/newsview.php?aid=2014011211721
138,美 포드-韓 SK 13.5조원 투자·배터리공장 3개 신설(1보),https://www.news1.kr/articles/?4445228
139,800km 달리는 전기 픽업 등장하나?,https://www.motortrendkorea.com/sub/view.html?no=6689&cate1Name=NEWCAR
140,[사진]포드와 사고난 페라리 458 이탈리아 뒷태는?,http://www.moneytoday.co.kr/view/mtview.php?type=1&no=2011020109095338592&outlink=1
141,"포드, 픽업트럭 알루미늄으로 만든다",http://www.hankyung.com/news/app/newsview.php?aid=2014011211721
142,美 포드-韓 SK 13.5조원 투자·배터리공장 3개 신설(1보),https://www.news1.kr/articles/?4445228
143,800km 달리는 전기 픽업 등장하나?,https://www.motortrendkorea.com/sub/view.html?no=6689&cate1Name=NEWCAR
144,"美자동차 제조사, 각 국서 잇단 철수… 포드도 일본·인도네시아서 영업중단",http://www.newsis.com/ar_detail/view.html?ar_id=NISX20160126_0013860867&cID=10101&pID=10100
145,특이 외관 테슬라 전기차 사이버트럭 공개 이틀 만에 18.7만대 선주문,https://www.seoul.co.kr/news/newsView.php?id=20191125500105&wlog_tag3=naver
146,"SK이노-포드, 동유럽에 최대 12조 배터리 공장 짓는다",https://view.asiae.co.kr/article/2021090900464411166
147,"한국타이어, 포드 링컨의 SUV에도 신차용 타이어 공급",http://www.businesspost.co.kr/news/articleView.html?idxno=20055
148,"한국타이어, 포드 상용트럭에 신차용 타이어 공급",http://www.gukjenews.com/news/articleView.html?idxno=309252
149,"한국타이어, 포드 상용트럭에 신차용 타이어 공급",http://www.enewstoday.co.kr/news/articleView.html?idxno=406528
150,"한국타이어, 포드 상용트럭에 신차용 타이어 공급",http://www.enewstoday.co.kr/news/articleView.html?idxno=406528
151,"한국타이어, 포드 트럭에 타이어 공급…트럭타이어 시장서 '두각'",http://www.dailian.co.kr/news/view/518561/?sc=naver
152,"GM·포드, 반도체 공급난에 고수익 SUV·픽업트럭도 감산",https://biz.chosun.com/international/international_general/2021/09/03/MSTRS3KUJNFWDEWXVSD25ZU7LE/?utm_source=naver&utm_medium=original&utm_campaign=biz
153,콜로라도 정식 수입에 픽업트럭 중고차 시장도 ‘들썩’,http://www.sportsworldi.com/content/html/2019/09/22/20190922505704.html
154,"포드, F-150 생산체제 개편에 순익 타격",http://www.mt.co.kr/view/mtview.php?type=1&no=2015042821304527644&outlink=1
155,"포드, 소형차·하이브리드 차량 판매 감소로 직원 700명 감원",http://www.newsis.com/ar_detail/view.html?ar_id=NISX20150424_0013621243&cID=10104&pID=10100
156,"[CNBC] 잘 나가는 픽업트럭…""GM·포드 보유하라""",https://cnbc.sbs.co.kr/article_hub/10000736557?division=NAVER
157,혜인모터스 몸집불리기…포드 최대판매사 '선인' 위상 흔들?,http://sbscnbc.sbs.co.kr/read.jsp?pmArticleId=10000673532
158,"포드, 예상보다 일찍 CEO 교체 발표",http://news.mk.co.kr/news_forward.php?domain=news&no=683690&year=2014
159,"미국산 중고 픽업트럭, 가격은 얼마나 할까",http://www.etoday.co.kr/news/section/newsview.php?idxno=1801670
160,"한국타이어, 포드 픽업트럭 'F650·F750' OE 공급",http://news1.kr/articles/?2350982
161,"GM·포드, 반도체 공급난에 고수익 SUV·픽업트럭도 감산",https://biz.chosun.com/international/international_general/2021/09/03/MSTRS3KUJNFWDEWXVSD25ZU7LE/?utm_source=naver&utm_medium=original&utm_campaign=biz
162,콜로라도 정식 수입에 픽업트럭 중고차 시장도 ‘들썩’,http://www.sportsworldi.com/content/html/2019/09/22/20190922505704.html
163,"포드, F-150 생산체제 개편에 순익 타격",http://www.mt.co.kr/view/mtview.php?type=1&no=2015042821304527644&outlink=1
164,"포드, 소형차·하이브리드 차량 판매 감소로 직원 700명 감원",http://www.newsis.com/ar_detail/view.html?ar_id=NISX20150424_0013621243&cID=10104&pID=10100
165,"[CNBC] 잘 나가는 픽업트럭…""GM·포드 보유하라""",https://cnbc.sbs.co.kr/article_hub/10000736557?division=NAVER
166,혜인모터스 몸집불리기…포드 최대판매사 '선인' 위상 흔들?,http://sbscnbc.sbs.co.kr/read.jsp?pmArticleId=10000673532
167,"포드, 예상보다 일찍 CEO 교체 발표",http://news.mk.co.kr/news_forward.php?domain=news&no=683690&year=2014
168,"미국산 중고 픽업트럭, 가격은 얼마나 할까",http://www.etoday.co.kr/news/section/newsview.php?idxno=1801670
169,"한국타이어, BMW·포드 등 신규공급 3Q 실적 반등(상보)",http://news1.kr/articles/?2476700
170,"한국타이어, 포드 상용트럭에 신차용 타이어 공급",http://www.newsway.co.kr/view.php?tp=1&ud=2015072913104119730
171,"GM·포드, 반도체 공급난에 고수익 SUV·픽업트럭도 감산",https://biz.chosun.com/international/international_general/2021/09/03/MSTRS3KUJNFWDEWXVSD25ZU7LE/?utm_source=naver&utm_medium=original&utm_campaign=biz
172,콜로라도 정식 수입에 픽업트럭 중고차 시장도 ‘들썩’,http://www.sportsworldi.com/content/html/2019/09/22/20190922505704.html
173,"포드, F-150 생산체제 개편에 순익 타격",http://www.mt.co.kr/view/mtview.php?type=1&no=2015042821304527644&outlink=1
174,"포드, 소형차·하이브리드 차량 판매 감소로 직원 700명 감원",http://www.newsis.com/ar_detail/view.html?ar_id=NISX20150424_0013621243&cID=10104&pID=10100
175,"[CNBC] 잘 나가는 픽업트럭…""GM·포드 보유하라""",http://sbscnbc.sbs.co.kr/read.jsp?pmArticleId=10000736557
176,혜인모터스 몸집불리기…포드 최대판매사 '선인' 위상 흔들?,http://sbscnbc.sbs.co.kr/read.jsp?pmArticleId=10000673532
177,"포드, 예상보다 일찍 CEO 교체 발표",http://news.mk.co.kr/news_forward.php?domain=news&no=683690&year=2014
178,"미국산 중고 픽업트럭, 가격은 얼마나 할까",http://www.etoday.co.kr/news/section/newsview.php?idxno=1801670
179,"한국타이어, BMW·포드 등 신규공급 3Q 실적 반등(상보)",http://news1.kr/articles/?2476700
180,"GM·포드, 반도체 공급난에 고수익 SUV·픽업트럭도 감산",https://biz.chosun.com/international/international_general/2021/09/03/MSTRS3KUJNFWDEWXVSD25ZU7LE/?utm_source=naver&utm_medium=original&utm_campaign=biz
181,콜로라도 정식 수입에 픽업트럭 중고차 시장도 ‘들썩’,http://www.sportsworldi.com/content/html/2019/09/22/20190922505704.html
182,"포드, F-150 생산체제 개편에 순익 타격",http://www.mt.co.kr/view/mtview.php?type=1&no=2015042821304527644&outlink=1
183,"포드, 소형차·하이브리드 차량 판매 감소로 직원 700명 감원",http://www.newsis.com/ar_detail/view.html?ar_id=NISX20150424_0013621243&cID=10104&pID=10100
184,"한국타이어, 포드 중형트럭에 신차용 타이어 공급",http://biz.chosun.com/site/data/html_dir/2015/07/29/2015072901480.html
185,"[CNBC] 잘 나가는 픽업트럭…""GM·포드 보유하라""",https://cnbc.sbs.co.kr/article_hub/10000736557?division=NAVER
186,혜인모터스 몸집불리기…포드 최대판매사 '선인' 위상 흔들?,http://sbscnbc.sbs.co.kr/read.jsp?pmArticleId=10000673532
187,"포드, 예상보다 일찍 CEO 교체 발표",http://news.mk.co.kr/news_forward.php?domain=news&no=683690&year=2014
188,"미국산 중고 픽업트럭, 가격은 얼마나 할까",http://www.etoday.co.kr/news/section/newsview.php?idxno=1801670
189,"한국타이어, BMW·포드 등 신규공급 3Q 실적 반등(상보)",http://news1.kr/articles/?2476700
190,혜인모터스 몸집불리기…포드 최대판매사 '선인' 위상 흔들?,http://sbscnbc.sbs.co.kr/read.jsp?pmArticleId=10000673532
191,"포드, 예상보다 일찍 CEO 교체 발표",http://news.mk.co.kr/news_forward.php?domain=news&no=683690&year=2014
192,"미국산 중고 픽업트럭, 가격은 얼마나 할까",http://www.etoday.co.kr/news/section/newsview.php?idxno=1801670
193,"한국타이어, BMW·포드 등 신규공급 3Q 실적 반등(상보)",http://news1.kr/articles/?2476700
194,"리비안, 지난해 1015대 생산·920대 인도",https://www.theguru.co.kr/news/article.html?no=30173
195,"한국타이어, 포드F시리즈에 타이어 공급",http://news.mk.co.kr/news_forward.php?domain=news&no=727998&year=2015
196,포드도 지프도 '탄소제로'···시카고는 지금 전기차 大戰,https://www.sedaily.com/NewsView/22OX8TPQQ9
197,"포드 ""SK, 배터리 대량생산 능력 갖춰···협력 지속할 것""",https://www.sedaily.com/NewsView/22OX8RSK4U
198,"포드, 가족사진 속 '매버릭' 소형 픽업 맞네!",http://www.gpkorea.com/news/articleView.html?idxno=76861
199,"포드 트럭 100년, '모델TT'에서 'F150' 까지",http://autotimes.hankyung.com/apps/news.sub_view?popup=0&nid=01&c1=01&c2=01&c3=00&nkey=201709291659211
200,"로턴, 듀얼인젝션 차량 LPG튜닝시스템 선봬",http://www.e2news.com/news/articleView.html?idxno=215066
201,"크라이슬러·포드·혼다, 美서 리콜 실시",http://news.mk.co.kr/news_forward.php?no=731434&year=2010
202,콜로라도 수입으로 뜨거워진 픽업시장…국내서 구입 가능한 또 다른 수입 픽업트럭은?,http://news.heraldcorp.com/view.php?ud=20190920000710
203,요즘 눈길 가는 ‘수입 픽업트럭’…SK엔카닷컴 중고가는?,http://www.lawissue.co.kr/view.php?ud=20190920091315641867191f6c6e_12
204,"에코프로비엠, 가파른 성장속도 자랑…1분기 영업이익 130% 급증",http://www.epnc.co.kr/news/articleView.html?idxno=222798
205,"쌍용차, 픽업트럭 '텃밭' 지키기 위기…수입차 '확대'ㆍ정상화 '지연'",http://www.sporbiz.co.kr/news/articleView.html?idxno=604736
206,"실적 부진 포드, 주가도 3년 최저",http://www.edaily.co.kr/news/newspath.asp?newsid=01164406579819728
207,포드 2003년 실적전망 상향,https://news.naver.com/main/read.naver?mode=LSD&mid=sec&sid1=101&oid=018&aid=0000107992
208,"""바로 이거야""…'레트로' 품은 EV [궁금타]",http://www.wowtv.co.kr/NewsCenter/News/Read?articleId=A202112040017&t=NN
209,"'김준 시즌3' SK이노베이션, '그린 트랜스포메이션' 가속도",https://biz.newdaily.co.kr/site/data/html/2021/12/03/2021120300015.html
210,요즘 눈길가는 수입 픽업트럭…SK엔카닷컴 가격은?,http://www.asiatoday.co.kr/view.php?key=20190920010011159
211,"에코프로비엠, 가파른 성장속도 자랑…1분기 영업이익 130% 급증",http://www.epnc.co.kr/news/articleView.html?idxno=222798
212,"쌍용차, 픽업트럭 '텃밭' 지키기 위기…수입차 '확대'ㆍ정상화 '지연'",http://www.sporbiz.co.kr/news/articleView.html?idxno=604736
213,"실적 부진 포드, 주가도 3년 최저",http://www.edaily.co.kr/news/newspath.asp?newsid=01164406579819728
214,포드 2003년 실적전망 상향,https://news.naver.com/main/read.naver?mode=LSD&mid=sec&sid1=101&oid=018&aid=0000107992
215,"""바로 이거야""…'레트로' 품은 EV [궁금타]",http://www.wowtv.co.kr/NewsCenter/News/Read?articleId=A202112040017&t=NN
216,"'김준 시즌3' SK이노베이션, '그린 트랜스포메이션' 가속도",https://biz.newdaily.co.kr/site/data/html/2021/12/03/2021120300015.html
217,"동양기전 ""GM·DCX 이어 포드에도 車부품 직수출""",https://news.naver.com/main/read.naver?mode=LSD&mid=sec&sid1=101&oid=008&aid=0000434643
218,美서 고속질주 픽업트럭…국내 중고차 시장서도 ‘질주’,http://news.heraldcorp.com/view.php?ud=20190222000562
219,"美서 잘나가는 픽업트럭, 국내 중고차 시장서도 인기 급상승",http://www.autodaily.co.kr/news/articleView.html?idxno=407671
220,美서 고속질주 픽업트럭…국내 중고차 시장서도 ‘질주’,http://news.heraldcorp.com/view.php?ud=20190222000562
221,"美서 잘나가는 픽업트럭, 국내 중고차 시장서도 인기 급상승",http://www.autodaily.co.kr/news/articleView.html?idxno=407671
222,"포드, 6월 판매량 26.9%↓…시장 예상 하회",http://news.einfomax.co.kr/news/articleView.html?idxno=4155626
223,(운전의종말)①손도 눈도 자유로운 자율주행 '성큼'…2027년 하늘길도,http://www.newstomato.com/ReadNews.aspx?no=1083937&inflow=N
224,(영상)빨라진 자율주행 시계…로보택시 상용화 임박,http://www.newstomato.com/ReadNews.aspx?no=1084283&inflow=N
225,美 부품 공장 화재로 자동차 업체들 북미 생산 차질,http://www.fnnews.com/news/201805101008279695
226,[부산]수입사 못지않은 병행수입업체 'RV모터스' 주목,http://autotimes.hankyung.com/apps/news.sub_view?popup=0&nid=07&c1=07&c2=07&c3=00&nkey=201806110030021
227,‘레저 열풍’…미국산 픽업트럭 인기,http://news.khan.co.kr/kh_news/khan_art_view.html?artid=201804082203005&code=920508
228,"무려 15년 만에 풀체인지 된 이 차, 뭐가 얼마나 바뀌었길래?",http://www.autodaily.co.kr/news/articleView.html?idxno=429588
229,"포드 F-150 전기 픽업트럭, 사전 예약 4만4500건↑",http://www.digitaltoday.co.kr/news/articleView.html?idxno=403161
230,"포드 F-150 전기 픽업트럭, 사전 예약 4만4500건↑",http://www.digitaltoday.co.kr/news/articleView.html?idxno=403161
231,레저 바람 타고 '픽업 트럭' 잇단 출시 예고,http://news20.busan.com/controller/newsController.jsp?newsId=20180718000219
232,SK이노·포드 손잡았다…미국서 6조 투자 전기차 배터리 JV 설립,http://news.einfomax.co.kr/news/articleView.html?idxno=4148449
233,부품공장 화재로 美 자동차 업계 비상,http://www.fnnews.com/news/201805101723248774
234,"미국산 자동차, 한국시장 점유율 더 높일까",http://www.moneyweek.co.kr/news/mwView.php?type=1&no=2018041915558079101&outlink=1
235,"진화하는 자율주행차… 손은 떼도 되지만, 눈 떼기엔 아직…",https://www.chosun.com/economy/auto/2021/08/20/5CXYD2ICK5HUBHT4T6PQQZ56TY/?utm_source=naver&utm_medium=referral&utm_campaign=naver-news
236,바이든의 '친환경 압박'…美 연비기준 상향·전기차 본격 개발,http://www.mediapen.com/news/view/653014
237,"RV모터스 고성능 픽업트럭, 닛산 타이탄과 프론티어 국내판매 돌입",http://car.tvreport.co.kr/?c=news&m=newsview&idx=656717
238,"에코프로비엠, SK이노 포드향 대규모 수주할 듯…목표가↑ -유안타",http://www.edaily.co.kr/news/newspath.asp?newsid=01377606629114848
239,풀사이즈 픽업트럭 '2017년형 토요타 툰드라' 국내 판매,http://www.zdnet.co.kr/ArticleView.asp?artice_id=20170215091702
240,"“에코프로비엠, 삼상SDI에 이어 SK이노베이션 메인 양극재 벤더로 등극”",https://www.news2day.co.kr/article/20210715500263
241,[2016 디트로이트 모터쇼] 북미시장 놓고 벌이는 ‘트럭대전’,http://www.sisapress.com/news/articleView.html?idxno=73454
242,"제프리 포드코리아 사장, “SUV·픽업트럭으로 승부수..머스탱 마하-E 투입 계획!”",http://www.dailycar.co.kr/content/news.html?type=view&autoId=39271
243,"美 포드, 반도체 부족으로 북미 공장 6곳 '감산'",https://biz.chosun.com/site/data/html_dir/2021/04/01/2021040100460.html?utm_source=naver&utm_medium=original&utm_campaign=biz
244,[상반기 자동차] 韓美日 제패한 베스트셀링카는,http://www.newspim.com/news/view/20160725000071
245,"국내 픽업트럭 시장, 수성이냐 공세냐",http://www.fnnews.com/news/201607171716221225
246,"최태원, 美 배터리 투자 12조로 두배 늘린다",https://www.chosun.com/economy/economy_general/2021/09/27/2NMIGET7UFBSLF4GKHICGDNPOE/?utm_source=naver&utm_medium=referral&utm_campaign=naver-news
247,"""전기차에 올인""…포드, 2025년까지 미래차에 32조원 투자",https://www.hankyung.com/international/article/202102052914i
248,K배터리 차세대 기술 총출동…글로벌 미래 기술 이끈다,http://www.economytalk.kr/news/articleView.html?idxno=213591
249,[Style] 레저열풍이 연 픽업트럭 시대,http://www.fntimes.com/html/view.php?ud=202106051411193920dd55077bc2_18
250,"최태원, 美 배터리 투자 12조로 두배 늘린다",https://www.chosun.com/economy/economy_general/2021/09/27/2NMIGET7UFBSLF4GKHICGDNPOE/?utm_source=naver&utm_medium=referral&utm_campaign=naver-news
251,"""전기차에 올인""…포드, 2025년까지 미래차에 32조원 투자",https://www.hankyung.com/international/article/202102052914i
252,K배터리 차세대 기술 총출동…글로벌 미래 기술 이끈다,http://www.economytalk.kr/news/articleView.html?idxno=213591
253,[Style] 레저열풍이 연 픽업트럭 시대,http://www.fntimes.com/html/view.php?ud=202106051411193920dd55077bc2_18
254,'K-배터리' 효율·충전 편의·활용 3박자 갖춰,http://autotimes.hankyung.com/apps/news.sub_view?popup=0&nid=11&c1=11&c2=11&c3=00&nkey=202106091843381
255,"[공석환의 주식시황]""여행·극장·항공·연예주, 추격매수보다 조정 받을 때 분할 매수 추천""",http://kpenews.com/View.aspx?No=1638207
256,"'2015 NAIAS' 는 픽업·고성능·친환경…현대차 싼타크루즈, ‘소형 픽업’ 시대 열까",http://www.segye.com/content/html/2015/01/13/20150113004260.html?OutUrl=naver
257,"옐런, 또 다시 증세 압박...글로벌 증세 신호탄은 G7 회의?",http://www.ajunews.com/view/20210519103133836
258,건물에 전기 주는 전기차…‘V2G 세상’이 열린다,https://www.khan.co.kr/economy/auto/article/202203282228015
259,[글로벌 달리는 K배터리] 전세계 전기차 3대 중 1대는 ‘K-배터리’ 달고 달린다,http://www.fntimes.com/html/view.php?ud=202203262004562263dd55077bc2_18
260,[글로벌 달리는 K배터리] 전세계 전기차 3대 중 1대는 ‘K-배터리’ 달고 달린다,http://www.fntimes.com/html/view.php?ud=202203262004562263dd55077bc2_18
261,용도에 따라 각양각색…6대의 신기한 랜드로버,http://car.donga.com/3/all/20140303/61409358/3
262,용도에 따라 각양각색…6대의 신기한 랜드로버,http://car.donga.com/3/all/20140303/61409358/2
263,로즈타운 전기픽업트럭 인듀어런스 10만대 사전판매 기염,http://www.g-enews.com/ko-kr/news/article/news_all/2021022611431933199a1f309431_1/article.html
264,"GM 전동화 전략, 픽업트럭 부문으로 확대",http://www.digitaltoday.co.kr/news/articleView.html?idxno=270200
265,"'배터리 승소' LG에너지 ""진정성 보여라"" 압박…SK이노 ""안전성·고객권익"" 강조",http://www.viva100.com/main/view.php?key=20210211010003068
266,"[인터배터리 2022] SK온, 창사 후 첫 전시 행보...'안전한 배터리'와 '미래비전' 제시",http://www.paxetv.com/news/articleView.html?idxno=140314
267,상남자의 차? 요모조모 쓸모 많은 살림꾼!,http://www.hani.co.kr/arti/specialsection/esc_section/627966.html
268,30만대 중 뽑힌 ‘중고차 톱10’에서 최고의 車는?,http://car.donga.com/3/all/20140128/60463288/2
269,'전기차 모터쇼' 된 배터리展…LG·SK·삼성 '꿈의 기술' 대격돌,https://www.hankyung.com/economy/article/2022031728591
270,네바퀴 달린 모바일카,http://biz.heraldcorp.com/view.php?ud=20140124000166
271,美 중고차 보상 정책 취지 '무색',https://news.naver.com/main/read.naver?mode=LSD&mid=sec&sid1=101&oid=001&aid=0002958568
272,"LG-SK, 3년간 이어진 배터리 싸움에 웃는 왕서방",http://biz.newdaily.co.kr/site/data/html/2021/02/15/2021021500078.html
273,"SK, LG와 조기 합의할까?… 바이든 ‘거부권’ 여부도 관심",http://news.kmib.co.kr/article/view.asp?arcid=0924178348&code=11151400&cp=nv
274,폭스바겐 “美 정부에 SK 배터리 수입 유예기간 4년 연장 요청”,http://www.newsway.co.kr/news/view?tp=1&ud=2021021315234708768
275,LG 승소한 ‘배터리 전쟁’ 막전막후 3년 스토리,https://www.donga.com/news/article/all/20210212/105392395/1
276,“SK 협상 태도에 달렸다” 본격 압박 나선 LG에너지솔루션,http://www.newsway.co.kr/news/view?tp=1&ud=2021021116334308131
277,"美 ITC, ‘배터리 전쟁’ LG 손들어줘…유예기간은 둬",https://www.donga.com/news/article/all/20210211/105382869/1
278,"배터리 소송 패배 SK, 3조 투자 美 조지아공장 어찌되나",http://www.electimes.com/article.php?aid=1613010748212464002
279,"한·미 ‘전기차 동맹’…픽업트럭, K-심장 달다",https://news.joins.com/article/olink/23709197
280,"배터리 소송 패배 SK, 3조 투자 美 조지아공장 어찌되나",http://www.electimes.com/article.php?aid=1613010748212464002
281,"한·미 ‘전기차 동맹’…픽업트럭, K-심장 달다",https://news.joins.com/article/olink/23709197
282,"LG에너지 손 들어준 美 ITC, SK이노는 “남은 절차 통해 바로잡을 것...”",http://www.hellot.net/new_hellot/magazine/magazine_read.html?code=203&sub=004&idx=56637
283,"美 조지아 주지사, 바이든에 “LG-SK 배터리 소송 결과 뒤집어달라”",http://www.newsway.co.kr/news/view?tp=1&ud=2021021309572068923
284,"LG에너지솔루션 ""협상 금액, SK 태도에 달려 있다""",https://biz.chosun.com/site/data/html_dir/2021/02/11/2021021100720.html?utm_source=naver&utm_medium=original&utm_campaign=biz
285,"LG에너지 ""SK이노, ITC 결정 받아들이고 부합하는 제안하라""…SK이노 ""아쉽다""",https://www.asiatoday.co.kr/view.php?key=20210211010007212
286,"LG에너지솔루션 ""SK와 합의 진전 기대… 진정성 있는 자세로 협상해야""",http://biz.newdaily.co.kr/site/data/html/2021/02/11/2021021100014.html
287,"美 ITC, SK배터리 `10년 수입금지` 최종결정…합의 데드라인 60일 남았다",http://www.dt.co.kr/contents.html?article_no=2021021102109932781003&ref=naver
288,"美 ITC '배터리 소송'서 LG 손 들어줘…""SK, 10년 수입 금지""",http://www.upinews.kr/newsView/upi202102110003
289,美서 품질 우수한 차 TOP10…현대차 에쿠스 4위,http://mbn.mk.co.kr/pages/news/newsView.php?category=mbn00013&news_seq_no=1085191
290,美서 품질 우수한 차 TOP10…현대차 에쿠스 4위,http://www.fnnews.com/view?ra=Sent0601m_01A&corp=fnnews&arcid=11071710115510&cDateYear=2011&cDateMonth=07&cDateDay=17&
291,2020년 캐나다에서 가장 많이 도난된 차량은?,https://www.asiatoday.co.kr/view.php?key=20201203010001882
292,세계 전기차 판매 2배 급증…대중화 시작됐다,https://www.hankyung.com/economy/article/2022020874801
293,"한국타이어, 포드 상용트럭에 신차용 타이어 공급",http://www.metroseoul.co.kr/news/newsview?newscd=2015072900236
294,"[하이빔]제무시의 추억, GMC 씨에라의 한국 도입",http://autotimes.hankyung.com/apps/news.sub_view?popup=0&nid=01&c1=01&c2=01&c3=00&nkey=202202072251161
295,"테슬라, 고속 주행 중 갑자기 '급제동' 민원 잇따라…美당국 조사 착수",https://view.asiae.co.kr/article/2022020313402214710
296,"‘2022년, 이 전기차 나오면 꼭 산다! 국내에 등장하면 좋을 전기차 신차 올 가이드",https://www.motortrendkorea.com/sub/view.html?no=6338&cate1Name=WHICHCAR
297,"""15살 노숙 생활하던 날 도왔다"" 더락 '드웨인 존슨'은 십대 때 자신을 도운 은인을 기억하고 잊지 못할 깜짝 선물을 전달했다 (영상)",https://www.huffingtonpost.kr/entry/the-rock-dwayne-johnson-friendship_kr_61d62f8fe4b061afe3ae7c51?utm_id=naver
298,"SK텔레콤, 국내 최초 개발 AI반도체 ‘사피온’ 선보인다",https://www.khan.co.kr/economy/industry-trade/article/202201022145035
299,"SK이노, CES서 전기차 배터리 등 친환경 혁신기술 공개",https://www.khan.co.kr/economy/industry-trade/article/202201021625001
300,"SK이노, CES서 전기차 배터리 등 친환경 혁신기술 공개",https://www.khan.co.kr/economy/industry-trade/article/202201021625001
301,티앤비모터스의 ‘포드 F-150 Raptor’ 국내 상륙,http://www.wowtv.co.kr/NewsCenter/News/Read?articleId=A202011090268&t=NN
302,"‘티앤비모터스(TnB Motors)’ 포드 F-150 Raptor 국내 상륙, 판매 본격화 시작",http://www.sportsseoul.com/news/read/978833?ref=naver
303,달아오르는 픽업트럭 시장… 병행수입 美 픽업 관심 ↑,http://www.sisaweek.com/news/articleView.html?idxno=137858
304,[구상 칼럼] 아방가르드한 디자인 감각..테슬라 사이버트럭,http://www.dailycar.co.kr/content/news.html?type=view&autoId=37581
305,"[뉴욕 실적] ""북미 車판매 호조"" 포드 순익 6배 ↑",https://www.hankyung.com/finance/article/202010291069i
306,"GM, 미시간주 전기트럭 허브 추진…LG엔솔, 추가 투자설 ‘솔솔’",https://www.ddaily.co.kr/news/article.html?no=227259
307,4월 26일 미국증시 마감시황...금리하락에 기술주 반등,https://www.wowtv.co.kr/NewsCenter/News/Read?articleId=A202204260012&t=NNv
308,"테슬라 사이버 트럭, ‘미래’와 만나다",https://magazine.hankyung.com/money/article/2020080300183036602
309,"SK온 ‘NCM9 배터리’, CES 2022 혁신상 2관왕… 최고 수준 기술력·안전성 인정",https://www.donga.com/news/article/all/20211111/110203500/1
310,LG·SK '배터리 전쟁' 전선 확대…美주정부·車업계 갈등으로 번져,https://www.theguru.co.kr/news/article.html?no=12643
311,전기차 승부수 띄운 현대차·기아…아이오닉7·EV9 '쌍두마차' 출격,http://www.newstomato.com/ReadNews.aspx?no=1088198&inflow=N
312,"전기차 스타트업 리비안, 뉴욕상장 준비…조달목표 10조",https://www.news1.kr/articles/?4479750
313,제2의 테슬라를 자신하는 전기차 업체가 있다는데...,http://www.dailycar.co.kr/content/news.html?type=view&autoId=36785
314,출근 전 3시간이 인생 좌우한다? 성공한 CEO의 9가지 루틴,https://ilyo.co.kr/?ac=article_view&entry_id=416276
315,`콜로라도ㆍ글래디에이터` 미국산 픽업 전성시대…포드 '레인저'도 국내경쟁 합류,http://www.gpkorea.com/news/articleView.html?idxno=67433
316,최고의 카시트를 장착한 자동차 1위는?,http://www.thedrive.co.kr/news/newsview.php?ncode=1065592748444577
317,"렌터카 업체 허츠, 테슬라 전기차 10만대 주문 [글로벌 이슈]",https://www.wowtv.co.kr/NewsCenter/News/Read?articleId=A202110260020&t=NNv
318,"美자동차 빅3-전미車노조, 코로나19 대응 ‘맞손’",http://www.etoday.co.kr/news/section/newsview.php?idxno=1871683
319,급성장세 전기차 '500만대 시대' 열리나…변수는 반도체,https://www.hankyung.com/economy/article/202109065145g
320,"에코프로비엠, 6% 급등...시가총액 '10조클럽' 가입 할까?",http://www.g-enews.com/ko-kr/news/article/news_all/20210914103555515edf69f862c_1/article.html
321,"에코프로비엠, 시가총액 9조 원 '돌파'...5거래일 연속 상승 이어가",http://www.g-enews.com/ko-kr/news/article/news_all/202109131304524970edf69f862c_1/article.html
322,‘007’ 영화에서 따온 테슬라 전기 픽업트럭,http://www.hani.co.kr/arti/science/technology/918113.html
323,"""에코프로비엠, SK이노 메인 벤더 등극... 추가 장기 공급 가능성↑"" - 유안타증권",http://www.newspim.com/news/view/20210910000099
324,에코프로비엠 주가 날라가네... 10조대 공급계약 매수심리에 불질러,http://www.pinpointnews.co.kr/view.php?ud=202109101007192171861beb2d9d_45
325,"에코프로비엠, 대규모 공급 계약 호재 이어지며 주가 '급등'...시가총액 8조 원 '돌파'",http://www.g-enews.com/ko-kr/news/article/news_all/202109100939054816edf69f862c_1/article.html
326,美 산업계로 번진 LG·SK 소송 ···폭스바겐·포드·GM도 생산 차질,https://www.sedaily.com/NewsView/1Z5EI6Z0UU
327,"모델, 디자이너, 레슬링 선수, 프로그래머부터 교사와 학생까지 2020 위시 리스트",http://www.esquirekorea.co.kr/article/43843
328,‘거친 매력’ 픽업트럭 경쟁 불붙는다,http://www.munhwa.com/news/view.html?no=2019120301032703325001
329,"[종목속으로]에코프로비엠, 2차전지 강세에 가속페달",https://view.asiae.co.kr/article/2021072011305275813
330,"에코프로비엠, 대규모 공급 계약 호재 이어지며 주가 '급등'...시가총액 8조 원 '돌파'",http://www.g-enews.com/ko-kr/news/article/news_all/202109100939054816edf69f862c_1/article.html
331,"""에코프로비엠, SK이노 수주로 중장기 성장 확보…목표가↑""",https://www.asiatoday.co.kr/view.php?key=20210910010005747
332,美 산업계로 번진 LG·SK 소송 ···폭스바겐·포드·GM도 생산 차질,https://www.sedaily.com/NewsView/1Z5EI6Z0UU
333,"모델, 디자이너, 레슬링 선수, 프로그래머부터 교사와 학생까지 2020 위시 리스트",http://www.esquirekorea.co.kr/article/43843
334,‘거친 매력’ 픽업트럭 경쟁 불붙는다,http://www.munhwa.com/news/view.html?no=2019120301032703325001
335,"[종목속으로]에코프로비엠, 2차전지 강세에 가속페달",https://view.asiae.co.kr/article/2021072011305275813
336,"로턴, '2019년 오토살롱위크'서 LPG차 홍보",http://www.gasnews.com/news/articleView.html?idxno=88738
337,"유안타證, 에코프로비엠 목표가 56% 상향…""포드향 매출 본격화""",https://www.iloveorganic.co.kr/news/articleView.html?idxno=327948
338,"에코프로비엠, CAM5 양극재 일괄 생산체계 구축 따른 3분기 최대 실적 전망",https://www.etoday.co.kr/news/view/2044630
339,픽업트럭 국내 중고차 시장서 인기↑,http://www.kookje.co.kr/news2011/asp/newsbody.asp?code=0200&key=20190224.99099007297
340,"에코프로비엠, CAM5 양극재 일괄 생산체계 구축 따른 3분기 최대 실적 전망",https://www.etoday.co.kr/news/view/2044630
341,"유안타證 “에코프로비엠, 실적 추정치 대폭 상향…목표가↑”",http://www.sentv.co.kr/news/view/597981
342,픽업트럭 국내 중고차 시장서 인기↑,http://www.kookje.co.kr/news2011/asp/newsbody.asp?code=0200&key=20190224.99099007297
343,"SK엔카닷컴 ""미국서 인기많은 픽업트럭, 국내 중고차 시장서도 인기""",http://www.kukinews.com/news/article.html?no=634709
344,"""미국서 펄펄나는 픽업트럭 국내 중고차시장서도 인기""",http://www.asiatime.co.kr/news/articleView.html?idxno=230019
345,"[오늘, 외쿡신문] 유럽 ""위험한 AI 기술은 퇴출!""",https://byline.network/?p=9004111222453577
346,"[북미모터쇼]포드, 대형 픽업 '거인' F150",http://www.moneytoday.co.kr/view/mtview.php?type=1&no=2008011416265261326&outlink=1
347,"SK이노베이션, 국내 최대 배터리 전시회 ‘인터배터리’ 참가…“배터리 시장 선도”",http://thepublic.kr/news/newsview.php?ncode=1065590903345194
348,"시총 1조위안 돌파한 CATL, 지금 사도 될까요? [강현우의 차이나스톡]",https://www.hankyung.com/finance/article/202106045937i
349,"문재인 4대그룹 총수 청와대 초청해 오찬, “한미정상회담 큰 힘 됐다""",https://www.businesspost.co.kr/BP?command=article_view&num=234392
350,"SK엔카닷컴 ""미국서 펄펄 나는 픽업트럭, 국내 중고차 시장서도 인기 많다""",https://www.insight.co.kr/news/212444
351,"[오늘, 외쿡신문] 유럽 ""위험한 AI 기술은 퇴출!""",https://byline.network/?p=9004111222453577
352,"[북미모터쇼]포드, 대형 픽업 '거인' F150",http://www.moneytoday.co.kr/view/mtview.php?type=1&no=2008011416265261326&outlink=1
353,"SK이노베이션, 국내 최대 배터리 전시회 ‘인터배터리’ 참가…“배터리 시장 선도”",http://thepublic.kr/news/newsview.php?ncode=1065590903345194
354,"시총 1조위안 돌파한 CATL, 지금 사도 될까요? [강현우의 차이나스톡]",https://www.hankyung.com/finance/article/202106045937i
355,"문재인 4대그룹 총수 청와대 초청해 오찬, “한미정상회담 큰 힘 됐다""",https://www.businesspost.co.kr/BP?command=article_view&num=234392
356,[조재환의 카테크] 2022년에는 어떤 전기차가 나올까,http://www.fortunekorea.co.kr/news/articleView.html?idxno=13820
357,슈퍼카처럼 질주하는 전기차… “실물 보니 가슴 두근”,http://www.munhwa.com/news/view.html?no=2021061401032603353001
358,"문 대통령, 미국 조지아주 SK이노베이션 전기차 배터리공장 방문",http://www.straightnews.co.kr/news/articleView.html?idxno=106540
359,LG·삼성·SK 배터리 매출 비중 급성장…기술 패권 경쟁 '치열',http://www.economytalk.kr/news/articleView.html?idxno=213174
360,"문 대통령, 미국 조지아주 SK이노베이션 전기차 배터리공장 방문",http://www.straightnews.co.kr/news/articleView.html?idxno=106540
361,LG·삼성·SK 배터리 매출 비중 급성장…기술 패권 경쟁 '치열',http://www.economytalk.kr/news/articleView.html?idxno=213174
362,[인터배터리 2021] K-배터리 차세대 기술 경연 '후끈',http://www.etnews.com/20210609000134
363,"[인터배터리 2021] 최신 배터리 총집합...3사 CEO, 타사 부스 찾아 “기술 발전 놀라워”",http://www.ajunews.com/view/20210609140259220
364,"""배터리 산업 혁신 기술 한자리에""...‘인터배터리’ 개막",http://www.youthdaily.co.kr/news/article.html?no=73490
365,'K-배터리' 최고 기술력 선뵌다…인터배터리 내일 개막,http://www.edaily.co.kr/news/newspath.asp?newsid=01977846629079752
366,"“혁신 기술 개발 지속, 배터리 시장 선도”...SK이노, 배터리 산업 전시회 ‘인터배터리’ 참가",http://www.youthdaily.co.kr/news/article.html?no=73321
367,"미국 내 연간 90만대 판매 베스트 셀링카, 오프로드의 강자 티앤비모터스 ‘F-150’",http://news.kmib.co.kr/article/view.asp?arcid=0012978621&code=61172011&cp=nv
368,"문 대통령, 4대 그룹 대표 초청해 “한미정상회담에서 큰 힘 … 적극 나서 달라” 당부",http://www.cnbnews.com/news/article.html?no=494631
369,"""우리 최회장님"" 기업인 추켜세운 文대통령",http://news.mk.co.kr/newsRead.php?no=533934&year=2021
370,"미국 내 연간 90만대 판매 베스트 셀링카, 오프로드의 강자 티앤비모터스 ‘F-150’",http://news.kmib.co.kr/article/view.asp?arcid=0012978621&code=61172011&cp=nv
371,"문 대통령, 4대 그룹 대표 초청해 “한미정상회담에서 큰 힘 … 적극 나서 달라” 당부",http://www.cnbnews.com/news/article.html?no=494631
372,"""우리 최회장님"" 기업인 추켜세운 文대통령",http://news.mk.co.kr/newsRead.php?no=533934&year=2021
373,[단독] '사기꾼 저격수'와 'SNS 재벌'이 벌이는 '5억짜리 슈퍼카' 송사 풀스토리,http://ilyo.co.kr/?ac=article_view&entry_id=330713
374,조금씩 형성되기 시작한 국내 ‘클래식 카’ 시장,http://magazine.hankyung.com/business/apps/news?popup=0&nid=01&c1=1003&nkey=2019042901222000311&mode=sub_view
375,"‘판문점선언’에 '미사일주권'까지…공고한 한미동맹, 경제동맹으로 진화",http://www.edaily.co.kr/news/newspath.asp?newsid=01082406629052200
376,"[포토] 문 대통령, ""여러분은 세계를 탄소경제로 전환시켜 주는 주역""...SK 전기차 배터리공장 방문",http://www.onews.tv/news/articleView.html?idxno=73448
377,[재택플러스] 차박 유행인데 쌍용차 회생 가능할까?,https://imnews.imbc.com/replay/2021/nwtoday/article/6184497_34943.html
378,"트럼프, 무역전쟁 광풍 속 백악관서 '메이드 인 USA' 행사",http://www.newsis.com/view/?id=NISX20180723_0000370931&cID=10101&pID=10100
379,"트럼프 차관세 강행시 대당 1천달러 인상, 연 20만명 감원",http://www.radiokorea.com/news/article.php?uid=292300
380,"트럼프 차관세 강행시 대당 1천달러 인상, 연 20만명 감원",http://www.radiokorea.com/news/article.php?uid=292300
381,K-배터리 3사의 투자 계획으로 보는 미래 전망,http://www.newstomato.com/ReadNews.aspx?no=1038253&inflow=N
382,"SK이노, ITC에 구제명령 유예 청원…""美 배터리 공장 포기할 수도""",http://biz.newdaily.co.kr/site/data/html/2021/03/28/2021032800021.html
383,새로운 ‘포드 F-150’ 디지털로 바뀐 내부 최초 유출,http://www.thedrive.co.kr/news/newsview.php?ncode=1065580589917118
384,"[취재파일] LGES-SKI, 2조 원 배터리 합의의 이면…""이제라도 외양간 고치자""",https://news.sbs.co.kr/news/endPage.do?news_id=N1006281087&plink=ORI&cooper=NAVER
385,‘어떻게 쌓았지’ 집채만 한 이삿짐 싣고 달리는 위험천만 멕시코 자가용,https://nownews.seoul.co.kr/news/newsView.php?id=20210414601015&wlog_tag3=naver
386,"한국지엠, 쌍용차 독주 픽업트럭 시장 판 깰까?…""쉽지 않을 것""",http://www.asiatime.co.kr/news/articleView.html?idxno=183007
387,LG 배터리 '약한 고리' 미국 공장…'지원금 상환' 상처 덮고 증설로 이어질까,http://www.insightkorea.co.kr/news/articleView.html?idxno=87813
388,"LG-SK 주총까지 번진 배터리 싸움… ""합당한 배상"" vs ""수용 불가""",http://biz.newdaily.co.kr/site/data/html/2021/03/26/2021032600224.html
389,우려했던 자동차도 선방…통상분쟁 불확실성 제거,http://www.newstomato.com/ReadNews.aspx?no=848576
390,LG-SK 배터리 합의과정서 주목받는 SKIET는 어떤 회사?,http://www.electimes.com/article.php?aid=1613349849212502002
391,[여헌우의 車스토리] 쌍용차 독주 ‘픽업트럭’ 진검승부 이제부터,http://www.ekn.kr/news/article.html?no=383707
392,"긴긴 연휴 끝 선택의 시간...SK이노, 더 살까 던질까",http://www.ajunews.com/view/20210214104044935
393,"LG에 패소한 SK배터리, 2조원 합의금 격차 조율하나",http://www.dizzotv.com/site/data/html_dir/2021/02/15/2021021580096.html
394,LG‧SK '배터리 전쟁' 향방은?…합의 가능성 있지만 추가 소송 등 변수 존재,http://www.bizwnews.com/news/articleView.html?idxno=23183
395,"배터리 소송 이긴 LG ""협상은 SK 태도에 달려""",http://www.dt.co.kr/contents.html?article_no=2021021102109932781004&ref=naver
396,(LG-SK 판결 입장) LG “판결 부합하는 제안해라”…SK “유감 표명”,http://www.electimes.com/article.php?aid=1613006226212463121
397,[종합] '배터리 전쟁' 1라운드는 LG에너지 승리…SK이노 10년간 美 수입금지,http://www.viva100.com/main/view.php?key=20210211010003037
398,"천문학적 손해 위기 SK이노베이션, LG와 60일 내 합의할까(종합)",https://www.news1.kr/articles/?4209937
399,"""떡국이 안 넘어가요""...SK이노 패소에 셈법 복잡해진 개미들",http://www.ajunews.com/view/20210211122546405
400,LG-SK 배터리 3년 공방 일단락 바이든 거부권 '변수',http://biz.newdaily.co.kr/site/data/html/2021/02/11/2021021100007.html
401,"LG에너지솔루션, ITC 영업비밀 침해 소송 최종 승소",http://www.lcnews.co.kr/news/articleView.html?idxno=13041
402,"""떡국이 안 넘어가요""...SK이노 패소에 셈법 복잡해진 개미들",http://www.ajunews.com/view/20210211122546405
403,"LG에너지솔루션, 배터리 소송 승소…美 ITC ""SK 배터리 10년 수입 금지""",http://www.etnews.com/20210211000001
404,"‘무한도전’ 하하, “이런 큰 차에서 내리면 사람들이 웃는다”",http://www.g-enews.com/ko-kr/news/article/news_all/201708262003382546dc27ddea51_1/article.html
405,"LG·SK 배터리 영업비밀 소송, 11일 최종판결",http://www.fntimes.com/html/view.php?ud=2021021016050352967de3572ddd_18
406,美ITC 결정문 나오자 반박에 재반박…쟁점은 '협상금',https://www.nocutnews.co.kr/news/5511196
407,美 교통부 부장관 지명자 “LG·SK ‘배터리 분쟁’ ITC 판정 영향 분석”,http://www.newsway.co.kr/news/view?tp=1&ud=2021030408494420034
408,‘바이든 거부권 행사’ 마지막 변수…SK 승부수 통할까,http://www.newsway.co.kr/news/view?tp=1&ud=2021030314423317156
409,해외시장에서 인기 끄는 SUV…차에서 시리 부르고 예약 시동도 가능…새로운 기능 볼까,http://www.idaegu.com?c=5&uid=387410
410,‘바이든 거부권 행사’ 마지막 변수…SK 승부수 통할까,http://www.newsway.co.kr/news/view?tp=1&ud=2021030314423317156
411,해외시장에서 인기 끄는 SUV…차에서 시리 부르고 예약 시동도 가능…새로운 기능 볼까,http://www.idaegu.com?c=5&uid=387410
412,"SK이노, 美 백악관에 ‘배터리 분쟁’ 개입 요청",http://www.newsway.co.kr/news/view?tp=1&ud=2021030207543007325
413,"SK이노베이션, 美 백악관에 'ITC 판결 거부권' 요청",http://biz.newdaily.co.kr/site/data/html/2021/03/02/2021030200041.html
414,"포스트 SUV 주인공은 ""나야, 나""…픽업트럭의 존재감",http://www.sporbiz.co.kr/news/articleView.html?idxno=122943
415,미국은 왜 '철강관세' 면제 대가로 '픽업트럭' 고집할까,http://www.sisajournal.com/article/174476
416,"'LG VS SK' 배터리 소송 ""모두가 패자""… 화해, 상생 위한 중간지대 찾아야",http://biz.newdaily.co.kr/site/data/html/2021/02/17/2021021700053.html
417,"'싸움꾼' LG에너지솔루션, 전투본능 번득인다",https://www.econovill.com/news/articleView.html?idxno=519924
418,"이긴 LG 진 SK, '합의 카드' 맞춰질까",http://news.bizwatch.co.kr/article/industry/2021/02/15/0004
419,"'LG vs SK' 2차 전지 분쟁, 미 ITC 최종 결정문 전문",http://www.legaltimes.co.kr/news/articleView.html?idxno=58503
420,"LG와 SK 배터리 전쟁, 수습 국면 접어드나",https://www.econovill.com/news/articleView.html?idxno=519501
421,"수입차 직구 브랜드 디파츠, 손쉬운 통관인증과 믿을 만한 금융으로 대형SUV 시장 확대",http://www.koreadaily.com/news/read.asp?art_id=6208031
422,"[배터리 소송 승리 LG] “SK, 영업비밀 침해 인정해야 협상 진전”",http://kpenews.com/View.aspx?No=1465257
423,"LG에너지솔루션 ""ITC 결정 환영…SK이노, 납득할 만한 합의안 내놓아야 마무리""",https://www.etoday.co.kr/news/view/1994210
424,"LG에너지솔루션, ITC 영업비밀 침해 소송 최종 승소",http://www.gokorea.kr/699028
425,"LG-SK, 영업비밀 침해 소송은 일단락…특허침해 소송 향방은?",https://www.etoday.co.kr/news/view/1994222
426,"LG-SK 배터리 분쟁서 승기 잡은 LG…SK이노베이션 ""ITC 결정 유감...남은 절차에 적극 대응""",http://www.worktoday.co.kr/news/articleView.html?idxno=13491
427,대세 아이돌 ‘워너원’이 선택한 차는?…픽업트럭 쉐보레 ‘실버라도’,http://www.g-enews.com/ko-kr/news/article/news_all/201708161751323411dc27ddea51_1/article.html
428,[데일리픽] 새해 출시할 신형 전기차는? 비트코인 3800만원 시대,http://www.digitaltoday.co.kr/news/articleView.html?idxno=258719
429,"`올해 수입차 3위' 콜로라도, 국내도 '픽업트럭' 통했다...지프·포드 출시 계획",http://www.gpkorea.com/news/articleView.html?idxno=63389
430,"LG에너지솔루션, ITC 영업비밀 침해 소송 최종 승소",https://weekly.hankooki.com/lpage/economy/202102/wk20210211085906146390.htm?s_ref=nv
431,"[K배터리 내전] LG ""SK는 즉각 소송 마무리하라""",https://www.econovill.com/news/articleView.html?idxno=519214
432,"LG-SK, 영업비밀 침해 소송은 일단락…특허침해 소송 향방은?",https://www.etoday.co.kr/news/view/1994222
433,"LG-SK 배터리 분쟁서 승기 잡은 LG…SK이노베이션 ""ITC 결정 유감...남은 절차에 적극 대응""",http://www.worktoday.co.kr/news/articleView.html?idxno=13491
434,대세 아이돌 ‘워너원’이 선택한 차는?…픽업트럭 쉐보레 ‘실버라도’,http://www.g-enews.com/ko-kr/news/article/news_all/201708161751323411dc27ddea51_1/article.html
435,[데일리픽] 새해 출시할 신형 전기차는? 비트코인 3800만원 시대,http://www.digitaltoday.co.kr/news/articleView.html?idxno=258719
436,"`올해 수입차 3위' 콜로라도, 국내도 '픽업트럭' 통했다...지프·포드 출시 계획",http://www.gpkorea.com/news/articleView.html?idxno=63389
437,2021년 새해 출시할 신형 전기차는 어떤 모델?,http://www.digitaltoday.co.kr/news/articleView.html?idxno=258684
438,[아듀2020/모빌리티] 코로나 팬데믹에 '공유→소유' 유턴...자율주행 경쟁 본격화,http://www.digitaltoday.co.kr/news/articleView.html?idxno=257780
439,"GV80·G80·아반떼, '북미 올해의 차' 최종후보에…디펜더·머스탱 마하E 등과 경쟁",http://www.fntimes.com/html/view.php?ud=2020121814393624827de3572ddd_18
440,2021년 새해 출시할 신형 전기차는 어떤 모델?,http://www.digitaltoday.co.kr/news/articleView.html?idxno=258684
441,[아듀2020/모빌리티] 코로나 팬데믹에 '공유→소유' 유턴...자율주행 경쟁 본격화,http://www.digitaltoday.co.kr/news/articleView.html?idxno=257780
442,"GV80·G80·아반떼, '북미 올해의 차' 최종후보에…디펜더·머스탱 마하E 등과 경쟁",http://www.fntimes.com/html/view.php?ud=2020121814393624827de3572ddd_18
443,"[글로벌-Biz 24] ""누가 내 애마를""…한 달 새 스포티지 두 번 도난당한 남자",http://www.g-enews.com/ko-kr/news/article/news_all/20201218150518354883a046ffa0_1/article.html
444,[테마기획]프로야구 스타들의 애마는? SUV 강세-슈퍼카도,http://sports.chosun.com/news/ntype.htm?id=201606210100161660011234&servicedate=20160620
445,"포드 F시리즈, 43년 연속 美 픽업트럭 판매 1위",http://news.mk.co.kr/newsRead.php?no=32856&year=2020
446,"아메리칸 퍼스트, 미국 빅3 계산법은?",http://autotimes.hankyung.com/apps/news.sub_view?popup=0&nid=03&c1=03&c2=03&c3=00&nkey=201701281145431
447,10원 동전 크기로 10t 무게 견디네…포스코 '기가 막히게 가벼운 스틸',http://www.hankyung.com/news/app/newsview.php?aid=2017032986281
448,"10단 변속기 탑재한 F-150, 6,490만원부터",http://autotimes.hankyung.com/apps/news.sub_view?popup=0&nid=02&c1=02&c2=02&c3=00&nkey=201703221020331
449,[2015 디트로이트 모토쇼] 성능 높이고 고급스럽게.. 美 자동차업계 최대 화두,http://www.fnnews.com/news/201501121815064022
450,[2015 디트로이트 모토쇼] 성능 높이고 고급스럽게.. 美 자동차업계 최대 화두,http://www.fnnews.com/news/201501121815064022
451,[글로벌-Biz 24] 테슬라 사이버트럭 디자인 일부 변경된다,http://www.g-enews.com/ko-kr/news/article/news_all/2020110310535025949a1f309431_1/article.html
452,트럼프 시대‥미국 최대 디트로이트 모터쇼에 무슨 일이?,http://www.mt.co.kr/view/mtview.php?type=1&no=2017011211160046962&outlink=1
453,고성능 픽업트럭 FCA '램 레블' 국내 상륙,http://www.zdnet.co.kr/ArticleView.asp?artice_id=20161207102224
454,"직업의 세계 / 자동차 디자이너 | 자동차에 선과 색, 감성을 불어넣다",http://topclass.chosun.com/board/view.asp?catecode=L&tnu=201611100029
455,"권오준 회장 ""올해 순익 2조 목표…구조조정 가속화""(종합)",http://view.asiae.co.kr/news/view.htm?idxno=2015020517304534117
456,"권오준 포스코 회장 ""자동차강판 지속적 우위 점할 것""(7보)",http://view.asiae.co.kr/news/view.htm?idxno=2015020516550698577
457,"알루미늄, 원자재 불황 속 볕드나",http://view.asiae.co.kr/news/view.htm?idxno=2015011514030842139
458,"티몬, 수입차 온라인 할인 판매 논란",http://www.fnnews.com/news/201608102156319626
459,"자동차, 조립하지 않고 접착해 만든다",http://view.asiae.co.kr/news/view.htm?idxno=2014091810020987979
460,"자동차, 조립하지 않고 접착해 만든다",http://view.asiae.co.kr/news/view.htm?idxno=2014091810020987979
461,"픽업트럭 후끈' 로턴 LPG시스템, 큰 차 열풍에 합류",http://www.todayenergy.kr/news/articleView.html?idxno=228702
462,"[더벨]핸즈코퍼레이션, 이노메트리 공동 인수자로 힘보탠다",http://www.thebell.co.kr/front/free/contents/news/article_view.asp?key=202009150102389270105296
463,"[로컬 단신 브리핑]온라인 수업 출석률, 대면 수업보다 저조 외",http://www.koreadaily.com/news/read.asp?art_id=8655564
464,"㈜로, 콜로라도 가솔린·LPG바이퓨얼시스템 개발",http://www.gasnews.com/news/articleView.html?idxno=92849
465,"로턴, 쉐보레 콜로라도에 LPG 기체 인젝션 타입 적용 성공",https://zdnet.co.kr/view/?no=20200913090313
466,"한국타이어, '2016 링컨 MKX'에 신차용 타이어 공급",http://view.asiae.co.kr/news/view.htm?idxno=2015112410332836394
467,테슬라 A to Z,http://lonelyplanet.co.kr/magazine/articles/AI_00003319
468,[LA모터쇼]가솔린에 터보 탑재한 신차 즐비,http://autotimes.hankyung.com/apps/news.sub_view?popup=0&nid=04&c1=04&c2=04&c3=00&nkey=201511190332231
469,"한국타이어, 닛산 프론티어에 신차용 타이어 공급 나서",http://sports.khan.co.kr/news/sk_index.html?cat=view&art_id=201605041224003&sec_id=563002&pt=nv
470,한국타이어 링컨 프리미엄 SUV ‘신차용 타이어’ 공급,http://www.cctoday.co.kr/?mod=news&act=articleView&idxno=940907
471,테슬라 A to Z,http://lonelyplanet.co.kr/magazine/articles/AI_00003319
472,[LA모터쇼]가솔린에 터보 탑재한 신차 즐비,http://autotimes.hankyung.com/apps/news.sub_view?popup=0&nid=04&c1=04&c2=04&c3=00&nkey=201511190332231
473,"한국타이어, 닛산 프론티어에 신차용 타이어 공급 나서",http://sports.khan.co.kr/news/sk_index.html?cat=view&art_id=201605041224003&sec_id=563002&pt=nv
474,"알비모터스, 인기 많은 픽업트럭 최대 10% 할인",http://www.edaily.co.kr/news/newspath.asp?newsid=04447686625872896
475,"한국타이어, 트럭·버스용 타이어 시장 공략 가속화",http://www.consumernews.co.kr/?mod=news&act=articleView&idxno=504171
476,(New스토리)가볍지만 강하다…경량화 2.0시대 개막,http://www.newstomato.com/ReadNews.aspx?no=571111
477,[오토타임즈의 확대경] 美시장서 다시 부는 픽업트럭 바람,http://www.hankyung.com/news/app/newsview.php?aid=2015062969261
478,[김준형의 오토 인사이드] 영광이여 다시 한번…車업계 복고 열풍,https://www.etoday.co.kr/news/view/1908923
479,누구에게나 사랑받는 픽업트럭의 강자 포드F-150,http://www.etnews.com/20181023000121
480,"한국타이어, '2016 링컨 MKX'에 신차용 타이어 공급",http://www.chungnamilbo.com/news/articleView.html?idxno=346900
481,테슬라 A to Z,http://lonelyplanet.co.kr/magazine/articles/AI_00003319
482,[LA모터쇼]가솔린에 터보 탑재한 신차 즐비,http://autotimes.hankyung.com/apps/news.sub_view?popup=0&nid=04&c1=04&c2=04&c3=00&nkey=201511190332231
483,"한국타이어, 닛산 프론티어에 신차용 타이어 공급 나서",http://sports.khan.co.kr/news/sk_index.html?cat=view&art_id=201605041224003&sec_id=563002&pt=nv
484,"알비모터스, 인기 많은 픽업트럭 최대 10% 할인",http://www.edaily.co.kr/news/newspath.asp?newsid=04447686625872896
485,"한국타이어, 트럭·버스용 타이어 시장 공략 가속화",http://www.consumernews.co.kr/?mod=news&act=articleView&idxno=504171
486,(New스토리)가볍지만 강하다…경량화 2.0시대 개막,http://www.newstomato.com/ReadNews.aspx?no=571111
487,[오토타임즈의 확대경] 美시장서 다시 부는 픽업트럭 바람,http://www.hankyung.com/news/app/newsview.php?aid=2015062969261
488,[김준형의 오토 인사이드] 영광이여 다시 한번…車업계 복고 열풍,https://www.etoday.co.kr/news/view/1908923
489,누구에게나 사랑받는 픽업트럭의 강자 포드F-150,http://www.etnews.com/20181023000121
490,"한국타이어, SUV '2016 링컨 MKX'에 신차용 타이어 공급",http://biz.newdaily.co.kr/news/article.html?no=10092133
491,[김준형의 오토 인사이드] 영광이여 다시 한번…車업계 복고 열풍,https://www.etoday.co.kr/news/view/1908923
492,누구에게나 사랑받는 픽업트럭의 강자 포드F-150,http://www.etnews.com/20181023000121
493,미국인들은 왜 우락부락한 픽업트럭을 탈까,http://www.mt.co.kr/view/mtview.php?type=1&no=2015011508183360864&outlink=1
494,30만대 중 뽑힌 ‘중고차 톱10’에서 최고의 車는?,http://car.donga.com/3/all/20140128/60463288/1
495,"현대·기아차, 美 시장 '주춤'…올해 목표 '빨간불'",http://news1.kr/articles/1389405
496,美 자동차시장 '픽업트럭'이 주도...경기도 픽업?,http://www.mt.co.kr/view/mtview.php?type=1&no=2013060408592974027&outlink=1
497,"[글로벌-Biz 24] 머스크 CEO, 사이버트럭 경량화 포기…소형 전기 픽업트럭 별도 개발 시사",http://www.g-enews.com/ko-kr/news/article/news_all/2020052412104398029a1f309431_1/article.html
498,[미래자동차와 IT] 미국의 전기차 개조사업 활기,http://www.etnews.co.kr/news/detail.html?id=200810090230
499,"""미국 가스값 급락에 가스차 수요 '꿈틀'""< FT>",https://news.naver.com/main/read.naver?mode=LSD&mid=sec&sid1=101&oid=001&aid=0006675150
