,title,url
0,"[시승기] 닛산 큐브, ‘원조는 확실히 달라’",http://www.fnnews.com/view?ra=Sent0601m_01A&corp=fnnews&arcid=11083007543848&cDateYear=2011&cDateMonth=08&cDateDay=30&
1,"'2011 서울모터쇼' 빛낸 '닛산 큐브', 실내 인테리어 더 귀엽고 독특해",http://kr.aving.net/news/view.php?articleId=192694&Branch_ID=kr&rssid=naver&mn_name=news
2,[시승기]박스카 원조 '닛산 큐브' 타보니,http://www.asiae.co.kr/news/view.htm?idxno=2011082615451281234
3,사진 찍고 '닛산큐브'와 함께 휴가가자,http://www.mt.co.kr/view/mtview.php?type=1&no=2012071309531410062&outlink=1
4,美서는 닛산 큐브도 제쳤는데... 기아차 소형 SUV '쏘울' 단종,https://biz.chosun.com/site/data/html_dir/2021/01/07/2021010701386.html?utm_source=naver&utm_medium=original&utm_campaign=biz
5,깜찍한 디자인의 '닛산 큐브' 전기 자동차,https://news.naver.com/main/read.naver?mode=LSD&mid=sec&sid1=108&oid=091&aid=0001986404
6,한국GM·닛산 큐브 등 차량결함 대거 리콜 조치,http://www.skyedaily.com/news/news_view.html?ID=95824
7,닛산 큐브·한국지엠 알페온 4만3000대 리콜,http://www.newstomato.com/ReadNews.aspx?no=939972
8,"기아 쏘울에 밀린 원조 박스카 닛산 큐브, 21년 만에 역사의 뒤안길로",http://www.autodaily.co.kr/news/articleView.html?idxno=411184
9,닛산 큐브·랜드로버 재규어E 리콜,https://biz.chosun.com/site/data/html_dir/2019/12/17/2019121700065.html?utm_source=naver&utm_medium=original&utm_campaign=biz
10,"토요타·렉서스 하이브리드, 일부 차량 브레이크 결함 리콜...닛산 큐브 5440대 리콜 예정",http://www.fntimes.com/html/view.php?ud=2019091915331744987de3572ddd_18
11,"[SR소비자이슈] 렉서스·캠리' 브레이크·에어백 불량, 닛산 큐브 '화재위험' 등 무더기 리콜",http://www.srtimes.kr/news/articleView.html?idxno=47445
12,제주시 애조로서 주행중인 닛산 큐브 화재,http://www.newsjeju.net/news/articleView.html?idxno=332450
13,［드래그 레이스］ 닛산 ‘큐브’ VS 기아 ‘쏘울’..박스카 대전,http://www.breaknews.com/sub_read.html?uid=409864§ion=sc3
14,"한국닛산 16년 발자취, 짧지만 강렬했다",http://autotimes.hankyung.com/apps/news.sub_view?popup=0&nid=03&c1=03&c2=03&c3=00&nkey=202005291507441
15,여심을 흔들던 박스카 닛산 '큐브'…한국시장서 단종?,http://sbscnbc.sbs.co.kr/read.jsp?pmArticleId=10000690714
16,"한국닛산, 박스카 '큐브' 일본에서만 판다",http://autotimes.hankyung.com/apps/news.sub_view?popup=0&nid=03&c1=03&c2=03&c3=00&nkey=201409251703251
17,"닛산 '큐브', 내년 美서 단종…낮은 판매량 원인",http://www.mt.co.kr/view/mtview.php?type=1&no=2014071510412589944&outlink=1
18,"닛산 큐브, 美서 내년 단종? 쏘울에 밀렸다",http://car.donga.com/3/all/20140710/65091970/1
19,[신차와 역사]‘박스카의 대명사’ 닛산 큐브,http://www.khan.co.kr/kh_news/art_view.html?artid=201403061807252&code=920508
20,"쌍용차 티볼리 응원하는 이효리, 알고보니 닛산차 마니아? '큐브'부터 '휘가로'까지",http://www.etoday.co.kr/news/section/newsview.php?idxno=1042892
21,"닛산, ""큐브 안전도 최하위는 합리적 선택?""",http://autotimes.hankyung.com/apps/news.sub_view?popup=0&nid=03&c1=03&c2=03&c3=00&nkey=201308261642591
22,"닛산 알티마와 큐브, '익사이트먼트 드라이빙 이벤트'",http://sports.chosun.com/news/ntype.htm?id=201308240100216430016270&servicedate=20130824
23,"닛산 알티마와 큐브, 익사이트먼트 드라이빙 이벤트",http://news.mk.co.kr/news_forward.php?domain=news&no=753517&year=2013
24,[신차드라이브]닛산 `370z` `큐브` `알티마`,http://www.etnews.com/news/home_mobile/automobile/2785874_1485.html
25,"닛산, 뉴 알티마와 큐브 전국 시승 행사 실시",http://www.betanews.net/article/577767
26,닛산 '슈퍼스타K 시즌4 '탑4'에 박스카 큐브 제공,http://www.newstomato.com/ReadNews.aspx?no=315376
27,"한국닛산, 박스카 '큐브' 출시 1주년 기념 특별프로모션",http://www.edaily.co.kr/news/newspath.asp?newsid=01725286599625680
28,"닛산, 8월까지 ‘큐브 몬스터’ 전국 순회 전시",http://www.ajnews.co.kr/common/redirect.jsp?newsId=20120614000278
29,닛산 ‘콜라보레이션 큐브 몬스터 투어’ 시작,http://sports.khan.co.kr/news/sk_index.html?cat=view&art_id=201206122251583&sec_id=563002&pt=nv
30,롯데백화점서 닛산 '뉴 알티마' 체험하고 '큐브' 받자,http://www.osen.co.kr/article/G1109660735
31,"[2012부산국제모터쇼]닛산, 특수제작된 컨셉트카 큐브 등 내놓는다",http://www.nspna.com/news/?mode=view&newsid=47859
32,"한국닛산, `큐브·알티마·무라노` 3총사 판매 고삐 쥔다",http://www.edaily.co.kr/news/newspath.asp?newsid=01308726599528264
33,"한국닛산, 박스카 '큐브' 온라인이벤트 진행",http://www.mt.co.kr/view/mtview.php?type=1&no=2012050810295977434&outlink=1
34,"‘수입차 대중화’ 이끈 닛산, 16년만에 전격 철수 결정 이유는",http://it.chosun.com/site/data/html_dir/2020/05/29/2020052900381.html
35,"닛산, 한국서 불명예 철수한 까닭은...'불매운동·코로나' 못 버텨",http://www.opinionnews.co.kr/news/articleView.html?idxno=34356
36,"닛산, ‘큐브 전국 시승 이벤트’ 개최",http://sports.khan.co.kr/news/sk_index.html?cat=view&art_id=201204040128503&sec_id=563002&pt=nv
37,"닛산 '큐브', 자존심 회복 통(通)할까?",http://www.newstomato.com/ReadNews.aspx?no=238709
38,"닛산, ‘큐브’ 타는 얼짱 스타와의 만남 마련",http://www.newdaily.co.kr/news/article.html?no=109355
39,2월에 149대 판매한 닛산큐브..`아 옛날이여~~`,http://sbscnbc.sbs.co.kr/read.jsp?pmArticleId=10000405477
40,닛산 박스카 ‘큐브’ “아!~ 옛날이여”,http://news.donga.com/3/all/20120222/44255008/1
41,케이블 드라마 ‘일년에 열두남자’에 닛산 큐브 협찬,http://www.segye.com/Articles/Car/Business/Article.asp?aid=20120215004382&subctg1=&subctg2=
42,"닛산 나이토 겐지 사장 ""큐브를 넘겠다""",http://www.hankyung.com/news/app/newsview.php?aid=2012020948511
43,"´큐브´ 약발 다하고, ´뉴 캠리´ 급부상…닛산·토요타 희비",http://www.ebn.co.kr/news/n_view.html?id=539623
44,"닛산 큐브, 엠넷 '보이스 코리아' 공식 후원",http://xportsnews.hankyung.com/?ac=article_view&entry_id=213763
45,"큐브, 닛산 성장 견인차 된다",http://www.etoday.co.kr/news/section/newsview.php?TM=news&SM=2302&idxno=534382
46,"닛산 큐브, 발리 블루(Bali Blue) 출시",http://www.constimes.co.kr/news/articleView.html?idxno=62696
47,"닛산 큐브, 발리 블루 출시",http://sports.khan.co.kr/news/sk_index.html?cat=view&art_id=201201031141374&sec_id=563002&pt=nv
48,"한국닛산 효자 모델, 신형 '큐브' 순항 중 암초 만나나?",http://kr.aving.net/news/view.php?articleId=237447&Branch_ID=kr&rssid=naver&mn_name=news
49,"닛산 큐브(CUBE), 2012년부터 70만원 가격 인상 예정",http://news.mk.co.kr/news_forward.php?domain=news&no=817676&year=2011
50,"""닛산 큐브 구매 서두르세요""…1월부터 70만원 인상",http://www.ebn.co.kr/news/n_view.html?id=531529
51,"기아차 레이·닛산 큐브, 쫓고 쫓기는 ‘박스카 대결’",http://www.khan.co.kr/kh_news/art_view.html?artid=201112052129035&code=920508
52,일본 닛산큐브 한국시장 공략 대성공…수입차 1위 등극,http://www.hankyung.com/news/app/newsview.php?aid=201112055765g
53,닛산 ‘패스파인더·큐브’ 등 구매 시 최대 ‘800만원’ 주유권 증정,http://www.newsway.co.kr/view.php?tp=1&ud=2014090116142309199
54,한국닛산 31일까지 큐브 고객 대상 윈터 이벤트 진행,http://www.fnnews.com/view?ra=Sent0601m_01A&corp=fnnews&arcid=111204104413&cDateYear=2011&cDateMonth=12&cDateDay=04&
55,닛산 큐브 윈터 이벤트 실시,http://sports.khan.co.kr/news/sk_index.html?cat=view&art_id=201112021634414&sec_id=563002&pt=nv
56,"울랄라 세션 등 슈스케3 '톱4', 닛산 큐브 받았다",http://www.asiae.co.kr/news/view.htm?idxno=2011111411294986316
57,[수입차 신차 대결－연비·성능 앞세워 질주] 한국닛산 3세대 큐브,http://www.fnnews.com/view?ra=Sent0601m_01A&corp=fnnews&arcid=111026173457&cDateYear=2011&cDateMonth=10&cDateDay=26&
58,"닛산, 큐브 체험 마케팅",http://sports.chosun.com/news/ntype.htm?id=201110250100188860016446&servicedate=20111025
59,닛산 큐브(CUBE) 체험 마케팅 전개,http://news.mk.co.kr/news_forward.php?no=688659&year=2011
60,[시승기] 닛산 큐브,https://news.naver.com/main/read.naver?mode=LSD&mid=sec&sid1=101&oid=011&aid=0002187158
61,한국닛산 박스카 `큐브` 단일모델 판매 3위…수입차 시장 돌풍,http://www.dt.co.kr/contents.html?article_no=2011100602019932718002
62,"박스카 희비…닛산 ´큐브´ 뜨고, 기아 ´쏘울´ 주춤",http://www.ebn.co.kr/news/n_view.html?id=518393
63,"['가을'을 타다]닛산 큐브, 신선·세련 외모, 예약 폭주",http://www.asiae.co.kr/news/view.htm?idxno=2011092009444584795
64,"닛산 ""큐브 앞세워 도요타 잡겠다""",http://www.hankyung.com/news/app/newsview.php?aid=2011090813291
65,"닛산, 큐브 효과 '대박'…국내서 처음 토요타 제쳐",https://news.naver.com/main/read.naver?mode=LSD&mid=sec&sid1=101&oid=003&aid=0004065549
66,"국토부, ""닛산 큐브 문제 없다""",http://www.autotimes.co.kr/article_view.php?id=128220
67,닛산자동차 ‘큐브’ 돌풍 5위 올라,http://www.fnnews.com/view?ra=Sent0601m_01A&corp=fnnews&arcid=0922409463&cDateYear=2011&cDateMonth=09&cDateDay=06&
68,성능 좋고 가격도 착하기까지··'박스카 원조' 닛산 큐브 돌풍,http://sbscnbc.sbs.co.kr/read.jsp?pmArticleId=10000228084
69,"카즈, 단종된 '닛산 큐브' 구매하려면?",http://www.ebn.co.kr/news/view/764183
70,"방향지시등 논란 큐브, 한국닛산 “사실 아니다”",http://sports.chosun.com/news/ntype.htm?id=201109030100017570001099&servicedate=20110902
71,"방향지시등 논란 큐브, 한국닛산 “사실 아니다”",http://osen.mt.co.kr/news/view.html?gid=G1109010258
72,닛산 큐브 '깜빡이' 한국기준 위반…'자기인증제' 악용 논란,http://www.hankyung.com/news/app/newsview.php?aid=2011083184361
73,성능 좋고 가격도 착하기까지··'박스카 원조' 닛산 큐브 돌풍,https://cnbc.sbs.co.kr/article_hub/10000228084?division=NAVER
74,"닛산, 3세대 큐브 돌풍! 50일 만에 1600대 팔아",http://news.donga.com/3/all/20110826/39832772/2
75,[The Test]닛산 ‘큐브’,http://news.donga.com/3/all/20110829/39905964/1
76,[최욱의 명품차 이야기] '착한가격'으로 한국 찾은 닛산 '큐브'…수입차 돌풍 일으킬까,http://www.hankyung.com/news/app/newsview.php?aid=2011082882401
77,"‘박스카’ 닛산 큐브, 유혹 매섭네",http://www.hani.co.kr/arti/economy/car/493701.html
78,닛산 '큐브' 1600대 사전계약..판매목표 2배↑,http://www.moneytoday.co.kr/view/mtview.php?type=1&no=2011082813103850576&outlink=1
79,닛산 '큐브' 디자인한 괴짜 만화가 지망생,http://www.hankyung.com/news/app/newsview.php?aid=2011082660171
80,"한국닛산, ""올해 큐브 3000대 팔 것…가격인상 검토안해""",http://biz.chosun.com/site/data/html_dir/2011/08/26/2011082601484.html
81,"닛산, 3세대 큐브 돌풍! 50일 만에 1600대 팔아",http://news.donga.com/3/all/20110826/39832772/2
82,"[시승기] 닛산 큐브 ""타는사람 보는사람 모두 즐거운""",http://www.etoday.co.kr/news/section/newsview.php?TM=news&SM=0405&idxno=473484
83,"한국닛산, 큐브1호 차유람 선수에 전달…본격적 출고",http://www.tvreport.co.kr/?c=news&m=newsview&idx=146293
84,닛산 큐브 '착한가격'..동종업계로 번질까,http://www.asiae.co.kr/news/view.htm?idxno=2011082100263473693
85,"닛산, 국가대표 당구 선수 차유람에게 큐브 1호차 전달",http://sports.khan.co.kr/news/sk_index.html?cat=view&art_id=201108190020064&sec_id=563002&pt=nv
86,"닛산, 3세대 큐브 1호차 주인공은 당구여신 '차유람' 선수",http://kr.aving.net/news/view.php?articleId=206471&Branch_ID=kr&rssid=naver&mn_name=news
87,수입차 2000만 초반 '큐'사인 낸 닛산 큐브 'V '그릴까?,http://www.hankyung.com/news/app/newsview.php?aid=201108178234g
88,"한국닛산, 오리지널 박스카 ‘큐브’ 출시",http://weekly2.cnbnews.com/category/read.html?bcode=7254
89,"닛산 큐브, 일본차 부활 신호탄 쏘아올릴까",http://biz.heraldm.com/common/redirect.jsp?category_id=010107041300&news_id=20110810000530
90,"부활의 신호탄 닛산 3세대 '큐브', 물량 소화 문제없어",http://kr.aving.net/news/view.php?articleId=206003&Branch_ID=kr&rssid=naver&mn_name=news
91,사무라이車 '부활 전주곡'..닛산 큐브가 시장 살릴까,http://www.asiae.co.kr/news/view.htm?idxno=2011081007594313998
92,한국닛산 사장 “큐브 통해 닛산 알리겠다”,http://www.newspim.com/common/redirect.jsp?newsId=20110809000362
93,"닛산 큐브, 국내 공식 상륙..쏘울과 경쟁",http://www.edaily.co.kr/news/newspath.asp?newsid=01269366596345680
94,"한국닛산, ""박스카 큐브 월 500대씩 팔겠다""",http://biz.chosun.com/site/data/html_dir/2011/08/09/2011080901416.html
95,"한국닛산, 3세대 큐브(CUBE) 공식 출시",http://www.ajnews.co.kr/common/redirect.jsp?newsId=20110809000430
96,"한국닛산 ""年 5천대 판매 재도전""…큐브 '신호탄'",https://news.naver.com/main/read.naver?mode=LSD&mid=sec&sid1=101&oid=003&aid=0004011829
97,"[포토엔]닛산, 제3세대 큐브 모델 공개",http://www.newsen.com/news_view.php?uid=201108091136562004
98,예판 1000대 넘긴 닛산 '큐브 3세대' 판매 시작,http://www.ajnews.co.kr/common/redirect.jsp?newsId=20110809000128
99,"닛산 큐브, 2190만원부터… 기아 쏘울 상위 모델보다 저렴",http://sunday.joins.com/article/view.asp?aid=22722
100,"닛산 나이토 겐지 사장 ""큐브를 넘겠다""",http://www.hankyung.com/news/app/newsview.php?aid=2012020948511
101,"´큐브´ 약발 다하고, ´뉴 캠리´ 급부상…닛산·토요타 희비",http://www.ebn.co.kr/news/n_view.html?id=539623
102,"닛산 큐브, 엠넷 '보이스 코리아' 공식 후원",http://xportsnews.hankyung.com/?ac=article_view&entry_id=213763
103,"큐브, 닛산 성장 견인차 된다",http://www.etoday.co.kr/news/section/newsview.php?TM=news&SM=2302&idxno=534382
104,"닛산 큐브, 발리 블루(Bali Blue) 출시",http://www.constimes.co.kr/news/articleView.html?idxno=62696
105,"한국닛산, 알티마·큐브 전국 시승행사 개최",http://news.mtn.co.kr/newscenter/news_viewer.mtn?gidx=2013043018520997848
106,"닛산 큐브, 발리 블루 출시",http://sports.khan.co.kr/news/sk_index.html?cat=view&art_id=201201031141374&sec_id=563002&pt=nv
107,"한국닛산 효자 모델, 신형 '큐브' 순항 중 암초 만나나?",http://kr.aving.net/news/view.php?articleId=237447&Branch_ID=kr&rssid=naver&mn_name=news
108,"닛산 큐브(CUBE), 2012년부터 70만원 가격 인상 예정",http://news.mk.co.kr/news_forward.php?domain=news&no=817676&year=2011
109,"""닛산 큐브 구매 서두르세요""…1월부터 70만원 인상",http://www.ebn.co.kr/news/n_view.html?id=531529
110,"닛산, ‘푸른 바다’색 ‘큐브’ 출시",http://www.newdaily.co.kr/news/article.html?no=102639
111,"한국닛산 효자 모델, 신형 '큐브' 순항 중 암초 만나나?",http://kr.aving.net/news/view.php?articleId=237447&Branch_ID=kr&rssid=naver&mn_name=news
112,"닛산 큐브(CUBE), 2012년부터 70만원 가격 인상 예정",http://news.mk.co.kr/news_forward.php?domain=news&no=817676&year=2011
113,"""닛산 큐브 구매 서두르세요""…1월부터 70만원 인상",http://www.ebn.co.kr/news/n_view.html?id=531529
114,"기아차 레이·닛산 큐브, 쫓고 쫓기는 ‘박스카 대결’",http://www.khan.co.kr/kh_news/art_view.html?artid=201112052129035&code=920508
115,일본 닛산큐브 한국시장 공략 대성공…수입차 1위 등극,http://www.hankyung.com/news/app/newsview.php?aid=201112055765g
116,닛산 ‘패스파인더·큐브’ 등 구매 시 최대 ‘800만원’ 주유권 증정,http://www.newsway.co.kr/view.php?tp=1&ud=2014090116142309199
117,한국닛산 31일까지 큐브 고객 대상 윈터 이벤트 진행,http://www.fnnews.com/view?ra=Sent0601m_01A&corp=fnnews&arcid=111204104413&cDateYear=2011&cDateMonth=12&cDateDay=04&
118,닛산 큐브 윈터 이벤트 실시,http://sports.khan.co.kr/news/sk_index.html?cat=view&art_id=201112021634414&sec_id=563002&pt=nv
119,"울랄라 세션 등 슈스케3 '톱4', 닛산 큐브 받았다",http://www.asiae.co.kr/news/view.htm?idxno=2011111411294986316
120,"""닛산 큐브 구매 서두르세요""…1월부터 70만원 인상",http://www.dailian.co.kr/news/news_view.htm?id=271266&sc=naver&kind=menu_code&keys=2
121,"기아차 레이·닛산 큐브, 쫓고 쫓기는 ‘박스카 대결’",http://www.khan.co.kr/kh_news/art_view.html?artid=201112052129035&code=920508
122,일본 닛산큐브 한국시장 공략 대성공…수입차 1위 등극,http://www.hankyung.com/news/app/newsview.php?aid=201112055765g
123,닛산 ‘패스파인더·큐브’ 등 구매 시 최대 ‘800만원’ 주유권 증정,http://www.newsway.co.kr/view.php?tp=1&ud=2014090116142309199
124,한국닛산 31일까지 큐브 고객 대상 윈터 이벤트 진행,http://www.fnnews.com/view?ra=Sent0601m_01A&corp=fnnews&arcid=111204104413&cDateYear=2011&cDateMonth=12&cDateDay=04&
125,닛산 큐브 윈터 이벤트 실시,http://sports.khan.co.kr/news/sk_index.html?cat=view&art_id=201112021634414&sec_id=563002&pt=nv
126,"울랄라 세션 등 슈스케3 '톱4', 닛산 큐브 받았다",http://www.asiae.co.kr/news/view.htm?idxno=2011111411294986316
127,[수입차 신차 대결－연비·성능 앞세워 질주] 한국닛산 3세대 큐브,http://www.fnnews.com/view?ra=Sent0601m_01A&corp=fnnews&arcid=111026173457&cDateYear=2011&cDateMonth=10&cDateDay=26&
128,"닛산, 큐브 체험 마케팅",http://sports.chosun.com/news/ntype.htm?id=201110250100188860016446&servicedate=20111025
129,닛산 큐브(CUBE) 체험 마케팅 전개,http://news.mk.co.kr/news_forward.php?no=688659&year=2011
130,"효리車 큐브, 日 닛산의 ‘1004’ 되다",http://news.mk.co.kr/news_forward.php?domain=news&no=785356&year=2011
131,닛산 ‘패스파인더·큐브’ 등 구매 시 최대 ‘800만원’ 주유권 증정,http://www.newsway.co.kr/view.php?tp=1&ud=2014090116142309199
132,한국닛산 31일까지 큐브 고객 대상 윈터 이벤트 진행,http://www.fnnews.com/view?ra=Sent0601m_01A&corp=fnnews&arcid=111204104413&cDateYear=2011&cDateMonth=12&cDateDay=04&
133,닛산 큐브 윈터 이벤트 실시,http://sports.khan.co.kr/news/sk_index.html?cat=view&art_id=201112021634414&sec_id=563002&pt=nv
134,"울랄라 세션 등 슈스케3 '톱4', 닛산 큐브 받았다",http://www.asiae.co.kr/news/view.htm?idxno=2011111411294986316
135,[수입차 신차 대결－연비·성능 앞세워 질주] 한국닛산 3세대 큐브,http://www.fnnews.com/view?ra=Sent0601m_01A&corp=fnnews&arcid=111026173457&cDateYear=2011&cDateMonth=10&cDateDay=26&
136,"닛산, 큐브 체험 마케팅",http://sports.chosun.com/news/ntype.htm?id=201110250100188860016446&servicedate=20111025
137,닛산 큐브(CUBE) 체험 마케팅 전개,http://news.mk.co.kr/news_forward.php?no=688659&year=2011
138,[시승기] 닛산 큐브,https://news.naver.com/main/read.naver?mode=LSD&mid=sec&sid1=101&oid=011&aid=0002187158
139,한국닛산 박스카 `큐브` 단일모델 판매 3위…수입차 시장 돌풍,http://www.dt.co.kr/contents.html?article_no=2011100602019932718002
140,"한국닛산, 큐브 판매 강화...‘윈터 이벤트’",http://www.newspim.com/common/redirect.jsp?newsId=20111202000364
141,"울랄라 세션 등 슈스케3 '톱4', 닛산 큐브 받았다",http://www.asiae.co.kr/news/view.htm?idxno=2011111411294986316
142,[수입차 신차 대결－연비·성능 앞세워 질주] 한국닛산 3세대 큐브,http://www.fnnews.com/view?ra=Sent0601m_01A&corp=fnnews&arcid=111026173457&cDateYear=2011&cDateMonth=10&cDateDay=26&
143,"닛산, 큐브 체험 마케팅",http://sports.chosun.com/news/ntype.htm?id=201110250100188860016446&servicedate=20111025
144,닛산 큐브(CUBE) 체험 마케팅 전개,http://news.mk.co.kr/news_forward.php?no=688659&year=2011
145,[시승기] 닛산 큐브,https://news.naver.com/main/read.naver?mode=LSD&mid=sec&sid1=101&oid=011&aid=0002187158
146,한국닛산 박스카 `큐브` 단일모델 판매 3위…수입차 시장 돌풍,http://www.dt.co.kr/contents.html?article_no=2011100602019932718002
147,"박스카 희비…닛산 ´큐브´ 뜨고, 기아 ´쏘울´ 주춤",http://www.ebn.co.kr/news/n_view.html?id=518393
148,"['가을'을 타다]닛산 큐브, 신선·세련 외모, 예약 폭주",http://www.asiae.co.kr/news/view.htm?idxno=2011092009444584795
149,"닛산 ""큐브 앞세워 도요타 잡겠다""",http://www.hankyung.com/news/app/newsview.php?aid=2011090813291
150,"“슈퍼스타K 효과 톡톡”..닛산, 큐브 체험 마케팅",http://osen.mt.co.kr/article/G1109310486
151,[시승기] 닛산 큐브,https://news.naver.com/main/read.naver?mode=LSD&mid=sec&sid1=101&oid=011&aid=0002187158
152,한국닛산 박스카 `큐브` 단일모델 판매 3위…수입차 시장 돌풍,http://www.dt.co.kr/contents.html?article_no=2011100602019932718002
153,"박스카 희비…닛산 ´큐브´ 뜨고, 기아 ´쏘울´ 주춤",http://www.ebn.co.kr/news/n_view.html?id=518393
154,"['가을'을 타다]닛산 큐브, 신선·세련 외모, 예약 폭주",http://www.asiae.co.kr/news/view.htm?idxno=2011092009444584795
155,"닛산 ""큐브 앞세워 도요타 잡겠다""",http://www.hankyung.com/news/app/newsview.php?aid=2011090813291
156,"닛산, 큐브 효과 '대박'…국내서 처음 토요타 제쳐",https://news.naver.com/main/read.naver?mode=LSD&mid=sec&sid1=101&oid=003&aid=0004065549
157,"국토부, ""닛산 큐브 문제 없다""",http://www.autotimes.co.kr/article_view.php?id=128220
158,닛산자동차 ‘큐브’ 돌풍 5위 올라,http://www.fnnews.com/view?ra=Sent0601m_01A&corp=fnnews&arcid=0922409463&cDateYear=2011&cDateMonth=09&cDateDay=06&
159,성능 좋고 가격도 착하기까지··'박스카 원조' 닛산 큐브 돌풍,http://sbscnbc.sbs.co.kr/read.jsp?pmArticleId=10000228084
160,"박스카 희비…닛산 ´큐브´ 뜨고, 기아 ´쏘울´ 주춤",http://www.ebn.co.kr/news/n_view.html?id=518393
161,"['가을'을 타다]닛산 큐브, 신선·세련 외모, 예약 폭주",http://www.asiae.co.kr/news/view.htm?idxno=2011092009444584795
162,"닛산 ""큐브 앞세워 도요타 잡겠다""",http://www.hankyung.com/news/app/newsview.php?aid=2011090813291
163,"닛산, 큐브 효과 '대박'…국내서 처음 토요타 제쳐",https://news.naver.com/main/read.naver?mode=LSD&mid=sec&sid1=101&oid=003&aid=0004065549
164,"국토부, ""닛산 큐브 문제 없다""",http://www.autotimes.co.kr/article_view.php?id=128220
165,닛산자동차 ‘큐브’ 돌풍 5위 올라,http://www.fnnews.com/view?ra=Sent0601m_01A&corp=fnnews&arcid=0922409463&cDateYear=2011&cDateMonth=09&cDateDay=06&
166,성능 좋고 가격도 착하기까지··'박스카 원조' 닛산 큐브 돌풍,http://sbscnbc.sbs.co.kr/read.jsp?pmArticleId=10000228084
167,"카즈, 단종된 '닛산 큐브' 구매하려면?",http://www.ebn.co.kr/news/view/764183
168,"방향지시등 논란 큐브, 한국닛산 “사실 아니다”",http://sports.chosun.com/news/ntype.htm?id=201109030100017570001099&servicedate=20110902
169,"방향지시등 논란 큐브, 한국닛산 “사실 아니다”",http://osen.mt.co.kr/news/view.html?gid=G1109010258
170,성능 좋고 가격도 착하기까지··'박스카 원조' 닛산 큐브 돌풍,http://sbscnbc.sbs.co.kr/read.jsp?pmArticleId=10000228084
171,"카즈, 단종된 '닛산 큐브' 구매하려면?",http://www.ebn.co.kr/news/view/764183
172,"방향지시등 논란 큐브, 한국닛산 “사실 아니다”",http://sports.chosun.com/news/ntype.htm?id=201109030100017570001099&servicedate=20110902
173,"방향지시등 논란 큐브, 한국닛산 “사실 아니다”",http://osen.mt.co.kr/news/view.html?gid=G1109010258
174,닛산 큐브 '깜빡이' 한국기준 위반…'자기인증제' 악용 논란,http://www.hankyung.com/news/app/newsview.php?aid=2011083184361
175,성능 좋고 가격도 착하기까지··'박스카 원조' 닛산 큐브 돌풍,https://cnbc.sbs.co.kr/article_hub/10000228084?division=NAVER
176,"닛산, 3세대 큐브 돌풍! 50일 만에 1600대 팔아",http://news.donga.com/3/all/20110826/39832772/2
177,[The Test]닛산 ‘큐브’,http://news.donga.com/3/all/20110829/39905964/1
178,[최욱의 명품차 이야기] '착한가격'으로 한국 찾은 닛산 '큐브'…수입차 돌풍 일으킬까,http://www.hankyung.com/news/app/newsview.php?aid=2011082882401
179,"‘박스카’ 닛산 큐브, 유혹 매섭네",http://www.hani.co.kr/arti/economy/car/493701.html
180,닛산 '큐브' 1600대 사전계약..판매목표 2배↑,http://www.moneytoday.co.kr/view/mtview.php?type=1&no=2011082813103850576&outlink=1
181,닛산 '큐브' 디자인한 괴짜 만화가 지망생,http://www.hankyung.com/news/app/newsview.php?aid=2011082660171
182,"한국닛산, ""올해 큐브 3000대 팔 것…가격인상 검토안해""",http://biz.chosun.com/site/data/html_dir/2011/08/26/2011082601484.html
183,"닛산, 3세대 큐브 돌풍! 50일 만에 1600대 팔아",http://news.donga.com/3/all/20110826/39832772/2
184,"[시승기] 닛산 큐브 ""타는사람 보는사람 모두 즐거운""",http://www.etoday.co.kr/news/section/newsview.php?TM=news&SM=0405&idxno=473484
185,"한국닛산, 큐브1호 차유람 선수에 전달…본격적 출고",http://www.tvreport.co.kr/?c=news&m=newsview&idx=146293
186,닛산 큐브 '착한가격'..동종업계로 번질까,http://www.asiae.co.kr/news/view.htm?idxno=2011082100263473693
187,"닛산, 국가대표 당구 선수 차유람에게 큐브 1호차 전달",http://sports.khan.co.kr/news/sk_index.html?cat=view&art_id=201108190020064&sec_id=563002&pt=nv
188,"닛산, 3세대 큐브 1호차 주인공은 당구여신 '차유람' 선수",http://kr.aving.net/news/view.php?articleId=206471&Branch_ID=kr&rssid=naver&mn_name=news
189,수입차 2000만 초반 '큐'사인 낸 닛산 큐브 'V '그릴까?,http://www.hankyung.com/news/app/newsview.php?aid=201108178234g
190,닛산 큐브 '착한가격'..동종업계로 번질까,http://www.asiae.co.kr/news/view.htm?idxno=2011082100263473693
191,"닛산, 국가대표 당구 선수 차유람에게 큐브 1호차 전달",http://sports.khan.co.kr/news/sk_index.html?cat=view&art_id=201108190020064&sec_id=563002&pt=nv
192,"닛산, 3세대 큐브 1호차 주인공은 당구여신 '차유람' 선수",http://kr.aving.net/news/view.php?articleId=206471&Branch_ID=kr&rssid=naver&mn_name=news
193,수입차 2000만 초반 '큐'사인 낸 닛산 큐브 'V '그릴까?,http://www.hankyung.com/news/app/newsview.php?aid=201108178234g
194,"한국닛산, 오리지널 박스카 ‘큐브’ 출시",http://weekly2.cnbnews.com/category/read.html?bcode=7254
195,"닛산 큐브, 일본차 부활 신호탄 쏘아올릴까",http://biz.heraldm.com/common/redirect.jsp?category_id=010107041300&news_id=20110810000530
196,"부활의 신호탄 닛산 3세대 '큐브', 물량 소화 문제없어",http://kr.aving.net/news/view.php?articleId=206003&Branch_ID=kr&rssid=naver&mn_name=news
197,사무라이車 '부활 전주곡'..닛산 큐브가 시장 살릴까,http://www.asiae.co.kr/news/view.htm?idxno=2011081007594313998
198,한국닛산 사장 “큐브 통해 닛산 알리겠다”,http://www.newspim.com/common/redirect.jsp?newsId=20110809000362
199,"닛산 큐브, 국내 공식 상륙..쏘울과 경쟁",http://www.edaily.co.kr/news/newspath.asp?newsid=01269366596345680
200,발랄한 한국닛산 큐브와 ‘얼짱당구’ 차유람 찰떡궁합,http://www.fnnews.com/view?ra=Sent0601m_01A&corp=fnnews&arcid=0922392689&cDateYear=2011&cDateMonth=08&cDateDay=17&
201,수입차 2000만 초반 '큐'사인 낸 닛산 큐브 'V '그릴까?,http://www.hankyung.com/news/app/newsview.php?aid=201108178234g
202,"한국닛산, 오리지널 박스카 ‘큐브’ 출시",http://weekly2.cnbnews.com/category/read.html?bcode=7254
203,"닛산 큐브, 일본차 부활 신호탄 쏘아올릴까",http://biz.heraldm.com/common/redirect.jsp?category_id=010107041300&news_id=20110810000530
204,"부활의 신호탄 닛산 3세대 '큐브', 물량 소화 문제없어",http://kr.aving.net/news/view.php?articleId=206003&Branch_ID=kr&rssid=naver&mn_name=news
205,사무라이車 '부활 전주곡'..닛산 큐브가 시장 살릴까,http://www.asiae.co.kr/news/view.htm?idxno=2011081007594313998
206,한국닛산 사장 “큐브 통해 닛산 알리겠다”,http://www.newspim.com/common/redirect.jsp?newsId=20110809000362
207,"닛산 큐브, 국내 공식 상륙..쏘울과 경쟁",http://www.edaily.co.kr/news/newspath.asp?newsid=01269366596345680
208,"한국닛산, ""박스카 큐브 월 500대씩 팔겠다""",http://biz.chosun.com/site/data/html_dir/2011/08/09/2011080901416.html
209,"한국닛산, 3세대 큐브(CUBE) 공식 출시",http://www.ajnews.co.kr/common/redirect.jsp?newsId=20110809000430
210,"한국닛산, ""박스카 큐브 월 500대씩 팔겠다""",http://biz.chosun.com/site/data/html_dir/2011/08/09/2011080901416.html
211,"한국닛산, 3세대 큐브(CUBE) 공식 출시",http://www.ajnews.co.kr/common/redirect.jsp?newsId=20110809000430
212,"한국닛산 ""年 5천대 판매 재도전""…큐브 '신호탄'",https://news.naver.com/main/read.naver?mode=LSD&mid=sec&sid1=101&oid=003&aid=0004011829
213,"닛산 3세대 큐브, 국내 공식 출시",http://www.moneytoday.co.kr/view/mtview.php?type=1&no=2011080908221396555&outlink=1
214,"[포토엔]닛산, 제3세대 큐브 모델 공개",http://www.newsen.com/news_view.php?uid=201108091136562004
215,예판 1000대 넘긴 닛산 '큐브 3세대' 판매 시작,http://www.ajnews.co.kr/common/redirect.jsp?newsId=20110809000128
216,"닛산 큐브, 2190만원부터… 기아 쏘울 상위 모델보다 저렴",http://sunday.joins.com/article/view.asp?aid=22722
217,닛산 박스카 ‘큐브’ 사전예약만 한달 1000대… 수입차 판매 신기록,http://news.donga.com/3/all/20110805/39319403/1
218,"닛산, 3세대 큐브 잘 팔리네",http://www.betanews.net/article/546205
219,"닛산, 제 3세대 ‘큐브’ 한 달 만에 1000대 계약 돌파",http://sports.khan.co.kr/news/sk_index.html?cat=view&art_id=201108041335593&sec_id=563002&pt=nv
220,"닛산, 제 3세대 ‘큐브’ 한 달 만에 1000대 계약 돌파",http://sports.khan.co.kr/news/sk_index.html?cat=view&art_id=201108041335593&sec_id=563002&pt=nv
221,"닛산, 박스카 ‘큐브’ 한 달 만에 1,000대 계약 돌파",http://news.mk.co.kr/news_forward.php?no=505894&year=2011
222,박스카 女心잡기 경쟁…닛산 큐브 사전예약 몰려,http://news.mk.co.kr/news_forward.php?no=485623&year=2011
223,"닛산, 큐브 열풍... 수입차 시장 ‘칼 갈았다!’",http://www.newspim.com/common/redirect.jsp?newsId=20110718000278
224,'박스카의 원조' 닛산 '큐브' 1천 대 계약판매 눈앞,http://news20.busan.com/news/newsController.jsp?subSectionId=1010020000&newsId=20110715000237
225,"닛산, '큐브' 물량 확보 총력전 펼쳐",http://www.autotimes.co.kr/article_view.php?id=124868
226,"닛산, 3세대 '큐브' 10일 만에 계약자 500명 돌파",http://www.constimes.co.kr/news/articleView.html?idxno=52064
227,"닛산, 제3세대 큐브 10일만에 500대 팔아",http://kr.aving.net/news/view.php?articleId=204195&Branch_ID=kr&rssid=naver&mn_name=news
228,"닛산 3세대 큐브, 마이크로 사이트 통해 매력 발산",http://kr.aving.net/news/view.php?articleId=203897&Branch_ID=kr&rssid=naver&mn_name=news
229,닛산 큐브의 코리아 상륙작전…2000만원 초반대로 가격 대폭 낮췄다,http://www.cnews.co.kr/uhtml/read.jsp?idxno=201107041122463160618
230,'박스카의 원조' 닛산 '큐브' 1천 대 계약판매 눈앞,http://news20.busan.com/news/newsController.jsp?subSectionId=1010020000&newsId=20110715000237
231,"닛산, '큐브' 물량 확보 총력전 펼쳐",http://www.autotimes.co.kr/article_view.php?id=124868
232,"닛산, 3세대 '큐브' 10일 만에 계약자 500명 돌파",http://www.constimes.co.kr/news/articleView.html?idxno=52064
233,"닛산, 제3세대 큐브 10일만에 500대 팔아",http://kr.aving.net/news/view.php?articleId=204195&Branch_ID=kr&rssid=naver&mn_name=news
234,"닛산 3세대 큐브, 마이크로 사이트 통해 매력 발산",http://kr.aving.net/news/view.php?articleId=203897&Branch_ID=kr&rssid=naver&mn_name=news
235,닛산 큐브의 코리아 상륙작전…2000만원 초반대로 가격 대폭 낮췄다,http://www.cnews.co.kr/uhtml/read.jsp?idxno=201107041122463160618
236,"닛산, 앙증맞은 큐브에 딱 맞는 쇼케이스 행사 선보여",http://kr.aving.net/news/view.php?articleId=203620&Branch_ID=kr&rssid=naver&mn_name=news
237,"닛산, 라이프스타일 선보이는 `큐브 쇼케이스` 진행",http://news.mk.co.kr/news_forward.php?no=418476&year=2011
238,‘최저가’ 닛산 큐브 출시에 車업계 ‘술렁’,http://www.newspim.com/common/redirect.jsp?newsId=20110630000481
239,닛산 '큐브' 파격적 가격 가능했던 까닭,http://www.asiae.co.kr/news/view.htm?idxno=2011063008135719784
240,"닛산 큐브, 10일 만에 계약자 500명 돌파",http://www.etoday.co.kr/news/section/newsview.php?TM=news&SM=0405&idxno=458046
241,"닛산 3세대 큐브, 마이크로 사이트 통해 매력 발산",http://kr.aving.net/news/view.php?articleId=203897&Branch_ID=kr&rssid=naver&mn_name=news
242,닛산 큐브의 코리아 상륙작전…2000만원 초반대로 가격 대폭 낮췄다,http://www.cnews.co.kr/uhtml/read.jsp?idxno=201107041122463160618
243,"닛산, 앙증맞은 큐브에 딱 맞는 쇼케이스 행사 선보여",http://kr.aving.net/news/view.php?articleId=203620&Branch_ID=kr&rssid=naver&mn_name=news
244,"닛산, 라이프스타일 선보이는 `큐브 쇼케이스` 진행",http://news.mk.co.kr/news_forward.php?no=418476&year=2011
245,‘최저가’ 닛산 큐브 출시에 車업계 ‘술렁’,http://www.newspim.com/common/redirect.jsp?newsId=20110630000481
246,닛산 '큐브' 파격적 가격 가능했던 까닭,http://www.asiae.co.kr/news/view.htm?idxno=2011063008135719784
247,日 닛산 ‘큐브’ 최저 2190만원 예약 판매,http://news.donga.com/3/all/20110629/38418168/1
248,"닛산, 가격경쟁력 갖춘 3세대 큐브를 먼저 잡으세요",http://www.betanews.net/article/543563
249,"""깜찍한 '이효리 차' 닛산 큐브 가격이 설마…""",http://www.asiae.co.kr/news/view.htm?idxno=2011062909112575538
250,"닛산, 앙증맞은 큐브에 딱 맞는 쇼케이스 행사 선보여",http://kr.aving.net/news/view.php?articleId=203620&Branch_ID=kr&rssid=naver&mn_name=news
251,"닛산, 라이프스타일 선보이는 `큐브 쇼케이스` 진행",http://news.mk.co.kr/news_forward.php?no=418476&year=2011
252,‘최저가’ 닛산 큐브 출시에 車업계 ‘술렁’,http://www.newspim.com/common/redirect.jsp?newsId=20110630000481
253,닛산 '큐브' 파격적 가격 가능했던 까닭,http://www.asiae.co.kr/news/view.htm?idxno=2011063008135719784
254,日 닛산 ‘큐브’ 최저 2190만원 예약 판매,http://news.donga.com/3/all/20110629/38418168/1
255,"닛산, 가격경쟁력 갖춘 3세대 큐브를 먼저 잡으세요",http://www.betanews.net/article/543563
256,"""깜찍한 '이효리 차' 닛산 큐브 가격이 설마…""",http://www.asiae.co.kr/news/view.htm?idxno=2011062909112575538
257,"닛산, 이효리 차 '큐브'로 하반기 돌풍 노려",http://www.autotimes.co.kr/article_view.php?id=122457
258,"닛산 큐브, 침체된 ‘일본차’ 견인할까?",http://mnm.seoul.co.kr/news/newsView.php?id=20110614040007
259,닛산 ‘큐브’ 기대감 고조... 박스카 시장 벌써 ‘후끈’,http://www.newspim.com/common/redirect.jsp?newsId=20110518000439
260,日 닛산 ‘큐브’ 최저 2190만원 예약 판매,http://news.donga.com/3/all/20110629/38418168/1
261,"닛산, 가격경쟁력 갖춘 3세대 큐브를 먼저 잡으세요",http://www.betanews.net/article/543563
262,"""깜찍한 '이효리 차' 닛산 큐브 가격이 설마…""",http://www.asiae.co.kr/news/view.htm?idxno=2011062909112575538
263,"닛산, 이효리 차 '큐브'로 하반기 돌풍 노려",http://www.autotimes.co.kr/article_view.php?id=122457
264,"닛산 큐브, 침체된 ‘일본차’ 견인할까?",http://mnm.seoul.co.kr/news/newsView.php?id=20110614040007
265,닛산 ‘큐브’ 기대감 고조... 박스카 시장 벌써 ‘후끈’,http://www.newspim.com/common/redirect.jsp?newsId=20110518000439
266,"""닛산 큐브 이을 매력적 소형차 곧 한국상륙""",http://news.mk.co.kr/news_forward.php?domain=news&no=724331&year=2012
267,'슈퍼스타K 시즌3' 출연하면 닛산 '큐브' 탄다,http://www.hankyung.com/news/app/newsview.php?aid=201104279289g
268,"닛산 큐브(CUBE), 서울모터쇼 빛낸 베스트카 ‘참신디자인 빛나’",http://www.newsen.com/news_view.php?uid=201104051119402006
269,"닛산 브랜드 아이콘, 3세대 '큐브' 직접 보니 더 매력적",http://kr.aving.net/news/view.php?articleId=192366&Branch_ID=kr&rssid=naver&mn_name=news
270,"한국닛산 7월1일 큐브 사전 예약 판매, 가격은 2190만원",http://www.fnnews.com/view?ra=Sent0601m_01A&corp=fnnews&arcid=110629161519&cDateYear=2011&cDateMonth=06&cDateDay=29&
271,"""깜찍한 '이효리 차' 닛산 큐브 가격이 설마…""",http://www.asiae.co.kr/news/view.htm?idxno=2011062909112575538
272,"닛산, 이효리 차 '큐브'로 하반기 돌풍 노려",http://www.autotimes.co.kr/article_view.php?id=122457
273,"닛산 큐브, 침체된 ‘일본차’ 견인할까?",http://mnm.seoul.co.kr/news/newsView.php?id=20110614040007
274,닛산 ‘큐브’ 기대감 고조... 박스카 시장 벌써 ‘후끈’,http://www.newspim.com/common/redirect.jsp?newsId=20110518000439
275,"""닛산 큐브 이을 매력적 소형차 곧 한국상륙""",http://news.mk.co.kr/news_forward.php?domain=news&no=724331&year=2012
276,'슈퍼스타K 시즌3' 출연하면 닛산 '큐브' 탄다,http://www.hankyung.com/news/app/newsview.php?aid=201104279289g
277,"닛산 큐브(CUBE), 서울모터쇼 빛낸 베스트카 ‘참신디자인 빛나’",http://www.newsen.com/news_view.php?uid=201104051119402006
278,"닛산 브랜드 아이콘, 3세대 '큐브' 직접 보니 더 매력적",http://kr.aving.net/news/view.php?articleId=192366&Branch_ID=kr&rssid=naver&mn_name=news
279,"[서울모터쇼]이효리 애마, 닛산 박스카 '큐브'",http://www.moneytoday.co.kr/view/mtview.php?type=1&no=2011033108475105010&outlink=1
280,닛산 ‘큐브’ 기대감 고조... 박스카 시장 벌써 ‘후끈’,http://www.newspim.com/common/redirect.jsp?newsId=20110518000439
281,"""닛산 큐브 이을 매력적 소형차 곧 한국상륙""",http://news.mk.co.kr/news_forward.php?domain=news&no=724331&year=2012
282,'슈퍼스타K 시즌3' 출연하면 닛산 '큐브' 탄다,http://www.hankyung.com/news/app/newsview.php?aid=201104279289g
283,"닛산 큐브(CUBE), 서울모터쇼 빛낸 베스트카 ‘참신디자인 빛나’",http://www.newsen.com/news_view.php?uid=201104051119402006
284,"닛산 브랜드 아이콘, 3세대 '큐브' 직접 보니 더 매력적",http://kr.aving.net/news/view.php?articleId=192366&Branch_ID=kr&rssid=naver&mn_name=news
285,"[서울모터쇼]이효리 애마, 닛산 박스카 '큐브'",http://www.moneytoday.co.kr/view/mtview.php?type=1&no=2011033108475105010&outlink=1
286,"[서울 모터쇼] 닛산, 제3세대 '큐브' 공개…8월 국내 출시",http://xportsnews.hankyung.com/?ac=article_view&entry_id=158346
287,"[서울모터쇼] 닛산, 라이프스타일 강조한 3세대 큐브 선보여",http://news.mk.co.kr/news_forward.php?no=203245&year=2011
288,"[뉴시스아이즈]특집 '신차의 향연 서울모터쇼'-한국닛산, '큐브'에서 '에센스'까지 공식데뷔",https://news.naver.com/main/read.naver?mode=LSD&mid=sec&sid1=101&oid=003&aid=0003756351
289,효리車 ‘닛산 큐브’ 드디어 한국 온다,http://mnm.seoul.co.kr/news/newsView.php?id=20110317040005
290,"[서울모터쇼]이효리 애마, 닛산 박스카 '큐브'",http://www.moneytoday.co.kr/view/mtview.php?type=1&no=2011033108475105010&outlink=1
291,"[서울 모터쇼] 닛산, 제3세대 '큐브' 공개…8월 국내 출시",http://xportsnews.hankyung.com/?ac=article_view&entry_id=158346
292,"[서울모터쇼] 닛산, 라이프스타일 강조한 3세대 큐브 선보여",http://news.mk.co.kr/news_forward.php?no=203245&year=2011
293,"[뉴시스아이즈]특집 '신차의 향연 서울모터쇼'-한국닛산, '큐브'에서 '에센스'까지 공식데뷔",https://news.naver.com/main/read.naver?mode=LSD&mid=sec&sid1=101&oid=003&aid=0003756351
294,효리車 ‘닛산 큐브’ 드디어 한국 온다,http://mnm.seoul.co.kr/news/newsView.php?id=20110317040005
295,"닛산, 3세대 '큐브' 서울 모터쇼 통해 국내 최초 공개",http://kr.aving.net/news/view.php?articleId=190351&Branch_ID=kr&rssid=naver&mn_name=news
296,"닛산, 가을 맞이 ‘레츠 큐브’ 전국 시승회 및 특별 프로모션 진행",http://www.betanews.net/article/566848
297,박스 vs 박스…닛산 큐브 국내경쟁 시동…美시장 대결선 쏘울 1승,http://biz.heraldm.com/common/redirect.jsp?category_id=010107041300&news_id=20110112000170
298,"'이효리 차' 닛산 큐브, 중고차 가격은?",http://www.asiae.co.kr/news/view.htm?idxno=2010123014164735786
299,"한국닛산, 큐브 런칭 1주년 프로모션 실시",http://news.mtn.co.kr/newscenter/news_viewer.mtn?gidx=2012081015541182310
300,"[뉴시스아이즈]특집 '신차의 향연 서울모터쇼'-한국닛산, '큐브'에서 '에센스'까지 공식데뷔",https://news.naver.com/main/read.naver?mode=LSD&mid=sec&sid1=101&oid=003&aid=0003756351
301,효리車 ‘닛산 큐브’ 드디어 한국 온다,http://mnm.seoul.co.kr/news/newsView.php?id=20110317040005
302,"닛산, 3세대 '큐브' 서울 모터쇼 통해 국내 최초 공개",http://kr.aving.net/news/view.php?articleId=190351&Branch_ID=kr&rssid=naver&mn_name=news
303,"닛산, 가을 맞이 ‘레츠 큐브’ 전국 시승회 및 특별 프로모션 진행",http://www.betanews.net/article/566848
304,박스 vs 박스…닛산 큐브 국내경쟁 시동…美시장 대결선 쏘울 1승,http://biz.heraldm.com/common/redirect.jsp?category_id=010107041300&news_id=20110112000170
305,"'이효리 차' 닛산 큐브, 중고차 가격은?",http://www.asiae.co.kr/news/view.htm?idxno=2010123014164735786
306,"한국닛산, 큐브 런칭 1주년 프로모션 실시",http://news.mtn.co.kr/newscenter/news_viewer.mtn?gidx=2012081015541182310
307,닛산 '큐브 12개월 무이자 할부 프로모션' 실시,https://news.naver.com/main/read.naver?mode=LSD&mid=sec&sid1=101&oid=003&aid=0004653520
308,‘이효리의 애마’ 닛산 큐브 내년 출시,http://www.ajnews.co.kr/common/redirect.jsp?newsId=20101209000438
309,"한국닛산, 내년 9000대 판매목표…큐브·G25 세단 출시",https://news.naver.com/main/read.naver?mode=LSD&mid=sec&sid1=101&oid=003&aid=0003578092
310,닛산 3세대 ‘큐브’ 서울모터쇼에서 최초 공개,http://www.khan.co.kr/kh_news/art_view.html?artid=201103161357071&code=920508
311,"닛산, 가을 맞이 ‘레츠 큐브’ 전국 시승회 및 특별 프로모션 진행",http://www.betanews.net/article/566848
312,박스 vs 박스…닛산 큐브 국내경쟁 시동…美시장 대결선 쏘울 1승,http://biz.heraldm.com/common/redirect.jsp?category_id=010107041300&news_id=20110112000170
313,"'이효리 차' 닛산 큐브, 중고차 가격은?",http://www.asiae.co.kr/news/view.htm?idxno=2010123014164735786
314,"한국닛산, 큐브 런칭 1주년 프로모션 실시",http://news.mtn.co.kr/newscenter/news_viewer.mtn?gidx=2012081015541182310
315,닛산 '큐브 12개월 무이자 할부 프로모션' 실시,https://news.naver.com/main/read.naver?mode=LSD&mid=sec&sid1=101&oid=003&aid=0004653520
316,‘이효리의 애마’ 닛산 큐브 내년 출시,http://www.ajnews.co.kr/common/redirect.jsp?newsId=20101209000438
317,"한국닛산, 내년 9000대 판매목표…큐브·G25 세단 출시",https://news.naver.com/main/read.naver?mode=LSD&mid=sec&sid1=101&oid=003&aid=0003578092
318,"한국닛산, 내년 '큐브' 출시..5000대 판매목표 세워",http://www.asiae.co.kr/news/view.htm?idxno=2010120810421894578
319,"한국닛산, 박스카 '큐브'앞세워 슈퍼스타K 공식후원",http://www.etoday.co.kr/news/section/newsview.php?TM=news&SM=2302&idxno=593114
320,‘이효리의 애마’ 닛산 큐브 내년 출시,http://www.ajnews.co.kr/common/redirect.jsp?newsId=20101209000438
321,"한국닛산, 내년 9000대 판매목표…큐브·G25 세단 출시",https://news.naver.com/main/read.naver?mode=LSD&mid=sec&sid1=101&oid=003&aid=0003578092
322,"한국닛산, 내년 '큐브' 출시..5000대 판매목표 세워",http://www.asiae.co.kr/news/view.htm?idxno=2010120810421894578
323,"한국닛산, 박스카 '큐브'앞세워 슈퍼스타K 공식후원",http://www.etoday.co.kr/news/section/newsview.php?TM=news&SM=2302&idxno=593114
324,"기아차 쏘울, 미국에서 닛산 큐브보다 7배 더 팔렸다",http://biz.heraldm.com/common/redirect.jsp?category_id=010107041300&news_id=20100903000661
325,"닛산車, 북미시장서 소형차 '큐브' 5만여대 리콜",https://news.naver.com/main/read.naver?mode=LSD&mid=sec&sid1=104&oid=003&aid=0003360308
326,"[부산모터쇼]닛산, 콜라보레이션 큐브 양산형 데칼",http://www.greenpostkorea.co.kr/news/articleView.html?idxno=14413
327,'쏘울' 미국서 닛산 큐브 제치고 잘 나간다 했더니 ··· 기아차 중 수출 첫 1위 등극,http://www.g-enews.com/ko-kr/news/article/news_all/201511120824526757449_1/article.html
328,"닛산 박스카 `큐브`, 전국 시승 이벤트",http://www.edaily.co.kr/news/newspath.asp?newsid=02040166599492512
329,"닛산 큐브, ‘보이스 코리아’ 우승자에 제공",http://www.khan.co.kr/kh_news/art_view.html?artid=201202021058471&code=920508
330,"기아차 쏘울, 미국에서 닛산 큐브보다 7배 더 팔렸다",http://biz.heraldm.com/common/redirect.jsp?category_id=010107041300&news_id=20100903000661
331,"닛산車, 북미시장서 소형차 '큐브' 5만여대 리콜",https://news.naver.com/main/read.naver?mode=LSD&mid=sec&sid1=104&oid=003&aid=0003360308
332,"[부산모터쇼]닛산, 콜라보레이션 큐브 양산형 데칼",http://www.greenpostkorea.co.kr/news/articleView.html?idxno=14413
333,'쏘울' 미국서 닛산 큐브 제치고 잘 나간다 했더니 ··· 기아차 중 수출 첫 1위 등극,http://www.g-enews.com/ko-kr/news/article/news_all/201511120824526757449_1/article.html
334,"닛산 박스카 `큐브`, 전국 시승 이벤트",http://www.edaily.co.kr/news/newspath.asp?newsid=02040166599492512
335,"닛산 큐브, ‘보이스 코리아’ 우승자에 제공",http://www.khan.co.kr/kh_news/art_view.html?artid=201202021058471&code=920508
336,"닛산 큐브, 발리 블루 색상 출시",http://bntnews.hankyung.com/apps/news?popup=0&nid=05&c1=05&c2=05&c3=00&nkey=201201041534443&mode=sub_view
337,"닛산 큐브, 발리 블루 색상으로 '색다른' 드라이빙",http://news.etomato.com/pagelog/popup_log.asp?newsseq=213457
338,"판매급감 닛산 큐브, ´월 9만9천원´ 프로모션으로 재도약?",http://www.ebn.co.kr/news/n_view.html?id=541019
339,[블로그 뉴스] '이효리 애마' 닛산 '큐브' 언제 나올까?,http://www.hankyung.com/news/app/newsview.php?aid=201001057583g
340,"닛산 '큐브', 발리 블루 출시",http://xportsnews.hankyung.com/?ac=article_view&entry_id=209200
341,"판매급감 닛산 큐브, ´월 9만9천원´ 프로모션으로 재도약?",http://www.ebn.co.kr/news/n_view.html?id=541019
342,[블로그 뉴스] '이효리 애마' 닛산 '큐브' 언제 나올까?,http://www.hankyung.com/news/app/newsview.php?aid=201001057583g
343,휘청거리는 박스형카 닛산 큐브,http://sbscnbc.sbs.co.kr/read.jsp?pmArticleId=10000382474
344,"´큐브´ 히트에 고무된 한국닛산 ""내년 한국서 8천대 판다""",http://www.ebn.co.kr/news/n_view.html?id=530617
345,11월 수입차 판매 9230대… 닛산 큐브 ‘돌풍’,http://www.ajnews.co.kr/common/redirect.jsp?newsId=20111205000134
346,"닛산 큐브 돌풍 ""대단하네!""…단일모델 1위",http://news.mk.co.kr/news_forward.php?domain=news&no=784096&year=2011
347,"닛산 뉴알티마·큐브, 전국 9곳 시승 행사",http://www.nocutnews.co.kr/Show.asp?IDX=2483450
348,<비교시승> 박스카도 한일戰..기아 레이 vs. 닛산 큐브,http://osen.mt.co.kr/article/G1109334871
349,"닛산 큐브, 3년 연속 ‘美가장 안전한 차’ 선정",http://www.newdaily.co.kr/news/article.html?no=101513
350,"닛산 뉴알티마·큐브, 전국 9곳 시승 행사",http://www.nocutnews.co.kr/Show.asp?IDX=2483450
351,<비교시승> 박스카도 한일戰..기아 레이 vs. 닛산 큐브,http://osen.mt.co.kr/article/G1109334871
352,"닛산 큐브, 3년 연속 ‘美가장 안전한 차’ 선정",http://www.newdaily.co.kr/news/article.html?no=101513
353,"잘나가는 닛산 큐브, 내년부터 70만원 올라..왜?",http://osen.mt.co.kr/article/G1109332597
354,“갭 의류 구입하고 닛산 큐브 타세요~”,http://www.fnnews.com/view?ra=Sent1001m_01A&corp=fnnews&arcid=111207182023&cDateYear=2011&cDateMonth=12&cDateDay=07&
355,`갭(Gap) 스웨터` 입은 닛산 큐브 명동 등장,http://www.edaily.co.kr/news/newspath.asp?newsid=02305846596474256
356,"'박스카' 큐브, 한국닛산 살렸다..토요타 제쳐",http://www.asiae.co.kr/news/view.htm?idxno=2011090611184608588
357,닛산 큐브 리콜되나,http://news.donga.com/3/all/20110831/39967976/1
358,닛산 큐브 체험 마케팅 전개,https://news.naver.com/main/read.naver?mode=LSD&mid=sec&sid1=101&oid=011&aid=0002190852
359,"닛산, 롯데백화점에서 알티마 체험 및 큐브 경품 증정",http://biz.chosun.com/site/data/html_dir/2013/08/13/2013081302641.html
360,“갭 의류 구입하고 닛산 큐브 타세요~”,http://www.fnnews.com/view?ra=Sent1001m_01A&corp=fnnews&arcid=111207182023&cDateYear=2011&cDateMonth=12&cDateDay=07&
361,`갭(Gap) 스웨터` 입은 닛산 큐브 명동 등장,http://www.edaily.co.kr/news/newspath.asp?newsid=02305846596474256
362,"'박스카' 큐브, 한국닛산 살렸다..토요타 제쳐",http://www.asiae.co.kr/news/view.htm?idxno=2011090611184608588
363,닛산 큐브 리콜되나,http://news.donga.com/3/all/20110831/39967976/1
364,닛산 큐브 체험 마케팅 전개,https://news.naver.com/main/read.naver?mode=LSD&mid=sec&sid1=101&oid=011&aid=0002190852
365,"닛산, 롯데백화점에서 알티마 체험 및 큐브 경품 증정",http://biz.chosun.com/site/data/html_dir/2013/08/13/2013081302641.html
366,수입차 9월 판매 1만대…닛산 큐브 3위 점프,http://www.hankyung.com/news/app/newsview.php?aid=201110067861g
367,"한국닛산, ""큐브 국내 출시 확정된 바 없다""",http://www.e-today.co.kr/news/section/newsview.php?TM=news&SM=0499&idxno=229314
368,효리의 차 '닛산 큐브'- 간결함·실용성 도시남녀 '매혹',http://news20.busan.com/news/newsController.jsp?subSectionId=1010020000&newsId=20110902000236
369,2천만원대 닛산 큐브를 만나보라,http://www.cbs.co.kr/nocut/Show.asp?IDX=1845199
370,"한국닛산, 큐브 체험 마케팅 실시",http://www.ebn.co.kr/news/n_view.html?id=521344
371,"닛산, 롯데백화점에서 알티마 체험 및 큐브 경품 증정",http://biz.chosun.com/site/data/html_dir/2013/08/13/2013081302641.html
372,수입차 9월 판매 1만대…닛산 큐브 3위 점프,http://www.hankyung.com/news/app/newsview.php?aid=201110067861g
373,"한국닛산, ""큐브 국내 출시 확정된 바 없다""",http://www.e-today.co.kr/news/section/newsview.php?TM=news&SM=0499&idxno=229314
374,효리의 차 '닛산 큐브'- 간결함·실용성 도시남녀 '매혹',http://news20.busan.com/news/newsController.jsp?subSectionId=1010020000&newsId=20110902000236
375,2천만원대 닛산 큐브를 만나보라,http://www.cbs.co.kr/nocut/Show.asp?IDX=1845199
376,"<시승기> 닛산 큐브, “여성만을 위한 차 아냐”",http://www.ajnews.co.kr/common/redirect.jsp?newsId=20110828000096
377,"한국닛산 ""큐브 올해 3천대, 내년 4천대 판다""",http://www.edaily.co.kr/news/newspath.asp?newsid=02282886596351256
378,"[시승기] 닛산 큐브, 주행성능·공간 ‘베리굿~’",http://www.newspim.com/common/redirect.jsp?newsId=20110826000408
379,"한국닛산, 당구선수 차유람에게 큐브 1호차 전달",http://www.etoday.co.kr/news/section/newsview.php?TM=news&SM=0405&idxno=470025
380,"<시승기> 닛산 큐브, “여성만을 위한 차 아냐”",http://www.ajnews.co.kr/common/redirect.jsp?newsId=20110828000096
381,"한국닛산 ""큐브 올해 3천대, 내년 4천대 판다""",http://www.edaily.co.kr/news/newspath.asp?newsid=02282886596351256
382,"[시승기] 닛산 큐브, 주행성능·공간 ‘베리굿~’",http://www.newspim.com/common/redirect.jsp?newsId=20110826000408
383,"한국닛산, 당구선수 차유람에게 큐브 1호차 전달",http://www.etoday.co.kr/news/section/newsview.php?TM=news&SM=0405&idxno=470025
384,한국닛산 2000만원대 박스카 `큐브` 출시,http://www.dt.co.kr/contents.html?article_no=2011080902019932718001
385,"닛산, 3세대 큐브(CUBE) 국내 공식 출시",http://www.newshankuk.com/news/content.asp?fs=1&ss=2&news_idx=201108091512141225
386,"닛산 ""올 연말까지 큐브 2500대 판매""",http://news.etomato.com/pagelog/popup_log.asp?newsseq=178093
387,"닛산 야심작 큐브, 신기록 세울까?",http://biz.heraldm.com/common/redirect.jsp?category_id=010107041300&news_id=20110805000723
388,닛산 '큐브' 사전계약 1000대 돌파,http://www.newspim.com/common/redirect.jsp?newsId=20110804000177
389,"닛산 큐브, 10일 만에 사전계약 500명 돌파",https://news.naver.com/main/read.naver?mode=LSD&mid=sec&sid1=101&oid=003&aid=0003961100
390,"닛산, 박스카 큐브 국내판매 개시 '2190만, 2490만원'",https://news.naver.com/main/read.naver?mode=LSD&mid=sec&sid1=101&oid=003&aid=0004011118
391,"닛산 야심작 큐브, 신기록 세울까?",http://biz.heraldm.com/common/redirect.jsp?category_id=010107041300&news_id=20110805000723
392,닛산 '큐브' 사전계약 1000대 돌파,http://www.newspim.com/common/redirect.jsp?newsId=20110804000177
393,"닛산 큐브, 10일 만에 사전계약 500명 돌파",https://news.naver.com/main/read.naver?mode=LSD&mid=sec&sid1=101&oid=003&aid=0003961100
394,"[간추린BIZ뉴스] 닛산, 제 3세대 큐브(CUBE) 마이크로 사이트 오픈 외",http://www.newscj.com/news/articleView.html?idxno=87276
395,닛산 큐브 한국출시는 언제쯤,http://www.fnnews.com/view?ra=Sent0601m_01A&corp=fnnews&arcid=00000921542636&cDateYear=2009&cDateMonth=01&cDateDay=15&
396,"닛산, 3세대 큐브(CUBE) 마이크로 사이트 오픈",http://news.mk.co.kr/news_forward.php?no=438148&year=2011
397,"닛산, '큐브가 도서관?' 신사동서 깜짝 공개",http://www.newspim.com/common/redirect.jsp?newsId=20110701000297
398,박스카의 원조 ‘닛산 큐브’ 2천만원대 판매,http://www.khan.co.kr/kh_news/art_view.html?artid=201106291914291&code=920508
399,와우! 가장 싼 수입차 닛산 ‘큐브’…얼마?,http://news.donga.com/3/all/20110629/38399169/2
400,닛산 큐브 한국출시는 언제쯤,http://www.fnnews.com/view?ra=Sent0601m_01A&corp=fnnews&arcid=00000921542636&cDateYear=2009&cDateMonth=01&cDateDay=15&
401,"닛산, 3세대 큐브(CUBE) 마이크로 사이트 오픈",http://news.mk.co.kr/news_forward.php?no=438148&year=2011
402,"닛산, '큐브가 도서관?' 신사동서 깜짝 공개",http://www.newspim.com/common/redirect.jsp?newsId=20110701000297
403,박스카의 원조 ‘닛산 큐브’ 2천만원대 판매,http://www.khan.co.kr/kh_news/art_view.html?artid=201106291914291&code=920508
404,와우! 가장 싼 수입차 닛산 ‘큐브’…얼마?,http://news.donga.com/3/all/20110629/38399169/2
405,"닛산 큐브 대항마, 기아차 '탐(TAM)' 실제로 보니 아담해",http://kr.aving.net/news/view.php?articleId=202764&Branch_ID=kr&rssid=naver&mn_name=news
406,"닛산, 핸들 결함으로 큐브 등 84만1000대 리콜",http://www.mt.co.kr/view/mtview.php?type=1&no=2013052319555024881&outlink=1
407,"닛산, 5월 알티마·큐브 전국 순회 시승행사",http://www.edaily.co.kr/news/newspath.asp?newsid=01249686602804984
408,"닛산 큐브, 국내 판매하나?",http://www.autotimes.co.kr/article_view.php?id=34217
409,"닛산 '큐브', 서울모터쇼서 승용차 부문 '베스트카' 수상",http://www.etoday.co.kr/news/section/newsview.php?TM=news&SM=0405&idxno=424086
410,"닛산, 신형 ‘큐브’ 7월 1일부터 사전 예약 실시",http://www.mydaily.co.kr/news/read.html?newsid=201106291953254439&ext=na
411,와우! 가장 싼 수입차 닛산 ‘큐브’…얼마?,http://news.donga.com/3/all/20110629/38399169/2
412,"닛산 큐브 대항마, 기아차 '탐(TAM)' 실제로 보니 아담해",http://kr.aving.net/news/view.php?articleId=202764&Branch_ID=kr&rssid=naver&mn_name=news
413,"닛산, 핸들 결함으로 큐브 등 84만1000대 리콜",http://www.mt.co.kr/view/mtview.php?type=1&no=2013052319555024881&outlink=1
414,"닛산, 5월 알티마·큐브 전국 순회 시승행사",http://www.edaily.co.kr/news/newspath.asp?newsid=01249686602804984
415,"닛산 큐브, 국내 판매하나?",http://www.autotimes.co.kr/article_view.php?id=34217
416,"닛산 '큐브', 서울모터쇼서 승용차 부문 '베스트카' 수상",http://www.etoday.co.kr/news/section/newsview.php?TM=news&SM=0405&idxno=424086
417,"[서울모터쇼] 닛산 ""큐브, 8월부터 판매""",http://www.asiae.co.kr/news/view.htm?idxno=2011033111564449306
418,"한국닛산, 서울모터쇼에 3세대 큐브 '첫 선'",http://www.asiae.co.kr/news/view.htm?idxno=2011031611231928434
419,"닛산 '큐브'·인피니티 '뉴G25', 내년 한국온다",http://www.moneytoday.co.kr/view/mtview.php?type=1&no=2010120810494157502&outlink=1
420,"닛산 '큐브'·인피니티 '뉴G25', 내년 한국온다",http://www.moneytoday.co.kr/view/mtview.php?type=1&no=2010120810494157502&outlink=1
421,"“닛산, 큐브 투입..내년 5000대 판매 목표”",http://osen.mt.co.kr/news/view.html?gid=G1012080178
422,"한국닛산, 뉴알티마·큐브 구매시 특별혜택",https://news.naver.com/main/read.naver?mode=LSD&mid=sec&sid1=101&oid=001&aid=0006078269
423,"닛산, `큐브` 모델 5만1000대 리콜",http://news.mk.co.kr/news_forward.php?no=396148&year=2010
424,"[포토] 로이킴·딕펑스, 닛산 ‘큐브’ 오너 됐다",http://www.ebn.co.kr/news/n_view.html?id=581873
425,"코브라, 닛산 큐브 전용 튜닝 액세서리 선보여",http://www.autotimes.co.kr/article_view.php?id=81990
426,"닛산, '레츠 큐브' 전국 시승회 진행",http://www.inews24.com/php/news_view.php?g_serial=685974&g_menu=022200&rrf=nv
427,"닛산, 큐브 전국 시승회 진행",http://autotimes.hankyung.com/apps/news.sub_view?popup=0&nid=03&c1=03&c2=03&c3=00&nkey=201208311751331
428,"해피머니, 룰렛 이벤트 당첨자 닛산큐브 전달",http://www.technoa.co.kr/content/View.asp?pContentID=39869
429,새로운 색상으로 다시 태어난 닛산 '큐브',http://biz.chosun.com/site/data/html_dir/2012/01/03/2012010301816.html
430,"닛산, '레츠 큐브' 전국 시승회 진행",http://www.inews24.com/php/news_view.php?g_serial=685974&g_menu=022200&rrf=nv
431,"닛산, 큐브 전국 시승회 진행",http://autotimes.hankyung.com/apps/news.sub_view?popup=0&nid=03&c1=03&c2=03&c3=00&nkey=201208311751331
432,"해피머니, 룰렛 이벤트 당첨자 닛산큐브 전달",http://www.technoa.co.kr/content/View.asp?pContentID=39869
433,새로운 색상으로 다시 태어난 닛산 '큐브',http://biz.chosun.com/site/data/html_dir/2012/01/03/2012010301816.html
434,"닛산 큐브, 미국서 안전한 차 선정",http://sports.chosun.com/news/ntype.htm?id=201112230100164530014117&servicedate=20111223
435,"닛산 큐브, 美 IIHS 안전성 테스트에서 최고 등급 획득",http://news.mk.co.kr/news_forward.php?domain=news&no=825074&year=2011
436,"<수입차소식>닛산, 슈스케 TOP4에 큐브 전달",https://news.naver.com/main/read.naver?mode=LSD&mid=sec&sid1=101&oid=001&aid=0005376022
437,AK플라자에서 닛산 큐브 받아가세요,http://www.asiae.co.kr/news/view.htm?idxno=2011110309120188376
438,"한국닛산 ""큐브, 국내기준 적합··리콜 아냐""",https://news.naver.com/main/read.naver?mode=LSD&mid=sec&sid1=101&oid=003&aid=0004057642
439,닛산 큐브 1호차 주인공은 당구 선수 차유람,http://www.fnnews.com/view?ra=Sent0601m_01A&corp=fnnews&arcid=110817111322&cDateYear=2011&cDateMonth=08&cDateDay=17&
440,"<수입차소식>닛산, 슈스케 TOP4에 큐브 전달",https://news.naver.com/main/read.naver?mode=LSD&mid=sec&sid1=101&oid=001&aid=0005376022
441,AK플라자에서 닛산 큐브 받아가세요,http://www.asiae.co.kr/news/view.htm?idxno=2011110309120188376
442,"한국닛산 ""큐브, 국내기준 적합··리콜 아냐""",https://news.naver.com/main/read.naver?mode=LSD&mid=sec&sid1=101&oid=003&aid=0004057642
443,닛산 큐브 1호차 주인공은 당구 선수 차유람,http://www.fnnews.com/view?ra=Sent0601m_01A&corp=fnnews&arcid=110817111322&cDateYear=2011&cDateMonth=08&cDateDay=17&
444,"닛산, 큐브 살 때 12개월 무이자 제공",http://autotimes.hankyung.com/apps/news.sub_view?popup=0&nid=03&c1=03&c2=03&c3=00&nkey=201208091115411
445,오리지널 박스카 '닛산 큐브' 국내 공식 출시,http://www.newspim.com/common/redirect.jsp?newsId=20110809000109
446,"닛산, 3세대 큐브 시판(종합)",https://news.naver.com/main/read.naver?mode=LSD&mid=sec&sid1=103&oid=001&aid=0005203434
447,"[사진]닛산 큐브, 세련된 전조등-후미등",http://www.moneytoday.co.kr/view/mtview.php?type=1&no=2011080911381619057&outlink=1
448,나왔다 닛산 큐브,https://news.naver.com/main/read.naver?mode=LSD&mid=sec&sid1=101&oid=001&aid=0005203305
449,닛산 큐브 아웃도어에도 만점,https://news.naver.com/main/read.naver?mode=LSD&mid=sec&sid1=101&oid=001&aid=0005203322
450,나왔다 닛산 큐브,https://news.naver.com/main/read.naver?mode=LSD&mid=sec&sid1=101&oid=001&aid=0005203308
451,"한국닛산, '박스카' 큐브 공식 출시…2190만~2490만원",http://www.hankyung.com/news/app/newsview.php?aid=201108097505g
452,닛산 큐브 아웃도어에도 만점,https://news.naver.com/main/read.naver?mode=LSD&mid=sec&sid1=101&oid=001&aid=0005203322
453,닛산 3세대 큐브도 보고 버츠비 립밤도 받고,http://www.fnnews.com/view?ra=Sent1001m_01A&corp=fnnews&arcid=110802174644&cDateYear=2011&cDateMonth=08&cDateDay=02&
454,"기아 쏘울, 미국서 “닛산 큐브 저리비켜!”",http://www.heraldbiz.com/SITE/data/html_dir/2009/06/04/200906040337.asp
455,"닛산 큐브, 사전 예약 10일만에 500명 계약",https://news.naver.com/main/read.naver?mode=LSD&mid=sec&sid1=101&oid=086&aid=0002058910
456,"'박스카' 닛산 큐브, 다음 달부터 예약판매",http://mbn.mk.co.kr/pages/news/newsView.php?category=mbn00003&news_seq_no=1078038
457,"닛산, '콜라보레이션 큐브 몬스터 투어' 개최",http://autotimes.hankyung.com/apps/news.sub_view?popup=0&nid=03&c1=03&c2=03&c3=00&nkey=201206121514341
458,<자동차소식> 닛산 알티마·큐브 시승행사,https://news.naver.com/main/read.naver?mode=LSD&mid=sec&sid1=101&oid=001&aid=0006444055
459,"닛산 큐브(CUBE), 발리 블루(Bali Blue) 출시",http://www.mydaily.co.kr/news/read.html?newsid=201201031127134433&ext=na
460,닛산 큐브 아웃도어에도 만점,https://news.naver.com/main/read.naver?mode=LSD&mid=sec&sid1=101&oid=001&aid=0005203321
461,닛산 3세대 큐브도 보고 버츠비 립밤도 받고,http://www.fnnews.com/view?ra=Sent1001m_01A&corp=fnnews&arcid=110802174644&cDateYear=2011&cDateMonth=08&cDateDay=02&
462,"기아 쏘울, 미국서 “닛산 큐브 저리비켜!”",http://www.heraldbiz.com/SITE/data/html_dir/2009/06/04/200906040337.asp
463,"닛산 큐브, 사전 예약 10일만에 500명 계약",https://news.naver.com/main/read.naver?mode=LSD&mid=sec&sid1=101&oid=086&aid=0002058910
464,"'박스카' 닛산 큐브, 다음 달부터 예약판매",http://mbn.mk.co.kr/pages/news/newsView.php?category=mbn00003&news_seq_no=1078038
465,"닛산, '콜라보레이션 큐브 몬스터 투어' 개최",http://autotimes.hankyung.com/apps/news.sub_view?popup=0&nid=03&c1=03&c2=03&c3=00&nkey=201206121514341
466,<자동차소식> 닛산 알티마·큐브 시승행사,https://news.naver.com/main/read.naver?mode=LSD&mid=sec&sid1=101&oid=001&aid=0006444055
467,"닛산 큐브(CUBE), 발리 블루(Bali Blue) 출시",http://www.mydaily.co.kr/news/read.html?newsid=201201031127134433&ext=na
468,"슈스케 시즌3, 닛산 큐브 타고 달린다",http://www.autotimes.co.kr/article_view.php?id=116256
469,닛산 큐브·인피니티 잘 나갔다,http://www.fnnews.com/view?ra=Sent0601m_01A&corp=fnnews&arcid=0922492409&cDateYear=2011&cDateMonth=12&cDateDay=14&
470,"닛산 큐브(CUBE), 발리 블루(Bali Blue) 출시",http://www.newshankuk.com/news/content.asp?fs=1&ss=2&news_idx=201201031112011407
471,"슈스케 시즌3, 닛산 큐브 타고 달린다",http://www.autotimes.co.kr/article_view.php?id=116256
472,닛산 큐브·인피니티 잘 나갔다,http://www.fnnews.com/view?ra=Sent0601m_01A&corp=fnnews&arcid=0922492409&cDateYear=2011&cDateMonth=12&cDateDay=14&
473,"닛산, 신형 큐브 출시",http://www.autotimes.co.kr/article_view.php?id=36494
474,'닛산 큐브' 돌풍 이 정도일 줄을…벤츠·BMW 제치고 1위,http://www.hankyung.com/news/app/newsview.php?aid=201112054880g
475,랜드로버 ‘이보크’-닛산 ‘큐브’… 내달 서울모터쇼로 몰려온다,http://news.donga.com/3/all/20110317/35666857/1
476,"울랄라세션, 닛산 '큐브' 받았다",http://www.moneytoday.co.kr/view/mtview.php?type=1&no=2011111413560425647&outlink=1
477,"[시승기] 운전하다 조금 실수해도 눈 흘기지 못할, 닛산 큐브",http://news.mk.co.kr/news_forward.php?domain=news&no=43765&year=2012
478,"한국닛산 큐브, 11월 수입차 판매 1위",http://news.mk.co.kr/news_forward.php?domain=news&no=831202&year=2011
479,"닛산 큐브, 3년 연속 美 ‘가장 안전한 차’ 선정",http://www.ajnews.co.kr/common/redirect.jsp?newsId=20111222000548
480,"닛산 큐브, 3년 연속 美 ‘가장 안전한 차’ 선정",http://www.ajnews.co.kr/common/redirect.jsp?newsId=20111222000548
481,한국닛산 `큐브` 가격 내년부터 70만원 인상,http://www.dt.co.kr/contents.html?article_no=2011121902019932718009
482,닛산 큐브 日자존심 세웠네,http://www.fnnews.com/view?ra=Sent0601m_01A&corp=fnnews&arcid=0922483752&cDateYear=2011&cDateMonth=12&cDateDay=05&
483,"기아차 ""닛산 큐브 나와라!""",http://www.moneytoday.co.kr/view/mtview.php?type=1&no=2011110918148234559&outlink=1
484,한국닛산 `큐브` 체험 마케팅 전개,http://www.dt.co.kr/contents.html?article_no=2011102402019932718004
485,"닛산 큐브, 연료유출로 리콜",http://www.asiae.co.kr/news/view.htm?idxno=2010072711275718057
486,시승기- 닛산 ‘큐브’,http://www.imaeil.com/sub_news/sub_news_view.php?news_id=56694&yy=2011
487,닛산·포르쉐 등 수입차량 4만3000대 리콜,http://www.newsian.co.kr/news/articleView.html?idxno=38626
488,"서울모터쇼 베스트카, 닛산 큐브 선정",http://www.maxmovie.com/movie_info/ent_news_view.asp?mi_id=MI0092294991
489,"한국닛산, 알티마·큐브·쥬크 등 최대 250만원 주유 상품권 제공",http://www.ajunews.com/view/20140507134230375
490,"서울모터쇼 베스트카, 닛산 큐브 선정",http://www.maxmovie.com/movie_info/ent_news_view.asp?mi_id=MI0092294991
491,"한국닛산, 알티마·큐브·쥬크 등 최대 250만원 주유 상품권 제공",http://www.ajunews.com/view/20140507134230375
492,국토부 “닛산큐브 문제 없다”,http://mbn.mk.co.kr/pages/news/newsView.php?category=mbn00013&news_seq_no=1103214
493,"효리차 `닛산 큐브`, 한국형과 일본형은 다르다?",http://news.mk.co.kr/news_forward.php?no=573087&year=2011
494,"[시승기] 닛산 큐브, 여친에게 사주고 싶은 車",http://osen.mt.co.kr/news/view.html?gid=G1108290137
495,"닛산 큐브, ""디자인 영감은 머그컵""",http://www.autotimes.co.kr/article_view.php?id=127655
496,"나이토 겐지 한국닛산 대표 ""큐브 올해 3000대 팔겁니다""",http://news.mk.co.kr/news_forward.php?no=555732&year=2011
497,"켄지 나이토 한국닛산 대표, “큐브 내년에도 3000대 이상”",http://biz.heraldm.com/common/redirect.jsp?category_id=010107041300&news_id=20110826000755
498,"3세대 닛산 큐브, 국내 본격 데뷔",http://news.mk.co.kr/news_forward.php?no=514981&year=2011
499,닛산 큐브 한달새 1000대 돌파…인기 비결은?,http://news.mk.co.kr/news_forward.php?no=508204&year=2011
