,title,url
0,'사브 9-3' 타게 될 행운의 주인공은?,http://www.moneytoday.co.kr/view/mtview.php?type=1&no=2006031509423887289&outlink=1
1,[모델 히스토리] 시대의 변종에서 드라이빙의 파트너로…캐딜락 컴팩트 라인업의 계보,https://hankookilbo.com/News/Read/A2021082112280005962?did=NA
2,스웨덴 명차 '사브'는 왜 역사 속으로 사라졌나,https://view.asiae.co.kr/article/2020022010575872548
3,"사라진 사브 9-3, 터키에서 전기차로 부활(?)",http://www.dailycar.co.kr/content/news.html?type=view&autoId=33489
4,태양광 전기차 생산기지로 재탄생한..사브 공장,http://www.dailycar.co.kr/content/news.html?type=view&autoId=35688
5,[팩트체크] 하늘의 지휘소' 조기경보기 독자개발? 사실일까?,http://www.newstof.com/news/articleView.html?idxno=12464
6,"사라진 사브 9-3, 전기차로 부활",http://autotimes.hankyung.com/apps/news.sub_view?popup=0&nid=09&c1=09&c2=09&c3=00&nkey=201712061447211
7,"내연기관 사브(SAAB) 가고, 9-3 EV 온다",http://autotimes.hankyung.com/apps/news.sub_view?popup=0&nid=02&c1=02&c2=02&c3=00&nkey=201701302222121
8,"[브랜드 흥망사] 70년 전통의 자동차 브랜드, '사브'의 비극",http://it.donga.com/27896/
9,"사브·머스탱 1000여대, 에어백 리콜 실시",http://news.mt.co.kr/mtview.php?no=2018051616343283899
10,"사브, 9-3 EV로 중국서 '부활 시동'",http://autotimes.hankyung.com/apps/news.sub_view?popup=0&nid=04&c1=04&c2=04&c3=00&nkey=201408221624541
11,"사브, 파산 극복 무산되나..9-3 생산 중단",http://autotimes.hankyung.com/apps/news.sub_view?popup=0&nid=04&c1=04&c2=04&c3=00&nkey=201405220146241
12,2.0 터보차저 사브 9-3 에어로 모델 공개,http://news.mk.co.kr/news_forward.php?domain=news&no=1235454&year=2013
13,"스웨덴 명차 '사브', 2년7개월 만에 9-3 생산 재개",http://www.ajunews.com/view/20131129094607612
14,"새로 태어난 '사브 9-3'...""아~ 옛날이여""",http://www.wowtv.co.kr/newscenter/news/view.asp?bcode=T30001000&artid=A201303090017
15,파산 때문에 공개못해…‘사브 9-3’ 유출사진 살펴보니,http://www.segye.com/Articles/Car/Business/Article.asp?aid=20130202020739&subctg1=01&subctg2=&OutUrl=naver
16,"GM코리아, 사브 9-3, 9-5 디젤 모델 출시",http://www.asiae.co.kr/uhtml/read.jsp?idxno=2009020509552123061
17,"사브 9-3, 5년 연속 IIHS 최고상 수상",http://aving.net/atc/read.asp?c_num=108298&Branch_ID=kr
18,"GM 사브 9-3, 美 IIHS 선정 '가장 안전한 차'",http://www.asiaeconomy.co.kr/uhtml/read.jsp?idxno=449003
19,"[카테크] 터보엔진 디자인과 만나다, 사브 9-3 에어로",http://www.ebuzz.co.kr/content/buzz_view.html?ps_ccid=70790
20,[시승기] 야생마 같은 느낌? '사브 9-3 벡터',http://aving.net/atc/read.asp?c_num=107281&Branch_ID=kr
21,"현대적인 재해석, 사브 9-3 에어로",http://www.autotimes.co.kr/article_view.php?id=33604
22,[Car & Life]에어로 디자인·강력한 힘 ‘와우’ - 뉴 사브(Saab) 9-3 컨버터블,http://www.kbizweek.com/cp/view.asp?vol_no=649&art_no=45&sec_cd=1659
23,"GM코리아, `뉴 사브 9-3 벡터` 사면 내비게이션 무료",http://www.dt.co.kr/contents.html?article_no=2008042202011232727003
24,뉴 사브 9-3벡터 사면 내비게이션 무료,http://news.mk.co.kr/news_forward.php?no=242456&year=2008
25,[Car & Travel]뉴사브 9-3 컨버터블로 동해안 드라이브,http://www.donga.com/fbin/output?n=200803170042
26,사진으로 보는 '뉴 사브(SAAB) 9-3 컨버터블' - 내부,http://aving.net/atc/read.asp?c_num=74374&Branch_ID=kr
27,"GM코리아, 뉴사브 9-3 컨버터블 출시",http://www.e-today.co.kr/200707/news/newsview.php?TM=news&SM=0101&idxno=156895
28,프리미엄 컨버터블‘뉴 사브(SAAB) 9-3’,https://news.naver.com/main/read.naver?mode=LSD&mid=sec&sid1=101&oid=003&aid=0001969088
29,[명차 나들이] 뉴 사브9-3,https://news.naver.com/main/read.naver?mode=LSD&mid=sec&sid1=103&oid=011&aid=0001939888
30,"사브 9-3 “안전성, 날 따를車 없다”",http://www.segye.com/Articles/NEWS/ECONOMY/Article.asp?aid=20071226002887&subctg1=&subctg2=
31,"뉴 사브 9-3, 美 IIHS 충돌테스트에서 안전한 차로 꼽혀",http://www.e-today.co.kr/200707/news/newsview.php?TM=news&SM=0101&idxno=150232
32,GM코리아 `뉴 사브 9-3` 출시,http://www.dt.co.kr/contents.html?article_no=2007112202011432691001
33,"GM코리아, 뉴 사브 9-3 출시...가격 대폭 인하",http://www.asiae.co.kr/uhtml/read.jsp?idxno=217054§ion=S1N5§ion2=S2N107
34,"GM코리아, 뉴 사브 9-3 컨버터블 출시",http://www.dt.co.kr/contents.html?article_no=2008022102010832691004
35,GM코리아 스포츠세단 ‘뉴 사브 9―3’ 공개,http://www.fnnews.com/view?ra=Sent0601m_01A&corp=fnnews&arcid=0921158050&cDateYear=2007&cDateMonth=11&cDateDay=21&
36,"심장은 하이퍼카 바이퍼, 겉모습은 사브 9-3",http://news.mk.co.kr/news_forward.php?no=312042&year=2011
37,[시승기]사브 9-3 스포츠콤비 디젤,http://www.heraldbiz.com/SITE/data/html_dir/2006/08/22/200608220007.asp
38,<시승기>사브 스포츠 세단 9-3 TiD,http://www.heraldbiz.com/SITE/data/html_dir/2007/07/10/200707100014.asp
39,"GM코리아, 뉴사브 9-5, 사브9-3스포츠콤비 출시",https://news.naver.com/main/read.naver?mode=LSD&mid=sec&sid1=103&oid=029&aid=0000128308
40,'뉴 사브 9-5'·'9-3스포츠콤비' 출시,http://www.moneytoday.co.kr/view/mtview.php?type=1&no=2006020611132628234&outlink=1
41,[CAR]2006년형 사브 9-3 에어로,https://news.naver.com/main/read.naver?mode=LSD&mid=sec&sid1=103&oid=033&aid=0000008000
42,`파워 강화된` 06년형 사브 9-3 에어로 출시,http://www.edaily.co.kr/news/newsread.asp?newsid=02145126579716736&curType=read
43,"사브9-3 9-5, 영국 태참 후방충돌실험서 최고등급",https://news.naver.com/main/read.naver?mode=LSD&mid=sec&sid1=105&oid=029&aid=0000121504
44,"GM코리아, ‘사브 9-3 아크’ 10% 인하",http://www.moneytoday.co.kr/view/mtview.php?type=1&no=2005083009391355382&outlink=1
45,"GM코리아, 사브 9-3 스포츠콤비 출품",https://news.naver.com/main/read.naver?mode=LSD&mid=sec&sid1=101&oid=008&aid=0000523747
46,[시승기] 사브 '9-3 에어로'‥야수의 눈빛으로 사냥하듯 돌진,http://www.hankyung.com/news/app/newsview.php?aid=2009031179541
47,"뉴사브9-3 컨버터블,최고 디자인상 수상",https://news.naver.com/main/read.naver?mode=LSD&mid=sec&sid1=101&oid=008&aid=0000416296
48,"GM코리아, 서울디자인페스티발에 `사브9-3` 전시",http://www.edaily.co.kr/news/newsread.asp?newsid=02145126576736200&curType=read
49,"GM코리아, 오픈카 ´뉴 사브 9-3 컨버터블´ 출시",https://news.naver.com/main/read.naver?mode=LSD&mid=sec&sid1=101&oid=018&aid=0000153333
50,"GM코리아, 현대백화점과 `뉴 사브 9-3` 경품행사",https://news.naver.com/main/read.naver?mode=LSD&mid=sec&sid1=101&oid=018&aid=0000232615
51,"[시승기-사브9-3] 4도어 세단 ’변신’ 세련미, ‘4기통 엔진’ 유연함 지녀",https://news.naver.com/main/read.naver?mode=LSD&mid=sec&sid1=103&oid=014&aid=0000045212
52,"GM코리아, 뉴사브 9-3 출시",https://news.naver.com/main/read.naver?mode=LSD&mid=sec&sid1=101&oid=009&aid=0000262074
53,[시승기] 사브 9-3 스포츠콤비 … 젊은층 공략,https://news.naver.com/main/read.naver?mode=LSD&mid=sec&sid1=101&oid=015&aid=0000891485
54,[명차 나들이] 사브(Saab) 9-3 에어로,https://news.naver.com/main/read.naver?mode=LSD&mid=sec&sid1=101&oid=011&aid=0000126991
55,"GM코리아, 아마추어 스키대회 `뉴 사브 9-3` 전달",https://news.naver.com/main/read.naver?mode=LSD&mid=sec&sid1=101&oid=018&aid=0000117536
56,"`사브 9-3 스포츠 세단`, 충돌안정성 최고",https://news.naver.com/main/read.naver?mode=LSD&mid=sec&sid1=101&oid=018&aid=0000210401
57,[세계의 명차 신차] GM ‘사브 9-3 스포츠콤비’,https://news.naver.com/main/read.naver?mode=LSD&mid=sec&sid1=103&oid=029&aid=0000108043
58,<시승기>뉴 사브 9-3 컨버터블,http://www.heraldbiz.com/SITE/data/html_dir/2008/06/03/200806030040.asp
59,"사브 9-3 컨버터블, 美 가장 안전한 차 선정",http://www.moneytoday.co.kr/view/mtview.php?type=1&no=2007070409235814074&outlink=1
60,[시승기] 사브 9-3 벡터‥절제된 디자인…출력은 좋은데 연비는 글쎄,http://www.hankyung.com/news/app/newsview.php?aid=2008052138961
61,뉴사브 9-3 컨버터블‥용수철 튀듯 질주하는 오픈카,http://www.hankyung.com/news/app/newsview.php?aid=2008032379631
62,[2003년 fn 히트상품-자동차] GM코리아 뉴사브 9-3,https://news.naver.com/main/read.naver?mode=LSD&mid=sec&sid1=111&oid=014&aid=0000100493
63,사브(SAAB) 9-3 컨버터블 신차발표회를 찾은 GM코리아의 이영철 대표,http://aving.net/atc/read.asp?c_num=74124&Branch_ID=kr
64,[시승기] 사브 `9-3 스포츠콤비`,https://news.naver.com/main/read.naver?mode=LSD&mid=sec&sid1=105&oid=029&aid=0000136482
65,"GM코리아, `사브9-3 아크` 가격 10% 인하",https://news.naver.com/main/read.naver?mode=LSD&mid=sec&sid1=105&oid=029&aid=0000113488
66,"뉴 사브9-3컨버터블, 충돌테스트 별 5개 획득",https://news.naver.com/main/read.naver?mode=LSD&mid=sec&sid1=101&oid=018&aid=0000175531
67,"사브코리아, 뉴사브 9-3시리즈 출시<외국기업소식>",https://news.naver.com/main/read.naver?mode=LSD&mid=sec&sid1=101&oid=001&aid=0004525273
68,[기획]사라진 사브(SAAB)의 흔적을 찾아서④(최종),http://autotimes.hankyung.com/apps/news.sub_view?popup=0&nid=01&c1=01&c2=01&c3=00&nkey=201504200011281
69,[기획]사라진 사브(SAAB)의 흔적을 찾아서③,http://autotimes.hankyung.com/apps/news.sub_view?popup=0&nid=01&c1=01&c2=01&c3=00&nkey=201504181823421
70,[수입차의 실패] ④모기업의 경영 실패로 역사속으로 사라진 '사브',http://www.it.co.kr/news/article.html?no=2796385
71,뉴 사브 9-3 신차발표회,https://news.naver.com/main/read.naver?mode=LSD&mid=sec&sid1=101&oid=001&aid=0000284702
72,"사브, 부활 위해 중국업체와 손잡았다",http://autotimes.hankyung.com/apps/news.sub_view?popup=0&nid=04&c1=04&c2=04&c3=00&nkey=201505291141041
73,2008년형 뉴 사브 9-5 출시..'최대 21%가격인하',http://www.edaily.co.kr/news/newspath.asp?newsid=01826966583355896
74,"GM코리아, '사브 9-3 TS' 기념모델 국내 판매",https://news.naver.com/main/read.naver?mode=LSD&mid=sec&sid1=101&oid=015&aid=0000461369
75,"GM 사브 `9-3` 스포츠세단, `최고 안전한 차` 수상",http://www.edaily.co.kr/news/newsread.asp?newsid=02082806576798192&curType=read
76,[스타시승기]박용하의 `뉴 사브9-3에어로`,https://news.naver.com/main/read.naver?mode=LSD&mid=sec&oid=016&aid=0000125600
77,사브의 새로운 주인은?,http://www.thedrive.co.kr/news/newsview.php?ncode=1065571262570514
78,'마힌드라 사브 인수' 쌍용차 손익 따져보니,http://www.edaily.co.kr/news/newspath.asp?newsid=03152086606317208
79,"GM코리아, '뉴사브 9-5 시리즈'등 출시",https://news.naver.com/main/read.naver?mode=LSD&mid=sec&sid1=101&oid=015&aid=0000468541
80,2006년형 사브 `9-3 에어로`출시,https://news.naver.com/main/read.naver?mode=LSD&mid=sec&sid1=105&oid=029&aid=0000126120
81,[포토] 국내 최초공개 '사브 9-3 스포츠 콤비' (2005서울모터쇼),https://news.naver.com/main/read.naver?mode=LSD&mid=sec&sid1=106&oid=117&aid=0000009439
82,[2008 북경모터쇼]사브(Saab)가 선보인 'New Saab 9-3 Sport Sedan 2.8T V6',http://aving.net/atc/read.asp?c_num=84086&Branch_ID=kr
83,"사브, 2년여만에 자동차 생산 재개",https://news.naver.com/main/read.naver?mode=LSD&mid=sec&sid1=101&oid=001&aid=0006622935
84,[제네바모터쇼]모습 드러낸 사브 9-3 컨버터블,https://news.naver.com/main/read.naver?mode=LSD&mid=sec&sid1=104&oid=003&aid=0003718942
85,"LA오토쇼, 사브 9-3 프로토타입",https://news.naver.com/main/read.naver?mode=LSD&mid=sec&sid1=103&oid=003&aid=0003544323
86,명차 ‘사브’ 부활 꿈꾼다,http://www.weeklytrade.co.kr/sub_read.html?uid=26945§ion=sc8§ion2=
87,새주인 찾은 '사브'...中·日 컨소시엄에 매각,http://www.mt.co.kr/view/mtview.php?type=1&no=2012061401113579058&outlink=1
88,"스웨덴 車 사브, 중일 컨소시엄에 매각",http://news1.kr/articles/701994
89,"사브, 결국 유동성 위기",https://news.naver.com/main/read.naver?mode=LSD&mid=sec&sid1=101&oid=001&aid=0005013440
90,"[Car & Marketing] 사브 9-3, 시속 180㎞에서도 넘치는 힘",https://news.naver.com/main/read.naver?mode=LSD&mid=sec&sid1=103&oid=009&aid=0000511509
91,"[Car & Marketing] 사브 '9-3 스포츠 콤비', 안정성 돋보여",https://news.naver.com/main/read.naver?mode=LSD&mid=sec&sid1=101&oid=009&aid=0000498590
92,"제네바모터쇼, 사브 뉴 9-3 스포츠콤비",https://news.naver.com/main/read.naver?mode=LSD&mid=sec&sid1=104&oid=091&aid=0000112467
93,"GM, 캐딜락-사브 전국 시승행사 실시",http://www.autotimes.co.kr/article_view.php?id=35210
94,사브 9-3 스포츠콤비의 달콤한 유혹,https://news.naver.com/main/read.naver?mode=LSD&mid=sec&sid1=104&oid=091&aid=0000130101
95,"[8월 신차 판매조건]캐딜락과 사브, 36개월 무이자 및 세금 지원",http://news.mk.co.kr/news_forward.php?no=480191&year=2008
96,"GM, 사브 결국 폐쇄키로(상보)",http://www.moneytoday.co.kr/view/mtview.php?type=1&no=2009121910453307435&outlink=1
97,캐딜락ㆍ사브 모델과 함께 풍성한 여름 휴가를~,http://www.heraldbiz.com/SITE/data/html_dir/2008/07/31/200807310318.asp
98,"GM코리아, `뉴 사브9­3 컨버터블` 발표",https://news.naver.com/main/read.naver?mode=LSD&mid=sec&sid1=101&oid=029&aid=0000065610
99,"中 베이징차, 사브 자산 일부 인수",http://www.asiae.co.kr/news/view.htm?idxno=2009121409325277832
100,[시승기] 사브 `9-3 스포츠콤비`,https://news.naver.com/main/read.naver?mode=LSD&mid=sec&sid1=105&oid=029&aid=0000136482
101,"2008년형 사브 9-3 컨버터블, 345만원 싼 값에 출시",http://news.mk.co.kr/news_forward.php?no=93689&year=2008
102,"GM코리아, `사브9-3 아크` 가격 10% 인하",https://news.naver.com/main/read.naver?mode=LSD&mid=sec&sid1=105&oid=029&aid=0000113488
103,"GM코리아, `사브 9-3 아크` 가격 10% 인하",https://news.naver.com/main/read.naver?mode=LSD&mid=sec&sid1=101&oid=018&aid=0000307519
104,"뉴 사브9-3컨버터블, 충돌테스트 별 5개 획득",https://news.naver.com/main/read.naver?mode=LSD&mid=sec&sid1=101&oid=018&aid=0000175531
105,"사브코리아, 뉴사브 9-3시리즈 출시<외국기업소식>",https://news.naver.com/main/read.naver?mode=LSD&mid=sec&sid1=101&oid=001&aid=0004525273
106,"GM코리아, 뉴 사브 9-3 컨버터블 출시",https://news.naver.com/main/read.naver?mode=LSD&mid=sec&sid1=101&oid=001&aid=0000632209
107,[기획]사라진 사브(SAAB)의 흔적을 찾아서④(최종),http://autotimes.hankyung.com/apps/news.sub_view?popup=0&nid=01&c1=01&c2=01&c3=00&nkey=201504200011281
108,[기획]사라진 사브(SAAB)의 흔적을 찾아서③,http://autotimes.hankyung.com/apps/news.sub_view?popup=0&nid=01&c1=01&c2=01&c3=00&nkey=201504181823421
109,2006년형 사브 9-3 에어로 출시,https://news.naver.com/main/read.naver?mode=LSD&mid=sec&sid1=103&oid=004&aid=0000055956
110,2006년형 사브 9-3 에어로 출시,https://news.naver.com/main/read.naver?mode=LSD&mid=sec&sid1=103&oid=004&aid=0000055956
111,[수입차의 실패] ④모기업의 경영 실패로 역사속으로 사라진 '사브',http://www.it.co.kr/news/article.html?no=2796385
112,[MD포토] 뉴 사브 9-5와 사브9-3스포츠 콤비,https://news.naver.com/main/read.naver?mode=LSD&mid=sec&sid1=103&oid=117&aid=0000037019
113,뉴사브 9-3컨버터블 출시,http://www.dt.co.kr/contents.html?article_no=2008022002019965612001
114,뉴 사브 9-3 신차발표회,https://news.naver.com/main/read.naver?mode=LSD&mid=sec&sid1=101&oid=001&aid=0000284702
115,"사브, 부활 위해 중국업체와 손잡았다",http://autotimes.hankyung.com/apps/news.sub_view?popup=0&nid=04&c1=04&c2=04&c3=00&nkey=201505291141041
116,2008년형 뉴 사브 9-5 출시..'최대 21%가격인하',http://www.edaily.co.kr/news/newspath.asp?newsid=01826966583355896
117,"GM코리아, '사브 9-3 TS' 기념모델 국내 판매",https://news.naver.com/main/read.naver?mode=LSD&mid=sec&sid1=101&oid=015&aid=0000461369
118,"GM 사브 `9-3` 스포츠세단, `최고 안전한 차` 수상",http://www.edaily.co.kr/news/newsread.asp?newsid=02082806576798192&curType=read
119,"GM 사브 9-3, 美 IIHS '가장 안전한 중형차' 뽑혀",http://www.asiae.co.kr/uhtml/read.jsp?idxno=231128§ion=S1N5§ion2=S2N107
120,7년만의 신모델 2006년형 `뉴 사브 9-5` 출시,http://www.edaily.co.kr/news/newspath.asp?newsid=01754806579747896
121,"GM코리아, '사브 9-3 TS' 기념모델 국내 판매",https://news.naver.com/main/read.naver?mode=LSD&mid=sec&sid1=101&oid=015&aid=0000461369
122,"GM 사브 `9-3` 스포츠세단, `최고 안전한 차` 수상",http://www.edaily.co.kr/news/newsread.asp?newsid=02082806576798192&curType=read
123,"GM 사브 9-3, 美 IIHS '가장 안전한 중형차' 뽑혀",http://www.asiae.co.kr/uhtml/read.jsp?idxno=231128§ion=S1N5§ion2=S2N107
124,[스타시승기]박용하의 `뉴 사브9-3에어로`,https://news.naver.com/main/read.naver?mode=LSD&mid=sec&oid=016&aid=0000125600
125,"사브, 뉴 9-3 컨버터블 시판",http://www.autotimes.co.kr/article_view.php?id=31267
126,세련된 디자인의 스포츠 세단 뉴사브 9-3,https://news.naver.com/main/read.naver?mode=LSD&mid=sec&sid1=101&oid=003&aid=0000654192
127,사브의 새로운 주인은?,http://www.thedrive.co.kr/news/newsview.php?ncode=1065571262570514
128,'마힌드라 사브 인수' 쌍용차 손익 따져보니,http://www.edaily.co.kr/news/newspath.asp?newsid=03152086606317208
129,"GM코리아, '뉴사브 9-5 시리즈'등 출시",https://news.naver.com/main/read.naver?mode=LSD&mid=sec&sid1=101&oid=015&aid=0000468541
130,세련된 디자인의 스포츠 세단 뉴사브 9-3,https://news.naver.com/main/read.naver?mode=LSD&mid=sec&sid1=101&oid=003&aid=0000654192
131,사브의 새로운 주인은?,http://www.thedrive.co.kr/news/newsview.php?ncode=1065571262570514
132,'마힌드라 사브 인수' 쌍용차 손익 따져보니,http://www.edaily.co.kr/news/newspath.asp?newsid=03152086606317208
133,"GM코리아, '뉴사브 9-5 시리즈'등 출시",https://news.naver.com/main/read.naver?mode=LSD&mid=sec&sid1=101&oid=015&aid=0000468541
134,2006년형 사브 `9-3 에어로`출시,https://news.naver.com/main/read.naver?mode=LSD&mid=sec&sid1=105&oid=029&aid=0000126120
135,"GM코리아, 2006년형 사브 9-3 에어로 출시",https://news.naver.com/main/read.naver?mode=LSD&mid=sec&sid1=103&oid=001&aid=0001193981
136,[포토] 국내 최초공개 '사브 9-3 스포츠 콤비' (2005서울모터쇼),https://news.naver.com/main/read.naver?mode=LSD&mid=sec&sid1=106&oid=117&aid=0000009439
137,[2008 북경모터쇼]사브(Saab)가 선보인 'New Saab 9-3 Sport Sedan 2.8T V6',http://aving.net/atc/read.asp?c_num=84086&Branch_ID=kr
138,"`사브 9-3', 최고 안전등급 획득",https://news.naver.com/main/read.naver?mode=LSD&mid=sec&sid1=101&oid=001&aid=0000783581
139,"사브, 2년7개월만에 자동차 생산 재개",http://www.etoday.co.kr/news/section/newsview.php?idxno=829379
140,"사브, 2년7개월만에 자동차 생산 재개",http://www.etoday.co.kr/news/section/newsview.php?idxno=829379
141,"사브, 2년여만에 자동차 생산 재개",https://news.naver.com/main/read.naver?mode=LSD&mid=sec&sid1=101&oid=001&aid=0006622935
142,뉴 사브 9-3컨버터블 출시,https://news.naver.com/main/read.naver?mode=LSD&mid=sec&oid=003&aid=0000053392
143,"GM, 2009년형 사브 9-3 & 9-5 디젤 출시",http://www.autotimes.co.kr/article_view.php?id=41900
144,[제네바모터쇼]모습 드러낸 사브 9-3 컨버터블,https://news.naver.com/main/read.naver?mode=LSD&mid=sec&sid1=104&oid=003&aid=0003718942
145,"GM코리아, 뉴 사브 9-5 ""가격인하""",http://www.moneytoday.co.kr/view/mtview.php?type=1&no=2007120613345827513&outlink=1
146,"LA오토쇼, 사브 9-3 프로토타입",https://news.naver.com/main/read.naver?mode=LSD&mid=sec&sid1=103&oid=003&aid=0003544323
147,'사브 뉴 9-3 벡터 사면 내비게이션이 공짜',http://www.autotimes.co.kr/article_view.php?id=32285
148,"[사진]GM코리아, ‘뉴 사브 9-3 컨버터블’ 출시",http://www.moneytoday.co.kr/view/mtview.php?type=1&no=2008022013065943574&outlink=1
149,명차 ‘사브’ 부활 꿈꾼다,http://www.weeklytrade.co.kr/sub_read.html?uid=26945§ion=sc8§ion2=
150,"LA오토쇼, 사브 9-3 프로토타입",https://news.naver.com/main/read.naver?mode=LSD&mid=sec&sid1=103&oid=003&aid=0003544323
151,'사브 뉴 9-3 벡터 사면 내비게이션이 공짜',http://www.autotimes.co.kr/article_view.php?id=32285
152,"[사진]GM코리아, ‘뉴 사브 9-3 컨버터블’ 출시",http://www.moneytoday.co.kr/view/mtview.php?type=1&no=2008022013065943574&outlink=1
153,명차 ‘사브’ 부활 꿈꾼다,http://www.weeklytrade.co.kr/sub_read.html?uid=26945§ion=sc8§ion2=
154,GM 뉴 사브 9-3 출시... 기존 모델보다 가격 낮춰,http://www.hankyung.com/news/app/newsview.php?aid=2007112139027
155,'뉴 사브 9-3' 신차 발표회,https://news.naver.com/main/read.naver?mode=LSD&mid=sec&sid1=101&oid=001&aid=0001829332
156,새주인 찾은 '사브'...中·日 컨소시엄에 매각,http://www.mt.co.kr/view/mtview.php?type=1&no=2012061401113579058&outlink=1
157,"스웨덴 車 사브, 중일 컨소시엄에 매각",http://news1.kr/articles/701994
158,"사브, 결국 유동성 위기",https://news.naver.com/main/read.naver?mode=LSD&mid=sec&sid1=101&oid=001&aid=0005013440
159,"<게시판> GM코리아, '사브 9-3 아크' 가격 인하",https://news.naver.com/main/read.naver?mode=LSD&mid=sec&sid1=101&oid=001&aid=0001086223
160,'뉴 사브 9-3' 신차 발표회,https://news.naver.com/main/read.naver?mode=LSD&mid=sec&sid1=101&oid=001&aid=0001829332
161,"GM코리아, 뉴 사브 9-3 출시",http://www.wownet.co.kr/news/wownews/view.asp?bcode=N07010000&artid=M200711210157
162,새주인 찾은 '사브'...中·日 컨소시엄에 매각,http://www.mt.co.kr/view/mtview.php?type=1&no=2012061401113579058&outlink=1
163,"스웨덴 車 사브, 중일 컨소시엄에 매각",http://news1.kr/articles/701994
164,"사브, 결국 유동성 위기",https://news.naver.com/main/read.naver?mode=LSD&mid=sec&sid1=101&oid=001&aid=0005013440
165,"<게시판> GM코리아, '사브 9-3 아크' 가격 인하",https://news.naver.com/main/read.naver?mode=LSD&mid=sec&sid1=101&oid=001&aid=0001086223
166,"[Car & Marketing] 사브 9-3, 시속 180㎞에서도 넘치는 힘",https://news.naver.com/main/read.naver?mode=LSD&mid=sec&sid1=103&oid=009&aid=0000511509
167,"[Car & Marketing] 사브 '9-3 스포츠 콤비', 안정성 돋보여",https://news.naver.com/main/read.naver?mode=LSD&mid=sec&sid1=101&oid=009&aid=0000498590
168,"제네바모터쇼, 사브 뉴 9-3 스포츠콤비",https://news.naver.com/main/read.naver?mode=LSD&mid=sec&sid1=104&oid=091&aid=0000112467
169,"GM코리아, 2009년형 사브 디젤 모델 출시",https://news.naver.com/main/read.naver?mode=LSD&mid=sec&sid1=101&oid=001&aid=0002486611
170,"파산했던 스웨덴車 사브, 홍콩·일본 컨소시엄서 매수",http://www.segye.com/Articles/Car/Business/Article.asp?aid=20120614023320&subctg1=&subctg2=
171,"스웨덴 車 사브, 중일 컨소시엄에 매각",http://news1.kr/articles/701994
172,"사브, 결국 유동성 위기",https://news.naver.com/main/read.naver?mode=LSD&mid=sec&sid1=101&oid=001&aid=0005013440
173,"<게시판> GM코리아, '사브 9-3 아크' 가격 인하",https://news.naver.com/main/read.naver?mode=LSD&mid=sec&sid1=101&oid=001&aid=0001086223
174,"[Car & Marketing] 사브 9-3, 시속 180㎞에서도 넘치는 힘",https://news.naver.com/main/read.naver?mode=LSD&mid=sec&sid1=103&oid=009&aid=0000511509
175,"[Car & Marketing] 사브 '9-3 스포츠 콤비', 안정성 돋보여",https://news.naver.com/main/read.naver?mode=LSD&mid=sec&sid1=101&oid=009&aid=0000498590
176,"제네바모터쇼, 사브 뉴 9-3 스포츠콤비",https://news.naver.com/main/read.naver?mode=LSD&mid=sec&sid1=104&oid=091&aid=0000112467
177,"GM코리아, 2009년형 사브 디젤 모델 출시",https://news.naver.com/main/read.naver?mode=LSD&mid=sec&sid1=101&oid=001&aid=0002486611
178,"GM, 캐딜락-사브 전국 시승행사 실시",http://www.autotimes.co.kr/article_view.php?id=35210
179,서울모터쇼-사브 9-3 콤비,https://news.naver.com/main/read.naver?mode=LSD&mid=sec&sid1=104&oid=091&aid=0000146254
180,서울모터쇼-사브 9-3 콤비,https://news.naver.com/main/read.naver?mode=LSD&mid=sec&sid1=104&oid=091&aid=0000146254
181,사브 9-3 스포츠콤비의 달콤한 유혹,https://news.naver.com/main/read.naver?mode=LSD&mid=sec&sid1=104&oid=091&aid=0000130101
182,"[8월 신차 판매조건]캐딜락과 사브, 36개월 무이자 및 세금 지원",http://news.mk.co.kr/news_forward.php?no=480191&year=2008
183,"GM, 사브 결국 폐쇄키로(상보)",http://www.moneytoday.co.kr/view/mtview.php?type=1&no=2009121910453307435&outlink=1
184,캐딜락ㆍ사브 모델과 함께 풍성한 여름 휴가를~,http://www.heraldbiz.com/SITE/data/html_dir/2008/07/31/200807310318.asp
185,"GM코리아, `뉴 사브9­3 컨버터블` 발표",https://news.naver.com/main/read.naver?mode=LSD&mid=sec&sid1=101&oid=029&aid=0000065610
186,새 사브 소프트탑 컨버터블 출시,http://www.asiae.co.kr/uhtml/read.jsp?idxno=284672§ion=S1N5§ion2=S2N107
187,"中 베이징차, 사브 자산 일부 인수",http://www.asiae.co.kr/news/view.htm?idxno=2009121409325277832
188,"GM코리아, 드라마 남자이야기에 캐딜락, 사브 지원",http://www.fnnews.com/view?ra=Sent0601m_01A&corp=fnnews&arcid=090406140815&cDateYear=2009&cDateMonth=04&cDateDay=06&
189,"사브&캐딜락, 백화점과 골프장에서 타보세요",http://news.mk.co.kr/news_forward.php?no=154345&year=2009
190,"사브&캐딜락, 백화점과 골프장에서 타보세요",http://news.mk.co.kr/news_forward.php?no=154345&year=2009
191,"GM코리아, 사브의 진면목을 보여준다",http://www.moneytoday.co.kr/view/mtview.php?type=1&no=2007112113561131225&outlink=1
192,"사브, 첫 전기차 'e-파워' 공개",http://www.hankyung.com/news/app/newsview.php?aid=201009190669g
193,GM 뉴사브 2종 ‘파격 리스’,http://www.fnnews.com/view?ra=Sent0701m_01A&corp=fnnews&arcid=071220000331&cDateYear=2007&cDateMonth=12&cDateDay=20&
194,GM 뉴사브 2종 ‘파격 리스’,http://www.fnnews.com/view?ra=Sent0601m_01A&corp=fnnews&arcid=0921183760&cDateYear=2007&cDateMonth=12&cDateDay=19&
195,"GM코리아, 사브 특별 프로모션 실시",http://www.moneytoday.co.kr/view/mtview.php?type=1&no=2007121710593631809&outlink=1
196,"[M자동차] GM코리아, 사브 블로그 오픈",http://www.dt.co.kr/contents.html?article_no=2008102002011132718005
197,中 베이징車 '2억弗' 사브 기술 이전,http://www.asiae.co.kr/news/view.htm?idxno=2009122320320008910
198,"GM, 사브 생산 감축...파산신청은 부인",http://www.newspim.com/sub_view.php?cate1=4&cate2=1&news_id=295684
199,"GM, 사브 매각 실패..단계적 폐쇄",http://www.moneytoday.co.kr/view/mtview.php?type=1&no=2009121823125189833&outlink=1
200,"GM, 사브 매각 실패..단계적 폐쇄",http://www.moneytoday.co.kr/view/mtview.php?type=1&no=2009121823125189833&outlink=1
201,"GM, 사브 인수업체로 ‘파이커’ 급부상",http://www.fnnews.com/view?ra=Sent1101m_01A&corp=fnnews&arcid=00000921845343&cDateYear=2009&cDateMonth=12&cDateDay=14&
202,네덜란드 스포츠카업체 `사브` 인수 유력,http://news.mk.co.kr/news_forward.php?no=642385&year=2009
203,사브 '스포츠 디젤' 출시,http://www.cbs.co.kr/Nocut/Show.asp?IDX=228135
204,스칸디나비아에서 온 자동차…볼보 VS 사브,http://www.moneytoday.co.kr/view/mtview.php?type=1&no=2006040602532212749&outlink=1
205,국내 단 7대만 판매되는 사브 스포츠세단 터보X 출시.,http://www.heraldbiz.com/SITE/data/html_dir/2008/07/14/200807140310.asp
206,"사브, 후방충돌시 가장 안전",http://www.moneytoday.co.kr/view/mtview.php?type=1&no=2005112811322855716&outlink=1
207,"GM코리아, ‘사브’ 신차발표회 가져",https://news.naver.com/main/read.naver?mode=LSD&mid=sec&sid1=103&oid=112&aid=0000029874
208,GM코리아 캐딜락 사브 일부 모델 자발적 리콜 실시,https://news.naver.com/main/read.naver?mode=LSD&mid=sec&sid1=105&oid=029&aid=0000107855
209,GM 캐딜락·사브 리니어 등 611대 '리콜',https://news.naver.com/main/read.naver?mode=LSD&mid=sec&sid1=101&oid=047&aid=0000066200
210,"사브, 첫 디젤모델 출시..""한국 디젤시장 공략""",http://www.edaily.co.kr/news/newspath.asp?newsid=01626886579847936
211,스칸디나비아에서 온 자동차…볼보 VS 사브,http://www.moneytoday.co.kr/view/mtview.php?type=1&no=2006040602532212749&outlink=1
212,국내 단 7대만 판매되는 사브 스포츠세단 터보X 출시.,http://www.heraldbiz.com/SITE/data/html_dir/2008/07/14/200807140310.asp
213,"사브, 후방충돌시 가장 안전",http://www.moneytoday.co.kr/view/mtview.php?type=1&no=2005112811322855716&outlink=1
214,"GM코리아, ‘사브’ 신차발표회 가져",https://news.naver.com/main/read.naver?mode=LSD&mid=sec&sid1=103&oid=112&aid=0000029874
215,GM코리아 캐딜락 사브 일부 모델 자발적 리콜 실시,https://news.naver.com/main/read.naver?mode=LSD&mid=sec&sid1=105&oid=029&aid=0000107855
216,GM 캐딜락·사브 리니어 등 611대 '리콜',https://news.naver.com/main/read.naver?mode=LSD&mid=sec&sid1=101&oid=047&aid=0000066200
217,"GM코리아, 캐딜락-사브 고객 무상점검 서비스",http://www.edaily.co.kr/news/newspath.asp?newsid=01735126583127280
218,GM 사브 신모델 2종 출시,http://www.hankyung.com/news/app/newsview.php?aid=200902058093g
219,영국 자동차 후방충돌 실험 볼보ㆍ사브 ‘최고’ BMW ‘최하’,https://news.naver.com/main/read.naver?mode=LSD&mid=sec&sid1=105&oid=029&aid=0000121497
220,"GM코리아, 캐딜락-사브 고객 무상점검 서비스",http://www.edaily.co.kr/news/newspath.asp?newsid=01735126583127280
221,GM 사브 신모델 2종 출시,http://www.hankyung.com/news/app/newsview.php?aid=200902058093g
222,영국 자동차 후방충돌 실험 볼보ㆍ사브 ‘최고’ BMW ‘최하’,https://news.naver.com/main/read.naver?mode=LSD&mid=sec&sid1=105&oid=029&aid=0000121497
223,"GM, 사브 디자인 공모전 막내려",http://www.moneytoday.co.kr/view/mtview.php?type=1&no=2006120511450169209&outlink=1
224,"캐딜락-사브, 추석맞이 프로모션 실시",http://www.autotimes.co.kr/article_view.php?id=34529
225,[COVER STORY] 수입차시장 새판짜기‥ 캐딜락 & 사브,https://news.naver.com/main/read.naver?mode=LSD&mid=sec&sid1=101&oid=050&aid=0000004572
226,"사브 터보 X, ″7대 한정 판매한다″",http://www.nspna.com/news/index.html?mode=view&cate1_id=6&cate2_id=45&number=9907
227,[모터쇼 지상중계] 캐딜락.사브 '매트릭스 2' 등장 車 전시,https://news.naver.com/main/read.naver?mode=LSD&mid=sec&sid1=101&oid=009&aid=0000290121
228,"GM코리아, 현대백화점과 사브경품 행사",https://news.naver.com/main/read.naver?mode=LSD&mid=sec&sid1=101&oid=018&aid=0000207473
229,사브가 모양을 바꿨다,https://news.naver.com/main/read.naver?mode=LSD&mid=sec&sid1=101&oid=009&aid=0000266348
230,사브가 모양을 바꿨다,https://news.naver.com/main/read.naver?mode=LSD&mid=sec&sid1=101&oid=009&aid=0000266348
231,“2008년은 캐딜락·사브 부흥의 해”,http://www.autotimes.co.kr/article_view.php?id=31781
232,"사브 ""3.9% 저리할부로 구입하세요""",http://www.cbs.co.kr/Nocut/Show.asp?IDX=227061
233,GM코리아 뉴 사브 시리즈 출시,https://news.naver.com/main/read.naver?mode=LSD&mid=sec&sid1=101&oid=009&aid=0000180677
234,사진으로 보는 사브 '터보 X' - 외관,http://aving.net/atc/read.asp?c_num=94126&Branch_ID=kr
235,"GM 코리아, ‘캐딜락-사브 동계 서비스 클리닉’ 열어",https://news.naver.com/main/read.naver?mode=LSD&mid=sec&sid1=101&oid=003&aid=0000254079
236,"GM코리아, 캐딜락.사브 구입시 등록세 지원",https://news.naver.com/main/read.naver?mode=LSD&mid=sec&sid1=101&oid=003&aid=0002177929
237,"자동차도 한정판 시대,“사브 터보 X, 달랑 7대만 팝니다”",http://www.khan.co.kr/kh_news/art_view.html?artid=200807141341362&code=920508
238,"[한경 Auto가 만난 사람] 이영철 GM코리아 대표 ""캐딜락.사브 한국 소비자 반응 기대 이상""",http://www.hankyung.com/news/app/newsview.php?aid=2008061132921
239,"[10월 신차판매조건] 캐딜락, 사브 최고 250만원 지원",http://news.mk.co.kr/news_forward.php?no=612194&year=2008
240,"[한경 Auto가 만난 사람] 이영철 GM코리아 대표 ""캐딜락.사브 한국 소비자 반응 기대 이상""",http://www.hankyung.com/news/app/newsview.php?aid=2008061132921
241,"[10월 신차판매조건] 캐딜락, 사브 최고 250만원 지원",http://news.mk.co.kr/news_forward.php?no=612194&year=2008
242,"GM코리아, '2008 캐딜락-사브 하계 서비스 클리닉' 실시",http://aving.net/atc/read.asp?c_num=86428&Branch_ID=kr
243,"GM코리아, 백화점에 캐딜락 및 사브 전시",http://www.edaily.co.kr/news/newsread.asp?newsid=01659686576705368&curType=read
244,"GM코리아, 4월까지 뉴 사브에 내비게이션 무료장착",http://www.nspna.com/news/index.html?mode=view&cate1_id=6&cate2_id=33&number=8762
245,"베이징자동차, 사브 자산 인수",http://www.moneytoday.co.kr/view/mtview.php?type=1&no=2009121408000691985&outlink=1
246,<단신>현대白 본점서 사브 경품 행사 등,https://news.naver.com/main/read.naver?mode=LSD&mid=sec&sid1=101&oid=021&aid=0000084238
247,"GM코리아 ""사브, 세계시장 판매급증""",https://news.naver.com/main/read.naver?mode=LSD&mid=sec&sid1=101&oid=008&aid=0000327577
248,GM코리아 사브2002년형 모델 출시,https://news.naver.com/main/read.naver?mode=LSD&mid=sec&sid1=104&oid=015&aid=0000468421
249,"GM코리아, 5월 한달간 사브 전차종 특별 리스 프로그램 적용",https://news.naver.com/main/read.naver?mode=LSD&mid=sec&sid1=105&oid=029&aid=0000136881
250,"사브, 목부상 보호 최고 안전 등급 획득",http://www.edaily.co.kr/news/newsread.asp?newsid=02135286576770312&curType=read
251,"GM코리아, '가을맞이 사브 특별 프로모션' 실시",http://www.moneytoday.co.kr/view/mtview.php?type=1&no=2006090811472690763&outlink=1
252,"[GM 2월 판매조건]사브와 캐딜락, 재고 20%까지 할인",http://news.mk.co.kr/news_forward.php?no=81036&year=2009
253,"캐딜락과 사브, 여름나기 준비하세요",http://news.mk.co.kr/news_forward.php?no=266918&year=2009
254,[기업마케팅 총공세―GM코리아] 캐딜락·사브 인기…신차도 속속 선봬,https://news.naver.com/main/read.naver?mode=LSD&mid=sec&oid=014&aid=0000119288
255,사브 승용차 93대 리콜 실시..화재우려 결함,https://news.naver.com/main/read.naver?mode=LSD&mid=sec&sid1=103&oid=018&aid=0000270806
256,"[Car & Oil] GM코리아, 캐딜락-사브 겨울서비스 클리닉",http://news.mk.co.kr/news_forward.php?no=620707&year=2007
257,GM 캐딜락·사브 돌풍 매섭다,https://news.naver.com/main/read.naver?mode=LSD&mid=sec&sid1=101&oid=014&aid=0000108856
258,"금호타이어, 사브(Saab)에 타이어 첫 공급",https://news.naver.com/main/read.naver?mode=LSD&mid=sec&sid1=101&oid=015&aid=0000570082
259,"GM코리아, 사브 판매 호조",https://news.naver.com/main/read.naver?mode=LSD&mid=sec&sid1=105&oid=029&aid=0000044189
260,캐딜락ㆍ사브 인기모델 구입객에 세제 등 혜택,https://news.naver.com/main/read.naver?mode=LSD&mid=sec&sid1=101&oid=001&aid=0002301077
261,뉴사브 93 컨버터블 시판,https://news.naver.com/main/read.naver?mode=LSD&mid=sec&sid1=101&oid=004&aid=0000007829
262,캐딜락ㆍ사브 고객 시승 행사,https://news.naver.com/main/read.naver?mode=LSD&mid=sec&sid1=101&oid=001&aid=0002547108
263,［짧은 소식］스포츠세단 뉴사브 시판,https://news.naver.com/main/read.naver?mode=LSD&mid=sec&sid1=101&oid=032&aid=0000002098
264,"GM코리아, 캐딜락·사브 무상점검 실시",http://www.ajnews.co.kr/uhtml/read.jsp?idxno=200911051647306640360
265,"사브, 가을맞이 특별 프로모션 실시",http://www.edaily.co.kr/news/newspath.asp?newsid=01997526579978152
266,"GM코리아, 사브 안전운전 교실 개최",https://news.naver.com/main/read.naver?mode=LSD&mid=sec&sid1=101&oid=001&aid=0000285974
267,"사브, 스포츠세단 시판",https://news.naver.com/main/read.naver?mode=LSD&mid=sec&sid1=101&oid=009&aid=0000503222
268,투스카니ㆍ쎄라토ㆍ사브 컨버터블 등 리콜,https://news.naver.com/main/read.naver?mode=LSD&mid=sec&sid1=101&oid=001&aid=0000983403
269,"GM코리아, 사브 차량 경품으로 제공",https://news.naver.com/main/read.naver?mode=LSD&mid=sec&sid1=101&oid=001&aid=0000800268
270,GM `캐딜락·사브` 611대 제작결함.. 리콜실시,https://news.naver.com/main/read.naver?mode=LSD&mid=sec&sid1=101&oid=018&aid=0000289715
271,"GM코리아, 사브 인센티브 프로그램 실시",http://www.moneytoday.co.kr/view/mtview.php?type=1&no=2006051010061466318&outlink=1
272,"GM코리아 ""캐딜락·사브 무상점검 받으세요""",http://www.moneytoday.co.kr/view/mtview.php?type=1&no=2005110709493182058&outlink=1
273,"사브, 질레트와 공동마케팅",https://news.naver.com/main/read.naver?mode=LSD&mid=sec&sid1=101&oid=018&aid=0000215877
274,"GM코리아,'뉴 사브 스포츠 세단' 경품 제공",https://news.naver.com/main/read.naver?mode=LSD&mid=sec&sid1=101&oid=008&aid=0000457151
275,"동양기전, 오펠·사브에 1106억 부품공급(상보)",https://news.naver.com/main/read.naver?mode=LSD&mid=sec&sid1=101&oid=008&aid=0000330054
276,"GM, 사브 등록세 등 지원",http://www.hankyung.com/news/app/newsview.php?aid=2006090859081
277,미 공군과 해군의 차세대 훈련기 개발 현황,http://kookbang.dema.mil.kr/newsWeb/20211202/1/BBSMSTR_000000100072/view.do
278,[자동차플러스] 3990만원짜리 사브 경품으로,https://news.naver.com/main/read.naver?mode=LSD&mid=sec&sid1=101&oid=081&aid=0000082407
279,"LG홈쇼핑, '화이트 크리스마스'면 사브 자동차 증정",https://news.naver.com/main/read.naver?mode=LSD&mid=sec&sid1=101&oid=003&aid=0000011875
280,미 공군과 해군의 차세대 훈련기 개발 현황,http://kookbang.dema.mil.kr/newsWeb/20211202/1/BBSMSTR_000000100072/view.do
281,[자동차플러스] 3990만원짜리 사브 경품으로,https://news.naver.com/main/read.naver?mode=LSD&mid=sec&sid1=101&oid=081&aid=0000082407
282,"LG홈쇼핑, '화이트 크리스마스'면 사브 자동차 증정",https://news.naver.com/main/read.naver?mode=LSD&mid=sec&sid1=101&oid=003&aid=0000011875
283,[10년 전 오늘]2008년 2월20일 자동차 뉴스,http://autotimes.hankyung.com/apps/news.sub_view?popup=0&nid=03&c1=03&c2=03&c3=00&nkey=201802191346001
284,[10년 전 오늘]2008년 1월12일 자동차 뉴스,http://autotimes.hankyung.com/apps/news.sub_view?popup=0&nid=03&c1=03&c2=03&c3=00&nkey=201801111916211
285,[10년 전 오늘]2007년 11월21일 자동차 뉴스,http://autotimes.hankyung.com/apps/news.sub_view?popup=0&nid=01&c1=01&c2=01&c3=00&nkey=201711201416221
286,"GM코리아, 9-3, 9-5 디젤모델 출시",http://www.fnnews.com/view?ra=Sent0601m_01A&corp=fnnews&arcid=090205111917&cDateYear=2009&cDateMonth=02&cDateDay=05&
287,[Test Drive]SAAB 9-3 Aero - 스칸디나비안 럭셔리 디자인에 탁월한 가속력,http://www.moneyro.com/cp/view.asp?vol_no=42&art_no=9&sec_cd=1009
288,"GM코리아, 뉴 샤브 9­3 컨버터블 출시",http://www.etnews.co.kr/news/detail.html?id=200802200194
289,"GM코리아, 가격 낮춘 9-5 선보여",http://www.e-today.co.kr/200707/news/newsview.php?TM=news&SM=0101&idxno=149067
290,"GM코리아, 가격 낮춘 9-5 선보여",http://www.e-today.co.kr/200707/news/newsview.php?TM=news&SM=0101&idxno=149067
291,"GM코리아, 9월 프로모션 진행",http://www.e-today.co.kr/200707/news/newsview.php?TM=news&SM=0101&idxno=182811
292,"GM코리아, SAAB 9-5 온라인 경매실시",https://news.naver.com/main/read.naver?mode=LSD&mid=sec&sid1=101&oid=009&aid=0000124875
293,[역사를 바꾼 자동차 M&A 명장면] 누가 GM 제국의 몰락을 가져왔나,http://magazine.hankyung.com/business/apps/news?popup=0&nid=01&c1=1002&nkey=2014042400959000181&mode=sub_view
294,車 사실분! 9월 찬스 잡으세요,http://news.mk.co.kr/news_forward.php?no=564215&year=2008
295,[자동차­단신]9종모델 무이자 등 행사 외,http://sportsworldi.segye.com/Articles/LeisureLife/Article.asp?aid=20080804002978&subctg1=35&subctg2=00
296,[한국인 이만희 평화실화 평화순방<17>9차 종합] 지칠줄 모르는 평화여정에 세계가 감동,http://www.newscj.com/news/articleView.html?idxno=889747
297,"GM코리아, 3년간 마케팅에 500억 투자",http://www.asiae.co.kr/uhtml/read.jsp?idxno=199151§ion=S1N5§ion2=S2N107
298,[시승기] 캐딜락 ATS “손맛 짜릿한 핸들링 머신”,https://www.etoday.co.kr/news/view/688587
299,미술관에 전시된 NEW SAAB 9-3,https://news.naver.com/main/read.naver?mode=LSD&mid=sec&sid1=101&oid=003&aid=0000654188
300,"GM 코리아, 3년간 500억원 마케팅 투자",https://news.naver.com/main/read.naver?mode=LSD&mid=sec&sid1=101&oid=001&aid=0001793039
301,[시승기] 캐딜락 ATS “손맛 짜릿한 핸들링 머신”,https://www.etoday.co.kr/news/view/688587
302,미술관에 전시된 NEW SAAB 9-3,https://news.naver.com/main/read.naver?mode=LSD&mid=sec&sid1=101&oid=003&aid=0000654188
303,GM코리아 3월 한달 간 `봄맞이 특별 프로모션`,http://www.dt.co.kr/contents.html?article_no=2009030902019932718003
304,[르노삼성 감원] 자동차 해외매각은 '비극의 역사',http://biz.chosun.com/site/data/html_dir/2012/09/10/2012091001527.html
305,"미리 보는 2010 파리모터쇼, 주제는 '친환경'",http://www.autotimes.co.kr/article_view.php?id=89796
306,"中 자동차 메이커, 피닌파리나와 디자인 함께 한다",http://news.mk.co.kr/news_forward.php?domain=news&no=729733&year=2010
307,"GM 올뉴CTS, 럭셔리와 스포티의 조화",http://news.mk.co.kr/news_forward.php?no=180748&year=2009
308,"GM코리아, 봄맞이 특별프로모션",http://www.fnnews.com/view?ra=Sent0601m_01A&corp=fnnews&arcid=090305174937&cDateYear=2009&cDateMonth=03&cDateDay=05&
309,[Car & Gift]단신/혼다코리아 外,http://www.donga.com/fbin/output?n=200902120039
310,[Car & Gift]단신/혼다코리아 外,http://www.donga.com/fbin/output?n=200902120039
311,[세계의 창]‘운명의 핸들’ 어디로,http://www.khan.co.kr/kh_news/art_view.html?artid=200906031427535&code=900315
312,"GM, 디젤 세단 잇따라 출시",http://www.heraldbiz.com/SITE/data/html_dir/2009/02/05/200902050359.asp
313,"GM코리아, 10월 등록·취득세 지원 프로모션",http://www.etnews.co.kr/news/detail.html?id=200810070229
314,"GM코리아 ""10월에 차 구매하면 등록세 지원해드려요""",http://www.asiae.co.kr/uhtml/read.jsp?idxno=413697§ion=S1N5§ion2=S2N107
315,"GM코리아, 추석맞이 특별 프로모션 실시",http://aving.net/atc/read.asp?c_num=99125&Branch_ID=kr
316,'내조의 여왕' 윤사장이 타는 차는 뭘까?,http://www.asiae.co.kr/uhtml/read.jsp?idxno=2009051712261675434
317,"GM코리아, 8월 프로모션 실시",http://www.e-today.co.kr/200707/news/newsview.php?TM=news&SM=0101&idxno=177931
318,"8월, 저렴하게 캐딜락을 만나자",http://www.asiae.co.kr/uhtml/read.jsp?idxno=372871§ion=S1N5§ion2=S2N107
319,"[브리핑] 수입차 메이커, 취득세 등 지원 外",http://news20.busan.com/news/newsController.jsp?subSectionId=1010020000&newsId=20090206000260
320,"GM코리아, 8월 프로모션 실시",http://www.e-today.co.kr/200707/news/newsview.php?TM=news&SM=0101&idxno=177931
321,"8월, 저렴하게 캐딜락을 만나자",http://www.asiae.co.kr/uhtml/read.jsp?idxno=372871§ion=S1N5§ion2=S2N107
322,"[브리핑] 수입차 메이커, 취득세 등 지원 外",http://news20.busan.com/news/newsController.jsp?subSectionId=1010020000&newsId=20090206000260
323,GM코리아 디젤엔진 모델 출시,http://www.khan.co.kr/kh_news/art_view.html?artid=200902091507342&code=920508
324,[Car&Life] 수입차 지금 사라,http://www.etnews.co.kr/news/detail.html?id=200809180077
325,"GM코리아 장재준 이사, ""GM차에 대한 편견 깨 달라""",http://aving.net/atc/read.asp?c_num=86788&Branch_ID=kr
326,"'시원한' 스포츠 세단, 카 마니아들 유혹",https://news.naver.com/main/read.naver?mode=LSD&mid=sec&sid1=103&oid=011&aid=0001963495
327,"이영철 GM코리아 사장 ""명가 자존심 회복할 것""",http://www.moneytoday.co.kr/view/mtview.php?type=1&no=2008070609422822308&outlink=1
328,[드라이빙 New Car] 프리미엄 세단도 디젤 바람,https://news.naver.com/main/read.naver?mode=LSD&mid=sec&sid1=103&oid=011&aid=0001941865
329,"혼다와 GM, KBS ‘남자이야기’에 제품 협찬",http://www.autotimes.co.kr/article_view.php?id=46578
330,"혼다와 GM, KBS ‘남자이야기’에 제품 협찬",http://www.autotimes.co.kr/article_view.php?id=46578
331,"GM코리아, ‘고객 밀착형’ 마케팅 시동",http://www.e-today.co.kr/200707/news/newsview.php?TM=news&SM=0101&idxno=151748
332,"GM코리아 신차, 신세계, 롯데 백화점에서 구경하세요",http://aving.net/atc/read.asp?c_num=69333&Branch_ID=kr
333,"장재준 이사 ""GM 전국 AS센터서 24시 긴급출동 서비스""",http://news.mk.co.kr/news_forward.php?no=170353&year=2008
334,"매콤한 가속력, 운전하는 재미가 있다",http://www.hani.co.kr/arti/specialsection/esc_section/256656.html
335,신차 출시로 본 2008년 수입차 시장[수입차의 허와실,http://www.asiae.co.kr/uhtml/read.jsp?idxno=210103§ion=S1N5§ion2=S2N107
336,시승이벤트 한창… 수입차의 유혹 “일단 한번 타시지요”,http://www.donga.com/fbin/output?n=200903160203
337,美 수입차 판매 부활 하나,http://www.edaily.co.kr/news/newspath.asp?newsid=02128726586408592
338,"GM코리아, 다양한 7월 프로모션 진행",http://www.e-today.co.kr/200707/news/newsview.php?TM=news&SM=0101&idxno=173563
339,[News Digest]혼다 휴가철 할인 사은행사,http://www.prosumero.com/cp/view.asp?vol_no=12&art_no=44&sec_cd=0005
340,"GM코리아, 특별 프로모션 실시해",http://www.nspna.com/news/index.html?mode=view&cate1_id=6&cate2_id=45&number=9795
341,[News Digest]혼다 휴가철 할인 사은행사,http://www.prosumero.com/cp/view.asp?vol_no=12&art_no=44&sec_cd=0005
342,[시승기]150마력의 파워ㆍ부드러운 코너링 ‘길 위의 제트기’,http://www.heraldbiz.com/SITE/data/html_dir/2007/07/10/200707100048.asp
343,수입 디젤 자동차 몰려온다,http://www.fnnews.com/view?ra=Sent0601m_01A&corp=fnnews&arcid=0921013503&cDateYear=2007&cDateMonth=05&cDateDay=30&
344,中 BAIC '독자 브랜드' 숙원 풀까,http://www.asiae.co.kr/news/view.htm?idxno=2009121513411844975
345,"GM코리아 ""내비게이션 무료 장착 해드려요""",http://www.edaily.co.kr/news/newspath.asp?newsid=02194326586378416
346,[오토단신]경영진이 직접 운전 모하비 품질 점검 外,http://www.khan.co.kr/kh_news/art_view.html?artid=200712231717391&code=920508
347,수입차 신모델 연말 ‘한판승부’,http://www.fnnews.com/view?ra=Sent0701m_01A&corp=fnnews&arcid=071115002501&cDateYear=2007&cDateMonth=11&cDateDay=15&
348,수입차 신모델 연말 ‘한판승부’,http://www.fnnews.com/view?ra=Sent0601m_01A&corp=fnnews&arcid=0921151780&cDateYear=2007&cDateMonth=11&cDateDay=14&
349,"[수입차-쉘 위 드라이브?] 질주본능 TURBO, 거부할수 없는 매력",https://news.naver.com/main/read.naver?mode=LSD&mid=sec&sid1=103&oid=011&aid=0000204685
350,"[수입차-쉘 위 드라이브?] 질주본능 TURBO, 거부할수 없는 매력",https://news.naver.com/main/read.naver?mode=LSD&mid=sec&sid1=103&oid=011&aid=0000204685
351,연말 중저가 수입차가 몰려온다,https://news.naver.com/main/read.naver?mode=LSD&mid=sec&sid1=103&oid=011&aid=0000207813
352,"美 IIHS, 가장 안전한 차 72종 발표…국산차 3종 포함",http://www.khan.co.kr/kh_news/art_view.html?artid=200811261730062&code=920508
353,[시승기]세단 중후함+SUV 역동성…탁월한 순간가속 매력적,http://www.heraldbiz.com/SITE/data/html_dir/2006/08/22/200608220019.asp
354,9월 수입차 판매 4109대..전년비 19.3%↑,http://www.edaily.co.kr/news/newspath.asp?newsid=01623606583289968
355,"""스칸디나비아에서 온 디젤...편견을 넘다""",http://www.moneytoday.co.kr/view/mtview.php?type=1&no=2006053111454380888&outlink=1
356,"GM코리아, 1.9TiD 엔진 장착 '스포츠 세단 디젤' 출시",http://sports.chosun.com/news/news.htm?name=/news/life/200605/20060517/65q23007.htm
357,"[기업브리핑]현대ㆍ기아차그룹, GM코리아",https://news.naver.com/main/read.naver?mode=LSD&mid=sec&sid1=101&oid=016&aid=0000208592
358,<부산모터쇼 프리뷰下> 외국업체 출품작(2),http://www.cbs.co.kr/Nocut/Show.asp?IDX=216994
359,"[기업브리핑]동원그룹, GM코리아 外",https://news.naver.com/main/read.naver?mode=LSD&mid=sec&sid1=101&oid=016&aid=0000199742
360,마이너의 반란...수입차 시장 경쟁 격화,http://www.moneytoday.co.kr/view/mtview.php?type=1&no=2006011210092031543&outlink=1
361,달릴수록 도로와 한몸… 하늘도 날것 같은 터보파워,http://www.heraldbiz.com/SITE/data/html_dir/2008/06/03/200806030016.asp
362,내년 수입차사 신차 속속 출시,http://www.kukinews.com/life/article/view.asp?page=1&gCode=cul&arcid=0920397547&cp=nv
363,[Car & Travel]이영철 사장 “명가 GM의 자존심 회복 시동”,http://www.donga.com/fbin/output?n=200711210009
364,"GM, 4월 5일 車 퍼포먼스쇼",http://www.hankyung.com/news/app/newsview.php?aid=2008032706651
365,"GM코리아, 딜러망 확대ㆍ줄줄이 신차 출시",http://www.asiae.co.kr/uhtml/read.jsp?idxno=197955§ion=S1N5§ion2=S2N107
366,"[심층취재2] 제철 만난 컨버터블카..활짝 열고 달려보자, 봄길!",https://news.naver.com/main/read.naver?mode=LSD&mid=sec&sid1=114&oid=050&aid=0000003021
367,"[Car & Travel]“한국차, 디자인 정체성 더 키워야”",http://www.donga.com/fbin/output?n=200712180010
368,스포츠 세단 한번 뽑아볼까?,https://news.naver.com/main/read.naver?mode=LSD&mid=sec&sid1=103&oid=112&aid=0000029671
369,2월 12일 오토 브리핑,http://www.hani.co.kr/arti/economy/car/338192.html
370,2월 12일 오토 브리핑,http://www.hani.co.kr/arti/economy/car/338192.html
371,"GM, 한국상륙 100년… 식지않는 인기",https://news.naver.com/main/read.naver?mode=LSD&mid=sec&sid1=103&oid=016&aid=0000156990
372,'친환경 디젤차' 판매 전쟁 불붙었다,https://news.naver.com/main/read.naver?mode=LSD&mid=sec&sid1=101&oid=011&aid=0001988995
373,"[서울모터쇼]GM, 美 스포츠카 자존심 '콜벳' 공개",http://www.moneytoday.co.kr/view/mtview.php?type=1&no=2005042809415121216&outlink=1
374,수입 신차 쏟아진다…내달 10여개 모델 국내시장 '노크',https://news.naver.com/main/read.naver?mode=LSD&mid=sec&sid1=101&oid=015&aid=0000868696
375,"GM "" 한국에서도 PPL로 재미 볼까""",https://news.naver.com/main/read.naver?mode=LSD&mid=sec&sid1=101&oid=018&aid=0000242223
376,"GM코리아, 지인모터스와 광주, 호남 지역 딜러쉽 계약 체결",http://aving.net/atc/read.asp?c_num=84429&Branch_ID=kr
377,"GM 코리아, 2003 KTRD 오픈골프대회 후원",https://news.naver.com/main/read.naver?mode=LSD&mid=sec&sid1=105&oid=029&aid=0000044876
378,"GM코리아, '2003 KTRD 오픈골프대회' 후원",https://news.naver.com/main/read.naver?mode=LSD&mid=sec&sid1=101&oid=008&aid=0000330168
379,"[기업] GM코리아, 스포츠세단시장 공략",https://news.naver.com/main/read.naver?mode=LSD&mid=sec&sid1=101&oid=008&aid=0000229977
380,"[단신]기아차, ‘그랜버드’ 대형버스 3년 연속 1위 外",http://www.donga.com/fbin/output?n=200701180107
381,"GM코리아, 롯데월드면세점과 공동 프로모션 실시",http://www.moneytoday.co.kr/view/mtview.php?type=1&no=2006062014492782238&outlink=1
382,"대우자판[04550], 수입차도 신개념 할부마케팅",https://news.naver.com/main/read.naver?mode=LSD&mid=sec&sid1=101&oid=001&aid=0000335906
383,"GM코리아, ‘새해맞이 특별 프로모션’ 실시",http://www.moneytoday.co.kr/view/mtview.php?type=1&no=2007011211261740826&outlink=1
384,세계 名車가 온다 .. GM코리아등 상반기 대거 출시...판촉전쟁 예고,https://news.naver.com/main/read.naver?mode=LSD&mid=sec&sid1=101&oid=015&aid=0000472278
385,"""외제차 병행 수입 환영합니다""",http://www.moneytoday.co.kr/view/mtview.php?type=1&no=2007111210495394208&outlink=1
386,수입차 업계 2만대 시장 선점 경쟁 치열,https://news.naver.com/main/read.naver?mode=LSD&mid=sec&sid1=101&oid=047&aid=0000028933
387,시속 200km돌파 '미니 수퍼카' 경쟁,http://www.moneytoday.co.kr/view/mtview.php?type=1&no=2005122702140634359&outlink=1
388,"GM, 프리미엄 수입차시장 ‘가속 페달’",http://www.donga.com/fbin/output?n=200710230084
389,"GM코리아, ""백화점에서 캐딜락 만나요""",http://www.moneytoday.co.kr/view/mtview.php?type=1&no=2005093010425533883&outlink=1
390,"수입車 ""여성고객을 잡아라""",https://news.naver.com/main/read.naver?mode=LSD&mid=sec&sid1=101&oid=016&aid=0000126226
391,[오토브리핑] 무상점검·보증기간 혜택 확대 外,https://news.naver.com/main/read.naver?mode=LSD&mid=sec&sid1=102&oid=082&aid=0000053022
392,수입차 영업망 확대 잇따라,https://news.naver.com/main/read.naver?mode=LSD&mid=sec&sid1=101&oid=009&aid=0000186229
393,새해 벽두부터 新車경쟁,https://news.naver.com/main/read.naver?mode=LSD&mid=sec&sid1=101&oid=009&aid=0000182111
394,"GM 코리아, 현대백화점 압구정본점과 공동마케팅",https://news.naver.com/main/read.naver?mode=LSD&mid=sec&sid1=101&oid=003&aid=0000088341
395,"[기업] 2003수입차모터쇼, 무역전시관서 개막",https://news.naver.com/main/read.naver?mode=LSD&mid=sec&sid1=101&oid=008&aid=0000278022
396,"[car & marketing] ""한국내 마케팅은 최상위 계층이 타깃""",https://news.naver.com/main/read.naver?mode=LSD&mid=sec&sid1=101&oid=009&aid=0000367283
397,"<2천㏄급 수입차, 최대 3천만원 차이나네>",https://news.naver.com/main/read.naver?mode=LSD&mid=sec&sid1=103&oid=001&aid=0001395542
398,[수입車 ‘삼국지’－미국차]신모델·딜러망 확대 선두 추격,https://news.naver.com/main/read.naver?mode=LSD&mid=sec&sid1=101&oid=014&aid=0000190162
399,"GM코리아 김근탁 사장, “올해 판매목표 1000대""",https://news.naver.com/main/read.naver?mode=LSD&mid=sec&sid1=101&oid=112&aid=0000039394
400,"""최고 AS로 신뢰 쌓겠다""",https://news.naver.com/main/read.naver?mode=LSD&mid=sec&sid1=101&oid=016&aid=0000209226
401,[자동차·정유업계 5월 大축제]GM코리아，재구매 고객 차값 할인혜택,https://news.naver.com/main/read.naver?mode=LSD&mid=sec&sid1=101&oid=014&aid=0000173998
402,`고급 신모델` 수입차 달려온다,https://news.naver.com/main/read.naver?mode=LSD&mid=sec&sid1=101&oid=021&aid=0000105113
403,수입차 ‘왜건’몰려온다,http://www.khan.co.kr/kh_news/art_view.html?artid=200601301715521&code=920401
404,"[오토파일]한국타이어 장착차 1,3위 外",https://news.naver.com/main/read.naver?mode=LSD&mid=sec&sid1=103&oid=020&aid=0000264606
405,서울모터쇼 전시 브랜드카 DNA 알아보기,https://news.naver.com/main/read.naver?mode=LSD&mid=sec&sid1=103&oid=020&aid=0000297021
406,<비즈뉴스>국제항공운송協서 품질 인증外,https://news.naver.com/main/read.naver?mode=LSD&mid=sec&sid1=101&oid=021&aid=0000011293
407,"[거래소] GM코리아, 대우자판과 판매 및 서비스 계약",https://news.naver.com/main/read.naver?mode=LSD&mid=sec&sid1=101&oid=008&aid=0000201133
408,[카라이프] 수입신차 국내마니아 유혹 `시동`,https://news.naver.com/main/read.naver?mode=LSD&mid=sec&sid1=105&oid=029&aid=0000013284
409,"스웨덴 사브, 조기경보기 ‘글로벌아이’ 2호기 UAE에 인도",http://www.segye.com/content/html/2020/10/14/20201014527622.html?OutUrl=naver
410,< 중앙송고기사 LIST >,https://news.naver.com/main/read.naver?mode=LSD&mid=sec&sid1=111&oid=001&aid=0000284904
411,"사브도 중국 손에…中 에버그란데 그룹, NEVS 지분 51% 확보",http://it.chosun.com/site/data/html_dir/2019/01/17/2019011702774.html
412,"한국GM·GM코리아, '죽음의 에어백' 다카타 에어백 차량 뒤늦게 리콜 결정",http://news.sbs.co.kr/news/endPage.do?news_id=N1004761766&plink=ORI&cooper=NAVER
413,'전자 심장 달고' 부활하는 클래식 명차들,http://www.sporbiz.co.kr/news/articleView.html?idxno=180274
414,"‘다카타 에어백’ GM차, 결국 뒤늦게 리콜",http://sports.donga.com/3/all/20180517/90133610/3
415,[2018년 車 전망] 친환경차 大戰 본격화...세단·SUV·고성능차 전부문 확산,http://biz.chosun.com/site/data/html_dir/2017/12/29/2017122900037.html
416,"中 자동차 스타트업들, 속속 전기차 출시…테슬라 반값",http://app.yonhapnews.co.kr/YNA/Basic/SNS/r.aspx?c=AKR20171218145300009&did=1195m
417,"中 스타트업, 반값 전기차 속속 출시…테슬라 위협할까",http://www.etnews.com/20171219000131
418,"바이두 투자한 니오, 테슬라 위협?...첫 SUV 전기차 반값에",http://biz.chosun.com/site/data/html_dir/2017/12/24/2017122400337.html
419,"[하수정의 오로라를 따라서] 볼보와 사브, 다른 출발 같은 운명?",http://www.hani.co.kr/arti/economy/economy_general/945669.html
420,[2018년 車 전망] 친환경차 大戰 본격화...세단·SUV·고성능차 전부문 확산,http://biz.chosun.com/site/data/html_dir/2017/12/29/2017122900037.html
421,"中 자동차 스타트업들, 속속 전기차 출시…테슬라 반값",http://app.yonhapnews.co.kr/YNA/Basic/SNS/r.aspx?c=AKR20171218145300009&did=1195m
422,"中 스타트업, 반값 전기차 속속 출시…테슬라 위협할까",http://www.etnews.com/20171219000131
423,"바이두 투자한 니오, 테슬라 위협?...첫 SUV 전기차 반값에",http://biz.chosun.com/site/data/html_dir/2017/12/24/2017122400337.html
424,"[하수정의 오로라를 따라서] 볼보와 사브, 다른 출발 같은 운명?",http://www.hani.co.kr/arti/economy/economy_general/945669.html
425,[양낙규의 Defense photo]한국시장 도전장 '사브사의 글로벌아이',https://view.asiae.co.kr/article/2020050810333626810
426,중국서 ‘9-3’ 전기차 생산 계획..‘사브’ 브랜드 부활하나?,http://www.dailycar.co.kr/content/news.html?type=view&autoId=33941
427,GM 자회사 기구한 운명,https://news.naver.com/main/read.naver?mode=LSD&mid=sec&sid1=101&oid=011&aid=0002246175
428,오픈카의 유혹…바람을 가르고 달린다,http://news.mk.co.kr/news_forward.php?no=320634&year=2009
429,수입차 ‘작은 놈＋강한 놈＋멋진 놈’이 뜬다,http://news.mk.co.kr/news_forward.php?no=248293&year=2009
430,수입차 ‘작은 놈＋강한 놈＋멋진 놈’이 뜬다,http://news.mk.co.kr/news_forward.php?no=248293&year=2009
431,"GM코리아, 여름 앞두고 무상점검 서비스",http://www.asiae.co.kr/uhtml/read.jsp?idxno=2009050711344426292
432,[M자동차] `신차 경쟁` 연말까지 속도 낸다,http://www.dt.co.kr/contents.html?article_no=2008090802011132718002
433,미리 가 본 제네바모터쇼… 불황기 화두는 소형·친환경 자동차,http://www.segye.com/Articles/NEWS/ECONOMY/Article.asp?aid=20090302003555&subctg1=&subctg2=
434,"[7월 신차 판매 조건] GM코리아, 등록세 지원 및 저금리 할부",http://news.mk.co.kr/news_forward.php?no=424654&year=2008
435,"GM코리아, 내비게이션 무료 장착 프로모션 실시",http://www.etnews.co.kr/news/detail.html?id=200804210255
436,[오토단신]로체 어드밴스 새 모델 출시 外,http://www.khan.co.kr/kh_news/art_view.html?artid=200711251728271&code=920508
437,[자동차 파일] ‘2008 올스타상’에 볼보 C30 外,http://www.donga.com/fbin/output?n=200801010053
438,"[뉴 에이지 Driving] ""내 스타일에 맞게…주머니 사정에 맞게…""",https://news.naver.com/main/read.naver?mode=LSD&mid=sec&sid1=101&oid=011&aid=0001953608
439,거품 뺀 ‘중저가 수입차’ 몰려온다,http://sports.khan.co.kr/news/sk_index.html?cat=view&art_id=200711252144533&sec_id=562401&pt=nv
440,거품 뺀 ‘중저가 수입차’ 몰려온다,http://sports.khan.co.kr/news/sk_index.html?cat=view&art_id=200711252144533&sec_id=562401&pt=nv
441,페라리 디자이너 제이슨 카스트리오타 사브로 옮겨,https://news.naver.com/main/read.naver?mode=LSD&mid=sec&sid1=102&oid=011&aid=0002074288
442,"""오픈카 타고 봄바람 맞아볼까""",http://www.moneytoday.co.kr/view/mtview.php?type=1&no=2007032318255066625&outlink=1
443,"GM코리아, 딜러망 강화..M&M과 서비스계약 체결",http://www.edaily.co.kr/news/newspath.asp?newsid=02200886583134496
444,"GM, 7월 특별 프로모션 진행",http://www.autotimes.co.kr/article_view.php?id=33608
445,"GM코리아, 프리미엄 수입차 시장공략 강화",http://www.edaily.co.kr/news/newspath.asp?newsid=02040166583295544
446,내게 어울리는 수입차 골라볼까 ‥ 출퇴근族ㆍ여행男ㆍ쇼핑女,http://www.hankyung.com/news/app/newsview.php?aid=2006092354851
447,GM코리아 여름 할인 이벤트 실시,http://www.etnews.co.kr/news/detail.html?id=200807310138
448,신차 대행진 … 국내외 80여종 '데뷔 레이스',https://news.naver.com/main/read.naver?mode=LSD&mid=sec&sid1=101&oid=015&aid=0000860803
449,"美IIHS, 폭스바겐CC·쏘나타 ‘안전’…BMW·렉서스·인피니티는 ‘탈락’",http://www.fnnews.com/view?ra=Sent0601m_01A&corp=fnnews&arcid=11061815092844&cDateYear=2011&cDateMonth=06&cDateDay=18&
450,"美IIHS, 폭스바겐CC·쏘나타 ‘안전’…BMW·렉서스·인피니티는 ‘탈락’",http://www.fnnews.com/view?ra=Sent0601m_01A&corp=fnnews&arcid=11061815092844&cDateYear=2011&cDateMonth=06&cDateDay=18&
451,"美IIHS, 폭스바겐CC·쏘나타 '안전'…BMW·렉서스·인피니티 '탈락'",http://www.segye.com/Articles/NEWS/ECONOMY/Article.asp?aid=20110617002433&subctg1=&subctg2=
452,3000만원대 수입차 선택폭 넓어졌다,https://news.naver.com/main/read.naver?mode=LSD&mid=sec&sid1=101&oid=015&aid=0000851546
453,[차ㆍ차ㆍ차] 관심모델,https://news.naver.com/main/read.naver?mode=LSD&mid=sec&sid1=110&oid=009&aid=0000411472
454,"겨울 오픈카 ""난 칼바람에 뚜껑을 열었을 뿐이고""",http://news.mk.co.kr/news_forward.php?no=786168&year=2008
455,[카패트롤]내달 2일까지 영어캠프 외,http://www.segye.com/Service5/ShellView.asp?TreeID=1052&PCode=0007&DataID=200701181140000084
456,"GM코리아, 내년 판매 1100대..스포츠카 `콜벳`런칭",http://www.edaily.co.kr/news/newsread.asp?newsid=01285766576795240&curType=read
457,"수입차, 드라마 마케팅 활발",https://news.naver.com/main/read.naver?mode=LSD&mid=sec&sid1=101&oid=001&aid=0002593107
458,"GM코리아, 비행기로 '캐딜락 STS'를 공수하라",http://www.moneytoday.co.kr/view/mtview.php?type=1&no=2005112209512820681&outlink=1
459,[2006 부산 국제 국제모터쇼]최고급 세단 눈높은 소비자 유혹,https://news.naver.com/main/read.naver?mode=LSD&mid=sec&sid1=101&oid=014&aid=0000222810
460,[2006 부산 국제 국제모터쇼]최고급 세단 눈높은 소비자 유혹,https://news.naver.com/main/read.naver?mode=LSD&mid=sec&sid1=101&oid=014&aid=0000222810
461,공세적 투자·서비스로 ‘급커브’,http://www.hani.co.kr/arti/economy/car/244842.html
462,"GM코리아, 여름 특별 프로모션 실시",http://www.e-today.co.kr/200707/news/newsview.php?TM=news&SM=0101&idxno=169372
463,[수입차 업체 바빠진 10월 한달] 올해 '장사' 결산 총력전,https://news.naver.com/main/read.naver?mode=LSD&mid=sec&sid1=101&oid=015&aid=0000746639
464,"GM코리아, 여름철 서비스 클리닉 열어",http://www.moneytoday.co.kr/view/mtview.php?type=1&no=2007050909170750398&outlink=1
465,"GM코리아, 프리미엄 수입차 시장 겨냥",https://news.naver.com/main/read.naver?mode=LSD&mid=sec&sid1=101&oid=011&aid=0000203805
466,[수입차 맞춤형 시대] '스포츠세단' 아찔한 매력이 온다,https://news.naver.com/main/read.naver?mode=LSD&mid=sec&sid1=101&oid=011&aid=0000129028
467,자동차 내부는 지금 '디자인 혁명',https://news.naver.com/main/read.naver?mode=LSD&mid=sec&sid1=103&oid=011&aid=0000170195
468,"GM코리아, 새해 특별 프로모션 실시",https://news.naver.com/main/read.naver?mode=LSD&mid=sec&sid1=101&oid=001&aid=0001518964
469,"GM 코리아, 류시원 박용하 홍보대사 위촉",https://news.naver.com/main/read.naver?mode=LSD&mid=sec&sid1=101&oid=018&aid=0000107662
470,"GM 코리아, 류시원 박용하 홍보대사 위촉",https://news.naver.com/main/read.naver?mode=LSD&mid=sec&sid1=101&oid=018&aid=0000107662
471,"[자동차세상]꿈의차 총집합 ""환상여행 출발""",https://news.naver.com/main/read.naver?mode=LSD&mid=sec&sid1=101&oid=008&aid=0000271291
472,[오토월드]산이나 바다로 떠날 때 “바캉스車 내가 제격”,https://news.naver.com/main/read.naver?mode=LSD&mid=sec&sid1=103&oid=020&aid=0000244571
473,"밥줘, 굿모닝 프레지던트…저기 나온 멋진차 뭘까?",http://www.khan.co.kr/kh_news/art_view.html?artid=200910091357292&code=920508
474,[자동차 봄날이 온다] 수입차는 비싸다? \“편견을 버려\“,https://news.naver.com/main/read.naver?mode=LSD&mid=sec&oid=011&aid=0000024188
475,외제車 바람타고 재기 날갯짓,https://news.naver.com/main/read.naver?mode=LSD&mid=sec&sid1=101&oid=009&aid=0000333720
476,"[Car & Travel]더 강해진 터보, 그들이 몰려온다",http://www.donga.com/fbin/output?n=200706140027
477,"GM코리아, 전 차종 대상 '프리서비스위크' 실시",http://www.moneytoday.co.kr/view/mtview.php?type=1&no=2005050210042381793&outlink=1
478,"[비즈파일]현대차, 151마력 ‘투싼 파워-업’ 모델 출시 外",http://www.donga.com/fbin/output?n=200801050045
479,미국산 자동차 가격 인하 러시,http://www.moneytoday.co.kr/view/mtview.php?type=1&no=2007121710074818878&outlink=1
480,미국산 자동차 가격 인하 러시,http://www.moneytoday.co.kr/view/mtview.php?type=1&no=2007121710074818878&outlink=1
481,"GM코리아, 봄맞이 특별 프로모션 실시",http://www.autotimes.co.kr/article_view.php?id=44260
482,경유값 내리고 친환경 엔진에 연비도 굿…디젤차 질주 시작됐다,http://www.segye.com/Articles/NEWS/ECONOMY/Article.asp?aid=20090511002893&subctg1=&subctg2=
483,[수입차] AS망 늘리고 파격적인 경품 사은품 제공,https://news.naver.com/main/read.naver?mode=LSD&mid=sec&sid1=101&oid=009&aid=0000189106
484,"GM코리아, 10월 특별 프로모션 실시",http://www.autotimes.co.kr/article_view.php?id=35090
485,"꿈의 차, 미래를 달리다",https://news.naver.com/main/read.naver?mode=LSD&mid=sec&sid1=114&oid=036&aid=0000001709
486,[M자동차] 유럽산 수입차 `비상등`,http://www.dt.co.kr/contents.html?article_no=2006101602011632614001
487,오픈카 제철 맞아 실용성 갖춘 모델 속속 등장,https://news.naver.com/main/read.naver?mode=LSD&mid=sec&sid1=103&oid=076&aid=0000001447
488,미국서 충돌안전 우수차에 혼다차 가장 많이 선정,http://www.autotimes.co.kr/article_view.php?id=37020
489,美 '가장 안전한 車'에 현대.기아 4개차 선정,https://news.naver.com/main/read.naver?mode=LSD&mid=sec&sid1=104&oid=001&aid=0002381271
490,GM코리아― M&M 딜러쉽 계약,http://www.fnnews.com/view?ra=Sent0601m_01A&corp=fnnews&arcid=0921014821&cDateYear=2007&cDateMonth=05&cDateDay=31&
491,[오토월드]수입차 '고급스런 경쾌함'의 유혹,https://news.naver.com/main/read.naver?mode=LSD&mid=sec&sid1=101&oid=020&aid=0000157723
492,"<서울모터쇼> GM코리아 ""FTA로 5% 인하여력 생겼다""",https://news.naver.com/main/read.naver?mode=LSD&mid=sec&sid1=103&oid=001&aid=0001596999
493,[News line Econo briefing]KT&G 레종 데트르 한정 판매,http://www.moneyro.com/cp/view.asp?vol_no=32&art_no=45&sec_cd=1027
494,"카디자인의 세계, 영혼을 깨우는 힘 그리고 명차의 완성",http://news.mk.co.kr/news_forward.php?no=158429&year=2010
495,‘할인ㆍ무이자ㆍ선물까지…’ 수입차의 유혹,http://www.heraldbiz.com/SITE/data/html_dir/2009/03/14/200903140085.asp
496,'핫' 기능 알고나면 드라이빙이 즐겁다,https://news.naver.com/main/read.naver?mode=LSD&mid=sec&sid1=103&oid=011&aid=0001956451
497,디자인·실용성 겸비한 해치백 인기 몰이,https://news.naver.com/main/read.naver?mode=LSD&mid=sec&oid=003&aid=0002061130
498,[수입차] 드라마속 그 車가 생각나요,https://news.naver.com/main/read.naver?mode=LSD&mid=sec&sid1=101&oid=009&aid=0000211603
499,"미국車, 국내판매 '희비' 엇갈려",http://www.moneytoday.co.kr/view/mtview.php?type=1&no=2008032820044260699&outlink=1
